case,sim_time,elapsed_sim_time,elapsed_wall_time,gt_x,gt_y,gt_yaw,gt_vx_world,gt_vy_world,gt_wz,odom_x,odom_y,odom_yaw,odom_vx,odom_vy,odom_wz,local_x,local_y,local_yaw,cmd_x,cmd_y,cmd_yaw,steer_cmd_front,steer_cmd_rear,drive_cmd_front,drive_cmd_rear,steer_pos_front,steer_pos_rear,wheel_vel_front,wheel_vel_rear,imu_wz,imu_yaw
X-,1789636185.4381485,1.239776611328125e-05,0.028803949000575813,1.81913829228747e-06,-2.2208958029394654e-08,6.755327063354708e-05,-0.00022048636936441166,7.758744093748897e-05,-0.00021995740658438994,-0.0001326690963931826,3.296106550601227e-11,-1.99512496219798e-09,-0.00022139601611195688,5.5140172460674666e-11,-3.301475502939121e-09,-4.8966395559835746e-05,-1.7938698718975653e-08,-0.0002159362194062986,-0.2,0.0,0.0,0.0,0.0,0.0,0.0,4.2911887527807835e-06,-4.645747786469201e-06,-0.003420132642909555,-0.003531891792084923,-0.0014156352133324502,6.755297301973653e-05
X-,1789636185.466966,0.02882981300354004,0.0574684730017907,1.81913829228747e-06,-2.2208958029394654e-08,6.755327063354708e-05,-0.00022048636936441166,7.758744093748897e-05,-0.00021995740658438994,-0.0001326690963931826,3.296106550601227e-11,-1.99512496219798e-09,-0.00022139601611195688,5.5140172460674666e-11,-3.301475502939121e-09,-4.8966395559835746e-05,-1.7938698718975653e-08,-0.0002159362194062986,-0.2,0.0,0.0,0.0,0.0,0.0,0.0,4.2911887527807835e-06,-4.645747786469201e-06,-0.003420132642909555,-0.003531891792084923,-0.0014156352133324502,6.755297301973653e-05
X-,1789636185.495629,0.057492971420288086,0.08458986500045285,1.81913829228747e-06,-2.2208958029394654e-08,6.755327063354708e-05,-0.00022048636936441166,7.758744093748897e-05,-0.00021995740658438994,-0.0001326690963931826,3.296106550601227e-11,-1.99512496219798e-09,-0.00022139601611195688,5.5140172460674666e-11,-3.301475502939121e-09,-4.8966395559835746e-05,-1.7938698718975653e-08,-0.0002159362194062986,-0.2,0.0,0.0,0.0,0.0,0.0,0.0,4.2911887527807835e-06,-4.645747786469201e-06,-0.003420132642909555,-0.003531891792084923,-0.0014156352133324502,6.755297301973653e-05
X-,1789636185.5227501,0.08461403846740723,0.11176283399981912,1.81913829228747e-06,-2.2208958029394654e-08,6.755327063354708e-05,-0.00022048636936441166,7.758744093748897e-05,-0.00021995740658438994,-0.0001326690963931826,3.296106550601227e-11,-1.99512496219798e-09,-0.00022139601611195688,5.5140172460674666e-11,-3.301475502939121e-09,-4.8966395559835746e-05,-1.7938698718975653e-08,-0.0002159362194062986,-0.2,0.0,0.0,0.0,0.0,0.0,0.0,4.2911887527807835e-06,-4.645747786469201e-06,-0.003420132642909555,-0.003531891792084923,-0.0014156352133324502,6.755297301973653e-05
X-,1789636185.549926,0.11178994178771973,0.13631846900170785,1.81913829228747e-06,-2.2208958029394654e-08,6.755327063354708e-05,-0.00022048636936441166,7.758744093748897e-05,-0.00021995740658438994,-0.0001326690963931826,3.296106550601227e-11,-1.99512496219798e-09,-0.00022139601611195688,5.5140172460674666e-11,-3.301475502939121e-09,-4.8966395559835746e-05,-1.7938698718975653e-08,-0.0002159362194062986,-0.2,0.0,0.0,0.0,0.0,0.0,0.0,4.2911887527807835e-06,-4.645747786469201e-06,-0.003420132642909555,-0.003531891792084923,-0.0014156352133324502,6.755297301973653e-05
X-,1789636185.574481,0.13634490966796875,0.1757027490020846,1.81913829228747e-06,-2.2208958029394654e-08,6.755327063354708e-05,-0.00022048636936441166,7.758744093748897e-05,-0.00021995740658438994,-0.0001326690963931826,3.296106550601227e-11,-1.99512496219798e-09,-0.00022139601611195688,5.5140172460674666e-11,-3.301475502939121e-09,-4.8966395559835746e-05,-1.7938698718975653e-08,-0.0002159362194062986,-0.2,0.0,0.0,0.0,0.0,0.0,0.0,4.2911887527807835e-06,-4.645747786469201e-06,-0.003420132642909555,-0.003531891792084923,-0.0014156352133324502,6.755297301973653e-05
X-,1789636185.613868,0.17573189735412598,0.21684323299996322,1.81913829228747e-06,-2.2208958029394654e-08,6.755327063354708e-05,-0.00022048636936441166,7.758744093748897e-05,-0.00021995740658438994,-0.0001326690963931826,3.296106550601227e-11,-1.99512496219798e-09,-0.00022139601611195688,5.5140172460674666e-11,-3.301475502939121e-09,-4.8966395559835746e-05,-1.7938698718975653e-08,-0.0002159362194062986,-0.2,0.0,0.0,0.0,0.0,0.0,0.0,4.2911887527807835e-06,-4.645747786469201e-06,-0.003420132642909555,-0.003531891792084923,-0.0014156352133324502,6.755297301973653e-05
X-,1789636185.6550057,0.21686959266662598,0.2568214100028854,1.81913829228747e-06,-2.2208958029394654e-08,6.755327063354708e-05,-0.00022048636936441166,7.758744093748897e-05,-0.00021995740658438994,-0.0001326690963931826,3.296106550601227e-11,-1.99512496219798e-09,-0.00022139601611195688,5.5140172460674666e-11,-3.301475502939121e-09,-4.8966395559835746e-05,-1.7938698718975653e-08,-0.0002159362194062986,-0.2,0.0,0.0,0.0,0.0,0.0,0.0,4.2911887527807835e-06,-4.645747786469201e-06,-0.003420132642909555,-0.003531891792084923,-0.0014156352133324502,6.755297301973653e-05
X-,1789636185.6949842,0.2568480968475342,0.29086385000118753,1.81913829228747e-06,-2.2208958029394654e-08,6.755327063354708e-05,-0.00022048636936441166,7.758744093748897e-05,-0.00021995740658438994,-0.0001326690963931826,3.296106550601227e-11,-1.99512496219798e-09,-0.00022139601611195688,5.5140172460674666e-11,-3.301475502939121e-09,-4.8966395559835746e-05,-1.7938698718975653e-08,-0.0002159362194062986,-0.2,0.0,0.0,0.0,0.0,0.0,0.0,4.2911887527807835e-06,-4.645747786469201e-06,-0.003420132642909555,-0.003531891792084923,-0.0014156352133324502,6.755297301973653e-05
X-,1789636185.7290273,0.290891170501709,0.3269758130008995,1.81913829228747e-06,-2.2208958029394654e-08,6.755327063354708e-05,-0.00022048636936441166,7.758744093748897e-05,-0.00021995740658438994,-0.0001326690963931826,3.296106550601227e-11,-1.99512496219798e-09,-0.00022139601611195688,5.5140172460674666e-11,-3.301475502939121e-09,-4.8966395559835746e-05,-1.7938698718975653e-08,-0.0002159362194062986,-0.2,0.0,0.0,0.0,0.0,0.0,0.0,4.2911887527807835e-06,-4.645747786469201e-06,-0.003420132642909555,-0.003531891792084923,-0.0014156352133324502,6.755297301973653e-05
X-,1789636185.7651405,0.32700443267822266,0.3677281770033005,1.81913829228747e-06,-2.2208958029394654e-08,6.755327063354708e-05,-0.00022048636936441166,7.758744093748897e-05,-0.00021995740658438994,-0.0001326690963931826,3.296106550601227e-11,-1.99512496219798e-09,-0.00022139601611195688,5.5140172460674666e-11,-3.301475502939121e-09,-4.8966395559835746e-05,-1.7938698718975653e-08,-0.0002159362194062986,-0.2,0.0,0.0,0.0,0.0,0.0,0.0,4.2911887527807835e-06,-4.645747786469201e-06,-0.003420132642909555,-0.003531891792084923,-0.0014156352133324502,6.755297301973653e-05
X-,1789636185.8058896,0.3677535057067871,0.41966692600180977,1.8194845801157433e-06,-2.254964600809095e-08,6.755743578644781e-05,-0.00022048913451227744,7.756927105911666e-05,-0.00021994022805279313,-0.0001326690963931826,3.296106550601227e-11,-1.99512496219798e-09,-0.00022139601611195688,5.5140172460674666e-11,-3.301475502939121e-09,-4.8966395559835746e-05,-1.7938698718975653e-08,-0.0002159362194062986,-0.2,0.0,0.0,0.0,0.0,0.0,0.0,4.289691524661521e-06,-4.644305128032045e-06,-0.0034203135958922456,-0.003532108072594261,0.0006565738404041171,6.755713815469583e-05
X-,1789636185.8578317,0.4196956157684326,0.4537413430007291,1.819634206742804e-06,-2.2696154930272605e-08,6.755922078150013e-05,-0.0002204903716234866,7.756141147489335e-05,-0.00021993259323057636,-0.0001326690963931826,3.296106550601227e-11,-1.99512496219798e-09,-0.00022139601611195688,5.5140172460674666e-11,-3.301475502939121e-09,-4.8966395559835746e-05,-1.7938698718975653e-08,-0.0002159362194062986,-0.2,0.0,0.0,0.0,0.0,0.0,0.0,4.2881947734940695e-06,-4.642863089543425e-06,-0.003420485532216724,-0.0035323235118758416,0.0006565738404041171,6.755713815469583e-05
X-,1789636185.8919072,0.45377111434936523,0.5034657470023376,1.8198583056627804e-06,-2.2916021872633474e-08,6.756189749285036e-05,-0.00022049216085047593,7.754972572812125e-05,-0.00021992176922896076,-0.0001326690963931826,3.296106550601227e-11,-1.99512496219798e-09,-0.00022139601611195688,5.5140172460674666e-11,-3.301475502939121e-09,-4.8966395559835746e-05,-1.7938698718975653e-08,-0.0002159362194062986,-0.2,0.0,0.0,0.0,0.0,0.0,0.0,4.286698409572409e-06,-4.641421784690181e-06,-0.0034206606277486966,-0.0035325430176505685,-0.00018788544546129203,6.755981570629677e-05
X-,1789636185.9416325,0.5034964084625244,0.5481284110028355,1.8201574115278563e-06,-2.3209313295032008e-08,6.75654651631236e-05,-0.00022049476863102705,7.753406482397395e-05,-0.00021990638442866877,-0.0001326690963931826,3.296106550601227e-11,-1.99512496219798e-09,-0.00022139601611195688,5.5140172460674666e-11,-3.301475502939121e-09,-4.8966395559835746e-05,-1.7938698718975653e-08,-0.0002159362194062986,-0.2,0.0,0.0,0.0,0.0,0.0,0.0,4.285202529707988e-06,-4.639980984322278e-06,-0.0034208370321174393,-0.0035327631625683437,0.0008565639466907243,6.756368151914472e-05
X-,1789636185.9862936,0.5481574535369873,0.5988533790005022,1.8205814123276043e-06,-2.3626245600552598e-08,6.75705216215824e-05,-0.0002204986348673513,7.75119491520229e-05,-0.00021988436703237782,-0.0001326690963931826,3.296106550601227e-11,-1.99512496219798e-09,-0.00022139601611195688,5.5140172460674666e-11,-3.301475502939121e-09,-4.8966395559835746e-05,-1.7938698718975653e-08,-0.0002159362194062986,-0.2,0.0,0.0,0.0,0.0,0.0,0.0,4.282212249684392e-06,-4.6371014335022664e-06,-0.003421191474504901,-0.003533204493553878,-0.0013043535138994966,6.756962886916691e-05
X-,1789636186.0370154,0.598879337310791,0.6343115620002209,1.8208803362132486e-06,-2.392093654320776e-08,6.757409184417766e-05,-0.00022050127905854099,7.749655181684873e-05,-0.00021987001575705042,-0.0001326690963931826,3.296106550601227e-11,-1.99512496219798e-09,-0.00022139601611195688,5.5140172460674666e-11,-3.301475502939121e-09,-4.8966395559835746e-05,-1.7938698718975653e-08,-0.0002159362194062986,-0.2,0.0,0.0,0.0,0.0,0.0,0.0,4.280717966764769e-06,-4.63566279940153e-06,-0.0034213685291346945,-0.003533425587642817,-0.00016603649150821918,6.757260433427418e-05
X-,1789636186.0724735,0.6343374252319336,0.6747868080019543,1.8212043667448219e-06,-2.4240531081541616e-08,6.757795839463603e-05,-0.00022050359033683886,7.747846632892917e-05,-0.00021985039775120004,-0.00015482138277170306,3.852855217239209e-11,-2.324378903329276e-09,-0.00022152286378520453,5.523290086856272e-11,-3.292539411312963e-09,-4.762991036591457e-05,-2.7265999847441552e-08,8.2575970612897e-05,-0.2,0.0,0.0,0.0,0.0,-1.001,-1.001,4.279224217640376e-06,-4.634224588961899e-06,-0.0034215448173182494,-0.0035336471383304417,-0.001991072665485942,6.757617373169273e-05
X-,1789636186.1129508,0.6748147010803223,0.7063698850033688,-1.197762711575498e-05,-1.3437000404362132e-07,6.844376947521054e-05,-0.0031505176986964646,7.971215954720575e-05,-0.0002628478300309814,-0.00015482138277170306,3.852855217239209e-11,-2.324378903329276e-09,-0.00022152286378520453,5.523290086856272e-11,-3.292539411312963e-09,-4.762991036591457e-05,-2.7265999847441552e-08,8.2575970612897e-05,-0.2,0.0,0.0,0.0,0.0,-1.001,-1.001,-7.166411616132962e-06,-1.7729648067010828e-05,-0.0507739788095629,-0.06332415951536652,0.0005701083411191877,6.787194633808324e-05
X-,1789636186.1445308,0.7063946723937988,0.7473020520010323,-1.197762711575498e-05,-1.3437000404362132e-07,6.844376947521054e-05,-0.0031505176986964646,7.971215954720575e-05,-0.0002628478300309814,-0.00015482138277170306,3.852855217239209e-11,-2.324378903329276e-09,-0.00022152286378520453,5.523290086856272e-11,-3.292539411312963e-09,-4.762991036591457e-05,-2.7265999847441552e-08,8.2575970612897e-05,-0.2,0.0,0.0,0.0,0.0,-1.001,-1.001,-7.166411616132962e-06,-1.7729648067010828e-05,-0.0507739788095629,-0.06332415951536652,0.0005701083411191877,6.787194633808324e-05
X-,1789636186.1854672,0.7473311424255371,0.7741426020002109,-1.197762711575498e-05,-1.3437000404362132e-07,6.844376947521054e-05,-0.0031505176986964646,7.971215954720575e-05,-0.0002628478300309814,-0.00015482138277170306,3.852855217239209e-11,-2.324378903329276e-09,-0.00022152286378520453,5.523290086856272e-11,-3.292539411312963e-09,-4.762991036591457e-05,-2.7265999847441552e-08,8.2575970612897e-05,-0.2,0.0,0.0,0.0,0.0,-1.001,-1.001,-7.166411616132962e-06,-1.7729648067010828e-05,-0.0507739788095629,-0.06332415951536652,0.0005701083411191877,6.787194633808324e-05
X-,1789636186.2123036,0.774167537689209,0.8082672440032184,-1.197762711575498e-05,-1.3437000404362132e-07,6.844376947521054e-05,-0.0031505176986964646,7.971215954720575e-05,-0.0002628478300309814,-0.00015482138277170306,3.852855217239209e-11,-2.324378903329276e-09,-0.00022152286378520453,5.523290086856272e-11,-3.292539411312963e-09,-4.762991036591457e-05,-2.7265999847441552e-08,8.2575970612897e-05,-0.2,0.0,0.0,0.0,0.0,-1.001,-1.001,-7.166411616132962e-06,-1.7729648067010828e-05,-0.0507739788095629,-0.06332415951536652,0.0005701083411191877,6.787194633808324e-05
X-,1789636186.2464619,0.8083257675170898,0.8395242300030077,-1.197762711575498e-05,-1.3437000404362132e-07,6.844376947521054e-05,-0.0031505176986964646,7.971215954720575e-05,-0.0002628478300309814,-0.00015482138277170306,3.852855217239209e-11,-2.324378903329276e-09,-0.00022152286378520453,5.523290086856272e-11,-3.292539411312963e-09,-4.762991036591457e-05,-2.7265999847441552e-08,8.2575970612897e-05,-0.2,0.0,0.0,0.0,0.0,-1.001,-1.001,-7.166411616132962e-06,-1.7729648067010828e-05,-0.0507739788095629,-0.06332415951536652,0.0005701083411191877,6.787194633808324e-05
X-,1789636186.2776852,0.8395490646362305,0.8653184150025481,-1.197762711575498e-05,-1.3437000404362132e-07,6.844376947521054e-05,-0.0031505176986964646,7.971215954720575e-05,-0.0002628478300309814,-0.00015482138277170306,3.852855217239209e-11,-2.324378903329276e-09,-0.00022152286378520453,5.523290086856272e-11,-3.292539411312963e-09,-4.762991036591457e-05,-2.7265999847441552e-08,8.2575970612897e-05,-0.2,0.0,0.0,0.0,0.0,-1.001,-1.001,-7.166411616132962e-06,-1.7729648067010828e-05,-0.0507739788095629,-0.06332415951536652,0.0005701083411191877,6.787194633808324e-05
X-,1789636186.3034797,0.8653435707092285,0.8990526840025268,-1.197762711575498e-05,-1.3437000404362132e-07,6.844376947521054e-05,-0.0031505176986964646,7.971215954720575e-05,-0.0002628478300309814,-0.00015482138277170306,3.852855217239209e-11,-2.324378903329276e-09,-0.00022152286378520453,5.523290086856272e-11,-3.292539411312963e-09,-4.762991036591457e-05,-2.7265999847441552e-08,8.2575970612897e-05,-0.2,0.0,0.0,0.0,0.0,-1.001,-1.001,-7.166411616132962e-06,-1.7729648067010828e-05,-0.0507739788095629,-0.06332415951536652,0.0005701083411191877,6.787194633808324e-05
X-,1789636186.3372176,0.8990814685821533,0.9246527690011135,-1.197762711575498e-05,-1.3437000404362132e-07,6.844376947521054e-05,-0.0031505176986964646,7.971215954720575e-05,-0.0002628478300309814,-0.00015482138277170306,3.852855217239209e-11,-2.324378903329276e-09,-0.00022152286378520453,5.523290086856272e-11,-3.292539411312963e-09,-4.762991036591457e-05,-2.7265999847441552e-08,8.2575970612897e-05,-0.2,0.0,0.0,0.0,0.0,-1.001,-1.001,-7.166411616132962e-06,-1.7729648067010828e-05,-0.0507739788095629,-0.06332415951536652,0.0005701083411191877,6.787194633808324e-05
X-,1789636186.3628147,0.9246785640716553,0.9639942330031772,-1.197762711575498e-05,-1.3437000404362132e-07,6.844376947521054e-05,-0.0031505176986964646,7.971215954720575e-05,-0.0002628478300309814,-0.00015482138277170306,3.852855217239209e-11,-2.324378903329276e-09,-0.00022152286378520453,5.523290086856272e-11,-3.292539411312963e-09,-4.762991036591457e-05,-2.7265999847441552e-08,8.2575970612897e-05,-0.2,0.0,0.0,0.0,0.0,-1.001,-1.001,-7.166411616132962e-06,-1.7729648067010828e-05,-0.0507739788095629,-0.06332415951536652,0.0005701083411191877,6.787194633808324e-05
X-,1789636186.402159,0.9640228748321533,0.9938673180004116,-1.197762711575498e-05,-1.3437000404362132e-07,6.844376947521054e-05,-0.0031505176986964646,7.971215954720575e-05,-0.0002628478300309814,-0.00015482138277170306,3.852855217239209e-11,-2.324378903329276e-09,-0.00022152286378520453,5.523290086856272e-11,-3.292539411312963e-09,-4.762991036591457e-05,-2.7265999847441552e-08,8.2575970612897e-05,-0.2,0.0,0.0,0.0,0.0,-1.001,-1.001,-7.166411616132962e-06,-1.7729648067010828e-05,-0.0507739788095629,-0.06332415951536652,0.0005701083411191877,6.787194633808324e-05
X-,1789636186.4320295,0.9938933849334717,1.0222563220013399,-1.197762711575498e-05,-1.3437000404362132e-07,6.844376947521054e-05,-0.0031505176986964646,7.971215954720575e-05,-0.0002628478300309814,-0.00015482138277170306,3.852855217239209e-11,-2.324378903329276e-09,-0.00022152286378520453,5.523290086856272e-11,-3.292539411312963e-09,-4.762991036591457e-05,-2.7265999847441552e-08,8.2575970612897e-05,-0.2,0.0,0.0,0.0,0.0,-1.001,-1.001,-7.166411616132962e-06,-1.7729648067010828e-05,-0.0507739788095629,-0.06332415951536652,0.0005701083411191877,6.787194633808324e-05
X-,1789636186.460421,1.022284984588623,1.050053596001817,-1.197762711575498e-05,-1.3437000404362132e-07,6.844376947521054e-05,-0.0031505176986964646,7.971215954720575e-05,-0.0002628478300309814,-0.00015482138277170306,3.852855217239209e-11,-2.324378903329276e-09,-0.00022152286378520453,5.523290086856272e-11,-3.292539411312963e-09,-4.762991036591457e-05,-2.7265999847441552e-08,8.2575970612897e-05,-0.2,0.0,0.0,0.0,0.0,-1.001,-1.001,-7.166411616132962e-06,-1.7729648067010828e-05,-0.0507739788095629,-0.06332415951536652,0.0005701083411191877,6.787194633808324e-05
X-,1789636186.4882147,1.0500786304473877,1.0796206630002416,-1.197762711575498e-05,-1.3437000404362132e-07,6.844376947521054e-05,-0.0031505176986964646,7.971215954720575e-05,-0.0002628478300309814,-0.00015482138277170306,3.852855217239209e-11,-2.324378903329276e-09,-0.00022152286378520453,5.523290086856272e-11,-3.292539411312963e-09,-4.762991036591457e-05,-2.7265999847441552e-08,8.2575970612897e-05,-0.2,0.0,0.0,0.0,0.0,-1.001,-1.001,-7.166411616132962e-06,-1.7729648067010828e-05,-0.0507739788095629,-0.06332415951536652,0.0005701083411191877,6.787194633808324e-05
X-,1789636186.5177853,1.0796492099761963,1.1061914330020954,-5.364575863361573e-05,-2.1259872323101808e-07,6.85208516238365e-05,-0.005890844752866925,9.090489265968334e-05,-0.00028585399099086367,-0.00015482138277170306,3.852855217239209e-11,-2.324378903329276e-09,-0.00022152286378520453,5.523290086856272e-11,-3.292539411312963e-09,-4.762991036591457e-05,-2.7265999847441552e-08,8.2575970612897e-05,-0.2,0.0,0.0,0.0,0.0,-1.001,-1.001,-6.0579179708142306e-06,-1.5323981505943607e-05,-0.0913934783076342,-0.10076213073458343,0.00026385466922290636,6.85007246900008e-05
X-,1789636186.5443518,1.1062157154083252,1.1409626550012035,-0.00028217715194283136,-2.3583956762322777e-07,6.852500636891055e-05,-0.012273112305527965,9.289605793427982e-05,-0.00029156223393808455,-0.00015482138277170306,3.852855217239209e-11,-2.324378903329276e-09,-0.00022152286378520453,5.523290086856272e-11,-3.292539411312963e-09,-4.762991036591457e-05,-2.7265999847441552e-08,8.2575970612897e-05,-0.2,0.0,0.0,0.0,0.0,-1.001,-1.001,-5.131412874170849e-06,-1.3248236211182984e-05,-0.1657325971398169,-0.17320281815639257,-0.0002693546930282575,6.852825856288718e-05
X-,1789636186.5791163,1.1409802436828613,1.175011313000141,-0.0004850131328334763,-2.527525859172611e-07,6.85080198751388e-05,-0.015502419217145527,9.404873358665017e-05,-0.00029062759506295134,-0.00015482138277170306,3.852855217239209e-11,-2.324378903329276e-09,-0.00022152286378520453,5.523290086856272e-11,-3.292539411312963e-09,-4.762991036591457e-05,-2.7265999847441552e-08,8.2575970612897e-05,-0.2,0.0,0.0,0.0,0.0,-1.001,-1.001,-4.541520181255976e-06,-1.1910318682417653e-05,-0.23164736176902997,-0.23825621719239012,0.004015053392904375,6.850709970698093e-05
X-,1789636186.6131716,1.1750354766845703,1.2168241550025414,-0.0009233240255871675,-2.783159915916572e-07,6.849122711150109e-05,-0.02023686849147535,9.495223696707591e-05,-0.0002908097412574349,-0.00015482138277170306,3.852855217239209e-11,-2.324378903329276e-09,-0.00022152286378520453,5.523290086856272e-11,-3.292539411312963e-09,-4.762991036591457e-05,-2.7265999847441552e-08,8.2575970612897e-05,-0.2,0.0,0.0,0.0,0.0,-1.001,-1.001,-4.064184641272561e-06,-1.0776062729256353e-05,-0.2900799153713307,-0.2959613251366241,-0.00025677941698628215,6.849174802287749e-05
X-,1789636186.6549904,1.2168543338775635,1.2490618789997825,-0.0014135877042357851,-1.7114773810753686e-07,6.863405857512772e-05,-0.026875495491555563,0.00010396803268311158,-0.0002897649925153374,-0.002021362733727145,1.3955699213255003e-08,-2.3664707611938016e-08,-0.020353930855146432,1.444167456092831e-07,-2.20859136628609e-07,-0.0009168181710321752,-2.404559830521677e-07,0.00017398008183426637,-0.2,0.0,0.0,0.0,0.0,-2.002,-2.002,-4.1432732516000215e-06,-9.77952374459079e-06,-0.34187883693369964,-0.3470812976315459,-0.0006737999888854122,6.863026018720238e-05
X-,1789636186.687218,1.2490818500518799,1.2977691030027927,-0.0015531224048305967,-1.8046559218699854e-07,6.876690413209848e-05,-0.02944811323091255,8.393310481939752e-05,-0.00028831819059876504,-0.002021362733727145,1.3955699213255003e-08,-2.3664707611938016e-08,-0.020353930855146432,1.444167456092831e-07,-2.20859136628609e-07,-0.0009168181710321752,-2.404559830521677e-07,0.00017398008183426637,-0.2,0.0,0.0,0.0,0.0,-2.002,-2.002,-1.2750111183734703e-05,-2.8633741990802264e-05,-0.42740360886386847,-0.4458297207807127,-0.0006737999888854122,6.863026018720238e-05
X-,1789636186.735936,1.297799825668335,1.344162364002841,-0.0015531224048305967,-1.8046559218699854e-07,6.876690413209848e-05,-0.02944811323091255,8.393310481939752e-05,-0.00028831819059876504,-0.002021362733727145,1.3955699213255003e-08,-2.3664707611938016e-08,-0.020353930855146432,1.444167456092831e-07,-2.20859136628609e-07,-0.0009168181710321752,-2.404559830521677e-07,0.00017398008183426637,-0.2,0.0,0.0,0.0,0.0,-2.002,-2.002,-1.2750111183734703e-05,-2.8633741990802264e-05,-0.42740360886386847,-0.4458297207807127,-0.0006737999888854122,6.863026018720238e-05
X-,1789636186.7823277,1.344191551208496,1.3690205560014874,-0.0015531224048305967,-1.8046559218699854e-07,6.876690413209848e-05,-0.02944811323091255,8.393310481939752e-05,-0.00028831819059876504,-0.002021362733727145,1.3955699213255003e-08,-2.3664707611938016e-08,-0.020353930855146432,1.444167456092831e-07,-2.20859136628609e-07,-0.0009168181710321752,-2.404559830521677e-07,0.00017398008183426637,-0.2,0.0,0.0,0.0,0.0,-2.002,-2.002,-1.2750111183734703e-05,-2.8633741990802264e-05,-0.42740360886386847,-0.4458297207807127,-0.0006737999888854122,6.863026018720238e-05
X-,1789636186.8071835,1.3690474033355713,1.3934413150018372,-0.0015531224048305967,-1.8046559218699854e-07,6.876690413209848e-05,-0.02944811323091255,8.393310481939752e-05,-0.00028831819059876504,-0.002021362733727145,1.3955699213255003e-08,-2.3664707611938016e-08,-0.020353930855146432,1.444167456092831e-07,-2.20859136628609e-07,-0.0009168181710321752,-2.404559830521677e-07,0.00017398008183426637,-0.2,0.0,0.0,0.0,0.0,-2.002,-2.002,-1.2750111183734703e-05,-2.8633741990802264e-05,-0.42740360886386847,-0.4458297207807127,-0.0006737999888854122,6.863026018720238e-05
X-,1789636186.8316092,1.3934731483459473,1.4196200590013177,-0.0015531224048305967,-1.8046559218699854e-07,6.876690413209848e-05,-0.02944811323091255,8.393310481939752e-05,-0.00028831819059876504,-0.002021362733727145,1.3955699213255003e-08,-2.3664707611938016e-08,-0.020353930855146432,1.444167456092831e-07,-2.20859136628609e-07,-0.0009168181710321752,-2.404559830521677e-07,0.00017398008183426637,-0.2,0.0,0.0,0.0,0.0,-2.002,-2.002,-1.2750111183734703e-05,-2.8633741990802264e-05,-0.42740360886386847,-0.4458297207807127,-0.0006737999888854122,6.863026018720238e-05
X-,1789636186.857786,1.4196498394012451,1.4462204970004677,-0.0015531224048305967,-1.8046559218699854e-07,6.876690413209848e-05,-0.02944811323091255,8.393310481939752e-05,-0.00028831819059876504,-0.002021362733727145,1.3955699213255003e-08,-2.3664707611938016e-08,-0.020353930855146432,1.444167456092831e-07,-2.20859136628609e-07,-0.0009168181710321752,-2.404559830521677e-07,0.00017398008183426637,-0.2,0.0,0.0,0.0,0.0,-2.002,-2.002,-1.2750111183734703e-05,-2.8633741990802264e-05,-0.42740360886386847,-0.4458297207807127,-0.0006737999888854122,6.863026018720238e-05
X-,1789636186.884386,1.4462499618530273,1.4716962270031217,-0.0015531224048305967,-1.8046559218699854e-07,6.876690413209848e-05,-0.02944811323091255,8.393310481939752e-05,-0.00028831819059876504,-0.002021362733727145,1.3955699213255003e-08,-2.3664707611938016e-08,-0.020353930855146432,1.444167456092831e-07,-2.20859136628609e-07,-0.0009168181710321752,-2.404559830521677e-07,0.00017398008183426637,-0.2,0.0,0.0,0.0,0.0,-2.002,-2.002,-1.2750111183734703e-05,-2.8633741990802264e-05,-0.42740360886386847,-0.4458297207807127,-0.0006737999888854122,6.863026018720238e-05
X-,1789636186.909863,1.471726894378662,1.4977669650033931,-0.0015531224048305967,-1.8046559218699854e-07,6.876690413209848e-05,-0.02944811323091255,8.393310481939752e-05,-0.00028831819059876504,-0.002021362733727145,1.3955699213255003e-08,-2.3664707611938016e-08,-0.020353930855146432,1.444167456092831e-07,-2.20859136628609e-07,-0.0009168181710321752,-2.404559830521677e-07,0.00017398008183426637,-0.2,0.0,0.0,0.0,0.0,-2.002,-2.002,-1.2750111183734703e-05,-2.8633741990802264e-05,-0.42740360886386847,-0.4458297207807127,-0.0006737999888854122,6.863026018720238e-05
X-,1789636186.9359338,1.4977977275848389,1.5321190410031704,-0.0015531224048305967,-1.8046559218699854e-07,6.876690413209848e-05,-0.02944811323091255,8.393310481939752e-05,-0.00028831819059876504,-0.002021362733727145,1.3955699213255003e-08,-2.3664707611938016e-08,-0.020353930855146432,1.444167456092831e-07,-2.20859136628609e-07,-0.0009168181710321752,-2.404559830521677e-07,0.00017398008183426637,-0.2,0.0,0.0,0.0,0.0,-2.002,-2.002,-1.2750111183734703e-05,-2.8633741990802264e-05,-0.42740360886386847,-0.4458297207807127,-0.0006737999888854122,6.863026018720238e-05
X-,1789636186.9702873,1.532151222229004,1.56620528500207,-0.0015531224048305967,-1.8046559218699854e-07,6.876690413209848e-05,-0.02944811323091255,8.393310481939752e-05,-0.00028831819059876504,-0.002021362733727145,1.3955699213255003e-08,-2.3664707611938016e-08,-0.020353930855146432,1.444167456092831e-07,-2.20859136628609e-07,-0.0009168181710321752,-2.404559830521677e-07,0.00017398008183426637,-0.2,0.0,0.0,0.0,0.0,-2.002,-2.002,-1.2750111183734703e-05,-2.8633741990802264e-05,-0.42740360886386847,-0.4458297207807127,-0.0006737999888854122,6.863026018720238e-05
X-,1789636187.004367,1.5662310123443604,1.5948209560010582,-0.0015531224048305967,-1.8046559218699854e-07,6.876690413209848e-05,-0.02944811323091255,8.393310481939752e-05,-0.00028831819059876504,-0.002021362733727145,1.3955699213255003e-08,-2.3664707611938016e-08,-0.020353930855146432,1.444167456092831e-07,-2.20859136628609e-07,-0.0009168181710321752,-2.404559830521677e-07,0.00017398008183426637,-0.2,0.0,0.0,0.0,0.0,-2.002,-2.002,-1.2750111183734703e-05,-2.8633741990802264e-05,-0.42740360886386847,-0.4458297207807127,-0.0006737999888854122,6.863026018720238e-05
X-,1789636187.0329852,1.5948491096496582,1.6322293740013265,-0.0015531224048305967,-1.8046559218699854e-07,6.876690413209848e-05,-0.02944811323091255,8.393310481939752e-05,-0.00028831819059876504,-0.002021362733727145,1.3955699213255003e-08,-2.3664707611938016e-08,-0.020353930855146432,1.444167456092831e-07,-2.20859136628609e-07,-0.0009168181710321752,-2.404559830521677e-07,0.00017398008183426637,-0.2,0.0,0.0,0.0,0.0,-2.002,-2.002,-1.2750111183734703e-05,-2.8633741990802264e-05,-0.42740360886386847,-0.4458297207807127,-0.0006737999888854122,6.863026018720238e-05
X-,1789636187.0703938,1.6322576999664307,1.6680551540011948,-0.0017696024646304612,-1.8286499157450786e-07,6.881208146803981e-05,-0.032920382369675975,7.839131525672698e-05,-0.00030040418687231763,-0.002021362733727145,1.3955699213255003e-08,-2.3664707611938016e-08,-0.020353930855146432,1.444167456092831e-07,-2.20859136628609e-07,-0.0009168181710321752,-2.404559830521677e-07,0.00017398008183426637,-0.2,0.0,0.0,0.0,0.0,-2.002,-2.002,-1.115505088655766e-05,-2.542510116398944e-05,-0.5025399163034002,-0.517004519355317,0.0018165955511108157,6.87449580237225e-05
X-,1789636187.1062188,1.6680827140808105,1.6963982180022867,-0.002432721765830939,-2.1196387044088855e-07,6.862821399176579e-05,-0.0411743083275595,8.42742367645634e-05,-0.00031465092813301476,-0.002021362733727145,1.3955699213255003e-08,-2.3664707611938016e-08,-0.020353930855146432,1.444167456092831e-07,-2.20859136628609e-07,-0.0009168181710321752,-2.404559830521677e-07,0.00017398008183426637,-0.2,0.0,0.0,0.0,0.0,-2.002,-2.002,-1.0194762452897521e-05,-2.3469523048547103e-05,-0.5732819530371212,-0.5859617548862256,-0.001148924031239756,6.869701329316173e-05
X-,1789636187.134559,1.696422815322876,1.727259621002304,-0.003092897651382674,-2.733836773176346e-07,6.85173259881002e-05,-0.04735733213413989,8.732035836813474e-05,-0.0002906803715331819,-0.002021362733727145,1.3955699213255003e-08,-2.3664707611938016e-08,-0.020353930855146432,1.444167456092831e-07,-2.20859136628609e-07,-0.0009168181710321752,-2.404559830521677e-07,0.00017398008183426637,-0.2,0.0,0.0,0.0,0.0,-2.002,-2.002,-9.012805143093772e-06,-2.0748296567063562e-05,-0.7026480280922407,-0.7133051353788544,0.0012986826471789595,6.857115959415657e-05
X-,1789636187.1654215,1.727285385131836,1.761810639000032,-0.0041633765375780965,-3.404537504917565e-07,6.84895449241085e-05,-0.055057043593238555,7.22624646107465e-05,-0.00025909147822253224,-0.002021362733727145,1.3955699213255003e-08,-2.3664707611938016e-08,-0.020353930855146432,1.444167456092831e-07,-2.20859136628609e-07,-0.0009168181710321752,-2.404559830521677e-07,0.00017398008183426637,-0.2,0.0,0.0,0.0,0.0,-2.002,-2.002,-8.176011511373815e-06,-1.8602215270391298e-05,-0.8173411285764343,-0.8264118380119739,0.00018223301903197642,6.852888692497542e-05
X-,1789636187.1999722,1.761836051940918,1.784931067002617,-0.004902861939706606,-3.6647573233624525e-07,6.843114561501368e-05,-0.05931678230212681,7.91196535074578e-05,-0.0002722754594052109,-0.002021362733727145,1.3955699213255003e-08,-2.3664707611938016e-08,-0.020353930855146432,1.444167456092831e-07,-2.20859136628609e-07,-0.0009168181710321752,-2.404559830521677e-07,0.00017398008183426637,-0.2,0.0,0.0,0.0,0.0,-2.002,-2.002,-7.78818611468779e-06,-1.7608898493115532e-05,-0.8697134962288331,-0.8780289952024498,-0.002552725832614591,6.846692337030644e-05
X-,1789636187.2230935,1.7849574089050293,1.80988069200248,-0.005507952147302528,-3.767089007981547e-07,6.837628307493153e-05,-0.062352225536458944,7.715672122737039e-05,-0.00026830294854211453,-0.007587922568416531,8.490467589297811e-08,-1.1588549905436728e-07,-0.055665598346910636,7.081724566883081e-07,-9.222079144242927e-07,-0.0025367324495060082,-3.8979716510848506e-07,9.65452024308534e-05,-0.2,0.0,0.0,0.0,0.0,-2.962962962962963,-2.962962962962963,-7.332575279406228e-06,-1.6592051034436395e-05,-0.9190013278749906,-0.9265957781221961,-0.0017375170720078928,6.841020267312082e-05
X-,1789636187.2480352,1.809899091720581,1.8414046760008205,-0.006358242179464844,-4.4889713801676834e-07,6.876528500593329e-05,-0.06965395367874554,6.46427982945005e-05,-0.000252529763917808,-0.007587922568416531,8.490467589297811e-08,-1.1588549905436728e-07,-0.055665598346910636,7.081724566883081e-07,-9.222079144242927e-07,-0.0025367324495060082,-3.8979716510848506e-07,9.65452024308534e-05,-0.2,0.0,0.0,0.0,0.0,-2.962962962962963,-2.962962962962963,-1.5674792963160655e-05,-3.3504277625162615e-05,-1.0687380563586109,-1.087867521919362,0.0022263943763397207,6.868324027989337e-05
X-,1789636187.2795687,1.8414325714111328,1.871528281000792,-0.006640947038887497,-4.769479401223534e-07,6.881431504629387e-05,-0.07210723260890509,6.151167132743085e-05,-0.00025793387951871346,-0.007587922568416531,8.490467589297811e-08,-1.1588549905436728e-07,-0.055665598346910636,7.081724566883081e-07,-9.222079144242927e-07,-0.0025367324495060082,-3.8979716510848506e-07,9.65452024308534e-05,-0.2,0.0,0.0,0.0,0.0,-2.962962962962963,-2.962962962962963,-1.5674792963160655e-05,-3.3504277625162615e-05,-1.0687380563586109,-1.087867521919362,0.0022263943763397207,6.868324027989337e-05
X-,1789636187.309692,1.8715558052062988,1.8971940920018824,-0.006640947038887497,-4.769479401223534e-07,6.881431504629387e-05,-0.07210723260890509,6.151167132743085e-05,-0.00025793387951871346,-0.007587922568416531,8.490467589297811e-08,-1.1588549905436728e-07,-0.055665598346910636,7.081724566883081e-07,-9.222079144242927e-07,-0.0025367324495060082,-3.8979716510848506e-07,9.65452024308534e-05,-0.2,0.0,0.0,0.0,0.0,-2.962962962962963,-2.962962962962963,-1.5674792963160655e-05,-3.3504277625162615e-05,-1.0687380563586109,-1.087867521919362,0.0022263943763397207,6.868324027989337e-05
X-,1789636187.3353565,1.8972203731536865,1.9252776610010187,-0.006640947038887497,-4.769479401223534e-07,6.881431504629387e-05,-0.07210723260890509,6.151167132743085e-05,-0.00025793387951871346,-0.007587922568416531,8.490467589297811e-08,-1.1588549905436728e-07,-0.055665598346910636,7.081724566883081e-07,-9.222079144242927e-07,-0.0025367324495060082,-3.8979716510848506e-07,9.65452024308534e-05,-0.2,0.0,0.0,0.0,0.0,-2.962962962962963,-2.962962962962963,-1.5674792963160655e-05,-3.3504277625162615e-05,-1.0687380563586109,-1.087867521919362,0.0022263943763397207,6.868324027989337e-05
X-,1789636187.3634372,1.9253010749816895,1.9499597800022457,-0.006640947038887497,-4.769479401223534e-07,6.881431504629387e-05,-0.07210723260890509,6.151167132743085e-05,-0.00025793387951871346,-0.007587922568416531,8.490467589297811e-08,-1.1588549905436728e-07,-0.055665598346910636,7.081724566883081e-07,-9.222079144242927e-07,-0.0025367324495060082,-3.8979716510848506e-07,9.65452024308534e-05,-0.2,0.0,0.0,0.0,0.0,-2.962962962962963,-2.962962962962963,-1.5674792963160655e-05,-3.3504277625162615e-05,-1.0687380563586109,-1.087867521919362,0.0022263943763397207,6.868324027989337e-05
X-,1789636187.3881223,1.949986219406128,1.980933939001261,-0.006640947038887497,-4.769479401223534e-07,6.881431504629387e-05,-0.07210723260890509,6.151167132743085e-05,-0.00025793387951871346,-0.007587922568416531,8.490467589297811e-08,-1.1588549905436728e-07,-0.055665598346910636,7.081724566883081e-07,-9.222079144242927e-07,-0.0025367324495060082,-3.8979716510848506e-07,9.65452024308534e-05,-0.2,0.0,0.0,0.0,0.0,-2.962962962962963,-2.962962962962963,-1.5674792963160655e-05,-3.3504277625162615e-05,-1.0687380563586109,-1.087867521919362,0.0022263943763397207,6.868324027989337e-05
X-,1789636187.4190965,1.9809603691101074,2.0147251920025155,-0.006640947038887497,-4.769479401223534e-07,6.881431504629387e-05,-0.07210723260890509,6.151167132743085e-05,-0.00025793387951871346,-0.007587922568416531,8.490467589297811e-08,-1.1588549905436728e-07,-0.055665598346910636,7.081724566883081e-07,-9.222079144242927e-07,-0.0025367324495060082,-3.8979716510848506e-07,9.65452024308534e-05,-0.2,0.0,0.0,0.0,0.0,-2.962962962962963,-2.962962962962963,-1.5674792963160655e-05,-3.3504277625162615e-05,-1.0687380563586109,-1.087867521919362,0.0022263943763397207,6.868324027989337e-05
X-,1789636187.4528883,2.014752149581909,2.0406680970008892,-0.006640947038887497,-4.769479401223534e-07,6.881431504629387e-05,-0.07210723260890509,6.151167132743085e-05,-0.00025793387951871346,-0.007587922568416531,8.490467589297811e-08,-1.1588549905436728e-07,-0.055665598346910636,7.081724566883081e-07,-9.222079144242927e-07,-0.0025367324495060082,-3.8979716510848506e-07,9.65452024308534e-05,-0.2,0.0,0.0,0.0,0.0,-2.962962962962963,-2.962962962962963,-1.5674792963160655e-05,-3.3504277625162615e-05,-1.0687380563586109,-1.087867521919362,0.0022263943763397207,6.868324027989337e-05
X-,1789636187.4788344,2.040698289871216,2.0664459420004277,-0.006640947038887497,-4.769479401223534e-07,6.881431504629387e-05,-0.07210723260890509,6.151167132743085e-05,-0.00025793387951871346,-0.007587922568416531,8.490467589297811e-08,-1.1588549905436728e-07,-0.055665598346910636,7.081724566883081e-07,-9.222079144242927e-07,-0.0025367324495060082,-3.8979716510848506e-07,9.65452024308534e-05,-0.2,0.0,0.0,0.0,0.0,-2.962962962962963,-2.962962962962963,-1.5674792963160655e-05,-3.3504277625162615e-05,-1.0687380563586109,-1.087867521919362,0.0022263943763397207,6.868324027989337e-05
X-,1789636187.5046077,2.066471576690674,2.0959461570018902,-0.006640947038887497,-4.769479401223534e-07,6.881431504629387e-05,-0.07210723260890509,6.151167132743085e-05,-0.00025793387951871346,-0.007587922568416531,8.490467589297811e-08,-1.1588549905436728e-07,-0.055665598346910636,7.081724566883081e-07,-9.222079144242927e-07,-0.0025367324495060082,-3.8979716510848506e-07,9.65452024308534e-05,-0.2,0.0,0.0,0.0,0.0,-2.962962962962963,-2.962962962962963,-1.5674792963160655e-05,-3.3504277625162615e-05,-1.0687380563586109,-1.087867521919362,0.0022263943763397207,6.868324027989337e-05
X-,1789636187.5341089,2.095972776412964,2.125351231003151,-0.006640947038887497,-4.769479401223534e-07,6.881431504629387e-05,-0.07210723260890509,6.151167132743085e-05,-0.00025793387951871346,-0.007587922568416531,8.490467589297811e-08,-1.1588549905436728e-07,-0.055665598346910636,7.081724566883081e-07,-9.222079144242927e-07,-0.0025367324495060082,-3.8979716510848506e-07,9.65452024308534e-05,-0.2,0.0,0.0,0.0,0.0,-2.962962962962963,-2.962962962962963,-1.5674792963160655e-05,-3.3504277625162615e-05,-1.0687380563586109,-1.087867521919362,0.0022263943763397207,6.868324027989337e-05
X-,1789636187.5635169,2.125380754470825,2.1554472090028867,-0.006640947038887497,-4.769479401223534e-07,6.881431504629387e-05,-0.07210723260890509,6.151167132743085e-05,-0.00025793387951871346,-0.007587922568416531,8.490467589297811e-08,-1.1588549905436728e-07,-0.055665598346910636,7.081724566883081e-07,-9.222079144242927e-07,-0.0025367324495060082,-3.8979716510848506e-07,9.65452024308534e-05,-0.2,0.0,0.0,0.0,0.0,-2.962962962962963,-2.962962962962963,-1.5674792963160655e-05,-3.3504277625162615e-05,-1.0687380563586109,-1.087867521919362,0.0022263943763397207,6.868324027989337e-05
X-,1789636187.5936117,2.155475616455078,2.1836370100027125,-0.006640947038887497,-4.769479401223534e-07,6.881431504629387e-05,-0.07210723260890509,6.151167132743085e-05,-0.00025793387951871346,-0.007587922568416531,8.490467589297811e-08,-1.1588549905436728e-07,-0.055665598346910636,7.081724566883081e-07,-9.222079144242927e-07,-0.0025367324495060082,-3.8979716510848506e-07,9.65452024308534e-05,-0.2,0.0,0.0,0.0,0.0,-2.962962962962963,-2.962962962962963,-1.5674792963160655e-05,-3.3504277625162615e-05,-1.0687380563586109,-1.087867521919362,0.0022263943763397207,6.868324027989337e-05
X-,1789636187.6218007,2.183664560317993,2.211599123002088,-0.006640947038887497,-4.769479401223534e-07,6.881431504629387e-05,-0.07210723260890509,6.151167132743085e-05,-0.00025793387951871346,-0.007587922568416531,8.490467589297811e-08,-1.1588549905436728e-07,-0.055665598346910636,7.081724566883081e-07,-9.222079144242927e-07,-0.0025367324495060082,-3.8979716510848506e-07,9.65452024308534e-05,-0.2,0.0,0.0,0.0,0.0,-2.962962962962963,-2.962962962962963,-1.5674792963160655e-05,-3.3504277625162615e-05,-1.0687380563586109,-1.087867521919362,0.0022263943763397207,6.868324027989337e-05
X-,1789636187.6497676,2.2116315364837646,2.245134967000922,-0.006640947038887497,-4.769479401223534e-07,6.881431504629387e-05,-0.07210723260890509,6.151167132743085e-05,-0.00025793387951871346,-0.007587922568416531,8.490467589297811e-08,-1.1588549905436728e-07,-0.055665598346910636,7.081724566883081e-07,-9.222079144242927e-07,-0.0025367324495060082,-3.8979716510848506e-07,9.65452024308534e-05,-0.2,0.0,0.0,0.0,0.0,-2.962962962962963,-2.962962962962963,-1.5674792963160655e-05,-3.3504277625162615e-05,-1.0687380563586109,-1.087867521919362,0.0022263943763397207,6.868324027989337e-05
X-,1789636187.683299,2.2451629638671875,2.2742305580031825,-0.006640947038887497,-4.769479401223534e-07,6.881431504629387e-05,-0.07210723260890509,6.151167132743085e-05,-0.00025793387951871346,-0.007587922568416531,8.490467589297811e-08,-1.1588549905436728e-07,-0.055665598346910636,7.081724566883081e-07,-9.222079144242927e-07,-0.0025367324495060082,-3.8979716510848506e-07,9.65452024308534e-05,-0.2,0.0,0.0,0.0,0.0,-2.962962962962963,-2.962962962962963,-1.5674792963160655e-05,-3.3504277625162615e-05,-1.0687380563586109,-1.087867521919362,0.0022263943763397207,6.868324027989337e-05
X-,1789636187.7123947,2.274258613586426,2.3003208139998605,-0.006640947038887497,-4.769479401223534e-07,6.881431504629387e-05,-0.07210723260890509,6.151167132743085e-05,-0.00025793387951871346,-0.007587922568416531,8.490467589297811e-08,-1.1588549905436728e-07,-0.055665598346910636,7.081724566883081e-07,-9.222079144242927e-07,-0.0025367324495060082,-3.8979716510848506e-07,9.65452024308534e-05,-0.2,0.0,0.0,0.0,0.0,-2.962962962962963,-2.962962962962963,-1.5674792963160655e-05,-3.3504277625162615e-05,-1.0687380563586109,-1.087867521919362,0.0022263943763397207,6.868324027989337e-05
X-,1789636187.7384841,2.3003480434417725,2.325769344002765,-0.006640947038887497,-4.769479401223534e-07,6.881431504629387e-05,-0.07210723260890509,6.151167132743085e-05,-0.00025793387951871346,-0.007587922568416531,8.490467589297811e-08,-1.1588549905436728e-07,-0.055665598346910636,7.081724566883081e-07,-9.222079144242927e-07,-0.0025367324495060082,-3.8979716510848506e-07,9.65452024308534e-05,-0.2,0.0,0.0,0.0,0.0,-2.962962962962963,-2.962962962962963,-1.5674792963160655e-05,-3.3504277625162615e-05,-1.0687380563586109,-1.087867521919362,0.0022263943763397207,6.868324027989337e-05
X-,1789636187.7639322,2.325796127319336,2.3566750030004187,-0.008029256970625577,-7.23958977912921e-07,6.912235745360488e-05,-0.0824032765589989,5.1532060314283184e-05,-0.00025188016557864087,-0.007587922568416531,8.490467589297811e-08,-1.1588549905436728e-07,-0.055665598346910636,7.081724566883081e-07,-9.222079144242927e-07,-0.0025367324495060082,-3.8979716510848506e-07,9.65452024308534e-05,-0.2,0.0,0.0,0.0,0.0,-2.962962962962963,-2.962962962962963,-1.310503447005118e-05,-2.792295031017744e-05,-1.2472124976317045,-1.2601229857472018,-0.0005233728443453957,6.899313624596311e-05
X-,1789636187.7948396,2.356703519821167,2.38927563100151,-0.009410389040504372,-1.041774010997025e-06,6.955375388776536e-05,-0.09059117382881114,4.89835565339527e-05,-0.00024740710653229573,-0.007587922568416531,8.490467589297811e-08,-1.1588549905436728e-07,-0.055665598346910636,7.081724566883081e-07,-9.222079144242927e-07,-0.0025367324495060082,-3.8979716510848506e-07,9.65452024308534e-05,-0.2,0.0,0.0,0.0,0.0,-2.962962962962963,-2.962962962962963,-1.2408369476801795e-05,-2.6227678829648937e-05,-1.3287167870934422,-1.3402267647874904,-0.002875219977669452,6.952411286431869e-05
X-,1789636187.8274393,2.389303207397461,2.434246376000374,-0.011811884156117936,-1.6242432890074127e-06,6.993340637129757e-05,-0.10175957773917828,5.937101440483275e-05,-0.0001987659315758105,-0.007587922568416531,8.490467589297811e-08,-1.1588549905436728e-07,-0.055665598346910636,7.081724566883081e-07,-9.222079144242927e-07,-0.0025367324495060082,-3.8979716510848506e-07,9.65452024308534e-05,-0.2,0.0,0.0,0.0,0.0,-2.962962962962963,-2.962962962962963,-1.077341517952135e-05,-2.206201391263818e-05,-1.5458758756535005,-1.5540340533368908,-0.0010569276152105325,6.976548572272751e-05
X-,1789636187.8724089,2.4342727661132812,2.4646801430026244,-0.01348605270310438,-1.9978383319647214e-06,7.045717306698424e-05,-0.10797893061218235,5.590697592209333e-05,-0.00019844407988229426,-0.007587922568416531,8.490467589297811e-08,-1.1588549905436728e-07,-0.055665598346910636,7.081724566883081e-07,-9.222079144242927e-07,-0.0025367324495060082,-3.8979716510848506e-07,9.65452024308534e-05,-0.2,0.0,0.0,0.0,0.0,-2.962962962962963,-2.962962962962963,-1.0337150682993013e-05,-2.087321841504064e-05,-1.6100024425605324,-1.6171485265329535,-0.0035516486495643174,7.042228505971646e-05
X-,1789636187.90285,2.4647138118743896,2.4953023320013017,-0.01480395560148885,-2.299248730854367e-06,7.088984713126259e-05,-0.11221614846659672,5.414603615465076e-05,-0.00020056047268751732,-0.018248045306794042,2.4453040464125277e-07,-2.913604956886194e-07,-0.10660122738395936,1.5839037510475587e-06,-1.7547499663425212e-06,-0.012819592045597017,-4.2917258920691347e-07,-7.252430727699985e-05,-0.2,0.0,0.0,0.0,0.0,-2.962962962962963,-2.962962962962963,-9.573996338829716e-06,-1.872040564077082e-05,-1.7273176461493867,-1.7325145254805607,-0.0035083290182499616,7.07798033138907e-05
X-,1789636187.9334738,2.495337724685669,2.5238744390007923,-0.015824553853991313,-2.5338384811246853e-06,7.121831480726653e-05,-0.11517095714657793,5.163642829555532e-05,-0.00020772316674363617,-0.018248045306794042,2.4453040464125277e-07,-2.913604956886194e-07,-0.10660122738395936,1.5839037510475587e-06,-1.7547499663425212e-06,-0.012819592045597017,-4.2917258920691347e-07,-7.252430727699985e-05,-0.2,0.0,0.0,0.0,0.0,-2.962962962962963,-2.962962962962963,-9.244130215968482e-06,-1.774942382137823e-05,-1.7809395043437164,-1.7851963697384843,-0.002251426841479087,7.114547403267356e-05
X-,1789636187.962037,2.5239009857177734,2.555013069002598,-0.015824553853991313,-2.5338384811246853e-06,7.121831480726653e-05,-0.11517095714657793,5.163642829555532e-05,-0.00020772316674363617,-0.018248045306794042,2.4453040464125277e-07,-2.913604956886194e-07,-0.10660122738395936,1.5839037510475587e-06,-1.7547499663425212e-06,-0.012819592045597017,-4.2917258920691347e-07,-7.252430727699985e-05,-0.2,0.0,0.0,0.0,0.0,-2.962962962962963,-2.962962962962963,-9.244130215968482e-06,-1.774942382137823e-05,-1.7809395043437164,-1.7851963697384843,-0.002251426841479087,7.114547403267356e-05
X-,1789636187.993177,2.5550408363342285,2.5814798250030435,-0.015824553853991313,-2.5338384811246853e-06,7.121831480726653e-05,-0.11517095714657793,5.163642829555532e-05,-0.00020772316674363617,-0.018248045306794042,2.4453040464125277e-07,-2.913604956886194e-07,-0.10660122738395936,1.5839037510475587e-06,-1.7547499663425212e-06,-0.012819592045597017,-4.2917258920691347e-07,-7.252430727699985e-05,-0.2,0.0,0.0,0.0,0.0,-2.962962962962963,-2.962962962962963,-9.244130215968482e-06,-1.774942382137823e-05,-1.7809395043437164,-1.7851963697384843,-0.002251426841479087,7.114547403267356e-05
X-,1789636188.0196428,2.5815067291259766,2.608025217999966,-0.015824553853991313,-2.5338384811246853e-06,7.121831480726653e-05,-0.11517095714657793,5.163642829555532e-05,-0.00020772316674363617,-0.018248045306794042,2.4453040464125277e-07,-2.913604956886194e-07,-0.10660122738395936,1.5839037510475587e-06,-1.7547499663425212e-06,-0.012819592045597017,-4.2917258920691347e-07,-7.252430727699985e-05,-0.2,0.0,0.0,0.0,0.0,-2.962962962962963,-2.962962962962963,-9.244130215968482e-06,-1.774942382137823e-05,-1.7809395043437164,-1.7851963697384843,-0.002251426841479087,7.114547403267356e-05
X-,1789636188.0461867,2.608050584793091,2.6333198660031485,-0.015824553853991313,-2.5338384811246853e-06,7.121831480726653e-05,-0.11517095714657793,5.163642829555532e-05,-0.00020772316674363617,-0.018248045306794042,2.4453040464125277e-07,-2.913604956886194e-07,-0.10660122738395936,1.5839037510475587e-06,-1.7547499663425212e-06,-0.012819592045597017,-4.2917258920691347e-07,-7.252430727699985e-05,-0.2,0.0,0.0,0.0,0.0,-2.962962962962963,-2.962962962962963,-9.244130215968482e-06,-1.774942382137823e-05,-1.7809395043437164,-1.7851963697384843,-0.002251426841479087,7.114547403267356e-05
X-,1789636188.0714822,2.6333460807800293,2.662138894000236,-0.015824553853991313,-2.5338384811246853e-06,7.121831480726653e-05,-0.11517095714657793,5.163642829555532e-05,-0.00020772316674363617,-0.018248045306794042,2.4453040464125277e-07,-2.913604956886194e-07,-0.10660122738395936,1.5839037510475587e-06,-1.7547499663425212e-06,-0.012819592045597017,-4.2917258920691347e-07,-7.252430727699985e-05,-0.2,0.0,0.0,0.0,0.0,-2.962962962962963,-2.962962962962963,-9.244130215968482e-06,-1.774942382137823e-05,-1.7809395043437164,-1.7851963697384843,-0.002251426841479087,7.114547403267356e-05
X-,1789636188.1002998,2.662163734436035,2.685927892001928,-0.015824553853991313,-2.5338384811246853e-06,7.121831480726653e-05,-0.11517095714657793,5.163642829555532e-05,-0.00020772316674363617,-0.018248045306794042,2.4453040464125277e-07,-2.913604956886194e-07,-0.10660122738395936,1.5839037510475587e-06,-1.7547499663425212e-06,-0.012819592045597017,-4.2917258920691347e-07,-7.252430727699985e-05,-0.2,0.0,0.0,0.0,0.0,-2.962962962962963,-2.962962962962963,-9.244130215968482e-06,-1.774942382137823e-05,-1.7809395043437164,-1.7851963697384843,-0.002251426841479087,7.114547403267356e-05
X-,1789636188.12409,2.6859538555145264,2.7114744810023694,-0.015824553853991313,-2.5338384811246853e-06,7.121831480726653e-05,-0.11517095714657793,5.163642829555532e-05,-0.00020772316674363617,-0.018248045306794042,2.4453040464125277e-07,-2.913604956886194e-07,-0.10660122738395936,1.5839037510475587e-06,-1.7547499663425212e-06,-0.012819592045597017,-4.2917258920691347e-07,-7.252430727699985e-05,-0.2,0.0,0.0,0.0,0.0,-2.962962962962963,-2.962962962962963,-9.244130215968482e-06,-1.774942382137823e-05,-1.7809395043437164,-1.7851963697384843,-0.002251426841479087,7.114547403267356e-05
X-,1789636188.1496441,2.71150803565979,2.761482865000289,-0.015824553853991313,-2.5338384811246853e-06,7.121831480726653e-05,-0.11517095714657793,5.163642829555532e-05,-0.00020772316674363617,-0.018248045306794042,2.4453040464125277e-07,-2.913604956886194e-07,-0.10660122738395936,1.5839037510475587e-06,-1.7547499663425212e-06,-0.012819592045597017,-4.2917258920691347e-07,-7.252430727699985e-05,-0.2,0.0,0.0,0.0,0.0,-2.962962962962963,-2.962962962962963,-9.244130215968482e-06,-1.774942382137823e-05,-1.7809395043437164,-1.7851963697384843,-0.002251426841479087,7.114547403267356e-05
X-,1789636188.1996512,2.7615151405334473,2.7976414050026506,-0.015824553853991313,-2.5338384811246853e-06,7.121831480726653e-05,-0.11517095714657793,5.163642829555532e-05,-0.00020772316674363617,-0.018248045306794042,2.4453040464125277e-07,-2.913604956886194e-07,-0.10660122738395936,1.5839037510475587e-06,-1.7547499663425212e-06,-0.012819592045597017,-4.2917258920691347e-07,-7.252430727699985e-05,-0.2,0.0,0.0,0.0,0.0,-2.962962962962963,-2.962962962962963,-9.244130215968482e-06,-1.774942382137823e-05,-1.7809395043437164,-1.7851963697384843,-0.002251426841479087,7.114547403267356e-05
X-,1789636188.2358086,2.7976725101470947,2.8319342780014267,-0.015824553853991313,-2.5338384811246853e-06,7.121831480726653e-05,-0.11517095714657793,5.163642829555532e-05,-0.00020772316674363617,-0.018248045306794042,2.4453040464125277e-07,-2.913604956886194e-07,-0.10660122738395936,1.5839037510475587e-06,-1.7547499663425212e-06,-0.012819592045597017,-4.2917258920691347e-07,-7.252430727699985e-05,-0.2,0.0,0.0,0.0,0.0,-2.962962962962963,-2.962962962962963,-9.244130215968482e-06,-1.774942382137823e-05,-1.7809395043437164,-1.7851963697384843,-0.002251426841479087,7.114547403267356e-05
X-,1789636188.2701015,2.831965446472168,2.8568556620011805,-0.015824553853991313,-2.5338384811246853e-06,7.121831480726653e-05,-0.11517095714657793,5.163642829555532e-05,-0.00020772316674363617,-0.018248045306794042,2.4453040464125277e-07,-2.913604956886194e-07,-0.10660122738395936,1.5839037510475587e-06,-1.7547499663425212e-06,-0.012819592045597017,-4.2917258920691347e-07,-7.252430727699985e-05,-0.2,0.0,0.0,0.0,0.0,-2.962962962962963,-2.962962962962963,-9.244130215968482e-06,-1.774942382137823e-05,-1.7809395043437164,-1.7851963697384843,-0.002251426841479087,7.114547403267356e-05
X-,1789636188.2950184,2.856882333755493,2.883225976001995,-0.015824553853991313,-2.5338384811246853e-06,7.121831480726653e-05,-0.11517095714657793,5.163642829555532e-05,-0.00020772316674363617,-0.018248045306794042,2.4453040464125277e-07,-2.913604956886194e-07,-0.10660122738395936,1.5839037510475587e-06,-1.7547499663425212e-06,-0.012819592045597017,-4.2917258920691347e-07,-7.252430727699985e-05,-0.2,0.0,0.0,0.0,0.0,-2.962962962962963,-2.962962962962963,-9.244130215968482e-06,-1.774942382137823e-05,-1.7809395043437164,-1.7851963697384843,-0.002251426841479087,7.114547403267356e-05
X-,1789636188.3213904,2.883254289627075,2.912260787001287,-0.015824553853991313,-2.5338384811246853e-06,7.121831480726653e-05,-0.11517095714657793,5.163642829555532e-05,-0.00020772316674363617,-0.018248045306794042,2.4453040464125277e-07,-2.913604956886194e-07,-0.10660122738395936,1.5839037510475587e-06,-1.7547499663425212e-06,-0.012819592045597017,-4.2917258920691347e-07,-7.252430727699985e-05,-0.2,0.0,0.0,0.0,0.0,-2.962962962962963,-2.962962962962963,-9.244130215968482e-06,-1.774942382137823e-05,-1.7809395043437164,-1.7851963697384843,-0.002251426841479087,7.114547403267356e-05
X-,1789636188.3504293,2.9122931957244873,2.9364703970022674,-0.01698864923115884,-2.8008767109554203e-06,7.158536797213772e-05,-0.11824323431043035,4.9069670965096364e-05,-0.00021537490035918432,-0.018248045306794042,2.4453040464125277e-07,-2.913604956886194e-07,-0.10660122738395936,1.5839037510475587e-06,-1.7547499663425212e-06,-0.012819592045597017,-4.2917258920691347e-07,-7.252430727699985e-05,-0.2,0.0,0.0,0.0,0.0,-2.962962962962963,-2.962962962962963,-9.244130215968482e-06,-1.774942382137823e-05,-1.7809395043437164,-1.7851963697384843,0.0008110319042371978,7.151142177324913e-05
X-,1789636188.3746257,2.9364895820617676,2.9626605500016012,-0.018424458850811124,-3.1279366746305576e-06,7.203223291761519e-05,-0.12165435111655501,4.553146751679029e-05,-0.0002269195515264523,-0.018248045306794042,2.4453040464125277e-07,-2.913604956886194e-07,-0.10660122738395936,1.5839037510475587e-06,-1.7547499663425212e-06,-0.012819592045597017,-4.2917258920691347e-07,-7.252430727699985e-05,-0.2,0.0,0.0,0.0,0.0,-2.962962962962963,-2.962962962962963,-8.68093392636382e-06,-1.5997039324311402e-05,-1.8791010552173397,-1.8815351527563364,-7.86335667489576e-05,7.1919677725533e-05
X-,1789636188.4008272,2.962691068649292,2.988440001001436,-0.020148820001324102,-3.5218992560535553e-06,7.256153389078127e-05,-0.12528028583027817,3.913474984581731e-05,-0.00024863429294831336,-0.018248045306794042,2.4453040464125277e-07,-2.913604956886194e-07,-0.10660122738395936,1.5839037510475587e-06,-1.7547499663425212e-06,-0.012819592045597017,-4.2917258920691347e-07,-7.252430727699985e-05,-0.2,0.0,0.0,0.0,0.0,-2.962962962962963,-2.962962962962963,-8.442937661001793e-06,-1.5208524152932057e-05,-1.923999648088845,-1.9255509837293519,-0.0024210283508552394,7.233728076095795e-05
X-,1789636188.4266028,2.988466739654541,3.0136896800031536,-0.02217822397421632,-4.00077402067274e-06,7.310289312046557e-05,-0.12899507430521212,2.2554229694311573e-05,-0.0003057492690250093,-0.018248045306794042,2.4453040464125277e-07,-2.913604956886194e-07,-0.10660122738395936,1.5839037510475587e-06,-1.7547499663425212e-06,-0.012819592045597017,-4.2917258920691347e-07,-7.252430727699985e-05,-0.2,0.0,0.0,0.0,0.0,-2.962962962962963,-2.962962962962963,-8.041142530501588e-06,-1.3808950138916032e-05,-2.0062710434771223,-2.006109415141079,-0.00014155691691703707,7.300183312644693e-05
X-,1789636188.4518523,3.013716220855713,3.036731506999786,-0.024395601188162714,-4.547780004295239e-06,7.365114803589556e-05,-0.13248446260476593,-5.909228876755832e-06,-0.00040218772564099096,-0.018248045306794042,2.4453040464125277e-07,-2.913604956886194e-07,-0.10660122738395936,1.5839037510475587e-06,-1.7547499663425212e-06,-0.012819592045597017,-4.2917258920691347e-07,-7.252430727699985e-05,-0.2,0.0,0.0,0.0,0.0,-2.962962962962963,-2.962962962962963,-7.877173379355895e-06,-1.3190690915543257e-05,-2.043938377147938,-2.04294698179998,-0.0008198396593174491,7.33722663358332e-05
X-,1789636188.4748971,3.0367610454559326,3.069090266002604,-0.026263685497815756,-5.040836159223017e-06,7.409955480109734e-05,-0.1350354166679728,-3.111912595084754e-05,-0.0004888575081313832,-0.03169989596000282,3.811809741597254e-07,-3.92094480688023e-07,-0.13451850653248015,1.3273123164421865e-06,-1.007339849994036e-06,-0.02480105315021098,-1.1170129659825908e-06,-0.00013982326916384122,-0.2,0.0,0.0,0.0,0.0,-2.962962962962963,-2.962962962962963,-7.615600293497948e-06,-1.2121436496315141e-05,-2.113046841212906,-2.110454149034186,-0.0028588214732359796,7.396727527596471e-05
X-,1789636188.5072508,3.0691146850585938,3.1013968240004033,-0.02885225841073612,-5.7517894547151616e-06,7.474471624556522e-05,-0.1380743672327747,-6.009605171185484e-05,-0.0005962963502894097,-0.03169989596000282,3.811809741597254e-07,-3.92094480688023e-07,-0.13451850653248015,1.3273123164421865e-06,-1.007339849994036e-06,-0.02480105315021098,-1.1170129659825908e-06,-0.00013982326916384122,-0.2,0.0,0.0,0.0,0.0,-2.962962962962963,-2.962962962962963,-7.43661923152672e-06,-1.1225275429183057e-05,-2.174744543195364,-2.1705849786944262,-1.5776050421544333e-05,7.46786372799046e-05
X-,1789636188.539562,3.101425886154175,3.126875428002677,-0.029266074559299162,-5.868085990244458e-06,7.484238915237658e-05,-0.13851259470221644,-6.405902488977106e-05,-0.000611924984387077,-0.03169989596000282,3.811809741597254e-07,-3.92094480688023e-07,-0.13451850653248015,1.3273123164421865e-06,-1.007339849994036e-06,-0.02480105315021098,-1.1170129659825908e-06,-0.00013982326916384122,-0.2,0.0,0.0,0.0,0.0,-2.962962962962963,-2.962962962962963,-7.43661923152672e-06,-1.1225275429183057e-05,-2.174744543195364,-2.1705849786944262,-1.5776050421544333e-05,7.46786372799046e-05
X-,1789636188.5650375,3.126901388168335,3.153873487000965,-0.029266074559299162,-5.868085990244458e-06,7.484238915237658e-05,-0.13851259470221644,-6.405902488977106e-05,-0.000611924984387077,-0.03169989596000282,3.811809741597254e-07,-3.92094480688023e-07,-0.13451850653248015,1.3273123164421865e-06,-1.007339849994036e-06,-0.02480105315021098,-1.1170129659825908e-06,-0.00013982326916384122,-0.2,0.0,0.0,0.0,0.0,-2.962962962962963,-2.962962962962963,-7.43661923152672e-06,-1.1225275429183057e-05,-2.174744543195364,-2.1705849786944262,-1.5776050421544333e-05,7.46786372799046e-05
X-,1789636188.5920372,3.1539011001586914,3.178090671000973,-0.029266074559299162,-5.868085990244458e-06,7.484238915237658e-05,-0.13851259470221644,-6.405902488977106e-05,-0.000611924984387077,-0.03169989596000282,3.811809741597254e-07,-3.92094480688023e-07,-0.13451850653248015,1.3273123164421865e-06,-1.007339849994036e-06,-0.02480105315021098,-1.1170129659825908e-06,-0.00013982326916384122,-0.2,0.0,0.0,0.0,0.0,-2.962962962962963,-2.962962962962963,-7.43661923152672e-06,-1.1225275429183057e-05,-2.174744543195364,-2.1705849786944262,-1.5776050421544333e-05,7.46786372799046e-05
X-,1789636188.6162543,3.1781182289123535,3.222315635000996,-0.029266074559299162,-5.868085990244458e-06,7.484238915237658e-05,-0.13851259470221644,-6.405902488977106e-05,-0.000611924984387077,-0.03169989596000282,3.811809741597254e-07,-3.92094480688023e-07,-0.13451850653248015,1.3273123164421865e-06,-1.007339849994036e-06,-0.02480105315021098,-1.1170129659825908e-06,-0.00013982326916384122,-0.2,0.0,0.0,0.0,0.0,-2.962962962962963,-2.962962962962963,-7.43661923152672e-06,-1.1225275429183057e-05,-2.174744543195364,-2.1705849786944262,-1.5776050421544333e-05,7.46786372799046e-05
X-,1789636188.6604788,3.2223427295684814,3.2487336810008856,-0.029266074559299162,-5.868085990244458e-06,7.484238915237658e-05,-0.13851259470221644,-6.405902488977106e-05,-0.000611924984387077,-0.03169989596000282,3.811809741597254e-07,-3.92094480688023e-07,-0.13451850653248015,1.3273123164421865e-06,-1.007339849994036e-06,-0.02480105315021098,-1.1170129659825908e-06,-0.00013982326916384122,-0.2,0.0,0.0,0.0,0.0,-2.962962962962963,-2.962962962962963,-7.43661923152672e-06,-1.1225275429183057e-05,-2.174744543195364,-2.1705849786944262,-1.5776050421544333e-05,7.46786372799046e-05
X-,1789636188.686896,3.2487599849700928,3.273208519000036,-0.029266074559299162,-5.868085990244458e-06,7.484238915237658e-05,-0.13851259470221644,-6.405902488977106e-05,-0.000611924984387077,-0.03169989596000282,3.811809741597254e-07,-3.92094480688023e-07,-0.13451850653248015,1.3273123164421865e-06,-1.007339849994036e-06,-0.02480105315021098,-1.1170129659825908e-06,-0.00013982326916384122,-0.2,0.0,0.0,0.0,0.0,-2.962962962962963,-2.962962962962963,-7.43661923152672e-06,-1.1225275429183057e-05,-2.174744543195364,-2.1705849786944262,-1.5776050421544333e-05,7.46786372799046e-05
X-,1789636188.7113698,3.273233652114868,3.303944011000567,-0.029266074559299162,-5.868085990244458e-06,7.484238915237658e-05,-0.13851259470221644,-6.405902488977106e-05,-0.000611924984387077,-0.03169989596000282,3.811809741597254e-07,-3.92094480688023e-07,-0.13451850653248015,1.3273123164421865e-06,-1.007339849994036e-06,-0.02480105315021098,-1.1170129659825908e-06,-0.00013982326916384122,-0.2,0.0,0.0,0.0,0.0,-2.962962962962963,-2.962962962962963,-7.43661923152672e-06,-1.1225275429183057e-05,-2.174744543195364,-2.1705849786944262,-1.5776050421544333e-05,7.46786372799046e-05
X-,1789636188.7421107,3.3039746284484863,3.332790416003263,-0.029266074559299162,-5.868085990244458e-06,7.484238915237658e-05,-0.13851259470221644,-6.405902488977106e-05,-0.000611924984387077,-0.03169989596000282,3.811809741597254e-07,-3.92094480688023e-07,-0.13451850653248015,1.3273123164421865e-06,-1.007339849994036e-06,-0.02480105315021098,-1.1170129659825908e-06,-0.00013982326916384122,-0.2,0.0,0.0,0.0,0.0,-2.962962962962963,-2.962962962962963,-7.43661923152672e-06,-1.1225275429183057e-05,-2.174744543195364,-2.1705849786944262,-1.5776050421544333e-05,7.46786372799046e-05
X-,1789636188.7709641,3.3328280448913574,3.356892993000656,-0.029266074559299162,-5.868085990244458e-06,7.484238915237658e-05,-0.13851259470221644,-6.405902488977106e-05,-0.000611924984387077,-0.03169989596000282,3.811809741597254e-07,-3.92094480688023e-07,-0.13451850653248015,1.3273123164421865e-06,-1.007339849994036e-06,-0.02480105315021098,-1.1170129659825908e-06,-0.00013982326916384122,-0.2,0.0,0.0,0.0,0.0,-2.962962962962963,-2.962962962962963,-7.43661923152672e-06,-1.1225275429183057e-05,-2.174744543195364,-2.1705849786944262,-1.5776050421544333e-05,7.46786372799046e-05
X-,1789636188.7950559,3.356919765472412,3.388504925002053,-0.029266074559299162,-5.868085990244458e-06,7.484238915237658e-05,-0.13851259470221644,-6.405902488977106e-05,-0.000611924984387077,-0.03169989596000282,3.811809741597254e-07,-3.92094480688023e-07,-0.13451850653248015,1.3273123164421865e-06,-1.007339849994036e-06,-0.02480105315021098,-1.1170129659825908e-06,-0.00013982326916384122,-0.2,0.0,0.0,0.0,0.0,-2.962962962962963,-2.962962962962963,-7.43661923152672e-06,-1.1225275429183057e-05,-2.174744543195364,-2.1705849786944262,-1.5776050421544333e-05,7.46786372799046e-05
X-,1789636188.8266656,3.3885295391082764,3.4208315540017793,-0.029266074559299162,-5.868085990244458e-06,7.484238915237658e-05,-0.13851259470221644,-6.405902488977106e-05,-0.000611924984387077,-0.03169989596000282,3.811809741597254e-07,-3.92094480688023e-07,-0.13451850653248015,1.3273123164421865e-06,-1.007339849994036e-06,-0.02480105315021098,-1.1170129659825908e-06,-0.00013982326916384122,-0.2,0.0,0.0,0.0,0.0,-2.962962962962963,-2.962962962962963,-7.43661923152672e-06,-1.1225275429183057e-05,-2.174744543195364,-2.1705849786944262,-1.5776050421544333e-05,7.46786372799046e-05
X-,1789636188.8589938,3.4208576679229736,3.4457649500000116,-0.029681186741814428,-5.984700541389332e-06,7.493918844782527e-05,-0.13893995063838602,-6.784491745187015e-05,-0.0006270420545261547,-0.03169989596000282,3.811809741597254e-07,-3.92094480688023e-07,-0.13451850653248015,1.3273123164421865e-06,-1.007339849994036e-06,-0.02480105315021098,-1.1170129659825908e-06,-0.00013982326916384122,-0.2,0.0,0.0,0.0,0.0,-2.962962962962963,-2.962962962962963,-7.43661923152672e-06,-1.1225275429183057e-05,-2.174744543195364,-2.1705849786944262,-1.5776050421544333e-05,7.46786372799046e-05
X-,1789636188.8839362,3.4458000659942627,3.4756346110007144,-0.03191570958282523,-6.617732121734325e-06,7.542558611900933e-05,-0.1410437517057868,-8.64034366456566e-05,-0.0007018806387478874,-0.03169989596000282,3.811809741597254e-07,-3.92094480688023e-07,-0.13451850653248015,1.3273123164421865e-06,-1.007339849994036e-06,-0.02480105315021098,-1.1170129659825908e-06,-0.00013982326916384122,-0.2,0.0,0.0,0.0,0.0,-2.962962962962963,-2.962962962962963,-7.325778129896321e-06,-1.04763836477062e-05,-2.2299633629746696,-2.2242575173190966,-0.0011252521835435035,7.528271708854478e-05
X-,1789636188.913799,3.47566294670105,3.502412298003037,-0.03446682546744302,-7.349965714064516e-06,7.592894053070152e-05,-0.1430799213417357,-0.00010500751227373459,-0.0007714841961382229,-0.03169989596000282,3.811809741597254e-07,-3.92094480688023e-07,-0.13451850653248015,1.3273123164421865e-06,-1.007339849994036e-06,-0.02480105315021098,-1.1170129659825908e-06,-0.00013982326916384122,-0.2,0.0,0.0,0.0,0.0,-2.962962962962963,-2.962962962962963,-7.295530221718138e-06,-1.0154696573394517e-05,-2.2554018182058018,-2.248929256494061,0.0006105251640650543,7.584462029835874e-05
X-,1789636188.9405901,3.5024540424346924,3.544583519000298,-0.03705166913468178,-8.156850535542652e-06,7.629465065320098e-05,-0.14479714047064804,-0.00011467240146896058,-0.0008112783518903656,-0.03169989596000282,3.811809741597254e-07,-3.92094480688023e-07,-0.13451850653248015,1.3273123164421865e-06,-1.007339849994036e-06,-0.02480105315021098,-1.1170129659825908e-06,-0.00013982326916384122,-0.2,0.0,0.0,0.0,0.0,-2.962962962962963,-2.962962962962963,-7.291694784861136e-06,-9.366650107089924e-06,-2.3242424757930347,-2.315433286464537,-0.0029136183144199725,7.629465065320098e-05
X-,1789636188.9827468,3.5446107387542725,3.579758561001654,-0.04112685213507199,-9.386395810890256e-06,7.627483851480132e-05,-0.14689911368896263,-0.00011543613752155514,-0.0008167206655948532,-0.046606914492828354,5.096177926371802e-07,-4.3636975075884165e-07,-0.1490701853287475,1.2259185878721009e-06,-4.427527007081861e-07,-0.046524305585565445,-6.868764482234587e-06,3.931833059134241e-05,-0.2,0.0,0.0,0.0,0.0,-2.962962962962963,-2.962962962962963,-7.428877938586709e-06,-8.751550481633785e-06,-2.383706179682437,-2.372396226477648,0.0012831544485109457,7.631826647872362e-05
X-,1789636189.0179203,3.5797841548919678,3.605632607002917,-0.043626588048773396,-1.0124820665985065e-05,7.61418597326278e-05,-0.14787011818514292,-0.00011604494358808531,-0.0008154414583984179,-0.046606914492828354,5.096177926371802e-07,-4.3636975075884165e-07,-0.1490701853287475,1.2259185878721009e-06,-4.427527007081861e-07,-0.046524305585565445,-6.868764482234587e-06,3.931833059134241e-05,-0.2,0.0,0.0,0.0,0.0,-2.962962962962963,-2.962962962962963,-7.503136957964784e-06,-8.599921363483531e-06,-2.4017877630091578,-2.389619821474033,6.48240932122566e-05,7.617589050105448e-05
X-,1789636189.0437946,3.605658531188965,3.6383489990003,-0.043626588048773396,-1.0124820665985065e-05,7.61418597326278e-05,-0.14787011818514292,-0.00011604494358808531,-0.0008154414583984179,-0.046606914492828354,5.096177926371802e-07,-4.3636975075884165e-07,-0.1490701853287475,1.2259185878721009e-06,-4.427527007081861e-07,-0.046524305585565445,-6.868764482234587e-06,3.931833059134241e-05,-0.2,0.0,0.0,0.0,0.0,-2.962962962962963,-2.962962962962963,-7.503136957964784e-06,-8.599921363483531e-06,-2.4017877630091578,-2.389619821474033,6.48240932122566e-05,7.617589050105448e-05
X-,1789636189.076506,3.6383697986602783,3.6632106580000254,-0.043626588048773396,-1.0124820665985065e-05,7.61418597326278e-05,-0.14787011818514292,-0.00011604494358808531,-0.0008154414583984179,-0.046606914492828354,5.096177926371802e-07,-4.3636975075884165e-07,-0.1490701853287475,1.2259185878721009e-06,-4.427527007081861e-07,-0.046524305585565445,-6.868764482234587e-06,3.931833059134241e-05,-0.2,0.0,0.0,0.0,0.0,-2.962962962962963,-2.962962962962963,-7.503136957964784e-06,-8.599921363483531e-06,-2.4017877630091578,-2.389619821474033,6.48240932122566e-05,7.617589050105448e-05
X-,1789636189.101375,3.663239002227783,3.693610678001278,-0.043626588048773396,-1.0124820665985065e-05,7.61418597326278e-05,-0.14787011818514292,-0.00011604494358808531,-0.0008154414583984179,-0.046606914492828354,5.096177926371802e-07,-4.3636975075884165e-07,-0.1490701853287475,1.2259185878721009e-06,-4.427527007081861e-07,-0.046524305585565445,-6.868764482234587e-06,3.931833059134241e-05,-0.2,0.0,0.0,0.0,0.0,-2.962962962962963,-2.962962962962963,-7.503136957964784e-06,-8.599921363483531e-06,-2.4017877630091578,-2.389619821474033,6.48240932122566e-05,7.617589050105448e-05
X-,1789636189.131778,3.6936419010162354,3.726531631000398,-0.043626588048773396,-1.0124820665985065e-05,7.61418597326278e-05,-0.14787011818514292,-0.00011604494358808531,-0.0008154414583984179,-0.046606914492828354,5.096177926371802e-07,-4.3636975075884165e-07,-0.1490701853287475,1.2259185878721009e-06,-4.427527007081861e-07,-0.046524305585565445,-6.868764482234587e-06,3.931833059134241e-05,-0.2,0.0,0.0,0.0,0.0,-2.962962962962963,-2.962962962962963,-7.503136957964784e-06,-8.599921363483531e-06,-2.4017877630091578,-2.389619821474033,6.48240932122566e-05,7.617589050105448e-05
X-,1789636189.164698,3.7265617847442627,3.753730625001481,-0.043626588048773396,-1.0124820665985065e-05,7.61418597326278e-05,-0.14787011818514292,-0.00011604494358808531,-0.0008154414583984179,-0.046606914492828354,5.096177926371802e-07,-4.3636975075884165e-07,-0.1490701853287475,1.2259185878721009e-06,-4.427527007081861e-07,-0.046524305585565445,-6.868764482234587e-06,3.931833059134241e-05,-0.2,0.0,0.0,0.0,0.0,-2.962962962962963,-2.962962962962963,-7.503136957964784e-06,-8.599921363483531e-06,-2.4017877630091578,-2.389619821474033,6.48240932122566e-05,7.617589050105448e-05
X-,1789636189.1918952,3.7537591457366943,3.784292465003091,-0.043626588048773396,-1.0124820665985065e-05,7.61418597326278e-05,-0.14787011818514292,-0.00011604494358808531,-0.0008154414583984179,-0.046606914492828354,5.096177926371802e-07,-4.3636975075884165e-07,-0.1490701853287475,1.2259185878721009e-06,-4.427527007081861e-07,-0.046524305585565445,-6.868764482234587e-06,3.931833059134241e-05,-0.2,0.0,0.0,0.0,0.0,-2.962962962962963,-2.962962962962963,-7.503136957964784e-06,-8.599921363483531e-06,-2.4017877630091578,-2.389619821474033,6.48240932122566e-05,7.617589050105448e-05
X-,1789636189.2224557,3.7843196392059326,3.8148510770006396,-0.043626588048773396,-1.0124820665985065e-05,7.61418597326278e-05,-0.14787011818514292,-0.00011604494358808531,-0.0008154414583984179,-0.046606914492828354,5.096177926371802e-07,-4.3636975075884165e-07,-0.1490701853287475,1.2259185878721009e-06,-4.427527007081861e-07,-0.046524305585565445,-6.868764482234587e-06,3.931833059134241e-05,-0.2,0.0,0.0,0.0,0.0,-2.962962962962963,-2.962962962962963,-7.503136957964784e-06,-8.599921363483531e-06,-2.4017877630091578,-2.389619821474033,6.48240932122566e-05,7.617589050105448e-05
X-,1789636189.2530212,3.814885139465332,3.8519475829998555,-0.043626588048773396,-1.0124820665985065e-05,7.61418597326278e-05,-0.14787011818514292,-0.00011604494358808531,-0.0008154414583984179,-0.046606914492828354,5.096177926371802e-07,-4.3636975075884165e-07,-0.1490701853287475,1.2259185878721009e-06,-4.427527007081861e-07,-0.046524305585565445,-6.868764482234587e-06,3.931833059134241e-05,-0.2,0.0,0.0,0.0,0.0,-2.962962962962963,-2.962962962962963,-7.503136957964784e-06,-8.599921363483531e-06,-2.4017877630091578,-2.389619821474033,6.48240932122566e-05,7.617589050105448e-05
X-,1789636189.2901154,3.8519792556762695,3.8868434470023203,-0.043626588048773396,-1.0124820665985065e-05,7.61418597326278e-05,-0.14787011818514292,-0.00011604494358808531,-0.0008154414583984179,-0.046606914492828354,5.096177926371802e-07,-4.3636975075884165e-07,-0.1490701853287475,1.2259185878721009e-06,-4.427527007081861e-07,-0.046524305585565445,-6.868764482234587e-06,3.931833059134241e-05,-0.2,0.0,0.0,0.0,0.0,-2.962962962962963,-2.962962962962963,-7.503136957964784e-06,-8.599921363483531e-06,-2.4017877630091578,-2.389619821474033,6.48240932122566e-05,7.617589050105448e-05
X-,1789636189.3250117,3.886875629425049,3.910800638001092,-0.043626588048773396,-1.0124820665985065e-05,7.61418597326278e-05,-0.14787011818514292,-0.00011604494358808531,-0.0008154414583984179,-0.046606914492828354,5.096177926371802e-07,-4.3636975075884165e-07,-0.1490701853287475,1.2259185878721009e-06,-4.427527007081861e-07,-0.046524305585565445,-6.868764482234587e-06,3.931833059134241e-05,-0.2,0.0,0.0,0.0,0.0,-2.962962962962963,-2.962962962962963,-7.503136957964784e-06,-8.599921363483531e-06,-2.4017877630091578,-2.389619821474033,6.48240932122566e-05,7.617589050105448e-05
X-,1789636189.3489676,3.9108314514160156,3.9405419690010604,-0.043626588048773396,-1.0124820665985065e-05,7.61418597326278e-05,-0.14787011818514292,-0.00011604494358808531,-0.0008154414583984179,-0.046606914492828354,5.096177926371802e-07,-4.3636975075884165e-07,-0.1490701853287475,1.2259185878721009e-06,-4.427527007081861e-07,-0.046524305585565445,-6.868764482234587e-06,3.931833059134241e-05,-0.2,0.0,0.0,0.0,0.0,-2.962962962962963,-2.962962962962963,-7.503136957964784e-06,-8.599921363483531e-06,-2.4017877630091578,-2.389619821474033,6.48240932122566e-05,7.617589050105448e-05
X-,1789636189.3787043,3.940568208694458,3.971182518002024,-0.043626588048773396,-1.0124820665985065e-05,7.61418597326278e-05,-0.14787011818514292,-0.00011604494358808531,-0.0008154414583984179,-0.046606914492828354,5.096177926371802e-07,-4.3636975075884165e-07,-0.1490701853287475,1.2259185878721009e-06,-4.427527007081861e-07,-0.046524305585565445,-6.868764482234587e-06,3.931833059134241e-05,-0.2,0.0,0.0,0.0,0.0,-2.962962962962963,-2.962962962962963,-7.503136957964784e-06,-8.599921363483531e-06,-2.4017877630091578,-2.389619821474033,6.48240932122566e-05,7.617589050105448e-05
X-,1789636189.4093478,3.9712116718292236,4.004013603000203,-0.04628934917198897,-1.0914495474811242e-05,7.597971080387243e-05,-0.14866986713835786,-0.00011708686341932348,-0.0008142371808000609,-0.046606914492828354,5.096177926371802e-07,-4.3636975075884165e-07,-0.1490701853287475,1.2259185878721009e-06,-4.427527007081861e-07,-0.046524305585565445,-6.868764482234587e-06,3.931833059134241e-05,-0.2,0.0,0.0,0.0,0.0,-2.962962962962963,-2.962962962962963,-7.682751576254532e-06,-8.378078031334724e-06,-2.4357732934342238,-2.421846960744407,0.0004977848829508175,7.597971080387243e-05
X-,1789636189.4421809,4.004044771194458,4.039652203002333,-0.050156554369646056,-1.2079984271222595e-05,7.569632840398652e-05,-0.14944309969925468,-0.00011800346112315701,-0.000809605983362649,-0.046606914492828354,5.096177926371802e-07,-4.3636975075884165e-07,-0.1490701853287475,1.2259185878721009e-06,-4.427527007081861e-07,-0.046524305585565445,-6.868764482234587e-06,3.931833059134241e-05,-0.2,0.0,0.0,0.0,0.0,-2.962962962962963,-2.962962962962963,-7.891979855401132e-06,-8.25762324740964e-06,-2.4673083627024632,-2.451550176229829,-0.0009553679316121182,7.577902934980917e-05
X-,1789636189.4778192,4.039683103561401,4.068443315001787,-0.05194704566586275,-1.2622865276919887e-05,7.556944098534947e-05,-0.14965770804653364,-0.00011870956640828206,-0.0008079692631475909,-0.046606914492828354,5.096177926371802e-07,-4.3636975075884165e-07,-0.1490701853287475,1.2259185878721009e-06,-4.427527007081861e-07,-0.046524305585565445,-6.868764482234587e-06,3.931833059134241e-05,-0.2,0.0,0.0,0.0,0.0,-2.962962962962963,-2.962962962962963,-8.137350855363934e-06,-8.257900415031827e-06,-2.496924519535184,-2.4792098422601643,0.0003241245707607687,7.566807341570918e-05
X-,1789636189.5066054,4.068469285964966,4.116125029002433,-0.055981794698900605,-1.3869128651368759e-05,7.526449228198684e-05,-0.14983151954196106,-0.00011941933059965871,-0.0008003651818531219,-0.06254342796103309,6.485104424660047e-07,-4.3554930484166966e-07,-0.1593651346826382,1.3193843741872602e-06,8.204459171719316e-09,-0.06649064317632467,-1.165527272088239e-05,4.274452876229533e-05,-0.2,0.0,0.0,0.0,0.0,-2.962962962962963,-2.962962962962963,-8.396033230440025e-06,-8.36081427824098e-06,-2.5251835356302643,-2.5053621208979,-0.002821467912748248,7.532708709548308e-05
X-,1789636189.5542903,4.116154193878174,4.147136475003208,-0.05822372907156201,-1.4569658019368027e-05,7.511847758877404e-05,-0.1497462764095075,-0.00011958382474049103,-0.0007945668544940834,-0.06254342796103309,6.485104424660047e-07,-4.3554930484166966e-07,-0.1593651346826382,1.3193843741872602e-06,8.204459171719316e-09,-0.06649064317632467,-1.165527272088239e-05,4.274452876229533e-05,-0.2,0.0,0.0,0.0,0.0,-2.962962962962963,-2.962962962962963,-8.669065480582105e-06,-8.586299631296868e-06,-2.552514286145368,-2.530919391844036,-0.0017348419912267604,7.513009925404168e-05
X-,1789636189.5853035,4.147167444229126,4.179795795000246,-0.05852253108123365,-1.466389388309064e-05,7.510564877277283e-05,-0.14972501743442831,-0.00011940998253560784,-0.0007933631566815234,-0.06254342796103309,6.485104424660047e-07,-4.3554930484166966e-07,-0.1593651346826382,1.3193843741872602e-06,8.204459171719316e-09,-0.06649064317632467,-1.165527272088239e-05,4.274452876229533e-05,-0.2,0.0,0.0,0.0,0.0,-2.962962962962963,-2.962962962962963,-8.669065480582105e-06,-8.586299631296868e-06,-2.552514286145368,-2.530919391844036,-0.0017348419912267604,7.513009925404168e-05
X-,1789636189.6179698,4.179833650588989,4.208184314000391,-0.05852253108123365,-1.466389388309064e-05,7.510564877277283e-05,-0.14972501743442831,-0.00011940998253560784,-0.0007933631566815234,-0.06254342796103309,6.485104424660047e-07,-4.3554930484166966e-07,-0.1593651346826382,1.3193843741872602e-06,8.204459171719316e-09,-0.06649064317632467,-1.165527272088239e-05,4.274452876229533e-05,-0.2,0.0,0.0,0.0,0.0,-2.962962962962963,-2.962962962962963,-8.669065480582105e-06,-8.586299631296868e-06,-2.552514286145368,-2.530919391844036,-0.0017348419912267604,7.513009925404168e-05
X-,1789636189.646344,4.208207845687866,4.236358805002965,-0.05852253108123365,-1.466389388309064e-05,7.510564877277283e-05,-0.14972501743442831,-0.00011940998253560784,-0.0007933631566815234,-0.06254342796103309,6.485104424660047e-07,-4.3554930484166966e-07,-0.1593651346826382,1.3193843741872602e-06,8.204459171719316e-09,-0.06649064317632467,-1.165527272088239e-05,4.274452876229533e-05,-0.2,0.0,0.0,0.0,0.0,-2.962962962962963,-2.962962962962963,-8.669065480582105e-06,-8.586299631296868e-06,-2.552514286145368,-2.530919391844036,-0.0017348419912267604,7.513009925404168e-05
X-,1789636189.674522,4.236385822296143,4.265430344999913,-0.05852253108123365,-1.466389388309064e-05,7.510564877277283e-05,-0.14972501743442831,-0.00011940998253560784,-0.0007933631566815234,-0.06254342796103309,6.485104424660047e-07,-4.3554930484166966e-07,-0.1593651346826382,1.3193843741872602e-06,8.204459171719316e-09,-0.06649064317632467,-1.165527272088239e-05,4.274452876229533e-05,-0.2,0.0,0.0,0.0,0.0,-2.962962962962963,-2.962962962962963,-8.669065480582105e-06,-8.586299631296868e-06,-2.552514286145368,-2.530919391844036,-0.0017348419912267604,7.513009925404168e-05
X-,1789636189.7035937,4.265457630157471,4.290330728999834,-0.05852253108123365,-1.466389388309064e-05,7.510564877277283e-05,-0.14972501743442831,-0.00011940998253560784,-0.0007933631566815234,-0.06254342796103309,6.485104424660047e-07,-4.3554930484166966e-07,-0.1593651346826382,1.3193843741872602e-06,8.204459171719316e-09,-0.06649064317632467,-1.165527272088239e-05,4.274452876229533e-05,-0.2,0.0,0.0,0.0,0.0,-2.962962962962963,-2.962962962962963,-8.669065480582105e-06,-8.586299631296868e-06,-2.552514286145368,-2.530919391844036,-0.0017348419912267604,7.513009925404168e-05
X-,1789636189.7284963,4.29036021232605,4.330825940000068,-0.05852253108123365,-1.466389388309064e-05,7.510564877277283e-05,-0.14972501743442831,-0.00011940998253560784,-0.0007933631566815234,-0.06254342796103309,6.485104424660047e-07,-4.3554930484166966e-07,-0.1593651346826382,1.3193843741872602e-06,8.204459171719316e-09,-0.06649064317632467,-1.165527272088239e-05,4.274452876229533e-05,-0.2,0.0,0.0,0.0,0.0,-2.962962962962963,-2.962962962962963,-8.669065480582105e-06,-8.586299631296868e-06,-2.552514286145368,-2.530919391844036,-0.0017348419912267604,7.513009925404168e-05
X-,1789636189.7689922,4.330856084823608,4.3601148600027955,-0.05852253108123365,-1.466389388309064e-05,7.510564877277283e-05,-0.14972501743442831,-0.00011940998253560784,-0.0007933631566815234,-0.06254342796103309,6.485104424660047e-07,-4.3554930484166966e-07,-0.1593651346826382,1.3193843741872602e-06,8.204459171719316e-09,-0.06649064317632467,-1.165527272088239e-05,4.274452876229533e-05,-0.2,0.0,0.0,0.0,0.0,-2.962962962962963,-2.962962962962963,-8.669065480582105e-06,-8.586299631296868e-06,-2.552514286145368,-2.530919391844036,-0.0017348419912267604,7.513009925404168e-05
X-,1789636189.7982767,4.360140562057495,4.386619661003351,-0.05852253108123365,-1.466389388309064e-05,7.510564877277283e-05,-0.14972501743442831,-0.00011940998253560784,-0.0007933631566815234,-0.06254342796103309,6.485104424660047e-07,-4.3554930484166966e-07,-0.1593651346826382,1.3193843741872602e-06,8.204459171719316e-09,-0.06649064317632467,-1.165527272088239e-05,4.274452876229533e-05,-0.2,0.0,0.0,0.0,0.0,-2.962962962962963,-2.962962962962963,-8.669065480582105e-06,-8.586299631296868e-06,-2.552514286145368,-2.530919391844036,-0.0017348419912267604,7.513009925404168e-05
X-,1789636189.824785,4.386648893356323,4.415981391000969,-0.05852253108123365,-1.466389388309064e-05,7.510564877277283e-05,-0.14972501743442831,-0.00011940998253560784,-0.0007933631566815234,-0.06254342796103309,6.485104424660047e-07,-4.3554930484166966e-07,-0.1593651346826382,1.3193843741872602e-06,8.204459171719316e-09,-0.06649064317632467,-1.165527272088239e-05,4.274452876229533e-05,-0.2,0.0,0.0,0.0,0.0,-2.962962962962963,-2.962962962962963,-8.669065480582105e-06,-8.586299631296868e-06,-2.552514286145368,-2.530919391844036,-0.0017348419912267604,7.513009925404168e-05
X-,1789636189.8541486,4.416012525558472,4.4478645900017,-0.05852253108123365,-1.466389388309064e-05,7.510564877277283e-05,-0.14972501743442831,-0.00011940998253560784,-0.0007933631566815234,-0.06254342796103309,6.485104424660047e-07,-4.3554930484166966e-07,-0.1593651346826382,1.3193843741872602e-06,8.204459171719316e-09,-0.06649064317632467,-1.165527272088239e-05,4.274452876229533e-05,-0.2,0.0,0.0,0.0,0.0,-2.962962962962963,-2.962962962962963,-8.669065480582105e-06,-8.586299631296868e-06,-2.552514286145368,-2.530919391844036,-0.0017348419912267604,7.513009925404168e-05
X-,1789636189.88603,4.447893857955933,4.475156397002138,-0.05852253108123365,-1.466389388309064e-05,7.510564877277283e-05,-0.14972501743442831,-0.00011940998253560784,-0.0007933631566815234,-0.06254342796103309,6.485104424660047e-07,-4.3554930484166966e-07,-0.1593651346826382,1.3193843741872602e-06,8.204459171719316e-09,-0.06649064317632467,-1.165527272088239e-05,4.274452876229533e-05,-0.2,0.0,0.0,0.0,0.0,-2.962962962962963,-2.962962962962963,-8.669065480582105e-06,-8.586299631296868e-06,-2.552514286145368,-2.530919391844036,-0.0017348419912267604,7.513009925404168e-05
X-,1789636189.9133184,4.475182294845581,4.506715688999975,-0.059418662128596395,-1.4943612896302187e-05,7.506144301940643e-05,-0.149647403072015,-0.00011901124694015057,-0.0007896536724066672,-0.06254342796103309,6.485104424660047e-07,-4.3554930484166966e-07,-0.1593651346826382,1.3193843741872602e-06,8.204459171719316e-09,-0.06649064317632467,-1.165527272088239e-05,4.274452876229533e-05,-0.2,0.0,0.0,0.0,0.0,-2.962962962962963,-2.962962962962963,-8.809671245835204e-06,-8.745655422970344e-06,-2.565956006157887,-2.543609244126655,-0.0017348419912267604,7.513009925404168e-05
X-,1789636189.9448795,4.506743431091309,4.547009030000481,-0.06255028259315251,-1.5931931142764734e-05,7.49549994962741e-05,-0.1492130416408448,-0.00011891755415843535,-0.0007778962398075419,-0.06254342796103309,6.485104424660047e-07,-4.3554930484166966e-07,-0.1593651346826382,1.3193843741872602e-06,8.204459171719316e-09,-0.06649064317632467,-1.165527272088239e-05,4.274452876229533e-05,-0.2,0.0,0.0,0.0,0.0,-2.962962962962963,-2.962962962962963,-9.08741960703452e-06,-9.168852397323235e-06,-2.592722833295081,-2.5687798877822736,-0.00035681038992175135,7.49549994962741e-05
X-,1789636189.9851744,4.547038316726685,4.587212066002394,-0.06537383913393321,-1.6832313284423188e-05,7.492958338471644e-05,-0.14860121159174888,-0.00011806252419917164,-0.0007640239767500553,-0.06254342796103309,6.485104424660047e-07,-4.3554930484166966e-07,-0.1593651346826382,1.3193843741872602e-06,8.204459171719316e-09,-0.06649064317632467,-1.165527272088239e-05,4.274452876229533e-05,-0.2,0.0,0.0,0.0,0.0,-2.962962962962963,-2.962962962962963,-9.361272836905243e-06,-9.736129717552444e-06,-2.61985234579776,-2.594168664526551,-0.0027024937121836196,7.493935018613151e-05
X-,1789636190.0253744,4.587238311767578,4.61936282500028,-0.0686261841474986,-1.7875021745707327e-05,7.503504302268476e-05,-0.1476263534875391,-0.00011624970656025116,-0.0007441857218049151,-0.06254342796103309,6.485104424660047e-07,-4.3554930484166966e-07,-0.1593651346826382,1.3193843741872602e-06,8.204459171719316e-09,-0.06649064317632467,-1.165527272088239e-05,4.274452876229533e-05,-0.2,0.0,0.0,0.0,0.0,-2.962962962962963,-2.962962962962963,-9.629096749286248e-06,-1.046634029577831e-05,-2.6480085345637616,-2.6204295611324757,0.0020416542349043793,7.497003560275437e-05
X-,1789636190.0575316,4.61939549446106,4.674945828002819,-0.06980315763192554,-1.8253216955085166e-05,7.51055308687124e-05,-0.1471982728712751,-0.0001152465951748146,-0.0007351622044795321,-0.07932340329490246,8.243826467034708e-07,-4.5601937628766344e-07,-0.1677997533394439,1.6856369764552242e-06,-2.047007144599379e-07,-0.08473331770587697,-1.4412202948857891e-05,-4.293067417338037e-05,-0.2,0.0,0.0,0.0,0.0,-2.962962962962963,-2.962962962962963,-9.75857968299465e-06,-1.0896128646464831e-05,-2.662705967976039,-2.6341164354168884,-2.886790955736575e-06,7.5123871261511e-05
X-,1789636190.1132576,4.675121545791626,4.707259208000323,-0.07287501783266656,-1.923670994793958e-05,7.542881302914397e-05,-0.14587681968141775,-0.00011171130847119549,-0.0007069720113620717,-0.07932340329490246,8.243826467034708e-07,-4.5601937628766344e-07,-0.1677997533394439,1.6856369764552242e-06,-2.047007144599379e-07,-0.08473331770587697,-1.4412202948857891e-05,-4.293067417338037e-05,-0.2,0.0,0.0,0.0,0.0,-2.962962962962963,-2.962962962962963,-9.997029506436661e-06,-1.1885574044967484e-05,-2.693865736519117,-2.6631239639988316,-0.000487487122462957,7.529794319655696e-05
X-,1789636190.1454225,4.707286357879639,4.734599686002184,-0.07287501783266656,-1.923670994793958e-05,7.542881302914397e-05,-0.14587681968141775,-0.00011171130847119549,-0.0007069720113620717,-0.07932340329490246,8.243826467034708e-07,-4.5601937628766344e-07,-0.1677997533394439,1.6856369764552242e-06,-2.047007144599379e-07,-0.08473331770587697,-1.4412202948857891e-05,-4.293067417338037e-05,-0.2,0.0,0.0,0.0,0.0,-2.962962962962963,-2.962962962962963,-9.997029506436661e-06,-1.1885574044967484e-05,-2.693865736519117,-2.6631239639988316,-0.000487487122462957,7.529794319655696e-05
X-,1789636190.1727607,4.734624624252319,4.760848082001758,-0.07287501783266656,-1.923670994793958e-05,7.542881302914397e-05,-0.14587681968141775,-0.00011171130847119549,-0.0007069720113620717,-0.07932340329490246,8.243826467034708e-07,-4.5601937628766344e-07,-0.1677997533394439,1.6856369764552242e-06,-2.047007144599379e-07,-0.08473331770587697,-1.4412202948857891e-05,-4.293067417338037e-05,-0.2,0.0,0.0,0.0,0.0,-2.962962962962963,-2.962962962962963,-9.997029506436661e-06,-1.1885574044967484e-05,-2.693865736519117,-2.6631239639988316,-0.000487487122462957,7.529794319655696e-05
X-,1789636190.199012,4.760875940322876,4.790116885000316,-0.07287501783266656,-1.923670994793958e-05,7.542881302914397e-05,-0.14587681968141775,-0.00011171130847119549,-0.0007069720113620717,-0.07932340329490246,8.243826467034708e-07,-4.5601937628766344e-07,-0.1677997533394439,1.6856369764552242e-06,-2.047007144599379e-07,-0.08473331770587697,-1.4412202948857891e-05,-4.293067417338037e-05,-0.2,0.0,0.0,0.0,0.0,-2.962962962962963,-2.962962962962963,-9.997029506436661e-06,-1.1885574044967484e-05,-2.693865736519117,-2.6631239639988316,-0.000487487122462957,7.529794319655696e-05
X-,1789636190.228279,4.790143013000488,4.819267621001927,-0.07287501783266656,-1.923670994793958e-05,7.542881302914397e-05,-0.14587681968141775,-0.00011171130847119549,-0.0007069720113620717,-0.07932340329490246,8.243826467034708e-07,-4.5601937628766344e-07,-0.1677997533394439,1.6856369764552242e-06,-2.047007144599379e-07,-0.08473331770587697,-1.4412202948857891e-05,-4.293067417338037e-05,-0.2,0.0,0.0,0.0,0.0,-2.962962962962963,-2.962962962962963,-9.997029506436661e-06,-1.1885574044967484e-05,-2.693865736519117,-2.6631239639988316,-0.000487487122462957,7.529794319655696e-05
X-,1789636190.257426,4.819289922714233,4.849031877001835,-0.07287501783266656,-1.923670994793958e-05,7.542881302914397e-05,-0.14587681968141775,-0.00011171130847119549,-0.0007069720113620717,-0.07932340329490246,8.243826467034708e-07,-4.5601937628766344e-07,-0.1677997533394439,1.6856369764552242e-06,-2.047007144599379e-07,-0.08473331770587697,-1.4412202948857891e-05,-4.293067417338037e-05,-0.2,0.0,0.0,0.0,0.0,-2.962962962962963,-2.962962962962963,-9.997029506436661e-06,-1.1885574044967484e-05,-2.693865736519117,-2.6631239639988316,-0.000487487122462957,7.529794319655696e-05
X-,1789636190.2871974,4.8490612506866455,4.880445165999845,-0.07287501783266656,-1.923670994793958e-05,7.542881302914397e-05,-0.14587681968141775,-0.00011171130847119549,-0.0007069720113620717,-0.07932340329490246,8.243826467034708e-07,-4.5601937628766344e-07,-0.1677997533394439,1.6856369764552242e-06,-2.047007144599379e-07,-0.08473331770587697,-1.4412202948857891e-05,-4.293067417338037e-05,-0.2,0.0,0.0,0.0,0.0,-2.962962962962963,-2.962962962962963,-9.997029506436661e-06,-1.1885574044967484e-05,-2.693865736519117,-2.6631239639988316,-0.000487487122462957,7.529794319655696e-05
X-,1789636190.3186116,4.8804755210876465,4.905534220000845,-0.07287501783266656,-1.923670994793958e-05,7.542881302914397e-05,-0.14587681968141775,-0.00011171130847119549,-0.0007069720113620717,-0.07932340329490246,8.243826467034708e-07,-4.5601937628766344e-07,-0.1677997533394439,1.6856369764552242e-06,-2.047007144599379e-07,-0.08473331770587697,-1.4412202948857891e-05,-4.293067417338037e-05,-0.2,0.0,0.0,0.0,0.0,-2.962962962962963,-2.962962962962963,-9.997029506436661e-06,-1.1885574044967484e-05,-2.693865736519117,-2.6631239639988316,-0.000487487122462957,7.529794319655696e-05
X-,1789636190.3437212,4.905585050582886,4.9337314250005875,-0.07287501783266656,-1.923670994793958e-05,7.542881302914397e-05,-0.14587681968141775,-0.00011171130847119549,-0.0007069720113620717,-0.07932340329490246,8.243826467034708e-07,-4.5601937628766344e-07,-0.1677997533394439,1.6856369764552242e-06,-2.047007144599379e-07,-0.08473331770587697,-1.4412202948857891e-05,-4.293067417338037e-05,-0.2,0.0,0.0,0.0,0.0,-2.962962962962963,-2.962962962962963,-9.997029506436661e-06,-1.1885574044967484e-05,-2.693865736519117,-2.6631239639988316,-0.000487487122462957,7.529794319655696e-05
X-,1789636190.3718982,4.933762073516846,4.958347776002483,-0.07287501783266656,-1.923670994793958e-05,7.542881302914397e-05,-0.14587681968141775,-0.00011171130847119549,-0.0007069720113620717,-0.07932340329490246,8.243826467034708e-07,-4.5601937628766344e-07,-0.1677997533394439,1.6856369764552242e-06,-2.047007144599379e-07,-0.08473331770587697,-1.4412202948857891e-05,-4.293067417338037e-05,-0.2,0.0,0.0,0.0,0.0,-2.962962962962963,-2.962962962962963,-9.997029506436661e-06,-1.1885574044967484e-05,-2.693865736519117,-2.6631239639988316,-0.000487487122462957,7.529794319655696e-05
X-,1789636190.3965113,4.9583752155303955,4.991737800002738,-0.07287501783266656,-1.923670994793958e-05,7.542881302914397e-05,-0.14587681968141775,-0.00011171130847119549,-0.0007069720113620717,-0.07932340329490246,8.243826467034708e-07,-4.5601937628766344e-07,-0.1677997533394439,1.6856369764552242e-06,-2.047007144599379e-07,-0.08473331770587697,-1.4412202948857891e-05,-4.293067417338037e-05,-0.2,0.0,0.0,0.0,0.0,-2.962962962962963,-2.962962962962963,-9.997029506436661e-06,-1.1885574044967484e-05,-2.693865736519117,-2.6631239639988316,-0.000487487122462957,7.529794319655696e-05
X-,1789636190.4299054,4.991769313812256,5.021021457003371,-0.07287501783266656,-1.923670994793958e-05,7.542881302914397e-05,-0.14587681968141775,-0.00011171130847119549,-0.0007069720113620717,-0.07932340329490246,8.243826467034708e-07,-4.5601937628766344e-07,-0.1677997533394439,1.6856369764552242e-06,-2.047007144599379e-07,-0.08473331770587697,-1.4412202948857891e-05,-4.293067417338037e-05,-0.2,0.0,0.0,0.0,0.0,-2.962962962962963,-2.962962962962963,-9.997029506436661e-06,-1.1885574044967484e-05,-2.693865736519117,-2.6631239639988316,-0.000487487122462957,7.529794319655696e-05
X-,1789636190.4591882,5.021052122116089,5.049066007002693,-0.07287501783266656,-1.923670994793958e-05,7.542881302914397e-05,-0.14587681968141775,-0.00011171130847119549,-0.0007069720113620717,-0.07932340329490246,8.243826467034708e-07,-4.5601937628766344e-07,-0.1677997533394439,1.6856369764552242e-06,-2.047007144599379e-07,-0.08473331770587697,-1.4412202948857891e-05,-4.293067417338037e-05,-0.2,0.0,0.0,0.0,0.0,-2.962962962962963,-2.962962962962963,-9.997029506436661e-06,-1.1885574044967484e-05,-2.693865736519117,-2.6631239639988316,-0.000487487122462957,7.529794319655696e-05
X-,1789636190.4872289,5.049092769622803,5.073318785001902,-0.07447230726016234,-1.9746067829973582e-05,7.567979267647961e-05,-0.14506364671572222,-0.00010910637100171246,-0.0006880491293181691,-0.07932340329490246,8.243826467034708e-07,-4.5601937628766344e-07,-0.1677997533394439,1.6856369764552242e-06,-2.047007144599379e-07,-0.08473331770587697,-1.4412202948857891e-05,-4.293067417338037e-05,-0.2,0.0,0.0,0.0,0.0,-2.962962962962963,-2.962962962962963,-1.0108328938329691e-05,-1.2454500950553893e-05,-2.710568437723931,-2.678668917518102,-0.002362444370485193,7.54916597545735e-05
X-,1789636190.5114806,5.073344469070435,5.10319719400286,-0.07577229586050709,-2.0156698354797942e-05,7.593569417304692e-05,-0.14433223297167624,-0.00010676854013376511,-0.0006692275547290161,-0.07932340329490246,8.243826467034708e-07,-4.5601937628766344e-07,-0.1677997533394439,1.6856369764552242e-06,-2.047007144599379e-07,-0.08473331770587697,-1.4412202948857891e-05,-4.293067417338037e-05,-0.2,0.0,0.0,0.0,0.0,-2.962962962962963,-2.962962962962963,-1.0215968414328813e-05,-1.3079296676821173e-05,-2.728197623638201,-2.695040807614443,-0.0032076958067130384,7.575772081503682e-05
X-,1789636190.5413585,5.103222370147705,5.134666284000559,-0.07906236799235183,-2.119299107153534e-05,7.684344668835557e-05,-0.14217658773279376,-0.00010074352928119933,-0.000608850964704437,-0.07932340329490246,8.243826467034708e-07,-4.5601937628766344e-07,-0.1677997533394439,1.6856369764552242e-06,-2.047007144599379e-07,-0.08473331770587697,-1.4412202948857891e-05,-4.293067417338037e-05,-0.2,0.0,0.0,0.0,0.0,-2.962962962962963,-2.962962962962963,-1.0402389148289615e-05,-1.448985744545439e-05,-2.7668677049590884,-2.7303291476706675,-0.0004559141300089678,7.657339231689391e-05
X-,1789636190.57283,5.13469386100769,5.160712445001991,-0.08117962167950084,-2.1861624251857427e-05,7.76527808404097e-05,-0.1405305716755583,-9.493459382425975e-05,-0.0005553344700160055,-0.07932340329490246,8.243826467034708e-07,-4.5601937628766344e-07,-0.1677997533394439,1.6856369764552242e-06,-2.047007144599379e-07,-0.08473331770587697,-1.4412202948857891e-05,-4.293067417338037e-05,-0.2,0.0,0.0,0.0,0.0,-2.962962962962963,-2.962962962962963,-1.0490261529660927e-05,-1.5295074772936346e-05,-2.788253212187559,-2.7498170651228193,-0.004181074942034508,7.759432459203825e-05
X-,1789636190.5988748,5.160738706588745,5.194338159002655,-0.08382380282903364,-2.2678715101126685e-05,7.89591391076121e-05,-0.1381368567184065,-8.47239715710011e-05,-0.00046603783352287186,-0.07932340329490246,8.243826467034708e-07,-4.5601937628766344e-07,-0.1677997533394439,1.6856369764552242e-06,-2.047007144599379e-07,-0.08473331770587697,-1.4412202948857891e-05,-4.293067417338037e-05,-0.2,0.0,0.0,0.0,0.0,-2.962962962962963,-2.962962962962963,-1.0640840945264074e-05,-1.709859198228969e-05,-2.8357870838996004,-2.793472703468783,0.0015761127229196275,7.82308261794063e-05
X-,1789636190.6324995,5.194363355636597,5.2228980860018055,-0.08601317461977753,-2.3340691669585488e-05,8.030600552803464e-05,-0.135824615082239,-7.363359037413093e-05,-0.000361820248795367,-0.09725259571574377,1.0807963614110902e-06,-6.427328721760255e-07,-0.1792919242095637,2.4823765556249946e-06,-1.8671349588836195e-06,-0.10072917396623259,-1.9391051140011115e-05,-8.803620069475214e-05,-0.2,0.0,0.0,0.0,0.0,-2.962962962962963,-2.962962962962963,-1.0767338710415686e-05,-1.9184363662105852e-05,-2.890011458583475,-2.843992716072174,0.0007446879088585915,7.995056948049837e-05
X-,1789636190.661068,5.222931861877441,5.250891544001206,-0.08709358275452991,-2.36685926612943e-05,8.105424989144651e-05,-0.1343963596282481,-6.568455113834762e-05,-0.0002817819379894865,-0.09725259571574377,1.0807963614110902e-06,-6.427328721760255e-07,-0.1792919242095637,2.4823765556249946e-06,-1.8671349588836195e-06,-0.10072917396623259,-1.9391051140011115e-05,-8.803620069475214e-05,-0.2,0.0,0.0,0.0,0.0,-2.962962962962963,-2.962962962962963,-1.082405981644996e-05,-2.032781240224324e-05,-2.9193391638668036,-2.871671155886853,-0.00243049050758014,8.086223015873727e-05
X-,1789636190.6890569,5.25092077255249,5.277955645000475,-0.08709358275452991,-2.36685926612943e-05,8.105424989144651e-05,-0.1343963596282481,-6.568455113834762e-05,-0.0002817819379894865,-0.09725259571574377,1.0807963614110902e-06,-6.427328721760255e-07,-0.1792919242095637,2.4823765556249946e-06,-1.8671349588836195e-06,-0.10072917396623259,-1.9391051140011115e-05,-8.803620069475214e-05,-0.2,0.0,0.0,0.0,0.0,-2.962962962962963,-2.962962962962963,-1.082405981644996e-05,-2.032781240224324e-05,-2.9193391638668036,-2.871671155886853,-0.00243049050758014,8.086223015873727e-05
X-,1789636190.7161179,5.277981758117676,5.305690598001092,-0.08709358275452991,-2.36685926612943e-05,8.105424989144651e-05,-0.1343963596282481,-6.568455113834762e-05,-0.0002817819379894865,-0.09725259571574377,1.0807963614110902e-06,-6.427328721760255e-07,-0.1792919242095637,2.4823765556249946e-06,-1.8671349588836195e-06,-0.10072917396623259,-1.9391051140011115e-05,-8.803620069475214e-05,-0.2,0.0,0.0,0.0,0.0,-2.962962962962963,-2.962962962962963,-1.082405981644996e-05,-2.032781240224324e-05,-2.9193391638668036,-2.871671155886853,-0.00243049050758014,8.086223015873727e-05
X-,1789636190.7438552,5.3057191371917725,5.331246699002804,-0.08709358275452991,-2.36685926612943e-05,8.105424989144651e-05,-0.1343963596282481,-6.568455113834762e-05,-0.0002817819379894865,-0.09725259571574377,1.0807963614110902e-06,-6.427328721760255e-07,-0.1792919242095637,2.4823765556249946e-06,-1.8671349588836195e-06,-0.10072917396623259,-1.9391051140011115e-05,-8.803620069475214e-05,-0.2,0.0,0.0,0.0,0.0,-2.962962962962963,-2.962962962962963,-1.082405981644996e-05,-2.032781240224324e-05,-2.9193391638668036,-2.871671155886853,-0.00243049050758014,8.086223015873727e-05
X-,1789636190.769407,5.331270933151245,5.3570003470013035,-0.08709358275452991,-2.36685926612943e-05,8.105424989144651e-05,-0.1343963596282481,-6.568455113834762e-05,-0.0002817819379894865,-0.09725259571574377,1.0807963614110902e-06,-6.427328721760255e-07,-0.1792919242095637,2.4823765556249946e-06,-1.8671349588836195e-06,-0.10072917396623259,-1.9391051140011115e-05,-8.803620069475214e-05,-0.2,0.0,0.0,0.0,0.0,-2.962962962962963,-2.962962962962963,-1.082405981644996e-05,-2.032781240224324e-05,-2.9193391638668036,-2.871671155886853,-0.00243049050758014,8.086223015873727e-05
X-,1789636190.7951624,5.3570263385772705,5.3804292420027195,-0.08709358275452991,-2.36685926612943e-05,8.105424989144651e-05,-0.1343963596282481,-6.568455113834762e-05,-0.0002817819379894865,-0.09725259571574377,1.0807963614110902e-06,-6.427328721760255e-07,-0.1792919242095637,2.4823765556249946e-06,-1.8671349588836195e-06,-0.10072917396623259,-1.9391051140011115e-05,-8.803620069475214e-05,-0.2,0.0,0.0,0.0,0.0,-2.962962962962963,-2.962962962962963,-1.082405981644996e-05,-2.032781240224324e-05,-2.9193391638668036,-2.871671155886853,-0.00243049050758014,8.086223015873727e-05
X-,1789636190.8185937,5.380457639694214,5.4077645120014495,-0.08709358275452991,-2.36685926612943e-05,8.105424989144651e-05,-0.1343963596282481,-6.568455113834762e-05,-0.0002817819379894865,-0.09725259571574377,1.0807963614110902e-06,-6.427328721760255e-07,-0.1792919242095637,2.4823765556249946e-06,-1.8671349588836195e-06,-0.10072917396623259,-1.9391051140011115e-05,-8.803620069475214e-05,-0.2,0.0,0.0,0.0,0.0,-2.962962962962963,-2.962962962962963,-1.082405981644996e-05,-2.032781240224324e-05,-2.9193391638668036,-2.871671155886853,-0.00243049050758014,8.086223015873727e-05
X-,1789636190.8459256,5.407789468765259,5.435377231002349,-0.08709358275452991,-2.36685926612943e-05,8.105424989144651e-05,-0.1343963596282481,-6.568455113834762e-05,-0.0002817819379894865,-0.09725259571574377,1.0807963614110902e-06,-6.427328721760255e-07,-0.1792919242095637,2.4823765556249946e-06,-1.8671349588836195e-06,-0.10072917396623259,-1.9391051140011115e-05,-8.803620069475214e-05,-0.2,0.0,0.0,0.0,0.0,-2.962962962962963,-2.962962962962963,-1.082405981644996e-05,-2.032781240224324e-05,-2.9193391638668036,-2.871671155886853,-0.00243049050758014,8.086223015873727e-05
X-,1789636190.8735394,5.435403347015381,5.459798211002635,-0.08709358275452991,-2.36685926612943e-05,8.105424989144651e-05,-0.1343963596282481,-6.568455113834762e-05,-0.0002817819379894865,-0.09725259571574377,1.0807963614110902e-06,-6.427328721760255e-07,-0.1792919242095637,2.4823765556249946e-06,-1.8671349588836195e-06,-0.10072917396623259,-1.9391051140011115e-05,-8.803620069475214e-05,-0.2,0.0,0.0,0.0,0.0,-2.962962962962963,-2.962962962962963,-1.082405981644996e-05,-2.032781240224324e-05,-2.9193391638668036,-2.871671155886853,-0.00243049050758014,8.086223015873727e-05
X-,1789636190.897961,5.459824800491333,5.489828896999825,-0.08709358275452991,-2.36685926612943e-05,8.105424989144651e-05,-0.1343963596282481,-6.568455113834762e-05,-0.0002817819379894865,-0.09725259571574377,1.0807963614110902e-06,-6.427328721760255e-07,-0.1792919242095637,2.4823765556249946e-06,-1.8671349588836195e-06,-0.10072917396623259,-1.9391051140011115e-05,-8.803620069475214e-05,-0.2,0.0,0.0,0.0,0.0,-2.962962962962963,-2.962962962962963,-1.082405981644996e-05,-2.032781240224324e-05,-2.9193391638668036,-2.871671155886853,-0.00243049050758014,8.086223015873727e-05
X-,1789636190.9279923,5.489856243133545,5.5170506200011005,-0.08709358275452991,-2.36685926612943e-05,8.105424989144651e-05,-0.1343963596282481,-6.568455113834762e-05,-0.0002817819379894865,-0.09725259571574377,1.0807963614110902e-06,-6.427328721760255e-07,-0.1792919242095637,2.4823765556249946e-06,-1.8671349588836195e-06,-0.10072917396623259,-1.9391051140011115e-05,-8.803620069475214e-05,-0.2,0.0,0.0,0.0,0.0,-2.962962962962963,-2.962962962962963,-1.082405981644996e-05,-2.032781240224324e-05,-2.9193391638668036,-2.871671155886853,-0.00243049050758014,8.086223015873727e-05
X-,1789636190.955211,5.517074823379517,5.545116926001356,-0.08762996291297903,-2.3831708258859746e-05,8.144693791677297e-05,-0.13389934868467313,-6.29135733199288e-05,-0.000250088986772466,-0.09725259571574377,1.0807963614110902e-06,-6.427328721760255e-07,-0.1792919242095637,2.4823765556249946e-06,-1.8671349588836195e-06,-0.10072917396623259,-1.9391051140011115e-05,-8.803620069475214e-05,-0.2,0.0,0.0,0.0,0.0,-2.962962962962963,-2.962962962962963,-1.082405981644996e-05,-2.032781240224324e-05,-2.9193391638668036,-2.871671155886853,-0.00243049050758014,8.086223015873727e-05
X-,1789636190.98328,5.5451438426971436,5.575226767003187,-0.08909113274147003,-2.4287113411859337e-05,8.262439289237902e-05,-0.13198763736505137,-5.374548525685004e-05,-0.00010307141913917171,-0.09725259571574377,1.0807963614110902e-06,-6.427328721760255e-07,-0.1792919242095637,2.4823765556249946e-06,-1.8671349588836195e-06,-0.10072917396623259,-1.9391051140011115e-05,-8.803620069475214e-05,-0.2,0.0,0.0,0.0,0.0,-2.962962962962963,-2.962962962962963,-1.0877014894994375e-05,-2.1529287333343916e-05,-2.9495664012173783,-2.90046398760232,-0.0034636860225443905,8.18548464275118e-05
X-,1789636191.013393,5.575256824493408,5.599945375000971,-0.09053075747356129,-2.4777943983395057e-05,8.4052017826482e-05,-0.12994007413543318,-4.345222353302911e-05,9.166143546708791e-05,-0.09725259571574377,1.0807963614110902e-06,-6.427328721760255e-07,-0.1792919242095637,2.4823765556249946e-06,-1.8671349588836195e-06,-0.10072917396623259,-1.9391051140011115e-05,-8.803620069475214e-05,-0.2,0.0,0.0,0.0,0.0,-2.962962962962963,-2.962962962962963,-1.0926235820996055e-05,-2.277038584530544e-05,-2.979832781204827,-2.929563826763782,0.00015684108384978113,8.298522611011637e-05
X-,1789636191.0381105,5.5999743938446045,5.636845114000607,-0.09245660880564796,-2.5450998653316938e-05,8.62075200326638e-05,-0.12695803118486287,-1.3842244807131022e-05,0.0003760138319526562,-0.09725259571574377,1.0807963614110902e-06,-6.427328721760255e-07,-0.1792919242095637,2.4823765556249946e-06,-1.8671349588836195e-06,-0.10072917396623259,-1.9391051140011115e-05,-8.803620069475214e-05,-0.2,0.0,0.0,0.0,0.0,-2.962962962962963,-2.962962962962963,-1.1012534844923039e-05,-2.525520600649145e-05,-3.034839172073468,-2.9826523795817685,-0.000823356508451402,8.578293257156885e-05
X-,1789636191.0750122,5.636876106262207,5.664833645001636,-0.09408886810666889,-2.5996560851143657e-05,8.791450322404226e-05,-0.12424935892810346,-3.682000699546564e-07,0.0005749377425718767,-0.09725259571574377,1.0807963614110902e-06,-6.427328721760255e-07,-0.1792919242095637,2.4823765556249946e-06,-1.8671349588836195e-06,-0.10072917396623259,-1.9391051140011115e-05,-8.803620069475214e-05,-0.2,0.0,0.0,0.0,0.0,-2.962962962962963,-2.962962962962963,-1.1051843667786443e-05,-2.6385991989563706e-05,-3.055855806009507,-3.0025202791195893,0.002131751247276726,8.731350871924836e-05
X-,1789636191.1030014,5.664865255355835,5.689313719001802,-0.09604925355192938,-2.669102261133264e-05,8.925881275245798e-05,-0.12087537684526779,-4.5965782632409425e-06,0.000725902151908406,-0.09725259571574377,1.0807963614110902e-06,-6.427328721760255e-07,-0.1792919242095637,2.4823765556249946e-06,-1.8671349588836195e-06,-0.10072917396623259,-1.9391051140011115e-05,-8.803620069475214e-05,-0.2,0.0,0.0,0.0,0.0,-2.962962962962963,-2.962962962962963,-1.1137283458140246e-05,-2.839059251247278e-05,-3.0730174497344263,-3.0163373614667615,0.0005030931925021162,8.918928721498601e-05
X-,1789636191.1274743,5.689338207244873,5.736894604000554,-0.09842537224128206,-2.7621569293644586e-05,9.00091961001648e-05,-0.11686569693367085,1.6497727446640605e-05,0.0009345333722762922,-0.1166471907846914,1.4750181433168184e-06,-1.1884650199695393e-06,-0.19394595069197007,3.81756238112292e-06,-5.457321477935138e-06,-0.11874258911708908,-2.7108837692050074e-05,0.0001271698475577843,-0.2,0.0,0.0,0.0,0.0,-2.962962962962963,-2.962962962962963,-1.1133047383538042e-05,-2.8670150514997772e-05,-3.0447963736086225,-2.98154582459413,-0.0018482522503336348,9.00091961001648e-05
X-,1789636191.1750567,5.736920595169067,5.769990803000837,-0.10038526952119388,-2.7846501770181602e-05,8.894678540993693e-05,-0.11391588201313303,0.00019130150811185555,0.0007381754554003936,-0.1166471907846914,1.4750181433168184e-06,-1.1884650199695393e-06,-0.19394595069197007,3.81756238112292e-06,-5.457321477935138e-06,-0.11874258911708908,-2.7108837692050074e-05,0.0001271698475577843,-0.2,0.0,0.0,0.0,0.0,-2.962962962962963,-2.962962962962963,-1.0063031368190423e-05,-2.4735037207790356e-05,-2.963121921453946,-2.8956390230083615,-0.0026118528607613264,8.921307867090176e-05
X-,1789636191.2081532,5.770017147064209,5.799295482000161,-0.10038526952119388,-2.7846501770181602e-05,8.894678540993693e-05,-0.11391588201313303,0.00019130150811185555,0.0007381754554003936,-0.1166471907846914,1.4750181433168184e-06,-1.1884650199695393e-06,-0.19394595069197007,3.81756238112292e-06,-5.457321477935138e-06,-0.11874258911708908,-2.7108837692050074e-05,0.0001271698475577843,-0.2,0.0,0.0,0.0,0.0,-2.962962962962963,-2.962962962962963,-1.0063031368190423e-05,-2.4735037207790356e-05,-2.963121921453946,-2.8956390230083615,-0.0026118528607613264,8.921307867090176e-05
X-,1789636191.2374606,5.7993245124816895,5.824806684002397,-0.10038526952119388,-2.7846501770181602e-05,8.894678540993693e-05,-0.11391588201313303,0.00019130150811185555,0.0007381754554003936,-0.1166471907846914,1.4750181433168184e-06,-1.1884650199695393e-06,-0.19394595069197007,3.81756238112292e-06,-5.457321477935138e-06,-0.11874258911708908,-2.7108837692050074e-05,0.0001271698475577843,-0.2,0.0,0.0,0.0,0.0,-2.962962962962963,-2.962962962962963,-1.0063031368190423e-05,-2.4735037207790356e-05,-2.963121921453946,-2.8956390230083615,-0.0026118528607613264,8.921307867090176e-05
X-,1789636191.2629676,5.824831485748291,5.85332887000186,-0.10038526952119388,-2.7846501770181602e-05,8.894678540993693e-05,-0.11391588201313303,0.00019130150811185555,0.0007381754554003936,-0.1166471907846914,1.4750181433168184e-06,-1.1884650199695393e-06,-0.19394595069197007,3.81756238112292e-06,-5.457321477935138e-06,-0.11874258911708908,-2.7108837692050074e-05,0.0001271698475577843,-0.2,0.0,0.0,0.0,0.0,-2.962962962962963,-2.962962962962963,-1.0063031368190423e-05,-2.4735037207790356e-05,-2.963121921453946,-2.8956390230083615,-0.0026118528607613264,8.921307867090176e-05
X-,1789636191.291494,5.853357791900635,5.877620598999783,-0.10038526952119388,-2.7846501770181602e-05,8.894678540993693e-05,-0.11391588201313303,0.00019130150811185555,0.0007381754554003936,-0.1166471907846914,1.4750181433168184e-06,-1.1884650199695393e-06,-0.19394595069197007,3.81756238112292e-06,-5.457321477935138e-06,-0.11874258911708908,-2.7108837692050074e-05,0.0001271698475577843,-0.2,0.0,0.0,0.0,0.0,-2.962962962962963,-2.962962962962963,-1.0063031368190423e-05,-2.4735037207790356e-05,-2.963121921453946,-2.8956390230083615,-0.0026118528607613264,8.921307867090176e-05
X-,1789636191.3157823,5.877646207809448,5.9018570799999,-0.10038526952119388,-2.7846501770181602e-05,8.894678540993693e-05,-0.11391588201313303,0.00019130150811185555,0.0007381754554003936,-0.1166471907846914,1.4750181433168184e-06,-1.1884650199695393e-06,-0.19394595069197007,3.81756238112292e-06,-5.457321477935138e-06,-0.11874258911708908,-2.7108837692050074e-05,0.0001271698475577843,-0.2,0.0,0.0,0.0,0.0,-2.962962962962963,-2.962962962962963,-1.0063031368190423e-05,-2.4735037207790356e-05,-2.963121921453946,-2.8956390230083615,-0.0026118528607613264,8.921307867090176e-05
X-,1789636191.340018,5.90188193321228,5.927407289000257,-0.10038526952119388,-2.7846501770181602e-05,8.894678540993693e-05,-0.11391588201313303,0.00019130150811185555,0.0007381754554003936,-0.1166471907846914,1.4750181433168184e-06,-1.1884650199695393e-06,-0.19394595069197007,3.81756238112292e-06,-5.457321477935138e-06,-0.11874258911708908,-2.7108837692050074e-05,0.0001271698475577843,-0.2,0.0,0.0,0.0,0.0,-2.962962962962963,-2.962962962962963,-1.0063031368190423e-05,-2.4735037207790356e-05,-2.963121921453946,-2.8956390230083615,-0.0026118528607613264,8.921307867090176e-05
X-,1789636191.3656254,5.927489280700684,5.955693937001342,-0.10038526952119388,-2.7846501770181602e-05,8.894678540993693e-05,-0.11391588201313303,0.00019130150811185555,0.0007381754554003936,-0.1166471907846914,1.4750181433168184e-06,-1.1884650199695393e-06,-0.19394595069197007,3.81756238112292e-06,-5.457321477935138e-06,-0.11874258911708908,-2.7108837692050074e-05,0.0001271698475577843,-0.2,0.0,0.0,0.0,0.0,-2.962962962962963,-2.962962962962963,-1.0063031368190423e-05,-2.4735037207790356e-05,-2.963121921453946,-2.8956390230083615,-0.0026118528607613264,8.921307867090176e-05
X-,1789636191.3938491,5.9557130336761475,5.988079596001626,-0.10038526952119388,-2.7846501770181602e-05,8.894678540993693e-05,-0.11391588201313303,0.00019130150811185555,0.0007381754554003936,-0.1166471907846914,1.4750181433168184e-06,-1.1884650199695393e-06,-0.19394595069197007,3.81756238112292e-06,-5.457321477935138e-06,-0.11874258911708908,-2.7108837692050074e-05,0.0001271698475577843,-0.2,0.0,0.0,0.0,0.0,-2.962962962962963,-2.962962962962963,-1.0063031368190423e-05,-2.4735037207790356e-05,-2.963121921453946,-2.8956390230083615,-0.0026118528607613264,8.921307867090176e-05
X-,1789636191.4262428,5.988106727600098,6.017710223000904,-0.10038526952119388,-2.7846501770181602e-05,8.894678540993693e-05,-0.11391588201313303,0.00019130150811185555,0.0007381754554003936,-0.1166471907846914,1.4750181433168184e-06,-1.1884650199695393e-06,-0.19394595069197007,3.81756238112292e-06,-5.457321477935138e-06,-0.11874258911708908,-2.7108837692050074e-05,0.0001271698475577843,-0.2,0.0,0.0,0.0,0.0,-2.962962962962963,-2.962962962962963,-1.0063031368190423e-05,-2.4735037207790356e-05,-2.963121921453946,-2.8956390230083615,-0.0026118528607613264,8.921307867090176e-05
X-,1789636191.4558742,6.017738103866577,6.042972110000846,-0.10038526952119388,-2.7846501770181602e-05,8.894678540993693e-05,-0.11391588201313303,0.00019130150811185555,0.0007381754554003936,-0.1166471907846914,1.4750181433168184e-06,-1.1884650199695393e-06,-0.19394595069197007,3.81756238112292e-06,-5.457321477935138e-06,-0.11874258911708908,-2.7108837692050074e-05,0.0001271698475577843,-0.2,0.0,0.0,0.0,0.0,-2.962962962962963,-2.962962962962963,-1.0063031368190423e-05,-2.4735037207790356e-05,-2.963121921453946,-2.8956390230083615,-0.0026118528607613264,8.921307867090176e-05
X-,1789636191.4811368,6.0430006980896,6.079856685002596,-0.10038526952119388,-2.7846501770181602e-05,8.894678540993693e-05,-0.11391588201313303,0.00019130150811185555,0.0007381754554003936,-0.1166471907846914,1.4750181433168184e-06,-1.1884650199695393e-06,-0.19394595069197007,3.81756238112292e-06,-5.457321477935138e-06,-0.11874258911708908,-2.7108837692050074e-05,0.0001271698475577843,-0.2,0.0,0.0,0.0,0.0,-2.962962962962963,-2.962962962962963,-1.0063031368190423e-05,-2.4735037207790356e-05,-2.963121921453946,-2.8956390230083615,-0.0026118528607613264,8.921307867090176e-05
X-,1789636191.518027,6.079890966415405,6.111207284000557,-0.1015156904629094,-2.777336403946267e-05,8.87773028648797e-05,-0.11238452283548989,0.0002592189448666773,0.0010473397945430021,-0.1166471907846914,1.4750181433168184e-06,-1.1884650199695393e-06,-0.19394595069197007,3.81756238112292e-06,-5.457321477935138e-06,-0.11874258911708908,-2.7108837692050074e-05,0.0001271698475577843,-0.2,0.0,0.0,0.0,0.0,-2.962962962962963,-2.962962962962963,-1.0063031368190423e-05,-2.4735037207790356e-05,-2.963121921453946,-2.8956390230083615,0.0006139922433184886,8.866712547696276e-05
X-,1789636191.5493689,6.111232757568359,6.137502348003181,-0.10318451331567555,-2.6673384696931923e-05,9.217791688579756e-05,-0.11066916599871082,0.0004269279347559906,0.0008727634895137444,-0.1166471907846914,1.4750181433168184e-06,-1.1884650199695393e-06,-0.19394595069197007,3.81756238112292e-06,-5.457321477935138e-06,-0.11874258911708908,-2.7108837692050074e-05,0.0001271698475577843,-0.2,0.0,0.0,0.0,0.0,-2.962962962962963,-2.962962962962963,-4.0122769329187236e-06,1.4023755842806906e-05,-2.8428549892860575,-2.7895746819652363,-0.0002817963914827392,9.087465100979011e-05
X-,1789636191.5756674,6.137531280517578,6.163411730001826,-0.10494017470267646,-2.630106220086626e-05,9.437729089528024e-05,-0.10990089727759031,8.509282903035571e-05,6.436734821830884e-05,-0.1166471907846914,1.4750181433168184e-06,-1.1884650199695393e-06,-0.19394595069197007,3.81756238112292e-06,-5.457321477935138e-06,-0.11874258911708908,-2.7108837692050074e-05,0.0001271698475577843,-0.2,0.0,0.0,0.0,0.0,-2.962962962962963,-2.962962962962963,3.968426237399569e-06,8.130410400930543e-06,-2.6221019708632505,-2.560411310827717,-0.0012751573209265226,9.420490848252342e-05
X-,1789636191.601585,6.163448810577393,6.190305263000482,-0.10658381352331947,-3.0373976672740284e-05,0.00011798554118888665,-0.11082937277131533,-0.00027002225667434034,0.004829650971630937,-0.1166471907846914,1.4750181433168184e-06,-1.1884650199695393e-06,-0.19394595069197007,3.81756238112292e-06,-5.457321477935138e-06,-0.11874258911708908,-2.7108837692050074e-05,0.0001271698475577843,-0.2,0.0,0.0,0.0,0.0,-2.962962962962963,-2.962962962962963,2.6735053122450836e-06,-6.361156730250173e-07,-2.4629898387724922,-2.3615757720643473,0.004127112069451792,9.964869730468108e-05
X-,1789636191.6285603,6.190424203872681,6.235076947999914,-0.10940766522599002,-3.467131822464196e-05,0.0002710053111004202,-0.11685899472409188,0.000514230065892836,0.0011720541447985304,-0.1305672888300159,1.599488586953533e-06,-1.5660544179124796e-06,-0.13920098045462576,1.0792689403521594e-06,-3.7758939794294025e-06,-0.11649835006368107,-2.6961617454271843e-05,0.00014639942695326988,-0.2,0.0,0.0,0.0,0.0,-2.962962962962963,-2.962962962962963,-8.491201562321748e-06,-2.524113775503878e-05,-1.8584348768637475,-1.7349445455335946,-0.00042328038645616183,0.0002710053111004202
X-,1789636191.6732426,6.235106468200684,6.270188377002341,-0.11071138194834852,-3.5175835572500216e-05,0.00026329096461000896,-0.12090897318030476,7.880439362871851e-05,-0.000769073615746264,-0.1305672888300159,1.599488586953533e-06,-1.5660544179124796e-06,-0.13920098045462576,1.0792689403521594e-06,-3.7758939794294025e-06,-0.11649835006368107,-2.6961617454271843e-05,0.00014639942695326988,-0.2,0.0,0.0,0.0,0.0,-2.962962962962963,-2.962962962962963,-1.2740475821004793e-05,-2.920702775011108e-05,-1.714953583922894,-1.6306655525584004,-0.00013385040961905897,0.00026329096461000896
X-,1789636191.7083542,6.270218133926392,6.304056544002378,-0.11071138194834852,-3.5175835572500216e-05,0.00026329096461000896,-0.12090897318030476,7.880439362871851e-05,-0.000769073615746264,-0.1305672888300159,1.599488586953533e-06,-1.5660544179124796e-06,-0.13920098045462576,1.0792689403521594e-06,-3.7758939794294025e-06,-0.11649835006368107,-2.6961617454271843e-05,0.00014639942695326988,-0.2,0.0,0.0,0.0,0.0,-2.962962962962963,-2.962962962962963,-1.2740475821004793e-05,-2.920702775011108e-05,-1.714953583922894,-1.6306655525584004,-0.00013385040961905897,0.00026329096461000896
X-,1789636191.742221,6.30408501625061,6.331762937003077,-0.11071138194834852,-3.5175835572500216e-05,0.00026329096461000896,-0.12090897318030476,7.880439362871851e-05,-0.000769073615746264,-0.1305672888300159,1.599488586953533e-06,-1.5660544179124796e-06,-0.13920098045462576,1.0792689403521594e-06,-3.7758939794294025e-06,-0.11649835006368107,-2.6961617454271843e-05,0.00014639942695326988,-0.2,0.0,0.0,0.0,0.0,-2.962962962962963,-2.962962962962963,-1.2740475821004793e-05,-2.920702775011108e-05,-1.714953583922894,-1.6306655525584004,-0.00013385040961905897,0.00026329096461000896
X-,1789636191.7699277,6.331791639328003,6.368426651002665,-0.11071138194834852,-3.5175835572500216e-05,0.00026329096461000896,-0.12090897318030476,7.880439362871851e-05,-0.000769073615746264,-0.1305672888300159,1.599488586953533e-06,-1.5660544179124796e-06,-0.13920098045462576,1.0792689403521594e-06,-3.7758939794294025e-06,-0.11649835006368107,-2.6961617454271843e-05,0.00014639942695326988,-0.2,0.0,0.0,0.0,0.0,-2.962962962962963,-2.962962962962963,-1.2740475821004793e-05,-2.920702775011108e-05,-1.714953583922894,-1.6306655525584004,-0.00013385040961905897,0.00026329096461000896
X-,1789636191.8065906,6.368454456329346,6.394778262001637,-0.11071138194834852,-3.5175835572500216e-05,0.00026329096461000896,-0.12090897318030476,7.880439362871851e-05,-0.000769073615746264,-0.1305672888300159,1.599488586953533e-06,-1.5660544179124796e-06,-0.13920098045462576,1.0792689403521594e-06,-3.7758939794294025e-06,-0.11649835006368107,-2.6961617454271843e-05,0.00014639942695326988,-0.2,0.0,0.0,0.0,0.0,-2.962962962962963,-2.962962962962963,-1.2740475821004793e-05,-2.920702775011108e-05,-1.714953583922894,-1.6306655525584004,-0.00013385040961905897,0.00026329096461000896
X-,1789636191.8329403,6.394804239273071,6.4221957070003555,-0.11071138194834852,-3.5175835572500216e-05,0.00026329096461000896,-0.12090897318030476,7.880439362871851e-05,-0.000769073615746264,-0.1305672888300159,1.599488586953533e-06,-1.5660544179124796e-06,-0.13920098045462576,1.0792689403521594e-06,-3.7758939794294025e-06,-0.11649835006368107,-2.6961617454271843e-05,0.00014639942695326988,-0.2,0.0,0.0,0.0,0.0,-2.962962962962963,-2.962962962962963,-1.2740475821004793e-05,-2.920702775011108e-05,-1.714953583922894,-1.6306655525584004,-0.00013385040961905897,0.00026329096461000896
X-,1789636191.860359,6.422222852706909,6.452471238000726,-0.11071138194834852,-3.5175835572500216e-05,0.00026329096461000896,-0.12090897318030476,7.880439362871851e-05,-0.000769073615746264,-0.1305672888300159,1.599488586953533e-06,-1.5660544179124796e-06,-0.13920098045462576,1.0792689403521594e-06,-3.7758939794294025e-06,-0.11649835006368107,-2.6961617454271843e-05,0.00014639942695326988,-0.2,0.0,0.0,0.0,0.0,-2.962962962962963,-2.962962962962963,-1.2740475821004793e-05,-2.920702775011108e-05,-1.714953583922894,-1.6306655525584004,-0.00013385040961905897,0.00026329096461000896
X-,1789636191.890635,6.452498912811279,6.475777794003079,-0.11071138194834852,-3.5175835572500216e-05,0.00026329096461000896,-0.12090897318030476,7.880439362871851e-05,-0.000769073615746264,-0.1305672888300159,1.599488586953533e-06,-1.5660544179124796e-06,-0.13920098045462576,1.0792689403521594e-06,-3.7758939794294025e-06,-0.11649835006368107,-2.6961617454271843e-05,0.00014639942695326988,-0.2,0.0,0.0,0.0,0.0,-2.962962962962963,-2.962962962962963,-1.2740475821004793e-05,-2.920702775011108e-05,-1.714953583922894,-1.6306655525584004,-0.00013385040961905897,0.00026329096461000896
X-,1789636191.9139392,6.4758031368255615,6.501109478002036,-0.11071138194834852,-3.5175835572500216e-05,0.00026329096461000896,-0.12090897318030476,7.880439362871851e-05,-0.000769073615746264,-0.1305672888300159,1.599488586953533e-06,-1.5660544179124796e-06,-0.13920098045462576,1.0792689403521594e-06,-3.7758939794294025e-06,-0.11649835006368107,-2.6961617454271843e-05,0.00014639942695326988,-0.2,0.0,0.0,0.0,0.0,-2.962962962962963,-2.962962962962963,-1.2740475821004793e-05,-2.920702775011108e-05,-1.714953583922894,-1.6306655525584004,-0.00013385040961905897,0.00026329096461000896
X-,1789636191.9392722,6.501136064529419,6.531912637001369,-0.11071138194834852,-3.5175835572500216e-05,0.00026329096461000896,-0.12090897318030476,7.880439362871851e-05,-0.000769073615746264,-0.1305672888300159,1.599488586953533e-06,-1.5660544179124796e-06,-0.13920098045462576,1.0792689403521594e-06,-3.7758939794294025e-06,-0.11649835006368107,-2.6961617454271843e-05,0.00014639942695326988,-0.2,0.0,0.0,0.0,0.0,-2.962962962962963,-2.962962962962963,-1.2740475821004793e-05,-2.920702775011108e-05,-1.714953583922894,-1.6306655525584004,-0.00013385040961905897,0.00026329096461000896
X-,1789636191.9700766,6.531940460205078,6.559298868000042,-0.11071138194834852,-3.5175835572500216e-05,0.00026329096461000896,-0.12090897318030476,7.880439362871851e-05,-0.000769073615746264,-0.1305672888300159,1.599488586953533e-06,-1.5660544179124796e-06,-0.13920098045462576,1.0792689403521594e-06,-3.7758939794294025e-06,-0.11649835006368107,-2.6961617454271843e-05,0.00014639942695326988,-0.2,0.0,0.0,0.0,0.0,-2.962962962962963,-2.962962962962963,-1.2740475821004793e-05,-2.920702775011108e-05,-1.714953583922894,-1.6306655525584004,-0.00013385040961905897,0.00026329096461000896
X-,1789636191.9974606,6.559324502944946,6.590703339003085,-0.1115654559798951,-3.628435534544939e-05,0.0002566305549276739,-0.12371702049433128,1.1216959486902347e-05,-0.0007234516304867567,-0.1305672888300159,1.599488586953533e-06,-1.5660544179124796e-06,-0.13920098045462576,1.0792689403521594e-06,-3.7758939794294025e-06,-0.11649835006368107,-2.6961617454271843e-05,0.00014639942695326988,-0.2,0.0,0.0,0.0,0.0,-2.962962962962963,-2.962962962962963,-1.2740475821004793e-05,-2.920702775011108e-05,-1.714953583922894,-1.6306655525584004,-0.00013385040961905897,0.00026329096461000896
X-,1789636192.0288646,6.590728521347046,6.623651496000093,-0.11372364254428033,-3.8213039201605986e-05,0.00024546933692503226,-0.1309232292792887,0.00011051729900157879,-0.00014270836030642257,-0.1305672888300159,1.599488586953533e-06,-1.5660544179124796e-06,-0.13920098045462576,1.0792689403521594e-06,-3.7758939794294025e-06,-0.11649835006368107,-2.6961617454271843e-05,0.00014639942695326988,-0.2,0.0,0.0,0.0,0.0,-2.962962962962963,-2.962962962962963,-1.0379275804162091e-05,-2.5796445135561896e-05,-1.6069162880207823,-1.5318080761684738,-0.0008296114147343393,0.0002463854814440903
X-,1789636192.0618148,6.623678684234619,6.649107369001285,-0.11600657740530738,-3.814295697102989e-05,0.00024107818063612844,-0.13850451324770718,0.000228088945872482,-0.00010702783388861576,-0.1305672888300159,1.599488586953533e-06,-1.5660544179124796e-06,-0.13920098045462576,1.0792689403521594e-06,-3.7758939794294025e-06,-0.11649835006368107,-2.6961617454271843e-05,0.00014639942695326988,-0.2,0.0,0.0,0.0,0.0,-2.962962962962963,-2.962962962962963,-7.058129471104735e-06,-2.0649346715195804e-05,-1.5236534434611326,-1.4858832849958596,-0.00184559336896372,0.0002428640547736938
X-,1789636192.0880287,6.649892568588257,6.680252855003346,-0.11885659849859995,-3.815428506593124e-05,0.00023930219959681734,-0.14729422681571377,0.00026285885203242366,-0.00031183503157678134,-0.1305672888300159,1.599488586953533e-06,-1.5660544179124796e-06,-0.13920098045462576,1.0792689403521594e-06,-3.7758939794294025e-06,-0.11649835006368107,-2.6961617454271843e-05,0.00014639942695326988,-0.2,0.0,0.0,0.0,0.0,-2.962962962962963,-2.962962962962963,-6.760818736850638e-06,-1.6210415477502238e-05,-1.4759142015628726,-1.5997382377376579,0.00218490011920104,0.00023970282545305758
X-,1789636192.118414,6.6802778244018555,6.7169057770006475,-0.12187472048417647,-3.852784896462864e-05,0.00023531245129316384,-0.1552176233434952,0.00021624701780452026,-0.0005714582156324019,-0.1407758287367753,1.655974599272676e-06,-1.9329539480460246e-06,-0.10208539906835336,4.049888329766401e-07,-3.668995301335455e-06,-0.1266019114450529,-3.9040042283748855e-05,0.0003552343458936845,-0.2,0.0,0.0,0.0,0.0,-2.962962962962963,-2.962962962962963,6.221396885663921e-06,-1.2455982077774763e-05,-1.6122780219353132,-1.7249231605166293,-0.00011549636780450997,0.0002368709068782645
X-,1789636192.1550722,6.716936111450195,6.750371724003344,-0.12487708040677598,-3.9068489469262606e-05,0.00023388452881095419,-0.16163004570754141,0.00018916544117107264,-0.0007798116369100228,-0.1407758287367753,1.655974599272676e-06,-1.9329539480460246e-06,-0.10208539906835336,4.049888329766401e-07,-3.668995301335455e-06,-0.1266019114450529,-3.9040042283748855e-05,0.0003552343458936845,-0.2,0.0,0.0,0.0,0.0,-2.962962962962963,-2.962962962962963,6.520308022395227e-06,-9.21240732321138e-06,-1.7527099564444653,-1.8519607050583933,0.0015806094376564026,0.0002342509133506247
X-,1789636192.1885362,6.750400066375732,6.774572117999924,-0.1250383516790934,-3.910081798292036e-05,0.0002338213511314137,-0.16193786577676933,0.00018850555915609648,-0.0007941234744129554,-0.1407758287367753,1.655974599272676e-06,-1.9329539480460246e-06,-0.10208539906835336,4.049888329766401e-07,-3.668995301335455e-06,-0.1266019114450529,-3.9040042283748855e-05,0.0003552343458936845,-0.2,0.0,0.0,0.0,0.0,-2.962962962962963,-2.962962962962963,6.520308022395227e-06,-9.21240732321138e-06,-1.7527099564444653,-1.8519607050583933,0.0015806094376564026,0.0002342509133506247
X-,1789636192.212734,6.774597883224487,6.800071551002475,-0.1250383516790934,-3.910081798292036e-05,0.0002338213511314137,-0.16193786577676933,0.00018850555915609648,-0.0007941234744129554,-0.1407758287367753,1.655974599272676e-06,-1.9329539480460246e-06,-0.10208539906835336,4.049888329766401e-07,-3.668995301335455e-06,-0.1266019114450529,-3.9040042283748855e-05,0.0003552343458936845,-0.2,0.0,0.0,0.0,0.0,-2.962962962962963,-2.962962962962963,6.520308022395227e-06,-9.21240732321138e-06,-1.7527099564444653,-1.8519607050583933,0.0015806094376564026,0.0002342509133506247
X-,1789636192.2382357,6.800099611282349,6.8316944320031325,-0.1250383516790934,-3.910081798292036e-05,0.0002338213511314137,-0.16193786577676933,0.00018850555915609648,-0.0007941234744129554,-0.1407758287367753,1.655974599272676e-06,-1.9329539480460246e-06,-0.10208539906835336,4.049888329766401e-07,-3.668995301335455e-06,-0.1266019114450529,-3.9040042283748855e-05,0.0003552343458936845,-0.2,0.0,0.0,0.0,0.0,-2.962962962962963,-2.962962962962963,6.520308022395227e-06,-9.21240732321138e-06,-1.7527099564444653,-1.8519607050583933,0.0015806094376564026,0.0002342509133506247
X-,1789636192.2698574,6.831721305847168,6.859506370001327,-0.1250383516790934,-3.910081798292036e-05,0.0002338213511314137,-0.16193786577676933,0.00018850555915609648,-0.0007941234744129554,-0.1407758287367753,1.655974599272676e-06,-1.9329539480460246e-06,-0.10208539906835336,4.049888329766401e-07,-3.668995301335455e-06,-0.1266019114450529,-3.9040042283748855e-05,0.0003552343458936845,-0.2,0.0,0.0,0.0,0.0,-2.962962962962963,-2.962962962962963,6.520308022395227e-06,-9.21240732321138e-06,-1.7527099564444653,-1.8519607050583933,0.0015806094376564026,0.0002342509133506247
X-,1789636192.2976694,6.859533309936523,6.892557312003191,-0.1250383516790934,-3.910081798292036e-05,0.0002338213511314137,-0.16193786577676933,0.00018850555915609648,-0.0007941234744129554,-0.1407758287367753,1.655974599272676e-06,-1.9329539480460246e-06,-0.10208539906835336,4.049888329766401e-07,-3.668995301335455e-06,-0.1266019114450529,-3.9040042283748855e-05,0.0003552343458936845,-0.2,0.0,0.0,0.0,0.0,-2.962962962962963,-2.962962962962963,6.520308022395227e-06,-9.21240732321138e-06,-1.7527099564444653,-1.8519607050583933,0.0015806094376564026,0.0002342509133506247
X-,1789636192.330722,6.89258599281311,6.928182212002866,-0.1250383516790934,-3.910081798292036e-05,0.0002338213511314137,-0.16193786577676933,0.00018850555915609648,-0.0007941234744129554,-0.1407758287367753,1.655974599272676e-06,-1.9329539480460246e-06,-0.10208539906835336,4.049888329766401e-07,-3.668995301335455e-06,-0.1266019114450529,-3.9040042283748855e-05,0.0003552343458936845,-0.2,0.0,0.0,0.0,0.0,-2.962962962962963,-2.962962962962963,6.520308022395227e-06,-9.21240732321138e-06,-1.7527099564444653,-1.8519607050583933,0.0015806094376564026,0.0002342509133506247
X-,1789636192.3663478,6.928211688995361,6.962136349000502,-0.1250383516790934,-3.910081798292036e-05,0.0002338213511314137,-0.16193786577676933,0.00018850555915609648,-0.0007941234744129554,-0.1407758287367753,1.655974599272676e-06,-1.9329539480460246e-06,-0.10208539906835336,4.049888329766401e-07,-3.668995301335455e-06,-0.1266019114450529,-3.9040042283748855e-05,0.0003552343458936845,-0.2,0.0,0.0,0.0,0.0,-2.962962962962963,-2.962962962962963,6.520308022395227e-06,-9.21240732321138e-06,-1.7527099564444653,-1.8519607050583933,0.0015806094376564026,0.0002342509133506247
X-,1789636192.4002993,6.962163209915161,6.992715487001988,-0.1250383516790934,-3.910081798292036e-05,0.0002338213511314137,-0.16193786577676933,0.00018850555915609648,-0.0007941234744129554,-0.1407758287367753,1.655974599272676e-06,-1.9329539480460246e-06,-0.10208539906835336,4.049888329766401e-07,-3.668995301335455e-06,-0.1266019114450529,-3.9040042283748855e-05,0.0003552343458936845,-0.2,0.0,0.0,0.0,0.0,-2.962962962962963,-2.962962962962963,6.520308022395227e-06,-9.21240732321138e-06,-1.7527099564444653,-1.8519607050583933,0.0015806094376564026,0.0002342509133506247
X-,1789636192.4308789,6.9927427768707275,7.020105166000576,-0.1250383516790934,-3.910081798292036e-05,0.0002338213511314137,-0.16193786577676933,0.00018850555915609648,-0.0007941234744129554,-0.1407758287367753,1.655974599272676e-06,-1.9329539480460246e-06,-0.10208539906835336,4.049888329766401e-07,-3.668995301335455e-06,-0.1266019114450529,-3.9040042283748855e-05,0.0003552343458936845,-0.2,0.0,0.0,0.0,0.0,-2.962962962962963,-2.962962962962963,6.520308022395227e-06,-9.21240732321138e-06,-1.7527099564444653,-1.8519607050583933,0.0015806094376564026,0.0002342509133506247
X-,1789636192.4582717,7.0201356410980225,7.081947096001386,-0.1250383516790934,-3.910081798292036e-05,0.0002338213511314137,-0.16193786577676933,0.00018850555915609648,-0.0007941234744129554,-0.1407758287367753,1.655974599272676e-06,-1.9329539480460246e-06,-0.10208539906835336,4.049888329766401e-07,-3.668995301335455e-06,-0.1266019114450529,-3.9040042283748855e-05,0.0003552343458936845,-0.2,0.0,0.0,0.0,0.0,-2.962962962962963,-2.962962962962963,6.520308022395227e-06,-9.21240732321138e-06,-1.7527099564444653,-1.8519607050583933,0.0015806094376564026,0.0002342509133506247
X-,1789636192.5201125,7.081976413726807,7.107836777002376,-0.1250383516790934,-3.910081798292036e-05,0.0002338213511314137,-0.16193786577676933,0.00018850555915609648,-0.0007941234744129554,-0.1407758287367753,1.655974599272676e-06,-1.9329539480460246e-06,-0.10208539906835336,4.049888329766401e-07,-3.668995301335455e-06,-0.1266019114450529,-3.9040042283748855e-05,0.0003552343458936845,-0.2,0.0,0.0,0.0,0.0,-2.962962962962963,-2.962962962962963,6.520308022395227e-06,-9.21240732321138e-06,-1.7527099564444653,-1.8519607050583933,0.0015806094376564026,0.0002342509133506247
X-,1789636192.546001,7.107864856719971,7.132566726002551,-0.1250383516790934,-3.910081798292036e-05,0.0002338213511314137,-0.16193786577676933,0.00018850555915609648,-0.0007941234744129554,-0.1407758287367753,1.655974599272676e-06,-1.9329539480460246e-06,-0.10208539906835336,4.049888329766401e-07,-3.668995301335455e-06,-0.1266019114450529,-3.9040042283748855e-05,0.0003552343458936845,-0.2,0.0,0.0,0.0,0.0,-2.962962962962963,-2.962962962962963,6.520308022395227e-06,-9.21240732321138e-06,-1.7527099564444653,-1.8519607050583933,0.0015806094376564026,0.0002342509133506247
X-,1789636192.5707304,7.132594347000122,7.1598634050023975,-0.12601228260146946,-3.9288298167524695e-05,0.0002334270442163031,-0.16372432960800873,0.000184745838650361,-0.0008707075194031388,-0.1407758287367753,1.655974599272676e-06,-1.9329539480460246e-06,-0.10208539906835336,4.049888329766401e-07,-3.668995301335455e-06,-0.1266019114450529,-3.9040042283748855e-05,0.0003552343458936845,-0.2,0.0,0.0,0.0,0.0,-2.962962962962963,-2.962962962962963,6.520308022395227e-06,-9.21240732321138e-06,-1.7527099564444653,-1.8519607050583933,0.000545819596661461,0.00023355697242933245
X-,1789636192.598031,7.159894943237305,7.191184004001116,-0.127824303489508,-3.9612931572458564e-05,0.00023276095830760646,-0.16673813609788846,0.00017624191782511725,-0.000972487680481773,-0.1407758287367753,1.655974599272676e-06,-1.9329539480460246e-06,-0.10208539906835336,4.049888329766401e-07,-3.668995301335455e-06,-0.1266019114450529,-3.9040042283748855e-05,0.0003552343458936845,-0.2,0.0,0.0,0.0,0.0,-2.962962962962963,-2.962962962962963,6.281205727098893e-06,-6.642261173972486e-06,-1.8856461707033871,-1.9718327317423292,-0.0016823281105329314,0.00023299184907365383
X-,1789636192.6293483,7.191212177276611,7.223032041001716,-0.1310257757496131,-4.0129618943222055e-05,0.00023180270122554294,-0.171199674080955,0.00015501276339187809,-0.0010797259816220787,-0.1407758287367753,1.655974599272676e-06,-1.9329539480460246e-06,-0.10208539906835336,4.049888329766401e-07,-3.668995301335455e-06,-0.1266019114450529,-3.9040042283748855e-05,0.0003552343458936845,-0.2,0.0,0.0,0.0,0.0,-2.962962962962963,-2.962962962962963,6.184589855351419e-06,5.9308616604525355e-06,-1.9471483601599342,-2.027265830070704,-0.004023051313824349,0.00023184898388915786
X-,1789636192.6611962,7.223060131072998,7.252512666000257,-0.1337815606179171,-4.056101494996547e-05,0.0002311507860396332,-0.1742963584118708,0.00013039099477693447,-0.0011188049239837228,-0.1407758287367753,1.655974599272676e-06,-1.9329539480460246e-06,-0.10208539906835336,4.049888329766401e-07,-3.668995301335455e-06,-0.1266019114450529,-3.9040042283748855e-05,0.0003552343458936845,-0.2,0.0,0.0,0.0,0.0,-2.962962962962963,-2.962962962962963,6.027056299373612e-06,5.722549458297976e-06,-2.0587745467010983,-2.1279548577590575,-0.004073980793992889,0.0002313758895331774
X-,1789636192.690676,7.252539873123169,7.277048163003201,-0.13535203514559951,-4.08003465687673e-05,0.00023078303582101472,-0.17580021735752863,0.00011731174877029651,-0.0011293855560151431,-0.1407758287367753,1.655974599272676e-06,-1.9329539480460246e-06,-0.10208539906835336,4.049888329766401e-07,-3.668995301335455e-06,-0.1266019114450529,-3.9040042283748855e-05,0.0003552343458936845,-0.2,0.0,0.0,0.0,0.0,-2.962962962962963,-2.962962962962963,5.960249267467077e-06,-9.20999196996064e-06,-2.108829737683808,-2.1731336101891463,3.916051689814657e-05,0.00023100590476144334
X-,1789636192.7152119,7.27707576751709,7.30639624000105,-0.1381747102424327,-4.1250533645213576e-05,0.00023017425359906043,-0.17809429920052589,8.948447752498432e-05,-0.0011160424773131747,-0.1407758287367753,1.655974599272676e-06,-1.9329539480460246e-06,-0.10208539906835336,4.049888329766401e-07,-3.668995301335455e-06,-0.1266019114450529,-3.9040042283748855e-05,0.0003552343458936845,-0.2,0.0,0.0,0.0,0.0,-2.962962962962963,-2.962962962962963,6.2434808825173604e-06,-5.5080159127030015e-06,-2.155132987683417,-2.2149457013841674,-0.0016975234092352549,0.00023017425359906043
X-,1789636192.7445583,7.306422233581543,7.3348372649998055,-0.14085117732632713,-4.17209834681553e-05,0.00022951569829093076,-0.17985018770096511,6.169706912527057e-05,-0.0010879917123467848,-0.1546945293611965,1.678879798823575e-06,-2.2052915826734806e-06,-0.141773320049335,-8.663254390585886e-07,-2.9720357464929923e-07,-0.14894829073523325,-4.265596243666979e-05,3.982602704510932e-06,-0.2,0.0,0.0,0.0,0.0,-2.962962962962963,-2.962962962962963,7.425067115818251e-06,5.352248154011363e-06,-2.236962196586648,-2.289015061217859,0.003228397024038703,0.00022983813001608994
X-,1789636192.7730007,7.334864616394043,7.37186371700227,-0.14228864549405543,-4.198863507055492e-05,0.00022912998881383087,-0.18064709050675729,4.961588589170421e-05,-0.0010495982433136387,-0.1546945293611965,1.678879798823575e-06,-2.2052915826734806e-06,-0.141773320049335,-8.663254390585886e-07,-2.9720357464929923e-07,-0.14894829073523325,-4.265596243666979e-05,3.982602704510932e-06,-0.2,0.0,0.0,0.0,0.0,-2.962962962962963,-2.962962962962963,8.014586907911792e-06,5.34410001318264e-06,-2.2729188472487287,-2.3215498489928907,0.00035469716361538443,0.00022926644698799165
X-,1789636192.8100352,7.371899127960205,7.400184169000568,-0.14228864549405543,-4.198863507055492e-05,0.00022912998881383087,-0.18064709050675729,4.961588589170421e-05,-0.0010495982433136387,-0.1546945293611965,1.678879798823575e-06,-2.2052915826734806e-06,-0.141773320049335,-8.663254390585886e-07,-2.9720357464929923e-07,-0.14894829073523325,-4.265596243666979e-05,3.982602704510932e-06,-0.2,0.0,0.0,0.0,0.0,-2.962962962962963,-2.962962962962963,8.014586907911792e-06,5.34410001318264e-06,-2.2729188472487287,-2.3215498489928907,0.00035469716361538443,0.00022926644698799165
X-,1789636192.8384075,7.400271415710449,7.436379092003335,-0.14228864549405543,-4.198863507055492e-05,0.00022912998881383087,-0.18064709050675729,4.961588589170421e-05,-0.0010495982433136387,-0.1546945293611965,1.678879798823575e-06,-2.2052915826734806e-06,-0.141773320049335,-8.663254390585886e-07,-2.9720357464929923e-07,-0.14894829073523325,-4.265596243666979e-05,3.982602704510932e-06,-0.2,0.0,0.0,0.0,0.0,-2.962962962962963,-2.962962962962963,8.014586907911792e-06,5.34410001318264e-06,-2.2729188472487287,-2.3215498489928907,0.00035469716361538443,0.00022926644698799165
X-,1789636192.8745432,7.436407089233398,7.468765445002646,-0.14228864549405543,-4.198863507055492e-05,0.00022912998881383087,-0.18064709050675729,4.961588589170421e-05,-0.0010495982433136387,-0.1546945293611965,1.678879798823575e-06,-2.2052915826734806e-06,-0.141773320049335,-8.663254390585886e-07,-2.9720357464929923e-07,-0.14894829073523325,-4.265596243666979e-05,3.982602704510932e-06,-0.2,0.0,0.0,0.0,0.0,-2.962962962962963,-2.962962962962963,8.014586907911792e-06,5.34410001318264e-06,-2.2729188472487287,-2.3215498489928907,0.00035469716361538443,0.00022926644698799165
X-,1789636192.9069328,7.468796730041504,7.494811040000059,-0.14228864549405543,-4.198863507055492e-05,0.00022912998881383087,-0.18064709050675729,4.961588589170421e-05,-0.0010495982433136387,-0.1546945293611965,1.678879798823575e-06,-2.2052915826734806e-06,-0.141773320049335,-8.663254390585886e-07,-2.9720357464929923e-07,-0.14894829073523325,-4.265596243666979e-05,3.982602704510932e-06,-0.2,0.0,0.0,0.0,0.0,-2.962962962962963,-2.962962962962963,8.014586907911792e-06,5.34410001318264e-06,-2.2729188472487287,-2.3215498489928907,0.00035469716361538443,0.00022926644698799165
X-,1789636192.9329724,7.494836330413818,7.525987944001827,-0.14228864549405543,-4.198863507055492e-05,0.00022912998881383087,-0.18064709050675729,4.961588589170421e-05,-0.0010495982433136387,-0.1546945293611965,1.678879798823575e-06,-2.2052915826734806e-06,-0.141773320049335,-8.663254390585886e-07,-2.9720357464929923e-07,-0.14894829073523325,-4.265596243666979e-05,3.982602704510932e-06,-0.2,0.0,0.0,0.0,0.0,-2.962962962962963,-2.962962962962963,8.014586907911792e-06,5.34410001318264e-06,-2.2729188472487287,-2.3215498489928907,0.00035469716361538443,0.00022926644698799165
X-,1789636192.9641504,7.52601432800293,7.554469489001349,-0.14228864549405543,-4.198863507055492e-05,0.00022912998881383087,-0.18064709050675729,4.961588589170421e-05,-0.0010495982433136387,-0.1546945293611965,1.678879798823575e-06,-2.2052915826734806e-06,-0.141773320049335,-8.663254390585886e-07,-2.9720357464929923e-07,-0.14894829073523325,-4.265596243666979e-05,3.982602704510932e-06,-0.2,0.0,0.0,0.0,0.0,-2.962962962962963,-2.962962962962963,8.014586907911792e-06,5.34410001318264e-06,-2.2729188472487287,-2.3215498489928907,0.00035469716361538443,0.00022926644698799165
X-,1789636192.9926338,7.554497718811035,7.581896100000449,-0.14228864549405543,-4.198863507055492e-05,0.00022912998881383087,-0.18064709050675729,4.961588589170421e-05,-0.0010495982433136387,-0.1546945293611965,1.678879798823575e-06,-2.2052915826734806e-06,-0.141773320049335,-8.663254390585886e-07,-2.9720357464929923e-07,-0.14894829073523325,-4.265596243666979e-05,3.982602704510932e-06,-0.2,0.0,0.0,0.0,0.0,-2.962962962962963,-2.962962962962963,8.014586907911792e-06,5.34410001318264e-06,-2.2729188472487287,-2.3215498489928907,0.00035469716361538443,0.00022926644698799165
X-,1789636193.0200512,7.5819151401519775,7.622492264999892,-0.14228864549405543,-4.198863507055492e-05,0.00022912998881383087,-0.18064709050675729,4.961588589170421e-05,-0.0010495982433136387,-0.1546945293611965,1.678879798823575e-06,-2.2052915826734806e-06,-0.141773320049335,-8.663254390585886e-07,-2.9720357464929923e-07,-0.14894829073523325,-4.265596243666979e-05,3.982602704510932e-06,-0.2,0.0,0.0,0.0,0.0,-2.962962962962963,-2.962962962962963,8.014586907911792e-06,5.34410001318264e-06,-2.2729188472487287,-2.3215498489928907,0.00035469716361538443,0.00022926644698799165
X-,1789636193.0606575,7.62252140045166,7.649553231000027,-0.14228864549405543,-4.198863507055492e-05,0.00022912998881383087,-0.18064709050675729,4.961588589170421e-05,-0.0010495982433136387,-0.1546945293611965,1.678879798823575e-06,-2.2052915826734806e-06,-0.141773320049335,-8.663254390585886e-07,-2.9720357464929923e-07,-0.14894829073523325,-4.265596243666979e-05,3.982602704510932e-06,-0.2,0.0,0.0,0.0,0.0,-2.962962962962963,-2.962962962962963,8.014586907911792e-06,5.34410001318264e-06,-2.2729188472487287,-2.3215498489928907,0.00035469716361538443,0.00022926644698799165
X-,1789636193.0877252,7.6495890617370605,7.676876258999982,-0.14228864549405543,-4.198863507055492e-05,0.00022912998881383087,-0.18064709050675729,4.961588589170421e-05,-0.0010495982433136387,-0.1546945293611965,1.678879798823575e-06,-2.2052915826734806e-06,-0.141773320049335,-8.663254390585886e-07,-2.9720357464929923e-07,-0.14894829073523325,-4.265596243666979e-05,3.982602704510932e-06,-0.2,0.0,0.0,0.0,0.0,-2.962962962962963,-2.962962962962963,8.014586907911792e-06,5.34410001318264e-06,-2.2729188472487287,-2.3215498489928907,0.00035469716361538443,0.00022926644698799165
X-,1789636193.115033,7.676896810531616,7.7032887270033825,-0.14228864549405543,-4.198863507055492e-05,0.00022912998881383087,-0.18064709050675729,4.961588589170421e-05,-0.0010495982433136387,-0.1546945293611965,1.678879798823575e-06,-2.2052915826734806e-06,-0.141773320049335,-8.663254390585886e-07,-2.9720357464929923e-07,-0.14894829073523325,-4.265596243666979e-05,3.982602704510932e-06,-0.2,0.0,0.0,0.0,0.0,-2.962962962962963,-2.962962962962963,8.014586907911792e-06,5.34410001318264e-06,-2.2729188472487287,-2.3215498489928907,0.00035469716361538443,0.00022926644698799165
X-,1789636193.1414504,7.703314304351807,7.732527965003101,-0.14228864549405543,-4.198863507055492e-05,0.00022912998881383087,-0.18064709050675729,4.961588589170421e-05,-0.0010495982433136387,-0.1546945293611965,1.678879798823575e-06,-2.2052915826734806e-06,-0.141773320049335,-8.663254390585886e-07,-2.9720357464929923e-07,-0.14894829073523325,-4.265596243666979e-05,3.982602704510932e-06,-0.2,0.0,0.0,0.0,0.0,-2.962962962962963,-2.962962962962963,8.014586907911792e-06,5.34410001318264e-06,-2.2729188472487287,-2.3215498489928907,0.00035469716361538443,0.00022926644698799165
X-,1789636193.1706908,7.73255467414856,7.766323817002558,-0.1444559111448911,-4.237076099451471e-05,0.00022854356678018417,-0.18167812917532358,2.234096463797744e-05,-0.0009904036951628899,-0.1546945293611965,1.678879798823575e-06,-2.2052915826734806e-06,-0.141773320049335,-8.663254390585886e-07,-2.9720357464929923e-07,-0.14894829073523325,-4.265596243666979e-05,3.982602704510932e-06,-0.2,0.0,0.0,0.0,0.0,-2.962962962962963,-2.962962962962963,-6.041435193004929e-06,5.369628759410716e-06,-2.305923469349217,-2.351339372902023,0.0011817426077958594,0.00022870289272813914
X-,1789636193.2044885,7.766352415084839,7.797972470001696,-0.14736278656733437,-4.291444989900153e-05,0.0002276256311582832,-0.1827757310949339,-1.9986506679361954e-05,-0.0008720963458199392,-0.1546945293611965,1.678879798823575e-06,-2.2052915826734806e-06,-0.141773320049335,-8.663254390585886e-07,-2.9720357464929923e-07,-0.14894829073523325,-4.265596243666979e-05,3.982602704510932e-06,-0.2,0.0,0.0,0.0,0.0,-2.962962962962963,-2.962962962962963,5.02272312807861e-06,5.43971750577299e-06,-2.3639301958877157,-2.4034207452150205,0.00015722728641862245,0.0002276256311582832
X-,1789636193.2361357,7.797999620437622,7.836986947000696,-0.15248416841079024,-4.404823093495831e-05,0.00022677454345426107,-0.18405242302276625,-4.517401245948498e-05,-0.0008478218284113662,-0.1546945293611965,1.678879798823575e-06,-2.2052915826734806e-06,-0.141773320049335,-8.663254390585886e-07,-2.9720357464929923e-07,-0.14894829073523325,-4.265596243666979e-05,3.982602704510932e-06,-0.2,0.0,0.0,0.0,0.0,-2.962962962962963,-2.962962962962963,7.552193270754515e-06,5.563103237626876e-06,-2.4121665464464113,-2.4467043110266222,-0.0026581677692499184,0.00022707177264786663
X-,1789636193.2751522,7.8370161056518555,7.875635317002889,-0.15689549988518403,-4.495343642986916e-05,0.00022510208582477125,-0.18461652985091973,-5.4341474530707684e-05,-0.0008306519892938283,-0.17041179929634695,1.711328165260157e-06,-1.9231603270306912e-06,-0.15821198598627545,-1.0196292478570765e-06,-5.333582740057158e-07,-0.16466171163468274,-4.7567096737072244e-05,0.00014067520477700768,-0.2,0.0,0.0,0.0,0.0,-2.962962962962963,-2.962962962962963,7.4997543517696386e-06,5.401836916441027e-06,-2.469278429876076,-2.4981308633624817,-0.00013640824272499307,0.00022523948029204386
X-,1789636193.3138027,7.875666618347168,7.901672938001866,-0.16039456021321827,-4.5673996278517565e-05,0.000223965673872266,-0.18478947030355028,-6.29474221243207e-05,-0.0008256837738995926,-0.17041179929634695,1.711328165260157e-06,-1.9231603270306912e-06,-0.15821198598627545,-1.0196292478570765e-06,-5.333582740057158e-07,-0.16466171163468274,-4.7567096737072244e-05,0.00014067520477700768,-0.2,0.0,0.0,0.0,0.0,-2.962962962962963,-2.962962962962963,-5.318167018764086e-06,5.244592972353246e-06,-2.499086224939883,-2.524693918298477,-0.0005461434487910655,0.0002245681008192528
X-,1789636193.3398385,7.901702404022217,7.926735388002271,-0.16131576940665346,-4.587210690298882e-05,0.00022355151649724344,-0.18480093558911906,-6.659698084259276e-05,-0.000808532181163178,-0.17041179929634695,1.711328165260157e-06,-1.9231603270306912e-06,-0.15821198598627545,-1.0196292478570765e-06,-5.333582740057158e-07,-0.16466171163468274,-4.7567096737072244e-05,0.00014067520477700768,-0.2,0.0,0.0,0.0,0.0,-2.962962962962963,-2.962962962962963,-5.318167018764086e-06,5.244592972353246e-06,-2.499086224939883,-2.524693918298477,-0.0028820245762807535,0.000223965673872266
X-,1789636193.364898,7.926761865615845,7.95379990100264,-0.16131576940665346,-4.587210690298882e-05,0.00022355151649724344,-0.18480093558911906,-6.659698084259276e-05,-0.000808532181163178,-0.17041179929634695,1.711328165260157e-06,-1.9231603270306912e-06,-0.15821198598627545,-1.0196292478570765e-06,-5.333582740057158e-07,-0.16466171163468274,-4.7567096737072244e-05,0.00014067520477700768,-0.2,0.0,0.0,0.0,0.0,-2.962962962962963,-2.962962962962963,-5.318167018764086e-06,5.244592972353246e-06,-2.499086224939883,-2.524693918298477,-0.0028820245762807535,0.000223965673872266
X-,1789636193.3919637,7.953827619552612,7.978064827002527,-0.16131576940665346,-4.587210690298882e-05,0.00022355151649724344,-0.18480093558911906,-6.659698084259276e-05,-0.000808532181163178,-0.17041179929634695,1.711328165260157e-06,-1.9231603270306912e-06,-0.15821198598627545,-1.0196292478570765e-06,-5.333582740057158e-07,-0.16466171163468274,-4.7567096737072244e-05,0.00014067520477700768,-0.2,0.0,0.0,0.0,0.0,-2.962962962962963,-2.962962962962963,-5.318167018764086e-06,5.244592972353246e-06,-2.499086224939883,-2.524693918298477,-0.0028820245762807535,0.000223965673872266
X-,1789636193.416229,7.978092908859253,8.005257554999844,-0.16131576940665346,-4.587210690298882e-05,0.00022355151649724344,-0.18480093558911906,-6.659698084259276e-05,-0.000808532181163178,-0.17041179929634695,1.711328165260157e-06,-1.9231603270306912e-06,-0.15821198598627545,-1.0196292478570765e-06,-5.333582740057158e-07,-0.16466171163468274,-4.7567096737072244e-05,0.00014067520477700768,-0.2,0.0,0.0,0.0,0.0,-2.962962962962963,-2.962962962962963,-5.318167018764086e-06,5.244592972353246e-06,-2.499086224939883,-2.524693918298477,-0.0028820245762807535,0.000223965673872266
