case,sim_time,elapsed_sim_time,elapsed_wall_time,gt_x,gt_y,gt_yaw,gt_vx_world,gt_vy_world,gt_wz,odom_x,odom_y,odom_yaw,odom_vx,odom_vy,odom_wz,local_x,local_y,local_yaw,cmd_x,cmd_y,cmd_yaw,steer_cmd_front,steer_cmd_rear,drive_cmd_front,drive_cmd_rear,steer_pos_front,steer_pos_rear,wheel_vel_front,wheel_vel_rear,imu_wz,imu_yaw
X+,1789636033.8084,1.0967254638671875e-05,0.03705700499995146,1.820357634355757e-06,-2.3405244811702808e-08,6.756784431283641e-05,-0.00022049650593640387,7.752360208061065e-05,-0.00021989601620963633,-0.00011057926013715299,2.749725437745047e-11,-1.6604417784834462e-09,-0.0002213713286260948,5.5122220339964797e-11,-3.303274683259601e-09,-3.824690998536461e-05,-2.3424984808895052e-08,1.7894749489766377e-05,0.2,0.0,0.0,0.0,0.0,0.0,0.0,4.2837071374535185e-06,-4.638540756829457e-06,-0.0034210142607857,-0.003532983613416064,-0.003036722445495552,6.756784431283641e-05
X+,1789636033.8454678,0.037078857421875,0.061150680001446744,1.8207816096585394e-06,-2.382273670518964e-08,6.75729024846252e-05,2.451399216873752e-08,-2.451424279348596e-08,2.9738331488450853e-07,-0.00011057926013715299,2.749725437745047e-11,-1.6604417784834462e-09,-0.0002213713286260948,5.5122220339964797e-11,-3.303274683259601e-09,-3.824690998536461e-05,-2.3424984808895052e-08,1.7894749489766377e-05,0.2,0.0,0.0,0.0,0.0,0.0,0.0,4.280717976534731e-06,-4.635662842922272e-06,-0.003421368365269108,-0.0035334254236325854,0.003985268844912204,6.757052215827418e-05
X+,1789636033.869562,0.0611729621887207,0.08774689400161151,1.8211051776018117e-06,-2.4141976375478824e-08,6.757676914334628e-05,-0.00022050288960942402,7.748423092891612e-05,-0.00021985720424169645,-0.0001327315454598326,3.305732730400929e-11,-1.9896957059578516e-09,-0.00022152285322679633,5.523290346520157e-11,-3.2925392747440526e-09,-5.377412723513488e-05,-2.2288514801108997e-08,-0.00012578345593006188,0.2,0.0,0.0,0.0,0.0,1.0,1.0,4.27922422652216e-06,-4.634224634258999e-06,-0.0034215446503663262,-0.0035336469737781828,0.0013098479709002188,6.757349745478692e-05
X+,1789636033.8961604,0.08777141571044922,0.1131071849995351,6.064217944027478e-06,-4.211725464914329e-08,6.797088370453343e-05,0.001278446778157636,5.582677593845252e-05,-0.0002651783999206579,-0.0001327315454598326,3.305732730400929e-11,-1.9896957059578516e-09,-0.00022152285322679633,5.523290346520157e-11,-3.2925392747440526e-09,-5.377412723513488e-05,-2.2288514801108997e-08,-0.00012578345593006188,0.2,0.0,0.0,0.0,0.0,1.001,1.001,4.277730850432704e-06,-4.632787193870058e-06,-0.0034217130335512285,-0.0035338719630644898,-0.004521094040925673,6.797088370453343e-05
X+,1789636033.9215214,0.11313247680664062,0.1401434950021212,1.4646150875013975e-05,-1.1276666333787794e-07,6.807502161184271e-05,0.0024377837663470962,6.30803921828674e-05,-0.00029073414291085097,-0.0001327315454598326,3.305732730400929e-11,-1.9896957059578516e-09,-0.00022152285322679633,5.523290346520157e-11,-3.2925392747440526e-09,-5.377412723513488e-05,-2.2288514801108997e-08,-0.00012578345593006188,0.2,0.0,0.0,0.0,0.0,1.001,1.001,4.277730850432704e-06,-4.632787193870058e-06,-0.0034217130335512285,-0.0035338719630644898,-0.004521094040925673,6.797088370453343e-05
X+,1789636033.9485574,0.1401684284210205,0.1671504139994795,1.4646150875013975e-05,-1.1276666333787794e-07,6.807502161184271e-05,0.0024377837663470962,6.30803921828674e-05,-0.00029073414291085097,-0.0001327315454598326,3.305732730400929e-11,-1.9896957059578516e-09,-0.00022152285322679633,5.523290346520157e-11,-3.2925392747440526e-09,-5.377412723513488e-05,-2.2288514801108997e-08,-0.00012578345593006188,0.2,0.0,0.0,0.0,0.0,1.001,1.001,4.277730850432704e-06,-4.632787193870058e-06,-0.0034217130335512285,-0.0035338719630644898,-0.004521094040925673,6.797088370453343e-05
X+,1789636033.9755647,0.1671757698059082,0.19058195500110742,1.4646150875013975e-05,-1.1276666333787794e-07,6.807502161184271e-05,0.0024377837663470962,6.30803921828674e-05,-0.00029073414291085097,-0.0001327315454598326,3.305732730400929e-11,-1.9896957059578516e-09,-0.00022152285322679633,5.523290346520157e-11,-3.2925392747440526e-09,-5.377412723513488e-05,-2.2288514801108997e-08,-0.00012578345593006188,0.2,0.0,0.0,0.0,0.0,1.001,1.001,4.277730850432704e-06,-4.632787193870058e-06,-0.0034217130335512285,-0.0035338719630644898,-0.004521094040925673,6.797088370453343e-05
X+,1789636033.9989936,0.19060468673706055,0.2147839870012831,1.4646150875013975e-05,-1.1276666333787794e-07,6.807502161184271e-05,0.0024377837663470962,6.30803921828674e-05,-0.00029073414291085097,-0.0001327315454598326,3.305732730400929e-11,-1.9896957059578516e-09,-0.00022152285322679633,5.523290346520157e-11,-3.2925392747440526e-09,-5.377412723513488e-05,-2.2288514801108997e-08,-0.00012578345593006188,0.2,0.0,0.0,0.0,0.0,1.001,1.001,4.277730850432704e-06,-4.632787193870058e-06,-0.0034217130335512285,-0.0035338719630644898,-0.004521094040925673,6.797088370453343e-05
X+,1789636034.0231981,0.21480917930603027,0.24526658600007067,1.4646150875013975e-05,-1.1276666333787794e-07,6.807502161184271e-05,0.0024377837663470962,6.30803921828674e-05,-0.00029073414291085097,-0.0001327315454598326,3.305732730400929e-11,-1.9896957059578516e-09,-0.00022152285322679633,5.523290346520157e-11,-3.2925392747440526e-09,-5.377412723513488e-05,-2.2288514801108997e-08,-0.00012578345593006188,0.2,0.0,0.0,0.0,0.0,1.001,1.001,4.277730850432704e-06,-4.632787193870058e-06,-0.0034217130335512285,-0.0035338719630644898,-0.004521094040925673,6.797088370453343e-05
X+,1789636034.0536816,0.24529266357421875,0.2715106969990302,1.4646150875013975e-05,-1.1276666333787794e-07,6.807502161184271e-05,0.0024377837663470962,6.30803921828674e-05,-0.00029073414291085097,-0.0001327315454598326,3.305732730400929e-11,-1.9896957059578516e-09,-0.00022152285322679633,5.523290346520157e-11,-3.2925392747440526e-09,-5.377412723513488e-05,-2.2288514801108997e-08,-0.00012578345593006188,0.2,0.0,0.0,0.0,0.0,1.001,1.001,4.277730850432704e-06,-4.632787193870058e-06,-0.0034217130335512285,-0.0035338719630644898,-0.004521094040925673,6.797088370453343e-05
X+,1789636034.0799181,0.2715291976928711,0.3017429749997973,1.4646150875013975e-05,-1.1276666333787794e-07,6.807502161184271e-05,0.0024377837663470962,6.30803921828674e-05,-0.00029073414291085097,-0.0001327315454598326,3.305732730400929e-11,-1.9896957059578516e-09,-0.00022152285322679633,5.523290346520157e-11,-3.2925392747440526e-09,-5.377412723513488e-05,-2.2288514801108997e-08,-0.00012578345593006188,0.2,0.0,0.0,0.0,0.0,1.001,1.001,4.277730850432704e-06,-4.632787193870058e-06,-0.0034217130335512285,-0.0035338719630644898,-0.004521094040925673,6.797088370453343e-05
X+,1789636034.110156,0.30176711082458496,0.33259530900249956,1.4646150875013975e-05,-1.1276666333787794e-07,6.807502161184271e-05,0.0024377837663470962,6.30803921828674e-05,-0.00029073414291085097,-0.0001327315454598326,3.305732730400929e-11,-1.9896957059578516e-09,-0.00022152285322679633,5.523290346520157e-11,-3.2925392747440526e-09,-5.377412723513488e-05,-2.2288514801108997e-08,-0.00012578345593006188,0.2,0.0,0.0,0.0,0.0,1.001,1.001,4.277730850432704e-06,-4.632787193870058e-06,-0.0034217130335512285,-0.0035338719630644898,-0.004521094040925673,6.797088370453343e-05
X+,1789636034.1410108,0.33262181282043457,0.36375317300189636,1.4646150875013975e-05,-1.1276666333787794e-07,6.807502161184271e-05,0.0024377837663470962,6.30803921828674e-05,-0.00029073414291085097,-0.0001327315454598326,3.305732730400929e-11,-1.9896957059578516e-09,-0.00022152285322679633,5.523290346520157e-11,-3.2925392747440526e-09,-5.377412723513488e-05,-2.2288514801108997e-08,-0.00012578345593006188,0.2,0.0,0.0,0.0,0.0,1.001,1.001,4.277730850432704e-06,-4.632787193870058e-06,-0.0034217130335512285,-0.0035338719630644898,-0.004521094040925673,6.797088370453343e-05
X+,1789636034.1721697,0.3637807369232178,0.3874227590022201,1.4646150875013975e-05,-1.1276666333787794e-07,6.807502161184271e-05,0.0024377837663470962,6.30803921828674e-05,-0.00029073414291085097,-0.0001327315454598326,3.305732730400929e-11,-1.9896957059578516e-09,-0.00022152285322679633,5.523290346520157e-11,-3.2925392747440526e-09,-5.377412723513488e-05,-2.2288514801108997e-08,-0.00012578345593006188,0.2,0.0,0.0,0.0,0.0,1.001,1.001,4.277730850432704e-06,-4.632787193870058e-06,-0.0034217130335512285,-0.0035338719630644898,-0.004521094040925673,6.797088370453343e-05
X+,1789636034.1958356,0.38744664192199707,0.4136848710004415,1.4646150875013975e-05,-1.1276666333787794e-07,6.807502161184271e-05,0.0024377837663470962,6.30803921828674e-05,-0.00029073414291085097,-0.0001327315454598326,3.305732730400929e-11,-1.9896957059578516e-09,-0.00022152285322679633,5.523290346520157e-11,-3.2925392747440526e-09,-5.377412723513488e-05,-2.2288514801108997e-08,-0.00012578345593006188,0.2,0.0,0.0,0.0,0.0,1.001,1.001,4.277730850432704e-06,-4.632787193870058e-06,-0.0034217130335512285,-0.0035338719630644898,-0.004521094040925673,6.797088370453343e-05
X+,1789636034.2220967,0.4137077331542969,0.44261642700075754,3.1785613915404076e-05,-1.9864948149622697e-07,6.806746183956042e-05,0.0038497791396422377,7.495712248357384e-05,-0.0002997167570862576,-0.0001327315454598326,3.305732730400929e-11,-1.9896957059578516e-09,-0.00022152285322679633,5.523290346520157e-11,-3.2925392747440526e-09,-5.377412723513488e-05,-2.2288514801108997e-08,-0.00012578345593006188,0.2,0.0,0.0,0.0,0.0,1.001,1.001,7.04966148479258e-06,1.661759067417279e-05,0.044525639563047406,0.0571248478660791,0.0033548856785450914,6.806746183956042e-05
X+,1789636034.2510276,0.442638635635376,0.4725158780020138,0.00018685838908013078,-3.9932183095500035e-07,6.787318764717669e-05,0.009575957638781744,0.00011629421574623154,-0.00025521654581315054,-0.0001327315454598326,3.305732730400929e-11,-1.9896957059578516e-09,-0.00022152285322679633,5.523290346520157e-11,-3.2925392747440526e-09,-5.377412723513488e-05,-2.2288514801108997e-08,-0.00012578345593006188,0.2,0.0,0.0,0.0,0.0,1.001,1.001,5.393797777308862e-06,1.3147965277404694e-05,0.12419974280882638,0.13256563975629673,-0.0006688228602538837,6.78715987674189e-05
X+,1789636034.2809277,0.47253870964050293,0.4975595180003438,0.00038787273218361673,-3.8883918351394903e-07,6.790216906872513e-05,0.013487257763929943,0.00011426218381541993,-0.00025309249680381934,-0.0001327315454598326,3.305732730400929e-11,-1.9896957059578516e-09,-0.00022152285322679633,5.523290346520157e-11,-3.2925392747440526e-09,-5.377412723513488e-05,-2.2288514801108997e-08,-0.00012578345593006188,0.2,0.0,0.0,0.0,0.0,1.001,1.001,4.695672055632372e-06,1.1598155463588e-05,0.19483423529832847,0.2020902948656358,-0.0004499737798463082,6.790383779600358e-05
X+,1789636034.305969,0.49758005142211914,0.5209356929990463,0.0005679994843505246,-3.859822810484831e-07,6.792158544766192e-05,0.016002578170594542,0.0001133277471619472,-0.00025168311619414886,-0.0001327315454598326,3.305732730400929e-11,-1.9896957059578516e-09,-0.00022152285322679633,5.523290346520157e-11,-3.2925392747440526e-09,-5.377412723513488e-05,-2.2288514801108997e-08,-0.00012578345593006188,0.2,0.0,0.0,0.0,0.0,1.001,1.001,4.417637439857458e-06,1.0961870333225932e-05,0.22708755279684553,0.23393918650000814,-0.0011191545147798767,6.79200131625188e-05
X+,1789636034.3293555,0.5209665298461914,0.5540524429998186,0.0008918354538464818,-3.8334922954161993e-07,6.794849148825734e-05,0.0194284591026686,0.00011254937213398409,-0.0002500106902786798,-0.0001327315454598326,3.305732730400929e-11,-1.9896957059578516e-09,-0.00022152285322679633,5.523290346520157e-11,-3.2925392747440526e-09,-5.377412723513488e-05,-2.2288514801108997e-08,-0.00012578345593006188,0.2,0.0,0.0,0.0,0.0,1.001,1.001,3.940139955638244e-06,9.8198679721051e-06,0.286049051457917,0.2921578393783874,-0.00047985235978867543,6.793536452189564e-05
X+,1789636034.362464,0.5540750026702881,0.5819561640018946,0.0012511016569363362,-3.809267747536399e-07,6.797206690214457e-05,0.022315943898825432,0.00011198258044219794,-0.0002488015895812026,0.0017088574018018854,1.2756731816153503e-08,-2.0480046353857057e-08,0.018415889472616926,1.2727338690469998e-07,-1.84903506478992e-07,-4.972955587769549e-05,-3.417112939668706e-08,0.0002321722581060116,0.2,0.0,0.0,0.0,0.0,2.002,2.002,3.7721728505246688e-06,8.815490463831566e-06,0.33831971471565925,0.34373007790252297,0.0011471834730350519,6.796798316754531e-05
X+,1789636034.390369,0.5819799900054932,0.6072861190004915,0.0017142499846147172,-4.0573181742803444e-07,6.768011222721384e-05,0.031218351601882823,0.0001221511815522347,-0.00029101438611262893,0.0017088574018018854,1.2756731816153503e-08,-2.0480046353857057e-08,0.018415889472616926,1.2727338690469998e-07,-1.84903506478992e-07,-4.972955587769549e-05,-3.417112939668706e-08,0.0002321722581060116,0.2,0.0,0.0,0.0,0.0,2.002,2.002,1.2567409832797694e-05,2.7646127088054584e-05,0.4240168241583728,0.4427394318450419,-0.0015608020903202736,6.768011222721384e-05
X+,1789636034.4157002,0.6073112487792969,0.6345606979994045,0.0017142499846147172,-4.0573181742803444e-07,6.768011222721384e-05,0.031218351601882823,0.0001221511815522347,-0.00029101438611262893,0.0017088574018018854,1.2756731816153503e-08,-2.0480046353857057e-08,0.018415889472616926,1.2727338690469998e-07,-1.84903506478992e-07,-4.972955587769549e-05,-3.417112939668706e-08,0.0002321722581060116,0.2,0.0,0.0,0.0,0.0,2.002,2.002,1.2567409832797694e-05,2.7646127088054584e-05,0.4240168241583728,0.4427394318450419,-0.0015608020903202736,6.768011222721384e-05
X+,1789636034.4429755,0.6345865726470947,0.6620650080003543,0.0017142499846147172,-4.0573181742803444e-07,6.768011222721384e-05,0.031218351601882823,0.0001221511815522347,-0.00029101438611262893,0.0017088574018018854,1.2756731816153503e-08,-2.0480046353857057e-08,0.018415889472616926,1.2727338690469998e-07,-1.84903506478992e-07,-4.972955587769549e-05,-3.417112939668706e-08,0.0002321722581060116,0.2,0.0,0.0,0.0,0.0,2.002,2.002,1.2567409832797694e-05,2.7646127088054584e-05,0.4240168241583728,0.4427394318450419,-0.0015608020903202736,6.768011222721384e-05
X+,1789636034.4704816,0.6620926856994629,0.6922278609999921,0.0017142499846147172,-4.0573181742803444e-07,6.768011222721384e-05,0.031218351601882823,0.0001221511815522347,-0.00029101438611262893,0.0017088574018018854,1.2756731816153503e-08,-2.0480046353857057e-08,0.018415889472616926,1.2727338690469998e-07,-1.84903506478992e-07,-4.972955587769549e-05,-3.417112939668706e-08,0.0002321722581060116,0.2,0.0,0.0,0.0,0.0,2.002,2.002,1.2567409832797694e-05,2.7646127088054584e-05,0.4240168241583728,0.4427394318450419,-0.0015608020903202736,6.768011222721384e-05
X+,1789636034.5006478,0.6922588348388672,0.7209376940008951,0.0017142499846147172,-4.0573181742803444e-07,6.768011222721384e-05,0.031218351601882823,0.0001221511815522347,-0.00029101438611262893,0.0017088574018018854,1.2756731816153503e-08,-2.0480046353857057e-08,0.018415889472616926,1.2727338690469998e-07,-1.84903506478992e-07,-4.972955587769549e-05,-3.417112939668706e-08,0.0002321722581060116,0.2,0.0,0.0,0.0,0.0,2.002,2.002,1.2567409832797694e-05,2.7646127088054584e-05,0.4240168241583728,0.4427394318450419,-0.0015608020903202736,6.768011222721384e-05
X+,1789636034.5293484,0.7209594249725342,0.7439099620023626,0.0017142499846147172,-4.0573181742803444e-07,6.768011222721384e-05,0.031218351601882823,0.0001221511815522347,-0.00029101438611262893,0.0017088574018018854,1.2756731816153503e-08,-2.0480046353857057e-08,0.018415889472616926,1.2727338690469998e-07,-1.84903506478992e-07,-4.972955587769549e-05,-3.417112939668706e-08,0.0002321722581060116,0.2,0.0,0.0,0.0,0.0,2.002,2.002,1.2567409832797694e-05,2.7646127088054584e-05,0.4240168241583728,0.4427394318450419,-0.0015608020903202736,6.768011222721384e-05
X+,1789636034.5523214,0.7439324855804443,0.7679903019998164,0.0017142499846147172,-4.0573181742803444e-07,6.768011222721384e-05,0.031218351601882823,0.0001221511815522347,-0.00029101438611262893,0.0017088574018018854,1.2756731816153503e-08,-2.0480046353857057e-08,0.018415889472616926,1.2727338690469998e-07,-1.84903506478992e-07,-4.972955587769549e-05,-3.417112939668706e-08,0.0002321722581060116,0.2,0.0,0.0,0.0,0.0,2.002,2.002,1.2567409832797694e-05,2.7646127088054584e-05,0.4240168241583728,0.4427394318450419,-0.0015608020903202736,6.768011222721384e-05
X+,1789636034.5764036,0.768014669418335,0.8032689829997253,0.0017142499846147172,-4.0573181742803444e-07,6.768011222721384e-05,0.031218351601882823,0.0001221511815522347,-0.00029101438611262893,0.0017088574018018854,1.2756731816153503e-08,-2.0480046353857057e-08,0.018415889472616926,1.2727338690469998e-07,-1.84903506478992e-07,-4.972955587769549e-05,-3.417112939668706e-08,0.0002321722581060116,0.2,0.0,0.0,0.0,0.0,2.002,2.002,1.2567409832797694e-05,2.7646127088054584e-05,0.4240168241583728,0.4427394318450419,-0.0015608020903202736,6.768011222721384e-05
X+,1789636034.6116843,0.803295373916626,0.8381338920007693,0.0017142499846147172,-4.0573181742803444e-07,6.768011222721384e-05,0.031218351601882823,0.0001221511815522347,-0.00029101438611262893,0.0017088574018018854,1.2756731816153503e-08,-2.0480046353857057e-08,0.018415889472616926,1.2727338690469998e-07,-1.84903506478992e-07,-4.972955587769549e-05,-3.417112939668706e-08,0.0002321722581060116,0.2,0.0,0.0,0.0,0.0,2.002,2.002,1.2567409832797694e-05,2.7646127088054584e-05,0.4240168241583728,0.4427394318450419,-0.0015608020903202736,6.768011222721384e-05
X+,1789636034.64655,0.8381609916687012,0.87597321100111,0.0017142499846147172,-4.0573181742803444e-07,6.768011222721384e-05,0.031218351601882823,0.0001221511815522347,-0.00029101438611262893,0.0017088574018018854,1.2756731816153503e-08,-2.0480046353857057e-08,0.018415889472616926,1.2727338690469998e-07,-1.84903506478992e-07,-4.972955587769549e-05,-3.417112939668706e-08,0.0002321722581060116,0.2,0.0,0.0,0.0,0.0,2.002,2.002,1.2567409832797694e-05,2.7646127088054584e-05,0.4240168241583728,0.4427394318450419,-0.0015608020903202736,6.768011222721384e-05
X+,1789636034.6843882,0.8759992122650146,0.9063551649996953,0.0017142499846147172,-4.0573181742803444e-07,6.768011222721384e-05,0.031218351601882823,0.0001221511815522347,-0.00029101438611262893,0.0017088574018018854,1.2756731816153503e-08,-2.0480046353857057e-08,0.018415889472616926,1.2727338690469998e-07,-1.84903506478992e-07,-4.972955587769549e-05,-3.417112939668706e-08,0.0002321722581060116,0.2,0.0,0.0,0.0,0.0,2.002,2.002,1.2567409832797694e-05,2.7646127088054584e-05,0.4240168241583728,0.4427394318450419,-0.0015608020903202736,6.768011222721384e-05
X+,1789636034.7147675,0.9063785076141357,0.935406595999666,0.0017142499846147172,-4.0573181742803444e-07,6.768011222721384e-05,0.031218351601882823,0.0001221511815522347,-0.00029101438611262893,0.0017088574018018854,1.2756731816153503e-08,-2.0480046353857057e-08,0.018415889472616926,1.2727338690469998e-07,-1.84903506478992e-07,-4.972955587769549e-05,-3.417112939668706e-08,0.0002321722581060116,0.2,0.0,0.0,0.0,0.0,2.002,2.002,1.2567409832797694e-05,2.7646127088054584e-05,0.4240168241583728,0.4427394318450419,-0.0015608020903202736,6.768011222721384e-05
X+,1789636034.7438235,0.9354345798492432,0.9628698740016262,0.0017142499846147172,-4.0573181742803444e-07,6.768011222721384e-05,0.031218351601882823,0.0001221511815522347,-0.00029101438611262893,0.0017088574018018854,1.2756731816153503e-08,-2.0480046353857057e-08,0.018415889472616926,1.2727338690469998e-07,-1.84903506478992e-07,-4.972955587769549e-05,-3.417112939668706e-08,0.0002321722581060116,0.2,0.0,0.0,0.0,0.0,2.002,2.002,1.2567409832797694e-05,2.7646127088054584e-05,0.4240168241583728,0.4427394318450419,-0.0015608020903202736,6.768011222721384e-05
X+,1789636034.771286,0.9628970623016357,0.9924953859990637,0.0017142499846147172,-4.0573181742803444e-07,6.768011222721384e-05,0.031218351601882823,0.0001221511815522347,-0.00029101438611262893,0.0017088574018018854,1.2756731816153503e-08,-2.0480046353857057e-08,0.018415889472616926,1.2727338690469998e-07,-1.84903506478992e-07,-4.972955587769549e-05,-3.417112939668706e-08,0.0002321722581060116,0.2,0.0,0.0,0.0,0.0,2.002,2.002,1.2567409832797694e-05,2.7646127088054584e-05,0.4240168241583728,0.4427394318450419,-0.0015608020903202736,6.768011222721384e-05
X+,1789636034.8009086,0.9925196170806885,1.017762028001016,0.0022419955620719967,-4.159550416413943e-07,6.772033768523479e-05,0.03831320819965836,0.00011868668173864096,-0.00027943453853035747,0.0017088574018018854,1.2756731816153503e-08,-2.0480046353857057e-08,0.018415889472616926,1.2727338690469998e-07,-1.84903506478992e-07,-4.972955587769549e-05,-3.417112939668706e-08,0.0002321722581060116,0.2,0.0,0.0,0.0,0.0,2.002,2.002,1.0110422998366175e-05,2.253603441193519e-05,0.5703020980543195,0.5832682978528317,-0.000853721114667149,6.77102213183095e-05
X+,1789636034.8261757,1.0177867412567139,1.0448183720000088,0.002693888285217938,-4.2737166958562584e-07,6.775907537725748e-05,0.04309958540760699,0.00011600607031275154,-0.000272020876597037,0.0017088574018018854,1.2756731816153503e-08,-2.0480046353857057e-08,0.018415889472616926,1.2727338690469998e-07,-1.84903506478992e-07,-4.972955587769549e-05,-3.417112939668706e-08,0.0002321722581060116,0.2,0.0,0.0,0.0,0.0,2.002,2.002,9.48041244797082e-06,2.1089710718236176e-05,0.6371004440989539,0.6489535599462872,-0.003024520330585958,6.774485954755285e-05
X+,1789636034.8532343,1.0448453426361084,1.0829419350011449,0.00359183031544983,-4.51573847653694e-07,6.782550188278739e-05,0.050603239121083256,0.00011149176135372257,-0.0002593993459108006,0.0017088574018018854,1.2756731816153503e-08,-2.0480046353857057e-08,0.018415889472616926,1.2727338690469998e-07,-1.84903506478992e-07,-4.972955587769549e-05,-3.417112939668706e-08,0.0002321722581060116,0.2,0.0,0.0,0.0,0.0,2.002,2.002,8.46828753964246e-06,1.868513405156591e-05,0.7592228772707947,0.769364351754481,-0.0036449265187062747,6.781865841124678e-05
X+,1789636034.8913543,1.08296537399292,1.1131338369996229,0.004566142185536137,-4.755326436815463e-07,6.788241555052324e-05,0.05690039614801745,0.00010858574937488316,-0.0002523745230655932,0.0017088574018018854,1.2756731816153503e-08,-2.0480046353857057e-08,0.018415889472616926,1.2727338690469998e-07,-1.84903506478992e-07,-4.972955587769549e-05,-3.417112939668706e-08,0.0002321722581060116,0.2,0.0,0.0,0.0,0.0,2.002,2.002,7.63009125392955e-06,1.6614227702937967e-05,0.8675045735021757,0.8761061687018188,0.001065722721340769,6.788241555052324e-05
X+,1789636034.9215467,1.1131577491760254,1.1399625320009363,0.005275680312848783,-4.89783472010577e-07,6.791480473456967e-05,0.06070090772943629,0.00010813945164198401,-0.0002521159182434299,0.00726225761525744,8.008526602436329e-08,-1.0472942576219497e-07,0.05553400213454174,6.744226810200286e-07,-8.424937940833792e-07,0.0024787172387990062,-1.9086495321433668e-07,-1.1079417621129165e-05,0.2,0.0,0.0,0.0,0.0,2.962962962962963,2.962962962962963,7.261238637923384e-06,1.5674204223437016e-05,0.9169522185063468,0.9248132693455132,0.0027490821534723025,6.790968872707486e-05
X+,1789636034.9483733,1.139984369277954,1.1709940050022851,0.005966852248148545,-5.132613612483447e-07,6.779994620695806e-05,0.0650590707422263,0.00011039882773645488,-0.0003452492678445865,0.00726225761525744,8.008526602436329e-08,-1.0472942576219497e-07,0.05553400213454174,6.744226810200286e-07,-8.424937940833792e-07,0.0024787172387990062,-1.9086495321433668e-07,-1.1079417621129165e-05,0.2,0.0,0.0,0.0,0.0,2.962962962962963,2.962962962962963,6.923623879551144e-06,1.4791902639643695e-05,0.9635148205394157,0.970651504981089,0.0005599973128457567,6.793430896404622e-05
X+,1789636034.9794116,1.171022653579712,1.2073657719993207,0.006441068326936715,-5.368237181741647e-07,6.764772706368312e-05,0.0695082495399659,0.00011113546614863065,-0.0003096276173799011,0.00726225761525744,8.008526602436329e-08,-1.0472942576219497e-07,0.05553400213454174,6.744226810200286e-07,-8.424937940833792e-07,0.0024787172387990062,-1.9086495321433668e-07,-1.1079417621129165e-05,0.2,0.0,0.0,0.0,0.0,2.962962962962963,2.962962962962963,1.5534193971156185e-05,3.2537171676061405e-05,1.0667621852794806,1.0865121435398726,-0.0003404432243698498,6.764772706368312e-05
X+,1789636035.0157826,1.2073936462402344,1.2402113330026623,0.006441068326936715,-5.368237181741647e-07,6.764772706368312e-05,0.0695082495399659,0.00011113546614863065,-0.0003096276173799011,0.00726225761525744,8.008526602436329e-08,-1.0472942576219497e-07,0.05553400213454174,6.744226810200286e-07,-8.424937940833792e-07,0.0024787172387990062,-1.9086495321433668e-07,-1.1079417621129165e-05,0.2,0.0,0.0,0.0,0.0,2.962962962962963,2.962962962962963,1.5534193971156185e-05,3.2537171676061405e-05,1.0667621852794806,1.0865121435398726,-0.0003404432243698498,6.764772706368312e-05
X+,1789636035.0486226,1.2402336597442627,1.273073607000697,0.006441068326936715,-5.368237181741647e-07,6.764772706368312e-05,0.0695082495399659,0.00011113546614863065,-0.0003096276173799011,0.00726225761525744,8.008526602436329e-08,-1.0472942576219497e-07,0.05553400213454174,6.744226810200286e-07,-8.424937940833792e-07,0.0024787172387990062,-1.9086495321433668e-07,-1.1079417621129165e-05,0.2,0.0,0.0,0.0,0.0,2.962962962962963,2.962962962962963,1.5534193971156185e-05,3.2537171676061405e-05,1.0667621852794806,1.0865121435398726,-0.0003404432243698498,6.764772706368312e-05
X+,1789636035.081489,1.2731001377105713,1.3013362220008275,0.006441068326936715,-5.368237181741647e-07,6.764772706368312e-05,0.0695082495399659,0.00011113546614863065,-0.0003096276173799011,0.00726225761525744,8.008526602436329e-08,-1.0472942576219497e-07,0.05553400213454174,6.744226810200286e-07,-8.424937940833792e-07,0.0024787172387990062,-1.9086495321433668e-07,-1.1079417621129165e-05,0.2,0.0,0.0,0.0,0.0,2.962962962962963,2.962962962962963,1.5534193971156185e-05,3.2537171676061405e-05,1.0667621852794806,1.0865121435398726,-0.0003404432243698498,6.764772706368312e-05
X+,1789636035.109755,1.3013660907745361,1.327183949000755,0.006441068326936715,-5.368237181741647e-07,6.764772706368312e-05,0.0695082495399659,0.00011113546614863065,-0.0003096276173799011,0.00726225761525744,8.008526602436329e-08,-1.0472942576219497e-07,0.05553400213454174,6.744226810200286e-07,-8.424937940833792e-07,0.0024787172387990062,-1.9086495321433668e-07,-1.1079417621129165e-05,0.2,0.0,0.0,0.0,0.0,2.962962962962963,2.962962962962963,1.5534193971156185e-05,3.2537171676061405e-05,1.0667621852794806,1.0865121435398726,-0.0003404432243698498,6.764772706368312e-05
X+,1789636035.1355956,1.3272066116333008,1.3586711339994508,0.006441068326936715,-5.368237181741647e-07,6.764772706368312e-05,0.0695082495399659,0.00011113546614863065,-0.0003096276173799011,0.00726225761525744,8.008526602436329e-08,-1.0472942576219497e-07,0.05553400213454174,6.744226810200286e-07,-8.424937940833792e-07,0.0024787172387990062,-1.9086495321433668e-07,-1.1079417621129165e-05,0.2,0.0,0.0,0.0,0.0,2.962962962962963,2.962962962962963,1.5534193971156185e-05,3.2537171676061405e-05,1.0667621852794806,1.0865121435398726,-0.0003404432243698498,6.764772706368312e-05
X+,1789636035.1670852,1.3586962223052979,1.3929316089997883,0.006441068326936715,-5.368237181741647e-07,6.764772706368312e-05,0.0695082495399659,0.00011113546614863065,-0.0003096276173799011,0.00726225761525744,8.008526602436329e-08,-1.0472942576219497e-07,0.05553400213454174,6.744226810200286e-07,-8.424937940833792e-07,0.0024787172387990062,-1.9086495321433668e-07,-1.1079417621129165e-05,0.2,0.0,0.0,0.0,0.0,2.962962962962963,2.962962962962963,1.5534193971156185e-05,3.2537171676061405e-05,1.0667621852794806,1.0865121435398726,-0.0003404432243698498,6.764772706368312e-05
X+,1789636035.2013521,1.392963171005249,1.4206398470014392,0.006441068326936715,-5.368237181741647e-07,6.764772706368312e-05,0.0695082495399659,0.00011113546614863065,-0.0003096276173799011,0.00726225761525744,8.008526602436329e-08,-1.0472942576219497e-07,0.05553400213454174,6.744226810200286e-07,-8.424937940833792e-07,0.0024787172387990062,-1.9086495321433668e-07,-1.1079417621129165e-05,0.2,0.0,0.0,0.0,0.0,2.962962962962963,2.962962962962963,1.5534193971156185e-05,3.2537171676061405e-05,1.0667621852794806,1.0865121435398726,-0.0003404432243698498,6.764772706368312e-05
X+,1789636035.2290528,1.420663833618164,1.4509990520018619,0.006441068326936715,-5.368237181741647e-07,6.764772706368312e-05,0.0695082495399659,0.00011113546614863065,-0.0003096276173799011,0.00726225761525744,8.008526602436329e-08,-1.0472942576219497e-07,0.05553400213454174,6.744226810200286e-07,-8.424937940833792e-07,0.0024787172387990062,-1.9086495321433668e-07,-1.1079417621129165e-05,0.2,0.0,0.0,0.0,0.0,2.962962962962963,2.962962962962963,1.5534193971156185e-05,3.2537171676061405e-05,1.0667621852794806,1.0865121435398726,-0.0003404432243698498,6.764772706368312e-05
X+,1789636035.2594144,1.4510254859924316,1.48481237300075,0.006441068326936715,-5.368237181741647e-07,6.764772706368312e-05,0.0695082495399659,0.00011113546614863065,-0.0003096276173799011,0.00726225761525744,8.008526602436329e-08,-1.0472942576219497e-07,0.05553400213454174,6.744226810200286e-07,-8.424937940833792e-07,0.0024787172387990062,-1.9086495321433668e-07,-1.1079417621129165e-05,0.2,0.0,0.0,0.0,0.0,2.962962962962963,2.962962962962963,1.5534193971156185e-05,3.2537171676061405e-05,1.0667621852794806,1.0865121435398726,-0.0003404432243698498,6.764772706368312e-05
X+,1789636035.2932272,1.4848382472991943,1.51445989900094,0.006511318127304103,-5.395417627864635e-07,6.764276839136654e-05,0.07012794674714595,0.00011076730078082147,-0.00030595741952910605,0.00726225761525744,8.008526602436329e-08,-1.0472942576219497e-07,0.05553400213454174,6.744226810200286e-07,-8.424937940833792e-07,0.0024787172387990062,-1.9086495321433668e-07,-1.1079417621129165e-05,0.2,0.0,0.0,0.0,0.0,2.962962962962963,2.962962962962963,1.5534193971156185e-05,3.2537171676061405e-05,1.0667621852794806,1.0865121435398726,-0.0003404432243698498,6.764772706368312e-05
X+,1789636035.3228729,1.51448392868042,1.5454439410023042,0.00763686518605515,-5.925478775859611e-07,6.768409489481021e-05,0.07896805421508446,0.00010098210883083882,-0.0002783796231128975,0.00726225761525744,8.008526602436329e-08,-1.0472942576219497e-07,0.05553400213454174,6.744226810200286e-07,-8.424937940833792e-07,0.0024787172387990062,-1.9086495321433668e-07,-1.1079417621129165e-05,0.2,0.0,0.0,0.0,0.0,2.962962962962963,2.962962962962963,1.3906257659179744e-05,2.9109518709269366e-05,1.1587981265731664,1.1743871795334404,0.0009112022083672907,6.766029581631137e-05
X+,1789636035.3538594,1.5454704761505127,1.5769193890009774,0.00906424025741321,-6.745669124128342e-07,6.77631371445349e-05,0.08799890315658436,9.616778798989617e-05,-0.0002744564482546309,0.00726225761525744,8.008526602436329e-08,-1.0472942576219497e-07,0.05553400213454174,6.744226810200286e-07,-8.424937940833792e-07,0.0024787172387990062,-1.9086495321433668e-07,-1.1079417621129165e-05,0.2,0.0,0.0,0.0,0.0,2.962962962962963,2.962962962962963,1.2288974168939149e-05,2.5257437222592216e-05,1.3270892585417726,1.3391770571372277,0.002410651582140968,6.77631371445349e-05
X+,1789636035.3853312,1.5769422054290771,1.6039747989998432,0.010927779273948984,-7.358602871999562e-07,6.777607359005208e-05,0.09739944407478829,8.985707763365889e-05,-0.0002708120838333296,0.00726225761525744,8.008526602436329e-08,-1.0472942576219497e-07,0.05553400213454174,6.744226810200286e-07,-8.424937940833792e-07,0.0024787172387990062,-1.9086495321433668e-07,-1.1079417621129165e-05,0.2,0.0,0.0,0.0,0.0,2.962962962962963,2.962962962962963,1.116195500028283e-05,2.2377765037440156e-05,1.4763539738163032,1.4861037827117962,-0.0007120474818725613,6.777607359005208e-05
X+,1789636035.4123874,1.6039984226226807,1.6383134349998727,0.01307300987708427,-7.839366102067868e-07,6.772543730851772e-05,0.10600041361446028,7.711950803292559e-05,-0.00025751930464891303,0.00726225761525744,8.008526602436329e-08,-1.0472942576219497e-07,0.05553400213454174,6.744226810200286e-07,-8.424937940833792e-07,0.0024787172387990062,-1.9086495321433668e-07,-1.1079417621129165e-05,0.2,0.0,0.0,0.0,0.0,2.962962962962963,2.962962962962963,1.025804109922035e-05,1.988681626929889e-05,1.6087928971848133,1.616371126746339,0.004795048274909807,6.77480272189346e-05
X+,1789636035.4467275,1.638338565826416,1.6710900910002238,0.014933697395948617,-8.014402277951166e-07,6.75694197388688e-05,0.11211521296773277,8.426858421394938e-05,-0.00028805801379986967,0.017916574255275902,2.313200148523966e-07,-2.6384975767914105e-07,0.10654316640002566,1.5235056929163018e-06,-1.5912033191694604e-06,0.012571975166180301,1.1517690413261127e-06,0.0002274735332457035,0.2,0.0,0.0,0.0,0.0,2.962962962962963,2.962962962962963,9.466589462547859e-06,1.767367480720594e-05,1.7263069530263062,1.7318360105493684,0.0011569701334817248,6.765018353618774e-05
X+,1789636035.4795125,1.6711235046386719,1.7016727490008634,0.015614362653377935,-8.166105345966748e-07,6.754297702732304e-05,0.11443171134313501,6.42559975409621e-05,-0.00023317167535289395,0.017916574255275902,2.313200148523966e-07,-2.6384975767914105e-07,0.10654316640002566,1.5235056929163018e-06,-1.5912033191694604e-06,0.012571975166180301,1.1517690413261127e-06,0.0002274735332457035,0.2,0.0,0.0,0.0,0.0,2.962962962962963,2.962962962962963,9.466589462547859e-06,1.767367480720594e-05,1.7263069530263062,1.7318360105493684,-0.0032132173525171517,6.761915542439233e-05
X+,1789636035.5100892,1.701700210571289,1.730287414000486,0.015614362653377935,-8.166105345966748e-07,6.754297702732304e-05,0.11443171134313501,6.42559975409621e-05,-0.00023317167535289395,0.017916574255275902,2.313200148523966e-07,-2.6384975767914105e-07,0.10654316640002566,1.5235056929163018e-06,-1.5912033191694604e-06,0.012571975166180301,1.1517690413261127e-06,0.0002274735332457035,0.2,0.0,0.0,0.0,0.0,2.962962962962963,2.962962962962963,9.466589462547859e-06,1.767367480720594e-05,1.7263069530263062,1.7318360105493684,-0.0032132173525171517,6.761915542439233e-05
X+,1789636035.5387056,1.7303166389465332,1.7610334750024776,0.015614362653377935,-8.166105345966748e-07,6.754297702732304e-05,0.11443171134313501,6.42559975409621e-05,-0.00023317167535289395,0.017916574255275902,2.313200148523966e-07,-2.6384975767914105e-07,0.10654316640002566,1.5235056929163018e-06,-1.5912033191694604e-06,0.012571975166180301,1.1517690413261127e-06,0.0002274735332457035,0.2,0.0,0.0,0.0,0.0,2.962962962962963,2.962962962962963,9.466589462547859e-06,1.767367480720594e-05,1.7263069530263062,1.7318360105493684,-0.0032132173525171517,6.761915542439233e-05
X+,1789636035.5694473,1.7610583305358887,1.7888505810005881,0.015614362653377935,-8.166105345966748e-07,6.754297702732304e-05,0.11443171134313501,6.42559975409621e-05,-0.00023317167535289395,0.017916574255275902,2.313200148523966e-07,-2.6384975767914105e-07,0.10654316640002566,1.5235056929163018e-06,-1.5912033191694604e-06,0.012571975166180301,1.1517690413261127e-06,0.0002274735332457035,0.2,0.0,0.0,0.0,0.0,2.962962962962963,2.962962962962963,9.466589462547859e-06,1.767367480720594e-05,1.7263069530263062,1.7318360105493684,-0.0032132173525171517,6.761915542439233e-05
X+,1789636035.5972717,1.7888827323913574,1.8147724410009687,0.015614362653377935,-8.166105345966748e-07,6.754297702732304e-05,0.11443171134313501,6.42559975409621e-05,-0.00023317167535289395,0.017916574255275902,2.313200148523966e-07,-2.6384975767914105e-07,0.10654316640002566,1.5235056929163018e-06,-1.5912033191694604e-06,0.012571975166180301,1.1517690413261127e-06,0.0002274735332457035,0.2,0.0,0.0,0.0,0.0,2.962962962962963,2.962962962962963,9.466589462547859e-06,1.767367480720594e-05,1.7263069530263062,1.7318360105493684,-0.0032132173525171517,6.761915542439233e-05
X+,1789636035.623185,1.814795970916748,1.8429400230015744,0.015614362653377935,-8.166105345966748e-07,6.754297702732304e-05,0.11443171134313501,6.42559975409621e-05,-0.00023317167535289395,0.017916574255275902,2.313200148523966e-07,-2.6384975767914105e-07,0.10654316640002566,1.5235056929163018e-06,-1.5912033191694604e-06,0.012571975166180301,1.1517690413261127e-06,0.0002274735332457035,0.2,0.0,0.0,0.0,0.0,2.962962962962963,2.962962962962963,9.466589462547859e-06,1.767367480720594e-05,1.7263069530263062,1.7318360105493684,-0.0032132173525171517,6.761915542439233e-05
X+,1789636035.6513543,1.8429653644561768,1.8739192690009077,0.015614362653377935,-8.166105345966748e-07,6.754297702732304e-05,0.11443171134313501,6.42559975409621e-05,-0.00023317167535289395,0.017916574255275902,2.313200148523966e-07,-2.6384975767914105e-07,0.10654316640002566,1.5235056929163018e-06,-1.5912033191694604e-06,0.012571975166180301,1.1517690413261127e-06,0.0002274735332457035,0.2,0.0,0.0,0.0,0.0,2.962962962962963,2.962962962962963,9.466589462547859e-06,1.767367480720594e-05,1.7263069530263062,1.7318360105493684,-0.0032132173525171517,6.761915542439233e-05
X+,1789636035.6823313,1.8739423751831055,1.9048956959995849,0.015614362653377935,-8.166105345966748e-07,6.754297702732304e-05,0.11443171134313501,6.42559975409621e-05,-0.00023317167535289395,0.017916574255275902,2.313200148523966e-07,-2.6384975767914105e-07,0.10654316640002566,1.5235056929163018e-06,-1.5912033191694604e-06,0.012571975166180301,1.1517690413261127e-06,0.0002274735332457035,0.2,0.0,0.0,0.0,0.0,2.962962962962963,2.962962962962963,9.466589462547859e-06,1.767367480720594e-05,1.7263069530263062,1.7318360105493684,-0.0032132173525171517,6.761915542439233e-05
X+,1789636035.7133124,1.904923439025879,1.9429042369993113,0.015614362653377935,-8.166105345966748e-07,6.754297702732304e-05,0.11443171134313501,6.42559975409621e-05,-0.00023317167535289395,0.017916574255275902,2.313200148523966e-07,-2.6384975767914105e-07,0.10654316640002566,1.5235056929163018e-06,-1.5912033191694604e-06,0.012571975166180301,1.1517690413261127e-06,0.0002274735332457035,0.2,0.0,0.0,0.0,0.0,2.962962962962963,2.962962962962963,9.466589462547859e-06,1.767367480720594e-05,1.7263069530263062,1.7318360105493684,-0.0032132173525171517,6.761915542439233e-05
X+,1789636035.7513254,1.9429364204406738,1.9719222410021757,0.015614362653377935,-8.166105345966748e-07,6.754297702732304e-05,0.11443171134313501,6.42559975409621e-05,-0.00023317167535289395,0.017916574255275902,2.313200148523966e-07,-2.6384975767914105e-07,0.10654316640002566,1.5235056929163018e-06,-1.5912033191694604e-06,0.012571975166180301,1.1517690413261127e-06,0.0002274735332457035,0.2,0.0,0.0,0.0,0.0,2.962962962962963,2.962962962962963,9.466589462547859e-06,1.767367480720594e-05,1.7263069530263062,1.7318360105493684,-0.0032132173525171517,6.761915542439233e-05
X+,1789636035.7803361,1.971947193145752,2.0050562220021675,0.015614362653377935,-8.166105345966748e-07,6.754297702732304e-05,0.11443171134313501,6.42559975409621e-05,-0.00023317167535289395,0.017916574255275902,2.313200148523966e-07,-2.6384975767914105e-07,0.10654316640002566,1.5235056929163018e-06,-1.5912033191694604e-06,0.012571975166180301,1.1517690413261127e-06,0.0002274735332457035,0.2,0.0,0.0,0.0,0.0,2.962962962962963,2.962962962962963,9.466589462547859e-06,1.767367480720594e-05,1.7263069530263062,1.7318360105493684,-0.0032132173525171517,6.761915542439233e-05
X+,1789636035.8134723,2.0050833225250244,2.033138905000669,0.015614362653377935,-8.166105345966748e-07,6.754297702732304e-05,0.11443171134313501,6.42559975409621e-05,-0.00023317167535289395,0.017916574255275902,2.313200148523966e-07,-2.6384975767914105e-07,0.10654316640002566,1.5235056929163018e-06,-1.5912033191694604e-06,0.012571975166180301,1.1517690413261127e-06,0.0002274735332457035,0.2,0.0,0.0,0.0,0.0,2.962962962962963,2.962962962962963,9.466589462547859e-06,1.767367480720594e-05,1.7263069530263062,1.7318360105493684,-0.0032132173525171517,6.761915542439233e-05
X+,1789636035.8415518,2.033162832260132,2.061666420999245,0.017247182028601843,-8.678424087754308e-07,6.751096624308295e-05,0.1184441736724003,6.979334402276054e-05,-0.0002700867356652775,0.017916574255275902,2.313200148523966e-07,-2.6384975767914105e-07,0.10654316640002566,1.5235056929163018e-06,-1.5912033191694604e-06,0.012571975166180301,1.1517690413261127e-06,0.0002274735332457035,0.2,0.0,0.0,0.0,0.0,2.962962962962963,2.962962962962963,8.843298927807552e-06,1.5729056274338404e-05,1.8306836623308367,1.8342112960857957,-0.0050488831399515075,6.756183601791879e-05
X+,1789636035.8700807,2.0616917610168457,2.1016862530013896,0.019802839391026304,-9.68778529945001e-07,6.744548106894866e-05,0.1241927041538128,3.858920245175258e-05,-0.00024033460026311198,0.017916574255275902,2.313200148523966e-07,-2.6384975767914105e-07,0.10654316640002566,1.5235056929163018e-06,-1.5912033191694604e-06,0.012571975166180301,1.1517690413261127e-06,0.0002274735332457035,0.2,0.0,0.0,0.0,0.0,2.962962962962963,2.962962962962963,8.464968275667673e-06,1.4046429659408943e-05,1.9234935019292985,1.924982495728845,-0.0017230460886384447,6.74377038023618e-05
X+,1789636035.9100974,2.10170841217041,2.1311652080003114,0.022082994434892176,-1.0413753182758265e-06,6.734450503484161e-05,0.12846965328883697,3.716500735854997e-05,-0.0002989024716558985,0.017916574255275902,2.313200148523966e-07,-2.6384975767914105e-07,0.10654316640002566,1.5235056929163018e-06,-1.5912033191694604e-06,0.012571975166180301,1.1517690413261127e-06,0.0002274735332457035,0.2,0.0,0.0,0.0,0.0,2.962962962962963,2.962962962962963,8.058565746260626e-06,1.2520217829603553e-05,2.006026897423389,2.0055746223055753,0.0019525248667933929,6.73125372431002e-05
X+,1789636035.9395769,2.131187915802002,2.1634259230013413,0.024038458580610777,-1.2037912261887024e-06,6.749653067861843e-05,0.13162125389164211,3.0040566513653863e-05,-0.0003298392171092827,0.017916574255275902,2.313200148523966e-07,-2.6384975767914105e-07,0.10654316640002566,1.5235056929163018e-06,-1.5912033191694604e-06,0.012571975166180301,1.1517690413261127e-06,0.0002274735332457035,0.2,0.0,0.0,0.0,0.0,2.962962962962963,2.962962962962963,7.898751957391426e-06,1.1839849038075556e-05,2.0438454031451783,2.0424158475916396,-0.002563224469910788,6.738667659234405e-05
X+,1789636035.971849,2.1634600162506104,2.208820964999177,0.027121751268582402,-1.564396075356446e-06,6.795578925154545e-05,0.13580011282451976,1.6863391554813845e-05,-0.0003611879817332012,0.031155675304666442,3.534115572608532e-07,-3.396064760569826e-07,0.13239101049357865,1.2558467601222363e-06,-7.575671837784162e-07,0.02951378716284108,-1.2558628170795313e-06,-0.00019552288995283726,0.2,0.0,0.0,0.0,0.0,2.962962962962963,2.962962962962963,7.655494449032574e-06,1.063109151555608e-05,2.113269715015746,2.1099211379965137,-0.0014279603649025511,6.795578925154545e-05
X+,1789636036.0172398,2.208850860595703,2.23524412000188,0.02904248882460265,-1.7988554667815182e-06,6.827185443006266e-05,0.1379934129727314,1.0807913386156226e-05,-0.0003822861806465157,0.031155675304666442,3.534115572608532e-07,-3.396064760569826e-07,0.13239101049357865,1.2558467601222363e-06,-7.575671837784162e-07,0.02951378716284108,-1.2558628170795313e-06,-0.00019552288995283726,0.2,0.0,0.0,0.0,0.0,2.962962962962963,2.962962962962963,7.503343550929742e-06,9.612289831650855e-06,2.175276045341235,2.170018365888997,0.000551327610034066,6.818258883762446e-05
X+,1789636036.04366,2.2352709770202637,2.2645959820001735,0.02904248882460265,-1.7988554667815182e-06,6.827185443006266e-05,0.1379934129727314,1.0807913386156226e-05,-0.0003822861806465157,0.031155675304666442,3.534115572608532e-07,-3.396064760569826e-07,0.13239101049357865,1.2558467601222363e-06,-7.575671837784162e-07,0.02951378716284108,-1.2558628170795313e-06,-0.00019552288995283726,0.2,0.0,0.0,0.0,0.0,2.962962962962963,2.962962962962963,7.503343550929742e-06,9.612289831650855e-06,2.175276045341235,2.170018365888997,0.000551327610034066,6.818258883762446e-05
X+,1789636036.073008,2.2646191120147705,2.2950535730014963,0.02904248882460265,-1.7988554667815182e-06,6.827185443006266e-05,0.1379934129727314,1.0807913386156226e-05,-0.0003822861806465157,0.031155675304666442,3.534115572608532e-07,-3.396064760569826e-07,0.13239101049357865,1.2558467601222363e-06,-7.575671837784162e-07,0.02951378716284108,-1.2558628170795313e-06,-0.00019552288995283726,0.2,0.0,0.0,0.0,0.0,2.962962962962963,2.962962962962963,7.503343550929742e-06,9.612289831650855e-06,2.175276045341235,2.170018365888997,0.000551327610034066,6.818258883762446e-05
X+,1789636036.1034718,2.2950828075408936,2.3225566149994847,0.02904248882460265,-1.7988554667815182e-06,6.827185443006266e-05,0.1379934129727314,1.0807913386156226e-05,-0.0003822861806465157,0.031155675304666442,3.534115572608532e-07,-3.396064760569826e-07,0.13239101049357865,1.2558467601222363e-06,-7.575671837784162e-07,0.02951378716284108,-1.2558628170795313e-06,-0.00019552288995283726,0.2,0.0,0.0,0.0,0.0,2.962962962962963,2.962962962962963,7.503343550929742e-06,9.612289831650855e-06,2.175276045341235,2.170018365888997,0.000551327610034066,6.818258883762446e-05
X+,1789636036.1309714,2.322582483291626,2.35821825200037,0.02904248882460265,-1.7988554667815182e-06,6.827185443006266e-05,0.1379934129727314,1.0807913386156226e-05,-0.0003822861806465157,0.031155675304666442,3.534115572608532e-07,-3.396064760569826e-07,0.13239101049357865,1.2558467601222363e-06,-7.575671837784162e-07,0.02951378716284108,-1.2558628170795313e-06,-0.00019552288995283726,0.2,0.0,0.0,0.0,0.0,2.962962962962963,2.962962962962963,7.503343550929742e-06,9.612289831650855e-06,2.175276045341235,2.170018365888997,0.000551327610034066,6.818258883762446e-05
X+,1789636036.166633,2.358243942260742,2.3851629160017183,0.02904248882460265,-1.7988554667815182e-06,6.827185443006266e-05,0.1379934129727314,1.0807913386156226e-05,-0.0003822861806465157,0.031155675304666442,3.534115572608532e-07,-3.396064760569826e-07,0.13239101049357865,1.2558467601222363e-06,-7.575671837784162e-07,0.02951378716284108,-1.2558628170795313e-06,-0.00019552288995283726,0.2,0.0,0.0,0.0,0.0,2.962962962962963,2.962962962962963,7.503343550929742e-06,9.612289831650855e-06,2.175276045341235,2.170018365888997,0.000551327610034066,6.818258883762446e-05
X+,1789636036.1951544,2.386765480041504,2.4130563079997955,0.02904248882460265,-1.7988554667815182e-06,6.827185443006266e-05,0.1379934129727314,1.0807913386156226e-05,-0.0003822861806465157,0.031155675304666442,3.534115572608532e-07,-3.396064760569826e-07,0.13239101049357865,1.2558467601222363e-06,-7.575671837784162e-07,0.02951378716284108,-1.2558628170795313e-06,-0.00019552288995283726,0.2,0.0,0.0,0.0,0.0,2.962962962962963,2.962962962962963,7.503343550929742e-06,9.612289831650855e-06,2.175276045341235,2.170018365888997,0.000551327610034066,6.818258883762446e-05
X+,1789636036.2214677,2.413078784942627,2.4378957450026064,0.02904248882460265,-1.7988554667815182e-06,6.827185443006266e-05,0.1379934129727314,1.0807913386156226e-05,-0.0003822861806465157,0.031155675304666442,3.534115572608532e-07,-3.396064760569826e-07,0.13239101049357865,1.2558467601222363e-06,-7.575671837784162e-07,0.02951378716284108,-1.2558628170795313e-06,-0.00019552288995283726,0.2,0.0,0.0,0.0,0.0,2.962962962962963,2.962962962962963,7.503343550929742e-06,9.612289831650855e-06,2.175276045341235,2.170018365888997,0.000551327610034066,6.818258883762446e-05
X+,1789636036.246302,2.437912940979004,2.4649458800013235,0.02904248882460265,-1.7988554667815182e-06,6.827185443006266e-05,0.1379934129727314,1.0807913386156226e-05,-0.0003822861806465157,0.031155675304666442,3.534115572608532e-07,-3.396064760569826e-07,0.13239101049357865,1.2558467601222363e-06,-7.575671837784162e-07,0.02951378716284108,-1.2558628170795313e-06,-0.00019552288995283726,0.2,0.0,0.0,0.0,0.0,2.962962962962963,2.962962962962963,7.503343550929742e-06,9.612289831650855e-06,2.175276045341235,2.170018365888997,0.000551327610034066,6.818258883762446e-05
X+,1789636036.2733614,2.464972496032715,2.4896248080003716,0.02904248882460265,-1.7988554667815182e-06,6.827185443006266e-05,0.1379934129727314,1.0807913386156226e-05,-0.0003822861806465157,0.031155675304666442,3.534115572608532e-07,-3.396064760569826e-07,0.13239101049357865,1.2558467601222363e-06,-7.575671837784162e-07,0.02951378716284108,-1.2558628170795313e-06,-0.00019552288995283726,0.2,0.0,0.0,0.0,0.0,2.962962962962963,2.962962962962963,7.503343550929742e-06,9.612289831650855e-06,2.175276045341235,2.170018365888997,0.000551327610034066,6.818258883762446e-05
X+,1789636036.2980301,2.4896411895751953,2.5160343770003237,0.02904248882460265,-1.7988554667815182e-06,6.827185443006266e-05,0.1379934129727314,1.0807913386156226e-05,-0.0003822861806465157,0.031155675304666442,3.534115572608532e-07,-3.396064760569826e-07,0.13239101049357865,1.2558467601222363e-06,-7.575671837784162e-07,0.02951378716284108,-1.2558628170795313e-06,-0.00019552288995283726,0.2,0.0,0.0,0.0,0.0,2.962962962962963,2.962962962962963,7.503343550929742e-06,9.612289831650855e-06,2.175276045341235,2.170018365888997,0.000551327610034066,6.818258883762446e-05
X+,1789636036.3244553,2.516066312789917,2.544741534999048,0.02904248882460265,-1.7988554667815182e-06,6.827185443006266e-05,0.1379934129727314,1.0807913386156226e-05,-0.0003822861806465157,0.031155675304666442,3.534115572608532e-07,-3.396064760569826e-07,0.13239101049357865,1.2558467601222363e-06,-7.575671837784162e-07,0.02951378716284108,-1.2558628170795313e-06,-0.00019552288995283726,0.2,0.0,0.0,0.0,0.0,2.962962962962963,2.962962962962963,7.503343550929742e-06,9.612289831650855e-06,2.175276045341235,2.170018365888997,0.000551327610034066,6.818258883762446e-05
X+,1789636036.3531659,2.5447769165039062,2.5739376279998396,0.02904248882460265,-1.7988554667815182e-06,6.827185443006266e-05,0.1379934129727314,1.0807913386156226e-05,-0.0003822861806465157,0.031155675304666442,3.534115572608532e-07,-3.396064760569826e-07,0.13239101049357865,1.2558467601222363e-06,-7.575671837784162e-07,0.02951378716284108,-1.2558628170795313e-06,-0.00019552288995283726,0.2,0.0,0.0,0.0,0.0,2.962962962962963,2.962962962962963,7.503343550929742e-06,9.612289831650855e-06,2.175276045341235,2.170018365888997,0.000551327610034066,6.818258883762446e-05
X+,1789636036.3823454,2.5739564895629883,2.602001552000729,0.030013925012163545,-1.915521870623875e-06,6.842492483498483e-05,0.13899864748388646,7.555082681812912e-06,-0.0003937316875252287,0.031155675304666442,3.534115572608532e-07,-3.396064760569826e-07,0.13239101049357865,1.2558467601222363e-06,-7.575671837784162e-07,0.02951378716284108,-1.2558628170795313e-06,-0.00019552288995283726,0.2,0.0,0.0,0.0,0.0,2.962962962962963,2.962962962962963,7.503343550929742e-06,9.612289831650855e-06,2.175276045341235,2.170018365888997,-0.000127698950594895,6.838162351637167e-05
X+,1789636036.4104147,2.6020257472991943,2.627600944000733,0.032400755896451416,-2.1978084214320168e-06,6.877887820746797e-05,0.14120352603678765,-1.1598842790839375e-06,-0.00042392314828484766,0.031155675304666442,3.534115572608532e-07,-3.396064760569826e-07,0.13239101049357865,1.2558467601222363e-06,-7.575671837784162e-07,0.02951378716284108,-1.2558628170795313e-06,-0.00019552288995283726,0.2,0.0,0.0,0.0,0.0,2.962962962962963,2.962962962962963,7.421963960752009e-06,8.746402992088065e-06,2.230793107430729,2.223623849805536,0.0002922067619431502,6.859459249278102e-05
X+,1789636036.4360118,2.6276228427886963,2.65658226099913,0.034535821544978716,-2.447596169627593e-06,6.907127603004698e-05,0.14288997731446862,-9.720574789275971e-06,-0.0004531396130754475,0.031155675304666442,3.534115572608532e-07,-3.396064760569826e-07,0.13239101049357865,1.2558467601222363e-06,-7.575671837784162e-07,0.02951378716284108,-1.2558628170795313e-06,-0.00019552288995283726,0.2,0.0,0.0,0.0,0.0,2.962962962962963,2.962962962962963,7.4007662931308005e-06,8.017385653147358e-06,2.2806598338922495,2.271560776699084,0.0006853963732019247,6.899543490121004e-05
X+,1789636036.4669147,2.6585257053375244,2.682519496000168,0.0368391399316029,-2.716701918042616e-06,6.93591409187212e-05,0.14444329122513977,-1.9396417149069738e-05,-0.0004865591351426376,0.031155675304666442,3.534115572608532e-07,-3.396064760569826e-07,0.13239101049357865,1.2558467601222363e-06,-7.575671837784162e-07,0.02951378716284108,-1.2558628170795313e-06,-0.00019552288995283726,0.2,0.0,0.0,0.0,0.0,2.962962962962963,2.962962962962963,7.410450933775792e-06,7.701402803483859e-06,2.3037162343692477,2.2936398888985625,-0.0024097007028230314,6.93591409187212e-05
X+,1789636036.4909382,2.682549238204956,2.711733174000983,0.039165411656620186,-2.9886842346634954e-06,6.963078971476055e-05,0.14576302698551907,-2.9930310362213394e-05,-0.0005212465198731946,0.031155675304666442,3.534115572608532e-07,-3.396064760569826e-07,0.13239101049357865,1.2558467601222363e-06,-7.575671837784162e-07,0.02951378716284108,-1.2558628170795313e-06,-0.00019552288995283726,0.2,0.0,0.0,0.0,0.0,2.962962962962963,2.962962962962963,7.464428356307451e-06,7.160927440352793e-06,2.346505473272572,2.334452989125759,0.003841497224489848,6.952981637957522e-05
X+,1789636036.5201452,2.7117562294006348,2.7458218360006867,0.04121690581731926,-3.2371060580578537e-06,6.984631258093331e-05,0.14674014210275976,-3.890978743187795e-05,-0.0005509582060915386,0.04606452800704245,4.5737787724977123e-07,-3.3113053543304756e-07,0.14908852702339842,1.090294629172185e-06,8.475940623935077e-08,0.05526486525665902,4.257181214316925e-06,0.00017459932752084142,0.2,0.0,0.0,0.0,0.0,2.962962962962963,2.962962962962963,7.5089119171423135e-06,6.93767711013038e-06,2.3664091213963294,2.353347413545497,-0.00349188040450101,6.984631258093331e-05
X+,1789636036.5542405,2.745851516723633,2.776182459001575,0.04372474693853545,-3.5457909429159606e-06,7.008800538993616e-05,0.14772030991250557,-4.951856210985066e-05,-0.000584830410571335,0.04606452800704245,4.5737787724977123e-07,-3.3113053543304756e-07,0.14908852702339842,1.090294629172185e-06,8.475940623935077e-08,0.05526486525665902,4.257181214316925e-06,0.00017459932752084142,0.2,0.0,0.0,0.0,0.0,2.962962962962963,2.962962962962963,7.6269697677489035e-06,6.5784831191351145e-06,2.403614102700705,2.3885007207137723,0.00023153635796880083,6.998898065324834e-05
X+,1789636036.584596,2.7762069702148438,2.808827517001191,0.04372474693853545,-3.5457909429159606e-06,7.008800538993616e-05,0.14772030991250557,-4.951856210985066e-05,-0.000584830410571335,0.04606452800704245,4.5737787724977123e-07,-3.3113053543304756e-07,0.14908852702339842,1.090294629172185e-06,8.475940623935077e-08,0.05526486525665902,4.257181214316925e-06,0.00017459932752084142,0.2,0.0,0.0,0.0,0.0,2.962962962962963,2.962962962962963,7.6269697677489035e-06,6.5784831191351145e-06,2.403614102700705,2.3885007207137723,0.00023153635796880083,6.998898065324834e-05
X+,1789636036.6172469,2.8088579177856445,2.8342085760014015,0.04372474693853545,-3.5457909429159606e-06,7.008800538993616e-05,0.14772030991250557,-4.951856210985066e-05,-0.000584830410571335,0.04606452800704245,4.5737787724977123e-07,-3.3113053543304756e-07,0.14908852702339842,1.090294629172185e-06,8.475940623935077e-08,0.05526486525665902,4.257181214316925e-06,0.00017459932752084142,0.2,0.0,0.0,0.0,0.0,2.962962962962963,2.962962962962963,7.6269697677489035e-06,6.5784831191351145e-06,2.403614102700705,2.3885007207137723,0.00023153635796880083,6.998898065324834e-05
X+,1789636036.642621,2.8342320919036865,2.862248567002098,0.04372474693853545,-3.5457909429159606e-06,7.008800538993616e-05,0.14772030991250557,-4.951856210985066e-05,-0.000584830410571335,0.04606452800704245,4.5737787724977123e-07,-3.3113053543304756e-07,0.14908852702339842,1.090294629172185e-06,8.475940623935077e-08,0.05526486525665902,4.257181214316925e-06,0.00017459932752084142,0.2,0.0,0.0,0.0,0.0,2.962962962962963,2.962962962962963,7.6269697677489035e-06,6.5784831191351145e-06,2.403614102700705,2.3885007207137723,0.00023153635796880083,6.998898065324834e-05
X+,1789636036.6706614,2.8622725009918213,2.8889598890018533,0.04372474693853545,-3.5457909429159606e-06,7.008800538993616e-05,0.14772030991250557,-4.951856210985066e-05,-0.000584830410571335,0.04606452800704245,4.5737787724977123e-07,-3.3113053543304756e-07,0.14908852702339842,1.090294629172185e-06,8.475940623935077e-08,0.05526486525665902,4.257181214316925e-06,0.00017459932752084142,0.2,0.0,0.0,0.0,0.0,2.962962962962963,2.962962962962963,7.6269697677489035e-06,6.5784831191351145e-06,2.403614102700705,2.3885007207137723,0.00023153635796880083,6.998898065324834e-05
X+,1789636036.6973739,2.8889849185943604,2.9187037980009336,0.04372474693853545,-3.5457909429159606e-06,7.008800538993616e-05,0.14772030991250557,-4.951856210985066e-05,-0.000584830410571335,0.04606452800704245,4.5737787724977123e-07,-3.3113053543304756e-07,0.14908852702339842,1.090294629172185e-06,8.475940623935077e-08,0.05526486525665902,4.257181214316925e-06,0.00017459932752084142,0.2,0.0,0.0,0.0,0.0,2.962962962962963,2.962962962962963,7.6269697677489035e-06,6.5784831191351145e-06,2.403614102700705,2.3885007207137723,0.00023153635796880083,6.998898065324834e-05
X+,1789636036.7271183,2.918729305267334,2.952863405000244,0.04372474693853545,-3.5457909429159606e-06,7.008800538993616e-05,0.14772030991250557,-4.951856210985066e-05,-0.000584830410571335,0.04606452800704245,4.5737787724977123e-07,-3.3113053543304756e-07,0.14908852702339842,1.090294629172185e-06,8.475940623935077e-08,0.05526486525665902,4.257181214316925e-06,0.00017459932752084142,0.2,0.0,0.0,0.0,0.0,2.962962962962963,2.962962962962963,7.6269697677489035e-06,6.5784831191351145e-06,2.403614102700705,2.3885007207137723,0.00023153635796880083,6.998898065324834e-05
X+,1789636036.7612796,2.952890634536743,2.9793564030005655,0.04372474693853545,-3.5457909429159606e-06,7.008800538993616e-05,0.14772030991250557,-4.951856210985066e-05,-0.000584830410571335,0.04606452800704245,4.5737787724977123e-07,-3.3113053543304756e-07,0.14908852702339842,1.090294629172185e-06,8.475940623935077e-08,0.05526486525665902,4.257181214316925e-06,0.00017459932752084142,0.2,0.0,0.0,0.0,0.0,2.962962962962963,2.962962962962963,7.6269697677489035e-06,6.5784831191351145e-06,2.403614102700705,2.3885007207137723,0.00023153635796880083,6.998898065324834e-05
X+,1789636036.7877696,2.9793806076049805,3.0047913060006977,0.04372474693853545,-3.5457909429159606e-06,7.008800538993616e-05,0.14772030991250557,-4.951856210985066e-05,-0.000584830410571335,0.04606452800704245,4.5737787724977123e-07,-3.3113053543304756e-07,0.14908852702339842,1.090294629172185e-06,8.475940623935077e-08,0.05526486525665902,4.257181214316925e-06,0.00017459932752084142,0.2,0.0,0.0,0.0,0.0,2.962962962962963,2.962962962962963,7.6269697677489035e-06,6.5784831191351145e-06,2.403614102700705,2.3885007207137723,0.00023153635796880083,6.998898065324834e-05
X+,1789636036.8132076,3.0048186779022217,3.035145743000612,0.04372474693853545,-3.5457909429159606e-06,7.008800538993616e-05,0.14772030991250557,-4.951856210985066e-05,-0.000584830410571335,0.04606452800704245,4.5737787724977123e-07,-3.3113053543304756e-07,0.14908852702339842,1.090294629172185e-06,8.475940623935077e-08,0.05526486525665902,4.257181214316925e-06,0.00017459932752084142,0.2,0.0,0.0,0.0,0.0,2.962962962962963,2.962962962962963,7.6269697677489035e-06,6.5784831191351145e-06,2.403614102700705,2.3885007207137723,0.00023153635796880083,6.998898065324834e-05
X+,1789636036.8435633,3.0351743698120117,3.0700222449995636,0.04372474693853545,-3.5457909429159606e-06,7.008800538993616e-05,0.14772030991250557,-4.951856210985066e-05,-0.000584830410571335,0.04606452800704245,4.5737787724977123e-07,-3.3113053543304756e-07,0.14908852702339842,1.090294629172185e-06,8.475940623935077e-08,0.05526486525665902,4.257181214316925e-06,0.00017459932752084142,0.2,0.0,0.0,0.0,0.0,2.962962962962963,2.962962962962963,7.6269697677489035e-06,6.5784831191351145e-06,2.403614102700705,2.3885007207137723,0.00023153635796880083,6.998898065324834e-05
X+,1789636036.8784385,3.070049524307251,3.0969757929997286,0.04372474693853545,-3.5457909429159606e-06,7.008800538993616e-05,0.14772030991250557,-4.951856210985066e-05,-0.000584830410571335,0.04606452800704245,4.5737787724977123e-07,-3.3113053543304756e-07,0.14908852702339842,1.090294629172185e-06,8.475940623935077e-08,0.05526486525665902,4.257181214316925e-06,0.00017459932752084142,0.2,0.0,0.0,0.0,0.0,2.962962962962963,2.962962962962963,7.6269697677489035e-06,6.5784831191351145e-06,2.403614102700705,2.3885007207137723,0.00023153635796880083,6.998898065324834e-05
X+,1789636036.9053931,3.0970041751861572,3.1237176770009683,0.04372474693853545,-3.5457909429159606e-06,7.008800538993616e-05,0.14772030991250557,-4.951856210985066e-05,-0.000584830410571335,0.04606452800704245,4.5737787724977123e-07,-3.3113053543304756e-07,0.14908852702339842,1.090294629172185e-06,8.475940623935077e-08,0.05526486525665902,4.257181214316925e-06,0.00017459932752084142,0.2,0.0,0.0,0.0,0.0,2.962962962962963,2.962962962962963,7.6269697677489035e-06,6.5784831191351145e-06,2.403614102700705,2.3885007207137723,0.00023153635796880083,6.998898065324834e-05
X+,1789636036.932151,3.1237621307373047,3.155922146001103,0.04624746408854688,-3.86826384482248e-06,7.030858511866456e-05,0.14848934251627435,-5.993458093354748e-05,-0.0006170395144235797,0.04606452800704245,4.5737787724977123e-07,-3.3113053543304756e-07,0.14908852702339842,1.090294629172185e-06,8.475940623935077e-08,0.05526486525665902,4.257181214316925e-06,0.00017459932752084142,0.2,0.0,0.0,0.0,0.0,2.962962962962963,2.962962962962963,7.779926092688072e-06,6.338634057634351e-06,2.4378395817858656,2.4205754571082454,-0.0021995160898085073,7.028466225725543e-05
X+,1789636036.9643354,3.1559464931488037,3.190336097999534,0.04908035074559771,-4.241643969283594e-06,7.05290788630548e-05,0.14911745157880443,-7.032960157193078e-05,-0.0006490272292431907,0.04606452800704245,4.5737787724977123e-07,-3.3113053543304756e-07,0.14908852702339842,1.090294629172185e-06,8.475940623935077e-08,0.05526486525665902,4.257181214316925e-06,0.00017459932752084142,0.2,0.0,0.0,0.0,0.0,2.962962962962963,2.962962962962963,7.96343558917556e-06,6.214930373893424e-06,2.4696370962146026,2.450105186411081,0.0024960165742019588,7.054048679300623e-05
X+,1789636036.99875,3.1903610229492188,3.224358003000816,0.05237250643948472,-4.6844380501695135e-06,7.076401429016573e-05,0.14955972892897745,-8.289611691279653e-05,-0.0006846184510045368,0.04606452800704245,4.5737787724977123e-07,-3.3113053543304756e-07,0.14908852702339842,1.090294629172185e-06,8.475940623935077e-08,0.05526486525665902,4.257181214316925e-06,0.00017459932752084142,0.2,0.0,0.0,0.0,0.0,2.962962962962963,2.962962962962963,8.166758155070397e-06,6.2048277289505904e-06,2.499558157575348,2.4776301784381025,-0.004655152419755837,7.066931990722716e-05
X+,1789636037.0327766,3.2243876457214355,3.2653608649998205,0.05492132264854071,-5.059429276275951e-06,7.090038514149957e-05,0.14970381050491405,-8.958561249266392e-05,-0.0007042438985187919,0.04606452800704245,4.5737787724977123e-07,-3.3113053543304756e-07,0.14908852702339842,1.090294629172185e-06,8.475940623935077e-08,0.05526486525665902,4.257181214316925e-06,0.00017459932752084142,0.2,0.0,0.0,0.0,0.0,2.962962962962963,2.962962962962963,8.276244633620422e-06,6.2496655504062915e-06,2.5139721236023624,2.490807638129663,0.0006698309164640523,7.08730971550255e-05
X+,1789636037.0737865,3.265397548675537,3.3005121300011524,0.058820709638155035,-5.6282677978834045e-06,7.096181739768284e-05,0.14960296239811174,-9.527367989152475e-05,-0.0007137297455931364,0.06200475154776729,5.679474696023276e-07,-2.755119402294109e-07,0.15940223540687348,1.1584788710851286e-06,5.561859520363673e-07,0.06477237338678593,-2.4570056463538204e-06,-0.0001390742104582543,0.2,0.0,0.0,0.0,0.0,2.962962962962963,2.962962962962963,8.652385367291515e-06,6.566629751070252e-06,2.5558472903539236,2.5290039527473764,-0.0003992670264852753,7.096181739768284e-05
X+,1789636037.1089303,3.300541400909424,3.328632999000547,0.05897060173857639,-5.651057213973756e-06,7.095608630453844e-05,0.14959125027840198,-9.5438025077445e-05,-0.0007135872187513157,0.06200475154776729,5.679474696023276e-07,-2.755119402294109e-07,0.15940223540687348,1.1584788710851286e-06,5.561859520363673e-07,0.06477237338678593,-2.4570056463538204e-06,-0.0001390742104582543,0.2,0.0,0.0,0.0,0.0,2.962962962962963,2.962962962962963,8.652385367291515e-06,6.566629751070252e-06,2.5558472903539236,2.5290039527473764,-0.0003992670264852753,7.096181739768284e-05
X+,1789636037.1370733,3.3286843299865723,3.354665593000391,0.05897060173857639,-5.651057213973756e-06,7.095608630453844e-05,0.14959125027840198,-9.5438025077445e-05,-0.0007135872187513157,0.06200475154776729,5.679474696023276e-07,-2.755119402294109e-07,0.15940223540687348,1.1584788710851286e-06,5.561859520363673e-07,0.06477237338678593,-2.4570056463538204e-06,-0.0001390742104582543,0.2,0.0,0.0,0.0,0.0,2.962962962962963,2.962962962962963,8.652385367291515e-06,6.566629751070252e-06,2.5558472903539236,2.5290039527473764,-0.0003992670264852753,7.096181739768284e-05
X+,1789636037.1630766,3.3546876907348633,3.380723754002247,0.05897060173857639,-5.651057213973756e-06,7.095608630453844e-05,0.14959125027840198,-9.5438025077445e-05,-0.0007135872187513157,0.06200475154776729,5.679474696023276e-07,-2.755119402294109e-07,0.15940223540687348,1.1584788710851286e-06,5.561859520363673e-07,0.06477237338678593,-2.4570056463538204e-06,-0.0001390742104582543,0.2,0.0,0.0,0.0,0.0,2.962962962962963,2.962962962962963,8.652385367291515e-06,6.566629751070252e-06,2.5558472903539236,2.5290039527473764,-0.0003992670264852753,7.096181739768284e-05
X+,1789636037.1891387,3.3807497024536133,3.4073375570005737,0.05897060173857639,-5.651057213973756e-06,7.095608630453844e-05,0.14959125027840198,-9.5438025077445e-05,-0.0007135872187513157,0.06200475154776729,5.679474696023276e-07,-2.755119402294109e-07,0.15940223540687348,1.1584788710851286e-06,5.561859520363673e-07,0.06477237338678593,-2.4570056463538204e-06,-0.0001390742104582543,0.2,0.0,0.0,0.0,0.0,2.962962962962963,2.962962962962963,8.652385367291515e-06,6.566629751070252e-06,2.5558472903539236,2.5290039527473764,-0.0003992670264852753,7.096181739768284e-05
X+,1789636037.2157536,3.4073646068573,3.4347366010006226,0.05897060173857639,-5.651057213973756e-06,7.095608630453844e-05,0.14959125027840198,-9.5438025077445e-05,-0.0007135872187513157,0.06200475154776729,5.679474696023276e-07,-2.755119402294109e-07,0.15940223540687348,1.1584788710851286e-06,5.561859520363673e-07,0.06477237338678593,-2.4570056463538204e-06,-0.0001390742104582543,0.2,0.0,0.0,0.0,0.0,2.962962962962963,2.962962962962963,8.652385367291515e-06,6.566629751070252e-06,2.5558472903539236,2.5290039527473764,-0.0003992670264852753,7.096181739768284e-05
X+,1789636037.2431488,3.4347598552703857,3.4660508380002284,0.05897060173857639,-5.651057213973756e-06,7.095608630453844e-05,0.14959125027840198,-9.5438025077445e-05,-0.0007135872187513157,0.06200475154776729,5.679474696023276e-07,-2.755119402294109e-07,0.15940223540687348,1.1584788710851286e-06,5.561859520363673e-07,0.06477237338678593,-2.4570056463538204e-06,-0.0001390742104582543,0.2,0.0,0.0,0.0,0.0,2.962962962962963,2.962962962962963,8.652385367291515e-06,6.566629751070252e-06,2.5558472903539236,2.5290039527473764,-0.0003992670264852753,7.096181739768284e-05
X+,1789636037.2744668,3.4660778045654297,3.4948758390019066,0.05897060173857639,-5.651057213973756e-06,7.095608630453844e-05,0.14959125027840198,-9.5438025077445e-05,-0.0007135872187513157,0.06200475154776729,5.679474696023276e-07,-2.755119402294109e-07,0.15940223540687348,1.1584788710851286e-06,5.561859520363673e-07,0.06477237338678593,-2.4570056463538204e-06,-0.0001390742104582543,0.2,0.0,0.0,0.0,0.0,2.962962962962963,2.962962962962963,8.652385367291515e-06,6.566629751070252e-06,2.5558472903539236,2.5290039527473764,-0.0003992670264852753,7.096181739768284e-05
X+,1789636037.3032887,3.4948997497558594,3.5219647090016224,0.05897060173857639,-5.651057213973756e-06,7.095608630453844e-05,0.14959125027840198,-9.5438025077445e-05,-0.0007135872187513157,0.06200475154776729,5.679474696023276e-07,-2.755119402294109e-07,0.15940223540687348,1.1584788710851286e-06,5.561859520363673e-07,0.06477237338678593,-2.4570056463538204e-06,-0.0001390742104582543,0.2,0.0,0.0,0.0,0.0,2.962962962962963,2.962962962962963,8.652385367291515e-06,6.566629751070252e-06,2.5558472903539236,2.5290039527473764,-0.0003992670264852753,7.096181739768284e-05
X+,1789636037.3303847,3.521995782852173,3.550771792000887,0.05897060173857639,-5.651057213973756e-06,7.095608630453844e-05,0.14959125027840198,-9.5438025077445e-05,-0.0007135872187513157,0.06200475154776729,5.679474696023276e-07,-2.755119402294109e-07,0.15940223540687348,1.1584788710851286e-06,5.561859520363673e-07,0.06477237338678593,-2.4570056463538204e-06,-0.0001390742104582543,0.2,0.0,0.0,0.0,0.0,2.962962962962963,2.962962962962963,8.652385367291515e-06,6.566629751070252e-06,2.5558472903539236,2.5290039527473764,-0.0003992670264852753,7.096181739768284e-05
X+,1789636037.359184,3.550795078277588,3.5757737970016024,0.05897060173857639,-5.651057213973756e-06,7.095608630453844e-05,0.14959125027840198,-9.5438025077445e-05,-0.0007135872187513157,0.06200475154776729,5.679474696023276e-07,-2.755119402294109e-07,0.15940223540687348,1.1584788710851286e-06,5.561859520363673e-07,0.06477237338678593,-2.4570056463538204e-06,-0.0001390742104582543,0.2,0.0,0.0,0.0,0.0,2.962962962962963,2.962962962962963,8.652385367291515e-06,6.566629751070252e-06,2.5558472903539236,2.5290039527473764,-0.0003992670264852753,7.096181739768284e-05
X+,1789636037.3841884,3.5757994651794434,3.5996933070018713,0.05897060173857639,-5.651057213973756e-06,7.095608630453844e-05,0.14959125027840198,-9.5438025077445e-05,-0.0007135872187513157,0.06200475154776729,5.679474696023276e-07,-2.755119402294109e-07,0.15940223540687348,1.1584788710851286e-06,5.561859520363673e-07,0.06477237338678593,-2.4570056463538204e-06,-0.0001390742104582543,0.2,0.0,0.0,0.0,0.0,2.962962962962963,2.962962962962963,8.652385367291515e-06,6.566629751070252e-06,2.5558472903539236,2.5290039527473764,-0.0003992670264852753,7.096181739768284e-05
X+,1789636037.409219,3.600830078125,3.6263871139999537,0.05897060173857639,-5.651057213973756e-06,7.095608630453844e-05,0.14959125027840198,-9.5438025077445e-05,-0.0007135872187513157,0.06200475154776729,5.679474696023276e-07,-2.755119402294109e-07,0.15940223540687348,1.1584788710851286e-06,5.561859520363673e-07,0.06477237338678593,-2.4570056463538204e-06,-0.0001390742104582543,0.2,0.0,0.0,0.0,0.0,2.962962962962963,2.962962962962963,8.652385367291515e-06,6.566629751070252e-06,2.5558472903539236,2.5290039527473764,-0.0003992670264852753,7.096181739768284e-05
X+,1789636037.434804,3.6264150142669678,3.65231953699913,0.06061852032846056,-5.898628825383098e-06,7.085887627434836e-05,0.14942403195053097,-9.507877059510792e-05,-0.000711302591624212,0.06200475154776729,5.679474696023276e-07,-2.755119402294109e-07,0.15940223540687348,1.1584788710851286e-06,5.561859520363673e-07,0.06477237338678593,-2.4570056463538204e-06,-0.0001390742104582543,0.2,0.0,0.0,0.0,0.0,2.962962962962963,2.962962962962963,8.787618923200569e-06,6.729342075573186e-06,2.5695752092477075,2.5416689486124575,0.0005535627038739346,7.087931074003156e-05
X+,1789636037.4608493,3.6524603366851807,3.6760273140025674,0.06301140547265346,-6.252657970602475e-06,7.068856204995565e-05,0.14905563469646022,-9.344250954738134e-05,-0.0007025493872403142,0.06200475154776729,5.679474696023276e-07,-2.755119402294109e-07,0.15940223540687348,1.1584788710851286e-06,5.561859520363673e-07,0.06477237338678593,-2.4570056463538204e-06,-0.0001390742104582543,0.2,0.0,0.0,0.0,0.0,2.962962962962963,2.962962962962963,9.071590985954003e-06,7.139297369285202e-06,2.596988481724141,2.5667759961848926,-0.0021932575773109765,7.077275108549812e-05
X+,1789636037.484445,3.676056146621704,3.7073043500022322,0.06628976417151483,-6.734944234922449e-06,7.048723024844464e-05,0.1483049138611429,-9.140436221223344e-05,-0.0006854732110302177,0.06200475154776729,5.679474696023276e-07,-2.755119402294109e-07,0.15940223540687348,1.1584788710851286e-06,5.561859520363673e-07,0.06477237338678593,-2.4570056463538204e-06,-0.0001390742104582543,0.2,0.0,0.0,0.0,0.0,2.962962962962963,2.962962962962963,9.353255339128452e-06,7.682785884810528e-06,2.624874367384276,2.592101200672989,-0.0006370374690627415,7.056478262676634e-05
X+,1789636037.5157168,3.7073278427124023,3.7368185660016024,0.06895789510137262,-7.1314679654889065e-06,7.039996399978283e-05,0.14747448346006714,-8.895771163841806e-05,-0.0006658506928824086,0.06200475154776729,5.679474696023276e-07,-2.755119402294109e-07,0.15940223540687348,1.1584788710851286e-06,5.561859520363673e-07,0.06477237338678593,-2.4570056463538204e-06,-0.0001390742104582543,0.2,0.0,0.0,0.0,0.0,2.962962962962963,2.962962962962963,9.626208222535126e-06,8.390695886539845e-06,2.653925526577782,2.6182911573751118,-0.002514163831567019,7.039578035874542e-05
X+,1789636037.5452294,3.7368404865264893,3.7703275400017446,0.07146264818154599,-7.5018316694642345e-06,7.042132020671791e-05,0.14650251208188975,-8.584351915859632e-05,-0.0006419940221537153,0.07879676168551313,7.146612010619526e-07,-2.3753130318961004e-07,0.16792010137704777,1.5134013075302168e-06,3.798063703980077e-07,0.0799662221919447,-3.2668610002896963e-06,-3.861485687384203e-05,0.2,0.0,0.0,0.0,0.0,2.962962962962963,2.962962962962963,9.886658302704632e-06,9.28087871887584e-06,2.6849426247271113,2.6460879489164046,-0.0016552198137330045,7.040583470586809e-05
X+,1789636037.578741,3.7703521251678467,3.7989969230002316,0.07336611106471515,-7.782287282425727e-06,7.052602958787018e-05,0.1456288384781805,-8.329799935931557e-05,-0.000617019674587968,0.07879676168551313,7.146612010619526e-07,-2.3753130318961004e-07,0.16792010137704777,1.5134013075302168e-06,3.798063703980077e-07,0.0799662221919447,-3.2668610002896963e-06,-3.861485687384203e-05,0.2,0.0,0.0,0.0,0.0,2.962962962962963,2.962962962962963,1.0011428250855658e-05,9.79877235351978e-06,2.7014753596716865,2.6608511598887494,-0.0008541930513174484,7.045732569364385e-05
X+,1789636037.6074126,3.7990236282348633,3.8261771090001275,0.07336611106471515,-7.782287282425727e-06,7.052602958787018e-05,0.1456288384781805,-8.329799935931557e-05,-0.000617019674587968,0.07879676168551313,7.146612010619526e-07,-2.3753130318961004e-07,0.16792010137704777,1.5134013075302168e-06,3.798063703980077e-07,0.0799662221919447,-3.2668610002896963e-06,-3.861485687384203e-05,0.2,0.0,0.0,0.0,0.0,2.962962962962963,2.962962962962963,1.0011428250855658e-05,9.79877235351978e-06,2.7014753596716865,2.6608511598887494,-0.0008541930513174484,7.045732569364385e-05
X+,1789636037.6345913,3.826202392578125,3.853188451001188,0.07336611106471515,-7.782287282425727e-06,7.052602958787018e-05,0.1456288384781805,-8.329799935931557e-05,-0.000617019674587968,0.07879676168551313,7.146612010619526e-07,-2.3753130318961004e-07,0.16792010137704777,1.5134013075302168e-06,3.798063703980077e-07,0.0799662221919447,-3.2668610002896963e-06,-3.861485687384203e-05,0.2,0.0,0.0,0.0,0.0,2.962962962962963,2.962962962962963,1.0011428250855658e-05,9.79877235351978e-06,2.7014753596716865,2.6608511598887494,-0.0008541930513174484,7.045732569364385e-05
X+,1789636037.6616013,3.853212356567383,3.8832441359991208,0.07336611106471515,-7.782287282425727e-06,7.052602958787018e-05,0.1456288384781805,-8.329799935931557e-05,-0.000617019674587968,0.07879676168551313,7.146612010619526e-07,-2.3753130318961004e-07,0.16792010137704777,1.5134013075302168e-06,3.798063703980077e-07,0.0799662221919447,-3.2668610002896963e-06,-3.861485687384203e-05,0.2,0.0,0.0,0.0,0.0,2.962962962962963,2.962962962962963,1.0011428250855658e-05,9.79877235351978e-06,2.7014753596716865,2.6608511598887494,-0.0008541930513174484,7.045732569364385e-05
X+,1789636037.6916575,3.8832685947418213,3.9169154390001495,0.07336611106471515,-7.782287282425727e-06,7.052602958787018e-05,0.1456288384781805,-8.329799935931557e-05,-0.000617019674587968,0.07879676168551313,7.146612010619526e-07,-2.3753130318961004e-07,0.16792010137704777,1.5134013075302168e-06,3.798063703980077e-07,0.0799662221919447,-3.2668610002896963e-06,-3.861485687384203e-05,0.2,0.0,0.0,0.0,0.0,2.962962962962963,2.962962962962963,1.0011428250855658e-05,9.79877235351978e-06,2.7014753596716865,2.6608511598887494,-0.0008541930513174484,7.045732569364385e-05
X+,1789636037.725328,3.9169390201568604,3.945641833000991,0.07336611106471515,-7.782287282425727e-06,7.052602958787018e-05,0.1456288384781805,-8.329799935931557e-05,-0.000617019674587968,0.07879676168551313,7.146612010619526e-07,-2.3753130318961004e-07,0.16792010137704777,1.5134013075302168e-06,3.798063703980077e-07,0.0799662221919447,-3.2668610002896963e-06,-3.861485687384203e-05,0.2,0.0,0.0,0.0,0.0,2.962962962962963,2.962962962962963,1.0011428250855658e-05,9.79877235351978e-06,2.7014753596716865,2.6608511598887494,-0.0008541930513174484,7.045732569364385e-05
X+,1789636037.754052,3.9456629753112793,3.97353786000167,0.07336611106471515,-7.782287282425727e-06,7.052602958787018e-05,0.1456288384781805,-8.329799935931557e-05,-0.000617019674587968,0.07879676168551313,7.146612010619526e-07,-2.3753130318961004e-07,0.16792010137704777,1.5134013075302168e-06,3.798063703980077e-07,0.0799662221919447,-3.2668610002896963e-06,-3.861485687384203e-05,0.2,0.0,0.0,0.0,0.0,2.962962962962963,2.962962962962963,1.0011428250855658e-05,9.79877235351978e-06,2.7014753596716865,2.6608511598887494,-0.0008541930513174484,7.045732569364385e-05
X+,1789636037.7819514,3.973562479019165,4.008078031001787,0.07336611106471515,-7.782287282425727e-06,7.052602958787018e-05,0.1456288384781805,-8.329799935931557e-05,-0.000617019674587968,0.07879676168551313,7.146612010619526e-07,-2.3753130318961004e-07,0.16792010137704777,1.5134013075302168e-06,3.798063703980077e-07,0.0799662221919447,-3.2668610002896963e-06,-3.861485687384203e-05,0.2,0.0,0.0,0.0,0.0,2.962962962962963,2.962962962962963,1.0011428250855658e-05,9.79877235351978e-06,2.7014753596716865,2.6608511598887494,-0.0008541930513174484,7.045732569364385e-05
X+,1789636037.816646,4.008257150650024,4.036149685001874,0.07336611106471515,-7.782287282425727e-06,7.052602958787018e-05,0.1456288384781805,-8.329799935931557e-05,-0.000617019674587968,0.07879676168551313,7.146612010619526e-07,-2.3753130318961004e-07,0.16792010137704777,1.5134013075302168e-06,3.798063703980077e-07,0.0799662221919447,-3.2668610002896963e-06,-3.861485687384203e-05,0.2,0.0,0.0,0.0,0.0,2.962962962962963,2.962962962962963,1.0011428250855658e-05,9.79877235351978e-06,2.7014753596716865,2.6608511598887494,-0.0008541930513174484,7.045732569364385e-05
X+,1789636037.8445654,4.036176443099976,4.06598283600033,0.07336611106471515,-7.782287282425727e-06,7.052602958787018e-05,0.1456288384781805,-8.329799935931557e-05,-0.000617019674587968,0.07879676168551313,7.146612010619526e-07,-2.3753130318961004e-07,0.16792010137704777,1.5134013075302168e-06,3.798063703980077e-07,0.0799662221919447,-3.2668610002896963e-06,-3.861485687384203e-05,0.2,0.0,0.0,0.0,0.0,2.962962962962963,2.962962962962963,1.0011428250855658e-05,9.79877235351978e-06,2.7014753596716865,2.6608511598887494,-0.0008541930513174484,7.045732569364385e-05
X+,1789636037.874396,4.066007137298584,4.0913418529999035,0.07336611106471515,-7.782287282425727e-06,7.052602958787018e-05,0.1456288384781805,-8.329799935931557e-05,-0.000617019674587968,0.07879676168551313,7.146612010619526e-07,-2.3753130318961004e-07,0.16792010137704777,1.5134013075302168e-06,3.798063703980077e-07,0.0799662221919447,-3.2668610002896963e-06,-3.861485687384203e-05,0.2,0.0,0.0,0.0,0.0,2.962962962962963,2.962962962962963,1.0011428250855658e-05,9.79877235351978e-06,2.7014753596716865,2.6608511598887494,-0.0008541930513174484,7.045732569364385e-05
X+,1789636037.8997543,4.091365337371826,4.120412741001928,0.07496742372459979,-8.02010103275689e-06,7.071074856239532e-05,0.14479574653031646,-8.117416967834184e-05,-0.0005891630484402414,0.07879676168551313,7.146612010619526e-07,-2.3753130318961004e-07,0.16792010137704777,1.5134013075302168e-06,3.798063703980077e-07,0.0799662221919447,-3.2668610002896963e-06,-3.861485687384203e-05,0.2,0.0,0.0,0.0,0.0,2.962962962962963,2.962962962962963,1.0132716554700494e-05,1.0371931262298517e-05,2.718862887823261,2.676343484549726,-0.0028870806966698453,7.05669626577701e-05
X+,1789636037.9288254,4.120436429977417,4.142552199999045,0.07612606837117311,-8.193153943843873e-06,7.090926433926508e-05,0.14413290340560517,-7.931809614462117e-05,-0.0005670522286511142,0.07879676168551313,7.146612010619526e-07,-2.3753130318961004e-07,0.16792010137704777,1.5134013075302168e-06,3.798063703980077e-07,0.0799662221919447,-3.2668610002896963e-06,-3.861485687384203e-05,0.2,0.0,0.0,0.0,0.0,2.962962962962963,2.962962962962963,1.0249194240863346e-05,1.1011366501278985e-05,2.737247407325941,2.6926511523820116,0.0004255069662216968,7.075662467467056e-05
X+,1789636037.9509656,4.142576694488525,4.169764033002139,0.07814035090261909,-8.491660229690591e-06,7.136570292946952e-05,0.1428515122612872,-7.42972435650897e-05,-0.0005232361647779824,0.07879676168551313,7.146612010619526e-07,-2.3753130318961004e-07,0.16792010137704777,1.5134013075302168e-06,3.798063703980077e-07,0.0799662221919447,-3.2668610002896963e-06,-3.861485687384203e-05,0.2,0.0,0.0,0.0,0.0,2.962962962962963,2.962962962962963,1.0362905616290163e-05,1.1713300151150463e-05,2.7567909920841567,2.709824554447531,0.002952969910831089,7.102534245232606e-05
X+,1789636037.9781818,4.169792890548706,4.194655490002333,0.07985194663199922,-8.736911947884902e-06,7.188074596007322e-05,0.14162493889951933,-6.791624435231703e-05,-0.00047078260566525427,0.07879676168551313,7.146612010619526e-07,-2.3753130318961004e-07,0.16792010137704777,1.5134013075302168e-06,3.798063703980077e-07,0.0799662221919447,-3.2668610002896963e-06,-3.861485687384203e-05,0.2,0.0,0.0,0.0,0.0,2.962962962962963,2.962962962962963,1.0474087240197605e-05,1.2481056693935955e-05,2.777680191139481,2.7279015650709026,0.0016870153128299412,7.14427654933321e-05
X+,1789636038.0030732,4.194684267044067,4.226090893000219,0.08225008621714892,-9.07290123155699e-06,7.276594711678846e-05,0.13966481226353725,-5.4042757635113604e-05,-0.00037235795340761796,0.07879676168551313,7.146612010619526e-07,-2.3753130318961004e-07,0.16792010137704777,1.5134013075302168e-06,3.798063703980077e-07,0.0799662221919447,-3.2668610002896963e-06,-3.861485687384203e-05,0.2,0.0,0.0,0.0,0.0,2.962962962962963,2.962962962962963,1.0699477440923033e-05,1.424572452179973e-05,2.824157531501342,2.768275147852833,0.0020731566582836815,7.24357302401642e-05
X+,1789636038.0345085,4.226119518280029,4.262075841001206,0.08433685747095293,-9.357161676823607e-06,7.370270255591295e-05,0.13769633708695356,-3.772334512991895e-05,-0.00024651324497228873,0.09676288480500833,9.441637270438567e-07,-3.619766859427014e-07,0.1796612311944018,2.3377004261973626e-06,-1.2444538275309135e-06,0.10377086882571236,-1.6956079728351957e-06,6.9236130520345e-05,0.2,0.0,0.0,0.0,0.0,2.962962962962963,2.962962962962963,1.082000006569217e-05,1.5249862930666325e-05,2.8499928891923565,2.790862093854777,-0.0016078083359198992,7.370270255591295e-05
X+,1789636038.070488,4.262099027633667,4.298609393001243,0.0867996536893843,-9.709771832852945e-06,7.516626939145621e-05,0.1350078329341822,-1.496038129766665e-05,-1.5250637627621118e-05,0.09676288480500833,9.441637270438567e-07,-3.619766859427014e-07,0.1796612311944018,2.3377004261973626e-06,-1.2444538275309135e-06,0.10377086882571236,-1.6956079728351957e-06,6.9236130520345e-05,0.2,0.0,0.0,0.0,0.0,2.962962962962963,2.962962962962963,1.109413225108824e-05,1.7531745709398194e-05,2.9069328303228836,2.841184375202603,0.001699421546487023,7.536570707706244e-05
X+,1789636038.107024,4.298635005950928,4.333153412000684,0.08747494725789635,-9.822104943735602e-06,7.567991952781747e-05,0.13419438843147816,-8.336866130319222e-06,7.389108353102731e-05,0.09676288480500833,9.441637270438567e-07,-3.619766859427014e-07,0.1796612311944018,2.3377004261973626e-06,-1.2444538275309135e-06,0.10377086882571236,-1.6956079728351957e-06,6.9236130520345e-05,0.2,0.0,0.0,0.0,0.0,2.962962962962963,2.962962962962963,1.1259993573986549e-05,1.882731428004547e-05,2.9376109348411106,2.8686950277186907,0.001699421546487023,7.536570707706244e-05
X+,1789636038.1415734,4.333184480667114,4.362168013001792,0.08747494725789635,-9.822104943735602e-06,7.567991952781747e-05,0.13419438843147816,-8.336866130319222e-06,7.389108353102731e-05,0.09676288480500833,9.441637270438567e-07,-3.619766859427014e-07,0.1796612311944018,2.3377004261973626e-06,-1.2444538275309135e-06,0.10377086882571236,-1.6956079728351957e-06,6.9236130520345e-05,0.2,0.0,0.0,0.0,0.0,2.962962962962963,2.962962962962963,1.1259993573986549e-05,1.882731428004547e-05,2.9376109348411106,2.8686950277186907,0.001699421546487023,7.536570707706244e-05
X+,1789636038.1705809,4.362191915512085,4.386819720999483,0.08747494725789635,-9.822104943735602e-06,7.567991952781747e-05,0.13419438843147816,-8.336866130319222e-06,7.389108353102731e-05,0.09676288480500833,9.441637270438567e-07,-3.619766859427014e-07,0.1796612311944018,2.3377004261973626e-06,-1.2444538275309135e-06,0.10377086882571236,-1.6956079728351957e-06,6.9236130520345e-05,0.2,0.0,0.0,0.0,0.0,2.962962962962963,2.962962962962963,1.1259993573986549e-05,1.882731428004547e-05,2.9376109348411106,2.8686950277186907,0.001699421546487023,7.536570707706244e-05
X+,1789636038.1952362,4.386847257614136,4.416803829000855,0.08747494725789635,-9.822104943735602e-06,7.567991952781747e-05,0.13419438843147816,-8.336866130319222e-06,7.389108353102731e-05,0.09676288480500833,9.441637270438567e-07,-3.619766859427014e-07,0.1796612311944018,2.3377004261973626e-06,-1.2444538275309135e-06,0.10377086882571236,-1.6956079728351957e-06,6.9236130520345e-05,0.2,0.0,0.0,0.0,0.0,2.962962962962963,2.962962962962963,1.1259993573986549e-05,1.882731428004547e-05,2.9376109348411106,2.8686950277186907,0.001699421546487023,7.536570707706244e-05
X+,1789636038.225219,4.416830062866211,4.444498148001003,0.08747494725789635,-9.822104943735602e-06,7.567991952781747e-05,0.13419438843147816,-8.336866130319222e-06,7.389108353102731e-05,0.09676288480500833,9.441637270438567e-07,-3.619766859427014e-07,0.1796612311944018,2.3377004261973626e-06,-1.2444538275309135e-06,0.10377086882571236,-1.6956079728351957e-06,6.9236130520345e-05,0.2,0.0,0.0,0.0,0.0,2.962962962962963,2.962962962962963,1.1259993573986549e-05,1.882731428004547e-05,2.9376109348411106,2.8686950277186907,0.001699421546487023,7.536570707706244e-05
X+,1789636038.2529135,4.444524526596069,4.471858234999672,0.08747494725789635,-9.822104943735602e-06,7.567991952781747e-05,0.13419438843147816,-8.336866130319222e-06,7.389108353102731e-05,0.09676288480500833,9.441637270438567e-07,-3.619766859427014e-07,0.1796612311944018,2.3377004261973626e-06,-1.2444538275309135e-06,0.10377086882571236,-1.6956079728351957e-06,6.9236130520345e-05,0.2,0.0,0.0,0.0,0.0,2.962962962962963,2.962962962962963,1.1259993573986549e-05,1.882731428004547e-05,2.9376109348411106,2.8686950277186907,0.001699421546487023,7.536570707706244e-05
X+,1789636038.2802756,4.47188663482666,4.496000867999101,0.08747494725789635,-9.822104943735602e-06,7.567991952781747e-05,0.13419438843147816,-8.336866130319222e-06,7.389108353102731e-05,0.09676288480500833,9.441637270438567e-07,-3.619766859427014e-07,0.1796612311944018,2.3377004261973626e-06,-1.2444538275309135e-06,0.10377086882571236,-1.6956079728351957e-06,6.9236130520345e-05,0.2,0.0,0.0,0.0,0.0,2.962962962962963,2.962962962962963,1.1259993573986549e-05,1.882731428004547e-05,2.9376109348411106,2.8686950277186907,0.001699421546487023,7.536570707706244e-05
X+,1789636038.3044138,4.49602484703064,4.521376969001722,0.08747494725789635,-9.822104943735602e-06,7.567991952781747e-05,0.13419438843147816,-8.336866130319222e-06,7.389108353102731e-05,0.09676288480500833,9.441637270438567e-07,-3.619766859427014e-07,0.1796612311944018,2.3377004261973626e-06,-1.2444538275309135e-06,0.10377086882571236,-1.6956079728351957e-06,6.9236130520345e-05,0.2,0.0,0.0,0.0,0.0,2.962962962962963,2.962962962962963,1.1259993573986549e-05,1.882731428004547e-05,2.9376109348411106,2.8686950277186907,0.001699421546487023,7.536570707706244e-05
X+,1789636038.329791,4.52140212059021,4.546322365000378,0.08747494725789635,-9.822104943735602e-06,7.567991952781747e-05,0.13419438843147816,-8.336866130319222e-06,7.389108353102731e-05,0.09676288480500833,9.441637270438567e-07,-3.619766859427014e-07,0.1796612311944018,2.3377004261973626e-06,-1.2444538275309135e-06,0.10377086882571236,-1.6956079728351957e-06,6.9236130520345e-05,0.2,0.0,0.0,0.0,0.0,2.962962962962963,2.962962962962963,1.1259993573986549e-05,1.882731428004547e-05,2.9376109348411106,2.8686950277186907,0.001699421546487023,7.536570707706244e-05
X+,1789636038.354736,4.546347141265869,4.573659716999828,0.08747494725789635,-9.822104943735602e-06,7.567991952781747e-05,0.13419438843147816,-8.336866130319222e-06,7.389108353102731e-05,0.09676288480500833,9.441637270438567e-07,-3.619766859427014e-07,0.1796612311944018,2.3377004261973626e-06,-1.2444538275309135e-06,0.10377086882571236,-1.6956079728351957e-06,6.9236130520345e-05,0.2,0.0,0.0,0.0,0.0,2.962962962962963,2.962962962962963,1.1259993573986549e-05,1.882731428004547e-05,2.9376109348411106,2.8686950277186907,0.001699421546487023,7.536570707706244e-05
X+,1789636038.3820772,4.573688268661499,4.600039621000178,0.08747494725789635,-9.822104943735602e-06,7.567991952781747e-05,0.13419438843147816,-8.336866130319222e-06,7.389108353102731e-05,0.09676288480500833,9.441637270438567e-07,-3.619766859427014e-07,0.1796612311944018,2.3377004261973626e-06,-1.2444538275309135e-06,0.10377086882571236,-1.6956079728351957e-06,6.9236130520345e-05,0.2,0.0,0.0,0.0,0.0,2.962962962962963,2.962962962962963,1.1259993573986549e-05,1.882731428004547e-05,2.9376109348411106,2.8686950277186907,0.001699421546487023,7.536570707706244e-05
X+,1789636038.408452,4.60006308555603,4.6267952250018425,0.08747494725789635,-9.822104943735602e-06,7.567991952781747e-05,0.13419438843147816,-8.336866130319222e-06,7.389108353102731e-05,0.09676288480500833,9.441637270438567e-07,-3.619766859427014e-07,0.1796612311944018,2.3377004261973626e-06,-1.2444538275309135e-06,0.10377086882571236,-1.6956079728351957e-06,6.9236130520345e-05,0.2,0.0,0.0,0.0,0.0,2.962962962962963,2.962962962962963,1.1259993573986549e-05,1.882731428004547e-05,2.9376109348411106,2.8686950277186907,0.001699421546487023,7.536570707706244e-05
X+,1789636038.4352078,4.626818895339966,4.65922670800137,0.08747494725789635,-9.822104943735602e-06,7.567991952781747e-05,0.13419438843147816,-8.336866130319222e-06,7.389108353102731e-05,0.09676288480500833,9.441637270438567e-07,-3.619766859427014e-07,0.1796612311944018,2.3377004261973626e-06,-1.2444538275309135e-06,0.10377086882571236,-1.6956079728351957e-06,6.9236130520345e-05,0.2,0.0,0.0,0.0,0.0,2.962962962962963,2.962962962962963,1.1259993573986549e-05,1.882731428004547e-05,2.9376109348411106,2.8686950277186907,0.001699421546487023,7.536570707706244e-05
X+,1789636038.46764,4.659250974655151,4.687354161000258,0.08747494725789635,-9.822104943735602e-06,7.567991952781747e-05,0.13419438843147816,-8.336866130319222e-06,7.389108353102731e-05,0.09676288480500833,9.441637270438567e-07,-3.619766859427014e-07,0.1796612311944018,2.3377004261973626e-06,-1.2444538275309135e-06,0.10377086882571236,-1.6956079728351957e-06,6.9236130520345e-05,0.2,0.0,0.0,0.0,0.0,2.962962962962963,2.962962962962963,1.1259993573986549e-05,1.882731428004547e-05,2.9376109348411106,2.8686950277186907,0.001699421546487023,7.536570707706244e-05
X+,1789636038.4957676,4.687378644943237,4.713716553000268,0.08747494725789635,-9.822104943735602e-06,7.567991952781747e-05,0.13419438843147816,-8.336866130319222e-06,7.389108353102731e-05,0.09676288480500833,9.441637270438567e-07,-3.619766859427014e-07,0.1796612311944018,2.3377004261973626e-06,-1.2444538275309135e-06,0.10377086882571236,-1.6956079728351957e-06,6.9236130520345e-05,0.2,0.0,0.0,0.0,0.0,2.962962962962963,2.962962962962963,1.1259993573986549e-05,1.882731428004547e-05,2.9376109348411106,2.8686950277186907,0.001699421546487023,7.536570707706244e-05
X+,1789636038.5221322,4.713743209838867,4.747865576999175,0.0882798693153598,-9.968129461178712e-06,7.635608061018984e-05,0.13317902063171427,2.6569825302686484e-06,0.0001926493983480353,0.09676288480500833,9.441637270438567e-07,-3.619766859427014e-07,0.1796612311944018,2.3377004261973626e-06,-1.2444538275309135e-06,0.10377086882571236,-1.6956079728351957e-06,6.9236130520345e-05,0.2,0.0,0.0,0.0,0.0,2.962962962962963,2.962962962962963,1.1259993573986549e-05,1.882731428004547e-05,2.9376109348411106,2.8686950277186907,0.001699421546487023,7.536570707706244e-05
X+,1789636038.5562797,4.7478907108306885,4.781273553002393,0.09013363188478897,-1.0341628741301727e-05,7.795157228336737e-05,0.13064810103336705,1.6555576821064458e-05,0.00040537776056346285,0.09676288480500833,9.441637270438567e-07,-3.619766859427014e-07,0.1796612311944018,2.3377004261973626e-06,-1.2444538275309135e-06,0.10377086882571236,-1.6956079728351957e-06,6.9236130520345e-05,0.2,0.0,0.0,0.0,0.0,2.962962962962963,2.962962962962963,1.1693204973184379e-05,2.17141253955333e-05,2.999945151166682,2.9256503620148537,-0.0008933445520311497,7.775583678110897e-05
X+,1789636038.5898213,4.781432390213013,4.807020742999157,0.09284485120078848,-1.102760673712868e-05,7.946833542016451e-05,0.1264806592188771,7.511434808388706e-06,0.0005948817171967914,0.09676288480500833,9.441637270438567e-07,-3.619766859427014e-07,0.1796612311944018,2.3377004261973626e-06,-1.2444538275309135e-06,0.10377086882571236,-1.6956079728351957e-06,6.9236130520345e-05,0.2,0.0,0.0,0.0,0.0,2.962962962962963,2.962962962962963,1.2143685783172486e-05,2.45274747650015e-05,3.0544954596518212,2.976516049062136,-0.0013979035179717302,7.946833542016451e-05
X+,1789636038.615435,4.807045936584473,4.831834946999152,0.0948502920453499,-1.1564481235357485e-05,8.038722538533258e-05,0.12311835718081987,7.404915228445547e-06,0.0007600177611952857,0.09676288480500833,9.441637270438567e-07,-3.619766859427014e-07,0.1796612311944018,2.3377004261973626e-06,-1.2444538275309135e-06,0.10377086882571236,-1.6956079728351957e-06,6.9236130520345e-05,0.2,0.0,0.0,0.0,0.0,2.962962962962963,2.962962962962963,1.2389779270982615e-05,2.582951502638764e-05,3.0740708250693705,2.994811800665373,-0.0021352897999226666,8.001123958391167e-05
X+,1789636038.6402423,4.83185338973999,4.859166849000758,0.09668147804980698,-1.2025338698123077e-05,8.098529056130941e-05,0.11997050852148076,5.107808420310204e-06,0.0009150437249691487,0.09676288480500833,9.441637270438567e-07,-3.619766859427014e-07,0.1796612311944018,2.3377004261973626e-06,-1.2444538275309135e-06,0.10377086882571236,-1.6956079728351957e-06,6.9236130520345e-05,0.2,0.0,0.0,0.0,0.0,2.962962962962963,2.962962962962963,1.2806222291494862e-05,2.801139187447177e-05,3.085935563747523,3.0043803716199906,0.0003570081094492958,8.095895491433793e-05
X+,1789636038.6675797,4.8591907024383545,4.888584521002485,0.09823096075637107,-1.2454100310053083e-05,8.105570063151575e-05,0.11737736151835558,3.053333244623508e-05,0.0010542940615800832,0.11616054105473515,1.3310504556452144e-06,-8.358139209785576e-07,0.19397656249585501,3.939082279256641e-06,-4.738372350358562e-06,0.11839501447754922,-1.7640685434627744e-06,0.00013264531211154568,0.2,0.0,0.0,0.0,0.0,2.962962962962963,2.962962962962963,1.3051660813445665e-05,2.8521362041011855e-05,3.0738999018928412,2.9914503805262176,0.0016554614228371616,8.110306140000963e-05
X+,1789636038.6969993,4.888610363006592,4.916912372002116,0.10043778554460188,-1.2572347979306585e-05,7.985898448440702e-05,0.11405886376019467,0.00022582009429008567,0.0009075832396048984,0.11616054105473515,1.3310504556452144e-06,-8.358139209785576e-07,0.19397656249585501,3.939082279256641e-06,-4.738372350358562e-06,0.11839501447754922,-1.7640685434627744e-06,0.00013264531211154568,0.2,0.0,0.0,0.0,0.0,2.962962962962963,2.962962962962963,1.2701491007405252e-05,2.6995257388584548e-05,3.008095445956881,2.926144970069881,0.00136299766961602,7.985898448440702e-05
X+,1789636038.7253184,4.916929483413696,4.943109514002572,0.10043778554460188,-1.2572347979306585e-05,7.985898448440702e-05,0.11405886376019467,0.00022582009429008567,0.0009075832396048984,0.11616054105473515,1.3310504556452144e-06,-8.358139209785576e-07,0.19397656249585501,3.939082279256641e-06,-4.738372350358562e-06,0.11839501447754922,-1.7640685434627744e-06,0.00013264531211154568,0.2,0.0,0.0,0.0,0.0,2.962962962962963,2.962962962962963,1.2701491007405252e-05,2.6995257388584548e-05,3.008095445956881,2.926144970069881,0.00136299766961602,7.985898448440702e-05
X+,1789636038.7515237,4.943134784698486,4.9701649349990475,0.10043778554460188,-1.2572347979306585e-05,7.985898448440702e-05,0.11405886376019467,0.00022582009429008567,0.0009075832396048984,0.11616054105473515,1.3310504556452144e-06,-8.358139209785576e-07,0.19397656249585501,3.939082279256641e-06,-4.738372350358562e-06,0.11839501447754922,-1.7640685434627744e-06,0.00013264531211154568,0.2,0.0,0.0,0.0,0.0,2.962962962962963,2.962962962962963,1.2701491007405252e-05,2.6995257388584548e-05,3.008095445956881,2.926144970069881,0.00136299766961602,7.985898448440702e-05
X+,1789636038.7785866,4.970197677612305,5.004489249000471,0.10043778554460188,-1.2572347979306585e-05,7.985898448440702e-05,0.11405886376019467,0.00022582009429008567,0.0009075832396048984,0.11616054105473515,1.3310504556452144e-06,-8.358139209785576e-07,0.19397656249585501,3.939082279256641e-06,-4.738372350358562e-06,0.11839501447754922,-1.7640685434627744e-06,0.00013264531211154568,0.2,0.0,0.0,0.0,0.0,2.962962962962963,2.962962962962963,1.2701491007405252e-05,2.6995257388584548e-05,3.008095445956881,2.926144970069881,0.00136299766961602,7.985898448440702e-05
X+,1789636038.8129153,5.004526376724243,5.030429082999035,0.10043778554460188,-1.2572347979306585e-05,7.985898448440702e-05,0.11405886376019467,0.00022582009429008567,0.0009075832396048984,0.11616054105473515,1.3310504556452144e-06,-8.358139209785576e-07,0.19397656249585501,3.939082279256641e-06,-4.738372350358562e-06,0.11839501447754922,-1.7640685434627744e-06,0.00013264531211154568,0.2,0.0,0.0,0.0,0.0,2.962962962962963,2.962962962962963,1.2701491007405252e-05,2.6995257388584548e-05,3.008095445956881,2.926144970069881,0.00136299766961602,7.985898448440702e-05
X+,1789636038.8388436,5.030454635620117,5.055832693000411,0.10043778554460188,-1.2572347979306585e-05,7.985898448440702e-05,0.11405886376019467,0.00022582009429008567,0.0009075832396048984,0.11616054105473515,1.3310504556452144e-06,-8.358139209785576e-07,0.19397656249585501,3.939082279256641e-06,-4.738372350358562e-06,0.11839501447754922,-1.7640685434627744e-06,0.00013264531211154568,0.2,0.0,0.0,0.0,0.0,2.962962962962963,2.962962962962963,1.2701491007405252e-05,2.6995257388584548e-05,3.008095445956881,2.926144970069881,0.00136299766961602,7.985898448440702e-05
X+,1789636038.8642457,5.055856704711914,5.079811122999672,0.10043778554460188,-1.2572347979306585e-05,7.985898448440702e-05,0.11405886376019467,0.00022582009429008567,0.0009075832396048984,0.11616054105473515,1.3310504556452144e-06,-8.358139209785576e-07,0.19397656249585501,3.939082279256641e-06,-4.738372350358562e-06,0.11839501447754922,-1.7640685434627744e-06,0.00013264531211154568,0.2,0.0,0.0,0.0,0.0,2.962962962962963,2.962962962962963,1.2701491007405252e-05,2.6995257388584548e-05,3.008095445956881,2.926144970069881,0.00136299766961602,7.985898448440702e-05
X+,1789636038.8882284,5.079839468002319,5.106844928999635,0.10043778554460188,-1.2572347979306585e-05,7.985898448440702e-05,0.11405886376019467,0.00022582009429008567,0.0009075832396048984,0.11616054105473515,1.3310504556452144e-06,-8.358139209785576e-07,0.19397656249585501,3.939082279256641e-06,-4.738372350358562e-06,0.11839501447754922,-1.7640685434627744e-06,0.00013264531211154568,0.2,0.0,0.0,0.0,0.0,2.962962962962963,2.962962962962963,1.2701491007405252e-05,2.6995257388584548e-05,3.008095445956881,2.926144970069881,0.00136299766961602,7.985898448440702e-05
X+,1789636038.9152617,5.106872797012329,5.134614226000849,0.10043778554460188,-1.2572347979306585e-05,7.985898448440702e-05,0.11405886376019467,0.00022582009429008567,0.0009075832396048984,0.11616054105473515,1.3310504556452144e-06,-8.358139209785576e-07,0.19397656249585501,3.939082279256641e-06,-4.738372350358562e-06,0.11839501447754922,-1.7640685434627744e-06,0.00013264531211154568,0.2,0.0,0.0,0.0,0.0,2.962962962962963,2.962962962962963,1.2701491007405252e-05,2.6995257388584548e-05,3.008095445956881,2.926144970069881,0.00136299766961602,7.985898448440702e-05
X+,1789636038.9430277,5.134638786315918,5.163493758002005,0.10043778554460188,-1.2572347979306585e-05,7.985898448440702e-05,0.11405886376019467,0.00022582009429008567,0.0009075832396048984,0.11616054105473515,1.3310504556452144e-06,-8.358139209785576e-07,0.19397656249585501,3.939082279256641e-06,-4.738372350358562e-06,0.11839501447754922,-1.7640685434627744e-06,0.00013264531211154568,0.2,0.0,0.0,0.0,0.0,2.962962962962963,2.962962962962963,1.2701491007405252e-05,2.6995257388584548e-05,3.008095445956881,2.926144970069881,0.00136299766961602,7.985898448440702e-05
X+,1789636038.9719105,5.1635215282440186,5.190212682002311,0.10043778554460188,-1.2572347979306585e-05,7.985898448440702e-05,0.11405886376019467,0.00022582009429008567,0.0009075832396048984,0.11616054105473515,1.3310504556452144e-06,-8.358139209785576e-07,0.19397656249585501,3.939082279256641e-06,-4.738372350358562e-06,0.11839501447754922,-1.7640685434627744e-06,0.00013264531211154568,0.2,0.0,0.0,0.0,0.0,2.962962962962963,2.962962962962963,1.2701491007405252e-05,2.6995257388584548e-05,3.008095445956881,2.926144970069881,0.00136299766961602,7.985898448440702e-05
X+,1789636038.9986248,5.19023585319519,5.215012242999364,0.1006664577504176,-1.2562807281570401e-05,7.966792716364128e-05,0.1137528192416504,0.00025884272134543473,0.000838252417361378,0.11616054105473515,1.3310504556452144e-06,-8.358139209785576e-07,0.19397656249585501,3.939082279256641e-06,-4.738372350358562e-06,0.11839501447754922,-1.7640685434627744e-06,0.00013264531211154568,0.2,0.0,0.0,0.0,0.0,2.962962962962963,2.962962962962963,1.2701491007405252e-05,2.6995257388584548e-05,3.008095445956881,2.926144970069881,0.00136299766961602,7.985898448440702e-05
X+,1789636039.0234241,5.2150352001190186,5.241093425000145,0.10336409336608693,-1.1342239865261457e-05,8.334059231570644e-05,0.11071046734796482,0.00040811497312846854,0.0008469544153487209,0.11616054105473515,1.3310504556452144e-06,-8.358139209785576e-07,0.19397656249585501,3.939082279256641e-06,-4.738372350358562e-06,0.11839501447754922,-1.7640685434627744e-06,0.00013264531211154568,0.2,0.0,0.0,0.0,0.0,2.962962962962963,2.962962962962963,3.6172068735851326e-06,1.3507212595520457e-05,2.8119585640015483,2.763573858326456,-0.0006693677995266098,8.228597098745961e-05
X+,1789636039.0495052,5.241116285324097,5.271863155001483,0.10512775709540965,-1.0964563066517483e-05,8.570330914960636e-05,0.10991066290292865,7.122771408743929e-05,6.491599589825985e-05,0.11616054105473515,1.3310504556452144e-06,-8.358139209785576e-07,0.19397656249585501,3.939082279256641e-06,-4.738372350358562e-06,0.11839501447754922,-1.7640685434627744e-06,0.00013264531211154568,0.2,0.0,0.0,0.0,0.0,2.962962962962963,2.962962962962963,3.7252725926251173e-06,1.3678051231202915e-05,2.7023905260329864,2.657258216491992,0.0013565228008356985,8.555235968088105e-05
X+,1789636039.0802782,5.2718892097473145,5.304374901999836,0.10678107822276198,-1.5275613358150218e-05,0.00010930225648392503,0.11077590758103092,-0.00030180336973184324,0.004523119508405144,0.11616054105473515,1.3310504556452144e-06,-8.358139209785576e-07,0.19397656249585501,3.939082279256641e-06,-4.738372350358562e-06,0.11839501447754922,-1.7640685434627744e-06,0.00013264531211154568,0.2,0.0,0.0,0.0,0.0,2.962962962962963,2.962962962962963,-1.50427425982258e-06,2.0897415726750523e-06,2.3946141320233427,2.3038944989761667,0.0036942847125174625,9.151426493543442e-05
X+,1789636039.1127896,5.304400682449341,5.352989084000001,0.10927673148126835,-2.075838433586441e-05,0.0002368355212509522,0.11604901249509755,0.0005977855599203367,0.0019681221126516373,0.11616054105473515,1.3310504556452144e-06,-8.358139209785576e-07,0.19397656249585501,3.939082279256641e-06,-4.738372350358562e-06,0.11839501447754924,-1.7640685434627744e-06,0.00013264531211154568,0.2,0.0,0.0,0.0,0.0,2.962962962962963,2.962962962962963,6.3756172101747666e-06,2.3205652091462525e-05,1.995577437679524,1.8718259816027376,0.0070673986573204,0.00021450070607981114
X+,1789636039.1614068,5.353017807006836,5.3833376100010355,0.11094144828379135,-1.987646387823644e-05,0.00022817206941025465,0.1211275609669703,0.0002133289413559396,-0.0006724794660424979,0.12847822094355996,1.4996247047563014e-06,-1.1618475639175185e-06,0.11267499646789078,2.0701816715945665e-06,-2.7607967588743356e-06,0.1343891623029868,-1.1049486554459004e-06,0.0004039276362964885,0.2,0.0,0.0,0.0,0.0,2.962962962962963,2.962962962962963,1.0666319675500802e-05,2.6610400673199308e-05,1.827708627774966,1.7099678711413608,-0.0031283732413103786,0.00022904571850599186
X+,1789636039.1918235,5.383434534072876,5.415566094001406,0.1115538994771064,-1.993976875051904e-05,0.00022400056919503323,0.12311226306767382,0.00014846679187888122,-0.0005901435211638846,0.12847822094355996,1.4996247047563014e-06,-1.1618475639175185e-06,0.11267499646789078,2.0701816715945665e-06,-2.7607967588743356e-06,0.1343891623029868,-1.1049486554459004e-06,0.0004039276362964885,0.2,0.0,0.0,0.0,0.0,2.962962962962963,2.962962962962963,1.2387974819283443e-05,2.8495449793553007e-05,1.70849499115447,1.6200377734669318,-0.0031283732413103786,0.00022904571850599186
X+,1789636039.223981,5.4155919551849365,5.4420654570021725,0.1115538994771064,-1.993976875051904e-05,0.00022400056919503323,0.12311226306767382,0.00014846679187888122,-0.0005901435211638846,0.12847822094355996,1.4996247047563014e-06,-1.1618475639175185e-06,0.11267499646789078,2.0701816715945665e-06,-2.7607967588743356e-06,0.1343891623029868,-1.1049486554459004e-06,0.0004039276362964885,0.2,0.0,0.0,0.0,0.0,2.962962962962963,2.962962962962963,1.2387974819283443e-05,2.8495449793553007e-05,1.70849499115447,1.6200377734669318,-0.0031283732413103786,0.00022904571850599186
X+,1789636039.2504807,5.442091703414917,5.4666416510008276,0.1115538994771064,-1.993976875051904e-05,0.00022400056919503323,0.12311226306767382,0.00014846679187888122,-0.0005901435211638846,0.12847822094355996,1.4996247047563014e-06,-1.1618475639175185e-06,0.11267499646789078,2.0701816715945665e-06,-2.7607967588743356e-06,0.1343891623029868,-1.1049486554459004e-06,0.0004039276362964885,0.2,0.0,0.0,0.0,0.0,2.962962962962963,2.962962962962963,1.2387974819283443e-05,2.8495449793553007e-05,1.70849499115447,1.6200377734669318,-0.0031283732413103786,0.00022904571850599186
X+,1789636039.27505,5.466660976409912,5.4919033980004315,0.1115538994771064,-1.993976875051904e-05,0.00022400056919503323,0.12311226306767382,0.00014846679187888122,-0.0005901435211638846,0.12847822094355996,1.4996247047563014e-06,-1.1618475639175185e-06,0.11267499646789078,2.0701816715945665e-06,-2.7607967588743356e-06,0.1343891623029868,-1.1049486554459004e-06,0.0004039276362964885,0.2,0.0,0.0,0.0,0.0,2.962962962962963,2.962962962962963,1.2387974819283443e-05,2.8495449793553007e-05,1.70849499115447,1.6200377734669318,-0.0031283732413103786,0.00022904571850599186
X+,1789636039.300316,5.491927146911621,5.5232645889991545,0.1115538994771064,-1.993976875051904e-05,0.00022400056919503323,0.12311226306767382,0.00014846679187888122,-0.0005901435211638846,0.12847822094355996,1.4996247047563014e-06,-1.1618475639175185e-06,0.11267499646789078,2.0701816715945665e-06,-2.7607967588743356e-06,0.1343891623029868,-1.1049486554459004e-06,0.0004039276362964885,0.2,0.0,0.0,0.0,0.0,2.962962962962963,2.962962962962963,1.2387974819283443e-05,2.8495449793553007e-05,1.70849499115447,1.6200377734669318,-0.0031283732413103786,0.00022904571850599186
X+,1789636039.331676,5.523287057876587,5.55590165600006,0.1115538994771064,-1.993976875051904e-05,0.00022400056919503323,0.12311226306767382,0.00014846679187888122,-0.0005901435211638846,0.12847822094355996,1.4996247047563014e-06,-1.1618475639175185e-06,0.11267499646789078,2.0701816715945665e-06,-2.7607967588743356e-06,0.1343891623029868,-1.1049486554459004e-06,0.0004039276362964885,0.2,0.0,0.0,0.0,0.0,2.962962962962963,2.962962962962963,1.2387974819283443e-05,2.8495449793553007e-05,1.70849499115447,1.6200377734669318,-0.0031283732413103786,0.00022904571850599186
X+,1789636039.3643165,5.555927515029907,5.580349713000032,0.1115538994771064,-1.993976875051904e-05,0.00022400056919503323,0.12311226306767382,0.00014846679187888122,-0.0005901435211638846,0.12847822094355996,1.4996247047563014e-06,-1.1618475639175185e-06,0.11267499646789078,2.0701816715945665e-06,-2.7607967588743356e-06,0.1343891623029868,-1.1049486554459004e-06,0.0004039276362964885,0.2,0.0,0.0,0.0,0.0,2.962962962962963,2.962962962962963,1.2387974819283443e-05,2.8495449793553007e-05,1.70849499115447,1.6200377734669318,-0.0031283732413103786,0.00022904571850599186
X+,1789636039.3887634,5.580374479293823,5.60591506000128,0.1115538994771064,-1.993976875051904e-05,0.00022400056919503323,0.12311226306767382,0.00014846679187888122,-0.0005901435211638846,0.12847822094355996,1.4996247047563014e-06,-1.1618475639175185e-06,0.11267499646789078,2.0701816715945665e-06,-2.7607967588743356e-06,0.1343891623029868,-1.1049486554459004e-06,0.0004039276362964885,0.2,0.0,0.0,0.0,0.0,2.962962962962963,2.962962962962963,1.2387974819283443e-05,2.8495449793553007e-05,1.70849499115447,1.6200377734669318,-0.0031283732413103786,0.00022904571850599186
X+,1789636039.414328,5.605939149856567,5.638044272000116,0.1115538994771064,-1.993976875051904e-05,0.00022400056919503323,0.12311226306767382,0.00014846679187888122,-0.0005901435211638846,0.12847822094355996,1.4996247047563014e-06,-1.1618475639175185e-06,0.11267499646789078,2.0701816715945665e-06,-2.7607967588743356e-06,0.1343891623029868,-1.1049486554459004e-06,0.0004039276362964885,0.2,0.0,0.0,0.0,0.0,2.962962962962963,2.962962962962963,1.2387974819283443e-05,2.8495449793553007e-05,1.70849499115447,1.6200377734669318,-0.0031283732413103786,0.00022904571850599186
X+,1789636039.4464583,5.63806939125061,5.672307586999523,0.11306496946920576,-2.015685642585332e-05,0.00021640708325291935,0.12808705684022018,0.00015599982497546027,-0.0002564256507648461,0.12847822094355996,1.4996247047563014e-06,-1.1618475639175185e-06,0.11267499646789078,2.0701816715945665e-06,-2.7607967588743356e-06,0.1343891623029868,-1.1049486554459004e-06,0.0004039276362964885,0.2,0.0,0.0,0.0,0.0,2.962962962962963,2.962962962962963,1.1970958039064783e-05,2.6840026546182116e-05,1.6417448032109538,1.5683102667528834,0.0007678823513379398,0.0002210688092029815
X+,1789636039.4807217,5.672332763671875,5.697212308001326,0.11437030457858482,-2.0163776822820605e-05,0.000212406127615203,0.13241479877990622,0.00021637666011443244,-0.0002854636801813979,0.12847822094355996,1.4996247047563014e-06,-1.1618475639175185e-06,0.11267499646789078,2.0701816715945665e-06,-2.7607967588743356e-06,0.1343891623029868,-1.1049486554459004e-06,0.0004039276362964885,0.2,0.0,0.0,0.0,0.0,2.962962962962963,2.962962962962963,1.0214506738215334e-05,2.437330931481796e-05,1.594624741575001,1.5239465386813642,-0.0013167853004941992,0.00021558121175459163
X+,1789636039.5056264,5.697237491607666,5.725162198999897,0.11613297222678667,-1.9229837793200213e-05,0.00020831567460516317,0.1382890260573161,0.00030955919491671075,-0.00032515985706287184,0.12847822094355996,1.4996247047563014e-06,-1.1618475639175185e-06,0.11267499646789078,2.0701816715945665e-06,-2.7607967588743356e-06,0.1343891623029868,-1.1049486554459004e-06,0.0004039276362964885,0.2,0.0,0.0,0.0,0.0,2.962962962962963,2.962962962962963,8.399174086015648e-06,2.1848133070712095e-05,1.551352324943581,1.4756043018354856,0.0010154533222745971,0.00020865812138581676
X+,1789636039.5335736,5.725184679031372,5.763758068002062,0.1192870694990675,-1.7924537646150582e-05,0.0002040883908346777,0.14805504398440317,0.00030449054611233784,-0.0005634613320932602,0.12847822094355996,1.4996247047563014e-06,-1.1618475639175185e-06,0.11267499646789078,2.0701816715945665e-06,-2.7607967588743356e-06,0.1343891623029868,-1.1049486554459004e-06,0.0004039276362964885,0.2,0.0,0.0,0.0,0.0,2.962962962962963,2.962962962962963,5.839212665392779e-06,1.5195348719743151e-05,1.5016777580047453,1.6118664638668607,-0.0020250456214578024,0.00020450090045340792
X+,1789636039.5721703,5.763781309127808,5.796476240000629,0.12311312004662057,-1.6886335526266304e-05,0.00020101996875670355,0.15758755799765944,0.00028792239071974337,-0.0007019409004524232,0.1388054854831245,1.5296542524810542e-06,-1.4853544142568833e-06,0.10327264539522688,4.20282548719546e-07,-3.235068503393647e-06,0.13742574241922242,-9.544657903328301e-06,0.0002578349829627235,0.2,0.0,0.0,0.0,0.0,2.962962962962963,2.962962962962963,-6.15410725757215e-06,1.100807229104106e-05,1.6366814306429907,1.7390864602109501,0.00022481798323172627,0.0002015780448535811
X+,1789636039.604889,5.796499967575073,5.827302170000621,0.1250286630275668,-1.629399647005026e-05,0.00019999639372270825,0.16149887184866835,0.0002626230768696136,-0.0007310583076885057,0.1388054854831245,1.5296542524810542e-06,-1.4853544142568833e-06,0.10327264539522688,4.20282548719546e-07,-3.235068503393647e-06,0.13742574241922242,-9.544657903328301e-06,0.0002578349829627235,0.2,0.0,0.0,0.0,0.0,2.962962962962963,2.962962962962963,-6.159337204714177e-06,9.260072764583072e-06,1.7063659774064015,1.803710967716049,-0.0009760969213023776,0.00020055572665276177
X+,1789636039.6357207,5.827331781387329,5.862968497000111,0.12600336244354635,-1.61138823924524e-05,0.0001998926356100222,0.1632977853944138,0.00026582414595254395,-0.0007581819772798108,0.1388054854831245,1.5296542524810542e-06,-1.4853544142568833e-06,0.10327264539522688,4.20282548719546e-07,-3.235068503393647e-06,0.13742574241922242,-9.544657903328301e-06,0.0002578349829627235,0.2,0.0,0.0,0.0,0.0,2.962962962962963,2.962962962962963,-6.051033752285662e-06,7.675743429302884e-06,1.7750668087580672,1.8668056704727767,-0.0015265867263695985,0.00019990866275016505
X+,1789636039.6713874,5.8629984855651855,5.8955028189993754,0.12600336244354635,-1.61138823924524e-05,0.0001998926356100222,0.1632977853944138,0.00026582414595254395,-0.0007581819772798108,0.1388054854831245,1.5296542524810542e-06,-1.4853544142568833e-06,0.10327264539522688,4.20282548719546e-07,-3.235068503393647e-06,0.13742574241922242,-9.544657903328301e-06,0.0002578349829627235,0.2,0.0,0.0,0.0,0.0,2.962962962962963,2.962962962962963,-6.051033752285662e-06,7.675743429302884e-06,1.7750668087580672,1.8668056704727767,-0.0015265867263695985,0.00019990866275016505
X+,1789636039.703921,5.895532131195068,5.926193365001382,0.12600336244354635,-1.61138823924524e-05,0.0001998926356100222,0.1632977853944138,0.00026582414595254395,-0.0007581819772798108,0.1388054854831245,1.5296542524810542e-06,-1.4853544142568833e-06,0.10327264539522688,4.20282548719546e-07,-3.235068503393647e-06,0.13742574241922242,-9.544657903328301e-06,0.0002578349829627235,0.2,0.0,0.0,0.0,0.0,2.962962962962963,2.962962962962963,-6.051033752285662e-06,7.675743429302884e-06,1.7750668087580672,1.8668056704727767,-0.0015265867263695985,0.00019990866275016505
X+,1789636039.734608,5.9262189865112305,5.956141238002601,0.12600336244354635,-1.61138823924524e-05,0.0001998926356100222,0.1632977853944138,0.00026582414595254395,-0.0007581819772798108,0.1388054854831245,1.5296542524810542e-06,-1.4853544142568833e-06,0.10327264539522688,4.20282548719546e-07,-3.235068503393647e-06,0.13742574241922242,-9.544657903328301e-06,0.0002578349829627235,0.2,0.0,0.0,0.0,0.0,2.962962962962963,2.962962962962963,-6.051033752285662e-06,7.675743429302884e-06,1.7750668087580672,1.8668056704727767,-0.0015265867263695985,0.00019990866275016505
X+,1789636039.7645595,5.956170558929443,5.984132474000944,0.12600336244354635,-1.61138823924524e-05,0.0001998926356100222,0.1632977853944138,0.00026582414595254395,-0.0007581819772798108,0.1388054854831245,1.5296542524810542e-06,-1.4853544142568833e-06,0.10327264539522688,4.20282548719546e-07,-3.235068503393647e-06,0.13742574241922242,-9.544657903328301e-06,0.0002578349829627235,0.2,0.0,0.0,0.0,0.0,2.962962962962963,2.962962962962963,-6.051033752285662e-06,7.675743429302884e-06,1.7750668087580672,1.8668056704727767,-0.0015265867263695985,0.00019990866275016505
X+,1789636039.7926462,5.984257221221924,6.010616793999361,0.12600336244354635,-1.61138823924524e-05,0.0001998926356100222,0.1632977853944138,0.00026582414595254395,-0.0007581819772798108,0.1388054854831245,1.5296542524810542e-06,-1.4853544142568833e-06,0.10327264539522688,4.20282548719546e-07,-3.235068503393647e-06,0.13742574241922242,-9.544657903328301e-06,0.0002578349829627235,0.2,0.0,0.0,0.0,0.0,2.962962962962963,2.962962962962963,-6.051033752285662e-06,7.675743429302884e-06,1.7750668087580672,1.8668056704727767,-0.0015265867263695985,0.00019990866275016505
X+,1789636039.8190408,6.0106518268585205,6.038807692999399,0.12600336244354635,-1.61138823924524e-05,0.0001998926356100222,0.1632977853944138,0.00026582414595254395,-0.0007581819772798108,0.1388054854831245,1.5296542524810542e-06,-1.4853544142568833e-06,0.10327264539522688,4.20282548719546e-07,-3.235068503393647e-06,0.13742574241922242,-9.544657903328301e-06,0.0002578349829627235,0.2,0.0,0.0,0.0,0.0,2.962962962962963,2.962962962962963,-6.051033752285662e-06,7.675743429302884e-06,1.7750668087580672,1.8668056704727767,-0.0015265867263695985,0.00019990866275016505
X+,1789636039.8472204,6.038831472396851,6.064604170001985,0.12600336244354635,-1.61138823924524e-05,0.0001998926356100222,0.1632977853944138,0.00026582414595254395,-0.0007581819772798108,0.1388054854831245,1.5296542524810542e-06,-1.4853544142568833e-06,0.10327264539522688,4.20282548719546e-07,-3.235068503393647e-06,0.13742574241922242,-9.544657903328301e-06,0.0002578349829627235,0.2,0.0,0.0,0.0,0.0,2.962962962962963,2.962962962962963,-6.051033752285662e-06,7.675743429302884e-06,1.7750668087580672,1.8668056704727767,-0.0015265867263695985,0.00019990866275016505
X+,1789636039.8730178,6.064628839492798,6.094614805999299,0.12600336244354635,-1.61138823924524e-05,0.0001998926356100222,0.1632977853944138,0.00026582414595254395,-0.0007581819772798108,0.1388054854831245,1.5296542524810542e-06,-1.4853544142568833e-06,0.10327264539522688,4.20282548719546e-07,-3.235068503393647e-06,0.13742574241922242,-9.544657903328301e-06,0.0002578349829627235,0.2,0.0,0.0,0.0,0.0,2.962962962962963,2.962962962962963,-6.051033752285662e-06,7.675743429302884e-06,1.7750668087580672,1.8668056704727767,-0.0015265867263695985,0.00019990866275016505
X+,1789636039.9030292,6.094640254974365,6.132177928000601,0.12600336244354635,-1.61138823924524e-05,0.0001998926356100222,0.1632977853944138,0.00026582414595254395,-0.0007581819772798108,0.1388054854831245,1.5296542524810542e-06,-1.4853544142568833e-06,0.10327264539522688,4.20282548719546e-07,-3.235068503393647e-06,0.13742574241922242,-9.544657903328301e-06,0.0002578349829627235,0.2,0.0,0.0,0.0,0.0,2.962962962962963,2.962962962962963,-6.051033752285662e-06,7.675743429302884e-06,1.7750668087580672,1.8668056704727767,-0.0015265867263695985,0.00019990866275016505
X+,1789636039.9405916,6.132202625274658,6.15539901000011,0.12600336244354635,-1.61138823924524e-05,0.0001998926356100222,0.1632977853944138,0.00026582414595254395,-0.0007581819772798108,0.1388054854831245,1.5296542524810542e-06,-1.4853544142568833e-06,0.10327264539522688,4.20282548719546e-07,-3.235068503393647e-06,0.13742574241922242,-9.544657903328301e-06,0.0002578349829627235,0.2,0.0,0.0,0.0,0.0,2.962962962962963,2.962962962962963,-6.051033752285662e-06,7.675743429302884e-06,1.7750668087580672,1.8668056704727767,-0.0015265867263695985,0.00019990866275016505
X+,1789636039.9638097,6.155420780181885,6.184263692000968,0.12600336244354635,-1.61138823924524e-05,0.0001998926356100222,0.1632977853944138,0.00026582414595254395,-0.0007581819772798108,0.1388054854831245,1.5296542524810542e-06,-1.4853544142568833e-06,0.10327264539522688,4.20282548719546e-07,-3.235068503393647e-06,0.13742574241922242,-9.544657903328301e-06,0.0002578349829627235,0.2,0.0,0.0,0.0,0.0,2.962962962962963,2.962962962962963,-6.051033752285662e-06,7.675743429302884e-06,1.7750668087580672,1.8668056704727767,-0.0015265867263695985,0.00019990866275016505
X+,1789636039.9926775,6.184288501739502,6.209841242001858,0.12600336244354635,-1.61138823924524e-05,0.0001998926356100222,0.1632977853944138,0.00026582414595254395,-0.0007581819772798108,0.1388054854831245,1.5296542524810542e-06,-1.4853544142568833e-06,0.10327264539522688,4.20282548719546e-07,-3.235068503393647e-06,0.13742574241922242,-9.544657903328301e-06,0.0002578349829627235,0.2,0.0,0.0,0.0,0.0,2.962962962962963,2.962962962962963,-6.051033752285662e-06,7.675743429302884e-06,1.7750668087580672,1.8668056704727767,-0.0015265867263695985,0.00019990866275016505
X+,1789636040.018254,6.209865093231201,6.238565660001768,0.12715371076369722,-1.5969029324508326e-05,0.00019999590426019327,0.16526867961324176,0.0002807884183588541,-0.0008140390491831037,0.1388054854831245,1.5296542524810542e-06,-1.4853544142568833e-06,0.10327264539522688,4.20282548719546e-07,-3.235068503393647e-06,0.13742574241922242,-9.544657903328301e-06,0.0002578349829627235,0.2,0.0,0.0,0.0,0.0,2.962962962962963,2.962962962962963,-5.944513116418193e-06,6.252142882523515e-06,1.8414651718203836,1.9280187771331763,-0.004048179129109538,0.0001999767111384851
X+,1789636040.0493307,6.240941762924194,6.272695501000271,0.13034068952276703,-1.5026761900320193e-05,0.00019872668057084163,0.16996337149571367,0.00026816693592861436,-0.0007680536189781129,0.1388054854831245,1.5296542524810542e-06,-1.4853544142568833e-06,0.10327264539522688,4.20282548719546e-07,-3.235068503393647e-06,0.13742574241922242,-9.544657903328301e-06,0.0002578349829627235,0.2,0.0,0.0,0.0,0.0,2.962962962962963,2.962962962962963,-5.7665149926222625e-06,-5.552592602597883e-06,1.9645616426964165,2.0409349187847297,0.0010870049970493484,0.0001996793218373831
X+,1789636040.0811083,6.272719383239746,6.300017869001749,0.13222369472768952,-1.4652302236084665e-05,0.00019845456860057573,0.17227672621886908,0.00026794253204959526,-0.0006846496859118879,0.1388054854831245,1.5296542524810542e-06,-1.4853544142568833e-06,0.10327264539522688,4.20282548719546e-07,-3.235068503393647e-06,0.13742574241922242,-9.544657903328301e-06,0.0002578349829627235,0.2,0.0,0.0,0.0,0.0,2.962962962962963,2.962962962962963,-5.6823368064229385e-06,9.129414941355662e-06,2.020704889634269,2.092263197393335,-0.001779753034606906,0.00019845456860057573
X+,1789636040.10843,6.30004096031189,6.33212184399963,0.13535532933914288,-1.4314890537188776e-05,0.00019863886639177758,0.17549003444349834,0.00031489421185353994,-0.0007772145032759038,0.1388054854831245,1.5296542524810542e-06,-1.4853544142568833e-06,0.10327264539522688,4.20282548719546e-07,-3.235068503393647e-06,0.13742574241922242,-9.544657903328301e-06,0.0002578349829627235,0.2,0.0,0.0,0.0,0.0,2.962962962962963,2.962962962962963,-6.0940576753765185e-06,-5.348409646721564e-06,2.073125645278766,2.1403930025126994,0.0011002752014604295,0.00019860712243666688
X+,1789636040.141403,6.333014011383057,6.363597973999276,0.13889556566648845,-1.3718286812175809e-05,0.0001980361152441479,0.1783257840370578,0.0003249524718545924,-0.0008207551253732423,0.1388054854831245,1.5296542524810542e-06,-1.4853544142568833e-06,0.10327264539522688,4.20282548719546e-07,-3.235068503393647e-06,0.13742574241922242,-9.544657903328301e-06,0.0002578349829627235,0.2,0.0,0.0,0.0,0.0,2.962962962962963,2.962962962962963,4.661103733205607e-06,6.948843548570949e-06,2.1665744659754362,2.226171549139777,-0.0003687658015546491,0.00019830585833851454
X+,1789636040.1720078,6.363618850708008,6.388777202999336,0.14104453428766472,-1.3388806991484516e-05,0.00019763595560530947,0.17970384177796622,0.00031971129116844995,-0.000817688452312789,0.1530487006503046,1.5039445612551722e-06,-1.798525540676341e-06,0.14243215167202572,-4.5534687040798e-08,-3.1317112641945755e-06,0.14807158608955331,-1.4069572047143936e-05,9.803339740876959e-06,0.2,0.0,0.0,0.0,0.0,2.962962962962963,2.962962962962963,-4.6984255916981965e-06,5.788607251311362e-06,2.2460477200258735,2.2988226207418014,-0.0006483193456054916,0.00019763595560530947
X+,1789636040.19719,6.388801097869873,6.424787216001278,0.14393312387391002,-1.2986899782680209e-05,0.00019708965543510542,0.18120973936473012,0.00031843232819431906,-0.0008270517480916252,0.1530487006503046,1.5039445612551722e-06,-1.798525540676341e-06,0.14243215167202572,-4.5534687040798e-08,-3.1317112641945755e-06,0.14807158608955331,-1.4069572047143936e-05,9.803339740876959e-06,0.2,0.0,0.0,0.0,0.0,2.962962962962963,2.962962962962963,4.520591486922854e-06,5.732566618732449e-06,2.281026171196186,2.3308924232191046,0.001963271920631524,0.0001972988927448009
X+,1789636040.2332022,6.424813270568848,6.4616397749996395,0.14393312387391002,-1.2986899782680209e-05,0.00019708965543510542,0.18120973936473012,0.00031843232819431906,-0.0008270517480916252,0.1530487006503046,1.5039445612551722e-06,-1.798525540676341e-06,0.14243215167202572,-4.5534687040798e-08,-3.1317112641945755e-06,0.14807158608955331,-1.4069572047143936e-05,9.803339740876959e-06,0.2,0.0,0.0,0.0,0.0,2.962962962962963,2.962962962962963,4.520591486922854e-06,5.732566618732449e-06,2.281026171196186,2.3308924232191046,0.001963271920631524,0.0001972988927448009
X+,1789636040.2700543,6.461665391921997,6.493434871001227,0.14393312387391002,-1.2986899782680209e-05,0.00019708965543510542,0.18120973936473012,0.00031843232819431906,-0.0008270517480916252,0.1530487006503046,1.5039445612551722e-06,-1.798525540676341e-06,0.14243215167202572,-4.5534687040798e-08,-3.1317112641945755e-06,0.14807158608955331,-1.4069572047143936e-05,9.803339740876959e-06,0.2,0.0,0.0,0.0,0.0,2.962962962962963,2.962962962962963,4.520591486922854e-06,5.732566618732449e-06,2.281026171196186,2.3308924232191046,0.001963271920631524,0.0001972988927448009
X+,1789636040.301851,6.493462085723877,6.518364387000474,0.14393312387391002,-1.2986899782680209e-05,0.00019708965543510542,0.18120973936473012,0.00031843232819431906,-0.0008270517480916252,0.1530487006503046,1.5039445612551722e-06,-1.798525540676341e-06,0.14243215167202572,-4.5534687040798e-08,-3.1317112641945755e-06,0.14807158608955331,-1.4069572047143936e-05,9.803339740876959e-06,0.2,0.0,0.0,0.0,0.0,2.962962962962963,2.962962962962963,4.520591486922854e-06,5.732566618732449e-06,2.281026171196186,2.3308924232191046,0.001963271920631524,0.0001972988927448009
X+,1789636040.326781,6.518392086029053,6.551229231001344,0.14393312387391002,-1.2986899782680209e-05,0.00019708965543510542,0.18120973936473012,0.00031843232819431906,-0.0008270517480916252,0.1530487006503046,1.5039445612551722e-06,-1.798525540676341e-06,0.14243215167202572,-4.5534687040798e-08,-3.1317112641945755e-06,0.14807158608955331,-1.4069572047143936e-05,9.803339740876959e-06,0.2,0.0,0.0,0.0,0.0,2.962962962962963,2.962962962962963,4.520591486922854e-06,5.732566618732449e-06,2.281026171196186,2.3308924232191046,0.001963271920631524,0.0001972988927448009
X+,1789636040.3596473,6.551258325576782,6.5773088470014045,0.14393312387391002,-1.2986899782680209e-05,0.00019708965543510542,0.18120973936473012,0.00031843232819431906,-0.0008270517480916252,0.1530487006503046,1.5039445612551722e-06,-1.798525540676341e-06,0.14243215167202572,-4.5534687040798e-08,-3.1317112641945755e-06,0.14807158608955331,-1.4069572047143936e-05,9.803339740876959e-06,0.2,0.0,0.0,0.0,0.0,2.962962962962963,2.962962962962963,4.520591486922854e-06,5.732566618732449e-06,2.281026171196186,2.3308924232191046,0.001963271920631524,0.0001972988927448009
X+,1789636040.3857212,6.577332258224487,6.602823336001165,0.14393312387391002,-1.2986899782680209e-05,0.00019708965543510542,0.18120973936473012,0.00031843232819431906,-0.0008270517480916252,0.1530487006503046,1.5039445612551722e-06,-1.798525540676341e-06,0.14243215167202572,-4.5534687040798e-08,-3.1317112641945755e-06,0.14807158608955331,-1.4069572047143936e-05,9.803339740876959e-06,0.2,0.0,0.0,0.0,0.0,2.962962962962963,2.962962962962963,4.520591486922854e-06,5.732566618732449e-06,2.281026171196186,2.3308924232191046,0.001963271920631524,0.0001972988927448009
X+,1789636040.411238,6.602849006652832,6.63031770300222,0.14393312387391002,-1.2986899782680209e-05,0.00019708965543510542,0.18120973936473012,0.00031843232819431906,-0.0008270517480916252,0.1530487006503046,1.5039445612551722e-06,-1.798525540676341e-06,0.14243215167202572,-4.5534687040798e-08,-3.1317112641945755e-06,0.14807158608955331,-1.4069572047143936e-05,9.803339740876959e-06,0.2,0.0,0.0,0.0,0.0,2.962962962962963,2.962962962962963,4.520591486922854e-06,5.732566618732449e-06,2.281026171196186,2.3308924232191046,0.001963271920631524,0.0001972988927448009
X+,1789636040.4387367,6.630347728729248,6.657034392999776,0.14393312387391002,-1.2986899782680209e-05,0.00019708965543510542,0.18120973936473012,0.00031843232819431906,-0.0008270517480916252,0.1530487006503046,1.5039445612551722e-06,-1.798525540676341e-06,0.14243215167202572,-4.5534687040798e-08,-3.1317112641945755e-06,0.14807158608955331,-1.4069572047143936e-05,9.803339740876959e-06,0.2,0.0,0.0,0.0,0.0,2.962962962962963,2.962962962962963,4.520591486922854e-06,5.732566618732449e-06,2.281026171196186,2.3308924232191046,0.001963271920631524,0.0001972988927448009
X+,1789636040.4654467,6.657057762145996,6.682478631002596,0.14393312387391002,-1.2986899782680209e-05,0.00019708965543510542,0.18120973936473012,0.00031843232819431906,-0.0008270517480916252,0.1530487006503046,1.5039445612551722e-06,-1.798525540676341e-06,0.14243215167202572,-4.5534687040798e-08,-3.1317112641945755e-06,0.14807158608955331,-1.4069572047143936e-05,9.803339740876959e-06,0.2,0.0,0.0,0.0,0.0,2.962962962962963,2.962962962962963,4.520591486922854e-06,5.732566618732449e-06,2.281026171196186,2.3308924232191046,0.001963271920631524,0.0001972988927448009
X+,1789636040.4908974,6.68250846862793,6.714862779001123,0.14393312387391002,-1.2986899782680209e-05,0.00019708965543510542,0.18120973936473012,0.00031843232819431906,-0.0008270517480916252,0.1530487006503046,1.5039445612551722e-06,-1.798525540676341e-06,0.14243215167202572,-4.5534687040798e-08,-3.1317112641945755e-06,0.14807158608955331,-1.4069572047143936e-05,9.803339740876959e-06,0.2,0.0,0.0,0.0,0.0,2.962962962962963,2.962962962962963,4.520591486922854e-06,5.732566618732449e-06,2.281026171196186,2.3308924232191046,0.001963271920631524,0.0001972988927448009
X+,1789636040.5232768,6.714887857437134,6.7454142950009555,0.14393312387391002,-1.2986899782680209e-05,0.00019708965543510542,0.18120973936473012,0.00031843232819431906,-0.0008270517480916252,0.1530487006503046,1.5039445612551722e-06,-1.798525540676341e-06,0.14243215167202572,-4.5534687040798e-08,-3.1317112641945755e-06,0.14807158608955331,-1.4069572047143936e-05,9.803339740876959e-06,0.2,0.0,0.0,0.0,0.0,2.962962962962963,2.962962962962963,4.520591486922854e-06,5.732566618732449e-06,2.281026171196186,2.3308924232191046,0.001963271920631524,0.0001972988927448009
X+,1789636040.5538275,6.745438575744629,6.770884262001346,0.14393312387391002,-1.2986899782680209e-05,0.00019708965543510542,0.18120973936473012,0.00031843232819431906,-0.0008270517480916252,0.1530487006503046,1.5039445612551722e-06,-1.798525540676341e-06,0.14243215167202572,-4.5534687040798e-08,-3.1317112641945755e-06,0.14807158608955331,-1.4069572047143936e-05,9.803339740876959e-06,0.2,0.0,0.0,0.0,0.0,2.962962962962963,2.962962962962963,4.520591486922854e-06,5.732566618732449e-06,2.281026171196186,2.3308924232191046,0.001963271920631524,0.0001972988927448009
X+,1789636040.5793002,6.77091121673584,6.801107115999912,0.14393312387391002,-1.2986899782680209e-05,0.00019708965543510542,0.18120973936473012,0.00031843232819431906,-0.0008270517480916252,0.1530487006503046,1.5039445612551722e-06,-1.798525540676341e-06,0.14243215167202572,-4.5534687040798e-08,-3.1317112641945755e-06,0.14807158608955331,-1.4069572047143936e-05,9.803339740876959e-06,0.2,0.0,0.0,0.0,0.0,2.962962962962963,2.962962962962963,4.520591486922854e-06,5.732566618732449e-06,2.281026171196186,2.3308924232191046,0.001963271920631524,0.0001972988927448009
X+,1789636040.6095223,6.801133394241333,6.827255006999621,0.14520392800550747,-1.2810504593209482e-05,0.00019683067126673837,0.18176101567471842,0.00031819226514545964,-0.0008324331882232673,0.1530487006503046,1.5039445612551722e-06,-1.798525540676341e-06,0.14243215167202572,-4.5534687040798e-08,-3.1317112641945755e-06,0.14807158608955331,-1.4069572047143936e-05,9.803339740876959e-06,0.2,0.0,0.0,0.0,0.0,2.962962962962963,2.962962962962963,-4.471955577400877e-06,5.691497070969831e-06,2.3131646234034626,2.3601231047814863,-0.0009730123194589739,0.00019690620831862301
X+,1789636040.6356735,6.827284574508667,6.8560926120007935,0.14830460682304272,-1.2383893644034999e-05,0.00019617558087807363,0.18285897554183467,0.00031637709579147773,-0.0008419149744092252,0.1530487006503046,1.5039445612551722e-06,-1.798525540676341e-06,0.14243215167202572,-4.5534687040798e-08,-3.1317112641945755e-06,0.14807158608955331,-1.4069572047143936e-05,9.803339740876959e-06,0.2,0.0,0.0,0.0,0.0,2.962962962962963,2.962962962962963,-4.468141201030562e-06,5.607772599169891e-06,2.3694337262867338,2.4109427964228884,-0.0023854948248030637,0.00019648621124156588
X+,1789636040.6645038,6.856114864349365,6.890752085000713,0.15215655548926577,-1.1779959286307463e-05,0.00019586813455754336,0.18380545265228465,0.00029861400705559146,-0.0009050440643873644,0.1530487006503046,1.5039445612551722e-06,-1.798525540676341e-06,0.14243215167202572,-4.5534687040798e-08,-3.1317112641945755e-06,0.14807158608955331,-1.4069572047143936e-05,9.803339740876959e-06,0.2,0.0,0.0,0.0,0.0,2.962962962962963,2.962962962962963,4.398675324424062e-06,5.541541668208083e-06,2.4163827731190155,2.452963536373132,-0.0018574025487502039,0.00019588549411944244
X+,1789636040.6991622,6.890773296356201,6.922897925000143,0.15602445094018763,-1.1263306221800592e-05,0.00019508466750000426,0.18437565760748897,0.0002987492220125445,-0.0009391181958482643,0.1530487006503046,1.5039445612551722e-06,-1.798525540676341e-06,0.14243215167202572,-4.5534687040798e-08,-3.1317112641945755e-06,0.14807158608955331,-1.4069572047143936e-05,9.803339740876959e-06,0.2,0.0,0.0,0.0,0.0,2.962962962962963,2.962962962962963,4.359467410175455e-06,5.489946108383492e-06,2.4552289131272524,2.487575178790883,0.0007861745599365056,0.00019545328212818705
X+,1789636040.7313104,6.922921419143677,6.949255334002373,0.1576851736059964,-1.1039598618189754e-05,0.00019471393654568183,0.184522687025037,0.0002979098566887842,-0.0009427248682311567,0.16889246886233805,1.5531932176898955e-06,-1.8294803067006497e-06,0.15843768211919262,7.77440782245264e-07,-3.09547660243085e-07,0.1677739029113946,-1.1294921521431392e-05,-4.827181952959943e-05,0.2,0.0,0.0,0.0,0.0,2.962962962962963,2.962962962962963,4.3473164952345655e-06,5.459712595801136e-06,2.4720260179904225,2.5024694960166274,-0.0025164610382737004,0.00019495987980452402
X+,1789636040.7576692,6.949280261993408,7.016090151002572,0.16100951616568945,-1.058982093222506e-05,0.0001939633769678026,0.18466712010114084,0.0002966491045191576,-0.0009494433202252801,0.16889246886233805,1.5531932176898955e-06,-1.8294803067006497e-06,0.15843768211919262,7.77440782245264e-07,-3.09547660243085e-07,0.1677739029113946,-1.1294921521431392e-05,-4.827181952959943e-05,0.2,0.0,0.0,0.0,0.0,2.962962962962963,2.962962962962963,-4.287410508396761e-06,5.404686366006217e-06,2.5011344954129306,2.5281065207012094,-0.0009910656934335141,0.00019417240632821947
X+,1789636040.8245058,7.0161168575286865,7.048664373000065,0.1626722904267654,-1.0363330302907633e-05,0.00019358390910363755,0.18467295922132101,0.0002960284372249956,-0.0009527288220661874,0.16889246886233805,1.5531932176898955e-06,-1.8294803067006497e-06,0.15843768211919262,7.77440782245264e-07,-3.09547660243085e-07,0.1677739029113946,-1.1294921521431392e-05,-4.827181952959943e-05,0.2,0.0,0.0,0.0,0.0,2.962962962962963,2.962962962962963,-8.068013384487926e-06,5.379469934396752e-06,2.5136953081695705,2.5390813060604005,-0.003229179630542355,0.00019375304812588854
X+,1789636040.8570797,7.0486907958984375,7.0736215370016,0.1626722904267654,-1.0363330302907633e-05,0.00019358390910363755,0.18467295922132101,0.0002960284372249956,-0.0009527288220661874,0.16889246886233805,1.5531932176898955e-06,-1.8294803067006497e-06,0.15843768211919262,7.77440782245264e-07,-3.09547660243085e-07,0.1677739029113946,-1.1294921521431392e-05,-4.827181952959943e-05,0.2,0.0,0.0,0.0,0.0,2.962962962962963,2.962962962962963,-8.068013384487926e-06,5.379469934396752e-06,2.5136953081695705,2.5390813060604005,-0.003229179630542355,0.00019375304812588854
X+,1789636040.8820353,7.073646306991577,7.104940779001481,0.1626722904267654,-1.0363330302907633e-05,0.00019358390910363755,0.18467295922132101,0.0002960284372249956,-0.0009527288220661874,0.16889246886233805,1.5531932176898955e-06,-1.8294803067006497e-06,0.15843768211919262,7.77440782245264e-07,-3.09547660243085e-07,0.1677739029113946,-1.1294921521431392e-05,-4.827181952959943e-05,0.2,0.0,0.0,0.0,0.0,2.962962962962963,2.962962962962963,-8.068013384487926e-06,5.379469934396752e-06,2.5136953081695705,2.5390813060604005,-0.003229179630542355,0.00019375304812588854
X+,1789636040.9143734,7.105984449386597,7.137550252999063,0.1626722904267654,-1.0363330302907633e-05,0.00019358390910363755,0.18467295922132101,0.0002960284372249956,-0.0009527288220661874,0.16889246886233805,1.5531932176898955e-06,-1.8294803067006497e-06,0.15843768211919262,7.77440782245264e-07,-3.09547660243085e-07,0.1677739029113946,-1.1294921521431392e-05,-4.827181952959943e-05,0.2,0.0,0.0,0.0,0.0,2.962962962962963,2.962962962962963,-8.068013384487926e-06,5.379469934396752e-06,2.5136953081695705,2.5390813060604005,-0.003229179630542355,0.00019375304812588854
X+,1789636040.9459636,7.137574672698975,7.167583368001942,0.1626722904267654,-1.0363330302907633e-05,0.00019358390910363755,0.18467295922132101,0.0002960284372249956,-0.0009527288220661874,0.16889246886233805,1.5531932176898955e-06,-1.8294803067006497e-06,0.15843768211919262,7.77440782245264e-07,-3.09547660243085e-07,0.1677739029113946,-1.1294921521431392e-05,-4.827181952959943e-05,0.2,0.0,0.0,0.0,0.0,2.962962962962963,2.962962962962963,-8.068013384487926e-06,5.379469934396752e-06,2.5136953081695705,2.5390813060604005,-0.003229179630542355,0.00019375304812588854
X+,1789636040.9759965,7.167607545852661,7.19441404600002,0.1626722904267654,-1.0363330302907633e-05,0.00019358390910363755,0.18467295922132101,0.0002960284372249956,-0.0009527288220661874,0.16889246886233805,1.5531932176898955e-06,-1.8294803067006497e-06,0.15843768211919262,7.77440782245264e-07,-3.09547660243085e-07,0.1677739029113946,-1.1294921521431392e-05,-4.827181952959943e-05,0.2,0.0,0.0,0.0,0.0,2.962962962962963,2.962962962962963,-8.068013384487926e-06,5.379469934396752e-06,2.5136953081695705,2.5390813060604005,-0.003229179630542355,0.00019375304812588854
X+,1789636041.002828,7.194438934326172,7.2209322529997735,0.1626722904267654,-1.0363330302907633e-05,0.00019358390910363755,0.18467295922132101,0.0002960284372249956,-0.0009527288220661874,0.16889246886233805,1.5531932176898955e-06,-1.8294803067006497e-06,0.15843768211919262,7.77440782245264e-07,-3.09547660243085e-07,0.1677739029113946,-1.1294921521431392e-05,-4.827181952959943e-05,0.2,0.0,0.0,0.0,0.0,2.962962962962963,2.962962962962963,-8.068013384487926e-06,5.379469934396752e-06,2.5136953081695705,2.5390813060604005,-0.003229179630542355,0.00019375304812588854
X+,1789636041.0293474,7.220958471298218,7.250188578000234,0.1626722904267654,-1.0363330302907633e-05,0.00019358390910363755,0.18467295922132101,0.0002960284372249956,-0.0009527288220661874,0.16889246886233805,1.5531932176898955e-06,-1.8294803067006497e-06,0.15843768211919262,7.77440782245264e-07,-3.09547660243085e-07,0.1677739029113946,-1.1294921521431392e-05,-4.827181952959943e-05,0.2,0.0,0.0,0.0,0.0,2.962962962962963,2.962962962962963,-8.068013384487926e-06,5.379469934396752e-06,2.5136953081695705,2.5390813060604005,-0.003229179630542355,0.00019375304812588854
X+,1789636041.0586026,7.250213623046875,7.275926053000148,0.1626722904267654,-1.0363330302907633e-05,0.00019358390910363755,0.18467295922132101,0.0002960284372249956,-0.0009527288220661874,0.16889246886233805,1.5531932176898955e-06,-1.8294803067006497e-06,0.15843768211919262,7.77440782245264e-07,-3.09547660243085e-07,0.1677739029113946,-1.1294921521431392e-05,-4.827181952959943e-05,0.2,0.0,0.0,0.0,0.0,2.962962962962963,2.962962962962963,-8.068013384487926e-06,5.379469934396752e-06,2.5136953081695705,2.5390813060604005,-0.003229179630542355,0.00019375304812588854
X+,1789636041.08434,7.275951147079468,7.307814503001282,0.1626722904267654,-1.0363330302907633e-05,0.00019358390910363755,0.18467295922132101,0.0002960284372249956,-0.0009527288220661874,0.16889246886233805,1.5531932176898955e-06,-1.8294803067006497e-06,0.15843768211919262,7.77440782245264e-07,-3.09547660243085e-07,0.1677739029113946,-1.1294921521431392e-05,-4.827181952959943e-05,0.2,0.0,0.0,0.0,0.0,2.962962962962963,2.962962962962963,-8.068013384487926e-06,5.379469934396752e-06,2.5136953081695705,2.5390813060604005,-0.003229179630542355,0.00019375304812588854
X+,1789636041.1162274,7.307838439941406,7.333283620002476,0.1626722904267654,-1.0363330302907633e-05,0.00019358390910363755,0.18467295922132101,0.0002960284372249956,-0.0009527288220661874,0.16889246886233805,1.5531932176898955e-06,-1.8294803067006497e-06,0.15843768211919262,7.77440782245264e-07,-3.09547660243085e-07,0.1677739029113946,-1.1294921521431392e-05,-4.827181952959943e-05,0.2,0.0,0.0,0.0,0.0,2.962962962962963,2.962962962962963,-8.068013384487926e-06,5.379469934396752e-06,2.5136953081695705,2.5390813060604005,-0.003229179630542355,0.00019375304812588854
X+,1789636041.1417656,7.33337664604187,7.3608908530004555,0.1656278662986775,-9.956613502392318e-06,0.00019290459429467555,0.18458881781606115,0.00029509258095304733,-0.0009576834125107901,0.16889246886233805,1.5531932176898955e-06,-1.8294803067006497e-06,0.15843768211919262,7.77440782245264e-07,-3.09547660243085e-07,0.1677739029113946,-1.1294921521431392e-05,-4.827181952959943e-05,0.2,0.0,0.0,0.0,0.0,2.962962962962963,2.962962962962963,-4.171490101789743e-06,5.355432648457281e-06,2.5250844475606735,2.5489669447742096,-0.001837165165467872,0.00019290459429467555
X+,1789636041.1693075,7.3609185218811035,7.393542149999121,0.1685813097761265,-9.546187769870866e-06,0.00019222200874665114,0.18439940638131289,0.00029409908355055426,-0.0009619073600973431,0.16889246886233805,1.5531932176898955e-06,-1.8294803067006497e-06,0.15843768211919262,7.77440782245264e-07,-3.09547660243085e-07,0.1677739029113946,-1.1294921521431392e-05,-4.827181952959943e-05,0.2,0.0,0.0,0.0,0.0,2.962962962962963,2.962962962962963,-4.368077668459591e-06,5.310269805214318e-06,2.5447370657889907,2.5658461364212757,0.002882703771735216,0.00019247758373402442
X+,1789636041.2019608,7.393571853637695,7.417151599001954,0.17189946343795826,-9.078916053544689e-06,0.00019145027826756333,0.18408048726539683,0.000293097552096523,-0.0009662607211740166,0.16889246886233805,1.5531932176898955e-06,-1.8294803067006497e-06,0.15843768211919262,7.77440782245264e-07,-3.09547660243085e-07,0.1677739029113946,-1.1294921521431392e-05,-4.827181952959943e-05,0.2,0.0,0.0,0.0,0.0,2.962962962962963,2.962962962962963,-6.9178028345717735e-06,5.268886410725315e-06,2.560822360185648,2.5794175643927133,-0.001072742958934891,0.00019162228792005454
X+,1789636041.2255666,7.417177677154541,7.4440184730010515,0.17392412553728812,-8.79064198870596e-06,0.00019097930007039171,0.183838556357455,0.0002925116788691626,-0.0009685530398612774,0.16889246886233805,1.5531932176898955e-06,-1.8294803067006497e-06,0.15843768211919262,7.77440782245264e-07,-3.09547660243085e-07,0.1677739029113946,-1.1294921521431392e-05,-4.827181952959943e-05,0.2,0.0,0.0,0.0,0.0,2.962962962962963,2.962962962962963,-4.053615690224888e-06,5.249298363096955e-06,2.567725947163656,2.58514458194978,-0.0015808743371699243,0.0001911936717748612
X+,1789636041.252424,7.444035053253174,7.476228383999114,0.17723102920361133,-8.315422822846238e-06,0.00019020897272702396,0.1833776481850426,0.00029143007867483164,-0.0009724327550349456,0.18530436149737467,1.5332377463140535e-06,-2.0840192731474085e-06,0.16411892635045666,1.0069762995659541e-07,-2.545389664467587e-06,0.18736884154166797,-7.540741090640934e-06,7.094646467198481e-06,0.2,0.0,0.0,0.0,0.0,2.962962962962963,2.962962962962963,4.259305264042723e-06,5.230190161853443e-06,2.5739606813414126,2.5902520179730915,-0.0013983920061602854,0.0001902924707829332
X+,1789636041.2846394,7.476250410079956,7.508236006000516,0.17998008980829439,-7.91682867170955e-06,0.00018956828319253332,0.18294102486058383,0.00029051872933050324,-0.0009758255565153408,0.18530436149737467,1.5332377463140535e-06,-2.0840192731474085e-06,0.16411892635045666,1.0069762995659541e-07,-2.545389664467587e-06,0.18736884154166797,-7.540741090640934e-06,7.094646467198481e-06,0.2,0.0,0.0,0.0,0.0,2.962962962962963,2.962962962962963,4.434594536029124e-06,5.1935290530380485e-06,2.5846686658238496,2.598832057572983,0.0015561301599444125,0.00018982408113202905
X+,1789636041.3166957,7.5083067417144775,7.534516301999247,0.17998008980829439,-7.91682867170955e-06,0.00018956828319253332,0.18294102486058383,0.00029051872933050324,-0.0009758255565153408,0.18530436149737467,1.5332377463140535e-06,-2.0840192731474085e-06,0.16411892635045666,1.0069762995659541e-07,-2.545389664467587e-06,0.18736884154166797,-7.540741090640934e-06,7.094646467198481e-06,0.2,0.0,0.0,0.0,0.0,2.962962962962963,2.962962962962963,4.434594536029124e-06,5.1935290530380485e-06,2.5846686658238496,2.598832057572983,0.0015561301599444125,0.00018982408113202905
X+,1789636041.3429306,7.534541606903076,7.565712833002181,0.17998008980829439,-7.91682867170955e-06,0.00018956828319253332,0.18294102486058383,0.00029051872933050324,-0.0009758255565153408,0.18530436149737467,1.5332377463140535e-06,-2.0840192731474085e-06,0.16411892635045666,1.0069762995659541e-07,-2.545389664467587e-06,0.18736884154166797,-7.540741090640934e-06,7.094646467198481e-06,0.2,0.0,0.0,0.0,0.0,2.962962962962963,2.962962962962963,4.434594536029124e-06,5.1935290530380485e-06,2.5846686658238496,2.598832057572983,0.0015561301599444125,0.00018982408113202905
X+,1789636041.3741274,7.5657384395599365,7.5950147780022235,0.17998008980829439,-7.91682867170955e-06,0.00018956828319253332,0.18294102486058383,0.00029051872933050324,-0.0009758255565153408,0.18530436149737467,1.5332377463140535e-06,-2.0840192731474085e-06,0.16411892635045666,1.0069762995659541e-07,-2.545389664467587e-06,0.18736884154166797,-7.540741090640934e-06,7.094646467198481e-06,0.2,0.0,0.0,0.0,0.0,2.962962962962963,2.962962962962963,4.434594536029124e-06,5.1935290530380485e-06,2.5846686658238496,2.598832057572983,0.0015561301599444125,0.00018982408113202905
X+,1789636041.403439,7.595050096511841,7.62142848700023,0.17998008980829439,-7.91682867170955e-06,0.00018956828319253332,0.18294102486058383,0.00029051872933050324,-0.0009758255565153408,0.18530436149737467,1.5332377463140535e-06,-2.0840192731474085e-06,0.16411892635045666,1.0069762995659541e-07,-2.545389664467587e-06,0.18736884154166797,-7.540741090640934e-06,7.094646467198481e-06,0.2,0.0,0.0,0.0,0.0,2.962962962962963,2.962962962962963,4.434594536029124e-06,5.1935290530380485e-06,2.5846686658238496,2.598832057572983,0.0015561301599444125,0.00018982408113202905
X+,1789636041.4298458,7.621456861495972,7.6516961449997325,0.17998008980829439,-7.91682867170955e-06,0.00018956828319253332,0.18294102486058383,0.00029051872933050324,-0.0009758255565153408,0.18530436149737467,1.5332377463140535e-06,-2.0840192731474085e-06,0.16411892635045666,1.0069762995659541e-07,-2.545389664467587e-06,0.18736884154166797,-7.540741090640934e-06,7.094646467198481e-06,0.2,0.0,0.0,0.0,0.0,2.962962962962963,2.962962962962963,4.434594536029124e-06,5.1935290530380485e-06,2.5846686658238496,2.598832057572983,0.0015561301599444125,0.00018982408113202905
X+,1789636041.4601116,7.65172266960144,7.681589202002215,0.17998008980829439,-7.91682867170955e-06,0.00018956828319253332,0.18294102486058383,0.00029051872933050324,-0.0009758255565153408,0.18530436149737467,1.5332377463140535e-06,-2.0840192731474085e-06,0.16411892635045666,1.0069762995659541e-07,-2.545389664467587e-06,0.18736884154166797,-7.540741090640934e-06,7.094646467198481e-06,0.2,0.0,0.0,0.0,0.0,2.962962962962963,2.962962962962963,4.434594536029124e-06,5.1935290530380485e-06,2.5846686658238496,2.598832057572983,0.0015561301599444125,0.00018982408113202905
X+,1789636041.4900043,7.681615352630615,7.70941675100039,0.17998008980829439,-7.91682867170955e-06,0.00018956828319253332,0.18294102486058383,0.00029051872933050324,-0.0009758255565153408,0.18530436149737467,1.5332377463140535e-06,-2.0840192731474085e-06,0.16411892635045666,1.0069762995659541e-07,-2.545389664467587e-06,0.18736884154166797,-7.540741090640934e-06,7.094646467198481e-06,0.2,0.0,0.0,0.0,0.0,2.962962962962963,2.962962962962963,4.434594536029124e-06,5.1935290530380485e-06,2.5846686658238496,2.598832057572983,0.0015561301599444125,0.00018982408113202905
X+,1789636041.5178306,7.709441661834717,7.738643747001333,0.17998008980829439,-7.91682867170955e-06,0.00018956828319253332,0.18294102486058383,0.00029051872933050324,-0.0009758255565153408,0.18530436149737467,1.5332377463140535e-06,-2.0840192731474085e-06,0.16411892635045666,1.0069762995659541e-07,-2.545389664467587e-06,0.18736884154166797,-7.540741090640934e-06,7.094646467198481e-06,0.2,0.0,0.0,0.0,0.0,2.962962962962963,2.962962962962963,4.434594536029124e-06,5.1935290530380485e-06,2.5846686658238496,2.598832057572983,0.0015561301599444125,0.00018982408113202905
X+,1789636041.5470572,7.738668203353882,7.770797102999495,0.17998008980829439,-7.91682867170955e-06,0.00018956828319253332,0.18294102486058383,0.00029051872933050324,-0.0009758255565153408,0.18530436149737467,1.5332377463140535e-06,-2.0840192731474085e-06,0.16411892635045666,1.0069762995659541e-07,-2.545389664467587e-06,0.18736884154166797,-7.540741090640934e-06,7.094646467198481e-06,0.2,0.0,0.0,0.0,0.0,2.962962962962963,2.962962962962963,4.434594536029124e-06,5.1935290530380485e-06,2.5846686658238496,2.598832057572983,0.0015561301599444125,0.00018982408113202905
X+,1789636041.5792127,7.77082371711731,7.798996877001628,0.17998008980829439,-7.91682867170955e-06,0.00018956828319253332,0.18294102486058383,0.00029051872933050324,-0.0009758255565153408,0.18530436149737467,1.5332377463140535e-06,-2.0840192731474085e-06,0.16411892635045666,1.0069762995659541e-07,-2.545389664467587e-06,0.18736884154166797,-7.540741090640934e-06,7.094646467198481e-06,0.2,0.0,0.0,0.0,0.0,2.962962962962963,2.962962962962963,4.434594536029124e-06,5.1935290530380485e-06,2.5846686658238496,2.598832057572983,0.0015561301599444125,0.00018982408113202905
X+,1789636041.6074102,7.799021244049072,7.825045123001473,0.17998008980829439,-7.91682867170955e-06,0.00018956828319253332,0.18294102486058383,0.00029051872933050324,-0.0009758255565153408,0.18530436149737467,1.5332377463140535e-06,-2.0840192731474085e-06,0.16411892635045666,1.0069762995659541e-07,-2.545389664467587e-06,0.18736884154166797,-7.540741090640934e-06,7.094646467198481e-06,0.2,0.0,0.0,0.0,0.0,2.962962962962963,2.962962962962963,4.434594536029124e-06,5.1935290530380485e-06,2.5846686658238496,2.598832057572983,0.0015561301599444125,0.00018982408113202905
X+,1789636041.6334593,7.825070381164551,7.852821404001588,0.17998008980829439,-7.91682867170955e-06,0.00018956828319253332,0.18294102486058383,0.00029051872933050324,-0.0009758255565153408,0.18530436149737467,1.5332377463140535e-06,-2.0840192731474085e-06,0.16411892635045666,1.0069762995659541e-07,-2.545389664467587e-06,0.18736884154166797,-7.540741090640934e-06,7.094646467198481e-06,0.2,0.0,0.0,0.0,0.0,2.962962962962963,2.962962962962963,4.434594536029124e-06,5.1935290530380485e-06,2.5846686658238496,2.598832057572983,0.0015561301599444125,0.00018982408113202905
X+,1789636041.6612346,7.852845668792725,7.87964155300142,0.17998008980829439,-7.91682867170955e-06,0.00018956828319253332,0.18294102486058383,0.00029051872933050324,-0.0009758255565153408,0.18530436149737467,1.5332377463140535e-06,-2.0840192731474085e-06,0.16411892635045666,1.0069762995659541e-07,-2.545389664467587e-06,0.18736884154166797,-7.540741090640934e-06,7.094646467198481e-06,0.2,0.0,0.0,0.0,0.0,2.962962962962963,2.962962962962963,4.434594536029124e-06,5.1935290530380485e-06,2.5846686658238496,2.598832057572983,0.0015561301599444125,0.00018982408113202905
X+,1789636041.6880538,7.879664897918701,7.910628256002383,0.17998008980829439,-7.91682867170955e-06,0.00018956828319253332,0.18294102486058383,0.00029051872933050324,-0.0009758255565153408,0.18530436149737467,1.5332377463140535e-06,-2.0840192731474085e-06,0.16411892635045666,1.0069762995659541e-07,-2.545389664467587e-06,0.18736884154166797,-7.540741090640934e-06,7.094646467198481e-06,0.2,0.0,0.0,0.0,0.0,2.962962962962963,2.962962962962963,4.434594536029124e-06,5.1935290530380485e-06,2.5846686658238496,2.598832057572983,0.0015561301599444125,0.00018982408113202905
X+,1789636041.7190456,7.910656690597534,7.939950693002174,0.18180906266964458,-7.649864670918397e-06,0.00018914285007451214,0.18262734654878962,0.00028982918523476055,-0.0009779526528664246,0.18530436149737467,1.5332377463140535e-06,-2.0840192731474085e-06,0.16411892635045666,1.0069762995659541e-07,-2.545389664467587e-06,0.18736884154166797,-7.540741090640934e-06,7.094646467198481e-06,0.2,0.0,0.0,0.0,0.0,2.962962962962963,2.962962962962963,-6.318192816934243e-06,5.176112352067719e-06,2.589250831031016,2.602406837997628,-0.0014813592169045796,0.00018939885114538976
X+,1789636041.7483604,7.939971446990967,7.9754589250005665,0.18472872928243003,-7.221790795022311e-06,0.00018846820548075065,0.18209322951860224,0.0002889512055308318,-0.0009799665420181217,0.18530436149737467,1.5332377463140535e-06,-2.0840192731474085e-06,0.16411892635045666,1.0069762995659541e-07,-2.545389664467587e-06,0.18736884154166797,-7.540741090640934e-06,7.094646467198481e-06,0.2,0.0,0.0,0.0,0.0,2.962962962962963,2.962962962962963,-5.479748034886711e-06,5.142937697044658e-06,2.597114476218319,2.608350061957407,-0.001855193399358471,0.00018850916326662633
X+,1789636041.783877,7.975487947463989,8.011026572999981,0.18836595639491446,-6.6837290434735436e-06,0.00018764003736302973,0.18137874774695706,0.0002884422555152263,-0.0009797391598792738,0.18530436149737467,1.5332377463140535e-06,-2.0840192731474085e-06,0.16411892635045666,1.0069762995659541e-07,-2.545389664467587e-06,0.18736884154166797,-7.540741090640934e-06,7.094646467198481e-06,0.2,0.0,0.0,0.0,0.0,2.962962962962963,2.962962962962963,-4.685016508965134e-06,5.111588366801811e-06,2.603515940417072,2.612936407696122,-0.0006137987314670754,0.0001876819822518059
