case,sim_time,elapsed_sim_time,elapsed_wall_time,cmd_publish_gap_sim,gt_x,gt_y,gt_yaw,gt_vx_world,gt_vy_world,gt_wz,odom_x,odom_y,odom_yaw,odom_vx,odom_vy,odom_wz,local_x,local_y,local_yaw,cmd_x,cmd_y,cmd_yaw,steer_cmd_front,steer_cmd_rear,drive_cmd_front,drive_cmd_rear,steer_pos_front,steer_pos_rear,wheel_vel_front,wheel_vel_rear,imu_wz,imu_yaw
Y-,3.5,0.0,0.03223093899941887,,1.879945159748847e-06,-4.615487547276337e-08,6.786415071062439e-05,-0.000219748577650664,7.620527345275886e-05,-0.00021703141959035176,-0.00026588463681170155,-1.1522228098428562e-09,1.5345714291399063e-10,-0.00022164739567870942,-9.434688778467852e-10,1.2983286046591222e-10,-5.0531100405355696e-05,-4.186678854223259e-08,-0.00018198608903929889,0.0,-0.2,0.0,0.0,0.0,0.0,0.0,4.1453311121486536e-06,4.356166007468687e-06,-0.003422000913748513,-0.003537410892004343,-0.0008490234192084066,6.786225176300113e-05
Y-,3.5,0.0,0.06062321699937456,0.0,1.879945159748847e-06,-4.615487547276337e-08,6.786415071062439e-05,-0.000219748577650664,7.620527345275886e-05,-0.00021703141959035176,-0.00026588463681170155,-1.1522228098428562e-09,1.5345714291399063e-10,-0.00022164739567870942,-9.434688778467852e-10,1.2983286046591222e-10,-5.0531100405355696e-05,-4.186678854223259e-08,-0.00018198608903929889,0.0,-0.2,0.0,0.0,0.0,0.0,0.0,4.1453311121486536e-06,4.356166007468687e-06,-0.003422000913748513,-0.003537410892004343,-0.0008490234192084066,6.786225176300113e-05
Y-,3.5,0.0,0.09342881500197109,0.0,1.879945159748847e-06,-4.615487547276337e-08,6.786415071062439e-05,-0.000219748577650664,7.620527345275886e-05,-0.00021703141959035176,-0.00026588463681170155,-1.1522228098428562e-09,1.5345714291399063e-10,-0.00022164739567870942,-9.434688778467852e-10,1.2983286046591222e-10,-5.0531100405355696e-05,-4.186678854223259e-08,-0.00018198608903929889,0.0,-0.2,0.0,0.0,0.0,0.0,0.0,4.1453311121486536e-06,4.356166007468687e-06,-0.003422000913748513,-0.003537410892004343,-0.0008490234192084066,6.786225176300113e-05
Y-,3.5,0.0,0.12077907400089316,0.0,1.879945159748847e-06,-4.615487547276337e-08,6.786415071062439e-05,-0.000219748577650664,7.620527345275886e-05,-0.00021703141959035176,-0.00026588463681170155,-1.1522228098428562e-09,1.5345714291399063e-10,-0.00022164739567870942,-9.434688778467852e-10,1.2983286046591222e-10,-5.0531100405355696e-05,-4.186678854223259e-08,-0.00018198608903929889,0.0,-0.2,0.0,0.0,0.0,0.0,0.0,4.1453311121486536e-06,4.356166007468687e-06,-0.003422000913748513,-0.003537410892004343,-0.0008490234192084066,6.786225176300113e-05
Y-,3.5,0.0,0.15034335600284976,0.0,1.879945159748847e-06,-4.615487547276337e-08,6.786415071062439e-05,-0.000219748577650664,7.620527345275886e-05,-0.00021703141959035176,-0.00026588463681170155,-1.1522228098428562e-09,1.5345714291399063e-10,-0.00022164739567870942,-9.434688778467852e-10,1.2983286046591222e-10,-5.0531100405355696e-05,-4.186678854223259e-08,-0.00018198608903929889,0.0,-0.2,0.0,0.0,0.0,0.0,0.0,4.1453311121486536e-06,4.356166007468687e-06,-0.003422000913748513,-0.003537410892004343,-0.0008490234192084066,6.786225176300113e-05
Y-,3.5,0.0,0.17790133900052751,0.0,1.879945159748847e-06,-4.615487547276337e-08,6.786415071062439e-05,-0.000219748577650664,7.620527345275886e-05,-0.00021703141959035176,-0.00026588463681170155,-1.1522228098428562e-09,1.5345714291399063e-10,-0.00022164739567870942,-9.434688778467852e-10,1.2983286046591222e-10,-5.0531100405355696e-05,-4.186678854223259e-08,-0.00018198608903929889,0.0,-0.2,0.0,0.0,0.0,0.0,0.0,4.1453311121486536e-06,4.356166007468687e-06,-0.003422000913748513,-0.003537410892004343,-0.0008490234192084066,6.786225176300113e-05
Y-,3.5,0.0,0.20228728400252294,0.0,1.879945159748847e-06,-4.615487547276337e-08,6.786415071062439e-05,-0.000219748577650664,7.620527345275886e-05,-0.00021703141959035176,-0.00026588463681170155,-1.1522228098428562e-09,1.5345714291399063e-10,-0.00022164739567870942,-9.434688778467852e-10,1.2983286046591222e-10,-5.0531100405355696e-05,-4.186678854223259e-08,-0.00018198608903929889,0.0,-0.2,0.0,0.0,0.0,0.0,0.0,4.1453311121486536e-06,4.356166007468687e-06,-0.003422000913748513,-0.003537410892004343,-0.0008490234192084066,6.786225176300113e-05
Y-,3.5,0.0,0.22628748799979803,0.0,1.879945159748847e-06,-4.615487547276337e-08,6.786415071062439e-05,-0.000219748577650664,7.620527345275886e-05,-0.00021703141959035176,-0.00026588463681170155,-1.1522228098428562e-09,1.5345714291399063e-10,-0.00022164739567870942,-9.434688778467852e-10,1.2983286046591222e-10,-5.0531100405355696e-05,-4.186678854223259e-08,-0.00018198608903929889,0.0,-0.2,0.0,0.0,0.0,0.0,0.0,4.1453311121486536e-06,4.356166007468687e-06,-0.003422000913748513,-0.003537410892004343,-0.0008490234192084066,6.786225176300113e-05
Y-,3.5,0.0,0.25951911700030905,0.0,1.880087485760934e-06,-4.620388353946542e-08,6.786478399230174e-05,-0.00021974815994516724,7.620210225717994e-05,-0.00021702609053974228,-0.00026588463681170155,-1.1522228098428562e-09,1.5345714291399063e-10,-0.00022164739567870942,-9.434688778467852e-10,1.2983286046591222e-10,-5.0531100405355696e-05,-4.186678854223259e-08,-0.00018198608903929889,0.0,-0.2,0.0,0.0,0.0,0.0,0.0,4.1453311121486536e-06,4.356166007468687e-06,-0.003422000913748513,-0.003537410892004343,-0.0008490234192084066,6.786225176300113e-05
Y-,3.5,0.0,0.29213656300271396,0.0,1.8815187820542256e-06,-4.6697642113423254e-08,6.787112375123502e-05,-0.00021974410388328497,7.617127764682098e-05,-0.0002169738637423862,-0.00026588463681170155,-1.1522228098428562e-09,1.5345714291399063e-10,-0.00022164739567870942,-9.434688778467852e-10,1.2983286046591222e-10,-5.0531100405355696e-05,-4.186678854223259e-08,-0.00018198608903929889,0.0,-0.2,0.0,0.0,0.0,0.0,0.0,4.142483177815848e-06,4.353524865052805e-06,-0.0034221648279004003,-0.0035376673529613394,0.0022698843600034,6.786858653509513e-05
Y-,3.5,0.0,0.3182360630016774,0.0,1.8829561423440444e-06,-4.719463222915138e-08,6.787747041891503e-05,-0.0002197403090922978,7.613840473462239e-05,-0.00021691648835214247,-0.00026588463681170155,-1.1522228098428562e-09,1.5345714291399063e-10,-0.00022164739567870942,-9.434688778467852e-10,1.2983286046591222e-10,-5.0531100405355696e-05,-4.186678854223259e-08,-0.00018198608903929889,0.0,-0.2,0.0,0.0,0.0,0.0,0.0,4.1396371557311795e-06,4.350886998238934e-06,-0.003422341987975691,-0.003537928939445746,0.00021212796511091558,6.787842602855162e-05
Y-,3.5,0.0,0.350750859000982,0.0,1.884329118066741e-06,-4.769105076476987e-08,6.788353713749194e-05,-0.00021973688614664638,7.610252956951423e-05,-0.00021684829611705496,-0.00026588463681170155,-1.1522228098428562e-09,1.5345714291399063e-10,-0.00022164739567870942,-9.434688778467852e-10,1.2983286046591222e-10,-5.0531100405355696e-05,-4.186678854223259e-08,-0.00018198608903929889,0.0,-0.2,0.0,0.0,0.0,0.0,0.0,4.136790705544513e-06,4.348260882913735e-06,-0.0034225206087199686,-0.0035381817521201245,0.00175844912608898,6.7882578705899e-05
Y-,3.5,0.0,0.39164277000236325,0.0,1.8859935761832147e-06,-4.8297560488290425e-08,6.789089021397193e-05,-0.00021973338532712438,7.606061856225608e-05,-0.00021676882238326952,-0.0002880551725812877,-1.2462939666751396e-09,1.6648306236587036e-10,-0.00022170535769586188,-9.406775460520724e-10,1.302591945187974e-10,-2.6877995947770564e-05,-4.739743871142592e-08,0.0001229351116300848,0.0,-0.2,0.0,0.20020000000000016,0.20020000000000016,-1.001,-1.001,4.132523337752048e-06,4.344331744121632e-06,-0.003422814222317331,-0.003538585601478088,-0.0007018247940539469,6.788929175115663e-05
Y-,3.6,0.10000000000000009,0.4231302640000649,0.10000000000000009,-8.93736078836499e-06,-1.5510532259382231e-06,7.022830433446486e-05,-0.0027442544710626175,-0.00023041552627076157,9.200030785346799e-05,-0.0002880551725812877,-1.2462939666751396e-09,1.6648306236587036e-10,-0.00022170535769586188,-9.406775460520724e-10,1.302591945187974e-10,-2.6877995947770564e-05,-4.739743871142592e-08,0.0001229351116300848,0.0,-0.2,0.0,0.20020000000000016,0.20020000000000016,-1.001,-1.001,4.132523337752048e-06,4.344331744121632e-06,-0.003422814222317331,-0.003538585601478088,0.004181714635156358,6.794161434469845e-05
Y-,3.6,0.10000000000000009,0.4525763370002096,0.0,-8.93736078836499e-06,-1.5510532259382231e-06,7.022830433446486e-05,-0.0027442544710626175,-0.00023041552627076157,9.200030785346799e-05,-0.0002880551725812877,-1.2462939666751396e-09,1.6648306236587036e-10,-0.00022170535769586188,-9.406775460520724e-10,1.302591945187974e-10,-2.6877995947770564e-05,-4.739743871142592e-08,0.0001229351116300848,0.0,-0.2,0.0,0.20020000000000016,0.20020000000000016,-1.001,-1.001,4.132523337752048e-06,4.344331744121632e-06,-0.003422814222317331,-0.003538585601478088,0.004181714635156358,6.794161434469845e-05
Y-,3.6,0.10000000000000009,0.4791852939997625,0.0,-8.93736078836499e-06,-1.5510532259382231e-06,7.022830433446486e-05,-0.0027442544710626175,-0.00023041552627076157,9.200030785346799e-05,-0.0002880551725812877,-1.2462939666751396e-09,1.6648306236587036e-10,-0.00022170535769586188,-9.406775460520724e-10,1.302591945187974e-10,-2.6877995947770564e-05,-4.739743871142592e-08,0.0001229351116300848,0.0,-0.2,0.0,0.20020000000000016,0.20020000000000016,-1.001,-1.001,4.132523337752048e-06,4.344331744121632e-06,-0.003422814222317331,-0.003538585601478088,0.004181714635156358,6.794161434469845e-05
Y-,3.6,0.10000000000000009,0.5090389090000826,0.0,-8.93736078836499e-06,-1.5510532259382231e-06,7.022830433446486e-05,-0.0027442544710626175,-0.00023041552627076157,9.200030785346799e-05,-0.0002880551725812877,-1.2462939666751396e-09,1.6648306236587036e-10,-0.00022170535769586188,-9.406775460520724e-10,1.302591945187974e-10,-2.6877995947770564e-05,-4.739743871142592e-08,0.0001229351116300848,0.0,-0.2,0.0,0.20020000000000016,0.20020000000000016,-1.001,-1.001,4.132523337752048e-06,4.344331744121632e-06,-0.003422814222317331,-0.003538585601478088,0.004181714635156358,6.794161434469845e-05
Y-,3.6,0.10000000000000009,0.5362730970009579,0.0,-8.93736078836499e-06,-1.5510532259382231e-06,7.022830433446486e-05,-0.0027442544710626175,-0.00023041552627076157,9.200030785346799e-05,-0.0002880551725812877,-1.2462939666751396e-09,1.6648306236587036e-10,-0.00022170535769586188,-9.406775460520724e-10,1.302591945187974e-10,-2.6877995947770564e-05,-4.739743871142592e-08,0.0001229351116300848,0.0,-0.2,0.0,0.20020000000000016,0.20020000000000016,-1.001,-1.001,4.132523337752048e-06,4.344331744121632e-06,-0.003422814222317331,-0.003538585601478088,0.004181714635156358,6.794161434469845e-05
Y-,3.6,0.10000000000000009,0.5604262050001125,0.0,-8.93736078836499e-06,-1.5510532259382231e-06,7.022830433446486e-05,-0.0027442544710626175,-0.00023041552627076157,9.200030785346799e-05,-0.0002880551725812877,-1.2462939666751396e-09,1.6648306236587036e-10,-0.00022170535769586188,-9.406775460520724e-10,1.302591945187974e-10,-2.6877995947770564e-05,-4.739743871142592e-08,0.0001229351116300848,0.0,-0.2,0.0,0.20020000000000016,0.20020000000000016,-1.001,-1.001,4.132523337752048e-06,4.344331744121632e-06,-0.003422814222317331,-0.003538585601478088,0.004181714635156358,6.794161434469845e-05
Y-,3.6,0.10000000000000009,0.5877171579995775,0.0,-8.93736078836499e-06,-1.5510532259382231e-06,7.022830433446486e-05,-0.0027442544710626175,-0.00023041552627076157,9.200030785346799e-05,-0.0002880551725812877,-1.2462939666751396e-09,1.6648306236587036e-10,-0.00022170535769586188,-9.406775460520724e-10,1.302591945187974e-10,-2.6877995947770564e-05,-4.739743871142592e-08,0.0001229351116300848,0.0,-0.2,0.0,0.20020000000000016,0.20020000000000016,-1.001,-1.001,4.132523337752048e-06,4.344331744121632e-06,-0.003422814222317331,-0.003538585601478088,0.004181714635156358,6.794161434469845e-05
Y-,3.6,0.10000000000000009,0.615675443001237,0.0,-8.93736078836499e-06,-1.5510532259382231e-06,7.022830433446486e-05,-0.0027442544710626175,-0.00023041552627076157,9.200030785346799e-05,-0.0002880551725812877,-1.2462939666751396e-09,1.6648306236587036e-10,-0.00022170535769586188,-9.406775460520724e-10,1.302591945187974e-10,-2.6877995947770564e-05,-4.739743871142592e-08,0.0001229351116300848,0.0,-0.2,0.0,0.20020000000000016,0.20020000000000016,-1.001,-1.001,4.132523337752048e-06,4.344331744121632e-06,-0.003422814222317331,-0.003538585601478088,0.004181714635156358,6.794161434469845e-05
Y-,3.6,0.10000000000000009,0.6413154460024089,0.0,-8.93736078836499e-06,-1.5510532259382231e-06,7.022830433446486e-05,-0.0027442544710626175,-0.00023041552627076157,9.200030785346799e-05,-0.0002880551725812877,-1.2462939666751396e-09,1.6648306236587036e-10,-0.00022170535769586188,-9.406775460520724e-10,1.302591945187974e-10,-2.6877995947770564e-05,-4.739743871142592e-08,0.0001229351116300848,0.0,-0.2,0.0,0.20020000000000016,0.20020000000000016,-1.001,-1.001,4.132523337752048e-06,4.344331744121632e-06,-0.003422814222317331,-0.003538585601478088,0.004181714635156358,6.794161434469845e-05
Y-,3.6,0.10000000000000009,0.6677442130021518,0.0,-8.93736078836499e-06,-1.5510532259382231e-06,7.022830433446486e-05,-0.0027442544710626175,-0.00023041552627076157,9.200030785346799e-05,-0.0002880551725812877,-1.2462939666751396e-09,1.6648306236587036e-10,-0.00022170535769586188,-9.406775460520724e-10,1.302591945187974e-10,-2.6877995947770564e-05,-4.739743871142592e-08,0.0001229351116300848,0.0,-0.2,0.0,0.20020000000000016,0.20020000000000016,-1.001,-1.001,4.132523337752048e-06,4.344331744121632e-06,-0.003422814222317331,-0.003538585601478088,0.004181714635156358,6.794161434469845e-05
Y-,3.6,0.10000000000000009,0.6959204760023567,0.0,-8.93736078836499e-06,-1.5510532259382231e-06,7.022830433446486e-05,-0.0027442544710626175,-0.00023041552627076157,9.200030785346799e-05,-0.0002880551725812877,-1.2462939666751396e-09,1.6648306236587036e-10,-0.00022170535769586188,-9.406775460520724e-10,1.302591945187974e-10,-2.6877995947770564e-05,-4.739743871142592e-08,0.0001229351116300848,0.0,-0.2,0.0,0.20020000000000016,0.20020000000000016,-1.001,-1.001,4.132523337752048e-06,4.344331744121632e-06,-0.003422814222317331,-0.003538585601478088,0.004181714635156358,6.794161434469845e-05
Y-,3.6,0.10000000000000009,0.7246005580018391,0.0,-8.93736078836499e-06,-1.5510532259382231e-06,7.022830433446486e-05,-0.0027442544710626175,-0.00023041552627076157,9.200030785346799e-05,-0.0002880551725812877,-1.2462939666751396e-09,1.6648306236587036e-10,-0.00022170535769586188,-9.406775460520724e-10,1.302591945187974e-10,-2.6877995947770564e-05,-4.739743871142592e-08,0.0001229351116300848,0.0,-0.2,0.0,0.20020000000000016,0.20020000000000016,-1.001,-1.001,4.132523337752048e-06,4.344331744121632e-06,-0.003422814222317331,-0.003538585601478088,0.004181714635156358,6.794161434469845e-05
Y-,3.6,0.10000000000000009,0.750888524002221,0.0,-4.116987915885745e-05,-6.673115247600968e-06,7.59963490779281e-05,-0.0050499773132786085,-0.0008479266236360953,-0.0002716010429023955,-0.0002880551725812877,-1.2462939666751396e-09,1.6648306236587036e-10,-0.00022170535769586188,-9.406775460520724e-10,1.302591945187974e-10,-2.6877995947770564e-05,-4.739743871142592e-08,0.0001229351116300848,0.0,-0.2,0.0,0.20020000000000016,0.20020000000000016,-1.001,-1.001,0.2001925762847261,0.20018225732776518,-0.04809249134977544,-0.06161737134016491,0.0024392270078026504,7.188433976115238e-05
Y-,3.6,0.10000000000000009,0.7811154650007666,0.0,-0.00022320202213264861,-4.38531625184934e-05,7.501855619743132e-05,-0.010648756477227213,-0.0021099004114015297,-0.0009747127975530931,-0.0002880551725812877,-1.2462939666751396e-09,1.6648306236587036e-10,-0.00022170535769586188,-9.406775460520724e-10,1.302591945187974e-10,-2.6877995947770564e-05,-4.739743871142592e-08,0.0001229351116300848,0.0,-0.2,0.0,0.20020000000000016,0.20020000000000016,-1.001,-1.001,0.20019466349245452,0.20018652751636878,-0.15939998733874508,-0.16508445559308774,-0.0002087593188391855,7.498763615205342e-05
Y-,3.6,0.10000000000000009,0.8042547270015348,0.0,-0.00038825240238744493,-7.73978399056267e-05,7.523542220758955e-05,-0.01356332544654632,-0.0026820575408638522,-0.0009192276846459927,-0.0002880551725812877,-1.2462939666751396e-09,1.6648306236587036e-10,-0.00022170535769586188,-9.406775460520724e-10,1.302591945187974e-10,-2.6877995947770564e-05,-4.739743871142592e-08,0.0001229351116300848,0.0,-0.2,0.0,0.20020000000000016,0.20020000000000016,-1.001,-1.001,0.2001949286236906,0.2001871881416175,-0.19181288255378356,-0.1972351647919771,-0.0021415943647090816,7.520477807503659e-05
Y-,3.6,0.10000000000000009,0.834754031002376,0.0,-0.0006571131697578614,-0.00013198440998794976,7.500451049356069e-05,-0.01693916488627382,-0.003372057222690403,-0.0009503858672814319,-0.0002880551725812877,-1.2462939666751396e-09,1.6648306236587036e-10,-0.00022170535769586188,-9.406775460520724e-10,1.302591945187974e-10,-2.6877995947770564e-05,-4.739743871142592e-08,0.0001229351116300848,0.0,-0.2,0.0,0.20020000000000016,0.20020000000000016,-1.001,-1.001,0.20019546138184285,0.20018837153529923,-0.2512510488060542,-0.25587957195654326,-0.00206278200582258,7.497203732416466e-05
Y-,3.6,0.10000000000000009,0.8691374129994074,0.0,-0.0010426688411067017,-0.0002103116904071719,7.477940850630455e-05,-0.020412295204428003,-0.004075391005287574,-0.0009423754587501627,-0.0021976945223334513,-0.0003874872787730059,8.411845876446659e-06,-0.019096393498166733,-0.0038748603216111665,8.411679393384294e-05,-5.0868969984989494e-05,-5.456154326226809e-08,9.89635046426685e-05,0.0,-0.2,0.0,0.4004000000000003,0.4004000000000003,-2.002,-2.002,0.20019589882726496,0.2001893909410093,-0.3038983256840964,-0.3078929865129102,0.00155214901734737,7.477940850630455e-05
Y-,3.7,0.20000000000000018,0.9055130270025984,0.10000000000000009,-0.001366419259925561,-0.0003161538977421276,7.761666711236845e-05,-0.024067142932328565,-0.011030702631436087,-0.0005068664123075905,-0.0021976945223334513,-0.0003874872787730059,8.411845876446659e-06,-0.019096393498166733,-0.0038748603216111665,8.411679393384294e-05,-5.0868969984989494e-05,-5.456154326226809e-08,9.89635046426685e-05,0.0,-0.2,0.0,0.4004000000000003,0.4004000000000003,-2.002,-2.002,0.40038673144917514,0.4003710089260979,-0.40725817314090473,-0.4246533181716245,0.001988326822369188,7.64760902364196e-05
Y-,3.7,0.20000000000000018,0.939542457999778,0.0,-0.001366419259925561,-0.0003161538977421276,7.761666711236845e-05,-0.024067142932328565,-0.011030702631436087,-0.0005068664123075905,-0.0021976945223334513,-0.0003874872787730059,8.411845876446659e-06,-0.019096393498166733,-0.0038748603216111665,8.411679393384294e-05,-5.0868969984989494e-05,-5.456154326226809e-08,9.89635046426685e-05,0.0,-0.2,0.0,0.4004000000000003,0.4004000000000003,-2.002,-2.002,0.40038673144917514,0.4003710089260979,-0.40725817314090473,-0.4246533181716245,0.001988326822369188,7.64760902364196e-05
Y-,3.7,0.20000000000000018,0.967292040000757,0.0,-0.001366419259925561,-0.0003161538977421276,7.761666711236845e-05,-0.024067142932328565,-0.011030702631436087,-0.0005068664123075905,-0.0021976945223334513,-0.0003874872787730059,8.411845876446659e-06,-0.019096393498166733,-0.0038748603216111665,8.411679393384294e-05,-5.0868969984989494e-05,-5.456154326226809e-08,9.89635046426685e-05,0.0,-0.2,0.0,0.4004000000000003,0.4004000000000003,-2.002,-2.002,0.40038673144917514,0.4003710089260979,-0.40725817314090473,-0.4246533181716245,0.001988326822369188,7.64760902364196e-05
Y-,3.7,0.20000000000000018,0.9928991810011212,0.0,-0.001366419259925561,-0.0003161538977421276,7.761666711236845e-05,-0.024067142932328565,-0.011030702631436087,-0.0005068664123075905,-0.0021976945223334513,-0.0003874872787730059,8.411845876446659e-06,-0.019096393498166733,-0.0038748603216111665,8.411679393384294e-05,-5.0868969984989494e-05,-5.456154326226809e-08,9.89635046426685e-05,0.0,-0.2,0.0,0.4004000000000003,0.4004000000000003,-2.002,-2.002,0.40038673144917514,0.4003710089260979,-0.40725817314090473,-0.4246533181716245,0.001988326822369188,7.64760902364196e-05
Y-,3.7,0.20000000000000018,1.0250903310006834,0.0,-0.001366419259925561,-0.0003161538977421276,7.761666711236845e-05,-0.024067142932328565,-0.011030702631436087,-0.0005068664123075905,-0.0021976945223334513,-0.0003874872787730059,8.411845876446659e-06,-0.019096393498166733,-0.0038748603216111665,8.411679393384294e-05,-5.0868969984989494e-05,-5.456154326226809e-08,9.89635046426685e-05,0.0,-0.2,0.0,0.4004000000000003,0.4004000000000003,-2.002,-2.002,0.40038673144917514,0.4003710089260979,-0.40725817314090473,-0.4246533181716245,0.001988326822369188,7.64760902364196e-05
Y-,3.7,0.20000000000000018,1.0585545009998896,0.0,-0.001366419259925561,-0.0003161538977421276,7.761666711236845e-05,-0.024067142932328565,-0.011030702631436087,-0.0005068664123075905,-0.0021976945223334513,-0.0003874872787730059,8.411845876446659e-06,-0.019096393498166733,-0.0038748603216111665,8.411679393384294e-05,-5.0868969984989494e-05,-5.456154326226809e-08,9.89635046426685e-05,0.0,-0.2,0.0,0.4004000000000003,0.4004000000000003,-2.002,-2.002,0.40038673144917514,0.4003710089260979,-0.40725817314090473,-0.4246533181716245,0.001988326822369188,7.64760902364196e-05
Y-,3.7,0.20000000000000018,1.097103744999913,0.0,-0.001366419259925561,-0.0003161538977421276,7.761666711236845e-05,-0.024067142932328565,-0.011030702631436087,-0.0005068664123075905,-0.0021976945223334513,-0.0003874872787730059,8.411845876446659e-06,-0.019096393498166733,-0.0038748603216111665,8.411679393384294e-05,-5.0868969984989494e-05,-5.456154326226809e-08,9.89635046426685e-05,0.0,-0.2,0.0,0.4004000000000003,0.4004000000000003,-2.002,-2.002,0.40038673144917514,0.4003710089260979,-0.40725817314090473,-0.4246533181716245,0.001988326822369188,7.64760902364196e-05
Y-,3.7,0.20000000000000018,1.1271293540012266,0.0,-0.001366419259925561,-0.0003161538977421276,7.761666711236845e-05,-0.024067142932328565,-0.011030702631436087,-0.0005068664123075905,-0.0021976945223334513,-0.0003874872787730059,8.411845876446659e-06,-0.019096393498166733,-0.0038748603216111665,8.411679393384294e-05,-5.0868969984989494e-05,-5.456154326226809e-08,9.89635046426685e-05,0.0,-0.2,0.0,0.4004000000000003,0.4004000000000003,-2.002,-2.002,0.40038673144917514,0.4003710089260979,-0.40725817314090473,-0.4246533181716245,0.001988326822369188,7.64760902364196e-05
Y-,3.7,0.20000000000000018,1.1572011999996903,0.0,-0.001366419259925561,-0.0003161538977421276,7.761666711236845e-05,-0.024067142932328565,-0.011030702631436087,-0.0005068664123075905,-0.0021976945223334513,-0.0003874872787730059,8.411845876446659e-06,-0.019096393498166733,-0.0038748603216111665,8.411679393384294e-05,-5.0868969984989494e-05,-5.456154326226809e-08,9.89635046426685e-05,0.0,-0.2,0.0,0.4004000000000003,0.4004000000000003,-2.002,-2.002,0.40038673144917514,0.4003710089260979,-0.40725817314090473,-0.4246533181716245,0.001988326822369188,7.64760902364196e-05
Y-,3.7,0.20000000000000018,1.182515633001458,0.0,-0.001366419259925561,-0.0003161538977421276,7.761666711236845e-05,-0.024067142932328565,-0.011030702631436087,-0.0005068664123075905,-0.0021976945223334513,-0.0003874872787730059,8.411845876446659e-06,-0.019096393498166733,-0.0038748603216111665,8.411679393384294e-05,-5.0868969984989494e-05,-5.456154326226809e-08,9.89635046426685e-05,0.0,-0.2,0.0,0.4004000000000003,0.4004000000000003,-2.002,-2.002,0.40038673144917514,0.4003710089260979,-0.40725817314090473,-0.4246533181716245,0.001988326822369188,7.64760902364196e-05
Y-,3.7,0.20000000000000018,1.209299293001095,0.0,-0.001366419259925561,-0.0003161538977421276,7.761666711236845e-05,-0.024067142932328565,-0.011030702631436087,-0.0005068664123075905,-0.0021976945223334513,-0.0003874872787730059,8.411845876446659e-06,-0.019096393498166733,-0.0038748603216111665,8.411679393384294e-05,-5.0868969984989494e-05,-5.456154326226809e-08,9.89635046426685e-05,0.0,-0.2,0.0,0.4004000000000003,0.4004000000000003,-2.002,-2.002,0.40038673144917514,0.4003710089260979,-0.40725817314090473,-0.4246533181716245,0.001988326822369188,7.64760902364196e-05
Y-,3.7,0.20000000000000018,1.2397789349997765,0.0,-0.001366419259925561,-0.0003161538977421276,7.761666711236845e-05,-0.024067142932328565,-0.011030702631436087,-0.0005068664123075905,-0.0021976945223334513,-0.0003874872787730059,8.411845876446659e-06,-0.019096393498166733,-0.0038748603216111665,8.411679393384294e-05,-5.0868969984989494e-05,-5.456154326226809e-08,9.89635046426685e-05,0.0,-0.2,0.0,0.4004000000000003,0.4004000000000003,-2.002,-2.002,0.40038673144917514,0.4003710089260979,-0.40725817314090473,-0.4246533181716245,0.001988326822369188,7.64760902364196e-05
Y-,3.7,0.20000000000000018,1.26687155000036,0.0,-0.0014652094874262264,-0.0003612479584001408,7.89412922358416e-05,-0.025756528201270508,-0.011935247256090725,-0.0005904805584740744,-0.0021976945223334513,-0.0003874872787730059,8.411845876446659e-06,-0.019096393498166733,-0.0038748603216111665,8.411679393384294e-05,-5.0868969984989494e-05,-5.456154326226809e-08,9.89635046426685e-05,0.0,-0.2,0.0,0.4004000000000003,0.4004000000000003,-2.002,-2.002,0.40038673144917514,0.4003710089260979,-0.40725817314090473,-0.4246533181716245,0.001988326822369188,7.64760902364196e-05
Y-,3.7,0.20000000000000018,1.2944436600009794,0.0,-0.002066916361057332,-0.0006232698285368321,7.927302333662232e-05,-0.03462975287723221,-0.014419698357811794,-0.0009888060571753225,-0.0021976945223334513,-0.0003874872787730059,8.411845876446659e-06,-0.019096393498166733,-0.0038748603216111665,8.411679393384294e-05,-5.0868969984989494e-05,-5.456154326226809e-08,9.89635046426685e-05,0.0,-0.2,0.0,0.4004000000000003,0.4004000000000003,-2.002,-2.002,0.4003893482307843,0.40037599380565325,-0.5468459558855336,-0.5565380542226861,-0.0025197939434276244,7.986750133564257e-05
Y-,3.7,0.20000000000000018,1.3230350129997532,0.0,-0.002748749668592846,-0.0009110637874688984,7.833569418276101e-05,-0.04139879114156995,-0.017358940594520984,-0.0009077708027232916,-0.0021976945223334513,-0.0003874872787730059,8.411845876446659e-06,-0.019096393498166733,-0.0038748603216111665,8.411679393384294e-05,-5.0868969984989494e-05,-5.456154326226809e-08,9.89635046426685e-05,0.0,-0.2,0.0,0.4004000000000003,0.4004000000000003,-2.002,-2.002,0.4003904371532956,0.40037866455221227,-0.6732280224752932,-0.6812112211338428,-0.002016196415286786,7.841509204904935e-05
Y-,3.7,0.20000000000000018,1.3471251330011,0.0,-0.003544963815304357,-0.0012484520547319123,7.797790196680328e-05,-0.047418098153192104,-0.019920286323191583,-0.0009193217783680149,-0.0021976945223334513,-0.0003874872787730059,8.411845876446659e-06,-0.019096393498166733,-0.0038748603216111665,8.411679393384294e-05,-5.0868969984989494e-05,-5.456154326226809e-08,9.89635046426685e-05,0.0,-0.2,0.0,0.4004000000000003,0.4004000000000003,-2.002,-2.002,0.40039091839313645,0.40037977777994094,-0.7308038462943741,-0.7380622110397992,-0.00423727137559253,7.80293283891066e-05
Y-,3.7,0.20000000000000018,1.3758803550008452,0.0,-0.004082578004672165,-0.001476216353970829,7.769324623951524e-05,-0.05076980758515062,-0.021327422365745172,-0.0009196248957275552,-0.0021976945223334513,-0.0003874872787730059,8.411845876446659e-06,-0.019096393498166733,-0.0038748603216111665,8.411679393384294e-05,-5.0868969984989494e-05,-5.456154326226809e-08,9.89635046426685e-05,0.0,-0.2,0.0,0.4004000000000003,0.4004000000000003,-2.002,-2.002,0.4003917457798254,0.400381795460242,-0.8360182760366937,-0.8418660167595939,-0.001884924875118444,7.776813352436167e-05
Y-,3.7,0.20000000000000018,1.4006625270012591,0.0,-0.004872347521792081,-0.0018107531607484762,7.736792578563462e-05,-0.05496122937085396,-0.023096780196810343,-0.0009169332002026335,-0.00739907056521333,-0.0025890209460516476,2.986960157040742e-05,-0.052013945616577566,-0.022014899140271348,0.00021457755693960758,-0.006858796556967396,-0.0021850610592532432,-6.195764509553605e-05,0.0,-0.2,0.0,0.6004000000000005,0.6004000000000005,-2.002,-2.002,0.40039210592192287,0.4003827095185475,-0.8840694075315466,-0.8892752147511903,-0.0035177064885840875,7.753239699991819e-05
Y-,3.8000000000000003,0.30000000000000027,1.4352400540010422,0.10000000000000009,-0.0055746143626024605,-0.0022022993455724548,7.406462908835626e-05,-0.05329617774558384,-0.038717547758686084,-0.001012617435011209,-0.00739907056521333,-0.0025890209460516476,2.986960157040742e-05,-0.052013945616577566,-0.022014899140271348,0.00021457755693960758,-0.006858796556967396,-0.0021850610592532432,-6.195764509553605e-05,0.0,-0.2,0.0,0.6006000000000005,0.6006000000000005,-2.962962962962963,-2.962962962962963,0.40039243673783975,0.4003835667937059,-0.9293149230676245,-0.9338949218141518,-0.0011981807614405437,7.429397258931562e-05
Y-,3.8000000000000003,0.30000000000000027,1.4632293610011402,0.0,-0.0055746143626024605,-0.0022022993455724548,7.406462908835626e-05,-0.05329617774558384,-0.038717547758686084,-0.001012617435011209,-0.00739907056521333,-0.0025890209460516476,2.986960157040742e-05,-0.052013945616577566,-0.022014899140271348,0.00021457755693960758,-0.006858796556967396,-0.0021850610592532432,-6.195764509553605e-05,0.0,-0.2,0.0,0.6006000000000005,0.6006000000000005,-2.962962962962963,-2.962962962962963,0.40039243673783975,0.4003835667937059,-0.9293149230676245,-0.9338949218141518,-0.0011981807614405437,7.429397258931562e-05
Y-,3.8000000000000003,0.30000000000000027,1.4875244020004175,0.0,-0.0055746143626024605,-0.0022022993455724548,7.406462908835626e-05,-0.05329617774558384,-0.038717547758686084,-0.001012617435011209,-0.00739907056521333,-0.0025890209460516476,2.986960157040742e-05,-0.052013945616577566,-0.022014899140271348,0.00021457755693960758,-0.006858796556967396,-0.0021850610592532432,-6.195764509553605e-05,0.0,-0.2,0.0,0.6006000000000005,0.6006000000000005,-2.962962962962963,-2.962962962962963,0.40039243673783975,0.4003835667937059,-0.9293149230676245,-0.9338949218141518,-0.0011981807614405437,7.429397258931562e-05
Y-,3.8000000000000003,0.30000000000000027,1.5130271710004308,0.0,-0.0055746143626024605,-0.0022022993455724548,7.406462908835626e-05,-0.05329617774558384,-0.038717547758686084,-0.001012617435011209,-0.00739907056521333,-0.0025890209460516476,2.986960157040742e-05,-0.052013945616577566,-0.022014899140271348,0.00021457755693960758,-0.006858796556967396,-0.0021850610592532432,-6.195764509553605e-05,0.0,-0.2,0.0,0.6006000000000005,0.6006000000000005,-2.962962962962963,-2.962962962962963,0.40039243673783975,0.4003835667937059,-0.9293149230676245,-0.9338949218141518,-0.0011981807614405437,7.429397258931562e-05
Y-,3.8000000000000003,0.30000000000000027,1.5397678360022837,0.0,-0.0055746143626024605,-0.0022022993455724548,7.406462908835626e-05,-0.05329617774558384,-0.038717547758686084,-0.001012617435011209,-0.00739907056521333,-0.0025890209460516476,2.986960157040742e-05,-0.052013945616577566,-0.022014899140271348,0.00021457755693960758,-0.006858796556967396,-0.0021850610592532432,-6.195764509553605e-05,0.0,-0.2,0.0,0.6006000000000005,0.6006000000000005,-2.962962962962963,-2.962962962962963,0.40039243673783975,0.4003835667937059,-0.9293149230676245,-0.9338949218141518,-0.0011981807614405437,7.429397258931562e-05
Y-,3.8000000000000003,0.30000000000000027,1.5660592180029198,0.0,-0.0055746143626024605,-0.0022022993455724548,7.406462908835626e-05,-0.05329617774558384,-0.038717547758686084,-0.001012617435011209,-0.00739907056521333,-0.0025890209460516476,2.986960157040742e-05,-0.052013945616577566,-0.022014899140271348,0.00021457755693960758,-0.006858796556967396,-0.0021850610592532432,-6.195764509553605e-05,0.0,-0.2,0.0,0.6006000000000005,0.6006000000000005,-2.962962962962963,-2.962962962962963,0.40039243673783975,0.4003835667937059,-0.9293149230676245,-0.9338949218141518,-0.0011981807614405437,7.429397258931562e-05
Y-,3.8000000000000003,0.30000000000000027,1.5925379569998768,0.0,-0.0055746143626024605,-0.0022022993455724548,7.406462908835626e-05,-0.05329617774558384,-0.038717547758686084,-0.001012617435011209,-0.00739907056521333,-0.0025890209460516476,2.986960157040742e-05,-0.052013945616577566,-0.022014899140271348,0.00021457755693960758,-0.006858796556967396,-0.0021850610592532432,-6.195764509553605e-05,0.0,-0.2,0.0,0.6006000000000005,0.6006000000000005,-2.962962962962963,-2.962962962962963,0.40039243673783975,0.4003835667937059,-0.9293149230676245,-0.9338949218141518,-0.0011981807614405437,7.429397258931562e-05
Y-,3.8000000000000003,0.30000000000000027,1.6179904130003706,0.0,-0.0055746143626024605,-0.0022022993455724548,7.406462908835626e-05,-0.05329617774558384,-0.038717547758686084,-0.001012617435011209,-0.00739907056521333,-0.0025890209460516476,2.986960157040742e-05,-0.052013945616577566,-0.022014899140271348,0.00021457755693960758,-0.006858796556967396,-0.0021850610592532432,-6.195764509553605e-05,0.0,-0.2,0.0,0.6006000000000005,0.6006000000000005,-2.962962962962963,-2.962962962962963,0.40039243673783975,0.4003835667937059,-0.9293149230676245,-0.9338949218141518,-0.0011981807614405437,7.429397258931562e-05
Y-,3.8000000000000003,0.30000000000000027,1.6489809880004032,0.0,-0.0055746143626024605,-0.0022022993455724548,7.406462908835626e-05,-0.05329617774558384,-0.038717547758686084,-0.001012617435011209,-0.00739907056521333,-0.0025890209460516476,2.986960157040742e-05,-0.052013945616577566,-0.022014899140271348,0.00021457755693960758,-0.006858796556967396,-0.0021850610592532432,-6.195764509553605e-05,0.0,-0.2,0.0,0.6006000000000005,0.6006000000000005,-2.962962962962963,-2.962962962962963,0.40039243673783975,0.4003835667937059,-0.9293149230676245,-0.9338949218141518,-0.0011981807614405437,7.429397258931562e-05
Y-,3.8000000000000003,0.30000000000000027,1.6774824359999911,0.0,-0.0055746143626024605,-0.0022022993455724548,7.406462908835626e-05,-0.05329617774558384,-0.038717547758686084,-0.001012617435011209,-0.00739907056521333,-0.0025890209460516476,2.986960157040742e-05,-0.052013945616577566,-0.022014899140271348,0.00021457755693960758,-0.006858796556967396,-0.0021850610592532432,-6.195764509553605e-05,0.0,-0.2,0.0,0.6006000000000005,0.6006000000000005,-2.962962962962963,-2.962962962962963,0.40039243673783975,0.4003835667937059,-0.9293149230676245,-0.9338949218141518,-0.0011981807614405437,7.429397258931562e-05
Y-,3.8000000000000003,0.30000000000000027,1.702694617000816,0.0,-0.0055746143626024605,-0.0022022993455724548,7.406462908835626e-05,-0.05329617774558384,-0.038717547758686084,-0.001012617435011209,-0.00739907056521333,-0.0025890209460516476,2.986960157040742e-05,-0.052013945616577566,-0.022014899140271348,0.00021457755693960758,-0.006858796556967396,-0.0021850610592532432,-6.195764509553605e-05,0.0,-0.2,0.0,0.6006000000000005,0.6006000000000005,-2.962962962962963,-2.962962962962963,0.40039243673783975,0.4003835667937059,-0.9293149230676245,-0.9338949218141518,-0.0011981807614405437,7.429397258931562e-05
Y-,3.8000000000000003,0.30000000000000027,1.7296519590017851,0.0,-0.0055746143626024605,-0.0022022993455724548,7.406462908835626e-05,-0.05329617774558384,-0.038717547758686084,-0.001012617435011209,-0.00739907056521333,-0.0025890209460516476,2.986960157040742e-05,-0.052013945616577566,-0.022014899140271348,0.00021457755693960758,-0.006858796556967396,-0.0021850610592532432,-6.195764509553605e-05,0.0,-0.2,0.0,0.6006000000000005,0.6006000000000005,-2.962962962962963,-2.962962962962963,0.40039243673783975,0.4003835667937059,-0.9293149230676245,-0.9338949218141518,-0.0011981807614405437,7.429397258931562e-05
Y-,3.8000000000000003,0.30000000000000027,1.756663448002655,0.0,-0.0055746143626024605,-0.0022022993455724548,7.406462908835626e-05,-0.05329617774558384,-0.038717547758686084,-0.001012617435011209,-0.00739907056521333,-0.0025890209460516476,2.986960157040742e-05,-0.052013945616577566,-0.022014899140271348,0.00021457755693960758,-0.006858796556967396,-0.0021850610592532432,-6.195764509553605e-05,0.0,-0.2,0.0,0.6006000000000005,0.6006000000000005,-2.962962962962963,-2.962962962962963,0.40039243673783975,0.4003835667937059,-0.9293149230676245,-0.9338949218141518,-0.0011981807614405437,7.429397258931562e-05
Y-,3.8000000000000003,0.30000000000000027,1.7834951559998444,0.0,-0.0060668176129956425,-0.002563340174212246,7.714224798666713e-05,-0.057031954541095095,-0.04179567088591869,-7.037074905431341e-05,-0.00739907056521333,-0.0025890209460516476,2.986960157040742e-05,-0.052013945616577566,-0.022014899140271348,0.00021457755693960758,-0.006858796556967396,-0.0021850610592532432,-6.195764509553605e-05,0.0,-0.2,0.0,0.6006000000000005,0.6006000000000005,-2.962962962962963,-2.962962962962963,0.600384200090323,0.6003664865852265,-1.0241576744125243,-1.0405166263747192,-0.002346029840429478,7.714224798666713e-05
Y-,3.8000000000000003,0.30000000000000027,1.8092980290020932,0.0,-0.007317720144145876,-0.0034316988328926407,8.440694756492541e-05,-0.06760953251621914,-0.04566084970620802,-0.001134766366724411,-0.00739907056521333,-0.0025890209460516476,2.986960157040742e-05,-0.052013945616577566,-0.022014899140271348,0.00021457755693960758,-0.006858796556967396,-0.0021850610592532432,-6.195764509553605e-05,0.0,-0.2,0.0,0.6006000000000005,0.6006000000000005,-2.962962962962963,-2.962962962962963,0.6005861422265868,0.6005708383145247,-1.1870983373626538,-1.199074086336121,0.000549572537929792,8.440694756492541e-05
Y-,3.8000000000000003,0.30000000000000027,1.8359201370003575,0.0,-0.00837491021772384,-0.0041540497085150304,7.981988194477844e-05,-0.07352240105305476,-0.050109236098354694,-0.0009746650177835964,-0.00739907056521333,-0.0025890209460516476,2.986960157040742e-05,-0.052013945616577566,-0.022014899140271348,0.00021457755693960758,-0.006858796556967396,-0.0021850610592532432,-6.195764509553605e-05,0.0,-0.2,0.0,0.6006000000000005,0.6006000000000005,-2.962962962962963,-2.962962962962963,0.6005875134993497,0.6005742555934761,-1.3467625336645064,-1.3536899446077224,-0.002644045059702758,8.081714945003264e-05
Y-,3.8000000000000003,0.30000000000000027,1.8679447050017188,0.0,-0.009754992604511539,-0.005100737854014617,8.025701374539659e-05,-0.08002824600632506,-0.05457837480972314,-0.000810885771092859,-0.00739907056521333,-0.0025890209460516476,2.986960157040742e-05,-0.052013945616577566,-0.022014899140271348,0.00021457755693960758,-0.006858796556967396,-0.0021850610592532432,-6.195764509553605e-05,0.0,-0.2,0.0,0.6006000000000005,0.6006000000000005,-2.962962962962963,-2.962962962962963,0.6005884281788783,0.6005767750226916,-1.4850155986792273,-1.4915177991896622,-0.0019315700305882221,8.0180061916346e-05
Y-,3.8000000000000003,0.30000000000000027,1.9000893110023753,0.0,-0.011417599971514815,-0.006240594018776745,7.956330310101375e-05,-0.08641960409354081,-0.05892228829927564,-0.0009022238130988392,-0.015551409711720714,-0.008173678963229899,6.091899403527946e-05,-0.0815250595438051,-0.055844145075648166,0.00031049392464872045,-0.011874909369712354,-0.005650397614998625,-0.0002471142496115508,0.0,-0.2,0.0,0.8008000000000002,0.8008000000000002,-2.962962962962963,-2.962962962962963,0.6005892723958306,0.6005790515571503,-1.608576024187851,-1.6128352707910651,0.001627711194347039,7.972865126058898e-05
Y-,3.9000000000000004,0.40000000000000036,1.93279275399982,0.10000000000000009,-0.012915157365788753,-0.007444459855844332,5.663556602192626e-05,-0.07400475584710753,-0.08097062497057372,-0.0033603536127809943,-0.015551409711720714,-0.008173678963229899,6.091899403527946e-05,-0.08464718672752577,-0.057982875664562075,0.00025406614748855474,-0.011874909369712354,-0.005650397614998625,-0.0002471142496115508,0.0,-0.2,0.0,0.8008000000000002,0.8008000000000002,-2.962962962962963,-2.962962962962963,0.6005896091937304,0.6005800733403612,-1.6648862897501506,-1.6684452092426676,-0.0007761458971367813,5.663556602192626e-05
Y-,3.9000000000000004,0.40000000000000036,1.9595553250001103,0.0,-0.012915157365788753,-0.007444459855844332,5.663556602192626e-05,-0.07400475584710753,-0.08097062497057372,-0.0033603536127809943,-0.015551409711720714,-0.008173678963229899,6.091899403527946e-05,-0.08464718672752577,-0.057982875664562075,0.00025406614748855474,-0.011874909369712354,-0.005650397614998625,-0.0002471142496115508,0.0,-0.2,0.0,0.8008000000000002,0.8008000000000002,-2.962962962962963,-2.962962962962963,0.6005896091937304,0.6005800733403612,-1.6648862897501506,-1.6684452092426676,-0.0007761458971367813,5.663556602192626e-05
Y-,3.9000000000000004,0.40000000000000036,1.988598861000355,0.0,-0.012915157365788753,-0.007444459855844332,5.663556602192626e-05,-0.07400475584710753,-0.08097062497057372,-0.0033603536127809943,-0.015551409711720714,-0.008173678963229899,6.091899403527946e-05,-0.08464718672752577,-0.057982875664562075,0.00025406614748855474,-0.011874909369712354,-0.005650397614998625,-0.0002471142496115508,0.0,-0.2,0.0,0.8008000000000002,0.8008000000000002,-2.962962962962963,-2.962962962962963,0.6005896091937304,0.6005800733403612,-1.6648862897501506,-1.6684452092426676,-0.0007761458971367813,5.663556602192626e-05
Y-,3.9000000000000004,0.40000000000000036,2.0190208240019274,0.0,-0.012915157365788753,-0.007444459855844332,5.663556602192626e-05,-0.07400475584710753,-0.08097062497057372,-0.0033603536127809943,-0.015551409711720714,-0.008173678963229899,6.091899403527946e-05,-0.08464718672752577,-0.057982875664562075,0.00025406614748855474,-0.011874909369712354,-0.005650397614998625,-0.0002471142496115508,0.0,-0.2,0.0,0.8008000000000002,0.8008000000000002,-2.962962962962963,-2.962962962962963,0.6005896091937304,0.6005800733403612,-1.6648862897501506,-1.6684452092426676,-0.0007761458971367813,5.663556602192626e-05
Y-,3.9000000000000004,0.40000000000000036,2.0465535870025633,0.0,-0.012915157365788753,-0.007444459855844332,5.663556602192626e-05,-0.07400475584710753,-0.08097062497057372,-0.0033603536127809943,-0.015551409711720714,-0.008173678963229899,6.091899403527946e-05,-0.08464718672752577,-0.057982875664562075,0.00025406614748855474,-0.011874909369712354,-0.005650397614998625,-0.0002471142496115508,0.0,-0.2,0.0,0.8008000000000002,0.8008000000000002,-2.962962962962963,-2.962962962962963,0.6005896091937304,0.6005800733403612,-1.6648862897501506,-1.6684452092426676,-0.0007761458971367813,5.663556602192626e-05
Y-,3.9000000000000004,0.40000000000000036,2.0779607740005304,0.0,-0.012915157365788753,-0.007444459855844332,5.663556602192626e-05,-0.07400475584710753,-0.08097062497057372,-0.0033603536127809943,-0.015551409711720714,-0.008173678963229899,6.091899403527946e-05,-0.08464718672752577,-0.057982875664562075,0.00025406614748855474,-0.011874909369712354,-0.005650397614998625,-0.0002471142496115508,0.0,-0.2,0.0,0.8008000000000002,0.8008000000000002,-2.962962962962963,-2.962962962962963,0.6005896091937304,0.6005800733403612,-1.6648862897501506,-1.6684452092426676,-0.0007761458971367813,5.663556602192626e-05
Y-,3.9000000000000004,0.40000000000000036,2.1051586870016763,0.0,-0.012915157365788753,-0.007444459855844332,5.663556602192626e-05,-0.07400475584710753,-0.08097062497057372,-0.0033603536127809943,-0.015551409711720714,-0.008173678963229899,6.091899403527946e-05,-0.08464718672752577,-0.057982875664562075,0.00025406614748855474,-0.011874909369712354,-0.005650397614998625,-0.0002471142496115508,0.0,-0.2,0.0,0.8008000000000002,0.8008000000000002,-2.962962962962963,-2.962962962962963,0.6005896091937304,0.6005800733403612,-1.6648862897501506,-1.6684452092426676,-0.0007761458971367813,5.663556602192626e-05
Y-,3.9000000000000004,0.40000000000000036,2.1304764870001236,0.0,-0.012915157365788753,-0.007444459855844332,5.663556602192626e-05,-0.07400475584710753,-0.08097062497057372,-0.0033603536127809943,-0.015551409711720714,-0.008173678963229899,6.091899403527946e-05,-0.08464718672752577,-0.057982875664562075,0.00025406614748855474,-0.011874909369712354,-0.005650397614998625,-0.0002471142496115508,0.0,-0.2,0.0,0.8008000000000002,0.8008000000000002,-2.962962962962963,-2.962962962962963,0.6005896091937304,0.6005800733403612,-1.6648862897501506,-1.6684452092426676,-0.0007761458971367813,5.663556602192626e-05
Y-,3.9000000000000004,0.40000000000000036,2.1593564540016814,0.0,-0.012915157365788753,-0.007444459855844332,5.663556602192626e-05,-0.07400475584710753,-0.08097062497057372,-0.0033603536127809943,-0.015551409711720714,-0.008173678963229899,6.091899403527946e-05,-0.08464718672752577,-0.057982875664562075,0.00025406614748855474,-0.011874909369712354,-0.005650397614998625,-0.0002471142496115508,0.0,-0.2,0.0,0.8008000000000002,0.8008000000000002,-2.962962962962963,-2.962962962962963,0.6005896091937304,0.6005800733403612,-1.6648862897501506,-1.6684452092426676,-0.0007761458971367813,5.663556602192626e-05
Y-,3.9000000000000004,0.40000000000000036,2.1944439620019693,0.0,-0.012915157365788753,-0.007444459855844332,5.663556602192626e-05,-0.07400475584710753,-0.08097062497057372,-0.0033603536127809943,-0.015551409711720714,-0.008173678963229899,6.091899403527946e-05,-0.08464718672752577,-0.057982875664562075,0.00025406614748855474,-0.011874909369712354,-0.005650397614998625,-0.0002471142496115508,0.0,-0.2,0.0,0.8008000000000002,0.8008000000000002,-2.962962962962963,-2.962962962962963,0.6005896091937304,0.6005800733403612,-1.6648862897501506,-1.6684452092426676,-0.0007761458971367813,5.663556602192626e-05
Y-,3.9000000000000004,0.40000000000000036,2.2208315070020035,0.0,-0.012915157365788753,-0.007444459855844332,5.663556602192626e-05,-0.07400475584710753,-0.08097062497057372,-0.0033603536127809943,-0.015551409711720714,-0.008173678963229899,6.091899403527946e-05,-0.08464718672752577,-0.057982875664562075,0.00025406614748855474,-0.011874909369712354,-0.005650397614998625,-0.0002471142496115508,0.0,-0.2,0.0,0.8008000000000002,0.8008000000000002,-2.962962962962963,-2.962962962962963,0.6005896091937304,0.6005800733403612,-1.6648862897501506,-1.6684452092426676,-0.0007761458971367813,5.663556602192626e-05
Y-,3.9000000000000004,0.40000000000000036,2.2543639430004987,0.0,-0.012915157365788753,-0.007444459855844332,5.663556602192626e-05,-0.07400475584710753,-0.08097062497057372,-0.0033603536127809943,-0.015551409711720714,-0.008173678963229899,6.091899403527946e-05,-0.08464718672752577,-0.057982875664562075,0.00025406614748855474,-0.011874909369712354,-0.005650397614998625,-0.0002471142496115508,0.0,-0.2,0.0,0.8008000000000002,0.8008000000000002,-2.962962962962963,-2.962962962962963,0.6005896091937304,0.6005800733403612,-1.6648862897501506,-1.6684452092426676,-0.0007761458971367813,5.663556602192626e-05
Y-,3.9000000000000004,0.40000000000000036,2.2862049210016266,0.0,-0.012915157365788753,-0.007444459855844332,5.663556602192626e-05,-0.07400475584710753,-0.08097062497057372,-0.0033603536127809943,-0.015551409711720714,-0.008173678963229899,6.091899403527946e-05,-0.08464718672752577,-0.057982875664562075,0.00025406614748855474,-0.011874909369712354,-0.005650397614998625,-0.0002471142496115508,0.0,-0.2,0.0,0.8008000000000002,0.8008000000000002,-2.962962962962963,-2.962962962962963,0.6005896091937304,0.6005800733403612,-1.6648862897501506,-1.6684452092426676,-0.0007761458971367813,5.663556602192626e-05
Y-,3.9000000000000004,0.40000000000000036,2.3159831020020647,0.0,-0.012915157365788753,-0.007444459855844332,5.663556602192626e-05,-0.07400475584710753,-0.08097062497057372,-0.0033603536127809943,-0.015551409711720714,-0.008173678963229899,6.091899403527946e-05,-0.08464718672752577,-0.057982875664562075,0.00025406614748855474,-0.011874909369712354,-0.005650397614998625,-0.0002471142496115508,0.0,-0.2,0.0,0.8008000000000002,0.8008000000000002,-2.962962962962963,-2.962962962962963,0.6005896091937304,0.6005800733403612,-1.6648862897501506,-1.6684452092426676,-0.0007761458971367813,5.663556602192626e-05
Y-,3.9000000000000004,0.40000000000000036,2.3490499409999757,0.0,-0.012915157365788753,-0.007444459855844332,5.663556602192626e-05,-0.07400475584710753,-0.08097062497057372,-0.0033603536127809943,-0.015551409711720714,-0.008173678963229899,6.091899403527946e-05,-0.08464718672752577,-0.057982875664562075,0.00025406614748855474,-0.011874909369712354,-0.005650397614998625,-0.0002471142496115508,0.0,-0.2,0.0,0.8008000000000002,0.8008000000000002,-2.962962962962963,-2.962962962962963,0.6005896091937304,0.6005800733403612,-1.6648862897501506,-1.6684452092426676,-0.0007761458971367813,5.663556602192626e-05
Y-,3.9000000000000004,0.40000000000000036,2.377111796002282,0.0,-0.012915157365788753,-0.007444459855844332,5.663556602192626e-05,-0.07400475584710753,-0.08097062497057372,-0.0033603536127809943,-0.015551409711720714,-0.008173678963229899,6.091899403527946e-05,-0.08464718672752577,-0.057982875664562075,0.00025406614748855474,-0.011874909369712354,-0.005650397614998625,-0.0002471142496115508,0.0,-0.2,0.0,0.8008000000000002,0.8008000000000002,-2.962962962962963,-2.962962962962963,0.6005896091937304,0.6005800733403612,-1.6648862897501506,-1.6684452092426676,-0.0007761458971367813,5.663556602192626e-05
Y-,3.9000000000000004,0.40000000000000036,2.4036923970015778,0.0,-0.013877847733933127,-0.008507498915723614,6.136173987853712e-05,-0.07675842933497473,-0.08210874732777289,0.001994352887339063,-0.015551409711720714,-0.008173678963229899,6.091899403527946e-05,-0.08464718672752577,-0.057982875664562075,0.00025406614748855474,-0.011874909369712354,-0.005650397614998625,-0.0002471142496115508,0.0,-0.2,0.0,0.8008000000000002,0.8008000000000002,-2.962962962962963,-2.962962962962963,0.8007918935562888,0.8007825874299215,-1.7305023312957875,-1.7478566104721769,-0.0004809855189137956,5.189818595131867e-05
Y-,3.9000000000000004,0.40000000000000036,2.432502587002091,0.0,-0.015237424487193276,-0.009914364157132288,9.356646201758054e-05,-0.08231794093909932,-0.08361374158348737,-0.0008460262256920025,-0.015551409711720714,-0.008173678963229899,6.091899403527946e-05,-0.08464718672752577,-0.057982875664562075,0.00025406614748855474,-0.011874909369712354,-0.005650397614998625,-0.0002471142496115508,0.0,-0.2,0.0,0.8008000000000002,0.8008000000000002,-2.962962962962963,-2.962962962962963,0.8007890307762615,0.800781477154267,-1.7749701468746204,-1.7911133745194627,-0.0031664352979605312,9.356646201758054e-05
Y-,3.9000000000000004,0.40000000000000036,2.4617489539996313,0.0,-0.016996335968649256,-0.011725378477482607,7.351686397014062e-05,-0.08555580089294196,-0.08779427385147634,-0.0011837006013258207,-0.015551409711720714,-0.008173678963229899,6.091899403527946e-05,-0.08464718672752577,-0.057982875664562075,0.00025406614748855474,-0.011874909369712354,-0.005650397614998625,-0.0002471142496115508,0.0,-0.2,0.0,0.8008000000000002,0.8008000000000002,-2.962962962962963,-2.962962962962963,0.8007909612608062,0.8007847526168828,-1.9160241793011734,-1.9131357104372888,-0.002944618209353599,7.44610585497273e-05
Y-,3.9000000000000004,0.40000000000000036,2.4875136720002047,0.0,-0.01864656187228272,-0.013429207809350332,7.760738955886085e-05,-0.08842141859441853,-0.09069881338059065,-0.00044022560947925004,-0.015551409711720714,-0.008173678963229899,6.091899403527946e-05,-0.08464718672752577,-0.057982875664562075,0.00025406614748855474,-0.011874909369712354,-0.005650397614998625,-0.0002471142496115508,0.0,-0.2,0.0,0.8008000000000002,0.8008000000000002,-2.962962962962963,-2.962962962962963,0.8007906396400921,0.8007852224488037,-1.952207977870608,-1.9534270153595648,-0.000137153587910386,7.72828495843205e-05
Y-,3.9000000000000004,0.40000000000000036,2.512144931999501,0.0,-0.01962557829975481,-0.014439633264505985,7.89643255826325e-05,-0.08989931084116136,-0.09219311546899951,-0.0008031120699768882,-0.015551409711720714,-0.008173678963229899,6.091899403527946e-05,-0.08464718672752577,-0.057982875664562075,0.00025406614748855474,-0.011874909369712354,-0.005650397614998625,-0.0002471142496115508,0.0,-0.2,0.0,0.8008000000000002,0.8008000000000002,-2.962962962962963,-2.962962962962963,0.8007907227481272,0.8007856543071403,-1.9884866578067395,-1.9890143824142184,-0.004099183655648764,7.901698532758361e-05
Y-,3.9000000000000004,0.40000000000000036,2.53548977200262,0.0,-0.020529116825232372,-0.015371987209458534,7.762589496918907e-05,-0.09113398630468637,-0.09345495355454254,-0.0009321914249405018,-0.024369808130578995,-0.017268881450376476,6.486613351878905e-05,-0.08818952473080918,-0.09094665262309519,3.9471394835095895e-05,-0.024733135522844216,-0.016874329418158484,0.0001506100404817891,0.0,-0.2,0.0,1.0009999999999994,1.0009999999999994,-2.962962962962963,-2.962962962962963,0.8007909900284602,0.8007861960791516,-2.0236553933103307,-2.0215439414653047,-0.0016938752912950708,7.762589496918907e-05
Y-,4.0,0.5,2.5726668429997517,0.09999999999999964,-0.021276091901053035,-0.016433198849144286,2.3435506244094285e-05,-0.06630772763520824,-0.11260967172273191,-0.006935618869635104,-0.024369808130578995,-0.017268881450376476,6.486613351878905e-05,-0.08818952473080918,-0.09094665262309519,3.9471394835095895e-05,-0.024733135522844216,-0.016874329418158484,0.0001506100404817891,0.0,-0.2,0.0,1.0009999999999994,1.0009999999999994,-2.962962962962963,-2.962962962962963,1.0009987220331533,1.000997351522666,-2.0805495257664677,-2.049573208718625,-0.007915314895123237,2.98931536505793e-05
Y-,4.0,0.5,2.5982505030005996,0.0,-0.021276091901053035,-0.016433198849144286,2.3435506244094285e-05,-0.06630772763520824,-0.11260967172273191,-0.006935618869635104,-0.024369808130578995,-0.017268881450376476,6.486613351878905e-05,-0.08818952473080918,-0.09094665262309519,3.9471394835095895e-05,-0.024733135522844216,-0.016874329418158484,0.0001506100404817891,0.0,-0.2,0.0,1.0009999999999994,1.0009999999999994,-2.962962962962963,-2.962962962962963,1.0009987220331533,1.000997351522666,-2.0805495257664677,-2.049573208718625,-0.007915314895123237,2.98931536505793e-05
Y-,4.0,0.5,2.62401046100058,0.0,-0.021276091901053035,-0.016433198849144286,2.3435506244094285e-05,-0.06630772763520824,-0.11260967172273191,-0.006935618869635104,-0.024369808130578995,-0.017268881450376476,6.486613351878905e-05,-0.08818952473080918,-0.09094665262309519,3.9471394835095895e-05,-0.024733135522844216,-0.016874329418158484,0.0001506100404817891,0.0,-0.2,0.0,1.0009999999999994,1.0009999999999994,-2.962962962962963,-2.962962962962963,1.0009987220331533,1.000997351522666,-2.0805495257664677,-2.049573208718625,-0.007915314895123237,2.98931536505793e-05
Y-,4.0,0.5,2.6532954140020593,0.0,-0.021276091901053035,-0.016433198849144286,2.3435506244094285e-05,-0.06630772763520824,-0.11260967172273191,-0.006935618869635104,-0.024369808130578995,-0.017268881450376476,6.486613351878905e-05,-0.08818952473080918,-0.09094665262309519,3.9471394835095895e-05,-0.024733135522844216,-0.016874329418158484,0.0001506100404817891,0.0,-0.2,0.0,1.0009999999999994,1.0009999999999994,-2.962962962962963,-2.962962962962963,1.0009987220331533,1.000997351522666,-2.0805495257664677,-2.049573208718625,-0.007915314895123237,2.98931536505793e-05
Y-,4.0,0.5,2.6804770060007286,0.0,-0.021276091901053035,-0.016433198849144286,2.3435506244094285e-05,-0.06630772763520824,-0.11260967172273191,-0.006935618869635104,-0.024369808130578995,-0.017268881450376476,6.486613351878905e-05,-0.08818952473080918,-0.09094665262309519,3.9471394835095895e-05,-0.024733135522844216,-0.016874329418158484,0.0001506100404817891,0.0,-0.2,0.0,1.0009999999999994,1.0009999999999994,-2.962962962962963,-2.962962962962963,1.0009987220331533,1.000997351522666,-2.0805495257664677,-2.049573208718625,-0.007915314895123237,2.98931536505793e-05
Y-,4.0,0.5,2.7050779960009095,0.0,-0.021276091901053035,-0.016433198849144286,2.3435506244094285e-05,-0.06630772763520824,-0.11260967172273191,-0.006935618869635104,-0.024369808130578995,-0.017268881450376476,6.486613351878905e-05,-0.08818952473080918,-0.09094665262309519,3.9471394835095895e-05,-0.024733135522844216,-0.016874329418158484,0.0001506100404817891,0.0,-0.2,0.0,1.0009999999999994,1.0009999999999994,-2.962962962962963,-2.962962962962963,1.0009987220331533,1.000997351522666,-2.0805495257664677,-2.049573208718625,-0.007915314895123237,2.98931536505793e-05
Y-,4.0,0.5,2.7329380400005903,0.0,-0.021276091901053035,-0.016433198849144286,2.3435506244094285e-05,-0.06630772763520824,-0.11260967172273191,-0.006935618869635104,-0.024369808130578995,-0.017268881450376476,6.486613351878905e-05,-0.08818952473080918,-0.09094665262309519,3.9471394835095895e-05,-0.024733135522844216,-0.016874329418158484,0.0001506100404817891,0.0,-0.2,0.0,1.0009999999999994,1.0009999999999994,-2.962962962962963,-2.962962962962963,1.0009987220331533,1.000997351522666,-2.0805495257664677,-2.049573208718625,-0.007915314895123237,2.98931536505793e-05
Y-,4.0,0.5,2.7579292900009023,0.0,-0.021276091901053035,-0.016433198849144286,2.3435506244094285e-05,-0.06630772763520824,-0.11260967172273191,-0.006935618869635104,-0.024369808130578995,-0.017268881450376476,6.486613351878905e-05,-0.08818952473080918,-0.09094665262309519,3.9471394835095895e-05,-0.024733135522844216,-0.016874329418158484,0.0001506100404817891,0.0,-0.2,0.0,1.0009999999999994,1.0009999999999994,-2.962962962962963,-2.962962962962963,1.0009987220331533,1.000997351522666,-2.0805495257664677,-2.049573208718625,-0.007915314895123237,2.98931536505793e-05
Y-,4.0,0.5,2.7907928280001215,0.0,-0.021276091901053035,-0.016433198849144286,2.3435506244094285e-05,-0.06630772763520824,-0.11260967172273191,-0.006935618869635104,-0.024369808130578995,-0.017268881450376476,6.486613351878905e-05,-0.08818952473080918,-0.09094665262309519,3.9471394835095895e-05,-0.024733135522844216,-0.016874329418158484,0.0001506100404817891,0.0,-0.2,0.0,1.0009999999999994,1.0009999999999994,-2.962962962962963,-2.962962962962963,1.0009987220331533,1.000997351522666,-2.0805495257664677,-2.049573208718625,-0.007915314895123237,2.98931536505793e-05
Y-,4.0,0.5,2.8242716929999006,0.0,-0.021276091901053035,-0.016433198849144286,2.3435506244094285e-05,-0.06630772763520824,-0.11260967172273191,-0.006935618869635104,-0.024369808130578995,-0.017268881450376476,6.486613351878905e-05,-0.08818952473080918,-0.09094665262309519,3.9471394835095895e-05,-0.024733135522844216,-0.016874329418158484,0.0001506100404817891,0.0,-0.2,0.0,1.0009999999999994,1.0009999999999994,-2.962962962962963,-2.962962962962963,1.0009987220331533,1.000997351522666,-2.0805495257664677,-2.049573208718625,-0.007915314895123237,2.98931536505793e-05
Y-,4.0,0.5,2.8543269780020637,0.0,-0.021276091901053035,-0.016433198849144286,2.3435506244094285e-05,-0.06630772763520824,-0.11260967172273191,-0.006935618869635104,-0.024369808130578995,-0.017268881450376476,6.486613351878905e-05,-0.08818952473080918,-0.09094665262309519,3.9471394835095895e-05,-0.024733135522844216,-0.016874329418158484,0.0001506100404817891,0.0,-0.2,0.0,1.0009999999999994,1.0009999999999994,-2.962962962962963,-2.962962962962963,1.0009987220331533,1.000997351522666,-2.0805495257664677,-2.049573208718625,-0.007915314895123237,2.98931536505793e-05
Y-,4.0,0.5,2.8791905110010703,0.0,-0.021276091901053035,-0.016433198849144286,2.3435506244094285e-05,-0.06630772763520824,-0.11260967172273191,-0.006935618869635104,-0.024369808130578995,-0.017268881450376476,6.486613351878905e-05,-0.08818952473080918,-0.09094665262309519,3.9471394835095895e-05,-0.024733135522844216,-0.016874329418158484,0.0001506100404817891,0.0,-0.2,0.0,1.0009999999999994,1.0009999999999994,-2.962962962962963,-2.962962962962963,1.0009987220331533,1.000997351522666,-2.0805495257664677,-2.049573208718625,-0.007915314895123237,2.98931536505793e-05
Y-,4.0,0.5,2.907660054999724,0.0,-0.021667829195214865,-0.017107671519009018,-1.1345963591668225e-07,-0.06572339618802686,-0.11310650014902522,-0.0022714943257156894,-0.024369808130578995,-0.017268881450376476,6.486613351878905e-05,-0.08818952473080918,-0.09094665262309519,3.9471394835095895e-05,-0.024733135522844216,-0.016874329418158484,0.0001506100404817891,0.0,-0.2,0.0,1.0009999999999994,1.0009999999999994,-2.962962962962963,-2.962962962962963,1.0009987220331533,1.000997351522666,-2.0805495257664677,-2.049573208718625,-0.007915314895123237,2.98931536505793e-05
Y-,4.0,0.5,2.933365289001813,0.0,-0.022781547280011225,-0.01890098574897519,6.649626721242155e-05,-0.07248263199230608,-0.11145443917689787,0.0053627821528006315,-0.024369808130578995,-0.017268881450376476,6.486613351878905e-05,-0.08818952473080918,-0.09094665262309519,3.9471394835095895e-05,-0.024733135522844216,-0.016874329418158484,0.0001506100404817891,0.0,-0.2,0.0,1.0009999999999994,1.0009999999999994,-2.962962962962963,-2.962962962962963,1.00098725623588,1.0009868948338392,-2.085302702959318,-2.1219978280077196,0.005612276878065375,4.8017767450692146e-05
Y-,4.0,0.5,2.958929549000459,0.0,-0.024239991150393422,-0.021170964093014496,0.00010788342146759362,-0.07354292071919369,-0.11399171222475056,-0.0021744871097062746,-0.024369808130578995,-0.017268881450376476,6.486613351878905e-05,-0.08818952473080918,-0.09094665262309519,3.9471394835095895e-05,-0.024733135522844216,-0.016874329418158484,0.0001506100404817891,0.0,-0.2,0.0,1.0009999999999994,1.0009999999999994,-2.962962962962963,-2.962962962962963,1.000991345146124,1.000986967247747,-2.163627944188196,-2.154940729329874,-0.0024351002578978727,0.00011176025970266289
Y-,4.0,0.5,2.982654610001191,0.0,-0.025572439648206824,-0.023249702497450595,6.709308623924505e-05,-0.07474083037602973,-0.11568823441079701,-0.002338849110423871,-0.024369808130578995,-0.017268881450376476,6.486613351878905e-05,-0.08818952473080918,-0.09094665262309519,3.9471394835095895e-05,-0.024733135522844216,-0.016874329418158484,0.0001506100404817891,0.0,-0.2,0.0,1.0009999999999994,1.0009999999999994,-2.962962962962963,-2.962962962962963,1.0009923833224565,1.0009882392957739,-2.194929757764271,-2.1727355856578194,-0.0047682056231774725,6.87874853779349e-05
Y-,4.0,0.5,3.0081853910014615,0.0,-0.026546296476476623,-0.024770064218481373,5.998095100639167e-05,-0.0753600511420796,-0.11687559216063159,-0.0003077019774301454,-0.024369808130578995,-0.017268881450376476,6.486613351878905e-05,-0.08818952473080918,-0.09094665262309519,3.9471394835095895e-05,-0.024733135522844216,-0.016874329418158484,0.0001506100404817891,0.0,-0.2,0.0,1.0009999999999994,1.0009999999999994,-2.962962962962963,-2.962962962962963,1.0009906146343264,1.0009897395723861,-2.234506719012535,-2.2276647587706924,-0.0005883433358376545,5.932157429558208e-05
Y-,4.0,0.5,3.03566000399951,0.0,-0.02809861938983866,-0.027271774852763504,6.942594637230381e-05,-0.06395613596580085,-0.12401939502265463,-0.0011732924065444,-0.03203597169046343,-0.02923597547994306,3.701231406993418e-06,-0.07740668025471029,-0.12081662573169724,-2.5181467427849026e-05,-0.030407661713907665,-0.022592214549360244,-0.0002538492792920622,0.0,-0.2,0.0,1.2012,1.2012,-2.962962962962963,-2.962962962962963,1.0009900066223265,1.0009894379916018,-2.273149073954307,-2.2720410394022745,-0.0016588868585801443,7.386342500445067e-05
Y-,4.1000000000000005,0.6000000000000005,3.0735771090003254,0.10000000000000053,-0.028535877994764064,-0.02843999536617428,6.2486975670171805e-06,-0.042528054259581435,-0.13223596732868906,-0.009003335999317538,-0.03203597169046343,-0.02923597547994306,3.701231406993418e-06,-0.07740668025471029,-0.12081662573169724,-2.5181467427849026e-05,-0.030407661713907665,-0.022592214549360244,-0.0002538492792920622,0.0,-0.2,0.0,1.2012,1.2012,-2.962962962962963,-2.962962962962963,1.201199847177409,1.201203144235845,-2.2783485955409972,-2.250681739181923,-0.006867302485447007,3.2618031960847575e-05
Y-,4.1000000000000005,0.6000000000000005,3.1069956320025085,0.0,-0.028535877994764064,-0.02843999536617428,6.2486975670171805e-06,-0.042528054259581435,-0.13223596732868906,-0.009003335999317538,-0.03203597169046343,-0.02923597547994306,3.701231406993418e-06,-0.07740668025471029,-0.12081662573169724,-2.5181467427849026e-05,-0.030407661713907665,-0.022592214549360244,-0.0002538492792920622,0.0,-0.2,0.0,1.2012,1.2012,-2.962962962962963,-2.962962962962963,1.201199847177409,1.201203144235845,-2.2783485955409972,-2.250681739181923,-0.006867302485447007,3.2618031960847575e-05
Y-,4.1000000000000005,0.6000000000000005,3.1381696259995806,0.0,-0.028535877994764064,-0.02843999536617428,6.2486975670171805e-06,-0.042528054259581435,-0.13223596732868906,-0.009003335999317538,-0.03203597169046343,-0.02923597547994306,3.701231406993418e-06,-0.07740668025471029,-0.12081662573169724,-2.5181467427849026e-05,-0.030407661713907665,-0.022592214549360244,-0.0002538492792920622,0.0,-0.2,0.0,1.2012,1.2012,-2.962962962962963,-2.962962962962963,1.201199847177409,1.201203144235845,-2.2783485955409972,-2.250681739181923,-0.006867302485447007,3.2618031960847575e-05
Y-,4.1000000000000005,0.6000000000000005,3.174827949002065,0.0,-0.028535877994764064,-0.02843999536617428,6.2486975670171805e-06,-0.042528054259581435,-0.13223596732868906,-0.009003335999317538,-0.03203597169046343,-0.02923597547994306,3.701231406993418e-06,-0.07740668025471029,-0.12081662573169724,-2.5181467427849026e-05,-0.030407661713907665,-0.022592214549360244,-0.0002538492792920622,0.0,-0.2,0.0,1.2012,1.2012,-2.962962962962963,-2.962962962962963,1.201199847177409,1.201203144235845,-2.2783485955409972,-2.250681739181923,-0.006867302485447007,3.2618031960847575e-05
Y-,4.1000000000000005,0.6000000000000005,3.20794439400197,0.0,-0.028535877994764064,-0.02843999536617428,6.2486975670171805e-06,-0.042528054259581435,-0.13223596732868906,-0.009003335999317538,-0.03203597169046343,-0.02923597547994306,3.701231406993418e-06,-0.07740668025471029,-0.12081662573169724,-2.5181467427849026e-05,-0.030407661713907665,-0.022592214549360244,-0.0002538492792920622,0.0,-0.2,0.0,1.2012,1.2012,-2.962962962962963,-2.962962962962963,1.201199847177409,1.201203144235845,-2.2783485955409972,-2.250681739181923,-0.006867302485447007,3.2618031960847575e-05
Y-,4.1000000000000005,0.6000000000000005,3.235129363001761,0.0,-0.028535877994764064,-0.02843999536617428,6.2486975670171805e-06,-0.042528054259581435,-0.13223596732868906,-0.009003335999317538,-0.03203597169046343,-0.02923597547994306,3.701231406993418e-06,-0.07740668025471029,-0.12081662573169724,-2.5181467427849026e-05,-0.030407661713907665,-0.022592214549360244,-0.0002538492792920622,0.0,-0.2,0.0,1.2012,1.2012,-2.962962962962963,-2.962962962962963,1.201199847177409,1.201203144235845,-2.2783485955409972,-2.250681739181923,-0.006867302485447007,3.2618031960847575e-05
Y-,4.1000000000000005,0.6000000000000005,3.2643509920017095,0.0,-0.028535877994764064,-0.02843999536617428,6.2486975670171805e-06,-0.042528054259581435,-0.13223596732868906,-0.009003335999317538,-0.03203597169046343,-0.02923597547994306,3.701231406993418e-06,-0.07740668025471029,-0.12081662573169724,-2.5181467427849026e-05,-0.030407661713907665,-0.022592214549360244,-0.0002538492792920622,0.0,-0.2,0.0,1.2012,1.2012,-2.962962962962963,-2.962962962962963,1.201199847177409,1.201203144235845,-2.2783485955409972,-2.250681739181923,-0.006867302485447007,3.2618031960847575e-05
Y-,4.1000000000000005,0.6000000000000005,3.2950206660025287,0.0,-0.028535877994764064,-0.02843999536617428,6.2486975670171805e-06,-0.042528054259581435,-0.13223596732868906,-0.009003335999317538,-0.03203597169046343,-0.02923597547994306,3.701231406993418e-06,-0.07740668025471029,-0.12081662573169724,-2.5181467427849026e-05,-0.030407661713907665,-0.022592214549360244,-0.0002538492792920622,0.0,-0.2,0.0,1.2012,1.2012,-2.962962962962963,-2.962962962962963,1.201199847177409,1.201203144235845,-2.2783485955409972,-2.250681739181923,-0.006867302485447007,3.2618031960847575e-05
Y-,4.1000000000000005,0.6000000000000005,3.334584183001425,0.0,-0.028535877994764064,-0.02843999536617428,6.2486975670171805e-06,-0.042528054259581435,-0.13223596732868906,-0.009003335999317538,-0.03203597169046343,-0.02923597547994306,3.701231406993418e-06,-0.07740668025471029,-0.12081662573169724,-2.5181467427849026e-05,-0.030407661713907665,-0.022592214549360244,-0.0002538492792920622,0.0,-0.2,0.0,1.2012,1.2012,-2.962962962962963,-2.962962962962963,1.201199847177409,1.201203144235845,-2.2783485955409972,-2.250681739181923,-0.006867302485447007,3.2618031960847575e-05
Y-,4.1000000000000005,0.6000000000000005,3.3612428960004763,0.0,-0.028535877994764064,-0.02843999536617428,6.2486975670171805e-06,-0.042528054259581435,-0.13223596732868906,-0.009003335999317538,-0.03203597169046343,-0.02923597547994306,3.701231406993418e-06,-0.07740668025471029,-0.12081662573169724,-2.5181467427849026e-05,-0.030407661713907665,-0.022592214549360244,-0.0002538492792920622,0.0,-0.2,0.0,1.2012,1.2012,-2.962962962962963,-2.962962962962963,1.201199847177409,1.201203144235845,-2.2783485955409972,-2.250681739181923,-0.006867302485447007,3.2618031960847575e-05
Y-,4.1000000000000005,0.6000000000000005,3.3905363049998414,0.0,-0.028535877994764064,-0.02843999536617428,6.2486975670171805e-06,-0.042528054259581435,-0.13223596732868906,-0.009003335999317538,-0.03203597169046343,-0.02923597547994306,3.701231406993418e-06,-0.07740668025471029,-0.12081662573169724,-2.5181467427849026e-05,-0.030407661713907665,-0.022592214549360244,-0.0002538492792920622,0.0,-0.2,0.0,1.2012,1.2012,-2.962962962962963,-2.962962962962963,1.201199847177409,1.201203144235845,-2.2783485955409972,-2.250681739181923,-0.006867302485447007,3.2618031960847575e-05
Y-,4.1000000000000005,0.6000000000000005,3.4237713250004163,0.0,-0.028663825340415065,-0.02883544068150145,-1.67221318709807e-05,-0.04300004786924052,-0.13187901903331128,-0.007434725618519157,-0.03203597169046343,-0.02923597547994306,3.701231406993418e-06,-0.07740668025471029,-0.12081662573169724,-2.5181467427849026e-05,-0.030407661713907665,-0.022592214549360244,-0.0002538492792920622,0.0,-0.2,0.0,1.2012,1.2012,-2.962962962962963,-2.962962962962963,1.201199847177409,1.201203144235845,-2.2783485955409972,-2.250681739181923,-0.006867302485447007,3.2618031960847575e-05
Y-,4.1000000000000005,0.6000000000000005,3.4549561950007046,0.0,-0.029333749692360866,-0.030668536207797803,-3.0031464587965244e-05,-0.051408708472434346,-0.129647613754552,0.002763144874415885,-0.03203597169046343,-0.02923597547994306,3.701231406993418e-06,-0.07740668025471029,-0.12081662573169724,-2.5181467427849026e-05,-0.030407661713907665,-0.022592214549360244,-0.0002538492792920622,0.0,-0.2,0.0,1.2012,1.2012,-2.962962962962963,-2.962962962962963,1.2012001781544557,1.2011966581560234,-2.2812571103674846,-2.2446260024653513,0.0027727335463073404,-3.0031464587965244e-05
Y-,4.1000000000000005,0.6000000000000005,3.4902532220003195,0.0,-0.030307836640511593,-0.03316850635868698,5.842544077337435e-05,-0.05102110265124883,-0.13143862691485841,0.0038413461119520083,-0.03203597169046343,-0.02923597547994306,3.701231406993418e-06,-0.07740668025471029,-0.12081662573169724,-2.5181467427849026e-05,-0.030407661713907665,-0.022592214549360244,-0.0002538492792920622,0.0,-0.2,0.0,1.2012,1.2012,-2.962962962962963,-2.962962962962963,1.2011855377806446,1.201190091596552,-2.2908132363138387,-2.3199964178862684,0.004262084714891892,1.582434632500993e-05
Y-,4.1000000000000005,0.6000000000000005,3.530201798002963,0.0,-0.031176922781773538,-0.035425108678115894,0.00010289085139565465,-0.05158381678417088,-0.13211246492769135,0.00040083393319608363,-0.03203597169046343,-0.02923597547994306,3.701231406993418e-06,-0.07740668025471029,-0.12081662573169724,-2.5181467427849026e-05,-0.030407661713907665,-0.022592214549360244,-0.0002538492792920622,0.0,-0.2,0.0,1.2012,1.2012,-2.962962962962963,-2.962962962962963,1.2011886801238711,1.2011879427614973,-2.335810298758481,-2.34729712125706,0.002629150321688452,9.62802174859689e-05
Y-,4.1000000000000005,0.6000000000000005,3.5597735440023826,0.0,-0.03189998747183764,-0.037291606670477304,9.336178169119873e-05,-0.0519322996062366,-0.1325966016173813,-0.0022476789882042076,-0.03203597169046343,-0.02923597547994306,3.701231406993418e-06,-0.07740668025471029,-0.12081662573169724,-2.5181467427849026e-05,-0.030407661713907665,-0.022592214549360244,-0.0002538492792920622,0.0,-0.2,0.0,1.2012,1.2012,-2.962962962962963,-2.962962962962963,1.2011905659778783,1.2011882388046482,-2.3863753092200772,-2.3653909661521353,-0.001582724499293748,0.00010338391079100588
Y-,4.1000000000000005,0.6000000000000005,3.595785932000581,0.0,-0.03273060820935704,-0.03943276287127804,5.60574393311782e-05,-0.05213334347045549,-0.13309848908740082,-0.002840815078794376,-0.03754161833323803,-0.04344753395527033,-0.00027164046548298513,-0.05505699243003456,-0.1421153809755766,-0.002753416968899785,-0.04200749480748284,-0.04480381183319362,0.0001324409716958463,0.0,-0.2,0.0,1.2012,1.2012,-2.962962962962963,-2.962962962962963,1.201190609195284,1.20118907367078,-2.4064905996447066,-2.3786750460626926,-0.0020117815595460534,6.083902991856635e-05
Y-,4.2,0.7000000000000002,3.6289345220029645,0.09999999999999964,-0.0335905801731726,-0.04172075038331162,1.637392708183344e-05,-0.039672481805165,-0.13604039923806774,-0.006962100194635265,-0.03754161833323803,-0.04344753395527033,-0.00027164046548298513,-0.05505699243003456,-0.1421153809755766,-0.002753416968899785,-0.04200749480748284,-0.04480381183319362,0.0001324409716958463,0.0,-0.2,0.0,1.4014000000000006,1.4014000000000006,-2.962962962962963,-2.962962962962963,1.2011891260701768,1.201190346956282,-2.434782812586466,-2.4146841703701494,-0.0023536310317450867,3.633326094550783e-05
Y-,4.2,0.7000000000000002,3.6556213889998617,0.0,-0.0335905801731726,-0.04172075038331162,1.637392708183344e-05,-0.039672481805165,-0.13604039923806774,-0.006962100194635265,-0.03754161833323803,-0.04344753395527033,-0.00027164046548298513,-0.05505699243003456,-0.1421153809755766,-0.002753416968899785,-0.04200749480748284,-0.04480381183319362,0.0001324409716958463,0.0,-0.2,0.0,1.4014000000000006,1.4014000000000006,-2.962962962962963,-2.962962962962963,1.2011891260701768,1.201190346956282,-2.434782812586466,-2.4146841703701494,-0.0023536310317450867,3.633326094550783e-05
Y-,4.2,0.7000000000000002,3.6846382719995745,0.0,-0.0335905801731726,-0.04172075038331162,1.637392708183344e-05,-0.039672481805165,-0.13604039923806774,-0.006962100194635265,-0.03754161833323803,-0.04344753395527033,-0.00027164046548298513,-0.05505699243003456,-0.1421153809755766,-0.002753416968899785,-0.04200749480748284,-0.04480381183319362,0.0001324409716958463,0.0,-0.2,0.0,1.4014000000000006,1.4014000000000006,-2.962962962962963,-2.962962962962963,1.2011891260701768,1.201190346956282,-2.434782812586466,-2.4146841703701494,-0.0023536310317450867,3.633326094550783e-05
Y-,4.2,0.7000000000000002,3.7107220090001647,0.0,-0.0335905801731726,-0.04172075038331162,1.637392708183344e-05,-0.039672481805165,-0.13604039923806774,-0.006962100194635265,-0.03754161833323803,-0.04344753395527033,-0.00027164046548298513,-0.05505699243003456,-0.1421153809755766,-0.002753416968899785,-0.04200749480748284,-0.04480381183319362,0.0001324409716958463,0.0,-0.2,0.0,1.4014000000000006,1.4014000000000006,-2.962962962962963,-2.962962962962963,1.2011891260701768,1.201190346956282,-2.434782812586466,-2.4146841703701494,-0.0023536310317450867,3.633326094550783e-05
Y-,4.2,0.7000000000000002,3.743425038002897,0.0,-0.0335905801731726,-0.04172075038331162,1.637392708183344e-05,-0.039672481805165,-0.13604039923806774,-0.006962100194635265,-0.03754161833323803,-0.04344753395527033,-0.00027164046548298513,-0.05505699243003456,-0.1421153809755766,-0.002753416968899785,-0.04200749480748284,-0.04480381183319362,0.0001324409716958463,0.0,-0.2,0.0,1.4014000000000006,1.4014000000000006,-2.962962962962963,-2.962962962962963,1.2011891260701768,1.201190346956282,-2.434782812586466,-2.4146841703701494,-0.0023536310317450867,3.633326094550783e-05
Y-,4.2,0.7000000000000002,3.772525251002662,0.0,-0.0335905801731726,-0.04172075038331162,1.637392708183344e-05,-0.039672481805165,-0.13604039923806774,-0.006962100194635265,-0.03754161833323803,-0.04344753395527033,-0.00027164046548298513,-0.05505699243003456,-0.1421153809755766,-0.002753416968899785,-0.04200749480748284,-0.04480381183319362,0.0001324409716958463,0.0,-0.2,0.0,1.4014000000000006,1.4014000000000006,-2.962962962962963,-2.962962962962963,1.2011891260701768,1.201190346956282,-2.434782812586466,-2.4146841703701494,-0.0023536310317450867,3.633326094550783e-05
Y-,4.2,0.7000000000000002,3.80215809800211,0.0,-0.0335905801731726,-0.04172075038331162,1.637392708183344e-05,-0.039672481805165,-0.13604039923806774,-0.006962100194635265,-0.03754161833323803,-0.04344753395527033,-0.00027164046548298513,-0.05505699243003456,-0.1421153809755766,-0.002753416968899785,-0.04200749480748284,-0.04480381183319362,0.0001324409716958463,0.0,-0.2,0.0,1.4014000000000006,1.4014000000000006,-2.962962962962963,-2.962962962962963,1.2011891260701768,1.201190346956282,-2.434782812586466,-2.4146841703701494,-0.0023536310317450867,3.633326094550783e-05
Y-,4.2,0.7000000000000002,3.831520730000193,0.0,-0.0335905801731726,-0.04172075038331162,1.637392708183344e-05,-0.039672481805165,-0.13604039923806774,-0.006962100194635265,-0.03754161833323803,-0.04344753395527033,-0.00027164046548298513,-0.05505699243003456,-0.1421153809755766,-0.002753416968899785,-0.04200749480748284,-0.04480381183319362,0.0001324409716958463,0.0,-0.2,0.0,1.4014000000000006,1.4014000000000006,-2.962962962962963,-2.962962962962963,1.2011891260701768,1.201190346956282,-2.434782812586466,-2.4146841703701494,-0.0023536310317450867,3.633326094550783e-05
Y-,4.2,0.7000000000000002,3.862182032000419,0.0,-0.0335905801731726,-0.04172075038331162,1.637392708183344e-05,-0.039672481805165,-0.13604039923806774,-0.006962100194635265,-0.03754161833323803,-0.04344753395527033,-0.00027164046548298513,-0.05505699243003456,-0.1421153809755766,-0.002753416968899785,-0.04200749480748284,-0.04480381183319362,0.0001324409716958463,0.0,-0.2,0.0,1.4014000000000006,1.4014000000000006,-2.962962962962963,-2.962962962962963,1.2011891260701768,1.201190346956282,-2.434782812586466,-2.4146841703701494,-0.0023536310317450867,3.633326094550783e-05
Y-,4.2,0.7000000000000002,3.8866737829994236,0.0,-0.0335905801731726,-0.04172075038331162,1.637392708183344e-05,-0.039672481805165,-0.13604039923806774,-0.006962100194635265,-0.03754161833323803,-0.04344753395527033,-0.00027164046548298513,-0.05505699243003456,-0.1421153809755766,-0.002753416968899785,-0.04200749480748284,-0.04480381183319362,0.0001324409716958463,0.0,-0.2,0.0,1.4014000000000006,1.4014000000000006,-2.962962962962963,-2.962962962962963,1.2011891260701768,1.201190346956282,-2.434782812586466,-2.4146841703701494,-0.0023536310317450867,3.633326094550783e-05
Y-,4.2,0.7000000000000002,3.9123846479997155,0.0,-0.0335905801731726,-0.04172075038331162,1.637392708183344e-05,-0.039672481805165,-0.13604039923806774,-0.006962100194635265,-0.03754161833323803,-0.04344753395527033,-0.00027164046548298513,-0.05505699243003456,-0.1421153809755766,-0.002753416968899785,-0.04200749480748284,-0.04480381183319362,0.0001324409716958463,0.0,-0.2,0.0,1.4014000000000006,1.4014000000000006,-2.962962962962963,-2.962962962962963,1.2011891260701768,1.201190346956282,-2.434782812586466,-2.4146841703701494,-0.0023536310317450867,3.633326094550783e-05
Y-,4.2,0.7000000000000002,3.947688249001658,0.0,-0.0335905801731726,-0.04172075038331162,1.637392708183344e-05,-0.039672481805165,-0.13604039923806774,-0.006962100194635265,-0.03754161833323803,-0.04344753395527033,-0.00027164046548298513,-0.05505699243003456,-0.1421153809755766,-0.002753416968899785,-0.04200749480748284,-0.04480381183319362,0.0001324409716958463,0.0,-0.2,0.0,1.4014000000000006,1.4014000000000006,-2.962962962962963,-2.962962962962963,1.2011891260701768,1.201190346956282,-2.434782812586466,-2.4146841703701494,-0.0023536310317450867,3.633326094550783e-05
Y-,4.2,0.7000000000000002,3.9809959900012473,0.0,-0.033822162202270724,-0.04283127348922137,-7.627976237268903e-05,-0.020609521183469936,-0.1395363502158506,-0.014968588227867891,-0.03754161833323803,-0.04344753395527033,-0.00027164046548298513,-0.05505699243003456,-0.1421153809755766,-0.002753416968899785,-0.04200749480748284,-0.04480381183319362,0.0001324409716958463,0.0,-0.2,0.0,1.4014000000000006,1.4014000000000006,-2.962962962962963,-2.962962962962963,1.4013993152400515,1.4014087274137035,-2.4325387204112396,-2.376281116854891,-0.011921011271180317,-9.751464218017652e-06
Y-,4.2,0.7000000000000002,4.0112767800019355,0.0,-0.03414082702197692,-0.045079163795757424,-0.0002584986005396696,-0.02375636117607595,-0.13911607465507053,-0.006105008878393019,-0.03754161833323803,-0.04344753395527033,-0.00027164046548298513,-0.05505699243003456,-0.1421153809755766,-0.002753416968899785,-0.04200749480748284,-0.04480381183319362,0.0001324409716958463,0.0,-0.2,0.0,1.4014000000000006,1.4014000000000006,-2.962962962962963,-2.962962962962963,1.401400203620776,1.401400010760197,-2.468576099657804,-2.375666424490132,-0.005590373294537463,-0.0002584986005396696
Y-,4.2,0.7000000000000002,4.0435820929997135,0.0,-0.03453465710896996,-0.047327848543362125,-0.0002779205258623834,-0.024432006024502753,-0.1395944198774029,0.0016595752000612446,-0.03754161833323803,-0.04344753395527033,-0.00027164046548298513,-0.05505699243003456,-0.1421153809755766,-0.002753416968899785,-0.04200749480748284,-0.04480381183319362,0.0001324409716958463,0.0,-0.2,0.0,1.4014000000000006,1.4014000000000006,-2.962962962962963,-2.962962962962963,1.401383215961606,1.401396287702151,-2.4640155497979896,-2.4489640929853955,-0.0027154346900965325,-0.0002840187835185475
Y-,4.2,0.7000000000000002,4.073343018000742,0.0,-0.03498636687676679,-0.050007763976713006,-0.0001765717491009291,-0.023810897885551904,-0.13990770273191055,0.007721300123079569,-0.03754161833323803,-0.04344753395527033,-0.00027164046548298513,-0.05505699243003456,-0.1421153809755766,-0.002753416968899785,-0.04200749480748284,-0.04480381183319362,0.0001324409716958463,0.0,-0.2,0.0,1.4014000000000006,1.4014000000000006,-2.962962962962963,-2.962962962962963,1.4013820691591752,1.401394208781105,-2.4677486444588186,-2.5099638228629226,0.0038935847259348993,-0.00021405905635267145
Y-,4.2,0.7000000000000002,4.102281011000741,0.0,-0.03538782584300679,-0.05240757322957084,-1.339410054009714e-05,-0.02373743207944067,-0.1398384839186627,0.010201373886495077,-0.03754161833323803,-0.04344753395527033,-0.00027164046548298513,-0.05505699243003456,-0.1421153809755766,-0.002753416968899785,-0.04200749480748284,-0.04480381183319362,0.0001324409716958463,0.0,-0.2,0.0,1.4014000000000006,1.4014000000000006,-2.962962962962963,-2.962962962962963,1.4013818060868806,1.401392265462948,-2.474957435909475,-2.533792427161789,0.011298053953954126,-3.431205512570705e-05
Y-,4.2,0.7000000000000002,4.133824549000565,0.0,-0.03573452200218883,-0.05508614753280524,0.00013468772374732502,-0.003381108924570381,-0.13947824318524887,-0.00011522656808376288,-0.040235544282065244,-0.05917129846684121,0.0003440098289834434,-0.026896546387782383,-0.15724495710743763,0.0061565029446642855,-0.046170824017970014,-0.0642298203960492,-0.0005254715175877499,0.0,-0.2,0.0,1.5707963267948966,1.5707963267948966,-2.962962962962963,-2.962962962962963,1.4013832876405754,1.4013881505689216,-2.5020778980924723,-2.569861646878793,-4.0852879718438146e-05,0.00013508928896383777
Y-,4.300000000000001,0.8000000000000007,4.158704126002704,0.10000000000000053,-0.03573452200218883,-0.05508614753280524,0.00013468772374732502,-0.003381108924570381,-0.13947824318524887,-0.00011522656808376288,-0.040235544282065244,-0.05917129846684121,0.0003440098289834434,-0.026896546387782383,-0.15724495710743763,0.0061565029446642855,-0.046170824017970014,-0.0642298203960492,-0.0005254715175877499,0.0,-0.2,0.0,1.5707963267948966,1.5707963267948966,-2.962962962962963,-2.962962962962963,1.4013832876405754,1.4013881505689216,-2.5020778980924723,-2.569861646878793,-4.0852879718438146e-05,0.00013508928896383777
Y-,4.300000000000001,0.8000000000000007,4.18959254299989,0.0,-0.03573452200218883,-0.05508614753280524,0.00013468772374732502,-0.003381108924570381,-0.13947824318524887,-0.00011522656808376288,-0.040235544282065244,-0.05917129846684121,0.0003440098289834434,-0.026896546387782383,-0.15724495710743763,0.0061565029446642855,-0.046170824017970014,-0.0642298203960492,-0.0005254715175877499,0.0,-0.2,0.0,1.5707963267948966,1.5707963267948966,-2.962962962962963,-2.962962962962963,1.4013832876405754,1.4013881505689216,-2.5020778980924723,-2.569861646878793,-4.0852879718438146e-05,0.00013508928896383777
Y-,4.300000000000001,0.8000000000000007,4.213938272001542,0.0,-0.03573452200218883,-0.05508614753280524,0.00013468772374732502,-0.003381108924570381,-0.13947824318524887,-0.00011522656808376288,-0.040235544282065244,-0.05917129846684121,0.0003440098289834434,-0.026896546387782383,-0.15724495710743763,0.0061565029446642855,-0.046170824017970014,-0.0642298203960492,-0.0005254715175877499,0.0,-0.2,0.0,1.5707963267948966,1.5707963267948966,-2.962962962962963,-2.962962962962963,1.4013832876405754,1.4013881505689216,-2.5020778980924723,-2.569861646878793,-4.0852879718438146e-05,0.00013508928896383777
Y-,4.300000000000001,0.8000000000000007,4.246972026001458,0.0,-0.03573452200218883,-0.05508614753280524,0.00013468772374732502,-0.003381108924570381,-0.13947824318524887,-0.00011522656808376288,-0.040235544282065244,-0.05917129846684121,0.0003440098289834434,-0.026896546387782383,-0.15724495710743763,0.0061565029446642855,-0.046170824017970014,-0.0642298203960492,-0.0005254715175877499,0.0,-0.2,0.0,1.5707963267948966,1.5707963267948966,-2.962962962962963,-2.962962962962963,1.4013832876405754,1.4013881505689216,-2.5020778980924723,-2.569861646878793,-4.0852879718438146e-05,0.00013508928896383777
Y-,4.300000000000001,0.8000000000000007,4.278413254000043,0.0,-0.03573452200218883,-0.05508614753280524,0.00013468772374732502,-0.003381108924570381,-0.13947824318524887,-0.00011522656808376288,-0.040235544282065244,-0.05917129846684121,0.0003440098289834434,-0.026896546387782383,-0.15724495710743763,0.0061565029446642855,-0.046170824017970014,-0.0642298203960492,-0.0005254715175877499,0.0,-0.2,0.0,1.5707963267948966,1.5707963267948966,-2.962962962962963,-2.962962962962963,1.4013832876405754,1.4013881505689216,-2.5020778980924723,-2.569861646878793,-4.0852879718438146e-05,0.00013508928896383777
Y-,4.300000000000001,0.8000000000000007,4.306116435000149,0.0,-0.03573452200218883,-0.05508614753280524,0.00013468772374732502,-0.003381108924570381,-0.13947824318524887,-0.00011522656808376288,-0.040235544282065244,-0.05917129846684121,0.0003440098289834434,-0.026896546387782383,-0.15724495710743763,0.0061565029446642855,-0.046170824017970014,-0.0642298203960492,-0.0005254715175877499,0.0,-0.2,0.0,1.5707963267948966,1.5707963267948966,-2.962962962962963,-2.962962962962963,1.4013832876405754,1.4013881505689216,-2.5020778980924723,-2.569861646878793,-4.0852879718438146e-05,0.00013508928896383777
Y-,4.300000000000001,0.8000000000000007,4.3421112400028505,0.0,-0.03573452200218883,-0.05508614753280524,0.00013468772374732502,-0.003381108924570381,-0.13947824318524887,-0.00011522656808376288,-0.040235544282065244,-0.05917129846684121,0.0003440098289834434,-0.026896546387782383,-0.15724495710743763,0.0061565029446642855,-0.046170824017970014,-0.0642298203960492,-0.0005254715175877499,0.0,-0.2,0.0,1.5707963267948966,1.5707963267948966,-2.962962962962963,-2.962962962962963,1.4013832876405754,1.4013881505689216,-2.5020778980924723,-2.569861646878793,-4.0852879718438146e-05,0.00013508928896383777
Y-,4.300000000000001,0.8000000000000007,4.3670425830023305,0.0,-0.03573452200218883,-0.05508614753280524,0.00013468772374732502,-0.003381108924570381,-0.13947824318524887,-0.00011522656808376288,-0.040235544282065244,-0.05917129846684121,0.0003440098289834434,-0.026896546387782383,-0.15724495710743763,0.0061565029446642855,-0.046170824017970014,-0.0642298203960492,-0.0005254715175877499,0.0,-0.2,0.0,1.5707963267948966,1.5707963267948966,-2.962962962962963,-2.962962962962963,1.4013832876405754,1.4013881505689216,-2.5020778980924723,-2.569861646878793,-4.0852879718438146e-05,0.00013508928896383777
Y-,4.300000000000001,0.8000000000000007,4.394104618000711,0.0,-0.03573452200218883,-0.05508614753280524,0.00013468772374732502,-0.003381108924570381,-0.13947824318524887,-0.00011522656808376288,-0.040235544282065244,-0.05917129846684121,0.0003440098289834434,-0.026896546387782383,-0.15724495710743763,0.0061565029446642855,-0.046170824017970014,-0.0642298203960492,-0.0005254715175877499,0.0,-0.2,0.0,1.5707963267948966,1.5707963267948966,-2.962962962962963,-2.962962962962963,1.4013832876405754,1.4013881505689216,-2.5020778980924723,-2.569861646878793,-4.0852879718438146e-05,0.00013508928896383777
Y-,4.300000000000001,0.8000000000000007,4.428778322002472,0.0,-0.03573452200218883,-0.05508614753280524,0.00013468772374732502,-0.003381108924570381,-0.13947824318524887,-0.00011522656808376288,-0.040235544282065244,-0.05917129846684121,0.0003440098289834434,-0.026896546387782383,-0.15724495710743763,0.0061565029446642855,-0.046170824017970014,-0.0642298203960492,-0.0005254715175877499,0.0,-0.2,0.0,1.5707963267948966,1.5707963267948966,-2.962962962962963,-2.962962962962963,1.4013832876405754,1.4013881505689216,-2.5020778980924723,-2.569861646878793,-4.0852879718438146e-05,0.00013508928896383777
Y-,4.300000000000001,0.8000000000000007,4.46461378100139,0.0,-0.03573452200218883,-0.05508614753280524,0.00013468772374732502,-0.003381108924570381,-0.13947824318524887,-0.00011522656808376288,-0.040235544282065244,-0.05917129846684121,0.0003440098289834434,-0.026896546387782383,-0.15724495710743763,0.0061565029446642855,-0.046170824017970014,-0.0642298203960492,-0.0005254715175877499,0.0,-0.2,0.0,1.5707963267948966,1.5707963267948966,-2.962962962962963,-2.962962962962963,1.4013832876405754,1.4013881505689216,-2.5020778980924723,-2.569861646878793,-4.0852879718438146e-05,0.00013508928896383777
Y-,4.300000000000001,0.8000000000000007,4.50017797700275,0.0,-0.035735389311757876,-0.05522700829173735,0.00013324250827581398,-0.0009540933081279388,-0.1394430090786844,-0.0012896540397592153,-0.040235544282065244,-0.05917129846684121,0.0003440098289834434,-0.026896546387782383,-0.15724495710743763,0.0061565029446642855,-0.046170824017970014,-0.0642298203960492,-0.0005254715175877499,0.0,-0.2,0.0,1.5707963267948966,1.5707963267948966,-2.962962962962963,-2.962962962962963,1.4013832876405754,1.4013881505689216,-2.5020778980924723,-2.569861646878793,-4.0852879718438146e-05,0.00013508928896383777
Y-,4.300000000000001,0.8000000000000007,4.531435881002835,0.0,-0.03569146860255539,-0.05677582716376145,8.420293047301096e-05,0.004112338787717565,-0.13924827923519653,-0.004629704200291919,-0.040235544282065244,-0.05917129846684121,0.0003440098289834434,-0.026896546387782383,-0.15724495710743763,0.0061565029446642855,-0.046170824017970014,-0.0642298203960492,-0.0005254715175877499,0.0,-0.2,0.0,1.5707963267948966,1.5707963267948966,-2.962962962962963,-2.962962962962963,1.5707954921314489,1.5707889989040655,-2.5578587684731042,-2.539509028970065,-0.007323080964868518,9.888860440858307e-05
Y-,4.300000000000001,0.8000000000000007,4.562414317999355,0.0,-0.03567856307865336,-0.05944863024851859,4.047245959040319e-05,-0.00035483395102117347,-0.1389069186571868,-0.0011023674912556867,-0.040235544282065244,-0.05917129846684121,0.0003440098289834434,-0.026896546387782383,-0.15724495710743763,0.0061565029446642855,-0.046170824017970014,-0.0642298203960492,-0.0005254715175877499,0.0,-0.2,0.0,1.5707963267948966,1.5707963267948966,-2.962962962962963,-2.962962962962963,1.570786258228301,1.5707817883120825,-2.5882253633295647,-2.5468930667980296,-0.0044395287364801216,4.132770711092747e-05
Y-,4.300000000000001,0.8000000000000007,4.594146587001887,0.0,-0.035679011670878655,-0.06211215145860057,3.823580044955647e-05,6.0384030215343434e-06,-0.13820886999415458,0.0004422885655121192,-0.040235544282065244,-0.05917129846684121,0.0003440098289834434,-0.026896546387782383,-0.15724495710743763,0.0061565029446642855,-0.046170824017970014,-0.0642298203960492,-0.0005254715175877499,0.0,-0.2,0.0,1.5707963267948966,1.5707963267948966,-2.962962962962963,-2.962962962962963,1.570784227810135,1.5707809048237644,-2.6163642320467537,-2.6000951108011177,-0.0017803204066634748,3.6043654623026136e-05
Y-,4.300000000000001,0.8000000000000007,4.62092159399981,0.0,-0.03567858945428046,-0.06448176863759149,4.136602889519793e-05,-4.085516596539129e-05,-0.13724381473287087,-9.17784644581495e-05,-0.040235544282065244,-0.05917129846684121,0.0003440098289834434,-0.026896546387782383,-0.15724495710743763,0.0061565029446642855,-0.046170824017970014,-0.0642298203960492,-0.0005254715175877499,0.0,-0.2,0.0,1.5707963267948966,1.5707963267948966,-2.962962962962963,-2.962962962962963,1.5707844744400346,1.5707803377039733,-2.6614101377384514,-2.645808455526902,-0.00044349842922932153,4.147449148640671e-05
Y-,4.300000000000001,0.8000000000000007,4.660779317000561,0.0,-0.03567837602221062,-0.06724590671159004,4.065267397704809e-05,-3.5821516614671284e-05,-0.13572451634065283,-1.925525765521525e-05,-0.04022991788327714,-0.076227662955198,0.00017056523436909696,-2.4115845980774126e-06,-0.1705636541464461,-0.001734445946143465,-0.04644068841420464,-0.07789773679201942,0.00013024308919984406,0.0,-0.2,0.0,1.5707963267948966,1.5707963267948966,-2.962962962962963,-2.962962962962963,1.5707843702930546,1.5707795143777767,-2.7105300444080904,-2.6947014075372695,-0.0021881891820936445,4.069459864097049e-05
Y-,4.4,0.9000000000000004,4.690551725001569,0.09999999999999964,-0.03567820828021283,-0.06929744784907875,4.056156068210127e-05,-3.169988278738541e-05,-0.1342806268020381,-1.892480355429218e-05,-0.04022991788327714,-0.076227662955198,0.00017056523436909696,-2.4115845980774126e-06,-0.1705636541464461,-0.001734445946143465,-0.04644068841420464,-0.07789773679201942,0.00013024308919984406,0.0,-0.2,0.0,1.5707963267948966,1.5707963267948966,-2.962962962962963,-2.962962962962963,1.5707842608589297,1.5707784108704201,-2.7640548829284914,-2.748466004994593,0.003122505169907206,4.056156068210127e-05
Y-,4.4,0.9000000000000004,4.717548636002903,0.0,-0.03567820828021283,-0.06929744784907875,4.056156068210127e-05,-3.169988278738541e-05,-0.1342806268020381,-1.892480355429218e-05,-0.04022991788327714,-0.076227662955198,0.00017056523436909696,-2.4115845980774126e-06,-0.1705636541464461,-0.001734445946143465,-0.04644068841420464,-0.07789773679201942,0.00013024308919984406,0.0,-0.2,0.0,1.5707963267948966,1.5707963267948966,-2.962962962962963,-2.962962962962963,1.5707842608589297,1.5707784108704201,-2.7640548829284914,-2.748466004994593,0.003122505169907206,4.056156068210127e-05
Y-,4.4,0.9000000000000004,4.747589009999501,0.0,-0.03567820828021283,-0.06929744784907875,4.056156068210127e-05,-3.169988278738541e-05,-0.1342806268020381,-1.892480355429218e-05,-0.04022991788327714,-0.076227662955198,0.00017056523436909696,-2.4115845980774126e-06,-0.1705636541464461,-0.001734445946143465,-0.04644068841420464,-0.07789773679201942,0.00013024308919984406,0.0,-0.2,0.0,1.5707963267948966,1.5707963267948966,-2.962962962962963,-2.962962962962963,1.5707842608589297,1.5707784108704201,-2.7640548829284914,-2.748466004994593,0.003122505169907206,4.056156068210127e-05
Y-,4.4,0.9000000000000004,4.7718743740006175,0.0,-0.03567820828021283,-0.06929744784907875,4.056156068210127e-05,-3.169988278738541e-05,-0.1342806268020381,-1.892480355429218e-05,-0.04022991788327714,-0.076227662955198,0.00017056523436909696,-2.4115845980774126e-06,-0.1705636541464461,-0.001734445946143465,-0.04644068841420464,-0.07789773679201942,0.00013024308919984406,0.0,-0.2,0.0,1.5707963267948966,1.5707963267948966,-2.962962962962963,-2.962962962962963,1.5707842608589297,1.5707784108704201,-2.7640548829284914,-2.748466004994593,0.003122505169907206,4.056156068210127e-05
Y-,4.4,0.9000000000000004,4.799313307001285,0.0,-0.03567820828021283,-0.06929744784907875,4.056156068210127e-05,-3.169988278738541e-05,-0.1342806268020381,-1.892480355429218e-05,-0.04022991788327714,-0.076227662955198,0.00017056523436909696,-2.4115845980774126e-06,-0.1705636541464461,-0.001734445946143465,-0.04644068841420464,-0.07789773679201942,0.00013024308919984406,0.0,-0.2,0.0,1.5707963267948966,1.5707963267948966,-2.962962962962963,-2.962962962962963,1.5707842608589297,1.5707784108704201,-2.7640548829284914,-2.748466004994593,0.003122505169907206,4.056156068210127e-05
Y-,4.4,0.9000000000000004,4.823875819001842,0.0,-0.03567820828021283,-0.06929744784907875,4.056156068210127e-05,-3.169988278738541e-05,-0.1342806268020381,-1.892480355429218e-05,-0.04022991788327714,-0.076227662955198,0.00017056523436909696,-2.4115845980774126e-06,-0.1705636541464461,-0.001734445946143465,-0.04644068841420464,-0.07789773679201942,0.00013024308919984406,0.0,-0.2,0.0,1.5707963267948966,1.5707963267948966,-2.962962962962963,-2.962962962962963,1.5707842608589297,1.5707784108704201,-2.7640548829284914,-2.748466004994593,0.003122505169907206,4.056156068210127e-05
Y-,4.4,0.9000000000000004,4.857848326999374,0.0,-0.03567820828021283,-0.06929744784907875,4.056156068210127e-05,-3.169988278738541e-05,-0.1342806268020381,-1.892480355429218e-05,-0.04022991788327714,-0.076227662955198,0.00017056523436909696,-2.4115845980774126e-06,-0.1705636541464461,-0.001734445946143465,-0.04644068841420464,-0.07789773679201942,0.00013024308919984406,0.0,-0.2,0.0,1.5707963267948966,1.5707963267948966,-2.962962962962963,-2.962962962962963,1.5707842608589297,1.5707784108704201,-2.7640548829284914,-2.748466004994593,0.003122505169907206,4.056156068210127e-05
Y-,4.4,0.9000000000000004,4.89286757300215,0.0,-0.03567820828021283,-0.06929744784907875,4.056156068210127e-05,-3.169988278738541e-05,-0.1342806268020381,-1.892480355429218e-05,-0.04022991788327714,-0.076227662955198,0.00017056523436909696,-2.4115845980774126e-06,-0.1705636541464461,-0.001734445946143465,-0.04644068841420464,-0.07789773679201942,0.00013024308919984406,0.0,-0.2,0.0,1.5707963267948966,1.5707963267948966,-2.962962962962963,-2.962962962962963,1.5707842608589297,1.5707784108704201,-2.7640548829284914,-2.748466004994593,0.003122505169907206,4.056156068210127e-05
Y-,4.4,0.9000000000000004,4.918549324000196,0.0,-0.03567820828021283,-0.06929744784907875,4.056156068210127e-05,-3.169988278738541e-05,-0.1342806268020381,-1.892480355429218e-05,-0.04022991788327714,-0.076227662955198,0.00017056523436909696,-2.4115845980774126e-06,-0.1705636541464461,-0.001734445946143465,-0.04644068841420464,-0.07789773679201942,0.00013024308919984406,0.0,-0.2,0.0,1.5707963267948966,1.5707963267948966,-2.962962962962963,-2.962962962962963,1.5707842608589297,1.5707784108704201,-2.7640548829284914,-2.748466004994593,0.003122505169907206,4.056156068210127e-05
Y-,4.4,0.9000000000000004,4.9450923730000795,0.0,-0.03567820828021283,-0.06929744784907875,4.056156068210127e-05,-3.169988278738541e-05,-0.1342806268020381,-1.892480355429218e-05,-0.04022991788327714,-0.076227662955198,0.00017056523436909696,-2.4115845980774126e-06,-0.1705636541464461,-0.001734445946143465,-0.04644068841420464,-0.07789773679201942,0.00013024308919984406,0.0,-0.2,0.0,1.5707963267948966,1.5707963267948966,-2.962962962962963,-2.962962962962963,1.5707842608589297,1.5707784108704201,-2.7640548829284914,-2.748466004994593,0.003122505169907206,4.056156068210127e-05
Y-,4.4,0.9000000000000004,4.976396938000107,0.0,-0.03567820828021283,-0.06929744784907875,4.056156068210127e-05,-3.169988278738541e-05,-0.1342806268020381,-1.892480355429218e-05,-0.04022991788327714,-0.076227662955198,0.00017056523436909696,-2.4115845980774126e-06,-0.1705636541464461,-0.001734445946143465,-0.04644068841420464,-0.07789773679201942,0.00013024308919984406,0.0,-0.2,0.0,1.5707963267948966,1.5707963267948966,-2.962962962962963,-2.962962962962963,1.5707842608589297,1.5707784108704201,-2.7640548829284914,-2.748466004994593,0.003122505169907206,4.056156068210127e-05
Y-,4.4,0.9000000000000004,5.005486196001584,0.0,-0.03567820828021283,-0.06929744784907875,4.056156068210127e-05,-3.169988278738541e-05,-0.1342806268020381,-1.892480355429218e-05,-0.04022991788327714,-0.076227662955198,0.00017056523436909696,-2.4115845980774126e-06,-0.1705636541464461,-0.001734445946143465,-0.04644068841420464,-0.07789773679201942,0.00013024308919984406,0.0,-0.2,0.0,1.5707963267948966,1.5707963267948966,-2.962962962962963,-2.962962962962963,1.5707842608589297,1.5707784108704201,-2.7640548829284914,-2.748466004994593,0.003122505169907206,4.056156068210127e-05
Y-,4.4,0.9000000000000004,5.037641529001121,0.0,-0.03567799623291207,-0.07172886653480313,4.029961997377614e-05,-1.5186287197058222e-05,-0.13218798702497334,-5.782071764319423e-05,-0.04022991788327714,-0.076227662955198,0.00017056523436909696,-2.4115845980774126e-06,-0.1705636541464461,-0.001734445946143465,-0.04644068841420464,-0.07789773679201942,0.00013024308919984406,0.0,-0.2,0.0,1.5707963267948966,1.5707963267948966,-2.962962962962963,-2.962962962962963,1.5707841873743327,1.5707777321450864,-2.7927446030546124,-2.7768005268455487,-0.001038983610370622,4.0495741993685e-05
Y-,4.4,0.9000000000000004,5.065780003002146,0.0,-0.0356778373422351,-0.07306293495176532,3.965205182341504e-05,7.89399354847136e-06,-0.13084893203934742,-0.00014317278564202084,-0.04022991788327714,-0.076227662955198,0.00017056523436909696,-2.4115845980774126e-06,-0.1705636541464461,-0.001734445946143465,-0.04644068841420464,-0.07789773679201942,0.00013024308919984406,0.0,-0.2,0.0,1.5707963267948966,1.5707963267948966,-2.962962962962963,-2.962962962962963,1.5707840963472544,1.570776945574731,-2.8228073765607555,-2.806487081003484,-0.0030734120234800918,3.955521962432164e-05
Y-,4.4,0.9000000000000004,5.103043245002482,0.0,-0.03567727629597796,-0.0758190631772854,3.6059584800109754e-05,4.8581012377603474e-05,-0.12761923761332114,-0.0003052935546038958,-0.04022991788327714,-0.076227662955198,0.00017056523436909696,-2.4115845980774126e-06,-0.1705636541464461,-0.001734445946143465,-0.04644068841420464,-0.07789773679201942,0.00013024308919984406,0.0,-0.2,0.0,1.5707963267948966,1.5707963267948966,-2.962962962962963,-2.962962962962963,1.5707836474124033,1.5707739735189064,-2.9159580633170283,-2.8998797100603078,-0.0007044487561124167,3.584572944357436e-05
Y-,4.4,0.9000000000000004,5.132279659999767,0.0,-0.03567677663343457,-0.07825230967086763,3.2752110860506695e-05,7.098450321787283e-05,-0.12425064379702701,-0.0002765230875353251,-0.04022991788327714,-0.076227662955198,0.00017056523436909696,-2.4115845980774126e-06,-0.1705636541464461,-0.001734445946143465,-0.04644068841420464,-0.07789773679201942,0.00013024308919984406,0.0,-0.2,0.0,1.5707963267948966,1.5707963267948966,-2.962962962962963,-2.962962962962963,1.570783420086566,1.5707729344648405,-2.9443292318903787,-2.9296207199379243,-0.0020079380519250132,3.400816398916328e-05
Y-,4.4,0.9000000000000004,5.154599587000121,0.0,-0.035676444802767625,-0.07988040477214377,3.0887281080421834e-05,7.302919349306739e-05,-0.12176375399597507,-0.00026166899620600696,-0.04022991788327714,-0.076227662955198,0.00017056523436909696,-2.4115845980774126e-06,-0.1705636541464461,-0.001734445946143465,-0.04644068841420464,-0.07789773679201942,0.00013024308919984406,0.0,-0.2,0.0,1.5707963267948966,1.5707963267948966,-2.962962962962963,-2.962962962962963,1.5707829874860568,1.5707710537207884,-2.988387043092164,-2.9757781347303522,-0.0015135056429995586,3.1023911939595376e-05
Y-,4.5,1.0,5.193506916999468,0.09999999999999964,-0.03567594385754822,-0.08256334954005239,2.812358208244074e-05,9.154544835181079e-05,-0.11745909827095452,-0.00026380333017559526,-0.04022704434713795,-0.09522352882888227,3.671938841269236e-05,-3.6649820167905134e-06,-0.18995866087491026,-0.001338458459564046,-0.04010298043525334,-0.09731673142837906,3.980803926869925e-06,0.0,-0.2,0.0,1.5707963267948966,1.5707963267948966,-2.962962962962963,-2.962962962962963,1.5707826483355367,1.5707697343138873,-3.002355672278909,-2.9876849531841443,0.0019815486363381164,2.852759528204907e-05
Y-,4.5,1.0,5.221181237000565,0.0,-0.03567591107285392,-0.08268312672834267,2.7973910744557323e-05,9.309957538929026e-05,-0.1172668189448565,-0.0002704464222896647,-0.04022704434713795,-0.09522352882888227,3.671938841269236e-05,-3.6649820167905134e-06,-0.18995866087491026,-0.001338458459564046,-0.04010298043525334,-0.09731673142837906,3.980803926869925e-06,0.0,-0.2,0.0,1.5707963267948966,1.5707963267948966,-2.962962962962963,-2.962962962962963,1.5707826483355367,1.5707697343138873,-3.002355672278909,-2.9876849531841443,0.0019815486363381164,2.852759528204907e-05
Y-,4.5,1.0,5.248439462000533,0.0,-0.03567591107285392,-0.08268312672834267,2.7973910744557323e-05,9.309957538929026e-05,-0.1172668189448565,-0.0002704464222896647,-0.04022704434713795,-0.09522352882888227,3.671938841269236e-05,-3.6649820167905134e-06,-0.18995866087491026,-0.001338458459564046,-0.04010298043525334,-0.09731673142837906,3.980803926869925e-06,0.0,-0.2,0.0,1.5707963267948966,1.5707963267948966,-2.962962962962963,-2.962962962962963,1.5707826483355367,1.5707697343138873,-3.002355672278909,-2.9876849531841443,0.0019815486363381164,2.852759528204907e-05
Y-,4.5,1.0,5.275118472000031,0.0,-0.03567591107285392,-0.08268312672834267,2.7973910744557323e-05,9.309957538929026e-05,-0.1172668189448565,-0.0002704464222896647,-0.04022704434713795,-0.09522352882888227,3.671938841269236e-05,-3.6649820167905134e-06,-0.18995866087491026,-0.001338458459564046,-0.04010298043525334,-0.09731673142837906,3.980803926869925e-06,0.0,-0.2,0.0,1.5707963267948966,1.5707963267948966,-2.962962962962963,-2.962962962962963,1.5707826483355367,1.5707697343138873,-3.002355672278909,-2.9876849531841443,0.0019815486363381164,2.852759528204907e-05
Y-,4.5,1.0,5.301218894001067,0.0,-0.03567591107285392,-0.08268312672834267,2.7973910744557323e-05,9.309957538929026e-05,-0.1172668189448565,-0.0002704464222896647,-0.04022704434713795,-0.09522352882888227,3.671938841269236e-05,-3.6649820167905134e-06,-0.18995866087491026,-0.001338458459564046,-0.04010298043525334,-0.09731673142837906,3.980803926869925e-06,0.0,-0.2,0.0,1.5707963267948966,1.5707963267948966,-2.962962962962963,-2.962962962962963,1.5707826483355367,1.5707697343138873,-3.002355672278909,-2.9876849531841443,0.0019815486363381164,2.852759528204907e-05
Y-,4.5,1.0,5.3390103000019735,0.0,-0.03567591107285392,-0.08268312672834267,2.7973910744557323e-05,9.309957538929026e-05,-0.1172668189448565,-0.0002704464222896647,-0.04022704434713795,-0.09522352882888227,3.671938841269236e-05,-3.6649820167905134e-06,-0.18995866087491026,-0.001338458459564046,-0.04010298043525334,-0.09731673142837906,3.980803926869925e-06,0.0,-0.2,0.0,1.5707963267948966,1.5707963267948966,-2.962962962962963,-2.962962962962963,1.5707826483355367,1.5707697343138873,-3.002355672278909,-2.9876849531841443,0.0019815486363381164,2.852759528204907e-05
Y-,4.5,1.0,5.370187341002747,0.0,-0.03567591107285392,-0.08268312672834267,2.7973910744557323e-05,9.309957538929026e-05,-0.1172668189448565,-0.0002704464222896647,-0.04022704434713795,-0.09522352882888227,3.671938841269236e-05,-3.6649820167905134e-06,-0.18995866087491026,-0.001338458459564046,-0.04010298043525334,-0.09731673142837906,3.980803926869925e-06,0.0,-0.2,0.0,1.5707963267948966,1.5707963267948966,-2.962962962962963,-2.962962962962963,1.5707826483355367,1.5707697343138873,-3.002355672278909,-2.9876849531841443,0.0019815486363381164,2.852759528204907e-05
Y-,4.5,1.0,5.403647602001001,0.0,-0.03567591107285392,-0.08268312672834267,2.7973910744557323e-05,9.309957538929026e-05,-0.1172668189448565,-0.0002704464222896647,-0.04022704434713795,-0.09522352882888227,3.671938841269236e-05,-3.6649820167905134e-06,-0.18995866087491026,-0.001338458459564046,-0.04010298043525334,-0.09731673142837906,3.980803926869925e-06,0.0,-0.2,0.0,1.5707963267948966,1.5707963267948966,-2.962962962962963,-2.962962962962963,1.5707826483355367,1.5707697343138873,-3.002355672278909,-2.9876849531841443,0.0019815486363381164,2.852759528204907e-05
Y-,4.5,1.0,5.43692800899953,0.0,-0.03567591107285392,-0.08268312672834267,2.7973910744557323e-05,9.309957538929026e-05,-0.1172668189448565,-0.0002704464222896647,-0.04022704434713795,-0.09522352882888227,3.671938841269236e-05,-3.6649820167905134e-06,-0.18995866087491026,-0.001338458459564046,-0.04010298043525334,-0.09731673142837906,3.980803926869925e-06,0.0,-0.2,0.0,1.5707963267948966,1.5707963267948966,-2.962962962962963,-2.962962962962963,1.5707826483355367,1.5707697343138873,-3.002355672278909,-2.9876849531841443,0.0019815486363381164,2.852759528204907e-05
Y-,4.5,1.0,5.470369654001843,0.0,-0.03567591107285392,-0.08268312672834267,2.7973910744557323e-05,9.309957538929026e-05,-0.1172668189448565,-0.0002704464222896647,-0.04022704434713795,-0.09522352882888227,3.671938841269236e-05,-3.6649820167905134e-06,-0.18995866087491026,-0.001338458459564046,-0.04010298043525334,-0.09731673142837906,3.980803926869925e-06,0.0,-0.2,0.0,1.5707963267948966,1.5707963267948966,-2.962962962962963,-2.962962962962963,1.5707826483355367,1.5707697343138873,-3.002355672278909,-2.9876849531841443,0.0019815486363381164,2.852759528204907e-05
Y-,4.5,1.0,5.498371019002661,0.0,-0.03567591107285392,-0.08268312672834267,2.7973910744557323e-05,9.309957538929026e-05,-0.1172668189448565,-0.0002704464222896647,-0.04022704434713795,-0.09522352882888227,3.671938841269236e-05,-3.6649820167905134e-06,-0.18995866087491026,-0.001338458459564046,-0.04010298043525334,-0.09731673142837906,3.980803926869925e-06,0.0,-0.2,0.0,1.5707963267948966,1.5707963267948966,-2.962962962962963,-2.962962962962963,1.5707826483355367,1.5707697343138873,-3.002355672278909,-2.9876849531841443,0.0019815486363381164,2.852759528204907e-05
Y-,4.5,1.0,5.5316570840004715,0.0,-0.03567591107285392,-0.08268312672834267,2.7973910744557323e-05,9.309957538929026e-05,-0.1172668189448565,-0.0002704464222896647,-0.04022704434713795,-0.09522352882888227,3.671938841269236e-05,-3.6649820167905134e-06,-0.18995866087491026,-0.001338458459564046,-0.04010298043525334,-0.09731673142837906,3.980803926869925e-06,0.0,-0.2,0.0,1.5707963267948966,1.5707963267948966,-2.962962962962963,-2.962962962962963,1.5707826483355367,1.5707697343138873,-3.002355672278909,-2.9876849531841443,0.0019815486363381164,2.852759528204907e-05
Y-,4.5,1.0,5.581289546000335,0.0,-0.03567519994381971,-0.08504035982431779,2.3974908720391843e-05,7.329765207826072e-05,-0.11364546818284754,-0.0002712105682086661,-0.04022704434713795,-0.09522352882888227,3.671938841269236e-05,-3.6649820167905134e-06,-0.18995866087491026,-0.001338458459564046,-0.04010298043525334,-0.09731673142837906,3.980803926869925e-06,0.0,-0.2,0.0,1.5707963267948966,1.5707963267948966,-2.962962962962963,-2.962962962962963,1.5707825925929297,1.5707704466300783,-2.973959996291845,-2.948612288994042,-0.00080407214691253,2.454562233209262e-05
Y-,4.5,1.0,5.617715530999703,0.0,-0.035675296467035225,-0.08687761638166441,2.411693493492827e-05,-4.709592821417007e-05,-0.11120908724255107,0.00023942341417616477,-0.04022704434713795,-0.09522352882888227,3.671938841269236e-05,-3.6649820167905134e-06,-0.18995866087491026,-0.001338458459564046,-0.04010298043525334,-0.09731673142837906,3.980803926869925e-06,0.0,-0.2,0.0,1.5707963267948966,1.5707963267948966,-2.962962962962963,-2.962962962962963,1.5707831410709607,1.5707723976659658,-2.941456462249445,-2.9100083888734893,0.000597700324666847,2.3283193750842732e-05
Y-,4.5,1.0,5.643465984001523,0.0,-0.0356764814403811,-0.08834127064305941,2.996703078784869e-05,-0.00021514514879734885,-0.1092689378619296,0.0007096917779501349,-0.04022704434713795,-0.09522352882888227,3.671938841269236e-05,-3.6649820167905134e-06,-0.18995866087491026,-0.001338458459564046,-0.04010298043525334,-0.09731673142837906,3.980803926869925e-06,0.0,-0.2,0.0,1.5707963267948966,1.5707963267948966,-2.962962962962963,-2.962962962962963,1.5707883335912722,1.5707869479605732,-2.8767643193600523,-2.8376746814777998,0.002965871425052752,2.943123606699744e-05
Y-,4.5,1.0,5.68016254900067,0.0,-0.035677015655576,-0.09088327102347525,3.320005113832766e-05,3.576737822092174e-05,-0.1077547269196283,-0.00026285421669449967,-0.04022704434713795,-0.09522352882888227,3.671938841269236e-05,-3.6649820167905134e-06,-0.18995866087491026,-0.001338458459564046,-0.04010298043525334,-0.09731673142837906,3.980803926869925e-06,0.0,-0.2,0.0,1.5707963267948966,1.5707963267948966,-2.962962962962963,-2.962962962962963,1.5707963126216393,1.570801683746602,-2.6716317917093138,-2.629321924446211,-0.0018578071182543767,3.431364585167253e-05
Y-,4.5,1.0,5.708231209002406,0.0,-0.03567661370686483,-0.09242131274701872,3.150471134816935e-05,-4.4040308868798016e-05,-0.10811531439975404,8.671428660688084e-05,-0.040226379653361496,-0.11210706640169246,-0.0004124074916678983,4.474060222187132e-07,-0.1688353758583519,-0.0044912688008059065,-0.03796353556561261,-0.11551127915959242,0.00010937294145518811,0.0,-0.2,0.0,1.5707963267948966,1.5707963267948966,-2.962962962962963,-2.962962962962963,1.5707963324622458,1.570792800758837,-2.352537774095846,-2.2390589709253783,-0.0012806654080122382,3.123312414604384e-05
Y-,4.6000000000000005,1.1000000000000005,5.740822284002206,0.10000000000000053,-0.035676457203522055,-0.09387310415890254,3.290653397055102e-05,8.501564820366902e-05,-0.11024952927144692,7.22175538991732e-05,-0.040226379653361496,-0.11210706640169246,-0.0004124074916678983,4.474060222187132e-07,-0.1688353758583519,-0.0044912688008059065,-0.03796353556561261,-0.11551127915959242,0.00010937294145518811,0.0,-0.2,0.0,1.5707963267948966,1.5707963267948966,-2.962962962962963,-2.962962962962963,1.5707933146855586,1.5707815672428307,-2.1423258166519727,-2.0309536802141217,0.0015671727506832319,3.290653397055102e-05
Y-,4.6000000000000005,1.1000000000000005,5.772098159999587,0.0,-0.035676457203522055,-0.09387310415890254,3.290653397055102e-05,8.501564820366902e-05,-0.11024952927144692,7.22175538991732e-05,-0.040226379653361496,-0.11210706640169246,-0.0004124074916678983,4.474060222187132e-07,-0.1688353758583519,-0.0044912688008059065,-0.03796353556561261,-0.11551127915959242,0.00010937294145518811,0.0,-0.2,0.0,1.5707963267948966,1.5707963267948966,-2.962962962962963,-2.962962962962963,1.5707933146855586,1.5707815672428307,-2.1423258166519727,-2.0309536802141217,0.0015671727506832319,3.290653397055102e-05
Y-,4.6000000000000005,1.1000000000000005,5.798901395002758,0.0,-0.035676457203522055,-0.09387310415890254,3.290653397055102e-05,8.501564820366902e-05,-0.11024952927144692,7.22175538991732e-05,-0.040226379653361496,-0.11210706640169246,-0.0004124074916678983,4.474060222187132e-07,-0.1688353758583519,-0.0044912688008059065,-0.03796353556561261,-0.11551127915959242,0.00010937294145518811,0.0,-0.2,0.0,1.5707963267948966,1.5707963267948966,-2.962962962962963,-2.962962962962963,1.5707933146855586,1.5707815672428307,-2.1423258166519727,-2.0309536802141217,0.0015671727506832319,3.290653397055102e-05
Y-,4.6000000000000005,1.1000000000000005,5.82516746300098,0.0,-0.035676457203522055,-0.09387310415890254,3.290653397055102e-05,8.501564820366902e-05,-0.11024952927144692,7.22175538991732e-05,-0.040226379653361496,-0.11210706640169246,-0.0004124074916678983,4.474060222187132e-07,-0.1688353758583519,-0.0044912688008059065,-0.03796353556561261,-0.11551127915959242,0.00010937294145518811,0.0,-0.2,0.0,1.5707963267948966,1.5707963267948966,-2.962962962962963,-2.962962962962963,1.5707933146855586,1.5707815672428307,-2.1423258166519727,-2.0309536802141217,0.0015671727506832319,3.290653397055102e-05
Y-,4.6000000000000005,1.1000000000000005,5.857297861999541,0.0,-0.035676457203522055,-0.09387310415890254,3.290653397055102e-05,8.501564820366902e-05,-0.11024952927144692,7.22175538991732e-05,-0.040226379653361496,-0.11210706640169246,-0.0004124074916678983,4.474060222187132e-07,-0.1688353758583519,-0.0044912688008059065,-0.03796353556561261,-0.11551127915959242,0.00010937294145518811,0.0,-0.2,0.0,1.5707963267948966,1.5707963267948966,-2.962962962962963,-2.962962962962963,1.5707933146855586,1.5707815672428307,-2.1423258166519727,-2.0309536802141217,0.0015671727506832319,3.290653397055102e-05
Y-,4.6000000000000005,1.1000000000000005,5.882748973999696,0.0,-0.035676457203522055,-0.09387310415890254,3.290653397055102e-05,8.501564820366902e-05,-0.11024952927144692,7.22175538991732e-05,-0.040226379653361496,-0.11210706640169246,-0.0004124074916678983,4.474060222187132e-07,-0.1688353758583519,-0.0044912688008059065,-0.03796353556561261,-0.11551127915959242,0.00010937294145518811,0.0,-0.2,0.0,1.5707963267948966,1.5707963267948966,-2.962962962962963,-2.962962962962963,1.5707933146855586,1.5707815672428307,-2.1423258166519727,-2.0309536802141217,0.0015671727506832319,3.290653397055102e-05
Y-,4.6000000000000005,1.1000000000000005,5.908103646001109,0.0,-0.035676457203522055,-0.09387310415890254,3.290653397055102e-05,8.501564820366902e-05,-0.11024952927144692,7.22175538991732e-05,-0.040226379653361496,-0.11210706640169246,-0.0004124074916678983,4.474060222187132e-07,-0.1688353758583519,-0.0044912688008059065,-0.03796353556561261,-0.11551127915959242,0.00010937294145518811,0.0,-0.2,0.0,1.5707963267948966,1.5707963267948966,-2.962962962962963,-2.962962962962963,1.5707933146855586,1.5707815672428307,-2.1423258166519727,-2.0309536802141217,0.0015671727506832319,3.290653397055102e-05
Y-,4.6000000000000005,1.1000000000000005,5.9361631570027384,0.0,-0.035676457203522055,-0.09387310415890254,3.290653397055102e-05,8.501564820366902e-05,-0.11024952927144692,7.22175538991732e-05,-0.040226379653361496,-0.11210706640169246,-0.0004124074916678983,4.474060222187132e-07,-0.1688353758583519,-0.0044912688008059065,-0.03796353556561261,-0.11551127915959242,0.00010937294145518811,0.0,-0.2,0.0,1.5707963267948966,1.5707963267948966,-2.962962962962963,-2.962962962962963,1.5707933146855586,1.5707815672428307,-2.1423258166519727,-2.0309536802141217,0.0015671727506832319,3.290653397055102e-05
Y-,4.6000000000000005,1.1000000000000005,5.964313543001481,0.0,-0.035676457203522055,-0.09387310415890254,3.290653397055102e-05,8.501564820366902e-05,-0.11024952927144692,7.22175538991732e-05,-0.040226379653361496,-0.11210706640169246,-0.0004124074916678983,4.474060222187132e-07,-0.1688353758583519,-0.0044912688008059065,-0.03796353556561261,-0.11551127915959242,0.00010937294145518811,0.0,-0.2,0.0,1.5707963267948966,1.5707963267948966,-2.962962962962963,-2.962962962962963,1.5707933146855586,1.5707815672428307,-2.1423258166519727,-2.0309536802141217,0.0015671727506832319,3.290653397055102e-05
Y-,4.6000000000000005,1.1000000000000005,5.995850617000542,0.0,-0.035676457203522055,-0.09387310415890254,3.290653397055102e-05,8.501564820366902e-05,-0.11024952927144692,7.22175538991732e-05,-0.040226379653361496,-0.11210706640169246,-0.0004124074916678983,4.474060222187132e-07,-0.1688353758583519,-0.0044912688008059065,-0.03796353556561261,-0.11551127915959242,0.00010937294145518811,0.0,-0.2,0.0,1.5707963267948966,1.5707963267948966,-2.962962962962963,-2.962962962962963,1.5707933146855586,1.5707815672428307,-2.1423258166519727,-2.0309536802141217,0.0015671727506832319,3.290653397055102e-05
Y-,4.6000000000000005,1.1000000000000005,6.024356196001463,0.0,-0.035676457203522055,-0.09387310415890254,3.290653397055102e-05,8.501564820366902e-05,-0.11024952927144692,7.22175538991732e-05,-0.040226379653361496,-0.11210706640169246,-0.0004124074916678983,4.474060222187132e-07,-0.1688353758583519,-0.0044912688008059065,-0.03796353556561261,-0.11551127915959242,0.00010937294145518811,0.0,-0.2,0.0,1.5707963267948966,1.5707963267948966,-2.962962962962963,-2.962962962962963,1.5707933146855586,1.5707815672428307,-2.1423258166519727,-2.0309536802141217,0.0015671727506832319,3.290653397055102e-05
Y-,4.6000000000000005,1.1000000000000005,6.0519748000006075,0.0,-0.035676457203522055,-0.09387310415890254,3.290653397055102e-05,8.501564820366902e-05,-0.11024952927144692,7.22175538991732e-05,-0.040226379653361496,-0.11210706640169246,-0.0004124074916678983,4.474060222187132e-07,-0.1688353758583519,-0.0044912688008059065,-0.03796353556561261,-0.11551127915959242,0.00010937294145518811,0.0,-0.2,0.0,1.5707963267948966,1.5707963267948966,-2.962962962962963,-2.962962962962963,1.5707933146855586,1.5707815672428307,-2.1423258166519727,-2.0309536802141217,0.0015671727506832319,3.290653397055102e-05
Y-,4.6000000000000005,1.1000000000000005,6.08032939199984,0.0,-0.035676457203522055,-0.09387310415890254,3.290653397055102e-05,8.501564820366902e-05,-0.11024952927144692,7.22175538991732e-05,-0.040226379653361496,-0.11210706640169246,-0.0004124074916678983,4.474060222187132e-07,-0.1688353758583519,-0.0044912688008059065,-0.03796353556561261,-0.11551127915959242,0.00010937294145518811,0.0,-0.2,0.0,1.5707963267948966,1.5707963267948966,-2.962962962962963,-2.962962962962963,1.5707933146855586,1.5707815672428307,-2.1423258166519727,-2.0309536802141217,0.0015671727506832319,3.290653397055102e-05
Y-,4.6000000000000005,1.1000000000000005,6.108548690001044,0.0,-0.035676457203522055,-0.09387310415890254,3.290653397055102e-05,8.501564820366902e-05,-0.11024952927144692,7.22175538991732e-05,-0.040226379653361496,-0.11210706640169246,-0.0004124074916678983,4.474060222187132e-07,-0.1688353758583519,-0.0044912688008059065,-0.03796353556561261,-0.11551127915959242,0.00010937294145518811,0.0,-0.2,0.0,1.5707963267948966,1.5707963267948966,-2.962962962962963,-2.962962962962963,1.5707933146855586,1.5707815672428307,-2.1423258166519727,-2.0309536802141217,0.0015671727506832319,3.290653397055102e-05
Y-,4.6000000000000005,1.1000000000000005,6.135494824000489,0.0,-0.03567360303643222,-0.09525094614000515,3.2372771284039844e-05,0.0007012779013173745,-0.11360967201737619,-2.725456030815581e-05,-0.040226379653361496,-0.11210706640169246,-0.0004124074916678983,4.474060222187132e-07,-0.1688353758583519,-0.0044912688008059065,-0.03796353556561261,-0.11551127915959242,0.00010937294145518811,0.0,-0.2,0.0,1.5707963267948966,1.5707963267948966,-2.962962962962963,-2.962962962962963,1.5707865174492834,1.5707784851439044,-1.9612761629513307,-1.8654270206278334,0.003339070047678158,3.258480486032953e-05
Y-,4.6000000000000005,1.1000000000000005,6.1609454860008555,0.0,-0.03566927322669792,-0.09691814269704477,3.388796992487579e-05,0.00022367707321750127,-0.11874162213202429,0.00043670130509922307,-0.040226379653361496,-0.11210706640169246,-0.0004124074916678983,4.474060222187132e-07,-0.1688353758583519,-0.0044912688008059065,-0.03796353556561261,-0.11551127915959242,0.00010937294145518811,0.0,-0.2,0.0,1.5707963267948966,1.5707963267948966,-2.962962962962963,-2.962962962962963,1.5707822367427102,1.5707740573425522,-1.8000657380076446,-1.707180409234182,-0.0022953473938968558,3.2376011979052004e-05
Y-,4.6000000000000005,1.1000000000000005,6.189456316002179,0.0,-0.035668987942419295,-0.09891700589683589,3.741500409528009e-05,0.00011738027356255495,-0.12539592479558054,0.0003662592262320522,-0.040226379653361496,-0.11210706640169246,-0.0004124074916678983,4.474060222187132e-07,-0.1688353758583519,-0.0044912688008059065,-0.03796353556561261,-0.11551127915959242,0.00010937294145518811,0.0,-0.2,0.0,1.5707963267948966,1.5707963267948966,-2.962962962962963,-2.962962962962963,1.570782131621053,1.5707716132822407,-1.641100638853624,-1.551342342748688,0.0018300693384005228,3.741500409528009e-05
Y-,4.6000000000000005,1.1000000000000005,6.216357181001513,0.0,-0.03566896380392677,-0.10102288314450757,3.8130151447597785e-05,4.90884957826122e-05,-0.13247134720954043,0.00021038996900126652,-0.040226379653361496,-0.11210706640169246,-0.0004124074916678983,4.474060222187132e-07,-0.1688353758583519,-0.0044912688008059065,-0.03796353556561261,-0.11551127915959242,0.00010937294145518811,0.0,-0.2,0.0,1.5707963267948966,1.5707963267948966,-2.962962962962963,-2.962962962962963,1.5707862842816391,1.570776296825004,-1.573783019698475,-1.4552581715033408,0.0006006086136514574,3.8162316723516884e-05
Y-,4.6000000000000005,1.1000000000000005,6.253795103999437,0.0,-0.03566952721383118,-0.10366964376240421,3.360089209179773e-05,-2.2911519315354376e-05,-0.14116820552643528,-0.0003826625852773402,-0.04023046371158882,-0.12170804146040035,-0.0010465960287738038,-1.2454395072073907e-06,-0.09600975926537425,-0.006341885371059057,-0.03622762689574295,-0.1174526985773932,3.196823703281981e-05,0.0,-0.2,0.0,1.5707963267948966,1.5707963267948966,-2.962962962962963,-2.962962962962963,1.5707894265319489,1.5707807268640135,-1.5015290488750124,-1.5368841057301483,0.002081726544910346,3.525947053732041e-05
Y-,4.7,1.2000000000000002,6.2859350130020175,0.09999999999999964,-0.03566969061390266,-0.10662393196406676,3.189574187357698e-05,1.2885567210545818e-06,-0.14969556692473932,6.739918543110748e-05,-0.04023046371158882,-0.12170804146040035,-0.0010465960287738038,-1.2454395072073907e-06,-0.09600975926537425,-0.006341885371059057,-0.03769697864322167,-0.12323279654099885,-0.00013619929403581034,0.0,-0.2,0.0,1.5707963267948966,1.5707963267948966,-2.962962962962963,-2.962962962962963,1.5707909854621844,1.5707828801603432,-1.5559002037820528,-1.600336224403743,8.20592806249342e-05,3.158964746361176e-05
Y-,4.7,1.2000000000000002,6.320464718002768,0.0,-0.03566968508035058,-0.10862794391262848,3.215083753446207e-05,-6.450576072470048e-06,-0.15459046734042226,-6.899263938184069e-07,-0.04023046371158882,-0.12170804146040035,-0.0010465960287738038,-1.2454395072073907e-06,-0.09600975926537425,-0.006341885371059057,-0.03769697864322167,-0.12323279654099885,-0.00013619929403581034,0.0,-0.2,0.0,1.5707963267948966,1.5707963267948966,-2.962962962962963,-2.962962962962963,1.5707941321401862,1.5707867565316995,-1.680601904821825,-1.7288310770717126,0.0006772515211371941,3.209761984440047e-05
Y-,4.7,1.2000000000000002,6.350686982001207,0.0,-0.03566968508035058,-0.10862794391262848,3.215083753446207e-05,-6.450576072470048e-06,-0.15459046734042226,-6.899263938184069e-07,-0.04023046371158882,-0.12170804146040035,-0.0010465960287738038,-1.2454395072073907e-06,-0.09600975926537425,-0.006341885371059057,-0.03769697864322167,-0.12323279654099885,-0.00013619929403581034,0.0,-0.2,0.0,1.5707963267948966,1.5707963267948966,-2.962962962962963,-2.962962962962963,1.5707941321401862,1.5707867565316995,-1.680601904821825,-1.7288310770717126,0.0006772515211371941,3.209761984440047e-05
Y-,4.7,1.2000000000000002,6.381547729000886,0.0,-0.03566968508035058,-0.10862794391262848,3.215083753446207e-05,-6.450576072470048e-06,-0.15459046734042226,-6.899263938184069e-07,-0.04023046371158882,-0.12170804146040035,-0.0010465960287738038,-1.2454395072073907e-06,-0.09600975926537425,-0.006341885371059057,-0.03769697864322167,-0.12323279654099885,-0.00013619929403581034,0.0,-0.2,0.0,1.5707963267948966,1.5707963267948966,-2.962962962962963,-2.962962962962963,1.5707941321401862,1.5707867565316995,-1.680601904821825,-1.7288310770717126,0.0006772515211371941,3.209761984440047e-05
Y-,4.7,1.2000000000000002,6.409850330001063,0.0,-0.03566968508035058,-0.10862794391262848,3.215083753446207e-05,-6.450576072470048e-06,-0.15459046734042226,-6.899263938184069e-07,-0.04023046371158882,-0.12170804146040035,-0.0010465960287738038,-1.2454395072073907e-06,-0.09600975926537425,-0.006341885371059057,-0.03769697864322167,-0.12323279654099885,-0.00013619929403581034,0.0,-0.2,0.0,1.5707963267948966,1.5707963267948966,-2.962962962962963,-2.962962962962963,1.5707941321401862,1.5707867565316995,-1.680601904821825,-1.7288310770717126,0.0006772515211371941,3.209761984440047e-05
Y-,4.7,1.2000000000000002,6.434371467999881,0.0,-0.03566968508035058,-0.10862794391262848,3.215083753446207e-05,-6.450576072470048e-06,-0.15459046734042226,-6.899263938184069e-07,-0.04023046371158882,-0.12170804146040035,-0.0010465960287738038,-1.2454395072073907e-06,-0.09600975926537425,-0.006341885371059057,-0.03769697864322167,-0.12323279654099885,-0.00013619929403581034,0.0,-0.2,0.0,1.5707963267948966,1.5707963267948966,-2.962962962962963,-2.962962962962963,1.5707941321401862,1.5707867565316995,-1.680601904821825,-1.7288310770717126,0.0006772515211371941,3.209761984440047e-05
Y-,4.7,1.2000000000000002,6.463131128999521,0.0,-0.03566968508035058,-0.10862794391262848,3.215083753446207e-05,-6.450576072470048e-06,-0.15459046734042226,-6.899263938184069e-07,-0.04023046371158882,-0.12170804146040035,-0.0010465960287738038,-1.2454395072073907e-06,-0.09600975926537425,-0.006341885371059057,-0.03769697864322167,-0.12323279654099885,-0.00013619929403581034,0.0,-0.2,0.0,1.5707963267948966,1.5707963267948966,-2.962962962962963,-2.962962962962963,1.5707941321401862,1.5707867565316995,-1.680601904821825,-1.7288310770717126,0.0006772515211371941,3.209761984440047e-05
Y-,4.7,1.2000000000000002,6.490081732001272,0.0,-0.03566968508035058,-0.10862794391262848,3.215083753446207e-05,-6.450576072470048e-06,-0.15459046734042226,-6.899263938184069e-07,-0.04023046371158882,-0.12170804146040035,-0.0010465960287738038,-1.2454395072073907e-06,-0.09600975926537425,-0.006341885371059057,-0.03769697864322167,-0.12323279654099885,-0.00013619929403581034,0.0,-0.2,0.0,1.5707963267948966,1.5707963267948966,-2.962962962962963,-2.962962962962963,1.5707941321401862,1.5707867565316995,-1.680601904821825,-1.7288310770717126,0.0006772515211371941,3.209761984440047e-05
Y-,4.7,1.2000000000000002,6.518199026002549,0.0,-0.03566968508035058,-0.10862794391262848,3.215083753446207e-05,-6.450576072470048e-06,-0.15459046734042226,-6.899263938184069e-07,-0.04023046371158882,-0.12170804146040035,-0.0010465960287738038,-1.2454395072073907e-06,-0.09600975926537425,-0.006341885371059057,-0.03769697864322167,-0.12323279654099885,-0.00013619929403581034,0.0,-0.2,0.0,1.5707963267948966,1.5707963267948966,-2.962962962962963,-2.962962962962963,1.5707941321401862,1.5707867565316995,-1.680601904821825,-1.7288310770717126,0.0006772515211371941,3.209761984440047e-05
Y-,4.7,1.2000000000000002,6.553462158000912,0.0,-0.03566968508035058,-0.10862794391262848,3.215083753446207e-05,-6.450576072470048e-06,-0.15459046734042226,-6.899263938184069e-07,-0.04023046371158882,-0.12170804146040035,-0.0010465960287738038,-1.2454395072073907e-06,-0.09600975926537425,-0.006341885371059057,-0.03769697864322167,-0.12323279654099885,-0.00013619929403581034,0.0,-0.2,0.0,1.5707963267948966,1.5707963267948966,-2.962962962962963,-2.962962962962963,1.5707941321401862,1.5707867565316995,-1.680601904821825,-1.7288310770717126,0.0006772515211371941,3.209761984440047e-05
Y-,4.7,1.2000000000000002,6.584124643002724,0.0,-0.03566968508035058,-0.10862794391262848,3.215083753446207e-05,-6.450576072470048e-06,-0.15459046734042226,-6.899263938184069e-07,-0.04023046371158882,-0.12170804146040035,-0.0010465960287738038,-1.2454395072073907e-06,-0.09600975926537425,-0.006341885371059057,-0.03769697864322167,-0.12323279654099885,-0.00013619929403581034,0.0,-0.2,0.0,1.5707963267948966,1.5707963267948966,-2.962962962962963,-2.962962962962963,1.5707941321401862,1.5707867565316995,-1.680601904821825,-1.7288310770717126,0.0006772515211371941,3.209761984440047e-05
Y-,4.7,1.2000000000000002,6.612623081000493,0.0,-0.03566968508035058,-0.10862794391262848,3.215083753446207e-05,-6.450576072470048e-06,-0.15459046734042226,-6.899263938184069e-07,-0.04023046371158882,-0.12170804146040035,-0.0010465960287738038,-1.2454395072073907e-06,-0.09600975926537425,-0.006341885371059057,-0.03769697864322167,-0.12323279654099885,-0.00013619929403581034,0.0,-0.2,0.0,1.5707963267948966,1.5707963267948966,-2.962962962962963,-2.962962962962963,1.5707941321401862,1.5707867565316995,-1.680601904821825,-1.7288310770717126,0.0006772515211371941,3.209761984440047e-05
Y-,4.7,1.2000000000000002,6.642365067000355,0.0,-0.03566967468857327,-0.11005000602666722,3.211457866220819e-05,-1.1443565542922523e-05,-0.15768021740405225,-2.3538247883479827e-06,-0.04023046371158882,-0.12170804146040035,-0.0010465960287738038,-1.2454395072073907e-06,-0.09600975926537425,-0.006341885371059057,-0.03769697864322167,-0.12323279654099885,-0.00013619929403581034,0.0,-0.2,0.0,1.5707963267948966,1.5707963267948966,-2.962962962962963,-2.962962962962963,1.5707955151602304,1.5707884440611801,-1.7453834815125469,-1.7933564646524827,5.71744329731364e-05,3.214130601437538e-05
Y-,4.7,1.2000000000000002,6.667768762999913,0.0,-0.0356696505823829,-0.11231303550383284,3.215977612854902e-05,-1.8448930137398625e-05,-0.1620129330029186,-3.2933261817407806e-06,-0.04023046371158882,-0.12170804146040035,-0.0010465960287738038,-1.2454395072073907e-06,-0.09600975926537425,-0.006341885371059057,-0.03769697864322167,-0.12323279654099885,-0.00013619929403581034,0.0,-0.2,0.0,1.5707963267948966,1.5707963267948966,-2.962962962962963,-2.962962962962963,1.57079617017257,1.5707899641347485,-1.8093002762824637,-1.8563821204513766,-0.0009970044480562385,3.215977612854902e-05
Y-,4.7,1.2000000000000002,6.70382512300057,0.0,-0.0356696063087207,-0.11614785273492549,3.224464886943666e-05,-2.8519054736579665e-05,-0.16796252294406486,-1.808645793557351e-05,-0.04023046371158882,-0.12170804146040035,-0.0010465960287738038,-1.2454395072073907e-06,-0.09600975926537425,-0.006341885371059057,-0.03769697864322167,-0.12323279654099885,-0.00013619929403581034,0.0,-0.2,0.0,1.5707963267948966,1.5707963267948966,-2.962962962962963,-2.962962962962963,1.570796171669179,1.570792509903483,-1.931116283855556,-1.9745835105880596,-0.0001632349112809087,3.223925799230708e-05
Y-,4.7,1.2000000000000002,6.730382517001999,0.0,-0.03566958434402689,-0.11819773031956432,3.227305585827116e-05,-3.273073778361333e-05,-0.17054372148965566,-2.343873100469315e-05,-0.04023046371158882,-0.12170804146040035,-0.0010465960287738038,-1.2454395072073907e-06,-0.09600975926537425,-0.006341885371059057,-0.03769697864322167,-0.12323279654099885,-0.00013619929403581034,0.0,-0.2,0.0,1.5707963267948966,1.5707963267948966,-2.962962962962963,-2.962962962962963,1.5707961726298674,1.5707944727151526,-2.040727357797802,-2.0798929790296237,0.0015566512958064985,3.2262143872895494e-05
Y-,4.7,1.2000000000000002,6.776308541000617,0.0,-0.035669552456811845,-0.12132484975030361,3.229847505077127e-05,-3.792276239587414e-05,-0.17382193272974547,-3.0509134426526465e-05,-0.040244212703623175,-0.1348322100314117,-0.0006308458884199818,-1.3284304508299475e-07,-0.13124175772783886,0.004157501403538222,-0.03808478342639112,-0.13371340455735733,-7.945791267616327e-06,0.0,-0.2,0.0,1.5707963267948966,1.5707963267948966,-2.962962962962963,-2.962962962962963,1.5707961730219848,1.5707952635357936,-2.0903947019566593,-2.127391402598431,0.0005422782190249895,3.229765657795284e-05
Y-,4.800000000000001,1.3000000000000007,6.811041003002174,0.10000000000000053,-0.035669523725648154,-0.12432652022947892,3.2304923533562004e-05,-4.185333076382409e-05,-0.17633775571961868,-3.8077679447131826e-05,-0.040244212703623175,-0.1348322100314117,-0.0006308458884199818,-1.3284304508299475e-07,-0.13124175772783886,0.004157501403538222,-0.03808478342639112,-0.13371340455735733,-7.945791267616327e-06,0.0,-0.2,0.0,1.5707963267948966,1.5707963267948966,-2.962962962962963,-2.962962962962963,1.5707961738470244,1.5707963002865686,-2.179443232759549,-2.2123358942078304,-0.0007878179493279892,3.230324732552759e-05
Y-,4.800000000000001,1.3000000000000007,6.84316667800158,0.0,-0.035669523725648154,-0.12432652022947892,3.2304923533562004e-05,-4.185333076382409e-05,-0.17633775571961868,-3.8077679447131826e-05,-0.040244212703623175,-0.1348322100314117,-0.0006308458884199818,-1.3284304508299475e-07,-0.13124175772783886,0.004157501403538222,-0.03808478342639112,-0.13371340455735733,-7.945791267616327e-06,0.0,-0.2,0.0,1.5707963267948966,1.5707963267948966,-2.962962962962963,-2.962962962962963,1.5707961738470244,1.5707963002865686,-2.179443232759549,-2.2123358942078304,-0.0007878179493279892,3.230324732552759e-05
Y-,4.800000000000001,1.3000000000000007,6.869911964000494,0.0,-0.035669523725648154,-0.12432652022947892,3.2304923533562004e-05,-4.185333076382409e-05,-0.17633775571961868,-3.8077679447131826e-05,-0.040244212703623175,-0.1348322100314117,-0.0006308458884199818,-1.3284304508299475e-07,-0.13124175772783886,0.004157501403538222,-0.03808478342639112,-0.13371340455735733,-7.945791267616327e-06,0.0,-0.2,0.0,1.5707963267948966,1.5707963267948966,-2.962962962962963,-2.962962962962963,1.5707961738470244,1.5707963002865686,-2.179443232759549,-2.2123358942078304,-0.0007878179493279892,3.230324732552759e-05
Y-,4.800000000000001,1.3000000000000007,6.896370950002165,0.0,-0.035669523725648154,-0.12432652022947892,3.2304923533562004e-05,-4.185333076382409e-05,-0.17633775571961868,-3.8077679447131826e-05,-0.040244212703623175,-0.1348322100314117,-0.0006308458884199818,-1.3284304508299475e-07,-0.13124175772783886,0.004157501403538222,-0.03808478342639112,-0.13371340455735733,-7.945791267616327e-06,0.0,-0.2,0.0,1.5707963267948966,1.5707963267948966,-2.962962962962963,-2.962962962962963,1.5707961738470244,1.5707963002865686,-2.179443232759549,-2.2123358942078304,-0.0007878179493279892,3.230324732552759e-05
Y-,4.800000000000001,1.3000000000000007,6.923657916002412,0.0,-0.035669523725648154,-0.12432652022947892,3.2304923533562004e-05,-4.185333076382409e-05,-0.17633775571961868,-3.8077679447131826e-05,-0.040244212703623175,-0.1348322100314117,-0.0006308458884199818,-1.3284304508299475e-07,-0.13124175772783886,0.004157501403538222,-0.03808478342639112,-0.13371340455735733,-7.945791267616327e-06,0.0,-0.2,0.0,1.5707963267948966,1.5707963267948966,-2.962962962962963,-2.962962962962963,1.5707961738470244,1.5707963002865686,-2.179443232759549,-2.2123358942078304,-0.0007878179493279892,3.230324732552759e-05
Y-,4.800000000000001,1.3000000000000007,6.95151461000205,0.0,-0.035669523725648154,-0.12432652022947892,3.2304923533562004e-05,-4.185333076382409e-05,-0.17633775571961868,-3.8077679447131826e-05,-0.040244212703623175,-0.1348322100314117,-0.0006308458884199818,-1.3284304508299475e-07,-0.13124175772783886,0.004157501403538222,-0.03808478342639112,-0.13371340455735733,-7.945791267616327e-06,0.0,-0.2,0.0,1.5707963267948966,1.5707963267948966,-2.962962962962963,-2.962962962962963,1.5707961738470244,1.5707963002865686,-2.179443232759549,-2.2123358942078304,-0.0007878179493279892,3.230324732552759e-05
Y-,4.800000000000001,1.3000000000000007,6.978101644002891,0.0,-0.035669523725648154,-0.12432652022947892,3.2304923533562004e-05,-4.185333076382409e-05,-0.17633775571961868,-3.8077679447131826e-05,-0.040244212703623175,-0.1348322100314117,-0.0006308458884199818,-1.3284304508299475e-07,-0.13124175772783886,0.004157501403538222,-0.03808478342639112,-0.13371340455735733,-7.945791267616327e-06,0.0,-0.2,0.0,1.5707963267948966,1.5707963267948966,-2.962962962962963,-2.962962962962963,1.5707961738470244,1.5707963002865686,-2.179443232759549,-2.2123358942078304,-0.0007878179493279892,3.230324732552759e-05
Y-,4.800000000000001,1.3000000000000007,7.0145934950014635,0.0,-0.035669523725648154,-0.12432652022947892,3.2304923533562004e-05,-4.185333076382409e-05,-0.17633775571961868,-3.8077679447131826e-05,-0.040244212703623175,-0.1348322100314117,-0.0006308458884199818,-1.3284304508299475e-07,-0.13124175772783886,0.004157501403538222,-0.03808478342639112,-0.13371340455735733,-7.945791267616327e-06,0.0,-0.2,0.0,1.5707963267948966,1.5707963267948966,-2.962962962962963,-2.962962962962963,1.5707961738470244,1.5707963002865686,-2.179443232759549,-2.2123358942078304,-0.0007878179493279892,3.230324732552759e-05
Y-,4.800000000000001,1.3000000000000007,7.042368057002022,0.0,-0.035669523725648154,-0.12432652022947892,3.2304923533562004e-05,-4.185333076382409e-05,-0.17633775571961868,-3.8077679447131826e-05,-0.040244212703623175,-0.1348322100314117,-0.0006308458884199818,-1.3284304508299475e-07,-0.13124175772783886,0.004157501403538222,-0.03808478342639112,-0.13371340455735733,-7.945791267616327e-06,0.0,-0.2,0.0,1.5707963267948966,1.5707963267948966,-2.962962962962963,-2.962962962962963,1.5707961738470244,1.5707963002865686,-2.179443232759549,-2.2123358942078304,-0.0007878179493279892,3.230324732552759e-05
Y-,4.800000000000001,1.3000000000000007,7.080813897002372,0.0,-0.035669523725648154,-0.12432652022947892,3.2304923533562004e-05,-4.185333076382409e-05,-0.17633775571961868,-3.8077679447131826e-05,-0.040244212703623175,-0.1348322100314117,-0.0006308458884199818,-1.3284304508299475e-07,-0.13124175772783886,0.004157501403538222,-0.03808478342639112,-0.13371340455735733,-7.945791267616327e-06,0.0,-0.2,0.0,1.5707963267948966,1.5707963267948966,-2.962962962962963,-2.962962962962963,1.5707961738470244,1.5707963002865686,-2.179443232759549,-2.2123358942078304,-0.0007878179493279892,3.230324732552759e-05
Y-,4.800000000000001,1.3000000000000007,7.107826463001402,0.0,-0.035669523725648154,-0.12432652022947892,3.2304923533562004e-05,-4.185333076382409e-05,-0.17633775571961868,-3.8077679447131826e-05,-0.040244212703623175,-0.1348322100314117,-0.0006308458884199818,-1.3284304508299475e-07,-0.13124175772783886,0.004157501403538222,-0.03808478342639112,-0.13371340455735733,-7.945791267616327e-06,0.0,-0.2,0.0,1.5707963267948966,1.5707963267948966,-2.962962962962963,-2.962962962962963,1.5707961738470244,1.5707963002865686,-2.179443232759549,-2.2123358942078304,-0.0007878179493279892,3.230324732552759e-05
Y-,4.800000000000001,1.3000000000000007,7.139890361002472,0.0,-0.035669503490894004,-0.126647955765921,3.2286528440011214e-05,-4.424189293926635e-05,-0.17792639667944976,-4.268471291832713e-05,-0.040244212703623175,-0.1348322100314117,-0.0006308458884199818,-1.3284304508299475e-07,-0.13124175772783886,0.004157501403538222,-0.03808478342639112,-0.13371340455735733,-7.945791267616327e-06,0.0,-0.2,0.0,1.5707963267948966,1.5707963267948966,-2.962962962962963,-2.962962962962963,1.5707964141672148,1.5707963057935208,-2.255475929980304,-2.2848210260443493,-0.0012981136000972508,3.2286528440011214e-05
Y-,4.800000000000001,1.3000000000000007,7.173729198999354,0.0,-0.035669464579023855,-0.13079905534522504,3.226062020639181e-05,-4.6962074915201106e-05,-0.18012854978915074,-3.913104653575825e-05,-0.040244212703623175,-0.1348322100314117,-0.0006308458884199818,-1.3284304508299475e-07,-0.13124175772783886,0.004157501403538222,-0.03808478342639112,-0.13371340455735733,-7.945791267616327e-06,0.0,-0.2,0.0,1.5707963267948966,1.5707963267948966,-2.962962962962963,-2.962962962962963,1.5707969898788638,1.5707963068617863,-2.3198591292305517,-2.345633029604946,0.0026826356720686213,3.2256715593936054e-05
Y-,4.800000000000001,1.3000000000000007,7.2013806409995595,0.0,-0.03566943474241915,-0.1335300538512104,3.228102610682798e-05,-4.837583874176122e-05,-0.181202992569695,-3.856977350985165e-05,-0.040244212703623175,-0.1348322100314117,-0.0006308458884199818,-1.3284304508299475e-07,-0.13124175772783886,0.004157501403538222,-0.03808478342639112,-0.13371340455735733,-7.945791267616327e-06,0.0,-0.2,0.0,1.5707963267948966,1.5707963267948966,-2.962962962962963,-2.962962962962963,1.570797183020205,1.5707963068651418,-2.348130182956306,-2.372188725239126,-0.0007822656493271128,3.227253532673037e-05
Y-,4.800000000000001,1.3000000000000007,7.235470013001759,0.0,-0.03566939247771801,-0.1371927873123994,3.227988515750284e-05,-4.996066635311646e-05,-0.18226334731807867,-3.7914953529114835e-05,-0.040244212703623175,-0.1348322100314117,-0.0006308458884199818,-1.3284304508299475e-07,-0.13124175772783886,0.004157501403538222,-0.03808478342639112,-0.13371340455735733,-7.945791267616327e-06,0.0,-0.2,0.0,1.5707963267948966,1.5707963267948966,-2.962962962962963,-2.962962962962963,1.5707974196880325,1.5707963060587646,-2.3975993582591495,-2.4185334767589617,-0.003295175663921343,3.2282621442144746e-05
Y-,4.800000000000001,1.3000000000000007,7.259082083000976,0.0,-0.03566936405857584,-0.13958333142781645,3.2269866444444436e-05,-5.0754805542612116e-05,-0.18275627522795693,-3.7530291644704516e-05,-0.04025396454936688,-0.15030433032185744,-0.00042350535850282375,8.679019724368502e-08,-0.154721233636642,0.0020734052991715803,-0.03690904267257727,-0.13524706999703637,3.5717115995926186e-05,0.0,-0.2,0.0,1.5707963267948966,1.5707963267948966,-2.962962962962963,-2.962962962962963,1.5707974748980247,1.5707963052858132,-2.419138539465769,-2.4386709938683837,0.0006408628717149534,3.227092326465531e-05
Y-,4.9,1.4000000000000004,7.294411447001039,0.09999999999999964,-0.03566933298476174,-0.14216386998225755,3.224802437516485e-05,-5.1375268311027166e-05,-0.1831382111421029,-3.7779169457490654e-05,-0.04025396454936688,-0.15030433032185744,-0.00042350535850282375,8.679019724368502e-08,-0.154721233636642,0.0020734052991715803,-0.03690904267257727,-0.13524706999703637,3.5717115995926186e-05,0.0,-0.2,0.0,1.5707963267948966,1.5707963267948966,-2.962962962962963,-2.962962962962963,1.57079748432803,1.5707963030833323,-2.456642011134687,-2.473650083935469,-0.0019136825469528642,3.2257296636245366e-05
Y-,4.9,1.4000000000000004,7.319390021002619,0.0,-0.03566933298476174,-0.14216386998225755,3.224802437516485e-05,-5.1375268311027166e-05,-0.1831382111421029,-3.7779169457490654e-05,-0.04025396454936688,-0.15030433032185744,-0.00042350535850282375,8.679019724368502e-08,-0.154721233636642,0.0020734052991715803,-0.03690904267257727,-0.13524706999703637,3.5717115995926186e-05,0.0,-0.2,0.0,1.5707963267948966,1.5707963267948966,-2.962962962962963,-2.962962962962963,1.57079748432803,1.5707963030833323,-2.456642011134687,-2.473650083935469,-0.0019136825469528642,3.2257296636245366e-05
Y-,4.9,1.4000000000000004,7.356016072000784,0.0,-0.03566933298476174,-0.14216386998225755,3.224802437516485e-05,-5.1375268311027166e-05,-0.1831382111421029,-3.7779169457490654e-05,-0.04025396454936688,-0.15030433032185744,-0.00042350535850282375,8.679019724368502e-08,-0.154721233636642,0.0020734052991715803,-0.03690904267257727,-0.13524706999703637,3.5717115995926186e-05,0.0,-0.2,0.0,1.5707963267948966,1.5707963267948966,-2.962962962962963,-2.962962962962963,1.57079748432803,1.5707963030833323,-2.456642011134687,-2.473650083935469,-0.0019136825469528642,3.2257296636245366e-05
Y-,4.9,1.4000000000000004,7.382454115002474,0.0,-0.03566933298476174,-0.14216386998225755,3.224802437516485e-05,-5.1375268311027166e-05,-0.1831382111421029,-3.7779169457490654e-05,-0.04025396454936688,-0.15030433032185744,-0.00042350535850282375,8.679019724368502e-08,-0.154721233636642,0.0020734052991715803,-0.03690904267257727,-0.13524706999703637,3.5717115995926186e-05,0.0,-0.2,0.0,1.5707963267948966,1.5707963267948966,-2.962962962962963,-2.962962962962963,1.57079748432803,1.5707963030833323,-2.456642011134687,-2.473650083935469,-0.0019136825469528642,3.2257296636245366e-05
Y-,4.9,1.4000000000000004,7.408612636001635,0.0,-0.03566933298476174,-0.14216386998225755,3.224802437516485e-05,-5.1375268311027166e-05,-0.1831382111421029,-3.7779169457490654e-05,-0.04025396454936688,-0.15030433032185744,-0.00042350535850282375,8.679019724368502e-08,-0.154721233636642,0.0020734052991715803,-0.03690904267257727,-0.13524706999703637,3.5717115995926186e-05,0.0,-0.2,0.0,1.5707963267948966,1.5707963267948966,-2.962962962962963,-2.962962962962963,1.57079748432803,1.5707963030833323,-2.456642011134687,-2.473650083935469,-0.0019136825469528642,3.2257296636245366e-05
Y-,4.9,1.4000000000000004,7.438838087000477,0.0,-0.03566933298476174,-0.14216386998225755,3.224802437516485e-05,-5.1375268311027166e-05,-0.1831382111421029,-3.7779169457490654e-05,-0.04025396454936688,-0.15030433032185744,-0.00042350535850282375,8.679019724368502e-08,-0.154721233636642,0.0020734052991715803,-0.03690904267257727,-0.13524706999703637,3.5717115995926186e-05,0.0,-0.2,0.0,1.5707963267948966,1.5707963267948966,-2.962962962962963,-2.962962962962963,1.57079748432803,1.5707963030833323,-2.456642011134687,-2.473650083935469,-0.0019136825469528642,3.2257296636245366e-05
Y-,4.9,1.4000000000000004,7.4664197330021125,0.0,-0.03566933298476174,-0.14216386998225755,3.224802437516485e-05,-5.1375268311027166e-05,-0.1831382111421029,-3.7779169457490654e-05,-0.04025396454936688,-0.15030433032185744,-0.00042350535850282375,8.679019724368502e-08,-0.154721233636642,0.0020734052991715803,-0.03690904267257727,-0.13524706999703637,3.5717115995926186e-05,0.0,-0.2,0.0,1.5707963267948966,1.5707963267948966,-2.962962962962963,-2.962962962962963,1.57079748432803,1.5707963030833323,-2.456642011134687,-2.473650083935469,-0.0019136825469528642,3.2257296636245366e-05
Y-,4.9,1.4000000000000004,7.49389067300217,0.0,-0.03566933298476174,-0.14216386998225755,3.224802437516485e-05,-5.1375268311027166e-05,-0.1831382111421029,-3.7779169457490654e-05,-0.04025396454936688,-0.15030433032185744,-0.00042350535850282375,8.679019724368502e-08,-0.154721233636642,0.0020734052991715803,-0.03690904267257727,-0.13524706999703637,3.5717115995926186e-05,0.0,-0.2,0.0,1.5707963267948966,1.5707963267948966,-2.962962962962963,-2.962962962962963,1.57079748432803,1.5707963030833323,-2.456642011134687,-2.473650083935469,-0.0019136825469528642,3.2257296636245366e-05
Y-,4.9,1.4000000000000004,7.521238327000901,0.0,-0.03566933298476174,-0.14216386998225755,3.224802437516485e-05,-5.1375268311027166e-05,-0.1831382111421029,-3.7779169457490654e-05,-0.04025396454936688,-0.15030433032185744,-0.00042350535850282375,8.679019724368502e-08,-0.154721233636642,0.0020734052991715803,-0.03690904267257727,-0.13524706999703637,3.5717115995926186e-05,0.0,-0.2,0.0,1.5707963267948966,1.5707963267948966,-2.962962962962963,-2.962962962962963,1.57079748432803,1.5707963030833323,-2.456642011134687,-2.473650083935469,-0.0019136825469528642,3.2257296636245366e-05
Y-,4.9,1.4000000000000004,7.547770612000022,0.0,-0.03566933298476174,-0.14216386998225755,3.224802437516485e-05,-5.1375268311027166e-05,-0.1831382111421029,-3.7779169457490654e-05,-0.04025396454936688,-0.15030433032185744,-0.00042350535850282375,8.679019724368502e-08,-0.154721233636642,0.0020734052991715803,-0.03690904267257727,-0.13524706999703637,3.5717115995926186e-05,0.0,-0.2,0.0,1.5707963267948966,1.5707963267948966,-2.962962962962963,-2.962962962962963,1.57079748432803,1.5707963030833323,-2.456642011134687,-2.473650083935469,-0.0019136825469528642,3.2257296636245366e-05
Y-,4.9,1.4000000000000004,7.57365384300283,0.0,-0.03566933298476174,-0.14216386998225755,3.224802437516485e-05,-5.1375268311027166e-05,-0.1831382111421029,-3.7779169457490654e-05,-0.04025396454936688,-0.15030433032185744,-0.00042350535850282375,8.679019724368502e-08,-0.154721233636642,0.0020734052991715803,-0.03690904267257727,-0.13524706999703637,3.5717115995926186e-05,0.0,-0.2,0.0,1.5707963267948966,1.5707963267948966,-2.962962962962963,-2.962962962962963,1.57079748432803,1.5707963030833323,-2.456642011134687,-2.473650083935469,-0.0019136825469528642,3.2257296636245366e-05
Y-,4.9,1.4000000000000004,7.604762265000318,0.0,-0.03566933298476174,-0.14216386998225755,3.224802437516485e-05,-5.1375268311027166e-05,-0.1831382111421029,-3.7779169457490654e-05,-0.04025396454936688,-0.15030433032185744,-0.00042350535850282375,8.679019724368502e-08,-0.154721233636642,0.0020734052991715803,-0.03690904267257727,-0.13524706999703637,3.5717115995926186e-05,0.0,-0.2,0.0,1.5707963267948966,1.5707963267948966,-2.962962962962963,-2.962962962962963,1.57079748432803,1.5707963030833323,-2.456642011134687,-2.473650083935469,-0.0019136825469528642,3.2257296636245366e-05
Y-,4.9,1.4000000000000004,7.632826146000298,0.0,-0.03566933298476174,-0.14216386998225755,3.224802437516485e-05,-5.1375268311027166e-05,-0.1831382111421029,-3.7779169457490654e-05,-0.04025396454936688,-0.15030433032185744,-0.00042350535850282375,8.679019724368502e-08,-0.154721233636642,0.0020734052991715803,-0.03690904267257727,-0.13524706999703637,3.5717115995926186e-05,0.0,-0.2,0.0,1.5707963267948966,1.5707963267948966,-2.962962962962963,-2.962962962962963,1.57079748432803,1.5707963030833323,-2.456642011134687,-2.473650083935469,-0.0019136825469528642,3.2257296636245366e-05
Y-,4.9,1.4000000000000004,7.659529259999545,0.0,-0.03566933298476174,-0.14216386998225755,3.224802437516485e-05,-5.1375268311027166e-05,-0.1831382111421029,-3.7779169457490654e-05,-0.04025396454936688,-0.15030433032185744,-0.00042350535850282375,8.679019724368502e-08,-0.154721233636642,0.0020734052991715803,-0.03690904267257727,-0.13524706999703637,3.5717115995926186e-05,0.0,-0.2,0.0,1.5707963267948966,1.5707963267948966,-2.962962962962963,-2.962962962962963,1.57079748432803,1.5707963030833323,-2.456642011134687,-2.473650083935469,-0.0019136825469528642,3.2257296636245366e-05
Y-,4.9,1.4000000000000004,7.684221593000984,0.0,-0.03566932190153847,-0.14308664784128092,3.223778339901954e-05,-5.158588397620845e-05,-0.18324087761409538,-3.773810897475376e-05,-0.04025396454936688,-0.15030433032185744,-0.00042350535850282375,8.679019724368502e-08,-0.154721233636642,0.0020734052991715803,-0.03690904267257727,-0.13524706999703637,3.5717115995926186e-05,0.0,-0.2,0.0,1.5707963267948966,1.5707963267948966,-2.962962962962963,-2.962962962962963,1.57079748432803,1.5707963030833323,-2.456642011134687,-2.473650083935469,0.001489581785761135,3.223778339901954e-05
Y-,4.9,1.4000000000000004,7.71569527000247,0.0,-0.03566927413533364,-0.14715144498088173,3.21886168110984e-05,-5.2395523157914154e-05,-0.18350776408854097,-3.713422139455716e-05,-0.04025396454936688,-0.15030433032185744,-0.00042350535850282375,8.679019724368502e-08,-0.154721233636642,0.0020734052991715803,-0.03690904267257727,-0.13524706999703637,3.5717115995926186e-05,0.0,-0.2,0.0,1.5707963267948966,1.5707963267948966,-2.962962962962963,-2.962962962962963,1.570797308246486,1.5707962983371226,-2.501098401760576,-2.5149332759510807,-0.0005163169249419121,3.219315746892585e-05
Y-,4.9,1.4000000000000004,7.74411634200078,0.0,-0.035669242564762615,-0.14992494856961627,3.21545597028383e-05,-5.292541161156487e-05,-0.18353911925614608,-3.6747203100866826e-05,-0.04025396454936688,-0.15030433032185744,-0.00042350535850282375,8.679019724368502e-08,-0.154721233636642,0.0020734052991715803,-0.03690904267257727,-0.13524706999703637,3.5717115995926186e-05,0.0,-0.2,0.0,1.5707963267948966,1.5707963267948966,-2.962962962962963,-2.962962962962963,1.570797212574778,1.5707962964384317,-2.5132773832798563,-2.526192744091858,-0.00035149158605273564,3.217049747425563e-05
Y-,4.9,1.4000000000000004,7.778879743000289,0.0,-0.03566920815814119,-0.15306783806267577,3.211532513457069e-05,-5.354725871112546e-05,-0.18345140995799583,-3.645621811312282e-05,-0.04025396454936688,-0.15030433032185744,-0.00042350535850282375,8.679019724368502e-08,-0.154721233636642,0.0020734052991715803,-0.03690904267257727,-0.13524706999703637,3.5717115995926186e-05,0.0,-0.2,0.0,1.5707963267948966,1.5707963267948966,-2.962962962962963,-2.962962962962963,1.5707969817249525,1.5707962922039416,-2.534328998070657,-2.5455762698968076,-1.0832857568990084e-05,3.2124557636313576e-05
Y-,4.9,1.4000000000000004,7.816433934000088,0.0,-0.03566916245927398,-0.15750036419207591,3.206273944968093e-05,-5.43101765732727e-05,-0.18314297680442101,-3.59569703378462e-05,-0.040260858425111845,-0.1665890870840875,-0.0003197129221631098,2.8064178279395488e-08,-0.16284758221432483,0.0010379243633971394,-0.03584306358375023,-0.16793570004626862,-2.976536677357059e-05,0.0,-0.2,0.0,1.5707963267948966,1.5707963267948966,-2.962962962962963,-2.962962962962963,1.570796711588077,1.5707962874807935,-2.551588089678092,-2.5613658259994874,-0.003331157102711993,3.207998608086492e-05
Y-,5.0,1.5,7.845619796000392,0.09999999999999964,-0.03566912999489754,-0.16081879367954546,3.2021126151893026e-05,-5.488603707428142e-05,-0.18279588924707418,-3.579895646074987e-05,-0.040260858425111845,-0.1665890870840875,-0.0003197129221631098,2.8064178279395488e-08,-0.16284758221432483,0.0010379243633971394,-0.03584306358375023,-0.16793570004626862,-2.976536677357059e-05,0.0,-0.2,0.0,1.5707963267948966,1.5707963267948966,-2.962962962962963,-2.962962962962963,1.570796414433091,1.570796282346132,-2.5657004510477415,-2.5741677396156613,-0.000568378720381978,3.203268369654942e-05
Y-,5.0,1.5,7.87953029700293,0.0,-0.03566912999489754,-0.16081879367954546,3.2021126151893026e-05,-5.488603707428142e-05,-0.18279588924707418,-3.579895646074987e-05,-0.040260858425111845,-0.1665890870840875,-0.0003197129221631098,2.8064178279395488e-08,-0.16284758221432483,0.0010379243633971394,-0.03584306358375023,-0.16793570004626862,-2.976536677357059e-05,0.0,-0.2,0.0,1.5707963267948966,1.5707963267948966,-2.962962962962963,-2.962962962962963,1.570796414433091,1.570796282346132,-2.5657004510477415,-2.5741677396156613,-0.000568378720381978,3.203268369654942e-05
Y-,5.0,1.5,7.910835148002661,0.0,-0.03566912999489754,-0.16081879367954546,3.2021126151893026e-05,-5.488603707428142e-05,-0.18279588924707418,-3.579895646074987e-05,-0.040260858425111845,-0.1665890870840875,-0.0003197129221631098,2.8064178279395488e-08,-0.16284758221432483,0.0010379243633971394,-0.03584306358375023,-0.16793570004626862,-2.976536677357059e-05,0.0,-0.2,0.0,1.5707963267948966,1.5707963267948966,-2.962962962962963,-2.962962962962963,1.570796414433091,1.570796282346132,-2.5657004510477415,-2.5741677396156613,-0.000568378720381978,3.203268369654942e-05
Y-,5.0,1.5,7.939536481000687,0.0,-0.03566912999489754,-0.16081879367954546,3.2021126151893026e-05,-5.488603707428142e-05,-0.18279588924707418,-3.579895646074987e-05,-0.040260858425111845,-0.1665890870840875,-0.0003197129221631098,2.8064178279395488e-08,-0.16284758221432483,0.0010379243633971394,-0.03584306358375023,-0.16793570004626862,-2.976536677357059e-05,0.0,-0.2,0.0,1.5707963267948966,1.5707963267948966,-2.962962962962963,-2.962962962962963,1.570796414433091,1.570796282346132,-2.5657004510477415,-2.5741677396156613,-0.000568378720381978,3.203268369654942e-05
Y-,5.0,1.5,7.978833099001349,0.0,-0.03566912999489754,-0.16081879367954546,3.2021126151893026e-05,-5.488603707428142e-05,-0.18279588924707418,-3.579895646074987e-05,-0.040260858425111845,-0.1665890870840875,-0.0003197129221631098,2.8064178279395488e-08,-0.16284758221432483,0.0010379243633971394,-0.03584306358375023,-0.16793570004626862,-2.976536677357059e-05,0.0,-0.2,0.0,1.5707963267948966,1.5707963267948966,-2.962962962962963,-2.962962962962963,1.570796414433091,1.570796282346132,-2.5657004510477415,-2.5741677396156613,-0.000568378720381978,3.203268369654942e-05
Y-,5.0,1.5,8.00937254100063,0.0,-0.03566912999489754,-0.16081879367954546,3.2021126151893026e-05,-5.488603707428142e-05,-0.18279588924707418,-3.579895646074987e-05,-0.040260858425111845,-0.1665890870840875,-0.0003197129221631098,2.8064178279395488e-08,-0.16284758221432483,0.0010379243633971394,-0.03584306358375023,-0.16793570004626862,-2.976536677357059e-05,0.0,-0.2,0.0,1.5707963267948966,1.5707963267948966,-2.962962962962963,-2.962962962962963,1.570796414433091,1.570796282346132,-2.5657004510477415,-2.5741677396156613,-0.000568378720381978,3.203268369654942e-05
Y-,5.0,1.5,8.03946793400246,0.0,-0.03566912999489754,-0.16081879367954546,3.2021126151893026e-05,-5.488603707428142e-05,-0.18279588924707418,-3.579895646074987e-05,-0.040260858425111845,-0.1665890870840875,-0.0003197129221631098,2.8064178279395488e-08,-0.16284758221432483,0.0010379243633971394,-0.03584306358375023,-0.16793570004626862,-2.976536677357059e-05,0.0,-0.2,0.0,1.5707963267948966,1.5707963267948966,-2.962962962962963,-2.962962962962963,1.570796414433091,1.570796282346132,-2.5657004510477415,-2.5741677396156613,-0.000568378720381978,3.203268369654942e-05
Y-,5.0,1.5,8.069206291002047,0.0,-0.03566912999489754,-0.16081879367954546,3.2021126151893026e-05,-5.488603707428142e-05,-0.18279588924707418,-3.579895646074987e-05,-0.040260858425111845,-0.1665890870840875,-0.0003197129221631098,2.8064178279395488e-08,-0.16284758221432483,0.0010379243633971394,-0.03584306358375023,-0.16793570004626862,-2.976536677357059e-05,0.0,-0.2,0.0,1.5707963267948966,1.5707963267948966,-2.962962962962963,-2.962962962962963,1.570796414433091,1.570796282346132,-2.5657004510477415,-2.5741677396156613,-0.000568378720381978,3.203268369654942e-05
Y-,5.0,1.5,8.094577826999739,0.0,-0.03566912999489754,-0.16081879367954546,3.2021126151893026e-05,-5.488603707428142e-05,-0.18279588924707418,-3.579895646074987e-05,-0.040260858425111845,-0.1665890870840875,-0.0003197129221631098,2.8064178279395488e-08,-0.16284758221432483,0.0010379243633971394,-0.03584306358375023,-0.16793570004626862,-2.976536677357059e-05,0.0,-0.2,0.0,1.5707963267948966,1.5707963267948966,-2.962962962962963,-2.962962962962963,1.570796414433091,1.570796282346132,-2.5657004510477415,-2.5741677396156613,-0.000568378720381978,3.203268369654942e-05
Y-,5.0,1.5,8.129601186999935,0.0,-0.03566912999489754,-0.16081879367954546,3.2021126151893026e-05,-5.488603707428142e-05,-0.18279588924707418,-3.579895646074987e-05,-0.040260858425111845,-0.1665890870840875,-0.0003197129221631098,2.8064178279395488e-08,-0.16284758221432483,0.0010379243633971394,-0.03584306358375023,-0.16793570004626862,-2.976536677357059e-05,0.0,-0.2,0.0,1.5707963267948966,1.5707963267948966,-2.962962962962963,-2.962962962962963,1.570796414433091,1.570796282346132,-2.5657004510477415,-2.5741677396156613,-0.000568378720381978,3.203268369654942e-05
Y-,5.0,1.5,8.155633997001132,0.0,-0.03566912999489754,-0.16081879367954546,3.2021126151893026e-05,-5.488603707428142e-05,-0.18279588924707418,-3.579895646074987e-05,-0.040260858425111845,-0.1665890870840875,-0.0003197129221631098,2.8064178279395488e-08,-0.16284758221432483,0.0010379243633971394,-0.03584306358375023,-0.16793570004626862,-2.976536677357059e-05,0.0,-0.2,0.0,1.5707963267948966,1.5707963267948966,-2.962962962962963,-2.962962962962963,1.570796414433091,1.570796282346132,-2.5657004510477415,-2.5741677396156613,-0.000568378720381978,3.203268369654942e-05
Y-,5.0,1.5,8.185605149999901,0.0,-0.03566912999489754,-0.16081879367954546,3.2021126151893026e-05,-5.488603707428142e-05,-0.18279588924707418,-3.579895646074987e-05,-0.040260858425111845,-0.1665890870840875,-0.0003197129221631098,2.8064178279395488e-08,-0.16284758221432483,0.0010379243633971394,-0.03584306358375023,-0.16793570004626862,-2.976536677357059e-05,0.0,-0.2,0.0,1.5707963267948966,1.5707963267948966,-2.962962962962963,-2.962962962962963,1.570796414433091,1.570796282346132,-2.5657004510477415,-2.5741677396156613,-0.000568378720381978,3.203268369654942e-05
Y-,5.0,1.5,8.219158517000324,0.0,-0.03566912999489754,-0.16081879367954546,3.2021126151893026e-05,-5.488603707428142e-05,-0.18279588924707418,-3.579895646074987e-05,-0.040260858425111845,-0.1665890870840875,-0.0003197129221631098,2.8064178279395488e-08,-0.16284758221432483,0.0010379243633971394,-0.03584306358375023,-0.16793570004626862,-2.976536677357059e-05,0.0,-0.2,0.0,1.5707963267948966,1.5707963267948966,-2.962962962962963,-2.962962962962963,1.570796414433091,1.570796282346132,-2.5657004510477415,-2.5741677396156613,-0.000568378720381978,3.203268369654942e-05
Y-,5.0,1.5,8.259987673001888,0.0,-0.035669099255784056,-0.1641303171899041,3.1977162156493415e-05,-5.530067644724245e-05,-0.18236853158117156,-3.5762876369019306e-05,-0.040260858425111845,-0.1665890870840875,-0.0003197129221631098,2.8064178279395488e-08,-0.16284758221432483,0.0010379243633971394,-0.03584306358375023,-0.16793570004626862,-2.976536677357059e-05,0.0,-0.2,0.0,1.5707963267948966,1.5707963267948966,-2.962962962962963,-2.962962962962963,1.5707961862201918,1.5707962769588013,-2.577204110976779,-2.584498704856172,0.0015396697506337477,3.198570548450234e-05
Y-,5.0,1.5,8.297074029000214,0.0,-0.03566906859407534,-0.16743362296910433,3.19103353684587e-05,-5.534847278265504e-05,-0.18187495784932936,-3.6247805616276645e-05,-0.040260858425111845,-0.1665890870840875,-0.0003197129221631098,2.8064178279395488e-08,-0.16284758221432483,0.0010379243633971394,-0.03584306358375023,-0.16793570004626862,-2.976536677357059e-05,0.0,-0.2,0.0,1.5707963267948966,1.5707963267948966,-2.962962962962963,-2.962962962962963,1.570796188601352,1.5707962712705603,-2.586503802407074,-2.592790373908807,-0.001699850084446937,3.191444941776628e-05
Y-,5.0,1.5,8.324369587000547,0.0,-0.03566903944142648,-0.17054488996395667,3.183961935508021e-05,-5.536766724569861e-05,-0.18135867848384732,-3.5796280161358164e-05,-0.040260858425111845,-0.1665890870840875,-0.0003197129221631098,2.8064178279395488e-08,-0.16284758221432483,0.0010379243633971394,-0.03584306358375023,-0.16793570004626862,-2.976536677357059e-05,0.0,-0.2,0.0,1.5707963267948966,1.5707963267948966,-2.962962962962963,-2.962962962962963,1.5707961898299434,1.570796268355581,-2.5904620215233223,-2.596291631516654,0.0017203797685018236,3.1873051552845e-05
Y-,5.0,1.5,8.361182876000385,0.0,-0.03566899811828085,-0.1745577102009139,3.1721079632738625e-05,-5.392607051302517e-05,-0.18063162103837307,-4.136663507796019e-05,-0.040260858425111845,-0.1665890870840875,-0.0003197129221631098,2.8064178279395488e-08,-0.16284758221432483,0.0010379243633971394,-0.03584306358375023,-0.16793570004626862,-2.976536677357059e-05,0.0,-0.2,0.0,1.5707963267948966,1.5707963267948966,-2.962962962962963,-2.962962962962963,1.5707961923303637,1.5707962623623004,-2.5972217565106948,-2.6021995406430873,-9.697129534670383e-05,3.17819285801203e-05
Y-,5.0,1.5,8.401572211001621,0.0,-0.03566894718873023,-0.17837278584317628,3.1484599631023294e-05,-5.1266071826466155e-05,-0.17988831908159436,-4.9546336511412644e-05,-0.04026616003833449,-0.18316630330557068,-0.00027149140033223644,-1.6628024786616426e-08,-0.16577217069246108,0.0004822152183087335,-0.03563298218870701,-0.1861929047941615,0.00022831990148786116,0.0,-0.2,0.0,1.5707963267948966,1.5707963267948966,-2.962962962962963,-2.962962962962963,1.570796195016098,1.570796256246732,-2.6027256456163532,-2.6068439600767133,-0.002511301867538455,3.1604108032305315e-05
Y-,5.1000000000000005,1.6000000000000005,8.43402613100261,0.10000000000000053,-0.03566893498489855,-0.17927882302471726,3.1427044334351595e-05,-5.075356493532727e-05,-0.1797054292030507,-5.0207332159014156e-05,-0.04026616003833449,-0.18316630330557068,-0.00027149140033223644,-1.6628024786616426e-08,-0.16577217069246108,0.0004822152183087335,-0.03563298218870701,-0.1861929047941615,0.00022831990148786116,0.0,-0.2,0.0,1.5707963267948966,1.5707963267948966,-2.962962962962963,-2.962962962962963,1.57079619639853,1.570796253190422,-2.6050605029074907,-2.608795056907481,0.000725456336643386,3.14498100422017e-05
Y-,5.1000000000000005,1.6000000000000005,8.461867205001909,0.0,-0.03566893498489855,-0.17927882302471726,3.1427044334351595e-05,-5.075356493532727e-05,-0.1797054292030507,-5.0207332159014156e-05,-0.04026616003833449,-0.18316630330557068,-0.00027149140033223644,-1.6628024786616426e-08,-0.16577217069246108,0.0004822152183087335,-0.03563298218870701,-0.1861929047941615,0.00022831990148786116,0.0,-0.2,0.0,1.5707963267948966,1.5707963267948966,-2.962962962962963,-2.962962962962963,1.57079619639853,1.570796253190422,-2.6050605029074907,-2.608795056907481,0.000725456336643386,3.14498100422017e-05
Y-,5.1000000000000005,1.6000000000000005,8.487386961001903,0.0,-0.03566893498489855,-0.17927882302471726,3.1427044334351595e-05,-5.075356493532727e-05,-0.1797054292030507,-5.0207332159014156e-05,-0.04026616003833449,-0.18316630330557068,-0.00027149140033223644,-1.6628024786616426e-08,-0.16577217069246108,0.0004822152183087335,-0.03563298218870701,-0.1861929047941615,0.00022831990148786116,0.0,-0.2,0.0,1.5707963267948966,1.5707963267948966,-2.962962962962963,-2.962962962962963,1.57079619639853,1.570796253190422,-2.6050605029074907,-2.608795056907481,0.000725456336643386,3.14498100422017e-05
Y-,5.1000000000000005,1.6000000000000005,8.512206766001327,0.0,-0.03566893498489855,-0.17927882302471726,3.1427044334351595e-05,-5.075356493532727e-05,-0.1797054292030507,-5.0207332159014156e-05,-0.04026616003833449,-0.18316630330557068,-0.00027149140033223644,-1.6628024786616426e-08,-0.16577217069246108,0.0004822152183087335,-0.03563298218870701,-0.1861929047941615,0.00022831990148786116,0.0,-0.2,0.0,1.5707963267948966,1.5707963267948966,-2.962962962962963,-2.962962962962963,1.57079619639853,1.570796253190422,-2.6050605029074907,-2.608795056907481,0.000725456336643386,3.14498100422017e-05
Y-,5.1000000000000005,1.6000000000000005,8.537079443001858,0.0,-0.03566893498489855,-0.17927882302471726,3.1427044334351595e-05,-5.075356493532727e-05,-0.1797054292030507,-5.0207332159014156e-05,-0.04026616003833449,-0.18316630330557068,-0.00027149140033223644,-1.6628024786616426e-08,-0.16577217069246108,0.0004822152183087335,-0.03563298218870701,-0.1861929047941615,0.00022831990148786116,0.0,-0.2,0.0,1.5707963267948966,1.5707963267948966,-2.962962962962963,-2.962962962962963,1.57079619639853,1.570796253190422,-2.6050605029074907,-2.608795056907481,0.000725456336643386,3.14498100422017e-05
Y-,5.1000000000000005,1.6000000000000005,8.560762093002268,0.0,-0.03566893498489855,-0.17927882302471726,3.1427044334351595e-05,-5.075356493532727e-05,-0.1797054292030507,-5.0207332159014156e-05,-0.04026616003833449,-0.18316630330557068,-0.00027149140033223644,-1.6628024786616426e-08,-0.16577217069246108,0.0004822152183087335,-0.03563298218870701,-0.1861929047941615,0.00022831990148786116,0.0,-0.2,0.0,1.5707963267948966,1.5707963267948966,-2.962962962962963,-2.962962962962963,1.57079619639853,1.570796253190422,-2.6050605029074907,-2.608795056907481,0.000725456336643386,3.14498100422017e-05
Y-,5.1000000000000005,1.6000000000000005,8.59006597500047,0.0,-0.03566893498489855,-0.17927882302471726,3.1427044334351595e-05,-5.075356493532727e-05,-0.1797054292030507,-5.0207332159014156e-05,-0.04026616003833449,-0.18316630330557068,-0.00027149140033223644,-1.6628024786616426e-08,-0.16577217069246108,0.0004822152183087335,-0.03563298218870701,-0.1861929047941615,0.00022831990148786116,0.0,-0.2,0.0,1.5707963267948966,1.5707963267948966,-2.962962962962963,-2.962962962962963,1.57079619639853,1.570796253190422,-2.6050605029074907,-2.608795056907481,0.000725456336643386,3.14498100422017e-05
Y-,5.1000000000000005,1.6000000000000005,8.61614974999975,0.0,-0.03566893498489855,-0.17927882302471726,3.1427044334351595e-05,-5.075356493532727e-05,-0.1797054292030507,-5.0207332159014156e-05,-0.04026616003833449,-0.18316630330557068,-0.00027149140033223644,-1.6628024786616426e-08,-0.16577217069246108,0.0004822152183087335,-0.03563298218870701,-0.1861929047941615,0.00022831990148786116,0.0,-0.2,0.0,1.5707963267948966,1.5707963267948966,-2.962962962962963,-2.962962962962963,1.57079619639853,1.570796253190422,-2.6050605029074907,-2.608795056907481,0.000725456336643386,3.14498100422017e-05
Y-,5.1000000000000005,1.6000000000000005,8.644118156000332,0.0,-0.03566893498489855,-0.17927882302471726,3.1427044334351595e-05,-5.075356493532727e-05,-0.1797054292030507,-5.0207332159014156e-05,-0.04026616003833449,-0.18316630330557068,-0.00027149140033223644,-1.6628024786616426e-08,-0.16577217069246108,0.0004822152183087335,-0.03563298218870701,-0.1861929047941615,0.00022831990148786116,0.0,-0.2,0.0,1.5707963267948966,1.5707963267948966,-2.962962962962963,-2.962962962962963,1.57079619639853,1.570796253190422,-2.6050605029074907,-2.608795056907481,0.000725456336643386,3.14498100422017e-05
Y-,5.1000000000000005,1.6000000000000005,8.670173766000516,0.0,-0.03566893498489855,-0.17927882302471726,3.1427044334351595e-05,-5.075356493532727e-05,-0.1797054292030507,-5.0207332159014156e-05,-0.04026616003833449,-0.18316630330557068,-0.00027149140033223644,-1.6628024786616426e-08,-0.16577217069246108,0.0004822152183087335,-0.03563298218870701,-0.1861929047941615,0.00022831990148786116,0.0,-0.2,0.0,1.5707963267948966,1.5707963267948966,-2.962962962962963,-2.962962962962963,1.57079619639853,1.570796253190422,-2.6050605029074907,-2.608795056907481,0.000725456336643386,3.14498100422017e-05
Y-,5.1000000000000005,1.6000000000000005,8.700283092002792,0.0,-0.03566893498489855,-0.17927882302471726,3.1427044334351595e-05,-5.075356493532727e-05,-0.1797054292030507,-5.0207332159014156e-05,-0.04026616003833449,-0.18316630330557068,-0.00027149140033223644,-1.6628024786616426e-08,-0.16577217069246108,0.0004822152183087335,-0.03563298218870701,-0.1861929047941615,0.00022831990148786116,0.0,-0.2,0.0,1.5707963267948966,1.5707963267948966,-2.962962962962963,-2.962962962962963,1.57079619639853,1.570796253190422,-2.6050605029074907,-2.608795056907481,0.000725456336643386,3.14498100422017e-05
Y-,5.1000000000000005,1.6000000000000005,8.758492275002936,0.0,-0.03566892773053042,-0.17982200793202618,3.1393458311804444e-05,-5.045098788870536e-05,-0.17959470736052358,-5.061484060703328e-05,-0.04026616003833449,-0.18316630330557068,-0.00027149140033223644,-1.6628024786616426e-08,-0.16577217069246108,0.0004822152183087335,-0.03563298218870701,-0.1861929047941615,0.00022831990148786116,0.0,-0.2,0.0,1.5707963267948966,1.5707963267948966,-2.962962962962963,-2.962962962962963,1.57079619639853,1.570796253190422,-2.6050605029074907,-2.608795056907481,0.000725456336643386,3.14498100422017e-05
Y-,5.1000000000000005,1.6000000000000005,8.789538019002066,0.0,-0.035668889536123696,-0.18271335889189863,3.1219044037569544e-05,-4.8794501288951966e-05,-0.1789927454253181,-5.3704971804700194e-05,-0.04026616003833449,-0.18316630330557068,-0.00027149140033223644,-1.6628024786616426e-08,-0.16577217069246108,0.0004822152183087335,-0.03563298218870701,-0.1861929047941615,0.00022831990148786116,0.0,-0.2,0.0,1.5707963267948966,1.5707963267948966,-2.962962962962963,-2.962962962962963,1.5707961991825714,1.570796247051585,-2.609048358539569,-2.612072760505613,-4.178750919426983e-05,3.125176809868781e-05
Y-,5.1000000000000005,1.6000000000000005,8.821716997001204,0.0,-0.03566883911049763,-0.18595452048094127,3.096724094039233e-05,-4.394005763985002e-05,-0.1782951542477062,-6.877970507223408e-05,-0.04026616003833449,-0.18316630330557068,-0.00027149140033223644,-1.6628024786616426e-08,-0.16577217069246108,0.0004822152183087335,-0.03563298218870701,-0.1861929047941615,0.00022831990148786116,0.0,-0.2,0.0,1.5707963267948966,1.5707963267948966,-2.962962962962963,-2.962962962962963,1.5707962020942636,1.5707962409122764,-2.612341400911919,-2.6146507451095187,-0.002159181177357715,3.100370055439212e-05
Y-,5.1000000000000005,1.6000000000000005,8.847093534001033,0.0,-0.03566880194946252,-0.1879290301168528,3.073539741874371e-05,-4.0084983746671435e-05,-0.17785968510227942,-8.021918654630855e-05,-0.04026616003833449,-0.18316630330557068,-0.00027149140033223644,-1.6628024786616426e-08,-0.16577217069246108,0.0004822152183087335,-0.03563298218870701,-0.1861929047941615,0.00022831990148786116,0.0,-0.2,0.0,1.5707963267948966,1.5707963267948966,-2.962962962962963,-2.962962962962963,1.5707962036374967,1.5707962378521234,-2.6137856155148556,-2.6157385277751066,0.0009880463039616462,3.080248938292129e-05
Y-,5.1000000000000005,1.6000000000000005,8.873466828001256,0.0,-0.03566874630850058,-0.19079247313757267,3.0371365777736466e-05,-3.503986818934167e-05,-0.17721541785817616,-9.063378246048308e-05,-0.04026616003833449,-0.18316630330557068,-0.00027149140033223644,-1.6628024786616426e-08,-0.16577217069246108,0.0004822152183087335,-0.03563298218870701,-0.1861929047941615,0.00022831990148786116,0.0,-0.2,0.0,1.5707963267948966,1.5707963267948966,-2.962962962962963,-2.962962962962963,1.5707962067401047,1.5707962317396547,-2.616272870251197,-2.617612856774722,0.0005720089988104457,3.055192101856974e-05
Y-,5.1000000000000005,1.6000000000000005,8.90763010199953,0.0,-0.035668693318919135,-0.19364558682222197,3.0036414169927644e-05,-3.061268619159703e-05,-0.17655980224118512,-9.795682920670533e-05,-0.04027068757272385,-0.19983622873131143,-0.0002572672014619109,-1.8060362739206335e-08,-0.16675941665769667,0.00011267377841414207,-0.03563298218870701,-0.1861929047941615,0.00022831990148786116,0.0,-0.2,0.0,1.5707963267948966,1.5707963267948966,-2.962962962962963,-2.962962962962963,1.5707962082776037,1.5707962287042356,-2.6173565116463875,-2.618417951703617,0.0025600518934959906,3.011677495178425e-05
Y-,5.2,1.7000000000000002,8.93775751800058,0.09999999999999964,-0.03566863663868286,-0.1968427823235997,2.9688010656522588e-05,-2.5836689872148287e-05,-0.17581038481433164,-0.00010734205524816247,-0.04027068757272385,-0.19983622873131143,-0.0002572672014619109,-1.8060362739206335e-08,-0.16675941665769667,0.00011267377841414207,-0.03588190612425335,-0.2051766575151977,0.00014124144443083985,0.0,-0.2,0.0,1.5707963267948966,1.5707963267948966,-2.962962962962963,-2.962962962962963,1.5707962113489415,1.570796222721759,-2.619307113196671,-2.6198168497162864,-0.0026879996637884057,2.9726299601099446e-05
Y-,5.2,1.7000000000000002,8.966229986002872,0.0,-0.03566863663868286,-0.1968427823235997,2.9688010656522588e-05,-2.5836689872148287e-05,-0.17581038481433164,-0.00010734205524816247,-0.04027068757272385,-0.19983622873131143,-0.0002572672014619109,-1.8060362739206335e-08,-0.16675941665769667,0.00011267377841414207,-0.03588190612425335,-0.2051766575151977,0.00014124144443083985,0.0,-0.2,0.0,1.5707963267948966,1.5707963267948966,-2.962962962962963,-2.962962962962963,1.5707962113489415,1.570796222721759,-2.619307113196671,-2.6198168497162864,-0.0026879996637884057,2.9726299601099446e-05
Y-,5.2,1.7000000000000002,8.997520253000403,0.0,-0.03566863663868286,-0.1968427823235997,2.9688010656522588e-05,-2.5836689872148287e-05,-0.17581038481433164,-0.00010734205524816247,-0.04027068757272385,-0.19983622873131143,-0.0002572672014619109,-1.8060362739206335e-08,-0.16675941665769667,0.00011267377841414207,-0.03588190612425335,-0.2051766575151977,0.00014124144443083985,0.0,-0.2,0.0,1.5707963267948966,1.5707963267948966,-2.962962962962963,-2.962962962962963,1.5707962113489415,1.570796222721759,-2.619307113196671,-2.6198168497162864,-0.0026879996637884057,2.9726299601099446e-05
Y-,5.2,1.7000000000000002,9.033559982999577,0.0,-0.03566863663868286,-0.1968427823235997,2.9688010656522588e-05,-2.5836689872148287e-05,-0.17581038481433164,-0.00010734205524816247,-0.04027068757272385,-0.19983622873131143,-0.0002572672014619109,-1.8060362739206335e-08,-0.16675941665769667,0.00011267377841414207,-0.03588190612425335,-0.2051766575151977,0.00014124144443083985,0.0,-0.2,0.0,1.5707963267948966,1.5707963267948966,-2.962962962962963,-2.962962962962963,1.5707962113489415,1.570796222721759,-2.619307113196671,-2.6198168497162864,-0.0026879996637884057,2.9726299601099446e-05
Y-,5.2,1.7000000000000002,9.059961987000861,0.0,-0.03566863663868286,-0.1968427823235997,2.9688010656522588e-05,-2.5836689872148287e-05,-0.17581038481433164,-0.00010734205524816247,-0.04027068757272385,-0.19983622873131143,-0.0002572672014619109,-1.8060362739206335e-08,-0.16675941665769667,0.00011267377841414207,-0.03588190612425335,-0.2051766575151977,0.00014124144443083985,0.0,-0.2,0.0,1.5707963267948966,1.5707963267948966,-2.962962962962963,-2.962962962962963,1.5707962113489415,1.570796222721759,-2.619307113196671,-2.6198168497162864,-0.0026879996637884057,2.9726299601099446e-05
Y-,5.2,1.7000000000000002,9.090368003002368,0.0,-0.03566863663868286,-0.1968427823235997,2.9688010656522588e-05,-2.5836689872148287e-05,-0.17581038481433164,-0.00010734205524816247,-0.04027068757272385,-0.19983622873131143,-0.0002572672014619109,-1.8060362739206335e-08,-0.16675941665769667,0.00011267377841414207,-0.03588190612425335,-0.2051766575151977,0.00014124144443083985,0.0,-0.2,0.0,1.5707963267948966,1.5707963267948966,-2.962962962962963,-2.962962962962963,1.5707962113489415,1.570796222721759,-2.619307113196671,-2.6198168497162864,-0.0026879996637884057,2.9726299601099446e-05
Y-,5.2,1.7000000000000002,9.11523022700203,0.0,-0.03566863663868286,-0.1968427823235997,2.9688010656522588e-05,-2.5836689872148287e-05,-0.17581038481433164,-0.00010734205524816247,-0.04027068757272385,-0.19983622873131143,-0.0002572672014619109,-1.8060362739206335e-08,-0.16675941665769667,0.00011267377841414207,-0.03588190612425335,-0.2051766575151977,0.00014124144443083985,0.0,-0.2,0.0,1.5707963267948966,1.5707963267948966,-2.962962962962963,-2.962962962962963,1.5707962113489415,1.570796222721759,-2.619307113196671,-2.6198168497162864,-0.0026879996637884057,2.9726299601099446e-05
Y-,5.2,1.7000000000000002,9.147890525000548,0.0,-0.03566863663868286,-0.1968427823235997,2.9688010656522588e-05,-2.5836689872148287e-05,-0.17581038481433164,-0.00010734205524816247,-0.04027068757272385,-0.19983622873131143,-0.0002572672014619109,-1.8060362739206335e-08,-0.16675941665769667,0.00011267377841414207,-0.03588190612425335,-0.2051766575151977,0.00014124144443083985,0.0,-0.2,0.0,1.5707963267948966,1.5707963267948966,-2.962962962962963,-2.962962962962963,1.5707962113489415,1.570796222721759,-2.619307113196671,-2.6198168497162864,-0.0026879996637884057,2.9726299601099446e-05
Y-,5.2,1.7000000000000002,9.175615378000657,0.0,-0.03566863663868286,-0.1968427823235997,2.9688010656522588e-05,-2.5836689872148287e-05,-0.17581038481433164,-0.00010734205524816247,-0.04027068757272385,-0.19983622873131143,-0.0002572672014619109,-1.8060362739206335e-08,-0.16675941665769667,0.00011267377841414207,-0.03588190612425335,-0.2051766575151977,0.00014124144443083985,0.0,-0.2,0.0,1.5707963267948966,1.5707963267948966,-2.962962962962963,-2.962962962962963,1.5707962113489415,1.570796222721759,-2.619307113196671,-2.6198168497162864,-0.0026879996637884057,2.9726299601099446e-05
Y-,5.2,1.7000000000000002,9.204112442999758,0.0,-0.03566863663868286,-0.1968427823235997,2.9688010656522588e-05,-2.5836689872148287e-05,-0.17581038481433164,-0.00010734205524816247,-0.04027068757272385,-0.19983622873131143,-0.0002572672014619109,-1.8060362739206335e-08,-0.16675941665769667,0.00011267377841414207,-0.03588190612425335,-0.2051766575151977,0.00014124144443083985,0.0,-0.2,0.0,1.5707963267948966,1.5707963267948966,-2.962962962962963,-2.962962962962963,1.5707962113489415,1.570796222721759,-2.619307113196671,-2.6198168497162864,-0.0026879996637884057,2.9726299601099446e-05
Y-,5.2,1.7000000000000002,9.237582972000382,0.0,-0.03566863663868286,-0.1968427823235997,2.9688010656522588e-05,-2.5836689872148287e-05,-0.17581038481433164,-0.00010734205524816247,-0.04027068757272385,-0.19983622873131143,-0.0002572672014619109,-1.8060362739206335e-08,-0.16675941665769667,0.00011267377841414207,-0.03588190612425335,-0.2051766575151977,0.00014124144443083985,0.0,-0.2,0.0,1.5707963267948966,1.5707963267948966,-2.962962962962963,-2.962962962962963,1.5707962113489415,1.570796222721759,-2.619307113196671,-2.6198168497162864,-0.0026879996637884057,2.9726299601099446e-05
Y-,5.2,1.7000000000000002,9.261731105001672,0.0,-0.03566863663868286,-0.1968427823235997,2.9688010656522588e-05,-2.5836689872148287e-05,-0.17581038481433164,-0.00010734205524816247,-0.04027068757272385,-0.19983622873131143,-0.0002572672014619109,-1.8060362739206335e-08,-0.16675941665769667,0.00011267377841414207,-0.03588190612425335,-0.2051766575151977,0.00014124144443083985,0.0,-0.2,0.0,1.5707963267948966,1.5707963267948966,-2.962962962962963,-2.962962962962963,1.5707962113489415,1.570796222721759,-2.619307113196671,-2.6198168497162864,-0.0026879996637884057,2.9726299601099446e-05
Y-,5.2,1.7000000000000002,9.290449803000229,0.0,-0.03566858432886336,-0.19984996136502975,2.93623251182201e-05,-2.127651668659385e-05,-0.17509229810893406,-0.00011703510524114381,-0.04027068757272385,-0.19983622873131143,-0.0002572672014619109,-1.8060362739206335e-08,-0.16675941665769667,0.00011267377841414207,-0.03588190612425335,-0.2051766575151977,0.00014124144443083985,0.0,-0.2,0.0,1.5707963267948966,1.5707963267948966,-2.962962962962963,-2.962962962962963,1.5707961834897857,1.5707962167747542,-2.6210631855882847,-2.6210186720458255,0.002424969997756268,2.951568137990324e-05
Y-,5.2,1.7000000000000002,9.318582618001528,0.0,-0.03566854065448768,-0.2023173018107751,2.910471877016384e-05,-1.7865509393714444e-05,-0.17449402089852634,-0.0001240739186199858,-0.04027068757272385,-0.19983622873131143,-0.0002572672014619109,-1.8060362739206335e-08,-0.16675941665769667,0.00011267377841414207,-0.03588190612425335,-0.2051766575151977,0.00014124144443083985,0.0,-0.2,0.0,1.5707963267948966,1.5707963267948966,-2.962962962962963,-2.962962962962963,1.5707959438043888,1.5707962139161937,-2.6219191476201575,-2.6215784450779127,0.0001683897435336216,2.914030787998572e-05
Y-,5.2,1.7000000000000002,9.343871707002108,0.0,-0.035668505975296236,-0.20425006217329092,2.8912795137267088e-05,-1.532223800940308e-05,-0.17401970269332964,-0.00012943151331112424,-0.04027068757272385,-0.19983622873131143,-0.0002572672014619109,-1.8060362739206335e-08,-0.16675941665769667,0.00011267377841414207,-0.03588190612425335,-0.2051766575151977,0.00014124144443083985,0.0,-0.2,0.0,1.5707963267948966,1.5707963267948966,-2.962962962962963,-2.962962962962963,1.5707957376208928,1.5707962109382505,-2.6227788089746427,-2.622128117865695,0.0013392718058067674,2.8947389629535225e-05
Y-,5.2,1.7000000000000002,9.373656928000855,0.0,-0.035668457002891785,-0.2068772467399613,2.865179260282654e-05,-1.1824271661010053e-05,-0.17336693880763282,-0.00013777401498903176,-0.04027068757272385,-0.19983622873131143,-0.0002572672014619109,-1.8060362739206335e-08,-0.16675941665769667,0.00011267377841414207,-0.03588190612425335,-0.2051766575151977,0.00014124144443083985,0.0,-0.2,0.0,1.5707963267948966,1.5707963267948966,-2.962962962962963,-2.962962962962963,1.5707953453425754,1.5707962054703826,-2.6245124258787293,-2.62322225598162,0.0023601630057500916,2.8774443536600672e-05
Y-,5.2,1.7000000000000002,9.401354896002886,0.0,-0.03566831041323837,-0.21001692240536754,2.7795977425607225e-05,-1.8903309443946058e-05,-0.17257478525592226,-0.00011526465987649576,-0.04027068757272385,-0.19983622873131143,-0.0002572672014619109,-1.8060362739206335e-08,-0.16675941665769667,0.00011267377841414207,-0.03588190612425335,-0.2051766575151977,0.00014124144443083985,0.0,-0.2,0.0,1.5707963267948966,1.5707963267948966,-2.962962962962963,-2.962962962962963,1.5707951796090063,1.570796202915167,-2.625377097384343,-2.6237917245892817,-0.0008472851774521373,2.7913341813453032e-05
Y-,5.2,1.7000000000000002,9.431752456002869,0.0,-0.035668253454747924,-0.21279578920719314,2.7583272432100537e-05,-1.8034505055504848e-05,-0.17186178216618764,-0.00010389685839487846,-0.04027499934860861,-0.2165548308732855,-0.00027409621988877156,-1.0627804099224987e-07,-0.16718602697980428,-0.00016829018426860683,-0.03616381285241792,-0.22197456543159835,0.0003046390370373685,0.0,-0.2,0.0,1.5707963267948966,1.5707963267948966,-2.962962962962963,-2.962962962962963,1.5707947616459732,1.5707961973022435,-2.6270222376796966,-2.6251788804723186,-0.00027639242642869474,2.768827009782504e-05
Y-,5.300000000000001,1.8000000000000007,9.46172677800132,0.10000000000000053,-0.03566822357955127,-0.21418095324330974,2.747332683462965e-05,-1.616848288513975e-05,-0.17150141949543019,-0.00011250057866307245,-0.04027499934860861,-0.2165548308732855,-0.00027409621988877156,-1.0627804099224987e-07,-0.16718602697980428,-0.00016829018426860683,-0.03616381285241792,-0.22197456543159835,0.0003046390370373685,0.0,-0.2,0.0,1.5707963267948966,1.5707963267948966,-2.962962962962963,-2.962962962962963,1.5707945639329832,1.5707961947705273,-2.628010245625604,-2.6258414135551678,-0.0013338909494935464,2.7583272432100537e-05
Y-,5.300000000000001,1.8000000000000007,9.487869685999613,0.0,-0.03566822357955127,-0.21418095324330974,2.747332683462965e-05,-1.616848288513975e-05,-0.17150141949543019,-0.00011250057866307245,-0.04027499934860861,-0.2165548308732855,-0.00027409621988877156,-1.0627804099224987e-07,-0.16718602697980428,-0.00016829018426860683,-0.03616381285241792,-0.22197456543159835,0.0003046390370373685,0.0,-0.2,0.0,1.5707963267948966,1.5707963267948966,-2.962962962962963,-2.962962962962963,1.5707945639329832,1.5707961947705273,-2.628010245625604,-2.6258414135551678,-0.0013338909494935464,2.7583272432100537e-05
Y-,5.300000000000001,1.8000000000000007,9.511622747999354,0.0,-0.03566822357955127,-0.21418095324330974,2.747332683462965e-05,-1.616848288513975e-05,-0.17150141949543019,-0.00011250057866307245,-0.04027499934860861,-0.2165548308732855,-0.00027409621988877156,-1.0627804099224987e-07,-0.16718602697980428,-0.00016829018426860683,-0.03616381285241792,-0.22197456543159835,0.0003046390370373685,0.0,-0.2,0.0,1.5707963267948966,1.5707963267948966,-2.962962962962963,-2.962962962962963,1.5707945639329832,1.5707961947705273,-2.628010245625604,-2.6258414135551678,-0.0013338909494935464,2.7583272432100537e-05
Y-,5.300000000000001,1.8000000000000007,9.535920878002798,0.0,-0.03566822357955127,-0.21418095324330974,2.747332683462965e-05,-1.616848288513975e-05,-0.17150141949543019,-0.00011250057866307245,-0.04027499934860861,-0.2165548308732855,-0.00027409621988877156,-1.0627804099224987e-07,-0.16718602697980428,-0.00016829018426860683,-0.03616381285241792,-0.22197456543159835,0.0003046390370373685,0.0,-0.2,0.0,1.5707963267948966,1.5707963267948966,-2.962962962962963,-2.962962962962963,1.5707945639329832,1.5707961947705273,-2.628010245625604,-2.6258414135551678,-0.0013338909494935464,2.7583272432100537e-05
Y-,5.300000000000001,1.8000000000000007,9.562220386000263,0.0,-0.03566822357955127,-0.21418095324330974,2.747332683462965e-05,-1.616848288513975e-05,-0.17150141949543019,-0.00011250057866307245,-0.04027499934860861,-0.2165548308732855,-0.00027409621988877156,-1.0627804099224987e-07,-0.16718602697980428,-0.00016829018426860683,-0.03616381285241792,-0.22197456543159835,0.0003046390370373685,0.0,-0.2,0.0,1.5707963267948966,1.5707963267948966,-2.962962962962963,-2.962962962962963,1.5707945639329832,1.5707961947705273,-2.628010245625604,-2.6258414135551678,-0.0013338909494935464,2.7583272432100537e-05
Y-,5.300000000000001,1.8000000000000007,9.586782460002723,0.0,-0.03566822357955127,-0.21418095324330974,2.747332683462965e-05,-1.616848288513975e-05,-0.17150141949543019,-0.00011250057866307245,-0.04027499934860861,-0.2165548308732855,-0.00027409621988877156,-1.0627804099224987e-07,-0.16718602697980428,-0.00016829018426860683,-0.03616381285241792,-0.22197456543159835,0.0003046390370373685,0.0,-0.2,0.0,1.5707963267948966,1.5707963267948966,-2.962962962962963,-2.962962962962963,1.5707945639329832,1.5707961947705273,-2.628010245625604,-2.6258414135551678,-0.0013338909494935464,2.7583272432100537e-05
Y-,5.300000000000001,1.8000000000000007,9.611063584001386,0.0,-0.03566822357955127,-0.21418095324330974,2.747332683462965e-05,-1.616848288513975e-05,-0.17150141949543019,-0.00011250057866307245,-0.04027499934860861,-0.2165548308732855,-0.00027409621988877156,-1.0627804099224987e-07,-0.16718602697980428,-0.00016829018426860683,-0.03616381285241792,-0.22197456543159835,0.0003046390370373685,0.0,-0.2,0.0,1.5707963267948966,1.5707963267948966,-2.962962962962963,-2.962962962962963,1.5707945639329832,1.5707961947705273,-2.628010245625604,-2.6258414135551678,-0.0013338909494935464,2.7583272432100537e-05
Y-,5.300000000000001,1.8000000000000007,9.635448774999531,0.0,-0.03566822357955127,-0.21418095324330974,2.747332683462965e-05,-1.616848288513975e-05,-0.17150141949543019,-0.00011250057866307245,-0.04027499934860861,-0.2165548308732855,-0.00027409621988877156,-1.0627804099224987e-07,-0.16718602697980428,-0.00016829018426860683,-0.03616381285241792,-0.22197456543159835,0.0003046390370373685,0.0,-0.2,0.0,1.5707963267948966,1.5707963267948966,-2.962962962962963,-2.962962962962963,1.5707945639329832,1.5707961947705273,-2.628010245625604,-2.6258414135551678,-0.0013338909494935464,2.7583272432100537e-05
Y-,5.300000000000001,1.8000000000000007,9.664542415001051,0.0,-0.03566822357955127,-0.21418095324330974,2.747332683462965e-05,-1.616848288513975e-05,-0.17150141949543019,-0.00011250057866307245,-0.04027499934860861,-0.2165548308732855,-0.00027409621988877156,-1.0627804099224987e-07,-0.16718602697980428,-0.00016829018426860683,-0.03616381285241792,-0.22197456543159835,0.0003046390370373685,0.0,-0.2,0.0,1.5707963267948966,1.5707963267948966,-2.962962962962963,-2.962962962962963,1.5707945639329832,1.5707961947705273,-2.628010245625604,-2.6258414135551678,-0.0013338909494935464,2.7583272432100537e-05
Y-,5.300000000000001,1.8000000000000007,9.691739508001774,0.0,-0.03566822357955127,-0.21418095324330974,2.747332683462965e-05,-1.616848288513975e-05,-0.17150141949543019,-0.00011250057866307245,-0.04027499934860861,-0.2165548308732855,-0.00027409621988877156,-1.0627804099224987e-07,-0.16718602697980428,-0.00016829018426860683,-0.03616381285241792,-0.22197456543159835,0.0003046390370373685,0.0,-0.2,0.0,1.5707963267948966,1.5707963267948966,-2.962962962962963,-2.962962962962963,1.5707945639329832,1.5707961947705273,-2.628010245625604,-2.6258414135551678,-0.0013338909494935464,2.7583272432100537e-05
Y-,5.300000000000001,1.8000000000000007,9.722098745001858,0.0,-0.03566822357955127,-0.21418095324330974,2.747332683462965e-05,-1.616848288513975e-05,-0.17150141949543019,-0.00011250057866307245,-0.04027499934860861,-0.2165548308732855,-0.00027409621988877156,-1.0627804099224987e-07,-0.16718602697980428,-0.00016829018426860683,-0.03616381285241792,-0.22197456543159835,0.0003046390370373685,0.0,-0.2,0.0,1.5707963267948966,1.5707963267948966,-2.962962962962963,-2.962962962962963,1.5707945639329832,1.5707961947705273,-2.628010245625604,-2.6258414135551678,-0.0013338909494935464,2.7583272432100537e-05
Y-,5.300000000000001,1.8000000000000007,9.747676163002325,0.0,-0.03566822357955127,-0.21418095324330974,2.747332683462965e-05,-1.616848288513975e-05,-0.17150141949543019,-0.00011250057866307245,-0.04027499934860861,-0.2165548308732855,-0.00027409621988877156,-1.0627804099224987e-07,-0.16718602697980428,-0.00016829018426860683,-0.03616381285241792,-0.22197456543159835,0.0003046390370373685,0.0,-0.2,0.0,1.5707963267948966,1.5707963267948966,-2.962962962962963,-2.962962962962963,1.5707945639329832,1.5707961947705273,-2.628010245625604,-2.6258414135551678,-0.0013338909494935464,2.7583272432100537e-05
Y-,5.300000000000001,1.8000000000000007,9.781310680002207,0.0,-0.035668206358615416,-0.214872458662847,2.7395998694687547e-05,-1.5039947509347244e-05,-0.1713202940972737,-0.0001178950483486738,-0.04027499934860861,-0.2165548308732855,-0.00027409621988877156,-1.0627804099224987e-07,-0.16718602697980428,-0.00016829018426860683,-0.03616381285241792,-0.22197456543159835,0.0003046390370373685,0.0,-0.2,0.0,1.5707963267948966,1.5707963267948966,-2.962962962962963,-2.962962962962963,1.5707945639329832,1.5707961947705273,-2.628010245625604,-2.6258414135551678,0.0013590146671508638,2.7436077215974757e-05
Y-,5.300000000000001,1.8000000000000007,9.805482327999925,0.0,-0.03566813081121456,-0.21745915925919454,2.6997634483834493e-05,-1.0602756785532425e-05,-0.170635417660136,-0.0001344261033123531,-0.04027499934860861,-0.2165548308732855,-0.00027409621988877156,-1.0627804099224987e-07,-0.16718602697980428,-0.00016829018426860683,-0.03616381285241792,-0.22197456543159835,0.0003046390370373685,0.0,-0.2,0.0,1.5707963267948966,1.5707963267948966,-2.962962962962963,-2.962962962962963,1.570794169350024,1.5707961898808511,-2.6301924554943263,-2.627274497970489,0.0015059125702614256,2.7200082847214146e-05
Y-,5.300000000000001,1.8000000000000007,9.836100538002938,0.0,-0.03566801651616261,-0.22089207884921594,2.6378705941315753e-05,-5.265290783996231e-06,-0.1697071430868912,-0.0001456156398222407,-0.04027499934860861,-0.2165548308732855,-0.00027409621988877156,-1.0627804099224987e-07,-0.16718602697980428,-0.00016829018426860683,-0.03616381285241792,-0.22197456543159835,0.0003046390370373685,0.0,-0.2,0.0,1.5707963267948966,1.5707963267948966,-2.962962962962963,-2.962962962962963,1.5707937604405418,1.5707961851868237,-2.6325834571174966,-2.6290173820092964,-0.0007994974758409818,2.6533010191323874e-05
Y-,5.300000000000001,1.8000000000000007,9.868079369000043,0.0,-0.03566790065387917,-0.22396578324129496,2.5787993452284682e-05,-4.472046123877064e-07,-0.16885472859660264,-0.00015794982068709782,-0.04027499934860861,-0.2165548308732855,-0.00027409621988877156,-1.0627804099224987e-07,-0.16718602697980428,-0.00016829018426860683,-0.03616381285241792,-0.22197456543159835,0.0003046390370373685,0.0,-0.2,0.0,1.5707963267948966,1.5707963267948966,-2.962962962962963,-2.962962962962963,1.5707933476271156,1.5707961802004418,-2.635319327574721,-2.6310981397289597,0.0006757965713781306,2.5896369705489415e-05
Y-,5.300000000000001,1.8000000000000007,9.895129814001848,0.0,-0.03566774911864912,-0.2270240885658128,2.5023559587345073e-05,1.13017654534018e-06,-0.16798352393335844,-0.00016653201424868114,-0.04027499934860861,-0.2165548308732855,-0.00027409621988877156,-1.0627804099224987e-07,-0.16718602697980428,-0.00016829018426860683,-0.03616381285241792,-0.22197456543159835,0.0003046390370373685,0.0,-0.2,0.0,1.5707963267948966,1.5707963267948966,-2.962962962962963,-2.962962962962963,1.570793139757412,1.5707961779411512,-2.6368391286173116,-2.632287550517416,0.0004345445921829646,2.5069226584369773e-05
Y-,5.300000000000001,1.8000000000000007,9.920429134999722,0.0,-0.03566765864929157,-0.22871635979251584,2.456463154482018e-05,1.7284867620813741e-06,-0.16749030916024543,-0.00016739826351654132,-0.0402796272912562,-0.23333699870819685,-0.00032241204302556526,-2.801376625002038e-07,-0.16782168473001363,-0.0004831582313679368,-0.03597469050425071,-0.24002820338074005,0.00018487737606612365,0.0,-0.2,0.0,1.5707963267948966,1.5707963267948966,-2.962962962962963,-2.962962962962963,1.570792926078279,1.5707961757595497,-2.638448581725906,-2.6335933022895253,0.0019541807134803306,2.461079429773362e-05
Y-,5.4,1.9000000000000004,9.946903050000401,0.09999999999999964,-0.03566750540211777,-0.23141370311127973,2.380486760763706e-05,2.7678950641300273e-06,-0.16668577461432277,-0.00017012120699556494,-0.0402796272912562,-0.23333699870819685,-0.00032241204302556526,-2.801376625002038e-07,-0.16782168473001363,-0.0004831582313679368,-0.03597469050425071,-0.24002820338074005,0.00018487737606612365,0.0,-0.2,0.0,1.5707963267948966,1.5707963267948966,-2.962962962962963,-2.962962962962963,1.5707924932992352,1.5707961716143783,-2.642029200930864,-2.6365851586699294,-0.001517580756987913,2.4047392986396702e-05
Y-,5.4,1.9000000000000004,9.974987927002076,0.0,-0.035667475337624446,-0.2319180241875887,2.36559840654028e-05,3.028120524611286e-06,-0.16653265500012715,-0.00017097651845698433,-0.0402796272912562,-0.23333699870819685,-0.00032241204302556526,-2.801376625002038e-07,-0.16782168473001363,-0.0004831582313679368,-0.03597469050425071,-0.24002820338074005,0.00018487737606612365,0.0,-0.2,0.0,1.5707963267948966,1.5707963267948966,-2.962962962962963,-2.962962962962963,1.5707924932992352,1.5707961716143783,-2.642029200930864,-2.6365851586699294,-0.001517580756987913,2.4047392986396702e-05
Y-,5.4,1.9000000000000004,10.003061258001253,0.0,-0.035667475337624446,-0.2319180241875887,2.36559840654028e-05,3.028120524611286e-06,-0.16653265500012715,-0.00017097651845698433,-0.0402796272912562,-0.23333699870819685,-0.00032241204302556526,-2.801376625002038e-07,-0.16782168473001363,-0.0004831582313679368,-0.03597469050425071,-0.24002820338074005,0.00018487737606612365,0.0,-0.2,0.0,1.5707963267948966,1.5707963267948966,-2.962962962962963,-2.962962962962963,1.5707924932992352,1.5707961716143783,-2.642029200930864,-2.6365851586699294,-0.001517580756987913,2.4047392986396702e-05
Y-,5.4,1.9000000000000004,10.032538565999857,0.0,-0.035667475337624446,-0.2319180241875887,2.36559840654028e-05,3.028120524611286e-06,-0.16653265500012715,-0.00017097651845698433,-0.0402796272912562,-0.23333699870819685,-0.00032241204302556526,-2.801376625002038e-07,-0.16782168473001363,-0.0004831582313679368,-0.03597469050425071,-0.24002820338074005,0.00018487737606612365,0.0,-0.2,0.0,1.5707963267948966,1.5707963267948966,-2.962962962962963,-2.962962962962963,1.5707924932992352,1.5707961716143783,-2.642029200930864,-2.6365851586699294,-0.001517580756987913,2.4047392986396702e-05
Y-,5.4,1.9000000000000004,10.05856820400004,0.0,-0.035667475337624446,-0.2319180241875887,2.36559840654028e-05,3.028120524611286e-06,-0.16653265500012715,-0.00017097651845698433,-0.0402796272912562,-0.23333699870819685,-0.00032241204302556526,-2.801376625002038e-07,-0.16782168473001363,-0.0004831582313679368,-0.03597469050425071,-0.24002820338074005,0.00018487737606612365,0.0,-0.2,0.0,1.5707963267948966,1.5707963267948966,-2.962962962962963,-2.962962962962963,1.5707924932992352,1.5707961716143783,-2.642029200930864,-2.6365851586699294,-0.001517580756987913,2.4047392986396702e-05
Y-,5.4,1.9000000000000004,10.086220447999949,0.0,-0.035667475337624446,-0.2319180241875887,2.36559840654028e-05,3.028120524611286e-06,-0.16653265500012715,-0.00017097651845698433,-0.0402796272912562,-0.23333699870819685,-0.00032241204302556526,-2.801376625002038e-07,-0.16782168473001363,-0.0004831582313679368,-0.03597469050425071,-0.24002820338074005,0.00018487737606612365,0.0,-0.2,0.0,1.5707963267948966,1.5707963267948966,-2.962962962962963,-2.962962962962963,1.5707924932992352,1.5707961716143783,-2.642029200930864,-2.6365851586699294,-0.001517580756987913,2.4047392986396702e-05
Y-,5.4,1.9000000000000004,10.117326319999847,0.0,-0.035667475337624446,-0.2319180241875887,2.36559840654028e-05,3.028120524611286e-06,-0.16653265500012715,-0.00017097651845698433,-0.0402796272912562,-0.23333699870819685,-0.00032241204302556526,-2.801376625002038e-07,-0.16782168473001363,-0.0004831582313679368,-0.03597469050425071,-0.24002820338074005,0.00018487737606612365,0.0,-0.2,0.0,1.5707963267948966,1.5707963267948966,-2.962962962962963,-2.962962962962963,1.5707924932992352,1.5707961716143783,-2.642029200930864,-2.6365851586699294,-0.001517580756987913,2.4047392986396702e-05
Y-,5.4,1.9000000000000004,10.15887802799989,0.0,-0.035667475337624446,-0.2319180241875887,2.36559840654028e-05,3.028120524611286e-06,-0.16653265500012715,-0.00017097651845698433,-0.0402796272912562,-0.23333699870819685,-0.00032241204302556526,-2.801376625002038e-07,-0.16782168473001363,-0.0004831582313679368,-0.03597469050425071,-0.24002820338074005,0.00018487737606612365,0.0,-0.2,0.0,1.5707963267948966,1.5707963267948966,-2.962962962962963,-2.962962962962963,1.5707924932992352,1.5707961716143783,-2.642029200930864,-2.6365851586699294,-0.001517580756987913,2.4047392986396702e-05
Y-,5.4,1.9000000000000004,10.190715634002117,0.0,-0.035667475337624446,-0.2319180241875887,2.36559840654028e-05,3.028120524611286e-06,-0.16653265500012715,-0.00017097651845698433,-0.0402796272912562,-0.23333699870819685,-0.00032241204302556526,-2.801376625002038e-07,-0.16782168473001363,-0.0004831582313679368,-0.03597469050425071,-0.24002820338074005,0.00018487737606612365,0.0,-0.2,0.0,1.5707963267948966,1.5707963267948966,-2.962962962962963,-2.962962962962963,1.5707924932992352,1.5707961716143783,-2.642029200930864,-2.6365851586699294,-0.001517580756987913,2.4047392986396702e-05
Y-,5.4,1.9000000000000004,10.218209046000993,0.0,-0.035667475337624446,-0.2319180241875887,2.36559840654028e-05,3.028120524611286e-06,-0.16653265500012715,-0.00017097651845698433,-0.0402796272912562,-0.23333699870819685,-0.00032241204302556526,-2.801376625002038e-07,-0.16782168473001363,-0.0004831582313679368,-0.03597469050425071,-0.24002820338074005,0.00018487737606612365,0.0,-0.2,0.0,1.5707963267948966,1.5707963267948966,-2.962962962962963,-2.962962962962963,1.5707924932992352,1.5707961716143783,-2.642029200930864,-2.6365851586699294,-0.001517580756987913,2.4047392986396702e-05
Y-,5.4,1.9000000000000004,10.252231736001704,0.0,-0.035667475337624446,-0.2319180241875887,2.36559840654028e-05,3.028120524611286e-06,-0.16653265500012715,-0.00017097651845698433,-0.0402796272912562,-0.23333699870819685,-0.00032241204302556526,-2.801376625002038e-07,-0.16782168473001363,-0.0004831582313679368,-0.03597469050425071,-0.24002820338074005,0.00018487737606612365,0.0,-0.2,0.0,1.5707963267948966,1.5707963267948966,-2.962962962962963,-2.962962962962963,1.5707924932992352,1.5707961716143783,-2.642029200930864,-2.6365851586699294,-0.001517580756987913,2.4047392986396702e-05
Y-,5.4,1.9000000000000004,10.279316858999664,0.0,-0.035667475337624446,-0.2319180241875887,2.36559840654028e-05,3.028120524611286e-06,-0.16653265500012715,-0.00017097651845698433,-0.0402796272912562,-0.23333699870819685,-0.00032241204302556526,-2.801376625002038e-07,-0.16782168473001363,-0.0004831582313679368,-0.03597469050425071,-0.24002820338074005,0.00018487737606612365,0.0,-0.2,0.0,1.5707963267948966,1.5707963267948966,-2.962962962962963,-2.962962962962963,1.5707924932992352,1.5707961716143783,-2.642029200930864,-2.6365851586699294,-0.001517580756987913,2.4047392986396702e-05
Y-,5.4,1.9000000000000004,10.317324071002076,0.0,-0.0356674447434344,-0.23242188818894022,2.3504356984921496e-05,3.2926319393226293e-06,-0.1663787763804684,-0.00017190051162992658,-0.0402796272912562,-0.23333699870819685,-0.00032241204302556526,-2.801376625002038e-07,-0.16782168473001363,-0.0004831582313679368,-0.03597469050425071,-0.24002820338074005,0.00018487737606612365,0.0,-0.2,0.0,1.5707963267948966,1.5707963267948966,-2.962962962962963,-2.962962962962963,1.5707922755038783,1.5707961696591166,-2.6440377080006274,-2.638284183290238,-0.0005023259343764017,2.3555144733040474e-05
Y-,5.4,1.9000000000000004,10.351168585999403,0.0,-0.035667191451114764,-0.23626939937133745,2.223801163974121e-05,5.457622835363307e-06,-0.16517009786036171,-0.00018170078303145313,-0.0402796272912562,-0.23333699870819685,-0.00032241204302556526,-2.801376625002038e-07,-0.16782168473001363,-0.0004831582313679368,-0.03597469050425071,-0.24002820338074005,0.00018487737606612365,0.0,-0.2,0.0,1.5707963267948966,1.5707963267948966,-2.962962962962963,-2.962962962962963,1.570791833890766,1.5707958955980121,-2.648535567905542,-2.642279215819346,0.002746411902553743,2.241574449823568e-05
Y-,5.4,1.9000000000000004,10.376277331000892,0.0,-0.03566692639842718,-0.23975771287973072,2.0893610613239816e-05,7.659029982166817e-06,-0.16401528844814775,-0.00018942341546960355,-0.0402796272912562,-0.23333699870819685,-0.00032241204302556526,-2.801376625002038e-07,-0.16782168473001363,-0.0004831582313679368,-0.03597469050425071,-0.24002820338074005,0.00018487737606612365,0.0,-0.2,0.0,1.5707963267948966,1.5707963267948966,-2.962962962962963,-2.962962962962963,1.5707913883794733,1.5707954757308489,-2.6537298615318936,-2.6469066075891083,0.0018816296743401184,2.0893610613239816e-05
Y-,5.4,1.9000000000000004,10.401982314000634,0.0,-0.03566673547498192,-0.24206965267976557,1.993857726537552e-05,9.14318290960351e-06,-0.16321538987004272,-0.00019293596989706263,-0.0402796272912562,-0.23333699870819685,-0.00032241204302556526,-2.801376625002038e-07,-0.16782168473001363,-0.0004831582313679368,-0.03597469050425071,-0.24002820338074005,0.00018487737606612365,0.0,-0.2,0.0,1.5707963267948966,1.5707963267948966,-2.962962962962963,-2.962962962962963,1.5707911598521065,1.5707952435780328,-2.656636895089731,-2.649503963442511,-0.0031993247518942985,2.021565230619806e-05
Y-,5.4,1.9000000000000004,10.434272924001561,0.0,-0.03566648405720449,-0.24486179523467086,1.86938856921713e-05,1.1222010970851528e-05,-0.16220705712596056,-0.0001997922747347667,-0.040285149876056636,-0.25027673599230116,-0.000405176942848593,-6.100930193911334e-07,-0.16939738184213304,-0.0008276489982302777,-0.036145676394436485,-0.2396266097936256,0.0002401038702863902,0.0,-0.2,0.0,1.5707963267948966,1.5707963267948966,-2.962962962962963,-2.962962962962963,1.570790707123101,1.5707947492937757,-2.663197979678788,-2.655401136289113,-0.0026804630716651193,1.9368004488694957e-05
Y-,5.5,2.0,10.460976067002775,0.09999999999999964,-0.03566614240290286,-0.2482868482266001,1.69896958025209e-05,1.4031585744489115e-05,-0.16089699233541582,-0.00020857751853335443,-0.040285149876056636,-0.25027673599230116,-0.000405176942848593,-6.100930193911334e-07,-0.16939738184213304,-0.0008276489982302777,-0.036145676394436485,-0.2396266097936256,0.0002401038702863902,0.0,-0.2,0.0,1.5707963267948966,1.5707963267948966,-2.962962962962963,-2.962962962962963,1.5707902519103154,1.570794188389642,-2.6709072872453516,-2.6624130446850747,-0.002414597390983917,1.69896958025209e-05
Y-,5.5,2.0,10.48958221400244,0.0,-0.03566614240290286,-0.2482868482266001,1.69896958025209e-05,1.4031585744489115e-05,-0.16089699233541582,-0.00020857751853335443,-0.040285149876056636,-0.25027673599230116,-0.000405176942848593,-6.100930193911334e-07,-0.16939738184213304,-0.0008276489982302777,-0.036145676394436485,-0.2396266097936256,0.0002401038702863902,0.0,-0.2,0.0,1.5707963267948966,1.5707963267948966,-2.962962962962963,-2.962962962962963,1.5707902519103154,1.570794188389642,-2.6709072872453516,-2.6624130446850747,-0.002414597390983917,1.69896958025209e-05
Y-,5.5,2.0,10.514605890999519,0.0,-0.03566614240290286,-0.2482868482266001,1.69896958025209e-05,1.4031585744489115e-05,-0.16089699233541582,-0.00020857751853335443,-0.040285149876056636,-0.25027673599230116,-0.000405176942848593,-6.100930193911334e-07,-0.16939738184213304,-0.0008276489982302777,-0.036145676394436485,-0.2396266097936256,0.0002401038702863902,0.0,-0.2,0.0,1.5707963267948966,1.5707963267948966,-2.962962962962963,-2.962962962962963,1.5707902519103154,1.570794188389642,-2.6709072872453516,-2.6624130446850747,-0.002414597390983917,1.69896958025209e-05
Y-,5.5,2.0,10.540507253001124,0.0,-0.03566614240290286,-0.2482868482266001,1.69896958025209e-05,1.4031585744489115e-05,-0.16089699233541582,-0.00020857751853335443,-0.040285149876056636,-0.25027673599230116,-0.000405176942848593,-6.100930193911334e-07,-0.16939738184213304,-0.0008276489982302777,-0.036145676394436485,-0.2396266097936256,0.0002401038702863902,0.0,-0.2,0.0,1.5707963267948966,1.5707963267948966,-2.962962962962963,-2.962962962962963,1.5707902519103154,1.570794188389642,-2.6709072872453516,-2.6624130446850747,-0.002414597390983917,1.69896958025209e-05
Y-,5.5,2.0,10.584513171001163,0.0,-0.03566614240290286,-0.2482868482266001,1.69896958025209e-05,1.4031585744489115e-05,-0.16089699233541582,-0.00020857751853335443,-0.040285149876056636,-0.25027673599230116,-0.000405176942848593,-6.100930193911334e-07,-0.16939738184213304,-0.0008276489982302777,-0.036145676394436485,-0.2396266097936256,0.0002401038702863902,0.0,-0.2,0.0,1.5707963267948966,1.5707963267948966,-2.962962962962963,-2.962962962962963,1.5707902519103154,1.570794188389642,-2.6709072872453516,-2.6624130446850747,-0.002414597390983917,1.69896958025209e-05
Y-,5.5,2.0,10.617385315999854,0.0,-0.03566614240290286,-0.2482868482266001,1.69896958025209e-05,1.4031585744489115e-05,-0.16089699233541582,-0.00020857751853335443,-0.040285149876056636,-0.25027673599230116,-0.000405176942848593,-6.100930193911334e-07,-0.16939738184213304,-0.0008276489982302777,-0.036145676394436485,-0.2396266097936256,0.0002401038702863902,0.0,-0.2,0.0,1.5707963267948966,1.5707963267948966,-2.962962962962963,-2.962962962962963,1.5707902519103154,1.570794188389642,-2.6709072872453516,-2.6624130446850747,-0.002414597390983917,1.69896958025209e-05
Y-,5.5,2.0,10.648589996999362,0.0,-0.03566614240290286,-0.2482868482266001,1.69896958025209e-05,1.4031585744489115e-05,-0.16089699233541582,-0.00020857751853335443,-0.040285149876056636,-0.25027673599230116,-0.000405176942848593,-6.100930193911334e-07,-0.16939738184213304,-0.0008276489982302777,-0.036145676394436485,-0.2396266097936256,0.0002401038702863902,0.0,-0.2,0.0,1.5707963267948966,1.5707963267948966,-2.962962962962963,-2.962962962962963,1.5707902519103154,1.570794188389642,-2.6709072872453516,-2.6624130446850747,-0.002414597390983917,1.69896958025209e-05
Y-,5.5,2.0,10.678254099002515,0.0,-0.03566614240290286,-0.2482868482266001,1.69896958025209e-05,1.4031585744489115e-05,-0.16089699233541582,-0.00020857751853335443,-0.040285149876056636,-0.25027673599230116,-0.000405176942848593,-6.100930193911334e-07,-0.16939738184213304,-0.0008276489982302777,-0.036145676394436485,-0.2396266097936256,0.0002401038702863902,0.0,-0.2,0.0,1.5707963267948966,1.5707963267948966,-2.962962962962963,-2.962962962962963,1.5707902519103154,1.570794188389642,-2.6709072872453516,-2.6624130446850747,-0.002414597390983917,1.69896958025209e-05
Y-,5.5,2.0,10.706261118000839,0.0,-0.03566614240290286,-0.2482868482266001,1.69896958025209e-05,1.4031585744489115e-05,-0.16089699233541582,-0.00020857751853335443,-0.040285149876056636,-0.25027673599230116,-0.000405176942848593,-6.100930193911334e-07,-0.16939738184213304,-0.0008276489982302777,-0.036145676394436485,-0.2396266097936256,0.0002401038702863902,0.0,-0.2,0.0,1.5707963267948966,1.5707963267948966,-2.962962962962963,-2.962962962962963,1.5707902519103154,1.570794188389642,-2.6709072872453516,-2.6624130446850747,-0.002414597390983917,1.69896958025209e-05
Y-,5.5,2.0,10.733681036002963,0.0,-0.03566614240290286,-0.2482868482266001,1.69896958025209e-05,1.4031585744489115e-05,-0.16089699233541582,-0.00020857751853335443,-0.040285149876056636,-0.25027673599230116,-0.000405176942848593,-6.100930193911334e-07,-0.16939738184213304,-0.0008276489982302777,-0.036145676394436485,-0.2396266097936256,0.0002401038702863902,0.0,-0.2,0.0,1.5707963267948966,1.5707963267948966,-2.962962962962963,-2.962962962962963,1.5707902519103154,1.570794188389642,-2.6709072872453516,-2.6624130446850747,-0.002414597390983917,1.69896958025209e-05
Y-,5.5,2.0,10.764940946002753,0.0,-0.03566614240290286,-0.2482868482266001,1.69896958025209e-05,1.4031585744489115e-05,-0.16089699233541582,-0.00020857751853335443,-0.040285149876056636,-0.25027673599230116,-0.000405176942848593,-6.100930193911334e-07,-0.16939738184213304,-0.0008276489982302777,-0.036145676394436485,-0.2396266097936256,0.0002401038702863902,0.0,-0.2,0.0,1.5707963267948966,1.5707963267948966,-2.962962962962963,-2.962962962962963,1.5707902519103154,1.570794188389642,-2.6709072872453516,-2.6624130446850747,-0.002414597390983917,1.69896958025209e-05
Y-,5.5,2.0,10.790071988001728,0.0,-0.03566614240290286,-0.2482868482266001,1.69896958025209e-05,1.4031585744489115e-05,-0.16089699233541582,-0.00020857751853335443,-0.040285149876056636,-0.25027673599230116,-0.000405176942848593,-6.100930193911334e-07,-0.16939738184213304,-0.0008276489982302777,-0.036145676394436485,-0.2396266097936256,0.0002401038702863902,0.0,-0.2,0.0,1.5707963267948966,1.5707963267948966,-2.962962962962963,-2.962962962962963,1.5707902519103154,1.570794188389642,-2.6709072872453516,-2.6624130446850747,-0.002414597390983917,1.69896958025209e-05
Y-,5.5,2.0,10.818201885002054,0.0,-0.03566614240290286,-0.2482868482266001,1.69896958025209e-05,1.4031585744489115e-05,-0.16089699233541582,-0.00020857751853335443,-0.040285149876056636,-0.25027673599230116,-0.000405176942848593,-6.100930193911334e-07,-0.16939738184213304,-0.0008276489982302777,-0.036145676394436485,-0.2396266097936256,0.0002401038702863902,0.0,-0.2,0.0,1.5707963267948966,1.5707963267948966,-2.962962962962963,-2.962962962962963,1.5707902519103154,1.570794188389642,-2.6709072872453516,-2.6624130446850747,-0.002414597390983917,1.69896958025209e-05
Y-,5.5,2.0,10.846047721002833,0.0,-0.03566614240290286,-0.2482868482266001,1.69896958025209e-05,1.4031585744489115e-05,-0.16089699233541582,-0.00020857751853335443,-0.040285149876056636,-0.25027673599230116,-0.000405176942848593,-6.100930193911334e-07,-0.16939738184213304,-0.0008276489982302777,-0.036145676394436485,-0.2396266097936256,0.0002401038702863902,0.0,-0.2,0.0,1.5707963267948966,1.5707963267948966,-2.962962962962963,-2.962962962962963,1.5707902519103154,1.570794188389642,-2.6709072872453516,-2.6624130446850747,-0.002414597390983917,1.69896958025209e-05
Y-,5.5,2.0,10.878924729000573,0.0,-0.03566614240290286,-0.2482868482266001,1.69896958025209e-05,1.4031585744489115e-05,-0.16089699233541582,-0.00020857751853335443,-0.040285149876056636,-0.25027673599230116,-0.000405176942848593,-6.100930193911334e-07,-0.16939738184213304,-0.0008276489982302777,-0.036145676394436485,-0.2396266097936256,0.0002401038702863902,0.0,-0.2,0.0,1.5707963267948966,1.5707963267948966,-2.962962962962963,-2.962962962962963,1.5707902519103154,1.570794188389642,-2.6709072872453516,-2.6624130446850747,-0.002414597390983917,1.69896958025209e-05
Y-,5.5,2.0,10.90723392000291,0.0,-0.03566602035013608,-0.24942237689971883,1.6381448548410957e-05,1.495415999323526e-05,-0.1604423621064893,-0.00021129110810939295,-0.040285149876056636,-0.25027673599230116,-0.000405176942848593,-6.100930193911334e-07,-0.16939738184213304,-0.0008276489982302777,-0.036145676394436485,-0.2396266097936256,0.0002401038702863902,0.0,-0.2,0.0,1.5707963267948966,1.5707963267948966,-2.962962962962963,-2.962962962962963,1.5707900245449604,1.5707938819088572,-2.675255968986026,-2.6664104269738442,-0.002414597390983917,1.69896958025209e-05
Y-,5.5,2.0,10.93327544800195,0.0,-0.035665729176724885,-0.2520058000959979,1.4927677199244777e-05,1.707685178087669e-05,-0.15936516410972687,-0.00021676633564393812,-0.040285149876056636,-0.25027673599230116,-0.000405176942848593,-6.100930193911334e-07,-0.16939738184213304,-0.0008276489982302777,-0.036145676394436485,-0.2396266097936256,0.0002401038702863902,0.0,-0.2,0.0,1.5707963267948966,1.5707963267948966,-2.962962962962963,-2.962962962962963,1.570789796454135,1.5707935555040144,-2.679973757566202,-2.6707788202771576,-0.000202714570164237,1.5023018192599282e-05
Y-,5.5,2.0,10.961816863000422,0.0,-0.035665340625836664,-0.25521034472038906,1.2989972975346016e-05,1.961852904983484e-05,-0.15793439740874615,-0.00022282733739721662,-0.040285149876056636,-0.25027673599230116,-0.000405176942848593,-6.100930193911334e-07,-0.16939738184213304,-0.0008276489982302777,-0.036145676394436485,-0.2396266097936256,0.0002401038702863902,0.0,-0.2,0.0,1.5707963267948966,1.5707963267948966,-2.962962962962963,-2.962962962962963,1.5707891207837585,1.5707924641649909,-2.6967315276218398,-2.686496050971706,-0.00028311754699215583,1.3088498240727815e-05
Y-,5.5,2.0,10.993223716999637,0.0,-0.035664907076777594,-0.2585435030959072,1.0830210870682111e-05,2.243686729869605e-05,-0.1563131926990272,-0.00022793318112338513,-0.040285149876056636,-0.25027673599230116,-0.000405176942848593,-6.100930193911334e-07,-0.16939738184213304,-0.0008276489982302777,-0.036145676394436485,-0.2396266097936256,0.0002401038702863902,0.0,-0.2,0.0,1.5707963267948966,1.5707963267948966,-2.962962962962963,-2.962962962962963,1.5707888953403737,1.5707920530025108,-2.7033346512311995,-2.692755176066158,-0.0034758147398671066,1.0830210870682111e-05
Y-,5.5,2.0,11.022784415999922,0.0,-0.03566456146966838,-0.26105967783354467,9.11306948262875e-06,2.455449566571348e-05,-0.15498134601790212,-0.00023052010556251875,-0.040292238154216745,-0.26750806674707117,-0.0005210837209722557,-1.0653985287128112e-06,-0.17231332212357212,-0.001159067781236627,-0.03602445000092687,-0.2753442374882785,-4.398299807251159e-05,0.0,-0.2,0.0,1.5707963267948966,1.5707963267948966,-2.962962962962963,-2.962962962962963,1.570788455454748,1.5707911772755647,-2.7183941710135415,-2.7071380099557936,0.0019979165151660177,9.870799370332094e-06
Y-,5.6000000000000005,2.1000000000000005,11.05034080400219,0.10000000000000053,-0.03566418581097737,-0.2637092322224085,7.2500100057299194e-06,2.67209383508233e-05,-0.15345874880458565,-0.00023134445635910537,-0.040292238154216745,-0.26750806674707117,-0.0005210837209722557,-1.0653985287128112e-06,-0.17231332212357212,-0.001159067781236627,-0.03602445000092687,-0.2753442374882785,-4.398299807251159e-05,0.0,-0.2,0.0,1.5707963267948966,1.5707963267948966,-2.962962962962963,-2.962962962962963,1.570788019545689,1.5707901950880458,-2.736385958297109,-2.724442421941744,0.0011534712541713084,7.689333694691584e-06
Y-,5.6000000000000005,2.1000000000000005,11.075539847002801,0.0,-0.03566416307695326,-0.2638642831636721,7.1382992183953e-06,2.6883484678414895e-05,-0.1533653685130036,-0.00023137326135104453,-0.040292238154216745,-0.26750806674707117,-0.0005210837209722557,-1.0653985287128112e-06,-0.17231332212357212,-0.001159067781236627,-0.03602445000092687,-0.2753442374882785,-4.398299807251159e-05,0.0,-0.2,0.0,1.5707963267948966,1.5707963267948966,-2.962962962962963,-2.962962962962963,1.570788019545689,1.5707901950880458,-2.736385958297109,-2.724442421941744,0.0011534712541713084,7.689333694691584e-06
Y-,5.6000000000000005,2.1000000000000005,11.101976215999457,0.0,-0.03566416307695326,-0.2638642831636721,7.1382992183953e-06,2.6883484678414895e-05,-0.1533653685130036,-0.00023137326135104453,-0.040292238154216745,-0.26750806674707117,-0.0005210837209722557,-1.0653985287128112e-06,-0.17231332212357212,-0.001159067781236627,-0.03602445000092687,-0.2753442374882785,-4.398299807251159e-05,0.0,-0.2,0.0,1.5707963267948966,1.5707963267948966,-2.962962962962963,-2.962962962962963,1.570788019545689,1.5707901950880458,-2.736385958297109,-2.724442421941744,0.0011534712541713084,7.689333694691584e-06
Y-,5.6000000000000005,2.1000000000000005,11.131331176002277,0.0,-0.03566416307695326,-0.2638642831636721,7.1382992183953e-06,2.6883484678414895e-05,-0.1533653685130036,-0.00023137326135104453,-0.040292238154216745,-0.26750806674707117,-0.0005210837209722557,-1.0653985287128112e-06,-0.17231332212357212,-0.001159067781236627,-0.03602445000092687,-0.2753442374882785,-4.398299807251159e-05,0.0,-0.2,0.0,1.5707963267948966,1.5707963267948966,-2.962962962962963,-2.962962962962963,1.570788019545689,1.5707901950880458,-2.736385958297109,-2.724442421941744,0.0011534712541713084,7.689333694691584e-06
Y-,5.6000000000000005,2.1000000000000005,11.15635236900198,0.0,-0.03566416307695326,-0.2638642831636721,7.1382992183953e-06,2.6883484678414895e-05,-0.1533653685130036,-0.00023137326135104453,-0.040292238154216745,-0.26750806674707117,-0.0005210837209722557,-1.0653985287128112e-06,-0.17231332212357212,-0.001159067781236627,-0.03602445000092687,-0.2753442374882785,-4.398299807251159e-05,0.0,-0.2,0.0,1.5707963267948966,1.5707963267948966,-2.962962962962963,-2.962962962962963,1.570788019545689,1.5707901950880458,-2.736385958297109,-2.724442421941744,0.0011534712541713084,7.689333694691584e-06
Y-,5.6000000000000005,2.1000000000000005,11.180080622001697,0.0,-0.03566416307695326,-0.2638642831636721,7.1382992183953e-06,2.6883484678414895e-05,-0.1533653685130036,-0.00023137326135104453,-0.040292238154216745,-0.26750806674707117,-0.0005210837209722557,-1.0653985287128112e-06,-0.17231332212357212,-0.001159067781236627,-0.03602445000092687,-0.2753442374882785,-4.398299807251159e-05,0.0,-0.2,0.0,1.5707963267948966,1.5707963267948966,-2.962962962962963,-2.962962962962963,1.570788019545689,1.5707901950880458,-2.736385958297109,-2.724442421941744,0.0011534712541713084,7.689333694691584e-06
Y-,5.6000000000000005,2.1000000000000005,11.209466464002617,0.0,-0.03566416307695326,-0.2638642831636721,7.1382992183953e-06,2.6883484678414895e-05,-0.1533653685130036,-0.00023137326135104453,-0.040292238154216745,-0.26750806674707117,-0.0005210837209722557,-1.0653985287128112e-06,-0.17231332212357212,-0.001159067781236627,-0.03602445000092687,-0.2753442374882785,-4.398299807251159e-05,0.0,-0.2,0.0,1.5707963267948966,1.5707963267948966,-2.962962962962963,-2.962962962962963,1.570788019545689,1.5707901950880458,-2.736385958297109,-2.724442421941744,0.0011534712541713084,7.689333694691584e-06
Y-,5.6000000000000005,2.1000000000000005,11.242628361000243,0.0,-0.03566416307695326,-0.2638642831636721,7.1382992183953e-06,2.6883484678414895e-05,-0.1533653685130036,-0.00023137326135104453,-0.040292238154216745,-0.26750806674707117,-0.0005210837209722557,-1.0653985287128112e-06,-0.17231332212357212,-0.001159067781236627,-0.03602445000092687,-0.2753442374882785,-4.398299807251159e-05,0.0,-0.2,0.0,1.5707963267948966,1.5707963267948966,-2.962962962962963,-2.962962962962963,1.570788019545689,1.5707901950880458,-2.736385958297109,-2.724442421941744,0.0011534712541713084,7.689333694691584e-06
Y-,5.6000000000000005,2.1000000000000005,11.273357711001154,0.0,-0.03566416307695326,-0.2638642831636721,7.1382992183953e-06,2.6883484678414895e-05,-0.1533653685130036,-0.00023137326135104453,-0.040292238154216745,-0.26750806674707117,-0.0005210837209722557,-1.0653985287128112e-06,-0.17231332212357212,-0.001159067781236627,-0.03602445000092687,-0.2753442374882785,-4.398299807251159e-05,0.0,-0.2,0.0,1.5707963267948966,1.5707963267948966,-2.962962962962963,-2.962962962962963,1.570788019545689,1.5707901950880458,-2.736385958297109,-2.724442421941744,0.0011534712541713084,7.689333694691584e-06
Y-,5.6000000000000005,2.1000000000000005,11.299514612001076,0.0,-0.03566416307695326,-0.2638642831636721,7.1382992183953e-06,2.6883484678414895e-05,-0.1533653685130036,-0.00023137326135104453,-0.040292238154216745,-0.26750806674707117,-0.0005210837209722557,-1.0653985287128112e-06,-0.17231332212357212,-0.001159067781236627,-0.03602445000092687,-0.2753442374882785,-4.398299807251159e-05,0.0,-0.2,0.0,1.5707963267948966,1.5707963267948966,-2.962962962962963,-2.962962962962963,1.570788019545689,1.5707901950880458,-2.736385958297109,-2.724442421941744,0.0011534712541713084,7.689333694691584e-06
Y-,5.6000000000000005,2.1000000000000005,11.32937688200036,0.0,-0.03566416307695326,-0.2638642831636721,7.1382992183953e-06,2.6883484678414895e-05,-0.1533653685130036,-0.00023137326135104453,-0.040292238154216745,-0.26750806674707117,-0.0005210837209722557,-1.0653985287128112e-06,-0.17231332212357212,-0.001159067781236627,-0.03602445000092687,-0.2753442374882785,-4.398299807251159e-05,0.0,-0.2,0.0,1.5707963267948966,1.5707963267948966,-2.962962962962963,-2.962962962962963,1.570788019545689,1.5707901950880458,-2.736385958297109,-2.724442421941744,0.0011534712541713084,7.689333694691584e-06
Y-,5.6000000000000005,2.1000000000000005,11.35535389800134,0.0,-0.03566416307695326,-0.2638642831636721,7.1382992183953e-06,2.6883484678414895e-05,-0.1533653685130036,-0.00023137326135104453,-0.040292238154216745,-0.26750806674707117,-0.0005210837209722557,-1.0653985287128112e-06,-0.17231332212357212,-0.001159067781236627,-0.03602445000092687,-0.2753442374882785,-4.398299807251159e-05,0.0,-0.2,0.0,1.5707963267948966,1.5707963267948966,-2.962962962962963,-2.962962962962963,1.570788019545689,1.5707901950880458,-2.736385958297109,-2.724442421941744,0.0011534712541713084,7.689333694691584e-06
Y-,5.6000000000000005,2.1000000000000005,11.38187273999938,0.0,-0.03566416307695326,-0.2638642831636721,7.1382992183953e-06,2.6883484678414895e-05,-0.1533653685130036,-0.00023137326135104453,-0.040292238154216745,-0.26750806674707117,-0.0005210837209722557,-1.0653985287128112e-06,-0.17231332212357212,-0.001159067781236627,-0.03602445000092687,-0.2753442374882785,-4.398299807251159e-05,0.0,-0.2,0.0,1.5707963267948966,1.5707963267948966,-2.962962962962963,-2.962962962962963,1.570788019545689,1.5707901950880458,-2.736385958297109,-2.724442421941744,0.0011534712541713084,7.689333694691584e-06
Y-,5.6000000000000005,2.1000000000000005,11.410063727002125,0.0,-0.03566416307695326,-0.2638642831636721,7.1382992183953e-06,2.6883484678414895e-05,-0.1533653685130036,-0.00023137326135104453,-0.040292238154216745,-0.26750806674707117,-0.0005210837209722557,-1.0653985287128112e-06,-0.17231332212357212,-0.001159067781236627,-0.03602445000092687,-0.2753442374882785,-4.398299807251159e-05,0.0,-0.2,0.0,1.5707963267948966,1.5707963267948966,-2.962962962962963,-2.962962962962963,1.570788019545689,1.5707901950880458,-2.736385958297109,-2.724442421941744,0.0011534712541713084,7.689333694691584e-06
Y-,5.6000000000000005,2.1000000000000005,11.438999711001088,0.0,-0.03566405155658208,-0.2646381444997448,6.587103844562608e-06,2.7509902659645757e-05,-0.1528916580974438,-0.0002311032236603953,-0.040292238154216745,-0.26750806674707117,-0.0005210837209722557,-1.0653985287128112e-06,-0.17231332212357212,-0.001159067781236627,-0.03602445000092687,-0.2753442374882785,-4.398299807251159e-05,0.0,-0.2,0.0,1.5707963267948966,1.5707963267948966,-2.962962962962963,-2.962962962962963,1.570788019545689,1.5707901950880458,-2.736385958297109,-2.724442421941744,0.0009637761317711377,6.587103844562608e-06
Y-,5.6000000000000005,2.1000000000000005,11.465960816000006,0.0,-0.03566369177618861,-0.26709836160376077,4.824670489011168e-06,2.9530043113791207e-05,-0.15129534510584855,-0.00022734629291762328,-0.040292238154216745,-0.26750806674707117,-0.0005210837209722557,-1.0653985287128112e-06,-0.17231332212357212,-0.001159067781236627,-0.03602445000092687,-0.2753442374882785,-4.398299807251159e-05,0.0,-0.2,0.0,1.5707963267948966,1.5707963267948966,-2.962962962962963,-2.962962962962963,1.5707875983437471,1.5707890815632437,-2.7579952459398474,-2.7451765703670117,-0.0024010670728488973,5.480655076089287e-06
Y-,5.6000000000000005,2.1000000000000005,11.49203104100161,0.0,-0.035663166307391275,-0.2705885974986315,2.20978936320013e-06,3.423643492785178e-05,-0.14876001421053658,-0.00023873021346033102,-0.040292238154216745,-0.26750806674707117,-0.0005210837209722557,-1.0653985287128112e-06,-0.17231332212357212,-0.001159067781236627,-0.03602445000092687,-0.2753442374882785,-4.398299807251159e-05,0.0,-0.2,0.0,1.5707963267948966,1.5707963267948966,-2.962962962962963,-2.962962962962963,1.5707871925272228,1.5707878124739159,-2.7842053934681497,-2.769997498049504,-0.0015115027065263197,2.9228894161851798e-06
Y-,5.6000000000000005,2.1000000000000005,11.527533704000234,0.0,-0.03566274032400139,-0.2732780009287431,9.467356092058446e-09,3.7499138480302774e-05,-0.1465369987729173,-0.00024017825152446197,-0.040292238154216745,-0.26750806674707117,-0.0005210837209722557,-1.0653985287128112e-06,-0.17231332212357212,-0.001159067781236627,-0.03602445000092687,-0.2753442374882785,-4.398299807251159e-05,0.0,-0.2,0.0,1.5707963267948966,1.5707963267948966,-2.962962962962963,-2.962962962962963,1.5707867874096335,1.5707863418295327,-2.8159913400369385,-2.8004946645332556,0.000940167820581015,4.990264254110021e-07
Y-,5.6000000000000005,2.1000000000000005,11.556714447000559,0.0,-0.035662346168436394,-0.2757801831818092,-2.0230346470424363e-06,4.0262681455587355e-05,-0.14420553505663558,-0.00023539464962515693,-0.04030188106757158,-0.28563757452746147,-0.0006946237207837651,-1.9592109958812065e-06,-0.18129510343818572,-0.001735399998115095,-0.036110453611783715,-0.2734876642765592,0.00011818377883487953,0.0,-0.2,0.0,1.5707963267948966,1.5707963267948966,-2.962962962962963,-2.962962962962963,1.5707863849472234,1.570784650158621,-2.8542511198336813,-2.8379028346040025,0.0014515068118858324,-1.906406303724461e-06
Y-,5.7,2.2,11.589658775999851,0.09999999999999964,-0.035661962699866115,-0.27824163812323705,-4.009125633952738e-06,4.393684775403256e-05,-0.14161098786110402,-0.00023375834076871658,-0.04030188106757158,-0.28563757452746147,-0.0006946237207837651,-1.9592109958812065e-06,-0.18129510343818572,-0.001735399998115095,-0.036110453611783715,-0.2734876642765592,0.00011818377883487953,0.0,-0.2,0.0,1.5707963267948966,1.5707963267948966,-2.962962962962963,-2.962962962962963,1.5707859830487347,1.5707827113896435,-2.8994888324955777,-2.8830569578491274,-0.003115111763373435,-3.075404360901494e-06
Y-,5.7,2.2,11.615940924002643,0.0,-0.03566187439746822,-0.2788144089318158,-4.474583856694958e-06,4.491031669244323e-05,-0.14095838994124865,-0.00023386382771864043,-0.04030188106757158,-0.28563757452746147,-0.0006946237207837651,-1.9592109958812065e-06,-0.18129510343818572,-0.001735399998115095,-0.036110453611783715,-0.2734876642765592,0.00011818377883487953,0.0,-0.2,0.0,1.5707963267948966,1.5707963267948966,-2.962962962962963,-2.962962962962963,1.5707859830487347,1.5707827113896435,-2.8994888324955777,-2.8830569578491274,-3.593470676596311e-05,-4.242479637038718e-06
Y-,5.7,2.2,11.643455566001649,0.0,-0.03566187439746822,-0.2788144089318158,-4.474583856694958e-06,4.491031669244323e-05,-0.14095838994124865,-0.00023386382771864043,-0.04030188106757158,-0.28563757452746147,-0.0006946237207837651,-1.9592109958812065e-06,-0.18129510343818572,-0.001735399998115095,-0.036110453611783715,-0.2734876642765592,0.00011818377883487953,0.0,-0.2,0.0,1.5707963267948966,1.5707963267948966,-2.962962962962963,-2.962962962962963,1.5707859830487347,1.5707827113896435,-2.8994888324955777,-2.8830569578491274,-3.593470676596311e-05,-4.242479637038718e-06
Y-,5.7,2.2,11.670344861002377,0.0,-0.03566187439746822,-0.2788144089318158,-4.474583856694958e-06,4.491031669244323e-05,-0.14095838994124865,-0.00023386382771864043,-0.04030188106757158,-0.28563757452746147,-0.0006946237207837651,-1.9592109958812065e-06,-0.18129510343818572,-0.001735399998115095,-0.036110453611783715,-0.2734876642765592,0.00011818377883487953,0.0,-0.2,0.0,1.5707963267948966,1.5707963267948966,-2.962962962962963,-2.962962962962963,1.5707859830487347,1.5707827113896435,-2.8994888324955777,-2.8830569578491274,-3.593470676596311e-05,-4.242479637038718e-06
Y-,5.7,2.2,11.703812854000716,0.0,-0.03566187439746822,-0.2788144089318158,-4.474583856694958e-06,4.491031669244323e-05,-0.14095838994124865,-0.00023386382771864043,-0.04030188106757158,-0.28563757452746147,-0.0006946237207837651,-1.9592109958812065e-06,-0.18129510343818572,-0.001735399998115095,-0.036110453611783715,-0.2734876642765592,0.00011818377883487953,0.0,-0.2,0.0,1.5707963267948966,1.5707963267948966,-2.962962962962963,-2.962962962962963,1.5707859830487347,1.5707827113896435,-2.8994888324955777,-2.8830569578491274,-3.593470676596311e-05,-4.242479637038718e-06
Y-,5.7,2.2,11.727971554999385,0.0,-0.03566187439746822,-0.2788144089318158,-4.474583856694958e-06,4.491031669244323e-05,-0.14095838994124865,-0.00023386382771864043,-0.04030188106757158,-0.28563757452746147,-0.0006946237207837651,-1.9592109958812065e-06,-0.18129510343818572,-0.001735399998115095,-0.036110453611783715,-0.2734876642765592,0.00011818377883487953,0.0,-0.2,0.0,1.5707963267948966,1.5707963267948966,-2.962962962962963,-2.962962962962963,1.5707859830487347,1.5707827113896435,-2.8994888324955777,-2.8830569578491274,-3.593470676596311e-05,-4.242479637038718e-06
Y-,5.7,2.2,11.757417209002597,0.0,-0.03566187439746822,-0.2788144089318158,-4.474583856694958e-06,4.491031669244323e-05,-0.14095838994124865,-0.00023386382771864043,-0.04030188106757158,-0.28563757452746147,-0.0006946237207837651,-1.9592109958812065e-06,-0.18129510343818572,-0.001735399998115095,-0.036110453611783715,-0.2734876642765592,0.00011818377883487953,0.0,-0.2,0.0,1.5707963267948966,1.5707963267948966,-2.962962962962963,-2.962962962962963,1.5707859830487347,1.5707827113896435,-2.8994888324955777,-2.8830569578491274,-3.593470676596311e-05,-4.242479637038718e-06
Y-,5.7,2.2,11.783836417002021,0.0,-0.03566187439746822,-0.2788144089318158,-4.474583856694958e-06,4.491031669244323e-05,-0.14095838994124865,-0.00023386382771864043,-0.04030188106757158,-0.28563757452746147,-0.0006946237207837651,-1.9592109958812065e-06,-0.18129510343818572,-0.001735399998115095,-0.036110453611783715,-0.2734876642765592,0.00011818377883487953,0.0,-0.2,0.0,1.5707963267948966,1.5707963267948966,-2.962962962962963,-2.962962962962963,1.5707859830487347,1.5707827113896435,-2.8994888324955777,-2.8830569578491274,-3.593470676596311e-05,-4.242479637038718e-06
Y-,5.7,2.2,11.807537134001905,0.0,-0.03566187439746822,-0.2788144089318158,-4.474583856694958e-06,4.491031669244323e-05,-0.14095838994124865,-0.00023386382771864043,-0.04030188106757158,-0.28563757452746147,-0.0006946237207837651,-1.9592109958812065e-06,-0.18129510343818572,-0.001735399998115095,-0.036110453611783715,-0.2734876642765592,0.00011818377883487953,0.0,-0.2,0.0,1.5707963267948966,1.5707963267948966,-2.962962962962963,-2.962962962962963,1.5707859830487347,1.5707827113896435,-2.8994888324955777,-2.8830569578491274,-3.593470676596311e-05,-4.242479637038718e-06
Y-,5.7,2.2,11.839287789000082,0.0,-0.03566187439746822,-0.2788144089318158,-4.474583856694958e-06,4.491031669244323e-05,-0.14095838994124865,-0.00023386382771864043,-0.04030188106757158,-0.28563757452746147,-0.0006946237207837651,-1.9592109958812065e-06,-0.18129510343818572,-0.001735399998115095,-0.036110453611783715,-0.2734876642765592,0.00011818377883487953,0.0,-0.2,0.0,1.5707963267948966,1.5707963267948966,-2.962962962962963,-2.962962962962963,1.5707859830487347,1.5707827113896435,-2.8994888324955777,-2.8830569578491274,-3.593470676596311e-05,-4.242479637038718e-06
Y-,5.7,2.2,11.875366577001842,0.0,-0.03566187439746822,-0.2788144089318158,-4.474583856694958e-06,4.491031669244323e-05,-0.14095838994124865,-0.00023386382771864043,-0.04030188106757158,-0.28563757452746147,-0.0006946237207837651,-1.9592109958812065e-06,-0.18129510343818572,-0.001735399998115095,-0.036110453611783715,-0.2734876642765592,0.00011818377883487953,0.0,-0.2,0.0,1.5707963267948966,1.5707963267948966,-2.962962962962963,-2.962962962962963,1.5707859830487347,1.5707827113896435,-2.8994888324955777,-2.8830569578491274,-3.593470676596311e-05,-4.242479637038718e-06
Y-,5.7,2.2,11.902234913999564,0.0,-0.03566187439746822,-0.2788144089318158,-4.474583856694958e-06,4.491031669244323e-05,-0.14095838994124865,-0.00023386382771864043,-0.04030188106757158,-0.28563757452746147,-0.0006946237207837651,-1.9592109958812065e-06,-0.18129510343818572,-0.001735399998115095,-0.036110453611783715,-0.2734876642765592,0.00011818377883487953,0.0,-0.2,0.0,1.5707963267948966,1.5707963267948966,-2.962962962962963,-2.962962962962963,1.5707859830487347,1.5707827113896435,-2.8994888324955777,-2.8830569578491274,-3.593470676596311e-05,-4.242479637038718e-06
Y-,5.7,2.2,11.932384880001337,0.0,-0.03566187439746822,-0.2788144089318158,-4.474583856694958e-06,4.491031669244323e-05,-0.14095838994124865,-0.00023386382771864043,-0.04030188106757158,-0.28563757452746147,-0.0006946237207837651,-1.9592109958812065e-06,-0.18129510343818572,-0.001735399998115095,-0.036110453611783715,-0.2734876642765592,0.00011818377883487953,0.0,-0.2,0.0,1.5707963267948966,1.5707963267948966,-2.962962962962963,-2.962962962962963,1.5707859830487347,1.5707827113896435,-2.8994888324955777,-2.8830569578491274,-3.593470676596311e-05,-4.242479637038718e-06
Y-,5.7,2.2,11.961933272999886,0.0,-0.03566187439746822,-0.2788144089318158,-4.474583856694958e-06,4.491031669244323e-05,-0.14095838994124865,-0.00023386382771864043,-0.04030188106757158,-0.28563757452746147,-0.0006946237207837651,-1.9592109958812065e-06,-0.18129510343818572,-0.001735399998115095,-0.036110453611783715,-0.2734876642765592,0.00011818377883487953,0.0,-0.2,0.0,1.5707963267948966,1.5707963267948966,-2.962962962962963,-2.962962962962963,1.5707859830487347,1.5707827113896435,-2.8994888324955777,-2.8830569578491274,-3.593470676596311e-05,-4.242479637038718e-06
Y-,5.7,2.2,11.990637342001719,0.0,-0.035661741699756916,-0.2796687387707655,-5.177915220291222e-06,4.6478139126598315e-05,-0.1399477881332329,-0.00023429780474564784,-0.04030188106757158,-0.28563757452746147,-0.0006946237207837651,-1.9592109958812065e-06,-0.18129510343818572,-0.001735399998115095,-0.036110453611783715,-0.2734876642765592,0.00011818377883487953,0.0,-0.2,0.0,1.5707963267948966,1.5707963267948966,-2.962962962962963,-2.962962962962963,1.5707859830487347,1.5707827113896435,-2.8994888324955777,-2.8830569578491274,-3.593470676596311e-05,-4.242479637038718e-06
Y-,5.7,2.2,12.02343816100256,0.0,-0.035661267495786755,-0.28274840454580297,-7.780403594483463e-06,5.368831749151789e-05,-0.1359078669958333,-0.0002369734361667497,-0.04030188106757158,-0.28563757452746147,-0.0006946237207837651,-1.9592109958812065e-06,-0.18129510343818572,-0.001735399998115095,-0.036110453611783715,-0.2734876642765592,0.00011818377883487953,0.0,-0.2,0.0,1.5707963267948966,1.5707963267948966,-2.962962962962963,-2.962962962962963,1.5707853269898449,1.570779291950748,-2.976510865891568,-2.9624315558263854,0.0018537556241176134,-7.780403594483463e-06
Y-,5.7,2.2,12.052496167001664,0.0,-0.035660875399756514,-0.2853351691796205,-1.0057813285618432e-05,6.029217110939945e-05,-0.13202212703977745,-0.00024335732666922922,-0.04030188106757158,-0.28563757452746147,-0.0006946237207837651,-1.9592109958812065e-06,-0.18129510343818572,-0.001735399998115095,-0.036110453611783715,-0.2734876642765592,0.00011818377883487953,0.0,-0.2,0.0,1.5707963267948966,1.5707963267948966,-2.962962962962963,-2.962962962962963,1.5707848297650964,1.5707768565214746,-3.023795405454652,-3.0126007746794583,0.0003284674973112324,-8.971001117921286e-06
Y-,5.7,2.2,12.085684961002698,0.0,-0.03566050522176005,-0.2879785127128308,-1.2401170026564588e-05,6.436112969493132e-05,-0.1276814461413186,-0.0002285102622288656,-0.04030188106757158,-0.28563757452746147,-0.0006946237207837651,-1.9592109958812065e-06,-0.18129510343818572,-0.001735399998115095,-0.036110453611783715,-0.2734876642765592,0.00011818377883487953,0.0,-0.2,0.0,1.5707963267948966,1.5707963267948966,-2.962962962962963,-2.962962962962963,1.5707843224274027,1.5707747461447896,-3.051356722933401,-3.041277444053432,0.0010261742426870466,-1.2503845530343795e-05
Y-,5.7,2.2,12.113539103000221,0.0,-0.03566023136422679,-0.290032567283719,-1.3931855971827526e-05,8.49814263827189e-05,-0.12422520133604094,-0.0002362365142420688,-0.040315685972960646,-0.3050426094386297,-0.000801617091005503,-3.257055906405492e-06,-0.19405039818897205,-0.0010699337022173783,-0.03610626579646467,-0.29178220547726563,8.894480052301686e-05,0.0,-0.2,0.0,1.5707963267948966,1.5707963267948966,-2.962962962962963,-2.962962962962963,1.570784129534057,1.570773987396243,-3.052075755605719,-3.0405046814581715,0.00189664288200801,-1.3422501856479079e-05
Y-,5.800000000000001,2.3000000000000007,12.14110727300067,0.10000000000000053,-0.03565971821370672,-0.29215778328701497,-1.6702783314909993e-05,6.849674094309724e-05,-0.12083427042886423,-0.00024622808212475256,-0.040315685972960646,-0.3050426094386297,-0.000801617091005503,-3.257055906405492e-06,-0.19405039818897205,-0.0010699337022173783,-0.03610626579646467,-0.29178220547726563,8.894480052301686e-05,0.0,-0.2,0.0,1.5707963267948966,1.5707963267948966,-2.962962962962963,-2.962962962962963,1.5707839132969834,1.5707739114868229,-3.0187064004352195,-2.9960781664005363,0.002380251307677811,-1.4634620391441386e-05
Y-,5.800000000000001,2.3000000000000007,12.170347743001912,0.0,-0.035659674784151774,-0.29252707294351354,-1.7089519823203113e-05,4.775701482212376e-05,-0.12028736410226358,-0.00018821362801643428,-0.040315685972960646,-0.3050426094386297,-0.000801617091005503,-3.257055906405492e-06,-0.19405039818897205,-0.0010699337022173783,-0.03610626579646467,-0.29178220547726563,8.894480052301686e-05,0.0,-0.2,0.0,1.5707963267948966,1.5707963267948966,-2.962962962962963,-2.962962962962963,1.5707839132969834,1.5707739114868229,-3.0187064004352195,-2.9960781664005363,0.002695360386397737,-1.6702783314909993e-05
Y-,5.800000000000001,2.3000000000000007,12.199257140000555,0.0,-0.035659674784151774,-0.29252707294351354,-1.7089519823203113e-05,4.775701482212376e-05,-0.12028736410226358,-0.00018821362801643428,-0.040315685972960646,-0.3050426094386297,-0.000801617091005503,-3.257055906405492e-06,-0.19405039818897205,-0.0010699337022173783,-0.03610626579646467,-0.29178220547726563,8.894480052301686e-05,0.0,-0.2,0.0,1.5707963267948966,1.5707963267948966,-2.962962962962963,-2.962962962962963,1.5707839132969834,1.5707739114868229,-3.0187064004352195,-2.9960781664005363,0.002695360386397737,-1.6702783314909993e-05
Y-,5.800000000000001,2.3000000000000007,12.228254745001323,0.0,-0.035659674784151774,-0.29252707294351354,-1.7089519823203113e-05,4.775701482212376e-05,-0.12028736410226358,-0.00018821362801643428,-0.040315685972960646,-0.3050426094386297,-0.000801617091005503,-3.257055906405492e-06,-0.19405039818897205,-0.0010699337022173783,-0.03610626579646467,-0.29178220547726563,8.894480052301686e-05,0.0,-0.2,0.0,1.5707963267948966,1.5707963267948966,-2.962962962962963,-2.962962962962963,1.5707839132969834,1.5707739114868229,-3.0187064004352195,-2.9960781664005363,0.002695360386397737,-1.6702783314909993e-05
Y-,5.800000000000001,2.3000000000000007,12.25648079900202,0.0,-0.035659674784151774,-0.29252707294351354,-1.7089519823203113e-05,4.775701482212376e-05,-0.12028736410226358,-0.00018821362801643428,-0.040315685972960646,-0.3050426094386297,-0.000801617091005503,-3.257055906405492e-06,-0.19405039818897205,-0.0010699337022173783,-0.03610626579646467,-0.29178220547726563,8.894480052301686e-05,0.0,-0.2,0.0,1.5707963267948966,1.5707963267948966,-2.962962962962963,-2.962962962962963,1.5707839132969834,1.5707739114868229,-3.0187064004352195,-2.9960781664005363,0.002695360386397737,-1.6702783314909993e-05
Y-,5.800000000000001,2.3000000000000007,12.285213246999774,0.0,-0.035659674784151774,-0.29252707294351354,-1.7089519823203113e-05,4.775701482212376e-05,-0.12028736410226358,-0.00018821362801643428,-0.040315685972960646,-0.3050426094386297,-0.000801617091005503,-3.257055906405492e-06,-0.19405039818897205,-0.0010699337022173783,-0.03610626579646467,-0.29178220547726563,8.894480052301686e-05,0.0,-0.2,0.0,1.5707963267948966,1.5707963267948966,-2.962962962962963,-2.962962962962963,1.5707839132969834,1.5707739114868229,-3.0187064004352195,-2.9960781664005363,0.002695360386397737,-1.6702783314909993e-05
Y-,5.800000000000001,2.3000000000000007,12.318294210999738,0.0,-0.035659674784151774,-0.29252707294351354,-1.7089519823203113e-05,4.775701482212376e-05,-0.12028736410226358,-0.00018821362801643428,-0.040315685972960646,-0.3050426094386297,-0.000801617091005503,-3.257055906405492e-06,-0.19405039818897205,-0.0010699337022173783,-0.03610626579646467,-0.29178220547726563,8.894480052301686e-05,0.0,-0.2,0.0,1.5707963267948966,1.5707963267948966,-2.962962962962963,-2.962962962962963,1.5707839132969834,1.5707739114868229,-3.0187064004352195,-2.9960781664005363,0.002695360386397737,-1.6702783314909993e-05
Y-,5.800000000000001,2.3000000000000007,12.347290481000528,0.0,-0.035659674784151774,-0.29252707294351354,-1.7089519823203113e-05,4.775701482212376e-05,-0.12028736410226358,-0.00018821362801643428,-0.040315685972960646,-0.3050426094386297,-0.000801617091005503,-3.257055906405492e-06,-0.19405039818897205,-0.0010699337022173783,-0.03610626579646467,-0.29178220547726563,8.894480052301686e-05,0.0,-0.2,0.0,1.5707963267948966,1.5707963267948966,-2.962962962962963,-2.962962962962963,1.5707839132969834,1.5707739114868229,-3.0187064004352195,-2.9960781664005363,0.002695360386397737,-1.6702783314909993e-05
Y-,5.800000000000001,2.3000000000000007,12.387002472001768,0.0,-0.035659674784151774,-0.29252707294351354,-1.7089519823203113e-05,4.775701482212376e-05,-0.12028736410226358,-0.00018821362801643428,-0.040315685972960646,-0.3050426094386297,-0.000801617091005503,-3.257055906405492e-06,-0.19405039818897205,-0.0010699337022173783,-0.03610626579646467,-0.29178220547726563,8.894480052301686e-05,0.0,-0.2,0.0,1.5707963267948966,1.5707963267948966,-2.962962962962963,-2.962962962962963,1.5707839132969834,1.5707739114868229,-3.0187064004352195,-2.9960781664005363,0.002695360386397737,-1.6702783314909993e-05
Y-,5.800000000000001,2.3000000000000007,12.414028358001815,0.0,-0.035659674784151774,-0.29252707294351354,-1.7089519823203113e-05,4.775701482212376e-05,-0.12028736410226358,-0.00018821362801643428,-0.040315685972960646,-0.3050426094386297,-0.000801617091005503,-3.257055906405492e-06,-0.19405039818897205,-0.0010699337022173783,-0.03610626579646467,-0.29178220547726563,8.894480052301686e-05,0.0,-0.2,0.0,1.5707963267948966,1.5707963267948966,-2.962962962962963,-2.962962962962963,1.5707839132969834,1.5707739114868229,-3.0187064004352195,-2.9960781664005363,0.002695360386397737,-1.6702783314909993e-05
Y-,5.800000000000001,2.3000000000000007,12.446193463001691,0.0,-0.035659674784151774,-0.29252707294351354,-1.7089519823203113e-05,4.775701482212376e-05,-0.12028736410226358,-0.00018821362801643428,-0.040315685972960646,-0.3050426094386297,-0.000801617091005503,-3.257055906405492e-06,-0.19405039818897205,-0.0010699337022173783,-0.03610626579646467,-0.29178220547726563,8.894480052301686e-05,0.0,-0.2,0.0,1.5707963267948966,1.5707963267948966,-2.962962962962963,-2.962962962962963,1.5707839132969834,1.5707739114868229,-3.0187064004352195,-2.9960781664005363,0.002695360386397737,-1.6702783314909993e-05
Y-,5.800000000000001,2.3000000000000007,12.472486962000403,0.0,-0.03565966723261312,-0.2927723644541504,-1.7244798688235885e-05,3.285326243678796e-05,-0.1199336224142938,-0.00013234978589437765,-0.040315685972960646,-0.3050426094386297,-0.000801617091005503,-3.257055906405492e-06,-0.19405039818897205,-0.0010699337022173783,-0.03610626579646467,-0.29178220547726563,8.894480052301686e-05,0.0,-0.2,0.0,1.5707963267948966,1.5707963267948966,-2.962962962962963,-2.962962962962963,1.5707839132969834,1.5707739114868229,-3.0187064004352195,-2.9960781664005363,0.002695360386397737,-1.6702783314909993e-05
Y-,5.800000000000001,2.3000000000000007,12.49911178000184,0.0,-0.035660097890074155,-0.2949502140732463,-1.4463030952005877e-05,-8.963014561442111e-05,-0.11717094794642843,0.00041604873047806023,-0.040315685972960646,-0.3050426094386297,-0.000801617091005503,-3.257055906405492e-06,-0.19405039818897205,-0.0010699337022173783,-0.03610626579646467,-0.29178220547726563,8.894480052301686e-05,0.0,-0.2,0.0,1.5707963267948966,1.5707963267948966,-2.962962962962963,-2.962962962962963,1.5707854580109224,1.5707786877091738,-2.9324253022095563,-2.8962746994268618,-0.002438162148862655,-1.5311347599266332e-05
Y-,5.800000000000001,2.3000000000000007,12.527757856001699,0.0,-0.03566107649412192,-0.2967285239510568,-9.958993761619739e-06,-0.00017246866435642857,-0.11535422014800925,0.0004956494731526181,-0.040315685972960646,-0.3050426094386297,-0.000801617091005503,-3.257055906405492e-06,-0.19405039818897205,-0.0010699337022173783,-0.03610626579646467,-0.29178220547726563,8.894480052301686e-05,0.0,-0.2,0.0,1.5707963267948966,1.5707963267948966,-2.962962962962963,-2.962962962962963,1.570792175183505,1.5707958422955608,-2.7998931752111638,-2.757467096445494,-0.0012478807573692045,-1.1831258007024781e-05
Y-,5.800000000000001,2.3000000000000007,12.559128435001185,0.0,-0.03566103104510347,-0.29860015827093006,-1.0514697374932806e-05,2.2649228911480045e-05,-0.11454841002052746,-0.00020572233236890159,-0.040315685972960646,-0.3050426094386297,-0.000801617091005503,-3.257055906405492e-06,-0.19405039818897205,-0.0010699337022173783,-0.03610626579646467,-0.29178220547726563,8.894480052301686e-05,0.0,-0.2,0.0,1.5707963267948966,1.5707963267948966,-2.962962962962963,-2.962962962962963,1.5707963065594672,1.5708005428735126,-2.693673852159456,-2.64856521926651,0.0021154692743157294,-9.944358809419398e-06
Y-,5.800000000000001,2.3000000000000007,12.5921391280026,0.0,-0.03566062819499498,-0.3010578453470078,-1.0133099306823858e-05,-5.756633030390982e-05,-0.11583261157663777,0.00014878213097990823,-0.040315685972960646,-0.3050426094386297,-0.000801617091005503,-3.257055906405492e-06,-0.19405039818897205,-0.0010699337022173783,-0.03610626579646467,-0.29178220547726563,8.894480052301686e-05,0.0,-0.2,0.0,1.5707963267948966,1.5707963267948966,-2.962962962962963,-2.962962962962963,1.5707963378336514,1.5707963039950767,-2.399442790656841,-2.2867117662603627,0.0010024691494406736,-1.044251523323262e-05
Y-,5.800000000000001,2.3000000000000007,12.63196921800045,0.0,-0.03565704046593982,-0.30385134675419434,-1.070722065316636e-05,0.0006020747503884892,-0.12192743557942105,-1.7212550077187573e-05,-0.0403276505109185,-0.3199680069068889,-0.001998277267590058,-8.169447252323598e-10,-0.14925402263781293,-0.011966601765845549,-0.036069106599899675,-0.33273032614917525,0.00030453309947775547,0.0,-0.2,0.0,1.5707963267948966,1.5707963267948966,-2.962962962962963,-2.962962962962963,1.5707853437985948,1.5707745382103493,-1.8660423977394125,-1.770540785597728,-0.0005586743186129409,-1.0198100493312876e-05
Y-,5.9,2.4000000000000004,12.660554392001359,0.09999999999999964,-0.03565613549795252,-0.3042275207304467,-1.0813295604282154e-05,0.0005331543311564352,-0.12296911418422116,5.378059326941019e-05,-0.0403276505109185,-0.3199680069068889,-0.001998277267590058,-8.169447252323598e-10,-0.14925402263781293,-0.011966601765845549,-0.036069106599899675,-0.33273032614917525,0.00030453309947775547,0.0,-0.2,0.0,1.5707963267948966,1.5707963267948966,-2.962962962962963,-2.962962962962963,1.5707853437985948,1.5707745382103493,-1.8660423977394125,-1.770540785597728,-0.0005586743186129409,-1.0198100493312876e-05
Y-,5.9,2.4000000000000004,12.685580477002077,0.0,-0.03565613549795252,-0.3042275207304467,-1.0813295604282154e-05,0.0005331543311564352,-0.12296911418422116,5.378059326941019e-05,-0.0403276505109185,-0.3199680069068889,-0.001998277267590058,-8.169447252323598e-10,-0.14925402263781293,-0.011966601765845549,-0.036069106599899675,-0.33273032614917525,0.00030453309947775547,0.0,-0.2,0.0,1.5707963267948966,1.5707963267948966,-2.962962962962963,-2.962962962962963,1.5707853437985948,1.5707745382103493,-1.8660423977394125,-1.770540785597728,-0.0005586743186129409,-1.0198100493312876e-05
Y-,5.9,2.4000000000000004,12.714964038001199,0.0,-0.03565613549795252,-0.3042275207304467,-1.0813295604282154e-05,0.0005331543311564352,-0.12296911418422116,5.378059326941019e-05,-0.0403276505109185,-0.3199680069068889,-0.001998277267590058,-8.169447252323598e-10,-0.14925402263781293,-0.011966601765845549,-0.036069106599899675,-0.33273032614917525,0.00030453309947775547,0.0,-0.2,0.0,1.5707963267948966,1.5707963267948966,-2.962962962962963,-2.962962962962963,1.5707853437985948,1.5707745382103493,-1.8660423977394125,-1.770540785597728,-0.0005586743186129409,-1.0198100493312876e-05
Y-,5.9,2.4000000000000004,12.740460722001444,0.0,-0.03565613549795252,-0.3042275207304467,-1.0813295604282154e-05,0.0005331543311564352,-0.12296911418422116,5.378059326941019e-05,-0.0403276505109185,-0.3199680069068889,-0.001998277267590058,-8.169447252323598e-10,-0.14925402263781293,-0.011966601765845549,-0.036069106599899675,-0.33273032614917525,0.00030453309947775547,0.0,-0.2,0.0,1.5707963267948966,1.5707963267948966,-2.962962962962963,-2.962962962962963,1.5707853437985948,1.5707745382103493,-1.8660423977394125,-1.770540785597728,-0.0005586743186129409,-1.0198100493312876e-05
Y-,5.9,2.4000000000000004,12.770887597002002,0.0,-0.03565613549795252,-0.3042275207304467,-1.0813295604282154e-05,0.0005331543311564352,-0.12296911418422116,5.378059326941019e-05,-0.0403276505109185,-0.3199680069068889,-0.001998277267590058,-8.169447252323598e-10,-0.14925402263781293,-0.011966601765845549,-0.036069106599899675,-0.33273032614917525,0.00030453309947775547,0.0,-0.2,0.0,1.5707963267948966,1.5707963267948966,-2.962962962962963,-2.962962962962963,1.5707853437985948,1.5707745382103493,-1.8660423977394125,-1.770540785597728,-0.0005586743186129409,-1.0198100493312876e-05
Y-,5.9,2.4000000000000004,12.798858076002944,0.0,-0.03565613549795252,-0.3042275207304467,-1.0813295604282154e-05,0.0005331543311564352,-0.12296911418422116,5.378059326941019e-05,-0.0403276505109185,-0.3199680069068889,-0.001998277267590058,-8.169447252323598e-10,-0.14925402263781293,-0.011966601765845549,-0.036069106599899675,-0.33273032614917525,0.00030453309947775547,0.0,-0.2,0.0,1.5707963267948966,1.5707963267948966,-2.962962962962963,-2.962962962962963,1.5707853437985948,1.5707745382103493,-1.8660423977394125,-1.770540785597728,-0.0005586743186129409,-1.0198100493312876e-05
Y-,5.9,2.4000000000000004,12.82999684600145,0.0,-0.03565613549795252,-0.3042275207304467,-1.0813295604282154e-05,0.0005331543311564352,-0.12296911418422116,5.378059326941019e-05,-0.0403276505109185,-0.3199680069068889,-0.001998277267590058,-8.169447252323598e-10,-0.14925402263781293,-0.011966601765845549,-0.036069106599899675,-0.33273032614917525,0.00030453309947775547,0.0,-0.2,0.0,1.5707963267948966,1.5707963267948966,-2.962962962962963,-2.962962962962963,1.5707853437985948,1.5707745382103493,-1.8660423977394125,-1.770540785597728,-0.0005586743186129409,-1.0198100493312876e-05
Y-,5.9,2.4000000000000004,12.85743581800125,0.0,-0.03565613549795252,-0.3042275207304467,-1.0813295604282154e-05,0.0005331543311564352,-0.12296911418422116,5.378059326941019e-05,-0.0403276505109185,-0.3199680069068889,-0.001998277267590058,-8.169447252323598e-10,-0.14925402263781293,-0.011966601765845549,-0.036069106599899675,-0.33273032614917525,0.00030453309947775547,0.0,-0.2,0.0,1.5707963267948966,1.5707963267948966,-2.962962962962963,-2.962962962962963,1.5707853437985948,1.5707745382103493,-1.8660423977394125,-1.770540785597728,-0.0005586743186129409,-1.0198100493312876e-05
Y-,5.9,2.4000000000000004,12.882822851999663,0.0,-0.03565613549795252,-0.3042275207304467,-1.0813295604282154e-05,0.0005331543311564352,-0.12296911418422116,5.378059326941019e-05,-0.0403276505109185,-0.3199680069068889,-0.001998277267590058,-8.169447252323598e-10,-0.14925402263781293,-0.011966601765845549,-0.036069106599899675,-0.33273032614917525,0.00030453309947775547,0.0,-0.2,0.0,1.5707963267948966,1.5707963267948966,-2.962962962962963,-2.962962962962963,1.5707853437985948,1.5707745382103493,-1.8660423977394125,-1.770540785597728,-0.0005586743186129409,-1.0198100493312876e-05
Y-,5.9,2.4000000000000004,12.914866426999652,0.0,-0.03565613549795252,-0.3042275207304467,-1.0813295604282154e-05,0.0005331543311564352,-0.12296911418422116,5.378059326941019e-05,-0.0403276505109185,-0.3199680069068889,-0.001998277267590058,-8.169447252323598e-10,-0.14925402263781293,-0.011966601765845549,-0.036069106599899675,-0.33273032614917525,0.00030453309947775547,0.0,-0.2,0.0,1.5707963267948966,1.5707963267948966,-2.962962962962963,-2.962962962962963,1.5707853437985948,1.5707745382103493,-1.8660423977394125,-1.770540785597728,-0.0005586743186129409,-1.0198100493312876e-05
Y-,5.9,2.4000000000000004,12.94703842400122,0.0,-0.03565613549795252,-0.3042275207304467,-1.0813295604282154e-05,0.0005331543311564352,-0.12296911418422116,5.378059326941019e-05,-0.0403276505109185,-0.3199680069068889,-0.001998277267590058,-8.169447252323598e-10,-0.14925402263781293,-0.011966601765845549,-0.036069106599899675,-0.33273032614917525,0.00030453309947775547,0.0,-0.2,0.0,1.5707963267948966,1.5707963267948966,-2.962962962962963,-2.962962962962963,1.5707853437985948,1.5707745382103493,-1.8660423977394125,-1.770540785597728,-0.0005586743186129409,-1.0198100493312876e-05
Y-,5.9,2.4000000000000004,12.985013372002868,0.0,-0.035655065757854626,-0.3049894363582611,-1.0269133561055376e-05,0.0002564303810570061,-0.12554960193691944,0.0003137868677966618,-0.0403276505109185,-0.3199680069068889,-0.001998277267590058,-8.169447252323598e-10,-0.14925402263781293,-0.011966601765845549,-0.036069106599899675,-0.33273032614917525,0.00030453309947775547,0.0,-0.2,0.0,1.5707963267948966,1.5707963267948966,-2.962962962962963,-2.962962962962963,1.5707842088949056,1.570772176732822,-1.7640648460106279,-1.663919195354499,-0.0007314869015078358,-1.0746749850006074e-05
Y-,5.9,2.4000000000000004,13.01750424599959,0.0,-0.03565520732376401,-0.3072219199711385,-7.5903764059643666e-06,4.682173222277917e-05,-0.13192183086490292,0.00015811533319598405,-0.0403276505109185,-0.3199680069068889,-0.001998277267590058,-8.169447252323598e-10,-0.14925402263781293,-0.011966601765845549,-0.036069106599899675,-0.33273032614917525,0.00030453309947775547,0.0,-0.2,0.0,1.5707963267948966,1.5707963267948966,-2.962962962962963,-2.962962962962963,1.5707866452633272,1.570775658761085,-1.6496364947064963,-1.5466793358397082,0.0026241172256162553,-7.547811411903844e-06
Y-,5.9,2.4000000000000004,13.046073500001512,0.0,-0.03565579330142346,-0.31014136640190143,-1.146882928480689e-05,-1.1430709563783278e-05,-0.14105693544941875,-1.539425959735244e-05,-0.0403276505109185,-0.3199680069068889,-0.001998277267590058,-8.169447252323598e-10,-0.14925402263781293,-0.011966601765845549,-0.036069106599899675,-0.33273032614917525,0.00030453309947775547,0.0,-0.2,0.0,1.5707963267948966,1.5707963267948966,-2.962962962962963,-2.962962962962963,1.5707881627891993,1.5707778065947853,-1.6052513901966563,-1.492570327473137,-0.004158711058771095,-1.1280872049570248e-05
Y-,5.9,2.4000000000000004,13.085439812002733,0.0,-0.03565593369927713,-0.3120425751231703,-1.256125667767567e-05,1.7199869743926404e-06,-0.14674311711854232,-6.764476819795173e-05,-0.0403276505109185,-0.3199680069068889,-0.001998277267590058,-8.169447252323598e-10,-0.14925402263781293,-0.011966601765845549,-0.036069106599899675,-0.33273032614917525,0.00030453309947775547,0.0,-0.2,0.0,1.5707963267948966,1.5707963267948966,-2.962962962962963,-2.962962962962963,1.5707914437519586,1.5707820255517877,-1.547060287089805,-1.5910192262859482,-0.0003390127353918798,-1.2096155251959572e-05
Y-,5.9,2.4000000000000004,13.120489745000668,0.0,-0.03565597895074434,-0.3151007042621134,-1.2755455319765895e-05,-1.8026018194265728e-06,-0.15468866926610614,1.7606731564046727e-05,-0.0403492404730559,-0.33073899801034307,-0.0014575693926867051,-6.650668463504278e-07,-0.10771012741276023,0.005407078749033525,-0.03610537267780835,-0.34221561303099746,-0.0004525175906899829,0.0,-0.2,0.0,1.5707963267948966,1.5707963267948966,-2.962962962962963,-2.962962962962963,1.5707946708745837,1.5707857676197277,-1.6654282055084484,-1.7163654339226502,-0.0014500568626691047,-1.2827340971628298e-05
Y-,6.0,2.5,13.156319640002039,0.09999999999999964,-0.035655964689098485,-0.31830093821432365,-1.2650310889099706e-05,-1.3742423068298376e-05,-0.16143082922547303,-2.760336044004472e-06,-0.0403492404730559,-0.33073899801034307,-0.0014575693926867051,-6.650668463504278e-07,-0.10771012741276023,0.005407078749033525,-0.03610537267780835,-0.34221561303099746,-0.0004525175906899829,0.0,-0.2,0.0,1.5707963267948966,1.5707963267948966,-2.962962962962963,-2.962962962962963,1.570796206671731,1.5707889647297852,-1.793468177290124,-1.8445321378452908,-0.00038179653404683085,-1.2667365525269587e-05
Y-,6.0,2.5,13.190375936999772,0.0,-0.03565595742293383,-0.3194504166831132,-1.2605228267490978e-05,-1.7695153466108534e-05,-0.16351148118488493,-7.169155889091634e-06,-0.0403492404730559,-0.33073899801034307,-0.0014575693926867051,-6.650668463504278e-07,-0.10771012741276023,0.005407078749033525,-0.03610537267780835,-0.34221561303099746,-0.0004525175906899829,0.0,-0.2,0.0,1.5707963267948966,1.5707963267948966,-2.962962962962963,-2.962962962962963,1.570796206671731,1.5707889647297852,-1.793468177290124,-1.8445321378452908,-0.0015952830243668114,-1.2605228267490978e-05
Y-,6.0,2.5,13.21991703599997,0.0,-0.03565595742293383,-0.3194504166831132,-1.2605228267490978e-05,-1.7695153466108534e-05,-0.16351148118488493,-7.169155889091634e-06,-0.0403492404730559,-0.33073899801034307,-0.0014575693926867051,-6.650668463504278e-07,-0.10771012741276023,0.005407078749033525,-0.03610537267780835,-0.34221561303099746,-0.0004525175906899829,0.0,-0.2,0.0,1.5707963267948966,1.5707963267948966,-2.962962962962963,-2.962962962962963,1.570796206671731,1.5707889647297852,-1.793468177290124,-1.8445321378452908,-0.0015952830243668114,-1.2605228267490978e-05
Y-,6.0,2.5,13.246924928000226,0.0,-0.03565595742293383,-0.3194504166831132,-1.2605228267490978e-05,-1.7695153466108534e-05,-0.16351148118488493,-7.169155889091634e-06,-0.0403492404730559,-0.33073899801034307,-0.0014575693926867051,-6.650668463504278e-07,-0.10771012741276023,0.005407078749033525,-0.03610537267780835,-0.34221561303099746,-0.0004525175906899829,0.0,-0.2,0.0,1.5707963267948966,1.5707963267948966,-2.962962962962963,-2.962962962962963,1.570796206671731,1.5707889647297852,-1.793468177290124,-1.8445321378452908,-0.0015952830243668114,-1.2605228267490978e-05
Y-,6.0,2.5,13.282647680000082,0.0,-0.03565595742293383,-0.3194504166831132,-1.2605228267490978e-05,-1.7695153466108534e-05,-0.16351148118488493,-7.169155889091634e-06,-0.0403492404730559,-0.33073899801034307,-0.0014575693926867051,-6.650668463504278e-07,-0.10771012741276023,0.005407078749033525,-0.03610537267780835,-0.34221561303099746,-0.0004525175906899829,0.0,-0.2,0.0,1.5707963267948966,1.5707963267948966,-2.962962962962963,-2.962962962962963,1.570796206671731,1.5707889647297852,-1.793468177290124,-1.8445321378452908,-0.0015952830243668114,-1.2605228267490978e-05
Y-,6.0,2.5,13.31467457799954,0.0,-0.03565595742293383,-0.3194504166831132,-1.2605228267490978e-05,-1.7695153466108534e-05,-0.16351148118488493,-7.169155889091634e-06,-0.0403492404730559,-0.33073899801034307,-0.0014575693926867051,-6.650668463504278e-07,-0.10771012741276023,0.005407078749033525,-0.03610537267780835,-0.34221561303099746,-0.0004525175906899829,0.0,-0.2,0.0,1.5707963267948966,1.5707963267948966,-2.962962962962963,-2.962962962962963,1.570796206671731,1.5707889647297852,-1.793468177290124,-1.8445321378452908,-0.0015952830243668114,-1.2605228267490978e-05
Y-,6.0,2.5,13.343237040000531,0.0,-0.03565595742293383,-0.3194504166831132,-1.2605228267490978e-05,-1.7695153466108534e-05,-0.16351148118488493,-7.169155889091634e-06,-0.0403492404730559,-0.33073899801034307,-0.0014575693926867051,-6.650668463504278e-07,-0.10771012741276023,0.005407078749033525,-0.03610537267780835,-0.34221561303099746,-0.0004525175906899829,0.0,-0.2,0.0,1.5707963267948966,1.5707963267948966,-2.962962962962963,-2.962962962962963,1.570796206671731,1.5707889647297852,-1.793468177290124,-1.8445321378452908,-0.0015952830243668114,-1.2605228267490978e-05
Y-,6.0,2.5,13.368784352001967,0.0,-0.03565595742293383,-0.3194504166831132,-1.2605228267490978e-05,-1.7695153466108534e-05,-0.16351148118488493,-7.169155889091634e-06,-0.0403492404730559,-0.33073899801034307,-0.0014575693926867051,-6.650668463504278e-07,-0.10771012741276023,0.005407078749033525,-0.03610537267780835,-0.34221561303099746,-0.0004525175906899829,0.0,-0.2,0.0,1.5707963267948966,1.5707963267948966,-2.962962962962963,-2.962962962962963,1.570796206671731,1.5707889647297852,-1.793468177290124,-1.8445321378452908,-0.0015952830243668114,-1.2605228267490978e-05
Y-,6.0,2.5,13.404618909000419,0.0,-0.03565595742293383,-0.3194504166831132,-1.2605228267490978e-05,-1.7695153466108534e-05,-0.16351148118488493,-7.169155889091634e-06,-0.0403492404730559,-0.33073899801034307,-0.0014575693926867051,-6.650668463504278e-07,-0.10771012741276023,0.005407078749033525,-0.03610537267780835,-0.34221561303099746,-0.0004525175906899829,0.0,-0.2,0.0,1.5707963267948966,1.5707963267948966,-2.962962962962963,-2.962962962962963,1.570796206671731,1.5707889647297852,-1.793468177290124,-1.8445321378452908,-0.0015952830243668114,-1.2605228267490978e-05
Y-,6.0,2.5,13.43944061500224,0.0,-0.03565595742293383,-0.3194504166831132,-1.2605228267490978e-05,-1.7695153466108534e-05,-0.16351148118488493,-7.169155889091634e-06,-0.0403492404730559,-0.33073899801034307,-0.0014575693926867051,-6.650668463504278e-07,-0.10771012741276023,0.005407078749033525,-0.03610537267780835,-0.34221561303099746,-0.0004525175906899829,0.0,-0.2,0.0,1.5707963267948966,1.5707963267948966,-2.962962962962963,-2.962962962962963,1.570796206671731,1.5707889647297852,-1.793468177290124,-1.8445321378452908,-0.0015952830243668114,-1.2605228267490978e-05
Y-,6.0,2.5,13.481917809000151,0.0,-0.03565595742293383,-0.3194504166831132,-1.2605228267490978e-05,-1.7695153466108534e-05,-0.16351148118488493,-7.169155889091634e-06,-0.0403492404730559,-0.33073899801034307,-0.0014575693926867051,-6.650668463504278e-07,-0.10771012741276023,0.005407078749033525,-0.03610537267780835,-0.34221561303099746,-0.0004525175906899829,0.0,-0.2,0.0,1.5707963267948966,1.5707963267948966,-2.962962962962963,-2.962962962962963,1.570796206671731,1.5707889647297852,-1.793468177290124,-1.8445321378452908,-0.0015952830243668114,-1.2605228267490978e-05
Y-,6.0,2.5,13.510338943000534,0.0,-0.03565595742293383,-0.3194504166831132,-1.2605228267490978e-05,-1.7695153466108534e-05,-0.16351148118488493,-7.169155889091634e-06,-0.0403492404730559,-0.33073899801034307,-0.0014575693926867051,-6.650668463504278e-07,-0.10771012741276023,0.005407078749033525,-0.03610537267780835,-0.34221561303099746,-0.0004525175906899829,0.0,-0.2,0.0,1.5707963267948966,1.5707963267948966,-2.962962962962963,-2.962962962962963,1.570796206671731,1.5707889647297852,-1.793468177290124,-1.8445321378452908,-0.0015952830243668114,-1.2605228267490978e-05
Y-,6.0,2.5,13.543268519002595,0.0,-0.03565595742293383,-0.3194504166831132,-1.2605228267490978e-05,-1.7695153466108534e-05,-0.16351148118488493,-7.169155889091634e-06,-0.0403492404730559,-0.33073899801034307,-0.0014575693926867051,-6.650668463504278e-07,-0.10771012741276023,0.005407078749033525,-0.03610537267780835,-0.34221561303099746,-0.0004525175906899829,0.0,-0.2,0.0,1.5707963267948966,1.5707963267948966,-2.962962962962963,-2.962962962962963,1.570796206671731,1.5707889647297852,-1.793468177290124,-1.8445321378452908,-0.0015952830243668114,-1.2605228267490978e-05
Y-,6.0,2.5,13.572229768000398,0.0,-0.03565595742293383,-0.3194504166831132,-1.2605228267490978e-05,-1.7695153466108534e-05,-0.16351148118488493,-7.169155889091634e-06,-0.0403492404730559,-0.33073899801034307,-0.0014575693926867051,-6.650668463504278e-07,-0.10771012741276023,0.005407078749033525,-0.03610537267780835,-0.34221561303099746,-0.0004525175906899829,0.0,-0.2,0.0,1.5707963267948966,1.5707963267948966,-2.962962962962963,-2.962962962962963,1.570796206671731,1.5707889647297852,-1.793468177290124,-1.8445321378452908,-0.0015952830243668114,-1.2605228267490978e-05
Y-,6.0,2.5,13.59860270200079,0.0,-0.035655949782380805,-0.3207808438863556,-1.2553919185518436e-05,-2.190095777751778e-05,-0.165719953629767,-1.2649394236812541e-05,-0.0403492404730559,-0.33073899801034307,-0.0014575693926867051,-6.650668463504278e-07,-0.10771012741276023,0.005407078749033525,-0.03610537267780835,-0.34221561303099746,-0.0004525175906899829,0.0,-0.2,0.0,1.5707963267948966,1.5707963267948966,-2.962962962962963,-2.962962962962963,1.5707962079127977,1.5707903166889912,-1.8566361611729139,-1.9063172638915167,-0.0015952830243668114,-1.2605228267490978e-05
Y-,6.0,2.5,13.632710983001743,0.0,-0.0356559382777681,-0.32331900625877713,-1.2467224464452585e-05,-2.8748799141461165e-05,-0.16939985190038537,-2.1252622011961146e-05,-0.0403492404730559,-0.33073899801034307,-0.0014575693926867051,-6.650668463504278e-07,-0.10771012741276023,0.005407078749033525,-0.03610537267780835,-0.34221561303099746,-0.0004525175906899829,0.0,-0.2,0.0,1.5707963267948966,1.5707963267948966,-2.962962962962963,-2.962962962962963,1.5707962097372485,1.5707925678660581,-1.9755930001077882,-2.0212872791207097,-0.00024811232767404603,-1.2467224464452585e-05
Y-,6.0,2.5,13.66231614299977,0.0,-0.03565592429890779,-0.32853739360328277,-1.2328496796110727e-05,-3.8965073980191375e-05,-0.17515459447039952,-3.4375551322168645e-05,-0.0403492404730559,-0.33073899801034307,-0.0014575693926867051,-6.650668463504278e-07,-0.10771012741276023,0.005407078749033525,-0.03610537267780835,-0.34221561303099746,-0.0004525175906899829,0.0,-0.2,0.0,1.5707963267948966,1.5707963267948966,-2.962962962962963,-2.962962962962963,1.5707962132557842,1.5707949825002947,-2.1292723646691947,-2.1681741899186573,0.0004926035085941758,-1.2364082738312721e-05
Y-,6.0,2.5,13.699134220001724,0.0,-0.035655915800934655,-0.3328171604067769,-1.2296271905226547e-05,-4.3792258098866054e-05,-0.17846539354522892,-3.811210650347163e-05,-0.040369593306005196,-0.3447010336450354,-0.0010679016552152597,-2.1827345317994844e-08,-0.13962050469118886,0.003896677374714459,-0.03612746043877264,-0.34541372112370744,-4.18997431550432e-06,0.0,-0.2,0.0,1.5707963267948966,1.5707963267948966,-2.962962962962963,-2.962962962962963,1.570797263738429,1.570796085820513,-2.214303681495586,-2.2489367446980424,-0.0006366401487373308,-1.229762264769936e-05
Y-,6.1000000000000005,2.6000000000000005,13.728751954000472,0.10000000000000053,-0.035655904566100724,-0.33552739801667975,-1.2246795818528746e-05,-4.5614787482091065e-05,-0.18005077751314005,-3.4091754990644624e-05,-0.040369593306005196,-0.3447010336450354,-0.0010679016552152597,-2.1827345317994844e-08,-0.13962050469118886,0.003896677374714459,-0.03612746043877264,-0.34541372112370744,-4.18997431550432e-06,0.0,-0.2,0.0,1.5707963267948966,1.5707963267948966,-2.962962962962963,-2.962962962962963,1.5707979846594577,1.5707963084442023,-2.2866467398090378,-2.3173906421202455,-0.0008233980618489586,-1.2270764870315295e-05
Y-,6.1000000000000005,2.6000000000000005,13.762581969000166,0.0,-0.035655899059219245,-0.336617654469962,-1.2224243583280318e-05,-4.628549101406278e-05,-0.18059317714097625,-3.3916506739290346e-05,-0.040369593306005196,-0.3447010336450354,-0.0010679016552152597,-2.1827345317994844e-08,-0.13962050469118886,0.003896677374714459,-0.03612746043877264,-0.34541372112370744,-4.18997431550432e-06,0.0,-0.2,0.0,1.5707963267948966,1.5707963267948966,-2.962962962962963,-2.962962962962963,1.5707979846594577,1.5707963084442023,-2.2866467398090378,-2.3173906421202455,0.00016855051750474658,-1.2227824745709744e-05
Y-,6.1000000000000005,2.6000000000000005,13.7897704240022,0.0,-0.035655899059219245,-0.336617654469962,-1.2224243583280318e-05,-4.628549101406278e-05,-0.18059317714097625,-3.3916506739290346e-05,-0.040369593306005196,-0.3447010336450354,-0.0010679016552152597,-2.1827345317994844e-08,-0.13962050469118886,0.003896677374714459,-0.03612746043877264,-0.34541372112370744,-4.18997431550432e-06,0.0,-0.2,0.0,1.5707963267948966,1.5707963267948966,-2.962962962962963,-2.962962962962963,1.5707979846594577,1.5707963084442023,-2.2866467398090378,-2.3173906421202455,0.00016855051750474658,-1.2227824745709744e-05
Y-,6.1000000000000005,2.6000000000000005,13.818701383999723,0.0,-0.035655899059219245,-0.336617654469962,-1.2224243583280318e-05,-4.628549101406278e-05,-0.18059317714097625,-3.3916506739290346e-05,-0.040369593306005196,-0.3447010336450354,-0.0010679016552152597,-2.1827345317994844e-08,-0.13962050469118886,0.003896677374714459,-0.03612746043877264,-0.34541372112370744,-4.18997431550432e-06,0.0,-0.2,0.0,1.5707963267948966,1.5707963267948966,-2.962962962962963,-2.962962962962963,1.5707979846594577,1.5707963084442023,-2.2866467398090378,-2.3173906421202455,0.00016855051750474658,-1.2227824745709744e-05
Y-,6.1000000000000005,2.6000000000000005,13.842339022001397,0.0,-0.035655899059219245,-0.336617654469962,-1.2224243583280318e-05,-4.628549101406278e-05,-0.18059317714097625,-3.3916506739290346e-05,-0.040369593306005196,-0.3447010336450354,-0.0010679016552152597,-2.1827345317994844e-08,-0.13962050469118886,0.003896677374714459,-0.03612746043877264,-0.34541372112370744,-4.18997431550432e-06,0.0,-0.2,0.0,1.5707963267948966,1.5707963267948966,-2.962962962962963,-2.962962962962963,1.5707979846594577,1.5707963084442023,-2.2866467398090378,-2.3173906421202455,0.00016855051750474658,-1.2227824745709744e-05
Y-,6.1000000000000005,2.6000000000000005,13.866389853999863,0.0,-0.035655899059219245,-0.336617654469962,-1.2224243583280318e-05,-4.628549101406278e-05,-0.18059317714097625,-3.3916506739290346e-05,-0.040369593306005196,-0.3447010336450354,-0.0010679016552152597,-2.1827345317994844e-08,-0.13962050469118886,0.003896677374714459,-0.03612746043877264,-0.34541372112370744,-4.18997431550432e-06,0.0,-0.2,0.0,1.5707963267948966,1.5707963267948966,-2.962962962962963,-2.962962962962963,1.5707979846594577,1.5707963084442023,-2.2866467398090378,-2.3173906421202455,0.00016855051750474658,-1.2227824745709744e-05
Y-,6.1000000000000005,2.6000000000000005,13.89636385400081,0.0,-0.035655899059219245,-0.336617654469962,-1.2224243583280318e-05,-4.628549101406278e-05,-0.18059317714097625,-3.3916506739290346e-05,-0.040369593306005196,-0.3447010336450354,-0.0010679016552152597,-2.1827345317994844e-08,-0.13962050469118886,0.003896677374714459,-0.03612746043877264,-0.34541372112370744,-4.18997431550432e-06,0.0,-0.2,0.0,1.5707963267948966,1.5707963267948966,-2.962962962962963,-2.962962962962963,1.5707979846594577,1.5707963084442023,-2.2866467398090378,-2.3173906421202455,0.00016855051750474658,-1.2227824745709744e-05
Y-,6.1000000000000005,2.6000000000000005,13.928460978000658,0.0,-0.035655899059219245,-0.336617654469962,-1.2224243583280318e-05,-4.628549101406278e-05,-0.18059317714097625,-3.3916506739290346e-05,-0.040369593306005196,-0.3447010336450354,-0.0010679016552152597,-2.1827345317994844e-08,-0.13962050469118886,0.003896677374714459,-0.03612746043877264,-0.34541372112370744,-4.18997431550432e-06,0.0,-0.2,0.0,1.5707963267948966,1.5707963267948966,-2.962962962962963,-2.962962962962963,1.5707979846594577,1.5707963084442023,-2.2866467398090378,-2.3173906421202455,0.00016855051750474658,-1.2227824745709744e-05
Y-,6.1000000000000005,2.6000000000000005,13.960444169999391,0.0,-0.035655899059219245,-0.336617654469962,-1.2224243583280318e-05,-4.628549101406278e-05,-0.18059317714097625,-3.3916506739290346e-05,-0.040369593306005196,-0.3447010336450354,-0.0010679016552152597,-2.1827345317994844e-08,-0.13962050469118886,0.003896677374714459,-0.03612746043877264,-0.34541372112370744,-4.18997431550432e-06,0.0,-0.2,0.0,1.5707963267948966,1.5707963267948966,-2.962962962962963,-2.962962962962963,1.5707979846594577,1.5707963084442023,-2.2866467398090378,-2.3173906421202455,0.00016855051750474658,-1.2227824745709744e-05
Y-,6.1000000000000005,2.6000000000000005,13.991791917000228,0.0,-0.035655899059219245,-0.336617654469962,-1.2224243583280318e-05,-4.628549101406278e-05,-0.18059317714097625,-3.3916506739290346e-05,-0.040369593306005196,-0.3447010336450354,-0.0010679016552152597,-2.1827345317994844e-08,-0.13962050469118886,0.003896677374714459,-0.03612746043877264,-0.34541372112370744,-4.18997431550432e-06,0.0,-0.2,0.0,1.5707963267948966,1.5707963267948966,-2.962962962962963,-2.962962962962963,1.5707979846594577,1.5707963084442023,-2.2866467398090378,-2.3173906421202455,0.00016855051750474658,-1.2227824745709744e-05
Y-,6.1000000000000005,2.6000000000000005,14.050129270999605,0.0,-0.035655899059219245,-0.336617654469962,-1.2224243583280318e-05,-4.628549101406278e-05,-0.18059317714097625,-3.3916506739290346e-05,-0.040369593306005196,-0.3447010336450354,-0.0010679016552152597,-2.1827345317994844e-08,-0.13962050469118886,0.003896677374714459,-0.03612746043877264,-0.34541372112370744,-4.18997431550432e-06,0.0,-0.2,0.0,1.5707963267948966,1.5707963267948966,-2.962962962962963,-2.962962962962963,1.5707979846594577,1.5707963084442023,-2.2866467398090378,-2.3173906421202455,0.00016855051750474658,-1.2227824745709744e-05
Y-,6.1000000000000005,2.6000000000000005,14.07996877000187,0.0,-0.035655899059219245,-0.336617654469962,-1.2224243583280318e-05,-4.628549101406278e-05,-0.18059317714097625,-3.3916506739290346e-05,-0.040369593306005196,-0.3447010336450354,-0.0010679016552152597,-2.1827345317994844e-08,-0.13962050469118886,0.003896677374714459,-0.03612746043877264,-0.34541372112370744,-4.18997431550432e-06,0.0,-0.2,0.0,1.5707963267948966,1.5707963267948966,-2.962962962962963,-2.962962962962963,1.5707979846594577,1.5707963084442023,-2.2866467398090378,-2.3173906421202455,0.00016855051750474658,-1.2227824745709744e-05
Y-,6.1000000000000005,2.6000000000000005,14.10906856300062,0.0,-0.03565589614032795,-0.33716395314368525,-1.2213936093197728e-05,-4.660833608310461e-05,-0.1808461892382171,-3.3847007657360704e-05,-0.040369593306005196,-0.3447010336450354,-0.0010679016552152597,-2.1827345317994844e-08,-0.13962050469118886,0.003896677374714459,-0.03612746043877264,-0.34541372112370744,-4.18997431550432e-06,0.0,-0.2,0.0,1.5707963267948966,1.5707963267948966,-2.962962962962963,-2.962962962962963,1.5707979846594577,1.5707963084442023,-2.2866467398090378,-2.3173906421202455,0.00016855051750474658,-1.2227824745709744e-05
Y-,6.1000000000000005,2.6000000000000005,14.135482904999662,0.0,-0.035655878150950324,-0.34027252920963336,-1.2165531399766436e-05,-4.830879591670548e-05,-0.18206890568183048,-3.317199165643816e-05,-0.040369593306005196,-0.3447010336450354,-0.0010679016552152597,-2.1827345317994844e-08,-0.13962050469118886,0.003896677374714459,-0.03612746043877264,-0.34541372112370744,-4.18997431550432e-06,0.0,-0.2,0.0,1.5707963267948966,1.5707963267948966,-2.962962962962963,-2.962962962962963,1.5707984224420732,1.5707963092961688,-2.3473641645527485,-2.3744487464814754,-0.002087093193872523,-1.2165531399766436e-05
Y-,6.1000000000000005,2.6000000000000005,14.163987298001302,0.0,-0.03565585910810555,-0.34339894449128333,-1.2130796653452e-05,-4.982584796496526e-05,-0.18297229599604778,-3.243932695489723e-05,-0.040369593306005196,-0.3447010336450354,-0.0010679016552152597,-2.1827345317994844e-08,-0.13962050469118886,0.003896677374714459,-0.03612746043877264,-0.34541372112370744,-4.18997431550432e-06,0.0,-0.2,0.0,1.5707963267948966,1.5707963267948966,-2.962962962962963,-2.962962962962963,1.5707986324240428,1.570796308809312,-2.3979730755393307,-2.421742033129607,-0.0010669716955116865,-1.2145583349483556e-05
Y-,6.1000000000000005,2.6000000000000005,14.19480928700068,0.0,-0.03565583840573667,-0.34690824065809756,-1.2104514701970597e-05,-5.1341333593773206e-05,-0.18366312153740655,-3.1562647674854165e-05,-0.040369593306005196,-0.3447010336450354,-0.0010679016552152597,-2.1827345317994844e-08,-0.13962050469118886,0.003896677374714459,-0.03612746043877264,-0.34541372112370744,-4.18997431550432e-06,0.0,-0.2,0.0,1.5707963267948966,1.5707963267948966,-2.962962962962963,-2.962962962962963,1.5707986640127816,1.5707963074044775,-2.4399452155925454,-2.4608059531558135,-0.0008200439706423904,-1.21116938703715e-05
Y-,6.1000000000000005,2.6000000000000005,14.234222967999813,0.0,-0.03565582156024397,-0.3500570451786209,-1.2088163233328843e-05,-5.2563205354767795e-05,-0.18404121099203194,-3.075263220744451e-05,-0.04038636335968026,-0.3604214806744197,-0.0008603801374157466,1.7844099884914018e-07,-0.15720455974241315,0.0020752151779951282,-0.03612746043877264,-0.34541372112370744,-4.189974315504103e-06,0.0,-0.2,0.0,1.5707963267948966,1.5707963267948966,-2.962962962962963,-2.962962962962963,1.570798559959048,1.5707963052179936,-2.474611804398481,-2.492936774360601,0.0017582929446349302,-1.2089852180616318e-05
Y-,6.2,2.7,14.265492979000555,0.09999999999999964,-0.035655805580606534,-0.35358180214593676,-1.2073981255881433e-05,-5.3800249334212734e-05,-0.18424022380636465,-2.988295256475106e-05,-0.04038636335968026,-0.3604214806744197,-0.0008603801374157466,1.7844099884914018e-07,-0.15720455974241315,0.0020752151779951282,-0.03628447233820767,-0.3499270297453815,8.889533797606995e-05,0.0,-0.2,0.0,1.5707963267948966,1.5707963267948966,-2.962962962962963,-2.962962962962963,1.5707984684272045,1.5707963038599813,-2.4895775276881915,-2.506757916706106,-0.002957979908552702,-1.2073981255881433e-05
Y-,6.2,2.7,14.29517471500003,0.0,-0.03565579797851376,-0.3556235500066329,-1.2066564968545743e-05,-5.4459585693573774e-05,-0.18426343334339373,-2.939992675441894e-05,-0.04038636335968026,-0.3604214806744197,-0.0008603801374157466,1.7844099884914018e-07,-0.15720455974241315,0.0020752151779951282,-0.03628447233820767,-0.3499270297453815,8.889533797606995e-05,0.0,-0.2,0.0,1.5707963267948966,1.5707963267948966,-2.962962962962963,-2.962962962962963,1.5707982250978532,1.5707963006677472,-2.5154288596754,-2.530534244084744,0.0002719287218355304,-1.20679045657652e-05
Y-,6.2,2.7,14.322652218001167,0.0,-0.03565579797851376,-0.3556235500066329,-1.2066564968545743e-05,-5.4459585693573774e-05,-0.18426343334339373,-2.939992675441894e-05,-0.04038636335968026,-0.3604214806744197,-0.0008603801374157466,1.7844099884914018e-07,-0.15720455974241315,0.0020752151779951282,-0.03628447233820767,-0.3499270297453815,8.889533797606995e-05,0.0,-0.2,0.0,1.5707963267948966,1.5707963267948966,-2.962962962962963,-2.962962962962963,1.5707982250978532,1.5707963006677472,-2.5154288596754,-2.530534244084744,0.0002719287218355304,-1.20679045657652e-05
Y-,6.2,2.7,14.348494095000206,0.0,-0.03565579797851376,-0.3556235500066329,-1.2066564968545743e-05,-5.4459585693573774e-05,-0.18426343334339373,-2.939992675441894e-05,-0.04038636335968026,-0.3604214806744197,-0.0008603801374157466,1.7844099884914018e-07,-0.15720455974241315,0.0020752151779951282,-0.03628447233820767,-0.3499270297453815,8.889533797606995e-05,0.0,-0.2,0.0,1.5707963267948966,1.5707963267948966,-2.962962962962963,-2.962962962962963,1.5707982250978532,1.5707963006677472,-2.5154288596754,-2.530534244084744,0.0002719287218355304,-1.20679045657652e-05
Y-,6.2,2.7,14.375280344000203,0.0,-0.03565579797851376,-0.3556235500066329,-1.2066564968545743e-05,-5.4459585693573774e-05,-0.18426343334339373,-2.939992675441894e-05,-0.04038636335968026,-0.3604214806744197,-0.0008603801374157466,1.7844099884914018e-07,-0.15720455974241315,0.0020752151779951282,-0.03628447233820767,-0.3499270297453815,8.889533797606995e-05,0.0,-0.2,0.0,1.5707963267948966,1.5707963267948966,-2.962962962962963,-2.962962962962963,1.5707982250978532,1.5707963006677472,-2.5154288596754,-2.530534244084744,0.0002719287218355304,-1.20679045657652e-05
Y-,6.2,2.7,14.403264513999602,0.0,-0.03565579797851376,-0.3556235500066329,-1.2066564968545743e-05,-5.4459585693573774e-05,-0.18426343334339373,-2.939992675441894e-05,-0.04038636335968026,-0.3604214806744197,-0.0008603801374157466,1.7844099884914018e-07,-0.15720455974241315,0.0020752151779951282,-0.03628447233820767,-0.3499270297453815,8.889533797606995e-05,0.0,-0.2,0.0,1.5707963267948966,1.5707963267948966,-2.962962962962963,-2.962962962962963,1.5707982250978532,1.5707963006677472,-2.5154288596754,-2.530534244084744,0.0002719287218355304,-1.20679045657652e-05
Y-,6.2,2.7,14.429040457001975,0.0,-0.03565579797851376,-0.3556235500066329,-1.2066564968545743e-05,-5.4459585693573774e-05,-0.18426343334339373,-2.939992675441894e-05,-0.04038636335968026,-0.3604214806744197,-0.0008603801374157466,1.7844099884914018e-07,-0.15720455974241315,0.0020752151779951282,-0.03628447233820767,-0.3499270297453815,8.889533797606995e-05,0.0,-0.2,0.0,1.5707963267948966,1.5707963267948966,-2.962962962962963,-2.962962962962963,1.5707982250978532,1.5707963006677472,-2.5154288596754,-2.530534244084744,0.0002719287218355304,-1.20679045657652e-05
Y-,6.2,2.7,14.456674082000973,0.0,-0.03565579797851376,-0.3556235500066329,-1.2066564968545743e-05,-5.4459585693573774e-05,-0.18426343334339373,-2.939992675441894e-05,-0.04038636335968026,-0.3604214806744197,-0.0008603801374157466,1.7844099884914018e-07,-0.15720455974241315,0.0020752151779951282,-0.03628447233820767,-0.3499270297453815,8.889533797606995e-05,0.0,-0.2,0.0,1.5707963267948966,1.5707963267948966,-2.962962962962963,-2.962962962962963,1.5707982250978532,1.5707963006677472,-2.5154288596754,-2.530534244084744,0.0002719287218355304,-1.20679045657652e-05
Y-,6.2,2.7,14.481261485001596,0.0,-0.03565579797851376,-0.3556235500066329,-1.2066564968545743e-05,-5.4459585693573774e-05,-0.18426343334339373,-2.939992675441894e-05,-0.04038636335968026,-0.3604214806744197,-0.0008603801374157466,1.7844099884914018e-07,-0.15720455974241315,0.0020752151779951282,-0.03628447233820767,-0.3499270297453815,8.889533797606995e-05,0.0,-0.2,0.0,1.5707963267948966,1.5707963267948966,-2.962962962962963,-2.962962962962963,1.5707982250978532,1.5707963006677472,-2.5154288596754,-2.530534244084744,0.0002719287218355304,-1.20679045657652e-05
Y-,6.2,2.7,14.508526612000423,0.0,-0.03565579797851376,-0.3556235500066329,-1.2066564968545743e-05,-5.4459585693573774e-05,-0.18426343334339373,-2.939992675441894e-05,-0.04038636335968026,-0.3604214806744197,-0.0008603801374157466,1.7844099884914018e-07,-0.15720455974241315,0.0020752151779951282,-0.03628447233820767,-0.3499270297453815,8.889533797606995e-05,0.0,-0.2,0.0,1.5707963267948966,1.5707963267948966,-2.962962962962963,-2.962962962962963,1.5707982250978532,1.5707963006677472,-2.5154288596754,-2.530534244084744,0.0002719287218355304,-1.20679045657652e-05
Y-,6.2,2.7,14.536434349000046,0.0,-0.03565579797851376,-0.3556235500066329,-1.2066564968545743e-05,-5.4459585693573774e-05,-0.18426343334339373,-2.939992675441894e-05,-0.04038636335968026,-0.3604214806744197,-0.0008603801374157466,1.7844099884914018e-07,-0.15720455974241315,0.0020752151779951282,-0.03628447233820767,-0.3499270297453815,8.889533797606995e-05,0.0,-0.2,0.0,1.5707963267948966,1.5707963267948966,-2.962962962962963,-2.962962962962963,1.5707982250978532,1.5707963006677472,-2.5154288596754,-2.530534244084744,0.0002719287218355304,-1.20679045657652e-05
Y-,6.2,2.7,14.575797008001246,0.0,-0.03565579797851376,-0.3556235500066329,-1.2066564968545743e-05,-5.4459585693573774e-05,-0.18426343334339373,-2.939992675441894e-05,-0.04038636335968026,-0.3604214806744197,-0.0008603801374157466,1.7844099884914018e-07,-0.15720455974241315,0.0020752151779951282,-0.03628447233820767,-0.3499270297453815,8.889533797606995e-05,0.0,-0.2,0.0,1.5707963267948966,1.5707963267948966,-2.962962962962963,-2.962962962962963,1.5707982250978532,1.5707963006677472,-2.5154288596754,-2.530534244084744,0.0002719287218355304,-1.20679045657652e-05
Y-,6.2,2.7,14.61717618900002,0.0,-0.03565579797851376,-0.3556235500066329,-1.2066564968545743e-05,-5.4459585693573774e-05,-0.18426343334339373,-2.939992675441894e-05,-0.04038636335968026,-0.3604214806744197,-0.0008603801374157466,1.7844099884914018e-07,-0.15720455974241315,0.0020752151779951282,-0.03628447233820767,-0.3499270297453815,8.889533797606995e-05,0.0,-0.2,0.0,1.5707963267948966,1.5707963267948966,-2.962962962962963,-2.962962962962963,1.5707982250978532,1.5707963006677472,-2.5154288596754,-2.530534244084744,0.0002719287218355304,-1.20679045657652e-05
Y-,6.2,2.7,14.646422089001135,0.0,-0.03565579069995781,-0.35803640701888206,-1.2057709638008805e-05,-5.51891235247691e-05,-0.1842157994998803,-2.8860465013879624e-05,-0.04038636335968026,-0.3604214806744197,-0.0008603801374157466,1.7844099884914018e-07,-0.15720455974241315,0.0020752151779951282,-0.03628447233820767,-0.3499270297453815,8.889533797606995e-05,0.0,-0.2,0.0,1.5707963267948966,1.5707963267948966,-2.962962962962963,-2.962962962962963,1.5707980794831853,1.5707962988540443,-2.5265474928446956,-2.5407107721166455,0.004153308658583196,-1.2061163261324683e-05
Y-,6.2,2.7,14.679314430002705,0.0,-0.03565578378439969,-0.36137534643567976,-1.2044327568415864e-05,-5.6112708254786234e-05,-0.18403365631174523,-2.8188026447415044e-05,-0.04038636335968026,-0.3604214806744197,-0.0008603801374157466,1.7844099884914018e-07,-0.15720455974241315,0.0020752151779951282,-0.03628447233820767,-0.3499270297453815,8.889533797606995e-05,0.0,-0.2,0.0,1.5707963267948966,1.5707963267948966,-2.962962962962963,-2.962962962962963,1.5707977528653458,1.5707962948404735,-2.5456866940252616,-2.5581295335673073,-0.0009261286406129466,-1.2046689242485918e-05
Y-,6.2,2.7,14.715722365999682,0.0,-0.035655780440929874,-0.36489512330457835,-1.20278087342236e-05,-5.6979898169909674e-05,-0.18371848418432113,-2.758340837716756e-05,-0.04038636335968026,-0.3604214806744197,-0.0008603801374157466,1.7844099884914018e-07,-0.15720455974241315,0.0020752151779951282,-0.03628447233820767,-0.3499270297453815,8.889533797606995e-05,0.0,-0.2,0.0,1.5707963267948966,1.5707963267948966,-2.962962962962963,-2.962962962962963,1.5707973917660185,1.570796290374239,-2.5612898447617387,-2.572198907566115,0.0014542468478931055,-1.2028750096185283e-05
Y-,6.2,2.7,14.749498561002838,0.0,-0.03565578181699008,-0.3695155862006249,-1.2001544087148618e-05,-5.7958404850155424e-05,-0.18314954945913378,-2.6991722778366156e-05,-0.04040045850103213,-0.37681188375419106,-0.0007520853094348477,6.839379353225827e-08,-0.1639040914041934,0.001082948279808989,-0.03628447233820767,-0.3499270297453815,8.889533797606998e-05,0.0,-0.2,0.0,1.5707963267948966,1.5707963267948966,-2.962962962962963,-2.962962962962963,1.5707970074766795,1.5707962855259456,-2.5739723751431494,-2.5835020846050103,-0.00236791217835849,-1.2008322347375483e-05
Y-,6.300000000000001,2.8000000000000007,14.782872121002583,0.10000000000000053,-0.03565578737155795,-0.37338466947571425,-1.1975707869551657e-05,-5.864369239527474e-05,-0.1825648324424417,-2.6705978735919742e-05,-0.04040045850103213,-0.37681188375419106,-0.0007520853094348477,5.24071902510506e-08,-0.16426556154295985,0.0010115958645096916,-0.036137623578422345,-0.3657119609961088,0.00011050040962956496,0.0,-0.2,0.0,1.5707963267948966,1.5707963267948966,-2.962962962962963,-2.962962962962963,1.5707966076740867,1.5707962803610647,-2.584252109972532,-2.5925304641545597,0.0002228757020827797,-1.1984653601756208e-05
Y-,6.300000000000001,2.8000000000000007,14.820001482999942,0.0,-0.03565578844440456,-0.37393637247233175,-1.1971779996796397e-05,-5.873166376374235e-05,-0.18247469510987677,-2.6680894022928034e-05,-0.04040045850103213,-0.37681188375419106,-0.0007520853094348477,5.24071902510506e-08,-0.16426556154295985,0.0010115958645096916,-0.036137623578422345,-0.3657119609961088,0.00011050040962956496,0.0,-0.2,0.0,1.5707963267948966,1.5707963267948966,-2.962962962962963,-2.962962962962963,1.5707966076740867,1.5707962803610647,-2.584252109972532,-2.5925304641545597,2.3313707602330105e-05,-1.1971779996796397e-05
Y-,6.300000000000001,2.8000000000000007,14.845504318000167,0.0,-0.03565578844440456,-0.37393637247233175,-1.1971779996796397e-05,-5.873166376374235e-05,-0.18247469510987677,-2.6680894022928034e-05,-0.04040045850103213,-0.37681188375419106,-0.0007520853094348477,5.24071902510506e-08,-0.16426556154295985,0.0010115958645096916,-0.036137623578422345,-0.3657119609961088,0.00011050040962956496,0.0,-0.2,0.0,1.5707963267948966,1.5707963267948966,-2.962962962962963,-2.962962962962963,1.5707966076740867,1.5707962803610647,-2.584252109972532,-2.5925304641545597,2.3313707602330105e-05,-1.1971779996796397e-05
Y-,6.300000000000001,2.8000000000000007,14.875413114001276,0.0,-0.03565578844440456,-0.37393637247233175,-1.1971779996796397e-05,-5.873166376374235e-05,-0.18247469510987677,-2.6680894022928034e-05,-0.04040045850103213,-0.37681188375419106,-0.0007520853094348477,5.24071902510506e-08,-0.16426556154295985,0.0010115958645096916,-0.036137623578422345,-0.3657119609961088,0.00011050040962956496,0.0,-0.2,0.0,1.5707963267948966,1.5707963267948966,-2.962962962962963,-2.962962962962963,1.5707966076740867,1.5707962803610647,-2.584252109972532,-2.5925304641545597,2.3313707602330105e-05,-1.1971779996796397e-05
Y-,6.300000000000001,2.8000000000000007,14.907705117002479,0.0,-0.03565578844440456,-0.37393637247233175,-1.1971779996796397e-05,-5.873166376374235e-05,-0.18247469510987677,-2.6680894022928034e-05,-0.04040045850103213,-0.37681188375419106,-0.0007520853094348477,5.24071902510506e-08,-0.16426556154295985,0.0010115958645096916,-0.036137623578422345,-0.3657119609961088,0.00011050040962956496,0.0,-0.2,0.0,1.5707963267948966,1.5707963267948966,-2.962962962962963,-2.962962962962963,1.5707966076740867,1.5707962803610647,-2.584252109972532,-2.5925304641545597,2.3313707602330105e-05,-1.1971779996796397e-05
Y-,6.300000000000001,2.8000000000000007,14.932523589999619,0.0,-0.03565578844440456,-0.37393637247233175,-1.1971779996796397e-05,-5.873166376374235e-05,-0.18247469510987677,-2.6680894022928034e-05,-0.04040045850103213,-0.37681188375419106,-0.0007520853094348477,5.24071902510506e-08,-0.16426556154295985,0.0010115958645096916,-0.036137623578422345,-0.3657119609961088,0.00011050040962956496,0.0,-0.2,0.0,1.5707963267948966,1.5707963267948966,-2.962962962962963,-2.962962962962963,1.5707966076740867,1.5707962803610647,-2.584252109972532,-2.5925304641545597,2.3313707602330105e-05,-1.1971779996796397e-05
Y-,6.300000000000001,2.8000000000000007,14.959739500001888,0.0,-0.03565578844440456,-0.37393637247233175,-1.1971779996796397e-05,-5.873166376374235e-05,-0.18247469510987677,-2.6680894022928034e-05,-0.04040045850103213,-0.37681188375419106,-0.0007520853094348477,5.24071902510506e-08,-0.16426556154295985,0.0010115958645096916,-0.036137623578422345,-0.3657119609961088,0.00011050040962956496,0.0,-0.2,0.0,1.5707963267948966,1.5707963267948966,-2.962962962962963,-2.962962962962963,1.5707966076740867,1.5707962803610647,-2.584252109972532,-2.5925304641545597,2.3313707602330105e-05,-1.1971779996796397e-05
Y-,6.300000000000001,2.8000000000000007,14.986912225002015,0.0,-0.03565578844440456,-0.37393637247233175,-1.1971779996796397e-05,-5.873166376374235e-05,-0.18247469510987677,-2.6680894022928034e-05,-0.04040045850103213,-0.37681188375419106,-0.0007520853094348477,5.24071902510506e-08,-0.16426556154295985,0.0010115958645096916,-0.036137623578422345,-0.3657119609961088,0.00011050040962956496,0.0,-0.2,0.0,1.5707963267948966,1.5707963267948966,-2.962962962962963,-2.962962962962963,1.5707966076740867,1.5707962803610647,-2.584252109972532,-2.5925304641545597,2.3313707602330105e-05,-1.1971779996796397e-05
Y-,6.300000000000001,2.8000000000000007,15.013055518000328,0.0,-0.03565578844440456,-0.37393637247233175,-1.1971779996796397e-05,-5.873166376374235e-05,-0.18247469510987677,-2.6680894022928034e-05,-0.04040045850103213,-0.37681188375419106,-0.0007520853094348477,5.24071902510506e-08,-0.16426556154295985,0.0010115958645096916,-0.036137623578422345,-0.3657119609961088,0.00011050040962956496,0.0,-0.2,0.0,1.5707963267948966,1.5707963267948966,-2.962962962962963,-2.962962962962963,1.5707966076740867,1.5707962803610647,-2.584252109972532,-2.5925304641545597,2.3313707602330105e-05,-1.1971779996796397e-05
Y-,6.300000000000001,2.8000000000000007,15.040133351001714,0.0,-0.03565578844440456,-0.37393637247233175,-1.1971779996796397e-05,-5.873166376374235e-05,-0.18247469510987677,-2.6680894022928034e-05,-0.04040045850103213,-0.37681188375419106,-0.0007520853094348477,5.24071902510506e-08,-0.16426556154295985,0.0010115958645096916,-0.036137623578422345,-0.3657119609961088,0.00011050040962956496,0.0,-0.2,0.0,1.5707963267948966,1.5707963267948966,-2.962962962962963,-2.962962962962963,1.5707966076740867,1.5707962803610647,-2.584252109972532,-2.5925304641545597,2.3313707602330105e-05,-1.1971779996796397e-05
Y-,6.300000000000001,2.8000000000000007,15.068255774000136,0.0,-0.03565578844440456,-0.37393637247233175,-1.1971779996796397e-05,-5.873166376374235e-05,-0.18247469510987677,-2.6680894022928034e-05,-0.04040045850103213,-0.37681188375419106,-0.0007520853094348477,5.24071902510506e-08,-0.16426556154295985,0.0010115958645096916,-0.036137623578422345,-0.3657119609961088,0.00011050040962956496,0.0,-0.2,0.0,1.5707963267948966,1.5707963267948966,-2.962962962962963,-2.962962962962963,1.5707966076740867,1.5707962803610647,-2.584252109972532,-2.5925304641545597,2.3313707602330105e-05,-1.1971779996796397e-05
Y-,6.300000000000001,2.8000000000000007,15.096301817000494,0.0,-0.03565578844440456,-0.37393637247233175,-1.1971779996796397e-05,-5.873166376374235e-05,-0.18247469510987677,-2.6680894022928034e-05,-0.04040045850103213,-0.37681188375419106,-0.0007520853094348477,5.24071902510506e-08,-0.16426556154295985,0.0010115958645096916,-0.036137623578422345,-0.3657119609961088,0.00011050040962956496,0.0,-0.2,0.0,1.5707963267948966,1.5707963267948966,-2.962962962962963,-2.962962962962963,1.5707966076740867,1.5707962803610647,-2.584252109972532,-2.5925304641545597,2.3313707602330105e-05,-1.1971779996796397e-05
Y-,6.300000000000001,2.8000000000000007,15.128408738000871,0.0,-0.03565578844440456,-0.37393637247233175,-1.1971779996796397e-05,-5.873166376374235e-05,-0.18247469510987677,-2.6680894022928034e-05,-0.04040045850103213,-0.37681188375419106,-0.0007520853094348477,5.24071902510506e-08,-0.16426556154295985,0.0010115958645096916,-0.036137623578422345,-0.3657119609961088,0.00011050040962956496,0.0,-0.2,0.0,1.5707963267948966,1.5707963267948966,-2.962962962962963,-2.962962962962963,1.5707966076740867,1.5707962803610647,-2.584252109972532,-2.5925304641545597,2.3313707602330105e-05,-1.1971779996796397e-05
Y-,6.300000000000001,2.8000000000000007,15.154542726002546,0.0,-0.0356557928874578,-0.3759569392960033,-1.1957047685808492e-05,-5.903409898936735e-05,-0.18213183520800466,-2.6624101508998443e-05,-0.04040045850103213,-0.37681188375419106,-0.0007520853094348477,5.24071902510506e-08,-0.16426556154295985,0.0010115958645096916,-0.036137623578422345,-0.3657119609961088,0.00011050040962956496,0.0,-0.2,0.0,1.5707963267948966,1.5707963267948966,-2.962962962962963,-2.962962962962963,1.5707964035844793,1.5707962776788582,-2.5886297106535614,-2.596323224274252,-0.0008411771610889363,-1.1958316764477482e-05
Y-,6.300000000000001,2.8000000000000007,15.189493993002543,0.0,-0.035655800996817505,-0.3788890468191418,-1.1944579081111257e-05,-5.932578630222402e-05,-0.18160221762096382,-2.6207607540001395e-05,-0.04040045850103213,-0.37681188375419106,-0.0007520853094348477,5.24071902510506e-08,-0.16426556154295985,0.0010115958645096916,-0.036137623578422345,-0.3657119609961088,0.00011050040962956496,0.0,-0.2,0.0,1.5707963267948966,1.5707963267948966,-2.962962962962963,-2.962962962962963,1.5707962255830337,1.5707962721896473,-2.5960760323255663,-2.602691913442203,-0.0002755075918116204,-1.1948622532157595e-05
Y-,6.300000000000001,2.8000000000000007,15.218103596002038,0.0,-0.03565580638317247,-0.38071724807495555,-1.1940579306270149e-05,-5.9440774061925804e-05,-0.18125506657041052,-2.5674026774859333e-05,-0.04040045850103213,-0.37681188375419106,-0.0007520853094348477,5.24071902510506e-08,-0.16426556154295985,0.0010115958645096916,-0.036137623578422345,-0.3657119609961088,0.00011050040962956496,0.0,-0.2,0.0,1.5707963267948966,1.5707963267948966,-2.962962962962963,-2.962962962962963,1.5707962268799234,1.5707962693561912,-2.599208527057324,-2.6053489130684815,-0.0017141439542773238,-1.194240210307871e-05
Y-,6.300000000000001,2.8000000000000007,15.247032577000937,0.0,-0.035655817059194544,-0.3843630537277893,-1.1936419000683637e-05,-5.966071720997031e-05,-0.18052960441830246,-2.4616913317026482e-05,-0.04040045850103213,-0.37681188375419106,-0.0007520853094348477,5.24071902510506e-08,-0.16426556154295985,0.0010115958645096916,-0.036137623578422345,-0.3657119609961088,0.00011050040962956496,0.0,-0.2,0.0,1.5707963267948966,1.5707963267948966,-2.962962962962963,-2.962962962962963,1.570796229329722,1.5707962635756045,-2.6045147993776556,-2.6097795796356955,0.0017057577774916668,-1.1936855578357806e-05
Y-,6.300000000000001,2.8000000000000007,15.28018610000072,0.0,-0.035655825014631506,-0.3870877620964241,-1.1935912628304474e-05,-5.98008960970777e-05,-0.17996265849123208,-2.372851112555191e-05,-0.040412959896371704,-0.3934323966065895,-0.0007005197418174381,-1.3494308180076004e-08,-0.16620517553964023,0.0005156556761740962,-0.036137623578422345,-0.3657119609961088,0.00011050040962956496,0.0,-0.2,0.0,1.5707963267948966,1.5707963267948966,-2.962962962962963,-2.962962962962963,1.570796231751653,1.5707962576829848,-2.608766455308538,-2.6132340934986678,0.0023234764699320266,-1.193593935351168e-05
Y-,6.4,2.9000000000000004,15.313408437999897,0.09999999999999964,-0.03565584019135591,-0.39233104617648795,-1.1939198291925674e-05,-5.999832534901829e-05,-0.17882336756034645,-2.187649665416897e-05,-0.040412959896371704,-0.3934323966065895,-0.0007005197418174381,-1.3494308180076004e-08,-0.16620517553964023,0.0005156556761740962,-0.036176399024686584,-0.39613240390146887,0.0001320129334962941,0.0,-0.2,0.0,1.5707963267948966,1.5707963267948966,-2.962962962962963,-2.962962962962963,1.570796234187843,1.5707962517201999,-2.61218592979806,-2.615916261505013,-0.001731388091804863,-1.1937901060358359e-05
Y-,6.4,2.9000000000000004,15.35137707100148,0.0,-0.03565584019135591,-0.39233104617648795,-1.1939198291925674e-05,-5.999832534901829e-05,-0.17882336756034645,-2.187649665416897e-05,-0.040412959896371704,-0.3934323966065895,-0.0007005197418174381,-1.3494308180076004e-08,-0.16620517553964023,0.0005156556761740962,-0.036176399024686584,-0.39613240390146887,0.0001320129334962941,0.0,-0.2,0.0,1.5707963267948966,1.5707963267948966,-2.962962962962963,-2.962962962962963,1.5707962354123195,1.5707962487246316,-2.6136429867848046,-2.617022617643976,-0.001731388091804863,-1.1937901060358359e-05
Y-,6.4,2.9000000000000004,15.376456469002733,0.0,-0.03565584019135591,-0.39233104617648795,-1.1939198291925674e-05,-5.999832534901829e-05,-0.17882336756034645,-2.187649665416897e-05,-0.040412959896371704,-0.3934323966065895,-0.0007005197418174381,-1.3494308180076004e-08,-0.16620517553964023,0.0005156556761740962,-0.036176399024686584,-0.39613240390146887,0.0001320129334962941,0.0,-0.2,0.0,1.5707963267948966,1.5707963267948966,-2.962962962962963,-2.962962962962963,1.5707962354123195,1.5707962487246316,-2.6136429867848046,-2.617022617643976,-0.001731388091804863,-1.1937901060358359e-05
Y-,6.4,2.9000000000000004,15.406555834000756,0.0,-0.03565584019135591,-0.39233104617648795,-1.1939198291925674e-05,-5.999832534901829e-05,-0.17882336756034645,-2.187649665416897e-05,-0.040412959896371704,-0.3934323966065895,-0.0007005197418174381,-1.3494308180076004e-08,-0.16620517553964023,0.0005156556761740962,-0.036176399024686584,-0.39613240390146887,0.0001320129334962941,0.0,-0.2,0.0,1.5707963267948966,1.5707963267948966,-2.962962962962963,-2.962962962962963,1.5707962354123195,1.5707962487246316,-2.6136429867848046,-2.617022617643976,-0.001731388091804863,-1.1937901060358359e-05
Y-,6.4,2.9000000000000004,15.433334024000942,0.0,-0.03565584019135591,-0.39233104617648795,-1.1939198291925674e-05,-5.999832534901829e-05,-0.17882336756034645,-2.187649665416897e-05,-0.040412959896371704,-0.3934323966065895,-0.0007005197418174381,-1.3494308180076004e-08,-0.16620517553964023,0.0005156556761740962,-0.036176399024686584,-0.39613240390146887,0.0001320129334962941,0.0,-0.2,0.0,1.5707963267948966,1.5707963267948966,-2.962962962962963,-2.962962962962963,1.5707962354123195,1.5707962487246316,-2.6136429867848046,-2.617022617643976,-0.001731388091804863,-1.1937901060358359e-05
Y-,6.4,2.9000000000000004,15.463805892999517,0.0,-0.03565584019135591,-0.39233104617648795,-1.1939198291925674e-05,-5.999832534901829e-05,-0.17882336756034645,-2.187649665416897e-05,-0.040412959896371704,-0.3934323966065895,-0.0007005197418174381,-1.3494308180076004e-08,-0.16620517553964023,0.0005156556761740962,-0.036176399024686584,-0.39613240390146887,0.0001320129334962941,0.0,-0.2,0.0,1.5707963267948966,1.5707963267948966,-2.962962962962963,-2.962962962962963,1.5707962354123195,1.5707962487246316,-2.6136429867848046,-2.617022617643976,-0.001731388091804863,-1.1937901060358359e-05
Y-,6.4,2.9000000000000004,15.49309225700199,0.0,-0.03565584019135591,-0.39233104617648795,-1.1939198291925674e-05,-5.999832534901829e-05,-0.17882336756034645,-2.187649665416897e-05,-0.040412959896371704,-0.3934323966065895,-0.0007005197418174381,-1.3494308180076004e-08,-0.16620517553964023,0.0005156556761740962,-0.036176399024686584,-0.39613240390146887,0.0001320129334962941,0.0,-0.2,0.0,1.5707963267948966,1.5707963267948966,-2.962962962962963,-2.962962962962963,1.5707962354123195,1.5707962487246316,-2.6136429867848046,-2.617022617643976,-0.001731388091804863,-1.1937901060358359e-05
Y-,6.4,2.9000000000000004,15.519619083999714,0.0,-0.03565584019135591,-0.39233104617648795,-1.1939198291925674e-05,-5.999832534901829e-05,-0.17882336756034645,-2.187649665416897e-05,-0.040412959896371704,-0.3934323966065895,-0.0007005197418174381,-1.3494308180076004e-08,-0.16620517553964023,0.0005156556761740962,-0.036176399024686584,-0.39613240390146887,0.0001320129334962941,0.0,-0.2,0.0,1.5707963267948966,1.5707963267948966,-2.962962962962963,-2.962962962962963,1.5707962354123195,1.5707962487246316,-2.6136429867848046,-2.617022617643976,-0.001731388091804863,-1.1937901060358359e-05
Y-,6.4,2.9000000000000004,15.546596776002843,0.0,-0.03565584019135591,-0.39233104617648795,-1.1939198291925674e-05,-5.999832534901829e-05,-0.17882336756034645,-2.187649665416897e-05,-0.040412959896371704,-0.3934323966065895,-0.0007005197418174381,-1.3494308180076004e-08,-0.16620517553964023,0.0005156556761740962,-0.036176399024686584,-0.39613240390146887,0.0001320129334962941,0.0,-0.2,0.0,1.5707963267948966,1.5707963267948966,-2.962962962962963,-2.962962962962963,1.5707962354123195,1.5707962487246316,-2.6136429867848046,-2.617022617643976,-0.001731388091804863,-1.1937901060358359e-05
Y-,6.4,2.9000000000000004,15.572592742999404,0.0,-0.03565584019135591,-0.39233104617648795,-1.1939198291925674e-05,-5.999832534901829e-05,-0.17882336756034645,-2.187649665416897e-05,-0.040412959896371704,-0.3934323966065895,-0.0007005197418174381,-1.3494308180076004e-08,-0.16620517553964023,0.0005156556761740962,-0.036176399024686584,-0.39613240390146887,0.0001320129334962941,0.0,-0.2,0.0,1.5707963267948966,1.5707963267948966,-2.962962962962963,-2.962962962962963,1.5707962354123195,1.5707962487246316,-2.6136429867848046,-2.617022617643976,-0.001731388091804863,-1.1937901060358359e-05
Y-,6.4,2.9000000000000004,15.601437788001931,0.0,-0.03565584019135591,-0.39233104617648795,-1.1939198291925674e-05,-5.999832534901829e-05,-0.17882336756034645,-2.187649665416897e-05,-0.040412959896371704,-0.3934323966065895,-0.0007005197418174381,-1.3494308180076004e-08,-0.16620517553964023,0.0005156556761740962,-0.036176399024686584,-0.39613240390146887,0.0001320129334962941,0.0,-0.2,0.0,1.5707963267948966,1.5707963267948966,-2.962962962962963,-2.962962962962963,1.5707962354123195,1.5707962487246316,-2.6136429867848046,-2.617022617643976,-0.001731388091804863,-1.1937901060358359e-05
Y-,6.4,2.9000000000000004,15.63567608700032,0.0,-0.03565584019135591,-0.39233104617648795,-1.1939198291925674e-05,-5.999832534901829e-05,-0.17882336756034645,-2.187649665416897e-05,-0.040412959896371704,-0.3934323966065895,-0.0007005197418174381,-1.3494308180076004e-08,-0.16620517553964023,0.0005156556761740962,-0.036176399024686584,-0.39613240390146887,0.0001320129334962941,0.0,-0.2,0.0,1.5707963267948966,1.5707963267948966,-2.962962962962963,-2.962962962962963,1.5707962354123195,1.5707962487246316,-2.6136429867848046,-2.617022617643976,-0.001731388091804863,-1.1937901060358359e-05
Y-,6.4,2.9000000000000004,15.665227121000498,0.0,-0.035655844307882274,-0.3937716309246664,-1.1940129242772552e-05,-6.00465589728787e-05,-0.17850094025891028,-2.0983180833456054e-05,-0.040412959896371704,-0.3934323966065895,-0.0007005197418174381,-1.3494308180076004e-08,-0.16620517553964023,0.0005156556761740962,-0.036176399024686584,-0.39613240390146887,0.0001320129334962941,0.0,-0.2,0.0,1.5707963267948966,1.5707963267948966,-2.962962962962963,-2.962962962962963,1.5707962354123195,1.5707962487246316,-2.6136429867848046,-2.617022617643976,-0.0015591668207041401,-1.1939563521375414e-05
Y-,6.4,2.9000000000000004,15.701213808999455,0.0,-0.035655852992470066,-0.3968242950549283,-1.1939306519994838e-05,-6.014478088630321e-05,-0.17780563288201773,-1.9780017517920075e-05,-0.040412959896371704,-0.3934323966065895,-0.0007005197418174381,-1.3494308180076004e-08,-0.16620517553964023,0.0005156556761740962,-0.036176399024686584,-0.39613240390146887,0.0001320129334962941,0.0,-0.2,0.0,1.5707963267948966,1.5707963267948966,-2.962962962962963,-2.962962962962963,1.5707962378683824,1.570796242726452,-2.616148014686704,-2.6189425132398947,-0.0029263735922082953,-1.1939306519994838e-05
Y-,6.4,2.9000000000000004,15.7524527400019,0.0,-0.035655860978069595,-0.39968656968924715,-1.194161416741926e-05,-6.0169062539867856e-05,-0.177139908684103,-1.849219553923719e-05,-0.040412959896371704,-0.3934323966065895,-0.0007005197418174381,-1.3494308180076004e-08,-0.16620517553964023,0.0005156556761740962,-0.036176399024686584,-0.39613240390146887,0.0001320129334962941,0.0,-0.2,0.0,1.5707963267948966,1.5707963267948966,-2.962962962962963,-2.962962962962963,1.5707962403363984,1.5707962367542327,-2.6182128802080635,-2.6205034806707217,0.0016109408067164555,-1.194103217465796e-05
Y-,6.4,2.9000000000000004,15.779996659999597,0.0,-0.03565587187104252,-0.4037823773048039,-1.1941921683216197e-05,-6.01573587805123e-05,-0.17616677396373343,-1.6571506600138576e-05,-0.040412959896371704,-0.3934323966065895,-0.0007005197418174381,-1.3494308180076004e-08,-0.16620517553964023,0.0005156556761740962,-0.036176399024686584,-0.39613240390146887,0.0001320129334962941,0.0,-0.2,0.0,1.5707963267948966,1.5707963267948966,-2.962962962962963,-2.962962962962963,1.5707962428066855,1.5707962308382717,-2.619961065276547,-2.621765219355141,0.001227782212650241,-1.194181735668013e-05
Y-,6.4,2.9000000000000004,15.809973098999762,0.0,-0.035655878967024955,-0.4064414927116914,-1.1941212303330687e-05,-6.0109800162385e-05,-0.17552318846267617,-1.5528464117075668e-05,-0.04042465650331789,-0.41012729072576304,-0.0006813683205487014,-1.502114747801606e-08,-0.16694898216551862,0.00019151421268736682,-0.03628644744554322,-0.4169419908617922,0.0003166725941719091,0.0,-0.2,0.0,1.5707963267948966,1.5707963267948966,-2.962962962962963,-2.962962962962963,1.570796244040797,1.5707962279139016,-2.6207529210799247,-2.6223173776537863,4.906114081008085e-06,-1.1941916261336907e-05
Y-,6.5,3.0,15.844513645002735,0.09999999999999964,-0.035655887338907316,-0.41014803198295985,-1.1920622738944814e-05,-6.0005741573351384e-05,-0.17461151532973196,-1.538461402235302e-05,-0.04042465650331789,-0.41012729072576304,-0.0006813683205487014,-1.502114747801606e-08,-0.16694898216551862,0.00019151421268736682,-0.03628644744554322,-0.4169419908617922,0.0003166725941719091,0.0,-0.2,0.0,1.5707963267948966,1.5707963267948966,-2.962962962962963,-2.962962962962963,1.57079560942476,1.5707962193309077,-2.623050972329415,-2.6238000210262125,-0.0007401416321627815,-1.1920622738944814e-05
Y-,6.5,3.0,15.87134388800041,0.0,-0.035655887338907316,-0.41014803198295985,-1.1920622738944814e-05,-6.0005741573351384e-05,-0.17461151532973196,-1.538461402235302e-05,-0.04042465650331789,-0.41012729072576304,-0.0006813683205487014,-1.502114747801606e-08,-0.16694898216551862,0.00019151421268736682,-0.03628644744554322,-0.4169419908617922,0.0003166725941719091,0.0,-0.2,0.0,1.5707963267948966,1.5707963267948966,-2.962962962962963,-2.962962962962963,1.57079560942476,1.5707962193309077,-2.623050972329415,-2.6238000210262125,-0.0007401416321627815,-1.1920622738944814e-05
Y-,6.5,3.0,15.89740134100066,0.0,-0.035655887338907316,-0.41014803198295985,-1.1920622738944814e-05,-6.0005741573351384e-05,-0.17461151532973196,-1.538461402235302e-05,-0.04042465650331789,-0.41012729072576304,-0.0006813683205487014,-1.502114747801606e-08,-0.16694898216551862,0.00019151421268736682,-0.03628644744554322,-0.4169419908617922,0.0003166725941719091,0.0,-0.2,0.0,1.5707963267948966,1.5707963267948966,-2.962962962962963,-2.962962962962963,1.57079560942476,1.5707962193309077,-2.623050972329415,-2.6238000210262125,-0.0007401416321627815,-1.1920622738944814e-05
Y-,6.5,3.0,15.927124349000223,0.0,-0.035655887338907316,-0.41014803198295985,-1.1920622738944814e-05,-6.0005741573351384e-05,-0.17461151532973196,-1.538461402235302e-05,-0.04042465650331789,-0.41012729072576304,-0.0006813683205487014,-1.502114747801606e-08,-0.16694898216551862,0.00019151421268736682,-0.03628644744554322,-0.4169419908617922,0.0003166725941719091,0.0,-0.2,0.0,1.5707963267948966,1.5707963267948966,-2.962962962962963,-2.962962962962963,1.57079560942476,1.5707962193309077,-2.623050972329415,-2.6238000210262125,-0.0007401416321627815,-1.1920622738944814e-05
Y-,6.5,3.0,15.956091433999973,0.0,-0.035655887338907316,-0.41014803198295985,-1.1920622738944814e-05,-6.0005741573351384e-05,-0.17461151532973196,-1.538461402235302e-05,-0.04042465650331789,-0.41012729072576304,-0.0006813683205487014,-1.502114747801606e-08,-0.16694898216551862,0.00019151421268736682,-0.03628644744554322,-0.4169419908617922,0.0003166725941719091,0.0,-0.2,0.0,1.5707963267948966,1.5707963267948966,-2.962962962962963,-2.962962962962963,1.57079560942476,1.5707962193309077,-2.623050972329415,-2.6238000210262125,-0.0007401416321627815,-1.1920622738944814e-05
Y-,6.5,3.0,15.984603835000598,0.0,-0.035655887338907316,-0.41014803198295985,-1.1920622738944814e-05,-6.0005741573351384e-05,-0.17461151532973196,-1.538461402235302e-05,-0.04042465650331789,-0.41012729072576304,-0.0006813683205487014,-1.502114747801606e-08,-0.16694898216551862,0.00019151421268736682,-0.03628644744554322,-0.4169419908617922,0.0003166725941719091,0.0,-0.2,0.0,1.5707963267948966,1.5707963267948966,-2.962962962962963,-2.962962962962963,1.57079560942476,1.5707962193309077,-2.623050972329415,-2.6238000210262125,-0.0007401416321627815,-1.1920622738944814e-05
Y-,6.5,3.0,16.008820046001347,0.0,-0.035655887338907316,-0.41014803198295985,-1.1920622738944814e-05,-6.0005741573351384e-05,-0.17461151532973196,-1.538461402235302e-05,-0.04042465650331789,-0.41012729072576304,-0.0006813683205487014,-1.502114747801606e-08,-0.16694898216551862,0.00019151421268736682,-0.03628644744554322,-0.4169419908617922,0.0003166725941719091,0.0,-0.2,0.0,1.5707963267948966,1.5707963267948966,-2.962962962962963,-2.962962962962963,1.57079560942476,1.5707962193309077,-2.623050972329415,-2.6238000210262125,-0.0007401416321627815,-1.1920622738944814e-05
Y-,6.5,3.0,16.034219813001982,0.0,-0.035655887338907316,-0.41014803198295985,-1.1920622738944814e-05,-6.0005741573351384e-05,-0.17461151532973196,-1.538461402235302e-05,-0.04042465650331789,-0.41012729072576304,-0.0006813683205487014,-1.502114747801606e-08,-0.16694898216551862,0.00019151421268736682,-0.03628644744554322,-0.4169419908617922,0.0003166725941719091,0.0,-0.2,0.0,1.5707963267948966,1.5707963267948966,-2.962962962962963,-2.962962962962963,1.57079560942476,1.5707962193309077,-2.623050972329415,-2.6238000210262125,-0.0007401416321627815,-1.1920622738944814e-05
Y-,6.5,3.0,16.063623065001593,0.0,-0.035655887338907316,-0.41014803198295985,-1.1920622738944814e-05,-6.0005741573351384e-05,-0.17461151532973196,-1.538461402235302e-05,-0.04042465650331789,-0.41012729072576304,-0.0006813683205487014,-1.502114747801606e-08,-0.16694898216551862,0.00019151421268736682,-0.03628644744554322,-0.4169419908617922,0.0003166725941719091,0.0,-0.2,0.0,1.5707963267948966,1.5707963267948966,-2.962962962962963,-2.962962962962963,1.57079560942476,1.5707962193309077,-2.623050972329415,-2.6238000210262125,-0.0007401416321627815,-1.1920622738944814e-05
Y-,6.5,3.0,16.090156638001645,0.0,-0.035655887338907316,-0.41014803198295985,-1.1920622738944814e-05,-6.0005741573351384e-05,-0.17461151532973196,-1.538461402235302e-05,-0.04042465650331789,-0.41012729072576304,-0.0006813683205487014,-1.502114747801606e-08,-0.16694898216551862,0.00019151421268736682,-0.03628644744554322,-0.4169419908617922,0.0003166725941719091,0.0,-0.2,0.0,1.5707963267948966,1.5707963267948966,-2.962962962962963,-2.962962962962963,1.57079560942476,1.5707962193309077,-2.623050972329415,-2.6238000210262125,-0.0007401416321627815,-1.1920622738944814e-05
Y-,6.5,3.0,16.117354411002452,0.0,-0.035655887338907316,-0.41014803198295985,-1.1920622738944814e-05,-6.0005741573351384e-05,-0.17461151532973196,-1.538461402235302e-05,-0.04042465650331789,-0.41012729072576304,-0.0006813683205487014,-1.502114747801606e-08,-0.16694898216551862,0.00019151421268736682,-0.03628644744554322,-0.4169419908617922,0.0003166725941719091,0.0,-0.2,0.0,1.5707963267948966,1.5707963267948966,-2.962962962962963,-2.962962962962963,1.57079560942476,1.5707962193309077,-2.623050972329415,-2.6238000210262125,-0.0007401416321627815,-1.1920622738944814e-05
Y-,6.5,3.0,16.14858773600281,0.0,-0.03565588893408344,-0.41102772718454195,-1.1914968146594545e-05,-5.996667549170753e-05,-0.1743926897012046,-1.5539511933887356e-05,-0.04042465650331789,-0.41012729072576304,-0.0006813683205487014,-1.502114747801606e-08,-0.16694898216551862,0.00019151421268736682,-0.03628644744554322,-0.4169419908617922,0.0003166725941719091,0.0,-0.2,0.0,1.5707963267948966,1.5707963267948966,-2.962962962962963,-2.962962962962963,1.57079560942476,1.5707962193309077,-2.623050972329415,-2.6238000210262125,-0.0007401416321627815,-1.1920622738944814e-05
Y-,6.5,3.0,16.179862034001417,0.0,-0.03565589250446211,-0.41366026363276603,-1.1899022369664427e-05,-5.9818747122365956e-05,-0.1737321798601414,-1.59137647063812e-05,-0.04042465650331789,-0.41012729072576304,-0.0006813683205487014,-1.502114747801606e-08,-0.16694898216551862,0.00019151421268736682,-0.03628644744554322,-0.4169419908617922,0.0003166725941719091,0.0,-0.2,0.0,1.5707963267948966,1.5707963267948966,-2.962962962962963,-2.962962962962963,1.5707953732535893,1.5707962165396951,-2.623823637688397,-2.6242721813014764,-3.122049016746101e-05,-1.1899022369664427e-05
Y-,6.5,3.0,16.20807226100078,0.0,-0.03565589387893046,-0.41698059368548906,-1.1881719995270474e-05,-5.9579439365029974e-05,-0.17288661207677633,-1.6461027620660273e-05,-0.04042465650331789,-0.41012729072576304,-0.0006813683205487014,-1.502114747801606e-08,-0.16694898216551862,0.00019151421268736682,-0.03628644744554322,-0.4169419908617922,0.0003166725941719091,0.0,-0.2,0.0,1.5707963267948966,1.5707963267948966,-2.962962962962963,-2.962962962962963,1.5707949032629793,1.5707962110873224,-2.6253950479038166,-2.62524490447365,0.0030623506946196094,-1.188929051114084e-05
Y-,6.5,3.0,16.237743506000697,0.0,-0.03565589156009509,-0.4199378006946791,-1.1871726027085801e-05,-5.932499080912545e-05,-0.17212102105502336,-1.705314467272741e-05,-0.04042465650331789,-0.41012729072576304,-0.0006813683205487014,-1.502114747801606e-08,-0.16694898216551862,0.00019151421268736682,-0.03628644744554322,-0.4169419908617922,0.0003166725941719091,0.0,-0.2,0.0,1.5707963267948966,1.5707963267948966,-2.962962962962963,-2.962962962962963,1.570794430105063,1.570796205834541,-2.6270585882158124,-2.6263132720399693,-0.0010209983772284047,-1.1874559559163312e-05
Y-,6.5,3.0,16.266114166999614,0.0,-0.03565588673723181,-0.4223633829267719,-1.1868269382575246e-05,-5.9086605488303616e-05,-0.17148350851060942,-1.755509327474195e-05,-0.0404360792609992,-0.42686398458458874,-0.0006924208580996263,-1.8902926000143366e-07,-0.16736697756818375,-0.00011052537550924938,-0.03628644744554322,-0.4169419908617922,0.0003166725941719091,0.0,-0.2,0.0,1.5707963267948966,1.5707963267948966,-2.962962962962963,-2.962962962962963,1.5707939528589465,1.5707962008130352,-2.628880456879301,-2.6275445892563876,0.0008919724013838537,-1.1870278209763639e-05
Y-,6.6000000000000005,3.1000000000000005,16.303307628000766,0.10000000000000053,-0.03565587311701793,-0.42615695507364504,-1.187245956949898e-05,-5.8661718297447156e-05,-0.17046721762420336,-1.8345229291912925e-05,-0.0404360792609992,-0.42686398458458874,-0.0006924208580996263,-1.8902926000143366e-07,-0.16736697756818375,-0.00011052537550924938,-0.03615600331332539,-0.42949414181722334,8.993102730037198e-05,0.0,-0.2,0.0,1.5707963267948966,1.5707963267948966,-2.962962962962963,-2.962962962962963,1.5707934713756808,1.570796196056695,-2.6309252721420155,-2.629003711399336,-0.002199525955636381,-1.187245956949898e-05
Y-,6.6000000000000005,3.1000000000000005,16.332659111001703,0.0,-0.03565586709472458,-0.42735931750810247,-1.1876468051695349e-05,-5.8492729111044375e-05,-0.17009275196857654,-1.8631096195263382e-05,-0.0404360792609992,-0.42686398458458874,-0.0006924208580996263,-1.8902926000143366e-07,-0.16736697756818375,-0.00011052537550924938,-0.03615600331332539,-0.42949414181722334,8.993102730037198e-05,0.0,-0.2,0.0,1.5707963267948966,1.5707963267948966,-2.962962962962963,-2.962962962962963,1.5707934713756808,1.570796196056695,-2.6309252721420155,-2.629003711399336,-0.002199525955636381,-1.187245956949898e-05
Y-,6.6000000000000005,3.1000000000000005,16.361655479002366,0.0,-0.03565586709472458,-0.42735931750810247,-1.1876468051695349e-05,-5.8492729111044375e-05,-0.17009275196857654,-1.8631096195263382e-05,-0.0404360792609992,-0.42686398458458874,-0.0006924208580996263,-1.8902926000143366e-07,-0.16736697756818375,-0.00011052537550924938,-0.03615600331332539,-0.42949414181722334,8.993102730037198e-05,0.0,-0.2,0.0,1.5707963267948966,1.5707963267948966,-2.962962962962963,-2.962962962962963,1.5707934713756808,1.570796196056695,-2.6309252721420155,-2.629003711399336,-0.002199525955636381,-1.187245956949898e-05
Y-,6.6000000000000005,3.1000000000000005,16.396509653000976,0.0,-0.03565586709472458,-0.42735931750810247,-1.1876468051695349e-05,-5.8492729111044375e-05,-0.17009275196857654,-1.8631096195263382e-05,-0.0404360792609992,-0.42686398458458874,-0.0006924208580996263,-1.8902926000143366e-07,-0.16736697756818375,-0.00011052537550924938,-0.03615600331332539,-0.42949414181722334,8.993102730037198e-05,0.0,-0.2,0.0,1.5707963267948966,1.5707963267948966,-2.962962962962963,-2.962962962962963,1.5707934713756808,1.570796196056695,-2.6309252721420155,-2.629003711399336,-0.002199525955636381,-1.187245956949898e-05
Y-,6.6000000000000005,3.1000000000000005,16.422829661001742,0.0,-0.03565586709472458,-0.42735931750810247,-1.1876468051695349e-05,-5.8492729111044375e-05,-0.17009275196857654,-1.8631096195263382e-05,-0.0404360792609992,-0.42686398458458874,-0.0006924208580996263,-1.8902926000143366e-07,-0.16736697756818375,-0.00011052537550924938,-0.03615600331332539,-0.42949414181722334,8.993102730037198e-05,0.0,-0.2,0.0,1.5707963267948966,1.5707963267948966,-2.962962962962963,-2.962962962962963,1.5707934713756808,1.570796196056695,-2.6309252721420155,-2.629003711399336,-0.002199525955636381,-1.187245956949898e-05
Y-,6.6000000000000005,3.1000000000000005,16.45427163200293,0.0,-0.03565586709472458,-0.42735931750810247,-1.1876468051695349e-05,-5.8492729111044375e-05,-0.17009275196857654,-1.8631096195263382e-05,-0.0404360792609992,-0.42686398458458874,-0.0006924208580996263,-1.8902926000143366e-07,-0.16736697756818375,-0.00011052537550924938,-0.03615600331332539,-0.42949414181722334,8.993102730037198e-05,0.0,-0.2,0.0,1.5707963267948966,1.5707963267948966,-2.962962962962963,-2.962962962962963,1.5707934713756808,1.570796196056695,-2.6309252721420155,-2.629003711399336,-0.002199525955636381,-1.187245956949898e-05
Y-,6.6000000000000005,3.1000000000000005,16.482443029002752,0.0,-0.03565586709472458,-0.42735931750810247,-1.1876468051695349e-05,-5.8492729111044375e-05,-0.17009275196857654,-1.8631096195263382e-05,-0.0404360792609992,-0.42686398458458874,-0.0006924208580996263,-1.8902926000143366e-07,-0.16736697756818375,-0.00011052537550924938,-0.03615600331332539,-0.42949414181722334,8.993102730037198e-05,0.0,-0.2,0.0,1.5707963267948966,1.5707963267948966,-2.962962962962963,-2.962962962962963,1.5707934713756808,1.570796196056695,-2.6309252721420155,-2.629003711399336,-0.002199525955636381,-1.187245956949898e-05
Y-,6.6000000000000005,3.1000000000000005,16.511448774999735,0.0,-0.03565586709472458,-0.42735931750810247,-1.1876468051695349e-05,-5.8492729111044375e-05,-0.17009275196857654,-1.8631096195263382e-05,-0.0404360792609992,-0.42686398458458874,-0.0006924208580996263,-1.8902926000143366e-07,-0.16736697756818375,-0.00011052537550924938,-0.03615600331332539,-0.42949414181722334,8.993102730037198e-05,0.0,-0.2,0.0,1.5707963267948966,1.5707963267948966,-2.962962962962963,-2.962962962962963,1.5707934713756808,1.570796196056695,-2.6309252721420155,-2.629003711399336,-0.002199525955636381,-1.187245956949898e-05
Y-,6.6000000000000005,3.1000000000000005,16.545362463002675,0.0,-0.03565586709472458,-0.42735931750810247,-1.1876468051695349e-05,-5.8492729111044375e-05,-0.17009275196857654,-1.8631096195263382e-05,-0.0404360792609992,-0.42686398458458874,-0.0006924208580996263,-1.8902926000143366e-07,-0.16736697756818375,-0.00011052537550924938,-0.03615600331332539,-0.42949414181722334,8.993102730037198e-05,0.0,-0.2,0.0,1.5707963267948966,1.5707963267948966,-2.962962962962963,-2.962962962962963,1.5707934713756808,1.570796196056695,-2.6309252721420155,-2.629003711399336,-0.002199525955636381,-1.187245956949898e-05
Y-,6.6000000000000005,3.1000000000000005,16.576334863002558,0.0,-0.03565586709472458,-0.42735931750810247,-1.1876468051695349e-05,-5.8492729111044375e-05,-0.17009275196857654,-1.8631096195263382e-05,-0.0404360792609992,-0.42686398458458874,-0.0006924208580996263,-1.8902926000143366e-07,-0.16736697756818375,-0.00011052537550924938,-0.03615600331332539,-0.42949414181722334,8.993102730037198e-05,0.0,-0.2,0.0,1.5707963267948966,1.5707963267948966,-2.962962962962963,-2.962962962962963,1.5707934713756808,1.570796196056695,-2.6309252721420155,-2.629003711399336,-0.002199525955636381,-1.187245956949898e-05
Y-,6.6000000000000005,3.1000000000000005,16.603456586999528,0.0,-0.03565586709472458,-0.42735931750810247,-1.1876468051695349e-05,-5.8492729111044375e-05,-0.17009275196857654,-1.8631096195263382e-05,-0.0404360792609992,-0.42686398458458874,-0.0006924208580996263,-1.8902926000143366e-07,-0.16736697756818375,-0.00011052537550924938,-0.03615600331332539,-0.42949414181722334,8.993102730037198e-05,0.0,-0.2,0.0,1.5707963267948966,1.5707963267948966,-2.962962962962963,-2.962962962962963,1.5707934713756808,1.570796196056695,-2.6309252721420155,-2.629003711399336,-0.002199525955636381,-1.187245956949898e-05
Y-,6.6000000000000005,3.1000000000000005,16.632824238000467,0.0,-0.03565586709472458,-0.42735931750810247,-1.1876468051695349e-05,-5.8492729111044375e-05,-0.17009275196857654,-1.8631096195263382e-05,-0.0404360792609992,-0.42686398458458874,-0.0006924208580996263,-1.8902926000143366e-07,-0.16736697756818375,-0.00011052537550924938,-0.03615600331332539,-0.42949414181722334,8.993102730037198e-05,0.0,-0.2,0.0,1.5707963267948966,1.5707963267948966,-2.962962962962963,-2.962962962962963,1.5707934713756808,1.570796196056695,-2.6309252721420155,-2.629003711399336,-0.002199525955636381,-1.187245956949898e-05
Y-,6.6000000000000005,3.1000000000000005,16.661310265000793,0.0,-0.03565586709472458,-0.42735931750810247,-1.1876468051695349e-05,-5.8492729111044375e-05,-0.17009275196857654,-1.8631096195263382e-05,-0.0404360792609992,-0.42686398458458874,-0.0006924208580996263,-1.8902926000143366e-07,-0.16736697756818375,-0.00011052537550924938,-0.03615600331332539,-0.42949414181722334,8.993102730037198e-05,0.0,-0.2,0.0,1.5707963267948966,1.5707963267948966,-2.962962962962963,-2.962962962962963,1.5707934713756808,1.570796196056695,-2.6309252721420155,-2.629003711399336,-0.002199525955636381,-1.187245956949898e-05
Y-,6.6000000000000005,3.1000000000000005,16.6907679979995,0.0,-0.03565585358839309,-0.42958620143897325,-1.1887566152675983e-05,-5.8225738947609515e-05,-0.16952556988722634,-1.904905702195793e-05,-0.0404360792609992,-0.42686398458458874,-0.0006924208580996263,-1.8902926000143366e-07,-0.16736697756818375,-0.00011052537550924938,-0.03615600331332539,-0.42949414181722334,8.993102730037198e-05,0.0,-0.2,0.0,1.5707963267948966,1.5707963267948966,-2.962962962962963,-2.962962962962963,1.5707929858436165,1.5707961916027005,-2.633258077477329,-2.630755436776449,0.00213698046652256,-1.187860224796465e-05
Y-,6.6000000000000005,3.1000000000000005,16.7273335150021,0.0,-0.03565581526541675,-0.4341856239629538,-1.1926608029847915e-05,-5.757175530764939e-05,-0.16822197029596225,-1.992018477839297e-05,-0.0404360792609992,-0.42686398458458874,-0.0006924208580996263,-1.8902926000143366e-07,-0.16736697756818375,-0.00011052537550924938,-0.03615600331332539,-0.42949414181722334,8.993102730037198e-05,0.0,-0.2,0.0,1.5707963267948966,1.5707963267948966,-2.962962962962963,-2.962962962962963,1.5707924973973926,1.570796187491772,-2.635946128339594,-2.632867078911999,0.0014402229921470808,-1.1916002244467472e-05
Y-,6.6000000000000005,3.1000000000000005,16.753359449001437,0.0,-0.03565577948895899,-0.43740102344105586,-1.196811020129011e-05,-5.707336107849393e-05,-0.16727781670241473,-2.051765455461583e-05,-0.0404360792609992,-0.42686398458458874,-0.0006924208580996263,-1.8902926000143366e-07,-0.16736697756818375,-0.00011052537550924938,-0.03615600331332539,-0.42949414181722334,8.993102730037198e-05,0.0,-0.2,0.0,1.5707963267948966,1.5707963267948966,-2.962962962962963,-2.962962962962963,1.570792007680149,1.570796183770243,-2.6390620904054867,-2.635410582769742,-0.004135742064779951,-1.195604827828283e-05
Y-,6.6000000000000005,3.1000000000000005,16.789308130999416,0.0,-0.03565574349299466,-0.4400947478276449,-1.2012001786545637e-05,-5.6634432580464044e-05,-0.16646233394809523,-2.0921244051495347e-05,-0.0404477580352167,-0.4436733725264349,-0.0007342044974750615,-3.960152505768283e-07,-0.1680939199887021,-0.0004178363937543506,-0.03612529818449597,-0.447496409515433,-3.5551040231673745e-05,0.0,-0.2,0.0,1.5707963267948966,1.5707963267948966,-2.962962962962963,-2.962962962962963,1.570791518822226,1.5707961804854724,-2.6426860236975487,-2.638466094357114,0.0021506628282559836,-1.2012001786545637e-05
Y-,6.7,3.2,16.82604590000119,0.09999999999999964,-0.03565568513879873,-0.4437771316995795,-1.2085327230576176e-05,-5.6011176204951566e-05,-0.16530531511814403,-2.1277347267787368e-05,-0.0404477580352167,-0.4436733725264349,-0.0007342044974750615,-3.960152505768283e-07,-0.1680939199887021,-0.0004178363937543506,-0.03612529818449597,-0.447496409515433,-3.5551040231673745e-05,0.0,-0.2,0.0,1.5707963267948966,1.5707963267948966,-2.962962962962963,-2.962962962962963,1.5707910335519442,1.5707961776913013,-2.6469093661485736,-2.642124731124524,-0.003349826041378535,-1.2078067313241551e-05
Y-,6.7,3.2,16.85451339700012,0.0,-0.0356556674592854,-0.44477699129018133,-1.2107732897148077e-05,-5.583851342238165e-05,-0.16498165760260208,-2.1315654418398556e-05,-0.0404477580352167,-0.4436733725264349,-0.0007342044974750615,-3.960152505768283e-07,-0.1680939199887021,-0.0004178363937543506,-0.03612529818449597,-0.447496409515433,-3.5551040231673745e-05,0.0,-0.2,0.0,1.5707963267948966,1.5707963267948966,-2.962962962962963,-2.962962962962963,1.5707907932067506,1.5707961764985203,-2.649278318024003,-2.644212760989705,-0.003349826041378535,-1.2078067313241551e-05
Y-,6.7,3.2,16.88375561400244,0.0,-0.0356556674592854,-0.44477699129018133,-1.2107732897148077e-05,-5.583851342238165e-05,-0.16498165760260208,-2.1315654418398556e-05,-0.0404477580352167,-0.4436733725264349,-0.0007342044974750615,-3.960152505768283e-07,-0.1680939199887021,-0.0004178363937543506,-0.03612529818449597,-0.447496409515433,-3.5551040231673745e-05,0.0,-0.2,0.0,1.5707963267948966,1.5707963267948966,-2.962962962962963,-2.962962962962963,1.5707907932067506,1.5707961764985203,-2.649278318024003,-2.644212760989705,-0.003349826041378535,-1.2078067313241551e-05
Y-,6.7,3.2,16.910296262001793,0.0,-0.0356556674592854,-0.44477699129018133,-1.2107732897148077e-05,-5.583851342238165e-05,-0.16498165760260208,-2.1315654418398556e-05,-0.0404477580352167,-0.4436733725264349,-0.0007342044974750615,-3.960152505768283e-07,-0.1680939199887021,-0.0004178363937543506,-0.03612529818449597,-0.447496409515433,-3.5551040231673745e-05,0.0,-0.2,0.0,1.5707963267948966,1.5707963267948966,-2.962962962962963,-2.962962962962963,1.5707907932067506,1.5707961764985203,-2.649278318024003,-2.644212760989705,-0.003349826041378535,-1.2078067313241551e-05
Y-,6.7,3.2,16.936541003000457,0.0,-0.0356556674592854,-0.44477699129018133,-1.2107732897148077e-05,-5.583851342238165e-05,-0.16498165760260208,-2.1315654418398556e-05,-0.0404477580352167,-0.4436733725264349,-0.0007342044974750615,-3.960152505768283e-07,-0.1680939199887021,-0.0004178363937543506,-0.03612529818449597,-0.447496409515433,-3.5551040231673745e-05,0.0,-0.2,0.0,1.5707963267948966,1.5707963267948966,-2.962962962962963,-2.962962962962963,1.5707907932067506,1.5707961764985203,-2.649278318024003,-2.644212760989705,-0.003349826041378535,-1.2078067313241551e-05
Y-,6.7,3.2,16.968371138002112,0.0,-0.0356556674592854,-0.44477699129018133,-1.2107732897148077e-05,-5.583851342238165e-05,-0.16498165760260208,-2.1315654418398556e-05,-0.0404477580352167,-0.4436733725264349,-0.0007342044974750615,-3.960152505768283e-07,-0.1680939199887021,-0.0004178363937543506,-0.03612529818449597,-0.447496409515433,-3.5551040231673745e-05,0.0,-0.2,0.0,1.5707963267948966,1.5707963267948966,-2.962962962962963,-2.962962962962963,1.5707907932067506,1.5707961764985203,-2.649278318024003,-2.644212760989705,-0.003349826041378535,-1.2078067313241551e-05
Y-,6.7,3.2,16.99659613500262,0.0,-0.0356556674592854,-0.44477699129018133,-1.2107732897148077e-05,-5.583851342238165e-05,-0.16498165760260208,-2.1315654418398556e-05,-0.0404477580352167,-0.4436733725264349,-0.0007342044974750615,-3.960152505768283e-07,-0.1680939199887021,-0.0004178363937543506,-0.03612529818449597,-0.447496409515433,-3.5551040231673745e-05,0.0,-0.2,0.0,1.5707963267948966,1.5707963267948966,-2.962962962962963,-2.962962962962963,1.5707907932067506,1.5707961764985203,-2.649278318024003,-2.644212760989705,-0.003349826041378535,-1.2078067313241551e-05
Y-,6.7,3.2,17.023492614000133,0.0,-0.0356556674592854,-0.44477699129018133,-1.2107732897148077e-05,-5.583851342238165e-05,-0.16498165760260208,-2.1315654418398556e-05,-0.0404477580352167,-0.4436733725264349,-0.0007342044974750615,-3.960152505768283e-07,-0.1680939199887021,-0.0004178363937543506,-0.03612529818449597,-0.447496409515433,-3.5551040231673745e-05,0.0,-0.2,0.0,1.5707963267948966,1.5707963267948966,-2.962962962962963,-2.962962962962963,1.5707907932067506,1.5707961764985203,-2.649278318024003,-2.644212760989705,-0.003349826041378535,-1.2078067313241551e-05
Y-,6.7,3.2,17.0538921260013,0.0,-0.0356556674592854,-0.44477699129018133,-1.2107732897148077e-05,-5.583851342238165e-05,-0.16498165760260208,-2.1315654418398556e-05,-0.0404477580352167,-0.4436733725264349,-0.0007342044974750615,-3.960152505768283e-07,-0.1680939199887021,-0.0004178363937543506,-0.03612529818449597,-0.447496409515433,-3.5551040231673745e-05,0.0,-0.2,0.0,1.5707963267948966,1.5707963267948966,-2.962962962962963,-2.962962962962963,1.5707907932067506,1.5707961764985203,-2.649278318024003,-2.644212760989705,-0.003349826041378535,-1.2078067313241551e-05
Y-,6.7,3.2,17.083545880999736,0.0,-0.0356556674592854,-0.44477699129018133,-1.2107732897148077e-05,-5.583851342238165e-05,-0.16498165760260208,-2.1315654418398556e-05,-0.0404477580352167,-0.4436733725264349,-0.0007342044974750615,-3.960152505768283e-07,-0.1680939199887021,-0.0004178363937543506,-0.03612529818449597,-0.447496409515433,-3.5551040231673745e-05,0.0,-0.2,0.0,1.5707963267948966,1.5707963267948966,-2.962962962962963,-2.962962962962963,1.5707907932067506,1.5707961764985203,-2.649278318024003,-2.644212760989705,-0.003349826041378535,-1.2078067313241551e-05
Y-,6.7,3.2,17.111333239001397,0.0,-0.0356556674592854,-0.44477699129018133,-1.2107732897148077e-05,-5.583851342238165e-05,-0.16498165760260208,-2.1315654418398556e-05,-0.0404477580352167,-0.4436733725264349,-0.0007342044974750615,-3.960152505768283e-07,-0.1680939199887021,-0.0004178363937543506,-0.03612529818449597,-0.447496409515433,-3.5551040231673745e-05,0.0,-0.2,0.0,1.5707963267948966,1.5707963267948966,-2.962962962962963,-2.962962962962963,1.5707907932067506,1.5707961764985203,-2.649278318024003,-2.644212760989705,-0.003349826041378535,-1.2078067313241551e-05
Y-,6.7,3.2,17.13793608299966,0.0,-0.0356556674592854,-0.44477699129018133,-1.2107732897148077e-05,-5.583851342238165e-05,-0.16498165760260208,-2.1315654418398556e-05,-0.0404477580352167,-0.4436733725264349,-0.0007342044974750615,-3.960152505768283e-07,-0.1680939199887021,-0.0004178363937543506,-0.03612529818449597,-0.447496409515433,-3.5551040231673745e-05,0.0,-0.2,0.0,1.5707963267948966,1.5707963267948966,-2.962962962962963,-2.962962962962963,1.5707907932067506,1.5707961764985203,-2.649278318024003,-2.644212760989705,-0.003349826041378535,-1.2078067313241551e-05
Y-,6.7,3.2,17.16609147300187,0.0,-0.0356556674592854,-0.44477699129018133,-1.2107732897148077e-05,-5.583851342238165e-05,-0.16498165760260208,-2.1315654418398556e-05,-0.0404477580352167,-0.4436733725264349,-0.0007342044974750615,-3.960152505768283e-07,-0.1680939199887021,-0.0004178363937543506,-0.03612529818449597,-0.447496409515433,-3.5551040231673745e-05,0.0,-0.2,0.0,1.5707963267948966,1.5707963267948966,-2.962962962962963,-2.962962962962963,1.5707907932067506,1.5707961764985203,-2.649278318024003,-2.644212760989705,-0.003349826041378535,-1.2078067313241551e-05
Y-,6.7,3.2,17.195566996000707,0.0,-0.0356556674592854,-0.44477699129018133,-1.2107732897148077e-05,-5.583851342238165e-05,-0.16498165760260208,-2.1315654418398556e-05,-0.0404477580352167,-0.4436733725264349,-0.0007342044974750615,-3.960152505768283e-07,-0.1680939199887021,-0.0004178363937543506,-0.03612529818449597,-0.447496409515433,-3.5551040231673745e-05,0.0,-0.2,0.0,1.5707963267948966,1.5707963267948966,-2.962962962962963,-2.962962962962963,1.5707907932067506,1.5707961764985203,-2.649278318024003,-2.644212760989705,-0.003349826041378535,-1.2078067313241551e-05
Y-,6.7,3.2,17.230023799002083,0.0,-0.0356556674592854,-0.44477699129018133,-1.2107732897148077e-05,-5.583851342238165e-05,-0.16498165760260208,-2.1315654418398556e-05,-0.0404477580352167,-0.4436733725264349,-0.0007342044974750615,-3.960152505768283e-07,-0.1680939199887021,-0.0004178363937543506,-0.03612529818449597,-0.447496409515433,-3.5551040231673745e-05,0.0,-0.2,0.0,1.5707963267948966,1.5707963267948966,-2.962962962962963,-2.962962962962963,1.5707907932067506,1.5707961764985203,-2.649278318024003,-2.644212760989705,-0.003349826041378535,-1.2078067313241551e-05
Y-,6.7,3.2,17.2552951630023,0.0,-0.0356556674592854,-0.44477699129018133,-1.2107732897148077e-05,-5.583851342238165e-05,-0.16498165760260208,-2.1315654418398556e-05,-0.0404477580352167,-0.4436733725264349,-0.0007342044974750615,-3.960152505768283e-07,-0.1680939199887021,-0.0004178363937543506,-0.03612529818449597,-0.447496409515433,-3.5551040231673745e-05,0.0,-0.2,0.0,1.5707963267948966,1.5707963267948966,-2.962962962962963,-2.962962962962963,1.5707907932067506,1.5707961764985203,-2.649278318024003,-2.644212760989705,-0.003349826041378535,-1.2078067313241551e-05
Y-,6.7,3.2,17.28005911999935,0.0,-0.03565563312458439,-0.4466050192603141,-1.2151056603172315e-05,-5.5519494661372446e-05,-0.16437823922027292,-2.137124036472695e-05,-0.0404477580352167,-0.4436733725264349,-0.0007342044974750615,-3.960152505768283e-07,-0.1680939199887021,-0.0004178363937543506,-0.03612529818449597,-0.447496409515433,-3.5551040231673745e-05,0.0,-0.2,0.0,1.5707963267948966,1.5707963267948966,-2.962962962962963,-2.962962962962963,1.5707905549041596,1.57079617544946,-2.6518386815605086,-2.646492706566954,-0.0027353009390317026,-1.2115388965570519e-05
Y-,6.7,3.2,17.307745780002733,0.0,-0.03565558274342159,-0.44908701936287015,-1.2213985231975342e-05,-5.5016462154603733e-05,-0.16353105947009575,-2.2923310052980432e-05,-0.0404477580352167,-0.4436733725264349,-0.0007342044974750615,-3.960152505768283e-07,-0.1680939199887021,-0.0004178363937543506,-0.03612529818449597,-0.447496409515433,-3.5551040231673745e-05,0.0,-0.2,0.0,1.5707963267948966,1.5707963267948966,-2.962962962962963,-2.962962962962963,1.5707900850562657,1.5707957840420823,-2.6575785979211686,-2.6518507431091893,0.003283564808770077,-1.2204462090298982e-05
Y-,6.7,3.2,17.330383988002723,0.0,-0.035655523638869036,-0.4517203354873869,-1.2289642673422557e-05,-5.431680857869612e-05,-0.16259292645990664,-2.2975883867725394e-05,-0.0404477580352167,-0.4436733725264349,-0.0007342044974750615,-3.960152505768283e-07,-0.1680939199887021,-0.0004178363937543506,-0.03612529818449597,-0.447496409515433,-3.5551040231673745e-05,0.0,-0.2,0.0,1.5707963267948966,1.5707963267948966,-2.962962962962963,-2.962962962962963,1.5707898546739676,1.5707955553340964,-2.6607861334546747,-2.6548278312663687,-0.0009746216619540729,-1.225732601387215e-05
Y-,6.7,3.2,17.358927707002294,0.0,-0.03565544465094261,-0.45482763750092464,-1.2382126515030138e-05,-5.340527446331565e-05,-0.16142816692566278,-2.364645683147131e-05,-0.0404477580352167,-0.4436733725264349,-0.0007342044974750615,-3.960152505768283e-07,-0.1680939199887021,-0.0004178363937543506,-0.03612529818449597,-0.447496409515433,-3.5551040231673745e-05,0.0,-0.2,0.0,1.5707963267948966,1.5707963267948966,-2.962962962962963,-2.962962962962963,1.5707894061249812,1.5707950656227068,-2.6680317810689886,-2.6615408232614017,0.001559121693981153,-1.2366147873784974e-05
Y-,6.7,3.2,17.386089527000877,0.0,-0.03565535527223478,-0.4579124416330824,-1.2489266283890922e-05,-5.2261037491670704e-05,-0.16019985402872533,-2.344061449456839e-05,-0.0404602904275107,-0.46064805664483355,-0.0008031071858333752,-6.950061292843641e-07,-0.1697468874458205,-0.0006890268835831385,-0.036226387170596265,-0.4641470337251577,8.820113855545451e-05,0.0,-0.2,0.0,1.5707963267948966,1.5707963267948966,-2.962962962962963,-2.962962962962963,1.5707889752269244,1.5707945164766626,-2.6765631960971312,-2.6695176210839433,-0.00017038698954715225,-1.2478078518514093e-05
Y-,6.800000000000001,3.3000000000000007,17.418777677001344,0.10000000000000053,-0.03565523727799237,-0.4614545203035754,-1.2637364326356658e-05,-4.937068230448969e-05,-0.1586835797955879,-2.6758536231769407e-05,-0.0404602904275107,-0.46064805664483355,-0.0008031071858333752,-6.950061292843641e-07,-0.1697468874458205,-0.0006890268835831385,-0.036226387170596265,-0.4641470337251577,8.820113855545451e-05,0.0,-0.2,0.0,1.5707963267948966,1.5707963267948966,-2.962962962962963,-2.962962962962963,1.5707885651393765,1.5707938937600643,-2.686650091906378,-2.679033694710522,-4.107381588731769e-05,-1.2621474029074487e-05
Y-,6.800000000000001,3.3000000000000007,17.45113786100046,0.0,-0.03565523727799237,-0.4614545203035754,-1.2637364326356658e-05,-4.937068230448969e-05,-0.1586835797955879,-2.6758536231769407e-05,-0.0404602904275107,-0.46064805664483355,-0.0008031071858333752,-6.950061292843641e-07,-0.1697468874458205,-0.0006890268835831385,-0.036226387170596265,-0.4641470337251577,8.820113855545451e-05,0.0,-0.2,0.0,1.5707963267948966,1.5707963267948966,-2.962962962962963,-2.962962962962963,1.5707885651393765,1.5707938937600643,-2.686650091906378,-2.679033694710522,-4.107381588731769e-05,-1.2621474029074487e-05
Y-,6.800000000000001,3.3000000000000007,17.475866395001503,0.0,-0.03565523727799237,-0.4614545203035754,-1.2637364326356658e-05,-4.937068230448969e-05,-0.1586835797955879,-2.6758536231769407e-05,-0.0404602904275107,-0.46064805664483355,-0.0008031071858333752,-6.950061292843641e-07,-0.1697468874458205,-0.0006890268835831385,-0.036226387170596265,-0.4641470337251577,8.820113855545451e-05,0.0,-0.2,0.0,1.5707963267948966,1.5707963267948966,-2.962962962962963,-2.962962962962963,1.5707885651393765,1.5707938937600643,-2.686650091906378,-2.679033694710522,-4.107381588731769e-05,-1.2621474029074487e-05
Y-,6.800000000000001,3.3000000000000007,17.505439164000563,0.0,-0.03565523727799237,-0.4614545203035754,-1.2637364326356658e-05,-4.937068230448969e-05,-0.1586835797955879,-2.6758536231769407e-05,-0.0404602904275107,-0.46064805664483355,-0.0008031071858333752,-6.950061292843641e-07,-0.1697468874458205,-0.0006890268835831385,-0.036226387170596265,-0.4641470337251577,8.820113855545451e-05,0.0,-0.2,0.0,1.5707963267948966,1.5707963267948966,-2.962962962962963,-2.962962962962963,1.5707885651393765,1.5707938937600643,-2.686650091906378,-2.679033694710522,-4.107381588731769e-05,-1.2621474029074487e-05
Y-,6.800000000000001,3.3000000000000007,17.530785926002864,0.0,-0.03565523727799237,-0.4614545203035754,-1.2637364326356658e-05,-4.937068230448969e-05,-0.1586835797955879,-2.6758536231769407e-05,-0.0404602904275107,-0.46064805664483355,-0.0008031071858333752,-6.950061292843641e-07,-0.1697468874458205,-0.0006890268835831385,-0.036226387170596265,-0.4641470337251577,8.820113855545451e-05,0.0,-0.2,0.0,1.5707963267948966,1.5707963267948966,-2.962962962962963,-2.962962962962963,1.5707885651393765,1.5707938937600643,-2.686650091906378,-2.679033694710522,-4.107381588731769e-05,-1.2621474029074487e-05
Y-,6.800000000000001,3.3000000000000007,17.559957213001326,0.0,-0.03565523727799237,-0.4614545203035754,-1.2637364326356658e-05,-4.937068230448969e-05,-0.1586835797955879,-2.6758536231769407e-05,-0.0404602904275107,-0.46064805664483355,-0.0008031071858333752,-6.950061292843641e-07,-0.1697468874458205,-0.0006890268835831385,-0.036226387170596265,-0.4641470337251577,8.820113855545451e-05,0.0,-0.2,0.0,1.5707963267948966,1.5707963267948966,-2.962962962962963,-2.962962962962963,1.5707885651393765,1.5707938937600643,-2.686650091906378,-2.679033694710522,-4.107381588731769e-05,-1.2621474029074487e-05
Y-,6.800000000000001,3.3000000000000007,17.586467485001776,0.0,-0.03565523727799237,-0.4614545203035754,-1.2637364326356658e-05,-4.937068230448969e-05,-0.1586835797955879,-2.6758536231769407e-05,-0.0404602904275107,-0.46064805664483355,-0.0008031071858333752,-6.950061292843641e-07,-0.1697468874458205,-0.0006890268835831385,-0.036226387170596265,-0.4641470337251577,8.820113855545451e-05,0.0,-0.2,0.0,1.5707963267948966,1.5707963267948966,-2.962962962962963,-2.962962962962963,1.5707885651393765,1.5707938937600643,-2.686650091906378,-2.679033694710522,-4.107381588731769e-05,-1.2621474029074487e-05
Y-,6.800000000000001,3.3000000000000007,17.61001595700145,0.0,-0.03565523727799237,-0.4614545203035754,-1.2637364326356658e-05,-4.937068230448969e-05,-0.1586835797955879,-2.6758536231769407e-05,-0.0404602904275107,-0.46064805664483355,-0.0008031071858333752,-6.950061292843641e-07,-0.1697468874458205,-0.0006890268835831385,-0.036226387170596265,-0.4641470337251577,8.820113855545451e-05,0.0,-0.2,0.0,1.5707963267948966,1.5707963267948966,-2.962962962962963,-2.962962962962963,1.5707885651393765,1.5707938937600643,-2.686650091906378,-2.679033694710522,-4.107381588731769e-05,-1.2621474029074487e-05
Y-,6.800000000000001,3.3000000000000007,17.63817647000178,0.0,-0.03565523727799237,-0.4614545203035754,-1.2637364326356658e-05,-4.937068230448969e-05,-0.1586835797955879,-2.6758536231769407e-05,-0.0404602904275107,-0.46064805664483355,-0.0008031071858333752,-6.950061292843641e-07,-0.1697468874458205,-0.0006890268835831385,-0.036226387170596265,-0.4641470337251577,8.820113855545451e-05,0.0,-0.2,0.0,1.5707963267948966,1.5707963267948966,-2.962962962962963,-2.962962962962963,1.5707885651393765,1.5707938937600643,-2.686650091906378,-2.679033694710522,-4.107381588731769e-05,-1.2621474029074487e-05
Y-,6.800000000000001,3.3000000000000007,17.664870726002846,0.0,-0.03565523727799237,-0.4614545203035754,-1.2637364326356658e-05,-4.937068230448969e-05,-0.1586835797955879,-2.6758536231769407e-05,-0.0404602904275107,-0.46064805664483355,-0.0008031071858333752,-6.950061292843641e-07,-0.1697468874458205,-0.0006890268835831385,-0.036226387170596265,-0.4641470337251577,8.820113855545451e-05,0.0,-0.2,0.0,1.5707963267948966,1.5707963267948966,-2.962962962962963,-2.962962962962963,1.5707885651393765,1.5707938937600643,-2.686650091906378,-2.679033694710522,-4.107381588731769e-05,-1.2621474029074487e-05
Y-,6.800000000000001,3.3000000000000007,17.694503358001384,0.0,-0.03565523727799237,-0.4614545203035754,-1.2637364326356658e-05,-4.937068230448969e-05,-0.1586835797955879,-2.6758536231769407e-05,-0.0404602904275107,-0.46064805664483355,-0.0008031071858333752,-6.950061292843641e-07,-0.1697468874458205,-0.0006890268835831385,-0.036226387170596265,-0.4641470337251577,8.820113855545451e-05,0.0,-0.2,0.0,1.5707963267948966,1.5707963267948966,-2.962962962962963,-2.962962962962963,1.5707885651393765,1.5707938937600643,-2.686650091906378,-2.679033694710522,-4.107381588731769e-05,-1.2621474029074487e-05
Y-,6.800000000000001,3.3000000000000007,17.721781784002815,0.0,-0.03565523727799237,-0.4614545203035754,-1.2637364326356658e-05,-4.937068230448969e-05,-0.1586835797955879,-2.6758536231769407e-05,-0.0404602904275107,-0.46064805664483355,-0.0008031071858333752,-6.950061292843641e-07,-0.1697468874458205,-0.0006890268835831385,-0.036226387170596265,-0.4641470337251577,8.820113855545451e-05,0.0,-0.2,0.0,1.5707963267948966,1.5707963267948966,-2.962962962962963,-2.962962962962963,1.5707885651393765,1.5707938937600643,-2.686650091906378,-2.679033694710522,-4.107381588731769e-05,-1.2621474029074487e-05
Y-,6.800000000000001,3.3000000000000007,17.750382558002457,0.0,-0.0356551363815623,-0.4641682617492829,-1.2764427823988448e-05,-4.710979282909171e-05,-0.15743042858027537,-2.6009770734566414e-05,-0.0404602904275107,-0.46064805664483355,-0.0008031071858333752,-6.950061292843641e-07,-0.1697468874458205,-0.0006890268835831385,-0.036226387170596265,-0.4641470337251577,8.820113855545451e-05,0.0,-0.2,0.0,1.5707963267948966,1.5707963267948966,-2.962962962962963,-2.962962962962963,1.5707881750158705,1.570793187729742,-2.698585686286685,-2.690432380470835,1.4222696035836505e-05,-1.2699503737663076e-05
Y-,6.800000000000001,3.3000000000000007,17.78029302300274,0.0,-0.03565499093870959,-0.4676477010003683,-1.293142171642601e-05,-4.149713661047711e-05,-0.15568254814628235,-3.169942764579937e-05,-0.0404602904275107,-0.46064805664483355,-0.0008031071858333752,-6.950061292843641e-07,-0.1697468874458205,-0.0006890268835831385,-0.036226387170596265,-0.4641470337251577,8.820113855545451e-05,0.0,-0.2,0.0,1.5707963267948966,1.5707963267948966,-2.962962962962963,-2.962962962962963,1.5707878086989053,1.5707923907765773,-2.7127939085430426,-2.7040840539184727,0.0018680492928623376,-1.2853376747711296e-05
Y-,6.800000000000001,3.3000000000000007,17.80526452000049,0.0,-0.03565481626736148,-0.47062083927243537,-1.3458235327018215e-05,-2.4637195491326118e-05,-0.15403650672834762,-8.615263397825749e-05,-0.0404602904275107,-0.46064805664483355,-0.0008031071858333752,-6.950061292843641e-07,-0.1697468874458205,-0.0006890268835831385,-0.036226387170596265,-0.4641470337251577,8.820113855545451e-05,0.0,-0.2,0.0,1.5707963267948966,1.5707963267948966,-2.962962962962963,-2.962962962962963,1.5707874643162931,1.5707914693096425,-2.7299653563463484,-2.720266679506888,-0.0027820414293170436,-1.316005731087197e-05
Y-,6.800000000000001,3.3000000000000007,17.83117576800214,0.0,-0.03565467939730469,-0.4723276087711906,-1.41066266363517e-05,-7.907826122758991e-06,-0.15301808319789476,-0.00014190180434712482,-0.04047435069901423,-0.4780070399847868,-0.0009060603906994602,-1.1914420876994665e-06,-0.17358989033748878,-0.0010295320486608498,-0.03622201643213971,-0.48194743262534767,4.768188096102564e-05,0.0,-0.2,0.0,1.5707963267948966,1.5707963267948966,-2.962962962962963,-2.962962962962963,1.5707872932868856,1.5707909305347325,-2.739878127859933,-2.7293515996802746,0.001527882979635803,-1.3604816132647116e-05
Y-,6.9,3.4000000000000004,17.856331655999384,0.09999999999999964,-0.03565441446202811,-0.47509582521919885,-1.5710238996051215e-05,1.9949371009894825e-05,-0.15123345722238607,-0.00022489424589135817,-0.04047435069901423,-0.4780070399847868,-0.0009060603906994602,-1.1914420876994665e-06,-0.17358989033748878,-0.0010295320486608498,-0.03622201643213971,-0.48194743262534767,4.768188096102564e-05,0.0,-0.2,0.0,1.5707963267948966,1.5707963267948966,-2.962962962962963,-2.962962962962963,1.5707869321838643,1.5707896884128365,-2.762702953128457,-2.750541394907151,0.00045623962855998823,-1.5220100456248244e-05
Y-,6.9,3.4000000000000004,17.89073760300016,0.0,-0.03565427916961109,-0.4761636108427279,-1.6477659871831867e-05,2.754180562380195e-05,-0.15038737028612856,-0.0002479381126137449,-0.04047435069901423,-0.4780070399847868,-0.0009060603906994602,-1.1914420876994665e-06,-0.17358989033748878,-0.0010295320486608498,-0.03622201643213971,-0.48194743262534767,4.768188096102564e-05,0.0,-0.2,0.0,1.5707963267948966,1.5707963267948966,-2.962962962962963,-2.962962962962963,1.5707869321838643,1.5707896884128365,-2.762702953128457,-2.750541394907151,0.0012181908853000066,-1.6244805432724028e-05
Y-,6.9,3.4000000000000004,17.918950278999546,0.0,-0.03565427916961109,-0.4761636108427279,-1.6477659871831867e-05,2.754180562380195e-05,-0.15038737028612856,-0.0002479381126137449,-0.04047435069901423,-0.4780070399847868,-0.0009060603906994602,-1.1914420876994665e-06,-0.17358989033748878,-0.0010295320486608498,-0.03622201643213971,-0.48194743262534767,4.768188096102564e-05,0.0,-0.2,0.0,1.5707963267948966,1.5707963267948966,-2.962962962962963,-2.962962962962963,1.5707869321838643,1.5707896884128365,-2.762702953128457,-2.750541394907151,0.0012181908853000066,-1.6244805432724028e-05
Y-,6.9,3.4000000000000004,17.955594679002388,0.0,-0.03565427916961109,-0.4761636108427279,-1.6477659871831867e-05,2.754180562380195e-05,-0.15038737028612856,-0.0002479381126137449,-0.04047435069901423,-0.4780070399847868,-0.0009060603906994602,-1.1914420876994665e-06,-0.17358989033748878,-0.0010295320486608498,-0.03622201643213971,-0.48194743262534767,4.768188096102564e-05,0.0,-0.2,0.0,1.5707963267948966,1.5707963267948966,-2.962962962962963,-2.962962962962963,1.5707869321838643,1.5707896884128365,-2.762702953128457,-2.750541394907151,0.0012181908853000066,-1.6244805432724028e-05
Y-,6.9,3.4000000000000004,17.98739886000112,0.0,-0.03565427916961109,-0.4761636108427279,-1.6477659871831867e-05,2.754180562380195e-05,-0.15038737028612856,-0.0002479381126137449,-0.04047435069901423,-0.4780070399847868,-0.0009060603906994602,-1.1914420876994665e-06,-0.17358989033748878,-0.0010295320486608498,-0.03622201643213971,-0.48194743262534767,4.768188096102564e-05,0.0,-0.2,0.0,1.5707963267948966,1.5707963267948966,-2.962962962962963,-2.962962962962963,1.5707869321838643,1.5707896884128365,-2.762702953128457,-2.750541394907151,0.0012181908853000066,-1.6244805432724028e-05
Y-,6.9,3.4000000000000004,18.021165887999814,0.0,-0.03565427916961109,-0.4761636108427279,-1.6477659871831867e-05,2.754180562380195e-05,-0.15038737028612856,-0.0002479381126137449,-0.04047435069901423,-0.4780070399847868,-0.0009060603906994602,-1.1914420876994665e-06,-0.17358989033748878,-0.0010295320486608498,-0.03622201643213971,-0.48194743262534767,4.768188096102564e-05,0.0,-0.2,0.0,1.5707963267948966,1.5707963267948966,-2.962962962962963,-2.962962962962963,1.5707869321838643,1.5707896884128365,-2.762702953128457,-2.750541394907151,0.0012181908853000066,-1.6244805432724028e-05
Y-,6.9,3.4000000000000004,18.05213109500255,0.0,-0.03565427916961109,-0.4761636108427279,-1.6477659871831867e-05,2.754180562380195e-05,-0.15038737028612856,-0.0002479381126137449,-0.04047435069901423,-0.4780070399847868,-0.0009060603906994602,-1.1914420876994665e-06,-0.17358989033748878,-0.0010295320486608498,-0.03622201643213971,-0.48194743262534767,4.768188096102564e-05,0.0,-0.2,0.0,1.5707963267948966,1.5707963267948966,-2.962962962962963,-2.962962962962963,1.5707869321838643,1.5707896884128365,-2.762702953128457,-2.750541394907151,0.0012181908853000066,-1.6244805432724028e-05
Y-,6.9,3.4000000000000004,18.0818737160007,0.0,-0.03565427916961109,-0.4761636108427279,-1.6477659871831867e-05,2.754180562380195e-05,-0.15038737028612856,-0.0002479381126137449,-0.04047435069901423,-0.4780070399847868,-0.0009060603906994602,-1.1914420876994665e-06,-0.17358989033748878,-0.0010295320486608498,-0.03622201643213971,-0.48194743262534767,4.768188096102564e-05,0.0,-0.2,0.0,1.5707963267948966,1.5707963267948966,-2.962962962962963,-2.962962962962963,1.5707869321838643,1.5707896884128365,-2.762702953128457,-2.750541394907151,0.0012181908853000066,-1.6244805432724028e-05
Y-,6.9,3.4000000000000004,18.112409821002075,0.0,-0.03565427916961109,-0.4761636108427279,-1.6477659871831867e-05,2.754180562380195e-05,-0.15038737028612856,-0.0002479381126137449,-0.04047435069901423,-0.4780070399847868,-0.0009060603906994602,-1.1914420876994665e-06,-0.17358989033748878,-0.0010295320486608498,-0.03622201643213971,-0.48194743262534767,4.768188096102564e-05,0.0,-0.2,0.0,1.5707963267948966,1.5707963267948966,-2.962962962962963,-2.962962962962963,1.5707869321838643,1.5707896884128365,-2.762702953128457,-2.750541394907151,0.0012181908853000066,-1.6244805432724028e-05
Y-,6.9,3.4000000000000004,18.143680461002077,0.0,-0.03565427916961109,-0.4761636108427279,-1.6477659871831867e-05,2.754180562380195e-05,-0.15038737028612856,-0.0002479381126137449,-0.04047435069901423,-0.4780070399847868,-0.0009060603906994602,-1.1914420876994665e-06,-0.17358989033748878,-0.0010295320486608498,-0.03622201643213971,-0.48194743262534767,4.768188096102564e-05,0.0,-0.2,0.0,1.5707963267948966,1.5707963267948966,-2.962962962962963,-2.962962962962963,1.5707869321838643,1.5707896884128365,-2.762702953128457,-2.750541394907151,0.0012181908853000066,-1.6244805432724028e-05
Y-,6.9,3.4000000000000004,18.16805807700075,0.0,-0.03565427916961109,-0.4761636108427279,-1.6477659871831867e-05,2.754180562380195e-05,-0.15038737028612856,-0.0002479381126137449,-0.04047435069901423,-0.4780070399847868,-0.0009060603906994602,-1.1914420876994665e-06,-0.17358989033748878,-0.0010295320486608498,-0.03622201643213971,-0.48194743262534767,4.768188096102564e-05,0.0,-0.2,0.0,1.5707963267948966,1.5707963267948966,-2.962962962962963,-2.962962962962963,1.5707869321838643,1.5707896884128365,-2.762702953128457,-2.750541394907151,0.0012181908853000066,-1.6244805432724028e-05
Y-,6.9,3.4000000000000004,18.19746354400195,0.0,-0.03565427916961109,-0.4761636108427279,-1.6477659871831867e-05,2.754180562380195e-05,-0.15038737028612856,-0.0002479381126137449,-0.04047435069901423,-0.4780070399847868,-0.0009060603906994602,-1.1914420876994665e-06,-0.17358989033748878,-0.0010295320486608498,-0.03622201643213971,-0.48194743262534767,4.768188096102564e-05,0.0,-0.2,0.0,1.5707963267948966,1.5707963267948966,-2.962962962962963,-2.962962962962963,1.5707869321838643,1.5707896884128365,-2.762702953128457,-2.750541394907151,0.0012181908853000066,-1.6244805432724028e-05
Y-,6.9,3.4000000000000004,18.234627835001447,0.0,-0.0356540043074938,-0.4779819899655233,-1.7990636258880064e-05,3.043112801184622e-05,-0.14916397114874785,-0.00025748767839585087,-0.04047435069901423,-0.4780070399847868,-0.0009060603906994602,-1.1914420876994665e-06,-0.17358989033748878,-0.0010295320486608498,-0.03622201643213971,-0.48194743262534767,4.768188096102564e-05,0.0,-0.2,0.0,1.5707963267948966,1.5707963267948966,-2.962962962962963,-2.962962962962963,1.570786574972315,1.5707882977059482,-2.790084378663736,-2.7767349367835674,-0.00013742027313897666,-1.7733513315967526e-05
Y-,6.9,3.4000000000000004,18.267545114002132,0.0,-0.035653560653590204,-0.480976116816669,-2.034914489948846e-05,3.1308517919732945e-05,-0.14673674635554448,-0.00023593435511257916,-0.04047435069901423,-0.4780070399847868,-0.0009060603906994602,-1.1914420876994665e-06,-0.17358989033748878,-0.0010295320486608498,-0.03622201643213971,-0.48194743262534767,4.768188096102564e-05,0.0,-0.2,0.0,1.5707963267948966,1.5707963267948966,-2.962962962962963,-2.962962962962963,1.5707862009120754,1.5707866796012047,-2.8229601917840563,-2.8090461766688604,0.00021184759593768533,-2.013476175289023e-05
Y-,6.9,3.4000000000000004,18.295276496999577,0.0,-0.03565311400180206,-0.4842112508614984,-2.2615471363660194e-05,3.557347083482502e-05,-0.14370662246388813,-0.00023393156530960755,-0.04047435069901423,-0.4780070399847868,-0.0009060603906994602,-1.1914420876994665e-06,-0.17358989033748878,-0.0010295320486608498,-0.03622201643213971,-0.48194743262534767,4.768188096102564e-05,0.0,-0.2,0.0,1.5707963267948966,1.5707963267948966,-2.962962962962963,-2.962962962962963,1.5707858496859215,1.5707848452574167,-2.862518151156725,-2.848477993871386,-0.0028489628468753806,-2.2200986319481632e-05
Y-,6.9,3.4000000000000004,18.330441149999388,0.0,-0.035652743494116346,-0.4868068610290593,-2.457560747049088e-05,4.016891133316362e-05,-0.1408931170417012,-0.00024060568162838987,-0.04047435069901423,-0.4780070399847868,-0.0009060603906994602,-1.1914420876994665e-06,-0.17358989033748878,-0.0010295320486608498,-0.03622201643213971,-0.48194743262534767,4.768188096102564e-05,0.0,-0.2,0.0,1.5707963267948966,1.5707963267948966,-2.962962962962963,-2.962962962962963,1.570785673141331,1.5707838297400079,-2.884931007938022,-2.8711347287089963,0.003643741760361062,-2.4353365289221257e-05
Y-,7.0,3.5,18.363544367999566,0.09999999999999964,-0.035652356065835236,-0.4894901070527767,-2.6702573474795164e-05,4.50302941871194e-05,-0.13755298852433503,-0.00024147221542739043,-0.04049117373592191,-0.4963401016373078,-0.001052510386157035,-2.2572277856362578e-06,-0.1848794882360133,-0.0014049539304043183,-0.03615640863771042,-0.5010592764125041,1.6074762646313576e-05,0.0,-0.2,0.0,1.5707963267948966,1.5707963267948966,-2.962962962962963,-2.962962962962963,1.570785300662779,1.5707815746394491,-2.934295866434177,-2.9219958346050867,3.1028135235581416e-06,-2.6702573474795164e-05
Y-,7.0,3.5,18.39837871800046,0.0,-0.03565208503270938,-0.49142609928449393,-2.8254674533033803e-05,4.957847576128293e-05,-0.1348414670612803,-0.00024180099743780598,-0.04049117373592191,-0.4963401016373078,-0.001052510386157035,-2.2572277856362578e-06,-0.1848794882360133,-0.0014049539304043183,-0.03615640863771042,-0.5010592764125041,1.6074762646313576e-05,0.0,-0.2,0.0,1.5707963267948966,1.5707963267948966,-2.962962962962963,-2.962962962962963,1.5707848912927673,1.5707790951038607,-2.9860689893002155,-2.9766707091556164,-0.0035566836550757104,-2.781166133507048e-05
Y-,7.0,3.5,18.42986116800239,0.0,-0.03565208503270938,-0.49142609928449393,-2.8254674533033803e-05,4.957847576128293e-05,-0.1348414670612803,-0.00024180099743780598,-0.04049117373592191,-0.4963401016373078,-0.001052510386157035,-2.2572277856362578e-06,-0.1848794882360133,-0.0014049539304043183,-0.03615640863771042,-0.5010592764125041,1.6074762646313576e-05,0.0,-0.2,0.0,1.5707963267948966,1.5707963267948966,-2.962962962962963,-2.962962962962963,1.5707848912927673,1.5707790951038607,-2.9860689893002155,-2.9766707091556164,-0.0035566836550757104,-2.781166133507048e-05
Y-,7.0,3.5,18.458329332002904,0.0,-0.03565208503270938,-0.49142609928449393,-2.8254674533033803e-05,4.957847576128293e-05,-0.1348414670612803,-0.00024180099743780598,-0.04049117373592191,-0.4963401016373078,-0.001052510386157035,-2.2572277856362578e-06,-0.1848794882360133,-0.0014049539304043183,-0.03615640863771042,-0.5010592764125041,1.6074762646313576e-05,0.0,-0.2,0.0,1.5707963267948966,1.5707963267948966,-2.962962962962963,-2.962962962962963,1.5707848912927673,1.5707790951038607,-2.9860689893002155,-2.9766707091556164,-0.0035566836550757104,-2.781166133507048e-05
Y-,7.0,3.5,18.486887629002013,0.0,-0.03565208503270938,-0.49142609928449393,-2.8254674533033803e-05,4.957847576128293e-05,-0.1348414670612803,-0.00024180099743780598,-0.04049117373592191,-0.4963401016373078,-0.001052510386157035,-2.2572277856362578e-06,-0.1848794882360133,-0.0014049539304043183,-0.03615640863771042,-0.5010592764125041,1.6074762646313576e-05,0.0,-0.2,0.0,1.5707963267948966,1.5707963267948966,-2.962962962962963,-2.962962962962963,1.5707848912927673,1.5707790951038607,-2.9860689893002155,-2.9766707091556164,-0.0035566836550757104,-2.781166133507048e-05
Y-,7.0,3.5,18.512250912001036,0.0,-0.03565208503270938,-0.49142609928449393,-2.8254674533033803e-05,4.957847576128293e-05,-0.1348414670612803,-0.00024180099743780598,-0.04049117373592191,-0.4963401016373078,-0.001052510386157035,-2.2572277856362578e-06,-0.1848794882360133,-0.0014049539304043183,-0.03615640863771042,-0.5010592764125041,1.6074762646313576e-05,0.0,-0.2,0.0,1.5707963267948966,1.5707963267948966,-2.962962962962963,-2.962962962962963,1.5707848912927673,1.5707790951038607,-2.9860689893002155,-2.9766707091556164,-0.0035566836550757104,-2.781166133507048e-05
Y-,7.0,3.5,18.537073275001603,0.0,-0.03565208503270938,-0.49142609928449393,-2.8254674533033803e-05,4.957847576128293e-05,-0.1348414670612803,-0.00024180099743780598,-0.04049117373592191,-0.4963401016373078,-0.001052510386157035,-2.2572277856362578e-06,-0.1848794882360133,-0.0014049539304043183,-0.03615640863771042,-0.5010592764125041,1.6074762646313576e-05,0.0,-0.2,0.0,1.5707963267948966,1.5707963267948966,-2.962962962962963,-2.962962962962963,1.5707848912927673,1.5707790951038607,-2.9860689893002155,-2.9766707091556164,-0.0035566836550757104,-2.781166133507048e-05
Y-,7.0,3.5,18.562609931002953,0.0,-0.03565208503270938,-0.49142609928449393,-2.8254674533033803e-05,4.957847576128293e-05,-0.1348414670612803,-0.00024180099743780598,-0.04049117373592191,-0.4963401016373078,-0.001052510386157035,-2.2572277856362578e-06,-0.1848794882360133,-0.0014049539304043183,-0.03615640863771042,-0.5010592764125041,1.6074762646313576e-05,0.0,-0.2,0.0,1.5707963267948966,1.5707963267948966,-2.962962962962963,-2.962962962962963,1.5707848912927673,1.5707790951038607,-2.9860689893002155,-2.9766707091556164,-0.0035566836550757104,-2.781166133507048e-05
Y-,7.0,3.5,18.588932619000843,0.0,-0.03565208503270938,-0.49142609928449393,-2.8254674533033803e-05,4.957847576128293e-05,-0.1348414670612803,-0.00024180099743780598,-0.04049117373592191,-0.4963401016373078,-0.001052510386157035,-2.2572277856362578e-06,-0.1848794882360133,-0.0014049539304043183,-0.03615640863771042,-0.5010592764125041,1.6074762646313576e-05,0.0,-0.2,0.0,1.5707963267948966,1.5707963267948966,-2.962962962962963,-2.962962962962963,1.5707848912927673,1.5707790951038607,-2.9860689893002155,-2.9766707091556164,-0.0035566836550757104,-2.781166133507048e-05
Y-,7.0,3.5,18.621054650000588,0.0,-0.03565208503270938,-0.49142609928449393,-2.8254674533033803e-05,4.957847576128293e-05,-0.1348414670612803,-0.00024180099743780598,-0.04049117373592191,-0.4963401016373078,-0.001052510386157035,-2.2572277856362578e-06,-0.1848794882360133,-0.0014049539304043183,-0.03615640863771042,-0.5010592764125041,1.6074762646313576e-05,0.0,-0.2,0.0,1.5707963267948966,1.5707963267948966,-2.962962962962963,-2.962962962962963,1.5707848912927673,1.5707790951038607,-2.9860689893002155,-2.9766707091556164,-0.0035566836550757104,-2.781166133507048e-05
Y-,7.0,3.5,18.65841721200195,0.0,-0.03565208503270938,-0.49142609928449393,-2.8254674533033803e-05,4.957847576128293e-05,-0.1348414670612803,-0.00024180099743780598,-0.04049117373592191,-0.4963401016373078,-0.001052510386157035,-2.2572277856362578e-06,-0.1848794882360133,-0.0014049539304043183,-0.03615640863771042,-0.5010592764125041,1.6074762646313576e-05,0.0,-0.2,0.0,1.5707963267948966,1.5707963267948966,-2.962962962962963,-2.962962962962963,1.5707848912927673,1.5707790951038607,-2.9860689893002155,-2.9766707091556164,-0.0035566836550757104,-2.781166133507048e-05
Y-,7.0,3.5,18.684758280000096,0.0,-0.03565208503270938,-0.49142609928449393,-2.8254674533033803e-05,4.957847576128293e-05,-0.1348414670612803,-0.00024180099743780598,-0.04049117373592191,-0.4963401016373078,-0.001052510386157035,-2.2572277856362578e-06,-0.1848794882360133,-0.0014049539304043183,-0.03615640863771042,-0.5010592764125041,1.6074762646313576e-05,0.0,-0.2,0.0,1.5707963267948966,1.5707963267948966,-2.962962962962963,-2.962962962962963,1.5707848912927673,1.5707790951038607,-2.9860689893002155,-2.9766707091556164,-0.0035566836550757104,-2.781166133507048e-05
Y-,7.0,3.5,18.708735054002318,0.0,-0.03565208503270938,-0.49142609928449393,-2.8254674533033803e-05,4.957847576128293e-05,-0.1348414670612803,-0.00024180099743780598,-0.04049117373592191,-0.4963401016373078,-0.001052510386157035,-2.2572277856362578e-06,-0.1848794882360133,-0.0014049539304043183,-0.03615640863771042,-0.5010592764125041,1.6074762646313576e-05,0.0,-0.2,0.0,1.5707963267948966,1.5707963267948966,-2.962962962962963,-2.962962962962963,1.5707848912927673,1.5707790951038607,-2.9860689893002155,-2.9766707091556164,-0.0035566836550757104,-2.781166133507048e-05
Y-,7.0,3.5,18.74222947400267,0.0,-0.035651771424916406,-0.49372575971046423,-3.011814959930131e-05,5.526055104568088e-05,-0.13129916941691464,-0.0002425244958642134,-0.04049117373592191,-0.4963401016373078,-0.001052510386157035,-2.2572277856362578e-06,-0.1848794882360133,-0.0014049539304043183,-0.03615640863771042,-0.5010592764125041,1.6074762646313576e-05,0.0,-0.2,0.0,1.5707963267948966,1.5707963267948966,-2.962962962962963,-2.962962962962963,1.5707844270265534,1.5707765863888028,-3.030587503572889,-3.0241462516075424,0.001492867742131512,-3.0008727142128503e-05
Y-,7.0,3.5,18.77542523699958,0.0,-0.035651459106161076,-0.49635482617986426,-3.2131863940087284e-05,5.7887126418824814e-05,-0.1269371656696411,-0.00021981693744778494,-0.04049117373592191,-0.4963401016373078,-0.001052510386157035,-2.2572277856362578e-06,-0.1848794882360133,-0.0014049539304043183,-0.03615640863771042,-0.5010592764125041,1.6074762646313576e-05,0.0,-0.2,0.0,1.5707963267948966,1.5707963267948966,-2.962962962962963,-2.962962962962963,1.570784194718832,1.5707754604461543,-3.0453237697143947,-3.03927719639794,0.0013969338188446101,-3.1185177066266516e-05
Y-,7.0,3.5,18.79952142700131,0.0,-0.03565118198944046,-0.4982713484659391,-3.3530138632719764e-05,8.283251366942708e-05,-0.12371662393587896,-0.0002610502781492833,-0.04049117373592191,-0.4963401016373078,-0.001052510386157035,-2.2572277856362578e-06,-0.1848794882360133,-0.0014049539304043183,-0.03615640863771042,-0.5010592764125041,1.6074762646313576e-05,0.0,-0.2,0.0,1.5707963267948966,1.5707963267948966,-2.962962962962963,-2.962962962962963,1.5707838195733226,1.5707739794279831,-3.0483888940250945,-3.0381264000883172,0.0016624857779078779,-3.2942367067760936e-05
Y-,7.0,3.5,18.82719621400247,0.0,-0.03565089321664436,-0.501244559067653,-3.554907409693284e-05,-3.173041387320575e-05,-0.11917040006763568,0.00014792720243735728,-0.040511566694595845,-0.5154045789658595,-0.0013197434970137418,-3.273906882422828e-06,-0.19064488232744137,-0.0026723311085670664,-0.03615640863771042,-0.5010592764125041,1.6074762646313576e-05,0.0,-0.2,0.0,1.5707963267948966,1.5707963267948966,-2.962962962962963,-2.962962962962963,1.5707837847248936,1.5707744841439597,-3.005442604599304,-2.9802679874764815,0.001637698101368824,-3.430400329312443e-05
Y-,7.1000000000000005,3.6000000000000005,18.857802844002435,0.10000000000000053,-0.035651386543356756,-0.5034096935865549,-3.1630053113959845e-05,-0.0001280976500751765,-0.1163749772411729,0.00024401546923785418,-0.040511566694595845,-0.5154045789658595,-0.0013197434970137418,-3.273906882422828e-06,-0.19064488232744137,-0.0026723311085670664,-0.036257402545291015,-0.5182428181600414,0.00010911680060132775,0.0,-0.2,0.0,1.5707963267948966,1.5707963267948966,-2.962962962962963,-2.962962962962963,1.5707863079508142,1.570781228844675,-2.910175603314726,-2.8684543095849575,-0.0011147354263498594,-3.1739479256685494e-05
Y-,7.1000000000000005,3.6000000000000005,18.885497999002837,0.0,-0.035651518239780036,-0.5037657889258975,-3.138580134969937e-05,-0.0001474495612911186,-0.1161034746329128,0.00023551540243465252,-0.040511566694595845,-0.5154045789658595,-0.0013197434970137418,-3.273906882422828e-06,-0.19064488232744137,-0.0026723311085670664,-0.036257402545291015,-0.5182428181600414,0.00010911680060132775,0.0,-0.2,0.0,1.5707963267948966,1.5707963267948966,-2.962962962962963,-2.962962962962963,1.5707895353767913,1.5707897336437835,-2.8613832134912642,-2.807057672368892,-0.0011147354263498594,-3.1739479256685494e-05
Y-,7.1000000000000005,3.6000000000000005,18.915568640000856,0.0,-0.035651518239780036,-0.5037657889258975,-3.138580134969937e-05,-0.0001474495612911186,-0.1161034746329128,0.00023551540243465252,-0.040511566694595845,-0.5154045789658595,-0.0013197434970137418,-3.273906882422828e-06,-0.19064488232744137,-0.0026723311085670664,-0.036257402545291015,-0.5182428181600414,0.00010911680060132775,0.0,-0.2,0.0,1.5707963267948966,1.5707963267948966,-2.962962962962963,-2.962962962962963,1.5707895353767913,1.5707897336437835,-2.8613832134912642,-2.807057672368892,-0.0011147354263498594,-3.1739479256685494e-05
Y-,7.1000000000000005,3.6000000000000005,18.94081541700143,0.0,-0.035651518239780036,-0.5037657889258975,-3.138580134969937e-05,-0.0001474495612911186,-0.1161034746329128,0.00023551540243465252,-0.040511566694595845,-0.5154045789658595,-0.0013197434970137418,-3.273906882422828e-06,-0.19064488232744137,-0.0026723311085670664,-0.036257402545291015,-0.5182428181600414,0.00010911680060132775,0.0,-0.2,0.0,1.5707963267948966,1.5707963267948966,-2.962962962962963,-2.962962962962963,1.5707895353767913,1.5707897336437835,-2.8613832134912642,-2.807057672368892,-0.0011147354263498594,-3.1739479256685494e-05
Y-,7.1000000000000005,3.6000000000000005,18.967620940002234,0.0,-0.035651518239780036,-0.5037657889258975,-3.138580134969937e-05,-0.0001474495612911186,-0.1161034746329128,0.00023551540243465252,-0.040511566694595845,-0.5154045789658595,-0.0013197434970137418,-3.273906882422828e-06,-0.19064488232744137,-0.0026723311085670664,-0.036257402545291015,-0.5182428181600414,0.00010911680060132775,0.0,-0.2,0.0,1.5707963267948966,1.5707963267948966,-2.962962962962963,-2.962962962962963,1.5707895353767913,1.5707897336437835,-2.8613832134912642,-2.807057672368892,-0.0011147354263498594,-3.1739479256685494e-05
Y-,7.1000000000000005,3.6000000000000005,18.9933242219995,0.0,-0.035651518239780036,-0.5037657889258975,-3.138580134969937e-05,-0.0001474495612911186,-0.1161034746329128,0.00023551540243465252,-0.040511566694595845,-0.5154045789658595,-0.0013197434970137418,-3.273906882422828e-06,-0.19064488232744137,-0.0026723311085670664,-0.036257402545291015,-0.5182428181600414,0.00010911680060132775,0.0,-0.2,0.0,1.5707963267948966,1.5707963267948966,-2.962962962962963,-2.962962962962963,1.5707895353767913,1.5707897336437835,-2.8613832134912642,-2.807057672368892,-0.0011147354263498594,-3.1739479256685494e-05
Y-,7.1000000000000005,3.6000000000000005,19.01966861300025,0.0,-0.035651518239780036,-0.5037657889258975,-3.138580134969937e-05,-0.0001474495612911186,-0.1161034746329128,0.00023551540243465252,-0.040511566694595845,-0.5154045789658595,-0.0013197434970137418,-3.273906882422828e-06,-0.19064488232744137,-0.0026723311085670664,-0.036257402545291015,-0.5182428181600414,0.00010911680060132775,0.0,-0.2,0.0,1.5707963267948966,1.5707963267948966,-2.962962962962963,-2.962962962962963,1.5707895353767913,1.5707897336437835,-2.8613832134912642,-2.807057672368892,-0.0011147354263498594,-3.1739479256685494e-05
Y-,7.1000000000000005,3.6000000000000005,19.059777976002806,0.0,-0.035651518239780036,-0.5037657889258975,-3.138580134969937e-05,-0.0001474495612911186,-0.1161034746329128,0.00023551540243465252,-0.040511566694595845,-0.5154045789658595,-0.0013197434970137418,-3.273906882422828e-06,-0.19064488232744137,-0.0026723311085670664,-0.036257402545291015,-0.5182428181600414,0.00010911680060132775,0.0,-0.2,0.0,1.5707963267948966,1.5707963267948966,-2.962962962962963,-2.962962962962963,1.5707895353767913,1.5707897336437835,-2.8613832134912642,-2.807057672368892,-0.0011147354263498594,-3.1739479256685494e-05
Y-,7.1000000000000005,3.6000000000000005,19.08843167500163,0.0,-0.035651518239780036,-0.5037657889258975,-3.138580134969937e-05,-0.0001474495612911186,-0.1161034746329128,0.00023551540243465252,-0.040511566694595845,-0.5154045789658595,-0.0013197434970137418,-3.273906882422828e-06,-0.19064488232744137,-0.0026723311085670664,-0.036257402545291015,-0.5182428181600414,0.00010911680060132775,0.0,-0.2,0.0,1.5707963267948966,1.5707963267948966,-2.962962962962963,-2.962962962962963,1.5707895353767913,1.5707897336437835,-2.8613832134912642,-2.807057672368892,-0.0011147354263498594,-3.1739479256685494e-05
Y-,7.1000000000000005,3.6000000000000005,19.116415641001367,0.0,-0.035651518239780036,-0.5037657889258975,-3.138580134969937e-05,-0.0001474495612911186,-0.1161034746329128,0.00023551540243465252,-0.040511566694595845,-0.5154045789658595,-0.0013197434970137418,-3.273906882422828e-06,-0.19064488232744137,-0.0026723311085670664,-0.036257402545291015,-0.5182428181600414,0.00010911680060132775,0.0,-0.2,0.0,1.5707963267948966,1.5707963267948966,-2.962962962962963,-2.962962962962963,1.5707895353767913,1.5707897336437835,-2.8613832134912642,-2.807057672368892,-0.0011147354263498594,-3.1739479256685494e-05
Y-,7.1000000000000005,3.6000000000000005,19.141186381999432,0.0,-0.035651518239780036,-0.5037657889258975,-3.138580134969937e-05,-0.0001474495612911186,-0.1161034746329128,0.00023551540243465252,-0.040511566694595845,-0.5154045789658595,-0.0013197434970137418,-3.273906882422828e-06,-0.19064488232744137,-0.0026723311085670664,-0.036257402545291015,-0.5182428181600414,0.00010911680060132775,0.0,-0.2,0.0,1.5707963267948966,1.5707963267948966,-2.962962962962963,-2.962962962962963,1.5707895353767913,1.5707897336437835,-2.8613832134912642,-2.807057672368892,-0.0011147354263498594,-3.1739479256685494e-05
Y-,7.1000000000000005,3.6000000000000005,19.169339844000206,0.0,-0.035651518239780036,-0.5037657889258975,-3.138580134969937e-05,-0.0001474495612911186,-0.1161034746329128,0.00023551540243465252,-0.040511566694595845,-0.5154045789658595,-0.0013197434970137418,-3.273906882422828e-06,-0.19064488232744137,-0.0026723311085670664,-0.036257402545291015,-0.5182428181600414,0.00010911680060132775,0.0,-0.2,0.0,1.5707963267948966,1.5707963267948966,-2.962962962962963,-2.962962962962963,1.5707895353767913,1.5707897336437835,-2.8613832134912642,-2.807057672368892,-0.0011147354263498594,-3.1739479256685494e-05
Y-,7.1000000000000005,3.6000000000000005,19.19652371400298,0.0,-0.035651518239780036,-0.5037657889258975,-3.138580134969937e-05,-0.0001474495612911186,-0.1161034746329128,0.00023551540243465252,-0.040511566694595845,-0.5154045789658595,-0.0013197434970137418,-3.273906882422828e-06,-0.19064488232744137,-0.0026723311085670664,-0.036257402545291015,-0.5182428181600414,0.00010911680060132775,0.0,-0.2,0.0,1.5707963267948966,1.5707963267948966,-2.962962962962963,-2.962962962962963,1.5707895353767913,1.5707897336437835,-2.8613832134912642,-2.807057672368892,-0.0011147354263498594,-3.1739479256685494e-05
Y-,7.1000000000000005,3.6000000000000005,19.231095068000286,0.0,-0.035651518239780036,-0.5037657889258975,-3.138580134969937e-05,-0.0001474495612911186,-0.1161034746329128,0.00023551540243465252,-0.040511566694595845,-0.5154045789658595,-0.0013197434970137418,-3.273906882422828e-06,-0.19064488232744137,-0.0026723311085670664,-0.036257402545291015,-0.5182428181600414,0.00010911680060132775,0.0,-0.2,0.0,1.5707963267948966,1.5707963267948966,-2.962962962962963,-2.962962962962963,1.5707895353767913,1.5707897336437835,-2.8613832134912642,-2.807057672368892,-0.0011147354263498594,-3.1739479256685494e-05
Y-,7.1000000000000005,3.6000000000000005,19.25776305600084,0.0,-0.035651518239780036,-0.5037657889258975,-3.138580134969937e-05,-0.0001474495612911186,-0.1161034746329128,0.00023551540243465252,-0.040511566694595845,-0.5154045789658595,-0.0013197434970137418,-3.273906882422828e-06,-0.19064488232744137,-0.0026723311085670664,-0.036257402545291015,-0.5182428181600414,0.00010911680060132775,0.0,-0.2,0.0,1.5707963267948966,1.5707963267948966,-2.962962962962963,-2.962962962962963,1.5707895353767913,1.5707897336437835,-2.8613832134912642,-2.807057672368892,-0.0011147354263498594,-3.1739479256685494e-05
Y-,7.1000000000000005,3.6000000000000005,19.302230412002245,0.0,-0.03565167754537253,-0.5041206552425224,-3.1196604317736536e-05,-0.0001677002924750751,-0.11573984271838994,0.0002555589091340013,-0.040511566694595845,-0.5154045789658595,-0.0013197434970137418,-3.273906882422828e-06,-0.19064488232744137,-0.0026723311085670664,-0.036257402545291015,-0.5182428181600414,0.00010911680060132775,0.0,-0.2,0.0,1.5707963267948966,1.5707963267948966,-2.962962962962963,-2.962962962962963,1.5707895353767913,1.5707897336437835,-2.8613832134912642,-2.807057672368892,-0.0011147354263498594,-3.1739479256685494e-05
Y-,7.1000000000000005,3.6000000000000005,19.329445466002653,0.0,-0.03565197161086234,-0.5058810650991991,-3.0674546431258285e-05,2.0524611086526713e-05,-0.11470620558689443,8.407468117207042e-06,-0.040511566694595845,-0.5154045789658595,-0.0013197434970137418,-3.273906882422828e-06,-0.19064488232744137,-0.0026723311085670664,-0.036257402545291015,-0.5182428181600414,0.00010911680060132775,0.0,-0.2,0.0,1.5707963267948966,1.5707963267948966,-2.962962962962963,-2.962962962962963,1.5707941975896675,1.5707962189204618,-2.7601518874827584,-2.7051462867635223,-0.0029920819619702077,-3.0426715671669286e-05
Y-,7.1000000000000005,3.6000000000000005,19.35679685500145,0.0,-0.03565168677951802,-0.5073956280812079,-3.1566986329468494e-05,-3.205470783360678e-05,-0.11451044885434743,0.00010309845350035314,-0.040511566694595845,-0.5154045789658595,-0.0013197434970137418,-3.273906882422828e-06,-0.19064488232744137,-0.0026723311085670664,-0.036257402545291015,-0.5182428181600414,0.00010911680060132775,0.0,-0.2,0.0,1.5707963267948966,1.5707963267948966,-2.962962962962963,-2.962962962962963,1.570796940208048,1.5707988056748867,-2.511388655374352,-2.4089533714752034,0.0005223204770806436,-3.179751545636993e-05
Y-,7.1000000000000005,3.6000000000000005,19.381034173002263,0.0,-0.03565128102704293,-0.5098734224861455,-2.8497614520476123e-05,9.283013677002886e-05,-0.11730565251885448,0.0001537032138327129,-0.040511566694595845,-0.5154045789658595,-0.0013197434970137418,-3.273906882422828e-06,-0.19064488232744137,-0.0026723311085670664,-0.036257402545291015,-0.5182428181600414,0.00010911680060132775,0.0,-0.2,0.0,1.5707963267948966,1.5707963267948966,-2.962962962962963,-2.962962962962963,1.5707930669754209,1.5707802966415292,-2.1162874784744163,-1.98968192513351,0.00016143128424972415,-2.8871003621671527e-05
Y-,7.1000000000000005,3.6000000000000005,19.408066547002818,0.0,-0.03564745553938607,-0.5119579768431013,-2.629718926262475e-05,0.0005698285382527701,-0.12234367022937608,0.00030680897590434854,-0.040511566694595845,-0.5154045789658595,-0.0013197434970137418,-3.273906882422828e-06,-0.19064488232744137,-0.0026723311085670664,-0.036257402545291015,-0.5182428181600414,0.00010911680060132775,0.0,-0.2,0.0,1.5707963267948966,1.5707963267948966,-2.962962962962963,-2.962962962962963,1.5707873180480822,1.5707767276828628,-1.9525233661831412,-1.8446150031338218,-0.0018678561873168567,-2.6541430028003958e-05
Y-,7.1000000000000005,3.6000000000000005,19.439324786002544,0.0,-0.035645573490244296,-0.5145368867321494,-1.726936569821435e-05,0.00010427377715249326,-0.12996036360740795,0.0006198338322519967,-0.04052769868702237,-0.5274984539127553,-0.002465210255627931,-1.9712234357357344e-06,-0.11254560828465486,-0.010944816032011896,-0.03624352600694307,-0.5424207954633539,-6.88547565648183e-05,0.0,-0.2,0.0,1.5707963267948966,1.5707963267948966,-2.962962962962963,-2.962962962962963,1.5707843652585494,1.5707725027591506,-1.7372421260343525,-1.6320218303785667,-0.0013129052236499012,-1.726936569821435e-05
Y-,7.2,3.7,19.46994985100173,0.09999999999999964,-0.03564595717938658,-0.5164349574184405,-1.561444506350628e-05,-3.353645841526812e-05,-0.1358579620648058,0.00020146172570939858,-0.04052769868702237,-0.5274984539127553,-0.002465210255627931,-1.9712234357357344e-06,-0.11254560828465486,-0.010944816032011896,-0.03624352600694307,-0.5424207954633539,-6.88547565648183e-05,0.0,-0.2,0.0,1.5707963267948966,1.5707963267948966,-2.962962962962963,-2.962962962962963,1.5707873657086013,1.5707765463476289,-1.6303301403943546,-1.5212132910032892,0.0008935389619411278,-1.557492499877746e-05
Y-,7.2,3.7,19.493801751999854,0.0,-0.03564595717938658,-0.5164349574184405,-1.561444506350628e-05,-3.353645841526812e-05,-0.1358579620648058,0.00020146172570939858,-0.04052769868702237,-0.5274984539127553,-0.002465210255627931,-1.9712234357357344e-06,-0.11254560828465486,-0.010944816032011896,-0.03624352600694307,-0.5424207954633539,-6.88547565648183e-05,0.0,-0.2,0.0,1.5707963267948966,1.5707963267948966,-2.962962962962963,-2.962962962962963,1.5707873657086013,1.5707765463476289,-1.6303301403943546,-1.5212132910032892,0.0008935389619411278,-1.557492499877746e-05
Y-,7.2,3.7,19.52606137100156,0.0,-0.03564595717938658,-0.5164349574184405,-1.561444506350628e-05,-3.353645841526812e-05,-0.1358579620648058,0.00020146172570939858,-0.04052769868702237,-0.5274984539127553,-0.002465210255627931,-1.9712234357357344e-06,-0.11254560828465486,-0.010944816032011896,-0.03624352600694307,-0.5424207954633539,-6.88547565648183e-05,0.0,-0.2,0.0,1.5707963267948966,1.5707963267948966,-2.962962962962963,-2.962962962962963,1.5707873657086013,1.5707765463476289,-1.6303301403943546,-1.5212132910032892,0.0008935389619411278,-1.557492499877746e-05
Y-,7.2,3.7,19.55546494400187,0.0,-0.03564595717938658,-0.5164349574184405,-1.561444506350628e-05,-3.353645841526812e-05,-0.1358579620648058,0.00020146172570939858,-0.04052769868702237,-0.5274984539127553,-0.002465210255627931,-1.9712234357357344e-06,-0.11254560828465486,-0.010944816032011896,-0.03624352600694307,-0.5424207954633539,-6.88547565648183e-05,0.0,-0.2,0.0,1.5707963267948966,1.5707963267948966,-2.962962962962963,-2.962962962962963,1.5707873657086013,1.5707765463476289,-1.6303301403943546,-1.5212132910032892,0.0008935389619411278,-1.557492499877746e-05
Y-,7.2,3.7,19.581559334001213,0.0,-0.03564595717938658,-0.5164349574184405,-1.561444506350628e-05,-3.353645841526812e-05,-0.1358579620648058,0.00020146172570939858,-0.04052769868702237,-0.5274984539127553,-0.002465210255627931,-1.9712234357357344e-06,-0.11254560828465486,-0.010944816032011896,-0.03624352600694307,-0.5424207954633539,-6.88547565648183e-05,0.0,-0.2,0.0,1.5707963267948966,1.5707963267948966,-2.962962962962963,-2.962962962962963,1.5707873657086013,1.5707765463476289,-1.6303301403943546,-1.5212132910032892,0.0008935389619411278,-1.557492499877746e-05
Y-,7.2,3.7,19.607885110002826,0.0,-0.03564595717938658,-0.5164349574184405,-1.561444506350628e-05,-3.353645841526812e-05,-0.1358579620648058,0.00020146172570939858,-0.04052769868702237,-0.5274984539127553,-0.002465210255627931,-1.9712234357357344e-06,-0.11254560828465486,-0.010944816032011896,-0.03624352600694307,-0.5424207954633539,-6.88547565648183e-05,0.0,-0.2,0.0,1.5707963267948966,1.5707963267948966,-2.962962962962963,-2.962962962962963,1.5707873657086013,1.5707765463476289,-1.6303301403943546,-1.5212132910032892,0.0008935389619411278,-1.557492499877746e-05
Y-,7.2,3.7,19.63700331000291,0.0,-0.03564595717938658,-0.5164349574184405,-1.561444506350628e-05,-3.353645841526812e-05,-0.1358579620648058,0.00020146172570939858,-0.04052769868702237,-0.5274984539127553,-0.002465210255627931,-1.9712234357357344e-06,-0.11254560828465486,-0.010944816032011896,-0.03624352600694307,-0.5424207954633539,-6.88547565648183e-05,0.0,-0.2,0.0,1.5707963267948966,1.5707963267948966,-2.962962962962963,-2.962962962962963,1.5707873657086013,1.5707765463476289,-1.6303301403943546,-1.5212132910032892,0.0008935389619411278,-1.557492499877746e-05
Y-,7.2,3.7,19.66669019800247,0.0,-0.03564595717938658,-0.5164349574184405,-1.561444506350628e-05,-3.353645841526812e-05,-0.1358579620648058,0.00020146172570939858,-0.04052769868702237,-0.5274984539127553,-0.002465210255627931,-1.9712234357357344e-06,-0.11254560828465486,-0.010944816032011896,-0.03624352600694307,-0.5424207954633539,-6.88547565648183e-05,0.0,-0.2,0.0,1.5707963267948966,1.5707963267948966,-2.962962962962963,-2.962962962962963,1.5707873657086013,1.5707765463476289,-1.6303301403943546,-1.5212132910032892,0.0008935389619411278,-1.557492499877746e-05
Y-,7.2,3.7,19.69335630900241,0.0,-0.03564595717938658,-0.5164349574184405,-1.561444506350628e-05,-3.353645841526812e-05,-0.1358579620648058,0.00020146172570939858,-0.04052769868702237,-0.5274984539127553,-0.002465210255627931,-1.9712234357357344e-06,-0.11254560828465486,-0.010944816032011896,-0.03624352600694307,-0.5424207954633539,-6.88547565648183e-05,0.0,-0.2,0.0,1.5707963267948966,1.5707963267948966,-2.962962962962963,-2.962962962962963,1.5707873657086013,1.5707765463476289,-1.6303301403943546,-1.5212132910032892,0.0008935389619411278,-1.557492499877746e-05
Y-,7.2,3.7,19.71982189100163,0.0,-0.03564595717938658,-0.5164349574184405,-1.561444506350628e-05,-3.353645841526812e-05,-0.1358579620648058,0.00020146172570939858,-0.04052769868702237,-0.5274984539127553,-0.002465210255627931,-1.9712234357357344e-06,-0.11254560828465486,-0.010944816032011896,-0.03624352600694307,-0.5424207954633539,-6.88547565648183e-05,0.0,-0.2,0.0,1.5707963267948966,1.5707963267948966,-2.962962962962963,-2.962962962962963,1.5707873657086013,1.5707765463476289,-1.6303301403943546,-1.5212132910032892,0.0008935389619411278,-1.557492499877746e-05
Y-,7.2,3.7,19.749060630001622,0.0,-0.03564595717938658,-0.5164349574184405,-1.561444506350628e-05,-3.353645841526812e-05,-0.1358579620648058,0.00020146172570939858,-0.04052769868702237,-0.5274984539127553,-0.002465210255627931,-1.9712234357357344e-06,-0.11254560828465486,-0.010944816032011896,-0.03624352600694307,-0.5424207954633539,-6.88547565648183e-05,0.0,-0.2,0.0,1.5707963267948966,1.5707963267948966,-2.962962962962963,-2.962962962962963,1.5707873657086013,1.5707765463476289,-1.6303301403943546,-1.5212132910032892,0.0008935389619411278,-1.557492499877746e-05
Y-,7.2,3.7,19.774742808000155,0.0,-0.03564636967584347,-0.5176982876765592,-1.71159420576618e-05,-5.536351585634813e-05,-0.13982422582355838,-0.00011569758575809096,-0.04052769868702237,-0.5274984539127553,-0.002465210255627931,-1.9712234357357344e-06,-0.11254560828465486,-0.010944816032011896,-0.03624352600694307,-0.5424207954633539,-6.88547565648183e-05,0.0,-0.2,0.0,1.5707963267948966,1.5707963267948966,-2.962962962962963,-2.962962962962963,1.570788941487538,1.5707787241046507,-1.5892221506975086,-1.4975533726702746,0.00020545035051923224,-1.6217463100465945e-05
Y-,7.2,3.7,19.80615069200212,0.0,-0.0356466062571812,-0.5201786653236705,-2.1701400478588122e-05,3.425110170852061e-06,-0.14725545384479133,-8.141774746143642e-05,-0.04052769868702237,-0.5274984539127553,-0.002465210255627931,-1.9712234357357344e-06,-0.11254560828465486,-0.010944816032011896,-0.03624352600694307,-0.5424207954633539,-6.88547565648183e-05,0.0,-0.2,0.0,1.5707963267948966,1.5707963267948966,-2.962962962962963,-2.962962962962963,1.5707904472820982,1.57078063635635,-1.5488323215461093,-1.5548324886150033,0.002442781637698371,-2.1701400478588122e-05
Y-,7.2,3.7,19.838431864001905,0.0,-0.03564663945520902,-0.5223099791349867,-2.1546267056852862e-05,1.9426045774140964e-06,-0.15289073265654746,4.152990819824475e-05,-0.04052769868702237,-0.5274984539127553,-0.002465210255627931,-1.9712234357357344e-06,-0.11254560828465486,-0.010944816032011896,-0.03624352600694307,-0.5424207954633539,-6.88547565648183e-05,0.0,-0.2,0.0,1.5707963267948966,1.5707963267948966,-2.962962962962963,-2.962962962962963,1.5707937104590632,1.5707846405870907,-1.6285735199623552,-1.6806951406711397,0.0025636391351287146,-2.1444061908303567e-05
Y-,7.2,3.7,19.867305309002404,0.0,-0.03564662957702081,-0.5264539283769967,-2.137767327385629e-05,-1.4160307161021078e-05,-0.16179170583259628,-1.7905658001801765e-06,-0.04052769868702237,-0.5274984539127553,-0.002465210255627931,-1.9712234357357344e-06,-0.11254560828465486,-0.010944816032011896,-0.03624352600694307,-0.5424207954633539,-6.88547565648183e-05,0.0,-0.2,0.0,1.5707963267948966,1.5707963267948966,-2.962962962962963,-2.962962962962963,1.570796204538527,1.570788043180479,-1.7554732127665853,-1.8089352611293537,-0.0016872975913236614,-2.1384452825858618e-05
Y-,7.2,3.7,19.893420453001454,0.0,-0.03564662003791598,-0.5286038983431776,-2.1285408783087028e-05,-2.1349415603906082e-05,-0.16549932875470613,-1.0893824418434608e-05,-0.040556723353441355,-0.5392553480085324,-0.0019085631584873702,-4.139168096485443e-07,-0.11756929922767484,0.005566470971405606,-0.03626474395940769,-0.5446763756476325,-0.0003415765676368914,0.0,-0.2,0.0,1.5707963267948966,1.5707963267948966,-2.962962962962963,-2.962962962962963,1.5707962072402086,1.5707907984626912,-1.881819496647071,-1.932511181565105,-0.004395643462834332,-2.130558406938533e-05
Y-,7.300000000000001,3.8000000000000007,19.92272223100008,0.10000000000000053,-0.0356466113710726,-0.5318239104757698,-2.117195922867864e-05,-3.0038905695905568e-05,-0.17010165664931187,-2.1877192344074642e-05,-0.040556723353441355,-0.5392553480085324,-0.0019085631584873702,-4.139168096485443e-07,-0.11756929922767484,0.005566470971405606,-0.03626474395940769,-0.5446763756476325,-0.0003415765676368914,0.0,-0.2,0.0,1.5707963267948966,1.5707963267948966,-2.962962962962963,-2.962962962962963,1.5707962090996341,1.5707929517336314,-1.998322195803192,-2.0445884845040436,-0.004602837460549481,-2.1188948238754188e-05
Y-,7.300000000000001,3.8000000000000007,19.94848932000241,0.0,-0.035646610295653386,-0.5325121962352362,-2.114986179742332e-05,-3.160386096056085e-05,-0.17095599223654015,-2.380402927987741e-05,-0.040556723353441355,-0.5392553480085324,-0.0019085631584873702,-4.139168096485443e-07,-0.11756929922767484,0.005566470971405606,-0.03626474395940769,-0.5446763756476325,-0.0003415765676368914,0.0,-0.2,0.0,1.5707963267948966,1.5707963267948966,-2.962962962962963,-2.962962962962963,1.5707962090996341,1.5707929517336314,-1.998322195803192,-2.0445884845040436,-0.004602837460549481,-2.1188948238754188e-05
Y-,7.300000000000001,3.8000000000000007,19.973506605001603,0.0,-0.035646610295653386,-0.5325121962352362,-2.114986179742332e-05,-3.160386096056085e-05,-0.17095599223654015,-2.380402927987741e-05,-0.040556723353441355,-0.5392553480085324,-0.0019085631584873702,-4.139168096485443e-07,-0.11756929922767484,0.005566470971405606,-0.03626474395940769,-0.5446763756476325,-0.0003415765676368914,0.0,-0.2,0.0,1.5707963267948966,1.5707963267948966,-2.962962962962963,-2.962962962962963,1.5707962090996341,1.5707929517336314,-1.998322195803192,-2.0445884845040436,-0.004602837460549481,-2.1188948238754188e-05
Y-,7.300000000000001,3.8000000000000007,20.002854769001715,0.0,-0.035646610295653386,-0.5325121962352362,-2.114986179742332e-05,-3.160386096056085e-05,-0.17095599223654015,-2.380402927987741e-05,-0.040556723353441355,-0.5392553480085324,-0.0019085631584873702,-4.139168096485443e-07,-0.11756929922767484,0.005566470971405606,-0.03626474395940769,-0.5446763756476325,-0.0003415765676368914,0.0,-0.2,0.0,1.5707963267948966,1.5707963267948966,-2.962962962962963,-2.962962962962963,1.5707962090996341,1.5707929517336314,-1.998322195803192,-2.0445884845040436,-0.004602837460549481,-2.1188948238754188e-05
Y-,7.300000000000001,3.8000000000000007,20.03184817500005,0.0,-0.035646610295653386,-0.5325121962352362,-2.114986179742332e-05,-3.160386096056085e-05,-0.17095599223654015,-2.380402927987741e-05,-0.040556723353441355,-0.5392553480085324,-0.0019085631584873702,-4.139168096485443e-07,-0.11756929922767484,0.005566470971405606,-0.03626474395940769,-0.5446763756476325,-0.0003415765676368914,0.0,-0.2,0.0,1.5707963267948966,1.5707963267948966,-2.962962962962963,-2.962962962962963,1.5707962090996341,1.5707929517336314,-1.998322195803192,-2.0445884845040436,-0.004602837460549481,-2.1188948238754188e-05
Y-,7.300000000000001,3.8000000000000007,20.061775420999766,0.0,-0.035646610295653386,-0.5325121962352362,-2.114986179742332e-05,-3.160386096056085e-05,-0.17095599223654015,-2.380402927987741e-05,-0.040556723353441355,-0.5392553480085324,-0.0019085631584873702,-4.139168096485443e-07,-0.11756929922767484,0.005566470971405606,-0.03626474395940769,-0.5446763756476325,-0.0003415765676368914,0.0,-0.2,0.0,1.5707963267948966,1.5707963267948966,-2.962962962962963,-2.962962962962963,1.5707962090996341,1.5707929517336314,-1.998322195803192,-2.0445884845040436,-0.004602837460549481,-2.1188948238754188e-05
Y-,7.300000000000001,3.8000000000000007,20.088365709001664,0.0,-0.035646610295653386,-0.5325121962352362,-2.114986179742332e-05,-3.160386096056085e-05,-0.17095599223654015,-2.380402927987741e-05,-0.040556723353441355,-0.5392553480085324,-0.0019085631584873702,-4.139168096485443e-07,-0.11756929922767484,0.005566470971405606,-0.03626474395940769,-0.5446763756476325,-0.0003415765676368914,0.0,-0.2,0.0,1.5707963267948966,1.5707963267948966,-2.962962962962963,-2.962962962962963,1.5707962090996341,1.5707929517336314,-1.998322195803192,-2.0445884845040436,-0.004602837460549481,-2.1188948238754188e-05
Y-,7.300000000000001,3.8000000000000007,20.114367105001293,0.0,-0.035646610295653386,-0.5325121962352362,-2.114986179742332e-05,-3.160386096056085e-05,-0.17095599223654015,-2.380402927987741e-05,-0.040556723353441355,-0.5392553480085324,-0.0019085631584873702,-4.139168096485443e-07,-0.11756929922767484,0.005566470971405606,-0.03626474395940769,-0.5446763756476325,-0.0003415765676368914,0.0,-0.2,0.0,1.5707963267948966,1.5707963267948966,-2.962962962962963,-2.962962962962963,1.5707962090996341,1.5707929517336314,-1.998322195803192,-2.0445884845040436,-0.004602837460549481,-2.1188948238754188e-05
Y-,7.300000000000001,3.8000000000000007,20.142721880001773,0.0,-0.035646610295653386,-0.5325121962352362,-2.114986179742332e-05,-3.160386096056085e-05,-0.17095599223654015,-2.380402927987741e-05,-0.040556723353441355,-0.5392553480085324,-0.0019085631584873702,-4.139168096485443e-07,-0.11756929922767484,0.005566470971405606,-0.03626474395940769,-0.5446763756476325,-0.0003415765676368914,0.0,-0.2,0.0,1.5707963267948966,1.5707963267948966,-2.962962962962963,-2.962962962962963,1.5707962090996341,1.5707929517336314,-1.998322195803192,-2.0445884845040436,-0.004602837460549481,-2.1188948238754188e-05
Y-,7.300000000000001,3.8000000000000007,20.169196742001077,0.0,-0.035646610295653386,-0.5325121962352362,-2.114986179742332e-05,-3.160386096056085e-05,-0.17095599223654015,-2.380402927987741e-05,-0.040556723353441355,-0.5392553480085324,-0.0019085631584873702,-4.139168096485443e-07,-0.11756929922767484,0.005566470971405606,-0.03626474395940769,-0.5446763756476325,-0.0003415765676368914,0.0,-0.2,0.0,1.5707963267948966,1.5707963267948966,-2.962962962962963,-2.962962962962963,1.5707962090996341,1.5707929517336314,-1.998322195803192,-2.0445884845040436,-0.004602837460549481,-2.1188948238754188e-05
Y-,7.300000000000001,3.8000000000000007,20.200126736002858,0.0,-0.035646610295653386,-0.5325121962352362,-2.114986179742332e-05,-3.160386096056085e-05,-0.17095599223654015,-2.380402927987741e-05,-0.040556723353441355,-0.5392553480085324,-0.0019085631584873702,-4.139168096485443e-07,-0.11756929922767484,0.005566470971405606,-0.03626474395940769,-0.5446763756476325,-0.0003415765676368914,0.0,-0.2,0.0,1.5707963267948966,1.5707963267948966,-2.962962962962963,-2.962962962962963,1.5707962090996341,1.5707929517336314,-1.998322195803192,-2.0445884845040436,-0.004602837460549481,-2.1188948238754188e-05
Y-,7.300000000000001,3.8000000000000007,20.22991978600112,0.0,-0.035646610295653386,-0.5325121962352362,-2.114986179742332e-05,-3.160386096056085e-05,-0.17095599223654015,-2.380402927987741e-05,-0.040556723353441355,-0.5392553480085324,-0.0019085631584873702,-4.139168096485443e-07,-0.11756929922767484,0.005566470971405606,-0.03626474395940769,-0.5446763756476325,-0.0003415765676368914,0.0,-0.2,0.0,1.5707963267948966,1.5707963267948966,-2.962962962962963,-2.962962962962963,1.5707962090996341,1.5707929517336314,-1.998322195803192,-2.0445884845040436,-0.004602837460549481,-2.1188948238754188e-05
Y-,7.300000000000001,3.8000000000000007,20.25802099000066,0.0,-0.035646610295653386,-0.5325121962352362,-2.114986179742332e-05,-3.160386096056085e-05,-0.17095599223654015,-2.380402927987741e-05,-0.040556723353441355,-0.5392553480085324,-0.0019085631584873702,-4.139168096485443e-07,-0.11756929922767484,0.005566470971405606,-0.03626474395940769,-0.5446763756476325,-0.0003415765676368914,0.0,-0.2,0.0,1.5707963267948966,1.5707963267948966,-2.962962962962963,-2.962962962962963,1.5707962090996341,1.5707929517336314,-1.998322195803192,-2.0445884845040436,-0.004602837460549481,-2.1188948238754188e-05
Y-,7.300000000000001,3.8000000000000007,20.288914929002203,0.0,-0.035646610295653386,-0.5325121962352362,-2.114986179742332e-05,-3.160386096056085e-05,-0.17095599223654015,-2.380402927987741e-05,-0.040556723353441355,-0.5392553480085324,-0.0019085631584873702,-4.139168096485443e-07,-0.11756929922767484,0.005566470971405606,-0.03626474395940769,-0.5446763756476325,-0.0003415765676368914,0.0,-0.2,0.0,1.5707963267948966,1.5707963267948966,-2.962962962962963,-2.962962962962963,1.5707962090996341,1.5707929517336314,-1.998322195803192,-2.0445884845040436,-0.004602837460549481,-2.1188948238754188e-05
Y-,7.300000000000001,3.8000000000000007,20.319020481001644,0.0,-0.03564660807789445,-0.5351212952583961,-2.107465791149453e-05,-3.678707347769105e-05,-0.1738354938485352,-3.046309596852237e-05,-0.040556723353441355,-0.5392553480085324,-0.0019085631584873702,-4.139168096485443e-07,-0.11756929922767484,0.005566470971405606,-0.03626474395940769,-0.5446763756476325,-0.0003415765676368914,0.0,-0.2,0.0,1.5707963267948966,1.5707963267948966,-2.962962962962963,-2.962962962962963,1.5707962098547679,1.57079383091218,-2.051618969644671,-2.0955095033334437,-0.0012340556647172452,-2.107465791149453e-05
Y-,7.300000000000001,3.8000000000000007,20.345010318000277,0.0,-0.035646608416735975,-0.537591693098809,-2.1023897012072217e-05,-4.06566208253677e-05,-0.17609852918279187,-3.5713043735614456e-05,-0.040556723353441355,-0.5392553480085324,-0.0019085631584873702,-4.139168096485443e-07,-0.11756929922767484,0.005566470971405606,-0.03626474395940769,-0.5446763756476325,-0.0003415765676368914,0.0,-0.2,0.0,1.5707963267948966,1.5707963267948966,-2.962962962962963,-2.962962962962963,1.5707964303468662,1.5707952518755448,-2.1476988069011957,-2.1868416791659424,0.0023169903299865326,-2.1037188834747208e-05
Y-,7.300000000000001,3.8000000000000007,20.381770341002266,0.0,-0.03564660748668294,-0.5408093202131252,-2.0999517703793964e-05,-4.404839306821132e-05,-0.17847819864242212,-3.754111756255556e-05,-0.040556723353441355,-0.5392553480085324,-0.0019085631584873702,-4.139168096485443e-07,-0.11756929922767484,0.005566470971405606,-0.03626474395940769,-0.5446763756476325,-0.0003415765676368914,0.0,-0.2,0.0,1.5707963267948966,1.5707963267948966,-2.962962962962963,-2.962962962962963,1.5707969874862506,1.5707958170060996,-2.190478572167694,-2.227406572975223,-0.0020632535251693973,-2.1002823590226586e-05
Y-,7.300000000000001,3.8000000000000007,20.40909619300146,0.0,-0.035646599882015066,-0.544064469101395,-2.0931364772573888e-05,-4.623673697562584e-05,-0.18033604049945184,-3.353447396141325e-05,-0.040556723353441355,-0.5392553480085324,-0.0019085631584873702,-4.139168096485443e-07,-0.11756929922767484,0.005566470971405606,-0.03626474395940769,-0.5446763756476325,-0.0003415765676368914,0.0,-0.2,0.0,1.5707963267948966,1.5707963267948966,-2.962962962962963,-2.962962962962963,1.5707978112749839,1.5707963075819986,-2.2664255071192367,-2.299205016764895,-0.0009603984501589167,-2.0931364772573888e-05
Y-,7.4,3.9000000000000004,20.44956907300002,0.09999999999999964,-0.03564658651806221,-0.5477149705425847,-2.0859667321714656e-05,-4.833724896618906e-05,-0.18188168671389082,-3.2989403897917795e-05,-0.0405844661960594,-0.5537968547626954,-0.0015606027455139365,1.2898081784640633e-07,-0.14748198378203656,0.0032743212111570495,-0.0362648910682906,-0.5544434120909997,-0.0002750416271597462,0.0,-0.2,0.0,1.5707963267948966,1.5707963267948966,-2.962962962962963,-2.962962962962963,1.5707983328950021,1.570796309117406,-2.330413949751561,-2.3593531020634564,0.000328074614952723,-2.0862720888022868e-05
Y-,7.4,3.9000000000000004,20.48302039600094,0.0,-0.03564657974392311,-0.5493666971139399,-2.083425441803356e-05,-4.9189724626825835e-05,-0.18242402783964787,-3.264563948059456e-05,-0.0405844661960594,-0.5537968547626954,-0.0015606027455139365,1.2898081784640633e-07,-0.14748198378203656,0.0032743212111570495,-0.0362648910682906,-0.5544434120909997,-0.0002750416271597462,0.0,-0.2,0.0,1.5707963267948966,1.5707963267948966,-2.962962962962963,-2.962962962962963,1.5707984989761439,1.570796309152981,-2.35835353341992,-2.385469438913224,-0.002293713336875713,-2.083425441803356e-05
Y-,7.4,3.9000000000000004,20.513258318002045,0.0,-0.03564657974392311,-0.5493666971139399,-2.083425441803356e-05,-4.9189724626825835e-05,-0.18242402783964787,-3.264563948059456e-05,-0.0405844661960594,-0.5537968547626954,-0.0015606027455139365,1.2898081784640633e-07,-0.14748198378203656,0.0032743212111570495,-0.0362648910682906,-0.5544434120909997,-0.0002750416271597462,0.0,-0.2,0.0,1.5707963267948966,1.5707963267948966,-2.962962962962963,-2.962962962962963,1.5707984989761439,1.570796309152981,-2.35835353341992,-2.385469438913224,-0.002293713336875713,-2.083425441803356e-05
Y-,7.4,3.9000000000000004,20.53778340500139,0.0,-0.03564657974392311,-0.5493666971139399,-2.083425441803356e-05,-4.9189724626825835e-05,-0.18242402783964787,-3.264563948059456e-05,-0.0405844661960594,-0.5537968547626954,-0.0015606027455139365,1.2898081784640633e-07,-0.14748198378203656,0.0032743212111570495,-0.0362648910682906,-0.5544434120909997,-0.0002750416271597462,0.0,-0.2,0.0,1.5707963267948966,1.5707963267948966,-2.962962962962963,-2.962962962962963,1.5707984989761439,1.570796309152981,-2.35835353341992,-2.385469438913224,-0.002293713336875713,-2.083425441803356e-05
Y-,7.4,3.9000000000000004,20.568105783000647,0.0,-0.03564657974392311,-0.5493666971139399,-2.083425441803356e-05,-4.9189724626825835e-05,-0.18242402783964787,-3.264563948059456e-05,-0.0405844661960594,-0.5537968547626954,-0.0015606027455139365,1.2898081784640633e-07,-0.14748198378203656,0.0032743212111570495,-0.0362648910682906,-0.5544434120909997,-0.0002750416271597462,0.0,-0.2,0.0,1.5707963267948966,1.5707963267948966,-2.962962962962963,-2.962962962962963,1.5707984989761439,1.570796309152981,-2.35835353341992,-2.385469438913224,-0.002293713336875713,-2.083425441803356e-05
Y-,7.4,3.9000000000000004,20.595054278001044,0.0,-0.03564657974392311,-0.5493666971139399,-2.083425441803356e-05,-4.9189724626825835e-05,-0.18242402783964787,-3.264563948059456e-05,-0.0405844661960594,-0.5537968547626954,-0.0015606027455139365,1.2898081784640633e-07,-0.14748198378203656,0.0032743212111570495,-0.0362648910682906,-0.5544434120909997,-0.0002750416271597462,0.0,-0.2,0.0,1.5707963267948966,1.5707963267948966,-2.962962962962963,-2.962962962962963,1.5707984989761439,1.570796309152981,-2.35835353341992,-2.385469438913224,-0.002293713336875713,-2.083425441803356e-05
Y-,7.4,3.9000000000000004,20.626835213999584,0.0,-0.03564657974392311,-0.5493666971139399,-2.083425441803356e-05,-4.9189724626825835e-05,-0.18242402783964787,-3.264563948059456e-05,-0.0405844661960594,-0.5537968547626954,-0.0015606027455139365,1.2898081784640633e-07,-0.14748198378203656,0.0032743212111570495,-0.0362648910682906,-0.5544434120909997,-0.0002750416271597462,0.0,-0.2,0.0,1.5707963267948966,1.5707963267948966,-2.962962962962963,-2.962962962962963,1.5707984989761439,1.570796309152981,-2.35835353341992,-2.385469438913224,-0.002293713336875713,-2.083425441803356e-05
Y-,7.4,3.9000000000000004,20.656557029000396,0.0,-0.03564657974392311,-0.5493666971139399,-2.083425441803356e-05,-4.9189724626825835e-05,-0.18242402783964787,-3.264563948059456e-05,-0.0405844661960594,-0.5537968547626954,-0.0015606027455139365,1.2898081784640633e-07,-0.14748198378203656,0.0032743212111570495,-0.0362648910682906,-0.5544434120909997,-0.0002750416271597462,0.0,-0.2,0.0,1.5707963267948966,1.5707963267948966,-2.962962962962963,-2.962962962962963,1.5707984989761439,1.570796309152981,-2.35835353341992,-2.385469438913224,-0.002293713336875713,-2.083425441803356e-05
Y-,7.4,3.9000000000000004,20.685211037001864,0.0,-0.03564657974392311,-0.5493666971139399,-2.083425441803356e-05,-4.9189724626825835e-05,-0.18242402783964787,-3.264563948059456e-05,-0.0405844661960594,-0.5537968547626954,-0.0015606027455139365,1.2898081784640633e-07,-0.14748198378203656,0.0032743212111570495,-0.0362648910682906,-0.5544434120909997,-0.0002750416271597462,0.0,-0.2,0.0,1.5707963267948966,1.5707963267948966,-2.962962962962963,-2.962962962962963,1.5707984989761439,1.570796309152981,-2.35835353341992,-2.385469438913224,-0.002293713336875713,-2.083425441803356e-05
Y-,7.4,3.9000000000000004,20.709079268002824,0.0,-0.03564657974392311,-0.5493666971139399,-2.083425441803356e-05,-4.9189724626825835e-05,-0.18242402783964787,-3.264563948059456e-05,-0.0405844661960594,-0.5537968547626954,-0.0015606027455139365,1.2898081784640633e-07,-0.14748198378203656,0.0032743212111570495,-0.0362648910682906,-0.5544434120909997,-0.0002750416271597462,0.0,-0.2,0.0,1.5707963267948966,1.5707963267948966,-2.962962962962963,-2.962962962962963,1.5707984989761439,1.570796309152981,-2.35835353341992,-2.385469438913224,-0.002293713336875713,-2.083425441803356e-05
Y-,7.4,3.9000000000000004,20.736981617999845,0.0,-0.03564657974392311,-0.5493666971139399,-2.083425441803356e-05,-4.9189724626825835e-05,-0.18242402783964787,-3.264563948059456e-05,-0.0405844661960594,-0.5537968547626954,-0.0015606027455139365,1.2898081784640633e-07,-0.14748198378203656,0.0032743212111570495,-0.0362648910682906,-0.5544434120909997,-0.0002750416271597462,0.0,-0.2,0.0,1.5707963267948966,1.5707963267948966,-2.962962962962963,-2.962962962962963,1.5707984989761439,1.570796309152981,-2.35835353341992,-2.385469438913224,-0.002293713336875713,-2.083425441803356e-05
Y-,7.4,3.9000000000000004,20.763203753002017,0.0,-0.03564657974392311,-0.5493666971139399,-2.083425441803356e-05,-4.9189724626825835e-05,-0.18242402783964787,-3.264563948059456e-05,-0.0405844661960594,-0.5537968547626954,-0.0015606027455139365,1.2898081784640633e-07,-0.14748198378203656,0.0032743212111570495,-0.0362648910682906,-0.5544434120909997,-0.0002750416271597462,0.0,-0.2,0.0,1.5707963267948966,1.5707963267948966,-2.962962962962963,-2.962962962962963,1.5707984989761439,1.570796309152981,-2.35835353341992,-2.385469438913224,-0.002293713336875713,-2.083425441803356e-05
Y-,7.4,3.9000000000000004,20.786898261001625,0.0,-0.03564657974392311,-0.5493666971139399,-2.083425441803356e-05,-4.9189724626825835e-05,-0.18242402783964787,-3.264563948059456e-05,-0.0405844661960594,-0.5537968547626954,-0.0015606027455139365,1.2898081784640633e-07,-0.14748198378203656,0.0032743212111570495,-0.0362648910682906,-0.5544434120909997,-0.0002750416271597462,0.0,-0.2,0.0,1.5707963267948966,1.5707963267948966,-2.962962962962963,-2.962962962962963,1.5707984989761439,1.570796309152981,-2.35835353341992,-2.385469438913224,-0.002293713336875713,-2.083425441803356e-05
Y-,7.4,3.9000000000000004,20.811675723001827,0.0,-0.03564657974392311,-0.5493666971139399,-2.083425441803356e-05,-4.9189724626825835e-05,-0.18242402783964787,-3.264563948059456e-05,-0.0405844661960594,-0.5537968547626954,-0.0015606027455139365,1.2898081784640633e-07,-0.14748198378203656,0.0032743212111570495,-0.0362648910682906,-0.5544434120909997,-0.0002750416271597462,0.0,-0.2,0.0,1.5707963267948966,1.5707963267948966,-2.962962962962963,-2.962962962962963,1.5707984989761439,1.570796309152981,-2.35835353341992,-2.385469438913224,-0.002293713336875713,-2.083425441803356e-05
Y-,7.4,3.9000000000000004,20.837764927000535,0.0,-0.035646578981175174,-0.5495505112608152,-2.083165457953207e-05,-4.92813197664239e-05,-0.1824789600682093,-3.260821887078589e-05,-0.0405844661960594,-0.5537968547626954,-0.0015606027455139365,1.2898081784640633e-07,-0.14748198378203656,0.0032743212111570495,-0.0362648910682906,-0.5544434120909997,-0.0002750416271597462,0.0,-0.2,0.0,1.5707963267948966,1.5707963267948966,-2.962962962962963,-2.962962962962963,1.5707984989761439,1.570796309152981,-2.35835353341992,-2.385469438913224,-0.002293713336875713,-2.083425441803356e-05
Y-,7.4,3.9000000000000004,20.86900406800123,0.0,-0.03564656390682119,-0.5532368451773595,-2.078789361173505e-05,-5.0992277269908085e-05,-0.18337420037019508,-3.182717656416482e-05,-0.0405844661960594,-0.5537968547626954,-0.0015606027455139365,1.2898081784640633e-07,-0.14748198378203656,0.0032743212111570495,-0.0362648910682906,-0.5544434120909997,-0.0002750416271597462,0.0,-0.2,0.0,1.5707963267948966,1.5707963267948966,-2.962962962962963,-2.962962962962963,1.570798695938949,1.570796307697762,-2.428225968173061,-2.4505061731954925,-0.00011970670493145663,-2.078975816495039e-05
Y-,7.4,3.9000000000000004,20.891910705002374,0.0,-0.03564655486375985,-0.555641047913964,-2.0765986098035674e-05,-5.199582536994518e-05,-0.18376980856187844,-3.127902840684294e-05,-0.0405844661960594,-0.5537968547626954,-0.0015606027455139365,1.2898081784640633e-07,-0.14748198378203656,0.0032743212111570495,-0.0362648910682906,-0.5544434120909997,-0.0002750416271597462,0.0,-0.2,0.0,1.5707963267948966,1.5707963267948966,-2.962962962962963,-2.962962962962963,1.5707986804722145,1.5707963067761659,-2.4474563418380733,-2.4683325418087403,-0.0013927743902065301,-2.0772306712905925e-05
Y-,7.4,3.9000000000000004,20.92242231199998,0.0,-0.035646544223907874,-0.5589767040044209,-2.0740873766059585e-05,-5.326771926550832e-05,-0.18411261352798286,-3.0510175544830517e-05,-0.0405844661960594,-0.5537968547626954,-0.0015606027455139365,1.2898081784640633e-07,-0.14748198378203656,0.0032743212111570495,-0.0362648910682906,-0.5544434120909997,-0.0002750416271597462,0.0,-0.2,0.0,1.5707963267948966,1.5707963267948966,-2.962962962962963,-2.962962962962963,1.5707985580638626,1.5707963043605089,-2.480785158842715,-2.499129013491277,0.0006611914743808305,-2.0742160162251397e-05
Y-,7.4,3.9000000000000004,20.95470193300207,0.0,-0.035646538707350815,-0.5612030857406567,-2.0726040563704926e-05,-5.4047752371637654e-05,-0.1842265456529165,-3.000788496873169e-05,-0.0405844661960594,-0.5537968547626954,-0.0015606027455139365,1.2898081784640633e-07,-0.14748198378203656,0.0032743212111570495,-0.0362648910682906,-0.5544434120909997,-0.0002750416271597462,0.0,-0.2,0.0,1.5707963267948966,1.5707963267948966,-2.962962962962963,-2.962962962962963,1.57079845958837,1.5707963028883904,-2.495167384789921,-2.5123689340216706,-0.003547416811228244,-2.072966453344282e-05
Y-,7.4,3.9000000000000004,20.98599058900072,0.0,-0.035646534656754,-0.5634303637223713,-2.0711808070435278e-05,-5.4777238102093944e-05,-0.1842609414220416,-2.9522539641721225e-05,-0.040609339485877353,-0.5697458385425026,-0.0013780051947670628,1.675824297782103e-07,-0.15949003175396845,0.0018259755074687388,-0.036263888145911416,-0.5565285594250079,-5.85611652774714e-05,0.0,-0.2,0.0,1.5707963267948966,1.5707963267948966,-2.962962962962963,-2.962962962962963,1.5707983411535338,1.5707963012539095,-2.5082005124779494,-2.5243333841561846,0.0017637206496578597,-2.0716528165019332e-05
Y-,7.500000000000001,4.000000000000001,21.01759352100271,0.10000000000000053,-0.035646531495512744,-0.566956578896931,-2.0689022754614238e-05,-5.5836801167658486e-05,-0.18417482447357647,-2.8812961768569277e-05,-0.040609339485877353,-0.5697458385425026,-0.0013780051947670628,1.675824297782103e-07,-0.15949003175396845,0.0018259755074687388,-0.036263888145911416,-0.5565285594250079,-5.85611652774714e-05,0.0,-0.2,0.0,1.5707963267948966,1.5707963267948966,-2.962962962962963,-2.962962962962963,1.5707980564991795,1.5707962975378527,-2.5306791727411935,-2.544871489996224,-0.0010401540210588553,-2.069147853539819e-05
Y-,7.500000000000001,4.000000000000001,21.0414788220005,0.0,-0.03564653162550239,-0.5691822922194605,-2.0673823648841723e-05,-5.644671372920945e-05,-0.18404391490592123,-2.841105530039736e-05,-0.040609339485877353,-0.5697458385425026,-0.0013780051947670628,1.675824297782103e-07,-0.15949003175396845,0.0018259755074687388,-0.036263888145911416,-0.5565285594250079,-5.85611652774714e-05,0.0,-0.2,0.0,1.5707963267948966,1.5707963267948966,-2.962962962962963,-2.962962962962963,1.5707978953482602,1.570796295475767,-2.5403323703329184,-2.553641595067506,0.0008894094143230877,-2.067641915376696e-05
Y-,7.500000000000001,4.000000000000001,21.07655659900047,0.0,-0.03564653162550239,-0.5691822922194605,-2.0673823648841723e-05,-5.644671372920945e-05,-0.18404391490592123,-2.841105530039736e-05,-0.040609339485877353,-0.5697458385425026,-0.0013780051947670628,1.675824297782103e-07,-0.15949003175396845,0.0018259755074687388,-0.036263888145911416,-0.5565285594250079,-5.85611652774714e-05,0.0,-0.2,0.0,1.5707963267948966,1.5707963267948966,-2.962962962962963,-2.962962962962963,1.5707978953482602,1.570796295475767,-2.5403323703329184,-2.553641595067506,0.0008894094143230877,-2.067641915376696e-05
Y-,7.500000000000001,4.000000000000001,21.104648446002102,0.0,-0.03564653162550239,-0.5691822922194605,-2.0673823648841723e-05,-5.644671372920945e-05,-0.18404391490592123,-2.841105530039736e-05,-0.040609339485877353,-0.5697458385425026,-0.0013780051947670628,1.675824297782103e-07,-0.15949003175396845,0.0018259755074687388,-0.036263888145911416,-0.5565285594250079,-5.85611652774714e-05,0.0,-0.2,0.0,1.5707963267948966,1.5707963267948966,-2.962962962962963,-2.962962962962963,1.5707978953482602,1.570796295475767,-2.5403323703329184,-2.553641595067506,0.0008894094143230877,-2.067641915376696e-05
Y-,7.500000000000001,4.000000000000001,21.13223574299991,0.0,-0.03564653162550239,-0.5691822922194605,-2.0673823648841723e-05,-5.644671372920945e-05,-0.18404391490592123,-2.841105530039736e-05,-0.040609339485877353,-0.5697458385425026,-0.0013780051947670628,1.675824297782103e-07,-0.15949003175396845,0.0018259755074687388,-0.036263888145911416,-0.5565285594250079,-5.85611652774714e-05,0.0,-0.2,0.0,1.5707963267948966,1.5707963267948966,-2.962962962962963,-2.962962962962963,1.5707978953482602,1.570796295475767,-2.5403323703329184,-2.553641595067506,0.0008894094143230877,-2.067641915376696e-05
Y-,7.500000000000001,4.000000000000001,21.15917338700092,0.0,-0.03564653162550239,-0.5691822922194605,-2.0673823648841723e-05,-5.644671372920945e-05,-0.18404391490592123,-2.841105530039736e-05,-0.040609339485877353,-0.5697458385425026,-0.0013780051947670628,1.675824297782103e-07,-0.15949003175396845,0.0018259755074687388,-0.036263888145911416,-0.5565285594250079,-5.85611652774714e-05,0.0,-0.2,0.0,1.5707963267948966,1.5707963267948966,-2.962962962962963,-2.962962962962963,1.5707978953482602,1.570796295475767,-2.5403323703329184,-2.553641595067506,0.0008894094143230877,-2.067641915376696e-05
Y-,7.500000000000001,4.000000000000001,21.18759246600166,0.0,-0.03564653162550239,-0.5691822922194605,-2.0673823648841723e-05,-5.644671372920945e-05,-0.18404391490592123,-2.841105530039736e-05,-0.040609339485877353,-0.5697458385425026,-0.0013780051947670628,1.675824297782103e-07,-0.15949003175396845,0.0018259755074687388,-0.036263888145911416,-0.5565285594250079,-5.85611652774714e-05,0.0,-0.2,0.0,1.5707963267948966,1.5707963267948966,-2.962962962962963,-2.962962962962963,1.5707978953482602,1.570796295475767,-2.5403323703329184,-2.553641595067506,0.0008894094143230877,-2.067641915376696e-05
Y-,7.500000000000001,4.000000000000001,21.2206065950013,0.0,-0.03564653162550239,-0.5691822922194605,-2.0673823648841723e-05,-5.644671372920945e-05,-0.18404391490592123,-2.841105530039736e-05,-0.040609339485877353,-0.5697458385425026,-0.0013780051947670628,1.675824297782103e-07,-0.15949003175396845,0.0018259755074687388,-0.036263888145911416,-0.5565285594250079,-5.85611652774714e-05,0.0,-0.2,0.0,1.5707963267948966,1.5707963267948966,-2.962962962962963,-2.962962962962963,1.5707978953482602,1.570796295475767,-2.5403323703329184,-2.553641595067506,0.0008894094143230877,-2.067641915376696e-05
Y-,7.500000000000001,4.000000000000001,21.260155596002733,0.0,-0.03564653162550239,-0.5691822922194605,-2.0673823648841723e-05,-5.644671372920945e-05,-0.18404391490592123,-2.841105530039736e-05,-0.040609339485877353,-0.5697458385425026,-0.0013780051947670628,1.675824297782103e-07,-0.15949003175396845,0.0018259755074687388,-0.036263888145911416,-0.5565285594250079,-5.85611652774714e-05,0.0,-0.2,0.0,1.5707963267948966,1.5707963267948966,-2.962962962962963,-2.962962962962963,1.5707978953482602,1.570796295475767,-2.5403323703329184,-2.553641595067506,0.0008894094143230877,-2.067641915376696e-05
Y-,7.500000000000001,4.000000000000001,21.288362636001693,0.0,-0.03564653162550239,-0.5691822922194605,-2.0673823648841723e-05,-5.644671372920945e-05,-0.18404391490592123,-2.841105530039736e-05,-0.040609339485877353,-0.5697458385425026,-0.0013780051947670628,1.675824297782103e-07,-0.15949003175396845,0.0018259755074687388,-0.036263888145911416,-0.5565285594250079,-5.85611652774714e-05,0.0,-0.2,0.0,1.5707963267948966,1.5707963267948966,-2.962962962962963,-2.962962962962963,1.5707978953482602,1.570796295475767,-2.5403323703329184,-2.553641595067506,0.0008894094143230877,-2.067641915376696e-05
Y-,7.500000000000001,4.000000000000001,21.317915810999693,0.0,-0.03564653162550239,-0.5691822922194605,-2.0673823648841723e-05,-5.644671372920945e-05,-0.18404391490592123,-2.841105530039736e-05,-0.040609339485877353,-0.5697458385425026,-0.0013780051947670628,1.675824297782103e-07,-0.15949003175396845,0.0018259755074687388,-0.036263888145911416,-0.5565285594250079,-5.85611652774714e-05,0.0,-0.2,0.0,1.5707963267948966,1.5707963267948966,-2.962962962962963,-2.962962962962963,1.5707978953482602,1.570796295475767,-2.5403323703329184,-2.553641595067506,0.0008894094143230877,-2.067641915376696e-05
Y-,7.500000000000001,4.000000000000001,21.35375987400039,0.0,-0.03564653162550239,-0.5691822922194605,-2.0673823648841723e-05,-5.644671372920945e-05,-0.18404391490592123,-2.841105530039736e-05,-0.040609339485877353,-0.5697458385425026,-0.0013780051947670628,1.675824297782103e-07,-0.15949003175396845,0.0018259755074687388,-0.036263888145911416,-0.5565285594250079,-5.85611652774714e-05,0.0,-0.2,0.0,1.5707963267948966,1.5707963267948966,-2.962962962962963,-2.962962962962963,1.5707978953482602,1.570796295475767,-2.5403323703329184,-2.553641595067506,0.0008894094143230877,-2.067641915376696e-05
Y-,7.500000000000001,4.000000000000001,21.38149112300016,0.0,-0.03564653162550239,-0.5691822922194605,-2.0673823648841723e-05,-5.644671372920945e-05,-0.18404391490592123,-2.841105530039736e-05,-0.040609339485877353,-0.5697458385425026,-0.0013780051947670628,1.675824297782103e-07,-0.15949003175396845,0.0018259755074687388,-0.036263888145911416,-0.5565285594250079,-5.85611652774714e-05,0.0,-0.2,0.0,1.5707963267948966,1.5707963267948966,-2.962962962962963,-2.962962962962963,1.5707978953482602,1.570796295475767,-2.5403323703329184,-2.553641595067506,0.0008894094143230877,-2.067641915376696e-05
Y-,7.500000000000001,4.000000000000001,21.41689082800076,0.0,-0.03564653262523909,-0.5706651104077516,-2.0663156937559694e-05,-5.682832021855236e-05,-0.1839279698709598,-2.8166133275613193e-05,-0.040609339485877353,-0.5697458385425026,-0.0013780051947670628,1.675824297782103e-07,-0.15949003175396845,0.0018259755074687388,-0.036263888145911416,-0.5565285594250079,-5.85611652774714e-05,0.0,-0.2,0.0,1.5707963267948966,1.5707963267948966,-2.962962962962963,-2.962962962962963,1.570797724439145,1.570796293290238,-2.5490529065448566,-2.5615302600027263,0.0008894094143230877,-2.067641915376696e-05
Y-,7.500000000000001,4.000000000000001,21.449541974001477,0.0,-0.03564653675755426,-0.5736275997345202,-2.0640340560662823e-05,-5.753243905222091e-05,-0.1836354982754052,-2.774048373988647e-05,-0.040609339485877353,-0.5697458385425026,-0.0013780051947670628,1.675824297782103e-07,-0.15949003175396845,0.0018259755074687388,-0.036263888145911416,-0.5565285594250079,-5.85611652774714e-05,0.0,-0.2,0.0,1.5707963267948966,1.5707963267948966,-2.962962962962963,-2.962962962962963,1.5707975454738117,1.570796290990426,-2.5569249432790935,-2.5686170701717352,0.00011443564904467747,-2.0649138773274713e-05
Y-,7.500000000000001,4.000000000000001,21.480131855001673,0.0,-0.03564654357289225,-0.5765848999879323,-2.061542551138235e-05,-5.815995044420637e-05,-0.18327300897281476,-2.7409187878514854e-05,-0.040609339485877353,-0.5697458385425026,-0.0013780051947670628,1.675824297782103e-07,-0.15949003175396845,0.0018259755074687388,-0.036263888145911416,-0.5565285594250079,-5.85611652774714e-05,0.0,-0.2,0.0,1.5707963267948966,1.5707963267948966,-2.962962962962963,-2.962962962962963,1.5707971688339724,1.5707962860831035,-2.5704261586457258,-2.5806714388945053,-0.0013094940146708646,-2.061865434630032e-05
Y-,7.500000000000001,4.000000000000001,21.50984574800168,0.0,-0.03564655411389503,-0.5799043904028629,-2.0585002040445483e-05,-5.87775175592064e-05,-0.18279546834665572,-2.7165711040673655e-05,-0.040609339485877353,-0.5697458385425026,-0.0013780051947670628,1.675824297782103e-07,-0.15949003175396845,0.0018259755074687388,-0.036263888145911416,-0.5565285594250079,-5.85611652774714e-05,0.0,-0.2,0.0,1.5707963267948966,1.5707963267948966,-2.962962962962963,-2.962962962962963,1.5707967741045898,1.5707962808210594,-2.5813805076022898,-2.590320181269887,0.00026630001785258716,-2.0602196977598336e-05
Y-,7.500000000000001,4.000000000000001,21.542608485000528,0.0,-0.035646561859692685,-0.5819285694491517,-2.0565356185158954e-05,-5.910985051940079e-05,-0.18247290391627513,-2.7088175229270024e-05,-0.04063203449821601,-0.5862176896019073,-0.0012831089448016894,3.2983527630285366e-08,-0.16471866694057052,0.0009489624996537293,-0.03626854209435746,-0.5892185359539455,2.6179174704931075e-05,0.0,-0.2,0.0,1.5707963267948966,1.5707963267948966,-2.962962962962963,-2.962962962962963,1.5707965718307397,1.570796278076645,-2.5860486088377908,-2.594380852433179,-0.001049846228446737,-2.0585002040445483e-05
Y-,7.6000000000000005,4.1000000000000005,21.576789391001512,0.09999999999999964,-0.03564657549346191,-0.5850496372890203,-2.0534998490038183e-05,-5.9557953773352654e-05,-0.1819358601369276,-2.7049652252125745e-05,-0.04063203449821601,-0.5862176896019073,-0.0012831089448016894,3.2983527630285366e-08,-0.16471866694057052,0.0009489624996537293,-0.03626854209435746,-0.5892185359539455,2.6179174704931075e-05,0.0,-0.2,0.0,1.5707963267948966,1.5707963267948966,-2.962962962962963,-2.962962962962963,1.570796225964,1.5707962724399804,-2.59401615546153,-2.601211493623808,-0.0029530036377038767,-2.0546908728092987e-05
Y-,7.6000000000000005,4.1000000000000005,21.609857104002003,0.0,-0.035646587274755566,-0.5874300317567498,-2.0519907595083165e-05,-5.975417223475589e-05,-0.18149820298157981,-2.667073599749106e-05,-0.04063203449821601,-0.5862176896019073,-0.0012831089448016894,3.2983527630285366e-08,-0.16471866694057052,0.0009489624996537293,-0.03626854209435746,-0.5892185359539455,2.6179174704931075e-05,0.0,-0.2,0.0,1.5707963267948966,1.5707963267948966,-2.962962962962963,-2.962962962962963,1.570796227418688,1.570796269514532,-2.5973759952978512,-2.6040656873995505,0.0008967360510922318,-2.0519907595083165e-05
Y-,7.6000000000000005,4.1000000000000005,21.635957964001136,0.0,-0.035646587274755566,-0.5874300317567498,-2.0519907595083165e-05,-5.975417223475589e-05,-0.18149820298157981,-2.667073599749106e-05,-0.04063203449821601,-0.5862176896019073,-0.0012831089448016894,3.2983527630285366e-08,-0.16471866694057052,0.0009489624996537293,-0.03626854209435746,-0.5892185359539455,2.6179174704931075e-05,0.0,-0.2,0.0,1.5707963267948966,1.5707963267948966,-2.962962962962963,-2.962962962962963,1.570796227418688,1.570796269514532,-2.5973759952978512,-2.6040656873995505,0.0008967360510922318,-2.0519907595083165e-05
Y-,7.6000000000000005,4.1000000000000005,21.66308027500054,0.0,-0.035646587274755566,-0.5874300317567498,-2.0519907595083165e-05,-5.975417223475589e-05,-0.18149820298157981,-2.667073599749106e-05,-0.04063203449821601,-0.5862176896019073,-0.0012831089448016894,3.2983527630285366e-08,-0.16471866694057052,0.0009489624996537293,-0.03626854209435746,-0.5892185359539455,2.6179174704931075e-05,0.0,-0.2,0.0,1.5707963267948966,1.5707963267948966,-2.962962962962963,-2.962962962962963,1.570796227418688,1.570796269514532,-2.5973759952978512,-2.6040656873995505,0.0008967360510922318,-2.0519907595083165e-05
Y-,7.6000000000000005,4.1000000000000005,21.689263598000252,0.0,-0.035646587274755566,-0.5874300317567498,-2.0519907595083165e-05,-5.975417223475589e-05,-0.18149820298157981,-2.667073599749106e-05,-0.04063203449821601,-0.5862176896019073,-0.0012831089448016894,3.2983527630285366e-08,-0.16471866694057052,0.0009489624996537293,-0.03626854209435746,-0.5892185359539455,2.6179174704931075e-05,0.0,-0.2,0.0,1.5707963267948966,1.5707963267948966,-2.962962962962963,-2.962962962962963,1.570796227418688,1.570796269514532,-2.5973759952978512,-2.6040656873995505,0.0008967360510922318,-2.0519907595083165e-05
Y-,7.6000000000000005,4.1000000000000005,21.71736759000123,0.0,-0.035646587274755566,-0.5874300317567498,-2.0519907595083165e-05,-5.975417223475589e-05,-0.18149820298157981,-2.667073599749106e-05,-0.04063203449821601,-0.5862176896019073,-0.0012831089448016894,3.2983527630285366e-08,-0.16471866694057052,0.0009489624996537293,-0.03626854209435746,-0.5892185359539455,2.6179174704931075e-05,0.0,-0.2,0.0,1.5707963267948966,1.5707963267948966,-2.962962962962963,-2.962962962962963,1.570796227418688,1.570796269514532,-2.5973759952978512,-2.6040656873995505,0.0008967360510922318,-2.0519907595083165e-05
Y-,7.6000000000000005,4.1000000000000005,21.747773811002844,0.0,-0.035646587274755566,-0.5874300317567498,-2.0519907595083165e-05,-5.975417223475589e-05,-0.18149820298157981,-2.667073599749106e-05,-0.04063203449821601,-0.5862176896019073,-0.0012831089448016894,3.2983527630285366e-08,-0.16471866694057052,0.0009489624996537293,-0.03626854209435746,-0.5892185359539455,2.6179174704931075e-05,0.0,-0.2,0.0,1.5707963267948966,1.5707963267948966,-2.962962962962963,-2.962962962962963,1.570796227418688,1.570796269514532,-2.5973759952978512,-2.6040656873995505,0.0008967360510922318,-2.0519907595083165e-05
Y-,7.6000000000000005,4.1000000000000005,21.778984204000153,0.0,-0.035646587274755566,-0.5874300317567498,-2.0519907595083165e-05,-5.975417223475589e-05,-0.18149820298157981,-2.667073599749106e-05,-0.04063203449821601,-0.5862176896019073,-0.0012831089448016894,3.2983527630285366e-08,-0.16471866694057052,0.0009489624996537293,-0.03626854209435746,-0.5892185359539455,2.6179174704931075e-05,0.0,-0.2,0.0,1.5707963267948966,1.5707963267948966,-2.962962962962963,-2.962962962962963,1.570796227418688,1.570796269514532,-2.5973759952978512,-2.6040656873995505,0.0008967360510922318,-2.0519907595083165e-05
Y-,7.6000000000000005,4.1000000000000005,21.80633223300174,0.0,-0.035646587274755566,-0.5874300317567498,-2.0519907595083165e-05,-5.975417223475589e-05,-0.18149820298157981,-2.667073599749106e-05,-0.04063203449821601,-0.5862176896019073,-0.0012831089448016894,3.2983527630285366e-08,-0.16471866694057052,0.0009489624996537293,-0.03626854209435746,-0.5892185359539455,2.6179174704931075e-05,0.0,-0.2,0.0,1.5707963267948966,1.5707963267948966,-2.962962962962963,-2.962962962962963,1.570796227418688,1.570796269514532,-2.5973759952978512,-2.6040656873995505,0.0008967360510922318,-2.0519907595083165e-05
Y-,7.6000000000000005,4.1000000000000005,21.8328848630008,0.0,-0.035646587274755566,-0.5874300317567498,-2.0519907595083165e-05,-5.975417223475589e-05,-0.18149820298157981,-2.667073599749106e-05,-0.04063203449821601,-0.5862176896019073,-0.0012831089448016894,3.2983527630285366e-08,-0.16471866694057052,0.0009489624996537293,-0.03626854209435746,-0.5892185359539455,2.6179174704931075e-05,0.0,-0.2,0.0,1.5707963267948966,1.5707963267948966,-2.962962962962963,-2.962962962962963,1.570796227418688,1.570796269514532,-2.5973759952978512,-2.6040656873995505,0.0008967360510922318,-2.0519907595083165e-05
Y-,7.6000000000000005,4.1000000000000005,21.860111067002435,0.0,-0.035646587274755566,-0.5874300317567498,-2.0519907595083165e-05,-5.975417223475589e-05,-0.18149820298157981,-2.667073599749106e-05,-0.04063203449821601,-0.5862176896019073,-0.0012831089448016894,3.2983527630285366e-08,-0.16471866694057052,0.0009489624996537293,-0.03626854209435746,-0.5892185359539455,2.6179174704931075e-05,0.0,-0.2,0.0,1.5707963267948966,1.5707963267948966,-2.962962962962963,-2.962962962962963,1.570796227418688,1.570796269514532,-2.5973759952978512,-2.6040656873995505,0.0008967360510922318,-2.0519907595083165e-05
Y-,7.6000000000000005,4.1000000000000005,21.89019852199999,0.0,-0.035646587274755566,-0.5874300317567498,-2.0519907595083165e-05,-5.975417223475589e-05,-0.18149820298157981,-2.667073599749106e-05,-0.04063203449821601,-0.5862176896019073,-0.0012831089448016894,3.2983527630285366e-08,-0.16471866694057052,0.0009489624996537293,-0.03626854209435746,-0.5892185359539455,2.6179174704931075e-05,0.0,-0.2,0.0,1.5707963267948966,1.5707963267948966,-2.962962962962963,-2.962962962962963,1.570796227418688,1.570796269514532,-2.5973759952978512,-2.6040656873995505,0.0008967360510922318,-2.0519907595083165e-05
Y-,7.6000000000000005,4.1000000000000005,21.923665812002582,0.0,-0.035646587274755566,-0.5874300317567498,-2.0519907595083165e-05,-5.975417223475589e-05,-0.18149820298157981,-2.667073599749106e-05,-0.04063203449821601,-0.5862176896019073,-0.0012831089448016894,3.2983527630285366e-08,-0.16471866694057052,0.0009489624996537293,-0.03626854209435746,-0.5892185359539455,2.6179174704931075e-05,0.0,-0.2,0.0,1.5707963267948966,1.5707963267948966,-2.962962962962963,-2.962962962962963,1.570796227418688,1.570796269514532,-2.5973759952978512,-2.6040656873995505,0.0008967360510922318,-2.0519907595083165e-05
Y-,7.6000000000000005,4.1000000000000005,21.953327037001145,0.0,-0.035646587274755566,-0.5874300317567498,-2.0519907595083165e-05,-5.975417223475589e-05,-0.18149820298157981,-2.667073599749106e-05,-0.04063203449821601,-0.5862176896019073,-0.0012831089448016894,3.2983527630285366e-08,-0.16471866694057052,0.0009489624996537293,-0.03626854209435746,-0.5892185359539455,2.6179174704931075e-05,0.0,-0.2,0.0,1.5707963267948966,1.5707963267948966,-2.962962962962963,-2.962962962962963,1.570796227418688,1.570796269514532,-2.5973759952978512,-2.6040656873995505,0.0008967360510922318,-2.0519907595083165e-05
Y-,7.6000000000000005,4.1000000000000005,21.98591186200065,0.0,-0.035646587274755566,-0.5874300317567498,-2.0519907595083165e-05,-5.975417223475589e-05,-0.18149820298157981,-2.667073599749106e-05,-0.04063203449821601,-0.5862176896019073,-0.0012831089448016894,3.2983527630285366e-08,-0.16471866694057052,0.0009489624996537293,-0.03626854209435746,-0.5892185359539455,2.6179174704931075e-05,0.0,-0.2,0.0,1.5707963267948966,1.5707963267948966,-2.962962962962963,-2.962962962962963,1.570796227418688,1.570796269514532,-2.5973759952978512,-2.6040656873995505,0.0008967360510922318,-2.0519907595083165e-05
Y-,7.6000000000000005,4.1000000000000005,22.011950590000197,0.0,-0.035646602012857444,-0.5903517959172438,-2.0506583854410975e-05,-5.992426681855792e-05,-0.18093264732828085,-2.5878043542021292e-05,-0.04063203449821601,-0.5862176896019073,-0.0012831089448016894,3.2983527630285366e-08,-0.16471866694057052,0.0009489624996537293,-0.03626854209435746,-0.5892185359539455,2.6179174704931075e-05,0.0,-0.2,0.0,1.5707963267948966,1.5707963267948966,-2.962962962962963,-2.962962962962963,1.570796230048411,1.570796263538167,-2.603056567840619,-2.60883601255725,-0.0026102088568678425,-2.0511178421477192e-05
Y-,7.6000000000000005,4.1000000000000005,22.048865166001633,0.0,-0.035646617526632285,-0.5934461003759091,-2.049620800563441e-05,-6.009683444141439e-05,-0.1803045434895803,-2.4989083090537222e-05,-0.04063203449821601,-0.5862176896019073,-0.0012831089448016894,3.2983527630285366e-08,-0.16471866694057052,0.0009489624996537293,-0.03626854209435746,-0.5892185359539455,2.6179174704931075e-05,0.0,-0.2,0.0,1.5707963267948966,1.5707963267948966,-2.962962962962963,-2.962962962962963,1.5707962313171855,1.570796260493819,-2.605455939361874,-2.6108155108491786,-0.002872470809936051,-2.0496735802408333e-05
Y-,7.6000000000000005,4.1000000000000005,22.07649907599989,0.0,-0.03564663124818909,-0.5961674127267926,-2.0488379820036257e-05,-6.030674064926028e-05,-0.17973107814219969,-2.385479968240409e-05,-0.04063203449821601,-0.5862176896019073,-0.0012831089448016894,3.2983527630285366e-08,-0.16471866694057052,0.0009489624996537293,-0.03626854209435746,-0.5892185359539455,2.6179174704931075e-05,0.0,-0.2,0.0,1.5707963267948966,1.5707963267948966,-2.962962962962963,-2.962962962962963,1.570796233843173,1.5707962543212473,-2.6095277579176432,-2.6141061558319705,-0.0013709769625286717,-2.049162342201776e-05
Y-,7.6000000000000005,4.1000000000000005,22.10565391899945,0.0,-0.0356466452726402,-0.5988800691452653,-2.0479024560388986e-05,-6.070129860647993e-05,-0.17914262829740457,-2.222229338778955e-05,-0.04063203449821601,-0.5862176896019073,-0.0012831089448016894,3.2983527630285366e-08,-0.16471866694057052,0.0009489624996537293,-0.03626854209435746,-0.5892185359539455,2.6179174704931075e-05,0.0,-0.2,0.0,1.5707963267948966,1.5707963267948966,-2.962962962962963,-2.962962962962963,1.5707962351065508,1.570796251203694,-2.611253582879071,-2.6154658519469107,-0.00038230555406646203,-2.047982971137127e-05
Y-,7.6000000000000005,4.1000000000000005,22.12970278300054,0.0,-0.03564665739442714,-0.6010438220466405,-2.046252143155499e-05,-6.149344262991565e-05,-0.17866275577448318,-1.8847916281087934e-05,-0.04065339592931686,-0.6028647772964113,-0.0012383949481576206,-1.3922518232311819e-08,-0.16647101399920694,0.00044713996644068994,-0.036273115730596446,-0.5904314546349584,-0.0002751494081705277,0.0,-0.2,0.0,1.5707963267948966,1.5707963267948966,-2.962962962962963,-2.962962962962963,1.5707962376189117,1.570796244930297,-2.614193021715678,-2.617756664000624,-0.0001309335643375139,-2.046688760735832e-05
Y-,7.7,4.2,22.156658574000176,0.09999999999999964,-0.03564668401957967,-0.604457942151508,-2.035907726131578e-05,-6.59339734486089e-05,-0.17788818738978307,-4.1734073830535815e-06,-0.04065339592931686,-0.6028647772964113,-0.0012383949481576206,-1.3922518232311819e-08,-0.16647101399920694,0.00044713996644068994,-0.036273115730596446,-0.5904314546349584,-0.0002751494081705277,0.0,-0.2,0.0,1.5707963267948966,1.5707963267948966,-2.962962962962963,-2.962962962962963,1.5707962388410062,1.5707962417841825,-2.6154320405211844,-2.618763014422339,-0.0008233672563376694,-2.0367893834922222e-05
Y-,7.7,4.2,22.187639256000693,0.0,-0.03564669443443104,-0.6055330299779638,-2.030103475275713e-05,-6.766088041521381e-05,-0.1776401412796398,7.023431754828745e-07,-0.04065339592931686,-0.6028647772964113,-0.0012383949481576206,-1.3922518232311819e-08,-0.16647101399920694,0.00044713996644068994,-0.036273115730596446,-0.5904314546349584,-0.0002751494081705277,0.0,-0.2,0.0,1.5707963267948966,1.5707963267948966,-2.962962962962963,-2.962962962962963,1.5707962400285895,1.5707962386400762,-2.6165343880230063,-2.6196726735149376,-0.0008233672563376694,-2.0367893834922222e-05
Y-,7.7,4.2,22.21649116700064,0.0,-0.03564669443443104,-0.6055330299779638,-2.030103475275713e-05,-6.766088041521381e-05,-0.1776401412796398,7.023431754828745e-07,-0.04065339592931686,-0.6028647772964113,-0.0012383949481576206,-1.3922518232311819e-08,-0.16647101399920694,0.00044713996644068994,-0.036273115730596446,-0.5904314546349584,-0.0002751494081705277,0.0,-0.2,0.0,1.5707963267948966,1.5707963267948966,-2.962962962962963,-2.962962962962963,1.5707962400285895,1.5707962386400762,-2.6165343880230063,-2.6196726735149376,-0.0008233672563376694,-2.0367893834922222e-05
Y-,7.7,4.2,22.2452333479996,0.0,-0.03564669443443104,-0.6055330299779638,-2.030103475275713e-05,-6.766088041521381e-05,-0.1776401412796398,7.023431754828745e-07,-0.04065339592931686,-0.6028647772964113,-0.0012383949481576206,-1.3922518232311819e-08,-0.16647101399920694,0.00044713996644068994,-0.036273115730596446,-0.5904314546349584,-0.0002751494081705277,0.0,-0.2,0.0,1.5707963267948966,1.5707963267948966,-2.962962962962963,-2.962962962962963,1.5707962400285895,1.5707962386400762,-2.6165343880230063,-2.6196726735149376,-0.0008233672563376694,-2.0367893834922222e-05
Y-,7.7,4.2,22.272266211002716,0.0,-0.03564669443443104,-0.6055330299779638,-2.030103475275713e-05,-6.766088041521381e-05,-0.1776401412796398,7.023431754828745e-07,-0.04065339592931686,-0.6028647772964113,-0.0012383949481576206,-1.3922518232311819e-08,-0.16647101399920694,0.00044713996644068994,-0.036273115730596446,-0.5904314546349584,-0.0002751494081705277,0.0,-0.2,0.0,1.5707963267948966,1.5707963267948966,-2.962962962962963,-2.962962962962963,1.5707962400285895,1.5707962386400762,-2.6165343880230063,-2.6196726735149376,-0.0008233672563376694,-2.0367893834922222e-05
Y-,7.7,4.2,22.300543880002806,0.0,-0.03564669443443104,-0.6055330299779638,-2.030103475275713e-05,-6.766088041521381e-05,-0.1776401412796398,7.023431754828745e-07,-0.04065339592931686,-0.6028647772964113,-0.0012383949481576206,-1.3922518232311819e-08,-0.16647101399920694,0.00044713996644068994,-0.036273115730596446,-0.5904314546349584,-0.0002751494081705277,0.0,-0.2,0.0,1.5707963267948966,1.5707963267948966,-2.962962962962963,-2.962962962962963,1.5707962400285895,1.5707962386400762,-2.6165343880230063,-2.6196726735149376,-0.0008233672563376694,-2.0367893834922222e-05
Y-,7.7,4.2,22.33264299900111,0.0,-0.03564669443443104,-0.6055330299779638,-2.030103475275713e-05,-6.766088041521381e-05,-0.1776401412796398,7.023431754828745e-07,-0.04065339592931686,-0.6028647772964113,-0.0012383949481576206,-1.3922518232311819e-08,-0.16647101399920694,0.00044713996644068994,-0.036273115730596446,-0.5904314546349584,-0.0002751494081705277,0.0,-0.2,0.0,1.5707963267948966,1.5707963267948966,-2.962962962962963,-2.962962962962963,1.5707962400285895,1.5707962386400762,-2.6165343880230063,-2.6196726735149376,-0.0008233672563376694,-2.0367893834922222e-05
Y-,7.7,4.2,22.356633392999356,0.0,-0.03564669443443104,-0.6055330299779638,-2.030103475275713e-05,-6.766088041521381e-05,-0.1776401412796398,7.023431754828745e-07,-0.04065339592931686,-0.6028647772964113,-0.0012383949481576206,-1.3922518232311819e-08,-0.16647101399920694,0.00044713996644068994,-0.036273115730596446,-0.5904314546349584,-0.0002751494081705277,0.0,-0.2,0.0,1.5707963267948966,1.5707963267948966,-2.962962962962963,-2.962962962962963,1.5707962400285895,1.5707962386400762,-2.6165343880230063,-2.6196726735149376,-0.0008233672563376694,-2.0367893834922222e-05
Y-,7.7,4.2,22.39859280500241,0.0,-0.03564669443443104,-0.6055330299779638,-2.030103475275713e-05,-6.766088041521381e-05,-0.1776401412796398,7.023431754828745e-07,-0.04065339592931686,-0.6028647772964113,-0.0012383949481576206,-1.3922518232311819e-08,-0.16647101399920694,0.00044713996644068994,-0.036273115730596446,-0.5904314546349584,-0.0002751494081705277,0.0,-0.2,0.0,1.5707963267948966,1.5707963267948966,-2.962962962962963,-2.962962962962963,1.5707962400285895,1.5707962386400762,-2.6165343880230063,-2.6196726735149376,-0.0008233672563376694,-2.0367893834922222e-05
Y-,7.7,4.2,22.428571065000142,0.0,-0.03564669443443104,-0.6055330299779638,-2.030103475275713e-05,-6.766088041521381e-05,-0.1776401412796398,7.023431754828745e-07,-0.04065339592931686,-0.6028647772964113,-0.0012383949481576206,-1.3922518232311819e-08,-0.16647101399920694,0.00044713996644068994,-0.036273115730596446,-0.5904314546349584,-0.0002751494081705277,0.0,-0.2,0.0,1.5707963267948966,1.5707963267948966,-2.962962962962963,-2.962962962962963,1.5707962400285895,1.5707962386400762,-2.6165343880230063,-2.6196726735149376,-0.0008233672563376694,-2.0367893834922222e-05
Y-,7.7,4.2,22.462185486001545,0.0,-0.03564669443443104,-0.6055330299779638,-2.030103475275713e-05,-6.766088041521381e-05,-0.1776401412796398,7.023431754828745e-07,-0.04065339592931686,-0.6028647772964113,-0.0012383949481576206,-1.3922518232311819e-08,-0.16647101399920694,0.00044713996644068994,-0.036273115730596446,-0.5904314546349584,-0.0002751494081705277,0.0,-0.2,0.0,1.5707963267948966,1.5707963267948966,-2.962962962962963,-2.962962962962963,1.5707962400285895,1.5707962386400762,-2.6165343880230063,-2.6196726735149376,-0.0008233672563376694,-2.0367893834922222e-05
Y-,7.7,4.2,22.490855082000053,0.0,-0.03564669443443104,-0.6055330299779638,-2.030103475275713e-05,-6.766088041521381e-05,-0.1776401412796398,7.023431754828745e-07,-0.04065339592931686,-0.6028647772964113,-0.0012383949481576206,-1.3922518232311819e-08,-0.16647101399920694,0.00044713996644068994,-0.036273115730596446,-0.5904314546349584,-0.0002751494081705277,0.0,-0.2,0.0,1.5707963267948966,1.5707963267948966,-2.962962962962963,-2.962962962962963,1.5707962400285895,1.5707962386400762,-2.6165343880230063,-2.6196726735149376,-0.0008233672563376694,-2.0367893834922222e-05
Y-,7.7,4.2,22.516491869002493,0.0,-0.03564669443443104,-0.6055330299779638,-2.030103475275713e-05,-6.766088041521381e-05,-0.1776401412796398,7.023431754828745e-07,-0.04065339592931686,-0.6028647772964113,-0.0012383949481576206,-1.3922518232311819e-08,-0.16647101399920694,0.00044713996644068994,-0.036273115730596446,-0.5904314546349584,-0.0002751494081705277,0.0,-0.2,0.0,1.5707963267948966,1.5707963267948966,-2.962962962962963,-2.962962962962963,1.5707962400285895,1.5707962386400762,-2.6165343880230063,-2.6196726735149376,-0.0008233672563376694,-2.0367893834922222e-05
Y-,7.7,4.2,22.544915221002157,0.0,-0.03564669443443104,-0.6055330299779638,-2.030103475275713e-05,-6.766088041521381e-05,-0.1776401412796398,7.023431754828745e-07,-0.04065339592931686,-0.6028647772964113,-0.0012383949481576206,-1.3922518232311819e-08,-0.16647101399920694,0.00044713996644068994,-0.036273115730596446,-0.5904314546349584,-0.0002751494081705277,0.0,-0.2,0.0,1.5707963267948966,1.5707963267948966,-2.962962962962963,-2.962962962962963,1.5707962400285895,1.5707962386400762,-2.6165343880230063,-2.6196726735149376,-0.0008233672563376694,-2.0367893834922222e-05
Y-,7.7,4.2,22.574946986002033,0.0,-0.03564672604496723,-0.6087493625872002,-2.011358543858246e-05,-7.224694571291576e-05,-0.17688768384723982,1.1372365256038005e-05,-0.04065339592931686,-0.6028647772964113,-0.0012383949481576206,-1.3922518232311819e-08,-0.16647101399920694,0.00044713996644068994,-0.036273115730596446,-0.5904314546349584,-0.0002751494081705277,0.0,-0.2,0.0,1.5707963267948966,1.5707963267948966,-2.962962962962963,-2.962962962962963,1.5707962424067636,1.5707962324050797,-2.6184670730791333,-2.6211971651605555,0.0014862535165136757,-2.0144196593787936e-05
Y-,7.7,4.2,22.60182389700276,0.0,-0.03564675721039853,-0.6121296617003249,-1.9930203751797065e-05,-7.648895401571926e-05,-0.17608137181916034,2.107621761011725e-05,-0.04065339592931686,-0.6028647772964113,-0.0012383949481576206,-1.3922518232311819e-08,-0.16647101399920694,0.00044713996644068994,-0.036273115730596446,-0.5904314546349584,-0.0002751494081705277,0.0,-0.2,0.0,1.5707963267948966,1.5707963267948966,-2.962962962962963,-2.962962962962963,1.5707962448172692,1.5707962262583974,-2.6201264951965872,-2.6224384934691667,-0.0010877501803454096,-1.9958272813032498e-05
Y-,7.7,4.2,22.63234955200096,0.0,-0.0356467853690309,-0.6153179080467862,-1.9761459016143965e-05,-8.030564909618983e-05,-0.17530740324469404,3.0367427768612503e-05,-0.04065339592931686,-0.6028647772964113,-0.0012383949481576206,-1.3922518232311819e-08,-0.16647101399920694,0.00044713996644068994,-0.036273115730596446,-0.5904314546349584,-0.0002751494081705277,0.0,-0.2,0.0,1.5707963267948966,1.5707963267948966,-2.962962962962963,-2.962962962962963,1.5707960471090763,1.5707962202315606,-2.621614873742029,-2.623509797541469,-0.0026794815305258186,-1.9761459016143965e-05
Y-,7.7,4.2,22.670573835999676,0.0,-0.03564681046066284,-0.6183162387971767,-1.9583383442201996e-05,-8.40021063323896e-05,-0.1745681705085132,3.881415207515591e-05,-0.04067408743161626,-0.6195704865603239,-0.0012182799899134588,-3.2257631034604097e-08,-0.16705722078037571,0.00020114958244161663,-0.03628482493373183,-0.6247247441946506,-0.0001922797476754394,0.0,-0.2,0.0,1.5707963267948966,1.5707963267948966,-2.962962962962963,-2.962962962962963,1.5707957861343163,1.5707962172611127,-2.622361455196116,-2.6240110141667823,-0.00027521546865874776,-1.9668963004503308e-05
Y-,7.800000000000001,4.300000000000001,22.705112776002352,0.10000000000000053,-0.03564683597680843,-0.6218275944416589,-1.9382334393728963e-05,-8.756451747660182e-05,-0.1736884713010456,4.521496242829243e-05,-0.04067408743161626,-0.6195704865603239,-0.0012182799899134588,-3.2257631034604097e-08,-0.16705722078037571,0.00020114958244161663,-0.03628482493373183,-0.6247247441946506,-0.0001922797476754394,0.0,-0.2,0.0,1.5707963267948966,1.5707963267948966,-2.962962962962963,-2.962962962962963,1.5707953090331825,1.5707962114462477,-2.62387110564014,-2.624988001965898,0.0025486320485640637,-1.944848762845116e-05
Y-,7.800000000000001,4.300000000000001,22.732036563000293,0.0,-0.03564684853441076,-0.6241005501966527,-1.9276079819678597e-05,-8.91942084031999e-05,-0.17311074957084674,4.747752213642973e-05,-0.04067408743161626,-0.6195704865603239,-0.0012182799899134588,-3.2257631034604097e-08,-0.16705722078037571,0.00020114958244161663,-0.03628482493373183,-0.6247247441946506,-0.0001922797476754394,0.0,-0.2,0.0,1.5707963267948966,1.5707963267948966,-2.962962962962963,-2.962962962962963,1.5707948379071395,1.5707962058161646,-2.625437806087223,-2.6259922863219516,-0.003213930297122423,-1.9347212126789136e-05
Y-,7.800000000000001,4.300000000000001,22.761301377002383,0.0,-0.03564684853441076,-0.6241005501966527,-1.9276079819678597e-05,-8.91942084031999e-05,-0.17311074957084674,4.747752213642973e-05,-0.04067408743161626,-0.6195704865603239,-0.0012182799899134588,-3.2257631034604097e-08,-0.16705722078037571,0.00020114958244161663,-0.03628482493373183,-0.6247247441946506,-0.0001922797476754394,0.0,-0.2,0.0,1.5707963267948966,1.5707963267948966,-2.962962962962963,-2.962962962962963,1.5707948379071395,1.5707962058161646,-2.625437806087223,-2.6259922863219516,-0.003213930297122423,-1.9347212126789136e-05
Y-,7.800000000000001,4.300000000000001,22.789891671000078,0.0,-0.03564684853441076,-0.6241005501966527,-1.9276079819678597e-05,-8.91942084031999e-05,-0.17311074957084674,4.747752213642973e-05,-0.04067408743161626,-0.6195704865603239,-0.0012182799899134588,-3.2257631034604097e-08,-0.16705722078037571,0.00020114958244161663,-0.03628482493373183,-0.6247247441946506,-0.0001922797476754394,0.0,-0.2,0.0,1.5707963267948966,1.5707963267948966,-2.962962962962963,-2.962962962962963,1.5707948379071395,1.5707962058161646,-2.625437806087223,-2.6259922863219516,-0.003213930297122423,-1.9347212126789136e-05
Y-,7.800000000000001,4.300000000000001,22.8226462240018,0.0,-0.03564684853441076,-0.6241005501966527,-1.9276079819678597e-05,-8.91942084031999e-05,-0.17311074957084674,4.747752213642973e-05,-0.04067408743161626,-0.6195704865603239,-0.0012182799899134588,-3.2257631034604097e-08,-0.16705722078037571,0.00020114958244161663,-0.03628482493373183,-0.6247247441946506,-0.0001922797476754394,0.0,-0.2,0.0,1.5707963267948966,1.5707963267948966,-2.962962962962963,-2.962962962962963,1.5707948379071395,1.5707962058161646,-2.625437806087223,-2.6259922863219516,-0.003213930297122423,-1.9347212126789136e-05
Y-,7.800000000000001,4.300000000000001,22.853409380000812,0.0,-0.03564684853441076,-0.6241005501966527,-1.9276079819678597e-05,-8.91942084031999e-05,-0.17311074957084674,4.747752213642973e-05,-0.04067408743161626,-0.6195704865603239,-0.0012182799899134588,-3.2257631034604097e-08,-0.16705722078037571,0.00020114958244161663,-0.03628482493373183,-0.6247247441946506,-0.0001922797476754394,0.0,-0.2,0.0,1.5707963267948966,1.5707963267948966,-2.962962962962963,-2.962962962962963,1.5707948379071395,1.5707962058161646,-2.625437806087223,-2.6259922863219516,-0.003213930297122423,-1.9347212126789136e-05
Y-,7.800000000000001,4.300000000000001,22.8919235880021,0.0,-0.03564684853441076,-0.6241005501966527,-1.9276079819678597e-05,-8.91942084031999e-05,-0.17311074957084674,4.747752213642973e-05,-0.04067408743161626,-0.6195704865603239,-0.0012182799899134588,-3.2257631034604097e-08,-0.16705722078037571,0.00020114958244161663,-0.03628482493373183,-0.6247247441946506,-0.0001922797476754394,0.0,-0.2,0.0,1.5707963267948966,1.5707963267948966,-2.962962962962963,-2.962962962962963,1.5707948379071395,1.5707962058161646,-2.625437806087223,-2.6259922863219516,-0.003213930297122423,-1.9347212126789136e-05
Y-,7.800000000000001,4.300000000000001,22.918894255999476,0.0,-0.03564684853441076,-0.6241005501966527,-1.9276079819678597e-05,-8.91942084031999e-05,-0.17311074957084674,4.747752213642973e-05,-0.04067408743161626,-0.6195704865603239,-0.0012182799899134588,-3.2257631034604097e-08,-0.16705722078037571,0.00020114958244161663,-0.03628482493373183,-0.6247247441946506,-0.0001922797476754394,0.0,-0.2,0.0,1.5707963267948966,1.5707963267948966,-2.962962962962963,-2.962962962962963,1.5707948379071395,1.5707962058161646,-2.625437806087223,-2.6259922863219516,-0.003213930297122423,-1.9347212126789136e-05
Y-,7.800000000000001,4.300000000000001,22.943633023001894,0.0,-0.03564684853441076,-0.6241005501966527,-1.9276079819678597e-05,-8.91942084031999e-05,-0.17311074957084674,4.747752213642973e-05,-0.04067408743161626,-0.6195704865603239,-0.0012182799899134588,-3.2257631034604097e-08,-0.16705722078037571,0.00020114958244161663,-0.03628482493373183,-0.6247247441946506,-0.0001922797476754394,0.0,-0.2,0.0,1.5707963267948966,1.5707963267948966,-2.962962962962963,-2.962962962962963,1.5707948379071395,1.5707962058161646,-2.625437806087223,-2.6259922863219516,-0.003213930297122423,-1.9347212126789136e-05
Y-,7.800000000000001,4.300000000000001,22.96962399200129,0.0,-0.03564684853441076,-0.6241005501966527,-1.9276079819678597e-05,-8.91942084031999e-05,-0.17311074957084674,4.747752213642973e-05,-0.04067408743161626,-0.6195704865603239,-0.0012182799899134588,-3.2257631034604097e-08,-0.16705722078037571,0.00020114958244161663,-0.03628482493373183,-0.6247247441946506,-0.0001922797476754394,0.0,-0.2,0.0,1.5707963267948966,1.5707963267948966,-2.962962962962963,-2.962962962962963,1.5707948379071395,1.5707962058161646,-2.625437806087223,-2.6259922863219516,-0.003213930297122423,-1.9347212126789136e-05
Y-,7.800000000000001,4.300000000000001,23.003471310999885,0.0,-0.03564684853441076,-0.6241005501966527,-1.9276079819678597e-05,-8.91942084031999e-05,-0.17311074957084674,4.747752213642973e-05,-0.04067408743161626,-0.6195704865603239,-0.0012182799899134588,-3.2257631034604097e-08,-0.16705722078037571,0.00020114958244161663,-0.03628482493373183,-0.6247247441946506,-0.0001922797476754394,0.0,-0.2,0.0,1.5707963267948966,1.5707963267948966,-2.962962962962963,-2.962962962962963,1.5707948379071395,1.5707962058161646,-2.625437806087223,-2.6259922863219516,-0.003213930297122423,-1.9347212126789136e-05
Y-,7.800000000000001,4.300000000000001,23.02960028400048,0.0,-0.03564684853441076,-0.6241005501966527,-1.9276079819678597e-05,-8.91942084031999e-05,-0.17311074957084674,4.747752213642973e-05,-0.04067408743161626,-0.6195704865603239,-0.0012182799899134588,-3.2257631034604097e-08,-0.16705722078037571,0.00020114958244161663,-0.03628482493373183,-0.6247247441946506,-0.0001922797476754394,0.0,-0.2,0.0,1.5707963267948966,1.5707963267948966,-2.962962962962963,-2.962962962962963,1.5707948379071395,1.5707962058161646,-2.625437806087223,-2.6259922863219516,-0.003213930297122423,-1.9347212126789136e-05
Y-,7.800000000000001,4.300000000000001,23.05654161700295,0.0,-0.03564684853441076,-0.6241005501966527,-1.9276079819678597e-05,-8.91942084031999e-05,-0.17311074957084674,4.747752213642973e-05,-0.04067408743161626,-0.6195704865603239,-0.0012182799899134588,-3.2257631034604097e-08,-0.16705722078037571,0.00020114958244161663,-0.03628482493373183,-0.6247247441946506,-0.0001922797476754394,0.0,-0.2,0.0,1.5707963267948966,1.5707963267948966,-2.962962962962963,-2.962962962962963,1.5707948379071395,1.5707962058161646,-2.625437806087223,-2.6259922863219516,-0.003213930297122423,-1.9347212126789136e-05
Y-,7.800000000000001,4.300000000000001,23.081762551999418,0.0,-0.03564684853441076,-0.6241005501966527,-1.9276079819678597e-05,-8.91942084031999e-05,-0.17311074957084674,4.747752213642973e-05,-0.04067408743161626,-0.6195704865603239,-0.0012182799899134588,-3.2257631034604097e-08,-0.16705722078037571,0.00020114958244161663,-0.03628482493373183,-0.6247247441946506,-0.0001922797476754394,0.0,-0.2,0.0,1.5707963267948966,1.5707963267948966,-2.962962962962963,-2.962962962962963,1.5707948379071395,1.5707962058161646,-2.625437806087223,-2.6259922863219516,-0.003213930297122423,-1.9347212126789136e-05
Y-,7.800000000000001,4.300000000000001,23.107407318002515,0.0,-0.03564684853441076,-0.6241005501966527,-1.9276079819678597e-05,-8.91942084031999e-05,-0.17311074957084674,4.747752213642973e-05,-0.04067408743161626,-0.6195704865603239,-0.0012182799899134588,-3.2257631034604097e-08,-0.16705722078037571,0.00020114958244161663,-0.03628482493373183,-0.6247247441946506,-0.0001922797476754394,0.0,-0.2,0.0,1.5707963267948966,1.5707963267948966,-2.962962962962963,-2.962962962962963,1.5707948379071395,1.5707962058161646,-2.625437806087223,-2.6259922863219516,-0.003213930297122423,-1.9347212126789136e-05
Y-,7.800000000000001,4.300000000000001,23.145807566001167,0.0,-0.03564685725986671,-0.6263660079481146,-1.9194665003394148e-05,-9.023267393319469e-05,-0.17252811635030832,4.829298423244711e-05,-0.04067408743161626,-0.6195704865603239,-0.0012182799899134588,-3.2257631034604097e-08,-0.16705722078037571,0.00020114958244161663,-0.03628482493373183,-0.6247247441946506,-0.0001922797476754394,0.0,-0.2,0.0,1.5707963267948966,1.5707963267948966,-2.962962962962963,-2.962962962962963,1.5707946008976217,1.5707962030749796,-2.626262101527995,-2.626527616132398,-0.0017124267163770362,-1.920543118686934e-05
Y-,7.800000000000001,4.300000000000001,23.17465259600067,0.0,-0.035646862139484856,-0.6294902957505648,-1.9129716101892e-05,-9.055731876166247e-05,-0.17171262985665545,4.671400360776646e-05,-0.04067408743161626,-0.6195704865603239,-0.0012182799899134588,-3.2257631034604097e-08,-0.16705722078037571,0.00020114958244161663,-0.03628482493373183,-0.6247247441946506,-0.0001922797476754394,0.0,-0.2,0.0,1.5707963267948966,1.5707963267948966,-2.962962962962963,-2.962962962962963,1.5707941230148146,1.5707961977530003,-2.628035544661572,-2.627705620981303,-0.000502660908227786,-1.9158471154999284e-05
Y-,7.800000000000001,4.300000000000001,23.1985041370026,0.0,-0.03564685980451949,-0.6317376028521668,-1.912222881753806e-05,-8.989088398260822e-05,-0.17111670881199448,4.342427884176279e-05,-0.04067408743161626,-0.6195704865603239,-0.0012182799899134588,-3.2257631034604097e-08,-0.16705722078037571,0.00020114958244161663,-0.03628482493373183,-0.6247247441946506,-0.0001922797476754394,0.0,-0.2,0.0,1.5707963267948966,1.5707963267948966,-2.962962962962963,-2.962962962962963,1.570793882258557,1.570796195177615,-2.6290013950048454,-2.6283641775069526,0.00018968268463040287,-1.9120808544571827e-05
Y-,7.800000000000001,4.300000000000001,23.24207225000282,0.0,-0.035646845436744845,-0.6351798554962285,-1.918355900468341e-05,-8.722072046762902e-05,-0.17018698945881597,3.4538829643462905e-05,-0.040694526947514985,-0.6363267351067211,-0.0012317866903566509,-2.5703470121062673e-07,-0.16756261012582407,-0.00013506700443191905,-0.036305788771670656,-0.6387839546634118,-0.00018577199754998922,0.0,-0.2,0.0,1.5707963267948966,1.5707963267948966,-2.962962962962963,-2.962962962962963,1.570793396128968,1.5707961902122927,-2.63113243172194,-2.6298600369180822,0.0010509328748174204,-1.918355900468341e-05
Y-,7.9,4.4,23.275234780001483,0.09999999999999964,-0.0356468183894233,-0.6384327296884563,-1.933245277636106e-05,-8.263751727598735e-05,-0.16928709659739646,2.1454850380635878e-05,-0.040694526947514985,-0.6363267351067211,-0.0012317866903566509,-2.5703470121062673e-07,-0.16756261012582407,-0.00013506700443191905,-0.036305788771670656,-0.6387839546634118,-0.00018577199754998922,0.0,-0.2,0.0,1.5707963267948966,1.5707963267948966,-2.962962962962963,-2.962962962962963,1.570792904173917,1.5707961855151158,-2.6335845954414716,-2.6316477343161133,0.002239665162198625,-1.933245277636106e-05
Y-,7.9,4.4,23.307780209001066,0.0,-0.035646779468777416,-0.6414985812994706,-1.956268959755707e-05,-7.624354004680154e-05,-0.16841704166585247,4.61172294015048e-06,-0.040694526947514985,-0.6363267351067211,-0.0012317866903566509,-2.5703470121062673e-07,-0.16756261012582407,-0.00013506700443191905,-0.036305788771670656,-0.6387839546634118,-0.00018577199754998922,0.0,-0.2,0.0,1.5707963267948966,1.5707963267948966,-2.962962962962963,-2.962962962962963,1.5707924071219042,1.5707961811134945,-2.6364259770937166,-2.6337943867007367,-0.0017552865159734135,-1.944921827851121e-05
Y-,7.9,4.4,23.333549463000963,0.0,-0.035646779468777416,-0.6414985812994706,-1.956268959755707e-05,-7.624354004680154e-05,-0.16841704166585247,4.61172294015048e-06,-0.040694526947514985,-0.6363267351067211,-0.0012317866903566509,-2.5703470121062673e-07,-0.16756261012582407,-0.00013506700443191905,-0.036305788771670656,-0.6387839546634118,-0.00018577199754998922,0.0,-0.2,0.0,1.5707963267948966,1.5707963267948966,-2.962962962962963,-2.962962962962963,1.5707924071219042,1.5707961811134945,-2.6364259770937166,-2.6337943867007367,-0.0017552865159734135,-1.944921827851121e-05
Y-,7.9,4.4,23.358479075002833,0.0,-0.035646779468777416,-0.6414985812994706,-1.956268959755707e-05,-7.624354004680154e-05,-0.16841704166585247,4.61172294015048e-06,-0.040694526947514985,-0.6363267351067211,-0.0012317866903566509,-2.5703470121062673e-07,-0.16756261012582407,-0.00013506700443191905,-0.036305788771670656,-0.6387839546634118,-0.00018577199754998922,0.0,-0.2,0.0,1.5707963267948966,1.5707963267948966,-2.962962962962963,-2.962962962962963,1.5707924071219042,1.5707961811134945,-2.6364259770937166,-2.6337943867007367,-0.0017552865159734135,-1.944921827851121e-05
Y-,7.9,4.4,23.383442018002825,0.0,-0.035646779468777416,-0.6414985812994706,-1.956268959755707e-05,-7.624354004680154e-05,-0.16841704166585247,4.61172294015048e-06,-0.040694526947514985,-0.6363267351067211,-0.0012317866903566509,-2.5703470121062673e-07,-0.16756261012582407,-0.00013506700443191905,-0.036305788771670656,-0.6387839546634118,-0.00018577199754998922,0.0,-0.2,0.0,1.5707963267948966,1.5707963267948966,-2.962962962962963,-2.962962962962963,1.5707924071219042,1.5707961811134945,-2.6364259770937166,-2.6337943867007367,-0.0017552865159734135,-1.944921827851121e-05
Y-,7.9,4.4,23.407772498001577,0.0,-0.035646779468777416,-0.6414985812994706,-1.956268959755707e-05,-7.624354004680154e-05,-0.16841704166585247,4.61172294015048e-06,-0.040694526947514985,-0.6363267351067211,-0.0012317866903566509,-2.5703470121062673e-07,-0.16756261012582407,-0.00013506700443191905,-0.036305788771670656,-0.6387839546634118,-0.00018577199754998922,0.0,-0.2,0.0,1.5707963267948966,1.5707963267948966,-2.962962962962963,-2.962962962962963,1.5707924071219042,1.5707961811134945,-2.6364259770937166,-2.6337943867007367,-0.0017552865159734135,-1.944921827851121e-05
Y-,7.9,4.4,23.434575084000244,0.0,-0.035646779468777416,-0.6414985812994706,-1.956268959755707e-05,-7.624354004680154e-05,-0.16841704166585247,4.61172294015048e-06,-0.040694526947514985,-0.6363267351067211,-0.0012317866903566509,-2.5703470121062673e-07,-0.16756261012582407,-0.00013506700443191905,-0.036305788771670656,-0.6387839546634118,-0.00018577199754998922,0.0,-0.2,0.0,1.5707963267948966,1.5707963267948966,-2.962962962962963,-2.962962962962963,1.5707924071219042,1.5707961811134945,-2.6364259770937166,-2.6337943867007367,-0.0017552865159734135,-1.944921827851121e-05
Y-,7.9,4.4,23.459035129999393,0.0,-0.035646779468777416,-0.6414985812994706,-1.956268959755707e-05,-7.624354004680154e-05,-0.16841704166585247,4.61172294015048e-06,-0.040694526947514985,-0.6363267351067211,-0.0012317866903566509,-2.5703470121062673e-07,-0.16756261012582407,-0.00013506700443191905,-0.036305788771670656,-0.6387839546634118,-0.00018577199754998922,0.0,-0.2,0.0,1.5707963267948966,1.5707963267948966,-2.962962962962963,-2.962962962962963,1.5707924071219042,1.5707961811134945,-2.6364259770937166,-2.6337943867007367,-0.0017552865159734135,-1.944921827851121e-05
Y-,7.9,4.4,23.489249513000686,0.0,-0.035646779468777416,-0.6414985812994706,-1.956268959755707e-05,-7.624354004680154e-05,-0.16841704166585247,4.61172294015048e-06,-0.040694526947514985,-0.6363267351067211,-0.0012317866903566509,-2.5703470121062673e-07,-0.16756261012582407,-0.00013506700443191905,-0.036305788771670656,-0.6387839546634118,-0.00018577199754998922,0.0,-0.2,0.0,1.5707963267948966,1.5707963267948966,-2.962962962962963,-2.962962962962963,1.5707924071219042,1.5707961811134945,-2.6364259770937166,-2.6337943867007367,-0.0017552865159734135,-1.944921827851121e-05
Y-,7.9,4.4,23.519435826001427,0.0,-0.035646779468777416,-0.6414985812994706,-1.956268959755707e-05,-7.624354004680154e-05,-0.16841704166585247,4.61172294015048e-06,-0.040694526947514985,-0.6363267351067211,-0.0012317866903566509,-2.5703470121062673e-07,-0.16756261012582407,-0.00013506700443191905,-0.036305788771670656,-0.6387839546634118,-0.00018577199754998922,0.0,-0.2,0.0,1.5707963267948966,1.5707963267948966,-2.962962962962963,-2.962962962962963,1.5707924071219042,1.5707961811134945,-2.6364259770937166,-2.6337943867007367,-0.0017552865159734135,-1.944921827851121e-05
Y-,7.9,4.4,23.550741957002174,0.0,-0.035646779468777416,-0.6414985812994706,-1.956268959755707e-05,-7.624354004680154e-05,-0.16841704166585247,4.61172294015048e-06,-0.040694526947514985,-0.6363267351067211,-0.0012317866903566509,-2.5703470121062673e-07,-0.16756261012582407,-0.00013506700443191905,-0.036305788771670656,-0.6387839546634118,-0.00018577199754998922,0.0,-0.2,0.0,1.5707963267948966,1.5707963267948966,-2.962962962962963,-2.962962962962963,1.5707924071219042,1.5707961811134945,-2.6364259770937166,-2.6337943867007367,-0.0017552865159734135,-1.944921827851121e-05
Y-,7.9,4.4,23.581673051001417,0.0,-0.035646779468777416,-0.6414985812994706,-1.956268959755707e-05,-7.624354004680154e-05,-0.16841704166585247,4.61172294015048e-06,-0.040694526947514985,-0.6363267351067211,-0.0012317866903566509,-2.5703470121062673e-07,-0.16756261012582407,-0.00013506700443191905,-0.036305788771670656,-0.6387839546634118,-0.00018577199754998922,0.0,-0.2,0.0,1.5707963267948966,1.5707963267948966,-2.962962962962963,-2.962962962962963,1.5707924071219042,1.5707961811134945,-2.6364259770937166,-2.6337943867007367,-0.0017552865159734135,-1.944921827851121e-05
Y-,7.9,4.4,23.606383096001082,0.0,-0.035646779468777416,-0.6414985812994706,-1.956268959755707e-05,-7.624354004680154e-05,-0.16841704166585247,4.61172294015048e-06,-0.040694526947514985,-0.6363267351067211,-0.0012317866903566509,-2.5703470121062673e-07,-0.16756261012582407,-0.00013506700443191905,-0.036305788771670656,-0.6387839546634118,-0.00018577199754998922,0.0,-0.2,0.0,1.5707963267948966,1.5707963267948966,-2.962962962962963,-2.962962962962963,1.5707924071219042,1.5707961811134945,-2.6364259770937166,-2.6337943867007367,-0.0017552865159734135,-1.944921827851121e-05
Y-,7.9,4.4,23.6329736780026,0.0,-0.035646779468777416,-0.6414985812994706,-1.956268959755707e-05,-7.624354004680154e-05,-0.16841704166585247,4.61172294015048e-06,-0.040694526947514985,-0.6363267351067211,-0.0012317866903566509,-2.5703470121062673e-07,-0.16756261012582407,-0.00013506700443191905,-0.036305788771670656,-0.6387839546634118,-0.00018577199754998922,0.0,-0.2,0.0,1.5707963267948966,1.5707963267948966,-2.962962962962963,-2.962962962962963,1.5707924071219042,1.5707961811134945,-2.6364259770937166,-2.6337943867007367,-0.0017552865159734135,-1.944921827851121e-05
Y-,7.9,4.4,23.65797830700103,0.0,-0.035646766193451064,-0.6423474318692108,-1.964291914827649e-05,-7.407882493155887e-05,-0.16817195650892727,-8.79483050939678e-07,-0.040694526947514985,-0.6363267351067211,-0.0012317866903566509,-2.5703470121062673e-07,-0.16756261012582407,-0.00013506700443191905,-0.036305788771670656,-0.6387839546634118,-0.00018577199754998922,0.0,-0.2,0.0,1.5707963267948966,1.5707963267948966,-2.962962962962963,-2.962962962962963,1.5707924071219042,1.5707961811134945,-2.6364259770937166,-2.6337943867007367,0.00333202113741696,-1.960995340223891e-05
Y-,7.9,4.4,23.683591312001226,0.0,-0.035646701278100754,-0.6457305493181937,-2.003942775986534e-05,-6.337094648853072e-05,-0.16717490586235362,-2.6693378169602333e-05,-0.040694526947514985,-0.6363267351067211,-0.0012317866903566509,-2.5703470121062673e-07,-0.16756261012582407,-0.00013506700443191905,-0.036305788771670656,-0.6387839546634118,-0.00018577199754998922,0.0,-0.2,0.0,1.5707963267948966,1.5707963267948966,-2.962962962962963,-2.962962962962963,1.5707919063363986,1.5707961770367156,-2.6397295619604906,-2.636371185826642,0.0012563000319685443,-2.0016653473725164e-05
Y-,7.9,4.4,23.716702536999946,0.0,-0.035646610640338174,-0.6497637390084491,-2.054372126151183e-05,-5.630551491690092e-05,-0.16593920447761848,-2.464856380946301e-05,-0.040694526947514985,-0.6363267351067211,-0.0012317866903566509,-2.5703470121062673e-07,-0.16756261012582407,-0.00013506700443191905,-0.036305788771670656,-0.6387839546634118,-0.00018577199754998922,0.0,-0.2,0.0,1.5707963267948966,1.5707963267948966,-2.962962962962963,-2.962962962962963,1.5707911432972086,1.5707961716538534,-2.645575635839895,-2.641367612160388,0.003486163121066743,-2.049414712579349e-05
Y-,7.9,4.4,23.740062200002285,0.0,-0.03564657847789392,-0.6517691555068608,-2.0564786381535872e-05,-5.616440391617491e-05,-0.16530227384334678,-2.0066937322090354e-05,-0.04071531387481864,-0.6531656365212527,-0.001276455621060123,-4.4982136303742817e-07,-0.168389142447676,-0.00044668930703472165,-0.03630578877167064,-0.6387839546634115,-0.000185771997549989,0.0,-0.2,0.0,1.5707963267948966,1.5707963267948966,-2.962962962962963,-2.962962962962963,1.5707908940598339,1.5707961701854147,-2.6478072994999264,-2.64338013410374,-0.0003218464222823143,-2.0557039752591193e-05
Y-,8.0,4.5,23.767334542000754,0.09999999999999964,-0.03564653246851718,-0.6544310833054956,-2.0620757542408993e-05,-5.571828431449442e-05,-0.1644291425335789,-2.3422577437368063e-05,-0.04071531387481864,-0.6531656365212527,-0.001276455621060123,-4.4982136303742817e-07,-0.168389142447676,-0.00044668930703472165,-0.03630560903530652,-0.6583216071412599,-0.0001508884285974497,0.0,-0.2,0.0,1.5707963267948966,1.5707963267948966,-2.962962962962963,-2.962962962962963,1.5707906499214648,1.5707960748350338,-2.6502562180369975,-2.645577159176772,0.0029293203484333495,-2.060763886148461e-05
Y-,8.0,4.5,23.798691273001168,0.0,-0.035646470431315726,-0.6575737634602398,-2.0707513758203342e-05,-5.4892657921800227e-05,-0.16335082394958614,-2.3541744524040093e-05,-0.04071531387481864,-0.6531656365212527,-0.001276455621060123,-4.4982136303742817e-07,-0.168389142447676,-0.00044668930703472165,-0.03630560903530652,-0.6583216071412599,-0.0001508884285974497,0.0,-0.2,0.0,1.5707963267948966,1.5707963267948966,-2.962962962962963,-2.962962962962963,1.5707901682517234,1.5707956567701755,-2.6557010392139366,-2.6506800671630515,0.0019691123414631987,-2.0703134601245922e-05
Y-,8.0,4.5,23.83530119200077,0.0,-0.035646470431315726,-0.6575737634602398,-2.0707513758203342e-05,-5.4892657921800227e-05,-0.16335082394958614,-2.3541744524040093e-05,-0.04071531387481864,-0.6531656365212527,-0.001276455621060123,-4.4982136303742817e-07,-0.168389142447676,-0.00044668930703472165,-0.03630560903530652,-0.6583216071412599,-0.0001508884285974497,0.0,-0.2,0.0,1.5707963267948966,1.5707963267948966,-2.962962962962963,-2.962962962962963,1.5707901682517234,1.5707956567701755,-2.6557010392139366,-2.6506800671630515,0.0019691123414631987,-2.0703134601245922e-05
Y-,8.0,4.5,23.861770290001004,0.0,-0.035646470431315726,-0.6575737634602398,-2.0707513758203342e-05,-5.4892657921800227e-05,-0.16335082394958614,-2.3541744524040093e-05,-0.04071531387481864,-0.6531656365212527,-0.001276455621060123,-4.4982136303742817e-07,-0.168389142447676,-0.00044668930703472165,-0.03630560903530652,-0.6583216071412599,-0.0001508884285974497,0.0,-0.2,0.0,1.5707963267948966,1.5707963267948966,-2.962962962962963,-2.962962962962963,1.5707901682517234,1.5707956567701755,-2.6557010392139366,-2.6506800671630515,0.0019691123414631987,-2.0703134601245922e-05
Y-,8.0,4.5,23.890041984999698,0.0,-0.035646470431315726,-0.6575737634602398,-2.0707513758203342e-05,-5.4892657921800227e-05,-0.16335082394958614,-2.3541744524040093e-05,-0.04071531387481864,-0.6531656365212527,-0.001276455621060123,-4.4982136303742817e-07,-0.168389142447676,-0.00044668930703472165,-0.03630560903530652,-0.6583216071412599,-0.0001508884285974497,0.0,-0.2,0.0,1.5707963267948966,1.5707963267948966,-2.962962962962963,-2.962962962962963,1.5707901682517234,1.5707956567701755,-2.6557010392139366,-2.6506800671630515,0.0019691123414631987,-2.0703134601245922e-05
Y-,8.0,4.5,23.92798779200166,0.0,-0.035646470431315726,-0.6575737634602398,-2.0707513758203342e-05,-5.4892657921800227e-05,-0.16335082394958614,-2.3541744524040093e-05,-0.04071531387481864,-0.6531656365212527,-0.001276455621060123,-4.4982136303742817e-07,-0.168389142447676,-0.00044668930703472165,-0.03630560903530652,-0.6583216071412599,-0.0001508884285974497,0.0,-0.2,0.0,1.5707963267948966,1.5707963267948966,-2.962962962962963,-2.962962962962963,1.5707901682517234,1.5707956567701755,-2.6557010392139366,-2.6506800671630515,0.0019691123414631987,-2.0703134601245922e-05
Y-,8.0,4.5,23.95608413300215,0.0,-0.035646470431315726,-0.6575737634602398,-2.0707513758203342e-05,-5.4892657921800227e-05,-0.16335082394958614,-2.3541744524040093e-05,-0.04071531387481864,-0.6531656365212527,-0.001276455621060123,-4.4982136303742817e-07,-0.168389142447676,-0.00044668930703472165,-0.03630560903530652,-0.6583216071412599,-0.0001508884285974497,0.0,-0.2,0.0,1.5707963267948966,1.5707963267948966,-2.962962962962963,-2.962962962962963,1.5707901682517234,1.5707956567701755,-2.6557010392139366,-2.6506800671630515,0.0019691123414631987,-2.0703134601245922e-05
Y-,8.0,4.5,23.985412649002683,0.0,-0.035646470431315726,-0.6575737634602398,-2.0707513758203342e-05,-5.4892657921800227e-05,-0.16335082394958614,-2.3541744524040093e-05,-0.04071531387481864,-0.6531656365212527,-0.001276455621060123,-4.4982136303742817e-07,-0.168389142447676,-0.00044668930703472165,-0.03630560903530652,-0.6583216071412599,-0.0001508884285974497,0.0,-0.2,0.0,1.5707963267948966,1.5707963267948966,-2.962962962962963,-2.962962962962963,1.5707901682517234,1.5707956567701755,-2.6557010392139366,-2.6506800671630515,0.0019691123414631987,-2.0703134601245922e-05
Y-,8.0,4.5,24.011961342002905,0.0,-0.035646470431315726,-0.6575737634602398,-2.0707513758203342e-05,-5.4892657921800227e-05,-0.16335082394958614,-2.3541744524040093e-05,-0.04071531387481864,-0.6531656365212527,-0.001276455621060123,-4.4982136303742817e-07,-0.168389142447676,-0.00044668930703472165,-0.03630560903530652,-0.6583216071412599,-0.0001508884285974497,0.0,-0.2,0.0,1.5707963267948966,1.5707963267948966,-2.962962962962963,-2.962962962962963,1.5707901682517234,1.5707956567701755,-2.6557010392139366,-2.6506800671630515,0.0019691123414631987,-2.0703134601245922e-05
Y-,8.0,4.5,24.0368616199994,0.0,-0.035646470431315726,-0.6575737634602398,-2.0707513758203342e-05,-5.4892657921800227e-05,-0.16335082394958614,-2.3541744524040093e-05,-0.04071531387481864,-0.6531656365212527,-0.001276455621060123,-4.4982136303742817e-07,-0.168389142447676,-0.00044668930703472165,-0.03630560903530652,-0.6583216071412599,-0.0001508884285974497,0.0,-0.2,0.0,1.5707963267948966,1.5707963267948966,-2.962962962962963,-2.962962962962963,1.5707901682517234,1.5707956567701755,-2.6557010392139366,-2.6506800671630515,0.0019691123414631987,-2.0703134601245922e-05
Y-,8.0,4.5,24.066472291000537,0.0,-0.035646470431315726,-0.6575737634602398,-2.0707513758203342e-05,-5.4892657921800227e-05,-0.16335082394958614,-2.3541744524040093e-05,-0.04071531387481864,-0.6531656365212527,-0.001276455621060123,-4.4982136303742817e-07,-0.168389142447676,-0.00044668930703472165,-0.03630560903530652,-0.6583216071412599,-0.0001508884285974497,0.0,-0.2,0.0,1.5707963267948966,1.5707963267948966,-2.962962962962963,-2.962962962962963,1.5707901682517234,1.5707956567701755,-2.6557010392139366,-2.6506800671630515,0.0019691123414631987,-2.0703134601245922e-05
Y-,8.0,4.5,24.096910833002767,0.0,-0.035646470431315726,-0.6575737634602398,-2.0707513758203342e-05,-5.4892657921800227e-05,-0.16335082394958614,-2.3541744524040093e-05,-0.04071531387481864,-0.6531656365212527,-0.001276455621060123,-4.4982136303742817e-07,-0.168389142447676,-0.00044668930703472165,-0.03630560903530652,-0.6583216071412599,-0.0001508884285974497,0.0,-0.2,0.0,1.5707963267948966,1.5707963267948966,-2.962962962962963,-2.962962962962963,1.5707901682517234,1.5707956567701755,-2.6557010392139366,-2.6506800671630515,0.0019691123414631987,-2.0703134601245922e-05
Y-,8.0,4.5,24.123598674999812,0.0,-0.035646470431315726,-0.6575737634602398,-2.0707513758203342e-05,-5.4892657921800227e-05,-0.16335082394958614,-2.3541744524040093e-05,-0.04071531387481864,-0.6531656365212527,-0.001276455621060123,-4.4982136303742817e-07,-0.168389142447676,-0.00044668930703472165,-0.03630560903530652,-0.6583216071412599,-0.0001508884285974497,0.0,-0.2,0.0,1.5707963267948966,1.5707963267948966,-2.962962962962963,-2.962962962962963,1.5707901682517234,1.5707956567701755,-2.6557010392139366,-2.6506800671630515,0.0019691123414631987,-2.0703134601245922e-05
Y-,8.0,4.5,24.152077539001766,0.0,-0.035646456188211884,-0.6582327654815937,-2.0725066426321362e-05,-5.471627330228058e-05,-0.163117748737122,-2.3570143453998185e-05,-0.04071531387481864,-0.6531656365212527,-0.001276455621060123,-4.4982136303742817e-07,-0.168389142447676,-0.00044668930703472165,-0.03630560903530652,-0.6583216071412599,-0.0001508884285974497,0.0,-0.2,0.0,1.5707963267948966,1.5707963267948966,-2.962962962962963,-2.962962962962963,1.5707899319662628,1.5707954351043893,-2.658751078387036,-2.6535022943444417,0.0019691123414631987,-2.0703134601245922e-05
Y-,8.0,4.5,24.177016264002305,0.0,-0.03564639926556193,-0.6606956795145107,-2.0794041650664157e-05,-5.4045340800356294e-05,-0.16222315225173317,-2.388554088758697e-05,-0.04071531387481864,-0.6531656365212527,-0.001276455621060123,-4.4982136303742817e-07,-0.168389142447676,-0.00044668930703472165,-0.03630560903530652,-0.6583216071412599,-0.0001508884285974497,0.0,-0.2,0.0,1.5707963267948966,1.5707963267948966,-2.962962962962963,-2.962962962962963,1.5707896994264816,1.5707952032432209,-2.662056667161248,-2.656563830542422,-0.0005301377350560055,-2.0794041650664157e-05
Y-,8.0,4.5,24.203449831002217,0.0,-0.03564633690863793,-0.6631450397877678,-2.0869071388697277e-05,-5.3355484047519304e-05,-0.16129297149309232,-2.403518087504454e-05,-0.04071531387481864,-0.6531656365212527,-0.001276455621060123,-4.4982136303742817e-07,-0.168389142447676,-0.00044668930703472165,-0.03630560903530652,-0.6583216071412599,-0.0001508884285974497,0.0,-0.2,0.0,1.5707963267948966,1.5707963267948966,-2.962962962962963,-2.962962962962963,1.570789246888883,1.5707947010737113,-2.6695268807613126,-2.663538098975301,-0.0015542554435904543,-2.0848533799516055e-05
Y-,8.0,4.5,24.236910581999837,0.0,-0.03564624585126462,-0.6663887990866314,-2.0976053270205172e-05,-5.24143028676614e-05,-0.15998912249722563,-2.401722707584622e-05,-0.04071531387481864,-0.6531656365212527,-0.001276455621060123,-4.4982136303742817e-07,-0.168389142447676,-0.00044668930703472165,-0.03630560903530652,-0.6583216071412599,-0.0001508884285974497,0.0,-0.2,0.0,1.5707963267948966,1.5707963267948966,-2.962962962962963,-2.962962962962963,1.57078881336051,1.570794137608238,-2.6783272071899193,-2.671856055547608,-0.0015114638262315088,-2.0948690043848156e-05
Y-,8.0,4.5,24.274282221002068,0.0,-0.035646130766323586,-0.6700861074936447,-2.110814713059938e-05,-5.1265179705548e-05,-0.15838369488077936,-2.387083680899565e-05,-0.040737147821388056,-0.6702059562249807,-0.0013451480633194558,-8.272281816674685e-07,-0.17040333691557855,-0.0006869244225933284,-0.03628202363020497,-0.6739434716245166,-0.0002090409142119216,0.0,-0.2,0.0,1.5707963267948966,1.5707963267948966,-2.962962962962963,-2.962962962962963,1.5707884015081666,1.5707935037585452,-2.6887252186121366,-2.6817977793625842,-0.001437028954708801,-2.112693698162998e-05
Y-,8.1,4.6,24.30564221700115,0.09999999999999964,-0.035645979121313384,-0.6743776938674934,-2.128667120652928e-05,-4.8891522513860064e-05,-0.15632181173947116,-2.3128648631113453e-05,-0.040737147821388056,-0.6702059562249807,-0.0013451480633194558,-8.272281816674685e-07,-0.17040333691557855,-0.0006869244225933284,-0.03628202363020497,-0.6739434716245166,-0.0002090409142119216,0.0,-0.2,0.0,1.5707963267948966,1.5707963267948966,-2.962962962962963,-2.962962962962963,1.570787827521646,1.570792400323458,-2.708066570026381,-2.7005206630425254,-0.0016288734199076168,-2.1260279112819032e-05
Y-,8.1,4.6,24.329973397001595,0.0,-0.035645966984937674,-0.6746933591359496,-2.1300223077334744e-05,-4.85713127159689e-05,-0.15616022595263135,-2.331692534641522e-05,-0.040737147821388056,-0.6702059562249807,-0.0013451480633194558,-8.272281816674685e-07,-0.17040333691557855,-0.0006869244225933284,-0.03628202363020497,-0.6739434716245166,-0.0002090409142119216,0.0,-0.2,0.0,1.5707963267948966,1.5707963267948966,-2.962962962962963,-2.962962962962963,1.570787827521646,1.570792400323458,-2.708066570026381,-2.7005206630425254,-0.0016288734199076168,-2.1260279112819032e-05
Y-,8.1,4.6,24.35743208400163,0.0,-0.035645966984937674,-0.6746933591359496,-2.1300223077334744e-05,-4.85713127159689e-05,-0.15616022595263135,-2.331692534641522e-05,-0.040737147821388056,-0.6702059562249807,-0.0013451480633194558,-8.272281816674685e-07,-0.17040333691557855,-0.0006869244225933284,-0.03628202363020497,-0.6739434716245166,-0.0002090409142119216,0.0,-0.2,0.0,1.5707963267948966,1.5707963267948966,-2.962962962962963,-2.962962962962963,1.570787827521646,1.570792400323458,-2.708066570026381,-2.7005206630425254,-0.0016288734199076168,-2.1260279112819032e-05
Y-,8.1,4.6,24.380652905001625,0.0,-0.035645966984937674,-0.6746933591359496,-2.1300223077334744e-05,-4.85713127159689e-05,-0.15616022595263135,-2.331692534641522e-05,-0.040737147821388056,-0.6702059562249807,-0.0013451480633194558,-8.272281816674685e-07,-0.17040333691557855,-0.0006869244225933284,-0.03628202363020497,-0.6739434716245166,-0.0002090409142119216,0.0,-0.2,0.0,1.5707963267948966,1.5707963267948966,-2.962962962962963,-2.962962962962963,1.570787827521646,1.570792400323458,-2.708066570026381,-2.7005206630425254,-0.0016288734199076168,-2.1260279112819032e-05
Y-,8.1,4.6,24.413188799000636,0.0,-0.035645966984937674,-0.6746933591359496,-2.1300223077334744e-05,-4.85713127159689e-05,-0.15616022595263135,-2.331692534641522e-05,-0.040737147821388056,-0.6702059562249807,-0.0013451480633194558,-8.272281816674685e-07,-0.17040333691557855,-0.0006869244225933284,-0.03628202363020497,-0.6739434716245166,-0.0002090409142119216,0.0,-0.2,0.0,1.5707963267948966,1.5707963267948966,-2.962962962962963,-2.962962962962963,1.570787827521646,1.570792400323458,-2.708066570026381,-2.7005206630425254,-0.0016288734199076168,-2.1260279112819032e-05
Y-,8.1,4.6,24.45095269900048,0.0,-0.035645966984937674,-0.6746933591359496,-2.1300223077334744e-05,-4.85713127159689e-05,-0.15616022595263135,-2.331692534641522e-05,-0.040737147821388056,-0.6702059562249807,-0.0013451480633194558,-8.272281816674685e-07,-0.17040333691557855,-0.0006869244225933284,-0.03628202363020497,-0.6739434716245166,-0.0002090409142119216,0.0,-0.2,0.0,1.5707963267948966,1.5707963267948966,-2.962962962962963,-2.962962962962963,1.570787827521646,1.570792400323458,-2.708066570026381,-2.7005206630425254,-0.0016288734199076168,-2.1260279112819032e-05
Y-,8.1,4.6,24.47742206700059,0.0,-0.035645966984937674,-0.6746933591359496,-2.1300223077334744e-05,-4.85713127159689e-05,-0.15616022595263135,-2.331692534641522e-05,-0.040737147821388056,-0.6702059562249807,-0.0013451480633194558,-8.272281816674685e-07,-0.17040333691557855,-0.0006869244225933284,-0.03628202363020497,-0.6739434716245166,-0.0002090409142119216,0.0,-0.2,0.0,1.5707963267948966,1.5707963267948966,-2.962962962962963,-2.962962962962963,1.570787827521646,1.570792400323458,-2.708066570026381,-2.7005206630425254,-0.0016288734199076168,-2.1260279112819032e-05
Y-,8.1,4.6,24.50363503799963,0.0,-0.035645966984937674,-0.6746933591359496,-2.1300223077334744e-05,-4.85713127159689e-05,-0.15616022595263135,-2.331692534641522e-05,-0.040737147821388056,-0.6702059562249807,-0.0013451480633194558,-8.272281816674685e-07,-0.17040333691557855,-0.0006869244225933284,-0.03628202363020497,-0.6739434716245166,-0.0002090409142119216,0.0,-0.2,0.0,1.5707963267948966,1.5707963267948966,-2.962962962962963,-2.962962962962963,1.570787827521646,1.570792400323458,-2.708066570026381,-2.7005206630425254,-0.0016288734199076168,-2.1260279112819032e-05
Y-,8.1,4.6,24.537592013002723,0.0,-0.035645966984937674,-0.6746933591359496,-2.1300223077334744e-05,-4.85713127159689e-05,-0.15616022595263135,-2.331692534641522e-05,-0.040737147821388056,-0.6702059562249807,-0.0013451480633194558,-8.272281816674685e-07,-0.17040333691557855,-0.0006869244225933284,-0.03628202363020497,-0.6739434716245166,-0.0002090409142119216,0.0,-0.2,0.0,1.5707963267948966,1.5707963267948966,-2.962962962962963,-2.962962962962963,1.570787827521646,1.570792400323458,-2.708066570026381,-2.7005206630425254,-0.0016288734199076168,-2.1260279112819032e-05
Y-,8.1,4.6,24.566341187000944,0.0,-0.035645966984937674,-0.6746933591359496,-2.1300223077334744e-05,-4.85713127159689e-05,-0.15616022595263135,-2.331692534641522e-05,-0.040737147821388056,-0.6702059562249807,-0.0013451480633194558,-8.272281816674685e-07,-0.17040333691557855,-0.0006869244225933284,-0.03628202363020497,-0.6739434716245166,-0.0002090409142119216,0.0,-0.2,0.0,1.5707963267948966,1.5707963267948966,-2.962962962962963,-2.962962962962963,1.570787827521646,1.570792400323458,-2.708066570026381,-2.7005206630425254,-0.0016288734199076168,-2.1260279112819032e-05
Y-,8.1,4.6,24.591207651999866,0.0,-0.035645966984937674,-0.6746933591359496,-2.1300223077334744e-05,-4.85713127159689e-05,-0.15616022595263135,-2.331692534641522e-05,-0.040737147821388056,-0.6702059562249807,-0.0013451480633194558,-8.272281816674685e-07,-0.17040333691557855,-0.0006869244225933284,-0.03628202363020497,-0.6739434716245166,-0.0002090409142119216,0.0,-0.2,0.0,1.5707963267948966,1.5707963267948966,-2.962962962962963,-2.962962962962963,1.570787827521646,1.570792400323458,-2.708066570026381,-2.7005206630425254,-0.0016288734199076168,-2.1260279112819032e-05
Y-,8.1,4.6,24.623408995001228,0.0,-0.035645966984937674,-0.6746933591359496,-2.1300223077334744e-05,-4.85713127159689e-05,-0.15616022595263135,-2.331692534641522e-05,-0.040737147821388056,-0.6702059562249807,-0.0013451480633194558,-8.272281816674685e-07,-0.17040333691557855,-0.0006869244225933284,-0.03628202363020497,-0.6739434716245166,-0.0002090409142119216,0.0,-0.2,0.0,1.5707963267948966,1.5707963267948966,-2.962962962962963,-2.962962962962963,1.570787827521646,1.570792400323458,-2.708066570026381,-2.7005206630425254,-0.0016288734199076168,-2.1260279112819032e-05
Y-,8.1,4.6,24.666266923002695,0.0,-0.035645966984937674,-0.6746933591359496,-2.1300223077334744e-05,-4.85713127159689e-05,-0.15616022595263135,-2.331692534641522e-05,-0.040737147821388056,-0.6702059562249807,-0.0013451480633194558,-8.272281816674685e-07,-0.17040333691557855,-0.0006869244225933284,-0.03628202363020497,-0.6739434716245166,-0.0002090409142119216,0.0,-0.2,0.0,1.5707963267948966,1.5707963267948966,-2.962962962962963,-2.962962962962963,1.570787827521646,1.570792400323458,-2.708066570026381,-2.7005206630425254,-0.0016288734199076168,-2.1260279112819032e-05
Y-,8.1,4.6,24.701858317999722,0.0,-0.03564594233792824,-0.675323726456011,-2.132879337104414e-05,-4.7924961430459575e-05,-0.15583302263106152,-2.398859686501261e-05,-0.040737147821388056,-0.6702059562249807,-0.0013451480633194558,-8.272281816674685e-07,-0.17040333691557855,-0.0006869244225933284,-0.03628202363020497,-0.6739434716245166,-0.0002090409142119216,0.0,-0.2,0.0,1.5707963267948966,1.5707963267948966,-2.962962962962963,-2.962962962962963,1.570787827521646,1.570792400323458,-2.708066570026381,-2.7005206630425254,0.0007389284989213513,-2.1336321034409153e-05
Y-,8.1,4.6,24.728221854002186,0.0,-0.03564586001210434,-0.6773633139207619,-2.1433263768385676e-05,-4.605608760494398e-05,-0.15473042254727035,-2.482875575154665e-05,-0.040737147821388056,-0.6702059562249807,-0.0013451480633194558,-8.272281816674685e-07,-0.17040333691557855,-0.0006869244225933284,-0.03628202363020497,-0.6739434716245166,-0.0002090409142119216,0.0,-0.2,0.0,1.5707963267948966,1.5707963267948966,-2.962962962962963,-2.962962962962963,1.5707874731946578,1.5707915522966243,-2.7241163756121454,-2.7161501513855058,0.00019646936151009327,-2.1425182700900428e-05
Y-,8.1,4.6,24.75842460900094,0.0,-0.035645706552174826,-0.680935664955855,-2.1578395321362e-05,-4.131373599854373e-05,-0.15261641293483577,-2.0374363025976347e-05,-0.040737147821388056,-0.6702059562249807,-0.0013451480633194558,-8.272281816674685e-07,-0.17040333691557855,-0.0006869244225933284,-0.03628202363020497,-0.6739434716245166,-0.0002090409142119216,0.0,-0.2,0.0,1.5707963267948966,1.5707963267948966,-2.962962962962963,-2.962962962962963,1.5707871412501655,1.5707905830932622,-2.7433576970743316,-2.734711291918144,0.005076442839055344,-2.1552541659154056e-05
Y-,8.1,4.6,24.78328836700166,0.0,-0.03564558556568398,-0.6832386018169797,-2.1806888639561995e-05,-3.118239040882689e-05,-0.15110943596209053,-5.314097045436831e-05,-0.040737147821388056,-0.6702059562249807,-0.0013451480633194558,-8.272281816674685e-07,-0.17040333691557855,-0.0006869244225933284,-0.03628202363020497,-0.6739434716245166,-0.0002090409142119216,0.0,-0.2,0.0,1.5707963267948966,1.5707963267948966,-2.962962962962963,-2.962962962962963,1.5707869851357348,1.570790037290096,-2.754490229450236,-2.7453182669560663,-0.004171424956029496,-2.1806888639561995e-05
Y-,8.1,4.6,24.807548703000066,0.0,-0.035645421163218824,-0.6855184592322995,-2.2505784303027846e-05,-1.121288634001809e-05,-0.14948163951281668,-0.0001202628204266483,-0.040760957830746264,-0.6877994075255724,-0.001449132961499125,-1.441980098295603e-06,-0.17593467411572045,-0.0010398489817966912,-0.03631656844796,-0.6752081878360121,-0.00017589688128216794,0.0,-0.2,0.0,1.5707963267948966,1.5707963267948966,-2.962962962962963,-2.962962962962963,1.5707866757200017,1.5707887679432577,-2.7804065135640035,-2.7699918831629518,0.0019108835256748263,-2.2207592043213644e-05
Y-,8.200000000000001,4.700000000000001,24.84057080400089,0.10000000000000142,-0.03564511971598393,-0.6886678647323577,-2.436505201239651e-05,2.285570464319523e-05,-0.146963139922208,-0.00022140398845075352,-0.040760957830746264,-0.6877994075255724,-0.001449132961499125,-1.441980098295603e-06,-0.17593467411572045,-0.0010398489817966912,-0.03631656844796,-0.6752081878360121,-0.00017589688128216794,0.0,-0.2,0.0,1.5707963267948966,1.5707963267948966,-2.962962962962963,-2.962962962962963,1.5707863377129616,1.5707872182080775,-2.8117825958286176,-2.8003210736304736,-0.001269319453496458,-2.3773737912628348e-05
Y-,8.200000000000001,4.700000000000001,24.866091060001054,0.0,-0.03564501249056417,-0.6895578919393147,-2.500119507079798e-05,3.010364898114231e-05,-0.14618509808135516,-0.00023900241597609492,-0.040760957830746264,-0.6877994075255724,-0.001449132961499125,-1.441980098295603e-06,-0.17593467411572045,-0.0010398489817966912,-0.03631656844796,-0.6752081878360121,-0.00017589688128216794,0.0,-0.2,0.0,1.5707963267948966,1.5707963267948966,-2.962962962962963,-2.962962962962963,1.570786165982514,1.5707863714685981,-2.829730116394019,-2.818074925536602,0.001533755263599635,-2.4783832358744527e-05
Y-,8.200000000000001,4.700000000000001,24.893456835001416,0.0,-0.03564501249056417,-0.6895578919393147,-2.500119507079798e-05,3.010364898114231e-05,-0.14618509808135516,-0.00023900241597609492,-0.040760957830746264,-0.6877994075255724,-0.001449132961499125,-1.441980098295603e-06,-0.17593467411572045,-0.0010398489817966912,-0.03631656844796,-0.6752081878360121,-0.00017589688128216794,0.0,-0.2,0.0,1.5707963267948966,1.5707963267948966,-2.962962962962963,-2.962962962962963,1.570786165982514,1.5707863714685981,-2.829730116394019,-2.818074925536602,0.001533755263599635,-2.4783832358744527e-05
Y-,8.200000000000001,4.700000000000001,24.9244160369999,0.0,-0.03564501249056417,-0.6895578919393147,-2.500119507079798e-05,3.010364898114231e-05,-0.14618509808135516,-0.00023900241597609492,-0.040760957830746264,-0.6877994075255724,-0.001449132961499125,-1.441980098295603e-06,-0.17593467411572045,-0.0010398489817966912,-0.03631656844796,-0.6752081878360121,-0.00017589688128216794,0.0,-0.2,0.0,1.5707963267948966,1.5707963267948966,-2.962962962962963,-2.962962962962963,1.570786165982514,1.5707863714685981,-2.829730116394019,-2.818074925536602,0.001533755263599635,-2.4783832358744527e-05
Y-,8.200000000000001,4.700000000000001,24.95225986100195,0.0,-0.03564501249056417,-0.6895578919393147,-2.500119507079798e-05,3.010364898114231e-05,-0.14618509808135516,-0.00023900241597609492,-0.040760957830746264,-0.6877994075255724,-0.001449132961499125,-1.441980098295603e-06,-0.17593467411572045,-0.0010398489817966912,-0.03631656844796,-0.6752081878360121,-0.00017589688128216794,0.0,-0.2,0.0,1.5707963267948966,1.5707963267948966,-2.962962962962963,-2.962962962962963,1.570786165982514,1.5707863714685981,-2.829730116394019,-2.818074925536602,0.001533755263599635,-2.4783832358744527e-05
Y-,8.200000000000001,4.700000000000001,24.980915140000434,0.0,-0.03564501249056417,-0.6895578919393147,-2.500119507079798e-05,3.010364898114231e-05,-0.14618509808135516,-0.00023900241597609492,-0.040760957830746264,-0.6877994075255724,-0.001449132961499125,-1.441980098295603e-06,-0.17593467411572045,-0.0010398489817966912,-0.03631656844796,-0.6752081878360121,-0.00017589688128216794,0.0,-0.2,0.0,1.5707963267948966,1.5707963267948966,-2.962962962962963,-2.962962962962963,1.570786165982514,1.5707863714685981,-2.829730116394019,-2.818074925536602,0.001533755263599635,-2.4783832358744527e-05
Y-,8.200000000000001,4.700000000000001,25.013576847999502,0.0,-0.03564501249056417,-0.6895578919393147,-2.500119507079798e-05,3.010364898114231e-05,-0.14618509808135516,-0.00023900241597609492,-0.040760957830746264,-0.6877994075255724,-0.001449132961499125,-1.441980098295603e-06,-0.17593467411572045,-0.0010398489817966912,-0.03631656844796,-0.6752081878360121,-0.00017589688128216794,0.0,-0.2,0.0,1.5707963267948966,1.5707963267948966,-2.962962962962963,-2.962962962962963,1.570786165982514,1.5707863714685981,-2.829730116394019,-2.818074925536602,0.001533755263599635,-2.4783832358744527e-05
Y-,8.200000000000001,4.700000000000001,25.044985902000917,0.0,-0.03564501249056417,-0.6895578919393147,-2.500119507079798e-05,3.010364898114231e-05,-0.14618509808135516,-0.00023900241597609492,-0.040760957830746264,-0.6877994075255724,-0.001449132961499125,-1.441980098295603e-06,-0.17593467411572045,-0.0010398489817966912,-0.03631656844796,-0.6752081878360121,-0.00017589688128216794,0.0,-0.2,0.0,1.5707963267948966,1.5707963267948966,-2.962962962962963,-2.962962962962963,1.570786165982514,1.5707863714685981,-2.829730116394019,-2.818074925536602,0.001533755263599635,-2.4783832358744527e-05
Y-,8.200000000000001,4.700000000000001,25.074011234002683,0.0,-0.03564501249056417,-0.6895578919393147,-2.500119507079798e-05,3.010364898114231e-05,-0.14618509808135516,-0.00023900241597609492,-0.040760957830746264,-0.6877994075255724,-0.001449132961499125,-1.441980098295603e-06,-0.17593467411572045,-0.0010398489817966912,-0.03631656844796,-0.6752081878360121,-0.00017589688128216794,0.0,-0.2,0.0,1.5707963267948966,1.5707963267948966,-2.962962962962963,-2.962962962962963,1.570786165982514,1.5707863714685981,-2.829730116394019,-2.818074925536602,0.001533755263599635,-2.4783832358744527e-05
Y-,8.200000000000001,4.700000000000001,25.10320468200007,0.0,-0.03564501249056417,-0.6895578919393147,-2.500119507079798e-05,3.010364898114231e-05,-0.14618509808135516,-0.00023900241597609492,-0.040760957830746264,-0.6877994075255724,-0.001449132961499125,-1.441980098295603e-06,-0.17593467411572045,-0.0010398489817966912,-0.03631656844796,-0.6752081878360121,-0.00017589688128216794,0.0,-0.2,0.0,1.5707963267948966,1.5707963267948966,-2.962962962962963,-2.962962962962963,1.570786165982514,1.5707863714685981,-2.829730116394019,-2.818074925536602,0.001533755263599635,-2.4783832358744527e-05
Y-,8.200000000000001,4.700000000000001,25.13127667400113,0.0,-0.03564501249056417,-0.6895578919393147,-2.500119507079798e-05,3.010364898114231e-05,-0.14618509808135516,-0.00023900241597609492,-0.040760957830746264,-0.6877994075255724,-0.001449132961499125,-1.441980098295603e-06,-0.17593467411572045,-0.0010398489817966912,-0.03631656844796,-0.6752081878360121,-0.00017589688128216794,0.0,-0.2,0.0,1.5707963267948966,1.5707963267948966,-2.962962962962963,-2.962962962962963,1.570786165982514,1.5707863714685981,-2.829730116394019,-2.818074925536602,0.001533755263599635,-2.4783832358744527e-05
Y-,8.200000000000001,4.700000000000001,25.162960041001497,0.0,-0.03564501249056417,-0.6895578919393147,-2.500119507079798e-05,3.010364898114231e-05,-0.14618509808135516,-0.00023900241597609492,-0.040760957830746264,-0.6877994075255724,-0.001449132961499125,-1.441980098295603e-06,-0.17593467411572045,-0.0010398489817966912,-0.03631656844796,-0.6752081878360121,-0.00017589688128216794,0.0,-0.2,0.0,1.5707963267948966,1.5707963267948966,-2.962962962962963,-2.962962962962963,1.570786165982514,1.5707863714685981,-2.829730116394019,-2.818074925536602,0.001533755263599635,-2.4783832358744527e-05
Y-,8.200000000000001,4.700000000000001,25.1889860400006,0.0,-0.03564501249056417,-0.6895578919393147,-2.500119507079798e-05,3.010364898114231e-05,-0.14618509808135516,-0.00023900241597609492,-0.040760957830746264,-0.6877994075255724,-0.001449132961499125,-1.441980098295603e-06,-0.17593467411572045,-0.0010398489817966912,-0.03631656844796,-0.6752081878360121,-0.00017589688128216794,0.0,-0.2,0.0,1.5707963267948966,1.5707963267948966,-2.962962962962963,-2.962962962962963,1.570786165982514,1.5707863714685981,-2.829730116394019,-2.818074925536602,0.001533755263599635,-2.4783832358744527e-05
Y-,8.200000000000001,4.700000000000001,25.213529958000436,0.0,-0.03564501249056417,-0.6895578919393147,-2.500119507079798e-05,3.010364898114231e-05,-0.14618509808135516,-0.00023900241597609492,-0.040760957830746264,-0.6877994075255724,-0.001449132961499125,-1.441980098295603e-06,-0.17593467411572045,-0.0010398489817966912,-0.03631656844796,-0.6752081878360121,-0.00017589688128216794,0.0,-0.2,0.0,1.5707963267948966,1.5707963267948966,-2.962962962962963,-2.962962962962963,1.570786165982514,1.5707863714685981,-2.829730116394019,-2.818074925536602,0.001533755263599635,-2.4783832358744527e-05
Y-,8.200000000000001,4.700000000000001,25.241123479001544,0.0,-0.03564501249056417,-0.6895578919393147,-2.500119507079798e-05,3.010364898114231e-05,-0.14618509808135516,-0.00023900241597609492,-0.040760957830746264,-0.6877994075255724,-0.001449132961499125,-1.441980098295603e-06,-0.17593467411572045,-0.0010398489817966912,-0.03631656844796,-0.6752081878360121,-0.00017589688128216794,0.0,-0.2,0.0,1.5707963267948966,1.5707963267948966,-2.962962962962963,-2.962962962962963,1.570786165982514,1.5707863714685981,-2.829730116394019,-2.818074925536602,0.001533755263599635,-2.4783832358744527e-05
Y-,8.200000000000001,4.700000000000001,25.26572078100071,0.0,-0.03564486272293926,-0.6905903920025442,-2.5838681114133456e-05,3.4294134633799315e-05,-0.14524072717244285,-0.0002523138389625738,-0.040760957830746264,-0.6877994075255724,-0.001449132961499125,-1.441980098295603e-06,-0.17593467411572045,-0.0010398489817966912,-0.03631656844796,-0.6752081878360121,-0.00017589688128216794,0.0,-0.2,0.0,1.5707963267948966,1.5707963267948966,-2.962962962962963,-2.962962962962963,1.570786165982514,1.5707863714685981,-2.829730116394019,-2.818074925536602,0.001533755263599635,-2.4783832358744527e-05
Y-,8.200000000000001,4.700000000000001,25.29315404600129,0.0,-0.03564457240425333,-0.6924902014605999,-2.746901264847785e-05,3.659660490150886e-05,-0.1433738169789366,-0.0002510890642417076,-0.040760957830746264,-0.6877994075255724,-0.001449132961499125,-1.441980098295603e-06,-0.17593467411572045,-0.0010398489817966912,-0.03631656844796,-0.6752081878360121,-0.00017589688128216794,0.0,-0.2,0.0,1.5707963267948966,1.5707963267948966,-2.962962962962963,-2.962962962962963,1.5707858091241782,1.5707844775081243,-2.8706192219378255,-2.8593724793815727,-0.00013262697648881803,-2.734832162373974e-05
Y-,8.200000000000001,4.700000000000001,25.323355315002118,0.0,-0.0356440999863341,-0.6957898268735839,-3.0002743946957662e-05,4.0257218169958395e-05,-0.1396661465084023,-0.00023313799941816087,-0.040760957830746264,-0.6877994075255724,-0.001449132961499125,-1.441980098295603e-06,-0.17593467411572045,-0.0010398489817966912,-0.03631656844796,-0.6752081878360121,-0.00017589688128216794,0.0,-0.2,0.0,1.5707963267948966,1.5707963267948966,-2.962962962962963,-2.962962962962963,1.570785432716737,1.5707823232554565,-2.918054632960796,-2.9085585754312984,-0.0009731271490363153,-2.9898072014329515e-05
Y-,8.200000000000001,4.700000000000001,25.35873199600246,0.0,-0.03564377135516547,-0.6981722905403719,-3.180249364999247e-05,4.5594658802394566e-05,-0.13656093614115325,-0.00023956150120658614,-0.04078833890305134,-0.7065245037968543,-0.0015357080635587338,-2.4589883842865393e-06,-0.18725116288862598,-0.0008657510205960879,-0.03631656844796,-0.6752081878360121,-0.00017589688128216794,0.0,-0.2,0.0,1.5707963267948966,1.5707963267948966,-2.962962962962963,-2.962962962962963,1.5707850350169092,1.5707799111037053,-2.9696230804618677,-2.963080792976941,0.002177874017493342,-3.094206247052194e-05
Y-,8.3,4.800000000000001,25.39139005100151,0.09999999999999964,-0.03564335454374856,-0.7011754276302533,-3.424988575073789e-05,5.336902083254878e-05,-0.13209986700733636,-0.00024297922995616386,-0.04078833890305134,-0.7065245037968543,-0.0015357080635587338,-2.4589883842865393e-06,-0.18725116288862598,-0.0008657510205960879,-0.03642468392802495,-0.7138121893136705,-0.00032195405681267897,0.0,-0.2,0.0,1.5707963267948966,1.5707963267948966,-2.962962962962963,-2.962962962962963,1.5707845837008758,1.5707773945841428,-3.017587772696458,-3.0142480592791916,-0.003755760782801075,-3.424988575073789e-05
Y-,8.3,4.800000000000001,25.41795744599949,0.0,-0.03564307491694069,-0.7034288872274769,-3.6014059439253694e-05,5.596939883662611e-05,-0.12841651307213992,-0.00022806494000097443,-0.04078833890305134,-0.7065245037968543,-0.0015357080635587338,-2.4589883842865393e-06,-0.18725116288862598,-0.0008657510205960879,-0.03642468392802495,-0.7138121893136705,-0.00032195405681267897,0.0,-0.2,0.0,1.5707963267948966,1.5707963267948966,-2.962962962962963,-2.962962962962963,1.5707843407280482,1.5707762131876146,-3.0360136099459645,-3.0333450199726166,0.0011333733824007606,-3.532252102865083e-05
Y-,8.3,4.800000000000001,25.443772451002587,0.0,-0.03564307491694069,-0.7034288872274769,-3.6014059439253694e-05,5.596939883662611e-05,-0.12841651307213992,-0.00022806494000097443,-0.04078833890305134,-0.7065245037968543,-0.0015357080635587338,-2.4589883842865393e-06,-0.18725116288862598,-0.0008657510205960879,-0.03642468392802495,-0.7138121893136705,-0.00032195405681267897,0.0,-0.2,0.0,1.5707963267948966,1.5707963267948966,-2.962962962962963,-2.962962962962963,1.5707843407280482,1.5707762131876146,-3.0360136099459645,-3.0333450199726166,0.0011333733824007606,-3.532252102865083e-05
Y-,8.3,4.800000000000001,25.497001181000087,0.0,-0.03564307491694069,-0.7034288872274769,-3.6014059439253694e-05,5.596939883662611e-05,-0.12841651307213992,-0.00022806494000097443,-0.04078833890305134,-0.7065245037968543,-0.0015357080635587338,-2.4589883842865393e-06,-0.18725116288862598,-0.0008657510205960879,-0.03642468392802495,-0.7138121893136705,-0.00032195405681267897,0.0,-0.2,0.0,1.5707963267948966,1.5707963267948966,-2.962962962962963,-2.962962962962963,1.5707843407280482,1.5707762131876146,-3.0360136099459645,-3.0333450199726166,0.0011333733824007606,-3.532252102865083e-05
Y-,8.3,4.800000000000001,25.527963102002104,0.0,-0.03564307491694069,-0.7034288872274769,-3.6014059439253694e-05,5.596939883662611e-05,-0.12841651307213992,-0.00022806494000097443,-0.04078833890305134,-0.7065245037968543,-0.0015357080635587338,-2.4589883842865393e-06,-0.18725116288862598,-0.0008657510205960879,-0.03642468392802495,-0.7138121893136705,-0.00032195405681267897,0.0,-0.2,0.0,1.5707963267948966,1.5707963267948966,-2.962962962962963,-2.962962962962963,1.5707843407280482,1.5707762131876146,-3.0360136099459645,-3.0333450199726166,0.0011333733824007606,-3.532252102865083e-05
Y-,8.3,4.800000000000001,25.554861317999894,0.0,-0.03564307491694069,-0.7034288872274769,-3.6014059439253694e-05,5.596939883662611e-05,-0.12841651307213992,-0.00022806494000097443,-0.04078833890305134,-0.7065245037968543,-0.0015357080635587338,-2.4589883842865393e-06,-0.18725116288862598,-0.0008657510205960879,-0.03642468392802495,-0.7138121893136705,-0.00032195405681267897,0.0,-0.2,0.0,1.5707963267948966,1.5707963267948966,-2.962962962962963,-2.962962962962963,1.5707843407280482,1.5707762131876146,-3.0360136099459645,-3.0333450199726166,0.0011333733824007606,-3.532252102865083e-05
Y-,8.3,4.800000000000001,25.5818069190027,0.0,-0.03564307491694069,-0.7034288872274769,-3.6014059439253694e-05,5.596939883662611e-05,-0.12841651307213992,-0.00022806494000097443,-0.04078833890305134,-0.7065245037968543,-0.0015357080635587338,-2.4589883842865393e-06,-0.18725116288862598,-0.0008657510205960879,-0.03642468392802495,-0.7138121893136705,-0.00032195405681267897,0.0,-0.2,0.0,1.5707963267948966,1.5707963267948966,-2.962962962962963,-2.962962962962963,1.5707843407280482,1.5707762131876146,-3.0360136099459645,-3.0333450199726166,0.0011333733824007606,-3.532252102865083e-05
Y-,8.3,4.800000000000001,25.609983924001426,0.0,-0.03564307491694069,-0.7034288872274769,-3.6014059439253694e-05,5.596939883662611e-05,-0.12841651307213992,-0.00022806494000097443,-0.04078833890305134,-0.7065245037968543,-0.0015357080635587338,-2.4589883842865393e-06,-0.18725116288862598,-0.0008657510205960879,-0.03642468392802495,-0.7138121893136705,-0.00032195405681267897,0.0,-0.2,0.0,1.5707963267948966,1.5707963267948966,-2.962962962962963,-2.962962962962963,1.5707843407280482,1.5707762131876146,-3.0360136099459645,-3.0333450199726166,0.0011333733824007606,-3.532252102865083e-05
Y-,8.3,4.800000000000001,25.635407434001536,0.0,-0.03564307491694069,-0.7034288872274769,-3.6014059439253694e-05,5.596939883662611e-05,-0.12841651307213992,-0.00022806494000097443,-0.04078833890305134,-0.7065245037968543,-0.0015357080635587338,-2.4589883842865393e-06,-0.18725116288862598,-0.0008657510205960879,-0.03642468392802495,-0.7138121893136705,-0.00032195405681267897,0.0,-0.2,0.0,1.5707963267948966,1.5707963267948966,-2.962962962962963,-2.962962962962963,1.5707843407280482,1.5707762131876146,-3.0360136099459645,-3.0333450199726166,0.0011333733824007606,-3.532252102865083e-05
Y-,8.3,4.800000000000001,25.664660735001235,0.0,-0.03564307491694069,-0.7034288872274769,-3.6014059439253694e-05,5.596939883662611e-05,-0.12841651307213992,-0.00022806494000097443,-0.04078833890305134,-0.7065245037968543,-0.0015357080635587338,-2.4589883842865393e-06,-0.18725116288862598,-0.0008657510205960879,-0.03642468392802495,-0.7138121893136705,-0.00032195405681267897,0.0,-0.2,0.0,1.5707963267948966,1.5707963267948966,-2.962962962962963,-2.962962962962963,1.5707843407280482,1.5707762131876146,-3.0360136099459645,-3.0333450199726166,0.0011333733824007606,-3.532252102865083e-05
Y-,8.3,4.800000000000001,25.693217263000406,0.0,-0.03564307491694069,-0.7034288872274769,-3.6014059439253694e-05,5.596939883662611e-05,-0.12841651307213992,-0.00022806494000097443,-0.04078833890305134,-0.7065245037968543,-0.0015357080635587338,-2.4589883842865393e-06,-0.18725116288862598,-0.0008657510205960879,-0.03642468392802495,-0.7138121893136705,-0.00032195405681267897,0.0,-0.2,0.0,1.5707963267948966,1.5707963267948966,-2.962962962962963,-2.962962962962963,1.5707843407280482,1.5707762131876146,-3.0360136099459645,-3.0333450199726166,0.0011333733824007606,-3.532252102865083e-05
Y-,8.3,4.800000000000001,25.721570565001457,0.0,-0.03564307491694069,-0.7034288872274769,-3.6014059439253694e-05,5.596939883662611e-05,-0.12841651307213992,-0.00022806494000097443,-0.04078833890305134,-0.7065245037968543,-0.0015357080635587338,-2.4589883842865393e-06,-0.18725116288862598,-0.0008657510205960879,-0.03642468392802495,-0.7138121893136705,-0.00032195405681267897,0.0,-0.2,0.0,1.5707963267948966,1.5707963267948966,-2.962962962962963,-2.962962962962963,1.5707843407280482,1.5707762131876146,-3.0360136099459645,-3.0333450199726166,0.0011333733824007606,-3.532252102865083e-05
Y-,8.3,4.800000000000001,25.748476109001786,0.0,-0.03564307491694069,-0.7034288872274769,-3.6014059439253694e-05,5.596939883662611e-05,-0.12841651307213992,-0.00022806494000097443,-0.04078833890305134,-0.7065245037968543,-0.0015357080635587338,-2.4589883842865393e-06,-0.18725116288862598,-0.0008657510205960879,-0.03642468392802495,-0.7138121893136705,-0.00032195405681267897,0.0,-0.2,0.0,1.5707963267948966,1.5707963267948966,-2.962962962962963,-2.962962962962963,1.5707843407280482,1.5707762131876146,-3.0360136099459645,-3.0333450199726166,0.0011333733824007606,-3.532252102865083e-05
Y-,8.3,4.800000000000001,25.77534551899953,0.0,-0.03564307491694069,-0.7034288872274769,-3.6014059439253694e-05,5.596939883662611e-05,-0.12841651307213992,-0.00022806494000097443,-0.04078833890305134,-0.7065245037968543,-0.0015357080635587338,-2.4589883842865393e-06,-0.18725116288862598,-0.0008657510205960879,-0.03642468392802495,-0.7138121893136705,-0.00032195405681267897,0.0,-0.2,0.0,1.5707963267948966,1.5707963267948966,-2.962962962962963,-2.962962962962963,1.5707843407280482,1.5707762131876146,-3.0360136099459645,-3.0333450199726166,0.0011333733824007606,-3.532252102865083e-05
Y-,8.3,4.800000000000001,25.845081026000116,0.0,-0.03564307491694069,-0.7034288872274769,-3.6014059439253694e-05,5.596939883662611e-05,-0.12841651307213992,-0.00022806494000097443,-0.04078833890305134,-0.7065245037968543,-0.0015357080635587338,-2.4589883842865393e-06,-0.18725116288862598,-0.0008657510205960879,-0.03642468392802495,-0.7138121893136705,-0.00032195405681267897,0.0,-0.2,0.0,1.5707963267948966,1.5707963267948966,-2.962962962962963,-2.962962962962963,1.5707843407280482,1.5707762131876146,-3.0360136099459645,-3.0333450199726166,0.0011333733824007606,-3.532252102865083e-05
Y-,8.3,4.800000000000001,25.877261844001623,0.0,-0.03564307491694069,-0.7034288872274769,-3.6014059439253694e-05,5.596939883662611e-05,-0.12841651307213992,-0.00022806494000097443,-0.04078833890305134,-0.7065245037968543,-0.0015357080635587338,-2.4589883842865393e-06,-0.18725116288862598,-0.0008657510205960879,-0.03642468392802495,-0.7138121893136705,-0.00032195405681267897,0.0,-0.2,0.0,1.5707963267948966,1.5707963267948966,-2.962962962962963,-2.962962962962963,1.5707843407280482,1.5707762131876146,-3.0360136099459645,-3.0333450199726166,0.0011333733824007606,-3.532252102865083e-05
Y-,8.3,4.800000000000001,25.90463738100152,0.0,-0.035643008131333066,-0.7040800964650079,-3.6450292107852634e-05,5.632341205727648e-05,-0.1273205481908141,-0.00021635717762610076,-0.04078833890305134,-0.7065245037968543,-0.0015357080635587338,-2.4589883842865393e-06,-0.18725116288862598,-0.0008657510205960879,-0.03642468392802495,-0.7138121893136705,-0.00032195405681267897,0.0,-0.2,0.0,1.5707963267948966,1.5707963267948966,-2.962962962962963,-2.962962962962963,1.5707841120195436,1.5707751729571617,-3.0478425190073373,-3.044376716408888,-0.0022351848257560272,-3.62830405132461e-05
Y-,8.3,4.800000000000001,25.93740800100204,0.0,-0.0356426135926991,-0.7067579064229494,-3.840513334169106e-05,8.050412410063427e-05,-0.12284326244193053,-0.00026249508903324504,-0.04078833890305134,-0.7065245037968543,-0.0015357080635587338,-2.4589883842865393e-06,-0.18725116288862598,-0.0008657510205960879,-0.03642468392802495,-0.7138121893136705,-0.00032195405681267897,0.0,-0.2,0.0,1.5707963267948966,1.5707963267948966,-2.962962962962963,-2.962962962962963,1.57078374688456,1.5707740327002977,-3.0429615318168493,-3.031030689290974,-0.001519067048306634,-3.811698203934685e-05
Y-,8.3,4.800000000000001,25.968953916002647,0.0,-0.03564251728768159,-0.7092270246052504,-3.938330729990816e-05,-3.8954396512238645e-05,-0.11913372015264627,0.00018800702282840723,-0.04078833890305134,-0.7065245037968543,-0.0015357080635587338,-2.4589883842865393e-06,-0.18725116288862598,-0.0008657510205960879,-0.03642468392802495,-0.7138121893136705,-0.00032195405681267897,0.0,-0.2,0.0,1.5707963267948966,1.5707963267948966,-2.962962962962963,-2.962962962962963,1.5707839771592846,1.5707754379521885,-2.9901528884588697,-2.9591142733330926,0.0006061285652276328,-3.970348426972876e-05
Y-,8.3,4.800000000000001,26.004716605002614,0.0,-0.03564289656555922,-0.7110341991135021,-3.5873699958668534e-05,-4.137022702643444e-05,-0.11692176767500752,0.00025055308124981247,-0.04081720639632461,-0.7251465572445613,-0.0019620269654564556,-2.69432833999996e-06,-0.18622075820617648,-0.004263189018977217,-0.03633196670067824,-0.7109262052403728,-0.0002111402846929343,0.0,-0.2,0.0,1.5707963267948966,1.5707963267948966,-2.962962962962963,-2.962962962962963,1.5707875207691302,1.5707845615275717,-2.897350861059834,-2.8364890332228265,6.568633927071712e-05,-3.728052050881698e-05
Y-,8.4,4.9,26.02897065900106,0.09999999999999964,-0.03564361642970616,-0.7137457293714699,-3.438020371563992e-05,7.794530395641804e-06,-0.11474699354476464,9.480079271079201e-05,-0.04081720639632461,-0.7251465572445613,-0.0019620269654564556,-2.69432833999996e-06,-0.18622075820617648,-0.004263189018977217,-0.03633196670067824,-0.7109262052403728,-0.0002111402846929343,0.0,-0.2,0.0,1.5707963267948966,1.5707963267948966,-2.962962962962963,-2.962962962962963,1.5707963008072605,1.5707999154593324,-2.720326979895069,-2.6566688353499464,0.0024013880869045855,-3.4309254990396344e-05
Y-,8.4,4.9,26.057143463000102,0.0,-0.03564325464550693,-0.7153771717617936,-3.537583418526699e-05,-3.223522416885247e-05,-0.11452988984274465,0.00010990359502040942,-0.04081720639632461,-0.7251465572445613,-0.0019620269654564556,-2.69432833999996e-06,-0.18622075820617648,-0.004263189018977217,-0.03633196670067824,-0.7109262052403728,-0.0002111402846929343,0.0,-0.2,0.0,1.5707963267948966,1.5707963267948966,-2.962962962962963,-2.962962962962963,1.5707963288095392,1.5708032182043734,-2.6011896625491584,-2.5164663076021374,0.0014402102292279963,-3.564582431708134e-05
Y-,8.4,4.9,26.08162398300192,0.0,-0.03564325464550693,-0.7153771717617936,-3.537583418526699e-05,-3.223522416885247e-05,-0.11452988984274465,0.00010990359502040942,-0.04081720639632461,-0.7251465572445613,-0.0019620269654564556,-2.69432833999996e-06,-0.18622075820617648,-0.004263189018977217,-0.03633196670067824,-0.7109262052403728,-0.0002111402846929343,0.0,-0.2,0.0,1.5707963267948966,1.5707963267948966,-2.962962962962963,-2.962962962962963,1.5707963288095392,1.5708032182043734,-2.6011896625491584,-2.5164663076021374,0.0014402102292279963,-3.564582431708134e-05
Y-,8.4,4.9,26.106899124999472,0.0,-0.03564325464550693,-0.7153771717617936,-3.537583418526699e-05,-3.223522416885247e-05,-0.11452988984274465,0.00010990359502040942,-0.04081720639632461,-0.7251465572445613,-0.0019620269654564556,-2.69432833999996e-06,-0.18622075820617648,-0.004263189018977217,-0.03633196670067824,-0.7109262052403728,-0.0002111402846929343,0.0,-0.2,0.0,1.5707963267948966,1.5707963267948966,-2.962962962962963,-2.962962962962963,1.5707963288095392,1.5708032182043734,-2.6011896625491584,-2.5164663076021374,0.0014402102292279963,-3.564582431708134e-05
Y-,8.4,4.9,26.131706557000143,0.0,-0.03564325464550693,-0.7153771717617936,-3.537583418526699e-05,-3.223522416885247e-05,-0.11452988984274465,0.00010990359502040942,-0.04081720639632461,-0.7251465572445613,-0.0019620269654564556,-2.69432833999996e-06,-0.18622075820617648,-0.004263189018977217,-0.03633196670067824,-0.7109262052403728,-0.0002111402846929343,0.0,-0.2,0.0,1.5707963267948966,1.5707963267948966,-2.962962962962963,-2.962962962962963,1.5707963288095392,1.5708032182043734,-2.6011896625491584,-2.5164663076021374,0.0014402102292279963,-3.564582431708134e-05
Y-,8.4,4.9,26.16272209300223,0.0,-0.03564325464550693,-0.7153771717617936,-3.537583418526699e-05,-3.223522416885247e-05,-0.11452988984274465,0.00010990359502040942,-0.04081720639632461,-0.7251465572445613,-0.0019620269654564556,-2.69432833999996e-06,-0.18622075820617648,-0.004263189018977217,-0.03633196670067824,-0.7109262052403728,-0.0002111402846929343,0.0,-0.2,0.0,1.5707963267948966,1.5707963267948966,-2.962962962962963,-2.962962962962963,1.5707963288095392,1.5708032182043734,-2.6011896625491584,-2.5164663076021374,0.0014402102292279963,-3.564582431708134e-05
Y-,8.4,4.9,26.18793818800259,0.0,-0.03564325464550693,-0.7153771717617936,-3.537583418526699e-05,-3.223522416885247e-05,-0.11452988984274465,0.00010990359502040942,-0.04081720639632461,-0.7251465572445613,-0.0019620269654564556,-2.69432833999996e-06,-0.18622075820617648,-0.004263189018977217,-0.03633196670067824,-0.7109262052403728,-0.0002111402846929343,0.0,-0.2,0.0,1.5707963267948966,1.5707963267948966,-2.962962962962963,-2.962962962962963,1.5707963288095392,1.5708032182043734,-2.6011896625491584,-2.5164663076021374,0.0014402102292279963,-3.564582431708134e-05
Y-,8.4,4.9,26.221198396000545,0.0,-0.03564325464550693,-0.7153771717617936,-3.537583418526699e-05,-3.223522416885247e-05,-0.11452988984274465,0.00010990359502040942,-0.04081720639632461,-0.7251465572445613,-0.0019620269654564556,-2.69432833999996e-06,-0.18622075820617648,-0.004263189018977217,-0.03633196670067824,-0.7109262052403728,-0.0002111402846929343,0.0,-0.2,0.0,1.5707963267948966,1.5707963267948966,-2.962962962962963,-2.962962962962963,1.5707963288095392,1.5708032182043734,-2.6011896625491584,-2.5164663076021374,0.0014402102292279963,-3.564582431708134e-05
Y-,8.4,4.9,26.251637995999772,0.0,-0.03564325464550693,-0.7153771717617936,-3.537583418526699e-05,-3.223522416885247e-05,-0.11452988984274465,0.00010990359502040942,-0.04081720639632461,-0.7251465572445613,-0.0019620269654564556,-2.69432833999996e-06,-0.18622075820617648,-0.004263189018977217,-0.03633196670067824,-0.7109262052403728,-0.0002111402846929343,0.0,-0.2,0.0,1.5707963267948966,1.5707963267948966,-2.962962962962963,-2.962962962962963,1.5707963288095392,1.5708032182043734,-2.6011896625491584,-2.5164663076021374,0.0014402102292279963,-3.564582431708134e-05
Y-,8.4,4.9,26.2790670400027,0.0,-0.03564325464550693,-0.7153771717617936,-3.537583418526699e-05,-3.223522416885247e-05,-0.11452988984274465,0.00010990359502040942,-0.04081720639632461,-0.7251465572445613,-0.0019620269654564556,-2.69432833999996e-06,-0.18622075820617648,-0.004263189018977217,-0.03633196670067824,-0.7109262052403728,-0.0002111402846929343,0.0,-0.2,0.0,1.5707963267948966,1.5707963267948966,-2.962962962962963,-2.962962962962963,1.5707963288095392,1.5708032182043734,-2.6011896625491584,-2.5164663076021374,0.0014402102292279963,-3.564582431708134e-05
Y-,8.4,4.9,26.308341211999505,0.0,-0.03564325464550693,-0.7153771717617936,-3.537583418526699e-05,-3.223522416885247e-05,-0.11452988984274465,0.00010990359502040942,-0.04081720639632461,-0.7251465572445613,-0.0019620269654564556,-2.69432833999996e-06,-0.18622075820617648,-0.004263189018977217,-0.03633196670067824,-0.7109262052403728,-0.0002111402846929343,0.0,-0.2,0.0,1.5707963267948966,1.5707963267948966,-2.962962962962963,-2.962962962962963,1.5707963288095392,1.5708032182043734,-2.6011896625491584,-2.5164663076021374,0.0014402102292279963,-3.564582431708134e-05
Y-,8.4,4.9,26.346434573002625,0.0,-0.03564325464550693,-0.7153771717617936,-3.537583418526699e-05,-3.223522416885247e-05,-0.11452988984274465,0.00010990359502040942,-0.04081720639632461,-0.7251465572445613,-0.0019620269654564556,-2.69432833999996e-06,-0.18622075820617648,-0.004263189018977217,-0.03633196670067824,-0.7109262052403728,-0.0002111402846929343,0.0,-0.2,0.0,1.5707963267948966,1.5707963267948966,-2.962962962962963,-2.962962962962963,1.5707963288095392,1.5708032182043734,-2.6011896625491584,-2.5164663076021374,0.0014402102292279963,-3.564582431708134e-05
Y-,8.4,4.9,26.3820535440027,0.0,-0.03564325464550693,-0.7153771717617936,-3.537583418526699e-05,-3.223522416885247e-05,-0.11452988984274465,0.00010990359502040942,-0.04081720639632461,-0.7251465572445613,-0.0019620269654564556,-2.69432833999996e-06,-0.18622075820617648,-0.004263189018977217,-0.03633196670067824,-0.7109262052403728,-0.0002111402846929343,0.0,-0.2,0.0,1.5707963267948966,1.5707963267948966,-2.962962962962963,-2.962962962962963,1.5707963288095392,1.5708032182043734,-2.6011896625491584,-2.5164663076021374,0.0014402102292279963,-3.564582431708134e-05
Y-,8.4,4.9,26.41251322500102,0.0,-0.03564325464550693,-0.7153771717617936,-3.537583418526699e-05,-3.223522416885247e-05,-0.11452988984274465,0.00010990359502040942,-0.04081720639632461,-0.7251465572445613,-0.0019620269654564556,-2.69432833999996e-06,-0.18622075820617648,-0.004263189018977217,-0.03633196670067824,-0.7109262052403728,-0.0002111402846929343,0.0,-0.2,0.0,1.5707963267948966,1.5707963267948966,-2.962962962962963,-2.962962962962963,1.5707963288095392,1.5708032182043734,-2.6011896625491584,-2.5164663076021374,0.0014402102292279963,-3.564582431708134e-05
Y-,8.4,4.9,26.44357009400119,0.0,-0.03564325464550693,-0.7153771717617936,-3.537583418526699e-05,-3.223522416885247e-05,-0.11452988984274465,0.00010990359502040942,-0.04081720639632461,-0.7251465572445613,-0.0019620269654564556,-2.69432833999996e-06,-0.18622075820617648,-0.004263189018977217,-0.03633196670067824,-0.7109262052403728,-0.0002111402846929343,0.0,-0.2,0.0,1.5707963267948966,1.5707963267948966,-2.962962962962963,-2.962962962962963,1.5707963288095392,1.5708032182043734,-2.6011896625491584,-2.5164663076021374,0.0014402102292279963,-3.564582431708134e-05
Y-,8.4,4.9,26.474438977002137,0.0,-0.03564325464550693,-0.7153771717617936,-3.537583418526699e-05,-3.223522416885247e-05,-0.11452988984274465,0.00010990359502040942,-0.04081720639632461,-0.7251465572445613,-0.0019620269654564556,-2.69432833999996e-06,-0.18622075820617648,-0.004263189018977217,-0.03633196670067824,-0.7109262052403728,-0.0002111402846929343,0.0,-0.2,0.0,1.5707963267948966,1.5707963267948966,-2.962962962962963,-2.962962962962963,1.5707963288095392,1.5708032182043734,-2.6011896625491584,-2.5164663076021374,0.0014402102292279963,-3.564582431708134e-05
Y-,8.4,4.9,26.50120943300135,0.0,-0.03564325464550693,-0.7153771717617936,-3.537583418526699e-05,-3.223522416885247e-05,-0.11452988984274465,0.00010990359502040942,-0.04081720639632461,-0.7251465572445613,-0.0019620269654564556,-2.69432833999996e-06,-0.18622075820617648,-0.004263189018977217,-0.03633196670067824,-0.7109262052403728,-0.0002111402846929343,0.0,-0.2,0.0,1.5707963267948966,1.5707963267948966,-2.962962962962963,-2.962962962962963,1.5707963288095392,1.5708032182043734,-2.6011896625491584,-2.5164663076021374,0.0014402102292279963,-3.564582431708134e-05
Y-,8.4,4.9,26.527995431002637,0.0,-0.035642871686470026,-0.7170205470833607,-3.2445511829974256e-05,-1.0971432114380953e-05,-0.11591961908603034,0.00022425423853261988,-0.04081720639632461,-0.7251465572445613,-0.0019620269654564556,-2.69432833999996e-06,-0.18622075820617648,-0.004263189018977217,-0.03633196670067824,-0.7109262052403728,-0.0002111402846929343,0.0,-0.2,0.0,1.5707963267948966,1.5707963267948966,-2.962962962962963,-2.962962962962963,1.5707963174414505,1.5707830957247273,-2.238886640525502,-2.073678274350122,0.0011240298979983984,-3.44175619742011e-05
Y-,8.4,4.9,26.557933585001592,0.0,-0.03564050833661414,-0.7191962954191107,-2.8478611017834887e-05,0.0005894641167282669,-0.1204695103407315,0.00036540228645954675,-0.04081720639632461,-0.7251465572445613,-0.0019620269654564556,-2.69432833999996e-06,-0.18622075820617648,-0.004263189018977217,-0.03633196670067824,-0.7109262052403728,-0.0002111402846929343,0.0,-0.2,0.0,1.5707963267948966,1.5707963267948966,-2.962962962962963,-2.962962962962963,1.5707905766958499,1.5707788966484229,-2.054771932391848,-1.9227911642984659,0.0009605573003547746,-2.933380048267979e-05
Y-,8.4,4.9,26.58765066700289,0.0,-0.03563665750453435,-0.7213439571607143,-1.963055881234956e-05,0.00017014385234739076,-0.12653724482160406,0.0009414961604449154,-0.04081720639632461,-0.7251465572445613,-0.0019620269654564556,-2.69432833999996e-06,-0.18622075820617648,-0.004263189018977217,-0.03633196670067824,-0.7109262052403728,-0.0002111402846929343,0.0,-0.2,0.0,1.5707963267948966,1.5707963267948966,-2.962962962962963,-2.962962962962963,1.5707841943151282,1.5707721564432733,-1.779908001559451,-1.6696145522026542,0.0008409652611390274,-2.583400817426856e-05
Y-,8.4,4.9,26.61433988800127,0.0,-0.03563662104826609,-0.7237364919882106,-1.2145747507898619e-05,1.6717758568936252e-06,-0.133852945908675,0.00042946004107248265,-0.04081720639632461,-0.7251465572445613,-0.0019620269654564556,-2.69432833999996e-06,-0.18622075820617648,-0.004263189018977217,-0.03634612483776867,-0.750579315728192,-0.0002678907595092816,0.0,-0.2,0.0,1.5707963267948966,1.5707963267948966,-2.962962962962963,-2.962962962962963,1.5707864380460146,1.5707756036345542,-1.6598397706498362,-1.549908422106163,-0.0013656581417267918,-1.3441808338763632e-05
Y-,8.5,5.0,26.650465427002928,0.09999999999999964,-0.03563753218364376,-0.727428849301156,-1.7283567499260306e-05,6.735412386263642e-07,-0.14524992432854092,-0.00023553546005763068,-0.040837418855763814,-0.7353695852568272,-0.003128968080077405,-1.5457677505666466e-06,-0.10223047992609399,-0.011669411146209495,-0.03634612483776867,-0.750579315728192,-0.0002678907595092816,0.0,-0.2,0.0,1.5707963267948966,1.5707963267948966,-2.962962962962963,-2.962962962962963,1.5707910823942859,1.5707817351057036,-1.5371123821948842,-1.5831268616274985,0.0002531024628428485,-1.643417434869116e-05
Y-,8.5,5.0,26.675471271999413,0.0,-0.03563760331248598,-0.7289248090289322,-1.8177652219134893e-05,6.428264614985843e-06,-0.14947300420751453,2.992056242802444e-05,-0.040837418855763814,-0.7353695852568272,-0.003128968080077405,-1.5457677505666466e-06,-0.10223047992609399,-0.011669411146209495,-0.03634612483776867,-0.750579315728192,-0.0002678907595092816,0.0,-0.2,0.0,1.5707963267948966,1.5707963267948966,-2.962962962962963,-2.962962962962963,1.5707927036107945,1.5707837251136043,-1.59386784572107,-1.6458775189173473,0.0001000712630082272,-1.8177959086262664e-05
Y-,8.5,5.0,26.705464483002288,0.0,-0.03563760331248598,-0.7289248090289322,-1.8177652219134893e-05,6.428264614985843e-06,-0.14947300420751453,2.992056242802444e-05,-0.040837418855763814,-0.7353695852568272,-0.003128968080077405,-1.5457677505666466e-06,-0.10223047992609399,-0.011669411146209495,-0.03634612483776867,-0.750579315728192,-0.0002678907595092816,0.0,-0.2,0.0,1.5707963267948966,1.5707963267948966,-2.962962962962963,-2.962962962962963,1.5707927036107945,1.5707837251136043,-1.59386784572107,-1.6458775189173473,0.0001000712630082272,-1.8177959086262664e-05
Y-,8.5,5.0,26.734500847000163,0.0,-0.03563760331248598,-0.7289248090289322,-1.8177652219134893e-05,6.428264614985843e-06,-0.14947300420751453,2.992056242802444e-05,-0.040837418855763814,-0.7353695852568272,-0.003128968080077405,-1.5457677505666466e-06,-0.10223047992609399,-0.011669411146209495,-0.03634612483776867,-0.750579315728192,-0.0002678907595092816,0.0,-0.2,0.0,1.5707963267948966,1.5707963267948966,-2.962962962962963,-2.962962962962963,1.5707927036107945,1.5707837251136043,-1.59386784572107,-1.6458775189173473,0.0001000712630082272,-1.8177959086262664e-05
Y-,8.5,5.0,26.759230738000042,0.0,-0.03563760331248598,-0.7289248090289322,-1.8177652219134893e-05,6.428264614985843e-06,-0.14947300420751453,2.992056242802444e-05,-0.040837418855763814,-0.7353695852568272,-0.003128968080077405,-1.5457677505666466e-06,-0.10223047992609399,-0.011669411146209495,-0.03634612483776867,-0.750579315728192,-0.0002678907595092816,0.0,-0.2,0.0,1.5707963267948966,1.5707963267948966,-2.962962962962963,-2.962962962962963,1.5707927036107945,1.5707837251136043,-1.59386784572107,-1.6458775189173473,0.0001000712630082272,-1.8177959086262664e-05
Y-,8.5,5.0,26.783655614002782,0.0,-0.03563760331248598,-0.7289248090289322,-1.8177652219134893e-05,6.428264614985843e-06,-0.14947300420751453,2.992056242802444e-05,-0.040837418855763814,-0.7353695852568272,-0.003128968080077405,-1.5457677505666466e-06,-0.10223047992609399,-0.011669411146209495,-0.03634612483776867,-0.750579315728192,-0.0002678907595092816,0.0,-0.2,0.0,1.5707963267948966,1.5707963267948966,-2.962962962962963,-2.962962962962963,1.5707927036107945,1.5707837251136043,-1.59386784572107,-1.6458775189173473,0.0001000712630082272,-1.8177959086262664e-05
Y-,8.5,5.0,26.812511303000065,0.0,-0.03563760331248598,-0.7289248090289322,-1.8177652219134893e-05,6.428264614985843e-06,-0.14947300420751453,2.992056242802444e-05,-0.040837418855763814,-0.7353695852568272,-0.003128968080077405,-1.5457677505666466e-06,-0.10223047992609399,-0.011669411146209495,-0.03634612483776867,-0.750579315728192,-0.0002678907595092816,0.0,-0.2,0.0,1.5707963267948966,1.5707963267948966,-2.962962962962963,-2.962962962962963,1.5707927036107945,1.5707837251136043,-1.59386784572107,-1.6458775189173473,0.0001000712630082272,-1.8177959086262664e-05
Y-,8.5,5.0,26.841926221000904,0.0,-0.03563760331248598,-0.7289248090289322,-1.8177652219134893e-05,6.428264614985843e-06,-0.14947300420751453,2.992056242802444e-05,-0.040837418855763814,-0.7353695852568272,-0.003128968080077405,-1.5457677505666466e-06,-0.10223047992609399,-0.011669411146209495,-0.03634612483776867,-0.750579315728192,-0.0002678907595092816,0.0,-0.2,0.0,1.5707963267948966,1.5707963267948966,-2.962962962962963,-2.962962962962963,1.5707927036107945,1.5707837251136043,-1.59386784572107,-1.6458775189173473,0.0001000712630082272,-1.8177959086262664e-05
Y-,8.5,5.0,26.86622003999946,0.0,-0.03563760331248598,-0.7289248090289322,-1.8177652219134893e-05,6.428264614985843e-06,-0.14947300420751453,2.992056242802444e-05,-0.040837418855763814,-0.7353695852568272,-0.003128968080077405,-1.5457677505666466e-06,-0.10223047992609399,-0.011669411146209495,-0.03634612483776867,-0.750579315728192,-0.0002678907595092816,0.0,-0.2,0.0,1.5707963267948966,1.5707963267948966,-2.962962962962963,-2.962962962962963,1.5707927036107945,1.5707837251136043,-1.59386784572107,-1.6458775189173473,0.0001000712630082272,-1.8177959086262664e-05
Y-,8.5,5.0,26.89791317900017,0.0,-0.03563760331248598,-0.7289248090289322,-1.8177652219134893e-05,6.428264614985843e-06,-0.14947300420751453,2.992056242802444e-05,-0.040837418855763814,-0.7353695852568272,-0.003128968080077405,-1.5457677505666466e-06,-0.10223047992609399,-0.011669411146209495,-0.03634612483776867,-0.750579315728192,-0.0002678907595092816,0.0,-0.2,0.0,1.5707963267948966,1.5707963267948966,-2.962962962962963,-2.962962962962963,1.5707927036107945,1.5707837251136043,-1.59386784572107,-1.6458775189173473,0.0001000712630082272,-1.8177959086262664e-05
Y-,8.5,5.0,26.93034979300137,0.0,-0.03563760331248598,-0.7289248090289322,-1.8177652219134893e-05,6.428264614985843e-06,-0.14947300420751453,2.992056242802444e-05,-0.040837418855763814,-0.7353695852568272,-0.003128968080077405,-1.5457677505666466e-06,-0.10223047992609399,-0.011669411146209495,-0.03634612483776867,-0.750579315728192,-0.0002678907595092816,0.0,-0.2,0.0,1.5707963267948966,1.5707963267948966,-2.962962962962963,-2.962962962962963,1.5707927036107945,1.5707837251136043,-1.59386784572107,-1.6458775189173473,0.0001000712630082272,-1.8177959086262664e-05
Y-,8.5,5.0,26.9549162780022,0.0,-0.03563760331248598,-0.7289248090289322,-1.8177652219134893e-05,6.428264614985843e-06,-0.14947300420751453,2.992056242802444e-05,-0.040837418855763814,-0.7353695852568272,-0.003128968080077405,-1.5457677505666466e-06,-0.10223047992609399,-0.011669411146209495,-0.03634612483776867,-0.750579315728192,-0.0002678907595092816,0.0,-0.2,0.0,1.5707963267948966,1.5707963267948966,-2.962962962962963,-2.962962962962963,1.5707927036107945,1.5707837251136043,-1.59386784572107,-1.6458775189173473,0.0001000712630082272,-1.8177959086262664e-05
Y-,8.5,5.0,26.983274591002555,0.0,-0.03563760331248598,-0.7289248090289322,-1.8177652219134893e-05,6.428264614985843e-06,-0.14947300420751453,2.992056242802444e-05,-0.040837418855763814,-0.7353695852568272,-0.003128968080077405,-1.5457677505666466e-06,-0.10223047992609399,-0.011669411146209495,-0.03634612483776867,-0.750579315728192,-0.0002678907595092816,0.0,-0.2,0.0,1.5707963267948966,1.5707963267948966,-2.962962962962963,-2.962962962962963,1.5707927036107945,1.5707837251136043,-1.59386784572107,-1.6458775189173473,0.0001000712630082272,-1.8177959086262664e-05
Y-,8.5,5.0,27.012285558001167,0.0,-0.03563760331248598,-0.7289248090289322,-1.8177652219134893e-05,6.428264614985843e-06,-0.14947300420751453,2.992056242802444e-05,-0.040837418855763814,-0.7353695852568272,-0.003128968080077405,-1.5457677505666466e-06,-0.10223047992609399,-0.011669411146209495,-0.03634612483776867,-0.750579315728192,-0.0002678907595092816,0.0,-0.2,0.0,1.5707963267948966,1.5707963267948966,-2.962962962962963,-2.962962962962963,1.5707927036107945,1.5707837251136043,-1.59386784572107,-1.6458775189173473,0.0001000712630082272,-1.8177959086262664e-05
Y-,8.5,5.0,27.038958823999565,0.0,-0.03563760331248598,-0.7289248090289322,-1.8177652219134893e-05,6.428264614985843e-06,-0.14947300420751453,2.992056242802444e-05,-0.040837418855763814,-0.7353695852568272,-0.003128968080077405,-1.5457677505666466e-06,-0.10223047992609399,-0.011669411146209495,-0.03634612483776867,-0.750579315728192,-0.0002678907595092816,0.0,-0.2,0.0,1.5707963267948966,1.5707963267948966,-2.962962962962963,-2.962962962962963,1.5707927036107945,1.5707837251136043,-1.59386784572107,-1.6458775189173473,0.0001000712630082272,-1.8177959086262664e-05
Y-,8.5,5.0,27.069576208999933,0.0,-0.03563761009128058,-0.7304601149763007,-1.7804462880933986e-05,2.215081555371963e-06,-0.15340063932933265,3.5732679144973355e-05,-0.040837418855763814,-0.7353695852568272,-0.003128968080077405,-1.5457677505666466e-06,-0.10223047992609399,-0.011669411146209495,-0.03634612483776867,-0.750579315728192,-0.0002678907595092816,0.0,-0.2,0.0,1.5707963267948966,1.5707963267948966,-2.962962962962963,-2.962962962962963,1.5707927036107945,1.5707837251136043,-1.59386784572107,-1.6458775189173473,0.004494859058040363,-1.78666106775435e-05
Y-,8.5,5.0,27.096053823002876,0.0,-0.035637599703072974,-0.7336374078915892,-1.769527910055114e-05,-1.0585806309755333e-05,-0.16035075363524645,-1.7975612224541516e-06,-0.040837418855763814,-0.7353695852568272,-0.003128968080077405,-1.5457677505666466e-06,-0.10223047992609399,-0.011669411146209495,-0.03634612483776867,-0.750579315728192,-0.0002678907595092816,0.0,-0.2,0.0,1.5707963267948966,1.5707963267948966,-2.962962962962963,-2.962962962962963,1.5707958531314725,1.5707872736598043,-1.7180949580074587,-1.773408803163648,0.00016555019607350285,-1.7704050711261754e-05
Y-,8.5,5.0,27.13233854400096,0.0,-0.035637580969567595,-0.7369382189910145,-1.754957465304535e-05,-2.191730530976842e-05,-0.16612660066635537,-1.3611001632886835e-05,-0.040837418855763814,-0.7353695852568272,-0.003128968080077405,-1.5457677505666466e-06,-0.10223047992609399,-0.011669411146209495,-0.03634612483776867,-0.750579315728192,-0.0002678907595092816,0.0,-0.2,0.0,1.5707963267948966,1.5707963267948966,-2.962962962962963,-2.962962962962963,1.5707962058176888,1.570791417451738,-1.9073077699254355,-1.958613772256369,-0.0013087974553527238,-1.7563314780996175e-05
Y-,8.5,5.0,27.16159354100091,0.0,-0.03563757134205947,-0.7394819131729808,-1.7454783784953372e-05,-2.8859934481965492e-05,-0.16974757334902243,-2.2025799371445173e-05,-0.040877115560675345,-0.7480482795701565,-0.0026090517567251416,-2.5345517206537877e-07,-0.1267875645789398,0.005199163233522637,-0.03633870290674679,-0.7396950239834086,-0.00013454728577899685,0.0,-0.2,0.0,1.5707963267948966,1.5707963267948966,-2.962962962962963,-2.962962962962963,1.5707962067190904,1.5707924944380753,-1.9658963460600956,-2.0148749123201712,-0.0007396174623621356,-1.7497788839252354e-05
Y-,8.600000000000001,5.100000000000001,27.18835424000281,0.10000000000000142,-0.03563756349268814,-0.7432992987795445,-1.7335645665513712e-05,-3.680907887064628e-05,-0.1740827167003086,-3.178326595232562e-05,-0.040877115560675345,-0.7480482795701565,-0.0026090517567251416,-2.5345517206537877e-07,-0.1267875645789398,0.005199163233522637,-0.03633870290674679,-0.7396950239834086,-0.00013454728577899685,0.0,-0.2,0.0,1.5707963267948966,1.5707963267948966,-2.962962962962963,-2.962962962962963,1.5707962081822613,1.5707942582773518,-2.0730718617867816,-2.1171203755366585,0.00040251392888542264,-1.737547066821203e-05
Y-,8.600000000000001,5.100000000000001,27.218718071002513,0.0,-0.03563756186651091,-0.7450630328442658,-1.729373693247765e-05,-3.9690804080981954e-05,-0.17571207039730624,-3.562750003017252e-05,-0.040877115560675345,-0.7480482795701565,-0.0026090517567251416,-2.5345517206537877e-07,-0.1267875645789398,0.005199163233522637,-0.03633870290674679,-0.7396950239834086,-0.00013454728577899685,0.0,-0.2,0.0,1.5707963267948966,1.5707963267948966,-2.962962962962963,-2.962962962962963,1.5707962088861471,1.5707949680085962,-2.121399039240841,-2.1629856572064106,-0.001796678210354943,-1.731302956084597e-05
Y-,8.600000000000001,5.100000000000001,27.2457928799995,0.0,-0.03563756186651091,-0.7450630328442658,-1.729373693247765e-05,-3.9690804080981954e-05,-0.17571207039730624,-3.562750003017252e-05,-0.040877115560675345,-0.7480482795701565,-0.0026090517567251416,-2.5345517206537877e-07,-0.1267875645789398,0.005199163233522637,-0.03633870290674679,-0.7396950239834086,-0.00013454728577899685,0.0,-0.2,0.0,1.5707963267948966,1.5707963267948966,-2.962962962962963,-2.962962962962963,1.5707962088861471,1.5707949680085962,-2.121399039240841,-2.1629856572064106,-0.001796678210354943,-1.731302956084597e-05
Y-,8.600000000000001,5.100000000000001,27.28004955900178,0.0,-0.03563756186651091,-0.7450630328442658,-1.729373693247765e-05,-3.9690804080981954e-05,-0.17571207039730624,-3.562750003017252e-05,-0.040877115560675345,-0.7480482795701565,-0.0026090517567251416,-2.5345517206537877e-07,-0.1267875645789398,0.005199163233522637,-0.03633870290674679,-0.7396950239834086,-0.00013454728577899685,0.0,-0.2,0.0,1.5707963267948966,1.5707963267948966,-2.962962962962963,-2.962962962962963,1.5707962088861471,1.5707949680085962,-2.121399039240841,-2.1629856572064106,-0.001796678210354943,-1.731302956084597e-05
Y-,8.600000000000001,5.100000000000001,27.31198363600197,0.0,-0.03563756186651091,-0.7450630328442658,-1.729373693247765e-05,-3.9690804080981954e-05,-0.17571207039730624,-3.562750003017252e-05,-0.040877115560675345,-0.7480482795701565,-0.0026090517567251416,-2.5345517206537877e-07,-0.1267875645789398,0.005199163233522637,-0.03633870290674679,-0.7396950239834086,-0.00013454728577899685,0.0,-0.2,0.0,1.5707963267948966,1.5707963267948966,-2.962962962962963,-2.962962962962963,1.5707962088861471,1.5707949680085962,-2.121399039240841,-2.1629856572064106,-0.001796678210354943,-1.731302956084597e-05
Y-,8.600000000000001,5.100000000000001,27.33646150400091,0.0,-0.03563756186651091,-0.7450630328442658,-1.729373693247765e-05,-3.9690804080981954e-05,-0.17571207039730624,-3.562750003017252e-05,-0.040877115560675345,-0.7480482795701565,-0.0026090517567251416,-2.5345517206537877e-07,-0.1267875645789398,0.005199163233522637,-0.03633870290674679,-0.7396950239834086,-0.00013454728577899685,0.0,-0.2,0.0,1.5707963267948966,1.5707963267948966,-2.962962962962963,-2.962962962962963,1.5707962088861471,1.5707949680085962,-2.121399039240841,-2.1629856572064106,-0.001796678210354943,-1.731302956084597e-05
Y-,8.600000000000001,5.100000000000001,27.369948740000837,0.0,-0.03563756186651091,-0.7450630328442658,-1.729373693247765e-05,-3.9690804080981954e-05,-0.17571207039730624,-3.562750003017252e-05,-0.040877115560675345,-0.7480482795701565,-0.0026090517567251416,-2.5345517206537877e-07,-0.1267875645789398,0.005199163233522637,-0.03633870290674679,-0.7396950239834086,-0.00013454728577899685,0.0,-0.2,0.0,1.5707963267948966,1.5707963267948966,-2.962962962962963,-2.962962962962963,1.5707962088861471,1.5707949680085962,-2.121399039240841,-2.1629856572064106,-0.001796678210354943,-1.731302956084597e-05
Y-,8.600000000000001,5.100000000000001,27.40364923800007,0.0,-0.03563756186651091,-0.7450630328442658,-1.729373693247765e-05,-3.9690804080981954e-05,-0.17571207039730624,-3.562750003017252e-05,-0.040877115560675345,-0.7480482795701565,-0.0026090517567251416,-2.5345517206537877e-07,-0.1267875645789398,0.005199163233522637,-0.03633870290674679,-0.7396950239834086,-0.00013454728577899685,0.0,-0.2,0.0,1.5707963267948966,1.5707963267948966,-2.962962962962963,-2.962962962962963,1.5707962088861471,1.5707949680085962,-2.121399039240841,-2.1629856572064106,-0.001796678210354943,-1.731302956084597e-05
Y-,8.600000000000001,5.100000000000001,27.433167079001578,0.0,-0.03563756186651091,-0.7450630328442658,-1.729373693247765e-05,-3.9690804080981954e-05,-0.17571207039730624,-3.562750003017252e-05,-0.040877115560675345,-0.7480482795701565,-0.0026090517567251416,-2.5345517206537877e-07,-0.1267875645789398,0.005199163233522637,-0.03633870290674679,-0.7396950239834086,-0.00013454728577899685,0.0,-0.2,0.0,1.5707963267948966,1.5707963267948966,-2.962962962962963,-2.962962962962963,1.5707962088861471,1.5707949680085962,-2.121399039240841,-2.1629856572064106,-0.001796678210354943,-1.731302956084597e-05
Y-,8.600000000000001,5.100000000000001,27.463495462001447,0.0,-0.03563756186651091,-0.7450630328442658,-1.729373693247765e-05,-3.9690804080981954e-05,-0.17571207039730624,-3.562750003017252e-05,-0.040877115560675345,-0.7480482795701565,-0.0026090517567251416,-2.5345517206537877e-07,-0.1267875645789398,0.005199163233522637,-0.03633870290674679,-0.7396950239834086,-0.00013454728577899685,0.0,-0.2,0.0,1.5707963267948966,1.5707963267948966,-2.962962962962963,-2.962962962962963,1.5707962088861471,1.5707949680085962,-2.121399039240841,-2.1629856572064106,-0.001796678210354943,-1.731302956084597e-05
Y-,8.600000000000001,5.100000000000001,27.49326278800072,0.0,-0.03563756186651091,-0.7450630328442658,-1.729373693247765e-05,-3.9690804080981954e-05,-0.17571207039730624,-3.562750003017252e-05,-0.040877115560675345,-0.7480482795701565,-0.0026090517567251416,-2.5345517206537877e-07,-0.1267875645789398,0.005199163233522637,-0.03633870290674679,-0.7396950239834086,-0.00013454728577899685,0.0,-0.2,0.0,1.5707963267948966,1.5707963267948966,-2.962962962962963,-2.962962962962963,1.5707962088861471,1.5707949680085962,-2.121399039240841,-2.1629856572064106,-0.001796678210354943,-1.731302956084597e-05
Y-,8.600000000000001,5.100000000000001,27.52091564300281,0.0,-0.03563756186651091,-0.7450630328442658,-1.729373693247765e-05,-3.9690804080981954e-05,-0.17571207039730624,-3.562750003017252e-05,-0.040877115560675345,-0.7480482795701565,-0.0026090517567251416,-2.5345517206537877e-07,-0.1267875645789398,0.005199163233522637,-0.03633870290674679,-0.7396950239834086,-0.00013454728577899685,0.0,-0.2,0.0,1.5707963267948966,1.5707963267948966,-2.962962962962963,-2.962962962962963,1.5707962088861471,1.5707949680085962,-2.121399039240841,-2.1629856572064106,-0.001796678210354943,-1.731302956084597e-05
Y-,8.600000000000001,5.100000000000001,27.544809211001848,0.0,-0.03563756186651091,-0.7450630328442658,-1.729373693247765e-05,-3.9690804080981954e-05,-0.17571207039730624,-3.562750003017252e-05,-0.040877115560675345,-0.7480482795701565,-0.0026090517567251416,-2.5345517206537877e-07,-0.1267875645789398,0.005199163233522637,-0.03633870290674679,-0.7396950239834086,-0.00013454728577899685,0.0,-0.2,0.0,1.5707963267948966,1.5707963267948966,-2.962962962962963,-2.962962962962963,1.5707962088861471,1.5707949680085962,-2.121399039240841,-2.1629856572064106,-0.001796678210354943,-1.731302956084597e-05
Y-,8.600000000000001,5.100000000000001,27.571883118002006,0.0,-0.03563756186651091,-0.7450630328442658,-1.729373693247765e-05,-3.9690804080981954e-05,-0.17571207039730624,-3.562750003017252e-05,-0.040877115560675345,-0.7480482795701565,-0.0026090517567251416,-2.5345517206537877e-07,-0.1267875645789398,0.005199163233522637,-0.03633870290674679,-0.7396950239834086,-0.00013454728577899685,0.0,-0.2,0.0,1.5707963267948966,1.5707963267948966,-2.962962962962963,-2.962962962962963,1.5707962088861471,1.5707949680085962,-2.121399039240841,-2.1629856572064106,-0.001796678210354943,-1.731302956084597e-05
Y-,8.600000000000001,5.100000000000001,27.597831732000486,0.0,-0.03563756186651091,-0.7450630328442658,-1.729373693247765e-05,-3.9690804080981954e-05,-0.17571207039730624,-3.562750003017252e-05,-0.040877115560675345,-0.7480482795701565,-0.0026090517567251416,-2.5345517206537877e-07,-0.1267875645789398,0.005199163233522637,-0.03633870290674679,-0.7396950239834086,-0.00013454728577899685,0.0,-0.2,0.0,1.5707963267948966,1.5707963267948966,-2.962962962962963,-2.962962962962963,1.5707962088861471,1.5707949680085962,-2.121399039240841,-2.1629856572064106,-0.001796678210354943,-1.731302956084597e-05
Y-,8.600000000000001,5.100000000000001,27.626945943000464,0.0,-0.035637561083927294,-0.7466633447608546,-1.7273710519581537e-05,-4.173711923889683e-05,-0.17701534451407963,-3.778866285497454e-05,-0.040877115560675345,-0.7480482795701565,-0.0026090517567251416,-2.5345517206537877e-07,-0.1267875645789398,0.005199163233522637,-0.03633870290674679,-0.7396950239834086,-0.00013454728577899685,0.0,-0.2,0.0,1.5707963267948966,1.5707963267948966,-2.962962962962963,-2.962962962962963,1.5707965989477861,1.5707955785236152,-2.1662328216558357,-2.205417585736401,0.00026540778208952525,-1.7283139167106377e-05
Y-,8.600000000000001,5.100000000000001,27.65778912300084,0.0,-0.03563755487362728,-0.7502569185255089,-1.723604061747655e-05,-4.489694645363526e-05,-0.1794138808450968,-3.6273633106867634e-05,-0.040877115560675345,-0.7480482795701565,-0.0026090517567251416,-2.5345517206537877e-07,-0.1267875645789398,0.005199163233522637,-0.03633870290674679,-0.7396950239834086,-0.00013454728577899685,0.0,-0.2,0.0,1.5707963267948966,1.5707963267948966,-2.962962962962963,-2.962962962962963,1.5707975265628393,1.5707963058804078,-2.2458089500373775,-2.28061070633145,0.0011268173319620163,-1.72460473899574e-05
Y-,8.600000000000001,5.100000000000001,27.691262538002775,0.0,-0.035637542072276,-0.7537092097232858,-1.7154934659144814e-05,-4.705426215652727e-05,-0.18113449053854216,-3.4166785207246945e-05,-0.040877115560675345,-0.7480482795701565,-0.0026090517567251416,-2.5345517206537877e-07,-0.1267875645789398,0.005199163233522637,-0.03633870290674679,-0.7396950239834086,-0.00013454728577899685,0.0,-0.2,0.0,1.5707963267948966,1.5707963267948966,-2.962962962962963,-2.962962962962963,1.5707981279556433,1.5707963088765107,-2.3131450078258893,-2.3439506097880365,0.0013233171578826523,-1.716270664580125e-05
Y-,8.600000000000001,5.100000000000001,27.720732696001505,0.0,-0.03563752870496521,-0.7566384189973728,-1.7102717365590955e-05,-4.865930270043019e-05,-0.18222826982689297,-3.3614704061216656e-05,-0.040877115560675345,-0.7480482795701565,-0.0026090517567251416,-2.5345517206537877e-07,-0.1267875645789398,0.005199163233522637,-0.03633870290674679,-0.7396950239834086,-0.00013454728577899685,0.0,-0.2,0.0,1.5707963267948966,1.5707963267948966,-2.962962962962963,-2.962962962962963,1.5707984708448146,1.570796308970623,-2.3694732664643916,-2.396521486656332,-0.0015592993899360035,-1.7126923530858885e-05
Y-,8.700000000000001,5.200000000000001,27.749048706002213,0.09999999999999964,-0.035637509499874154,-0.7606899043241402,-1.7050797147095177e-05,-5.0586736081012786e-05,-0.18328973028744916,-3.260062226275765e-05,-0.04091670407663353,-0.7632279212354864,-0.002321930016006594,1.6044605374328696e-07,-0.15179693288672158,0.0028712174071854743,-0.03635976892755101,-0.7619388964609263,-0.00030455506728488467,0.0,-0.2,0.0,1.5707963267948966,1.5707963267948966,-2.962962962962963,-2.962962962962963,1.5707986075357994,1.5707963080089105,-2.416315161599895,-2.440050794735615,-0.0015923920688868387,-1.7065211599839003e-05
Y-,8.700000000000001,5.200000000000001,27.780006237000634,0.0,-0.03563749560474147,-0.7638336786282252,-1.7021996066098724e-05,-5.189848475560477e-05,-0.18381595515833865,-3.177781680321863e-05,-0.04091670407663353,-0.7632279212354864,-0.002321930016006594,1.6044605374328696e-07,-0.15179693288672158,0.0028712174071854743,-0.03635976892755101,-0.7619388964609263,-0.00030455506728488467,0.0,-0.2,0.0,1.5707963267948966,1.5707963267948966,-2.962962962962963,-2.962962962962963,1.570798584512719,1.5707963061920216,-2.4550910812455324,-2.475944712674071,0.0005938116622402788,-1.7026552976390822e-05
Y-,8.700000000000001,5.200000000000001,27.80706799100153,0.0,-0.03563749560474147,-0.7638336786282252,-1.7021996066098724e-05,-5.189848475560477e-05,-0.18381595515833865,-3.177781680321863e-05,-0.04091670407663353,-0.7632279212354864,-0.002321930016006594,1.6044605374328696e-07,-0.15179693288672158,0.0028712174071854743,-0.03635976892755101,-0.7619388964609263,-0.00030455506728488467,0.0,-0.2,0.0,1.5707963267948966,1.5707963267948966,-2.962962962962963,-2.962962962962963,1.570798584512719,1.5707963061920216,-2.4550910812455324,-2.475944712674071,0.0005938116622402788,-1.7026552976390822e-05
Y-,8.700000000000001,5.200000000000001,27.836081970999658,0.0,-0.03563749560474147,-0.7638336786282252,-1.7021996066098724e-05,-5.189848475560477e-05,-0.18381595515833865,-3.177781680321863e-05,-0.04091670407663353,-0.7632279212354864,-0.002321930016006594,1.6044605374328696e-07,-0.15179693288672158,0.0028712174071854743,-0.03635976892755101,-0.7619388964609263,-0.00030455506728488467,0.0,-0.2,0.0,1.5707963267948966,1.5707963267948966,-2.962962962962963,-2.962962962962963,1.570798584512719,1.5707963061920216,-2.4550910812455324,-2.475944712674071,0.0005938116622402788,-1.7026552976390822e-05
Y-,8.700000000000001,5.200000000000001,27.865815257002396,0.0,-0.03563749560474147,-0.7638336786282252,-1.7021996066098724e-05,-5.189848475560477e-05,-0.18381595515833865,-3.177781680321863e-05,-0.04091670407663353,-0.7632279212354864,-0.002321930016006594,1.6044605374328696e-07,-0.15179693288672158,0.0028712174071854743,-0.03635976892755101,-0.7619388964609263,-0.00030455506728488467,0.0,-0.2,0.0,1.5707963267948966,1.5707963267948966,-2.962962962962963,-2.962962962962963,1.570798584512719,1.5707963061920216,-2.4550910812455324,-2.475944712674071,0.0005938116622402788,-1.7026552976390822e-05
Y-,8.700000000000001,5.200000000000001,27.893622494000738,0.0,-0.03563749560474147,-0.7638336786282252,-1.7021996066098724e-05,-5.189848475560477e-05,-0.18381595515833865,-3.177781680321863e-05,-0.04091670407663353,-0.7632279212354864,-0.002321930016006594,1.6044605374328696e-07,-0.15179693288672158,0.0028712174071854743,-0.03635976892755101,-0.7619388964609263,-0.00030455506728488467,0.0,-0.2,0.0,1.5707963267948966,1.5707963267948966,-2.962962962962963,-2.962962962962963,1.570798584512719,1.5707963061920216,-2.4550910812455324,-2.475944712674071,0.0005938116622402788,-1.7026552976390822e-05
Y-,8.700000000000001,5.200000000000001,27.91984748500181,0.0,-0.03563749560474147,-0.7638336786282252,-1.7021996066098724e-05,-5.189848475560477e-05,-0.18381595515833865,-3.177781680321863e-05,-0.04091670407663353,-0.7632279212354864,-0.002321930016006594,1.6044605374328696e-07,-0.15179693288672158,0.0028712174071854743,-0.03635976892755101,-0.7619388964609263,-0.00030455506728488467,0.0,-0.2,0.0,1.5707963267948966,1.5707963267948966,-2.962962962962963,-2.962962962962963,1.570798584512719,1.5707963061920216,-2.4550910812455324,-2.475944712674071,0.0005938116622402788,-1.7026552976390822e-05
Y-,8.700000000000001,5.200000000000001,27.946497608001664,0.0,-0.03563749560474147,-0.7638336786282252,-1.7021996066098724e-05,-5.189848475560477e-05,-0.18381595515833865,-3.177781680321863e-05,-0.04091670407663353,-0.7632279212354864,-0.002321930016006594,1.6044605374328696e-07,-0.15179693288672158,0.0028712174071854743,-0.03635976892755101,-0.7619388964609263,-0.00030455506728488467,0.0,-0.2,0.0,1.5707963267948966,1.5707963267948966,-2.962962962962963,-2.962962962962963,1.570798584512719,1.5707963061920216,-2.4550910812455324,-2.475944712674071,0.0005938116622402788,-1.7026552976390822e-05
Y-,8.700000000000001,5.200000000000001,27.976686171001347,0.0,-0.03563749560474147,-0.7638336786282252,-1.7021996066098724e-05,-5.189848475560477e-05,-0.18381595515833865,-3.177781680321863e-05,-0.04091670407663353,-0.7632279212354864,-0.002321930016006594,1.6044605374328696e-07,-0.15179693288672158,0.0028712174071854743,-0.03635976892755101,-0.7619388964609263,-0.00030455506728488467,0.0,-0.2,0.0,1.5707963267948966,1.5707963267948966,-2.962962962962963,-2.962962962962963,1.570798584512719,1.5707963061920216,-2.4550910812455324,-2.475944712674071,0.0005938116622402788,-1.7026552976390822e-05
Y-,8.700000000000001,5.200000000000001,28.008721768001124,0.0,-0.03563749560474147,-0.7638336786282252,-1.7021996066098724e-05,-5.189848475560477e-05,-0.18381595515833865,-3.177781680321863e-05,-0.04091670407663353,-0.7632279212354864,-0.002321930016006594,1.6044605374328696e-07,-0.15179693288672158,0.0028712174071854743,-0.03635976892755101,-0.7619388964609263,-0.00030455506728488467,0.0,-0.2,0.0,1.5707963267948966,1.5707963267948966,-2.962962962962963,-2.962962962962963,1.570798584512719,1.5707963061920216,-2.4550910812455324,-2.475944712674071,0.0005938116622402788,-1.7026552976390822e-05
Y-,8.700000000000001,5.200000000000001,28.03783175799981,0.0,-0.03563749560474147,-0.7638336786282252,-1.7021996066098724e-05,-5.189848475560477e-05,-0.18381595515833865,-3.177781680321863e-05,-0.04091670407663353,-0.7632279212354864,-0.002321930016006594,1.6044605374328696e-07,-0.15179693288672158,0.0028712174071854743,-0.03635976892755101,-0.7619388964609263,-0.00030455506728488467,0.0,-0.2,0.0,1.5707963267948966,1.5707963267948966,-2.962962962962963,-2.962962962962963,1.570798584512719,1.5707963061920216,-2.4550910812455324,-2.475944712674071,0.0005938116622402788,-1.7026552976390822e-05
Y-,8.700000000000001,5.200000000000001,28.07267159100229,0.0,-0.03563749560474147,-0.7638336786282252,-1.7021996066098724e-05,-5.189848475560477e-05,-0.18381595515833865,-3.177781680321863e-05,-0.04091670407663353,-0.7632279212354864,-0.002321930016006594,1.6044605374328696e-07,-0.15179693288672158,0.0028712174071854743,-0.03635976892755101,-0.7619388964609263,-0.00030455506728488467,0.0,-0.2,0.0,1.5707963267948966,1.5707963267948966,-2.962962962962963,-2.962962962962963,1.570798584512719,1.5707963061920216,-2.4550910812455324,-2.475944712674071,0.0005938116622402788,-1.7026552976390822e-05
Y-,8.700000000000001,5.200000000000001,28.108110182001838,0.0,-0.03563749560474147,-0.7638336786282252,-1.7021996066098724e-05,-5.189848475560477e-05,-0.18381595515833865,-3.177781680321863e-05,-0.04091670407663353,-0.7632279212354864,-0.002321930016006594,1.6044605374328696e-07,-0.15179693288672158,0.0028712174071854743,-0.03635976892755101,-0.7619388964609263,-0.00030455506728488467,0.0,-0.2,0.0,1.5707963267948966,1.5707963267948966,-2.962962962962963,-2.962962962962963,1.570798584512719,1.5707963061920216,-2.4550910812455324,-2.475944712674071,0.0005938116622402788,-1.7026552976390822e-05
Y-,8.700000000000001,5.200000000000001,28.136327697000524,0.0,-0.03563748687124368,-0.7660572730308555,-1.700545969056017e-05,-5.27485246248877e-05,-0.18405698194119924,-3.119412812185e-05,-0.04091670407663353,-0.7632279212354864,-0.002321930016006594,1.6044605374328696e-07,-0.15179693288672158,0.0028712174071854743,-0.03635976892755101,-0.7619388964609263,-0.00030455506728488467,0.0,-0.2,0.0,1.5707963267948966,1.5707963267948966,-2.962962962962963,-2.962962962962963,1.570798525751532,1.5707963049960068,-2.4718564490585995,-2.4914139490681126,-0.0003852496181633295,-1.7010705581528844e-05
Y-,8.700000000000001,5.200000000000001,28.165962445000332,0.0,-0.03563747454293405,-0.7699535059911343,-1.698069868751862e-05,-5.410291748057017e-05,-0.1842587196683434,-3.019674996693531e-05,-0.04091670407663353,-0.7632279212354864,-0.002321930016006594,1.6044605374328696e-07,-0.15179693288672158,0.0028712174071854743,-0.03635976892755101,-0.7619388964609263,-0.00030455506728488467,0.0,-0.2,0.0,1.5707963267948966,1.5707963267948966,-2.962962962962963,-2.962962962962963,1.5707983350213377,1.5707963020838935,-2.500856466351589,-2.5180748630062,0.0007833618395124541,-1.698629967192492e-05
Y-,8.700000000000001,5.200000000000001,28.19260768499953,0.0,-0.03563746752741871,-0.773294704498038,-1.696094353289635e-05,-5.514204021668699e-05,-0.1842438239443433,-2.9402377565105202e-05,-0.04091670407663353,-0.7632279212354864,-0.002321930016006594,1.6044605374328696e-07,-0.15179693288672158,0.0028712174071854743,-0.03635976892755101,-0.7619388964609263,-0.00030455506728488467,0.0,-0.2,0.0,1.5707963267948966,1.5707963267948966,-2.962962962962963,-2.962962962962963,1.570798069835253,1.570796298549122,-2.5246511961039673,-2.5398227590436964,0.007400461662436529,-1.696534122739753e-05
Y-,8.700000000000001,5.200000000000001,28.22176640700127,0.0,-0.03563746409376092,-0.7766343733752634,-1.6940554377285296e-05,-5.607654764858364e-05,-0.18408643014148157,-2.869567584148073e-05,-0.04095414379847616,-0.7793582273323997,-0.002160881136265596,1.3787322465100504e-07,-0.1613034954713309,0.0016104887974099798,-0.036354337129159746,-0.7816982006507784,-9.612429708605158e-05,0.0,-0.2,0.0,1.5707963267948966,1.5707963267948966,-2.962962962962963,-2.962962962962963,1.5707979164448878,1.5707962965716904,-2.5348747823473574,-2.549117308657035,-0.0008860939115043158,-1.6942890772063985e-05
Y-,8.8,5.300000000000001,28.2577877190015,0.09999999999999964,-0.0356374646521768,-0.7805256411180627,-1.6914478705592677e-05,-5.703869566712356e-05,-0.18375517185892162,-2.7993717262007015e-05,-0.04095414379847616,-0.7793582273323997,-0.002160881136265596,1.3787322465100504e-07,-0.1613034954713309,0.0016104887974099798,-0.036354337129159746,-0.7816982006507784,-9.612429708605158e-05,0.0,-0.2,0.0,1.5707963267948966,1.5707963267948966,-2.962962962962963,-2.962962962962963,1.5707975790832087,1.5707962922458272,-2.5524559784488012,-2.565001824192415,0.004906181902757204,-1.6915790511020413e-05
Y-,8.8,5.300000000000001,28.293026085000747,0.0,-0.03563746657999069,-0.7823758888764878,-1.6900942365853745e-05,-5.744988984024257e-05,-0.18355054445604715,-2.7714101279649227e-05,-0.04095414379847616,-0.7793582273323997,-0.002160881136265596,1.3787322465100504e-07,-0.1613034954713309,0.0016104887974099798,-0.036354337129159746,-0.7816982006507784,-9.612429708605158e-05,0.0,-0.2,0.0,1.5707963267948966,1.5707963267948966,-2.962962962962963,-2.962962962962963,1.5707972119797553,1.5707962874863934,-2.5667700316879127,-2.5778034188829717,0.002835455509621283,-1.6900942365853745e-05
Y-,8.8,5.300000000000001,28.320926874999714,0.0,-0.03563746657999069,-0.7823758888764878,-1.6900942365853745e-05,-5.744988984024257e-05,-0.18355054445604715,-2.7714101279649227e-05,-0.04095414379847616,-0.7793582273323997,-0.002160881136265596,1.3787322465100504e-07,-0.1613034954713309,0.0016104887974099798,-0.036354337129159746,-0.7816982006507784,-9.612429708605158e-05,0.0,-0.2,0.0,1.5707963267948966,1.5707963267948966,-2.962962962962963,-2.962962962962963,1.5707972119797553,1.5707962874863934,-2.5667700316879127,-2.5778034188829717,0.002835455509621283,-1.6900942365853745e-05
Y-,8.8,5.300000000000001,28.345527560002665,0.0,-0.03563746657999069,-0.7823758888764878,-1.6900942365853745e-05,-5.744988984024257e-05,-0.18355054445604715,-2.7714101279649227e-05,-0.04095414379847616,-0.7793582273323997,-0.002160881136265596,1.3787322465100504e-07,-0.1613034954713309,0.0016104887974099798,-0.036354337129159746,-0.7816982006507784,-9.612429708605158e-05,0.0,-0.2,0.0,1.5707963267948966,1.5707963267948966,-2.962962962962963,-2.962962962962963,1.5707972119797553,1.5707962874863934,-2.5667700316879127,-2.5778034188829717,0.002835455509621283,-1.6900942365853745e-05
Y-,8.8,5.300000000000001,28.37713802300277,0.0,-0.03563746657999069,-0.7823758888764878,-1.6900942365853745e-05,-5.744988984024257e-05,-0.18355054445604715,-2.7714101279649227e-05,-0.04095414379847616,-0.7793582273323997,-0.002160881136265596,1.3787322465100504e-07,-0.1613034954713309,0.0016104887974099798,-0.036354337129159746,-0.7816982006507784,-9.612429708605158e-05,0.0,-0.2,0.0,1.5707963267948966,1.5707963267948966,-2.962962962962963,-2.962962962962963,1.5707972119797553,1.5707962874863934,-2.5667700316879127,-2.5778034188829717,0.002835455509621283,-1.6900942365853745e-05
Y-,8.8,5.300000000000001,28.403554332002386,0.0,-0.03563746657999069,-0.7823758888764878,-1.6900942365853745e-05,-5.744988984024257e-05,-0.18355054445604715,-2.7714101279649227e-05,-0.04095414379847616,-0.7793582273323997,-0.002160881136265596,1.3787322465100504e-07,-0.1613034954713309,0.0016104887974099798,-0.036354337129159746,-0.7816982006507784,-9.612429708605158e-05,0.0,-0.2,0.0,1.5707963267948966,1.5707963267948966,-2.962962962962963,-2.962962962962963,1.5707972119797553,1.5707962874863934,-2.5667700316879127,-2.5778034188829717,0.002835455509621283,-1.6900942365853745e-05
Y-,8.8,5.300000000000001,28.434482677999767,0.0,-0.03563746657999069,-0.7823758888764878,-1.6900942365853745e-05,-5.744988984024257e-05,-0.18355054445604715,-2.7714101279649227e-05,-0.04095414379847616,-0.7793582273323997,-0.002160881136265596,1.3787322465100504e-07,-0.1613034954713309,0.0016104887974099798,-0.036354337129159746,-0.7816982006507784,-9.612429708605158e-05,0.0,-0.2,0.0,1.5707963267948966,1.5707963267948966,-2.962962962962963,-2.962962962962963,1.5707972119797553,1.5707962874863934,-2.5667700316879127,-2.5778034188829717,0.002835455509621283,-1.6900942365853745e-05
Y-,8.8,5.300000000000001,28.461365073002526,0.0,-0.03563746657999069,-0.7823758888764878,-1.6900942365853745e-05,-5.744988984024257e-05,-0.18355054445604715,-2.7714101279649227e-05,-0.04095414379847616,-0.7793582273323997,-0.002160881136265596,1.3787322465100504e-07,-0.1613034954713309,0.0016104887974099798,-0.036354337129159746,-0.7816982006507784,-9.612429708605158e-05,0.0,-0.2,0.0,1.5707963267948966,1.5707963267948966,-2.962962962962963,-2.962962962962963,1.5707972119797553,1.5707962874863934,-2.5667700316879127,-2.5778034188829717,0.002835455509621283,-1.6900942365853745e-05
Y-,8.8,5.300000000000001,28.489770890999353,0.0,-0.03563746657999069,-0.7823758888764878,-1.6900942365853745e-05,-5.744988984024257e-05,-0.18355054445604715,-2.7714101279649227e-05,-0.04095414379847616,-0.7793582273323997,-0.002160881136265596,1.3787322465100504e-07,-0.1613034954713309,0.0016104887974099798,-0.036354337129159746,-0.7816982006507784,-9.612429708605158e-05,0.0,-0.2,0.0,1.5707963267948966,1.5707963267948966,-2.962962962962963,-2.962962962962963,1.5707972119797553,1.5707962874863934,-2.5667700316879127,-2.5778034188829717,0.002835455509621283,-1.6900942365853745e-05
Y-,8.8,5.300000000000001,28.516077732001577,0.0,-0.03563746657999069,-0.7823758888764878,-1.6900942365853745e-05,-5.744988984024257e-05,-0.18355054445604715,-2.7714101279649227e-05,-0.04095414379847616,-0.7793582273323997,-0.002160881136265596,1.3787322465100504e-07,-0.1613034954713309,0.0016104887974099798,-0.036354337129159746,-0.7816982006507784,-9.612429708605158e-05,0.0,-0.2,0.0,1.5707963267948966,1.5707963267948966,-2.962962962962963,-2.962962962962963,1.5707972119797553,1.5707962874863934,-2.5667700316879127,-2.5778034188829717,0.002835455509621283,-1.6900942365853745e-05
Y-,8.8,5.300000000000001,28.54247155900157,0.0,-0.03563746657999069,-0.7823758888764878,-1.6900942365853745e-05,-5.744988984024257e-05,-0.18355054445604715,-2.7714101279649227e-05,-0.04095414379847616,-0.7793582273323997,-0.002160881136265596,1.3787322465100504e-07,-0.1613034954713309,0.0016104887974099798,-0.036354337129159746,-0.7816982006507784,-9.612429708605158e-05,0.0,-0.2,0.0,1.5707963267948966,1.5707963267948966,-2.962962962962963,-2.962962962962963,1.5707972119797553,1.5707962874863934,-2.5667700316879127,-2.5778034188829717,0.002835455509621283,-1.6900942365853745e-05
Y-,8.8,5.300000000000001,28.568447474001005,0.0,-0.03563746657999069,-0.7823758888764878,-1.6900942365853745e-05,-5.744988984024257e-05,-0.18355054445604715,-2.7714101279649227e-05,-0.04095414379847616,-0.7793582273323997,-0.002160881136265596,1.3787322465100504e-07,-0.1613034954713309,0.0016104887974099798,-0.036354337129159746,-0.7816982006507784,-9.612429708605158e-05,0.0,-0.2,0.0,1.5707963267948966,1.5707963267948966,-2.962962962962963,-2.962962962962963,1.5707972119797553,1.5707962874863934,-2.5667700316879127,-2.5778034188829717,0.002835455509621283,-1.6900942365853745e-05
Y-,8.8,5.300000000000001,28.594351700001425,0.0,-0.03563746657999069,-0.7823758888764878,-1.6900942365853745e-05,-5.744988984024257e-05,-0.18355054445604715,-2.7714101279649227e-05,-0.04095414379847616,-0.7793582273323997,-0.002160881136265596,1.3787322465100504e-07,-0.1613034954713309,0.0016104887974099798,-0.036354337129159746,-0.7816982006507784,-9.612429708605158e-05,0.0,-0.2,0.0,1.5707963267948966,1.5707963267948966,-2.962962962962963,-2.962962962962963,1.5707972119797553,1.5707962874863934,-2.5667700316879127,-2.5778034188829717,0.002835455509621283,-1.6900942365853745e-05
Y-,8.8,5.300000000000001,28.625892579999345,0.0,-0.03563746657999069,-0.7823758888764878,-1.6900942365853745e-05,-5.744988984024257e-05,-0.18355054445604715,-2.7714101279649227e-05,-0.04095414379847616,-0.7793582273323997,-0.002160881136265596,1.3787322465100504e-07,-0.1613034954713309,0.0016104887974099798,-0.036354337129159746,-0.7816982006507784,-9.612429708605158e-05,0.0,-0.2,0.0,1.5707963267948966,1.5707963267948966,-2.962962962962963,-2.962962962962963,1.5707972119797553,1.5707962874863934,-2.5667700316879127,-2.5778034188829717,0.002835455509621283,-1.6900942365853745e-05
Y-,8.8,5.300000000000001,28.653887756001495,0.0,-0.03563746951234552,-0.7842239842954183,-1.688663413025471e-05,-5.783172456520831e-05,-0.18331987200720454,-2.7473884696461752e-05,-0.04095414379847616,-0.7793582273323997,-0.002160881136265596,1.3787322465100504e-07,-0.1613034954713309,0.0016104887974099798,-0.036354337129159746,-0.7816982006507784,-9.612429708605158e-05,0.0,-0.2,0.0,1.5707963267948966,1.5707963267948966,-2.962962962962963,-2.962962962962963,1.5707972119797553,1.5707962874863934,-2.5667700316879127,-2.5778034188829717,-0.002198632221518383,-1.688663413025471e-05
Y-,8.8,5.300000000000001,28.685168392999913,0.0,-0.035637474265565364,-0.7864385130906508,-1.6868474861830384e-05,-5.8251827911597834e-05,-0.18301248406847256,-2.724137497404363e-05,-0.04095414379847616,-0.7793582273323997,-0.002160881136265596,1.3787322465100504e-07,-0.1613034954713309,0.0016104887974099798,-0.036354337129159746,-0.7816982006507784,-9.612429708605158e-05,0.0,-0.2,0.0,1.5707963267948966,1.5707963267948966,-2.962962962962963,-2.962962962962963,1.570796824809797,1.5707962823622257,-2.5783896991115416,-2.5880631675588486,0.002138307969017743,-1.6873112245675888e-05
Y-,8.8,5.300000000000001,28.711540386000706,0.0,-0.0356374854300376,-0.7903045241033378,-1.683442917155491e-05,-5.889075784535521e-05,-0.18240602336555023,-2.699543240103394e-05,-0.04095414379847616,-0.7793582273323997,-0.002160881136265596,1.3787322465100504e-07,-0.1613034954713309,0.0016104887974099798,-0.036354337129159746,-0.7816982006507784,-9.612429708605158e-05,0.0,-0.2,0.0,1.5707963267948966,1.5707963267948966,-2.962962962962963,-2.962962962962963,1.5707964240295844,1.570796276936938,-2.587796477065756,-2.596237033156845,0.0014248731457873658,-1.6857417030416217e-05
Y-,8.8,5.300000000000001,28.749435311001434,0.0,-0.035637498332378795,-0.7937908444317096,-1.680730880870596e-05,-5.932382388223117e-05,-0.18179550558671687,-2.674738497394817e-05,-0.04098987484455432,-0.7958929969589814,-0.0020773981290663724,-1.3186842679600699e-08,-0.1653480823329328,0.0008348300719922336,-0.03637786810402294,-0.7855807983691342,4.5654512596012356e-05,0.0,-0.2,0.0,1.5707963267948966,1.5707963267948966,-2.962962962962963,-2.962962962962963,1.5707962243176707,1.5707962713088905,-2.5953762825273077,-2.6027068167088423,0.0017493349539556265,-1.6817913872058806e-05
Y-,8.9,5.4,28.810408090001147,0.09999999999999964,-0.03563751419139353,-0.797630198701078,-1.6791609408520533e-05,-5.955742854654005e-05,-0.18106666128583726,-2.568202768417496e-05,-0.04098987484455432,-0.7958929969589814,-0.0020773981290663724,-1.3186842679600699e-08,-0.1653480823329328,0.0008348300719922336,-0.03637786810402294,-0.7855807983691342,4.5654512596012356e-05,0.0,-0.2,0.0,1.5707963267948966,1.5707963267948966,-2.962962962962963,-2.962962962962963,1.5707962269576292,1.5707962654497285,-2.6014149067074737,-2.6077981507179224,0.00032439106371469687,-1.6796119548326933e-05
Y-,8.9,5.4,28.84370766199936,0.0,-0.0356375299136191,-0.8014538815275555,-1.678183655210634e-05,-5.9766583217849364e-05,-0.1802929997203229,-2.4535260356857616e-05,-0.04098987484455432,-0.7958929969589814,-0.0020773981290663724,-1.3186842679600699e-08,-0.1653480823329328,0.0008348300719922336,-0.03637786810402294,-0.7855807983691342,4.5654512596012356e-05,0.0,-0.2,0.0,1.5707963267948966,1.5707963267948966,-2.962962962962963,-2.962962962962963,1.5707962294760334,1.5707962594426421,-2.606245399182356,-2.611778985073229,0.0005389490484899516,-1.6785422605601605e-05
Y-,8.9,5.4,28.873544507001498,0.0,-0.0356375299136191,-0.8014538815275555,-1.678183655210634e-05,-5.9766583217849364e-05,-0.1802929997203229,-2.4535260356857616e-05,-0.04098987484455432,-0.7958929969589814,-0.0020773981290663724,-1.3186842679600699e-08,-0.1653480823329328,0.0008348300719922336,-0.03637786810402294,-0.7855807983691342,4.5654512596012356e-05,0.0,-0.2,0.0,1.5707963267948966,1.5707963267948966,-2.962962962962963,-2.962962962962963,1.5707962294760334,1.5707962594426421,-2.606245399182356,-2.611778985073229,0.0005389490484899516,-1.6785422605601605e-05
Y-,8.9,5.4,28.898736626000755,0.0,-0.0356375299136191,-0.8014538815275555,-1.678183655210634e-05,-5.9766583217849364e-05,-0.1802929997203229,-2.4535260356857616e-05,-0.04098987484455432,-0.7958929969589814,-0.0020773981290663724,-1.3186842679600699e-08,-0.1653480823329328,0.0008348300719922336,-0.03637786810402294,-0.7855807983691342,4.5654512596012356e-05,0.0,-0.2,0.0,1.5707963267948966,1.5707963267948966,-2.962962962962963,-2.962962962962963,1.5707962294760334,1.5707962594426421,-2.606245399182356,-2.611778985073229,0.0005389490484899516,-1.6785422605601605e-05
Y-,8.9,5.4,28.927193982999597,0.0,-0.0356375299136191,-0.8014538815275555,-1.678183655210634e-05,-5.9766583217849364e-05,-0.1802929997203229,-2.4535260356857616e-05,-0.04098987484455432,-0.7958929969589814,-0.0020773981290663724,-1.3186842679600699e-08,-0.1653480823329328,0.0008348300719922336,-0.03637786810402294,-0.7855807983691342,4.5654512596012356e-05,0.0,-0.2,0.0,1.5707963267948966,1.5707963267948966,-2.962962962962963,-2.962962962962963,1.5707962294760334,1.5707962594426421,-2.606245399182356,-2.611778985073229,0.0005389490484899516,-1.6785422605601605e-05
Y-,8.9,5.4,28.955708281002444,0.0,-0.0356375299136191,-0.8014538815275555,-1.678183655210634e-05,-5.9766583217849364e-05,-0.1802929997203229,-2.4535260356857616e-05,-0.04098987484455432,-0.7958929969589814,-0.0020773981290663724,-1.3186842679600699e-08,-0.1653480823329328,0.0008348300719922336,-0.03637786810402294,-0.7855807983691342,4.5654512596012356e-05,0.0,-0.2,0.0,1.5707963267948966,1.5707963267948966,-2.962962962962963,-2.962962962962963,1.5707962294760334,1.5707962594426421,-2.606245399182356,-2.611778985073229,0.0005389490484899516,-1.6785422605601605e-05
Y-,8.9,5.4,28.980582954001875,0.0,-0.0356375299136191,-0.8014538815275555,-1.678183655210634e-05,-5.9766583217849364e-05,-0.1802929997203229,-2.4535260356857616e-05,-0.04098987484455432,-0.7958929969589814,-0.0020773981290663724,-1.3186842679600699e-08,-0.1653480823329328,0.0008348300719922336,-0.03637786810402294,-0.7855807983691342,4.5654512596012356e-05,0.0,-0.2,0.0,1.5707963267948966,1.5707963267948966,-2.962962962962963,-2.962962962962963,1.5707962294760334,1.5707962594426421,-2.606245399182356,-2.611778985073229,0.0005389490484899516,-1.6785422605601605e-05
Y-,8.9,5.4,29.013092445002258,0.0,-0.0356375299136191,-0.8014538815275555,-1.678183655210634e-05,-5.9766583217849364e-05,-0.1802929997203229,-2.4535260356857616e-05,-0.04098987484455432,-0.7958929969589814,-0.0020773981290663724,-1.3186842679600699e-08,-0.1653480823329328,0.0008348300719922336,-0.03637786810402294,-0.7855807983691342,4.5654512596012356e-05,0.0,-0.2,0.0,1.5707963267948966,1.5707963267948966,-2.962962962962963,-2.962962962962963,1.5707962294760334,1.5707962594426421,-2.606245399182356,-2.611778985073229,0.0005389490484899516,-1.6785422605601605e-05
Y-,8.9,5.4,29.040786187000776,0.0,-0.0356375299136191,-0.8014538815275555,-1.678183655210634e-05,-5.9766583217849364e-05,-0.1802929997203229,-2.4535260356857616e-05,-0.04098987484455432,-0.7958929969589814,-0.0020773981290663724,-1.3186842679600699e-08,-0.1653480823329328,0.0008348300719922336,-0.03637786810402294,-0.7855807983691342,4.5654512596012356e-05,0.0,-0.2,0.0,1.5707963267948966,1.5707963267948966,-2.962962962962963,-2.962962962962963,1.5707962294760334,1.5707962594426421,-2.606245399182356,-2.611778985073229,0.0005389490484899516,-1.6785422605601605e-05
Y-,8.9,5.4,29.070719236002333,0.0,-0.0356375299136191,-0.8014538815275555,-1.678183655210634e-05,-5.9766583217849364e-05,-0.1802929997203229,-2.4535260356857616e-05,-0.04098987484455432,-0.7958929969589814,-0.0020773981290663724,-1.3186842679600699e-08,-0.1653480823329328,0.0008348300719922336,-0.03637786810402294,-0.7855807983691342,4.5654512596012356e-05,0.0,-0.2,0.0,1.5707963267948966,1.5707963267948966,-2.962962962962963,-2.962962962962963,1.5707962294760334,1.5707962594426421,-2.606245399182356,-2.611778985073229,0.0005389490484899516,-1.6785422605601605e-05
Y-,8.9,5.4,29.096274896000978,0.0,-0.0356375299136191,-0.8014538815275555,-1.678183655210634e-05,-5.9766583217849364e-05,-0.1802929997203229,-2.4535260356857616e-05,-0.04098987484455432,-0.7958929969589814,-0.0020773981290663724,-1.3186842679600699e-08,-0.1653480823329328,0.0008348300719922336,-0.03637786810402294,-0.7855807983691342,4.5654512596012356e-05,0.0,-0.2,0.0,1.5707963267948966,1.5707963267948966,-2.962962962962963,-2.962962962962963,1.5707962294760334,1.5707962594426421,-2.606245399182356,-2.611778985073229,0.0005389490484899516,-1.6785422605601605e-05
Y-,8.9,5.4,29.12646969600246,0.0,-0.0356375299136191,-0.8014538815275555,-1.678183655210634e-05,-5.9766583217849364e-05,-0.1802929997203229,-2.4535260356857616e-05,-0.04098987484455432,-0.7958929969589814,-0.0020773981290663724,-1.3186842679600699e-08,-0.1653480823329328,0.0008348300719922336,-0.03637786810402294,-0.7855807983691342,4.5654512596012356e-05,0.0,-0.2,0.0,1.5707963267948966,1.5707963267948966,-2.962962962962963,-2.962962962962963,1.5707962294760334,1.5707962594426421,-2.606245399182356,-2.611778985073229,0.0005389490484899516,-1.6785422605601605e-05
Y-,8.9,5.4,29.15492607300257,0.0,-0.0356375299136191,-0.8014538815275555,-1.678183655210634e-05,-5.9766583217849364e-05,-0.1802929997203229,-2.4535260356857616e-05,-0.04098987484455432,-0.7958929969589814,-0.0020773981290663724,-1.3186842679600699e-08,-0.1653480823329328,0.0008348300719922336,-0.03637786810402294,-0.7855807983691342,4.5654512596012356e-05,0.0,-0.2,0.0,1.5707963267948966,1.5707963267948966,-2.962962962962963,-2.962962962962963,1.5707962294760334,1.5707962594426421,-2.606245399182356,-2.611778985073229,0.0005389490484899516,-1.6785422605601605e-05
Y-,8.9,5.4,29.192995991001226,0.0,-0.0356375299136191,-0.8014538815275555,-1.678183655210634e-05,-5.9766583217849364e-05,-0.1802929997203229,-2.4535260356857616e-05,-0.04098987484455432,-0.7958929969589814,-0.0020773981290663724,-1.3186842679600699e-08,-0.1653480823329328,0.0008348300719922336,-0.03637786810402294,-0.7855807983691342,4.5654512596012356e-05,0.0,-0.2,0.0,1.5707963267948966,1.5707963267948966,-2.962962962962963,-2.962962962962963,1.5707962294760334,1.5707962594426421,-2.606245399182356,-2.611778985073229,0.0005389490484899516,-1.6785422605601605e-05
Y-,8.9,5.4,29.23301033700045,0.0,-0.03563753959008823,-0.8038126963024403,-1.6777772681363353e-05,-5.9870037329065126e-05,-0.17979601332646292,-2.374729384909204e-05,-0.04098987484455432,-0.7958929969589814,-0.0020773981290663724,-1.3186842679600699e-08,-0.1653480823329328,0.0008348300719922336,-0.03637786810402294,-0.7855807983691342,4.5654512596012356e-05,0.0,-0.2,0.0,1.5707963267948966,1.5707963267948966,-2.962962962962963,-2.962962962962963,1.5707962307322267,1.5707962563967168,-2.6082877050529665,-2.613426023774676,-0.0046109280433258674,-1.6778307509796524e-05
Y-,8.9,5.4,29.259643785000662,0.0,-0.035637550664956524,-0.8065263313292897,-1.6774598110758548e-05,-5.996493451623685e-05,-0.17920845046651396,-2.2788836581750637e-05,-0.04098987484455432,-0.7958929969589814,-0.0020773981290663724,-1.3186842679600699e-08,-0.1653480823329328,0.0008348300719922336,-0.03637786810402294,-0.7855807983691342,4.5654512596012356e-05,0.0,-0.2,0.0,1.5707963267948966,1.5707963267948966,-2.962962962962963,-2.962962962962963,1.5707962332557512,1.5707962502527524,-2.6117607575022697,-2.616156102585538,0.002549655791745618,-1.6775925721363786e-05
Y-,8.9,5.4,29.290913773002103,0.0,-0.03563756668320579,-0.8104902682943668,-1.6767090630037628e-05,-6.0095384774549855e-05,-0.1783239773754059,-2.0804649239017087e-05,-0.04098987484455432,-0.7958929969589814,-0.0020773981290663724,-1.3186842679600699e-08,-0.1653480823329328,0.0008348300719922336,-0.03637786810402294,-0.7855807983691342,4.5654512596012356e-05,0.0,-0.2,0.0,1.5707963267948966,1.5707963267948966,-2.962962962962963,-2.962962962962963,1.5707962357896976,1.570796244064943,-2.6145689021494207,-2.618323553395035,-0.002069944591493381,-1.6771121676228425e-05
Y-,8.9,5.4,29.324991475001298,0.0,-0.03563757818831954,-0.8133608562761441,-1.6764211923232822e-05,-6.0159702199037284e-05,-0.17766594139999858,-1.9848963763840917e-05,-0.04102449976857421,-0.8125597234634976,-0.002037541828224206,-1.4477517806649327e-08,-0.1666676247090903,0.00039856300842166777,-0.03635488466778376,-0.816502835281186,-2.604545109719123e-05,0.0,-0.2,0.0,1.5707963267948966,1.5707963267948966,-2.962962962962963,-2.962962962962963,1.5707962383356247,1.570796237877322,-2.616860137310745,-2.620088919441193,-0.0006011227669860324,-1.6764768862574174e-05
Y-,9.0,5.5,29.35377325599984,0.09999999999999964,-0.0356375900458691,-0.8163992977196968,-1.6761389932148166e-05,-6.0150134439313155e-05,-0.1769553181414929,-1.8339079335111592e-05,-0.04102449976857421,-0.8125597234634976,-0.002037541828224206,-1.4477517806649327e-08,-0.1666676247090903,0.00039856300842166777,-0.03635488466778376,-0.816502835281186,-2.604545109719123e-05,0.0,-0.2,0.0,1.5707963267948966,1.5707963267948966,-2.962962962962963,-2.962962962962963,1.5707962396099386,1.570796234792832,-2.617851316512928,-2.620829647866846,0.0012861379440010058,-1.6761641647382902e-05
Y-,9.0,5.5,29.38436329600154,0.0,-0.035637598172468754,-0.8185368099621384,-1.6758390457392795e-05,-6.013882404127853e-05,-0.17644752627804425,-1.7389403024276867e-05,-0.04102449976857421,-0.8125597234634976,-0.002037541828224206,-1.4477517806649327e-08,-0.1666676247090903,0.00039856300842166777,-0.03635488466778376,-0.816502835281186,-2.604545109719123e-05,0.0,-0.2,0.0,1.5707963267948966,1.5707963267948966,-2.962962962962963,-2.962962962962963,1.570796240883987,1.5707962317202186,-2.618761440799724,-2.6214944437801266,-0.0005989102096537765,-1.675885250805136e-05
Y-,9.0,5.5,29.41744622999977,0.0,-0.035637598172468754,-0.8185368099621384,-1.6758390457392795e-05,-6.013882404127853e-05,-0.17644752627804425,-1.7389403024276867e-05,-0.04102449976857421,-0.8125597234634976,-0.002037541828224206,-1.4477517806649327e-08,-0.1666676247090903,0.00039856300842166777,-0.03635488466778376,-0.816502835281186,-2.604545109719123e-05,0.0,-0.2,0.0,1.5707963267948966,1.5707963267948966,-2.962962962962963,-2.962962962962963,1.570796240883987,1.5707962317202186,-2.618761440799724,-2.6214944437801266,-0.0005989102096537765,-1.675885250805136e-05
Y-,9.0,5.5,29.442572523999843,0.0,-0.035637598172468754,-0.8185368099621384,-1.6758390457392795e-05,-6.013882404127853e-05,-0.17644752627804425,-1.7389403024276867e-05,-0.04102449976857421,-0.8125597234634976,-0.002037541828224206,-1.4477517806649327e-08,-0.1666676247090903,0.00039856300842166777,-0.03635488466778376,-0.816502835281186,-2.604545109719123e-05,0.0,-0.2,0.0,1.5707963267948966,1.5707963267948966,-2.962962962962963,-2.962962962962963,1.570796240883987,1.5707962317202186,-2.618761440799724,-2.6214944437801266,-0.0005989102096537765,-1.675885250805136e-05
Y-,9.0,5.5,29.470460325002932,0.0,-0.035637598172468754,-0.8185368099621384,-1.6758390457392795e-05,-6.013882404127853e-05,-0.17644752627804425,-1.7389403024276867e-05,-0.04102449976857421,-0.8125597234634976,-0.002037541828224206,-1.4477517806649327e-08,-0.1666676247090903,0.00039856300842166777,-0.03635488466778376,-0.816502835281186,-2.604545109719123e-05,0.0,-0.2,0.0,1.5707963267948966,1.5707963267948966,-2.962962962962963,-2.962962962962963,1.570796240883987,1.5707962317202186,-2.618761440799724,-2.6214944437801266,-0.0005989102096537765,-1.675885250805136e-05
Y-,9.0,5.5,29.497389173000556,0.0,-0.035637598172468754,-0.8185368099621384,-1.6758390457392795e-05,-6.013882404127853e-05,-0.17644752627804425,-1.7389403024276867e-05,-0.04102449976857421,-0.8125597234634976,-0.002037541828224206,-1.4477517806649327e-08,-0.1666676247090903,0.00039856300842166777,-0.03635488466778376,-0.816502835281186,-2.604545109719123e-05,0.0,-0.2,0.0,1.5707963267948966,1.5707963267948966,-2.962962962962963,-2.962962962962963,1.570796240883987,1.5707962317202186,-2.618761440799724,-2.6214944437801266,-0.0005989102096537765,-1.675885250805136e-05
Y-,9.0,5.5,29.523515578002844,0.0,-0.035637598172468754,-0.8185368099621384,-1.6758390457392795e-05,-6.013882404127853e-05,-0.17644752627804425,-1.7389403024276867e-05,-0.04102449976857421,-0.8125597234634976,-0.002037541828224206,-1.4477517806649327e-08,-0.1666676247090903,0.00039856300842166777,-0.03635488466778376,-0.816502835281186,-2.604545109719123e-05,0.0,-0.2,0.0,1.5707963267948966,1.5707963267948966,-2.962962962962963,-2.962962962962963,1.570796240883987,1.5707962317202186,-2.618761440799724,-2.6214944437801266,-0.0005989102096537765,-1.675885250805136e-05
Y-,9.0,5.5,29.55056567900101,0.0,-0.035637598172468754,-0.8185368099621384,-1.6758390457392795e-05,-6.013882404127853e-05,-0.17644752627804425,-1.7389403024276867e-05,-0.04102449976857421,-0.8125597234634976,-0.002037541828224206,-1.4477517806649327e-08,-0.1666676247090903,0.00039856300842166777,-0.03635488466778376,-0.816502835281186,-2.604545109719123e-05,0.0,-0.2,0.0,1.5707963267948966,1.5707963267948966,-2.962962962962963,-2.962962962962963,1.570796240883987,1.5707962317202186,-2.618761440799724,-2.6214944437801266,-0.0005989102096537765,-1.675885250805136e-05
Y-,9.0,5.5,29.581574845000432,0.0,-0.035637598172468754,-0.8185368099621384,-1.6758390457392795e-05,-6.013882404127853e-05,-0.17644752627804425,-1.7389403024276867e-05,-0.04102449976857421,-0.8125597234634976,-0.002037541828224206,-1.4477517806649327e-08,-0.1666676247090903,0.00039856300842166777,-0.03635488466778376,-0.816502835281186,-2.604545109719123e-05,0.0,-0.2,0.0,1.5707963267948966,1.5707963267948966,-2.962962962962963,-2.962962962962963,1.570796240883987,1.5707962317202186,-2.618761440799724,-2.6214944437801266,-0.0005989102096537765,-1.675885250805136e-05
Y-,9.0,5.5,29.608688278000045,0.0,-0.035637598172468754,-0.8185368099621384,-1.6758390457392795e-05,-6.013882404127853e-05,-0.17644752627804425,-1.7389403024276867e-05,-0.04102449976857421,-0.8125597234634976,-0.002037541828224206,-1.4477517806649327e-08,-0.1666676247090903,0.00039856300842166777,-0.03635488466778376,-0.816502835281186,-2.604545109719123e-05,0.0,-0.2,0.0,1.5707963267948966,1.5707963267948966,-2.962962962962963,-2.962962962962963,1.570796240883987,1.5707962317202186,-2.618761440799724,-2.6214944437801266,-0.0005989102096537765,-1.675885250805136e-05
Y-,9.0,5.5,29.6337679390017,0.0,-0.035637598172468754,-0.8185368099621384,-1.6758390457392795e-05,-6.013882404127853e-05,-0.17644752627804425,-1.7389403024276867e-05,-0.04102449976857421,-0.8125597234634976,-0.002037541828224206,-1.4477517806649327e-08,-0.1666676247090903,0.00039856300842166777,-0.03635488466778376,-0.816502835281186,-2.604545109719123e-05,0.0,-0.2,0.0,1.5707963267948966,1.5707963267948966,-2.962962962962963,-2.962962962962963,1.570796240883987,1.5707962317202186,-2.618761440799724,-2.6214944437801266,-0.0005989102096537765,-1.675885250805136e-05
Y-,9.0,5.5,29.65905980200114,0.0,-0.035637598172468754,-0.8185368099621384,-1.6758390457392795e-05,-6.013882404127853e-05,-0.17644752627804425,-1.7389403024276867e-05,-0.04102449976857421,-0.8125597234634976,-0.002037541828224206,-1.4477517806649327e-08,-0.1666676247090903,0.00039856300842166777,-0.03635488466778376,-0.816502835281186,-2.604545109719123e-05,0.0,-0.2,0.0,1.5707963267948966,1.5707963267948966,-2.962962962962963,-2.962962962962963,1.570796240883987,1.5707962317202186,-2.618761440799724,-2.6214944437801266,-0.0005989102096537765,-1.675885250805136e-05
Y-,9.0,5.5,29.685127688000648,0.0,-0.035637598172468754,-0.8185368099621384,-1.6758390457392795e-05,-6.013882404127853e-05,-0.17644752627804425,-1.7389403024276867e-05,-0.04102449976857421,-0.8125597234634976,-0.002037541828224206,-1.4477517806649327e-08,-0.1666676247090903,0.00039856300842166777,-0.03635488466778376,-0.816502835281186,-2.604545109719123e-05,0.0,-0.2,0.0,1.5707963267948966,1.5707963267948966,-2.962962962962963,-2.962962962962963,1.570796240883987,1.5707962317202186,-2.618761440799724,-2.6214944437801266,-0.0005989102096537765,-1.675885250805136e-05
Y-,9.0,5.5,29.730308236001292,0.0,-0.035637599516116364,-0.8188924720752003,-1.6757946641597415e-05,-6.0136712983292816e-05,-0.17636243865171972,-1.7238375900678155e-05,-0.04102449976857421,-0.8125597234634976,-0.002037541828224206,-1.4477517806649327e-08,-0.1666676247090903,0.00039856300842166777,-0.03635488466778376,-0.816502835281186,-2.604545109719123e-05,0.0,-0.2,0.0,1.5707963267948966,1.5707963267948966,-2.962962962962963,-2.962962962962963,1.5707962421577362,1.5707962286655572,-2.619606007961001,-2.622096714444158,-0.0005989102096537765,-1.675885250805136e-05
Y-,9.0,5.5,29.77492588500172,0.0,-0.03563760487309227,-0.8203134256715039,-1.6756106252456686e-05,-6.0125053736962455e-05,-0.17602085289450625,-1.66429877254807e-05,-0.04102449976857421,-0.8125597234634976,-0.002037541828224206,-1.4477517806649327e-08,-0.1666676247090903,0.00039856300842166777,-0.03635488466778376,-0.816502835281186,-2.604545109719123e-05,0.0,-0.2,0.0,1.5707963267948966,1.5707963267948966,-2.962962962962963,-2.962962962962963,1.5707962421577362,1.5707962286655572,-2.619606007961001,-2.622096714444158,0.001514960602117277,-1.6756822556315538e-05
Y-,9.0,5.5,29.810909015002835,0.0,-0.03563761229874143,-0.8222627869576936,-1.675308003308291e-05,-6.007835552109191e-05,-0.17554807655217025,-1.5902427748283972e-05,-0.04102449976857421,-0.8125597234634976,-0.002037541828224206,-1.4477517806649327e-08,-0.1666676247090903,0.00039856300842166777,-0.03635488466778376,-0.816502835281186,-2.604545109719123e-05,0.0,-0.2,0.0,1.5707963267948966,1.5707963267948966,-2.962962962962963,-2.962962962962963,1.5707962434296494,1.5707962256330026,-2.6203980582595654,-2.622650003554644,0.0009311976628589817,-1.6754367491466896e-05
Y-,9.0,5.5,29.855423258002702,0.0,-0.03563762271532588,-0.8252652185872618,-1.673383530146824e-05,-6.001707642644173e-05,-0.17481077147647664,-1.551695273974077e-05,-0.04102449976857421,-0.8125597234634976,-0.002037541828224206,-1.4477517806649327e-08,-0.1666676247090903,0.00039856300842166777,-0.03635488466778376,-0.816502835281186,-2.604545109719123e-05,0.0,-0.2,0.0,1.5707963267948966,1.5707963267948966,-2.962962962962963,-2.962962962962963,1.5707959006099008,1.5707962196606458,-2.621908890137625,-2.6236567248734874,0.002698974070503701,-1.673383530146824e-05
Y-,9.0,5.5,29.89298527700157,0.0,-0.03563763402565072,-0.8293073705193174,-1.670065264123435e-05,-5.995066954190401e-05,-0.17380089720135267,-1.5846813249331247e-05,-0.04102449976857421,-0.8125597234634976,-0.002037541828224206,-1.4477517806649327e-08,-0.1666676247090903,0.00039856300842166777,-0.03635488466778376,-0.816502835281186,-2.604545109719123e-05,0.0,-0.2,0.0,1.5707963267948966,1.5707963267948966,-2.962962962962963,-2.962962962962963,1.570795417776563,1.5707962138143303,-2.6234386322428116,-2.624602099859895,-0.0023157276186822817,-1.6704896979587677e-05
Y-,9.100000000000001,5.600000000000001,29.923565050001343,0.10000000000000142,-0.03563764048260339,-0.833152022595773,-1.6670738679432757e-05,-5.982436279094578e-05,-0.17282141644591967,-1.6214201338768863e-05,-0.041058565816364544,-0.8292746984810304,-0.0020251914094034785,-8.539885862007303e-08,-0.16715009731743619,0.00012350418820727125,-0.03635257577464482,-0.8336983034930174,0.0001852033901679201,0.0,-0.2,0.0,1.5707963267948966,1.5707963267948966,-2.962962962962963,-2.962962962962963,1.570794711878432,1.5707962053705513,-2.6257953847822977,-2.6260842735586,0.0008578675654701782,-1.6678150845674712e-05
Y-,9.100000000000001,5.600000000000001,29.954157017000398,0.0,-0.0356376417115095,-0.8354137420853677,-1.66559756864145e-05,-5.9738908234063345e-05,-0.17223598055416275,-1.6342182349380367e-05,-0.041058565816364544,-0.8292746984810304,-0.0020251914094034785,-8.539885862007303e-08,-0.16715009731743619,0.00012350418820727125,-0.03635257577464482,-0.8336983034930174,0.0001852033901679201,0.0,-0.2,0.0,1.5707963267948966,1.5707963267948966,-2.962962962962963,-2.962962962962963,1.5707944747376912,1.5707962026583226,-2.6266292089685535,-2.6266312567396084,-0.0035282899034197396,-1.666614265544389e-05
Y-,9.100000000000001,5.600000000000001,29.987096468001255,0.0,-0.03563764161235124,-0.8361081301933225,-1.665202998184467e-05,-5.968205498821513e-05,-0.1720547790209261,-1.6518290316764633e-05,-0.041058565816364544,-0.8292746984810304,-0.0020251914094034785,-8.539885862007303e-08,-0.16715009731743619,0.00012350418820727125,-0.03635257577464482,-0.8336983034930174,0.0001852033901679201,0.0,-0.2,0.0,1.5707963267948966,1.5707963267948966,-2.962962962962963,-2.962962962962963,1.5707944747376912,1.5707962026583226,-2.6266292089685535,-2.6266312567396084,0.002620493150195197,-1.665392279587741e-05
Y-,9.100000000000001,5.600000000000001,30.011507776001963,0.0,-0.03563764161235124,-0.8361081301933225,-1.665202998184467e-05,-5.968205498821513e-05,-0.1720547790209261,-1.6518290316764633e-05,-0.041058565816364544,-0.8292746984810304,-0.0020251914094034785,-8.539885862007303e-08,-0.16715009731743619,0.00012350418820727125,-0.03635257577464482,-0.8336983034930174,0.0001852033901679201,0.0,-0.2,0.0,1.5707963267948966,1.5707963267948966,-2.962962962962963,-2.962962962962963,1.5707944747376912,1.5707962026583226,-2.6266292089685535,-2.6266312567396084,0.002620493150195197,-1.665392279587741e-05
Y-,9.100000000000001,5.600000000000001,30.043106033001095,0.0,-0.03563764161235124,-0.8361081301933225,-1.665202998184467e-05,-5.968205498821513e-05,-0.1720547790209261,-1.6518290316764633e-05,-0.041058565816364544,-0.8292746984810304,-0.0020251914094034785,-8.539885862007303e-08,-0.16715009731743619,0.00012350418820727125,-0.03635257577464482,-0.8336983034930174,0.0001852033901679201,0.0,-0.2,0.0,1.5707963267948966,1.5707963267948966,-2.962962962962963,-2.962962962962963,1.5707944747376912,1.5707962026583226,-2.6266292089685535,-2.6266312567396084,0.002620493150195197,-1.665392279587741e-05
Y-,9.100000000000001,5.600000000000001,30.073124965001625,0.0,-0.03563764161235124,-0.8361081301933225,-1.665202998184467e-05,-5.968205498821513e-05,-0.1720547790209261,-1.6518290316764633e-05,-0.041058565816364544,-0.8292746984810304,-0.0020251914094034785,-8.539885862007303e-08,-0.16715009731743619,0.00012350418820727125,-0.03635257577464482,-0.8336983034930174,0.0001852033901679201,0.0,-0.2,0.0,1.5707963267948966,1.5707963267948966,-2.962962962962963,-2.962962962962963,1.5707944747376912,1.5707962026583226,-2.6266292089685535,-2.6266312567396084,0.002620493150195197,-1.665392279587741e-05
Y-,9.100000000000001,5.600000000000001,30.09769519800102,0.0,-0.03563764161235124,-0.8361081301933225,-1.665202998184467e-05,-5.968205498821513e-05,-0.1720547790209261,-1.6518290316764633e-05,-0.041058565816364544,-0.8292746984810304,-0.0020251914094034785,-8.539885862007303e-08,-0.16715009731743619,0.00012350418820727125,-0.03635257577464482,-0.8336983034930174,0.0001852033901679201,0.0,-0.2,0.0,1.5707963267948966,1.5707963267948966,-2.962962962962963,-2.962962962962963,1.5707944747376912,1.5707962026583226,-2.6266292089685535,-2.6266312567396084,0.002620493150195197,-1.665392279587741e-05
Y-,9.100000000000001,5.600000000000001,30.123948741002096,0.0,-0.03563764161235124,-0.8361081301933225,-1.665202998184467e-05,-5.968205498821513e-05,-0.1720547790209261,-1.6518290316764633e-05,-0.041058565816364544,-0.8292746984810304,-0.0020251914094034785,-8.539885862007303e-08,-0.16715009731743619,0.00012350418820727125,-0.03635257577464482,-0.8336983034930174,0.0001852033901679201,0.0,-0.2,0.0,1.5707963267948966,1.5707963267948966,-2.962962962962963,-2.962962962962963,1.5707944747376912,1.5707962026583226,-2.6266292089685535,-2.6266312567396084,0.002620493150195197,-1.665392279587741e-05
Y-,9.100000000000001,5.600000000000001,30.150296348001575,0.0,-0.03563764161235124,-0.8361081301933225,-1.665202998184467e-05,-5.968205498821513e-05,-0.1720547790209261,-1.6518290316764633e-05,-0.041058565816364544,-0.8292746984810304,-0.0020251914094034785,-8.539885862007303e-08,-0.16715009731743619,0.00012350418820727125,-0.03635257577464482,-0.8336983034930174,0.0001852033901679201,0.0,-0.2,0.0,1.5707963267948966,1.5707963267948966,-2.962962962962963,-2.962962962962963,1.5707944747376912,1.5707962026583226,-2.6266292089685535,-2.6266312567396084,0.002620493150195197,-1.665392279587741e-05
Y-,9.100000000000001,5.600000000000001,30.17683594600021,0.0,-0.03563764161235124,-0.8361081301933225,-1.665202998184467e-05,-5.968205498821513e-05,-0.1720547790209261,-1.6518290316764633e-05,-0.041058565816364544,-0.8292746984810304,-0.0020251914094034785,-8.539885862007303e-08,-0.16715009731743619,0.00012350418820727125,-0.03635257577464482,-0.8336983034930174,0.0001852033901679201,0.0,-0.2,0.0,1.5707963267948966,1.5707963267948966,-2.962962962962963,-2.962962962962963,1.5707944747376912,1.5707962026583226,-2.6266292089685535,-2.6266312567396084,0.002620493150195197,-1.665392279587741e-05
Y-,9.100000000000001,5.600000000000001,30.20361214800141,0.0,-0.03563764161235124,-0.8361081301933225,-1.665202998184467e-05,-5.968205498821513e-05,-0.1720547790209261,-1.6518290316764633e-05,-0.041058565816364544,-0.8292746984810304,-0.0020251914094034785,-8.539885862007303e-08,-0.16715009731743619,0.00012350418820727125,-0.03635257577464482,-0.8336983034930174,0.0001852033901679201,0.0,-0.2,0.0,1.5707963267948966,1.5707963267948966,-2.962962962962963,-2.962962962962963,1.5707944747376912,1.5707962026583226,-2.6266292089685535,-2.6266312567396084,0.002620493150195197,-1.665392279587741e-05
Y-,9.100000000000001,5.600000000000001,30.23019031700096,0.0,-0.03563764161235124,-0.8361081301933225,-1.665202998184467e-05,-5.968205498821513e-05,-0.1720547790209261,-1.6518290316764633e-05,-0.041058565816364544,-0.8292746984810304,-0.0020251914094034785,-8.539885862007303e-08,-0.16715009731743619,0.00012350418820727125,-0.03635257577464482,-0.8336983034930174,0.0001852033901679201,0.0,-0.2,0.0,1.5707963267948966,1.5707963267948966,-2.962962962962963,-2.962962962962963,1.5707944747376912,1.5707962026583226,-2.6266292089685535,-2.6266312567396084,0.002620493150195197,-1.665392279587741e-05
Y-,9.100000000000001,5.600000000000001,30.26053922900246,0.0,-0.035637639085862385,-0.8385327932498369,-1.664526595693354e-05,-5.933858947487517e-05,-0.17141634124310978,-1.7640308887147743e-05,-0.041058565816364544,-0.8292746984810304,-0.0020251914094034785,-8.539885862007303e-08,-0.16715009731743619,0.00012350418820727125,-0.03635257577464482,-0.8336983034930174,0.0001852033901679201,0.0,-0.2,0.0,1.5707963267948966,1.5707963267948966,-2.962962962962963,-2.962962962962963,1.570793997574829,1.5707961974112168,-2.6284230283141508,-2.627851444840827,0.0020221596821657253,-1.6647094986587347e-05
Y-,9.100000000000001,5.600000000000001,30.291230066002754,0.0,-0.03563763349498935,-0.8407762709454655,-1.6649817311080017e-05,-5.8945960567158244e-05,-0.17081717797459514,-1.861914802409353e-05,-0.041058565816364544,-0.8292746984810304,-0.0020251914094034785,-8.539885862007303e-08,-0.16715009731743619,0.00012350418820727125,-0.03635257577464482,-0.8336983034930174,0.0001852033901679201,0.0,-0.2,0.0,1.5707963267948966,1.5707963267948966,-2.962962962962963,-2.962962962962963,1.5707937574331252,1.5707961948840943,-2.6293985611451216,-2.6285410766568518,-0.0021258607365954455,-1.6649817311080017e-05
Y-,9.100000000000001,5.600000000000001,30.324874805002764,0.0,-0.03563762106320782,-0.8438697573200101,-1.6661956053679995e-05,-5.84009762248839e-05,-0.1699763022100908,-1.9291104838014215e-05,-0.041058565816364544,-0.8292746984810304,-0.0020251914094034785,-8.539885862007303e-08,-0.16715009731743619,0.00012350418820727125,-0.03635257577464482,-0.8336983034930174,0.0001852033901679201,0.0,-0.2,0.0,1.5707963267948966,1.5707963267948966,-2.962962962962963,-2.962962962962963,1.570793273058949,1.570796190043958,-2.63154003810169,-2.630125856320279,-0.0016093938744583247,-1.6655824526830607e-05
Y-,9.100000000000001,5.600000000000001,30.35933690800084,0.0,-0.03563760414700553,-0.8467774606346679,-1.667976971232392e-05,-5.795111318433402e-05,-0.16916845802980288,-1.9895301243632885e-05,-0.041058565816364544,-0.8292746984810304,-0.0020251914094034785,-8.539885862007303e-08,-0.16715009731743619,0.00012350418820727125,-0.03635257577464482,-0.8336983034930174,0.0001852033901679201,0.0,-0.2,0.0,1.5707963267948966,1.5707963267948966,-2.962962962962963,-2.962962962962963,1.5707927846567236,1.570796185530173,-2.633995545459709,-2.632035141265451,0.0008643479748659005,-1.6674987607323335e-05
Y-,9.200000000000001,5.700000000000001,30.38749721000204,0.09999999999999964,-0.03563758191425005,-0.8496713960689652,-1.6703577583461564e-05,-5.7545041430316065e-05,-0.16834527545523484,-2.0291058465034903e-05,-0.04109256382682835,-0.8460469717606568,-0.0020460014536844958,-3.090020078621967e-07,-0.16772307737166922,-0.00020810044281017296,-0.03635417197852123,-0.850827559474695,8.186866283565899e-06,0.0,-0.2,0.0,1.5707963267948966,1.5707963267948966,-2.962962962962963,-2.962962962962963,1.5707925393683357,1.5707961834102377,-2.635361902690779,-2.633133485871455,-0.0010575755775171086,-1.6701976621659663e-05
Y-,9.200000000000001,5.700000000000001,30.41352324000036,0.0,-0.03563755917781188,-0.8520441059341829,-1.672977148855994e-05,-5.718186381680603e-05,-0.16765417285802317,-2.0785301060461325e-05,-0.04109256382682835,-0.8460469717606568,-0.0020460014536844958,-3.090020078621967e-07,-0.16772307737166922,-0.00020810044281017296,-0.03635417197852123,-0.850827559474695,8.186866283565899e-06,0.0,-0.2,0.0,1.5707963267948966,1.5707963267948966,-2.962962962962963,-2.962962962962963,1.5707920478850026,1.5707961794746712,-2.6384197714217836,-2.635661476694976,-0.003801899865068249,-1.6719592935084336e-05
Y-,9.200000000000001,5.700000000000001,30.442158449001,0.0,-0.035637538398785126,-0.8539015838346606,-1.6755088350658222e-05,-5.6885790635479946e-05,-0.1671017679759711,-2.1110758832297284e-05,-0.04109256382682835,-0.8460469717606568,-0.0020460014536844958,-3.090020078621967e-07,-0.16772307737166922,-0.00020810044281017296,-0.03635417197852123,-0.850827559474695,8.186866283565899e-06,0.0,-0.2,0.0,1.5707963267948966,1.5707963267948966,-2.962962962962963,-2.962962962962963,1.5707918021276193,1.5707961776714763,-2.640130385318802,-2.6371114223282053,-0.0030751729495063843,-1.674543046478509e-05
Y-,9.200000000000001,5.700000000000001,30.47297575000266,0.0,-0.035637538398785126,-0.8539015838346606,-1.6755088350658222e-05,-5.6885790635479946e-05,-0.1671017679759711,-2.1110758832297284e-05,-0.04109256382682835,-0.8460469717606568,-0.0020460014536844958,-3.090020078621967e-07,-0.16772307737166922,-0.00020810044281017296,-0.03635417197852123,-0.850827559474695,8.186866283565899e-06,0.0,-0.2,0.0,1.5707963267948966,1.5707963267948966,-2.962962962962963,-2.962962962962963,1.5707918021276193,1.5707961776714763,-2.640130385318802,-2.6371114223282053,-0.0030751729495063843,-1.674543046478509e-05
Y-,9.200000000000001,5.700000000000001,30.50655344900224,0.0,-0.035637538398785126,-0.8539015838346606,-1.6755088350658222e-05,-5.6885790635479946e-05,-0.1671017679759711,-2.1110758832297284e-05,-0.04109256382682835,-0.8460469717606568,-0.0020460014536844958,-3.090020078621967e-07,-0.16772307737166922,-0.00020810044281017296,-0.03635417197852123,-0.850827559474695,8.186866283565899e-06,0.0,-0.2,0.0,1.5707963267948966,1.5707963267948966,-2.962962962962963,-2.962962962962963,1.5707918021276193,1.5707961776714763,-2.640130385318802,-2.6371114223282053,-0.0030751729495063843,-1.674543046478509e-05
Y-,9.200000000000001,5.700000000000001,30.535725767000258,0.0,-0.035637538398785126,-0.8539015838346606,-1.6755088350658222e-05,-5.6885790635479946e-05,-0.1671017679759711,-2.1110758832297284e-05,-0.04109256382682835,-0.8460469717606568,-0.0020460014536844958,-3.090020078621967e-07,-0.16772307737166922,-0.00020810044281017296,-0.03635417197852123,-0.850827559474695,8.186866283565899e-06,0.0,-0.2,0.0,1.5707963267948966,1.5707963267948966,-2.962962962962963,-2.962962962962963,1.5707918021276193,1.5707961776714763,-2.640130385318802,-2.6371114223282053,-0.0030751729495063843,-1.674543046478509e-05
Y-,9.200000000000001,5.700000000000001,30.563275776999944,0.0,-0.035637538398785126,-0.8539015838346606,-1.6755088350658222e-05,-5.6885790635479946e-05,-0.1671017679759711,-2.1110758832297284e-05,-0.04109256382682835,-0.8460469717606568,-0.0020460014536844958,-3.090020078621967e-07,-0.16772307737166922,-0.00020810044281017296,-0.03635417197852123,-0.850827559474695,8.186866283565899e-06,0.0,-0.2,0.0,1.5707963267948966,1.5707963267948966,-2.962962962962963,-2.962962962962963,1.5707918021276193,1.5707961776714763,-2.640130385318802,-2.6371114223282053,-0.0030751729495063843,-1.674543046478509e-05
Y-,9.200000000000001,5.700000000000001,30.591444121000677,0.0,-0.035637538398785126,-0.8539015838346606,-1.6755088350658222e-05,-5.6885790635479946e-05,-0.1671017679759711,-2.1110758832297284e-05,-0.04109256382682835,-0.8460469717606568,-0.0020460014536844958,-3.090020078621967e-07,-0.16772307737166922,-0.00020810044281017296,-0.03635417197852123,-0.850827559474695,8.186866283565899e-06,0.0,-0.2,0.0,1.5707963267948966,1.5707963267948966,-2.962962962962963,-2.962962962962963,1.5707918021276193,1.5707961776714763,-2.640130385318802,-2.6371114223282053,-0.0030751729495063843,-1.674543046478509e-05
Y-,9.200000000000001,5.700000000000001,30.626530360001198,0.0,-0.035637538398785126,-0.8539015838346606,-1.6755088350658222e-05,-5.6885790635479946e-05,-0.1671017679759711,-2.1110758832297284e-05,-0.04109256382682835,-0.8460469717606568,-0.0020460014536844958,-3.090020078621967e-07,-0.16772307737166922,-0.00020810044281017296,-0.03635417197852123,-0.850827559474695,8.186866283565899e-06,0.0,-0.2,0.0,1.5707963267948966,1.5707963267948966,-2.962962962962963,-2.962962962962963,1.5707918021276193,1.5707961776714763,-2.640130385318802,-2.6371114223282053,-0.0030751729495063843,-1.674543046478509e-05
Y-,9.200000000000001,5.700000000000001,30.653193750000355,0.0,-0.035637538398785126,-0.8539015838346606,-1.6755088350658222e-05,-5.6885790635479946e-05,-0.1671017679759711,-2.1110758832297284e-05,-0.04109256382682835,-0.8460469717606568,-0.0020460014536844958,-3.090020078621967e-07,-0.16772307737166922,-0.00020810044281017296,-0.03635417197852123,-0.850827559474695,8.186866283565899e-06,0.0,-0.2,0.0,1.5707963267948966,1.5707963267948966,-2.962962962962963,-2.962962962962963,1.5707918021276193,1.5707961776714763,-2.640130385318802,-2.6371114223282053,-0.0030751729495063843,-1.674543046478509e-05
Y-,9.200000000000001,5.700000000000001,30.689408910002385,0.0,-0.035637538398785126,-0.8539015838346606,-1.6755088350658222e-05,-5.6885790635479946e-05,-0.1671017679759711,-2.1110758832297284e-05,-0.04109256382682835,-0.8460469717606568,-0.0020460014536844958,-3.090020078621967e-07,-0.16772307737166922,-0.00020810044281017296,-0.03635417197852123,-0.850827559474695,8.186866283565899e-06,0.0,-0.2,0.0,1.5707963267948966,1.5707963267948966,-2.962962962962963,-2.962962962962963,1.5707918021276193,1.5707961776714763,-2.640130385318802,-2.6371114223282053,-0.0030751729495063843,-1.674543046478509e-05
Y-,9.200000000000001,5.700000000000001,30.718380900001648,0.0,-0.035637538398785126,-0.8539015838346606,-1.6755088350658222e-05,-5.6885790635479946e-05,-0.1671017679759711,-2.1110758832297284e-05,-0.04109256382682835,-0.8460469717606568,-0.0020460014536844958,-3.090020078621967e-07,-0.16772307737166922,-0.00020810044281017296,-0.03635417197852123,-0.850827559474695,8.186866283565899e-06,0.0,-0.2,0.0,1.5707963267948966,1.5707963267948966,-2.962962962962963,-2.962962962962963,1.5707918021276193,1.5707961776714763,-2.640130385318802,-2.6371114223282053,-0.0030751729495063843,-1.674543046478509e-05
Y-,9.200000000000001,5.700000000000001,30.749590982999507,0.0,-0.03563753227942619,-0.854407117516776,-1.676266674813736e-05,-5.6803548141350145e-05,-0.16694956072101458,-2.119121511708625e-05,-0.04109256382682835,-0.8460469717606568,-0.0020460014536844958,-3.090020078621967e-07,-0.16772307737166922,-0.00020810044281017296,-0.03635417197852123,-0.850827559474695,8.186866283565899e-06,0.0,-0.2,0.0,1.5707963267948966,1.5707963267948966,-2.962962962962963,-2.962962962962963,1.5707918021276193,1.5707961776714763,-2.640130385318802,-2.6371114223282053,-0.0030751729495063843,-1.674543046478509e-05
Y-,9.200000000000001,5.700000000000001,30.776958939000906,0.0,-0.035637503503888016,-0.8565924870219046,-1.6798842963010932e-05,-5.644128155966535e-05,-0.1662817085480137,-2.150383180625694e-05,-0.04109256382682835,-0.8460469717606568,-0.0020460014536844958,-3.090020078621967e-07,-0.16772307737166922,-0.00020810044281017296,-0.03635417197852123,-0.850827559474695,8.186866283565899e-06,0.0,-0.2,0.0,1.5707963267948966,1.5707963267948966,-2.962962962962963,-2.962962962962963,1.5707915567750144,1.5707961759858424,-2.6419761790542946,-2.6386997722377337,-0.0026106200065212793,-1.6795870465175818e-05
Y-,9.200000000000001,5.700000000000001,30.801443813001242,0.0,-0.03563746033180311,-0.859437108686565,-1.685400334368293e-05,-5.5955823420131195e-05,-0.16538606433056247,-2.1795345999445976e-05,-0.04109256382682835,-0.8460469717606568,-0.0020460014536844958,-3.090020078621967e-07,-0.16772307737166922,-0.00020810044281017296,-0.03635417197852123,-0.850827559474695,8.186866283565899e-06,0.0,-0.2,0.0,1.5707963267948966,1.5707963267948966,-2.962962962962963,-2.962962962962963,1.5707910686939268,1.5707961730000077,-2.6461206738355343,-2.642339396957454,0.0014595709918718374,-1.6826950780501165e-05
Y-,9.200000000000001,5.700000000000001,30.837668426000164,0.0,-0.035637392380894826,-0.8632611965819846,-1.6940839833862888e-05,-5.523489184197197e-05,-0.16412637706138403,-2.345048653359377e-05,-0.04109256382682835,-0.8460469717606568,-0.0020460014536844958,-3.090020078621967e-07,-0.16772307737166922,-0.00020810044281017296,-0.03635417197852123,-0.850827559474695,8.186866283565899e-06,0.0,-0.2,0.0,1.5707963267948966,1.5707963267948966,-2.962962962962963,-2.962962962962963,1.5707905862373277,1.5707960391325146,-2.650956446717642,-2.6467404711032088,3.286513735294558e-05,-1.6940839833862888e-05
Y-,9.200000000000001,5.700000000000001,30.871450784001354,0.0,-0.035637334647073325,-0.8660688349975166,-1.7017908511071613e-05,-5.450265311921851e-05,-0.1631523897209089,-2.363269667996351e-05,-0.04112717536449065,-0.8629368788748194,-0.002092164751084768,-5.471481990362056e-07,-0.16889942577776507,-0.00046163297400272186,-0.036357044679835145,-0.8682517520709784,-0.00018336132132201622,0.0,-0.2,0.0,1.5707963267948966,1.5707963267948966,-2.962962962962963,-2.962962962962963,1.5707901123798207,1.5707956133218008,-2.6565628906992456,-2.6520335314928,0.0008604865595407144,-1.698691591969113e-05
Y-,9.3,5.800000000000001,30.90150069900119,0.09999999999999964,-0.035637273846880466,-0.8686960328179643,-1.7089627568097788e-05,-5.380093264379881e-05,-0.1621988053105899,-2.4031805145981022e-05,-0.04112717536449065,-0.8629368788748194,-0.002092164751084768,-5.471481990362056e-07,-0.16889942577776507,-0.00046163297400272186,-0.036357044679835145,-0.8682517520709784,-0.00018336132132201622,0.0,-0.2,0.0,1.5707963267948966,1.5707963267948966,-2.962962962962963,-2.962962962962963,1.5707896512783384,1.570795149006602,-2.6631168833085574,-2.658164166790168,-0.0019825243214945686,-1.7080328038196906e-05
Y-,9.3,5.800000000000001,30.93344955700013,0.0,-0.03563722429310944,-0.8706563401944774,-1.7147530472890024e-05,-5.325905437299955e-05,-0.16145727163819937,-2.4313634691663107e-05,-0.04112717536449065,-0.8629368788748194,-0.002092164751084768,-5.471481990362056e-07,-0.16889942577776507,-0.00046163297400272186,-0.036357044679835145,-0.8682517520709784,-0.00018336132132201622,0.0,-0.2,0.0,1.5707963267948966,1.5707963267948966,-2.962962962962963,-2.962962962962963,1.5707894266733335,1.5707948983196776,-2.666813511099898,-2.661642427336514,0.0012230874282304557,-1.7127880627515778e-05
Y-,9.3,5.800000000000001,30.964733885000896,0.0,-0.03563722429310944,-0.8706563401944774,-1.7147530472890024e-05,-5.325905437299955e-05,-0.16145727163819937,-2.4313634691663107e-05,-0.04112717536449065,-0.8629368788748194,-0.002092164751084768,-5.471481990362056e-07,-0.16889942577776507,-0.00046163297400272186,-0.036357044679835145,-0.8682517520709784,-0.00018336132132201622,0.0,-0.2,0.0,1.5707963267948966,1.5707963267948966,-2.962962962962963,-2.962962962962963,1.5707894266733335,1.5707948983196776,-2.666813511099898,-2.661642427336514,0.0012230874282304557,-1.7127880627515778e-05
Y-,9.3,5.800000000000001,30.99210555800164,0.0,-0.03563722429310944,-0.8706563401944774,-1.7147530472890024e-05,-5.325905437299955e-05,-0.16145727163819937,-2.4313634691663107e-05,-0.04112717536449065,-0.8629368788748194,-0.002092164751084768,-5.471481990362056e-07,-0.16889942577776507,-0.00046163297400272186,-0.036357044679835145,-0.8682517520709784,-0.00018336132132201622,0.0,-0.2,0.0,1.5707963267948966,1.5707963267948966,-2.962962962962963,-2.962962962962963,1.5707894266733335,1.5707948983196776,-2.666813511099898,-2.661642427336514,0.0012230874282304557,-1.7127880627515778e-05
Y-,9.3,5.800000000000001,31.01812410000275,0.0,-0.03563722429310944,-0.8706563401944774,-1.7147530472890024e-05,-5.325905437299955e-05,-0.16145727163819937,-2.4313634691663107e-05,-0.04112717536449065,-0.8629368788748194,-0.002092164751084768,-5.471481990362056e-07,-0.16889942577776507,-0.00046163297400272186,-0.036357044679835145,-0.8682517520709784,-0.00018336132132201622,0.0,-0.2,0.0,1.5707963267948966,1.5707963267948966,-2.962962962962963,-2.962962962962963,1.5707894266733335,1.5707948983196776,-2.666813511099898,-2.661642427336514,0.0012230874282304557,-1.7127880627515778e-05
Y-,9.3,5.800000000000001,31.044021902001987,0.0,-0.03563722429310944,-0.8706563401944774,-1.7147530472890024e-05,-5.325905437299955e-05,-0.16145727163819937,-2.4313634691663107e-05,-0.04112717536449065,-0.8629368788748194,-0.002092164751084768,-5.471481990362056e-07,-0.16889942577776507,-0.00046163297400272186,-0.036357044679835145,-0.8682517520709784,-0.00018336132132201622,0.0,-0.2,0.0,1.5707963267948966,1.5707963267948966,-2.962962962962963,-2.962962962962963,1.5707894266733335,1.5707948983196776,-2.666813511099898,-2.661642427336514,0.0012230874282304557,-1.7127880627515778e-05
Y-,9.3,5.800000000000001,31.07528877400182,0.0,-0.03563722429310944,-0.8706563401944774,-1.7147530472890024e-05,-5.325905437299955e-05,-0.16145727163819937,-2.4313634691663107e-05,-0.04112717536449065,-0.8629368788748194,-0.002092164751084768,-5.471481990362056e-07,-0.16889942577776507,-0.00046163297400272186,-0.036357044679835145,-0.8682517520709784,-0.00018336132132201622,0.0,-0.2,0.0,1.5707963267948966,1.5707963267948966,-2.962962962962963,-2.962962962962963,1.5707894266733335,1.5707948983196776,-2.666813511099898,-2.661642427336514,0.0012230874282304557,-1.7127880627515778e-05
Y-,9.3,5.800000000000001,31.105764964002447,0.0,-0.03563722429310944,-0.8706563401944774,-1.7147530472890024e-05,-5.325905437299955e-05,-0.16145727163819937,-2.4313634691663107e-05,-0.04112717536449065,-0.8629368788748194,-0.002092164751084768,-5.471481990362056e-07,-0.16889942577776507,-0.00046163297400272186,-0.036357044679835145,-0.8682517520709784,-0.00018336132132201622,0.0,-0.2,0.0,1.5707963267948966,1.5707963267948966,-2.962962962962963,-2.962962962962963,1.5707894266733335,1.5707948983196776,-2.666813511099898,-2.661642427336514,0.0012230874282304557,-1.7127880627515778e-05
Y-,9.3,5.800000000000001,31.13232190400231,0.0,-0.03563722429310944,-0.8706563401944774,-1.7147530472890024e-05,-5.325905437299955e-05,-0.16145727163819937,-2.4313634691663107e-05,-0.04112717536449065,-0.8629368788748194,-0.002092164751084768,-5.471481990362056e-07,-0.16889942577776507,-0.00046163297400272186,-0.036357044679835145,-0.8682517520709784,-0.00018336132132201622,0.0,-0.2,0.0,1.5707963267948966,1.5707963267948966,-2.962962962962963,-2.962962962962963,1.5707894266733335,1.5707948983196776,-2.666813511099898,-2.661642427336514,0.0012230874282304557,-1.7127880627515778e-05
Y-,9.3,5.800000000000001,31.15608167300161,0.0,-0.03563722429310944,-0.8706563401944774,-1.7147530472890024e-05,-5.325905437299955e-05,-0.16145727163819937,-2.4313634691663107e-05,-0.04112717536449065,-0.8629368788748194,-0.002092164751084768,-5.471481990362056e-07,-0.16889942577776507,-0.00046163297400272186,-0.036357044679835145,-0.8682517520709784,-0.00018336132132201622,0.0,-0.2,0.0,1.5707963267948966,1.5707963267948966,-2.962962962962963,-2.962962962962963,1.5707894266733335,1.5707948983196776,-2.666813511099898,-2.661642427336514,0.0012230874282304557,-1.7127880627515778e-05
Y-,9.3,5.800000000000001,31.18213450300027,0.0,-0.03563722429310944,-0.8706563401944774,-1.7147530472890024e-05,-5.325905437299955e-05,-0.16145727163819937,-2.4313634691663107e-05,-0.04112717536449065,-0.8629368788748194,-0.002092164751084768,-5.471481990362056e-07,-0.16889942577776507,-0.00046163297400272186,-0.036357044679835145,-0.8682517520709784,-0.00018336132132201622,0.0,-0.2,0.0,1.5707963267948966,1.5707963267948966,-2.962962962962963,-2.962962962962963,1.5707894266733335,1.5707948983196776,-2.666813511099898,-2.661642427336514,0.0012230874282304557,-1.7127880627515778e-05
Y-,9.3,5.800000000000001,31.20740418599962,0.0,-0.03563722429310944,-0.8706563401944774,-1.7147530472890024e-05,-5.325905437299955e-05,-0.16145727163819937,-2.4313634691663107e-05,-0.04112717536449065,-0.8629368788748194,-0.002092164751084768,-5.471481990362056e-07,-0.16889942577776507,-0.00046163297400272186,-0.036357044679835145,-0.8682517520709784,-0.00018336132132201622,0.0,-0.2,0.0,1.5707963267948966,1.5707963267948966,-2.962962962962963,-2.962962962962963,1.5707894266733335,1.5707948983196776,-2.666813511099898,-2.661642427336514,0.0012230874282304557,-1.7127880627515778e-05
Y-,9.3,5.800000000000001,31.234492687002785,0.0,-0.03563722429310944,-0.8706563401944774,-1.7147530472890024e-05,-5.325905437299955e-05,-0.16145727163819937,-2.4313634691663107e-05,-0.04112717536449065,-0.8629368788748194,-0.002092164751084768,-5.471481990362056e-07,-0.16889942577776507,-0.00046163297400272186,-0.036357044679835145,-0.8682517520709784,-0.00018336132132201622,0.0,-0.2,0.0,1.5707963267948966,1.5707963267948966,-2.962962962962963,-2.962962962962963,1.5707894266733335,1.5707948983196776,-2.666813511099898,-2.661642427336514,0.0012230874282304557,-1.7127880627515778e-05
Y-,9.3,5.800000000000001,31.261903524002264,0.0,-0.03563722429310944,-0.8706563401944774,-1.7147530472890024e-05,-5.325905437299955e-05,-0.16145727163819937,-2.4313634691663107e-05,-0.04112717536449065,-0.8629368788748194,-0.002092164751084768,-5.471481990362056e-07,-0.16889942577776507,-0.00046163297400272186,-0.036357044679835145,-0.8682517520709784,-0.00018336132132201622,0.0,-0.2,0.0,1.5707963267948966,1.5707963267948966,-2.962962962962963,-2.962962962962963,1.5707894266733335,1.5707948983196776,-2.666813511099898,-2.661642427336514,0.0012230874282304557,-1.7127880627515778e-05
Y-,9.3,5.800000000000001,31.290640325001732,0.0,-0.03563722429310944,-0.8706563401944774,-1.7147530472890024e-05,-5.325905437299955e-05,-0.16145727163819937,-2.4313634691663107e-05,-0.04112717536449065,-0.8629368788748194,-0.002092164751084768,-5.471481990362056e-07,-0.16889942577776507,-0.00046163297400272186,-0.036357044679835145,-0.8682517520709784,-0.00018336132132201622,0.0,-0.2,0.0,1.5707963267948966,1.5707963267948966,-2.962962962962963,-2.962962962962963,1.5707894266733335,1.5707948983196776,-2.666813511099898,-2.661642427336514,0.0012230874282304557,-1.7127880627515778e-05
Y-,9.3,5.800000000000001,31.318664698999783,0.0,-0.03563720704562305,-0.871307799666133,-1.7167457852092926e-05,-5.3076138724471775e-05,-0.16120462075577657,-2.4390826191207162e-05,-0.04112717536449065,-0.8629368788748194,-0.002092164751084768,-5.471481990362056e-07,-0.16889942577776507,-0.00046163297400272186,-0.036357044679835145,-0.8682517520709784,-0.00018336132132201622,0.0,-0.2,0.0,1.5707963267948966,1.5707963267948966,-2.962962962962963,-2.962962962962963,1.5707894266733335,1.5707948983196776,-2.666813511099898,-2.661642427336514,0.0012230874282304557,-1.7127880627515778e-05
Y-,9.3,5.800000000000001,31.344994368002517,0.0,-0.03563713404547469,-0.8739034565411625,-1.7251796941559563e-05,-5.228750802987629e-05,-0.16016407804734709,-2.4827672855024178e-05,-0.04112717536449065,-0.8629368788748194,-0.002092164751084768,-5.471481990362056e-07,-0.16889942577776507,-0.00046163297400272186,-0.036357044679835145,-0.8682517520709784,-0.00018336132132201622,0.0,-0.2,0.0,1.5707963267948966,1.5707963267948966,-2.962962962962963,-2.962962962962963,1.5707889909654842,1.5707943514718137,-2.675178302756376,-2.6695858361519553,3.393087792621046e-05,-1.7229519572890693e-05
Y-,9.3,5.800000000000001,31.36999376500171,0.0,-0.035637084556039415,-0.8755172208559661,-1.7312327362251937e-05,-5.175648942294272e-05,-0.15948726298289564,-2.524810473670349e-05,-0.04112717536449065,-0.8629368788748194,-0.002092164751084768,-5.471481990362056e-07,-0.16889942577776507,-0.00046163297400272186,-0.036357044679835145,-0.8682517520709784,-0.00018336132132201622,0.0,-0.2,0.0,1.5707963267948966,1.5707963267948966,-2.962962962962963,-2.962962962962963,1.57078878070996,1.5707940526230306,-2.679911434711236,-2.674117459923381,-0.0016774714901516055,-1.7293510847870534e-05
Y-,9.3,5.800000000000001,31.406144201002462,0.0,-0.03563696625800866,-0.8790432250580743,-1.7453866957988337e-05,-4.954306653734396e-05,-0.15791592555325923,-2.5646031608473276e-05,-0.04112717536449065,-0.8629368788748194,-0.002092164751084768,-5.471481990362056e-07,-0.16889942577776507,-0.00046163297400272186,-0.036357044679835145,-0.8682517520709784,-0.00018336132132201622,0.0,-0.2,0.0,1.5707963267948966,1.5707963267948966,-2.962962962962963,-2.962962962962963,1.5707883756580827,1.5707933977779396,-2.6906491870551426,-2.684497454120885,0.0036597028971884424,-1.7427242646228164e-05
Y-,9.3,5.800000000000001,31.436327321000135,0.0,-0.03563691892103615,-0.880316745737772,-1.7514448593214142e-05,-4.83507299604926e-05,-0.15731299712547653,-2.7335773485768147e-05,-0.04116308605069881,-0.8800566832636313,-0.002157466506043728,-9.318245690369106e-07,-0.1711984205183808,-0.0006530175495896029,-0.036368381825789164,-0.8682455769824753,-5.1168013771362863e-05,0.0,-0.2,0.0,1.5707963267948966,1.5707963267948966,-2.962962962962963,-2.962962962962963,1.5707881818054092,1.5707930383450712,-2.6967522205964403,-2.690428670834458,-0.000370951327916215,-1.7514448593214142e-05
Y-,9.4,5.9,31.475808515002427,0.09999999999999964,-0.0356368139149733,-0.8830067278545757,-1.7653180571862535e-05,-4.606611225442242e-05,-0.15596789168334824,-2.743063638528075e-05,-0.04116308605069881,-0.8800566832636313,-0.002157466506043728,-9.318245690369106e-07,-0.1711984205183808,-0.0006530175495896029,-0.036368381825789164,-0.8682455769824753,-5.1168013771362863e-05,0.0,-0.2,0.0,1.5707963267948966,1.5707963267948966,-2.962962962962963,-2.962962962962963,1.5707878088580989,1.5707922515590367,-2.710656975938376,-2.7040446963227502,0.0006410946509841699,-1.767549720109169e-05
Y-,9.4,5.9,31.50654732700059,0.0,-0.035636687007831305,-0.8859854504974829,-1.77889601361698e-05,-4.2086797005489793e-05,-0.1543472584357844,-2.7064353873433222e-05,-0.04116308605069881,-0.8800566832636313,-0.002157466506043728,-9.318245690369106e-07,-0.1711984205183808,-0.0006530175495896029,-0.036368381825789164,-0.8682455769824753,-5.1168013771362863e-05,0.0,-0.2,0.0,1.5707963267948966,1.5707963267948966,-2.962962962962963,-2.962962962962963,1.5707876309463717,1.57079182675802,-2.718577448128753,-2.7118421428558928,0.0027581031187881655,-1.7751339764742176e-05
Y-,9.4,5.9,31.537665801999538,0.0,-0.03563667985231528,-0.8861413718035914,-1.7797022552051558e-05,-4.098390492188773e-05,-0.15416859755995604,-2.877330074586903e-05,-0.04116308605069881,-0.8800566832636313,-0.002157466506043728,-9.318245690369106e-07,-0.1711984205183808,-0.0006530175495896029,-0.036368381825789164,-0.8682455769824753,-5.1168013771362863e-05,0.0,-0.2,0.0,1.5707963267948966,1.5707963267948966,-2.962962962962963,-2.962962962962963,1.570787459271318,1.5707913743920114,-2.7272560056971655,-2.7203534271572196,0.0027581031187881655,-1.7751339764742176e-05
Y-,9.4,5.9,31.568654249000247,0.0,-0.03563667985231528,-0.8861413718035914,-1.7797022552051558e-05,-4.098390492188773e-05,-0.15416859755995604,-2.877330074586903e-05,-0.04116308605069881,-0.8800566832636313,-0.002157466506043728,-9.318245690369106e-07,-0.1711984205183808,-0.0006530175495896029,-0.036368381825789164,-0.8682455769824753,-5.1168013771362863e-05,0.0,-0.2,0.0,1.5707963267948966,1.5707963267948966,-2.962962962962963,-2.962962962962963,1.570787459271318,1.5707913743920114,-2.7272560056971655,-2.7203534271572196,0.0027581031187881655,-1.7751339764742176e-05
Y-,9.4,5.9,31.594762554002955,0.0,-0.03563667985231528,-0.8861413718035914,-1.7797022552051558e-05,-4.098390492188773e-05,-0.15416859755995604,-2.877330074586903e-05,-0.04116308605069881,-0.8800566832636313,-0.002157466506043728,-9.318245690369106e-07,-0.1711984205183808,-0.0006530175495896029,-0.036368381825789164,-0.8682455769824753,-5.1168013771362863e-05,0.0,-0.2,0.0,1.5707963267948966,1.5707963267948966,-2.962962962962963,-2.962962962962963,1.570787459271318,1.5707913743920114,-2.7272560056971655,-2.7203534271572196,0.0027581031187881655,-1.7751339764742176e-05
Y-,9.4,5.9,31.62308975000269,0.0,-0.03563667985231528,-0.8861413718035914,-1.7797022552051558e-05,-4.098390492188773e-05,-0.15416859755995604,-2.877330074586903e-05,-0.04116308605069881,-0.8800566832636313,-0.002157466506043728,-9.318245690369106e-07,-0.1711984205183808,-0.0006530175495896029,-0.036368381825789164,-0.8682455769824753,-5.1168013771362863e-05,0.0,-0.2,0.0,1.5707963267948966,1.5707963267948966,-2.962962962962963,-2.962962962962963,1.570787459271318,1.5707913743920114,-2.7272560056971655,-2.7203534271572196,0.0027581031187881655,-1.7751339764742176e-05
Y-,9.4,5.9,31.649919081999542,0.0,-0.03563667985231528,-0.8861413718035914,-1.7797022552051558e-05,-4.098390492188773e-05,-0.15416859755995604,-2.877330074586903e-05,-0.04116308605069881,-0.8800566832636313,-0.002157466506043728,-9.318245690369106e-07,-0.1711984205183808,-0.0006530175495896029,-0.036368381825789164,-0.8682455769824753,-5.1168013771362863e-05,0.0,-0.2,0.0,1.5707963267948966,1.5707963267948966,-2.962962962962963,-2.962962962962963,1.570787459271318,1.5707913743920114,-2.7272560056971655,-2.7203534271572196,0.0027581031187881655,-1.7751339764742176e-05
Y-,9.4,5.9,31.67715340400173,0.0,-0.03563667985231528,-0.8861413718035914,-1.7797022552051558e-05,-4.098390492188773e-05,-0.15416859755995604,-2.877330074586903e-05,-0.04116308605069881,-0.8800566832636313,-0.002157466506043728,-9.318245690369106e-07,-0.1711984205183808,-0.0006530175495896029,-0.036368381825789164,-0.8682455769824753,-5.1168013771362863e-05,0.0,-0.2,0.0,1.5707963267948966,1.5707963267948966,-2.962962962962963,-2.962962962962963,1.570787459271318,1.5707913743920114,-2.7272560056971655,-2.7203534271572196,0.0027581031187881655,-1.7751339764742176e-05
Y-,9.4,5.9,31.7118155140015,0.0,-0.03563667985231528,-0.8861413718035914,-1.7797022552051558e-05,-4.098390492188773e-05,-0.15416859755995604,-2.877330074586903e-05,-0.04116308605069881,-0.8800566832636313,-0.002157466506043728,-9.318245690369106e-07,-0.1711984205183808,-0.0006530175495896029,-0.036368381825789164,-0.8682455769824753,-5.1168013771362863e-05,0.0,-0.2,0.0,1.5707963267948966,1.5707963267948966,-2.962962962962963,-2.962962962962963,1.570787459271318,1.5707913743920114,-2.7272560056971655,-2.7203534271572196,0.0027581031187881655,-1.7751339764742176e-05
Y-,9.4,5.9,31.738007916999777,0.0,-0.03563667985231528,-0.8861413718035914,-1.7797022552051558e-05,-4.098390492188773e-05,-0.15416859755995604,-2.877330074586903e-05,-0.04116308605069881,-0.8800566832636313,-0.002157466506043728,-9.318245690369106e-07,-0.1711984205183808,-0.0006530175495896029,-0.036368381825789164,-0.8682455769824753,-5.1168013771362863e-05,0.0,-0.2,0.0,1.5707963267948966,1.5707963267948966,-2.962962962962963,-2.962962962962963,1.570787459271318,1.5707913743920114,-2.7272560056971655,-2.7203534271572196,0.0027581031187881655,-1.7751339764742176e-05
Y-,9.4,5.9,31.771696867002902,0.0,-0.03563667985231528,-0.8861413718035914,-1.7797022552051558e-05,-4.098390492188773e-05,-0.15416859755995604,-2.877330074586903e-05,-0.04116308605069881,-0.8800566832636313,-0.002157466506043728,-9.318245690369106e-07,-0.1711984205183808,-0.0006530175495896029,-0.036368381825789164,-0.8682455769824753,-5.1168013771362863e-05,0.0,-0.2,0.0,1.5707963267948966,1.5707963267948966,-2.962962962962963,-2.962962962962963,1.570787459271318,1.5707913743920114,-2.7272560056971655,-2.7203534271572196,0.0027581031187881655,-1.7751339764742176e-05
Y-,9.4,5.9,31.802233190999686,0.0,-0.03563667985231528,-0.8861413718035914,-1.7797022552051558e-05,-4.098390492188773e-05,-0.15416859755995604,-2.877330074586903e-05,-0.04116308605069881,-0.8800566832636313,-0.002157466506043728,-9.318245690369106e-07,-0.1711984205183808,-0.0006530175495896029,-0.036368381825789164,-0.8682455769824753,-5.1168013771362863e-05,0.0,-0.2,0.0,1.5707963267948966,1.5707963267948966,-2.962962962962963,-2.962962962962963,1.570787459271318,1.5707913743920114,-2.7272560056971655,-2.7203534271572196,0.0027581031187881655,-1.7751339764742176e-05
Y-,9.4,5.9,31.829426529002376,0.0,-0.03563667985231528,-0.8861413718035914,-1.7797022552051558e-05,-4.098390492188773e-05,-0.15416859755995604,-2.877330074586903e-05,-0.04116308605069881,-0.8800566832636313,-0.002157466506043728,-9.318245690369106e-07,-0.1711984205183808,-0.0006530175495896029,-0.036368381825789164,-0.8682455769824753,-5.1168013771362863e-05,0.0,-0.2,0.0,1.5707963267948966,1.5707963267948966,-2.962962962962963,-2.962962962962963,1.570787459271318,1.5707913743920114,-2.7272560056971655,-2.7203534271572196,0.0027581031187881655,-1.7751339764742176e-05
Y-,9.4,5.9,31.853485584000737,0.0,-0.03563667985231528,-0.8861413718035914,-1.7797022552051558e-05,-4.098390492188773e-05,-0.15416859755995604,-2.877330074586903e-05,-0.04116308605069881,-0.8800566832636313,-0.002157466506043728,-9.318245690369106e-07,-0.1711984205183808,-0.0006530175495896029,-0.036368381825789164,-0.8682455769824753,-5.1168013771362863e-05,0.0,-0.2,0.0,1.5707963267948966,1.5707963267948966,-2.962962962962963,-2.962962962962963,1.570787459271318,1.5707913743920114,-2.7272560056971655,-2.7203534271572196,0.0027581031187881655,-1.7751339764742176e-05
Y-,9.4,5.9,31.880009816999518,0.0,-0.03563664954310416,-0.8867641730272523,-1.7837841792651446e-05,-3.875924084361748e-05,-0.15389747756371985,-3.403081171630907e-05,-0.04116308605069881,-0.8800566832636313,-0.002157466506043728,-9.318245690369106e-07,-0.1711984205183808,-0.0006530175495896029,-0.036368381825789164,-0.8682455769824753,-5.1168013771362863e-05,0.0,-0.2,0.0,1.5707963267948966,1.5707963267948966,-2.962962962962963,-2.962962962962963,1.570787459271318,1.5707913743920114,-2.7272560056971655,-2.7203534271572196,-0.0022283141036582,-1.7825776870779186e-05
Y-,9.4,5.9,31.91701147999993,0.0,-0.03563648776837667,-0.889394769774223,-1.8328944574240942e-05,-2.268418799707357e-05,-0.15228991960730126,-8.914409292213704e-05,-0.04116308605069881,-0.8800566832636313,-0.002157466506043728,-9.318245690369106e-07,-0.1711984205183808,-0.0006530175495896029,-0.036368381825789164,-0.8682455769824753,-5.1168013771362863e-05,0.0,-0.2,0.0,1.5707963267948966,1.5707963267948966,-2.962962962962963,-2.962962962962963,1.5707871311082044,1.5707903299002473,-2.747435024493789,-2.739546189595327,1.534022643310352e-05,-1.8027171392346637e-05
Y-,9.4,5.9,31.943972277000285,0.0,-0.035636230451537826,-0.8923015847477449,-1.9764511019506993e-05,8.82048264618074e-06,-0.15032826610630828,-0.00019726903410628222,-0.04116308605069881,-0.8800566832636313,-0.002157466506043728,-9.318245690369106e-07,-0.1711984205183808,-0.0006530175495896029,-0.036368381825789164,-0.8682455769824753,-5.1168013771362863e-05,0.0,-0.2,0.0,1.5707963267948966,1.5707963267948966,-2.962962962962963,-2.962962962962963,1.5707867898471761,1.5707890354023943,-2.771992527774366,-2.762857348321805,0.0002348739545088762,-1.9214388288320234e-05
Y-,9.4,5.9,31.97634120300063,0.0,-0.035635972534941454,-0.8945694748262587,-2.1341395687743985e-05,2.909305538697333e-05,-0.14863550291911173,-0.00025007771789922246,-0.04116308605069881,-0.8800566832636313,-0.002157466506043728,-9.318245690369106e-07,-0.1711984205183808,-0.0006530175495896029,-0.036368381825789164,-0.8682455769824753,-5.1168013771362863e-05,0.0,-0.2,0.0,1.5707963267948966,1.5707963267948966,-2.962962962962963,-2.962962962962963,1.5707866098936387,1.5707883073215934,-2.786046829663208,-2.7765281423729844,0.00022235344275250816,-2.1341395687743985e-05
Y-,9.4,5.9,32.001792565999494,0.0,-0.03563560502965689,-0.8969599522718597,-2.3390136202513455e-05,3.316809667578213e-05,-0.14666479652426595,-0.0002604366286937045,-0.04120146656768967,-0.8977734429769934,-0.0022585090896980573,-1.5714164229218537e-06,-0.17716801285231998,-0.0010104258365432972,-0.036360290802942306,-0.9014110427671149,-5.0305539366685104e-05,0.0,-0.2,0.0,1.5707963267948966,1.5707963267948966,-2.962962962962963,-2.962962962962963,1.5707862566631254,1.5707867319736986,-2.8183289885905345,-2.808602270942375,-0.0018633663749145655,-2.2877991962427907e-05
Y-,9.5,6.0,32.03176162800082,0.09999999999999964,-0.03563518945101553,-0.8997564141526593,-2.560272330030521e-05,3.470381355383535e-05,-0.14406419088250746,-0.00024120287159394685,-0.04120146656768967,-0.8977734429769934,-0.0022585090896980573,-1.5714164229218537e-06,-0.17716801285231998,-0.0010104258365432972,-0.036360290802942306,-0.9014110427671149,-5.0305539366685104e-05,0.0,-0.2,0.0,1.5707963267948966,1.5707963267948966,-2.962962962962963,-2.962962962962963,1.5707858809182875,1.5707848958244632,-2.856912764283097,-2.847982249992047,-0.0004586900405186957,-2.5278502686939462e-05
Y-,9.5,6.0,32.064263275002304,0.0,-0.03563496339934939,-0.9013524542017252,-2.676794710025345e-05,3.677943425803239e-05,-0.14240987122009413,-0.0002400522236264611,-0.04120146656768967,-0.8977734429769934,-0.0022585090896980573,-1.5714164229218537e-06,-0.17716801285231998,-0.0010104258365432972,-0.036360290802942306,-0.9014110427671149,-5.0305539366685104e-05,0.0,-0.2,0.0,1.5707963267948966,1.5707963267948966,-2.962962962962963,-2.962962962962963,1.5707857019924454,1.570783887995157,-2.878814249254646,-2.8706296533841784,0.0019490129544538217,-2.634381915281835e-05
Y-,9.5,6.0,32.09129219700117,0.0,-0.03563496339934939,-0.9013524542017252,-2.676794710025345e-05,3.677943425803239e-05,-0.14240987122009413,-0.0002400522236264611,-0.04120146656768967,-0.8977734429769934,-0.0022585090896980573,-1.5714164229218537e-06,-0.17716801285231998,-0.0010104258365432972,-0.036360290802942306,-0.9014110427671149,-5.0305539366685104e-05,0.0,-0.2,0.0,1.5707963267948966,1.5707963267948966,-2.962962962962963,-2.962962962962963,1.5707857019924454,1.570783887995157,-2.878814249254646,-2.8706296533841784,0.0019490129544538217,-2.634381915281835e-05
Y-,9.5,6.0,32.11613916100032,0.0,-0.03563496339934939,-0.9013524542017252,-2.676794710025345e-05,3.677943425803239e-05,-0.14240987122009413,-0.0002400522236264611,-0.04120146656768967,-0.8977734429769934,-0.0022585090896980573,-1.5714164229218537e-06,-0.17716801285231998,-0.0010104258365432972,-0.036360290802942306,-0.9014110427671149,-5.0305539366685104e-05,0.0,-0.2,0.0,1.5707963267948966,1.5707963267948966,-2.962962962962963,-2.962962962962963,1.5707857019924454,1.570783887995157,-2.878814249254646,-2.8706296533841784,0.0019490129544538217,-2.634381915281835e-05
Y-,9.5,6.0,32.1443609980015,0.0,-0.03563496339934939,-0.9013524542017252,-2.676794710025345e-05,3.677943425803239e-05,-0.14240987122009413,-0.0002400522236264611,-0.04120146656768967,-0.8977734429769934,-0.0022585090896980573,-1.5714164229218537e-06,-0.17716801285231998,-0.0010104258365432972,-0.036360290802942306,-0.9014110427671149,-5.0305539366685104e-05,0.0,-0.2,0.0,1.5707963267948966,1.5707963267948966,-2.962962962962963,-2.962962962962963,1.5707857019924454,1.570783887995157,-2.878814249254646,-2.8706296533841784,0.0019490129544538217,-2.634381915281835e-05
Y-,9.5,6.0,32.17152246400292,0.0,-0.03563496339934939,-0.9013524542017252,-2.676794710025345e-05,3.677943425803239e-05,-0.14240987122009413,-0.0002400522236264611,-0.04120146656768967,-0.8977734429769934,-0.0022585090896980573,-1.5714164229218537e-06,-0.17716801285231998,-0.0010104258365432972,-0.036360290802942306,-0.9014110427671149,-5.0305539366685104e-05,0.0,-0.2,0.0,1.5707963267948966,1.5707963267948966,-2.962962962962963,-2.962962962962963,1.5707857019924454,1.570783887995157,-2.878814249254646,-2.8706296533841784,0.0019490129544538217,-2.634381915281835e-05
Y-,9.5,6.0,32.19533828900239,0.0,-0.03563496339934939,-0.9013524542017252,-2.676794710025345e-05,3.677943425803239e-05,-0.14240987122009413,-0.0002400522236264611,-0.04120146656768967,-0.8977734429769934,-0.0022585090896980573,-1.5714164229218537e-06,-0.17716801285231998,-0.0010104258365432972,-0.036360290802942306,-0.9014110427671149,-5.0305539366685104e-05,0.0,-0.2,0.0,1.5707963267948966,1.5707963267948966,-2.962962962962963,-2.962962962962963,1.5707857019924454,1.570783887995157,-2.878814249254646,-2.8706296533841784,0.0019490129544538217,-2.634381915281835e-05
Y-,9.5,6.0,32.23112037700048,0.0,-0.03563496339934939,-0.9013524542017252,-2.676794710025345e-05,3.677943425803239e-05,-0.14240987122009413,-0.0002400522236264611,-0.04120146656768967,-0.8977734429769934,-0.0022585090896980573,-1.5714164229218537e-06,-0.17716801285231998,-0.0010104258365432972,-0.036360290802942306,-0.9014110427671149,-5.0305539366685104e-05,0.0,-0.2,0.0,1.5707963267948966,1.5707963267948966,-2.962962962962963,-2.962962962962963,1.5707857019924454,1.570783887995157,-2.878814249254646,-2.8706296533841784,0.0019490129544538217,-2.634381915281835e-05
Y-,9.5,6.0,32.26207906200216,0.0,-0.03563496339934939,-0.9013524542017252,-2.676794710025345e-05,3.677943425803239e-05,-0.14240987122009413,-0.0002400522236264611,-0.04120146656768967,-0.8977734429769934,-0.0022585090896980573,-1.5714164229218537e-06,-0.17716801285231998,-0.0010104258365432972,-0.036360290802942306,-0.9014110427671149,-5.0305539366685104e-05,0.0,-0.2,0.0,1.5707963267948966,1.5707963267948966,-2.962962962962963,-2.962962962962963,1.5707857019924454,1.570783887995157,-2.878814249254646,-2.8706296533841784,0.0019490129544538217,-2.634381915281835e-05
Y-,9.5,6.0,32.285799419001705,0.0,-0.03563496339934939,-0.9013524542017252,-2.676794710025345e-05,3.677943425803239e-05,-0.14240987122009413,-0.0002400522236264611,-0.04120146656768967,-0.8977734429769934,-0.0022585090896980573,-1.5714164229218537e-06,-0.17716801285231998,-0.0010104258365432972,-0.036360290802942306,-0.9014110427671149,-5.0305539366685104e-05,0.0,-0.2,0.0,1.5707963267948966,1.5707963267948966,-2.962962962962963,-2.962962962962963,1.5707857019924454,1.570783887995157,-2.878814249254646,-2.8706296533841784,0.0019490129544538217,-2.634381915281835e-05
Y-,9.5,6.0,32.31036095899981,0.0,-0.03563496339934939,-0.9013524542017252,-2.676794710025345e-05,3.677943425803239e-05,-0.14240987122009413,-0.0002400522236264611,-0.04120146656768967,-0.8977734429769934,-0.0022585090896980573,-1.5714164229218537e-06,-0.17716801285231998,-0.0010104258365432972,-0.036360290802942306,-0.9014110427671149,-5.0305539366685104e-05,0.0,-0.2,0.0,1.5707963267948966,1.5707963267948966,-2.962962962962963,-2.962962962962963,1.5707857019924454,1.570783887995157,-2.878814249254646,-2.8706296533841784,0.0019490129544538217,-2.634381915281835e-05
Y-,9.5,6.0,32.33863114500127,0.0,-0.03563475933174226,-0.9027875388607679,-2.784993396472896e-05,3.934947752087754e-05,-0.1408010241335817,-0.00024469580792514797,-0.04120146656768967,-0.8977734429769934,-0.0022585090896980573,-1.5714164229218537e-06,-0.17716801285231998,-0.0010104258365432972,-0.036360290802942306,-0.9014110427671149,-5.0305539366685104e-05,0.0,-0.2,0.0,1.5707963267948966,1.5707963267948966,-2.962962962962963,-2.962962962962963,1.5707855195133105,1.5707828117250484,-2.902374422190173,-2.895230349988495,-0.0033823252171867758,-2.7411933706990017e-05
Y-,9.5,6.0,32.36398391500188,0.0,-0.035634468566790485,-0.9047693756948193,-2.9444892867765506e-05,4.337018891634764e-05,-0.13836964593292636,-0.00025188888702158745,-0.04120146656768967,-0.8977734429769934,-0.0022585090896980573,-1.5714164229218537e-06,-0.17716801285231998,-0.0010104258365432972,-0.036360290802942306,-0.9014110427671149,-5.0305539366685104e-05,0.0,-0.2,0.0,1.5707963267948966,1.5707963267948966,-2.962962962962963,-2.962962962962963,1.5707853293933773,1.5707816635289324,-2.9273082492067104,-2.921548565110802,-0.0001732964942647078,-2.852281038438139e-05
Y-,9.5,6.0,32.391494344999956,0.0,-0.03563414254571786,-0.906992108258353,-3.1315425136197535e-05,4.804185983477137e-05,-0.13532959559798716,-0.0002539533128731636,-0.04120146656768967,-0.8977734429769934,-0.0022585090896980573,-1.5714164229218537e-06,-0.17716801285231998,-0.0010104258365432972,-0.036360290802942306,-0.9014110427671149,-5.0305539366685104e-05,0.0,-0.2,0.0,1.5707963267948966,1.5707963267948966,-2.962962962962963,-2.962962962962963,1.570784913707688,1.5707791920731404,-2.978769363697168,-2.9766062298102978,-0.0011395470662246996,-3.085071684602004e-05
Y-,9.5,6.0,32.43161689000044,0.0,-0.0356337275447437,-0.9099677726779831,-3.37761177410377e-05,5.3812385671762585e-05,-0.13074916641493922,-0.0002468796253269651,-0.0412449557544858,-0.9169018457155189,-0.0022628558642252337,-2.8744115124120767e-06,-0.19128452173502614,-4.3467745271760255e-05,-0.03636029600295191,-0.9028103561789635,-0.0001430805451354546,0.0,-0.2,0.0,1.5707963267948966,1.5707963267948966,-2.962962962962963,-2.962962962962963,1.5707844462853808,1.5707766827812621,-3.0243223304790305,-3.025026796916415,0.0005692087908797773,-3.324086534353541e-05
Y-,9.600000000000001,6.100000000000001,32.45650048300013,0.10000000000000142,-0.035633484419977504,-0.9120692015195633,-3.5302581114742665e-05,5.5042212139109914e-05,-0.12725476924221205,-0.00021990295204195204,-0.0412449557544858,-0.9169018457155189,-0.0022628558642252337,-2.8744115124120767e-06,-0.19128452173502614,-4.3467745271760255e-05,-0.03636029600295191,-0.9028103561789635,-0.0001430805451354546,0.0,-0.2,0.0,1.5707963267948966,1.5707963267948966,-2.962962962962963,-2.962962962962963,1.5707842114582435,1.5707755627119715,-3.04034930724879,-3.0408489226573923,-0.0007379056797115252,-3.513749828518346e-05
Y-,9.600000000000001,6.100000000000001,32.4903088400024,0.0,-0.03563312906478748,-0.9146203106460224,-3.701035042340763e-05,7.831798229200547e-05,-0.12298657704213467,-0.0002533853892524384,-0.0412449557544858,-0.9169018457155189,-0.0022628558642252337,-2.8744115124120767e-06,-0.19128452173502614,-4.3467745271760255e-05,-0.03636029600295191,-0.9028103561789635,-0.0001430805451354546,0.0,-0.2,0.0,1.5707963267948966,1.5707963267948966,-2.962962962962963,-2.962962962962963,1.5707836664705352,1.5707738622432528,-3.0356981839237065,-3.020469914352685,-0.0017859120939780328,-3.68749245408485e-05
Y-,9.600000000000001,6.100000000000001,32.52045277400248,0.0,-0.03563307408232491,-0.9148709109040545,-3.728720196231334e-05,7.703170097802083e-05,-0.12258118675764526,-0.0002568007214260951,-0.0412449557544858,-0.9169018457155189,-0.0022628558642252337,-2.8744115124120767e-06,-0.19128452173502614,-4.3467745271760255e-05,-0.03636029600295191,-0.9028103561789635,-0.0001430805451354546,0.0,-0.2,0.0,1.5707963267948966,1.5707963267948966,-2.962962962962963,-2.962962962962963,1.5707836664705352,1.5707738622432528,-3.0356981839237065,-3.020469914352685,-0.0017859120939780328,-3.68749245408485e-05
Y-,9.600000000000001,6.100000000000001,32.54568664200269,0.0,-0.03563307408232491,-0.9148709109040545,-3.728720196231334e-05,7.703170097802083e-05,-0.12258118675764526,-0.0002568007214260951,-0.0412449557544858,-0.9169018457155189,-0.0022628558642252337,-2.8744115124120767e-06,-0.19128452173502614,-4.3467745271760255e-05,-0.03636029600295191,-0.9028103561789635,-0.0001430805451354546,0.0,-0.2,0.0,1.5707963267948966,1.5707963267948966,-2.962962962962963,-2.962962962962963,1.5707836664705352,1.5707738622432528,-3.0356981839237065,-3.020469914352685,-0.0017859120939780328,-3.68749245408485e-05
Y-,9.600000000000001,6.100000000000001,32.592336469002475,0.0,-0.03563307408232491,-0.9148709109040545,-3.728720196231334e-05,7.703170097802083e-05,-0.12258118675764526,-0.0002568007214260951,-0.0412449557544858,-0.9169018457155189,-0.0022628558642252337,-2.8744115124120767e-06,-0.19128452173502614,-4.3467745271760255e-05,-0.03636029600295191,-0.9028103561789635,-0.0001430805451354546,0.0,-0.2,0.0,1.5707963267948966,1.5707963267948966,-2.962962962962963,-2.962962962962963,1.5707836664705352,1.5707738622432528,-3.0356981839237065,-3.020469914352685,-0.0017859120939780328,-3.68749245408485e-05
Y-,9.600000000000001,6.100000000000001,32.62368436900215,0.0,-0.03563307408232491,-0.9148709109040545,-3.728720196231334e-05,7.703170097802083e-05,-0.12258118675764526,-0.0002568007214260951,-0.0412449557544858,-0.9169018457155189,-0.0022628558642252337,-2.8744115124120767e-06,-0.19128452173502614,-4.3467745271760255e-05,-0.03636029600295191,-0.9028103561789635,-0.0001430805451354546,0.0,-0.2,0.0,1.5707963267948966,1.5707963267948966,-2.962962962962963,-2.962962962962963,1.5707836664705352,1.5707738622432528,-3.0356981839237065,-3.020469914352685,-0.0017859120939780328,-3.68749245408485e-05
Y-,9.600000000000001,6.100000000000001,32.656718264999654,0.0,-0.03563307408232491,-0.9148709109040545,-3.728720196231334e-05,7.703170097802083e-05,-0.12258118675764526,-0.0002568007214260951,-0.0412449557544858,-0.9169018457155189,-0.0022628558642252337,-2.8744115124120767e-06,-0.19128452173502614,-4.3467745271760255e-05,-0.03636029600295191,-0.9028103561789635,-0.0001430805451354546,0.0,-0.2,0.0,1.5707963267948966,1.5707963267948966,-2.962962962962963,-2.962962962962963,1.5707836664705352,1.5707738622432528,-3.0356981839237065,-3.020469914352685,-0.0017859120939780328,-3.68749245408485e-05
Y-,9.600000000000001,6.100000000000001,32.68273243099975,0.0,-0.03563307408232491,-0.9148709109040545,-3.728720196231334e-05,7.703170097802083e-05,-0.12258118675764526,-0.0002568007214260951,-0.0412449557544858,-0.9169018457155189,-0.0022628558642252337,-2.8744115124120767e-06,-0.19128452173502614,-4.3467745271760255e-05,-0.03636029600295191,-0.9028103561789635,-0.0001430805451354546,0.0,-0.2,0.0,1.5707963267948966,1.5707963267948966,-2.962962962962963,-2.962962962962963,1.5707836664705352,1.5707738622432528,-3.0356981839237065,-3.020469914352685,-0.0017859120939780328,-3.68749245408485e-05
Y-,9.600000000000001,6.100000000000001,32.70931526400091,0.0,-0.03563307408232491,-0.9148709109040545,-3.728720196231334e-05,7.703170097802083e-05,-0.12258118675764526,-0.0002568007214260951,-0.0412449557544858,-0.9169018457155189,-0.0022628558642252337,-2.8744115124120767e-06,-0.19128452173502614,-4.3467745271760255e-05,-0.03636029600295191,-0.9028103561789635,-0.0001430805451354546,0.0,-0.2,0.0,1.5707963267948966,1.5707963267948966,-2.962962962962963,-2.962962962962963,1.5707836664705352,1.5707738622432528,-3.0356981839237065,-3.020469914352685,-0.0017859120939780328,-3.68749245408485e-05
Y-,9.600000000000001,6.100000000000001,32.73723190400051,0.0,-0.03563307408232491,-0.9148709109040545,-3.728720196231334e-05,7.703170097802083e-05,-0.12258118675764526,-0.0002568007214260951,-0.0412449557544858,-0.9169018457155189,-0.0022628558642252337,-2.8744115124120767e-06,-0.19128452173502614,-4.3467745271760255e-05,-0.03636029600295191,-0.9028103561789635,-0.0001430805451354546,0.0,-0.2,0.0,1.5707963267948966,1.5707963267948966,-2.962962962962963,-2.962962962962963,1.5707836664705352,1.5707738622432528,-3.0356981839237065,-3.020469914352685,-0.0017859120939780328,-3.68749245408485e-05
Y-,9.600000000000001,6.100000000000001,32.766515559000254,0.0,-0.03563307408232491,-0.9148709109040545,-3.728720196231334e-05,7.703170097802083e-05,-0.12258118675764526,-0.0002568007214260951,-0.0412449557544858,-0.9169018457155189,-0.0022628558642252337,-2.8744115124120767e-06,-0.19128452173502614,-4.3467745271760255e-05,-0.03636029600295191,-0.9028103561789635,-0.0001430805451354546,0.0,-0.2,0.0,1.5707963267948966,1.5707963267948966,-2.962962962962963,-2.962962962962963,1.5707836664705352,1.5707738622432528,-3.0356981839237065,-3.020469914352685,-0.0017859120939780328,-3.68749245408485e-05
Y-,9.600000000000001,6.100000000000001,32.80122312300227,0.0,-0.03563307408232491,-0.9148709109040545,-3.728720196231334e-05,7.703170097802083e-05,-0.12258118675764526,-0.0002568007214260951,-0.0412449557544858,-0.9169018457155189,-0.0022628558642252337,-2.8744115124120767e-06,-0.19128452173502614,-4.3467745271760255e-05,-0.03636029600295191,-0.9028103561789635,-0.0001430805451354546,0.0,-0.2,0.0,1.5707963267948966,1.5707963267948966,-2.962962962962963,-2.962962962962963,1.5707836664705352,1.5707738622432528,-3.0356981839237065,-3.020469914352685,-0.0017859120939780328,-3.68749245408485e-05
Y-,9.600000000000001,6.100000000000001,32.829499441002554,0.0,-0.03563307408232491,-0.9148709109040545,-3.728720196231334e-05,7.703170097802083e-05,-0.12258118675764526,-0.0002568007214260951,-0.0412449557544858,-0.9169018457155189,-0.0022628558642252337,-2.8744115124120767e-06,-0.19128452173502614,-4.3467745271760255e-05,-0.03636029600295191,-0.9028103561789635,-0.0001430805451354546,0.0,-0.2,0.0,1.5707963267948966,1.5707963267948966,-2.962962962962963,-2.962962962962963,1.5707836664705352,1.5707738622432528,-3.0356981839237065,-3.020469914352685,-0.0017859120939780328,-3.68749245408485e-05
Y-,9.600000000000001,6.100000000000001,32.85444952800026,0.0,-0.03563307408232491,-0.9148709109040545,-3.728720196231334e-05,7.703170097802083e-05,-0.12258118675764526,-0.0002568007214260951,-0.0412449557544858,-0.9169018457155189,-0.0022628558642252337,-2.8744115124120767e-06,-0.19128452173502614,-4.3467745271760255e-05,-0.03636029600295191,-0.9028103561789635,-0.0001430805451354546,0.0,-0.2,0.0,1.5707963267948966,1.5707963267948966,-2.962962962962963,-2.962962962962963,1.5707836664705352,1.5707738622432528,-3.0356981839237065,-3.020469914352685,-0.0017859120939780328,-3.68749245408485e-05
Y-,9.600000000000001,6.100000000000001,32.87982495400138,0.0,-0.03563307408232491,-0.9148709109040545,-3.728720196231334e-05,7.703170097802083e-05,-0.12258118675764526,-0.0002568007214260951,-0.0412449557544858,-0.9169018457155189,-0.0022628558642252337,-2.8744115124120767e-06,-0.19128452173502614,-4.3467745271760255e-05,-0.03636029600295191,-0.9028103561789635,-0.0001430805451354546,0.0,-0.2,0.0,1.5707963267948966,1.5707963267948966,-2.962962962962963,-2.962962962962963,1.5707836664705352,1.5707738622432528,-3.0356981839237065,-3.020469914352685,-0.0017859120939780328,-3.68749245408485e-05
Y-,9.600000000000001,6.100000000000001,32.904452693001076,0.0,-0.03563307408232491,-0.9148709109040545,-3.728720196231334e-05,7.703170097802083e-05,-0.12258118675764526,-0.0002568007214260951,-0.0412449557544858,-0.9169018457155189,-0.0022628558642252337,-2.8744115124120767e-06,-0.19128452173502614,-4.3467745271760255e-05,-0.03636029600295191,-0.9028103561789635,-0.0001430805451354546,0.0,-0.2,0.0,1.5707963267948966,1.5707963267948966,-2.962962962962963,-2.962962962962963,1.5707836664705352,1.5707738622432528,-3.0356981839237065,-3.020469914352685,-0.0017859120939780328,-3.68749245408485e-05
Y-,9.600000000000001,6.100000000000001,32.933858693999355,0.0,-0.03563307408232491,-0.9148709109040545,-3.728720196231334e-05,7.703170097802083e-05,-0.12258118675764526,-0.0002568007214260951,-0.0412449557544858,-0.9169018457155189,-0.0022628558642252337,-2.8744115124120767e-06,-0.19128452173502614,-4.3467745271760255e-05,-0.03636029600295191,-0.9028103561789635,-0.0001430805451354546,0.0,-0.2,0.0,1.5707963267948966,1.5707963267948966,-2.962962962962963,-2.962962962962963,1.5707836664705352,1.5707738622432528,-3.0356981839237065,-3.020469914352685,-0.0017859120939780328,-3.68749245408485e-05
Y-,9.600000000000001,6.100000000000001,32.96500761000061,0.0,-0.03563293234097427,-0.9156180002330597,-3.8120430589319525e-05,5.740344275805737e-05,-0.12140151428842341,-0.00022498761818567453,-0.0412449557544858,-0.9169018457155189,-0.0022628558642252337,-2.8744115124120767e-06,-0.19128452173502614,-4.3467745271760255e-05,-0.03636029600295191,-0.9028103561789635,-0.0001430805451354546,0.0,-0.2,0.0,1.5707963267948966,1.5707963267948966,-2.962962962962963,-2.962962962962963,1.5707836664705352,1.5707738622432528,-3.0356981839237065,-3.020469914352685,-0.0010921211558268975,-3.8236439003049846e-05
Y-,9.600000000000001,6.100000000000001,33.00088969600256,0.0,-0.03563340300381873,-0.9186616550240069,-3.4725303548765534e-05,-3.9714039187702494e-05,-0.11729530939842023,0.00028443930768310896,-0.0412449557544858,-0.9169018457155189,-0.0022628558642252337,-2.8744115124120767e-06,-0.19128452173502614,-4.3467745271760255e-05,-0.03636029600295191,-0.9028103561789635,-0.0001430805451354546,0.0,-0.2,0.0,1.5707963267948966,1.5707963267948966,-2.962962962962963,-2.962962962962963,1.5707858323107766,1.5707808478143441,-2.921235299230442,-2.8738287825317723,-0.004723859705676393,-3.5841201126489105e-05
Y-,9.600000000000001,6.100000000000001,33.029806320002535,0.0,-0.03563393966842968,-0.9206768543404097,-3.336767203563383e-05,-0.000165809873330694,-0.11525288400241473,0.00041485918914666063,-0.0412449557544858,-0.9169018457155189,-0.0022628558642252337,-2.8744115124120767e-06,-0.19128452173502614,-4.3467745271760255e-05,-0.03636029600295191,-0.9028103561789635,-0.0001430805451354546,0.0,-0.2,0.0,1.5707963267948966,1.5707963267948966,-2.962962962962963,-2.962962962962963,1.5707930863695552,1.5707962139828524,-2.7813427635871544,-2.7182988773227375,-0.0007154174706174486,-3.362257722349157e-05
Y-,9.600000000000001,6.100000000000001,33.060447498999565,0.0,-0.03563412822197193,-0.9218477247629662,-3.263902441415149e-05,1.688958111023462e-05,-0.11468798507878113,8.965911257061052e-05,-0.041284622397678626,-0.9344181594282198,-0.002932078098798107,-2.9682258511588055e-07,-0.17516358626251444,-0.006692222345728733,-0.03636029600295191,-0.9028103561789635,-0.00014308054513545505,0.0,-0.2,0.0,1.5707963267948966,1.5707963267948966,-2.962962962962963,-2.962962962962963,1.5707963112912111,1.570803067890262,-2.6736712572514953,-2.5997912127822023,0.0009827183405004287,-3.2551214819055414e-05
Y-,9.700000000000001,6.200000000000001,33.088687094001216,0.09999999999999964,-0.035633475590269297,-0.9241809714182406,-3.208039030398927e-05,-3.5952209684408424e-05,-0.11500523179813646,0.00020032592981233835,-0.041284622397678626,-0.9344181594282198,-0.002932078098798107,5.568650412753722e-07,-0.16795977966869188,-0.007842500110745648,-0.036372080082845315,-0.9417300653894467,-0.00034763120882486185,0.0,-0.2,0.0,1.5707963267948966,1.5707963267948966,-2.962962962962963,-2.962962962962963,1.5707966350955358,1.5707993867195942,-2.5463137944658514,-2.4227510097938794,0.0016232117537004621,-3.2347372720446683e-05
Y-,9.700000000000001,6.200000000000001,33.12057434400049,0.0,-0.035631446934161676,-0.9266923970757636,-2.3807676992353413e-05,0.0005200220962292073,-0.11964789599946626,0.0006733712270029335,-0.041284622397678626,-0.9344181594282198,-0.002932078098798107,5.568650412753722e-07,-0.16795977966869188,-0.007842500110745648,-0.036372080082845315,-0.9417300653894467,-0.00034763120882486185,0.0,-0.2,0.0,1.5707963267948966,1.5707963267948966,-2.962962962962963,-2.962962962962963,1.570788368441982,1.5707769746722962,-1.9885270333579894,-1.8577051328582936,-0.0009208567204619312,-2.43935102237952e-05
Y-,9.700000000000001,6.200000000000001,33.158171254999615,0.0,-0.03562930545942286,-0.9274317506643376,-1.9993402267582163e-05,0.0006479313403255096,-0.12121729004469545,0.000753950904359461,-0.041284622397678626,-0.9344181594282198,-0.002932078098798107,5.568650412753722e-07,-0.16795977966869188,-0.007842500110745648,-0.036372080082845315,-0.9417300653894467,-0.00034763120882486185,0.0,-0.2,0.0,1.5707963267948966,1.5707963267948966,-2.962962962962963,-2.962962962962963,1.570788368441982,1.5707769746722962,-1.9885270333579894,-1.8577051328582936,-0.0009208567204619312,-2.43935102237952e-05
Y-,9.700000000000001,6.200000000000001,33.18708433400025,0.0,-0.03562930545942286,-0.9274317506643376,-1.9993402267582163e-05,0.0006479313403255096,-0.12121729004469545,0.000753950904359461,-0.041284622397678626,-0.9344181594282198,-0.002932078098798107,5.568650412753722e-07,-0.16795977966869188,-0.007842500110745648,-0.036372080082845315,-0.9417300653894467,-0.00034763120882486185,0.0,-0.2,0.0,1.5707963267948966,1.5707963267948966,-2.962962962962963,-2.962962962962963,1.570788368441982,1.5707769746722962,-1.9885270333579894,-1.8577051328582936,-0.0009208567204619312,-2.43935102237952e-05
Y-,9.700000000000001,6.200000000000001,33.21481772400148,0.0,-0.03562930545942286,-0.9274317506643376,-1.9993402267582163e-05,0.0006479313403255096,-0.12121729004469545,0.000753950904359461,-0.041284622397678626,-0.9344181594282198,-0.002932078098798107,5.568650412753722e-07,-0.16795977966869188,-0.007842500110745648,-0.036372080082845315,-0.9417300653894467,-0.00034763120882486185,0.0,-0.2,0.0,1.5707963267948966,1.5707963267948966,-2.962962962962963,-2.962962962962963,1.570788368441982,1.5707769746722962,-1.9885270333579894,-1.8577051328582936,-0.0009208567204619312,-2.43935102237952e-05
Y-,9.700000000000001,6.200000000000001,33.24361369700273,0.0,-0.03562930545942286,-0.9274317506643376,-1.9993402267582163e-05,0.0006479313403255096,-0.12121729004469545,0.000753950904359461,-0.041284622397678626,-0.9344181594282198,-0.002932078098798107,5.568650412753722e-07,-0.16795977966869188,-0.007842500110745648,-0.036372080082845315,-0.9417300653894467,-0.00034763120882486185,0.0,-0.2,0.0,1.5707963267948966,1.5707963267948966,-2.962962962962963,-2.962962962962963,1.570788368441982,1.5707769746722962,-1.9885270333579894,-1.8577051328582936,-0.0009208567204619312,-2.43935102237952e-05
Y-,9.700000000000001,6.200000000000001,33.27364975599994,0.0,-0.03562930545942286,-0.9274317506643376,-1.9993402267582163e-05,0.0006479313403255096,-0.12121729004469545,0.000753950904359461,-0.041284622397678626,-0.9344181594282198,-0.002932078098798107,5.568650412753722e-07,-0.16795977966869188,-0.007842500110745648,-0.036372080082845315,-0.9417300653894467,-0.00034763120882486185,0.0,-0.2,0.0,1.5707963267948966,1.5707963267948966,-2.962962962962963,-2.962962962962963,1.570788368441982,1.5707769746722962,-1.9885270333579894,-1.8577051328582936,-0.0009208567204619312,-2.43935102237952e-05
Y-,9.700000000000001,6.200000000000001,33.30519226900287,0.0,-0.03562930545942286,-0.9274317506643376,-1.9993402267582163e-05,0.0006479313403255096,-0.12121729004469545,0.000753950904359461,-0.041284622397678626,-0.9344181594282198,-0.002932078098798107,5.568650412753722e-07,-0.16795977966869188,-0.007842500110745648,-0.036372080082845315,-0.9417300653894467,-0.00034763120882486185,0.0,-0.2,0.0,1.5707963267948966,1.5707963267948966,-2.962962962962963,-2.962962962962963,1.570788368441982,1.5707769746722962,-1.9885270333579894,-1.8577051328582936,-0.0009208567204619312,-2.43935102237952e-05
Y-,9.700000000000001,6.200000000000001,33.33205871500104,0.0,-0.03562930545942286,-0.9274317506643376,-1.9993402267582163e-05,0.0006479313403255096,-0.12121729004469545,0.000753950904359461,-0.041284622397678626,-0.9344181594282198,-0.002932078098798107,5.568650412753722e-07,-0.16795977966869188,-0.007842500110745648,-0.036372080082845315,-0.9417300653894467,-0.00034763120882486185,0.0,-0.2,0.0,1.5707963267948966,1.5707963267948966,-2.962962962962963,-2.962962962962963,1.570788368441982,1.5707769746722962,-1.9885270333579894,-1.8577051328582936,-0.0009208567204619312,-2.43935102237952e-05
Y-,9.700000000000001,6.200000000000001,33.358425956001156,0.0,-0.03562930545942286,-0.9274317506643376,-1.9993402267582163e-05,0.0006479313403255096,-0.12121729004469545,0.000753950904359461,-0.041284622397678626,-0.9344181594282198,-0.002932078098798107,5.568650412753722e-07,-0.16795977966869188,-0.007842500110745648,-0.036372080082845315,-0.9417300653894467,-0.00034763120882486185,0.0,-0.2,0.0,1.5707963267948966,1.5707963267948966,-2.962962962962963,-2.962962962962963,1.570788368441982,1.5707769746722962,-1.9885270333579894,-1.8577051328582936,-0.0009208567204619312,-2.43935102237952e-05
Y-,9.700000000000001,6.200000000000001,33.385477069001354,0.0,-0.03562930545942286,-0.9274317506643376,-1.9993402267582163e-05,0.0006479313403255096,-0.12121729004469545,0.000753950904359461,-0.041284622397678626,-0.9344181594282198,-0.002932078098798107,5.568650412753722e-07,-0.16795977966869188,-0.007842500110745648,-0.036372080082845315,-0.9417300653894467,-0.00034763120882486185,0.0,-0.2,0.0,1.5707963267948966,1.5707963267948966,-2.962962962962963,-2.962962962962963,1.570788368441982,1.5707769746722962,-1.9885270333579894,-1.8577051328582936,-0.0009208567204619312,-2.43935102237952e-05
Y-,9.700000000000001,6.200000000000001,33.41334082300091,0.0,-0.03562930545942286,-0.9274317506643376,-1.9993402267582163e-05,0.0006479313403255096,-0.12121729004469545,0.000753950904359461,-0.041284622397678626,-0.9344181594282198,-0.002932078098798107,5.568650412753722e-07,-0.16795977966869188,-0.007842500110745648,-0.036372080082845315,-0.9417300653894467,-0.00034763120882486185,0.0,-0.2,0.0,1.5707963267948966,1.5707963267948966,-2.962962962962963,-2.962962962962963,1.570788368441982,1.5707769746722962,-1.9885270333579894,-1.8577051328582936,-0.0009208567204619312,-2.43935102237952e-05
Y-,9.700000000000001,6.200000000000001,33.44226984800116,0.0,-0.03562930545942286,-0.9274317506643376,-1.9993402267582163e-05,0.0006479313403255096,-0.12121729004469545,0.000753950904359461,-0.041284622397678626,-0.9344181594282198,-0.002932078098798107,5.568650412753722e-07,-0.16795977966869188,-0.007842500110745648,-0.036372080082845315,-0.9417300653894467,-0.00034763120882486185,0.0,-0.2,0.0,1.5707963267948966,1.5707963267948966,-2.962962962962963,-2.962962962962963,1.570788368441982,1.5707769746722962,-1.9885270333579894,-1.8577051328582936,-0.0009208567204619312,-2.43935102237952e-05
Y-,9.700000000000001,6.200000000000001,33.47545352400266,0.0,-0.03562930545942286,-0.9274317506643376,-1.9993402267582163e-05,0.0006479313403255096,-0.12121729004469545,0.000753950904359461,-0.041284622397678626,-0.9344181594282198,-0.002932078098798107,5.568650412753722e-07,-0.16795977966869188,-0.007842500110745648,-0.036372080082845315,-0.9417300653894467,-0.00034763120882486185,0.0,-0.2,0.0,1.5707963267948966,1.5707963267948966,-2.962962962962963,-2.962962962962963,1.570788368441982,1.5707769746722962,-1.9885270333579894,-1.8577051328582936,-0.0009208567204619312,-2.43935102237952e-05
Y-,9.700000000000001,6.200000000000001,33.50241279900001,0.0,-0.035625966710805194,-0.9290752723770992,-7.928340878865282e-06,0.0002671456865424491,-0.125886994164161,0.0013252284519227257,-0.041284622397678626,-0.9344181594282198,-0.002932078098798107,5.568650412753722e-07,-0.16795977966869188,-0.007842500110745648,-0.036372080082845315,-0.9417300653894467,-0.00034763120882486185,0.0,-0.2,0.0,1.5707963267948966,1.5707963267948966,-2.962962962962963,-2.962962962962963,1.5707842486405834,1.5707723915318166,-1.7493041699328193,-1.6368305602476627,0.002872185207269299,-1.6049159063971086e-05
Y-,9.700000000000001,6.200000000000001,33.53178645099979,0.0,-0.03562542590012701,-0.931455843683255,8.005517502246747e-06,3.124359971391124e-05,-0.1331345357344731,0.000983085684706119,-0.041284622397678626,-0.9344181594282198,-0.002932078098798107,5.568650412753722e-07,-0.16795977966869188,-0.007842500110745648,-0.036372080082845315,-0.9417300653894467,-0.00034763120882486185,0.0,-0.2,0.0,1.5707963267948966,1.5707963267948966,-2.962962962962963,-2.962962962962963,1.5707855035595601,1.5707743142919588,-1.6911669547266237,-1.5795292258758105,0.00372447102321795,2.809405761677219e-06
Y-,9.700000000000001,6.200000000000001,33.56480259100135,0.0,-0.03562614503953985,-0.9339686303627951,1.4151852141187766e-05,1.9317589459842545e-05,-0.140987453020881,0.00021615568577666608,-0.041284622397678626,-0.9344181594282198,-0.002932078098798107,5.568650412753722e-07,-0.16795977966869188,-0.007842500110745648,-0.036372080082845315,-0.9417300653894467,-0.00034763120882486185,0.0,-0.2,0.0,1.5707963267948966,1.5707963267948966,-2.962962962962963,-2.962962962962963,1.5707887547285972,1.570778548899776,-1.5960990097918444,-1.4929895268443758,0.006954833876831145,1.393852188198469e-05
Y-,9.700000000000001,6.200000000000001,33.59171816300295,0.0,-0.035626739199191626,-0.9367692862450946,5.672447567005277e-06,1.1360069248880711e-05,-0.1491626595197119,-0.00022304309096699067,-0.04131359336049134,-0.9442568637635487,-0.004026603877833695,-1.2303011230374654e-06,-0.09838746988289182,-0.01094525779035588,-0.036380919771836814,-0.9550394669784161,-0.0002963320455822166,0.0,-0.2,0.0,1.5707963267948966,1.5707963267948966,-2.962962962962963,-2.962962962962963,1.5707916945945142,1.5707822732436956,-1.5626065308055848,-1.6098185353558243,0.0008235731947115126,5.896002471836915e-06
Y-,9.8,6.300000000000001,33.61892604199966,0.09999999999999964,-0.03562676086100713,-0.9398708550574094,6.5689872869940355e-06,-2.4755197535527367e-06,-0.15675988806998234,2.544663166257608e-05,-0.04131359336049134,-0.9442568637635487,-0.004026603877833695,-1.2303011230374654e-06,-0.09838746988289182,-0.01094525779035588,-0.036380919771836814,-0.9550394669784161,-0.0002963320455822166,0.0,-0.2,0.0,1.5707963267948966,1.5707963267948966,-2.962962962962963,-2.962962962962963,1.570794900256054,1.5707860567395961,-1.680049179141892,-1.7380108229685083,-0.0006407847370425142,6.546657573305458e-06
Y-,9.8,6.300000000000001,33.64475823900284,0.0,-0.0356267501666055,-0.9413121016845968,6.543536933587817e-06,-8.0098394319997e-06,-0.1597823405285068,-1.2557822313727038e-05,-0.04131359336049134,-0.9442568637635487,-0.004026603877833695,-1.2303011230374654e-06,-0.09838746988289182,-0.01094525779035588,-0.036380919771836814,-0.9550394669784161,-0.0002963320455822166,0.0,-0.2,0.0,1.5707963267948966,1.5707963267948966,-2.962962962962963,-2.962962962962963,1.5707961982052678,1.570787668109575,-1.744526028445408,-1.8019162037190402,0.003557278495503528,6.543536933587817e-06
Y-,9.8,6.300000000000001,33.68552543900296,0.0,-0.0356267501666055,-0.9413121016845968,6.543536933587817e-06,-8.0098394319997e-06,-0.1597823405285068,-1.2557822313727038e-05,-0.04131359336049134,-0.9442568637635487,-0.004026603877833695,-1.2303011230374654e-06,-0.09838746988289182,-0.01094525779035588,-0.036380919771836814,-0.9550394669784161,-0.0002963320455822166,0.0,-0.2,0.0,1.5707963267948966,1.5707963267948966,-2.962962962962963,-2.962962962962963,1.5707961982052678,1.570787668109575,-1.744526028445408,-1.8019162037190402,0.003557278495503528,6.543536933587817e-06
Y-,9.8,6.300000000000001,33.7154514060021,0.0,-0.0356267501666055,-0.9413121016845968,6.543536933587817e-06,-8.0098394319997e-06,-0.1597823405285068,-1.2557822313727038e-05,-0.04131359336049134,-0.9442568637635487,-0.004026603877833695,-1.2303011230374654e-06,-0.09838746988289182,-0.01094525779035588,-0.036380919771836814,-0.9550394669784161,-0.0002963320455822166,0.0,-0.2,0.0,1.5707963267948966,1.5707963267948966,-2.962962962962963,-2.962962962962963,1.5707961982052678,1.570787668109575,-1.744526028445408,-1.8019162037190402,0.003557278495503528,6.543536933587817e-06
Y-,9.8,6.300000000000001,33.746505566999986,0.0,-0.0356267501666055,-0.9413121016845968,6.543536933587817e-06,-8.0098394319997e-06,-0.1597823405285068,-1.2557822313727038e-05,-0.04131359336049134,-0.9442568637635487,-0.004026603877833695,-1.2303011230374654e-06,-0.09838746988289182,-0.01094525779035588,-0.036380919771836814,-0.9550394669784161,-0.0002963320455822166,0.0,-0.2,0.0,1.5707963267948966,1.5707963267948966,-2.962962962962963,-2.962962962962963,1.5707961982052678,1.570787668109575,-1.744526028445408,-1.8019162037190402,0.003557278495503528,6.543536933587817e-06
Y-,9.8,6.300000000000001,33.77645432000281,0.0,-0.0356267501666055,-0.9413121016845968,6.543536933587817e-06,-8.0098394319997e-06,-0.1597823405285068,-1.2557822313727038e-05,-0.04131359336049134,-0.9442568637635487,-0.004026603877833695,-1.2303011230374654e-06,-0.09838746988289182,-0.01094525779035588,-0.036380919771836814,-0.9550394669784161,-0.0002963320455822166,0.0,-0.2,0.0,1.5707963267948966,1.5707963267948966,-2.962962962962963,-2.962962962962963,1.5707961982052678,1.570787668109575,-1.744526028445408,-1.8019162037190402,0.003557278495503528,6.543536933587817e-06
Y-,9.8,6.300000000000001,33.8027813789995,0.0,-0.0356267501666055,-0.9413121016845968,6.543536933587817e-06,-8.0098394319997e-06,-0.1597823405285068,-1.2557822313727038e-05,-0.04131359336049134,-0.9442568637635487,-0.004026603877833695,-1.2303011230374654e-06,-0.09838746988289182,-0.01094525779035588,-0.036380919771836814,-0.9550394669784161,-0.0002963320455822166,0.0,-0.2,0.0,1.5707963267948966,1.5707963267948966,-2.962962962962963,-2.962962962962963,1.5707961982052678,1.570787668109575,-1.744526028445408,-1.8019162037190402,0.003557278495503528,6.543536933587817e-06
Y-,9.8,6.300000000000001,33.829349821000505,0.0,-0.0356267501666055,-0.9413121016845968,6.543536933587817e-06,-8.0098394319997e-06,-0.1597823405285068,-1.2557822313727038e-05,-0.04131359336049134,-0.9442568637635487,-0.004026603877833695,-1.2303011230374654e-06,-0.09838746988289182,-0.01094525779035588,-0.036380919771836814,-0.9550394669784161,-0.0002963320455822166,0.0,-0.2,0.0,1.5707963267948966,1.5707963267948966,-2.962962962962963,-2.962962962962963,1.5707961982052678,1.570787668109575,-1.744526028445408,-1.8019162037190402,0.003557278495503528,6.543536933587817e-06
Y-,9.8,6.300000000000001,33.85615876900192,0.0,-0.0356267501666055,-0.9413121016845968,6.543536933587817e-06,-8.0098394319997e-06,-0.1597823405285068,-1.2557822313727038e-05,-0.04131359336049134,-0.9442568637635487,-0.004026603877833695,-1.2303011230374654e-06,-0.09838746988289182,-0.01094525779035588,-0.036380919771836814,-0.9550394669784161,-0.0002963320455822166,0.0,-0.2,0.0,1.5707963267948966,1.5707963267948966,-2.962962962962963,-2.962962962962963,1.5707961982052678,1.570787668109575,-1.744526028445408,-1.8019162037190402,0.003557278495503528,6.543536933587817e-06
Y-,9.8,6.300000000000001,33.87967990800098,0.0,-0.0356267501666055,-0.9413121016845968,6.543536933587817e-06,-8.0098394319997e-06,-0.1597823405285068,-1.2557822313727038e-05,-0.04131359336049134,-0.9442568637635487,-0.004026603877833695,-1.2303011230374654e-06,-0.09838746988289182,-0.01094525779035588,-0.036380919771836814,-0.9550394669784161,-0.0002963320455822166,0.0,-0.2,0.0,1.5707963267948966,1.5707963267948966,-2.962962962962963,-2.962962962962963,1.5707961982052678,1.570787668109575,-1.744526028445408,-1.8019162037190402,0.003557278495503528,6.543536933587817e-06
Y-,9.8,6.300000000000001,33.906905662999634,0.0,-0.0356267501666055,-0.9413121016845968,6.543536933587817e-06,-8.0098394319997e-06,-0.1597823405285068,-1.2557822313727038e-05,-0.04131359336049134,-0.9442568637635487,-0.004026603877833695,-1.2303011230374654e-06,-0.09838746988289182,-0.01094525779035588,-0.036380919771836814,-0.9550394669784161,-0.0002963320455822166,0.0,-0.2,0.0,1.5707963267948966,1.5707963267948966,-2.962962962962963,-2.962962962962963,1.5707961982052678,1.570787668109575,-1.744526028445408,-1.8019162037190402,0.003557278495503528,6.543536933587817e-06
Y-,9.8,6.300000000000001,33.934709895002015,0.0,-0.0356267501666055,-0.9413121016845968,6.543536933587817e-06,-8.0098394319997e-06,-0.1597823405285068,-1.2557822313727038e-05,-0.04131359336049134,-0.9442568637635487,-0.004026603877833695,-1.2303011230374654e-06,-0.09838746988289182,-0.01094525779035588,-0.036380919771836814,-0.9550394669784161,-0.0002963320455822166,0.0,-0.2,0.0,1.5707963267948966,1.5707963267948966,-2.962962962962963,-2.962962962962963,1.5707961982052678,1.570787668109575,-1.744526028445408,-1.8019162037190402,0.003557278495503528,6.543536933587817e-06
Y-,9.8,6.300000000000001,33.9636421819996,0.0,-0.0356267501666055,-0.9413121016845968,6.543536933587817e-06,-8.0098394319997e-06,-0.1597823405285068,-1.2557822313727038e-05,-0.04131359336049134,-0.9442568637635487,-0.004026603877833695,-1.2303011230374654e-06,-0.09838746988289182,-0.01094525779035588,-0.036380919771836814,-0.9550394669784161,-0.0002963320455822166,0.0,-0.2,0.0,1.5707963267948966,1.5707963267948966,-2.962962962962963,-2.962962962962963,1.5707961982052678,1.570787668109575,-1.744526028445408,-1.8019162037190402,0.003557278495503528,6.543536933587817e-06
Y-,9.8,6.300000000000001,33.992622125002526,0.0,-0.0356267501666055,-0.9413121016845968,6.543536933587817e-06,-8.0098394319997e-06,-0.1597823405285068,-1.2557822313727038e-05,-0.04131359336049134,-0.9442568637635487,-0.004026603877833695,-1.2303011230374654e-06,-0.09838746988289182,-0.01094525779035588,-0.036380919771836814,-0.9550394669784161,-0.0002963320455822166,0.0,-0.2,0.0,1.5707963267948966,1.5707963267948966,-2.962962962962963,-2.962962962962963,1.5707961982052678,1.570787668109575,-1.744526028445408,-1.8019162037190402,0.003557278495503528,6.543536933587817e-06
Y-,9.8,6.300000000000001,34.02071699500084,0.0,-0.0356267501666055,-0.9413121016845968,6.543536933587817e-06,-8.0098394319997e-06,-0.1597823405285068,-1.2557822313727038e-05,-0.04131359336049134,-0.9442568637635487,-0.004026603877833695,-1.2303011230374654e-06,-0.09838746988289182,-0.01094525779035588,-0.036380919771836814,-0.9550394669784161,-0.0002963320455822166,0.0,-0.2,0.0,1.5707963267948966,1.5707963267948966,-2.962962962962963,-2.962962962962963,1.5707961982052678,1.570787668109575,-1.744526028445408,-1.8019162037190402,0.003557278495503528,6.543536933587817e-06
Y-,9.8,6.300000000000001,34.05027456700191,0.0,-0.035626740907335475,-0.942287151804963,6.5164504211876845e-06,-1.1648019902269632e-05,-0.1616640579508446,-8.778887673296216e-06,-0.04131359336049134,-0.9442568637635487,-0.004026603877833695,-1.2303011230374654e-06,-0.09838746988289182,-0.01094525779035588,-0.036380919771836814,-0.9550394669784161,-0.0002963320455822166,0.0,-0.2,0.0,1.5707963267948966,1.5707963267948966,-2.962962962962963,-2.962962962962963,1.5707961982052678,1.570787668109575,-1.744526028445408,-1.8019162037190402,0.003557278495503528,6.543536933587817e-06
Y-,9.8,6.300000000000001,34.07924376200026,0.0,-0.03562671686047744,-0.9447702000097299,6.606910684226693e-06,-2.017642787162247e-05,-0.16591672346241487,-1.120331743627533e-05,-0.04131359336049134,-0.9442568637635487,-0.004026603877833695,-1.2303011230374654e-06,-0.09838746988289182,-0.01094525779035588,-0.036380919771836814,-0.9550394669784161,-0.0002963320455822166,0.0,-0.2,0.0,1.5707963267948966,1.5707963267948966,-2.962962962962963,-2.962962962962963,1.570796200660861,1.570790436348438,-1.8713960989620673,-1.9259107037582543,0.002767980263447563,6.599836949780737e-06
Y-,9.8,6.300000000000001,34.10562880100042,0.0,-0.035626695228944946,-0.9474822337526774,6.693955720765728e-06,-2.7797249282138895e-05,-0.16978604504378916,-2.1827875239033775e-05,-0.04131359336049134,-0.9442568637635487,-0.004026603877833695,-1.2303011230374654e-06,-0.09838746988289182,-0.01094525779035588,-0.036380919771836814,-0.9550394669784161,-0.0002963320455822166,0.0,-0.2,0.0,1.5707963267948966,1.5707963267948966,-2.962962962962963,-2.962962962962963,1.5707962021910662,1.5707925982472624,-1.9889841817946243,-2.0386613530095277,0.0012114764780915511,6.665336239271106e-06
Y-,9.8,6.300000000000001,34.13526766400173,0.0,-0.03562667441255212,-0.9507742977172052,6.773955056293686e-06,-3.491832735121126e-05,-0.1735783035817253,-3.014398161621395e-05,-0.04131359336049134,-0.9442568637635487,-0.004026603877833695,-1.2303011230374654e-06,-0.09838746988289182,-0.01094525779035588,-0.036380919771836814,-0.9550394669784161,-0.0002963320455822166,0.0,-0.2,0.0,1.5707963267948966,1.5707963267948966,-2.962962962962963,-2.962962962962963,1.5707962027563127,1.5707934800201757,-2.042871831716002,-2.089967873989612,-0.00017128343450411728,6.750799386520491e-06
Y-,9.8,6.300000000000001,34.160943388000305,0.0,-0.03562666218488224,-0.9530641711850404,6.81460344870248e-06,-3.8837010895498514e-05,-0.1757272104029444,-3.523897124457628e-05,-0.04136786975630998,-0.9577325128562445,-0.003554007708156515,-1.5001547327395407e-07,-0.13475758397819143,0.004725961696771804,-0.03638656573331362,-0.9577200037995498,-0.0005473010577334858,0.0,-0.2,0.0,1.5707963267948966,1.5707963267948966,-2.962962962962963,-2.962962962962963,1.5707962037978618,1.5707949031812065,-2.140099994316055,-2.1820830227488677,0.0017308785232564563,6.787909684690547e-06
Y-,9.9,6.4,34.18710476600245,0.09999999999999964,-0.03562664918043472,-0.9557376510288247,6.826115575129362e-06,-4.217321445841712e-05,-0.1778102528861449,-3.860303725760347e-05,-0.04136786975630998,-0.9577325128562445,-0.003554007708156515,-1.5001547327395407e-07,-0.13475758397819143,0.004725961696771804,-0.03638656573331362,-0.9577200037995498,-0.0005473010577334858,0.0,-0.2,0.0,1.5707963267948966,1.5707963267948966,-2.962962962962963,-2.962962962962963,1.570796677629958,1.570795467630469,-2.183473668038549,-2.2230229031748534,-0.002116268540374043,6.826095784695996e-06
Y-,9.9,6.4,34.218467809001595,0.0,-0.035626630487636285,-0.9586200628719306,6.834686783064881e-06,-4.4560944929464285e-05,-0.1796181129774469,-3.5336850241361165e-05,-0.04136786975630998,-0.9577325128562445,-0.003554007708156515,-1.5001547327395407e-07,-0.13475758397819143,0.004725961696771804,-0.03638656573331362,-0.9577200037995498,-0.0005473010577334858,0.0,-0.2,0.0,1.5707963267948966,1.5707963267948966,-2.962962962962963,-2.962962962962963,1.570797526235686,1.5707963028061602,-2.260366433652063,-2.295376412434586,0.0005209452883620952,6.823937035940369e-06
Y-,9.9,6.4,34.24454906900064,0.0,-0.035626630487636285,-0.9586200628719306,6.834686783064881e-06,-4.4560944929464285e-05,-0.1796181129774469,-3.5336850241361165e-05,-0.04136786975630998,-0.9577325128562445,-0.003554007708156515,-1.5001547327395407e-07,-0.13475758397819143,0.004725961696771804,-0.03638656573331362,-0.9577200037995498,-0.0005473010577334858,0.0,-0.2,0.0,1.5707963267948966,1.5707963267948966,-2.962962962962963,-2.962962962962963,1.570797526235686,1.5707963028061602,-2.260366433652063,-2.295376412434586,0.0005209452883620952,6.823937035940369e-06
Y-,9.9,6.4,34.27513079200071,0.0,-0.035626630487636285,-0.9586200628719306,6.834686783064881e-06,-4.4560944929464285e-05,-0.1796181129774469,-3.5336850241361165e-05,-0.04136786975630998,-0.9577325128562445,-0.003554007708156515,-1.5001547327395407e-07,-0.13475758397819143,0.004725961696771804,-0.03638656573331362,-0.9577200037995498,-0.0005473010577334858,0.0,-0.2,0.0,1.5707963267948966,1.5707963267948966,-2.962962962962963,-2.962962962962963,1.570797526235686,1.5707963028061602,-2.260366433652063,-2.295376412434586,0.0005209452883620952,6.823937035940369e-06
Y-,9.9,6.4,34.30147074500201,0.0,-0.035626630487636285,-0.9586200628719306,6.834686783064881e-06,-4.4560944929464285e-05,-0.1796181129774469,-3.5336850241361165e-05,-0.04136786975630998,-0.9577325128562445,-0.003554007708156515,-1.5001547327395407e-07,-0.13475758397819143,0.004725961696771804,-0.03638656573331362,-0.9577200037995498,-0.0005473010577334858,0.0,-0.2,0.0,1.5707963267948966,1.5707963267948966,-2.962962962962963,-2.962962962962963,1.570797526235686,1.5707963028061602,-2.260366433652063,-2.295376412434586,0.0005209452883620952,6.823937035940369e-06
Y-,9.9,6.4,34.328677763001906,0.0,-0.035626630487636285,-0.9586200628719306,6.834686783064881e-06,-4.4560944929464285e-05,-0.1796181129774469,-3.5336850241361165e-05,-0.04136786975630998,-0.9577325128562445,-0.003554007708156515,-1.5001547327395407e-07,-0.13475758397819143,0.004725961696771804,-0.03638656573331362,-0.9577200037995498,-0.0005473010577334858,0.0,-0.2,0.0,1.5707963267948966,1.5707963267948966,-2.962962962962963,-2.962962962962963,1.570797526235686,1.5707963028061602,-2.260366433652063,-2.295376412434586,0.0005209452883620952,6.823937035940369e-06
Y-,9.9,6.4,34.354573365999386,0.0,-0.035626630487636285,-0.9586200628719306,6.834686783064881e-06,-4.4560944929464285e-05,-0.1796181129774469,-3.5336850241361165e-05,-0.04136786975630998,-0.9577325128562445,-0.003554007708156515,-1.5001547327395407e-07,-0.13475758397819143,0.004725961696771804,-0.03638656573331362,-0.9577200037995498,-0.0005473010577334858,0.0,-0.2,0.0,1.5707963267948966,1.5707963267948966,-2.962962962962963,-2.962962962962963,1.570797526235686,1.5707963028061602,-2.260366433652063,-2.295376412434586,0.0005209452883620952,6.823937035940369e-06
Y-,9.9,6.4,34.378591430002416,0.0,-0.035626630487636285,-0.9586200628719306,6.834686783064881e-06,-4.4560944929464285e-05,-0.1796181129774469,-3.5336850241361165e-05,-0.04136786975630998,-0.9577325128562445,-0.003554007708156515,-1.5001547327395407e-07,-0.13475758397819143,0.004725961696771804,-0.03638656573331362,-0.9577200037995498,-0.0005473010577334858,0.0,-0.2,0.0,1.5707963267948966,1.5707963267948966,-2.962962962962963,-2.962962962962963,1.570797526235686,1.5707963028061602,-2.260366433652063,-2.295376412434586,0.0005209452883620952,6.823937035940369e-06
Y-,9.9,6.4,34.40237841099952,0.0,-0.035626630487636285,-0.9586200628719306,6.834686783064881e-06,-4.4560944929464285e-05,-0.1796181129774469,-3.5336850241361165e-05,-0.04136786975630998,-0.9577325128562445,-0.003554007708156515,-1.5001547327395407e-07,-0.13475758397819143,0.004725961696771804,-0.03638656573331362,-0.9577200037995498,-0.0005473010577334858,0.0,-0.2,0.0,1.5707963267948966,1.5707963267948966,-2.962962962962963,-2.962962962962963,1.570797526235686,1.5707963028061602,-2.260366433652063,-2.295376412434586,0.0005209452883620952,6.823937035940369e-06
Y-,9.9,6.4,34.42932497299989,0.0,-0.035626630487636285,-0.9586200628719306,6.834686783064881e-06,-4.4560944929464285e-05,-0.1796181129774469,-3.5336850241361165e-05,-0.04136786975630998,-0.9577325128562445,-0.003554007708156515,-1.5001547327395407e-07,-0.13475758397819143,0.004725961696771804,-0.03638656573331362,-0.9577200037995498,-0.0005473010577334858,0.0,-0.2,0.0,1.5707963267948966,1.5707963267948966,-2.962962962962963,-2.962962962962963,1.570797526235686,1.5707963028061602,-2.260366433652063,-2.295376412434586,0.0005209452883620952,6.823937035940369e-06
Y-,9.9,6.4,34.45963551300156,0.0,-0.035626630487636285,-0.9586200628719306,6.834686783064881e-06,-4.4560944929464285e-05,-0.1796181129774469,-3.5336850241361165e-05,-0.04136786975630998,-0.9577325128562445,-0.003554007708156515,-1.5001547327395407e-07,-0.13475758397819143,0.004725961696771804,-0.03638656573331362,-0.9577200037995498,-0.0005473010577334858,0.0,-0.2,0.0,1.5707963267948966,1.5707963267948966,-2.962962962962963,-2.962962962962963,1.570797526235686,1.5707963028061602,-2.260366433652063,-2.295376412434586,0.0005209452883620952,6.823937035940369e-06
Y-,9.9,6.4,34.49013945700062,0.0,-0.035626630487636285,-0.9586200628719306,6.834686783064881e-06,-4.4560944929464285e-05,-0.1796181129774469,-3.5336850241361165e-05,-0.04136786975630998,-0.9577325128562445,-0.003554007708156515,-1.5001547327395407e-07,-0.13475758397819143,0.004725961696771804,-0.03638656573331362,-0.9577200037995498,-0.0005473010577334858,0.0,-0.2,0.0,1.5707963267948966,1.5707963267948966,-2.962962962962963,-2.962962962962963,1.570797526235686,1.5707963028061602,-2.260366433652063,-2.295376412434586,0.0005209452883620952,6.823937035940369e-06
Y-,9.9,6.4,34.51397908299987,0.0,-0.035626630487636285,-0.9586200628719306,6.834686783064881e-06,-4.4560944929464285e-05,-0.1796181129774469,-3.5336850241361165e-05,-0.04136786975630998,-0.9577325128562445,-0.003554007708156515,-1.5001547327395407e-07,-0.13475758397819143,0.004725961696771804,-0.03638656573331362,-0.9577200037995498,-0.0005473010577334858,0.0,-0.2,0.0,1.5707963267948966,1.5707963267948966,-2.962962962962963,-2.962962962962963,1.570797526235686,1.5707963028061602,-2.260366433652063,-2.295376412434586,0.0005209452883620952,6.823937035940369e-06
Y-,9.9,6.4,34.54090098800225,0.0,-0.035626630487636285,-0.9586200628719306,6.834686783064881e-06,-4.4560944929464285e-05,-0.1796181129774469,-3.5336850241361165e-05,-0.04136786975630998,-0.9577325128562445,-0.003554007708156515,-1.5001547327395407e-07,-0.13475758397819143,0.004725961696771804,-0.03638656573331362,-0.9577200037995498,-0.0005473010577334858,0.0,-0.2,0.0,1.5707963267948966,1.5707963267948966,-2.962962962962963,-2.962962962962963,1.570797526235686,1.5707963028061602,-2.260366433652063,-2.295376412434586,0.0005209452883620952,6.823937035940369e-06
Y-,9.9,6.4,34.57121523200112,0.0,-0.035626630487636285,-0.9586200628719306,6.834686783064881e-06,-4.4560944929464285e-05,-0.1796181129774469,-3.5336850241361165e-05,-0.04136786975630998,-0.9577325128562445,-0.003554007708156515,-1.5001547327395407e-07,-0.13475758397819143,0.004725961696771804,-0.03638656573331362,-0.9577200037995498,-0.0005473010577334858,0.0,-0.2,0.0,1.5707963267948966,1.5707963267948966,-2.962962962962963,-2.962962962962963,1.570797526235686,1.5707963028061602,-2.260366433652063,-2.295376412434586,0.0005209452883620952,6.823937035940369e-06
Y-,9.9,6.4,34.6041169529999,0.0,-0.035626630487636285,-0.9586200628719306,6.834686783064881e-06,-4.4560944929464285e-05,-0.1796181129774469,-3.5336850241361165e-05,-0.04136786975630998,-0.9577325128562445,-0.003554007708156515,-1.5001547327395407e-07,-0.13475758397819143,0.004725961696771804,-0.03638656573331362,-0.9577200037995498,-0.0005473010577334858,0.0,-0.2,0.0,1.5707963267948966,1.5707963267948966,-2.962962962962963,-2.962962962962963,1.570797526235686,1.5707963028061602,-2.260366433652063,-2.295376412434586,0.0005209452883620952,6.823937035940369e-06
Y-,9.9,6.4,34.63558260699938,0.0,-0.03562662055367014,-0.959889490424643,6.85704217987417e-06,-4.542786303533956e-05,-0.18028739605316474,-3.463366755605151e-05,-0.04136786975630998,-0.9577325128562445,-0.003554007708156515,-1.5001547327395407e-07,-0.13475758397819143,0.004725961696771804,-0.03638656573331362,-0.9577200037995498,-0.0005473010577334858,0.0,-0.2,0.0,1.5707963267948966,1.5707963267948966,-2.962962962962963,-2.962962962962963,1.5707978301591536,1.570796309369114,-2.2942617088546613,-2.32726361328321,-0.0034457733131744036,6.840997847848848e-06
Y-,9.9,6.4,34.66572133000227,0.0,-0.035626581924332226,-0.9642724773664277,6.9054874095728625e-06,-4.801022500519679e-05,-0.18209513184001508,-3.414054591377149e-05,-0.04136786975630998,-0.9577325128562445,-0.003554007708156515,-1.5001547327395407e-07,-0.13475758397819143,0.004725961696771804,-0.03638656573331362,-0.9577200037995498,-0.0005473010577334858,0.0,-0.2,0.0,1.5707963267948966,1.5707963267948966,-2.962962962962963,-2.962962962962963,1.570798240282504,1.5707963104467124,-2.3536241559141264,-2.382761414469182,-0.001499110140585734,6.892828290917324e-06
Y-,9.9,6.4,34.694570079002006,0.0,-0.035626548453252915,-0.9677679949409883,6.924276650580272e-06,-4.9765914343095726e-05,-0.18307027870796083,-3.346394573198079e-05,-0.04136786975630998,-0.9577325128562445,-0.003554007708156515,-1.5001547327395407e-07,-0.13475758397819143,0.004725961696771804,-0.03638656573331362,-0.9577200037995498,-0.0005473010577334858,0.0,-0.2,0.0,1.5707963267948966,1.5707963267948966,-2.962962962962963,-2.962962962962963,1.5707984319466677,1.5707963099542006,-2.4030569492299683,-2.428692942266119,-0.00023072870768645873,6.919345736330347e-06
Y-,9.9,6.4,34.735003290999884,0.0,-0.03562652185008434,-0.9705386475574055,6.9285263630559565e-06,-5.102122859149202e-05,-0.18360430962294452,-3.287404997026698e-05,-0.04142254672246684,-0.9731215391277609,-0.0032818770136634158,1.598200740120406e-07,-0.1538912340439808,0.0027213069449309886,-0.03638310614988483,-0.9737619552587872,-0.0003133356650857331,0.0,-0.2,0.0,1.5707963267948966,1.5707963267948966,-2.962962962962963,-2.962962962962963,1.5707984611541086,1.5707963093572959,-2.424513752982922,-2.4485636880411397,0.0021998033218123426,6.928391976833708e-06
Y-,10.0,6.5,34.77263485000003,0.09999999999999964,-0.035626485855793394,-0.9744281281828808,6.924476600817716e-06,-5.266961181799833e-05,-0.18405983885671603,-3.189759507348716e-05,-0.04142254672246684,-0.9731215391277609,-0.0032818770136634158,1.598200740120406e-07,-0.1538912340439808,0.0027213069449309886,-0.03638310614988483,-0.9737619552587872,-0.0003133356650857331,0.0,-0.2,0.0,1.5707963267948966,1.5707963267948966,-2.962962962962963,-2.962962962962963,1.570798413412982,1.5707963075630493,-2.4617537110584573,-2.482945155165104,-0.00018940562597525963,6.9248419751187545e-06
Y-,10.0,6.5,34.80943048700283,0.0,-0.035626466595545234,-0.9766539783461139,6.919265514347824e-06,-5.350478053094418e-05,-0.18418969606554508,-3.132814435236769e-05,-0.04142254672246684,-0.9731215391277609,-0.0032818770136634158,1.598200740120406e-07,-0.1538912340439808,0.0027213069449309886,-0.03638310614988483,-0.9737619552587872,-0.0003133356650857331,0.0,-0.2,0.0,1.5707963267948966,1.5707963267948966,-2.962962962962963,-2.962962962962963,1.5707982547183272,1.570796305099793,-2.4924395518097024,-2.51114373989346,0.0011037744810984207,6.921149464779155e-06
Y-,10.0,6.5,34.85858205800105,0.0,-0.03562644854470479,-0.9788809026632436,6.913037992387537e-06,-5.4295458562951684e-05,-0.18423810972864785,-3.077870280351609e-05,-0.04142254672246684,-0.9731215391277609,-0.0032818770136634158,1.598200740120406e-07,-0.1538912340439808,0.0027213069449309886,-0.03638310614988483,-0.9737619552587872,-0.0003133356650857331,0.0,-0.2,0.0,1.5707963267948966,1.5707963267948966,-2.962962962962963,-2.962962962962963,1.570798143579644,1.5707963036412877,-2.505665342546923,-2.5232466256685027,0.0009635425586929734,6.913578406766588e-06
Y-,10.0,6.5,34.89385044700248,0.0,-0.03562644854470479,-0.9788809026632436,6.913037992387537e-06,-5.4295458562951684e-05,-0.18423810972864785,-3.077870280351609e-05,-0.04142254672246684,-0.9731215391277609,-0.0032818770136634158,1.598200740120406e-07,-0.1538912340439808,0.0027213069449309886,-0.03638310614988483,-0.9737619552587872,-0.0003133356650857331,0.0,-0.2,0.0,1.5707963267948966,1.5707963267948966,-2.962962962962963,-2.962962962962963,1.570798143579644,1.5707963036412877,-2.505665342546923,-2.5232466256685027,0.0009635425586929734,6.913578406766588e-06
Y-,10.0,6.5,34.92054957599976,0.0,-0.03562644854470479,-0.9788809026632436,6.913037992387537e-06,-5.4295458562951684e-05,-0.18423810972864785,-3.077870280351609e-05,-0.04142254672246684,-0.9731215391277609,-0.0032818770136634158,1.598200740120406e-07,-0.1538912340439808,0.0027213069449309886,-0.03638310614988483,-0.9737619552587872,-0.0003133356650857331,0.0,-0.2,0.0,1.5707963267948966,1.5707963267948966,-2.962962962962963,-2.962962962962963,1.570798143579644,1.5707963036412877,-2.505665342546923,-2.5232466256685027,0.0009635425586929734,6.913578406766588e-06
Y-,10.0,6.5,34.95378274500035,0.0,-0.03562644854470479,-0.9788809026632436,6.913037992387537e-06,-5.4295458562951684e-05,-0.18423810972864785,-3.077870280351609e-05,-0.04142254672246684,-0.9731215391277609,-0.0032818770136634158,1.598200740120406e-07,-0.1538912340439808,0.0027213069449309886,-0.03638310614988483,-0.9737619552587872,-0.0003133356650857331,0.0,-0.2,0.0,1.5707963267948966,1.5707963267948966,-2.962962962962963,-2.962962962962963,1.570798143579644,1.5707963036412877,-2.505665342546923,-2.5232466256685027,0.0009635425586929734,6.913578406766588e-06
Y-,10.0,6.5,34.98284812800193,0.0,-0.03562644854470479,-0.9788809026632436,6.913037992387537e-06,-5.4295458562951684e-05,-0.18423810972864785,-3.077870280351609e-05,-0.04142254672246684,-0.9731215391277609,-0.0032818770136634158,1.598200740120406e-07,-0.1538912340439808,0.0027213069449309886,-0.03638310614988483,-0.9737619552587872,-0.0003133356650857331,0.0,-0.2,0.0,1.5707963267948966,1.5707963267948966,-2.962962962962963,-2.962962962962963,1.570798143579644,1.5707963036412877,-2.505665342546923,-2.5232466256685027,0.0009635425586929734,6.913578406766588e-06
Y-,10.0,6.5,35.01062974399974,0.0,-0.03562644854470479,-0.9788809026632436,6.913037992387537e-06,-5.4295458562951684e-05,-0.18423810972864785,-3.077870280351609e-05,-0.04142254672246684,-0.9731215391277609,-0.0032818770136634158,1.598200740120406e-07,-0.1538912340439808,0.0027213069449309886,-0.03638310614988483,-0.9737619552587872,-0.0003133356650857331,0.0,-0.2,0.0,1.5707963267948966,1.5707963267948966,-2.962962962962963,-2.962962962962963,1.570798143579644,1.5707963036412877,-2.505665342546923,-2.5232466256685027,0.0009635425586929734,6.913578406766588e-06
Y-,10.0,6.5,35.038858345000335,0.0,-0.03562644854470479,-0.9788809026632436,6.913037992387537e-06,-5.4295458562951684e-05,-0.18423810972864785,-3.077870280351609e-05,-0.04142254672246684,-0.9731215391277609,-0.0032818770136634158,1.598200740120406e-07,-0.1538912340439808,0.0027213069449309886,-0.03638310614988483,-0.9737619552587872,-0.0003133356650857331,0.0,-0.2,0.0,1.5707963267948966,1.5707963267948966,-2.962962962962963,-2.962962962962963,1.570798143579644,1.5707963036412877,-2.505665342546923,-2.5232466256685027,0.0009635425586929734,6.913578406766588e-06
Y-,10.0,6.5,35.068582889001846,0.0,-0.03562644854470479,-0.9788809026632436,6.913037992387537e-06,-5.4295458562951684e-05,-0.18423810972864785,-3.077870280351609e-05,-0.04142254672246684,-0.9731215391277609,-0.0032818770136634158,1.598200740120406e-07,-0.1538912340439808,0.0027213069449309886,-0.03638310614988483,-0.9737619552587872,-0.0003133356650857331,0.0,-0.2,0.0,1.5707963267948966,1.5707963267948966,-2.962962962962963,-2.962962962962963,1.570798143579644,1.5707963036412877,-2.505665342546923,-2.5232466256685027,0.0009635425586929734,6.913578406766588e-06
Y-,10.0,6.5,35.09638973000256,0.0,-0.03562644854470479,-0.9788809026632436,6.913037992387537e-06,-5.4295458562951684e-05,-0.18423810972864785,-3.077870280351609e-05,-0.04142254672246684,-0.9731215391277609,-0.0032818770136634158,1.598200740120406e-07,-0.1538912340439808,0.0027213069449309886,-0.03638310614988483,-0.9737619552587872,-0.0003133356650857331,0.0,-0.2,0.0,1.5707963267948966,1.5707963267948966,-2.962962962962963,-2.962962962962963,1.570798143579644,1.5707963036412877,-2.505665342546923,-2.5232466256685027,0.0009635425586929734,6.913578406766588e-06
Y-,10.0,6.5,35.1238871630012,0.0,-0.03562644854470479,-0.9788809026632436,6.913037992387537e-06,-5.4295458562951684e-05,-0.18423810972864785,-3.077870280351609e-05,-0.04142254672246684,-0.9731215391277609,-0.0032818770136634158,1.598200740120406e-07,-0.1538912340439808,0.0027213069449309886,-0.03638310614988483,-0.9737619552587872,-0.0003133356650857331,0.0,-0.2,0.0,1.5707963267948966,1.5707963267948966,-2.962962962962963,-2.962962962962963,1.570798143579644,1.5707963036412877,-2.505665342546923,-2.5232466256685027,0.0009635425586929734,6.913578406766588e-06
Y-,10.0,6.5,35.19719304899991,0.0,-0.03562644854470479,-0.9788809026632436,6.913037992387537e-06,-5.4295458562951684e-05,-0.18423810972864785,-3.077870280351609e-05,-0.04142254672246684,-0.9731215391277609,-0.0032818770136634158,1.598200740120406e-07,-0.1538912340439808,0.0027213069449309886,-0.03638310614988483,-0.9737619552587872,-0.0003133356650857331,0.0,-0.2,0.0,1.5707963267948966,1.5707963267948966,-2.962962962962963,-2.962962962962963,1.570798143579644,1.5707963036412877,-2.505665342546923,-2.5232466256685027,0.0009635425586929734,6.913578406766588e-06
Y-,10.0,6.5,35.24151512300159,0.0,-0.03562644854470479,-0.9788809026632436,6.913037992387537e-06,-5.4295458562951684e-05,-0.18423810972864785,-3.077870280351609e-05,-0.04142254672246684,-0.9731215391277609,-0.0032818770136634158,1.598200740120406e-07,-0.1538912340439808,0.0027213069449309886,-0.03638310614988483,-0.9737619552587872,-0.0003133356650857331,0.0,-0.2,0.0,1.5707963267948966,1.5707963267948966,-2.962962962962963,-2.962962962962963,1.570798143579644,1.5707963036412877,-2.505665342546923,-2.5232466256685027,0.0009635425586929734,6.913578406766588e-06
Y-,10.0,6.5,35.265468956000404,0.0,-0.03562644854470479,-0.9788809026632436,6.913037992387537e-06,-5.4295458562951684e-05,-0.18423810972864785,-3.077870280351609e-05,-0.04142254672246684,-0.9731215391277609,-0.0032818770136634158,1.598200740120406e-07,-0.1538912340439808,0.0027213069449309886,-0.03638310614988483,-0.9737619552587872,-0.0003133356650857331,0.0,-0.2,0.0,1.5707963267948966,1.5707963267948966,-2.962962962962963,-2.962962962962963,1.570798143579644,1.5707963036412877,-2.505665342546923,-2.5232466256685027,0.0009635425586929734,6.913578406766588e-06
Y-,10.0,6.5,35.29797609399975,0.0,-0.03562644854470479,-0.9788809026632436,6.913037992387537e-06,-5.4295458562951684e-05,-0.18423810972864785,-3.077870280351609e-05,-0.04142254672246684,-0.9731215391277609,-0.0032818770136634158,1.598200740120406e-07,-0.1538912340439808,0.0027213069449309886,-0.03638310614988483,-0.9737619552587872,-0.0003133356650857331,0.0,-0.2,0.0,1.5707963267948966,1.5707963267948966,-2.962962962962963,-2.962962962962963,1.570798143579644,1.5707963036412877,-2.505665342546923,-2.5232466256685027,0.0009635425586929734,6.913578406766588e-06
Y-,10.0,6.5,35.329008879001776,0.0,-0.0356264471013786,-0.9790664987713505,6.912495292760096e-06,-5.4359259203439636e-05,-0.18423877023419818,-3.0733661833023334e-05,-0.04142254672246684,-0.9731215391277609,-0.0032818770136634158,1.598200740120406e-07,-0.1538912340439808,0.0027213069449309886,-0.03638310614988483,-0.9737619552587872,-0.0003133356650857331,0.0,-0.2,0.0,1.5707963267948966,1.5707963267948966,-2.962962962962963,-2.962962962962963,1.570798143579644,1.5707963036412877,-2.505665342546923,-2.5232466256685027,0.0009635425586929734,6.913578406766588e-06
Y-,10.0,6.5,35.354337298002065,0.0,-0.03562641900687955,-0.9829634303911486,6.9010480792995906e-06,-5.5561088703264276e-05,-0.18414586150045176,-2.9868086754812535e-05,-0.04142254672246684,-0.9731215391277609,-0.0032818770136634158,1.598200740120406e-07,-0.1538912340439808,0.0027213069449309886,-0.03638310614988483,-0.9737619552587872,-0.0003133356650857331,0.0,-0.2,0.0,1.5707963267948966,1.5707963267948966,-2.962962962962963,-2.962962962962963,1.570797873516379,1.5707963003225904,-2.5284773945040793,-2.5440213138989543,0.0005325588257199974,6.902656799321372e-06
Y-,10.0,6.5,35.37948668200261,0.0,-0.035626403804657425,-0.9853741509879524,6.894526384929917e-06,-5.622863729744506e-05,-0.18399778478164863,-2.938467925227002e-05,-0.04142254672246684,-0.9731215391277609,-0.0032818770136634158,1.598200740120406e-07,-0.1538912340439808,0.0027213069449309886,-0.03638310614988483,-0.9737619552587872,-0.0003133356650857331,0.0,-0.2,0.0,1.5707963267948966,1.5707963267948966,-2.962962962962963,-2.962962962962963,1.570797719732016,1.5707962984820982,-2.538274373602604,-2.5528916693736923,0.0026643909637863415,6.897426956938527e-06
Y-,10.0,6.5,35.41425935400184,0.0,-0.03562639228871035,-0.9874122438023546,6.889402233321972e-06,-5.672252490129481e-05,-0.18382637764392062,-2.9159840362180417e-05,-0.04147592964012585,-0.9893904161278491,-0.0031359741740512623,9.72744580328363e-08,-0.16268964582289858,0.0014590283961215366,-0.03639429273402781,-0.9904731905047918,6.589528652941482e-05,0.0,-0.2,0.0,1.5707963267948966,1.5707963267948966,-2.962962962962963,-2.962962962962963,1.5707973848724892,1.5707962944865708,-2.555115866863054,-2.5680361924158226,-0.0008452108181178127,6.892701104368914e-06
Y-,10.100000000000001,6.600000000000001,35.44120899200061,0.10000000000000142,-0.03562637770604579,-0.9903729511505701,6.882503607293229e-06,-5.7392424402538566e-05,-0.18351164120554758,-2.877442934193964e-05,-0.04147592964012585,-0.9893904161278491,-0.0031359741740512623,9.72744580328363e-08,-0.16268964582289858,0.0014590283961215366,-0.03639429273402781,-0.9904731905047918,6.589528652941482e-05,0.0,-0.2,0.0,1.5707963267948966,1.5707963267948966,-2.962962962962963,-2.962962962962963,1.5707972069595106,1.5707962923495051,-2.5623239880531004,-2.574464947443856,-0.0008545594652730648,6.8836084025578206e-06
Y-,10.100000000000001,6.600000000000001,35.47313430000213,0.0,-0.035626367659451,-0.9927745121504613,6.878741907261111e-06,-5.7873978313075387e-05,-0.18320652258920422,-2.8507454596901223e-05,-0.04147592964012585,-0.9893904161278491,-0.0031359741740512623,9.72744580328363e-08,-0.16268964582289858,0.0014590283961215366,-0.03639429273402781,-0.9904731905047918,6.589528652941482e-05,0.0,-0.2,0.0,1.5707963267948966,1.5707963267948966,-2.962962962962963,-2.962962962962963,1.570797023752708,1.5707962901304624,-2.5688216028289337,-2.580224059262347,-0.0012647596994528768,6.880289091841233e-06
Y-,10.100000000000001,6.600000000000001,35.50714720700125,0.0,-0.035626357372776224,-0.995724500971768,6.876151996687514e-06,-5.842405419735015e-05,-0.18277948198660374,-2.8260785338759763e-05,-0.04147592964012585,-0.9893904161278491,-0.0031359741740512623,9.72744580328363e-08,-0.16268964582289858,0.0014590283961215366,-0.03639429273402781,-0.9904731905047918,6.589528652941482e-05,0.0,-0.2,0.0,1.5707963267948966,1.5707963267948966,-2.962962962962963,-2.962962962962963,1.5707966452676478,1.5707962854792958,-2.5799443684437486,-2.5899770196216623,0.0013023684229754647,6.876151996687514e-06
Y-,10.100000000000001,6.600000000000001,35.53535604500212,0.0,-0.035626357372776224,-0.995724500971768,6.876151996687514e-06,-5.842405419735015e-05,-0.18277948198660374,-2.8260785338759763e-05,-0.04147592964012585,-0.9893904161278491,-0.0031359741740512623,9.72744580328363e-08,-0.16268964582289858,0.0014590283961215366,-0.03639429273402781,-0.9904731905047918,6.589528652941482e-05,0.0,-0.2,0.0,1.5707963267948966,1.5707963267948966,-2.962962962962963,-2.962962962962963,1.5707966452676478,1.5707962854792958,-2.5799443684437486,-2.5899770196216623,0.0013023684229754647,6.876151996687514e-06
Y-,10.100000000000001,6.600000000000001,35.57134961799966,0.0,-0.035626357372776224,-0.995724500971768,6.876151996687514e-06,-5.842405419735015e-05,-0.18277948198660374,-2.8260785338759763e-05,-0.04147592964012585,-0.9893904161278491,-0.0031359741740512623,9.72744580328363e-08,-0.16268964582289858,0.0014590283961215366,-0.03639429273402781,-0.9904731905047918,6.589528652941482e-05,0.0,-0.2,0.0,1.5707963267948966,1.5707963267948966,-2.962962962962963,-2.962962962962963,1.5707966452676478,1.5707962854792958,-2.5799443684437486,-2.5899770196216623,0.0013023684229754647,6.876151996687514e-06
Y-,10.100000000000001,6.600000000000001,35.601108819999354,0.0,-0.035626357372776224,-0.995724500971768,6.876151996687514e-06,-5.842405419735015e-05,-0.18277948198660374,-2.8260785338759763e-05,-0.04147592964012585,-0.9893904161278491,-0.0031359741740512623,9.72744580328363e-08,-0.16268964582289858,0.0014590283961215366,-0.03639429273402781,-0.9904731905047918,6.589528652941482e-05,0.0,-0.2,0.0,1.5707963267948966,1.5707963267948966,-2.962962962962963,-2.962962962962963,1.5707966452676478,1.5707962854792958,-2.5799443684437486,-2.5899770196216623,0.0013023684229754647,6.876151996687514e-06
Y-,10.100000000000001,6.600000000000001,35.630789478000224,0.0,-0.035626357372776224,-0.995724500971768,6.876151996687514e-06,-5.842405419735015e-05,-0.18277948198660374,-2.8260785338759763e-05,-0.04147592964012585,-0.9893904161278491,-0.0031359741740512623,9.72744580328363e-08,-0.16268964582289858,0.0014590283961215366,-0.03639429273402781,-0.9904731905047918,6.589528652941482e-05,0.0,-0.2,0.0,1.5707963267948966,1.5707963267948966,-2.962962962962963,-2.962962962962963,1.5707966452676478,1.5707962854792958,-2.5799443684437486,-2.5899770196216623,0.0013023684229754647,6.876151996687514e-06
Y-,10.100000000000001,6.600000000000001,35.659489140001824,0.0,-0.035626357372776224,-0.995724500971768,6.876151996687514e-06,-5.842405419735015e-05,-0.18277948198660374,-2.8260785338759763e-05,-0.04147592964012585,-0.9893904161278491,-0.0031359741740512623,9.72744580328363e-08,-0.16268964582289858,0.0014590283961215366,-0.03639429273402781,-0.9904731905047918,6.589528652941482e-05,0.0,-0.2,0.0,1.5707963267948966,1.5707963267948966,-2.962962962962963,-2.962962962962963,1.5707966452676478,1.5707962854792958,-2.5799443684437486,-2.5899770196216623,0.0013023684229754647,6.876151996687514e-06
Y-,10.100000000000001,6.600000000000001,35.68430328800241,0.0,-0.035626357372776224,-0.995724500971768,6.876151996687514e-06,-5.842405419735015e-05,-0.18277948198660374,-2.8260785338759763e-05,-0.04147592964012585,-0.9893904161278491,-0.0031359741740512623,9.72744580328363e-08,-0.16268964582289858,0.0014590283961215366,-0.03639429273402781,-0.9904731905047918,6.589528652941482e-05,0.0,-0.2,0.0,1.5707963267948966,1.5707963267948966,-2.962962962962963,-2.962962962962963,1.5707966452676478,1.5707962854792958,-2.5799443684437486,-2.5899770196216623,0.0013023684229754647,6.876151996687514e-06
Y-,10.100000000000001,6.600000000000001,35.71196975299972,0.0,-0.035626357372776224,-0.995724500971768,6.876151996687514e-06,-5.842405419735015e-05,-0.18277948198660374,-2.8260785338759763e-05,-0.04147592964012585,-0.9893904161278491,-0.0031359741740512623,9.72744580328363e-08,-0.16268964582289858,0.0014590283961215366,-0.03639429273402781,-0.9904731905047918,6.589528652941482e-05,0.0,-0.2,0.0,1.5707963267948966,1.5707963267948966,-2.962962962962963,-2.962962962962963,1.5707966452676478,1.5707962854792958,-2.5799443684437486,-2.5899770196216623,0.0013023684229754647,6.876151996687514e-06
Y-,10.100000000000001,6.600000000000001,35.73851124500288,0.0,-0.035626357372776224,-0.995724500971768,6.876151996687514e-06,-5.842405419735015e-05,-0.18277948198660374,-2.8260785338759763e-05,-0.04147592964012585,-0.9893904161278491,-0.0031359741740512623,9.72744580328363e-08,-0.16268964582289858,0.0014590283961215366,-0.03639429273402781,-0.9904731905047918,6.589528652941482e-05,0.0,-0.2,0.0,1.5707963267948966,1.5707963267948966,-2.962962962962963,-2.962962962962963,1.5707966452676478,1.5707962854792958,-2.5799443684437486,-2.5899770196216623,0.0013023684229754647,6.876151996687514e-06
Y-,10.100000000000001,6.600000000000001,35.76587975500297,0.0,-0.035626357372776224,-0.995724500971768,6.876151996687514e-06,-5.842405419735015e-05,-0.18277948198660374,-2.8260785338759763e-05,-0.04147592964012585,-0.9893904161278491,-0.0031359741740512623,9.72744580328363e-08,-0.16268964582289858,0.0014590283961215366,-0.03639429273402781,-0.9904731905047918,6.589528652941482e-05,0.0,-0.2,0.0,1.5707963267948966,1.5707963267948966,-2.962962962962963,-2.962962962962963,1.5707966452676478,1.5707962854792958,-2.5799443684437486,-2.5899770196216623,0.0013023684229754647,6.876151996687514e-06
Y-,10.100000000000001,6.600000000000001,35.79596889599998,0.0,-0.035626357372776224,-0.995724500971768,6.876151996687514e-06,-5.842405419735015e-05,-0.18277948198660374,-2.8260785338759763e-05,-0.04147592964012585,-0.9893904161278491,-0.0031359741740512623,9.72744580328363e-08,-0.16268964582289858,0.0014590283961215366,-0.03639429273402781,-0.9904731905047918,6.589528652941482e-05,0.0,-0.2,0.0,1.5707963267948966,1.5707963267948966,-2.962962962962963,-2.962962962962963,1.5707966452676478,1.5707962854792958,-2.5799443684437486,-2.5899770196216623,0.0013023684229754647,6.876151996687514e-06
Y-,10.100000000000001,6.600000000000001,35.82345112099938,0.0,-0.035626357372776224,-0.995724500971768,6.876151996687514e-06,-5.842405419735015e-05,-0.18277948198660374,-2.8260785338759763e-05,-0.04147592964012585,-0.9893904161278491,-0.0031359741740512623,9.72744580328363e-08,-0.16268964582289858,0.0014590283961215366,-0.03639429273402781,-0.9904731905047918,6.589528652941482e-05,0.0,-0.2,0.0,1.5707963267948966,1.5707963267948966,-2.962962962962963,-2.962962962962963,1.5707966452676478,1.5707962854792958,-2.5799443684437486,-2.5899770196216623,0.0013023684229754647,6.876151996687514e-06
Y-,10.100000000000001,6.600000000000001,35.85472909100281,0.0,-0.035626357372776224,-0.995724500971768,6.876151996687514e-06,-5.842405419735015e-05,-0.18277948198660374,-2.8260785338759763e-05,-0.04147592964012585,-0.9893904161278491,-0.0031359741740512623,9.72744580328363e-08,-0.16268964582289858,0.0014590283961215366,-0.03639429273402781,-0.9904731905047918,6.589528652941482e-05,0.0,-0.2,0.0,1.5707963267948966,1.5707963267948966,-2.962962962962963,-2.962962962962963,1.5707966452676478,1.5707962854792958,-2.5799443684437486,-2.5899770196216623,0.0013023684229754647,6.876151996687514e-06
Y-,10.100000000000001,6.600000000000001,35.881133933002275,0.0,-0.035626357372776224,-0.995724500971768,6.876151996687514e-06,-5.842405419735015e-05,-0.18277948198660374,-2.8260785338759763e-05,-0.04147592964012585,-0.9893904161278491,-0.0031359741740512623,9.72744580328363e-08,-0.16268964582289858,0.0014590283961215366,-0.03639429273402781,-0.9904731905047918,6.589528652941482e-05,0.0,-0.2,0.0,1.5707963267948966,1.5707963267948966,-2.962962962962963,-2.962962962962963,1.5707966452676478,1.5707962854792958,-2.5799443684437486,-2.5899770196216623,0.0013023684229754647,6.876151996687514e-06
Y-,10.100000000000001,6.600000000000001,35.91196378400127,0.0,-0.035626357372776224,-0.995724500971768,6.876151996687514e-06,-5.842405419735015e-05,-0.18277948198660374,-2.8260785338759763e-05,-0.04147592964012585,-0.9893904161278491,-0.0031359741740512623,9.72744580328363e-08,-0.16268964582289858,0.0014590283961215366,-0.03639429273402781,-0.9904731905047918,6.589528652941482e-05,0.0,-0.2,0.0,1.5707963267948966,1.5707963267948966,-2.962962962962963,-2.962962962962963,1.5707966452676478,1.5707962854792958,-2.5799443684437486,-2.5899770196216623,0.0013023684229754647,6.876151996687514e-06
Y-,10.100000000000001,6.600000000000001,35.95050029599952,0.0,-0.035626347709614176,-0.999218256701502,6.875696983991106e-06,-5.900043741705586e-05,-0.1822106494908163,-2.80729816667309e-05,-0.04147592964012585,-0.9893904161278491,-0.0031359741740512623,9.72744580328363e-08,-0.16268964582289858,0.0014590283961215366,-0.03639429273402781,-0.9904731905047918,6.589528652941482e-05,0.0,-0.2,0.0,1.5707963267948966,1.5707963267948966,-2.962962962962963,-2.962962962962963,1.5707962552504071,1.5707962805957587,-2.588948431856921,-2.597733288111514,-0.0008694636888659141,6.875696983991106e-06
Y-,10.100000000000001,6.600000000000001,35.976365890001034,0.0,-0.03562634268077025,-1.0016023029821501,6.869807304348185e-06,-5.9273074200453995e-05,-0.18178933398633648,-2.776192737423905e-05,-0.04147592964012585,-0.9893904161278491,-0.0031359741740512623,9.72744580328363e-08,-0.16268964582289858,0.0014590283961215366,-0.03639429273402781,-0.9904731905047918,6.589528652941482e-05,0.0,-0.2,0.0,1.5707963267948966,1.5707963267948966,-2.962962962962963,-2.962962962962963,1.5707962153277206,1.5707962781314242,-2.592769633899574,-2.60098027358586,0.0010181657351369705,6.871821369769103e-06
Y-,10.100000000000001,6.600000000000001,36.0039447090021,0.0,-0.03562633689143464,-1.004528830841819,6.855468749533977e-06,-5.9466208121205575e-05,-0.18124100681529626,-2.7091127489349798e-05,-0.04147592964012585,-0.9893904161278491,-0.0031359741740512623,9.72744580328363e-08,-0.16268964582289858,0.0014590283961215366,-0.03639429273402781,-0.9904731905047918,6.589528652941482e-05,0.0,-0.2,0.0,1.5707963267948966,1.5707963267948966,-2.962962962962963,-2.962962962962963,1.5707962177984411,1.5707962729824576,-2.5992246241389267,-2.6064164567083496,-0.001361190187360925,6.86325442478934e-06
Y-,10.100000000000001,6.600000000000001,36.036404612001206,0.0,-0.03562633102883748,-1.0074464298123462,6.837330192994327e-06,-5.964166279254319e-05,-0.1806651231966092,-2.6407395746307743e-05,-0.041527925251773345,-1.0059703014397179,-0.0030596315729032584,-1.3490510139679901e-08,-0.16579966842498517,0.0007634260114800376,-0.03637276106092837,-1.0077755884655826,-7.110897890785111e-05,0.0,-0.2,0.0,1.5707963267948966,1.5707963267948966,-2.962962962962963,-2.962962962962963,1.5707962189807594,1.5707962703731964,-2.601953062559114,-2.6086756553139727,-0.002536279238511018,6.840998870594311e-06
Y-,10.200000000000001,6.700000000000001,36.0686247449994,0.09999999999999964,-0.03562632368015172,-1.0110802665123164,6.810888542447454e-06,-5.982084107435432e-05,-0.1799137333987561,-2.5432243218285027e-05,-0.041527925251773345,-1.0059703014397179,-0.0030596315729032584,-1.3490510139679901e-08,-0.16579966842498517,0.0007634260114800376,-0.03637276106092837,-1.0077755884655826,-7.110897890785111e-05,0.0,-0.2,0.0,1.5707963267948966,1.5707963267948966,-2.962962962962963,-2.962962962962963,1.5707962213388482,1.5707962650799203,-2.6065862929457766,-2.612433038480691,8.900357900256142e-05,6.813653275655509e-06
Y-,10.200000000000001,6.700000000000001,36.10284526599935,0.0,-0.035626317816778,-1.0139764103367346,6.787756651574243e-06,-5.992224324812576e-05,-0.17929212399695793,-2.4588005154002688e-05,-0.041527925251773345,-1.0059703014397179,-0.0030596315729032584,-1.3490510139679901e-08,-0.16579966842498517,0.0007634260114800376,-0.03637276106092837,-1.0077755884655826,-7.110897890785111e-05,0.0,-0.2,0.0,1.5707963267948966,1.5707963267948966,-2.962962962962963,-2.962962962962963,1.5707962237280286,1.5707962597359018,-2.610313130311628,-2.6153526749218483,0.0006926787911020674,6.7995080902687815e-06
Y-,10.200000000000001,6.700000000000001,36.13354077999975,0.0,-0.035626317816778,-1.0139764103367346,6.787756651574243e-06,-5.992224324812576e-05,-0.17929212399695793,-2.4588005154002688e-05,-0.041527925251773345,-1.0059703014397179,-0.0030596315729032584,-1.3490510139679901e-08,-0.16579966842498517,0.0007634260114800376,-0.03637276106092837,-1.0077755884655826,-7.110897890785111e-05,0.0,-0.2,0.0,1.5707963267948966,1.5707963267948966,-2.962962962962963,-2.962962962962963,1.5707962237280286,1.5707962597359018,-2.610313130311628,-2.6153526749218483,0.0006926787911020674,6.7995080902687815e-06
Y-,10.200000000000001,6.700000000000001,36.16378416999942,0.0,-0.035626317816778,-1.0139764103367346,6.787756651574243e-06,-5.992224324812576e-05,-0.17929212399695793,-2.4588005154002688e-05,-0.041527925251773345,-1.0059703014397179,-0.0030596315729032584,-1.3490510139679901e-08,-0.16579966842498517,0.0007634260114800376,-0.03637276106092837,-1.0077755884655826,-7.110897890785111e-05,0.0,-0.2,0.0,1.5707963267948966,1.5707963267948966,-2.962962962962963,-2.962962962962963,1.5707962237280286,1.5707962597359018,-2.610313130311628,-2.6153526749218483,0.0006926787911020674,6.7995080902687815e-06
Y-,10.200000000000001,6.700000000000001,36.18777464000232,0.0,-0.035626317816778,-1.0139764103367346,6.787756651574243e-06,-5.992224324812576e-05,-0.17929212399695793,-2.4588005154002688e-05,-0.041527925251773345,-1.0059703014397179,-0.0030596315729032584,-1.3490510139679901e-08,-0.16579966842498517,0.0007634260114800376,-0.03637276106092837,-1.0077755884655826,-7.110897890785111e-05,0.0,-0.2,0.0,1.5707963267948966,1.5707963267948966,-2.962962962962963,-2.962962962962963,1.5707962237280286,1.5707962597359018,-2.610313130311628,-2.6153526749218483,0.0006926787911020674,6.7995080902687815e-06
Y-,10.200000000000001,6.700000000000001,36.21276473599937,0.0,-0.035626317816778,-1.0139764103367346,6.787756651574243e-06,-5.992224324812576e-05,-0.17929212399695793,-2.4588005154002688e-05,-0.041527925251773345,-1.0059703014397179,-0.0030596315729032584,-1.3490510139679901e-08,-0.16579966842498517,0.0007634260114800376,-0.03637276106092837,-1.0077755884655826,-7.110897890785111e-05,0.0,-0.2,0.0,1.5707963267948966,1.5707963267948966,-2.962962962962963,-2.962962962962963,1.5707962237280286,1.5707962597359018,-2.610313130311628,-2.6153526749218483,0.0006926787911020674,6.7995080902687815e-06
Y-,10.200000000000001,6.700000000000001,36.24334711600022,0.0,-0.035626317816778,-1.0139764103367346,6.787756651574243e-06,-5.992224324812576e-05,-0.17929212399695793,-2.4588005154002688e-05,-0.041527925251773345,-1.0059703014397179,-0.0030596315729032584,-1.3490510139679901e-08,-0.16579966842498517,0.0007634260114800376,-0.03637276106092837,-1.0077755884655826,-7.110897890785111e-05,0.0,-0.2,0.0,1.5707963267948966,1.5707963267948966,-2.962962962962963,-2.962962962962963,1.5707962237280286,1.5707962597359018,-2.610313130311628,-2.6153526749218483,0.0006926787911020674,6.7995080902687815e-06
Y-,10.200000000000001,6.700000000000001,36.2692861530013,0.0,-0.035626317816778,-1.0139764103367346,6.787756651574243e-06,-5.992224324812576e-05,-0.17929212399695793,-2.4588005154002688e-05,-0.041527925251773345,-1.0059703014397179,-0.0030596315729032584,-1.3490510139679901e-08,-0.16579966842498517,0.0007634260114800376,-0.03637276106092837,-1.0077755884655826,-7.110897890785111e-05,0.0,-0.2,0.0,1.5707963267948966,1.5707963267948966,-2.962962962962963,-2.962962962962963,1.5707962237280286,1.5707962597359018,-2.610313130311628,-2.6153526749218483,0.0006926787911020674,6.7995080902687815e-06
Y-,10.200000000000001,6.700000000000001,36.297989416001656,0.0,-0.035626317816778,-1.0139764103367346,6.787756651574243e-06,-5.992224324812576e-05,-0.17929212399695793,-2.4588005154002688e-05,-0.041527925251773345,-1.0059703014397179,-0.0030596315729032584,-1.3490510139679901e-08,-0.16579966842498517,0.0007634260114800376,-0.03637276106092837,-1.0077755884655826,-7.110897890785111e-05,0.0,-0.2,0.0,1.5707963267948966,1.5707963267948966,-2.962962962962963,-2.962962962962963,1.5707962237280286,1.5707962597359018,-2.610313130311628,-2.6153526749218483,0.0006926787911020674,6.7995080902687815e-06
Y-,10.200000000000001,6.700000000000001,36.32208917200114,0.0,-0.035626317816778,-1.0139764103367346,6.787756651574243e-06,-5.992224324812576e-05,-0.17929212399695793,-2.4588005154002688e-05,-0.041527925251773345,-1.0059703014397179,-0.0030596315729032584,-1.3490510139679901e-08,-0.16579966842498517,0.0007634260114800376,-0.03637276106092837,-1.0077755884655826,-7.110897890785111e-05,0.0,-0.2,0.0,1.5707963267948966,1.5707963267948966,-2.962962962962963,-2.962962962962963,1.5707962237280286,1.5707962597359018,-2.610313130311628,-2.6153526749218483,0.0006926787911020674,6.7995080902687815e-06
Y-,10.200000000000001,6.700000000000001,36.34861339500276,0.0,-0.035626317816778,-1.0139764103367346,6.787756651574243e-06,-5.992224324812576e-05,-0.17929212399695793,-2.4588005154002688e-05,-0.041527925251773345,-1.0059703014397179,-0.0030596315729032584,-1.3490510139679901e-08,-0.16579966842498517,0.0007634260114800376,-0.03637276106092837,-1.0077755884655826,-7.110897890785111e-05,0.0,-0.2,0.0,1.5707963267948966,1.5707963267948966,-2.962962962962963,-2.962962962962963,1.5707962237280286,1.5707962597359018,-2.610313130311628,-2.6153526749218483,0.0006926787911020674,6.7995080902687815e-06
Y-,10.200000000000001,6.700000000000001,36.37785025600169,0.0,-0.035626317816778,-1.0139764103367346,6.787756651574243e-06,-5.992224324812576e-05,-0.17929212399695793,-2.4588005154002688e-05,-0.041527925251773345,-1.0059703014397179,-0.0030596315729032584,-1.3490510139679901e-08,-0.16579966842498517,0.0007634260114800376,-0.03637276106092837,-1.0077755884655826,-7.110897890785111e-05,0.0,-0.2,0.0,1.5707963267948966,1.5707963267948966,-2.962962962962963,-2.962962962962963,1.5707962237280286,1.5707962597359018,-2.610313130311628,-2.6153526749218483,0.0006926787911020674,6.7995080902687815e-06
Y-,10.200000000000001,6.700000000000001,36.40229638399978,0.0,-0.035626317816778,-1.0139764103367346,6.787756651574243e-06,-5.992224324812576e-05,-0.17929212399695793,-2.4588005154002688e-05,-0.041527925251773345,-1.0059703014397179,-0.0030596315729032584,-1.3490510139679901e-08,-0.16579966842498517,0.0007634260114800376,-0.03637276106092837,-1.0077755884655826,-7.110897890785111e-05,0.0,-0.2,0.0,1.5707963267948966,1.5707963267948966,-2.962962962962963,-2.962962962962963,1.5707962237280286,1.5707962597359018,-2.610313130311628,-2.6153526749218483,0.0006926787911020674,6.7995080902687815e-06
Y-,10.200000000000001,6.700000000000001,36.43060852599956,0.0,-0.035626314519513334,-1.015601112050547,6.77424896664448e-06,-5.996493708244194e-05,-0.17893579265979653,-2.4102029595231675e-05,-0.041527925251773345,-1.0059703014397179,-0.0030596315729032584,-1.3490510139679901e-08,-0.16579966842498517,0.0007634260114800376,-0.03637276106092837,-1.0077755884655826,-7.110897890785111e-05,0.0,-0.2,0.0,1.5707963267948966,1.5707963267948966,-2.962962962962963,-2.962962962962963,1.570796224935668,1.5707962570565472,-2.6118997523692693,-2.6165566251885846,-0.0008986534806026275,6.783286280580086e-06
Y-,10.200000000000001,6.700000000000001,36.46441340700039,0.0,-0.03562630538296435,-1.0200972484735333,6.737201710756599e-06,-6.0073319041037017e-05,-0.17792512266836735,-2.2186171081754917e-05,-0.041527925251773345,-1.0059703014397179,-0.0030596315729032584,-1.3490510139679901e-08,-0.16579966842498517,0.0007634260114800376,-0.03637276106092837,-1.0077755884655826,-7.110897890785111e-05,0.0,-0.2,0.0,1.5707963267948966,1.5707963267948966,-2.962962962962963,-2.962962962962963,1.5707962273761362,1.5707962517065956,-2.614628383146629,-2.6185537970954735,0.000871534835405269,6.752714590772471e-06
Y-,10.200000000000001,6.700000000000001,36.4908713290024,0.0,-0.03562630038533307,-1.0226040129139005,6.7198118979849315e-06,-6.011843535494218e-05,-0.1773470208246341,-2.132761979171394e-05,-0.041527925251773345,-1.0059703014397179,-0.0030596315729032584,-1.3490510139679901e-08,-0.16579966842498517,0.0007634260114800376,-0.03637276106092837,-1.0077755884655826,-7.110897890785111e-05,0.0,-0.2,0.0,1.5707963267948966,1.5707963267948966,-2.962962962962963,-2.962962962962963,1.5707962298413376,1.5707962463949317,-2.6168751583339778,-2.6202616935381244,-0.002313416941705461,6.726315243614745e-06
Y-,10.200000000000001,6.700000000000001,36.516210830999626,0.0,-0.03562629673270907,-1.0243896085805222,6.707253625486823e-06,-6.0106638816511445e-05,-0.1769293317181417,-2.0428276578097086e-05,-0.04157897886097226,-1.0226559570492315,-0.0030262767771685123,-1.4911688778247487e-08,-0.16685733714473017,0.00033354795734746336,-0.036375838188508945,-1.0098517674107867,-1.217931593177987e-05,0.0,-0.2,0.0,1.5707963267948966,1.5707963267948966,-2.962962962962963,-2.962962962962963,1.5707962310825598,1.5707962437638399,-2.617853355549646,-2.620995534394807,-0.0006150736834096007,6.713324745882107e-06
Y-,10.3,6.800000000000001,36.545831777002604,0.09999999999999964,-0.035626289778616434,-1.0277707281341357,6.6857433310032475e-06,-6.009278593482927e-05,-0.1761260712799036,-1.8973314228171982e-05,-0.04157897886097226,-1.0226559570492315,-0.0030262767771685123,-1.4911688778247487e-08,-0.16685733714473017,0.00033354795734746336,-0.036375838188508945,-1.0098517674107867,-1.217931593177987e-05,0.0,-0.2,0.0,1.5707963267948966,1.5707963267948966,-2.962962962962963,-2.962962962962963,1.5707962335684211,1.5707962385676977,-2.619595328535298,-2.622263394985067,0.0011144418543362173,6.689123967195383e-06
Y-,10.3,6.800000000000001,36.571582667002076,0.0,-0.03562628352754581,-1.0309598067889503,6.666743807613369e-06,-6.002085867424705e-05,-0.17535464911052526,-1.7822905639593933e-05,-0.04157897886097226,-1.0226559570492315,-0.0030262767771685123,-1.4911688778247487e-08,-0.16685733714473017,0.00033354795734746336,-0.036375838188508945,-1.0098517674107867,-1.217931593177987e-05,0.0,-0.2,0.0,1.5707963267948966,1.5707963267948966,-2.962962962962963,-2.962962962962963,1.5707961635606633,1.570796233506301,-2.621143349573269,-2.623351008114645,-0.0017037825032933252,6.668451696563436e-06
Y-,10.3,6.800000000000001,36.59546123600012,0.0,-0.03562628017296238,-1.032549149606812,6.66371863349688e-06,-5.998500510094049e-05,-0.1749654324512317,-1.7472948520627207e-05,-0.04157897886097226,-1.0226559570492315,-0.0030262767771685123,-1.4911688778247487e-08,-0.16685733714473017,0.00033354795734746336,-0.036375838188508945,-1.0098517674107867,-1.217931593177987e-05,0.0,-0.2,0.0,1.5707963267948966,1.5707963267948966,-2.962962962962963,-2.962962962962963,1.5707961635606633,1.570796233506301,-2.621143349573269,-2.623351008114645,-0.0016519945875054702,6.663777097156968e-06
Y-,10.3,6.800000000000001,36.62278140000126,0.0,-0.03562628017296238,-1.032549149606812,6.66371863349688e-06,-5.998500510094049e-05,-0.1749654324512317,-1.7472948520627207e-05,-0.04157897886097226,-1.0226559570492315,-0.0030262767771685123,-1.4911688778247487e-08,-0.16685733714473017,0.00033354795734746336,-0.036375838188508945,-1.0098517674107867,-1.217931593177987e-05,0.0,-0.2,0.0,1.5707963267948966,1.5707963267948966,-2.962962962962963,-2.962962962962963,1.5707961635606633,1.570796233506301,-2.621143349573269,-2.623351008114645,-0.0016519945875054702,6.663777097156968e-06
Y-,10.3,6.800000000000001,36.66616521600008,0.0,-0.03562628017296238,-1.032549149606812,6.66371863349688e-06,-5.998500510094049e-05,-0.1749654324512317,-1.7472948520627207e-05,-0.04157897886097226,-1.0226559570492315,-0.0030262767771685123,-1.4911688778247487e-08,-0.16685733714473017,0.00033354795734746336,-0.036375838188508945,-1.0098517674107867,-1.217931593177987e-05,0.0,-0.2,0.0,1.5707963267948966,1.5707963267948966,-2.962962962962963,-2.962962962962963,1.5707961635606633,1.570796233506301,-2.621143349573269,-2.623351008114645,-0.0016519945875054702,6.663777097156968e-06
Y-,10.3,6.800000000000001,36.69907643500119,0.0,-0.03562628017296238,-1.032549149606812,6.66371863349688e-06,-5.998500510094049e-05,-0.1749654324512317,-1.7472948520627207e-05,-0.04157897886097226,-1.0226559570492315,-0.0030262767771685123,-1.4911688778247487e-08,-0.16685733714473017,0.00033354795734746336,-0.036375838188508945,-1.0098517674107867,-1.217931593177987e-05,0.0,-0.2,0.0,1.5707963267948966,1.5707963267948966,-2.962962962962963,-2.962962962962963,1.5707961635606633,1.570796233506301,-2.621143349573269,-2.623351008114645,-0.0016519945875054702,6.663777097156968e-06
Y-,10.3,6.800000000000001,36.7289975340027,0.0,-0.03562628017296238,-1.032549149606812,6.66371863349688e-06,-5.998500510094049e-05,-0.1749654324512317,-1.7472948520627207e-05,-0.04157897886097226,-1.0226559570492315,-0.0030262767771685123,-1.4911688778247487e-08,-0.16685733714473017,0.00033354795734746336,-0.036375838188508945,-1.0098517674107867,-1.217931593177987e-05,0.0,-0.2,0.0,1.5707963267948966,1.5707963267948966,-2.962962962962963,-2.962962962962963,1.5707961635606633,1.570796233506301,-2.621143349573269,-2.623351008114645,-0.0016519945875054702,6.663777097156968e-06
Y-,10.3,6.800000000000001,36.761006256001565,0.0,-0.03562628017296238,-1.032549149606812,6.66371863349688e-06,-5.998500510094049e-05,-0.1749654324512317,-1.7472948520627207e-05,-0.04157897886097226,-1.0226559570492315,-0.0030262767771685123,-1.4911688778247487e-08,-0.16685733714473017,0.00033354795734746336,-0.036375838188508945,-1.0098517674107867,-1.217931593177987e-05,0.0,-0.2,0.0,1.5707963267948966,1.5707963267948966,-2.962962962962963,-2.962962962962963,1.5707961635606633,1.570796233506301,-2.621143349573269,-2.623351008114645,-0.0016519945875054702,6.663777097156968e-06
Y-,10.3,6.800000000000001,36.787033223001345,0.0,-0.03562628017296238,-1.032549149606812,6.66371863349688e-06,-5.998500510094049e-05,-0.1749654324512317,-1.7472948520627207e-05,-0.04157897886097226,-1.0226559570492315,-0.0030262767771685123,-1.4911688778247487e-08,-0.16685733714473017,0.00033354795734746336,-0.036375838188508945,-1.0098517674107867,-1.217931593177987e-05,0.0,-0.2,0.0,1.5707963267948966,1.5707963267948966,-2.962962962962963,-2.962962962962963,1.5707961635606633,1.570796233506301,-2.621143349573269,-2.623351008114645,-0.0016519945875054702,6.663777097156968e-06
Y-,10.3,6.800000000000001,36.81294883800001,0.0,-0.03562628017296238,-1.032549149606812,6.66371863349688e-06,-5.998500510094049e-05,-0.1749654324512317,-1.7472948520627207e-05,-0.04157897886097226,-1.0226559570492315,-0.0030262767771685123,-1.4911688778247487e-08,-0.16685733714473017,0.00033354795734746336,-0.036375838188508945,-1.0098517674107867,-1.217931593177987e-05,0.0,-0.2,0.0,1.5707963267948966,1.5707963267948966,-2.962962962962963,-2.962962962962963,1.5707961635606633,1.570796233506301,-2.621143349573269,-2.623351008114645,-0.0016519945875054702,6.663777097156968e-06
Y-,10.3,6.800000000000001,36.85096851900016,0.0,-0.03562628017296238,-1.032549149606812,6.66371863349688e-06,-5.998500510094049e-05,-0.1749654324512317,-1.7472948520627207e-05,-0.04157897886097226,-1.0226559570492315,-0.0030262767771685123,-1.4911688778247487e-08,-0.16685733714473017,0.00033354795734746336,-0.036375838188508945,-1.0098517674107867,-1.217931593177987e-05,0.0,-0.2,0.0,1.5707963267948966,1.5707963267948966,-2.962962962962963,-2.962962962962963,1.5707961635606633,1.570796233506301,-2.621143349573269,-2.623351008114645,-0.0016519945875054702,6.663777097156968e-06
Y-,10.3,6.800000000000001,36.88236493700242,0.0,-0.03562628017296238,-1.032549149606812,6.66371863349688e-06,-5.998500510094049e-05,-0.1749654324512317,-1.7472948520627207e-05,-0.04157897886097226,-1.0226559570492315,-0.0030262767771685123,-1.4911688778247487e-08,-0.16685733714473017,0.00033354795734746336,-0.036375838188508945,-1.0098517674107867,-1.217931593177987e-05,0.0,-0.2,0.0,1.5707963267948966,1.5707963267948966,-2.962962962962963,-2.962962962962963,1.5707961635606633,1.570796233506301,-2.621143349573269,-2.623351008114645,-0.0016519945875054702,6.663777097156968e-06
Y-,10.3,6.800000000000001,36.91927830400164,0.0,-0.03562628017296238,-1.032549149606812,6.66371863349688e-06,-5.998500510094049e-05,-0.1749654324512317,-1.7472948520627207e-05,-0.04157897886097226,-1.0226559570492315,-0.0030262767771685123,-1.4911688778247487e-08,-0.16685733714473017,0.00033354795734746336,-0.036375838188508945,-1.0098517674107867,-1.217931593177987e-05,0.0,-0.2,0.0,1.5707963267948966,1.5707963267948966,-2.962962962962963,-2.962962962962963,1.5707961635606633,1.570796233506301,-2.621143349573269,-2.623351008114645,-0.0016519945875054702,6.663777097156968e-06
Y-,10.3,6.800000000000001,36.94625920100225,0.0,-0.03562628017296238,-1.032549149606812,6.66371863349688e-06,-5.998500510094049e-05,-0.1749654324512317,-1.7472948520627207e-05,-0.04157897886097226,-1.0226559570492315,-0.0030262767771685123,-1.4911688778247487e-08,-0.16685733714473017,0.00033354795734746336,-0.036375838188508945,-1.0098517674107867,-1.217931593177987e-05,0.0,-0.2,0.0,1.5707963267948966,1.5707963267948966,-2.962962962962963,-2.962962962962963,1.5707961635606633,1.570796233506301,-2.621143349573269,-2.623351008114645,-0.0016519945875054702,6.663777097156968e-06
Y-,10.3,6.800000000000001,36.97527541400268,0.0,-0.035626277337959936,-1.0337828919258065,6.664225949810233e-06,-5.994824775856212e-05,-0.17466114979935995,-1.750522378643983e-05,-0.04157897886097226,-1.0226559570492315,-0.0030262767771685123,-1.4911688778247487e-08,-0.16685733714473017,0.00033354795734746336,-0.036375838188508945,-1.0098517674107867,-1.217931593177987e-05,0.0,-0.2,0.0,1.5707963267948966,1.5707963267948966,-2.962962962962963,-2.962962962962963,1.570795898386856,1.5707962310222312,-2.621907476387183,-2.6238563672717623,-0.0016519945875054702,6.663777097156968e-06
Y-,10.3,6.800000000000001,37.004033752000396,0.0,-0.03562626762229366,-1.037296145765487,6.6660074351688435e-06,-5.9746559011431024e-05,-0.17378436906693243,-1.8132856786468662e-05,-0.04157897886097226,-1.0226559570492315,-0.0030262767771685123,-1.4911688778247487e-08,-0.16685733714473017,0.00033354795734746336,-0.036375838188508945,-1.0098517674107867,-1.217931593177987e-05,0.0,-0.2,0.0,1.5707963267948966,1.5707963267948966,-2.962962962962963,-2.962962962962963,1.5707954419177401,1.5707962261785493,-2.6234538461792396,-2.624841501779364,0.0028490458702967324,6.665676309622237e-06
Y-,10.3,6.800000000000001,37.036600106999686,0.0,-0.03562625749768627,-1.040094129838284,6.665280339291035e-06,-5.9501683673842296e-05,-0.17307493009707012,-1.8697545503932187e-05,-0.04157897886097226,-1.0226559570492315,-0.0030262767771685123,-1.4911688778247487e-08,-0.16685733714473017,0.00033354795734746336,-0.036375838188508945,-1.0098517674107867,-1.217931593177987e-05,0.0,-0.2,0.0,1.5707963267948966,1.5707963267948966,-2.962962962962963,-2.962962962962963,1.5707949976337572,1.5707962215196813,-2.625032914351167,-2.625861689017107,0.003799982098567087,6.665666186588125e-06
Y-,10.3,6.800000000000001,37.08732596900154,0.0,-0.03562624820466891,-1.0421851810964182,6.6619805452750375e-06,-5.926256331829646e-05,-0.17253793701013512,-1.9223755545988765e-05,-0.04162961759337252,-1.0393843338865685,-0.0030204106650447418,-1.387944732102385e-07,-0.1672845348180684,5.866112123769698e-05,-0.03637592050117128,-1.0268611852801874,0.00013926258047503232,0.0,-0.2,0.0,1.5707963267948966,1.5707963267948966,-2.962962962962963,-2.962962962962963,1.5707947747885331,1.5707962192672769,-2.6258545371763176,-2.6264071525621313,0.0017674908148431752,6.659858477943554e-06
Y-,10.4,6.9,37.115269165002246,0.09999999999999964,-0.0356262249965719,-1.0461750051958096,6.6459981392883865e-06,-5.865468555117774e-05,-0.1714958400566069,-2.052331330916361e-05,-0.04162961759337252,-1.0393843338865685,-0.0030204106650447418,-1.387944732102385e-07,-0.1672845348180684,5.866112123769698e-05,-0.03637592050117128,-1.0268611852801874,0.00013926258047503232,0.0,-0.2,0.0,1.5707963267948966,1.5707963267948966,-2.962962962962963,-2.962962962962963,1.570794326739068,1.5707962149165002,-2.6276030560811634,-2.6276115068988575,-0.0005717233214377516,6.65371857877637e-06
Y-,10.4,6.9,37.14185854400057,0.0,-0.035626199541636296,-1.0494528388417388,6.6193444316569835e-06,-5.8120104515109545e-05,-0.17062066005350449,-2.157201715236817e-05,-0.04162961759337252,-1.0393843338865685,-0.0030204106650447418,-1.387944732102385e-07,-0.1672845348180684,5.866112123769698e-05,-0.03637592050117128,-1.0268611852801874,0.00013926258047503232,0.0,-0.2,0.0,1.5707963267948966,1.5707963267948966,-2.962962962962963,-2.962962962962963,1.5707938749983459,1.5707962108154847,-2.6295461708915306,-2.629020966632377,0.0004124307499757017,6.6257324070396855e-06
Y-,10.4,6.9,37.1668876190015,0.0,-0.03562619653601893,-1.0497969095799407,6.615983626209234e-06,-5.802574486245969e-05,-0.1704811605229272,-2.174437913560337e-05,-0.04162961759337252,-1.0393843338865685,-0.0030204106650447418,-1.387944732102385e-07,-0.1672845348180684,5.866112123769698e-05,-0.03637592050117128,-1.0268611852801874,0.00013926258047503232,0.0,-0.2,0.0,1.5707963267948966,1.5707963267948966,-2.962962962962963,-2.962962962962963,1.5707938749983459,1.5707962108154847,-2.6295461708915306,-2.629020966632377,0.0004124307499757017,6.6257324070396855e-06
Y-,10.4,6.9,37.19457831700129,0.0,-0.03562619653601893,-1.0497969095799407,6.615983626209234e-06,-5.802574486245969e-05,-0.1704811605229272,-2.174437913560337e-05,-0.04162961759337252,-1.0393843338865685,-0.0030204106650447418,-1.387944732102385e-07,-0.1672845348180684,5.866112123769698e-05,-0.03637592050117128,-1.0268611852801874,0.00013926258047503232,0.0,-0.2,0.0,1.5707963267948966,1.5707963267948966,-2.962962962962963,-2.962962962962963,1.5707938749983459,1.5707962108154847,-2.6295461708915306,-2.629020966632377,0.0004124307499757017,6.6257324070396855e-06
Y-,10.4,6.9,37.22341763100121,0.0,-0.03562619653601893,-1.0497969095799407,6.615983626209234e-06,-5.802574486245969e-05,-0.1704811605229272,-2.174437913560337e-05,-0.04162961759337252,-1.0393843338865685,-0.0030204106650447418,-1.387944732102385e-07,-0.1672845348180684,5.866112123769698e-05,-0.03637592050117128,-1.0268611852801874,0.00013926258047503232,0.0,-0.2,0.0,1.5707963267948966,1.5707963267948966,-2.962962962962963,-2.962962962962963,1.5707938749983459,1.5707962108154847,-2.6295461708915306,-2.629020966632377,0.0004124307499757017,6.6257324070396855e-06
Y-,10.4,6.9,37.2524298290009,0.0,-0.03562619653601893,-1.0497969095799407,6.615983626209234e-06,-5.802574486245969e-05,-0.1704811605229272,-2.174437913560337e-05,-0.04162961759337252,-1.0393843338865685,-0.0030204106650447418,-1.387944732102385e-07,-0.1672845348180684,5.866112123769698e-05,-0.03637592050117128,-1.0268611852801874,0.00013926258047503232,0.0,-0.2,0.0,1.5707963267948966,1.5707963267948966,-2.962962962962963,-2.962962962962963,1.5707938749983459,1.5707962108154847,-2.6295461708915306,-2.629020966632377,0.0004124307499757017,6.6257324070396855e-06
Y-,10.4,6.9,37.275998864999565,0.0,-0.03562619653601893,-1.0497969095799407,6.615983626209234e-06,-5.802574486245969e-05,-0.1704811605229272,-2.174437913560337e-05,-0.04162961759337252,-1.0393843338865685,-0.0030204106650447418,-1.387944732102385e-07,-0.1672845348180684,5.866112123769698e-05,-0.03637592050117128,-1.0268611852801874,0.00013926258047503232,0.0,-0.2,0.0,1.5707963267948966,1.5707963267948966,-2.962962962962963,-2.962962962962963,1.5707938749983459,1.5707962108154847,-2.6295461708915306,-2.629020966632377,0.0004124307499757017,6.6257324070396855e-06
Y-,10.4,6.9,37.307367818000785,0.0,-0.03562619653601893,-1.0497969095799407,6.615983626209234e-06,-5.802574486245969e-05,-0.1704811605229272,-2.174437913560337e-05,-0.04162961759337252,-1.0393843338865685,-0.0030204106650447418,-1.387944732102385e-07,-0.1672845348180684,5.866112123769698e-05,-0.03637592050117128,-1.0268611852801874,0.00013926258047503232,0.0,-0.2,0.0,1.5707963267948966,1.5707963267948966,-2.962962962962963,-2.962962962962963,1.5707938749983459,1.5707962108154847,-2.6295461708915306,-2.629020966632377,0.0004124307499757017,6.6257324070396855e-06
Y-,10.4,6.9,37.33363639600066,0.0,-0.03562619653601893,-1.0497969095799407,6.615983626209234e-06,-5.802574486245969e-05,-0.1704811605229272,-2.174437913560337e-05,-0.04162961759337252,-1.0393843338865685,-0.0030204106650447418,-1.387944732102385e-07,-0.1672845348180684,5.866112123769698e-05,-0.03637592050117128,-1.0268611852801874,0.00013926258047503232,0.0,-0.2,0.0,1.5707963267948966,1.5707963267948966,-2.962962962962963,-2.962962962962963,1.5707938749983459,1.5707962108154847,-2.6295461708915306,-2.629020966632377,0.0004124307499757017,6.6257324070396855e-06
Y-,10.4,6.9,37.36103096300212,0.0,-0.03562619653601893,-1.0497969095799407,6.615983626209234e-06,-5.802574486245969e-05,-0.1704811605229272,-2.174437913560337e-05,-0.04162961759337252,-1.0393843338865685,-0.0030204106650447418,-1.387944732102385e-07,-0.1672845348180684,5.866112123769698e-05,-0.03637592050117128,-1.0268611852801874,0.00013926258047503232,0.0,-0.2,0.0,1.5707963267948966,1.5707963267948966,-2.962962962962963,-2.962962962962963,1.5707938749983459,1.5707962108154847,-2.6295461708915306,-2.629020966632377,0.0004124307499757017,6.6257324070396855e-06
Y-,10.4,6.9,37.39134100500087,0.0,-0.03562619653601893,-1.0497969095799407,6.615983626209234e-06,-5.802574486245969e-05,-0.1704811605229272,-2.174437913560337e-05,-0.04162961759337252,-1.0393843338865685,-0.0030204106650447418,-1.387944732102385e-07,-0.1672845348180684,5.866112123769698e-05,-0.03637592050117128,-1.0268611852801874,0.00013926258047503232,0.0,-0.2,0.0,1.5707963267948966,1.5707963267948966,-2.962962962962963,-2.962962962962963,1.5707938749983459,1.5707962108154847,-2.6295461708915306,-2.629020966632377,0.0004124307499757017,6.6257324070396855e-06
Y-,10.4,6.9,37.4165506390018,0.0,-0.03562619653601893,-1.0497969095799407,6.615983626209234e-06,-5.802574486245969e-05,-0.1704811605229272,-2.174437913560337e-05,-0.04162961759337252,-1.0393843338865685,-0.0030204106650447418,-1.387944732102385e-07,-0.1672845348180684,5.866112123769698e-05,-0.03637592050117128,-1.0268611852801874,0.00013926258047503232,0.0,-0.2,0.0,1.5707963267948966,1.5707963267948966,-2.962962962962963,-2.962962962962963,1.5707938749983459,1.5707962108154847,-2.6295461708915306,-2.629020966632377,0.0004124307499757017,6.6257324070396855e-06
Y-,10.4,6.9,37.44199256700085,0.0,-0.03562619653601893,-1.0497969095799407,6.615983626209234e-06,-5.802574486245969e-05,-0.1704811605229272,-2.174437913560337e-05,-0.04162961759337252,-1.0393843338865685,-0.0030204106650447418,-1.387944732102385e-07,-0.1672845348180684,5.866112123769698e-05,-0.03637592050117128,-1.0268611852801874,0.00013926258047503232,0.0,-0.2,0.0,1.5707963267948966,1.5707963267948966,-2.962962962962963,-2.962962962962963,1.5707938749983459,1.5707962108154847,-2.6295461708915306,-2.629020966632377,0.0004124307499757017,6.6257324070396855e-06
Y-,10.4,6.9,37.47433724200164,0.0,-0.03562619653601893,-1.0497969095799407,6.615983626209234e-06,-5.802574486245969e-05,-0.1704811605229272,-2.174437913560337e-05,-0.04162961759337252,-1.0393843338865685,-0.0030204106650447418,-1.387944732102385e-07,-0.1672845348180684,5.866112123769698e-05,-0.03637592050117128,-1.0268611852801874,0.00013926258047503232,0.0,-0.2,0.0,1.5707963267948966,1.5707963267948966,-2.962962962962963,-2.962962962962963,1.5707938749983459,1.5707962108154847,-2.6295461708915306,-2.629020966632377,0.0004124307499757017,6.6257324070396855e-06
Y-,10.4,6.9,37.504143768001086,0.0,-0.035626188733544735,-1.0506562767108911,6.607062395248537e-06,-5.789698065920884e-05,-0.1702945630180575,-2.1979924422321898e-05,-0.04162961759337252,-1.0393843338865685,-0.0030204106650447418,-1.387944732102385e-07,-0.1672845348180684,5.866112123769698e-05,-0.03637592050117128,-1.0268611852801874,0.00013926258047503232,0.0,-0.2,0.0,1.5707963267948966,1.5707963267948966,-2.962962962962963,-2.962962962962963,1.5707936475464361,1.5707962088666427,-2.63061102673732,-2.6298241693746953,0.0030216393244800474,6.608904974640513e-06
Y-,10.4,6.9,37.54169989000002,0.0,-0.035626149206672016,-1.0544236233211526,6.559143177338846e-06,-5.708733296023983e-05,-0.16925504450776213,-2.312526790937894e-05,-0.04162961759337252,-1.0393843338865685,-0.0030204106650447418,-1.387944732102385e-07,-0.1672845348180684,5.866112123769698e-05,-0.03637592050117128,-1.0268611852801874,0.00013926258047503232,0.0,-0.2,0.0,1.5707963267948966,1.5707963267948966,-2.962962962962963,-2.962962962962963,1.570793189882533,1.5707962051968796,-2.632967601845756,-2.6316674185529574,0.004109743420091853,6.568704051789536e-06
Y-,10.4,6.9,37.582216271002835,0.0,-0.035626092114423996,-1.0586767620432016,6.478911559242098e-06,-5.568771162613172e-05,-0.16804239002052995,-2.5986175256451612e-05,-0.04162961759337252,-1.0393843338865685,-0.0030204106650447418,-1.387944732102385e-07,-0.1672845348180684,5.866112123769698e-05,-0.03637592050117128,-1.0268611852801874,0.00013926258047503232,0.0,-0.2,0.0,1.5707963267948966,1.5707963267948966,-2.962962962962963,-2.962962962962963,1.5707927295164579,1.570796201851846,-2.6356851567695654,-2.6338810040076974,0.0009855300319187553,6.5132523882717125e-06
Y-,10.5,7.0,37.60939490900273,0.09999999999999964,-0.03562605240132837,-1.0610452231147238,6.413530432793137e-06,-5.4553641597406745e-05,-0.16734608732983994,-2.795581595061856e-05,-0.04168034203066279,-1.0561678254570277,-0.003039562072155412,-3.1246055565150305e-07,-0.16783568222021206,-0.0001915140711066933,-0.036374858650787094,-1.0424158643929353,0.00023166411589281604,0.0,-0.2,0.0,1.5707963267948966,1.5707963267948966,-2.962962962962963,-2.962962962962963,1.5707922675364463,1.5707961987806316,-2.6388378300013495,-2.636538329024669,-0.0026652755161916046,6.4239314777747965e-06
Y-,10.5,7.0,37.637029212000925,0.0,-0.0356259876553945,-1.0640759931883728,6.255894625639943e-06,-5.020662443806151e-05,-0.16642934946639032,-4.1419126897956e-05,-0.04168034203066279,-1.0561678254570277,-0.003039562072155412,-3.1246055565150305e-07,-0.16783568222021206,-0.0001915140711066933,-0.036374858650787094,-1.0424158643929353,0.00023166411589281604,0.0,-0.2,0.0,1.5707963267948966,1.5707963267948966,-2.962962962962963,-2.962962962962963,1.5707918076146656,1.5707961960539256,-2.6425440710470327,-2.6396965387139852,-0.0022435430842909845,6.255894625639943e-06
Y-,10.5,7.0,37.668403748000856,0.0,-0.035625910668997035,-1.0667560755822445,5.968043719876567e-06,-4.489934920263181e-05,-0.1655914705626626,-5.7541298444497126e-05,-0.04168034203066279,-1.0561678254570277,-0.003039562072155412,-3.1246055565150305e-07,-0.16783568222021206,-0.0001915140711066933,-0.036374858650787094,-1.0424158643929353,0.00023166411589281604,0.0,-0.2,0.0,1.5707963267948966,1.5707963267948966,-2.962962962962963,-2.962962962962963,1.5707915779425026,1.570796194828855,-2.644647496200064,-2.641484658803765,0.0013598338779274007,6.068545591843142e-06
Y-,10.5,7.0,37.69543912000154,0.0,-0.035625910668997035,-1.0667560755822445,5.968043719876567e-06,-4.489934920263181e-05,-0.1655914705626626,-5.7541298444497126e-05,-0.04168034203066279,-1.0561678254570277,-0.003039562072155412,-3.1246055565150305e-07,-0.16783568222021206,-0.0001915140711066933,-0.036374858650787094,-1.0424158643929353,0.00023166411589281604,0.0,-0.2,0.0,1.5707963267948966,1.5707963267948966,-2.962962962962963,-2.962962962962963,1.5707915779425026,1.570796194828855,-2.644647496200064,-2.641484658803765,0.0013598338779274007,6.068545591843142e-06
Y-,10.5,7.0,37.725379273000726,0.0,-0.035625910668997035,-1.0667560755822445,5.968043719876567e-06,-4.489934920263181e-05,-0.1655914705626626,-5.7541298444497126e-05,-0.04168034203066279,-1.0561678254570277,-0.003039562072155412,-3.1246055565150305e-07,-0.16783568222021206,-0.0001915140711066933,-0.036374858650787094,-1.0424158643929353,0.00023166411589281604,0.0,-0.2,0.0,1.5707963267948966,1.5707963267948966,-2.962962962962963,-2.962962962962963,1.5707915779425026,1.570796194828855,-2.644647496200064,-2.641484658803765,0.0013598338779274007,6.068545591843142e-06
Y-,10.5,7.0,37.754521121001744,0.0,-0.035625910668997035,-1.0667560755822445,5.968043719876567e-06,-4.489934920263181e-05,-0.1655914705626626,-5.7541298444497126e-05,-0.04168034203066279,-1.0561678254570277,-0.003039562072155412,-3.1246055565150305e-07,-0.16783568222021206,-0.0001915140711066933,-0.036374858650787094,-1.0424158643929353,0.00023166411589281604,0.0,-0.2,0.0,1.5707963267948966,1.5707963267948966,-2.962962962962963,-2.962962962962963,1.5707915779425026,1.570796194828855,-2.644647496200064,-2.641484658803765,0.0013598338779274007,6.068545591843142e-06
Y-,10.5,7.0,37.78854905800108,0.0,-0.035625910668997035,-1.0667560755822445,5.968043719876567e-06,-4.489934920263181e-05,-0.1655914705626626,-5.7541298444497126e-05,-0.04168034203066279,-1.0561678254570277,-0.003039562072155412,-3.1246055565150305e-07,-0.16783568222021206,-0.0001915140711066933,-0.036374858650787094,-1.0424158643929353,0.00023166411589281604,0.0,-0.2,0.0,1.5707963267948966,1.5707963267948966,-2.962962962962963,-2.962962962962963,1.5707915779425026,1.570796194828855,-2.644647496200064,-2.641484658803765,0.0013598338779274007,6.068545591843142e-06
Y-,10.5,7.0,37.81339433600078,0.0,-0.035625910668997035,-1.0667560755822445,5.968043719876567e-06,-4.489934920263181e-05,-0.1655914705626626,-5.7541298444497126e-05,-0.04168034203066279,-1.0561678254570277,-0.003039562072155412,-3.1246055565150305e-07,-0.16783568222021206,-0.0001915140711066933,-0.036374858650787094,-1.0424158643929353,0.00023166411589281604,0.0,-0.2,0.0,1.5707963267948966,1.5707963267948966,-2.962962962962963,-2.962962962962963,1.5707915779425026,1.570796194828855,-2.644647496200064,-2.641484658803765,0.0013598338779274007,6.068545591843142e-06
Y-,10.5,7.0,37.84089490500264,0.0,-0.035625910668997035,-1.0667560755822445,5.968043719876567e-06,-4.489934920263181e-05,-0.1655914705626626,-5.7541298444497126e-05,-0.04168034203066279,-1.0561678254570277,-0.003039562072155412,-3.1246055565150305e-07,-0.16783568222021206,-0.0001915140711066933,-0.036374858650787094,-1.0424158643929353,0.00023166411589281604,0.0,-0.2,0.0,1.5707963267948966,1.5707963267948966,-2.962962962962963,-2.962962962962963,1.5707915779425026,1.570796194828855,-2.644647496200064,-2.641484658803765,0.0013598338779274007,6.068545591843142e-06
Y-,10.5,7.0,37.86736245599968,0.0,-0.035625910668997035,-1.0667560755822445,5.968043719876567e-06,-4.489934920263181e-05,-0.1655914705626626,-5.7541298444497126e-05,-0.04168034203066279,-1.0561678254570277,-0.003039562072155412,-3.1246055565150305e-07,-0.16783568222021206,-0.0001915140711066933,-0.036374858650787094,-1.0424158643929353,0.00023166411589281604,0.0,-0.2,0.0,1.5707963267948966,1.5707963267948966,-2.962962962962963,-2.962962962962963,1.5707915779425026,1.570796194828855,-2.644647496200064,-2.641484658803765,0.0013598338779274007,6.068545591843142e-06
Y-,10.5,7.0,37.89574188700135,0.0,-0.035625910668997035,-1.0667560755822445,5.968043719876567e-06,-4.489934920263181e-05,-0.1655914705626626,-5.7541298444497126e-05,-0.04168034203066279,-1.0561678254570277,-0.003039562072155412,-3.1246055565150305e-07,-0.16783568222021206,-0.0001915140711066933,-0.036374858650787094,-1.0424158643929353,0.00023166411589281604,0.0,-0.2,0.0,1.5707963267948966,1.5707963267948966,-2.962962962962963,-2.962962962962963,1.5707915779425026,1.570796194828855,-2.644647496200064,-2.641484658803765,0.0013598338779274007,6.068545591843142e-06
Y-,10.5,7.0,37.92834522300109,0.0,-0.035625910668997035,-1.0667560755822445,5.968043719876567e-06,-4.489934920263181e-05,-0.1655914705626626,-5.7541298444497126e-05,-0.04168034203066279,-1.0561678254570277,-0.003039562072155412,-3.1246055565150305e-07,-0.16783568222021206,-0.0001915140711066933,-0.036374858650787094,-1.0424158643929353,0.00023166411589281604,0.0,-0.2,0.0,1.5707963267948966,1.5707963267948966,-2.962962962962963,-2.962962962962963,1.5707915779425026,1.570796194828855,-2.644647496200064,-2.641484658803765,0.0013598338779274007,6.068545591843142e-06
Y-,10.5,7.0,37.95782371700261,0.0,-0.035625910668997035,-1.0667560755822445,5.968043719876567e-06,-4.489934920263181e-05,-0.1655914705626626,-5.7541298444497126e-05,-0.04168034203066279,-1.0561678254570277,-0.003039562072155412,-3.1246055565150305e-07,-0.16783568222021206,-0.0001915140711066933,-0.036374858650787094,-1.0424158643929353,0.00023166411589281604,0.0,-0.2,0.0,1.5707963267948966,1.5707963267948966,-2.962962962962963,-2.962962962962963,1.5707915779425026,1.570796194828855,-2.644647496200064,-2.641484658803765,0.0013598338779274007,6.068545591843142e-06
Y-,10.5,7.0,37.991445679002936,0.0,-0.035625910668997035,-1.0667560755822445,5.968043719876567e-06,-4.489934920263181e-05,-0.1655914705626626,-5.7541298444497126e-05,-0.04168034203066279,-1.0561678254570277,-0.003039562072155412,-3.1246055565150305e-07,-0.16783568222021206,-0.0001915140711066933,-0.036374858650787094,-1.0424158643929353,0.00023166411589281604,0.0,-0.2,0.0,1.5707963267948966,1.5707963267948966,-2.962962962962963,-2.962962962962963,1.5707915779425026,1.570796194828855,-2.644647496200064,-2.641484658803765,0.0013598338779274007,6.068545591843142e-06
Y-,10.5,7.0,38.02008313500119,0.0,-0.035625910668997035,-1.0667560755822445,5.968043719876567e-06,-4.489934920263181e-05,-0.1655914705626626,-5.7541298444497126e-05,-0.04168034203066279,-1.0561678254570277,-0.003039562072155412,-3.1246055565150305e-07,-0.16783568222021206,-0.0001915140711066933,-0.036374858650787094,-1.0424158643929353,0.00023166411589281604,0.0,-0.2,0.0,1.5707963267948966,1.5707963267948966,-2.962962962962963,-2.962962962962963,1.5707915779425026,1.570796194828855,-2.644647496200064,-2.641484658803765,0.0013598338779274007,6.068545591843142e-06
Y-,10.5,7.0,38.043713267001294,0.0,-0.035625910668997035,-1.0667560755822445,5.968043719876567e-06,-4.489934920263181e-05,-0.1655914705626626,-5.7541298444497126e-05,-0.04168034203066279,-1.0561678254570277,-0.003039562072155412,-3.1246055565150305e-07,-0.16783568222021206,-0.0001915140711066933,-0.036374858650787094,-1.0424158643929353,0.00023166411589281604,0.0,-0.2,0.0,1.5707963267948966,1.5707963267948966,-2.962962962962963,-2.962962962962963,1.5707915779425026,1.570796194828855,-2.644647496200064,-2.641484658803765,0.0013598338779274007,6.068545591843142e-06
Y-,10.5,7.0,38.07697347700014,0.0,-0.035625910668997035,-1.0667560755822445,5.968043719876567e-06,-4.489934920263181e-05,-0.1655914705626626,-5.7541298444497126e-05,-0.04168034203066279,-1.0561678254570277,-0.003039562072155412,-3.1246055565150305e-07,-0.16783568222021206,-0.0001915140711066933,-0.036374858650787094,-1.0424158643929353,0.00023166411589281604,0.0,-0.2,0.0,1.5707963267948966,1.5707963267948966,-2.962962962962963,-2.962962962962963,1.5707915779425026,1.570796194828855,-2.644647496200064,-2.641484658803765,0.0013598338779274007,6.068545591843142e-06
Y-,10.5,7.0,38.10422045100131,0.0,-0.035625910668997035,-1.0667560755822445,5.968043719876567e-06,-4.489934920263181e-05,-0.1655914705626626,-5.7541298444497126e-05,-0.04168034203066279,-1.0561678254570277,-0.003039562072155412,-3.1246055565150305e-07,-0.16783568222021206,-0.0001915140711066933,-0.036374858650787094,-1.0424158643929353,0.00023166411589281604,0.0,-0.2,0.0,1.5707963267948966,1.5707963267948966,-2.962962962962963,-2.962962962962963,1.5707915779425026,1.570796194828855,-2.644647496200064,-2.641484658803765,0.0013598338779274007,6.068545591843142e-06
Y-,10.5,7.0,38.129297149000195,0.0,-0.03562586588621968,-1.0680910809316007,5.787354821977406e-06,-4.0572977379334845e-05,-0.1651632175961453,-6.856243820285304e-05,-0.04168034203066279,-1.0561678254570277,-0.003039562072155412,-3.1246055565150305e-07,-0.16783568222021206,-0.0001915140711066933,-0.036374858650787094,-1.0424158643929353,0.00023166411589281604,0.0,-0.2,0.0,1.5707963267948966,1.5707963267948966,-2.962962962962963,-2.962962962962963,1.5707913465997319,1.570796193688265,-2.646902719089226,-2.6434492176536453,0.006148753736134727,5.836334823434137e-06
Y-,10.5,7.0,38.15946127400093,0.0,-0.03562574256876058,-1.0709165270350054,5.170841895576566e-06,-2.6180870842868015e-05,-0.1642301701781719,-0.00011522876558257795,-0.04168034203066279,-1.0561678254570277,-0.003039562072155412,-3.1246055565150305e-07,-0.16783568222021206,-0.0001915140711066933,-0.036374858650787094,-1.0424158643929353,0.00023166411589281604,0.0,-0.2,0.0,1.5707963267948966,1.5707963267948966,-2.962962962962963,-2.962962962962963,1.570790889652395,1.5707961915695092,-2.6520745865875726,-2.6478478550847058,0.0015843310569286933,5.123606329297383e-06
Y-,10.5,7.0,38.18924992100074,0.0,-0.035625613119439695,-1.0733962888123307,4.395913073015828e-06,-1.2758212529581853e-05,-0.16337832270651584,-0.00015160300538950603,-0.04168034203066279,-1.0561678254570277,-0.003039562072155412,-3.1246055565150305e-07,-0.16783568222021206,-0.0001915140711066933,-0.036374858650787094,-1.0424158643929353,0.00023166411589281604,0.0,-0.2,0.0,1.5707963267948966,1.5707963267948966,-2.962962962962963,-2.962962962962963,1.570790657533533,1.5707961905973065,-2.654981906990202,-2.6503508691817617,0.0017448914538621982,4.612155725609343e-06
Y-,10.5,7.0,38.22220885200295,0.0,-0.03562550066758099,-1.0753708463059648,3.7280784318247396e-06,-2.5399525645913032e-06,-0.16267517371727044,-0.00017524452404686316,-0.04168034203066279,-1.0561678254570277,-0.003039562072155412,-3.1246055565150305e-07,-0.16783568222021206,-0.0001915140711066933,-0.036374858650787094,-1.0424158643929353,0.00023166411589281604,0.0,-0.2,0.0,1.5707963267948966,1.5707963267948966,-2.962962962962963,-2.962962962962963,1.570790189103855,1.5707960599441204,-2.6614423600574275,-2.656166674912167,0.0018111984186789897,3.9528583428614915e-06
Y-,10.600000000000001,7.100000000000001,38.25427315200068,0.10000000000000142,-0.035625246901010814,-1.0786427894354131,2.356501748445145e-06,8.140591571414535e-06,-0.16145134224406532,-0.0002120159948493846,-0.04173187603671667,-1.0731043318302793,-0.0030955644219207512,-5.428485675835408e-07,-0.16936584776218194,-0.0005600234976534006,-0.03636435840147402,-1.0776413742254203,0.0005129810247694885,0.0,-0.2,0.0,1.5707963267948966,1.5707963267948966,-2.962962962962963,-2.962962962962963,1.5707899604946354,1.5707957757070927,-2.665053951880281,-2.6595799690055673,0.00157322081883311,2.677180180136302e-06
Y-,10.600000000000001,7.100000000000001,38.28189708100035,0.0,-0.035624941985020864,-1.0817280850803077,7.470405300763585e-07,9.743807889019753e-06,-0.1602231164450679,-0.000213488223686459,-0.04173187603671667,-1.0731043318302793,-0.0030955644219207512,-5.428485675835408e-07,-0.16936584776218194,-0.0005600234976534006,-0.03636435840147402,-1.0776413742254203,0.0005129810247694885,0.0,-0.2,0.0,1.5707963267948966,1.5707963267948966,-2.962962962962963,-2.962962962962963,1.5707895007931088,1.5707951677379155,-2.6730830748816143,-2.667172517735594,-0.0011353534187570737,1.0792445376441148e-06
Y-,10.600000000000001,7.100000000000001,38.311332080000284,0.0,-0.03562484534159366,-1.0826975150518015,2.591771249417488e-07,1.0261187717425604e-05,-0.15982037659645995,-0.00021177330797899312,-0.04173187603671667,-1.0731043318302793,-0.0030955644219207512,-5.428485675835408e-07,-0.16936584776218194,-0.0005600234976534006,-0.03636435840147402,-1.0776413742254203,0.0005129810247694885,0.0,-0.2,0.0,1.5707963267948966,1.5707963267948966,-2.962962962962963,-2.962962962962963,1.5707892649387842,1.5707948334012638,-2.677555773682295,-2.671507850645959,0.00044171775927335377,2.591771249417488e-07
Y-,10.600000000000001,7.100000000000001,38.34137613600251,0.0,-0.03562484534159366,-1.0826975150518015,2.591771249417488e-07,1.0261187717425604e-05,-0.15982037659645995,-0.00021177330797899312,-0.04173187603671667,-1.0731043318302793,-0.0030955644219207512,-5.428485675835408e-07,-0.16936584776218194,-0.0005600234976534006,-0.03636435840147402,-1.0776413742254203,0.0005129810247694885,0.0,-0.2,0.0,1.5707963267948966,1.5707963267948966,-2.962962962962963,-2.962962962962963,1.5707892649387842,1.5707948334012638,-2.677555773682295,-2.671507850645959,0.00044171775927335377,2.591771249417488e-07
Y-,10.600000000000001,7.100000000000001,38.36790335600017,0.0,-0.03562484534159366,-1.0826975150518015,2.591771249417488e-07,1.0261187717425604e-05,-0.15982037659645995,-0.00021177330797899312,-0.04173187603671667,-1.0731043318302793,-0.0030955644219207512,-5.428485675835408e-07,-0.16936584776218194,-0.0005600234976534006,-0.03636435840147402,-1.0776413742254203,0.0005129810247694885,0.0,-0.2,0.0,1.5707963267948966,1.5707963267948966,-2.962962962962963,-2.962962962962963,1.5707892649387842,1.5707948334012638,-2.677555773682295,-2.671507850645959,0.00044171775927335377,2.591771249417488e-07
Y-,10.600000000000001,7.100000000000001,38.394132317000185,0.0,-0.03562484534159366,-1.0826975150518015,2.591771249417488e-07,1.0261187717425604e-05,-0.15982037659645995,-0.00021177330797899312,-0.04173187603671667,-1.0731043318302793,-0.0030955644219207512,-5.428485675835408e-07,-0.16936584776218194,-0.0005600234976534006,-0.03636435840147402,-1.0776413742254203,0.0005129810247694885,0.0,-0.2,0.0,1.5707963267948966,1.5707963267948966,-2.962962962962963,-2.962962962962963,1.5707892649387842,1.5707948334012638,-2.677555773682295,-2.671507850645959,0.00044171775927335377,2.591771249417488e-07
Y-,10.600000000000001,7.100000000000001,38.42373408500134,0.0,-0.03562484534159366,-1.0826975150518015,2.591771249417488e-07,1.0261187717425604e-05,-0.15982037659645995,-0.00021177330797899312,-0.04173187603671667,-1.0731043318302793,-0.0030955644219207512,-5.428485675835408e-07,-0.16936584776218194,-0.0005600234976534006,-0.03636435840147402,-1.0776413742254203,0.0005129810247694885,0.0,-0.2,0.0,1.5707963267948966,1.5707963267948966,-2.962962962962963,-2.962962962962963,1.5707892649387842,1.5707948334012638,-2.677555773682295,-2.671507850645959,0.00044171775927335377,2.591771249417488e-07
Y-,10.600000000000001,7.100000000000001,38.456193870999414,0.0,-0.03562484534159366,-1.0826975150518015,2.591771249417488e-07,1.0261187717425604e-05,-0.15982037659645995,-0.00021177330797899312,-0.04173187603671667,-1.0731043318302793,-0.0030955644219207512,-5.428485675835408e-07,-0.16936584776218194,-0.0005600234976534006,-0.03636435840147402,-1.0776413742254203,0.0005129810247694885,0.0,-0.2,0.0,1.5707963267948966,1.5707963267948966,-2.962962962962963,-2.962962962962963,1.5707892649387842,1.5707948334012638,-2.677555773682295,-2.671507850645959,0.00044171775927335377,2.591771249417488e-07
Y-,10.600000000000001,7.100000000000001,38.483771531002276,0.0,-0.03562484534159366,-1.0826975150518015,2.591771249417488e-07,1.0261187717425604e-05,-0.15982037659645995,-0.00021177330797899312,-0.04173187603671667,-1.0731043318302793,-0.0030955644219207512,-5.428485675835408e-07,-0.16936584776218194,-0.0005600234976534006,-0.03636435840147402,-1.0776413742254203,0.0005129810247694885,0.0,-0.2,0.0,1.5707963267948966,1.5707963267948966,-2.962962962962963,-2.962962962962963,1.5707892649387842,1.5707948334012638,-2.677555773682295,-2.671507850645959,0.00044171775927335377,2.591771249417488e-07
Y-,10.600000000000001,7.100000000000001,38.51504399700207,0.0,-0.03562484534159366,-1.0826975150518015,2.591771249417488e-07,1.0261187717425604e-05,-0.15982037659645995,-0.00021177330797899312,-0.04173187603671667,-1.0731043318302793,-0.0030955644219207512,-5.428485675835408e-07,-0.16936584776218194,-0.0005600234976534006,-0.03636435840147402,-1.0776413742254203,0.0005129810247694885,0.0,-0.2,0.0,1.5707963267948966,1.5707963267948966,-2.962962962962963,-2.962962962962963,1.5707892649387842,1.5707948334012638,-2.677555773682295,-2.671507850645959,0.00044171775927335377,2.591771249417488e-07
Y-,10.600000000000001,7.100000000000001,38.545068493000144,0.0,-0.03562484534159366,-1.0826975150518015,2.591771249417488e-07,1.0261187717425604e-05,-0.15982037659645995,-0.00021177330797899312,-0.04173187603671667,-1.0731043318302793,-0.0030955644219207512,-5.428485675835408e-07,-0.16936584776218194,-0.0005600234976534006,-0.03636435840147402,-1.0776413742254203,0.0005129810247694885,0.0,-0.2,0.0,1.5707963267948966,1.5707963267948966,-2.962962962962963,-2.962962962962963,1.5707892649387842,1.5707948334012638,-2.677555773682295,-2.671507850645959,0.00044171775927335377,2.591771249417488e-07
Y-,10.600000000000001,7.100000000000001,38.57279929000288,0.0,-0.03562484534159366,-1.0826975150518015,2.591771249417488e-07,1.0261187717425604e-05,-0.15982037659645995,-0.00021177330797899312,-0.04173187603671667,-1.0731043318302793,-0.0030955644219207512,-5.428485675835408e-07,-0.16936584776218194,-0.0005600234976534006,-0.03636435840147402,-1.0776413742254203,0.0005129810247694885,0.0,-0.2,0.0,1.5707963267948966,1.5707963267948966,-2.962962962962963,-2.962962962962963,1.5707892649387842,1.5707948334012638,-2.677555773682295,-2.671507850645959,0.00044171775927335377,2.591771249417488e-07
Y-,10.600000000000001,7.100000000000001,38.60238177300198,0.0,-0.03562484534159366,-1.0826975150518015,2.591771249417488e-07,1.0261187717425604e-05,-0.15982037659645995,-0.00021177330797899312,-0.04173187603671667,-1.0731043318302793,-0.0030955644219207512,-5.428485675835408e-07,-0.16936584776218194,-0.0005600234976534006,-0.03636435840147402,-1.0776413742254203,0.0005129810247694885,0.0,-0.2,0.0,1.5707963267948966,1.5707963267948966,-2.962962962962963,-2.962962962962963,1.5707892649387842,1.5707948334012638,-2.677555773682295,-2.671507850645959,0.00044171775927335377,2.591771249417488e-07
Y-,10.600000000000001,7.100000000000001,38.63264246300241,0.0,-0.03562472982258502,-1.0838254640635099,-3.076570084123186e-07,1.1015373721764922e-05,-0.15934058753203173,-0.00021177542113307891,-0.04173187603671667,-1.0731043318302793,-0.0030955644219207512,-5.428485675835408e-07,-0.16936584776218194,-0.0005600234976534006,-0.03636435840147402,-1.0776413742254203,0.0005129810247694885,0.0,-0.2,0.0,1.5707963267948966,1.5707963267948966,-2.962962962962963,-2.962962962962963,1.5707890317413504,1.5707944762442487,-2.6824231246072476,-2.6762349662846594,0.00044171775927335377,2.591771249417488e-07
Y-,10.600000000000001,7.100000000000001,38.656338805001724,0.0,-0.035624473507810166,-1.0862310792757428,-1.5655712119113341e-06,1.3207917865568623e-05,-0.15827347932474414,-0.0002183024323480716,-0.04173187603671667,-1.0731043318302793,-0.0030955644219207512,-5.428485675835408e-07,-0.16936584776218194,-0.0005600234976534006,-0.03636435840147402,-1.0776413742254203,0.0005129810247694885,0.0,-0.2,0.0,1.5707963267948966,1.5707963267948966,-2.962962962962963,-2.962962962962963,1.5707888056823887,1.5707941031378834,-2.6877361792514396,-2.681387757666736,-0.002517480242957693,-1.388404890047151e-06
Y-,10.600000000000001,7.100000000000001,38.68861715400271,0.0,-0.03562408356598773,-1.0895714407481851,-3.524774168731501e-06,1.6390689836675925e-05,-0.15667859974150872,-0.00022808195933777522,-0.04173187603671667,-1.0731043318302793,-0.0030955644219207512,-5.428485675835408e-07,-0.16936584776218194,-0.0005600234976534006,-0.03636435840147402,-1.0776413742254203,0.0005129810247694885,0.0,-0.2,0.0,1.5707963267948966,1.5707963267948966,-2.962962962962963,-2.962962962962963,1.5707883644196308,1.570793285922873,-2.6998448171855594,-2.6931758254765548,-0.002639950799263441,-3.329864710783547e-06
Y-,10.600000000000001,7.100000000000001,38.72401505000016,0.0,-0.03562358467786357,-1.093502885402269,-6.024903557305849e-06,1.9753754483048343e-05,-0.15459662184836556,-0.00023196646544097394,-0.04178543572723044,-1.0903718627113705,-0.0031688711458131872,-1.0676501429763655e-06,-0.17267613945142643,-0.0007330672389243574,-0.03636172523885455,-1.0944685643496261,0.00021710968725541165,0.0,-0.2,0.0,1.5707963267948966,1.5707963267948966,-2.962962962962963,-2.962962962962963,1.5707877225206008,1.5707918725704335,-2.7224228046013232,-2.7153969616480946,0.000352430774777512,-5.315533503316211e-06
Y-,10.700000000000001,7.200000000000001,38.74683560000267,0.09999999999999964,-0.03562331596280526,-1.0955262105773216,-7.351001927528377e-06,2.1703310150602743e-05,-0.15342244951564224,-0.00023288731103238987,-0.04178543572723044,-1.0903718627113705,-0.0031688711458131872,-1.0676501429763655e-06,-0.17267613945142643,-0.0007330672389243574,-0.03636172523885455,-1.0944685643496261,0.00021710968725541165,0.0,-0.2,0.0,1.5707963267948966,1.5707963267948966,-2.962962962962963,-2.962962962962963,1.570787515008785,1.570791348247913,-2.7314049856816123,-2.7241622710496567,-0.0013931111776285083,-7.351001927528377e-06
Y-,10.700000000000001,7.200000000000001,38.781349960001535,0.0,-0.03562301827632189,-1.0976878358587145,-8.854168667563676e-06,2.4409285378838673e-05,-0.15207719867679084,-0.00024206627912340878,-0.04178543572723044,-1.0903718627113705,-0.0031688711458131872,-1.0676501429763655e-06,-0.17267613945142643,-0.0007330672389243574,-0.03636172523885455,-1.0944685643496261,0.00021710968725541165,0.0,-0.2,0.0,1.5707963267948966,1.5707963267948966,-2.962962962962963,-2.962962962962963,1.5707871164461,1.57079018470718,-2.752168086799647,-2.7443919506520795,-0.004066699936951271,-8.412772532695585e-06
Y-,10.700000000000001,7.200000000000001,38.81319448100112,0.0,-0.03562301827632189,-1.0976878358587145,-8.854168667563676e-06,2.4409285378838673e-05,-0.15207719867679084,-0.00024206627912340878,-0.04178543572723044,-1.0903718627113705,-0.0031688711458131872,-1.0676501429763655e-06,-0.17267613945142643,-0.0007330672389243574,-0.03636172523885455,-1.0944685643496261,0.00021710968725541165,0.0,-0.2,0.0,1.5707963267948966,1.5707963267948966,-2.962962962962963,-2.962962962962963,1.5707871164461,1.57079018470718,-2.752168086799647,-2.7443919506520795,-0.004066699936951271,-8.412772532695585e-06
Y-,10.700000000000001,7.200000000000001,38.844381933002296,0.0,-0.03562301827632189,-1.0976878358587145,-8.854168667563676e-06,2.4409285378838673e-05,-0.15207719867679084,-0.00024206627912340878,-0.04178543572723044,-1.0903718627113705,-0.0031688711458131872,-1.0676501429763655e-06,-0.17267613945142643,-0.0007330672389243574,-0.03636172523885455,-1.0944685643496261,0.00021710968725541165,0.0,-0.2,0.0,1.5707963267948966,1.5707963267948966,-2.962962962962963,-2.962962962962963,1.5707871164461,1.57079018470718,-2.752168086799647,-2.7443919506520795,-0.004066699936951271,-8.412772532695585e-06
Y-,10.700000000000001,7.200000000000001,38.87144695200186,0.0,-0.03562301827632189,-1.0976878358587145,-8.854168667563676e-06,2.4409285378838673e-05,-0.15207719867679084,-0.00024206627912340878,-0.04178543572723044,-1.0903718627113705,-0.0031688711458131872,-1.0676501429763655e-06,-0.17267613945142643,-0.0007330672389243574,-0.03636172523885455,-1.0944685643496261,0.00021710968725541165,0.0,-0.2,0.0,1.5707963267948966,1.5707963267948966,-2.962962962962963,-2.962962962962963,1.5707871164461,1.57079018470718,-2.752168086799647,-2.7443919506520795,-0.004066699936951271,-8.412772532695585e-06
Y-,10.700000000000001,7.200000000000001,38.901137844000914,0.0,-0.03562301827632189,-1.0976878358587145,-8.854168667563676e-06,2.4409285378838673e-05,-0.15207719867679084,-0.00024206627912340878,-0.04178543572723044,-1.0903718627113705,-0.0031688711458131872,-1.0676501429763655e-06,-0.17267613945142643,-0.0007330672389243574,-0.03636172523885455,-1.0944685643496261,0.00021710968725541165,0.0,-0.2,0.0,1.5707963267948966,1.5707963267948966,-2.962962962962963,-2.962962962962963,1.5707871164461,1.57079018470718,-2.752168086799647,-2.7443919506520795,-0.004066699936951271,-8.412772532695585e-06
Y-,10.700000000000001,7.200000000000001,38.93206529999952,0.0,-0.03562301827632189,-1.0976878358587145,-8.854168667563676e-06,2.4409285378838673e-05,-0.15207719867679084,-0.00024206627912340878,-0.04178543572723044,-1.0903718627113705,-0.0031688711458131872,-1.0676501429763655e-06,-0.17267613945142643,-0.0007330672389243574,-0.03636172523885455,-1.0944685643496261,0.00021710968725541165,0.0,-0.2,0.0,1.5707963267948966,1.5707963267948966,-2.962962962962963,-2.962962962962963,1.5707871164461,1.57079018470718,-2.752168086799647,-2.7443919506520795,-0.004066699936951271,-8.412772532695585e-06
Y-,10.700000000000001,7.200000000000001,38.958790611999575,0.0,-0.03562301827632189,-1.0976878358587145,-8.854168667563676e-06,2.4409285378838673e-05,-0.15207719867679084,-0.00024206627912340878,-0.04178543572723044,-1.0903718627113705,-0.0031688711458131872,-1.0676501429763655e-06,-0.17267613945142643,-0.0007330672389243574,-0.03636172523885455,-1.0944685643496261,0.00021710968725541165,0.0,-0.2,0.0,1.5707963267948966,1.5707963267948966,-2.962962962962963,-2.962962962962963,1.5707871164461,1.57079018470718,-2.752168086799647,-2.7443919506520795,-0.004066699936951271,-8.412772532695585e-06
Y-,10.700000000000001,7.200000000000001,38.983084070001496,0.0,-0.03562301827632189,-1.0976878358587145,-8.854168667563676e-06,2.4409285378838673e-05,-0.15207719867679084,-0.00024206627912340878,-0.04178543572723044,-1.0903718627113705,-0.0031688711458131872,-1.0676501429763655e-06,-0.17267613945142643,-0.0007330672389243574,-0.03636172523885455,-1.0944685643496261,0.00021710968725541165,0.0,-0.2,0.0,1.5707963267948966,1.5707963267948966,-2.962962962962963,-2.962962962962963,1.5707871164461,1.57079018470718,-2.752168086799647,-2.7443919506520795,-0.004066699936951271,-8.412772532695585e-06
Y-,10.700000000000001,7.200000000000001,39.013068985001155,0.0,-0.03562301827632189,-1.0976878358587145,-8.854168667563676e-06,2.4409285378838673e-05,-0.15207719867679084,-0.00024206627912340878,-0.04178543572723044,-1.0903718627113705,-0.0031688711458131872,-1.0676501429763655e-06,-0.17267613945142643,-0.0007330672389243574,-0.03636172523885455,-1.0944685643496261,0.00021710968725541165,0.0,-0.2,0.0,1.5707963267948966,1.5707963267948966,-2.962962962962963,-2.962962962962963,1.5707871164461,1.57079018470718,-2.752168086799647,-2.7443919506520795,-0.004066699936951271,-8.412772532695585e-06
Y-,10.700000000000001,7.200000000000001,39.039899761002744,0.0,-0.03562301827632189,-1.0976878358587145,-8.854168667563676e-06,2.4409285378838673e-05,-0.15207719867679084,-0.00024206627912340878,-0.04178543572723044,-1.0903718627113705,-0.0031688711458131872,-1.0676501429763655e-06,-0.17267613945142643,-0.0007330672389243574,-0.03636172523885455,-1.0944685643496261,0.00021710968725541165,0.0,-0.2,0.0,1.5707963267948966,1.5707963267948966,-2.962962962962963,-2.962962962962963,1.5707871164461,1.57079018470718,-2.752168086799647,-2.7443919506520795,-0.004066699936951271,-8.412772532695585e-06
Y-,10.700000000000001,7.200000000000001,39.0646275830004,0.0,-0.03562277115162289,-1.0993728797411435,-1.012642780981691e-05,2.6250387654389696e-05,-0.15095373667866327,-0.000247794920013381,-0.04178543572723044,-1.0903718627113705,-0.0031688711458131872,-1.0676501429763655e-06,-0.17267613945142643,-0.0007330672389243574,-0.03636172523885455,-1.0944685643496261,0.00021710968725541165,0.0,-0.2,0.0,1.5707963267948966,1.5707963267948966,-2.962962962962963,-2.962962962962963,1.5707869247782673,1.570789542836744,-2.76411836557416,-2.7561466940338675,0.000202876796476146,-9.54067013000003e-06
Y-,10.700000000000001,7.200000000000001,39.0921868300029,0.0,-0.03562238715895362,-1.1019522163108715,-1.212989008260234e-05,2.8819071784212766e-05,-0.14908563841843356,-0.0002488543132589537,-0.04178543572723044,-1.0903718627113705,-0.0031688711458131872,-1.0676501429763655e-06,-0.17267613945142643,-0.0007330672389243574,-0.03636172523885455,-1.0944685643496261,0.00021710968725541165,0.0,-0.2,0.0,1.5707963267948966,1.5707963267948966,-2.962962962962963,-2.962962962962963,1.5707867319684778,1.570788857444012,-2.777244042207228,-2.7691773757436007,-0.0012218664098711052,-1.212989008260234e-05
Y-,10.700000000000001,7.200000000000001,39.125226542000746,0.0,-0.03562193682384074,-1.1049447205971963,-1.4465453319160875e-05,3.205609439960801e-05,-0.1466476573919952,-0.0002487022927811049,-0.04178543572723044,-1.0903718627113705,-0.0031688711458131872,-1.0676501429763655e-06,-0.17267613945142643,-0.0007330672389243574,-0.03636172523885455,-1.0944685643496261,0.00021710968725541165,0.0,-0.2,0.0,1.5707963267948966,1.5707963267948966,-2.962962962962963,-2.962962962962963,1.570786357979368,1.5707873283068725,-2.8075451262434603,-2.7996243097784026,0.0009036011962301956,-1.4465453319160875e-05
Y-,10.700000000000001,7.200000000000001,39.15397960700284,0.0,-0.03562151039966479,-1.1077408404847113,-1.6699632332278383e-05,3.571489708603141e-05,-0.14404356953644007,-0.0002516362303204544,-0.041842562413479285,-1.1083425684812869,-0.003249766428364607,-1.7964374668186586e-06,-0.17970796568180075,-0.0008089528255141966,-0.03635849943938645,-1.1123381005385298,5.892069396473631e-05,0.0,-0.2,0.0,1.5707963267948966,1.5707963267948966,-2.962962962962963,-2.962962962962963,1.570785991363552,1.570785577638948,-2.8440638896894685,-2.8369431786045927,-0.0024854856940158205,-1.5636602164290874e-05
Y-,10.8,7.300000000000001,39.19459601000199,0.09999999999999964,-0.03562099623109916,-1.1110565770522511,-1.9455937783378007e-05,4.075131730682497e-05,-0.1404414317768536,-0.0002552348598708068,-0.041842562413479285,-1.1083425684812869,-0.003249766428364607,-1.7964374668186586e-06,-0.17970796568180075,-0.0008089528255141966,-0.03635849943938645,-1.1123381005385298,5.892069396473631e-05,0.0,-0.2,0.0,1.5707963267948966,1.5707963267948966,-2.962962962962963,-2.962962962962963,1.5707854381959496,1.5707824693211156,-2.911440698256875,-2.907617267440053,0.0003302806314658254,-1.9335401367129342e-05
Y-,10.8,7.300000000000001,39.23069096300242,0.0,-0.03562068800722785,-1.113033320402982,-2.1155140622882977e-05,4.4343916048211534e-05,-0.13797650912171658,-0.00025749654488552924,-0.041842562413479285,-1.1083425684812869,-0.003249766428364607,-1.7964374668186586e-06,-0.17970796568180075,-0.0008089528255141966,-0.03635849943938645,-1.1123381005385298,5.892069396473631e-05,0.0,-0.2,0.0,1.5707963267948966,1.5707963267948966,-2.962962962962963,-2.962962962962963,1.5707852458779081,1.5707813030296114,-2.9366824781035645,-2.9346311708621937,-0.00024352590170064272,-2.0545653837566223e-05
Y-,10.8,7.300000000000001,39.259808822000196,0.0,-0.03562068800722785,-1.113033320402982,-2.1155140622882977e-05,4.4343916048211534e-05,-0.13797650912171658,-0.00025749654488552924,-0.041842562413479285,-1.1083425684812869,-0.003249766428364607,-1.7964374668186586e-06,-0.17970796568180075,-0.0008089528255141966,-0.03635849943938645,-1.1123381005385298,5.892069396473631e-05,0.0,-0.2,0.0,1.5707963267948966,1.5707963267948966,-2.962962962962963,-2.962962962962963,1.5707852458779081,1.5707813030296114,-2.9366824781035645,-2.9346311708621937,-0.00024352590170064272,-2.0545653837566223e-05
Y-,10.8,7.300000000000001,39.29381830500279,0.0,-0.03562068800722785,-1.113033320402982,-2.1155140622882977e-05,4.4343916048211534e-05,-0.13797650912171658,-0.00025749654488552924,-0.041842562413479285,-1.1083425684812869,-0.003249766428364607,-1.7964374668186586e-06,-0.17970796568180075,-0.0008089528255141966,-0.03635849943938645,-1.1123381005385298,5.892069396473631e-05,0.0,-0.2,0.0,1.5707963267948966,1.5707963267948966,-2.962962962962963,-2.962962962962963,1.5707852458779081,1.5707813030296114,-2.9366824781035645,-2.9346311708621937,-0.00024352590170064272,-2.0545653837566223e-05
Y-,10.8,7.300000000000001,39.32792372100084,0.0,-0.03562068800722785,-1.113033320402982,-2.1155140622882977e-05,4.4343916048211534e-05,-0.13797650912171658,-0.00025749654488552924,-0.041842562413479285,-1.1083425684812869,-0.003249766428364607,-1.7964374668186586e-06,-0.17970796568180075,-0.0008089528255141966,-0.03635849943938645,-1.1123381005385298,5.892069396473631e-05,0.0,-0.2,0.0,1.5707963267948966,1.5707963267948966,-2.962962962962963,-2.962962962962963,1.5707852458779081,1.5707813030296114,-2.9366824781035645,-2.9346311708621937,-0.00024352590170064272,-2.0545653837566223e-05
Y-,10.8,7.300000000000001,39.36154581500159,0.0,-0.03562068800722785,-1.113033320402982,-2.1155140622882977e-05,4.4343916048211534e-05,-0.13797650912171658,-0.00025749654488552924,-0.041842562413479285,-1.1083425684812869,-0.003249766428364607,-1.7964374668186586e-06,-0.17970796568180075,-0.0008089528255141966,-0.03635849943938645,-1.1123381005385298,5.892069396473631e-05,0.0,-0.2,0.0,1.5707963267948966,1.5707963267948966,-2.962962962962963,-2.962962962962963,1.5707852458779081,1.5707813030296114,-2.9366824781035645,-2.9346311708621937,-0.00024352590170064272,-2.0545653837566223e-05
Y-,10.8,7.300000000000001,39.39021981800033,0.0,-0.03562068800722785,-1.113033320402982,-2.1155140622882977e-05,4.4343916048211534e-05,-0.13797650912171658,-0.00025749654488552924,-0.041842562413479285,-1.1083425684812869,-0.003249766428364607,-1.7964374668186586e-06,-0.17970796568180075,-0.0008089528255141966,-0.03635849943938645,-1.1123381005385298,5.892069396473631e-05,0.0,-0.2,0.0,1.5707963267948966,1.5707963267948966,-2.962962962962963,-2.962962962962963,1.5707852458779081,1.5707813030296114,-2.9366824781035645,-2.9346311708621937,-0.00024352590170064272,-2.0545653837566223e-05
Y-,10.8,7.300000000000001,39.41943786800039,0.0,-0.03562068800722785,-1.113033320402982,-2.1155140622882977e-05,4.4343916048211534e-05,-0.13797650912171658,-0.00025749654488552924,-0.041842562413479285,-1.1083425684812869,-0.003249766428364607,-1.7964374668186586e-06,-0.17970796568180075,-0.0008089528255141966,-0.03635849943938645,-1.1123381005385298,5.892069396473631e-05,0.0,-0.2,0.0,1.5707963267948966,1.5707963267948966,-2.962962962962963,-2.962962962962963,1.5707852458779081,1.5707813030296114,-2.9366824781035645,-2.9346311708621937,-0.00024352590170064272,-2.0545653837566223e-05
Y-,10.8,7.300000000000001,39.44809706200249,0.0,-0.03562068800722785,-1.113033320402982,-2.1155140622882977e-05,4.4343916048211534e-05,-0.13797650912171658,-0.00025749654488552924,-0.041842562413479285,-1.1083425684812869,-0.003249766428364607,-1.7964374668186586e-06,-0.17970796568180075,-0.0008089528255141966,-0.03635849943938645,-1.1123381005385298,5.892069396473631e-05,0.0,-0.2,0.0,1.5707963267948966,1.5707963267948966,-2.962962962962963,-2.962962962962963,1.5707852458779081,1.5707813030296114,-2.9366824781035645,-2.9346311708621937,-0.00024352590170064272,-2.0545653837566223e-05
Y-,10.8,7.300000000000001,39.47197992600195,0.0,-0.03562068800722785,-1.113033320402982,-2.1155140622882977e-05,4.4343916048211534e-05,-0.13797650912171658,-0.00025749654488552924,-0.041842562413479285,-1.1083425684812869,-0.003249766428364607,-1.7964374668186586e-06,-0.17970796568180075,-0.0008089528255141966,-0.03635849943938645,-1.1123381005385298,5.892069396473631e-05,0.0,-0.2,0.0,1.5707963267948966,1.5707963267948966,-2.962962962962963,-2.962962962962963,1.5707852458779081,1.5707813030296114,-2.9366824781035645,-2.9346311708621937,-0.00024352590170064272,-2.0545653837566223e-05
Y-,10.8,7.300000000000001,39.49661970700254,0.0,-0.03562068800722785,-1.113033320402982,-2.1155140622882977e-05,4.4343916048211534e-05,-0.13797650912171658,-0.00025749654488552924,-0.041842562413479285,-1.1083425684812869,-0.003249766428364607,-1.7964374668186586e-06,-0.17970796568180075,-0.0008089528255141966,-0.03635849943938645,-1.1123381005385298,5.892069396473631e-05,0.0,-0.2,0.0,1.5707963267948966,1.5707963267948966,-2.962962962962963,-2.962962962962963,1.5707852458779081,1.5707813030296114,-2.9366824781035645,-2.9346311708621937,-0.00024352590170064272,-2.0545653837566223e-05
Y-,10.8,7.300000000000001,39.52270889300053,0.0,-0.03562068800722785,-1.113033320402982,-2.1155140622882977e-05,4.4343916048211534e-05,-0.13797650912171658,-0.00025749654488552924,-0.041842562413479285,-1.1083425684812869,-0.003249766428364607,-1.7964374668186586e-06,-0.17970796568180075,-0.0008089528255141966,-0.03635849943938645,-1.1123381005385298,5.892069396473631e-05,0.0,-0.2,0.0,1.5707963267948966,1.5707963267948966,-2.962962962962963,-2.962962962962963,1.5707852458779081,1.5707813030296114,-2.9366824781035645,-2.9346311708621937,-0.00024352590170064272,-2.0545653837566223e-05
Y-,10.8,7.300000000000001,39.55151468300028,0.0,-0.03562068800722785,-1.113033320402982,-2.1155140622882977e-05,4.4343916048211534e-05,-0.13797650912171658,-0.00025749654488552924,-0.041842562413479285,-1.1083425684812869,-0.003249766428364607,-1.7964374668186586e-06,-0.17970796568180075,-0.0008089528255141966,-0.03635849943938645,-1.1123381005385298,5.892069396473631e-05,0.0,-0.2,0.0,1.5707963267948966,1.5707963267948966,-2.962962962962963,-2.962962962962963,1.5707852458779081,1.5707813030296114,-2.9366824781035645,-2.9346311708621937,-0.00024352590170064272,-2.0545653837566223e-05
Y-,10.8,7.300000000000001,39.57544356500148,0.0,-0.035620514155660504,-1.1141474485980796,-2.213392112651327e-05,4.6589995884367374e-05,-0.13647167346816866,-0.0002586152387060209,-0.041842562413479285,-1.1083425684812869,-0.003249766428364607,-1.7964374668186586e-06,-0.17970796568180075,-0.0008089528255141966,-0.03635849943938645,-1.1123381005385298,5.892069396473631e-05,0.0,-0.2,0.0,1.5707963267948966,1.5707963267948966,-2.962962962962963,-2.962962962962963,1.5707850362528477,1.5707800614912655,-2.9624564573357235,-2.9623908881227345,-0.0016516588543757898,-2.1768989292685585e-05
Y-,10.8,7.300000000000001,39.607182400002785,0.0,-0.03562013918387729,-1.116610057915508,-2.4302910760968618e-05,5.21552007047705e-05,-0.13284591230245726,-0.0002568747079835601,-0.041842562413479285,-1.1083425684812869,-0.003249766428364607,-1.7964374668186586e-06,-0.17970796568180075,-0.0008089528255141966,-0.03635849943938645,-1.1123381005385298,5.892069396473631e-05,0.0,-0.2,0.0,1.5707963267948966,1.5707963267948966,-2.962962962962963,-2.962962962962963,1.5707845863286023,1.5707775459915991,-3.0109768030699158,-3.0143936160148637,-0.0004824350464420279,-2.4302910760968618e-05
Y-,10.8,7.300000000000001,39.63602763900053,0.0,-0.03561971808864873,-1.1197914864662657,-2.6849638369096296e-05,5.494957009283365e-05,-0.12765766792135852,-0.00022486473829743655,-0.041842562413479285,-1.1083425684812869,-0.003249766428364607,-1.7964374668186586e-06,-0.17970796568180075,-0.0008089528255141966,-0.03635849943938645,-1.1123381005385298,5.892069396473631e-05,0.0,-0.2,0.0,1.5707963267948966,1.5707963267948966,-2.962962962962963,-2.962962962962963,1.570784113084752,1.5707752998535138,-3.0437666800609366,-3.0461071920127867,-0.0028850802585435958,-2.6488013649493148e-05
Y-,10.8,7.300000000000001,39.66243845500139,0.0,-0.03561962251286385,-1.1208250314237609,-2.743669608445961e-05,5.7626088299544116e-05,-0.12591245419225697,-0.00020010840222999075,-0.041905917982137844,-1.1277387132916126,-0.003224921476174671,-3.224048142829505e-06,-0.19396248279686978,0.0002484495218993681,-0.036346537557059744,-1.1274743559849159,0.00020266839221205722,0.0,-0.2,0.0,1.5707963267948966,1.5707963267948966,-2.962962962962963,-2.962962962962963,1.5707839205411682,1.5707745047506867,-3.0489055922027055,-3.047119849315906,-0.0004146083608114364,-2.7308627588717723e-05
Y-,10.9,7.4,39.69686806900063,0.09999999999999964,-0.03561915340944021,-1.1235990549847374,-2.972415721575928e-05,5.301213499344215e-05,-0.12137287470496859,-0.00020548107015680024,-0.041905917982137844,-1.1277387132916126,-0.003224921476174671,-3.224048142829505e-06,-0.19396248279686978,0.0002484495218993681,-0.036346537557059744,-1.1274743559849159,0.00020266839221205722,0.0,-0.2,0.0,1.5707963267948966,1.5707963267948966,-2.962962962962963,-2.962962962962963,1.5707836519337333,1.5707741923607799,-3.0271727773819914,-3.006612976628227,-0.0026558802505499256,-2.9355867598728567e-05
Y-,10.9,7.4,39.72443229599958,0.0,-0.03561961505694505,-1.12616202395791,-2.678017771950995e-05,-6.417623167768769e-05,-0.1178332538939285,0.0003833819705091473,-0.041905917982137844,-1.1277387132916126,-0.003224921476174671,-3.224048142829505e-06,-0.19396248279686978,0.0002484495218993681,-0.036346537557059744,-1.1274743559849159,0.00020266839221205722,0.0,-0.2,0.0,1.5707963267948966,1.5707963267948966,-2.962962962962963,-2.962962962962963,1.5707847347824373,1.5707783258452617,-2.9542097982805324,-2.909353367867711,-0.002717713819272175,-2.7955024103373115e-05
Y-,10.9,7.4,39.75084074299957,0.0,-0.03561961505694505,-1.12616202395791,-2.678017771950995e-05,-6.417623167768769e-05,-0.1178332538939285,0.0003833819705091473,-0.041905917982137844,-1.1277387132916126,-0.003224921476174671,-3.224048142829505e-06,-0.19396248279686978,0.0002484495218993681,-0.036346537557059744,-1.1274743559849159,0.00020266839221205722,0.0,-0.2,0.0,1.5707963267948966,1.5707963267948966,-2.962962962962963,-2.962962962962963,1.5707847347824373,1.5707783258452617,-2.9542097982805324,-2.909353367867711,-0.002717713819272175,-2.7955024103373115e-05
Y-,10.9,7.4,39.777906204999454,0.0,-0.03561961505694505,-1.12616202395791,-2.678017771950995e-05,-6.417623167768769e-05,-0.1178332538939285,0.0003833819705091473,-0.041905917982137844,-1.1277387132916126,-0.003224921476174671,-3.224048142829505e-06,-0.19396248279686978,0.0002484495218993681,-0.036346537557059744,-1.1274743559849159,0.00020266839221205722,0.0,-0.2,0.0,1.5707963267948966,1.5707963267948966,-2.962962962962963,-2.962962962962963,1.5707847347824373,1.5707783258452617,-2.9542097982805324,-2.909353367867711,-0.002717713819272175,-2.7955024103373115e-05
Y-,10.9,7.4,39.80604553900048,0.0,-0.03561961505694505,-1.12616202395791,-2.678017771950995e-05,-6.417623167768769e-05,-0.1178332538939285,0.0003833819705091473,-0.041905917982137844,-1.1277387132916126,-0.003224921476174671,-3.224048142829505e-06,-0.19396248279686978,0.0002484495218993681,-0.036346537557059744,-1.1274743559849159,0.00020266839221205722,0.0,-0.2,0.0,1.5707963267948966,1.5707963267948966,-2.962962962962963,-2.962962962962963,1.5707847347824373,1.5707783258452617,-2.9542097982805324,-2.909353367867711,-0.002717713819272175,-2.7955024103373115e-05
Y-,10.9,7.4,39.83738607000123,0.0,-0.03561961505694505,-1.12616202395791,-2.678017771950995e-05,-6.417623167768769e-05,-0.1178332538939285,0.0003833819705091473,-0.041905917982137844,-1.1277387132916126,-0.003224921476174671,-3.224048142829505e-06,-0.19396248279686978,0.0002484495218993681,-0.036346537557059744,-1.1274743559849159,0.00020266839221205722,0.0,-0.2,0.0,1.5707963267948966,1.5707963267948966,-2.962962962962963,-2.962962962962963,1.5707847347824373,1.5707783258452617,-2.9542097982805324,-2.909353367867711,-0.002717713819272175,-2.7955024103373115e-05
Y-,10.9,7.4,39.866624428999785,0.0,-0.03561961505694505,-1.12616202395791,-2.678017771950995e-05,-6.417623167768769e-05,-0.1178332538939285,0.0003833819705091473,-0.041905917982137844,-1.1277387132916126,-0.003224921476174671,-3.224048142829505e-06,-0.19396248279686978,0.0002484495218993681,-0.036346537557059744,-1.1274743559849159,0.00020266839221205722,0.0,-0.2,0.0,1.5707963267948966,1.5707963267948966,-2.962962962962963,-2.962962962962963,1.5707847347824373,1.5707783258452617,-2.9542097982805324,-2.909353367867711,-0.002717713819272175,-2.7955024103373115e-05
Y-,10.9,7.4,39.895411036999576,0.0,-0.03561961505694505,-1.12616202395791,-2.678017771950995e-05,-6.417623167768769e-05,-0.1178332538939285,0.0003833819705091473,-0.041905917982137844,-1.1277387132916126,-0.003224921476174671,-3.224048142829505e-06,-0.19396248279686978,0.0002484495218993681,-0.036346537557059744,-1.1274743559849159,0.00020266839221205722,0.0,-0.2,0.0,1.5707963267948966,1.5707963267948966,-2.962962962962963,-2.962962962962963,1.5707847347824373,1.5707783258452617,-2.9542097982805324,-2.909353367867711,-0.002717713819272175,-2.7955024103373115e-05
Y-,10.9,7.4,39.926258199000586,0.0,-0.03561961505694505,-1.12616202395791,-2.678017771950995e-05,-6.417623167768769e-05,-0.1178332538939285,0.0003833819705091473,-0.041905917982137844,-1.1277387132916126,-0.003224921476174671,-3.224048142829505e-06,-0.19396248279686978,0.0002484495218993681,-0.036346537557059744,-1.1274743559849159,0.00020266839221205722,0.0,-0.2,0.0,1.5707963267948966,1.5707963267948966,-2.962962962962963,-2.962962962962963,1.5707847347824373,1.5707783258452617,-2.9542097982805324,-2.909353367867711,-0.002717713819272175,-2.7955024103373115e-05
Y-,10.9,7.4,39.953288474000146,0.0,-0.03561961505694505,-1.12616202395791,-2.678017771950995e-05,-6.417623167768769e-05,-0.1178332538939285,0.0003833819705091473,-0.041905917982137844,-1.1277387132916126,-0.003224921476174671,-3.224048142829505e-06,-0.19396248279686978,0.0002484495218993681,-0.036346537557059744,-1.1274743559849159,0.00020266839221205722,0.0,-0.2,0.0,1.5707963267948966,1.5707963267948966,-2.962962962962963,-2.962962962962963,1.5707847347824373,1.5707783258452617,-2.9542097982805324,-2.909353367867711,-0.002717713819272175,-2.7955024103373115e-05
Y-,10.9,7.4,39.98556242700215,0.0,-0.03561961505694505,-1.12616202395791,-2.678017771950995e-05,-6.417623167768769e-05,-0.1178332538939285,0.0003833819705091473,-0.041905917982137844,-1.1277387132916126,-0.003224921476174671,-3.224048142829505e-06,-0.19396248279686978,0.0002484495218993681,-0.036346537557059744,-1.1274743559849159,0.00020266839221205722,0.0,-0.2,0.0,1.5707963267948966,1.5707963267948966,-2.962962962962963,-2.962962962962963,1.5707847347824373,1.5707783258452617,-2.9542097982805324,-2.909353367867711,-0.002717713819272175,-2.7955024103373115e-05
Y-,10.9,7.4,40.01372135100246,0.0,-0.03561961505694505,-1.12616202395791,-2.678017771950995e-05,-6.417623167768769e-05,-0.1178332538939285,0.0003833819705091473,-0.041905917982137844,-1.1277387132916126,-0.003224921476174671,-3.224048142829505e-06,-0.19396248279686978,0.0002484495218993681,-0.036346537557059744,-1.1274743559849159,0.00020266839221205722,0.0,-0.2,0.0,1.5707963267948966,1.5707963267948966,-2.962962962962963,-2.962962962962963,1.5707847347824373,1.5707783258452617,-2.9542097982805324,-2.909353367867711,-0.002717713819272175,-2.7955024103373115e-05
Y-,10.9,7.4,40.044223719,0.0,-0.03561965645904958,-1.1264023621394827,-2.6324001811198067e-05,-5.0128927583850935e-05,-0.11755158971786298,0.0003361162044340037,-0.041905917982137844,-1.1277387132916126,-0.003224921476174671,-3.224048142829505e-06,-0.19396248279686978,0.0002484495218993681,-0.036346537557059744,-1.1274743559849159,0.00020266839221205722,0.0,-0.2,0.0,1.5707963267948966,1.5707963267948966,-2.962962962962963,-2.962962962962963,1.5707847347824373,1.5707783258452617,-2.9542097982805324,-2.909353367867711,-0.002717713819272175,-2.7955024103373115e-05
Y-,10.9,7.4,40.075030219002656,0.0,-0.03562002358838969,-1.128186181701753,-2.5244427649143488e-05,-0.00019755185790858263,-0.11557644637041077,0.00037264094787233204,-0.041905917982137844,-1.1277387132916126,-0.003224921476174671,-3.224048142829505e-06,-0.19396248279686978,0.0002484495218993681,-0.036346537557059744,-1.1274743559849159,0.00020266839221205722,0.0,-0.2,0.0,1.5707963267948966,1.5707963267948966,-2.962962962962963,-2.962962962962963,1.5707902028447895,1.570793985776901,-2.8431510286039394,-2.773924297537376,-0.0010644888380339824,-2.581537778133441e-05
Y-,10.9,7.4,40.10832090400072,0.0,-0.03562023648563326,-1.1302942300738492,-2.4219925353677984e-05,3.422567445715917e-05,-0.11455022601923096,-6.484259271870803e-05,-0.041905917982137844,-1.1277387132916126,-0.003224921476174671,-3.224048142829505e-06,-0.19396248279686978,0.0002484495218993681,-0.036346537557059744,-1.1274743559849159,0.00020266839221205722,0.0,-0.2,0.0,1.5707963267948966,1.5707963267948966,-2.962962962962963,-2.962962962962963,1.5707952931947569,1.5707991734059368,-2.741991651321203,-2.666044809739881,0.0022335600965806904,-2.3714735724674824e-05
Y-,10.9,7.4,40.13949064100234,0.0,-0.035619766464462285,-1.13180992431873,-2.3938244261817902e-05,-4.3960189979461246e-05,-0.11477503219992771,0.0001574178404108642,-0.041905917982137844,-1.1277387132916126,-0.003224921476174671,-3.224048142829505e-06,-0.19396248279686978,0.0002484495218993681,-0.036346537557059744,-1.1274743559849159,0.00020266839221205722,0.0,-0.2,0.0,1.5707963267948966,1.5707963267948966,-2.962962962962963,-2.962962962962963,1.5707971242190926,1.570796308942839,-2.484483618703427,-2.3186688239354174,-0.0033258115137310682,-2.417497120007012e-05
Y-,10.9,7.4,40.16370062600254,0.0,-0.03561856418298909,-1.133704109097011,-1.742808295146613e-05,0.000147083414952262,-0.11730439535402977,0.0006620295423700937,-0.04195093728507579,-1.1416729429914747,-0.005336400588648111,-8.23501133647363e-07,-0.1393430242456994,-0.021114791124734404,-0.03635081533618791,-1.1517588680725435,4.1753788227794373e-05,0.0,-0.2,0.0,1.5707963267948966,1.5707963267948966,-2.962962962962963,-2.962962962962963,1.5707963256927915,1.5707839452432024,-2.2869442449661994,-2.088032968559608,0.000876868163476671,-1.944857812306162e-05
Y-,11.0,7.5,40.190246041001956,0.09999999999999964,-0.035612915139724116,-1.1361654876039025,-1.3882295133710922e-06,0.0005350363845614181,-0.12336520273666124,0.0011627880939366138,-0.04195093728507579,-1.1416729429914747,-0.005336400588648111,-8.23501133647363e-07,-0.1393430242456994,-0.021114791124734404,-0.03635081533618791,-1.1517588680725435,4.1753788227794373e-05,0.0,-0.2,0.0,1.5707963267948966,1.5707963267948966,-2.962962962962963,-2.962962962962963,1.570784324420794,1.5707722404488962,-1.7983554796486905,-1.6787200523250438,0.002692267238744506,-3.5143061255213827e-06
Y-,11.0,7.5,40.21651056900009,0.0,-0.03561084569859767,-1.1389002158028514,2.1352028671404045e-05,7.01892605737346e-05,-0.1315522906607563,0.0011705167584305522,-0.04195093728507579,-1.1416729429914747,-0.005336400588648111,-8.23501133647363e-07,-0.1393430242456994,-0.021114791124734404,-0.03635081533618791,-1.1517588680725435,4.1753788227794373e-05,0.0,-0.2,0.0,1.5707963267948966,1.5707963267948966,-2.962962962962963,-2.962962962962963,1.570784618287652,1.570773347850606,-1.724397813764144,-1.6082782689201873,-0.00036555855103643695,1.8728001738134997e-05
Y-,11.0,7.5,40.25086811300207,0.0,-0.03561084569859767,-1.1389002158028514,2.1352028671404045e-05,7.01892605737346e-05,-0.1315522906607563,0.0011705167584305522,-0.04195093728507579,-1.1416729429914747,-0.005336400588648111,-8.23501133647363e-07,-0.1393430242456994,-0.021114791124734404,-0.03635081533618791,-1.1517588680725435,4.1753788227794373e-05,0.0,-0.2,0.0,1.5707963267948966,1.5707963267948966,-2.962962962962963,-2.962962962962963,1.5707861494784998,1.5707754455698106,-1.6702426238959116,-1.5553044980978803,-0.00036555855103643695,1.8728001738134997e-05
Y-,11.0,7.5,40.27957969600175,0.0,-0.03561084569859767,-1.1389002158028514,2.1352028671404045e-05,7.01892605737346e-05,-0.1315522906607563,0.0011705167584305522,-0.04195093728507579,-1.1416729429914747,-0.005336400588648111,-8.23501133647363e-07,-0.1393430242456994,-0.021114791124734404,-0.03635081533618791,-1.1517588680725435,4.1753788227794373e-05,0.0,-0.2,0.0,1.5707963267948966,1.5707963267948966,-2.962962962962963,-2.962962962962963,1.5707861494784998,1.5707754455698106,-1.6702426238959116,-1.5553044980978803,-0.00036555855103643695,1.8728001738134997e-05
Y-,11.0,7.5,40.31239384000219,0.0,-0.03561084569859767,-1.1389002158028514,2.1352028671404045e-05,7.01892605737346e-05,-0.1315522906607563,0.0011705167584305522,-0.04195093728507579,-1.1416729429914747,-0.005336400588648111,-8.23501133647363e-07,-0.1393430242456994,-0.021114791124734404,-0.03635081533618791,-1.1517588680725435,4.1753788227794373e-05,0.0,-0.2,0.0,1.5707963267948966,1.5707963267948966,-2.962962962962963,-2.962962962962963,1.5707861494784998,1.5707754455698106,-1.6702426238959116,-1.5553044980978803,-0.00036555855103643695,1.8728001738134997e-05
Y-,11.0,7.5,40.34007294700132,0.0,-0.03561084569859767,-1.1389002158028514,2.1352028671404045e-05,7.01892605737346e-05,-0.1315522906607563,0.0011705167584305522,-0.04195093728507579,-1.1416729429914747,-0.005336400588648111,-8.23501133647363e-07,-0.1393430242456994,-0.021114791124734404,-0.03635081533618791,-1.1517588680725435,4.1753788227794373e-05,0.0,-0.2,0.0,1.5707963267948966,1.5707963267948966,-2.962962962962963,-2.962962962962963,1.5707861494784998,1.5707754455698106,-1.6702426238959116,-1.5553044980978803,-0.00036555855103643695,1.8728001738134997e-05
Y-,11.0,7.5,40.37502390300142,0.0,-0.03561084569859767,-1.1389002158028514,2.1352028671404045e-05,7.01892605737346e-05,-0.1315522906607563,0.0011705167584305522,-0.04195093728507579,-1.1416729429914747,-0.005336400588648111,-8.23501133647363e-07,-0.1393430242456994,-0.021114791124734404,-0.03635081533618791,-1.1517588680725435,4.1753788227794373e-05,0.0,-0.2,0.0,1.5707963267948966,1.5707963267948966,-2.962962962962963,-2.962962962962963,1.5707861494784998,1.5707754455698106,-1.6702426238959116,-1.5553044980978803,-0.00036555855103643695,1.8728001738134997e-05
Y-,11.0,7.5,40.40830405499946,0.0,-0.03561084569859767,-1.1389002158028514,2.1352028671404045e-05,7.01892605737346e-05,-0.1315522906607563,0.0011705167584305522,-0.04195093728507579,-1.1416729429914747,-0.005336400588648111,-8.23501133647363e-07,-0.1393430242456994,-0.021114791124734404,-0.03635081533618791,-1.1517588680725435,4.1753788227794373e-05,0.0,-0.2,0.0,1.5707963267948966,1.5707963267948966,-2.962962962962963,-2.962962962962963,1.5707861494784998,1.5707754455698106,-1.6702426238959116,-1.5553044980978803,-0.00036555855103643695,1.8728001738134997e-05
Y-,11.0,7.5,40.44162405600218,0.0,-0.03561084569859767,-1.1389002158028514,2.1352028671404045e-05,7.01892605737346e-05,-0.1315522906607563,0.0011705167584305522,-0.04195093728507579,-1.1416729429914747,-0.005336400588648111,-8.23501133647363e-07,-0.1393430242456994,-0.021114791124734404,-0.03635081533618791,-1.1517588680725435,4.1753788227794373e-05,0.0,-0.2,0.0,1.5707963267948966,1.5707963267948966,-2.962962962962963,-2.962962962962963,1.5707861494784998,1.5707754455698106,-1.6702426238959116,-1.5553044980978803,-0.00036555855103643695,1.8728001738134997e-05
Y-,11.0,7.5,40.47317580800154,0.0,-0.03561084569859767,-1.1389002158028514,2.1352028671404045e-05,7.01892605737346e-05,-0.1315522906607563,0.0011705167584305522,-0.04195093728507579,-1.1416729429914747,-0.005336400588648111,-8.23501133647363e-07,-0.1393430242456994,-0.021114791124734404,-0.03635081533618791,-1.1517588680725435,4.1753788227794373e-05,0.0,-0.2,0.0,1.5707963267948966,1.5707963267948966,-2.962962962962963,-2.962962962962963,1.5707861494784998,1.5707754455698106,-1.6702426238959116,-1.5553044980978803,-0.00036555855103643695,1.8728001738134997e-05
Y-,11.0,7.5,40.50180687300235,0.0,-0.03561084569859767,-1.1389002158028514,2.1352028671404045e-05,7.01892605737346e-05,-0.1315522906607563,0.0011705167584305522,-0.04195093728507579,-1.1416729429914747,-0.005336400588648111,-8.23501133647363e-07,-0.1393430242456994,-0.021114791124734404,-0.03635081533618791,-1.1517588680725435,4.1753788227794373e-05,0.0,-0.2,0.0,1.5707963267948966,1.5707963267948966,-2.962962962962963,-2.962962962962963,1.5707861494784998,1.5707754455698106,-1.6702426238959116,-1.5553044980978803,-0.00036555855103643695,1.8728001738134997e-05
Y-,11.0,7.5,40.536788125002204,0.0,-0.03561084569859767,-1.1389002158028514,2.1352028671404045e-05,7.01892605737346e-05,-0.1315522906607563,0.0011705167584305522,-0.04195093728507579,-1.1416729429914747,-0.005336400588648111,-8.23501133647363e-07,-0.1393430242456994,-0.021114791124734404,-0.03635081533618791,-1.1517588680725435,4.1753788227794373e-05,0.0,-0.2,0.0,1.5707963267948966,1.5707963267948966,-2.962962962962963,-2.962962962962963,1.5707861494784998,1.5707754455698106,-1.6702426238959116,-1.5553044980978803,-0.00036555855103643695,1.8728001738134997e-05
Y-,11.0,7.5,40.56573500000013,0.0,-0.03561084569859767,-1.1389002158028514,2.1352028671404045e-05,7.01892605737346e-05,-0.1315522906607563,0.0011705167584305522,-0.04195093728507579,-1.1416729429914747,-0.005336400588648111,-8.23501133647363e-07,-0.1393430242456994,-0.021114791124734404,-0.03635081533618791,-1.1517588680725435,4.1753788227794373e-05,0.0,-0.2,0.0,1.5707963267948966,1.5707963267948966,-2.962962962962963,-2.962962962962963,1.5707861494784998,1.5707754455698106,-1.6702426238959116,-1.5553044980978803,-0.00036555855103643695,1.8728001738134997e-05
Y-,11.0,7.5,40.591063735002535,0.0,-0.03561130961959517,-1.1405412963212724,2.8965244325593853e-05,1.252443712045134e-05,-0.1366769218017537,0.0007708227287840411,-0.04195093728507579,-1.1416729429914747,-0.005336400588648111,-8.23501133647363e-07,-0.1393430242456994,-0.021114791124734404,-0.03635081533618791,-1.1517588680725435,4.1753788227794373e-05,0.0,-0.2,0.0,1.5707963267948966,1.5707963267948966,-2.962962962962963,-2.962962962962963,1.5707877518508688,1.5707774973528732,-1.621317265061716,-1.5022854374616128,-0.0007448581251861228,2.6396729953392035e-05
Y-,11.0,7.5,40.618021379999846,0.0,-0.03561167644823412,-1.1423875909644787,3.034865927963519e-05,1.930131013475259e-05,-0.14239933840416127,-0.00010779471899893876,-0.04195093728507579,-1.1416729429914747,-0.005336400588648111,-8.23501133647363e-07,-0.1393430242456994,-0.021114791124734404,-0.03635081533618791,-1.1517588680725435,4.1753788227794373e-05,0.0,-0.2,0.0,1.5707963267948966,1.5707963267948966,-2.962962962962963,-2.962962962962963,1.570789414245529,1.570779507092218,-1.5799035178600356,-1.5168701612419537,0.0022202900586771822,3.060834279764725e-05
Y-,11.0,7.5,40.64250881500266,0.0,-0.03561217759214952,-1.1449091283979052,2.206602855520084e-05,1.9135999384169305e-05,-0.14966198914165862,-0.000168961884588235,-0.04195093728507579,-1.1416729429914747,-0.005336400588648111,-8.23501133647363e-07,-0.1393430242456994,-0.021114791124734404,-0.03635081533618791,-1.1517588680725435,4.1753788227794373e-05,0.0,-0.2,0.0,1.5707963267948966,1.5707963267948966,-2.962962962962963,-2.962962962962963,1.5707922898512132,1.570783241892312,-1.5849064970835454,-1.6371777537624688,0.0023515358406233544,2.3495967380535155e-05
Y-,11.0,7.5,40.66576918899955,0.0,-0.035612192643204525,-1.1473861118654796,2.3147435656853072e-05,3.4248894617811243e-07,-0.1557816396041028,6.60857553041487e-05,-0.042005789580504035,-1.1519351347362485,-0.0047815317632266255,-8.860825967297542e-07,-0.1026233833845703,0.0055486882542148536,-0.03636541361697072,-1.161234677130268,-0.0004426283636504969,0.0,-0.2,0.0,1.5707963267948966,1.5707963267948966,-2.962962962962963,-2.962962962962963,1.5707939393251094,1.570785176886301,-1.642688547523629,-1.7018595519696984,0.0007883793431190587,2.3083693017214316e-05
Y-,11.100000000000001,7.600000000000001,40.69127644699984,0.10000000000000142,-0.03561217310345979,-1.1493027185834668,2.3242508816452854e-05,-6.45260971803044e-06,-0.15985927409126532,-1.7119159443386286e-05,-0.042005789580504035,-1.1519351347362485,-0.0047815317632266255,-8.860825967297542e-07,-0.1026233833845703,0.0055486882542148536,-0.03636541361697072,-1.161234677130268,-0.0004426283636504969,0.0,-0.2,0.0,1.5707963267948966,1.5707963267948966,-2.962962962962963,-2.962962962962963,1.5707961976374119,1.5707884066922526,-1.7709850045730042,-1.8294130506756503,0.0025851713824880194,2.3275950347849247e-05
Y-,11.100000000000001,7.600000000000001,40.72025830799976,0.0,-0.035612134929569196,-1.1520938693936846,2.3256086877272827e-05,-1.6749104195910504e-05,-0.16491259893225738,-1.017443428329307e-05,-0.042005789580504035,-1.1519351347362485,-0.0047815317632266255,-8.860825967297542e-07,-0.1026233833845703,0.0055486882542148536,-0.03636541361697072,-1.161234677130268,-0.0004426283636504969,0.0,-0.2,0.0,1.5707963267948966,1.5707963267948966,-2.962962962962963,-2.962962962962963,1.5707961987669306,1.570789790131566,-1.8347165923669053,-1.8916930041538291,0.0027454867719708905,2.3201579716915253e-05
Y-,11.100000000000001,7.600000000000001,40.756279321001784,0.0,-0.03561210791903412,-1.1542809546663675,2.3338506728535274e-05,-2.348803772013601e-05,-0.1682359277530249,-2.021084420113269e-05,-0.042005789580504035,-1.1519351347362485,-0.0047815317632266255,-8.860825967297542e-07,-0.1026233833845703,0.0055486882542148536,-0.03636541361697072,-1.161234677130268,-0.0004426283636504969,0.0,-0.2,0.0,1.5707963267948966,1.5707963267948966,-2.962962962962963,-2.962962962962963,1.5707962002532607,1.5707920925473386,-1.9557435583447025,-2.0080413078515655,-0.0015003115221080665,2.332866653915286e-05
Y-,11.100000000000001,7.600000000000001,40.782137719001184,0.0,-0.03561210791903412,-1.1542809546663675,2.3338506728535274e-05,-2.348803772013601e-05,-0.1682359277530249,-2.021084420113269e-05,-0.042005789580504035,-1.1519351347362485,-0.0047815317632266255,-8.860825967297542e-07,-0.1026233833845703,0.0055486882542148536,-0.03636541361697072,-1.161234677130268,-0.0004426283636504969,0.0,-0.2,0.0,1.5707963267948966,1.5707963267948966,-2.962962962962963,-2.962962962962963,1.5707962002532607,1.5707920925473386,-1.9557435583447025,-2.0080413078515655,-0.0015003115221080665,2.332866653915286e-05
Y-,11.100000000000001,7.600000000000001,40.80724929200005,0.0,-0.03561210791903412,-1.1542809546663675,2.3338506728535274e-05,-2.348803772013601e-05,-0.1682359277530249,-2.021084420113269e-05,-0.042005789580504035,-1.1519351347362485,-0.0047815317632266255,-8.860825967297542e-07,-0.1026233833845703,0.0055486882542148536,-0.03636541361697072,-1.161234677130268,-0.0004426283636504969,0.0,-0.2,0.0,1.5707963267948966,1.5707963267948966,-2.962962962962963,-2.962962962962963,1.5707962002532607,1.5707920925473386,-1.9557435583447025,-2.0080413078515655,-0.0015003115221080665,2.332866653915286e-05
Y-,11.100000000000001,7.600000000000001,40.83499737500097,0.0,-0.03561210791903412,-1.1542809546663675,2.3338506728535274e-05,-2.348803772013601e-05,-0.1682359277530249,-2.021084420113269e-05,-0.042005789580504035,-1.1519351347362485,-0.0047815317632266255,-8.860825967297542e-07,-0.1026233833845703,0.0055486882542148536,-0.03636541361697072,-1.161234677130268,-0.0004426283636504969,0.0,-0.2,0.0,1.5707963267948966,1.5707963267948966,-2.962962962962963,-2.962962962962963,1.5707962002532607,1.5707920925473386,-1.9557435583447025,-2.0080413078515655,-0.0015003115221080665,2.332866653915286e-05
Y-,11.100000000000001,7.600000000000001,40.865553321000334,0.0,-0.03561210791903412,-1.1542809546663675,2.3338506728535274e-05,-2.348803772013601e-05,-0.1682359277530249,-2.021084420113269e-05,-0.042005789580504035,-1.1519351347362485,-0.0047815317632266255,-8.860825967297542e-07,-0.1026233833845703,0.0055486882542148536,-0.03636541361697072,-1.161234677130268,-0.0004426283636504969,0.0,-0.2,0.0,1.5707963267948966,1.5707963267948966,-2.962962962962963,-2.962962962962963,1.5707962002532607,1.5707920925473386,-1.9557435583447025,-2.0080413078515655,-0.0015003115221080665,2.332866653915286e-05
Y-,11.100000000000001,7.600000000000001,40.89161658000012,0.0,-0.03561210791903412,-1.1542809546663675,2.3338506728535274e-05,-2.348803772013601e-05,-0.1682359277530249,-2.021084420113269e-05,-0.042005789580504035,-1.1519351347362485,-0.0047815317632266255,-8.860825967297542e-07,-0.1026233833845703,0.0055486882542148536,-0.03636541361697072,-1.161234677130268,-0.0004426283636504969,0.0,-0.2,0.0,1.5707963267948966,1.5707963267948966,-2.962962962962963,-2.962962962962963,1.5707962002532607,1.5707920925473386,-1.9557435583447025,-2.0080413078515655,-0.0015003115221080665,2.332866653915286e-05
Y-,11.100000000000001,7.600000000000001,40.91846074800196,0.0,-0.03561210791903412,-1.1542809546663675,2.3338506728535274e-05,-2.348803772013601e-05,-0.1682359277530249,-2.021084420113269e-05,-0.042005789580504035,-1.1519351347362485,-0.0047815317632266255,-8.860825967297542e-07,-0.1026233833845703,0.0055486882542148536,-0.03636541361697072,-1.161234677130268,-0.0004426283636504969,0.0,-0.2,0.0,1.5707963267948966,1.5707963267948966,-2.962962962962963,-2.962962962962963,1.5707962002532607,1.5707920925473386,-1.9557435583447025,-2.0080413078515655,-0.0015003115221080665,2.332866653915286e-05
Y-,11.100000000000001,7.600000000000001,40.94531642600123,0.0,-0.03561210791903412,-1.1542809546663675,2.3338506728535274e-05,-2.348803772013601e-05,-0.1682359277530249,-2.021084420113269e-05,-0.042005789580504035,-1.1519351347362485,-0.0047815317632266255,-8.860825967297542e-07,-0.1026233833845703,0.0055486882542148536,-0.03636541361697072,-1.161234677130268,-0.0004426283636504969,0.0,-0.2,0.0,1.5707963267948966,1.5707963267948966,-2.962962962962963,-2.962962962962963,1.5707962002532607,1.5707920925473386,-1.9557435583447025,-2.0080413078515655,-0.0015003115221080665,2.332866653915286e-05
Y-,11.100000000000001,7.600000000000001,40.97293952200198,0.0,-0.03561210791903412,-1.1542809546663675,2.3338506728535274e-05,-2.348803772013601e-05,-0.1682359277530249,-2.021084420113269e-05,-0.042005789580504035,-1.1519351347362485,-0.0047815317632266255,-8.860825967297542e-07,-0.1026233833845703,0.0055486882542148536,-0.03636541361697072,-1.161234677130268,-0.0004426283636504969,0.0,-0.2,0.0,1.5707963267948966,1.5707963267948966,-2.962962962962963,-2.962962962962963,1.5707962002532607,1.5707920925473386,-1.9557435583447025,-2.0080413078515655,-0.0015003115221080665,2.332866653915286e-05
Y-,11.100000000000001,7.600000000000001,40.99819627400211,0.0,-0.03561210791903412,-1.1542809546663675,2.3338506728535274e-05,-2.348803772013601e-05,-0.1682359277530249,-2.021084420113269e-05,-0.042005789580504035,-1.1519351347362485,-0.0047815317632266255,-8.860825967297542e-07,-0.1026233833845703,0.0055486882542148536,-0.03636541361697072,-1.161234677130268,-0.0004426283636504969,0.0,-0.2,0.0,1.5707963267948966,1.5707963267948966,-2.962962962962963,-2.962962962962963,1.5707962002532607,1.5707920925473386,-1.9557435583447025,-2.0080413078515655,-0.0015003115221080665,2.332866653915286e-05
Y-,11.100000000000001,7.600000000000001,41.02509043900136,0.0,-0.03561210791903412,-1.1542809546663675,2.3338506728535274e-05,-2.348803772013601e-05,-0.1682359277530249,-2.021084420113269e-05,-0.042005789580504035,-1.1519351347362485,-0.0047815317632266255,-8.860825967297542e-07,-0.1026233833845703,0.0055486882542148536,-0.03636541361697072,-1.161234677130268,-0.0004426283636504969,0.0,-0.2,0.0,1.5707963267948966,1.5707963267948966,-2.962962962962963,-2.962962962962963,1.5707962002532607,1.5707920925473386,-1.9557435583447025,-2.0080413078515655,-0.0015003115221080665,2.332866653915286e-05
Y-,11.100000000000001,7.600000000000001,41.050633360002394,0.0,-0.03561210791903412,-1.1542809546663675,2.3338506728535274e-05,-2.348803772013601e-05,-0.1682359277530249,-2.021084420113269e-05,-0.042005789580504035,-1.1519351347362485,-0.0047815317632266255,-8.860825967297542e-07,-0.1026233833845703,0.0055486882542148536,-0.03636541361697072,-1.161234677130268,-0.0004426283636504969,0.0,-0.2,0.0,1.5707963267948966,1.5707963267948966,-2.962962962962963,-2.962962962962963,1.5707962002532607,1.5707920925473386,-1.9557435583447025,-2.0080413078515655,-0.0015003115221080665,2.332866653915286e-05
Y-,11.100000000000001,7.600000000000001,41.08120564600176,0.0,-0.0356120926611031,-1.1556468095271002,2.3372758070879527e-05,-2.70841047017824e-05,-0.1700646914637251,-2.460286132282791e-05,-0.042005789580504035,-1.1519351347362485,-0.0047815317632266255,-8.860825967297542e-07,-0.1026233833845703,0.0055486882542148536,-0.03636541361697072,-1.161234677130268,-0.0004426283636504969,0.0,-0.2,0.0,1.5707963267948966,1.5707963267948966,-2.962962962962963,-2.962962962962963,1.5707962002532607,1.5707920925473386,-1.9557435583447025,-2.0080413078515655,-0.0015003115221080665,2.332866653915286e-05
Y-,11.100000000000001,7.600000000000001,41.10907646399937,0.0,-0.03561205960758872,-1.1589435766764347,2.3441108099199918e-05,-3.417949821395352e-05,-0.17380518680326507,-3.253786660818653e-05,-0.042005789580504035,-1.1519351347362485,-0.0047815317632266255,-8.860825967297542e-07,-0.1026233833845703,0.0055486882542148536,-0.03636541361697072,-1.161234677130268,-0.0004426283636504969,0.0,-0.2,0.0,1.5707963267948966,1.5707963267948966,-2.962962962962963,-2.962962962962963,1.5707962011432803,1.570793852788218,-2.06414197220206,-2.1111366843299924,-0.004200278846386526,2.3411021927321893e-05
Y-,11.100000000000001,7.600000000000001,41.13273045800088,0.0,-0.035612038883991406,-1.161236146944417,2.3473284431788286e-05,-3.808560018566241e-05,-0.1759224613240349,-3.748725055021497e-05,-0.042005789580504035,-1.1519351347362485,-0.0047815317632266255,-8.860825967297542e-07,-0.1026233833845703,0.0055486882542148536,-0.03636541361697072,-1.161234677130268,-0.0004426283636504969,0.0,-0.2,0.0,1.5707963267948966,1.5707963267948966,-2.962962962962963,-2.962962962962963,1.5707962677458358,1.5707951646191871,-2.1585082816007053,-2.20029422670017,0.0008072823117784845,2.3471494191278993e-05
Y-,11.100000000000001,7.600000000000001,41.15758681800071,0.0,-0.03561201908258641,-1.163553741195717,2.3475602557899902e-05,-4.103158651738481e-05,-0.17772186544336685,-4.056595061694049e-05,-0.042005789580504035,-1.1519351347362485,-0.0047815317632266255,-8.860825967297542e-07,-0.1026233833845703,0.0055486882542148536,-0.03634168298597119,-1.168300199568066,0.00012550678293221285,0.0,-0.2,0.0,1.5707963267948966,1.5707963267948966,-2.962962962962963,-2.962962962962963,1.5707967990091403,1.5707956814839479,-2.200463349138654,-2.2398301456651355,-0.0022066376831906135,2.3478021267845603e-05
Y-,11.200000000000001,7.700000000000001,41.18653091500164,0.09999999999999964,-0.03561199016020687,-1.1664349112688888,2.3465870378566762e-05,-4.356073089216844e-05,-0.17954874826059497,-3.8380413387444076e-05,-0.04207341263983183,-1.1660773078428914,-0.004363646110764172,-1.2940552450226929e-08,-0.14142334780947804,0.00417885652462454,-0.03634168298597119,-1.168300199568066,0.00012550678293221285,0.0,-0.2,0.0,1.5707963267948966,1.5707963267948966,-2.962962962962963,-2.962962962962963,1.5707972258294678,1.570796119864343,-2.239130544021601,-2.276202279790711,-2.2703494447529055e-05,2.3464616114697215e-05
Y-,11.200000000000001,7.700000000000001,41.22248070000205,0.0,-0.035611944418869626,-1.1702547177037483,2.35017861647632e-05,-4.5965821833636854e-05,-0.18137912945163506,-3.673917969991269e-05,-0.04207341263983183,-1.1660773078428914,-0.004363646110764172,-1.2940552450226929e-08,-0.14142334780947804,0.00417885652462454,-0.03634168298597119,-1.168300199568066,0.00012550678293221285,0.0,-0.2,0.0,1.5707963267948966,1.5707963267948966,-2.962962962962963,-2.962962962962963,1.5707978410036736,1.5707963100214535,-2.3074717286706616,-2.340307756358557,-2.6620185838984883e-05,2.3499830015788823e-05
Y-,11.200000000000001,7.700000000000001,41.25577657000031,0.0,-0.03561193500274686,-1.1709862947849323,2.3504803623621706e-05,-4.6348419411028894e-05,-0.18166349368039855,-3.665150992410339e-05,-0.04207341263983183,-1.1660773078428914,-0.004363646110764172,-1.2940552450226929e-08,-0.14142334780947804,0.00417885652462454,-0.03634168298597119,-1.168300199568066,0.00012550678293221285,0.0,-0.2,0.0,1.5707963267948966,1.5707963267948966,-2.962962962962963,-2.962962962962963,1.5707980475218468,1.5707963105661822,-2.337358121339757,-2.368216368498347,-2.6620185838984883e-05,2.3499830015788823e-05
Y-,11.200000000000001,7.700000000000001,41.28033787300228,0.0,-0.03561193500274686,-1.1709862947849323,2.3504803623621706e-05,-4.6348419411028894e-05,-0.18166349368039855,-3.665150992410339e-05,-0.04207341263983183,-1.1660773078428914,-0.004363646110764172,-1.2940552450226929e-08,-0.14142334780947804,0.00417885652462454,-0.03634168298597119,-1.168300199568066,0.00012550678293221285,0.0,-0.2,0.0,1.5707963267948966,1.5707963267948966,-2.962962962962963,-2.962962962962963,1.5707980475218468,1.5707963105661822,-2.337358121339757,-2.368216368498347,-2.6620185838984883e-05,2.3499830015788823e-05
Y-,11.200000000000001,7.700000000000001,41.30691630799993,0.0,-0.03561193500274686,-1.1709862947849323,2.3504803623621706e-05,-4.6348419411028894e-05,-0.18166349368039855,-3.665150992410339e-05,-0.04207341263983183,-1.1660773078428914,-0.004363646110764172,-1.2940552450226929e-08,-0.14142334780947804,0.00417885652462454,-0.03634168298597119,-1.168300199568066,0.00012550678293221285,0.0,-0.2,0.0,1.5707963267948966,1.5707963267948966,-2.962962962962963,-2.962962962962963,1.5707980475218468,1.5707963105661822,-2.337358121339757,-2.368216368498347,-2.6620185838984883e-05,2.3499830015788823e-05
Y-,11.200000000000001,7.700000000000001,41.33635537699956,0.0,-0.03561193500274686,-1.1709862947849323,2.3504803623621706e-05,-4.6348419411028894e-05,-0.18166349368039855,-3.665150992410339e-05,-0.04207341263983183,-1.1660773078428914,-0.004363646110764172,-1.2940552450226929e-08,-0.14142334780947804,0.00417885652462454,-0.03634168298597119,-1.168300199568066,0.00012550678293221285,0.0,-0.2,0.0,1.5707963267948966,1.5707963267948966,-2.962962962962963,-2.962962962962963,1.5707980475218468,1.5707963105661822,-2.337358121339757,-2.368216368498347,-2.6620185838984883e-05,2.3499830015788823e-05
Y-,11.200000000000001,7.700000000000001,41.36648552800034,0.0,-0.03561193500274686,-1.1709862947849323,2.3504803623621706e-05,-4.6348419411028894e-05,-0.18166349368039855,-3.665150992410339e-05,-0.04207341263983183,-1.1660773078428914,-0.004363646110764172,-1.2940552450226929e-08,-0.14142334780947804,0.00417885652462454,-0.03634168298597119,-1.168300199568066,0.00012550678293221285,0.0,-0.2,0.0,1.5707963267948966,1.5707963267948966,-2.962962962962963,-2.962962962962963,1.5707980475218468,1.5707963105661822,-2.337358121339757,-2.368216368498347,-2.6620185838984883e-05,2.3499830015788823e-05
Y-,11.200000000000001,7.700000000000001,41.39197484400211,0.0,-0.03561193500274686,-1.1709862947849323,2.3504803623621706e-05,-4.6348419411028894e-05,-0.18166349368039855,-3.665150992410339e-05,-0.04207341263983183,-1.1660773078428914,-0.004363646110764172,-1.2940552450226929e-08,-0.14142334780947804,0.00417885652462454,-0.03634168298597119,-1.168300199568066,0.00012550678293221285,0.0,-0.2,0.0,1.5707963267948966,1.5707963267948966,-2.962962962962963,-2.962962962962963,1.5707980475218468,1.5707963105661822,-2.337358121339757,-2.368216368498347,-2.6620185838984883e-05,2.3499830015788823e-05
Y-,11.200000000000001,7.700000000000001,41.417031037002744,0.0,-0.03561193500274686,-1.1709862947849323,2.3504803623621706e-05,-4.6348419411028894e-05,-0.18166349368039855,-3.665150992410339e-05,-0.04207341263983183,-1.1660773078428914,-0.004363646110764172,-1.2940552450226929e-08,-0.14142334780947804,0.00417885652462454,-0.03634168298597119,-1.168300199568066,0.00012550678293221285,0.0,-0.2,0.0,1.5707963267948966,1.5707963267948966,-2.962962962962963,-2.962962962962963,1.5707980475218468,1.5707963105661822,-2.337358121339757,-2.368216368498347,-2.6620185838984883e-05,2.3499830015788823e-05
Y-,11.200000000000001,7.700000000000001,41.44660080700123,0.0,-0.03561193500274686,-1.1709862947849323,2.3504803623621706e-05,-4.6348419411028894e-05,-0.18166349368039855,-3.665150992410339e-05,-0.04207341263983183,-1.1660773078428914,-0.004363646110764172,-1.2940552450226929e-08,-0.14142334780947804,0.00417885652462454,-0.03634168298597119,-1.168300199568066,0.00012550678293221285,0.0,-0.2,0.0,1.5707963267948966,1.5707963267948966,-2.962962962962963,-2.962962962962963,1.5707980475218468,1.5707963105661822,-2.337358121339757,-2.368216368498347,-2.6620185838984883e-05,2.3499830015788823e-05
Y-,11.200000000000001,7.700000000000001,41.471842496001045,0.0,-0.03561193500274686,-1.1709862947849323,2.3504803623621706e-05,-4.6348419411028894e-05,-0.18166349368039855,-3.665150992410339e-05,-0.04207341263983183,-1.1660773078428914,-0.004363646110764172,-1.2940552450226929e-08,-0.14142334780947804,0.00417885652462454,-0.03634168298597119,-1.168300199568066,0.00012550678293221285,0.0,-0.2,0.0,1.5707963267948966,1.5707963267948966,-2.962962962962963,-2.962962962962963,1.5707980475218468,1.5707963105661822,-2.337358121339757,-2.368216368498347,-2.6620185838984883e-05,2.3499830015788823e-05
Y-,11.200000000000001,7.700000000000001,41.50112818300113,0.0,-0.03561193500274686,-1.1709862947849323,2.3504803623621706e-05,-4.6348419411028894e-05,-0.18166349368039855,-3.665150992410339e-05,-0.04207341263983183,-1.1660773078428914,-0.004363646110764172,-1.2940552450226929e-08,-0.14142334780947804,0.00417885652462454,-0.03634168298597119,-1.168300199568066,0.00012550678293221285,0.0,-0.2,0.0,1.5707963267948966,1.5707963267948966,-2.962962962962963,-2.962962962962963,1.5707980475218468,1.5707963105661822,-2.337358121339757,-2.368216368498347,-2.6620185838984883e-05,2.3499830015788823e-05
Y-,11.200000000000001,7.700000000000001,41.53118963599991,0.0,-0.03561193500274686,-1.1709862947849323,2.3504803623621706e-05,-4.6348419411028894e-05,-0.18166349368039855,-3.665150992410339e-05,-0.04207341263983183,-1.1660773078428914,-0.004363646110764172,-1.2940552450226929e-08,-0.14142334780947804,0.00417885652462454,-0.03634168298597119,-1.168300199568066,0.00012550678293221285,0.0,-0.2,0.0,1.5707963267948966,1.5707963267948966,-2.962962962962963,-2.962962962962963,1.5707980475218468,1.5707963105661822,-2.337358121339757,-2.368216368498347,-2.6620185838984883e-05,2.3499830015788823e-05
Y-,11.200000000000001,7.700000000000001,41.557552095000574,0.0,-0.03561193500274686,-1.1709862947849323,2.3504803623621706e-05,-4.6348419411028894e-05,-0.18166349368039855,-3.665150992410339e-05,-0.04207341263983183,-1.1660773078428914,-0.004363646110764172,-1.2940552450226929e-08,-0.14142334780947804,0.00417885652462454,-0.03634168298597119,-1.168300199568066,0.00012550678293221285,0.0,-0.2,0.0,1.5707963267948966,1.5707963267948966,-2.962962962962963,-2.962962962962963,1.5707980475218468,1.5707963105661822,-2.337358121339757,-2.368216368498347,-2.6620185838984883e-05,2.3499830015788823e-05
Y-,11.200000000000001,7.700000000000001,41.58688582600007,0.0,-0.03561193500274686,-1.1709862947849323,2.3504803623621706e-05,-4.6348419411028894e-05,-0.18166349368039855,-3.665150992410339e-05,-0.04207341263983183,-1.1660773078428914,-0.004363646110764172,-1.2940552450226929e-08,-0.14142334780947804,0.00417885652462454,-0.03634168298597119,-1.168300199568066,0.00012550678293221285,0.0,-0.2,0.0,1.5707963267948966,1.5707963267948966,-2.962962962962963,-2.962962962962963,1.5707980475218468,1.5707963105661822,-2.337358121339757,-2.368216368498347,-2.6620185838984883e-05,2.3499830015788823e-05
Y-,11.200000000000001,7.700000000000001,41.61817730700204,0.0,-0.035611925412752404,-1.1717189612329846,2.3506784218615744e-05,-4.671852466895636e-05,-0.18192914802321206,-3.653129611263458e-05,-0.04207341263983183,-1.1660773078428914,-0.004363646110764172,-1.2940552450226929e-08,-0.14142334780947804,0.00417885652462454,-0.03634168298597119,-1.168300199568066,0.00012550678293221285,0.0,-0.2,0.0,1.5707963267948966,1.5707963267948966,-2.962962962962963,-2.962962962962963,1.5707980475218468,1.5707963105661822,-2.337358121339757,-2.368216368498347,0.0006408998139863689,2.3506784218615744e-05
Y-,11.200000000000001,7.700000000000001,41.64749133800069,0.0,-0.0356118655376985,-1.176133973786242,2.349968999269511e-05,-4.851197509920671e-05,-0.18316792397754128,-3.613597436580751e-05,-0.04207341263983183,-1.1660773078428914,-0.004363646110764172,-1.2940552450226929e-08,-0.14142334780947804,0.00417885652462454,-0.03634168298597119,-1.168300199568066,0.00012550678293221285,0.0,-0.2,0.0,1.5707963267948966,1.5707963267948966,-2.962962962962963,-2.962962962962963,1.570798344378523,1.570796310014889,-2.4122011373075307,-2.437701704961503,-0.00013963876918004115,2.3502458323990315e-05
Y-,11.200000000000001,7.700000000000001,41.67304277600124,0.0,-0.03561181974184359,-1.1794610684863152,2.3472779219175876e-05,-4.956323001157848e-05,-0.18375209592537287,-3.608114148810863e-05,-0.04207341263983183,-1.1660773078428914,-0.004363646110764172,-1.2940552450226929e-08,-0.14142334780947804,0.00417885652462454,-0.03634168298597119,-1.168300199568066,0.00012550678293221285,0.0,-0.2,0.0,1.5707963267948966,1.5707963267948966,-2.962962962962963,-2.962962962962963,1.5707983329230144,1.5707963085310155,-2.451571611746994,-2.4740480988972937,0.0003578833663688532,2.34745870656423e-05
Y-,11.200000000000001,7.700000000000001,41.701273255999695,0.0,-0.03561177493981588,-1.1827964065453827,2.3436525105897672e-05,-5.05309612462707e-05,-0.1840936414088329,-3.5791911783266086e-05,-0.04214185421350091,-1.1817652573275004,-0.004125054141675123,1.5520444557267216e-07,-0.15688098778386345,0.0023859196908904813,-0.036342378644594074,-1.1695117028503599,0.0003144394497862631,0.0,-0.2,0.0,1.5707963267948966,1.5707963267948966,-2.962962962962963,-2.962962962962963,1.5707982800282378,1.5707963075244207,-2.4685945952455195,-2.489711524769603,0.001700451315543848,2.3455433075381405e-05
Y-,11.3,7.800000000000001,41.73030325500076,0.09999999999999964,-0.03561173462229596,-1.1859504416201574,2.3399003227810157e-05,-5.1304867652497086e-05,-0.1842295347379873,-3.52600870341845e-05,-0.04214185421350091,-1.1817652573275004,-0.004125054141675123,1.5520444557267216e-07,-0.15688098778386345,0.0023859196908904813,-0.036342378644594074,-1.1695117028503599,0.0003144394497862631,0.0,-0.2,0.0,1.5707963267948966,1.5707963267948966,-2.962962962962963,-2.962962962962963,1.5707981013528691,1.570796305049135,-2.4980412376700394,-2.5167057651462943,-0.0009234415091846222,2.3407694481028167e-05
Y-,11.3,7.800000000000001,41.76106310900286,0.0,-0.035611687164209024,-1.1898477454891707,2.3352369644026453e-05,-5.2265832069718073e-05,-0.1841902121402861,-3.502517698836368e-05,-0.04214185421350091,-1.1817652573275004,-0.004125054141675123,1.5520444557267216e-07,-0.15688098778386345,0.0023859196908904813,-0.036342378644594074,-1.1695117028503599,0.0003144394497862631,0.0,-0.2,0.0,1.5707963267948966,1.5707963267948966,-2.962962962962963,-2.962962962962963,1.570797848936996,1.570796302009656,-2.5222036675757606,-2.5387231272033954,-0.0007792351753884953,2.335473368459216e-05
Y-,11.3,7.800000000000001,41.791943738000555,0.0,-0.035611687164209024,-1.1898477454891707,2.3352369644026453e-05,-5.231688140000247e-05,-0.18418335625475,-3.501340202714131e-05,-0.04214185421350091,-1.1817652573275004,-0.004125054141675123,1.5520444557267216e-07,-0.15688098778386345,0.0023859196908904813,-0.036342378644594074,-1.1695117028503599,0.0003144394497862631,0.0,-0.2,0.0,1.5707963267948966,1.5707963267948966,-2.962962962962963,-2.962962962962963,1.570797848936996,1.570796302009656,-2.5222036675757606,-2.5387231272033954,-0.0007792351753884953,2.335473368459216e-05
Y-,11.3,7.800000000000001,41.81822544500028,0.0,-0.035611687164209024,-1.1898477454891707,2.3352369644026453e-05,-5.231688140000247e-05,-0.18418335625475,-3.501340202714131e-05,-0.04214185421350091,-1.1817652573275004,-0.004125054141675123,1.5520444557267216e-07,-0.15688098778386345,0.0023859196908904813,-0.036342378644594074,-1.1695117028503599,0.0003144394497862631,0.0,-0.2,0.0,1.5707963267948966,1.5707963267948966,-2.962962962962963,-2.962962962962963,1.570797848936996,1.570796302009656,-2.5222036675757606,-2.5387231272033954,-0.0007792351753884953,2.335473368459216e-05
Y-,11.3,7.800000000000001,41.85000290199969,0.0,-0.035611687164209024,-1.1898477454891707,2.3352369644026453e-05,-5.231688140000247e-05,-0.18418335625475,-3.501340202714131e-05,-0.04214185421350091,-1.1817652573275004,-0.004125054141675123,1.5520444557267216e-07,-0.15688098778386345,0.0023859196908904813,-0.036342378644594074,-1.1695117028503599,0.0003144394497862631,0.0,-0.2,0.0,1.5707963267948966,1.5707963267948966,-2.962962962962963,-2.962962962962963,1.570797848936996,1.570796302009656,-2.5222036675757606,-2.5387231272033954,-0.0007792351753884953,2.335473368459216e-05
Y-,11.3,7.800000000000001,41.875336576002155,0.0,-0.035611687164209024,-1.1898477454891707,2.3352369644026453e-05,-5.231688140000247e-05,-0.18418335625475,-3.501340202714131e-05,-0.04214185421350091,-1.1817652573275004,-0.004125054141675123,1.5520444557267216e-07,-0.15688098778386345,0.0023859196908904813,-0.036342378644594074,-1.1695117028503599,0.0003144394497862631,0.0,-0.2,0.0,1.5707963267948966,1.5707963267948966,-2.962962962962963,-2.962962962962963,1.570797848936996,1.570796302009656,-2.5222036675757606,-2.5387231272033954,-0.0007792351753884953,2.335473368459216e-05
Y-,11.3,7.800000000000001,41.90246555300109,0.0,-0.035611687164209024,-1.1898477454891707,2.3352369644026453e-05,-5.231688140000247e-05,-0.18418335625475,-3.501340202714131e-05,-0.04214185421350091,-1.1817652573275004,-0.004125054141675123,1.5520444557267216e-07,-0.15688098778386345,0.0023859196908904813,-0.036342378644594074,-1.1695117028503599,0.0003144394497862631,0.0,-0.2,0.0,1.5707963267948966,1.5707963267948966,-2.962962962962963,-2.962962962962963,1.570797848936996,1.570796302009656,-2.5222036675757606,-2.5387231272033954,-0.0007792351753884953,2.335473368459216e-05
Y-,11.3,7.800000000000001,41.93073838200144,0.0,-0.035611687164209024,-1.1898477454891707,2.3352369644026453e-05,-5.231688140000247e-05,-0.18418335625475,-3.501340202714131e-05,-0.04214185421350091,-1.1817652573275004,-0.004125054141675123,1.5520444557267216e-07,-0.15688098778386345,0.0023859196908904813,-0.036342378644594074,-1.1695117028503599,0.0003144394497862631,0.0,-0.2,0.0,1.5707963267948966,1.5707963267948966,-2.962962962962963,-2.962962962962963,1.570797848936996,1.570796302009656,-2.5222036675757606,-2.5387231272033954,-0.0007792351753884953,2.335473368459216e-05
Y-,11.3,7.800000000000001,41.95614498500072,0.0,-0.035611687164209024,-1.1898477454891707,2.3352369644026453e-05,-5.231688140000247e-05,-0.18418335625475,-3.501340202714131e-05,-0.04214185421350091,-1.1817652573275004,-0.004125054141675123,1.5520444557267216e-07,-0.15688098778386345,0.0023859196908904813,-0.036342378644594074,-1.1695117028503599,0.0003144394497862631,0.0,-0.2,0.0,1.5707963267948966,1.5707963267948966,-2.962962962962963,-2.962962962962963,1.570797848936996,1.570796302009656,-2.5222036675757606,-2.5387231272033954,-0.0007792351753884953,2.335473368459216e-05
Y-,11.3,7.800000000000001,41.9839139579999,0.0,-0.035611687164209024,-1.1898477454891707,2.3352369644026453e-05,-5.231688140000247e-05,-0.18418335625475,-3.501340202714131e-05,-0.04214185421350091,-1.1817652573275004,-0.004125054141675123,1.5520444557267216e-07,-0.15688098778386345,0.0023859196908904813,-0.036342378644594074,-1.1695117028503599,0.0003144394497862631,0.0,-0.2,0.0,1.5707963267948966,1.5707963267948966,-2.962962962962963,-2.962962962962963,1.570797848936996,1.570796302009656,-2.5222036675757606,-2.5387231272033954,-0.0007792351753884953,2.335473368459216e-05
Y-,11.3,7.800000000000001,42.01373479600079,0.0,-0.035611687164209024,-1.1898477454891707,2.3352369644026453e-05,-5.231688140000247e-05,-0.18418335625475,-3.501340202714131e-05,-0.04214185421350091,-1.1817652573275004,-0.004125054141675123,1.5520444557267216e-07,-0.15688098778386345,0.0023859196908904813,-0.036342378644594074,-1.1695117028503599,0.0003144394497862631,0.0,-0.2,0.0,1.5707963267948966,1.5707963267948966,-2.962962962962963,-2.962962962962963,1.570797848936996,1.570796302009656,-2.5222036675757606,-2.5387231272033954,-0.0007792351753884953,2.335473368459216e-05
Y-,11.3,7.800000000000001,42.04651842800013,0.0,-0.035611687164209024,-1.1898477454891707,2.3352369644026453e-05,-5.231688140000247e-05,-0.18418335625475,-3.501340202714131e-05,-0.04214185421350091,-1.1817652573275004,-0.004125054141675123,1.5520444557267216e-07,-0.15688098778386345,0.0023859196908904813,-0.036342378644594074,-1.1695117028503599,0.0003144394497862631,0.0,-0.2,0.0,1.5707963267948966,1.5707963267948966,-2.962962962962963,-2.962962962962963,1.570797848936996,1.570796302009656,-2.5222036675757606,-2.5387231272033954,-0.0007792351753884953,2.335473368459216e-05
Y-,11.3,7.800000000000001,42.0773730180008,0.0,-0.035611687164209024,-1.1898477454891707,2.3352369644026453e-05,-5.231688140000247e-05,-0.18418335625475,-3.501340202714131e-05,-0.04214185421350091,-1.1817652573275004,-0.004125054141675123,1.5520444557267216e-07,-0.15688098778386345,0.0023859196908904813,-0.036342378644594074,-1.1695117028503599,0.0003144394497862631,0.0,-0.2,0.0,1.5707963267948966,1.5707963267948966,-2.962962962962963,-2.962962962962963,1.570797848936996,1.570796302009656,-2.5222036675757606,-2.5387231272033954,-0.0007792351753884953,2.335473368459216e-05
Y-,11.3,7.800000000000001,42.10689329399975,0.0,-0.035611687164209024,-1.1898477454891707,2.3352369644026453e-05,-5.231688140000247e-05,-0.18418335625475,-3.501340202714131e-05,-0.04214185421350091,-1.1817652573275004,-0.004125054141675123,1.5520444557267216e-07,-0.15688098778386345,0.0023859196908904813,-0.036342378644594074,-1.1695117028503599,0.0003144394497862631,0.0,-0.2,0.0,1.5707963267948966,1.5707963267948966,-2.962962962962963,-2.962962962962963,1.570797848936996,1.570796302009656,-2.5222036675757606,-2.5387231272033954,-0.0007792351753884953,2.335473368459216e-05
Y-,11.3,7.800000000000001,42.13728135900237,0.0,-0.035611687164209024,-1.1898477454891707,2.3352369644026453e-05,-5.231688140000247e-05,-0.18418335625475,-3.501340202714131e-05,-0.04214185421350091,-1.1817652573275004,-0.004125054141675123,1.5520444557267216e-07,-0.15688098778386345,0.0023859196908904813,-0.036342378644594074,-1.1695117028503599,0.0003144394497862631,0.0,-0.2,0.0,1.5707963267948966,1.5707963267948966,-2.962962962962963,-2.962962962962963,1.570797848936996,1.570796302009656,-2.5222036675757606,-2.5387231272033954,-0.0007792351753884953,2.335473368459216e-05
Y-,11.3,7.800000000000001,42.16470361699976,0.0,-0.03561165321455451,-1.1928154579757833,2.3315984260579323e-05,-5.303345212742315e-05,-0.18403277399435272,-3.4602499578841266e-05,-0.04214185421350091,-1.1817652573275004,-0.004125054141675123,1.5520444557267216e-07,-0.15688098778386345,0.0023859196908904813,-0.036342378644594074,-1.1695117028503599,0.0003144394497862631,0.0,-0.2,0.0,1.5707963267948966,1.5707963267948966,-2.962962962962963,-2.962962962962963,1.5707975450635887,1.5707962985321897,-2.5419670570680486,-2.556598008254639,-0.002266943008866242,2.333364790281911e-05
Y-,11.3,7.800000000000001,42.19064293300107,0.0,-0.03561163318336532,-1.194668736830082,2.32941380415896e-05,-5.339790259165818e-05,-0.18388693289139346,-3.478972804399814e-05,-0.04214185421350091,-1.1817652573275004,-0.004125054141675123,1.5520444557267216e-07,-0.15688098778386345,0.0023859196908904813,-0.036342378644594074,-1.1695117028503599,0.0003144394497862631,0.0,-0.2,0.0,1.5707963267948966,1.5707963267948966,-2.962962962962963,-2.962962962962963,1.5707973792486305,1.5707962966382363,-2.5504402736446585,-2.5642064944256338,-8.909612616155862e-05,2.33117476612551e-05
Y-,11.3,7.800000000000001,42.220093803000054,0.0,-0.03561159418008844,-1.1985550638390987,2.324597892398767e-05,-5.408003162007572e-05,-0.18348023306282976,-3.51517527907028e-05,-0.04214185421350091,-1.1817652573275004,-0.004125054141675123,1.5520444557267216e-07,-0.15688098778386345,0.0023859196908904813,-0.036342378644594074,-1.1695117028503599,0.0003144394497862631,0.0,-0.2,0.0,1.5707963267948966,1.5707963267948966,-2.962962962962963,-2.962962962962963,1.5707970277594603,1.5707962925904777,-2.5649814470147674,-2.5771566696121067,0.0023935991558980164,2.326435733046366e-05
Y-,11.3,7.800000000000001,42.24801120700067,0.0,-0.03561157141617312,-1.2009561919567433,2.3212181034490337e-05,-5.4444447317568846e-05,-0.18317029005971874,-3.56927138285212e-05,-0.042209407516261704,-1.1981428279094737,-0.0039958119556660725,3.9415161682326485e-08,-0.16414947575709876,0.0012140425549278268,-0.036337367226226026,-1.1988754183134243,0.00028974231408574266,0.0,-0.2,0.0,1.5707963267948966,1.5707963267948966,-2.962962962962963,-2.962962962962963,1.5707968446012694,1.5707962904532318,-2.5711964207355584,-2.58263327336522,-0.0019184410926495258,2.3212181034490337e-05
Y-,11.4,7.9,42.28185623399986,0.09999999999999964,-0.03561152983479204,-1.2055614601236626,2.3137651819896983e-05,-5.462412578979329e-05,-0.18247368199073835,-3.8117779535341525e-05,-0.042209407516261704,-1.1981428279094737,-0.0039958119556660725,3.9415161682326485e-08,-0.16414947575709876,0.0012140425549278268,-0.036337367226226026,-1.1988754183134243,0.00028974231408574266,0.0,-0.2,0.0,1.5707963267948966,1.5707963267948966,-2.962962962962963,-2.962962962962963,1.5707962757875071,1.5707962836450884,-2.586359893202726,-2.595782829475893,0.003648013371961092,2.315238504723214e-05
Y-,11.4,7.9,42.31045237299986,0.0,-0.035611504596238644,-1.208499221952838,2.3069335812216107e-05,-5.4322057222485484e-05,-0.1819712494486629,-3.989583683943051e-05,-0.042209407516261704,-1.1981428279094737,-0.0039958119556660725,3.9415161682326485e-08,-0.16414947575709876,0.0012140425549278268,-0.036337367226226026,-1.1988754183134243,0.00028974231408574266,0.0,-0.2,0.0,1.5707963267948966,1.5707963267948966,-2.962962962962963,-2.962962962962963,1.5707962102983988,1.5707962813512593,-2.5904259142100674,-2.599240320619478,-0.0015655399675824255,2.3069335812216107e-05
Y-,11.4,7.9,42.335120603002,0.0,-0.035611504596238644,-1.208499221952838,2.3069335812216107e-05,-5.4322057222485484e-05,-0.1819712494486629,-3.989583683943051e-05,-0.042209407516261704,-1.1981428279094737,-0.0039958119556660725,3.9415161682326485e-08,-0.16414947575709876,0.0012140425549278268,-0.036337367226226026,-1.1988754183134243,0.00028974231408574266,0.0,-0.2,0.0,1.5707963267948966,1.5707963267948966,-2.962962962962963,-2.962962962962963,1.5707962102983988,1.5707962813512593,-2.5904259142100674,-2.599240320619478,-0.0015655399675824255,2.3069335812216107e-05
Y-,11.4,7.9,42.36925068100027,0.0,-0.035611504596238644,-1.208499221952838,2.3069335812216107e-05,-5.4322057222485484e-05,-0.1819712494486629,-3.989583683943051e-05,-0.042209407516261704,-1.1981428279094737,-0.0039958119556660725,3.9415161682326485e-08,-0.16414947575709876,0.0012140425549278268,-0.036337367226226026,-1.1988754183134243,0.00028974231408574266,0.0,-0.2,0.0,1.5707963267948966,1.5707963267948966,-2.962962962962963,-2.962962962962963,1.5707962102983988,1.5707962813512593,-2.5904259142100674,-2.599240320619478,-0.0015655399675824255,2.3069335812216107e-05
Y-,11.4,7.9,42.40628870799992,0.0,-0.035611504596238644,-1.208499221952838,2.3069335812216107e-05,-5.4322057222485484e-05,-0.1819712494486629,-3.989583683943051e-05,-0.042209407516261704,-1.1981428279094737,-0.0039958119556660725,3.9415161682326485e-08,-0.16414947575709876,0.0012140425549278268,-0.036337367226226026,-1.1988754183134243,0.00028974231408574266,0.0,-0.2,0.0,1.5707963267948966,1.5707963267948966,-2.962962962962963,-2.962962962962963,1.5707962102983988,1.5707962813512593,-2.5904259142100674,-2.599240320619478,-0.0015655399675824255,2.3069335812216107e-05
Y-,11.4,7.9,42.43319335700289,0.0,-0.035611504596238644,-1.208499221952838,2.3069335812216107e-05,-5.4322057222485484e-05,-0.1819712494486629,-3.989583683943051e-05,-0.042209407516261704,-1.1981428279094737,-0.0039958119556660725,3.9415161682326485e-08,-0.16414947575709876,0.0012140425549278268,-0.036337367226226026,-1.1988754183134243,0.00028974231408574266,0.0,-0.2,0.0,1.5707963267948966,1.5707963267948966,-2.962962962962963,-2.962962962962963,1.5707962102983988,1.5707962813512593,-2.5904259142100674,-2.599240320619478,-0.0015655399675824255,2.3069335812216107e-05
Y-,11.4,7.9,42.45886038400204,0.0,-0.035611504596238644,-1.208499221952838,2.3069335812216107e-05,-5.4322057222485484e-05,-0.1819712494486629,-3.989583683943051e-05,-0.042209407516261704,-1.1981428279094737,-0.0039958119556660725,3.9415161682326485e-08,-0.16414947575709876,0.0012140425549278268,-0.036337367226226026,-1.1988754183134243,0.00028974231408574266,0.0,-0.2,0.0,1.5707963267948966,1.5707963267948966,-2.962962962962963,-2.962962962962963,1.5707962102983988,1.5707962813512593,-2.5904259142100674,-2.599240320619478,-0.0015655399675824255,2.3069335812216107e-05
Y-,11.4,7.9,42.48675708399969,0.0,-0.035611504596238644,-1.208499221952838,2.3069335812216107e-05,-5.4322057222485484e-05,-0.1819712494486629,-3.989583683943051e-05,-0.042209407516261704,-1.1981428279094737,-0.0039958119556660725,3.9415161682326485e-08,-0.16414947575709876,0.0012140425549278268,-0.036337367226226026,-1.1988754183134243,0.00028974231408574266,0.0,-0.2,0.0,1.5707963267948966,1.5707963267948966,-2.962962962962963,-2.962962962962963,1.5707962102983988,1.5707962813512593,-2.5904259142100674,-2.599240320619478,-0.0015655399675824255,2.3069335812216107e-05
Y-,11.4,7.9,42.51319362100185,0.0,-0.035611504596238644,-1.208499221952838,2.3069335812216107e-05,-5.4322057222485484e-05,-0.1819712494486629,-3.989583683943051e-05,-0.042209407516261704,-1.1981428279094737,-0.0039958119556660725,3.9415161682326485e-08,-0.16414947575709876,0.0012140425549278268,-0.036337367226226026,-1.1988754183134243,0.00028974231408574266,0.0,-0.2,0.0,1.5707963267948966,1.5707963267948966,-2.962962962962963,-2.962962962962963,1.5707962102983988,1.5707962813512593,-2.5904259142100674,-2.599240320619478,-0.0015655399675824255,2.3069335812216107e-05
Y-,11.4,7.9,42.54437859000245,0.0,-0.035611504596238644,-1.208499221952838,2.3069335812216107e-05,-5.4322057222485484e-05,-0.1819712494486629,-3.989583683943051e-05,-0.042209407516261704,-1.1981428279094737,-0.0039958119556660725,3.9415161682326485e-08,-0.16414947575709876,0.0012140425549278268,-0.036337367226226026,-1.1988754183134243,0.00028974231408574266,0.0,-0.2,0.0,1.5707963267948966,1.5707963267948966,-2.962962962962963,-2.962962962962963,1.5707962102983988,1.5707962813512593,-2.5904259142100674,-2.599240320619478,-0.0015655399675824255,2.3069335812216107e-05
Y-,11.4,7.9,42.574645352000516,0.0,-0.035611504596238644,-1.208499221952838,2.3069335812216107e-05,-5.4322057222485484e-05,-0.1819712494486629,-3.989583683943051e-05,-0.042209407516261704,-1.1981428279094737,-0.0039958119556660725,3.9415161682326485e-08,-0.16414947575709876,0.0012140425549278268,-0.036337367226226026,-1.1988754183134243,0.00028974231408574266,0.0,-0.2,0.0,1.5707963267948966,1.5707963267948966,-2.962962962962963,-2.962962962962963,1.5707962102983988,1.5707962813512593,-2.5904259142100674,-2.599240320619478,-0.0015655399675824255,2.3069335812216107e-05
Y-,11.4,7.9,42.60562961799951,0.0,-0.035611504596238644,-1.208499221952838,2.3069335812216107e-05,-5.4322057222485484e-05,-0.1819712494486629,-3.989583683943051e-05,-0.042209407516261704,-1.1981428279094737,-0.0039958119556660725,3.9415161682326485e-08,-0.16414947575709876,0.0012140425549278268,-0.036337367226226026,-1.1988754183134243,0.00028974231408574266,0.0,-0.2,0.0,1.5707963267948966,1.5707963267948966,-2.962962962962963,-2.962962962962963,1.5707962102983988,1.5707962813512593,-2.5904259142100674,-2.599240320619478,-0.0015655399675824255,2.3069335812216107e-05
Y-,11.4,7.9,42.6390733440021,0.0,-0.035611504596238644,-1.208499221952838,2.3069335812216107e-05,-5.4322057222485484e-05,-0.1819712494486629,-3.989583683943051e-05,-0.042209407516261704,-1.1981428279094737,-0.0039958119556660725,3.9415161682326485e-08,-0.16414947575709876,0.0012140425549278268,-0.036337367226226026,-1.1988754183134243,0.00028974231408574266,0.0,-0.2,0.0,1.5707963267948966,1.5707963267948966,-2.962962962962963,-2.962962962962963,1.5707962102983988,1.5707962813512593,-2.5904259142100674,-2.599240320619478,-0.0015655399675824255,2.3069335812216107e-05
Y-,11.4,7.9,42.67800022099982,0.0,-0.035611504596238644,-1.208499221952838,2.3069335812216107e-05,-5.4322057222485484e-05,-0.1819712494486629,-3.989583683943051e-05,-0.042209407516261704,-1.1981428279094737,-0.0039958119556660725,3.9415161682326485e-08,-0.16414947575709876,0.0012140425549278268,-0.036337367226226026,-1.1988754183134243,0.00028974231408574266,0.0,-0.2,0.0,1.5707963267948966,1.5707963267948966,-2.962962962962963,-2.962962962962963,1.5707962102983988,1.5707962813512593,-2.5904259142100674,-2.599240320619478,-0.0015655399675824255,2.3069335812216107e-05
Y-,11.4,7.9,42.71321562999947,0.0,-0.035611504596238644,-1.208499221952838,2.3069335812216107e-05,-5.4322057222485484e-05,-0.1819712494486629,-3.989583683943051e-05,-0.042209407516261704,-1.1981428279094737,-0.0039958119556660725,3.9415161682326485e-08,-0.16414947575709876,0.0012140425549278268,-0.036337367226226026,-1.1988754183134243,0.00028974231408574266,0.0,-0.2,0.0,1.5707963267948966,1.5707963267948966,-2.962962962962963,-2.962962962962963,1.5707962102983988,1.5707962813512593,-2.5904259142100674,-2.599240320619478,-0.0015655399675824255,2.3069335812216107e-05
Y-,11.4,7.9,42.737121707999904,0.0,-0.03561148266458592,-1.210880096835098,2.298679382791596e-05,-5.313177427844578e-05,-0.18153656267154414,-4.421053412878046e-05,-0.042209407516261704,-1.1981428279094737,-0.0039958119556660725,3.9415161682326485e-08,-0.16414947575709876,0.0012140425549278268,-0.036337367226226026,-1.1988754183134243,0.00028974231408574266,0.0,-0.2,0.0,1.5707963267948966,1.5707963267948966,-2.962962962962963,-2.962962962962963,1.5707962115167202,1.5707962789726766,-2.5940574098115463,-2.6023066603891265,-0.0025798848390883086,2.300902252586355e-05
Y-,11.4,7.9,42.76545661400087,0.0,-0.03561144775146827,-1.2143494489999116,2.2830206386894977e-05,1.8375361321318531e-06,-0.18224371682961915,-8.23841046881586e-06,-0.042209407516261704,-1.1981428279094737,-0.0039958119556660725,3.9415161682326485e-08,-0.16414947575709876,0.0012140425549278268,-0.036337367226226026,-1.1988754183134243,0.00028974231408574266,0.0,-0.2,0.0,1.5707963267948966,1.5707963267948966,-2.962962962962963,-2.962962962962963,1.5707962138483662,1.5707962740641266,-2.600229752160576,-2.6074175269925313,-0.004376539053434404,2.284675854645974e-05
Y-,11.4,7.9,42.79449606700291,0.0,-0.03561142223541189,-1.2168975458186342,2.2716372161844582e-05,-5.072499797033789e-05,-0.18034977308994024,-4.96676285631468e-05,-0.042209407516261704,-1.1981428279094737,-0.0039958119556660725,3.9415161682326485e-08,-0.16414947575709876,0.0012140425549278268,-0.036337367226226026,-1.1988754183134243,0.00028974231408574266,0.0,-0.2,0.0,1.5707963267948966,1.5707963267948966,-2.962962962962963,-2.962962962962963,1.5707962161655225,1.5707962691183184,-2.605173210912664,-2.6114155749877166,0.00045568517761569884,2.276489225867344e-05
Y-,11.4,7.9,42.8183964680029,0.0,-0.03561140236786482,-1.218894519913167,2.26264747515961e-05,-4.9897006005837416e-05,-0.1799328962614246,-5.15357975103465e-05,-0.0422758461824063,-1.2147694618893308,-0.0039342886408669075,-1.4097033233482457e-08,-0.1662676672105844,0.0006152331479916386,-0.036337367226226026,-1.1988754183134243,0.0002897423140857426,0.0,-0.2,0.0,1.5707963267948966,1.5707963267948966,-2.962962962962963,-2.962962962962963,1.570796217337274,1.570796266627446,-2.60726956713337,-2.613065353136176,-0.0016605755988521285,2.2683933461572683e-05
