case,sim_time,elapsed_sim_time,elapsed_wall_time,cmd_publish_gap_sim,gt_x,gt_y,gt_yaw,gt_vx_world,gt_vy_world,gt_wz,odom_x,odom_y,odom_yaw,odom_vx,odom_vy,odom_wz,local_x,local_y,local_yaw,cmd_x,cmd_y,cmd_yaw,steer_cmd_front,steer_cmd_rear,drive_cmd_front,drive_cmd_rear,steer_pos_front,steer_pos_rear,wheel_vel_front,wheel_vel_rear,imu_wz,imu_yaw
X+,2.4000000000000004,0.0,0.024871450001228368,,1.8179447373520286e-06,-2.1060971472017243e-08,6.753974364769506e-05,-0.00022047718804188427,7.764171223389698e-05,-0.000220002778697665,-0.0001760937932781655,8.161440733614707e-10,-9.644875522112047e-11,-0.00022127932238862877,1.0133086127831878e-09,-1.1681284855615462e-10,-5.0893420195275536e-05,-1.621929693116796e-08,-0.00013492949651139338,0.2,0.0,0.0,0.0,0.0,0.0,0.0,-4.480304236054167e-06,-4.65149753292593e-06,-0.003419524802726896,-0.003531057371912217,0.0004111863016234094,6.753914704477104e-05
X+,2.4000000000000004,0.0,0.05343655199976638,0.0,1.8183715486917718e-06,-2.1482829567348594e-08,6.754482964631794e-05,-0.00022048084864176212,7.762100302294657e-05,-0.0002199886173274048,-0.0001760937932781655,8.161440733614707e-10,-9.644875522112047e-11,-0.00022127932238862877,1.0133086127831878e-09,-1.1681284855615462e-10,-5.0893420195275536e-05,-1.621929693116796e-08,-0.00013492949651139338,0.2,0.0,0.0,0.0,0.0,0.0,0.0,-4.478742842373151e-06,-4.650053895716155e-06,-0.0034196947006448737,-0.003531269349339435,-0.00010198374788144677,6.75424302052264e-05
X+,2.4000000000000004,0.0,0.07778131000304711,0.0,2.1289410452422775e-06,-2.257052577388924e-08,6.761220264776451e-05,8.893645413699989e-05,7.83917196135315e-05,-0.00021845902479003152,-0.0001982326137771347,9.172270438000906e-10,-1.0817491664199387e-10,-0.00022138820498969188,1.010808351769407e-09,-1.17261614208734e-10,-5.075971324426163e-05,-2.2989482629066402e-08,4.028083796203681e-05,0.2,0.0,0.0,0.0,0.0,1.001,1.001,-4.47718062002167e-06,-4.648616174662834e-06,-0.003419873316445486,-0.003531483333835004,0.0021591625517195473,6.75487592554319e-05
X+,2.5,0.09999999999999964,0.10502368800007389,0.09999999999999964,1.4643317406734524e-05,-1.1145580086809048e-07,6.804631719267923e-05,0.002437744772330925,6.369713935052736e-05,-0.00029217990154938137,-0.0001982326137771347,9.172270438000906e-10,-1.0817491664199387e-10,-0.00022138820498969188,1.010808351769407e-09,-1.17261614208734e-10,-5.075971324426163e-05,-2.2989482629066402e-08,4.028083796203681e-05,0.2,0.0,0.0,0.0,0.0,1.001,1.001,-4.475616960597506e-06,-4.647185645190177e-06,-0.003420053199332478,-0.00353170120371187,4.8868703144160335e-05,6.804631719267923e-05
X+,2.5,0.09999999999999964,0.13663775700115366,0.0,1.4643317406734524e-05,-1.1145580086809048e-07,6.804631719267923e-05,0.002437744772330925,6.369713935052736e-05,-0.00029217990154938137,-0.0001982326137771347,9.172270438000906e-10,-1.0817491664199387e-10,-0.00022138820498969188,1.010808351769407e-09,-1.17261614208734e-10,-5.075971324426163e-05,-2.2989482629066402e-08,4.028083796203681e-05,0.2,0.0,0.0,0.0,0.0,1.001,1.001,-4.475616960597506e-06,-4.647185645190177e-06,-0.003420053199332478,-0.00353170120371187,4.8868703144160335e-05,6.804631719267923e-05
X+,2.5,0.09999999999999964,0.17080394200092996,0.0,1.4643317406734524e-05,-1.1145580086809048e-07,6.804631719267923e-05,0.002437744772330925,6.369713935052736e-05,-0.00029217990154938137,-0.0001982326137771347,9.172270438000906e-10,-1.0817491664199387e-10,-0.00022138820498969188,1.010808351769407e-09,-1.17261614208734e-10,-5.075971324426163e-05,-2.2989482629066402e-08,4.028083796203681e-05,0.2,0.0,0.0,0.0,0.0,1.001,1.001,-4.475616960597506e-06,-4.647185645190177e-06,-0.003420053199332478,-0.00353170120371187,4.8868703144160335e-05,6.804631719267923e-05
X+,2.5,0.09999999999999964,0.1990512900010799,0.0,1.4643317406734524e-05,-1.1145580086809048e-07,6.804631719267923e-05,0.002437744772330925,6.369713935052736e-05,-0.00029217990154938137,-0.0001982326137771347,9.172270438000906e-10,-1.0817491664199387e-10,-0.00022138820498969188,1.010808351769407e-09,-1.17261614208734e-10,-5.075971324426163e-05,-2.2989482629066402e-08,4.028083796203681e-05,0.2,0.0,0.0,0.0,0.0,1.001,1.001,-4.475616960597506e-06,-4.647185645190177e-06,-0.003420053199332478,-0.00353170120371187,4.8868703144160335e-05,6.804631719267923e-05
X+,2.5,0.09999999999999964,0.23797911000292515,0.0,1.4643317406734524e-05,-1.1145580086809048e-07,6.804631719267923e-05,0.002437744772330925,6.369713935052736e-05,-0.00029217990154938137,-0.0001982326137771347,9.172270438000906e-10,-1.0817491664199387e-10,-0.00022138820498969188,1.010808351769407e-09,-1.17261614208734e-10,-5.075971324426163e-05,-2.2989482629066402e-08,4.028083796203681e-05,0.2,0.0,0.0,0.0,0.0,1.001,1.001,-4.475616960597506e-06,-4.647185645190177e-06,-0.003420053199332478,-0.00353170120371187,4.8868703144160335e-05,6.804631719267923e-05
X+,2.5,0.09999999999999964,0.26790924400120275,0.0,1.4643317406734524e-05,-1.1145580086809048e-07,6.804631719267923e-05,0.002437744772330925,6.369713935052736e-05,-0.00029217990154938137,-0.0001982326137771347,9.172270438000906e-10,-1.0817491664199387e-10,-0.00022138820498969188,1.010808351769407e-09,-1.17261614208734e-10,-5.075971324426163e-05,-2.2989482629066402e-08,4.028083796203681e-05,0.2,0.0,0.0,0.0,0.0,1.001,1.001,-4.475616960597506e-06,-4.647185645190177e-06,-0.003420053199332478,-0.00353170120371187,4.8868703144160335e-05,6.804631719267923e-05
X+,2.5,0.09999999999999964,0.29453449600259773,0.0,1.4643317406734524e-05,-1.1145580086809048e-07,6.804631719267923e-05,0.002437744772330925,6.369713935052736e-05,-0.00029217990154938137,-0.0001982326137771347,9.172270438000906e-10,-1.0817491664199387e-10,-0.00022138820498969188,1.010808351769407e-09,-1.17261614208734e-10,-5.075971324426163e-05,-2.2989482629066402e-08,4.028083796203681e-05,0.2,0.0,0.0,0.0,0.0,1.001,1.001,-4.475616960597506e-06,-4.647185645190177e-06,-0.003420053199332478,-0.00353170120371187,4.8868703144160335e-05,6.804631719267923e-05
X+,2.5,0.09999999999999964,0.31971585400242475,0.0,1.4643317406734524e-05,-1.1145580086809048e-07,6.804631719267923e-05,0.002437744772330925,6.369713935052736e-05,-0.00029217990154938137,-0.0001982326137771347,9.172270438000906e-10,-1.0817491664199387e-10,-0.00022138820498969188,1.010808351769407e-09,-1.17261614208734e-10,-5.075971324426163e-05,-2.2989482629066402e-08,4.028083796203681e-05,0.2,0.0,0.0,0.0,0.0,1.001,1.001,-4.475616960597506e-06,-4.647185645190177e-06,-0.003420053199332478,-0.00353170120371187,4.8868703144160335e-05,6.804631719267923e-05
X+,2.5,0.09999999999999964,0.3491965870016429,0.0,1.4643317406734524e-05,-1.1145580086809048e-07,6.804631719267923e-05,0.002437744772330925,6.369713935052736e-05,-0.00029217990154938137,-0.0001982326137771347,9.172270438000906e-10,-1.0817491664199387e-10,-0.00022138820498969188,1.010808351769407e-09,-1.17261614208734e-10,-5.075971324426163e-05,-2.2989482629066402e-08,4.028083796203681e-05,0.2,0.0,0.0,0.0,0.0,1.001,1.001,-4.475616960597506e-06,-4.647185645190177e-06,-0.003420053199332478,-0.00353170120371187,4.8868703144160335e-05,6.804631719267923e-05
X+,2.5,0.09999999999999964,0.3785156960002496,0.0,1.4643317406734524e-05,-1.1145580086809048e-07,6.804631719267923e-05,0.002437744772330925,6.369713935052736e-05,-0.00029217990154938137,-0.0001982326137771347,9.172270438000906e-10,-1.0817491664199387e-10,-0.00022138820498969188,1.010808351769407e-09,-1.17261614208734e-10,-5.075971324426163e-05,-2.2989482629066402e-08,4.028083796203681e-05,0.2,0.0,0.0,0.0,0.0,1.001,1.001,-4.475616960597506e-06,-4.647185645190177e-06,-0.003420053199332478,-0.00353170120371187,4.8868703144160335e-05,6.804631719267923e-05
X+,2.5,0.09999999999999964,0.4054493450021255,0.0,1.4643317406734524e-05,-1.1145580086809048e-07,6.804631719267923e-05,0.002437744772330925,6.369713935052736e-05,-0.00029217990154938137,-0.0001982326137771347,9.172270438000906e-10,-1.0817491664199387e-10,-0.00022138820498969188,1.010808351769407e-09,-1.17261614208734e-10,-5.075971324426163e-05,-2.2989482629066402e-08,4.028083796203681e-05,0.2,0.0,0.0,0.0,0.0,1.001,1.001,-4.475616960597506e-06,-4.647185645190177e-06,-0.003420053199332478,-0.00353170120371187,4.8868703144160335e-05,6.804631719267923e-05
X+,2.5,0.09999999999999964,0.4367354530004377,0.0,1.4643317406734524e-05,-1.1145580086809048e-07,6.804631719267923e-05,0.002437744772330925,6.369713935052736e-05,-0.00029217990154938137,-0.0001982326137771347,9.172270438000906e-10,-1.0817491664199387e-10,-0.00022138820498969188,1.010808351769407e-09,-1.17261614208734e-10,-5.075971324426163e-05,-2.2989482629066402e-08,4.028083796203681e-05,0.2,0.0,0.0,0.0,0.0,1.001,1.001,-4.475616960597506e-06,-4.647185645190177e-06,-0.003420053199332478,-0.00353170120371187,4.8868703144160335e-05,6.804631719267923e-05
X+,2.5,0.09999999999999964,0.4863936570000078,0.0,1.4643317406734524e-05,-1.1145580086809048e-07,6.804631719267923e-05,0.002437744772330925,6.369713935052736e-05,-0.00029217990154938137,-0.0001982326137771347,9.172270438000906e-10,-1.0817491664199387e-10,-0.00022138820498969188,1.010808351769407e-09,-1.17261614208734e-10,-5.075971324426163e-05,-2.2989482629066402e-08,4.028083796203681e-05,0.2,0.0,0.0,0.0,0.0,1.001,1.001,-4.475616960597506e-06,-4.647185645190177e-06,-0.003420053199332478,-0.00353170120371187,4.8868703144160335e-05,6.804631719267923e-05
X+,2.5,0.09999999999999964,0.520874186000583,0.0,1.4643317406734524e-05,-1.1145580086809048e-07,6.804631719267923e-05,0.002437744772330925,6.369713935052736e-05,-0.00029217990154938137,-0.0001982326137771347,9.172270438000906e-10,-1.0817491664199387e-10,-0.00022138820498969188,1.010808351769407e-09,-1.17261614208734e-10,-5.075971324426163e-05,-2.2989482629066402e-08,4.028083796203681e-05,0.2,0.0,0.0,0.0,0.0,1.001,1.001,-4.475616960597506e-06,-4.647185645190177e-06,-0.003420053199332478,-0.00353170120371187,4.8868703144160335e-05,6.804631719267923e-05
X+,2.5,0.09999999999999964,0.5456069400024717,0.0,1.4643317406734524e-05,-1.1145580086809048e-07,6.804631719267923e-05,0.002437744772330925,6.369713935052736e-05,-0.00029217990154938137,-0.0001982326137771347,9.172270438000906e-10,-1.0817491664199387e-10,-0.00022138820498969188,1.010808351769407e-09,-1.17261614208734e-10,-5.075971324426163e-05,-2.2989482629066402e-08,4.028083796203681e-05,0.2,0.0,0.0,0.0,0.0,1.001,1.001,-4.475616960597506e-06,-4.647185645190177e-06,-0.003420053199332478,-0.00353170120371187,4.8868703144160335e-05,6.804631719267923e-05
X+,2.5,0.09999999999999964,0.5777662110012898,0.0,1.4643317406734524e-05,-1.1145580086809048e-07,6.804631719267923e-05,0.002437744772330925,6.369713935052736e-05,-0.00029217990154938137,-0.0001982326137771347,9.172270438000906e-10,-1.0817491664199387e-10,-0.00022138820498969188,1.010808351769407e-09,-1.17261614208734e-10,-5.075971324426163e-05,-2.2989482629066402e-08,4.028083796203681e-05,0.2,0.0,0.0,0.0,0.0,1.001,1.001,-4.475616960597506e-06,-4.647185645190177e-06,-0.003420053199332478,-0.00353170120371187,4.8868703144160335e-05,6.804631719267923e-05
X+,2.5,0.09999999999999964,0.6157463660019857,0.0,5.586019822401492e-05,-2.621177907936173e-07,6.800690829505829e-05,0.005220339629362146,9.193229729770134e-05,-0.00029126132033310267,-0.0001982326137771347,9.172270438000906e-10,-1.0817491664199387e-10,-0.00022138820498969188,1.010808351769407e-09,-1.17261614208734e-10,-5.075971324426163e-05,-2.2989482629066402e-08,4.028083796203681e-05,0.2,0.0,0.0,0.0,0.0,1.001,1.001,5.9555729627902565e-06,1.4373227485542373e-05,0.08558295084979242,0.09514047718078365,0.0008544449442509274,6.796681268576956e-05
X+,2.5,0.09999999999999964,0.6507328410007176,0.0,0.00025019088897850275,-3.941518988657966e-07,6.785397088304277e-05,0.011005125752517787,0.00011658076923248042,-0.00025709951420389794,-0.0001982326137771347,9.172270438000906e-10,-1.0817491664199387e-10,-0.00022138820498969188,1.010808351769407e-09,-1.17261614208734e-10,-5.075971324426163e-05,-2.2989482629066402e-08,4.028083796203681e-05,0.2,0.0,0.0,0.0,0.0,1.001,1.001,5.0084598237631894e-06,1.2302961362564702e-05,0.16058123550709363,0.16830336208769328,0.0016980032956152987,6.785044534024124e-05
X+,2.5,0.09999999999999964,0.6883998500015878,0.0,0.0005843491301095911,-3.8552459007482054e-07,6.789486964628906e-05,0.01620357445591459,0.00011382071276152147,-0.0002533526901095936,-0.0001982326137771347,9.172270438000906e-10,-1.0817491664199387e-10,-0.00022138820498969188,1.010808351769407e-09,-1.17261614208734e-10,-5.075971324426163e-05,-2.2989482629066402e-08,4.028083796203681e-05,0.2,0.0,0.0,0.0,0.0,1.001,1.001,4.417150111457602e-06,1.0961741152115678e-05,0.22708979959970219,0.23394163624806444,-0.0017598049227881731,6.788533383593682e-05
X+,2.5,0.09999999999999964,0.7151679750022595,0.0,0.000852863765712527,-3.835582653675951e-07,6.791755248971901e-05,0.019067278151314877,0.00011308930757340857,-0.0002516527659841291,-0.0001982326137771347,9.172270438000906e-10,-1.0817491664199387e-10,-0.00022138820498969188,1.010808351769407e-09,-1.17261614208734e-10,-5.075971324426163e-05,-2.2989482629066402e-08,4.028083796203681e-05,0.2,0.0,0.0,0.0,0.0,1.001,1.001,3.940837819627063e-06,9.82001349392192e-06,0.2860511463997597,0.29216046873530066,0.0017925718358228746,6.79160830640907e-05
X+,2.5,0.09999999999999964,0.742229027000576,0.0,0.0011622099839739101,-3.8153707114865765e-07,6.793872725492814e-05,0.021665160533157757,0.00011254655840879254,-0.0002504002526221773,0.0016433713803760933,1.3645246263106997e-08,-1.8597044285115067e-08,0.018416039941532264,1.272821843466546e-07,-1.8488869368473067e-07,-4.707185857890395e-05,-2.9125367943528706e-08,0.0001768523429186081,0.2,0.0,0.0,0.0,0.0,2.002,2.002,3.759893821175808e-06,9.302126270149813e-06,0.31297332404949063,0.3187291165697049,-0.0023757450252639613,6.793044800660041e-05
X+,2.6,0.19999999999999973,0.7736280450008053,0.10000000000000009,0.0014235908417731327,-3.9883016547930666e-07,6.770247097536148e-05,0.026106670208026324,0.00012331780713081304,-0.0003196028286364123,0.0016433713803760933,1.3645246263106997e-08,-1.8597044285115067e-08,0.018416039941532264,1.272821843466546e-07,-1.8488869368473067e-07,-4.707185857890395e-05,-2.9125367943528706e-08,0.0001768523429186081,0.2,0.0,0.0,0.0,0.0,2.002,2.002,3.7794841407645663e-06,8.815849975363221e-06,0.33832215712474417,0.3437333824341525,0.0032855368232386855,6.794414820982699e-05
X+,2.6,0.19999999999999973,0.7980625420022989,0.0,0.0014235908417731327,-3.9883016547930666e-07,6.770247097536148e-05,0.026106670208026324,0.00012331780713081304,-0.0003196028286364123,0.0016433713803760933,1.3645246263106997e-08,-1.8597044285115067e-08,0.018416039941532264,1.272821843466546e-07,-1.8488869368473067e-07,-4.707185857890395e-05,-2.9125367943528706e-08,0.0001768523429186081,0.2,0.0,0.0,0.0,0.0,2.002,2.002,3.7794841407645663e-06,8.815849975363221e-06,0.33832215712474417,0.3437333824341525,0.0032855368232386855,6.794414820982699e-05
X+,2.6,0.19999999999999973,0.8221938930000761,0.0,0.0014235908417731327,-3.9883016547930666e-07,6.770247097536148e-05,0.026106670208026324,0.00012331780713081304,-0.0003196028286364123,0.0016433713803760933,1.3645246263106997e-08,-1.8597044285115067e-08,0.018416039941532264,1.272821843466546e-07,-1.8488869368473067e-07,-4.707185857890395e-05,-2.9125367943528706e-08,0.0001768523429186081,0.2,0.0,0.0,0.0,0.0,2.002,2.002,3.7794841407645663e-06,8.815849975363221e-06,0.33832215712474417,0.3437333824341525,0.0032855368232386855,6.794414820982699e-05
X+,2.6,0.19999999999999973,0.8526909810025245,0.0,0.0014235908417731327,-3.9883016547930666e-07,6.770247097536148e-05,0.026106670208026324,0.00012331780713081304,-0.0003196028286364123,0.0016433713803760933,1.3645246263106997e-08,-1.8597044285115067e-08,0.018416039941532264,1.272821843466546e-07,-1.8488869368473067e-07,-4.707185857890395e-05,-2.9125367943528706e-08,0.0001768523429186081,0.2,0.0,0.0,0.0,0.0,2.002,2.002,3.7794841407645663e-06,8.815849975363221e-06,0.33832215712474417,0.3437333824341525,0.0032855368232386855,6.794414820982699e-05
X+,2.6,0.19999999999999973,0.879749466002977,0.0,0.0014235908417731327,-3.9883016547930666e-07,6.770247097536148e-05,0.026106670208026324,0.00012331780713081304,-0.0003196028286364123,0.0016433713803760933,1.3645246263106997e-08,-1.8597044285115067e-08,0.018416039941532264,1.272821843466546e-07,-1.8488869368473067e-07,-4.707185857890395e-05,-2.9125367943528706e-08,0.0001768523429186081,0.2,0.0,0.0,0.0,0.0,2.002,2.002,3.7794841407645663e-06,8.815849975363221e-06,0.33832215712474417,0.3437333824341525,0.0032855368232386855,6.794414820982699e-05
X+,2.6,0.19999999999999973,0.9153918100018927,0.0,0.0014235908417731327,-3.9883016547930666e-07,6.770247097536148e-05,0.026106670208026324,0.00012331780713081304,-0.0003196028286364123,0.0016433713803760933,1.3645246263106997e-08,-1.8597044285115067e-08,0.018416039941532264,1.272821843466546e-07,-1.8488869368473067e-07,-4.707185857890395e-05,-2.9125367943528706e-08,0.0001768523429186081,0.2,0.0,0.0,0.0,0.0,2.002,2.002,3.7794841407645663e-06,8.815849975363221e-06,0.33832215712474417,0.3437333824341525,0.0032855368232386855,6.794414820982699e-05
X+,2.6,0.19999999999999973,0.9443137690032017,0.0,0.0014235908417731327,-3.9883016547930666e-07,6.770247097536148e-05,0.026106670208026324,0.00012331780713081304,-0.0003196028286364123,0.0016433713803760933,1.3645246263106997e-08,-1.8597044285115067e-08,0.018416039941532264,1.272821843466546e-07,-1.8488869368473067e-07,-4.707185857890395e-05,-2.9125367943528706e-08,0.0001768523429186081,0.2,0.0,0.0,0.0,0.0,2.002,2.002,3.7794841407645663e-06,8.815849975363221e-06,0.33832215712474417,0.3437333824341525,0.0032855368232386855,6.794414820982699e-05
X+,2.6,0.19999999999999973,0.973693241001456,0.0,0.0014235908417731327,-3.9883016547930666e-07,6.770247097536148e-05,0.026106670208026324,0.00012331780713081304,-0.0003196028286364123,0.0016433713803760933,1.3645246263106997e-08,-1.8597044285115067e-08,0.018416039941532264,1.272821843466546e-07,-1.8488869368473067e-07,-4.707185857890395e-05,-2.9125367943528706e-08,0.0001768523429186081,0.2,0.0,0.0,0.0,0.0,2.002,2.002,3.7794841407645663e-06,8.815849975363221e-06,0.33832215712474417,0.3437333824341525,0.0032855368232386855,6.794414820982699e-05
X+,2.6,0.19999999999999973,0.9980931610007246,0.0,0.0014235908417731327,-3.9883016547930666e-07,6.770247097536148e-05,0.026106670208026324,0.00012331780713081304,-0.0003196028286364123,0.0016433713803760933,1.3645246263106997e-08,-1.8597044285115067e-08,0.018416039941532264,1.272821843466546e-07,-1.8488869368473067e-07,-4.707185857890395e-05,-2.9125367943528706e-08,0.0001768523429186081,0.2,0.0,0.0,0.0,0.0,2.002,2.002,3.7794841407645663e-06,8.815849975363221e-06,0.33832215712474417,0.3437333824341525,0.0032855368232386855,6.794414820982699e-05
X+,2.6,0.19999999999999973,1.0252466600031767,0.0,0.0014235908417731327,-3.9883016547930666e-07,6.770247097536148e-05,0.026106670208026324,0.00012331780713081304,-0.0003196028286364123,0.0016433713803760933,1.3645246263106997e-08,-1.8597044285115067e-08,0.018416039941532264,1.272821843466546e-07,-1.8488869368473067e-07,-4.707185857890395e-05,-2.9125367943528706e-08,0.0001768523429186081,0.2,0.0,0.0,0.0,0.0,2.002,2.002,3.7794841407645663e-06,8.815849975363221e-06,0.33832215712474417,0.3437333824341525,0.0032855368232386855,6.794414820982699e-05
X+,2.6,0.19999999999999973,1.0562989550016937,0.0,0.0014235908417731327,-3.9883016547930666e-07,6.770247097536148e-05,0.026106670208026324,0.00012331780713081304,-0.0003196028286364123,0.0016433713803760933,1.3645246263106997e-08,-1.8597044285115067e-08,0.018416039941532264,1.272821843466546e-07,-1.8488869368473067e-07,-4.707185857890395e-05,-2.9125367943528706e-08,0.0001768523429186081,0.2,0.0,0.0,0.0,0.0,2.002,2.002,3.7794841407645663e-06,8.815849975363221e-06,0.33832215712474417,0.3437333824341525,0.0032855368232386855,6.794414820982699e-05
X+,2.6,0.19999999999999973,1.0842076690023532,0.0,0.0014235908417731327,-3.9883016547930666e-07,6.770247097536148e-05,0.026106670208026324,0.00012331780713081304,-0.0003196028286364123,0.0016433713803760933,1.3645246263106997e-08,-1.8597044285115067e-08,0.018416039941532264,1.272821843466546e-07,-1.8488869368473067e-07,-4.707185857890395e-05,-2.9125367943528706e-08,0.0001768523429186081,0.2,0.0,0.0,0.0,0.0,2.002,2.002,3.7794841407645663e-06,8.815849975363221e-06,0.33832215712474417,0.3437333824341525,0.0032855368232386855,6.794414820982699e-05
X+,2.6,0.19999999999999973,1.106630842001323,0.0,0.001505421588630984,-4.009848093722984e-07,6.76664836896755e-05,0.027672789051923972,0.00012362176325493536,-0.0003070621464093185,0.0016433713803760933,1.3645246263106997e-08,-1.8597044285115067e-08,0.018416039941532264,1.272821843466546e-07,-1.8488869368473067e-07,-4.707185857890395e-05,-2.9125367943528706e-08,0.0001768523429186081,0.2,0.0,0.0,0.0,0.0,2.002,2.002,1.2565517882201505e-05,2.7646118313739976e-05,0.4240215915097699,0.4427435047918858,0.0032855368232386855,6.794414820982699e-05
X+,2.6,0.19999999999999973,1.1332896430030814,0.0,0.002203562556697229,-4.140250618768493e-07,6.768757283543667e-05,0.03786116637479987,0.00011967913731520598,-0.00028322197968653015,0.0016433713803760933,1.3645246263106997e-08,-1.8597044285115067e-08,0.018416039941532264,1.272821843466546e-07,-1.8488869368473067e-07,-4.707185857890395e-05,-2.9125367943528706e-08,0.0001768523429186081,0.2,0.0,0.0,0.0,0.0,2.002,2.002,1.0108676577580411e-05,2.253643325733634e-05,0.5703064197307217,0.5832724190704541,-0.0017751793027354777,6.768419927650434e-05
X+,2.6,0.19999999999999973,1.1622275000008813,0.0,0.0029162776589045057,-4.323038529903747e-07,6.77472935089748e-05,0.04516520568557762,0.00011557846290317876,-0.00027199475024548435,0.0016433713803760933,1.3645246263106997e-08,-1.8597044285115067e-08,0.018416039941532264,1.272821843466546e-07,-1.8488869368473067e-07,-4.707185857890395e-05,-2.9125367943528706e-08,0.0001768523429186081,0.2,0.0,0.0,0.0,0.0,2.002,2.002,9.478545488939005e-06,2.1090223521369467e-05,0.6371044242380097,0.6489575523157392,-0.0006385883574686448,6.771898683143764e-05
X+,2.6,0.19999999999999973,1.1854670510001597,0.0,0.0034407402307872342,-4.464894701799657e-07,6.778564568190782e-05,0.049479479003304884,0.00011308797490228952,-0.00026470538854194553,0.0016433713803760933,1.3645246263106997e-08,-1.8597044285115067e-08,0.018416039941532264,1.272821843466546e-07,-1.8488869368473067e-07,-4.707185857890395e-05,-2.9125367943528706e-08,0.0001768523429186081,0.2,0.0,0.0,0.0,0.0,2.002,2.002,8.944765480300987e-06,1.9834346432823224e-05,0.7000012168381169,0.7109594467099207,-0.0011243542205480878,6.77543340722619e-05
X+,2.6,0.19999999999999973,1.2109432150027715,0.0,0.004228905888640475,-4.6717179604492676e-07,6.783609205252769e-05,0.054883825457169626,0.00010976497659502542,-0.00025550698227664735,0.0016433713803760933,1.3645246263106997e-08,-1.8597044285115067e-08,0.018416039941532264,1.272821843466546e-07,-1.8488869368473067e-07,-4.707185857890395e-05,-2.9125367943528706e-08,0.0001768523429186081,0.2,0.0,0.0,0.0,0.0,2.002,2.002,8.029643922213836e-06,1.76171388153179e-05,0.8149931851293888,0.824355617236866,-0.0010836822463600464,6.782637463819431e-05
X+,2.6,0.19999999999999973,1.2473219020030228,0.0,0.005154306960316605,-4.880001715692334e-07,6.788276005135527e-05,0.06008846753532406,0.00010822640993322101,-0.00025238946498097576,0.007196789910623547,8.098473520126375e-08,-1.0287703770040404e-07,0.055534185302462014,6.744276610849752e-07,-8.427999341528896e-07,-4.707185857890395e-05,-2.9125367943528706e-08,0.0001768523429186081,0.2,0.0,0.0,0.0,0.0,2.002,2.002,7.628504882895015e-06,1.6615884537607428e-05,0.8675061953526495,0.8761102978064698,-0.00014809487494226836,6.786025247771914e-05
X+,2.7,0.2999999999999998,1.2806281780030986,0.10000000000000009,0.006371454720656967,-5.348562595562656e-07,6.762491786721317e-05,0.06888484936191469,0.00011188198403825477,-0.0003185970756982464,0.007196789910623547,8.098473520126375e-08,-1.0287703770040404e-07,0.055534185302462014,6.744276610849752e-07,-8.427999341528896e-07,0.0014264643992740835,-2.497326811337434e-07,1.2306581890886328e-05,0.2,0.0,0.0,0.0,0.0,2.962962962962963,2.962962962962963,6.922546343268721e-06,1.4794417896091261e-05,0.9635167314354077,0.9706562045762817,0.0005826397328756477,6.781906631621507e-05
X+,2.7,0.2999999999999998,1.3110181219999504,0.0,0.006371454720656967,-5.348562595562656e-07,6.762491786721317e-05,0.06888484936191469,0.00011188198403825477,-0.0003185970756982464,0.007196789910623547,8.098473520126375e-08,-1.0287703770040404e-07,0.055534185302462014,6.744276610849752e-07,-8.427999341528896e-07,0.0014264643992740835,-2.497326811337434e-07,1.2306581890886328e-05,0.2,0.0,0.0,0.0,0.0,2.962962962962963,2.962962962962963,6.922546343268721e-06,1.4794417896091261e-05,0.9635167314354077,0.9706562045762817,0.0005826397328756477,6.781906631621507e-05
X+,2.7,0.2999999999999998,1.3484364500000083,0.0,0.006371454720656967,-5.348562595562656e-07,6.762491786721317e-05,0.06888484936191469,0.00011188198403825477,-0.0003185970756982464,0.007196789910623547,8.098473520126375e-08,-1.0287703770040404e-07,0.055534185302462014,6.744276610849752e-07,-8.427999341528896e-07,0.0014264643992740835,-2.497326811337434e-07,1.2306581890886328e-05,0.2,0.0,0.0,0.0,0.0,2.962962962962963,2.962962962962963,6.922546343268721e-06,1.4794417896091261e-05,0.9635167314354077,0.9706562045762817,0.0005826397328756477,6.781906631621507e-05
X+,2.7,0.2999999999999998,1.376511891001428,0.0,0.006371454720656967,-5.348562595562656e-07,6.762491786721317e-05,0.06888484936191469,0.00011188198403825477,-0.0003185970756982464,0.007196789910623547,8.098473520126375e-08,-1.0287703770040404e-07,0.055534185302462014,6.744276610849752e-07,-8.427999341528896e-07,0.0014264643992740835,-2.497326811337434e-07,1.2306581890886328e-05,0.2,0.0,0.0,0.0,0.0,2.962962962962963,2.962962962962963,6.922546343268721e-06,1.4794417896091261e-05,0.9635167314354077,0.9706562045762817,0.0005826397328756477,6.781906631621507e-05
X+,2.7,0.2999999999999998,1.405213159003324,0.0,0.006371454720656967,-5.348562595562656e-07,6.762491786721317e-05,0.06888484936191469,0.00011188198403825477,-0.0003185970756982464,0.007196789910623547,8.098473520126375e-08,-1.0287703770040404e-07,0.055534185302462014,6.744276610849752e-07,-8.427999341528896e-07,0.0014264643992740835,-2.497326811337434e-07,1.2306581890886328e-05,0.2,0.0,0.0,0.0,0.0,2.962962962962963,2.962962962962963,6.922546343268721e-06,1.4794417896091261e-05,0.9635167314354077,0.9706562045762817,0.0005826397328756477,6.781906631621507e-05
X+,2.7,0.2999999999999998,1.4344134260027204,0.0,0.006371454720656967,-5.348562595562656e-07,6.762491786721317e-05,0.06888484936191469,0.00011188198403825477,-0.0003185970756982464,0.007196789910623547,8.098473520126375e-08,-1.0287703770040404e-07,0.055534185302462014,6.744276610849752e-07,-8.427999341528896e-07,0.0014264643992740835,-2.497326811337434e-07,1.2306581890886328e-05,0.2,0.0,0.0,0.0,0.0,2.962962962962963,2.962962962962963,6.922546343268721e-06,1.4794417896091261e-05,0.9635167314354077,0.9706562045762817,0.0005826397328756477,6.781906631621507e-05
X+,2.7,0.2999999999999998,1.4630725790011638,0.0,0.006371454720656967,-5.348562595562656e-07,6.762491786721317e-05,0.06888484936191469,0.00011188198403825477,-0.0003185970756982464,0.007196789910623547,8.098473520126375e-08,-1.0287703770040404e-07,0.055534185302462014,6.744276610849752e-07,-8.427999341528896e-07,0.0014264643992740835,-2.497326811337434e-07,1.2306581890886328e-05,0.2,0.0,0.0,0.0,0.0,2.962962962962963,2.962962962962963,6.922546343268721e-06,1.4794417896091261e-05,0.9635167314354077,0.9706562045762817,0.0005826397328756477,6.781906631621507e-05
X+,2.7,0.2999999999999998,1.4904981960025907,0.0,0.006371454720656967,-5.348562595562656e-07,6.762491786721317e-05,0.06888484936191469,0.00011188198403825477,-0.0003185970756982464,0.007196789910623547,8.098473520126375e-08,-1.0287703770040404e-07,0.055534185302462014,6.744276610849752e-07,-8.427999341528896e-07,0.0014264643992740835,-2.497326811337434e-07,1.2306581890886328e-05,0.2,0.0,0.0,0.0,0.0,2.962962962962963,2.962962962962963,6.922546343268721e-06,1.4794417896091261e-05,0.9635167314354077,0.9706562045762817,0.0005826397328756477,6.781906631621507e-05
X+,2.7,0.2999999999999998,1.5177725060020748,0.0,0.006371454720656967,-5.348562595562656e-07,6.762491786721317e-05,0.06888484936191469,0.00011188198403825477,-0.0003185970756982464,0.007196789910623547,8.098473520126375e-08,-1.0287703770040404e-07,0.055534185302462014,6.744276610849752e-07,-8.427999341528896e-07,0.0014264643992740835,-2.497326811337434e-07,1.2306581890886328e-05,0.2,0.0,0.0,0.0,0.0,2.962962962962963,2.962962962962963,6.922546343268721e-06,1.4794417896091261e-05,0.9635167314354077,0.9706562045762817,0.0005826397328756477,6.781906631621507e-05
X+,2.7,0.2999999999999998,1.5454213960001653,0.0,0.006371454720656967,-5.348562595562656e-07,6.762491786721317e-05,0.06888484936191469,0.00011188198403825477,-0.0003185970756982464,0.007196789910623547,8.098473520126375e-08,-1.0287703770040404e-07,0.055534185302462014,6.744276610849752e-07,-8.427999341528896e-07,0.0014264643992740835,-2.497326811337434e-07,1.2306581890886328e-05,0.2,0.0,0.0,0.0,0.0,2.962962962962963,2.962962962962963,6.922546343268721e-06,1.4794417896091261e-05,0.9635167314354077,0.9706562045762817,0.0005826397328756477,6.781906631621507e-05
X+,2.7,0.2999999999999998,1.5704913870031305,0.0,0.006371454720656967,-5.348562595562656e-07,6.762491786721317e-05,0.06888484936191469,0.00011188198403825477,-0.0003185970756982464,0.007196789910623547,8.098473520126375e-08,-1.0287703770040404e-07,0.055534185302462014,6.744276610849752e-07,-8.427999341528896e-07,0.0014264643992740835,-2.497326811337434e-07,1.2306581890886328e-05,0.2,0.0,0.0,0.0,0.0,2.962962962962963,2.962962962962963,6.922546343268721e-06,1.4794417896091261e-05,0.9635167314354077,0.9706562045762817,0.0005826397328756477,6.781906631621507e-05
X+,2.7,0.2999999999999998,1.5966198910027742,0.0,0.006371454720656967,-5.348562595562656e-07,6.762491786721317e-05,0.06888484936191469,0.00011188198403825477,-0.0003185970756982464,0.007196789910623547,8.098473520126375e-08,-1.0287703770040404e-07,0.055534185302462014,6.744276610849752e-07,-8.427999341528896e-07,0.0014264643992740835,-2.497326811337434e-07,1.2306581890886328e-05,0.2,0.0,0.0,0.0,0.0,2.962962962962963,2.962962962962963,6.922546343268721e-06,1.4794417896091261e-05,0.9635167314354077,0.9706562045762817,0.0005826397328756477,6.781906631621507e-05
X+,2.7,0.2999999999999998,1.6219301210003323,0.0,0.006371454720656967,-5.348562595562656e-07,6.762491786721317e-05,0.06888484936191469,0.00011188198403825477,-0.0003185970756982464,0.007196789910623547,8.098473520126375e-08,-1.0287703770040404e-07,0.055534185302462014,6.744276610849752e-07,-8.427999341528896e-07,0.0014264643992740835,-2.497326811337434e-07,1.2306581890886328e-05,0.2,0.0,0.0,0.0,0.0,2.962962962962963,2.962962962962963,6.922546343268721e-06,1.4794417896091261e-05,0.9635167314354077,0.9706562045762817,0.0005826397328756477,6.781906631621507e-05
X+,2.7,0.2999999999999998,1.6646236289998342,0.0,0.006371454720656967,-5.348562595562656e-07,6.762491786721317e-05,0.06888484936191469,0.00011188198403825477,-0.0003185970756982464,0.007196789910623547,8.098473520126375e-08,-1.0287703770040404e-07,0.055534185302462014,6.744276610849752e-07,-8.427999341528896e-07,0.0014264643992740835,-2.497326811337434e-07,1.2306581890886328e-05,0.2,0.0,0.0,0.0,0.0,2.962962962962963,2.962962962962963,6.922546343268721e-06,1.4794417896091261e-05,0.9635167314354077,0.9706562045762817,0.0005826397328756477,6.781906631621507e-05
X+,2.7,0.2999999999999998,1.6917267120006727,0.0,0.007020116539343271,-5.610734868386272e-07,6.761683581289044e-05,0.07435892306048843,0.00010713925237554319,-0.00029459186532271043,0.007196789910623547,8.098473520126375e-08,-1.0287703770040404e-07,0.055534185302462014,6.744276610849752e-07,-8.427999341528896e-07,0.0014264643992740835,-2.497326811337434e-07,1.2306581890886328e-05,0.2,0.0,0.0,0.0,0.0,2.962962962962963,2.962962962962963,1.5531254097922442e-05,3.2538727964492864e-05,1.0667659446115105,1.0865168018926854,0.000912462564406323,6.76076490143972e-05
X+,2.7,0.2999999999999998,1.7188272190032876,0.0,0.008289496759611676,-6.315474327745277e-07,6.76939486256219e-05,0.08334381932297946,9.646812950054441e-05,-0.00027367371629750476,0.007196789910623547,8.098473520126375e-08,-1.0287703770040404e-07,0.055534185302462014,6.744276610849752e-07,-8.427999341528896e-07,0.0014264643992740835,-2.497326811337434e-07,1.2306581890886328e-05,0.2,0.0,0.0,0.0,0.0,2.962962962962963,2.962962962962963,1.2978762940818456e-05,2.6959083418987007e-05,1.2454661340191522,1.258985630264854,-0.0009587778220131698,6.76939486256219e-05
X+,2.7,0.2999999999999998,1.7533483320003143,0.0,0.00969502869554275,-7.094604466181126e-07,6.775985735974571e-05,0.0914326364728576,9.53192996740731e-05,-0.00027820887864994447,0.007196789910623547,8.098473520126375e-08,-1.0287703770040404e-07,0.055534185302462014,6.744276610849752e-07,-8.427999341528896e-07,0.0014264643992740835,-2.497326811337434e-07,1.2306581890886328e-05,0.2,0.0,0.0,0.0,0.0,2.962962962962963,2.962962962962963,1.1694403213802218e-05,2.376246345292543e-05,1.4039602683846164,1.4148380742734417,0.0014817750653309193,6.773437988973948e-05
X+,2.7,0.2999999999999998,1.783626455002377,0.0,0.010927801027586233,-7.367139291331384e-07,6.7743386942567e-05,0.09739948239784768,9.874258003999222e-05,-0.00029968218395361363,0.007196789910623547,8.098473520126375e-08,-1.0287703770040404e-07,0.055534185302462014,6.744276610849752e-07,-8.427999341528896e-07,0.0014264643992740835,-2.497326811337434e-07,1.2306581890886328e-05,0.2,0.0,0.0,0.0,0.0,2.962962962962963,2.962962962962963,1.1196348686404178e-05,2.2396229022447756e-05,1.47637489559588,1.4861056442490692,-0.002992808804239061,6.7743386942567e-05
X+,2.7,0.2999999999999998,1.8175534480033093,0.0,0.012650731814666222,-7.472043889403951e-07,6.763768731024941e-05,0.10445528879710947,7.681166908153588e-05,-0.0002556466704162524,0.007196789910623547,8.098473520126375e-08,-1.0287703770040404e-07,0.055534185302462014,6.744276610849752e-07,-8.427999341528896e-07,0.0014264643992740835,-2.497326811337434e-07,1.2306581890886328e-05,0.2,0.0,0.0,0.0,0.0,2.962962962962963,2.962962962962963,1.0216457756229147e-05,1.987371476186439e-05,1.608763039210925,1.6163774593656166,-0.002616795950977598,6.772221844902639e-05
X+,2.7,0.2999999999999998,1.845491904001392,0.0,0.014155042122330732,-8.270196594122384e-07,6.767155599871809e-05,0.10968368710250961,7.813707432741014e-05,-0.0002650110881504493,0.017851036539396355,2.321450683848208e-07,-2.622393405101287e-07,0.10654246628757198,1.522564105156539e-06,-1.5936230280972457e-06,0.006631021893641256,-2.2263690393671778e-07,3.121270162065324e-05,0.2,0.0,0.0,0.0,0.0,2.962962962962963,2.962962962962963,9.822040063944826e-06,1.874180778660417e-05,1.6692831049576655,1.6758492749327836,0.0019834795391468624,6.767155599871809e-05
X+,2.8000000000000003,0.3999999999999999,1.8847757730000012,0.10000000000000009,0.015386176986751897,-8.068690289476585e-07,6.751688561277663e-05,0.11345272944601713,7.882637707690741e-05,-0.0002819884782209902,0.017851036539396355,2.321450683848208e-07,-2.622393405101287e-07,0.10654246628757198,1.522564105156539e-06,-1.5936230280972457e-06,0.006631021893641256,-2.2263690393671778e-07,3.121270162065324e-05,0.2,0.0,0.0,0.0,0.0,2.962962962962963,2.962962962962963,9.483641463248205e-06,1.768315382388863e-05,1.726326683631913,1.7318501027605826,-0.0011361685373614937,6.759139158134802e-05
X+,2.8000000000000003,0.3999999999999999,1.915001987999858,0.0,0.015386176986751897,-8.068690289476585e-07,6.751688561277663e-05,0.11345272944601713,7.882637707690741e-05,-0.0002819884782209902,0.017851036539396355,2.321450683848208e-07,-2.622393405101287e-07,0.10654246628757198,1.522564105156539e-06,-1.5936230280972457e-06,0.006631021893641256,-2.2263690393671778e-07,3.121270162065324e-05,0.2,0.0,0.0,0.0,0.0,2.962962962962963,2.962962962962963,9.483641463248205e-06,1.768315382388863e-05,1.726326683631913,1.7318501027605826,-0.0011361685373614937,6.759139158134802e-05
X+,2.8000000000000003,0.3999999999999999,1.9456077780014311,0.0,0.015386176986751897,-8.068690289476585e-07,6.751688561277663e-05,0.11345272944601713,7.882637707690741e-05,-0.0002819884782209902,0.017851036539396355,2.321450683848208e-07,-2.622393405101287e-07,0.10654246628757198,1.522564105156539e-06,-1.5936230280972457e-06,0.006631021893641256,-2.2263690393671778e-07,3.121270162065324e-05,0.2,0.0,0.0,0.0,0.0,2.962962962962963,2.962962962962963,9.483641463248205e-06,1.768315382388863e-05,1.726326683631913,1.7318501027605826,-0.0011361685373614937,6.759139158134802e-05
X+,2.8000000000000003,0.3999999999999999,1.9758806340032606,0.0,0.015386176986751897,-8.068690289476585e-07,6.751688561277663e-05,0.11345272944601713,7.882637707690741e-05,-0.0002819884782209902,0.017851036539396355,2.321450683848208e-07,-2.622393405101287e-07,0.10654246628757198,1.522564105156539e-06,-1.5936230280972457e-06,0.006631021893641256,-2.2263690393671778e-07,3.121270162065324e-05,0.2,0.0,0.0,0.0,0.0,2.962962962962963,2.962962962962963,9.483641463248205e-06,1.768315382388863e-05,1.726326683631913,1.7318501027605826,-0.0011361685373614937,6.759139158134802e-05
X+,2.8000000000000003,0.3999999999999999,2.0018805830004567,0.0,0.015386176986751897,-8.068690289476585e-07,6.751688561277663e-05,0.11345272944601713,7.882637707690741e-05,-0.0002819884782209902,0.017851036539396355,2.321450683848208e-07,-2.622393405101287e-07,0.10654246628757198,1.522564105156539e-06,-1.5936230280972457e-06,0.006631021893641256,-2.2263690393671778e-07,3.121270162065324e-05,0.2,0.0,0.0,0.0,0.0,2.962962962962963,2.962962962962963,9.483641463248205e-06,1.768315382388863e-05,1.726326683631913,1.7318501027605826,-0.0011361685373614937,6.759139158134802e-05
X+,2.8000000000000003,0.3999999999999999,2.026560614001937,0.0,0.015386176986751897,-8.068690289476585e-07,6.751688561277663e-05,0.11345272944601713,7.882637707690741e-05,-0.0002819884782209902,0.017851036539396355,2.321450683848208e-07,-2.622393405101287e-07,0.10654246628757198,1.522564105156539e-06,-1.5936230280972457e-06,0.006631021893641256,-2.2263690393671778e-07,3.121270162065324e-05,0.2,0.0,0.0,0.0,0.0,2.962962962962963,2.962962962962963,9.483641463248205e-06,1.768315382388863e-05,1.726326683631913,1.7318501027605826,-0.0011361685373614937,6.759139158134802e-05
X+,2.8000000000000003,0.3999999999999999,2.0539200760031235,0.0,0.015386176986751897,-8.068690289476585e-07,6.751688561277663e-05,0.11345272944601713,7.882637707690741e-05,-0.0002819884782209902,0.017851036539396355,2.321450683848208e-07,-2.622393405101287e-07,0.10654246628757198,1.522564105156539e-06,-1.5936230280972457e-06,0.006631021893641256,-2.2263690393671778e-07,3.121270162065324e-05,0.2,0.0,0.0,0.0,0.0,2.962962962962963,2.962962962962963,9.483641463248205e-06,1.768315382388863e-05,1.726326683631913,1.7318501027605826,-0.0011361685373614937,6.759139158134802e-05
X+,2.8000000000000003,0.3999999999999999,2.0797643050027546,0.0,0.015386176986751897,-8.068690289476585e-07,6.751688561277663e-05,0.11345272944601713,7.882637707690741e-05,-0.0002819884782209902,0.017851036539396355,2.321450683848208e-07,-2.622393405101287e-07,0.10654246628757198,1.522564105156539e-06,-1.5936230280972457e-06,0.006631021893641256,-2.2263690393671778e-07,3.121270162065324e-05,0.2,0.0,0.0,0.0,0.0,2.962962962962963,2.962962962962963,9.483641463248205e-06,1.768315382388863e-05,1.726326683631913,1.7318501027605826,-0.0011361685373614937,6.759139158134802e-05
X+,2.8000000000000003,0.3999999999999999,2.1097267380027915,0.0,0.015386176986751897,-8.068690289476585e-07,6.751688561277663e-05,0.11345272944601713,7.882637707690741e-05,-0.0002819884782209902,0.017851036539396355,2.321450683848208e-07,-2.622393405101287e-07,0.10654246628757198,1.522564105156539e-06,-1.5936230280972457e-06,0.006631021893641256,-2.2263690393671778e-07,3.121270162065324e-05,0.2,0.0,0.0,0.0,0.0,2.962962962962963,2.962962962962963,9.483641463248205e-06,1.768315382388863e-05,1.726326683631913,1.7318501027605826,-0.0011361685373614937,6.759139158134802e-05
X+,2.8000000000000003,0.3999999999999999,2.1385386860019935,0.0,0.015386176986751897,-8.068690289476585e-07,6.751688561277663e-05,0.11345272944601713,7.882637707690741e-05,-0.0002819884782209902,0.017851036539396355,2.321450683848208e-07,-2.622393405101287e-07,0.10654246628757198,1.522564105156539e-06,-1.5936230280972457e-06,0.006631021893641256,-2.2263690393671778e-07,3.121270162065324e-05,0.2,0.0,0.0,0.0,0.0,2.962962962962963,2.962962962962963,9.483641463248205e-06,1.768315382388863e-05,1.726326683631913,1.7318501027605826,-0.0011361685373614937,6.759139158134802e-05
X+,2.8000000000000003,0.3999999999999999,2.169962939002289,0.0,0.015386176986751897,-8.068690289476585e-07,6.751688561277663e-05,0.11345272944601713,7.882637707690741e-05,-0.0002819884782209902,0.017851036539396355,2.321450683848208e-07,-2.622393405101287e-07,0.10654246628757198,1.522564105156539e-06,-1.5936230280972457e-06,0.006631021893641256,-2.2263690393671778e-07,3.121270162065324e-05,0.2,0.0,0.0,0.0,0.0,2.962962962962963,2.962962962962963,9.483641463248205e-06,1.768315382388863e-05,1.726326683631913,1.7318501027605826,-0.0011361685373614937,6.759139158134802e-05
X+,2.8000000000000003,0.3999999999999999,2.1964840390028257,0.0,0.015386176986751897,-8.068690289476585e-07,6.751688561277663e-05,0.11345272944601713,7.882637707690741e-05,-0.0002819884782209902,0.017851036539396355,2.321450683848208e-07,-2.622393405101287e-07,0.10654246628757198,1.522564105156539e-06,-1.5936230280972457e-06,0.006631021893641256,-2.2263690393671778e-07,3.121270162065324e-05,0.2,0.0,0.0,0.0,0.0,2.962962962962963,2.962962962962963,9.483641463248205e-06,1.768315382388863e-05,1.726326683631913,1.7318501027605826,-0.0011361685373614937,6.759139158134802e-05
X+,2.8000000000000003,0.3999999999999999,2.2241380480008957,0.0,0.015386176986751897,-8.068690289476585e-07,6.751688561277663e-05,0.11345272944601713,7.882637707690741e-05,-0.0002819884782209902,0.017851036539396355,2.321450683848208e-07,-2.622393405101287e-07,0.10654246628757198,1.522564105156539e-06,-1.5936230280972457e-06,0.006631021893641256,-2.2263690393671778e-07,3.121270162065324e-05,0.2,0.0,0.0,0.0,0.0,2.962962962962963,2.962962962962963,9.483641463248205e-06,1.768315382388863e-05,1.726326683631913,1.7318501027605826,-0.0011361685373614937,6.759139158134802e-05
X+,2.8000000000000003,0.3999999999999999,2.253048235001188,0.0,0.015386176986751897,-8.068690289476585e-07,6.751688561277663e-05,0.11345272944601713,7.882637707690741e-05,-0.0002819884782209902,0.017851036539396355,2.321450683848208e-07,-2.622393405101287e-07,0.10654246628757198,1.522564105156539e-06,-1.5936230280972457e-06,0.006631021893641256,-2.2263690393671778e-07,3.121270162065324e-05,0.2,0.0,0.0,0.0,0.0,2.962962962962963,2.962962962962963,9.483641463248205e-06,1.768315382388863e-05,1.726326683631913,1.7318501027605826,-0.0011361685373614937,6.759139158134802e-05
X+,2.8000000000000003,0.3999999999999999,2.2877786090029986,0.0,0.017247206666446944,-8.574859235201127e-07,6.744167663201793e-05,0.11844414639794272,7.140153482208263e-05,-0.0002885256872932453,0.017851036539396355,2.321450683848208e-07,-2.622393405101287e-07,0.10654246628757198,1.522564105156539e-06,-1.5936230280972457e-06,0.006631021893641256,-2.2263690393671778e-07,3.121270162065324e-05,0.2,0.0,0.0,0.0,0.0,2.962962962962963,2.962962962962963,8.972621170499906e-06,1.5784942089425158e-05,1.8307304859329698,1.8342077770088245,-0.0016177003999087343,6.74538839285685e-05
X+,2.8000000000000003,0.3999999999999999,2.314378895000118,0.0,0.019060519564886653,-9.512063329818535e-07,6.744269892323997e-05,0.12307383304114938,1.193089475123564e-05,-4.1940409145296495e-05,0.017851036539396355,2.321450683848208e-07,-2.622393405101287e-07,0.10654246628757198,1.522564105156539e-06,-1.5936230280972457e-06,0.006631021893641256,-2.2263690393671778e-07,3.121270162065324e-05,0.2,0.0,0.0,0.0,0.0,2.962962962962963,2.962962962962963,8.705436977507475e-06,1.4895299206507673e-05,1.8784714554407838,1.8809468442115531,-0.000892873263258212,6.745880958811414e-05
X+,2.8000000000000003,0.3999999999999999,2.346039304000442,0.0,0.0213144975847704,-9.945987923488595e-07,6.72661840495088e-05,0.12710636855963137,3.717268352813245e-05,-0.00029308012722826837,0.017851036539396355,2.321450683848208e-07,-2.622393405101287e-07,0.10654246628757198,1.522564105156539e-06,-1.5936230280972457e-06,0.006631021893641256,-2.2263690393671778e-07,3.121270162065324e-05,0.2,0.0,0.0,0.0,0.0,2.962962962962963,2.962962962962963,8.247191232158002e-06,1.326436802617792e-05,1.9659557789099031,1.9664832620562658,0.004230256961983104,6.740817682398544e-05
X+,2.8000000000000003,0.3999999999999999,2.382308883003134,0.0,0.024567680305252353,-1.2556738023389302e-06,6.746168336747526e-05,0.1324025907670423,2.2810665766501208e-05,-0.00035273763408872184,0.017851036539396355,2.321450683848208e-07,-2.622393405101287e-07,0.10654246628757198,1.522564105156539e-06,-1.5936230280972457e-06,0.006631021893641256,-2.2263690393671778e-07,3.121270162065324e-05,0.2,0.0,0.0,0.0,0.0,2.962962962962963,2.962962962962963,7.75734324953703e-06,1.120876866700371e-05,2.0795451077153535,2.077158094560827,0.001128279397237173,6.742117865321976e-05
X+,2.8000000000000003,0.3999999999999999,2.4125482010022097,0.0,0.027257932434753714,-1.5759751971280989e-06,6.786624350154334e-05,0.1359649950686151,1.2103106273574348e-05,-0.0003792888381323054,0.03109013623806358,3.542072589268221e-07,-3.3814466833429714e-07,0.1323909969863476,1.2553400331592334e-06,-7.590532782416842e-07,0.036596431662444834,3.546329224576974e-06,0.00018674669467255714,0.2,0.0,0.0,0.0,0.0,2.962962962962963,2.962962962962963,7.647563037060934e-06,1.0629357555025365e-05,2.1132669169023695,2.109923295670272,-0.0014863096994512702,6.77758526884666e-05
X+,2.9000000000000004,0.5,2.451740749002056,0.10000000000000009,0.028766262612545536,-1.7607572509676164e-06,6.811606231319419e-05,0.137844748139319,7.033807944968644e-06,-0.000396941532996416,0.03109013623806358,3.542072589268221e-07,-3.3814466833429714e-07,0.1323909969863476,1.2553400331592334e-06,-7.590532782416842e-07,0.036596431662444834,3.546329224576974e-06,0.00018674669467255714,0.2,0.0,0.0,0.0,0.0,2.962962962962963,2.962962962962963,7.4947870887243084e-06,9.610728076481223e-06,2.1752702841565905,2.170019629595827,-0.002682943826607854,6.80483641523236e-05
X+,2.9000000000000004,0.5,2.4845319100022607,0.0,0.029319337384625225,-1.827683599966816e-06,6.820533384030313e-05,0.13828644056048423,5.703336236496785e-06,-0.00040163469505875057,0.03109013623806358,3.542072589268221e-07,-3.3814466833429714e-07,0.1323909969863476,1.2553400331592334e-06,-7.590532782416842e-07,0.036596431662444834,3.546329224576974e-06,0.00018674669467255714,0.2,0.0,0.0,0.0,0.0,2.962962962962963,2.962962962962963,7.4947870887243084e-06,9.610728076481223e-06,2.1752702841565905,2.170019629595827,-0.002682943826607854,6.80483641523236e-05
X+,2.9000000000000004,0.5,2.5130271620000713,0.0,0.029319337384625225,-1.827683599966816e-06,6.820533384030313e-05,0.13828644056048423,5.703336236496785e-06,-0.00040163469505875057,0.03109013623806358,3.542072589268221e-07,-3.3814466833429714e-07,0.1323909969863476,1.2553400331592334e-06,-7.590532782416842e-07,0.036596431662444834,3.546329224576974e-06,0.00018674669467255714,0.2,0.0,0.0,0.0,0.0,2.962962962962963,2.962962962962963,7.4947870887243084e-06,9.610728076481223e-06,2.1752702841565905,2.170019629595827,-0.002682943826607854,6.80483641523236e-05
X+,2.9000000000000004,0.5,2.5382635240021045,0.0,0.029319337384625225,-1.827683599966816e-06,6.820533384030313e-05,0.13828644056048423,5.703336236496785e-06,-0.00040163469505875057,0.03109013623806358,3.542072589268221e-07,-3.3814466833429714e-07,0.1323909969863476,1.2553400331592334e-06,-7.590532782416842e-07,0.036596431662444834,3.546329224576974e-06,0.00018674669467255714,0.2,0.0,0.0,0.0,0.0,2.962962962962963,2.962962962962963,7.4947870887243084e-06,9.610728076481223e-06,2.1752702841565905,2.170019629595827,-0.002682943826607854,6.80483641523236e-05
X+,2.9000000000000004,0.5,2.569198879002215,0.0,0.029319337384625225,-1.827683599966816e-06,6.820533384030313e-05,0.13828644056048423,5.703336236496785e-06,-0.00040163469505875057,0.03109013623806358,3.542072589268221e-07,-3.3814466833429714e-07,0.1323909969863476,1.2553400331592334e-06,-7.590532782416842e-07,0.036596431662444834,3.546329224576974e-06,0.00018674669467255714,0.2,0.0,0.0,0.0,0.0,2.962962962962963,2.962962962962963,7.4947870887243084e-06,9.610728076481223e-06,2.1752702841565905,2.170019629595827,-0.002682943826607854,6.80483641523236e-05
X+,2.9000000000000004,0.5,2.5983994680027536,0.0,0.029319337384625225,-1.827683599966816e-06,6.820533384030313e-05,0.13828644056048423,5.703336236496785e-06,-0.00040163469505875057,0.03109013623806358,3.542072589268221e-07,-3.3814466833429714e-07,0.1323909969863476,1.2553400331592334e-06,-7.590532782416842e-07,0.036596431662444834,3.546329224576974e-06,0.00018674669467255714,0.2,0.0,0.0,0.0,0.0,2.962962962962963,2.962962962962963,7.4947870887243084e-06,9.610728076481223e-06,2.1752702841565905,2.170019629595827,-0.002682943826607854,6.80483641523236e-05
X+,2.9000000000000004,0.5,2.625756483001169,0.0,0.029319337384625225,-1.827683599966816e-06,6.820533384030313e-05,0.13828644056048423,5.703336236496785e-06,-0.00040163469505875057,0.03109013623806358,3.542072589268221e-07,-3.3814466833429714e-07,0.1323909969863476,1.2553400331592334e-06,-7.590532782416842e-07,0.036596431662444834,3.546329224576974e-06,0.00018674669467255714,0.2,0.0,0.0,0.0,0.0,2.962962962962963,2.962962962962963,7.4947870887243084e-06,9.610728076481223e-06,2.1752702841565905,2.170019629595827,-0.002682943826607854,6.80483641523236e-05
X+,2.9000000000000004,0.5,2.652187630003027,0.0,0.029319337384625225,-1.827683599966816e-06,6.820533384030313e-05,0.13828644056048423,5.703336236496785e-06,-0.00040163469505875057,0.03109013623806358,3.542072589268221e-07,-3.3814466833429714e-07,0.1323909969863476,1.2553400331592334e-06,-7.590532782416842e-07,0.036596431662444834,3.546329224576974e-06,0.00018674669467255714,0.2,0.0,0.0,0.0,0.0,2.962962962962963,2.962962962962963,7.4947870887243084e-06,9.610728076481223e-06,2.1752702841565905,2.170019629595827,-0.002682943826607854,6.80483641523236e-05
X+,2.9000000000000004,0.5,2.679420814001787,0.0,0.029319337384625225,-1.827683599966816e-06,6.820533384030313e-05,0.13828644056048423,5.703336236496785e-06,-0.00040163469505875057,0.03109013623806358,3.542072589268221e-07,-3.3814466833429714e-07,0.1323909969863476,1.2553400331592334e-06,-7.590532782416842e-07,0.036596431662444834,3.546329224576974e-06,0.00018674669467255714,0.2,0.0,0.0,0.0,0.0,2.962962962962963,2.962962962962963,7.4947870887243084e-06,9.610728076481223e-06,2.1752702841565905,2.170019629595827,-0.002682943826607854,6.80483641523236e-05
X+,2.9000000000000004,0.5,2.7122242490004282,0.0,0.029319337384625225,-1.827683599966816e-06,6.820533384030313e-05,0.13828644056048423,5.703336236496785e-06,-0.00040163469505875057,0.03109013623806358,3.542072589268221e-07,-3.3814466833429714e-07,0.1323909969863476,1.2553400331592334e-06,-7.590532782416842e-07,0.036596431662444834,3.546329224576974e-06,0.00018674669467255714,0.2,0.0,0.0,0.0,0.0,2.962962962962963,2.962962962962963,7.4947870887243084e-06,9.610728076481223e-06,2.1752702841565905,2.170019629595827,-0.002682943826607854,6.80483641523236e-05
X+,2.9000000000000004,0.5,2.739773576002335,0.0,0.029319337384625225,-1.827683599966816e-06,6.820533384030313e-05,0.13828644056048423,5.703336236496785e-06,-0.00040163469505875057,0.03109013623806358,3.542072589268221e-07,-3.3814466833429714e-07,0.1323909969863476,1.2553400331592334e-06,-7.590532782416842e-07,0.036596431662444834,3.546329224576974e-06,0.00018674669467255714,0.2,0.0,0.0,0.0,0.0,2.962962962962963,2.962962962962963,7.4947870887243084e-06,9.610728076481223e-06,2.1752702841565905,2.170019629595827,-0.002682943826607854,6.80483641523236e-05
X+,2.9000000000000004,0.5,2.7705559310015815,0.0,0.029319337384625225,-1.827683599966816e-06,6.820533384030313e-05,0.13828644056048423,5.703336236496785e-06,-0.00040163469505875057,0.03109013623806358,3.542072589268221e-07,-3.3814466833429714e-07,0.1323909969863476,1.2553400331592334e-06,-7.590532782416842e-07,0.036596431662444834,3.546329224576974e-06,0.00018674669467255714,0.2,0.0,0.0,0.0,0.0,2.962962962962963,2.962962962962963,7.4947870887243084e-06,9.610728076481223e-06,2.1752702841565905,2.170019629595827,-0.002682943826607854,6.80483641523236e-05
X+,2.9000000000000004,0.5,2.7979223530019226,0.0,0.029319337384625225,-1.827683599966816e-06,6.820533384030313e-05,0.13828644056048423,5.703336236496785e-06,-0.00040163469505875057,0.03109013623806358,3.542072589268221e-07,-3.3814466833429714e-07,0.1323909969863476,1.2553400331592334e-06,-7.590532782416842e-07,0.036596431662444834,3.546329224576974e-06,0.00018674669467255714,0.2,0.0,0.0,0.0,0.0,2.962962962962963,2.962962962962963,7.4947870887243084e-06,9.610728076481223e-06,2.1752702841565905,2.170019629595827,-0.002682943826607854,6.80483641523236e-05
X+,2.9000000000000004,0.5,2.827101054001105,0.0,0.030153281845515138,-1.9277614302076057e-06,6.833673342342787e-05,0.1391372432188523,2.9301498945796594e-06,-0.00041136052524348054,0.03109013623806358,3.542072589268221e-07,-3.3814466833429714e-07,0.1323909969863476,1.2553400331592334e-06,-7.590532782416842e-07,0.036596431662444834,3.546329224576974e-06,0.00018674669467255714,0.2,0.0,0.0,0.0,0.0,2.962962962962963,2.962962962962963,7.445885911394612e-06,9.160482587589058e-06,2.203784251040348,2.1975799628821684,-0.0016278511411942083,6.829328586915383e-05
X+,2.9000000000000004,0.5,2.854952826000954,0.0,0.03197688362514016,-2.1439046008148513e-06,6.861045458782922e-05,0.1408375561154549,-3.627482238617363e-06,-0.0004339960024848901,0.03109013623806358,3.542072589268221e-07,-3.3814466833429714e-07,0.1323909969863476,1.2553400331592334e-06,-7.590532782416842e-07,0.036596431662444834,3.546329224576974e-06,0.00018674669467255714,0.2,0.0,0.0,0.0,0.0,2.962962962962963,2.962962962962963,7.4129705360803655e-06,8.745748140803755e-06,2.2307848532835246,2.223624131066558,-0.0012089157846926599,6.848595216665014e-05
X+,2.9000000000000004,0.5,2.8852372150031442,0.0,0.03339397727482778,-2.310474066641137e-06,6.881095344041157e-05,0.1420191379813922,-9.084194989108406e-06,-0.00045261408897258906,0.03109013623806358,3.542072589268221e-07,-3.3814466833429714e-07,0.1323909969863476,1.2553400331592334e-06,-7.590532782416842e-07,0.036596431662444834,3.546329224576974e-06,0.00018674669467255714,0.2,0.0,0.0,0.0,0.0,2.962962962962963,2.962962962962963,7.395116814912228e-06,8.365166755730513e-06,2.2563742572005707,2.248252490145747,-0.0025735240544677157,6.869188589852447e-05
X+,2.9000000000000004,0.5,2.9203667660003703,0.0,0.03626101230570961,-2.646072423800709e-06,6.918136960906022e-05,0.14407725765289067,-2.07154133061825e-05,-0.0004926049025124998,0.03109013623806358,3.542072589268221e-07,-3.3814466833429714e-07,0.1323909969863476,1.2553400331592334e-06,-7.590532782416842e-07,0.036596431662444834,3.546329224576974e-06,0.00018674669467255714,0.2,0.0,0.0,0.0,0.0,2.962962962962963,2.962962962962963,7.401007776408619e-06,7.702014294785897e-06,2.3037051585232,2.2936398899702137,0.0008130648340593873,6.907411683816087e-05
X+,2.9000000000000004,0.5,2.9505941510033153,0.0,0.038581886981743765,-2.9180846561954396e-06,6.945960195256426e-05,0.14545359320742401,-3.096244662174723e-05,-0.0005262371765188715,0.03109013623806358,3.542072589268221e-07,-3.3814466833429714e-07,0.1323909969863476,1.2553400331592334e-06,-7.590532782416842e-07,0.036596431662444834,3.546329224576974e-06,0.00018674669467255714,0.2,0.0,0.0,0.0,0.0,2.962962962962963,2.962962962962963,7.422133247558804e-06,7.417007272358944e-06,2.3256234333839774,2.314576409104403,-0.0018416016220881536,6.944275154462391e-05
X+,2.9000000000000004,0.5,2.9809143460006453,0.0,0.04048265927339349,-3.1485362075849704e-06,6.966290698968226e-05,0.14640895506700707,-3.8945317447029466e-05,-0.0005527463947158521,0.04599894548765738,4.5814077890543355e-07,-3.299569777647768e-07,0.14908809249557803,1.0897485433756866e-06,8.187690569520269e-08,0.032125051919814906,-9.319721435622685e-07,-7.925491834104287e-05,0.2,0.0,0.0,0.0,0.0,2.962962962962963,2.962962962962963,7.5000503834132815e-06,6.940669099009256e-06,2.36640061492529,2.353347926400816,0.0019338276225904032,6.958750431639176e-05
X+,3.0,0.5999999999999996,3.0144642630002636,0.09999999999999964,0.04298542473211735,-3.455537612861645e-06,6.991057159515042e-05,0.14745423877781424,-4.9300327828876166e-05,-0.0005858041907313833,0.04599894548765738,4.5814077890543355e-07,-3.299569777647768e-07,0.14908809249557803,1.0897485433756866e-06,8.187690569520269e-08,0.032125051919814906,-9.319721435622685e-07,-7.925491834104287e-05,0.2,0.0,0.0,0.0,0.0,2.962962962962963,2.962962962962963,7.554629521067113e-06,6.746977948779431e-06,2.3854094124822995,2.3713418873214445,-0.002486564409282752,6.988172779955163e-05
X+,3.0,0.5999999999999996,3.043224741002632,0.0,0.04298542473211735,-3.455537612861645e-06,6.991057159515042e-05,0.14745423877781424,-4.9300327828876166e-05,-0.0005858041907313833,0.04599894548765738,4.5814077890543355e-07,-3.299569777647768e-07,0.14908809249557803,1.0897485433756866e-06,8.187690569520269e-08,0.032125051919814906,-9.319721435622685e-07,-7.925491834104287e-05,0.2,0.0,0.0,0.0,0.0,2.962962962962963,2.962962962962963,7.554629521067113e-06,6.746977948779431e-06,2.3854094124822995,2.3713418873214445,-0.002486564409282752,6.988172779955163e-05
X+,3.0,0.5999999999999996,3.06629446900115,0.0,0.04298542473211735,-3.455537612861645e-06,6.991057159515042e-05,0.14745423877781424,-4.9300327828876166e-05,-0.0005858041907313833,0.04599894548765738,4.5814077890543355e-07,-3.299569777647768e-07,0.14908809249557803,1.0897485433756866e-06,8.187690569520269e-08,0.032125051919814906,-9.319721435622685e-07,-7.925491834104287e-05,0.2,0.0,0.0,0.0,0.0,2.962962962962963,2.962962962962963,7.554629521067113e-06,6.746977948779431e-06,2.3854094124822995,2.3713418873214445,-0.002486564409282752,6.988172779955163e-05
X+,3.0,0.5999999999999996,3.099411360002705,0.0,0.04298542473211735,-3.455537612861645e-06,6.991057159515042e-05,0.14745423877781424,-4.9300327828876166e-05,-0.0005858041907313833,0.04599894548765738,4.5814077890543355e-07,-3.299569777647768e-07,0.14908809249557803,1.0897485433756866e-06,8.187690569520269e-08,0.032125051919814906,-9.319721435622685e-07,-7.925491834104287e-05,0.2,0.0,0.0,0.0,0.0,2.962962962962963,2.962962962962963,7.554629521067113e-06,6.746977948779431e-06,2.3854094124822995,2.3713418873214445,-0.002486564409282752,6.988172779955163e-05
X+,3.0,0.5999999999999996,3.1242173980026564,0.0,0.04298542473211735,-3.455537612861645e-06,6.991057159515042e-05,0.14745423877781424,-4.9300327828876166e-05,-0.0005858041907313833,0.04599894548765738,4.5814077890543355e-07,-3.299569777647768e-07,0.14908809249557803,1.0897485433756866e-06,8.187690569520269e-08,0.032125051919814906,-9.319721435622685e-07,-7.925491834104287e-05,0.2,0.0,0.0,0.0,0.0,2.962962962962963,2.962962962962963,7.554629521067113e-06,6.746977948779431e-06,2.3854094124822995,2.3713418873214445,-0.002486564409282752,6.988172779955163e-05
X+,3.0,0.5999999999999996,3.14933967700199,0.0,0.04298542473211735,-3.455537612861645e-06,6.991057159515042e-05,0.14745423877781424,-4.9300327828876166e-05,-0.0005858041907313833,0.04599894548765738,4.5814077890543355e-07,-3.299569777647768e-07,0.14908809249557803,1.0897485433756866e-06,8.187690569520269e-08,0.032125051919814906,-9.319721435622685e-07,-7.925491834104287e-05,0.2,0.0,0.0,0.0,0.0,2.962962962962963,2.962962962962963,7.554629521067113e-06,6.746977948779431e-06,2.3854094124822995,2.3713418873214445,-0.002486564409282752,6.988172779955163e-05
X+,3.0,0.5999999999999996,3.180528528002469,0.0,0.04298542473211735,-3.455537612861645e-06,6.991057159515042e-05,0.14745423877781424,-4.9300327828876166e-05,-0.0005858041907313833,0.04599894548765738,4.5814077890543355e-07,-3.299569777647768e-07,0.14908809249557803,1.0897485433756866e-06,8.187690569520269e-08,0.032125051919814906,-9.319721435622685e-07,-7.925491834104287e-05,0.2,0.0,0.0,0.0,0.0,2.962962962962963,2.962962962962963,7.554629521067113e-06,6.746977948779431e-06,2.3854094124822995,2.3713418873214445,-0.002486564409282752,6.988172779955163e-05
X+,3.0,0.5999999999999996,3.207256713001698,0.0,0.04298542473211735,-3.455537612861645e-06,6.991057159515042e-05,0.14745423877781424,-4.9300327828876166e-05,-0.0005858041907313833,0.04599894548765738,4.5814077890543355e-07,-3.299569777647768e-07,0.14908809249557803,1.0897485433756866e-06,8.187690569520269e-08,0.032125051919814906,-9.319721435622685e-07,-7.925491834104287e-05,0.2,0.0,0.0,0.0,0.0,2.962962962962963,2.962962962962963,7.554629521067113e-06,6.746977948779431e-06,2.3854094124822995,2.3713418873214445,-0.002486564409282752,6.988172779955163e-05
X+,3.0,0.5999999999999996,3.238013498001237,0.0,0.04298542473211735,-3.455537612861645e-06,6.991057159515042e-05,0.14745423877781424,-4.9300327828876166e-05,-0.0005858041907313833,0.04599894548765738,4.5814077890543355e-07,-3.299569777647768e-07,0.14908809249557803,1.0897485433756866e-06,8.187690569520269e-08,0.032125051919814906,-9.319721435622685e-07,-7.925491834104287e-05,0.2,0.0,0.0,0.0,0.0,2.962962962962963,2.962962962962963,7.554629521067113e-06,6.746977948779431e-06,2.3854094124822995,2.3713418873214445,-0.002486564409282752,6.988172779955163e-05
X+,3.0,0.5999999999999996,3.26471346100152,0.0,0.04298542473211735,-3.455537612861645e-06,6.991057159515042e-05,0.14745423877781424,-4.9300327828876166e-05,-0.0005858041907313833,0.04599894548765738,4.5814077890543355e-07,-3.299569777647768e-07,0.14908809249557803,1.0897485433756866e-06,8.187690569520269e-08,0.032125051919814906,-9.319721435622685e-07,-7.925491834104287e-05,0.2,0.0,0.0,0.0,0.0,2.962962962962963,2.962962962962963,7.554629521067113e-06,6.746977948779431e-06,2.3854094124822995,2.3713418873214445,-0.002486564409282752,6.988172779955163e-05
X+,3.0,0.5999999999999996,3.2894510950027325,0.0,0.04298542473211735,-3.455537612861645e-06,6.991057159515042e-05,0.14745423877781424,-4.9300327828876166e-05,-0.0005858041907313833,0.04599894548765738,4.5814077890543355e-07,-3.299569777647768e-07,0.14908809249557803,1.0897485433756866e-06,8.187690569520269e-08,0.032125051919814906,-9.319721435622685e-07,-7.925491834104287e-05,0.2,0.0,0.0,0.0,0.0,2.962962962962963,2.962962962962963,7.554629521067113e-06,6.746977948779431e-06,2.3854094124822995,2.3713418873214445,-0.002486564409282752,6.988172779955163e-05
X+,3.0,0.5999999999999996,3.3202621570017072,0.0,0.04298542473211735,-3.455537612861645e-06,6.991057159515042e-05,0.14745423877781424,-4.9300327828876166e-05,-0.0005858041907313833,0.04599894548765738,4.5814077890543355e-07,-3.299569777647768e-07,0.14908809249557803,1.0897485433756866e-06,8.187690569520269e-08,0.032125051919814906,-9.319721435622685e-07,-7.925491834104287e-05,0.2,0.0,0.0,0.0,0.0,2.962962962962963,2.962962962962963,7.554629521067113e-06,6.746977948779431e-06,2.3854094124822995,2.3713418873214445,-0.002486564409282752,6.988172779955163e-05
X+,3.0,0.5999999999999996,3.3497235830000136,0.0,0.044020814788968785,-3.5848596862311094e-06,7.000957698195363e-05,0.14782103299840713,-5.368242022263907e-05,-0.0005995420738529689,0.04599894548765738,4.5814077890543355e-07,-3.299569777647768e-07,0.14908809249557803,1.0897485433756866e-06,8.187690569520269e-08,0.032125051919814906,-9.319721435622685e-07,-7.925491834104287e-05,0.2,0.0,0.0,0.0,0.0,2.962962962962963,2.962962962962963,7.617784404168049e-06,6.5827634099235866e-06,2.403597038633795,2.38850083036473,-0.002486564409282752,6.988172779955163e-05
X+,3.0,0.5999999999999996,3.3801551240030676,0.0,0.04624743864008138,-3.87351378220227e-06,7.019649572690374e-05,0.14848891730226887,-6.22294572213099e-05,-0.0006259146183789434,0.04599894548765738,4.5814077890543355e-07,-3.299569777647768e-07,0.14908809249557803,1.0897485433756866e-06,8.187690569520269e-08,0.032125051919814906,-9.319721435622685e-07,-7.925491834104287e-05,0.2,0.0,0.0,0.0,0.0,2.962962962962963,2.962962962962963,7.772327235144871e-06,6.34463643756078e-06,2.437826098709856,2.4205782580059876,-0.0026565604481034147,7.014856308863219e-05
X+,3.0,0.5999999999999996,3.4062288210006955,0.0,0.047886080008863796,-4.088329591113264e-06,7.03261555742013e-05,0.14888132293981948,-6.811739382824305e-05,-0.0006440922377794233,0.04599894548765738,4.5814077890543355e-07,-3.299569777647768e-07,0.14908809249557803,1.0897485433756866e-06,8.187690569520269e-08,0.032125051919814906,-9.319721435622685e-07,-7.925491834104287e-05,0.2,0.0,0.0,0.0,0.0,2.962962962962963,2.962962962962963,7.861174219137013e-06,6.2690191811043405e-06,2.4539910641212646,2.435627126842956,0.0010128275861229499,7.026757765876453e-05
X+,3.0,0.5999999999999996,3.4354018440026266,0.0,0.050126710120836686,-4.384419112578482e-06,7.049300318760882e-05,0.14928993377012845,-7.667048836701413e-05,-0.0006689947502868714,0.04599894548765738,4.5814077890543355e-07,-3.299569777647768e-07,0.14908809249557803,1.0897485433756866e-06,8.187690569520269e-08,0.032125051919814906,-9.319721435622685e-07,-7.925491834104287e-05,0.2,0.0,0.0,0.0,0.0,2.962962962962963,2.962962962962963,7.955087649058612e-06,6.221337987888376e-06,2.4696185124041548,2.450105555453136,0.002781644143675254,7.049300318760882e-05
X+,3.0,0.5999999999999996,3.466160114003287,0.0,0.05162343783000929,-4.586704500207303e-06,7.05978441529464e-05,0.14948459645166667,-8.227814718531128e-05,-0.000684708585362077,0.04599894548765738,4.5814077890543355e-07,-3.299569777647768e-07,0.14908809249557803,1.0897485433756866e-06,8.187690569520269e-08,0.032125051919814906,-9.319721435622685e-07,-7.925491834104287e-05,0.2,0.0,0.0,0.0,0.0,2.962962962962963,2.962962962962963,8.054574537119663e-06,6.2021867313077905e-06,2.4847842057470255,2.4640846510183025,0.0015253782009627666,7.05978441529464e-05
X+,3.0,0.5999999999999996,3.4954663759999676,0.0,0.05402142065168007,-4.9339921087869845e-06,7.073535742396183e-05,0.14967169551000326,-8.920758013697839e-05,-0.0007048822671753189,0.04599894548765738,4.5814077890543355e-07,-3.299569777647768e-07,0.14908809249557803,1.0897485433756866e-06,8.187690569520269e-08,0.032125051919814906,-9.319721435622685e-07,-7.925491834104287e-05,0.2,0.0,0.0,0.0,0.0,2.962962962962963,2.962962962962963,8.272196184933023e-06,6.260710371464029e-06,2.5139582460689716,2.4908097842752843,-0.0030756052053882146,7.069925320077984e-05
X+,3.0,0.5999999999999996,3.5364796860012575,0.0,0.0568712610958228,-5.3489544890117716e-06,7.082762836241873e-05,0.14970139638422958,-9.33436993139757e-05,-0.0007152411135142288,0.06193913166391178,5.687839726100064e-07,-2.7473981096148794e-07,0.15940186176217025,1.1590276936029145e-06,5.521716680328888e-07,0.0487750636772714,-1.9326418099313316e-06,4.4057007743791883e-05,0.2,0.0,0.0,0.0,0.0,2.962962962962963,2.962962962962963,8.521498181757181e-06,6.43941364231182e-06,2.5420494419334765,2.5163616019307233,-0.0008083368196078333,7.08052252323239e-05
X+,3.1,0.6999999999999997,3.5735556460022053,0.10000000000000009,0.05762116330334878,-5.457265930181032e-06,7.082325311281232e-05,0.1496750882402134,-9.457483080088153e-05,-0.000716346440294668,0.06193913166391178,5.687839726100064e-07,-2.7473981096148794e-07,0.15940186176217025,1.1590276936029145e-06,5.521716680328888e-07,0.0487750636772714,-1.9326418099313316e-06,4.4057007743791883e-05,0.2,0.0,0.0,0.0,0.0,2.962962962962963,2.962962962962963,8.521498181757181e-06,6.43941364231182e-06,2.5420494419334765,2.5163616019307233,-0.00106933134419981,7.082325311281232e-05
X+,3.1,0.6999999999999997,3.6028548829999636,0.0,0.05762116330334878,-5.457265930181032e-06,7.082325311281232e-05,0.1496750882402134,-9.457483080088153e-05,-0.000716346440294668,0.06193913166391178,5.687839726100064e-07,-2.7473981096148794e-07,0.15940186176217025,1.1590276936029145e-06,5.521716680328888e-07,0.0487750636772714,-1.9326418099313316e-06,4.4057007743791883e-05,0.2,0.0,0.0,0.0,0.0,2.962962962962963,2.962962962962963,8.521498181757181e-06,6.43941364231182e-06,2.5420494419334765,2.5163616019307233,-0.00106933134419981,7.082325311281232e-05
X+,3.1,0.6999999999999997,3.633276108001155,0.0,0.05762116330334878,-5.457265930181032e-06,7.082325311281232e-05,0.1496750882402134,-9.457483080088153e-05,-0.000716346440294668,0.06193913166391178,5.687839726100064e-07,-2.7473981096148794e-07,0.15940186176217025,1.1590276936029145e-06,5.521716680328888e-07,0.0487750636772714,-1.9326418099313316e-06,4.4057007743791883e-05,0.2,0.0,0.0,0.0,0.0,2.962962962962963,2.962962962962963,8.521498181757181e-06,6.43941364231182e-06,2.5420494419334765,2.5163616019307233,-0.00106933134419981,7.082325311281232e-05
X+,3.1,0.6999999999999997,3.664297899002122,0.0,0.05762116330334878,-5.457265930181032e-06,7.082325311281232e-05,0.1496750882402134,-9.457483080088153e-05,-0.000716346440294668,0.06193913166391178,5.687839726100064e-07,-2.7473981096148794e-07,0.15940186176217025,1.1590276936029145e-06,5.521716680328888e-07,0.0487750636772714,-1.9326418099313316e-06,4.4057007743791883e-05,0.2,0.0,0.0,0.0,0.0,2.962962962962963,2.962962962962963,8.521498181757181e-06,6.43941364231182e-06,2.5420494419334765,2.5163616019307233,-0.00106933134419981,7.082325311281232e-05
X+,3.1,0.6999999999999997,3.6882747170020593,0.0,0.05762116330334878,-5.457265930181032e-06,7.082325311281232e-05,0.1496750882402134,-9.457483080088153e-05,-0.000716346440294668,0.06193913166391178,5.687839726100064e-07,-2.7473981096148794e-07,0.15940186176217025,1.1590276936029145e-06,5.521716680328888e-07,0.0487750636772714,-1.9326418099313316e-06,4.4057007743791883e-05,0.2,0.0,0.0,0.0,0.0,2.962962962962963,2.962962962962963,8.521498181757181e-06,6.43941364231182e-06,2.5420494419334765,2.5163616019307233,-0.00106933134419981,7.082325311281232e-05
X+,3.1,0.6999999999999997,3.7186877940002887,0.0,0.05762116330334878,-5.457265930181032e-06,7.082325311281232e-05,0.1496750882402134,-9.457483080088153e-05,-0.000716346440294668,0.06193913166391178,5.687839726100064e-07,-2.7473981096148794e-07,0.15940186176217025,1.1590276936029145e-06,5.521716680328888e-07,0.0487750636772714,-1.9326418099313316e-06,4.4057007743791883e-05,0.2,0.0,0.0,0.0,0.0,2.962962962962963,2.962962962962963,8.521498181757181e-06,6.43941364231182e-06,2.5420494419334765,2.5163616019307233,-0.00106933134419981,7.082325311281232e-05
X+,3.1,0.6999999999999997,3.750258041000052,0.0,0.05762116330334878,-5.457265930181032e-06,7.082325311281232e-05,0.1496750882402134,-9.457483080088153e-05,-0.000716346440294668,0.06193913166391178,5.687839726100064e-07,-2.7473981096148794e-07,0.15940186176217025,1.1590276936029145e-06,5.521716680328888e-07,0.0487750636772714,-1.9326418099313316e-06,4.4057007743791883e-05,0.2,0.0,0.0,0.0,0.0,2.962962962962963,2.962962962962963,8.521498181757181e-06,6.43941364231182e-06,2.5420494419334765,2.5163616019307233,-0.00106933134419981,7.082325311281232e-05
X+,3.1,0.6999999999999997,3.7789740420012095,0.0,0.05762116330334878,-5.457265930181032e-06,7.082325311281232e-05,0.1496750882402134,-9.457483080088153e-05,-0.000716346440294668,0.06193913166391178,5.687839726100064e-07,-2.7473981096148794e-07,0.15940186176217025,1.1590276936029145e-06,5.521716680328888e-07,0.0487750636772714,-1.9326418099313316e-06,4.4057007743791883e-05,0.2,0.0,0.0,0.0,0.0,2.962962962962963,2.962962962962963,8.521498181757181e-06,6.43941364231182e-06,2.5420494419334765,2.5163616019307233,-0.00106933134419981,7.082325311281232e-05
X+,3.1,0.6999999999999997,3.80312645000231,0.0,0.05762116330334878,-5.457265930181032e-06,7.082325311281232e-05,0.1496750882402134,-9.457483080088153e-05,-0.000716346440294668,0.06193913166391178,5.687839726100064e-07,-2.7473981096148794e-07,0.15940186176217025,1.1590276936029145e-06,5.521716680328888e-07,0.0487750636772714,-1.9326418099313316e-06,4.4057007743791883e-05,0.2,0.0,0.0,0.0,0.0,2.962962962962963,2.962962962962963,8.521498181757181e-06,6.43941364231182e-06,2.5420494419334765,2.5163616019307233,-0.00106933134419981,7.082325311281232e-05
X+,3.1,0.6999999999999997,3.828994794002938,0.0,0.05762116330334878,-5.457265930181032e-06,7.082325311281232e-05,0.1496750882402134,-9.457483080088153e-05,-0.000716346440294668,0.06193913166391178,5.687839726100064e-07,-2.7473981096148794e-07,0.15940186176217025,1.1590276936029145e-06,5.521716680328888e-07,0.0487750636772714,-1.9326418099313316e-06,4.4057007743791883e-05,0.2,0.0,0.0,0.0,0.0,2.962962962962963,2.962962962962963,8.521498181757181e-06,6.43941364231182e-06,2.5420494419334765,2.5163616019307233,-0.00106933134419981,7.082325311281232e-05
X+,3.1,0.6999999999999997,3.8586107210030605,0.0,0.05762116330334878,-5.457265930181032e-06,7.082325311281232e-05,0.1496750882402134,-9.457483080088153e-05,-0.000716346440294668,0.06193913166391178,5.687839726100064e-07,-2.7473981096148794e-07,0.15940186176217025,1.1590276936029145e-06,5.521716680328888e-07,0.0487750636772714,-1.9326418099313316e-06,4.4057007743791883e-05,0.2,0.0,0.0,0.0,0.0,2.962962962962963,2.962962962962963,8.521498181757181e-06,6.43941364231182e-06,2.5420494419334765,2.5163616019307233,-0.00106933134419981,7.082325311281232e-05
X+,3.1,0.6999999999999997,3.8890231710029184,0.0,0.05762116330334878,-5.457265930181032e-06,7.082325311281232e-05,0.1496750882402134,-9.457483080088153e-05,-0.000716346440294668,0.06193913166391178,5.687839726100064e-07,-2.7473981096148794e-07,0.15940186176217025,1.1590276936029145e-06,5.521716680328888e-07,0.0487750636772714,-1.9326418099313316e-06,4.4057007743791883e-05,0.2,0.0,0.0,0.0,0.0,2.962962962962963,2.962962962962963,8.521498181757181e-06,6.43941364231182e-06,2.5420494419334765,2.5163616019307233,-0.00106933134419981,7.082325311281232e-05
X+,3.1,0.6999999999999997,3.92270034500325,0.0,0.05762116330334878,-5.457265930181032e-06,7.082325311281232e-05,0.1496750882402134,-9.457483080088153e-05,-0.000716346440294668,0.06193913166391178,5.687839726100064e-07,-2.7473981096148794e-07,0.15940186176217025,1.1590276936029145e-06,5.521716680328888e-07,0.0487750636772714,-1.9326418099313316e-06,4.4057007743791883e-05,0.2,0.0,0.0,0.0,0.0,2.962962962962963,2.962962962962963,8.521498181757181e-06,6.43941364231182e-06,2.5420494419334765,2.5163616019307233,-0.00106933134419981,7.082325311281232e-05
X+,3.1,0.6999999999999997,3.9478376300030504,0.0,0.05762116330334878,-5.457265930181032e-06,7.082325311281232e-05,0.1496750882402134,-9.457483080088153e-05,-0.000716346440294668,0.06193913166391178,5.687839726100064e-07,-2.7473981096148794e-07,0.15940186176217025,1.1590276936029145e-06,5.521716680328888e-07,0.0487750636772714,-1.9326418099313316e-06,4.4057007743791883e-05,0.2,0.0,0.0,0.0,0.0,2.962962962962963,2.962962962962963,8.521498181757181e-06,6.43941364231182e-06,2.5420494419334765,2.5163616019307233,-0.00106933134419981,7.082325311281232e-05
X+,3.1,0.6999999999999997,3.9739577430009376,0.0,0.05867074128975886,-5.612928901599194e-06,7.078385915506938e-05,0.14961367327448416,-9.541392500004645e-05,-0.0007149835538820747,0.06193913166391178,5.687839726100064e-07,-2.7473981096148794e-07,0.15940186176217025,1.1590276936029145e-06,5.521716680328888e-07,0.0487750636772714,-1.9326418099313316e-06,4.4057007743791883e-05,0.2,0.0,0.0,0.0,0.0,2.962962962962963,2.962962962962963,8.650369102802813e-06,6.571829970880572e-06,2.5558411844075133,2.5289980257023315,-0.00106933134419981,7.082325311281232e-05
X+,3.1,0.6999999999999997,4.000064889001806,0.0,0.06121719406842174,-5.992218553910883e-06,7.062367889930435e-05,0.14934546273748994,-9.448876979954084e-05,-0.0007099832563539719,0.06193913166391178,5.687839726100064e-07,-2.7473981096148794e-07,0.15940186176217025,1.1590276936029145e-06,5.521716680328888e-07,0.0487750636772714,-1.9326418099313316e-06,4.4057007743791883e-05,0.2,0.0,0.0,0.0,0.0,2.962962962962963,2.962962962962963,8.928857494261422e-06,6.920268386778616e-06,2.5832596867578665,2.5542312088219115,0.0019356273279321913,7.066573425349342e-05
X+,3.1,0.6999999999999997,4.032074247003038,0.0,0.06405616443926548,-6.408759786284517e-06,7.041049402897487e-05,0.14884730514261424,-9.269343198711359e-05,-0.0006975471686191718,0.06193913166391178,5.687839726100064e-07,-2.7473981096148794e-07,0.15940186176217025,1.1590276936029145e-06,5.521716680328888e-07,0.0487750636772714,-1.9326418099313316e-06,4.4057007743791883e-05,0.2,0.0,0.0,0.0,0.0,2.962962962962963,2.962962962962963,9.071266219073948e-06,7.141779698294215e-06,2.596986314102451,2.5667761902898056,-0.0012878560232216269,7.044174272515609e-05
X+,3.1,0.6999999999999997,4.057763314001932,0.0,0.06658684479675017,-6.782034130947516e-06,7.026877434424529e-05,0.14822205336893016,-9.139835221212616e-05,-0.0006830569463365104,0.06193913166391178,5.687839726100064e-07,-2.7473981096148794e-07,0.15940186176217025,1.1590276936029145e-06,5.521716680328888e-07,0.0487750636772714,-1.9326418099313316e-06,4.4057007743791883e-05,0.2,0.0,0.0,0.0,0.0,2.962962962962963,2.962962962962963,9.35308076766006e-06,7.68435680154056e-06,2.6248720040623588,2.592100167487695,-0.0022296378722306207,7.034723655212248e-05
X+,3.1,0.6999999999999997,4.086369733002357,0.0,0.06880997777847678,-7.111513462612455e-06,7.020159100720761e-05,0.14752551942687545,-8.910821714059596e-05,-0.0006673978060439024,0.06193913166391178,5.687839726100064e-07,-2.7473981096148794e-07,0.15940186176217025,1.1590276936029145e-06,5.521716680328888e-07,0.0487750636772714,-1.9326418099313316e-06,4.4057007743791883e-05,0.2,0.0,0.0,0.0,0.0,2.962962962962963,2.962962962962963,9.62619975108936e-06,8.39162288723827e-06,2.653924209555885,2.6182910146435385,0.0021932475635497726,7.021434768742233e-05
X+,3.1,0.6999999999999997,4.130800853999972,0.0,0.07116874505724374,-7.461671817745805e-06,7.021139238422721e-05,0.14662631836139123,-8.65649762581459e-05,-0.000644481078397637,0.07873113715234265,7.155182856458215e-07,-2.3678529915995864e-07,0.16792005488389913,1.5134774544936527e-06,3.79545118015293e-07,0.08789678981975528,-2.0205027696030304e-07,3.2666594720869084e-05,0.2,0.0,0.0,0.0,0.0,2.962962962962963,2.962962962962963,9.758159326800353e-06,8.81002759278715e-06,2.6691321400655132,2.6319391068048676,0.0005030284200366312,7.020654397643405e-05
X+,3.2,0.7999999999999998,4.156484214003285,0.10000000000000009,0.07292775952246025,-7.722136295356882e-06,7.02889496206915e-05,0.14584050734100068,-8.39636906559164e-05,-0.0006230076852165499,0.07873113715234265,7.155182856458215e-07,-2.3678529915995864e-07,0.16792005488389913,1.5134774544936527e-06,3.79545118015293e-07,0.08789678981975528,-2.0205027696030304e-07,3.2666594720869084e-05,0.2,0.0,0.0,0.0,0.0,2.962962962962963,2.962962962962963,1.0010975199925554e-05,9.798877708355747e-06,2.701474536008898,2.6608558818032386,0.0018101041449651717,7.026074490360043e-05
X+,3.2,0.7999999999999998,4.185610001000896,0.0,0.07292775952246025,-7.722136295356882e-06,7.02889496206915e-05,0.14584050734100068,-8.39636906559164e-05,-0.0006230076852165499,0.07873113715234265,7.155182856458215e-07,-2.3678529915995864e-07,0.16792005488389913,1.5134774544936527e-06,3.79545118015293e-07,0.08789678981975528,-2.0205027696030304e-07,3.2666594720869084e-05,0.2,0.0,0.0,0.0,0.0,2.962962962962963,2.962962962962963,1.0010975199925554e-05,9.798877708355747e-06,2.701474536008898,2.6608558818032386,0.0018101041449651717,7.026074490360043e-05
X+,3.2,0.7999999999999998,4.218951055001526,0.0,0.07292775952246025,-7.722136295356882e-06,7.02889496206915e-05,0.14584050734100068,-8.39636906559164e-05,-0.0006230076852165499,0.07873113715234265,7.155182856458215e-07,-2.3678529915995864e-07,0.16792005488389913,1.5134774544936527e-06,3.79545118015293e-07,0.08789678981975528,-2.0205027696030304e-07,3.2666594720869084e-05,0.2,0.0,0.0,0.0,0.0,2.962962962962963,2.962962962962963,1.0010975199925554e-05,9.798877708355747e-06,2.701474536008898,2.6608558818032386,0.0018101041449651717,7.026074490360043e-05
X+,3.2,0.7999999999999998,4.244358670002839,0.0,0.07292775952246025,-7.722136295356882e-06,7.02889496206915e-05,0.14584050734100068,-8.39636906559164e-05,-0.0006230076852165499,0.07873113715234265,7.155182856458215e-07,-2.3678529915995864e-07,0.16792005488389913,1.5134774544936527e-06,3.79545118015293e-07,0.08789678981975528,-2.0205027696030304e-07,3.2666594720869084e-05,0.2,0.0,0.0,0.0,0.0,2.962962962962963,2.962962962962963,1.0010975199925554e-05,9.798877708355747e-06,2.701474536008898,2.6608558818032386,0.0018101041449651717,7.026074490360043e-05
X+,3.2,0.7999999999999998,4.2738643620032235,0.0,0.07292775952246025,-7.722136295356882e-06,7.02889496206915e-05,0.14584050734100068,-8.39636906559164e-05,-0.0006230076852165499,0.07873113715234265,7.155182856458215e-07,-2.3678529915995864e-07,0.16792005488389913,1.5134774544936527e-06,3.79545118015293e-07,0.08789678981975528,-2.0205027696030304e-07,3.2666594720869084e-05,0.2,0.0,0.0,0.0,0.0,2.962962962962963,2.962962962962963,1.0010975199925554e-05,9.798877708355747e-06,2.701474536008898,2.6608558818032386,0.0018101041449651717,7.026074490360043e-05
X+,3.2,0.7999999999999998,4.297619132001273,0.0,0.07292775952246025,-7.722136295356882e-06,7.02889496206915e-05,0.14584050734100068,-8.39636906559164e-05,-0.0006230076852165499,0.07873113715234265,7.155182856458215e-07,-2.3678529915995864e-07,0.16792005488389913,1.5134774544936527e-06,3.79545118015293e-07,0.08789678981975528,-2.0205027696030304e-07,3.2666594720869084e-05,0.2,0.0,0.0,0.0,0.0,2.962962962962963,2.962962962962963,1.0010975199925554e-05,9.798877708355747e-06,2.701474536008898,2.6608558818032386,0.0018101041449651717,7.026074490360043e-05
X+,3.2,0.7999999999999998,4.323690348002856,0.0,0.07292775952246025,-7.722136295356882e-06,7.02889496206915e-05,0.14584050734100068,-8.39636906559164e-05,-0.0006230076852165499,0.07873113715234265,7.155182856458215e-07,-2.3678529915995864e-07,0.16792005488389913,1.5134774544936527e-06,3.79545118015293e-07,0.08789678981975528,-2.0205027696030304e-07,3.2666594720869084e-05,0.2,0.0,0.0,0.0,0.0,2.962962962962963,2.962962962962963,1.0010975199925554e-05,9.798877708355747e-06,2.701474536008898,2.6608558818032386,0.0018101041449651717,7.026074490360043e-05
X+,3.2,0.7999999999999998,4.351008860001457,0.0,0.07292775952246025,-7.722136295356882e-06,7.02889496206915e-05,0.14584050734100068,-8.39636906559164e-05,-0.0006230076852165499,0.07873113715234265,7.155182856458215e-07,-2.3678529915995864e-07,0.16792005488389913,1.5134774544936527e-06,3.79545118015293e-07,0.08789678981975528,-2.0205027696030304e-07,3.2666594720869084e-05,0.2,0.0,0.0,0.0,0.0,2.962962962962963,2.962962962962963,1.0010975199925554e-05,9.798877708355747e-06,2.701474536008898,2.6608558818032386,0.0018101041449651717,7.026074490360043e-05
X+,3.2,0.7999999999999998,4.380606482001895,0.0,0.07292775952246025,-7.722136295356882e-06,7.02889496206915e-05,0.14584050734100068,-8.39636906559164e-05,-0.0006230076852165499,0.07873113715234265,7.155182856458215e-07,-2.3678529915995864e-07,0.16792005488389913,1.5134774544936527e-06,3.79545118015293e-07,0.08789678981975528,-2.0205027696030304e-07,3.2666594720869084e-05,0.2,0.0,0.0,0.0,0.0,2.962962962962963,2.962962962962963,1.0010975199925554e-05,9.798877708355747e-06,2.701474536008898,2.6608558818032386,0.0018101041449651717,7.026074490360043e-05
X+,3.2,0.7999999999999998,4.407202932001383,0.0,0.07292775952246025,-7.722136295356882e-06,7.02889496206915e-05,0.14584050734100068,-8.39636906559164e-05,-0.0006230076852165499,0.07873113715234265,7.155182856458215e-07,-2.3678529915995864e-07,0.16792005488389913,1.5134774544936527e-06,3.79545118015293e-07,0.08789678981975528,-2.0205027696030304e-07,3.2666594720869084e-05,0.2,0.0,0.0,0.0,0.0,2.962962962962963,2.962962962962963,1.0010975199925554e-05,9.798877708355747e-06,2.701474536008898,2.6608558818032386,0.0018101041449651717,7.026074490360043e-05
X+,3.2,0.7999999999999998,4.43402701100058,0.0,0.07292775952246025,-7.722136295356882e-06,7.02889496206915e-05,0.14584050734100068,-8.39636906559164e-05,-0.0006230076852165499,0.07873113715234265,7.155182856458215e-07,-2.3678529915995864e-07,0.16792005488389913,1.5134774544936527e-06,3.79545118015293e-07,0.08789678981975528,-2.0205027696030304e-07,3.2666594720869084e-05,0.2,0.0,0.0,0.0,0.0,2.962962962962963,2.962962962962963,1.0010975199925554e-05,9.798877708355747e-06,2.701474536008898,2.6608558818032386,0.0018101041449651717,7.026074490360043e-05
X+,3.2,0.7999999999999998,4.462899830999959,0.0,0.07292775952246025,-7.722136295356882e-06,7.02889496206915e-05,0.14584050734100068,-8.39636906559164e-05,-0.0006230076852165499,0.07873113715234265,7.155182856458215e-07,-2.3678529915995864e-07,0.16792005488389913,1.5134774544936527e-06,3.79545118015293e-07,0.08789678981975528,-2.0205027696030304e-07,3.2666594720869084e-05,0.2,0.0,0.0,0.0,0.0,2.962962962962963,2.962962962962963,1.0010975199925554e-05,9.798877708355747e-06,2.701474536008898,2.6608558818032386,0.0018101041449651717,7.026074490360043e-05
X+,3.2,0.7999999999999998,4.486980584002595,0.0,0.07292775952246025,-7.722136295356882e-06,7.02889496206915e-05,0.14584050734100068,-8.39636906559164e-05,-0.0006230076852165499,0.07873113715234265,7.155182856458215e-07,-2.3678529915995864e-07,0.16792005488389913,1.5134774544936527e-06,3.79545118015293e-07,0.08789678981975528,-2.0205027696030304e-07,3.2666594720869084e-05,0.2,0.0,0.0,0.0,0.0,2.962962962962963,2.962962962962963,1.0010975199925554e-05,9.798877708355747e-06,2.701474536008898,2.6608558818032386,0.0018101041449651717,7.026074490360043e-05
X+,3.2,0.7999999999999998,4.512851577001129,0.0,0.07292775952246025,-7.722136295356882e-06,7.02889496206915e-05,0.14584050734100068,-8.39636906559164e-05,-0.0006230076852165499,0.07873113715234265,7.155182856458215e-07,-2.3678529915995864e-07,0.16792005488389913,1.5134774544936527e-06,3.79545118015293e-07,0.08789678981975528,-2.0205027696030304e-07,3.2666594720869084e-05,0.2,0.0,0.0,0.0,0.0,2.962962962962963,2.962962962962963,1.0010975199925554e-05,9.798877708355747e-06,2.701474536008898,2.6608558818032386,0.0018101041449651717,7.026074490360043e-05
X+,3.2,0.7999999999999998,4.5451456920018245,0.0,0.07292775952246025,-7.722136295356882e-06,7.02889496206915e-05,0.14584050734100068,-8.39636906559164e-05,-0.0006230076852165499,0.07873113715234265,7.155182856458215e-07,-2.3678529915995864e-07,0.16792005488389913,1.5134774544936527e-06,3.79545118015293e-07,0.08789678981975528,-2.0205027696030304e-07,3.2666594720869084e-05,0.2,0.0,0.0,0.0,0.0,2.962962962962963,2.962962962962963,1.0010975199925554e-05,9.798877708355747e-06,2.701474536008898,2.6608558818032386,0.0018101041449651717,7.026074490360043e-05
X+,3.2,0.7999999999999998,4.57230139800231,0.0,0.07292775952246025,-7.722136295356882e-06,7.02889496206915e-05,0.14584050734100068,-8.39636906559164e-05,-0.0006230076852165499,0.07873113715234265,7.155182856458215e-07,-2.3678529915995864e-07,0.16792005488389913,1.5134774544936527e-06,3.79545118015293e-07,0.08789678981975528,-2.0205027696030304e-07,3.2666594720869084e-05,0.2,0.0,0.0,0.0,0.0,2.962962962962963,2.962962962962963,1.0010975199925554e-05,9.798877708355747e-06,2.701474536008898,2.6608558818032386,0.0018101041449651717,7.026074490360043e-05
X+,3.2,0.7999999999999998,4.602247788003297,0.0,0.07380362274281925,-7.851501005212702e-06,7.036405667773314e-05,0.14541001052957175,-8.270768306035411e-05,-0.0006098951905282486,0.07873113715234265,7.155182856458215e-07,-2.3678529915995864e-07,0.16792005488389913,1.5134774544936527e-06,3.79545118015293e-07,0.08789678981975528,-2.0205027696030304e-07,3.2666594720869084e-05,0.2,0.0,0.0,0.0,0.0,2.962962962962963,2.962962962962963,1.0010975199925554e-05,9.798877708355747e-06,2.701474536008898,2.6608558818032386,0.0018101041449651717,7.026074490360043e-05
X+,3.2,0.7999999999999998,4.633325837003213,0.0,0.07641478582039249,-8.24112489237333e-06,7.076176112866039e-05,0.14395903760988293,-7.871457833741845e-05,-0.0005610952232645895,0.07873113715234265,7.155182856458215e-07,-2.3678529915995864e-07,0.16792005488389913,1.5134774544936527e-06,3.79545118015293e-07,0.08789678981975528,-2.0205027696030304e-07,3.2666594720869084e-05,0.2,0.0,0.0,0.0,0.0,2.962962962962963,2.962962962962963,1.0249274597029512e-05,1.101236597644828e-05,2.7372471258427833,2.6926549316028554,-0.00015293609826260465,7.057719600391896e-05
X+,3.2,0.7999999999999998,4.665314779002074,0.0,0.0774229037108112,-8.390769473164486e-06,7.098371015909502e-05,0.14332670857417001,-7.656894675045386e-05,-0.0005396213924684137,0.07873113715234265,7.155182856458215e-07,-2.3678529915995864e-07,0.16792005488389913,1.5134774544936527e-06,3.79545118015293e-07,0.08789678981975528,-2.0205027696030304e-07,3.2666594720869084e-05,0.2,0.0,0.0,0.0,0.0,2.962962962962963,2.962962962962963,1.036293167988589e-05,1.1712782183259662e-05,2.756790499757945,2.7098290922069235,-0.0013277446947784375,7.085301320512826e-05
X+,3.2,0.7999999999999998,4.6937103680029395,0.0,0.08013564424870619,-8.78263278806992e-06,7.177113345166422e-05,0.1414078894504142,-6.660404922515119e-05,-0.0004609303405348454,0.07873113715234265,7.155182856458215e-07,-2.3678529915995864e-07,0.16792005488389913,1.5134774544936527e-06,3.79545118015293e-07,0.08789678981975528,-2.0205027696030304e-07,3.2666594720869084e-05,0.2,0.0,0.0,0.0,0.0,2.962962962962963,2.962962962962963,1.0473993790505176e-05,1.2480723554197937e-05,2.7776798200813,2.72790717665655,-0.0034531886352484175,7.16753754587322e-05
X+,3.2,0.7999999999999998,4.727262143002008,0.0,0.08154808613413495,-8.981321431905318e-06,7.228333739353492e-05,0.14026946332534343,-5.87260402268741e-05,-0.0004052786797917801,0.07873113715234265,7.155182856458215e-07,-2.3678529915995864e-07,0.16792005488389913,1.5134774544936527e-06,3.79545118015293e-07,0.08789678981975528,-2.0205027696030304e-07,3.2666594720869084e-05,0.2,0.0,0.0,0.0,0.0,2.962962962962963,2.962962962962963,1.058523671382261e-05,1.3324428575600678e-05,2.8000890057738226,2.7473402681439008,-0.0019411859373449798,7.228333739353492e-05
X+,3.2,0.7999999999999998,4.772866699000588,0.0,0.084336725502504,-9.363427737936296e-06,7.349814197846413e-05,0.13769586919445137,-3.776352993223458e-05,-0.00024642114240911974,0.09669729035434098,9.450446346894225e-07,-3.612630008337207e-07,0.17966153201943486,2.337804700042834e-06,-1.2447770167376198e-06,0.08393168921943964,-5.7828376445054446e-06,-5.911930137214577e-05,0.2,0.0,0.0,0.0,0.0,2.962962962962963,2.962962962962963,1.0950110899798915e-05,1.6342827827919848e-05,2.877620358151382,2.8151828983294576,-0.0005565948102967427,7.342962076031151e-05
X+,3.3000000000000003,0.8999999999999999,4.796678631002578,0.10000000000000009,0.08707011258855601,-9.760007366198947e-06,7.516181209760056e-05,0.13468547697548253,-1.2480923420341077e-05,1.9142409455461765e-05,0.09669729035434098,9.450446346894225e-07,-3.612630008337207e-07,0.17966153201943486,2.337804700042834e-06,-1.2447770167376198e-06,0.08393168921943964,-5.7828376445054446e-06,-5.911930137214577e-05,0.2,0.0,0.0,0.0,0.0,2.962962962962963,2.962962962962963,1.1260037853233484e-05,1.8827641077301394e-05,2.9376117211415056,2.868706088798204,-0.0006220154391924022,7.516181209760056e-05
X+,3.3000000000000003,0.8999999999999999,4.825931826002488,0.0,0.08707011258855601,-9.760007366198947e-06,7.516181209760056e-05,0.13468547697548253,-1.2480923420341077e-05,1.9142409455461765e-05,0.09669729035434098,9.450446346894225e-07,-3.612630008337207e-07,0.17966153201943486,2.337804700042834e-06,-1.2447770167376198e-06,0.08393168921943964,-5.7828376445054446e-06,-5.911930137214577e-05,0.2,0.0,0.0,0.0,0.0,2.962962962962963,2.962962962962963,1.1260037853233484e-05,1.8827641077301394e-05,2.9376117211415056,2.868706088798204,-0.0006220154391924022,7.516181209760056e-05
X+,3.3000000000000003,0.8999999999999999,4.854034605003108,0.0,0.08707011258855601,-9.760007366198947e-06,7.516181209760056e-05,0.13468547697548253,-1.2480923420341077e-05,1.9142409455461765e-05,0.09669729035434098,9.450446346894225e-07,-3.612630008337207e-07,0.17966153201943486,2.337804700042834e-06,-1.2447770167376198e-06,0.08393168921943964,-5.7828376445054446e-06,-5.911930137214577e-05,0.2,0.0,0.0,0.0,0.0,2.962962962962963,2.962962962962963,1.1260037853233484e-05,1.8827641077301394e-05,2.9376117211415056,2.868706088798204,-0.0006220154391924022,7.516181209760056e-05
X+,3.3000000000000003,0.8999999999999999,4.882998824999959,0.0,0.08707011258855601,-9.760007366198947e-06,7.516181209760056e-05,0.13468547697548253,-1.2480923420341077e-05,1.9142409455461765e-05,0.09669729035434098,9.450446346894225e-07,-3.612630008337207e-07,0.17966153201943486,2.337804700042834e-06,-1.2447770167376198e-06,0.08393168921943964,-5.7828376445054446e-06,-5.911930137214577e-05,0.2,0.0,0.0,0.0,0.0,2.962962962962963,2.962962962962963,1.1260037853233484e-05,1.8827641077301394e-05,2.9376117211415056,2.868706088798204,-0.0006220154391924022,7.516181209760056e-05
X+,3.3000000000000003,0.8999999999999999,4.9127598450031655,0.0,0.08707011258855601,-9.760007366198947e-06,7.516181209760056e-05,0.13468547697548253,-1.2480923420341077e-05,1.9142409455461765e-05,0.09669729035434098,9.450446346894225e-07,-3.612630008337207e-07,0.17966153201943486,2.337804700042834e-06,-1.2447770167376198e-06,0.08393168921943964,-5.7828376445054446e-06,-5.911930137214577e-05,0.2,0.0,0.0,0.0,0.0,2.962962962962963,2.962962962962963,1.1260037853233484e-05,1.8827641077301394e-05,2.9376117211415056,2.868706088798204,-0.0006220154391924022,7.516181209760056e-05
X+,3.3000000000000003,0.8999999999999999,4.938335844002722,0.0,0.08707011258855601,-9.760007366198947e-06,7.516181209760056e-05,0.13468547697548253,-1.2480923420341077e-05,1.9142409455461765e-05,0.09669729035434098,9.450446346894225e-07,-3.612630008337207e-07,0.17966153201943486,2.337804700042834e-06,-1.2447770167376198e-06,0.08393168921943964,-5.7828376445054446e-06,-5.911930137214577e-05,0.2,0.0,0.0,0.0,0.0,2.962962962962963,2.962962962962963,1.1260037853233484e-05,1.8827641077301394e-05,2.9376117211415056,2.868706088798204,-0.0006220154391924022,7.516181209760056e-05
X+,3.3000000000000003,0.8999999999999999,4.964617720001115,0.0,0.08707011258855601,-9.760007366198947e-06,7.516181209760056e-05,0.13468547697548253,-1.2480923420341077e-05,1.9142409455461765e-05,0.09669729035434098,9.450446346894225e-07,-3.612630008337207e-07,0.17966153201943486,2.337804700042834e-06,-1.2447770167376198e-06,0.08393168921943964,-5.7828376445054446e-06,-5.911930137214577e-05,0.2,0.0,0.0,0.0,0.0,2.962962962962963,2.962962962962963,1.1260037853233484e-05,1.8827641077301394e-05,2.9376117211415056,2.868706088798204,-0.0006220154391924022,7.516181209760056e-05
X+,3.3000000000000003,0.8999999999999999,4.991857325003366,0.0,0.08707011258855601,-9.760007366198947e-06,7.516181209760056e-05,0.13468547697548253,-1.2480923420341077e-05,1.9142409455461765e-05,0.09669729035434098,9.450446346894225e-07,-3.612630008337207e-07,0.17966153201943486,2.337804700042834e-06,-1.2447770167376198e-06,0.08393168921943964,-5.7828376445054446e-06,-5.911930137214577e-05,0.2,0.0,0.0,0.0,0.0,2.962962962962963,2.962962962962963,1.1260037853233484e-05,1.8827641077301394e-05,2.9376117211415056,2.868706088798204,-0.0006220154391924022,7.516181209760056e-05
X+,3.3000000000000003,0.8999999999999999,5.022258713001065,0.0,0.08707011258855601,-9.760007366198947e-06,7.516181209760056e-05,0.13468547697548253,-1.2480923420341077e-05,1.9142409455461765e-05,0.09669729035434098,9.450446346894225e-07,-3.612630008337207e-07,0.17966153201943486,2.337804700042834e-06,-1.2447770167376198e-06,0.08393168921943964,-5.7828376445054446e-06,-5.911930137214577e-05,0.2,0.0,0.0,0.0,0.0,2.962962962962963,2.962962962962963,1.1260037853233484e-05,1.8827641077301394e-05,2.9376117211415056,2.868706088798204,-0.0006220154391924022,7.516181209760056e-05
X+,3.3000000000000003,0.8999999999999999,5.048676800000976,0.0,0.08707011258855601,-9.760007366198947e-06,7.516181209760056e-05,0.13468547697548253,-1.2480923420341077e-05,1.9142409455461765e-05,0.09669729035434098,9.450446346894225e-07,-3.612630008337207e-07,0.17966153201943486,2.337804700042834e-06,-1.2447770167376198e-06,0.08393168921943964,-5.7828376445054446e-06,-5.911930137214577e-05,0.2,0.0,0.0,0.0,0.0,2.962962962962963,2.962962962962963,1.1260037853233484e-05,1.8827641077301394e-05,2.9376117211415056,2.868706088798204,-0.0006220154391924022,7.516181209760056e-05
X+,3.3000000000000003,0.8999999999999999,5.075255030002154,0.0,0.08707011258855601,-9.760007366198947e-06,7.516181209760056e-05,0.13468547697548253,-1.2480923420341077e-05,1.9142409455461765e-05,0.09669729035434098,9.450446346894225e-07,-3.612630008337207e-07,0.17966153201943486,2.337804700042834e-06,-1.2447770167376198e-06,0.08393168921943964,-5.7828376445054446e-06,-5.911930137214577e-05,0.2,0.0,0.0,0.0,0.0,2.962962962962963,2.962962962962963,1.1260037853233484e-05,1.8827641077301394e-05,2.9376117211415056,2.868706088798204,-0.0006220154391924022,7.516181209760056e-05
X+,3.3000000000000003,0.8999999999999999,5.1080837230001634,0.0,0.08707011258855601,-9.760007366198947e-06,7.516181209760056e-05,0.13468547697548253,-1.2480923420341077e-05,1.9142409455461765e-05,0.09669729035434098,9.450446346894225e-07,-3.612630008337207e-07,0.17966153201943486,2.337804700042834e-06,-1.2447770167376198e-06,0.08393168921943964,-5.7828376445054446e-06,-5.911930137214577e-05,0.2,0.0,0.0,0.0,0.0,2.962962962962963,2.962962962962963,1.1260037853233484e-05,1.8827641077301394e-05,2.9376117211415056,2.868706088798204,-0.0006220154391924022,7.516181209760056e-05
X+,3.3000000000000003,0.8999999999999999,5.133297788001073,0.0,0.08707011258855601,-9.760007366198947e-06,7.516181209760056e-05,0.13468547697548253,-1.2480923420341077e-05,1.9142409455461765e-05,0.09669729035434098,9.450446346894225e-07,-3.612630008337207e-07,0.17966153201943486,2.337804700042834e-06,-1.2447770167376198e-06,0.08393168921943964,-5.7828376445054446e-06,-5.911930137214577e-05,0.2,0.0,0.0,0.0,0.0,2.962962962962963,2.962962962962963,1.1260037853233484e-05,1.8827641077301394e-05,2.9376117211415056,2.868706088798204,-0.0006220154391924022,7.516181209760056e-05
X+,3.3000000000000003,0.8999999999999999,5.161408724001376,0.0,0.08801208920559286,-9.925996002092471e-06,7.592032480543692e-05,0.1335217272954877,-1.4763759994037965e-06,0.00015193628655536353,0.09669729035434098,9.450446346894225e-07,-3.612630008337207e-07,0.17966153201943486,2.337804700042834e-06,-1.2447770167376198e-06,0.08393168921943964,-5.7828376445054446e-06,-5.911930137214577e-05,0.2,0.0,0.0,0.0,0.0,2.962962962962963,2.962962962962963,1.1260037853233484e-05,1.8827641077301394e-05,2.9376117211415056,2.868706088798204,-0.0006220154391924022,7.516181209760056e-05
X+,3.3000000000000003,0.8999999999999999,5.189544287000899,0.0,0.09104681715029708,-1.0568461819677848e-05,7.832083124370792e-05,0.1293025067031855,1.1880174081088115e-05,0.0004558313675959695,0.09669729035434098,9.450446346894225e-07,-3.612630008337207e-07,0.17966153201943486,2.337804700042834e-06,-1.2447770167376198e-06,0.08393168921943964,-5.7828376445054446e-06,-5.911930137214577e-05,0.2,0.0,0.0,0.0,0.0,2.962962962962963,2.962962962962963,1.1693347339303273e-05,2.171471102219158e-05,2.999945183363038,2.9256618339445,0.00018427416233951675,7.755284212286565e-05
X+,3.3000000000000003,0.8999999999999999,5.213364380000712,0.0,0.09284468558091803,-1.1035429615788642e-05,7.926604139280232e-05,0.12648005720509814,7.481957738203243e-06,0.0005949689324973072,0.09669729035434098,9.450446346894225e-07,-3.612630008337207e-07,0.17966153201943486,2.337804700042834e-06,-1.2447770167376198e-06,0.08393168921943964,-5.7828376445054446e-06,-5.911930137214577e-05,0.2,0.0,0.0,0.0,0.0,2.962962962962963,2.962962962962963,1.2143797913921617e-05,2.4527917132033394e-05,3.054495384419682,2.9765259291765123,0.0008459070389296914,7.913732441604555e-05
X+,3.3000000000000003,0.8999999999999999,5.249557441002253,0.0,0.09509701090052496,-1.1636542125593313e-05,8.028530125208584e-05,0.1226942290492683,7.980888371173758e-06,0.0007809357465287403,0.09669729035434098,9.450446346894225e-07,-3.612630008337207e-07,0.17966153201943486,2.337804700042834e-06,-1.2447770167376198e-06,0.08393168921943964,-5.7828376445054446e-06,-5.911930137214577e-05,0.2,0.0,0.0,0.0,0.0,2.962962962962963,2.962962962962963,1.262245918010052e-05,2.7038011895186287e-05,3.0853060270536328,3.004958795751072,0.001182424371982344,7.980909937889572e-05
X+,3.3000000000000003,0.8999999999999999,5.275608289000957,0.0,0.09680170124806972,-1.2068902202990762e-05,8.080813648259784e-05,0.11976428310304822,5.211602659144893e-06,0.0009267850166826562,0.09669729035434098,9.450446346894225e-07,-3.612630008337207e-07,0.17966153201943486,2.337804700042834e-06,-1.2447770167376198e-06,0.08393168921943964,-5.7828376445054446e-06,-5.911930137214577e-05,0.2,0.0,0.0,0.0,0.0,2.962962962962963,2.962962962962963,1.2806259636732875e-05,2.8011652407400334e-05,3.085930386762124,3.004380515087645,0.005792951273932446,8.07286913618025e-05
X+,3.3000000000000003,0.8999999999999999,5.306091335001838,0.0,0.09834857153308928,-1.2486389738473186e-05,8.082948824814574e-05,0.11718615760210457,3.4093088122693374e-05,0.0010635128614002942,0.11609493057231343,1.3319478746243617e-06,-8.351080678729538e-07,0.1939764021783141,3.939108896491512e-06,-4.738450670392331e-06,0.09985433040255655,-7.5548884648453846e-06,9.527559967814637e-05,0.2,0.0,0.0,0.0,0.0,2.962962962962963,2.962962962962963,1.3051618693360467e-05,2.8521466746589397e-05,3.073894203222434,2.9914453423393597,0.0002192543529997541,8.08971736290763e-05
X+,3.4000000000000004,1.0,5.334347037001862,0.10000000000000009,0.09905139091354973,-1.2576782065680699e-05,8.054905914945e-05,0.11607601547145237,5.7138946928772164e-05,0.0011184911353675838,0.11609493057231343,1.3319478746243617e-06,-8.351080678729538e-07,0.1939764021783141,3.939108896491512e-06,-4.738450670392331e-06,0.09985433040255655,-7.5548884648453846e-06,9.527559967814637e-05,0.2,0.0,0.0,0.0,0.0,2.962962962962963,2.962962962962963,1.3085731173312354e-05,2.8330772784634917e-05,3.0481379733390446,2.9649477688495463,-0.0014203615049322496,8.054905914945e-05
X+,3.4000000000000004,1.0,5.36371932000111,0.0,0.09905139091354973,-1.2576782065680699e-05,8.054905914945e-05,0.11607601547145237,5.7138946928772164e-05,0.0011184911353675838,0.11609493057231343,1.3319478746243617e-06,-8.351080678729538e-07,0.1939764021783141,3.939108896491512e-06,-4.738450670392331e-06,0.09985433040255655,-7.5548884648453846e-06,9.527559967814637e-05,0.2,0.0,0.0,0.0,0.0,2.962962962962963,2.962962962962963,1.3085731173312354e-05,2.8330772784634917e-05,3.0481379733390446,2.9649477688495463,-0.0014203615049322496,8.054905914945e-05
X+,3.4000000000000004,1.0,5.39440034600193,0.0,0.09905139091354973,-1.2576782065680699e-05,8.054905914945e-05,0.11607601547145237,5.7138946928772164e-05,0.0011184911353675838,0.11609493057231343,1.3319478746243617e-06,-8.351080678729538e-07,0.1939764021783141,3.939108896491512e-06,-4.738450670392331e-06,0.09985433040255655,-7.5548884648453846e-06,9.527559967814637e-05,0.2,0.0,0.0,0.0,0.0,2.962962962962963,2.962962962962963,1.3085731173312354e-05,2.8330772784634917e-05,3.0481379733390446,2.9649477688495463,-0.0014203615049322496,8.054905914945e-05
X+,3.4000000000000004,1.0,5.4233174420005525,0.0,0.09905139091354973,-1.2576782065680699e-05,8.054905914945e-05,0.11607601547145237,5.7138946928772164e-05,0.0011184911353675838,0.11609493057231343,1.3319478746243617e-06,-8.351080678729538e-07,0.1939764021783141,3.939108896491512e-06,-4.738450670392331e-06,0.09985433040255655,-7.5548884648453846e-06,9.527559967814637e-05,0.2,0.0,0.0,0.0,0.0,2.962962962962963,2.962962962962963,1.3085731173312354e-05,2.8330772784634917e-05,3.0481379733390446,2.9649477688495463,-0.0014203615049322496,8.054905914945e-05
X+,3.4000000000000004,1.0,5.450488511000003,0.0,0.09905139091354973,-1.2576782065680699e-05,8.054905914945e-05,0.11607601547145237,5.7138946928772164e-05,0.0011184911353675838,0.11609493057231343,1.3319478746243617e-06,-8.351080678729538e-07,0.1939764021783141,3.939108896491512e-06,-4.738450670392331e-06,0.09985433040255655,-7.5548884648453846e-06,9.527559967814637e-05,0.2,0.0,0.0,0.0,0.0,2.962962962962963,2.962962962962963,1.3085731173312354e-05,2.8330772784634917e-05,3.0481379733390446,2.9649477688495463,-0.0014203615049322496,8.054905914945e-05
X+,3.4000000000000004,1.0,5.4840533960014,0.0,0.09905139091354973,-1.2576782065680699e-05,8.054905914945e-05,0.11607601547145237,5.7138946928772164e-05,0.0011184911353675838,0.11609493057231343,1.3319478746243617e-06,-8.351080678729538e-07,0.1939764021783141,3.939108896491512e-06,-4.738450670392331e-06,0.09985433040255655,-7.5548884648453846e-06,9.527559967814637e-05,0.2,0.0,0.0,0.0,0.0,2.962962962962963,2.962962962962963,1.3085731173312354e-05,2.8330772784634917e-05,3.0481379733390446,2.9649477688495463,-0.0014203615049322496,8.054905914945e-05
X+,3.4000000000000004,1.0,5.511524723002367,0.0,0.09905139091354973,-1.2576782065680699e-05,8.054905914945e-05,0.11607601547145237,5.7138946928772164e-05,0.0011184911353675838,0.11609493057231343,1.3319478746243617e-06,-8.351080678729538e-07,0.1939764021783141,3.939108896491512e-06,-4.738450670392331e-06,0.09985433040255655,-7.5548884648453846e-06,9.527559967814637e-05,0.2,0.0,0.0,0.0,0.0,2.962962962962963,2.962962962962963,1.3085731173312354e-05,2.8330772784634917e-05,3.0481379733390446,2.9649477688495463,-0.0014203615049322496,8.054905914945e-05
X+,3.4000000000000004,1.0,5.540497605001292,0.0,0.09905139091354973,-1.2576782065680699e-05,8.054905914945e-05,0.11607601547145237,5.7138946928772164e-05,0.0011184911353675838,0.11609493057231343,1.3319478746243617e-06,-8.351080678729538e-07,0.1939764021783141,3.939108896491512e-06,-4.738450670392331e-06,0.09985433040255655,-7.5548884648453846e-06,9.527559967814637e-05,0.2,0.0,0.0,0.0,0.0,2.962962962962963,2.962962962962963,1.3085731173312354e-05,2.8330772784634917e-05,3.0481379733390446,2.9649477688495463,-0.0014203615049322496,8.054905914945e-05
X+,3.4000000000000004,1.0,5.569356913001684,0.0,0.09905139091354973,-1.2576782065680699e-05,8.054905914945e-05,0.11607601547145237,5.7138946928772164e-05,0.0011184911353675838,0.11609493057231343,1.3319478746243617e-06,-8.351080678729538e-07,0.1939764021783141,3.939108896491512e-06,-4.738450670392331e-06,0.09985433040255655,-7.5548884648453846e-06,9.527559967814637e-05,0.2,0.0,0.0,0.0,0.0,2.962962962962963,2.962962962962963,1.3085731173312354e-05,2.8330772784634917e-05,3.0481379733390446,2.9649477688495463,-0.0014203615049322496,8.054905914945e-05
X+,3.4000000000000004,1.0,5.597168097003305,0.0,0.09905139091354973,-1.2576782065680699e-05,8.054905914945e-05,0.11607601547145237,5.7138946928772164e-05,0.0011184911353675838,0.11609493057231343,1.3319478746243617e-06,-8.351080678729538e-07,0.1939764021783141,3.939108896491512e-06,-4.738450670392331e-06,0.09985433040255655,-7.5548884648453846e-06,9.527559967814637e-05,0.2,0.0,0.0,0.0,0.0,2.962962962962963,2.962962962962963,1.3085731173312354e-05,2.8330772784634917e-05,3.0481379733390446,2.9649477688495463,-0.0014203615049322496,8.054905914945e-05
X+,3.4000000000000004,1.0,5.622085473001789,0.0,0.09905139091354973,-1.2576782065680699e-05,8.054905914945e-05,0.11607601547145237,5.7138946928772164e-05,0.0011184911353675838,0.11609493057231343,1.3319478746243617e-06,-8.351080678729538e-07,0.1939764021783141,3.939108896491512e-06,-4.738450670392331e-06,0.09985433040255655,-7.5548884648453846e-06,9.527559967814637e-05,0.2,0.0,0.0,0.0,0.0,2.962962962962963,2.962962962962963,1.3085731173312354e-05,2.8330772784634917e-05,3.0481379733390446,2.9649477688495463,-0.0014203615049322496,8.054905914945e-05
X+,3.4000000000000004,1.0,5.649297984000441,0.0,0.09905139091354973,-1.2576782065680699e-05,8.054905914945e-05,0.11607601547145237,5.7138946928772164e-05,0.0011184911353675838,0.11609493057231343,1.3319478746243617e-06,-8.351080678729538e-07,0.1939764021783141,3.939108896491512e-06,-4.738450670392331e-06,0.09985433040255655,-7.5548884648453846e-06,9.527559967814637e-05,0.2,0.0,0.0,0.0,0.0,2.962962962962963,2.962962962962963,1.3085731173312354e-05,2.8330772784634917e-05,3.0481379733390446,2.9649477688495463,-0.0014203615049322496,8.054905914945e-05
X+,3.4000000000000004,1.0,5.678592357002344,0.0,0.09905139091354973,-1.2576782065680699e-05,8.054905914945e-05,0.11607601547145237,5.7138946928772164e-05,0.0011184911353675838,0.11609493057231343,1.3319478746243617e-06,-8.351080678729538e-07,0.1939764021783141,3.939108896491512e-06,-4.738450670392331e-06,0.09985433040255655,-7.5548884648453846e-06,9.527559967814637e-05,0.2,0.0,0.0,0.0,0.0,2.962962962962963,2.962962962962963,1.3085731173312354e-05,2.8330772784634917e-05,3.0481379733390446,2.9649477688495463,-0.0014203615049322496,8.054905914945e-05
X+,3.4000000000000004,1.0,5.70864585900199,0.0,0.09916787639338001,-1.2583395213141765e-05,8.047976262503154e-05,0.11589693360884427,6.259045295083586e-05,0.0011248113359446203,0.11609493057231343,1.3319478746243617e-06,-8.351080678729538e-07,0.1939764021783141,3.939108896491512e-06,-4.738450670392331e-06,0.09985433040255655,-7.5548884648453846e-06,9.527559967814637e-05,0.2,0.0,0.0,0.0,0.0,2.962962962962963,2.962962962962963,1.3085731173312354e-05,2.8330772784634917e-05,3.0481379733390446,2.9649477688495463,-0.0014203615049322496,8.054905914945e-05
X+,3.4000000000000004,1.0,5.740560432001075,0.0,0.10100808082779958,-1.2530668488341251e-05,7.918416463381696e-05,0.11331128360554735,0.0002855757559135446,0.0008591928174098286,0.11609493057231343,1.3319478746243617e-06,-8.351080678729538e-07,0.1939764021783141,3.939108896491512e-06,-4.738450670392331e-06,0.09985433040255655,-7.5548884648453846e-06,9.527559967814637e-05,0.2,0.0,0.0,0.0,0.0,2.962962962962963,2.962962962962963,1.1175562249832183e-05,2.3779952929459114e-05,2.9547563780144763,2.876243797168703,-0.0020495816855833973,7.982347427556789e-05
X+,3.4000000000000004,1.0,5.7782420230032585,0.0,0.10291963120516728,-1.1654281507653824e-05,8.22718168431682e-05,0.11107126360847254,0.0004471093538018679,0.0009908038329912124,0.11609493057231343,1.3319478746243617e-06,-8.351080678729538e-07,0.1939764021783141,3.939108896491512e-06,-4.738450670392331e-06,0.09985433040255655,-7.5548884648453846e-06,9.527559967814637e-05,0.2,0.0,0.0,0.0,0.0,2.962962962962963,2.962962962962963,7.797348009042082e-06,1.66401828076701e-05,2.9145698821801287,2.843473116600845,0.0007420027667176051,8.185581001957757e-05
X+,3.4000000000000004,1.0,5.810321400000248,0.0,0.10490779720576392,-1.092237107569189e-05,8.523754532898254e-05,0.10994387728819367,7.690589237224233e-05,3.217171067359132e-05,0.11609493057231343,1.3319478746243617e-06,-8.351080678729538e-07,0.1939764021783141,3.939108896491512e-06,-4.738450670392331e-06,0.09985433040255655,-7.5548884648453846e-06,9.527559967814637e-05,0.2,0.0,0.0,0.0,0.0,2.962962962962963,2.962962962962963,3.694398006182098e-06,1.366124014978709e-05,2.7023778682848043,2.657259345385605,0.002876873014404686,8.523754532898254e-05
X+,3.4000000000000004,1.0,5.852295640001103,0.0,0.10733810871166032,-1.8088972116995714e-05,0.00013892655409492304,0.1116023901170333,-0.0005628067569071137,0.007678135545219985,0.11609493057231343,1.3319478746243617e-06,-8.351080678729538e-07,0.1939764021783141,3.939108896491512e-06,-4.738450670392331e-06,0.09985433040255655,-7.5548884648453846e-06,9.527559967814637e-05,0.2,0.0,0.0,0.0,0.0,2.962962962962963,2.962962962962963,-1.501343758647522e-06,2.0948288996791575e-06,2.3945394292054365,2.3039942531902557,0.005720061707048309,0.00013182531751700877
X+,3.4000000000000004,1.0,5.892005708999932,0.0,0.10858347424456383,-2.177399858785227e-05,0.00021973913797120338,0.11422248509446557,0.0002964875169743317,0.006200518442460876,0.11609493057231343,1.3319478746243617e-06,-8.351080678729538e-07,0.1939764021783141,3.939108896491512e-06,-4.738450670392331e-06,0.09985433040255655,-7.5548884648453846e-06,9.527559967814637e-05,0.2,0.0,0.0,0.0,0.0,2.962962962962963,2.962962962962963,6.378084734137701e-06,2.3207925285539943e-05,1.9955632218513908,1.8719013558907536,0.004937840405296802,0.00020171733780289473
X+,3.5,1.0999999999999996,5.931977579002705,0.09999999999999964,0.11057841258720703,-1.999792550975727e-05,0.00023072034747674547,0.11996807318988062,0.00024670701888429233,-0.000720853873193717,0.1295831886811306,1.4303063781519644e-06,-1.253665246658643e-06,0.12317874678373861,1.7890405573361738e-06,-3.260460716083254e-06,0.13757223497376708,-3.731895645588736e-06,0.00022357744559586853,0.2,0.0,0.0,0.0,0.0,2.962962962962963,2.962962962962963,1.0668334213370656e-05,2.6612620811050647e-05,1.8277006731064256,1.709967749091378,0.0013490444430108058,0.00023664327524184505
X+,3.5,1.0999999999999996,5.967644594002195,0.0,0.11057841258720703,-1.999792550975727e-05,0.00023072034747674547,0.11996807318988062,0.00024670701888429233,-0.000720853873193717,0.1295831886811306,1.4303063781519644e-06,-1.253665246658643e-06,0.12317874678373861,1.7890405573361738e-06,-3.260460716083254e-06,0.13757223497376708,-3.731895645588736e-06,0.00022357744559586853,0.2,0.0,0.0,0.0,0.0,2.962962962962963,2.962962962962963,1.0668334213370656e-05,2.6612620811050647e-05,1.8277006731064256,1.709967749091378,0.0013490444430108058,0.00023664327524184505
X+,3.5,1.0999999999999996,5.998504243001662,0.0,0.11057841258720703,-1.999792550975727e-05,0.00023072034747674547,0.11996807318988062,0.00024670701888429233,-0.000720853873193717,0.1295831886811306,1.4303063781519644e-06,-1.253665246658643e-06,0.12317874678373861,1.7890405573361738e-06,-3.260460716083254e-06,0.13757223497376708,-3.731895645588736e-06,0.00022357744559586853,0.2,0.0,0.0,0.0,0.0,2.962962962962963,2.962962962962963,1.0668334213370656e-05,2.6612620811050647e-05,1.8277006731064256,1.709967749091378,0.0013490444430108058,0.00023664327524184505
X+,3.5,1.0999999999999996,6.0270604790021025,0.0,0.11057841258720703,-1.999792550975727e-05,0.00023072034747674547,0.11996807318988062,0.00024670701888429233,-0.000720853873193717,0.1295831886811306,1.4303063781519644e-06,-1.253665246658643e-06,0.12317874678373861,1.7890405573361738e-06,-3.260460716083254e-06,0.13757223497376708,-3.731895645588736e-06,0.00022357744559586853,0.2,0.0,0.0,0.0,0.0,2.962962962962963,2.962962962962963,1.0668334213370656e-05,2.6612620811050647e-05,1.8277006731064256,1.709967749091378,0.0013490444430108058,0.00023664327524184505
X+,3.5,1.0999999999999996,6.057253977000073,0.0,0.11057841258720703,-1.999792550975727e-05,0.00023072034747674547,0.11996807318988062,0.00024670701888429233,-0.000720853873193717,0.1295831886811306,1.4303063781519644e-06,-1.253665246658643e-06,0.12317874678373861,1.7890405573361738e-06,-3.260460716083254e-06,0.13757223497376708,-3.731895645588736e-06,0.00022357744559586853,0.2,0.0,0.0,0.0,0.0,2.962962962962963,2.962962962962963,1.0668334213370656e-05,2.6612620811050647e-05,1.8277006731064256,1.709967749091378,0.0013490444430108058,0.00023664327524184505
X+,3.5,1.0999999999999996,6.086245410002448,0.0,0.11057841258720703,-1.999792550975727e-05,0.00023072034747674547,0.11996807318988062,0.00024670701888429233,-0.000720853873193717,0.1295831886811306,1.4303063781519644e-06,-1.253665246658643e-06,0.12317874678373861,1.7890405573361738e-06,-3.260460716083254e-06,0.13757223497376708,-3.731895645588736e-06,0.00022357744559586853,0.2,0.0,0.0,0.0,0.0,2.962962962962963,2.962962962962963,1.0668334213370656e-05,2.6612620811050647e-05,1.8277006731064256,1.709967749091378,0.0013490444430108058,0.00023664327524184505
X+,3.5,1.0999999999999996,6.117855090000376,0.0,0.11057841258720703,-1.999792550975727e-05,0.00023072034747674547,0.11996807318988062,0.00024670701888429233,-0.000720853873193717,0.1295831886811306,1.4303063781519644e-06,-1.253665246658643e-06,0.12317874678373861,1.7890405573361738e-06,-3.260460716083254e-06,0.13757223497376708,-3.731895645588736e-06,0.00022357744559586853,0.2,0.0,0.0,0.0,0.0,2.962962962962963,2.962962962962963,1.0668334213370656e-05,2.6612620811050647e-05,1.8277006731064256,1.709967749091378,0.0013490444430108058,0.00023664327524184505
X+,3.5,1.0999999999999996,6.142657184002019,0.0,0.11057841258720703,-1.999792550975727e-05,0.00023072034747674547,0.11996807318988062,0.00024670701888429233,-0.000720853873193717,0.1295831886811306,1.4303063781519644e-06,-1.253665246658643e-06,0.12317874678373861,1.7890405573361738e-06,-3.260460716083254e-06,0.13757223497376708,-3.731895645588736e-06,0.00022357744559586853,0.2,0.0,0.0,0.0,0.0,2.962962962962963,2.962962962962963,1.0668334213370656e-05,2.6612620811050647e-05,1.8277006731064256,1.709967749091378,0.0013490444430108058,0.00023664327524184505
X+,3.5,1.0999999999999996,6.1751507190019765,0.0,0.11057841258720703,-1.999792550975727e-05,0.00023072034747674547,0.11996807318988062,0.00024670701888429233,-0.000720853873193717,0.1295831886811306,1.4303063781519644e-06,-1.253665246658643e-06,0.12317874678373861,1.7890405573361738e-06,-3.260460716083254e-06,0.13757223497376708,-3.731895645588736e-06,0.00022357744559586853,0.2,0.0,0.0,0.0,0.0,2.962962962962963,2.962962962962963,1.0668334213370656e-05,2.6612620811050647e-05,1.8277006731064256,1.709967749091378,0.0013490444430108058,0.00023664327524184505
X+,3.5,1.0999999999999996,6.200570405002509,0.0,0.11057841258720703,-1.999792550975727e-05,0.00023072034747674547,0.11996807318988062,0.00024670701888429233,-0.000720853873193717,0.1295831886811306,1.4303063781519644e-06,-1.253665246658643e-06,0.12317874678373861,1.7890405573361738e-06,-3.260460716083254e-06,0.13757223497376708,-3.731895645588736e-06,0.00022357744559586853,0.2,0.0,0.0,0.0,0.0,2.962962962962963,2.962962962962963,1.0668334213370656e-05,2.6612620811050647e-05,1.8277006731064256,1.709967749091378,0.0013490444430108058,0.00023664327524184505
X+,3.5,1.0999999999999996,6.235080592003214,0.0,0.11057841258720703,-1.999792550975727e-05,0.00023072034747674547,0.11996807318988062,0.00024670701888429233,-0.000720853873193717,0.1295831886811306,1.4303063781519644e-06,-1.253665246658643e-06,0.12317874678373861,1.7890405573361738e-06,-3.260460716083254e-06,0.13757223497376708,-3.731895645588736e-06,0.00022357744559586853,0.2,0.0,0.0,0.0,0.0,2.962962962962963,2.962962962962963,1.0668334213370656e-05,2.6612620811050647e-05,1.8277006731064256,1.709967749091378,0.0013490444430108058,0.00023664327524184505
X+,3.5,1.0999999999999996,6.2642545030030305,0.0,0.11057841258720703,-1.999792550975727e-05,0.00023072034747674547,0.11996807318988062,0.00024670701888429233,-0.000720853873193717,0.1295831886811306,1.4303063781519644e-06,-1.253665246658643e-06,0.12317874678373861,1.7890405573361738e-06,-3.260460716083254e-06,0.13757223497376708,-3.731895645588736e-06,0.00022357744559586853,0.2,0.0,0.0,0.0,0.0,2.962962962962963,2.962962962962963,1.0668334213370656e-05,2.6612620811050647e-05,1.8277006731064256,1.709967749091378,0.0013490444430108058,0.00023664327524184505
X+,3.5,1.0999999999999996,6.298021874001279,0.0,0.11057841258720703,-1.999792550975727e-05,0.00023072034747674547,0.11996807318988062,0.00024670701888429233,-0.000720853873193717,0.1295831886811306,1.4303063781519644e-06,-1.253665246658643e-06,0.12317874678373861,1.7890405573361738e-06,-3.260460716083254e-06,0.13757223497376708,-3.731895645588736e-06,0.00022357744559586853,0.2,0.0,0.0,0.0,0.0,2.962962962962963,2.962962962962963,1.0668334213370656e-05,2.6612620811050647e-05,1.8277006731064256,1.709967749091378,0.0013490444430108058,0.00023664327524184505
X+,3.5,1.0999999999999996,6.328130838002835,0.0,0.11255444740428286,-2.0224701812896102e-05,0.0002184142132455868,0.12640156324952104,0.00014345162842523351,-0.0003084338618677498,0.1295831886811306,1.4303063781519644e-06,-1.253665246658643e-06,0.12317874678373861,1.7890405573361738e-06,-3.260460716083254e-06,0.13757223497376708,-3.731895645588736e-06,0.00022357744559586853,0.2,0.0,0.0,0.0,0.0,2.962962962962963,2.962962962962963,1.198347141517786e-05,2.683928473601327e-05,1.6417606571627517,1.5682903690624779,0.0030734051750846555,0.00022093862254938287
X+,3.5,1.0999999999999996,6.355250864002301,0.0,0.11477013950434069,-2.0123060088144025e-05,0.0002115400720917184,0.13374971112220368,0.00026638333548410775,-0.0002997421388093378,0.1295831886811306,1.4303063781519644e-06,-1.253665246658643e-06,0.12317874678373861,1.7890405573361738e-06,-3.260460716083254e-06,0.13757223497376708,-3.731895645588736e-06,0.00022357744559586853,0.2,0.0,0.0,0.0,0.0,2.962962962962963,2.962962962962963,1.0219150593293591e-05,2.4358856558492903e-05,1.5946549228231122,1.5238184065283578,0.00056939981630846,0.00021187422914886915
X+,3.5,1.0999999999999996,6.388047431002633,0.0,0.11754000299823145,-1.8562481736887106e-05,0.00020608596862639294,0.1428123869580105,0.00032311718582074035,-0.0003747543752450251,0.1295831886811306,1.4303063781519644e-06,-1.253665246658643e-06,0.12317874678373861,1.7890405573361738e-06,-3.260460716083254e-06,0.13757223497376708,-3.731895645588736e-06,0.00022357744559586853,0.2,0.0,0.0,0.0,0.0,2.962962962962963,2.962962962962963,6.04654934832638e-06,1.7516247755366976e-05,1.4785516443232167,1.548865624561439,-0.0011876756264433712,0.0002063181390410703
X+,3.5,1.0999999999999996,6.41752795100183,0.0,0.12048497140739851,-1.7719512080709675e-05,0.00020258856569375117,0.15130840254590303,0.00030090771296783456,-0.0006101087151288878,0.1295831886811306,1.4303063781519644e-06,-1.253665246658643e-06,0.12317874678373861,1.7890405573361738e-06,-3.260460716083254e-06,0.13757223497376708,-3.731895645588736e-06,0.00022357744559586853,0.2,0.0,0.0,0.0,0.0,2.962962962962963,2.962962962962963,8.615730616945427e-06,1.3037839979190835e-05,1.5679065544727808,1.6746116848951713,0.0025353540860140857,0.00020459677901196033
X+,3.5,1.0999999999999996,6.474516709000454,0.0,0.12342880771136161,-1.6845700204794027e-05,0.00020060702716609278,0.15826881357266767,0.0002822939503646585,-0.0006929290186363518,0.13991060927301188,1.529923455149309e-06,-1.3420330013714394e-06,0.10327420591748263,1.125642052809314e-06,-8.836775471279655e-07,0.13940969834048894,-5.91902442082619e-06,0.0004342645010098068,0.2,0.0,0.0,0.0,0.0,2.962962962962963,2.962962962962963,5.9887035952499446e-06,9.224324785783722e-06,1.7063214984055435,1.8036207498140684,-0.00013125547951204372,0.00020139374575814284
X+,3.6,1.1999999999999997,6.499876300000324,0.10000000000000009,0.12470588801930217,-1.6625614854035888e-05,0.00020052324460449947,0.1608763092554433,0.0002867144023894282,-0.0007650676187434749,0.13991060927301188,1.529923455149309e-06,-1.3420330013714394e-06,0.10327420591748263,1.125642052809314e-06,-8.836775471279655e-07,0.13940969834048894,-5.91902442082619e-06,0.0004342645010098068,0.2,0.0,0.0,0.0,0.0,2.962962962962963,2.962962962962963,5.9887035952499446e-06,9.224324785783722e-06,1.7063214984055435,1.8036207498140684,0.003377379082724119,0.0002005358160409237
X+,3.6,1.1999999999999997,6.5245309630008705,0.0,0.12470588801930217,-1.6625614854035888e-05,0.00020052324460449947,0.1608763092554433,0.0002867144023894282,-0.0007650676187434749,0.13991060927301188,1.529923455149309e-06,-1.3420330013714394e-06,0.10327420591748263,1.125642052809314e-06,-8.836775471279655e-07,0.13940969834048894,-5.91902442082619e-06,0.0004342645010098068,0.2,0.0,0.0,0.0,0.0,2.962962962962963,2.962962962962963,5.9887035952499446e-06,9.224324785783722e-06,1.7063214984055435,1.8036207498140684,0.003377379082724119,0.0002005358160409237
X+,3.6,1.1999999999999997,6.550916426000185,0.0,0.12470588801930217,-1.6625614854035888e-05,0.00020052324460449947,0.1608763092554433,0.0002867144023894282,-0.0007650676187434749,0.13991060927301188,1.529923455149309e-06,-1.3420330013714394e-06,0.10327420591748263,1.125642052809314e-06,-8.836775471279655e-07,0.13940969834048894,-5.91902442082619e-06,0.0004342645010098068,0.2,0.0,0.0,0.0,0.0,2.962962962962963,2.962962962962963,5.9887035952499446e-06,9.224324785783722e-06,1.7063214984055435,1.8036207498140684,0.003377379082724119,0.0002005358160409237
X+,3.6,1.1999999999999997,6.576126542000566,0.0,0.12470588801930217,-1.6625614854035888e-05,0.00020052324460449947,0.1608763092554433,0.0002867144023894282,-0.0007650676187434749,0.13991060927301188,1.529923455149309e-06,-1.3420330013714394e-06,0.10327420591748263,1.125642052809314e-06,-8.836775471279655e-07,0.13940969834048894,-5.91902442082619e-06,0.0004342645010098068,0.2,0.0,0.0,0.0,0.0,2.962962962962963,2.962962962962963,5.9887035952499446e-06,9.224324785783722e-06,1.7063214984055435,1.8036207498140684,0.003377379082724119,0.0002005358160409237
X+,3.6,1.1999999999999997,6.604051322003215,0.0,0.12470588801930217,-1.6625614854035888e-05,0.00020052324460449947,0.1608763092554433,0.0002867144023894282,-0.0007650676187434749,0.13991060927301188,1.529923455149309e-06,-1.3420330013714394e-06,0.10327420591748263,1.125642052809314e-06,-8.836775471279655e-07,0.13940969834048894,-5.91902442082619e-06,0.0004342645010098068,0.2,0.0,0.0,0.0,0.0,2.962962962962963,2.962962962962963,5.9887035952499446e-06,9.224324785783722e-06,1.7063214984055435,1.8036207498140684,0.003377379082724119,0.0002005358160409237
X+,3.6,1.1999999999999997,6.639998583999841,0.0,0.12470588801930217,-1.6625614854035888e-05,0.00020052324460449947,0.1608763092554433,0.0002867144023894282,-0.0007650676187434749,0.13991060927301188,1.529923455149309e-06,-1.3420330013714394e-06,0.10327420591748263,1.125642052809314e-06,-8.836775471279655e-07,0.13940969834048894,-5.91902442082619e-06,0.0004342645010098068,0.2,0.0,0.0,0.0,0.0,2.962962962962963,2.962962962962963,5.9887035952499446e-06,9.224324785783722e-06,1.7063214984055435,1.8036207498140684,0.003377379082724119,0.0002005358160409237
X+,3.6,1.1999999999999997,6.668647236001561,0.0,0.12470588801930217,-1.6625614854035888e-05,0.00020052324460449947,0.1608763092554433,0.0002867144023894282,-0.0007650676187434749,0.13991060927301188,1.529923455149309e-06,-1.3420330013714394e-06,0.10327420591748263,1.125642052809314e-06,-8.836775471279655e-07,0.13940969834048894,-5.91902442082619e-06,0.0004342645010098068,0.2,0.0,0.0,0.0,0.0,2.962962962962963,2.962962962962963,5.9887035952499446e-06,9.224324785783722e-06,1.7063214984055435,1.8036207498140684,0.003377379082724119,0.0002005358160409237
X+,3.6,1.1999999999999997,6.697931325001264,0.0,0.12470588801930217,-1.6625614854035888e-05,0.00020052324460449947,0.1608763092554433,0.0002867144023894282,-0.0007650676187434749,0.13991060927301188,1.529923455149309e-06,-1.3420330013714394e-06,0.10327420591748263,1.125642052809314e-06,-8.836775471279655e-07,0.13940969834048894,-5.91902442082619e-06,0.0004342645010098068,0.2,0.0,0.0,0.0,0.0,2.962962962962963,2.962962962962963,5.9887035952499446e-06,9.224324785783722e-06,1.7063214984055435,1.8036207498140684,0.003377379082724119,0.0002005358160409237
X+,3.6,1.1999999999999997,6.723260331000347,0.0,0.12470588801930217,-1.6625614854035888e-05,0.00020052324460449947,0.1608763092554433,0.0002867144023894282,-0.0007650676187434749,0.13991060927301188,1.529923455149309e-06,-1.3420330013714394e-06,0.10327420591748263,1.125642052809314e-06,-8.836775471279655e-07,0.13940969834048894,-5.91902442082619e-06,0.0004342645010098068,0.2,0.0,0.0,0.0,0.0,2.962962962962963,2.962962962962963,5.9887035952499446e-06,9.224324785783722e-06,1.7063214984055435,1.8036207498140684,0.003377379082724119,0.0002005358160409237
X+,3.6,1.1999999999999997,6.763746016000368,0.0,0.12519005066392064,-1.6564502903848935e-05,0.0002005459794177169,0.16180580316114318,0.00029302714395517743,-0.0007994595577018355,0.13991060927301188,1.529923455149309e-06,-1.3420330013714394e-06,0.10327420591748263,1.125642052809314e-06,-8.836775471279655e-07,0.13940969834048894,-5.91902442082619e-06,0.0004342645010098068,0.2,0.0,0.0,0.0,0.0,2.962962962962963,2.962962962962963,5.875922041376214e-06,7.5635538010487835e-06,1.7750564075628437,1.8671347213484442,-0.0002958655677039668,0.00020050979043653144
X+,3.6,1.1999999999999997,6.797488928001258,0.0,0.1293244754754739,-1.5323809767931774e-05,0.00019879056948711216,0.16857977899477025,0.000261916173411381,-0.0007541438690322048,0.13991060927301188,1.529923455149309e-06,-1.3420330013714394e-06,0.10327420591748263,1.125642052809314e-06,-8.836775471279655e-07,0.13940969834048894,-5.91902442082619e-06,0.0004342645010098068,0.2,0.0,0.0,0.0,0.0,2.962962962962963,2.962962962962963,5.6917168205217195e-06,1.1564502071514937e-05,1.9047302877976178,1.9861135246812878,-0.001632323117296006,0.0001988054599416215
X+,3.6,1.1999999999999997,6.823918590001995,0.0,0.13187915254257399,-1.5036330907349654e-05,0.0001989754694457788,0.1718767329547694,0.0003058550594944701,-0.0007722340707628803,0.13991060927301188,1.529923455149309e-06,-1.3420330013714394e-06,0.10327420591748263,1.125642052809314e-06,-8.836775471279655e-07,0.13940969834048894,-5.91902442082619e-06,0.0004342645010098068,0.2,0.0,0.0,0.0,0.0,2.962962962962963,2.962962962962963,5.5080034311316695e-06,5.541993749247354e-06,2.020724430024865,2.092562886171981,-0.000299279318787436,0.00019890933830444147
X+,3.6,1.1999999999999997,6.847050801003206,0.0,0.1348291702168521,-1.4508185931627615e-05,0.00019865579236133415,0.17500011771965676,0.00032998375368032415,-0.0008242684686722634,0.13991060927301188,1.529923455149309e-06,-1.3420330013714394e-06,0.10327420591748263,1.125642052809314e-06,-8.836775471279655e-07,0.13940969834048894,-5.91902442082619e-06,0.0004342645010098068,0.2,0.0,0.0,0.0,0.0,2.962962962962963,2.962962962962963,5.050031086639706e-06,8.951846658611373e-06,2.0731331521101444,2.1406165088839253,-0.00012095549616142451,0.0001987359078645697
X+,3.6,1.1999999999999997,6.873629208999773,0.0,0.13782733056393753,-1.3967623304503643e-05,0.0001980512809643023,0.17754873800805854,0.0003224406818119482,-0.0008128829216445551,0.13991060927301188,1.529923455149309e-06,-1.3420330013714394e-06,0.10327420591748263,1.125642052809314e-06,-8.836775471279655e-07,0.13940969834048894,-5.91902442082619e-06,0.0004342645010098068,0.2,0.0,0.0,0.0,0.0,2.962962962962963,2.962962962962963,-7.752882170031228e-06,-5.529089783351537e-06,2.166553370709561,2.2261391770770276,-0.0005143441868008024,0.00019831406571663653
X+,3.6,1.1999999999999997,6.922714098000142,0.0,0.14230499122500484,-1.3305209909090024e-05,0.00019723264787931835,0.18040621303728047,0.00031927223442472806,-0.0008215850613875929,0.1539013350372594,1.4184462423957002e-06,-1.3896793413260972e-06,0.13990725764384526,-9.270119706475627e-07,-4.764633995465761e-07,0.14755862794124971,-1.2409826226148797e-05,0.00010875861795067725,0.2,0.0,0.0,0.0,0.0,2.962962962962963,2.962962962962963,4.649679318902145e-06,-6.125881687246704e-06,2.2460288727662685,2.298823678960384,0.0002925287385510441,0.00019733637916295277
X+,3.7,1.2999999999999998,6.955893125003058,0.10000000000000009,0.14284678395638079,-1.323012542068635e-05,0.00019712894070140634,0.18068614961007678,0.00031876259193817355,-0.0008231698656385107,0.1539013350372594,1.4184462423957002e-06,-1.3896793413260972e-06,0.13990725764384526,-9.270119706475627e-07,-4.764633995465761e-07,0.14755862794124971,-1.2409826226148797e-05,0.00010875861795067725,0.2,0.0,0.0,0.0,0.0,2.962962962962963,2.962962962962963,-8.46389670794423e-06,-6.0912339394647574e-06,2.2809999137715566,2.3308931878102754,0.0002925287385510441,0.00019733637916295277
X+,3.7,1.2999999999999998,6.994117668000399,0.0,0.14284678395638079,-1.323012542068635e-05,0.00019712894070140634,0.18068614961007678,0.00031876259193817355,-0.0008231698656385107,0.1539013350372594,1.4184462423957002e-06,-1.3896793413260972e-06,0.13990725764384526,-9.270119706475627e-07,-4.764633995465761e-07,0.14755862794124971,-1.2409826226148797e-05,0.00010875861795067725,0.2,0.0,0.0,0.0,0.0,2.962962962962963,2.962962962962963,-8.46389670794423e-06,-6.0912339394647574e-06,2.2809999137715566,2.3308931878102754,0.0002925287385510441,0.00019733637916295277
X+,3.7,1.2999999999999998,7.0226867370001855,0.0,0.14284678395638079,-1.323012542068635e-05,0.00019712894070140634,0.18068614961007678,0.00031876259193817355,-0.0008231698656385107,0.1539013350372594,1.4184462423957002e-06,-1.3896793413260972e-06,0.13990725764384526,-9.270119706475627e-07,-4.764633995465761e-07,0.14755862794124971,-1.2409826226148797e-05,0.00010875861795067725,0.2,0.0,0.0,0.0,0.0,2.962962962962963,2.962962962962963,-8.46389670794423e-06,-6.0912339394647574e-06,2.2809999137715566,2.3308931878102754,0.0002925287385510441,0.00019733637916295277
X+,3.7,1.2999999999999998,7.05378877000112,0.0,0.14284678395638079,-1.323012542068635e-05,0.00019712894070140634,0.18068614961007678,0.00031876259193817355,-0.0008231698656385107,0.1539013350372594,1.4184462423957002e-06,-1.3896793413260972e-06,0.13990725764384526,-9.270119706475627e-07,-4.764633995465761e-07,0.14755862794124971,-1.2409826226148797e-05,0.00010875861795067725,0.2,0.0,0.0,0.0,0.0,2.962962962962963,2.962962962962963,-8.46389670794423e-06,-6.0912339394647574e-06,2.2809999137715566,2.3308931878102754,0.0002925287385510441,0.00019733637916295277
X+,3.7,1.2999999999999998,7.079564272000425,0.0,0.14284678395638079,-1.323012542068635e-05,0.00019712894070140634,0.18068614961007678,0.00031876259193817355,-0.0008231698656385107,0.1539013350372594,1.4184462423957002e-06,-1.3896793413260972e-06,0.13990725764384526,-9.270119706475627e-07,-4.764633995465761e-07,0.14755862794124971,-1.2409826226148797e-05,0.00010875861795067725,0.2,0.0,0.0,0.0,0.0,2.962962962962963,2.962962962962963,-8.46389670794423e-06,-6.0912339394647574e-06,2.2809999137715566,2.3308931878102754,0.0002925287385510441,0.00019733637916295277
X+,3.7,1.2999999999999998,7.107489025001996,0.0,0.14284678395638079,-1.323012542068635e-05,0.00019712894070140634,0.18068614961007678,0.00031876259193817355,-0.0008231698656385107,0.1539013350372594,1.4184462423957002e-06,-1.3896793413260972e-06,0.13990725764384526,-9.270119706475627e-07,-4.764633995465761e-07,0.14755862794124971,-1.2409826226148797e-05,0.00010875861795067725,0.2,0.0,0.0,0.0,0.0,2.962962962962963,2.962962962962963,-8.46389670794423e-06,-6.0912339394647574e-06,2.2809999137715566,2.3308931878102754,0.0002925287385510441,0.00019733637916295277
X+,3.7,1.2999999999999998,7.133251584000391,0.0,0.14284678395638079,-1.323012542068635e-05,0.00019712894070140634,0.18068614961007678,0.00031876259193817355,-0.0008231698656385107,0.1539013350372594,1.4184462423957002e-06,-1.3896793413260972e-06,0.13990725764384526,-9.270119706475627e-07,-4.764633995465761e-07,0.14755862794124971,-1.2409826226148797e-05,0.00010875861795067725,0.2,0.0,0.0,0.0,0.0,2.962962962962963,2.962962962962963,-8.46389670794423e-06,-6.0912339394647574e-06,2.2809999137715566,2.3308931878102754,0.0002925287385510441,0.00019733637916295277
X+,3.7,1.2999999999999998,7.1620280600000115,0.0,0.14284678395638079,-1.323012542068635e-05,0.00019712894070140634,0.18068614961007678,0.00031876259193817355,-0.0008231698656385107,0.1539013350372594,1.4184462423957002e-06,-1.3896793413260972e-06,0.13990725764384526,-9.270119706475627e-07,-4.764633995465761e-07,0.14755862794124971,-1.2409826226148797e-05,0.00010875861795067725,0.2,0.0,0.0,0.0,0.0,2.962962962962963,2.962962962962963,-8.46389670794423e-06,-6.0912339394647574e-06,2.2809999137715566,2.3308931878102754,0.0002925287385510441,0.00019733637916295277
X+,3.7,1.2999999999999998,7.186529671002063,0.0,0.14284678395638079,-1.323012542068635e-05,0.00019712894070140634,0.18068614961007678,0.00031876259193817355,-0.0008231698656385107,0.1539013350372594,1.4184462423957002e-06,-1.3896793413260972e-06,0.13990725764384526,-9.270119706475627e-07,-4.764633995465761e-07,0.14755862794124971,-1.2409826226148797e-05,0.00010875861795067725,0.2,0.0,0.0,0.0,0.0,2.962962962962963,2.962962962962963,-8.46389670794423e-06,-6.0912339394647574e-06,2.2809999137715566,2.3308931878102754,0.0002925287385510441,0.00019733637916295277
X+,3.7,1.2999999999999998,7.222405038002762,0.0,0.14284678395638079,-1.323012542068635e-05,0.00019712894070140634,0.18068614961007678,0.00031876259193817355,-0.0008231698656385107,0.1539013350372594,1.4184462423957002e-06,-1.3896793413260972e-06,0.13990725764384526,-9.270119706475627e-07,-4.764633995465761e-07,0.14755862794124971,-1.2409826226148797e-05,0.00010875861795067725,0.2,0.0,0.0,0.0,0.0,2.962962962962963,2.962962962962963,-8.46389670794423e-06,-6.0912339394647574e-06,2.2809999137715566,2.3308931878102754,0.0002925287385510441,0.00019733637916295277
X+,3.7,1.2999999999999998,7.24865497400242,0.0,0.14284678395638079,-1.323012542068635e-05,0.00019712894070140634,0.18068614961007678,0.00031876259193817355,-0.0008231698656385107,0.1539013350372594,1.4184462423957002e-06,-1.3896793413260972e-06,0.13990725764384526,-9.270119706475627e-07,-4.764633995465761e-07,0.14755862794124971,-1.2409826226148797e-05,0.00010875861795067725,0.2,0.0,0.0,0.0,0.0,2.962962962962963,2.962962962962963,-8.46389670794423e-06,-6.0912339394647574e-06,2.2809999137715566,2.3308931878102754,0.0002925287385510441,0.00019733637916295277
X+,3.7,1.2999999999999998,7.276898782001808,0.0,0.14284678395638079,-1.323012542068635e-05,0.00019712894070140634,0.18068614961007678,0.00031876259193817355,-0.0008231698656385107,0.1539013350372594,1.4184462423957002e-06,-1.3896793413260972e-06,0.13990725764384526,-9.270119706475627e-07,-4.764633995465761e-07,0.14755862794124971,-1.2409826226148797e-05,0.00010875861795067725,0.2,0.0,0.0,0.0,0.0,2.962962962962963,2.962962962962963,-8.46389670794423e-06,-6.0912339394647574e-06,2.2809999137715566,2.3308931878102754,0.0002925287385510441,0.00019733637916295277
X+,3.7,1.2999999999999998,7.304403470003308,0.0,0.1435704485336664,-1.3129797318607583e-05,0.00019698789947825157,0.18104021218536429,0.0003185033476205502,-0.00082612911372373,0.1539013350372594,1.4184462423957002e-06,-1.3896793413260972e-06,0.13990725764384526,-9.270119706475627e-07,-4.764633995465761e-07,0.14755862794124971,-1.2409826226148797e-05,0.00010875861795067725,0.2,0.0,0.0,0.0,0.0,2.962962962962963,2.962962962962963,-8.46389670794423e-06,-6.0912339394647574e-06,2.2809999137715566,2.3308931878102754,0.0002925287385510441,0.00019733637916295277
X+,3.7,1.2999999999999998,7.333326130999922,0.0,0.14611358268452962,-1.2776807463785005e-05,0.00019646789005383413,0.18211758536093692,0.00031756288212147,-0.0008357308258293129,0.1539013350372594,1.4184462423957002e-06,-1.3896793413260972e-06,0.13990725764384526,-9.270119706475627e-07,-4.764633995465761e-07,0.14755862794124971,-1.2409826226148797e-05,0.00010875861795067725,0.2,0.0,0.0,0.0,0.0,2.962962962962963,2.962962962962963,-4.90036205480493e-06,-6.008521070022255e-06,2.3425553404118333,2.3867289474252447,-0.0027244683147639136,0.00019658267661345677
X+,3.7,1.2999999999999998,7.3674833930017485,0.0,0.14976928420155394,-1.2214019089824314e-05,0.00019594403766394402,0.18326852738709257,0.000307167347344568,-0.0008575486296850659,0.1539013350372594,1.4184462423957002e-06,-1.3896793413260972e-06,0.13990725764384526,-9.270119706475627e-07,-4.764633995465761e-07,0.14755862794124971,-1.2409826226148797e-05,0.00010875861795067725,0.2,0.0,0.0,0.0,0.0,2.962962962962963,2.962962962962963,4.389286639927548e-06,-5.966379769795083e-06,2.369416003567318,2.410942848671099,-0.003164807965767081,0.0001959484981510387
X+,3.7,1.2999999999999998,7.397423078000429,0.0,0.15326003898912846,-1.1728439798867375e-05,0.0001955248679086283,0.1840028438454758,0.0002996244008434372,-0.0009304270254598836,0.1539013350372594,1.4184462423957002e-06,-1.3896793413260972e-06,0.13990725764384526,-9.270119706475627e-07,-4.764633995465761e-07,0.14755862794124971,-1.2409826226148797e-05,0.00010875861795067725,0.2,0.0,0.0,0.0,0.0,2.962962962962963,2.962962962962963,-8.733417268480537e-06,-5.907812139049895e-06,2.416396257271902,2.4529670556026253,-0.0047767541406351244,0.00019563792153227757
X+,3.7,1.2999999999999998,7.428653468003176,0.0,0.15639302620373643,-1.1307661205611427e-05,0.00019483466645865005,0.18441246829475313,0.0002983245982606731,-0.0009400827168183152,0.1539013350372594,1.4184462423957002e-06,-1.3896793413260972e-06,0.13990725764384526,-9.270119706475627e-07,-4.764633995465761e-07,0.14755862794124971,-1.2409826226148797e-05,0.00010875861795067725,0.2,0.0,0.0,0.0,0.0,2.962962962962963,2.962962962962963,-8.563810908412961e-06,-5.8412411325647895e-06,2.4552075429885236,2.4875710709186154,-0.0044435270371638485,0.00019483466645865005
X+,3.7,1.2999999999999998,7.4590892550004355,0.0,0.15916195868208,-1.0935243255800163e-05,0.0001942144722762841,0.1846096441351495,0.0002972777233623364,-0.000946403114093223,0.16974503004197256,1.284204315667847e-06,-1.4551147197685289e-06,0.1584369500488441,-1.1222427108940934e-06,-6.543537844243167e-07,0.16822496965676179,-1.2329185035566948e-05,-0.00016922163131249954,0.2,0.0,0.0,0.0,0.0,2.962962962962963,2.962962962962963,-4.8419109059949506e-06,-5.776961833348082e-06,2.4872677299398824,2.515936816303508,0.0008833248314149707,0.00019442253522598552
X+,3.8000000000000003,1.4,7.491558439000073,0.10000000000000009,0.16063966834314103,-1.0735363628757745e-05,0.00019388049379305748,0.1846596604208659,0.0002967072085331392,-0.0009492596532051553,0.16974503004197256,1.284204315667847e-06,-1.4551147197685289e-06,0.1584369500488441,-1.1222427108940934e-06,-6.543537844243167e-07,0.16822496965676179,-1.2329185035566948e-05,-0.00016922163131249954,0.2,0.0,0.0,0.0,0.0,2.962962962962963,2.962962962962963,-4.8419109059949506e-06,-5.776961833348082e-06,2.4872677299398824,2.515936816303508,0.003667472759543481,0.00019396298493180137
X+,3.8000000000000003,1.4,7.520408169002621,0.0,0.16063966834314103,-1.0735363628757745e-05,0.00019388049379305748,0.1846596604208659,0.0002967072085331392,-0.0009492596532051553,0.16974503004197256,1.284204315667847e-06,-1.4551147197685289e-06,0.1584369500488441,-1.1222427108940934e-06,-6.543537844243167e-07,0.16822496965676179,-1.2329185035566948e-05,-0.00016922163131249954,0.2,0.0,0.0,0.0,0.0,2.962962962962963,2.962962962962963,-4.8419109059949506e-06,-5.776961833348082e-06,2.4872677299398824,2.515936816303508,0.003667472759543481,0.00019396298493180137
X+,3.8000000000000003,1.4,7.548067425999761,0.0,0.16063966834314103,-1.0735363628757745e-05,0.00019388049379305748,0.1846596604208659,0.0002967072085331392,-0.0009492596532051553,0.16974503004197256,1.284204315667847e-06,-1.4551147197685289e-06,0.1584369500488441,-1.1222427108940934e-06,-6.543537844243167e-07,0.16822496965676179,-1.2329185035566948e-05,-0.00016922163131249954,0.2,0.0,0.0,0.0,0.0,2.962962962962963,2.962962962962963,-4.8419109059949506e-06,-5.776961833348082e-06,2.4872677299398824,2.515936816303508,0.003667472759543481,0.00019396298493180137
X+,3.8000000000000003,1.4,7.577113590999943,0.0,0.16063966834314103,-1.0735363628757745e-05,0.00019388049379305748,0.1846596604208659,0.0002967072085331392,-0.0009492596532051553,0.16974503004197256,1.284204315667847e-06,-1.4551147197685289e-06,0.1584369500488441,-1.1222427108940934e-06,-6.543537844243167e-07,0.16822496965676179,-1.2329185035566948e-05,-0.00016922163131249954,0.2,0.0,0.0,0.0,0.0,2.962962962962963,2.962962962962963,-4.8419109059949506e-06,-5.776961833348082e-06,2.4872677299398824,2.515936816303508,0.003667472759543481,0.00019396298493180137
X+,3.8000000000000003,1.4,7.604543673001899,0.0,0.16063966834314103,-1.0735363628757745e-05,0.00019388049379305748,0.1846596604208659,0.0002967072085331392,-0.0009492596532051553,0.16974503004197256,1.284204315667847e-06,-1.4551147197685289e-06,0.1584369500488441,-1.1222427108940934e-06,-6.543537844243167e-07,0.16822496965676179,-1.2329185035566948e-05,-0.00016922163131249954,0.2,0.0,0.0,0.0,0.0,2.962962962962963,2.962962962962963,-4.8419109059949506e-06,-5.776961833348082e-06,2.4872677299398824,2.515936816303508,0.003667472759543481,0.00019396298493180137
X+,3.8000000000000003,1.4,7.637084519999917,0.0,0.16063966834314103,-1.0735363628757745e-05,0.00019388049379305748,0.1846596604208659,0.0002967072085331392,-0.0009492596532051553,0.16974503004197256,1.284204315667847e-06,-1.4551147197685289e-06,0.1584369500488441,-1.1222427108940934e-06,-6.543537844243167e-07,0.16822496965676179,-1.2329185035566948e-05,-0.00016922163131249954,0.2,0.0,0.0,0.0,0.0,2.962962962962963,2.962962962962963,-4.8419109059949506e-06,-5.776961833348082e-06,2.4872677299398824,2.515936816303508,0.003667472759543481,0.00019396298493180137
X+,3.8000000000000003,1.4,7.661373762002768,0.0,0.16063966834314103,-1.0735363628757745e-05,0.00019388049379305748,0.1846596604208659,0.0002967072085331392,-0.0009492596532051553,0.16974503004197256,1.284204315667847e-06,-1.4551147197685289e-06,0.1584369500488441,-1.1222427108940934e-06,-6.543537844243167e-07,0.16822496965676179,-1.2329185035566948e-05,-0.00016922163131249954,0.2,0.0,0.0,0.0,0.0,2.962962962962963,2.962962962962963,-4.8419109059949506e-06,-5.776961833348082e-06,2.4872677299398824,2.515936816303508,0.003667472759543481,0.00019396298493180137
X+,3.8000000000000003,1.4,7.688114932003373,0.0,0.16063966834314103,-1.0735363628757745e-05,0.00019388049379305748,0.1846596604208659,0.0002967072085331392,-0.0009492596532051553,0.16974503004197256,1.284204315667847e-06,-1.4551147197685289e-06,0.1584369500488441,-1.1222427108940934e-06,-6.543537844243167e-07,0.16822496965676179,-1.2329185035566948e-05,-0.00016922163131249954,0.2,0.0,0.0,0.0,0.0,2.962962962962963,2.962962962962963,-4.8419109059949506e-06,-5.776961833348082e-06,2.4872677299398824,2.515936816303508,0.003667472759543481,0.00019396298493180137
X+,3.8000000000000003,1.4,7.71160770500137,0.0,0.16063966834314103,-1.0735363628757745e-05,0.00019388049379305748,0.1846596604208659,0.0002967072085331392,-0.0009492596532051553,0.16974503004197256,1.284204315667847e-06,-1.4551147197685289e-06,0.1584369500488441,-1.1222427108940934e-06,-6.543537844243167e-07,0.16822496965676179,-1.2329185035566948e-05,-0.00016922163131249954,0.2,0.0,0.0,0.0,0.0,2.962962962962963,2.962962962962963,-4.8419109059949506e-06,-5.776961833348082e-06,2.4872677299398824,2.515936816303508,0.003667472759543481,0.00019396298493180137
X+,3.8000000000000003,1.4,7.741176957002608,0.0,0.16063966834314103,-1.0735363628757745e-05,0.00019388049379305748,0.1846596604208659,0.0002967072085331392,-0.0009492596532051553,0.16974503004197256,1.284204315667847e-06,-1.4551147197685289e-06,0.1584369500488441,-1.1222427108940934e-06,-6.543537844243167e-07,0.16822496965676179,-1.2329185035566948e-05,-0.00016922163131249954,0.2,0.0,0.0,0.0,0.0,2.962962962962963,2.962962962962963,-4.8419109059949506e-06,-5.776961833348082e-06,2.4872677299398824,2.515936816303508,0.003667472759543481,0.00019396298493180137
X+,3.8000000000000003,1.4,7.769189540002117,0.0,0.16063966834314103,-1.0735363628757745e-05,0.00019388049379305748,0.1846596604208659,0.0002967072085331392,-0.0009492596532051553,0.16974503004197256,1.284204315667847e-06,-1.4551147197685289e-06,0.1584369500488441,-1.1222427108940934e-06,-6.543537844243167e-07,0.16822496965676179,-1.2329185035566948e-05,-0.00016922163131249954,0.2,0.0,0.0,0.0,0.0,2.962962962962963,2.962962962962963,-4.8419109059949506e-06,-5.776961833348082e-06,2.4872677299398824,2.515936816303508,0.003667472759543481,0.00019396298493180137
X+,3.8000000000000003,1.4,7.796421179002209,0.0,0.16063966834314103,-1.0735363628757745e-05,0.00019388049379305748,0.1846596604208659,0.0002967072085331392,-0.0009492596532051553,0.16974503004197256,1.284204315667847e-06,-1.4551147197685289e-06,0.1584369500488441,-1.1222427108940934e-06,-6.543537844243167e-07,0.16822496965676179,-1.2329185035566948e-05,-0.00016922163131249954,0.2,0.0,0.0,0.0,0.0,2.962962962962963,2.962962962962963,-4.8419109059949506e-06,-5.776961833348082e-06,2.4872677299398824,2.515936816303508,0.003667472759543481,0.00019396298493180137
X+,3.8000000000000003,1.4,7.820134896002855,0.0,0.16248716700418092,-1.048369145828943e-05,0.00019345913456801254,0.18467385794947494,0.0002960063003500158,-0.000952810800170386,0.16974503004197256,1.284204315667847e-06,-1.4551147197685289e-06,0.1584369500488441,-1.1222427108940934e-06,-6.543537844243167e-07,0.16822496965676179,-1.2329185035566948e-05,-0.00016922163131249954,0.2,0.0,0.0,0.0,0.0,2.962962962962963,2.962962962962963,4.227561279712688e-06,-5.7463391209822134e-06,2.501119227633579,2.5281037718990707,-0.00471390125196355,0.0001935856203906918
X+,3.8000000000000003,1.4,7.848672506002913,0.0,0.16599682061942483,-1.0000752111312926e-05,0.00019265320342952514,0.1845701347617384,0.00029492285227667163,-0.0009581590939988054,0.16974503004197256,1.284204315667847e-06,-1.4551147197685289e-06,0.1584369500488441,-1.1222427108940934e-06,-6.543537844243167e-07,0.16822496965676179,-1.2329185035566948e-05,-0.00016922163131249954,0.2,0.0,0.0,0.0,0.0,2.962962962962963,2.962962962962963,4.237936560791411e-06,-5.688672808368267e-06,2.525070501205057,2.548964643498907,-0.0030682292836763233,0.00019274003747999123
X+,3.8000000000000003,1.4,7.87610665900138,0.0,0.16858092756136644,-9.641550267658165e-06,0.00019205590915461217,0.18439902343013329,0.0002939465487493394,-0.0009619870426299495,0.16974503004197256,1.284204315667847e-06,-1.4551147197685289e-06,0.1584369500488441,-1.1222427108940934e-06,-6.543537844243167e-07,0.16822496965676179,-1.2329185035566948e-05,-0.00016922163131249954,0.2,0.0,0.0,0.0,0.0,2.962962962962963,2.962962962962963,-4.365282214813249e-06,-5.634263296805386e-06,2.5447239479753705,2.5658439142839526,-0.0007687338865447397,0.00019226953552871156
X+,3.8000000000000003,1.4,7.91080807400067,0.0,0.1718990750871365,-9.17489114111731e-06,0.00019128506088588596,0.18408013823747818,0.000292958969941695,-0.0009664243649939907,0.16974503004197256,1.284204315667847e-06,-1.4551147197685289e-06,0.1584369500488441,-1.1222427108940934e-06,-6.543537844243167e-07,0.16822496965676179,-1.2329185035566948e-05,-0.00016922163131249954,0.2,0.0,0.0,0.0,0.0,2.962962962962963,2.962962962962963,-6.921794657444025e-06,-5.582233280954085e-06,2.560810478070225,2.579415621489738,-0.0023543297716451216,0.00019141480000576085
X+,3.8000000000000003,1.4,7.939090125000803,0.0,0.17521071824576945,-8.702790041001558e-06,0.0001905136533930836,0.18366797287532977,0.0002919469645021187,-0.0009705264650193598,0.16974503004197256,1.284204315667847e-06,-1.4551147197685289e-06,0.1584369500488441,-1.1222427108940934e-06,-6.543537844243167e-07,0.16822496965676179,-1.2329185035566948e-05,-0.00016922163131249954,0.2,0.0,0.0,0.0,0.0,2.962962962962963,2.962962962962963,-4.049669781736043e-06,-5.557140023704221e-06,2.5677145182926315,2.585142671977333,-0.0009687618624734608,0.00019055791703675838
X+,3.8000000000000003,1.4,7.96638116000031,0.0,0.1772306320184625,-8.412680063045117e-06,0.0001900449135278158,0.18337734359689856,0.00029139470926697674,-0.0009728014414414483,0.18615688019265605,1.1814485906233984e-06,-1.412997887877825e-06,0.16411850150815643,-7.887460031145329e-07,4.2116831890704e-07,0.18599210095585048,-1.2128162458315526e-05,-0.00011260316449179794,0.2,0.0,0.0,0.0,0.0,2.962962962962963,2.962962962962963,4.248304861675933e-06,-5.532418168918696e-06,2.5739496393916292,2.590250150239233,-0.00048819926986931454,0.0001901298265503678
X+,3.9000000000000004,1.5,7.994241409000097,0.10000000000000009,0.17869760285338712,-8.200125690045051e-06,0.00018970337332024987,0.18314987877032446,0.0002909135514814662,-0.0009745995456243869,0.18615688019265605,1.1814485906233984e-06,-1.412997887877825e-06,0.16411850150815643,-7.887460031145329e-07,4.2116831890704e-07,0.18599210095585048,-1.2128162458315526e-05,-0.00011260316449179794,0.2,0.0,0.0,0.0,0.0,2.962962962962963,2.962962962962963,-5.649917214967104e-06,-5.508218067440396e-06,2.5795775281357534,2.594795281446716,-0.001528750262644504,0.00018970337332024987
X+,3.9000000000000004,1.5,8.02865366900005,0.0,0.17869760285338712,-8.200125690045051e-06,0.00018970337332024987,0.18314987877032446,0.0002909135514814662,-0.0009745995456243869,0.18615688019265605,1.1814485906233984e-06,-1.412997887877825e-06,0.16411850150815643,-7.887460031145329e-07,4.2116831890704e-07,0.18599210095585048,-1.2128162458315526e-05,-0.00011260316449179794,0.2,0.0,0.0,0.0,0.0,2.962962962962963,2.962962962962963,-5.649917214967104e-06,-5.508218067440396e-06,2.5795775281357534,2.594795281446716,-0.001528750262644504,0.00018970337332024987
X+,3.9000000000000004,1.5,8.061283409002499,0.0,0.17869760285338712,-8.200125690045051e-06,0.00018970337332024987,0.18314987877032446,0.0002909135514814662,-0.0009745995456243869,0.18615688019265605,1.1814485906233984e-06,-1.412997887877825e-06,0.16411850150815643,-7.887460031145329e-07,4.2116831890704e-07,0.18599210095585048,-1.2128162458315526e-05,-0.00011260316449179794,0.2,0.0,0.0,0.0,0.0,2.962962962962963,2.962962962962963,-5.649917214967104e-06,-5.508218067440396e-06,2.5795775281357534,2.594795281446716,-0.001528750262644504,0.00018970337332024987
X+,3.9000000000000004,1.5,8.09196517500095,0.0,0.17869760285338712,-8.200125690045051e-06,0.00018970337332024987,0.18314987877032446,0.0002909135514814662,-0.0009745995456243869,0.18615688019265605,1.1814485906233984e-06,-1.412997887877825e-06,0.16411850150815643,-7.887460031145329e-07,4.2116831890704e-07,0.18599210095585048,-1.2128162458315526e-05,-0.00011260316449179794,0.2,0.0,0.0,0.0,0.0,2.962962962962963,2.962962962962963,-5.649917214967104e-06,-5.508218067440396e-06,2.5795775281357534,2.594795281446716,-0.001528750262644504,0.00018970337332024987
X+,3.9000000000000004,1.5,8.119017177003116,0.0,0.17869760285338712,-8.200125690045051e-06,0.00018970337332024987,0.18314987877032446,0.0002909135514814662,-0.0009745995456243869,0.18615688019265605,1.1814485906233984e-06,-1.412997887877825e-06,0.16411850150815643,-7.887460031145329e-07,4.2116831890704e-07,0.18599210095585048,-1.2128162458315526e-05,-0.00011260316449179794,0.2,0.0,0.0,0.0,0.0,2.962962962962963,2.962962962962963,-5.649917214967104e-06,-5.508218067440396e-06,2.5795775281357534,2.594795281446716,-0.001528750262644504,0.00018970337332024987
X+,3.9000000000000004,1.5,8.145590881002136,0.0,0.17869760285338712,-8.200125690045051e-06,0.00018970337332024987,0.18314987877032446,0.0002909135514814662,-0.0009745995456243869,0.18615688019265605,1.1814485906233984e-06,-1.412997887877825e-06,0.16411850150815643,-7.887460031145329e-07,4.2116831890704e-07,0.18599210095585048,-1.2128162458315526e-05,-0.00011260316449179794,0.2,0.0,0.0,0.0,0.0,2.962962962962963,2.962962962962963,-5.649917214967104e-06,-5.508218067440396e-06,2.5795775281357534,2.594795281446716,-0.001528750262644504,0.00018970337332024987
X+,3.9000000000000004,1.5,8.17245717500191,0.0,0.17869760285338712,-8.200125690045051e-06,0.00018970337332024987,0.18314987877032446,0.0002909135514814662,-0.0009745995456243869,0.18615688019265605,1.1814485906233984e-06,-1.412997887877825e-06,0.16411850150815643,-7.887460031145329e-07,4.2116831890704e-07,0.18599210095585048,-1.2128162458315526e-05,-0.00011260316449179794,0.2,0.0,0.0,0.0,0.0,2.962962962962963,2.962962962962963,-5.649917214967104e-06,-5.508218067440396e-06,2.5795775281357534,2.594795281446716,-0.001528750262644504,0.00018970337332024987
X+,3.9000000000000004,1.5,8.198414095000771,0.0,0.17869760285338712,-8.200125690045051e-06,0.00018970337332024987,0.18314987877032446,0.0002909135514814662,-0.0009745995456243869,0.18615688019265605,1.1814485906233984e-06,-1.412997887877825e-06,0.16411850150815643,-7.887460031145329e-07,4.2116831890704e-07,0.18599210095585048,-1.2128162458315526e-05,-0.00011260316449179794,0.2,0.0,0.0,0.0,0.0,2.962962962962963,2.962962962962963,-5.649917214967104e-06,-5.508218067440396e-06,2.5795775281357534,2.594795281446716,-0.001528750262644504,0.00018970337332024987
X+,3.9000000000000004,1.5,8.227229271000397,0.0,0.17869760285338712,-8.200125690045051e-06,0.00018970337332024987,0.18314987877032446,0.0002909135514814662,-0.0009745995456243869,0.18615688019265605,1.1814485906233984e-06,-1.412997887877825e-06,0.16411850150815643,-7.887460031145329e-07,4.2116831890704e-07,0.18599210095585048,-1.2128162458315526e-05,-0.00011260316449179794,0.2,0.0,0.0,0.0,0.0,2.962962962962963,2.962962962962963,-5.649917214967104e-06,-5.508218067440396e-06,2.5795775281357534,2.594795281446716,-0.001528750262644504,0.00018970337332024987
X+,3.9000000000000004,1.5,8.25289714900282,0.0,0.17869760285338712,-8.200125690045051e-06,0.00018970337332024987,0.18314987877032446,0.0002909135514814662,-0.0009745995456243869,0.18615688019265605,1.1814485906233984e-06,-1.412997887877825e-06,0.16411850150815643,-7.887460031145329e-07,4.2116831890704e-07,0.18599210095585048,-1.2128162458315526e-05,-0.00011260316449179794,0.2,0.0,0.0,0.0,0.0,2.962962962962963,2.962962962962963,-5.649917214967104e-06,-5.508218067440396e-06,2.5795775281357534,2.594795281446716,-0.001528750262644504,0.00018970337332024987
X+,3.9000000000000004,1.5,8.281549077000818,0.0,0.17869760285338712,-8.200125690045051e-06,0.00018970337332024987,0.18314987877032446,0.0002909135514814662,-0.0009745995456243869,0.18615688019265605,1.1814485906233984e-06,-1.412997887877825e-06,0.16411850150815643,-7.887460031145329e-07,4.2116831890704e-07,0.18599210095585048,-1.2128162458315526e-05,-0.00011260316449179794,0.2,0.0,0.0,0.0,0.0,2.962962962962963,2.962962962962963,-5.649917214967104e-06,-5.508218067440396e-06,2.5795775281357534,2.594795281446716,-0.001528750262644504,0.00018970337332024987
X+,3.9000000000000004,1.5,8.311946910002007,0.0,0.17869760285338712,-8.200125690045051e-06,0.00018970337332024987,0.18314987877032446,0.0002909135514814662,-0.0009745995456243869,0.18615688019265605,1.1814485906233984e-06,-1.412997887877825e-06,0.16411850150815643,-7.887460031145329e-07,4.2116831890704e-07,0.18599210095585048,-1.2128162458315526e-05,-0.00011260316449179794,0.2,0.0,0.0,0.0,0.0,2.962962962962963,2.962962962962963,-5.649917214967104e-06,-5.508218067440396e-06,2.5795775281357534,2.594795281446716,-0.001528750262644504,0.00018970337332024987
X+,3.9000000000000004,1.5,8.33640801400179,0.0,0.17869760285338712,-8.200125690045051e-06,0.00018970337332024987,0.18314987877032446,0.0002909135514814662,-0.0009745995456243869,0.18615688019265605,1.1814485906233984e-06,-1.412997887877825e-06,0.16411850150815643,-7.887460031145329e-07,4.2116831890704e-07,0.18599210095585048,-1.2128162458315526e-05,-0.00011260316449179794,0.2,0.0,0.0,0.0,0.0,2.962962962962963,2.962962962962963,-5.649917214967104e-06,-5.508218067440396e-06,2.5795775281357534,2.594795281446716,-0.001528750262644504,0.00018970337332024987
X+,3.9000000000000004,1.5,8.371215244002087,0.0,0.18126029490061277,-7.827246280770264e-06,0.00018910769509778854,0.18272292580598745,0.00028999748588881265,-0.000977454819857411,0.18615688019265605,1.1814485906233984e-06,-1.412997887877825e-06,0.16411850150815643,-7.887460031145329e-07,4.2116831890704e-07,0.18599210095585048,-1.2128162458315526e-05,-0.00011260316449179794,0.2,0.0,0.0,0.0,0.0,2.962962962962963,2.962962962962963,-6.3184246759107054e-06,-5.460417646929727e-06,2.589241150544745,2.6024051098031253,0.0002998724644799525,0.00018927751822944963
X+,3.9000000000000004,1.5,8.405999293001514,0.0,0.1841815342666948,-7.400267214553724e-06,0.00018843388377541025,0.18219589231397387,0.00028914630039090713,-0.0009793768401506625,0.18615688019265605,1.1814485906233984e-06,-1.412997887877825e-06,0.16411850150815643,-7.887460031145329e-07,4.2116831890704e-07,0.18599210095585048,-1.2128162458315526e-05,-0.00011260316449179794,0.2,0.0,0.0,0.0,0.0,2.962962962962963,2.962962962962963,-5.921560008559368e-06,-5.437046228351505e-06,2.5933758679135033,2.6055644218900054,-0.0015557701046261334,0.00018881241370841833
X+,3.9000000000000004,1.5,8.43225004100168,0.0,0.18709413350480641,-6.969799318253846e-06,0.00018776849554990937,0.1816338691906075,0.00028868203076234803,-0.000979701089417202,0.18615688019265605,1.1814485906233984e-06,-1.412997887877825e-06,0.16411850150815643,-7.887460031145329e-07,4.2116831890704e-07,0.18599210095585048,-1.2128162458315526e-05,-0.00011260316449179794,0.2,0.0,0.0,0.0,0.0,2.962962962962963,2.962962962962963,-5.0627609411435515e-06,-5.392379440749551e-06,2.6004701245297364,2.6107940434124295,-0.0020648474003606976,0.0001879745643701975
X+,3.9000000000000004,1.5,8.46288305300186,0.0,0.19054092248571122,-6.457182715734547e-06,0.00018699495432809504,0.1809291675516696,0.00028839108430283916,-0.0009767407603666627,0.18615688019265605,1.1814485906233984e-06,-1.412997887877825e-06,0.16411850150815643,-7.887460031145329e-07,4.2116831890704e-07,0.18599210095585048,-1.2128162458315526e-05,-0.00011260316449179794,0.2,0.0,0.0,0.0,0.0,2.962962962962963,2.962962962962963,-4.3440887536050354e-06,-5.348753854939048e-06,2.6062513981857025,2.614803266994906,0.0004311198480264288,0.00018715623919908508
X+,3.9000000000000004,1.5,8.503462050000962,0.0,0.19451491508704094,-5.855945287005712e-06,0.0001861722590767351,0.18007287707683875,0.0002906525193465142,-0.0009626656360788758,0.2027989758913237,1.0785184572531755e-06,-1.3817296912453504e-06,0.16642095698796472,-7.941488729804995e-07,3.1268196632474227e-07,0.18599210095585048,-1.2128162458315526e-05,-0.00011260316449179794,0.2,0.0,0.0,0.0,0.0,2.962962962962963,2.962962962962963,-4.1716043339690145e-06,-5.308388686842136e-06,2.610925845370741,2.6178360169099144,-0.0016419166226041193,0.0001862680707829536
X+,4.0,1.5999999999999996,8.52976878300251,0.09999999999999964,0.19757271975273857,-5.2243575913313994e-06,0.00018524227959523958,0.17938774447582148,0.00028341051772854493,-0.000935958567140997,0.2027989758913237,1.0785184572531755e-06,-1.3817296912453504e-06,0.16642095698796472,-7.941488729804995e-07,3.1268196632474227e-07,0.18864564559298835,-1.345092801623322e-05,-0.00012695923674084245,0.2,0.0,0.0,0.0,0.0,2.962962962962963,2.962962962962963,-4.102926886240255e-06,-5.253925961845596e-06,2.614718048217212,2.6200966165914443,-0.0013050701833602486,0.00018524227959523958
X+,4.0,1.5999999999999996,8.557681337002577,0.0,0.19757271975273857,-5.2243575913313994e-06,0.00018524227959523958,0.17938774447582148,0.00028341051772854493,-0.000935958567140997,0.2027989758913237,1.0785184572531755e-06,-1.3817296912453504e-06,0.16642095698796472,-7.941488729804995e-07,3.1268196632474227e-07,0.18864564559298835,-1.345092801623322e-05,-0.00012695923674084245,0.2,0.0,0.0,0.0,0.0,2.962962962962963,2.962962962962963,-4.102926886240255e-06,-5.253925961845596e-06,2.614718048217212,2.6200966165914443,-0.0013050701833602486,0.00018524227959523958
X+,4.0,1.5999999999999996,8.583767878000799,0.0,0.19757271975273857,-5.2243575913313994e-06,0.00018524227959523958,0.17938774447582148,0.00028341051772854493,-0.000935958567140997,0.2027989758913237,1.0785184572531755e-06,-1.3817296912453504e-06,0.16642095698796472,-7.941488729804995e-07,3.1268196632474227e-07,0.18864564559298835,-1.345092801623322e-05,-0.00012695923674084245,0.2,0.0,0.0,0.0,0.0,2.962962962962963,2.962962962962963,-4.102926886240255e-06,-5.253925961845596e-06,2.614718048217212,2.6200966165914443,-0.0013050701833602486,0.00018524227959523958
X+,4.0,1.5999999999999996,8.612449667001783,0.0,0.19757271975273857,-5.2243575913313994e-06,0.00018524227959523958,0.17938774447582148,0.00028341051772854493,-0.000935958567140997,0.2027989758913237,1.0785184572531755e-06,-1.3817296912453504e-06,0.16642095698796472,-7.941488729804995e-07,3.1268196632474227e-07,0.18864564559298835,-1.345092801623322e-05,-0.00012695923674084245,0.2,0.0,0.0,0.0,0.0,2.962962962962963,2.962962962962963,-4.102926886240255e-06,-5.253925961845596e-06,2.614718048217212,2.6200966165914443,-0.0013050701833602486,0.00018524227959523958
X+,4.0,1.5999999999999996,8.636862739000208,0.0,0.19757271975273857,-5.2243575913313994e-06,0.00018524227959523958,0.17938774447582148,0.00028341051772854493,-0.000935958567140997,0.2027989758913237,1.0785184572531755e-06,-1.3817296912453504e-06,0.16642095698796472,-7.941488729804995e-07,3.1268196632474227e-07,0.18864564559298835,-1.345092801623322e-05,-0.00012695923674084245,0.2,0.0,0.0,0.0,0.0,2.962962962962963,2.962962962962963,-4.102926886240255e-06,-5.253925961845596e-06,2.614718048217212,2.6200966165914443,-0.0013050701833602486,0.00018524227959523958
X+,4.0,1.5999999999999996,8.662770156002807,0.0,0.19757271975273857,-5.2243575913313994e-06,0.00018524227959523958,0.17938774447582148,0.00028341051772854493,-0.000935958567140997,0.2027989758913237,1.0785184572531755e-06,-1.3817296912453504e-06,0.16642095698796472,-7.941488729804995e-07,3.1268196632474227e-07,0.18864564559298835,-1.345092801623322e-05,-0.00012695923674084245,0.2,0.0,0.0,0.0,0.0,2.962962962962963,2.962962962962963,-4.102926886240255e-06,-5.253925961845596e-06,2.614718048217212,2.6200966165914443,-0.0013050701833602486,0.00018524227959523958
X+,4.0,1.5999999999999996,8.68939147600031,0.0,0.19757271975273857,-5.2243575913313994e-06,0.00018524227959523958,0.17938774447582148,0.00028341051772854493,-0.000935958567140997,0.2027989758913237,1.0785184572531755e-06,-1.3817296912453504e-06,0.16642095698796472,-7.941488729804995e-07,3.1268196632474227e-07,0.18864564559298835,-1.345092801623322e-05,-0.00012695923674084245,0.2,0.0,0.0,0.0,0.0,2.962962962962963,2.962962962962963,-4.102926886240255e-06,-5.253925961845596e-06,2.614718048217212,2.6200966165914443,-0.0013050701833602486,0.00018524227959523958
X+,4.0,1.5999999999999996,8.71556482500091,0.0,0.19757271975273857,-5.2243575913313994e-06,0.00018524227959523958,0.17938774447582148,0.00028341051772854493,-0.000935958567140997,0.2027989758913237,1.0785184572531755e-06,-1.3817296912453504e-06,0.16642095698796472,-7.941488729804995e-07,3.1268196632474227e-07,0.18864564559298835,-1.345092801623322e-05,-0.00012695923674084245,0.2,0.0,0.0,0.0,0.0,2.962962962962963,2.962962962962963,-4.102926886240255e-06,-5.253925961845596e-06,2.614718048217212,2.6200966165914443,-0.0013050701833602486,0.00018524227959523958
X+,4.0,1.5999999999999996,8.742756835999899,0.0,0.19757271975273857,-5.2243575913313994e-06,0.00018524227959523958,0.17938774447582148,0.00028341051772854493,-0.000935958567140997,0.2027989758913237,1.0785184572531755e-06,-1.3817296912453504e-06,0.16642095698796472,-7.941488729804995e-07,3.1268196632474227e-07,0.18864564559298835,-1.345092801623322e-05,-0.00012695923674084245,0.2,0.0,0.0,0.0,0.0,2.962962962962963,2.962962962962963,-4.102926886240255e-06,-5.253925961845596e-06,2.614718048217212,2.6200966165914443,-0.0013050701833602486,0.00018524227959523958
X+,4.0,1.5999999999999996,8.77129121800317,0.0,0.19757271975273857,-5.2243575913313994e-06,0.00018524227959523958,0.17938774447582148,0.00028341051772854493,-0.000935958567140997,0.2027989758913237,1.0785184572531755e-06,-1.3817296912453504e-06,0.16642095698796472,-7.941488729804995e-07,3.1268196632474227e-07,0.18864564559298835,-1.345092801623322e-05,-0.00012695923674084245,0.2,0.0,0.0,0.0,0.0,2.962962962962963,2.962962962962963,-4.102926886240255e-06,-5.253925961845596e-06,2.614718048217212,2.6200966165914443,-0.0013050701833602486,0.00018524227959523958
X+,4.0,1.5999999999999996,8.797190307002893,0.0,0.19757271975273857,-5.2243575913313994e-06,0.00018524227959523958,0.17938774447582148,0.00028341051772854493,-0.000935958567140997,0.2027989758913237,1.0785184572531755e-06,-1.3817296912453504e-06,0.16642095698796472,-7.941488729804995e-07,3.1268196632474227e-07,0.18864564559298835,-1.345092801623322e-05,-0.00012695923674084245,0.2,0.0,0.0,0.0,0.0,2.962962962962963,2.962962962962963,-4.102926886240255e-06,-5.253925961845596e-06,2.614718048217212,2.6200966165914443,-0.0013050701833602486,0.00018524227959523958
X+,4.0,1.5999999999999996,8.824504909000098,0.0,0.19757271975273857,-5.2243575913313994e-06,0.00018524227959523958,0.17938774447582148,0.00028341051772854493,-0.000935958567140997,0.2027989758913237,1.0785184572531755e-06,-1.3817296912453504e-06,0.16642095698796472,-7.941488729804995e-07,3.1268196632474227e-07,0.18864564559298835,-1.345092801623322e-05,-0.00012695923674084245,0.2,0.0,0.0,0.0,0.0,2.962962962962963,2.962962962962963,-4.102926886240255e-06,-5.253925961845596e-06,2.614718048217212,2.6200966165914443,-0.0013050701833602486,0.00018524227959523958
X+,4.0,1.5999999999999996,8.853483513001265,0.0,0.19757271975273857,-5.2243575913313994e-06,0.00018524227959523958,0.17938774447582148,0.00028341051772854493,-0.000935958567140997,0.2027989758913237,1.0785184572531755e-06,-1.3817296912453504e-06,0.16642095698796472,-7.941488729804995e-07,3.1268196632474227e-07,0.18864564559298835,-1.345092801623322e-05,-0.00012695923674084245,0.2,0.0,0.0,0.0,0.0,2.962962962962963,2.962962962962963,-4.102926886240255e-06,-5.253925961845596e-06,2.614718048217212,2.6200966165914443,-0.0013050701833602486,0.00018524227959523958
X+,4.0,1.5999999999999996,8.878787953002757,0.0,0.19990316622331414,-4.5883410104384514e-06,0.0001838524221077937,0.17885260626069666,0.0002002717473972892,-0.000658102219366618,0.2027989758913237,1.0785184572531755e-06,-1.3817296912453504e-06,0.16642095698796472,-7.941488729804995e-07,3.1268196632474227e-07,0.18864564559298835,-1.345092801623322e-05,-0.00012695923674084245,0.2,0.0,0.0,0.0,0.0,2.962962962962963,2.962962962962963,-4.0836801034060954e-06,-5.0044495800705135e-06,2.6162543787386188,2.6210269883677375,-0.00023858236881595406,0.00018378883168046863
X+,4.0,1.5999999999999996,8.908807428000728,0.0,0.20383104810249505,-4.296802996327405e-06,0.00018415062534470183,0.17792879610673246,0.0002726798971705289,-0.0007334760511476916,0.2027989758913237,1.0785184572531755e-06,-1.3817296912453504e-06,0.16642095698796472,-7.941488729804995e-07,3.1268196632474227e-07,0.18864564559298835,-1.345092801623322e-05,-0.00012695923674084245,0.2,0.0,0.0,0.0,0.0,2.962962962962963,2.962962962962963,-3.978666222259619e-06,-5.144164992643141e-06,2.619159579845422,2.6224561723952227,-2.7848129206302905e-05,0.00018405599062919732
X+,4.0,1.5999999999999996,8.932826305001072,0.0,0.20702960672385706,-3.737322262795627e-06,0.00018477419633418786,0.17715821050608285,0.00029418044339151557,-0.0008180621774407973,0.2027989758913237,1.0785184572531755e-06,-1.3817296912453504e-06,0.16642095698796472,-7.941488729804995e-07,3.1268196632474227e-07,0.18864564559298835,-1.345092801623322e-05,-0.00012695923674084245,0.2,0.0,0.0,0.0,0.0,2.962962962962963,2.962962962962963,-3.9999422334346946e-06,-5.188729057081787e-06,2.6216560883875744,2.623531706926801,0.0036339512376053953,0.00018470536065168605
X+,4.0,1.5999999999999996,8.968842354002845,0.0,0.21092010791300075,-2.997136104266121e-06,0.0001850959317179035,0.17620100297472432,0.00029965972951708744,-0.0008696950688689499,0.2027989758913237,1.0785184572531755e-06,-1.3817296912453504e-06,0.16642095698796472,-7.941488729804995e-07,3.1268196632474227e-07,0.18864564559298835,-1.345092801623322e-05,-0.00012695923674084245,0.2,0.0,0.0,0.0,0.0,2.962962962962963,2.962962962962963,-4.0329684045659064e-06,-5.215279514914073e-06,2.6238236234434518,2.6243074205052612,9.59267466721966e-06,0.00018508735933183378
X+,4.0,1.5999999999999996,8.994457268003316,0.0,0.21373634555634136,-2.472820000904742e-06,0.0001851562552028409,0.17549583927460563,0.0002978214710929573,-0.0008669763571352214,0.21951427326599596,9.78127916579151e-07,-1.3487727512745908e-06,0.16715297374795024,-7.729451799335586e-07,3.295693997075986e-07,0.20393569188219476,-1.5938695737131984e-05,-0.0001239215584303111,0.2,0.0,0.0,0.0,0.0,2.962962962962963,2.962962962962963,-4.040118652071101e-06,-5.207086059222377e-06,2.625769050325323,2.624928094140186,0.001354518004982221,0.0001851562552028409
X+,4.1000000000000005,1.7000000000000002,9.023493098000472,0.10000000000000053,0.21461411582015213,-2.3112505891645027e-06,0.00018517949258248044,0.17527402541888287,0.00029796415818539513,-0.0008669669106647875,0.21951427326599596,9.78127916579151e-07,-1.3487727512745908e-06,0.16715297374795024,-7.729451799335586e-07,3.295693997075986e-07,0.20393569188219476,-1.5938695737131984e-05,-0.0001239215584303111,0.2,0.0,0.0,0.0,0.0,2.962962962962963,2.962962962962963,-4.040118652071101e-06,-5.207086059222377e-06,2.625769050325323,2.624928094140186,0.001354518004982221,0.0001851562552028409
X+,4.1000000000000005,1.7000000000000002,9.051224509999884,0.0,0.21461411582015213,-2.3112505891645027e-06,0.00018517949258248044,0.17527402541888287,0.00029796415818539513,-0.0008669669106647875,0.21951427326599596,9.78127916579151e-07,-1.3487727512745908e-06,0.16715297374795024,-7.729451799335586e-07,3.295693997075986e-07,0.20393569188219476,-1.5938695737131984e-05,-0.0001239215584303111,0.2,0.0,0.0,0.0,0.0,2.962962962962963,2.962962962962963,-4.040118652071101e-06,-5.207086059222377e-06,2.625769050325323,2.624928094140186,0.001354518004982221,0.0001851562552028409
X+,4.1000000000000005,1.7000000000000002,9.080185427003016,0.0,0.21461411582015213,-2.3112505891645027e-06,0.00018517949258248044,0.17527402541888287,0.00029796415818539513,-0.0008669669106647875,0.21951427326599596,9.78127916579151e-07,-1.3487727512745908e-06,0.16715297374795024,-7.729451799335586e-07,3.295693997075986e-07,0.20393569188219476,-1.5938695737131984e-05,-0.0001239215584303111,0.2,0.0,0.0,0.0,0.0,2.962962962962963,2.962962962962963,-4.040118652071101e-06,-5.207086059222377e-06,2.625769050325323,2.624928094140186,0.001354518004982221,0.0001851562552028409
X+,4.1000000000000005,1.7000000000000002,9.107674640999903,0.0,0.21461411582015213,-2.3112505891645027e-06,0.00018517949258248044,0.17527402541888287,0.00029796415818539513,-0.0008669669106647875,0.21951427326599596,9.78127916579151e-07,-1.3487727512745908e-06,0.16715297374795024,-7.729451799335586e-07,3.295693997075986e-07,0.20393569188219476,-1.5938695737131984e-05,-0.0001239215584303111,0.2,0.0,0.0,0.0,0.0,2.962962962962963,2.962962962962963,-4.040118652071101e-06,-5.207086059222377e-06,2.625769050325323,2.624928094140186,0.001354518004982221,0.0001851562552028409
X+,4.1000000000000005,1.7000000000000002,9.133058932002314,0.0,0.21461411582015213,-2.3112505891645027e-06,0.00018517949258248044,0.17527402541888287,0.00029796415818539513,-0.0008669669106647875,0.21951427326599596,9.78127916579151e-07,-1.3487727512745908e-06,0.16715297374795024,-7.729451799335586e-07,3.295693997075986e-07,0.20393569188219476,-1.5938695737131984e-05,-0.0001239215584303111,0.2,0.0,0.0,0.0,0.0,2.962962962962963,2.962962962962963,-4.040118652071101e-06,-5.207086059222377e-06,2.625769050325323,2.624928094140186,0.001354518004982221,0.0001851562552028409
X+,4.1000000000000005,1.7000000000000002,9.172391710002557,0.0,0.21461411582015213,-2.3112505891645027e-06,0.00018517949258248044,0.17527402541888287,0.00029796415818539513,-0.0008669669106647875,0.21951427326599596,9.78127916579151e-07,-1.3487727512745908e-06,0.16715297374795024,-7.729451799335586e-07,3.295693997075986e-07,0.20393569188219476,-1.5938695737131984e-05,-0.0001239215584303111,0.2,0.0,0.0,0.0,0.0,2.962962962962963,2.962962962962963,-4.040118652071101e-06,-5.207086059222377e-06,2.625769050325323,2.624928094140186,0.001354518004982221,0.0001851562552028409
X+,4.1000000000000005,1.7000000000000002,9.205123629002628,0.0,0.21461411582015213,-2.3112505891645027e-06,0.00018517949258248044,0.17527402541888287,0.00029796415818539513,-0.0008669669106647875,0.21951427326599596,9.78127916579151e-07,-1.3487727512745908e-06,0.16715297374795024,-7.729451799335586e-07,3.295693997075986e-07,0.20393569188219476,-1.5938695737131984e-05,-0.0001239215584303111,0.2,0.0,0.0,0.0,0.0,2.962962962962963,2.962962962962963,-4.040118652071101e-06,-5.207086059222377e-06,2.625769050325323,2.624928094140186,0.001354518004982221,0.0001851562552028409
X+,4.1000000000000005,1.7000000000000002,9.240615924001759,0.0,0.21461411582015213,-2.3112505891645027e-06,0.00018517949258248044,0.17527402541888287,0.00029796415818539513,-0.0008669669106647875,0.21951427326599596,9.78127916579151e-07,-1.3487727512745908e-06,0.16715297374795024,-7.729451799335586e-07,3.295693997075986e-07,0.20393569188219476,-1.5938695737131984e-05,-0.0001239215584303111,0.2,0.0,0.0,0.0,0.0,2.962962962962963,2.962962962962963,-4.040118652071101e-06,-5.207086059222377e-06,2.625769050325323,2.624928094140186,0.001354518004982221,0.0001851562552028409
X+,4.1000000000000005,1.7000000000000002,9.267387894000422,0.0,0.21461411582015213,-2.3112505891645027e-06,0.00018517949258248044,0.17527402541888287,0.00029796415818539513,-0.0008669669106647875,0.21951427326599596,9.78127916579151e-07,-1.3487727512745908e-06,0.16715297374795024,-7.729451799335586e-07,3.295693997075986e-07,0.20393569188219476,-1.5938695737131984e-05,-0.0001239215584303111,0.2,0.0,0.0,0.0,0.0,2.962962962962963,2.962962962962963,-4.040118652071101e-06,-5.207086059222377e-06,2.625769050325323,2.624928094140186,0.001354518004982221,0.0001851562552028409
X+,4.1000000000000005,1.7000000000000002,9.295484520000173,0.0,0.21461411582015213,-2.3112505891645027e-06,0.00018517949258248044,0.17527402541888287,0.00029796415818539513,-0.0008669669106647875,0.21951427326599596,9.78127916579151e-07,-1.3487727512745908e-06,0.16715297374795024,-7.729451799335586e-07,3.295693997075986e-07,0.20393569188219476,-1.5938695737131984e-05,-0.0001239215584303111,0.2,0.0,0.0,0.0,0.0,2.962962962962963,2.962962962962963,-4.040118652071101e-06,-5.207086059222377e-06,2.625769050325323,2.624928094140186,0.001354518004982221,0.0001851562552028409
X+,4.1000000000000005,1.7000000000000002,9.32393929400132,0.0,0.21461411582015213,-2.3112505891645027e-06,0.00018517949258248044,0.17527402541888287,0.00029796415818539513,-0.0008669669106647875,0.21951427326599596,9.78127916579151e-07,-1.3487727512745908e-06,0.16715297374795024,-7.729451799335586e-07,3.295693997075986e-07,0.20393569188219476,-1.5938695737131984e-05,-0.0001239215584303111,0.2,0.0,0.0,0.0,0.0,2.962962962962963,2.962962962962963,-4.040118652071101e-06,-5.207086059222377e-06,2.625769050325323,2.624928094140186,0.001354518004982221,0.0001851562552028409
X+,4.1000000000000005,1.7000000000000002,9.35006370800329,0.0,0.21461411582015213,-2.3112505891645027e-06,0.00018517949258248044,0.17527402541888287,0.00029796415818539513,-0.0008669669106647875,0.21951427326599596,9.78127916579151e-07,-1.3487727512745908e-06,0.16715297374795024,-7.729451799335586e-07,3.295693997075986e-07,0.20393569188219476,-1.5938695737131984e-05,-0.0001239215584303111,0.2,0.0,0.0,0.0,0.0,2.962962962962963,2.962962962962963,-4.040118652071101e-06,-5.207086059222377e-06,2.625769050325323,2.624928094140186,0.001354518004982221,0.0001851562552028409
X+,4.1000000000000005,1.7000000000000002,9.379675705000409,0.0,0.21461411582015213,-2.3112505891645027e-06,0.00018517949258248044,0.17527402541888287,0.00029796415818539513,-0.0008669669106647875,0.21951427326599596,9.78127916579151e-07,-1.3487727512745908e-06,0.16715297374795024,-7.729451799335586e-07,3.295693997075986e-07,0.20393569188219476,-1.5938695737131984e-05,-0.0001239215584303111,0.2,0.0,0.0,0.0,0.0,2.962962962962963,2.962962962962963,-4.040118652071101e-06,-5.207086059222377e-06,2.625769050325323,2.624928094140186,0.001354518004982221,0.0001851562552028409
X+,4.1000000000000005,1.7000000000000002,9.41023509900333,0.0,0.21461411582015213,-2.3112505891645027e-06,0.00018517949258248044,0.17527402541888287,0.00029796415818539513,-0.0008669669106647875,0.21951427326599596,9.78127916579151e-07,-1.3487727512745908e-06,0.16715297374795024,-7.729451799335586e-07,3.295693997075986e-07,0.20393569188219476,-1.5938695737131984e-05,-0.0001239215584303111,0.2,0.0,0.0,0.0,0.0,2.962962962962963,2.962962962962963,-4.040118652071101e-06,-5.207086059222377e-06,2.625769050325323,2.624928094140186,0.001354518004982221,0.0001851562552028409
X+,4.1000000000000005,1.7000000000000002,9.439838733000215,0.0,0.215140248682718,-2.2147920749485475e-06,0.00018519314682087057,0.17514061913347032,0.0002978774936125472,-0.000866894358275992,0.21951427326599596,9.78127916579151e-07,-1.3487727512745908e-06,0.16715297374795024,-7.729451799335586e-07,3.295693997075986e-07,0.20393569188219476,-1.5938695737131984e-05,-0.0001239215584303111,0.2,0.0,0.0,0.0,0.0,2.962962962962963,2.962962962962963,-4.042144245097745e-06,-5.2061696313998596e-06,2.626701476115306,2.625197373078075,0.001354518004982221,0.0001851562552028409
X+,4.1000000000000005,1.7000000000000002,9.474823549000575,0.0,0.21916066268994086,-1.4727163049708253e-06,0.00018530029905064563,0.1741099145744193,0.0002978653613065368,-0.0008658568333374131,0.21951427326599596,9.78127916579151e-07,-1.3487727512745908e-06,0.16715297374795024,-7.729451799335586e-07,3.295693997075986e-07,0.20393569188219476,-1.5938695737131984e-05,-0.0001239215584303111,0.2,0.0,0.0,0.0,0.0,2.962962962962963,2.962962962962963,-3.7696967103428847e-06,-5.203787071472732e-06,2.6285643354547537,2.625709454587717,0.00016214166933049173,0.00018530029905064563
X+,4.1000000000000005,1.7000000000000002,9.511129327001981,0.0,0.22281077683833214,-8.066075176324516e-07,0.00018537725782897385,0.17315659179561313,0.0002967883106270259,-0.0008648274754521356,0.21951427326599596,9.78127916579151e-07,-1.3487727512745908e-06,0.16715297374795024,-7.729451799335586e-07,3.295693997075986e-07,0.20393569188219476,-1.5938695737131984e-05,-0.0001239215584303111,0.2,0.0,0.0,0.0,0.0,2.962962962962963,2.962962962962963,-3.4838131712788822e-06,-5.201209268612672e-06,2.6305562298971332,2.62625063521194,0.001534236696952653,0.00018537725782897385
X+,4.1000000000000005,1.7000000000000002,9.541116019001493,0.0,0.22506035717410597,-4.0400708907137317e-07,0.00018541050311913801,0.17256024962609662,0.00029605219555391913,-0.0008645812478225623,0.21951427326599596,9.78127916579151e-07,-1.3487727512745908e-06,0.16715297374795024,-7.729451799335586e-07,3.295693997075986e-07,0.20393569188219476,-1.5938695737131984e-05,-0.0001239215584303111,0.2,0.0,0.0,0.0,0.0,2.962962962962963,2.962962962962963,-3.4368545742680112e-06,-5.200364649127209e-06,2.631593899025239,2.6265541388151856,0.001097191906003565,0.00018540173220707836
X+,4.1000000000000005,1.7000000000000002,9.575470671003131,0.0,0.2276464118582657,4.6293923154985817e-08,0.00018542729419522265,0.1718657622161606,0.0002949540572786929,-0.0008641700929104385,0.21951427326599596,9.78127916579151e-07,-1.3487727512745908e-06,0.16715297374795024,-7.729451799335586e-07,3.295693997075986e-07,0.20393569188219476,-1.5938695737131984e-05,-0.0001239215584303111,0.2,0.0,0.0,0.0,0.0,2.962962962962963,2.962962962962963,-3.862516337882482e-06,-5.200200896560148e-06,2.633787083979225,2.627267353198846,-0.0015049207604026474,0.0001854268759610199
X+,4.1000000000000005,1.7000000000000002,9.605955160001031,0.0,0.22970777038181123,3.957315501297576e-07,0.0001854213339469948,0.17130477595353563,0.00029408611973358876,-0.0008639351900086704,0.23627581847566637,9.576879823495573e-07,-1.0514073297896882e-06,0.1676154520968272,2.167581218478624e-08,2.973654214849026e-06,0.23726132625568733,-1.6665630571946354e-05,1.3733873819532537e-05,0.2,0.0,0.0,0.0,0.0,2.962962962962963,2.962962962962963,5.444825847078505e-06,-5.200886358025514e-06,2.634958695398729,2.6276928618760937,-0.00039807610626946743,0.00018541969444115633
X+,4.2,1.7999999999999998,9.63882887300133,0.09999999999999964,0.23244578653986447,8.458747175477122e-07,0.00018538713822799748,0.17054849666480032,0.00029279486530562655,-0.0008636464776491256,0.23627581847566637,9.576879823495573e-07,-1.0514073297896882e-06,0.1676154520968272,2.167581218478624e-08,2.973654214849026e-06,0.23726132625568733,-1.6665630571946354e-05,1.3733873819532537e-05,0.2,0.0,0.0,0.0,0.0,2.962962962962963,2.962962962962963,-3.4539110922438e-06,-5.2022981691379755e-06,2.6374969241390325,2.6287206817995155,0.001299168468534504,0.0001853986378566792
X+,4.2,1.7999999999999998,9.665200041003118,0.0,0.23244578653986447,8.458747175477122e-07,0.00018538713822799748,0.17054849666480032,0.00029279486530562655,-0.0008636464776491256,0.23627581847566637,9.576879823495573e-07,-1.0514073297896882e-06,0.1676154520968272,2.167581218478624e-08,2.973654214849026e-06,0.23726132625568733,-1.6665630571946354e-05,1.3733873819532537e-05,0.2,0.0,0.0,0.0,0.0,2.962962962962963,2.962962962962963,-3.4539110922438e-06,-5.2022981691379755e-06,2.6374969241390325,2.6287206817995155,0.001299168468534504,0.0001853986378566792
X+,4.2,1.7999999999999998,9.693572756001231,0.0,0.23244578653986447,8.458747175477122e-07,0.00018538713822799748,0.17054849666480032,0.00029279486530562655,-0.0008636464776491256,0.23627581847566637,9.576879823495573e-07,-1.0514073297896882e-06,0.1676154520968272,2.167581218478624e-08,2.973654214849026e-06,0.23726132625568733,-1.6665630571946354e-05,1.3733873819532537e-05,0.2,0.0,0.0,0.0,0.0,2.962962962962963,2.962962962962963,-3.4539110922438e-06,-5.2022981691379755e-06,2.6374969241390325,2.6287206817995155,0.001299168468534504,0.0001853986378566792
X+,4.2,1.7999999999999998,9.72434357900056,0.0,0.23244578653986447,8.458747175477122e-07,0.00018538713822799748,0.17054849666480032,0.00029279486530562655,-0.0008636464776491256,0.23627581847566637,9.576879823495573e-07,-1.0514073297896882e-06,0.1676154520968272,2.167581218478624e-08,2.973654214849026e-06,0.23726132625568733,-1.6665630571946354e-05,1.3733873819532537e-05,0.2,0.0,0.0,0.0,0.0,2.962962962962963,2.962962962962963,-3.4539110922438e-06,-5.2022981691379755e-06,2.6374969241390325,2.6287206817995155,0.001299168468534504,0.0001853986378566792
X+,4.2,1.7999999999999998,9.761176748001162,0.0,0.23244578653986447,8.458747175477122e-07,0.00018538713822799748,0.17054849666480032,0.00029279486530562655,-0.0008636464776491256,0.23627581847566637,9.576879823495573e-07,-1.0514073297896882e-06,0.1676154520968272,2.167581218478624e-08,2.973654214849026e-06,0.23726132625568733,-1.6665630571946354e-05,1.3733873819532537e-05,0.2,0.0,0.0,0.0,0.0,2.962962962962963,2.962962962962963,-3.4539110922438e-06,-5.2022981691379755e-06,2.6374969241390325,2.6287206817995155,0.001299168468534504,0.0001853986378566792
X+,4.2,1.7999999999999998,9.789150783002697,0.0,0.23244578653986447,8.458747175477122e-07,0.00018538713822799748,0.17054849666480032,0.00029279486530562655,-0.0008636464776491256,0.23627581847566637,9.576879823495573e-07,-1.0514073297896882e-06,0.1676154520968272,2.167581218478624e-08,2.973654214849026e-06,0.23726132625568733,-1.6665630571946354e-05,1.3733873819532537e-05,0.2,0.0,0.0,0.0,0.0,2.962962962962963,2.962962962962963,-3.4539110922438e-06,-5.2022981691379755e-06,2.6374969241390325,2.6287206817995155,0.001299168468534504,0.0001853986378566792
X+,4.2,1.7999999999999998,9.818886213000951,0.0,0.23244578653986447,8.458747175477122e-07,0.00018538713822799748,0.17054849666480032,0.00029279486530562655,-0.0008636464776491256,0.23627581847566637,9.576879823495573e-07,-1.0514073297896882e-06,0.1676154520968272,2.167581218478624e-08,2.973654214849026e-06,0.23726132625568733,-1.6665630571946354e-05,1.3733873819532537e-05,0.2,0.0,0.0,0.0,0.0,2.962962962962963,2.962962962962963,-3.4539110922438e-06,-5.2022981691379755e-06,2.6374969241390325,2.6287206817995155,0.001299168468534504,0.0001853986378566792
X+,4.2,1.7999999999999998,9.84941203100243,0.0,0.23244578653986447,8.458747175477122e-07,0.00018538713822799748,0.17054849666480032,0.00029279486530562655,-0.0008636464776491256,0.23627581847566637,9.576879823495573e-07,-1.0514073297896882e-06,0.1676154520968272,2.167581218478624e-08,2.973654214849026e-06,0.23726132625568733,-1.6665630571946354e-05,1.3733873819532537e-05,0.2,0.0,0.0,0.0,0.0,2.962962962962963,2.962962962962963,-3.4539110922438e-06,-5.2022981691379755e-06,2.6374969241390325,2.6287206817995155,0.001299168468534504,0.0001853986378566792
X+,4.2,1.7999999999999998,9.873819080003159,0.0,0.23244578653986447,8.458747175477122e-07,0.00018538713822799748,0.17054849666480032,0.00029279486530562655,-0.0008636464776491256,0.23627581847566637,9.576879823495573e-07,-1.0514073297896882e-06,0.1676154520968272,2.167581218478624e-08,2.973654214849026e-06,0.23726132625568733,-1.6665630571946354e-05,1.3733873819532537e-05,0.2,0.0,0.0,0.0,0.0,2.962962962962963,2.962962962962963,-3.4539110922438e-06,-5.2022981691379755e-06,2.6374969241390325,2.6287206817995155,0.001299168468534504,0.0001853986378566792
X+,4.2,1.7999999999999998,9.90168470700155,0.0,0.23244578653986447,8.458747175477122e-07,0.00018538713822799748,0.17054849666480032,0.00029279486530562655,-0.0008636464776491256,0.23627581847566637,9.576879823495573e-07,-1.0514073297896882e-06,0.1676154520968272,2.167581218478624e-08,2.973654214849026e-06,0.23726132625568733,-1.6665630571946354e-05,1.3733873819532537e-05,0.2,0.0,0.0,0.0,0.0,2.962962962962963,2.962962962962963,-3.4539110922438e-06,-5.2022981691379755e-06,2.6374969241390325,2.6287206817995155,0.001299168468534504,0.0001853986378566792
X+,4.2,1.7999999999999998,9.929082505001134,0.0,0.23244578653986447,8.458747175477122e-07,0.00018538713822799748,0.17054849666480032,0.00029279486530562655,-0.0008636464776491256,0.23627581847566637,9.576879823495573e-07,-1.0514073297896882e-06,0.1676154520968272,2.167581218478624e-08,2.973654214849026e-06,0.23726132625568733,-1.6665630571946354e-05,1.3733873819532537e-05,0.2,0.0,0.0,0.0,0.0,2.962962962962963,2.962962962962963,-3.4539110922438e-06,-5.2022981691379755e-06,2.6374969241390325,2.6287206817995155,0.001299168468534504,0.0001853986378566792
X+,4.2,1.7999999999999998,9.956712055001844,0.0,0.23244578653986447,8.458747175477122e-07,0.00018538713822799748,0.17054849666480032,0.00029279486530562655,-0.0008636464776491256,0.23627581847566637,9.576879823495573e-07,-1.0514073297896882e-06,0.1676154520968272,2.167581218478624e-08,2.973654214849026e-06,0.23726132625568733,-1.6665630571946354e-05,1.3733873819532537e-05,0.2,0.0,0.0,0.0,0.0,2.962962962962963,2.962962962962963,-3.4539110922438e-06,-5.2022981691379755e-06,2.6374969241390325,2.6287206817995155,0.001299168468534504,0.0001853986378566792
X+,4.2,1.7999999999999998,9.980929573001049,0.0,0.23244578653986447,8.458747175477122e-07,0.00018538713822799748,0.17054849666480032,0.00029279486530562655,-0.0008636464776491256,0.23627581847566637,9.576879823495573e-07,-1.0514073297896882e-06,0.1676154520968272,2.167581218478624e-08,2.973654214849026e-06,0.23726132625568733,-1.6665630571946354e-05,1.3733873819532537e-05,0.2,0.0,0.0,0.0,0.0,2.962962962962963,2.962962962962963,-3.4539110922438e-06,-5.2022981691379755e-06,2.6374969241390325,2.6287206817995155,0.001299168468534504,0.0001853986378566792
X+,4.2,1.7999999999999998,10.006733079000696,0.0,0.23244578653986447,8.458747175477122e-07,0.00018538713822799748,0.17054849666480032,0.00029279486530562655,-0.0008636464776491256,0.23627581847566637,9.576879823495573e-07,-1.0514073297896882e-06,0.1676154520968272,2.167581218478624e-08,2.973654214849026e-06,0.23726132625568733,-1.6665630571946354e-05,1.3733873819532537e-05,0.2,0.0,0.0,0.0,0.0,2.962962962962963,2.962962962962963,-3.4539110922438e-06,-5.2022981691379755e-06,2.6374969241390325,2.6287206817995155,0.001299168468534504,0.0001853986378566792
X+,4.2,1.7999999999999998,10.048343670001486,0.0,0.23466151915614653,1.1964094109896684e-06,0.00018533033225361743,0.16992574357548726,0.0002916810876255735,-0.0008632719135703425,0.23627581847566637,9.576879823495573e-07,-1.0514073297896882e-06,0.1676154520968272,2.167581218478624e-08,2.973654214849026e-06,0.23726132625568733,-1.6665630571946354e-05,1.3733873819532537e-05,0.2,0.0,0.0,0.0,0.0,2.962962962962963,2.962962962962963,3.793982388700101e-06,-5.093229535013677e-06,2.6388759991479533,2.6294082943484516,-0.0009740222207499698,0.00018536438003107403
X+,4.2,1.7999999999999998,10.073500702001184,0.0,0.23703862937689057,1.5551610981186584e-06,0.00018524131983440893,0.16924486945673514,0.00029023788214483173,-0.000862483306076705,0.23627581847566637,9.576879823495573e-07,-1.0514073297896882e-06,0.1676154520968272,2.167581218478624e-08,2.973654214849026e-06,0.23726132625568733,-1.6665630571946354e-05,1.3733873819532537e-05,0.2,0.0,0.0,0.0,0.0,2.962962962962963,2.962962962962963,3.4663040002769208e-06,-4.996396733680797e-06,2.6403305541973725,2.630148933123829,-0.0031791187714391026,0.00018525503373147503
X+,4.2,1.7999999999999998,10.105371285000729,0.0,0.2397436306648105,1.939863031596989e-06,0.0001851017396287185,0.16845340554182722,0.0002882258398705466,-0.0008615487237310417,0.23627581847566637,9.576879823495573e-07,-1.0514073297896882e-06,0.1676154520968272,2.167581218478624e-08,2.973654214849026e-06,0.23726132625568733,-1.6665630571946354e-05,1.3733873819532537e-05,0.2,0.0,0.0,0.0,0.0,2.962962962962963,2.962962962962963,3.4836531215276523e-06,-4.812679866184055e-06,2.6435175787815193,2.6318096446343313,0.002764921008390465,0.00018517689108717045
X+,4.2,1.7999999999999998,10.12986685299984,0.0,0.24327462961811905,2.3980606642833024e-06,0.00018485682630217944,0.16739072350047854,0.00028558154646900815,-0.0008590429339889246,0.23627581847566637,9.576879823495573e-07,-1.0514073297896882e-06,0.1676154520968272,2.167581218478624e-08,2.973654214849026e-06,0.23726132625568733,-1.6665630571946354e-05,1.3733873819532537e-05,0.2,0.0,0.0,0.0,0.0,2.962962962962963,2.962962962962963,3.883471680232731e-06,-4.662210027817082e-06,2.647161591242816,2.6338479408742375,0.00048760877952555017,0.0001849690262799312
X+,4.2,1.7999999999999998,10.166333775003295,0.0,0.2459498564925907,2.7115728068963924e-06,0.00018463380189847847,0.16656013940247202,0.0002834314142632832,-0.0008565718389900649,0.2531060791090532,9.365964592973824e-07,-8.052673259255374e-07,0.168302606333997,-3.396063659952764e-08,2.461400038641508e-06,0.23726132625568733,-1.6665630571946354e-05,1.3733873819532537e-05,0.2,0.0,0.0,0.0,0.0,2.962962962962963,2.962962962962963,4.175112700011141e-06,-4.6021674124929746e-06,2.6491835243147057,2.635042734260527,-0.0031254117836615313,0.00018469255629970574
X+,4.300000000000001,1.9000000000000004,10.199378104000061,0.10000000000000053,0.24927505808993047,3.055059848095301e-06,0.00018431102167379987,0.16549213930487225,0.0002805443320077422,-0.0008527025529276948,0.2531060791090532,9.365964592973824e-07,-8.052673259255374e-07,0.168302606333997,-3.396063659952764e-08,2.461400038641508e-06,0.23724824043824672,-1.9398744472811326e-05,-4.864498386858433e-05,0.2,0.0,0.0,0.0,0.0,2.962962962962963,2.962962962962963,5.015831292531914e-06,-4.5035689417716185e-06,2.656193655236029,2.6394714769223033,-0.0035230922279613592,0.0001843966008435178
X+,4.300000000000001,1.9000000000000004,10.224934410001879,0.0,0.24927505808993047,3.055059848095301e-06,0.00018431102167379987,0.16549213930487225,0.0002805443320077422,-0.0008527025529276948,0.2531060791090532,9.365964592973824e-07,-8.052673259255374e-07,0.168302606333997,-3.396063659952764e-08,2.461400038641508e-06,0.23724824043824672,-1.9398744472811326e-05,-4.864498386858433e-05,0.2,0.0,0.0,0.0,0.0,2.962962962962963,2.962962962962963,5.015831292531914e-06,-4.5035689417716185e-06,2.656193655236029,2.6394714769223033,-0.0035230922279613592,0.0001843966008435178
X+,4.300000000000001,1.9000000000000004,10.253515170003084,0.0,0.24927505808993047,3.055059848095301e-06,0.00018431102167379987,0.16549213930487225,0.0002805443320077422,-0.0008527025529276948,0.2531060791090532,9.365964592973824e-07,-8.052673259255374e-07,0.168302606333997,-3.396063659952764e-08,2.461400038641508e-06,0.23724824043824672,-1.9398744472811326e-05,-4.864498386858433e-05,0.2,0.0,0.0,0.0,0.0,2.962962962962963,2.962962962962963,5.015831292531914e-06,-4.5035689417716185e-06,2.656193655236029,2.6394714769223033,-0.0035230922279613592,0.0001843966008435178
X+,4.300000000000001,1.9000000000000004,10.306067192002956,0.0,0.24927505808993047,3.055059848095301e-06,0.00018431102167379987,0.16549213930487225,0.0002805443320077422,-0.0008527025529276948,0.2531060791090532,9.365964592973824e-07,-8.052673259255374e-07,0.168302606333997,-3.396063659952764e-08,2.461400038641508e-06,0.23724824043824672,-1.9398744472811326e-05,-4.864498386858433e-05,0.2,0.0,0.0,0.0,0.0,2.962962962962963,2.962962962962963,5.015831292531914e-06,-4.5035689417716185e-06,2.656193655236029,2.6394714769223033,-0.0035230922279613592,0.0001843966008435178
X+,4.300000000000001,1.9000000000000004,10.333193161000963,0.0,0.24927505808993047,3.055059848095301e-06,0.00018431102167379987,0.16549213930487225,0.0002805443320077422,-0.0008527025529276948,0.2531060791090532,9.365964592973824e-07,-8.052673259255374e-07,0.168302606333997,-3.396063659952764e-08,2.461400038641508e-06,0.23724824043824672,-1.9398744472811326e-05,-4.864498386858433e-05,0.2,0.0,0.0,0.0,0.0,2.962962962962963,2.962962962962963,5.015831292531914e-06,-4.5035689417716185e-06,2.656193655236029,2.6394714769223033,-0.0035230922279613592,0.0001843966008435178
X+,4.300000000000001,1.9000000000000004,10.360257015003299,0.0,0.24927505808993047,3.055059848095301e-06,0.00018431102167379987,0.16549213930487225,0.0002805443320077422,-0.0008527025529276948,0.2531060791090532,9.365964592973824e-07,-8.052673259255374e-07,0.168302606333997,-3.396063659952764e-08,2.461400038641508e-06,0.23724824043824672,-1.9398744472811326e-05,-4.864498386858433e-05,0.2,0.0,0.0,0.0,0.0,2.962962962962963,2.962962962962963,5.015831292531914e-06,-4.5035689417716185e-06,2.656193655236029,2.6394714769223033,-0.0035230922279613592,0.0001843966008435178
X+,4.300000000000001,1.9000000000000004,10.386823271001049,0.0,0.24927505808993047,3.055059848095301e-06,0.00018431102167379987,0.16549213930487225,0.0002805443320077422,-0.0008527025529276948,0.2531060791090532,9.365964592973824e-07,-8.052673259255374e-07,0.168302606333997,-3.396063659952764e-08,2.461400038641508e-06,0.23724824043824672,-1.9398744472811326e-05,-4.864498386858433e-05,0.2,0.0,0.0,0.0,0.0,2.962962962962963,2.962962962962963,5.015831292531914e-06,-4.5035689417716185e-06,2.656193655236029,2.6394714769223033,-0.0035230922279613592,0.0001843966008435178
X+,4.300000000000001,1.9000000000000004,10.412635808999767,0.0,0.24927505808993047,3.055059848095301e-06,0.00018431102167379987,0.16549213930487225,0.0002805443320077422,-0.0008527025529276948,0.2531060791090532,9.365964592973824e-07,-8.052673259255374e-07,0.168302606333997,-3.396063659952764e-08,2.461400038641508e-06,0.23724824043824672,-1.9398744472811326e-05,-4.864498386858433e-05,0.2,0.0,0.0,0.0,0.0,2.962962962962963,2.962962962962963,5.015831292531914e-06,-4.5035689417716185e-06,2.656193655236029,2.6394714769223033,-0.0035230922279613592,0.0001843966008435178
X+,4.300000000000001,1.9000000000000004,10.440783186000772,0.0,0.24927505808993047,3.055059848095301e-06,0.00018431102167379987,0.16549213930487225,0.0002805443320077422,-0.0008527025529276948,0.2531060791090532,9.365964592973824e-07,-8.052673259255374e-07,0.168302606333997,-3.396063659952764e-08,2.461400038641508e-06,0.23724824043824672,-1.9398744472811326e-05,-4.864498386858433e-05,0.2,0.0,0.0,0.0,0.0,2.962962962962963,2.962962962962963,5.015831292531914e-06,-4.5035689417716185e-06,2.656193655236029,2.6394714769223033,-0.0035230922279613592,0.0001843966008435178
X+,4.300000000000001,1.9000000000000004,10.472677757003112,0.0,0.24927505808993047,3.055059848095301e-06,0.00018431102167379987,0.16549213930487225,0.0002805443320077422,-0.0008527025529276948,0.2531060791090532,9.365964592973824e-07,-8.052673259255374e-07,0.168302606333997,-3.396063659952764e-08,2.461400038641508e-06,0.23724824043824672,-1.9398744472811326e-05,-4.864498386858433e-05,0.2,0.0,0.0,0.0,0.0,2.962962962962963,2.962962962962963,5.015831292531914e-06,-4.5035689417716185e-06,2.656193655236029,2.6394714769223033,-0.0035230922279613592,0.0001843966008435178
X+,4.300000000000001,1.9000000000000004,10.500760296003136,0.0,0.24927505808993047,3.055059848095301e-06,0.00018431102167379987,0.16549213930487225,0.0002805443320077422,-0.0008527025529276948,0.2531060791090532,9.365964592973824e-07,-8.052673259255374e-07,0.168302606333997,-3.396063659952764e-08,2.461400038641508e-06,0.23724824043824672,-1.9398744472811326e-05,-4.864498386858433e-05,0.2,0.0,0.0,0.0,0.0,2.962962962962963,2.962962962962963,5.015831292531914e-06,-4.5035689417716185e-06,2.656193655236029,2.6394714769223033,-0.0035230922279613592,0.0001843966008435178
X+,4.300000000000001,1.9000000000000004,10.529575206001027,0.0,0.24927505808993047,3.055059848095301e-06,0.00018431102167379987,0.16549213930487225,0.0002805443320077422,-0.0008527025529276948,0.2531060791090532,9.365964592973824e-07,-8.052673259255374e-07,0.168302606333997,-3.396063659952764e-08,2.461400038641508e-06,0.23724824043824672,-1.9398744472811326e-05,-4.864498386858433e-05,0.2,0.0,0.0,0.0,0.0,2.962962962962963,2.962962962962963,5.015831292531914e-06,-4.5035689417716185e-06,2.656193655236029,2.6394714769223033,-0.0035230922279613592,0.0001843966008435178
X+,4.300000000000001,1.9000000000000004,10.56125791500017,0.0,0.24927505808993047,3.055059848095301e-06,0.00018431102167379987,0.16549213930487225,0.0002805443320077422,-0.0008527025529276948,0.2531060791090532,9.365964592973824e-07,-8.052673259255374e-07,0.168302606333997,-3.396063659952764e-08,2.461400038641508e-06,0.23724824043824672,-1.9398744472811326e-05,-4.864498386858433e-05,0.2,0.0,0.0,0.0,0.0,2.962962962962963,2.962962962962963,5.015831292531914e-06,-4.5035689417716185e-06,2.656193655236029,2.6394714769223033,-0.0035230922279613592,0.0001843966008435178
X+,4.300000000000001,1.9000000000000004,10.591421797002113,0.0,0.24927505808993047,3.055059848095301e-06,0.00018431102167379987,0.16549213930487225,0.0002805443320077422,-0.0008527025529276948,0.2531060791090532,9.365964592973824e-07,-8.052673259255374e-07,0.168302606333997,-3.396063659952764e-08,2.461400038641508e-06,0.23724824043824672,-1.9398744472811326e-05,-4.864498386858433e-05,0.2,0.0,0.0,0.0,0.0,2.962962962962963,2.962962962962963,5.015831292531914e-06,-4.5035689417716185e-06,2.656193655236029,2.6394714769223033,-0.0035230922279613592,0.0001843966008435178
X+,4.300000000000001,1.9000000000000004,10.618295719999878,0.0,0.2505991376019665,3.1764913923891525e-06,0.00018416896530952073,0.16505448202583473,0.00027934744929356697,-0.000850851181142249,0.2531060791090532,9.365964592973824e-07,-8.052673259255374e-07,0.168302606333997,-3.396063659952764e-08,2.461400038641508e-06,0.23724824043824672,-1.9398744472811326e-05,-4.864498386858433e-05,0.2,0.0,0.0,0.0,0.0,2.962962962962963,2.962962962962963,5.015831292531914e-06,-4.5035689417716185e-06,2.656193655236029,2.6394714769223033,0.00017862040506555986,0.00018420490919403637
X+,4.300000000000001,1.9000000000000004,10.64606369500325,0.0,0.2532367325547237,3.3881393032408197e-06,0.00018387321403807357,0.16415892412346783,0.00027665740669097726,-0.0008458436096201698,0.2531060791090532,9.365964592973824e-07,-8.052673259255374e-07,0.168302606333997,-3.396063659952764e-08,2.461400038641508e-06,0.23724824043824672,-1.9398744472811326e-05,-4.864498386858433e-05,0.2,0.0,0.0,0.0,0.0,2.962962962962963,2.962962962962963,5.5741906557216225e-06,6.334283463083068e-06,2.661792969831808,2.6432606379817547,0.0008029276176380534,0.00018400533718701848
X+,4.300000000000001,1.9000000000000004,10.6787383530027,0.0,0.25585986309661,3.5584610801912483e-06,0.00018356138885397474,0.16323320173111197,0.0002741755222974876,-0.0008403247553610876,0.2531060791090532,9.365964592973824e-07,-8.052673259255374e-07,0.168302606333997,-3.396063659952764e-08,2.461400038641508e-06,0.23724824043824672,-1.9398744472811326e-05,-4.864498386858433e-05,0.2,0.0,0.0,0.0,0.0,2.962962962962963,2.962962962962963,6.130881608612526e-06,6.987538093916612e-06,2.6682858409773416,2.647855228333021,-0.0017376782621106026,0.00018362130459953813
X+,4.300000000000001,1.9000000000000004,10.710120617000939,0.0,0.25895533444288354,3.7103483811274166e-06,0.00018318940251259142,0.1620888155394379,0.000271856694579303,-0.0008290868078118413,0.2531060791090532,9.365964592973824e-07,-8.052673259255374e-07,0.168302606333997,-3.396063659952764e-08,2.461400038641508e-06,0.23724824043824672,-1.9398744472811326e-05,-4.864498386858433e-05,0.2,0.0,0.0,0.0,0.0,2.962962962962963,2.962962962962963,6.407386165641071e-06,4.63171534814677e-06,2.6719161643407334,2.6504984047706555,0.0005156291872502074,0.00018320799113957797
X+,4.300000000000001,1.9000000000000004,10.739701189002517,0.0,0.2613835631535026,3.833373776793332e-06,0.0001830538931644986,0.16114579448741972,0.0002637797853187626,-0.0008333573898639422,0.2531060791090532,9.365964592973824e-07,-8.052673259255374e-07,0.168302606333997,-3.396063659952764e-08,2.461400038641508e-06,0.23724824043824672,-1.9398744472811326e-05,-4.864498386858433e-05,0.2,0.0,0.0,0.0,0.0,2.962962962962963,2.962962962962963,6.946013504816051e-06,8.80850888229645e-06,2.680039955935862,2.65659495073959,-0.0032639162280541385,0.0001830820373869307
X+,4.300000000000001,1.9000000000000004,10.765279754003132,0.0,0.26283365719617735,3.890758203318155e-06,0.00018299820399010687,0.16056107644215187,0.00025679287910286965,-0.0008405470317702234,0.2701288588487657,1.0231385855927751e-06,-7.279847130381768e-07,0.17022779739637273,1.0025001461618098e-06,7.728261288736056e-07,0.23724824043824672,-1.9398744472811326e-05,-4.864498386858433e-05,0.2,0.0,0.0,0.0,0.0,2.962962962962963,2.962962962962963,7.218281868226484e-06,4.5478228427597855e-06,2.684576370749183,2.660095447130766,-7.775952636330835e-05,0.00018301018558010423
X+,4.4,2.0,10.79195054000229,0.09999999999999964,0.2655581667712355,3.937833872074553e-06,0.00018292917119162874,0.1594134453812951,0.00024843089432092944,-0.0008529696235783804,0.2701288588487657,1.0231385855927751e-06,-7.279847130381768e-07,0.17022779739637273,1.0025001461618098e-06,7.728261288736056e-07,0.2715675579130536,-2.1327064311989014e-05,-9.957400420205684e-05,0.2,0.0,0.0,0.0,0.0,2.962962962962963,2.962962962962963,7.466497625507884e-06,9.233528000862634e-06,2.689489353029726,2.663943158885885,-0.00026550803525025174,0.00018294127432774362
X+,4.4,2.0,10.818343168000865,0.0,0.2673105579815969,3.931627917661863e-06,0.00018288065654449058,0.158565508503227,0.0002484155978237712,-0.0008529566148817743,0.2701288588487657,1.0231385855927751e-06,-7.279847130381768e-07,0.17022779739637273,1.0025001461618098e-06,7.728261288736056e-07,0.2715675579130536,-2.1327064311989014e-05,-9.957400420205684e-05,0.2,0.0,0.0,0.0,0.0,2.962962962962963,2.962962962962963,7.949044077193435e-06,4.7951059869433266e-06,2.700594816356952,2.672735727802811,-0.002852228909197636,0.0001828939060108437
X+,4.4,2.0,10.844788231002894,0.0,0.2673105579815969,3.931627917661863e-06,0.00018288065654449058,0.158565508503227,0.0002484155978237712,-0.0008529566148817743,0.2701288588487657,1.0231385855927751e-06,-7.279847130381768e-07,0.17022779739637273,1.0025001461618098e-06,7.728261288736056e-07,0.2715675579130536,-2.1327064311989014e-05,-9.957400420205684e-05,0.2,0.0,0.0,0.0,0.0,2.962962962962963,2.962962962962963,7.949044077193435e-06,4.7951059869433266e-06,2.700594816356952,2.672735727802811,-0.002852228909197636,0.0001828939060108437
X+,4.4,2.0,10.878174601002684,0.0,0.2673105579815969,3.931627917661863e-06,0.00018288065654449058,0.158565508503227,0.0002484155978237712,-0.0008529566148817743,0.2701288588487657,1.0231385855927751e-06,-7.279847130381768e-07,0.17022779739637273,1.0025001461618098e-06,7.728261288736056e-07,0.2715675579130536,-2.1327064311989014e-05,-9.957400420205684e-05,0.2,0.0,0.0,0.0,0.0,2.962962962962963,2.962962962962963,7.949044077193435e-06,4.7951059869433266e-06,2.700594816356952,2.672735727802811,-0.002852228909197636,0.0001828939060108437
X+,4.4,2.0,10.905814913003269,0.0,0.2673105579815969,3.931627917661863e-06,0.00018288065654449058,0.158565508503227,0.0002484155978237712,-0.0008529566148817743,0.2701288588487657,1.0231385855927751e-06,-7.279847130381768e-07,0.17022779739637273,1.0025001461618098e-06,7.728261288736056e-07,0.2715675579130536,-2.1327064311989014e-05,-9.957400420205684e-05,0.2,0.0,0.0,0.0,0.0,2.962962962962963,2.962962962962963,7.949044077193435e-06,4.7951059869433266e-06,2.700594816356952,2.672735727802811,-0.002852228909197636,0.0001828939060108437
X+,4.4,2.0,10.932479708000756,0.0,0.2673105579815969,3.931627917661863e-06,0.00018288065654449058,0.158565508503227,0.0002484155978237712,-0.0008529566148817743,0.2701288588487657,1.0231385855927751e-06,-7.279847130381768e-07,0.17022779739637273,1.0025001461618098e-06,7.728261288736056e-07,0.2715675579130536,-2.1327064311989014e-05,-9.957400420205684e-05,0.2,0.0,0.0,0.0,0.0,2.962962962962963,2.962962962962963,7.949044077193435e-06,4.7951059869433266e-06,2.700594816356952,2.672735727802811,-0.002852228909197636,0.0001828939060108437
X+,4.4,2.0,10.961840507003217,0.0,0.2673105579815969,3.931627917661863e-06,0.00018288065654449058,0.158565508503227,0.0002484155978237712,-0.0008529566148817743,0.2701288588487657,1.0231385855927751e-06,-7.279847130381768e-07,0.17022779739637273,1.0025001461618098e-06,7.728261288736056e-07,0.2715675579130536,-2.1327064311989014e-05,-9.957400420205684e-05,0.2,0.0,0.0,0.0,0.0,2.962962962962963,2.962962962962963,7.949044077193435e-06,4.7951059869433266e-06,2.700594816356952,2.672735727802811,-0.002852228909197636,0.0001828939060108437
X+,4.4,2.0,10.992629091000708,0.0,0.2673105579815969,3.931627917661863e-06,0.00018288065654449058,0.158565508503227,0.0002484155978237712,-0.0008529566148817743,0.2701288588487657,1.0231385855927751e-06,-7.279847130381768e-07,0.17022779739637273,1.0025001461618098e-06,7.728261288736056e-07,0.2715675579130536,-2.1327064311989014e-05,-9.957400420205684e-05,0.2,0.0,0.0,0.0,0.0,2.962962962962963,2.962962962962963,7.949044077193435e-06,4.7951059869433266e-06,2.700594816356952,2.672735727802811,-0.002852228909197636,0.0001828939060108437
X+,4.4,2.0,11.024601472003269,0.0,0.2673105579815969,3.931627917661863e-06,0.00018288065654449058,0.158565508503227,0.0002484155978237712,-0.0008529566148817743,0.2701288588487657,1.0231385855927751e-06,-7.279847130381768e-07,0.17022779739637273,1.0025001461618098e-06,7.728261288736056e-07,0.2715675579130536,-2.1327064311989014e-05,-9.957400420205684e-05,0.2,0.0,0.0,0.0,0.0,2.962962962962963,2.962962962962963,7.949044077193435e-06,4.7951059869433266e-06,2.700594816356952,2.672735727802811,-0.002852228909197636,0.0001828939060108437
X+,4.4,2.0,11.052570788000594,0.0,0.2673105579815969,3.931627917661863e-06,0.00018288065654449058,0.158565508503227,0.0002484155978237712,-0.0008529566148817743,0.2701288588487657,1.0231385855927751e-06,-7.279847130381768e-07,0.17022779739637273,1.0025001461618098e-06,7.728261288736056e-07,0.2715675579130536,-2.1327064311989014e-05,-9.957400420205684e-05,0.2,0.0,0.0,0.0,0.0,2.962962962962963,2.962962962962963,7.949044077193435e-06,4.7951059869433266e-06,2.700594816356952,2.672735727802811,-0.002852228909197636,0.0001828939060108437
X+,4.4,2.0,11.08152512700326,0.0,0.2673105579815969,3.931627917661863e-06,0.00018288065654449058,0.158565508503227,0.0002484155978237712,-0.0008529566148817743,0.2701288588487657,1.0231385855927751e-06,-7.279847130381768e-07,0.17022779739637273,1.0025001461618098e-06,7.728261288736056e-07,0.2715675579130536,-2.1327064311989014e-05,-9.957400420205684e-05,0.2,0.0,0.0,0.0,0.0,2.962962962962963,2.962962962962963,7.949044077193435e-06,4.7951059869433266e-06,2.700594816356952,2.672735727802811,-0.002852228909197636,0.0001828939060108437
X+,4.4,2.0,11.112018740001076,0.0,0.2673105579815969,3.931627917661863e-06,0.00018288065654449058,0.158565508503227,0.0002484155978237712,-0.0008529566148817743,0.2701288588487657,1.0231385855927751e-06,-7.279847130381768e-07,0.17022779739637273,1.0025001461618098e-06,7.728261288736056e-07,0.2715675579130536,-2.1327064311989014e-05,-9.957400420205684e-05,0.2,0.0,0.0,0.0,0.0,2.962962962962963,2.962962962962963,7.949044077193435e-06,4.7951059869433266e-06,2.700594816356952,2.672735727802811,-0.002852228909197636,0.0001828939060108437
X+,4.4,2.0,11.144219398000132,0.0,0.2684212439598582,3.9244070233436165e-06,0.0001828530055131838,0.15812858770426222,0.00024772774133785904,-0.000850267345378289,0.2701288588487657,1.0231385855927751e-06,-7.279847130381768e-07,0.17022779739637273,1.0025001461618098e-06,7.728261288736056e-07,0.2715675579130536,-2.1327064311989014e-05,-9.957400420205684e-05,0.2,0.0,0.0,0.0,0.0,2.962962962962963,2.962962962962963,7.949044077193435e-06,4.7951059869433266e-06,2.700594816356952,2.672735727802811,-0.0009469537914244052,0.0001828530055131838
X+,4.4,2.0,11.182551525002054,0.0,0.27251458673666784,3.862894929157132e-06,0.00018280808940125538,0.1561218156335808,0.00024047487578002927,-0.0008251823791048158,0.2701288588487657,1.0231385855927751e-06,-7.279847130381768e-07,0.17022779739637273,1.0025001461618098e-06,7.728261288736056e-07,0.2715675579130536,-2.1327064311989014e-05,-9.957400420205684e-05,0.2,0.0,0.0,0.0,0.0,2.962962962962963,2.962962962962963,8.642476997167137e-06,5.7044497125957605e-06,2.7210676004321015,2.68942903583469,-0.0028408372741481167,0.00018281065168466342
X+,4.4,2.0,11.215436313999817,0.0,0.27500685789586626,3.8008573229279113e-06,0.0001828135789543506,0.15478125818054378,0.00023255779406214751,-0.0007930577043715182,0.2701288588487657,1.0231385855927751e-06,-7.279847130381768e-07,0.17022779739637273,1.0025001461618098e-06,7.728261288736056e-07,0.2715675579130536,-2.1327064311989014e-05,-9.957400420205684e-05,0.2,0.0,0.0,0.0,0.0,2.962962962962963,2.962962962962963,9.073415121463313e-06,6.708541506306176e-06,2.737903265465838,2.7035046310839133,-0.00039378367897568355,0.0001828135789543506
X+,4.4,2.0,11.256224941000255,0.0,0.2783974606408907,3.68595903232731e-06,0.00018286327951060383,0.1527792955850072,0.00021689342646313782,-0.0007275100936117317,0.28751610497507313,1.1543311110086575e-06,-6.6612603941423e-07,0.17387246126207312,1.4385017479763045e-06,6.185867362394684e-07,0.2719808750534366,-2.2827397339661875e-05,-0.00018239505873562933,0.2,0.0,0.0,0.0,0.0,2.962962962962963,2.962962962962963,9.480146650808763e-06,7.834459734290533e-06,2.757964711499849,2.720544531795681,0.001257926103168361,0.00018285395620137323
X+,4.5,2.0999999999999996,11.280512987999828,0.09999999999999964,0.28128887234541283,3.5620890001461514e-06,0.0001829433143982052,0.1508748414667601,0.00019903291522633732,-0.0006472185180743506,0.28751610497507313,1.1543311110086575e-06,-6.6612603941423e-07,0.17449051939235616,1.5115980224028026e-06,5.129163238911797e-07,0.2719808750534366,-2.2827397339661875e-05,-0.00018239505873562933,0.2,0.0,0.0,0.0,0.0,2.962962962962963,2.962962962962963,9.8652319682202e-06,9.117375336487044e-06,2.7820171385603087,2.741163510527786,0.0008702840359545094,0.00018293289480176886
X+,4.5,2.0999999999999996,11.305924037002114,0.0,0.28128887234541283,3.5620890001461514e-06,0.0001829433143982052,0.1508748414667601,0.00019903291522633732,-0.0006472185180743506,0.28751610497507313,1.1543311110086575e-06,-6.6612603941423e-07,0.17449051939235616,1.5115980224028026e-06,5.129163238911797e-07,0.2719808750534366,-2.2827397339661875e-05,-0.00018239505873562933,0.2,0.0,0.0,0.0,0.0,2.962962962962963,2.962962962962963,9.8652319682202e-06,9.117375336487044e-06,2.7820171385603087,2.741163510527786,0.0008702840359545094,0.00018293289480176886
X+,4.5,2.0999999999999996,11.333944342000905,0.0,0.28128887234541283,3.5620890001461514e-06,0.0001829433143982052,0.1508748414667601,0.00019903291522633732,-0.0006472185180743506,0.28751610497507313,1.1543311110086575e-06,-6.6612603941423e-07,0.17449051939235616,1.5115980224028026e-06,5.129163238911797e-07,0.2719808750534366,-2.2827397339661875e-05,-0.00018239505873562933,0.2,0.0,0.0,0.0,0.0,2.962962962962963,2.962962962962963,9.8652319682202e-06,9.117375336487044e-06,2.7820171385603087,2.741163510527786,0.0008702840359545094,0.00018293289480176886
X+,4.5,2.0999999999999996,11.360319858002185,0.0,0.28128887234541283,3.5620890001461514e-06,0.0001829433143982052,0.1508748414667601,0.00019903291522633732,-0.0006472185180743506,0.28751610497507313,1.1543311110086575e-06,-6.6612603941423e-07,0.17449051939235616,1.5115980224028026e-06,5.129163238911797e-07,0.2719808750534366,-2.2827397339661875e-05,-0.00018239505873562933,0.2,0.0,0.0,0.0,0.0,2.962962962962963,2.962962962962963,9.8652319682202e-06,9.117375336487044e-06,2.7820171385603087,2.741163510527786,0.0008702840359545094,0.00018293289480176886
X+,4.5,2.0999999999999996,11.392330347000097,0.0,0.28128887234541283,3.5620890001461514e-06,0.0001829433143982052,0.1508748414667601,0.00019903291522633732,-0.0006472185180743506,0.28751610497507313,1.1543311110086575e-06,-6.6612603941423e-07,0.17449051939235616,1.5115980224028026e-06,5.129163238911797e-07,0.2719808750534366,-2.2827397339661875e-05,-0.00018239505873562933,0.2,0.0,0.0,0.0,0.0,2.962962962962963,2.962962962962963,9.8652319682202e-06,9.117375336487044e-06,2.7820171385603087,2.741163510527786,0.0008702840359545094,0.00018293289480176886
X+,4.5,2.0999999999999996,11.423014779000368,0.0,0.28128887234541283,3.5620890001461514e-06,0.0001829433143982052,0.1508748414667601,0.00019903291522633732,-0.0006472185180743506,0.28751610497507313,1.1543311110086575e-06,-6.6612603941423e-07,0.17449051939235616,1.5115980224028026e-06,5.129163238911797e-07,0.2719808750534366,-2.2827397339661875e-05,-0.00018239505873562933,0.2,0.0,0.0,0.0,0.0,2.962962962962963,2.962962962962963,9.8652319682202e-06,9.117375336487044e-06,2.7820171385603087,2.741163510527786,0.0008702840359545094,0.00018293289480176886
X+,4.5,2.0999999999999996,11.462105922000774,0.0,0.28128887234541283,3.5620890001461514e-06,0.0001829433143982052,0.1508748414667601,0.00019903291522633732,-0.0006472185180743506,0.28751610497507313,1.1543311110086575e-06,-6.6612603941423e-07,0.17449051939235616,1.5115980224028026e-06,5.129163238911797e-07,0.2719808750534366,-2.2827397339661875e-05,-0.00018239505873562933,0.2,0.0,0.0,0.0,0.0,2.962962962962963,2.962962962962963,9.8652319682202e-06,9.117375336487044e-06,2.7820171385603087,2.741163510527786,0.0008702840359545094,0.00018293289480176886
X+,4.5,2.0999999999999996,11.496039940000628,0.0,0.28128887234541283,3.5620890001461514e-06,0.0001829433143982052,0.1508748414667601,0.00019903291522633732,-0.0006472185180743506,0.28751610497507313,1.1543311110086575e-06,-6.6612603941423e-07,0.17449051939235616,1.5115980224028026e-06,5.129163238911797e-07,0.2719808750534366,-2.2827397339661875e-05,-0.00018239505873562933,0.2,0.0,0.0,0.0,0.0,2.962962962962963,2.962962962962963,9.8652319682202e-06,9.117375336487044e-06,2.7820171385603087,2.741163510527786,0.0008702840359545094,0.00018293289480176886
X+,4.5,2.0999999999999996,11.52645941800074,0.0,0.28128887234541283,3.5620890001461514e-06,0.0001829433143982052,0.1508748414667601,0.00019903291522633732,-0.0006472185180743506,0.28751610497507313,1.1543311110086575e-06,-6.6612603941423e-07,0.17449051939235616,1.5115980224028026e-06,5.129163238911797e-07,0.2719808750534366,-2.2827397339661875e-05,-0.00018239505873562933,0.2,0.0,0.0,0.0,0.0,2.962962962962963,2.962962962962963,9.8652319682202e-06,9.117375336487044e-06,2.7820171385603087,2.741163510527786,0.0008702840359545094,0.00018293289480176886
X+,4.5,2.0999999999999996,11.55446737100283,0.0,0.28128887234541283,3.5620890001461514e-06,0.0001829433143982052,0.1508748414667601,0.00019903291522633732,-0.0006472185180743506,0.28751610497507313,1.1543311110086575e-06,-6.6612603941423e-07,0.17449051939235616,1.5115980224028026e-06,5.129163238911797e-07,0.2719808750534366,-2.2827397339661875e-05,-0.00018239505873562933,0.2,0.0,0.0,0.0,0.0,2.962962962962963,2.962962962962963,9.8652319682202e-06,9.117375336487044e-06,2.7820171385603087,2.741163510527786,0.0008702840359545094,0.00018293289480176886
X+,4.5,2.0999999999999996,11.582601656002225,0.0,0.28128887234541283,3.5620890001461514e-06,0.0001829433143982052,0.1508748414667601,0.00019903291522633732,-0.0006472185180743506,0.28751610497507313,1.1543311110086575e-06,-6.6612603941423e-07,0.17449051939235616,1.5115980224028026e-06,5.129163238911797e-07,0.2719808750534366,-2.2827397339661875e-05,-0.00018239505873562933,0.2,0.0,0.0,0.0,0.0,2.962962962962963,2.962962962962963,9.8652319682202e-06,9.117375336487044e-06,2.7820171385603087,2.741163510527786,0.0008702840359545094,0.00018293289480176886
X+,4.5,2.0999999999999996,11.608209350000834,0.0,0.28128887234541283,3.5620890001461514e-06,0.0001829433143982052,0.1508748414667601,0.00019903291522633732,-0.0006472185180743506,0.28751610497507313,1.1543311110086575e-06,-6.6612603941423e-07,0.17449051939235616,1.5115980224028026e-06,5.129163238911797e-07,0.2719808750534366,-2.2827397339661875e-05,-0.00018239505873562933,0.2,0.0,0.0,0.0,0.0,2.962962962962963,2.962962962962963,9.8652319682202e-06,9.117375336487044e-06,2.7820171385603087,2.741163510527786,0.0008702840359545094,0.00018293289480176886
X+,4.5,2.0999999999999996,11.632257947003382,0.0,0.28128887234541283,3.5620890001461514e-06,0.0001829433143982052,0.1508748414667601,0.00019903291522633732,-0.0006472185180743506,0.28751610497507313,1.1543311110086575e-06,-6.6612603941423e-07,0.17449051939235616,1.5115980224028026e-06,5.129163238911797e-07,0.2719808750534366,-2.2827397339661875e-05,-0.00018239505873562933,0.2,0.0,0.0,0.0,0.0,2.962962962962963,2.962962962962963,9.8652319682202e-06,9.117375336487044e-06,2.7820171385603087,2.741163510527786,0.0008702840359545094,0.00018293289480176886
X+,4.5,2.0999999999999996,11.660073390001344,0.0,0.28128887234541283,3.5620890001461514e-06,0.0001829433143982052,0.1508748414667601,0.00019903291522633732,-0.0006472185180743506,0.28751610497507313,1.1543311110086575e-06,-6.6612603941423e-07,0.17449051939235616,1.5115980224028026e-06,5.129163238911797e-07,0.2719808750534366,-2.2827397339661875e-05,-0.00018239505873562933,0.2,0.0,0.0,0.0,0.0,2.962962962962963,2.962962962962963,9.8652319682202e-06,9.117375336487044e-06,2.7820171385603087,2.741163510527786,0.0008702840359545094,0.00018293289480176886
X+,4.5,2.0999999999999996,11.684264087001793,0.0,0.28128887234541283,3.5620890001461514e-06,0.0001829433143982052,0.1508748414667601,0.00019903291522633732,-0.0006472185180743506,0.28751610497507313,1.1543311110086575e-06,-6.6612603941423e-07,0.17449051939235616,1.5115980224028026e-06,5.129163238911797e-07,0.2719808750534366,-2.2827397339661875e-05,-0.00018239505873562933,0.2,0.0,0.0,0.0,0.0,2.962962962962963,2.962962962962963,9.8652319682202e-06,9.117375336487044e-06,2.7820171385603087,2.741163510527786,0.0008702840359545094,0.00018293289480176886
X+,4.5,2.0999999999999996,11.71365254400007,0.0,0.28234483350034073,3.5112629366207057e-06,0.00018298441038993918,0.15012605082154826,0.00019159262305455975,-0.0006105984691939546,0.28751610497507313,1.1543311110086575e-06,-6.6612603941423e-07,0.17449051939235616,1.5115980224028026e-06,5.129163238911797e-07,0.2719808750534366,-2.2827397339661875e-05,-0.00018239505873562933,0.2,0.0,0.0,0.0,0.0,2.962962962962963,2.962962962962963,9.8652319682202e-06,9.117375336487044e-06,2.7820171385603087,2.741163510527786,0.0008702840359545094,0.00018293289480176886
X+,4.5,2.0999999999999996,11.751077652999811,0.0,0.2856281978869827,3.432901888992569e-06,0.0001829416155303344,0.14758769081353973,0.00014767573817337312,-0.000421480060799966,0.28751610497507313,1.1543311110086575e-06,-6.6612603941423e-07,0.17449051939235616,1.5115980224028026e-06,5.129163238911797e-07,0.2719808750534366,-2.2827397339661875e-05,-0.00018239505873562933,0.2,0.0,0.0,0.0,0.0,2.962962962962963,2.962962962962963,1.0429823930735438e-05,1.1395298317395941e-05,2.8277815715333783,2.7805468731238943,8.964638089747998e-05,0.0001829416155303344
X+,4.5,2.0999999999999996,11.78501734100064,0.0,0.2889977671869144,3.367039500274359e-06,0.00018292006711030003,0.14457855283831944,7.78893722817197e-05,-0.00010422561260050694,0.28751610497507313,1.1543311110086575e-06,-6.6612603941423e-07,0.17449051939235616,1.5115980224028026e-06,5.129163238911797e-07,0.2719808750534366,-2.2827397339661875e-05,-0.00018239505873562933,0.2,0.0,0.0,0.0,0.0,2.962962962962963,2.962962962962963,1.0902595281692129e-05,1.3170940525775165e-05,2.8664406361822743,2.814270202159828,-0.0020562461887600855,0.0001829095575442613
X+,4.5,2.0999999999999996,11.818310810002004,0.0,0.2918684630997663,3.295306222345605e-06,0.00018304484052417247,0.1416043381246119,8.839444482468839e-05,2.13719313516101e-05,0.28751610497507313,1.1543311110086575e-06,-6.6612603941423e-07,0.17449051939235616,1.5115980224028026e-06,5.129163238911797e-07,0.2719808750534366,-2.2827397339661875e-05,-0.00018239505873562933,0.2,0.0,0.0,0.0,0.0,2.962962962962963,2.962962962962963,1.1201031879792822e-05,1.5250334090666229e-05,2.9129348968966258,2.8551209161085485,-4.7225391391795184e-05,0.0001830038954437201
X+,4.5,2.0999999999999996,11.854009170001518,0.0,0.29467639016379155,3.3431259714314723e-06,0.0001832180316987537,0.13823873012202442,0.00011923338107135439,0.00019239999263954174,0.3060447158851569,1.3983960868966236e-06,-8.135466534705793e-07,0.18528610909917098,2.5640736608929234e-06,-1.4742061405634927e-06,0.3037674256901719,-2.937274470920376e-05,-0.0003531075588933952,0.2,0.0,0.0,0.0,0.0,2.962962962962963,2.962962962962963,1.1460719319345003e-05,1.762937382121521e-05,2.9671444190815093,2.9031798659070067,-0.0018384525008997145,0.0001831937013948936
X+,4.6000000000000005,2.2,11.88536071999988,0.10000000000000053,0.2952297347549689,3.3394518382254615e-06,0.00018330753365043806,0.13751469931550722,0.00012385842952331076,0.0002487153153940005,0.3060447158851569,1.3983960868966236e-06,-8.135466534705793e-07,0.18528610909917098,2.5640736608929234e-06,-1.4742061405634927e-06,0.3037674256901719,-2.937274470920376e-05,-0.0003531075588933952,0.2,0.0,0.0,0.0,0.0,2.962962962962963,2.962962962962963,1.1460719319345003e-05,1.762937382121521e-05,2.9671444190815093,2.9031798659070067,-0.0018384525008997145,0.0001831937013948936
X+,4.6000000000000005,2.2,11.91426433200104,0.0,0.2952297347549689,3.3394518382254615e-06,0.00018330753365043806,0.13751469931550722,0.00012385842952331076,0.0002487153153940005,0.3060447158851569,1.3983960868966236e-06,-8.135466534705793e-07,0.18528610909917098,2.5640736608929234e-06,-1.4742061405634927e-06,0.3037674256901719,-2.937274470920376e-05,-0.0003531075588933952,0.2,0.0,0.0,0.0,0.0,2.962962962962963,2.962962962962963,1.1460719319345003e-05,1.762937382121521e-05,2.9671444190815093,2.9031798659070067,-0.0018384525008997145,0.0001831937013948936
X+,4.6000000000000005,2.2,11.943074337003054,0.0,0.2952297347549689,3.3394518382254615e-06,0.00018330753365043806,0.13751469931550722,0.00012385842952331076,0.0002487153153940005,0.3060447158851569,1.3983960868966236e-06,-8.135466534705793e-07,0.18528610909917098,2.5640736608929234e-06,-1.4742061405634927e-06,0.3037674256901719,-2.937274470920376e-05,-0.0003531075588933952,0.2,0.0,0.0,0.0,0.0,2.962962962962963,2.962962962962963,1.1460719319345003e-05,1.762937382121521e-05,2.9671444190815093,2.9031798659070067,-0.0018384525008997145,0.0001831937013948936
X+,4.6000000000000005,2.2,11.97245153699987,0.0,0.2952297347549689,3.3394518382254615e-06,0.00018330753365043806,0.13751469931550722,0.00012385842952331076,0.0002487153153940005,0.3060447158851569,1.3983960868966236e-06,-8.135466534705793e-07,0.18528610909917098,2.5640736608929234e-06,-1.4742061405634927e-06,0.3037674256901719,-2.937274470920376e-05,-0.0003531075588933952,0.2,0.0,0.0,0.0,0.0,2.962962962962963,2.962962962962963,1.1460719319345003e-05,1.762937382121521e-05,2.9671444190815093,2.9031798659070067,-0.0018384525008997145,0.0001831937013948936
X+,4.6000000000000005,2.2,12.001630503000342,0.0,0.2952297347549689,3.3394518382254615e-06,0.00018330753365043806,0.13751469931550722,0.00012385842952331076,0.0002487153153940005,0.3060447158851569,1.3983960868966236e-06,-8.135466534705793e-07,0.18528610909917098,2.5640736608929234e-06,-1.4742061405634927e-06,0.3037674256901719,-2.937274470920376e-05,-0.0003531075588933952,0.2,0.0,0.0,0.0,0.0,2.962962962962963,2.962962962962963,1.1460719319345003e-05,1.762937382121521e-05,2.9671444190815093,2.9031798659070067,-0.0018384525008997145,0.0001831937013948936
X+,4.6000000000000005,2.2,12.028490696000517,0.0,0.2952297347549689,3.3394518382254615e-06,0.00018330753365043806,0.13751469931550722,0.00012385842952331076,0.0002487153153940005,0.3060447158851569,1.3983960868966236e-06,-8.135466534705793e-07,0.18528610909917098,2.5640736608929234e-06,-1.4742061405634927e-06,0.3037674256901719,-2.937274470920376e-05,-0.0003531075588933952,0.2,0.0,0.0,0.0,0.0,2.962962962962963,2.962962962962963,1.1460719319345003e-05,1.762937382121521e-05,2.9671444190815093,2.9031798659070067,-0.0018384525008997145,0.0001831937013948936
X+,4.6000000000000005,2.2,12.059962052000628,0.0,0.2952297347549689,3.3394518382254615e-06,0.00018330753365043806,0.13751469931550722,0.00012385842952331076,0.0002487153153940005,0.3060447158851569,1.3983960868966236e-06,-8.135466534705793e-07,0.18528610909917098,2.5640736608929234e-06,-1.4742061405634927e-06,0.3037674256901719,-2.937274470920376e-05,-0.0003531075588933952,0.2,0.0,0.0,0.0,0.0,2.962962962962963,2.962962962962963,1.1460719319345003e-05,1.762937382121521e-05,2.9671444190815093,2.9031798659070067,-0.0018384525008997145,0.0001831937013948936
X+,4.6000000000000005,2.2,12.091005764999863,0.0,0.2952297347549689,3.3394518382254615e-06,0.00018330753365043806,0.13751469931550722,0.00012385842952331076,0.0002487153153940005,0.3060447158851569,1.3983960868966236e-06,-8.135466534705793e-07,0.18528610909917098,2.5640736608929234e-06,-1.4742061405634927e-06,0.3037674256901719,-2.937274470920376e-05,-0.0003531075588933952,0.2,0.0,0.0,0.0,0.0,2.962962962962963,2.962962962962963,1.1460719319345003e-05,1.762937382121521e-05,2.9671444190815093,2.9031798659070067,-0.0018384525008997145,0.0001831937013948936
X+,4.6000000000000005,2.2,12.11907962999976,0.0,0.2952297347549689,3.3394518382254615e-06,0.00018330753365043806,0.13751469931550722,0.00012385842952331076,0.0002487153153940005,0.3060447158851569,1.3983960868966236e-06,-8.135466534705793e-07,0.18528610909917098,2.5640736608929234e-06,-1.4742061405634927e-06,0.3037674256901719,-2.937274470920376e-05,-0.0003531075588933952,0.2,0.0,0.0,0.0,0.0,2.962962962962963,2.962962962962963,1.1460719319345003e-05,1.762937382121521e-05,2.9671444190815093,2.9031798659070067,-0.0018384525008997145,0.0001831937013948936
X+,4.6000000000000005,2.2,12.14552908100086,0.0,0.2952297347549689,3.3394518382254615e-06,0.00018330753365043806,0.13751469931550722,0.00012385842952331076,0.0002487153153940005,0.3060447158851569,1.3983960868966236e-06,-8.135466534705793e-07,0.18528610909917098,2.5640736608929234e-06,-1.4742061405634927e-06,0.3037674256901719,-2.937274470920376e-05,-0.0003531075588933952,0.2,0.0,0.0,0.0,0.0,2.962962962962963,2.962962962962963,1.1460719319345003e-05,1.762937382121521e-05,2.9671444190815093,2.9031798659070067,-0.0018384525008997145,0.0001831937013948936
X+,4.6000000000000005,2.2,12.171710512000573,0.0,0.2952297347549689,3.3394518382254615e-06,0.00018330753365043806,0.13751469931550722,0.00012385842952331076,0.0002487153153940005,0.3060447158851569,1.3983960868966236e-06,-8.135466534705793e-07,0.18528610909917098,2.5640736608929234e-06,-1.4742061405634927e-06,0.3037674256901719,-2.937274470920376e-05,-0.0003531075588933952,0.2,0.0,0.0,0.0,0.0,2.962962962962963,2.962962962962963,1.1460719319345003e-05,1.762937382121521e-05,2.9671444190815093,2.9031798659070067,-0.0018384525008997145,0.0001831937013948936
X+,4.6000000000000005,2.2,12.203389553000306,0.0,0.2952297347549689,3.3394518382254615e-06,0.00018330753365043806,0.13751469931550722,0.00012385842952331076,0.0002487153153940005,0.3060447158851569,1.3983960868966236e-06,-8.135466534705793e-07,0.18528610909917098,2.5640736608929234e-06,-1.4742061405634927e-06,0.3037674256901719,-2.937274470920376e-05,-0.0003531075588933952,0.2,0.0,0.0,0.0,0.0,2.962962962962963,2.962962962962963,1.1460719319345003e-05,1.762937382121521e-05,2.9671444190815093,2.9031798659070067,-0.0018384525008997145,0.0001831937013948936
X+,4.6000000000000005,2.2,12.230791465000948,0.0,0.2952297347549689,3.3394518382254615e-06,0.00018330753365043806,0.13751469931550722,0.00012385842952331076,0.0002487153153940005,0.3060447158851569,1.3983960868966236e-06,-8.135466534705793e-07,0.18528610909917098,2.5640736608929234e-06,-1.4742061405634927e-06,0.3037674256901719,-2.937274470920376e-05,-0.0003531075588933952,0.2,0.0,0.0,0.0,0.0,2.962962962962963,2.962962962962963,1.1460719319345003e-05,1.762937382121521e-05,2.9671444190815093,2.9031798659070067,-0.0018384525008997145,0.0001831937013948936
X+,4.6000000000000005,2.2,12.256124665000243,0.0,0.29564284186860457,3.364913658434124e-06,0.00018332656332540565,0.1369605594356006,0.00013629130980499576,0.0002583201633237174,0.3060447158851569,1.3983960868966236e-06,-8.135466534705793e-07,0.18528610909917098,2.5640736608929234e-06,-1.4742061405634927e-06,0.3037674256901719,-2.937274470920376e-05,-0.0003531075588933952,0.2,0.0,0.0,0.0,0.0,2.962962962962963,2.962962962962963,1.1460719319345003e-05,1.762937382121521e-05,2.9671444190815093,2.9031798659070067,-0.0018384525008997145,0.0001831937013948936
X+,4.6000000000000005,2.2,12.289072914001736,0.0,0.2988854422413694,3.543013275194261e-06,0.0001836585735829913,0.13218904218073244,0.00020148474720652532,0.0005645930593442648,0.3060447158851569,1.3983960868966236e-06,-8.135466534705793e-07,0.18528610909917098,2.5640736608929234e-06,-1.4742061405634927e-06,0.3037674256901719,-2.937274470920376e-05,-0.0003531075588933952,0.2,0.0,0.0,0.0,0.0,2.962962962962963,2.962962962962963,1.1876839981717069e-05,2.174408620359003e-05,3.053843633563919,2.9814941120967897,0.004575003405185032,0.00018364655957909398
X+,4.6000000000000005,2.2,12.314562481002213,0.0,0.30149658309858574,3.818540606088591e-06,0.00018436260292154123,0.12784924224539643,0.00024986414685047517,0.0009042053484111503,0.3060447158851569,1.3983960868966236e-06,-8.135466534705793e-07,0.18528610909917098,2.5640736608929234e-06,-1.4742061405634927e-06,0.3037674256901719,-2.937274470920376e-05,-0.0003531075588933952,0.2,0.0,0.0,0.0,0.0,2.962962962962963,2.962962962962963,1.2290130269043686e-05,2.4598514921869707e-05,3.098768053849378,3.0207257733527126,-0.0011427878829638046,0.00018423342210223834
X+,4.6000000000000005,2.2,12.346867852000287,0.0,0.30364709005413504,4.14593353834352e-06,0.00018522087828033322,0.12408583318274972,0.00022378132594577682,0.0012892647592648522,0.3060447158851569,1.3983960868966236e-06,-8.135466534705793e-07,0.18528610909917098,2.5640736608929234e-06,-1.4742061405634927e-06,0.3037674256901719,-2.937274470920376e-05,-0.0003531075588933952,0.2,0.0,0.0,0.0,0.0,2.962962962962963,2.962962962962963,1.2691401484410392e-05,2.6883418497547495e-05,3.1108839136520716,3.0283820447316714,0.0035834022707147617,0.00018479534071249673
X+,4.6000000000000005,2.2,12.383136154003296,0.0,0.30621718187352975,3.838706710522499e-06,0.00018465249204341198,0.11971294314217823,0.00019634433305300864,0.0015095911111954496,0.3060447158851569,1.3983960868966236e-06,-8.135466534705793e-07,0.18528610909917098,2.5640736608929234e-06,-1.4742061405634927e-06,0.32639064767450293,-3.247832432289269e-05,-0.00011189905981412453,0.2,0.0,0.0,0.0,0.0,2.962962962962963,2.962962962962963,1.3040018380650054e-05,2.745228299794178e-05,3.0722958561245903,2.9845247772333394,0.003195058410569669,0.00018456300417467685
X+,4.7,2.3,12.414554076000059,0.09999999999999964,0.30799938242479935,3.6217167281287627e-06,0.00018364358082133974,0.11703430623152673,0.00031097418075879665,0.0011143172175689504,0.32533568959829784,1.7712554599029792e-06,-1.2579960291286395e-06,0.19290973712831172,3.885534801127452e-06,-4.4444937565806015e-06,0.32639064767450293,-3.247832432289269e-05,-0.00011189905981412453,0.2,0.0,0.0,0.0,0.0,2.962962962962963,2.962962962962963,1.247366462653332e-05,2.6140786597572685e-05,3.031377375689073,2.9422547907254755,0.004663914470460344,0.00018401245066318057
X+,4.7,2.3,12.444850091000262,0.0,0.30799938242479935,3.6217167281287627e-06,0.00018364358082133974,0.11703430623152673,0.00031097418075879665,0.0011143172175689504,0.32533568959829784,1.7712554599029792e-06,-1.2579960291286395e-06,0.19290973712831172,3.885534801127452e-06,-4.4444937565806015e-06,0.32639064767450293,-3.247832432289269e-05,-0.00011189905981412453,0.2,0.0,0.0,0.0,0.0,2.962962962962963,2.962962962962963,1.247366462653332e-05,2.6140786597572685e-05,3.031377375689073,2.9422547907254755,0.004663914470460344,0.00018401245066318057
X+,4.7,2.3,12.472978449000948,0.0,0.30799938242479935,3.6217167281287627e-06,0.00018364358082133974,0.11703430623152673,0.00031097418075879665,0.0011143172175689504,0.32533568959829784,1.7712554599029792e-06,-1.2579960291286395e-06,0.19290973712831172,3.885534801127452e-06,-4.4444937565806015e-06,0.32639064767450293,-3.247832432289269e-05,-0.00011189905981412453,0.2,0.0,0.0,0.0,0.0,2.962962962962963,2.962962962962963,1.247366462653332e-05,2.6140786597572685e-05,3.031377375689073,2.9422547907254755,0.004663914470460344,0.00018401245066318057
X+,4.7,2.3,12.498647198000981,0.0,0.30799938242479935,3.6217167281287627e-06,0.00018364358082133974,0.11703430623152673,0.00031097418075879665,0.0011143172175689504,0.32533568959829784,1.7712554599029792e-06,-1.2579960291286395e-06,0.19290973712831172,3.885534801127452e-06,-4.4444937565806015e-06,0.32639064767450293,-3.247832432289269e-05,-0.00011189905981412453,0.2,0.0,0.0,0.0,0.0,2.962962962962963,2.962962962962963,1.247366462653332e-05,2.6140786597572685e-05,3.031377375689073,2.9422547907254755,0.004663914470460344,0.00018401245066318057
X+,4.7,2.3,12.527215605001402,0.0,0.30799938242479935,3.6217167281287627e-06,0.00018364358082133974,0.11703430623152673,0.00031097418075879665,0.0011143172175689504,0.32533568959829784,1.7712554599029792e-06,-1.2579960291286395e-06,0.19290973712831172,3.885534801127452e-06,-4.4444937565806015e-06,0.32639064767450293,-3.247832432289269e-05,-0.00011189905981412453,0.2,0.0,0.0,0.0,0.0,2.962962962962963,2.962962962962963,1.247366462653332e-05,2.6140786597572685e-05,3.031377375689073,2.9422547907254755,0.004663914470460344,0.00018401245066318057
X+,4.7,2.3,12.565192432000913,0.0,0.30799938242479935,3.6217167281287627e-06,0.00018364358082133974,0.11703430623152673,0.00031097418075879665,0.0011143172175689504,0.32533568959829784,1.7712554599029792e-06,-1.2579960291286395e-06,0.19290973712831172,3.885534801127452e-06,-4.4444937565806015e-06,0.32639064767450293,-3.247832432289269e-05,-0.00011189905981412453,0.2,0.0,0.0,0.0,0.0,2.962962962962963,2.962962962962963,1.247366462653332e-05,2.6140786597572685e-05,3.031377375689073,2.9422547907254755,0.004663914470460344,0.00018401245066318057
X+,4.7,2.3,12.59224245200312,0.0,0.30799938242479935,3.6217167281287627e-06,0.00018364358082133974,0.11703430623152673,0.00031097418075879665,0.0011143172175689504,0.32533568959829784,1.7712554599029792e-06,-1.2579960291286395e-06,0.19290973712831172,3.885534801127452e-06,-4.4444937565806015e-06,0.32639064767450293,-3.247832432289269e-05,-0.00011189905981412453,0.2,0.0,0.0,0.0,0.0,2.962962962962963,2.962962962962963,1.247366462653332e-05,2.6140786597572685e-05,3.031377375689073,2.9422547907254755,0.004663914470460344,0.00018401245066318057
X+,4.7,2.3,12.620018764002452,0.0,0.30799938242479935,3.6217167281287627e-06,0.00018364358082133974,0.11703430623152673,0.00031097418075879665,0.0011143172175689504,0.32533568959829784,1.7712554599029792e-06,-1.2579960291286395e-06,0.19290973712831172,3.885534801127452e-06,-4.4444937565806015e-06,0.32639064767450293,-3.247832432289269e-05,-0.00011189905981412453,0.2,0.0,0.0,0.0,0.0,2.962962962962963,2.962962962962963,1.247366462653332e-05,2.6140786597572685e-05,3.031377375689073,2.9422547907254755,0.004663914470460344,0.00018401245066318057
X+,4.7,2.3,12.647662940002192,0.0,0.30799938242479935,3.6217167281287627e-06,0.00018364358082133974,0.11703430623152673,0.00031097418075879665,0.0011143172175689504,0.32533568959829784,1.7712554599029792e-06,-1.2579960291286395e-06,0.19290973712831172,3.885534801127452e-06,-4.4444937565806015e-06,0.32639064767450293,-3.247832432289269e-05,-0.00011189905981412453,0.2,0.0,0.0,0.0,0.0,2.962962962962963,2.962962962962963,1.247366462653332e-05,2.6140786597572685e-05,3.031377375689073,2.9422547907254755,0.004663914470460344,0.00018401245066318057
X+,4.7,2.3,12.67979890600327,0.0,0.30799938242479935,3.6217167281287627e-06,0.00018364358082133974,0.11703430623152673,0.00031097418075879665,0.0011143172175689504,0.32533568959829784,1.7712554599029792e-06,-1.2579960291286395e-06,0.19290973712831172,3.885534801127452e-06,-4.4444937565806015e-06,0.32639064767450293,-3.247832432289269e-05,-0.00011189905981412453,0.2,0.0,0.0,0.0,0.0,2.962962962962963,2.962962962962963,1.247366462653332e-05,2.6140786597572685e-05,3.031377375689073,2.9422547907254755,0.004663914470460344,0.00018401245066318057
X+,4.7,2.3,12.707549122002092,0.0,0.30799938242479935,3.6217167281287627e-06,0.00018364358082133974,0.11703430623152673,0.00031097418075879665,0.0011143172175689504,0.32533568959829784,1.7712554599029792e-06,-1.2579960291286395e-06,0.19290973712831172,3.885534801127452e-06,-4.4444937565806015e-06,0.32639064767450293,-3.247832432289269e-05,-0.00011189905981412453,0.2,0.0,0.0,0.0,0.0,2.962962962962963,2.962962962962963,1.247366462653332e-05,2.6140786597572685e-05,3.031377375689073,2.9422547907254755,0.004663914470460344,0.00018401245066318057
X+,4.7,2.3,12.73420439199981,0.0,0.30799938242479935,3.6217167281287627e-06,0.00018364358082133974,0.11703430623152673,0.00031097418075879665,0.0011143172175689504,0.32533568959829784,1.7712554599029792e-06,-1.2579960291286395e-06,0.19290973712831172,3.885534801127452e-06,-4.4444937565806015e-06,0.32639064767450293,-3.247832432289269e-05,-0.00011189905981412453,0.2,0.0,0.0,0.0,0.0,2.962962962962963,2.962962962962963,1.247366462653332e-05,2.6140786597572685e-05,3.031377375689073,2.9422547907254755,0.004663914470460344,0.00018401245066318057
X+,4.7,2.3,12.763794973001495,0.0,0.30799938242479935,3.6217167281287627e-06,0.00018364358082133974,0.11703430623152673,0.00031097418075879665,0.0011143172175689504,0.32533568959829784,1.7712554599029792e-06,-1.2579960291286395e-06,0.19290973712831172,3.885534801127452e-06,-4.4444937565806015e-06,0.32639064767450293,-3.247832432289269e-05,-0.00011189905981412453,0.2,0.0,0.0,0.0,0.0,2.962962962962963,2.962962962962963,1.247366462653332e-05,2.6140786597572685e-05,3.031377375689073,2.9422547907254755,0.004663914470460344,0.00018401245066318057
X+,4.7,2.3,12.789474167002481,0.0,0.30799938242479935,3.6217167281287627e-06,0.00018364358082133974,0.11703430623152673,0.00031097418075879665,0.0011143172175689504,0.32533568959829784,1.7712554599029792e-06,-1.2579960291286395e-06,0.19290973712831172,3.885534801127452e-06,-4.4444937565806015e-06,0.32639064767450293,-3.247832432289269e-05,-0.00011189905981412453,0.2,0.0,0.0,0.0,0.0,2.962962962962963,2.962962962962963,1.247366462653332e-05,2.6140786597572685e-05,3.031377375689073,2.9422547907254755,0.004663914470460344,0.00018401245066318057
X+,4.7,2.3,12.817950556000142,0.0,0.30823399137880647,3.546460418358058e-06,0.00018332845773690368,0.11671493334886922,0.0003004661702381503,0.0011006436723589327,0.32533568959829784,1.7712554599029792e-06,-1.2579960291286395e-06,0.19290973712831172,3.885534801127452e-06,-4.4444937565806015e-06,0.32639064767450293,-3.247832432289269e-05,-0.00011189905981412453,0.2,0.0,0.0,0.0,0.0,2.962962962962963,2.962962962962963,1.247366462653332e-05,2.6140786597572685e-05,3.031377375689073,2.9422547907254755,0.004663914470460344,0.00018401245066318057
X+,4.7,2.3,12.849601052999787,0.0,0.31066075692416534,2.486364694724401e-06,0.00018451849311148936,0.11390067501942668,0.00040642277746045206,0.0010265045533070225,0.32533568959829784,1.7712554599029792e-06,-1.2579960291286395e-06,0.19290973712831172,3.885534801127452e-06,-4.4444937565806015e-06,0.32639064767450293,-3.247832432289269e-05,-0.00011189905981412453,0.2,0.0,0.0,0.0,0.0,2.962962962962963,2.962962962962963,4.249399338185356e-06,1.3634129760298208e-05,2.82619053278093,2.763181991801479,0.000661005009739218,0.00018297247941914416
X+,4.7,2.3,12.87972981799976,0.0,0.3126997703139654,2.982334848192908e-06,0.00018698802412758875,0.11277747954556136,7.241771163420336e-05,4.453379111350075e-05,0.32533568959829784,1.7712554599029792e-06,-1.2579960291286395e-06,0.19290973712831172,3.885534801127452e-06,-4.4444937565806015e-06,0.32639064767450293,-3.247832432289269e-05,-0.00011189905981412453,0.2,0.0,0.0,0.0,0.0,2.962962962962963,2.962962962962963,-3.5948557775000722e-06,1.3860671777443656e-05,2.7217953594963,2.6574439691887157,-0.0019723268381054864,0.00018679503072921278
X+,4.7,2.3,12.90658123600224,0.0,0.3146214400412876,-2.981318315009758e-06,0.00021354180955776334,0.11362679899407768,-0.00047295592114352127,0.0047868235573466575,0.32533568959829784,1.7712554599029792e-06,-1.2579960291286395e-06,0.19290973712831172,3.885534801127452e-06,-4.4444937565806015e-06,0.32639064767450293,-3.247832432289269e-05,-0.00011189905981412453,0.2,0.0,0.0,0.0,0.0,2.962962962962963,2.962962962962963,-2.0939613838422133e-06,1.6510586116069703e-06,2.4266020534373993,2.3053087176130864,-0.0017088554166686941,0.00018967816003668034
X+,4.7,2.3,12.93352672400215,0.0,0.31706179648200916,-7.982972815507097e-06,0.0003422397751044632,0.1186386977980553,0.0007140494794784078,0.002807286888618539,0.32533568959829784,1.7712554599029792e-06,-1.2579960291286395e-06,0.19290973712831172,3.885534801127452e-06,-4.4444937565806015e-06,0.32639064767450293,-3.247832432289269e-05,-0.00011189905981412453,0.2,0.0,0.0,0.0,0.0,2.962962962962963,2.962962962962963,5.141611478798325e-06,2.3373941282933686e-05,2.023180071059192,1.874820586436794,0.00693049344625543,0.00031434201932640984
X+,4.7,2.3,12.964855598002032,0.0,0.3192609033380998,-5.928894262866545e-06,0.0003348842336797556,0.12514384354907618,0.00018320792772348984,-0.0003746870428624358,0.33775082169091364,1.9283418347113448e-06,-1.6127504843230499e-06,0.12415132092408357,1.7270456168185553e-06,-3.547544551944102e-06,0.32767283465336844,-3.350357781205699e-05,3.8963620150322736e-05,0.2,0.0,0.0,0.0,0.0,2.962962962962963,2.962962962962963,1.128714739806469e-05,2.7619692843927623e-05,1.7372863240704284,1.6320464334482931,0.002975920705726277,0.0003390190433262657
X+,4.800000000000001,2.4000000000000004,12.999402810000902,0.10000000000000053,0.32027760066653105,-5.867515704903806e-06,0.00033095463139347884,0.12836752668645618,0.0001589782214166942,-0.00020597798552755018,0.33775082169091364,1.9283418347113448e-06,-1.6127504843230499e-06,0.12415132092408357,1.7270456168185553e-06,-3.547544551944102e-06,0.32767283465336844,-3.350357781205699e-05,3.8963620150322736e-05,0.2,0.0,0.0,0.0,0.0,2.962962962962963,2.962962962962963,1.1015882544818112e-05,2.5837613087276168e-05,1.662793003427613,1.577274245859367,0.00044387117947935643,0.0003321770760587057
X+,4.800000000000001,2.4000000000000004,13.024188262999814,0.0,0.32027760066653105,-5.867515704903806e-06,0.00033095463139347884,0.12836752668645618,0.0001589782214166942,-0.00020597798552755018,0.33775082169091364,1.9283418347113448e-06,-1.6127504843230499e-06,0.12415132092408357,1.7270456168185553e-06,-3.547544551944102e-06,0.32767283465336844,-3.350357781205699e-05,3.8963620150322736e-05,0.2,0.0,0.0,0.0,0.0,2.962962962962963,2.962962962962963,1.1015882544818112e-05,2.5837613087276168e-05,1.662793003427613,1.577274245859367,0.00044387117947935643,0.0003321770760587057
X+,4.800000000000001,2.4000000000000004,13.051365266001085,0.0,0.32027760066653105,-5.867515704903806e-06,0.00033095463139347884,0.12836752668645618,0.0001589782214166942,-0.00020597798552755018,0.33775082169091364,1.9283418347113448e-06,-1.6127504843230499e-06,0.12415132092408357,1.7270456168185553e-06,-3.547544551944102e-06,0.32767283465336844,-3.350357781205699e-05,3.8963620150322736e-05,0.2,0.0,0.0,0.0,0.0,2.962962962962963,2.962962962962963,1.1015882544818112e-05,2.5837613087276168e-05,1.662793003427613,1.577274245859367,0.00044387117947935643,0.0003321770760587057
X+,4.800000000000001,2.4000000000000004,13.083039829001791,0.0,0.32027760066653105,-5.867515704903806e-06,0.00033095463139347884,0.12836752668645618,0.0001589782214166942,-0.00020597798552755018,0.33775082169091364,1.9283418347113448e-06,-1.6127504843230499e-06,0.12415132092408357,1.7270456168185553e-06,-3.547544551944102e-06,0.32767283465336844,-3.350357781205699e-05,3.8963620150322736e-05,0.2,0.0,0.0,0.0,0.0,2.962962962962963,2.962962962962963,1.1015882544818112e-05,2.5837613087276168e-05,1.662793003427613,1.577274245859367,0.00044387117947935643,0.0003321770760587057
X+,4.800000000000001,2.4000000000000004,13.111825046002195,0.0,0.32027760066653105,-5.867515704903806e-06,0.00033095463139347884,0.12836752668645618,0.0001589782214166942,-0.00020597798552755018,0.33775082169091364,1.9283418347113448e-06,-1.6127504843230499e-06,0.12415132092408357,1.7270456168185553e-06,-3.547544551944102e-06,0.32767283465336844,-3.350357781205699e-05,3.8963620150322736e-05,0.2,0.0,0.0,0.0,0.0,2.962962962962963,2.962962962962963,1.1015882544818112e-05,2.5837613087276168e-05,1.662793003427613,1.577274245859367,0.00044387117947935643,0.0003321770760587057
X+,4.800000000000001,2.4000000000000004,13.14816102900295,0.0,0.32027760066653105,-5.867515704903806e-06,0.00033095463139347884,0.12836752668645618,0.0001589782214166942,-0.00020597798552755018,0.33775082169091364,1.9283418347113448e-06,-1.6127504843230499e-06,0.12415132092408357,1.7270456168185553e-06,-3.547544551944102e-06,0.32767283465336844,-3.350357781205699e-05,3.8963620150322736e-05,0.2,0.0,0.0,0.0,0.0,2.962962962962963,2.962962962962963,1.1015882544818112e-05,2.5837613087276168e-05,1.662793003427613,1.577274245859367,0.00044387117947935643,0.0003321770760587057
X+,4.800000000000001,2.4000000000000004,13.18413490400053,0.0,0.32027760066653105,-5.867515704903806e-06,0.00033095463139347884,0.12836752668645618,0.0001589782214166942,-0.00020597798552755018,0.33775082169091364,1.9283418347113448e-06,-1.6127504843230499e-06,0.12415132092408357,1.7270456168185553e-06,-3.547544551944102e-06,0.32767283465336844,-3.350357781205699e-05,3.8963620150322736e-05,0.2,0.0,0.0,0.0,0.0,2.962962962962963,2.962962962962963,1.1015882544818112e-05,2.5837613087276168e-05,1.662793003427613,1.577274245859367,0.00044387117947935643,0.0003321770760587057
X+,4.800000000000001,2.4000000000000004,13.210772837002878,0.0,0.32027760066653105,-5.867515704903806e-06,0.00033095463139347884,0.12836752668645618,0.0001589782214166942,-0.00020597798552755018,0.33775082169091364,1.9283418347113448e-06,-1.6127504843230499e-06,0.12415132092408357,1.7270456168185553e-06,-3.547544551944102e-06,0.32767283465336844,-3.350357781205699e-05,3.8963620150322736e-05,0.2,0.0,0.0,0.0,0.0,2.962962962962963,2.962962962962963,1.1015882544818112e-05,2.5837613087276168e-05,1.662793003427613,1.577274245859367,0.00044387117947935643,0.0003321770760587057
X+,4.800000000000001,2.4000000000000004,13.236405391002336,0.0,0.32027760066653105,-5.867515704903806e-06,0.00033095463139347884,0.12836752668645618,0.0001589782214166942,-0.00020597798552755018,0.33775082169091364,1.9283418347113448e-06,-1.6127504843230499e-06,0.12415132092408357,1.7270456168185553e-06,-3.547544551944102e-06,0.32767283465336844,-3.350357781205699e-05,3.8963620150322736e-05,0.2,0.0,0.0,0.0,0.0,2.962962962962963,2.962962962962963,1.1015882544818112e-05,2.5837613087276168e-05,1.662793003427613,1.577274245859367,0.00044387117947935643,0.0003321770760587057
X+,4.800000000000001,2.4000000000000004,13.260821848001797,0.0,0.32027760066653105,-5.867515704903806e-06,0.00033095463139347884,0.12836752668645618,0.0001589782214166942,-0.00020597798552755018,0.33775082169091364,1.9283418347113448e-06,-1.6127504843230499e-06,0.12415132092408357,1.7270456168185553e-06,-3.547544551944102e-06,0.32767283465336844,-3.350357781205699e-05,3.8963620150322736e-05,0.2,0.0,0.0,0.0,0.0,2.962962962962963,2.962962962962963,1.1015882544818112e-05,2.5837613087276168e-05,1.662793003427613,1.577274245859367,0.00044387117947935643,0.0003321770760587057
X+,4.800000000000001,2.4000000000000004,13.286419656000362,0.0,0.32027760066653105,-5.867515704903806e-06,0.00033095463139347884,0.12836752668645618,0.0001589782214166942,-0.00020597798552755018,0.33775082169091364,1.9283418347113448e-06,-1.6127504843230499e-06,0.12415132092408357,1.7270456168185553e-06,-3.547544551944102e-06,0.32767283465336844,-3.350357781205699e-05,3.8963620150322736e-05,0.2,0.0,0.0,0.0,0.0,2.962962962962963,2.962962962962963,1.1015882544818112e-05,2.5837613087276168e-05,1.662793003427613,1.577274245859367,0.00044387117947935643,0.0003321770760587057
X+,4.800000000000001,2.4000000000000004,13.31777236200287,0.0,0.32027760066653105,-5.867515704903806e-06,0.00033095463139347884,0.12836752668645618,0.0001589782214166942,-0.00020597798552755018,0.33775082169091364,1.9283418347113448e-06,-1.6127504843230499e-06,0.12415132092408357,1.7270456168185553e-06,-3.547544551944102e-06,0.32767283465336844,-3.350357781205699e-05,3.8963620150322736e-05,0.2,0.0,0.0,0.0,0.0,2.962962962962963,2.962962962962963,1.1015882544818112e-05,2.5837613087276168e-05,1.662793003427613,1.577274245859367,0.00044387117947935643,0.0003321770760587057
X+,4.800000000000001,2.4000000000000004,13.346553584000503,0.0,0.3207956217003709,-5.866512573268756e-06,0.00032940097601721137,0.13002292042060085,0.00018567400386636273,-0.00021491853291101754,0.33775082169091364,1.9283418347113448e-06,-1.6127504843230499e-06,0.12415132092408357,1.7270456168185553e-06,-3.547544551944102e-06,0.32767283465336844,-3.350357781205699e-05,3.8963620150322736e-05,0.2,0.0,0.0,0.0,0.0,2.962962962962963,2.962962962962963,1.1015882544818112e-05,2.5837613087276168e-05,1.662793003427613,1.577274245859367,0.00044387117947935643,0.0003321770760587057
X+,4.800000000000001,2.4000000000000004,13.375400414002797,0.0,0.3230724860982395,-4.87111591809114e-06,0.00032406961845078474,0.13738668156551043,0.0003107408005091977,-0.00030013636214726677,0.33775082169091364,1.9283418347113448e-06,-1.6127504843230499e-06,0.12415132092408357,1.7270456168185553e-06,-3.547544551944102e-06,0.32767283465336844,-3.350357781205699e-05,3.8963620150322736e-05,0.2,0.0,0.0,0.0,0.0,2.962962962962963,2.962962962962963,7.916639423122263e-06,2.082255755198048e-05,1.5643842853338619,1.4809588725455543,-0.0011323134449330223,0.0003252981580719444
X+,4.800000000000001,2.4000000000000004,13.403360978001729,0.0,0.32576668919180246,-3.143837974592216e-06,0.0003196100055272799,0.1458517764581775,0.00034504340839453906,-0.00039165111166139727,0.33775082169091364,1.9283418347113448e-06,-1.6127504843230499e-06,0.12415132092408357,1.7270456168185553e-06,-3.547544551944102e-06,0.32767283465336844,-3.350357781205699e-05,3.8963620150322736e-05,0.2,0.0,0.0,0.0,0.0,2.962962962962963,2.962962962962963,6.415436200057911e-06,1.654036655729385e-05,1.4872125873928428,1.5749586010963332,0.001061126111495517,0.0003200440834673982
X+,4.800000000000001,2.4000000000000004,13.442852198000764,0.0,0.32907758344757065,-1.9218007727165795e-06,0.00031615096777555697,0.15476206019663868,0.0003185157641437265,-0.0006296944282453651,0.33775082169091364,1.9283418347113448e-06,-1.6127504843230499e-06,0.12415132092408357,1.7270456168185553e-06,-3.547544551944102e-06,0.32767283465336844,-3.350357781205699e-05,3.8963620150322736e-05,0.2,0.0,0.0,0.0,0.0,2.962962962962963,2.962962962962963,7.801891075409628e-06,1.2180830927910336e-05,1.5899513487438492,1.7005184793248287,-0.004521716462755496,0.00031637738012243923
X+,4.800000000000001,2.4000000000000004,13.486745479000092,0.0,0.3320826149866957,-8.623399341137553e-07,0.00031465853731865755,0.16148697772882115,4.284451371827175e-05,-3.344109307431109e-05,0.34865487763044334,2.0007117085488522e-06,-1.6972182443594195e-06,0.10904055939398788,8.995539533496778e-07,-8.446776003636992e-07,0.34937139033436854,-3.2560023514941364e-05,-0.00010318320094615555,0.2,0.0,0.0,0.0,0.0,2.962962962962963,2.962962962962963,5.9648069088424904e-06,8.4791041414789e-06,1.7281828329876092,1.8289469705700163,-0.0023945697080767687,0.00031467318325341934
X+,4.9,2.5,13.519134158999805,0.09999999999999964,0.33404043345495704,-7.040890605703592e-08,0.0003135718218698831,0.16486798396812613,0.00030773223040980345,-0.0007352451211059758,0.34865487763044334,2.0007117085488522e-06,-1.6972182443594195e-06,0.10904055939398788,8.995539533496778e-07,-8.446776003636992e-07,0.34937139033436854,-3.2560023514941364e-05,-0.00010318320094615555,0.2,0.0,0.0,0.0,0.0,2.962962962962963,2.962962962962963,5.847437554606927e-06,7.019297442845129e-06,1.7964538772238925,1.8916365431971294,0.0020363080738029183,0.0003138940917607269
X+,4.9,2.5,13.54824882000321,0.0,0.33404043345495704,-7.040890605703592e-08,0.0003135718218698831,0.16486798396812613,0.00030773223040980345,-0.0007352451211059758,0.34865487763044334,2.0007117085488522e-06,-1.6972182443594195e-06,0.10904055939398788,8.995539533496778e-07,-8.446776003636992e-07,0.34937139033436854,-3.2560023514941364e-05,-0.00010318320094615555,0.2,0.0,0.0,0.0,0.0,2.962962962962963,2.962962962962963,5.847437554606927e-06,7.019297442845129e-06,1.7964538772238925,1.8916365431971294,0.0020363080738029183,0.0003138940917607269
X+,4.9,2.5,13.580644315999962,0.0,0.33404043345495704,-7.040890605703592e-08,0.0003135718218698831,0.16486798396812613,0.00030773223040980345,-0.0007352451211059758,0.34865487763044334,2.0007117085488522e-06,-1.6972182443594195e-06,0.10904055939398788,8.995539533496778e-07,-8.446776003636992e-07,0.34937139033436854,-3.2560023514941364e-05,-0.00010318320094615555,0.2,0.0,0.0,0.0,0.0,2.962962962962963,2.962962962962963,5.847437554606927e-06,7.019297442845129e-06,1.7964538772238925,1.8916365431971294,0.0020363080738029183,0.0003138940917607269
X+,4.9,2.5,13.612820543999987,0.0,0.33404043345495704,-7.040890605703592e-08,0.0003135718218698831,0.16486798396812613,0.00030773223040980345,-0.0007352451211059758,0.34865487763044334,2.0007117085488522e-06,-1.6972182443594195e-06,0.10904055939398788,8.995539533496778e-07,-8.446776003636992e-07,0.34937139033436854,-3.2560023514941364e-05,-0.00010318320094615555,0.2,0.0,0.0,0.0,0.0,2.962962962962963,2.962962962962963,5.847437554606927e-06,7.019297442845129e-06,1.7964538772238925,1.8916365431971294,0.0020363080738029183,0.0003138940917607269
X+,4.9,2.5,13.651340080999944,0.0,0.33404043345495704,-7.040890605703592e-08,0.0003135718218698831,0.16486798396812613,0.00030773223040980345,-0.0007352451211059758,0.34865487763044334,2.0007117085488522e-06,-1.6972182443594195e-06,0.10904055939398788,8.995539533496778e-07,-8.446776003636992e-07,0.34937139033436854,-3.2560023514941364e-05,-0.00010318320094615555,0.2,0.0,0.0,0.0,0.0,2.962962962962963,2.962962962962963,5.847437554606927e-06,7.019297442845129e-06,1.7964538772238925,1.8916365431971294,0.0020363080738029183,0.0003138940917607269
X+,4.9,2.5,13.680700793000142,0.0,0.33404043345495704,-7.040890605703592e-08,0.0003135718218698831,0.16486798396812613,0.00030773223040980345,-0.0007352451211059758,0.34865487763044334,2.0007117085488522e-06,-1.6972182443594195e-06,0.10904055939398788,8.995539533496778e-07,-8.446776003636992e-07,0.34937139033436854,-3.2560023514941364e-05,-0.00010318320094615555,0.2,0.0,0.0,0.0,0.0,2.962962962962963,2.962962962962963,5.847437554606927e-06,7.019297442845129e-06,1.7964538772238925,1.8916365431971294,0.0020363080738029183,0.0003138940917607269
X+,4.9,2.5,13.712979330000962,0.0,0.33404043345495704,-7.040890605703592e-08,0.0003135718218698831,0.16486798396812613,0.00030773223040980345,-0.0007352451211059758,0.34865487763044334,2.0007117085488522e-06,-1.6972182443594195e-06,0.10904055939398788,8.995539533496778e-07,-8.446776003636992e-07,0.34937139033436854,-3.2560023514941364e-05,-0.00010318320094615555,0.2,0.0,0.0,0.0,0.0,2.962962962962963,2.962962962962963,5.847437554606927e-06,7.019297442845129e-06,1.7964538772238925,1.8916365431971294,0.0020363080738029183,0.0003138940917607269
X+,4.9,2.5,13.741450338002323,0.0,0.33404043345495704,-7.040890605703592e-08,0.0003135718218698831,0.16486798396812613,0.00030773223040980345,-0.0007352451211059758,0.34865487763044334,2.0007117085488522e-06,-1.6972182443594195e-06,0.10904055939398788,8.995539533496778e-07,-8.446776003636992e-07,0.34937139033436854,-3.2560023514941364e-05,-0.00010318320094615555,0.2,0.0,0.0,0.0,0.0,2.962962962962963,2.962962962962963,5.847437554606927e-06,7.019297442845129e-06,1.7964538772238925,1.8916365431971294,0.0020363080738029183,0.0003138940917607269
X+,4.9,2.5,13.773835152001993,0.0,0.33404043345495704,-7.040890605703592e-08,0.0003135718218698831,0.16486798396812613,0.00030773223040980345,-0.0007352451211059758,0.34865487763044334,2.0007117085488522e-06,-1.6972182443594195e-06,0.10904055939398788,8.995539533496778e-07,-8.446776003636992e-07,0.34937139033436854,-3.2560023514941364e-05,-0.00010318320094615555,0.2,0.0,0.0,0.0,0.0,2.962962962962963,2.962962962962963,5.847437554606927e-06,7.019297442845129e-06,1.7964538772238925,1.8916365431971294,0.0020363080738029183,0.0003138940917607269
X+,4.9,2.5,13.80005002800317,0.0,0.33404043345495704,-7.040890605703592e-08,0.0003135718218698831,0.16486798396812613,0.00030773223040980345,-0.0007352451211059758,0.34865487763044334,2.0007117085488522e-06,-1.6972182443594195e-06,0.10904055939398788,8.995539533496778e-07,-8.446776003636992e-07,0.34937139033436854,-3.2560023514941364e-05,-0.00010318320094615555,0.2,0.0,0.0,0.0,0.0,2.962962962962963,2.962962962962963,5.847437554606927e-06,7.019297442845129e-06,1.7964538772238925,1.8916365431971294,0.0020363080738029183,0.0003138940917607269
X+,4.9,2.5,13.833873760002461,0.0,0.33404043345495704,-7.040890605703592e-08,0.0003135718218698831,0.16486798396812613,0.00030773223040980345,-0.0007352451211059758,0.34865487763044334,2.0007117085488522e-06,-1.6972182443594195e-06,0.10904055939398788,8.995539533496778e-07,-8.446776003636992e-07,0.34937139033436854,-3.2560023514941364e-05,-0.00010318320094615555,0.2,0.0,0.0,0.0,0.0,2.962962962962963,2.962962962962963,5.847437554606927e-06,7.019297442845129e-06,1.7964538772238925,1.8916365431971294,0.0020363080738029183,0.0003138940917607269
X+,4.9,2.5,13.862009346001287,0.0,0.33404043345495704,-7.040890605703592e-08,0.0003135718218698831,0.16486798396812613,0.00030773223040980345,-0.0007352451211059758,0.34865487763044334,2.0007117085488522e-06,-1.6972182443594195e-06,0.10904055939398788,8.995539533496778e-07,-8.446776003636992e-07,0.34937139033436854,-3.2560023514941364e-05,-0.00010318320094615555,0.2,0.0,0.0,0.0,0.0,2.962962962962963,2.962962962962963,5.847437554606927e-06,7.019297442845129e-06,1.7964538772238925,1.8916365431971294,0.0020363080738029183,0.0003138940917607269
X+,4.9,2.5,13.893452512002114,0.0,0.3372212453806348,9.747417834193514e-07,0.00031237436790140365,0.16972627126257708,0.00030035416564829295,-0.0006293778648611117,0.34865487763044334,2.0007117085488522e-06,-1.6972182443594195e-06,0.10904055939398788,8.995539533496778e-07,-8.446776003636992e-07,0.34937139033436854,-3.2560023514941364e-05,-0.00010318320094615555,0.2,0.0,0.0,0.0,0.0,2.962962962962963,2.962962962962963,5.619970710135647e-06,-5.4540784404366605e-06,1.9249358574384965,2.0086750293320423,-0.0010987899055326493,0.0003123745360293171
X+,4.9,2.5,13.928998673000024,0.0,0.34100769272235554,2.115864922822182e-06,0.0003109571766816855,0.17423838424058422,0.0003192601772985497,-0.0006929062529873051,0.34865487763044334,2.0007117085488522e-06,-1.6972182443594195e-06,0.10904055939398788,8.995539533496778e-07,-8.446776003636992e-07,0.34937139033436854,-3.2560023514941364e-05,-0.00010318320094615555,0.2,0.0,0.0,0.0,0.0,2.962962962962963,2.962962962962963,5.355490312553002e-06,-5.91869978361359e-06,2.039495424003602,2.113471290735712,0.0019021330609130449,0.00031124791949529713
X+,4.9,2.5,13.95412215000033,0.0,0.3434642754721168,2.635597428669867e-06,0.00031043214068668834,0.17656397127486315,0.0003003062913228574,-0.0006712612948627628,0.34865487763044334,2.0007117085488522e-06,-1.6972182443594195e-06,0.10904055939398788,8.995539533496778e-07,-8.446776003636992e-07,0.34937139033436854,-3.2560023514941364e-05,-0.00010318320094615555,0.2,0.0,0.0,0.0,0.0,2.962962962962963,2.962962962962963,4.785193384648778e-06,5.222414718453194e-06,2.090865399918258,2.159996375448199,-0.0011710969675587672,0.00031043266176739444
X+,4.9,2.5,13.98355192300005,0.0,0.34648707170944476,3.3052057691832643e-06,0.000309594371840007,0.17889203295955053,0.0003403942909319155,-0.000806928325643536,0.34865487763044334,2.0007117085488522e-06,-1.6972182443594195e-06,0.10904055939398788,8.995539533496778e-07,-8.446776003636992e-07,0.34937139033436854,-3.2560023514941364e-05,-0.00010318320094615555,0.2,0.0,0.0,0.0,0.0,2.962962962962963,2.962962962962963,-6.818978928180286e-06,6.526507354998046e-06,2.182461572249805,2.2436883774734353,-0.0002644441620028277,0.00030978516188095236
X+,4.9,2.5,14.010703544001444,0.0,0.34918398936407896,4.112755862332486e-06,0.0003082009318157603,0.18054858556564288,0.0002752305957173526,-0.000657062655564959,0.36299804606345054,1.9874397377110383e-06,-1.947624201272541e-06,0.14343168433009074,1.1071516308613479e-07,-2.504059569131221e-06,0.35883118807312137,-3.420176281384142e-05,-0.00016231561532364946,0.2,0.0,0.0,0.0,0.0,2.962962962962963,2.962962962962963,4.333690571733939e-06,5.555282907465653e-06,2.260057654319249,2.3140863447652493,0.0044683139349537895,0.0003082654500338075
X+,5.0,2.5999999999999996,14.039177510003356,0.09999999999999964,0.35226726894844934,4.523105682274764e-06,0.00030822900867679873,0.1820315961692112,0.00032509666837243843,-0.0008433669586478685,0.36299804606345054,1.9874397377110383e-06,-1.947624201272541e-06,0.14343168433009074,1.1071516308613479e-07,-2.504059569131221e-06,0.35883118807312137,-3.420176281384142e-05,-0.00016231561532364946,0.2,0.0,0.0,0.0,0.0,2.962962962962963,2.962962962962963,-4.7494762034361315e-06,5.59165861524491e-06,2.294271043690193,2.3453980782739774,0.0008735270684553368,0.0003082049950367036
X+,5.0,2.5999999999999996,14.067388354000286,0.0,0.3531785966509835,4.74481379834045e-06,0.0003081902675784081,0.18239596989335952,0.00032542639579180593,-0.0009148522319048828,0.36299804606345054,1.9874397377110383e-06,-1.947624201272541e-06,0.14343168433009074,1.1071516308613479e-07,-2.504059569131221e-06,0.35883118807312137,-3.420176281384142e-05,-0.00016231561532364946,0.2,0.0,0.0,0.0,0.0,2.962962962962963,2.962962962962963,-4.415330368878756e-06,5.6095524350041615e-06,2.3256614703909073,2.3738358717066683,0.0008735270684553368,0.0003082049950367036
X+,5.0,2.5999999999999996,14.094978985001944,0.0,0.3531785966509835,4.74481379834045e-06,0.0003081902675784081,0.18239596989335952,0.00032542639579180593,-0.0009148522319048828,0.36299804606345054,1.9874397377110383e-06,-1.947624201272541e-06,0.14343168433009074,1.1071516308613479e-07,-2.504059569131221e-06,0.35883118807312137,-3.420176281384142e-05,-0.00016231561532364946,0.2,0.0,0.0,0.0,0.0,2.962962962962963,2.962962962962963,-4.415330368878756e-06,5.6095524350041615e-06,2.3256614703909073,2.3738358717066683,0.0008735270684553368,0.0003082049950367036
X+,5.0,2.5999999999999996,14.118805584002985,0.0,0.3531785966509835,4.74481379834045e-06,0.0003081902675784081,0.18239596989335952,0.00032542639579180593,-0.0009148522319048828,0.36299804606345054,1.9874397377110383e-06,-1.947624201272541e-06,0.14343168433009074,1.1071516308613479e-07,-2.504059569131221e-06,0.35883118807312137,-3.420176281384142e-05,-0.00016231561532364946,0.2,0.0,0.0,0.0,0.0,2.962962962962963,2.962962962962963,-4.415330368878756e-06,5.6095524350041615e-06,2.3256614703909073,2.3738358717066683,0.0008735270684553368,0.0003082049950367036
X+,5.0,2.5999999999999996,14.144811011003185,0.0,0.3531785966509835,4.74481379834045e-06,0.0003081902675784081,0.18239596989335952,0.00032542639579180593,-0.0009148522319048828,0.36299804606345054,1.9874397377110383e-06,-1.947624201272541e-06,0.14343168433009074,1.1071516308613479e-07,-2.504059569131221e-06,0.35883118807312137,-3.420176281384142e-05,-0.00016231561532364946,0.2,0.0,0.0,0.0,0.0,2.962962962962963,2.962962962962963,-4.415330368878756e-06,5.6095524350041615e-06,2.3256614703909073,2.3738358717066683,0.0008735270684553368,0.0003082049950367036
X+,5.0,2.5999999999999996,14.172303824001574,0.0,0.3531785966509835,4.74481379834045e-06,0.0003081902675784081,0.18239596989335952,0.00032542639579180593,-0.0009148522319048828,0.36299804606345054,1.9874397377110383e-06,-1.947624201272541e-06,0.14343168433009074,1.1071516308613479e-07,-2.504059569131221e-06,0.35883118807312137,-3.420176281384142e-05,-0.00016231561532364946,0.2,0.0,0.0,0.0,0.0,2.962962962962963,2.962962962962963,-4.415330368878756e-06,5.6095524350041615e-06,2.3256614703909073,2.3738358717066683,0.0008735270684553368,0.0003082049950367036
X+,5.0,2.5999999999999996,14.206241144001979,0.0,0.3531785966509835,4.74481379834045e-06,0.0003081902675784081,0.18239596989335952,0.00032542639579180593,-0.0009148522319048828,0.36299804606345054,1.9874397377110383e-06,-1.947624201272541e-06,0.14343168433009074,1.1071516308613479e-07,-2.504059569131221e-06,0.35883118807312137,-3.420176281384142e-05,-0.00016231561532364946,0.2,0.0,0.0,0.0,0.0,2.962962962962963,2.962962962962963,-4.415330368878756e-06,5.6095524350041615e-06,2.3256614703909073,2.3738358717066683,0.0008735270684553368,0.0003082049950367036
X+,5.0,2.5999999999999996,14.236101683000015,0.0,0.3531785966509835,4.74481379834045e-06,0.0003081902675784081,0.18239596989335952,0.00032542639579180593,-0.0009148522319048828,0.36299804606345054,1.9874397377110383e-06,-1.947624201272541e-06,0.14343168433009074,1.1071516308613479e-07,-2.504059569131221e-06,0.35883118807312137,-3.420176281384142e-05,-0.00016231561532364946,0.2,0.0,0.0,0.0,0.0,2.962962962962963,2.962962962962963,-4.415330368878756e-06,5.6095524350041615e-06,2.3256614703909073,2.3738358717066683,0.0008735270684553368,0.0003082049950367036
X+,5.0,2.5999999999999996,14.264720928000315,0.0,0.3531785966509835,4.74481379834045e-06,0.0003081902675784081,0.18239596989335952,0.00032542639579180593,-0.0009148522319048828,0.36299804606345054,1.9874397377110383e-06,-1.947624201272541e-06,0.14343168433009074,1.1071516308613479e-07,-2.504059569131221e-06,0.35883118807312137,-3.420176281384142e-05,-0.00016231561532364946,0.2,0.0,0.0,0.0,0.0,2.962962962962963,2.962962962962963,-4.415330368878756e-06,5.6095524350041615e-06,2.3256614703909073,2.3738358717066683,0.0008735270684553368,0.0003082049950367036
X+,5.0,2.5999999999999996,14.297533736000332,0.0,0.3531785966509835,4.74481379834045e-06,0.0003081902675784081,0.18239596989335952,0.00032542639579180593,-0.0009148522319048828,0.36299804606345054,1.9874397377110383e-06,-1.947624201272541e-06,0.14343168433009074,1.1071516308613479e-07,-2.504059569131221e-06,0.35883118807312137,-3.420176281384142e-05,-0.00016231561532364946,0.2,0.0,0.0,0.0,0.0,2.962962962962963,2.962962962962963,-4.415330368878756e-06,5.6095524350041615e-06,2.3256614703909073,2.3738358717066683,0.0008735270684553368,0.0003082049950367036
X+,5.0,2.5999999999999996,14.327511763000075,0.0,0.3531785966509835,4.74481379834045e-06,0.0003081902675784081,0.18239596989335952,0.00032542639579180593,-0.0009148522319048828,0.36299804606345054,1.9874397377110383e-06,-1.947624201272541e-06,0.14343168433009074,1.1071516308613479e-07,-2.504059569131221e-06,0.35883118807312137,-3.420176281384142e-05,-0.00016231561532364946,0.2,0.0,0.0,0.0,0.0,2.962962962962963,2.962962962962963,-4.415330368878756e-06,5.6095524350041615e-06,2.3256614703909073,2.3738358717066683,0.0008735270684553368,0.0003082049950367036
X+,5.0,2.5999999999999996,14.354996931000642,0.0,0.3531785966509835,4.74481379834045e-06,0.0003081902675784081,0.18239596989335952,0.00032542639579180593,-0.0009148522319048828,0.36299804606345054,1.9874397377110383e-06,-1.947624201272541e-06,0.14343168433009074,1.1071516308613479e-07,-2.504059569131221e-06,0.35883118807312137,-3.420176281384142e-05,-0.00016231561532364946,0.2,0.0,0.0,0.0,0.0,2.962962962962963,2.962962962962963,-4.415330368878756e-06,5.6095524350041615e-06,2.3256614703909073,2.3738358717066683,0.0008735270684553368,0.0003082049950367036
X+,5.0,2.5999999999999996,14.385018569002568,0.0,0.3531785966509835,4.74481379834045e-06,0.0003081902675784081,0.18239596989335952,0.00032542639579180593,-0.0009148522319048828,0.36299804606345054,1.9874397377110383e-06,-1.947624201272541e-06,0.14343168433009074,1.1071516308613479e-07,-2.504059569131221e-06,0.35883118807312137,-3.420176281384142e-05,-0.00016231561532364946,0.2,0.0,0.0,0.0,0.0,2.962962962962963,2.962962962962963,-4.415330368878756e-06,5.6095524350041615e-06,2.3256614703909073,2.3738358717066683,0.0008735270684553368,0.0003082049950367036
X+,5.0,2.5999999999999996,14.41542790600215,0.0,0.3531785966509835,4.74481379834045e-06,0.0003081902675784081,0.18239596989335952,0.00032542639579180593,-0.0009148522319048828,0.36299804606345054,1.9874397377110383e-06,-1.947624201272541e-06,0.14343168433009074,1.1071516308613479e-07,-2.504059569131221e-06,0.35883118807312137,-3.420176281384142e-05,-0.00016231561532364946,0.2,0.0,0.0,0.0,0.0,2.962962962962963,2.962962962962963,-4.415330368878756e-06,5.6095524350041615e-06,2.3256614703909073,2.3738358717066683,0.0008735270684553368,0.0003082049950367036
X+,5.0,2.5999999999999996,14.455629487001715,0.0,0.3531785966509835,4.74481379834045e-06,0.0003081902675784081,0.18239596989335952,0.00032542639579180593,-0.0009148522319048828,0.36299804606345054,1.9874397377110383e-06,-1.947624201272541e-06,0.14343168433009074,1.1071516308613479e-07,-2.504059569131221e-06,0.35883118807312137,-3.420176281384142e-05,-0.00016231561532364946,0.2,0.0,0.0,0.0,0.0,2.962962962962963,2.962962962962963,-4.415330368878756e-06,5.6095524350041615e-06,2.3256614703909073,2.3738358717066683,0.0008735270684553368,0.0003082049950367036
X+,5.0,2.5999999999999996,14.48779628900229,0.0,0.3568400882723843,5.938070634917657e-06,0.000306024490669202,0.18356905652461272,0.00024984221200615147,-0.0007736628557929335,0.36299804606345054,1.9874397377110383e-06,-1.947624201272541e-06,0.14343168433009074,1.1071516308613479e-07,-2.504059569131221e-06,0.35883118807312137,-3.420176281384142e-05,-0.00016231561532364946,0.2,0.0,0.0,0.0,0.0,2.962962962962963,2.962962962962963,-4.169239647744405e-06,5.3306121223783975e-06,2.380368913806962,2.422690387997657,0.00020250442155739148,0.0003062008581786725
X+,5.0,2.5999999999999996,14.511768809003115,0.0,0.3594151507050518,6.17862188057039e-06,0.0003059211529367968,0.1841510542754272,0.0002935578594163655,-0.0009009087745257975,0.36299804606345054,1.9874397377110383e-06,-1.947624201272541e-06,0.14343168433009074,1.1071516308613479e-07,-2.504059569131221e-06,0.35883118807312137,-3.420176281384142e-05,-0.00016231561532364946,0.2,0.0,0.0,0.0,0.0,2.962962962962963,2.962962962962963,-4.085349011084816e-06,5.3892824878332135e-06,2.404121237971761,2.4440027888083375,0.0018955522213050461,0.0003059211529367968
X+,5.0,2.5999999999999996,14.542019805001473,0.0,0.3634750456832318,7.564623012436614e-06,0.0003032933677747185,0.18473330779024907,0.00024407395538372437,-0.0007876455137983284,0.36299804606345054,1.9874397377110383e-06,-1.947624201272541e-06,0.14343168433009074,1.1071516308613479e-07,-2.504059569131221e-06,0.35883118807312137,-3.420176281384142e-05,-0.00016231561532364946,0.2,0.0,0.0,0.0,0.0,2.962962962962963,2.962962962962963,-3.961003887553716e-06,5.151414842252677e-06,2.4631811595892916,2.496493757940057,-0.0016132624091520593,0.0003035866089646728
X+,5.0,2.5999999999999996,14.56986071600113,0.0,0.3664337716825014,7.84118020179421e-06,0.0003030186615013014,0.1849408885642783,0.00026050169984973107,-0.0008315605345396374,0.36299804606345054,1.9874397377110383e-06,-1.947624201272541e-06,0.14343168433009074,1.1071516308613479e-07,-2.504059569131221e-06,0.35883118807312137,-3.420176281384142e-05,-0.00016231561532364946,0.2,0.0,0.0,0.0,0.0,2.962962962962963,2.962962962962963,-3.907828632243593e-06,5.188762556507243e-06,2.4793932147280526,2.51079475126866,0.0014967039877131765,0.0003030551537244521
X+,5.0,2.5999999999999996,14.597860241003218,0.0,0.3684692863342345,8.093352335072392e-06,0.0003028794358901789,0.18499460175116528,0.0003018326680051896,-0.0009539546351421825,0.3789800594618636,1.9646770089419045e-06,-2.200698460776157e-06,0.1598201339842708,8.364227310700966e-08,-2.530742595036156e-06,0.3758388503064384,-3.30614891492778e-05,-9.458541279583349e-05,0.2,0.0,0.0,0.0,0.0,2.962962962962963,2.962962962962963,-4.2529464021612284e-06,5.243491182582716e-06,2.494112797101042,2.523787799008667,-0.0004163314103275615,0.0003029890959807473
X+,5.1000000000000005,2.7,14.631444365000789,0.10000000000000053,0.37069018915673446,8.902428257356529e-06,0.0003013647174143073,0.1849806441749118,0.0002936161622341258,-0.0009400841429132369,0.3789800594618636,1.9646770089419045e-06,-2.200698460776157e-06,0.1598201339842708,8.364227310700966e-08,-2.530742595036156e-06,0.3758388503064384,-3.30614891492778e-05,-9.458541279583349e-05,0.2,0.0,0.0,0.0,0.0,2.962962962962963,2.962962962962963,-3.775695565977344e-06,5.274052155890274e-06,2.507459147047708,2.5354580853098794,-0.001280565530388019,0.0003015629839523924
X+,5.1000000000000005,2.7,14.661410157001228,0.0,0.37069018915673446,8.902428257356529e-06,0.0003013647174143073,0.1849806441749118,0.0002936161622341258,-0.0009400841429132369,0.3789800594618636,1.9646770089419045e-06,-2.200698460776157e-06,0.1598201339842708,8.364227310700966e-08,-2.530742595036156e-06,0.3758388503064384,-3.30614891492778e-05,-9.458541279583349e-05,0.2,0.0,0.0,0.0,0.0,2.962962962962963,2.962962962962963,-3.775695565977344e-06,5.274052155890274e-06,2.507459147047708,2.5354580853098794,-0.001280565530388019,0.0003015629839523924
X+,5.1000000000000005,2.7,14.688116629000433,0.0,0.37069018915673446,8.902428257356529e-06,0.0003013647174143073,0.1849806441749118,0.0002936161622341258,-0.0009400841429132369,0.3789800594618636,1.9646770089419045e-06,-2.200698460776157e-06,0.1598201339842708,8.364227310700966e-08,-2.530742595036156e-06,0.3758388503064384,-3.30614891492778e-05,-9.458541279583349e-05,0.2,0.0,0.0,0.0,0.0,2.962962962962963,2.962962962962963,-3.775695565977344e-06,5.274052155890274e-06,2.507459147047708,2.5354580853098794,-0.001280565530388019,0.0003015629839523924
X+,5.1000000000000005,2.7,14.715649765003036,0.0,0.37069018915673446,8.902428257356529e-06,0.0003013647174143073,0.1849806441749118,0.0002936161622341258,-0.0009400841429132369,0.3789800594618636,1.9646770089419045e-06,-2.200698460776157e-06,0.1598201339842708,8.364227310700966e-08,-2.530742595036156e-06,0.3758388503064384,-3.30614891492778e-05,-9.458541279583349e-05,0.2,0.0,0.0,0.0,0.0,2.962962962962963,2.962962962962963,-3.775695565977344e-06,5.274052155890274e-06,2.507459147047708,2.5354580853098794,-0.001280565530388019,0.0003015629839523924
X+,5.1000000000000005,2.7,14.74097528800121,0.0,0.37069018915673446,8.902428257356529e-06,0.0003013647174143073,0.1849806441749118,0.0002936161622341258,-0.0009400841429132369,0.3789800594618636,1.9646770089419045e-06,-2.200698460776157e-06,0.1598201339842708,8.364227310700966e-08,-2.530742595036156e-06,0.3758388503064384,-3.30614891492778e-05,-9.458541279583349e-05,0.2,0.0,0.0,0.0,0.0,2.962962962962963,2.962962962962963,-3.775695565977344e-06,5.274052155890274e-06,2.507459147047708,2.5354580853098794,-0.001280565530388019,0.0003015629839523924
X+,5.1000000000000005,2.7,14.772381638002116,0.0,0.37069018915673446,8.902428257356529e-06,0.0003013647174143073,0.1849806441749118,0.0002936161622341258,-0.0009400841429132369,0.3789800594618636,1.9646770089419045e-06,-2.200698460776157e-06,0.1598201339842708,8.364227310700966e-08,-2.530742595036156e-06,0.3758388503064384,-3.30614891492778e-05,-9.458541279583349e-05,0.2,0.0,0.0,0.0,0.0,2.962962962962963,2.962962962962963,-3.775695565977344e-06,5.274052155890274e-06,2.507459147047708,2.5354580853098794,-0.001280565530388019,0.0003015629839523924
X+,5.1000000000000005,2.7,14.811425558000337,0.0,0.37069018915673446,8.902428257356529e-06,0.0003013647174143073,0.1849806441749118,0.0002936161622341258,-0.0009400841429132369,0.3789800594618636,1.9646770089419045e-06,-2.200698460776157e-06,0.1598201339842708,8.364227310700966e-08,-2.530742595036156e-06,0.3758388503064384,-3.30614891492778e-05,-9.458541279583349e-05,0.2,0.0,0.0,0.0,0.0,2.962962962962963,2.962962962962963,-3.775695565977344e-06,5.274052155890274e-06,2.507459147047708,2.5354580853098794,-0.001280565530388019,0.0003015629839523924
X+,5.1000000000000005,2.7,14.841183042000921,0.0,0.37069018915673446,8.902428257356529e-06,0.0003013647174143073,0.1849806441749118,0.0002936161622341258,-0.0009400841429132369,0.3789800594618636,1.9646770089419045e-06,-2.200698460776157e-06,0.1598201339842708,8.364227310700966e-08,-2.530742595036156e-06,0.3758388503064384,-3.30614891492778e-05,-9.458541279583349e-05,0.2,0.0,0.0,0.0,0.0,2.962962962962963,2.962962962962963,-3.775695565977344e-06,5.274052155890274e-06,2.507459147047708,2.5354580853098794,-0.001280565530388019,0.0003015629839523924
X+,5.1000000000000005,2.7,14.870451386999775,0.0,0.37069018915673446,8.902428257356529e-06,0.0003013647174143073,0.1849806441749118,0.0002936161622341258,-0.0009400841429132369,0.3789800594618636,1.9646770089419045e-06,-2.200698460776157e-06,0.1598201339842708,8.364227310700966e-08,-2.530742595036156e-06,0.3758388503064384,-3.30614891492778e-05,-9.458541279583349e-05,0.2,0.0,0.0,0.0,0.0,2.962962962962963,2.962962962962963,-3.775695565977344e-06,5.274052155890274e-06,2.507459147047708,2.5354580853098794,-0.001280565530388019,0.0003015629839523924
X+,5.1000000000000005,2.7,14.89674613399984,0.0,0.37069018915673446,8.902428257356529e-06,0.0003013647174143073,0.1849806441749118,0.0002936161622341258,-0.0009400841429132369,0.3789800594618636,1.9646770089419045e-06,-2.200698460776157e-06,0.1598201339842708,8.364227310700966e-08,-2.530742595036156e-06,0.3758388503064384,-3.30614891492778e-05,-9.458541279583349e-05,0.2,0.0,0.0,0.0,0.0,2.962962962962963,2.962962962962963,-3.775695565977344e-06,5.274052155890274e-06,2.507459147047708,2.5354580853098794,-0.001280565530388019,0.0003015629839523924
X+,5.1000000000000005,2.7,14.927959417000238,0.0,0.37069018915673446,8.902428257356529e-06,0.0003013647174143073,0.1849806441749118,0.0002936161622341258,-0.0009400841429132369,0.3789800594618636,1.9646770089419045e-06,-2.200698460776157e-06,0.1598201339842708,8.364227310700966e-08,-2.530742595036156e-06,0.3758388503064384,-3.30614891492778e-05,-9.458541279583349e-05,0.2,0.0,0.0,0.0,0.0,2.962962962962963,2.962962962962963,-3.775695565977344e-06,5.274052155890274e-06,2.507459147047708,2.5354580853098794,-0.001280565530388019,0.0003015629839523924
X+,5.1000000000000005,2.7,14.955944069002726,0.0,0.37069018915673446,8.902428257356529e-06,0.0003013647174143073,0.1849806441749118,0.0002936161622341258,-0.0009400841429132369,0.3789800594618636,1.9646770089419045e-06,-2.200698460776157e-06,0.1598201339842708,8.364227310700966e-08,-2.530742595036156e-06,0.3758388503064384,-3.30614891492778e-05,-9.458541279583349e-05,0.2,0.0,0.0,0.0,0.0,2.962962962962963,2.962962962962963,-3.775695565977344e-06,5.274052155890274e-06,2.507459147047708,2.5354580853098794,-0.001280565530388019,0.0003015629839523924
X+,5.1000000000000005,2.7,14.98667036400002,0.0,0.37309550853887696,9.536189327179895e-06,0.00030012828779737137,0.18488913887354952,0.00022568242686850216,-0.0007477450804819993,0.3789800594618636,1.9646770089419045e-06,-2.200698460776157e-06,0.1598201339842708,8.364227310700966e-08,-2.530742595036156e-06,0.3758388503064384,-3.30614891492778e-05,-9.458541279583349e-05,0.2,0.0,0.0,0.0,0.0,2.962962962962963,2.962962962962963,-3.7388212676958688e-06,5.00595183083874e-06,2.5303819902777964,2.555190734270243,-0.00035670245835050916,0.00030011960215430244
X+,5.1000000000000005,2.7,15.050653358001,0.0,0.3736503836565394,9.573561043631391e-06,0.0003001299673745261,0.1848578939016202,0.00023608470509252043,-0.0007678351579334223,0.3789800594618636,1.9646770089419045e-06,-2.200698460776157e-06,0.1598201339842708,8.364227310700966e-08,-2.530742595036156e-06,0.3758388503064384,-3.30614891492778e-05,-9.458541279583349e-05,0.2,0.0,0.0,0.0,0.0,2.962962962962963,2.962962962962963,-4.161247908918142e-06,5.1314109903444205e-06,2.5492407447304983,2.5713413648447383,0.0021350525834393395,0.00030009813700175103
X+,5.1000000000000005,2.7,15.08353582300333,0.0,0.37974557615883575,1.1161468936616084e-05,0.00029787698295956415,0.18430345284430275,0.00025862453518941204,-0.0008075301857823072,0.3789800594618636,1.9646770089419045e-06,-2.200698460776157e-06,0.1598201339842708,8.364227310700966e-08,-2.530742595036156e-06,0.3758388503064384,-3.30614891492778e-05,-9.458541279583349e-05,0.2,0.0,0.0,0.0,0.0,2.962962962962963,2.962962962962963,3.6376866834331167e-06,4.8826312459837595e-06,2.564556092970557,2.584113755120656,-0.003041938037395695,0.0002984246031398415
X+,5.1000000000000005,2.7,15.151663394000934,0.0,0.38361278430849444,1.178491453634068e-05,0.000297759235293304,0.1837850111178145,0.00028904669241353303,-0.0007352282142776695,0.3789800594618636,1.9646770089419045e-06,-2.200698460776157e-06,0.1598201339842708,8.364227310700966e-08,-2.530742595036156e-06,0.3758388503064384,-3.30614891492778e-05,-9.458541279583349e-05,0.2,0.0,0.0,0.0,0.0,2.962962962962963,2.962962962962963,3.4179009675838756e-06,5.0026040971928865e-06,2.5770880247213985,2.5943536924725294,-0.0006027989316707349,0.0002976285614066625
X+,5.1000000000000005,2.7,15.20725062800193,0.0,0.38563387842550845,1.2269919514985503e-05,0.00029822204026130303,0.18347377611538818,0.00032110954322573466,-0.0008264224957367223,0.39545110133108774,1.9978200305191132e-06,-2.244966871315431e-06,0.16471041869111325,6.939081806608025e-07,-4.426841053927336e-07,0.3758388503064384,-3.30614891492778e-05,-9.458541279583349e-05,0.2,0.0,0.0,0.0,0.0,2.962962962962963,2.962962962962963,3.4179009675838756e-06,5.0026040971928865e-06,2.5770880247213985,2.5943536924725294,0.001887917570270823,0.0002980474103727088
X+,5.2,2.8,15.243371788001241,0.09999999999999964,0.38783470721439156,1.2948773507860667e-05,0.00029831251447806986,0.18310727379878766,0.00032886437798964154,-0.0008854862072570208,0.39545110133108774,1.9978200305191132e-06,-2.244966871315431e-06,0.16471041869111325,6.939081806608025e-07,-4.426841053927336e-07,0.39295267858751787,-3.700335075905092e-05,-0.0002482377964332371,0.2,0.0,0.0,0.0,0.0,2.962962962962963,2.962962962962963,-3.463626870647829e-06,5.047250364320632e-06,2.587403292799085,2.6023929951996583,0.0045213209741550315,0.0002983464056533795
X+,5.2,2.8,15.27425847700215,0.0,0.3889334473543344,1.3292844322866648e-05,0.00029824074405299355,0.18291459811586047,0.0003248767571745849,-0.0008839052808003488,0.39545110133108774,1.9978200305191132e-06,-2.244966871315431e-06,0.16471041869111325,6.939081806608025e-07,-4.426841053927336e-07,0.39295267858751787,-3.700335075905092e-05,-0.0002482377964332371,0.2,0.0,0.0,0.0,0.0,2.962962962962963,2.962962962962963,-3.463626870647829e-06,5.047250364320632e-06,2.587403292799085,2.6023929951996583,-0.0009984579791052248,0.00029827419700961154
X+,5.2,2.8,15.310533012001542,0.0,0.3889334473543344,1.3292844322866648e-05,0.00029824074405299355,0.18291459811586047,0.0003248767571745849,-0.0008839052808003488,0.39545110133108774,1.9978200305191132e-06,-2.244966871315431e-06,0.16471041869111325,6.939081806608025e-07,-4.426841053927336e-07,0.39295267858751787,-3.700335075905092e-05,-0.0002482377964332371,0.2,0.0,0.0,0.0,0.0,2.962962962962963,2.962962962962963,-3.463626870647829e-06,5.047250364320632e-06,2.587403292799085,2.6023929951996583,-0.0009984579791052248,0.00029827419700961154
X+,5.2,2.8,15.349601705001987,0.0,0.3889334473543344,1.3292844322866648e-05,0.00029824074405299355,0.18291459811586047,0.0003248767571745849,-0.0008839052808003488,0.39545110133108774,1.9978200305191132e-06,-2.244966871315431e-06,0.16471041869111325,6.939081806608025e-07,-4.426841053927336e-07,0.39295267858751787,-3.700335075905092e-05,-0.0002482377964332371,0.2,0.0,0.0,0.0,0.0,2.962962962962963,2.962962962962963,-3.463626870647829e-06,5.047250364320632e-06,2.587403292799085,2.6023929951996583,-0.0009984579791052248,0.00029827419700961154
X+,5.2,2.8,15.391589067003224,0.0,0.3889334473543344,1.3292844322866648e-05,0.00029824074405299355,0.18291459811586047,0.0003248767571745849,-0.0008839052808003488,0.39545110133108774,1.9978200305191132e-06,-2.244966871315431e-06,0.16471041869111325,6.939081806608025e-07,-4.426841053927336e-07,0.39295267858751787,-3.700335075905092e-05,-0.0002482377964332371,0.2,0.0,0.0,0.0,0.0,2.962962962962963,2.962962962962963,-3.463626870647829e-06,5.047250364320632e-06,2.587403292799085,2.6023929951996583,-0.0009984579791052248,0.00029827419700961154
X+,5.2,2.8,15.420143266001105,0.0,0.3889334473543344,1.3292844322866648e-05,0.00029824074405299355,0.18291459811586047,0.0003248767571745849,-0.0008839052808003488,0.39545110133108774,1.9978200305191132e-06,-2.244966871315431e-06,0.16471041869111325,6.939081806608025e-07,-4.426841053927336e-07,0.39295267858751787,-3.700335075905092e-05,-0.0002482377964332371,0.2,0.0,0.0,0.0,0.0,2.962962962962963,2.962962962962963,-3.463626870647829e-06,5.047250364320632e-06,2.587403292799085,2.6023929951996583,-0.0009984579791052248,0.00029827419700961154
X+,5.2,2.8,15.463672277001024,0.0,0.3889334473543344,1.3292844322866648e-05,0.00029824074405299355,0.18291459811586047,0.0003248767571745849,-0.0008839052808003488,0.39545110133108774,1.9978200305191132e-06,-2.244966871315431e-06,0.16471041869111325,6.939081806608025e-07,-4.426841053927336e-07,0.39295267858751787,-3.700335075905092e-05,-0.0002482377964332371,0.2,0.0,0.0,0.0,0.0,2.962962962962963,2.962962962962963,-3.463626870647829e-06,5.047250364320632e-06,2.587403292799085,2.6023929951996583,-0.0009984579791052248,0.00029827419700961154
X+,5.2,2.8,15.498105660000874,0.0,0.3889334473543344,1.3292844322866648e-05,0.00029824074405299355,0.18291459811586047,0.0003248767571745849,-0.0008839052808003488,0.39545110133108774,1.9978200305191132e-06,-2.244966871315431e-06,0.16471041869111325,6.939081806608025e-07,-4.426841053927336e-07,0.39295267858751787,-3.700335075905092e-05,-0.0002482377964332371,0.2,0.0,0.0,0.0,0.0,2.962962962962963,2.962962962962963,-3.463626870647829e-06,5.047250364320632e-06,2.587403292799085,2.6023929951996583,-0.0009984579791052248,0.00029827419700961154
X+,5.2,2.8,15.534976098002517,0.0,0.3889334473543344,1.3292844322866648e-05,0.00029824074405299355,0.18291459811586047,0.0003248767571745849,-0.0008839052808003488,0.39545110133108774,1.9978200305191132e-06,-2.244966871315431e-06,0.16471041869111325,6.939081806608025e-07,-4.426841053927336e-07,0.39295267858751787,-3.700335075905092e-05,-0.0002482377964332371,0.2,0.0,0.0,0.0,0.0,2.962962962962963,2.962962962962963,-3.463626870647829e-06,5.047250364320632e-06,2.587403292799085,2.6023929951996583,-0.0009984579791052248,0.00029827419700961154
X+,5.2,2.8,15.595883630001481,0.0,0.3889334473543344,1.3292844322866648e-05,0.00029824074405299355,0.18291459811586047,0.0003248767571745849,-0.0008839052808003488,0.39545110133108774,1.9978200305191132e-06,-2.244966871315431e-06,0.16471041869111325,6.939081806608025e-07,-4.426841053927336e-07,0.39295267858751787,-3.700335075905092e-05,-0.0002482377964332371,0.2,0.0,0.0,0.0,0.0,2.962962962962963,2.962962962962963,-3.463626870647829e-06,5.047250364320632e-06,2.587403292799085,2.6023929951996583,-0.0009984579791052248,0.00029827419700961154
X+,5.2,2.8,15.623273132001486,0.0,0.3889334473543344,1.3292844322866648e-05,0.00029824074405299355,0.18291459811586047,0.0003248767571745849,-0.0008839052808003488,0.39545110133108774,1.9978200305191132e-06,-2.244966871315431e-06,0.16471041869111325,6.939081806608025e-07,-4.426841053927336e-07,0.39295267858751787,-3.700335075905092e-05,-0.0002482377964332371,0.2,0.0,0.0,0.0,0.0,2.962962962962963,2.962962962962963,-3.463626870647829e-06,5.047250364320632e-06,2.587403292799085,2.6023929951996583,-0.0009984579791052248,0.00029827419700961154
X+,5.2,2.8,15.658546559003298,0.0,0.3889334473543344,1.3292844322866648e-05,0.00029824074405299355,0.18291459811586047,0.0003248767571745849,-0.0008839052808003488,0.39545110133108774,1.9978200305191132e-06,-2.244966871315431e-06,0.16471041869111325,6.939081806608025e-07,-4.426841053927336e-07,0.39295267858751787,-3.700335075905092e-05,-0.0002482377964332371,0.2,0.0,0.0,0.0,0.0,2.962962962962963,2.962962962962963,-3.463626870647829e-06,5.047250364320632e-06,2.587403292799085,2.6023929951996583,-0.0009984579791052248,0.00029827419700961154
X+,5.2,2.8,15.69699977900018,0.0,0.3889334473543344,1.3292844322866648e-05,0.00029824074405299355,0.18291459811586047,0.0003248767571745849,-0.0008839052808003488,0.39545110133108774,1.9978200305191132e-06,-2.244966871315431e-06,0.16471041869111325,6.939081806608025e-07,-4.426841053927336e-07,0.39295267858751787,-3.700335075905092e-05,-0.0002482377964332371,0.2,0.0,0.0,0.0,0.0,2.962962962962963,2.962962962962963,-3.463626870647829e-06,5.047250364320632e-06,2.587403292799085,2.6023929951996583,-0.0009984579791052248,0.00029827419700961154
X+,5.2,2.8,15.730389407002804,0.0,0.3916751351552509,1.4096164947450564e-05,0.00029815883684680304,0.1824086531003506,0.0003201059628423201,-0.0008776161831992414,0.39545110133108774,1.9978200305191132e-06,-2.244966871315431e-06,0.16471041869111325,6.939081806608025e-07,-4.426841053927336e-07,0.39295267858751787,-3.700335075905092e-05,-0.0002482377964332371,0.2,0.0,0.0,0.0,0.0,2.962962962962963,2.962962962962963,4.086874372255522e-06,5.022876693239198e-06,2.5957257216351266,2.608644183174514,-0.0004388160295899026,0.00029819217463713035
X+,5.2,2.8,15.760094452001795,0.0,0.39513676160669103,1.5105891296330644e-05,0.00029807953070361157,0.18172537111356893,0.00032081178584836517,-0.0008784097123581241,0.39545110133108774,1.9978200305191132e-06,-2.244966871315431e-06,0.16471041869111325,6.939081806608025e-07,-4.426841053927336e-07,0.39295267858751787,-3.700335075905092e-05,-0.0002482377964332371,0.2,0.0,0.0,0.0,0.0,2.962962962962963,2.962962962962963,3.491673981059762e-06,5.0173668224573476e-06,2.6024840391234303,2.613469472095949,-0.001452892343093008,0.00029810678849562976
X+,5.2,2.8,15.79406576600013,0.0,0.39912835840375505,1.6288364885477455e-05,0.00029802320544614004,0.18088669856752723,0.00032040492598372177,-0.0008763001967681907,0.39545110133108774,1.9978200305191132e-06,-2.244966871315431e-06,0.16471041869111325,6.939081806608025e-07,-4.426841053927336e-07,0.39295267858751787,-3.700335075905092e-05,-0.0002482377964332371,0.2,0.0,0.0,0.0,0.0,2.962962962962963,2.962962962962963,3.764148145180002e-06,5.011541362343053e-06,2.6079795197284596,2.6171320085234644,-0.00017043492092686581,0.000298020077765861
X+,5.2,2.8,15.82791787700262,0.0,0.402921032265316,1.7418093978041442e-05,0.00029801677280398114,0.1801649876661194,5.418696736483602e-05,2.4352760105026995e-06,0.39545110133108774,1.9978200305191132e-06,-2.244966871315431e-06,0.16471041869111325,6.939081806608025e-07,-4.426841053927336e-07,0.39295267858751787,-3.700335075905092e-05,-0.0002482377964332371,0.2,0.0,0.0,0.0,0.0,2.962962962962963,2.962962962962963,3.8617226305603936e-06,5.008746716050894e-06,2.6124166068793544,2.619869657722123,-7.394272111842562e-05,0.0002980192081636292
X+,5.2,2.8,15.862254538002162,0.0,0.4070545160351068,1.8653367454963578e-05,0.00029804721617831436,0.1791000706296449,0.00031915968113667187,-0.0008741521187433134,0.4121253674312324,2.0343428464425226e-06,-2.2772130490523244e-06,0.16674266100020663,7.395599092160879e-07,-3.2246177736894127e-07,0.39502068901781123,-3.554700556549881e-05,-0.000120008370620095,0.2,0.0,0.0,0.0,0.0,2.962962962962963,2.962962962962963,3.8589933755162065e-06,5.01020094656468e-06,2.6159903324465668,2.6218775416829594,-0.00262157539393225,0.00029804721617831436
X+,5.300000000000001,2.9000000000000004,15.89721259900034,0.10000000000000053,0.4070545160351068,1.8653367454963578e-05,0.00029804721617831436,0.1791000706296449,0.00031915968113667187,-0.0008741521187433134,0.4121253674312324,2.0343428464425226e-06,-2.2772130490523244e-06,0.16674266100020663,7.395599092160879e-07,-3.2246177736894127e-07,0.39502068901781123,-3.554700556549881e-05,-0.000120008370620095,0.2,0.0,0.0,0.0,0.0,2.962962962962963,2.962962962962963,3.8589933755162065e-06,5.01020094656468e-06,2.6159903324465668,2.6218775416829594,-0.00262157539393225,0.00029804721617831436
X+,5.300000000000001,2.9000000000000004,15.926872372001526,0.0,0.4070545160351068,1.8653367454963578e-05,0.00029804721617831436,0.1791000706296449,0.00031915968113667187,-0.0008741521187433134,0.4121253674312324,2.0343428464425226e-06,-2.2772130490523244e-06,0.16674266100020663,7.395599092160879e-07,-3.2246177736894127e-07,0.39502068901781123,-3.554700556549881e-05,-0.000120008370620095,0.2,0.0,0.0,0.0,0.0,2.962962962962963,2.962962962962963,3.8589933755162065e-06,5.01020094656468e-06,2.6159903324465668,2.6218775416829594,-0.00262157539393225,0.00029804721617831436
X+,5.300000000000001,2.9000000000000004,15.962172813000507,0.0,0.4070545160351068,1.8653367454963578e-05,0.00029804721617831436,0.1791000706296449,0.00031915968113667187,-0.0008741521187433134,0.4121253674312324,2.0343428464425226e-06,-2.2772130490523244e-06,0.16674266100020663,7.395599092160879e-07,-3.2246177736894127e-07,0.39502068901781123,-3.554700556549881e-05,-0.000120008370620095,0.2,0.0,0.0,0.0,0.0,2.962962962962963,2.962962962962963,3.8589933755162065e-06,5.01020094656468e-06,2.6159903324465668,2.6218775416829594,-0.00262157539393225,0.00029804721617831436
X+,5.300000000000001,2.9000000000000004,15.988376534001873,0.0,0.4070545160351068,1.8653367454963578e-05,0.00029804721617831436,0.1791000706296449,0.00031915968113667187,-0.0008741521187433134,0.4121253674312324,2.0343428464425226e-06,-2.2772130490523244e-06,0.16674266100020663,7.395599092160879e-07,-3.2246177736894127e-07,0.39502068901781123,-3.554700556549881e-05,-0.000120008370620095,0.2,0.0,0.0,0.0,0.0,2.962962962962963,2.962962962962963,3.8589933755162065e-06,5.01020094656468e-06,2.6159903324465668,2.6218775416829594,-0.00262157539393225,0.00029804721617831436
X+,5.300000000000001,2.9000000000000004,16.017323603002296,0.0,0.4070545160351068,1.8653367454963578e-05,0.00029804721617831436,0.1791000706296449,0.00031915968113667187,-0.0008741521187433134,0.4121253674312324,2.0343428464425226e-06,-2.2772130490523244e-06,0.16674266100020663,7.395599092160879e-07,-3.2246177736894127e-07,0.39502068901781123,-3.554700556549881e-05,-0.000120008370620095,0.2,0.0,0.0,0.0,0.0,2.962962962962963,2.962962962962963,3.8589933755162065e-06,5.01020094656468e-06,2.6159903324465668,2.6218775416829594,-0.00262157539393225,0.00029804721617831436
X+,5.300000000000001,2.9000000000000004,16.050541865002742,0.0,0.4070545160351068,1.8653367454963578e-05,0.00029804721617831436,0.1791000706296449,0.00031915968113667187,-0.0008741521187433134,0.4121253674312324,2.0343428464425226e-06,-2.2772130490523244e-06,0.16674266100020663,7.395599092160879e-07,-3.2246177736894127e-07,0.39502068901781123,-3.554700556549881e-05,-0.000120008370620095,0.2,0.0,0.0,0.0,0.0,2.962962962962963,2.962962962962963,3.8589933755162065e-06,5.01020094656468e-06,2.6159903324465668,2.6218775416829594,-0.00262157539393225,0.00029804721617831436
X+,5.300000000000001,2.9000000000000004,16.09887707800226,0.0,0.4070545160351068,1.8653367454963578e-05,0.00029804721617831436,0.1791000706296449,0.00031915968113667187,-0.0008741521187433134,0.4121253674312324,2.0343428464425226e-06,-2.2772130490523244e-06,0.16674266100020663,7.395599092160879e-07,-3.2246177736894127e-07,0.39502068901781123,-3.554700556549881e-05,-0.000120008370620095,0.2,0.0,0.0,0.0,0.0,2.962962962962963,2.962962962962963,3.8589933755162065e-06,5.01020094656468e-06,2.6159903324465668,2.6218775416829594,-0.00262157539393225,0.00029804721617831436
X+,5.300000000000001,2.9000000000000004,16.126278613002796,0.0,0.4070545160351068,1.8653367454963578e-05,0.00029804721617831436,0.1791000706296449,0.00031915968113667187,-0.0008741521187433134,0.4121253674312324,2.0343428464425226e-06,-2.2772130490523244e-06,0.16674266100020663,7.395599092160879e-07,-3.2246177736894127e-07,0.39502068901781123,-3.554700556549881e-05,-0.000120008370620095,0.2,0.0,0.0,0.0,0.0,2.962962962962963,2.962962962962963,3.8589933755162065e-06,5.01020094656468e-06,2.6159903324465668,2.6218775416829594,-0.00262157539393225,0.00029804721617831436
X+,5.300000000000001,2.9000000000000004,16.155086423001194,0.0,0.4070545160351068,1.8653367454963578e-05,0.00029804721617831436,0.1791000706296449,0.00031915968113667187,-0.0008741521187433134,0.4121253674312324,2.0343428464425226e-06,-2.2772130490523244e-06,0.16674266100020663,7.395599092160879e-07,-3.2246177736894127e-07,0.39502068901781123,-3.554700556549881e-05,-0.000120008370620095,0.2,0.0,0.0,0.0,0.0,2.962962962962963,2.962962962962963,3.8589933755162065e-06,5.01020094656468e-06,2.6159903324465668,2.6218775416829594,-0.00262157539393225,0.00029804721617831436
X+,5.300000000000001,2.9000000000000004,16.183075172000827,0.0,0.4070545160351068,1.8653367454963578e-05,0.00029804721617831436,0.1791000706296449,0.00031915968113667187,-0.0008741521187433134,0.4121253674312324,2.0343428464425226e-06,-2.2772130490523244e-06,0.16674266100020663,7.395599092160879e-07,-3.2246177736894127e-07,0.39502068901781123,-3.554700556549881e-05,-0.000120008370620095,0.2,0.0,0.0,0.0,0.0,2.962962962962963,2.962962962962963,3.8589933755162065e-06,5.01020094656468e-06,2.6159903324465668,2.6218775416829594,-0.00262157539393225,0.00029804721617831436
X+,5.300000000000001,2.9000000000000004,16.20757928900275,0.0,0.4070545160351068,1.8653367454963578e-05,0.00029804721617831436,0.1791000706296449,0.00031915968113667187,-0.0008741521187433134,0.4121253674312324,2.0343428464425226e-06,-2.2772130490523244e-06,0.16674266100020663,7.395599092160879e-07,-3.2246177736894127e-07,0.39502068901781123,-3.554700556549881e-05,-0.000120008370620095,0.2,0.0,0.0,0.0,0.0,2.962962962962963,2.962962962962963,3.8589933755162065e-06,5.01020094656468e-06,2.6159903324465668,2.6218775416829594,-0.00262157539393225,0.00029804721617831436
X+,5.300000000000001,2.9000000000000004,16.23645155000122,0.0,0.4070545160351068,1.8653367454963578e-05,0.00029804721617831436,0.1791000706296449,0.00031915968113667187,-0.0008741521187433134,0.4121253674312324,2.0343428464425226e-06,-2.2772130490523244e-06,0.16674266100020663,7.395599092160879e-07,-3.2246177736894127e-07,0.39502068901781123,-3.554700556549881e-05,-0.000120008370620095,0.2,0.0,0.0,0.0,0.0,2.962962962962963,2.962962962962963,3.8589933755162065e-06,5.01020094656468e-06,2.6159903324465668,2.6218775416829594,-0.00262157539393225,0.00029804721617831436
X+,5.300000000000001,2.9000000000000004,16.262463106002542,0.0,0.4070545160351068,1.8653367454963578e-05,0.00029804721617831436,0.1791000706296449,0.00031915968113667187,-0.0008741521187433134,0.4121253674312324,2.0343428464425226e-06,-2.2772130490523244e-06,0.16674266100020663,7.395599092160879e-07,-3.2246177736894127e-07,0.39502068901781123,-3.554700556549881e-05,-0.000120008370620095,0.2,0.0,0.0,0.0,0.0,2.962962962962963,2.962962962962963,3.8589933755162065e-06,5.01020094656468e-06,2.6159903324465668,2.6218775416829594,-0.00262157539393225,0.00029804721617831436
X+,5.300000000000001,2.9000000000000004,16.29088400600085,0.0,0.4090236659981269,1.9240769951006827e-05,0.0002980693725429012,0.17863669458514295,0.00031863952968720085,-0.0008741096698575078,0.4121253674312324,2.0343428464425226e-06,-2.2772130490523244e-06,0.16674266100020663,7.395599092160879e-07,-3.2246177736894127e-07,0.39502068901781123,-3.554700556549881e-05,-0.000120008370620095,0.2,0.0,0.0,0.0,0.0,2.962962962962963,2.962962962962963,3.8583137929038e-06,5.011688718248308e-06,2.6175293572016476,2.6226566287554736,0.0011063487751150438,0.0002980693725429012
X+,5.300000000000001,2.9000000000000004,16.31861309800297,0.0,0.4125908577048317,2.0305746468894485e-05,0.00029811212517573106,0.1777808160292277,0.0003180909412163447,-0.0008742115894322622,0.4121253674312324,2.0343428464425226e-06,-2.2772130490523244e-06,0.16674266100020663,7.395599092160879e-07,-3.2246177736894127e-07,0.39502068901781123,-3.554700556549881e-05,-0.000120008370620095,0.2,0.0,0.0,0.0,0.0,2.962962962962963,2.962962962962963,3.857300111320683e-06,5.015420756926403e-06,2.6202133250771804,2.6239400197796803,-0.0001057947415009998,0.00029811086246655534
X+,5.300000000000001,2.9000000000000004,16.34373387300002,0.0,0.41543227904405394,2.1152851265845984e-05,0.00029815553895335247,0.177085611554046,0.0003176955686624192,-0.0008738765759201269,0.4121253674312324,2.0343428464425226e-06,-2.2772130490523244e-06,0.16674266100020663,7.395599092160879e-07,-3.2246177736894127e-07,0.39502068901781123,-3.554700556549881e-05,-0.000120008370620095,0.2,0.0,0.0,0.0,0.0,2.962962962962963,2.962962962962963,3.856479512620581e-06,5.021990713061086e-06,2.6224875427209975,2.6248505412891308,-0.001662209744843609,0.000298134076539362
X+,5.300000000000001,2.9000000000000004,16.372007323003345,0.0,0.41843911264365624,2.2049924937770152e-05,0.00029821013014255155,0.17633832031779156,0.0003174920433393004,-0.0008734158631209681,0.4121253674312324,2.0343428464425226e-06,-2.2772130490523244e-06,0.16674266100020663,7.395599092160879e-07,-3.2246177736894127e-07,0.39502068901781123,-3.554700556549881e-05,-0.000120008370620095,0.2,0.0,0.0,0.0,0.0,2.962962962962963,2.962962962962963,3.855940579278183e-06,5.029459533290037e-06,2.624480164544324,2.625502115936301,-0.002437693527038515,0.0002981968356957277
X+,5.300000000000001,2.9000000000000004,16.399910219002777,0.0,0.4216089900601559,2.299459883643544e-05,0.0002982788419192625,0.17553851083913685,0.0003172041059914855,-0.0008726550389008037,0.4121253674312324,2.0343428464425226e-06,-2.2772130490523244e-06,0.16674266100020663,7.395599092160879e-07,-3.2246177736894127e-07,0.39502068901781123,-3.554700556549881e-05,-0.000120008370620095,0.2,0.0,0.0,0.0,0.0,2.962962962962963,2.962962962962963,3.855754152404245e-06,5.033667730636182e-06,2.6254056408470094,2.625763506559373,-0.0015115442267060095,0.00029827069563071465
X+,5.300000000000001,2.9000000000000004,16.437733571001445,0.0,0.4247644951691127,2.39345848650728e-05,0.00029836079266125603,0.1746854627485953,0.00031682498421517274,-0.0008714881188930106,0.42885034116567955,2.0705948630578733e-06,-2.3100596269325638e-06,0.1672856962754813,7.439388522900847e-07,-3.296201896182175e-07,0.4293367231388663,-4.038264675894954e-05,-0.00020445537110358464,0.2,0.0,0.0,0.0,0.0,2.962962962962963,2.962962962962963,3.855706029121109e-06,5.0437883469811595e-06,2.6271769075713776,2.626214685952943,-0.0004070824839711907,0.00029836079266125603
X+,5.4,3.0,16.461640485002135,0.09999999999999964,0.4247644951691127,2.39345848650728e-05,0.00029836079266125603,0.1746854627485953,0.00031682498421517274,-0.0008714881188930106,0.42885034116567955,2.0705948630578733e-06,-2.3100596269325638e-06,0.1672856962754813,7.439388522900847e-07,-3.296201896182175e-07,0.4293367231388663,-4.038264675894954e-05,-0.00020445537110358464,0.2,0.0,0.0,0.0,0.0,2.962962962962963,2.962962962962963,3.855706029121109e-06,5.0437883469811595e-06,2.6271769075713776,2.626214685952943,-0.0004070824839711907,0.00029836079266125603
X+,5.4,3.0,16.492081928001426,0.0,0.4247644951691127,2.39345848650728e-05,0.00029836079266125603,0.1746854627485953,0.00031682498421517274,-0.0008714881188930106,0.42885034116567955,2.0705948630578733e-06,-2.3100596269325638e-06,0.1672856962754813,7.439388522900847e-07,-3.296201896182175e-07,0.4293367231388663,-4.038264675894954e-05,-0.00020445537110358464,0.2,0.0,0.0,0.0,0.0,2.962962962962963,2.962962962962963,3.855706029121109e-06,5.0437883469811595e-06,2.6271769075713776,2.626214685952943,-0.0004070824839711907,0.00029836079266125603
X+,5.4,3.0,16.51956606100066,0.0,0.4247644951691127,2.39345848650728e-05,0.00029836079266125603,0.1746854627485953,0.00031682498421517274,-0.0008714881188930106,0.42885034116567955,2.0705948630578733e-06,-2.3100596269325638e-06,0.1672856962754813,7.439388522900847e-07,-3.296201896182175e-07,0.4293367231388663,-4.038264675894954e-05,-0.00020445537110358464,0.2,0.0,0.0,0.0,0.0,2.962962962962963,2.962962962962963,3.855706029121109e-06,5.0437883469811595e-06,2.6271769075713776,2.626214685952943,-0.0004070824839711907,0.00029836079266125603
X+,5.4,3.0,16.555913731001056,0.0,0.4247644951691127,2.39345848650728e-05,0.00029836079266125603,0.1746854627485953,0.00031682498421517274,-0.0008714881188930106,0.42885034116567955,2.0705948630578733e-06,-2.3100596269325638e-06,0.1672856962754813,7.439388522900847e-07,-3.296201896182175e-07,0.4293367231388663,-4.038264675894954e-05,-0.00020445537110358464,0.2,0.0,0.0,0.0,0.0,2.962962962962963,2.962962962962963,3.855706029121109e-06,5.0437883469811595e-06,2.6271769075713776,2.626214685952943,-0.0004070824839711907,0.00029836079266125603
X+,5.4,3.0,16.58422562800115,0.0,0.4247644951691127,2.39345848650728e-05,0.00029836079266125603,0.1746854627485953,0.00031682498421517274,-0.0008714881188930106,0.42885034116567955,2.0705948630578733e-06,-2.3100596269325638e-06,0.1672856962754813,7.439388522900847e-07,-3.296201896182175e-07,0.4293367231388663,-4.038264675894954e-05,-0.00020445537110358464,0.2,0.0,0.0,0.0,0.0,2.962962962962963,2.962962962962963,3.855706029121109e-06,5.0437883469811595e-06,2.6271769075713776,2.626214685952943,-0.0004070824839711907,0.00029836079266125603
X+,5.4,3.0,16.61314272800155,0.0,0.4247644951691127,2.39345848650728e-05,0.00029836079266125603,0.1746854627485953,0.00031682498421517274,-0.0008714881188930106,0.42885034116567955,2.0705948630578733e-06,-2.3100596269325638e-06,0.1672856962754813,7.439388522900847e-07,-3.296201896182175e-07,0.4293367231388663,-4.038264675894954e-05,-0.00020445537110358464,0.2,0.0,0.0,0.0,0.0,2.962962962962963,2.962962962962963,3.855706029121109e-06,5.0437883469811595e-06,2.6271769075713776,2.626214685952943,-0.0004070824839711907,0.00029836079266125603
X+,5.4,3.0,16.65497916300228,0.0,0.4247644951691127,2.39345848650728e-05,0.00029836079266125603,0.1746854627485953,0.00031682498421517274,-0.0008714881188930106,0.42885034116567955,2.0705948630578733e-06,-2.3100596269325638e-06,0.1672856962754813,7.439388522900847e-07,-3.296201896182175e-07,0.4293367231388663,-4.038264675894954e-05,-0.00020445537110358464,0.2,0.0,0.0,0.0,0.0,2.962962962962963,2.962962962962963,3.855706029121109e-06,5.0437883469811595e-06,2.6271769075713776,2.626214685952943,-0.0004070824839711907,0.00029836079266125603
X+,5.4,3.0,16.681415702001686,0.0,0.4247644951691127,2.39345848650728e-05,0.00029836079266125603,0.1746854627485953,0.00031682498421517274,-0.0008714881188930106,0.42885034116567955,2.0705948630578733e-06,-2.3100596269325638e-06,0.1672856962754813,7.439388522900847e-07,-3.296201896182175e-07,0.4293367231388663,-4.038264675894954e-05,-0.00020445537110358464,0.2,0.0,0.0,0.0,0.0,2.962962962962963,2.962962962962963,3.855706029121109e-06,5.0437883469811595e-06,2.6271769075713776,2.626214685952943,-0.0004070824839711907,0.00029836079266125603
X+,5.4,3.0,16.712670636999974,0.0,0.4247644951691127,2.39345848650728e-05,0.00029836079266125603,0.1746854627485953,0.00031682498421517274,-0.0008714881188930106,0.42885034116567955,2.0705948630578733e-06,-2.3100596269325638e-06,0.1672856962754813,7.439388522900847e-07,-3.296201896182175e-07,0.4293367231388663,-4.038264675894954e-05,-0.00020445537110358464,0.2,0.0,0.0,0.0,0.0,2.962962962962963,2.962962962962963,3.855706029121109e-06,5.0437883469811595e-06,2.6271769075713776,2.626214685952943,-0.0004070824839711907,0.00029836079266125603
X+,5.4,3.0,16.73742338900047,0.0,0.4247644951691127,2.39345848650728e-05,0.00029836079266125603,0.1746854627485953,0.00031682498421517274,-0.0008714881188930106,0.42885034116567955,2.0705948630578733e-06,-2.3100596269325638e-06,0.1672856962754813,7.439388522900847e-07,-3.296201896182175e-07,0.4293367231388663,-4.038264675894954e-05,-0.00020445537110358464,0.2,0.0,0.0,0.0,0.0,2.962962962962963,2.962962962962963,3.855706029121109e-06,5.0437883469811595e-06,2.6271769075713776,2.626214685952943,-0.0004070824839711907,0.00029836079266125603
X+,5.4,3.0,16.765498092001508,0.0,0.4247644951691127,2.39345848650728e-05,0.00029836079266125603,0.1746854627485953,0.00031682498421517274,-0.0008714881188930106,0.42885034116567955,2.0705948630578733e-06,-2.3100596269325638e-06,0.1672856962754813,7.439388522900847e-07,-3.296201896182175e-07,0.4293367231388663,-4.038264675894954e-05,-0.00020445537110358464,0.2,0.0,0.0,0.0,0.0,2.962962962962963,2.962962962962963,3.855706029121109e-06,5.0437883469811595e-06,2.6271769075713776,2.626214685952943,-0.0004070824839711907,0.00029836079266125603
X+,5.4,3.0,16.791017471001396,0.0,0.4247644951691127,2.39345848650728e-05,0.00029836079266125603,0.1746854627485953,0.00031682498421517274,-0.0008714881188930106,0.42885034116567955,2.0705948630578733e-06,-2.3100596269325638e-06,0.1672856962754813,7.439388522900847e-07,-3.296201896182175e-07,0.4293367231388663,-4.038264675894954e-05,-0.00020445537110358464,0.2,0.0,0.0,0.0,0.0,2.962962962962963,2.962962962962963,3.855706029121109e-06,5.0437883469811595e-06,2.6271769075713776,2.626214685952943,-0.0004070824839711907,0.00029836079266125603
X+,5.4,3.0,16.817893688003096,0.0,0.4247644951691127,2.39345848650728e-05,0.00029836079266125603,0.1746854627485953,0.00031682498421517274,-0.0008714881188930106,0.42885034116567955,2.0705948630578733e-06,-2.3100596269325638e-06,0.1672856962754813,7.439388522900847e-07,-3.296201896182175e-07,0.4293367231388663,-4.038264675894954e-05,-0.00020445537110358464,0.2,0.0,0.0,0.0,0.0,2.962962962962963,2.962962962962963,3.855706029121109e-06,5.0437883469811595e-06,2.6271769075713776,2.626214685952943,-0.0004070824839711907,0.00029836079266125603
X+,5.4,3.0,16.848241776002396,0.0,0.4247644951691127,2.39345848650728e-05,0.00029836079266125603,0.1746854627485953,0.00031682498421517274,-0.0008714881188930106,0.42885034116567955,2.0705948630578733e-06,-2.3100596269325638e-06,0.1672856962754813,7.439388522900847e-07,-3.296201896182175e-07,0.4293367231388663,-4.038264675894954e-05,-0.00020445537110358464,0.2,0.0,0.0,0.0,0.0,2.962962962962963,2.962962962962963,3.855706029121109e-06,5.0437883469811595e-06,2.6271769075713776,2.626214685952943,-0.0004070824839711907,0.00029836079266125603
X+,5.4,3.0,16.876120850000007,0.0,0.4247644951691127,2.39345848650728e-05,0.00029836079266125603,0.1746854627485953,0.00031682498421517274,-0.0008714881188930106,0.42885034116567955,2.0705948630578733e-06,-2.3100596269325638e-06,0.1672856962754813,7.439388522900847e-07,-3.296201896182175e-07,0.4293367231388663,-4.038264675894954e-05,-0.00020445537110358464,0.2,0.0,0.0,0.0,0.0,2.962962962962963,2.962962962962963,3.855706029121109e-06,5.0437883469811595e-06,2.6271769075713776,2.626214685952943,-0.0004070824839711907,0.00029836079266125603
X+,5.4,3.0,16.907442880001327,0.0,0.4286014952307419,2.5076204500760688e-05,0.00029846020569111194,0.17373238282274817,0.0003163777052216122,-0.0008705359474580344,0.42885034116567955,2.0705948630578733e-06,-2.3100596269325638e-06,0.1672856962754813,7.439388522900847e-07,-3.296201896182175e-07,0.4293367231388663,-4.038264675894954e-05,-0.00020445537110358464,0.2,0.0,0.0,0.0,0.0,2.962962962962963,2.962962962962963,4.575614618751445e-06,5.059250815619976e-06,2.6298874225687903,2.6268653619837656,0.002981672452871823,0.0002984563624970366
X+,5.4,3.0,16.93810910800312,0.0,0.4320706372939617,2.6096689867695713e-05,0.00029852773603462294,0.17281432486813417,0.00031524943659565446,-0.0008695808222971775,0.42885034116567955,2.0705948630578733e-06,-2.3100596269325638e-06,0.1672856962754813,7.439388522900847e-07,-3.296201896182175e-07,0.4293367231388663,-4.038264675894954e-05,-0.00020445537110358464,0.2,0.0,0.0,0.0,0.0,2.962962962962963,2.962962962962963,4.996705058601947e-06,5.06484046436384e-06,2.630857471745513,2.627112919088802,-0.000301002479579759,0.00029852083711330015
X+,5.4,3.0,16.969940574999782,0.0,0.43517718304468406,2.699442426300821e-05,0.00029855638961504753,0.17197854679430846,0.0003139070757979256,-0.0008694326761220796,0.42885034116567955,2.0705948630578733e-06,-2.3100596269325638e-06,0.1672856962754813,7.439388522900847e-07,-3.296201896182175e-07,0.4293367231388663,-4.038264675894954e-05,-0.00020445537110358464,0.2,0.0,0.0,0.0,0.0,2.962962962962963,2.962962962962963,3.428067516075828e-06,5.076101575518521e-06,2.632903087717473,2.62770363688202,0.002337057805990767,0.0002985465397069887
X+,5.4,3.0,17.004270573001122,0.0,0.43895363484185296,2.8058862281747816e-05,0.00029854055096252953,0.17094292527260788,0.0003121271300258613,-0.0008691011771698322,0.42885034116567955,2.0705948630578733e-06,-2.3100596269325638e-06,0.1672856962754813,7.439388522900847e-07,-3.296201896182175e-07,0.4293367231388663,-4.038264675894954e-05,-0.00020445537110358464,0.2,0.0,0.0,0.0,0.0,2.962962962962963,2.962962962962963,3.4865840277120697e-06,5.089543591907386e-06,2.6351407805997065,2.6284749732265187,-0.0003116356127228217,0.00029854055096252953
X+,5.5,3.0999999999999996,17.0324026720009,0.09999999999999964,0.44151542542248595,2.876272653324144e-05,0.00029849343999127507,0.17022642850414732,0.0003107365586643699,-0.0008686181907553406,0.4456203208155012,2.045328247944737e-06,-2.54960941659284e-06,0.1676997964983526,1.347303782043029e-07,-2.3954978966027666e-06,0.42771797171324283,-4.028337214680024e-05,-0.00012017467865499397,0.2,0.0,0.0,0.0,0.0,2.962962962962963,2.962962962962963,6.694513148275405e-06,5.118174168039502e-06,2.637636856594043,2.6294906493491936,0.0031707776438351654,0.0002985136841049904
X+,5.5,3.0999999999999996,17.061661789000937,0.0,0.4430473479997706,2.9175119687659297e-05,0.00029844842742721123,0.16979133647911135,0.0003098595382111308,-0.0008684027598899415,0.4456203208155012,2.045328247944737e-06,-2.54960941659284e-06,0.1676997964983526,1.347303782043029e-07,-2.3954978966027666e-06,0.42771797171324283,-4.028337214680024e-05,-0.00012017467865499397,0.2,0.0,0.0,0.0,0.0,2.962962962962963,2.962962962962963,3.473114604801708e-06,5.23929931262046e-06,2.638998578191008,2.6301850435545315,-0.0007929572291861251,0.00029846889113247237
X+,5.5,3.0999999999999996,17.088499314002547,0.0,0.4430473479997706,2.9175119687659297e-05,0.00029844842742721123,0.16979133647911135,0.0003098595382111308,-0.0008684027598899415,0.4456203208155012,2.045328247944737e-06,-2.54960941659284e-06,0.1676997964983526,1.347303782043029e-07,-2.3954978966027666e-06,0.42771797171324283,-4.028337214680024e-05,-0.00012017467865499397,0.2,0.0,0.0,0.0,0.0,2.962962962962963,2.962962962962963,3.473114604801708e-06,5.23929931262046e-06,2.638998578191008,2.6301850435545315,-0.0007929572291861251,0.00029846889113247237
X+,5.5,3.0999999999999996,17.12053238700173,0.0,0.4430473479997706,2.9175119687659297e-05,0.00029844842742721123,0.16979133647911135,0.0003098595382111308,-0.0008684027598899415,0.4456203208155012,2.045328247944737e-06,-2.54960941659284e-06,0.1676997964983526,1.347303782043029e-07,-2.3954978966027666e-06,0.42771797171324283,-4.028337214680024e-05,-0.00012017467865499397,0.2,0.0,0.0,0.0,0.0,2.962962962962963,2.962962962962963,3.473114604801708e-06,5.23929931262046e-06,2.638998578191008,2.6301850435545315,-0.0007929572291861251,0.00029846889113247237
X+,5.5,3.0999999999999996,17.14987479699994,0.0,0.4430473479997706,2.9175119687659297e-05,0.00029844842742721123,0.16979133647911135,0.0003098595382111308,-0.0008684027598899415,0.4456203208155012,2.045328247944737e-06,-2.54960941659284e-06,0.1676997964983526,1.347303782043029e-07,-2.3954978966027666e-06,0.42771797171324283,-4.028337214680024e-05,-0.00012017467865499397,0.2,0.0,0.0,0.0,0.0,2.962962962962963,2.962962962962963,3.473114604801708e-06,5.23929931262046e-06,2.638998578191008,2.6301850435545315,-0.0007929572291861251,0.00029846889113247237
X+,5.5,3.0999999999999996,17.181839269000193,0.0,0.4430473479997706,2.9175119687659297e-05,0.00029844842742721123,0.16979133647911135,0.0003098595382111308,-0.0008684027598899415,0.4456203208155012,2.045328247944737e-06,-2.54960941659284e-06,0.1676997964983526,1.347303782043029e-07,-2.3954978966027666e-06,0.42771797171324283,-4.028337214680024e-05,-0.00012017467865499397,0.2,0.0,0.0,0.0,0.0,2.962962962962963,2.962962962962963,3.473114604801708e-06,5.23929931262046e-06,2.638998578191008,2.6301850435545315,-0.0007929572291861251,0.00029846889113247237
X+,5.5,3.0999999999999996,17.207323878999887,0.0,0.4430473479997706,2.9175119687659297e-05,0.00029844842742721123,0.16979133647911135,0.0003098595382111308,-0.0008684027598899415,0.4456203208155012,2.045328247944737e-06,-2.54960941659284e-06,0.1676997964983526,1.347303782043029e-07,-2.3954978966027666e-06,0.42771797171324283,-4.028337214680024e-05,-0.00012017467865499397,0.2,0.0,0.0,0.0,0.0,2.962962962962963,2.962962962962963,3.473114604801708e-06,5.23929931262046e-06,2.638998578191008,2.6301850435545315,-0.0007929572291861251,0.00029846889113247237
X+,5.5,3.0999999999999996,17.234247553002206,0.0,0.4430473479997706,2.9175119687659297e-05,0.00029844842742721123,0.16979133647911135,0.0003098595382111308,-0.0008684027598899415,0.4456203208155012,2.045328247944737e-06,-2.54960941659284e-06,0.1676997964983526,1.347303782043029e-07,-2.3954978966027666e-06,0.42771797171324283,-4.028337214680024e-05,-0.00012017467865499397,0.2,0.0,0.0,0.0,0.0,2.962962962962963,2.962962962962963,3.473114604801708e-06,5.23929931262046e-06,2.638998578191008,2.6301850435545315,-0.0007929572291861251,0.00029846889113247237
X+,5.5,3.0999999999999996,17.26040773800196,0.0,0.4430473479997706,2.9175119687659297e-05,0.00029844842742721123,0.16979133647911135,0.0003098595382111308,-0.0008684027598899415,0.4456203208155012,2.045328247944737e-06,-2.54960941659284e-06,0.1676997964983526,1.347303782043029e-07,-2.3954978966027666e-06,0.42771797171324283,-4.028337214680024e-05,-0.00012017467865499397,0.2,0.0,0.0,0.0,0.0,2.962962962962963,2.962962962962963,3.473114604801708e-06,5.23929931262046e-06,2.638998578191008,2.6301850435545315,-0.0007929572291861251,0.00029846889113247237
X+,5.5,3.0999999999999996,17.290024282003287,0.0,0.4430473479997706,2.9175119687659297e-05,0.00029844842742721123,0.16979133647911135,0.0003098595382111308,-0.0008684027598899415,0.4456203208155012,2.045328247944737e-06,-2.54960941659284e-06,0.1676997964983526,1.347303782043029e-07,-2.3954978966027666e-06,0.42771797171324283,-4.028337214680024e-05,-0.00012017467865499397,0.2,0.0,0.0,0.0,0.0,2.962962962962963,2.962962962962963,3.473114604801708e-06,5.23929931262046e-06,2.638998578191008,2.6301850435545315,-0.0007929572291861251,0.00029846889113247237
X+,5.5,3.0999999999999996,17.31595328700132,0.0,0.4430473479997706,2.9175119687659297e-05,0.00029844842742721123,0.16979133647911135,0.0003098595382111308,-0.0008684027598899415,0.4456203208155012,2.045328247944737e-06,-2.54960941659284e-06,0.1676997964983526,1.347303782043029e-07,-2.3954978966027666e-06,0.42771797171324283,-4.028337214680024e-05,-0.00012017467865499397,0.2,0.0,0.0,0.0,0.0,2.962962962962963,2.962962962962963,3.473114604801708e-06,5.23929931262046e-06,2.638998578191008,2.6301850435545315,-0.0007929572291861251,0.00029846889113247237
X+,5.5,3.0999999999999996,17.344089873000485,0.0,0.4430473479997706,2.9175119687659297e-05,0.00029844842742721123,0.16979133647911135,0.0003098595382111308,-0.0008684027598899415,0.4456203208155012,2.045328247944737e-06,-2.54960941659284e-06,0.1676997964983526,1.347303782043029e-07,-2.3954978966027666e-06,0.42771797171324283,-4.028337214680024e-05,-0.00012017467865499397,0.2,0.0,0.0,0.0,0.0,2.962962962962963,2.962962962962963,3.473114604801708e-06,5.23929931262046e-06,2.638998578191008,2.6301850435545315,-0.0007929572291861251,0.00029846889113247237
X+,5.5,3.0999999999999996,17.371374880000076,0.0,0.4430473479997706,2.9175119687659297e-05,0.00029844842742721123,0.16979133647911135,0.0003098595382111308,-0.0008684027598899415,0.4456203208155012,2.045328247944737e-06,-2.54960941659284e-06,0.1676997964983526,1.347303782043029e-07,-2.3954978966027666e-06,0.42771797171324283,-4.028337214680024e-05,-0.00012017467865499397,0.2,0.0,0.0,0.0,0.0,2.962962962962963,2.962962962962963,3.473114604801708e-06,5.23929931262046e-06,2.638998578191008,2.6301850435545315,-0.0007929572291861251,0.00029846889113247237
X+,5.5,3.0999999999999996,17.39798838000206,0.0,0.4430473479997706,2.9175119687659297e-05,0.00029844842742721123,0.16979133647911135,0.0003098595382111308,-0.0008684027598899415,0.4456203208155012,2.045328247944737e-06,-2.54960941659284e-06,0.1676997964983526,1.347303782043029e-07,-2.3954978966027666e-06,0.42771797171324283,-4.028337214680024e-05,-0.00012017467865499397,0.2,0.0,0.0,0.0,0.0,2.962962962962963,2.962962962962963,3.473114604801708e-06,5.23929931262046e-06,2.638998578191008,2.6301850435545315,-0.0007929572291861251,0.00029846889113247237
X+,5.5,3.0999999999999996,17.425752462000673,0.0,0.4430473479997706,2.9175119687659297e-05,0.00029844842742721123,0.16979133647911135,0.0003098595382111308,-0.0008684027598899415,0.4456203208155012,2.045328247944737e-06,-2.54960941659284e-06,0.1676997964983526,1.347303782043029e-07,-2.3954978966027666e-06,0.42771797171324283,-4.028337214680024e-05,-0.00012017467865499397,0.2,0.0,0.0,0.0,0.0,2.962962962962963,2.962962962962963,3.473114604801708e-06,5.23929931262046e-06,2.638998578191008,2.6301850435545315,-0.0007929572291861251,0.00029846889113247237
X+,5.5,3.0999999999999996,17.452990227000555,0.0,0.4430473479997706,2.9175119687659297e-05,0.00029844842742721123,0.16979133647911135,0.0003098595382111308,-0.0008684027598899415,0.4456203208155012,2.045328247944737e-06,-2.54960941659284e-06,0.1676997964983526,1.347303782043029e-07,-2.3954978966027666e-06,0.42771797171324283,-4.028337214680024e-05,-0.00012017467865499397,0.2,0.0,0.0,0.0,0.0,2.962962962962963,2.962962962962963,3.473114604801708e-06,5.23929931262046e-06,2.638998578191008,2.6301850435545315,-0.0007929572291861251,0.00029846889113247237
X+,5.5,3.0999999999999996,17.477622757000063,0.0,0.4430473479997706,2.9175119687659297e-05,0.00029844842742721123,0.16979133647911135,0.0003098595382111308,-0.0008684027598899415,0.4456203208155012,2.045328247944737e-06,-2.54960941659284e-06,0.1676997964983526,1.347303782043029e-07,-2.3954978966027666e-06,0.42771797171324283,-4.028337214680024e-05,-0.00012017467865499397,0.2,0.0,0.0,0.0,0.0,2.962962962962963,2.962962962962963,3.473114604801708e-06,5.23929931262046e-06,2.638998578191008,2.6301850435545315,-0.0007929572291861251,0.00029846889113247237
X+,5.5,3.0999999999999996,17.50648470899978,0.0,0.4457610869974862,2.9886777705670498e-05,0.00029833892162554806,0.16900706204645344,0.0003080151132244661,-0.0008674217869362769,0.4456203208155012,2.045328247944737e-06,-2.54960941659284e-06,0.1676997964983526,1.347303782043029e-07,-2.3954978966027666e-06,0.42771797171324283,-4.028337214680024e-05,-0.00012017467865499397,0.2,0.0,0.0,0.0,0.0,2.962962962962963,2.962962962962963,3.473784508933875e-06,5.518903519075025e-06,2.6419678256886376,2.631714057215743,-0.0029450036214705875,0.00029833892162554806
X+,5.5,3.0999999999999996,17.53220025400151,0.0,0.447956749398553,3.0443390284752223e-05,0.00029821851821497586,0.16835940040404004,0.00030628527010219777,-0.0008665160440409223,0.4456203208155012,2.045328247944737e-06,-2.54960941659284e-06,0.1676997964983526,1.347303782043029e-07,-2.3954978966027666e-06,0.42771797171324283,-4.028337214680024e-05,-0.00012017467865499397,0.2,0.0,0.0,0.0,0.0,2.962962962962963,2.962962962962963,3.4749307022963194e-06,5.685759598250684e-06,2.643603695800375,2.6325920852054776,0.0005487447182989963,0.00029825066042143007
X+,5.5,3.0999999999999996,17.562769599000603,0.0,0.4511505930770968,3.121881608804389e-05,0.0002979985233316128,0.16739404904461042,0.00030390319359620006,-0.0008643717935639571,0.4456203208155012,2.045328247944737e-06,-2.54960941659284e-06,0.1676997964983526,1.347303782043029e-07,-2.3954978966027666e-06,0.42771797171324283,-4.028337214680024e-05,-0.00012017467865499397,0.2,0.0,0.0,0.0,0.0,2.962962962962963,2.962962962962963,3.927380103796452e-06,6.087917508779128e-06,2.647237945616506,2.6346630417990093,0.0024724413774200706,0.0002980097496769373
X+,5.5,3.0999999999999996,17.59739354300109,0.0,0.45449258752037036,3.198536413090685e-05,0.00029771465361586654,0.1665522479945431,3.63424971008384e-05,-1.5082740215871678e-05,0.4456203208155012,2.045328247944737e-06,-2.54960941659284e-06,0.1676997964983526,1.347303782043029e-07,-2.3954978966027666e-06,0.42771797171324283,-4.028337214680024e-05,-0.00012017467865499397,0.2,0.0,0.0,0.0,0.0,2.962962962962963,2.962962962962963,4.4960394554038885e-06,6.6069794719680885e-06,2.6514307979109413,2.637235654516108,-0.0042223988237645215,0.0002977298379446042
X+,5.5,3.0999999999999996,17.634578427001543,0.0,0.45764798415016705,3.2660289617567236e-05,0.00029740181794342516,0.16532743719698834,0.0002981654465119598,-0.0008573669327383091,0.4624647234663962,2.0958457416401156e-06,-2.6080271366423377e-06,0.1684440265071147,9.346414131077091e-07,-5.841772004949736e-07,0.4618961794291777,-4.431988404336435e-05,-0.0001613667501478845,0.2,0.0,0.0,0.0,0.0,2.962962962962963,2.962962962962963,5.055741797654889e-06,7.273780001426644e-06,2.6562805135953336,2.64040790999825,0.0007193187410430838,0.0002975710806985535
X+,5.6000000000000005,3.2,17.671443775001535,0.10000000000000053,0.4594658666524595,3.302677644266821e-05,0.0002972020413476204,0.16471946014833613,0.00029636519068604935,-0.0008543544608726105,0.4624647234663962,2.0958457416401156e-06,-2.6080271366423377e-06,0.1684440265071147,9.346414131077091e-07,-5.841772004949736e-07,0.4618961794291777,-4.431988404336435e-05,-0.0001613667501478845,0.2,0.0,0.0,0.0,0.0,2.962962962962963,2.962962962962963,5.335502552661353e-06,-4.5246923621178325e-06,2.658986437326652,2.6422500000337026,-0.001849839024464665,0.0002972020413476204
X+,5.6000000000000005,3.2,17.69581541900334,0.0,0.4594658666524595,3.302677644266821e-05,0.0002972020413476204,0.16471946014833613,0.00029636519068604935,-0.0008543544608726105,0.4624647234663962,2.0958457416401156e-06,-2.6080271366423377e-06,0.1684440265071147,9.346414131077091e-07,-5.841772004949736e-07,0.4618961794291777,-4.431988404336435e-05,-0.0001613667501478845,0.2,0.0,0.0,0.0,0.0,2.962962962962963,2.962962962962963,5.335502552661353e-06,-4.5246923621178325e-06,2.658986437326652,2.6422500000337026,-0.001849839024464665,0.0002972020413476204
X+,5.6000000000000005,3.2,17.72396581800058,0.0,0.4594658666524595,3.302677644266821e-05,0.0002972020413476204,0.16471946014833613,0.00029636519068604935,-0.0008543544608726105,0.4624647234663962,2.0958457416401156e-06,-2.6080271366423377e-06,0.1684440265071147,9.346414131077091e-07,-5.841772004949736e-07,0.4618961794291777,-4.431988404336435e-05,-0.0001613667501478845,0.2,0.0,0.0,0.0,0.0,2.962962962962963,2.962962962962963,5.335502552661353e-06,-4.5246923621178325e-06,2.658986437326652,2.6422500000337026,-0.001849839024464665,0.0002972020413476204
X+,5.6000000000000005,3.2,17.754938563000906,0.0,0.4594658666524595,3.302677644266821e-05,0.0002972020413476204,0.16471946014833613,0.00029636519068604935,-0.0008543544608726105,0.4624647234663962,2.0958457416401156e-06,-2.6080271366423377e-06,0.1684440265071147,9.346414131077091e-07,-5.841772004949736e-07,0.4618961794291777,-4.431988404336435e-05,-0.0001613667501478845,0.2,0.0,0.0,0.0,0.0,2.962962962962963,2.962962962962963,5.335502552661353e-06,-4.5246923621178325e-06,2.658986437326652,2.6422500000337026,-0.001849839024464665,0.0002972020413476204
X+,5.6000000000000005,3.2,17.784466866000002,0.0,0.4594658666524595,3.302677644266821e-05,0.0002972020413476204,0.16471946014833613,0.00029636519068604935,-0.0008543544608726105,0.4624647234663962,2.0958457416401156e-06,-2.6080271366423377e-06,0.1684440265071147,9.346414131077091e-07,-5.841772004949736e-07,0.4618961794291777,-4.431988404336435e-05,-0.0001613667501478845,0.2,0.0,0.0,0.0,0.0,2.962962962962963,2.962962962962963,5.335502552661353e-06,-4.5246923621178325e-06,2.658986437326652,2.6422500000337026,-0.001849839024464665,0.0002972020413476204
X+,5.6000000000000005,3.2,17.82235929500166,0.0,0.4594658666524595,3.302677644266821e-05,0.0002972020413476204,0.16471946014833613,0.00029636519068604935,-0.0008543544608726105,0.4624647234663962,2.0958457416401156e-06,-2.6080271366423377e-06,0.1684440265071147,9.346414131077091e-07,-5.841772004949736e-07,0.4618961794291777,-4.431988404336435e-05,-0.0001613667501478845,0.2,0.0,0.0,0.0,0.0,2.962962962962963,2.962962962962963,5.335502552661353e-06,-4.5246923621178325e-06,2.658986437326652,2.6422500000337026,-0.001849839024464665,0.0002972020413476204
X+,5.6000000000000005,3.2,17.854477598000813,0.0,0.4594658666524595,3.302677644266821e-05,0.0002972020413476204,0.16471946014833613,0.00029636519068604935,-0.0008543544608726105,0.4624647234663962,2.0958457416401156e-06,-2.6080271366423377e-06,0.1684440265071147,9.346414131077091e-07,-5.841772004949736e-07,0.4618961794291777,-4.431988404336435e-05,-0.0001613667501478845,0.2,0.0,0.0,0.0,0.0,2.962962962962963,2.962962962962963,5.335502552661353e-06,-4.5246923621178325e-06,2.658986437326652,2.6422500000337026,-0.001849839024464665,0.0002972020413476204
X+,5.6000000000000005,3.2,17.887662569002714,0.0,0.4594658666524595,3.302677644266821e-05,0.0002972020413476204,0.16471946014833613,0.00029636519068604935,-0.0008543544608726105,0.4624647234663962,2.0958457416401156e-06,-2.6080271366423377e-06,0.1684440265071147,9.346414131077091e-07,-5.841772004949736e-07,0.4618961794291777,-4.431988404336435e-05,-0.0001613667501478845,0.2,0.0,0.0,0.0,0.0,2.962962962962963,2.962962962962963,5.335502552661353e-06,-4.5246923621178325e-06,2.658986437326652,2.6422500000337026,-0.001849839024464665,0.0002972020413476204
X+,5.6000000000000005,3.2,17.915794332002406,0.0,0.4594658666524595,3.302677644266821e-05,0.0002972020413476204,0.16471946014833613,0.00029636519068604935,-0.0008543544608726105,0.4624647234663962,2.0958457416401156e-06,-2.6080271366423377e-06,0.1684440265071147,9.346414131077091e-07,-5.841772004949736e-07,0.4618961794291777,-4.431988404336435e-05,-0.0001613667501478845,0.2,0.0,0.0,0.0,0.0,2.962962962962963,2.962962962962963,5.335502552661353e-06,-4.5246923621178325e-06,2.658986437326652,2.6422500000337026,-0.001849839024464665,0.0002972020413476204
X+,5.6000000000000005,3.2,17.945072929000162,0.0,0.4594658666524595,3.302677644266821e-05,0.0002972020413476204,0.16471946014833613,0.00029636519068604935,-0.0008543544608726105,0.4624647234663962,2.0958457416401156e-06,-2.6080271366423377e-06,0.1684440265071147,9.346414131077091e-07,-5.841772004949736e-07,0.4618961794291777,-4.431988404336435e-05,-0.0001613667501478845,0.2,0.0,0.0,0.0,0.0,2.962962962962963,2.962962962962963,5.335502552661353e-06,-4.5246923621178325e-06,2.658986437326652,2.6422500000337026,-0.001849839024464665,0.0002972020413476204
X+,5.6000000000000005,3.2,17.978383888999815,0.0,0.4594658666524595,3.302677644266821e-05,0.0002972020413476204,0.16471946014833613,0.00029636519068604935,-0.0008543544608726105,0.4624647234663962,2.0958457416401156e-06,-2.6080271366423377e-06,0.1684440265071147,9.346414131077091e-07,-5.841772004949736e-07,0.4618961794291777,-4.431988404336435e-05,-0.0001613667501478845,0.2,0.0,0.0,0.0,0.0,2.962962962962963,2.962962962962963,5.335502552661353e-06,-4.5246923621178325e-06,2.658986437326652,2.6422500000337026,-0.001849839024464665,0.0002972020413476204
X+,5.6000000000000005,3.2,18.009720512000058,0.0,0.4614413506082964,3.340238963042176e-05,0.0002969781620953655,0.16404127508363428,0.0002944016548310536,-0.0008507418738242917,0.4624647234663962,2.0958457416401156e-06,-2.6080271366423377e-06,0.1684440265071147,9.346414131077091e-07,-5.841772004949736e-07,0.4618961794291777,-4.431988404336435e-05,-0.0001613667501478845,0.2,0.0,0.0,0.0,0.0,2.962962962962963,2.962962962962963,5.616446940415187e-06,-4.511225971448596e-06,2.6619006726980583,2.6442848767042495,-0.001228262304911174,0.0002969781620953655
X+,5.6000000000000005,3.2,18.046306183001434,0.0,0.4650416657307186,3.402869700856997e-05,0.00029654299091466614,0.16275204595600598,0.00029074330063670216,-0.0008425723472607035,0.4624647234663962,2.0958457416401156e-06,-2.6080271366423377e-06,0.1684440265071147,9.346414131077091e-07,-5.841772004949736e-07,0.4618961794291777,-4.431988404336435e-05,-0.0001613667501478845,0.2,0.0,0.0,0.0,0.0,2.962962962962963,2.962962962962963,6.172171909568647e-06,4.564618461877501e-06,2.6684257680198704,2.6489949395606986,-0.00042754501162186676,0.0002965638308257541
X+,5.6000000000000005,3.2,18.072217097000248,0.0,0.4673178273315857,3.438529878402579e-05,0.00029625356559006644,0.16189629504297684,0.0002884969681681393,-0.0008363023150837943,0.4624647234663962,2.0958457416401156e-06,-2.6080271366423377e-06,0.1684440265071147,9.346414131077091e-07,-5.841772004949736e-07,0.4618961794291777,-4.431988404336435e-05,-0.0001613667501478845,0.2,0.0,0.0,0.0,0.0,2.962962962962963,2.962962962962963,6.725538656660035e-06,8.194653861259837e-06,2.6760174150667586,2.6546887777567343,0.0009549697906446505,0.0002962964113242876
X+,5.6000000000000005,3.2,18.10064051000154,0.0,0.46974312136501295,3.472945097495166e-05,0.00029594393091834773,0.16094431619767258,0.0002858645964592938,-0.0008276886929240864,0.4624647234663962,2.0958457416401156e-06,-2.6080271366423377e-06,0.1684440265071147,9.346414131077091e-07,-5.841772004949736e-07,0.4618961794291777,-4.431988404336435e-05,-0.0001613667501478845,0.2,0.0,0.0,0.0,0.0,2.962962962962963,2.962962962962963,6.9961351938374605e-06,4.908670491410305e-06,2.6802730984378837,2.657956265992873,2.113126611252077e-05,0.0002960874404110341
X+,5.6000000000000005,3.2,18.133549063000828,0.0,0.4721539400480064,3.5034055572989546e-05,0.0002956475085083243,0.1599513002402873,0.0002834463040583558,-0.0008176113107227263,0.47949305875806014,2.0746697516046573e-06,-2.2712888336874145e-06,0.17028335291661234,2.3234370497067262e-07,3.367383029549234e-06,0.46282548238492455,-4.531538249282454e-05,-0.00020044359168824868,0.2,0.0,0.0,0.0,0.0,2.962962962962963,2.962962962962963,7.529832531716352e-06,8.8769211812334e-06,2.689847849571334,2.6654820507764563,-9.532731212133158e-05,0.0002956850458866986
X+,5.7,3.3,18.164848404001532,0.09999999999999964,0.4755035149289812,3.5393548643037134e-05,0.00029527296988966106,0.15848153094681394,0.00027993329115602817,-0.0007994339729141546,0.47949305875806014,2.0746697516046573e-06,-2.2712888336874145e-06,0.17028335291661234,2.3234370497067262e-07,3.367383029549234e-06,0.46282548238492455,-4.531538249282454e-05,-0.00020044359168824868,0.2,0.0,0.0,0.0,0.0,2.962962962962963,2.962962962962963,8.044207627122546e-06,4.563680227498423e-06,2.7010723529018836,2.6745281815433684,-0.0012877341609177238,0.00029527296988966106
X+,5.7,3.3,18.195629297002597,0.0,0.476454807554923,3.5481440616312934e-05,0.00029518251582030445,0.15804241787884837,0.00027902657082653966,-0.0007934185896310311,0.47949305875806014,2.0746697516046573e-06,-2.2712888336874145e-06,0.17028335291661234,2.3234370497067262e-07,3.367383029549234e-06,0.46282548238492455,-4.531538249282454e-05,-0.00020044359168824868,0.2,0.0,0.0,0.0,0.0,2.962962962962963,2.962962962962963,8.044207627122546e-06,4.563680227498423e-06,2.7010723529018836,2.6745281815433684,-0.0012877341609177238,0.00029527296988966106
X+,5.7,3.3,18.222851514001377,0.0,0.476454807554923,3.5481440616312934e-05,0.00029518251582030445,0.15804241787884837,0.00027902657082653966,-0.0007934185896310311,0.47949305875806014,2.0746697516046573e-06,-2.2712888336874145e-06,0.17028335291661234,2.3234370497067262e-07,3.367383029549234e-06,0.46282548238492455,-4.531538249282454e-05,-0.00020044359168824868,0.2,0.0,0.0,0.0,0.0,2.962962962962963,2.962962962962963,8.044207627122546e-06,4.563680227498423e-06,2.7010723529018836,2.6745281815433684,-0.0012877341609177238,0.00029527296988966106
X+,5.7,3.3,18.259842810002738,0.0,0.476454807554923,3.5481440616312934e-05,0.00029518251582030445,0.15804241787884837,0.00027902657082653966,-0.0007934185896310311,0.47949305875806014,2.0746697516046573e-06,-2.2712888336874145e-06,0.17028335291661234,2.3234370497067262e-07,3.367383029549234e-06,0.46282548238492455,-4.531538249282454e-05,-0.00020044359168824868,0.2,0.0,0.0,0.0,0.0,2.962962962962963,2.962962962962963,8.044207627122546e-06,4.563680227498423e-06,2.7010723529018836,2.6745281815433684,-0.0012877341609177238,0.00029527296988966106
X+,5.7,3.3,18.28548962000059,0.0,0.476454807554923,3.5481440616312934e-05,0.00029518251582030445,0.15804241787884837,0.00027902657082653966,-0.0007934185896310311,0.47949305875806014,2.0746697516046573e-06,-2.2712888336874145e-06,0.17028335291661234,2.3234370497067262e-07,3.367383029549234e-06,0.46282548238492455,-4.531538249282454e-05,-0.00020044359168824868,0.2,0.0,0.0,0.0,0.0,2.962962962962963,2.962962962962963,8.044207627122546e-06,4.563680227498423e-06,2.7010723529018836,2.6745281815433684,-0.0012877341609177238,0.00029527296988966106
X+,5.7,3.3,18.315729624002415,0.0,0.476454807554923,3.5481440616312934e-05,0.00029518251582030445,0.15804241787884837,0.00027902657082653966,-0.0007934185896310311,0.47949305875806014,2.0746697516046573e-06,-2.2712888336874145e-06,0.17028335291661234,2.3234370497067262e-07,3.367383029549234e-06,0.46282548238492455,-4.531538249282454e-05,-0.00020044359168824868,0.2,0.0,0.0,0.0,0.0,2.962962962962963,2.962962962962963,8.044207627122546e-06,4.563680227498423e-06,2.7010723529018836,2.6745281815433684,-0.0012877341609177238,0.00029527296988966106
X+,5.7,3.3,18.343979880002735,0.0,0.476454807554923,3.5481440616312934e-05,0.00029518251582030445,0.15804241787884837,0.00027902657082653966,-0.0007934185896310311,0.47949305875806014,2.0746697516046573e-06,-2.2712888336874145e-06,0.17028335291661234,2.3234370497067262e-07,3.367383029549234e-06,0.46282548238492455,-4.531538249282454e-05,-0.00020044359168824868,0.2,0.0,0.0,0.0,0.0,2.962962962962963,2.962962962962963,8.044207627122546e-06,4.563680227498423e-06,2.7010723529018836,2.6745281815433684,-0.0012877341609177238,0.00029527296988966106
X+,5.7,3.3,18.369804377001856,0.0,0.476454807554923,3.5481440616312934e-05,0.00029518251582030445,0.15804241787884837,0.00027902657082653966,-0.0007934185896310311,0.47949305875806014,2.0746697516046573e-06,-2.2712888336874145e-06,0.17028335291661234,2.3234370497067262e-07,3.367383029549234e-06,0.46282548238492455,-4.531538249282454e-05,-0.00020044359168824868,0.2,0.0,0.0,0.0,0.0,2.962962962962963,2.962962962962963,8.044207627122546e-06,4.563680227498423e-06,2.7010723529018836,2.6745281815433684,-0.0012877341609177238,0.00029527296988966106
X+,5.7,3.3,18.398333200002526,0.0,0.476454807554923,3.5481440616312934e-05,0.00029518251582030445,0.15804241787884837,0.00027902657082653966,-0.0007934185896310311,0.47949305875806014,2.0746697516046573e-06,-2.2712888336874145e-06,0.17028335291661234,2.3234370497067262e-07,3.367383029549234e-06,0.46282548238492455,-4.531538249282454e-05,-0.00020044359168824868,0.2,0.0,0.0,0.0,0.0,2.962962962962963,2.962962962962963,8.044207627122546e-06,4.563680227498423e-06,2.7010723529018836,2.6745281815433684,-0.0012877341609177238,0.00029527296988966106
X+,5.7,3.3,18.422547607002343,0.0,0.476454807554923,3.5481440616312934e-05,0.00029518251582030445,0.15804241787884837,0.00027902657082653966,-0.0007934185896310311,0.47949305875806014,2.0746697516046573e-06,-2.2712888336874145e-06,0.17028335291661234,2.3234370497067262e-07,3.367383029549234e-06,0.46282548238492455,-4.531538249282454e-05,-0.00020044359168824868,0.2,0.0,0.0,0.0,0.0,2.962962962962963,2.962962962962963,8.044207627122546e-06,4.563680227498423e-06,2.7010723529018836,2.6745281815433684,-0.0012877341609177238,0.00029527296988966106
X+,5.7,3.3,18.448828634001984,0.0,0.476454807554923,3.5481440616312934e-05,0.00029518251582030445,0.15804241787884837,0.00027902657082653966,-0.0007934185896310311,0.47949305875806014,2.0746697516046573e-06,-2.2712888336874145e-06,0.17028335291661234,2.3234370497067262e-07,3.367383029549234e-06,0.46282548238492455,-4.531538249282454e-05,-0.00020044359168824868,0.2,0.0,0.0,0.0,0.0,2.962962962962963,2.962962962962963,8.044207627122546e-06,4.563680227498423e-06,2.7010723529018836,2.6745281815433684,-0.0012877341609177238,0.00029527296988966106
X+,5.7,3.3,18.47796215100243,0.0,0.476454807554923,3.5481440616312934e-05,0.00029518251582030445,0.15804241787884837,0.00027902657082653966,-0.0007934185896310311,0.47949305875806014,2.0746697516046573e-06,-2.2712888336874145e-06,0.17028335291661234,2.3234370497067262e-07,3.367383029549234e-06,0.46282548238492455,-4.531538249282454e-05,-0.00020044359168824868,0.2,0.0,0.0,0.0,0.0,2.962962962962963,2.962962962962963,8.044207627122546e-06,4.563680227498423e-06,2.7010723529018836,2.6745281815433684,-0.0012877341609177238,0.00029527296988966106
X+,5.7,3.3,18.50742963200173,0.0,0.476454807554923,3.5481440616312934e-05,0.00029518251582030445,0.15804241787884837,0.00027902657082653966,-0.0007934185896310311,0.47949305875806014,2.0746697516046573e-06,-2.2712888336874145e-06,0.17028335291661234,2.3234370497067262e-07,3.367383029549234e-06,0.46282548238492455,-4.531538249282454e-05,-0.00020044359168824868,0.2,0.0,0.0,0.0,0.0,2.962962962962963,2.962962962962963,8.044207627122546e-06,4.563680227498423e-06,2.7010723529018836,2.6745281815433684,-0.0012877341609177238,0.00029527296988966106
X+,5.7,3.3,18.536814754999796,0.0,0.476454807554923,3.5481440616312934e-05,0.00029518251582030445,0.15804241787884837,0.00027902657082653966,-0.0007934185896310311,0.47949305875806014,2.0746697516046573e-06,-2.2712888336874145e-06,0.17028335291661234,2.3234370497067262e-07,3.367383029549234e-06,0.46282548238492455,-4.531538249282454e-05,-0.00020044359168824868,0.2,0.0,0.0,0.0,0.0,2.962962962962963,2.962962962962963,8.044207627122546e-06,4.563680227498423e-06,2.7010723529018836,2.6745281815433684,-0.0012877341609177238,0.00029527296988966106
X+,5.7,3.3,18.56584649600336,0.0,0.4783494091484123,3.564057919838975e-05,0.0002950218446447088,0.15713564503394334,0.0002775299524690652,-0.0007807599647798049,0.47949305875806014,2.0746697516046573e-06,-2.2712888336874145e-06,0.17028335291661234,2.3234370497067262e-07,3.367383029549234e-06,0.46282548238492455,-4.531538249282454e-05,-0.00020044359168824868,0.2,0.0,0.0,0.0,0.0,2.962962962962963,2.962962962962963,8.291530394721747e-06,4.812493314965138e-06,2.7074059453001773,2.6797216165770332,-0.0028605835825554473,0.00029512603460258853
X+,5.7,3.3,18.601668038001662,0.0,0.48179379759089647,3.587723869382525e-05,0.0002948219361091781,0.15536210254206537,0.000274869890046917,-0.0007511304743534247,0.47949305875806014,2.0746697516046573e-06,-2.2712888336874145e-06,0.17028335291661234,2.3234370497067262e-07,3.367383029549234e-06,0.46282548238492455,-4.531538249282454e-05,-0.00020044359168824868,0.2,0.0,0.0,0.0,0.0,2.962962962962963,2.962962962962963,8.987821426664766e-06,6.293430976356262e-06,2.729914256534513,2.69855367739256,-0.002994047964394868,0.00029488570183730837
X+,5.7,3.3,18.629867269002716,0.0,0.4847360459318958,3.6030691133517e-05,0.0002947777112301569,0.15369516100423053,0.00027269254377019743,-0.0007165245295228008,0.47949305875806014,2.0746697516046573e-06,-2.2712888336874145e-06,0.17028335291661234,2.3234370497067262e-07,3.367383029549234e-06,0.46282548238492455,-4.531538249282454e-05,-0.00020044359168824868,0.2,0.0,0.0,0.0,0.0,2.962962962962963,2.962962962962963,9.407873283073798e-06,7.3775848115076315e-06,2.7484990464299557,2.714430177817092,0.0018865097966505612,0.00029478425648206424
X+,5.7,3.3,18.679650325000694,0.0,0.487797673146108,3.615458328966141e-05,0.0002948689344378416,0.15177812596019388,0.0002691387861304294,-0.0006610564651456014,0.49695547755191927,2.188618014188578e-06,-2.220571389555698e-06,0.17462418793555257,1.5361045939925806e-06,5.071744413171639e-07,0.49503980651063784,-5.150397379955745e-05,-0.00021965881001673196,0.2,0.0,0.0,0.0,0.0,2.962962962962963,2.962962962962963,9.792619037440886e-06,8.618976194085803e-06,2.7707314384092805,2.733675408366216,0.0003249461111856774,0.00029480881496441835
X+,5.800000000000001,3.4000000000000004,18.71275027700176,0.10000000000000053,0.4911191824132153,3.6265112717705564e-05,0.0002952212848161932,0.14943921172874133,0.0002648813983101461,-0.0005750251504377502,0.49695547755191927,2.188618014188578e-06,-2.220571389555698e-06,0.17462418793555257,1.5361045939925806e-06,5.071744413171639e-07,0.49503980651063784,-5.150397379955745e-05,-0.00021965881001673196,0.2,0.0,0.0,0.0,0.0,2.962962962962963,2.962962962962963,1.0142773975374553e-05,1.0042169718005312e-05,2.7974797066169192,2.7567980166277994,-0.0017044257665822858,0.0002952212848161932
X+,5.800000000000001,3.4000000000000004,18.738974085001246,0.0,0.4911191824132153,3.6265112717705564e-05,0.0002952212848161932,0.14943921172874133,0.0002648813983101461,-0.0005750251504377502,0.49695547755191927,2.188618014188578e-06,-2.220571389555698e-06,0.17462418793555257,1.5361045939925806e-06,5.071744413171639e-07,0.49503980651063784,-5.150397379955745e-05,-0.00021965881001673196,0.2,0.0,0.0,0.0,0.0,2.962962962962963,2.962962962962963,1.0142773975374553e-05,1.0042169718005312e-05,2.7974797066169192,2.7567980166277994,-0.0017044257665822858,0.0002952212848161932
X+,5.800000000000001,3.4000000000000004,18.770648608002375,0.0,0.4911191824132153,3.6265112717705564e-05,0.0002952212848161932,0.14943921172874133,0.0002648813983101461,-0.0005750251504377502,0.49695547755191927,2.188618014188578e-06,-2.220571389555698e-06,0.17462418793555257,1.5361045939925806e-06,5.071744413171639e-07,0.49503980651063784,-5.150397379955745e-05,-0.00021965881001673196,0.2,0.0,0.0,0.0,0.0,2.962962962962963,2.962962962962963,1.0142773975374553e-05,1.0042169718005312e-05,2.7974797066169192,2.7567980166277994,-0.0017044257665822858,0.0002952212848161932
X+,5.800000000000001,3.4000000000000004,18.800096979000955,0.0,0.4911191824132153,3.6265112717705564e-05,0.0002952212848161932,0.14943921172874133,0.0002648813983101461,-0.0005750251504377502,0.49695547755191927,2.188618014188578e-06,-2.220571389555698e-06,0.17462418793555257,1.5361045939925806e-06,5.071744413171639e-07,0.49503980651063784,-5.150397379955745e-05,-0.00021965881001673196,0.2,0.0,0.0,0.0,0.0,2.962962962962963,2.962962962962963,1.0142773975374553e-05,1.0042169718005312e-05,2.7974797066169192,2.7567980166277994,-0.0017044257665822858,0.0002952212848161932
X+,5.800000000000001,3.4000000000000004,18.82756018500004,0.0,0.4911191824132153,3.6265112717705564e-05,0.0002952212848161932,0.14943921172874133,0.0002648813983101461,-0.0005750251504377502,0.49695547755191927,2.188618014188578e-06,-2.220571389555698e-06,0.17462418793555257,1.5361045939925806e-06,5.071744413171639e-07,0.49503980651063784,-5.150397379955745e-05,-0.00021965881001673196,0.2,0.0,0.0,0.0,0.0,2.962962962962963,2.962962962962963,1.0142773975374553e-05,1.0042169718005312e-05,2.7974797066169192,2.7567980166277994,-0.0017044257665822858,0.0002952212848161932
X+,5.800000000000001,3.4000000000000004,18.863543857001787,0.0,0.4911191824132153,3.6265112717705564e-05,0.0002952212848161932,0.14943921172874133,0.0002648813983101461,-0.0005750251504377502,0.49695547755191927,2.188618014188578e-06,-2.220571389555698e-06,0.17462418793555257,1.5361045939925806e-06,5.071744413171639e-07,0.49503980651063784,-5.150397379955745e-05,-0.00021965881001673196,0.2,0.0,0.0,0.0,0.0,2.962962962962963,2.962962962962963,1.0142773975374553e-05,1.0042169718005312e-05,2.7974797066169192,2.7567980166277994,-0.0017044257665822858,0.0002952212848161932
X+,5.800000000000001,3.4000000000000004,18.890347118001955,0.0,0.4911191824132153,3.6265112717705564e-05,0.0002952212848161932,0.14943921172874133,0.0002648813983101461,-0.0005750251504377502,0.49695547755191927,2.188618014188578e-06,-2.220571389555698e-06,0.17462418793555257,1.5361045939925806e-06,5.071744413171639e-07,0.49503980651063784,-5.150397379955745e-05,-0.00021965881001673196,0.2,0.0,0.0,0.0,0.0,2.962962962962963,2.962962962962963,1.0142773975374553e-05,1.0042169718005312e-05,2.7974797066169192,2.7567980166277994,-0.0017044257665822858,0.0002952212848161932
X+,5.800000000000001,3.4000000000000004,18.918193923000217,0.0,0.4911191824132153,3.6265112717705564e-05,0.0002952212848161932,0.14943921172874133,0.0002648813983101461,-0.0005750251504377502,0.49695547755191927,2.188618014188578e-06,-2.220571389555698e-06,0.17462418793555257,1.5361045939925806e-06,5.071744413171639e-07,0.49503980651063784,-5.150397379955745e-05,-0.00021965881001673196,0.2,0.0,0.0,0.0,0.0,2.962962962962963,2.962962962962963,1.0142773975374553e-05,1.0042169718005312e-05,2.7974797066169192,2.7567980166277994,-0.0017044257665822858,0.0002952212848161932
X+,5.800000000000001,3.4000000000000004,18.945220602003246,0.0,0.4911191824132153,3.6265112717705564e-05,0.0002952212848161932,0.14943921172874133,0.0002648813983101461,-0.0005750251504377502,0.49695547755191927,2.188618014188578e-06,-2.220571389555698e-06,0.17462418793555257,1.5361045939925806e-06,5.071744413171639e-07,0.49503980651063784,-5.150397379955745e-05,-0.00021965881001673196,0.2,0.0,0.0,0.0,0.0,2.962962962962963,2.962962962962963,1.0142773975374553e-05,1.0042169718005312e-05,2.7974797066169192,2.7567980166277994,-0.0017044257665822858,0.0002952212848161932
X+,5.800000000000001,3.4000000000000004,18.971596961000614,0.0,0.4911191824132153,3.6265112717705564e-05,0.0002952212848161932,0.14943921172874133,0.0002648813983101461,-0.0005750251504377502,0.49695547755191927,2.188618014188578e-06,-2.220571389555698e-06,0.17462418793555257,1.5361045939925806e-06,5.071744413171639e-07,0.49503980651063784,-5.150397379955745e-05,-0.00021965881001673196,0.2,0.0,0.0,0.0,0.0,2.962962962962963,2.962962962962963,1.0142773975374553e-05,1.0042169718005312e-05,2.7974797066169192,2.7567980166277994,-0.0017044257665822858,0.0002952212848161932
X+,5.800000000000001,3.4000000000000004,19.00557033000223,0.0,0.4911191824132153,3.6265112717705564e-05,0.0002952212848161932,0.14943921172874133,0.0002648813983101461,-0.0005750251504377502,0.49695547755191927,2.188618014188578e-06,-2.220571389555698e-06,0.17462418793555257,1.5361045939925806e-06,5.071744413171639e-07,0.49503980651063784,-5.150397379955745e-05,-0.00021965881001673196,0.2,0.0,0.0,0.0,0.0,2.962962962962963,2.962962962962963,1.0142773975374553e-05,1.0042169718005312e-05,2.7974797066169192,2.7567980166277994,-0.0017044257665822858,0.0002952212848161932
X+,5.800000000000001,3.4000000000000004,19.039516933000414,0.0,0.4939445191547561,3.6389077289708006e-05,0.0002957475348457873,0.14719196433354687,0.0002571940940388118,-0.00044374039989260604,0.49695547755191927,2.188618014188578e-06,-2.220571389555698e-06,0.17462418793555257,1.5361045939925806e-06,5.071744413171639e-07,0.49503980651063784,-5.150397379955745e-05,-0.00021965881001673196,0.2,0.0,0.0,0.0,0.0,2.962962962962963,2.962962962962963,1.0476540233561593e-05,1.167224405573819e-05,2.8298825986777345,2.784925385914188,-0.0017428459921339657,0.0002954638612027579
X+,5.800000000000001,3.4000000000000004,19.062637663002533,0.0,0.4959980582848986,3.65315617384919e-05,0.0002963507944371298,0.1453762445674293,0.0002444052718024758,-0.0003186462538182315,0.49695547755191927,2.188618014188578e-06,-2.220571389555698e-06,0.17462418793555257,1.5361045939925806e-06,5.071744413171639e-07,0.49503980651063784,-5.150397379955745e-05,-0.00021965881001673196,0.2,0.0,0.0,0.0,0.0,2.962962962962963,2.962962962962963,1.0641040549153047e-05,1.2574704649104262e-05,2.848521700575445,2.8013664012658683,0.0012786092137644616,0.0002962366681144355
X+,5.800000000000001,3.4000000000000004,19.092032579999795,0.0,0.4985994194141294,3.678966428113939e-05,0.0002969312229058248,0.1428081540367409,0.00020731781995243423,-5.077614693044918e-05,0.49695547755191927,2.188618014188578e-06,-2.220571389555698e-06,0.17462418793555257,1.5361045939925806e-06,5.071744413171639e-07,0.49503980651063784,-5.150397379955745e-05,-0.00021965881001673196,0.2,0.0,0.0,0.0,0.0,2.962962962962963,2.962962962962963,1.1031480309675601e-05,1.4615506691129099e-05,2.8914379859756876,2.8398251685137046,0.0002861791794268807,0.0002968977634164346
X+,5.800000000000001,3.4000000000000004,19.13511079000091,0.0,0.5017125321452426,3.715386735956942e-05,0.00029780163227379055,0.13925604651797638,0.00018391576315649318,0.00024647093387492844,0.49695547755191927,2.188618014188578e-06,-2.220571389555698e-06,0.17462418793555257,1.5361045939925806e-06,5.071744413171639e-07,0.49503980651063784,-5.150397379955745e-05,-0.00021965881001673196,0.2,0.0,0.0,0.0,0.0,2.962962962962963,2.962962962962963,1.1416198702818292e-05,1.6937965953367495e-05,2.94202984788404,2.885879561766761,-0.001482871526887468,0.00029768548397949586
X+,5.800000000000001,3.4000000000000004,19.16668236100304,0.0,0.5041984920487488,3.747277810703213e-05,0.00029848239063498175,0.1359746825435644,0.00020445418670860582,0.0004083493283046969,0.5155173690202655,2.410059719848837e-06,-2.382921366503393e-06,0.18561891467808686,2.6265971079032643e-06,-1.6234997694769472e-06,0.4997068767532071,-5.2476122822950856e-05,-0.00022370671847630165,0.2,0.0,0.0,0.0,0.0,2.962962962962963,2.962962962962963,1.1653268882305667e-05,1.9440190996533602e-05,2.9990384938298376,2.9379825039985725,-0.0029827717263218893,0.00029814907186446636
X+,5.9,3.5,19.20178532400314,0.09999999999999964,0.5052839498674154,3.765625047922813e-05,0.00029890503234012794,0.1344055925207692,0.00022144204075856723,0.00048168589172320643,0.5155173690202655,2.410059719848837e-06,-2.382921366503393e-06,0.18561891467808686,2.6265971079032643e-06,-1.6234997694769472e-06,0.4997068767532071,-5.2476122822950856e-05,-0.00022370671847630165,0.2,0.0,0.0,0.0,0.0,2.962962962962963,2.962962962962963,1.1772858287351085e-05,2.0790561043426692e-05,3.0280584460856836,2.964439789553808,0.0009430409976951044,0.0002987127781583011
X+,5.9,3.5,19.22793603000173,0.0,0.5052839498674154,3.765625047922813e-05,0.00029890503234012794,0.1344055925207692,0.00022144204075856723,0.00048168589172320643,0.5155173690202655,2.410059719848837e-06,-2.382921366503393e-06,0.18561891467808686,2.6265971079032643e-06,-1.6234997694769472e-06,0.4997068767532071,-5.2476122822950856e-05,-0.00022370671847630165,0.2,0.0,0.0,0.0,0.0,2.962962962962963,2.962962962962963,1.1772858287351085e-05,2.0790561043426692e-05,3.0280584460856836,2.964439789553808,0.0009430409976951044,0.0002987127781583011
X+,5.9,3.5,19.254663142000936,0.0,0.5052839498674154,3.765625047922813e-05,0.00029890503234012794,0.1344055925207692,0.00022144204075856723,0.00048168589172320643,0.5155173690202655,2.410059719848837e-06,-2.382921366503393e-06,0.18561891467808686,2.6265971079032643e-06,-1.6234997694769472e-06,0.4997068767532071,-5.2476122822950856e-05,-0.00022370671847630165,0.2,0.0,0.0,0.0,0.0,2.962962962962963,2.962962962962963,1.1772858287351085e-05,2.0790561043426692e-05,3.0280584460856836,2.964439789553808,0.0009430409976951044,0.0002987127781583011
X+,5.9,3.5,19.289385509000567,0.0,0.5052839498674154,3.765625047922813e-05,0.00029890503234012794,0.1344055925207692,0.00022144204075856723,0.00048168589172320643,0.5155173690202655,2.410059719848837e-06,-2.382921366503393e-06,0.18561891467808686,2.6265971079032643e-06,-1.6234997694769472e-06,0.4997068767532071,-5.2476122822950856e-05,-0.00022370671847630165,0.2,0.0,0.0,0.0,0.0,2.962962962962963,2.962962962962963,1.1772858287351085e-05,2.0790561043426692e-05,3.0280584460856836,2.964439789553808,0.0009430409976951044,0.0002987127781583011
X+,5.9,3.5,19.353251338001428,0.0,0.5052839498674154,3.765625047922813e-05,0.00029890503234012794,0.1344055925207692,0.00022144204075856723,0.00048168589172320643,0.5155173690202655,2.410059719848837e-06,-2.382921366503393e-06,0.18561891467808686,2.6265971079032643e-06,-1.6234997694769472e-06,0.4997068767532071,-5.2476122822950856e-05,-0.00022370671847630165,0.2,0.0,0.0,0.0,0.0,2.962962962962963,2.962962962962963,1.1772858287351085e-05,2.0790561043426692e-05,3.0280584460856836,2.964439789553808,0.0009430409976951044,0.0002987127781583011
X+,5.9,3.5,19.381695890002447,0.0,0.5052839498674154,3.765625047922813e-05,0.00029890503234012794,0.1344055925207692,0.00022144204075856723,0.00048168589172320643,0.5155173690202655,2.410059719848837e-06,-2.382921366503393e-06,0.18561891467808686,2.6265971079032643e-06,-1.6234997694769472e-06,0.4997068767532071,-5.2476122822950856e-05,-0.00022370671847630165,0.2,0.0,0.0,0.0,0.0,2.962962962962963,2.962962962962963,1.1772858287351085e-05,2.0790561043426692e-05,3.0280584460856836,2.964439789553808,0.0009430409976951044,0.0002987127781583011
X+,5.9,3.5,19.414380789999996,0.0,0.5052839498674154,3.765625047922813e-05,0.00029890503234012794,0.1344055925207692,0.00022144204075856723,0.00048168589172320643,0.5155173690202655,2.410059719848837e-06,-2.382921366503393e-06,0.18561891467808686,2.6265971079032643e-06,-1.6234997694769472e-06,0.4997068767532071,-5.2476122822950856e-05,-0.00022370671847630165,0.2,0.0,0.0,0.0,0.0,2.962962962962963,2.962962962962963,1.1772858287351085e-05,2.0790561043426692e-05,3.0280584460856836,2.964439789553808,0.0009430409976951044,0.0002987127781583011
X+,5.9,3.5,19.442430237002554,0.0,0.5052839498674154,3.765625047922813e-05,0.00029890503234012794,0.1344055925207692,0.00022144204075856723,0.00048168589172320643,0.5155173690202655,2.410059719848837e-06,-2.382921366503393e-06,0.18561891467808686,2.6265971079032643e-06,-1.6234997694769472e-06,0.4997068767532071,-5.2476122822950856e-05,-0.00022370671847630165,0.2,0.0,0.0,0.0,0.0,2.962962962962963,2.962962962962963,1.1772858287351085e-05,2.0790561043426692e-05,3.0280584460856836,2.964439789553808,0.0009430409976951044,0.0002987127781583011
X+,5.9,3.5,19.477039605000755,0.0,0.5052839498674154,3.765625047922813e-05,0.00029890503234012794,0.1344055925207692,0.00022144204075856723,0.00048168589172320643,0.5155173690202655,2.410059719848837e-06,-2.382921366503393e-06,0.18561891467808686,2.6265971079032643e-06,-1.6234997694769472e-06,0.4997068767532071,-5.2476122822950856e-05,-0.00022370671847630165,0.2,0.0,0.0,0.0,0.0,2.962962962962963,2.962962962962963,1.1772858287351085e-05,2.0790561043426692e-05,3.0280584460856836,2.964439789553808,0.0009430409976951044,0.0002987127781583011
X+,5.9,3.5,19.504863303001912,0.0,0.5052839498674154,3.765625047922813e-05,0.00029890503234012794,0.1344055925207692,0.00022144204075856723,0.00048168589172320643,0.5155173690202655,2.410059719848837e-06,-2.382921366503393e-06,0.18561891467808686,2.6265971079032643e-06,-1.6234997694769472e-06,0.4997068767532071,-5.2476122822950856e-05,-0.00022370671847630165,0.2,0.0,0.0,0.0,0.0,2.962962962962963,2.962962962962963,1.1772858287351085e-05,2.0790561043426692e-05,3.0280584460856836,2.964439789553808,0.0009430409976951044,0.0002987127781583011
X+,5.9,3.5,19.531251078002242,0.0,0.5052839498674154,3.765625047922813e-05,0.00029890503234012794,0.1344055925207692,0.00022144204075856723,0.00048168589172320643,0.5155173690202655,2.410059719848837e-06,-2.382921366503393e-06,0.18561891467808686,2.6265971079032643e-06,-1.6234997694769472e-06,0.4997068767532071,-5.2476122822950856e-05,-0.00022370671847630165,0.2,0.0,0.0,0.0,0.0,2.962962962962963,2.962962962962963,1.1772858287351085e-05,2.0790561043426692e-05,3.0280584460856836,2.964439789553808,0.0009430409976951044,0.0002987127781583011
X+,5.9,3.5,19.5602267150025,0.0,0.5052839498674154,3.765625047922813e-05,0.00029890503234012794,0.1344055925207692,0.00022144204075856723,0.00048168589172320643,0.5155173690202655,2.410059719848837e-06,-2.382921366503393e-06,0.18561891467808686,2.6265971079032643e-06,-1.6234997694769472e-06,0.4997068767532071,-5.2476122822950856e-05,-0.00022370671847630165,0.2,0.0,0.0,0.0,0.0,2.962962962962963,2.962962962962963,1.1772858287351085e-05,2.0790561043426692e-05,3.0280584460856836,2.964439789553808,0.0009430409976951044,0.0002987127781583011
X+,5.9,3.5,19.58965614400222,0.0,0.5052839498674154,3.765625047922813e-05,0.00029890503234012794,0.1344055925207692,0.00022144204075856723,0.00048168589172320643,0.5155173690202655,2.410059719848837e-06,-2.382921366503393e-06,0.18561891467808686,2.6265971079032643e-06,-1.6234997694769472e-06,0.4997068767532071,-5.2476122822950856e-05,-0.00022370671847630165,0.2,0.0,0.0,0.0,0.0,2.962962962962963,2.962962962962963,1.1772858287351085e-05,2.0790561043426692e-05,3.0280584460856836,2.964439789553808,0.0009430409976951044,0.0002987127781583011
X+,5.9,3.5,19.61506764600199,0.0,0.5052839498674154,3.765625047922813e-05,0.00029890503234012794,0.1344055925207692,0.00022144204075856723,0.00048168589172320643,0.5155173690202655,2.410059719848837e-06,-2.382921366503393e-06,0.18561891467808686,2.6265971079032643e-06,-1.6234997694769472e-06,0.4997068767532071,-5.2476122822950856e-05,-0.00022370671847630165,0.2,0.0,0.0,0.0,0.0,2.962962962962963,2.962962962962963,1.1772858287351085e-05,2.0790561043426692e-05,3.0280584460856836,2.964439789553808,0.0009430409976951044,0.0002987127781583011
X+,5.9,3.5,19.643574574001832,0.0,0.5076790438559347,3.812795393988173e-05,0.0002999118975953538,0.13065296525712897,0.000249034035558296,0.0006826031044316241,0.5155173690202655,2.410059719848837e-06,-2.382921366503393e-06,0.18561891467808686,2.6265971079032643e-06,-1.6234997694769472e-06,0.4997068767532071,-5.2476122822950856e-05,-0.00022370671847630165,0.2,0.0,0.0,0.0,0.0,2.962962962962963,2.962962962962963,1.1911646271123288e-05,2.2212371449725765e-05,3.0555444709862924,2.9893836374638565,0.0022215898729938247,0.00029974211961268817
X+,5.9,3.5,19.666339233001054,0.0,0.5088508731514616,3.8374303247978685e-05,0.00030041532376942674,0.12868905583777213,0.0002659718160363933,0.0007849591531888379,0.5155173690202655,2.410059719848837e-06,-2.382921366503393e-06,0.18561891467808686,2.6265971079032643e-06,-1.6234997694769472e-06,0.4997068767532071,-5.2476122822950856e-05,-0.00022370671847630165,0.2,0.0,0.0,0.0,0.0,2.962962962962963,2.962962962962963,1.207631789501562e-05,2.3584950786137426e-05,3.0797152968445625,3.010669331025622,0.0016802129430265084,0.00030041532376942674
X+,5.9,3.5,19.689846989000216,0.0,0.5105121544210134,3.876794816213246e-05,0.0003012818526858753,0.1258092760491961,0.0002880592443533246,0.0009553060507108312,0.5155173690202655,2.410059719848837e-06,-2.382921366503393e-06,0.18561891467808686,2.6265971079032643e-06,-1.6234997694769472e-06,0.4997068767532071,-5.2476122822950856e-05,-0.00022370671847630165,0.2,0.0,0.0,0.0,0.0,2.962962962962963,2.962962962962963,1.2393348714390129e-05,2.6117447389673032e-05,3.1083182859260416,3.0315882839776833,0.0018270167078729086,0.000300965251385343
X+,5.9,3.5,19.719861160003347,0.0,0.5123827644301846,3.912105214915352e-05,0.0003018696513755879,0.12253880735989525,0.0002771051240609178,0.0010595975669713048,0.5155173690202655,2.410059719848837e-06,-2.382921366503393e-06,0.18561891467808686,2.6265971079032643e-06,-1.6234997694769472e-06,0.4997068767532071,-5.2476122822950856e-05,-0.00022370671847630165,0.2,0.0,0.0,0.0,0.0,2.962962962962963,2.962962962962963,1.2567843531208212e-05,2.713444933899467e-05,3.1076300307957267,3.0254063470496546,0.002930567972457171,0.0003016516840613429
X+,5.9,3.5,19.7439324520019,0.0,0.5145646761469889,3.886439097799954e-05,0.00030114335260304217,0.11892902489555113,0.00031456990917914544,0.0011710358172457172,0.5155173690202655,2.410059719848837e-06,-2.382921366503393e-06,0.18561891467808686,2.6265971079032643e-06,-1.6234997694769472e-06,0.4997068767532071,-5.2476122822950856e-05,-0.00022370671847630165,0.2,0.0,0.0,0.0,0.0,2.962962962962963,2.962962962962963,1.2645656292775698e-05,2.705959106830136e-05,3.0664022469148375,2.973285831932334,-0.0004906964997788592,0.0003013996425973999
X+,5.9,3.5,19.77442558199982,0.0,0.5162188908274137,3.879316690409869e-05,0.0003003417474422074,0.1165388091945985,0.0003217974415160132,0.0012095134332316072,0.5344730859257719,2.719503569964256e-06,-2.7839115748388082e-06,0.18955716904715236,3.546138329460188e-06,-4.0099020833541525e-06,0.5163568120820231,-5.608628741430448e-05,-0.0001382359008381684,0.2,0.0,0.0,0.0,0.0,2.962962962962963,2.962962962962963,1.2162680736338416e-05,2.5468579350373943e-05,3.0241506184935694,2.9274088504080313,0.003065461112147145,0.0003003417474422074
X+,6.0,3.5999999999999996,19.806182523003372,0.09999999999999964,0.5179562246981283,3.7425222100568624e-05,0.000300255353275001,0.11444907954048766,0.0003423393369597984,0.0011557413568097684,0.5344730859257719,2.719503569964256e-06,-2.7839115748388082e-06,0.18955716904715236,3.546138329460188e-06,-4.0099020833541525e-06,0.5163568120820231,-5.608628741430448e-05,-0.0001382359008381684,0.2,0.0,0.0,0.0,0.0,2.962962962962963,2.962962962962963,8.106367876514753e-06,1.4641984209085024e-05,2.9111863778130016,2.822554869411712,0.002764220096802627,0.0002999959645888113
X+,6.0,3.5999999999999996,19.83327254300093,0.0,0.5179562246981283,3.7425222100568624e-05,0.000300255353275001,0.11444907954048766,0.0003423393369597984,0.0011557413568097684,0.5344730859257719,2.719503569964256e-06,-2.7839115748388082e-06,0.18955716904715236,3.546138329460188e-06,-4.0099020833541525e-06,0.5163568120820231,-5.608628741430448e-05,-0.0001382359008381684,0.2,0.0,0.0,0.0,0.0,2.962962962962963,2.962962962962963,8.106367876514753e-06,1.4641984209085024e-05,2.9111863778130016,2.822554869411712,0.002764220096802627,0.0002999959645888113
X+,6.0,3.5999999999999996,19.86719273500057,0.0,0.5179562246981283,3.7425222100568624e-05,0.000300255353275001,0.11444907954048766,0.0003423393369597984,0.0011557413568097684,0.5344730859257719,2.719503569964256e-06,-2.7839115748388082e-06,0.18955716904715236,3.546138329460188e-06,-4.0099020833541525e-06,0.5163568120820231,-5.608628741430448e-05,-0.0001382359008381684,0.2,0.0,0.0,0.0,0.0,2.962962962962963,2.962962962962963,8.106367876514753e-06,1.4641984209085024e-05,2.9111863778130016,2.822554869411712,0.002764220096802627,0.0002999959645888113
X+,6.0,3.5999999999999996,19.896121626999957,0.0,0.5179562246981283,3.7425222100568624e-05,0.000300255353275001,0.11444907954048766,0.0003423393369597984,0.0011557413568097684,0.5344730859257719,2.719503569964256e-06,-2.7839115748388082e-06,0.18955716904715236,3.546138329460188e-06,-4.0099020833541525e-06,0.5163568120820231,-5.608628741430448e-05,-0.0001382359008381684,0.2,0.0,0.0,0.0,0.0,2.962962962962963,2.962962962962963,8.106367876514753e-06,1.4641984209085024e-05,2.9111863778130016,2.822554869411712,0.002764220096802627,0.0002999959645888113
X+,6.0,3.5999999999999996,19.925697980001132,0.0,0.5179562246981283,3.7425222100568624e-05,0.000300255353275001,0.11444907954048766,0.0003423393369597984,0.0011557413568097684,0.5344730859257719,2.719503569964256e-06,-2.7839115748388082e-06,0.18955716904715236,3.546138329460188e-06,-4.0099020833541525e-06,0.5163568120820231,-5.608628741430448e-05,-0.0001382359008381684,0.2,0.0,0.0,0.0,0.0,2.962962962962963,2.962962962962963,8.106367876514753e-06,1.4641984209085024e-05,2.9111863778130016,2.822554869411712,0.002764220096802627,0.0002999959645888113
X+,6.0,3.5999999999999996,19.952238865000254,0.0,0.5179562246981283,3.7425222100568624e-05,0.000300255353275001,0.11444907954048766,0.0003423393369597984,0.0011557413568097684,0.5344730859257719,2.719503569964256e-06,-2.7839115748388082e-06,0.18955716904715236,3.546138329460188e-06,-4.0099020833541525e-06,0.5163568120820231,-5.608628741430448e-05,-0.0001382359008381684,0.2,0.0,0.0,0.0,0.0,2.962962962962963,2.962962962962963,8.106367876514753e-06,1.4641984209085024e-05,2.9111863778130016,2.822554869411712,0.002764220096802627,0.0002999959645888113
X+,6.0,3.5999999999999996,19.97897713200291,0.0,0.5179562246981283,3.7425222100568624e-05,0.000300255353275001,0.11444907954048766,0.0003423393369597984,0.0011557413568097684,0.5344730859257719,2.719503569964256e-06,-2.7839115748388082e-06,0.18955716904715236,3.546138329460188e-06,-4.0099020833541525e-06,0.5163568120820231,-5.608628741430448e-05,-0.0001382359008381684,0.2,0.0,0.0,0.0,0.0,2.962962962962963,2.962962962962963,8.106367876514753e-06,1.4641984209085024e-05,2.9111863778130016,2.822554869411712,0.002764220096802627,0.0002999959645888113
X+,6.0,3.5999999999999996,20.007013275000645,0.0,0.5179562246981283,3.7425222100568624e-05,0.000300255353275001,0.11444907954048766,0.0003423393369597984,0.0011557413568097684,0.5344730859257719,2.719503569964256e-06,-2.7839115748388082e-06,0.18955716904715236,3.546138329460188e-06,-4.0099020833541525e-06,0.5163568120820231,-5.608628741430448e-05,-0.0001382359008381684,0.2,0.0,0.0,0.0,0.0,2.962962962962963,2.962962962962963,8.106367876514753e-06,1.4641984209085024e-05,2.9111863778130016,2.822554869411712,0.002764220096802627,0.0002999959645888113
X+,6.0,3.5999999999999996,20.036582830001862,0.0,0.5179562246981283,3.7425222100568624e-05,0.000300255353275001,0.11444907954048766,0.0003423393369597984,0.0011557413568097684,0.5344730859257719,2.719503569964256e-06,-2.7839115748388082e-06,0.18955716904715236,3.546138329460188e-06,-4.0099020833541525e-06,0.5163568120820231,-5.608628741430448e-05,-0.0001382359008381684,0.2,0.0,0.0,0.0,0.0,2.962962962962963,2.962962962962963,8.106367876514753e-06,1.4641984209085024e-05,2.9111863778130016,2.822554869411712,0.002764220096802627,0.0002999959645888113
X+,6.0,3.5999999999999996,20.065950459000305,0.0,0.5179562246981283,3.7425222100568624e-05,0.000300255353275001,0.11444907954048766,0.0003423393369597984,0.0011557413568097684,0.5344730859257719,2.719503569964256e-06,-2.7839115748388082e-06,0.18955716904715236,3.546138329460188e-06,-4.0099020833541525e-06,0.5163568120820231,-5.608628741430448e-05,-0.0001382359008381684,0.2,0.0,0.0,0.0,0.0,2.962962962962963,2.962962962962963,8.106367876514753e-06,1.4641984209085024e-05,2.9111863778130016,2.822554869411712,0.002764220096802627,0.0002999959645888113
X+,6.0,3.5999999999999996,20.09356161800315,0.0,0.5179562246981283,3.7425222100568624e-05,0.000300255353275001,0.11444907954048766,0.0003423393369597984,0.0011557413568097684,0.5344730859257719,2.719503569964256e-06,-2.7839115748388082e-06,0.18955716904715236,3.546138329460188e-06,-4.0099020833541525e-06,0.5163568120820231,-5.608628741430448e-05,-0.0001382359008381684,0.2,0.0,0.0,0.0,0.0,2.962962962962963,2.962962962962963,8.106367876514753e-06,1.4641984209085024e-05,2.9111863778130016,2.822554869411712,0.002764220096802627,0.0002999959645888113
X+,6.0,3.5999999999999996,20.12205357300263,0.0,0.5179562246981283,3.7425222100568624e-05,0.000300255353275001,0.11444907954048766,0.0003423393369597984,0.0011557413568097684,0.5344730859257719,2.719503569964256e-06,-2.7839115748388082e-06,0.18955716904715236,3.546138329460188e-06,-4.0099020833541525e-06,0.5163568120820231,-5.608628741430448e-05,-0.0001382359008381684,0.2,0.0,0.0,0.0,0.0,2.962962962962963,2.962962962962963,8.106367876514753e-06,1.4641984209085024e-05,2.9111863778130016,2.822554869411712,0.002764220096802627,0.0002999959645888113
X+,6.0,3.5999999999999996,20.151036365001346,0.0,0.5188699943980102,3.7481849579337236e-05,0.00030205134480115,0.11361893526222835,0.0004395522496351505,0.0009047235502901853,0.5344730859257719,2.719503569964256e-06,-2.7839115748388082e-06,0.18955716904715236,3.546138329460188e-06,-4.0099020833541525e-06,0.5163568120820231,-5.608628741430448e-05,-0.0001382359008381684,0.2,0.0,0.0,0.0,0.0,2.962962962962963,2.962962962962963,8.106367876514753e-06,1.4641984209085024e-05,2.9111863778130016,2.822554869411712,0.003678828367725047,0.0003017252474598168
X+,6.0,3.5999999999999996,20.179966184001387,0.0,0.5204540905373952,3.781170516787592e-05,0.00030383988157842357,0.11277422720710023,6.777402419085225e-05,3.027875311040869e-05,0.5344730859257719,2.719503569964256e-06,-2.7839115748388082e-06,0.18955716904715236,3.546138329460188e-06,-4.0099020833541525e-06,0.5163568120820231,-5.608628741430448e-05,-0.0001382359008381684,0.2,0.0,0.0,0.0,0.0,2.962962962962963,2.962962962962963,-3.7322843668974315e-06,-1.4447136823747542e-05,2.7016310925744587,2.625607126261527,-0.001526477324508437,0.00030351232065773526
X+,6.0,3.5999999999999996,20.205358859002445,0.0,0.522033994195163,3.325552604472454e-05,0.0003169447317621987,0.11312345062376199,-0.0004357258504996531,0.0028329688564060654,0.5344730859257719,2.719503569964256e-06,-2.7839115748388082e-06,0.18955716904715236,3.546138329460188e-06,-4.0099020833541525e-06,0.5163568120820231,-5.608628741430448e-05,-0.0001382359008381684,0.2,0.0,0.0,0.0,0.0,2.962962962962963,2.962962962962963,-5.114488835111786e-06,4.650640349268542e-06,2.577534792400174,2.4659857613558787,0.003739477751776034,0.0003169447317621987
X+,6.0,3.5999999999999996,20.235800696002116,0.0,0.5242203989557268,2.3865168810645668e-05,0.00043679269764731316,0.11686189378664054,0.0005449525284643238,0.006553124199537429,0.5344730859257719,2.719503569964256e-06,-2.7839115748388082e-06,0.18955716904715236,3.546138329460188e-06,-4.0099020833541525e-06,0.5163568120820231,-5.608628741430448e-05,-0.0001382359008381684,0.2,0.0,0.0,0.0,0.0,2.962962962962963,2.962962962962963,1.0202499334255322e-06,1.950630247282703e-05,2.177174820884518,2.0084808731367993,0.007986582842033943,0.0003950728830338988
X+,6.0,3.5999999999999996,20.266643106002448,0.0,0.5257708848653255,2.8358938211947397e-05,0.0004590221384008164,0.12103517934312362,0.0004298425521406387,1.736740644127095e-06,0.5344730859257719,2.719503569964256e-06,-2.7839115748388082e-06,0.18955716904715236,3.546138329460188e-06,-4.0099020833541525e-06,0.5163568120820231,-5.608628741430448e-05,-0.0001382359008381684,0.2,0.0,0.0,0.0,0.0,2.962962962962963,2.962962962962963,9.77896699616565e-06,2.7736105284503765e-05,1.83913103697932,1.6869580454201634,-5.385308340720386e-05,0.00045842261680878514
X+,6.0,3.5999999999999996,20.29698973199993,0.0,0.528794404041529,2.9569682677087726e-05,0.0004455919405203872,0.13046581623029993,0.0002140836824175417,-0.00018395356012791084,0.5457036796513983,2.8945452059106015e-06,-3.0896801969168424e-06,0.11230593725095592,2.0630661581071023e-06,-3.0576862207803418e-06,0.5526807523560163,-5.2003342172242034e-05,0.0004038161432480258,0.2,0.0,0.0,0.0,0.0,2.962962962962963,2.962962962962963,1.0720352457305182e-05,2.5101241488911796e-05,1.655772986704244,1.5641280010845526,0.0029413028766606653,0.00044627450576528873
X+,6.1000000000000005,3.7,20.323038383001403,0.10000000000000053,0.5303940241322777,3.0385593715937485e-05,0.0004419796773748685,0.13563297342819286,0.00030415216714961823,-0.000286920052049975,0.5457036796513983,2.8945452059106015e-06,-3.0896801969168424e-06,0.11230593725095592,2.0630661581071023e-06,-3.0576862207803418e-06,0.5526807523560163,-5.2003342172242034e-05,0.0004038161432480258,0.2,0.0,0.0,0.0,0.0,2.962962962962963,2.962962962962963,9.197610928879385e-06,2.254669878176685e-05,1.6032454230110735,1.5175040372583672,0.0026984296876245684,0.0004429430063859253
X+,6.1000000000000005,3.7,20.348477880001155,0.0,0.5303940241322777,3.0385593715937485e-05,0.0004419796773748685,0.13563297342819286,0.00030415216714961823,-0.000286920052049975,0.5457036796513983,2.8945452059106015e-06,-3.0896801969168424e-06,0.11230593725095592,2.0630661581071023e-06,-3.0576862207803418e-06,0.5526807523560163,-5.2003342172242034e-05,0.0004038161432480258,0.2,0.0,0.0,0.0,0.0,2.962962962962963,2.962962962962963,9.197610928879385e-06,2.254669878176685e-05,1.6032454230110735,1.5175040372583672,0.0026984296876245684,0.0004429430063859253
X+,6.1000000000000005,3.7,20.374724755001807,0.0,0.5303940241322777,3.0385593715937485e-05,0.0004419796773748685,0.13563297342819286,0.00030415216714961823,-0.000286920052049975,0.5457036796513983,2.8945452059106015e-06,-3.0896801969168424e-06,0.11230593725095592,2.0630661581071023e-06,-3.0576862207803418e-06,0.5526807523560163,-5.2003342172242034e-05,0.0004038161432480258,0.2,0.0,0.0,0.0,0.0,2.962962962962963,2.962962962962963,9.197610928879385e-06,2.254669878176685e-05,1.6032454230110735,1.5175040372583672,0.0026984296876245684,0.0004429430063859253
X+,6.1000000000000005,3.7,20.401579160003166,0.0,0.5303940241322777,3.0385593715937485e-05,0.0004419796773748685,0.13563297342819286,0.00030415216714961823,-0.000286920052049975,0.5457036796513983,2.8945452059106015e-06,-3.0896801969168424e-06,0.11230593725095592,2.0630661581071023e-06,-3.0576862207803418e-06,0.5526807523560163,-5.2003342172242034e-05,0.0004038161432480258,0.2,0.0,0.0,0.0,0.0,2.962962962962963,2.962962962962963,9.197610928879385e-06,2.254669878176685e-05,1.6032454230110735,1.5175040372583672,0.0026984296876245684,0.0004429430063859253
X+,6.1000000000000005,3.7,20.43283325200173,0.0,0.5303940241322777,3.0385593715937485e-05,0.0004419796773748685,0.13563297342819286,0.00030415216714961823,-0.000286920052049975,0.5457036796513983,2.8945452059106015e-06,-3.0896801969168424e-06,0.11230593725095592,2.0630661581071023e-06,-3.0576862207803418e-06,0.5526807523560163,-5.2003342172242034e-05,0.0004038161432480258,0.2,0.0,0.0,0.0,0.0,2.962962962962963,2.962962962962963,9.197610928879385e-06,2.254669878176685e-05,1.6032454230110735,1.5175040372583672,0.0026984296876245684,0.0004429430063859253
X+,6.1000000000000005,3.7,20.45973348100233,0.0,0.5303940241322777,3.0385593715937485e-05,0.0004419796773748685,0.13563297342819286,0.00030415216714961823,-0.000286920052049975,0.5457036796513983,2.8945452059106015e-06,-3.0896801969168424e-06,0.11230593725095592,2.0630661581071023e-06,-3.0576862207803418e-06,0.5526807523560163,-5.2003342172242034e-05,0.0004038161432480258,0.2,0.0,0.0,0.0,0.0,2.962962962962963,2.962962962962963,9.197610928879385e-06,2.254669878176685e-05,1.6032454230110735,1.5175040372583672,0.0026984296876245684,0.0004429430063859253
X+,6.1000000000000005,3.7,20.49281589400198,0.0,0.5303940241322777,3.0385593715937485e-05,0.0004419796773748685,0.13563297342819286,0.00030415216714961823,-0.000286920052049975,0.5457036796513983,2.8945452059106015e-06,-3.0896801969168424e-06,0.11230593725095592,2.0630661581071023e-06,-3.0576862207803418e-06,0.5526807523560163,-5.2003342172242034e-05,0.0004038161432480258,0.2,0.0,0.0,0.0,0.0,2.962962962962963,2.962962962962963,9.197610928879385e-06,2.254669878176685e-05,1.6032454230110735,1.5175040372583672,0.0026984296876245684,0.0004429430063859253
X+,6.1000000000000005,3.7,20.5162531590031,0.0,0.5303940241322777,3.0385593715937485e-05,0.0004419796773748685,0.13563297342819286,0.00030415216714961823,-0.000286920052049975,0.5457036796513983,2.8945452059106015e-06,-3.0896801969168424e-06,0.11230593725095592,2.0630661581071023e-06,-3.0576862207803418e-06,0.5526807523560163,-5.2003342172242034e-05,0.0004038161432480258,0.2,0.0,0.0,0.0,0.0,2.962962962962963,2.962962962962963,9.197610928879385e-06,2.254669878176685e-05,1.6032454230110735,1.5175040372583672,0.0026984296876245684,0.0004429430063859253
X+,6.1000000000000005,3.7,20.53996726600235,0.0,0.5303940241322777,3.0385593715937485e-05,0.0004419796773748685,0.13563297342819286,0.00030415216714961823,-0.000286920052049975,0.5457036796513983,2.8945452059106015e-06,-3.0896801969168424e-06,0.11230593725095592,2.0630661581071023e-06,-3.0576862207803418e-06,0.5526807523560163,-5.2003342172242034e-05,0.0004038161432480258,0.2,0.0,0.0,0.0,0.0,2.962962962962963,2.962962962962963,9.197610928879385e-06,2.254669878176685e-05,1.6032454230110735,1.5175040372583672,0.0026984296876245684,0.0004429430063859253
X+,6.1000000000000005,3.7,20.5684684250009,0.0,0.5303940241322777,3.0385593715937485e-05,0.0004419796773748685,0.13563297342819286,0.00030415216714961823,-0.000286920052049975,0.5457036796513983,2.8945452059106015e-06,-3.0896801969168424e-06,0.11230593725095592,2.0630661581071023e-06,-3.0576862207803418e-06,0.5526807523560163,-5.2003342172242034e-05,0.0004038161432480258,0.2,0.0,0.0,0.0,0.0,2.962962962962963,2.962962962962963,9.197610928879385e-06,2.254669878176685e-05,1.6032454230110735,1.5175040372583672,0.0026984296876245684,0.0004429430063859253
X+,6.1000000000000005,3.7,20.593841378002253,0.0,0.5303940241322777,3.0385593715937485e-05,0.0004419796773748685,0.13563297342819286,0.00030415216714961823,-0.000286920052049975,0.5457036796513983,2.8945452059106015e-06,-3.0896801969168424e-06,0.11230593725095592,2.0630661581071023e-06,-3.0576862207803418e-06,0.5526807523560163,-5.2003342172242034e-05,0.0004038161432480258,0.2,0.0,0.0,0.0,0.0,2.962962962962963,2.962962962962963,9.197610928879385e-06,2.254669878176685e-05,1.6032454230110735,1.5175040372583672,0.0026984296876245684,0.0004429430063859253
X+,6.1000000000000005,3.7,20.618150101003266,0.0,0.5303940241322777,3.0385593715937485e-05,0.0004419796773748685,0.13563297342819286,0.00030415216714961823,-0.000286920052049975,0.5457036796513983,2.8945452059106015e-06,-3.0896801969168424e-06,0.11230593725095592,2.0630661581071023e-06,-3.0576862207803418e-06,0.5526807523560163,-5.2003342172242034e-05,0.0004038161432480258,0.2,0.0,0.0,0.0,0.0,2.962962962962963,2.962962962962963,9.197610928879385e-06,2.254669878176685e-05,1.6032454230110735,1.5175040372583672,0.0026984296876245684,0.0004429430063859253
X+,6.1000000000000005,3.7,20.645275558999856,0.0,0.5303940241322777,3.0385593715937485e-05,0.0004419796773748685,0.13563297342819286,0.00030415216714961823,-0.000286920052049975,0.5457036796513983,2.8945452059106015e-06,-3.0896801969168424e-06,0.11230593725095592,2.0630661581071023e-06,-3.0576862207803418e-06,0.5526807523560163,-5.2003342172242034e-05,0.0004038161432480258,0.2,0.0,0.0,0.0,0.0,2.962962962962963,2.962962962962963,9.197610928879385e-06,2.254669878176685e-05,1.6032454230110735,1.5175040372583672,0.0026984296876245684,0.0004429430063859253
X+,6.1000000000000005,3.7,20.671117312002025,0.0,0.5303940241322777,3.0385593715937485e-05,0.0004419796773748685,0.13563297342819286,0.00030415216714961823,-0.000286920052049975,0.5457036796513983,2.8945452059106015e-06,-3.0896801969168424e-06,0.11230593725095592,2.0630661581071023e-06,-3.0576862207803418e-06,0.5526807523560163,-5.2003342172242034e-05,0.0004038161432480258,0.2,0.0,0.0,0.0,0.0,2.962962962962963,2.962962962962963,9.197610928879385e-06,2.254669878176685e-05,1.6032454230110735,1.5175040372583672,0.0026984296876245684,0.0004429430063859253
X+,6.1000000000000005,3.7,20.70764409399999,0.0,0.5309410772972517,3.0814487753637494e-05,0.0004407198804772525,0.13741568152678407,0.0003335006907508898,-0.0003131532070745687,0.5457036796513983,2.8945452059106015e-06,-3.0896801969168424e-06,0.11230593725095592,2.0630661581071023e-06,-3.0576862207803418e-06,0.5526807523560163,-5.2003342172242034e-05,0.0004038161432480258,0.2,0.0,0.0,0.0,0.0,2.962962962962963,2.962962962962963,7.502306063500441e-06,2.013333835559905e-05,1.5588379312207292,1.4771071750505251,0.0026984296876245684,0.0004429430063859253
X+,6.1000000000000005,3.7,20.743482991001656,0.0,0.534370752069521,3.318327157622505e-05,0.0004354386896449553,0.14802669221958006,0.00036626599602715025,-0.00048171045184204007,0.5457036796513983,2.8945452059106015e-06,-3.0896801969168424e-06,0.11230593725095592,2.0630661581071023e-06,-3.0576862207803418e-06,0.5526807523560163,-5.2003342172242034e-05,0.0004038161432480258,0.2,0.0,0.0,0.0,0.0,2.962962962962963,2.962962962962963,-6.0107659489716525e-06,1.5963930289686346e-05,1.4824603346450476,1.5895530236828574,-0.0005877393098671563,0.0004371023478796264
X+,6.1000000000000005,3.7,20.773633490000066,0.0,0.5369467529337559,3.438389378673801e-05,0.00043290577011460347,0.15478138987467646,0.0003534713146679486,-0.0006250767099874121,0.5457036796513983,2.8945452059106015e-06,-3.0896801969168424e-06,0.11230593725095592,2.0630661581071023e-06,-3.0576862207803418e-06,0.5526807523560163,-5.2003342172242034e-05,0.0004038161432480258,0.2,0.0,0.0,0.0,0.0,2.962962962962963,2.962962962962963,7.251820460574265e-06,1.1656358253731014e-05,1.6018268941323717,1.715602173801741,0.0003135769783518071,0.0004337440286381549
X+,6.1000000000000005,3.7,20.810524782002176,0.0,0.5401135984541497,3.5919275423634996e-05,0.0004307187485887003,0.16162555806095333,0.00034406071590845273,-0.0006441404106407226,0.5457036796513983,2.8945452059106015e-06,-3.0896801969168424e-06,0.11230593725095592,2.0630661581071023e-06,-3.0576862207803418e-06,0.5526807523560163,-5.2003342172242034e-05,0.0004038161432480258,0.2,0.0,0.0,0.0,0.0,2.962962962962963,2.962962962962963,5.899876815540495e-06,8.167995344088297e-06,1.7403947269664104,1.843687320983162,-0.004418506382706349,0.000431265282382376
X+,6.1000000000000005,3.7,20.839435472000332,0.0,0.5424061393358386,3.688323964688104e-05,0.0004295204289555042,0.1657213943447506,0.00033898245490853634,-0.0006406122172413344,0.5571189809740201,2.9399431659629513e-06,-3.1405387471493754e-06,0.11829369287385628,7.412070972280464e-07,-2.618022426757841e-07,0.5451385487446796,-5.236238612248347e-05,0.0001663638448907711,0.2,0.0,0.0,0.0,0.0,2.962962962962963,2.962962962962963,5.752455067842277e-06,6.752980144852927e-06,1.8084024752199372,1.905685213200571,0.0010307000656222375,0.0004295204289555042
X+,6.2,3.8,20.86600047200045,0.09999999999999964,0.545772259921042,3.818443290954862e-05,0.00042782007597679444,0.17065312483552503,0.0003494298408758898,-0.0006972819276421361,0.5571189809740201,2.9399431659629513e-06,-3.1405387471493754e-06,0.11829369287385628,7.412070972280464e-07,-2.618022426757841e-07,0.5451385487446796,-5.236238612248347e-05,0.0001663638448907711,0.2,0.0,0.0,0.0,0.0,2.962962962962963,2.962962962962963,5.461994309285956e-06,5.531024857674538e-06,1.9359342081629558,2.0218825328905883,-0.0007993928689693162,0.0004286266680272079
X+,6.2,3.8,20.898586041999806,0.0,0.545772259921042,3.818443290954862e-05,0.00042782007597679444,0.17065312483552503,0.0003494298408758898,-0.0006972819276421361,0.5571189809740201,2.9399431659629513e-06,-3.1405387471493754e-06,0.11829369287385628,7.412070972280464e-07,-2.618022426757841e-07,0.5451385487446796,-5.236238612248347e-05,0.0001663638448907711,0.2,0.0,0.0,0.0,0.0,2.962962962962963,2.962962962962963,5.461994309285956e-06,5.531024857674538e-06,1.9359342081629558,2.0218825328905883,-0.0007993928689693162,0.0004286266680272079
X+,6.2,3.8,20.926828163002938,0.0,0.545772259921042,3.818443290954862e-05,0.00042782007597679444,0.17065312483552503,0.0003494298408758898,-0.0006972819276421361,0.5571189809740201,2.9399431659629513e-06,-3.1405387471493754e-06,0.11829369287385628,7.412070972280464e-07,-2.618022426757841e-07,0.5451385487446796,-5.236238612248347e-05,0.0001663638448907711,0.2,0.0,0.0,0.0,0.0,2.962962962962963,2.962962962962963,5.461994309285956e-06,5.531024857674538e-06,1.9359342081629558,2.0218825328905883,-0.0007993928689693162,0.0004286266680272079
X+,6.2,3.8,20.951544226001715,0.0,0.545772259921042,3.818443290954862e-05,0.00042782007597679444,0.17065312483552503,0.0003494298408758898,-0.0006972819276421361,0.5571189809740201,2.9399431659629513e-06,-3.1405387471493754e-06,0.11829369287385628,7.412070972280464e-07,-2.618022426757841e-07,0.5451385487446796,-5.236238612248347e-05,0.0001663638448907711,0.2,0.0,0.0,0.0,0.0,2.962962962962963,2.962962962962963,5.461994309285956e-06,5.531024857674538e-06,1.9359342081629558,2.0218825328905883,-0.0007993928689693162,0.0004286266680272079
X+,6.2,3.8,20.980881997002143,0.0,0.545772259921042,3.818443290954862e-05,0.00042782007597679444,0.17065312483552503,0.0003494298408758898,-0.0006972819276421361,0.5571189809740201,2.9399431659629513e-06,-3.1405387471493754e-06,0.11829369287385628,7.412070972280464e-07,-2.618022426757841e-07,0.5451385487446796,-5.236238612248347e-05,0.0001663638448907711,0.2,0.0,0.0,0.0,0.0,2.962962962962963,2.962962962962963,5.461994309285956e-06,5.531024857674538e-06,1.9359342081629558,2.0218825328905883,-0.0007993928689693162,0.0004286266680272079
X+,6.2,3.8,21.007715695002844,0.0,0.545772259921042,3.818443290954862e-05,0.00042782007597679444,0.17065312483552503,0.0003494298408758898,-0.0006972819276421361,0.5571189809740201,2.9399431659629513e-06,-3.1405387471493754e-06,0.11829369287385628,7.412070972280464e-07,-2.618022426757841e-07,0.5451385487446796,-5.236238612248347e-05,0.0001663638448907711,0.2,0.0,0.0,0.0,0.0,2.962962962962963,2.962962962962963,5.461994309285956e-06,5.531024857674538e-06,1.9359342081629558,2.0218825328905883,-0.0007993928689693162,0.0004286266680272079
X+,6.2,3.8,21.047865176002233,0.0,0.545772259921042,3.818443290954862e-05,0.00042782007597679444,0.17065312483552503,0.0003494298408758898,-0.0006972819276421361,0.5571189809740201,2.9399431659629513e-06,-3.1405387471493754e-06,0.11829369287385628,7.412070972280464e-07,-2.618022426757841e-07,0.5451385487446796,-5.236238612248347e-05,0.0001663638448907711,0.2,0.0,0.0,0.0,0.0,2.962962962962963,2.962962962962963,5.461994309285956e-06,5.531024857674538e-06,1.9359342081629558,2.0218825328905883,-0.0007993928689693162,0.0004286266680272079
X+,6.2,3.8,21.07832260500072,0.0,0.545772259921042,3.818443290954862e-05,0.00042782007597679444,0.17065312483552503,0.0003494298408758898,-0.0006972819276421361,0.5571189809740201,2.9399431659629513e-06,-3.1405387471493754e-06,0.11829369287385628,7.412070972280464e-07,-2.618022426757841e-07,0.5451385487446796,-5.236238612248347e-05,0.0001663638448907711,0.2,0.0,0.0,0.0,0.0,2.962962962962963,2.962962962962963,5.461994309285956e-06,5.531024857674538e-06,1.9359342081629558,2.0218825328905883,-0.0007993928689693162,0.0004286266680272079
X+,6.2,3.8,21.105476310000086,0.0,0.545772259921042,3.818443290954862e-05,0.00042782007597679444,0.17065312483552503,0.0003494298408758898,-0.0006972819276421361,0.5571189809740201,2.9399431659629513e-06,-3.1405387471493754e-06,0.11829369287385628,7.412070972280464e-07,-2.618022426757841e-07,0.5451385487446796,-5.236238612248347e-05,0.0001663638448907711,0.2,0.0,0.0,0.0,0.0,2.962962962962963,2.962962962962963,5.461994309285956e-06,5.531024857674538e-06,1.9359342081629558,2.0218825328905883,-0.0007993928689693162,0.0004286266680272079
X+,6.2,3.8,21.132613964000484,0.0,0.545772259921042,3.818443290954862e-05,0.00042782007597679444,0.17065312483552503,0.0003494298408758898,-0.0006972819276421361,0.5571189809740201,2.9399431659629513e-06,-3.1405387471493754e-06,0.11829369287385628,7.412070972280464e-07,-2.618022426757841e-07,0.5451385487446796,-5.236238612248347e-05,0.0001663638448907711,0.2,0.0,0.0,0.0,0.0,2.962962962962963,2.962962962962963,5.461994309285956e-06,5.531024857674538e-06,1.9359342081629558,2.0218825328905883,-0.0007993928689693162,0.0004286266680272079
X+,6.2,3.8,21.161803422000958,0.0,0.545772259921042,3.818443290954862e-05,0.00042782007597679444,0.17065312483552503,0.0003494298408758898,-0.0006972819276421361,0.5571189809740201,2.9399431659629513e-06,-3.1405387471493754e-06,0.11829369287385628,7.412070972280464e-07,-2.618022426757841e-07,0.5451385487446796,-5.236238612248347e-05,0.0001663638448907711,0.2,0.0,0.0,0.0,0.0,2.962962962962963,2.962962962962963,5.461994309285956e-06,5.531024857674538e-06,1.9359342081629558,2.0218825328905883,-0.0007993928689693162,0.0004286266680272079
X+,6.2,3.8,21.19045916000323,0.0,0.545772259921042,3.818443290954862e-05,0.00042782007597679444,0.17065312483552503,0.0003494298408758898,-0.0006972819276421361,0.5571189809740201,2.9399431659629513e-06,-3.1405387471493754e-06,0.11829369287385628,7.412070972280464e-07,-2.618022426757841e-07,0.5451385487446796,-5.236238612248347e-05,0.0001663638448907711,0.2,0.0,0.0,0.0,0.0,2.962962962962963,2.962962962962963,5.461994309285956e-06,5.531024857674538e-06,1.9359342081629558,2.0218825328905883,-0.0007993928689693162,0.0004286266680272079
X+,6.2,3.8,21.218005714003084,0.0,0.545772259921042,3.818443290954862e-05,0.00042782007597679444,0.17065312483552503,0.0003494298408758898,-0.0006972819276421361,0.5571189809740201,2.9399431659629513e-06,-3.1405387471493754e-06,0.11829369287385628,7.412070972280464e-07,-2.618022426757841e-07,0.5451385487446796,-5.236238612248347e-05,0.0001663638448907711,0.2,0.0,0.0,0.0,0.0,2.962962962962963,2.962962962962963,5.461994309285956e-06,5.531024857674538e-06,1.9359342081629558,2.0218825328905883,-0.0007993928689693162,0.0004286266680272079
X+,6.2,3.8,21.244370514003094,0.0,0.5474898071195868,3.8889061720026076e-05,0.0004267127548717269,0.17274764724275912,0.0003317429889202789,-0.000671771297731311,0.5571189809740201,2.9399431659629513e-06,-3.1405387471493754e-06,0.11829369287385628,7.412070972280464e-07,-2.618022426757841e-07,0.5451385487446796,-5.236238612248347e-05,0.0001663638448907711,0.2,0.0,0.0,0.0,0.0,2.962962962962963,2.962962962962963,5.324104562554055e-06,5.609387938143584e-06,1.9943946057219522,2.0748764306706673,-0.0009705812756790285,0.00042749210405478645
X+,6.2,3.8,21.272028253002645,0.0,0.5508059033933141,3.98237929635217e-05,0.0004256843957935002,0.17612016723465154,0.0003537371692041446,-0.0007861867379305462,0.5571189809740201,2.9399431659629513e-06,-3.1405387471493754e-06,0.11829369287385628,7.412070972280464e-07,-2.618022426757841e-07,0.5451385487446796,-5.236238612248347e-05,0.0001663638448907711,0.2,0.0,0.0,0.0,0.0,2.962962962962963,2.962962962962963,4.4369877212346864e-06,-5.292694690517408e-06,2.0997473731272343,2.1705314539504115,-0.0026600917986759212,0.00042582327767321784
X+,6.2,3.8,21.300955711001734,0.0,0.5540005932521989,4.121229337638709e-05,0.00042329164033744584,0.1786656983114882,0.000299428891031537,-0.0006731888282871211,0.5571189809740201,2.9399431659629513e-06,-3.1405387471493754e-06,0.11829369287385628,7.412070972280464e-07,-2.618022426757841e-07,0.5451385487446796,-5.236238612248347e-05,0.0001663638448907711,0.2,0.0,0.0,0.0,0.0,2.962962962962963,2.962962962962963,-6.926963611597614e-06,-5.2612223626624655e-06,2.189842101260503,2.2523292512562563,-0.0006770538598662041,0.00042331797600826
X+,6.2,3.8,21.3292655740006,0.0,0.5570554410230341,4.192375939637231e-05,0.0004232090185966737,0.1805690424424691,0.0003424484759849231,-0.0009379193486638595,0.5571189809740201,2.9399431659629513e-06,-3.1405387471493754e-06,0.11829369287385628,7.412070972280464e-07,-2.618022426757841e-07,0.5451385487446796,-5.236238612248347e-05,0.0001663638448907711,0.2,0.0,0.0,0.0,0.0,2.962962962962963,2.962962962962963,-4.206901601300217e-06,-5.988466022621708e-06,2.266576162436788,2.322201319326104,-0.0003932962033164353,0.0004232090185966737
X+,6.2,3.8,21.360351552000793,0.0,0.5603212042562947,4.300189017639004e-05,0.00042160977344521606,0.1821241148016873,0.0003238918589769436,-0.0009478706194794509,0.5719376014711252,2.818245766637057e-06,-3.0997394096374375e-06,0.1481862049741411,-7.515894747491054e-07,4.0799337511937643e-07,0.5646830225457462,-5.342140662290984e-05,-0.00017520669670068045,0.2,0.0,0.0,0.0,0.0,2.962962962962963,2.962962962962963,-4.294003299598614e-06,-5.832589975440783e-06,2.300219001590505,2.3524090981297756,-0.003475762904032619,0.0004218544095032267
X+,6.300000000000001,3.9000000000000004,21.392499792000308,0.10000000000000053,0.5634280534607866,4.416825966996416e-05,0.0004195541311091043,0.18322306428129392,0.0002812279448923724,-0.0008410453036395495,0.5719376014711252,2.818245766637057e-06,-3.0997394096374375e-06,0.1481862049741411,-7.515894747491054e-07,4.0799337511937643e-07,0.5646830225457462,-5.342140662290984e-05,-0.00017520669670068045,0.2,0.0,0.0,0.0,0.0,2.962962962962963,2.962962962962963,-3.896810352621571e-06,-5.635356224331645e-06,2.3590028086549237,2.4051764570059175,-0.00090858325140214,0.00041959558309356994
X+,6.300000000000001,3.9000000000000004,21.421649210002215,0.0,0.5634280534607866,4.416825966996416e-05,0.0004195541311091043,0.18322306428129392,0.0002812279448923724,-0.0008410453036395495,0.5719376014711252,2.818245766637057e-06,-3.0997394096374375e-06,0.1481862049741411,-7.515894747491054e-07,4.0799337511937643e-07,0.5646830225457462,-5.342140662290984e-05,-0.00017520669670068045,0.2,0.0,0.0,0.0,0.0,2.962962962962963,2.962962962962963,-3.896810352621571e-06,-5.635356224331645e-06,2.3590028086549237,2.4051764570059175,-0.00090858325140214,0.00041959558309356994
X+,6.300000000000001,3.9000000000000004,21.450725971000793,0.0,0.5634280534607866,4.416825966996416e-05,0.0004195541311091043,0.18322306428129392,0.0002812279448923724,-0.0008410453036395495,0.5719376014711252,2.818245766637057e-06,-3.0997394096374375e-06,0.1481862049741411,-7.515894747491054e-07,4.0799337511937643e-07,0.5646830225457462,-5.342140662290984e-05,-0.00017520669670068045,0.2,0.0,0.0,0.0,0.0,2.962962962962963,2.962962962962963,-3.896810352621571e-06,-5.635356224331645e-06,2.3590028086549237,2.4051764570059175,-0.00090858325140214,0.00041959558309356994
X+,6.300000000000001,3.9000000000000004,21.479748683999787,0.0,0.5634280534607866,4.416825966996416e-05,0.0004195541311091043,0.18322306428129392,0.0002812279448923724,-0.0008410453036395495,0.5719376014711252,2.818245766637057e-06,-3.0997394096374375e-06,0.1481862049741411,-7.515894747491054e-07,4.0799337511937643e-07,0.5646830225457462,-5.342140662290984e-05,-0.00017520669670068045,0.2,0.0,0.0,0.0,0.0,2.962962962962963,2.962962962962963,-3.896810352621571e-06,-5.635356224331645e-06,2.3590028086549237,2.4051764570059175,-0.00090858325140214,0.00041959558309356994
X+,6.300000000000001,3.9000000000000004,21.505288668002322,0.0,0.5634280534607866,4.416825966996416e-05,0.0004195541311091043,0.18322306428129392,0.0002812279448923724,-0.0008410453036395495,0.5719376014711252,2.818245766637057e-06,-3.0997394096374375e-06,0.1481862049741411,-7.515894747491054e-07,4.0799337511937643e-07,0.5646830225457462,-5.342140662290984e-05,-0.00017520669670068045,0.2,0.0,0.0,0.0,0.0,2.962962962962963,2.962962962962963,-3.896810352621571e-06,-5.635356224331645e-06,2.3590028086549237,2.4051764570059175,-0.00090858325140214,0.00041959558309356994
X+,6.300000000000001,3.9000000000000004,21.536313157001132,0.0,0.5634280534607866,4.416825966996416e-05,0.0004195541311091043,0.18322306428129392,0.0002812279448923724,-0.0008410453036395495,0.5719376014711252,2.818245766637057e-06,-3.0997394096374375e-06,0.1481862049741411,-7.515894747491054e-07,4.0799337511937643e-07,0.5646830225457462,-5.342140662290984e-05,-0.00017520669670068045,0.2,0.0,0.0,0.0,0.0,2.962962962962963,2.962962962962963,-3.896810352621571e-06,-5.635356224331645e-06,2.3590028086549237,2.4051764570059175,-0.00090858325140214,0.00041959558309356994
X+,6.300000000000001,3.9000000000000004,21.56974936300321,0.0,0.5634280534607866,4.416825966996416e-05,0.0004195541311091043,0.18322306428129392,0.0002812279448923724,-0.0008410453036395495,0.5719376014711252,2.818245766637057e-06,-3.0997394096374375e-06,0.1481862049741411,-7.515894747491054e-07,4.0799337511937643e-07,0.5646830225457462,-5.342140662290984e-05,-0.00017520669670068045,0.2,0.0,0.0,0.0,0.0,2.962962962962963,2.962962962962963,-3.896810352621571e-06,-5.635356224331645e-06,2.3590028086549237,2.4051764570059175,-0.00090858325140214,0.00041959558309356994
X+,6.300000000000001,3.9000000000000004,21.601698991002195,0.0,0.5634280534607866,4.416825966996416e-05,0.0004195541311091043,0.18322306428129392,0.0002812279448923724,-0.0008410453036395495,0.5719376014711252,2.818245766637057e-06,-3.0997394096374375e-06,0.1481862049741411,-7.515894747491054e-07,4.0799337511937643e-07,0.5646830225457462,-5.342140662290984e-05,-0.00017520669670068045,0.2,0.0,0.0,0.0,0.0,2.962962962962963,2.962962962962963,-3.896810352621571e-06,-5.635356224331645e-06,2.3590028086549237,2.4051764570059175,-0.00090858325140214,0.00041959558309356994
X+,6.300000000000001,3.9000000000000004,21.63793856400298,0.0,0.5634280534607866,4.416825966996416e-05,0.0004195541311091043,0.18322306428129392,0.0002812279448923724,-0.0008410453036395495,0.5719376014711252,2.818245766637057e-06,-3.0997394096374375e-06,0.1481862049741411,-7.515894747491054e-07,4.0799337511937643e-07,0.5646830225457462,-5.342140662290984e-05,-0.00017520669670068045,0.2,0.0,0.0,0.0,0.0,2.962962962962963,2.962962962962963,-3.896810352621571e-06,-5.635356224331645e-06,2.3590028086549237,2.4051764570059175,-0.00090858325140214,0.00041959558309356994
X+,6.300000000000001,3.9000000000000004,21.664096002001315,0.0,0.5634280534607866,4.416825966996416e-05,0.0004195541311091043,0.18322306428129392,0.0002812279448923724,-0.0008410453036395495,0.5719376014711252,2.818245766637057e-06,-3.0997394096374375e-06,0.1481862049741411,-7.515894747491054e-07,4.0799337511937643e-07,0.5646830225457462,-5.342140662290984e-05,-0.00017520669670068045,0.2,0.0,0.0,0.0,0.0,2.962962962962963,2.962962962962963,-3.896810352621571e-06,-5.635356224331645e-06,2.3590028086549237,2.4051764570059175,-0.00090858325140214,0.00041959558309356994
X+,6.300000000000001,3.9000000000000004,21.6929142150002,0.0,0.5634280534607866,4.416825966996416e-05,0.0004195541311091043,0.18322306428129392,0.0002812279448923724,-0.0008410453036395495,0.5719376014711252,2.818245766637057e-06,-3.0997394096374375e-06,0.1481862049741411,-7.515894747491054e-07,4.0799337511937643e-07,0.5646830225457462,-5.342140662290984e-05,-0.00017520669670068045,0.2,0.0,0.0,0.0,0.0,2.962962962962963,2.962962962962963,-3.896810352621571e-06,-5.635356224331645e-06,2.3590028086549237,2.4051764570059175,-0.00090858325140214,0.00041959558309356994
X+,6.300000000000001,3.9000000000000004,21.720758583000134,0.0,0.5634280534607866,4.416825966996416e-05,0.0004195541311091043,0.18322306428129392,0.0002812279448923724,-0.0008410453036395495,0.5719376014711252,2.818245766637057e-06,-3.0997394096374375e-06,0.1481862049741411,-7.515894747491054e-07,4.0799337511937643e-07,0.5646830225457462,-5.342140662290984e-05,-0.00017520669670068045,0.2,0.0,0.0,0.0,0.0,2.962962962962963,2.962962962962963,-3.896810352621571e-06,-5.635356224331645e-06,2.3590028086549237,2.4051764570059175,-0.00090858325140214,0.00041959558309356994
X+,6.300000000000001,3.9000000000000004,21.753301434000605,0.0,0.5634280534607866,4.416825966996416e-05,0.0004195541311091043,0.18322306428129392,0.0002812279448923724,-0.0008410453036395495,0.5719376014711252,2.818245766637057e-06,-3.0997394096374375e-06,0.1481862049741411,-7.515894747491054e-07,4.0799337511937643e-07,0.5646830225457462,-5.342140662290984e-05,-0.00017520669670068045,0.2,0.0,0.0,0.0,0.0,2.962962962962963,2.962962962962963,-3.896810352621571e-06,-5.635356224331645e-06,2.3590028086549237,2.4051764570059175,-0.00090858325140214,0.00041959558309356994
X+,6.300000000000001,3.9000000000000004,21.77981245400224,0.0,0.5648959570795041,4.439594038135094e-05,0.0004194457057003386,0.183631858788194,0.0003170948605220913,-0.0009393160692245296,0.5719376014711252,2.818245766637057e-06,-3.0997394096374375e-06,0.1481862049741411,-7.515894747491054e-07,4.0799337511937643e-07,0.5646830225457462,-5.342140662290984e-05,-0.00017520669670068045,0.2,0.0,0.0,0.0,0.0,2.962962962962963,2.962962962962963,-4.187787404852372e-06,-5.715499508340827e-06,2.3846136010823984,2.428190125468319,0.0017442017925196282,0.00041951292685410196
X+,6.300000000000001,3.9000000000000004,21.814724231000582,0.0,0.5691315234247147,4.5882406894908086e-05,0.0004170294631896832,0.1844756438233294,0.00029078346145326153,-0.0008336595885284049,0.5719376014711252,2.818245766637057e-06,-3.0997394096374375e-06,0.1481862049741411,-7.515894747491054e-07,4.0799337511937643e-07,0.5646830225457462,-5.342140662290984e-05,-0.00017520669670068045,0.2,0.0,0.0,0.0,0.0,2.962962962962963,2.962962962962963,-4.261092377610964e-06,-5.489317786988579e-06,2.4290667688271737,2.467720988577863,-0.0008976537135063123,0.00041705133842467694
X+,6.300000000000001,3.9000000000000004,21.846805967001274,0.0,0.5726419242735071,4.727870877067886e-05,0.00041501257605806673,0.18485730109121007,0.00029511855701426455,-0.000795079263170084,0.5719376014711252,2.818245766637057e-06,-3.0997394096374375e-06,0.1481862049741411,-7.515894747491054e-07,4.0799337511937643e-07,0.5646830225457462,-5.342140662290984e-05,-0.00017520669670068045,0.2,0.0,0.0,0.0,0.0,2.962962962962963,2.962962962962963,-4.101717525628601e-06,-5.4934451689803154e-06,2.4658806162738327,2.50045423307713,-0.002491120246478474,0.0004155489023003112
X+,6.300000000000001,3.9000000000000004,21.888382521003223,0.0,0.5770828140181256,4.8730125243165966e-05,0.0004150017887460613,0.1850110945331481,0.000335256598874148,-0.0008481061793523299,0.5719376014711252,2.818245766637057e-06,-3.0997394096374375e-06,0.1481862049741411,-7.515894747491054e-07,4.0799337511937643e-07,0.5646830225457462,-5.342140662290984e-05,-0.00017520669670068045,0.2,0.0,0.0,0.0,0.0,2.962962962962963,2.962962962962963,-4.087486781045868e-06,-5.48333434213788e-06,2.496212417590808,2.5269763780087917,-0.00037818451737868584,0.00041565952189181045
X+,6.4,4.0,21.914551539000968,0.09999999999999964,0.579488822648415,4.9731981553512855e-05,0.00041387913793909447,0.1849671668776331,0.0002779361083205217,-0.0006277537378166654,0.5879364577846081,2.6920240004193817e-06,-3.060961931185276e-06,0.15998856313797313,-7.662948079311867e-07,3.8777478452161197e-07,0.5822252384385561,-5.459267632221022e-05,-0.0002789197609218697,0.2,0.0,0.0,0.0,0.0,2.962962962962963,2.962962962962963,-3.5818047825486587e-06,-5.255740656018304e-06,2.5211554908168465,2.5484610900384976,-0.0003825707227653083,0.00041387913793909447
X+,6.4,4.0,21.954055814003368,0.0,0.58281832552414,5.0687831822931496e-05,0.0004149894409762877,0.18478518089259727,0.0003390953850775881,-0.000837828584070321,0.5879364577846081,2.6920240004193817e-06,-3.060961931185276e-06,0.15998856313797313,-7.662948079311867e-07,3.8777478452161197e-07,0.5822252384385561,-5.459267632221022e-05,-0.0002789197609218697,0.2,0.0,0.0,0.0,0.0,2.962962962962963,2.962962962962963,3.4525501177995466e-06,-5.431113214271477e-06,2.5417913253779227,2.5660448326688643,0.002025973738638143,0.0004145282572867922
X+,6.4,4.0,21.978260682000837,0.0,0.58281832552414,5.0687831822931496e-05,0.0004149894409762877,0.18478518089259727,0.0003390953850775881,-0.000837828584070321,0.5879364577846081,2.6920240004193817e-06,-3.060961931185276e-06,0.15998856313797313,-7.662948079311867e-07,3.8777478452161197e-07,0.5822252384385561,-5.459267632221022e-05,-0.0002789197609218697,0.2,0.0,0.0,0.0,0.0,2.962962962962963,2.962962962962963,3.4525501177995466e-06,-5.431113214271477e-06,2.5417913253779227,2.5660448326688643,0.002025973738638143,0.0004145282572867922
X+,6.4,4.0,22.004437387000507,0.0,0.58281832552414,5.0687831822931496e-05,0.0004149894409762877,0.18478518089259727,0.0003390953850775881,-0.000837828584070321,0.5879364577846081,2.6920240004193817e-06,-3.060961931185276e-06,0.15998856313797313,-7.662948079311867e-07,3.8777478452161197e-07,0.5822252384385561,-5.459267632221022e-05,-0.0002789197609218697,0.2,0.0,0.0,0.0,0.0,2.962962962962963,2.962962962962963,3.4525501177995466e-06,-5.431113214271477e-06,2.5417913253779227,2.5660448326688643,0.002025973738638143,0.0004145282572867922
X+,6.4,4.0,22.029468786000507,0.0,0.58281832552414,5.0687831822931496e-05,0.0004149894409762877,0.18478518089259727,0.0003390953850775881,-0.000837828584070321,0.5879364577846081,2.6920240004193817e-06,-3.060961931185276e-06,0.15998856313797313,-7.662948079311867e-07,3.8777478452161197e-07,0.5822252384385561,-5.459267632221022e-05,-0.0002789197609218697,0.2,0.0,0.0,0.0,0.0,2.962962962962963,2.962962962962963,3.4525501177995466e-06,-5.431113214271477e-06,2.5417913253779227,2.5660448326688643,0.002025973738638143,0.0004145282572867922
X+,6.4,4.0,22.06298916400192,0.0,0.58281832552414,5.0687831822931496e-05,0.0004149894409762877,0.18478518089259727,0.0003390953850775881,-0.000837828584070321,0.5879364577846081,2.6920240004193817e-06,-3.060961931185276e-06,0.15998856313797313,-7.662948079311867e-07,3.8777478452161197e-07,0.5822252384385561,-5.459267632221022e-05,-0.0002789197609218697,0.2,0.0,0.0,0.0,0.0,2.962962962962963,2.962962962962963,3.4525501177995466e-06,-5.431113214271477e-06,2.5417913253779227,2.5660448326688643,0.002025973738638143,0.0004145282572867922
X+,6.4,4.0,22.095870012002706,0.0,0.58281832552414,5.0687831822931496e-05,0.0004149894409762877,0.18478518089259727,0.0003390953850775881,-0.000837828584070321,0.5879364577846081,2.6920240004193817e-06,-3.060961931185276e-06,0.15998856313797313,-7.662948079311867e-07,3.8777478452161197e-07,0.5822252384385561,-5.459267632221022e-05,-0.0002789197609218697,0.2,0.0,0.0,0.0,0.0,2.962962962962963,2.962962962962963,3.4525501177995466e-06,-5.431113214271477e-06,2.5417913253779227,2.5660448326688643,0.002025973738638143,0.0004145282572867922
X+,6.4,4.0,22.124077142001624,0.0,0.58281832552414,5.0687831822931496e-05,0.0004149894409762877,0.18478518089259727,0.0003390953850775881,-0.000837828584070321,0.5879364577846081,2.6920240004193817e-06,-3.060961931185276e-06,0.15998856313797313,-7.662948079311867e-07,3.8777478452161197e-07,0.5822252384385561,-5.459267632221022e-05,-0.0002789197609218697,0.2,0.0,0.0,0.0,0.0,2.962962962962963,2.962962962962963,3.4525501177995466e-06,-5.431113214271477e-06,2.5417913253779227,2.5660448326688643,0.002025973738638143,0.0004145282572867922
X+,6.4,4.0,22.15053692100264,0.0,0.58281832552414,5.0687831822931496e-05,0.0004149894409762877,0.18478518089259727,0.0003390953850775881,-0.000837828584070321,0.5879364577846081,2.6920240004193817e-06,-3.060961931185276e-06,0.15998856313797313,-7.662948079311867e-07,3.8777478452161197e-07,0.5822252384385561,-5.459267632221022e-05,-0.0002789197609218697,0.2,0.0,0.0,0.0,0.0,2.962962962962963,2.962962962962963,3.4525501177995466e-06,-5.431113214271477e-06,2.5417913253779227,2.5660448326688643,0.002025973738638143,0.0004145282572867922
X+,6.4,4.0,22.179735708003136,0.0,0.58281832552414,5.0687831822931496e-05,0.0004149894409762877,0.18478518089259727,0.0003390953850775881,-0.000837828584070321,0.5879364577846081,2.6920240004193817e-06,-3.060961931185276e-06,0.15998856313797313,-7.662948079311867e-07,3.8777478452161197e-07,0.5822252384385561,-5.459267632221022e-05,-0.0002789197609218697,0.2,0.0,0.0,0.0,0.0,2.962962962962963,2.962962962962963,3.4525501177995466e-06,-5.431113214271477e-06,2.5417913253779227,2.5660448326688643,0.002025973738638143,0.0004145282572867922
X+,6.4,4.0,22.205901253000775,0.0,0.58281832552414,5.0687831822931496e-05,0.0004149894409762877,0.18478518089259727,0.0003390953850775881,-0.000837828584070321,0.5879364577846081,2.6920240004193817e-06,-3.060961931185276e-06,0.15998856313797313,-7.662948079311867e-07,3.8777478452161197e-07,0.5822252384385561,-5.459267632221022e-05,-0.0002789197609218697,0.2,0.0,0.0,0.0,0.0,2.962962962962963,2.962962962962963,3.4525501177995466e-06,-5.431113214271477e-06,2.5417913253779227,2.5660448326688643,0.002025973738638143,0.0004145282572867922
X+,6.4,4.0,22.230320926002605,0.0,0.58281832552414,5.0687831822931496e-05,0.0004149894409762877,0.18478518089259727,0.0003390953850775881,-0.000837828584070321,0.5879364577846081,2.6920240004193817e-06,-3.060961931185276e-06,0.15998856313797313,-7.662948079311867e-07,3.8777478452161197e-07,0.5822252384385561,-5.459267632221022e-05,-0.0002789197609218697,0.2,0.0,0.0,0.0,0.0,2.962962962962963,2.962962962962963,3.4525501177995466e-06,-5.431113214271477e-06,2.5417913253779227,2.5660448326688643,0.002025973738638143,0.0004145282572867922
X+,6.4,4.0,22.258001268000953,0.0,0.58281832552414,5.0687831822931496e-05,0.0004149894409762877,0.18478518089259727,0.0003390953850775881,-0.000837828584070321,0.5879364577846081,2.6920240004193817e-06,-3.060961931185276e-06,0.15998856313797313,-7.662948079311867e-07,3.8777478452161197e-07,0.5822252384385561,-5.459267632221022e-05,-0.0002789197609218697,0.2,0.0,0.0,0.0,0.0,2.962962962962963,2.962962962962963,3.4525501177995466e-06,-5.431113214271477e-06,2.5417913253779227,2.5660448326688643,0.002025973738638143,0.0004145282572867922
X+,6.4,4.0,22.289498932001152,0.0,0.58281832552414,5.0687831822931496e-05,0.0004149894409762877,0.18478518089259727,0.0003390953850775881,-0.000837828584070321,0.5879364577846081,2.6920240004193817e-06,-3.060961931185276e-06,0.15998856313797313,-7.662948079311867e-07,3.8777478452161197e-07,0.5822252384385561,-5.459267632221022e-05,-0.0002789197609218697,0.2,0.0,0.0,0.0,0.0,2.962962962962963,2.962962962962963,3.4525501177995466e-06,-5.431113214271477e-06,2.5417913253779227,2.5660448326688643,0.002025973738638143,0.0004145282572867922
X+,6.4,4.0,22.314918990003207,0.0,0.58281832552414,5.0687831822931496e-05,0.0004149894409762877,0.18478518089259727,0.0003390953850775881,-0.000837828584070321,0.5879364577846081,2.6920240004193817e-06,-3.060961931185276e-06,0.15998856313797313,-7.662948079311867e-07,3.8777478452161197e-07,0.5822252384385561,-5.459267632221022e-05,-0.0002789197609218697,0.2,0.0,0.0,0.0,0.0,2.962962962962963,2.962962962962963,3.4525501177995466e-06,-5.431113214271477e-06,2.5417913253779227,2.5660448326688643,0.002025973738638143,0.0004145282572867922
X+,6.4,4.0,22.346166039002128,0.0,0.5857743959530521,5.209940503192196e-05,0.00041370303585271985,0.18452246445696666,0.00029703522423561214,-0.0007237061332151453,0.5879364577846081,2.6920240004193817e-06,-3.060961931185276e-06,0.15998856313797313,-7.662948079311867e-07,3.8777478452161197e-07,0.5822252384385561,-5.459267632221022e-05,-0.0002789197609218697,0.2,0.0,0.0,0.0,0.0,2.962962962962963,2.962962962962963,-3.4694032509108297e-06,-5.287999650605002e-06,2.5505817375521835,2.573423190413848,2.5329818791698005e-05,0.0004135933779949187
X+,6.4,4.0,22.380768248000095,0.0,0.5890941537822105,5.313450441138661e-05,0.0004145936792747238,0.1841325557191978,0.00034638099420520615,-0.0008693736994615634,0.5879364577846081,2.6920240004193817e-06,-3.060961931185276e-06,0.15998856313797313,-7.662948079311867e-07,3.8777478452161197e-07,0.5822252384385561,-5.459267632221022e-05,-0.0002789197609218697,0.2,0.0,0.0,0.0,0.0,2.962962962962963,2.962962962962963,-6.7804189338716014e-06,-5.376435574966365e-06,2.565754348069623,2.5859341478456637,-0.001898540170042362,0.0004145936792747238
X+,6.4,4.0,22.407891673999984,0.0,0.5925900088707758,5.468825947582516e-05,0.00041354440782031903,0.18363152757961576,0.0003045917198083023,-0.000727239100519463,0.5879364577846081,2.6920240004193817e-06,-3.060961931185276e-06,0.15998856313797313,-7.662948079311867e-07,3.8777478452161197e-07,0.5822252384385561,-5.459267632221022e-05,-0.0002789197609218697,0.2,0.0,0.0,0.0,0.0,2.962962962962963,2.962962962962963,-6.198169169024936e-06,-5.232227748841467e-06,2.5780465086708384,2.5958284098426896,-0.003059457220683598,0.00041327259333640357
X+,6.4,4.0,22.445446294001158,0.0,0.5960757225035258,5.6123376694157574e-05,0.0004134781083415502,0.1830562666282618,0.00033550090882931234,-0.0008538481902331449,0.6044455084942535,2.5686629875585413e-06,-3.0104799042141517e-06,0.16509050709945639,-7.282743711810977e-07,5.048202697112442e-07,0.6027649677744327,-5.432778434890326e-05,-0.00012769192753259165,0.2,0.0,0.0,0.0,0.0,2.962962962962963,2.962962962962963,3.829377521746835e-06,-5.302585959654493e-06,2.588173027768949,2.603695656570304,-0.003898100532660252,0.000414228741335385
X+,6.5,4.1,22.476935906001017,0.09999999999999964,0.599732530482581,5.757908807356698e-05,0.00041313308228455335,0.18238552473828532,0.00029708268918490603,-0.0006818504313542374,0.6044455084942535,2.5686629875585413e-06,-3.0104799042141517e-06,0.16509050709945639,-7.282743711810977e-07,5.048202697112442e-07,0.6027649677744327,-5.432778434890326e-05,-0.00012769192753259165,0.2,0.0,0.0,0.0,0.0,2.962962962962963,2.962962962962963,-5.55587601525076e-06,-5.188030737457439e-06,2.596245705160684,2.6097351937745294,0.0005120256960642614,0.00041266596963696165
X+,6.5,4.1,22.50401495800179,0.0,0.6010091888219609,5.798711238219449e-05,0.000413601401379475,0.18213789927494484,0.00032032511403568226,-0.000767717247472739,0.6044455084942535,2.5686629875585413e-06,-3.0104799042141517e-06,0.16509050709945639,-7.282743711810977e-07,5.048202697112442e-07,0.6027649677744327,-5.432778434890326e-05,-0.00012769192753259165,0.2,0.0,0.0,0.0,0.0,2.962962962962963,2.962962962962963,-5.55587601525076e-06,-5.188030737457439e-06,2.596245705160684,2.6097351937745294,0.00042709885051573813,0.000413601401379475
X+,6.5,4.1,22.530543275002856,0.0,0.6010091888219609,5.798711238219449e-05,0.000413601401379475,0.18213789927494484,0.00032032511403568226,-0.000767717247472739,0.6044455084942535,2.5686629875585413e-06,-3.0104799042141517e-06,0.16509050709945639,-7.282743711810977e-07,5.048202697112442e-07,0.6027649677744327,-5.432778434890326e-05,-0.00012769192753259165,0.2,0.0,0.0,0.0,0.0,2.962962962962963,2.962962962962963,-5.55587601525076e-06,-5.188030737457439e-06,2.596245705160684,2.6097351937745294,0.00042709885051573813,0.000413601401379475
X+,6.5,4.1,22.558615525002097,0.0,0.6010091888219609,5.798711238219449e-05,0.000413601401379475,0.18213789927494484,0.00032032511403568226,-0.000767717247472739,0.6044455084942535,2.5686629875585413e-06,-3.0104799042141517e-06,0.16509050709945639,-7.282743711810977e-07,5.048202697112442e-07,0.6027649677744327,-5.432778434890326e-05,-0.00012769192753259165,0.2,0.0,0.0,0.0,0.0,2.962962962962963,2.962962962962963,-5.55587601525076e-06,-5.188030737457439e-06,2.596245705160684,2.6097351937745294,0.00042709885051573813,0.000413601401379475
X+,6.5,4.1,22.589132625002094,0.0,0.6010091888219609,5.798711238219449e-05,0.000413601401379475,0.18213789927494484,0.00032032511403568226,-0.000767717247472739,0.6044455084942535,2.5686629875585413e-06,-3.0104799042141517e-06,0.16509050709945639,-7.282743711810977e-07,5.048202697112442e-07,0.6027649677744327,-5.432778434890326e-05,-0.00012769192753259165,0.2,0.0,0.0,0.0,0.0,2.962962962962963,2.962962962962963,-5.55587601525076e-06,-5.188030737457439e-06,2.596245705160684,2.6097351937745294,0.00042709885051573813,0.000413601401379475
X+,6.5,4.1,22.61431399200228,0.0,0.6010091888219609,5.798711238219449e-05,0.000413601401379475,0.18213789927494484,0.00032032511403568226,-0.000767717247472739,0.6044455084942535,2.5686629875585413e-06,-3.0104799042141517e-06,0.16509050709945639,-7.282743711810977e-07,5.048202697112442e-07,0.6027649677744327,-5.432778434890326e-05,-0.00012769192753259165,0.2,0.0,0.0,0.0,0.0,2.962962962962963,2.962962962962963,-5.55587601525076e-06,-5.188030737457439e-06,2.596245705160684,2.6097351937745294,0.00042709885051573813,0.000413601401379475
X+,6.5,4.1,22.642243936999876,0.0,0.6010091888219609,5.798711238219449e-05,0.000413601401379475,0.18213789927494484,0.00032032511403568226,-0.000767717247472739,0.6044455084942535,2.5686629875585413e-06,-3.0104799042141517e-06,0.16509050709945639,-7.282743711810977e-07,5.048202697112442e-07,0.6027649677744327,-5.432778434890326e-05,-0.00012769192753259165,0.2,0.0,0.0,0.0,0.0,2.962962962962963,2.962962962962963,-5.55587601525076e-06,-5.188030737457439e-06,2.596245705160684,2.6097351937745294,0.00042709885051573813,0.000413601401379475
X+,6.5,4.1,22.671099340001092,0.0,0.6010091888219609,5.798711238219449e-05,0.000413601401379475,0.18213789927494484,0.00032032511403568226,-0.000767717247472739,0.6044455084942535,2.5686629875585413e-06,-3.0104799042141517e-06,0.16509050709945639,-7.282743711810977e-07,5.048202697112442e-07,0.6027649677744327,-5.432778434890326e-05,-0.00012769192753259165,0.2,0.0,0.0,0.0,0.0,2.962962962962963,2.962962962962963,-5.55587601525076e-06,-5.188030737457439e-06,2.596245705160684,2.6097351937745294,0.00042709885051573813,0.000413601401379475
X+,6.5,4.1,22.712676429000567,0.0,0.6010091888219609,5.798711238219449e-05,0.000413601401379475,0.18213789927494484,0.00032032511403568226,-0.000767717247472739,0.6044455084942535,2.5686629875585413e-06,-3.0104799042141517e-06,0.16509050709945639,-7.282743711810977e-07,5.048202697112442e-07,0.6027649677744327,-5.432778434890326e-05,-0.00012769192753259165,0.2,0.0,0.0,0.0,0.0,2.962962962962963,2.962962962962963,-5.55587601525076e-06,-5.188030737457439e-06,2.596245705160684,2.6097351937745294,0.00042709885051573813,0.000413601401379475
X+,6.5,4.1,22.741832322000846,0.0,0.6010091888219609,5.798711238219449e-05,0.000413601401379475,0.18213789927494484,0.00032032511403568226,-0.000767717247472739,0.6044455084942535,2.5686629875585413e-06,-3.0104799042141517e-06,0.16509050709945639,-7.282743711810977e-07,5.048202697112442e-07,0.6027649677744327,-5.432778434890326e-05,-0.00012769192753259165,0.2,0.0,0.0,0.0,0.0,2.962962962962963,2.962962962962963,-5.55587601525076e-06,-5.188030737457439e-06,2.596245705160684,2.6097351937745294,0.00042709885051573813,0.000413601401379475
X+,6.5,4.1,22.775058626000828,0.0,0.6010091888219609,5.798711238219449e-05,0.000413601401379475,0.18213789927494484,0.00032032511403568226,-0.000767717247472739,0.6044455084942535,2.5686629875585413e-06,-3.0104799042141517e-06,0.16509050709945639,-7.282743711810977e-07,5.048202697112442e-07,0.6027649677744327,-5.432778434890326e-05,-0.00012769192753259165,0.2,0.0,0.0,0.0,0.0,2.962962962962963,2.962962962962963,-5.55587601525076e-06,-5.188030737457439e-06,2.596245705160684,2.6097351937745294,0.00042709885051573813,0.000413601401379475
X+,6.5,4.1,22.800180981001176,0.0,0.6010091888219609,5.798711238219449e-05,0.000413601401379475,0.18213789927494484,0.00032032511403568226,-0.000767717247472739,0.6044455084942535,2.5686629875585413e-06,-3.0104799042141517e-06,0.16509050709945639,-7.282743711810977e-07,5.048202697112442e-07,0.6027649677744327,-5.432778434890326e-05,-0.00012769192753259165,0.2,0.0,0.0,0.0,0.0,2.962962962962963,2.962962962962963,-5.55587601525076e-06,-5.188030737457439e-06,2.596245705160684,2.6097351937745294,0.00042709885051573813,0.000413601401379475
X+,6.5,4.1,22.824522309001622,0.0,0.6010091888219609,5.798711238219449e-05,0.000413601401379475,0.18213789927494484,0.00032032511403568226,-0.000767717247472739,0.6044455084942535,2.5686629875585413e-06,-3.0104799042141517e-06,0.16509050709945639,-7.282743711810977e-07,5.048202697112442e-07,0.6027649677744327,-5.432778434890326e-05,-0.00012769192753259165,0.2,0.0,0.0,0.0,0.0,2.962962962962963,2.962962962962963,-5.55587601525076e-06,-5.188030737457439e-06,2.596245705160684,2.6097351937745294,0.00042709885051573813,0.000413601401379475
X+,6.5,4.1,22.85658073700324,0.0,0.6022841085398154,5.842926470439949e-05,0.00041397491210021535,0.1818842729010141,0.0003426394561865853,-0.0008483316831829929,0.6044455084942535,2.5686629875585413e-06,-3.0104799042141517e-06,0.16509050709945639,-7.282743711810977e-07,5.048202697112442e-07,0.6027649677744327,-5.432778434890326e-05,-0.00012769192753259165,0.2,0.0,0.0,0.0,0.0,2.962962962962963,2.962962962962963,-5.250333614981173e-06,-5.2642395527158214e-06,2.5997875687202545,2.612244699266839,0.00042709885051573813,0.000413601401379475
X+,6.5,4.1,22.88791956100249,0.0,0.6048286255988161,5.987650431424352e-05,0.0004123160346450807,0.18136122257108758,0.00029306844444391863,-0.0007145716165955875,0.6044455084942535,2.5686629875585413e-06,-3.0104799042141517e-06,0.16509050709945639,-7.282743711810977e-07,5.048202697112442e-07,0.6027649677744327,-5.432778434890326e-05,-0.00012769192753259165,0.2,0.0,0.0,0.0,0.0,2.962962962962963,2.962962962962963,-4.121421333991293e-06,-5.08878679728042e-06,2.605722387870125,2.6163468395062015,0.001057842568825663,0.0004123160346450807
X+,6.5,4.1,22.919343201003358,0.0,0.6082699406591535,6.100194969029405e-05,0.0004133782431874004,0.1806219893673238,0.0003129462724246806,-0.0007397703379713222,0.6044455084942535,2.5686629875585413e-06,-3.0104799042141517e-06,0.16509050709945639,-7.282743711810977e-07,5.048202697112442e-07,0.6027649677744327,-5.432778434890326e-05,-0.00012769192753259165,0.2,0.0,0.0,0.0,0.0,2.962962962962963,2.962962962962963,-3.994313904520652e-06,-5.131290591542381e-06,2.6082588045208968,2.617967371369393,-0.0021963711901192735,0.0004133782431874004
X+,6.5,4.1,22.94870667500072,0.0,0.6116971038103799,6.257577886354705e-05,0.0004130289007729306,0.17985631900298224,0.00032743393747159083,-0.0008318057538537873,0.6044455084942535,2.5686629875585413e-06,-3.0104799042141517e-06,0.16509050709945639,-7.282743711810977e-07,5.048202697112442e-07,0.6027649677744327,-5.432778434890326e-05,-0.00012769192753259165,0.2,0.0,0.0,0.0,0.0,2.962962962962963,2.962962962962963,-3.985114971349901e-06,-5.269276033281756e-06,2.6126979942717425,2.620614168006396,0.0035225071567687627,0.0004139566836670841
X+,6.5,4.1,22.97387899000023,0.0,0.6138540874026743,6.353071993101846e-05,0.00041240798563723665,0.1793608072784934,0.00027417538860631047,-0.0006087422541056178,0.6044455084942535,2.5686629875585413e-06,-3.0104799042141517e-06,0.16509050709945639,-7.282743711810977e-07,5.048202697112442e-07,0.6027649677744327,-5.432778434890326e-05,-0.00012769192753259165,0.2,0.0,0.0,0.0,0.0,2.962962962962963,2.962962962962963,-3.977900711937821e-06,-5.105090062684781e-06,2.614485354624236,2.6216982193514538,0.00041778331505224094,0.00041271891448354484
X+,6.5,4.1,23.00086893000116,0.0,0.616363035623811,6.433042499147303e-05,0.0004135153657377982,0.17877354153355124,0.00031602841561610153,-0.0007570473880092411,0.6211227531768877,2.4427039003362565e-06,-2.978805878713161e-06,0.16685136818388463,-7.526547716865695e-07,3.127629496039074e-07,0.6027067349175209,-5.6111908135341895e-05,-0.00017028449971867585,0.2,0.0,0.0,0.0,0.0,2.962962962962963,2.962962962962963,-3.97148692066196e-06,-5.164136564594912e-06,2.617643650403533,2.6233674132308225,-0.0009234886275086489,0.00041331398556990634
X+,6.6000000000000005,4.2,23.029709792001086,0.10000000000000053,0.6197549021198766,6.594501610889935e-05,0.0004129562668204993,0.17796277948305803,0.00031804743744295665,-0.000808744094928649,0.6211227531768877,2.4427039003362565e-06,-2.978805878713161e-06,0.16685136818388463,-7.526547716865695e-07,3.127629496039074e-07,0.6027067349175209,-5.6111908135341895e-05,-0.00017028449971867585,0.2,0.0,0.0,0.0,0.0,2.962962962962963,2.962962962962963,-3.99593714828228e-06,-5.176208625279344e-06,2.6203272373463515,2.6245760705850145,0.000847479217514828,0.00041327451805515687
X+,6.6000000000000005,4.2,23.05313371000011,0.0,0.6199329957027778,6.605716001577798e-05,0.0004127929018737303,0.17791969768920562,0.00031043056539788367,-0.0007851374727610937,0.6211227531768877,2.4427039003362565e-06,-2.978805878713161e-06,0.16685136818388463,-7.526547716865695e-07,3.127629496039074e-07,0.6027067349175209,-5.6111908135341895e-05,-0.00017028449971867585,0.2,0.0,0.0,0.0,0.0,2.962962962962963,2.962962962962963,-3.99593714828228e-06,-5.176208625279344e-06,2.6203272373463515,2.6245760705850145,0.000847479217514828,0.00041327451805515687
X+,6.6000000000000005,4.2,23.081739760000346,0.0,0.6199329957027778,6.605716001577798e-05,0.0004127929018737303,0.17791969768920562,0.00031043056539788367,-0.0007851374727610937,0.6211227531768877,2.4427039003362565e-06,-2.978805878713161e-06,0.16685136818388463,-7.526547716865695e-07,3.127629496039074e-07,0.6027067349175209,-5.6111908135341895e-05,-0.00017028449971867585,0.2,0.0,0.0,0.0,0.0,2.962962962962963,2.962962962962963,-3.99593714828228e-06,-5.176208625279344e-06,2.6203272373463515,2.6245760705850145,0.000847479217514828,0.00041327451805515687
X+,6.6000000000000005,4.2,23.11133176700241,0.0,0.6199329957027778,6.605716001577798e-05,0.0004127929018737303,0.17791969768920562,0.00031043056539788367,-0.0007851374727610937,0.6211227531768877,2.4427039003362565e-06,-2.978805878713161e-06,0.16685136818388463,-7.526547716865695e-07,3.127629496039074e-07,0.6027067349175209,-5.6111908135341895e-05,-0.00017028449971867585,0.2,0.0,0.0,0.0,0.0,2.962962962962963,2.962962962962963,-3.99593714828228e-06,-5.176208625279344e-06,2.6203272373463515,2.6245760705850145,0.000847479217514828,0.00041327451805515687
X+,6.6000000000000005,4.2,23.140632305003237,0.0,0.6199329957027778,6.605716001577798e-05,0.0004127929018737303,0.17791969768920562,0.00031043056539788367,-0.0007851374727610937,0.6211227531768877,2.4427039003362565e-06,-2.978805878713161e-06,0.16685136818388463,-7.526547716865695e-07,3.127629496039074e-07,0.6027067349175209,-5.6111908135341895e-05,-0.00017028449971867585,0.2,0.0,0.0,0.0,0.0,2.962962962962963,2.962962962962963,-3.99593714828228e-06,-5.176208625279344e-06,2.6203272373463515,2.6245760705850145,0.000847479217514828,0.00041327451805515687
X+,6.6000000000000005,4.2,23.166626866001025,0.0,0.6199329957027778,6.605716001577798e-05,0.0004127929018737303,0.17791969768920562,0.00031043056539788367,-0.0007851374727610937,0.6211227531768877,2.4427039003362565e-06,-2.978805878713161e-06,0.16685136818388463,-7.526547716865695e-07,3.127629496039074e-07,0.6027067349175209,-5.6111908135341895e-05,-0.00017028449971867585,0.2,0.0,0.0,0.0,0.0,2.962962962962963,2.962962962962963,-3.99593714828228e-06,-5.176208625279344e-06,2.6203272373463515,2.6245760705850145,0.000847479217514828,0.00041327451805515687
X+,6.6000000000000005,4.2,23.194210445002682,0.0,0.6199329957027778,6.605716001577798e-05,0.0004127929018737303,0.17791969768920562,0.00031043056539788367,-0.0007851374727610937,0.6211227531768877,2.4427039003362565e-06,-2.978805878713161e-06,0.16685136818388463,-7.526547716865695e-07,3.127629496039074e-07,0.6027067349175209,-5.6111908135341895e-05,-0.00017028449971867585,0.2,0.0,0.0,0.0,0.0,2.962962962962963,2.962962962962963,-3.99593714828228e-06,-5.176208625279344e-06,2.6203272373463515,2.6245760705850145,0.000847479217514828,0.00041327451805515687
X+,6.6000000000000005,4.2,23.225220372001786,0.0,0.6199329957027778,6.605716001577798e-05,0.0004127929018737303,0.17791969768920562,0.00031043056539788367,-0.0007851374727610937,0.6211227531768877,2.4427039003362565e-06,-2.978805878713161e-06,0.16685136818388463,-7.526547716865695e-07,3.127629496039074e-07,0.6027067349175209,-5.6111908135341895e-05,-0.00017028449971867585,0.2,0.0,0.0,0.0,0.0,2.962962962962963,2.962962962962963,-3.99593714828228e-06,-5.176208625279344e-06,2.6203272373463515,2.6245760705850145,0.000847479217514828,0.00041327451805515687
X+,6.6000000000000005,4.2,23.250113301000965,0.0,0.6199329957027778,6.605716001577798e-05,0.0004127929018737303,0.17791969768920562,0.00031043056539788367,-0.0007851374727610937,0.6211227531768877,2.4427039003362565e-06,-2.978805878713161e-06,0.16685136818388463,-7.526547716865695e-07,3.127629496039074e-07,0.6027067349175209,-5.6111908135341895e-05,-0.00017028449971867585,0.2,0.0,0.0,0.0,0.0,2.962962962962963,2.962962962962963,-3.99593714828228e-06,-5.176208625279344e-06,2.6203272373463515,2.6245760705850145,0.000847479217514828,0.00041327451805515687
X+,6.6000000000000005,4.2,23.275601870001992,0.0,0.6199329957027778,6.605716001577798e-05,0.0004127929018737303,0.17791969768920562,0.00031043056539788367,-0.0007851374727610937,0.6211227531768877,2.4427039003362565e-06,-2.978805878713161e-06,0.16685136818388463,-7.526547716865695e-07,3.127629496039074e-07,0.6027067349175209,-5.6111908135341895e-05,-0.00017028449971867585,0.2,0.0,0.0,0.0,0.0,2.962962962962963,2.962962962962963,-3.99593714828228e-06,-5.176208625279344e-06,2.6203272373463515,2.6245760705850145,0.000847479217514828,0.00041327451805515687
X+,6.6000000000000005,4.2,23.306777595000312,0.0,0.6199329957027778,6.605716001577798e-05,0.0004127929018737303,0.17791969768920562,0.00031043056539788367,-0.0007851374727610937,0.6211227531768877,2.4427039003362565e-06,-2.978805878713161e-06,0.16685136818388463,-7.526547716865695e-07,3.127629496039074e-07,0.6027067349175209,-5.6111908135341895e-05,-0.00017028449971867585,0.2,0.0,0.0,0.0,0.0,2.962962962962963,2.962962962962963,-3.99593714828228e-06,-5.176208625279344e-06,2.6203272373463515,2.6245760705850145,0.000847479217514828,0.00041327451805515687
X+,6.6000000000000005,4.2,23.343520496000565,0.0,0.6211784427203324,6.6646330919992e-05,0.0004121690449559242,0.17761686047252886,0.00026832842949935397,-0.0006185335428004948,0.6211227531768877,2.4427039003362565e-06,-2.978805878713161e-06,0.16685136818388463,-7.526547716865695e-07,3.127629496039074e-07,0.6027067349175209,-5.6111908135341895e-05,-0.00017028449971867585,0.2,0.0,0.0,0.0,0.0,2.962962962962963,2.962962962962963,-3.958448113294821e-06,-4.991856844327458e-06,2.6213811664584346,2.625135127706859,-0.00402256242868351,0.0004121690449559242
X+,6.6000000000000005,4.2,23.368986638000933,0.0,0.6229539782835012,6.717440831460232e-05,0.0004130666314922353,0.17718128204883216,0.00028994058181431773,-0.0006618598038121459,0.6211227531768877,2.4427039003362565e-06,-2.978805878713161e-06,0.16685136818388463,-7.526547716865695e-07,3.127629496039074e-07,0.6027067349175209,-5.6111908135341895e-05,-0.00017028449971867585,0.2,0.0,0.0,0.0,0.0,2.962962962962963,2.962962962962963,-3.971930475188401e-06,-5.1078840144214155e-06,2.6224834592225195,2.6255108049520874,-0.00402256242868351,0.0004121690449559242
X+,6.6000000000000005,4.2,23.41021555000043,0.0,0.6254324305674882,6.800481840181418e-05,0.0004140016078562432,0.1765668636199023,0.0003340280120607495,-0.0008267925367537324,0.6211227531768877,2.4427039003362565e-06,-2.978805878713161e-06,0.16685136818388463,-7.526547716865695e-07,3.127629496039074e-07,0.6027067349175209,-5.6111908135341895e-05,-0.00017028449971867585,0.2,0.0,0.0,0.0,0.0,2.962962962962963,2.962962962962963,-3.985974321274455e-06,-5.18404360061453e-06,2.623541861176292,2.6258019242113875,-0.002993057659424329,0.00041388320211710775
X+,6.6000000000000005,4.2,23.43670179200126,0.0,0.6286064592381095,6.974264595082866e-05,0.00041226922830655963,0.17576914103464172,0.00027435145597323426,-0.0006561806747481899,0.6211227531768877,2.4427039003362565e-06,-2.978805878713161e-06,0.16685136818388463,-7.526547716865695e-07,3.127629496039074e-07,0.6027067349175209,-5.6111908135341895e-05,-0.00017028449971867585,0.2,0.0,0.0,0.0,0.0,2.962962962962963,2.962962962962963,-3.982295853077744e-06,-5.031456979054383e-06,2.6253793412397957,2.6264082343234882,0.000694154520174876,0.00041226922830655963
X+,6.6000000000000005,4.2,23.483103446000314,0.0,0.633165706060204,7.120442875198623e-05,0.00041415573869336297,0.17460141946519012,0.0003319273181025902,-0.0008208314044793345,0.6378532660174411,2.317338416408949e-06,-2.948579280644369e-06,0.16730512840852546,-7.552853392349866e-07,3.022659806879164e-07,0.620045103107723,-5.9044050019075876e-05,-0.00021956350601781707,0.2,0.0,0.0,0.0,0.0,2.962962962962963,2.962962962962963,-3.990147999566318e-06,-5.145905906722703e-06,2.6271459815417684,2.6268176326005794,0.0024840617586525614,0.000413841851338413
X+,6.7,4.3,23.527079306000815,0.09999999999999964,0.6373473722476886,7.32724435441312e-05,0.0004126729668562023,0.17350942699703503,0.000266224883172683,-0.0006010635543679286,0.6378532660174411,2.317338416408949e-06,-2.948579280644369e-06,0.16730512840852546,-7.552853392349866e-07,3.022659806879164e-07,0.620045103107723,-5.9044050019075876e-05,-0.00021956350601781707,0.2,0.0,0.0,0.0,0.0,2.962962962962963,2.962962962962963,-3.4140905533774912e-06,-4.97358598927633e-06,2.6298506586214696,2.627615050716753,0.0010464246811774688,0.0004128113274529003
X+,6.7,4.3,23.556957369000884,0.0,0.6373473722476886,7.32724435441312e-05,0.0004126729668562023,0.17350942699703503,0.000266224883172683,-0.0006010635543679286,0.6378532660174411,2.317338416408949e-06,-2.948579280644369e-06,0.16730512840852546,-7.552853392349866e-07,3.022659806879164e-07,0.620045103107723,-5.9044050019075876e-05,-0.00021956350601781707,0.2,0.0,0.0,0.0,0.0,2.962962962962963,2.962962962962963,-3.4140905533774912e-06,-4.97358598927633e-06,2.6298506586214696,2.627615050716753,0.0010464246811774688,0.0004128113274529003
X+,6.7,4.3,23.586766553002235,0.0,0.6373473722476886,7.32724435441312e-05,0.0004126729668562023,0.17350942699703503,0.000266224883172683,-0.0006010635543679286,0.6378532660174411,2.317338416408949e-06,-2.948579280644369e-06,0.16730512840852546,-7.552853392349866e-07,3.022659806879164e-07,0.620045103107723,-5.9044050019075876e-05,-0.00021956350601781707,0.2,0.0,0.0,0.0,0.0,2.962962962962963,2.962962962962963,-3.4140905533774912e-06,-4.97358598927633e-06,2.6298506586214696,2.627615050716753,0.0010464246811774688,0.0004128113274529003
X+,6.7,4.3,23.615495072001067,0.0,0.6373473722476886,7.32724435441312e-05,0.0004126729668562023,0.17350942699703503,0.000266224883172683,-0.0006010635543679286,0.6378532660174411,2.317338416408949e-06,-2.948579280644369e-06,0.16730512840852546,-7.552853392349866e-07,3.022659806879164e-07,0.620045103107723,-5.9044050019075876e-05,-0.00021956350601781707,0.2,0.0,0.0,0.0,0.0,2.962962962962963,2.962962962962963,-3.4140905533774912e-06,-4.97358598927633e-06,2.6298506586214696,2.627615050716753,0.0010464246811774688,0.0004128113274529003
X+,6.7,4.3,23.646278093001456,0.0,0.6373473722476886,7.32724435441312e-05,0.0004126729668562023,0.17350942699703503,0.000266224883172683,-0.0006010635543679286,0.6378532660174411,2.317338416408949e-06,-2.948579280644369e-06,0.16730512840852546,-7.552853392349866e-07,3.022659806879164e-07,0.620045103107723,-5.9044050019075876e-05,-0.00021956350601781707,0.2,0.0,0.0,0.0,0.0,2.962962962962963,2.962962962962963,-3.4140905533774912e-06,-4.97358598927633e-06,2.6298506586214696,2.627615050716753,0.0010464246811774688,0.0004128113274529003
X+,6.7,4.3,23.676223094000306,0.0,0.6373473722476886,7.32724435441312e-05,0.0004126729668562023,0.17350942699703503,0.000266224883172683,-0.0006010635543679286,0.6378532660174411,2.317338416408949e-06,-2.948579280644369e-06,0.16730512840852546,-7.552853392349866e-07,3.022659806879164e-07,0.620045103107723,-5.9044050019075876e-05,-0.00021956350601781707,0.2,0.0,0.0,0.0,0.0,2.962962962962963,2.962962962962963,-3.4140905533774912e-06,-4.97358598927633e-06,2.6298506586214696,2.627615050716753,0.0010464246811774688,0.0004128113274529003
X+,6.7,4.3,23.711068944001454,0.0,0.6373473722476886,7.32724435441312e-05,0.0004126729668562023,0.17350942699703503,0.000266224883172683,-0.0006010635543679286,0.6378532660174411,2.317338416408949e-06,-2.948579280644369e-06,0.16730512840852546,-7.552853392349866e-07,3.022659806879164e-07,0.620045103107723,-5.9044050019075876e-05,-0.00021956350601781707,0.2,0.0,0.0,0.0,0.0,2.962962962962963,2.962962962962963,-3.4140905533774912e-06,-4.97358598927633e-06,2.6298506586214696,2.627615050716753,0.0010464246811774688,0.0004128113274529003
X+,6.7,4.3,23.743246928002918,0.0,0.6373473722476886,7.32724435441312e-05,0.0004126729668562023,0.17350942699703503,0.000266224883172683,-0.0006010635543679286,0.6378532660174411,2.317338416408949e-06,-2.948579280644369e-06,0.16730512840852546,-7.552853392349866e-07,3.022659806879164e-07,0.620045103107723,-5.9044050019075876e-05,-0.00021956350601781707,0.2,0.0,0.0,0.0,0.0,2.962962962962963,2.962962962962963,-3.4140905533774912e-06,-4.97358598927633e-06,2.6298506586214696,2.627615050716753,0.0010464246811774688,0.0004128113274529003
X+,6.7,4.3,23.770459854000364,0.0,0.6373473722476886,7.32724435441312e-05,0.0004126729668562023,0.17350942699703503,0.000266224883172683,-0.0006010635543679286,0.6378532660174411,2.317338416408949e-06,-2.948579280644369e-06,0.16730512840852546,-7.552853392349866e-07,3.022659806879164e-07,0.620045103107723,-5.9044050019075876e-05,-0.00021956350601781707,0.2,0.0,0.0,0.0,0.0,2.962962962962963,2.962962962962963,-3.4140905533774912e-06,-4.97358598927633e-06,2.6298506586214696,2.627615050716753,0.0010464246811774688,0.0004128113274529003
X+,6.7,4.3,23.801107615003275,0.0,0.6373473722476886,7.32724435441312e-05,0.0004126729668562023,0.17350942699703503,0.000266224883172683,-0.0006010635543679286,0.6378532660174411,2.317338416408949e-06,-2.948579280644369e-06,0.16730512840852546,-7.552853392349866e-07,3.022659806879164e-07,0.620045103107723,-5.9044050019075876e-05,-0.00021956350601781707,0.2,0.0,0.0,0.0,0.0,2.962962962962963,2.962962962962963,-3.4140905533774912e-06,-4.97358598927633e-06,2.6298506586214696,2.627615050716753,0.0010464246811774688,0.0004128113274529003
X+,6.7,4.3,23.830547139001283,0.0,0.6373473722476886,7.32724435441312e-05,0.0004126729668562023,0.17350942699703503,0.000266224883172683,-0.0006010635543679286,0.6378532660174411,2.317338416408949e-06,-2.948579280644369e-06,0.16730512840852546,-7.552853392349866e-07,3.022659806879164e-07,0.620045103107723,-5.9044050019075876e-05,-0.00021956350601781707,0.2,0.0,0.0,0.0,0.0,2.962962962962963,2.962962962962963,-3.4140905533774912e-06,-4.97358598927633e-06,2.6298506586214696,2.627615050716753,0.0010464246811774688,0.0004128113274529003
X+,6.7,4.3,23.85974666400216,0.0,0.6373473722476886,7.32724435441312e-05,0.0004126729668562023,0.17350942699703503,0.000266224883172683,-0.0006010635543679286,0.6378532660174411,2.317338416408949e-06,-2.948579280644369e-06,0.16730512840852546,-7.552853392349866e-07,3.022659806879164e-07,0.620045103107723,-5.9044050019075876e-05,-0.00021956350601781707,0.2,0.0,0.0,0.0,0.0,2.962962962962963,2.962962962962963,-3.4140905533774912e-06,-4.97358598927633e-06,2.6298506586214696,2.627615050716753,0.0010464246811774688,0.0004128113274529003
X+,6.7,4.3,23.888871830000426,0.0,0.6376946606034759,7.337109475615347e-05,0.00041285881443432575,0.17341762311593478,0.00026983541685451776,-0.0006028251717959707,0.6378532660174411,2.317338416408949e-06,-2.948579280644369e-06,0.16730512840852546,-7.552853392349866e-07,3.022659806879164e-07,0.620045103107723,-5.9044050019075876e-05,-0.00021956350601781707,0.2,0.0,0.0,0.0,0.0,2.962962962962963,2.962962962962963,-3.4140905533774912e-06,-4.97358598927633e-06,2.6298506586214696,2.627615050716753,-0.001478681223377591,0.0004129503019686479
X+,6.7,4.3,23.91563730300186,0.0,0.6401205686645669,7.413410713304983e-05,0.00041391078751732915,0.1727728817077056,0.0003106621049391577,-0.0007504244854825257,0.6378532660174411,2.317338416408949e-06,-2.948579280644369e-06,0.16730512840852546,-7.552853392349866e-07,3.022659806879164e-07,0.620045103107723,-5.9044050019075876e-05,-0.00021956350601781707,0.2,0.0,0.0,0.0,0.0,2.962962962962963,2.962962962962963,-3.3962976875301365e-06,-5.088953904497373e-06,2.6308308461505296,2.6278055878657334,0.003761162005195019,0.0004138482556174361
X+,6.7,4.3,23.95417106000241,0.0,0.6442583316070601,7.609688400066726e-05,0.00041285371169333634,0.17165560334409075,0.00028735300294516745,-0.0007240667918542244,0.6378532660174411,2.317338416408949e-06,-2.948579280644369e-06,0.16730512840852546,-7.552853392349866e-07,3.022659806879164e-07,0.620045103107723,-5.9044050019075876e-05,-0.00021956350601781707,0.2,0.0,0.0,0.0,0.0,2.962962962962963,2.962962962962963,5.4269420584063255e-06,-5.072877778289353e-06,2.6340050952886713,2.6287354786151496,2.7268644177969427e-05,0.0004138940147398138
X+,6.7,4.3,23.982438959003048,0.0,0.6473439916163245,7.699918493604598e-05,0.0004140444363190339,0.1708038907295979,0.000312025785419437,-0.0007777055420597779,0.6378532660174411,2.317338416408949e-06,-2.948579280644369e-06,0.16730512840852546,-7.552853392349866e-07,3.022659806879164e-07,0.620045103107723,-5.9044050019075876e-05,-0.00021956350601781707,0.2,0.0,0.0,0.0,0.0,2.962962962962963,2.962962962962963,3.4924505758482383e-06,-5.07947762695693e-06,2.63513470617984,2.62924980033801,-0.0017184585728213376,0.00041392644401946676
X+,6.7,4.3,24.016352136000933,0.0,0.6495630303285299,7.785373767484668e-05,0.00041420777369840947,0.1701817667502765,0.0003365046785085397,-0.000877024391893279,0.6546254593411721,2.1958430581857784e-06,-2.9003581706190768e-06,0.16777833032723802,-7.359933877767439e-07,4.6243813963483296e-07,0.6555454432607434,-6.43580835883051e-05,-0.00015665206998161105,0.2,0.0,0.0,0.0,0.0,2.962962962962963,2.962962962962963,-3.5545937544512185e-06,-5.221208181360737e-06,2.6376751996605035,2.6300902737746785,-0.0013030213709785004,0.0004143681417675559
X+,6.800000000000001,4.4,24.042337838000094,0.10000000000000053,0.6527916688196717,7.929074066634866e-05,0.00041285669610734567,0.1692561985397427,0.0002666755070285152,-0.0006176874051018595,0.6546254593411721,2.1958430581857784e-06,-2.9003581706190768e-06,0.16777833032723802,-7.359933877767439e-07,4.6243813963483296e-07,0.6555454432607434,-6.43580835883051e-05,-0.00015665206998161105,0.2,0.0,0.0,0.0,0.0,2.962962962962963,2.962962962962963,-3.4206784578216798e-06,-4.908935975045381e-06,2.6404561813552894,2.6318760594239783,-0.0008981644795373067,0.0004124627336316902
X+,6.800000000000001,4.4,24.07560872900285,0.0,0.6538075792229169,7.956981815962667e-05,0.00041324807295778116,0.16896001783315903,0.00028352672949182793,-0.000680918105241099,0.6546254593411721,2.1958430581857784e-06,-2.9003581706190768e-06,0.16777833032723802,-7.359933877767439e-07,4.6243813963483296e-07,0.6555454432607434,-6.43580835883051e-05,-0.00015665206998161105,0.2,0.0,0.0,0.0,0.0,2.962962962962963,2.962962962962963,-3.4206784578216798e-06,-4.908935975045381e-06,2.6404561813552894,2.6318760594239783,0.00028178793986894236,0.0004131898037359237
X+,6.800000000000001,4.4,24.10178705100043,0.0,0.6538075792229169,7.956981815962667e-05,0.00041324807295778116,0.16896001783315903,0.00028352672949182793,-0.000680918105241099,0.6546254593411721,2.1958430581857784e-06,-2.9003581706190768e-06,0.16777833032723802,-7.359933877767439e-07,4.6243813963483296e-07,0.6555454432607434,-6.43580835883051e-05,-0.00015665206998161105,0.2,0.0,0.0,0.0,0.0,2.962962962962963,2.962962962962963,-3.4206784578216798e-06,-4.908935975045381e-06,2.6404561813552894,2.6318760594239783,0.00028178793986894236,0.0004131898037359237
X+,6.800000000000001,4.4,24.126169541003037,0.0,0.6538075792229169,7.956981815962667e-05,0.00041324807295778116,0.16896001783315903,0.00028352672949182793,-0.000680918105241099,0.6546254593411721,2.1958430581857784e-06,-2.9003581706190768e-06,0.16777833032723802,-7.359933877767439e-07,4.6243813963483296e-07,0.6555454432607434,-6.43580835883051e-05,-0.00015665206998161105,0.2,0.0,0.0,0.0,0.0,2.962962962962963,2.962962962962963,-3.4206784578216798e-06,-4.908935975045381e-06,2.6404561813552894,2.6318760594239783,0.00028178793986894236,0.0004131898037359237
X+,6.800000000000001,4.4,24.1545345370032,0.0,0.6538075792229169,7.956981815962667e-05,0.00041324807295778116,0.16896001783315903,0.00028352672949182793,-0.000680918105241099,0.6546254593411721,2.1958430581857784e-06,-2.9003581706190768e-06,0.16777833032723802,-7.359933877767439e-07,4.6243813963483296e-07,0.6555454432607434,-6.43580835883051e-05,-0.00015665206998161105,0.2,0.0,0.0,0.0,0.0,2.962962962962963,2.962962962962963,-3.4206784578216798e-06,-4.908935975045381e-06,2.6404561813552894,2.6318760594239783,0.00028178793986894236,0.0004131898037359237
X+,6.800000000000001,4.4,24.186687115001405,0.0,0.6538075792229169,7.956981815962667e-05,0.00041324807295778116,0.16896001783315903,0.00028352672949182793,-0.000680918105241099,0.6546254593411721,2.1958430581857784e-06,-2.9003581706190768e-06,0.16777833032723802,-7.359933877767439e-07,4.6243813963483296e-07,0.6555454432607434,-6.43580835883051e-05,-0.00015665206998161105,0.2,0.0,0.0,0.0,0.0,2.962962962962963,2.962962962962963,-3.4206784578216798e-06,-4.908935975045381e-06,2.6404561813552894,2.6318760594239783,0.00028178793986894236,0.0004131898037359237
X+,6.800000000000001,4.4,24.21243464700092,0.0,0.6538075792229169,7.956981815962667e-05,0.00041324807295778116,0.16896001783315903,0.00028352672949182793,-0.000680918105241099,0.6546254593411721,2.1958430581857784e-06,-2.9003581706190768e-06,0.16777833032723802,-7.359933877767439e-07,4.6243813963483296e-07,0.6555454432607434,-6.43580835883051e-05,-0.00015665206998161105,0.2,0.0,0.0,0.0,0.0,2.962962962962963,2.962962962962963,-3.4206784578216798e-06,-4.908935975045381e-06,2.6404561813552894,2.6318760594239783,0.00028178793986894236,0.0004131898037359237
X+,6.800000000000001,4.4,24.240874276001705,0.0,0.6538075792229169,7.956981815962667e-05,0.00041324807295778116,0.16896001783315903,0.00028352672949182793,-0.000680918105241099,0.6546254593411721,2.1958430581857784e-06,-2.9003581706190768e-06,0.16777833032723802,-7.359933877767439e-07,4.6243813963483296e-07,0.6555454432607434,-6.43580835883051e-05,-0.00015665206998161105,0.2,0.0,0.0,0.0,0.0,2.962962962962963,2.962962962962963,-3.4206784578216798e-06,-4.908935975045381e-06,2.6404561813552894,2.6318760594239783,0.00028178793986894236,0.0004131898037359237
X+,6.800000000000001,4.4,24.266991399999824,0.0,0.6538075792229169,7.956981815962667e-05,0.00041324807295778116,0.16896001783315903,0.00028352672949182793,-0.000680918105241099,0.6546254593411721,2.1958430581857784e-06,-2.9003581706190768e-06,0.16777833032723802,-7.359933877767439e-07,4.6243813963483296e-07,0.6555454432607434,-6.43580835883051e-05,-0.00015665206998161105,0.2,0.0,0.0,0.0,0.0,2.962962962962963,2.962962962962963,-3.4206784578216798e-06,-4.908935975045381e-06,2.6404561813552894,2.6318760594239783,0.00028178793986894236,0.0004131898037359237
X+,6.800000000000001,4.4,24.297523903002002,0.0,0.6538075792229169,7.956981815962667e-05,0.00041324807295778116,0.16896001783315903,0.00028352672949182793,-0.000680918105241099,0.6546254593411721,2.1958430581857784e-06,-2.9003581706190768e-06,0.16777833032723802,-7.359933877767439e-07,4.6243813963483296e-07,0.6555454432607434,-6.43580835883051e-05,-0.00015665206998161105,0.2,0.0,0.0,0.0,0.0,2.962962962962963,2.962962962962963,-3.4206784578216798e-06,-4.908935975045381e-06,2.6404561813552894,2.6318760594239783,0.00028178793986894236,0.0004131898037359237
X+,6.800000000000001,4.4,24.327112333001423,0.0,0.6538075792229169,7.956981815962667e-05,0.00041324807295778116,0.16896001783315903,0.00028352672949182793,-0.000680918105241099,0.6546254593411721,2.1958430581857784e-06,-2.9003581706190768e-06,0.16777833032723802,-7.359933877767439e-07,4.6243813963483296e-07,0.6555454432607434,-6.43580835883051e-05,-0.00015665206998161105,0.2,0.0,0.0,0.0,0.0,2.962962962962963,2.962962962962963,-3.4206784578216798e-06,-4.908935975045381e-06,2.6404561813552894,2.6318760594239783,0.00028178793986894236,0.0004131898037359237
X+,6.800000000000001,4.4,24.355623710001964,0.0,0.6538075792229169,7.956981815962667e-05,0.00041324807295778116,0.16896001783315903,0.00028352672949182793,-0.000680918105241099,0.6546254593411721,2.1958430581857784e-06,-2.9003581706190768e-06,0.16777833032723802,-7.359933877767439e-07,4.6243813963483296e-07,0.6555454432607434,-6.43580835883051e-05,-0.00015665206998161105,0.2,0.0,0.0,0.0,0.0,2.962962962962963,2.962962962962963,-3.4206784578216798e-06,-4.908935975045381e-06,2.6404561813552894,2.6318760594239783,0.00028178793986894236,0.0004131898037359237
X+,6.800000000000001,4.4,24.385327273001167,0.0,0.6538075792229169,7.956981815962667e-05,0.00041324807295778116,0.16896001783315903,0.00028352672949182793,-0.000680918105241099,0.6546254593411721,2.1958430581857784e-06,-2.9003581706190768e-06,0.16777833032723802,-7.359933877767439e-07,4.6243813963483296e-07,0.6555454432607434,-6.43580835883051e-05,-0.00015665206998161105,0.2,0.0,0.0,0.0,0.0,2.962962962962963,2.962962962962963,-3.4206784578216798e-06,-4.908935975045381e-06,2.6404561813552894,2.6318760594239783,0.00028178793986894236,0.0004131898037359237
X+,6.800000000000001,4.4,24.41414910200183,0.0,0.6548217154216397,7.985863464045426e-05,0.0004135590809455581,0.16866191378237153,0.00030114373604792717,-0.000748340548077254,0.6546254593411721,2.1958430581857784e-06,-2.9003581706190768e-06,0.16777833032723802,-7.359933877767439e-07,4.6243813963483296e-07,0.6555454432607434,-6.43580835883051e-05,-0.00015665206998161105,0.2,0.0,0.0,0.0,0.0,2.962962962962963,2.962962962962963,3.7348316759278077e-06,-4.881338400153368e-06,2.642013576281148,2.632554996693756,0.00028178793986894236,0.0004131898037359237
X+,6.800000000000001,4.4,24.442734154999926,0.0,0.6571810873562068,8.062987087515284e-05,0.0004139704318172619,0.1679581265825675,0.0003319719253717378,-0.0008691774248145587,0.6546254593411721,2.1958430581857784e-06,-2.9003581706190768e-06,0.16777833032723802,-7.359933877767439e-07,4.6243813963483296e-07,0.6555454432607434,-6.43580835883051e-05,-0.00015665206998161105,0.2,0.0,0.0,0.0,0.0,2.962962962962963,2.962962962962963,3.455963956788821e-06,-4.813827972682816e-06,2.6436767506611956,2.6333602204276363,-0.0019263646680011289,0.0004139781301900402
X+,6.800000000000001,4.4,24.482335112003057,0.0,0.6593631331879409,8.18500747905319e-05,0.00041189135647970134,0.1672932040118273,0.00025706076454541947,-0.0006469815766784986,0.6546254593411721,2.1958430581857784e-06,-2.9003581706190768e-06,0.16777833032723802,-7.359933877767439e-07,4.6243813963483296e-07,0.6555454432607434,-6.43580835883051e-05,-0.00015665206998161105,0.2,0.0,0.0,0.0,0.0,2.962962962962963,2.962962962962963,4.186208967027483e-06,-4.482570188812929e-06,2.647332291622572,2.635751007806618,0.0006462311744891521,0.0004122195769915905
X+,6.800000000000001,4.4,24.509670635001385,0.0,0.6640331411282774,8.298580414410617e-05,0.00041315702315253934,0.1658162201937682,0.00031370086351305694,-0.000813111319259988,0.6546254593411721,2.1958430581857784e-06,-2.9003581706190768e-06,0.16777833032723802,-7.359933877767439e-07,4.6243813963483296e-07,0.6555454432607434,-6.43580835883051e-05,-0.00015665206998161105,0.2,0.0,0.0,0.0,0.0,2.962962962962963,2.962962962962963,4.849765399050909e-06,-4.517388927816057e-06,2.65391419700286,2.639686929711714,0.0004623349024117882,0.0004130856339185446
X+,6.800000000000001,4.4,24.54856888500217,0.0,0.6651941716058672,8.336087602492468e-05,0.00041320917593599103,0.16543688710066085,0.00032429175916673435,-0.0008602180807699565,0.6546254593411721,2.1958430581857784e-06,-2.9003581706190768e-06,0.16777833032723802,-7.359933877767439e-07,4.6243813963483296e-07,0.6555454432607434,-6.43580835883051e-05,-0.00015665206998161105,0.2,0.0,0.0,0.0,0.0,2.962962962962963,2.962962962962963,4.849765399050909e-06,-4.517388927816057e-06,2.65391419700286,2.639686929711714,0.0004623349024117882,0.0004130856339185446
X+,6.800000000000001,4.4,24.575344780001615,0.0,0.6668481749029029,8.393770702215357e-05,0.0004129783869717227,0.16488690110755444,0.0003199419574674876,-0.0008661749258561034,0.6714855789295107,2.1499568570025185e-06,-2.6371510139352192e-06,0.1686011958840073,3.01418442251683e-08,2.6320715668385768e-06,0.6546164802319244,-6.71553781016277e-05,-0.0002915518032216013,0.2,0.0,0.0,0.0,0.0,2.962962962962963,2.962962962962963,5.134949494056684e-06,-4.5113086262205115e-06,2.6564475712215003,2.6413347600664565,-0.0037365142524076827,0.0004131912606097773
X+,6.9,4.5,24.59887602500021,0.09999999999999964,0.6688256805135895,8.45613111386959e-05,0.0004127460651877387,0.1642127402026157,0.00031316356460899387,-0.0008553425948685451,0.6714855789295107,2.1499568570025185e-06,-2.6371510139352192e-06,0.1686011958840073,3.01418442251683e-08,2.6320715668385768e-06,0.6546164802319244,-6.71553781016277e-05,-0.0002915518032216013,0.2,0.0,0.0,0.0,0.0,2.962962962962963,2.962962962962963,5.410732343946734e-06,-5.290439395899682e-06,2.6591737675276237,2.643263978967537,-0.0028915271026841347,0.000412763769279789
X+,6.9,4.5,24.63595907600029,0.0,0.6711224813876954,8.523561872767274e-05,0.0004124868027821901,0.16340490955274323,0.00031078965684029874,-0.0008515882381327304,0.6714855789295107,2.1499568570025185e-06,-2.6371510139352192e-06,0.1686011958840073,3.01418442251683e-08,2.6320715668385768e-06,0.6546164802319244,-6.71553781016277e-05,-0.0002915518032216013,0.2,0.0,0.0,0.0,0.0,2.962962962962963,2.962962962962963,5.961798695608422e-06,6.683948865493505e-06,2.665283950765682,2.647686086232874,8.831003184859047e-05,0.00041258359539433204
X+,6.9,4.5,24.66374713800178,0.0,0.6711224813876954,8.523561872767274e-05,0.0004124868027821901,0.16340490955274323,0.00031078965684029874,-0.0008515882381327304,0.6714855789295107,2.1499568570025185e-06,-2.6371510139352192e-06,0.1686011958840073,3.01418442251683e-08,2.6320715668385768e-06,0.6546164802319244,-6.71553781016277e-05,-0.0002915518032216013,0.2,0.0,0.0,0.0,0.0,2.962962962962963,2.962962962962963,5.961798695608422e-06,6.683948865493505e-06,2.665283950765682,2.647686086232874,8.831003184859047e-05,0.00041258359539433204
X+,6.9,4.5,24.68984194299992,0.0,0.6711224813876954,8.523561872767274e-05,0.0004124868027821901,0.16340490955274323,0.00031078965684029874,-0.0008515882381327304,0.6714855789295107,2.1499568570025185e-06,-2.6371510139352192e-06,0.1686011958840073,3.01418442251683e-08,2.6320715668385768e-06,0.6546164802319244,-6.71553781016277e-05,-0.0002915518032216013,0.2,0.0,0.0,0.0,0.0,2.962962962962963,2.962962962962963,5.961798695608422e-06,6.683948865493505e-06,2.665283950765682,2.647686086232874,8.831003184859047e-05,0.00041258359539433204
X+,6.9,4.5,24.71551629700116,0.0,0.6711224813876954,8.523561872767274e-05,0.0004124868027821901,0.16340490955274323,0.00031078965684029874,-0.0008515882381327304,0.6714855789295107,2.1499568570025185e-06,-2.6371510139352192e-06,0.1686011958840073,3.01418442251683e-08,2.6320715668385768e-06,0.6546164802319244,-6.71553781016277e-05,-0.0002915518032216013,0.2,0.0,0.0,0.0,0.0,2.962962962962963,2.962962962962963,5.961798695608422e-06,6.683948865493505e-06,2.665283950765682,2.647686086232874,8.831003184859047e-05,0.00041258359539433204
X+,6.9,4.5,24.755225642002188,0.0,0.6711224813876954,8.523561872767274e-05,0.0004124868027821901,0.16340490955274323,0.00031078965684029874,-0.0008515882381327304,0.6714855789295107,2.1499568570025185e-06,-2.6371510139352192e-06,0.1686011958840073,3.01418442251683e-08,2.6320715668385768e-06,0.6546164802319244,-6.71553781016277e-05,-0.0002915518032216013,0.2,0.0,0.0,0.0,0.0,2.962962962962963,2.962962962962963,5.961798695608422e-06,6.683948865493505e-06,2.665283950765682,2.647686086232874,8.831003184859047e-05,0.00041258359539433204
X+,6.9,4.5,24.77995444300177,0.0,0.6711224813876954,8.523561872767274e-05,0.0004124868027821901,0.16340490955274323,0.00031078965684029874,-0.0008515882381327304,0.6714855789295107,2.1499568570025185e-06,-2.6371510139352192e-06,0.1686011958840073,3.01418442251683e-08,2.6320715668385768e-06,0.6546164802319244,-6.71553781016277e-05,-0.0002915518032216013,0.2,0.0,0.0,0.0,0.0,2.962962962962963,2.962962962962963,5.961798695608422e-06,6.683948865493505e-06,2.665283950765682,2.647686086232874,8.831003184859047e-05,0.00041258359539433204
X+,6.9,4.5,24.80924986500031,0.0,0.6711224813876954,8.523561872767274e-05,0.0004124868027821901,0.16340490955274323,0.00031078965684029874,-0.0008515882381327304,0.6714855789295107,2.1499568570025185e-06,-2.6371510139352192e-06,0.1686011958840073,3.01418442251683e-08,2.6320715668385768e-06,0.6546164802319244,-6.71553781016277e-05,-0.0002915518032216013,0.2,0.0,0.0,0.0,0.0,2.962962962962963,2.962962962962963,5.961798695608422e-06,6.683948865493505e-06,2.665283950765682,2.647686086232874,8.831003184859047e-05,0.00041258359539433204
X+,6.9,4.5,24.83849691600335,0.0,0.6711224813876954,8.523561872767274e-05,0.0004124868027821901,0.16340490955274323,0.00031078965684029874,-0.0008515882381327304,0.6714855789295107,2.1499568570025185e-06,-2.6371510139352192e-06,0.1686011958840073,3.01418442251683e-08,2.6320715668385768e-06,0.6546164802319244,-6.71553781016277e-05,-0.0002915518032216013,0.2,0.0,0.0,0.0,0.0,2.962962962962963,2.962962962962963,5.961798695608422e-06,6.683948865493505e-06,2.665283950765682,2.647686086232874,8.831003184859047e-05,0.00041258359539433204
X+,6.9,4.5,24.863886145001743,0.0,0.6711224813876954,8.523561872767274e-05,0.0004124868027821901,0.16340490955274323,0.00031078965684029874,-0.0008515882381327304,0.6714855789295107,2.1499568570025185e-06,-2.6371510139352192e-06,0.1686011958840073,3.01418442251683e-08,2.6320715668385768e-06,0.6546164802319244,-6.71553781016277e-05,-0.0002915518032216013,0.2,0.0,0.0,0.0,0.0,2.962962962962963,2.962962962962963,5.961798695608422e-06,6.683948865493505e-06,2.665283950765682,2.647686086232874,8.831003184859047e-05,0.00041258359539433204
X+,6.9,4.5,24.896493834003195,0.0,0.6711224813876954,8.523561872767274e-05,0.0004124868027821901,0.16340490955274323,0.00031078965684029874,-0.0008515882381327304,0.6714855789295107,2.1499568570025185e-06,-2.6371510139352192e-06,0.1686011958840073,3.01418442251683e-08,2.6320715668385768e-06,0.6546164802319244,-6.71553781016277e-05,-0.0002915518032216013,0.2,0.0,0.0,0.0,0.0,2.962962962962963,2.962962962962963,5.961798695608422e-06,6.683948865493505e-06,2.665283950765682,2.647686086232874,8.831003184859047e-05,0.00041258359539433204
X+,6.9,4.5,24.934167240000534,0.0,0.6711224813876954,8.523561872767274e-05,0.0004124868027821901,0.16340490955274323,0.00031078965684029874,-0.0008515882381327304,0.6714855789295107,2.1499568570025185e-06,-2.6371510139352192e-06,0.1686011958840073,3.01418442251683e-08,2.6320715668385768e-06,0.6546164802319244,-6.71553781016277e-05,-0.0002915518032216013,0.2,0.0,0.0,0.0,0.0,2.962962962962963,2.962962962962963,5.961798695608422e-06,6.683948865493505e-06,2.665283950765682,2.647686086232874,8.831003184859047e-05,0.00041258359539433204
X+,6.9,4.5,24.962821178000013,0.0,0.6711224813876954,8.523561872767274e-05,0.0004124868027821901,0.16340490955274323,0.00031078965684029874,-0.0008515882381327304,0.6714855789295107,2.1499568570025185e-06,-2.6371510139352192e-06,0.1686011958840073,3.01418442251683e-08,2.6320715668385768e-06,0.6546164802319244,-6.71553781016277e-05,-0.0002915518032216013,0.2,0.0,0.0,0.0,0.0,2.962962962962963,2.962962962962963,5.961798695608422e-06,6.683948865493505e-06,2.665283950765682,2.647686086232874,8.831003184859047e-05,0.00041258359539433204
X+,6.9,4.5,24.994344267000997,0.0,0.6711224813876954,8.523561872767274e-05,0.0004124868027821901,0.16340490955274323,0.00031078965684029874,-0.0008515882381327304,0.6714855789295107,2.1499568570025185e-06,-2.6371510139352192e-06,0.1686011958840073,3.01418442251683e-08,2.6320715668385768e-06,0.6546164802319244,-6.71553781016277e-05,-0.0002915518032216013,0.2,0.0,0.0,0.0,0.0,2.962962962962963,2.962962962962963,5.961798695608422e-06,6.683948865493505e-06,2.665283950765682,2.647686086232874,8.831003184859047e-05,0.00041258359539433204
X+,6.9,4.5,25.02097739900273,0.0,0.6717766310028922,8.542249270684053e-05,0.00041240840428233,0.16316951844228514,0.0003102424946947351,-0.0008503661912676207,0.6714855789295107,2.1499568570025185e-06,-2.6371510139352192e-06,0.1686011958840073,3.01418442251683e-08,2.6320715668385768e-06,0.6546164802319244,-6.71553781016277e-05,-0.0002915518032216013,0.2,0.0,0.0,0.0,0.0,2.962962962962963,2.962962962962963,5.961798695608422e-06,6.683948865493505e-06,2.665283950765682,2.647686086232874,8.831003184859047e-05,0.00041258359539433204
X+,6.9,4.5,25.04997812000147,0.0,0.6743837484499949,8.614484572899359e-05,0.00041208155716169955,0.16220557817830952,0.00030752885843533546,-0.0008433854982804003,0.6714855789295107,2.1499568570025185e-06,-2.6371510139352192e-06,0.1686011958840073,3.01418442251683e-08,2.6320715668385768e-06,0.6546164802319244,-6.71553781016277e-05,-0.0002915518032216013,0.2,0.0,0.0,0.0,0.0,2.962962962962963,2.962962962962963,6.518786021203482e-06,-4.615921509021348e-06,2.67238980830664,2.653019891741685,0.0016722794694901551,0.00041218358136898864
X+,6.9,4.5,25.07268595000278,0.0,0.6771366804103062,8.686279067247459e-05,0.00041172866433819517,0.1611378722531401,0.00030455246221055936,-0.0008343830538761179,0.6714855789295107,2.1499568570025185e-06,-2.6371510139352192e-06,0.1686011958840073,3.01418442251683e-08,2.6320715668385768e-06,0.6546164802319244,-6.71553781016277e-05,-0.0002915518032216013,0.2,0.0,0.0,0.0,0.0,2.962962962962963,2.962962962962963,6.7923495601363015e-06,8.381228806975116e-06,2.6763686213075824,2.6560920012681506,-0.001546353112801814,0.00041176814292245373
X+,6.9,4.5,25.09509708600308,0.0,0.6797108427483529,8.748948653402103e-05,0.00041141119679365064,0.16008606195872396,0.00030162007318584367,-0.0008235048662335752,0.6714855789295107,2.1499568570025185e-06,-2.6371510139352192e-06,0.1686011958840073,3.01418442251683e-08,2.6320715668385768e-06,0.6546164802319244,-6.71553781016277e-05,-0.0002915518032216013,0.2,0.0,0.0,0.0,0.0,2.962962962962963,2.962962962962963,7.332322795150503e-06,4.594674369862162e-06,2.6853096969366215,2.663150730742964,-1.6213244519937883e-05,0.0004115672879853685
X+,6.9,4.5,25.12267621400315,0.0,0.6819492281408226,8.799942053404602e-05,0.0004111531449880637,0.15912319005513909,0.00029933839043660705,-0.0008125274929189802,0.6714855789295107,2.1499568570025185e-06,-2.6371510139352192e-06,0.1686011958840073,3.01418442251683e-08,2.6320715668385768e-06,0.6546164802319244,-6.71553781016277e-05,-0.0002915518032216013,0.2,0.0,0.0,0.0,0.0,2.962962962962963,2.962962962962963,7.5974941378120775e-06,4.561119558488258e-06,2.690333409408423,2.6672017367261667,0.001576754675619742,0.0004111712416077971
X+,7.0,4.6,25.153659504001553,0.09999999999999964,0.6851230205008692,8.866322935514263e-05,0.0004108482200549382,0.15766835497506512,0.00029595835325600895,-0.0007923982311408651,0.6885493283698282,2.208804793195806e-06,-2.5493171218081703e-06,0.17063749440103004,1.0384762033110037e-06,8.78338921270485e-07,0.6717334455916322,-7.315340412222609e-05,-0.0003903668678852945,0.2,0.0,0.0,0.0,0.0,2.962962962962963,2.962962962962963,8.108744242285582e-06,4.571419196963689e-06,2.7016681176872166,2.676520220723197,0.0021184463079657076,0.0004108622158586401
X+,7.0,4.6,25.17969116000313,0.0,0.6870130744304791,8.90297163776213e-05,0.0004107041631376898,0.1567444172078028,0.00029432567807372614,-0.0007785059378216517,0.6885493283698282,2.208804793195806e-06,-2.5493171218081703e-06,0.17063749440103004,1.0384762033110037e-06,8.78338921270485e-07,0.6717334455916322,-7.315340412222609e-05,-0.0003903668678852945,0.2,0.0,0.0,0.0,0.0,2.962962962962963,2.962962962962963,8.595569833680372e-06,5.48027508617821e-06,2.7150129796739524,2.6877356595880495,-0.0009649222074894583,0.00041073702120658347
X+,7.0,4.6,25.205513897002675,0.0,0.6870130744304791,8.90297163776213e-05,0.0004107041631376898,0.1567444172078028,0.00029432567807372614,-0.0007785059378216517,0.6885493283698282,2.208804793195806e-06,-2.5493171218081703e-06,0.17063749440103004,1.0384762033110037e-06,8.78338921270485e-07,0.6717334455916322,-7.315340412222609e-05,-0.0003903668678852945,0.2,0.0,0.0,0.0,0.0,2.962962962962963,2.962962962962963,8.595569833680372e-06,5.48027508617821e-06,2.7150129796739524,2.6877356595880495,-0.0009649222074894583,0.00041073702120658347
X+,7.0,4.6,25.229040541002178,0.0,0.6870130744304791,8.90297163776213e-05,0.0004107041631376898,0.1567444172078028,0.00029432567807372614,-0.0007785059378216517,0.6885493283698282,2.208804793195806e-06,-2.5493171218081703e-06,0.17063749440103004,1.0384762033110037e-06,8.78338921270485e-07,0.6717334455916322,-7.315340412222609e-05,-0.0003903668678852945,0.2,0.0,0.0,0.0,0.0,2.962962962962963,2.962962962962963,8.595569833680372e-06,5.48027508617821e-06,2.7150129796739524,2.6877356595880495,-0.0009649222074894583,0.00041073702120658347
X+,7.0,4.6,25.256892551002238,0.0,0.6870130744304791,8.90297163776213e-05,0.0004107041631376898,0.1567444172078028,0.00029432567807372614,-0.0007785059378216517,0.6885493283698282,2.208804793195806e-06,-2.5493171218081703e-06,0.17063749440103004,1.0384762033110037e-06,8.78338921270485e-07,0.6717334455916322,-7.315340412222609e-05,-0.0003903668678852945,0.2,0.0,0.0,0.0,0.0,2.962962962962963,2.962962962962963,8.595569833680372e-06,5.48027508617821e-06,2.7150129796739524,2.6877356595880495,-0.0009649222074894583,0.00041073702120658347
X+,7.0,4.6,25.282023181000113,0.0,0.6870130744304791,8.90297163776213e-05,0.0004107041631376898,0.1567444172078028,0.00029432567807372614,-0.0007785059378216517,0.6885493283698282,2.208804793195806e-06,-2.5493171218081703e-06,0.17063749440103004,1.0384762033110037e-06,8.78338921270485e-07,0.6717334455916322,-7.315340412222609e-05,-0.0003903668678852945,0.2,0.0,0.0,0.0,0.0,2.962962962962963,2.962962962962963,8.595569833680372e-06,5.48027508617821e-06,2.7150129796739524,2.6877356595880495,-0.0009649222074894583,0.00041073702120658347
X+,7.0,4.6,25.309192401000473,0.0,0.6870130744304791,8.90297163776213e-05,0.0004107041631376898,0.1567444172078028,0.00029432567807372614,-0.0007785059378216517,0.6885493283698282,2.208804793195806e-06,-2.5493171218081703e-06,0.17063749440103004,1.0384762033110037e-06,8.78338921270485e-07,0.6717334455916322,-7.315340412222609e-05,-0.0003903668678852945,0.2,0.0,0.0,0.0,0.0,2.962962962962963,2.962962962962963,8.595569833680372e-06,5.48027508617821e-06,2.7150129796739524,2.6877356595880495,-0.0009649222074894583,0.00041073702120658347
X+,7.0,4.6,25.334844477001752,0.0,0.6870130744304791,8.90297163776213e-05,0.0004107041631376898,0.1567444172078028,0.00029432567807372614,-0.0007785059378216517,0.6885493283698282,2.208804793195806e-06,-2.5493171218081703e-06,0.17063749440103004,1.0384762033110037e-06,8.78338921270485e-07,0.6717334455916322,-7.315340412222609e-05,-0.0003903668678852945,0.2,0.0,0.0,0.0,0.0,2.962962962962963,2.962962962962963,8.595569833680372e-06,5.48027508617821e-06,2.7150129796739524,2.6877356595880495,-0.0009649222074894583,0.00041073702120658347
X+,7.0,4.6,25.36164588000247,0.0,0.6870130744304791,8.90297163776213e-05,0.0004107041631376898,0.1567444172078028,0.00029432567807372614,-0.0007785059378216517,0.6885493283698282,2.208804793195806e-06,-2.5493171218081703e-06,0.17063749440103004,1.0384762033110037e-06,8.78338921270485e-07,0.6717334455916322,-7.315340412222609e-05,-0.0003903668678852945,0.2,0.0,0.0,0.0,0.0,2.962962962962963,2.962962962962963,8.595569833680372e-06,5.48027508617821e-06,2.7150129796739524,2.6877356595880495,-0.0009649222074894583,0.00041073702120658347
X+,7.0,4.6,25.388885981003114,0.0,0.6870130744304791,8.90297163776213e-05,0.0004107041631376898,0.1567444172078028,0.00029432567807372614,-0.0007785059378216517,0.6885493283698282,2.208804793195806e-06,-2.5493171218081703e-06,0.17063749440103004,1.0384762033110037e-06,8.78338921270485e-07,0.6717334455916322,-7.315340412222609e-05,-0.0003903668678852945,0.2,0.0,0.0,0.0,0.0,2.962962962962963,2.962962962962963,8.595569833680372e-06,5.48027508617821e-06,2.7150129796739524,2.6877356595880495,-0.0009649222074894583,0.00041073702120658347
X+,7.0,4.6,25.42045575800148,0.0,0.6870130744304791,8.90297163776213e-05,0.0004107041631376898,0.1567444172078028,0.00029432567807372614,-0.0007785059378216517,0.6885493283698282,2.208804793195806e-06,-2.5493171218081703e-06,0.17063749440103004,1.0384762033110037e-06,8.78338921270485e-07,0.6717334455916322,-7.315340412222609e-05,-0.0003903668678852945,0.2,0.0,0.0,0.0,0.0,2.962962962962963,2.962962962962963,8.595569833680372e-06,5.48027508617821e-06,2.7150129796739524,2.6877356595880495,-0.0009649222074894583,0.00041073702120658347
X+,7.0,4.6,25.446965734001424,0.0,0.6870130744304791,8.90297163776213e-05,0.0004107041631376898,0.1567444172078028,0.00029432567807372614,-0.0007785059378216517,0.6885493283698282,2.208804793195806e-06,-2.5493171218081703e-06,0.17063749440103004,1.0384762033110037e-06,8.78338921270485e-07,0.6717334455916322,-7.315340412222609e-05,-0.0003903668678852945,0.2,0.0,0.0,0.0,0.0,2.962962962962963,2.962962962962963,8.595569833680372e-06,5.48027508617821e-06,2.7150129796739524,2.6877356595880495,-0.0009649222074894583,0.00041073702120658347
X+,7.0,4.6,25.473365592002665,0.0,0.6870130744304791,8.90297163776213e-05,0.0004107041631376898,0.1567444172078028,0.00029432567807372614,-0.0007785059378216517,0.6885493283698282,2.208804793195806e-06,-2.5493171218081703e-06,0.17063749440103004,1.0384762033110037e-06,8.78338921270485e-07,0.6717334455916322,-7.315340412222609e-05,-0.0003903668678852945,0.2,0.0,0.0,0.0,0.0,2.962962962962963,2.962962962962963,8.595569833680372e-06,5.48027508617821e-06,2.7150129796739524,2.6877356595880495,-0.0009649222074894583,0.00041073702120658347
X+,7.0,4.6,25.49971631200242,0.0,0.6870130744304791,8.90297163776213e-05,0.0004107041631376898,0.1567444172078028,0.00029432567807372614,-0.0007785059378216517,0.6885493283698282,2.208804793195806e-06,-2.5493171218081703e-06,0.17063749440103004,1.0384762033110037e-06,8.78338921270485e-07,0.6717334455916322,-7.315340412222609e-05,-0.0003903668678852945,0.2,0.0,0.0,0.0,0.0,2.962962962962963,2.962962962962963,8.595569833680372e-06,5.48027508617821e-06,2.7150129796739524,2.6877356595880495,-0.0009649222074894583,0.00041073702120658347
X+,7.0,4.6,25.532884779000597,0.0,0.6870130744304791,8.90297163776213e-05,0.0004107041631376898,0.1567444172078028,0.00029432567807372614,-0.0007785059378216517,0.6885493283698282,2.208804793195806e-06,-2.5493171218081703e-06,0.17063749440103004,1.0384762033110037e-06,8.78338921270485e-07,0.6717334455916322,-7.315340412222609e-05,-0.0003903668678852945,0.2,0.0,0.0,0.0,0.0,2.962962962962963,2.962962962962963,8.595569833680372e-06,5.48027508617821e-06,2.7150129796739524,2.6877356595880495,-0.0009649222074894583,0.00041073702120658347
X+,7.0,4.6,25.561610192002263,0.0,0.6881104419834391,8.923334892306338e-05,0.00041063694683428294,0.1561856943186546,0.00029339840461715174,-0.0007692265169549331,0.6885493283698282,2.208804793195806e-06,-2.5493171218081703e-06,0.17063749440103004,1.0384762033110037e-06,8.78338921270485e-07,0.6717334455916322,-7.315340412222609e-05,-0.0003903668678852945,0.2,0.0,0.0,0.0,0.0,2.962962962962963,2.962962962962963,8.595569833680372e-06,5.48027508617821e-06,2.7150129796739524,2.6877356595880495,-0.0009649222074894583,0.00041073702120658347
X+,7.0,4.6,25.59478717100137,0.0,0.6907588734322931,8.969494841593734e-05,0.00041054698378226314,0.15476143206063364,0.0002912538844470949,-0.0007427551648050345,0.6885493283698282,2.208804793195806e-06,-2.5493171218081703e-06,0.17063749440103004,1.0384762033110037e-06,8.78338921270485e-07,0.6717334455916322,-7.315340412222609e-05,-0.0003903668678852945,0.2,0.0,0.0,0.0,0.0,2.962962962962963,2.962962962962963,9.04848873606312e-06,6.45864426029874e-06,2.7308003347025984,2.7012635723589997,-2.5233061252154547e-05,0.0004105620847389676
X+,7.0,4.6,25.63635448900095,0.0,0.6935359106212324,9.013870601075509e-05,0.0004105887638463847,0.1531355277862563,0.0002895509789194217,-0.0007078948088725063,0.6885493283698282,2.208804793195806e-06,-2.5493171218081703e-06,0.17063749440103004,1.0384762033110037e-06,8.78338921270485e-07,0.6717334455916322,-7.315340412222609e-05,-0.0003903668678852945,0.2,0.0,0.0,0.0,0.0,2.962962962962963,2.962962962962963,9.462577212460133e-06,7.571496158931268e-06,2.7495776100483926,2.717610057918537,0.0008462124117385311,0.0004105703728163397
X+,7.0,4.6,25.667135376999795,0.0,0.6944549921205861,9.027740995235563e-05,0.0004106410034474667,0.15256315111096364,0.00028913461087056553,-0.0006943169749122956,0.6885493283698282,2.208804793195806e-06,-2.5493171218081703e-06,0.17063749440103004,1.0384762033110037e-06,8.78338921270485e-07,0.6717334455916322,-7.315340412222609e-05,-0.0003903668678852945,0.2,0.0,0.0,0.0,0.0,2.962962962962963,2.962962962962963,9.462577212460133e-06,7.571496158931268e-06,2.7495776100483926,2.717610057918537,0.0008462124117385311,0.0004105703728163397
X+,7.0,4.6,25.691160280002805,0.0,0.6959790676135024,9.049912931319033e-05,0.0004107788024401655,0.1515718103596629,0.00028865059374912647,-0.0006691417578817061,0.6885493283698282,2.208804793195806e-06,-2.5493171218081703e-06,0.17063749440103004,1.0384762033110037e-06,8.78338921270485e-07,0.6717334455916322,-7.315340412222609e-05,-0.0003903668678852945,0.2,0.0,0.0,0.0,0.0,2.962962962962963,2.962962962962963,9.833623935584512e-06,8.848865607369305e-06,2.7720403391308874,2.737378735036411,-0.00015394821172903838,0.00041065206808445237
X+,7.0,4.6,25.723514345001604,0.0,0.6983964157155784,9.083634752553131e-05,0.0004111360171971672,0.14987905661016118,0.0002883073610695521,-0.0006195217958659728,0.7060968281206438,2.328040499223267e-06,-2.5170840657325807e-06,0.17547499750454626,1.6396984758670405e-06,3.2233056075589694e-07,0.7034454261817878,-8.222556348880455e-05,-0.00031231060316594395,0.2,0.0,0.0,0.0,0.0,2.962962962962963,2.962962962962963,1.0003343586362234e-05,9.557130259629787e-06,2.784921385996249,2.748743338404021,-0.0036905940827550287,0.00041100674171025214
X+,7.1000000000000005,4.7,25.757786902002408,0.10000000000000053,0.7009341379892372,9.11916284741486e-05,0.0004117187564230455,0.14792116300279423,0.0002875037695147973,-0.0005365391178057114,0.7060968281206438,2.328040499223267e-06,-2.5170840657325807e-06,0.17547499750454626,1.6396984758670405e-06,3.2233056075589694e-07,0.7034454261817878,-8.222556348880455e-05,-0.00031231060316594395,0.2,0.0,0.0,0.0,0.0,2.962962962962963,2.962962962962963,1.03199289416267e-05,1.1127549988110275e-05,2.8146773376137584,2.774934624672888,0.0006707828965962241,0.00041167480317709135
X+,7.1000000000000005,4.7,25.78937186300027,0.0,0.7028516001475308,9.147031022857088e-05,0.0004123677197503249,0.14629592952836667,0.0002855377111459609,-0.00045587550787143285,0.7060968281206438,2.328040499223267e-06,-2.5170840657325807e-06,0.17547499750454626,1.6396984758670405e-06,3.2233056075589694e-07,0.7034454261817878,-8.222556348880455e-05,-0.00031231060316594395,0.2,0.0,0.0,0.0,0.0,2.962962962962963,2.962962962962963,1.046638998492e-05,1.1998818949088275e-05,2.831839752819744,2.7902174779056614,-0.002494286866783436,0.00041215547916810123
X+,7.1000000000000005,4.7,25.814985559001798,0.0,0.7028516001475308,9.147031022857088e-05,0.0004123677197503249,0.14629592952836667,0.0002855377111459609,-0.00045587550787143285,0.7060968281206438,2.328040499223267e-06,-2.5170840657325807e-06,0.17547499750454626,1.6396984758670405e-06,3.2233056075589694e-07,0.7034454261817878,-8.222556348880455e-05,-0.00031231060316594395,0.2,0.0,0.0,0.0,0.0,2.962962962962963,2.962962962962963,1.046638998492e-05,1.1998818949088275e-05,2.831839752819744,2.7902174779056614,-0.002494286866783436,0.00041215547916810123
X+,7.1000000000000005,4.7,25.851498325002467,0.0,0.7028516001475308,9.147031022857088e-05,0.0004123677197503249,0.14629592952836667,0.0002855377111459609,-0.00045587550787143285,0.7060968281206438,2.328040499223267e-06,-2.5170840657325807e-06,0.17547499750454626,1.6396984758670405e-06,3.2233056075589694e-07,0.7034454261817878,-8.222556348880455e-05,-0.00031231060316594395,0.2,0.0,0.0,0.0,0.0,2.962962962962963,2.962962962962963,1.046638998492e-05,1.1998818949088275e-05,2.831839752819744,2.7902174779056614,-0.002494286866783436,0.00041215547916810123
X+,7.1000000000000005,4.7,25.877308675000677,0.0,0.7028516001475308,9.147031022857088e-05,0.0004123677197503249,0.14629592952836667,0.0002855377111459609,-0.00045587550787143285,0.7060968281206438,2.328040499223267e-06,-2.5170840657325807e-06,0.17547499750454626,1.6396984758670405e-06,3.2233056075589694e-07,0.7034454261817878,-8.222556348880455e-05,-0.00031231060316594395,0.2,0.0,0.0,0.0,0.0,2.962962962962963,2.962962962962963,1.046638998492e-05,1.1998818949088275e-05,2.831839752819744,2.7902174779056614,-0.002494286866783436,0.00041215547916810123
X+,7.1000000000000005,4.7,25.902578512002947,0.0,0.7028516001475308,9.147031022857088e-05,0.0004123677197503249,0.14629592952836667,0.0002855377111459609,-0.00045587550787143285,0.7060968281206438,2.328040499223267e-06,-2.5170840657325807e-06,0.17547499750454626,1.6396984758670405e-06,3.2233056075589694e-07,0.7034454261817878,-8.222556348880455e-05,-0.00031231060316594395,0.2,0.0,0.0,0.0,0.0,2.962962962962963,2.962962962962963,1.046638998492e-05,1.1998818949088275e-05,2.831839752819744,2.7902174779056614,-0.002494286866783436,0.00041215547916810123
X+,7.1000000000000005,4.7,25.93250387900116,0.0,0.7028516001475308,9.147031022857088e-05,0.0004123677197503249,0.14629592952836667,0.0002855377111459609,-0.00045587550787143285,0.7060968281206438,2.328040499223267e-06,-2.5170840657325807e-06,0.17547499750454626,1.6396984758670405e-06,3.2233056075589694e-07,0.7034454261817878,-8.222556348880455e-05,-0.00031231060316594395,0.2,0.0,0.0,0.0,0.0,2.962962962962963,2.962962962962963,1.046638998492e-05,1.1998818949088275e-05,2.831839752819744,2.7902174779056614,-0.002494286866783436,0.00041215547916810123
X+,7.1000000000000005,4.7,25.960954818001483,0.0,0.7028516001475308,9.147031022857088e-05,0.0004123677197503249,0.14629592952836667,0.0002855377111459609,-0.00045587550787143285,0.7060968281206438,2.328040499223267e-06,-2.5170840657325807e-06,0.17547499750454626,1.6396984758670405e-06,3.2233056075589694e-07,0.7034454261817878,-8.222556348880455e-05,-0.00031231060316594395,0.2,0.0,0.0,0.0,0.0,2.962962962962963,2.962962962962963,1.046638998492e-05,1.1998818949088275e-05,2.831839752819744,2.7902174779056614,-0.002494286866783436,0.00041215547916810123
X+,7.1000000000000005,4.7,25.997125249999954,0.0,0.7028516001475308,9.147031022857088e-05,0.0004123677197503249,0.14629592952836667,0.0002855377111459609,-0.00045587550787143285,0.7060968281206438,2.328040499223267e-06,-2.5170840657325807e-06,0.17547499750454626,1.6396984758670405e-06,3.2233056075589694e-07,0.7034454261817878,-8.222556348880455e-05,-0.00031231060316594395,0.2,0.0,0.0,0.0,0.0,2.962962962962963,2.962962962962963,1.046638998492e-05,1.1998818949088275e-05,2.831839752819744,2.7902174779056614,-0.002494286866783436,0.00041215547916810123
X+,7.1000000000000005,4.7,26.03459166399989,0.0,0.7028516001475308,9.147031022857088e-05,0.0004123677197503249,0.14629592952836667,0.0002855377111459609,-0.00045587550787143285,0.7060968281206438,2.328040499223267e-06,-2.5170840657325807e-06,0.17547499750454626,1.6396984758670405e-06,3.2233056075589694e-07,0.7034454261817878,-8.222556348880455e-05,-0.00031231060316594395,0.2,0.0,0.0,0.0,0.0,2.962962962962963,2.962962962962963,1.046638998492e-05,1.1998818949088275e-05,2.831839752819744,2.7902174779056614,-0.002494286866783436,0.00041215547916810123
X+,7.1000000000000005,4.7,26.070301100000506,0.0,0.7028516001475308,9.147031022857088e-05,0.0004123677197503249,0.14629592952836667,0.0002855377111459609,-0.00045587550787143285,0.7060968281206438,2.328040499223267e-06,-2.5170840657325807e-06,0.17547499750454626,1.6396984758670405e-06,3.2233056075589694e-07,0.7034454261817878,-8.222556348880455e-05,-0.00031231060316594395,0.2,0.0,0.0,0.0,0.0,2.962962962962963,2.962962962962963,1.046638998492e-05,1.1998818949088275e-05,2.831839752819744,2.7902174779056614,-0.002494286866783436,0.00041215547916810123
X+,7.1000000000000005,4.7,26.102786172003107,0.0,0.7028516001475308,9.147031022857088e-05,0.0004123677197503249,0.14629592952836667,0.0002855377111459609,-0.00045587550787143285,0.7060968281206438,2.328040499223267e-06,-2.5170840657325807e-06,0.17547499750454626,1.6396984758670405e-06,3.2233056075589694e-07,0.7034454261817878,-8.222556348880455e-05,-0.00031231060316594395,0.2,0.0,0.0,0.0,0.0,2.962962962962963,2.962962962962963,1.046638998492e-05,1.1998818949088275e-05,2.831839752819744,2.7902174779056614,-0.002494286866783436,0.00041215547916810123
X+,7.1000000000000005,4.7,26.129081795003003,0.0,0.7028516001475308,9.147031022857088e-05,0.0004123677197503249,0.14629592952836667,0.0002855377111459609,-0.00045587550787143285,0.7060968281206438,2.328040499223267e-06,-2.5170840657325807e-06,0.17547499750454626,1.6396984758670405e-06,3.2233056075589694e-07,0.7034454261817878,-8.222556348880455e-05,-0.00031231060316594395,0.2,0.0,0.0,0.0,0.0,2.962962962962963,2.962962962962963,1.046638998492e-05,1.1998818949088275e-05,2.831839752819744,2.7902174779056614,-0.002494286866783436,0.00041215547916810123
X+,7.1000000000000005,4.7,26.15544339900225,0.0,0.7028516001475308,9.147031022857088e-05,0.0004123677197503249,0.14629592952836667,0.0002855377111459609,-0.00045587550787143285,0.7060968281206438,2.328040499223267e-06,-2.5170840657325807e-06,0.17547499750454626,1.6396984758670405e-06,3.2233056075589694e-07,0.7034454261817878,-8.222556348880455e-05,-0.00031231060316594395,0.2,0.0,0.0,0.0,0.0,2.962962962962963,2.962962962962963,1.046638998492e-05,1.1998818949088275e-05,2.831839752819744,2.7902174779056614,-0.002494286866783436,0.00041215547916810123
X+,7.1000000000000005,4.7,26.192083358000673,0.0,0.7048922016103343,9.178502255448393e-05,0.00041318695870618856,0.1444032238194286,0.00028037172130678103,-0.00034358585899084616,0.7060968281206438,2.328040499223267e-06,-2.5170840657325807e-06,0.17547499750454626,1.6396984758670405e-06,3.2233056075589694e-07,0.7034454261817878,-8.222556348880455e-05,-0.00031231060316594395,0.2,0.0,0.0,0.0,0.0,2.962962962962963,2.962962962962963,1.060786579110129e-05,1.2932192851700108e-05,2.850708658728187,2.8071629108501637,0.0021499016652524443,0.00041270389417592286
X+,7.1000000000000005,4.7,26.21890006400281,0.0,0.7074752564583744,9.223253025308735e-05,0.00041446854831302446,0.1417215545239587,0.0002657506889482273,-0.00014963438579447606,0.7060968281206438,2.328040499223267e-06,-2.5170840657325807e-06,0.17547499750454626,1.6396984758670405e-06,3.2233056075589694e-07,0.7034454261817878,-8.222556348880455e-05,-0.00031231060316594395,0.2,0.0,0.0,0.0,0.0,2.962962962962963,2.962962962962963,1.0900089669974022e-05,1.4963142170643096e-05,2.894045858941485,2.846670395948258,0.00010869731879909158,0.00041409716586180963
X+,7.1000000000000005,4.7,26.248763253002835,0.0,0.7102857379094548,9.283034967171554e-05,0.00041581965659405435,0.1383678376930931,0.0002277307492376524,0.00021875014333178658,0.7060968281206438,2.328040499223267e-06,-2.5170840657325807e-06,0.17547499750454626,1.6396984758670405e-06,3.2233056075589694e-07,0.7034454261817878,-8.222556348880455e-05,-0.00031231060316594395,0.2,0.0,0.0,0.0,0.0,2.962962962962963,2.962962962962963,1.1291553948744593e-05,1.7431606516460363e-05,2.944957622060941,2.8939683550594366,0.0025228158254560393,0.000415495366151648
X+,7.1000000000000005,4.7,26.275542600000335,0.0,0.7119386736100797,9.320383075458755e-05,0.0004165862832723213,0.13615193130264797,0.00022967048097906166,0.00037648743852203954,0.7060968281206438,2.328040499223267e-06,-2.5170840657325807e-06,0.17547499750454626,1.6396984758670405e-06,3.2233056075589694e-07,0.7034454261817878,-8.222556348880452e-05,-0.0003123106031659439,0.2,0.0,0.0,0.0,0.0,2.962962962962963,2.962962962962963,1.1663336225709031e-05,2.0102340323013834e-05,3.0016598880913956,2.946994541274455,0.0005747654393127087,0.00041619649437062264
X+,7.2,4.8,26.30596278500161,0.09999999999999964,0.7151610472769085,9.405631112677313e-05,0.00041829260750898015,0.13128015180884742,0.00026285545235786193,0.0006261388467667169,0.724866247103802,2.563833918237601e-06,-2.735967247785609e-06,0.18769418982505215,2.830376244591033e-06,-2.1888318205302853e-06,0.7236335223679501,-9.498067649414075e-05,-0.0005626651385259863,0.2,0.0,0.0,0.0,0.0,2.962962962962963,2.962962962962963,1.1900957072263907e-05,2.281243500235064e-05,3.0573520958471927,2.9980014387503093,-0.0014121404983614408,0.0004176585731378694
X+,7.2,4.8,26.33409086699976,0.0,0.7162086408682493,9.439145744211033e-05,0.0004188883527440292,0.12955037709491185,0.000279202987135308,0.0007015377147380602,0.724866247103802,2.563833918237601e-06,-2.735967247785609e-06,0.18769418982505215,2.830376244591033e-06,-2.1888318205302853e-06,0.7236335223679501,-9.498067649414075e-05,-0.0005626651385259863,0.2,0.0,0.0,0.0,0.0,2.962962962962963,2.962962962962963,1.2117698581448622e-05,2.4318562215519535e-05,3.080555886825334,3.0175188427575415,0.0034958610876842555,0.000418357192590215
X+,7.2,4.8,26.36059342000226,0.0,0.7162086408682493,9.439145744211033e-05,0.0004188883527440292,0.12955037709491185,0.000279202987135308,0.0007015377147380602,0.724866247103802,2.563833918237601e-06,-2.735967247785609e-06,0.18769418982505215,2.830376244591033e-06,-2.1888318205302853e-06,0.7236335223679501,-9.498067649414075e-05,-0.0005626651385259863,0.2,0.0,0.0,0.0,0.0,2.962962962962963,2.962962962962963,1.2117698581448622e-05,2.4318562215519535e-05,3.080555886825334,3.0175188427575415,0.0034958610876842555,0.000418357192590215
X+,7.2,4.8,26.38445716700153,0.0,0.7162086408682493,9.439145744211033e-05,0.0004188883527440292,0.12955037709491185,0.000279202987135308,0.0007015377147380602,0.724866247103802,2.563833918237601e-06,-2.735967247785609e-06,0.18769418982505215,2.830376244591033e-06,-2.1888318205302853e-06,0.7236335223679501,-9.498067649414075e-05,-0.0005626651385259863,0.2,0.0,0.0,0.0,0.0,2.962962962962963,2.962962962962963,1.2117698581448622e-05,2.4318562215519535e-05,3.080555886825334,3.0175188427575415,0.0034958610876842555,0.000418357192590215
X+,7.2,4.8,26.416158754000207,0.0,0.7162086408682493,9.439145744211033e-05,0.0004188883527440292,0.12955037709491185,0.000279202987135308,0.0007015377147380602,0.724866247103802,2.563833918237601e-06,-2.735967247785609e-06,0.18769418982505215,2.830376244591033e-06,-2.1888318205302853e-06,0.7236335223679501,-9.498067649414075e-05,-0.0005626651385259863,0.2,0.0,0.0,0.0,0.0,2.962962962962963,2.962962962962963,1.2117698581448622e-05,2.4318562215519535e-05,3.080555886825334,3.0175188427575415,0.0034958610876842555,0.000418357192590215
X+,7.2,4.8,26.45165857000029,0.0,0.7162086408682493,9.439145744211033e-05,0.0004188883527440292,0.12955037709491185,0.000279202987135308,0.0007015377147380602,0.724866247103802,2.563833918237601e-06,-2.735967247785609e-06,0.18769418982505215,2.830376244591033e-06,-2.1888318205302853e-06,0.7236335223679501,-9.498067649414075e-05,-0.0005626651385259863,0.2,0.0,0.0,0.0,0.0,2.962962962962963,2.962962962962963,1.2117698581448622e-05,2.4318562215519535e-05,3.080555886825334,3.0175188427575415,0.0034958610876842555,0.000418357192590215
X+,7.2,4.8,26.485148627001763,0.0,0.7162086408682493,9.439145744211033e-05,0.0004188883527440292,0.12955037709491185,0.000279202987135308,0.0007015377147380602,0.724866247103802,2.563833918237601e-06,-2.735967247785609e-06,0.18769418982505215,2.830376244591033e-06,-2.1888318205302853e-06,0.7236335223679501,-9.498067649414075e-05,-0.0005626651385259863,0.2,0.0,0.0,0.0,0.0,2.962962962962963,2.962962962962963,1.2117698581448622e-05,2.4318562215519535e-05,3.080555886825334,3.0175188427575415,0.0034958610876842555,0.000418357192590215
X+,7.2,4.8,26.50954474000173,0.0,0.7162086408682493,9.439145744211033e-05,0.0004188883527440292,0.12955037709491185,0.000279202987135308,0.0007015377147380602,0.724866247103802,2.563833918237601e-06,-2.735967247785609e-06,0.18769418982505215,2.830376244591033e-06,-2.1888318205302853e-06,0.7236335223679501,-9.498067649414075e-05,-0.0005626651385259863,0.2,0.0,0.0,0.0,0.0,2.962962962962963,2.962962962962963,1.2117698581448622e-05,2.4318562215519535e-05,3.080555886825334,3.0175188427575415,0.0034958610876842555,0.000418357192590215
X+,7.2,4.8,26.539539376000903,0.0,0.7162086408682493,9.439145744211033e-05,0.0004188883527440292,0.12955037709491185,0.000279202987135308,0.0007015377147380602,0.724866247103802,2.563833918237601e-06,-2.735967247785609e-06,0.18769418982505215,2.830376244591033e-06,-2.1888318205302853e-06,0.7236335223679501,-9.498067649414075e-05,-0.0005626651385259863,0.2,0.0,0.0,0.0,0.0,2.962962962962963,2.962962962962963,1.2117698581448622e-05,2.4318562215519535e-05,3.080555886825334,3.0175188427575415,0.0034958610876842555,0.000418357192590215
X+,7.2,4.8,26.57410032700136,0.0,0.7162086408682493,9.439145744211033e-05,0.0004188883527440292,0.12955037709491185,0.000279202987135308,0.0007015377147380602,0.724866247103802,2.563833918237601e-06,-2.735967247785609e-06,0.18769418982505215,2.830376244591033e-06,-2.1888318205302853e-06,0.7236335223679501,-9.498067649414075e-05,-0.0005626651385259863,0.2,0.0,0.0,0.0,0.0,2.962962962962963,2.962962962962963,1.2117698581448622e-05,2.4318562215519535e-05,3.080555886825334,3.0175188427575415,0.0034958610876842555,0.000418357192590215
X+,7.2,4.8,26.603445124001155,0.0,0.7162086408682493,9.439145744211033e-05,0.0004188883527440292,0.12955037709491185,0.000279202987135308,0.0007015377147380602,0.724866247103802,2.563833918237601e-06,-2.735967247785609e-06,0.18769418982505215,2.830376244591033e-06,-2.1888318205302853e-06,0.7236335223679501,-9.498067649414075e-05,-0.0005626651385259863,0.2,0.0,0.0,0.0,0.0,2.962962962962963,2.962962962962963,1.2117698581448622e-05,2.4318562215519535e-05,3.080555886825334,3.0175188427575415,0.0034958610876842555,0.000418357192590215
X+,7.2,4.8,26.632246494002175,0.0,0.7162086408682493,9.439145744211033e-05,0.0004188883527440292,0.12955037709491185,0.000279202987135308,0.0007015377147380602,0.724866247103802,2.563833918237601e-06,-2.735967247785609e-06,0.18769418982505215,2.830376244591033e-06,-2.1888318205302853e-06,0.7236335223679501,-9.498067649414075e-05,-0.0005626651385259863,0.2,0.0,0.0,0.0,0.0,2.962962962962963,2.962962962962963,1.2117698581448622e-05,2.4318562215519535e-05,3.080555886825334,3.0175188427575415,0.0034958610876842555,0.000418357192590215
X+,7.2,4.8,26.66179511300288,0.0,0.7172423452849465,9.469762664799514e-05,0.00041957699286302385,0.12778940506987582,0.000287324055542732,0.0008203592802393387,0.724866247103802,2.563833918237601e-06,-2.735967247785609e-06,0.18769418982505215,2.830376244591033e-06,-2.1888318205302853e-06,0.7236335223679501,-9.498067649414075e-05,-0.0005626651385259863,0.2,0.0,0.0,0.0,0.0,2.962962962962963,2.962962962962963,1.220226976617056e-05,2.5576172030916666e-05,3.097869924591272,3.030562734067093,-0.003005952211307919,0.00041933337421606295
X+,7.2,4.8,26.69350110400046,0.0,0.7193921567534047,9.539704188108594e-05,0.00042096524256270075,0.1240372959055768,0.0003177759646426335,0.000994131244048051,0.724866247103802,2.563833918237601e-06,-2.735967247785609e-06,0.18769418982505215,2.830376244591033e-06,-2.1888318205302853e-06,0.7236335223679501,-9.498067649414075e-05,-0.0005626651385259863,0.2,0.0,0.0,0.0,0.0,2.962962962962963,2.962962962962963,1.2359643816850507e-05,2.6754409333307194e-05,3.106657148198036,3.0330818690050014,0.0013284629134272979,0.00042096524256270075
X+,7.2,4.8,26.721926812002494,0.0,0.721720850889036,9.552684925813112e-05,0.00042089194273222785,0.12007567652131092,0.00031793230268988714,0.0010987050817011866,0.724866247103802,2.563833918237601e-06,-2.735967247785609e-06,0.18769418982505215,2.830376244591033e-06,-2.1888318205302853e-06,0.7236335223679501,-9.498067649414075e-05,-0.0005626651385259863,0.2,0.0,0.0,0.0,0.0,2.962962962962963,2.962962962962963,1.264537401635124e-05,2.7747260162414022e-05,3.0891272670082834,2.999703004786036,0.005309225927081128,0.00042126031093074265
X+,7.2,4.8,26.75124569699983,0.0,0.723626067744273,9.556125782024354e-05,0.0004201069483552861,0.11718654297226817,0.00037891759589459527,0.0012988659944442734,0.724866247103802,2.563833918237601e-06,-2.735967247785609e-06,0.18769418982505215,2.830376244591033e-06,-2.1888318205302853e-06,0.7236335223679501,-9.498067649414075e-05,-0.0005626651385259863,0.2,0.0,0.0,0.0,0.0,2.962962962962963,2.962962962962963,1.2079267699860452e-05,2.499867862670868e-05,3.0164031568017804,2.91224181053104,0.0006903216385711535,0.00042030768047723
X+,7.2,4.8,26.78574317800303,0.0,0.7254879042813328,9.404547756751772e-05,0.0004197318338464573,0.11485098269191353,0.00025850555203907945,0.0011080830145226322,0.743748981322039,2.8600948464117835e-06,-3.122001619527164e-06,0.18882734217355862,3.479234705427464e-06,-3.86034371741555e-06,0.7255077214553007,-9.596639239157318e-05,-0.00038307210017896065,0.2,0.0,0.0,0.0,0.0,2.962962962962963,2.962962962962963,1.0723042954907669e-05,2.0212743353731355e-05,2.9580049543546707,2.8527355786958553,-0.0026381884763180216,0.00041994828465829326
X+,7.300000000000001,4.9,26.80907482800103,0.10000000000000053,0.7273143243662883,9.444833818895906e-05,0.0004227708627663913,0.11326354486984523,0.00040759903159623715,0.0007455566902541911,0.743748981322039,2.8600948464117835e-06,-3.122001619527164e-06,0.18882734217355862,3.479234705427464e-06,-3.86034371741555e-06,0.7255077214553007,-9.596639239157318e-05,-0.00038307210017896065,0.2,0.0,0.0,0.0,0.0,2.962962962962963,2.962962962962963,3.004584734789262e-06,-1.4836105095561436e-05,2.796405734315627,2.7014864223967012,-0.00186694027755778,0.0004220975832693824
X+,7.300000000000001,4.9,26.844882091001637,0.0,0.7284438494479456,9.414256695229953e-05,0.00042353601611800766,0.11276332194308314,5.08158654255278e-05,8.549851276477786e-05,0.743748981322039,2.8600948464117835e-06,-3.122001619527164e-06,0.18882734217355862,3.479234705427464e-06,-3.86034371741555e-06,0.7255077214553007,-9.596639239157318e-05,-0.00038307210017896065,0.2,0.0,0.0,0.0,0.0,2.962962962962963,2.962962962962963,3.961761534831965e-06,-1.5634061277580713e-05,2.685224393791291,2.5882409977170857,-0.0015544598757176835,0.0004232106781897921
X+,7.300000000000001,4.9,26.878780521001318,0.0,0.7284438494479456,9.414256695229953e-05,0.00042353601611800766,0.11276332194308314,5.08158654255278e-05,8.549851276477786e-05,0.743748981322039,2.8600948464117835e-06,-3.122001619527164e-06,0.18882734217355862,3.479234705427464e-06,-3.86034371741555e-06,0.7255077214553007,-9.596639239157318e-05,-0.00038307210017896065,0.2,0.0,0.0,0.0,0.0,2.962962962962963,2.962962962962963,3.961761534831965e-06,-1.5634061277580713e-05,2.685224393791291,2.5882409977170857,-0.0015544598757176835,0.0004232106781897921
X+,7.300000000000001,4.9,26.905708383001183,0.0,0.7284438494479456,9.414256695229953e-05,0.00042353601611800766,0.11276332194308314,5.08158654255278e-05,8.549851276477786e-05,0.743748981322039,2.8600948464117835e-06,-3.122001619527164e-06,0.18882734217355862,3.479234705427464e-06,-3.86034371741555e-06,0.7255077214553007,-9.596639239157318e-05,-0.00038307210017896065,0.2,0.0,0.0,0.0,0.0,2.962962962962963,2.962962962962963,3.961761534831965e-06,-1.5634061277580713e-05,2.685224393791291,2.5882409977170857,-0.0015544598757176835,0.0004232106781897921
X+,7.300000000000001,4.9,26.9354731070016,0.0,0.7284438494479456,9.414256695229953e-05,0.00042353601611800766,0.11276332194308314,5.08158654255278e-05,8.549851276477786e-05,0.743748981322039,2.8600948464117835e-06,-3.122001619527164e-06,0.18882734217355862,3.479234705427464e-06,-3.86034371741555e-06,0.7255077214553007,-9.596639239157318e-05,-0.00038307210017896065,0.2,0.0,0.0,0.0,0.0,2.962962962962963,2.962962962962963,3.961761534831965e-06,-1.5634061277580713e-05,2.685224393791291,2.5882409977170857,-0.0015544598757176835,0.0004232106781897921
X+,7.300000000000001,4.9,26.964337489000172,0.0,0.7284438494479456,9.414256695229953e-05,0.00042353601611800766,0.11276332194308314,5.08158654255278e-05,8.549851276477786e-05,0.743748981322039,2.8600948464117835e-06,-3.122001619527164e-06,0.18882734217355862,3.479234705427464e-06,-3.86034371741555e-06,0.7255077214553007,-9.596639239157318e-05,-0.00038307210017896065,0.2,0.0,0.0,0.0,0.0,2.962962962962963,2.962962962962963,3.961761534831965e-06,-1.5634061277580713e-05,2.685224393791291,2.5882409977170857,-0.0015544598757176835,0.0004232106781897921
X+,7.300000000000001,4.9,26.989989579000394,0.0,0.7284438494479456,9.414256695229953e-05,0.00042353601611800766,0.11276332194308314,5.08158654255278e-05,8.549851276477786e-05,0.743748981322039,2.8600948464117835e-06,-3.122001619527164e-06,0.18882734217355862,3.479234705427464e-06,-3.86034371741555e-06,0.7255077214553007,-9.596639239157318e-05,-0.00038307210017896065,0.2,0.0,0.0,0.0,0.0,2.962962962962963,2.962962962962963,3.961761534831965e-06,-1.5634061277580713e-05,2.685224393791291,2.5882409977170857,-0.0015544598757176835,0.0004232106781897921
X+,7.300000000000001,4.9,27.016112746001454,0.0,0.7284438494479456,9.414256695229953e-05,0.00042353601611800766,0.11276332194308314,5.08158654255278e-05,8.549851276477786e-05,0.743748981322039,2.8600948464117835e-06,-3.122001619527164e-06,0.18882734217355862,3.479234705427464e-06,-3.86034371741555e-06,0.7255077214553007,-9.596639239157318e-05,-0.00038307210017896065,0.2,0.0,0.0,0.0,0.0,2.962962962962963,2.962962962962963,3.961761534831965e-06,-1.5634061277580713e-05,2.685224393791291,2.5882409977170857,-0.0015544598757176835,0.0004232106781897921
X+,7.300000000000001,4.9,27.071721731001162,0.0,0.7284438494479456,9.414256695229953e-05,0.00042353601611800766,0.11276332194308314,5.08158654255278e-05,8.549851276477786e-05,0.743748981322039,2.8600948464117835e-06,-3.122001619527164e-06,0.18882734217355862,3.479234705427464e-06,-3.86034371741555e-06,0.7255077214553007,-9.596639239157318e-05,-0.00038307210017896065,0.2,0.0,0.0,0.0,0.0,2.962962962962963,2.962962962962963,3.961761534831965e-06,-1.5634061277580713e-05,2.685224393791291,2.5882409977170857,-0.0015544598757176835,0.0004232106781897921
X+,7.300000000000001,4.9,27.10791219300154,0.0,0.7284438494479456,9.414256695229953e-05,0.00042353601611800766,0.11276332194308314,5.08158654255278e-05,8.549851276477786e-05,0.743748981322039,2.8600948464117835e-06,-3.122001619527164e-06,0.18882734217355862,3.479234705427464e-06,-3.86034371741555e-06,0.7255077214553007,-9.596639239157318e-05,-0.00038307210017896065,0.2,0.0,0.0,0.0,0.0,2.962962962962963,2.962962962962963,3.961761534831965e-06,-1.5634061277580713e-05,2.685224393791291,2.5882409977170857,-0.0015544598757176835,0.0004232106781897921
X+,7.300000000000001,4.9,27.14495662199988,0.0,0.7284438494479456,9.414256695229953e-05,0.00042353601611800766,0.11276332194308314,5.08158654255278e-05,8.549851276477786e-05,0.743748981322039,2.8600948464117835e-06,-3.122001619527164e-06,0.18882734217355862,3.479234705427464e-06,-3.86034371741555e-06,0.7255077214553007,-9.596639239157318e-05,-0.00038307210017896065,0.2,0.0,0.0,0.0,0.0,2.962962962962963,2.962962962962963,3.961761534831965e-06,-1.5634061277580713e-05,2.685224393791291,2.5882409977170857,-0.0015544598757176835,0.0004232106781897921
X+,7.300000000000001,4.9,27.183035077003296,0.0,0.7284438494479456,9.414256695229953e-05,0.00042353601611800766,0.11276332194308314,5.08158654255278e-05,8.549851276477786e-05,0.743748981322039,2.8600948464117835e-06,-3.122001619527164e-06,0.18882734217355862,3.479234705427464e-06,-3.86034371741555e-06,0.7255077214553007,-9.596639239157318e-05,-0.00038307210017896065,0.2,0.0,0.0,0.0,0.0,2.962962962962963,2.962962962962963,3.961761534831965e-06,-1.5634061277580713e-05,2.685224393791291,2.5882409977170857,-0.0015544598757176835,0.0004232106781897921
X+,7.300000000000001,4.9,27.214113421003276,0.0,0.7284438494479456,9.414256695229953e-05,0.00042353601611800766,0.11276332194308314,5.08158654255278e-05,8.549851276477786e-05,0.743748981322039,2.8600948464117835e-06,-3.122001619527164e-06,0.18882734217355862,3.479234705427464e-06,-3.86034371741555e-06,0.7255077214553007,-9.596639239157318e-05,-0.00038307210017896065,0.2,0.0,0.0,0.0,0.0,2.962962962962963,2.962962962962963,3.961761534831965e-06,-1.5634061277580713e-05,2.685224393791291,2.5882409977170857,-0.0015544598757176835,0.0004232106781897921
X+,7.300000000000001,4.9,27.24502884800313,0.0,0.7284438494479456,9.414256695229953e-05,0.00042353601611800766,0.11276332194308314,5.08158654255278e-05,8.549851276477786e-05,0.743748981322039,2.8600948464117835e-06,-3.122001619527164e-06,0.18882734217355862,3.479234705427464e-06,-3.86034371741555e-06,0.7255077214553007,-9.596639239157318e-05,-0.00038307210017896065,0.2,0.0,0.0,0.0,0.0,2.962962962962963,2.962962962962963,3.961761534831965e-06,-1.5634061277580713e-05,2.685224393791291,2.5882409977170857,-0.0015544598757176835,0.0004232106781897921
X+,7.300000000000001,4.9,27.271475225003087,0.0,0.7284438494479456,9.414256695229953e-05,0.00042353601611800766,0.11276332194308314,5.08158654255278e-05,8.549851276477786e-05,0.743748981322039,2.8600948464117835e-06,-3.122001619527164e-06,0.18882734217355862,3.479234705427464e-06,-3.86034371741555e-06,0.7255077214553007,-9.596639239157318e-05,-0.00038307210017896065,0.2,0.0,0.0,0.0,0.0,2.962962962962963,2.962962962962963,3.961761534831965e-06,-1.5634061277580713e-05,2.685224393791291,2.5882409977170857,-0.0015544598757176835,0.0004232106781897921
X+,7.300000000000001,4.9,27.30000957700031,0.0,0.7284438494479456,9.414256695229953e-05,0.00042353601611800766,0.11276332194308314,5.08158654255278e-05,8.549851276477786e-05,0.743748981322039,2.8600948464117835e-06,-3.122001619527164e-06,0.18882734217355862,3.479234705427464e-06,-3.86034371741555e-06,0.7255077214553007,-9.596639239157318e-05,-0.00038307210017896065,0.2,0.0,0.0,0.0,0.0,2.962962962962963,2.962962962962963,3.961761534831965e-06,-1.5634061277580713e-05,2.685224393791291,2.5882409977170857,-0.0015544598757176835,0.0004232106781897921
X+,7.300000000000001,4.9,27.333890971000073,0.0,0.7284438494479456,9.414256695229953e-05,0.00042353601611800766,0.11276332194308314,5.08158654255278e-05,8.549851276477786e-05,0.743748981322039,2.8600948464117835e-06,-3.122001619527164e-06,0.18882734217355862,3.479234705427464e-06,-3.86034371741555e-06,0.7255077214553007,-9.596639239157318e-05,-0.00038307210017896065,0.2,0.0,0.0,0.0,0.0,2.962962962962963,2.962962962962963,3.961761534831965e-06,-1.5634061277580713e-05,2.685224393791291,2.5882409977170857,-0.0015544598757176835,0.0004232106781897921
X+,7.300000000000001,4.9,27.36261389900028,0.0,0.7284438494479456,9.414256695229953e-05,0.00042353601611800766,0.11276332194308314,5.08158654255278e-05,8.549851276477786e-05,0.743748981322039,2.8600948464117835e-06,-3.122001619527164e-06,0.18882734217355862,3.479234705427464e-06,-3.86034371741555e-06,0.7255077214553007,-9.596639239157318e-05,-0.00038307210017896065,0.2,0.0,0.0,0.0,0.0,2.962962962962963,2.962962962962963,3.961761534831965e-06,-1.5634061277580713e-05,2.685224393791291,2.5882409977170857,-0.0015544598757176835,0.0004232106781897921
X+,7.300000000000001,4.9,27.38854019200153,0.0,0.7284438494479456,9.414256695229953e-05,0.00042353601611800766,0.11276332194308314,5.08158654255278e-05,8.549851276477786e-05,0.743748981322039,2.8600948464117835e-06,-3.122001619527164e-06,0.18882734217355862,3.479234705427464e-06,-3.86034371741555e-06,0.7255077214553007,-9.596639239157318e-05,-0.00038307210017896065,0.2,0.0,0.0,0.0,0.0,2.962962962962963,2.962962962962963,3.961761534831965e-06,-1.5634061277580713e-05,2.685224393791291,2.5882409977170857,-0.0015544598757176835,0.0004232106781897921
X+,7.300000000000001,4.9,27.416912254000636,0.0,0.7295720071825617,9.084905454806533e-05,0.00043111209385068264,0.11290888457716265,-0.00039241795791756335,0.0017899156241274479,0.743748981322039,2.8600948464117835e-06,-3.122001619527164e-06,0.18882734217355862,3.479234705427464e-06,-3.86034371741555e-06,0.7255077214553007,-9.596639239157318e-05,-0.00038307210017896065,0.2,0.0,0.0,0.0,0.0,2.962962962962963,2.962962962962963,-3.462652968799773e-06,2.32260570331988e-06,2.557608952928211,2.4029997258211755,-0.0016273643302146046,0.0004295862133217808
X+,7.300000000000001,4.9,27.444666646002588,0.0,0.731400208456878,7.832539873144431e-05,0.0005157728008341708,0.11537109071732887,-0.00022495436110955337,0.008238005406971114,0.743748981322039,2.8600948464117835e-06,-3.122001619527164e-06,0.18882734217355862,3.479234705427464e-06,-3.86034371741555e-06,0.7255077214553007,-9.596639239157318e-05,-0.00038307210017896065,0.2,0.0,0.0,0.0,0.0,2.962962962962963,2.962962962962963,-1.5801635138146253e-06,1.1368489747809463e-05,2.373402950968398,2.1643442522197156,0.004851066734815637,0.00047143240944723576
X+,7.300000000000001,4.9,27.471311780001997,0.0,0.7326904292104012,8.196561477573274e-05,0.0005737256248645349,0.11844681308909555,0.0010342517129262436,0.003332652972462765,0.743748981322039,2.8600948464117835e-06,-3.122001619527164e-06,0.18882734217355862,3.479234705427464e-06,-3.86034371741555e-06,0.7255077214553007,-9.596639239157318e-05,-0.00038307210017896065,0.2,0.0,0.0,0.0,0.0,2.962962962962963,2.962962962962963,6.5735396574950755e-06,2.569804790031327e-05,1.975890481316032,1.7718321511154183,0.00858939586760707,0.0005438784522341795
X+,7.300000000000001,4.9,27.50287072500214,0.0,0.7343874903985421,8.606950881372751e-05,0.0005734590002600856,0.12334716605600055,0.00024866397689858843,-0.0006083437530239839,0.743748981322039,2.8600948464117835e-06,-3.122001619527164e-06,0.18882734217355862,3.479234705427464e-06,-3.86034371741555e-06,0.7255077214553007,-9.596639239157318e-05,-0.00038307210017896065,0.2,0.0,0.0,0.0,0.0,2.962962962962963,2.962962962962963,1.0079889690928212e-05,2.824390051348047e-05,1.819370434856034,1.6614862368309484,0.0008425976086580996,0.0005742487558852364
X+,7.300000000000001,4.9,27.52635848200225,0.0,0.7357717769602321,8.683296979218776e-05,0.0005672361369576137,0.12767916318595948,0.00018224271655046463,-0.00017095663182896853,0.743748981322039,2.8600948464117835e-06,-3.122001619527164e-06,0.18882734217355862,3.479234705427464e-06,-3.86034371741555e-06,0.7255077214553007,-9.596639239157318e-05,-0.00038307210017896065,0.2,0.0,0.0,0.0,0.0,2.962962962962963,2.962962962962963,1.1196042892791525e-05,2.707664479117966e-05,1.7131876206917662,1.5997378750543558,-0.0010981485345089048,0.0005681055931919633
X+,7.300000000000001,4.9,27.554516495001735,0.0,0.7369403311506104,8.721093715580944e-05,0.000564184004144138,0.13141195357552876,0.00023922962652550014,-0.00015205007614382915,0.7543006490243507,3.0262037360117106e-06,-3.3781948843955277e-06,0.10551667701741664,1.9905121325439364e-06,-2.5619326486836367e-06,0.7624794955815853,-0.00010620641298327211,-0.00017829767998778204,0.2,0.0,0.0,0.0,0.0,2.962962962962963,2.962962962962963,1.0449732415374058e-05,2.4684304001709734e-05,1.6476796012569117,1.5509919255189846,-0.0008297200514025668,0.000564184004144138
X+,7.4,5.0,27.585690193001938,0.09999999999999964,0.7391024371777585,8.88638824556344e-05,0.0005594083275859675,0.13841832652402022,0.000356790433359234,-0.00032761928340057175,0.7543006490243507,3.0262037360117106e-06,-3.3781948843955277e-06,0.10551667701741664,1.9905121325439364e-06,-2.5619326486836367e-06,0.7624794955815853,-0.00010620641298327211,-0.00017829767998778204,0.2,0.0,0.0,0.0,0.0,2.962962962962963,2.962962962962963,7.1562454486695515e-06,1.9874368284433785e-05,1.5523717008754019,1.4902538682121094,-0.0012727942516186808,0.0005616935192534208
X+,7.4,5.0,27.616777607003314,0.0,0.7403678591624445,8.999693763373125e-05,0.0005570163304657799,0.14242674253122056,0.0003657177277666776,-0.00034674487284402076,0.7543006490243507,3.0262037360117106e-06,-3.3781948843955277e-06,0.10551667701741664,1.9905121325439364e-06,-2.5619326486836367e-06,0.7624794955815853,-0.00010620641298327211,-0.00017829767998778204,0.2,0.0,0.0,0.0,0.0,2.962962962962963,2.962962962962963,-5.942356678723115e-06,1.7928770392749982e-05,1.5127159126231469,1.5432951022631674,-0.0010214286912691962,0.0005584586108869874
X+,7.4,5.0,27.644332519001182,0.0,0.7403678591624445,8.999693763373125e-05,0.0005570163304657799,0.14242674253122056,0.0003657177277666776,-0.00034674487284402076,0.7543006490243507,3.0262037360117106e-06,-3.3781948843955277e-06,0.10551667701741664,1.9905121325439364e-06,-2.5619326486836367e-06,0.7624794955815853,-0.00010620641298327211,-0.00017829767998778204,0.2,0.0,0.0,0.0,0.0,2.962962962962963,2.962962962962963,-5.942356678723115e-06,1.7928770392749982e-05,1.5127159126231469,1.5432951022631674,-0.0010214286912691962,0.0005584586108869874
X+,7.4,5.0,27.671617601001344,0.0,0.7403678591624445,8.999693763373125e-05,0.0005570163304657799,0.14242674253122056,0.0003657177277666776,-0.00034674487284402076,0.7543006490243507,3.0262037360117106e-06,-3.3781948843955277e-06,0.10551667701741664,1.9905121325439364e-06,-2.5619326486836367e-06,0.7624794955815853,-0.00010620641298327211,-0.00017829767998778204,0.2,0.0,0.0,0.0,0.0,2.962962962962963,2.962962962962963,-5.942356678723115e-06,1.7928770392749982e-05,1.5127159126231469,1.5432951022631674,-0.0010214286912691962,0.0005584586108869874
X+,7.4,5.0,27.6995361090012,0.0,0.7403678591624445,8.999693763373125e-05,0.0005570163304657799,0.14242674253122056,0.0003657177277666776,-0.00034674487284402076,0.7543006490243507,3.0262037360117106e-06,-3.3781948843955277e-06,0.10551667701741664,1.9905121325439364e-06,-2.5619326486836367e-06,0.7624794955815853,-0.00010620641298327211,-0.00017829767998778204,0.2,0.0,0.0,0.0,0.0,2.962962962962963,2.962962962962963,-5.942356678723115e-06,1.7928770392749982e-05,1.5127159126231469,1.5432951022631674,-0.0010214286912691962,0.0005584586108869874
X+,7.4,5.0,27.72842025400314,0.0,0.7403678591624445,8.999693763373125e-05,0.0005570163304657799,0.14242674253122056,0.0003657177277666776,-0.00034674487284402076,0.7543006490243507,3.0262037360117106e-06,-3.3781948843955277e-06,0.10551667701741664,1.9905121325439364e-06,-2.5619326486836367e-06,0.7624794955815853,-0.00010620641298327211,-0.00017829767998778204,0.2,0.0,0.0,0.0,0.0,2.962962962962963,2.962962962962963,-5.942356678723115e-06,1.7928770392749982e-05,1.5127159126231469,1.5432951022631674,-0.0010214286912691962,0.0005584586108869874
X+,7.4,5.0,27.75626105900301,0.0,0.7403678591624445,8.999693763373125e-05,0.0005570163304657799,0.14242674253122056,0.0003657177277666776,-0.00034674487284402076,0.7543006490243507,3.0262037360117106e-06,-3.3781948843955277e-06,0.10551667701741664,1.9905121325439364e-06,-2.5619326486836367e-06,0.7624794955815853,-0.00010620641298327211,-0.00017829767998778204,0.2,0.0,0.0,0.0,0.0,2.962962962962963,2.962962962962963,-5.942356678723115e-06,1.7928770392749982e-05,1.5127159126231469,1.5432951022631674,-0.0010214286912691962,0.0005584586108869874
X+,7.4,5.0,27.781543872002658,0.0,0.7403678591624445,8.999693763373125e-05,0.0005570163304657799,0.14242674253122056,0.0003657177277666776,-0.00034674487284402076,0.7543006490243507,3.0262037360117106e-06,-3.3781948843955277e-06,0.10551667701741664,1.9905121325439364e-06,-2.5619326486836367e-06,0.7624794955815853,-0.00010620641298327211,-0.00017829767998778204,0.2,0.0,0.0,0.0,0.0,2.962962962962963,2.962962962962963,-5.942356678723115e-06,1.7928770392749982e-05,1.5127159126231469,1.5432951022631674,-0.0010214286912691962,0.0005584586108869874
X+,7.4,5.0,27.809304629001417,0.0,0.7403678591624445,8.999693763373125e-05,0.0005570163304657799,0.14242674253122056,0.0003657177277666776,-0.00034674487284402076,0.7543006490243507,3.0262037360117106e-06,-3.3781948843955277e-06,0.10551667701741664,1.9905121325439364e-06,-2.5619326486836367e-06,0.7624794955815853,-0.00010620641298327211,-0.00017829767998778204,0.2,0.0,0.0,0.0,0.0,2.962962962962963,2.962962962962963,-5.942356678723115e-06,1.7928770392749982e-05,1.5127159126231469,1.5432951022631674,-0.0010214286912691962,0.0005584586108869874
X+,7.4,5.0,27.837558168001124,0.0,0.7403678591624445,8.999693763373125e-05,0.0005570163304657799,0.14242674253122056,0.0003657177277666776,-0.00034674487284402076,0.7543006490243507,3.0262037360117106e-06,-3.3781948843955277e-06,0.10551667701741664,1.9905121325439364e-06,-2.5619326486836367e-06,0.7624794955815853,-0.00010620641298327211,-0.00017829767998778204,0.2,0.0,0.0,0.0,0.0,2.962962962962963,2.962962962962963,-5.942356678723115e-06,1.7928770392749982e-05,1.5127159126231469,1.5432951022631674,-0.0010214286912691962,0.0005584586108869874
X+,7.4,5.0,27.865319141001237,0.0,0.7403678591624445,8.999693763373125e-05,0.0005570163304657799,0.14242674253122056,0.0003657177277666776,-0.00034674487284402076,0.7543006490243507,3.0262037360117106e-06,-3.3781948843955277e-06,0.10551667701741664,1.9905121325439364e-06,-2.5619326486836367e-06,0.7624794955815853,-0.00010620641298327211,-0.00017829767998778204,0.2,0.0,0.0,0.0,0.0,2.962962962962963,2.962962962962963,-5.942356678723115e-06,1.7928770392749982e-05,1.5127159126231469,1.5432951022631674,-0.0010214286912691962,0.0005584586108869874
X+,7.4,5.0,27.893521055000747,0.0,0.7403678591624445,8.999693763373125e-05,0.0005570163304657799,0.14242674253122056,0.0003657177277666776,-0.00034674487284402076,0.7543006490243507,3.0262037360117106e-06,-3.3781948843955277e-06,0.10551667701741664,1.9905121325439364e-06,-2.5619326486836367e-06,0.7624794955815853,-0.00010620641298327211,-0.00017829767998778204,0.2,0.0,0.0,0.0,0.0,2.962962962962963,2.962962962962963,-5.942356678723115e-06,1.7928770392749982e-05,1.5127159126231469,1.5432951022631674,-0.0010214286912691962,0.0005584586108869874
X+,7.4,5.0,27.92338625300181,0.0,0.7403678591624445,8.999693763373125e-05,0.0005570163304657799,0.14242674253122056,0.0003657177277666776,-0.00034674487284402076,0.7543006490243507,3.0262037360117106e-06,-3.3781948843955277e-06,0.10551667701741664,1.9905121325439364e-06,-2.5619326486836367e-06,0.7624794955815853,-0.00010620641298327211,-0.00017829767998778204,0.2,0.0,0.0,0.0,0.0,2.962962962962963,2.962962962962963,-5.942356678723115e-06,1.7928770392749982e-05,1.5127159126231469,1.5432951022631674,-0.0010214286912691962,0.0005584586108869874
X+,7.4,5.0,27.946704870002577,0.0,0.7403678591624445,8.999693763373125e-05,0.0005570163304657799,0.14242674253122056,0.0003657177277666776,-0.00034674487284402076,0.7543006490243507,3.0262037360117106e-06,-3.3781948843955277e-06,0.10551667701741664,1.9905121325439364e-06,-2.5619326486836367e-06,0.7624794955815853,-0.00010620641298327211,-0.00017829767998778204,0.2,0.0,0.0,0.0,0.0,2.962962962962963,2.962962962962963,-5.942356678723115e-06,1.7928770392749982e-05,1.5127159126231469,1.5432951022631674,-0.0010214286912691962,0.0005584586108869874
X+,7.4,5.0,27.97982038400005,0.0,0.7412310860429773,9.060676951983069e-05,0.0005558031454914885,0.14507546871070173,0.0003760171150718467,-0.0003910270074301316,0.7543006490243507,3.0262037360117106e-06,-3.3781948843955277e-06,0.10551667701741664,1.9905121325439364e-06,-2.5619326486836367e-06,0.7624794955815853,-0.00010620641298327211,-0.00017829767998778204,0.2,0.0,0.0,0.0,0.0,2.962962962962963,2.962962962962963,-5.942356678723115e-06,1.7928770392749982e-05,1.5127159126231469,1.5432951022631674,-0.0018343634524561618,0.0005562025610999826
X+,7.4,5.0,28.00709102700057,0.0,0.7437600191753491,9.214203537968087e-05,0.0005527422502472416,0.15217631601904907,0.0003821252700962884,-0.0005156056723519142,0.7543006490243507,3.0262037360117106e-06,-3.3781948843955277e-06,0.10551667701741664,1.9905121325439364e-06,-2.5619326486836367e-06,0.7624794955815853,-0.00010620641298327211,-0.00017829767998778204,0.2,0.0,0.0,0.0,0.0,2.962962962962963,2.962962962962963,9.106337424569233e-06,1.3459745658472855e-05,1.5475009342617843,1.6679129110027082,-0.0006995837897701298,0.0005538289168081549
X+,7.4,5.0,28.037056316003145,0.0,0.7460856955094977,9.342675068415348e-05,0.0005508206021677287,0.15772250643673824,0.0003866077173762822,-0.0006181471616437332,0.7543006490243507,3.0262037360117106e-06,-3.3781948843955277e-06,0.10551667701741664,1.9905121325439364e-06,-2.5619326486836367e-06,0.7624794955815853,-0.00010620641298327211,-0.00017829767998778204,0.2,0.0,0.0,0.0,0.0,2.962962962962963,2.962962962962963,6.653616371643523e-06,1.1399222492158856e-05,1.6148982470992774,1.7315661097469852,0.002275889353566092,0.0005511096692308428
X+,7.4,5.0,28.06210530700264,0.0,0.7484894277787348,9.478435091482985e-05,0.0005487426923788062,0.1625980735227765,0.00037162514851500454,-0.000625028810481908,0.7543006490243507,3.0262037360117106e-06,-3.3781948843955277e-06,0.10551667701741664,1.9905121325439364e-06,-2.5619326486836367e-06,0.7624794955815853,-0.00010620641298327211,-0.00017829767998778204,0.2,0.0,0.0,0.0,0.0,2.962962962962963,2.962962962962963,5.762275058884825e-06,8.009503829953246e-06,1.753663072389901,1.8591071245930972,-0.0033252796124482852,0.0005495934373013286
X+,7.4,5.0,28.089288408002176,0.0,0.7509613646240517,9.597938511736806e-05,0.0005470307249871511,0.1668279196835096,0.000372330496825175,-0.0006775577135932365,0.7543006490243507,3.0262037360117106e-06,-3.3781948843955277e-06,0.10551667701741664,1.9905121325439364e-06,-2.5619326486836367e-06,0.7624794955815853,-0.00010620641298327211,-0.00017829767998778204,0.2,0.0,0.0,0.0,0.0,2.962962962962963,2.962962962962963,5.5822092432933346e-06,6.6230211954732e-06,1.8212643715408348,1.9205947613410916,-0.0027889918510639656,0.0005472879034286647
X+,7.4,5.0,28.114616763999948,0.0,0.7540046478192952,9.754473624303938e-05,0.0005446198539582444,0.17111607354085767,0.0003545992414287929,-0.0006912856599924324,0.7666116944233837,3.0520508569398512e-06,-3.386344247876357e-06,0.12311045398875484,6.743623151648858e-07,-8.149363480829385e-08,0.764814478994993,-0.00010986862006000426,-0.0005463026113883273,0.2,0.0,0.0,0.0,0.0,2.962962962962963,2.962962962962963,5.236049403833931e-06,5.466065094772432e-06,1.9473892620046407,2.034904912510253,0.0011533045709202065,0.0005460547549936874
X+,7.500000000000001,5.1000000000000005,28.140975111000444,0.10000000000000053,0.7565948675918447,9.878667087726781e-05,0.000542717255699458,0.17409607474206415,0.00033680455342593904,-0.0006852377682751713,0.7666116944233837,3.0520508569398512e-06,-3.386344247876357e-06,0.12311045398875484,6.743623151648858e-07,-8.149363480829385e-08,0.764814478994993,-0.00010986862006000426,-0.0005463026113883273,0.2,0.0,0.0,0.0,0.0,2.962962962962963,2.962962962962963,4.47600324804398e-06,-5.5301629977577704e-06,2.0588404467181807,2.1356628803839666,-0.0016503305975271946,0.0005430082369998126
X+,7.500000000000001,5.1000000000000005,28.16811744000006,0.0,0.7572928295094499,9.911383484975667e-05,0.0005422079501052152,0.17480743312228597,0.00032870477163003556,-0.000675245000700867,0.7666116944233837,3.0520508569398512e-06,-3.386344247876357e-06,0.12311045398875484,6.743623151648858e-07,-8.149363480829385e-08,0.764814478994993,-0.00010986862006000426,-0.0005463026113883273,0.2,0.0,0.0,0.0,0.0,2.962962962962963,2.962962962962963,4.47600324804398e-06,-5.5301629977577704e-06,2.0588404467181807,2.1356628803839666,-0.0016503305975271946,0.0005430082369998126
X+,7.500000000000001,5.1000000000000005,28.195928623001237,0.0,0.7572928295094499,9.911383484975667e-05,0.0005422079501052152,0.17480743312228597,0.00032870477163003556,-0.000675245000700867,0.7666116944233837,3.0520508569398512e-06,-3.386344247876357e-06,0.12311045398875484,6.743623151648858e-07,-8.149363480829385e-08,0.764814478994993,-0.00010986862006000426,-0.0005463026113883273,0.2,0.0,0.0,0.0,0.0,2.962962962962963,2.962962962962963,4.47600324804398e-06,-5.5301629977577704e-06,2.0588404467181807,2.1356628803839666,-0.0016503305975271946,0.0005430082369998126
X+,7.500000000000001,5.1000000000000005,28.223242621999816,0.0,0.7572928295094499,9.911383484975667e-05,0.0005422079501052152,0.17480743312228597,0.00032870477163003556,-0.000675245000700867,0.7666116944233837,3.0520508569398512e-06,-3.386344247876357e-06,0.12311045398875484,6.743623151648858e-07,-8.149363480829385e-08,0.764814478994993,-0.00010986862006000426,-0.0005463026113883273,0.2,0.0,0.0,0.0,0.0,2.962962962962963,2.962962962962963,4.47600324804398e-06,-5.5301629977577704e-06,2.0588404467181807,2.1356628803839666,-0.0016503305975271946,0.0005430082369998126
X+,7.500000000000001,5.1000000000000005,28.249869548002607,0.0,0.7572928295094499,9.911383484975667e-05,0.0005422079501052152,0.17480743312228597,0.00032870477163003556,-0.000675245000700867,0.7666116944233837,3.0520508569398512e-06,-3.386344247876357e-06,0.12311045398875484,6.743623151648858e-07,-8.149363480829385e-08,0.764814478994993,-0.00010986862006000426,-0.0005463026113883273,0.2,0.0,0.0,0.0,0.0,2.962962962962963,2.962962962962963,4.47600324804398e-06,-5.5301629977577704e-06,2.0588404467181807,2.1356628803839666,-0.0016503305975271946,0.0005430082369998126
X+,7.500000000000001,5.1000000000000005,28.284940527002618,0.0,0.7572928295094499,9.911383484975667e-05,0.0005422079501052152,0.17480743312228597,0.00032870477163003556,-0.000675245000700867,0.7666116944233837,3.0520508569398512e-06,-3.386344247876357e-06,0.12311045398875484,6.743623151648858e-07,-8.149363480829385e-08,0.764814478994993,-0.00010986862006000426,-0.0005463026113883273,0.2,0.0,0.0,0.0,0.0,2.962962962962963,2.962962962962963,4.47600324804398e-06,-5.5301629977577704e-06,2.0588404467181807,2.1356628803839666,-0.0016503305975271946,0.0005430082369998126
X+,7.500000000000001,5.1000000000000005,28.320258499003103,0.0,0.7572928295094499,9.911383484975667e-05,0.0005422079501052152,0.17480743312228597,0.00032870477163003556,-0.000675245000700867,0.7666116944233837,3.0520508569398512e-06,-3.386344247876357e-06,0.12311045398875484,6.743623151648858e-07,-8.149363480829385e-08,0.764814478994993,-0.00010986862006000426,-0.0005463026113883273,0.2,0.0,0.0,0.0,0.0,2.962962962962963,2.962962962962963,4.47600324804398e-06,-5.5301629977577704e-06,2.0588404467181807,2.1356628803839666,-0.0016503305975271946,0.0005430082369998126
X+,7.500000000000001,5.1000000000000005,28.347697784000047,0.0,0.7572928295094499,9.911383484975667e-05,0.0005422079501052152,0.17480743312228597,0.00032870477163003556,-0.000675245000700867,0.7666116944233837,3.0520508569398512e-06,-3.386344247876357e-06,0.12311045398875484,6.743623151648858e-07,-8.149363480829385e-08,0.764814478994993,-0.00010986862006000426,-0.0005463026113883273,0.2,0.0,0.0,0.0,0.0,2.962962962962963,2.962962962962963,4.47600324804398e-06,-5.5301629977577704e-06,2.0588404467181807,2.1356628803839666,-0.0016503305975271946,0.0005430082369998126
X+,7.500000000000001,5.1000000000000005,28.372713149001356,0.0,0.7572928295094499,9.911383484975667e-05,0.0005422079501052152,0.17480743312228597,0.00032870477163003556,-0.000675245000700867,0.7666116944233837,3.0520508569398512e-06,-3.386344247876357e-06,0.12311045398875484,6.743623151648858e-07,-8.149363480829385e-08,0.764814478994993,-0.00010986862006000426,-0.0005463026113883273,0.2,0.0,0.0,0.0,0.0,2.962962962962963,2.962962962962963,4.47600324804398e-06,-5.5301629977577704e-06,2.0588404467181807,2.1356628803839666,-0.0016503305975271946,0.0005430082369998126
X+,7.500000000000001,5.1000000000000005,28.398706274001597,0.0,0.7572928295094499,9.911383484975667e-05,0.0005422079501052152,0.17480743312228597,0.00032870477163003556,-0.000675245000700867,0.7666116944233837,3.0520508569398512e-06,-3.386344247876357e-06,0.12311045398875484,6.743623151648858e-07,-8.149363480829385e-08,0.764814478994993,-0.00010986862006000426,-0.0005463026113883273,0.2,0.0,0.0,0.0,0.0,2.962962962962963,2.962962962962963,4.47600324804398e-06,-5.5301629977577704e-06,2.0588404467181807,2.1356628803839666,-0.0016503305975271946,0.0005430082369998126
X+,7.500000000000001,5.1000000000000005,28.431007305000094,0.0,0.7572928295094499,9.911383484975667e-05,0.0005422079501052152,0.17480743312228597,0.00032870477163003556,-0.000675245000700867,0.7666116944233837,3.0520508569398512e-06,-3.386344247876357e-06,0.12311045398875484,6.743623151648858e-07,-8.149363480829385e-08,0.764814478994993,-0.00010986862006000426,-0.0005463026113883273,0.2,0.0,0.0,0.0,0.0,2.962962962962963,2.962962962962963,4.47600324804398e-06,-5.5301629977577704e-06,2.0588404467181807,2.1356628803839666,-0.0016503305975271946,0.0005430082369998126
X+,7.500000000000001,5.1000000000000005,28.460728732999996,0.0,0.7572928295094499,9.911383484975667e-05,0.0005422079501052152,0.17480743312228597,0.00032870477163003556,-0.000675245000700867,0.7666116944233837,3.0520508569398512e-06,-3.386344247876357e-06,0.12311045398875484,6.743623151648858e-07,-8.149363480829385e-08,0.764814478994993,-0.00010986862006000426,-0.0005463026113883273,0.2,0.0,0.0,0.0,0.0,2.962962962962963,2.962962962962963,4.47600324804398e-06,-5.5301629977577704e-06,2.0588404467181807,2.1356628803839666,-0.0016503305975271946,0.0005430082369998126
X+,7.500000000000001,5.1000000000000005,28.487364944001456,0.0,0.7572928295094499,9.911383484975667e-05,0.0005422079501052152,0.17480743312228597,0.00032870477163003556,-0.000675245000700867,0.7666116944233837,3.0520508569398512e-06,-3.386344247876357e-06,0.12311045398875484,6.743623151648858e-07,-8.149363480829385e-08,0.764814478994993,-0.00010986862006000426,-0.0005463026113883273,0.2,0.0,0.0,0.0,0.0,2.962962962962963,2.962962962962963,4.47600324804398e-06,-5.5301629977577704e-06,2.0588404467181807,2.1356628803839666,-0.0016503305975271946,0.0005430082369998126
X+,7.500000000000001,5.1000000000000005,28.515900771002634,0.0,0.7578181291807885,9.933015824082139e-05,0.0005418947881984316,0.17531924658478273,0.00032627399826537105,-0.0006747770327897799,0.7666116944233837,3.0520508569398512e-06,-3.386344247876357e-06,0.12311045398875484,6.743623151648858e-07,-8.149363480829385e-08,0.764814478994993,-0.00010986862006000426,-0.0005463026113883273,0.2,0.0,0.0,0.0,0.0,2.962962962962963,2.962962962962963,4.47600324804398e-06,-5.5301629977577704e-06,2.0588404467181807,2.1356628803839666,-0.0016503305975271946,0.0005430082369998126
X+,7.500000000000001,5.1000000000000005,28.542120052999962,0.0,0.7609998137967642,0.00010061762959333396,0.000540010012475051,0.17802365743376364,0.00032478083374435165,-0.0007071505065143324,0.7666116944233837,3.0520508569398512e-06,-3.386344247876357e-06,0.12311045398875484,6.743623151648858e-07,-8.149363480829385e-08,0.764814478994993,-0.00010986862006000426,-0.0005463026113883273,0.2,0.0,0.0,0.0,0.0,2.962962962962963,2.962962962962963,-6.453055442889877e-06,7.43836588501523e-06,2.1548293481708125,2.2226812283458646,-0.0022534410556749747,0.0005405602686807966
X+,7.500000000000001,5.1000000000000005,28.576867709001817,0.0,0.7640448426097861,0.00010185573062985488,0.0005389376003309123,0.18005658811595268,0.0003069044565481151,-0.0008148233430820512,0.7666116944233837,3.0520508569398512e-06,-3.386344247876357e-06,0.12311045398875484,6.743623151648858e-07,-8.149363480829385e-08,0.764814478994993,-0.00010986862006000426,-0.0005463026113883273,0.2,0.0,0.0,0.0,0.0,2.962962962962963,2.962962962962963,-3.8779720350490265e-06,5.78570290343805e-06,2.2367732611413063,2.296651775378774,-0.0007099433942661709,0.0005389363889542051
X+,7.500000000000001,5.1000000000000005,28.60172200800298,0.0,0.7674843187295323,0.00010341874418284738,0.000536651434718355,0.18181198411991123,0.0003353232346542724,-0.0008799443395009285,0.7666116944233837,3.0520508569398512e-06,-3.386344247876357e-06,0.12311045398875484,6.743623151648858e-07,-8.149363480829385e-08,0.764814478994993,-0.00010986862006000426,-0.0005463026113883273,0.2,0.0,0.0,0.0,0.0,2.962962962962963,2.962962962962963,-3.83637577883178e-06,5.3702071003414176e-06,2.305809539885988,2.3592628163626,-0.0009504541111239906,0.0005382866014777393
X+,7.500000000000001,5.1000000000000005,28.628980228000728,0.0,0.7696720536380851,0.00010453778635050644,0.0005348302738503074,0.18267616495521885,0.00028199834970249596,-0.0006624180613747014,0.7814699498778291,3.0139144221645553e-06,-3.6147370946262085e-06,0.14858255454489355,1.2178733116465414e-07,-2.2839284674985148e-06,0.7756977681606138,-0.00011587261064573357,-0.0005975220155285399,0.2,0.0,0.0,0.0,0.0,2.962962962962963,2.962962962962963,-4.04828593225659e-06,5.1803073324308e-06,2.335894904426719,2.3860472869076212,-0.002040419917831573,0.0005348302738503074
X+,7.6000000000000005,5.2,28.658598512000026,0.09999999999999964,0.7720526323435357,0.0001052533509408489,0.0005350503508704471,0.1834278759309189,0.0003366576575863351,-0.0006519743339560141,0.7814699498778291,3.0139144221645553e-06,-3.6147370946262085e-06,0.14858255454489355,1.2178733116465414e-07,-2.2839284674985148e-06,0.7756977681606138,-0.00011587261064573357,-0.0005975220155285399,0.2,0.0,0.0,0.0,0.0,2.962962962962963,2.962962962962963,-4.33807173649825e-06,5.1380048011751e-06,2.3633585071366783,2.410646483090439,-0.0030061729028640193,0.0005347483063803145
X+,7.6000000000000005,5.2,28.69311205700069,0.0,0.7742578859663235,0.00010635286989852007,0.0005351412824854722,0.1839699519893581,0.0003720393638867483,-0.000816100804356206,0.7814699498778291,3.0139144221645553e-06,-3.6147370946262085e-06,0.14858255454489355,1.2178733116465414e-07,-2.2839284674985148e-06,0.7756977681606138,-0.00011587261064573357,-0.0005975220155285399,0.2,0.0,0.0,0.0,0.0,2.962962962962963,2.962962962962963,-4.551904421390418e-06,5.256869495262606e-06,2.388525219970156,2.433323445224142,-0.0011936590977516136,0.0005355229187511367
X+,7.6000000000000005,5.2,28.722274017000018,0.0,0.7742578859663235,0.00010635286989852007,0.0005351412824854722,0.1839699519893581,0.0003720393638867483,-0.000816100804356206,0.7814699498778291,3.0139144221645553e-06,-3.6147370946262085e-06,0.14858255454489355,1.2178733116465414e-07,-2.2839284674985148e-06,0.7756977681606138,-0.00011587261064573357,-0.0005975220155285399,0.2,0.0,0.0,0.0,0.0,2.962962962962963,2.962962962962963,-4.551904421390418e-06,5.256869495262606e-06,2.388525219970156,2.433323445224142,-0.0011936590977516136,0.0005355229187511367
X+,7.6000000000000005,5.2,28.75038023900197,0.0,0.7742578859663235,0.00010635286989852007,0.0005351412824854722,0.1839699519893581,0.0003720393638867483,-0.000816100804356206,0.7814699498778291,3.0139144221645553e-06,-3.6147370946262085e-06,0.14858255454489355,1.2178733116465414e-07,-2.2839284674985148e-06,0.7756977681606138,-0.00011587261064573357,-0.0005975220155285399,0.2,0.0,0.0,0.0,0.0,2.962962962962963,2.962962962962963,-4.551904421390418e-06,5.256869495262606e-06,2.388525219970156,2.433323445224142,-0.0011936590977516136,0.0005355229187511367
X+,7.6000000000000005,5.2,28.778194063001138,0.0,0.7742578859663235,0.00010635286989852007,0.0005351412824854722,0.1839699519893581,0.0003720393638867483,-0.000816100804356206,0.7814699498778291,3.0139144221645553e-06,-3.6147370946262085e-06,0.14858255454489355,1.2178733116465414e-07,-2.2839284674985148e-06,0.7756977681606138,-0.00011587261064573357,-0.0005975220155285399,0.2,0.0,0.0,0.0,0.0,2.962962962962963,2.962962962962963,-4.551904421390418e-06,5.256869495262606e-06,2.388525219970156,2.433323445224142,-0.0011936590977516136,0.0005355229187511367
X+,7.6000000000000005,5.2,28.803590957002598,0.0,0.7742578859663235,0.00010635286989852007,0.0005351412824854722,0.1839699519893581,0.0003720393638867483,-0.000816100804356206,0.7814699498778291,3.0139144221645553e-06,-3.6147370946262085e-06,0.14858255454489355,1.2178733116465414e-07,-2.2839284674985148e-06,0.7756977681606138,-0.00011587261064573357,-0.0005975220155285399,0.2,0.0,0.0,0.0,0.0,2.962962962962963,2.962962962962963,-4.551904421390418e-06,5.256869495262606e-06,2.388525219970156,2.433323445224142,-0.0011936590977516136,0.0005355229187511367
X+,7.6000000000000005,5.2,28.83091351100302,0.0,0.7742578859663235,0.00010635286989852007,0.0005351412824854722,0.1839699519893581,0.0003720393638867483,-0.000816100804356206,0.7814699498778291,3.0139144221645553e-06,-3.6147370946262085e-06,0.14858255454489355,1.2178733116465414e-07,-2.2839284674985148e-06,0.7756977681606138,-0.00011587261064573357,-0.0005975220155285399,0.2,0.0,0.0,0.0,0.0,2.962962962962963,2.962962962962963,-4.551904421390418e-06,5.256869495262606e-06,2.388525219970156,2.433323445224142,-0.0011936590977516136,0.0005355229187511367
X+,7.6000000000000005,5.2,28.862872284000332,0.0,0.7742578859663235,0.00010635286989852007,0.0005351412824854722,0.1839699519893581,0.0003720393638867483,-0.000816100804356206,0.7814699498778291,3.0139144221645553e-06,-3.6147370946262085e-06,0.14858255454489355,1.2178733116465414e-07,-2.2839284674985148e-06,0.7756977681606138,-0.00011587261064573357,-0.0005975220155285399,0.2,0.0,0.0,0.0,0.0,2.962962962962963,2.962962962962963,-4.551904421390418e-06,5.256869495262606e-06,2.388525219970156,2.433323445224142,-0.0011936590977516136,0.0005355229187511367
X+,7.6000000000000005,5.2,28.88699726300183,0.0,0.7742578859663235,0.00010635286989852007,0.0005351412824854722,0.1839699519893581,0.0003720393638867483,-0.000816100804356206,0.7814699498778291,3.0139144221645553e-06,-3.6147370946262085e-06,0.14858255454489355,1.2178733116465414e-07,-2.2839284674985148e-06,0.7756977681606138,-0.00011587261064573357,-0.0005975220155285399,0.2,0.0,0.0,0.0,0.0,2.962962962962963,2.962962962962963,-4.551904421390418e-06,5.256869495262606e-06,2.388525219970156,2.433323445224142,-0.0011936590977516136,0.0005355229187511367
X+,7.6000000000000005,5.2,28.912531005000346,0.0,0.7742578859663235,0.00010635286989852007,0.0005351412824854722,0.1839699519893581,0.0003720393638867483,-0.000816100804356206,0.7814699498778291,3.0139144221645553e-06,-3.6147370946262085e-06,0.14858255454489355,1.2178733116465414e-07,-2.2839284674985148e-06,0.7756977681606138,-0.00011587261064573357,-0.0005975220155285399,0.2,0.0,0.0,0.0,0.0,2.962962962962963,2.962962962962963,-4.551904421390418e-06,5.256869495262606e-06,2.388525219970156,2.433323445224142,-0.0011936590977516136,0.0005355229187511367
X+,7.6000000000000005,5.2,28.939925933002087,0.0,0.7742578859663235,0.00010635286989852007,0.0005351412824854722,0.1839699519893581,0.0003720393638867483,-0.000816100804356206,0.7814699498778291,3.0139144221645553e-06,-3.6147370946262085e-06,0.14858255454489355,1.2178733116465414e-07,-2.2839284674985148e-06,0.7756977681606138,-0.00011587261064573357,-0.0005975220155285399,0.2,0.0,0.0,0.0,0.0,2.962962962962963,2.962962962962963,-4.551904421390418e-06,5.256869495262606e-06,2.388525219970156,2.433323445224142,-0.0011936590977516136,0.0005355229187511367
X+,7.6000000000000005,5.2,28.967632282001432,0.0,0.7742578859663235,0.00010635286989852007,0.0005351412824854722,0.1839699519893581,0.0003720393638867483,-0.000816100804356206,0.7814699498778291,3.0139144221645553e-06,-3.6147370946262085e-06,0.14858255454489355,1.2178733116465414e-07,-2.2839284674985148e-06,0.7756977681606138,-0.00011587261064573357,-0.0005975220155285399,0.2,0.0,0.0,0.0,0.0,2.962962962962963,2.962962962962963,-4.551904421390418e-06,5.256869495262606e-06,2.388525219970156,2.433323445224142,-0.0011936590977516136,0.0005355229187511367
X+,7.6000000000000005,5.2,28.99351096600003,0.0,0.7742578859663235,0.00010635286989852007,0.0005351412824854722,0.1839699519893581,0.0003720393638867483,-0.000816100804356206,0.7814699498778291,3.0139144221645553e-06,-3.6147370946262085e-06,0.14858255454489355,1.2178733116465414e-07,-2.2839284674985148e-06,0.7756977681606138,-0.00011587261064573357,-0.0005975220155285399,0.2,0.0,0.0,0.0,0.0,2.962962962962963,2.962962962962963,-4.551904421390418e-06,5.256869495262606e-06,2.388525219970156,2.433323445224142,-0.0011936590977516136,0.0005355229187511367
X+,7.6000000000000005,5.2,29.022044938999898,0.0,0.7770223704850177,0.00010802917045180192,0.0005333420188211449,0.1844659084571353,0.0002957569232754036,-0.0005972188794942959,0.7814699498778291,3.0139144221645553e-06,-3.6147370946262085e-06,0.14858255454489355,1.2178733116465414e-07,-2.2839284674985148e-06,0.7756977681606138,-0.00011587261064573357,-0.0005975220155285399,0.2,0.0,0.0,0.0,0.0,2.962962962962963,2.962962962962963,-4.323369914516206e-06,5.051826362567624e-06,2.432346725014473,2.4719908122613794,-0.0017239580498070585,0.000534339738684028
X+,7.6000000000000005,5.2,29.055927862002136,0.0,0.7805325225684695,0.00010928331668632468,0.0005348236226240128,0.18484586407965448,0.00036099675169500034,-0.000820840529518069,0.7814699498778291,3.0139144221645553e-06,-3.6147370946262085e-06,0.14858255454489355,1.2178733116465414e-07,-2.2839284674985148e-06,0.7756977681606138,-0.00011587261064573357,-0.0005975220155285399,0.2,0.0,0.0,0.0,0.0,2.962962962962963,2.962962962962963,-4.3540617458148745e-06,5.178050939136369e-06,2.4686504836256646,2.5039210683446473,-0.0023591213779770013,0.0005346506948160456
X+,7.6000000000000005,5.2,29.083553331001895,0.0,0.7840477825872011,0.0001113759214759532,0.0005327943747472404,0.18499223132949505,0.0003097444366241014,-0.000679085645766556,0.7814699498778291,3.0139144221645553e-06,-3.6147370946262085e-06,0.14858255454489355,1.2178733116465414e-07,-2.2839284674985148e-06,0.7756977681606138,-0.00011587261064573357,-0.0005975220155285399,0.2,0.0,0.0,0.0,0.0,2.962962962962963,2.962962962962963,-3.8378561786345244e-06,4.9840033167214415e-06,2.498464405627556,2.529809188947711,0.0003587609122406854,0.0005336105819726208
X+,7.6000000000000005,5.2,29.110174743000243,0.0,0.787378952999636,0.00011279722746490323,0.0005332558987932948,0.1849523268384905,0.00032277428223781695,-0.0006812987007844808,0.7814699498778291,3.0139144221645553e-06,-3.6147370946262085e-06,0.14858255454489355,1.2178733116465414e-07,-2.2839284674985148e-06,0.7756977681606138,-0.00011587261064573357,-0.0005975220155285399,0.2,0.0,0.0,0.0,0.0,2.962962962962963,2.962962962962963,-3.713330968047046e-06,4.925813938960744e-06,2.5112727942161532,2.540827992109981,-0.002707915644857759,0.0005328862457412142
X+,7.6000000000000005,5.2,29.144144010002492,0.0,0.7895988192735218,0.00011383555101349835,0.0005335037858800272,0.18484470495875419,0.00036756932359017125,-0.0008681354851711694,0.7975608908820562,2.9659115124382854e-06,-3.846581479840194e-06,0.16090941004295417,1.0161611609338488e-07,-2.318443852139857e-06,0.7800017468235257,-0.0001193404051209613,-0.0006838181139068312,0.2,0.0,0.0,0.0,0.0,2.962962962962963,2.962962962962963,-3.5649953940009027e-06,5.135073405604373e-06,2.5336331673009638,2.559928950145908,-0.002803404922857486,0.000533643054091972
X+,7.7,5.3,29.174843947002955,0.09999999999999964,0.793479380602598,0.00011605715107394429,0.0005317284497393738,0.1845241695320803,0.0002894040537390329,-0.0005760855925009613,0.7975608908820562,2.9659115124382854e-06,-3.846581479840194e-06,0.16090941004295417,1.0161611609338488e-07,-2.318443852139857e-06,0.7800017468235257,-0.0001193404051209613,-0.0006838181139068312,0.2,0.0,0.0,0.0,0.0,2.962962962962963,2.962962962962963,-3.416632031516542e-06,4.8621085406708175e-06,2.55167009463974,2.575058313258395,-0.0019071678723877577,0.0005316406288257715
X+,7.7,5.3,29.202402715000062,0.0,0.7936639876060779,0.00011611757121908917,0.0005318446996134445,0.18450522398968786,0.00029300655454151514,-0.0005814577327546169,0.7975608908820562,2.9659115124382854e-06,-3.846581479840194e-06,0.16090941004295417,1.0161611609338488e-07,-2.318443852139857e-06,0.7800017468235257,-0.0001193404051209613,-0.0006838181139068312,0.2,0.0,0.0,0.0,0.0,2.962962962962963,2.962962962962963,-3.416632031516542e-06,4.8621085406708175e-06,2.55167009463974,2.575058313258395,-0.0019071678723877577,0.0005316406288257715
X+,7.7,5.3,29.22919753500173,0.0,0.7936639876060779,0.00011611757121908917,0.0005318446996134445,0.18450522398968786,0.00029300655454151514,-0.0005814577327546169,0.7975608908820562,2.9659115124382854e-06,-3.846581479840194e-06,0.16090941004295417,1.0161611609338488e-07,-2.318443852139857e-06,0.7800017468235257,-0.0001193404051209613,-0.0006838181139068312,0.2,0.0,0.0,0.0,0.0,2.962962962962963,2.962962962962963,-3.416632031516542e-06,4.8621085406708175e-06,2.55167009463974,2.575058313258395,-0.0019071678723877577,0.0005316406288257715
X+,7.7,5.3,29.26170894900133,0.0,0.7936639876060779,0.00011611757121908917,0.0005318446996134445,0.18450522398968786,0.00029300655454151514,-0.0005814577327546169,0.7975608908820562,2.9659115124382854e-06,-3.846581479840194e-06,0.16090941004295417,1.0161611609338488e-07,-2.318443852139857e-06,0.7800017468235257,-0.0001193404051209613,-0.0006838181139068312,0.2,0.0,0.0,0.0,0.0,2.962962962962963,2.962962962962963,-3.416632031516542e-06,4.8621085406708175e-06,2.55167009463974,2.575058313258395,-0.0019071678723877577,0.0005316406288257715
X+,7.7,5.3,29.287336284000048,0.0,0.7936639876060779,0.00011611757121908917,0.0005318446996134445,0.18450522398968786,0.00029300655454151514,-0.0005814577327546169,0.7975608908820562,2.9659115124382854e-06,-3.846581479840194e-06,0.16090941004295417,1.0161611609338488e-07,-2.318443852139857e-06,0.7800017468235257,-0.0001193404051209613,-0.0006838181139068312,0.2,0.0,0.0,0.0,0.0,2.962962962962963,2.962962962962963,-3.416632031516542e-06,4.8621085406708175e-06,2.55167009463974,2.575058313258395,-0.0019071678723877577,0.0005316406288257715
X+,7.7,5.3,29.312798178001685,0.0,0.7936639876060779,0.00011611757121908917,0.0005318446996134445,0.18450522398968786,0.00029300655454151514,-0.0005814577327546169,0.7975608908820562,2.9659115124382854e-06,-3.846581479840194e-06,0.16090941004295417,1.0161611609338488e-07,-2.318443852139857e-06,0.7800017468235257,-0.0001193404051209613,-0.0006838181139068312,0.2,0.0,0.0,0.0,0.0,2.962962962962963,2.962962962962963,-3.416632031516542e-06,4.8621085406708175e-06,2.55167009463974,2.575058313258395,-0.0019071678723877577,0.0005316406288257715
X+,7.7,5.3,29.342623864002235,0.0,0.7936639876060779,0.00011611757121908917,0.0005318446996134445,0.18450522398968786,0.00029300655454151514,-0.0005814577327546169,0.7975608908820562,2.9659115124382854e-06,-3.846581479840194e-06,0.16090941004295417,1.0161611609338488e-07,-2.318443852139857e-06,0.7800017468235257,-0.0001193404051209613,-0.0006838181139068312,0.2,0.0,0.0,0.0,0.0,2.962962962962963,2.962962962962963,-3.416632031516542e-06,4.8621085406708175e-06,2.55167009463974,2.575058313258395,-0.0019071678723877577,0.0005316406288257715
X+,7.7,5.3,29.373845188001724,0.0,0.7936639876060779,0.00011611757121908917,0.0005318446996134445,0.18450522398968786,0.00029300655454151514,-0.0005814577327546169,0.7975608908820562,2.9659115124382854e-06,-3.846581479840194e-06,0.16090941004295417,1.0161611609338488e-07,-2.318443852139857e-06,0.7800017468235257,-0.0001193404051209613,-0.0006838181139068312,0.2,0.0,0.0,0.0,0.0,2.962962962962963,2.962962962962963,-3.416632031516542e-06,4.8621085406708175e-06,2.55167009463974,2.575058313258395,-0.0019071678723877577,0.0005316406288257715
X+,7.7,5.3,29.405533602002834,0.0,0.7936639876060779,0.00011611757121908917,0.0005318446996134445,0.18450522398968786,0.00029300655454151514,-0.0005814577327546169,0.7975608908820562,2.9659115124382854e-06,-3.846581479840194e-06,0.16090941004295417,1.0161611609338488e-07,-2.318443852139857e-06,0.7800017468235257,-0.0001193404051209613,-0.0006838181139068312,0.2,0.0,0.0,0.0,0.0,2.962962962962963,2.962962962962963,-3.416632031516542e-06,4.8621085406708175e-06,2.55167009463974,2.575058313258395,-0.0019071678723877577,0.0005316406288257715
X+,7.7,5.3,29.44144620100269,0.0,0.7936639876060779,0.00011611757121908917,0.0005318446996134445,0.18450522398968786,0.00029300655454151514,-0.0005814577327546169,0.7975608908820562,2.9659115124382854e-06,-3.846581479840194e-06,0.16090941004295417,1.0161611609338488e-07,-2.318443852139857e-06,0.7800017468235257,-0.0001193404051209613,-0.0006838181139068312,0.2,0.0,0.0,0.0,0.0,2.962962962962963,2.962962962962963,-3.416632031516542e-06,4.8621085406708175e-06,2.55167009463974,2.575058313258395,-0.0019071678723877577,0.0005316406288257715
X+,7.7,5.3,29.467803108000226,0.0,0.7936639876060779,0.00011611757121908917,0.0005318446996134445,0.18450522398968786,0.00029300655454151514,-0.0005814577327546169,0.7975608908820562,2.9659115124382854e-06,-3.846581479840194e-06,0.16090941004295417,1.0161611609338488e-07,-2.318443852139857e-06,0.7800017468235257,-0.0001193404051209613,-0.0006838181139068312,0.2,0.0,0.0,0.0,0.0,2.962962962962963,2.962962962962963,-3.416632031516542e-06,4.8621085406708175e-06,2.55167009463974,2.575058313258395,-0.0019071678723877577,0.0005316406288257715
X+,7.7,5.3,29.49336949800272,0.0,0.7936639876060779,0.00011611757121908917,0.0005318446996134445,0.18450522398968786,0.00029300655454151514,-0.0005814577327546169,0.7975608908820562,2.9659115124382854e-06,-3.846581479840194e-06,0.16090941004295417,1.0161611609338488e-07,-2.318443852139857e-06,0.7800017468235257,-0.0001193404051209613,-0.0006838181139068312,0.2,0.0,0.0,0.0,0.0,2.962962962962963,2.962962962962963,-3.416632031516542e-06,4.8621085406708175e-06,2.55167009463974,2.575058313258395,-0.0019071678723877577,0.0005316406288257715
X+,7.7,5.3,29.522221549003007,0.0,0.7936639876060779,0.00011611757121908917,0.0005318446996134445,0.18450522398968786,0.00029300655454151514,-0.0005814577327546169,0.7975608908820562,2.9659115124382854e-06,-3.846581479840194e-06,0.16090941004295417,1.0161611609338488e-07,-2.318443852139857e-06,0.7800017468235257,-0.0001193404051209613,-0.0006838181139068312,0.2,0.0,0.0,0.0,0.0,2.962962962962963,2.962962962962963,-3.416632031516542e-06,4.8621085406708175e-06,2.55167009463974,2.575058313258395,-0.0019071678723877577,0.0005316406288257715
X+,7.7,5.3,29.55762180200327,0.0,0.7936639876060779,0.00011611757121908917,0.0005318446996134445,0.18450522398968786,0.00029300655454151514,-0.0005814577327546169,0.7975608908820562,2.9659115124382854e-06,-3.846581479840194e-06,0.16090941004295417,1.0161611609338488e-07,-2.318443852139857e-06,0.7800017468235257,-0.0001193404051209613,-0.0006838181139068312,0.2,0.0,0.0,0.0,0.0,2.962962962962963,2.962962962962963,-3.416632031516542e-06,4.8621085406708175e-06,2.55167009463974,2.575058313258395,-0.0019071678723877577,0.0005316406288257715
X+,7.7,5.3,29.58543523100161,0.0,0.7975359872440151,0.00011790037137011326,0.0005326844624777239,0.18404156072544453,0.00036483379269030246,-0.0008730602525214308,0.7975608908820562,2.9659115124382854e-06,-3.846581479840194e-06,0.16090941004295417,1.0161611609338488e-07,-2.318443852139857e-06,0.7800017468235257,-0.0001193404051209613,-0.0006838181139068312,0.2,0.0,0.0,0.0,0.0,2.962962962962963,2.962962962962963,-6.761960080758911e-06,5.085658738579468e-06,2.566664095104234,2.587338100558454,-0.005140842867062265,0.0005331738964003153
X+,7.7,5.3,29.614277349002805,0.0,0.801029983791996,0.00011975546352802676,0.0005323886407327588,0.18352710278790157,0.00035656756949226017,-0.0008587131766037701,0.7975608908820562,2.9659115124382854e-06,-3.846581479840194e-06,0.16090941004295417,1.0161611609338488e-07,-2.318443852139857e-06,0.7800017468235257,-0.0001193404051209613,-0.0006838181139068312,0.2,0.0,0.0,0.0,0.0,2.962962962962963,2.962962962962963,-6.2774759808092995e-06,5.053568992607893e-06,2.5787542518878506,2.5969766079240135,-0.00266285384310597,0.000532895195150802
X+,7.7,5.3,29.63722900400171,0.0,0.8037811544747793,0.0001214108386166585,0.0005310016847468979,0.1830692632170954,0.0002859873985640047,-0.000596452854409246,0.7975608908820562,2.9659115124382854e-06,-3.846581479840194e-06,0.16090941004295417,1.0161611609338488e-07,-2.318443852139857e-06,0.7800017468235257,-0.0001193404051209613,-0.0006838181139068312,0.2,0.0,0.0,0.0,0.0,2.962962962962963,2.962962962962963,-3.4318169346292393e-06,4.891832148246067e-06,2.5838817078322847,2.601004522686826,0.0009185655123997204,0.0005314625205144607
X+,7.7,5.3,29.672493486999883,0.0,0.8072556900067267,0.0001228008127147212,0.0005327237984203284,0.18243641222863954,0.0003640091675762183,-0.0008505210543854869,0.8141006242709914,2.9733267429105517e-06,-3.877901471571594e-06,0.16539733388784378,7.103666260742736e-07,-3.13199917313999e-07,0.8106546549542714,-0.00014280463381063528,-0.0010004570447237353,0.2,0.0,0.0,0.0,0.0,2.962962962962963,2.962962962962963,-4.74243181880496e-06,4.981755057364978e-06,2.5927588857608366,2.607694943162408,0.0012356679955860391,0.0005323303627795146
X+,7.800000000000001,5.4,29.700756510002975,0.10000000000000053,0.8118084721761385,0.0001254058669890555,0.000532047604146489,0.18153105021287727,0.0003557601916331022,-0.0008583477701790028,0.8141006242709914,2.9733267429105517e-06,-3.877901471571594e-06,0.16539733388784378,7.103666260742736e-07,-3.13199917313999e-07,0.8106546549542714,-0.00014280463381063528,-0.0010004570447237353,0.2,0.0,0.0,0.0,0.0,2.962962962962963,2.962962962962963,-4.770086497352111e-06,5.029893596741886e-06,2.603085273141046,2.614991456766915,-0.004269861592475025,0.000532047604146489
X+,7.800000000000001,5.4,29.729960392000066,0.0,0.8118084721761385,0.0001254058669890555,0.000532047604146489,0.18153105021287727,0.0003557601916331022,-0.0008583477701790028,0.8141006242709914,2.9733267429105517e-06,-3.877901471571594e-06,0.16539733388784378,7.103666260742736e-07,-3.13199917313999e-07,0.8106546549542714,-0.00014280463381063528,-0.0010004570447237353,0.2,0.0,0.0,0.0,0.0,2.962962962962963,2.962962962962963,-4.770086497352111e-06,5.029893596741886e-06,2.603085273141046,2.614991456766915,-0.004269861592475025,0.000532047604146489
X+,7.800000000000001,5.4,29.75524040000164,0.0,0.8118084721761385,0.0001254058669890555,0.000532047604146489,0.18153105021287727,0.0003557601916331022,-0.0008583477701790028,0.8141006242709914,2.9733267429105517e-06,-3.877901471571594e-06,0.16539733388784378,7.103666260742736e-07,-3.13199917313999e-07,0.8106546549542714,-0.00014280463381063528,-0.0010004570447237353,0.2,0.0,0.0,0.0,0.0,2.962962962962963,2.962962962962963,-4.770086497352111e-06,5.029893596741886e-06,2.603085273141046,2.614991456766915,-0.004269861592475025,0.000532047604146489
X+,7.800000000000001,5.4,29.7801280470012,0.0,0.8118084721761385,0.0001254058669890555,0.000532047604146489,0.18153105021287727,0.0003557601916331022,-0.0008583477701790028,0.8141006242709914,2.9733267429105517e-06,-3.877901471571594e-06,0.16539733388784378,7.103666260742736e-07,-3.13199917313999e-07,0.8106546549542714,-0.00014280463381063528,-0.0010004570447237353,0.2,0.0,0.0,0.0,0.0,2.962962962962963,2.962962962962963,-4.770086497352111e-06,5.029893596741886e-06,2.603085273141046,2.614991456766915,-0.004269861592475025,0.000532047604146489
X+,7.800000000000001,5.4,29.809987484000885,0.0,0.8118084721761385,0.0001254058669890555,0.000532047604146489,0.18153105021287727,0.0003557601916331022,-0.0008583477701790028,0.8141006242709914,2.9733267429105517e-06,-3.877901471571594e-06,0.16539733388784378,7.103666260742736e-07,-3.13199917313999e-07,0.8106546549542714,-0.00014280463381063528,-0.0010004570447237353,0.2,0.0,0.0,0.0,0.0,2.962962962962963,2.962962962962963,-4.770086497352111e-06,5.029893596741886e-06,2.603085273141046,2.614991456766915,-0.004269861592475025,0.000532047604146489
X+,7.800000000000001,5.4,29.840566494000086,0.0,0.8118084721761385,0.0001254058669890555,0.000532047604146489,0.18153105021287727,0.0003557601916331022,-0.0008583477701790028,0.8141006242709914,2.9733267429105517e-06,-3.877901471571594e-06,0.16539733388784378,7.103666260742736e-07,-3.13199917313999e-07,0.8106546549542714,-0.00014280463381063528,-0.0010004570447237353,0.2,0.0,0.0,0.0,0.0,2.962962962962963,2.962962962962963,-4.770086497352111e-06,5.029893596741886e-06,2.603085273141046,2.614991456766915,-0.004269861592475025,0.000532047604146489
X+,7.800000000000001,5.4,29.866486001999874,0.0,0.8118084721761385,0.0001254058669890555,0.000532047604146489,0.18153105021287727,0.0003557601916331022,-0.0008583477701790028,0.8141006242709914,2.9733267429105517e-06,-3.877901471571594e-06,0.16539733388784378,7.103666260742736e-07,-3.13199917313999e-07,0.8106546549542714,-0.00014280463381063528,-0.0010004570447237353,0.2,0.0,0.0,0.0,0.0,2.962962962962963,2.962962962962963,-4.770086497352111e-06,5.029893596741886e-06,2.603085273141046,2.614991456766915,-0.004269861592475025,0.000532047604146489
X+,7.800000000000001,5.4,29.890945270002703,0.0,0.8118084721761385,0.0001254058669890555,0.000532047604146489,0.18153105021287727,0.0003557601916331022,-0.0008583477701790028,0.8141006242709914,2.9733267429105517e-06,-3.877901471571594e-06,0.16539733388784378,7.103666260742736e-07,-3.13199917313999e-07,0.8106546549542714,-0.00014280463381063528,-0.0010004570447237353,0.2,0.0,0.0,0.0,0.0,2.962962962962963,2.962962962962963,-4.770086497352111e-06,5.029893596741886e-06,2.603085273141046,2.614991456766915,-0.004269861592475025,0.000532047604146489
X+,7.800000000000001,5.4,29.919256066001253,0.0,0.8118084721761385,0.0001254058669890555,0.000532047604146489,0.18153105021287727,0.0003557601916331022,-0.0008583477701790028,0.8141006242709914,2.9733267429105517e-06,-3.877901471571594e-06,0.16539733388784378,7.103666260742736e-07,-3.13199917313999e-07,0.8106546549542714,-0.00014280463381063528,-0.0010004570447237353,0.2,0.0,0.0,0.0,0.0,2.962962962962963,2.962962962962963,-4.770086497352111e-06,5.029893596741886e-06,2.603085273141046,2.614991456766915,-0.004269861592475025,0.000532047604146489
X+,7.800000000000001,5.4,29.949802941002417,0.0,0.8118084721761385,0.0001254058669890555,0.000532047604146489,0.18153105021287727,0.0003557601916331022,-0.0008583477701790028,0.8141006242709914,2.9733267429105517e-06,-3.877901471571594e-06,0.16539733388784378,7.103666260742736e-07,-3.13199917313999e-07,0.8106546549542714,-0.00014280463381063528,-0.0010004570447237353,0.2,0.0,0.0,0.0,0.0,2.962962962962963,2.962962962962963,-4.770086497352111e-06,5.029893596741886e-06,2.603085273141046,2.614991456766915,-0.004269861592475025,0.000532047604146489
X+,7.800000000000001,5.4,29.983509147001314,0.0,0.8118084721761385,0.0001254058669890555,0.000532047604146489,0.18153105021287727,0.0003557601916331022,-0.0008583477701790028,0.8141006242709914,2.9733267429105517e-06,-3.877901471571594e-06,0.16539733388784378,7.103666260742736e-07,-3.13199917313999e-07,0.8106546549542714,-0.00014280463381063528,-0.0010004570447237353,0.2,0.0,0.0,0.0,0.0,2.962962962962963,2.962962962962963,-4.770086497352111e-06,5.029893596741886e-06,2.603085273141046,2.614991456766915,-0.004269861592475025,0.000532047604146489
X+,7.800000000000001,5.4,30.019256917003077,0.0,0.8118084721761385,0.0001254058669890555,0.000532047604146489,0.18153105021287727,0.0003557601916331022,-0.0008583477701790028,0.8141006242709914,2.9733267429105517e-06,-3.877901471571594e-06,0.16539733388784378,7.103666260742736e-07,-3.13199917313999e-07,0.8106546549542714,-0.00014280463381063528,-0.0010004570447237353,0.2,0.0,0.0,0.0,0.0,2.962962962962963,2.962962962962963,-4.770086497352111e-06,5.029893596741886e-06,2.603085273141046,2.614991456766915,-0.004269861592475025,0.000532047604146489
X+,7.800000000000001,5.4,30.049898994002433,0.0,0.8138044276322995,0.00012668256768031023,0.0005307962065127627,0.1811117008065337,0.0002979301216703569,-0.0006453836266967646,0.8141006242709914,2.9733267429105517e-06,-3.877901471571594e-06,0.16539733388784378,7.103666260742736e-07,-3.13199917313999e-07,0.8106546549542714,-0.00014280463381063528,-0.0010004570447237353,0.2,0.0,0.0,0.0,0.0,2.962962962962963,2.962962962962963,-4.100697968745237e-06,4.8517402424508305e-06,2.6058022829860414,2.6168493939268043,0.0014754373776218513,0.0005308071130221186
X+,7.800000000000001,5.4,30.078004955001234,0.0,0.8168798718010168,0.0001279971081826316,0.0005320999914371927,0.1804434531847234,0.000335287731210978,-0.0007402838302144796,0.8141006242709914,2.9733267429105517e-06,-3.877901471571594e-06,0.16539733388784378,7.103666260742736e-07,-3.13199917313999e-07,0.8106546549542714,-0.00014280463381063528,-0.0010004570447237353,0.2,0.0,0.0,0.0,0.0,2.962962962962963,2.962962962962963,-3.967244730951336e-06,4.967332379202105e-06,2.610576096684927,2.619789958806831,-0.002107802412957964,0.0005321860928776722
X+,7.800000000000001,5.4,30.109147134000523,0.0,0.8210225070017716,0.00013018459442479952,0.000532319024133492,0.17950747033708236,0.0003506543293258957,-0.0008151125945615638,0.8141006242709914,2.9733267429105517e-06,-3.877901471571594e-06,0.16539733388784378,7.103666260742736e-07,-3.13199917313999e-07,0.8106546549542714,-0.00014280463381063528,-0.0010004570447237353,0.2,0.0,0.0,0.0,0.0,2.962962962962963,2.962962962962963,-3.971130050572924e-06,4.958545366307021e-06,2.6143908589750744,2.621989380627596,-0.0026993758117734535,0.000532246624229326
X+,7.800000000000001,5.4,30.138645063001604,0.0,0.8235335620175475,0.00013183860195113434,0.000531066145785006,0.17892351570185894,0.00031540157617782223,-0.0007364087595683873,0.8141006242709914,2.9733267429105517e-06,-3.877901471571594e-06,0.16539733388784378,7.103666260742736e-07,-3.13199917313999e-07,0.8106546549542714,-0.00014280463381063528,-0.0010004570447237353,0.2,0.0,0.0,0.0,0.0,2.962962962962963,2.962962962962963,-3.991497974809022e-06,5.013337056603007e-06,2.616058347734098,2.6228340153632876,0.00043348813785793014,0.0005318537783311609
X+,7.800000000000001,5.4,30.179362871000194,0.0,0.8271064746139796,0.00013348202428779214,0.0005319955665100506,0.1780722385709501,0.00032390170535563883,-0.0007003513687426825,0.8307864964471932,2.9172428772230185e-06,-4.128325709017524e-06,0.1668587217629382,8.622302579274798e-08,-2.5042423744593018e-06,0.8295165658939331,-0.0001572352090429697,-0.0009233382932580806,0.2,0.0,0.0,0.0,0.0,2.962962962962963,2.962962962962963,-3.949608839981522e-06,4.861459328431295e-06,2.618766183121396,2.624312358600887,-0.0018146443365475223,0.0005315858800668375
X+,7.9,5.5,30.211956295002892,0.09999999999999964,0.8290643304275489,0.00013443129758772526,0.000532550154349131,0.177597593281219,0.00036352070976906957,-0.000867205285774754,0.8307864964471932,2.9172428772230185e-06,-4.128325709017524e-06,0.1668587217629382,8.622302579274798e-08,-2.5042423744593018e-06,0.8295165658939331,-0.0001572352090429697,-0.0009233382932580806,0.2,0.0,0.0,0.0,0.0,2.962962962962963,2.962962962962963,-3.976877862577055e-06,4.984051044765181e-06,2.620082905269277,2.624812731332569,0.0005263726162618378,0.000532506054194819
X+,7.9,5.5,30.241628329000378,0.0,0.8290643304275489,0.00013443129758772526,0.000532550154349131,0.177597593281219,0.00036352070976906957,-0.000867205285774754,0.8307864964471932,2.9172428772230185e-06,-4.128325709017524e-06,0.1668587217629382,8.622302579274798e-08,-2.5042423744593018e-06,0.8295165658939331,-0.0001572352090429697,-0.0009233382932580806,0.2,0.0,0.0,0.0,0.0,2.962962962962963,2.962962962962963,-3.976877862577055e-06,4.984051044765181e-06,2.620082905269277,2.624812731332569,0.0005263726162618378,0.000532506054194819
X+,7.9,5.5,30.269760189999943,0.0,0.8290643304275489,0.00013443129758772526,0.000532550154349131,0.177597593281219,0.00036352070976906957,-0.000867205285774754,0.8307864964471932,2.9172428772230185e-06,-4.128325709017524e-06,0.1668587217629382,8.622302579274798e-08,-2.5042423744593018e-06,0.8295165658939331,-0.0001572352090429697,-0.0009233382932580806,0.2,0.0,0.0,0.0,0.0,2.962962962962963,2.962962962962963,-3.976877862577055e-06,4.984051044765181e-06,2.620082905269277,2.624812731332569,0.0005263726162618378,0.000532506054194819
X+,7.9,5.5,30.29643806600143,0.0,0.8290643304275489,0.00013443129758772526,0.000532550154349131,0.177597593281219,0.00036352070976906957,-0.000867205285774754,0.8307864964471932,2.9172428772230185e-06,-4.128325709017524e-06,0.1668587217629382,8.622302579274798e-08,-2.5042423744593018e-06,0.8295165658939331,-0.0001572352090429697,-0.0009233382932580806,0.2,0.0,0.0,0.0,0.0,2.962962962962963,2.962962962962963,-3.976877862577055e-06,4.984051044765181e-06,2.620082905269277,2.624812731332569,0.0005263726162618378,0.000532506054194819
X+,7.9,5.5,30.321222466001927,0.0,0.8290643304275489,0.00013443129758772526,0.000532550154349131,0.177597593281219,0.00036352070976906957,-0.000867205285774754,0.8307864964471932,2.9172428772230185e-06,-4.128325709017524e-06,0.1668587217629382,8.622302579274798e-08,-2.5042423744593018e-06,0.8295165658939331,-0.0001572352090429697,-0.0009233382932580806,0.2,0.0,0.0,0.0,0.0,2.962962962962963,2.962962962962963,-3.976877862577055e-06,4.984051044765181e-06,2.620082905269277,2.624812731332569,0.0005263726162618378,0.000532506054194819
X+,7.9,5.5,30.3463326960009,0.0,0.8290643304275489,0.00013443129758772526,0.000532550154349131,0.177597593281219,0.00036352070976906957,-0.000867205285774754,0.8307864964471932,2.9172428772230185e-06,-4.128325709017524e-06,0.1668587217629382,8.622302579274798e-08,-2.5042423744593018e-06,0.8295165658939331,-0.0001572352090429697,-0.0009233382932580806,0.2,0.0,0.0,0.0,0.0,2.962962962962963,2.962962962962963,-3.976877862577055e-06,4.984051044765181e-06,2.620082905269277,2.624812731332569,0.0005263726162618378,0.000532506054194819
X+,7.9,5.5,30.378162835000694,0.0,0.8290643304275489,0.00013443129758772526,0.000532550154349131,0.177597593281219,0.00036352070976906957,-0.000867205285774754,0.8307864964471932,2.9172428772230185e-06,-4.128325709017524e-06,0.1668587217629382,8.622302579274798e-08,-2.5042423744593018e-06,0.8295165658939331,-0.0001572352090429697,-0.0009233382932580806,0.2,0.0,0.0,0.0,0.0,2.962962962962963,2.962962962962963,-3.976877862577055e-06,4.984051044765181e-06,2.620082905269277,2.624812731332569,0.0005263726162618378,0.000532506054194819
X+,7.9,5.5,30.40219192299992,0.0,0.8290643304275489,0.00013443129758772526,0.000532550154349131,0.177597593281219,0.00036352070976906957,-0.000867205285774754,0.8307864964471932,2.9172428772230185e-06,-4.128325709017524e-06,0.1668587217629382,8.622302579274798e-08,-2.5042423744593018e-06,0.8295165658939331,-0.0001572352090429697,-0.0009233382932580806,0.2,0.0,0.0,0.0,0.0,2.962962962962963,2.962962962962963,-3.976877862577055e-06,4.984051044765181e-06,2.620082905269277,2.624812731332569,0.0005263726162618378,0.000532506054194819
X+,7.9,5.5,30.43410133600264,0.0,0.8290643304275489,0.00013443129758772526,0.000532550154349131,0.177597593281219,0.00036352070976906957,-0.000867205285774754,0.8307864964471932,2.9172428772230185e-06,-4.128325709017524e-06,0.1668587217629382,8.622302579274798e-08,-2.5042423744593018e-06,0.8295165658939331,-0.0001572352090429697,-0.0009233382932580806,0.2,0.0,0.0,0.0,0.0,2.962962962962963,2.962962962962963,-3.976877862577055e-06,4.984051044765181e-06,2.620082905269277,2.624812731332569,0.0005263726162618378,0.000532506054194819
X+,7.9,5.5,30.461428564001835,0.0,0.8290643304275489,0.00013443129758772526,0.000532550154349131,0.177597593281219,0.00036352070976906957,-0.000867205285774754,0.8307864964471932,2.9172428772230185e-06,-4.128325709017524e-06,0.1668587217629382,8.622302579274798e-08,-2.5042423744593018e-06,0.8295165658939331,-0.0001572352090429697,-0.0009233382932580806,0.2,0.0,0.0,0.0,0.0,2.962962962962963,2.962962962962963,-3.976877862577055e-06,4.984051044765181e-06,2.620082905269277,2.624812731332569,0.0005263726162618378,0.000532506054194819
X+,7.9,5.5,30.490526907000458,0.0,0.8290643304275489,0.00013443129758772526,0.000532550154349131,0.177597593281219,0.00036352070976906957,-0.000867205285774754,0.8307864964471932,2.9172428772230185e-06,-4.128325709017524e-06,0.1668587217629382,8.622302579274798e-08,-2.5042423744593018e-06,0.8295165658939331,-0.0001572352090429697,-0.0009233382932580806,0.2,0.0,0.0,0.0,0.0,2.962962962962963,2.962962962962963,-3.976877862577055e-06,4.984051044765181e-06,2.620082905269277,2.624812731332569,0.0005263726162618378,0.000532506054194819
X+,7.9,5.5,30.51968732900059,0.0,0.8290643304275489,0.00013443129758772526,0.000532550154349131,0.177597593281219,0.00036352070976906957,-0.000867205285774754,0.8307864964471932,2.9172428772230185e-06,-4.128325709017524e-06,0.1668587217629382,8.622302579274798e-08,-2.5042423744593018e-06,0.8295165658939331,-0.0001572352090429697,-0.0009233382932580806,0.2,0.0,0.0,0.0,0.0,2.962962962962963,2.962962962962963,-3.976877862577055e-06,4.984051044765181e-06,2.620082905269277,2.624812731332569,0.0005263726162618378,0.000532506054194819
X+,7.9,5.5,30.560984122002992,0.0,0.8301300958831881,0.00013527486836009336,0.0005314298606561125,0.17733740358014957,0.00033281232742700655,-0.0007929227506137037,0.8307864964471932,2.9172428772230185e-06,-4.128325709017524e-06,0.1668587217629382,8.622302579274798e-08,-2.5042423744593018e-06,0.8295165658939331,-0.0001572352090429697,-0.0009233382932580806,0.2,0.0,0.0,0.0,0.0,2.962962962962963,2.962962962962963,-3.9909955873440595e-06,5.015119107554256e-06,2.621268263004871,2.6252346721776947,-0.000885272107245555,0.0005316441505449071
X+,7.9,5.5,30.588287790000322,0.0,0.8334945940904003,0.00013693445759351778,0.0005318540142632025,0.17650368258389132,0.00031281268717159663,-0.0006601573679823934,0.8307864964471932,2.9172428772230185e-06,-4.128325709017524e-06,0.1668587217629382,8.622302579274798e-08,-2.5042423744593018e-06,0.8295165658939331,-0.0001572352090429697,-0.0009233382932580806,0.2,0.0,0.0,0.0,0.0,2.962962962962963,2.962962962962963,-3.963254063599209e-06,4.8975477717760896e-06,2.6232212585451697,2.626052804197174,0.0029328388172735606,0.0005318540142632025
X+,7.9,5.5,30.626698785999906,0.0,0.8363156045238498,0.00013829709399013068,0.0005326799375144338,0.1757945190672581,0.0003659718028602262,-0.0008844763615327127,0.8307864964471932,2.9172428772230185e-06,-4.128325709017524e-06,0.1668587217629382,8.622302579274798e-08,-2.5042423744593018e-06,0.8295165658939331,-0.0001572352090429697,-0.0009233382932580806,0.2,0.0,0.0,0.0,0.0,2.962962962962963,2.962962962962963,-4.0008319182049945e-06,5.050696286090783e-06,2.625178524183646,2.626456125737432,-0.0019865308818043364,0.0005327112432515473
X+,7.9,5.5,30.65161428400097,0.0,0.8385993392317126,0.00013956366754076886,0.0005324476116519435,0.17521345528668686,0.0003408251635795129,-0.000794052340820521,0.8307864964471932,2.9172428772230185e-06,-4.128325709017524e-06,0.1668587217629382,8.622302579274798e-08,-2.5042423744593018e-06,0.8295165658939331,-0.0001572352090429697,-0.0009233382932580806,0.2,0.0,0.0,0.0,0.0,2.962962962962963,2.962962962962963,-3.988997897330648e-06,4.9783716375984e-06,2.6260179903204577,2.626758599463179,0.001533570721781282,0.0005318788146547273
X+,7.9,5.5,30.684718402000726,0.0,0.8415744358170687,0.00014143482668056012,0.0005313796622512888,0.17444759222847617,0.0003120454540764821,-0.0007345793083553927,0.8475199217774576,2.8569336012089863e-06,-4.3812333942179105e-06,0.16733425330370857,8.771753977141314e-08,-2.5290768520038645e-06,0.8297437099169058,-0.0001632329356439791,-0.0009969619883336558,0.2,0.0,0.0,0.0,0.0,2.962962962962963,2.962962962962963,-3.68432052599843e-06,4.894232309204938e-06,2.6277486626928637,2.6272438076720506,-0.0044609426485303,0.0005323582383613729
X+,8.0,5.6,30.709843066000758,0.09999999999999964,0.8447103075936973,0.00014288847169427205,0.0005321018123734717,0.17362755999194796,0.00031104668784967884,-0.0006550090267226224,0.8475199217774576,2.8569336012089863e-06,-4.3812333942179105e-06,0.16733425330370857,8.771753977141314e-08,-2.5290768520038645e-06,0.8297437099169058,-0.0001632329356439791,-0.0009969619883336558,0.2,0.0,0.0,0.0,0.0,2.962962962962963,2.962962962962963,-3.537618004756382e-06,4.865090287964335e-06,2.62861947333651,2.62756727125807,-3.873804364567732e-06,0.0005317766659937708
X+,8.0,5.6,30.7364207990031,0.0,0.8473122991909543,0.00014412631663472762,0.0005329227934914828,0.17293897309163273,0.0003613484715261066,-0.0008715257523248429,0.8475199217774576,2.8569336012089863e-06,-4.3812333942179105e-06,0.16733425330370857,8.771753977141314e-08,-2.5290768520038645e-06,0.8297437099169058,-0.0001632329356439791,-0.0009969619883336558,0.2,0.0,0.0,0.0,0.0,2.962962962962963,2.962962962962963,-3.4226441556484133e-06,5.089417658865614e-06,2.630606673003226,2.6278332648881193,-0.0027235575915594214,0.0005327236737898679
X+,8.0,5.6,30.764542221000738,0.0,0.8473122991909543,0.00014412631663472762,0.0005329227934914828,0.17293897309163273,0.0003613484715261066,-0.0008715257523248429,0.8475199217774576,2.8569336012089863e-06,-4.3812333942179105e-06,0.16733425330370857,8.771753977141314e-08,-2.5290768520038645e-06,0.8297437099169058,-0.0001632329356439791,-0.0009969619883336558,0.2,0.0,0.0,0.0,0.0,2.962962962962963,2.962962962962963,-3.4226441556484133e-06,5.089417658865614e-06,2.630606673003226,2.6278332648881193,-0.0027235575915594214,0.0005327236737898679
X+,8.0,5.6,30.793987998000375,0.0,0.8473122991909543,0.00014412631663472762,0.0005329227934914828,0.17293897309163273,0.0003613484715261066,-0.0008715257523248429,0.8475199217774576,2.8569336012089863e-06,-4.3812333942179105e-06,0.16733425330370857,8.771753977141314e-08,-2.5290768520038645e-06,0.8297437099169058,-0.0001632329356439791,-0.0009969619883336558,0.2,0.0,0.0,0.0,0.0,2.962962962962963,2.962962962962963,-3.4226441556484133e-06,5.089417658865614e-06,2.630606673003226,2.6278332648881193,-0.0027235575915594214,0.0005327236737898679
X+,8.0,5.6,30.822577673003252,0.0,0.8473122991909543,0.00014412631663472762,0.0005329227934914828,0.17293897309163273,0.0003613484715261066,-0.0008715257523248429,0.8475199217774576,2.8569336012089863e-06,-4.3812333942179105e-06,0.16733425330370857,8.771753977141314e-08,-2.5290768520038645e-06,0.8297437099169058,-0.0001632329356439791,-0.0009969619883336558,0.2,0.0,0.0,0.0,0.0,2.962962962962963,2.962962962962963,-3.4226441556484133e-06,5.089417658865614e-06,2.630606673003226,2.6278332648881193,-0.0027235575915594214,0.0005327236737898679
X+,8.0,5.6,30.847802198000863,0.0,0.8473122991909543,0.00014412631663472762,0.0005329227934914828,0.17293897309163273,0.0003613484715261066,-0.0008715257523248429,0.8475199217774576,2.8569336012089863e-06,-4.3812333942179105e-06,0.16733425330370857,8.771753977141314e-08,-2.5290768520038645e-06,0.8297437099169058,-0.0001632329356439791,-0.0009969619883336558,0.2,0.0,0.0,0.0,0.0,2.962962962962963,2.962962962962963,-3.4226441556484133e-06,5.089417658865614e-06,2.630606673003226,2.6278332648881193,-0.0027235575915594214,0.0005327236737898679
X+,8.0,5.6,30.88063629899989,0.0,0.8473122991909543,0.00014412631663472762,0.0005329227934914828,0.17293897309163273,0.0003613484715261066,-0.0008715257523248429,0.8475199217774576,2.8569336012089863e-06,-4.3812333942179105e-06,0.16733425330370857,8.771753977141314e-08,-2.5290768520038645e-06,0.8297437099169058,-0.0001632329356439791,-0.0009969619883336558,0.2,0.0,0.0,0.0,0.0,2.962962962962963,2.962962962962963,-3.4226441556484133e-06,5.089417658865614e-06,2.630606673003226,2.6278332648881193,-0.0027235575915594214,0.0005327236737898679
X+,8.0,5.6,30.917569188000925,0.0,0.8473122991909543,0.00014412631663472762,0.0005329227934914828,0.17293897309163273,0.0003613484715261066,-0.0008715257523248429,0.8475199217774576,2.8569336012089863e-06,-4.3812333942179105e-06,0.16733425330370857,8.771753977141314e-08,-2.5290768520038645e-06,0.8297437099169058,-0.0001632329356439791,-0.0009969619883336558,0.2,0.0,0.0,0.0,0.0,2.962962962962963,2.962962962962963,-3.4226441556484133e-06,5.089417658865614e-06,2.630606673003226,2.6278332648881193,-0.0027235575915594214,0.0005327236737898679
X+,8.0,5.6,30.950563058002444,0.0,0.8473122991909543,0.00014412631663472762,0.0005329227934914828,0.17293897309163273,0.0003613484715261066,-0.0008715257523248429,0.8475199217774576,2.8569336012089863e-06,-4.3812333942179105e-06,0.16733425330370857,8.771753977141314e-08,-2.5290768520038645e-06,0.8297437099169058,-0.0001632329356439791,-0.0009969619883336558,0.2,0.0,0.0,0.0,0.0,2.962962962962963,2.962962962962963,-3.4226441556484133e-06,5.089417658865614e-06,2.630606673003226,2.6278332648881193,-0.0027235575915594214,0.0005327236737898679
X+,8.0,5.6,30.983243624999886,0.0,0.8473122991909543,0.00014412631663472762,0.0005329227934914828,0.17293897309163273,0.0003613484715261066,-0.0008715257523248429,0.8475199217774576,2.8569336012089863e-06,-4.3812333942179105e-06,0.16733425330370857,8.771753977141314e-08,-2.5290768520038645e-06,0.8297437099169058,-0.0001632329356439791,-0.0009969619883336558,0.2,0.0,0.0,0.0,0.0,2.962962962962963,2.962962962962963,-3.4226441556484133e-06,5.089417658865614e-06,2.630606673003226,2.6278332648881193,-0.0027235575915594214,0.0005327236737898679
X+,8.0,5.6,31.013133341002685,0.0,0.8473122991909543,0.00014412631663472762,0.0005329227934914828,0.17293897309163273,0.0003613484715261066,-0.0008715257523248429,0.8475199217774576,2.8569336012089863e-06,-4.3812333942179105e-06,0.16733425330370857,8.771753977141314e-08,-2.5290768520038645e-06,0.8297437099169058,-0.0001632329356439791,-0.0009969619883336558,0.2,0.0,0.0,0.0,0.0,2.962962962962963,2.962962962962963,-3.4226441556484133e-06,5.089417658865614e-06,2.630606673003226,2.6278332648881193,-0.0027235575915594214,0.0005327236737898679
X+,8.0,5.6,31.038962444999925,0.0,0.8473122991909543,0.00014412631663472762,0.0005329227934914828,0.17293897309163273,0.0003613484715261066,-0.0008715257523248429,0.8475199217774576,2.8569336012089863e-06,-4.3812333942179105e-06,0.16733425330370857,8.771753977141314e-08,-2.5290768520038645e-06,0.8297437099169058,-0.0001632329356439791,-0.0009969619883336558,0.2,0.0,0.0,0.0,0.0,2.962962962962963,2.962962962962963,-3.4226441556484133e-06,5.089417658865614e-06,2.630606673003226,2.6278332648881193,-0.0027235575915594214,0.0005327236737898679
X+,8.0,5.6,31.074310866002634,0.0,0.8473122991909543,0.00014412631663472762,0.0005329227934914828,0.17293897309163273,0.0003613484715261066,-0.0008715257523248429,0.8475199217774576,2.8569336012089863e-06,-4.3812333942179105e-06,0.16733425330370857,8.771753977141314e-08,-2.5290768520038645e-06,0.8297437099169058,-0.0001632329356439791,-0.0009969619883336558,0.2,0.0,0.0,0.0,0.0,2.962962962962963,2.962962962962963,-3.4226441556484133e-06,5.089417658865614e-06,2.630606673003226,2.6278332648881193,-0.0027235575915594214,0.0005327236737898679
X+,8.0,5.6,31.104393235000316,0.0,0.8473122991909543,0.00014412631663472762,0.0005329227934914828,0.17293897309163273,0.0003613484715261066,-0.0008715257523248429,0.8475199217774576,2.8569336012089863e-06,-4.3812333942179105e-06,0.16733425330370857,8.771753977141314e-08,-2.5290768520038645e-06,0.8297437099169058,-0.0001632329356439791,-0.0009969619883336558,0.2,0.0,0.0,0.0,0.0,2.962962962962963,2.962962962962963,-3.4226441556484133e-06,5.089417658865614e-06,2.630606673003226,2.6278332648881193,-0.0027235575915594214,0.0005327236737898679
X+,8.0,5.6,31.132955855002365,0.0,0.8490412490160987,0.00014513253335607552,0.0005324378137944221,0.17247669524257508,0.0003327889126793607,-0.0007806916750923441,0.8475199217774576,2.8569336012089863e-06,-4.3812333942179105e-06,0.16733425330370857,8.771753977141314e-08,-2.5290768520038645e-06,0.8297437099169058,-0.0001632329356439791,-0.0009969619883336558,0.2,0.0,0.0,0.0,0.0,2.962962962962963,2.962962962962963,5.370855951092324e-06,4.99105491957863e-06,2.631602907019497,2.6282286911515134,-0.0006681986498471747,0.0005323535585128451
X+,8.0,5.6,31.164208247002534,0.0,0.8521417450270643,0.0001469865069244295,0.0005315291666176822,0.17163684720541422,0.00030716276002112496,-0.0007296757004116803,0.8475199217774576,2.8569336012089863e-06,-4.3812333942179105e-06,0.16733425330370857,8.771753977141314e-08,-2.5290768520038645e-06,0.8297437099169058,-0.0001632329356439791,-0.0009969619883336558,0.2,0.0,0.0,0.0,0.0,2.962962962962963,2.962962962962963,3.451827896405746e-06,4.940322659408025e-06,2.6337478882646788,2.6290193993156366,-0.00047265945739541115,0.0005321686096345991
X+,8.0,5.6,31.191544927001814,0.0,0.855398029215883,0.00014842522255608184,0.0005322243203119648,0.17073682706993326,0.00031065705187351096,-0.0006765908107356037,0.8475199217774576,2.8569336012089863e-06,-4.3812333942179105e-06,0.16733425330370857,8.771753977141314e-08,-2.5290768520038645e-06,0.8297437099169058,-0.0001632329356439791,-0.0009969619883336558,0.2,0.0,0.0,0.0,0.0,2.962962962962963,2.962962962962963,-3.4081104969274634e-06,4.88033123247078e-06,2.6348698557163077,2.6296296917284474,-0.0019038172268296327,0.0005319376762521422
X+,8.0,5.6,31.219891129003372,0.0,0.8577864769700114,0.00014952266352159967,0.0005328390523619463,0.17006590692905074,0.0003555487237143574,-0.0008702700249178803,0.8475199217774576,2.8569336012089863e-06,-4.3812333942179105e-06,0.16733425330370857,8.771753977141314e-08,-2.5290768520038645e-06,0.8297437099169058,-0.0001632329356439791,-0.0009969619883336558,0.2,0.0,0.0,0.0,0.0,2.962962962962963,2.962962962962963,6.09598723588789e-06,5.124292289160337e-06,2.6374441202659615,2.6303967266105555,-0.001774343360778007,0.0005327703084097359
X+,8.0,5.6,31.248947949003195,0.0,0.8608435105883253,0.00015105036788926746,0.000532755264835148,0.16918821811199608,0.0003429048840478581,-0.00083736126964188,0.8642979948747447,2.8775631873936676e-06,-4.353645558741758e-06,0.1677807309703563,9.413824032871145e-07,2.758783547615237e-07,0.864594007030291,-0.0001990545713627793,-0.0012476581089302392,0.2,0.0,0.0,0.0,0.0,2.962962962962963,2.962962962962963,3.4538147968277144e-06,5.3560730641777354e-06,2.640278177040947,2.631967526831858,0.0004353445866480648,0.0005324918846196125
X+,8.1,5.699999999999999,31.272525098000187,0.09999999999999964,0.8635476178328826,0.00015272002420491787,0.0005309402158122376,0.16839305232590168,0.0002835145847835973,-0.0006556026086068175,0.8642979948747447,2.8775631873936676e-06,-4.353645558741758e-06,0.1677807309703563,9.413824032871145e-07,2.758783547615237e-07,0.864594007030291,-0.0001990545713627793,-0.0012476581089302392,0.2,0.0,0.0,0.0,0.0,2.962962962962963,2.962962962962963,3.4391349963414086e-06,5.544431453508025e-06,2.6418345599348325,2.632868426674846,-0.0002731819584757025,0.0005309402158122376
X+,8.1,5.699999999999999,31.305186093002703,0.0,0.8638847366036008,0.00015290003725836662,0.0005307924047451226,0.16829231901689878,0.0002771596428467209,-0.0006256773377561282,0.8642979948747447,2.8775631873936676e-06,-4.353645558741758e-06,0.1677807309703563,9.413824032871145e-07,2.758783547615237e-07,0.864594007030291,-0.0001990545713627793,-0.0012476581089302392,0.2,0.0,0.0,0.0,0.0,2.962962962962963,2.962962962962963,3.6023070304480598e-06,5.4591690155092465e-06,2.6434763964397057,2.6340588210831566,-0.0002731819584757025,0.0005309402158122376
X+,8.1,5.699999999999999,31.332713016003254,0.0,0.8638847366036008,0.00015290003725836662,0.0005307924047451226,0.16829231901689878,0.0002771596428467209,-0.0006256773377561282,0.8642979948747447,2.8775631873936676e-06,-4.353645558741758e-06,0.1677807309703563,9.413824032871145e-07,2.758783547615237e-07,0.864594007030291,-0.0001990545713627793,-0.0012476581089302392,0.2,0.0,0.0,0.0,0.0,2.962962962962963,2.962962962962963,3.6023070304480598e-06,5.4591690155092465e-06,2.6434763964397057,2.6340588210831566,-0.0002731819584757025,0.0005309402158122376
X+,8.1,5.699999999999999,31.361336486002983,0.0,0.8638847366036008,0.00015290003725836662,0.0005307924047451226,0.16829231901689878,0.0002771596428467209,-0.0006256773377561282,0.8642979948747447,2.8775631873936676e-06,-4.353645558741758e-06,0.1677807309703563,9.413824032871145e-07,2.758783547615237e-07,0.864594007030291,-0.0001990545713627793,-0.0012476581089302392,0.2,0.0,0.0,0.0,0.0,2.962962962962963,2.962962962962963,3.6023070304480598e-06,5.4591690155092465e-06,2.6434763964397057,2.6340588210831566,-0.0002731819584757025,0.0005309402158122376
X+,8.1,5.699999999999999,31.385304657000233,0.0,0.8638847366036008,0.00015290003725836662,0.0005307924047451226,0.16829231901689878,0.0002771596428467209,-0.0006256773377561282,0.8642979948747447,2.8775631873936676e-06,-4.353645558741758e-06,0.1677807309703563,9.413824032871145e-07,2.758783547615237e-07,0.864594007030291,-0.0001990545713627793,-0.0012476581089302392,0.2,0.0,0.0,0.0,0.0,2.962962962962963,2.962962962962963,3.6023070304480598e-06,5.4591690155092465e-06,2.6434763964397057,2.6340588210831566,-0.0002731819584757025,0.0005309402158122376
X+,8.1,5.699999999999999,31.410988070001622,0.0,0.8638847366036008,0.00015290003725836662,0.0005307924047451226,0.16829231901689878,0.0002771596428467209,-0.0006256773377561282,0.8642979948747447,2.8775631873936676e-06,-4.353645558741758e-06,0.1677807309703563,9.413824032871145e-07,2.758783547615237e-07,0.864594007030291,-0.0001990545713627793,-0.0012476581089302392,0.2,0.0,0.0,0.0,0.0,2.962962962962963,2.962962962962963,3.6023070304480598e-06,5.4591690155092465e-06,2.6434763964397057,2.6340588210831566,-0.0002731819584757025,0.0005309402158122376
X+,8.1,5.699999999999999,31.44251219200305,0.0,0.8638847366036008,0.00015290003725836662,0.0005307924047451226,0.16829231901689878,0.0002771596428467209,-0.0006256773377561282,0.8642979948747447,2.8775631873936676e-06,-4.353645558741758e-06,0.1677807309703563,9.413824032871145e-07,2.758783547615237e-07,0.864594007030291,-0.0001990545713627793,-0.0012476581089302392,0.2,0.0,0.0,0.0,0.0,2.962962962962963,2.962962962962963,3.6023070304480598e-06,5.4591690155092465e-06,2.6434763964397057,2.6340588210831566,-0.0002731819584757025,0.0005309402158122376
X+,8.1,5.699999999999999,31.47714272200028,0.0,0.8638847366036008,0.00015290003725836662,0.0005307924047451226,0.16829231901689878,0.0002771596428467209,-0.0006256773377561282,0.8642979948747447,2.8775631873936676e-06,-4.353645558741758e-06,0.1677807309703563,9.413824032871145e-07,2.758783547615237e-07,0.864594007030291,-0.0001990545713627793,-0.0012476581089302392,0.2,0.0,0.0,0.0,0.0,2.962962962962963,2.962962962962963,3.6023070304480598e-06,5.4591690155092465e-06,2.6434763964397057,2.6340588210831566,-0.0002731819584757025,0.0005309402158122376
X+,8.1,5.699999999999999,31.502595859001303,0.0,0.8638847366036008,0.00015290003725836662,0.0005307924047451226,0.16829231901689878,0.0002771596428467209,-0.0006256773377561282,0.8642979948747447,2.8775631873936676e-06,-4.353645558741758e-06,0.1677807309703563,9.413824032871145e-07,2.758783547615237e-07,0.864594007030291,-0.0001990545713627793,-0.0012476581089302392,0.2,0.0,0.0,0.0,0.0,2.962962962962963,2.962962962962963,3.6023070304480598e-06,5.4591690155092465e-06,2.6434763964397057,2.6340588210831566,-0.0002731819584757025,0.0005309402158122376
X+,8.1,5.699999999999999,31.526287560001947,0.0,0.8638847366036008,0.00015290003725836662,0.0005307924047451226,0.16829231901689878,0.0002771596428467209,-0.0006256773377561282,0.8642979948747447,2.8775631873936676e-06,-4.353645558741758e-06,0.1677807309703563,9.413824032871145e-07,2.758783547615237e-07,0.864594007030291,-0.0001990545713627793,-0.0012476581089302392,0.2,0.0,0.0,0.0,0.0,2.962962962962963,2.962962962962963,3.6023070304480598e-06,5.4591690155092465e-06,2.6434763964397057,2.6340588210831566,-0.0002731819584757025,0.0005309402158122376
X+,8.1,5.699999999999999,31.558833114002482,0.0,0.8638847366036008,0.00015290003725836662,0.0005307924047451226,0.16829231901689878,0.0002771596428467209,-0.0006256773377561282,0.8642979948747447,2.8775631873936676e-06,-4.353645558741758e-06,0.1677807309703563,9.413824032871145e-07,2.758783547615237e-07,0.864594007030291,-0.0001990545713627793,-0.0012476581089302392,0.2,0.0,0.0,0.0,0.0,2.962962962962963,2.962962962962963,3.6023070304480598e-06,5.4591690155092465e-06,2.6434763964397057,2.6340588210831566,-0.0002731819584757025,0.0005309402158122376
X+,8.1,5.699999999999999,31.58563641100045,0.0,0.8638847366036008,0.00015290003725836662,0.0005307924047451226,0.16829231901689878,0.0002771596428467209,-0.0006256773377561282,0.8642979948747447,2.8775631873936676e-06,-4.353645558741758e-06,0.1677807309703563,9.413824032871145e-07,2.758783547615237e-07,0.864594007030291,-0.0001990545713627793,-0.0012476581089302392,0.2,0.0,0.0,0.0,0.0,2.962962962962963,2.962962962962963,3.6023070304480598e-06,5.4591690155092465e-06,2.6434763964397057,2.6340588210831566,-0.0002731819584757025,0.0005309402158122376
X+,8.1,5.699999999999999,31.61331841500214,0.0,0.8638847366036008,0.00015290003725836662,0.0005307924047451226,0.16829231901689878,0.0002771596428467209,-0.0006256773377561282,0.8642979948747447,2.8775631873936676e-06,-4.353645558741758e-06,0.1677807309703563,9.413824032871145e-07,2.758783547615237e-07,0.864594007030291,-0.0001990545713627793,-0.0012476581089302392,0.2,0.0,0.0,0.0,0.0,2.962962962962963,2.962962962962963,3.6023070304480598e-06,5.4591690155092465e-06,2.6434763964397057,2.6340588210831566,-0.0002731819584757025,0.0005309402158122376
X+,8.1,5.699999999999999,31.647190660001797,0.0,0.8638847366036008,0.00015290003725836662,0.0005307924047451226,0.16829231901689878,0.0002771596428467209,-0.0006256773377561282,0.8642979948747447,2.8775631873936676e-06,-4.353645558741758e-06,0.1677807309703563,9.413824032871145e-07,2.758783547615237e-07,0.864594007030291,-0.0001990545713627793,-0.0012476581089302392,0.2,0.0,0.0,0.0,0.0,2.962962962962963,2.962962962962963,3.6023070304480598e-06,5.4591690155092465e-06,2.6434763964397057,2.6340588210831566,-0.0002731819584757025,0.0005309402158122376
X+,8.1,5.699999999999999,31.679413606001617,0.0,0.8667420670609386,0.00015393848389080173,0.0005318964548435564,0.16742709826209015,0.00031481724820435714,-0.0007307289879203893,0.8642979948747447,2.8775631873936676e-06,-4.353645558741758e-06,0.1677807309703563,9.413824032871145e-07,2.758783547615237e-07,0.864594007030291,-0.0001990545713627793,-0.0012476581089302392,0.2,0.0,0.0,0.0,0.0,2.962962962962963,2.962962962962963,3.8493363438973915e-06,5.643506719721358e-06,2.6452566970247773,2.6350298034412085,-0.001791570886014175,0.0005313549218292396
X+,8.1,5.699999999999999,31.708361576002062,0.0,0.8694178792947116,0.00015533708200105804,0.0005312755838121247,0.1665958508256247,0.00032607888167608884,-0.0008237231288642257,0.8642979948747447,2.8775631873936676e-06,-4.353645558741758e-06,0.1677807309703563,9.413824032871145e-07,2.758783547615237e-07,0.864594007030291,-0.0001990545713627793,-0.0012476581089302392,0.2,0.0,0.0,0.0,0.0,2.962962962962963,2.962962962962963,4.4581180107527985e-06,6.493689102882172e-06,2.649248929842249,2.637200575475581,0.0004327027889766338,0.0005319224842659826
X+,8.1,5.699999999999999,31.734306771002593,0.0,0.8724121167608841,0.0001564804186983326,0.0005319051148841184,0.16563476391184986,0.0003376380510080799,-0.0008545558035913184,0.8642979948747447,2.8775631873936676e-06,-4.353645558741758e-06,0.1677807309703563,9.413824032871145e-07,2.758783547615237e-07,0.864594007030291,-0.0001990545713627793,-0.0012476581089302392,0.2,0.0,0.0,0.0,0.0,2.962962962962963,2.962962962962963,4.890291280368331e-06,7.011778231813537e-06,2.6538308502562264,2.640266318498706,-0.0008638644301893502,0.0005318996166201554
X+,8.1,5.699999999999999,31.76694629800113,0.0,0.8755538145329962,0.00015819714438995193,0.0005295880934383557,0.164586653225092,0.0002560974337691996,-0.000557253211375575,0.8642979948747447,2.8775631873936676e-06,-4.353645558741758e-06,0.1677807309703563,9.413824032871145e-07,2.758783547615237e-07,0.864594007030291,-0.0001990545713627793,-0.0012476581089302392,0.2,0.0,0.0,0.0,0.0,2.962962962962963,2.962962962962963,5.327918485953376e-06,7.192073804951349e-06,2.656395194598559,2.642311418907434,0.003101907559212215,0.0005295880934383557
X+,8.1,5.699999999999999,31.798938230000203,0.0,0.8775276854306354,0.00015878118028954738,0.0005305043417784338,0.16390434833622136,0.00029437726183642154,-0.0006806571550819134,0.8811743754387233,2.909693675338403e-06,-4.405135995885258e-06,0.1687638056367885,1.056042672342003e-06,-5.149043714349923e-07,0.8816974951861135,-0.00021865630050542405,-0.0011894180445399802,0.2,0.0,0.0,0.0,0.0,2.962962962962963,2.962962962962963,5.818809412971859e-06,6.237953641630156e-06,2.6620976662911477,2.6464152379889603,-0.00038138819860615325,0.0005303792946968883
X+,8.200000000000001,5.800000000000001,31.83248994099995,0.10000000000000142,0.8803098876934135,0.00015996643011169636,0.0005302115900836345,0.1629091347115527,0.0003214743346079237,-0.0008182683192110543,0.8811743754387233,2.909693675338403e-06,-4.405135995885258e-06,0.1687638056367885,1.056042672342003e-06,-5.149043714349923e-07,0.8816974951861135,-0.00021865630050542405,-0.0011894180445399802,0.2,0.0,0.0,0.0,0.0,2.962962962962963,2.962962962962963,6.021572206194037e-06,-4.997980693310922e-06,2.6652996516345397,2.648569293067688,-0.0028157491129963633,0.0005309744778331328
X+,8.200000000000001,5.800000000000001,31.863197955000942,0.0,0.8803098876934135,0.00015996643011169636,0.0005302115900836345,0.1629091347115527,0.0003214743346079237,-0.0008182683192110543,0.8811743754387233,2.909693675338403e-06,-4.405135995885258e-06,0.1687638056367885,1.056042672342003e-06,-5.149043714349923e-07,0.8816974951861135,-0.00021865630050542405,-0.0011894180445399802,0.2,0.0,0.0,0.0,0.0,2.962962962962963,2.962962962962963,6.021572206194037e-06,-4.997980693310922e-06,2.6652996516345397,2.648569293067688,-0.0028157491129963633,0.0005309744778331328
X+,8.200000000000001,5.800000000000001,31.88858011100092,0.0,0.8803098876934135,0.00015996643011169636,0.0005302115900836345,0.1629091347115527,0.0003214743346079237,-0.0008182683192110543,0.8811743754387233,2.909693675338403e-06,-4.405135995885258e-06,0.1687638056367885,1.056042672342003e-06,-5.149043714349923e-07,0.8816974951861135,-0.00021865630050542405,-0.0011894180445399802,0.2,0.0,0.0,0.0,0.0,2.962962962962963,2.962962962962963,6.021572206194037e-06,-4.997980693310922e-06,2.6652996516345397,2.648569293067688,-0.0028157491129963633,0.0005309744778331328
X+,8.200000000000001,5.800000000000001,31.9140807640033,0.0,0.8803098876934135,0.00015996643011169636,0.0005302115900836345,0.1629091347115527,0.0003214743346079237,-0.0008182683192110543,0.8811743754387233,2.909693675338403e-06,-4.405135995885258e-06,0.1687638056367885,1.056042672342003e-06,-5.149043714349923e-07,0.8816974951861135,-0.00021865630050542405,-0.0011894180445399802,0.2,0.0,0.0,0.0,0.0,2.962962962962963,2.962962962962963,6.021572206194037e-06,-4.997980693310922e-06,2.6652996516345397,2.648569293067688,-0.0028157491129963633,0.0005309744778331328
X+,8.200000000000001,5.800000000000001,31.937861925001926,0.0,0.8803098876934135,0.00015996643011169636,0.0005302115900836345,0.1629091347115527,0.0003214743346079237,-0.0008182683192110543,0.8811743754387233,2.909693675338403e-06,-4.405135995885258e-06,0.1687638056367885,1.056042672342003e-06,-5.149043714349923e-07,0.8816974951861135,-0.00021865630050542405,-0.0011894180445399802,0.2,0.0,0.0,0.0,0.0,2.962962962962963,2.962962962962963,6.021572206194037e-06,-4.997980693310922e-06,2.6652996516345397,2.648569293067688,-0.0028157491129963633,0.0005309744778331328
X+,8.200000000000001,5.800000000000001,31.96614535700064,0.0,0.8803098876934135,0.00015996643011169636,0.0005302115900836345,0.1629091347115527,0.0003214743346079237,-0.0008182683192110543,0.8811743754387233,2.909693675338403e-06,-4.405135995885258e-06,0.1687638056367885,1.056042672342003e-06,-5.149043714349923e-07,0.8816974951861135,-0.00021865630050542405,-0.0011894180445399802,0.2,0.0,0.0,0.0,0.0,2.962962962962963,2.962962962962963,6.021572206194037e-06,-4.997980693310922e-06,2.6652996516345397,2.648569293067688,-0.0028157491129963633,0.0005309744778331328
X+,8.200000000000001,5.800000000000001,31.995444295000198,0.0,0.8803098876934135,0.00015996643011169636,0.0005302115900836345,0.1629091347115527,0.0003214743346079237,-0.0008182683192110543,0.8811743754387233,2.909693675338403e-06,-4.405135995885258e-06,0.1687638056367885,1.056042672342003e-06,-5.149043714349923e-07,0.8816974951861135,-0.00021865630050542405,-0.0011894180445399802,0.2,0.0,0.0,0.0,0.0,2.962962962962963,2.962962962962963,6.021572206194037e-06,-4.997980693310922e-06,2.6652996516345397,2.648569293067688,-0.0028157491129963633,0.0005309744778331328
X+,8.200000000000001,5.800000000000001,32.02725382900098,0.0,0.8803098876934135,0.00015996643011169636,0.0005302115900836345,0.1629091347115527,0.0003214743346079237,-0.0008182683192110543,0.8811743754387233,2.909693675338403e-06,-4.405135995885258e-06,0.1687638056367885,1.056042672342003e-06,-5.149043714349923e-07,0.8816974951861135,-0.00021865630050542405,-0.0011894180445399802,0.2,0.0,0.0,0.0,0.0,2.962962962962963,2.962962962962963,6.021572206194037e-06,-4.997980693310922e-06,2.6652996516345397,2.648569293067688,-0.0028157491129963633,0.0005309744778331328
X+,8.200000000000001,5.800000000000001,32.05232250300105,0.0,0.8803098876934135,0.00015996643011169636,0.0005302115900836345,0.1629091347115527,0.0003214743346079237,-0.0008182683192110543,0.8811743754387233,2.909693675338403e-06,-4.405135995885258e-06,0.1687638056367885,1.056042672342003e-06,-5.149043714349923e-07,0.8816974951861135,-0.00021865630050542405,-0.0011894180445399802,0.2,0.0,0.0,0.0,0.0,2.962962962962963,2.962962962962963,6.021572206194037e-06,-4.997980693310922e-06,2.6652996516345397,2.648569293067688,-0.0028157491129963633,0.0005309744778331328
X+,8.200000000000001,5.800000000000001,32.080390253002406,0.0,0.8803098876934135,0.00015996643011169636,0.0005302115900836345,0.1629091347115527,0.0003214743346079237,-0.0008182683192110543,0.8811743754387233,2.909693675338403e-06,-4.405135995885258e-06,0.1687638056367885,1.056042672342003e-06,-5.149043714349923e-07,0.8816974951861135,-0.00021865630050542405,-0.0011894180445399802,0.2,0.0,0.0,0.0,0.0,2.962962962962963,2.962962962962963,6.021572206194037e-06,-4.997980693310922e-06,2.6652996516345397,2.648569293067688,-0.0028157491129963633,0.0005309744778331328
X+,8.200000000000001,5.800000000000001,32.109089222001785,0.0,0.8803098876934135,0.00015996643011169636,0.0005302115900836345,0.1629091347115527,0.0003214743346079237,-0.0008182683192110543,0.8811743754387233,2.909693675338403e-06,-4.405135995885258e-06,0.1687638056367885,1.056042672342003e-06,-5.149043714349923e-07,0.8816974951861135,-0.00021865630050542405,-0.0011894180445399802,0.2,0.0,0.0,0.0,0.0,2.962962962962963,2.962962962962963,6.021572206194037e-06,-4.997980693310922e-06,2.6652996516345397,2.648569293067688,-0.0028157491129963633,0.0005309744778331328
X+,8.200000000000001,5.800000000000001,32.13730231100271,0.0,0.8803098876934135,0.00015996643011169636,0.0005302115900836345,0.1629091347115527,0.0003214743346079237,-0.0008182683192110543,0.8811743754387233,2.909693675338403e-06,-4.405135995885258e-06,0.1687638056367885,1.056042672342003e-06,-5.149043714349923e-07,0.8816974951861135,-0.00021865630050542405,-0.0011894180445399802,0.2,0.0,0.0,0.0,0.0,2.962962962962963,2.962962962962963,6.021572206194037e-06,-4.997980693310922e-06,2.6652996516345397,2.648569293067688,-0.0028157491129963633,0.0005309744778331328
X+,8.200000000000001,5.800000000000001,32.1636933760019,0.0,0.8803098876934135,0.00015996643011169636,0.0005302115900836345,0.1629091347115527,0.0003214743346079237,-0.0008182683192110543,0.8811743754387233,2.909693675338403e-06,-4.405135995885258e-06,0.1687638056367885,1.056042672342003e-06,-5.149043714349923e-07,0.8816974951861135,-0.00021865630050542405,-0.0011894180445399802,0.2,0.0,0.0,0.0,0.0,2.962962962962963,2.962962962962963,6.021572206194037e-06,-4.997980693310922e-06,2.6652996516345397,2.648569293067688,-0.0028157491129963633,0.0005309744778331328
X+,8.200000000000001,5.800000000000001,32.18850750600177,0.0,0.8803098876934135,0.00015996643011169636,0.0005302115900836345,0.1629091347115527,0.0003214743346079237,-0.0008182683192110543,0.8811743754387233,2.909693675338403e-06,-4.405135995885258e-06,0.1687638056367885,1.056042672342003e-06,-5.149043714349923e-07,0.8816974951861135,-0.00021865630050542405,-0.0011894180445399802,0.2,0.0,0.0,0.0,0.0,2.962962962962963,2.962962962962963,6.021572206194037e-06,-4.997980693310922e-06,2.6652996516345397,2.648569293067688,-0.0028157491129963633,0.0005309744778331328
X+,8.200000000000001,5.800000000000001,32.218029241001204,0.0,0.8803098876934135,0.00015996643011169636,0.0005302115900836345,0.1629091347115527,0.0003214743346079237,-0.0008182683192110543,0.8811743754387233,2.909693675338403e-06,-4.405135995885258e-06,0.1687638056367885,1.056042672342003e-06,-5.149043714349923e-07,0.8816974951861135,-0.00021865630050542405,-0.0011894180445399802,0.2,0.0,0.0,0.0,0.0,2.962962962962963,2.962962962962963,6.021572206194037e-06,-4.997980693310922e-06,2.6652996516345397,2.648569293067688,-0.0028157491129963633,0.0005309744778331328
X+,8.200000000000001,5.800000000000001,32.25176153800203,0.0,0.8803098876934135,0.00015996643011169636,0.0005302115900836345,0.1629091347115527,0.0003214743346079237,-0.0008182683192110543,0.8811743754387233,2.909693675338403e-06,-4.405135995885258e-06,0.1687638056367885,1.056042672342003e-06,-5.149043714349923e-07,0.8816974951861135,-0.00021865630050542405,-0.0011894180445399802,0.2,0.0,0.0,0.0,0.0,2.962962962962963,2.962962962962963,6.471760365833745e-06,7.203476193318181e-06,2.668753259154406,2.6512177389665936,-0.0028157491129963633,0.0005309744778331328
X+,8.200000000000001,5.800000000000001,32.28635088900046,0.0,0.8843700066932991,0.00016164315002019022,0.0005288020468812511,0.16136717695397096,0.00026479289639441233,-0.0005898890213516529,0.8811743754387233,2.909693675338403e-06,-4.405135995885258e-06,0.1687638056367885,1.056042672342003e-06,-5.149043714349923e-07,0.8816974951861135,-0.00021865630050542405,-0.0011894180445399802,0.2,0.0,0.0,0.0,0.0,2.962962962962963,2.962962962962963,6.97638536539813e-06,-4.4403443428819855e-06,2.6764717335578365,2.6575888823118765,0.0017286094902943551,0.0005288565554674757
X+,8.200000000000001,5.800000000000001,32.32432719999997,0.0,0.8883905433295259,0.00016279827996155266,0.0005296611785004557,0.15971903728449569,0.0003164984697315752,-0.000779248608548025,0.8811743754387233,2.909693675338403e-06,-4.405135995885258e-06,0.1687638056367885,1.056042672342003e-06,-5.149043714349923e-07,0.8816974951861135,-0.00021865630050542405,-0.0011894180445399802,0.2,0.0,0.0,0.0,0.0,2.962962962962963,2.962962962962963,7.664282598796035e-06,4.74114157977823e-06,2.6905553064754564,2.6685376271961223,-0.0016987951322530686,0.0005294550956850899
X+,8.200000000000001,5.800000000000001,32.36246697700335,0.0,0.892684948479529,0.00016446317180955194,0.0005281087847333287,0.15778798316768408,0.00026090287005605,-0.0005749259906591889,0.8982759321846996,2.986776764525325e-06,-4.450071268182099e-06,0.17101556745470803,1.5241777239330493e-06,-4.4935272296840833e-07,0.8816974951861135,-0.00021865630050542405,-0.00118941804453998,0.2,0.0,0.0,0.0,0.0,2.962962962962963,2.962962962962963,8.354572115010228e-06,4.480048840349582e-06,2.7019849735792865,2.6787313937776736,-0.0026096936183670084,0.0005278562543713785
X+,8.3,5.9,32.38910593500259,0.09999999999999964,0.8950476013190078,0.00016502112901598323,0.0005287265926476819,0.156634213167072,0.0002996389392888131,-0.0007024199557084667,0.8982759321846996,2.986776764525325e-06,-4.450071268182099e-06,0.17101556745470803,1.5241777239330493e-06,-4.4935272296840833e-07,0.8960712340102268,-0.00023667791417248307,-0.0012128657076089233,0.2,0.0,0.0,0.0,0.0,2.962962962962963,2.962962962962963,8.691038800634487e-06,5.4859693330300274e-06,2.7154773124827547,2.6897564522490045,-0.0020685810853384554,0.0005283957351247437
X+,8.3,5.9,32.42229631200098,0.0,0.8963005246566975,0.00016535280536725695,0.0005289597917122585,0.15599175698749396,0.0003132978958084618,-0.0007501049192920805,0.8982759321846996,2.986776764525325e-06,-4.450071268182099e-06,0.17101556745470803,1.5241777239330493e-06,-4.4935272296840833e-07,0.8960712340102268,-0.00023667791417248307,-0.0012128657076089233,0.2,0.0,0.0,0.0,0.0,2.962962962962963,2.962962962962963,8.691038800634487e-06,5.4859693330300274e-06,2.7154773124827547,2.6897564522490045,-0.0005471868208372495,0.0005287622940427128
X+,8.3,5.9,32.45364168800006,0.0,0.8963005246566975,0.00016535280536725695,0.0005289597917122585,0.15599175698749396,0.0003132978958084618,-0.0007501049192920805,0.8982759321846996,2.986776764525325e-06,-4.450071268182099e-06,0.17101556745470803,1.5241777239330493e-06,-4.4935272296840833e-07,0.8960712340102268,-0.00023667791417248307,-0.0012128657076089233,0.2,0.0,0.0,0.0,0.0,2.962962962962963,2.962962962962963,8.691038800634487e-06,5.4859693330300274e-06,2.7154773124827547,2.6897564522490045,-0.0005471868208372495,0.0005287622940427128
X+,8.3,5.9,32.47828261900213,0.0,0.8963005246566975,0.00016535280536725695,0.0005289597917122585,0.15599175698749396,0.0003132978958084618,-0.0007501049192920805,0.8982759321846996,2.986776764525325e-06,-4.450071268182099e-06,0.17101556745470803,1.5241777239330493e-06,-4.4935272296840833e-07,0.8960712340102268,-0.00023667791417248307,-0.0012128657076089233,0.2,0.0,0.0,0.0,0.0,2.962962962962963,2.962962962962963,8.691038800634487e-06,5.4859693330300274e-06,2.7154773124827547,2.6897564522490045,-0.0005471868208372495,0.0005287622940427128
X+,8.3,5.9,32.51223449400277,0.0,0.8963005246566975,0.00016535280536725695,0.0005289597917122585,0.15599175698749396,0.0003132978958084618,-0.0007501049192920805,0.8982759321846996,2.986776764525325e-06,-4.450071268182099e-06,0.17101556745470803,1.5241777239330493e-06,-4.4935272296840833e-07,0.8960712340102268,-0.00023667791417248307,-0.0012128657076089233,0.2,0.0,0.0,0.0,0.0,2.962962962962963,2.962962962962963,8.691038800634487e-06,5.4859693330300274e-06,2.7154773124827547,2.6897564522490045,-0.0005471868208372495,0.0005287622940427128
X+,8.3,5.9,32.53861314500318,0.0,0.8963005246566975,0.00016535280536725695,0.0005289597917122585,0.15599175698749396,0.0003132978958084618,-0.0007501049192920805,0.8982759321846996,2.986776764525325e-06,-4.450071268182099e-06,0.17101556745470803,1.5241777239330493e-06,-4.4935272296840833e-07,0.8960712340102268,-0.00023667791417248307,-0.0012128657076089233,0.2,0.0,0.0,0.0,0.0,2.962962962962963,2.962962962962963,8.691038800634487e-06,5.4859693330300274e-06,2.7154773124827547,2.6897564522490045,-0.0005471868208372495,0.0005287622940427128
X+,8.3,5.9,32.57608266900206,0.0,0.8963005246566975,0.00016535280536725695,0.0005289597917122585,0.15599175698749396,0.0003132978958084618,-0.0007501049192920805,0.8982759321846996,2.986776764525325e-06,-4.450071268182099e-06,0.17101556745470803,1.5241777239330493e-06,-4.4935272296840833e-07,0.8960712340102268,-0.00023667791417248307,-0.0012128657076089233,0.2,0.0,0.0,0.0,0.0,2.962962962962963,2.962962962962963,8.691038800634487e-06,5.4859693330300274e-06,2.7154773124827547,2.6897564522490045,-0.0005471868208372495,0.0005287622940427128
X+,8.3,5.9,32.616748338001344,0.0,0.8963005246566975,0.00016535280536725695,0.0005289597917122585,0.15599175698749396,0.0003132978958084618,-0.0007501049192920805,0.8982759321846996,2.986776764525325e-06,-4.450071268182099e-06,0.17101556745470803,1.5241777239330493e-06,-4.4935272296840833e-07,0.8960712340102268,-0.00023667791417248307,-0.0012128657076089233,0.2,0.0,0.0,0.0,0.0,2.962962962962963,2.962962962962963,8.691038800634487e-06,5.4859693330300274e-06,2.7154773124827547,2.6897564522490045,-0.0005471868208372495,0.0005287622940427128
X+,8.3,5.9,32.66111091900166,0.0,0.8963005246566975,0.00016535280536725695,0.0005289597917122585,0.15599175698749396,0.0003132978958084618,-0.0007501049192920805,0.8982759321846996,2.986776764525325e-06,-4.450071268182099e-06,0.17101556745470803,1.5241777239330493e-06,-4.4935272296840833e-07,0.8960712340102268,-0.00023667791417248307,-0.0012128657076089233,0.2,0.0,0.0,0.0,0.0,2.962962962962963,2.962962962962963,8.691038800634487e-06,5.4859693330300274e-06,2.7154773124827547,2.6897564522490045,-0.0005471868208372495,0.0005287622940427128
X+,8.3,5.9,32.69732105000003,0.0,0.8963005246566975,0.00016535280536725695,0.0005289597917122585,0.15599175698749396,0.0003132978958084618,-0.0007501049192920805,0.8982759321846996,2.986776764525325e-06,-4.450071268182099e-06,0.17101556745470803,1.5241777239330493e-06,-4.4935272296840833e-07,0.8960712340102268,-0.00023667791417248307,-0.0012128657076089233,0.2,0.0,0.0,0.0,0.0,2.962962962962963,2.962962962962963,8.691038800634487e-06,5.4859693330300274e-06,2.7154773124827547,2.6897564522490045,-0.0005471868208372495,0.0005287622940427128
X+,8.3,5.9,32.731091449000814,0.0,0.8963005246566975,0.00016535280536725695,0.0005289597917122585,0.15599175698749396,0.0003132978958084618,-0.0007501049192920805,0.8982759321846996,2.986776764525325e-06,-4.450071268182099e-06,0.17101556745470803,1.5241777239330493e-06,-4.4935272296840833e-07,0.8960712340102268,-0.00023667791417248307,-0.0012128657076089233,0.2,0.0,0.0,0.0,0.0,2.962962962962963,2.962962962962963,8.691038800634487e-06,5.4859693330300274e-06,2.7154773124827547,2.6897564522490045,-0.0005471868208372495,0.0005287622940427128
X+,8.3,5.9,32.770319832001405,0.0,0.8963005246566975,0.00016535280536725695,0.0005289597917122585,0.15599175698749396,0.0003132978958084618,-0.0007501049192920805,0.8982759321846996,2.986776764525325e-06,-4.450071268182099e-06,0.17101556745470803,1.5241777239330493e-06,-4.4935272296840833e-07,0.8960712340102268,-0.00023667791417248307,-0.0012128657076089233,0.2,0.0,0.0,0.0,0.0,2.962962962962963,2.962962962962963,8.691038800634487e-06,5.4859693330300274e-06,2.7154773124827547,2.6897564522490045,-0.0005471868208372495,0.0005287622940427128
X+,8.3,5.9,32.79684822499985,0.0,0.8963005246566975,0.00016535280536725695,0.0005289597917122585,0.15599175698749396,0.0003132978958084618,-0.0007501049192920805,0.8982759321846996,2.986776764525325e-06,-4.450071268182099e-06,0.17101556745470803,1.5241777239330493e-06,-4.4935272296840833e-07,0.8960712340102268,-0.00023667791417248307,-0.0012128657076089233,0.2,0.0,0.0,0.0,0.0,2.962962962962963,2.962962962962963,8.691038800634487e-06,5.4859693330300274e-06,2.7154773124827547,2.6897564522490045,-0.0005471868208372495,0.0005287622940427128
X+,8.3,5.9,32.82564012300281,0.0,0.8963005246566975,0.00016535280536725695,0.0005289597917122585,0.15599175698749396,0.0003132978958084618,-0.0007501049192920805,0.8982759321846996,2.986776764525325e-06,-4.450071268182099e-06,0.17101556745470803,1.5241777239330493e-06,-4.4935272296840833e-07,0.8960712340102268,-0.00023667791417248307,-0.0012128657076089233,0.2,0.0,0.0,0.0,0.0,2.962962962962963,2.962962962962963,8.691038800634487e-06,5.4859693330300274e-06,2.7154773124827547,2.6897564522490045,-0.0005471868208372495,0.0005287622940427128
X+,8.3,5.9,32.85488946999976,0.0,0.8963005246566975,0.00016535280536725695,0.0005289597917122585,0.15599175698749396,0.0003132978958084618,-0.0007501049192920805,0.8982759321846996,2.986776764525325e-06,-4.450071268182099e-06,0.17101556745470803,1.5241777239330493e-06,-4.4935272296840833e-07,0.8960712340102268,-0.00023667791417248307,-0.0012128657076089233,0.2,0.0,0.0,0.0,0.0,2.962962962962963,2.962962962962963,8.691038800634487e-06,5.4859693330300274e-06,2.7154773124827547,2.6897564522490045,-0.0005471868208372495,0.0005287622940427128
X+,8.3,5.9,32.88569887000267,0.0,0.8963005246566975,0.00016535280536725695,0.0005289597917122585,0.15599175698749396,0.0003132978958084618,-0.0007501049192920805,0.8982759321846996,2.986776764525325e-06,-4.450071268182099e-06,0.17101556745470803,1.5241777239330493e-06,-4.4935272296840833e-07,0.8960712340102268,-0.00023667791417248307,-0.0012128657076089233,0.2,0.0,0.0,0.0,0.0,2.962962962962963,2.962962962962963,8.691038800634487e-06,5.4859693330300274e-06,2.7154773124827547,2.6897564522490045,-0.0005471868208372495,0.0005287622940427128
X+,8.3,5.9,32.912562505000096,0.0,0.8963005246566975,0.00016535280536725695,0.0005289597917122585,0.15599175698749396,0.0003132978958084618,-0.0007501049192920805,0.8982759321846996,2.986776764525325e-06,-4.450071268182099e-06,0.17101556745470803,1.5241777239330493e-06,-4.4935272296840833e-07,0.8960712340102268,-0.00023667791417248307,-0.0012128657076089233,0.2,0.0,0.0,0.0,0.0,2.962962962962963,2.962962962962963,8.691038800634487e-06,5.4859693330300274e-06,2.7154773124827547,2.6897564522490045,-0.0005471868208372495,0.0005287622940427128
X+,8.3,5.9,32.93904665100126,0.0,0.8981701615364655,0.00016593929536070934,0.0005288944237803533,0.15498883636856584,0.0003136115006280528,-0.0007570375521036202,0.8982759321846996,2.986776764525325e-06,-4.450071268182099e-06,0.17101556745470803,1.5241777239330493e-06,-4.4935272296840833e-07,0.8960712340102268,-0.00023667791417248307,-0.0012128657076089233,0.2,0.0,0.0,0.0,0.0,2.962962962962963,2.962962962962963,8.88530275222621e-06,6.0075082588539885e-06,2.7231134127836834,2.6962166115295547,0.0007566057051939024,0.0005289680208811976
X+,8.3,5.9,32.9668795960024,0.0,0.9003358734202523,0.00016656812963425013,0.0005288714552720251,0.15375209884805932,0.0003080340899984476,-0.0007242588530495313,0.8982759321846996,2.986776764525325e-06,-4.450071268182099e-06,0.17101556745470803,1.5241777239330493e-06,-4.4935272296840833e-07,0.8960712340102268,-0.00023667791417248307,-0.0012128657076089233,0.2,0.0,0.0,0.0,0.0,2.962962962962963,2.962962962962963,9.30046895319947e-06,7.059305475287658e-06,2.7405095633284597,2.7115313023467844,-0.003232746200844484,0.0005288602535908944
X+,8.3,5.9,32.9962629670008,0.0,0.9035508526328392,0.00016743456602488598,0.0005290813035970178,0.1517423165053,0.0003066213166924631,-0.0006761676618887606,0.8982759321846996,2.986776764525325e-06,-4.450071268182099e-06,0.17101556745470803,1.5241777239330493e-06,-4.4935272296840833e-07,0.8960712340102268,-0.00023667791417248307,-0.0012128657076089233,0.2,0.0,0.0,0.0,0.0,2.962962962962963,2.962962962962963,9.688068459468013e-06,8.260399355641823e-06,2.7612781507664197,2.730038029196325,0.004388762015458204,0.0005290221950262162
X+,8.3,5.9,33.02599297600318,0.0,0.907021297931786,0.00016833002052681761,0.0005296611685675095,0.14928943371016706,0.0003067221769630106,-0.0006021588903529462,0.8982759321846996,2.986776764525325e-06,-4.450071268182099e-06,0.17101556745470803,1.5241777239330493e-06,-4.4935272296840833e-07,0.8960712340102268,-0.00023667791417248307,-0.0012128657076089233,0.2,0.0,0.0,0.0,0.0,2.962962962962963,2.962962962962963,1.0034157616800599e-05,9.642758689309971e-06,2.7862052290482007,2.7523609927451855,0.002543542556312035,0.0005294370076244133
X+,8.3,5.9,33.05101371500132,0.0,0.9096962462100717,0.0001690076415506803,0.0005305097154411953,0.1471536692051496,0.00030810772402610026,-0.0005197489603703567,0.9160025922932967,3.0904639824520423e-06,-4.4527095144995785e-06,0.17726660107960227,1.825721187555283e-06,-2.6382463174796964e-08,0.8973026650114705,-0.00024431380315113253,-0.0013522563880190577,0.2,0.0,0.0,0.0,0.0,2.962962962962963,2.962962962962963,1.033511196002479e-05,1.1234303597618123e-05,2.8163330224069165,2.779300582699769,0.002708854189792262,0.0005302889918217428
X+,8.4,6.0,33.07979700100259,0.09999999999999964,0.9121858627108097,0.0001696453610768832,0.0005315836359593024,0.1449276651963963,0.00030799365337343956,-0.00041909860237813784,0.9160025922932967,3.0904639824520423e-06,-4.4527095144995785e-06,0.17726660107960227,1.825721187555283e-06,-2.6382463174796964e-08,0.8973026650114705,-0.00024431380315113253,-0.0013522563880190577,0.2,0.0,0.0,0.0,0.0,2.962962962962963,2.962962962962963,1.0599461399252164e-05,1.3065686559343703e-05,2.8527853316657508,2.812519639783049,0.0006543439287416861,0.0005315836359593024
X+,8.4,6.0,33.107279308002035,0.0,0.9121858627108097,0.0001696453610768832,0.0005315836359593024,0.1449276651963963,0.00030799365337343956,-0.00041909860237813784,0.9160025922932967,3.0904639824520423e-06,-4.4527095144995785e-06,0.17726660107960227,1.825721187555283e-06,-2.6382463174796964e-08,0.8973026650114705,-0.00024431380315113253,-0.0013522563880190577,0.2,0.0,0.0,0.0,0.0,2.962962962962963,2.962962962962963,1.0599461399252164e-05,1.3065686559343703e-05,2.8527853316657508,2.812519639783049,0.0006543439287416861,0.0005315836359593024
X+,8.4,6.0,33.1353660929999,0.0,0.9121858627108097,0.0001696453610768832,0.0005315836359593024,0.1449276651963963,0.00030799365337343956,-0.00041909860237813784,0.9160025922932967,3.0904639824520423e-06,-4.4527095144995785e-06,0.17726660107960227,1.825721187555283e-06,-2.6382463174796964e-08,0.8973026650114705,-0.00024431380315113253,-0.0013522563880190577,0.2,0.0,0.0,0.0,0.0,2.962962962962963,2.962962962962963,1.0599461399252164e-05,1.3065686559343703e-05,2.8527853316657508,2.812519639783049,0.0006543439287416861,0.0005315836359593024
X+,8.4,6.0,33.16067335600019,0.0,0.9121858627108097,0.0001696453610768832,0.0005315836359593024,0.1449276651963963,0.00030799365337343956,-0.00041909860237813784,0.9160025922932967,3.0904639824520423e-06,-4.4527095144995785e-06,0.17726660107960227,1.825721187555283e-06,-2.6382463174796964e-08,0.8973026650114705,-0.00024431380315113253,-0.0013522563880190577,0.2,0.0,0.0,0.0,0.0,2.962962962962963,2.962962962962963,1.0599461399252164e-05,1.3065686559343703e-05,2.8527853316657508,2.812519639783049,0.0006543439287416861,0.0005315836359593024
X+,8.4,6.0,33.187632791003125,0.0,0.9121858627108097,0.0001696453610768832,0.0005315836359593024,0.1449276651963963,0.00030799365337343956,-0.00041909860237813784,0.9160025922932967,3.0904639824520423e-06,-4.4527095144995785e-06,0.17726660107960227,1.825721187555283e-06,-2.6382463174796964e-08,0.8973026650114705,-0.00024431380315113253,-0.0013522563880190577,0.2,0.0,0.0,0.0,0.0,2.962962962962963,2.962962962962963,1.0599461399252164e-05,1.3065686559343703e-05,2.8527853316657508,2.812519639783049,0.0006543439287416861,0.0005315836359593024
X+,8.4,6.0,33.21550968900192,0.0,0.9121858627108097,0.0001696453610768832,0.0005315836359593024,0.1449276651963963,0.00030799365337343956,-0.00041909860237813784,0.9160025922932967,3.0904639824520423e-06,-4.4527095144995785e-06,0.17726660107960227,1.825721187555283e-06,-2.6382463174796964e-08,0.8973026650114705,-0.00024431380315113253,-0.0013522563880190577,0.2,0.0,0.0,0.0,0.0,2.962962962962963,2.962962962962963,1.0599461399252164e-05,1.3065686559343703e-05,2.8527853316657508,2.812519639783049,0.0006543439287416861,0.0005315836359593024
X+,8.4,6.0,33.24515397700088,0.0,0.9121858627108097,0.0001696453610768832,0.0005315836359593024,0.1449276651963963,0.00030799365337343956,-0.00041909860237813784,0.9160025922932967,3.0904639824520423e-06,-4.4527095144995785e-06,0.17726660107960227,1.825721187555283e-06,-2.6382463174796964e-08,0.8973026650114705,-0.00024431380315113253,-0.0013522563880190577,0.2,0.0,0.0,0.0,0.0,2.962962962962963,2.962962962962963,1.0599461399252164e-05,1.3065686559343703e-05,2.8527853316657508,2.812519639783049,0.0006543439287416861,0.0005315836359593024
X+,8.4,6.0,33.27070257000014,0.0,0.9121858627108097,0.0001696453610768832,0.0005315836359593024,0.1449276651963963,0.00030799365337343956,-0.00041909860237813784,0.9160025922932967,3.0904639824520423e-06,-4.4527095144995785e-06,0.17726660107960227,1.825721187555283e-06,-2.6382463174796964e-08,0.8973026650114705,-0.00024431380315113253,-0.0013522563880190577,0.2,0.0,0.0,0.0,0.0,2.962962962962963,2.962962962962963,1.0599461399252164e-05,1.3065686559343703e-05,2.8527853316657508,2.812519639783049,0.0006543439287416861,0.0005315836359593024
X+,8.4,6.0,33.30058899300275,0.0,0.9121858627108097,0.0001696453610768832,0.0005315836359593024,0.1449276651963963,0.00030799365337343956,-0.00041909860237813784,0.9160025922932967,3.0904639824520423e-06,-4.4527095144995785e-06,0.17726660107960227,1.825721187555283e-06,-2.6382463174796964e-08,0.8973026650114705,-0.00024431380315113253,-0.0013522563880190577,0.2,0.0,0.0,0.0,0.0,2.962962962962963,2.962962962962963,1.0599461399252164e-05,1.3065686559343703e-05,2.8527853316657508,2.812519639783049,0.0006543439287416861,0.0005315836359593024
X+,8.4,6.0,33.32838368300145,0.0,0.9121858627108097,0.0001696453610768832,0.0005315836359593024,0.1449276651963963,0.00030799365337343956,-0.00041909860237813784,0.9160025922932967,3.0904639824520423e-06,-4.4527095144995785e-06,0.17726660107960227,1.825721187555283e-06,-2.6382463174796964e-08,0.8973026650114705,-0.00024431380315113253,-0.0013522563880190577,0.2,0.0,0.0,0.0,0.0,2.962962962962963,2.962962962962963,1.0599461399252164e-05,1.3065686559343703e-05,2.8527853316657508,2.812519639783049,0.0006543439287416861,0.0005315836359593024
X+,8.4,6.0,33.355459656002495,0.0,0.9121858627108097,0.0001696453610768832,0.0005315836359593024,0.1449276651963963,0.00030799365337343956,-0.00041909860237813784,0.9160025922932967,3.0904639824520423e-06,-4.4527095144995785e-06,0.17726660107960227,1.825721187555283e-06,-2.6382463174796964e-08,0.8973026650114705,-0.00024431380315113253,-0.0013522563880190577,0.2,0.0,0.0,0.0,0.0,2.962962962962963,2.962962962962963,1.0599461399252164e-05,1.3065686559343703e-05,2.8527853316657508,2.812519639783049,0.0006543439287416861,0.0005315836359593024
X+,8.4,6.0,33.38546365500224,0.0,0.9121858627108097,0.0001696453610768832,0.0005315836359593024,0.1449276651963963,0.00030799365337343956,-0.00041909860237813784,0.9160025922932967,3.0904639824520423e-06,-4.4527095144995785e-06,0.17726660107960227,1.825721187555283e-06,-2.6382463174796964e-08,0.8973026650114705,-0.00024431380315113253,-0.0013522563880190577,0.2,0.0,0.0,0.0,0.0,2.962962962962963,2.962962962962963,1.0599461399252164e-05,1.3065686559343703e-05,2.8527853316657508,2.812519639783049,0.0006543439287416861,0.0005315836359593024
X+,8.4,6.0,33.416131171001325,0.0,0.9121858627108097,0.0001696453610768832,0.0005315836359593024,0.1449276651963963,0.00030799365337343956,-0.00041909860237813784,0.9160025922932967,3.0904639824520423e-06,-4.4527095144995785e-06,0.17726660107960227,1.825721187555283e-06,-2.6382463174796964e-08,0.8973026650114705,-0.00024431380315113253,-0.0013522563880190577,0.2,0.0,0.0,0.0,0.0,2.962962962962963,2.962962962962963,1.0599461399252164e-05,1.3065686559343703e-05,2.8527853316657508,2.812519639783049,0.0006543439287416861,0.0005315836359593024
X+,8.4,6.0,33.45156322500043,0.0,0.9136321777479018,0.00017001877358494878,0.0005323567758329878,0.1435092526106695,0.00030732893261294054,-0.0003428226942568518,0.9160025922932967,3.0904639824520423e-06,-4.4527095144995785e-06,0.17726660107960227,1.825721187555283e-06,-2.6382463174796964e-08,0.8973026650114705,-0.00024431380315113253,-0.0013522563880190577,0.2,0.0,0.0,0.0,0.0,2.962962962962963,2.962962962962963,1.0724707012244039e-05,1.4082985163810235e-05,2.8737263568272775,2.8318785274740477,-0.0004471131950981143,0.0005323567758329878
X+,8.4,6.0,33.476361046999955,0.0,0.9167617775741093,0.000170884647054388,0.0005343624623336829,0.14006266631037617,0.0002985572597835746,-0.00011764325574319714,0.9160025922932967,3.0904639824520423e-06,-4.4527095144995785e-06,0.17726660107960227,1.825721187555283e-06,-2.6382463174796964e-08,0.8973026650114705,-0.00024431380315113253,-0.0013522563880190577,0.2,0.0,0.0,0.0,0.0,2.962962962962963,2.962962962962963,1.0993242950618765e-05,1.6307893290878894e-05,2.92134544854376,2.8764700196979645,0.00023336809134145907,0.0005342680254268727
X+,8.4,6.0,33.50315196000156,0.0,0.9192630429790325,0.0001716577375456491,0.000536175745755544,0.13687255546404647,0.00028031562231631995,0.000169802367904658,0.9160025922932967,3.0904639824520423e-06,-4.4527095144995785e-06,0.17726660107960227,1.825721187555283e-06,-2.6382463174796964e-08,0.8973026650114705,-0.00024431380315113253,-0.0013522563880190577,0.2,0.0,0.0,0.0,0.0,2.962962962962963,2.962962962962963,1.1313230959153486e-05,1.8895714227973315e-05,2.975871581877937,2.9281537502231756,0.0007028730529000395,0.0005352865497498962
X+,8.4,6.0,33.52694013200016,0.0,0.9208976267711629,0.00017223914313679867,0.000537370515538256,0.1345526628486622,0.0002673601365446505,0.0003922824210346721,0.9160025922932967,3.0904639824520423e-06,-4.4527095144995785e-06,0.17726660107960227,1.825721187555283e-06,-2.6382463174796964e-08,0.8973026650114705,-0.00024431380315113253,-0.0013522563880190577,0.2,0.0,0.0,0.0,0.0,2.962962962962963,2.962962962962963,1.1510105863976605e-05,2.030973229505406e-05,3.004539182866297,2.955434957779089,-0.002471703569216262,0.000537370515538256
X+,8.4,6.0,33.55167389300186,0.0,0.9230325375804183,0.00017298729501896096,0.0005389159085932742,0.1312412871585608,0.00028123830611593865,0.0005995910035191971,0.9351592809111956,3.324520291071497e-06,-4.763726271520082e-06,0.1915668861666678,3.1935547829207666e-06,-3.110167570205037e-06,0.9344887007257624,-0.0002887065638284504,-0.0012227950841321438,0.2,0.0,0.0,0.0,0.0,2.962962962962963,2.962962962962963,1.1864124793703468e-05,2.3146782692329282e-05,3.0590321107548997,3.0053188671902737,0.0032935109484572445,0.0005384406690179816
X+,8.5,6.1,33.580301136000344,0.09999999999999964,0.9251133115171196,0.00017379092727765055,0.0005405067033571718,0.1277513796257338,0.0003036827051747592,0.0007984270076590947,0.9351592809111956,3.324520291071497e-06,-4.763726271520082e-06,0.1915668861666678,3.1935547829207666e-06,-3.110167570205037e-06,0.9344887007257624,-0.0002887065638284504,-0.0012227950841321438,0.2,0.0,0.0,0.0,0.0,2.962962962962963,2.962962962962963,1.2144132949032382e-05,2.4787351948774017e-05,3.081539152759893,3.022842935893267,0.0006300035875918313,0.0005405067033571718
X+,8.5,6.1,33.61046967900256,0.0,0.9254972310311246,0.0001739529759806806,0.0005407884377042737,0.12708743316317725,0.00031764021575410637,0.0008066438669170834,0.9351592809111956,3.324520291071497e-06,-4.763726271520082e-06,0.1915668861666678,3.1935547829207666e-06,-3.110167570205037e-06,0.9344887007257624,-0.0002887065638284504,-0.0012227950841321438,0.2,0.0,0.0,0.0,0.0,2.962962962962963,2.962962962962963,1.2238310059586865e-05,2.5999151972655454e-05,3.0976437348240857,3.0332589113406403,0.0006300035875918313,0.0005405067033571718
X+,8.5,6.1,33.63360598700092,0.0,0.9254972310311246,0.0001739529759806806,0.0005407884377042737,0.12708743316317725,0.00031764021575410637,0.0008066438669170834,0.9351592809111956,3.324520291071497e-06,-4.763726271520082e-06,0.1915668861666678,3.1935547829207666e-06,-3.110167570205037e-06,0.9344887007257624,-0.0002887065638284504,-0.0012227950841321438,0.2,0.0,0.0,0.0,0.0,2.962962962962963,2.962962962962963,1.2238310059586865e-05,2.5999151972655454e-05,3.0976437348240857,3.0332589113406403,0.0006300035875918313,0.0005405067033571718
X+,8.5,6.1,33.66510651700082,0.0,0.9254972310311246,0.0001739529759806806,0.0005407884377042737,0.12708743316317725,0.00031764021575410637,0.0008066438669170834,0.9351592809111956,3.324520291071497e-06,-4.763726271520082e-06,0.1915668861666678,3.1935547829207666e-06,-3.110167570205037e-06,0.9344887007257624,-0.0002887065638284504,-0.0012227950841321438,0.2,0.0,0.0,0.0,0.0,2.962962962962963,2.962962962962963,1.2238310059586865e-05,2.5999151972655454e-05,3.0976437348240857,3.0332589113406403,0.0006300035875918313,0.0005405067033571718
X+,8.5,6.1,33.694075153001904,0.0,0.9254972310311246,0.0001739529759806806,0.0005407884377042737,0.12708743316317725,0.00031764021575410637,0.0008066438669170834,0.9351592809111956,3.324520291071497e-06,-4.763726271520082e-06,0.1915668861666678,3.1935547829207666e-06,-3.110167570205037e-06,0.9344887007257624,-0.0002887065638284504,-0.0012227950841321438,0.2,0.0,0.0,0.0,0.0,2.962962962962963,2.962962962962963,1.2238310059586865e-05,2.5999151972655454e-05,3.0976437348240857,3.0332589113406403,0.0006300035875918313,0.0005405067033571718
X+,8.5,6.1,33.720905108002626,0.0,0.9254972310311246,0.0001739529759806806,0.0005407884377042737,0.12708743316317725,0.00031764021575410637,0.0008066438669170834,0.9351592809111956,3.324520291071497e-06,-4.763726271520082e-06,0.1915668861666678,3.1935547829207666e-06,-3.110167570205037e-06,0.9344887007257624,-0.0002887065638284504,-0.0012227950841321438,0.2,0.0,0.0,0.0,0.0,2.962962962962963,2.962962962962963,1.2238310059586865e-05,2.5999151972655454e-05,3.0976437348240857,3.0332589113406403,0.0006300035875918313,0.0005405067033571718
X+,8.5,6.1,33.7529734430027,0.0,0.9254972310311246,0.0001739529759806806,0.0005407884377042737,0.12708743316317725,0.00031764021575410637,0.0008066438669170834,0.9351592809111956,3.324520291071497e-06,-4.763726271520082e-06,0.1915668861666678,3.1935547829207666e-06,-3.110167570205037e-06,0.9344887007257624,-0.0002887065638284504,-0.0012227950841321438,0.2,0.0,0.0,0.0,0.0,2.962962962962963,2.962962962962963,1.2238310059586865e-05,2.5999151972655454e-05,3.0976437348240857,3.0332589113406403,0.0006300035875918313,0.0005405067033571718
X+,8.5,6.1,33.7788237700006,0.0,0.9254972310311246,0.0001739529759806806,0.0005407884377042737,0.12708743316317725,0.00031764021575410637,0.0008066438669170834,0.9351592809111956,3.324520291071497e-06,-4.763726271520082e-06,0.1915668861666678,3.1935547829207666e-06,-3.110167570205037e-06,0.9344887007257624,-0.0002887065638284504,-0.0012227950841321438,0.2,0.0,0.0,0.0,0.0,2.962962962962963,2.962962962962963,1.2238310059586865e-05,2.5999151972655454e-05,3.0976437348240857,3.0332589113406403,0.0006300035875918313,0.0005405067033571718
X+,8.5,6.1,33.802736424000614,0.0,0.9254972310311246,0.0001739529759806806,0.0005407884377042737,0.12708743316317725,0.00031764021575410637,0.0008066438669170834,0.9351592809111956,3.324520291071497e-06,-4.763726271520082e-06,0.1915668861666678,3.1935547829207666e-06,-3.110167570205037e-06,0.9344887007257624,-0.0002887065638284504,-0.0012227950841321438,0.2,0.0,0.0,0.0,0.0,2.962962962962963,2.962962962962963,1.2238310059586865e-05,2.5999151972655454e-05,3.0976437348240857,3.0332589113406403,0.0006300035875918313,0.0005405067033571718
X+,8.5,6.1,33.83786283600057,0.0,0.9254972310311246,0.0001739529759806806,0.0005407884377042737,0.12708743316317725,0.00031764021575410637,0.0008066438669170834,0.9351592809111956,3.324520291071497e-06,-4.763726271520082e-06,0.1915668861666678,3.1935547829207666e-06,-3.110167570205037e-06,0.9344887007257624,-0.0002887065638284504,-0.0012227950841321438,0.2,0.0,0.0,0.0,0.0,2.962962962962963,2.962962962962963,1.2238310059586865e-05,2.5999151972655454e-05,3.0976437348240857,3.0332589113406403,0.0006300035875918313,0.0005405067033571718
X+,8.5,6.1,33.87967495600242,0.0,0.9254972310311246,0.0001739529759806806,0.0005407884377042737,0.12708743316317725,0.00031764021575410637,0.0008066438669170834,0.9351592809111956,3.324520291071497e-06,-4.763726271520082e-06,0.1915668861666678,3.1935547829207666e-06,-3.110167570205037e-06,0.9344887007257624,-0.0002887065638284504,-0.0012227950841321438,0.2,0.0,0.0,0.0,0.0,2.962962962962963,2.962962962962963,1.2238310059586865e-05,2.5999151972655454e-05,3.0976437348240857,3.0332589113406403,0.0006300035875918313,0.0005405067033571718
X+,8.5,6.1,33.909111977001885,0.0,0.9254972310311246,0.0001739529759806806,0.0005407884377042737,0.12708743316317725,0.00031764021575410637,0.0008066438669170834,0.9351592809111956,3.324520291071497e-06,-4.763726271520082e-06,0.1915668861666678,3.1935547829207666e-06,-3.110167570205037e-06,0.9344887007257624,-0.0002887065638284504,-0.0012227950841321438,0.2,0.0,0.0,0.0,0.0,2.962962962962963,2.962962962962963,1.2238310059586865e-05,2.5999151972655454e-05,3.0976437348240857,3.0332589113406403,0.0006300035875918313,0.0005405067033571718
X+,8.5,6.1,33.93368784800259,0.0,0.9254972310311246,0.0001739529759806806,0.0005407884377042737,0.12708743316317725,0.00031764021575410637,0.0008066438669170834,0.9351592809111956,3.324520291071497e-06,-4.763726271520082e-06,0.1915668861666678,3.1935547829207666e-06,-3.110167570205037e-06,0.9344887007257624,-0.0002887065638284504,-0.0012227950841321438,0.2,0.0,0.0,0.0,0.0,2.962962962962963,2.962962962962963,1.2238310059586865e-05,2.5999151972655454e-05,3.0976437348240857,3.0332589113406403,0.0006300035875918313,0.0005405067033571718
X+,8.5,6.1,33.959567249999964,0.0,0.9254972310311246,0.0001739529759806806,0.0005407884377042737,0.12708743316317725,0.00031764021575410637,0.0008066438669170834,0.9351592809111956,3.324520291071497e-06,-4.763726271520082e-06,0.1915668861666678,3.1935547829207666e-06,-3.110167570205037e-06,0.9344887007257624,-0.0002887065638284504,-0.0012227950841321438,0.2,0.0,0.0,0.0,0.0,2.962962962962963,2.962962962962963,1.2238310059586865e-05,2.5999151972655454e-05,3.0976437348240857,3.0332589113406403,0.0006300035875918313,0.0005405067033571718
X+,8.5,6.1,33.98839238800065,0.0,0.9254972310311246,0.0001739529759806806,0.0005407884377042737,0.12708743316317725,0.00031764021575410637,0.0008066438669170834,0.9351592809111956,3.324520291071497e-06,-4.763726271520082e-06,0.1915668861666678,3.1935547829207666e-06,-3.110167570205037e-06,0.9344887007257624,-0.0002887065638284504,-0.0012227950841321438,0.2,0.0,0.0,0.0,0.0,2.962962962962963,2.962962962962963,1.2238310059586865e-05,2.5999151972655454e-05,3.0976437348240857,3.0332589113406403,0.0006300035875918313,0.0005405067033571718
X+,8.5,6.1,34.02162356500048,0.0,0.926006032254896,0.00017413851240672025,0.0005412917886931206,0.12620135044461256,0.00032015439579943783,0.0008731297361093698,0.9351592809111956,3.324520291071497e-06,-4.763726271520082e-06,0.1915668861666678,3.1935547829207666e-06,-3.110167570205037e-06,0.9344887007257624,-0.0002887065638284504,-0.0012227950841321438,0.2,0.0,0.0,0.0,0.0,2.962962962962963,2.962962962962963,1.2238310059586865e-05,2.5999151972655454e-05,3.0976437348240857,3.0332589113406403,0.0006300035875918313,0.0005405067033571718
X+,8.5,6.1,34.04949532200044,0.0,0.9284974302065012,0.00017502393528109547,0.0005426707821237876,0.12186926776590402,0.000319287970272847,0.0010113261851495017,0.9351592809111956,3.324520291071497e-06,-4.763726271520082e-06,0.1915668861666678,3.1935547829207666e-06,-3.110167570205037e-06,0.9344887007257624,-0.0002887065638284504,-0.0012227950841321438,0.2,0.0,0.0,0.0,0.0,2.962962962962963,2.962962962962963,1.2488446294867117e-05,2.7666677727467004e-05,3.1011968002387067,3.0189226819517483,0.002864602721547457,0.0005425014527955323
X+,8.5,6.1,34.0741140099999,0.0,0.93031073304845,0.0001751303584860064,0.000542113721300699,0.11890885315742138,0.00034737762151063756,0.0012103817588887042,0.9351592809111956,3.324520291071497e-06,-4.763726271520082e-06,0.1915668861666678,3.1935547829207666e-06,-3.110167570205037e-06,0.9344887007257624,-0.0002887065638284504,-0.0012227950841321438,0.2,0.0,0.0,0.0,0.0,2.962962962962963,2.962962962962963,1.2651955402454007e-05,2.7654106963481695e-05,3.08426655290993,2.9911606716479957,0.0036947809182814764,0.0005421579742475372
X+,8.5,6.1,34.10132576000251,0.0,0.9321983810746916,0.00017484363228038695,0.0005417577960254804,0.11623564249197976,0.00023970310163798673,0.0014020843210082712,0.9351592809111956,3.324520291071497e-06,-4.763726271520082e-06,0.1915668861666678,3.1935547829207666e-06,-3.110167570205037e-06,0.9344887007257624,-0.0002887065638284504,-0.0012227950841321438,0.2,0.0,0.0,0.0,0.0,2.962962962962963,2.962962962962963,1.1911807924924744e-05,2.382032828407432e-05,3.0082308069146233,2.897948347989948,0.0005517024912925322,0.0005417588923937962
X+,8.5,6.1,34.131326378002996,0.0,0.9341599332507001,0.0001731659796775989,0.0005427376674278696,0.11400927377401232,0.0004568460569332382,0.0011330292622812456,0.9535895984843686,3.498613530029183e-06,-4.982579815718492e-06,0.1843031757213458,2.618902269711611e-06,-2.1885354419840973e-06,0.9559060378243179,-0.00031471541129186507,-0.0010677251560800014,0.2,0.0,0.0,0.0,0.0,2.962962962962963,2.962962962962963,6.570424402774222e-06,-1.4098995531952596e-05,2.8837598939529014,2.779204511530156,0.0032740304426094025,0.0005417139875790086
X+,8.600000000000001,6.200000000000001,34.15578730700145,0.10000000000000142,0.9364254911158071,0.0001733605759660353,0.0005454040369261962,0.11272555989846121,1.119582683345159e-05,0.00018896703209771658,0.9535895984843686,3.498613530029183e-06,-4.982579815718492e-06,0.1843031757213458,2.618902269711611e-06,-2.1885354419840973e-06,0.9559060378243179,-0.00031471541129186507,-0.0010677251560800014,0.2,0.0,0.0,0.0,0.0,2.962962962962963,2.962962962962963,4.078847498867333e-06,-1.1986771475847036e-05,2.6677876105938516,2.547081392506123,0.002626839658775526,0.0005448721864911452
X+,8.600000000000001,6.200000000000001,34.18255258300269,0.0,0.9373279113925989,0.00017040672514995105,0.0005519563929304073,0.11283753992526545,-0.00041373757409596463,0.0015897801540069123,0.9535895984843686,3.498613530029183e-06,-4.982579815718492e-06,0.1843031757213458,2.618902269711611e-06,-2.1885354419840973e-06,0.9559060378243179,-0.00031471541129186507,-0.0010677251560800014,0.2,0.0,0.0,0.0,0.0,2.962962962962963,2.962962962962963,-6.379618151974853e-06,-5.552939859043704e-07,2.5349323791893035,2.338468011160209,-0.0009457711065768246,0.0005505869071862841
X+,8.600000000000001,6.200000000000001,34.20879985900319,0.0,0.9373279113925989,0.00017040672514995105,0.0005519563929304073,0.11283753992526545,-0.00041373757409596463,0.0015897801540069123,0.9535895984843686,3.498613530029183e-06,-4.982579815718492e-06,0.1843031757213458,2.618902269711611e-06,-2.1885354419840973e-06,0.9559060378243179,-0.00031471541129186507,-0.0010677251560800014,0.2,0.0,0.0,0.0,0.0,2.962962962962963,2.962962962962963,-6.379618151974853e-06,-5.552939859043704e-07,2.5349323791893035,2.338468011160209,-0.0009457711065768246,0.0005505869071862841
X+,8.600000000000001,6.200000000000001,34.24182183300218,0.0,0.9373279113925989,0.00017040672514995105,0.0005519563929304073,0.11283753992526545,-0.00041373757409596463,0.0015897801540069123,0.9535895984843686,3.498613530029183e-06,-4.982579815718492e-06,0.1843031757213458,2.618902269711611e-06,-2.1885354419840973e-06,0.9559060378243179,-0.00031471541129186507,-0.0010677251560800014,0.2,0.0,0.0,0.0,0.0,2.962962962962963,2.962962962962963,-6.379618151974853e-06,-5.552939859043704e-07,2.5349323791893035,2.338468011160209,-0.0009457711065768246,0.0005505869071862841
X+,8.600000000000001,6.200000000000001,34.27218119600002,0.0,0.9373279113925989,0.00017040672514995105,0.0005519563929304073,0.11283753992526545,-0.00041373757409596463,0.0015897801540069123,0.9535895984843686,3.498613530029183e-06,-4.982579815718492e-06,0.1843031757213458,2.618902269711611e-06,-2.1885354419840973e-06,0.9559060378243179,-0.00031471541129186507,-0.0010677251560800014,0.2,0.0,0.0,0.0,0.0,2.962962962962963,2.962962962962963,-6.379618151974853e-06,-5.552939859043704e-07,2.5349323791893035,2.338468011160209,-0.0009457711065768246,0.0005505869071862841
X+,8.600000000000001,6.200000000000001,34.29919547400277,0.0,0.9373279113925989,0.00017040672514995105,0.0005519563929304073,0.11283753992526545,-0.00041373757409596463,0.0015897801540069123,0.9535895984843686,3.498613530029183e-06,-4.982579815718492e-06,0.1843031757213458,2.618902269711611e-06,-2.1885354419840973e-06,0.9559060378243179,-0.00031471541129186507,-0.0010677251560800014,0.2,0.0,0.0,0.0,0.0,2.962962962962963,2.962962962962963,-6.379618151974853e-06,-5.552939859043704e-07,2.5349323791893035,2.338468011160209,-0.0009457711065768246,0.0005505869071862841
X+,8.600000000000001,6.200000000000001,34.32489237400296,0.0,0.9373279113925989,0.00017040672514995105,0.0005519563929304073,0.11283753992526545,-0.00041373757409596463,0.0015897801540069123,0.9535895984843686,3.498613530029183e-06,-4.982579815718492e-06,0.1843031757213458,2.618902269711611e-06,-2.1885354419840973e-06,0.9559060378243179,-0.00031471541129186507,-0.0010677251560800014,0.2,0.0,0.0,0.0,0.0,2.962962962962963,2.962962962962963,-6.379618151974853e-06,-5.552939859043704e-07,2.5349323791893035,2.338468011160209,-0.0009457711065768246,0.0005505869071862841
X+,8.600000000000001,6.200000000000001,34.35253950200058,0.0,0.9373279113925989,0.00017040672514995105,0.0005519563929304073,0.11283753992526545,-0.00041373757409596463,0.0015897801540069123,0.9535895984843686,3.498613530029183e-06,-4.982579815718492e-06,0.1843031757213458,2.618902269711611e-06,-2.1885354419840973e-06,0.9559060378243179,-0.00031471541129186507,-0.0010677251560800014,0.2,0.0,0.0,0.0,0.0,2.962962962962963,2.962962962962963,-6.379618151974853e-06,-5.552939859043704e-07,2.5349323791893035,2.338468011160209,-0.0009457711065768246,0.0005505869071862841
X+,8.600000000000001,6.200000000000001,34.37849104400084,0.0,0.9373279113925989,0.00017040672514995105,0.0005519563929304073,0.11283753992526545,-0.00041373757409596463,0.0015897801540069123,0.9535895984843686,3.498613530029183e-06,-4.982579815718492e-06,0.1843031757213458,2.618902269711611e-06,-2.1885354419840973e-06,0.9559060378243179,-0.00031471541129186507,-0.0010677251560800014,0.2,0.0,0.0,0.0,0.0,2.962962962962963,2.962962962962963,-6.379618151974853e-06,-5.552939859043704e-07,2.5349323791893035,2.338468011160209,-0.0009457711065768246,0.0005505869071862841
X+,8.600000000000001,6.200000000000001,34.40636867100329,0.0,0.9373279113925989,0.00017040672514995105,0.0005519563929304073,0.11283753992526545,-0.00041373757409596463,0.0015897801540069123,0.9535895984843686,3.498613530029183e-06,-4.982579815718492e-06,0.1843031757213458,2.618902269711611e-06,-2.1885354419840973e-06,0.9559060378243179,-0.00031471541129186507,-0.0010677251560800014,0.2,0.0,0.0,0.0,0.0,2.962962962962963,2.962962962962963,-6.379618151974853e-06,-5.552939859043704e-07,2.5349323791893035,2.338468011160209,-0.0009457711065768246,0.0005505869071862841
X+,8.600000000000001,6.200000000000001,34.43527890699988,0.0,0.9373279113925989,0.00017040672514995105,0.0005519563929304073,0.11283753992526545,-0.00041373757409596463,0.0015897801540069123,0.9535895984843686,3.498613530029183e-06,-4.982579815718492e-06,0.1843031757213458,2.618902269711611e-06,-2.1885354419840973e-06,0.9559060378243179,-0.00031471541129186507,-0.0010677251560800014,0.2,0.0,0.0,0.0,0.0,2.962962962962963,2.962962962962963,-6.379618151974853e-06,-5.552939859043704e-07,2.5349323791893035,2.338468011160209,-0.0009457711065768246,0.0005505869071862841
X+,8.600000000000001,6.200000000000001,34.47073202500178,0.0,0.9375541086271313,0.00016896881666244538,0.0005556363033672434,0.11296527721620642,-0.0005436776627266329,0.0022922214261055836,0.9535895984843686,3.498613530029183e-06,-4.982579815718492e-06,0.1843031757213458,2.618902269711611e-06,-2.1885354419840973e-06,0.9559060378243179,-0.00031471541129186507,-0.0010677251560800014,0.2,0.0,0.0,0.0,0.0,2.962962962962963,2.962962962962963,-6.379618151974853e-06,-5.552939859043704e-07,2.5349323791893035,2.338468011160209,-0.0009457711065768246,0.0005505869071862841
X+,8.600000000000001,6.200000000000001,34.49760300700291,0.0,0.9411590021318009,0.0001641697567649229,0.0006977221928327686,0.12014228525556474,0.0008395677530692626,0.0011171194129288447,0.9535895984843686,3.498613530029183e-06,-4.982579815718492e-06,0.1843031757213458,2.618902269711611e-06,-2.1885354419840973e-06,0.9559060378243179,-0.00031471541129186507,-0.0010677251560800014,0.2,0.0,0.0,0.0,0.0,2.962962962962963,2.962962962962963,7.299873971078341e-06,2.6455294733551682e-05,1.9508789940239522,1.7352185705064898,0.0002456903192838071,0.0006959186714942221
X+,8.600000000000001,6.200000000000001,34.53142945900254,0.0,0.9433876377650813,0.0001667996032766834,0.0006881105321578965,0.12691697203752442,0.00019078212750627612,-0.00020927277801191903,0.9535895984843686,3.498613530029183e-06,-4.982579815718492e-06,0.1843031757213458,2.618902269711611e-06,-2.1885354419840973e-06,0.9559060378243179,-0.00031471541129186507,-0.0010677251560800014,0.2,0.0,0.0,0.0,0.0,2.962962962962963,2.962962962962963,1.1109927189778546e-05,2.6411135153558973e-05,1.7006982708862837,1.5853309371174946,-0.004070175537946141,0.0006881105321578965
X+,8.600000000000001,6.200000000000001,34.56540907400267,0.0,0.9458794566861389,0.00016822209269904114,0.0006823687299669927,0.13491287632372,0.0003220170928174013,-0.00028234413684512255,0.9637108516385009,3.6181710831754715e-06,-5.198170240203539e-06,0.10121253153410911,1.6998750482015243e-06,-2.1559042448504593e-06,0.9559060378243179,-0.00031471541129186507,-0.0010677251560800016,0.2,0.0,0.0,0.0,0.0,2.962962962962963,2.962962962962963,8.545309839291804e-06,2.1532268737800564e-05,1.588783082516218,1.4888099184972352,-0.0006250351021354498,0.0006848277118880728
X+,8.700000000000001,6.300000000000001,34.595979344001535,0.09999999999999964,0.9483834234747144,0.00017072645995803212,0.0006767745520748018,0.1429162052659679,0.00037428922425277155,-0.0003529304951620412,0.9637108516385009,3.6181710831754715e-06,-5.198170240203539e-06,0.09802133706943839,1.4534460521775943e-06,-1.9617715120506496e-06,0.9708605614202438,-0.000330601048751828,-0.0009524022608999876,0.2,0.0,0.0,0.0,0.0,2.962962962962963,2.962962962962963,6.886685894436084e-06,1.9396758112577572e-05,1.5457815759565026,1.5018931007902452,-0.0018967906850731573,0.0006783067756358838
X+,8.700000000000001,6.300000000000001,34.62212952900154,0.0,0.9499830769535759,0.00017180162048832312,0.0006748373156670936,0.14772803540344934,0.000414680902321465,-0.00048538315564789164,0.9637108516385009,3.6181710831754715e-06,-5.198170240203539e-06,0.09802133706943839,1.4534460521775943e-06,-1.9617715120506496e-06,0.9708605614202438,-0.000330601048751828,-0.0009524022608999876,0.2,0.0,0.0,0.0,0.0,2.962962962962963,2.962962962962963,9.706593114167106e-06,1.5012447122764172e-05,1.4940056147644099,1.620094076054334,-0.00017393581690074644,0.0006756696981118624
X+,8.700000000000001,6.300000000000001,34.6475032490016,0.0,0.9499830769535759,0.00017180162048832312,0.0006748373156670936,0.14772803540344934,0.000414680902321465,-0.00048538315564789164,0.9637108516385009,3.6181710831754715e-06,-5.198170240203539e-06,0.09802133706943839,1.4534460521775943e-06,-1.9617715120506496e-06,0.9708605614202438,-0.000330601048751828,-0.0009524022608999876,0.2,0.0,0.0,0.0,0.0,2.962962962962963,2.962962962962963,9.706593114167106e-06,1.5012447122764172e-05,1.4940056147644099,1.620094076054334,-0.00017393581690074644,0.0006756696981118624
X+,8.700000000000001,6.300000000000001,34.676427139002044,0.0,0.9499830769535759,0.00017180162048832312,0.0006748373156670936,0.14772803540344934,0.000414680902321465,-0.00048538315564789164,0.9637108516385009,3.6181710831754715e-06,-5.198170240203539e-06,0.09802133706943839,1.4534460521775943e-06,-1.9617715120506496e-06,0.9708605614202438,-0.000330601048751828,-0.0009524022608999876,0.2,0.0,0.0,0.0,0.0,2.962962962962963,2.962962962962963,9.706593114167106e-06,1.5012447122764172e-05,1.4940056147644099,1.620094076054334,-0.00017393581690074644,0.0006756696981118624
X+,8.700000000000001,6.300000000000001,34.7074378340003,0.0,0.9499830769535759,0.00017180162048832312,0.0006748373156670936,0.14772803540344934,0.000414680902321465,-0.00048538315564789164,0.9637108516385009,3.6181710831754715e-06,-5.198170240203539e-06,0.09802133706943839,1.4534460521775943e-06,-1.9617715120506496e-06,0.9708605614202438,-0.000330601048751828,-0.0009524022608999876,0.2,0.0,0.0,0.0,0.0,2.962962962962963,2.962962962962963,9.706593114167106e-06,1.5012447122764172e-05,1.4940056147644099,1.620094076054334,-0.00017393581690074644,0.0006756696981118624
X+,8.700000000000001,6.300000000000001,34.737961953000195,0.0,0.9499830769535759,0.00017180162048832312,0.0006748373156670936,0.14772803540344934,0.000414680902321465,-0.00048538315564789164,0.9637108516385009,3.6181710831754715e-06,-5.198170240203539e-06,0.09802133706943839,1.4534460521775943e-06,-1.9617715120506496e-06,0.9708605614202438,-0.000330601048751828,-0.0009524022608999876,0.2,0.0,0.0,0.0,0.0,2.962962962962963,2.962962962962963,9.706593114167106e-06,1.5012447122764172e-05,1.4940056147644099,1.620094076054334,-0.00017393581690074644,0.0006756696981118624
X+,8.700000000000001,6.300000000000001,34.76627854600156,0.0,0.9499830769535759,0.00017180162048832312,0.0006748373156670936,0.14772803540344934,0.000414680902321465,-0.00048538315564789164,0.9637108516385009,3.6181710831754715e-06,-5.198170240203539e-06,0.09802133706943839,1.4534460521775943e-06,-1.9617715120506496e-06,0.9708605614202438,-0.000330601048751828,-0.0009524022608999876,0.2,0.0,0.0,0.0,0.0,2.962962962962963,2.962962962962963,9.706593114167106e-06,1.5012447122764172e-05,1.4940056147644099,1.620094076054334,-0.00017393581690074644,0.0006756696981118624
X+,8.700000000000001,6.300000000000001,34.79610359000071,0.0,0.9499830769535759,0.00017180162048832312,0.0006748373156670936,0.14772803540344934,0.000414680902321465,-0.00048538315564789164,0.9637108516385009,3.6181710831754715e-06,-5.198170240203539e-06,0.09802133706943839,1.4534460521775943e-06,-1.9617715120506496e-06,0.9708605614202438,-0.000330601048751828,-0.0009524022608999876,0.2,0.0,0.0,0.0,0.0,2.962962962962963,2.962962962962963,9.706593114167106e-06,1.5012447122764172e-05,1.4940056147644099,1.620094076054334,-0.00017393581690074644,0.0006756696981118624
X+,8.700000000000001,6.300000000000001,34.824472270000115,0.0,0.9499830769535759,0.00017180162048832312,0.0006748373156670936,0.14772803540344934,0.000414680902321465,-0.00048538315564789164,0.9637108516385009,3.6181710831754715e-06,-5.198170240203539e-06,0.09802133706943839,1.4534460521775943e-06,-1.9617715120506496e-06,0.9708605614202438,-0.000330601048751828,-0.0009524022608999876,0.2,0.0,0.0,0.0,0.0,2.962962962962963,2.962962962962963,9.706593114167106e-06,1.5012447122764172e-05,1.4940056147644099,1.620094076054334,-0.00017393581690074644,0.0006756696981118624
X+,8.700000000000001,6.300000000000001,34.85568382600104,0.0,0.9499830769535759,0.00017180162048832312,0.0006748373156670936,0.14772803540344934,0.000414680902321465,-0.00048538315564789164,0.9637108516385009,3.6181710831754715e-06,-5.198170240203539e-06,0.09802133706943839,1.4534460521775943e-06,-1.9617715120506496e-06,0.9708605614202438,-0.000330601048751828,-0.0009524022608999876,0.2,0.0,0.0,0.0,0.0,2.962962962962963,2.962962962962963,9.706593114167106e-06,1.5012447122764172e-05,1.4940056147644099,1.620094076054334,-0.00017393581690074644,0.0006756696981118624
X+,8.700000000000001,6.300000000000001,34.8814352570007,0.0,0.9499830769535759,0.00017180162048832312,0.0006748373156670936,0.14772803540344934,0.000414680902321465,-0.00048538315564789164,0.9637108516385009,3.6181710831754715e-06,-5.198170240203539e-06,0.09802133706943839,1.4534460521775943e-06,-1.9617715120506496e-06,0.9708605614202438,-0.000330601048751828,-0.0009524022608999876,0.2,0.0,0.0,0.0,0.0,2.962962962962963,2.962962962962963,9.706593114167106e-06,1.5012447122764172e-05,1.4940056147644099,1.620094076054334,-0.00017393581690074644,0.0006756696981118624
X+,8.700000000000001,6.300000000000001,34.913425367001764,0.0,0.9499830769535759,0.00017180162048832312,0.0006748373156670936,0.14772803540344934,0.000414680902321465,-0.00048538315564789164,0.9637108516385009,3.6181710831754715e-06,-5.198170240203539e-06,0.09802133706943839,1.4534460521775943e-06,-1.9617715120506496e-06,0.9708605614202438,-0.000330601048751828,-0.0009524022608999876,0.2,0.0,0.0,0.0,0.0,2.962962962962963,2.962962962962963,9.706593114167106e-06,1.5012447122764172e-05,1.4940056147644099,1.620094076054334,-0.00017393581690074644,0.0006756696981118624
X+,8.700000000000001,6.300000000000001,34.94726351200006,0.0,0.9499830769535759,0.00017180162048832312,0.0006748373156670936,0.14772803540344934,0.000414680902321465,-0.00048538315564789164,0.9637108516385009,3.6181710831754715e-06,-5.198170240203539e-06,0.09802133706943839,1.4534460521775943e-06,-1.9617715120506496e-06,0.9708605614202438,-0.000330601048751828,-0.0009524022608999876,0.2,0.0,0.0,0.0,0.0,2.962962962962963,2.962962962962963,9.706593114167106e-06,1.5012447122764172e-05,1.4940056147644099,1.620094076054334,-0.00017393581690074644,0.0006756696981118624
X+,8.700000000000001,6.300000000000001,34.977378262003185,0.0,0.9499830769535759,0.00017180162048832312,0.0006748373156670936,0.14772803540344934,0.000414680902321465,-0.00048538315564789164,0.9637108516385009,3.6181710831754715e-06,-5.198170240203539e-06,0.09802133706943839,1.4534460521775943e-06,-1.9617715120506496e-06,0.9708605614202438,-0.000330601048751828,-0.0009524022608999876,0.2,0.0,0.0,0.0,0.0,2.962962962962963,2.962962962962963,9.706593114167106e-06,1.5012447122764172e-05,1.4940056147644099,1.620094076054334,-0.00017393581690074644,0.0006756696981118624
X+,8.700000000000001,6.300000000000001,35.01299056000062,0.0,0.9505775620250217,0.00017218085800039477,0.0006741310648607524,0.14940223325539373,0.00041974548511695037,-0.0005303243539357206,0.9637108516385009,3.6181710831754715e-06,-5.198170240203539e-06,0.09802133706943839,1.4534460521775943e-06,-1.9617715120506496e-06,0.9708605614202438,-0.000330601048751828,-0.0009524022608999876,0.2,0.0,0.0,0.0,0.0,2.962962962962963,2.962962962962963,9.706593114167106e-06,1.5012447122764172e-05,1.4940056147644099,1.620094076054334,-0.002087368499006079,0.0006741310648607524
X+,8.700000000000001,6.300000000000001,35.05044647300019,0.0,0.9536449581542396,0.00017415290651587485,0.0006709153546278808,0.15706144658589266,0.00043270548715869123,-0.0006666487703726582,0.9637108516385009,3.6181710831754715e-06,-5.198170240203539e-06,0.09802133706943839,1.4534460521775943e-06,-1.9617715120506496e-06,0.9708605614202438,-0.000330601048751828,-0.0009524022608999876,0.2,0.0,0.0,0.0,0.0,2.962962962962963,2.962962962962963,6.082550605412962e-06,1.0879025019505661e-05,1.627699481229739,1.7469307670661491,-0.002928925668586602,0.0006707493661671565
X+,8.700000000000001,6.300000000000001,35.07895595800073,0.0,0.9568534415148329,0.00017620304835862764,0.0006676943249356132,0.16353063036011645,0.000419819576927215,-0.000735502610178906,0.9637108516385009,3.6181710831754715e-06,-5.198170240203539e-06,0.09802133706943839,1.4534460521775943e-06,-1.9617715120506496e-06,0.9708605614202438,-0.000330601048751828,-0.0009524022608999876,0.2,0.0,0.0,0.0,0.0,2.962962962962963,2.962962962962963,5.559220890738459e-06,7.57056652389565e-06,1.7665260851929525,1.874013700509343,0.0032816921037277253,0.0006691870648964918
X+,8.700000000000001,6.300000000000001,35.11155209100252,0.0,0.9598424849482384,0.00017805589650097577,0.0006647941236186798,0.16838302544878042,0.00039477013763363725,-0.0007426538690297888,0.9637108516385009,3.6181710831754715e-06,-5.198170240203539e-06,0.09802133706943839,1.4534460521775943e-06,-1.9617715120506496e-06,0.9708605614202438,-0.000330601048751828,-0.0009524022608999876,0.2,0.0,0.0,0.0,0.0,2.962962962962963,2.962962962962963,5.162426982785462e-06,-5.4528975974577065e-06,1.8978008643474142,1.9926292230321445,0.0002679705832304191,0.0006657936567973975
X+,8.700000000000001,6.300000000000001,35.1406314770029,0.0,0.9620516778705187,0.00017936074001402916,0.0006627514908548617,0.17136334385122892,0.0003784834242177928,-0.0007435737736818154,0.9761018714664448,3.5503577747491077e-06,-4.978830234955083e-06,0.12391019828128996,-3.402677910347636e-08,2.193400052484548e-06,0.9757388482256377,-0.0003389651357334378,-0.0012433404018836747,0.2,0.0,0.0,0.0,0.0,2.962962962962963,2.962962962962963,4.968453532150363e-06,1.0312803842893459e-05,1.9584742753234041,2.0473817531756073,0.0001315726595445372,0.0006627514908548617
X+,8.8,6.4,35.17945533600141,0.09999999999999964,0.966045645846372,0.00018159311679391207,0.0006592934713617055,0.1756804466859846,0.0003605966752496407,-0.0007476004223010803,0.9761018714664448,3.5503577747491077e-06,-4.978830234955083e-06,0.12391019828128996,-3.402677910347636e-08,2.193400052484548e-06,0.9757388482256377,-0.0003389651357334378,-0.0012433404018836747,0.2,0.0,0.0,0.0,0.0,2.962962962962963,2.962962962962963,-3.9143970909094605e-06,6.642311161542125e-06,2.1175395937244734,2.1910661754142526,-0.001164680896362143,0.0006596603063263091
X+,8.8,6.4,35.20723535900106,0.0,0.9671028147268884,0.0001822582465109716,0.0006587458012901492,0.17662580963310517,0.0003394109523665132,-0.0007483232399629116,0.9761018714664448,3.5503577747491077e-06,-4.978830234955083e-06,0.12391019828128996,-3.402677910347636e-08,2.193400052484548e-06,0.9757388482256377,-0.0003389651357334378,-0.0012433404018836747,0.2,0.0,0.0,0.0,0.0,2.962962962962963,2.962962962962963,-3.9143970909094605e-06,6.642311161542125e-06,2.1175395937244734,2.1910661754142526,-0.001164680896362143,0.0006596603063263091
X+,8.8,6.4,35.23484666400327,0.0,0.9671028147268884,0.0001822582465109716,0.0006587458012901492,0.17662580963310517,0.0003394109523665132,-0.0007483232399629116,0.9761018714664448,3.5503577747491077e-06,-4.978830234955083e-06,0.12391019828128996,-3.402677910347636e-08,2.193400052484548e-06,0.9757388482256377,-0.0003389651357334378,-0.0012433404018836747,0.2,0.0,0.0,0.0,0.0,2.962962962962963,2.962962962962963,-3.9143970909094605e-06,6.642311161542125e-06,2.1175395937244734,2.1910661754142526,-0.001164680896362143,0.0006596603063263091
X+,8.8,6.4,35.262932760000695,0.0,0.9671028147268884,0.0001822582465109716,0.0006587458012901492,0.17662580963310517,0.0003394109523665132,-0.0007483232399629116,0.9761018714664448,3.5503577747491077e-06,-4.978830234955083e-06,0.12391019828128996,-3.402677910347636e-08,2.193400052484548e-06,0.9757388482256377,-0.0003389651357334378,-0.0012433404018836747,0.2,0.0,0.0,0.0,0.0,2.962962962962963,2.962962962962963,-3.9143970909094605e-06,6.642311161542125e-06,2.1175395937244734,2.1910661754142526,-0.001164680896362143,0.0006596603063263091
X+,8.8,6.4,35.290762164000625,0.0,0.9671028147268884,0.0001822582465109716,0.0006587458012901492,0.17662580963310517,0.0003394109523665132,-0.0007483232399629116,0.9761018714664448,3.5503577747491077e-06,-4.978830234955083e-06,0.12391019828128996,-3.402677910347636e-08,2.193400052484548e-06,0.9757388482256377,-0.0003389651357334378,-0.0012433404018836747,0.2,0.0,0.0,0.0,0.0,2.962962962962963,2.962962962962963,-3.9143970909094605e-06,6.642311161542125e-06,2.1175395937244734,2.1910661754142526,-0.001164680896362143,0.0006596603063263091
X+,8.8,6.4,35.31918948100065,0.0,0.9671028147268884,0.0001822582465109716,0.0006587458012901492,0.17662580963310517,0.0003394109523665132,-0.0007483232399629116,0.9761018714664448,3.5503577747491077e-06,-4.978830234955083e-06,0.12391019828128996,-3.402677910347636e-08,2.193400052484548e-06,0.9757388482256377,-0.0003389651357334378,-0.0012433404018836747,0.2,0.0,0.0,0.0,0.0,2.962962962962963,2.962962962962963,-3.9143970909094605e-06,6.642311161542125e-06,2.1175395937244734,2.1910661754142526,-0.001164680896362143,0.0006596603063263091
X+,8.8,6.4,35.34732633100066,0.0,0.9671028147268884,0.0001822582465109716,0.0006587458012901492,0.17662580963310517,0.0003394109523665132,-0.0007483232399629116,0.9761018714664448,3.5503577747491077e-06,-4.978830234955083e-06,0.12391019828128996,-3.402677910347636e-08,2.193400052484548e-06,0.9757388482256377,-0.0003389651357334378,-0.0012433404018836747,0.2,0.0,0.0,0.0,0.0,2.962962962962963,2.962962962962963,-3.9143970909094605e-06,6.642311161542125e-06,2.1175395937244734,2.1910661754142526,-0.001164680896362143,0.0006596603063263091
X+,8.8,6.4,35.37966721900011,0.0,0.9671028147268884,0.0001822582465109716,0.0006587458012901492,0.17662580963310517,0.0003394109523665132,-0.0007483232399629116,0.9761018714664448,3.5503577747491077e-06,-4.978830234955083e-06,0.12391019828128996,-3.402677910347636e-08,2.193400052484548e-06,0.9757388482256377,-0.0003389651357334378,-0.0012433404018836747,0.2,0.0,0.0,0.0,0.0,2.962962962962963,2.962962962962963,-3.9143970909094605e-06,6.642311161542125e-06,2.1175395937244734,2.1910661754142526,-0.001164680896362143,0.0006596603063263091
X+,8.8,6.4,35.40754833600295,0.0,0.9671028147268884,0.0001822582465109716,0.0006587458012901492,0.17662580963310517,0.0003394109523665132,-0.0007483232399629116,0.9761018714664448,3.5503577747491077e-06,-4.978830234955083e-06,0.12391019828128996,-3.402677910347636e-08,2.193400052484548e-06,0.9757388482256377,-0.0003389651357334378,-0.0012433404018836747,0.2,0.0,0.0,0.0,0.0,2.962962962962963,2.962962962962963,-3.9143970909094605e-06,6.642311161542125e-06,2.1175395937244734,2.1910661754142526,-0.001164680896362143,0.0006596603063263091
X+,8.8,6.4,35.43872519100114,0.0,0.9671028147268884,0.0001822582465109716,0.0006587458012901492,0.17662580963310517,0.0003394109523665132,-0.0007483232399629116,0.9761018714664448,3.5503577747491077e-06,-4.978830234955083e-06,0.12391019828128996,-3.402677910347636e-08,2.193400052484548e-06,0.9757388482256377,-0.0003389651357334378,-0.0012433404018836747,0.2,0.0,0.0,0.0,0.0,2.962962962962963,2.962962962962963,-3.9143970909094605e-06,6.642311161542125e-06,2.1175395937244734,2.1910661754142526,-0.001164680896362143,0.0006596603063263091
X+,8.8,6.4,35.47050806600237,0.0,0.9671028147268884,0.0001822582465109716,0.0006587458012901492,0.17662580963310517,0.0003394109523665132,-0.0007483232399629116,0.9761018714664448,3.5503577747491077e-06,-4.978830234955083e-06,0.12391019828128996,-3.402677910347636e-08,2.193400052484548e-06,0.9757388482256377,-0.0003389651357334378,-0.0012433404018836747,0.2,0.0,0.0,0.0,0.0,2.962962962962963,2.962962962962963,-3.9143970909094605e-06,6.642311161542125e-06,2.1175395937244734,2.1910661754142526,-0.001164680896362143,0.0006596603063263091
X+,8.8,6.4,35.498318554000434,0.0,0.9671028147268884,0.0001822582465109716,0.0006587458012901492,0.17662580963310517,0.0003394109523665132,-0.0007483232399629116,0.9761018714664448,3.5503577747491077e-06,-4.978830234955083e-06,0.12391019828128996,-3.402677910347636e-08,2.193400052484548e-06,0.9757388482256377,-0.0003389651357334378,-0.0012433404018836747,0.2,0.0,0.0,0.0,0.0,2.962962962962963,2.962962962962963,-3.9143970909094605e-06,6.642311161542125e-06,2.1175395937244734,2.1910661754142526,-0.001164680896362143,0.0006596603063263091
X+,8.8,6.4,35.52426495200052,0.0,0.9674564308506116,0.00018237587027771038,0.0006587353377203431,0.1769256307071423,0.00033571657437330804,-0.0007668805011308785,0.9761018714664448,3.5503577747491077e-06,-4.978830234955083e-06,0.12391019828128996,-3.402677910347636e-08,2.193400052484548e-06,0.9757388482256377,-0.0003389651357334378,-0.0012433404018836747,0.2,0.0,0.0,0.0,0.0,2.962962962962963,2.962962962962963,-3.9143970909094605e-06,6.642311161542125e-06,2.1175395937244734,2.1910661754142526,-0.001164680896362143,0.0006596603063263091
X+,8.8,6.4,35.551851748001354,0.0,0.9701265381406898,0.0001836792352517642,0.0006571770575275626,0.17894492307010157,0.00036936973766211627,-0.0008472617446200039,0.9761018714664448,3.5503577747491077e-06,-4.978830234955083e-06,0.12391019828128996,-3.402677910347636e-08,2.193400052484548e-06,0.9757388482256377,-0.0003389651357334378,-0.0012433404018836747,0.2,0.0,0.0,0.0,0.0,2.962962962962963,2.962962962962963,3.664072520948025e-06,6.242418130852911e-06,2.205008863434837,2.270135493494479,-0.0014322923213173982,0.000657714845888497
X+,8.8,6.4,35.57971577600256,0.0,0.9730048715838854,0.000185494080683659,0.0006548734467598877,0.18069318537979712,0.00034289391282821735,-0.0005611702652551369,0.9761018714664448,3.5503577747491077e-06,-4.978830234955083e-06,0.12391019828128996,-3.402677910347636e-08,2.193400052484548e-06,0.9757388482256377,-0.0003389651357334378,-0.0012433404018836747,0.2,0.0,0.0,0.0,0.0,2.962962962962963,2.962962962962963,-4.4583472718073835e-06,5.780001299804383e-06,2.2434427675870467,2.304692833288218,-0.00036820120239144656,0.0006549239675009838
X+,8.8,6.4,35.60829846900015,0.0,0.9748169246723761,0.0001866103609104615,0.0006547046226412468,0.18159623950317502,0.00034389151106030934,-0.00048232264226868624,0.9761018714664448,3.5503577747491077e-06,-4.978830234955083e-06,0.12391019828128996,-3.402677910347636e-08,2.193400052484548e-06,0.9757388482256377,-0.0003389651357334378,-0.0012433404018836747,0.2,0.0,0.0,0.0,0.0,2.962962962962963,2.962962962962963,-3.8200849381553326e-06,5.36808560980262e-06,2.278821388029148,2.336401945877134,0.002218911072533101,0.0006547094736394205
X+,8.8,6.4,35.640590473001794,0.0,0.9777331290400072,0.00018841502586561514,0.0006546520841507236,0.18277050305717812,0.00034088515202211964,-0.000551018019023495,0.9761018714664448,3.5503577747491077e-06,-4.978830234955083e-06,0.12391019828128996,-3.402677910347636e-08,2.193400052484548e-06,0.9757388482256377,-0.0003389651357334378,-0.0012433404018836747,0.2,0.0,0.0,0.0,0.0,2.962962962962963,2.962962962962963,-4.317677732679215e-06,5.182320514052208e-06,2.341289960889236,2.392363204728546,0.0037809255411377332,0.0006547725470540656
X+,8.8,6.4,35.66894367600253,0.0,0.9808495251869191,0.00019034071041776606,0.0006539983238648842,0.18369881563177795,0.0003262685720721766,-0.0005408082380121372,0.9913421167271778,3.481284468962615e-06,-5.2192805952757916e-06,0.1524024526088802,6.805288106317939e-08,-2.404503603207084e-06,0.986277470533612,-0.000350772765036917,-0.0011454593068727095,0.2,0.0,0.0,0.0,0.0,2.962962962962963,2.962962962962963,-4.314181252240701e-06,5.079493941018143e-06,2.3932046794573227,2.4384847297502708,-0.0004369714943290553,0.0006541728419569531
X+,8.9,6.5,35.69904510700144,0.09999999999999964,0.9845327228449379,0.0001925423088442648,0.0006537559442815917,0.1844367570403546,0.00032900640901484534,-0.000587028355050316,0.9913421167271778,3.481284468962615e-06,-5.2192805952757916e-06,0.1524024526088802,6.805288106317939e-08,-2.404503603207084e-06,0.986277470533612,-0.000350772765036917,-0.0011454593068727095,0.2,0.0,0.0,0.0,0.0,2.962962962962963,2.962962962962963,-4.3466776755707315e-06,5.083159270391491e-06,2.415750918511714,2.458443094659111,-0.0015673264558311553,0.0006537559442815917
X+,8.9,6.5,35.73103638000248,0.0,0.9852709533875842,0.0001930027169277336,0.0006535671429281324,0.18454416077040128,0.00032439746142025154,-0.0005775520363690929,0.9913421167271778,3.481284468962615e-06,-5.2192805952757916e-06,0.1524024526088802,6.805288106317939e-08,-2.404503603207084e-06,0.986277470533612,-0.000350772765036917,-0.0011454593068727095,0.2,0.0,0.0,0.0,0.0,2.962962962962963,2.962962962962963,-4.322926614896971e-06,5.059686453812162e-06,2.436276480605296,2.4764749359282243,-0.0015673264558311553,0.0006537559442815917
X+,8.9,6.5,35.75715053800013,0.0,0.9852709533875842,0.0001930027169277336,0.0006535671429281324,0.18454416077040128,0.00032439746142025154,-0.0005775520363690929,0.9913421167271778,3.481284468962615e-06,-5.2192805952757916e-06,0.1524024526088802,6.805288106317939e-08,-2.404503603207084e-06,0.986277470533612,-0.000350772765036917,-0.0011454593068727095,0.2,0.0,0.0,0.0,0.0,2.962962962962963,2.962962962962963,-4.322926614896971e-06,5.059686453812162e-06,2.436276480605296,2.4764749359282243,-0.0015673264558311553,0.0006537559442815917
X+,8.9,6.5,35.78128202800144,0.0,0.9852709533875842,0.0001930027169277336,0.0006535671429281324,0.18454416077040128,0.00032439746142025154,-0.0005775520363690929,0.9913421167271778,3.481284468962615e-06,-5.2192805952757916e-06,0.1524024526088802,6.805288106317939e-08,-2.404503603207084e-06,0.986277470533612,-0.000350772765036917,-0.0011454593068727095,0.2,0.0,0.0,0.0,0.0,2.962962962962963,2.962962962962963,-4.322926614896971e-06,5.059686453812162e-06,2.436276480605296,2.4764749359282243,-0.0015673264558311553,0.0006537559442815917
X+,8.9,6.5,35.808954084001016,0.0,0.9852709533875842,0.0001930027169277336,0.0006535671429281324,0.18454416077040128,0.00032439746142025154,-0.0005775520363690929,0.9913421167271778,3.481284468962615e-06,-5.2192805952757916e-06,0.1524024526088802,6.805288106317939e-08,-2.404503603207084e-06,0.986277470533612,-0.000350772765036917,-0.0011454593068727095,0.2,0.0,0.0,0.0,0.0,2.962962962962963,2.962962962962963,-4.322926614896971e-06,5.059686453812162e-06,2.436276480605296,2.4764749359282243,-0.0015673264558311553,0.0006537559442815917
X+,8.9,6.5,35.838683792000666,0.0,0.9852709533875842,0.0001930027169277336,0.0006535671429281324,0.18454416077040128,0.00032439746142025154,-0.0005775520363690929,0.9913421167271778,3.481284468962615e-06,-5.2192805952757916e-06,0.1524024526088802,6.805288106317939e-08,-2.404503603207084e-06,0.986277470533612,-0.000350772765036917,-0.0011454593068727095,0.2,0.0,0.0,0.0,0.0,2.962962962962963,2.962962962962963,-4.322926614896971e-06,5.059686453812162e-06,2.436276480605296,2.4764749359282243,-0.0015673264558311553,0.0006537559442815917
X+,8.9,6.5,35.87624323300042,0.0,0.9852709533875842,0.0001930027169277336,0.0006535671429281324,0.18454416077040128,0.00032439746142025154,-0.0005775520363690929,0.9913421167271778,3.481284468962615e-06,-5.2192805952757916e-06,0.1524024526088802,6.805288106317939e-08,-2.404503603207084e-06,0.986277470533612,-0.000350772765036917,-0.0011454593068727095,0.2,0.0,0.0,0.0,0.0,2.962962962962963,2.962962962962963,-4.322926614896971e-06,5.059686453812162e-06,2.436276480605296,2.4764749359282243,-0.0015673264558311553,0.0006537559442815917
X+,8.9,6.5,35.906070223001734,0.0,0.9852709533875842,0.0001930027169277336,0.0006535671429281324,0.18454416077040128,0.00032439746142025154,-0.0005775520363690929,0.9913421167271778,3.481284468962615e-06,-5.2192805952757916e-06,0.1524024526088802,6.805288106317939e-08,-2.404503603207084e-06,0.986277470533612,-0.000350772765036917,-0.0011454593068727095,0.2,0.0,0.0,0.0,0.0,2.962962962962963,2.962962962962963,-4.322926614896971e-06,5.059686453812162e-06,2.436276480605296,2.4764749359282243,-0.0015673264558311553,0.0006537559442815917
X+,8.9,6.5,35.94132841100145,0.0,0.9852709533875842,0.0001930027169277336,0.0006535671429281324,0.18454416077040128,0.00032439746142025154,-0.0005775520363690929,0.9913421167271778,3.481284468962615e-06,-5.2192805952757916e-06,0.1524024526088802,6.805288106317939e-08,-2.404503603207084e-06,0.986277470533612,-0.000350772765036917,-0.0011454593068727095,0.2,0.0,0.0,0.0,0.0,2.962962962962963,2.962962962962963,-4.322926614896971e-06,5.059686453812162e-06,2.436276480605296,2.4764749359282243,-0.0015673264558311553,0.0006537559442815917
X+,8.9,6.5,35.967703756003175,0.0,0.9852709533875842,0.0001930027169277336,0.0006535671429281324,0.18454416077040128,0.00032439746142025154,-0.0005775520363690929,0.9913421167271778,3.481284468962615e-06,-5.2192805952757916e-06,0.1524024526088802,6.805288106317939e-08,-2.404503603207084e-06,0.986277470533612,-0.000350772765036917,-0.0011454593068727095,0.2,0.0,0.0,0.0,0.0,2.962962962962963,2.962962962962963,-4.322926614896971e-06,5.059686453812162e-06,2.436276480605296,2.4764749359282243,-0.0015673264558311553,0.0006537559442815917
X+,8.9,6.5,35.99215546900086,0.0,0.9852709533875842,0.0001930027169277336,0.0006535671429281324,0.18454416077040128,0.00032439746142025154,-0.0005775520363690929,0.9913421167271778,3.481284468962615e-06,-5.2192805952757916e-06,0.1524024526088802,6.805288106317939e-08,-2.404503603207084e-06,0.986277470533612,-0.000350772765036917,-0.0011454593068727095,0.2,0.0,0.0,0.0,0.0,2.962962962962963,2.962962962962963,-4.322926614896971e-06,5.059686453812162e-06,2.436276480605296,2.4764749359282243,-0.0015673264558311553,0.0006537559442815917
X+,8.9,6.5,36.02257854700292,0.0,0.9852709533875842,0.0001930027169277336,0.0006535671429281324,0.18454416077040128,0.00032439746142025154,-0.0005775520363690929,0.9913421167271778,3.481284468962615e-06,-5.2192805952757916e-06,0.1524024526088802,6.805288106317939e-08,-2.404503603207084e-06,0.986277470533612,-0.000350772765036917,-0.0011454593068727095,0.2,0.0,0.0,0.0,0.0,2.962962962962963,2.962962962962963,-4.322926614896971e-06,5.059686453812162e-06,2.436276480605296,2.4764749359282243,-0.0015673264558311553,0.0006537559442815917
X+,8.9,6.5,36.052211243000784,0.0,0.9889673350606949,0.00019519313769250646,0.0006532278249804005,0.18490700398620197,0.00032855526709277765,-0.000583716664591337,0.9913421167271778,3.481284468962615e-06,-5.2192805952757916e-06,0.1524024526088802,6.805288106317939e-08,-2.404503603207084e-06,0.986277470533612,-0.000350772765036917,-0.0011454593068727095,0.2,0.0,0.0,0.0,0.0,2.962962962962963,2.962962962962963,-4.111951024121652e-06,5.005383241218908e-06,2.471814603789823,2.5075754748535957,-0.0013629757761075524,0.0006531712859148777
X+,8.9,6.5,36.08993604100033,0.0,0.9917430244979824,0.00019690496092043385,0.0006528284508286437,0.18501194775594562,0.00032837718056366046,-0.0006117545631624071,0.9913421167271778,3.481284468962615e-06,-5.2192805952757916e-06,0.1524024526088802,6.805288106317939e-08,-2.404503603207084e-06,0.986277470533612,-0.000350772765036917,-0.0011454593068727095,0.2,0.0,0.0,0.0,0.0,2.962962962962963,2.962962962962963,-3.983300921994726e-06,5.0081547495750556e-06,2.4871901536001833,2.5209407797814825,0.002017154173899336,0.000653098308052212
X+,8.9,6.5,36.134756655003,0.0,0.9965548991467452,0.00019962910722482081,0.0006534514310883053,0.18491693199082995,0.00035580025693483027,-0.0007134001759686295,0.9913421167271778,3.481284468962615e-06,-5.2192805952757916e-06,0.1524024526088802,6.805288106317939e-08,-2.404503603207084e-06,0.986277470533612,-0.000350772765036917,-0.0011454593068727095,0.2,0.0,0.0,0.0,0.0,2.962962962962963,2.962962962962963,-3.650088385320771e-06,5.003429055072672e-06,2.5251804694921347,2.55353088703016,-0.0008404744232725446,0.0006533447719435122
X+,8.9,6.5,36.161217345001205,0.0,0.9989590204345594,0.0002011493541438595,0.0006531047527622299,0.18476019977219746,0.0003706925708716071,-0.000821134701923679,1.007579235084071,3.409873950041666e-06,-5.454160249119371e-06,0.16237118357045,1.3335557842969227e-07,-2.3487965384357915e-06,1.003316654178298,-0.00037044881840509445,-0.0011325278120817297,0.2,0.0,0.0,0.0,0.0,2.962962962962963,2.962962962962963,-3.537535704367656e-06,5.134664679218304e-06,2.535632533662318,2.562363810828455,0.00020879785766968282,0.0006530117341450425
X+,9.0,6.6,36.19093405300009,0.09999999999999964,1.002099143137699,0.0002033139052658641,0.0006519670767623768,0.18446442611327038,0.00032787633398959624,-0.0006607583318837565,1.007579235084071,3.409873950041666e-06,-5.454160249119371e-06,0.16237118357045,1.3335557842969227e-07,-2.3487965384357915e-06,1.003316654178298,-0.00037044881840509445,-0.0011325278120817297,0.2,0.0,0.0,0.0,0.0,2.962962962962963,2.962962962962963,-3.5017674822057643e-06,4.9344840178378035e-06,2.553378938014298,2.5771804680416333,-0.0008170925689944363,0.0006524965748485486
X+,9.0,6.6,36.22012527800325,0.0,1.00431232895588,0.00020439064412105992,0.0006532475669118003,0.18420267357853265,0.000378852700308705,-0.0008249424575182682,1.007579235084071,3.409873950041666e-06,-5.454160249119371e-06,0.16237118357045,1.3335557842969227e-07,-2.3487965384357915e-06,1.003316654178298,-0.00037044881840509445,-0.0011325278120817297,0.2,0.0,0.0,0.0,0.0,2.962962962962963,2.962962962962963,-3.5023461313343773e-06,4.996260129175312e-06,2.561014816169161,2.58342019293941,-0.0034334715019163197,0.0006532475669118003
X+,9.0,6.6,36.24426268900061,0.0,1.00431232895588,0.00020439064412105992,0.0006532475669118003,0.18420267357853265,0.000378852700308705,-0.0008249424575182682,1.007579235084071,3.409873950041666e-06,-5.454160249119371e-06,0.16237118357045,1.3335557842969227e-07,-2.3487965384357915e-06,1.003316654178298,-0.00037044881840509445,-0.0011325278120817297,0.2,0.0,0.0,0.0,0.0,2.962962962962963,2.962962962962963,-3.5023461313343773e-06,4.996260129175312e-06,2.561014816169161,2.58342019293941,-0.0034334715019163197,0.0006532475669118003
X+,9.0,6.6,36.2725961540018,0.0,1.00431232895588,0.00020439064412105992,0.0006532475669118003,0.18420267357853265,0.000378852700308705,-0.0008249424575182682,1.007579235084071,3.409873950041666e-06,-5.454160249119371e-06,0.16237118357045,1.3335557842969227e-07,-2.3487965384357915e-06,1.003316654178298,-0.00037044881840509445,-0.0011325278120817297,0.2,0.0,0.0,0.0,0.0,2.962962962962963,2.962962962962963,-3.5023461313343773e-06,4.996260129175312e-06,2.561014816169161,2.58342019293941,-0.0034334715019163197,0.0006532475669118003
X+,9.0,6.6,36.297246025002096,0.0,1.00431232895588,0.00020439064412105992,0.0006532475669118003,0.18420267357853265,0.000378852700308705,-0.0008249424575182682,1.007579235084071,3.409873950041666e-06,-5.454160249119371e-06,0.16237118357045,1.3335557842969227e-07,-2.3487965384357915e-06,1.003316654178298,-0.00037044881840509445,-0.0011325278120817297,0.2,0.0,0.0,0.0,0.0,2.962962962962963,2.962962962962963,-3.5023461313343773e-06,4.996260129175312e-06,2.561014816169161,2.58342019293941,-0.0034334715019163197,0.0006532475669118003
X+,9.0,6.6,36.324666890002845,0.0,1.00431232895588,0.00020439064412105992,0.0006532475669118003,0.18420267357853265,0.000378852700308705,-0.0008249424575182682,1.007579235084071,3.409873950041666e-06,-5.454160249119371e-06,0.16237118357045,1.3335557842969227e-07,-2.3487965384357915e-06,1.003316654178298,-0.00037044881840509445,-0.0011325278120817297,0.2,0.0,0.0,0.0,0.0,2.962962962962963,2.962962962962963,-3.5023461313343773e-06,4.996260129175312e-06,2.561014816169161,2.58342019293941,-0.0034334715019163197,0.0006532475669118003
X+,9.0,6.6,36.35165172600318,0.0,1.00431232895588,0.00020439064412105992,0.0006532475669118003,0.18420267357853265,0.000378852700308705,-0.0008249424575182682,1.007579235084071,3.409873950041666e-06,-5.454160249119371e-06,0.16237118357045,1.3335557842969227e-07,-2.3487965384357915e-06,1.003316654178298,-0.00037044881840509445,-0.0011325278120817297,0.2,0.0,0.0,0.0,0.0,2.962962962962963,2.962962962962963,-3.5023461313343773e-06,4.996260129175312e-06,2.561014816169161,2.58342019293941,-0.0034334715019163197,0.0006532475669118003
X+,9.0,6.6,36.38220613000158,0.0,1.00431232895588,0.00020439064412105992,0.0006532475669118003,0.18420267357853265,0.000378852700308705,-0.0008249424575182682,1.007579235084071,3.409873950041666e-06,-5.454160249119371e-06,0.16237118357045,1.3335557842969227e-07,-2.3487965384357915e-06,1.003316654178298,-0.00037044881840509445,-0.0011325278120817297,0.2,0.0,0.0,0.0,0.0,2.962962962962963,2.962962962962963,-3.5023461313343773e-06,4.996260129175312e-06,2.561014816169161,2.58342019293941,-0.0034334715019163197,0.0006532475669118003
X+,9.0,6.6,36.4063157030032,0.0,1.00431232895588,0.00020439064412105992,0.0006532475669118003,0.18420267357853265,0.000378852700308705,-0.0008249424575182682,1.007579235084071,3.409873950041666e-06,-5.454160249119371e-06,0.16237118357045,1.3335557842969227e-07,-2.3487965384357915e-06,1.003316654178298,-0.00037044881840509445,-0.0011325278120817297,0.2,0.0,0.0,0.0,0.0,2.962962962962963,2.962962962962963,-3.5023461313343773e-06,4.996260129175312e-06,2.561014816169161,2.58342019293941,-0.0034334715019163197,0.0006532475669118003
X+,9.0,6.6,36.43963578700277,0.0,1.00431232895588,0.00020439064412105992,0.0006532475669118003,0.18420267357853265,0.000378852700308705,-0.0008249424575182682,1.007579235084071,3.409873950041666e-06,-5.454160249119371e-06,0.16237118357045,1.3335557842969227e-07,-2.3487965384357915e-06,1.003316654178298,-0.00037044881840509445,-0.0011325278120817297,0.2,0.0,0.0,0.0,0.0,2.962962962962963,2.962962962962963,-3.5023461313343773e-06,4.996260129175312e-06,2.561014816169161,2.58342019293941,-0.0034334715019163197,0.0006532475669118003
X+,9.0,6.6,36.47057419700286,0.0,1.00431232895588,0.00020439064412105992,0.0006532475669118003,0.18420267357853265,0.000378852700308705,-0.0008249424575182682,1.007579235084071,3.409873950041666e-06,-5.454160249119371e-06,0.16237118357045,1.3335557842969227e-07,-2.3487965384357915e-06,1.003316654178298,-0.00037044881840509445,-0.0011325278120817297,0.2,0.0,0.0,0.0,0.0,2.962962962962963,2.962962962962963,-3.5023461313343773e-06,4.996260129175312e-06,2.561014816169161,2.58342019293941,-0.0034334715019163197,0.0006532475669118003
X+,9.0,6.6,36.496920678000606,0.0,1.00431232895588,0.00020439064412105992,0.0006532475669118003,0.18420267357853265,0.000378852700308705,-0.0008249424575182682,1.007579235084071,3.409873950041666e-06,-5.454160249119371e-06,0.16237118357045,1.3335557842969227e-07,-2.3487965384357915e-06,1.003316654178298,-0.00037044881840509445,-0.0011325278120817297,0.2,0.0,0.0,0.0,0.0,2.962962962962963,2.962962962962963,-3.5023461313343773e-06,4.996260129175312e-06,2.561014816169161,2.58342019293941,-0.0034334715019163197,0.0006532475669118003
X+,9.0,6.6,36.52857285100254,0.0,1.00431232895588,0.00020439064412105992,0.0006532475669118003,0.18420267357853265,0.000378852700308705,-0.0008249424575182682,1.007579235084071,3.409873950041666e-06,-5.454160249119371e-06,0.16237118357045,1.3335557842969227e-07,-2.3487965384357915e-06,1.003316654178298,-0.00037044881840509445,-0.0011325278120817297,0.2,0.0,0.0,0.0,0.0,2.962962962962963,2.962962962962963,-3.5023461313343773e-06,4.996260129175312e-06,2.561014816169161,2.58342019293941,-0.0034334715019163197,0.0006532475669118003
X+,9.0,6.6,36.55643442100336,0.0,1.0065222200769433,0.00020586756333801966,0.0006527023409277843,0.18390331496734974,0.00037278650378953706,-0.0008205522762171798,1.007579235084071,3.409873950041666e-06,-5.454160249119371e-06,0.16237118357045,1.3335557842969227e-07,-2.3487965384357915e-06,1.003316654178298,-0.00037044881840509445,-0.0011325278120817297,0.2,0.0,0.0,0.0,0.0,2.962962962962963,2.962962962962963,3.4144638929589632e-06,5.036876199682183e-06,2.5741961374188578,2.594019603886185,-0.0006542869474042857,0.0006526401944088838
X+,9.0,6.6,36.57988037300311,0.0,1.008544679478333,0.00020739165735627046,0.000651668864798209,0.18359982720713103,0.0003499397702512983,-0.0007644021544227248,1.007579235084071,3.409873950041666e-06,-5.454160249119371e-06,0.16237118357045,1.3335557842969227e-07,-2.3487965384357915e-06,1.003316654178298,-0.00037044881840509445,-0.0011325278120817297,0.2,0.0,0.0,0.0,0.0,2.962962962962963,2.962962962962963,-5.6968112280841865e-06,4.920683592146702e-06,2.579790983190264,2.5984504097595567,0.0014371990383345926,0.0006517863616721067
X+,9.0,6.6,36.60467252400122,0.0,1.0111136699859886,0.00020896041143221317,0.0006516772718197886,0.1831778353845225,0.0003286603535694046,-0.0006237360435213371,1.007579235084071,3.409873950041666e-06,-5.454160249119371e-06,0.16237118357045,1.3335557842969227e-07,-2.3487965384357915e-06,1.003316654178298,-0.00037044881840509445,-0.0011325278120817297,0.2,0.0,0.0,0.0,0.0,2.962962962962963,2.962962962962963,-3.420573404966376e-06,4.846254197055089e-06,2.584783983354338,2.602323129517646,0.001209304371392863,0.0006510010128102675
X+,9.0,6.6,36.63322102700113,0.0,1.0142249555148515,0.0002108842676593007,0.0006520059091577075,0.18262126894148403,0.0003698323672144527,-0.0008278548359932608,1.007579235084071,3.409873950041666e-06,-5.454160249119371e-06,0.16237118357045,1.3335557842969227e-07,-2.3487965384357915e-06,1.003316654178298,-0.00037044881840509445,-0.0011325278120817297,0.2,0.0,0.0,0.0,0.0,2.962962962962963,2.962962962962963,3.391018018383818e-06,4.966417709972859e-06,2.593586375126176,2.608894360885665,-0.0028738421780272238,0.000652173649834501
X+,9.0,6.6,36.661128145002294,0.0,1.0165976341185636,0.00021250086664495373,0.0006517017858616123,0.18216693704952155,0.00036541526600695877,-0.0008144737428375517,1.0241491362282502,3.388778400850286e-06,-5.498340216827493e-06,0.16569901144047744,6.927934696090538e-07,-4.417996770812258e-07,1.0069013824879025,-0.0003746121049779742,-0.0012292414921786234,0.2,0.0,0.0,0.0,0.0,2.962962962962963,2.962962962962963,-5.440286332536459e-06,5.01678939546224e-06,2.597278711386944,2.611533802718404,-0.00017346642194373727,0.0006523699363342661
X+,9.100000000000001,6.700000000000001,36.689705826000136,0.10000000000000142,1.0195095815478987,0.0002142706008032855,0.0006519759060997825,0.18157969246494388,0.0003490369061188554,-0.0007080499357627192,1.0241491362282502,3.388778400850286e-06,-5.498340216827493e-06,0.16569901144047744,6.927934696090538e-07,-4.417996770812258e-07,1.0069013824879025,-0.0003746121049779742,-0.0012292414921786234,0.2,0.0,0.0,0.0,0.0,2.962962962962963,2.962962962962963,-4.6527114978545114e-06,4.956061294691949e-06,2.6035876887716993,2.6159027422739287,-0.0010278690998163568,0.0006519759060997825
X+,9.100000000000001,6.700000000000001,36.723257968002144,0.0,1.022412023836846,0.000216140470298728,0.000652024005285892,0.18096719486514812,0.00036604640929793536,-0.0008078265109207422,1.0241491362282502,3.388778400850286e-06,-5.498340216827493e-06,0.16569901144047744,6.927934696090538e-07,-4.417996770812258e-07,1.0069013824879025,-0.0003746121049779742,-0.0012292414921786234,0.2,0.0,0.0,0.0,0.0,2.962962962962963,2.962962962962963,-4.105090683381718e-06,4.9934746098045935e-06,2.6063674145083757,2.6177088528837986,-0.002299274527596298,0.000652176455025328
X+,9.100000000000001,6.700000000000001,36.748825128001045,0.0,1.022412023836846,0.000216140470298728,0.000652024005285892,0.18096719486514812,0.00036604640929793536,-0.0008078265109207422,1.0241491362282502,3.388778400850286e-06,-5.498340216827493e-06,0.16569901144047744,6.927934696090538e-07,-4.417996770812258e-07,1.0069013824879025,-0.0003746121049779742,-0.0012292414921786234,0.2,0.0,0.0,0.0,0.0,2.962962962962963,2.962962962962963,-4.105090683381718e-06,4.9934746098045935e-06,2.6063674145083757,2.6177088528837986,-0.002299274527596298,0.000652176455025328
X+,9.100000000000001,6.700000000000001,36.77235202800148,0.0,1.022412023836846,0.000216140470298728,0.000652024005285892,0.18096719486514812,0.00036604640929793536,-0.0008078265109207422,1.0241491362282502,3.388778400850286e-06,-5.498340216827493e-06,0.16569901144047744,6.927934696090538e-07,-4.417996770812258e-07,1.0069013824879025,-0.0003746121049779742,-0.0012292414921786234,0.2,0.0,0.0,0.0,0.0,2.962962962962963,2.962962962962963,-4.105090683381718e-06,4.9934746098045935e-06,2.6063674145083757,2.6177088528837986,-0.002299274527596298,0.000652176455025328
X+,9.100000000000001,6.700000000000001,36.79719373100306,0.0,1.022412023836846,0.000216140470298728,0.000652024005285892,0.18096719486514812,0.00036604640929793536,-0.0008078265109207422,1.0241491362282502,3.388778400850286e-06,-5.498340216827493e-06,0.16569901144047744,6.927934696090538e-07,-4.417996770812258e-07,1.0069013824879025,-0.0003746121049779742,-0.0012292414921786234,0.2,0.0,0.0,0.0,0.0,2.962962962962963,2.962962962962963,-4.105090683381718e-06,4.9934746098045935e-06,2.6063674145083757,2.6177088528837986,-0.002299274527596298,0.000652176455025328
X+,9.100000000000001,6.700000000000001,36.82286052800191,0.0,1.022412023836846,0.000216140470298728,0.000652024005285892,0.18096719486514812,0.00036604640929793536,-0.0008078265109207422,1.0241491362282502,3.388778400850286e-06,-5.498340216827493e-06,0.16569901144047744,6.927934696090538e-07,-4.417996770812258e-07,1.0069013824879025,-0.0003746121049779742,-0.0012292414921786234,0.2,0.0,0.0,0.0,0.0,2.962962962962963,2.962962962962963,-4.105090683381718e-06,4.9934746098045935e-06,2.6063674145083757,2.6177088528837986,-0.002299274527596298,0.000652176455025328
X+,9.100000000000001,6.700000000000001,36.84893106100208,0.0,1.022412023836846,0.000216140470298728,0.000652024005285892,0.18096719486514812,0.00036604640929793536,-0.0008078265109207422,1.0241491362282502,3.388778400850286e-06,-5.498340216827493e-06,0.16569901144047744,6.927934696090538e-07,-4.417996770812258e-07,1.0069013824879025,-0.0003746121049779742,-0.0012292414921786234,0.2,0.0,0.0,0.0,0.0,2.962962962962963,2.962962962962963,-4.105090683381718e-06,4.9934746098045935e-06,2.6063674145083757,2.6177088528837986,-0.002299274527596298,0.000652176455025328
X+,9.100000000000001,6.700000000000001,36.883095065000816,0.0,1.022412023836846,0.000216140470298728,0.000652024005285892,0.18096719486514812,0.00036604640929793536,-0.0008078265109207422,1.0241491362282502,3.388778400850286e-06,-5.498340216827493e-06,0.16569901144047744,6.927934696090538e-07,-4.417996770812258e-07,1.0069013824879025,-0.0003746121049779742,-0.0012292414921786234,0.2,0.0,0.0,0.0,0.0,2.962962962962963,2.962962962962963,-4.105090683381718e-06,4.9934746098045935e-06,2.6063674145083757,2.6177088528837986,-0.002299274527596298,0.000652176455025328
X+,9.100000000000001,6.700000000000001,36.90853120200336,0.0,1.022412023836846,0.000216140470298728,0.000652024005285892,0.18096719486514812,0.00036604640929793536,-0.0008078265109207422,1.0241491362282502,3.388778400850286e-06,-5.498340216827493e-06,0.16569901144047744,6.927934696090538e-07,-4.417996770812258e-07,1.0069013824879025,-0.0003746121049779742,-0.0012292414921786234,0.2,0.0,0.0,0.0,0.0,2.962962962962963,2.962962962962963,-4.105090683381718e-06,4.9934746098045935e-06,2.6063674145083757,2.6177088528837986,-0.002299274527596298,0.000652176455025328
X+,9.100000000000001,6.700000000000001,36.94073351500265,0.0,1.022412023836846,0.000216140470298728,0.000652024005285892,0.18096719486514812,0.00036604640929793536,-0.0008078265109207422,1.0241491362282502,3.388778400850286e-06,-5.498340216827493e-06,0.16569901144047744,6.927934696090538e-07,-4.417996770812258e-07,1.0069013824879025,-0.0003746121049779742,-0.0012292414921786234,0.2,0.0,0.0,0.0,0.0,2.962962962962963,2.962962962962963,-4.105090683381718e-06,4.9934746098045935e-06,2.6063674145083757,2.6177088528837986,-0.002299274527596298,0.000652176455025328
X+,9.100000000000001,6.700000000000001,36.968489358001534,0.0,1.022412023836846,0.000216140470298728,0.000652024005285892,0.18096719486514812,0.00036604640929793536,-0.0008078265109207422,1.0241491362282502,3.388778400850286e-06,-5.498340216827493e-06,0.16569901144047744,6.927934696090538e-07,-4.417996770812258e-07,1.0069013824879025,-0.0003746121049779742,-0.0012292414921786234,0.2,0.0,0.0,0.0,0.0,2.962962962962963,2.962962962962963,-4.105090683381718e-06,4.9934746098045935e-06,2.6063674145083757,2.6177088528837986,-0.002299274527596298,0.000652176455025328
X+,9.100000000000001,6.700000000000001,36.99401869600115,0.0,1.022412023836846,0.000216140470298728,0.000652024005285892,0.18096719486514812,0.00036604640929793536,-0.0008078265109207422,1.0241491362282502,3.388778400850286e-06,-5.498340216827493e-06,0.16569901144047744,6.927934696090538e-07,-4.417996770812258e-07,1.0069013824879025,-0.0003746121049779742,-0.0012292414921786234,0.2,0.0,0.0,0.0,0.0,2.962962962962963,2.962962962962963,-4.105090683381718e-06,4.9934746098045935e-06,2.6063674145083757,2.6177088528837986,-0.002299274527596298,0.000652176455025328
X+,9.100000000000001,6.700000000000001,37.021748713003035,0.0,1.022412023836846,0.000216140470298728,0.000652024005285892,0.18096719486514812,0.00036604640929793536,-0.0008078265109207422,1.0241491362282502,3.388778400850286e-06,-5.498340216827493e-06,0.16569901144047744,6.927934696090538e-07,-4.417996770812258e-07,1.0069013824879025,-0.0003746121049779742,-0.0012292414921786234,0.2,0.0,0.0,0.0,0.0,2.962962962962963,2.962962962962963,-4.105090683381718e-06,4.9934746098045935e-06,2.6063674145083757,2.6177088528837986,-0.002299274527596298,0.000652176455025328
X+,9.100000000000001,6.700000000000001,37.05298577900248,0.0,1.0234978974554927,0.00021677032623912146,0.0006524203759201038,0.18073149107895428,0.0003802575646689424,-0.0008418317590157248,1.0241491362282502,3.388778400850286e-06,-5.498340216827493e-06,0.16569901144047744,6.927934696090538e-07,-4.417996770812258e-07,1.0069013824879025,-0.0003746121049779742,-0.0012292414921786234,0.2,0.0,0.0,0.0,0.0,2.962962962962963,2.962962962962963,-3.991432793171157e-06,5.001314579367033e-06,2.608794093648787,2.619223074306336,-0.00027940671450033385,0.0006523153332038504
X+,9.100000000000001,6.700000000000001,37.084414537002885,0.0,1.0269271435643617,0.00021914992356996538,0.0006516983056904693,0.1799684456647053,0.00034005703346680604,-0.0006763110402100123,1.0241491362282502,3.388778400850286e-06,-5.498340216827493e-06,0.16569901144047744,6.927934696090538e-07,-4.417996770812258e-07,1.0069013824879025,-0.0003746121049779742,-0.0012292414921786234,0.2,0.0,0.0,0.0,0.0,2.962962962962963,2.962962962962963,-3.953296293879305e-06,4.9093042813197485e-06,2.6128691860930906,2.6216858677208275,0.0003777180541851379,0.0006515704522498835
X+,9.100000000000001,6.700000000000001,37.12002821900023,0.0,1.0305210813344807,0.00022141959512570267,0.0006520936108393218,0.17914163026933294,0.00036489836641809644,-0.0008052371681787156,1.0241491362282502,3.388778400850286e-06,-5.498340216827493e-06,0.16569901144047744,6.927934696090538e-07,-4.417996770812258e-07,1.0069013824879025,-0.0003746121049779742,-0.0012292414921786234,0.2,0.0,0.0,0.0,0.0,2.962962962962963,2.962962962962963,-3.966327180471296e-06,4.959681876748334e-06,2.6162891758526006,2.6235229806946943,-0.0005168217092900011,0.0006520114685335762
X+,9.100000000000001,6.700000000000001,37.173972668002534,0.0,1.0339199200518547,0.0002235930350371288,0.0006523897727308227,0.17833683316539173,0.00036825628487092564,-0.0008101538587692289,1.0408448955036662,3.305196642402906e-06,-5.7467607669615535e-06,0.16695759275623281,8.217206227911961e-08,-2.484205501340598e-06,1.037497857915688,-0.000413062171843411,-0.0013472848391749002,0.2,0.0,0.0,0.0,0.0,2.962962962962963,2.962962962962963,-3.978269591975447e-06,5.0028440705673916e-06,2.6190611999416085,2.624864442197342,-0.001939199912290233,0.0006524608023693508
X+,9.200000000000001,6.800000000000001,37.22856544700335,0.09999999999999964,1.0381912898402155,0.00022656804362790762,0.0006517684431061563,0.17730006734771311,0.00035956407470690444,-0.0008150941094273224,1.0408448955036662,3.305196642402906e-06,-5.7467607669615535e-06,0.16695759275623281,8.217206227911961e-08,-2.484205501340598e-06,1.037497857915688,-0.000413062171843411,-0.0013472848391749002,0.2,0.0,0.0,0.0,0.0,2.962962962962963,2.962962962962963,-3.98636987064549e-06,5.016026705106924e-06,2.6214024524293777,2.6258039465180825,0.0007743322313083726,0.0006521197253588784
X+,9.200000000000001,6.800000000000001,37.25841211200168,0.0,1.0403176157990959,0.00022773962617050284,0.0006526529440377422,0.17673006468920313,0.0003765788635335588,-0.0008514562856747815,1.0408448955036662,3.305196642402906e-06,-5.7467607669615535e-06,0.16695759275623281,8.217206227911961e-08,-2.484205501340598e-06,1.037497857915688,-0.000413062171843411,-0.0013472848391749002,0.2,0.0,0.0,0.0,0.0,2.962962962962963,2.962962962962963,-3.977489709150461e-06,4.981233511891503e-06,2.6224210545189988,2.6261993764908396,-0.0031066375380389053,0.0006524006194488338
X+,9.200000000000001,6.800000000000001,37.28957323100258,0.0,1.0403176157990959,0.00022773962617050284,0.0006526529440377422,0.17673006468920313,0.0003765788635335588,-0.0008514562856747815,1.0408448955036662,3.305196642402906e-06,-5.7467607669615535e-06,0.16695759275623281,8.217206227911961e-08,-2.484205501340598e-06,1.037497857915688,-0.000413062171843411,-0.0013472848391749002,0.2,0.0,0.0,0.0,0.0,2.962962962962963,2.962962962962963,-3.977489709150461e-06,4.981233511891503e-06,2.6224210545189988,2.6261993764908396,-0.0031066375380389053,0.0006524006194488338
X+,9.200000000000001,6.800000000000001,37.318794547001744,0.0,1.0403176157990959,0.00022773962617050284,0.0006526529440377422,0.17673006468920313,0.0003765788635335588,-0.0008514562856747815,1.0408448955036662,3.305196642402906e-06,-5.7467607669615535e-06,0.16695759275623281,8.217206227911961e-08,-2.484205501340598e-06,1.037497857915688,-0.000413062171843411,-0.0013472848391749002,0.2,0.0,0.0,0.0,0.0,2.962962962962963,2.962962962962963,-3.977489709150461e-06,4.981233511891503e-06,2.6224210545189988,2.6261993764908396,-0.0031066375380389053,0.0006524006194488338
X+,9.200000000000001,6.800000000000001,37.34414818000005,0.0,1.0403176157990959,0.00022773962617050284,0.0006526529440377422,0.17673006468920313,0.0003765788635335588,-0.0008514562856747815,1.0408448955036662,3.305196642402906e-06,-5.7467607669615535e-06,0.16695759275623281,8.217206227911961e-08,-2.484205501340598e-06,1.037497857915688,-0.000413062171843411,-0.0013472848391749002,0.2,0.0,0.0,0.0,0.0,2.962962962962963,2.962962962962963,-3.977489709150461e-06,4.981233511891503e-06,2.6224210545189988,2.6261993764908396,-0.0031066375380389053,0.0006524006194488338
X+,9.200000000000001,6.800000000000001,37.3734594790003,0.0,1.0403176157990959,0.00022773962617050284,0.0006526529440377422,0.17673006468920313,0.0003765788635335588,-0.0008514562856747815,1.0408448955036662,3.305196642402906e-06,-5.7467607669615535e-06,0.16695759275623281,8.217206227911961e-08,-2.484205501340598e-06,1.037497857915688,-0.000413062171843411,-0.0013472848391749002,0.2,0.0,0.0,0.0,0.0,2.962962962962963,2.962962962962963,-3.977489709150461e-06,4.981233511891503e-06,2.6224210545189988,2.6261993764908396,-0.0031066375380389053,0.0006524006194488338
X+,9.200000000000001,6.800000000000001,37.40202151199992,0.0,1.0403176157990959,0.00022773962617050284,0.0006526529440377422,0.17673006468920313,0.0003765788635335588,-0.0008514562856747815,1.0408448955036662,3.305196642402906e-06,-5.7467607669615535e-06,0.16695759275623281,8.217206227911961e-08,-2.484205501340598e-06,1.037497857915688,-0.000413062171843411,-0.0013472848391749002,0.2,0.0,0.0,0.0,0.0,2.962962962962963,2.962962962962963,-3.977489709150461e-06,4.981233511891503e-06,2.6224210545189988,2.6261993764908396,-0.0031066375380389053,0.0006524006194488338
X+,9.200000000000001,6.800000000000001,37.43115938000119,0.0,1.0403176157990959,0.00022773962617050284,0.0006526529440377422,0.17673006468920313,0.0003765788635335588,-0.0008514562856747815,1.0408448955036662,3.305196642402906e-06,-5.7467607669615535e-06,0.16695759275623281,8.217206227911961e-08,-2.484205501340598e-06,1.037497857915688,-0.000413062171843411,-0.0013472848391749002,0.2,0.0,0.0,0.0,0.0,2.962962962962963,2.962962962962963,-3.977489709150461e-06,4.981233511891503e-06,2.6224210545189988,2.6261993764908396,-0.0031066375380389053,0.0006524006194488338
X+,9.200000000000001,6.800000000000001,37.46127104200059,0.0,1.0403176157990959,0.00022773962617050284,0.0006526529440377422,0.17673006468920313,0.0003765788635335588,-0.0008514562856747815,1.0408448955036662,3.305196642402906e-06,-5.7467607669615535e-06,0.16695759275623281,8.217206227911961e-08,-2.484205501340598e-06,1.037497857915688,-0.000413062171843411,-0.0013472848391749002,0.2,0.0,0.0,0.0,0.0,2.962962962962963,2.962962962962963,-3.977489709150461e-06,4.981233511891503e-06,2.6224210545189988,2.6261993764908396,-0.0031066375380389053,0.0006524006194488338
X+,9.200000000000001,6.800000000000001,37.48610210300103,0.0,1.0403176157990959,0.00022773962617050284,0.0006526529440377422,0.17673006468920313,0.0003765788635335588,-0.0008514562856747815,1.0408448955036662,3.305196642402906e-06,-5.7467607669615535e-06,0.16695759275623281,8.217206227911961e-08,-2.484205501340598e-06,1.037497857915688,-0.000413062171843411,-0.0013472848391749002,0.2,0.0,0.0,0.0,0.0,2.962962962962963,2.962962962962963,-3.977489709150461e-06,4.981233511891503e-06,2.6224210545189988,2.6261993764908396,-0.0031066375380389053,0.0006524006194488338
X+,9.200000000000001,6.800000000000001,37.513945265000075,0.0,1.0403176157990959,0.00022773962617050284,0.0006526529440377422,0.17673006468920313,0.0003765788635335588,-0.0008514562856747815,1.0408448955036662,3.305196642402906e-06,-5.7467607669615535e-06,0.16695759275623281,8.217206227911961e-08,-2.484205501340598e-06,1.037497857915688,-0.000413062171843411,-0.0013472848391749002,0.2,0.0,0.0,0.0,0.0,2.962962962962963,2.962962962962963,-3.977489709150461e-06,4.981233511891503e-06,2.6224210545189988,2.6261993764908396,-0.0031066375380389053,0.0006524006194488338
X+,9.200000000000001,6.800000000000001,37.54208565100271,0.0,1.0403176157990959,0.00022773962617050284,0.0006526529440377422,0.17673006468920313,0.0003765788635335588,-0.0008514562856747815,1.0408448955036662,3.305196642402906e-06,-5.7467607669615535e-06,0.16695759275623281,8.217206227911961e-08,-2.484205501340598e-06,1.037497857915688,-0.000413062171843411,-0.0013472848391749002,0.2,0.0,0.0,0.0,0.0,2.962962962962963,2.962962962962963,-3.977489709150461e-06,4.981233511891503e-06,2.6224210545189988,2.6261993764908396,-0.0031066375380389053,0.0006524006194488338
X+,9.200000000000001,6.800000000000001,37.56911181000032,0.0,1.0403176157990959,0.00022773962617050284,0.0006526529440377422,0.17673006468920313,0.0003765788635335588,-0.0008514562856747815,1.0408448955036662,3.305196642402906e-06,-5.7467607669615535e-06,0.16695759275623281,8.217206227911961e-08,-2.484205501340598e-06,1.037497857915688,-0.000413062171843411,-0.0013472848391749002,0.2,0.0,0.0,0.0,0.0,2.962962962962963,2.962962962962963,-3.977489709150461e-06,4.981233511891503e-06,2.6224210545189988,2.6261993764908396,-0.0031066375380389053,0.0006524006194488338
X+,9.200000000000001,6.800000000000001,37.59554553500129,0.0,1.0403176157990959,0.00022773962617050284,0.0006526529440377422,0.17673006468920313,0.0003765788635335588,-0.0008514562856747815,1.0408448955036662,3.305196642402906e-06,-5.7467607669615535e-06,0.16695759275623281,8.217206227911961e-08,-2.484205501340598e-06,1.037497857915688,-0.000413062171843411,-0.0013472848391749002,0.2,0.0,0.0,0.0,0.0,2.962962962962963,2.962962962962963,-3.977489709150461e-06,4.981233511891503e-06,2.6224210545189988,2.6261993764908396,-0.0031066375380389053,0.0006524006194488338
X+,9.200000000000001,6.800000000000001,37.63047201700101,0.0,1.0429666949346263,0.00022948317649351593,0.0006525919673842731,0.1761111951970398,0.0003696865014231261,-0.0008222901124058077,1.0408448955036662,3.305196642402906e-06,-5.7467607669615535e-06,0.16695759275623281,8.217206227911961e-08,-2.484205501340598e-06,1.037497857915688,-0.000413062171843411,-0.0013472848391749002,0.2,0.0,0.0,0.0,0.0,2.962962962962963,2.962962962962963,-3.987309513675541e-06,5.018431999737061e-06,2.6243437275204884,2.6267685376529717,0.0004277324539979423,0.0006518687119561747
X+,9.200000000000001,6.800000000000001,37.65743859900249,0.0,1.0454302248653806,0.00023113022658233142,0.0006524194111776932,0.1754872757414539,0.00036021530756468834,-0.0007941710414866622,1.0408448955036662,3.305196642402906e-06,-5.7467607669615535e-06,0.16695759275623281,8.217206227911961e-08,-2.484205501340598e-06,1.037497857915688,-0.000413062171843411,-0.0013472848391749002,0.2,0.0,0.0,0.0,0.0,2.962962962962963,2.962962962962963,-3.983619532910154e-06,4.9546997376026525e-06,2.625227907980136,2.627040551049997,-0.001206278326598527,0.0006523248459662516
X+,9.200000000000001,6.800000000000001,37.69159810700148,0.0,1.0494585203412077,0.0002338745168757794,0.0006519005286909627,0.17445143794915466,0.0003308754335228253,-0.000662472413537738,1.0408448955036662,3.305196642402906e-06,-5.7467607669615535e-06,0.16695759275623281,8.217206227911961e-08,-2.484205501340598e-06,1.037497857915688,-0.000413062171843411,-0.0013472848391749002,0.2,0.0,0.0,0.0,0.0,2.962962962962963,2.962962962962963,-3.946843649238474e-06,4.89448324358932e-06,2.6269355997312247,2.627532529296536,-0.00382131603235682,0.0006519005286909627
X+,9.200000000000001,6.800000000000001,37.72142939600235,0.0,1.052246785038759,0.00023569505663172813,0.0006521938861070989,0.17372370813815,0.0003626909369591529,-0.0008315825545835709,1.057583799804101,3.2190701182830497e-06,-5.990722295796804e-06,0.16738904300653443,1.0067954396699649e-07,-2.4396152883525e-06,1.0590050838230336,-0.0004437909557398462,-0.0015231338225398794,0.2,0.0,0.0,0.0,0.0,2.962962962962963,2.962962962962963,-3.556367236257074e-06,5.073428654078782e-06,2.6287707562856024,2.627836332899766,-0.001174020054580666,0.0006529916679957485
X+,9.3,6.9,37.75753528000132,0.09999999999999964,1.0567528681295228,0.0002386849157733394,0.0006516737255875669,0.17252657138321403,0.00031897269010145856,-0.0006489393609629147,1.057583799804101,3.2190701182830497e-06,-5.990722295796804e-06,0.16738904300653443,1.0067954396699649e-07,-2.4396152883525e-06,1.0590050838230336,-0.0004437909557398462,-0.0015231338225398794,0.2,0.0,0.0,0.0,0.0,2.962962962962963,2.962962962962963,-3.3761437778778713e-06,4.924331483913136e-06,2.631664077539135,2.6288733594028746,-0.0006240773491316583,0.0006514488276418825
X+,9.3,6.9,37.79601195100258,0.0,1.0583054083298282,0.0002394595978831831,0.0006527360668647538,0.17210743698536232,0.00035046832611244184,-0.0007506945045407096,1.057583799804101,3.2190701182830497e-06,-5.990722295796804e-06,0.16738904300653443,1.0067954396699649e-07,-2.4396152883525e-06,1.0590050838230336,-0.0004437909557398462,-0.0015231338225398794,0.2,0.0,0.0,0.0,0.0,2.962962962962963,2.962962962962963,-3.3761437778778713e-06,4.924331483913136e-06,2.631664077539135,2.6288733594028746,0.0011928373978169291,0.0006527360668647538
X+,9.3,6.9,37.82733040600215,0.0,1.0583054083298282,0.0002394595978831831,0.0006527360668647538,0.17210743698536232,0.00035046832611244184,-0.0007506945045407096,1.057583799804101,3.2190701182830497e-06,-5.990722295796804e-06,0.16738904300653443,1.0067954396699649e-07,-2.4396152883525e-06,1.0590050838230336,-0.0004437909557398462,-0.0015231338225398794,0.2,0.0,0.0,0.0,0.0,2.962962962962963,2.962962962962963,-3.3761437778778713e-06,4.924331483913136e-06,2.631664077539135,2.6288733594028746,0.0011928373978169291,0.0006527360668647538
X+,9.3,6.9,37.85568288700233,0.0,1.0583054083298282,0.0002394595978831831,0.0006527360668647538,0.17210743698536232,0.00035046832611244184,-0.0007506945045407096,1.057583799804101,3.2190701182830497e-06,-5.990722295796804e-06,0.16738904300653443,1.0067954396699649e-07,-2.4396152883525e-06,1.0590050838230336,-0.0004437909557398462,-0.0015231338225398794,0.2,0.0,0.0,0.0,0.0,2.962962962962963,2.962962962962963,-3.3761437778778713e-06,4.924331483913136e-06,2.631664077539135,2.6288733594028746,0.0011928373978169291,0.0006527360668647538
X+,9.3,6.9,37.884737005002535,0.0,1.0583054083298282,0.0002394595978831831,0.0006527360668647538,0.17210743698536232,0.00035046832611244184,-0.0007506945045407096,1.057583799804101,3.2190701182830497e-06,-5.990722295796804e-06,0.16738904300653443,1.0067954396699649e-07,-2.4396152883525e-06,1.0590050838230336,-0.0004437909557398462,-0.0015231338225398794,0.2,0.0,0.0,0.0,0.0,2.962962962962963,2.962962962962963,-3.3761437778778713e-06,4.924331483913136e-06,2.631664077539135,2.6288733594028746,0.0011928373978169291,0.0006527360668647538
X+,9.3,6.9,37.912034349999885,0.0,1.0583054083298282,0.0002394595978831831,0.0006527360668647538,0.17210743698536232,0.00035046832611244184,-0.0007506945045407096,1.057583799804101,3.2190701182830497e-06,-5.990722295796804e-06,0.16738904300653443,1.0067954396699649e-07,-2.4396152883525e-06,1.0590050838230336,-0.0004437909557398462,-0.0015231338225398794,0.2,0.0,0.0,0.0,0.0,2.962962962962963,2.962962962962963,-3.3761437778778713e-06,4.924331483913136e-06,2.631664077539135,2.6288733594028746,0.0011928373978169291,0.0006527360668647538
X+,9.3,6.9,37.93890385200211,0.0,1.0583054083298282,0.0002394595978831831,0.0006527360668647538,0.17210743698536232,0.00035046832611244184,-0.0007506945045407096,1.057583799804101,3.2190701182830497e-06,-5.990722295796804e-06,0.16738904300653443,1.0067954396699649e-07,-2.4396152883525e-06,1.0590050838230336,-0.0004437909557398462,-0.0015231338225398794,0.2,0.0,0.0,0.0,0.0,2.962962962962963,2.962962962962963,-3.3761437778778713e-06,4.924331483913136e-06,2.631664077539135,2.6288733594028746,0.0011928373978169291,0.0006527360668647538
X+,9.3,6.9,37.96324382200328,0.0,1.0583054083298282,0.0002394595978831831,0.0006527360668647538,0.17210743698536232,0.00035046832611244184,-0.0007506945045407096,1.057583799804101,3.2190701182830497e-06,-5.990722295796804e-06,0.16738904300653443,1.0067954396699649e-07,-2.4396152883525e-06,1.0590050838230336,-0.0004437909557398462,-0.0015231338225398794,0.2,0.0,0.0,0.0,0.0,2.962962962962963,2.962962962962963,-3.3761437778778713e-06,4.924331483913136e-06,2.631664077539135,2.6288733594028746,0.0011928373978169291,0.0006527360668647538
X+,9.3,6.9,37.987887477000186,0.0,1.0583054083298282,0.0002394595978831831,0.0006527360668647538,0.17210743698536232,0.00035046832611244184,-0.0007506945045407096,1.057583799804101,3.2190701182830497e-06,-5.990722295796804e-06,0.16738904300653443,1.0067954396699649e-07,-2.4396152883525e-06,1.0590050838230336,-0.0004437909557398462,-0.0015231338225398794,0.2,0.0,0.0,0.0,0.0,2.962962962962963,2.962962962962963,-3.3761437778778713e-06,4.924331483913136e-06,2.631664077539135,2.6288733594028746,0.0011928373978169291,0.0006527360668647538
X+,9.3,6.9,38.0178287000017,0.0,1.0583054083298282,0.0002394595978831831,0.0006527360668647538,0.17210743698536232,0.00035046832611244184,-0.0007506945045407096,1.057583799804101,3.2190701182830497e-06,-5.990722295796804e-06,0.16738904300653443,1.0067954396699649e-07,-2.4396152883525e-06,1.0590050838230336,-0.0004437909557398462,-0.0015231338225398794,0.2,0.0,0.0,0.0,0.0,2.962962962962963,2.962962962962963,-3.3761437778778713e-06,4.924331483913136e-06,2.631664077539135,2.6288733594028746,0.0011928373978169291,0.0006527360668647538
X+,9.3,6.9,38.046788900002866,0.0,1.0583054083298282,0.0002394595978831831,0.0006527360668647538,0.17210743698536232,0.00035046832611244184,-0.0007506945045407096,1.057583799804101,3.2190701182830497e-06,-5.990722295796804e-06,0.16738904300653443,1.0067954396699649e-07,-2.4396152883525e-06,1.0590050838230336,-0.0004437909557398462,-0.0015231338225398794,0.2,0.0,0.0,0.0,0.0,2.962962962962963,2.962962962962963,-3.3761437778778713e-06,4.924331483913136e-06,2.631664077539135,2.6288733594028746,0.0011928373978169291,0.0006527360668647538
X+,9.3,6.9,38.0785972770027,0.0,1.0583054083298282,0.0002394595978831831,0.0006527360668647538,0.17210743698536232,0.00035046832611244184,-0.0007506945045407096,1.057583799804101,3.2190701182830497e-06,-5.990722295796804e-06,0.16738904300653443,1.0067954396699649e-07,-2.4396152883525e-06,1.0590050838230336,-0.0004437909557398462,-0.0015231338225398794,0.2,0.0,0.0,0.0,0.0,2.962962962962963,2.962962962962963,-3.3761437778778713e-06,4.924331483913136e-06,2.631664077539135,2.6288733594028746,0.0011928373978169291,0.0006527360668647538
X+,9.3,6.9,38.107766236000316,0.0,1.0598542307517451,0.00024055375617736043,0.0006524638806585658,0.17168652581776403,0.0003651111616270524,-0.0008445371817144673,1.057583799804101,3.2190701182830497e-06,-5.990722295796804e-06,0.16738904300653443,1.0067954396699649e-07,-2.4396152883525e-06,1.0590050838230336,-0.0004437909557398462,-0.0015231338225398794,0.2,0.0,0.0,0.0,0.0,2.962962962962963,2.962962962962963,3.39457352449557e-06,5.063042413766539e-06,2.632742236903343,2.629078447964405,-0.000732673808658069,0.0006524638806585658
X+,9.3,6.9,38.13863891700021,0.0,1.06362426773415,0.00024311990652766628,0.0006515095525157277,0.17064541913893314,0.0003247400541631236,-0.0007175323192096984,1.057583799804101,3.2190701182830497e-06,-5.990722295796804e-06,0.16738904300653443,1.0067954396699649e-07,-2.4396152883525e-06,1.0590050838230336,-0.0004437909557398462,-0.0015231338225398794,0.2,0.0,0.0,0.0,0.0,2.962962962962963,2.962962962962963,6.0411325462084164e-06,4.944336517986869e-06,2.6362500995870235,2.63061075312255,-0.0018165215118668779,0.000651603922116303
X+,9.3,6.9,38.17452077800044,0.0,1.067541063487935,0.0002453769754564546,0.0006522837553399118,0.16953492215052163,0.0003596005696231932,-0.0008419939047353594,1.057583799804101,3.2190701182830497e-06,-5.990722295796804e-06,0.16738904300653443,1.0067954396699649e-07,-2.4396152883525e-06,1.0590050838230336,-0.0004437909557398462,-0.0015231338225398794,0.2,0.0,0.0,0.0,0.0,2.962962962962963,2.962962962962963,7.076767730929134e-06,5.297124726411084e-06,2.6389677336584128,2.631750826596747,-0.0007591445625439504,0.0006528240996964171
X+,9.3,6.9,38.21238129700214,0.0,1.069574451691763,0.0002464826032443782,0.0006526820189136222,0.1689441307177465,0.00036267068917907475,-0.0008361592849463028,1.0743710384185068,3.2223846295687313e-06,-5.9404631384318395e-06,0.1678723861408462,1.0388219593720192e-06,5.025915736496475e-07,1.071727902403757,-0.00046470397487978184,-0.0016394215449984097,0.2,0.0,0.0,0.0,0.0,2.962962962962963,2.962962962962963,3.4215799189496465e-06,5.326451423037781e-06,2.6404403859733927,2.6326886419029867,0.0008219636769802529,0.0006524053290952419
X+,9.4,7.0,38.2408797600001,0.09999999999999964,1.0727794965899138,0.00024880230988171947,0.0006505203223877257,0.16799137109973214,0.0002871434764321559,-0.0005663750110992121,1.0743710384185068,3.2223846295687313e-06,-5.9404631384318395e-06,0.1678723861408462,1.0388219593720192e-06,5.025915736496475e-07,1.071727902403757,-0.00046470397487978184,-0.0016394215449984097,0.2,0.0,0.0,0.0,0.0,2.962962962962963,2.962962962962963,3.728765525679023e-06,5.502954230962587e-06,2.6436649351704866,2.6348131805387154,-0.004052313374952732,0.0006506634370645651
X+,9.4,7.0,38.27229033200274,0.0,1.0744590430081389,0.0002495417680670863,0.0006515794145641194,0.16748035991817112,0.00031653655008900925,-0.0006433797266966042,1.0743710384185068,3.2223846295687313e-06,-5.9404631384318395e-06,0.1678723861408462,1.0388219593720192e-06,5.025915736496475e-07,1.071727902403757,-0.00046470397487978184,-0.0016394215449984097,0.2,0.0,0.0,0.0,0.0,2.962962962962963,2.962962962962963,3.926459437586516e-06,5.6066089806350305e-06,2.6454528723964494,2.635869356244681,0.0022855480869086483,0.0006512353529995385
X+,9.4,7.0,38.303488938003284,0.0,1.0744590430081389,0.0002495417680670863,0.0006515794145641194,0.16748035991817112,0.00031653655008900925,-0.0006433797266966042,1.0743710384185068,3.2223846295687313e-06,-5.9404631384318395e-06,0.1678723861408462,1.0388219593720192e-06,5.025915736496475e-07,1.071727902403757,-0.00046470397487978184,-0.0016394215449984097,0.2,0.0,0.0,0.0,0.0,2.962962962962963,2.962962962962963,3.926459437586516e-06,5.6066089806350305e-06,2.6454528723964494,2.635869356244681,0.0022855480869086483,0.0006512353529995385
X+,9.4,7.0,38.33148911700118,0.0,1.0744590430081389,0.0002495417680670863,0.0006515794145641194,0.16748035991817112,0.00031653655008900925,-0.0006433797266966042,1.0743710384185068,3.2223846295687313e-06,-5.9404631384318395e-06,0.1678723861408462,1.0388219593720192e-06,5.025915736496475e-07,1.071727902403757,-0.00046470397487978184,-0.0016394215449984097,0.2,0.0,0.0,0.0,0.0,2.962962962962963,2.962962962962963,3.926459437586516e-06,5.6066089806350305e-06,2.6454528723964494,2.635869356244681,0.0022855480869086483,0.0006512353529995385
X+,9.4,7.0,38.36603507000109,0.0,1.0744590430081389,0.0002495417680670863,0.0006515794145641194,0.16748035991817112,0.00031653655008900925,-0.0006433797266966042,1.0743710384185068,3.2223846295687313e-06,-5.9404631384318395e-06,0.1678723861408462,1.0388219593720192e-06,5.025915736496475e-07,1.071727902403757,-0.00046470397487978184,-0.0016394215449984097,0.2,0.0,0.0,0.0,0.0,2.962962962962963,2.962962962962963,3.926459437586516e-06,5.6066089806350305e-06,2.6454528723964494,2.635869356244681,0.0022855480869086483,0.0006512353529995385
X+,9.4,7.0,38.39761155100132,0.0,1.0744590430081389,0.0002495417680670863,0.0006515794145641194,0.16748035991817112,0.00031653655008900925,-0.0006433797266966042,1.0743710384185068,3.2223846295687313e-06,-5.9404631384318395e-06,0.1678723861408462,1.0388219593720192e-06,5.025915736496475e-07,1.071727902403757,-0.00046470397487978184,-0.0016394215449984097,0.2,0.0,0.0,0.0,0.0,2.962962962962963,2.962962962962963,3.926459437586516e-06,5.6066089806350305e-06,2.6454528723964494,2.635869356244681,0.0022855480869086483,0.0006512353529995385
X+,9.4,7.0,38.424036791002436,0.0,1.0744590430081389,0.0002495417680670863,0.0006515794145641194,0.16748035991817112,0.00031653655008900925,-0.0006433797266966042,1.0743710384185068,3.2223846295687313e-06,-5.9404631384318395e-06,0.1678723861408462,1.0388219593720192e-06,5.025915736496475e-07,1.071727902403757,-0.00046470397487978184,-0.0016394215449984097,0.2,0.0,0.0,0.0,0.0,2.962962962962963,2.962962962962963,3.926459437586516e-06,5.6066089806350305e-06,2.6454528723964494,2.635869356244681,0.0022855480869086483,0.0006512353529995385
X+,9.4,7.0,38.45026027700078,0.0,1.0744590430081389,0.0002495417680670863,0.0006515794145641194,0.16748035991817112,0.00031653655008900925,-0.0006433797266966042,1.0743710384185068,3.2223846295687313e-06,-5.9404631384318395e-06,0.1678723861408462,1.0388219593720192e-06,5.025915736496475e-07,1.071727902403757,-0.00046470397487978184,-0.0016394215449984097,0.2,0.0,0.0,0.0,0.0,2.962962962962963,2.962962962962963,3.926459437586516e-06,5.6066089806350305e-06,2.6454528723964494,2.635869356244681,0.0022855480869086483,0.0006512353529995385
X+,9.4,7.0,38.47775929900308,0.0,1.0744590430081389,0.0002495417680670863,0.0006515794145641194,0.16748035991817112,0.00031653655008900925,-0.0006433797266966042,1.0743710384185068,3.2223846295687313e-06,-5.9404631384318395e-06,0.1678723861408462,1.0388219593720192e-06,5.025915736496475e-07,1.071727902403757,-0.00046470397487978184,-0.0016394215449984097,0.2,0.0,0.0,0.0,0.0,2.962962962962963,2.962962962962963,3.926459437586516e-06,5.6066089806350305e-06,2.6454528723964494,2.635869356244681,0.0022855480869086483,0.0006512353529995385
X+,9.4,7.0,38.50626544999977,0.0,1.0744590430081389,0.0002495417680670863,0.0006515794145641194,0.16748035991817112,0.00031653655008900925,-0.0006433797266966042,1.0743710384185068,3.2223846295687313e-06,-5.9404631384318395e-06,0.1678723861408462,1.0388219593720192e-06,5.025915736496475e-07,1.071727902403757,-0.00046470397487978184,-0.0016394215449984097,0.2,0.0,0.0,0.0,0.0,2.962962962962963,2.962962962962963,3.926459437586516e-06,5.6066089806350305e-06,2.6454528723964494,2.635869356244681,0.0022855480869086483,0.0006512353529995385
X+,9.4,7.0,38.53556229800233,0.0,1.0744590430081389,0.0002495417680670863,0.0006515794145641194,0.16748035991817112,0.00031653655008900925,-0.0006433797266966042,1.0743710384185068,3.2223846295687313e-06,-5.9404631384318395e-06,0.1678723861408462,1.0388219593720192e-06,5.025915736496475e-07,1.071727902403757,-0.00046470397487978184,-0.0016394215449984097,0.2,0.0,0.0,0.0,0.0,2.962962962962963,2.962962962962963,3.926459437586516e-06,5.6066089806350305e-06,2.6454528723964494,2.635869356244681,0.0022855480869086483,0.0006512353529995385
X+,9.4,7.0,38.56325688600191,0.0,1.0744590430081389,0.0002495417680670863,0.0006515794145641194,0.16748035991817112,0.00031653655008900925,-0.0006433797266966042,1.0743710384185068,3.2223846295687313e-06,-5.9404631384318395e-06,0.1678723861408462,1.0388219593720192e-06,5.025915736496475e-07,1.071727902403757,-0.00046470397487978184,-0.0016394215449984097,0.2,0.0,0.0,0.0,0.0,2.962962962962963,2.962962962962963,3.926459437586516e-06,5.6066089806350305e-06,2.6454528723964494,2.635869356244681,0.0022855480869086483,0.0006512353529995385
X+,9.4,7.0,38.58930547100317,0.0,1.0744590430081389,0.0002495417680670863,0.0006515794145641194,0.16748035991817112,0.00031653655008900925,-0.0006433797266966042,1.0743710384185068,3.2223846295687313e-06,-5.9404631384318395e-06,0.1678723861408462,1.0388219593720192e-06,5.025915736496475e-07,1.071727902403757,-0.00046470397487978184,-0.0016394215449984097,0.2,0.0,0.0,0.0,0.0,2.962962962962963,2.962962962962963,3.926459437586516e-06,5.6066089806350305e-06,2.6454528723964494,2.635869356244681,0.0022855480869086483,0.0006512353529995385
X+,9.4,7.0,38.615470431002905,0.0,1.0749619154336152,0.00024977155264577916,0.0006518715412225025,0.16732592831314044,0.00032944331648461316,-0.0007038220451466126,1.0743710384185068,3.2223846295687313e-06,-5.9404631384318395e-06,0.1678723861408462,1.0388219593720192e-06,5.025915736496475e-07,1.071727902403757,-0.00046470397487978184,-0.0016394215449984097,0.2,0.0,0.0,0.0,0.0,2.962962962962963,2.962962962962963,3.926459437586516e-06,5.6066089806350305e-06,2.6454528723964494,2.635869356244681,0.0022855480869086483,0.0006512353529995385
X+,9.4,7.0,38.64434899900152,0.0,1.0771357098007865,0.000251147879701822,0.0006513880803464297,0.1666498048345833,0.00034766271317782007,-0.0008296575765887845,1.0743710384185068,3.2223846295687313e-06,-5.9404631384318395e-06,0.1678723861408462,1.0388219593720192e-06,5.025915736496475e-07,1.071727902403757,-0.00046470397487978184,-0.0016394215449984097,0.2,0.0,0.0,0.0,0.0,2.962962962962963,2.962962962962963,4.557637766744449e-06,6.4652984077540054e-06,2.649488821593661,2.6381272776145024,-0.00011479888308748199,0.0006523518181956952
X+,9.4,7.0,38.67366512400258,0.0,1.0814566258451106,0.00025380860003683305,0.0006498375743099069,0.16525363583068312,0.00028807873604066276,-0.0006196307833179636,1.0743710384185068,3.2223846295687313e-06,-5.9404631384318395e-06,0.1678723861408462,1.0388219593720192e-06,5.025915736496475e-07,1.071727902403757,-0.00046470397487978184,-0.0016394215449984097,0.2,0.0,0.0,0.0,0.0,2.962962962962963,2.962962962962963,5.1046914446573055e-06,6.901132770131824e-06,2.654118721128457,2.6414565098457556,-0.00055053956899143,0.0006499658481968562
X+,9.4,7.0,38.69855398100117,0.0,1.0842619630238866,0.0002550271060013055,0.0006509020973767043,0.1643041059735877,0.0003224930449122348,-0.0007099392486039161,1.0743710384185068,3.2223846295687313e-06,-5.9404631384318395e-06,0.1678723861408462,1.0388219593720192e-06,5.025915736496475e-07,1.071727902403757,-0.00046470397487978184,-0.0016394215449984097,0.2,0.0,0.0,0.0,0.0,2.962962962962963,2.962962962962963,5.5876843800817255e-06,-4.45716919372785e-06,2.6594637334334035,2.6452846551933407,0.00015779701975081296,0.0006501538010144376
X+,9.4,7.0,38.73107801600054,0.0,1.086232456002467,0.0002561621831919086,0.000650522505638365,0.16361577843268008,0.0003437450507079534,-0.0008299953948721684,1.0912666620358271,3.131793994432337e-06,-5.6575608784889595e-06,0.16895623617560263,9.777194164122962e-08,2.8290225994287895e-06,1.0745773379885832,-0.00047174839534209513,-0.0016601038028571928,0.2,0.0,0.0,0.0,0.0,2.962962962962963,2.962962962962963,5.7991239508226045e-06,4.53297867597513e-06,2.66246755056715,2.6472345593896907,0.0003953548510296981,0.000651045096508319
X+,9.5,7.1,38.766061764999904,0.09999999999999964,1.0894980015690807,0.00025801576607815176,0.0006490088148382178,0.16242425679884645,0.00027488301790628926,-0.0005372485557388776,1.0912666620358271,3.131793994432337e-06,-5.6575608784889595e-06,0.16895623617560263,9.777194164122962e-08,2.8290225994287895e-06,1.0745773379885832,-0.00047174839534209513,-0.0016601038028571928,0.2,0.0,0.0,0.0,0.0,2.962962962962963,2.962962962962963,6.613181364301113e-06,6.979262369810613e-06,2.669180045559896,2.652930137940944,-0.0015577277196116997,0.0006490025417070166
X+,9.5,7.1,38.80339915400327,0.0,1.0909596508672643,0.00025854712301544985,0.0006498690256789191,0.16186939748597273,0.00030941751013018314,-0.0006732939369861363,1.0912666620358271,3.131793994432337e-06,-5.6575608784889595e-06,0.16895623617560263,9.777194164122962e-08,2.8290225994287895e-06,1.0745773379885832,-0.00047174839534209513,-0.0016601038028571928,0.2,0.0,0.0,0.0,0.0,2.962962962962963,2.962962962962963,6.739143304734796e-06,4.582292794985676e-06,2.6729228192116206,2.655681244904526,0.0011439419195516261,0.0006492418428269461
X+,9.5,7.1,38.829624690002674,0.0,1.0909596508672643,0.00025854712301544985,0.0006498690256789191,0.16186939748597273,0.00030941751013018314,-0.0006732939369861363,1.0912666620358271,3.131793994432337e-06,-5.6575608784889595e-06,0.16895623617560263,9.777194164122962e-08,2.8290225994287895e-06,1.0745773379885832,-0.00047174839534209513,-0.0016601038028571928,0.2,0.0,0.0,0.0,0.0,2.962962962962963,2.962962962962963,6.739143304734796e-06,4.582292794985676e-06,2.6729228192116206,2.655681244904526,0.0011439419195516261,0.0006492418428269461
X+,9.5,7.1,38.85695760500312,0.0,1.0909596508672643,0.00025854712301544985,0.0006498690256789191,0.16186939748597273,0.00030941751013018314,-0.0006732939369861363,1.0912666620358271,3.131793994432337e-06,-5.6575608784889595e-06,0.16895623617560263,9.777194164122962e-08,2.8290225994287895e-06,1.0745773379885832,-0.00047174839534209513,-0.0016601038028571928,0.2,0.0,0.0,0.0,0.0,2.962962962962963,2.962962962962963,6.739143304734796e-06,4.582292794985676e-06,2.6729228192116206,2.655681244904526,0.0011439419195516261,0.0006492418428269461
X+,9.5,7.1,38.88498067600085,0.0,1.0909596508672643,0.00025854712301544985,0.0006498690256789191,0.16186939748597273,0.00030941751013018314,-0.0006732939369861363,1.0912666620358271,3.131793994432337e-06,-5.6575608784889595e-06,0.16895623617560263,9.777194164122962e-08,2.8290225994287895e-06,1.0745773379885832,-0.00047174839534209513,-0.0016601038028571928,0.2,0.0,0.0,0.0,0.0,2.962962962962963,2.962962962962963,6.739143304734796e-06,4.582292794985676e-06,2.6729228192116206,2.655681244904526,0.0011439419195516261,0.0006492418428269461
X+,9.5,7.1,38.91439218900268,0.0,1.0909596508672643,0.00025854712301544985,0.0006498690256789191,0.16186939748597273,0.00030941751013018314,-0.0006732939369861363,1.0912666620358271,3.131793994432337e-06,-5.6575608784889595e-06,0.16895623617560263,9.777194164122962e-08,2.8290225994287895e-06,1.0745773379885832,-0.00047174839534209513,-0.0016601038028571928,0.2,0.0,0.0,0.0,0.0,2.962962962962963,2.962962962962963,6.739143304734796e-06,4.582292794985676e-06,2.6729228192116206,2.655681244904526,0.0011439419195516261,0.0006492418428269461
X+,9.5,7.1,38.9450495050005,0.0,1.0909596508672643,0.00025854712301544985,0.0006498690256789191,0.16186939748597273,0.00030941751013018314,-0.0006732939369861363,1.0912666620358271,3.131793994432337e-06,-5.6575608784889595e-06,0.16895623617560263,9.777194164122962e-08,2.8290225994287895e-06,1.0745773379885832,-0.00047174839534209513,-0.0016601038028571928,0.2,0.0,0.0,0.0,0.0,2.962962962962963,2.962962962962963,6.739143304734796e-06,4.582292794985676e-06,2.6729228192116206,2.655681244904526,0.0011439419195516261,0.0006492418428269461
X+,9.5,7.1,38.97411750500032,0.0,1.0909596508672643,0.00025854712301544985,0.0006498690256789191,0.16186939748597273,0.00030941751013018314,-0.0006732939369861363,1.0912666620358271,3.131793994432337e-06,-5.6575608784889595e-06,0.16895623617560263,9.777194164122962e-08,2.8290225994287895e-06,1.0745773379885832,-0.00047174839534209513,-0.0016601038028571928,0.2,0.0,0.0,0.0,0.0,2.962962962962963,2.962962962962963,6.739143304734796e-06,4.582292794985676e-06,2.6729228192116206,2.655681244904526,0.0011439419195516261,0.0006492418428269461
X+,9.5,7.1,38.998551914002746,0.0,1.0909596508672643,0.00025854712301544985,0.0006498690256789191,0.16186939748597273,0.00030941751013018314,-0.0006732939369861363,1.0912666620358271,3.131793994432337e-06,-5.6575608784889595e-06,0.16895623617560263,9.777194164122962e-08,2.8290225994287895e-06,1.0745773379885832,-0.00047174839534209513,-0.0016601038028571928,0.2,0.0,0.0,0.0,0.0,2.962962962962963,2.962962962962963,6.739143304734796e-06,4.582292794985676e-06,2.6729228192116206,2.655681244904526,0.0011439419195516261,0.0006492418428269461
X+,9.5,7.1,39.02956777300278,0.0,1.0909596508672643,0.00025854712301544985,0.0006498690256789191,0.16186939748597273,0.00030941751013018314,-0.0006732939369861363,1.0912666620358271,3.131793994432337e-06,-5.6575608784889595e-06,0.16895623617560263,9.777194164122962e-08,2.8290225994287895e-06,1.0745773379885832,-0.00047174839534209513,-0.0016601038028571928,0.2,0.0,0.0,0.0,0.0,2.962962962962963,2.962962962962963,6.739143304734796e-06,4.582292794985676e-06,2.6729228192116206,2.655681244904526,0.0011439419195516261,0.0006492418428269461
X+,9.5,7.1,39.06167421700229,0.0,1.0909596508672643,0.00025854712301544985,0.0006498690256789191,0.16186939748597273,0.00030941751013018314,-0.0006732939369861363,1.0912666620358271,3.131793994432337e-06,-5.6575608784889595e-06,0.16895623617560263,9.777194164122962e-08,2.8290225994287895e-06,1.0745773379885832,-0.00047174839534209513,-0.0016601038028571928,0.2,0.0,0.0,0.0,0.0,2.962962962962963,2.962962962962963,6.739143304734796e-06,4.582292794985676e-06,2.6729228192116206,2.655681244904526,0.0011439419195516261,0.0006492418428269461
X+,9.5,7.1,39.09005911400163,0.0,1.0909596508672643,0.00025854712301544985,0.0006498690256789191,0.16186939748597273,0.00030941751013018314,-0.0006732939369861363,1.0912666620358271,3.131793994432337e-06,-5.6575608784889595e-06,0.16895623617560263,9.777194164122962e-08,2.8290225994287895e-06,1.0745773379885832,-0.00047174839534209513,-0.0016601038028571928,0.2,0.0,0.0,0.0,0.0,2.962962962962963,2.962962962962963,6.739143304734796e-06,4.582292794985676e-06,2.6729228192116206,2.655681244904526,0.0011439419195516261,0.0006492418428269461
X+,9.5,7.1,39.12154225800259,0.0,1.0925778218544533,0.00025920875158196716,0.0006503327383685527,0.16123836655010138,0.0003443921912506505,-0.0008198138508884074,1.0912666620358271,3.131793994432337e-06,-5.6575608784889595e-06,0.16895623617560263,9.777194164122962e-08,2.8290225994287895e-06,1.0745773379885832,-0.00047174839534209513,-0.0016601038028571928,0.2,0.0,0.0,0.0,0.0,2.962962962962963,2.962962962962963,6.9168540033359704e-06,-4.536617187689274e-06,2.6769760996885035,2.658611499926393,-0.0015350602406214605,0.000650063852103731
X+,9.5,7.1,39.15280382600031,0.0,1.0954744421475116,0.00026101010416214234,0.0006479649719581351,0.16005612655360588,0.00026751578081963883,-0.0005395281121962348,1.0912666620358271,3.131793994432337e-06,-5.6575608784889595e-06,0.16895623617560263,9.777194164122962e-08,2.8290225994287895e-06,1.0745773379885832,-0.00047174839534209513,-0.0016601038028571928,0.2,0.0,0.0,0.0,0.0,2.962962962962963,2.962962962962963,7.651807512054631e-06,-4.350655023799277e-06,2.686121537789516,2.6666125406155006,-0.0003401327986696445,0.0006482003860502746
X+,9.5,7.1,39.17918585799998,0.0,1.0977123845744514,0.00026175457980981854,0.0006491465120507125,0.15909093088873547,0.0003100298645433357,-0.0006895704728579655,1.0912666620358271,3.131793994432337e-06,-5.6575608784889595e-06,0.16895623617560263,9.777194164122962e-08,2.8290225994287895e-06,1.0745773379885832,-0.00047174839534209513,-0.0016601038028571928,0.2,0.0,0.0,0.0,0.0,2.962962962962963,2.962962962962963,7.821264396135064e-06,-4.466387088619683e-06,2.6912227389097745,2.6706587359356524,-0.004804040662938854,0.0006492014672267881
X+,9.5,7.1,39.21220975000324,0.0,1.1005695499996622,0.0002632654856481653,0.0006478405772366166,0.15778509696028867,0.00029463762196711783,-0.0006668935230913528,1.0912666620358271,3.131793994432337e-06,-5.6575608784889595e-06,0.16895623617560263,9.777194164122962e-08,2.8290225994287895e-06,1.0745773379885832,-0.00047174839534209513,-0.0016601038028571928,0.2,0.0,0.0,0.0,0.0,2.962962962962963,2.962962962962963,8.399400992509243e-06,4.696046256746911e-06,2.702798341843275,2.6802164981375274,-0.004442192882409579,0.000649102397122601
X+,9.5,7.1,39.248187201999826,0.0,1.103089040510443,0.0002643064215431933,0.0006477062575025551,0.15654863147491357,0.00027185730735498177,-0.000502320470820875,1.1084522172336082,3.1529005664507978e-06,-5.5515050226120846e-06,0.17185555197386665,1.1833489677968331e-06,1.0605585587687536e-06,1.1071089350645709,-0.0005278963872522178,-0.0019434108866498438,0.2,0.0,0.0,0.0,0.0,2.962962962962963,2.962962962962963,8.86394414134628e-06,5.532139703667838e-06,2.716430659057205,2.6925622363362103,-0.0008658459439689946,0.0006476002632404859
X+,9.600000000000001,7.200000000000001,39.28219719499975,0.10000000000000142,1.1068299559606913,0.0002656076245110845,0.0006487677607208806,0.15454651519835572,0.00033066752799372793,-0.0007384925053333135,1.1084522172336082,3.1529005664507978e-06,-5.5515050226120846e-06,0.17185555197386665,1.1833489677968331e-06,1.0605585587687536e-06,1.1071089350645709,-0.0005278963872522178,-0.0019434108866498438,0.2,0.0,0.0,0.0,0.0,2.962962962962963,2.962962962962963,9.162200751866578e-06,6.687617342571173e-06,2.732547962967587,2.706264864033873,-0.0006691867645284468,0.0006488235428315443
X+,9.600000000000001,7.200000000000001,39.31164125500072,0.0,1.1068299559606913,0.0002656076245110845,0.0006487677607208806,0.15454651519835572,0.00033066752799372793,-0.0007384925053333135,1.1084522172336082,3.1529005664507978e-06,-5.5515050226120846e-06,0.17185555197386665,1.1833489677968331e-06,1.0605585587687536e-06,1.1071089350645709,-0.0005278963872522178,-0.0019434108866498438,0.2,0.0,0.0,0.0,0.0,2.962962962962963,2.962962962962963,9.162200751866578e-06,6.687617342571173e-06,2.732547962967587,2.706264864033873,-0.0006691867645284468,0.0006488235428315443
X+,9.600000000000001,7.200000000000001,39.34127797700057,0.0,1.1068299559606913,0.0002656076245110845,0.0006487677607208806,0.15454651519835572,0.00033066752799372793,-0.0007384925053333135,1.1084522172336082,3.1529005664507978e-06,-5.5515050226120846e-06,0.17185555197386665,1.1833489677968331e-06,1.0605585587687536e-06,1.1071089350645709,-0.0005278963872522178,-0.0019434108866498438,0.2,0.0,0.0,0.0,0.0,2.962962962962963,2.962962962962963,9.162200751866578e-06,6.687617342571173e-06,2.732547962967587,2.706264864033873,-0.0006691867645284468,0.0006488235428315443
X+,9.600000000000001,7.200000000000001,39.36679688700315,0.0,1.1068299559606913,0.0002656076245110845,0.0006487677607208806,0.15454651519835572,0.00033066752799372793,-0.0007384925053333135,1.1084522172336082,3.1529005664507978e-06,-5.5515050226120846e-06,0.17185555197386665,1.1833489677968331e-06,1.0605585587687536e-06,1.1071089350645709,-0.0005278963872522178,-0.0019434108866498438,0.2,0.0,0.0,0.0,0.0,2.962962962962963,2.962962962962963,9.162200751866578e-06,6.687617342571173e-06,2.732547962967587,2.706264864033873,-0.0006691867645284468,0.0006488235428315443
X+,9.600000000000001,7.200000000000001,39.3927831660003,0.0,1.1068299559606913,0.0002656076245110845,0.0006487677607208806,0.15454651519835572,0.00033066752799372793,-0.0007384925053333135,1.1084522172336082,3.1529005664507978e-06,-5.5515050226120846e-06,0.17185555197386665,1.1833489677968331e-06,1.0605585587687536e-06,1.1071089350645709,-0.0005278963872522178,-0.0019434108866498438,0.2,0.0,0.0,0.0,0.0,2.962962962962963,2.962962962962963,9.162200751866578e-06,6.687617342571173e-06,2.732547962967587,2.706264864033873,-0.0006691867645284468,0.0006488235428315443
X+,9.600000000000001,7.200000000000001,39.42201369600298,0.0,1.1068299559606913,0.0002656076245110845,0.0006487677607208806,0.15454651519835572,0.00033066752799372793,-0.0007384925053333135,1.1084522172336082,3.1529005664507978e-06,-5.5515050226120846e-06,0.17185555197386665,1.1833489677968331e-06,1.0605585587687536e-06,1.1071089350645709,-0.0005278963872522178,-0.0019434108866498438,0.2,0.0,0.0,0.0,0.0,2.962962962962963,2.962962962962963,9.162200751866578e-06,6.687617342571173e-06,2.732547962967587,2.706264864033873,-0.0006691867645284468,0.0006488235428315443
X+,9.600000000000001,7.200000000000001,39.45166028099993,0.0,1.1068299559606913,0.0002656076245110845,0.0006487677607208806,0.15454651519835572,0.00033066752799372793,-0.0007384925053333135,1.1084522172336082,3.1529005664507978e-06,-5.5515050226120846e-06,0.17185555197386665,1.1833489677968331e-06,1.0605585587687536e-06,1.1071089350645709,-0.0005278963872522178,-0.0019434108866498438,0.2,0.0,0.0,0.0,0.0,2.962962962962963,2.962962962962963,9.162200751866578e-06,6.687617342571173e-06,2.732547962967587,2.706264864033873,-0.0006691867645284468,0.0006488235428315443
X+,9.600000000000001,7.200000000000001,39.487357867001265,0.0,1.1068299559606913,0.0002656076245110845,0.0006487677607208806,0.15454651519835572,0.00033066752799372793,-0.0007384925053333135,1.1084522172336082,3.1529005664507978e-06,-5.5515050226120846e-06,0.17185555197386665,1.1833489677968331e-06,1.0605585587687536e-06,1.1071089350645709,-0.0005278963872522178,-0.0019434108866498438,0.2,0.0,0.0,0.0,0.0,2.962962962962963,2.962962962962963,9.162200751866578e-06,6.687617342571173e-06,2.732547962967587,2.706264864033873,-0.0006691867645284468,0.0006488235428315443
X+,9.600000000000001,7.200000000000001,39.519448440001725,0.0,1.1068299559606913,0.0002656076245110845,0.0006487677607208806,0.15454651519835572,0.00033066752799372793,-0.0007384925053333135,1.1084522172336082,3.1529005664507978e-06,-5.5515050226120846e-06,0.17185555197386665,1.1833489677968331e-06,1.0605585587687536e-06,1.1071089350645709,-0.0005278963872522178,-0.0019434108866498438,0.2,0.0,0.0,0.0,0.0,2.962962962962963,2.962962962962963,9.162200751866578e-06,6.687617342571173e-06,2.732547962967587,2.706264864033873,-0.0006691867645284468,0.0006488235428315443
X+,9.600000000000001,7.200000000000001,39.54819201999999,0.0,1.1068299559606913,0.0002656076245110845,0.0006487677607208806,0.15454651519835572,0.00033066752799372793,-0.0007384925053333135,1.1084522172336082,3.1529005664507978e-06,-5.5515050226120846e-06,0.17185555197386665,1.1833489677968331e-06,1.0605585587687536e-06,1.1071089350645709,-0.0005278963872522178,-0.0019434108866498438,0.2,0.0,0.0,0.0,0.0,2.962962962962963,2.962962962962963,9.162200751866578e-06,6.687617342571173e-06,2.732547962967587,2.706264864033873,-0.0006691867645284468,0.0006488235428315443
X+,9.600000000000001,7.200000000000001,39.577277915002924,0.0,1.1068299559606913,0.0002656076245110845,0.0006487677607208806,0.15454651519835572,0.00033066752799372793,-0.0007384925053333135,1.1084522172336082,3.1529005664507978e-06,-5.5515050226120846e-06,0.17185555197386665,1.1833489677968331e-06,1.0605585587687536e-06,1.1071089350645709,-0.0005278963872522178,-0.0019434108866498438,0.2,0.0,0.0,0.0,0.0,2.962962962962963,2.962962962962963,9.162200751866578e-06,6.687617342571173e-06,2.732547962967587,2.706264864033873,-0.0006691867645284468,0.0006488235428315443
X+,9.600000000000001,7.200000000000001,39.6051223070026,0.0,1.1068299559606913,0.0002656076245110845,0.0006487677607208806,0.15454651519835572,0.00033066752799372793,-0.0007384925053333135,1.1084522172336082,3.1529005664507978e-06,-5.5515050226120846e-06,0.17185555197386665,1.1833489677968331e-06,1.0605585587687536e-06,1.1071089350645709,-0.0005278963872522178,-0.0019434108866498438,0.2,0.0,0.0,0.0,0.0,2.962962962962963,2.962962962962963,9.162200751866578e-06,6.687617342571173e-06,2.732547962967587,2.706264864033873,-0.0006691867645284468,0.0006488235428315443
X+,9.600000000000001,7.200000000000001,39.6336928990022,0.0,1.1068299559606913,0.0002656076245110845,0.0006487677607208806,0.15454651519835572,0.00033066752799372793,-0.0007384925053333135,1.1084522172336082,3.1529005664507978e-06,-5.5515050226120846e-06,0.17185555197386665,1.1833489677968331e-06,1.0605585587687536e-06,1.1071089350645709,-0.0005278963872522178,-0.0019434108866498438,0.2,0.0,0.0,0.0,0.0,2.962962962962963,2.962962962962963,9.162200751866578e-06,6.687617342571173e-06,2.732547962967587,2.706264864033873,-0.0006691867645284468,0.0006488235428315443
X+,9.600000000000001,7.200000000000001,39.65851235599985,0.0,1.1068299559606913,0.0002656076245110845,0.0006487677607208806,0.15454651519835572,0.00033066752799372793,-0.0007384925053333135,1.1084522172336082,3.1529005664507978e-06,-5.5515050226120846e-06,0.17185555197386665,1.1833489677968331e-06,1.0605585587687536e-06,1.1071089350645709,-0.0005278963872522178,-0.0019434108866498438,0.2,0.0,0.0,0.0,0.0,2.962962962962963,2.962962962962963,9.162200751866578e-06,6.687617342571173e-06,2.732547962967587,2.706264864033873,-0.0006691867645284468,0.0006488235428315443
X+,9.600000000000001,7.200000000000001,39.68539097900066,0.0,1.1068299559606913,0.0002656076245110845,0.0006487677607208806,0.15454651519835572,0.00033066752799372793,-0.0007384925053333135,1.1084522172336082,3.1529005664507978e-06,-5.5515050226120846e-06,0.17185555197386665,1.1833489677968331e-06,1.0605585587687536e-06,1.1071089350645709,-0.0005278963872522178,-0.0019434108866498438,0.2,0.0,0.0,0.0,0.0,2.962962962962963,2.962962962962963,9.162200751866578e-06,6.687617342571173e-06,2.732547962967587,2.706264864033873,-0.0006691867645284468,0.0006488235428315443
X+,9.600000000000001,7.200000000000001,39.71557412900074,0.0,1.1068299559606913,0.0002656076245110845,0.0006487677607208806,0.15454651519835572,0.00033066752799372793,-0.0007384925053333135,1.1084522172336082,3.1529005664507978e-06,-5.5515050226120846e-06,0.17185555197386665,1.1833489677968331e-06,1.0605585587687536e-06,1.1071089350645709,-0.0005278963872522178,-0.0019434108866498438,0.2,0.0,0.0,0.0,0.0,2.962962962962963,2.962962962962963,9.162200751866578e-06,6.687617342571173e-06,2.732547962967587,2.706264864033873,-0.0006691867645284468,0.0006488235428315443
X+,9.600000000000001,7.200000000000001,39.74679291100256,0.0,1.1091429217307833,0.0002668717255613698,0.0006471295915532549,0.15318569844518434,0.0002588788264071995,-0.0004370091351700035,1.1084522172336082,3.1529005664507978e-06,-5.5515050226120846e-06,0.17185555197386665,1.1833489677968331e-06,1.0605585587687536e-06,1.1071089350645709,-0.0005278963872522178,-0.0019434108866498438,0.2,0.0,0.0,0.0,0.0,2.962962962962963,2.962962962962963,9.534906587838066e-06,7.188193449358948e-06,2.7417561384372067,2.714807962729615,0.0030062341093411056,0.0006470248777399392
X+,9.600000000000001,7.200000000000001,39.7748715120033,0.0,1.1114349006410489,0.0002677188782124829,0.0006477095327720344,0.15172629549743624,0.00026699990755555514,-0.00045494718170729497,1.1084522172336082,3.1529005664507978e-06,-5.5515050226120846e-06,0.17185555197386665,1.1833489677968331e-06,1.0605585587687536e-06,1.1071089350645709,-0.0005278963872522178,-0.0019434108866498438,0.2,0.0,0.0,0.0,0.0,2.962962962962963,2.962962962962963,9.965986734528087e-06,8.344386690062322e-06,2.762732299414539,2.734030556833417,-0.00243269526176454,0.0006479432863812718
X+,9.600000000000001,7.200000000000001,39.806556174000434,0.0,1.113854824500132,0.00026857518403138395,0.00064819742999455,0.1500477294089444,0.00027384095956687634,-0.0004078454896769692,1.1084522172336082,3.1529005664507978e-06,-5.5515050226120846e-06,0.17185555197386665,1.1833489677968331e-06,1.0605585587687536e-06,1.1071089350645709,-0.0005278963872522178,-0.0019434108866498438,0.2,0.0,0.0,0.0,0.0,2.962962962962963,2.962962962962963,1.030883263375415e-05,9.812865591207753e-06,2.787926532845648,2.7569050128270347,-0.0028618963843152854,0.00064819742999455
X+,9.600000000000001,7.200000000000001,39.8561254510023,0.0,1.1168404717133749,0.000269592623571192,0.0006494022884192135,0.14774724585329665,0.00028922848273421284,-0.00038617477940689426,1.1262009991621322,3.2404711423112984e-06,-5.552838491854343e-06,0.17748781927764323,1.8610302788009243e-06,-1.3334692422582889e-08,1.1071089350645709,-0.0005278963872522181,-0.001943410886649844,0.2,0.0,0.0,0.0,0.0,2.962962962962963,2.962962962962963,1.0402504385886857e-05,1.0569257387516018e-05,2.802472881123332,2.7701431090619324,-0.0005489750055778708,0.0006494022884192135
X+,9.700000000000001,7.300000000000001,39.89265302900094,0.09999999999999964,1.119777931635699,0.00027056932477780883,0.0006509999652732223,0.14517784122686886,0.00031035914852988464,-0.00037184102765546037,1.1262009991621322,3.2404711423112984e-06,-5.552838491854343e-06,0.17748781927764323,1.8610302788009243e-06,-1.3334692422582889e-08,1.1231782364010223,-0.0005541677657543071,-0.0017965392012762045,0.2,0.0,0.0,0.0,0.0,2.962962962962963,2.962962962962963,1.0697467266673755e-05,1.3380346677749344e-05,2.8553649594747674,2.818694050363882,0.000516596909287923,0.0006501652092555465
X+,9.700000000000001,7.300000000000001,39.92094358800023,0.0,1.122232561686528,0.00027143750785698587,0.0006525830224098549,0.1427410095987735,0.00031937631806462023,-0.0002865536281596395,1.1262009991621322,3.2404711423112984e-06,-5.552838491854343e-06,0.17748781927764323,1.8610302788009243e-06,-1.3334692422582889e-08,1.1231782364010223,-0.0005541677657543071,-0.0017965392012762045,0.2,0.0,0.0,0.0,0.0,2.962962962962963,2.962962962962963,1.0808506578641186e-05,1.4401132358621282e-05,2.876560178091963,2.838572701992469,0.0006601244472316681,0.0006521012401988348
X+,9.700000000000001,7.300000000000001,39.950542482001765,0.0,1.122232561686528,0.00027143750785698587,0.0006525830224098549,0.1427410095987735,0.00031937631806462023,-0.0002865536281596395,1.1262009991621322,3.2404711423112984e-06,-5.552838491854343e-06,0.17748781927764323,1.8610302788009243e-06,-1.3334692422582889e-08,1.1231782364010223,-0.0005541677657543071,-0.0017965392012762045,0.2,0.0,0.0,0.0,0.0,2.962962962962963,2.962962962962963,1.0808506578641186e-05,1.4401132358621282e-05,2.876560178091963,2.838572701992469,0.0006601244472316681,0.0006521012401988348
X+,9.700000000000001,7.300000000000001,39.98558200000116,0.0,1.122232561686528,0.00027143750785698587,0.0006525830224098549,0.1427410095987735,0.00031937631806462023,-0.0002865536281596395,1.1262009991621322,3.2404711423112984e-06,-5.552838491854343e-06,0.17748781927764323,1.8610302788009243e-06,-1.3334692422582889e-08,1.1231782364010223,-0.0005541677657543071,-0.0017965392012762045,0.2,0.0,0.0,0.0,0.0,2.962962962962963,2.962962962962963,1.0808506578641186e-05,1.4401132358621282e-05,2.876560178091963,2.838572701992469,0.0006601244472316681,0.0006521012401988348
X+,9.700000000000001,7.300000000000001,40.01064106800186,0.0,1.122232561686528,0.00027143750785698587,0.0006525830224098549,0.1427410095987735,0.00031937631806462023,-0.0002865536281596395,1.1262009991621322,3.2404711423112984e-06,-5.552838491854343e-06,0.17748781927764323,1.8610302788009243e-06,-1.3334692422582889e-08,1.1231782364010223,-0.0005541677657543071,-0.0017965392012762045,0.2,0.0,0.0,0.0,0.0,2.962962962962963,2.962962962962963,1.0808506578641186e-05,1.4401132358621282e-05,2.876560178091963,2.838572701992469,0.0006601244472316681,0.0006521012401988348
X+,9.700000000000001,7.300000000000001,40.036635581000155,0.0,1.122232561686528,0.00027143750785698587,0.0006525830224098549,0.1427410095987735,0.00031937631806462023,-0.0002865536281596395,1.1262009991621322,3.2404711423112984e-06,-5.552838491854343e-06,0.17748781927764323,1.8610302788009243e-06,-1.3334692422582889e-08,1.1231782364010223,-0.0005541677657543071,-0.0017965392012762045,0.2,0.0,0.0,0.0,0.0,2.962962962962963,2.962962962962963,1.0808506578641186e-05,1.4401132358621282e-05,2.876560178091963,2.838572701992469,0.0006601244472316681,0.0006521012401988348
X+,9.700000000000001,7.300000000000001,40.06281844500336,0.0,1.122232561686528,0.00027143750785698587,0.0006525830224098549,0.1427410095987735,0.00031937631806462023,-0.0002865536281596395,1.1262009991621322,3.2404711423112984e-06,-5.552838491854343e-06,0.17748781927764323,1.8610302788009243e-06,-1.3334692422582889e-08,1.1231782364010223,-0.0005541677657543071,-0.0017965392012762045,0.2,0.0,0.0,0.0,0.0,2.962962962962963,2.962962962962963,1.0808506578641186e-05,1.4401132358621282e-05,2.876560178091963,2.838572701992469,0.0006601244472316681,0.0006521012401988348
X+,9.700000000000001,7.300000000000001,40.09074835000138,0.0,1.122232561686528,0.00027143750785698587,0.0006525830224098549,0.1427410095987735,0.00031937631806462023,-0.0002865536281596395,1.1262009991621322,3.2404711423112984e-06,-5.552838491854343e-06,0.17748781927764323,1.8610302788009243e-06,-1.3334692422582889e-08,1.1231782364010223,-0.0005541677657543071,-0.0017965392012762045,0.2,0.0,0.0,0.0,0.0,2.962962962962963,2.962962962962963,1.0808506578641186e-05,1.4401132358621282e-05,2.876560178091963,2.838572701992469,0.0006601244472316681,0.0006521012401988348
X+,9.700000000000001,7.300000000000001,40.11571307000122,0.0,1.122232561686528,0.00027143750785698587,0.0006525830224098549,0.1427410095987735,0.00031937631806462023,-0.0002865536281596395,1.1262009991621322,3.2404711423112984e-06,-5.552838491854343e-06,0.17748781927764323,1.8610302788009243e-06,-1.3334692422582889e-08,1.1231782364010223,-0.0005541677657543071,-0.0017965392012762045,0.2,0.0,0.0,0.0,0.0,2.962962962962963,2.962962962962963,1.0808506578641186e-05,1.4401132358621282e-05,2.876560178091963,2.838572701992469,0.0006601244472316681,0.0006521012401988348
X+,9.700000000000001,7.300000000000001,40.14483543800088,0.0,1.122232561686528,0.00027143750785698587,0.0006525830224098549,0.1427410095987735,0.00031937631806462023,-0.0002865536281596395,1.1262009991621322,3.2404711423112984e-06,-5.552838491854343e-06,0.17748781927764323,1.8610302788009243e-06,-1.3334692422582889e-08,1.1231782364010223,-0.0005541677657543071,-0.0017965392012762045,0.2,0.0,0.0,0.0,0.0,2.962962962962963,2.962962962962963,1.0808506578641186e-05,1.4401132358621282e-05,2.876560178091963,2.838572701992469,0.0006601244472316681,0.0006521012401988348
X+,9.700000000000001,7.300000000000001,40.17552339699978,0.0,1.122232561686528,0.00027143750785698587,0.0006525830224098549,0.1427410095987735,0.00031937631806462023,-0.0002865536281596395,1.1262009991621322,3.2404711423112984e-06,-5.552838491854343e-06,0.17748781927764323,1.8610302788009243e-06,-1.3334692422582889e-08,1.1231782364010223,-0.0005541677657543071,-0.0017965392012762045,0.2,0.0,0.0,0.0,0.0,2.962962962962963,2.962962962962963,1.0808506578641186e-05,1.4401132358621282e-05,2.876560178091963,2.838572701992469,0.0006601244472316681,0.0006521012401988348
X+,9.700000000000001,7.300000000000001,40.20553702500183,0.0,1.122232561686528,0.00027143750785698587,0.0006525830224098549,0.1427410095987735,0.00031937631806462023,-0.0002865536281596395,1.1262009991621322,3.2404711423112984e-06,-5.552838491854343e-06,0.17748781927764323,1.8610302788009243e-06,-1.3334692422582889e-08,1.1231782364010223,-0.0005541677657543071,-0.0017965392012762045,0.2,0.0,0.0,0.0,0.0,2.962962962962963,2.962962962962963,1.0808506578641186e-05,1.4401132358621282e-05,2.876560178091963,2.838572701992469,0.0006601244472316681,0.0006521012401988348
X+,9.700000000000001,7.300000000000001,40.23581519000072,0.0,1.122232561686528,0.00027143750785698587,0.0006525830224098549,0.1427410095987735,0.00031937631806462023,-0.0002865536281596395,1.1262009991621322,3.2404711423112984e-06,-5.552838491854343e-06,0.17748781927764323,1.8610302788009243e-06,-1.3334692422582889e-08,1.1231782364010223,-0.0005541677657543071,-0.0017965392012762045,0.2,0.0,0.0,0.0,0.0,2.962962962962963,2.962962962962963,1.0808506578641186e-05,1.4401132358621282e-05,2.876560178091963,2.838572701992469,0.0006601244472316681,0.0006521012401988348
X+,9.700000000000001,7.300000000000001,40.26520953799991,0.0,1.122232561686528,0.00027143750785698587,0.0006525830224098549,0.1427410095987735,0.00031937631806462023,-0.0002865536281596395,1.1262009991621322,3.2404711423112984e-06,-5.552838491854343e-06,0.17748781927764323,1.8610302788009243e-06,-1.3334692422582889e-08,1.1231782364010223,-0.0005541677657543071,-0.0017965392012762045,0.2,0.0,0.0,0.0,0.0,2.962962962962963,2.962962962962963,1.0808506578641186e-05,1.4401132358621282e-05,2.876560178091963,2.838572701992469,0.0006601244472316681,0.0006521012401988348
X+,9.700000000000001,7.300000000000001,40.30054180300067,0.0,1.1256232094375571,0.00027272291025454837,0.0006552077086386166,0.13883379500687143,0.00031850368357302586,-6.068692418109829e-05,1.1262009991621322,3.2404711423112984e-06,-5.552838491854343e-06,0.17748781927764323,1.8610302788009243e-06,-1.3334692422582889e-08,1.1231782364010223,-0.0005541677657543071,-0.0017965392012762045,0.2,0.0,0.0,0.0,0.0,2.962962962962963,2.962962962962963,1.1154840588112336e-05,1.803889972684658e-05,2.9512290369586007,2.9099780838524345,-0.0038979930500978558,0.0006541673029081481
X+,9.700000000000001,7.300000000000001,40.332687504000205,0.0,1.127829012478589,0.0002736189339378409,0.0006571984213015576,0.13589238062638645,0.0003113510712173193,0.00017304602771193198,1.1262009991621322,3.2404711423112984e-06,-5.552838491854343e-06,0.17748781927764323,1.8610302788009243e-06,-1.3334692422582889e-08,1.1231782364010223,-0.0005541677657543071,-0.0017965392012762045,0.2,0.0,0.0,0.0,0.0,2.962962962962963,2.962962962962963,1.1309382033530824e-05,1.9392075026658517e-05,2.979215397093398,2.9368879321186583,-0.0015904306506398565,0.0006566781177111126
X+,9.700000000000001,7.300000000000001,40.360833119000745,0.0,1.1303847665592301,0.0002747442025458789,0.0006596540459140377,0.1320549589992653,0.0003008369528084507,0.0005075039064867604,1.1262009991621322,3.2404711423112984e-06,-5.552838491854343e-06,0.17748781927764323,1.8610302788009243e-06,-1.3334692422582889e-08,1.1231782364010223,-0.0005541677657543071,-0.0017965392012762045,0.2,0.0,0.0,0.0,0.0,2.962962962962963,2.962962962962963,1.1709423664463259e-05,2.226730904908436e-05,3.035665011217635,2.990016230272352,-0.0006664906750903506,0.0006592005797210512
X+,9.700000000000001,7.300000000000001,40.38516390600125,0.0,1.132220124856658,0.0002755878849513777,0.0006613145508810573,0.12903827703903373,0.0003105611768769947,0.0007048062806032495,1.1453927939147643,3.4591719332963684e-06,-5.8822671146531415e-06,0.19191794751121816,3.2526972761133416e-06,-3.294286227987985e-06,1.1434861232222835,-0.0005919369672512712,-0.0018443575945608084,0.2,0.0,0.0,0.0,0.0,2.962962962962963,2.962962962962963,1.2091853952789222e-05,2.5309400156103834e-05,3.082744438999476,3.02871394232493,-0.0007893824006932258,0.0006605443218271633
X+,9.8,7.4,40.40912009100066,0.09999999999999964,1.1342654482571812,0.0002765867719355837,0.0006632475994593463,0.1255054267924637,0.00034069099062863874,0.0008932282032330852,1.1453927939147643,3.4591719332963684e-06,-5.8822671146531415e-06,0.19191794751121816,3.2526972761133416e-06,-3.294286227987985e-06,1.1434861232222835,-0.0005919369672512712,-0.0018443575945608084,0.2,0.0,0.0,0.0,0.0,2.962962962962963,2.962962962962963,1.2268468853271486e-05,2.6602405482911706e-05,3.0975784543684126,3.0359579771545215,0.002729508115704225,0.000662909256021469
X+,9.8,7.4,40.44257893000031,0.0,1.135762532676427,0.00027734433688257794,0.0006644395331934742,0.12289648354607823,0.00033801703555536505,0.0009997289580141997,1.1453927939147643,3.4591719332963684e-06,-5.8822671146531415e-06,0.19191794751121816,3.2526972761133416e-06,-3.294286227987985e-06,1.1434861232222835,-0.0005919369672512712,-0.0018443575945608084,0.2,0.0,0.0,0.0,0.0,2.962962962962963,2.962962962962963,1.2405466253362363e-05,2.7541889147997267e-05,3.103405369841014,3.031809055836067,0.00067864396850091,0.0006641096224734904
X+,9.8,7.4,40.46917745800238,0.0,1.135762532676427,0.00027734433688257794,0.0006644395331934742,0.12289648354607823,0.00033801703555536505,0.0009997289580141997,1.1453927939147643,3.4591719332963684e-06,-5.8822671146531415e-06,0.19191794751121816,3.2526972761133416e-06,-3.294286227987985e-06,1.1434861232222835,-0.0005919369672512712,-0.0018443575945608084,0.2,0.0,0.0,0.0,0.0,2.962962962962963,2.962962962962963,1.2405466253362363e-05,2.7541889147997267e-05,3.103405369841014,3.031809055836067,0.00067864396850091,0.0006641096224734904
X+,9.8,7.4,40.49811018900073,0.0,1.135762532676427,0.00027734433688257794,0.0006644395331934742,0.12289648354607823,0.00033801703555536505,0.0009997289580141997,1.1453927939147643,3.4591719332963684e-06,-5.8822671146531415e-06,0.19191794751121816,3.2526972761133416e-06,-3.294286227987985e-06,1.1434861232222835,-0.0005919369672512712,-0.0018443575945608084,0.2,0.0,0.0,0.0,0.0,2.962962962962963,2.962962962962963,1.2405466253362363e-05,2.7541889147997267e-05,3.103405369841014,3.031809055836067,0.00067864396850091,0.0006641096224734904
X+,9.8,7.4,40.52207846100282,0.0,1.135762532676427,0.00027734433688257794,0.0006644395331934742,0.12289648354607823,0.00033801703555536505,0.0009997289580141997,1.1453927939147643,3.4591719332963684e-06,-5.8822671146531415e-06,0.19191794751121816,3.2526972761133416e-06,-3.294286227987985e-06,1.1434861232222835,-0.0005919369672512712,-0.0018443575945608084,0.2,0.0,0.0,0.0,0.0,2.962962962962963,2.962962962962963,1.2405466253362363e-05,2.7541889147997267e-05,3.103405369841014,3.031809055836067,0.00067864396850091,0.0006641096224734904
X+,9.8,7.4,40.55074407400025,0.0,1.135762532676427,0.00027734433688257794,0.0006644395331934742,0.12289648354607823,0.00033801703555536505,0.0009997289580141997,1.1453927939147643,3.4591719332963684e-06,-5.8822671146531415e-06,0.19191794751121816,3.2526972761133416e-06,-3.294286227987985e-06,1.1434861232222835,-0.0005919369672512712,-0.0018443575945608084,0.2,0.0,0.0,0.0,0.0,2.962962962962963,2.962962962962963,1.2405466253362363e-05,2.7541889147997267e-05,3.103405369841014,3.031809055836067,0.00067864396850091,0.0006641096224734904
X+,9.8,7.4,40.58097919500142,0.0,1.135762532676427,0.00027734433688257794,0.0006644395331934742,0.12289648354607823,0.00033801703555536505,0.0009997289580141997,1.1453927939147643,3.4591719332963684e-06,-5.8822671146531415e-06,0.19191794751121816,3.2526972761133416e-06,-3.294286227987985e-06,1.1434861232222835,-0.0005919369672512712,-0.0018443575945608084,0.2,0.0,0.0,0.0,0.0,2.962962962962963,2.962962962962963,1.2405466253362363e-05,2.7541889147997267e-05,3.103405369841014,3.031809055836067,0.00067864396850091,0.0006641096224734904
X+,9.8,7.4,40.60666234600285,0.0,1.135762532676427,0.00027734433688257794,0.0006644395331934742,0.12289648354607823,0.00033801703555536505,0.0009997289580141997,1.1453927939147643,3.4591719332963684e-06,-5.8822671146531415e-06,0.19191794751121816,3.2526972761133416e-06,-3.294286227987985e-06,1.1434861232222835,-0.0005919369672512712,-0.0018443575945608084,0.2,0.0,0.0,0.0,0.0,2.962962962962963,2.962962962962963,1.2405466253362363e-05,2.7541889147997267e-05,3.103405369841014,3.031809055836067,0.00067864396850091,0.0006641096224734904
X+,9.8,7.4,40.6389036110013,0.0,1.135762532676427,0.00027734433688257794,0.0006644395331934742,0.12289648354607823,0.00033801703555536505,0.0009997289580141997,1.1453927939147643,3.4591719332963684e-06,-5.8822671146531415e-06,0.19191794751121816,3.2526972761133416e-06,-3.294286227987985e-06,1.1434861232222835,-0.0005919369672512712,-0.0018443575945608084,0.2,0.0,0.0,0.0,0.0,2.962962962962963,2.962962962962963,1.2405466253362363e-05,2.7541889147997267e-05,3.103405369841014,3.031809055836067,0.00067864396850091,0.0006641096224734904
X+,9.8,7.4,40.67487505600002,0.0,1.135762532676427,0.00027734433688257794,0.0006644395331934742,0.12289648354607823,0.00033801703555536505,0.0009997289580141997,1.1453927939147643,3.4591719332963684e-06,-5.8822671146531415e-06,0.19191794751121816,3.2526972761133416e-06,-3.294286227987985e-06,1.1434861232222835,-0.0005919369672512712,-0.0018443575945608084,0.2,0.0,0.0,0.0,0.0,2.962962962962963,2.962962962962963,1.2405466253362363e-05,2.7541889147997267e-05,3.103405369841014,3.031809055836067,0.00067864396850091,0.0006641096224734904
X+,9.8,7.4,40.709489364002366,0.0,1.135762532676427,0.00027734433688257794,0.0006644395331934742,0.12289648354607823,0.00033801703555536505,0.0009997289580141997,1.1453927939147643,3.4591719332963684e-06,-5.8822671146531415e-06,0.19191794751121816,3.2526972761133416e-06,-3.294286227987985e-06,1.1434861232222835,-0.0005919369672512712,-0.0018443575945608084,0.2,0.0,0.0,0.0,0.0,2.962962962962963,2.962962962962963,1.2405466253362363e-05,2.7541889147997267e-05,3.103405369841014,3.031809055836067,0.00067864396850091,0.0006641096224734904
X+,9.8,7.4,40.74207117200058,0.0,1.135762532676427,0.00027734433688257794,0.0006644395331934742,0.12289648354607823,0.00033801703555536505,0.0009997289580141997,1.1453927939147643,3.4591719332963684e-06,-5.8822671146531415e-06,0.19191794751121816,3.2526972761133416e-06,-3.294286227987985e-06,1.1434861232222835,-0.0005919369672512712,-0.0018443575945608084,0.2,0.0,0.0,0.0,0.0,2.962962962962963,2.962962962962963,1.2405466253362363e-05,2.7541889147997267e-05,3.103405369841014,3.031809055836067,0.00067864396850091,0.0006641096224734904
X+,9.8,7.4,40.77343188300074,0.0,1.135762532676427,0.00027734433688257794,0.0006644395331934742,0.12289648354607823,0.00033801703555536505,0.0009997289580141997,1.1453927939147643,3.4591719332963684e-06,-5.8822671146531415e-06,0.19191794751121816,3.2526972761133416e-06,-3.294286227987985e-06,1.1434861232222835,-0.0005919369672512712,-0.0018443575945608084,0.2,0.0,0.0,0.0,0.0,2.962962962962963,2.962962962962963,1.2405466253362363e-05,2.7541889147997267e-05,3.103405369841014,3.031809055836067,0.00067864396850091,0.0006641096224734904
X+,9.8,7.4,40.8055400680023,0.0,1.135762532676427,0.00027734433688257794,0.0006644395331934742,0.12289648354607823,0.00033801703555536505,0.0009997289580141997,1.1453927939147643,3.4591719332963684e-06,-5.8822671146531415e-06,0.19191794751121816,3.2526972761133416e-06,-3.294286227987985e-06,1.1434861232222835,-0.0005919369672512712,-0.0018443575945608084,0.2,0.0,0.0,0.0,0.0,2.962962962962963,2.962962962962963,1.2405466253362363e-05,2.7541889147997267e-05,3.103405369841014,3.031809055836067,0.00067864396850091,0.0006641096224734904
X+,9.8,7.4,40.8354067500004,0.0,1.1369865365764196,0.0002776453725144854,0.0006646038199169412,0.12082115063073752,0.00033108862087531936,0.0010732111709214596,1.1453927939147643,3.4591719332963684e-06,-5.8822671146531415e-06,0.19191794751121816,3.2526972761133416e-06,-3.294286227987985e-06,1.1434861232222835,-0.0005919369672512712,-0.0018443575945608084,0.2,0.0,0.0,0.0,0.0,2.962962962962963,2.962962962962963,1.2551181294284675e-05,2.7999220013619208e-05,3.097652805030064,3.0141101496906977,0.002613248025794654,0.0006646202767162143
X+,9.8,7.4,40.86107277800329,0.0,1.1387848693890963,0.0002779144979305932,0.0006641623916419701,0.11799945686779129,0.000404489670208812,0.0012463937177797431,1.1453927939147643,3.4591719332963684e-06,-5.8822671146531415e-06,0.19191794751121816,3.2526972761133416e-06,-3.294286227987985e-06,1.1434861232222835,-0.0005919369672512712,-0.0018443575945608084,0.2,0.0,0.0,0.0,0.0,2.962962962962963,2.962962962962963,1.2489747442501198e-05,2.6269950713420087e-05,3.046479500265953,2.9365800381469715,0.004722220025338456,0.0006644169450668267
X+,9.8,7.4,40.89234859800126,0.0,1.1412364843037228,0.00027630291041349283,0.0006635659887979367,0.1148177030947088,0.0002861951180983119,0.0010926921453163917,1.1453927939147643,3.4591719332963684e-06,-5.8822671146531415e-06,0.19191794751121816,3.2526972761133416e-06,-3.294286227987985e-06,1.1434861232222835,-0.0005919369672512712,-0.0018443575945608084,0.2,0.0,0.0,0.0,0.0,2.962962962962963,2.962962962962963,1.013875836264333e-05,1.595913880514388e-05,2.9350826343084675,2.8287821212646853,0.002960111003451236,0.0006638445496176912
X+,9.8,7.4,40.935976014003245,0.0,1.1432890808082028,0.00027671585989294447,0.0006668374642395309,0.1131350444316079,0.0004167719974366334,0.0007725530339747107,1.163284400110664,3.2686176978755484e-06,-5.2348435979920856e-06,0.1789160619671094,-8.531102866366574e-07,6.474235166610562e-06,1.1434861232222835,-0.0005919369672512712,-0.0018443575945608084,0.2,0.0,0.0,0.0,0.0,2.962962962962963,2.962962962962963,-2.752464420829881e-06,-1.3849828977008372e-05,2.7630074010737204,2.6444623888604206,0.0009755271636720939,0.0006658484579470706
X+,9.9,7.5,40.960533792000206,0.09999999999999964,1.145094789950574,0.0002734519853275566,0.0006731546176484746,0.11281575759355927,-0.00042460189958138425,0.0014166911499423993,1.163284400110664,3.2686176978755484e-06,-5.2348435979920856e-06,0.1789160619671094,-8.531102866366574e-07,6.474235166610562e-06,1.1467491024579757,-0.0006020665722550277,-0.0017635882056033954,0.2,0.0,0.0,0.0,0.0,2.962962962962963,2.962962962962963,-4.256679098979532e-06,-9.121882997398245e-06,2.6490354304165713,2.4962565465138065,0.002425405762121119,0.000670823698133577
X+,9.9,7.5,40.98686781700235,0.0,1.1469196614217443,0.0002582276964015395,0.0007460254851650084,0.11499857001153385,-0.00043628505576973954,0.007603796323695573,1.163284400110664,3.2686176978755484e-06,-5.2348435979920856e-06,0.1789160619671094,-8.531102866366574e-07,6.474235166610562e-06,1.1467491024579757,-0.0006020665722550277,-0.0017635882056033954,0.2,0.0,0.0,0.0,0.0,2.962962962962963,2.962962962962963,1.0334832234448754e-06,1.9533747855682293e-05,2.307467480191691,2.0231108877306636,0.005111704639243802,0.000696313977886812
X+,9.9,7.5,41.01980807200016,0.0,1.1471512060312388,0.0002577118459065955,0.0007596733873825545,0.1154732241841989,-3.369464596773196e-05,0.0074358915755495135,1.163284400110664,3.2686176978755484e-06,-5.2348435979920856e-06,0.1789160619671094,-8.531102866366574e-07,6.474235166610562e-06,1.1467491024579757,-0.0006020665722550277,-0.0017635882056033954,0.2,0.0,0.0,0.0,0.0,2.962962962962963,2.962962962962963,1.0334832234448754e-06,1.9533747855682293e-05,2.307467480191691,2.0231108877306636,0.0056681049366234144,0.0007596733873825545
X+,9.9,7.5,41.048159071000555,0.0,1.1471512060312388,0.0002577118459065955,0.0007596733873825545,0.1154732241841989,-3.369464596773196e-05,0.0074358915755495135,1.163284400110664,3.2686176978755484e-06,-5.2348435979920856e-06,0.1789160619671094,-8.531102866366574e-07,6.474235166610562e-06,1.1467491024579757,-0.0006020665722550277,-0.0017635882056033954,0.2,0.0,0.0,0.0,0.0,2.962962962962963,2.962962962962963,1.0334832234448754e-06,1.9533747855682293e-05,2.307467480191691,2.0231108877306636,0.0056681049366234144,0.0007596733873825545
X+,9.9,7.5,41.07568532600271,0.0,1.1471512060312388,0.0002577118459065955,0.0007596733873825545,0.1154732241841989,-3.369464596773196e-05,0.0074358915755495135,1.163284400110664,3.2686176978755484e-06,-5.2348435979920856e-06,0.1789160619671094,-8.531102866366574e-07,6.474235166610562e-06,1.1467491024579757,-0.0006020665722550277,-0.0017635882056033954,0.2,0.0,0.0,0.0,0.0,2.962962962962963,2.962962962962963,1.0334832234448754e-06,1.9533747855682293e-05,2.307467480191691,2.0231108877306636,0.0056681049366234144,0.0007596733873825545
X+,9.9,7.5,41.10204850700029,0.0,1.1471512060312388,0.0002577118459065955,0.0007596733873825545,0.1154732241841989,-3.369464596773196e-05,0.0074358915755495135,1.163284400110664,3.2686176978755484e-06,-5.2348435979920856e-06,0.1789160619671094,-8.531102866366574e-07,6.474235166610562e-06,1.1467491024579757,-0.0006020665722550277,-0.0017635882056033954,0.2,0.0,0.0,0.0,0.0,2.962962962962963,2.962962962962963,1.0334832234448754e-06,1.9533747855682293e-05,2.307467480191691,2.0231108877306636,0.0056681049366234144,0.0007596733873825545
X+,9.9,7.5,41.12772554000185,0.0,1.1471512060312388,0.0002577118459065955,0.0007596733873825545,0.1154732241841989,-3.369464596773196e-05,0.0074358915755495135,1.163284400110664,3.2686176978755484e-06,-5.2348435979920856e-06,0.1789160619671094,-8.531102866366574e-07,6.474235166610562e-06,1.1467491024579757,-0.0006020665722550277,-0.0017635882056033954,0.2,0.0,0.0,0.0,0.0,2.962962962962963,2.962962962962963,1.0334832234448754e-06,1.9533747855682293e-05,2.307467480191691,2.0231108877306636,0.0056681049366234144,0.0007596733873825545
X+,9.9,7.5,41.155618964003224,0.0,1.1471512060312388,0.0002577118459065955,0.0007596733873825545,0.1154732241841989,-3.369464596773196e-05,0.0074358915755495135,1.163284400110664,3.2686176978755484e-06,-5.2348435979920856e-06,0.1789160619671094,-8.531102866366574e-07,6.474235166610562e-06,1.1467491024579757,-0.0006020665722550277,-0.0017635882056033954,0.2,0.0,0.0,0.0,0.0,2.962962962962963,2.962962962962963,1.0334832234448754e-06,1.9533747855682293e-05,2.307467480191691,2.0231108877306636,0.0056681049366234144,0.0007596733873825545
X+,9.9,7.5,41.18640912200135,0.0,1.1471512060312388,0.0002577118459065955,0.0007596733873825545,0.1154732241841989,-3.369464596773196e-05,0.0074358915755495135,1.163284400110664,3.2686176978755484e-06,-5.2348435979920856e-06,0.1789160619671094,-8.531102866366574e-07,6.474235166610562e-06,1.1467491024579757,-0.0006020665722550277,-0.0017635882056033954,0.2,0.0,0.0,0.0,0.0,2.962962962962963,2.962962962962963,1.0334832234448754e-06,1.9533747855682293e-05,2.307467480191691,2.0231108877306636,0.0056681049366234144,0.0007596733873825545
X+,9.9,7.5,41.211731690000306,0.0,1.1471512060312388,0.0002577118459065955,0.0007596733873825545,0.1154732241841989,-3.369464596773196e-05,0.0074358915755495135,1.163284400110664,3.2686176978755484e-06,-5.2348435979920856e-06,0.1789160619671094,-8.531102866366574e-07,6.474235166610562e-06,1.1467491024579757,-0.0006020665722550277,-0.0017635882056033954,0.2,0.0,0.0,0.0,0.0,2.962962962962963,2.962962962962963,1.0334832234448754e-06,1.9533747855682293e-05,2.307467480191691,2.0231108877306636,0.0056681049366234144,0.0007596733873825545
X+,9.9,7.5,41.23783096900297,0.0,1.1471512060312388,0.0002577118459065955,0.0007596733873825545,0.1154732241841989,-3.369464596773196e-05,0.0074358915755495135,1.163284400110664,3.2686176978755484e-06,-5.2348435979920856e-06,0.1789160619671094,-8.531102866366574e-07,6.474235166610562e-06,1.1467491024579757,-0.0006020665722550277,-0.0017635882056033954,0.2,0.0,0.0,0.0,0.0,2.962962962962963,2.962962962962963,1.0334832234448754e-06,1.9533747855682293e-05,2.307467480191691,2.0231108877306636,0.0056681049366234144,0.0007596733873825545
X+,9.9,7.5,41.27047181000307,0.0,1.1471512060312388,0.0002577118459065955,0.0007596733873825545,0.1154732241841989,-3.369464596773196e-05,0.0074358915755495135,1.163284400110664,3.2686176978755484e-06,-5.2348435979920856e-06,0.1789160619671094,-8.531102866366574e-07,6.474235166610562e-06,1.1467491024579757,-0.0006020665722550277,-0.0017635882056033954,0.2,0.0,0.0,0.0,0.0,2.962962962962963,2.962962962962963,1.0334832234448754e-06,1.9533747855682293e-05,2.307467480191691,2.0231108877306636,0.0056681049366234144,0.0007596733873825545
X+,9.9,7.5,41.2993641130015,0.0,1.1471512060312388,0.0002577118459065955,0.0007596733873825545,0.1154732241841989,-3.369464596773196e-05,0.0074358915755495135,1.163284400110664,3.2686176978755484e-06,-5.2348435979920856e-06,0.1789160619671094,-8.531102866366574e-07,6.474235166610562e-06,1.1467491024579757,-0.0006020665722550277,-0.0017635882056033954,0.2,0.0,0.0,0.0,0.0,2.962962962962963,2.962962962962963,1.0334832234448754e-06,1.9533747855682293e-05,2.307467480191691,2.0231108877306636,0.0056681049366234144,0.0007596733873825545
X+,9.9,7.5,41.32537176900223,0.0,1.1471512060312388,0.0002577118459065955,0.0007596733873825545,0.1154732241841989,-3.369464596773196e-05,0.0074358915755495135,1.163284400110664,3.2686176978755484e-06,-5.2348435979920856e-06,0.1789160619671094,-8.531102866366574e-07,6.474235166610562e-06,1.1467491024579757,-0.0006020665722550277,-0.0017635882056033954,0.2,0.0,0.0,0.0,0.0,2.962962962962963,2.962962962962963,1.0334832234448754e-06,1.9533747855682293e-05,2.307467480191691,2.0231108877306636,0.0056681049366234144,0.0007596733873825545
X+,9.9,7.5,41.34910282200144,0.0,1.1482057858281554,0.00026213143250601763,0.0008061493432400163,0.11797959128237878,0.0012412728483538753,0.004144983046528991,1.163284400110664,3.2686176978755484e-06,-5.2348435979920856e-06,0.1789160619671094,-8.531102866366574e-07,6.474235166610562e-06,1.1467491024579757,-0.0006020665722550277,-0.0017635882056033954,0.2,0.0,0.0,0.0,0.0,2.962962962962963,2.962962962962963,2.556414657739481e-06,2.3650885807136035e-05,2.088166529388094,1.8448338802202295,0.0056681049366234144,0.0007596733873825545
X+,9.9,7.5,41.373185440999805,0.0,1.150142569121144,0.00026938333181425033,0.0008136300634072566,0.12351215655817627,0.00028389394797329347,-0.00044264203000027086,1.163284400110664,3.2686176978755484e-06,-5.2348435979920856e-06,0.1789160619671094,-8.531102866366574e-07,6.474235166610562e-06,1.1467491024579757,-0.0006020665722550277,-0.0017635882056033954,0.2,0.0,0.0,0.0,0.0,2.962962962962963,2.962962962962963,1.0645679371812378e-05,2.803376863269591e-05,1.7807962292929886,1.623812676306205,-0.0019194459991342381,0.0008167298082745422
X+,9.9,7.5,41.403305882002314,0.0,1.1519149457490057,0.00027075022176063085,0.000806047665886081,0.12907613244557634,0.0002203365545821956,-0.00010555770440732435,1.163284400110664,3.2686176978755484e-06,-5.2348435979920856e-06,0.1789160619671094,-8.531102866366574e-07,6.474235166610562e-06,1.1467491024579757,-0.0006020665722550277,-0.0017635882056033954,0.2,0.0,0.0,0.0,0.0,2.962962962962963,2.962962962962963,1.099785655789276e-05,2.604354802393516e-05,1.689219223629863,1.5720752322462213,0.0013527141836003444,0.0008100022592136045
X+,9.9,7.5,41.441247047001525,0.0,1.1540384931216803,0.00027244224561768886,0.0008016711944761639,0.1359136023627304,0.0003575415573680039,-0.0002844858092591194,1.163284400110664,3.2686176978755484e-06,-5.2348435979920856e-06,0.1789160619671094,-8.531102866366574e-07,6.474235166610562e-06,1.1467491024579757,-0.0006020665722550277,-0.0017635882056033954,0.2,0.0,0.0,0.0,0.0,2.962962962962963,2.962962962962963,8.223473437318773e-06,2.1170599015185587e-05,1.5815424577266493,1.4761938053728172,0.00024065878368698587,0.0008029813421424125
X+,9.9,7.5,41.47414651400322,0.0,1.1558454896369965,0.00027447956114440546,0.0007975739820273764,0.14169608889592591,0.00038651525455737635,-0.00036309810662614385,1.1730232901080162,3.358596841164961e-06,-5.428529612322474e-06,0.09724865825297924,1.2436150309548051e-06,-2.004422969577107e-06,1.1635159349595334,-0.0006304993518887044,-0.0016078514182624724,0.2,0.0,0.0,0.0,0.0,2.962962962962963,2.962962962962963,6.55165684904091e-06,1.9124256037450493e-05,1.5388007892688058,1.514532280208503,-0.0008846341228246283,0.0007996526800518796
X+,10.0,7.6,41.502793843999825,0.09999999999999964,1.1584684611851108,0.0002766827918906922,0.0007934714537126296,0.14949133790586513,0.0004237006916822788,-0.0005076885063473918,1.1730232901080162,3.358596841164961e-06,-5.428529612322474e-06,0.09724865825297924,1.2436150309548051e-06,-2.004422969577107e-06,1.1635159349595334,-0.0006304993518887044,-0.0016078514182624724,0.2,0.0,0.0,0.0,0.0,2.962962962962963,2.962962962962963,-5.853222222462762e-06,1.4699359761394248e-05,1.5071341167911025,1.6354702032093449,0.00013860401843710174,0.0007943164266789707
X+,10.0,7.6,41.53920630100038,0.0,1.1606008338643403,0.0002781344481359088,0.0007911593932330208,0.1549647737519679,0.00043731848259685773,-0.0006181082278623952,1.1730232901080162,3.358596841164961e-06,-5.428529612322474e-06,0.09724865825297924,1.2436150309548051e-06,-2.004422969577107e-06,1.1635159349595334,-0.0006304993518887044,-0.0016078514182624724,0.2,0.0,0.0,0.0,0.0,2.962962962962963,2.962962962962963,8.000975729949289e-06,1.2608313022965945e-05,1.5729542359554152,1.6984688060190918,-0.0030454868590877766,0.0007923383854484569
X+,10.0,7.6,41.5651060780001,0.0,1.1606008338643403,0.0002781344481359088,0.0007911593932330208,0.1549647737519679,0.00043731848259685773,-0.0006181082278623952,1.1730232901080162,3.358596841164961e-06,-5.428529612322474e-06,0.09724865825297924,1.2436150309548051e-06,-2.004422969577107e-06,1.1635159349595334,-0.0006304993518887044,-0.0016078514182624724,0.2,0.0,0.0,0.0,0.0,2.962962962962963,2.962962962962963,8.000975729949289e-06,1.2608313022965945e-05,1.5729542359554152,1.6984688060190918,-0.0030454868590877766,0.0007923383854484569
X+,10.0,7.6,41.59180970400121,0.0,1.1606008338643403,0.0002781344481359088,0.0007911593932330208,0.1549647737519679,0.00043731848259685773,-0.0006181082278623952,1.1730232901080162,3.358596841164961e-06,-5.428529612322474e-06,0.09724865825297924,1.2436150309548051e-06,-2.004422969577107e-06,1.1635159349595334,-0.0006304993518887044,-0.0016078514182624724,0.2,0.0,0.0,0.0,0.0,2.962962962962963,2.962962962962963,8.000975729949289e-06,1.2608313022965945e-05,1.5729542359554152,1.6984688060190918,-0.0030454868590877766,0.0007923383854484569
X+,10.0,7.6,41.616751837002084,0.0,1.1606008338643403,0.0002781344481359088,0.0007911593932330208,0.1549647737519679,0.00043731848259685773,-0.0006181082278623952,1.1730232901080162,3.358596841164961e-06,-5.428529612322474e-06,0.09724865825297924,1.2436150309548051e-06,-2.004422969577107e-06,1.1635159349595334,-0.0006304993518887044,-0.0016078514182624724,0.2,0.0,0.0,0.0,0.0,2.962962962962963,2.962962962962963,8.000975729949289e-06,1.2608313022965945e-05,1.5729542359554152,1.6984688060190918,-0.0030454868590877766,0.0007923383854484569
X+,10.0,7.6,41.64243591400009,0.0,1.1606008338643403,0.0002781344481359088,0.0007911593932330208,0.1549647737519679,0.00043731848259685773,-0.0006181082278623952,1.1730232901080162,3.358596841164961e-06,-5.428529612322474e-06,0.09724865825297924,1.2436150309548051e-06,-2.004422969577107e-06,1.1635159349595334,-0.0006304993518887044,-0.0016078514182624724,0.2,0.0,0.0,0.0,0.0,2.962962962962963,2.962962962962963,8.000975729949289e-06,1.2608313022965945e-05,1.5729542359554152,1.6984688060190918,-0.0030454868590877766,0.0007923383854484569
X+,10.0,7.6,41.666661811002996,0.0,1.1606008338643403,0.0002781344481359088,0.0007911593932330208,0.1549647737519679,0.00043731848259685773,-0.0006181082278623952,1.1730232901080162,3.358596841164961e-06,-5.428529612322474e-06,0.09724865825297924,1.2436150309548051e-06,-2.004422969577107e-06,1.1635159349595334,-0.0006304993518887044,-0.0016078514182624724,0.2,0.0,0.0,0.0,0.0,2.962962962962963,2.962962962962963,8.000975729949289e-06,1.2608313022965945e-05,1.5729542359554152,1.6984688060190918,-0.0030454868590877766,0.0007923383854484569
X+,10.0,7.6,41.70366334800201,0.0,1.1606008338643403,0.0002781344481359088,0.0007911593932330208,0.1549647737519679,0.00043731848259685773,-0.0006181082278623952,1.1730232901080162,3.358596841164961e-06,-5.428529612322474e-06,0.09724865825297924,1.2436150309548051e-06,-2.004422969577107e-06,1.1635159349595334,-0.0006304993518887044,-0.0016078514182624724,0.2,0.0,0.0,0.0,0.0,2.962962962962963,2.962962962962963,8.000975729949289e-06,1.2608313022965945e-05,1.5729542359554152,1.6984688060190918,-0.0030454868590877766,0.0007923383854484569
X+,10.0,7.6,41.730507258002035,0.0,1.1606008338643403,0.0002781344481359088,0.0007911593932330208,0.1549647737519679,0.00043731848259685773,-0.0006181082278623952,1.1730232901080162,3.358596841164961e-06,-5.428529612322474e-06,0.09724865825297924,1.2436150309548051e-06,-2.004422969577107e-06,1.1635159349595334,-0.0006304993518887044,-0.0016078514182624724,0.2,0.0,0.0,0.0,0.0,2.962962962962963,2.962962962962963,8.000975729949289e-06,1.2608313022965945e-05,1.5729542359554152,1.6984688060190918,-0.0030454868590877766,0.0007923383854484569
X+,10.0,7.6,41.75965086600263,0.0,1.1606008338643403,0.0002781344481359088,0.0007911593932330208,0.1549647737519679,0.00043731848259685773,-0.0006181082278623952,1.1730232901080162,3.358596841164961e-06,-5.428529612322474e-06,0.09724865825297924,1.2436150309548051e-06,-2.004422969577107e-06,1.1635159349595334,-0.0006304993518887044,-0.0016078514182624724,0.2,0.0,0.0,0.0,0.0,2.962962962962963,2.962962962962963,8.000975729949289e-06,1.2608313022965945e-05,1.5729542359554152,1.6984688060190918,-0.0030454868590877766,0.0007923383854484569
X+,10.0,7.6,41.78860005300157,0.0,1.1606008338643403,0.0002781344481359088,0.0007911593932330208,0.1549647737519679,0.00043731848259685773,-0.0006181082278623952,1.1730232901080162,3.358596841164961e-06,-5.428529612322474e-06,0.09724865825297924,1.2436150309548051e-06,-2.004422969577107e-06,1.1635159349595334,-0.0006304993518887044,-0.0016078514182624724,0.2,0.0,0.0,0.0,0.0,2.962962962962963,2.962962962962963,8.000975729949289e-06,1.2608313022965945e-05,1.5729542359554152,1.6984688060190918,-0.0030454868590877766,0.0007923383854484569
X+,10.0,7.6,41.818197203003365,0.0,1.1606008338643403,0.0002781344481359088,0.0007911593932330208,0.1549647737519679,0.00043731848259685773,-0.0006181082278623952,1.1730232901080162,3.358596841164961e-06,-5.428529612322474e-06,0.09724865825297924,1.2436150309548051e-06,-2.004422969577107e-06,1.1635159349595334,-0.0006304993518887044,-0.0016078514182624724,0.2,0.0,0.0,0.0,0.0,2.962962962962963,2.962962962962963,8.000975729949289e-06,1.2608313022965945e-05,1.5729542359554152,1.6984688060190918,-0.0030454868590877766,0.0007923383854484569
X+,10.0,7.6,41.843158586001664,0.0,1.1606008338643403,0.0002781344481359088,0.0007911593932330208,0.1549647737519679,0.00043731848259685773,-0.0006181082278623952,1.1730232901080162,3.358596841164961e-06,-5.428529612322474e-06,0.09724865825297924,1.2436150309548051e-06,-2.004422969577107e-06,1.1635159349595334,-0.0006304993518887044,-0.0016078514182624724,0.2,0.0,0.0,0.0,0.0,2.962962962962963,2.962962962962963,8.000975729949289e-06,1.2608313022965945e-05,1.5729542359554152,1.6984688060190918,-0.0030454868590877766,0.0007923383854484569
X+,10.0,7.6,41.876088098000764,0.0,1.1606008338643403,0.0002781344481359088,0.0007911593932330208,0.1549647737519679,0.00043731848259685773,-0.0006181082278623952,1.1730232901080162,3.358596841164961e-06,-5.428529612322474e-06,0.09724865825297924,1.2436150309548051e-06,-2.004422969577107e-06,1.1635159349595334,-0.0006304993518887044,-0.0016078514182624724,0.2,0.0,0.0,0.0,0.0,2.962962962962963,2.962962962962963,8.000975729949289e-06,1.2608313022965945e-05,1.5729542359554152,1.6984688060190918,-0.0030454868590877766,0.0007923383854484569
X+,10.0,7.6,41.908436290999816,0.0,1.1606008338643403,0.0002781344481359088,0.0007911593932330208,0.1549647737519679,0.00043731848259685773,-0.0006181082278623952,1.1730232901080162,3.358596841164961e-06,-5.428529612322474e-06,0.09724865825297924,1.2436150309548051e-06,-2.004422969577107e-06,1.1635159349595334,-0.0006304993518887044,-0.0016078514182624724,0.2,0.0,0.0,0.0,0.0,2.962962962962963,2.962962962962963,8.000975729949289e-06,1.2608313022965945e-05,1.5729542359554152,1.6984688060190918,-0.0030454868590877766,0.0007923383854484569
X+,10.0,7.6,41.933421516001545,0.0,1.1606008338643403,0.0002781344481359088,0.0007911593932330208,0.1549647737519679,0.00043731848259685773,-0.0006181082278623952,1.1730232901080162,3.358596841164961e-06,-5.428529612322474e-06,0.09724865825297924,1.2436150309548051e-06,-2.004422969577107e-06,1.1635159349595334,-0.0006304993518887044,-0.0016078514182624724,0.2,0.0,0.0,0.0,0.0,2.962962962962963,2.962962962962963,8.000975729949289e-06,1.2608313022965945e-05,1.5729542359554152,1.6984688060190918,-0.0030454868590877766,0.0007923383854484569
X+,10.0,7.6,41.956556750003074,0.0,1.161067473173051,0.0002784533350026451,0.0007906745259768398,0.15606182215740733,0.00044310212508442363,-0.0006533632281584829,1.1730232901080162,3.358596841164961e-06,-5.428529612322474e-06,0.09724865825297924,1.2436150309548051e-06,-2.004422969577107e-06,1.1635159349595334,-0.0006304993518887044,-0.0016078514182624724,0.2,0.0,0.0,0.0,0.0,2.962962962962963,2.962962962962963,8.000975729949289e-06,1.2608313022965945e-05,1.5729542359554152,1.6984688060190918,-0.0030454868590877766,0.0007923383854484569
X+,10.0,7.6,41.98540879000211,0.0,1.1631260667148173,0.0002799479864775481,0.0007883095523915936,0.16050450127742832,0.0004474017320741805,-0.0007359588478071371,1.1730232901080162,3.358596841164961e-06,-5.428529612322474e-06,0.09724865825297924,1.2436150309548051e-06,-2.004422969577107e-06,1.1635159349595334,-0.0006304993518887044,-0.0016078514182624724,0.2,0.0,0.0,0.0,0.0,2.962962962962963,2.962962962962963,5.594036044165307e-06,8.902905677565798e-06,1.7110985154826188,1.8265877171393596,-0.0029753565834170674,0.0007886840984392913
X+,10.0,7.6,42.013641596000525,0.0,1.1665638551069526,0.0002823453969811049,0.000784603906078047,0.1666439800202049,0.0004330576957602589,-0.0007997031588409114,1.1730232901080162,3.358596841164961e-06,-5.428529612322474e-06,0.09724865825297924,1.2436150309548051e-06,-2.004422969577107e-06,1.1635159349595334,-0.0006304993518887044,-0.0016078514182624724,0.2,0.0,0.0,0.0,0.0,2.962962962962963,2.962962962962963,5.1431130350110266e-06,6.116903992214873e-06,1.8464989478453167,1.9491078307470058,-7.842353083000668e-05,0.000784603906078047
X+,10.0,7.6,42.049354165003024,0.0,1.1690920631869166,0.0002840185850420127,0.00078205070333023,0.17029923208267744,0.0004283036355775289,-0.0008438494161954748,1.1730232901080162,3.358596841164961e-06,-5.428529612322474e-06,0.09724865825297924,1.2436150309548051e-06,-2.004422969577107e-06,1.1635159349595334,-0.0006304993518887044,-0.0016078514182624724,0.2,0.0,0.0,0.0,0.0,2.962962962962963,2.962962962962963,4.918630067685115e-06,1.1281421013364934e-05,1.9099618283219395,2.0063043669673575,-0.0012513627235657499,0.0007829273347735113
X+,10.0,7.6,42.082807471000706,0.0,1.1713244573829982,0.00028556818556803136,0.0007795836025047294,0.1730213957551348,0.00041784755496069594,-0.0008185259830437203,1.186198511910852,3.349067623735156e-06,-5.460845152492473e-06,0.13175221802693518,6.199286427559527e-07,-3.2315540169999135e-07,1.1806415271599484,-0.0006599507424075459,-0.0019287425419904915,0.2,0.0,0.0,0.0,0.0,2.962962962962963,2.962962962962963,4.052376258556478e-06,5.3319257053985325e-06,2.0259386712568075,2.1107086765742937,-0.0017442421522105367,0.000781202977716001
X+,10.100000000000001,7.700000000000001,42.11456329900102,0.10000000000000142,1.1753518121410635,0.0002882599645702552,0.0007765544636974286,0.1769392760064539,0.0003858180767225736,-0.0007114808626194587,1.186198511910852,3.349067623735156e-06,-5.460845152492473e-06,0.13175221802693518,6.199286427559527e-07,-3.2315540169999135e-07,1.1806415271599484,-0.0006599507424075459,-0.0019287425419904915,0.2,0.0,0.0,0.0,0.0,2.962962962962963,2.962962962962963,-3.842940555998098e-06,-4.925389951893067e-06,2.1265623019869335,2.2011300291157823,-0.0008853677348971425,0.0007773554542311845
X+,10.100000000000001,7.700000000000001,42.14592887500112,0.0,1.1774856586936364,0.00028982181692507273,0.0007756258075205056,0.1785829805636514,0.0004138315741955014,-0.0005820281984413298,1.186198511910852,3.349067623735156e-06,-5.460845152492473e-06,0.13175221802693518,6.199286427559527e-07,-3.2315540169999135e-07,1.1806415271599484,-0.0006599507424075459,-0.0019287425419904915,0.2,0.0,0.0,0.0,0.0,2.962962962962963,2.962962962962963,-7.229218112136948e-06,-4.882870245914717e-06,2.170987934435717,2.2414276811556433,0.001528593314491383,0.0007756258075205056
X+,10.100000000000001,7.700000000000001,42.183490907002124,0.0,1.1774856586936364,0.00028982181692507273,0.0007756258075205056,0.1785829805636514,0.0004138315741955014,-0.0005820281984413298,1.186198511910852,3.349067623735156e-06,-5.460845152492473e-06,0.13175221802693518,6.199286427559527e-07,-3.2315540169999135e-07,1.1806415271599484,-0.0006599507424075459,-0.0019287425419904915,0.2,0.0,0.0,0.0,0.0,2.962962962962963,2.962962962962963,-7.229218112136948e-06,-4.882870245914717e-06,2.170987934435717,2.2414276811556433,0.001528593314491383,0.0007756258075205056
X+,10.100000000000001,7.700000000000001,42.215087831002165,0.0,1.1774856586936364,0.00028982181692507273,0.0007756258075205056,0.1785829805636514,0.0004138315741955014,-0.0005820281984413298,1.186198511910852,3.349067623735156e-06,-5.460845152492473e-06,0.13175221802693518,6.199286427559527e-07,-3.2315540169999135e-07,1.1806415271599484,-0.0006599507424075459,-0.0019287425419904915,0.2,0.0,0.0,0.0,0.0,2.962962962962963,2.962962962962963,-7.229218112136948e-06,-4.882870245914717e-06,2.170987934435717,2.2414276811556433,0.001528593314491383,0.0007756258075205056
X+,10.100000000000001,7.700000000000001,42.24300114300058,0.0,1.1774856586936364,0.00028982181692507273,0.0007756258075205056,0.1785829805636514,0.0004138315741955014,-0.0005820281984413298,1.186198511910852,3.349067623735156e-06,-5.460845152492473e-06,0.13175221802693518,6.199286427559527e-07,-3.2315540169999135e-07,1.1806415271599484,-0.0006599507424075459,-0.0019287425419904915,0.2,0.0,0.0,0.0,0.0,2.962962962962963,2.962962962962963,-7.229218112136948e-06,-4.882870245914717e-06,2.170987934435717,2.2414276811556433,0.001528593314491383,0.0007756258075205056
X+,10.100000000000001,7.700000000000001,42.26902438600155,0.0,1.1774856586936364,0.00028982181692507273,0.0007756258075205056,0.1785829805636514,0.0004138315741955014,-0.0005820281984413298,1.186198511910852,3.349067623735156e-06,-5.460845152492473e-06,0.13175221802693518,6.199286427559527e-07,-3.2315540169999135e-07,1.1806415271599484,-0.0006599507424075459,-0.0019287425419904915,0.2,0.0,0.0,0.0,0.0,2.962962962962963,2.962962962962963,-7.229218112136948e-06,-4.882870245914717e-06,2.170987934435717,2.2414276811556433,0.001528593314491383,0.0007756258075205056
X+,10.100000000000001,7.700000000000001,42.29886501400324,0.0,1.1774856586936364,0.00028982181692507273,0.0007756258075205056,0.1785829805636514,0.0004138315741955014,-0.0005820281984413298,1.186198511910852,3.349067623735156e-06,-5.460845152492473e-06,0.13175221802693518,6.199286427559527e-07,-3.2315540169999135e-07,1.1806415271599484,-0.0006599507424075459,-0.0019287425419904915,0.2,0.0,0.0,0.0,0.0,2.962962962962963,2.962962962962963,-7.229218112136948e-06,-4.882870245914717e-06,2.170987934435717,2.2414276811556433,0.001528593314491383,0.0007756258075205056
X+,10.100000000000001,7.700000000000001,42.3264333570005,0.0,1.1774856586936364,0.00028982181692507273,0.0007756258075205056,0.1785829805636514,0.0004138315741955014,-0.0005820281984413298,1.186198511910852,3.349067623735156e-06,-5.460845152492473e-06,0.13175221802693518,6.199286427559527e-07,-3.2315540169999135e-07,1.1806415271599484,-0.0006599507424075459,-0.0019287425419904915,0.2,0.0,0.0,0.0,0.0,2.962962962962963,2.962962962962963,-7.229218112136948e-06,-4.882870245914717e-06,2.170987934435717,2.2414276811556433,0.001528593314491383,0.0007756258075205056
X+,10.100000000000001,7.700000000000001,42.354805718001444,0.0,1.1774856586936364,0.00028982181692507273,0.0007756258075205056,0.1785829805636514,0.0004138315741955014,-0.0005820281984413298,1.186198511910852,3.349067623735156e-06,-5.460845152492473e-06,0.13175221802693518,6.199286427559527e-07,-3.2315540169999135e-07,1.1806415271599484,-0.0006599507424075459,-0.0019287425419904915,0.2,0.0,0.0,0.0,0.0,2.962962962962963,2.962962962962963,-7.229218112136948e-06,-4.882870245914717e-06,2.170987934435717,2.2414276811556433,0.001528593314491383,0.0007756258075205056
X+,10.100000000000001,7.700000000000001,42.38191484300114,0.0,1.1774856586936364,0.00028982181692507273,0.0007756258075205056,0.1785829805636514,0.0004138315741955014,-0.0005820281984413298,1.186198511910852,3.349067623735156e-06,-5.460845152492473e-06,0.13175221802693518,6.199286427559527e-07,-3.2315540169999135e-07,1.1806415271599484,-0.0006599507424075459,-0.0019287425419904915,0.2,0.0,0.0,0.0,0.0,2.962962962962963,2.962962962962963,-7.229218112136948e-06,-4.882870245914717e-06,2.170987934435717,2.2414276811556433,0.001528593314491383,0.0007756258075205056
X+,10.100000000000001,7.700000000000001,42.41006990500318,0.0,1.1774856586936364,0.00028982181692507273,0.0007756258075205056,0.1785829805636514,0.0004138315741955014,-0.0005820281984413298,1.186198511910852,3.349067623735156e-06,-5.460845152492473e-06,0.13175221802693518,6.199286427559527e-07,-3.2315540169999135e-07,1.1806415271599484,-0.0006599507424075459,-0.0019287425419904915,0.2,0.0,0.0,0.0,0.0,2.962962962962963,2.962962962962963,-7.229218112136948e-06,-4.882870245914717e-06,2.170987934435717,2.2414276811556433,0.001528593314491383,0.0007756258075205056
X+,10.100000000000001,7.700000000000001,42.4377388890025,0.0,1.1774856586936364,0.00028982181692507273,0.0007756258075205056,0.1785829805636514,0.0004138315741955014,-0.0005820281984413298,1.186198511910852,3.349067623735156e-06,-5.460845152492473e-06,0.13175221802693518,6.199286427559527e-07,-3.2315540169999135e-07,1.1806415271599484,-0.0006599507424075459,-0.0019287425419904915,0.2,0.0,0.0,0.0,0.0,2.962962962962963,2.962962962962963,-7.229218112136948e-06,-4.882870245914717e-06,2.170987934435717,2.2414276811556433,0.001528593314491383,0.0007756258075205056
X+,10.100000000000001,7.700000000000001,42.47115230400232,0.0,1.1774856586936364,0.00028982181692507273,0.0007756258075205056,0.1785829805636514,0.0004138315741955014,-0.0005820281984413298,1.186198511910852,3.349067623735156e-06,-5.460845152492473e-06,0.13175221802693518,6.199286427559527e-07,-3.2315540169999135e-07,1.1806415271599484,-0.0006599507424075459,-0.0019287425419904915,0.2,0.0,0.0,0.0,0.0,2.962962962962963,2.962962962962963,-7.229218112136948e-06,-4.882870245914717e-06,2.170987934435717,2.2414276811556433,0.001528593314491383,0.0007756258075205056
X+,10.100000000000001,7.700000000000001,42.50085578900325,0.0,1.1774856586936364,0.00028982181692507273,0.0007756258075205056,0.1785829805636514,0.0004138315741955014,-0.0005820281984413298,1.186198511910852,3.349067623735156e-06,-5.460845152492473e-06,0.13175221802693518,6.199286427559527e-07,-3.2315540169999135e-07,1.1806415271599484,-0.0006599507424075459,-0.0019287425419904915,0.2,0.0,0.0,0.0,0.0,2.962962962962963,2.962962962962963,-7.229218112136948e-06,-4.882870245914717e-06,2.170987934435717,2.2414276811556433,0.001528593314491383,0.0007756258075205056
X+,10.100000000000001,7.700000000000001,42.53039734400227,0.0,1.179457845603053,0.0002913865524355654,0.0007756446844972717,0.1798771139328209,0.00040916320700975936,-0.0006250537219518772,1.186198511910852,3.349067623735156e-06,-5.460845152492473e-06,0.13175221802693518,6.199286427559527e-07,-3.2315540169999135e-07,1.1806415271599484,-0.0006599507424075459,-0.0019287425419904915,0.2,0.0,0.0,0.0,0.0,2.962962962962963,2.962962962962963,-3.715979103979805e-06,-5.1505514200300695e-06,2.212180130801026,2.2785809727872897,-0.004415940731559336,0.0007757197283712828
X+,10.100000000000001,7.700000000000001,42.57740067100167,0.0,1.183258004614103,0.0002943009053629885,0.0007746467162504749,0.18184326012026986,0.0003602387998436291,-0.000514579610322638,1.186198511910852,3.349067623735156e-06,-5.460845152492473e-06,0.13175221802693518,6.199286427559527e-07,-3.2315540169999135e-07,1.1806415271599484,-0.0006599507424075459,-0.0019287425419904915,0.2,0.0,0.0,0.0,0.0,2.962962962962963,2.962962962962963,-3.917994862767671e-06,-5.421353336920731e-06,2.2854036411393084,2.3436450445819283,-0.003161557361226671,0.0007747289814719888
X+,10.100000000000001,7.700000000000001,42.60525957000209,0.0,1.1859946727856991,0.0002962669659414491,0.0007744470806035294,0.18289420960300581,0.00036170425870175963,-0.000536861292412699,1.186198511910852,3.349067623735156e-06,-5.460845152492473e-06,0.13175221802693518,6.199286427559527e-07,-3.2315540169999135e-07,1.1806415271599484,-0.0006599507424075459,-0.0019287425419904915,0.2,0.0,0.0,0.0,0.0,2.962962962962963,2.962962962962963,-4.246871498914118e-06,-5.487426244066285e-06,2.3466405232497576,2.398326043805823,0.0009942349629372678,0.000774522470888534
X+,10.100000000000001,7.700000000000001,42.63843161300247,0.0,1.1894806090391137,0.00029877577725128616,0.0007741598812529281,0.18386919828053336,0.00036291952872079985,-0.0005930320529128937,1.201471592676497,3.1902994468030314e-06,-5.430169880954526e-06,0.15273080766284158,-7.536424786747371e-07,3.0675271537947284e-07,1.1977160437331065,-0.0006890495070392007,-0.0018254366550589643,0.2,0.0,0.0,0.0,0.0,2.962962962962963,2.962962962962963,-4.423553772170408e-06,-5.458970675498165e-06,2.397606192627957,2.4434878539748635,0.0025088111589411785,0.000774226880877495
X+,10.200000000000001,7.800000000000001,42.6679472830001,0.09999999999999964,1.1927973289788938,0.00030121714151556435,0.0007735795457125335,0.18448273940118273,0.0003552001275133126,-0.0005995597478679689,1.201471592676497,3.1902994468030314e-06,-5.430169880954526e-06,0.15273080766284158,-7.536424786747371e-07,3.0675271537947284e-07,1.1977160437331065,-0.0006890495070392007,-0.0018254366550589643,0.2,0.0,0.0,0.0,0.0,2.962962962962963,2.962962962962963,-4.310787125483273e-06,-5.388579880083455e-06,2.439805772082864,2.4805532717959453,-0.0004961597618650407,0.0007736788685218316
X+,10.200000000000001,7.800000000000001,42.6991538580005,0.0,1.1964927171755675,0.0003039012147668836,0.0007731270914229715,0.18487060664792768,0.0003493278074980697,-0.0005933683468321047,1.201471592676497,3.1902994468030314e-06,-5.430169880954526e-06,0.15273080766284158,-7.536424786747371e-07,3.0675271537947284e-07,1.1977160437331065,-0.0006890495070392007,-0.0018254366550589643,0.2,0.0,0.0,0.0,0.0,2.962962962962963,2.962962962962963,-4.128262621527767e-06,-5.338648730202067e-06,2.4746601767038787,2.510904248731372,-6.0446204380673e-05,0.0007731970128312999
X+,10.200000000000001,7.800000000000001,42.731512367001415,0.0,1.1968626240457112,0.00030416602417253184,0.0007731202957028981,0.18489450765805704,0.00034918358919593264,-0.0005957228913267003,1.201471592676497,3.1902994468030314e-06,-5.430169880954526e-06,0.15273080766284158,-7.536424786747371e-07,3.0675271537947284e-07,1.1977160437331065,-0.0006890495070392007,-0.0018254366550589643,0.2,0.0,0.0,0.0,0.0,2.962962962962963,2.962962962962963,-4.128262621527767e-06,-5.338648730202067e-06,2.4746601767038787,2.510904248731372,-6.0446204380673e-05,0.0007731970128312999
X+,10.200000000000001,7.800000000000001,42.755360221002775,0.0,1.1968626240457112,0.00030416602417253184,0.0007731202957028981,0.18489450765805704,0.00034918358919593264,-0.0005957228913267003,1.201471592676497,3.1902994468030314e-06,-5.430169880954526e-06,0.15273080766284158,-7.536424786747371e-07,3.0675271537947284e-07,1.1977160437331065,-0.0006890495070392007,-0.0018254366550589643,0.2,0.0,0.0,0.0,0.0,2.962962962962963,2.962962962962963,-4.128262621527767e-06,-5.338648730202067e-06,2.4746601767038787,2.510904248731372,-6.0446204380673e-05,0.0007731970128312999
X+,10.200000000000001,7.800000000000001,42.78804660000242,0.0,1.1968626240457112,0.00030416602417253184,0.0007731202957028981,0.18489450765805704,0.00034918358919593264,-0.0005957228913267003,1.201471592676497,3.1902994468030314e-06,-5.430169880954526e-06,0.15273080766284158,-7.536424786747371e-07,3.0675271537947284e-07,1.1977160437331065,-0.0006890495070392007,-0.0018254366550589643,0.2,0.0,0.0,0.0,0.0,2.962962962962963,2.962962962962963,-4.128262621527767e-06,-5.338648730202067e-06,2.4746601767038787,2.510904248731372,-6.0446204380673e-05,0.0007731970128312999
X+,10.200000000000001,7.800000000000001,42.8218196600028,0.0,1.1968626240457112,0.00030416602417253184,0.0007731202957028981,0.18489450765805704,0.00034918358919593264,-0.0005957228913267003,1.201471592676497,3.1902994468030314e-06,-5.430169880954526e-06,0.15273080766284158,-7.536424786747371e-07,3.0675271537947284e-07,1.1977160437331065,-0.0006890495070392007,-0.0018254366550589643,0.2,0.0,0.0,0.0,0.0,2.962962962962963,2.962962962962963,-4.128262621527767e-06,-5.338648730202067e-06,2.4746601767038787,2.510904248731372,-6.0446204380673e-05,0.0007731970128312999
X+,10.200000000000001,7.800000000000001,42.85454691000268,0.0,1.1968626240457112,0.00030416602417253184,0.0007731202957028981,0.18489450765805704,0.00034918358919593264,-0.0005957228913267003,1.201471592676497,3.1902994468030314e-06,-5.430169880954526e-06,0.15273080766284158,-7.536424786747371e-07,3.0675271537947284e-07,1.1977160437331065,-0.0006890495070392007,-0.0018254366550589643,0.2,0.0,0.0,0.0,0.0,2.962962962962963,2.962962962962963,-4.128262621527767e-06,-5.338648730202067e-06,2.4746601767038787,2.510904248731372,-6.0446204380673e-05,0.0007731970128312999
X+,10.200000000000001,7.800000000000001,42.88595728800283,0.0,1.1968626240457112,0.00030416602417253184,0.0007731202957028981,0.18489450765805704,0.00034918358919593264,-0.0005957228913267003,1.201471592676497,3.1902994468030314e-06,-5.430169880954526e-06,0.15273080766284158,-7.536424786747371e-07,3.0675271537947284e-07,1.1977160437331065,-0.0006890495070392007,-0.0018254366550589643,0.2,0.0,0.0,0.0,0.0,2.962962962962963,2.962962962962963,-4.128262621527767e-06,-5.338648730202067e-06,2.4746601767038787,2.510904248731372,-6.0446204380673e-05,0.0007731970128312999
X+,10.200000000000001,7.800000000000001,42.9117569700029,0.0,1.1968626240457112,0.00030416602417253184,0.0007731202957028981,0.18489450765805704,0.00034918358919593264,-0.0005957228913267003,1.201471592676497,3.1902994468030314e-06,-5.430169880954526e-06,0.15273080766284158,-7.536424786747371e-07,3.0675271537947284e-07,1.1977160437331065,-0.0006890495070392007,-0.0018254366550589643,0.2,0.0,0.0,0.0,0.0,2.962962962962963,2.962962962962963,-4.128262621527767e-06,-5.338648730202067e-06,2.4746601767038787,2.510904248731372,-6.0446204380673e-05,0.0007731970128312999
X+,10.200000000000001,7.800000000000001,42.944330987000285,0.0,1.1968626240457112,0.00030416602417253184,0.0007731202957028981,0.18489450765805704,0.00034918358919593264,-0.0005957228913267003,1.201471592676497,3.1902994468030314e-06,-5.430169880954526e-06,0.15273080766284158,-7.536424786747371e-07,3.0675271537947284e-07,1.1977160437331065,-0.0006890495070392007,-0.0018254366550589643,0.2,0.0,0.0,0.0,0.0,2.962962962962963,2.962962962962963,-4.128262621527767e-06,-5.338648730202067e-06,2.4746601767038787,2.510904248731372,-6.0446204380673e-05,0.0007731970128312999
X+,10.200000000000001,7.800000000000001,42.97003279100318,0.0,1.1968626240457112,0.00030416602417253184,0.0007731202957028981,0.18489450765805704,0.00034918358919593264,-0.0005957228913267003,1.201471592676497,3.1902994468030314e-06,-5.430169880954526e-06,0.15273080766284158,-7.536424786747371e-07,3.0675271537947284e-07,1.1977160437331065,-0.0006890495070392007,-0.0018254366550589643,0.2,0.0,0.0,0.0,0.0,2.962962962962963,2.962962962962963,-4.128262621527767e-06,-5.338648730202067e-06,2.4746601767038787,2.510904248731372,-6.0446204380673e-05,0.0007731970128312999
X+,10.200000000000001,7.800000000000001,42.99623817900283,0.0,1.1968626240457112,0.00030416602417253184,0.0007731202957028981,0.18489450765805704,0.00034918358919593264,-0.0005957228913267003,1.201471592676497,3.1902994468030314e-06,-5.430169880954526e-06,0.15273080766284158,-7.536424786747371e-07,3.0675271537947284e-07,1.1977160437331065,-0.0006890495070392007,-0.0018254366550589643,0.2,0.0,0.0,0.0,0.0,2.962962962962963,2.962962962962963,-4.128262621527767e-06,-5.338648730202067e-06,2.4746601767038787,2.510904248731372,-6.0446204380673e-05,0.0007731970128312999
X+,10.200000000000001,7.800000000000001,43.02474294700005,0.0,1.1968626240457112,0.00030416602417253184,0.0007731202957028981,0.18489450765805704,0.00034918358919593264,-0.0005957228913267003,1.201471592676497,3.1902994468030314e-06,-5.430169880954526e-06,0.15273080766284158,-7.536424786747371e-07,3.0675271537947284e-07,1.1977160437331065,-0.0006890495070392007,-0.0018254366550589643,0.2,0.0,0.0,0.0,0.0,2.962962962962963,2.962962962962963,-4.128262621527767e-06,-5.338648730202067e-06,2.4746601767038787,2.510904248731372,-6.0446204380673e-05,0.0007731970128312999
X+,10.200000000000001,7.800000000000001,43.05296241200267,0.0,1.1968626240457112,0.00030416602417253184,0.0007731202957028981,0.18489450765805704,0.00034918358919593264,-0.0005957228913267003,1.201471592676497,3.1902994468030314e-06,-5.430169880954526e-06,0.15273080766284158,-7.536424786747371e-07,3.0675271537947284e-07,1.1977160437331065,-0.0006890495070392007,-0.0018254366550589643,0.2,0.0,0.0,0.0,0.0,2.962962962962963,2.962962962962963,-4.128262621527767e-06,-5.338648730202067e-06,2.4746601767038787,2.510904248731372,-6.0446204380673e-05,0.0007731970128312999
X+,10.200000000000001,7.800000000000001,43.08040327400158,0.0,1.1968626240457112,0.00030416602417253184,0.0007731202957028981,0.18489450765805704,0.00034918358919593264,-0.0005957228913267003,1.201471592676497,3.1902994468030314e-06,-5.430169880954526e-06,0.15273080766284158,-7.536424786747371e-07,3.0675271537947284e-07,1.1977160437331065,-0.0006890495070392007,-0.0018254366550589643,0.2,0.0,0.0,0.0,0.0,2.962962962962963,2.962962962962963,-4.128262621527767e-06,-5.338648730202067e-06,2.4746601767038787,2.510904248731372,-6.0446204380673e-05,0.0007731970128312999
X+,10.200000000000001,7.800000000000001,43.11297396200098,0.0,1.1968626240457112,0.00030416602417253184,0.0007731202957028981,0.18489450765805704,0.00034918358919593264,-0.0005957228913267003,1.201471592676497,3.1902994468030314e-06,-5.430169880954526e-06,0.15273080766284158,-7.536424786747371e-07,3.0675271537947284e-07,1.1977160437331065,-0.0006890495070392007,-0.0018254366550589643,0.2,0.0,0.0,0.0,0.0,2.962962962962963,2.962962962962963,-4.128262621527767e-06,-5.338648730202067e-06,2.4746601767038787,2.510904248731372,-6.0446204380673e-05,0.0007731970128312999
X+,10.200000000000001,7.800000000000001,43.14277573200161,0.0,1.1968626240457112,0.00030416602417253184,0.0007731202957028981,0.18489450765805704,0.00034918358919593264,-0.0005957228913267003,1.201471592676497,3.1902994468030314e-06,-5.430169880954526e-06,0.15273080766284158,-7.536424786747371e-07,3.0675271537947284e-07,1.1977160437331065,-0.0006890495070392007,-0.0018254366550589643,0.2,0.0,0.0,0.0,0.0,2.962962962962963,2.962962962962963,-4.128262621527767e-06,-5.338648730202067e-06,2.4746601767038787,2.510904248731372,-6.0446204380673e-05,0.0007731970128312999
X+,10.200000000000001,7.800000000000001,43.17980802000238,0.0,1.2007485981015225,0.0003069800376327668,0.0007726859585651067,0.18500399033738238,0.0003499408826688811,-0.0006120320246477318,1.201471592676497,3.1902994468030314e-06,-5.430169880954526e-06,0.15273080766284158,-7.536424786747371e-07,3.0675271537947284e-07,1.1977160437331065,-0.0006890495070392007,-0.0018254366550589643,0.2,0.0,0.0,0.0,0.0,2.962962962962963,2.962962962962963,-3.8314897210511845e-06,-5.302606755464012e-06,2.5033733317976394,2.5356612528130675,-0.0014423000638021967,0.0007727176885337244
X+,10.200000000000001,7.800000000000001,43.21011091000037,0.0,1.2029694502748345,0.00030860586268864534,0.0007724621736603505,0.18496335052391483,0.00035140835414964493,-0.0006178210505468264,1.201471592676497,3.1902994468030314e-06,-5.430169880954526e-06,0.15273080766284158,-7.536424786747371e-07,3.0675271537947284e-07,1.1977160437331065,-0.0006890495070392007,-0.0018254366550589643,0.2,0.0,0.0,0.0,0.0,2.962962962962963,2.962962962962963,-3.6981611861719443e-06,-5.296638983409707e-06,2.515736068366949,2.5462297606276723,0.002323668226064545,0.00077252987763705
X+,10.200000000000001,7.800000000000001,43.24599588700221,0.0,1.2061140478012713,0.00031092191091825795,0.0007721637266061899,0.18479771619532687,0.00035083522200817055,-0.0006252090562914168,1.201471592676497,3.1902994468030314e-06,-5.430169880954526e-06,0.15273080766284158,-7.536424786747371e-07,3.0675271537947284e-07,1.1977160437331065,-0.0006890495070392007,-0.0018254366550589643,0.2,0.0,0.0,0.0,0.0,2.962962962962963,2.962962962962963,-7.510255946918676e-06,-5.260969119014192e-06,2.5370820142781887,2.564260787202344,-0.0009061141816961197,0.0007721637266061899
X+,10.200000000000001,7.800000000000001,43.272073842999816,0.0,1.2088857032817395,0.00031298110259839456,0.00077191530056361,0.1845612400872193,0.00035105095769678125,-0.0006282484553306496,1.217719369498069,2.9984166052335384e-06,-5.489228907789794e-06,0.16247776822374585,-1.036546532381254e-06,-5.905902683526762e-07,1.212576597647878,-0.0007153535448095423,-0.0018324069249819888,0.2,0.0,0.0,0.0,0.0,2.962962962962963,2.962962962962963,-3.6206968658802907e-06,-5.248494532317238e-06,2.546249051907241,2.571908274888138,0.005989419343277,0.0007719887450446689
X+,10.3,7.9,43.300161176000984,0.09999999999999964,1.2114689683941589,0.00031491336461159786,0.0007717169812293209,0.1842755999873711,0.00035080966451884847,-0.0006300642986063565,1.217719369498069,2.9984166052335384e-06,-5.489228907789794e-06,0.16247776822374585,-1.036546532381254e-06,-5.905902683526762e-07,1.212576597647878,-0.0007153535448095423,-0.0018324069249819888,0.2,0.0,0.0,0.0,0.0,2.962962962962963,2.962962962962963,-3.4483632029846945e-06,-5.218504298021287e-06,2.5620289919845076,2.5848635840194247,-0.0014617618376277918,0.0007717169812293209
X+,10.3,7.9,43.32410944300136,0.0,1.214599908254372,0.00031726788342086205,0.0007714782905910969,0.18385751754050408,0.0003499522759706688,-0.0006250457106595039,1.217719369498069,2.9984166052335384e-06,-5.489228907789794e-06,0.16247776822374585,-1.036546532381254e-06,-5.905902683526762e-07,1.212576597647878,-0.0007153535448095423,-0.0018324069249819888,0.2,0.0,0.0,0.0,0.0,2.962962962962963,2.962962962962963,-6.079404366587937e-06,-5.200834364949003e-06,2.5687897651732867,2.590304810752267,-0.003499849146776088,0.0007715663904735661
X+,10.3,7.9,43.3492802030014,0.0,1.2153355375058237,0.00031782703058574717,0.0007714359095309494,0.18374916321748602,0.0003493226656955215,-0.0006247315742662944,1.217719369498069,2.9984166052335384e-06,-5.489228907789794e-06,0.16247776822374585,-1.036546532381254e-06,-5.905902683526762e-07,1.212576597647878,-0.0007153535448095423,-0.0018324069249819888,0.2,0.0,0.0,0.0,0.0,2.962962962962963,2.962962962962963,-3.5833465830137357e-06,-5.188754741425328e-06,2.5748922620065304,2.5951476289450244,6.569142745774725e-06,0.0007714359095309494
X+,10.3,7.9,43.377220895999926,0.0,1.2153355375058237,0.00031782703058574717,0.0007714359095309494,0.18374916321748602,0.0003493226656955215,-0.0006247315742662944,1.217719369498069,2.9984166052335384e-06,-5.489228907789794e-06,0.16247776822374585,-1.036546532381254e-06,-5.905902683526762e-07,1.212576597647878,-0.0007153535448095423,-0.0018324069249819888,0.2,0.0,0.0,0.0,0.0,2.962962962962963,2.962962962962963,-3.5833465830137357e-06,-5.188754741425328e-06,2.5748922620065304,2.5951476289450244,6.569142745774725e-06,0.0007714359095309494
X+,10.3,7.9,43.40501122400019,0.0,1.2153355375058237,0.00031782703058574717,0.0007714359095309494,0.18374916321748602,0.0003493226656955215,-0.0006247315742662944,1.217719369498069,2.9984166052335384e-06,-5.489228907789794e-06,0.16247776822374585,-1.036546532381254e-06,-5.905902683526762e-07,1.212576597647878,-0.0007153535448095423,-0.0018324069249819888,0.2,0.0,0.0,0.0,0.0,2.962962962962963,2.962962962962963,-3.5833465830137357e-06,-5.188754741425328e-06,2.5748922620065304,2.5951476289450244,6.569142745774725e-06,0.0007714359095309494
X+,10.3,7.9,43.432141502002196,0.0,1.2153355375058237,0.00031782703058574717,0.0007714359095309494,0.18374916321748602,0.0003493226656955215,-0.0006247315742662944,1.217719369498069,2.9984166052335384e-06,-5.489228907789794e-06,0.16247776822374585,-1.036546532381254e-06,-5.905902683526762e-07,1.212576597647878,-0.0007153535448095423,-0.0018324069249819888,0.2,0.0,0.0,0.0,0.0,2.962962962962963,2.962962962962963,-3.5833465830137357e-06,-5.188754741425328e-06,2.5748922620065304,2.5951476289450244,6.569142745774725e-06,0.0007714359095309494
X+,10.3,7.9,43.46162431700213,0.0,1.2153355375058237,0.00031782703058574717,0.0007714359095309494,0.18374916321748602,0.0003493226656955215,-0.0006247315742662944,1.217719369498069,2.9984166052335384e-06,-5.489228907789794e-06,0.16247776822374585,-1.036546532381254e-06,-5.905902683526762e-07,1.212576597647878,-0.0007153535448095423,-0.0018324069249819888,0.2,0.0,0.0,0.0,0.0,2.962962962962963,2.962962962962963,-3.5833465830137357e-06,-5.188754741425328e-06,2.5748922620065304,2.5951476289450244,6.569142745774725e-06,0.0007714359095309494
X+,10.3,7.9,43.49134923400197,0.0,1.2153355375058237,0.00031782703058574717,0.0007714359095309494,0.18374916321748602,0.0003493226656955215,-0.0006247315742662944,1.217719369498069,2.9984166052335384e-06,-5.489228907789794e-06,0.16247776822374585,-1.036546532381254e-06,-5.905902683526762e-07,1.212576597647878,-0.0007153535448095423,-0.0018324069249819888,0.2,0.0,0.0,0.0,0.0,2.962962962962963,2.962962962962963,-3.5833465830137357e-06,-5.188754741425328e-06,2.5748922620065304,2.5951476289450244,6.569142745774725e-06,0.0007714359095309494
X+,10.3,7.9,43.522131522000564,0.0,1.2153355375058237,0.00031782703058574717,0.0007714359095309494,0.18374916321748602,0.0003493226656955215,-0.0006247315742662944,1.217719369498069,2.9984166052335384e-06,-5.489228907789794e-06,0.16247776822374585,-1.036546532381254e-06,-5.905902683526762e-07,1.212576597647878,-0.0007153535448095423,-0.0018324069249819888,0.2,0.0,0.0,0.0,0.0,2.962962962962963,2.962962962962963,-3.5833465830137357e-06,-5.188754741425328e-06,2.5748922620065304,2.5951476289450244,6.569142745774725e-06,0.0007714359095309494
X+,10.3,7.9,43.55175158100246,0.0,1.2153355375058237,0.00031782703058574717,0.0007714359095309494,0.18374916321748602,0.0003493226656955215,-0.0006247315742662944,1.217719369498069,2.9984166052335384e-06,-5.489228907789794e-06,0.16247776822374585,-1.036546532381254e-06,-5.905902683526762e-07,1.212576597647878,-0.0007153535448095423,-0.0018324069249819888,0.2,0.0,0.0,0.0,0.0,2.962962962962963,2.962962962962963,-3.5833465830137357e-06,-5.188754741425328e-06,2.5748922620065304,2.5951476289450244,6.569142745774725e-06,0.0007714359095309494
X+,10.3,7.9,43.57688566900106,0.0,1.2153355375058237,0.00031782703058574717,0.0007714359095309494,0.18374916321748602,0.0003493226656955215,-0.0006247315742662944,1.217719369498069,2.9984166052335384e-06,-5.489228907789794e-06,0.16247776822374585,-1.036546532381254e-06,-5.905902683526762e-07,1.212576597647878,-0.0007153535448095423,-0.0018324069249819888,0.2,0.0,0.0,0.0,0.0,2.962962962962963,2.962962962962963,-3.5833465830137357e-06,-5.188754741425328e-06,2.5748922620065304,2.5951476289450244,6.569142745774725e-06,0.0007714359095309494
X+,10.3,7.9,43.60759144500116,0.0,1.2153355375058237,0.00031782703058574717,0.0007714359095309494,0.18374916321748602,0.0003493226656955215,-0.0006247315742662944,1.217719369498069,2.9984166052335384e-06,-5.489228907789794e-06,0.16247776822374585,-1.036546532381254e-06,-5.905902683526762e-07,1.212576597647878,-0.0007153535448095423,-0.0018324069249819888,0.2,0.0,0.0,0.0,0.0,2.962962962962963,2.962962962962963,-3.5833465830137357e-06,-5.188754741425328e-06,2.5748922620065304,2.5951476289450244,6.569142745774725e-06,0.0007714359095309494
X+,10.3,7.9,43.63954786300019,0.0,1.2153355375058237,0.00031782703058574717,0.0007714359095309494,0.18374916321748602,0.0003493226656955215,-0.0006247315742662944,1.217719369498069,2.9984166052335384e-06,-5.489228907789794e-06,0.16247776822374585,-1.036546532381254e-06,-5.905902683526762e-07,1.212576597647878,-0.0007153535448095423,-0.0018324069249819888,0.2,0.0,0.0,0.0,0.0,2.962962962962963,2.962962962962963,-3.5833465830137357e-06,-5.188754741425328e-06,2.5748922620065304,2.5951476289450244,6.569142745774725e-06,0.0007714359095309494
X+,10.3,7.9,43.66571414200007,0.0,1.2153355375058237,0.00031782703058574717,0.0007714359095309494,0.18374916321748602,0.0003493226656955215,-0.0006247315742662944,1.217719369498069,2.9984166052335384e-06,-5.489228907789794e-06,0.16247776822374585,-1.036546532381254e-06,-5.905902683526762e-07,1.212576597647878,-0.0007153535448095423,-0.0018324069249819888,0.2,0.0,0.0,0.0,0.0,2.962962962962963,2.962962962962963,-3.5833465830137357e-06,-5.188754741425328e-06,2.5748922620065304,2.5951476289450244,6.569142745774725e-06,0.0007714359095309494
X+,10.3,7.9,43.68976614900021,0.0,1.217172677469745,0.00031920977411764844,0.0007713302481394752,0.18346344004420137,0.0003485048511086881,-0.0006229303981655966,1.217719369498069,2.9984166052335384e-06,-5.489228907789794e-06,0.16247776822374585,-1.036546532381254e-06,-5.905902683526762e-07,1.212576597647878,-0.0007153535448095423,-0.0018324069249819888,0.2,0.0,0.0,0.0,0.0,2.962962962962963,2.962962962962963,3.4747452408723234e-06,-5.173973002925436e-06,2.580395139320296,2.5994465254371493,6.569142745774725e-06,0.0007714359095309494
X+,10.3,7.9,43.7136183290022,0.0,1.2197397138408381,0.0003211664874585348,0.0007711668051618993,0.1830314225067392,0.00034726695391850115,-0.0006142914564573178,1.217719369498069,2.9984166052335384e-06,-5.489228907789794e-06,0.16247776822374585,-1.036546532381254e-06,-5.905902683526762e-07,1.212576597647878,-0.0007153535448095423,-0.0018324069249819888,0.2,0.0,0.0,0.0,0.0,2.962962962962963,2.962962962962963,-5.23742401004057e-06,-5.162524217894315e-06,2.5853573224959647,2.6032515241694156,-0.0011508202236793013,0.0007711616382821169
X+,10.3,7.9,43.748886001001665,0.0,1.2230309958578092,0.00032368787316479873,0.0007709981207291225,0.18242909637541557,0.00034449434865027584,-0.0006077751517586292,1.217719369498069,2.9984166052335384e-06,-5.489228907789794e-06,0.16247776822374585,-1.036546532381254e-06,-5.905902683526762e-07,1.212576597647878,-0.0007153535448095423,-0.0018324069249819888,0.2,0.0,0.0,0.0,0.0,2.962962962962963,2.962962962962963,3.369135130881773e-06,-5.12926105677991e-06,2.593859349739105,2.6095755275341976,-0.0016399266050921726,0.0007709981207291225
X+,10.3,7.9,43.77382198499981,0.0,1.225401139294669,0.00032550487959608163,0.0007709433983475575,0.18196664514718827,0.0003418265503362551,-0.0005974428920380139,1.217719369498069,2.9984166052335384e-06,-5.489228907789794e-06,0.16247776822374585,-1.036546532381254e-06,-5.905902683526762e-07,1.212576597647878,-0.0007153535448095423,-0.0018324069249819888,0.2,0.0,0.0,0.0,0.0,2.962962962962963,2.962962962962963,3.3812859676629614e-06,-5.125232038771799e-06,2.597488875946202,2.6121698243718767,0.0009592189677611587,0.000770978568158525
X+,10.3,7.9,43.811385003002215,0.0,1.2270384592092214,0.00032676205842771533,0.0007709018198742054,0.18163489605801258,0.0003425140824247242,-0.0005894792469710941,1.234312132458095,2.8926678118700698e-06,-5.2538815534838296e-06,0.16592762960356516,-1.4667319262054397e-07,2.3534735430596407e-06,1.232449682237849,-0.0007519163075012493,-0.0018784578981314586,0.2,0.0,0.0,0.0,0.0,2.962962962962963,2.962962962962963,3.5515274952047093e-06,-5.101801165530162e-06,2.6037133606635963,2.616424024333862,-0.004524260073868413,0.000770865229071652
