run,test,sim_time,gt_x,gt_y,gt_yaw,localization_x,localization_y,localization_yaw,odom_x,odom_y,odom_yaw,cmd_vel_x,cmd_vel_y,cmd_vel_yaw,distance_remaining,action_state
1,X+,1789628619.222602,2.154529452760151e-06,7.297839261111855e-08,6.819324811140244e-05,-5.368541456575286e-05,1.8713995236899127e-08,0.00012341273404281597,-0.0007706739653576067,3.4098951900826906e-09,-4.083167789837753e-10,0.0,0.0,0.0,0.9999460577964783,ACTIVE
1,X+,1789628619.3402665,2.154529452760151e-06,7.297839261111855e-08,6.819324811140244e-05,-5.368541456575286e-05,1.8713995236899127e-08,0.00012341273404281597,-0.0007706739653576067,3.4098951900826906e-09,-4.083167789837753e-10,0.25999999999999984,-0.05500000000000013,0.07894736842105259,0.9999460577964783,ACTIVE
1,X+,1789628619.4565313,2.154529452760151e-06,7.297839261111855e-08,6.819324811140244e-05,-5.368541456575286e-05,1.8713995236899127e-08,0.00012341273404281597,-0.0007706739653576067,3.4098951900826906e-09,-4.083167789837753e-10,0.25999999999999984,-0.05500000000000013,0.07894736842105259,0.9999460577964783,ACTIVE
1,X+,1789628619.5696404,2.154529452760151e-06,7.297839261111855e-08,6.819324811140244e-05,-5.368541456575286e-05,1.8713995236899127e-08,0.00012341273404281597,-0.0007706739653576067,3.4098951900826906e-09,-4.083167789837753e-10,0.25999999999999984,-0.05500000000000013,0.07894736842105259,0.9999460577964783,ACTIVE
1,X+,1789628619.681856,2.154529452760151e-06,7.297839261111855e-08,6.819324811140244e-05,-5.368541456575286e-05,1.8713995236899127e-08,0.00012341273404281597,-0.0007706739653576067,3.4098951900826906e-09,-4.083167789837753e-10,0.25999999999999984,-0.05500000000000013,0.07894736842105259,0.9999460577964783,ACTIVE
1,X+,1789628619.7970517,2.1505943875142763e-06,5.313970420812997e-08,6.823837031804324e-05,-5.368541456575286e-05,1.8713995236899127e-08,0.00012341273404281597,-0.0007706739653576067,3.4098951900826906e-09,-4.083167789837753e-10,0.25999999999999984,-0.05500000000000013,0.07894736842105259,0.9999460577964783,ACTIVE
1,X+,1789628619.932097,2.1650573451652277e-06,6.808134673987748e-08,6.823169870909208e-05,-4.535364396764444e-05,5.3612332118359345e-08,-0.00011564402464347981,-0.0007928141190013203,3.501799369901538e-09,-4.1819970698206484e-10,0.25999999999999984,-0.010000000000000134,0.11052631578947364,0.9999460577964783,ACTIVE
1,X+,1789628620.0786319,2.70607375597344e-05,-2.473517922140303e-06,7.219335729810051e-05,-4.535364396764444e-05,5.3612332118359345e-08,-0.00011564402464347981,-0.0007928141190013203,3.501799369901538e-09,-4.1819970698206484e-10,0.25999999999999984,-0.010000000000000134,0.11052631578947364,0.9999460577964783,ACTIVE
1,X+,1789628620.208372,2.70607375597344e-05,-2.473517922140303e-06,7.219335729810051e-05,-4.535364396764444e-05,5.3612332118359345e-08,-0.00011564402464347981,-0.0007928141190013203,3.501799369901538e-09,-4.1819970698206484e-10,0.25999999999999984,-0.010000000000000134,0.11052631578947364,0.9999460577964783,ACTIVE
1,X+,1789628620.3450599,2.70607375597344e-05,-2.473517922140303e-06,7.219335729810051e-05,-4.535364396764444e-05,5.3612332118359345e-08,-0.00011564402464347981,-0.0007928141190013203,3.501799369901538e-09,-4.1819970698206484e-10,0.25999999999999984,-0.010000000000000134,0.11052631578947364,0.9999460577964783,ACTIVE
1,X+,1789628620.4957497,2.70607375597344e-05,-2.473517922140303e-06,7.219335729810051e-05,-4.535364396764444e-05,5.3612332118359345e-08,-0.00011564402464347981,-0.0007928141190013203,3.501799369901538e-09,-4.1819970698206484e-10,0.25999999999999984,-0.010000000000000134,0.11052631578947364,0.9999460577964783,ACTIVE
1,X+,1789628620.613166,2.70607375597344e-05,-2.473517922140303e-06,7.219335729810051e-05,-4.535364396764444e-05,5.3612332118359345e-08,-0.00011564402464347981,-0.0007928141190013203,3.501799369901538e-09,-4.1819970698206484e-10,0.25999999999999984,-0.010000000000000134,0.11052631578947364,0.9999460577964783,ACTIVE
1,X+,1789628620.7441344,2.70607375597344e-05,-2.473517922140303e-06,7.219335729810051e-05,-4.535364396764444e-05,5.3612332118359345e-08,-0.00011564402464347981,-0.0007928141190013203,3.501799369901538e-09,-4.1819970698206484e-10,0.25999999999999984,-0.010000000000000134,0.11052631578947364,0.9999460577964783,ACTIVE
1,X+,1789628620.8660362,0.00019730588109450817,-2.8703917614012267e-05,0.00010053219757026003,-4.535364396764444e-05,5.3612332118359345e-08,-0.00011564402464347981,-0.0007928141190013203,3.501799369901538e-09,-4.1819970698206484e-10,0.25999999999999984,-0.010000000000000134,0.11052631578947364,0.9999460577964783,ACTIVE
1,X+,1789628621.0791175,0.0013517420520873513,-0.00020217816436423047,0.00027625351263859484,-4.918228133714948e-05,5.927879051067605e-08,0.00019646487297242396,0.0008816892705236544,-0.00027131956250203584,0.0002380814140555113,0.25999999999999984,-0.010000000000000134,0.11052631578947364,0.9999460577964783,ACTIVE
1,X+,1789628621.2323463,0.001402892228181317,-0.00020453425785607257,0.00029433990669936616,-4.918228133714948e-05,5.927879051067605e-08,0.00019646487297242396,0.0008816892705236544,-0.00027131956250203584,0.0002380814140555113,0.25999999999999984,-0.05500000000000013,0.07894736842105259,0.9999460577964783,ACTIVE
1,X+,1789628621.3612373,0.001402892228181317,-0.00020453425785607257,0.00029433990669936616,-4.918228133714948e-05,5.927879051067605e-08,0.00019646487297242396,0.0008816892705236544,-0.00027131956250203584,0.0002380814140555113,0.25999999999999984,-0.05500000000000013,0.07894736842105259,0.9999460577964783,ACTIVE
1,X+,1789628621.4763408,0.001402892228181317,-0.00020453425785607257,0.00029433990669936616,-4.918228133714948e-05,5.927879051067605e-08,0.00019646487297242396,0.0008816892705236544,-0.00027131956250203584,0.0002380814140555113,0.25999999999999984,-0.05500000000000013,0.07894736842105259,0.9999460577964783,ACTIVE
1,X+,1789628621.623405,0.001402892228181317,-0.00020453425785607257,0.00029433990669936616,-4.918228133714948e-05,5.927879051067605e-08,0.00019646487297242396,0.0008816892705236544,-0.00027131956250203584,0.0002380814140555113,0.25999999999999984,-0.05500000000000013,0.07894736842105259,0.9999460577964783,ACTIVE
1,X+,1789628621.7392046,0.001402892228181317,-0.00020453425785607257,0.00029433990669936616,-4.918228133714948e-05,5.927879051067605e-08,0.00019646487297242396,0.0008816892705236544,-0.00027131956250203584,0.0002380814140555113,0.25999999999999984,-0.05500000000000013,0.07894736842105259,0.9999460577964783,ACTIVE
1,X+,1789628621.9362175,0.001402892228181317,-0.00020453425785607257,0.00029433990669936616,-4.918228133714948e-05,5.927879051067605e-08,0.00019646487297242396,0.0008816892705236544,-0.00027131956250203584,0.0002380814140555113,0.25999999999999984,-0.05500000000000013,0.07894736842105259,0.9999460577964783,ACTIVE
1,X+,1789628622.1167572,0.0023567438991537702,-0.00023856180529838612,0.0006898086022156284,-4.918228133714948e-05,5.927879051067605e-08,0.00019646487297242396,0.0008816892705236544,-0.00027131956250203584,0.0002380814140555113,0.25999999999999984,-0.05500000000000013,0.07894736842105259,0.9999460577964783,ACTIVE
1,X+,1789628622.2795734,0.005392145923238077,-0.0003630468542689391,0.0019118181639872275,0.0030783722701955866,-0.0004957550280290217,0.0028556744447083564,0.006267257829297855,-0.0005034737035162528,0.0024542632708269016,0.25999999999999984,-0.05500000000000013,0.07894736842105259,0.9999460577964783,ACTIVE
1,X+,1789628622.401153,0.006345222434561416,-0.0005213785842521391,0.0022330023004262472,0.0030783722701955866,-0.0004957550280290217,0.0028556744447083564,0.006267257829297855,-0.0005034737035162528,0.0024542632708269016,0.3049999999999998,-0.05500000000000013,0.04736842105263153,0.9999460577964783,ACTIVE
1,X+,1789628622.5214887,0.006345222434561416,-0.0005213785842521391,0.0022330023004262472,0.0030783722701955866,-0.0004957550280290217,0.0028556744447083564,0.006267257829297855,-0.0005034737035162528,0.0024542632708269016,0.3049999999999998,-0.05500000000000013,0.04736842105263153,0.9999460577964783,ACTIVE
1,X+,1789628622.63503,0.006345222434561416,-0.0005213785842521391,0.0022330023004262472,0.0030783722701955866,-0.0004957550280290217,0.0028556744447083564,0.006267257829297855,-0.0005034737035162528,0.0024542632708269016,0.3049999999999998,-0.05500000000000013,0.04736842105263153,0.9999460577964783,ACTIVE
1,X+,1789628622.763036,0.006345222434561416,-0.0005213785842521391,0.0022330023004262472,0.0030783722701955866,-0.0004957550280290217,0.0028556744447083564,0.006267257829297855,-0.0005034737035162528,0.0024542632708269016,0.3049999999999998,-0.05500000000000013,0.04736842105263153,0.9999460577964783,ACTIVE
1,X+,1789628622.8766017,0.006345222434561416,-0.0005213785842521391,0.0022330023004262472,0.0030783722701955866,-0.0004957550280290217,0.0028556744447083564,0.006267257829297855,-0.0005034737035162528,0.0024542632708269016,0.3049999999999998,-0.05500000000000013,0.04736842105263153,0.9999460577964783,ACTIVE
1,X+,1789628622.9908986,0.006345222434561416,-0.0005213785842521391,0.0022330023004262472,0.0030783722701955866,-0.0004957550280290217,0.0028556744447083564,0.006267257829297855,-0.0005034737035162528,0.0024542632708269016,0.3049999999999998,-0.05500000000000013,0.04736842105263153,0.9999460577964783,ACTIVE
1,X+,1789628623.1217015,0.007197405794904979,-0.0007129816196682235,0.002472349297885561,0.0030783722701955866,-0.0004957550280290217,0.0028556744447083564,0.006267257829297855,-0.0005034737035162528,0.0024542632708269016,0.3049999999999998,-0.05500000000000013,0.04736842105263153,0.9999460577964783,ACTIVE
1,X+,1789628623.2365348,0.01279520362479896,-0.001862905624678864,0.004148689564679786,0.0030783722701955866,-0.0004957550280290217,0.0028556744447083564,0.006267257829297855,-0.0005034737035162528,0.0024542632708269016,0.3049999999999998,-0.05500000000000013,0.04736842105263153,0.9999460577964783,ACTIVE
1,X+,1789628623.3522956,0.01565881409156818,-0.0024079305688160905,0.004805368567842687,0.012303266272590693,-0.0007162512746928601,0.006917776650919639,0.01572810332671705,-0.0024821991370485384,0.005338326724154759,0.3499999999999998,0.0,-0.1421052631578948,0.9999460577964783,ACTIVE
1,X+,1789628623.4701498,0.01565881409156818,-0.0024079305688160905,0.004805368567842687,0.012303266272590693,-0.0007162512746928601,0.006917776650919639,0.01572810332671705,-0.0024821991370485384,0.005338326724154759,0.3499999999999998,0.0,-0.1421052631578948,0.9999460577964783,ACTIVE
1,X+,1789628623.586929,0.01565881409156818,-0.0024079305688160905,0.004805368567842687,0.012303266272590693,-0.0007162512746928601,0.006917776650919639,0.01572810332671705,-0.0024821991370485384,0.005338326724154759,0.3499999999999998,0.0,-0.1421052631578948,0.9999460577964783,ACTIVE
1,X+,1789628623.7045212,0.01565881409156818,-0.0024079305688160905,0.004805368567842687,0.012303266272590693,-0.0007162512746928601,0.006917776650919639,0.01572810332671705,-0.0024821991370485384,0.005338326724154759,0.3499999999999998,0.0,-0.1421052631578948,0.9999460577964783,ACTIVE
1,X+,1789628623.817595,0.01565881409156818,-0.0024079305688160905,0.004805368567842687,0.012303266272590693,-0.0007162512746928601,0.006917776650919639,0.01572810332671705,-0.0024821991370485384,0.005338326724154759,0.3499999999999998,0.0,-0.1421052631578948,0.9999460577964783,ACTIVE
1,X+,1789628623.929027,0.016506247018579664,-0.0025528610251218413,0.004912064137146458,0.012303266272590693,-0.0007162512746928601,0.006917776650919639,0.01572810332671705,-0.0024821991370485384,0.005338326724154759,0.3499999999999998,0.0,-0.1421052631578948,0.9999460577964783,ACTIVE
1,X+,1789628624.0502362,0.026966840713660418,-0.004368215628973142,0.006528213051968193,0.026370995659628957,-0.004341051078809942,0.00864332444538185,0.030461029560997728,-0.005058707244837653,0.007636898580507858,0.3499999999999998,0.0,-0.1421052631578948,0.9499460458755493,ACTIVE
1,X+,1789628624.2214217,0.03151521847608145,-0.004881444828979967,0.006418567239478899,0.026370995659628957,-0.004341051078809942,0.00864332444538185,0.030461029560997728,-0.005058707244837653,0.007636898580507858,0.3049999999999998,-0.05500000000000013,0.20526315789473676,0.9499460458755493,ACTIVE
1,X+,1789628624.333876,0.03151521847608145,-0.004881444828979967,0.006418567239478899,0.026370995659628957,-0.004341051078809942,0.00864332444538185,0.030461029560997728,-0.005058707244837653,0.007636898580507858,0.3049999999999998,-0.05500000000000013,0.20526315789473676,0.9499460458755493,ACTIVE
1,X+,1789628624.4485836,0.03151521847608145,-0.004881444828979967,0.006418567239478899,0.026370995659628957,-0.004341051078809942,0.00864332444538185,0.030461029560997728,-0.005058707244837653,0.007636898580507858,0.3049999999999998,-0.05500000000000013,0.20526315789473676,0.9499460458755493,ACTIVE
1,X+,1789628624.5611641,0.03151521847608145,-0.004881444828979967,0.006418567239478899,0.026370995659628957,-0.004341051078809942,0.00864332444538185,0.030461029560997728,-0.005058707244837653,0.007636898580507858,0.3049999999999998,-0.05500000000000013,0.20526315789473676,0.9499460458755493,ACTIVE
1,X+,1789628624.6740553,0.03151521847608145,-0.004881444828979967,0.006418567239478899,0.026370995659628957,-0.004341051078809942,0.00864332444538185,0.030461029560997728,-0.005058707244837653,0.007636898580507858,0.3049999999999998,-0.05500000000000013,0.20526315789473676,0.9499460458755493,ACTIVE
1,X+,1789628624.793887,0.03388369037003276,-0.005024033181472331,0.005983571639011466,0.026370995659628957,-0.004341051078809942,0.00864332444538185,0.030461029560997728,-0.005058707244837653,0.007636898580507858,0.3049999999999998,-0.05500000000000013,0.20526315789473676,0.9499460458755493,ACTIVE
1,X+,1789628624.919461,0.04218766773756546,-0.0055878501971474565,0.004623802024968535,0.026370995659628957,-0.004341051078809942,0.00864332444538185,0.030461029560997728,-0.005058707244837653,0.007636898580507858,0.3049999999999998,-0.05500000000000013,0.20526315789473676,0.9499460458755493,ACTIVE
1,X+,1789628625.0482826,0.050336967382602044,-0.0061603765147914425,0.004238010914000051,0.048886490389551805,-0.008167286154959137,0.0032414905404278853,0.05100710529406136,-0.006388026546835906,0.004250881451743645,0.3499999999999998,0.0,0.04736842105263153,0.9499460458755493,ACTIVE
1,X+,1789628625.1671705,0.050336967382602044,-0.0061603765147914425,0.004238010914000051,0.048886490389551805,-0.008167286154959137,0.0032414905404278853,0.05100710529406136,-0.006388026546835906,0.004250881451743645,0.3499999999999998,0.0,0.04736842105263153,0.9499460458755493,ACTIVE
1,X+,1789628625.2812,0.050336967382602044,-0.0061603765147914425,0.004238010914000051,0.048886490389551805,-0.008167286154959137,0.0032414905404278853,0.05100710529406136,-0.006388026546835906,0.004250881451743645,0.3499999999999998,0.0,0.04736842105263153,0.9499460458755493,ACTIVE
1,X+,1789628625.409709,0.050336967382602044,-0.0061603765147914425,0.004238010914000051,0.048886490389551805,-0.008167286154959137,0.0032414905404278853,0.05100710529406136,-0.006388026546835906,0.004250881451743645,0.3499999999999998,0.0,0.04736842105263153,0.9499460458755493,ACTIVE
1,X+,1789628625.5256019,0.05912637863143236,-0.006996203342092927,0.008057221321521181,0.048886490389551805,-0.008167286154959137,0.0032414905404278853,0.05100710529406136,-0.006388026546835906,0.004250881451743645,0.3499999999999998,0.0,0.04736842105263153,0.9499460458755493,ACTIVE
1,X+,1789628625.6370108,0.07301128425234335,-0.00809749479670499,0.013286138200544423,0.0788717327162657,-0.0087873523876334,0.0151516371095024,0.07446117464530033,-0.008702482018598365,0.013980229032538507,0.3499999999999998,0.0,0.04736842105263153,0.8999460339546204,ACTIVE
1,X+,1789628625.7492788,0.07371089686029304,-0.00809401241480055,0.01339604781198615,0.0788717327162657,-0.0087873523876334,0.0151516371095024,0.07446117464530033,-0.008702482018598365,0.013980229032538507,0.3049999999999998,-0.05500000000000013,0.07894736842105259,0.8999460339546204,ACTIVE
1,X+,1789628625.8640065,0.07371089686029304,-0.00809401241480055,0.01339604781198615,0.0788717327162657,-0.0087873523876334,0.0151516371095024,0.07446117464530033,-0.008702482018598365,0.013980229032538507,0.3049999999999998,-0.05500000000000013,0.07894736842105259,0.8999460339546204,ACTIVE
1,X+,1789628625.975277,0.07371089686029304,-0.00809401241480055,0.01339604781198615,0.0788717327162657,-0.0087873523876334,0.0151516371095024,0.07446117464530033,-0.008702482018598365,0.013980229032538507,0.3049999999999998,-0.05500000000000013,0.07894736842105259,0.8999460339546204,ACTIVE
1,X+,1789628626.0867589,0.07371089686029304,-0.00809401241480055,0.01339604781198615,0.0788717327162657,-0.0087873523876334,0.0151516371095024,0.07446117464530033,-0.008702482018598365,0.013980229032538507,0.3049999999999998,-0.05500000000000013,0.07894736842105259,0.8999460339546204,ACTIVE
1,X+,1789628626.1978912,0.07371089686029304,-0.00809401241480055,0.01339604781198615,0.0788717327162657,-0.0087873523876334,0.0151516371095024,0.07446117464530033,-0.008702482018598365,0.013980229032538507,0.3049999999999998,-0.05500000000000013,0.07894736842105259,0.8999460339546204,ACTIVE
1,X+,1789628626.3128958,0.07652809824333554,-0.008035504503709073,0.013683656725531134,0.0788717327162657,-0.0087873523876334,0.0151516371095024,0.07446117464530033,-0.008702482018598365,0.013980229032538507,0.3049999999999998,-0.05500000000000013,0.07894736842105259,0.8999460339546204,ACTIVE
1,X+,1789628626.5092988,0.09532040584845622,-0.007789643345453287,0.016191033849356287,0.0788717327162657,-0.0087873523876334,0.0151516371095024,0.10307242115844971,-0.008307217465321133,0.017851996713069883,0.3049999999999998,-0.05500000000000013,0.07894736842105259,0.8999460339546204,ACTIVE
1,X+,1789628626.6300113,0.09764565626002242,-0.007834520423797224,0.016456256662559933,0.08533667897385257,-0.008993925425518908,0.01661023065339738,0.10307242115844971,-0.008307217465321133,0.017851996713069883,0.3499999999999998,0.0,-0.17368421052631583,0.8999460339546204,ACTIVE
1,X+,1789628626.7485075,0.09764565626002242,-0.007834520423797224,0.016456256662559933,0.08533667897385257,-0.008993925425518908,0.01661023065339738,0.10307242115844971,-0.008307217465321133,0.017851996713069883,0.3499999999999998,0.0,-0.17368421052631583,0.8999460339546204,ACTIVE
1,X+,1789628626.8825045,0.09764565626002242,-0.007834520423797224,0.016456256662559933,0.08533667897385257,-0.008993925425518908,0.01661023065339738,0.10307242115844971,-0.008307217465321133,0.017851996713069883,0.3499999999999998,0.0,-0.17368421052631583,0.8999460339546204,ACTIVE
1,X+,1789628626.9951396,0.09764565626002242,-0.007834520423797224,0.016456256662559933,0.08533667897385257,-0.008993925425518908,0.01661023065339738,0.10307242115844971,-0.008307217465321133,0.017851996713069883,0.3499999999999998,0.0,-0.17368421052631583,0.8999460339546204,ACTIVE
1,X+,1789628627.112259,0.09787655813688347,-0.007841162398242663,0.016480498378495523,0.08533667897385257,-0.008993925425518908,0.01661023065339738,0.10307242115844971,-0.008307217465321133,0.017851996713069883,0.3499999999999998,0.0,-0.17368421052631583,0.8999460339546204,ACTIVE
1,X+,1789628627.232571,0.11102373338582461,-0.008492592347843254,0.017685725986135558,0.08533667897385257,-0.008993925425518908,0.01661023065339738,0.1232736580478793,-0.011399217350169235,0.022203886659083096,0.3499999999999998,0.0,-0.17368421052631583,0.8999460339546204,ACTIVE
1,X+,1789628627.375846,0.12062086999415628,-0.009601128232459788,0.01874972593739123,0.1408890010153087,-0.008607661574617648,0.02065892546203818,0.1232736580478793,-0.011399217350169235,0.022203886659083096,0.3499999999999998,0.0,-0.07894736842105268,0.8499460816383362,ACTIVE
1,X+,1789628627.4930549,0.12062086999415628,-0.009601128232459788,0.01874972593739123,0.1408890010153087,-0.008607661574617648,0.02065892546203818,0.1232736580478793,-0.011399217350169235,0.022203886659083096,0.3499999999999998,0.0,-0.07894736842105268,0.8499460816383362,ACTIVE
1,X+,1789628627.6093178,0.12062086999415628,-0.009601128232459788,0.01874972593739123,0.1408890010153087,-0.008607661574617648,0.02065892546203818,0.1232736580478793,-0.011399217350169235,0.022203886659083096,0.3499999999999998,0.0,-0.07894736842105268,0.8499460816383362,ACTIVE
1,X+,1789628627.723961,0.12062086999415628,-0.009601128232459788,0.01874972593739123,0.1408890010153087,-0.008607661574617648,0.02065892546203818,0.1232736580478793,-0.011399217350169235,0.022203886659083096,0.3499999999999998,0.0,-0.07894736842105268,0.8499460816383362,ACTIVE
1,X+,1789628627.8359902,0.12062086999415628,-0.009601128232459788,0.01874972593739123,0.1408890010153087,-0.008607661574617648,0.02065892546203818,0.1232736580478793,-0.011399217350169235,0.022203886659083096,0.3499999999999998,0.0,-0.07894736842105268,0.8499460816383362,ACTIVE
1,X+,1789628627.9621766,0.13954582211566802,-0.011155317375592508,0.015470883019519863,0.1345706145172126,-0.010652044147203965,0.016389793005088915,0.1458740088253585,-0.013022817633532774,0.018202588595876222,0.3499999999999998,0.0,-0.07894736842105268,0.8499460816383362,ACTIVE
1,X+,1789628628.0854805,0.1468953798160691,-0.011404845772574165,0.01401746865563,0.1345706145172126,-0.010652044147203965,0.016389793005088915,0.1458740088253585,-0.013022817633532774,0.018202588595876222,0.3499999999999998,0.0,-0.1421052631578948,0.8499460816383362,ACTIVE
1,X+,1789628628.196697,0.1468953798160691,-0.011404845772574165,0.01401746865563,0.1345706145172126,-0.010652044147203965,0.016389793005088915,0.1458740088253585,-0.013022817633532774,0.018202588595876222,0.3499999999999998,0.0,-0.1421052631578948,0.8499460816383362,ACTIVE
1,X+,1789628628.3123517,0.1468953798160691,-0.011404845772574165,0.01401746865563,0.1345706145172126,-0.010652044147203965,0.016389793005088915,0.1458740088253585,-0.013022817633532774,0.018202588595876222,0.3499999999999998,0.0,-0.1421052631578948,0.8499460816383362,ACTIVE
1,X+,1789628628.424468,0.1468953798160691,-0.011404845772574165,0.01401746865563,0.1345706145172126,-0.010652044147203965,0.016389793005088915,0.1458740088253585,-0.013022817633532774,0.018202588595876222,0.3499999999999998,0.0,-0.1421052631578948,0.8499460816383362,ACTIVE
1,X+,1789628628.545399,0.1468953798160691,-0.011404845772574165,0.01401746865563,0.1345706145172126,-0.010652044147203965,0.016389793005088915,0.1458740088253585,-0.013022817633532774,0.018202588595876222,0.3499999999999998,0.0,-0.1421052631578948,0.8499460816383362,ACTIVE
1,X+,1789628628.670265,0.16445334847638934,-0.011157765111242885,0.009961420420127196,0.1345706145172126,-0.010652044147203965,0.016389793005088915,0.1458740088253585,-0.013022817633532774,0.018202588595876222,0.3499999999999998,0.0,-0.1421052631578948,0.8499460816383362,ACTIVE
1,X+,1789628628.8177314,0.17640712761905272,-0.011055621854046068,0.006373551206865503,0.18391114966750266,-0.014988636430263439,0.003137614708310205,0.17204575240945477,-0.012541409987508514,0.012297896812107655,0.3499999999999998,0.0,0.11052631578947364,0.7999460697174072,ACTIVE
1,X+,1789628628.9314272,0.17640712761905272,-0.011055621854046068,0.006373551206865503,0.18391114966750266,-0.014988636430263439,0.003137614708310205,0.17204575240945477,-0.012541409987508514,0.012297896812107655,0.3499999999999998,0.0,0.14210526315789468,0.7999460697174072,ACTIVE
1,X+,1789628629.0499117,0.17640712761905272,-0.011055621854046068,0.006373551206865503,0.18391114966750266,-0.014988636430263439,0.003137614708310205,0.17204575240945477,-0.012541409987508514,0.012297896812107655,0.3499999999999998,0.0,0.14210526315789468,0.7999460697174072,ACTIVE
1,X+,1789628629.1634486,0.17640712761905272,-0.011055621854046068,0.006373551206865503,0.18391114966750266,-0.014988636430263439,0.003137614708310205,0.17204575240945477,-0.012541409987508514,0.012297896812107655,0.3499999999999998,0.0,0.14210526315789468,0.7999460697174072,ACTIVE
1,X+,1789628629.3368375,0.17640712761905272,-0.011055621854046068,0.006373551206865503,0.18391114966750266,-0.014988636430263439,0.003137614708310205,0.17204575240945477,-0.012541409987508514,0.012297896812107655,0.3499999999999998,0.0,0.14210526315789468,0.7999460697174072,ACTIVE
1,X+,1789628629.4817991,0.18359792427149968,-0.011024860562550807,0.003351792138039573,0.18391114966750266,-0.014988636430263439,0.003137614708310205,0.17204575240945477,-0.012541409987508514,0.012297896812107655,0.3499999999999998,0.0,0.14210526315789468,0.7999460697174072,ACTIVE
1,X+,1789628629.6081457,0.20610855510870382,-0.011065892387369356,-0.004267394556146903,0.21666164289562873,-0.014145041209354082,-0.014534429386353406,0.19926834935376087,-0.01220613962938387,0.0012443564946645752,0.3499999999999998,0.0,0.14210526315789468,0.7999460697174072,ACTIVE
1,X+,1789628629.7219102,0.20610855510870382,-0.011065892387369356,-0.004267394556146903,0.21666164289562873,-0.014145041209354082,-0.014534429386353406,0.19926834935376087,-0.01220613962938387,0.0012443564946645752,0.3049999999999998,0.07999999999999986,-0.17590219014198544,0.7999460697174072,ACTIVE
1,X+,1789628629.8425524,0.20610855510870382,-0.011065892387369356,-0.004267394556146903,0.21666164289562873,-0.014145041209354082,-0.014534429386353406,0.19926834935376087,-0.01220613962938387,0.0012443564946645752,0.3049999999999998,0.07999999999999986,-0.17590219014198544,0.7999460697174072,ACTIVE
1,X+,1789628630.034739,0.20610855510870382,-0.011065892387369356,-0.004267394556146903,0.21666164289562873,-0.014145041209354082,-0.014534429386353406,0.19926834935376087,-0.01220613962938387,0.0012443564946645752,0.3049999999999998,0.07999999999999986,-0.17590219014198544,0.7999460697174072,ACTIVE
1,X+,1789628630.1907823,0.20610855510870382,-0.011065892387369356,-0.004267394556146903,0.21666164289562873,-0.014145041209354082,-0.014534429386353406,0.19926834935376087,-0.01220613962938387,0.0012443564946645752,0.3049999999999998,0.07999999999999986,-0.17590219014198544,0.7999460697174072,ACTIVE
1,X+,1789628630.3086052,0.20610855510870382,-0.011065892387369356,-0.004267394556146903,0.21666164289562873,-0.014145041209354082,-0.014534429386353406,0.19926834935376087,-0.01220613962938387,0.0012443564946645752,0.3049999999999998,0.07999999999999986,-0.17590219014198544,0.7999460697174072,ACTIVE
1,X+,1789628630.445435,0.20610855510870382,-0.011065892387369356,-0.004267394556146903,0.21666164289562873,-0.014145041209354082,-0.014534429386353406,0.19926834935376087,-0.01220613962938387,0.0012443564946645752,0.3049999999999998,0.07999999999999986,-0.17590219014198544,0.7999460697174072,ACTIVE
1,X+,1789628630.5796435,0.21533084401419558,-0.011082620345237746,-0.0014965957703798243,0.21666164289562873,-0.014145041209354082,-0.014534429386353406,0.19926834935376087,-0.01220613962938387,0.0012443564946645752,0.3049999999999998,0.07999999999999986,-0.17590219014198544,0.7999460697174072,ACTIVE
1,X+,1789628630.7053838,0.2321736026489402,-0.011074704716356689,0.002874583674264945,0.21335769380607728,-0.014044221701502251,-0.00041404292245550347,0.22700330318649,-0.012176244468778765,0.008559735839344204,0.3049999999999998,0.07999999999999986,-0.17590219014198544,0.7999460697174072,ACTIVE
1,X+,1789628630.8575952,0.23871203944602995,-0.010594552533073487,0.003282928752056456,0.21335769380607728,-0.014044221701502251,-0.00041404292245550347,0.22700330318649,-0.012176244468778765,0.008559735839344204,0.3499999999999998,0.0,0.11052631578947364,0.7999460697174072,ACTIVE
1,X+,1789628630.9690778,0.23871203944602995,-0.010594552533073487,0.003282928752056456,0.21335769380607728,-0.014044221701502251,-0.00041404292245550347,0.22700330318649,-0.012176244468778765,0.008559735839344204,0.3499999999999998,0.0,0.11052631578947364,0.7999460697174072,ACTIVE
1,X+,1789628631.088656,0.23871203944602995,-0.010594552533073487,0.003282928752056456,0.21335769380607728,-0.014044221701502251,-0.00041404292245550347,0.22700330318649,-0.012176244468778765,0.008559735839344204,0.3499999999999998,0.0,0.11052631578947364,0.7999460697174072,ACTIVE
1,X+,1789628631.200193,0.23871203944602995,-0.010594552533073487,0.003282928752056456,0.21335769380607728,-0.014044221701502251,-0.00041404292245550347,0.22700330318649,-0.012176244468778765,0.008559735839344204,0.3499999999999998,0.0,0.11052631578947364,0.7999460697174072,ACTIVE
1,X+,1789628631.314654,0.23871203944602995,-0.010594552533073487,0.003282928752056456,0.21335769380607728,-0.014044221701502251,-0.00041404292245550347,0.22700330318649,-0.012176244468778765,0.008559735839344204,0.3499999999999998,0.0,0.11052631578947364,0.7999460697174072,ACTIVE
1,X+,1789628631.4338396,0.2500462294992963,-0.009320170229315222,0.002549683065011836,0.21335769380607728,-0.014044221701502251,-0.00041404292245550347,0.22700330318649,-0.012176244468778765,0.008559735839344204,0.3499999999999998,0.0,0.11052631578947364,0.7999460697174072,ACTIVE
1,X+,1789628631.5518527,0.26621505048400024,-0.007891290736486,0.0028219090929865504,0.2730776424193408,-0.013633931665326766,0.00454373961046217,0.2542195490423832,-0.009068454044763828,0.007092166970289117,0.3049999999999998,0.0,0.11052631578947364,0.7249460816383362,ACTIVE
1,X+,1789628631.681757,0.26621505048400024,-0.007891290736486,0.0028219090929865504,0.2730776424193408,-0.013633931665326766,0.00454373961046217,0.2542195490423832,-0.009068454044763828,0.007092166970289117,0.3049999999999998,0.0,0.11052631578947364,0.7499460577964783,ACTIVE
1,X+,1789628631.7952828,0.26621505048400024,-0.007891290736486,0.0028219090929865504,0.2730776424193408,-0.013633931665326766,0.00454373961046217,0.2542195490423832,-0.009068454044763828,0.007092166970289117,0.3049999999999998,0.0,0.11052631578947364,0.7499460577964783,ACTIVE
1,X+,1789628631.9099329,0.26621505048400024,-0.007891290736486,0.0028219090929865504,0.2730776424193408,-0.013633931665326766,0.00454373961046217,0.2542195490423832,-0.009068454044763828,0.007092166970289117,0.3049999999999998,0.0,0.11052631578947364,0.7499460577964783,ACTIVE
1,X+,1789628632.0226514,0.26621505048400024,-0.007891290736486,0.0028219090929865504,0.2730776424193408,-0.013633931665326766,0.00454373961046217,0.2542195490423832,-0.009068454044763828,0.007092166970289117,0.3049999999999998,0.0,0.11052631578947364,0.7499460577964783,ACTIVE
1,X+,1789628632.1353288,0.27464806538100545,-0.007835791937749052,0.0053108702378005706,0.2730776424193408,-0.013633931665326766,0.00454373961046217,0.2542195490423832,-0.009068454044763828,0.007092166970289117,0.3049999999999998,0.0,0.11052631578947364,0.7499460577964783,ACTIVE
1,X+,1789628632.2843173,0.2941490547458567,-0.007591132071646981,0.01125979622586996,0.2960626687739464,-0.007695974893813955,0.011179250120502802,0.2830458753020009,-0.00864657243472301,0.015443689281114364,0.3499999999999998,0.0,-0.2368421052631579,0.6999460458755493,ACTIVE
1,X+,1789628632.4035995,0.2941490547458567,-0.007591132071646981,0.01125979622586996,0.2960626687739464,-0.007695974893813955,0.011179250120502802,0.2830458753020009,-0.00864657243472301,0.015443689281114364,0.3499999999999998,0.0,-0.2368421052631579,0.6999460458755493,ACTIVE
1,X+,1789628632.5164297,0.2941490547458567,-0.007591132071646981,0.01125979622586996,0.2960626687739464,-0.007695974893813955,0.011179250120502802,0.2830458753020009,-0.00864657243472301,0.015443689281114364,0.3499999999999998,0.0,-0.2368421052631579,0.6999460458755493,ACTIVE
1,X+,1789628632.6401772,0.2941490547458567,-0.007591132071646981,0.01125979622586996,0.2960626687739464,-0.007695974893813955,0.011179250120502802,0.2830458753020009,-0.00864657243472301,0.015443689281114364,0.3499999999999998,0.0,-0.2368421052631579,0.6999460458755493,ACTIVE
1,X+,1789628632.7704682,0.2941490547458567,-0.007591132071646981,0.01125979622586996,0.2960626687739464,-0.007695974893813955,0.011179250120502802,0.2830458753020009,-0.00864657243472301,0.015443689281114364,0.3499999999999998,0.0,-0.2368421052631579,0.6999460458755493,ACTIVE
1,X+,1789628632.89889,0.2941490547458567,-0.007591132071646981,0.01125979622586996,0.2960626687739464,-0.007695974893813955,0.011179250120502802,0.2830458753020009,-0.00864657243472301,0.015443689281114364,0.3499999999999998,0.0,-0.2368421052631579,0.6999460458755493,ACTIVE
1,X+,1789628633.0228274,0.3115659472860678,-0.007360478681953576,0.01745166814228552,0.2960626687739464,-0.007695974893813955,0.011179250120502802,0.2830458753020009,-0.00864657243472301,0.015443689281114364,0.3499999999999998,0.0,-0.2368421052631579,0.6999460458755493,ACTIVE
1,X+,1789628633.1359181,0.31933902656819,-0.007227822202426767,0.02001463849563759,0.3009234895895124,-0.010561309432171309,0.015976585430856446,0.310041543030818,-0.008162618423345817,0.025227952182833614,0.3499999999999998,0.0,-0.2368421052631579,0.6999460458755493,ACTIVE
1,X+,1789628633.2595134,0.31933902656819,-0.007227822202426767,0.02001463849563759,0.3009234895895124,-0.010561309432171309,0.015976585430856446,0.310041543030818,-0.008162618423345817,0.025227952182833614,0.3499999999999998,0.0,0.0,0.6999460458755493,ACTIVE
1,X+,1789628633.3818448,0.31933902656819,-0.007227822202426767,0.02001463849563759,0.3009234895895124,-0.010561309432171309,0.015976585430856446,0.310041543030818,-0.008162618423345817,0.025227952182833614,0.3499999999999998,0.0,0.0,0.6999460458755493,ACTIVE
1,X+,1789628633.4958713,0.31933902656819,-0.007227822202426767,0.02001463849563759,0.3009234895895124,-0.010561309432171309,0.015976585430856446,0.310041543030818,-0.008162618423345817,0.025227952182833614,0.3499999999999998,0.0,0.0,0.6999460458755493,ACTIVE
1,X+,1789628633.6076171,0.31933902656819,-0.007227822202426767,0.02001463849563759,0.3009234895895124,-0.010561309432171309,0.015976585430856446,0.310041543030818,-0.008162618423345817,0.025227952182833614,0.3499999999999998,0.0,0.0,0.6999460458755493,ACTIVE
1,X+,1789628633.7191305,0.31933902656819,-0.007227822202426767,0.02001463849563759,0.3009234895895124,-0.010561309432171309,0.015976585430856446,0.310041543030818,-0.008162618423345817,0.025227952182833614,0.3499999999999998,0.0,0.0,0.6999460458755493,ACTIVE
1,X+,1789628633.8828702,0.31933902656819,-0.007227822202426767,0.02001463849563759,0.3009234895895124,-0.010561309432171309,0.015976585430856446,0.310041543030818,-0.008162618423345817,0.025227952182833614,0.3499999999999998,0.0,0.0,0.6999460458755493,ACTIVE
1,X+,1789628633.9985716,0.32867990252024293,-0.006980267718877807,0.020911289299755952,0.3009234895895124,-0.010561309432171309,0.015976585430856446,0.310041543030818,-0.008162618423345817,0.025227952182833614,0.3499999999999998,0.0,0.0,0.6999460458755493,ACTIVE
1,X+,1789628634.113987,0.34630500654777246,-0.00661384313327541,0.01682864279863271,0.32829738369003875,-0.009970401602524945,0.01781587233715197,0.3322463104719186,-0.007578706760158248,0.018405069386229853,0.3499999999999998,0.0,0.0,0.6499460339546204,ACTIVE
1,X+,1789628634.2899315,0.34630500654777246,-0.00661384313327541,0.01682864279863271,0.32829738369003875,-0.009970401602524945,0.01781587233715197,0.3322463104719186,-0.007578706760158248,0.018405069386229853,0.3499999999999998,0.0,0.0,0.6499460339546204,ACTIVE
1,X+,1789628634.4278085,0.34630500654777246,-0.00661384313327541,0.01682864279863271,0.32829738369003875,-0.009970401602524945,0.01781587233715197,0.3322463104719186,-0.007578706760158248,0.018405069386229853,0.3499999999999998,0.0,0.0,0.6499460339546204,ACTIVE
1,X+,1789628634.542275,0.34630500654777246,-0.00661384313327541,0.01682864279863271,0.32829738369003875,-0.009970401602524945,0.01781587233715197,0.3322463104719186,-0.007578706760158248,0.018405069386229853,0.3499999999999998,0.0,0.0,0.6499460339546204,ACTIVE
1,X+,1789628634.661833,0.34630500654777246,-0.00661384313327541,0.01682864279863271,0.32829738369003875,-0.009970401602524945,0.01781587233715197,0.3322463104719186,-0.007578706760158248,0.018405069386229853,0.3499999999999998,0.0,0.0,0.6499460339546204,ACTIVE
1,X+,1789628634.7864149,0.34630500654777246,-0.00661384313327541,0.01682864279863271,0.32829738369003875,-0.009970401602524945,0.01781587233715197,0.3322463104719186,-0.007578706760158248,0.018405069386229853,0.3499999999999998,0.0,0.0,0.6499460339546204,ACTIVE
1,X+,1789628634.9030366,0.34805642559701777,-0.0065862666443886955,0.016896255017871703,0.32829738369003875,-0.009970401602524945,0.01781587233715197,0.3322463104719186,-0.007578706760158248,0.018405069386229853,0.3499999999999998,0.0,0.0,0.6499460339546204,ACTIVE
1,X+,1789628635.035183,0.36723800582024074,-0.006258756837729907,0.016950467608641807,0.32829738369003875,-0.009970401602524945,0.01781587233715197,0.35825032440454524,-0.007100043379392227,0.01840459715930827,0.3499999999999998,0.0,0.0,0.6499460339546204,ACTIVE
1,X+,1789628635.177976,0.37674831513981727,-0.006097415401204665,0.016949678053127904,0.37027014421550164,-0.009342931574594999,0.010819710627463211,0.35825032440454524,-0.007100043379392227,0.01840459715930827,0.3499999999999998,0.0,0.0,0.6499460339546204,ACTIVE
1,X+,1789628635.2892911,0.37674831513981727,-0.006097415401204665,0.016949678053127904,0.37027014421550164,-0.009342931574594999,0.010819710627463211,0.35825032440454524,-0.007100043379392227,0.01840459715930827,0.3499999999999998,0.0,0.0,0.6499460339546204,ACTIVE
1,X+,1789628635.4134552,0.37674831513981727,-0.006097415401204665,0.016949678053127904,0.37027014421550164,-0.009342931574594999,0.010819710627463211,0.35825032440454524,-0.007100043379392227,0.01840459715930827,0.3499999999999998,0.0,0.0,0.6499460339546204,ACTIVE
1,X+,1789628635.532068,0.37674831513981727,-0.006097415401204665,0.016949678053127904,0.37027014421550164,-0.009342931574594999,0.010819710627463211,0.35825032440454524,-0.007100043379392227,0.01840459715930827,0.3499999999999998,0.0,0.0,0.6499460339546204,ACTIVE
1,X+,1789628635.652104,0.379525801363291,-0.006050307034529962,0.016949469744193254,0.37027014421550164,-0.009342931574594999,0.010819710627463211,0.35825032440454524,-0.007100043379392227,0.01840459715930827,0.3499999999999998,0.0,0.0,0.6499460339546204,ACTIVE
1,X+,1789628635.7768202,0.39908693123279126,-0.0057186140200631685,0.016948777415349132,0.37027014421550164,-0.009342931574594999,0.010819710627463211,0.35825032440454524,-0.007100043379392227,0.01840459715930827,0.3499999999999998,0.0,0.0,0.6499460339546204,ACTIVE
1,X+,1789628635.8923154,0.40874627927209334,-0.0055548580148649645,0.016948749992182224,0.40114718795919185,-0.008854096404212647,0.014682216965965241,0.3859075687940774,-0.006591082948169564,0.01840462094629172,0.3499999999999998,0.0,0.0,0.5999460816383362,ACTIVE
1,X+,1789628636.0036135,0.40874627927209334,-0.0055548580148649645,0.016948749992182224,0.40114718795919185,-0.008854096404212647,0.014682216965965241,0.3859075687940774,-0.006591082948169564,0.01840462094629172,0.3499999999999998,0.0,0.0,0.5999460816383362,ACTIVE
1,X+,1789628636.117259,0.40874627927209334,-0.0055548580148649645,0.016948749992182224,0.40114718795919185,-0.008854096404212647,0.014682216965965241,0.3859075687940774,-0.006591082948169564,0.01840462094629172,0.3499999999999998,0.0,0.0,0.5999460816383362,ACTIVE
1,X+,1789628636.229569,0.40874627927209334,-0.0055548580148649645,0.016948749992182224,0.40114718795919185,-0.008854096404212647,0.014682216965965241,0.3859075687940774,-0.006591082948169564,0.01840462094629172,0.3499999999999998,0.0,0.0,0.5999460816383362,ACTIVE
1,X+,1789628636.3439946,0.40874627927209334,-0.0055548580148649645,0.016948749992182224,0.40114718795919185,-0.008854096404212647,0.014682216965965241,0.3859075687940774,-0.006591082948169564,0.01840462094629172,0.3499999999999998,0.0,0.0,0.5999460816383362,ACTIVE
1,X+,1789628636.4670432,0.42369138593098327,-0.005301550115963272,0.016948881308600935,0.40114718795919185,-0.008854096404212647,0.014682216965965241,0.3859075687940774,-0.006591082948169564,0.01840462094629172,0.3499999999999998,0.0,0.0,0.5999460816383362,ACTIVE
1,X+,1789628636.5858405,0.4413624825685056,-0.005002092223733303,0.016949240025812586,0.42674112333119757,-0.008396189875223826,0.015030048560882758,0.4142809666029474,-0.006068947332724271,0.018404672001837222,0.3499999999999998,0.0,0.0,0.5749460458755493,ACTIVE
1,X+,1789628636.7049108,0.4422890864120464,-0.0049863981056392365,0.01694923938719579,0.42674112333119757,-0.008396189875223826,0.015030048560882758,0.4142809666029474,-0.006068947332724271,0.018404672001837222,0.3499999999999998,0.0,0.0,0.5749460458755493,ACTIVE
1,X+,1789628636.8440204,0.4422890864120464,-0.0049863981056392365,0.01694923938719579,0.42674112333119757,-0.008396189875223826,0.015030048560882758,0.4142809666029474,-0.006068947332724271,0.018404672001837222,0.3499999999999998,0.0,0.0,0.5499460697174072,ACTIVE
1,X+,1789628636.95804,0.4422890864120464,-0.0049863981056392365,0.01694923938719579,0.42674112333119757,-0.008396189875223826,0.015030048560882758,0.4142809666029474,-0.006068947332724271,0.018404672001837222,0.3499999999999998,0.0,0.0,0.5499460697174072,ACTIVE
1,X+,1789628637.0699255,0.4422890864120464,-0.0049863981056392365,0.01694923938719579,0.42674112333119757,-0.008396189875223826,0.015030048560882758,0.4142809666029474,-0.006068947332724271,0.018404672001837222,0.3499999999999998,0.0,0.0,0.5499460697174072,ACTIVE
1,X+,1789628637.1910753,0.4422890864120464,-0.0049863981056392365,0.01694923938719579,0.42674112333119757,-0.008396189875223826,0.015030048560882758,0.4142809666029474,-0.006068947332724271,0.018404672001837222,0.3499999999999998,0.0,0.0,0.5499460697174072,ACTIVE
1,X+,1789628637.3047724,0.45797144632833375,-0.004721003211265976,0.016948936856136004,0.42674112333119757,-0.008396189875223826,0.015030048560882758,0.4142809666029474,-0.006068947332724271,0.018404672001837222,0.3499999999999998,0.0,0.0,0.5499460697174072,ACTIVE
1,X+,1789628637.4229631,0.4707645830150594,-0.00450490176365769,0.016948356907566426,0.4610874503200017,-0.008021793063779132,0.014997016041408791,0.4431354637837469,-0.005537837026824836,0.01840511559629701,0.3499999999999998,0.0,0.0,0.5499460697174072,ACTIVE
1,X+,1789628637.5348794,0.4707645830150594,-0.00450490176365769,0.016948356907566426,0.4610874503200017,-0.008021793063779132,0.014997016041408791,0.4431354637837469,-0.005537837026824836,0.01840511559629701,0.3499999999999998,0.0,0.0,0.5499460697174072,ACTIVE
1,X+,1789628637.6465693,0.4707645830150594,-0.00450490176365769,0.016948356907566426,0.4610874503200017,-0.008021793063779132,0.014997016041408791,0.4431354637837469,-0.005537837026824836,0.01840511559629701,0.3499999999999998,0.0,0.0,0.5499460697174072,ACTIVE
1,X+,1789628637.7671556,0.4707645830150594,-0.00450490176365769,0.016948356907566426,0.4610874503200017,-0.008021793063779132,0.014997016041408791,0.4431354637837469,-0.005537837026824836,0.01840511559629701,0.3499999999999998,0.0,0.0,0.5499460697174072,ACTIVE
1,X+,1789628637.9104505,0.4707645830150594,-0.00450490176365769,0.016948356907566426,0.4610874503200017,-0.008021793063779132,0.014997016041408791,0.4431354637837469,-0.005537837026824836,0.01840511559629701,0.3499999999999998,0.0,0.0,0.5499460697174072,ACTIVE
1,X+,1789628638.0344303,0.4840102531270094,-0.004281634202562931,0.016948114404340336,0.4610874503200017,-0.008021793063779132,0.014997016041408791,0.4431354637837469,-0.005537837026824836,0.01840511559629701,0.3499999999999998,0.0,0.0,0.5499460697174072,ACTIVE
1,X+,1789628638.1736405,0.504590867211125,-0.0039352674967870725,0.01695432886899471,0.4601758057310682,-0.008003453222477397,0.015223232589934627,0.4730310938393305,-0.004987322522397903,0.018405236217414443,0.3499999999999998,0.0,0.0,0.5499460697174072,ACTIVE
1,X+,1789628638.292214,0.504590867211125,-0.0039352674967870725,0.01695432886899471,0.4601758057310682,-0.008003453222477397,0.015223232589934627,0.4730310938393305,-0.004987322522397903,0.018405236217414443,0.3499999999999998,0.0,0.0,0.5499460697174072,ACTIVE
1,X+,1789628638.4038122,0.504590867211125,-0.0039352674967870725,0.01695432886899471,0.4601758057310682,-0.008003453222477397,0.015223232589934627,0.4730310938393305,-0.004987322522397903,0.018405236217414443,0.3499999999999998,0.0,0.0,0.5499460697174072,ACTIVE
1,X+,1789628638.5211709,0.504590867211125,-0.0039352674967870725,0.01695432886899471,0.4601758057310682,-0.008003453222477397,0.015223232589934627,0.4730310938393305,-0.004987322522397903,0.018405236217414443,0.3499999999999998,0.0,0.0,0.5499460697174072,ACTIVE
1,X+,1789628638.634192,0.504590867211125,-0.0039352674967870725,0.01695432886899471,0.4601758057310682,-0.008003453222477397,0.015223232589934627,0.4730310938393305,-0.004987322522397903,0.018405236217414443,0.3499999999999998,0.0,0.0,0.5499460697174072,ACTIVE
1,X+,1789628638.7491412,0.5194980517108881,-0.0036850922890888736,0.016967878550418952,0.4601758057310682,-0.008003453222477397,0.015223232589934629,0.5038046732133334,-0.004420588551743627,0.0184050426111041,0.3499999999999998,0.0,0.0,0.5499460697174072,ACTIVE
1,X+,1789628638.9069986,0.5301570861282652,-0.0035384523731955666,0.017132204933351075,0.49098138527020385,-0.0075488062552094394,0.015331703634066768,0.5038046732133334,-0.004420588551743627,0.0184050426111041,0.3499999999999998,0.0,0.14210526315789468,0.49994605779647827,ACTIVE
1,X+,1789628639.0190604,0.5301570861282652,-0.0035384523731955666,0.017132204933351075,0.49098138527020385,-0.0075488062552094394,0.015331703634066768,0.5038046732133334,-0.004420588551743627,0.0184050426111041,0.3499999999999998,0.0,0.14210526315789468,0.49994605779647827,ACTIVE
1,X+,1789628639.1334844,0.5301570861282652,-0.0035384523731955666,0.017132204933351075,0.49098138527020385,-0.0075488062552094394,0.015331703634066768,0.5038046732133334,-0.004420588551743627,0.0184050426111041,0.3499999999999998,0.0,0.14210526315789468,0.49994605779647827,ACTIVE
1,X+,1789628639.2474606,0.5301570861282652,-0.0035384523731955666,0.017132204933351075,0.49098138527020385,-0.0075488062552094394,0.015331703634066768,0.5038046732133334,-0.004420588551743627,0.0184050426111041,0.3499999999999998,0.0,0.14210526315789468,0.49994605779647827,ACTIVE
1,X+,1789628639.3810482,0.5301570861282652,-0.0035384523731955666,0.017132204933351075,0.49098138527020385,-0.0075488062552094394,0.015331703634066768,0.5038046732133334,-0.004420588551743627,0.0184050426111041,0.3499999999999998,0.0,0.14210526315789468,0.49994605779647827,ACTIVE
1,X+,1789628639.4958475,0.5414627989155022,-0.0033298959193389576,0.017151866344100427,0.49098138527020385,-0.0075488062552094394,0.015331703634066768,0.5038046732133334,-0.004420588551743627,0.0184050426111041,0.3499999999999998,0.0,0.14210526315789468,0.49994605779647827,ACTIVE
1,X+,1789628639.6367452,0.5584693518975119,-0.0030780315067031024,0.018956954136774996,0.552166969123849,-0.006644863323266316,0.015692595263973704,0.5269899040591608,-0.003993737670203391,0.0184044163017752,0.3499999999999998,0.0,0.14210526315789468,0.4499460458755493,ACTIVE
1,X+,1789628639.7507563,0.5584693518975119,-0.0030780315067031024,0.018956954136774996,0.552166969123849,-0.006644863323266316,0.015692595263973704,0.5269899040591608,-0.003993737670203391,0.0184044163017752,0.3499999999999998,0.0,-0.015789473684210575,0.4499460458755493,ACTIVE
1,X+,1789628639.8730412,0.5584693518975119,-0.0030780315067031024,0.018956954136774996,0.552166969123849,-0.006644863323266316,0.015692595263973704,0.5269899040591608,-0.003993737670203391,0.0184044163017752,0.3499999999999998,0.0,-0.015789473684210575,0.4499460458755493,ACTIVE
1,X+,1789628639.9907305,0.5584693518975119,-0.0030780315067031024,0.018956954136774996,0.552166969123849,-0.006644863323266316,0.015692595263973704,0.5269899040591608,-0.003993737670203391,0.0184044163017752,0.3499999999999998,0.0,-0.015789473684210575,0.4499460458755493,ACTIVE
1,X+,1789628640.1193783,0.5584693518975119,-0.0030780315067031024,0.018956954136774996,0.552166969123849,-0.006644863323266316,0.015692595263973704,0.5269899040591608,-0.003993737670203391,0.0184044163017752,0.3499999999999998,0.0,-0.015789473684210575,0.4499460458755493,ACTIVE
1,X+,1789628640.2432678,0.5728627946096276,-0.0027425917393825387,0.0248194320348246,0.552166969123849,-0.006644863323266316,0.015692595263973704,0.5269899040591608,-0.003993737670203391,0.0184044163017752,0.3499999999999998,0.0,-0.015789473684210575,0.4499460458755493,ACTIVE
1,X+,1789628640.3614247,0.5909512152561701,-0.00227182752902715,0.02925108331474833,0.5413965731913124,-0.006731505262217155,0.023513094033605225,0.5534546335795345,-0.0035408617728311803,0.029150477068888785,0.3499999999999998,0.0,0.11052631578947364,0.4499460458755493,ACTIVE
1,X+,1789628640.4762833,0.5909512152561701,-0.00227182752902715,0.02925108331474833,0.5413965731913124,-0.006731505262217155,0.023513094033605225,0.5534546335795345,-0.0035408617728311803,0.029150477068888785,0.3499999999999998,0.0,0.11052631578947364,0.4499460458755493,ACTIVE
1,X+,1789628640.5898318,0.5909512152561701,-0.00227182752902715,0.02925108331474833,0.5413965731913124,-0.006731505262217155,0.023513094033605225,0.5534546335795345,-0.0035408617728311803,0.029150477068888785,0.3499999999999998,0.0,0.11052631578947364,0.4499460458755493,ACTIVE
1,X+,1789628640.705844,0.5909512152561701,-0.00227182752902715,0.02925108331474833,0.5413965731913124,-0.006731505262217155,0.023513094033605225,0.5534546335795345,-0.0035408617728311803,0.029150477068888785,0.3499999999999998,0.0,0.11052631578947364,0.4499460458755493,ACTIVE
1,X+,1789628640.8293734,0.5909512152561701,-0.00227182752902715,0.02925108331474833,0.5413965731913124,-0.006731505262217155,0.023513094033605225,0.5534546335795345,-0.0035408617728311803,0.029150477068888785,0.3499999999999998,0.0,0.11052631578947364,0.4499460458755493,ACTIVE
1,X+,1789628640.947952,0.6103581063577991,-0.0016259019411911735,0.027965442779822127,0.596754315177329,-0.005220988919222964,0.03057250575619452,0.5813378388948556,-0.0027268280564537173,0.027891871854298665,0.3499999999999998,0.0,0.11052631578947364,0.39994606375694275,ACTIVE
1,X+,1789628641.0628128,0.6203043384304596,-0.001345700314804344,0.030190227032937,0.596754315177329,-0.005220988919222964,0.03057250575619452,0.5813378388948556,-0.0027268280564537173,0.027891871854298665,0.3499999999999998,0.0,-0.015789473684210575,0.39994606375694275,ACTIVE
1,X+,1789628641.225598,0.6203043384304596,-0.001345700314804344,0.030190227032937,0.596754315177329,-0.005220988919222964,0.03057250575619452,0.5813378388948556,-0.0027268280564537173,0.027891871854298665,0.3499999999999998,0.0,-0.015789473684210575,0.39994606375694275,ACTIVE
1,X+,1789628641.347183,0.6203043384304596,-0.001345700314804344,0.030190227032937,0.596754315177329,-0.005220988919222964,0.03057250575619452,0.5813378388948556,-0.0027268280564537173,0.027891871854298665,0.3499999999999998,0.0,-0.015789473684210575,0.39994606375694275,ACTIVE
1,X+,1789628641.4606507,0.6203043384304596,-0.001345700314804344,0.030190227032937,0.596754315177329,-0.005220988919222964,0.03057250575619452,0.5813378388948556,-0.0027268280564537173,0.027891871854298665,0.3499999999999998,0.0,-0.015789473684210575,0.39994606375694275,ACTIVE
1,X+,1789628641.5877323,0.6203043384304596,-0.001345700314804344,0.030190227032937,0.596754315177329,-0.005220988919222964,0.03057250575619452,0.5813378388948556,-0.0027268280564537173,0.027891871854298665,0.3499999999999998,0.0,-0.015789473684210575,0.39994606375694275,ACTIVE
1,X+,1789628641.703965,0.6203043384304596,-0.001345700314804344,0.030190227032937,0.596754315177329,-0.005220988919222964,0.03057250575619452,0.5813378388948556,-0.0027268280564537173,0.027891871854298665,0.3499999999999998,0.0,-0.015789473684210575,0.39994606375694275,ACTIVE
1,X+,1789628641.8304713,0.6398897230791113,-0.0006989340810226678,0.03623692470612493,0.596754315177329,-0.005220988919222964,0.03057250575619452,0.5813378388948556,-0.0027268280564537173,0.027891871854298665,0.3499999999999998,0.0,-0.015789473684210575,0.39994606375694275,ACTIVE
1,X+,1789628641.9511192,0.6523006991224869,1.1870318117043754e-05,0.038596725844756034,0.6256003609909541,-0.004222310295773631,0.041108402909561644,0.6095828954540368,-0.0019467138154369854,0.03681457156474544,0.3499999999999998,0.0,-0.015789473684210575,0.3499460518360138,ACTIVE
1,X+,1789628642.0653765,0.6523006991224869,1.1870318117043754e-05,0.038596725844756034,0.6256003609909541,-0.004222310295773631,0.041108402909561644,0.6095828954540368,-0.0019467138154369854,0.03681457156474544,0.3499999999999998,0.0,-0.04736842105263163,0.3499460518360138,ACTIVE
1,X+,1789628642.1870122,0.6523006991224869,1.1870318117043754e-05,0.038596725844756034,0.6256003609909541,-0.004222310295773631,0.041108402909561644,0.6095828954540368,-0.0019467138154369854,0.03681457156474544,0.3499999999999998,0.0,-0.04736842105263163,0.3499460518360138,ACTIVE
1,X+,1789628642.3051414,0.6523006991224869,1.1870318117043754e-05,0.038596725844756034,0.6256003609909541,-0.004222310295773631,0.041108402909561644,0.6095828954540368,-0.0019467138154369854,0.03681457156474544,0.3499999999999998,0.0,-0.04736842105263163,0.3499460518360138,ACTIVE
1,X+,1789628642.4613485,0.6655582022619964,0.0004925842696285841,0.037889698026797446,0.6256003609909541,-0.004222310295773631,0.041108402909561644,0.6095828954540368,-0.0019467138154369854,0.03681457156474544,0.3499999999999998,0.0,-0.04736842105263163,0.3499460518360138,ACTIVE
1,X+,1789628642.5940874,0.683525871408137,0.0011680407737251,0.03628518755820115,0.6265372951235617,-0.004111433529679177,0.036331845167770105,0.6385258373996368,-0.0008808900099774161,0.03550821931669136,0.3499999999999998,0.0,-0.04736842105263163,0.3499460518360138,ACTIVE
1,X+,1789628642.708276,0.683525871408137,0.0011680407737251,0.03628518755820115,0.6265372951235617,-0.004111433529679177,0.036331845167770105,0.6385258373996368,-0.0008808900099774161,0.03550821931669136,0.3499999999999998,0.0,-0.04736842105263163,0.3499460518360138,ACTIVE
1,X+,1789628642.826146,0.683525871408137,0.0011680407737251,0.03628518755820115,0.6265372951235617,-0.004111433529679177,0.036331845167770105,0.6385258373996368,-0.0008808900099774161,0.03550821931669136,0.3499999999999998,0.0,-0.04736842105263163,0.3499460518360138,ACTIVE
1,X+,1789628642.950505,0.683525871408137,0.0011680407737251,0.03628518755820115,0.6265372951235617,-0.004111433529679177,0.036331845167770105,0.6385258373996368,-0.0008808900099774161,0.03550821931669136,0.3499999999999998,0.0,-0.04736842105263163,0.3499460518360138,ACTIVE
1,X+,1789628643.0829828,0.683525871408137,0.0011680407737251,0.03628518755820115,0.6265372951235617,-0.004111433529679177,0.036331845167770105,0.6385258373996368,-0.0008808900099774161,0.03550821931669136,0.3499999999999998,0.0,-0.04736842105263163,0.3499460518360138,ACTIVE
1,X+,1789628643.2102702,0.6990826545919661,0.001723192066184283,0.034183854909645234,0.6265372951235617,-0.004111433529679177,0.036331845167770105,0.6385258373996368,-0.0008808900099774161,0.03550821931669136,0.3499999999999998,0.0,-0.04736842105263163,0.3499460518360138,ACTIVE
1,X+,1789628643.3332283,0.7134162748814111,0.002205020796598415,0.03224283808728901,0.6791924392608045,-0.0024925157763993106,0.028229714453350332,0.668204322475702,0.00017060955119400055,0.03148918193967661,0.3499999999999998,0.0,-0.04736842105263163,0.29994603991508484,ACTIVE
1,X+,1789628643.4516277,0.7134162748814111,0.002205020796598415,0.03224283808728901,0.6791924392608045,-0.0024925157763993106,0.028229714453350332,0.668204322475702,0.00017060955119400055,0.03148918193967661,0.3049999999999998,-0.010000000000000134,0.0,0.29994603991508484,ACTIVE
1,X+,1789628643.565686,0.7134162748814111,0.002205020796598415,0.03224283808728901,0.6791924392608045,-0.0024925157763993106,0.028229714453350332,0.668204322475702,0.00017060955119400055,0.03148918193967661,0.3049999999999998,-0.010000000000000134,0.0,0.29994603991508484,ACTIVE
1,X+,1789628643.6767979,0.7134162748814111,0.002205020796598415,0.03224283808728901,0.6791924392608045,-0.0024925157763993106,0.028229714453350332,0.668204322475702,0.00017060955119400055,0.03148918193967661,0.3049999999999998,-0.010000000000000134,0.0,0.29994603991508484,ACTIVE
1,X+,1789628643.7888074,0.7134162748814111,0.002205020796598415,0.03224283808728901,0.6791924392608045,-0.0024925157763993106,0.028229714453350332,0.668204322475702,0.00017060955119400055,0.03148918193967661,0.3049999999999998,-0.010000000000000134,0.0,0.29994603991508484,ACTIVE
1,X+,1789628643.9072075,0.7134162748814111,0.002205020796598415,0.03224283808728901,0.6791924392608045,-0.0024925157763993106,0.028229714453350332,0.668204322475702,0.00017060955119400055,0.03148918193967661,0.3049999999999998,-0.010000000000000134,0.0,0.29994603991508484,ACTIVE
1,X+,1789628644.0307708,0.7191349339300753,0.0023890638389558174,0.031470950767196915,0.6791924392608045,-0.0024925157763993106,0.028229714453350332,0.668204322475702,0.00017060955119400055,0.03148918193967661,0.3049999999999998,-0.010000000000000134,0.0,0.29994603991508484,ACTIVE
1,X+,1789628644.1695976,0.7346239318006003,0.0028459313776611163,0.029485228078340118,0.716254780242778,-0.001445106219690025,0.023588234953491948,0.6997805181783936,0.0011461422446553352,0.027213195768770237,0.3049999999999998,-0.010000000000000134,0.0,0.29994603991508484,ACTIVE
1,X+,1789628644.2889748,0.7411554801066711,0.002975836845355708,0.029093319112161477,0.716254780242778,-0.001445106219690025,0.023588234953491948,0.6997805181783936,0.0011461422446553352,0.027213195768770237,0.25999999999999984,-0.010000000000000134,0.015789473684210478,0.29994603991508484,ACTIVE
1,X+,1789628644.4022436,0.7411554801066711,0.002975836845355708,0.029093319112161477,0.716254780242778,-0.001445106219690025,0.023588234953491948,0.6997805181783936,0.0011461422446553352,0.027213195768770237,0.25999999999999984,-0.010000000000000134,0.015789473684210478,0.29994603991508484,ACTIVE
1,X+,1789628644.5168128,0.7411554801066711,0.002975836845355708,0.029093319112161477,0.716254780242778,-0.001445106219690025,0.023588234953491948,0.6997805181783936,0.0011461422446553352,0.027213195768770237,0.25999999999999984,-0.010000000000000134,0.015789473684210478,0.29994603991508484,ACTIVE
1,X+,1789628644.6493912,0.7411554801066711,0.002975836845355708,0.029093319112161477,0.716254780242778,-0.001445106219690025,0.023588234953491948,0.6997805181783936,0.0011461422446553352,0.027213195768770237,0.25999999999999984,-0.010000000000000134,0.015789473684210478,0.29994603991508484,ACTIVE
1,X+,1789628644.7956297,0.7411554801066711,0.002975836845355708,0.029093319112161477,0.716254780242778,-0.001445106219690025,0.023588234953491948,0.6997805181783936,0.0011461422446553352,0.027213195768770237,0.25999999999999984,-0.010000000000000134,0.015789473684210478,0.29994603991508484,ACTIVE
1,X+,1789628644.9103186,0.7543020539682175,0.0029275709485721956,0.02910498141057365,0.716254780242778,-0.001445106219690025,0.023588234953491948,0.6997805181783936,0.0011461422446553352,0.027213195768770237,0.25999999999999984,-0.010000000000000134,0.015789473684210478,0.29994603991508484,ACTIVE
1,X+,1789628645.0249577,0.7694911711773541,0.002823406654555538,0.029609606164511894,0.7492258674297814,-0.0005332547620288461,0.025617938724613612,0.7215399993974421,0.0010251021654137812,0.027269535457065498,0.25999999999999984,-0.010000000000000134,0.015789473684210478,0.24994604289531708,ACTIVE
1,X+,1789628645.1386113,0.7694911711773541,0.002823406654555538,0.029609606164511894,0.7492258674297814,-0.0005332547620288461,0.025617938724613612,0.7215399993974421,0.0010251021654137812,0.027269535457065498,0.25999999999999984,-0.010000000000000134,0.015789473684210478,0.24994604289531708,ACTIVE
1,X+,1789628645.2505395,0.7694911711773541,0.002823406654555538,0.029609606164511894,0.7492258674297814,-0.0005332547620288461,0.025617938724613612,0.7215399993974421,0.0010251021654137812,0.027269535457065498,0.25999999999999984,-0.010000000000000134,0.015789473684210478,0.24994604289531708,ACTIVE
1,X+,1789628645.3685226,0.7694911711773541,0.002823406654555538,0.029609606164511894,0.7492258674297814,-0.0005332547620288461,0.025617938724613612,0.7215399993974421,0.0010251021654137812,0.027269535457065498,0.25999999999999984,-0.010000000000000134,0.015789473684210478,0.24994604289531708,ACTIVE
1,X+,1789628645.482089,0.7706250822068745,0.0028136113195344602,0.029676282649866735,0.7492258674297814,-0.0005332547620288461,0.025617938724613612,0.7215399993974421,0.0010251021654137812,0.027269535457065498,0.25999999999999984,-0.010000000000000134,0.015789473684210478,0.24994604289531708,ACTIVE
1,X+,1789628645.6051617,0.7870200338746401,0.002679953525287474,0.030667509672357436,0.7563555752456856,-0.0018008687739613592,0.03021008105970278,0.7445643144195175,0.0007640460744712705,0.028691080417830302,0.25999999999999984,-0.010000000000000134,0.015789473684210478,0.24994604289531708,ACTIVE
1,X+,1789628645.7485015,0.7967172778502011,0.002608572721218944,0.03125500858558923,0.7563555752456856,-0.0018008687739613592,0.03021008105970278,0.7445643144195175,0.0007640460744712705,0.028691080417830302,0.21499999999999986,-0.010000000000000134,0.04736842105263153,0.24994604289531708,ACTIVE
1,X+,1789628645.8815143,0.7967172778502011,0.002608572721218944,0.03125500858558923,0.7563555752456856,-0.0018008687739613592,0.03021008105970278,0.7445643144195175,0.0007640460744712705,0.028691080417830302,0.21499999999999986,-0.010000000000000134,0.04736842105263153,0.24994604289531708,ACTIVE
1,X+,1789628646.030023,0.7967172778502011,0.002608572721218944,0.03125500858558923,0.7563555752456856,-0.0018008687739613592,0.03021008105970278,0.7445643144195175,0.0007640460744712705,0.028691080417830302,0.21499999999999986,-0.010000000000000134,0.04736842105263153,0.24994604289531708,ACTIVE
1,X+,1789628646.1797073,0.7967172778502011,0.002608572721218944,0.03125500858558923,0.7563555752456856,-0.0018008687739613592,0.03021008105970278,0.7445643144195175,0.0007640460744712705,0.028691080417830302,0.21499999999999986,-0.010000000000000134,0.04736842105263153,0.24994604289531708,ACTIVE
1,X+,1789628646.2962232,0.7980464304197594,0.002599238692350972,0.03133551552526077,0.7563555752456856,-0.0018008687739613592,0.03021008105970278,0.7445643144195175,0.0007640460744712705,0.028691080417830302,0.21499999999999986,-0.010000000000000134,0.04736842105263153,0.24994604289531708,ACTIVE
1,X+,1789628646.4102762,0.8108584045887147,0.002514778663679819,0.03211144924661026,0.7563555752456856,-0.0018008687739613592,0.03021008105970278,0.7445643144195175,0.0007640460744712705,0.028691080417830302,0.21499999999999986,-0.010000000000000134,0.04736842105263153,0.24994604289531708,ACTIVE
1,X+,1789628646.5342343,0.8236501564336018,0.0023805638610971697,0.03421861157757945,0.7835775484370444,-0.002311828834467524,0.0320540432935306,0.767090546879218,0.0005425126893639505,0.030069542418323103,0.21499999999999986,-0.010000000000000134,0.04736842105263153,0.19994604587554932,ACTIVE
1,X+,1789628646.6719031,0.8236501564336018,0.0023805638610971697,0.03421861157757945,0.7835775484370444,-0.002311828834467524,0.0320540432935306,0.767090546879218,0.0005425126893639505,0.030069542418323103,0.21499999999999986,-0.010000000000000134,0.04736842105263153,0.19994604587554932,ACTIVE
1,X+,1789628646.7934575,0.8236501564336018,0.0023805638610971697,0.03421861157757945,0.7835775484370444,-0.002311828834467524,0.0320540432935306,0.767090546879218,0.0005425126893639505,0.030069542418323103,0.21499999999999986,-0.010000000000000134,0.04736842105263153,0.19994604587554932,ACTIVE
1,X+,1789628646.9073381,0.8236501564336018,0.0023805638610971697,0.03421861157757945,0.7835775484370444,-0.002311828834467524,0.0320540432935306,0.767090546879218,0.0005425126893639505,0.030069542418323103,0.21499999999999986,-0.010000000000000134,0.04736842105263153,0.19994604587554932,ACTIVE
1,X+,1789628647.021217,0.8236501564336018,0.0023805638610971697,0.03421861157757945,0.7835775484370444,-0.002311828834467524,0.0320540432935306,0.767090546879218,0.0005425126893639505,0.030069542418323103,0.21499999999999986,-0.010000000000000134,0.04736842105263153,0.19994604587554932,ACTIVE
1,X+,1789628647.1337674,0.8236501564336018,0.0023805638610971697,0.03421861157757945,0.7835775484370444,-0.002311828834467524,0.0320540432935306,0.767090546879218,0.0005425126893639505,0.030069542418323103,0.21499999999999986,-0.010000000000000134,0.04736842105263153,0.19994604587554932,ACTIVE
1,X+,1789628647.2481158,0.8319408311259745,0.0022903673360441844,0.036019868917027124,0.7835775484370444,-0.002311828834467524,0.0320540432935306,0.767090546879218,0.0005425126893639505,0.030069542418323103,0.21499999999999986,-0.010000000000000134,0.04736842105263153,0.19994604587554932,ACTIVE
1,X+,1789628647.375922,0.844967111815115,0.0021778003653749097,0.0388554289547285,0.7983987856775471,-0.0026104813990334864,0.03882109605219643,0.7875882796747875,0.00020190116013366944,0.03458988472325801,0.16999999999999987,-0.010000000000000134,0.04736842105263153,0.19994604587554932,ACTIVE
1,X+,1789628647.4975052,0.844967111815115,0.0021778003653749097,0.0388554289547285,0.7983987856775471,-0.0026104813990334864,0.03882109605219643,0.7875882796747875,0.00020190116013366944,0.03458988472325801,0.16999999999999987,-0.010000000000000134,0.04736842105263153,0.19994604587554932,ACTIVE
1,X+,1789628647.6119232,0.844967111815115,0.0021778003653749097,0.0388554289547285,0.7983987856775471,-0.0026104813990334864,0.03882109605219643,0.7875882796747875,0.00020190116013366944,0.03458988472325801,0.16999999999999987,-0.010000000000000134,0.04736842105263153,0.19994604587554932,ACTIVE
1,X+,1789628647.7232122,0.844967111815115,0.0021778003653749097,0.0388554289547285,0.7983987856775471,-0.0026104813990334864,0.03882109605219643,0.7875882796747875,0.00020190116013366944,0.03458988472325801,0.16999999999999987,-0.010000000000000134,0.04736842105263153,0.19994604587554932,ACTIVE
1,X+,1789628647.836337,0.844967111815115,0.0021778003653749097,0.0388554289547285,0.7983987856775471,-0.0026104813990334864,0.03882109605219643,0.7875882796747875,0.00020190116013366944,0.03458988472325801,0.16999999999999987,-0.010000000000000134,0.04736842105263153,0.19994604587554932,ACTIVE
1,X+,1789628647.9581969,0.8562469491827417,0.0021088513796069727,0.04130918937885689,0.798398785677547,-0.0026104813990334872,0.03882109605219642,0.8066704345061565,-2.733777631546696e-05,0.03879451541176565,0.16999999999999987,-0.010000000000000134,0.04736842105263153,0.19994604587554932,ACTIVE
1,X+,1789628648.1457036,0.8672933570973044,0.001984708124678803,0.044105737481173336,0.8201038048641988,-0.00287219077342646,0.044512614861988084,0.8066704345061565,-2.733777631546696e-05,0.03879451541176565,0.16999999999999987,-0.010000000000000134,0.04736842105263153,0.19994604587554932,ACTIVE
1,X+,1789628648.266213,0.8672933570973044,0.001984708124678803,0.044105737481173336,0.8201038048641988,-0.00287219077342646,0.044512614861988084,0.8066704345061565,-2.733777631546696e-05,0.03879451541176565,0.16999999999999987,-0.010000000000000134,0.04736842105263153,0.19994604587554932,ACTIVE
1,X+,1789628648.3782086,0.8672933570973044,0.001984708124678803,0.044105737481173336,0.8201038048641988,-0.00287219077342646,0.044512614861988084,0.8066704345061565,-2.733777631546696e-05,0.03879451541176565,0.16999999999999987,-0.010000000000000134,0.04736842105263153,0.19994604587554932,ACTIVE
1,X+,1789628648.4907012,0.8672933570973044,0.001984708124678803,0.044105737481173336,0.8201038048641988,-0.00287219077342646,0.044512614861988084,0.8066704345061565,-2.733777631546696e-05,0.03879451541176565,0.16999999999999987,-0.010000000000000134,0.04736842105263153,0.19994604587554932,ACTIVE
1,X+,1789628648.6083071,0.8672933570973044,0.001984708124678803,0.044105737481173336,0.8201038048641988,-0.00287219077342646,0.044512614861988084,0.8066704345061565,-2.733777631546696e-05,0.03879451541176565,0.16999999999999987,-0.010000000000000134,0.04736842105263153,0.19994604587554932,ACTIVE
1,X+,1789628648.7200031,0.8682460350869601,0.001971340732066823,0.04436509913592927,0.8201038048641988,-0.00287219077342646,0.044512614861988084,0.8066704345061565,-2.733777631546696e-05,0.03879451541176565,0.16999999999999987,-0.010000000000000134,0.04736842105263153,0.19994604587554932,ACTIVE
1,X+,1789628648.8354132,0.8762932784683956,0.0018671035373030703,0.04656769187188728,0.8201038048641988,-0.00287219077342646,0.044512614861988084,0.8066704345061565,-2.733777631546696e-05,0.03879451541176565,0.16999999999999987,-0.010000000000000134,0.04736842105263153,0.19994604587554932,ACTIVE
1,X+,1789628648.9485564,0.8841478111054442,0.0017809504905462433,0.0487149592198575,0.8369872710694759,-0.002912086500636353,0.049635834008791214,0.8234339442520665,-0.0003626289728552528,0.04345920076240746,0.12499999999999986,-0.010000000000000134,0.11052631578947364,0.14994604885578156,ACTIVE
1,X+,1789628649.0617018,0.8841478111054442,0.0017809504905462433,0.0487149592198575,0.8369872710694759,-0.002912086500636353,0.049635834008791214,0.8234339442520665,-0.0003626289728552528,0.04345920076240746,0.12499999999999986,-0.010000000000000134,0.11052631578947364,0.14994604885578156,ACTIVE
1,X+,1789628649.175669,0.8841478111054442,0.0017809504905462433,0.0487149592198575,0.8369872710694759,-0.002912086500636353,0.049635834008791214,0.8234339442520665,-0.0003626289728552528,0.04345920076240746,0.12499999999999986,-0.010000000000000134,0.11052631578947364,0.14994604885578156,ACTIVE
1,X+,1789628649.288962,0.8841478111054442,0.0017809504905462433,0.0487149592198575,0.8369872710694759,-0.002912086500636353,0.049635834008791214,0.8234339442520665,-0.0003626289728552528,0.04345920076240746,0.12499999999999986,-0.010000000000000134,0.11052631578947364,0.14994604885578156,ACTIVE
1,X+,1789628649.4006622,0.8841478111054442,0.0017809504905462433,0.0487149592198575,0.8369872710694759,-0.002912086500636353,0.049635834008791214,0.8234339442520665,-0.0003626289728552528,0.04345920076240746,0.12499999999999986,-0.010000000000000134,0.11052631578947364,0.14994604885578156,ACTIVE
1,X+,1789628649.5155888,0.8870885145350429,0.0017526718725485368,0.04951839203225676,0.8369872710694759,-0.002912086500636353,0.049635834008791214,0.8234339442520665,-0.0003626289728552528,0.04345920076240746,0.12499999999999986,-0.010000000000000134,0.11052631578947364,0.14994604885578156,ACTIVE
1,X+,1789628649.6422482,0.897505445039553,0.0016594092631877083,0.053454045028569035,0.8469186270827979,-0.0033087987768032952,0.05293040028548382,0.8390366679250351,-0.0006021856235706601,0.04780160953217667,0.12499999999999986,-0.010000000000000134,0.11052631578947364,0.14994604885578156,ACTIVE
1,X+,1789628649.7655203,0.9002071638120586,0.0015919870155345081,0.055838398982893805,0.8469186270827979,-0.0033087987768032952,0.05293040028548382,0.8390366679250351,-0.0006021856235706601,0.04780160953217667,0.12499999999999986,-0.010000000000000134,0.11052631578947364,0.14994604885578156,ACTIVE
1,X+,1789628649.8771238,0.9002071638120586,0.0015919870155345081,0.055838398982893805,0.8469186270827979,-0.0033087987768032952,0.05293040028548382,0.8390366679250351,-0.0006021856235706601,0.04780160953217667,0.12499999999999986,-0.010000000000000134,0.11052631578947364,0.14994604885578156,ACTIVE
1,X+,1789628649.9923446,0.9002071638120586,0.0015919870155345081,0.055838398982893805,0.8469186270827979,-0.0033087987768032952,0.05293040028548382,0.8390366679250351,-0.0006021856235706601,0.04780160953217667,0.12499999999999986,-0.010000000000000134,0.11052631578947364,0.14994604885578156,ACTIVE
1,X+,1789628650.1059728,0.9002071638120586,0.0015919870155345081,0.055838398982893805,0.8469186270827979,-0.0033087987768032952,0.05293040028548382,0.8390366679250351,-0.0006021856235706601,0.04780160953217667,0.12499999999999986,-0.010000000000000134,0.11052631578947364,0.14994604885578156,ACTIVE
1,X+,1789628650.217565,0.903918735672661,0.0015090009858792991,0.058948894516590924,0.8469186270827979,-0.0033087987768032952,0.05293040028548382,0.8390366679250351,-0.0006021856235706601,0.04780160953217667,0.12499999999999986,-0.010000000000000134,0.11052631578947364,0.14994604885578156,ACTIVE
1,X+,1789628650.3322203,0.9096612441118203,0.001404184070154065,0.06377511400219169,0.8619672849723721,-0.003213319282249655,0.06760213156731924,0.8520394664420841,-0.0010330114117687967,0.05928177227867392,0.12499999999999986,-0.010000000000000134,0.11052631578947364,0.14994604885578156,ACTIVE
1,X+,1789628650.4467275,0.9124661786559419,0.0013626549892572348,0.06613244124662916,0.8619672849723721,-0.003213319282249655,0.06760213156731924,0.8520394664420841,-0.0010330114117687967,0.05928177227867392,0.12499999999999986,-0.010000000000000134,0.07894736842105259,0.14994604885578156,ACTIVE
1,X+,1789628650.559597,0.9124661786559419,0.0013626549892572348,0.06613244124662916,0.8619672849723721,-0.003213319282249655,0.06760213156731924,0.8520394664420841,-0.0010330114117687967,0.05928177227867392,0.12499999999999986,-0.010000000000000134,0.07894736842105259,0.14994604885578156,ACTIVE
1,X+,1789628650.6730561,0.9124661786559419,0.0013626549892572348,0.06613244124662916,0.8619672849723721,-0.003213319282249655,0.06760213156731924,0.8520394664420841,-0.0010330114117687967,0.05928177227867392,0.12499999999999986,-0.010000000000000134,0.07894736842105259,0.14994604885578156,ACTIVE
1,X+,1789628650.784226,0.9124661786559419,0.0013626549892572348,0.06613244124662916,0.8619672849723721,-0.003213319282249655,0.06760213156731924,0.8520394664420841,-0.0010330114117687967,0.05928177227867392,0.12499999999999986,-0.010000000000000134,0.07894736842105259,0.14994604885578156,ACTIVE
1,X+,1789628650.8960757,0.9124661786559419,0.0013626549892572348,0.06613244124662916,0.8619672849723721,-0.003213319282249655,0.06760213156731924,0.8520394664420841,-0.0010330114117687967,0.05928177227867392,0.12499999999999986,-0.010000000000000134,0.07894736842105259,0.14994604885578156,ACTIVE
1,X+,1789628651.0080464,0.9124661786559419,0.0013626549892572348,0.06613244124662916,0.8619672849723721,-0.003213319282249655,0.06760213156731924,0.8520394664420841,-0.0010330114117687967,0.05928177227867392,0.12499999999999986,-0.010000000000000134,0.07894736842105259,0.14994604885578156,ACTIVE
1,X+,1789628651.135717,0.9190071851487012,0.0012912600390021364,0.07153749050464563,0.8720172338713287,-0.0035681811436457447,0.0775336025616013,0.8640465270829323,-0.001322094659294447,0.06990740734874906,0.12499999999999986,-0.010000000000000134,0.07894736842105259,0.14994604885578156,ACTIVE
1,X+,1789628651.2470148,0.9210640092886851,0.0012741153133596604,0.07272646753556744,0.8720172338713287,-0.0035681811436457447,0.0775336025616013,0.8640465270829323,-0.001322094659294447,0.06990740734874906,0.07999999999999986,0.0,-0.07894736842105268,0.14994604885578156,ACTIVE
1,X+,1789628651.3611968,0.9210640092886851,0.0012741153133596604,0.07272646753556744,0.8720172338713287,-0.0035681811436457447,0.0775336025616013,0.8640465270829323,-0.001322094659294447,0.06990740734874906,0.07999999999999986,0.0,-0.07894736842105268,0.14994604885578156,ACTIVE
1,X+,1789628651.507885,0.9210640092886851,0.0012741153133596604,0.07272646753556744,0.8720172338713287,-0.0035681811436457447,0.0775336025616013,0.8640465270829323,-0.001322094659294447,0.06990740734874906,0.07999999999999986,0.0,-0.07894736842105268,0.14994604885578156,ACTIVE
1,X+,1789628651.6423156,0.9210640092886851,0.0012741153133596604,0.07272646753556744,0.8720172338713287,-0.0035681811436457447,0.0775336025616013,0.8640465270829323,-0.001322094659294447,0.06990740734874906,0.07999999999999986,0.0,-0.07894736842105268,0.14994604885578156,ACTIVE
1,X+,1789628651.7545521,0.9210640092886851,0.0012741153133596604,0.07272646753556744,0.8720172338713287,-0.0035681811436457447,0.0775336025616013,0.8640465270829323,-0.001322094659294447,0.06990740734874906,0.07999999999999986,0.0,-0.07894736842105268,0.14994604885578156,ACTIVE
1,X+,1789628651.87529,0.9234152901587047,0.0012598178495904751,0.07416283783882037,0.8720172338713287,-0.0035681811436457447,0.0775336025616013,0.8640465270829323,-0.001322094659294447,0.06990740734874906,0.07999999999999986,0.0,-0.07894736842105268,0.14994604885578156,ACTIVE
1,X+,1789628651.9988706,0.9271151438576345,0.0012241293194125927,0.07587176499380033,0.8701518648159171,-0.0036228888937994436,0.07454313446792318,0.876028641494163,-0.0015053303181545975,0.0775393413200492,0.07999999999999986,0.0,-0.07894736842105268,0.14994604885578156,ACTIVE
1,X+,1789628652.1220887,0.9288282133767561,0.0012169905640430209,0.07572050657770175,0.8701518648159171,-0.0036228888937994436,0.07454313446792318,0.876028641494163,-0.0015053303181545975,0.0775393413200492,0.12499999999999986,-0.010000000000000134,0.04736842105263153,0.14994604885578156,ACTIVE
1,X+,1789628652.237429,0.9288282133767561,0.0012169905640430209,0.07572050657770175,0.8701518648159171,-0.0036228888937994436,0.07454313446792318,0.876028641494163,-0.0015053303181545975,0.0775393413200492,0.12499999999999986,-0.010000000000000134,0.04736842105263153,0.14994604885578156,ACTIVE
1,X+,1789628652.3494751,0.9288282133767561,0.0012169905640430209,0.07572050657770175,0.8701518648159171,-0.0036228888937994436,0.07454313446792318,0.876028641494163,-0.0015053303181545975,0.0775393413200492,0.12499999999999986,-0.010000000000000134,0.04736842105263153,0.14994604885578156,ACTIVE
1,X+,1789628652.466287,0.9288282133767561,0.0012169905640430209,0.07572050657770175,0.8701518648159171,-0.0036228888937994436,0.07454313446792318,0.876028641494163,-0.0015053303181545975,0.0775393413200492,0.12499999999999986,-0.010000000000000134,0.04736842105263153,0.14994604885578156,ACTIVE
1,X+,1789628652.579509,0.9288282133767561,0.0012169905640430209,0.07572050657770175,0.8701518648159171,-0.0036228888937994436,0.07454313446792318,0.876028641494163,-0.0015053303181545975,0.0775393413200492,0.12499999999999986,-0.010000000000000134,0.04736842105263153,0.14994604885578156,ACTIVE
1,X+,1789628652.7706573,0.9316462128487055,0.0012126940469442968,0.0755968957381498,0.8930853035558689,-0.003899300235374382,0.07604433482584885,0.8859611489393888,-0.0014977698568617143,0.077130515761913,0.12499999999999986,-0.010000000000000134,0.04736842105263153,0.14994604885578156,ACTIVE
1,X+,1789628652.9166024,0.9334767513890037,0.0012082107608414432,0.07606383947588022,0.8930853035558689,-0.003899300235374382,0.07604433482584885,0.8859611489393888,-0.0014977698568617143,0.077130515761913,0.07999999999999986,0.0,-0.07894736842105268,0.0999460443854332,ACTIVE
1,X+,1789628653.030469,0.9334767513890037,0.0012082107608414432,0.07606383947588022,0.8930853035558689,-0.003899300235374382,0.07604433482584885,0.8859611489393888,-0.0014977698568617143,0.077130515761913,0.07999999999999986,0.0,-0.07894736842105268,0.0999460443854332,ACTIVE
1,X+,1789628653.1424742,0.9334767513890037,0.0012082107608414432,0.07606383947588022,0.8930853035558689,-0.003899300235374382,0.07604433482584885,0.8859611489393888,-0.0014977698568617143,0.077130515761913,0.07999999999999986,0.0,-0.07894736842105268,0.0999460443854332,ACTIVE
1,X+,1789628653.2985833,0.9334767513890037,0.0012082107608414432,0.07606383947588022,0.8930853035558689,-0.003899300235374382,0.07604433482584885,0.8859611489393888,-0.0014977698568617143,0.077130515761913,0.07999999999999986,0.0,-0.07894736842105268,0.0999460443854332,ACTIVE
1,X+,1789628653.4107099,0.9334767513890037,0.0012082107608414432,0.07606383947588022,0.8930853035558689,-0.003899300235374382,0.07604433482584885,0.8859611489393888,-0.0014977698568617143,0.077130515761913,0.07999999999999986,0.0,-0.07894736842105268,0.0999460443854332,ACTIVE
1,X+,1789628653.6203568,0.9348090727208503,0.0012031762935003458,0.07655565468792003,0.8930853035558691,-0.003899300235374382,0.07604433482584884,0.8969387663212334,-0.0015428703743666323,0.08131356013461506,0.07999999999999986,0.0,-0.07894736842105268,0.0999460443854332,ACTIVE
1,X+,1789628653.7737796,0.9360942537702944,0.0011726445795896745,0.07662940382517265,0.8994162059490297,-0.0037905866978585143,0.07620856383230107,0.8969387663212334,-0.0015428703743666323,0.08131356013461506,0.12499999999999986,-0.010000000000000134,0.04736842105263153,0.0999460443854332,ACTIVE
1,X+,1789628653.8847928,0.9360942537702944,0.0011726445795896745,0.07662940382517265,0.8994162059490297,-0.0037905866978585143,0.07620856383230107,0.8969387663212334,-0.0015428703743666323,0.08131356013461506,0.12499999999999986,-0.010000000000000134,0.04736842105263153,0.0999460443854332,ACTIVE
1,X+,1789628654.0126822,0.9360942537702944,0.0011726445795896745,0.07662940382517265,0.8994162059490297,-0.0037905866978585143,0.07620856383230107,0.8969387663212334,-0.0015428703743666323,0.08131356013461506,0.12499999999999986,-0.010000000000000134,0.04736842105263153,0.0999460443854332,ACTIVE
1,X+,1789628654.1246178,0.9360942537702944,0.0011726445795896745,0.07662940382517265,0.8994162059490297,-0.0037905866978585143,0.07620856383230107,0.8969387663212334,-0.0015428703743666323,0.08131356013461506,0.12499999999999986,-0.010000000000000134,0.04736842105263153,0.0999460443854332,ACTIVE
1,X+,1789628654.2437217,0.9360942537702944,0.0011726445795896745,0.07662940382517265,0.8994162059490297,-0.0037905866978585143,0.07620856383230107,0.8969387663212334,-0.0015428703743666323,0.08131356013461506,0.12499999999999986,-0.010000000000000134,0.04736842105263153,0.0999460443854332,ACTIVE
1,X+,1789628654.4225395,0.936449417018405,0.001166137682029618,0.07654564976610376,0.8994162059490297,-0.0037905866978585143,0.07620856383230107,0.8969387663212334,-0.0015428703743666323,0.08131356013461506,0.12499999999999986,-0.010000000000000134,0.04736842105263153,0.0999460443854332,ACTIVE
1,X+,1789628654.5546076,0.936973806269761,0.0011441766455639497,0.07650183622830872,0.912819961050331,-0.0038603913876734076,0.07510506526645463,0.9051082061291446,-0.0015635612340513792,0.07880425723657458,0.07999999999999986,0.0,-0.07894736842105268,0.0999460443854332,ACTIVE
1,X+,1789628654.6809056,0.9369987325473544,0.0011463457765986257,0.07650597699206721,0.912819961050331,-0.0038603913876734076,0.07510506526645463,0.9051082061291446,-0.0015635612340513792,0.07880425723657458,0.07999999999999986,0.0,-0.07894736842105268,0.0999460443854332,ACTIVE
1,X+,1789628654.7954674,0.9369987325473544,0.0011463457765986257,0.07650597699206721,0.912819961050331,-0.0038603913876734076,0.07510506526645463,0.9051082061291446,-0.0015635612340513792,0.07880425723657458,0.07999999999999986,0.0,-0.07894736842105268,0.0999460443854332,ACTIVE
1,X+,1789628654.914261,0.9369987325473544,0.0011463457765986257,0.07650597699206721,0.912819961050331,-0.0038603913876734076,0.07510506526645463,0.9051082061291446,-0.0015635612340513792,0.07880425723657458,0.07999999999999986,0.0,-0.07894736842105268,0.0999460443854332,ACTIVE
1,X+,1789628655.0408893,0.9369987325473544,0.0011463457765986257,0.07650597699206721,0.912819961050331,-0.0038603913876734076,0.07510506526645463,0.9051082061291446,-0.0015635612340513792,0.07880425723657458,0.07999999999999986,0.0,-0.07894736842105268,0.0999460443854332,ACTIVE
1,X+,1789628655.1908705,0.9369987325473544,0.0011463457765986257,0.07650597699206721,0.912819961050331,-0.0038603913876734076,0.07510506526645463,0.9051082061291446,-0.0015635612340513792,0.07880425723657458,0.07999999999999986,0.0,-0.07894736842105268,0.0999460443854332,ACTIVE
1,X+,1789628655.3319023,0.9370836729764822,0.0011515826094969173,0.07651899709294886,0.912819961050331,-0.0038603913876734076,0.07510506526645463,0.9051082061291446,-0.0015635612340513792,0.07880425723657458,0.07999999999999986,0.0,-0.07894736842105268,0.0999460443854332,ACTIVE
1,X+,1789628655.482997,0.9374522038723899,0.0011691014692916555,0.07660767956494788,0.9149960915007699,-0.0039222754802516295,0.07489032984831297,0.9127651209913709,-0.0013992704979743187,0.08129740582919075,0.12499999999999986,-0.010000000000000134,0.04736842105263153,0.0999460443854332,ACTIVE
1,X+,1789628655.59466,0.9376064096281496,0.0011721881630929448,0.07655511410218625,0.9149960915007699,-0.0039222754802516295,0.07489032984831297,0.9127651209913709,-0.0013992704979743187,0.08129740582919075,0.12499999999999986,-0.010000000000000134,0.04736842105263153,0.0999460443854332,ACTIVE
1,X+,1789628655.7068243,0.9376064096281496,0.0011721881630929448,0.07655511410218625,0.9149960915007699,-0.0039222754802516295,0.07489032984831297,0.9127651209913709,-0.0013992704979743187,0.08129740582919075,0.12499999999999986,-0.010000000000000134,0.04736842105263153,0.0999460443854332,ACTIVE
1,X+,1789628655.820364,0.9376064096281496,0.0011721881630929448,0.07655511410218625,0.9149960915007699,-0.0039222754802516295,0.07489032984831297,0.9127651209913709,-0.0013992704979743187,0.08129740582919075,0.12499999999999986,-0.010000000000000134,0.04736842105263153,0.0999460443854332,ACTIVE
1,X+,1789628655.9373896,0.9376064096281496,0.0011721881630929448,0.07655511410218625,0.9149960915007699,-0.0039222754802516295,0.07489032984831297,0.9127651209913709,-0.0013992704979743187,0.08129740582919075,0.12499999999999986,-0.010000000000000134,0.04736842105263153,0.0999460443854332,ACTIVE
1,X+,1789628656.077045,0.9376064096281496,0.0011721881630929448,0.07655511410218625,0.9149960915007699,-0.0039222754802516295,0.07489032984831297,0.9127651209913709,-0.0013992704979743187,0.08129740582919075,0.12499999999999986,-0.010000000000000134,0.04736842105263153,0.0999460443854332,ACTIVE
1,X+,1789628656.2536757,0.9376064096281496,0.0011721881630929448,0.07655511410218625,0.9149960915007699,-0.0039222754802516295,0.07489032984831297,0.9127651209913709,-0.0013992704979743187,0.08129740582919075,0.12499999999999986,-0.010000000000000134,0.04736842105263153,0.0999460443854332,ACTIVE
1,X+,1789628656.3671472,0.9380921021052318,0.0011747059523092036,0.07640127278721293,0.9149960915007699,-0.0039222754802516295,0.07489032984831297,0.9171871689352334,-0.0017042582828555343,0.07906281829297747,0.12499999999999986,-0.010000000000000134,0.04736842105263153,0.0999460443854332,ACTIVE
1,X+,1789628656.533871,0.9392011787227775,0.0011865944500418927,0.0765578468865872,0.9132274500406093,-0.00381715034030251,0.07463827095220177,0.9171871689352334,-0.0017042582828555343,0.07906281829297747,0.07999999999999986,0.0,-0.07894736842105268,0.0999460443854332,ACTIVE
1,X+,1789628656.6629677,0.9392011787227775,0.0011865944500418927,0.0765578468865872,0.9132274500406093,-0.00381715034030251,0.07463827095220177,0.9171871689352334,-0.0017042582828555343,0.07906281829297747,0.07999999999999986,0.0,-0.07894736842105268,0.0999460443854332,ACTIVE
1,X+,1789628656.7768714,0.9392011787227775,0.0011865944500418927,0.0765578468865872,0.9132274500406093,-0.00381715034030251,0.07463827095220177,0.9171871689352334,-0.0017042582828555343,0.07906281829297747,0.07999999999999986,0.0,-0.07894736842105268,0.0999460443854332,ACTIVE
1,X+,1789628656.8902624,0.9392011787227775,0.0011865944500418927,0.0765578468865872,0.9132274500406093,-0.00381715034030251,0.07463827095220177,0.9171871689352334,-0.0017042582828555343,0.07906281829297747,0.07999999999999986,0.0,-0.07894736842105268,0.0999460443854332,ACTIVE
1,X+,1789628657.002574,0.9392011787227775,0.0011865944500418927,0.0765578468865872,0.9132274500406093,-0.00381715034030251,0.07463827095220177,0.9171871689352334,-0.0017042582828555343,0.07906281829297747,0.07999999999999986,0.0,-0.07894736842105268,0.0999460443854332,ACTIVE
1,X+,1789628657.117648,0.9395860749440328,0.0011952981158112547,0.07670753544823229,0.9132274500406093,-0.00381715034030251,0.07463827095220177,0.9171871689352334,-0.0017042582828555343,0.07906281829297747,0.07999999999999986,0.0,-0.07894736842105268,0.0999460443854332,ACTIVE
1,X+,1789628657.256742,0.9409717455048782,0.0012160534689838378,0.07724326883570763,0.9254320622745767,-0.004289881150348459,0.0758080299326713,0.9239785744991169,-0.0012155375448372674,0.08048121287802415,0.07999999999999986,0.0,-0.07894736842105268,0.04994604364037514,ACTIVE
1,X+,1789628657.3695521,0.942184449190423,0.0012996311918335246,0.07718574022841605,0.9254320622745767,-0.004289881150348459,0.0758080299326713,0.9239785744991169,-0.0012155375448372674,0.08048121287802415,0.07999999999999986,0.0,-0.07894736842105268,0.04994604364037514,ACTIVE
1,X+,1789628657.481145,0.942184449190423,0.0012996311918335246,0.07718574022841605,0.9254320622745767,-0.004289881150348459,0.0758080299326713,0.9239785744991169,-0.0012155375448372674,0.08048121287802415,0.07999999999999986,0.0,-0.07894736842105268,0.04994604364037514,ACTIVE
1,X+,1789628657.5993621,0.942184449190423,0.0012996311918335246,0.07718574022841605,0.9254320622745767,-0.004289881150348459,0.0758080299326713,0.9239785744991169,-0.0012155375448372674,0.08048121287802415,0.07999999999999986,0.0,-0.07894736842105268,0.04994604364037514,ACTIVE
1,X+,1789628657.7425673,0.942184449190423,0.0012996311918335246,0.07718574022841605,0.9254320622745767,-0.004289881150348459,0.0758080299326713,0.9239785744991169,-0.0012155375448372674,0.08048121287802415,0.07999999999999986,0.0,-0.07894736842105268,0.04994604364037514,ACTIVE
1,X+,1789628657.8723226,0.942184449190423,0.0012996311918335246,0.07718574022841605,0.9254320622745767,-0.004289881150348459,0.0758080299326713,0.9239785744991169,-0.0012155375448372674,0.08048121287802415,0.07999999999999986,0.0,-0.07894736842105268,0.04994604364037514,ACTIVE
1,X+,1789628657.9840913,0.942184449190423,0.0012996311918335246,0.07718574022841605,0.9254320622745767,-0.004289881150348459,0.0758080299326713,0.9239785744991169,-0.0012155375448372674,0.08048121287802415,0.07999999999999986,0.0,-0.07894736842105268,0.04994604364037514,ACTIVE
1,X+,1789628658.0973415,0.9428665043491421,0.001335767153184315,0.0771114963563805,0.9254320622745767,-0.004289881150348459,0.0758080299326713,0.9239785744991169,-0.0012155375448372674,0.08048121287802415,0.07999999999999986,0.0,-0.07894736842105268,0.04994604364037514,ACTIVE
1,X+,1789628658.236141,0.9455370416820937,0.0014815697763766525,0.07664851106979303,0.9266568011525462,-0.0034814059450005265,0.07526414826438942,0.926546056686894,-0.0013923359014164644,0.0791908512077101,0.07999999999999986,0.0,-0.07894736842105268,0.04994604364037514,ACTIVE
1,X+,1789628658.3716774,0.9476714118624014,0.0016458609039657918,0.07504115270968922,0.9266568011525462,-0.0034814059450005265,0.07526414826438942,0.926546056686894,-0.0013923359014164644,0.0791908512077101,0.07999999999999986,0.0,-0.07894736842105268,0.04994604364037514,ACTIVE
1,X+,1789628658.499676,0.9476714118624014,0.0016458609039657918,0.07504115270968922,0.9266568011525462,-0.0034814059450005265,0.07526414826438942,0.926546056686894,-0.0013923359014164644,0.0791908512077101,0.07999999999999986,0.0,-0.07894736842105268,0.04994604364037514,ACTIVE
1,X+,1789628658.6134574,0.9476714118624014,0.0016458609039657918,0.07504115270968922,0.9266568011525462,-0.0034814059450005265,0.07526414826438942,0.926546056686894,-0.0013923359014164644,0.0791908512077101,0.07999999999999986,0.0,-0.07894736842105268,0.04994604364037514,ACTIVE
1,X+,1789628658.7614484,0.9476714118624014,0.0016458609039657918,0.07504115270968922,0.9266568011525462,-0.0034814059450005265,0.07526414826438942,0.926546056686894,-0.0013923359014164644,0.0791908512077101,0.07999999999999986,0.0,-0.07894736842105268,0.04994604364037514,ACTIVE
1,X+,1789628658.874949,0.9476714118624014,0.0016458609039657918,0.07504115270968922,0.9266568011525462,-0.0034814059450005265,0.07526414826438942,0.926546056686894,-0.0013923359014164644,0.0791908512077101,0.07999999999999986,0.0,-0.07894736842105268,0.04994604364037514,ACTIVE
1,X+,1789628658.9923248,0.9476714118624014,0.0016458609039657918,0.07504115270968922,0.9266568011525462,-0.0034814059450005265,0.07526414826438942,0.926546056686894,-0.0013923359014164644,0.0791908512077101,0.07999999999999986,0.0,-0.07894736842105268,0.04994604364037514,ACTIVE
1,X+,1789628659.1213288,0.9476714118624014,0.0016458609039657918,0.07504115270968922,0.9266568011525462,-0.0034814059450005265,0.07526414826438942,0.926546056686894,-0.0013923359014164644,0.0791908512077101,0.07999999999999986,0.0,-0.07894736842105268,0.04994604364037514,ACTIVE
1,X+,1789628659.2457879,0.9510404468490414,0.001739435504713044,0.0720563841767358,0.929717550547176,-0.0038755860678080078,0.0671532385600737,0.9286264775965116,-0.0011760288100469982,0.07749614443716482,0.07999999999999986,0.0,-0.07894736842105268,0.04994604364037514,ACTIVE
1,X+,1789628659.3690224,0.9539624921223597,0.001936518690292155,0.06902109051708362,0.929717550547176,-0.0038755860678080078,0.0671532385600737,0.9286264775965116,-0.0011760288100469982,0.07749614443716482,0.07999999999999986,0.0,-0.07894736842105268,0.04994604364037514,ACTIVE
1,X+,1789628659.5044742,0.9539624921223597,0.001936518690292155,0.06902109051708362,0.929717550547176,-0.0038755860678080078,0.0671532385600737,0.9286264775965116,-0.0011760288100469982,0.07749614443716482,0.07999999999999986,0.0,-0.07894736842105268,0.04994604364037514,ACTIVE
1,X+,1789628659.6156464,0.9539624921223597,0.001936518690292155,0.06902109051708362,0.929717550547176,-0.0038755860678080078,0.0671532385600737,0.9286264775965116,-0.0011760288100469982,0.07749614443716482,0.07999999999999986,0.0,-0.07894736842105268,0.04994604364037514,ACTIVE
1,X+,1789628659.763663,0.9539624921223597,0.001936518690292155,0.06902109051708362,0.929717550547176,-0.0038755860678080078,0.0671532385600737,0.9286264775965116,-0.0011760288100469982,0.07749614443716482,0.07999999999999986,0.0,-0.07894736842105268,0.04994604364037514,ACTIVE
1,X+,1789628659.8778071,0.9539624921223597,0.001936518690292155,0.06902109051708362,0.929717550547176,-0.0038755860678080078,0.0671532385600737,0.9286264775965116,-0.0011760288100469982,0.07749614443716482,0.07999999999999986,0.0,-0.07894736842105268,0.04994604364037514,ACTIVE
1,X+,1789628659.9903657,0.9539624921223597,0.001936518690292155,0.06902109051708362,0.929717550547176,-0.0038755860678080078,0.0671532385600737,0.9286264775965116,-0.0011760288100469982,0.07749614443716482,0.07999999999999986,0.0,-0.07894736842105268,0.04994604364037514,ACTIVE
1,X+,1789628660.1052449,0.9539624921223597,0.001936518690292155,0.06902109051708362,0.929717550547176,-0.0038755860678080078,0.0671532385600737,0.9286264775965116,-0.0011760288100469982,0.07749614443716482,0.07999999999999986,0.0,-0.07894736842105268,0.04994604364037514,ACTIVE
1,X+,1789628660.218675,0.9539624921223597,0.001936518690292155,0.06902109051708362,0.929717550547176,-0.0038755860678080078,0.0671532385600737,0.9286264775965116,-0.0011760288100469982,0.07749614443716482,0.07999999999999986,0.0,-0.07894736842105268,0.04994604364037514,ACTIVE
1,X+,1789628660.3327348,0.9539624921223597,0.001936518690292155,0.06902109051708362,0.929717550547176,-0.0038755860678080078,0.0671532385600737,0.9286264775965116,-0.0011760288100469982,0.07749614443716482,0.07999999999999986,0.0,-0.07894736842105268,0.04994604364037514,ACTIVE
1,X+,1789628660.451699,0.9560579845236581,0.0020735882513050995,0.06683854225614515,0.929717550547176,-0.0038755860678080078,0.0671532385600737,0.9286264775965116,-0.0011760288100469982,0.07749614443716482,0.07999999999999986,0.0,-0.07894736842105268,0.04994604364037514,ACTIVE
1,X+,1789628660.6234589,0.9629361723003861,0.0024898536190621433,0.05966882005889257,0.9298122229874957,-0.003298592715681765,0.057545023892857705,0.9322276261404577,-0.0006122633798775479,0.07390995688122208,0.07999999999999986,0.0,-0.04736842105263163,0.04994604364037514,ACTIVE
1,X+,1789628660.790459,0.9629361723003861,0.0024898536190621433,0.05966882005889257,0.9298122229874957,-0.003298592715681765,0.057545023892857705,0.9322276261404577,-0.0006122633798775479,0.07390995688122208,0.07999999999999986,0.0,-0.07894736842105268,0.04994604364037514,ACTIVE
1,X+,1789628660.9217505,0.9629361723003861,0.0024898536190621433,0.05966882005889257,0.9298122229874957,-0.003298592715681765,0.057545023892857705,0.9322276261404577,-0.0006122633798775479,0.07390995688122208,0.07999999999999986,0.0,-0.07894736842105268,0.04994604364037514,ACTIVE
1,X+,1789628661.033834,0.9629361723003861,0.0024898536190621433,0.05966882005889257,0.9298122229874957,-0.003298592715681765,0.057545023892857705,0.9322276261404577,-0.0006122633798775479,0.07390995688122208,0.07999999999999986,0.0,-0.07894736842105268,0.04994604364037514,ACTIVE
1,X+,1789628661.1690273,0.9629361723003861,0.0024898536190621433,0.05966882005889257,0.9298122229874957,-0.003298592715681765,0.057545023892857705,0.9322276261404577,-0.0006122633798775479,0.07390995688122208,0.07999999999999986,0.0,-0.07894736842105268,0.04994604364037514,ACTIVE
1,X+,1789628661.3606317,0.9629361723003861,0.0024898536190621433,0.05966882005889257,0.9298122229874957,-0.003298592715681765,0.057545023892857705,0.9322276261404577,-0.0006122633798775479,0.07390995688122208,0.07999999999999986,0.0,-0.07894736842105268,0.04994604364037514,ACTIVE
1,X+,1789628661.5053189,0.9629361723003861,0.0024898536190621433,0.05966882005889257,0.9298122229874957,-0.003298592715681765,0.057545023892857705,0.9322276261404577,-0.0006122633798775479,0.07390995688122208,0.07999999999999986,0.0,-0.07894736842105268,0.04994604364037514,ACTIVE
1,X+,1789628661.6191235,0.9629361723003861,0.0024898536190621433,0.05966882005889257,0.9298122229874957,-0.003298592715681765,0.057545023892857705,0.9322276261404577,-0.0006122633798775479,0.07390995688122208,0.07999999999999986,0.0,-0.07894736842105268,0.04994604364037514,ACTIVE
1,X+,1789628661.7431383,0.9667335710761454,0.0026967487005991365,0.055707532252971925,0.9298122229874957,-0.003298592715681765,0.057545023892857705,0.9322276261404577,-0.0006122633798775479,0.07390995688122208,0.07999999999999986,0.0,-0.07894736842105268,0.04994604364037514,ACTIVE
1,X+,1789628661.8591743,0.9713794607561892,0.002928211489383449,0.05085804105409924,0.9354181853467527,-0.002713193152406911,0.04685055730447199,0.9372484352909299,-7.146819456375279e-05,0.0689292545496516,0.07999999999999986,0.0,-0.04736842105263163,0.04994604364037514,ACTIVE
1,X+,1789628662.0211337,0.9713794607561892,0.002928211489383449,0.05085804105409924,0.9354181853467527,-0.002713193152406911,0.04685055730447199,0.9372484352909299,-7.146819456375279e-05,0.0689292545496516,0.07999999999999986,0.0,-0.04736842105263163,0.04994604364037514,ACTIVE
1,X+,1789628662.207233,0.9713794607561892,0.002928211489383449,0.05085804105409924,0.9354181853467527,-0.002713193152406911,0.04685055730447199,0.9372484352909299,-7.146819456375279e-05,0.0689292545496516,0.07999999999999986,0.0,-0.04736842105263163,0.04994604364037514,ACTIVE
1,X+,1789628662.3233871,0.9713794607561892,0.002928211489383449,0.05085804105409924,0.9354181853467527,-0.002713193152406911,0.04685055730447199,0.9372484352909299,-7.146819456375279e-05,0.0689292545496516,0.07999999999999986,0.0,-0.04736842105263163,0.04994604364037514,ACTIVE
1,X+,1789628662.4350374,0.9713794607561892,0.002928211489383449,0.05085804105409924,0.9354181853467527,-0.002713193152406911,0.04685055730447199,0.9372484352909299,-7.146819456375279e-05,0.0689292545496516,0.07999999999999986,0.0,-0.04736842105263163,0.04994604364037514,ACTIVE
1,X+,1789628662.5477781,0.9713794607561892,0.002928211489383449,0.05085804105409924,0.9354181853467527,-0.002713193152406911,0.04685055730447199,0.9372484352909299,-7.146819456375279e-05,0.0689292545496516,0.07999999999999986,0.0,-0.04736842105263163,0.04994604364037514,ACTIVE
1,X+,1789628662.666925,0.9713794607561892,0.002928211489383449,0.05085804105409924,0.9354181853467527,-0.002713193152406911,0.04685055730447199,0.9372484352909299,-7.146819456375279e-05,0.0689292545496516,0.07999999999999986,0.0,-0.04736842105263163,0.04994604364037514,ACTIVE
1,X+,1789628662.7843814,0.9713794607561892,0.002928211489383449,0.05085804105409924,0.9354181853467527,-0.002713193152406911,0.04685055730447199,0.9372484352909299,-7.146819456375279e-05,0.0689292545496516,0.07999999999999986,0.0,-0.04736842105263163,0.04994604364037514,ACTIVE
1,X+,1789628662.8993652,0.9759197388876191,0.0031322228657301387,0.04611709067755537,0.9425738589126058,-0.001813476503313198,0.03798960652217387,0.9427885742042771,0.00041481360762485797,0.0634418286102052,0.07999999999999986,0.0,-0.04736842105263163,0.04994604364037514,ACTIVE
1,X+,1789628663.0294092,0.979913467927968,0.003299271787095016,0.04341088260419112,0.9425738589126058,-0.001813476503313198,0.03798960652217387,0.9427885742042771,0.00041481360762485797,0.0634418286102052,0.034999999999999865,0.0,-0.04736842105263163,0.04994604364037514,ACTIVE
1,X+,1789628663.159511,0.9800816487085229,0.0033061962466781735,0.043306104895534034,0.9425738589126058,-0.001813476503313198,0.03798960652217387,0.9427885742042771,0.00041481360762485797,0.0634418286102052,0.034999999999999865,0.0,-0.04736842105263163,0.04994604364037514,ACTIVE
1,X+,1789628663.315012,0.9800816487085229,0.0033061962466781735,0.043306104895534034,0.9425738589126058,-0.001813476503313198,0.03798960652217387,0.9427885742042771,0.00041481360762485797,0.0634418286102052,0.034999999999999865,0.0,-0.04736842105263163,0.04994604364037514,ACTIVE
1,X+,1789628663.4638398,0.9800816487085229,0.0033061962466781735,0.043306104895534034,0.9425738589126058,-0.001813476503313198,0.03798960652217387,0.9427885742042771,0.00041481360762485797,0.0634418286102052,0.034999999999999865,0.0,-0.04736842105263163,0.04994604364037514,ACTIVE
1,X+,1789628663.5831366,0.9800816487085229,0.0033061962466781735,0.043306104895534034,0.9425738589126058,-0.001813476503313198,0.03798960652217387,0.9427885742042771,0.00041481360762485797,0.0634418286102052,0.034999999999999865,0.0,-0.04736842105263163,0.04994604364037514,ACTIVE
1,X+,1789628663.7012975,0.9800816487085229,0.0033061962466781735,0.043306104895534034,0.9425738589126058,-0.001813476503313198,0.03798960652217387,0.9427885742042771,0.00041481360762485797,0.0634418286102052,0.034999999999999865,0.0,-0.04736842105263163,0.04994604364037514,ACTIVE
1,X+,1789628663.8226151,0.9800816487085229,0.0033061962466781735,0.043306104895534034,0.9425738589126058,-0.001813476503313198,0.03798960652217387,0.9427885742042771,0.00041481360762485797,0.0634418286102052,0.034999999999999865,0.0,-0.04736842105263163,0.04994604364037514,ACTIVE
1,X+,1789628663.937309,0.9800816487085229,0.0033061962466781735,0.043306104895534034,0.9425738589126058,-0.001813476503313198,0.03798960652217387,0.9427885742042771,0.00041481360762485797,0.0634418286102052,0.034999999999999865,0.0,-0.04736842105263163,0.04994604364037514,ACTIVE
1,X+,1789628664.0603504,0.9800816487085229,0.0033061962466781735,0.043306104895534034,0.9425738589126058,-0.001813476503313198,0.03798960652217387,0.9427885742042771,0.00041481360762485797,0.0634418286102052,0.034999999999999865,0.0,-0.04736842105263163,0.04994604364037514,ACTIVE
1,X+,1789628664.188072,0.9821685888872194,0.003390625730340831,0.04202731511501719,0.9425738589126058,-0.001813476503313198,0.03798960652217387,0.9427885742042771,0.00041481360762485797,0.0634418286102052,0.034999999999999865,0.0,-0.04736842105263163,0.04994604364037514,ACTIVE
1,X+,1789628664.2993367,0.9874214840528576,0.0035815388517698127,0.03610983878836331,0.943734571386699,-0.0019484601591099864,0.03936783679393052,0.9484915763845008,0.0008309728895708902,0.06005614085615375,0.034999999999999865,0.0,-0.04736842105263163,0.04994604364037514,ACTIVE
1,X+,1789628664.454338,0.9874214840528576,0.0035815388517698127,0.03610983878836331,0.943734571386699,-0.0019484601591099864,0.03936783679393052,0.9484915763845008,0.0008309728895708902,0.06005614085615375,0.07999999999999986,0.0,-0.04736842105263163,0.04994604364037514,ACTIVE
1,X+,1789628664.6442435,0.9874214840528576,0.0035815388517698127,0.03610983878836331,0.943734571386699,-0.0019484601591099864,0.03936783679393052,0.9484915763845008,0.0008309728895708902,0.06005614085615375,0.07999999999999986,0.0,-0.04736842105263163,0.04994604364037514,ACTIVE
1,X+,1789628664.7576895,0.9874214840528576,0.0035815388517698127,0.03610983878836331,0.943734571386699,-0.0019484601591099864,0.03936783679393052,0.9484915763845008,0.0008309728895708902,0.06005614085615375,0.07999999999999986,0.0,-0.04736842105263163,0.04994604364037514,ACTIVE
1,X+,1789628664.8701873,0.9874214840528576,0.0035815388517698127,0.03610983878836331,0.943734571386699,-0.0019484601591099864,0.03936783679393052,0.9484915763845008,0.0008309728895708902,0.06005614085615375,0.07999999999999986,0.0,-0.04736842105263163,0.04994604364037514,ACTIVE
1,X+,1789628664.9828413,0.9896887633005521,0.0036485894676054945,0.03289177459477582,0.943734571386699,-0.0019484601591099864,0.03936783679393052,0.9484915763845008,0.0008309728895708902,0.06005614085615375,0.07999999999999986,0.0,-0.04736842105263163,0.04994604364037514,ACTIVE
1,X+,1789628665.0948606,0.9930862071493501,0.003743183288661014,0.02998455786336991,0.955310589392538,-0.0012514512434128149,0.025389709557542568,0.9519671819739943,0.0011208264798315767,0.05546810832352886,0.0,0.0,0.0,0.04994604364037514,ACTIVE
1,X+,1789628665.2277777,,,,,,,,,,0.0,0.0,0.0,0.04994604364037514,SUCCEEDED
