run,test,sim_time,gt_x,gt_y,gt_yaw,localization_x,localization_y,localization_yaw,odom_x,odom_y,odom_yaw,cmd_vel_x,cmd_vel_y,cmd_vel_yaw,distance_remaining,action_state
1,X+,1789629359.0612988,2.254077994093967e-06,1.3249967756139014e-07,6.835152803916146e-05,-4.9815362176252676e-05,1.2791808166778171e-07,-5.313091165159987e-05,-0.000880239247355523,3.807935680648977e-09,-4.345445939992362e-10,0.0,0.0,0.0,0.0,ACTIVE
1,X+,1789629359.1775877,2.254077994093967e-06,1.3249967756139014e-07,6.835152803916146e-05,-4.9815362176252676e-05,1.2791808166778171e-07,-5.313091165159987e-05,-0.000880239247355523,3.807935680648977e-09,-4.345445939992362e-10,0.25999999999999984,-0.05500000000000013,0.057894736842105256,0.9999499320983887,ACTIVE
1,X+,1789629359.2913156,2.254077994093967e-06,1.3249967756139014e-07,6.835152803916146e-05,-4.9815362176252676e-05,1.2791808166778171e-07,-5.313091165159987e-05,-0.000880239247355523,3.807935680648977e-09,-4.345445939992362e-10,0.25999999999999984,-0.05500000000000013,0.057894736842105256,0.9999499320983887,ACTIVE
1,X+,1789629359.4087853,2.254077994093967e-06,1.3249967756139014e-07,6.835152803916146e-05,-4.9815362176252676e-05,1.2791808166778171e-07,-5.313091165159987e-05,-0.000880239247355523,3.807935680648977e-09,-4.345445939992362e-10,0.25999999999999984,-0.05500000000000013,0.057894736842105256,0.9999499320983887,ACTIVE
1,X+,1789629359.5214758,2.254077994093967e-06,1.3249967756139014e-07,6.835152803916146e-05,-4.9815362176252676e-05,1.2791808166778171e-07,-5.313091165159987e-05,-0.000880239247355523,3.807935680648977e-09,-4.345445939992362e-10,0.25999999999999984,-0.05500000000000013,0.057894736842105256,0.9999499320983887,ACTIVE
1,X+,1789629359.635671,2.254289403598453e-06,1.3190704251271612e-07,6.836350151877982e-05,-4.9815362176252676e-05,1.2791808166778171e-07,-5.313091165159987e-05,-0.000880239247355523,3.807935680648977e-09,-4.345445939992362e-10,0.25999999999999984,-0.05500000000000013,0.057894736842105256,0.9999499320983887,ACTIVE
1,X+,1789629359.7487507,5.398776998052218e-05,-6.605632316135021e-06,7.796187036744135e-05,-2.7844380090204712e-05,1.3025238582773125e-07,3.1360002735958424e-05,-0.0009037127376017698,3.902605013002851e-09,-4.418795425087249e-10,0.25999999999999984,-0.05500000000000013,0.057894736842105256,0.9999499320983887,ACTIVE
1,X+,1789629359.860444,6.497513200532518e-05,-8.248575404206683e-06,8.013046271131239e-05,-2.7844380090204712e-05,1.3025238582773125e-07,3.1360002735958424e-05,-0.0009037127376017698,3.902605013002851e-09,-4.418795425087249e-10,0.25999999999999984,-0.05500000000000013,0.057894736842105256,0.9999499320983887,ACTIVE
1,X+,1789629359.978784,6.497513200532518e-05,-8.248575404206683e-06,8.013046271131239e-05,-2.7844380090204712e-05,1.3025238582773125e-07,3.1360002735958424e-05,-0.0009037127376017698,3.902605013002851e-09,-4.418795425087249e-10,0.25999999999999984,-0.05500000000000013,0.057894736842105256,0.9999499320983887,ACTIVE
1,X+,1789629360.098327,6.497513200532518e-05,-8.248575404206683e-06,8.013046271131239e-05,-2.7844380090204712e-05,1.3025238582773125e-07,3.1360002735958424e-05,-0.0009037127376017698,3.902605013002851e-09,-4.418795425087249e-10,0.25999999999999984,-0.05500000000000013,0.057894736842105256,0.9999499320983887,ACTIVE
1,X+,1789629360.2505896,9.669875808949666e-05,-1.337629283384989e-05,8.525944409308619e-05,-2.7844380090204712e-05,1.3025238582773125e-07,3.1360002735958424e-05,-0.0009037127376017698,3.902605013002851e-09,-4.418795425087249e-10,0.25999999999999984,-0.05500000000000013,0.057894736842105256,0.9999499320983887,ACTIVE
1,X+,1789629360.3640668,0.0007717475088717708,-0.00013064019593643766,0.00014975243282108877,-2.7844380090204712e-05,1.3025238582773125e-07,3.1360002735958424e-05,-0.0009037127376017698,3.902605013002851e-09,-4.418795425087249e-10,0.25999999999999984,-0.05500000000000013,0.057894736842105256,0.9999499320983887,ACTIVE
1,X+,1789629360.47978,0.001775368494797737,-0.00032550555869376423,0.0003163261863642385,-4.902539723977695e-05,1.2570607066566426e-07,0.00012848824021549637,0.0009959982537987187,-0.0003305954746317175,0.00019210304115008803,0.25999999999999984,-0.05500000000000013,0.057894736842105256,0.9999499320983887,ACTIVE
1,X+,1789629360.6053514,0.001775368494797737,-0.00032550555869376423,0.0003163261863642385,-4.902539723977695e-05,1.2570607066566426e-07,0.00012848824021549637,0.0009959982537987187,-0.0003305954746317175,0.00019210304115008803,0.3499999999999998,0.0,-0.1,0.9999499320983887,ACTIVE
1,X+,1789629360.7255747,0.001775368494797737,-0.00032550555869376423,0.0003163261863642385,-4.902539723977695e-05,1.2570607066566426e-07,0.00012848824021549637,0.0009959982537987187,-0.0003305954746317175,0.00019210304115008803,0.3499999999999998,0.0,-0.1,0.9999499320983887,ACTIVE
1,X+,1789629360.8410125,0.001775368494797737,-0.00032550555869376423,0.0003163261863642385,-4.902539723977695e-05,1.2570607066566426e-07,0.00012848824021549637,0.0009959982537987187,-0.0003305954746317175,0.00019210304115008803,0.3499999999999998,0.0,-0.1,0.9999499320983887,ACTIVE
1,X+,1789629360.9536335,0.001775368494797737,-0.00032550555869376423,0.0003163261863642385,-4.902539723977695e-05,1.2570607066566426e-07,0.00012848824021549637,0.0009959982537987187,-0.0003305954746317175,0.00019210304115008803,0.3499999999999998,0.0,-0.1,0.9999499320983887,ACTIVE
1,X+,1789629361.0736883,0.0025885271434266943,-0.0004955836426068757,0.0004955522223165368,-4.902539723977695e-05,1.2570607066566426e-07,0.00012848824021549637,0.0009959982537987187,-0.0003305954746317175,0.00019210304115008803,0.3499999999999998,0.0,-0.1,0.9999499320983887,ACTIVE
1,X+,1789629361.1926486,0.0059220405098999555,-0.0011493506470606702,0.0011554688128406006,0.002435912463613194,-0.000425092377049521,0.0014318734512870357,0.006560153805155792,-0.0015080058565130855,0.0014470562280988859,0.3049999999999998,-0.05500000000000013,0.047368421052631574,0.9999499320983887,ACTIVE
1,X+,1789629361.3200347,0.006983885573578701,-0.0012166330183542183,0.0010869023876906331,0.002435912463613194,-0.000425092377049521,0.0014318734512870357,0.006560153805155792,-0.0015080058565130855,0.0014470562280988859,0.3049999999999998,-0.05500000000000013,0.047368421052631574,0.9999499320983887,ACTIVE
1,X+,1789629361.4328089,0.006983885573578701,-0.0012166330183542183,0.0010869023876906331,0.002435912463613194,-0.000425092377049521,0.0014318734512870357,0.006560153805155792,-0.0015080058565130855,0.0014470562280988859,0.3049999999999998,-0.05500000000000013,0.047368421052631574,0.9999499320983887,ACTIVE
1,X+,1789629361.5434368,0.006983885573578701,-0.0012166330183542183,0.0010869023876906331,0.002435912463613194,-0.000425092377049521,0.0014318734512870357,0.006560153805155792,-0.0015080058565130855,0.0014470562280988859,0.3049999999999998,-0.05500000000000013,0.047368421052631574,0.9999499320983887,ACTIVE
1,X+,1789629361.661733,0.006983885573578701,-0.0012166330183542183,0.0010869023876906331,0.002435912463613194,-0.000425092377049521,0.0014318734512870357,0.006560153805155792,-0.0015080058565130855,0.0014470562280988859,0.3049999999999998,-0.05500000000000013,0.047368421052631574,0.9999499320983887,ACTIVE
1,X+,1789629361.8007803,0.008262223947746186,-0.001313611330389564,0.001065589776183376,0.002435912463613194,-0.000425092377049521,0.0014318734512870357,0.006560153805155792,-0.0015080058565130855,0.0014470562280988859,0.3049999999999998,-0.05500000000000013,0.047368421052631574,0.9999499320983887,ACTIVE
1,X+,1789629361.917938,0.014723454265228083,-0.0018330073898525567,0.0009336410987118904,0.009317931983263979,-0.0014480736446804,0.0009217857215439434,0.017136899782749168,-0.0023232332983873175,0.0011995525993185768,0.3049999999999998,-0.05500000000000013,0.047368421052631574,0.9999499320983887,ACTIVE
1,X+,1789629362.0443263,0.01671671976282284,-0.0022022627316560083,0.0012782347842327849,0.009317931983263979,-0.0014480736446804,0.0009217857215439434,0.017136899782749168,-0.0023232332983873175,0.0011995525993185768,0.3499999999999998,0.0,-0.1,0.9999499320983887,ACTIVE
1,X+,1789629362.1666248,0.01671671976282284,-0.0022022627316560083,0.0012782347842327849,0.009317931983263979,-0.0014480736446804,0.0009217857215439434,0.017136899782749168,-0.0023232332983873175,0.0011995525993185768,0.3499999999999998,0.0,-0.1,0.9999499320983887,ACTIVE
1,X+,1789629362.2828524,0.01671671976282284,-0.0022022627316560083,0.0012782347842327849,0.009317931983263979,-0.0014480736446804,0.0009217857215439434,0.017136899782749168,-0.0023232332983873175,0.0011995525993185768,0.3499999999999998,0.0,-0.1,0.9999499320983887,ACTIVE
1,X+,1789629362.398448,0.01671671976282284,-0.0022022627316560083,0.0012782347842327849,0.009317931983263979,-0.0014480736446804,0.0009217857215439434,0.017136899782749168,-0.0023232332983873175,0.0011995525993185768,0.3499999999999998,0.0,-0.1,0.9999499320983887,ACTIVE
1,X+,1789629362.524004,0.01671671976282284,-0.0022022627316560083,0.0012782347842327849,0.009317931983263979,-0.0014480736446804,0.0009217857215439434,0.017136899782749168,-0.0023232332983873175,0.0011995525993185768,0.3499999999999998,0.0,-0.1,0.9999499320983887,ACTIVE
1,X+,1789629362.638576,0.023290067533929655,-0.003374539651340604,0.002287973158306296,0.009317931983263979,-0.0014480736446804,0.0009217857215439434,0.017136899782749168,-0.0023232332983873175,0.0011995525993185768,0.3499999999999998,0.0,-0.1,0.9999499320983887,ACTIVE
1,X+,1789629362.754376,0.031353845031041855,-0.004617201565176399,0.003396637490843013,0.028739735481636747,-0.0031918812806938524,0.0040330683835372305,0.03289403997010178,-0.005145658283232256,0.0036536532165567883,0.3499999999999998,0.0,-0.1,0.9499499201774597,ACTIVE
1,X+,1789629362.8871331,0.031353845031041855,-0.004617201565176399,0.003396637490843013,0.028739735481636747,-0.0031918812806938524,0.0040330683835372305,0.03289403997010178,-0.005145658283232256,0.0036536532165567883,0.3049999999999998,-0.05500000000000013,0.057894736842105256,0.9499499201774597,ACTIVE
1,X+,1789629363.0062263,0.031353845031041855,-0.004617201565176399,0.003396637490843013,0.028739735481636747,-0.0031918812806938524,0.0040330683835372305,0.03289403997010178,-0.005145658283232256,0.0036536532165567883,0.3049999999999998,-0.05500000000000013,0.057894736842105256,0.9499499201774597,ACTIVE
1,X+,1789629363.1351345,0.031353845031041855,-0.004617201565176399,0.003396637490843013,0.028739735481636747,-0.0031918812806938524,0.0040330683835372305,0.03289403997010178,-0.005145658283232256,0.0036536532165567883,0.3049999999999998,-0.05500000000000013,0.057894736842105256,0.9499499201774597,ACTIVE
1,X+,1789629363.25145,0.031353845031041855,-0.004617201565176399,0.003396637490843013,0.028739735481636747,-0.0031918812806938524,0.0040330683835372305,0.03289403997010178,-0.005145658283232256,0.0036536532165567883,0.3049999999999998,-0.05500000000000013,0.057894736842105256,0.9499499201774597,ACTIVE
1,X+,1789629363.3885624,0.031353845031041855,-0.004617201565176399,0.003396637490843013,0.028739735481636747,-0.0031918812806938524,0.0040330683835372305,0.03289403997010178,-0.005145658283232256,0.0036536532165567883,0.3049999999999998,-0.05500000000000013,0.057894736842105256,0.9499499201774597,ACTIVE
1,X+,1789629363.504091,0.036356543789109255,-0.004858712937245144,0.0028212074746792304,0.028739735481636747,-0.0031918812806938524,0.0040330683835372305,0.03289403997010178,-0.005145658283232256,0.0036536532165567883,0.3049999999999998,-0.05500000000000013,0.057894736842105256,0.9499499201774597,ACTIVE
1,X+,1789629363.6949477,0.05250414038129761,-0.006184589611212212,0.00215631557946506,0.05173218482849409,-0.008047746283836957,0.0023879295065896153,0.05430615855340437,-0.006230226194705871,0.0014127052570264177,0.3049999999999998,-0.05500000000000013,0.057894736842105256,0.9499499201774597,ACTIVE
1,X+,1789629363.8057961,0.05250414038129761,-0.006184589611212212,0.00215631557946506,0.05173218482849409,-0.008047746283836957,0.0023879295065896153,0.05430615855340437,-0.006230226194705871,0.0014127052570264177,0.3499999999999998,0.0,0.057894736842105256,0.9499499201774597,ACTIVE
1,X+,1789629363.9214532,0.05250414038129761,-0.006184589611212212,0.00215631557946506,0.05173218482849409,-0.008047746283836957,0.0023879295065896153,0.05430615855340437,-0.006230226194705871,0.0014127052570264177,0.3499999999999998,0.0,0.057894736842105256,0.9499499201774597,ACTIVE
1,X+,1789629364.0830598,0.05250414038129761,-0.006184589611212212,0.00215631557946506,0.05173218482849409,-0.008047746283836957,0.0023879295065896153,0.05430615855340437,-0.006230226194705871,0.0014127052570264177,0.3499999999999998,0.0,0.057894736842105256,0.9499499201774597,ACTIVE
1,X+,1789629364.2232864,0.05250414038129761,-0.006184589611212212,0.00215631557946506,0.05173218482849409,-0.008047746283836957,0.0023879295065896153,0.05430615855340437,-0.006230226194705871,0.0014127052570264177,0.3499999999999998,0.0,0.057894736842105256,0.9499499201774597,ACTIVE
1,X+,1789629364.3516135,0.05250414038129761,-0.006184589611212212,0.00215631557946506,0.05173218482849409,-0.008047746283836957,0.0023879295065896153,0.05430615855340437,-0.006230226194705871,0.0014127052570264177,0.3499999999999998,0.0,0.057894736842105256,0.9499499201774597,ACTIVE
1,X+,1789629364.464376,0.05381082894152221,-0.006423448255822061,0.0024203363968067918,0.05173218482849409,-0.008047746283836957,0.0023879295065896153,0.05430615855340437,-0.006230226194705871,0.0014127052570264177,0.3499999999999998,0.0,0.057894736842105256,0.9499499201774597,ACTIVE
1,X+,1789629364.5892048,0.06629052976451266,-0.008560882646482259,0.004536989461765532,0.05173218482849409,-0.008047746283836957,0.0023879295065896153,0.05430615855340437,-0.006230226194705871,0.0014127052570264177,0.3499999999999998,0.0,0.057894736842105256,0.9499499201774597,ACTIVE
1,X+,1789629364.7033818,0.07589219415045845,-0.009402778998353251,0.006018772690196369,0.0566760414496618,-0.006542536181231066,0.004199533568876479,0.07824691534628239,-0.010385642782911216,0.005511294217123494,0.3499999999999998,0.0,-0.1,0.9499499201774597,ACTIVE
1,X+,1789629364.815044,0.07589219415045845,-0.009402778998353251,0.006018772690196369,0.0566760414496618,-0.006542536181231066,0.004199533568876479,0.07824691534628239,-0.010385642782911216,0.005511294217123494,0.3499999999999998,0.0,-0.1,0.9499499201774597,ACTIVE
1,X+,1789629364.9344268,0.07589219415045845,-0.009402778998353251,0.006018772690196369,0.0566760414496618,-0.006542536181231066,0.004199533568876479,0.07824691534628239,-0.010385642782911216,0.005511294217123494,0.3499999999999998,0.0,-0.1,0.9499499201774597,ACTIVE
1,X+,1789629365.060547,0.07589219415045845,-0.009402778998353251,0.006018772690196369,0.0566760414496618,-0.006542536181231066,0.004199533568876479,0.07824691534628239,-0.010385642782911216,0.005511294217123494,0.3499999999999998,0.0,-0.1,0.9499499201774597,ACTIVE
1,X+,1789629365.1805801,0.07589219415045845,-0.009402778998353251,0.006018772690196369,0.0566760414496618,-0.006542536181231066,0.004199533568876479,0.07824691534628239,-0.010385642782911216,0.005511294217123494,0.3499999999999998,0.0,-0.1,0.9499499201774597,ACTIVE
1,X+,1789629365.306188,0.07589219415045845,-0.009402778998353251,0.006018772690196369,0.0566760414496618,-0.006542536181231066,0.004199533568876479,0.07824691534628239,-0.010385642782911216,0.005511294217123494,0.3499999999999998,0.0,-0.1,0.9499499201774597,ACTIVE
1,X+,1789629365.4252067,0.08553612665861651,-0.009316574547006832,0.007617105475854512,0.0566760414496618,-0.006542536181231066,0.004199533568876479,0.07824691534628239,-0.010385642782911216,0.005511294217123494,0.3499999999999998,0.0,-0.1,0.9499499201774597,ACTIVE
1,X+,1789629365.562616,0.09892243425177365,-0.009225171081580892,0.009175525068362507,0.11134015015584109,-0.01497707469468731,0.012986879158359605,0.10859400616553389,-0.010221040532971388,0.010530246239275946,0.3499999999999998,0.0,-0.1,0.8999499082565308,ACTIVE
1,X+,1789629365.6760147,0.09892243425177365,-0.009225171081580892,0.009175525068362507,0.11134015015584109,-0.01497707469468731,0.012986879158359605,0.10859400616553389,-0.010221040532971388,0.010530246239275946,0.3499999999999998,0.0,0.02631578947368421,0.8999499082565308,ACTIVE
1,X+,1789629365.7892702,0.09892243425177365,-0.009225171081580892,0.009175525068362507,0.11134015015584109,-0.01497707469468731,0.012986879158359605,0.10859400616553389,-0.010221040532971388,0.010530246239275946,0.3499999999999998,0.0,0.02631578947368421,0.8999499082565308,ACTIVE
1,X+,1789629365.9077055,0.09892243425177365,-0.009225171081580892,0.009175525068362507,0.11134015015584109,-0.01497707469468731,0.012986879158359605,0.10859400616553389,-0.010221040532971388,0.010530246239275946,0.3499999999999998,0.0,0.02631578947368421,0.8999499082565308,ACTIVE
1,X+,1789629366.0206215,0.09892243425177365,-0.009225171081580892,0.009175525068362507,0.11134015015584109,-0.01497707469468731,0.012986879158359605,0.10859400616553389,-0.010221040532971388,0.010530246239275946,0.3499999999999998,0.0,0.02631578947368421,0.8999499082565308,ACTIVE
1,X+,1789629366.142059,0.10350056878966235,-0.009216566952107534,0.009067417667758614,0.11134015015584109,-0.01497707469468731,0.012986879158359605,0.10859400616553389,-0.010221040532971388,0.010530246239275946,0.3499999999999998,0.0,0.02631578947368421,0.8999499082565308,ACTIVE
1,X+,1789629366.2562873,0.11651025132742387,-0.009096205086546353,0.007426730908072231,0.14456689042512272,-0.011049749339053448,0.010045886302716859,0.13113883948300087,-0.010039105739391506,0.004088025308839743,0.3499999999999998,0.0,0.02631578947368421,0.8499498963356018,ACTIVE
1,X+,1789629366.3691442,0.12251524395793523,-0.009065018112151246,0.00670133243524899,0.14456689042512272,-0.011049749339053448,0.010045886302716859,0.13113883948300087,-0.010039105739391506,0.004088025308839743,0.3499999999999998,0.0,-0.1,0.8499498963356018,ACTIVE
1,X+,1789629366.4849422,0.12251524395793523,-0.009065018112151246,0.00670133243524899,0.14456689042512272,-0.011049749339053448,0.010045886302716859,0.13113883948300087,-0.010039105739391506,0.004088025308839743,0.3499999999999998,0.0,-0.1,0.8499498963356018,ACTIVE
1,X+,1789629366.6013038,0.12251524395793523,-0.009065018112151246,0.00670133243524899,0.14456689042512272,-0.011049749339053448,0.010045886302716859,0.13113883948300087,-0.010039105739391506,0.004088025308839743,0.3499999999999998,0.0,-0.1,0.8499498963356018,ACTIVE
1,X+,1789629366.7207787,0.12251524395793523,-0.009065018112151246,0.00670133243524899,0.14456689042512272,-0.011049749339053448,0.010045886302716859,0.13113883948300087,-0.010039105739391506,0.004088025308839743,0.3499999999999998,0.0,-0.1,0.8499498963356018,ACTIVE
1,X+,1789629366.8490653,0.12251524395793523,-0.009065018112151246,0.00670133243524899,0.14456689042512272,-0.011049749339053448,0.010045886302716859,0.13113883948300087,-0.010039105739391506,0.004088025308839743,0.3499999999999998,0.0,-0.1,0.8499498963356018,ACTIVE
1,X+,1789629366.963509,0.12354573275956797,-0.009062980075177116,0.006766911322488151,0.14456689042512272,-0.011049749339053448,0.010045886302716859,0.13113883948300087,-0.010039105739391506,0.004088025308839743,0.3499999999999998,0.0,-0.1,0.8499498963356018,ACTIVE
1,X+,1789629367.1045809,0.14302342710494342,-0.008911904894761275,0.008287771116060005,0.16476792245853739,-0.010458864085347559,0.0046766416722596755,0.15569898489581663,-0.009944669138298227,0.005934110682153238,0.3499999999999998,0.0,-0.1,0.8499498963356018,ACTIVE
1,X+,1789629367.242039,0.1499325839510767,-0.008821937086854581,0.006749889580012954,0.16476792245853739,-0.010458864085347559,0.0046766416722596755,0.15569898489581663,-0.009944669138298227,0.005934110682153238,0.3049999999999998,0.0,0.08947368421052632,0.8499498963356018,ACTIVE
1,X+,1789629367.3577628,0.1499325839510767,-0.008821937086854581,0.006749889580012954,0.16476792245853739,-0.010458864085347559,0.0046766416722596755,0.15569898489581663,-0.009944669138298227,0.005934110682153238,0.3049999999999998,0.0,0.08947368421052632,0.8499498963356018,ACTIVE
1,X+,1789629367.4715633,0.1499325839510767,-0.008821937086854581,0.006749889580012954,0.16476792245853739,-0.010458864085347559,0.0046766416722596755,0.15569898489581663,-0.009944669138298227,0.005934110682153238,0.3049999999999998,0.0,0.08947368421052632,0.8499498963356018,ACTIVE
1,X+,1789629367.6564932,0.1499325839510767,-0.008821937086854581,0.006749889580012954,0.16476792245853739,-0.010458864085347559,0.0046766416722596755,0.15569898489581663,-0.009944669138298227,0.005934110682153238,0.3049999999999998,0.0,0.08947368421052632,0.8499498963356018,ACTIVE
1,X+,1789629367.774297,0.1499325839510767,-0.008821937086854581,0.006749889580012954,0.16476792245853739,-0.010458864085347559,0.0046766416722596755,0.15569898489581663,-0.009944669138298227,0.005934110682153238,0.3049999999999998,0.0,0.08947368421052632,0.8499498963356018,ACTIVE
1,X+,1789629367.892198,0.1499325839510767,-0.008821937086854581,0.006749889580012954,0.16476792245853739,-0.010458864085347559,0.0046766416722596755,0.15569898489581663,-0.009944669138298227,0.005934110682153238,0.3049999999999998,0.0,0.08947368421052632,0.8499498963356018,ACTIVE
1,X+,1789629368.057984,0.16943537468038605,-0.008763219189006115,0.0010265834729788765,0.16476792245853739,-0.010458864085347559,0.0046766416722596755,0.15569898489581663,-0.009944669138298227,0.005934110682153238,0.3049999999999998,0.0,0.08947368421052632,0.8499498963356018,ACTIVE
1,X+,1789629368.18289,0.1783479379500518,-0.00877656522591393,0.0007093427249294221,0.19333736009655828,-0.009703660507890382,-0.005080855789329157,0.18310836913092465,-0.009777748929342604,-0.001897521787201699,0.3049999999999998,0.034999999999999865,-0.06842105263157894,0.7999499440193176,ACTIVE
1,X+,1789629368.323425,0.1783479379500518,-0.00877656522591393,0.0007093427249294221,0.19333736009655828,-0.009703660507890382,-0.005080855789329157,0.18310836913092465,-0.009777748929342604,-0.001897521787201699,0.3049999999999998,0.034999999999999865,-0.06842105263157894,0.7999499440193176,ACTIVE
1,X+,1789629368.4357982,0.1783479379500518,-0.00877656522591393,0.0007093427249294221,0.19333736009655828,-0.009703660507890382,-0.005080855789329157,0.18310836913092465,-0.009777748929342604,-0.001897521787201699,0.3049999999999998,0.034999999999999865,-0.06842105263157894,0.7999499440193176,ACTIVE
1,X+,1789629368.5472412,0.1783479379500518,-0.00877656522591393,0.0007093427249294221,0.19333736009655828,-0.009703660507890382,-0.005080855789329157,0.18310836913092465,-0.009777748929342604,-0.001897521787201699,0.3049999999999998,0.034999999999999865,-0.06842105263157894,0.7999499440193176,ACTIVE
1,X+,1789629368.6628137,0.1783479379500518,-0.00877656522591393,0.0007093427249294221,0.19333736009655828,-0.009703660507890382,-0.005080855789329157,0.18310836913092465,-0.009777748929342604,-0.001897521787201699,0.3049999999999998,0.034999999999999865,-0.06842105263157894,0.7999499440193176,ACTIVE
1,X+,1789629368.7755406,0.1783479379500518,-0.00877656522591393,0.0007093427249294221,0.19333736009655828,-0.009703660507890382,-0.005080855789329157,0.18310836913092465,-0.009777748929342604,-0.001897521787201699,0.3049999999999998,0.034999999999999865,-0.06842105263157894,0.7999499440193176,ACTIVE
1,X+,1789629368.890222,0.18824859179551098,-0.008743299275457837,0.0038018461969449254,0.19333736009655828,-0.009703660507890382,-0.005080855789329157,0.18310836913092465,-0.009777748929342604,-0.001897521787201699,0.3049999999999998,0.034999999999999865,-0.06842105263157894,0.7999499440193176,ACTIVE
1,X+,1789629369.009504,0.20632755949701356,-0.008551137124531084,0.008210753364752587,0.21806285157445943,-0.009618000889712569,0.008448877604256388,0.2097829399707945,-0.009836207363777381,0.00592746230548054,0.3499999999999998,0.0,-0.1,0.7999499440193176,ACTIVE
1,X+,1789629369.1303804,0.20802643275850166,-0.008491344550818451,0.008279181748952659,0.21806285157445943,-0.009618000889712569,0.008448877604256388,0.2097829399707945,-0.009836207363777381,0.00592746230548054,0.3499999999999998,0.0,-0.1,0.7999499440193176,ACTIVE
1,X+,1789629369.2476022,0.20802643275850166,-0.008491344550818451,0.008279181748952659,0.21806285157445943,-0.009618000889712569,0.008448877604256388,0.2097829399707945,-0.009836207363777381,0.00592746230548054,0.3499999999999998,0.0,-0.1,0.7999499440193176,ACTIVE
1,X+,1789629369.3604352,0.20802643275850166,-0.008491344550818451,0.008279181748952659,0.21806285157445943,-0.009618000889712569,0.008448877604256388,0.2097829399707945,-0.009836207363777381,0.00592746230548054,0.3499999999999998,0.0,-0.1,0.7999499440193176,ACTIVE
1,X+,1789629369.4769197,0.20802643275850166,-0.008491344550818451,0.008279181748952659,0.21806285157445943,-0.009618000889712569,0.008448877604256388,0.2097829399707945,-0.009836207363777381,0.00592746230548054,0.3499999999999998,0.0,-0.1,0.7999499440193176,ACTIVE
1,X+,1789629369.5905166,0.20887287520644926,-0.008448123330450058,0.008289491237150365,0.21806285157445943,-0.009618000889712569,0.008448877604256388,0.2097829399707945,-0.009836207363777381,0.00592746230548054,0.3499999999999998,0.0,-0.1,0.7999499440193176,ACTIVE
1,X+,1789629369.7215445,0.22776984035086273,-0.006859613258038564,0.00650449689910397,0.24862520893137324,-0.009563057629626113,0.008918206774884753,0.2362904452683749,-0.007553261345016806,0.0030403351558832914,0.3499999999999998,0.0,-0.1,0.7999499440193176,ACTIVE
1,X+,1789629369.8931699,0.23740591049588447,-0.006419349584871245,0.004848179996796839,0.24862520893137324,-0.009563057629626113,0.008918206774884753,0.2362904452683749,-0.007553261345016806,0.0030403351558832914,0.3499999999999998,0.0,-0.1,0.7499499320983887,ACTIVE
1,X+,1789629370.0192947,0.23740591049588447,-0.006419349584871245,0.004848179996796839,0.24862520893137324,-0.009563057629626113,0.008918206774884753,0.2362904452683749,-0.007553261345016806,0.0030403351558832914,0.3499999999999998,0.0,-0.1,0.7499499320983887,ACTIVE
1,X+,1789629370.138416,0.23740591049588447,-0.006419349584871245,0.004848179996796839,0.24862520893137324,-0.009563057629626113,0.008918206774884753,0.2362904452683749,-0.007553261345016806,0.0030403351558832914,0.3499999999999998,0.0,-0.1,0.7499499320983887,ACTIVE
1,X+,1789629370.2505307,0.23740591049588447,-0.006419349584871245,0.004848179996796839,0.24862520893137324,-0.009563057629626113,0.008918206774884753,0.2362904452683749,-0.007553261345016806,0.0030403351558832914,0.3499999999999998,0.0,-0.1,0.7499499320983887,ACTIVE
1,X+,1789629370.3642077,0.23740591049588447,-0.006419349584871245,0.004848179996796839,0.24862520893137324,-0.009563057629626113,0.008918206774884753,0.2362904452683749,-0.007553261345016806,0.0030403351558832914,0.3499999999999998,0.0,-0.1,0.7499499320983887,ACTIVE
1,X+,1789629370.4762611,0.23740591049588447,-0.006419349584871245,0.004848179996796839,0.24862520893137324,-0.009563057629626113,0.008918206774884753,0.2362904452683749,-0.007553261345016806,0.0030403351558832914,0.3499999999999998,0.0,-0.1,0.7499499320983887,ACTIVE
1,X+,1789629370.5885518,0.2407306305150857,-0.006414769440857445,0.0038266215448022195,0.24862520893137324,-0.009563057629626113,0.008918206774884753,0.2362904452683749,-0.007553261345016806,0.0030403351558832914,0.3499999999999998,0.0,-0.1,0.7499499320983887,ACTIVE
1,X+,1789629370.7481453,0.2572396988041655,-0.006384545537040113,-0.000949199105063482,0.24498929091684632,-0.008043786498420748,0.0006571355445199607,0.264444709603284,-0.007473818897189048,-0.005003662413001657,0.3499999999999998,0.0,-0.1,0.7499499320983887,ACTIVE
1,X+,1789629370.8712606,0.2648407428069972,-0.006393925747610633,-0.0031446727601061896,0.24498929091684632,-0.008043786498420748,0.0006571355445199607,0.264444709603284,-0.007473818897189048,-0.005003662413001657,0.3499999999999998,0.0,-0.1,0.7499499320983887,ACTIVE
1,X+,1789629370.9828582,0.2648407428069972,-0.006393925747610633,-0.0031446727601061896,0.24498929091684632,-0.008043786498420748,0.0006571355445199607,0.264444709603284,-0.007473818897189048,-0.005003662413001657,0.3499999999999998,0.0,-0.1,0.7499499320983887,ACTIVE
1,X+,1789629371.0966287,0.2648407428069972,-0.006393925747610633,-0.0031446727601061896,0.24498929091684632,-0.008043786498420748,0.0006571355445199607,0.264444709603284,-0.007473818897189048,-0.005003662413001657,0.3499999999999998,0.0,-0.1,0.7499499320983887,ACTIVE
1,X+,1789629371.2479393,0.2648407428069972,-0.006393925747610633,-0.0031446727601061896,0.24498929091684632,-0.008043786498420748,0.0006571355445199607,0.264444709603284,-0.007473818897189048,-0.005003662413001657,0.3499999999999998,0.0,-0.1,0.7499499320983887,ACTIVE
1,X+,1789629371.3697906,0.2648407428069972,-0.006393925747610633,-0.0031446727601061896,0.24498929091684632,-0.008043786498420748,0.0006571355445199607,0.264444709603284,-0.007473818897189048,-0.005003662413001657,0.3499999999999998,0.0,-0.1,0.7499499320983887,ACTIVE
1,X+,1789629371.481557,0.2648407428069972,-0.006393925747610633,-0.0031446727601061896,0.24498929091684632,-0.008043786498420748,0.0006571355445199607,0.264444709603284,-0.007473818897189048,-0.005003662413001657,0.3499999999999998,0.0,-0.1,0.7499499320983887,ACTIVE
1,X+,1789629371.617872,0.2707546226514386,-0.006412411142478371,-0.004851983904612162,0.24498929091684632,-0.008043786498420748,0.0006571355445199607,0.264444709603284,-0.007473818897189048,-0.005003662413001657,0.3499999999999998,0.0,-0.1,0.7499499320983887,ACTIVE
1,X+,1789629371.7366703,0.2878361649484691,-0.006521985568179352,-0.009779060329376699,0.30328009097755504,-0.007966560055799623,-0.01708167036714192,0.2945303086845863,-0.0076388667996620295,-0.013599793743932234,0.3499999999999998,0.0,-0.1,0.6999499201774597,ACTIVE
1,X+,1789629371.8510027,0.293086176791585,-0.006573032585285441,-0.011292051245699862,0.30328009097755504,-0.007966560055799623,-0.01708167036714192,0.2945303086845863,-0.0076388667996620295,-0.013599793743932234,0.25999999999999984,0.034999999999999865,-0.06842105263157894,0.6999499201774597,ACTIVE
1,X+,1789629371.963896,0.293086176791585,-0.006573032585285441,-0.011292051245699862,0.30328009097755504,-0.007966560055799623,-0.01708167036714192,0.2945303086845863,-0.0076388667996620295,-0.013599793743932234,0.25999999999999984,0.034999999999999865,-0.06842105263157894,0.6999499201774597,ACTIVE
1,X+,1789629372.0775323,0.293086176791585,-0.006573032585285441,-0.011292051245699862,0.30328009097755504,-0.007966560055799623,-0.01708167036714192,0.2945303086845863,-0.0076388667996620295,-0.013599793743932234,0.25999999999999984,0.034999999999999865,-0.06842105263157894,0.6999499201774597,ACTIVE
1,X+,1789629372.2360365,0.293086176791585,-0.006573032585285441,-0.011292051245699862,0.30328009097755504,-0.007966560055799623,-0.01708167036714192,0.2945303086845863,-0.0076388667996620295,-0.013599793743932234,0.25999999999999984,0.034999999999999865,-0.06842105263157894,0.6999499201774597,ACTIVE
1,X+,1789629372.3492894,0.293086176791585,-0.006573032585285441,-0.011292051245699862,0.30328009097755504,-0.007966560055799623,-0.01708167036714192,0.2945303086845863,-0.0076388667996620295,-0.013599793743932234,0.25999999999999984,0.034999999999999865,-0.06842105263157894,0.6999499201774597,ACTIVE
1,X+,1789629372.468022,0.3020461767504997,-0.0066798192066700405,-0.01387268401983852,0.30328009097755504,-0.007966560055799623,-0.01708167036714192,0.2945303086845863,-0.0076388667996620295,-0.013599793743932234,0.25999999999999984,0.034999999999999865,-0.06842105263157894,0.6999499201774597,ACTIVE
1,X+,1789629372.5850801,0.31727615148986155,-0.006888426101095347,-0.017977643054521833,0.3420679615706537,-0.009187443757549232,-0.026120060939998968,0.32659715272030015,-0.008114772712974868,-0.022763244338801468,0.25999999999999984,0.034999999999999865,-0.06842105263157894,0.6499499082565308,ACTIVE
1,X+,1789629372.7043765,0.31884401983573396,-0.006876698909437573,-0.018364260450314095,0.3420679615706537,-0.009187443757549232,-0.026120060939998968,0.32659715272030015,-0.008114772712974868,-0.022763244338801468,0.3049999999999998,0.034999999999999865,-0.03684210526315789,0.6499499082565308,ACTIVE
1,X+,1789629372.8378549,0.31884401983573396,-0.006876698909437573,-0.018364260450314095,0.3420679615706537,-0.009187443757549232,-0.026120060939998968,0.32659715272030015,-0.008114772712974868,-0.022763244338801468,0.3049999999999998,0.034999999999999865,-0.03684210526315789,0.6499499082565308,ACTIVE
1,X+,1789629372.9506967,0.31884401983573396,-0.006876698909437573,-0.018364260450314095,0.3420679615706537,-0.009187443757549232,-0.026120060939998968,0.32659715272030015,-0.008114772712974868,-0.022763244338801468,0.3049999999999998,0.034999999999999865,-0.03684210526315789,0.6499499082565308,ACTIVE
1,X+,1789629373.0639067,0.31884401983573396,-0.006876698909437573,-0.018364260450314095,0.3420679615706537,-0.009187443757549232,-0.026120060939998968,0.32659715272030015,-0.008114772712974868,-0.022763244338801468,0.3049999999999998,0.034999999999999865,-0.03684210526315789,0.6499499082565308,ACTIVE
1,X+,1789629373.1828647,0.31884401983573396,-0.006876698909437573,-0.018364260450314095,0.3420679615706537,-0.009187443757549232,-0.026120060939998968,0.32659715272030015,-0.008114772712974868,-0.022763244338801468,0.3049999999999998,0.034999999999999865,-0.03684210526315789,0.6499499082565308,ACTIVE
1,X+,1789629373.297617,0.3305064627248365,-0.0060336962289394575,-0.021274521117941616,0.3420679615706537,-0.009187443757549232,-0.026120060939998968,0.32659715272030015,-0.008114772712974868,-0.022763244338801468,0.3049999999999998,0.034999999999999865,-0.03684210526315789,0.6499499082565308,ACTIVE
1,X+,1789629373.4467132,0.3463037843235892,-0.004393789179733406,-0.0244824650118536,0.36544244013636074,-0.009729531982585752,-0.0287196583498588,0.34788915216033645,-0.005715696802480358,-0.02849236078826462,0.3049999999999998,0.034999999999999865,-0.03684210526315789,0.6249499320983887,ACTIVE
1,X+,1789629373.561648,0.3463037843235892,-0.004393789179733406,-0.0244824650118536,0.36544244013636074,-0.009729531982585752,-0.0287196583498588,0.34788915216033645,-0.005715696802480358,-0.02849236078826462,0.3049999999999998,0.034999999999999865,-0.03684210526315789,0.6499499082565308,ACTIVE
1,X+,1789629373.6767113,0.3463037843235892,-0.004393789179733406,-0.0244824650118536,0.36544244013636074,-0.009729531982585752,-0.0287196583498588,0.34788915216033645,-0.005715696802480358,-0.02849236078826462,0.3049999999999998,0.034999999999999865,-0.03684210526315789,0.6499499082565308,ACTIVE
1,X+,1789629373.8195,0.3463037843235892,-0.004393789179733406,-0.0244824650118536,0.36544244013636074,-0.009729531982585752,-0.0287196583498588,0.34788915216033645,-0.005715696802480358,-0.02849236078826462,0.3049999999999998,0.034999999999999865,-0.03684210526315789,0.6499499082565308,ACTIVE
1,X+,1789629373.9402235,0.3463037843235892,-0.004393789179733406,-0.0244824650118536,0.36544244013636074,-0.009729531982585752,-0.0287196583498588,0.34788915216033645,-0.005715696802480358,-0.02849236078826462,0.3049999999999998,0.034999999999999865,-0.03684210526315789,0.6499499082565308,ACTIVE
1,X+,1789629374.0532448,0.3463037843235892,-0.004393789179733406,-0.0244824650118536,0.36544244013636074,-0.009729531982585752,-0.0287196583498588,0.34788915216033645,-0.005715696802480358,-0.02849236078826462,0.3049999999999998,0.034999999999999865,-0.03684210526315789,0.6499499082565308,ACTIVE
1,X+,1789629374.1670494,0.35996634728038496,-0.0031708086742734485,-0.02616248479444647,0.36544244013636074,-0.009729531982585752,-0.0287196583498588,0.34788915216033645,-0.005715696802480358,-0.02849236078826462,0.3049999999999998,0.034999999999999865,-0.03684210526315789,0.6499499082565308,ACTIVE
1,X+,1789629374.2971516,0.37568192853133087,-0.0017912582420163518,-0.028076766828109397,0.3800942722036614,-0.004247512099152103,-0.031766359013892555,0.37260555713976573,-0.003585785631252633,-0.0315211565419433,0.3499999999999998,0.0,-0.06842105263157894,0.5999498963356018,ACTIVE
1,X+,1789629374.4252436,0.37568192853133087,-0.0017912582420163518,-0.028076766828109397,0.3800942722036614,-0.004247512099152103,-0.031766359013892555,0.37260555713976573,-0.003585785631252633,-0.0315211565419433,0.3499999999999998,0.0,-0.06842105263157894,0.5999498963356018,ACTIVE
1,X+,1789629374.546228,0.37568192853133087,-0.0017912582420163518,-0.028076766828109397,0.3800942722036614,-0.004247512099152103,-0.031766359013892555,0.37260555713976573,-0.003585785631252633,-0.0315211565419433,0.3499999999999998,0.0,-0.06842105263157894,0.5999498963356018,ACTIVE
1,X+,1789629374.6577477,0.37568192853133087,-0.0017912582420163518,-0.028076766828109397,0.3800942722036614,-0.004247512099152103,-0.031766359013892555,0.37260555713976573,-0.003585785631252633,-0.0315211565419433,0.3499999999999998,0.0,-0.06842105263157894,0.5999498963356018,ACTIVE
1,X+,1789629374.7742326,0.37568192853133087,-0.0017912582420163518,-0.028076766828109397,0.3800942722036614,-0.004247512099152103,-0.031766359013892555,0.37260555713976573,-0.003585785631252633,-0.0315211565419433,0.3499999999999998,0.0,-0.06842105263157894,0.5999498963356018,ACTIVE
1,X+,1789629374.886176,0.37568192853133087,-0.0017912582420163518,-0.028076766828109397,0.3800942722036614,-0.004247512099152103,-0.031766359013892555,0.37260555713976573,-0.003585785631252633,-0.0315211565419433,0.3499999999999998,0.0,-0.06842105263157894,0.5999498963356018,ACTIVE
1,X+,1789629374.9971874,0.3840880081648283,-0.0010649381446110311,-0.02909907853608245,0.3800942722036614,-0.004247512099152103,-0.031766359013892555,0.37260555713976573,-0.003585785631252633,-0.0315211565419433,0.3499999999999998,0.0,-0.06842105263157894,0.5999498963356018,ACTIVE
1,X+,1789629375.1211913,0.4022657516850726,-0.0001164819988065946,-0.031016456441994713,0.404177308993848,-0.0001732696008431801,-0.03342226993200819,0.39831987359893606,-0.0014511100642666595,-0.034639649624615784,0.3049999999999998,-0.010000000000000134,-0.057894736842105256,0.5999498963356018,ACTIVE
1,X+,1789629375.2359078,0.4022657516850726,-0.0001164819988065946,-0.031016456441994713,0.404177308993848,-0.0001732696008431801,-0.03342226993200819,0.39831987359893606,-0.0014511100642666595,-0.034639649624615784,0.3049999999999998,-0.010000000000000134,-0.057894736842105256,0.5999498963356018,ACTIVE
1,X+,1789629375.3483222,0.4022657516850726,-0.0001164819988065946,-0.031016456441994713,0.404177308993848,-0.0001732696008431801,-0.03342226993200819,0.39831987359893606,-0.0014511100642666595,-0.034639649624615784,0.3049999999999998,-0.010000000000000134,-0.057894736842105256,0.5999498963356018,ACTIVE
1,X+,1789629375.4594777,0.4022657516850726,-0.0001164819988065946,-0.031016456441994713,0.404177308993848,-0.0001732696008431801,-0.03342226993200819,0.39831987359893606,-0.0014511100642666595,-0.034639649624615784,0.3049999999999998,-0.010000000000000134,-0.057894736842105256,0.5999498963356018,ACTIVE
1,X+,1789629375.5724766,0.4022657516850726,-0.0001164819988065946,-0.031016456441994713,0.404177308993848,-0.0001732696008431801,-0.03342226993200819,0.39831987359893606,-0.0014511100642666595,-0.034639649624615784,0.3049999999999998,-0.010000000000000134,-0.057894736842105256,0.5999498963356018,ACTIVE
1,X+,1789629375.6871755,0.4022657516850726,-0.0001164819988065946,-0.031016456441994713,0.404177308993848,-0.0001732696008431801,-0.03342226993200819,0.39831987359893606,-0.0014511100642666595,-0.034639649624615784,0.3049999999999998,-0.010000000000000134,-0.057894736842105256,0.5999498963356018,ACTIVE
1,X+,1789629375.8019779,0.40709493303321226,-0.00018109377221894353,-0.03167345276344285,0.404177308993848,-0.0001732696008431801,-0.03342226993200819,0.39831987359893606,-0.0014511100642666595,-0.034639649624615784,0.3049999999999998,-0.010000000000000134,-0.057894736842105256,0.5999498963356018,ACTIVE
1,X+,1789629375.9493937,0.4277803549591321,-0.0009851046742955505,-0.035654822339267554,0.4354332696314526,-0.0005194295503532655,-0.037692357786494934,0.4260023073905693,-0.0024185926723253527,-0.04005604875681639,0.3049999999999998,-0.010000000000000134,-0.057894736842105256,0.5499499440193176,ACTIVE
1,X+,1789629376.0640452,0.43090687211264256,-0.0012118505476154864,-0.03625445898828542,0.4354332696314526,-0.0005194295503532655,-0.037692357786494934,0.4260023073905693,-0.0024185926723253527,-0.04005604875681639,0.3499999999999998,0.0,-0.06842105263157894,0.5499499440193176,ACTIVE
1,X+,1789629376.1774175,0.43090687211264256,-0.0012118505476154864,-0.03625445898828542,0.4354332696314526,-0.0005194295503532655,-0.037692357786494934,0.4260023073905693,-0.0024185926723253527,-0.04005604875681639,0.3499999999999998,0.0,-0.06842105263157894,0.5499499440193176,ACTIVE
1,X+,1789629376.2962615,0.43090687211264256,-0.0012118505476154864,-0.03625445898828542,0.4354332696314526,-0.0005194295503532655,-0.037692357786494934,0.4260023073905693,-0.0024185926723253527,-0.04005604875681639,0.3499999999999998,0.0,-0.06842105263157894,0.5499499440193176,ACTIVE
1,X+,1789629376.4221854,0.43090687211264256,-0.0012118505476154864,-0.03625445898828542,0.4354332696314526,-0.0005194295503532655,-0.037692357786494934,0.4260023073905693,-0.0024185926723253527,-0.04005604875681639,0.3499999999999998,0.0,-0.06842105263157894,0.5499499440193176,ACTIVE
1,X+,1789629376.5365014,0.43090687211264256,-0.0012118505476154864,-0.03625445898828542,0.4354332696314526,-0.0005194295503532655,-0.037692357786494934,0.4260023073905693,-0.0024185926723253527,-0.04005604875681639,0.3499999999999998,0.0,-0.06842105263157894,0.5499499440193176,ACTIVE
1,X+,1789629376.6729238,0.44400893539232117,-0.0021449924329312187,-0.03880868863264166,0.4354332696314526,-0.0005194295503532655,-0.037692357786494934,0.4260023073905693,-0.0024185926723253527,-0.04005604875681639,0.3499999999999998,0.0,-0.06842105263157894,0.5499499440193176,ACTIVE
1,X+,1789629376.8314404,0.4582375715016515,-0.0028706927871402447,-0.0416102341733632,0.45972405843171643,-0.003790883732660885,-0.04365321579012835,0.4533533462858121,-0.0044594387488528925,-0.04534772806478414,0.3049999999999998,0.034999999999999865,-0.02631578947368421,0.5499499440193176,ACTIVE
1,X+,1789629376.9462159,0.4582375715016515,-0.0028706927871402447,-0.0416102341733632,0.45972405843171643,-0.003790883732660885,-0.04365321579012835,0.4533533462858121,-0.0044594387488528925,-0.04534772806478414,0.3049999999999998,0.034999999999999865,-0.02631578947368421,0.5499499440193176,ACTIVE
1,X+,1789629377.062702,0.4582375715016515,-0.0028706927871402447,-0.0416102341733632,0.45972405843171643,-0.003790883732660885,-0.04365321579012835,0.4533533462858121,-0.0044594387488528925,-0.04534772806478414,0.3049999999999998,0.034999999999999865,-0.02631578947368421,0.5499499440193176,ACTIVE
1,X+,1789629377.1774719,0.4582375715016515,-0.0028706927871402447,-0.0416102341733632,0.45972405843171643,-0.003790883732660885,-0.04365321579012835,0.4533533462858121,-0.0044594387488528925,-0.04534772806478414,0.3049999999999998,0.034999999999999865,-0.02631578947368421,0.5499499440193176,ACTIVE
1,X+,1789629377.293408,0.4582375715016515,-0.0028706927871402447,-0.0416102341733632,0.45972405843171643,-0.003790883732660885,-0.04365321579012835,0.4533533462858121,-0.0044594387488528925,-0.04534772806478414,0.3049999999999998,0.034999999999999865,-0.02631578947368421,0.5499499440193176,ACTIVE
1,X+,1789629377.4063401,0.4631992519720036,-0.0030710125451247714,-0.04256112206446282,0.45972405843171643,-0.003790883732660885,-0.04365321579012835,0.4533533462858121,-0.0044594387488528925,-0.04534772806478414,0.3049999999999998,0.034999999999999865,-0.02631578947368421,0.5499499440193176,ACTIVE
1,X+,1789629377.5388172,0.478668242649955,-0.0036288148760060066,-0.045214770056909014,0.49063112427958055,-0.00793997587763038,-0.04880117147594996,0.48293336908164225,-0.005890603063454439,-0.05113862545830155,0.3049999999999998,0.034999999999999865,-0.02631578947368421,0.49994993209838867,ACTIVE
1,X+,1789629377.6786857,0.48598424000813795,-0.003232592571362162,-0.04612331786478138,0.49063112427958055,-0.00793997587763038,-0.04880117147594996,0.48293336908164225,-0.005890603063454439,-0.05113862545830155,0.3049999999999998,0.034999999999999865,-0.005263157894736843,0.49994993209838867,ACTIVE
1,X+,1789629377.8022227,0.48598424000813795,-0.003232592571362162,-0.04612331786478138,0.49063112427958055,-0.00793997587763038,-0.04880117147594996,0.48293336908164225,-0.005890603063454439,-0.05113862545830155,0.3049999999999998,0.034999999999999865,-0.005263157894736843,0.49994993209838867,ACTIVE
1,X+,1789629377.9338605,0.48598424000813795,-0.003232592571362162,-0.04612331786478138,0.49063112427958055,-0.00793997587763038,-0.04880117147594996,0.48293336908164225,-0.005890603063454439,-0.05113862545830155,0.3049999999999998,0.034999999999999865,-0.005263157894736843,0.49994993209838867,ACTIVE
1,X+,1789629378.049971,0.48598424000813795,-0.003232592571362162,-0.04612331786478138,0.49063112427958055,-0.00793997587763038,-0.04880117147594996,0.48293336908164225,-0.005890603063454439,-0.05113862545830155,0.3049999999999998,0.034999999999999865,-0.005263157894736843,0.49994993209838867,ACTIVE
1,X+,1789629378.1647584,0.48598424000813795,-0.003232592571362162,-0.04612331786478138,0.49063112427958055,-0.00793997587763038,-0.04880117147594996,0.48293336908164225,-0.005890603063454439,-0.05113862545830155,0.3049999999999998,0.034999999999999865,-0.005263157894736843,0.49994993209838867,ACTIVE
1,X+,1789629378.2791152,0.48705265980802137,-0.003150317730509859,-0.04619197805949708,0.49063112427958055,-0.00793997587763038,-0.04880117147594996,0.48293336908164225,-0.005890603063454439,-0.05113862545830155,0.3049999999999998,0.034999999999999865,-0.005263157894736843,0.49994993209838867,ACTIVE
1,X+,1789629378.421425,0.5067153026103496,-0.0018108494247815032,-0.04781118626328055,0.49063112427958044,-0.00793997587763038,-0.048801171475949964,0.5118586730506188,-0.004064089172971097,-0.05359583627930715,0.3049999999999998,0.034999999999999865,-0.005263157894736843,0.49994993209838867,ACTIVE
1,X+,1789629378.53985,0.5118887022200326,-0.0014659313749352705,-0.04783843689711575,0.5250522193880048,-0.0093108742409376,-0.05025069323067661,0.5118586730506188,-0.004064089172971097,-0.05359583627930715,0.3049999999999998,0.034999999999999865,-0.005263157894736843,0.4499499201774597,ACTIVE
1,X+,1789629378.6545262,0.5118887022200326,-0.0014659313749352705,-0.04783843689711575,0.5250522193880048,-0.0093108742409376,-0.05025069323067661,0.5118586730506188,-0.004064089172971097,-0.05359583627930715,0.3049999999999998,0.034999999999999865,-0.005263157894736843,0.4499499201774597,ACTIVE
1,X+,1789629378.767729,0.5118887022200326,-0.0014659313749352705,-0.04783843689711575,0.5250522193880048,-0.0093108742409376,-0.05025069323067661,0.5118586730506188,-0.004064089172971097,-0.05359583627930715,0.3049999999999998,0.034999999999999865,-0.005263157894736843,0.4499499201774597,ACTIVE
1,X+,1789629378.886405,0.5118887022200326,-0.0014659313749352705,-0.04783843689711575,0.5250522193880048,-0.0093108742409376,-0.05025069323067661,0.5118586730506188,-0.004064089172971097,-0.05359583627930715,0.3049999999999998,0.034999999999999865,-0.005263157894736843,0.4499499201774597,ACTIVE
1,X+,1789629379.0200167,0.5118887022200326,-0.0014659313749352705,-0.04783843689711575,0.5250522193880048,-0.0093108742409376,-0.05025069323067661,0.5118586730506188,-0.004064089172971097,-0.05359583627930715,0.3049999999999998,0.034999999999999865,-0.005263157894736843,0.4499499201774597,ACTIVE
1,X+,1789629379.1346056,0.5121318669816818,-0.0014497315167825552,-0.047842275508129604,0.5250522193880048,-0.0093108742409376,-0.05025069323067661,0.5118586730506188,-0.004064089172971097,-0.05359583627930715,0.3049999999999998,0.034999999999999865,-0.005263157894736843,0.4499499201774597,ACTIVE
1,X+,1789629379.2545881,0.5292564139877997,-0.0003435738414248272,-0.04793598176483827,0.5497284074751261,-0.004295522604207486,-0.047646341389163495,0.5340550412478089,-0.0027218527353223072,-0.05353475429640486,0.3049999999999998,0.034999999999999865,-0.005263157894736843,0.4499499201774597,ACTIVE
1,X+,1789629379.3897555,0.5351360010411567,5.57878685008336e-05,-0.04803932604528177,0.5497284074751261,-0.004295522604207486,-0.047646341389163495,0.5340550412478089,-0.0027218527353223072,-0.05353475429640486,0.3499999999999998,0.0,-0.047368421052631574,0.4499499201774597,ACTIVE
1,X+,1789629379.5117373,0.5351360010411567,5.57878685008336e-05,-0.04803932604528177,0.5497284074751261,-0.004295522604207486,-0.047646341389163495,0.5340550412478089,-0.0027218527353223072,-0.05353475429640486,0.3499999999999998,0.0,-0.047368421052631574,0.4499499201774597,ACTIVE
1,X+,1789629379.6236277,0.5351360010411567,5.57878685008336e-05,-0.04803932604528177,0.5497284074751261,-0.004295522604207486,-0.047646341389163495,0.5340550412478089,-0.0027218527353223072,-0.05353475429640486,0.3499999999999998,0.0,-0.047368421052631574,0.4499499201774597,ACTIVE
1,X+,1789629379.7355897,0.5351360010411567,5.57878685008336e-05,-0.04803932604528177,0.5497284074751261,-0.004295522604207486,-0.047646341389163495,0.5340550412478089,-0.0027218527353223072,-0.05353475429640486,0.3499999999999998,0.0,-0.047368421052631574,0.4499499201774597,ACTIVE
1,X+,1789629379.8517637,0.5351360010411567,5.57878685008336e-05,-0.04803932604528177,0.5497284074751261,-0.004295522604207486,-0.047646341389163495,0.5340550412478089,-0.0027218527353223072,-0.05353475429640486,0.3499999999999998,0.0,-0.047368421052631574,0.4499499201774597,ACTIVE
1,X+,1789629379.9642289,0.5394353861319202,0.0003398380853545397,-0.04812175019581871,0.5497284074751261,-0.004295522604207486,-0.047646341389163495,0.5340550412478089,-0.0027218527353223072,-0.05353475429640486,0.3499999999999998,0.0,-0.047368421052631574,0.4499499201774597,ACTIVE
1,X+,1789629380.077705,0.5534131899159518,0.001264434485856991,-0.0483702101792311,0.5660268143253989,-0.0012719013640938792,-0.0476442598815212,0.5565301949141331,-0.0013538692626335232,-0.05403747349243624,0.3499999999999998,0.0,-0.047368421052631574,0.4499499201774597,ACTIVE
1,X+,1789629380.2392552,0.5624206325971884,0.0014922453335908387,-0.04865030758976096,0.5660268143253989,-0.0012719013640938792,-0.0476442598815212,0.5565301949141331,-0.0013538692626335232,-0.05403747349243624,0.3499999999999998,0.0,-0.047368421052631574,0.4499499201774597,ACTIVE
1,X+,1789629380.3522177,0.5624206325971884,0.0014922453335908387,-0.04865030758976096,0.5660268143253989,-0.0012719013640938792,-0.0476442598815212,0.5565301949141331,-0.0013538692626335232,-0.05403747349243624,0.3499999999999998,0.0,-0.047368421052631574,0.4499499201774597,ACTIVE
1,X+,1789629380.4653597,0.5624206325971884,0.0014922453335908387,-0.04865030758976096,0.5660268143253989,-0.0012719013640938792,-0.0476442598815212,0.5565301949141331,-0.0013538692626335232,-0.05403747349243624,0.3499999999999998,0.0,-0.047368421052631574,0.4499499201774597,ACTIVE
1,X+,1789629380.5818188,0.5624206325971884,0.0014922453335908387,-0.04865030758976096,0.5660268143253989,-0.0012719013640938792,-0.0476442598815212,0.5565301949141331,-0.0013538692626335232,-0.05403747349243624,0.3499999999999998,0.0,-0.047368421052631574,0.4499499201774597,ACTIVE
1,X+,1789629380.6960561,0.5624206325971884,0.0014922453335908387,-0.04865030758976096,0.5660268143253989,-0.0012719013640938792,-0.0476442598815212,0.5565301949141331,-0.0013538692626335232,-0.05403747349243624,0.3499999999999998,0.0,-0.047368421052631574,0.4499499201774597,ACTIVE
1,X+,1789629380.8302448,0.5638071282863749,0.001404166899215904,-0.048862204378246094,0.5660268143253989,-0.0012719013640938792,-0.0476442598815212,0.5565301949141331,-0.0013538692626335232,-0.05403747349243624,0.3499999999999998,0.0,-0.047368421052631574,0.4499499201774597,ACTIVE
1,X+,1789629380.9895923,0.5806775133085307,0.0005163426407066643,-0.05127606526794338,0.5660268143253989,-0.0012719013640938787,-0.0476442598815212,0.5825813510473429,-0.002757665921818881,-0.057568786189377934,0.3499999999999998,0.0,-0.047368421052631574,0.4499499201774597,ACTIVE
1,X+,1789629381.1688542,0.5909984244781664,-2.2244714646544456e-05,-0.05268887180807864,0.5827496430015556,0.00037758605052646134,-0.051845977701106445,0.5825813510473429,-0.002757665921818881,-0.057568786189377934,0.3499999999999998,0.0,-0.047368421052631574,0.39994990825653076,ACTIVE
1,X+,1789629381.309105,0.5909984244781664,-2.2244714646544456e-05,-0.05268887180807864,0.5827496430015556,0.00037758605052646134,-0.051845977701106445,0.5825813510473429,-0.002757665921818881,-0.057568786189377934,0.3499999999999998,0.0,-0.047368421052631574,0.39994990825653076,ACTIVE
1,X+,1789629381.4577265,0.5909984244781664,-2.2244714646544456e-05,-0.05268887180807864,0.5827496430015556,0.00037758605052646134,-0.051845977701106445,0.5825813510473429,-0.002757665921818881,-0.057568786189377934,0.3499999999999998,0.0,-0.047368421052631574,0.39994990825653076,ACTIVE
1,X+,1789629381.5698807,0.5909984244781664,-2.2244714646544456e-05,-0.05268887180807864,0.5827496430015556,0.00037758605052646134,-0.051845977701106445,0.5825813510473429,-0.002757665921818881,-0.057568786189377934,0.3499999999999998,0.0,-0.047368421052631574,0.39994990825653076,ACTIVE
1,X+,1789629381.683238,0.5909984244781664,-2.2244714646544456e-05,-0.05268887180807864,0.5827496430015556,0.00037758605052646134,-0.051845977701106445,0.5825813510473429,-0.002757665921818881,-0.057568786189377934,0.3499999999999998,0.0,-0.047368421052631574,0.39994990825653076,ACTIVE
1,X+,1789629381.796999,0.5921880414195394,-8.521316898451974e-05,-0.05285166421662,0.5827496430015556,0.00037758605052646134,-0.051845977701106445,0.5825813510473429,-0.002757665921818881,-0.057568786189377934,0.3499999999999998,0.0,-0.047368421052631574,0.39994990825653076,ACTIVE
1,X+,1789629381.9233572,0.6101959917212618,-0.001060907603170751,-0.05531378987694979,0.5827496430015556,0.00037758605052646134,-0.051845977701106445,0.6106377386073578,-0.0043721641711678945,-0.06137233090891339,0.3499999999999998,0.0,-0.047368421052631574,0.39994990825653076,ACTIVE
1,X+,1789629382.0433888,0.6195744812110616,-0.0015857844729733547,-0.05659462329761086,0.6155341543403712,-0.005345419596715723,-0.05860447697492366,0.6106377386073578,-0.0043721641711678945,-0.06137233090891339,0.3049999999999998,0.034999999999999865,0.005263157894736841,0.39994990825653076,ACTIVE
1,X+,1789629382.1594105,0.6195744812110616,-0.0015857844729733547,-0.05659462329761086,0.6155341543403712,-0.005345419596715723,-0.05860447697492366,0.6106377386073578,-0.0043721641711678945,-0.06137233090891339,0.3049999999999998,0.034999999999999865,0.005263157894736841,0.39994990825653076,ACTIVE
1,X+,1789629382.2746387,0.6195744812110616,-0.0015857844729733547,-0.05659462329761086,0.6155341543403712,-0.005345419596715723,-0.05860447697492366,0.6106377386073578,-0.0043721641711678945,-0.06137233090891339,0.3049999999999998,0.034999999999999865,0.005263157894736841,0.39994990825653076,ACTIVE
1,X+,1789629382.4007876,0.6195744812110616,-0.0015857844729733547,-0.05659462329761086,0.6155341543403712,-0.005345419596715723,-0.05860447697492366,0.6106377386073578,-0.0043721641711678945,-0.06137233090891339,0.3049999999999998,0.034999999999999865,0.005263157894736841,0.39994990825653076,ACTIVE
1,X+,1789629382.5233645,0.6195744812110616,-0.0015857844729733547,-0.05659462329761086,0.6155341543403712,-0.005345419596715723,-0.05860447697492366,0.6106377386073578,-0.0043721641711678945,-0.06137233090891339,0.3049999999999998,0.034999999999999865,0.005263157894736841,0.39994990825653076,ACTIVE
1,X+,1789629382.6373405,0.619877441194967,-0.0016029317841796693,-0.05663598531791239,0.6155341543403712,-0.005345419596715723,-0.05860447697492366,0.6106377386073578,-0.0043721641711678945,-0.06137233090891339,0.3049999999999998,0.034999999999999865,0.005263157894736841,0.39994990825653076,ACTIVE
1,X+,1789629382.7598362,0.6377655635818033,-0.002636700250479719,-0.0590767989447419,0.6155341543403712,-0.005345419596715723,-0.05860447697492366,0.6106377386073578,-0.0043721641711678945,-0.06137233090891339,0.3049999999999998,0.034999999999999865,0.005263157894736841,0.39994990825653076,ACTIVE
1,X+,1789629382.8774378,0.6515534888588441,-0.002592699662129952,-0.059882184670215236,0.6421529384505178,-0.005480867585895423,-0.061806286253332426,0.6396243114936682,-0.006152761974459878,-0.06530266563011436,0.3049999999999998,0.034999999999999865,0.005263157894736841,0.3499499261379242,ACTIVE
1,X+,1789629382.9952257,0.6515534888588441,-0.002592699662129952,-0.059882184670215236,0.6421529384505178,-0.005480867585895423,-0.061806286253332426,0.6396243114936682,-0.006152761974459878,-0.06530266563011436,0.3499999999999998,0.0,-0.02631578947368421,0.3499499261379242,ACTIVE
1,X+,1789629383.1180801,0.6515534888588441,-0.002592699662129952,-0.059882184670215236,0.6421529384505178,-0.005480867585895423,-0.061806286253332426,0.6396243114936682,-0.006152761974459878,-0.06530266563011436,0.3499999999999998,0.0,-0.02631578947368421,0.3499499261379242,ACTIVE
1,X+,1789629383.2322147,0.6515534888588441,-0.002592699662129952,-0.059882184670215236,0.6421529384505178,-0.005480867585895423,-0.061806286253332426,0.6396243114936682,-0.006152761974459878,-0.06530266563011436,0.3499999999999998,0.0,-0.02631578947368421,0.3499499261379242,ACTIVE
1,X+,1789629383.3686123,0.6515534888588441,-0.002592699662129952,-0.059882184670215236,0.6421529384505178,-0.005480867585895423,-0.061806286253332426,0.6396243114936682,-0.006152761974459878,-0.06530266563011436,0.3499999999999998,0.0,-0.02631578947368421,0.3499499261379242,ACTIVE
1,X+,1789629383.486931,0.6530212528945545,-0.002504481675635833,-0.05984176217858235,0.6421529384505178,-0.005480867585895423,-0.061806286253332426,0.6396243114936682,-0.006152761974459878,-0.06530266563011436,0.3499999999999998,0.0,-0.02631578947368421,0.3499499261379242,ACTIVE
1,X+,1789629383.6261451,0.6691339146465093,-0.0016334462036259392,-0.05959539442131533,0.6421529384505178,-0.005480867585895423,-0.061806286253332426,0.6396243114936682,-0.006152761974459878,-0.06530266563011436,0.3499999999999998,0.0,-0.02631578947368421,0.3499499261379242,ACTIVE
1,X+,1789629383.7435281,0.6795009083224277,-0.0017811169932429056,-0.05982163894756021,0.6780416720728855,-0.008994285769299809,-0.05992731867584884,0.6675463075463713,-0.004784737153489546,-0.06481328496527104,0.3049999999999998,0.034999999999999865,0.015789473684210527,0.3249499201774597,ACTIVE
1,X+,1789629383.8562975,0.6795009083224277,-0.0017811169932429056,-0.05982163894756021,0.6780416720728855,-0.008994285769299809,-0.05992731867584884,0.6675463075463713,-0.004784737153489546,-0.06481328496527104,0.3049999999999998,0.034999999999999865,0.015789473684210527,0.29994991421699524,ACTIVE
1,X+,1789629383.9727552,0.6795009083224277,-0.0017811169932429056,-0.05982163894756021,0.6780416720728855,-0.008994285769299809,-0.05992731867584884,0.6675463075463713,-0.004784737153489546,-0.06481328496527104,0.3049999999999998,0.034999999999999865,0.015789473684210527,0.29994991421699524,ACTIVE
1,X+,1789629384.1050675,0.6795009083224277,-0.0017811169932429056,-0.05982163894756021,0.6780416720728855,-0.008994285769299809,-0.05992731867584884,0.6675463075463713,-0.004784737153489546,-0.06481328496527104,0.3049999999999998,0.034999999999999865,0.015789473684210527,0.29994991421699524,ACTIVE
1,X+,1789629384.2270212,0.6795009083224277,-0.0017811169932429056,-0.05982163894756021,0.6780416720728855,-0.008994285769299809,-0.05992731867584884,0.6675463075463713,-0.004784737153489546,-0.06481328496527104,0.3049999999999998,0.034999999999999865,0.015789473684210527,0.29994991421699524,ACTIVE
1,X+,1789629384.3443646,0.6817418985252727,-0.0019289977270744198,-0.06001882652365117,0.6780416720728855,-0.008994285769299809,-0.05992731867584884,0.6675463075463713,-0.004784737153489546,-0.06481328496527104,0.3049999999999998,0.034999999999999865,0.015789473684210527,0.29994991421699524,ACTIVE
1,X+,1789629384.4590242,0.6999807038759591,-0.0030317539100324035,-0.061378798643039724,0.676328074385497,-0.004948107299605592,-0.06047620012803815,0.6972035151342889,-0.006710353544276525,-0.06704781573348444,0.3049999999999998,0.034999999999999865,0.015789473684210527,0.29994991421699524,ACTIVE
1,X+,1789629384.6015213,0.7079507792973565,-0.0029087194473223516,-0.061683593043810145,0.676328074385497,-0.004948107299605592,-0.06047620012803815,0.6972035151342889,-0.006710353544276525,-0.06704781573348444,0.3049999999999998,0.034999999999999865,-0.1,0.29994991421699524,ACTIVE
1,X+,1789629384.78476,0.7079507792973565,-0.0029087194473223516,-0.061683593043810145,0.676328074385497,-0.004948107299605592,-0.06047620012803815,0.6972035151342889,-0.006710353544276525,-0.06704781573348444,0.3049999999999998,0.034999999999999865,-0.1,0.29994991421699524,ACTIVE
1,X+,1789629384.8995645,0.7079507792973565,-0.0029087194473223516,-0.061683593043810145,0.676328074385497,-0.004948107299605592,-0.06047620012803815,0.6972035151342889,-0.006710353544276525,-0.06704781573348444,0.3049999999999998,0.034999999999999865,-0.1,0.29994991421699524,ACTIVE
1,X+,1789629385.0254748,0.7079507792973565,-0.0029087194473223516,-0.061683593043810145,0.676328074385497,-0.004948107299605592,-0.06047620012803815,0.6972035151342889,-0.006710353544276525,-0.06704781573348444,0.3049999999999998,0.034999999999999865,-0.1,0.29994991421699524,ACTIVE
1,X+,1789629385.1414542,0.7079507792973565,-0.0029087194473223516,-0.061683593043810145,0.676328074385497,-0.004948107299605592,-0.06047620012803815,0.6972035151342889,-0.006710353544276525,-0.06704781573348444,0.3049999999999998,0.034999999999999865,-0.1,0.29994991421699524,ACTIVE
1,X+,1789629385.2529316,0.7079507792973565,-0.0029087194473223516,-0.061683593043810145,0.676328074385497,-0.004948107299605592,-0.06047620012803815,0.6972035151342889,-0.006710353544276525,-0.06704781573348444,0.3049999999999998,0.034999999999999865,-0.1,0.29994991421699524,ACTIVE
1,X+,1789629385.3693733,0.7243400903373027,-0.0020257275569047616,-0.0607712312419222,0.7369668445713157,-0.0086639022728798,-0.060194481273864425,0.7274365286030045,-0.005277709752349667,-0.06538980285144405,0.3049999999999998,0.034999999999999865,-0.1,0.29994991421699524,ACTIVE
1,X+,1789629385.5043192,0.7324965102437928,-0.0016322356406329418,-0.06042748229981776,0.7369668445713157,-0.0086639022728798,-0.060194481273864425,0.7274365286030045,-0.005277709752349667,-0.06538980285144405,0.25999999999999984,-0.010000000000000134,-0.005263157894736843,0.24994991719722748,ACTIVE
1,X+,1789629385.629484,0.7324965102437928,-0.0016322356406329418,-0.06042748229981776,0.7369668445713157,-0.0086639022728798,-0.060194481273864425,0.7274365286030045,-0.005277709752349667,-0.06538980285144405,0.25999999999999984,-0.010000000000000134,-0.005263157894736843,0.24994991719722748,ACTIVE
1,X+,1789629385.7425885,0.7324965102437928,-0.0016322356406329418,-0.06042748229981776,0.7369668445713157,-0.0086639022728798,-0.060194481273864425,0.7274365286030045,-0.005277709752349667,-0.06538980285144405,0.25999999999999984,-0.010000000000000134,-0.005263157894736843,0.24994991719722748,ACTIVE
1,X+,1789629385.8609297,0.7324965102437928,-0.0016322356406329418,-0.06042748229981776,0.7369668445713157,-0.0086639022728798,-0.060194481273864425,0.7274365286030045,-0.005277709752349667,-0.06538980285144405,0.25999999999999984,-0.010000000000000134,-0.005263157894736843,0.24994991719722748,ACTIVE
1,X+,1789629385.9873857,0.7324965102437928,-0.0016322356406329418,-0.06042748229981776,0.7369668445713157,-0.0086639022728798,-0.060194481273864425,0.7274365286030045,-0.005277709752349667,-0.06538980285144405,0.25999999999999984,-0.010000000000000134,-0.005263157894736843,0.24994991719722748,ACTIVE
1,X+,1789629386.1094377,0.7334778621380502,-0.001587152310123626,-0.06040871114402779,0.7369668445713157,-0.0086639022728798,-0.060194481273864425,0.7274365286030045,-0.005277709752349667,-0.06538980285144405,0.25999999999999984,-0.010000000000000134,-0.005263157894736843,0.24994991719722748,ACTIVE
1,X+,1789629386.2439518,0.750124964034923,-0.0007036292938726613,-0.06349715737507547,0.7369668445713157,-0.0086639022728798,-0.060194481273864425,0.7480141112269997,-0.004230739338621078,-0.07225817348224722,0.25999999999999984,-0.010000000000000134,-0.005263157894736843,0.24994991719722748,ACTIVE
1,X+,1789629386.3592985,0.7585407767278419,-0.0007574979790524444,-0.06588181932454937,0.7685728169828292,-0.0034359389873894245,-0.06302884025598796,0.7480141112269997,-0.004230739338621078,-0.07225817348224722,0.21499999999999986,-0.010000000000000134,-0.015789473684210527,0.24994991719722748,ACTIVE
1,X+,1789629386.4724371,0.7585407767278419,-0.0007574979790524444,-0.06588181932454937,0.7685728169828292,-0.0034359389873894245,-0.06302884025598796,0.7480141112269997,-0.004230739338621078,-0.07225817348224722,0.21499999999999986,-0.010000000000000134,-0.015789473684210527,0.24994991719722748,ACTIVE
1,X+,1789629386.586753,0.7585407767278419,-0.0007574979790524444,-0.06588181932454937,0.7685728169828292,-0.0034359389873894245,-0.06302884025598796,0.7480141112269997,-0.004230739338621078,-0.07225817348224722,0.21499999999999986,-0.010000000000000134,-0.015789473684210527,0.24994991719722748,ACTIVE
1,X+,1789629386.6989121,0.7585407767278419,-0.0007574979790524444,-0.06588181932454937,0.7685728169828292,-0.0034359389873894245,-0.06302884025598796,0.7480141112269997,-0.004230739338621078,-0.07225817348224722,0.21499999999999986,-0.010000000000000134,-0.015789473684210527,0.24994991719722748,ACTIVE
1,X+,1789629386.834957,0.7585407767278419,-0.0007574979790524444,-0.06588181932454937,0.7685728169828292,-0.0034359389873894245,-0.06302884025598796,0.7480141112269997,-0.004230739338621078,-0.07225817348224722,0.21499999999999986,-0.010000000000000134,-0.015789473684210527,0.24994991719722748,ACTIVE
1,X+,1789629386.9794054,0.7643029745448437,-0.0012625855962085427,-0.06636651619114317,0.7685728169828292,-0.0034359389873894245,-0.06302884025598796,0.7480141112269997,-0.004230739338621078,-0.07225817348224722,0.21499999999999986,-0.010000000000000134,-0.015789473684210527,0.24994991719722748,ACTIVE
1,X+,1789629387.1382558,0.7849109599088473,-0.0032215153631239175,-0.06814710523177972,0.7734344937825266,-0.0025550075445339685,-0.07282766579597189,0.7701871604658563,-0.006218659694269825,-0.07426295936245474,0.25999999999999984,-0.010000000000000134,0.0,0.24994991719722748,ACTIVE
1,X+,1789629387.2500515,0.7859011642306504,-0.0033367922982608343,-0.06822197050475069,0.7734344937825266,-0.0025550075445339685,-0.07282766579597189,0.7701871604658563,-0.006218659694269825,-0.07426295936245474,0.25999999999999984,-0.010000000000000134,0.0,0.24994991719722748,ACTIVE
1,X+,1789629387.361791,0.7859011642306504,-0.0033367922982608343,-0.06822197050475069,0.7734344937825266,-0.0025550075445339685,-0.07282766579597189,0.7701871604658563,-0.006218659694269825,-0.07426295936245474,0.25999999999999984,-0.010000000000000134,0.0,0.24994991719722748,ACTIVE
1,X+,1789629387.475091,0.7859011642306504,-0.0033367922982608343,-0.06822197050475069,0.7734344937825266,-0.0025550075445339685,-0.07282766579597189,0.7701871604658563,-0.006218659694269825,-0.07426295936245474,0.25999999999999984,-0.010000000000000134,0.0,0.24994991719722748,ACTIVE
1,X+,1789629387.586843,0.7859011642306504,-0.0033367922982608343,-0.06822197050475069,0.7734344937825266,-0.0025550075445339685,-0.07282766579597189,0.7701871604658563,-0.006218659694269825,-0.07426295936245474,0.25999999999999984,-0.010000000000000134,0.0,0.24994991719722748,ACTIVE
1,X+,1789629387.7357152,0.7910203789857825,-0.003928775017352063,-0.06860352579653427,0.7734344937825266,-0.0025550075445339685,-0.07282766579597189,0.7701871604658563,-0.006218659694269825,-0.07426295936245474,0.25999999999999984,-0.010000000000000134,0.0,0.24994991719722748,ACTIVE
1,X+,1789629387.8659093,0.8088923855613412,-0.00595663221123682,-0.06943438827307184,0.7734349231629979,-0.007847697138205819,-0.06882223337289826,0.7910414659123145,-0.008747213463294703,-0.07579166780351469,0.25999999999999984,-0.010000000000000134,0.0,0.24994991719722748,ACTIVE
1,X+,1789629387.9848921,0.8100373732311431,-0.006080504040776454,-0.0694383874200444,0.7734349231629979,-0.007847697138205819,-0.06882223337289826,0.7910414659123145,-0.008747213463294703,-0.07579166780351469,0.21499999999999986,-0.010000000000000134,0.0,0.24994991719722748,ACTIVE
1,X+,1789629388.1270478,0.8100373732311431,-0.006080504040776454,-0.0694383874200444,0.7734349231629979,-0.007847697138205819,-0.06882223337289826,0.7910414659123145,-0.008747213463294703,-0.07579166780351469,0.21499999999999986,-0.010000000000000134,0.0,0.24994991719722748,ACTIVE
1,X+,1789629388.2392097,0.8100373732311431,-0.006080504040776454,-0.0694383874200444,0.7734349231629979,-0.007847697138205819,-0.06882223337289826,0.7910414659123145,-0.008747213463294703,-0.07579166780351469,0.21499999999999986,-0.010000000000000134,0.0,0.24994991719722748,ACTIVE
1,X+,1789629388.3511207,0.8100373732311431,-0.006080504040776454,-0.0694383874200444,0.7734349231629979,-0.007847697138205819,-0.06882223337289826,0.7910414659123145,-0.008747213463294703,-0.07579166780351469,0.21499999999999986,-0.010000000000000134,0.0,0.24994991719722748,ACTIVE
1,X+,1789629388.4656265,0.8100373732311431,-0.006080504040776454,-0.0694383874200444,0.7734349231629979,-0.007847697138205819,-0.06882223337289826,0.7910414659123145,-0.008747213463294703,-0.07579166780351469,0.21499999999999986,-0.010000000000000134,0.0,0.24994991719722748,ACTIVE
1,X+,1789629388.585908,0.8187430597279123,-0.007023869674888272,-0.06944122660671152,0.7734349231629979,-0.007847697138205819,-0.06882223337289826,0.7910414659123145,-0.008747213463294703,-0.07579166780351469,0.21499999999999986,-0.010000000000000134,0.0,0.24994991719722748,ACTIVE
1,X+,1789629388.7100744,0.8316658667944613,-0.008476607896917964,-0.06944030387153623,0.8152582424660019,-0.01103651718648159,-0.069303731008569,0.8122395601524514,-0.01117934287395217,-0.07578457202503033,0.16999999999999987,-0.010000000000000134,-0.005263157894736843,0.17494991421699524,ACTIVE
1,X+,1789629388.8408318,0.8316658667944613,-0.008476607896917964,-0.06944030387153623,0.8152582424660019,-0.01103651718648159,-0.069303731008569,0.8122395601524514,-0.01117934287395217,-0.07578457202503033,0.16999999999999987,-0.010000000000000134,-0.005263157894736843,0.17494991421699524,ACTIVE
1,X+,1789629388.95544,0.8316658667944613,-0.008476607896917964,-0.06944030387153623,0.8152582424660019,-0.01103651718648159,-0.069303731008569,0.8122395601524514,-0.01117934287395217,-0.07578457202503033,0.16999999999999987,-0.010000000000000134,-0.005263157894736843,0.17494991421699524,ACTIVE
1,X+,1789629389.0741813,0.8316658667944613,-0.008476607896917964,-0.06944030387153623,0.8152582424660019,-0.01103651718648159,-0.069303731008569,0.8122395601524514,-0.01117934287395217,-0.07578457202503033,0.16999999999999987,-0.010000000000000134,-0.005263157894736843,0.19994992017745972,ACTIVE
1,X+,1789629389.1879742,0.8316658667944613,-0.008476607896917964,-0.06944030387153623,0.8152582424660019,-0.01103651718648159,-0.069303731008569,0.8122395601524514,-0.01117934287395217,-0.07578457202503033,0.16999999999999987,-0.010000000000000134,-0.005263157894736843,0.19994992017745972,ACTIVE
1,X+,1789629389.3112571,0.8316658667944613,-0.008476607896917964,-0.06944030387153623,0.8152582424660019,-0.01103651718648159,-0.069303731008569,0.8122395601524514,-0.01117934287395217,-0.07578457202503033,0.16999999999999987,-0.010000000000000134,-0.005263157894736843,0.19994992017745972,ACTIVE
1,X+,1789629389.4515243,0.8316658667944613,-0.008476607896917964,-0.06944030387153623,0.8152582424660019,-0.01103651718648159,-0.069303731008569,0.8122395601524514,-0.01117934287395217,-0.07578457202503033,0.16999999999999987,-0.010000000000000134,-0.005263157894736843,0.19994992017745972,ACTIVE
1,X+,1789629389.5887868,0.8316658667944613,-0.008476607896917964,-0.06944030387153623,0.8152582424660019,-0.01103651718648159,-0.069303731008569,0.8122395601524514,-0.01117934287395217,-0.07578457202503033,0.16999999999999987,-0.010000000000000134,-0.005263157894736843,0.19994992017745972,ACTIVE
1,X+,1789629389.7030437,0.8369001829915235,-0.009085667936795452,-0.06944031197806416,0.8152582424660019,-0.01103651718648159,-0.069303731008569,0.8122395601524514,-0.01117934287395217,-0.07578457202503033,0.16999999999999987,-0.010000000000000134,-0.005263157894736843,0.19994992017745972,ACTIVE
1,X+,1789629389.85887,0.8527889386500473,-0.011011561593583838,-0.06962762504845206,0.8405782085707714,-0.013270767196205204,-0.06926756912868105,0.8320723236346941,-0.013616340628833757,-0.07578306324394725,0.12499999999999986,0.034999999999999865,0.015789473684210527,0.14994990825653076,ACTIVE
1,X+,1789629390.0260582,0.8527889386500473,-0.011011561593583838,-0.06962762504845206,0.8405782085707714,-0.013270767196205204,-0.06926756912868105,0.8320723236346941,-0.013616340628833757,-0.07578306324394725,0.12499999999999986,0.034999999999999865,0.015789473684210527,0.14994990825653076,ACTIVE
1,X+,1789629390.1402495,0.8527889386500473,-0.011011561593583838,-0.06962762504845206,0.8405782085707714,-0.013270767196205204,-0.06926756912868105,0.8320723236346941,-0.013616340628833757,-0.07578306324394725,0.12499999999999986,0.034999999999999865,0.015789473684210527,0.14994990825653076,ACTIVE
1,X+,1789629390.2668893,0.8527889386500473,-0.011011561593583838,-0.06962762504845206,0.8405782085707714,-0.013270767196205204,-0.06926756912868105,0.8320723236346941,-0.013616340628833757,-0.07578306324394725,0.12499999999999986,0.034999999999999865,0.015789473684210527,0.14994990825653076,ACTIVE
1,X+,1789629390.4017448,0.8527889386500473,-0.011011561593583838,-0.06962762504845206,0.8405782085707714,-0.013270767196205204,-0.06926756912868105,0.8320723236346941,-0.013616340628833757,-0.07578306324394725,0.12499999999999986,0.034999999999999865,0.015789473684210527,0.14994990825653076,ACTIVE
1,X+,1789629390.5283813,0.8527889386500473,-0.011011561593583838,-0.06962762504845206,0.8405782085707714,-0.013270767196205204,-0.06926756912868105,0.8320723236346941,-0.013616340628833757,-0.07578306324394725,0.12499999999999986,0.034999999999999865,0.015789473684210527,0.14994990825653076,ACTIVE
1,X+,1789629390.6572597,0.8527889386500473,-0.011011561593583838,-0.06962762504845206,0.8405782085707714,-0.013270767196205204,-0.06926756912868105,0.8320723236346941,-0.013616340628833757,-0.07578306324394725,0.12499999999999986,0.034999999999999865,0.015789473684210527,0.14994990825653076,ACTIVE
1,X+,1789629390.781106,0.8599008401233238,-0.011929422418193199,-0.06984793767052086,0.8405782085707714,-0.013270767196205204,-0.06926756912868105,0.8320723236346941,-0.013616340628833757,-0.07578306324394725,0.12499999999999986,0.034999999999999865,0.015789473684210527,0.14994990825653076,ACTIVE
1,X+,1789629390.8980181,0.8688666567514627,-0.01263456627367517,-0.06952507632558295,0.8520948279658096,-0.016337364734477604,-0.07002954144553411,0.8492730742620564,-0.01594487687750667,-0.07632475396023959,0.16999999999999987,0.034999999999999865,0.03684210526315789,0.14994990825653076,ACTIVE
1,X+,1789629391.013534,0.8706077916703947,-0.012473855191382152,-0.06960238941780643,0.8520948279658096,-0.016337364734477604,-0.07002954144553411,0.8492730742620564,-0.01594487687750667,-0.07632475396023959,0.16999999999999987,0.034999999999999865,0.03684210526315789,0.14994990825653076,ACTIVE
1,X+,1789629391.1276798,0.8706077916703947,-0.012473855191382152,-0.06960238941780643,0.8520948279658096,-0.016337364734477604,-0.07002954144553411,0.8492730742620564,-0.01594487687750667,-0.07632475396023959,0.16999999999999987,0.034999999999999865,0.03684210526315789,0.14994990825653076,ACTIVE
1,X+,1789629391.2469907,0.8706077916703947,-0.012473855191382152,-0.06960238941780643,0.8520948279658096,-0.016337364734477604,-0.07002954144553411,0.8492730742620564,-0.01594487687750667,-0.07632475396023959,0.16999999999999987,0.034999999999999865,0.03684210526315789,0.14994990825653076,ACTIVE
1,X+,1789629391.414906,0.8706077916703947,-0.012473855191382152,-0.06960238941780643,0.8520948279658096,-0.016337364734477604,-0.07002954144553411,0.8492730742620564,-0.01594487687750667,-0.07632475396023959,0.16999999999999987,0.034999999999999865,0.03684210526315789,0.14994990825653076,ACTIVE
1,X+,1789629391.5740623,0.8706077916703947,-0.012473855191382152,-0.06960238941780643,0.8520948279658096,-0.016337364734477604,-0.07002954144553411,0.8492730742620564,-0.01594487687750667,-0.07632475396023959,0.16999999999999987,0.034999999999999865,0.03684210526315789,0.14994990825653076,ACTIVE
1,X+,1789629391.7056298,0.8706077916703947,-0.012473855191382152,-0.06960238941780643,0.8520948279658096,-0.016337364734477604,-0.07002954144553411,0.8492730742620564,-0.01594487687750667,-0.07632475396023959,0.16999999999999987,0.034999999999999865,0.03684210526315789,0.14994990825653076,ACTIVE
1,X+,1789629391.8443222,0.8797646206130108,-0.011810963723509435,-0.06991894096844663,0.8520948279658096,-0.016337364734477604,-0.07002954144553411,0.8634063527078241,-0.01502346891670171,-0.07674279799766366,0.16999999999999987,0.034999999999999865,0.03684210526315789,0.14994990825653076,ACTIVE
1,X+,1789629391.95869,0.8849141057704364,-0.011178119184721544,-0.06902612992912906,0.8518578658906758,-0.016091648768893404,-0.06974790148678524,0.8634063527078241,-0.01502346891670171,-0.07674279799766366,0.16999999999999987,-0.010000000000000134,0.02631578947368421,0.14994990825653076,ACTIVE
1,X+,1789629392.0734708,0.8849141057704364,-0.011178119184721544,-0.06902612992912906,0.8518578658906758,-0.016091648768893404,-0.06974790148678524,0.8634063527078241,-0.01502346891670171,-0.07674279799766366,0.16999999999999987,-0.010000000000000134,0.02631578947368421,0.14994990825653076,ACTIVE
1,X+,1789629392.1941934,0.8849141057704364,-0.011178119184721544,-0.06902612992912906,0.8518578658906758,-0.016091648768893404,-0.06974790148678524,0.8634063527078241,-0.01502346891670171,-0.07674279799766366,0.16999999999999987,-0.010000000000000134,0.02631578947368421,0.14994990825653076,ACTIVE
1,X+,1789629392.3328068,0.8849141057704364,-0.011178119184721544,-0.06902612992912906,0.8518578658906758,-0.016091648768893404,-0.06974790148678524,0.8634063527078241,-0.01502346891670171,-0.07674279799766366,0.16999999999999987,-0.010000000000000134,0.02631578947368421,0.14994990825653076,ACTIVE
1,X+,1789629392.44668,0.8849141057704364,-0.011178119184721544,-0.06902612992912906,0.8518578658906758,-0.016091648768893404,-0.06974790148678524,0.8634063527078241,-0.01502346891670171,-0.07674279799766366,0.16999999999999987,-0.010000000000000134,0.02631578947368421,0.14994990825653076,ACTIVE
1,X+,1789629392.5850756,0.8864865627816186,-0.010972006770967714,-0.06870545238801622,0.8518578658906758,-0.016091648768893404,-0.06974790148678524,0.8634063527078241,-0.01502346891670171,-0.07674279799766366,0.16999999999999987,-0.010000000000000134,0.02631578947368421,0.14994990825653076,ACTIVE
1,X+,1789629392.7074416,0.8906562210584665,-0.01041985260769039,-0.0678225486589413,0.8518578658906758,-0.016091648768893404,-0.06974790148678524,0.8634063527078241,-0.01502346891670171,-0.07674279799766366,0.16999999999999987,-0.010000000000000134,0.02631578947368421,0.14994990825653076,ACTIVE
1,X+,1789629392.933587,0.8985620065410294,-0.01034168282073681,-0.06622351805060864,0.8791280447351149,-0.013904808388356732,-0.06583770683560088,0.8775188766503677,-0.013233586993713417,-0.07374555499053534,0.12499999999999986,-0.010000000000000134,0.005263157894736841,0.099949911236763,ACTIVE
1,X+,1789629393.0471191,0.8985620065410294,-0.01034168282073681,-0.06622351805060864,0.8791280447351149,-0.013904808388356732,-0.06583770683560088,0.8775188766503677,-0.013233586993713417,-0.07374555499053534,0.12499999999999986,-0.010000000000000134,0.005263157894736841,0.099949911236763,ACTIVE
1,X+,1789629393.1770988,0.8985620065410294,-0.01034168282073681,-0.06622351805060864,0.8791280447351149,-0.013904808388356732,-0.06583770683560088,0.8775188766503677,-0.013233586993713417,-0.07374555499053534,0.12499999999999986,-0.010000000000000134,0.005263157894736841,0.099949911236763,ACTIVE
1,X+,1789629393.2901356,0.8985620065410294,-0.01034168282073681,-0.06622351805060864,0.8791280447351149,-0.013904808388356732,-0.06583770683560088,0.8775188766503677,-0.013233586993713417,-0.07374555499053534,0.12499999999999986,-0.010000000000000134,0.005263157894736841,0.099949911236763,ACTIVE
1,X+,1789629393.402464,0.8985620065410294,-0.01034168282073681,-0.06622351805060864,0.8791280447351149,-0.013904808388356732,-0.06583770683560088,0.8775188766503677,-0.013233586993713417,-0.07374555499053534,0.12499999999999986,-0.010000000000000134,0.005263157894736841,0.099949911236763,ACTIVE
1,X+,1789629393.5419998,0.8985620065410294,-0.01034168282073681,-0.06622351805060864,0.8791280447351149,-0.013904808388356732,-0.06583770683560088,0.8775188766503677,-0.013233586993713417,-0.07374555499053534,0.12499999999999986,-0.010000000000000134,0.005263157894736841,0.099949911236763,ACTIVE
1,X+,1789629393.6566184,0.8985620065410294,-0.01034168282073681,-0.06622351805060864,0.8791280447351149,-0.013904808388356732,-0.06583770683560088,0.8775188766503677,-0.013233586993713417,-0.07374555499053534,0.12499999999999986,-0.010000000000000134,0.005263157894736841,0.099949911236763,ACTIVE
1,X+,1789629393.7745526,0.9001886337573589,-0.010443581197452421,-0.06588503634966215,0.8791280447351149,-0.013904808388356732,-0.06583770683560088,0.8775188766503677,-0.013233586993713417,-0.07374555499053534,0.12499999999999986,-0.010000000000000134,0.005263157894736841,0.099949911236763,ACTIVE
1,X+,1789629393.9362843,0.90752004732382,-0.011008723037147235,-0.06454209809626058,0.8925299863807196,-0.009857044288949422,-0.06220988133556694,0.8918905422560571,-0.014265134640337742,-0.07074928925389046,0.12499999999999986,-0.010000000000000134,0.005263157894736841,0.099949911236763,ACTIVE
1,X+,1789629394.050895,0.9102252243010079,-0.011424607710913585,-0.06447914820942577,0.8925299863807196,-0.009857044288949422,-0.06220988133556694,0.8918905422560571,-0.014265134640337742,-0.07074928925389046,0.12499999999999986,-0.010000000000000134,-0.005263157894736843,0.099949911236763,ACTIVE
1,X+,1789629394.1651988,0.9102252243010079,-0.011424607710913585,-0.06447914820942577,0.8925299863807196,-0.009857044288949422,-0.06220988133556694,0.8918905422560571,-0.014265134640337742,-0.07074928925389046,0.12499999999999986,-0.010000000000000134,-0.005263157894736843,0.099949911236763,ACTIVE
1,X+,1789629394.2812257,0.9102252243010079,-0.011424607710913585,-0.06447914820942577,0.8925299863807196,-0.009857044288949422,-0.06220988133556694,0.8918905422560571,-0.014265134640337742,-0.07074928925389046,0.12499999999999986,-0.010000000000000134,-0.005263157894736843,0.099949911236763,ACTIVE
1,X+,1789629394.4029424,0.9102252243010079,-0.011424607710913585,-0.06447914820942577,0.8925299863807196,-0.009857044288949422,-0.06220988133556694,0.8918905422560571,-0.014265134640337742,-0.07074928925389046,0.12499999999999986,-0.010000000000000134,-0.005263157894736843,0.099949911236763,ACTIVE
1,X+,1789629394.5796025,0.9102252243010079,-0.011424607710913585,-0.06447914820942577,0.8925299863807196,-0.009857044288949422,-0.06220988133556694,0.8918905422560571,-0.014265134640337742,-0.07074928925389046,0.12499999999999986,-0.010000000000000134,-0.005263157894736843,0.099949911236763,ACTIVE
1,X+,1789629394.7112281,0.9154701747648103,-0.012184510727409894,-0.064251172285584,0.8925299863807196,-0.009857044288949422,-0.06220988133556694,0.8918905422560571,-0.014265134640337742,-0.07074928925389046,0.12499999999999986,-0.010000000000000134,-0.005263157894736843,0.099949911236763,ACTIVE
1,X+,1789629394.8273535,0.9197391235898814,-0.012805031517530156,-0.06432626717811456,0.8937056329521924,-0.01322437123573114,-0.06433140060472863,0.9048741517790228,-0.016234084099640635,-0.07021854563524478,0.12499999999999986,-0.010000000000000134,-0.005263157894736843,0.099949911236763,ACTIVE
1,X+,1789629394.9475605,0.9197391235898814,-0.012805031517530156,-0.06432626717811456,0.8937056329521924,-0.01322437123573114,-0.06433140060472863,0.9048741517790228,-0.016234084099640635,-0.07021854563524478,0.12499999999999986,-0.010000000000000134,-0.005263157894736843,0.099949911236763,ACTIVE
1,X+,1789629395.0685759,0.9197391235898814,-0.012805031517530156,-0.06432626717811456,0.8937056329521924,-0.01322437123573114,-0.06433140060472863,0.9048741517790228,-0.016234084099640635,-0.07021854563524478,0.12499999999999986,-0.010000000000000134,-0.005263157894736843,0.099949911236763,ACTIVE
1,X+,1789629395.1800034,0.9197391235898814,-0.012805031517530156,-0.06432626717811456,0.8937056329521924,-0.01322437123573114,-0.06433140060472863,0.9048741517790228,-0.016234084099640635,-0.07021854563524478,0.12499999999999986,-0.010000000000000134,-0.005263157894736843,0.099949911236763,ACTIVE
1,X+,1789629395.2967842,0.9197391235898814,-0.012805031517530156,-0.06432626717811456,0.8937056329521924,-0.01322437123573114,-0.06433140060472863,0.9048741517790228,-0.016234084099640635,-0.07021854563524478,0.12499999999999986,-0.010000000000000134,-0.005263157894736843,0.099949911236763,ACTIVE
1,X+,1789629395.414608,0.9197391235898814,-0.012805031517530156,-0.06432626717811456,0.8937056329521924,-0.01322437123573114,-0.06433140060472863,0.9048741517790228,-0.016234084099640635,-0.07021854563524478,0.12499999999999986,-0.010000000000000134,-0.005263157894736843,0.099949911236763,ACTIVE
1,X+,1789629395.5287585,0.9232751629506775,-0.01331946440977471,-0.0644706015184725,0.8937056329521924,-0.01322437123573114,-0.06433140060472863,0.9048741517790228,-0.016234084099640635,-0.07021854563524478,0.12499999999999986,-0.010000000000000134,-0.005263157894736843,0.099949911236763,ACTIVE
1,X+,1789629395.6635053,0.9269588364533696,-0.013856428919728436,-0.06462126120119663,0.9152156879124024,-0.017017097118834874,-0.064780953136812,0.917615626597697,-0.018160537335391816,-0.07076589640408447,0.07999999999999986,0.0,0.02631578947368421,0.099949911236763,ACTIVE
1,X+,1789629395.8648982,0.9269588364533696,-0.013856428919728436,-0.06462126120119663,0.9152156879124024,-0.017017097118834874,-0.064780953136812,0.917615626597697,-0.018160537335391816,-0.07076589640408447,0.07999999999999986,0.0,0.02631578947368421,0.099949911236763,ACTIVE
1,X+,1789629395.9774737,0.9269588364533696,-0.013856428919728436,-0.06462126120119663,0.9152156879124024,-0.017017097118834874,-0.064780953136812,0.917615626597697,-0.018160537335391816,-0.07076589640408447,0.07999999999999986,0.0,0.02631578947368421,0.099949911236763,ACTIVE
1,X+,1789629396.0947042,0.9269588364533696,-0.013856428919728436,-0.06462126120119663,0.9152156879124024,-0.017017097118834874,-0.064780953136812,0.917615626597697,-0.018160537335391816,-0.07076589640408447,0.07999999999999986,0.0,0.02631578947368421,0.099949911236763,ACTIVE
1,X+,1789629396.2509074,0.9269588364533696,-0.013856428919728436,-0.06462126120119663,0.9152156879124024,-0.017017097118834874,-0.064780953136812,0.917615626597697,-0.018160537335391816,-0.07076589640408447,0.07999999999999986,0.0,0.02631578947368421,0.099949911236763,ACTIVE
1,X+,1789629396.3854008,0.9269588364533696,-0.013856428919728436,-0.06462126120119663,0.9152156879124024,-0.017017097118834874,-0.064780953136812,0.917615626597697,-0.018160537335391816,-0.07076589640408447,0.07999999999999986,0.0,0.02631578947368421,0.099949911236763,ACTIVE
1,X+,1789629396.5174477,0.9269588364533696,-0.013856428919728436,-0.06462126120119663,0.9152156879124024,-0.017017097118834874,-0.064780953136812,0.917615626597697,-0.018160537335391816,-0.07076589640408447,0.07999999999999986,0.0,0.02631578947368421,0.099949911236763,ACTIVE
1,X+,1789629396.6481526,0.9290525425181417,-0.014162015720146262,-0.06470642526656027,0.9152156879124024,-0.017017097118834874,-0.064780953136812,0.917615626597697,-0.018160537335391816,-0.07076589640408447,0.07999999999999986,0.0,0.02631578947368421,0.099949911236763,ACTIVE
1,X+,1789629396.7634826,0.9312175083901867,-0.014468990268694122,-0.06473294029748267,0.9286378978395885,-0.01937737299546767,-0.06504017823345402,0.9302209352390202,-0.020074181898650973,-0.07132470579045212,0.07999999999999986,0.0,0.02631578947368421,0.04994991421699524,ACTIVE
1,X+,1789629396.89749,0.9321960953431112,-0.014533861491787018,-0.06438981756605855,0.9286378978395885,-0.01937737299546767,-0.06504017823345402,0.9302209352390202,-0.020074181898650973,-0.07132470579045212,0.07999999999999986,0.034999999999999865,0.02631578947368421,0.04994991421699524,ACTIVE
1,X+,1789629397.012208,0.9321960953431112,-0.014533861491787018,-0.06438981756605855,0.9286378978395885,-0.01937737299546767,-0.06504017823345402,0.9302209352390202,-0.020074181898650973,-0.07132470579045212,0.07999999999999986,0.034999999999999865,0.02631578947368421,0.04994991421699524,ACTIVE
1,X+,1789629397.123121,0.9321960953431112,-0.014533861491787018,-0.06438981756605855,0.9286378978395885,-0.01937737299546767,-0.06504017823345402,0.9302209352390202,-0.020074181898650973,-0.07132470579045212,0.07999999999999986,0.034999999999999865,0.02631578947368421,0.04994991421699524,ACTIVE
1,X+,1789629397.2372854,0.9321960953431112,-0.014533861491787018,-0.06438981756605855,0.9286378978395885,-0.01937737299546767,-0.06504017823345402,0.9302209352390202,-0.020074181898650973,-0.07132470579045212,0.07999999999999986,0.034999999999999865,0.02631578947368421,0.04994991421699524,ACTIVE
1,X+,1789629397.3708417,0.9321960953431112,-0.014533861491787018,-0.06438981756605855,0.9286378978395885,-0.01937737299546767,-0.06504017823345402,0.9302209352390202,-0.020074181898650973,-0.07132470579045212,0.07999999999999986,0.034999999999999865,0.02631578947368421,0.04994991421699524,ACTIVE
1,X+,1789629397.482967,0.9321960953431112,-0.014533861491787018,-0.06438981756605855,0.9286378978395885,-0.01937737299546767,-0.06504017823345402,0.9302209352390202,-0.020074181898650973,-0.07132470579045212,0.07999999999999986,0.034999999999999865,0.02631578947368421,0.04994991421699524,ACTIVE
1,X+,1789629397.637455,0.9339605279323976,-0.01464646989233298,-0.0638227459344925,0.9286378978395885,-0.01937737299546767,-0.06504017823345402,0.9302209352390202,-0.020074181898650973,-0.07132470579045212,0.07999999999999986,0.034999999999999865,0.02631578947368421,0.04994991421699524,ACTIVE
1,X+,1789629397.753221,0.9349451715203523,-0.014595362493369577,-0.06345191993985494,0.9294304616834237,-0.019313445806308248,-0.06385789309961341,0.939453739000439,-0.020686558443092078,-0.06828108737017348,0.07999999999999986,-0.010000000000000134,0.005263157894736841,0.04994991421699524,ACTIVE
1,X+,1789629397.8684008,0.9349451715203523,-0.014595362493369577,-0.06345191993985494,0.9294304616834237,-0.019313445806308248,-0.06385789309961341,0.939453739000439,-0.020686558443092078,-0.06828108737017348,0.07999999999999986,-0.010000000000000134,0.005263157894736841,0.04994991421699524,ACTIVE
1,X+,1789629397.980994,0.9349451715203523,-0.014595362493369577,-0.06345191993985494,0.9294304616834237,-0.019313445806308248,-0.06385789309961341,0.939453739000439,-0.020686558443092078,-0.06828108737017348,0.07999999999999986,-0.010000000000000134,0.005263157894736841,0.04994991421699524,ACTIVE
1,X+,1789629398.0942922,0.9349451715203523,-0.014595362493369577,-0.06345191993985494,0.9294304616834237,-0.019313445806308248,-0.06385789309961341,0.939453739000439,-0.020686558443092078,-0.06828108737017348,0.07999999999999986,-0.010000000000000134,0.005263157894736841,0.04994991421699524,ACTIVE
1,X+,1789629398.2354095,0.9349451715203523,-0.014595362493369577,-0.06345191993985494,0.9294304616834237,-0.019313445806308248,-0.06385789309961341,0.939453739000439,-0.020686558443092078,-0.06828108737017348,0.07999999999999986,-0.010000000000000134,0.005263157894736841,0.04994991421699524,ACTIVE
1,X+,1789629398.3561316,0.9349451715203523,-0.014595362493369577,-0.06345191993985494,0.9294304616834237,-0.019313445806308248,-0.06385789309961341,0.939453739000439,-0.020686558443092078,-0.06828108737017348,0.07999999999999986,-0.010000000000000134,0.005263157894736841,0.04994991421699524,ACTIVE
1,X+,1789629398.476275,0.9349451715203523,-0.014595362493369577,-0.06345191993985494,0.9294304616834237,-0.019313445806308248,-0.06385789309961341,0.939453739000439,-0.020686558443092078,-0.06828108737017348,0.07999999999999986,-0.010000000000000134,0.005263157894736841,0.04994991421699524,ACTIVE
1,X+,1789629398.604844,0.9350771815869853,-0.014575743838896742,-0.06341341822276382,0.9294304616834237,-0.019313445806308248,-0.06385789309961341,0.939453739000439,-0.020686558443092078,-0.06828108737017348,0.07999999999999986,-0.010000000000000134,0.005263157894736841,0.04994991421699524,ACTIVE
1,X+,1789629398.7378979,0.9356015395271318,-0.01449711597045706,-0.0632558136262616,0.9471969410989127,-0.020580613540859723,-0.06174739383106466,0.9477059263685373,-0.019515328410844003,-0.0650871341735571,0.07999999999999986,-0.010000000000000134,0.005263157894736841,0.04994991421699524,ACTIVE
1,X+,1789629398.849747,0.9357360110056101,-0.014487680048962386,-0.06323655523089679,0.9471969410989127,-0.020580613540859723,-0.06174739383106466,0.9477059263685373,-0.019515328410844003,-0.0650871341735571,0.07999999999999986,-0.010000000000000134,0.0,0.04994991421699524,ACTIVE
1,X+,1789629398.9642844,0.9357360110056101,-0.014487680048962386,-0.06323655523089679,0.9471969410989127,-0.020580613540859723,-0.06174739383106466,0.9477059263685373,-0.019515328410844003,-0.0650871341735571,0.07999999999999986,-0.010000000000000134,0.0,0.04994991421699524,ACTIVE
1,X+,1789629399.0812895,0.9357360110056101,-0.014487680048962386,-0.06323655523089679,0.9471969410989127,-0.020580613540859723,-0.06174739383106466,0.9477059263685373,-0.019515328410844003,-0.0650871341735571,0.07999999999999986,-0.010000000000000134,0.0,0.04994991421699524,ACTIVE
1,X+,1789629399.1971097,0.9357360110056101,-0.014487680048962386,-0.06323655523089679,0.9471969410989127,-0.020580613540859723,-0.06174739383106466,0.9477059263685373,-0.019515328410844003,-0.0650871341735571,0.07999999999999986,-0.010000000000000134,0.0,0.04994991421699524,ACTIVE
1,X+,1789629399.3114471,0.9357360110056101,-0.014487680048962386,-0.06323655523089679,0.9471969410989127,-0.020580613540859723,-0.06174739383106466,0.9477059263685373,-0.019515328410844003,-0.0650871341735571,0.07999999999999986,-0.010000000000000134,0.0,0.04994991421699524,ACTIVE
1,X+,1789629399.4340458,0.9357989777334519,-0.014494408954844369,-0.06311412901189146,0.9471969410989127,-0.020580613540859723,-0.06174739383106466,0.9477059263685373,-0.019515328410844003,-0.0650871341735571,0.07999999999999986,-0.010000000000000134,0.0,0.04994991421699524,ACTIVE
1,X+,1789629399.5576136,0.9359447112167074,-0.01447441927983331,-0.06306578142027615,0.9452934789180745,-0.018133603844581427,-0.06295268813888644,0.9532434167260408,-0.019638413756683976,-0.06326676876806261,0.07999999999999986,-0.010000000000000134,0.0,0.04994991421699524,ACTIVE
1,X+,1789629399.6879706,0.9359447112167074,-0.01447441927983331,-0.06306578142027615,0.9452934789180745,-0.018133603844581427,-0.06295268813888644,0.9532434167260408,-0.019638413756683976,-0.06326676876806261,0.07999999999999986,-0.010000000000000134,0.0,0.04994991421699524,ACTIVE
1,X+,1789629399.800831,0.9359447112167074,-0.01447441927983331,-0.06306578142027615,0.9452934789180745,-0.018133603844581427,-0.06295268813888644,0.9532434167260408,-0.019638413756683976,-0.06326676876806261,0.07999999999999986,-0.010000000000000134,0.0,0.04994991421699524,ACTIVE
1,X+,1789629399.9192183,0.9359447112167074,-0.01447441927983331,-0.06306578142027615,0.9452934789180745,-0.018133603844581427,-0.06295268813888644,0.9532434167260408,-0.019638413756683976,-0.06326676876806261,0.07999999999999986,-0.010000000000000134,0.0,0.04994991421699524,ACTIVE
1,X+,1789629400.0310657,0.9360041814812547,-0.014477158281073115,-0.0630576772126567,0.9452934789180745,-0.018133603844581427,-0.06295268813888644,0.9532434167260408,-0.019638413756683976,-0.06326676876806261,0.07999999999999986,-0.010000000000000134,0.0,0.04994991421699524,ACTIVE
1,X+,1789629400.1474092,0.9366149241283994,-0.014538221725652493,-0.06295793220813804,0.9503826031937226,-0.018199223389254202,-0.06279363831994011,0.9566941333757029,-0.020228284279223633,-0.06395945819895205,0.07999999999999986,-0.010000000000000134,0.0,0.04994991421699524,ACTIVE
1,X+,1789629400.2589114,0.9371019454659727,-0.014621924605198802,-0.0629447555763189,0.9503826031937226,-0.018199223389254202,-0.06279363831994011,0.9566941333757029,-0.020228284279223633,-0.06395945819895205,0.07999999999999986,-0.010000000000000134,-0.005263157894736843,0.04994991421699524,ACTIVE
1,X+,1789629400.3737695,0.9371019454659727,-0.014621924605198802,-0.0629447555763189,0.9503826031937226,-0.018199223389254202,-0.06279363831994011,0.9566941333757029,-0.020228284279223633,-0.06395945819895205,0.07999999999999986,-0.010000000000000134,-0.005263157894736843,0.04994991421699524,ACTIVE
1,X+,1789629400.5032413,0.9371019454659727,-0.014621924605198802,-0.0629447555763189,0.9503826031937226,-0.018199223389254202,-0.06279363831994011,0.9566941333757029,-0.020228284279223633,-0.06395945819895205,0.07999999999999986,-0.010000000000000134,-0.005263157894736843,0.04994991421699524,ACTIVE
1,X+,1789629400.6218677,0.9371019454659727,-0.014621924605198802,-0.0629447555763189,0.9503826031937226,-0.018199223389254202,-0.06279363831994011,0.9566941333757029,-0.020228284279223633,-0.06395945819895205,0.07999999999999986,-0.010000000000000134,-0.005263157894736843,0.04994991421699524,ACTIVE
1,X+,1789629400.752353,0.9383450535905259,-0.01487519347887766,-0.06300784578023572,0.9503826031937226,-0.018199223389254202,-0.06279363831994011,0.9566941333757029,-0.020228284279223633,-0.06395945819895205,0.07999999999999986,-0.010000000000000134,-0.005263157894736843,0.04994991421699524,ACTIVE
1,X+,1789629400.8772047,0.9408524323871023,-0.015349083797845647,-0.06312323500833768,0.9540525144671589,-0.019107240632231112,-0.062069276243897284,0.9582215185824325,-0.02051934808475263,-0.06422292214091835,0.07999999999999986,-0.010000000000000134,-0.005263157894736843,0.04994991421699524,ACTIVE
1,X+,1789629400.9934213,0.9408524323871023,-0.015349083797845647,-0.06312323500833768,0.9540525144671589,-0.019107240632231112,-0.062069276243897284,0.9582215185824325,-0.02051934808475263,-0.06422292214091835,0.07999999999999986,-0.010000000000000134,-0.005263157894736843,0.04994991421699524,ACTIVE
1,X+,1789629401.1061156,0.9408524323871023,-0.015349083797845647,-0.06312323500833768,0.9540525144671589,-0.019107240632231112,-0.062069276243897284,0.9582215185824325,-0.02051934808475263,-0.06422292214091835,0.07999999999999986,-0.010000000000000134,-0.005263157894736843,0.04994991421699524,ACTIVE
1,X+,1789629401.221579,0.9408524323871023,-0.015349083797845647,-0.06312323500833768,0.9540525144671589,-0.019107240632231112,-0.062069276243897284,0.9582215185824325,-0.02051934808475263,-0.06422292214091835,0.07999999999999986,-0.010000000000000134,-0.005263157894736843,0.04994991421699524,ACTIVE
1,X+,1789629401.3661637,0.9408524323871023,-0.015349083797845647,-0.06312323500833768,0.9540525144671589,-0.019107240632231112,-0.062069276243897284,0.9582215185824325,-0.02051934808475263,-0.06422292214091835,0.07999999999999986,-0.010000000000000134,-0.005263157894736843,0.04994991421699524,ACTIVE
1,X+,1789629401.4889114,0.9410057703101995,-0.01537818779960859,-0.06313361515719487,0.9540525144671589,-0.019107240632231112,-0.062069276243897284,0.9582215185824325,-0.02051934808475263,-0.06422292214091835,0.07999999999999986,-0.010000000000000134,-0.005263157894736843,0.04994991421699524,ACTIVE
1,X+,1789629401.64403,0.945264502596081,-0.016188971681585864,-0.06342591052821417,0.9540525144671589,-0.019107240632231112,-0.062069276243897284,0.9595189676896207,-0.020760915779187653,-0.06418287604349579,0.07999999999999986,-0.010000000000000134,-0.005263157894736843,0.04994991421699524,ACTIVE
1,X+,1789629401.7563505,0.9475968336552072,-0.016633543915394837,-0.06358284288356422,0.9513012280244217,-0.01902198441704625,-0.06288292901548842,0.9595189676896207,-0.020760915779187653,-0.06418287604349579,0.07999999999999986,-0.010000000000000134,0.0,0.04994991421699524,ACTIVE
1,X+,1789629401.8674798,0.9475968336552072,-0.016633543915394837,-0.06358284288356422,0.9513012280244217,-0.01902198441704625,-0.06288292901548842,0.9595189676896207,-0.020760915779187653,-0.06418287604349579,0.07999999999999986,-0.010000000000000134,0.0,0.04994991421699524,ACTIVE
1,X+,1789629401.993416,0.9475968336552072,-0.016633543915394837,-0.06358284288356422,0.9513012280244217,-0.01902198441704625,-0.06288292901548842,0.9595189676896207,-0.020760915779187653,-0.06418287604349579,0.07999999999999986,-0.010000000000000134,0.0,0.04994991421699524,ACTIVE
1,X+,1789629402.1056411,0.9475968336552072,-0.016633543915394837,-0.06358284288356422,0.9513012280244217,-0.01902198441704625,-0.06288292901548842,0.9595189676896207,-0.020760915779187653,-0.06418287604349579,0.07999999999999986,-0.010000000000000134,0.0,0.04994991421699524,ACTIVE
1,X+,1789629402.2231328,0.9493754111565063,-0.016972833938928247,-0.0637018261276833,0.9513012280244217,-0.01902198441704625,-0.06288292901548842,0.9595189676896207,-0.020760915779187653,-0.06418287604349579,0.07999999999999986,-0.010000000000000134,0.0,0.04994991421699524,ACTIVE
1,X+,1789629402.3641906,0.9545871288707745,-0.017968061856726003,-0.06392420522122771,0.9549477799967818,-0.019631122283957855,-0.06348380334351375,0.9629766211331227,-0.021409882838597977,-0.06418746352693828,0.07999999999999986,-0.010000000000000134,0.0,0.04994991421699524,ACTIVE
1,X+,1789629402.5194328,0.9570392487003402,-0.018435410636471777,-0.063923958056345,0.9549477799967818,-0.019631122283957855,-0.06348380334351375,0.9629766211331227,-0.021409882838597977,-0.06418746352693828,0.07999999999999986,-0.010000000000000134,0.0,0.04994991421699524,ACTIVE
1,X+,1789629402.6334639,0.9570392487003402,-0.018435410636471777,-0.063923958056345,0.9549477799967818,-0.019631122283957855,-0.06348380334351375,0.9629766211331227,-0.021409882838597977,-0.06418746352693828,0.07999999999999986,-0.010000000000000134,0.0,0.04994991421699524,ACTIVE
1,X+,1789629402.7452238,0.9570392487003402,-0.018435410636471777,-0.063923958056345,0.9549477799967818,-0.019631122283957855,-0.06348380334351375,0.9629766211331227,-0.021409882838597977,-0.06418746352693828,0.07999999999999986,-0.010000000000000134,0.0,0.04994991421699524,ACTIVE
1,X+,1789629402.8592756,0.9570392487003402,-0.018435410636471777,-0.063923958056345,0.9549477799967818,-0.019631122283957855,-0.06348380334351375,0.9629766211331227,-0.021409882838597977,-0.06418746352693828,0.07999999999999986,-0.010000000000000134,0.0,0.04994991421699524,ACTIVE
1,X+,1789629402.978563,0.9622021890569215,-0.019420012407554057,-0.0639223605877815,0.959086220947063,-0.02062364326116781,-0.06333285166084084,0.9682141842078148,-0.022409288273149412,-0.06403632929631047,0.07999999999999986,-0.010000000000000134,0.0,0.04994991421699524,ACTIVE
1,X+,1789629403.0972888,0.9654294163883402,-0.02003558510708418,-0.06392196342656171,0.959086220947063,-0.02062364326116781,-0.06333285166084084,0.9682141842078148,-0.022409288273149412,-0.06403632929631047,0.034999999999999865,-0.010000000000000134,-0.005263157894736843,0.04994991421699524,ACTIVE
1,X+,1789629403.221071,0.9654294163883402,-0.02003558510708418,-0.06392196342656171,0.959086220947063,-0.02062364326116781,-0.06333285166084084,0.9682141842078148,-0.022409288273149412,-0.06403632929631047,0.034999999999999865,-0.010000000000000134,-0.005263157894736843,0.04994991421699524,ACTIVE
1,X+,1789629403.3381398,0.9654294163883402,-0.02003558510708418,-0.06392196342656171,0.959086220947063,-0.02062364326116781,-0.06333285166084084,0.9682141842078148,-0.022409288273149412,-0.06403632929631047,0.034999999999999865,-0.010000000000000134,-0.005263157894736843,0.04994991421699524,ACTIVE
1,X+,1789629403.4539752,0.9654294163883402,-0.02003558510708418,-0.06392196342656171,0.959086220947063,-0.02062364326116781,-0.06333285166084084,0.9682141842078148,-0.022409288273149412,-0.06403632929631047,0.034999999999999865,-0.010000000000000134,-0.005263157894736843,0.04994991421699524,ACTIVE
1,X+,1789629403.5790517,0.9679910285380456,-0.020524231906760577,-0.06392186909814605,0.959086220947063,-0.02062364326116781,-0.06333285166084084,0.9682141842078148,-0.022409288273149412,-0.06403632929631047,0.034999999999999865,-0.010000000000000134,-0.005263157894736843,0.04994991421699524,ACTIVE
1,X+,1789629403.7062109,0.9744376267546514,-0.022339232843783946,-0.06446233854049284,0.9666174629985116,-0.022048251154814527,-0.06334874930152883,0.9741770479880202,-0.023546153306150758,-0.06393495594627457,0.034999999999999865,-0.010000000000000134,-0.005263157894736843,0.04994991421699524,ACTIVE
1,X+,1789629403.8304596,0.9744376267546514,-0.022339232843783946,-0.06446233854049284,0.9666174629985116,-0.022048251154814527,-0.06334874930152883,0.9741770479880202,-0.023546153306150758,-0.06393495594627457,0.034999999999999865,-0.010000000000000134,-0.005263157894736843,0.04994991421699524,ACTIVE
1,X+,1789629403.9424634,0.9744376267546514,-0.022339232843783946,-0.06446233854049284,0.9666174629985116,-0.022048251154814527,-0.06334874930152883,0.9741770479880202,-0.023546153306150758,-0.06393495594627457,0.034999999999999865,-0.010000000000000134,-0.005263157894736843,0.04994991421699524,ACTIVE
1,X+,1789629404.0575004,0.9744376267546514,-0.022339232843783946,-0.06446233854049284,0.9666174629985116,-0.022048251154814527,-0.06334874930152883,0.9741770479880202,-0.023546153306150758,-0.06393495594627457,0.034999999999999865,-0.010000000000000134,-0.005263157894736843,0.04994991421699524,ACTIVE
1,X+,1789629404.1725528,0.9744376267546514,-0.022339232843783946,-0.06446233854049284,0.9666174629985116,-0.022048251154814527,-0.06334874930152883,0.9741770479880202,-0.023546153306150758,-0.06393495594627457,0.034999999999999865,-0.010000000000000134,-0.005263157894736843,0.04994991421699524,ACTIVE
1,X+,1789629404.3287575,0.9755822146369723,-0.02275033261500256,-0.06463902455743699,0.9666174629985116,-0.022048251154814527,-0.06334874930152883,0.9741770479880202,-0.023546153306150758,-0.06393495594627457,0.034999999999999865,-0.010000000000000134,-0.005263157894736843,0.04994991421699524,ACTIVE
1,X+,1789629404.4404218,0.9798861906530488,-0.024303757326419484,-0.06530966470542088,0.9743975398373347,-0.02351783108728207,-0.06500237549218729,0.9782554488125202,-0.024992836160611636,-0.06443078269384375,0.034999999999999865,-0.010000000000000134,-0.005263157894736843,0.04994991421699524,ACTIVE
1,X+,1789629404.5545714,0.9804538665563186,-0.024508789855899885,-0.06539804263391438,0.9743975398373347,-0.02351783108728207,-0.06500237549218729,0.9782554488125202,-0.024992836160611636,-0.06443078269384375,0.034999999999999865,-0.010000000000000134,0.0,0.04994991421699524,ACTIVE
1,X+,1789629404.667769,0.9804538665563186,-0.024508789855899885,-0.06539804263391438,0.9743975398373347,-0.02351783108728207,-0.06500237549218729,0.9782554488125202,-0.024992836160611636,-0.06443078269384375,0.034999999999999865,-0.010000000000000134,0.0,0.04994991421699524,ACTIVE
1,X+,1789629404.7790444,0.9804538665563186,-0.024508789855899885,-0.06539804263391438,0.9743975398373347,-0.02351783108728207,-0.06500237549218729,0.9782554488125202,-0.024992836160611636,-0.06443078269384375,0.034999999999999865,-0.010000000000000134,0.0,0.04994991421699524,ACTIVE
1,X+,1789629404.8931758,0.9804538665563186,-0.024508789855899885,-0.06539804263391438,0.9743975398373347,-0.02351783108728207,-0.06500237549218729,0.9782554488125202,-0.024992836160611636,-0.06443078269384375,0.034999999999999865,-0.010000000000000134,0.0,0.04994991421699524,ACTIVE
1,X+,1789629405.0166483,0.9804538665563186,-0.024508789855899885,-0.06539804263391438,0.9743975398373347,-0.02351783108728207,-0.06500237549218729,0.9782554488125202,-0.024992836160611636,-0.06443078269384375,0.034999999999999865,-0.010000000000000134,0.0,0.04994991421699524,ACTIVE
1,X+,1789629405.141278,0.9804538665563186,-0.024508789855899885,-0.06539804263391438,0.9743975398373347,-0.02351783108728207,-0.06500237549218729,0.9782554488125202,-0.024992836160611636,-0.06443078269384375,0.034999999999999865,-0.010000000000000134,0.0,0.04994991421699524,ACTIVE
1,X+,1789629405.2548678,0.981007126657518,-0.024708657354140587,-0.06548418776540274,0.9743975398373347,-0.02351783108728207,-0.06500237549218729,0.9782554488125202,-0.024992836160611636,-0.06443078269384375,0.034999999999999865,-0.010000000000000134,0.0,0.04994991421699524,ACTIVE
1,X+,1789629405.384759,0.9830398025568183,-0.025443322711553182,-0.06580075209564623,0.9743975398373347,-0.02351783108728207,-0.06500237549218729,0.9782554488125202,-0.024992836160611636,-0.06443078269384375,0.034999999999999865,-0.010000000000000134,0.0,0.04994991421699524,ACTIVE
1,X+,1789629405.530136,0.9846245436883755,-0.026014667271205667,-0.06590107914943222,0.9770518667709123,-0.025498713756096376,-0.06585063413483418,0.9813928882072939,-0.0261073442633095,-0.06480948865248984,0.034999999999999865,-0.010000000000000134,0.015789473684210527,0.049999892711639404,ACTIVE
1,X+,1789629405.6447005,0.9855339116949542,-0.026340635956390003,-0.06590132781243897,0.9770518667709123,-0.025498713756096376,-0.06585063413483418,0.9813928882072939,-0.0261073442633095,-0.06480948865248984,0.034999999999999865,-0.010000000000000134,0.015789473684210527,0.049999892711639404,ACTIVE
1,X+,1789629405.7583108,0.9855339116949542,-0.026340635956390003,-0.06590132781243897,0.9770518667709123,-0.025498713756096376,-0.06585063413483418,0.9813928882072939,-0.0261073442633095,-0.06480948865248984,0.034999999999999865,-0.010000000000000134,0.015789473684210527,0.049999892711639404,ACTIVE
1,X+,1789629405.873313,0.9855339116949542,-0.026340635956390003,-0.06590132781243897,0.9770518667709123,-0.025498713756096376,-0.06585063413483418,0.9813928882072939,-0.0261073442633095,-0.06480948865248984,0.034999999999999865,-0.010000000000000134,0.015789473684210527,0.049999892711639404,ACTIVE
1,X+,1789629405.9912145,0.9855339116949542,-0.026340635956390003,-0.06590132781243897,0.9770518667709123,-0.025498713756096376,-0.06585063413483418,0.9813928882072939,-0.0261073442633095,-0.06480948865248984,0.034999999999999865,-0.010000000000000134,0.015789473684210527,0.049999892711639404,ACTIVE
1,X+,1789629406.1038332,0.9855339116949542,-0.026340635956390003,-0.06590132781243897,0.9770518667709123,-0.025498713756096376,-0.06585063413483418,0.9813928882072939,-0.0261073442633095,-0.06480948865248984,0.034999999999999865,-0.010000000000000134,0.015789473684210527,0.049999892711639404,ACTIVE
1,X+,1789629406.2288394,0.9864939022262033,-0.026685255817814866,-0.06590167267686206,0.9770518667709123,-0.025498713756096376,-0.06585063413483418,0.9813928882072939,-0.0261073442633095,-0.06480948865248984,0.034999999999999865,-0.010000000000000134,0.015789473684210527,0.049999892711639404,ACTIVE
1,X+,1789629406.3458853,0.9894097228469464,-0.027721575706601696,-0.06529365143938681,0.9787351588081277,-0.02611450079135189,-0.06565929864290918,0.983887215917778,-0.026998421984594345,-0.06469744124169573,0.034999999999999865,-0.010000000000000134,0.015789473684210527,0.049999892711639404,ACTIVE
1,X+,1789629406.45929,0.9895220436596426,-0.027760933381227988,-0.06524522023502169,0.9787351588081277,-0.02611450079135189,-0.06565929864290918,0.983887215917778,-0.026998421984594345,-0.06469744124169573,0.034999999999999865,-0.010000000000000134,0.015789473684210527,0.049999892711639404,ACTIVE
1,X+,1789629406.6035264,0.9895220436596426,-0.027760933381227988,-0.06524522023502169,0.9787351588081277,-0.02611450079135189,-0.06565929864290918,0.983887215917778,-0.026998421984594345,-0.06469744124169573,0.034999999999999865,-0.010000000000000134,0.015789473684210527,0.049999892711639404,ACTIVE
1,X+,1789629406.7214894,0.9895220436596426,-0.027760933381227988,-0.06524522023502169,0.9787351588081277,-0.02611450079135189,-0.06565929864290918,0.983887215917778,-0.026998421984594345,-0.06469744124169573,0.034999999999999865,-0.010000000000000134,0.015789473684210527,0.049999892711639404,ACTIVE
1,X+,1789629406.8405783,0.9895220436596426,-0.027760933381227988,-0.06524522023502169,0.9787351588081277,-0.02611450079135189,-0.06565929864290918,0.983887215917778,-0.026998421984594345,-0.06469744124169573,0.034999999999999865,-0.010000000000000134,0.015789473684210527,0.049999892711639404,ACTIVE
1,X+,1789629406.9574046,0.9906561056239406,-0.02815809372386866,-0.06473396333896832,0.9787351588081277,-0.02611450079135189,-0.06565929864290918,0.983887215917778,-0.026998421984594345,-0.06469744124169573,0.034999999999999865,-0.010000000000000134,0.015789473684210527,0.049999892711639404,ACTIVE
1,X+,1789629407.0689766,0.9927009049123463,-0.02887216013765634,-0.06381217143031048,0.9804574530855781,-0.02695471013743298,-0.06269054659648934,0.9859454029065396,-0.02775711737227515,-0.06358562363585137,0.034999999999999865,-0.010000000000000134,0.015789473684210527,0.049999892711639404,ACTIVE
1,X+,1789629407.1812785,0.9932002068644006,-0.029046200920627742,-0.06358709708792858,0.9804574530855781,-0.02695471013743298,-0.06269054659648934,0.9859454029065396,-0.02775711737227515,-0.06358562363585137,0.034999999999999865,-0.010000000000000134,0.015789473684210527,0.049999892711639404,ACTIVE
1,X+,1789629407.2999742,0.9932002068644006,-0.029046200920627742,-0.06358709708792858,0.9804574530855781,-0.02695471013743298,-0.06269054659648934,0.9859454029065396,-0.02775711737227515,-0.06358562363585137,0.034999999999999865,-0.010000000000000134,0.015789473684210527,0.049999892711639404,ACTIVE
1,X+,1789629407.4262903,0.9932002068644006,-0.029046200920627742,-0.06358709708792858,0.9804574530855781,-0.02695471013743298,-0.06269054659648934,0.9859454029065396,-0.02775711737227515,-0.06358562363585137,0.034999999999999865,-0.010000000000000134,0.015789473684210527,0.049999892711639404,ACTIVE
1,X+,1789629407.5431595,0.9932002068644006,-0.029046200920627742,-0.06358709708792858,0.9804574530855781,-0.02695471013743298,-0.06269054659648934,0.9859454029065396,-0.02775711737227515,-0.06358562363585137,0.034999999999999865,-0.010000000000000134,0.015789473684210527,0.049999892711639404,ACTIVE
1,X+,1789629407.659413,0.9934634507110363,-0.02913790846456308,-0.06346844374850552,0.9804574530855781,-0.02695471013743298,-0.06269054659648934,0.9859454029065396,-0.02775711737227515,-0.06358562363585137,0.034999999999999865,-0.010000000000000134,0.015789473684210527,0.049999892711639404,ACTIVE
1,X+,1789629407.7745175,0.9954388646898508,-0.02982497658183863,-0.06257826964592084,0.9823118871296741,-0.027212852438518655,-0.06133581025831789,0.98782955134191,-0.028449568221464206,-0.06256622259913455,0.034999999999999865,-0.010000000000000134,0.015789473684210527,0.049999892711639404,ACTIVE
1,X+,1789629407.8862305,0.9963582089898723,-0.030144064258668276,-0.06216411279131666,0.9823118871296741,-0.027212852438518655,-0.06133581025831789,0.98782955134191,-0.028449568221464206,-0.06256622259913455,0.034999999999999865,-0.010000000000000134,0.02631578947368421,0.049999892711639404,ACTIVE
1,X+,1789629407.998598,0.9963582089898723,-0.030144064258668276,-0.06216411279131666,0.9823118871296741,-0.027212852438518655,-0.06133581025831789,0.98782955134191,-0.028449568221464206,-0.06256622259913455,0.034999999999999865,-0.010000000000000134,0.02631578947368421,0.049999892711639404,ACTIVE
1,X+,1789629408.1121898,0.9963582089898723,-0.030144064258668276,-0.06216411279131666,0.9823118871296741,-0.027212852438518655,-0.06133581025831789,0.98782955134191,-0.028449568221464206,-0.06256622259913455,0.034999999999999865,-0.010000000000000134,0.02631578947368421,0.049999892711639404,ACTIVE
1,X+,1789629408.2260497,0.9963582089898723,-0.030144064258668276,-0.06216411279131666,0.9823118871296741,-0.027212852438518655,-0.06133581025831789,0.98782955134191,-0.028449568221464206,-0.06256622259913455,0.034999999999999865,-0.010000000000000134,0.02631578947368421,0.049999892711639404,ACTIVE
1,X+,1789629408.3402307,0.9963582089898723,-0.030144064258668276,-0.06216411279131666,0.9823118871296741,-0.027212852438518655,-0.06133581025831789,0.98782955134191,-0.028449568221464206,-0.06256622259913455,0.034999999999999865,-0.010000000000000134,0.02631578947368421,0.049999892711639404,ACTIVE
1,X+,1789629408.4684782,0.9978454614079619,-0.03065936725880421,-0.061494275015614025,0.9828887311873299,-0.028061955380175776,-0.060603554123127804,0.9895957712478445,-0.029096498238965988,-0.06161192344948955,0.034999999999999865,-0.010000000000000134,0.02631578947368421,0.049999892711639404,ACTIVE
1,X+,1789629408.593965,0.9993764214266377,-0.031185172647420746,-0.06043648721560238,0.9828887311873299,-0.028061955380175776,-0.060603554123127804,0.9895957712478445,-0.029096498238965988,-0.06161192344948955,0.034999999999999865,-0.010000000000000134,0.02631578947368421,0.049999892711639404,ACTIVE
1,X+,1789629408.7248988,0.9993764214266377,-0.031185172647420746,-0.06043648721560238,0.9828887311873299,-0.028061955380175776,-0.060603554123127804,0.9895957712478445,-0.029096498238965988,-0.06161192344948955,0.034999999999999865,-0.010000000000000134,0.02631578947368421,0.049999892711639404,ACTIVE
1,X+,1789629408.847844,0.9993764214266377,-0.031185172647420746,-0.06043648721560238,0.9828887311873299,-0.028061955380175776,-0.060603554123127804,0.9895957712478445,-0.029096498238965988,-0.06161192344948955,0.034999999999999865,-0.010000000000000134,0.02631578947368421,0.049999892711639404,ACTIVE
1,X+,1789629408.9602928,0.9993764214266377,-0.031185172647420746,-0.06043648721560238,0.9828887311873299,-0.028061955380175776,-0.060603554123127804,0.9895957712478445,-0.029096498238965988,-0.06161192344948955,0.034999999999999865,-0.010000000000000134,0.02631578947368421,0.049999892711639404,ACTIVE
1,X+,1789629409.079139,0.9993764214266377,-0.031185172647420746,-0.06043648721560238,0.9828887311873299,-0.028061955380175776,-0.060603554123127804,0.9895957712478445,-0.029096498238965988,-0.06161192344948955,0.034999999999999865,-0.010000000000000134,0.02631578947368421,0.049999892711639404,ACTIVE
1,X+,1789629409.1962047,0.9993764214266377,-0.031185172647420746,-0.06043648721560238,0.9828887311873299,-0.028061955380175776,-0.060603554123127804,0.9895957712478445,-0.029096498238965988,-0.06161192344948955,0.034999999999999865,-0.010000000000000134,0.02631578947368421,0.049999892711639404,ACTIVE
1,X+,1789629409.318702,1.0010235306572066,-0.0317446047976887,-0.05921926711420292,0.9852743457639688,-0.028292665464840806,-0.05844788402549723,0.9912535894992522,-0.0297236373487408,-0.0601696766221602,0.034999999999999865,-0.010000000000000134,0.02631578947368421,0.049999892711639404,ACTIVE
1,X+,1789629409.437531,1.002015600421616,-0.032080459511833845,-0.05848651076645754,0.9852743457639688,-0.028292665464840806,-0.05844788402549723,0.9912535894992522,-0.0297236373487408,-0.0601696766221602,0.034999999999999865,-0.010000000000000134,0.02631578947368421,0.049999892711639404,ACTIVE
1,X+,1789629409.5612774,1.002015600421616,-0.032080459511833845,-0.05848651076645754,0.9852743457639688,-0.028292665464840806,-0.05844788402549723,0.9912535894992522,-0.0297236373487408,-0.0601696766221602,0.034999999999999865,-0.010000000000000134,0.02631578947368421,0.049999892711639404,ACTIVE
1,X+,1789629409.672849,1.002015600421616,-0.032080459511833845,-0.05848651076645754,0.9852743457639688,-0.028292665464840806,-0.05844788402549723,0.9912535894992522,-0.0297236373487408,-0.0601696766221602,0.034999999999999865,-0.010000000000000134,0.02631578947368421,0.049999892711639404,ACTIVE
1,X+,1789629409.7868862,1.002015600421616,-0.032080459511833845,-0.05848651076645754,0.9852743457639688,-0.028292665464840806,-0.05844788402549723,0.9912535894992522,-0.0297236373487408,-0.0601696766221602,0.034999999999999865,-0.010000000000000134,0.02631578947368421,0.049999892711639404,ACTIVE
1,X+,1789629409.9035237,1.002015600421616,-0.032080459511833845,-0.05848651076645754,0.9852743457639688,-0.028292665464840806,-0.05844788402549723,0.9912535894992522,-0.0297236373487408,-0.0601696766221602,0.034999999999999865,-0.010000000000000134,0.02631578947368421,0.049999892711639404,ACTIVE
1,X+,1789629410.0385115,1.002015600421616,-0.032080459511833845,-0.05848651076645754,0.9852743457639688,-0.028292665464840806,-0.05844788402549723,0.9912535894992522,-0.0297236373487408,-0.0601696766221602,0.034999999999999865,-0.010000000000000134,0.02631578947368421,0.049999892711639404,ACTIVE
1,X+,1789629410.1502607,1.002015600421616,-0.032080459511833845,-0.05848651076645754,0.9852743457639688,-0.028292665464840806,-0.05844788402549723,0.9912535894992522,-0.0297236373487408,-0.0601696766221602,0.034999999999999865,-0.010000000000000134,0.02631578947368421,0.049999892711639404,ACTIVE
1,X+,1789629410.2618237,1.0023072773864037,-0.0321790548518364,-0.058271108606798544,0.9852743457639688,-0.028292665464840806,-0.05844788402549723,0.9912535894992522,-0.0297236373487408,-0.0601696766221602,0.034999999999999865,-0.010000000000000134,0.02631578947368421,0.049999892711639404,ACTIVE
1,X+,1789629410.3782291,1.0032258364127054,-0.03248911234405023,-0.05759285399045629,0.985522699826318,-0.029177419015398068,-0.05610492496300032,0.9928790824777648,-0.0303348618514831,-0.05876053626972568,0.034999999999999865,-0.010000000000000134,0.02631578947368421,0.049999892711639404,ACTIVE
1,X+,1789629410.5192113,1.0045141729454556,-0.032922861115723505,-0.056641817835189,0.985522699826318,-0.029177419015398068,-0.05610492496300032,0.9928790824777648,-0.0303348618514831,-0.05876053626972568,0.034999999999999865,-0.010000000000000134,0.02631578947368421,0.049999892711639404,ACTIVE
1,X+,1789629410.6303194,1.0045141729454556,-0.032922861115723505,-0.056641817835189,0.985522699826318,-0.029177419015398068,-0.05610492496300032,0.9928790824777648,-0.0303348618514831,-0.05876053626972568,0.034999999999999865,-0.010000000000000134,0.02631578947368421,0.049999892711639404,ACTIVE
1,X+,1789629410.7432835,1.0045141729454556,-0.032922861115723505,-0.056641817835189,0.985522699826318,-0.029177419015398068,-0.05610492496300032,0.9928790824777648,-0.0303348618514831,-0.05876053626972568,0.034999999999999865,-0.010000000000000134,0.02631578947368421,0.049999892711639404,ACTIVE
1,X+,1789629410.8603938,1.0045141729454556,-0.032922861115723505,-0.056641817835189,0.985522699826318,-0.029177419015398068,-0.05610492496300032,0.9928790824777648,-0.0303348618514831,-0.05876053626972568,0.034999999999999865,-0.010000000000000134,0.02631578947368421,0.049999892711639404,ACTIVE
1,X+,1789629410.9749537,1.0045141729454556,-0.032922861115723505,-0.056641817835189,0.985522699826318,-0.029177419015398068,-0.05610492496300032,0.9928790824777648,-0.0303348618514831,-0.05876053626972568,0.034999999999999865,-0.010000000000000134,0.02631578947368421,0.049999892711639404,ACTIVE
1,X+,1789629411.099239,1.0045141729454556,-0.032922861115723505,-0.056641817835189,0.985522699826318,-0.029177419015398068,-0.05610492496300032,0.9928790824777648,-0.0303348618514831,-0.05876053626972568,0.034999999999999865,-0.010000000000000134,0.02631578947368421,0.049999892711639404,ACTIVE
1,X+,1789629411.2153187,1.0046160770541985,-0.03295711347899817,-0.05656660606184955,0.985522699826318,-0.029177419015398068,-0.05610492496300032,0.9928790824777648,-0.0303348618514831,-0.05876053626972568,0.034999999999999865,-0.010000000000000134,0.02631578947368421,0.049999892711639404,ACTIVE
1,X+,1789629411.3314943,1.0057511447318126,-0.033338081235892957,-0.05572897818536785,0.985522699826318,-0.029177419015398068,-0.05610492496300032,0.9928790824777648,-0.0303348618514831,-0.05876053626972568,0.034999999999999865,-0.010000000000000134,0.02631578947368421,0.049999892711639404,ACTIVE
1,X+,1789629411.466875,1.0071602283246595,-0.033809598568661586,-0.054689450242898306,0.9878884427037018,-0.029674302433490687,-0.05432545623037081,0.9944823828245665,-0.030934052345721077,-0.057376020601061374,0.034999999999999865,-0.010000000000000134,0.02631578947368421,0.049999892711639404,ACTIVE
1,X+,1789629411.5906248,1.0071602283246595,-0.033809598568661586,-0.054689450242898306,0.9878884427037018,-0.029674302433490687,-0.05432545623037081,0.9944823828245665,-0.030934052345721077,-0.057376020601061374,0.034999999999999865,-0.010000000000000134,0.02631578947368421,0.049999892711639404,ACTIVE
1,X+,1789629411.703832,1.0071602283246595,-0.033809598568661586,-0.054689450242898306,0.9878884427037018,-0.029674302433490687,-0.05432545623037081,0.9944823828245665,-0.030934052345721077,-0.057376020601061374,0.034999999999999865,-0.010000000000000134,0.02631578947368421,0.049999892711639404,ACTIVE
1,X+,1789629411.8150346,1.0071602283246595,-0.033809598568661586,-0.054689450242898306,0.9878884427037018,-0.029674302433490687,-0.05432545623037081,0.9944823828245665,-0.030934052345721077,-0.057376020601061374,0.034999999999999865,-0.010000000000000134,0.02631578947368421,0.049999892711639404,ACTIVE
1,X+,1789629411.926913,1.0071602283246595,-0.033809598568661586,-0.054689450242898306,0.9878884427037018,-0.029674302433490687,-0.05432545623037081,0.9944823828245665,-0.030934052345721077,-0.057376020601061374,0.034999999999999865,-0.010000000000000134,0.02631578947368421,0.049999892711639404,ACTIVE
1,X+,1789629412.0385642,1.0071602283246595,-0.033809598568661586,-0.054689450242898306,0.9878884427037018,-0.029674302433490687,-0.05432545623037081,0.9944823828245665,-0.030934052345721077,-0.057376020601061374,0.034999999999999865,-0.010000000000000134,0.02631578947368421,0.049999892711639404,ACTIVE
1,X+,1789629412.169445,1.0077444000415425,-0.03400461882444947,-0.054258580926603295,0.9878884427037018,-0.029674302433490687,-0.05432545623037081,0.9944823828245665,-0.030934052345721077,-0.057376020601061374,0.034999999999999865,-0.010000000000000134,0.02631578947368421,0.049999892711639404,ACTIVE
1,X+,1789629412.2920058,1.0094189286478366,-0.034562156189793324,-0.05302381279627597,0.9894728653679128,-0.03014803117851712,-0.05320944872083945,0.9960683487234441,-0.0315230326248157,-0.05601233173541034,0.034999999999999865,-0.010000000000000134,0.02631578947368421,0.049999892711639404,ACTIVE
1,X+,1789629412.4042232,1.0094189286478366,-0.034562156189793324,-0.05302381279627597,0.9894728653679128,-0.03014803117851712,-0.05320944872083945,0.9960683487234441,-0.0315230326248157,-0.05601233173541034,0.034999999999999865,-0.010000000000000134,0.02631578947368421,0.049999892711639404,ACTIVE
1,X+,1789629412.5177293,1.0094189286478366,-0.034562156189793324,-0.05302381279627597,0.9894728653679128,-0.03014803117851712,-0.05320944872083945,0.9960683487234441,-0.0315230326248157,-0.05601233173541034,0.034999999999999865,-0.010000000000000134,0.02631578947368421,0.049999892711639404,ACTIVE
1,X+,1789629412.629745,1.0094189286478366,-0.034562156189793324,-0.05302381279627597,0.9894728653679128,-0.03014803117851712,-0.05320944872083945,0.9960683487234441,-0.0315230326248157,-0.05601233173541034,0.034999999999999865,-0.010000000000000134,0.02631578947368421,0.049999892711639404,ACTIVE
1,X+,1789629412.7428334,1.0094189286478366,-0.034562156189793324,-0.05302381279627597,0.9894728653679128,-0.03014803117851712,-0.05320944872083945,0.9960683487234441,-0.0315230326248157,-0.05601233173541034,0.034999999999999865,-0.010000000000000134,0.02631578947368421,0.049999892711639404,ACTIVE
1,X+,1789629412.8572938,1.0094189286478366,-0.034562156189793324,-0.05302381279627597,0.9894728653679128,-0.03014803117851712,-0.05320944872083945,0.9960683487234441,-0.0315230326248157,-0.05601233173541034,0.034999999999999865,-0.010000000000000134,0.02631578947368421,0.049999892711639404,ACTIVE
1,X+,1789629412.9706025,1.0108673866018092,-0.03504265028155318,-0.05195613008579539,0.9911235943135229,-0.030789835656617005,-0.05121719665253809,0.9976438026051008,-0.0321046688748412,-0.054662538369883135,0.034999999999999865,-0.010000000000000134,0.02631578947368421,0.049999892711639404,ACTIVE
1,X+,1789629413.0826936,1.0118082119060023,-0.03535386828959196,-0.05126282153008528,0.9911235943135229,-0.030789835656617005,-0.05121719665253809,0.9976438026051008,-0.0321046688748412,-0.054662538369883135,0.034999999999999865,-0.010000000000000134,0.02631578947368421,0.049999892711639404,ACTIVE
1,X+,1789629413.202959,1.0118082119060023,-0.03535386828959196,-0.05126282153008528,0.9911235943135229,-0.030789835656617005,-0.05121719665253809,0.9976438026051008,-0.0321046688748412,-0.054662538369883135,0.034999999999999865,-0.010000000000000134,0.02631578947368421,0.049999892711639404,ACTIVE
1,X+,1789629413.3263423,1.0118082119060023,-0.03535386828959196,-0.05126282153008528,0.9911235943135229,-0.030789835656617005,-0.05121719665253809,0.9976438026051008,-0.0321046688748412,-0.054662538369883135,0.034999999999999865,-0.010000000000000134,0.02631578947368421,0.049999892711639404,ACTIVE
1,X+,1789629413.4383335,1.0118082119060023,-0.03535386828959196,-0.05126282153008528,0.9911235943135229,-0.030789835656617005,-0.05121719665253809,0.9976438026051008,-0.0321046688748412,-0.054662538369883135,0.034999999999999865,-0.010000000000000134,0.02631578947368421,0.049999892711639404,ACTIVE
1,X+,1789629413.562045,1.0118082119060023,-0.03535386828959196,-0.05126282153008528,0.9911235943135229,-0.030789835656617005,-0.05121719665253809,0.9976438026051008,-0.0321046688748412,-0.054662538369883135,0.034999999999999865,-0.010000000000000134,0.02631578947368421,0.049999892711639404,ACTIVE
1,X+,1789629413.6806593,1.012870693221135,-0.035704497244694655,-0.05048004054613146,0.991878786541222,-0.030789666133030247,-0.0512994702206763,0.9992099495006382,-0.032679398482427756,-0.05332586506764496,0.034999999999999865,-0.010000000000000134,0.02631578947368421,0.049999892711639404,ACTIVE
1,X+,1789629413.821519,1.0140489717449601,-0.03609231017035268,-0.04961216591873829,0.9919334373423156,-0.03136189899689208,-0.04950783670009831,0.9992099495006382,-0.032679398482427756,-0.05332586506764496,0.034999999999999865,-0.010000000000000134,0.02631578947368421,0.049999892711639404,ACTIVE
1,X+,1789629413.9437351,1.0140489717449601,-0.03609231017035268,-0.04961216591873829,0.9919334373423156,-0.03136189899689208,-0.04950783670009831,0.9992099495006382,-0.032679398482427756,-0.05332586506764496,0.034999999999999865,-0.010000000000000134,0.02631578947368421,0.049999892711639404,ACTIVE
1,X+,1789629414.0582669,1.0140489717449601,-0.03609231017035268,-0.04961216591873829,0.9919334373423156,-0.03136189899689208,-0.04950783670009831,0.9992099495006382,-0.032679398482427756,-0.05332586506764496,0.034999999999999865,-0.010000000000000134,0.02631578947368421,0.049999892711639404,ACTIVE
1,X+,1789629414.1709816,1.0140489717449601,-0.03609231017035268,-0.04961216591873829,0.9919334373423156,-0.03136189899689208,-0.04950783670009831,0.9992099495006382,-0.032679398482427756,-0.05332586506764496,0.034999999999999865,-0.010000000000000134,0.02631578947368421,0.049999892711639404,ACTIVE
1,X+,1789629414.3238964,1.015724810445839,-0.036642025175959436,-0.04837820434892175,0.9943601991292464,-0.03193052038746379,-0.04794116200934569,1.00076786495396,-0.03324762245686735,-0.05200157195592767,0.034999999999999865,-0.010000000000000134,0.02631578947368421,0.049999892711639404,ACTIVE
1,X+,1789629414.4367642,1.016472936865998,-0.03688672381638644,-0.047827490617215675,0.9943601991292464,-0.03193052038746379,-0.04794116200934569,1.00076786495396,-0.03324762245686735,-0.05200157195592767,0.034999999999999865,-0.010000000000000134,0.02631578947368421,0.049999892711639404,ACTIVE
1,X+,1789629414.5495615,1.016472936865998,-0.03688672381638644,-0.047827490617215675,0.9943601991292464,-0.03193052038746379,-0.04794116200934569,1.00076786495396,-0.03324762245686735,-0.05200157195592767,0.034999999999999865,-0.010000000000000134,0.02631578947368421,0.049999892711639404,ACTIVE
1,X+,1789629414.6610625,1.016472936865998,-0.03688672381638644,-0.047827490617215675,0.9943601991292464,-0.03193052038746379,-0.04794116200934569,1.00076786495396,-0.03324762245686735,-0.05200157195592767,0.034999999999999865,-0.010000000000000134,0.02631578947368421,0.049999892711639404,ACTIVE
1,X+,1789629414.7773726,1.016472936865998,-0.03688672381638644,-0.047827490617215675,0.9943601991292464,-0.03193052038746379,-0.04794116200934569,1.00076786495396,-0.03324762245686735,-0.05200157195592767,0.034999999999999865,-0.010000000000000134,0.02631578947368421,0.049999892711639404,ACTIVE
1,X+,1789629414.9166217,1.016472936865998,-0.03688672381638644,-0.047827490617215675,0.9943601991292464,-0.03193052038746379,-0.04794116200934569,1.00076786495396,-0.03324762245686735,-0.05200157195592767,0.034999999999999865,-0.010000000000000134,0.02631578947368421,0.049999892711639404,ACTIVE
1,X+,1789629415.0294688,1.0174226854546085,-0.03719674413458879,-0.0471284916350746,0.9959399030031924,-0.032435863661062186,-0.04662503743282899,1.002319687320334,-0.03381032438100816,-0.05068716697716367,0.034999999999999865,-0.010000000000000134,0.02631578947368421,0.049999892711639404,ACTIVE
1,X+,1789629415.1484325,1.018400414178209,-0.037515168270026766,-0.0464090560259422,0.9959399030031924,-0.032435863661062186,-0.04662503743282899,1.002319687320334,-0.03381032438100816,-0.05068716697716367,0.0,0.0,-0.02631578947368421,0.049999892711639404,ACTIVE
1,X+,1789629415.260312,1.018400414178209,-0.037515168270026766,-0.0464090560259422,0.9959399030031924,-0.032435863661062186,-0.04662503743282899,1.002319687320334,-0.03381032438100816,-0.05068716697716367,0.0,0.0,-0.02631578947368421,0.049999892711639404,ACTIVE
1,X+,1789629415.375228,1.018400414178209,-0.037515168270026766,-0.0464090560259422,0.9959399030031924,-0.032435863661062186,-0.04662503743282899,1.002319687320334,-0.03381032438100816,-0.05068716697716367,0.0,0.0,-0.02631578947368421,0.049999892711639404,ACTIVE
1,X+,1789629415.4878042,1.018400414178209,-0.037515168270026766,-0.0464090560259422,0.9959399030031924,-0.032435863661062186,-0.04662503743282899,1.002319687320334,-0.03381032438100816,-0.05068716697716367,0.0,0.0,-0.02631578947368421,0.049999892711639404,ACTIVE
1,X+,1789629415.6018121,1.018400414178209,-0.037515168270026766,-0.0464090560259422,0.9959399030031924,-0.032435863661062186,-0.04662503743282899,1.002319687320334,-0.03381032438100816,-0.05068716697716367,0.0,0.0,-0.02631578947368421,0.049999892711639404,ACTIVE
1,X+,1789629415.7262464,1.018400414178209,-0.037515168270026766,-0.0464090560259422,0.9959399030031924,-0.032435863661062186,-0.04662503743282899,1.002319687320334,-0.03381032438100816,-0.05068716697716367,0.0,0.0,-0.02631578947368421,0.049999892711639404,ACTIVE
1,X+,1789629415.8526385,1.018586009574138,-0.037575529020417296,-0.046272508523623856,0.9959399030031924,-0.032435863661062186,-0.04662503743282899,1.002319687320334,-0.03381032438100816,-0.05068716697716367,0.0,0.0,-0.02631578947368421,0.049999892711639404,ACTIVE
1,X+,1789629415.9784815,1.019916193968789,-0.03800731730567008,-0.04529221910880706,0.9975514965247458,-0.0330367462449409,-0.04506304449891418,1.0038668735004281,-0.03436821530672359,-0.049380789240513874,0.034999999999999865,0.034999999999999865,0.057894736842105256,0.049999892711639404,ACTIVE
1,X+,1789629416.1615613,1.0202216959153965,-0.038106397802235986,-0.04506799396255586,0.9975514965247458,-0.0330367462449409,-0.04506304449891417,1.0038668735004281,-0.03436821530672359,-0.049380789240513874,0.034999999999999865,0.034999999999999865,0.057894736842105256,0.049999892711639404,ACTIVE
1,X+,1789629416.2811775,1.0202216959153965,-0.038106397802235986,-0.04506799396255586,0.9975514965247458,-0.0330367462449409,-0.04506304449891417,1.0038668735004281,-0.03436821530672359,-0.049380789240513874,0.034999999999999865,0.034999999999999865,0.057894736842105256,0.049999892711639404,ACTIVE
1,X+,1789629416.4294434,1.0202216959153965,-0.038106397802235986,-0.04506799396255586,0.9975514965247458,-0.0330367462449409,-0.04506304449891417,1.0038668735004281,-0.03436821530672359,-0.049380789240513874,0.034999999999999865,0.034999999999999865,0.057894736842105256,0.049999892711639404,ACTIVE
1,X+,1789629416.5417678,1.0202216959153965,-0.038106397802235986,-0.04506799396255586,0.9975514965247458,-0.0330367462449409,-0.04506304449891417,1.0038668735004281,-0.03436821530672359,-0.049380789240513874,0.034999999999999865,0.034999999999999865,0.057894736842105256,0.049999892711639404,ACTIVE
1,X+,1789629416.6529112,1.0202216959153965,-0.038106397802235986,-0.04506799396255586,0.9975514965247458,-0.0330367462449409,-0.04506304449891417,1.0038668735004281,-0.03436821530672359,-0.049380789240513874,0.034999999999999865,0.034999999999999865,0.057894736842105256,0.049999892711639404,ACTIVE
1,X+,1789629416.7669678,1.0202216959153965,-0.038106397802235986,-0.04506799396255586,0.9975514965247458,-0.0330367462449409,-0.04506304449891417,1.0038668735004281,-0.03436821530672359,-0.049380789240513874,0.034999999999999865,0.034999999999999865,0.057894736842105256,0.049999892711639404,ACTIVE
1,X+,1789629416.8943155,1.020549387888401,-0.038212570921821704,-0.04482731684993479,0.9975514965247458,-0.0330367462449409,-0.04506304449891417,1.0038668735004281,-0.03436821530672359,-0.049380789240513874,0.034999999999999865,0.034999999999999865,0.057894736842105256,0.049999892711639404,ACTIVE
1,X+,1789629417.0110238,1.020711122365403,-0.03825865095289374,-0.04471109996588612,0.9983538494017723,-0.03358344024843051,-0.04421660581838748,1.0042192886187897,-0.03451412402146807,-0.0490022037274897,0.034999999999999865,0.034999999999999865,0.057894736842105256,0.049999892711639404,ACTIVE
1,X+,1789629417.165656,1.021031962943764,-0.03829117309902506,-0.04449294007021437,0.9983538494017723,-0.03358344024843051,-0.04421660581838748,1.0042192886187897,-0.03451412402146807,-0.0490022037274897,0.034999999999999865,0.034999999999999865,0.057894736842105256,0.049999892711639404,ACTIVE
1,X+,1789629417.290188,1.021031962943764,-0.03829117309902506,-0.04449294007021437,0.9983538494017723,-0.03358344024843051,-0.04421660581838748,1.0042192886187897,-0.03451412402146807,-0.0490022037274897,0.034999999999999865,0.034999999999999865,0.057894736842105256,0.049999892711639404,ACTIVE
1,X+,1789629417.4124725,1.021031962943764,-0.03829117309902506,-0.04449294007021437,0.9983538494017723,-0.03358344024843051,-0.04421660581838748,1.0042192886187897,-0.03451412402146807,-0.0490022037274897,0.034999999999999865,0.034999999999999865,0.057894736842105256,0.049999892711639404,ACTIVE
1,X+,1789629417.5248327,1.021031962943764,-0.03829117309902506,-0.04449294007021437,0.9983538494017723,-0.03358344024843051,-0.04421660581838748,1.0042192886187897,-0.03451412402146807,-0.0490022037274897,0.034999999999999865,0.034999999999999865,0.057894736842105256,0.049999892711639404,ACTIVE
1,X+,1789629417.6431293,1.021031962943764,-0.03829117309902506,-0.04449294007021437,0.9983538494017723,-0.03358344024843051,-0.04421660581838748,1.0042192886187897,-0.03451412402146807,-0.0490022037274897,0.034999999999999865,0.034999999999999865,0.057894736842105256,0.049999892711639404,ACTIVE
1,X+,1789629417.7610035,1.0216944039581504,-0.038364647648896494,-0.044041770212007336,0.9983538494017723,-0.03358344024843051,-0.04421660581838748,1.0042192886187897,-0.03451412402146807,-0.0490022037274897,0.034999999999999865,0.034999999999999865,0.057894736842105256,0.049999892711639404,ACTIVE
1,X+,1789629417.8906922,1.0228012473348753,-0.0382966462203041,-0.04328370108491938,0.9981436944567887,-0.033271701242449624,-0.04438863309848927,1.005384951225736,-0.034674569576923046,-0.048156674946035094,0.0,0.034999999999999865,0.057894736842105256,0.049999892711639404,ACTIVE
1,X+,1789629418.0111468,1.0228012473348753,-0.0382966462203041,-0.04328370108491938,0.9981436944567887,-0.033271701242449624,-0.04438863309848927,1.005384951225736,-0.034674569576923046,-0.048156674946035094,0.0,0.034999999999999865,0.057894736842105256,0.049999892711639404,ACTIVE
1,X+,1789629418.1261623,1.0228012473348753,-0.0382966462203041,-0.04328370108491938,0.9981436944567887,-0.033271701242449624,-0.04438863309848927,1.005384951225736,-0.034674569576923046,-0.048156674946035094,0.0,0.034999999999999865,0.057894736842105256,0.049999892711639404,ACTIVE
1,X+,1789629418.2413282,1.0228012473348753,-0.0382966462203041,-0.04328370108491938,0.9981436944567887,-0.033271701242449624,-0.04438863309848927,1.005384951225736,-0.034674569576923046,-0.048156674946035094,0.0,0.034999999999999865,0.057894736842105256,0.049999892711639404,ACTIVE
1,X+,1789629418.3527367,1.0228012473348753,-0.0382966462203041,-0.04328370108491938,0.9981436944567887,-0.033271701242449624,-0.04438863309848927,1.005384951225736,-0.034674569576923046,-0.048156674946035094,0.0,0.034999999999999865,0.057894736842105256,0.049999892711639404,ACTIVE
1,X+,1789629418.4646835,1.0228012473348753,-0.0382966462203041,-0.04328370108491938,0.9981436944567887,-0.033271701242449624,-0.04438863309848927,1.005384951225736,-0.034674569576923046,-0.048156674946035094,0.0,0.034999999999999865,0.057894736842105256,0.049999892711639404,ACTIVE
1,X+,1789629418.5921593,1.0238948453917014,-0.03819487467377941,-0.04253524560606162,0.9999725870050642,-0.03328727384980205,-0.04215313055645754,1.0073378400065045,-0.0345148941720504,-0.04682021879353409,0.0,0.034999999999999865,0.057894736842105256,0.049999892711639404,ACTIVE
1,X+,1789629418.7123132,1.024879119064868,-0.038087623691355536,-0.04122390797092873,0.9999725870050642,-0.03328727384980205,-0.04215313055645754,1.0073378400065045,-0.0345148941720504,-0.04682021879353409,0.0,0.034999999999999865,0.057894736842105256,0.049999892711639404,ACTIVE
1,X+,1789629418.83166,1.024879119064868,-0.038087623691355536,-0.04122390797092873,0.9999725870050642,-0.03328727384980205,-0.04215313055645754,1.0073378400065045,-0.0345148941720504,-0.04682021879353409,0.0,0.034999999999999865,0.057894736842105256,0.049999892711639404,ACTIVE
1,X+,1789629418.9451046,1.024879119064868,-0.038087623691355536,-0.04122390797092873,0.9999725870050642,-0.03328727384980205,-0.04215313055645754,1.0073378400065045,-0.0345148941720504,-0.04682021879353409,0.0,0.034999999999999865,0.057894736842105256,0.049999892711639404,ACTIVE
1,X+,1789629419.0565674,1.024879119064868,-0.038087623691355536,-0.04122390797092873,0.9999725870050642,-0.03328727384980205,-0.04215313055645754,1.0073378400065045,-0.0345148941720504,-0.04682021879353409,0.0,0.034999999999999865,0.057894736842105256,0.049999892711639404,ACTIVE
1,X+,1789629419.1912313,1.024879119064868,-0.038087623691355536,-0.04122390797092873,0.9999725870050642,-0.03328727384980205,-0.04215313055645754,1.0073378400065045,-0.0345148941720504,-0.04682021879353409,0.0,0.034999999999999865,0.057894736842105256,0.049999892711639404,ACTIVE
1,X+,1789629419.3028023,1.024879119064868,-0.038087623691355536,-0.04122390797092873,0.9999725870050642,-0.03328727384980205,-0.04215313055645754,1.0073378400065045,-0.0345148941720504,-0.04682021879353409,0.0,0.034999999999999865,0.057894736842105256,0.049999892711639404,ACTIVE
1,X+,1789629419.4147618,1.0249895294765372,-0.03807563917430588,-0.041073138841980376,0.9999725870050642,-0.03328727384980205,-0.04215313055645754,1.0073378400065045,-0.0345148941720504,-0.04682021879353409,0.0,0.034999999999999865,0.057894736842105256,0.049999892711639404,ACTIVE
1,X+,1789629419.540284,1.0256869519790386,-0.037990754651033784,-0.0399409646379588,1.0029477218277063,-0.032749459920472915,-0.03920851011812366,1.0083867110518192,-0.03441483903629717,-0.04531351830434282,0.0,0.034999999999999865,0.057894736842105256,0.049999892711639404,ACTIVE
1,X+,1789629419.6551173,1.0259807336474382,-0.037949501325758424,-0.039323061147735205,1.0029477218277063,-0.032749459920472915,-0.03920851011812366,1.0083867110518192,-0.03441483903629717,-0.04531351830434282,0.034999999999999865,0.034999999999999865,0.057894736842105256,0.049999892711639404,ACTIVE
1,X+,1789629419.7671182,1.0259807336474382,-0.037949501325758424,-0.039323061147735205,1.0029477218277063,-0.032749459920472915,-0.03920851011812366,1.0083867110518192,-0.03441483903629717,-0.04531351830434282,0.034999999999999865,0.034999999999999865,0.057894736842105256,0.049999892711639404,ACTIVE
1,X+,1789629419.8806305,1.0259807336474382,-0.037949501325758424,-0.039323061147735205,1.0029477218277063,-0.032749459920472915,-0.03920851011812366,1.0083867110518192,-0.03441483903629717,-0.04531351830434282,0.034999999999999865,0.034999999999999865,0.057894736842105256,0.049999892711639404,ACTIVE
1,X+,1789629419.9929068,1.0259807336474382,-0.037949501325758424,-0.039323061147735205,1.0029477218277063,-0.032749459920472915,-0.03920851011812366,1.0083867110518192,-0.03441483903629717,-0.04531351830434282,0.034999999999999865,0.034999999999999865,0.057894736842105256,0.049999892711639404,ACTIVE
1,X+,1789629420.1075892,1.0259807336474382,-0.037949501325758424,-0.039323061147735205,1.0029477218277063,-0.032749459920472915,-0.03920851011812366,1.0083867110518192,-0.03441483903629717,-0.04531351830434282,0.034999999999999865,0.034999999999999865,0.057894736842105256,0.049999892711639404,ACTIVE
1,X+,1789629420.227354,1.026298543180162,-0.037904131879017894,-0.038650352203559335,1.0031355865235274,-0.03263558494748757,-0.03816101295837284,1.0087666519614833,-0.03437400336632068,-0.04443318853936191,0.034999999999999865,0.034999999999999865,0.057894736842105256,0.049999892711639404,ACTIVE
1,X+,1789629420.3456154,1.0266254539967397,-0.03776418615347723,-0.037874590101190285,1.0031355865235274,-0.03263558494748757,-0.03816101295837284,1.0087666519614833,-0.03437400336632068,-0.04443318853936191,0.034999999999999865,0.034999999999999865,0.047368421052631574,0.049999892711639404,ACTIVE
1,X+,1789629420.4602485,1.0266254539967397,-0.03776418615347723,-0.037874590101190285,1.0031355865235274,-0.03263558494748757,-0.03816101295837284,1.0087666519614833,-0.03437400336632068,-0.04443318853936191,0.034999999999999865,0.034999999999999865,0.047368421052631574,0.049999892711639404,ACTIVE
1,X+,1789629420.573833,1.0266254539967397,-0.03776418615347723,-0.037874590101190285,1.0031355865235274,-0.03263558494748757,-0.03816101295837284,1.0087666519614833,-0.03437400336632068,-0.04443318853936191,0.034999999999999865,0.034999999999999865,0.047368421052631574,0.049999892711639404,ACTIVE
1,X+,1789629420.6855035,1.0266254539967397,-0.03776418615347723,-0.037874590101190285,1.0031355865235274,-0.03263558494748757,-0.03816101295837284,1.0087666519614833,-0.03437400336632068,-0.04443318853936191,0.034999999999999865,0.034999999999999865,0.047368421052631574,0.049999892711639404,ACTIVE
1,X+,1789629420.8225615,1.0266254539967397,-0.03776418615347723,-0.037874590101190285,1.0031355865235274,-0.03263558494748757,-0.03816101295837284,1.0087666519614833,-0.03437400336632068,-0.04443318853936191,0.034999999999999865,0.034999999999999865,0.047368421052631574,0.049999892711639404,ACTIVE
1,X+,1789629420.9554663,1.0268448545193893,-0.037668592104813395,-0.037352143518303633,1.0031355865235274,-0.03263558494748757,-0.03816101295837284,1.0087666519614833,-0.03437400336632068,-0.04443318853936191,0.034999999999999865,0.034999999999999865,0.047368421052631574,0.049999892711639404,ACTIVE
1,X+,1789629421.092739,1.027749028958956,-0.03721542624471693,-0.03532009523496149,1.0027281346056256,-0.03262062927315891,-0.03695419676921618,1.0096114479605964,-0.03400668580933585,-0.042260657214144313,0.034999999999999865,0.034999999999999865,0.047368421052631574,0.049999892711639404,ACTIVE
1,X+,1789629421.2134235,1.027749028958956,-0.03721542624471693,-0.03532009523496149,1.0027281346056256,-0.03262062927315891,-0.03695419676921618,1.0096114479605964,-0.03400668580933585,-0.042260657214144313,0.034999999999999865,0.034999999999999865,0.047368421052631574,0.049999892711639404,ACTIVE
1,X+,1789629421.324728,1.027749028958956,-0.03721542624471693,-0.03532009523496149,1.0027281346056256,-0.03262062927315891,-0.03695419676921618,1.0096114479605964,-0.03400668580933585,-0.042260657214144313,0.034999999999999865,0.034999999999999865,0.047368421052631574,0.049999892711639404,ACTIVE
1,X+,1789629421.4365957,1.027749028958956,-0.03721542624471693,-0.03532009523496149,1.0027281346056256,-0.03262062927315891,-0.03695419676921618,1.0096114479605964,-0.03400668580933585,-0.042260657214144313,0.034999999999999865,0.034999999999999865,0.047368421052631574,0.049999892711639404,ACTIVE
1,X+,1789629421.5615025,1.027749028958956,-0.03721542624471693,-0.03532009523496149,1.0027281346056256,-0.03262062927315891,-0.03695419676921618,1.0096114479605964,-0.03400668580933585,-0.042260657214144313,0.034999999999999865,0.034999999999999865,0.047368421052631574,0.049999892711639404,ACTIVE
1,X+,1789629421.6742954,1.0285538915023014,-0.036765624567521055,-0.03361146749755115,1.0039577788744574,-0.03185115238520505,-0.03198168450717765,1.0108749356722377,-0.033288120539904764,-0.03937638786159858,0.034999999999999865,0.034999999999999865,0.047368421052631574,0.049999892711639404,ACTIVE
1,X+,1789629421.7909195,1.029120793603826,-0.03639600945851159,-0.03255314984977599,1.0039577788744574,-0.03185115238520505,-0.03198168450717765,1.0108749356722377,-0.033288120539904764,-0.03937638786159858,0.034999999999999865,0.034999999999999865,0.047368421052631574,0.049999892711639404,ACTIVE
1,X+,1789629421.9068255,1.029120793603826,-0.03639600945851159,-0.03255314984977599,1.0039577788744574,-0.03185115238520505,-0.03198168450717765,1.0108749356722377,-0.033288120539904764,-0.03937638786159858,0.034999999999999865,0.034999999999999865,0.047368421052631574,0.049999892711639404,ACTIVE
1,X+,1789629422.023501,1.029120793603826,-0.03639600945851159,-0.03255314984977599,1.0039577788744574,-0.03185115238520505,-0.03198168450717765,1.0108749356722377,-0.033288120539904764,-0.03937638786159858,0.034999999999999865,0.034999999999999865,0.047368421052631574,0.049999892711639404,ACTIVE
1,X+,1789629422.1358988,1.029120793603826,-0.03639600945851159,-0.03255314984977599,1.0039577788744574,-0.03185115238520505,-0.03198168450717765,1.0108749356722377,-0.033288120539904764,-0.03937638786159858,0.034999999999999865,0.034999999999999865,0.047368421052631574,0.049999892711639404,ACTIVE
1,X+,1789629422.248534,1.029120793603826,-0.03639600945851159,-0.03255314984977599,1.0039577788744574,-0.03185115238520505,-0.03198168450717765,1.0108749356722377,-0.033288120539904764,-0.03937638786159858,0.034999999999999865,0.034999999999999865,0.047368421052631574,0.049999892711639404,ACTIVE
1,X+,1789629422.362865,1.0297743161326625,-0.035972933543952514,-0.0313219242074275,1.0039577788744574,-0.03185115238520505,-0.03198168450717765,1.0124357965964386,-0.032229553496886935,-0.036327714959238706,0.034999999999999865,0.034999999999999865,0.047368421052631574,0.049999892711639404,ACTIVE
1,X+,1789629422.547054,1.0309611525549873,-0.035109448523192525,-0.02934342089792536,1.0057166309503889,-0.03070447416221322,-0.029240454344530157,1.0124357965964386,-0.032229553496886935,-0.036327714959238706,-0.010000000000000134,-0.010000000000000134,-0.1,0.049999892711639404,ACTIVE
1,X+,1789629422.6775558,1.0309611525549873,-0.035109448523192525,-0.02934342089792536,1.0057166309503889,-0.03070447416221322,-0.029240454344530157,1.0124357965964386,-0.032229553496886935,-0.036327714959238706,-0.010000000000000134,-0.010000000000000134,-0.1,0.049999892711639404,ACTIVE
1,X+,1789629422.789308,1.0309611525549873,-0.035109448523192525,-0.02934342089792536,1.0057166309503889,-0.03070447416221322,-0.029240454344530157,1.0124357965964386,-0.032229553496886935,-0.036327714959238706,-0.010000000000000134,-0.010000000000000134,-0.1,0.049999892711639404,ACTIVE
1,X+,1789629422.9011443,1.0309611525549873,-0.035109448523192525,-0.02934342089792536,1.0057166309503889,-0.03070447416221322,-0.029240454344530157,1.0124357965964386,-0.032229553496886935,-0.036327714959238706,-0.010000000000000134,-0.010000000000000134,-0.1,0.049999892711639404,ACTIVE
1,X+,1789629423.0207274,1.0309611525549873,-0.035109448523192525,-0.02934342089792536,1.0057166309503889,-0.03070447416221322,-0.029240454344530157,1.0124357965964386,-0.032229553496886935,-0.036327714959238706,-0.010000000000000134,-0.010000000000000134,-0.1,0.049999892711639404,ACTIVE
1,X+,1789629423.156138,1.0311453491121576,-0.03497037056648894,-0.02904947270376684,1.0057166309503889,-0.03070447416221322,-0.029240454344530157,1.0124357965964386,-0.032229553496886935,-0.036327714959238706,-0.010000000000000134,-0.010000000000000134,-0.1,0.049999892711639404,ACTIVE
1,X+,1789629423.2752113,1.0321858827181403,-0.03412066407490704,-0.02697856318130365,1.0077619430091513,-0.02913651562077079,-0.026313447974178665,1.0142051384811541,-0.030828682444086,-0.033471661170815264,-0.010000000000000134,-0.010000000000000134,-0.1,0.049999892711639404,ACTIVE
1,X+,1789629423.3875015,1.0324604679603846,-0.03385935085390637,-0.026186789364289805,1.0077619430091513,-0.02913651562077079,-0.026313447974178665,1.0142051384811541,-0.030828682444086,-0.033471661170815264,-0.010000000000000134,-0.010000000000000134,-0.005263157894736843,0.049999892711639404,ACTIVE
1,X+,1789629423.4989164,1.0324604679603846,-0.03385935085390637,-0.026186789364289805,1.0077619430091513,-0.02913651562077079,-0.026313447974178665,1.0142051384811541,-0.030828682444086,-0.033471661170815264,-0.010000000000000134,-0.010000000000000134,-0.005263157894736843,0.049999892711639404,ACTIVE
1,X+,1789629423.616183,1.0324604679603846,-0.03385935085390637,-0.026186789364289805,1.0077619430091513,-0.02913651562077079,-0.026313447974178665,1.0142051384811541,-0.030828682444086,-0.033471661170815264,-0.010000000000000134,-0.010000000000000134,-0.005263157894736843,0.049999892711639404,ACTIVE
1,X+,1789629423.7496421,1.0324604679603846,-0.03385935085390637,-0.026186789364289805,1.0077619430091513,-0.02913651562077079,-0.026313447974178665,1.0142051384811541,-0.030828682444086,-0.033471661170815264,-0.010000000000000134,-0.010000000000000134,-0.005263157894736843,0.049999892711639404,ACTIVE
1,X+,1789629423.8632262,1.0324604679603846,-0.03385935085390637,-0.026186789364289805,1.0077619430091513,-0.02913651562077079,-0.026313447974178665,1.0142051384811541,-0.030828682444086,-0.033471661170815264,-0.010000000000000134,-0.010000000000000134,-0.005263157894736843,0.049999892711639404,ACTIVE
1,X+,1789629424.0128062,1.032568800661189,-0.0337541079604348,-0.025865376479825942,1.0077619430091513,-0.02913651562077079,-0.026313447974178665,1.0142051384811541,-0.030828682444086,-0.033471661170815264,-0.010000000000000134,-0.010000000000000134,-0.005263157894736843,0.049999892711639404,ACTIVE
1,X+,1789629424.1391253,1.0325699564524569,-0.033757092301452116,-0.025850883258117772,1.0099519685328864,-0.027123695019081965,-0.023539592888163877,1.0144613263360538,-0.030561244386354307,-0.03266553072475175,0.0,0.0,0.0,0.049999892711639404,ACTIVE
1,X+,1789629424.2577772,,,,,,,,,,0.0,0.0,0.0,0.049999892711639404,SUCCEEDED
