run,test,sim_time,gt_x,gt_y,gt_yaw,localization_x,localization_y,localization_yaw,odom_x,odom_y,odom_yaw,cmd_vel_x,cmd_vel_y,cmd_vel_yaw,local_ekf_x,local_ekf_y,local_ekf_yaw,global_ekf_x,global_ekf_y,global_ekf_yaw,imu_wz,imu_yaw,distance_remaining,action_state
1,X+,3.0,1.8453680601313027e-06,-3.431302473058673e-08,6.770890226741517e-05,-5.040151104051806e-05,-3.6582734348731636e-08,9.444533706481908e-05,-0.00019929052691346907,-8.734364122182221e-10,1.1378059342798713e-10,0.0,0.0,0.0,-0.00019938307435803917,-9.04660878040626e-10,-2.239373003298795e-05,-2.776221789154138e-05,-3.352617202815032e-08,7.516566789389499e-05,0.0011094414463687786,6.770858630235299e-05,0.0,ACTIVE
1,X+,3.0,1.8453680601313027e-06,-3.431302473058673e-08,6.770890226741517e-05,-5.040151104051806e-05,-3.6582734348731636e-08,9.444533706481908e-05,-0.00019929052691346907,-8.734364122182221e-10,1.1378059342798713e-10,0.25999999999999984,-0.05500000000000013,0.057894736842105256,-0.00019938307435803917,-9.04660878040626e-10,-2.239373003298795e-05,-2.776221789154138e-05,-3.352617202815032e-08,7.516566789389499e-05,0.0011094414463687786,6.770858630235299e-05,0.9999493360519409,ACTIVE
1,X+,3.0,1.8453680601313027e-06,-3.431302473058673e-08,6.770890226741517e-05,-5.040151104051806e-05,-3.6582734348731636e-08,9.444533706481908e-05,-0.00019929052691346907,-8.734364122182221e-10,1.1378059342798713e-10,0.25999999999999984,-0.05500000000000013,0.057894736842105256,-0.00019938307435803917,-9.04660878040626e-10,-2.239373003298795e-05,-2.776221789154138e-05,-3.352617202815032e-08,7.516566789389499e-05,0.0011094414463687786,6.770858630235299e-05,0.9999493360519409,ACTIVE
1,X+,3.0,1.8469343828313167e-06,-3.4831845699412334e-08,6.771585082186946e-05,-5.040151104051806e-05,-3.6582734348731636e-08,9.444533706481908e-05,-0.00019929052691346907,-8.734364122182221e-10,1.1378059342798713e-10,0.25999999999999984,-0.05500000000000013,0.057894736842105256,-0.00019938307435803917,-9.04660878040626e-10,-2.239373003298795e-05,-2.776221789154138e-05,-3.352617202815032e-08,7.516566789389499e-05,-0.0009043717411797892,6.771521937468222e-05,0.9999493360519409,ACTIVE
1,X+,3.0,1.8507037821795247e-06,-3.6079627536468595e-08,6.773257365203009e-05,-4.816798375020665e-05,-3.650015218847952e-08,6.133548117137624e-05,-0.00022145247940908016,-9.69005121358385e-10,1.2663546610541046e-10,0.25999999999999984,-0.05500000000000013,0.057894736842105256,-0.00022077770328723625,-5.692231599071742e-10,-2.18669036744501e-05,-2.677335486715394e-05,-3.505550575770502e-08,6.080865481283837e-05,0.0030759361734441623,6.950061605760633e-05,0.9999493360519409,ACTIVE
1,X+,3.1,4.397584384321224e-05,-4.646073886817315e-06,7.197248503649032e-05,-4.816798375020665e-05,-3.650015218847952e-08,6.133548117137624e-05,-0.00022145247940908016,-9.69005121358385e-10,1.2663546610541046e-10,0.25999999999999984,-0.05500000000000013,0.057894736842105256,-0.00022077770328723625,-5.692231599071742e-10,-2.18669036744501e-05,-2.677335486715394e-05,-3.505550575770502e-08,6.080865481283837e-05,0.0030759361734441623,6.950061605760633e-05,0.9999493360519409,ACTIVE
1,X+,3.1,4.397584384321224e-05,-4.646073886817315e-06,7.197248503649032e-05,-4.816798375020665e-05,-3.650015218847952e-08,6.133548117137624e-05,-0.00022145247940908016,-9.69005121358385e-10,1.2663546610541046e-10,0.25999999999999984,-0.05500000000000013,0.057894736842105256,-0.00022077770328723625,-5.692231599071742e-10,-2.18669036744501e-05,-2.677335486715394e-05,-3.505550575770502e-08,6.080865481283837e-05,0.0030759361734441623,6.950061605760633e-05,0.9999493360519409,ACTIVE
1,X+,3.1,4.397584384321224e-05,-4.646073886817315e-06,7.197248503649032e-05,-4.816798375020665e-05,-3.650015218847952e-08,6.133548117137624e-05,-0.00022145247940908016,-9.69005121358385e-10,1.2663546610541046e-10,0.25999999999999984,-0.05500000000000013,0.057894736842105256,-0.00022077770328723625,-5.692231599071742e-10,-2.18669036744501e-05,-2.677335486715394e-05,-3.505550575770502e-08,6.080865481283837e-05,0.0030759361734441623,6.950061605760633e-05,0.9999493360519409,ACTIVE
1,X+,3.1,0.0002168661596174369,-3.4802328033542614e-05,8.871937432949355e-05,-4.816798375020665e-05,-3.650015218847952e-08,6.133548117137624e-05,-0.00022145247940908016,-9.69005121358385e-10,1.2663546610541046e-10,0.25999999999999984,-0.05500000000000013,0.057894736842105256,-0.00022077770328723625,-5.692231599071742e-10,-2.18669036744501e-05,-2.677335486715394e-05,-3.505550575770502e-08,6.080865481283837e-05,-0.002500035105433155,8.25722686439221e-05,0.9999493360519409,ACTIVE
1,X+,3.1,0.0013727211508792712,-0.00023997354614061286,0.00021522707480848446,-5.052341793662245e-05,-4.030506728841933e-08,0.00010890062455004577,0.0015177970161005304,-0.00030273739075393954,0.00017711762361975053,0.25999999999999984,-0.05500000000000013,0.057894736842105256,-0.00024384227675851598,-8.102844269729951e-10,2.4583580913173364e-06,-2.745884462166214e-05,-3.7608960552168156e-08,8.457536278427824e-05,-0.0037967996855916143,0.0001520188159808138,0.9999493360519409,ACTIVE
1,X+,3.2,0.0016209717499879144,-0.00029292409791468587,0.0002736183323474671,-5.052341793662245e-05,-4.030506728841933e-08,0.00010890062455004577,0.0015177970161005304,-0.00030273739075393954,0.00017711762361975053,0.25999999999999984,-0.05500000000000013,0.057894736842105256,-0.00024384227675851598,-8.102844269729951e-10,2.4583580913173364e-06,-2.745884462166214e-05,-3.7608960552168156e-08,8.457536278427824e-05,0.008855118922825133,0.0002527812836240977,0.9999493360519409,ACTIVE
1,X+,3.2,0.0016209717499879144,-0.00029292409791468587,0.0002736183323474671,-5.052341793662245e-05,-4.030506728841933e-08,0.00010890062455004577,0.0015177970161005304,-0.00030273739075393954,0.00017711762361975053,0.25999999999999984,-0.05500000000000013,0.057894736842105256,-0.00024384227675851598,-8.102844269729951e-10,2.4583580913173364e-06,-2.745884462166214e-05,-3.7608960552168156e-08,8.457536278427824e-05,0.008855118922825133,0.0002527812836240977,0.9999493360519409,ACTIVE
1,X+,3.2,0.0016209717499879144,-0.00029292409791468587,0.0002736183323474671,-5.052341793662245e-05,-4.030506728841933e-08,0.00010890062455004577,0.0015177970161005304,-0.00030273739075393954,0.00017711762361975053,0.25999999999999984,-0.05500000000000013,0.057894736842105256,-0.00024384227675851598,-8.102844269729951e-10,2.4583580913173364e-06,-2.745884462166214e-05,-3.7608960552168156e-08,8.457536278427824e-05,0.008855118922825133,0.0002527812836240977,0.9999493360519409,ACTIVE
1,X+,3.2,0.002465884540478809,-0.00047010345893016246,0.0004618199471754434,-5.052341793662245e-05,-4.030506728841933e-08,0.00010890062455004577,0.0015177970161005304,-0.00030273739075393954,0.00017711762361975053,0.25999999999999984,-0.05500000000000013,0.057894736842105256,-0.00024384227675851598,-8.102844269729951e-10,2.4583580913173364e-06,-2.745884462166214e-05,-3.7608960552168156e-08,8.457536278427824e-05,0.008501192987056462,0.00041033412576916114,0.9999493360519409,ACTIVE
1,X+,3.3000000000000003,0.0071899706456472375,-0.001454704079972397,0.001499036094120592,0.0031486319236400887,-0.0005469908863018375,0.0016982212926830438,0.007082271996465978,-0.0014803011916654108,0.001432133215108108,0.3049999999999998,-0.05500000000000013,0.047368421052631574,0.0015222596194148879,-0.0003073630590045895,0.0007991191506029338,0.001382254391292493,-0.0002412166675991718,0.0009015605001714279,0.0121903794177069,0.0014004373829878387,0.9999493360519409,ACTIVE
1,X+,3.3000000000000003,0.0071899706456472375,-0.001454704079972397,0.001499036094120592,0.0031486319236400887,-0.0005469908863018375,0.0016982212926830438,0.007082271996465978,-0.0014803011916654108,0.001432133215108108,0.3049999999999998,-0.05500000000000013,0.047368421052631574,0.0015222596194148879,-0.0003073630590045895,0.0007991191506029338,0.001382254391292493,-0.0002412166675991718,0.0009015605001714279,0.0121903794177069,0.0014004373829878387,0.9999493360519409,ACTIVE
1,X+,3.3000000000000003,0.0071899706456472375,-0.001454704079972397,0.001499036094120592,0.0031486319236400887,-0.0005469908863018375,0.0016982212926830438,0.007082271996465978,-0.0014803011916654108,0.001432133215108108,0.3049999999999998,-0.05500000000000013,0.047368421052631574,0.0015222596194148879,-0.0003073630590045895,0.0007991191506029338,0.001382254391292493,-0.0002412166675991718,0.0009015605001714279,0.0121903794177069,0.0014004373829878387,0.9999493360519409,ACTIVE
1,X+,3.3000000000000003,0.0071899706456472375,-0.001454704079972397,0.001499036094120592,0.0031486319236400887,-0.0005469908863018375,0.0016982212926830438,0.007082271996465978,-0.0014803011916654108,0.001432133215108108,0.3049999999999998,-0.05500000000000013,0.047368421052631574,0.0015222596194148879,-0.0003073630590045895,0.0007991191506029338,0.001382254391292493,-0.0002412166675991718,0.0009015605001714279,0.0121903794177069,0.0014004373829878387,0.9999493360519409,ACTIVE
1,X+,3.3000000000000003,0.008139660174359326,-0.0016521729682932272,0.0017092555787635163,0.0031486319236400887,-0.0005469908863018375,0.0016982212926830438,0.007082271996465978,-0.0014803011916654108,0.001432133215108108,0.3049999999999998,-0.05500000000000013,0.047368421052631574,0.0015222596194148879,-0.0003073630590045895,0.0007991191506029338,0.001382254391292493,-0.0002412166675991718,0.0009015605001714279,0.017302390232345415,0.0019546549044161896,0.9999493360519409,ACTIVE
1,X+,3.4000000000000004,0.016544247256511768,-0.003288631540757015,0.0033303543800491894,0.012240916281308308,-0.0024968229693993586,0.004167866458040681,0.017016425608970792,-0.0035684630806739207,0.003660413849576504,0.3049999999999998,-0.05500000000000013,0.047368421052631574,0.01196168452628557,-0.0025010151064927405,0.002960198785797452,0.006463146673786975,-0.0012972516820649637,0.0024681342379615496,0.01424387784950105,0.0031582582888757178,0.9999493360519409,ACTIVE
1,X+,3.4000000000000004,0.016544247256511768,-0.003288631540757015,0.0033303543800491894,0.012240916281308308,-0.0024968229693993586,0.004167866458040681,0.017016425608970792,-0.0035684630806739207,0.003660413849576504,0.3499999999999998,0.0,0.005263157894736841,0.01196168452628557,-0.0025010151064927405,0.002960198785797452,0.006463146673786975,-0.0012972516820649637,0.0024681342379615496,0.01424387784950105,0.0031582582888757178,0.9999493360519409,ACTIVE
1,X+,3.4000000000000004,0.016544247256511768,-0.003288631540757015,0.0033303543800491894,0.012240916281308308,-0.0024968229693993586,0.004167866458040681,0.017016425608970792,-0.0035684630806739207,0.003660413849576504,0.3499999999999998,0.0,0.005263157894736841,0.01196168452628557,-0.0025010151064927405,0.002960198785797452,0.006463146673786975,-0.0012972516820649637,0.0024681342379615496,0.01424387784950105,0.0031582582888757178,0.9999493360519409,ACTIVE
1,X+,3.4000000000000004,0.016544247256511768,-0.003288631540757015,0.0033303543800491894,0.012240916281308308,-0.0024968229693993586,0.004167866458040681,0.017016425608970792,-0.0035684630806739207,0.003660413849576504,0.3499999999999998,0.0,0.005263157894736841,0.01196168452628557,-0.0025010151064927405,0.002960198785797452,0.006463146673786975,-0.0012972516820649637,0.0024681342379615496,0.01424387784950105,0.0031582582888757178,0.9999493360519409,ACTIVE
1,X+,3.4000000000000004,0.018642767291948685,-0.0036581455554543047,0.003657231337420564,0.012240916281308308,-0.0024968229693993586,0.004167866458040681,0.017016425608970792,-0.0035684630806739207,0.003660413849576504,0.3499999999999998,0.0,0.005263157894736841,0.01196168452628557,-0.0025010151064927405,0.002960198785797452,0.006463146673786975,-0.0012972516820649637,0.0024681342379615496,0.02194565186653511,0.0035949033727241276,0.9999493360519409,ACTIVE
1,X+,3.5,0.031955279180223006,-0.005550220395819994,0.005778514591720664,0.02288310309852456,-0.004688992462648817,0.006759479707095121,0.03260106470888521,-0.006320726089664668,0.0060905053236547674,0.3499999999999998,0.0,0.005263157894736841,0.01819006458519252,-0.003793108366794367,0.004972304779740976,0.016652423790870566,-0.003408032464569657,0.0047473737131515925,0.037313499504108553,0.005633236942484725,0.9999493360519409,ACTIVE
1,X+,3.5,0.031955279180223006,-0.005550220395819994,0.005778514591720664,0.02288310309852456,-0.004688992462648817,0.006759479707095121,0.03260106470888521,-0.006320726089664668,0.0060905053236547674,0.3049999999999998,-0.05500000000000013,0.057894736842105256,0.01819006458519252,-0.003793108366794367,0.004972304779740976,0.016652423790870566,-0.003408032464569657,0.0047473737131515925,0.037313499504108553,0.005633236942484725,0.9999493360519409,ACTIVE
1,X+,3.5,0.031955279180223006,-0.005550220395819994,0.005778514591720664,0.02288310309852456,-0.004688992462648817,0.006759479707095121,0.03260106470888521,-0.006320726089664668,0.0060905053236547674,0.3049999999999998,-0.05500000000000013,0.057894736842105256,0.01819006458519252,-0.003793108366794367,0.004972304779740976,0.016652423790870566,-0.003408032464569657,0.0047473737131515925,0.037313499504108553,0.005633236942484725,0.9999493360519409,ACTIVE
1,X+,3.5,0.032498588784061325,-0.005544156576735759,0.005793238540120097,0.02288310309852456,-0.004688992462648817,0.006759479707095121,0.03260106470888521,-0.006320726089664668,0.0060905053236547674,0.3049999999999998,-0.05500000000000013,0.057894736842105256,0.01819006458519252,-0.003793108366794367,0.004972304779740976,0.016652423790870566,-0.003408032464569657,0.0047473737131515925,0.010170560679034251,0.005793238540120097,0.9999493360519409,ACTIVE
1,X+,3.5,0.04595830447691919,-0.005577707695284396,0.006363583682217661,0.02288310309852456,-0.004688992462648817,0.006759479707095121,0.054179161782209995,-0.006388067296794939,0.007078272865118265,0.3049999999999998,-0.05500000000000013,0.057894736842105256,0.04793629690547163,-0.006397766984623158,0.007093965573422345,0.033105181929815014,-0.006297956592949557,0.0064265971842054626,0.005982771702258577,0.006207533062098241,0.9999493360519409,ACTIVE
1,X+,3.6,0.052933354935055105,-0.006285233952257542,0.007048690538363248,0.06121755666558954,-0.008718358467940068,0.008431469310344733,0.054179161782209995,-0.006388067296794939,0.007078272865118265,0.3499999999999998,0.0,0.03684210526315789,0.04793629690547163,-0.006397766984623158,0.007093965573422345,0.033105181929815014,-0.006297956592949557,0.0064265971842054626,0.03253934217123956,0.00690888058936216,0.949949324131012,ACTIVE
1,X+,3.6,0.052933354935055105,-0.006285233952257542,0.007048690538363248,0.06121755666558954,-0.008718358467940068,0.008431469310344733,0.054179161782209995,-0.006388067296794939,0.007078272865118265,0.3499999999999998,0.0,0.03684210526315789,0.04793629690547163,-0.006397766984623158,0.007093965573422345,0.033105181929815014,-0.006297956592949557,0.0064265971842054626,0.03253934217123956,0.00690888058936216,0.949949324131012,ACTIVE
1,X+,3.6,0.052933354935055105,-0.006285233952257542,0.007048690538363248,0.06121755666558954,-0.008718358467940068,0.008431469310344733,0.054179161782209995,-0.006388067296794939,0.007078272865118265,0.3499999999999998,0.0,0.03684210526315789,0.04793629690547163,-0.006397766984623158,0.007093965573422345,0.033105181929815014,-0.006297956592949557,0.0064265971842054626,0.03253934217123956,0.00690888058936216,0.949949324131012,ACTIVE
1,X+,3.6,0.052933354935055105,-0.006285233952257542,0.007048690538363248,0.06121755666558954,-0.008718358467940068,0.008431469310344733,0.054179161782209995,-0.006388067296794939,0.007078272865118265,0.3499999999999998,0.0,0.03684210526315789,0.04793629690547163,-0.006397766984623158,0.007093965573422345,0.033105181929815014,-0.006297956592949557,0.0064265971842054626,0.03253934217123956,0.00690888058936216,0.949949324131012,ACTIVE
1,X+,3.6,0.06902874309358335,-0.008982312523710057,0.009801333544751241,0.07004872929809638,-0.00787988935583017,0.012449636181480544,0.0782227524840777,-0.010422014703867978,0.011200323776257293,0.3499999999999998,0.0,0.03684210526315789,0.06850608241136374,-0.008962947659860358,0.010402559409464107,0.05715972654378423,-0.006790048269179314,0.009423109878512472,0.039073771513759376,0.00999471305503018,0.949949324131012,ACTIVE
1,X+,3.7,0.07475415249406087,-0.009453614591898436,0.01065398032162659,0.07004872929809638,-0.00787988935583017,0.012449636181480544,0.0782227524840777,-0.010422014703867978,0.011200323776257293,0.3499999999999998,0.0,-0.1,0.06850608241136374,-0.008962947659860358,0.010402559409464107,0.05715972654378423,-0.006790048269179314,0.009423109878512472,0.029594831057498997,0.01065398032162659,0.949949324131012,ACTIVE
1,X+,3.7,0.07475415249406087,-0.009453614591898436,0.01065398032162659,0.07004872929809638,-0.00787988935583017,0.012449636181480544,0.0782227524840777,-0.010422014703867978,0.011200323776257293,0.3499999999999998,0.0,-0.1,0.06850608241136374,-0.008962947659860358,0.010402559409464107,0.05715972654378423,-0.006790048269179314,0.009423109878512472,0.029594831057498997,0.01065398032162659,0.949949324131012,ACTIVE
1,X+,3.7,0.07475415249406087,-0.009453614591898436,0.01065398032162659,0.07004872929809638,-0.00787988935583017,0.012449636181480544,0.0782227524840777,-0.010422014703867978,0.011200323776257293,0.3499999999999998,0.0,-0.1,0.06850608241136374,-0.008962947659860358,0.010402559409464107,0.05715972654378423,-0.006790048269179314,0.009423109878512472,0.029594831057498997,0.01065398032162659,0.949949324131012,ACTIVE
1,X+,3.7,0.07989138187480604,-0.009345157495542624,0.011171862507748756,0.07004872929809638,-0.00787988935583017,0.012449636181480544,0.0782227524840777,-0.010422014703867978,0.011200323776257293,0.3499999999999998,0.0,-0.1,0.06850608241136374,-0.008962947659860358,0.010402559409464107,0.05715972654378423,-0.006790048269179314,0.009423109878512472,0.0272735130799519,0.011171862507748756,0.949949324131012,ACTIVE
1,X+,3.8000000000000003,0.09617058304210886,-0.009166330922155654,0.012745391031793361,0.10859994841976314,-0.011985539699038828,0.015452489965136741,0.10801539266335812,-0.010091000340086259,0.014335713302102818,0.3499999999999998,0.0,-0.1,0.09736570289887124,-0.01069783124524258,0.013697962150551744,0.0820459304729348,-0.010443033880578781,0.012420719443336113,0.0010682554413580805,0.01274665393588382,0.899949312210083,ACTIVE
1,X+,3.8000000000000003,0.09872170243640208,-0.00914861554820659,0.012704015083122114,0.10859994841976314,-0.011985539699038828,0.015452489965136741,0.10801539266335812,-0.010091000340086259,0.014335713302102818,0.3049999999999998,-0.010000000000000134,0.047368421052631574,0.09736570289887124,-0.01069783124524258,0.013697962150551744,0.0820459304729348,-0.010443033880578781,0.012420719443336113,0.0010682554413580805,0.01274665393588382,0.899949312210083,ACTIVE
1,X+,3.8000000000000003,0.09872170243640208,-0.00914861554820659,0.012704015083122114,0.10859994841976314,-0.011985539699038828,0.015452489965136741,0.10801539266335812,-0.010091000340086259,0.014335713302102818,0.3049999999999998,-0.010000000000000134,0.047368421052631574,0.09736570289887124,-0.01069783124524258,0.013697962150551744,0.0820459304729348,-0.010443033880578781,0.012420719443336113,0.0010682554413580805,0.01274665393588382,0.899949312210083,ACTIVE
1,X+,3.8000000000000003,0.09872170243640208,-0.00914861554820659,0.012704015083122114,0.10859994841976314,-0.011985539699038828,0.015452489965136741,0.10801539266335812,-0.010091000340086259,0.014335713302102818,0.3049999999999998,-0.010000000000000134,0.047368421052631574,0.09736570289887124,-0.01069783124524258,0.013697962150551744,0.0820459304729348,-0.010443033880578781,0.012420719443336113,0.0010682554413580805,0.01274665393588382,0.899949312210083,ACTIVE
1,X+,3.8000000000000003,0.1094644132569661,-0.009081765023704814,0.01214053339309295,0.10859994841976314,-0.011985539699038828,0.015452489965136741,0.10801539266335812,-0.010091000340086259,0.014335713302102818,0.3049999999999998,-0.010000000000000134,0.047368421052631574,0.09736570289887124,-0.01069783124524258,0.013697962150551744,0.0820459304729348,-0.010443033880578781,0.012420719443336113,-0.020913001090665823,0.012188659256244377,0.899949312210083,ACTIVE
1,X+,3.9000000000000004,0.12252282089000348,-0.008938043497997835,0.009730056330694844,0.139732927733559,-0.010826649127490384,0.010191129408099618,0.13013688027368142,-0.00983237438189817,0.008014279329429223,0.3049999999999998,0.034999999999999865,-0.08947368421052632,0.1253375709023902,-0.01079926629873592,0.011943847202014357,0.11232071861689544,-0.010678235013985803,0.011910162057666263,-0.002881149686458138,0.00972052275639738,0.8499493598937988,ACTIVE
1,X+,3.9000000000000004,0.12252282089000348,-0.008938043497997835,0.009730056330694844,0.139732927733559,-0.010826649127490384,0.010191129408099618,0.13013688027368142,-0.00983237438189817,0.008014279329429223,0.3049999999999998,0.034999999999999865,-0.08947368421052632,0.1253375709023902,-0.01079926629873592,0.011943847202014357,0.11232071861689544,-0.010678235013985803,0.011910162057666263,-0.002881149686458138,0.00972052275639738,0.8499493598937988,ACTIVE
1,X+,3.9000000000000004,0.12252282089000348,-0.008938043497997835,0.009730056330694844,0.139732927733559,-0.010826649127490384,0.010191129408099618,0.13013688027368142,-0.00983237438189817,0.008014279329429223,0.3049999999999998,0.034999999999999865,-0.08947368421052632,0.1253375709023902,-0.01079926629873592,0.011943847202014357,0.11232071861689544,-0.010678235013985803,0.011910162057666263,-0.002881149686458138,0.00972052275639738,0.8499493598937988,ACTIVE
1,X+,3.9000000000000004,0.12252282089000348,-0.008938043497997835,0.009730056330694844,0.139732927733559,-0.010826649127490384,0.010191129408099618,0.13013688027368142,-0.00983237438189817,0.008014279329429223,0.3049999999999998,0.034999999999999865,-0.08947368421052632,0.1253375709023902,-0.01079926629873592,0.011943847202014357,0.11232071861689544,-0.010678235013985803,0.011910162057666263,-0.002881149686458138,0.00972052275639738,0.8499493598937988,ACTIVE
1,X+,3.9000000000000004,0.12252282089000348,-0.008938043497997835,0.009730056330694844,0.139732927733559,-0.010826649127490384,0.010191129408099618,0.13013688027368142,-0.00983237438189817,0.008014279329429223,0.3049999999999998,0.034999999999999865,-0.08947368421052632,0.1253375709023902,-0.01079926629873592,0.011943847202014357,0.11232071861689544,-0.010678235013985803,0.011910162057666263,-0.002881149686458138,0.00972052275639738,0.8499493598937988,ACTIVE
1,X+,3.9000000000000004,0.14028765835475937,-0.009278979866889674,0.012400937351746043,0.14026246314652452,-0.010817522083143342,0.010170657722869484,0.15268399355369103,-0.010405493105948809,0.011549121326030629,0.3049999999999998,0.034999999999999865,-0.08947368421052632,0.14891209117980606,-0.011349225621436391,0.01175818445720278,0.13879745649368574,-0.010221879922164862,0.010886577796159536,0.04023426917291177,0.012318053171979804,0.8499493598937988,ACTIVE
1,X+,4.0,0.1483952496770978,-0.009344099086493918,0.013460877452709505,0.16237138214002622,-0.010796763551891462,0.010700915051347968,0.15268399355369103,-0.010405493105948809,0.011549121326030629,0.3049999999999998,0.0,0.06842105263157894,0.14891209117980606,-0.011349225621436391,0.01175818445720278,0.13879745649368574,-0.010221879922164862,0.010886577796159536,0.0029981234451897628,0.013460877452709505,0.8499493598937988,ACTIVE
1,X+,4.0,0.1483952496770978,-0.009344099086493918,0.013460877452709505,0.16237138214002622,-0.010796763551891462,0.010700915051347968,0.15268399355369103,-0.010405493105948809,0.011549121326030629,0.3049999999999998,0.0,0.06842105263157894,0.14891209117980606,-0.011349225621436391,0.01175818445720278,0.13879745649368574,-0.010221879922164862,0.010886577796159536,0.0029981234451897628,0.013460877452709505,0.8499493598937988,ACTIVE
1,X+,4.0,0.1483952496770978,-0.009344099086493918,0.013460877452709505,0.16237138214002622,-0.010796763551891462,0.010700915051347968,0.15268399355369103,-0.010405493105948809,0.011549121326030629,0.3049999999999998,0.0,0.06842105263157894,0.14891209117980606,-0.011349225621436391,0.01175818445720278,0.13879745649368574,-0.010221879922164862,0.010886577796159536,0.0029981234451897628,0.013460877452709505,0.8499493598937988,ACTIVE
1,X+,4.0,0.1516433911637658,-0.00912571164150869,0.01317273722224423,0.16237138214002622,-0.010796763551891462,0.010700915051347968,0.15268399355369103,-0.010405493105948809,0.011549121326030629,0.3049999999999998,0.0,0.06842105263157894,0.14891209117980606,-0.011349225621436391,0.01175818445720278,0.13879745649368574,-0.010221879922164862,0.010886577796159536,-0.035562631848343344,0.013211171033507184,0.8499493598937988,ACTIVE
1,X+,4.1000000000000005,0.17674878084940826,-0.007184454765852211,0.010761516193935798,0.18678316185941457,-0.01040593481390019,0.00963381348779446,0.17740776443928027,-0.008280525030930984,0.007617717738019807,0.3499999999999998,0.0,-0.1,0.17282664550316673,-0.011523529166874116,0.010298483145123605,0.1628687286728777,-0.010215736029507974,0.01109351479987364,0.07740165637639128,0.010761516193935798,0.7999493479728699,ACTIVE
1,X+,4.1000000000000005,0.17674878084940826,-0.007184454765852211,0.010761516193935798,0.18678316185941457,-0.01040593481390019,0.00963381348779446,0.17740776443928027,-0.008280525030930984,0.007617717738019807,0.3499999999999998,0.0,-0.1,0.17282664550316673,-0.011523529166874116,0.010298483145123605,0.1628687286728777,-0.010215736029507974,0.01109351479987364,0.07740165637639128,0.010761516193935798,0.7999493479728699,ACTIVE
1,X+,4.1000000000000005,0.17674878084940826,-0.007184454765852211,0.010761516193935798,0.18678316185941457,-0.01040593481390019,0.00963381348779446,0.17740776443928027,-0.008280525030930984,0.007617717738019807,0.3499999999999998,0.0,-0.1,0.17282664550316673,-0.011523529166874116,0.010298483145123605,0.1628687286728777,-0.010215736029507974,0.01109351479987364,0.07740165637639128,0.010761516193935798,0.7999493479728699,ACTIVE
1,X+,4.1000000000000005,0.17674878084940826,-0.007184454765852211,0.010761516193935798,0.18678316185941457,-0.01040593481390019,0.00963381348779446,0.17740776443928027,-0.008280525030930984,0.007617717738019807,0.3499999999999998,0.0,-0.1,0.17282664550316673,-0.011523529166874116,0.010298483145123605,0.1628687286728777,-0.010215736029507974,0.01109351479987364,0.07740165637639128,0.010761516193935798,0.7999493479728699,ACTIVE
1,X+,4.1000000000000005,0.1822152020329769,-0.007140668389910562,0.011980457369360287,0.18678316185941457,-0.01040593481390019,0.00963381348779446,0.17740776443928027,-0.008280525030930984,0.007617717738019807,0.3499999999999998,0.0,-0.1,0.17282664550316673,-0.011523529166874116,0.010298483145123605,0.1628687286728777,-0.010215736029507974,0.01109351479987364,0.05900991826990317,0.012219838881804128,0.7999493479728699,ACTIVE
1,X+,4.2,0.20029373067505757,-0.006834215545428712,0.01605447959584214,0.2176514519357654,-0.006806468568623214,0.01741060039036402,0.2027371686901412,-0.008094207779626586,0.013299797961517956,0.3499999999999998,0.0,-0.1,0.20092827363832463,-0.009247761266183247,0.013010299829893322,0.1895601098915461,-0.00920586964789034,0.014698783705594297,0.05285897194341064,0.01605447959584214,0.7999493479728699,ACTIVE
1,X+,4.2,0.20414867030188116,-0.006707295863127916,0.015593362728019452,0.2176514519357654,-0.006806468568623214,0.01741060039036402,0.2027371686901412,-0.008094207779626586,0.013299797961517956,0.3049999999999998,-0.05500000000000013,0.07894736842105263,0.20092827363832463,-0.009247761266183247,0.013010299829893322,0.1895601098915461,-0.00920586964789034,0.014698783705594297,-0.057407957620708425,0.015946163781532064,0.7999493479728699,ACTIVE
1,X+,4.2,0.20414867030188116,-0.006707295863127916,0.015593362728019452,0.2176514519357654,-0.006806468568623214,0.01741060039036402,0.2027371686901412,-0.008094207779626586,0.013299797961517956,0.3049999999999998,-0.05500000000000013,0.07894736842105263,0.20092827363832463,-0.009247761266183247,0.013010299829893322,0.1895601098915461,-0.00920586964789034,0.014698783705594297,-0.057407957620708425,0.015946163781532064,0.7999493479728699,ACTIVE
1,X+,4.2,0.20718286568989147,-0.0066730655277757855,0.014471036066196543,0.2176514519357654,-0.006806468568623214,0.01741060039036402,0.2027371686901412,-0.008094207779626586,0.013299797961517956,0.3049999999999998,-0.05500000000000013,0.07894736842105263,0.20092827363832463,-0.009247761266183247,0.013010299829893322,0.1895601098915461,-0.00920586964789034,0.014698783705594297,-0.10892867533411484,0.014962492183732265,0.7999493479728699,ACTIVE
1,X+,4.300000000000001,0.22688726891821362,-0.00649733396658805,0.00889692577206553,0.21355032066536261,-0.008877069935408627,0.011139753889489065,0.22994739436484796,-0.007732086922113469,0.005524774683752092,0.3049999999999998,-0.05500000000000013,0.07894736842105263,0.2258478128659406,-0.008409941078174176,0.00957643315416945,0.2135503206653626,-0.008877069935408629,0.011139753889489068,-0.06511268128353619,0.008995936186447232,0.7999493479728699,ACTIVE
1,X+,4.300000000000001,0.23164508444806045,-0.006945834073757626,0.008925133602968644,0.21355032066536261,-0.008877069935408627,0.011139753889489065,0.22994739436484796,-0.007732086922113469,0.005524774683752092,0.3499999999999998,0.0,-0.1,0.2258478128659406,-0.008409941078174176,0.00957643315416945,0.2135503206653626,-0.008877069935408629,0.011139753889489068,0.0003638357652927921,0.008759759013647126,0.7999493479728699,ACTIVE
1,X+,4.300000000000001,0.23164508444806045,-0.006945834073757626,0.008925133602968644,0.21355032066536261,-0.008877069935408627,0.011139753889489065,0.22994739436484796,-0.007732086922113469,0.005524774683752092,0.3499999999999998,0.0,-0.1,0.2258478128659406,-0.008409941078174176,0.00957643315416945,0.2135503206653626,-0.008877069935408629,0.011139753889489068,0.0003638357652927921,0.008759759013647126,0.7999493479728699,ACTIVE
1,X+,4.300000000000001,0.23164508444806045,-0.006945834073757626,0.008925133602968644,0.21355032066536261,-0.008877069935408627,0.011139753889489065,0.22994739436484796,-0.007732086922113469,0.005524774683752092,0.3499999999999998,0.0,-0.1,0.2258478128659406,-0.008409941078174176,0.00957643315416945,0.2135503206653626,-0.008877069935408629,0.011139753889489068,0.0003638357652927921,0.008759759013647126,0.7999493479728699,ACTIVE
1,X+,4.300000000000001,0.23164508444806045,-0.006945834073757626,0.008925133602968644,0.21355032066536261,-0.008877069935408627,0.011139753889489065,0.22994739436484796,-0.007732086922113469,0.005524774683752092,0.3499999999999998,0.0,-0.1,0.2258478128659406,-0.008409941078174176,0.00957643315416945,0.2135503206653626,-0.008877069935408629,0.011139753889489068,0.0003638357652927921,0.008759759013647126,0.7999493479728699,ACTIVE
1,X+,4.300000000000001,0.24573319990434206,-0.008371276983823235,0.00925502969945685,0.21355032066536261,-0.008877069935408627,0.011139753889489065,0.22994739436484796,-0.007732086922113469,0.005524774683752092,0.3499999999999998,0.0,-0.1,0.2258478128659406,-0.008409941078174176,0.00957643315416945,0.2135503206653626,-0.008877069935408629,0.011139753889489068,0.00211032950210623,0.009288565376464396,0.7999493479728699,ACTIVE
1,X+,4.4,0.2603893033073626,-0.009187907571614458,0.0077609642329283645,0.2722535263648731,-0.008148589801912203,0.005820518490634365,0.256897995509414,-0.010516989185655672,0.006079129276889415,0.3499999999999998,0.0,0.047368421052631574,0.25559511401420454,-0.007938286448791743,0.006256249952656834,0.24250602252579406,-0.00860728255190962,0.009140701692146981,-0.09983058075642416,0.008440913784625926,0.7249493598937988,ACTIVE
1,X+,4.4,0.2603893033073626,-0.009187907571614458,0.0077609642329283645,0.2722535263648731,-0.008148589801912203,0.005820518490634365,0.256897995509414,-0.010516989185655672,0.006079129276889415,0.3499999999999998,0.0,0.047368421052631574,0.25559511401420454,-0.007938286448791743,0.006256249952656834,0.24250602252579406,-0.00860728255190962,0.009140701692146981,-0.09983058075642416,0.008440913784625926,0.7249493598937988,ACTIVE
1,X+,4.4,0.2603893033073626,-0.009187907571614458,0.0077609642329283645,0.2722535263648731,-0.008148589801912203,0.005820518490634365,0.256897995509414,-0.010516989185655672,0.006079129276889415,0.3499999999999998,0.0,0.047368421052631574,0.25559511401420454,-0.007938286448791743,0.006256249952656834,0.24250602252579406,-0.00860728255190962,0.009140701692146981,-0.09983058075642416,0.008440913784625926,0.7249493598937988,ACTIVE
1,X+,4.4,0.2603893033073626,-0.009187907571614458,0.0077609642329283645,0.2722535263648731,-0.008148589801912203,0.005820518490634365,0.256897995509414,-0.010516989185655672,0.006079129276889415,0.3499999999999998,0.0,0.047368421052631574,0.25559511401420454,-0.007938286448791743,0.006256249952656834,0.24250602252579406,-0.00860728255190962,0.009140701692146981,-0.09983058075642416,0.008440913784625926,0.7249493598937988,ACTIVE
1,X+,4.4,0.2740004024991582,-0.009121873719110572,0.003958338759733479,0.2722535263648731,-0.008148589801912203,0.005820518490634365,0.256897995509414,-0.010516989185655672,0.006079129276889415,0.3499999999999998,0.0,0.047368421052631574,0.25559511401420454,-0.007938286448791743,0.006256249952656834,0.24250602252579406,-0.00860728255190962,0.009140701692146981,-0.07990616325440734,0.004429010229497528,0.7249493598937988,ACTIVE
1,X+,4.5,0.2873429310333014,-0.009086962896413638,0.002197724246256271,0.29413433834036007,-0.01406599438970607,-0.0016755254421667591,0.2855856631299662,-0.0103518996839814,-0.0021175343056094587,0.3049999999999998,0.034999999999999865,-0.06842105263157894,0.2847943796483871,-0.01041657563615608,-0.00043458421781839,0.2679568914257928,-0.011358656163478352,0.0037725940131463354,0.04257341956754722,0.001999163475387131,0.699949324131012,ACTIVE
1,X+,4.5,0.2873429310333014,-0.009086962896413638,0.002197724246256271,0.29413433834036007,-0.01406599438970607,-0.0016755254421667591,0.2855856631299662,-0.0103518996839814,-0.0021175343056094587,0.3049999999999998,0.034999999999999865,-0.06842105263157894,0.2847943796483871,-0.01041657563615608,-0.00043458421781839,0.2679568914257928,-0.011358656163478352,0.0037725940131463354,0.04257341956754722,0.001999163475387131,0.699949324131012,ACTIVE
1,X+,4.5,0.2873429310333014,-0.009086962896413638,0.002197724246256271,0.29413433834036007,-0.01406599438970607,-0.0016755254421667591,0.2855856631299662,-0.0103518996839814,-0.0021175343056094587,0.3049999999999998,0.034999999999999865,-0.06842105263157894,0.2847943796483871,-0.01041657563615608,-0.00043458421781839,0.2679568914257928,-0.011358656163478352,0.0037725940131463354,0.04257341956754722,0.001999163475387131,0.699949324131012,ACTIVE
1,X+,4.5,0.2886928773078931,-0.009082101137798934,0.002444986382433604,0.29413433834036007,-0.01406599438970607,-0.0016755254421667591,0.2855856631299662,-0.0103518996839814,-0.0021175343056094587,0.3049999999999998,0.034999999999999865,-0.06842105263157894,0.2847943796483871,-0.01041657563615608,-0.00043458421781839,0.2679568914257928,-0.011358656163478352,0.0037725940131463354,0.04257341956754722,0.001999163475387131,0.699949324131012,ACTIVE
1,X+,4.5,0.30515519081848486,-0.009029434276250668,0.004684065819644216,0.32662796041205716,-0.011755450168701753,0.004051317408691805,0.31813942276577795,-0.010418723544007403,0.0022875492934169043,0.3049999999999998,0.034999999999999865,-0.06842105263157894,0.3159163235410087,-0.010711882958636353,0.0005843772369291678,0.2985467208088615,-0.011270472877510792,0.003717682044285464,0.03513837642633505,0.005225184923225492,0.649949312210083,ACTIVE
1,X+,4.6000000000000005,0.3128521008425153,-0.008949360733656871,0.005662266472532022,0.32662796041205716,-0.011755450168701753,0.004051317408691805,0.31813942276577795,-0.010418723544007403,0.0022875492934169043,0.3499999999999998,0.0,-0.1,0.3159163235410087,-0.010711882958636353,0.0005843772369291678,0.2985467208088615,-0.011270472877510792,0.003717682044285464,0.03387000493891341,0.005512629492422622,0.649949312210083,ACTIVE
1,X+,4.6000000000000005,0.3128521008425153,-0.008949360733656871,0.005662266472532022,0.32662796041205716,-0.011755450168701753,0.004051317408691805,0.31813942276577795,-0.010418723544007403,0.0022875492934169043,0.3499999999999998,0.0,-0.1,0.3159163235410087,-0.010711882958636353,0.0005843772369291678,0.2985467208088615,-0.011270472877510792,0.003717682044285464,0.03387000493891341,0.005512629492422622,0.649949312210083,ACTIVE
1,X+,4.6000000000000005,0.3128521008425153,-0.008949360733656871,0.005662266472532022,0.32662796041205716,-0.011755450168701753,0.004051317408691805,0.31813942276577795,-0.010418723544007403,0.0022875492934169043,0.3499999999999998,0.0,-0.1,0.3159163235410087,-0.010711882958636353,0.0005843772369291678,0.2985467208088615,-0.011270472877510792,0.003717682044285464,0.03387000493891341,0.005512629492422622,0.649949312210083,ACTIVE
1,X+,4.6000000000000005,0.31717656559835006,-0.00884866325671432,0.006070328968065511,0.32662796041205716,-0.011755450168701753,0.004051317408691805,0.31813942276577795,-0.010418723544007403,0.0022875492934169043,0.3499999999999998,0.0,-0.1,0.3159163235410087,-0.010711882958636353,0.0005843772369291678,0.2985467208088615,-0.011270472877510792,0.003717682044285464,0.019619815482619988,0.006051201600404624,0.649949312210083,ACTIVE
1,X+,4.7,0.33481106726183596,-0.007682583389918071,0.004747526420936199,0.3644394757313339,-0.011122444029095437,0.0073732680866855915,0.3384166907410036,-0.008238947013957325,-0.001669708846266985,0.3499999999999998,0.0,-0.1,0.3474398405029776,-0.010973119008304567,0.002501122063562899,0.3329150601430586,-0.011014797650171227,0.00545652326005186,-0.048331040121088895,0.0050818293441427,0.6249493360519409,ACTIVE
1,X+,4.7,0.34010098009081713,-0.007632094550835102,0.003387654983708809,0.3644394757313339,-0.011122444029095437,0.0073732680866855915,0.3384166907410036,-0.008238947013957325,-0.001669708846266985,0.3499999999999998,0.0,-0.1,0.3474398405029776,-0.010973119008304567,0.002501122063562899,0.3329150601430586,-0.011014797650171227,0.00545652326005186,-0.08659154985529205,0.0038179047799671764,0.6249493360519409,ACTIVE
1,X+,4.7,0.34010098009081713,-0.007632094550835102,0.003387654983708809,0.3644394757313339,-0.011122444029095437,0.0073732680866855915,0.3384166907410036,-0.008238947013957325,-0.001669708846266985,0.3499999999999998,0.0,-0.1,0.3474398405029776,-0.010973119008304567,0.002501122063562899,0.3329150601430586,-0.011014797650171227,0.00545652326005186,-0.08659154985529205,0.0038179047799671764,0.649949312210083,ACTIVE
1,X+,4.7,0.34010098009081713,-0.007632094550835102,0.003387654983708809,0.3644394757313339,-0.011122444029095437,0.0073732680866855915,0.3384166907410036,-0.008238947013957325,-0.001669708846266985,0.3499999999999998,0.0,-0.1,0.3474398405029776,-0.010973119008304567,0.002501122063562899,0.3329150601430586,-0.011014797650171227,0.00545652326005186,-0.08659154985529205,0.0038179047799671764,0.649949312210083,ACTIVE
1,X+,4.7,0.34010098009081713,-0.007632094550835102,0.003387654983708809,0.3644394757313339,-0.011122444029095437,0.0073732680866855915,0.3384166907410036,-0.008238947013957325,-0.001669708846266985,0.3499999999999998,0.0,-0.1,0.3474398405029776,-0.010973119008304567,0.002501122063562899,0.3329150601430586,-0.011014797650171227,0.00545652326005186,-0.08659154985529205,0.0038179047799671764,0.649949312210083,ACTIVE
1,X+,4.7,0.3536754639577576,-0.007632749416148558,-0.0006062285568846091,0.3644394757313339,-0.011122444029095437,0.0073732680866855915,0.3384166907410036,-0.008238947013957325,-0.001669708846266985,0.3499999999999998,0.0,-0.1,0.3474398405029776,-0.010973119008304567,0.002501122063562899,0.3329150601430586,-0.011014797650171227,0.00545652326005186,-0.08937975379303262,-0.0006062285568846091,0.649949312210083,ACTIVE
1,X+,4.800000000000001,0.36892561172399513,-0.007684535286825524,-0.005045550840041914,0.3703731237149992,-0.0063560068001635075,-0.01037694752849561,0.3644439814748818,-0.008270984547730072,-0.009106618004496973,0.3499999999999998,0.0,-0.1,0.36751209192545997,-0.008806766851213552,-0.006200308558669931,0.35029199932104577,-0.008438505758255204,-0.001675516906262775,-0.09102410296343522,-0.004342687647842949,0.649949312210083,ACTIVE
1,X+,4.800000000000001,0.36892561172399513,-0.007684535286825524,-0.005045550840041914,0.3703731237149992,-0.0063560068001635075,-0.01037694752849561,0.3644439814748818,-0.008270984547730072,-0.009106618004496973,0.3499999999999998,0.0,-0.1,0.36751209192545997,-0.008806766851213552,-0.006200308558669931,0.35029199932104577,-0.008438505758255204,-0.001675516906262775,-0.09102410296343522,-0.004342687647842949,0.649949312210083,ACTIVE
1,X+,4.800000000000001,0.36892561172399513,-0.007684535286825524,-0.005045550840041914,0.3703731237149992,-0.0063560068001635075,-0.01037694752849561,0.3644439814748818,-0.008270984547730072,-0.009106618004496973,0.3499999999999998,0.0,-0.1,0.36751209192545997,-0.008806766851213552,-0.006200308558669931,0.35029199932104577,-0.008438505758255204,-0.001675516906262775,-0.09102410296343522,-0.004342687647842949,0.649949312210083,ACTIVE
1,X+,4.800000000000001,0.3725606198033041,-0.007706419735124233,-0.006102988034224196,0.3703731237149992,-0.0063560068001635075,-0.01037694752849561,0.3644439814748818,-0.008270984547730072,-0.009106618004496973,0.3499999999999998,0.0,-0.1,0.36751209192545997,-0.008806766851213552,-0.006200308558669931,0.35029199932104577,-0.008438505758255204,-0.001675516906262775,-0.08469217312126875,-0.006102988034224196,0.649949312210083,ACTIVE
1,X+,4.9,0.39821694145271036,-0.00796405389459815,-0.013557603425464387,0.4033477966975071,-0.008622399533053453,-0.02096997981039328,0.3926334410158598,-0.008523325097293822,-0.01716121495605442,0.3499999999999998,0.0,-0.1,0.39387585319604956,-0.00866517798148625,-0.016705133036718053,0.3770539632416209,-0.008650809528297124,-0.010875388691609976,-0.09174157042392643,-0.013468696752684282,0.5999493598937988,ACTIVE
1,X+,4.9,0.3991357946858115,-0.007976632595761255,-0.013824308711976794,0.4033477966975071,-0.008622399533053453,-0.02096997981039328,0.3926334410158598,-0.008523325097293822,-0.01716121495605442,0.25999999999999984,0.034999999999999865,-0.057894736842105256,0.39387585319604956,-0.00866517798148625,-0.016705133036718053,0.3770539632416209,-0.008650809528297124,-0.010875388691609976,-0.09174157042392643,-0.013468696752684282,0.5999493598937988,ACTIVE
1,X+,4.9,0.3991357946858115,-0.007976632595761255,-0.013824308711976794,0.4033477966975071,-0.008622399533053453,-0.02096997981039328,0.3926334410158598,-0.008523325097293822,-0.01716121495605442,0.25999999999999984,0.034999999999999865,-0.057894736842105256,0.39387585319604956,-0.00866517798148625,-0.016705133036718053,0.3770539632416209,-0.008650809528297124,-0.010875388691609976,-0.09174157042392643,-0.013468696752684282,0.5999493598937988,ACTIVE
1,X+,4.9,0.3991357946858115,-0.007976632595761255,-0.013824308711976794,0.4033477966975071,-0.008622399533053453,-0.02096997981039328,0.3926334410158598,-0.008523325097293822,-0.01716121495605442,0.25999999999999984,0.034999999999999865,-0.057894736842105256,0.39387585319604956,-0.00866517798148625,-0.016705133036718053,0.3770539632416209,-0.008650809528297124,-0.010875388691609976,-0.09174157042392643,-0.013468696752684282,0.5999493598937988,ACTIVE
1,X+,4.9,0.3991357946858115,-0.007976632595761255,-0.013824308711976794,0.4033477966975071,-0.008622399533053453,-0.02096997981039328,0.3926334410158598,-0.008523325097293822,-0.01716121495605442,0.25999999999999984,0.034999999999999865,-0.057894736842105256,0.39387585319604956,-0.00866517798148625,-0.016705133036718053,0.3770539632416209,-0.008650809528297124,-0.010875388691609976,-0.09174157042392643,-0.013468696752684282,0.5999493598937988,ACTIVE
1,X+,4.9,0.41962365638643667,-0.008317639601243949,-0.019766989566503985,0.4033477966975071,-0.008622399533053453,-0.02096997981039328,0.3926334410158598,-0.008523325097293822,-0.01716121495605442,0.25999999999999984,0.034999999999999865,-0.057894736842105256,0.39387585319604956,-0.00866517798148625,-0.016705133036718053,0.3770539632416209,-0.008650809528297124,-0.010875388691609976,-0.08552957399877756,-0.018970899669579124,0.5999493598937988,ACTIVE
1,X+,5.0,0.4303657770586922,-0.007587056859541927,-0.022308251505913153,0.4297686926936112,-0.009495529402425795,-0.027669266978573418,0.4216258274012579,-0.009020097694891123,-0.025445853287322125,0.3049999999999998,0.034999999999999865,-0.03684210526315789,0.41990891886848797,-0.008985206942944555,-0.0250081155486499,0.40373657084517284,-0.009106223725974047,-0.01936628446664157,-0.06054895434188835,-0.022124659431055377,0.5499493479728699,ACTIVE
1,X+,5.0,0.4303657770586922,-0.007587056859541927,-0.022308251505913153,0.4297686926936112,-0.009495529402425795,-0.027669266978573418,0.4216258274012579,-0.009020097694891123,-0.025445853287322125,0.3049999999999998,0.034999999999999865,-0.03684210526315789,0.41990891886848797,-0.008985206942944555,-0.0250081155486499,0.40373657084517284,-0.009106223725974047,-0.01936628446664157,-0.06054895434188835,-0.022124659431055377,0.5499493479728699,ACTIVE
1,X+,5.0,0.4303657770586922,-0.007587056859541927,-0.022308251505913153,0.4297686926936112,-0.009495529402425795,-0.027669266978573418,0.4216258274012579,-0.009020097694891123,-0.025445853287322125,0.3049999999999998,0.034999999999999865,-0.03684210526315789,0.41990891886848797,-0.008985206942944555,-0.0250081155486499,0.40373657084517284,-0.009106223725974047,-0.01936628446664157,-0.06054895434188835,-0.022124659431055377,0.5499493479728699,ACTIVE
1,X+,5.0,0.4303657770586922,-0.007587056859541927,-0.022308251505913153,0.4297686926936112,-0.009495529402425795,-0.027669266978573418,0.4216258274012579,-0.009020097694891123,-0.025445853287322125,0.3049999999999998,0.034999999999999865,-0.03684210526315789,0.41990891886848797,-0.008985206942944555,-0.0250081155486499,0.40373657084517284,-0.009106223725974047,-0.01936628446664157,-0.06054895434188835,-0.022124659431055377,0.5499493479728699,ACTIVE
1,X+,5.0,0.4466981884756484,-0.005748139633252668,-0.025970310484578818,0.4297686926936112,-0.009495529402425795,-0.027669266978573418,0.4216258274012579,-0.009020097694891123,-0.025445853287322125,0.3049999999999998,0.034999999999999865,-0.03684210526315789,0.41990891886848797,-0.008985206942944555,-0.0250081155486499,0.40373657084517284,-0.009106223725974047,-0.01936628446664157,-0.06325697343820408,-0.02590900435438231,0.5499493479728699,ACTIVE
1,X+,5.1000000000000005,0.4577622929306706,-0.004679759595885511,-0.027763657573417522,0.46326542021496325,-0.010584248897002574,-0.03377969172106488,0.44837591092960755,-0.00611307460874945,-0.031358453380881085,0.3049999999999998,0.034999999999999865,-0.02631578947368421,0.44959951571280543,-0.009693407272995933,-0.03214933805757924,0.4335760174467192,-0.009827643356276169,-0.026638469212135533,-0.030395300447616534,-0.027763657573417522,0.5499493479728699,ACTIVE
1,X+,5.1000000000000005,0.4577622929306706,-0.004679759595885511,-0.027763657573417522,0.46326542021496325,-0.010584248897002574,-0.03377969172106488,0.44837591092960755,-0.00611307460874945,-0.031358453380881085,0.3049999999999998,0.034999999999999865,-0.02631578947368421,0.44959951571280543,-0.009693407272995933,-0.03214933805757924,0.4335760174467192,-0.009827643356276169,-0.026638469212135533,-0.030395300447616534,-0.027763657573417522,0.5499493479728699,ACTIVE
1,X+,5.1000000000000005,0.4577622929306706,-0.004679759595885511,-0.027763657573417522,0.46326542021496325,-0.010584248897002574,-0.03377969172106488,0.44837591092960755,-0.00611307460874945,-0.031358453380881085,0.3049999999999998,0.034999999999999865,-0.02631578947368421,0.44959951571280543,-0.009693407272995933,-0.03214933805757924,0.4335760174467192,-0.009827643356276169,-0.026638469212135533,-0.030395300447616534,-0.027763657573417522,0.5499493479728699,ACTIVE
1,X+,5.1000000000000005,0.4577622929306706,-0.004679759595885511,-0.027763657573417522,0.46326542021496325,-0.010584248897002574,-0.03377969172106488,0.44837591092960755,-0.00611307460874945,-0.031358453380881085,0.3049999999999998,0.034999999999999865,-0.02631578947368421,0.44959951571280543,-0.009693407272995933,-0.03214933805757924,0.4335760174467192,-0.009827643356276169,-0.026638469212135533,-0.030395300447616534,-0.027763657573417522,0.5499493479728699,ACTIVE
1,X+,5.1000000000000005,0.458565139107667,-0.004609896435393841,-0.027860882238529245,0.46326542021496325,-0.010584248897002574,-0.03377969172106488,0.44837591092960755,-0.00611307460874945,-0.031358453380881085,0.3049999999999998,0.034999999999999865,-0.02631578947368421,0.44959951571280543,-0.009693407272995933,-0.03214933805757924,0.4335760174467192,-0.009827643356276169,-0.026638469212135533,-0.030395300447616534,-0.027763657573417522,0.5499493479728699,ACTIVE
1,X+,5.1000000000000005,0.47782909110314326,-0.002944682019955151,-0.030120617950645728,0.48942077582544274,-0.0035144377023656297,-0.03448271781790569,0.47504870830380125,-0.003898680233755926,-0.03454776634694629,0.3049999999999998,0.034999999999999865,-0.02631578947368421,0.47702118303074365,-0.005591026631622491,-0.03557478964827566,0.46112479421465774,-0.006333283513735198,-0.030805999107710313,-0.02174371359143839,-0.03003653428191015,0.4999493360519409,ACTIVE
1,X+,5.2,0.4835263941072242,-0.0024612490188196164,-0.030589821121639743,0.48942077582544274,-0.0035144377023656297,-0.03448271781790569,0.47504870830380125,-0.003898680233755926,-0.03454776634694629,0.3499999999999998,0.0,-0.06842105263157894,0.47702118303074365,-0.005591026631622491,-0.03557478964827566,0.46112479421465774,-0.006333283513735198,-0.030805999107710313,-0.026155879271961467,-0.030477237256416996,0.4999493360519409,ACTIVE
1,X+,5.2,0.4835263941072242,-0.0024612490188196164,-0.030589821121639743,0.48942077582544274,-0.0035144377023656297,-0.03448271781790569,0.47504870830380125,-0.003898680233755926,-0.03454776634694629,0.3499999999999998,0.0,-0.06842105263157894,0.47702118303074365,-0.005591026631622491,-0.03557478964827566,0.46112479421465774,-0.006333283513735198,-0.030805999107710313,-0.026155879271961467,-0.030477237256416996,0.4999493360519409,ACTIVE
1,X+,5.2,0.4835263941072242,-0.0024612490188196164,-0.030589821121639743,0.48942077582544274,-0.0035144377023656297,-0.03448271781790569,0.47504870830380125,-0.003898680233755926,-0.03454776634694629,0.3499999999999998,0.0,-0.06842105263157894,0.47702118303074365,-0.005591026631622491,-0.03557478964827566,0.46112479421465774,-0.006333283513735198,-0.030805999107710313,-0.026155879271961467,-0.030477237256416996,0.4999493360519409,ACTIVE
1,X+,5.2,0.4896740598305789,-0.001943293531019033,-0.03112060209771938,0.48942077582544274,-0.0035144377023656297,-0.03448271781790569,0.47504870830380125,-0.003898680233755926,-0.03454776634694629,0.3499999999999998,0.0,-0.06842105263157894,0.47702118303074365,-0.005591026631622491,-0.03557478964827566,0.46112479421465774,-0.006333283513735198,-0.030805999107710313,-0.022802482721868442,-0.03112060209771938,0.4999493360519409,ACTIVE
1,X+,5.300000000000001,0.5088440293557346,-0.0010127135056719888,-0.03296396502704918,0.5155720465696274,-0.002240029535341263,-0.03524159229115263,0.503006613981378,-0.001664981344923213,-0.03695488655465897,0.3499999999999998,0.0,-0.06842105263157894,0.5048728614153534,-0.004156292628860617,-0.037639288207522714,0.48772388829643615,-0.0037415392055424,-0.03317709373190558,-0.038849737146394815,-0.03278772944356343,0.4999493360519409,ACTIVE
1,X+,5.300000000000001,0.5107911367168042,-0.0010844178344542304,-0.03337289443128708,0.5155720465696274,-0.002240029535341263,-0.03524159229115263,0.503006613981378,-0.001664981344923213,-0.03695488655465897,0.3499999999999998,0.0,-0.06842105263157894,0.5048728614153534,-0.004156292628860617,-0.037639288207522714,0.48772388829643615,-0.0037415392055424,-0.03317709373190558,-0.05127252559095015,-0.03337289443128708,0.4999493360519409,ACTIVE
1,X+,5.300000000000001,0.5107911367168042,-0.0010844178344542304,-0.03337289443128708,0.5155720465696274,-0.002240029535341263,-0.03524159229115263,0.503006613981378,-0.001664981344923213,-0.03695488655465897,0.3499999999999998,0.0,-0.06842105263157894,0.5048728614153534,-0.004156292628860617,-0.037639288207522714,0.48772388829643615,-0.0037415392055424,-0.03317709373190558,-0.05127252559095015,-0.03337289443128708,0.4999493360519409,ACTIVE
1,X+,5.300000000000001,0.5107911367168042,-0.0010844178344542304,-0.03337289443128708,0.5155720465696274,-0.002240029535341263,-0.03524159229115263,0.503006613981378,-0.001664981344923213,-0.03695488655465897,0.3499999999999998,0.0,-0.06842105263157894,0.5048728614153534,-0.004156292628860617,-0.037639288207522714,0.48772388829643615,-0.0037415392055424,-0.03317709373190558,-0.05127252559095015,-0.03337289443128708,0.4999493360519409,ACTIVE
1,X+,5.300000000000001,0.5107911367168042,-0.0010844178344542304,-0.03337289443128708,0.5155720465696274,-0.002240029535341263,-0.03524159229115263,0.503006613981378,-0.001664981344923213,-0.03695488655465897,0.3499999999999998,0.0,-0.06842105263157894,0.5048728614153534,-0.004156292628860617,-0.037639288207522714,0.48772388829643615,-0.0037415392055424,-0.03317709373190558,-0.05127252559095015,-0.03337289443128708,0.4999493360519409,ACTIVE
1,X+,5.4,0.5287148117772275,-0.0017252200916200063,-0.03646406056466451,0.5393103623642304,0.0014384235622760743,-0.03966975081345757,0.5318915029831481,-0.0028044704171143004,-0.04260593287858085,0.3499999999999998,0.0,-0.06842105263157894,0.5326857207685177,-0.002245135330342607,-0.04139921330723518,0.5135633972851898,-0.0012997870927989664,-0.0365764663737429,-0.05075020482786205,-0.03679878336492705,0.44994932413101196,ACTIVE
1,X+,5.4,0.5331631568589147,-0.0018835996102865241,-0.0373628830474502,0.5393103623642304,0.0014384235622760743,-0.03966975081345757,0.5318915029831481,-0.0028044704171143004,-0.04260593287858085,0.3499999999999998,0.0,-0.06842105263157894,0.5326857207685177,-0.002245135330342607,-0.04139921330723518,0.5135633972851898,-0.0012997870927989664,-0.0365764663737429,-0.05059280416079144,-0.0373628830474502,0.44994932413101196,ACTIVE
1,X+,5.4,0.5331631568589147,-0.0018835996102865241,-0.0373628830474502,0.5393103623642304,0.0014384235622760743,-0.03966975081345757,0.5318915029831481,-0.0028044704171143004,-0.04260593287858085,0.3499999999999998,0.0,-0.06842105263157894,0.5326857207685177,-0.002245135330342607,-0.04139921330723518,0.5135633972851898,-0.0012997870927989664,-0.0365764663737429,-0.05059280416079144,-0.0373628830474502,0.44994932413101196,ACTIVE
1,X+,5.4,0.5331631568589147,-0.0018835996102865241,-0.0373628830474502,0.5393103623642304,0.0014384235622760743,-0.03966975081345757,0.5318915029831481,-0.0028044704171143004,-0.04260593287858085,0.3499999999999998,0.0,-0.06842105263157894,0.5326857207685177,-0.002245135330342607,-0.04139921330723518,0.5135633972851898,-0.0012997870927989664,-0.0365764663737429,-0.05059280416079144,-0.0373628830474502,0.44994932413101196,ACTIVE
1,X+,5.4,0.5393504969143091,-0.002122976367852634,-0.03860821472418187,0.5393103623642304,0.0014384235622760743,-0.03966975081345757,0.5318915029831481,-0.0028044704171143004,-0.04260593287858085,0.3499999999999998,0.0,-0.06842105263157894,0.5326857207685177,-0.002245135330342607,-0.04139921330723518,0.5135633972851898,-0.0012997870927989664,-0.0365764663737429,-0.04975888155916459,-0.03834629982763301,0.44994932413101196,ACTIVE
1,X+,5.5,0.5611788813687508,-0.0030217833327817207,-0.04294616212652609,0.5730168161927925,-0.0028468076390914306,-0.046522953414656926,0.5552462375922335,-0.0037813515750531215,-0.04717621344014826,0.3049999999999998,0.034999999999999865,-0.02631578947368421,0.5613140878495441,-0.0021596128234814002,-0.046339743884637574,0.544388433923694,-0.0029270851548685336,-0.041582422837254544,-0.06093336299616233,-0.04254138782014167,0.44994932413101196,ACTIVE
1,X+,5.5,0.5620558722063032,-0.0030598973397829386,-0.043120323425725034,0.5730168161927925,-0.0028468076390914306,-0.046522953414656926,0.5552462375922335,-0.0037813515750531215,-0.04717621344014826,0.3049999999999998,0.034999999999999865,-0.02631578947368421,0.5613140878495441,-0.0021596128234814002,-0.046339743884637574,0.544388433923694,-0.0029270851548685336,-0.041582422837254544,-0.05943194555260662,-0.043120323425725034,0.44994932413101196,ACTIVE
1,X+,5.5,0.5620558722063032,-0.0030598973397829386,-0.043120323425725034,0.5730168161927925,-0.0028468076390914306,-0.046522953414656926,0.5552462375922335,-0.0037813515750531215,-0.04717621344014826,0.3049999999999998,0.034999999999999865,-0.02631578947368421,0.5613140878495441,-0.0021596128234814002,-0.046339743884637574,0.544388433923694,-0.0029270851548685336,-0.041582422837254544,-0.05943194555260662,-0.043120323425725034,0.44994932413101196,ACTIVE
1,X+,5.5,0.5620558722063032,-0.0030598973397829386,-0.043120323425725034,0.5730168161927925,-0.0028468076390914306,-0.046522953414656926,0.5552462375922335,-0.0037813515750531215,-0.04717621344014826,0.3049999999999998,0.034999999999999865,-0.02631578947368421,0.5613140878495441,-0.0021596128234814002,-0.046339743884637574,0.544388433923694,-0.0029270851548685336,-0.041582422837254544,-0.05943194555260662,-0.043120323425725034,0.44994932413101196,ACTIVE
1,X+,5.5,0.5766159956778719,-0.003714619879287227,-0.04601084586616388,0.5730168161927925,-0.0028468076390914306,-0.046522953414656926,0.5552462375922335,-0.0037813515750531215,-0.04717621344014826,0.3049999999999998,0.034999999999999865,-0.02631578947368421,0.5613140878495441,-0.0021596128234814002,-0.046339743884637574,0.544388433923694,-0.0029270851548685336,-0.041582422837254544,-0.05970687657786272,-0.04630953328898789,0.44994932413101196,ACTIVE
1,X+,5.6000000000000005,0.5916201255299445,-0.0034941800997792226,-0.04822647165634932,0.5867716271751758,-0.006536289955615071,-0.05332974883134791,0.5823357782019685,-0.005053418180201031,-0.0524781411172149,0.3049999999999998,0.034999999999999865,-0.005263157894736843,0.5836617971825551,-0.004485318933201506,-0.05266002516283263,0.5657280107156604,-0.004324219611589472,-0.04737763927809624,-0.018922787360634786,-0.04811207172194671,0.3999493420124054,ACTIVE
1,X+,5.6000000000000005,0.5916201255299445,-0.0034941800997792226,-0.04822647165634932,0.5867716271751758,-0.006536289955615071,-0.05332974883134791,0.5823357782019685,-0.005053418180201031,-0.0524781411172149,0.3049999999999998,0.034999999999999865,-0.005263157894736843,0.5836617971825551,-0.004485318933201506,-0.05266002516283263,0.5657280107156604,-0.004324219611589472,-0.04737763927809624,-0.018922787360634786,-0.04811207172194671,0.3999493420124054,ACTIVE
1,X+,5.6000000000000005,0.5916201255299445,-0.0034941800997792226,-0.04822647165634932,0.5867716271751758,-0.006536289955615071,-0.05332974883134791,0.5823357782019685,-0.005053418180201031,-0.0524781411172149,0.3049999999999998,0.034999999999999865,-0.005263157894736843,0.5836617971825551,-0.004485318933201506,-0.05266002516283263,0.5657280107156604,-0.004324219611589472,-0.04737763927809624,-0.018922787360634786,-0.04811207172194671,0.3999493420124054,ACTIVE
1,X+,5.6000000000000005,0.5916201255299445,-0.0034941800997792226,-0.04822647165634932,0.5867716271751758,-0.006536289955615071,-0.05332974883134791,0.5823357782019685,-0.005053418180201031,-0.0524781411172149,0.3049999999999998,0.034999999999999865,-0.005263157894736843,0.5836617971825551,-0.004485318933201506,-0.05266002516283263,0.5657280107156604,-0.004324219611589472,-0.04737763927809624,-0.018922787360634786,-0.04811207172194671,0.3999493420124054,ACTIVE
1,X+,5.7,0.6152447215965121,-0.0019484362031260624,-0.05012486020020188,0.6194082162684319,-0.006462827298174237,-0.0543353984215043,0.6092640135097789,-0.003386263421708784,-0.05481056277858688,0.3049999999999998,0.034999999999999865,-0.005263157894736843,0.6103052079220286,-0.005076969543469173,-0.055959760788853785,0.5927638796244145,-0.005914456003168076,-0.0510356627954831,-0.01829102668122768,-0.05009743800488373,0.3749493360519409,ACTIVE
1,X+,5.7,0.6209591617002418,-0.001580795568708715,-0.050171705427833925,0.6194082162684319,-0.006462827298174237,-0.0543353984215043,0.6092640135097789,-0.003386263421708784,-0.05481056277858688,0.3049999999999998,0.034999999999999865,0.0,0.6103052079220286,-0.005076969543469173,-0.055959760788853785,0.5927638796244145,-0.005914456003168076,-0.0510356627954831,-0.0003012878527313798,-0.05014453181402397,0.3749493360519409,ACTIVE
1,X+,5.7,0.6209591617002418,-0.001580795568708715,-0.050171705427833925,0.6194082162684319,-0.006462827298174237,-0.0543353984215043,0.6092640135097789,-0.003386263421708784,-0.05481056277858688,0.3049999999999998,0.034999999999999865,0.0,0.6103052079220286,-0.005076969543469173,-0.055959760788853785,0.5927638796244145,-0.005914456003168076,-0.0510356627954831,-0.0003012878527313798,-0.05014453181402397,0.3749493360519409,ACTIVE
1,X+,5.7,0.6209591617002418,-0.001580795568708715,-0.050171705427833925,0.6194082162684319,-0.006462827298174237,-0.0543353984215043,0.6092640135097789,-0.003386263421708784,-0.05481056277858688,0.3049999999999998,0.034999999999999865,0.0,0.6103052079220286,-0.005076969543469173,-0.055959760788853785,0.5927638796244145,-0.005914456003168076,-0.0510356627954831,-0.0003012878527313798,-0.05014453181402397,0.3999493420124054,ACTIVE
1,X+,5.7,0.6331076601369218,-0.0008010701897856794,-0.050387555504087855,0.6194082162684319,-0.006462827298174237,-0.0543353984215043,0.6092640135097789,-0.003386263421708784,-0.05481056277858688,0.3049999999999998,0.034999999999999865,0.0,0.6103052079220286,-0.005076969543469173,-0.055959760788853785,0.5927638796244145,-0.005914456003168076,-0.0510356627954831,-0.005086463498369618,-0.05040207030988954,0.3999493420124054,ACTIVE
1,X+,5.800000000000001,0.6489365636795198,0.00021088272663199667,-0.050469856502140156,0.6472901722517238,-0.002331587239226966,-0.05254659883124059,0.6359384499137447,-0.0017986173331848957,-0.05527813488434863,0.3499999999999998,0.0,-0.03684210526315789,0.6374102935629783,-0.002836608078794774,-0.05618557931427048,0.6201182572324283,-0.0037781267007860326,-0.05204279469332329,-0.002185208073703074,-0.050469638728899154,0.34994933009147644,ACTIVE
1,X+,5.800000000000001,0.6489365636795198,0.00021088272663199667,-0.050469856502140156,0.6472901722517238,-0.002331587239226966,-0.05254659883124059,0.6359384499137447,-0.0017986173331848957,-0.05527813488434863,0.3499999999999998,0.0,-0.03684210526315789,0.6374102935629783,-0.002836608078794774,-0.05618557931427048,0.6201182572324283,-0.0037781267007860326,-0.05204279469332329,-0.002185208073703074,-0.050469638728899154,0.34994933009147644,ACTIVE
1,X+,5.800000000000001,0.6489365636795198,0.00021088272663199667,-0.050469856502140156,0.6472901722517238,-0.002331587239226966,-0.05254659883124059,0.6359384499137447,-0.0017986173331848957,-0.05527813488434863,0.3499999999999998,0.0,-0.03684210526315789,0.6374102935629783,-0.002836608078794774,-0.05618557931427048,0.6201182572324283,-0.0037781267007860326,-0.05204279469332329,-0.002185208073703074,-0.050469638728899154,0.34994933009147644,ACTIVE
1,X+,5.800000000000001,0.6489365636795198,0.00021088272663199667,-0.050469856502140156,0.6472901722517238,-0.002331587239226966,-0.05254659883124059,0.6359384499137447,-0.0017986173331848957,-0.05527813488434863,0.3499999999999998,0.0,-0.03684210526315789,0.6374102935629783,-0.002836608078794774,-0.05618557931427048,0.6201182572324283,-0.0037781267007860326,-0.05204279469332329,-0.002185208073703074,-0.050469638728899154,0.34994933009147644,ACTIVE
1,X+,5.800000000000001,0.6652752275183612,0.0012540542842033892,-0.0504695986900838,0.6472901722517238,-0.002331587239226966,-0.05254659883124059,0.6625782918737445,-0.00022562581589482622,-0.055279178849277015,0.3499999999999998,0.0,-0.03684210526315789,0.662260200682475,-0.0019386083118542678,-0.05614916067091347,0.6201182572324283,-0.0037781267007860326,-0.05204279469332329,-0.0016378414199735253,-0.050469604720969036,0.34994933009147644,ACTIVE
1,X+,5.9,0.6768665244772853,0.0011519204421103577,-0.05080572413504413,0.6697414954190503,-0.0008508669831634762,-0.052169223988045084,0.6625782918737445,-0.00022562581589482622,-0.055279178849277015,0.3049999999999998,-0.010000000000000134,-0.02631578947368421,0.662260200682475,-0.0019386083118542678,-0.05614916067091347,0.6448953590820443,-0.0018477604338158155,-0.05220564263140215,-0.030311179225621827,-0.05069793310065956,0.32494932413101196,ACTIVE
1,X+,5.9,0.6768665244772853,0.0011519204421103577,-0.05080572413504413,0.6697414954190503,-0.0008508669831634762,-0.052169223988045084,0.6625782918737445,-0.00022562581589482622,-0.055279178849277015,0.3049999999999998,-0.010000000000000134,-0.02631578947368421,0.662260200682475,-0.0019386083118542678,-0.05614916067091347,0.6448953590820443,-0.0018477604338158155,-0.05220564263140215,-0.030311179225621827,-0.05069793310065956,0.34994933009147644,ACTIVE
1,X+,5.9,0.6768665244772853,0.0011519204421103577,-0.05080572413504413,0.6697414954190503,-0.0008508669831634762,-0.052169223988045084,0.6625782918737445,-0.00022562581589482622,-0.055279178849277015,0.3049999999999998,-0.010000000000000134,-0.02631578947368421,0.662260200682475,-0.0019386083118542678,-0.05614916067091347,0.6448953590820443,-0.0018477604338158155,-0.05220564263140215,-0.030311179225621827,-0.05069793310065956,0.34994933009147644,ACTIVE
1,X+,5.9,0.6768665244772853,0.0011519204421103577,-0.05080572413504413,0.6697414954190503,-0.0008508669831634762,-0.052169223988045084,0.6625782918737445,-0.00022562581589482622,-0.055279178849277015,0.3049999999999998,-0.010000000000000134,-0.02631578947368421,0.662260200682475,-0.0019386083118542678,-0.05614916067091347,0.6448953590820443,-0.0018477604338158155,-0.05220564263140215,-0.030311179225621827,-0.05069793310065956,0.34994933009147644,ACTIVE
1,X+,5.9,0.6902117419216866,0.0004478091332004788,-0.05228431627954687,0.6697414954190503,-0.0008508669831634762,-0.05216922398804509,0.6910255519465682,-0.0017995859217407894,-0.05827830138576596,0.3049999999999998,-0.010000000000000134,-0.02631578947368421,0.6907161829187498,6.604901448997266e-05,-0.057732325501651076,0.6733531528331451,6.427576963591036e-05,-0.05414400862525115,-0.03162111293839682,-0.052747218991971094,0.34994933009147644,ACTIVE
1,X+,6.0,0.7034888636039789,-0.0005276742124552241,-0.05352894135441626,0.6733531528331451,6.427576963592783e-05,-0.05414400862525112,0.6910255519465682,-0.0017995859217407894,-0.05827830138576596,0.3499999999999998,0.0,-0.047368421052631574,0.6907161829187498,6.604901448997266e-05,-0.057732325501651076,0.6733531528331451,6.427576963591036e-05,-0.05414400862525115,-0.022542366559048427,-0.05350582141703677,0.34994933009147644,ACTIVE
1,X+,6.0,0.7034888636039789,-0.0005276742124552241,-0.05352894135441626,0.6733531528331451,6.427576963592783e-05,-0.05414400862525112,0.6910255519465682,-0.0017995859217407894,-0.05827830138576596,0.3499999999999998,0.0,-0.047368421052631574,0.6907161829187498,6.604901448997266e-05,-0.057732325501651076,0.6733531528331451,6.427576963591036e-05,-0.05414400862525115,-0.022542366559048427,-0.05350582141703677,0.34994933009147644,ACTIVE
1,X+,6.0,0.7034888636039789,-0.0005276742124552241,-0.05352894135441626,0.6733531528331451,6.427576963592783e-05,-0.05414400862525112,0.6910255519465682,-0.0017995859217407894,-0.05827830138576596,0.3499999999999998,0.0,-0.047368421052631574,0.6907161829187498,6.604901448997266e-05,-0.057732325501651076,0.6733531528331451,6.427576963591036e-05,-0.05414400862525115,-0.022542366559048427,-0.05350582141703677,0.34994933009147644,ACTIVE
1,X+,6.0,0.7058677757946834,-0.0007336581310810331,-0.053734816208622777,0.6733531528331451,6.427576963592783e-05,-0.05414400862525112,0.6910255519465682,-0.0017995859217407894,-0.05827830138576596,0.3499999999999998,0.0,-0.047368421052631574,0.6907161829187498,6.604901448997266e-05,-0.057732325501651076,0.6733531528331451,6.427576963591036e-05,-0.05414400862525115,-0.023401465893385598,-0.053734816208622777,0.34994933009147644,ACTIVE
1,X+,6.0,0.7223897870638747,-0.002110692721476265,-0.0551806079403203,0.7337064300316533,-0.008100454665791044,-0.05952067082410337,0.7208585297125003,-0.0045239698101236445,-0.06086499019834053,0.3499999999999998,0.0,-0.047368421052631574,0.7205922939753016,-0.0035006727592021003,-0.06060407413378987,0.7038264723114144,-0.004566102856608522,-0.0566489221919646,-0.02262249127643781,-0.05534094344427687,0.2749493420124054,ACTIVE
1,X+,6.1000000000000005,0.7280104592250952,-0.0024541252469909083,-0.055811348796406306,0.7337064300316533,-0.008100454665791044,-0.05952067082410337,0.7208585297125003,-0.0045239698101236445,-0.06086499019834053,0.25999999999999984,0.034999999999999865,-0.005263157894736843,0.7205922939753016,-0.0035006727592021003,-0.06060407413378987,0.7038264723114144,-0.004566102856608522,-0.0566489221919646,-0.027882962067065177,-0.05564791418534715,0.24994933605194092,ACTIVE
1,X+,6.1000000000000005,0.7280104592250952,-0.0024541252469909083,-0.055811348796406306,0.7337064300316533,-0.008100454665791044,-0.05952067082410337,0.7208585297125003,-0.0045239698101236445,-0.06086499019834053,0.25999999999999984,0.034999999999999865,-0.005263157894736843,0.7205922939753016,-0.0035006727592021003,-0.06060407413378987,0.7038264723114144,-0.004566102856608522,-0.0566489221919646,-0.027882962067065177,-0.05564791418534715,0.24994933605194092,ACTIVE
1,X+,6.1000000000000005,0.7280104592250952,-0.0024541252469909083,-0.055811348796406306,0.7337064300316533,-0.008100454665791044,-0.05952067082410337,0.7208585297125003,-0.0045239698101236445,-0.06086499019834053,0.25999999999999984,0.034999999999999865,-0.005263157894736843,0.7205922939753016,-0.0035006727592021003,-0.06060407413378987,0.7038264723114144,-0.004566102856608522,-0.0566489221919646,-0.027882962067065177,-0.05564791418534715,0.24994933605194092,ACTIVE
1,X+,6.1000000000000005,0.7326131610121682,-0.0027231738342001054,-0.05624216523670173,0.7337064300316533,-0.008100454665791044,-0.05952067082410337,0.7208585297125003,-0.0045239698101236445,-0.06086499019834053,0.25999999999999984,0.034999999999999865,-0.005263157894736843,0.7205922939753016,-0.0035006727592021003,-0.06060407413378987,0.7038264723114144,-0.004566102856608522,-0.0566489221919646,-0.018247955704342494,-0.056181154456508696,0.24994933605194092,ACTIVE
1,X+,6.2,0.7505275643067487,-0.0035194003845241354,-0.05860773483645745,0.7317114677673318,-0.005248604588681254,-0.05903941570376504,0.7428149702739244,-0.0058797990683165,-0.06384278072202004,0.25999999999999984,-0.010000000000000134,-0.015789473684210527,0.7484596918704499,-0.004292686458250471,-0.06299456025506654,0.7317114677673318,-0.005248604588681243,-0.05903941570376503,-0.04317257534327863,-0.05860773483645745,0.24994933605194092,ACTIVE
1,X+,6.2,0.7550592243675732,-0.0032424410829690244,-0.059019311989750654,0.7317114677673318,-0.005248604588681254,-0.05903941570376504,0.7428149702739244,-0.0058797990683165,-0.06384278072202004,0.25999999999999984,-0.010000000000000134,-0.015789473684210527,0.7484596918704499,-0.004292686458250471,-0.06299456025506654,0.7317114677673318,-0.005248604588681243,-0.05903941570376503,-0.026899569650436474,-0.05892488065519187,0.24994933605194092,ACTIVE
1,X+,6.2,0.7550592243675732,-0.0032424410829690244,-0.059019311989750654,0.7317114677673318,-0.005248604588681254,-0.05903941570376504,0.7428149702739244,-0.0058797990683165,-0.06384278072202004,0.25999999999999984,-0.010000000000000134,-0.015789473684210527,0.7484596918704499,-0.004292686458250471,-0.06299456025506654,0.7317114677673318,-0.005248604588681243,-0.05903941570376503,-0.026899569650436474,-0.05892488065519187,0.24994933605194092,ACTIVE
1,X+,6.2,0.7550592243675732,-0.0032424410829690244,-0.059019311989750654,0.7317114677673318,-0.005248604588681254,-0.05903941570376504,0.7428149702739244,-0.0058797990683165,-0.06384278072202004,0.25999999999999984,-0.010000000000000134,-0.015789473684210527,0.7484596918704499,-0.004292686458250471,-0.06299456025506654,0.7317114677673318,-0.005248604588681243,-0.05903941570376503,-0.026899569650436474,-0.05892488065519187,0.24994933605194092,ACTIVE
1,X+,6.2,0.7571994605327983,-0.003072321946389083,-0.059032589791500625,0.7317114677673318,-0.005248604588681254,-0.05903941570376504,0.7428149702739244,-0.0058797990683165,-0.06384278072202004,0.25999999999999984,-0.010000000000000134,-0.015789473684210527,0.7484596918704499,-0.004292686458250471,-0.06299456025506654,0.7317114677673318,-0.005248604588681243,-0.05903941570376503,-0.003295584754259192,-0.059030857749504506,0.24994933605194092,ACTIVE
1,X+,6.2,0.7744267980041665,-0.0018606166708961328,-0.059345736116321664,0.772082410317943,-0.006413719855192706,-0.06344540868218526,0.7658037869156045,-0.004267291048338463,-0.06441358822253074,0.25999999999999984,-0.010000000000000134,-0.015789473684210527,0.769282277844547,-0.005196984953775742,-0.0651414409272153,0.7497208699623885,-0.004427674348871038,-0.06114643613384808,-0.004351513462589998,-0.05931582998200221,0.24994933605194092,ACTIVE
1,X+,6.300000000000001,0.7809959767101119,-0.0024343764721486763,-0.05957408928487418,0.7705450916309821,-0.005293488598554446,-0.0632933168059969,0.7658037869156045,-0.004267291048338463,-0.06441358822253074,0.21499999999999986,-0.010000000000000134,-0.02631578947368421,0.769282277844547,-0.005196984953775742,-0.0651414409272153,0.7497208699623885,-0.004427674348871038,-0.06114643613384808,-0.022617703605693318,-0.05950041479281193,0.24994933605194092,ACTIVE
1,X+,6.300000000000001,0.7809959767101119,-0.0024343764721486763,-0.05957408928487418,0.7705450916309821,-0.005293488598554446,-0.0632933168059969,0.7658037869156045,-0.004267291048338463,-0.06441358822253074,0.21499999999999986,-0.010000000000000134,-0.02631578947368421,0.769282277844547,-0.005196984953775742,-0.0651414409272153,0.7497208699623885,-0.004427674348871038,-0.06114643613384808,-0.022617703605693318,-0.05950041479281193,0.24994933605194092,ACTIVE
1,X+,6.300000000000001,0.7809959767101119,-0.0024343764721486763,-0.05957408928487418,0.7705450916309821,-0.005293488598554446,-0.0632933168059969,0.7658037869156045,-0.004267291048338463,-0.06441358822253074,0.21499999999999986,-0.010000000000000134,-0.02631578947368421,0.769282277844547,-0.005196984953775742,-0.0651414409272153,0.7497208699623885,-0.004427674348871038,-0.06114643613384808,-0.022617703605693318,-0.05950041479281193,0.24994933605194092,ACTIVE
1,X+,6.300000000000001,0.7900398438364638,-0.0033394069507208125,-0.06014974598822115,0.7705450916309821,-0.005293488598554446,-0.0632933168059969,0.7658037869156045,-0.004267291048338463,-0.06441358822253074,0.21499999999999986,-0.010000000000000134,-0.02631578947368421,0.769282277844547,-0.005196984953775742,-0.0651414409272153,0.7497208699623885,-0.004427674348871038,-0.06114643613384808,-0.018630067142122578,-0.060197714314088505,0.24994933605194092,ACTIVE
1,X+,6.4,0.8072581103574354,-0.005129848696564236,-0.061748011088965764,0.8009485164385075,-0.004337786549247853,-0.06330350780616543,0.7886661397003644,-0.006625352095249828,-0.06579570894283437,0.16999999999999987,-0.010000000000000134,-0.03684210526315789,0.7942575831143481,-0.005010907675882501,-0.06615300494890564,0.7759738427897603,-0.004595030036398908,-0.062291943784475105,-0.030595935789290242,-0.06163217457348677,0.19994932413101196,ACTIVE
1,X+,6.4,0.8072581103574354,-0.005129848696564236,-0.061748011088965764,0.8009485164385075,-0.004337786549247853,-0.06330350780616543,0.7886661397003644,-0.006625352095249828,-0.06579570894283437,0.16999999999999987,-0.010000000000000134,-0.03684210526315789,0.7942575831143481,-0.005010907675882501,-0.06615300494890564,0.7759738427897603,-0.004595030036398908,-0.062291943784475105,-0.030595935789290242,-0.06163217457348677,0.19994932413101196,ACTIVE
1,X+,6.4,0.8072581103574354,-0.005129848696564236,-0.061748011088965764,0.8009485164385075,-0.004337786549247853,-0.06330350780616543,0.7886661397003644,-0.006625352095249828,-0.06579570894283437,0.16999999999999987,-0.010000000000000134,-0.03684210526315789,0.7942575831143481,-0.005010907675882501,-0.06615300494890564,0.7759738427897603,-0.004595030036398908,-0.062291943784475105,-0.030595935789290242,-0.06163217457348677,0.19994932413101196,ACTIVE
1,X+,6.4,0.8072581103574354,-0.005129848696564236,-0.061748011088965764,0.8009485164385075,-0.004337786549247853,-0.06330350780616543,0.7886661397003644,-0.006625352095249828,-0.06579570894283437,0.16999999999999987,-0.010000000000000134,-0.03684210526315789,0.7942575831143481,-0.005010907675882501,-0.06615300494890564,0.7759738427897603,-0.004595030036398908,-0.062291943784475105,-0.030595935789290242,-0.06163217457348677,0.19994932413101196,ACTIVE
1,X+,6.4,0.8174801869313211,-0.006250446997510638,-0.06301394649229997,0.8009485164385075,-0.004337786549247853,-0.06330350780616543,0.7886661397003644,-0.006625352095249828,-0.06579570894283437,0.16999999999999987,-0.010000000000000134,-0.03684210526315789,0.7942575831143481,-0.005010907675882501,-0.06615300494890564,0.7759738427897603,-0.004595030036398908,-0.062291943784475105,-0.03435277396145877,-0.06281696849129757,0.19994932413101196,ACTIVE
1,X+,6.5,0.8297791053908317,-0.007715543754204057,-0.06527434817227196,0.812851066493186,-0.010431139090556244,-0.06734430825747667,0.8095856873891049,-0.008982841804496367,-0.06836499405150284,0.16999999999999987,0.034999999999999865,0.0,0.8118799784010301,-0.008396492143952577,-0.06869577229054347,0.7964585553803091,-0.00730177950146878,-0.06497953462975348,-0.044258885169846725,-0.06527434817227196,0.19994932413101196,ACTIVE
1,X+,6.5,0.8297791053908317,-0.007715543754204057,-0.06527434817227196,0.812851066493186,-0.010431139090556244,-0.06734430825747667,0.8095856873891049,-0.008982841804496367,-0.06836499405150284,0.16999999999999987,0.034999999999999865,0.0,0.8118799784010301,-0.008396492143952577,-0.06869577229054347,0.7964585553803091,-0.00730177950146878,-0.06497953462975348,-0.044258885169846725,-0.06527434817227196,0.19994932413101196,ACTIVE
1,X+,6.5,0.8297791053908317,-0.007715543754204057,-0.06527434817227196,0.812851066493186,-0.010431139090556244,-0.06734430825747667,0.8095856873891049,-0.008982841804496367,-0.06836499405150284,0.16999999999999987,0.034999999999999865,0.0,0.8118799784010301,-0.008396492143952577,-0.06869577229054347,0.7964585553803091,-0.00730177950146878,-0.06497953462975348,-0.044258885169846725,-0.06527434817227196,0.19994932413101196,ACTIVE
1,X+,6.5,0.8297791053908317,-0.007715543754204057,-0.06527434817227196,0.812851066493186,-0.010431139090556244,-0.06734430825747667,0.8095856873891049,-0.008982841804496367,-0.06836499405150284,0.16999999999999987,0.034999999999999865,0.0,0.8118799784010301,-0.008396492143952577,-0.06869577229054347,0.7964585553803091,-0.00730177950146878,-0.06497953462975348,-0.044258885169846725,-0.06527434817227196,0.19994932413101196,ACTIVE
1,X+,6.5,0.8376034977934196,-0.008700630253795206,-0.06699810431129384,0.812851066493186,-0.010431139090556244,-0.06734430825747667,0.8095856873891049,-0.008982841804496367,-0.06836499405150284,0.16999999999999987,0.034999999999999865,0.0,0.8118799784010301,-0.008396492143952577,-0.06869577229054347,0.7964585553803091,-0.00730177950146878,-0.06497953462975348,-0.039630371745938475,-0.06703961393277726,0.19994932413101196,ACTIVE
1,X+,6.6000000000000005,0.8474735486462776,-0.00865095772667168,-0.06860247820906602,0.83719021668578,-0.012060005107785198,-0.07326561138252327,0.8274200219111321,-0.011263027473704291,-0.07225736426497331,0.12499999999999986,0.034999999999999865,0.0,0.8320594907146555,-0.01049152059654998,-0.07279815983232485,0.8176172932023862,-0.010016268888146208,-0.06928629546699529,-0.03964156076129271,-0.06856479544430147,0.1499493271112442,ACTIVE
1,X+,6.6000000000000005,0.8474735486462776,-0.00865095772667168,-0.06860247820906602,0.83719021668578,-0.012060005107785198,-0.07326561138252327,0.8274200219111321,-0.011263027473704291,-0.07225736426497331,0.12499999999999986,0.034999999999999865,0.0,0.8320594907146555,-0.01049152059654998,-0.07279815983232485,0.8176172932023862,-0.010016268888146208,-0.06928629546699529,-0.03964156076129271,-0.06856479544430147,0.1499493271112442,ACTIVE
1,X+,6.6000000000000005,0.8474735486462776,-0.00865095772667168,-0.06860247820906602,0.83719021668578,-0.012060005107785198,-0.07326561138252327,0.8274200219111321,-0.011263027473704291,-0.07225736426497331,0.12499999999999986,0.034999999999999865,0.0,0.8320594907146555,-0.01049152059654998,-0.07279815983232485,0.8176172932023862,-0.010016268888146208,-0.06928629546699529,-0.03964156076129271,-0.06856479544430147,0.1499493271112442,ACTIVE
1,X+,6.6000000000000005,0.8474735486462776,-0.00865095772667168,-0.06860247820906602,0.83719021668578,-0.012060005107785198,-0.07326561138252327,0.8274200219111321,-0.011263027473704291,-0.07225736426497331,0.12499999999999986,0.034999999999999865,0.0,0.8320594907146555,-0.01049152059654998,-0.07279815983232485,0.8176172932023862,-0.010016268888146208,-0.06928629546699529,-0.03964156076129271,-0.06856479544430147,0.1499493271112442,ACTIVE
1,X+,6.6000000000000005,0.8551694964326043,-0.008094057190842711,-0.0702486768334914,0.83719021668578,-0.012060005107785198,-0.07326561138252327,0.8274200219111321,-0.011263027473704291,-0.07225736426497331,0.12499999999999986,0.034999999999999865,0.0,0.8320594907146555,-0.01049152059654998,-0.07279815983232485,0.8176172932023862,-0.010016268888146208,-0.06928629546699529,-0.03557292939228416,-0.06971812303734473,0.1499493271112442,ACTIVE
1,X+,6.7,0.8632255456124392,-0.006720346730478957,-0.0707170813192281,0.8482752092293202,-0.013201103700866693,-0.07514689436625303,0.8434063780511911,-0.010170090205512485,-0.0756531660425373,0.12499999999999986,0.034999999999999865,0.005263157894736841,0.8484523212208812,-0.011320710254298214,-0.07585693219982481,0.8331934518127628,-0.012445267218986894,-0.07233282378815309,-0.0052699870427395015,-0.07070213446745431,0.1499493271112442,ACTIVE
1,X+,6.7,0.8632255456124392,-0.006720346730478957,-0.0707170813192281,0.8482752092293202,-0.013201103700866693,-0.07514689436625303,0.8434063780511911,-0.010170090205512485,-0.0756531660425373,0.12499999999999986,0.034999999999999865,0.005263157894736841,0.8484523212208812,-0.011320710254298214,-0.07585693219982481,0.8331934518127628,-0.012445267218986894,-0.07233282378815309,-0.0052699870427395015,-0.07070213446745431,0.1499493271112442,ACTIVE
1,X+,6.7,0.8632255456124392,-0.006720346730478957,-0.0707170813192281,0.8482752092293202,-0.013201103700866693,-0.07514689436625303,0.8434063780511911,-0.010170090205512485,-0.0756531660425373,0.12499999999999986,0.034999999999999865,0.005263157894736841,0.8484523212208812,-0.011320710254298214,-0.07585693219982481,0.8331934518127628,-0.012445267218986894,-0.07233282378815309,-0.0052699870427395015,-0.07070213446745431,0.1499493271112442,ACTIVE
1,X+,6.7,0.8632255456124392,-0.006720346730478957,-0.0707170813192281,0.8482752092293202,-0.013201103700866693,-0.07514689436625303,0.8434063780511911,-0.010170090205512485,-0.0756531660425373,0.12499999999999986,0.034999999999999865,0.005263157894736841,0.8484523212208812,-0.011320710254298214,-0.07585693219982481,0.8331934518127628,-0.012445267218986894,-0.07233282378815309,-0.0052699870427395015,-0.07070213446745431,0.1499493271112442,ACTIVE
1,X+,6.7,0.8712393418665472,-0.005079175562937249,-0.07072046429170216,0.8598494378287621,-0.007540944326583381,-0.07300362761191795,0.8565511980990953,-0.007541703600070989,-0.0756427012281407,0.12499999999999986,0.034999999999999865,0.005263157894736841,0.8622446354809329,-0.009778477832640997,-0.0759611337614672,0.8460617450434895,-0.009123960798188824,-0.07289942605027555,0.0014481644824676997,-0.07072044380768172,0.1499493271112442,ACTIVE
1,X+,6.800000000000001,0.8762205988649452,-0.004060030616661277,-0.07051675724987821,0.8598494378287621,-0.007540944326583381,-0.07300362761191795,0.8565511980990953,-0.007541703600070989,-0.0756427012281407,0.16999999999999987,-0.010000000000000134,-0.005263157894736843,0.8622446354809329,-0.009778477832640997,-0.0759611337614672,0.8460617450434895,-0.009123960798188824,-0.07289942605027555,0.0019451140051423242,-0.07052145216084248,0.1499493271112442,ACTIVE
1,X+,6.800000000000001,0.8762205988649452,-0.004060030616661277,-0.07051675724987821,0.8598494378287621,-0.007540944326583381,-0.07300362761191795,0.8565511980990953,-0.007541703600070989,-0.0756427012281407,0.16999999999999987,-0.010000000000000134,-0.005263157894736843,0.8622446354809329,-0.009778477832640997,-0.0759611337614672,0.8460617450434895,-0.009123960798188824,-0.07289942605027555,0.0019451140051423242,-0.07052145216084248,0.1499493271112442,ACTIVE
1,X+,6.800000000000001,0.8762205988649452,-0.004060030616661277,-0.07051675724987821,0.8598494378287621,-0.007540944326583381,-0.07300362761191795,0.8565511980990953,-0.007541703600070989,-0.0756427012281407,0.16999999999999987,-0.010000000000000134,-0.005263157894736843,0.8622446354809329,-0.009778477832640997,-0.0759611337614672,0.8460617450434895,-0.009123960798188824,-0.07289942605027555,0.0019451140051423242,-0.07052145216084248,0.1499493271112442,ACTIVE
1,X+,6.800000000000001,0.8762205988649452,-0.004060030616661277,-0.07051675724987821,0.8598494378287621,-0.007540944326583381,-0.07300362761191795,0.8565511980990953,-0.007541703600070989,-0.0756427012281407,0.16999999999999987,-0.010000000000000134,-0.005263157894736843,0.8622446354809329,-0.009778477832640997,-0.0759611337614672,0.8460617450434895,-0.009123960798188824,-0.07289942605027555,0.0019451140051423242,-0.07052145216084248,0.1499493271112442,ACTIVE
1,X+,6.800000000000001,0.8808853723226651,-0.0031052843012712127,-0.0703249451448939,0.8598494378287621,-0.007540944326583381,-0.07300362761191795,0.8565511980990953,-0.007541703600070989,-0.0756427012281407,0.16999999999999987,-0.010000000000000134,-0.005263157894736843,0.8622446354809329,-0.009778477832640997,-0.0759611337614672,0.8460617450434895,-0.009123960798188824,-0.07289942605027555,0.003508439641152903,-0.07033401799368612,0.1499493271112442,ACTIVE
1,X+,6.9,0.8871561546131638,-0.0024758598486379676,-0.07008968927699825,0.8736889723850799,-0.006600969994627653,-0.0723569038634033,0.8683794894927656,-0.0051763945547313225,-0.07515351859761732,0.12499999999999986,-0.010000000000000134,-0.02631578947368421,0.878060235273148,-0.00875215170076656,-0.07563721571086778,0.8596502086925929,-0.0076543419414803774,-0.07265834655657111,0.006494191242483231,-0.07008968927699825,0.1499493271112442,ACTIVE
1,X+,6.9,0.8871561546131638,-0.0024758598486379676,-0.07008968927699825,0.8736889723850799,-0.006600969994627653,-0.0723569038634033,0.8683794894927656,-0.0051763945547313225,-0.07515351859761732,0.12499999999999986,-0.010000000000000134,-0.02631578947368421,0.878060235273148,-0.00875215170076656,-0.07563721571086778,0.8596502086925929,-0.0076543419414803774,-0.07265834655657111,0.006494191242483231,-0.07008968927699825,0.1499493271112442,ACTIVE
1,X+,6.9,0.8871561546131638,-0.0024758598486379676,-0.07008968927699825,0.8736889723850799,-0.006600969994627653,-0.0723569038634033,0.8683794894927656,-0.0051763945547313225,-0.07515351859761732,0.12499999999999986,-0.010000000000000134,-0.02631578947368421,0.878060235273148,-0.00875215170076656,-0.07563721571086778,0.8596502086925929,-0.0076543419414803774,-0.07265834655657111,0.006494191242483231,-0.07008968927699825,0.1499493271112442,ACTIVE
1,X+,6.9,0.8871561546131638,-0.0024758598486379676,-0.07008968927699825,0.8736889723850799,-0.006600969994627653,-0.0723569038634033,0.8683794894927656,-0.0051763945547313225,-0.07515351859761732,0.12499999999999986,-0.010000000000000134,-0.02631578947368421,0.878060235273148,-0.00875215170076656,-0.07563721571086778,0.8596502086925929,-0.0076543419414803774,-0.07265834655657111,0.006494191242483231,-0.07008968927699825,0.1499493271112442,ACTIVE
1,X+,6.9,0.8936109463471372,-0.002460645963620261,-0.0698460802897269,0.8736889723850799,-0.006600969994627653,-0.0723569038634033,0.8683794894927656,-0.0051763945547313225,-0.07515351859761732,0.12499999999999986,-0.010000000000000134,-0.02631578947368421,0.878060235273148,-0.00875215170076656,-0.07563721571086778,0.8596502086925929,-0.0076543419414803774,-0.07265834655657111,0.0050992019128845096,-0.06987659602901417,0.1499493271112442,ACTIVE
1,X+,7.0,0.8985953865139685,-0.0029592603032665803,-0.07039185033265098,0.8788046599005417,-0.0017525307516545177,-0.07163531701507703,0.8812482475534176,-0.005206872303975979,-0.0746510868865057,0.12499999999999986,-0.010000000000000134,-0.03684210526315789,0.8850825111814766,-0.005609068477459624,-0.07489953561301066,0.8705865798267014,-0.0048752334959406285,-0.07223803057336209,-0.018198724794773583,-0.07035952344033648,0.09994933009147644,ACTIVE
1,X+,7.0,0.8985953865139685,-0.0029592603032665803,-0.07039185033265098,0.8788046599005417,-0.0017525307516545177,-0.07163531701507703,0.8812482475534176,-0.005206872303975979,-0.0746510868865057,0.12499999999999986,-0.010000000000000134,-0.03684210526315789,0.8850825111814766,-0.005609068477459624,-0.07489953561301066,0.8705865798267014,-0.0048752334959406285,-0.07223803057336209,-0.018198724794773583,-0.07035952344033648,0.09994933009147644,ACTIVE
1,X+,7.0,0.8985953865139685,-0.0029592603032665803,-0.07039185033265098,0.8788046599005417,-0.0017525307516545177,-0.07163531701507703,0.8812482475534176,-0.005206872303975979,-0.0746510868865057,0.12499999999999986,-0.010000000000000134,-0.03684210526315789,0.8850825111814766,-0.005609068477459624,-0.07489953561301066,0.8705865798267014,-0.0048752334959406285,-0.07223803057336209,-0.018198724794773583,-0.07035952344033648,0.09994933009147644,ACTIVE
1,X+,7.0,0.8985953865139685,-0.0029592603032665803,-0.07039185033265098,0.8788046599005417,-0.0017525307516545177,-0.07163531701507703,0.8812482475534176,-0.005206872303975979,-0.0746510868865057,0.12499999999999986,-0.010000000000000134,-0.03684210526315789,0.8850825111814766,-0.005609068477459624,-0.07489953561301066,0.8705865798267014,-0.0048752334959406285,-0.07223803057336209,-0.018198724794773583,-0.07035952344033648,0.09994933009147644,ACTIVE
1,X+,7.0,0.9002248629185466,-0.0031806037640507157,-0.07064886621356352,0.8788046599005417,-0.0017525307516545177,-0.07163531701507703,0.8812482475534176,-0.005206872303975979,-0.0746510868865057,0.12499999999999986,-0.010000000000000134,-0.03684210526315789,0.8850825111814766,-0.005609068477459624,-0.07489953561301066,0.8705865798267014,-0.0048752334959406285,-0.07223803057336209,-0.019536892622293228,-0.0706825054180133,0.09994933009147644,ACTIVE
1,X+,7.1000000000000005,0.9064522401758135,-0.004063639370749109,-0.07186548477462405,0.8921517874726893,-0.007828097696887582,-0.07501422770474071,0.8931344794641675,-0.006896984574881099,-0.07664404327271987,0.12499999999999986,-0.010000000000000134,-0.03684210526315789,0.8952526156396765,-0.006395248492089588,-0.0763688234561486,0.8819806273894191,-0.007055694779627366,-0.0735449398616028,-0.025796113566075644,-0.07186548477462405,0.09994933009147644,ACTIVE
1,X+,7.1000000000000005,0.9077599149702652,-0.0042671941407366795,-0.0722718948619905,0.8921517874726893,-0.007828097696887582,-0.07501422770474071,0.8931344794641675,-0.006896984574881099,-0.07664404327271987,0.12499999999999986,0.034999999999999865,-0.005263157894736843,0.8952526156396765,-0.006395248492089588,-0.0763688234561486,0.8819806273894191,-0.007055694779627366,-0.0735449398616028,-0.028668324382545893,-0.0721413289823552,0.09994933009147644,ACTIVE
1,X+,7.1000000000000005,0.9077599149702652,-0.0042671941407366795,-0.0722718948619905,0.8921517874726893,-0.007828097696887582,-0.07501422770474071,0.8931344794641675,-0.006896984574881099,-0.07664404327271987,0.12499999999999986,0.034999999999999865,-0.005263157894736843,0.8952526156396765,-0.006395248492089588,-0.0763688234561486,0.8819806273894191,-0.007055694779627366,-0.0735449398616028,-0.028668324382545893,-0.0721413289823552,0.09994933009147644,ACTIVE
1,X+,7.1000000000000005,0.9077599149702652,-0.0042671941407366795,-0.0722718948619905,0.8921517874726893,-0.007828097696887582,-0.07501422770474071,0.8931344794641675,-0.006896984574881099,-0.07664404327271987,0.12499999999999986,0.034999999999999865,-0.005263157894736843,0.8952526156396765,-0.006395248492089588,-0.0763688234561486,0.8819806273894191,-0.007055694779627366,-0.0735449398616028,-0.028668324382545893,-0.0721413289823552,0.09994933009147644,ACTIVE
1,X+,7.1000000000000005,0.9087816188622807,-0.004423938895004571,-0.07257652444970658,0.8921517874726893,-0.007828097696887582,-0.07501422770474071,0.8931344794641675,-0.006896984574881099,-0.07664404327271987,0.12499999999999986,0.034999999999999865,-0.005263157894736843,0.8952526156396765,-0.006395248492089588,-0.0763688234561486,0.8819806273894191,-0.007055694779627366,-0.0735449398616028,-0.02531631959781458,-0.07265173254119976,0.09994933009147644,ACTIVE
1,X+,7.1000000000000005,0.9142243512014863,-0.004957850242966671,-0.0741757169336979,0.9077254831989241,-0.0070433049763925695,-0.07829235902620056,0.904652118184287,-0.008714320426185024,-0.0800710478918252,0.12499999999999986,0.034999999999999865,-0.005263157894736843,0.9080918325555665,-0.006405080662145145,-0.0787424448115992,0.8948862631581808,-0.0070392515561673,-0.07591873767074997,-0.019838141559773457,-0.07408852704636568,0.09994933009147644,ACTIVE
1,X+,7.2,0.9158813321463039,-0.0048639117253463735,-0.07467129088640964,0.9077254831989241,-0.0070433049763925695,-0.07829235902620056,0.904652118184287,-0.008714320426185024,-0.0800710478918252,0.12499999999999986,0.034999999999999865,-0.005263157894736843,0.9080918325555665,-0.006405080662145145,-0.0787424448115992,0.8948862631581808,-0.0070392515561673,-0.07591873767074997,-0.020540730897698773,-0.07456574339939488,0.09994933009147644,ACTIVE
1,X+,7.2,0.9158813321463039,-0.0048639117253463735,-0.07467129088640964,0.9077254831989241,-0.0070433049763925695,-0.07829235902620056,0.904652118184287,-0.008714320426185024,-0.0800710478918252,0.12499999999999986,0.034999999999999865,-0.005263157894736843,0.9080918325555665,-0.006405080662145145,-0.0787424448115992,0.8948862631581808,-0.0070392515561673,-0.07591873767074997,-0.020540730897698773,-0.07456574339939488,0.09994933009147644,ACTIVE
1,X+,7.2,0.9158813321463039,-0.0048639117253463735,-0.07467129088640964,0.9077254831989241,-0.0070433049763925695,-0.07829235902620056,0.904652118184287,-0.008714320426185024,-0.0800710478918252,0.12499999999999986,0.034999999999999865,-0.005263157894736843,0.9080918325555665,-0.006405080662145145,-0.0787424448115992,0.8948862631581808,-0.0070392515561673,-0.07591873767074997,-0.020540730897698773,-0.07456574339939488,0.09994933009147644,ACTIVE
1,X+,7.2,0.9170618381006934,-0.004807256505080447,-0.07502210968442302,0.9077254831989241,-0.0070433049763925695,-0.07829235902620056,0.904652118184287,-0.008714320426185024,-0.0800710478918252,0.12499999999999986,0.034999999999999865,-0.005263157894736843,0.9080918325555665,-0.006405080662145145,-0.0787424448115992,0.8948862631581808,-0.0070392515561673,-0.07591873767074997,-0.02161339271666207,-0.0752029483926322,0.09994933009147644,ACTIVE
1,X+,7.300000000000001,0.9220698513852823,-0.004311053942236494,-0.07614259099336335,0.9160832241600476,-0.010475829344908628,-0.0814416159017091,0.9165768434721995,-0.008211684938821323,-0.08360656370425547,0.12499999999999986,0.034999999999999865,-0.005263157894736843,0.9179427047605395,-0.008259894181466927,-0.08199829801984883,0.906231320939977,-0.008626499917106881,-0.07818576269345946,-0.0005914759555936189,-0.07611444155821778,0.09994933009147644,ACTIVE
1,X+,7.300000000000001,0.9220698513852823,-0.004311053942236494,-0.07614259099336335,0.9160832241600476,-0.010475829344908628,-0.0814416159017091,0.9165768434721995,-0.008211684938821323,-0.08360656370425547,0.07999999999999986,0.034999999999999865,0.02631578947368421,0.9179427047605395,-0.008259894181466927,-0.08199829801984883,0.906231320939977,-0.008626499917106881,-0.07818576269345946,-0.0005914759555936189,-0.07611444155821778,0.09994933009147644,ACTIVE
1,X+,7.300000000000001,0.9220698513852823,-0.004311053942236494,-0.07614259099336335,0.9160832241600476,-0.010475829344908628,-0.0814416159017091,0.9165768434721995,-0.008211684938821323,-0.08360656370425547,0.07999999999999986,0.034999999999999865,0.02631578947368421,0.9179427047605395,-0.008259894181466927,-0.08199829801984883,0.906231320939977,-0.008626499917106881,-0.07818576269345946,-0.0005914759555936189,-0.07611444155821778,0.09994933009147644,ACTIVE
1,X+,7.300000000000001,0.9220698513852823,-0.004311053942236494,-0.07614259099336335,0.9160832241600476,-0.010475829344908628,-0.0814416159017091,0.9165768434721995,-0.008211684938821323,-0.08360656370425547,0.07999999999999986,0.034999999999999865,0.02631578947368421,0.9179427047605395,-0.008259894181466927,-0.08199829801984883,0.906231320939977,-0.008626499917106881,-0.07818576269345946,-0.0005914759555936189,-0.07611444155821778,0.09994933009147644,ACTIVE
1,X+,7.300000000000001,0.9238917435710892,-0.003973806546376099,-0.07630859177501409,0.9160832241600476,-0.010475829344908628,-0.0814416159017091,0.9165768434721995,-0.008211684938821323,-0.08360656370425547,0.07999999999999986,0.034999999999999865,0.02631578947368421,0.9179427047605395,-0.008259894181466927,-0.08199829801984883,0.906231320939977,-0.008626499917106881,-0.07818576269345946,-0.003505398804275523,-0.07630000861717091,0.09994933009147644,ACTIVE
1,X+,7.4,0.9265274654245108,-0.003353348098324844,-0.07622195836303362,0.9291266435085227,-0.008575533961123092,-0.08002370645988455,0.9286927649906191,-0.006057612787229471,-0.08479470173924139,0.07999999999999986,-0.010000000000000134,-0.03684210526315789,0.9292421520972509,-0.008418071884235427,-0.08307289536054263,0.9178267663874274,-0.008451811089699652,-0.07894910911919073,0.009688488781161159,-0.0762758934568799,0.04994932934641838,ACTIVE
1,X+,7.4,0.9265274654245108,-0.003353348098324844,-0.07622195836303362,0.9291266435085227,-0.008575533961123092,-0.08002370645988455,0.9286927649906191,-0.006057612787229471,-0.08479470173924139,0.07999999999999986,-0.010000000000000134,-0.03684210526315789,0.9292421520972509,-0.008418071884235427,-0.08307289536054263,0.9178267663874274,-0.008451811089699652,-0.07894910911919073,0.009688488781161159,-0.0762758934568799,0.04994932934641838,ACTIVE
1,X+,7.4,0.9265274654245108,-0.003353348098324844,-0.07622195836303362,0.9291266435085227,-0.008575533961123092,-0.08002370645988455,0.9286927649906191,-0.006057612787229471,-0.08479470173924139,0.07999999999999986,-0.010000000000000134,-0.03684210526315789,0.9292421520972509,-0.008418071884235427,-0.08307289536054263,0.9178267663874274,-0.008451811089699652,-0.07894910911919073,0.009688488781161159,-0.0762758934568799,0.04994932934641838,ACTIVE
1,X+,7.4,0.9265274654245108,-0.003353348098324844,-0.07622195836303362,0.9291266435085227,-0.008575533961123092,-0.08002370645988455,0.9286927649906191,-0.006057612787229471,-0.08479470173924139,0.07999999999999986,-0.010000000000000134,-0.03684210526315789,0.9292421520972509,-0.008418071884235427,-0.08307289536054263,0.9178267663874274,-0.008451811089699652,-0.07894910911919073,0.009688488781161159,-0.0762758934568799,0.04994932934641838,ACTIVE
1,X+,7.4,0.9274593714199244,-0.0030643927980611874,-0.07604002111060988,0.9291266435085227,-0.008575533961123092,-0.08002370645988455,0.9286927649906191,-0.006057612787229471,-0.08479470173924139,0.07999999999999986,-0.010000000000000134,-0.03684210526315789,0.9292421520972509,-0.008418071884235427,-0.08307289536054263,0.9178267663874274,-0.008451811089699652,-0.07894910911919073,0.005963731447666746,-0.07613481688865285,0.04994932934641838,ACTIVE
1,X+,7.500000000000001,0.9287955618314401,-0.002747737197932294,-0.07578959908824798,0.9403956899418654,-0.003584212998217253,-0.07874224269858301,0.9379616477318562,-0.0032216460148407596,-0.08285191227778163,0.07999999999999986,-0.010000000000000134,-0.03684210526315789,0.9402006778437764,-0.006239435922309119,-0.08329772971776883,0.9294472026168544,-0.005812747603275186,-0.07851740834135688,0.005877730861738897,-0.07580042078377756,0.04994932934641838,ACTIVE
1,X+,7.500000000000001,0.9287955618314401,-0.002747737197932294,-0.07578959908824798,0.9403956899418654,-0.003584212998217253,-0.07874224269858301,0.9379616477318562,-0.0032216460148407596,-0.08285191227778163,0.034999999999999865,-0.010000000000000134,-0.057894736842105256,0.9402006778437764,-0.006239435922309119,-0.08329772971776883,0.9294472026168544,-0.005812747603275186,-0.07851740834135688,0.005877730861738897,-0.07580042078377756,0.04994932934641838,ACTIVE
1,X+,7.500000000000001,0.9287955618314401,-0.002747737197932294,-0.07578959908824798,0.9403956899418654,-0.003584212998217253,-0.07874224269858301,0.9379616477318562,-0.0032216460148407596,-0.08285191227778163,0.034999999999999865,-0.010000000000000134,-0.057894736842105256,0.9402006778437764,-0.006239435922309119,-0.08329772971776883,0.9294472026168544,-0.005812747603275186,-0.07851740834135688,0.005877730861738897,-0.07580042078377756,0.04994932934641838,ACTIVE
1,X+,7.500000000000001,0.9287955618314401,-0.002747737197932294,-0.07578959908824798,0.9403956899418654,-0.003584212998217253,-0.07874224269858301,0.9379616477318562,-0.0032216460148407596,-0.08285191227778163,0.034999999999999865,-0.010000000000000134,-0.057894736842105256,0.9402006778437764,-0.006239435922309119,-0.08329772971776883,0.9294472026168544,-0.005812747603275186,-0.07851740834135688,0.005877730861738897,-0.07580042078377756,0.04994932934641838,ACTIVE
1,X+,7.500000000000001,0.9290346670805126,-0.002723865680773707,-0.07574204411956545,0.9403956899418654,-0.003584212998217253,-0.07874224269858301,0.9379616477318562,-0.0032216460148407596,-0.08285191227778163,0.034999999999999865,-0.010000000000000134,-0.057894736842105256,0.9402006778437764,-0.006239435922309119,-0.08329772971776883,0.9294472026168544,-0.005812747603275186,-0.07851740834135688,0.004258617175805205,-0.07574338418451185,0.04994932934641838,ACTIVE
1,X+,7.6000000000000005,0.9291276271624013,-0.0027159689142921377,-0.07568565989259485,0.9454104729782474,0.0009550988578547063,-0.07705382956777539,0.9463460260602994,-0.0023813771321826386,-0.08111675806354474,0.034999999999999865,-0.010000000000000134,-0.057894736842105256,0.9474850206149565,-0.0027452872581231365,-0.08213459696342308,0.9383517052729482,-0.002475360224647834,-0.07818372995771126,0.002036614774095239,-0.07569386198796088,0.04994932934641838,ACTIVE
1,X+,7.6000000000000005,0.9290980750805916,-0.002718100139261421,-0.07567491371066662,0.9454104729782474,0.0009550988578547063,-0.07705382956777539,0.9463460260602994,-0.0023813771321826386,-0.08111675806354474,0.07999999999999986,-0.010000000000000134,-0.057894736842105256,0.9474850206149565,-0.0027452872581231365,-0.08213459696342308,0.9383517052729482,-0.002475360224647834,-0.07818372995771126,0.004466285618627196,-0.07568101881725985,0.04994932934641838,ACTIVE
1,X+,7.6000000000000005,0.9290980750805916,-0.002718100139261421,-0.07567491371066662,0.9454104729782474,0.0009550988578547063,-0.07705382956777539,0.9463460260602994,-0.0023813771321826386,-0.08111675806354474,0.07999999999999986,-0.010000000000000134,-0.057894736842105256,0.9474850206149565,-0.0027452872581231365,-0.08213459696342308,0.9383517052729482,-0.002475360224647834,-0.07818372995771126,0.004466285618627196,-0.07568101881725985,0.04994932934641838,ACTIVE
1,X+,7.6000000000000005,0.9290980750805916,-0.002718100139261421,-0.07567491371066662,0.9454104729782474,0.0009550988578547063,-0.07705382956777539,0.9463460260602994,-0.0023813771321826386,-0.08111675806354474,0.07999999999999986,-0.010000000000000134,-0.057894736842105256,0.9474850206149565,-0.0027452872581231365,-0.08213459696342308,0.9383517052729482,-0.002475360224647834,-0.07818372995771126,0.004466285618627196,-0.07568101881725985,0.04994932934641838,ACTIVE
1,X+,7.7,0.9285120589392238,-0.002729676187450715,-0.07548258432470245,0.9542258216437053,-0.0005106268817347413,-0.07766821270156131,0.952117659364122,-0.0022086813050021747,-0.0825355294731247,0.07999999999999986,-0.010000000000000134,-0.057894736842105256,0.9560849269582276,-0.001572068813224866,-0.0818799236650607,0.945630932817459,-0.0017200551338240088,-0.0779228859999237,0.006501381555843343,-0.0754866922353073,0.04994932934641838,ACTIVE
1,X+,7.7,0.9283482925995958,-0.0027070176961698864,-0.07540713053448383,0.9542258216437053,-0.0005106268817347413,-0.07766821270156131,0.952117659364122,-0.0022086813050021747,-0.0825355294731247,0.07999999999999986,-0.010000000000000134,-0.06842105263157894,0.9560849269582276,-0.001572068813224866,-0.0818799236650607,0.945630932817459,-0.0017200551338240088,-0.0779228859999237,0.006213276308030328,-0.07544418448855868,0.04994932934641838,ACTIVE
1,X+,7.7,0.9283482925995958,-0.0027070176961698864,-0.07540713053448383,0.9542258216437053,-0.0005106268817347413,-0.07766821270156131,0.952117659364122,-0.0022086813050021747,-0.0825355294731247,0.07999999999999986,-0.010000000000000134,-0.06842105263157894,0.9560849269582276,-0.001572068813224866,-0.0818799236650607,0.945630932817459,-0.0017200551338240088,-0.0779228859999237,0.006213276308030328,-0.07544418448855868,0.04994932934641838,ACTIVE
1,X+,7.7,0.9283482925995958,-0.0027070176961698864,-0.07540713053448383,0.9542258216437053,-0.0005106268817347413,-0.07766821270156131,0.952117659364122,-0.0022086813050021747,-0.0825355294731247,0.07999999999999986,-0.010000000000000134,-0.06842105263157894,0.9560849269582276,-0.001572068813224866,-0.0818799236650607,0.945630932817459,-0.0017200551338240088,-0.0779228859999237,0.006213276308030328,-0.07544418448855868,0.04994932934641838,ACTIVE
1,X+,7.7,0.9281933193724679,-0.0026897096378912903,-0.0753354330501605,0.9542258216437053,-0.0005106268817347413,-0.07766821270156131,0.952117659364122,-0.0022086813050021747,-0.0825355294731247,0.07999999999999986,-0.010000000000000134,-0.06842105263157894,0.9560849269582276,-0.001572068813224866,-0.0818799236650607,0.945630932817459,-0.0017200551338240088,-0.0779228859999237,0.004117994719280528,-0.0753158657779928,0.04994932934641838,ACTIVE
1,X+,7.800000000000001,0.9276982974150095,-0.002626515217870981,-0.07503798378244265,0.9564605513512326,-0.0010792467424777887,-0.07696466583580319,0.9598876376788906,-0.0031930011471147128,-0.08597449277533563,0.07999999999999986,-0.010000000000000134,-0.06842105263157894,0.9614127849747324,-0.0010828722853055755,-0.08153488945206133,0.9511349847057089,-0.0015927875792625,-0.07730970004880255,0.008833497937461793,-0.0750568211175572,0.04994932934641838,ACTIVE
1,X+,7.800000000000001,0.927635208249429,-0.002613572848819549,-0.07497288584843183,0.9564605513512326,-0.0010792467424777887,-0.07696466583580319,0.9598876376788906,-0.0031930011471147128,-0.08597449277533563,0.07999999999999986,-0.010000000000000134,-0.06842105263157894,0.9614127849747324,-0.0010828722853055755,-0.08153488945206133,0.9511349847057089,-0.0015927875792625,-0.07730970004880255,0.012118355525367967,-0.07499811103121198,0.04994932934641838,ACTIVE
1,X+,7.800000000000001,0.927635208249429,-0.002613572848819549,-0.07497288584843183,0.9564605513512326,-0.0010792467424777887,-0.07696466583580319,0.9598876376788906,-0.0031930011471147128,-0.08597449277533563,0.07999999999999986,-0.010000000000000134,-0.06842105263157894,0.9614127849747324,-0.0010828722853055755,-0.08153488945206133,0.9511349847057089,-0.0015927875792625,-0.07730970004880255,0.012118355525367967,-0.07499811103121198,0.04994932934641838,ACTIVE
1,X+,7.800000000000001,0.927635208249429,-0.002613572848819549,-0.07497288584843183,0.9564605513512326,-0.0010792467424777887,-0.07696466583580319,0.9598876376788906,-0.0031930011471147128,-0.08597449277533563,0.07999999999999986,-0.010000000000000134,-0.06842105263157894,0.9614127849747324,-0.0010828722853055755,-0.08153488945206133,0.9511349847057089,-0.0015927875792625,-0.07730970004880255,0.012118355525367967,-0.07499811103121198,0.04994932934641838,ACTIVE
1,X+,7.800000000000001,0.9276152152792824,-0.0026097325286139252,-0.07495401704188472,0.9564605513512326,-0.0010792467424777887,-0.07696466583580319,0.9598876376788906,-0.0031930011471147128,-0.08597449277533563,0.07999999999999986,-0.010000000000000134,-0.06842105263157894,0.9614127849747324,-0.0010828722853055755,-0.08153488945206133,0.9511349847057089,-0.0015927875792625,-0.07730970004880255,0.007856217288053535,-0.07494942349080039,0.04994932934641838,ACTIVE
1,X+,7.9,0.9273629208819992,-0.0025636175672990313,-0.07470362841350126,0.9591704604299242,-0.0038867143227064704,-0.076540563490354,0.9675362842733116,-0.004835653055312784,-0.09262877143790223,0.07999999999999986,-0.010000000000000134,-0.06842105263157894,0.9679580056920843,-0.0039263810756865495,-0.0863843442489114,0.9591704604299242,-0.0038867143227064613,-0.07654056349035399,0.00380630837424901,-0.07471474629996785,0.04994932934641838,ACTIVE
1,X+,7.9,0.9272979854519342,-0.0025524026687265278,-0.07463601010446202,0.9591704604299242,-0.0038867143227064704,-0.076540563490354,0.9675362842733116,-0.004835653055312784,-0.09262877143790223,0.034999999999999865,-0.010000000000000134,-0.047368421052631574,0.9679580056920843,-0.0039263810756865495,-0.0863843442489114,0.9591704604299242,-0.0038867143227064613,-0.07654056349035399,0.0030595059785079246,-0.0746399808443487,0.04994932934641838,ACTIVE
1,X+,7.9,0.9272979854519342,-0.0025524026687265278,-0.07463601010446202,0.9591704604299242,-0.0038867143227064704,-0.076540563490354,0.9675362842733116,-0.004835653055312784,-0.09262877143790223,0.034999999999999865,-0.010000000000000134,-0.047368421052631574,0.9679580056920843,-0.0039263810756865495,-0.0863843442489114,0.9591704604299242,-0.0038867143227064613,-0.07654056349035399,0.0030595059785079246,-0.0746399808443487,0.04994932934641838,ACTIVE
1,X+,7.9,0.9272979854519342,-0.0025524026687265278,-0.07463601010446202,0.9591704604299242,-0.0038867143227064704,-0.076540563490354,0.9675362842733116,-0.004835653055312784,-0.09262877143790223,0.034999999999999865,-0.010000000000000134,-0.047368421052631574,0.9679580056920843,-0.0039263810756865495,-0.0863843442489114,0.9591704604299242,-0.0038867143227064613,-0.07654056349035399,0.0030595059785079246,-0.0746399808443487,0.04994932934641838,ACTIVE
1,X+,7.9,0.9272979854519342,-0.0025524026687265278,-0.07463601010446202,0.9591704604299242,-0.0038867143227064704,-0.076540563490354,0.9675362842733116,-0.004835653055312784,-0.09262877143790223,0.034999999999999865,-0.010000000000000134,-0.047368421052631574,0.9679580056920843,-0.0039263810756865495,-0.0863843442489114,0.9591704604299242,-0.0038867143227064613,-0.07654056349035399,0.0030595059785079246,-0.0746399808443487,0.04994932934641838,ACTIVE
1,X+,8.0,0.9272244099628858,-0.002539204920628013,-0.07454001308619056,0.9729446548312409,-0.006310902861713314,-0.08064604735666096,0.9753295715996699,-0.0065574521675362315,-0.09940821935027955,0.034999999999999865,0.034999999999999865,-0.047368421052631574,0.9753588052497864,-0.005674080678902269,-0.09115348342805651,0.9659714750225061,-0.004739256772849507,-0.0761630565282645,0.004985626470050935,-0.07455196412853114,0.04994932934641838,ACTIVE
1,X+,8.0,0.9271234702037835,-0.0025072190702735628,-0.07437782285458046,0.9729446548312409,-0.006310902861713314,-0.08064604735666096,0.9753295715996699,-0.0065574521675362315,-0.09940821935027955,0.034999999999999865,0.034999999999999865,-0.047368421052631574,0.9753588052497864,-0.005674080678902269,-0.09115348342805651,0.9659714750225061,-0.004739256772849507,-0.0761630565282645,0.009027425619360152,-0.07442282163165802,0.04994932934641838,ACTIVE
1,X+,8.0,0.9271234702037835,-0.0025072190702735628,-0.07437782285458046,0.9729446548312409,-0.006310902861713314,-0.08064604735666096,0.9753295715996699,-0.0065574521675362315,-0.09940821935027955,0.034999999999999865,0.034999999999999865,0.1,0.9753588052497864,-0.005674080678902269,-0.09115348342805651,0.9659714750225061,-0.004739256772849507,-0.0761630565282645,0.009027425619360152,-0.07442282163165802,0.04994932934641838,ACTIVE
1,X+,8.0,0.9271234702037835,-0.0025072190702735628,-0.07437782285458046,0.9729446548312409,-0.006310902861713314,-0.08064604735666096,0.9753295715996699,-0.0065574521675362315,-0.09940821935027955,0.034999999999999865,0.034999999999999865,0.1,0.9753588052497864,-0.005674080678902269,-0.09115348342805651,0.9659714750225061,-0.004739256772849507,-0.0761630565282645,0.009027425619360152,-0.07442282163165802,0.04994932934641838,ACTIVE
1,X+,8.0,0.9269449739757971,-0.0024453672393921783,-0.0741277978370519,0.9729446548312409,-0.006310902861713314,-0.08064604735666096,0.9753295715996699,-0.0065574521675362315,-0.09940821935027955,0.034999999999999865,0.034999999999999865,0.1,0.9753588052497864,-0.005674080678902269,-0.09115348342805651,0.9659714750225061,-0.004739256772849507,-0.0761630565282645,0.01512484555434763,-0.07411831016913467,0.04994932934641838,ACTIVE
1,X+,8.1,0.9263562246690539,-0.0021577772131592572,-0.07299789068030774,0.9805245809436508,-0.007148630139147308,-0.07467078685270458,0.9804299052833299,-0.008415516694559335,-0.10600078032645663,0.034999999999999865,0.034999999999999865,0.1,0.9813402395587691,-0.007259018392969753,-0.09410031594543034,0.9739201787720537,-0.006578970400595504,-0.07540956908478559,0.0306704683863915,-0.07307917467606263,0.0,ACTIVE
1,X+,8.1,0.9262735228874894,-0.0021141378149882525,-0.07282656210304371,0.9805245809436508,-0.007148630139147308,-0.07467078685270458,0.9804299052833299,-0.008415516694559335,-0.10600078032645663,0.034999999999999865,0.034999999999999865,0.1,0.9813402395587691,-0.007259018392969753,-0.09410031594543034,0.9739201787720537,-0.006578970400595504,-0.07540956908478559,0.0306704683863915,-0.07307917467606263,0.0,ACTIVE
1,X+,8.1,0.9262735228874894,-0.0021141378149882525,-0.07282656210304371,0.9805245809436508,-0.007148630139147308,-0.07467078685270458,0.9804299052833299,-0.008415516694559335,-0.10600078032645663,0.034999999999999865,0.034999999999999865,0.1,0.9813402395587691,-0.007259018392969753,-0.09410031594543034,0.9739201787720537,-0.006578970400595504,-0.07540956908478559,0.0306704683863915,-0.07307917467606263,0.0,ACTIVE
1,X+,8.1,0.9262735228874894,-0.0021141378149882525,-0.07282656210304371,0.9805245809436508,-0.007148630139147308,-0.07467078685270458,0.9804299052833299,-0.008415516694559335,-0.10600078032645663,0.034999999999999865,0.034999999999999865,0.1,0.9813402395587691,-0.007259018392969753,-0.09410031594543034,0.9739201787720537,-0.006578970400595504,-0.07540956908478559,0.0306704683863915,-0.07307917467606263,0.0,ACTIVE
1,X+,8.1,0.9255309484505676,-0.0017185339882621001,-0.07127117196749304,0.9805245809436508,-0.007148630139147308,-0.07467078685270458,0.9804299052833299,-0.008415516694559335,-0.10600078032645663,0.034999999999999865,0.034999999999999865,0.1,0.9813402395587691,-0.007259018392969753,-0.09410031594543034,0.9739201787720537,-0.006578970400595504,-0.07540956908478559,0.04433299387696315,-0.07127117196749304,0.0,ACTIVE
1,X+,8.200000000000001,0.9243640429819531,-0.0008783047870351852,-0.06806264580278917,0.9827684339267303,-0.010156626528354216,-0.07563889315501197,0.9837570550980078,-0.009486120432802255,-0.11059539147138815,0.0,0.0,0.1,0.9854200793552511,-0.009001287763951924,-0.0974268882066669,0.9786928276526601,-0.008520049314229337,-0.0723455866163878,0.07659968681193126,-0.06828218995129119,0.0,ACTIVE
1,X+,8.200000000000001,0.9243640429819531,-0.0008783047870351852,-0.06806264580278917,0.9827684339267303,-0.010156626528354216,-0.07563889315501197,0.9837570550980078,-0.009486120432802255,-0.11059539147138815,0.0,0.0,0.1,0.9854200793552511,-0.009001287763951924,-0.0974268882066669,0.9786928276526601,-0.008520049314229337,-0.0723455866163878,0.07659968681193126,-0.06828218995129119,0.0,ACTIVE
1,X+,8.200000000000001,0.9243640429819531,-0.0008783047870351852,-0.06806264580278917,0.9827684339267303,-0.010156626528354216,-0.07563889315501197,0.9837570550980078,-0.009486120432802255,-0.11059539147138815,0.0,0.0,0.1,0.9854200793552511,-0.009001287763951924,-0.0974268882066669,0.9786928276526601,-0.008520049314229337,-0.0723455866163878,0.07659968681193126,-0.06828218995129119,0.0,ACTIVE
1,X+,8.200000000000001,0.9243640429819531,-0.0008783047870351852,-0.06806264580278917,0.9827684339267303,-0.010156626528354216,-0.07563889315501197,0.9837570550980078,-0.009486120432802255,-0.11059539147138815,0.0,0.0,0.1,0.9854200793552511,-0.009001287763951924,-0.0974268882066669,0.9786928276526601,-0.008520049314229337,-0.0723455866163878,0.07659968681193126,-0.06828218995129119,0.0,ACTIVE
1,X+,8.200000000000001,0.923013167480196,0.00026064447327422274,-0.06377465701422014,0.9827684339267303,-0.010156626528354216,-0.07563889315501197,0.9837570550980078,-0.009486120432802255,-0.11059539147138815,0.0,0.0,0.1,0.9854200793552511,-0.009001287763951924,-0.0974268882066669,0.9786928276526601,-0.008520049314229337,-0.0723455866163878,0.0932444879423307,-0.06396168497991615,0.0,ACTIVE
1,X+,8.3,0.9219605391779531,0.0015077751595737625,-0.05828542558757763,0.9849271553970135,-0.010465768605289964,-0.06143063728264015,0.9859030514019674,-0.009282595915454425,-0.11122285142844003,0.0,0.0,0.057894736842105256,0.9891211048516763,-0.010163465861395347,-0.09325931594184357,0.9811910200837485,-0.00942195800161776,-0.06559820954746344,0.11881764145682014,-0.05828542558757763,0.0,ACTIVE
1,X+,8.3,0.9219605391779531,0.0015077751595737625,-0.05828542558757763,0.9849271553970135,-0.010465768605289964,-0.06143063728264015,0.9859030514019674,-0.009282595915454425,-0.11122285142844003,0.0,0.0,0.057894736842105256,0.9891211048516763,-0.010163465861395347,-0.09325931594184357,0.9811910200837485,-0.00942195800161776,-0.06559820954746344,0.11881764145682014,-0.05828542558757763,0.0,ACTIVE
1,X+,8.3,0.9219605391779531,0.0015077751595737625,-0.05828542558757763,0.9849271553970135,-0.010465768605289964,-0.06143063728264015,0.9859030514019674,-0.009282595915454425,-0.11122285142844003,0.0,0.0,0.057894736842105256,0.9891211048516763,-0.010163465861395347,-0.09325931594184357,0.9811910200837485,-0.00942195800161776,-0.06559820954746344,0.11881764145682014,-0.05828542558757763,0.0,ACTIVE
1,X+,8.3,0.9219605391779531,0.0015077751595737625,-0.05828542558757763,0.9849271553970135,-0.010465768605289964,-0.06143063728264015,0.9859030514019674,-0.009282595915454425,-0.11122285142844003,0.0,0.0,0.057894736842105256,0.9891211048516763,-0.010163465861395347,-0.09325931594184357,0.9811910200837485,-0.00942195800161776,-0.06559820954746344,0.11881764145682014,-0.05828542558757763,0.0,ACTIVE
1,X+,8.3,0.9207833948187877,0.003130113191260544,-0.05115841635940488,0.9821043921855169,-0.007533367520961683,-0.05706985349095303,0.9871955528501531,-0.007991537522015429,-0.11007761032106485,0.0,0.0,0.057894736842105256,0.9884725844589503,-0.008690301624938845,-0.09655228039258912,0.9827770324541973,-0.008911662418898316,-0.05393221755203514,0.12586111804470945,-0.04994877493074727,0.0,ACTIVE
1,X+,8.4,0.9203871918825388,0.004192559186849646,-0.0463348781796872,0.9821043921855169,-0.007533367520961683,-0.05706985349095303,0.9871955528501531,-0.007991537522015429,-0.11007761032106485,0.0,0.0,0.057894736842105256,0.9884725844589503,-0.008690301624938845,-0.09655228039258912,0.9827770324541973,-0.008911662418898316,-0.05393221755203514,0.11503701323513552,-0.04724876532347981,0.0,ACTIVE
1,X+,8.4,0.9203871918825388,0.004192559186849646,-0.0463348781796872,0.9821043921855169,-0.007533367520961683,-0.05706985349095303,0.9871955528501531,-0.007991537522015429,-0.11007761032106485,0.0,0.0,0.057894736842105256,0.9884725844589503,-0.008690301624938845,-0.09655228039258912,0.9827770324541973,-0.008911662418898316,-0.05393221755203514,0.11503701323513552,-0.04724876532347981,0.0,ACTIVE
1,X+,8.4,0.9203871918825388,0.004192559186849646,-0.0463348781796872,0.9821043921855169,-0.007533367520961683,-0.05706985349095303,0.9871955528501531,-0.007991537522015429,-0.11007761032106485,0.0,0.0,0.057894736842105256,0.9884725844589503,-0.008690301624938845,-0.09655228039258912,0.9827770324541973,-0.008911662418898316,-0.05393221755203514,0.11503701323513552,-0.04724876532347981,0.0,ACTIVE
1,X+,8.4,0.9203871918825388,0.004192559186849646,-0.0463348781796872,0.9821043921855169,-0.007533367520961683,-0.05706985349095303,0.9871955528501531,-0.007991537522015429,-0.11007761032106485,0.0,0.0,0.057894736842105256,0.9884725844589503,-0.008690301624938845,-0.09655228039258912,0.9827770324541973,-0.008911662418898316,-0.05393221755203514,0.11503701323513552,-0.04724876532347981,0.0,ACTIVE
1,X+,8.4,0.9200622345342419,0.005591461323424729,-0.04034215678442278,0.9856027097555322,-0.007138257366975043,-0.030451782113412044,0.9892359033671604,-0.006099134851851335,-0.111119265288045,0.0,0.0,0.057894736842105256,0.9905619530676378,-0.00872654202138378,-0.08511579743711463,0.9835144819886416,-0.007216227507986985,-0.041888265068886536,0.10489908403450018,-0.03952316623260514,0.0,ACTIVE
1,X+,8.5,0.9201567253185506,0.0066719700022234195,-0.03618864700520261,0.9856027097555322,-0.007138257366975043,-0.030451782113412044,0.9892359033671604,-0.006099134851851335,-0.111119265288045,0.0,0.0,0.02631578947368421,0.9905619530676378,-0.00872654202138378,-0.08511579743711463,0.9835144819886416,-0.007216227507986985,-0.041888265068886536,0.07674771030130287,-0.03679197485893103,0.0,ACTIVE
1,X+,8.5,,,,,,,,,,0.0,0.0,0.0,,,,,,,,,0.0,SUCCEEDED
