[INFO] [launch]: All log files can be found below /home/yahboom/.ros/log/2026-09-17-15-27-03-348769-yahboom-virtual-machine-113615
[INFO] [launch]: Default logging verbosity is set to INFO
[INFO] [gzserver-1]: process started with pid [113685]
[INFO] [robot_state_publisher-2]: process started with pid [113687]
[INFO] [spawn_entity.py-3]: process started with pid [113689]
[INFO] [ekf_node-4]: process started with pid [113691]
[INFO] [v30e_sim_node-5]: process started with pid [113693]
[INFO] [ekf_node-6]: process started with pid [113703]
[INFO] [map_server-7]: process started with pid [113705]
[INFO] [controller_server-8]: process started with pid [113707]
[INFO] [planner_server-9]: process started with pid [113710]
[INFO] [behavior_server-10]: process started with pid [113713]
[INFO] [bt_navigator-11]: process started with pid [113718]
[INFO] [waypoint_follower-12]: process started with pid [113720]
[INFO] [lifecycle_manager-13]: process started with pid [113723]
[INFO] [swerve_bridge_node-14]: process started with pid [113728]
[robot_state_publisher-2] [INFO] [1789630027.795056893] [robot_state_publisher]: got segment base_footprint
[robot_state_publisher-2] [INFO] [1789630027.795146288] [robot_state_publisher]: got segment base_link
[robot_state_publisher-2] [INFO] [1789630027.795151331] [robot_state_publisher]: got segment imu_link
[robot_state_publisher-2] [INFO] [1789630027.795153924] [robot_state_publisher]: got segment lidar_link
[robot_state_publisher-2] [INFO] [1789630027.795156317] [robot_state_publisher]: got segment steer_front_link
[robot_state_publisher-2] [INFO] [1789630027.795158993] [robot_state_publisher]: got segment steer_rear_link
[robot_state_publisher-2] [INFO] [1789630027.795161440] [robot_state_publisher]: got segment v30e_link
[robot_state_publisher-2] [INFO] [1789630027.795163731] [robot_state_publisher]: got segment wheel_front_drive_link
[robot_state_publisher-2] [INFO] [1789630027.795166248] [robot_state_publisher]: got segment wheel_front_left_link
[robot_state_publisher-2] [INFO] [1789630027.795168549] [robot_state_publisher]: got segment wheel_front_right_link
[robot_state_publisher-2] [INFO] [1789630027.795170749] [robot_state_publisher]: got segment wheel_rear_drive_link
[robot_state_publisher-2] [INFO] [1789630027.795173081] [robot_state_publisher]: got segment wheel_rear_left_link
[robot_state_publisher-2] [INFO] [1789630027.795175379] [robot_state_publisher]: got segment wheel_rear_right_link
[map_server-7] [INFO] [1789630027.884248788] [map_server]: 
[map_server-7] 	map_server lifecycle node launched. 
[map_server-7] 	Waiting on external lifecycle transitions to activate
[map_server-7] 	See https://design.ros2.org/articles/node_lifecycle.html for more information.
[map_server-7] [INFO] [1789630027.884428807] [map_server]: Creating
[planner_server-9] [INFO] [1789630028.034471615] [planner_server]: 
[planner_server-9] 	planner_server lifecycle node launched. 
[planner_server-9] 	Waiting on external lifecycle transitions to activate
[planner_server-9] 	See https://design.ros2.org/articles/node_lifecycle.html for more information.
[planner_server-9] [INFO] [1789630028.035240252] [planner_server]: Creating
[behavior_server-10] [INFO] [1789630028.049759387] [behavior_server]: 
[behavior_server-10] 	behavior_server lifecycle node launched. 
[behavior_server-10] 	Waiting on external lifecycle transitions to activate
[behavior_server-10] 	See https://design.ros2.org/articles/node_lifecycle.html for more information.
[lifecycle_manager-13] [INFO] [1789630028.073671390] [lifecycle_manager_navigation]: Creating
[lifecycle_manager-13] [INFO] [1789630028.107969873] [lifecycle_manager_navigation]: [34m[1mCreating and initializing lifecycle service clients[0m[0m
[bt_navigator-11] [INFO] [1789630028.129181733] [bt_navigator]: 
[bt_navigator-11] 	bt_navigator lifecycle node launched. 
[bt_navigator-11] 	Waiting on external lifecycle transitions to activate
[bt_navigator-11] 	See https://design.ros2.org/articles/node_lifecycle.html for more information.
[bt_navigator-11] [INFO] [1789630028.129394779] [bt_navigator]: Creating
[controller_server-8] [INFO] [1789630028.398288291] [controller_server]: 
[controller_server-8] 	controller_server lifecycle node launched. 
[controller_server-8] 	Waiting on external lifecycle transitions to activate
[controller_server-8] 	See https://design.ros2.org/articles/node_lifecycle.html for more information.
[waypoint_follower-12] [INFO] [1789630028.398474827] [waypoint_follower]: 
[waypoint_follower-12] 	waypoint_follower lifecycle node launched. 
[waypoint_follower-12] 	Waiting on external lifecycle transitions to activate
[waypoint_follower-12] 	See https://design.ros2.org/articles/node_lifecycle.html for more information.
[waypoint_follower-12] [INFO] [1789630028.399116104] [waypoint_follower]: Creating
[controller_server-8] [INFO] [1789630028.412359014] [controller_server]: Creating controller server
[planner_server-9] [INFO] [1789630028.665918281] [global_costmap.global_costmap]: 
[planner_server-9] 	global_costmap lifecycle node launched. 
[planner_server-9] 	Waiting on external lifecycle transitions to activate
[planner_server-9] 	See https://design.ros2.org/articles/node_lifecycle.html for more information.
[planner_server-9] [INFO] [1789630028.666573332] [global_costmap.global_costmap]: Creating Costmap
[lifecycle_manager-13] [INFO] [1789630028.870145165] [lifecycle_manager_navigation]: [34m[1mStarting managed nodes bringup...[0m[0m
[lifecycle_manager-13] [INFO] [1789630028.870190526] [lifecycle_manager_navigation]: [34m[1mConfiguring map_server[0m[0m
[map_server-7] [INFO] [1789630028.885625818] [map_server]: Configuring
[map_server-7] [INFO] [1789630028.885748736] [map_io]: Loading yaml file: /home/yahboom/swerve_bringup/install/swerve_bringup/share/swerve_bringup/swerve_navigation/maps/warehouse.yaml
[map_server-7] [INFO] [1789630028.886065909] [map_io]: resolution: 0.05
[map_server-7] [INFO] [1789630028.886081255] [map_io]: origin[0]: -17.2
[map_server-7] [INFO] [1789630028.886087095] [map_io]: origin[1]: -17.4
[map_server-7] [INFO] [1789630028.886092256] [map_io]: origin[2]: 0
[map_server-7] [INFO] [1789630028.886097628] [map_io]: free_thresh: 0.25
[map_server-7] [INFO] [1789630028.886102811] [map_io]: occupied_thresh: 0.65
[map_server-7] [INFO] [1789630028.886108187] [map_io]: mode: trinary
[map_server-7] [INFO] [1789630028.886113881] [map_io]: negate: 0
[map_server-7] [INFO] [1789630028.891480860] [map_io]: Loading image_file: /home/yahboom/swerve_bringup/install/swerve_bringup/share/swerve_bringup/swerve_navigation/maps/warehouse.pgm
[controller_server-8] [INFO] [1789630028.945598297] [local_costmap.local_costmap]: 
[controller_server-8] 	local_costmap lifecycle node launched. 
[controller_server-8] 	Waiting on external lifecycle transitions to activate
[controller_server-8] 	See https://design.ros2.org/articles/node_lifecycle.html for more information.
[controller_server-8] [INFO] [1789630028.946102000] [local_costmap.local_costmap]: Creating Costmap
[map_server-7] [INFO] [1789630029.060681516] [map_io]: Read map /home/yahboom/swerve_bringup/install/swerve_bringup/share/swerve_bringup/swerve_navigation/maps/warehouse.pgm: 676 X 680 map @ 0.05 m/cell
[lifecycle_manager-13] [INFO] [1789630029.230116907] [lifecycle_manager_navigation]: [34m[1mConfiguring controller_server[0m[0m
[controller_server-8] [INFO] [1789630029.231213215] [controller_server]: Configuring controller interface
[controller_server-8] [INFO] [1789630029.348203295] [controller_server]: getting goal checker plugins..
[controller_server-8] [INFO] [1789630029.348346355] [controller_server]: Controller frequency set to 10.0000Hz
[controller_server-8] [INFO] [1789630029.348396240] [local_costmap.local_costmap]: Configuring
[controller_server-8] [INFO] [1789630029.586916865] [local_costmap.local_costmap]: Using plugin "voxel_layer"
[controller_server-8] [INFO] [1789630029.631658536] [local_costmap.local_costmap]: Subscribed to Topics: lidar3d scan
[controller_server-8] [INFO] [1789630030.109878925] [local_costmap.local_costmap]: Initialized plugin "voxel_layer"
[controller_server-8] [INFO] [1789630030.117052969] [local_costmap.local_costmap]: Using plugin "inflation_layer"
[controller_server-8] [INFO] [1789630030.120693456] [local_costmap.local_costmap]: Initialized plugin "inflation_layer"
[spawn_entity.py-3] [INFO] [1789630030.128842288] [spawn_swerve]: Spawn Entity started
[spawn_entity.py-3] [INFO] [1789630030.132734677] [spawn_swerve]: Loading entity published on topic robot_description
[spawn_entity.py-3] [INFO] [1789630030.149163409] [spawn_swerve]: Waiting for entity xml on robot_description
[spawn_entity.py-3] [INFO] [1789630030.167232124] [spawn_swerve]: Waiting for service /spawn_entity, timeout = 30
[spawn_entity.py-3] [INFO] [1789630030.167662600] [spawn_swerve]: Waiting for service /spawn_entity
[swerve_bridge_node-14] [WARN] [1789630030.379433183] [swerve_bridge]: Django websocket disconnected: [Errno 111] Connection refused
[controller_server-8] [INFO] [1789630030.390930096] [controller_server]: Created progress_checker : progress_checker of type nav2_controller::SimpleProgressChecker
[controller_server-8] [INFO] [1789630030.410090921] [controller_server]: Created goal checker : general_goal_checker of type nav2_controller::SimpleGoalChecker
[controller_server-8] [INFO] [1789630030.413472478] [controller_server]: Controller Server has general_goal_checker  goal checkers available.
[controller_server-8] [INFO] [1789630030.417160799] [controller_server]: Created controller : FollowPath of type dwb_core::DWBLocalPlanner
[v30e_sim_node-5] [INFO] [1789630030.442148729] [v30e_sim_node]: Using Gazebo /get_entity_state internally; odometry is not a V30E measurement input
[controller_server-8] [INFO] [1789630030.447180497] [controller_server]: Setting transform_tolerance to 0.200000
[controller_server-8] [INFO] [1789630030.494810346] [controller_server]: Using critic "RotateToGoal" (dwb_critics::RotateToGoalCritic)
[controller_server-8] [INFO] [1789630030.592343307] [controller_server]: Critic plugin initialized
[controller_server-8] [INFO] [1789630030.592485541] [controller_server]: Using critic "Oscillation" (dwb_critics::OscillationCritic)
[controller_server-8] [INFO] [1789630030.592693499] [controller_server]: Critic plugin initialized
[controller_server-8] [INFO] [1789630030.592758353] [controller_server]: Using critic "BaseObstacle" (dwb_critics::BaseObstacleCritic)
[controller_server-8] [INFO] [1789630030.592863890] [controller_server]: Critic plugin initialized
[controller_server-8] [INFO] [1789630030.592920046] [controller_server]: Using critic "GoalAlign" (dwb_critics::GoalAlignCritic)
[controller_server-8] [INFO] [1789630030.593373610] [controller_server]: Critic plugin initialized
[controller_server-8] [INFO] [1789630030.593437277] [controller_server]: Using critic "PathAlign" (dwb_critics::PathAlignCritic)
[controller_server-8] [INFO] [1789630030.593867416] [controller_server]: Critic plugin initialized
[controller_server-8] [INFO] [1789630030.593951628] [controller_server]: Using critic "PathDist" (dwb_critics::PathDistCritic)
[controller_server-8] [INFO] [1789630030.604031194] [controller_server]: Critic plugin initialized
[controller_server-8] [INFO] [1789630030.605057960] [controller_server]: Using critic "GoalDist" (dwb_critics::GoalDistCritic)
[controller_server-8] [INFO] [1789630030.605374929] [controller_server]: Critic plugin initialized
[controller_server-8] [INFO] [1789630030.605395793] [controller_server]: Controller Server has FollowPath  controllers available.
[lifecycle_manager-13] [INFO] [1789630030.764776084] [lifecycle_manager_navigation]: [34m[1mConfiguring planner_server[0m[0m
[planner_server-9] [INFO] [1789630030.765395932] [planner_server]: Configuring
[planner_server-9] [INFO] [1789630030.765457039] [global_costmap.global_costmap]: Configuring
[planner_server-9] [INFO] [1789630030.834603018] [global_costmap.global_costmap]: Using plugin "static_layer"
[planner_server-9] [INFO] [1789630030.858975012] [global_costmap.global_costmap]: Subscribing to the map topic (/map) with transient local durability
[planner_server-9] [INFO] [1789630030.863635598] [global_costmap.global_costmap]: Initialized plugin "static_layer"
[planner_server-9] [INFO] [1789630030.863677686] [global_costmap.global_costmap]: Using plugin "obstacle_layer"
[planner_server-9] [INFO] [1789630030.873082525] [global_costmap.global_costmap]: Subscribed to Topics: scan
[planner_server-9] [INFO] [1789630030.892029360] [global_costmap.global_costmap]: Initialized plugin "obstacle_layer"
[planner_server-9] [INFO] [1789630030.892112220] [global_costmap.global_costmap]: Using plugin "inflation_layer"
[planner_server-9] [INFO] [1789630030.902414842] [global_costmap.global_costmap]: Initialized plugin "inflation_layer"
[planner_server-9] [INFO] [1789630030.991959130] [planner_server]: Created global planner plugin GridBased of type nav2_navfn_planner/NavfnPlanner
[planner_server-9] [INFO] [1789630030.992053508] [planner_server]: Configuring plugin GridBased of type NavfnPlanner
[planner_server-9] [INFO] [1789630030.994858838] [planner_server]: Planner Server has GridBased  planners available.
[lifecycle_manager-13] [INFO] [1789630031.154127908] [lifecycle_manager_navigation]: [34m[1mConfiguring behavior_server[0m[0m
[behavior_server-10] [INFO] [1789630031.157108148] [behavior_server]: Configuring
[behavior_server-10] [INFO] [1789630031.237054269] [behavior_server]: Creating behavior plugin spin of type nav2_behaviors/Spin
[behavior_server-10] [INFO] [1789630031.241121526] [behavior_server]: Configuring spin
[behavior_server-10] [INFO] [1789630031.310033323] [behavior_server]: Creating behavior plugin backup of type nav2_behaviors/BackUp
[behavior_server-10] [INFO] [1789630031.311636101] [behavior_server]: Configuring backup
[behavior_server-10] [INFO] [1789630031.346355657] [behavior_server]: Creating behavior plugin drive_on_heading of type nav2_behaviors/DriveOnHeading
[behavior_server-10] [INFO] [1789630031.352409321] [behavior_server]: Configuring drive_on_heading
[behavior_server-10] [INFO] [1789630031.424748057] [behavior_server]: Creating behavior plugin wait of type nav2_behaviors/Wait
[behavior_server-10] [INFO] [1789630031.425276058] [behavior_server]: Configuring wait
[lifecycle_manager-13] [INFO] [1789630031.536675851] [lifecycle_manager_navigation]: [34m[1mConfiguring bt_navigator[0m[0m
[bt_navigator-11] [INFO] [1789630031.537204247] [bt_navigator]: Configuring
[lifecycle_manager-13] [INFO] [1789630032.101511671] [lifecycle_manager_navigation]: [34m[1mConfiguring waypoint_follower[0m[0m
[waypoint_follower-12] [INFO] [1789630032.102448202] [waypoint_follower]: Configuring
[waypoint_follower-12] [INFO] [1789630032.255194307] [waypoint_follower]: Created waypoint_task_executor : wait_at_waypoint of type nav2_waypoint_follower::WaitAtWaypoint
[waypoint_follower-12] [INFO] [1789630032.255450686] [waypoint_follower]: Waypoint pause duration is set to zero, disabling task executor plugin.
[lifecycle_manager-13] [INFO] [1789630032.260021880] [lifecycle_manager_navigation]: [34m[1mActivating map_server[0m[0m
[map_server-7] [INFO] [1789630032.261399691] [map_server]: Activating
[map_server-7] [INFO] [1789630032.262441503] [map_server]: Creating bond (map_server) to lifecycle manager.
[planner_server-9] [INFO] [1789630032.263676368] [global_costmap.global_costmap]: StaticLayer: Resizing costmap to 676 X 680 at 0.050000 m/pix
[swerve_bridge_node-14] [WARN] [1789630032.382218249] [swerve_bridge]: Django websocket disconnected: [Errno 111] Connection refused
[lifecycle_manager-13] [INFO] [1789630032.388862568] [lifecycle_manager_navigation]: Server map_server connected with bond.
[lifecycle_manager-13] [INFO] [1789630032.388927057] [lifecycle_manager_navigation]: [34m[1mActivating controller_server[0m[0m
[controller_server-8] [INFO] [1789630032.389407963] [controller_server]: Activating
[controller_server-8] [INFO] [1789630032.389470363] [local_costmap.local_costmap]: Activating
[controller_server-8] [INFO] [1789630032.389491430] [local_costmap.local_costmap]: Checking transform
[controller_server-8] [INFO] [1789630032.389527820] [local_costmap.local_costmap]: Timed out waiting for transform from base_footprint to odom to become available, tf error: Invalid frame ID "odom" passed to canTransform argument target_frame - frame does not exist
[controller_server-8] [INFO] [1789630032.889736835] [local_costmap.local_costmap]: Timed out waiting for transform from base_footprint to odom to become available, tf error: Invalid frame ID "odom" passed to canTransform argument target_frame - frame does not exist
[controller_server-8] [INFO] [1789630033.389797127] [local_costmap.local_costmap]: Timed out waiting for transform from base_footprint to odom to become available, tf error: Invalid frame ID "odom" passed to canTransform argument target_frame - frame does not exist
[controller_server-8] [INFO] [1789630033.889876815] [local_costmap.local_costmap]: Timed out waiting for transform from base_footprint to odom to become available, tf error: Invalid frame ID "odom" passed to canTransform argument target_frame - frame does not exist
[swerve_bridge_node-14] [WARN] [1789630034.383028014] [swerve_bridge]: Django websocket disconnected: [Errno 111] Connection refused
[controller_server-8] [INFO] [1789630034.390211631] [local_costmap.local_costmap]: Timed out waiting for transform from base_footprint to odom to become available, tf error: Invalid frame ID "odom" passed to canTransform argument target_frame - frame does not exist
[controller_server-8] [INFO] [1789630034.890624336] [local_costmap.local_costmap]: Timed out waiting for transform from base_footprint to odom to become available, tf error: Invalid frame ID "odom" passed to canTransform argument target_frame - frame does not exist
[controller_server-8] [INFO] [1789630035.393532184] [local_costmap.local_costmap]: Timed out waiting for transform from base_footprint to odom to become available, tf error: Invalid frame ID "odom" passed to canTransform argument target_frame - frame does not exist
[controller_server-8] [INFO] [1789630035.890409032] [local_costmap.local_costmap]: Timed out waiting for transform from base_footprint to odom to become available, tf error: Invalid frame ID "odom" passed to canTransform argument target_frame - frame does not exist
[swerve_bridge_node-14] [WARN] [1789630036.384188353] [swerve_bridge]: Django websocket disconnected: [Errno 111] Connection refused
[controller_server-8] [INFO] [1789630036.389661250] [local_costmap.local_costmap]: Timed out waiting for transform from base_footprint to odom to become available, tf error: Invalid frame ID "odom" passed to canTransform argument target_frame - frame does not exist
[controller_server-8] [INFO] [1789630036.889663311] [local_costmap.local_costmap]: Timed out waiting for transform from base_footprint to odom to become available, tf error: Invalid frame ID "odom" passed to canTransform argument target_frame - frame does not exist
[controller_server-8] [INFO] [1789630037.390425324] [local_costmap.local_costmap]: Timed out waiting for transform from base_footprint to odom to become available, tf error: Invalid frame ID "odom" passed to canTransform argument target_frame - frame does not exist
[spawn_entity.py-3] [INFO] [1789630037.659032656] [spawn_swerve]: Calling service /spawn_entity
[controller_server-8] [INFO] [1789630037.890949538] [local_costmap.local_costmap]: Timed out waiting for transform from base_footprint to odom to become available, tf error: Invalid frame ID "odom" passed to canTransform argument target_frame - frame does not exist
[gzserver-1] [INFO] [1789630038.258689831] [gazebo_ros_state]: Publishing states of gazebo models at [/model_states]
[gzserver-1] [INFO] [1789630038.269650260] [gazebo_ros_state]: Publishing states of gazebo links at [/link_states]
[gzserver-1] [ERROR] [1789630038.298295518] [gazebo_ros_state]: GetEntityState: entity [swerve_base] does not exist
[swerve_bridge_node-14] [WARN] [1789630038.385383148] [swerve_bridge]: Django websocket disconnected: [Errno 111] Connection refused
[controller_server-8] [INFO] [1789630038.390404403] [local_costmap.local_costmap]: Timed out waiting for transform from base_footprint to odom to become available, tf error: Invalid frame ID "odom" passed to canTransform argument target_frame - frame does not exist
[gzserver-1] [ERROR] [1789630038.409815885] [gazebo_ros_state]: GetEntityState: entity [swerve_base] does not exist
[gzserver-1] [ERROR] [1789630038.521427517] [gazebo_ros_state]: GetEntityState: entity [swerve_base] does not exist
[gzserver-1] [ERROR] [1789630038.645576238] [gazebo_ros_state]: GetEntityState: entity [swerve_base] does not exist
[gzserver-1] [INFO] [1789630038.789252152] [imu.imu_ros]: <initial_orientation_as_reference> is unset, using default value of false to comply with REP 145 (world as orientation reference)
[controller_server-8] [INFO] [1789630038.892549711] [local_costmap.local_costmap]: Timed out waiting for transform from base_footprint to odom to become available, tf error: Invalid frame ID "odom" passed to canTransform argument target_frame - frame does not exist
[controller_server-8] [INFO] [1789630039.391161779] [local_costmap.local_costmap]: Timed out waiting for transform from base_footprint to odom to become available, tf error: Invalid frame ID "odom" passed to canTransform argument target_frame - frame does not exist
[controller_server-8] [INFO] [1789630039.892122762] [local_costmap.local_costmap]: Timed out waiting for transform from base_footprint to odom to become available, tf error: Invalid frame ID "odom" passed to canTransform argument target_frame - frame does not exist
[swerve_bridge_node-14] [WARN] [1789630040.386784263] [swerve_bridge]: Django websocket disconnected: [Errno 111] Connection refused
[controller_server-8] [INFO] [1789630040.389762790] [local_costmap.local_costmap]: Timed out waiting for transform from base_footprint to odom to become available, tf error: Invalid frame ID "odom" passed to canTransform argument target_frame - frame does not exist
[controller_server-8] [INFO] [1789630040.892019887] [local_costmap.local_costmap]: Timed out waiting for transform from base_footprint to odom to become available, tf error: Invalid frame ID "odom" passed to canTransform argument target_frame - frame does not exist
[controller_server-8] [INFO] [1789630041.390376702] [local_costmap.local_costmap]: Timed out waiting for transform from base_footprint to odom to become available, tf error: Invalid frame ID "odom" passed to canTransform argument target_frame - frame does not exist
[controller_server-8] [INFO] [1789630041.891132478] [local_costmap.local_costmap]: Timed out waiting for transform from base_footprint to odom to become available, tf error: Invalid frame ID "odom" passed to canTransform argument target_frame - frame does not exist
[swerve_bridge_node-14] [WARN] [1789630042.388761193] [swerve_bridge]: Django websocket disconnected: [Errno 111] Connection refused
[controller_server-8] [INFO] [1789630042.389789300] [local_costmap.local_costmap]: Timed out waiting for transform from base_footprint to odom to become available, tf error: Invalid frame ID "odom" passed to canTransform argument target_frame - frame does not exist
[controller_server-8] [INFO] [1789630042.889636299] [local_costmap.local_costmap]: Timed out waiting for transform from base_footprint to odom to become available, tf error: Invalid frame ID "odom" passed to canTransform argument target_frame - frame does not exist
[controller_server-8] [INFO] [1789630043.390466271] [local_costmap.local_costmap]: Timed out waiting for transform from base_footprint to odom to become available, tf error: Invalid frame ID "odom" passed to canTransform argument target_frame - frame does not exist
[controller_server-8] [INFO] [1789630043.889627178] [local_costmap.local_costmap]: Timed out waiting for transform from base_footprint to odom to become available, tf error: Invalid frame ID "odom" passed to canTransform argument target_frame - frame does not exist
[controller_server-8] [INFO] [1789630044.389734298] [local_costmap.local_costmap]: Timed out waiting for transform from base_footprint to odom to become available, tf error: Invalid frame ID "odom" passed to canTransform argument target_frame - frame does not exist
[swerve_bridge_node-14] [WARN] [1789630044.394078965] [swerve_bridge]: Django websocket disconnected: [Errno 111] Connection refused
[controller_server-8] [INFO] [1789630044.889716951] [local_costmap.local_costmap]: Timed out waiting for transform from base_footprint to odom to become available, tf error: Invalid frame ID "odom" passed to canTransform argument target_frame - frame does not exist
[controller_server-8] [INFO] [1789630045.389619523] [local_costmap.local_costmap]: Timed out waiting for transform from base_footprint to odom to become available, tf error: Invalid frame ID "odom" passed to canTransform argument target_frame - frame does not exist
[controller_server-8] [INFO] [1789630045.891134009] [local_costmap.local_costmap]: Timed out waiting for transform from base_footprint to odom to become available, tf error: Invalid frame ID "odom" passed to canTransform argument target_frame - frame does not exist
[controller_server-8] [INFO] [1789630046.395053634] [local_costmap.local_costmap]: Timed out waiting for transform from base_footprint to odom to become available, tf error: Invalid frame ID "odom" passed to canTransform argument target_frame - frame does not exist
[swerve_bridge_node-14] [WARN] [1789630046.395988654] [swerve_bridge]: Django websocket disconnected: [Errno 111] Connection refused
[controller_server-8] [INFO] [1789630046.891041927] [local_costmap.local_costmap]: Timed out waiting for transform from base_footprint to odom to become available, tf error: Invalid frame ID "odom" passed to canTransform argument target_frame - frame does not exist
[controller_server-8] [INFO] [1789630047.390225494] [local_costmap.local_costmap]: Timed out waiting for transform from base_footprint to odom to become available, tf error: Invalid frame ID "odom" passed to canTransform argument target_frame - frame does not exist
[controller_server-8] [INFO] [1789630047.889757808] [local_costmap.local_costmap]: Timed out waiting for transform from base_footprint to odom to become available, tf error: Invalid frame ID "odom" passed to canTransform argument target_frame - frame does not exist
[controller_server-8] [INFO] [1789630048.392783223] [local_costmap.local_costmap]: Timed out waiting for transform from base_footprint to odom to become available, tf error: Invalid frame ID "odom" passed to canTransform argument target_frame - frame does not exist
[swerve_bridge_node-14] [WARN] [1789630048.397724683] [swerve_bridge]: Django websocket disconnected: [Errno 111] Connection refused
[controller_server-8] [INFO] [1789630048.889565968] [local_costmap.local_costmap]: Timed out waiting for transform from base_footprint to odom to become available, tf error: Invalid frame ID "odom" passed to canTransform argument target_frame - frame does not exist
[controller_server-8] [INFO] [1789630049.400177220] [local_costmap.local_costmap]: Timed out waiting for transform from base_footprint to odom to become available, tf error: Invalid frame ID "odom" passed to canTransform argument target_frame - frame does not exist
[controller_server-8] [INFO] [1789630049.891467409] [local_costmap.local_costmap]: Timed out waiting for transform from base_footprint to odom to become available, tf error: Invalid frame ID "odom" passed to canTransform argument target_frame - frame does not exist
[controller_server-8] [INFO] [1789630050.389775128] [local_costmap.local_costmap]: Timed out waiting for transform from base_footprint to odom to become available, tf error: Invalid frame ID "odom" passed to canTransform argument target_frame - frame does not exist
[swerve_bridge_node-14] [WARN] [1789630050.398921018] [swerve_bridge]: Django websocket disconnected: [Errno 111] Connection refused
[controller_server-8] [INFO] [1789630050.890628287] [local_costmap.local_costmap]: Timed out waiting for transform from base_footprint to odom to become available, tf error: Invalid frame ID "odom" passed to canTransform argument target_frame - frame does not exist
[controller_server-8] [INFO] [1789630051.390113411] [local_costmap.local_costmap]: Timed out waiting for transform from base_footprint to odom to become available, tf error: Invalid frame ID "odom" passed to canTransform argument target_frame - frame does not exist
[controller_server-8] [INFO] [1789630051.890524202] [local_costmap.local_costmap]: Timed out waiting for transform from base_footprint to odom to become available, tf error: Invalid frame ID "odom" passed to canTransform argument target_frame - frame does not exist
[controller_server-8] [INFO] [1789630052.390577074] [local_costmap.local_costmap]: Timed out waiting for transform from base_footprint to odom to become available, tf error: Invalid frame ID "odom" passed to canTransform argument target_frame - frame does not exist
[swerve_bridge_node-14] [WARN] [1789630052.401722089] [swerve_bridge]: Django websocket disconnected: [Errno 111] Connection refused
[controller_server-8] [INFO] [1789630052.890003641] [local_costmap.local_costmap]: Timed out waiting for transform from base_footprint to odom to become available, tf error: Invalid frame ID "odom" passed to canTransform argument target_frame - frame does not exist
[controller_server-8] [INFO] [1789630053.390372425] [local_costmap.local_costmap]: Timed out waiting for transform from base_footprint to odom to become available, tf error: Invalid frame ID "odom" passed to canTransform argument target_frame - frame does not exist
[controller_server-8] [INFO] [1789630053.890528188] [local_costmap.local_costmap]: Timed out waiting for transform from base_footprint to odom to become available, tf error: Invalid frame ID "odom" passed to canTransform argument target_frame - frame does not exist
[spawn_entity.py-3] [INFO] [1789630054.090241863] [spawn_swerve]: Spawn status: SpawnEntity: Successfully spawned entity [swerve_base]
[controller_server-8] [INFO] [1789630054.391512476] [local_costmap.local_costmap]: Timed out waiting for transform from base_footprint to odom to become available, tf error: Invalid frame ID "odom" passed to canTransform argument target_frame - frame does not exist
[gzserver-1] [INFO] [1789630054.399354363] [gazebo_ros2_control]: Loading gazebo_ros2_control plugin
[swerve_bridge_node-14] [WARN] [1789630054.403452351] [swerve_bridge]: Django websocket disconnected: [Errno 111] Connection refused
[gzserver-1] [INFO] [1789630054.551375202] [gazebo_ros2_control]: Starting gazebo_ros2_control plugin in namespace: /
[gzserver-1] [INFO] [1789630054.555955326] [gazebo_ros2_control]: Starting gazebo_ros2_control plugin in ros 2 node: gazebo_ros2_control
[INFO] [spawn_entity.py-3]: process has finished cleanly [pid 113689]
[INFO] [spawner-15]: process started with pid [114362]
[gzserver-1] [INFO] [1789630054.667462216] [gazebo_ros2_control]: connected to service!! robot_state_publisher
[gzserver-1] [INFO] [1789630054.669500023] [gazebo_ros2_control]: Received urdf from param server, parsing...
[gzserver-1] [INFO] [1789630054.669642509] [gazebo_ros2_control]: Loading parameter files /home/yahboom/swerve_bringup/install/swerve_bringup/share/swerve_bringup/config/controllers.yaml
[gzserver-1] [INFO] [1789630054.715334087] [gazebo_ros2_control]: Loading joint: steer_front_joint
[gzserver-1] [INFO] [1789630054.715408151] [gazebo_ros2_control]: 	State:
[gzserver-1] [INFO] [1789630054.715422658] [gazebo_ros2_control]: 		 position
[gzserver-1] [INFO] [1789630054.715435164] [gazebo_ros2_control]: 		 velocity
[gzserver-1] [INFO] [1789630054.715445482] [gazebo_ros2_control]: 	Command:
[gzserver-1] [INFO] [1789630054.715454651] [gazebo_ros2_control]: 		 position
[gzserver-1] [INFO] [1789630054.723116926] [gazebo_ros2_control]: Loading joint: steer_rear_joint
[gzserver-1] [INFO] [1789630054.723167455] [gazebo_ros2_control]: 	State:
[gzserver-1] [INFO] [1789630054.723178736] [gazebo_ros2_control]: 		 position
[gzserver-1] [INFO] [1789630054.723189334] [gazebo_ros2_control]: 		 velocity
[gzserver-1] [INFO] [1789630054.723198280] [gazebo_ros2_control]: 	Command:
[gzserver-1] [INFO] [1789630054.723207193] [gazebo_ros2_control]: 		 position
[gzserver-1] [INFO] [1789630054.723317243] [gazebo_ros2_control]: Loading joint: wheel_front_drive_joint
[gzserver-1] [INFO] [1789630054.723330446] [gazebo_ros2_control]: 	State:
[gzserver-1] [INFO] [1789630054.723339620] [gazebo_ros2_control]: 		 position
[gzserver-1] [INFO] [1789630054.723348501] [gazebo_ros2_control]: 		 velocity
[gzserver-1] [INFO] [1789630054.723356915] [gazebo_ros2_control]: 	Command:
[gzserver-1] [INFO] [1789630054.723368266] [gazebo_ros2_control]: 		 velocity
[gzserver-1] [INFO] [1789630054.735161386] [gazebo_ros2_control]: Loading joint: wheel_rear_drive_joint
[gzserver-1] [INFO] [1789630054.735240418] [gazebo_ros2_control]: 	State:
[gzserver-1] [INFO] [1789630054.735256512] [gazebo_ros2_control]: 		 position
[gzserver-1] [INFO] [1789630054.735267797] [gazebo_ros2_control]: 		 velocity
[gzserver-1] [INFO] [1789630054.735276764] [gazebo_ros2_control]: 	Command:
[gzserver-1] [INFO] [1789630054.735307627] [gazebo_ros2_control]: 		 velocity
[gzserver-1] [INFO] [1789630054.740294435] [resource_manager]: Initialize hardware 'GazeboSystem' 
[gzserver-1] [INFO] [1789630054.740641071] [resource_manager]: Successful initialization of hardware 'GazeboSystem'
[gzserver-1] [INFO] [1789630054.740800987] [resource_manager]: 'configure' hardware 'GazeboSystem' 
[gzserver-1] [INFO] [1789630054.740818518] [resource_manager]: Successful 'configure' of hardware 'GazeboSystem'
[gzserver-1] [INFO] [1789630054.740827018] [resource_manager]: 'activate' hardware 'GazeboSystem' 
[gzserver-1] [INFO] [1789630054.740852919] [resource_manager]: Successful 'activate' of hardware 'GazeboSystem'
[gzserver-1] [INFO] [1789630054.741032252] [gazebo_ros2_control]: Loading controller_manager
[controller_server-8] [INFO] [1789630054.892652038] [local_costmap.local_costmap]: Timed out waiting for transform from base_footprint to odom to become available, tf error: Invalid frame ID "odom" passed to canTransform argument target_frame - frame does not exist
[gzserver-1] [WARN] [1789630055.091727318] [gazebo_ros2_control]:  Desired controller update period (0.01 s) is slower than the gazebo simulation period (0.001 s).
[gzserver-1] [INFO] [1789630055.095751510] [gazebo_ros2_control]: Loaded gazebo_ros2_control.
[controller_server-8] [INFO] [1789630055.392665262] [local_costmap.local_costmap]: start
[controller_server-8] [INFO] [1789630055.556986891] [controller_server]: Creating bond (controller_server) to lifecycle manager.
[lifecycle_manager-13] [INFO] [1789630055.716524444] [lifecycle_manager_navigation]: Server controller_server connected with bond.
[lifecycle_manager-13] [INFO] [1789630055.716654205] [lifecycle_manager_navigation]: [34m[1mActivating planner_server[0m[0m
[planner_server-9] [INFO] [1789630055.724078164] [planner_server]: Activating
[planner_server-9] [INFO] [1789630055.724148487] [global_costmap.global_costmap]: Activating
[planner_server-9] [INFO] [1789630055.724168675] [global_costmap.global_costmap]: Checking transform
[planner_server-9] [INFO] [1789630055.724347492] [global_costmap.global_costmap]: start
[spawner-15] [INFO] [1789630055.875475923] [spawn_joint_state_broadcaster]: waiting for service /controller_manager/list_controllers to become available...
[planner_server-9] [INFO] [1789630056.285108487] [planner_server]: Activating plugin GridBased of type NavfnPlanner
[planner_server-9] [INFO] [1789630056.290554831] [planner_server]: Creating bond (planner_server) to lifecycle manager.
[swerve_bridge_node-14] [WARN] [1789630056.407080324] [swerve_bridge]: Django websocket disconnected: [Errno 111] Connection refused
[lifecycle_manager-13] [INFO] [1789630056.427422988] [lifecycle_manager_navigation]: Server planner_server connected with bond.
[lifecycle_manager-13] [INFO] [1789630056.427506784] [lifecycle_manager_navigation]: [34m[1mActivating behavior_server[0m[0m
[behavior_server-10] [INFO] [1789630056.428698564] [behavior_server]: Activating
[behavior_server-10] [INFO] [1789630056.428756147] [behavior_server]: Activating spin
[behavior_server-10] [INFO] [1789630056.428779942] [behavior_server]: Activating backup
[behavior_server-10] [INFO] [1789630056.428793430] [behavior_server]: Activating drive_on_heading
[behavior_server-10] [INFO] [1789630056.428804274] [behavior_server]: Activating wait
[behavior_server-10] [INFO] [1789630056.428822660] [behavior_server]: Creating bond (behavior_server) to lifecycle manager.
[lifecycle_manager-13] [INFO] [1789630056.579326091] [lifecycle_manager_navigation]: Server behavior_server connected with bond.
[lifecycle_manager-13] [INFO] [1789630056.579424991] [lifecycle_manager_navigation]: [34m[1mActivating bt_navigator[0m[0m
[bt_navigator-11] [INFO] [1789630056.590738094] [bt_navigator]: Activating
[gzserver-1] [INFO] [1789630057.155002738] [controller_manager]: Loading controller 'joint_state_broadcaster'
[bt_navigator-11] [INFO] [1789630057.597543187] [bt_navigator]: Creating bond (bt_navigator) to lifecycle manager.
[spawner-15] [INFO] [1789630057.626064066] [spawn_joint_state_broadcaster]: [94mLoaded [1mjoint_state_broadcaster[0m
[gzserver-1] [INFO] [1789630057.724474833] [controller_manager]: Configuring controller 'joint_state_broadcaster'
[gzserver-1] [INFO] [1789630057.725172920] [joint_state_broadcaster]: 'joints' or 'interfaces' parameter is empty. All available state interfaces will be published
[lifecycle_manager-13] [INFO] [1789630057.748259802] [lifecycle_manager_navigation]: Server bt_navigator connected with bond.
[lifecycle_manager-13] [INFO] [1789630057.748364932] [lifecycle_manager_navigation]: [34m[1mActivating waypoint_follower[0m[0m
[waypoint_follower-12] [INFO] [1789630057.749697687] [waypoint_follower]: Activating
[waypoint_follower-12] [INFO] [1789630057.749783066] [waypoint_follower]: Creating bond (waypoint_follower) to lifecycle manager.
[lifecycle_manager-13] [INFO] [1789630057.865480302] [lifecycle_manager_navigation]: Server waypoint_follower connected with bond.
[lifecycle_manager-13] [INFO] [1789630057.865544944] [lifecycle_manager_navigation]: [34m[1mManaged nodes are active[0m[0m
[lifecycle_manager-13] [INFO] [1789630057.865561003] [lifecycle_manager_navigation]: [34m[1mCreating bond timer...[0m[0m
[swerve_bridge_node-14] [WARN] [1789630058.411616684] [swerve_bridge]: Django websocket disconnected: [Errno 111] Connection refused
[spawner-15] [INFO] [1789630058.761853229] [spawn_joint_state_broadcaster]: [92mConfigured and activated [1mjoint_state_broadcaster[0m
[INFO] [spawner-15]: process has finished cleanly [pid 114362]
[INFO] [spawner-16]: process started with pid [114446]
[swerve_bridge_node-14] [WARN] [1789630060.428446971] [swerve_bridge]: Django websocket disconnected: [Errno 111] Connection refused
[gzserver-1] [INFO] [1789630061.227184023] [controller_manager]: Loading controller 'steering_controller'
[spawner-16] [INFO] [1789630062.156172116] [spawn_steering_controller]: [94mLoaded [1msteering_controller[0m
[gzserver-1] [INFO] [1789630062.170777712] [controller_manager]: Configuring controller 'steering_controller'
[gzserver-1] [INFO] [1789630062.189859114] [steering_controller]: configure successful
[gzserver-1] [INFO] [1789630062.211178908] [steering_controller]: activate successful
[spawner-16] [INFO] [1789630062.236140922] [spawn_steering_controller]: [92mConfigured and activated [1msteering_controller[0m
[swerve_bridge_node-14] [WARN] [1789630062.432839348] [swerve_bridge]: Django websocket disconnected: [Errno 111] Connection refused
[INFO] [spawner-16]: process has finished cleanly [pid 114446]
[INFO] [spawner-17]: process started with pid [114537]
[spawner-17] [INFO] [1789630063.820047449] [spawn_drive_controller]: waiting for service /controller_manager/list_controllers to become available...
[swerve_bridge_node-14] [WARN] [1789630064.437322371] [swerve_bridge]: Django websocket disconnected: [Errno 111] Connection refused
[gzserver-1] [INFO] [1789630066.335332208] [controller_manager]: Loading controller 'drive_controller'
[swerve_bridge_node-14] [WARN] [1789630066.438723230] [swerve_bridge]: Django websocket disconnected: [Errno 111] Connection refused
[spawner-17] [INFO] [1789630067.323972805] [spawn_drive_controller]: [94mLoaded [1mdrive_controller[0m
[gzserver-1] [INFO] [1789630067.351720068] [controller_manager]: Configuring controller 'drive_controller'
[gzserver-1] [INFO] [1789630067.352423597] [drive_controller]: configure successful
[gzserver-1] [INFO] [1789630067.437472432] [drive_controller]: activate successful
[spawner-17] [INFO] [1789630067.464703321] [spawn_drive_controller]: [92mConfigured and activated [1mdrive_controller[0m
[INFO] [spawner-17]: process has finished cleanly [pid 114537]
[INFO] [swerve_controller_node-18]: process started with pid [114556]
[INFO] [swerve_odometry_node-19]: process started with pid [114558]
[swerve_bridge_node-14] [WARN] [1789630068.439906621] [swerve_bridge]: Django websocket disconnected: [Errno 111] Connection refused
[swerve_bridge_node-14] [WARN] [1789630070.452965291] [swerve_bridge]: Django websocket disconnected: [Errno 111] Connection refused
[swerve_controller_node-18] [INFO] [1789630070.962522078] [swerve_controller]: Swerve controller ready: radius=0.0675 m, modules={'front': (0.300042, 0.0), 'rear': (-0.300042, 0.0)}
[swerve_odometry_node-19] [INFO] [1789630071.166764031] [swerve_odometry]: Encoder odometry ready: radius=0.0637 m, velocity_sign=+1.0
[bt_navigator-11] [INFO] [1789630071.812411482] [bt_navigator]: Begin navigating from current location (0.00, -0.00) to (-1.00, -0.00)
[bt_navigator-11] [WARN] [1789630071.827883157] [BehaviorTreeEngine]: Behavior Tree tick rate 100.00 was exceeded!
[bt_navigator-11] [WARN] [1789630071.832937974] [BehaviorTreeEngine]: Behavior Tree tick rate 100.00 was exceeded!
[bt_navigator-11] [WARN] [1789630071.890172613] [BehaviorTreeEngine]: Behavior Tree tick rate 100.00 was exceeded!
[controller_server-8] [INFO] [1789630071.893332799] [controller_server]: Received a goal, begin computing control effort.
[controller_server-8] [WARN] [1789630071.893406168] [controller_server]: No goal checker was specified in parameter 'current_goal_checker'. Server will use only plugin loaded general_goal_checker . This warning will appear once.
[bt_navigator-11] [WARN] [1789630071.940706141] [BehaviorTreeEngine]: Behavior Tree tick rate 100.00 was exceeded!
[bt_navigator-11] [WARN] [1789630072.029501325] [BehaviorTreeEngine]: Behavior Tree tick rate 100.00 was exceeded!
[bt_navigator-11] [WARN] [1789630072.070160830] [BehaviorTreeEngine]: Behavior Tree tick rate 100.00 was exceeded!
[bt_navigator-11] [WARN] [1789630072.133028676] [BehaviorTreeEngine]: Behavior Tree tick rate 100.00 was exceeded!
[bt_navigator-11] [WARN] [1789630072.287439104] [BehaviorTreeEngine]: Behavior Tree tick rate 100.00 was exceeded!
[bt_navigator-11] [WARN] [1789630072.450643795] [BehaviorTreeEngine]: Behavior Tree tick rate 100.00 was exceeded!
[swerve_bridge_node-14] [WARN] [1789630072.454863638] [swerve_bridge]: Django websocket disconnected: [Errno 111] Connection refused
[bt_navigator-11] [WARN] [1789630072.879131515] [BehaviorTreeEngine]: Behavior Tree tick rate 100.00 was exceeded!
[controller_server-8] [INFO] [1789630072.996192747] [controller_server]: Passing new path to controller.
[bt_navigator-11] [WARN] [1789630073.031331928] [BehaviorTreeEngine]: Behavior Tree tick rate 100.00 was exceeded!
[bt_navigator-11] [WARN] [1789630073.070184939] [BehaviorTreeEngine]: Behavior Tree tick rate 100.00 was exceeded!
[bt_navigator-11] [WARN] [1789630073.173855269] [BehaviorTreeEngine]: Behavior Tree tick rate 100.00 was exceeded!
[bt_navigator-11] [WARN] [1789630073.208416901] [BehaviorTreeEngine]: Behavior Tree tick rate 100.00 was exceeded!
[bt_navigator-11] [WARN] [1789630073.458668106] [BehaviorTreeEngine]: Behavior Tree tick rate 100.00 was exceeded!
[bt_navigator-11] [WARN] [1789630073.477290121] [BehaviorTreeEngine]: Behavior Tree tick rate 100.00 was exceeded!
[bt_navigator-11] [WARN] [1789630073.507753733] [BehaviorTreeEngine]: Behavior Tree tick rate 100.00 was exceeded!
[bt_navigator-11] [WARN] [1789630073.611666537] [BehaviorTreeEngine]: Behavior Tree tick rate 100.00 was exceeded!
[controller_server-8] [INFO] [1789630073.996788929] [controller_server]: Passing new path to controller.
[bt_navigator-11] [WARN] [1789630074.245498804] [BehaviorTreeEngine]: Behavior Tree tick rate 100.00 was exceeded!
[bt_navigator-11] [WARN] [1789630074.422606879] [BehaviorTreeEngine]: Behavior Tree tick rate 100.00 was exceeded!
[swerve_bridge_node-14] [WARN] [1789630074.456208240] [swerve_bridge]: Django websocket disconnected: [Errno 111] Connection refused
[bt_navigator-11] [WARN] [1789630074.733425217] [BehaviorTreeEngine]: Behavior Tree tick rate 100.00 was exceeded!
[bt_navigator-11] [WARN] [1789630074.818117570] [BehaviorTreeEngine]: Behavior Tree tick rate 100.00 was exceeded!
[controller_server-8] [INFO] [1789630074.994805159] [controller_server]: Passing new path to controller.
[bt_navigator-11] [WARN] [1789630075.306092691] [BehaviorTreeEngine]: Behavior Tree tick rate 100.00 was exceeded!
[bt_navigator-11] [WARN] [1789630075.695454301] [BehaviorTreeEngine]: Behavior Tree tick rate 100.00 was exceeded!
[bt_navigator-11] [WARN] [1789630075.847953456] [BehaviorTreeEngine]: Behavior Tree tick rate 100.00 was exceeded!
[bt_navigator-11] [WARN] [1789630075.978446610] [BehaviorTreeEngine]: Behavior Tree tick rate 100.00 was exceeded!
[controller_server-8] [INFO] [1789630076.096921370] [controller_server]: Passing new path to controller.
[bt_navigator-11] [WARN] [1789630076.356712270] [BehaviorTreeEngine]: Behavior Tree tick rate 100.00 was exceeded!
[bt_navigator-11] [WARN] [1789630076.409408029] [BehaviorTreeEngine]: Behavior Tree tick rate 100.00 was exceeded!
[swerve_bridge_node-14] [WARN] [1789630076.457173805] [swerve_bridge]: Django websocket disconnected: [Errno 111] Connection refused
[bt_navigator-11] [WARN] [1789630076.909287964] [BehaviorTreeEngine]: Behavior Tree tick rate 100.00 was exceeded!
[bt_navigator-11] [WARN] [1789630077.035100277] [BehaviorTreeEngine]: Behavior Tree tick rate 100.00 was exceeded!
[controller_server-8] [INFO] [1789630077.094090599] [controller_server]: Passing new path to controller.
[bt_navigator-11] [WARN] [1789630077.805105926] [BehaviorTreeEngine]: Behavior Tree tick rate 100.00 was exceeded!
[controller_server-8] [INFO] [1789630078.094738962] [controller_server]: Passing new path to controller.
[bt_navigator-11] [WARN] [1789630078.230403735] [BehaviorTreeEngine]: Behavior Tree tick rate 100.00 was exceeded!
[bt_navigator-11] [WARN] [1789630078.243354017] [BehaviorTreeEngine]: Behavior Tree tick rate 100.00 was exceeded!
[swerve_bridge_node-14] [WARN] [1789630078.461173651] [swerve_bridge]: Django websocket disconnected: [Errno 111] Connection refused
[bt_navigator-11] [WARN] [1789630078.490504168] [BehaviorTreeEngine]: Behavior Tree tick rate 100.00 was exceeded!
[bt_navigator-11] [WARN] [1789630078.601615242] [BehaviorTreeEngine]: Behavior Tree tick rate 100.00 was exceeded!
[bt_navigator-11] [WARN] [1789630079.184928999] [BehaviorTreeEngine]: Behavior Tree tick rate 100.00 was exceeded!
[controller_server-8] [INFO] [1789630079.194121334] [controller_server]: Passing new path to controller.
[bt_navigator-11] [WARN] [1789630079.307913356] [BehaviorTreeEngine]: Behavior Tree tick rate 100.00 was exceeded!
[bt_navigator-11] [WARN] [1789630079.371473155] [BehaviorTreeEngine]: Behavior Tree tick rate 100.00 was exceeded!
[bt_navigator-11] [WARN] [1789630079.404145534] [BehaviorTreeEngine]: Behavior Tree tick rate 100.00 was exceeded!
[bt_navigator-11] [WARN] [1789630079.420158134] [BehaviorTreeEngine]: Behavior Tree tick rate 100.00 was exceeded!
[bt_navigator-11] [WARN] [1789630079.466984715] [BehaviorTreeEngine]: Behavior Tree tick rate 100.00 was exceeded!
[bt_navigator-11] [WARN] [1789630079.687515435] [BehaviorTreeEngine]: Behavior Tree tick rate 100.00 was exceeded!
[bt_navigator-11] [WARN] [1789630079.771155140] [BehaviorTreeEngine]: Behavior Tree tick rate 100.00 was exceeded!
[bt_navigator-11] [WARN] [1789630079.996867473] [BehaviorTreeEngine]: Behavior Tree tick rate 100.00 was exceeded!
[bt_navigator-11] [WARN] [1789630080.021174643] [BehaviorTreeEngine]: Behavior Tree tick rate 100.00 was exceeded!
[bt_navigator-11] [WARN] [1789630080.073631116] [BehaviorTreeEngine]: Behavior Tree tick rate 100.00 was exceeded!
[bt_navigator-11] [WARN] [1789630080.112672148] [BehaviorTreeEngine]: Behavior Tree tick rate 100.00 was exceeded!
[controller_server-8] [INFO] [1789630080.195798529] [controller_server]: Passing new path to controller.
[bt_navigator-11] [WARN] [1789630080.264149885] [BehaviorTreeEngine]: Behavior Tree tick rate 100.00 was exceeded!
[bt_navigator-11] [WARN] [1789630080.422431402] [BehaviorTreeEngine]: Behavior Tree tick rate 100.00 was exceeded!
[swerve_bridge_node-14] [WARN] [1789630080.500308190] [swerve_bridge]: Django websocket disconnected: [Errno 111] Connection refused
[bt_navigator-11] [WARN] [1789630080.892995799] [BehaviorTreeEngine]: Behavior Tree tick rate 100.00 was exceeded!
[bt_navigator-11] [WARN] [1789630080.913310044] [BehaviorTreeEngine]: Behavior Tree tick rate 100.00 was exceeded!
[controller_server-8] [INFO] [1789630081.193940166] [controller_server]: Passing new path to controller.
[bt_navigator-11] [WARN] [1789630081.243168377] [BehaviorTreeEngine]: Behavior Tree tick rate 100.00 was exceeded!
[bt_navigator-11] [WARN] [1789630081.612158134] [BehaviorTreeEngine]: Behavior Tree tick rate 100.00 was exceeded!
[bt_navigator-11] [WARN] [1789630081.676625059] [BehaviorTreeEngine]: Behavior Tree tick rate 100.00 was exceeded!
[bt_navigator-11] [WARN] [1789630081.787035115] [BehaviorTreeEngine]: Behavior Tree tick rate 100.00 was exceeded!
[bt_navigator-11] [WARN] [1789630081.884726098] [BehaviorTreeEngine]: Behavior Tree tick rate 100.00 was exceeded!
[controller_server-8] [INFO] [1789630082.293927680] [controller_server]: Passing new path to controller.
[bt_navigator-11] [WARN] [1789630082.371520293] [BehaviorTreeEngine]: Behavior Tree tick rate 100.00 was exceeded!
[bt_navigator-11] [WARN] [1789630082.447011385] [BehaviorTreeEngine]: Behavior Tree tick rate 100.00 was exceeded!
[bt_navigator-11] [WARN] [1789630082.491454634] [BehaviorTreeEngine]: Behavior Tree tick rate 100.00 was exceeded!
[swerve_bridge_node-14] [WARN] [1789630082.502419281] [swerve_bridge]: Django websocket disconnected: [Errno 111] Connection refused
[bt_navigator-11] [WARN] [1789630082.635014477] [BehaviorTreeEngine]: Behavior Tree tick rate 100.00 was exceeded!
[bt_navigator-11] [WARN] [1789630082.706493380] [BehaviorTreeEngine]: Behavior Tree tick rate 100.00 was exceeded!
[bt_navigator-11] [WARN] [1789630083.209592527] [BehaviorTreeEngine]: Behavior Tree tick rate 100.00 was exceeded!
[controller_server-8] [INFO] [1789630083.293866105] [controller_server]: Passing new path to controller.
[bt_navigator-11] [WARN] [1789630083.337478302] [BehaviorTreeEngine]: Behavior Tree tick rate 100.00 was exceeded!
[bt_navigator-11] [WARN] [1789630083.397017672] [BehaviorTreeEngine]: Behavior Tree tick rate 100.00 was exceeded!
[bt_navigator-11] [WARN] [1789630083.779010833] [BehaviorTreeEngine]: Behavior Tree tick rate 100.00 was exceeded!
[bt_navigator-11] [WARN] [1789630084.011939218] [BehaviorTreeEngine]: Behavior Tree tick rate 100.00 was exceeded!
[bt_navigator-11] [WARN] [1789630084.070686440] [BehaviorTreeEngine]: Behavior Tree tick rate 100.00 was exceeded!
[bt_navigator-11] [WARN] [1789630084.262578665] [BehaviorTreeEngine]: Behavior Tree tick rate 100.00 was exceeded!
[controller_server-8] [INFO] [1789630084.294546513] [controller_server]: Passing new path to controller.
[bt_navigator-11] [WARN] [1789630084.452590573] [BehaviorTreeEngine]: Behavior Tree tick rate 100.00 was exceeded!
[swerve_bridge_node-14] [WARN] [1789630084.508750884] [swerve_bridge]: Django websocket disconnected: [Errno 111] Connection refused
[bt_navigator-11] [WARN] [1789630084.666737674] [BehaviorTreeEngine]: Behavior Tree tick rate 100.00 was exceeded!
[bt_navigator-11] [WARN] [1789630084.718964266] [BehaviorTreeEngine]: Behavior Tree tick rate 100.00 was exceeded!
[bt_navigator-11] [WARN] [1789630084.772265691] [BehaviorTreeEngine]: Behavior Tree tick rate 100.00 was exceeded!
[bt_navigator-11] [WARN] [1789630085.116411824] [BehaviorTreeEngine]: Behavior Tree tick rate 100.00 was exceeded!
[bt_navigator-11] [WARN] [1789630085.128453141] [BehaviorTreeEngine]: Behavior Tree tick rate 100.00 was exceeded!
[bt_navigator-11] [WARN] [1789630085.136597633] [BehaviorTreeEngine]: Behavior Tree tick rate 100.00 was exceeded!
[bt_navigator-11] [WARN] [1789630085.145725229] [BehaviorTreeEngine]: Behavior Tree tick rate 100.00 was exceeded!
[bt_navigator-11] [WARN] [1789630085.210083271] [BehaviorTreeEngine]: Behavior Tree tick rate 100.00 was exceeded!
[bt_navigator-11] [WARN] [1789630085.215281923] [BehaviorTreeEngine]: Behavior Tree tick rate 100.00 was exceeded!
[controller_server-8] [INFO] [1789630085.393926170] [controller_server]: Passing new path to controller.
[bt_navigator-11] [WARN] [1789630085.409159678] [BehaviorTreeEngine]: Behavior Tree tick rate 100.00 was exceeded!
[bt_navigator-11] [WARN] [1789630085.414911006] [BehaviorTreeEngine]: Behavior Tree tick rate 100.00 was exceeded!
[bt_navigator-11] [WARN] [1789630085.514653861] [BehaviorTreeEngine]: Behavior Tree tick rate 100.00 was exceeded!
[bt_navigator-11] [WARN] [1789630085.524696820] [BehaviorTreeEngine]: Behavior Tree tick rate 100.00 was exceeded!
[bt_navigator-11] [WARN] [1789630085.804020375] [BehaviorTreeEngine]: Behavior Tree tick rate 100.00 was exceeded!
[bt_navigator-11] [WARN] [1789630086.205491282] [BehaviorTreeEngine]: Behavior Tree tick rate 100.00 was exceeded!
[bt_navigator-11] [WARN] [1789630086.220749891] [BehaviorTreeEngine]: Behavior Tree tick rate 100.00 was exceeded!
[bt_navigator-11] [WARN] [1789630086.228551809] [BehaviorTreeEngine]: Behavior Tree tick rate 100.00 was exceeded!
[bt_navigator-11] [WARN] [1789630086.232587190] [BehaviorTreeEngine]: Behavior Tree tick rate 100.00 was exceeded!
[controller_server-8] [INFO] [1789630086.394136783] [controller_server]: Passing new path to controller.
[swerve_bridge_node-14] [WARN] [1789630086.511174578] [swerve_bridge]: Django websocket disconnected: [Errno 111] Connection refused
[bt_navigator-11] [WARN] [1789630086.973773436] [BehaviorTreeEngine]: Behavior Tree tick rate 100.00 was exceeded!
[bt_navigator-11] [WARN] [1789630087.093280779] [BehaviorTreeEngine]: Behavior Tree tick rate 100.00 was exceeded!
[bt_navigator-11] [WARN] [1789630087.213855240] [BehaviorTreeEngine]: Behavior Tree tick rate 100.00 was exceeded!
[bt_navigator-11] [WARN] [1789630087.367700366] [BehaviorTreeEngine]: Behavior Tree tick rate 100.00 was exceeded!
[bt_navigator-11] [WARN] [1789630087.375924058] [BehaviorTreeEngine]: Behavior Tree tick rate 100.00 was exceeded!
[controller_server-8] [INFO] [1789630087.394165925] [controller_server]: Passing new path to controller.
[bt_navigator-11] [WARN] [1789630088.073559452] [BehaviorTreeEngine]: Behavior Tree tick rate 100.00 was exceeded!
[bt_navigator-11] [WARN] [1789630088.093131528] [BehaviorTreeEngine]: Behavior Tree tick rate 100.00 was exceeded!
[bt_navigator-11] [WARN] [1789630088.162715089] [BehaviorTreeEngine]: Behavior Tree tick rate 100.00 was exceeded!
[bt_navigator-11] [WARN] [1789630088.184336558] [BehaviorTreeEngine]: Behavior Tree tick rate 100.00 was exceeded!
[bt_navigator-11] [WARN] [1789630088.213843567] [BehaviorTreeEngine]: Behavior Tree tick rate 100.00 was exceeded!
[bt_navigator-11] [WARN] [1789630088.424116477] [BehaviorTreeEngine]: Behavior Tree tick rate 100.00 was exceeded!
[bt_navigator-11] [WARN] [1789630088.472986811] [BehaviorTreeEngine]: Behavior Tree tick rate 100.00 was exceeded!
[controller_server-8] [INFO] [1789630088.495392610] [controller_server]: Passing new path to controller.
[swerve_bridge_node-14] [WARN] [1789630088.514791708] [swerve_bridge]: Django websocket disconnected: [Errno 111] Connection refused
[bt_navigator-11] [WARN] [1789630088.765055191] [BehaviorTreeEngine]: Behavior Tree tick rate 100.00 was exceeded!
[bt_navigator-11] [WARN] [1789630089.233154499] [BehaviorTreeEngine]: Behavior Tree tick rate 100.00 was exceeded!
[bt_navigator-11] [WARN] [1789630089.322554784] [BehaviorTreeEngine]: Behavior Tree tick rate 100.00 was exceeded!
[controller_server-8] [INFO] [1789630089.494688568] [controller_server]: Passing new path to controller.
[bt_navigator-11] [WARN] [1789630089.622741521] [BehaviorTreeEngine]: Behavior Tree tick rate 100.00 was exceeded!
[bt_navigator-11] [WARN] [1789630089.862980855] [BehaviorTreeEngine]: Behavior Tree tick rate 100.00 was exceeded!
[bt_navigator-11] [WARN] [1789630089.910816248] [BehaviorTreeEngine]: Behavior Tree tick rate 100.00 was exceeded!
[bt_navigator-11] [WARN] [1789630090.023235962] [BehaviorTreeEngine]: Behavior Tree tick rate 100.00 was exceeded!
[bt_navigator-11] [WARN] [1789630090.067099303] [BehaviorTreeEngine]: Behavior Tree tick rate 100.00 was exceeded!
[bt_navigator-11] [WARN] [1789630090.074997615] [BehaviorTreeEngine]: Behavior Tree tick rate 100.00 was exceeded!
[bt_navigator-11] [WARN] [1789630090.103645332] [BehaviorTreeEngine]: Behavior Tree tick rate 100.00 was exceeded!
[bt_navigator-11] [WARN] [1789630090.206293373] [BehaviorTreeEngine]: Behavior Tree tick rate 100.00 was exceeded!
[bt_navigator-11] [WARN] [1789630090.315887870] [BehaviorTreeEngine]: Behavior Tree tick rate 100.00 was exceeded!
[bt_navigator-11] [WARN] [1789630090.348676788] [BehaviorTreeEngine]: Behavior Tree tick rate 100.00 was exceeded!
[bt_navigator-11] [WARN] [1789630090.374528249] [BehaviorTreeEngine]: Behavior Tree tick rate 100.00 was exceeded!
[bt_navigator-11] [WARN] [1789630090.393287619] [BehaviorTreeEngine]: Behavior Tree tick rate 100.00 was exceeded!
[bt_navigator-11] [WARN] [1789630090.415022743] [BehaviorTreeEngine]: Behavior Tree tick rate 100.00 was exceeded!
[bt_navigator-11] [WARN] [1789630090.453355582] [BehaviorTreeEngine]: Behavior Tree tick rate 100.00 was exceeded!
[bt_navigator-11] [WARN] [1789630090.474359327] [BehaviorTreeEngine]: Behavior Tree tick rate 100.00 was exceeded!
[controller_server-8] [INFO] [1789630090.497990801] [controller_server]: Passing new path to controller.
[swerve_bridge_node-14] [WARN] [1789630090.517751927] [swerve_bridge]: Django websocket disconnected: [Errno 111] Connection refused
[bt_navigator-11] [WARN] [1789630091.328909758] [BehaviorTreeEngine]: Behavior Tree tick rate 100.00 was exceeded!
[bt_navigator-11] [WARN] [1789630091.338610906] [BehaviorTreeEngine]: Behavior Tree tick rate 100.00 was exceeded!
[bt_navigator-11] [WARN] [1789630091.467969447] [BehaviorTreeEngine]: Behavior Tree tick rate 100.00 was exceeded!
[bt_navigator-11] [WARN] [1789630091.490330864] [BehaviorTreeEngine]: Behavior Tree tick rate 100.00 was exceeded!
[controller_server-8] [INFO] [1789630091.496570689] [controller_server]: Passing new path to controller.
[bt_navigator-11] [WARN] [1789630091.532291044] [BehaviorTreeEngine]: Behavior Tree tick rate 100.00 was exceeded!
[bt_navigator-11] [WARN] [1789630091.749522781] [BehaviorTreeEngine]: Behavior Tree tick rate 100.00 was exceeded!
[bt_navigator-11] [WARN] [1789630091.757635311] [BehaviorTreeEngine]: Behavior Tree tick rate 100.00 was exceeded!
[bt_navigator-11] [WARN] [1789630091.816518686] [BehaviorTreeEngine]: Behavior Tree tick rate 100.00 was exceeded!
[bt_navigator-11] [WARN] [1789630091.930058035] [BehaviorTreeEngine]: Behavior Tree tick rate 100.00 was exceeded!
[bt_navigator-11] [WARN] [1789630092.119039797] [BehaviorTreeEngine]: Behavior Tree tick rate 100.00 was exceeded!
[bt_navigator-11] [WARN] [1789630092.128664235] [BehaviorTreeEngine]: Behavior Tree tick rate 100.00 was exceeded!
[bt_navigator-11] [WARN] [1789630092.133584665] [BehaviorTreeEngine]: Behavior Tree tick rate 100.00 was exceeded!
[bt_navigator-11] [WARN] [1789630092.145005012] [BehaviorTreeEngine]: Behavior Tree tick rate 100.00 was exceeded!
[bt_navigator-11] [WARN] [1789630092.151419653] [BehaviorTreeEngine]: Behavior Tree tick rate 100.00 was exceeded!
[bt_navigator-11] [WARN] [1789630092.222374122] [BehaviorTreeEngine]: Behavior Tree tick rate 100.00 was exceeded!
[bt_navigator-11] [WARN] [1789630092.250420535] [BehaviorTreeEngine]: Behavior Tree tick rate 100.00 was exceeded!
[bt_navigator-11] [WARN] [1789630092.390763482] [BehaviorTreeEngine]: Behavior Tree tick rate 100.00 was exceeded!
[bt_navigator-11] [WARN] [1789630092.415547509] [BehaviorTreeEngine]: Behavior Tree tick rate 100.00 was exceeded!
[bt_navigator-11] [WARN] [1789630092.432483065] [BehaviorTreeEngine]: Behavior Tree tick rate 100.00 was exceeded!
[swerve_bridge_node-14] [WARN] [1789630092.521179448] [swerve_bridge]: Django websocket disconnected: [Errno 111] Connection refused
[bt_navigator-11] [WARN] [1789630092.533348855] [BehaviorTreeEngine]: Behavior Tree tick rate 100.00 was exceeded!
[controller_server-8] [INFO] [1789630092.597468298] [controller_server]: Passing new path to controller.
[bt_navigator-11] [WARN] [1789630092.612854129] [BehaviorTreeEngine]: Behavior Tree tick rate 100.00 was exceeded!
[bt_navigator-11] [WARN] [1789630092.722636901] [BehaviorTreeEngine]: Behavior Tree tick rate 100.00 was exceeded!
[bt_navigator-11] [WARN] [1789630092.930682013] [BehaviorTreeEngine]: Behavior Tree tick rate 100.00 was exceeded!
[bt_navigator-11] [WARN] [1789630093.101068873] [BehaviorTreeEngine]: Behavior Tree tick rate 100.00 was exceeded!
[bt_navigator-11] [WARN] [1789630093.210428242] [BehaviorTreeEngine]: Behavior Tree tick rate 100.00 was exceeded!
[bt_navigator-11] [WARN] [1789630093.260332911] [BehaviorTreeEngine]: Behavior Tree tick rate 100.00 was exceeded!
[bt_navigator-11] [WARN] [1789630093.364688125] [BehaviorTreeEngine]: Behavior Tree tick rate 100.00 was exceeded!
[controller_server-8] [INFO] [1789630093.595748111] [controller_server]: Passing new path to controller.
[bt_navigator-11] [WARN] [1789630094.020567757] [BehaviorTreeEngine]: Behavior Tree tick rate 100.00 was exceeded!
[bt_navigator-11] [WARN] [1789630094.231807488] [BehaviorTreeEngine]: Behavior Tree tick rate 100.00 was exceeded!
[bt_navigator-11] [WARN] [1789630094.348424276] [BehaviorTreeEngine]: Behavior Tree tick rate 100.00 was exceeded!
[bt_navigator-11] [WARN] [1789630094.430611576] [BehaviorTreeEngine]: Behavior Tree tick rate 100.00 was exceeded!
[swerve_bridge_node-14] [WARN] [1789630094.522461018] [swerve_bridge]: Django websocket disconnected: [Errno 111] Connection refused
[controller_server-8] [INFO] [1789630094.594064354] [controller_server]: Passing new path to controller.
[bt_navigator-11] [WARN] [1789630094.757622014] [BehaviorTreeEngine]: Behavior Tree tick rate 100.00 was exceeded!
[bt_navigator-11] [WARN] [1789630094.860452130] [BehaviorTreeEngine]: Behavior Tree tick rate 100.00 was exceeded!
[bt_navigator-11] [WARN] [1789630094.932420035] [BehaviorTreeEngine]: Behavior Tree tick rate 100.00 was exceeded!
[bt_navigator-11] [WARN] [1789630095.056871204] [BehaviorTreeEngine]: Behavior Tree tick rate 100.00 was exceeded!
[bt_navigator-11] [WARN] [1789630095.273254960] [BehaviorTreeEngine]: Behavior Tree tick rate 100.00 was exceeded!
[controller_server-8] [INFO] [1789630095.694529585] [controller_server]: Passing new path to controller.
[bt_navigator-11] [WARN] [1789630096.018825578] [BehaviorTreeEngine]: Behavior Tree tick rate 100.00 was exceeded!
[bt_navigator-11] [WARN] [1789630096.095700065] [BehaviorTreeEngine]: Behavior Tree tick rate 100.00 was exceeded!
[bt_navigator-11] [WARN] [1789630096.100456669] [BehaviorTreeEngine]: Behavior Tree tick rate 100.00 was exceeded!
[swerve_bridge_node-14] [WARN] [1789630096.526888761] [swerve_bridge]: Django websocket disconnected: [Errno 111] Connection refused
[controller_server-8] [INFO] [1789630096.694883813] [controller_server]: Passing new path to controller.
[bt_navigator-11] [WARN] [1789630096.809015229] [BehaviorTreeEngine]: Behavior Tree tick rate 100.00 was exceeded!
[bt_navigator-11] [WARN] [1789630096.853162298] [BehaviorTreeEngine]: Behavior Tree tick rate 100.00 was exceeded!
[bt_navigator-11] [WARN] [1789630097.185105494] [BehaviorTreeEngine]: Behavior Tree tick rate 100.00 was exceeded!
[bt_navigator-11] [WARN] [1789630097.214160834] [BehaviorTreeEngine]: Behavior Tree tick rate 100.00 was exceeded!
[bt_navigator-11] [WARN] [1789630097.618874660] [BehaviorTreeEngine]: Behavior Tree tick rate 100.00 was exceeded!
[controller_server-8] [INFO] [1789630097.696774673] [controller_server]: Passing new path to controller.
[bt_navigator-11] [WARN] [1789630097.745901429] [BehaviorTreeEngine]: Behavior Tree tick rate 100.00 was exceeded!
[bt_navigator-11] [WARN] [1789630097.826379666] [BehaviorTreeEngine]: Behavior Tree tick rate 100.00 was exceeded!
[bt_navigator-11] [WARN] [1789630097.986227479] [BehaviorTreeEngine]: Behavior Tree tick rate 100.00 was exceeded!
[bt_navigator-11] [WARN] [1789630098.306632080] [BehaviorTreeEngine]: Behavior Tree tick rate 100.00 was exceeded!
[bt_navigator-11] [WARN] [1789630098.337146533] [BehaviorTreeEngine]: Behavior Tree tick rate 100.00 was exceeded!
[swerve_bridge_node-14] [WARN] [1789630098.533592097] [swerve_bridge]: Django websocket disconnected: [Errno 111] Connection refused
[bt_navigator-11] [WARN] [1789630098.593718189] [BehaviorTreeEngine]: Behavior Tree tick rate 100.00 was exceeded!
[bt_navigator-11] [WARN] [1789630098.599784216] [BehaviorTreeEngine]: Behavior Tree tick rate 100.00 was exceeded!
[controller_server-8] [INFO] [1789630098.694869237] [controller_server]: Passing new path to controller.
[bt_navigator-11] [WARN] [1789630098.962003186] [BehaviorTreeEngine]: Behavior Tree tick rate 100.00 was exceeded!
[bt_navigator-11] [WARN] [1789630099.119046551] [BehaviorTreeEngine]: Behavior Tree tick rate 100.00 was exceeded!
[bt_navigator-11] [WARN] [1789630099.146853017] [BehaviorTreeEngine]: Behavior Tree tick rate 100.00 was exceeded!
[bt_navigator-11] [WARN] [1789630099.189628499] [BehaviorTreeEngine]: Behavior Tree tick rate 100.00 was exceeded!
[bt_navigator-11] [WARN] [1789630099.384956469] [BehaviorTreeEngine]: Behavior Tree tick rate 100.00 was exceeded!
[bt_navigator-11] [WARN] [1789630099.579719880] [BehaviorTreeEngine]: Behavior Tree tick rate 100.00 was exceeded!
[controller_server-8] [INFO] [1789630099.693990931] [controller_server]: Passing new path to controller.
[bt_navigator-11] [WARN] [1789630099.935820167] [BehaviorTreeEngine]: Behavior Tree tick rate 100.00 was exceeded!
[bt_navigator-11] [WARN] [1789630100.045818566] [BehaviorTreeEngine]: Behavior Tree tick rate 100.00 was exceeded!
[bt_navigator-11] [WARN] [1789630100.171638627] [BehaviorTreeEngine]: Behavior Tree tick rate 100.00 was exceeded!
[bt_navigator-11] [WARN] [1789630100.353025936] [BehaviorTreeEngine]: Behavior Tree tick rate 100.00 was exceeded!
[bt_navigator-11] [WARN] [1789630100.479158371] [BehaviorTreeEngine]: Behavior Tree tick rate 100.00 was exceeded!
[bt_navigator-11] [WARN] [1789630100.507653140] [BehaviorTreeEngine]: Behavior Tree tick rate 100.00 was exceeded!
[bt_navigator-11] [WARN] [1789630100.511110670] [BehaviorTreeEngine]: Behavior Tree tick rate 100.00 was exceeded!
[swerve_bridge_node-14] [WARN] [1789630100.535082996] [swerve_bridge]: Django websocket disconnected: [Errno 111] Connection refused
[bt_navigator-11] [WARN] [1789630100.618910261] [BehaviorTreeEngine]: Behavior Tree tick rate 100.00 was exceeded!
[bt_navigator-11] [WARN] [1789630100.723436135] [BehaviorTreeEngine]: Behavior Tree tick rate 100.00 was exceeded!
[bt_navigator-11] [WARN] [1789630100.759605170] [BehaviorTreeEngine]: Behavior Tree tick rate 100.00 was exceeded!
[bt_navigator-11] [WARN] [1789630100.772002799] [BehaviorTreeEngine]: Behavior Tree tick rate 100.00 was exceeded!
[bt_navigator-11] [WARN] [1789630100.778603216] [BehaviorTreeEngine]: Behavior Tree tick rate 100.00 was exceeded!
[bt_navigator-11] [WARN] [1789630100.786192595] [BehaviorTreeEngine]: Behavior Tree tick rate 100.00 was exceeded!
[controller_server-8] [INFO] [1789630100.795716157] [controller_server]: Passing new path to controller.
[bt_navigator-11] [WARN] [1789630100.807085250] [BehaviorTreeEngine]: Behavior Tree tick rate 100.00 was exceeded!
[bt_navigator-11] [WARN] [1789630100.928507591] [BehaviorTreeEngine]: Behavior Tree tick rate 100.00 was exceeded!
[bt_navigator-11] [WARN] [1789630101.003989772] [BehaviorTreeEngine]: Behavior Tree tick rate 100.00 was exceeded!
[bt_navigator-11] [WARN] [1789630101.106544398] [BehaviorTreeEngine]: Behavior Tree tick rate 100.00 was exceeded!
[bt_navigator-11] [WARN] [1789630101.207579731] [BehaviorTreeEngine]: Behavior Tree tick rate 100.00 was exceeded!
[bt_navigator-11] [WARN] [1789630101.326613013] [BehaviorTreeEngine]: Behavior Tree tick rate 100.00 was exceeded!
[bt_navigator-11] [WARN] [1789630101.455437702] [BehaviorTreeEngine]: Behavior Tree tick rate 100.00 was exceeded!
[bt_navigator-11] [WARN] [1789630101.525991680] [BehaviorTreeEngine]: Behavior Tree tick rate 100.00 was exceeded!
[bt_navigator-11] [WARN] [1789630101.718919544] [BehaviorTreeEngine]: Behavior Tree tick rate 100.00 was exceeded!
[bt_navigator-11] [WARN] [1789630101.805533883] [BehaviorTreeEngine]: Behavior Tree tick rate 100.00 was exceeded!
[controller_server-8] [INFO] [1789630101.894794185] [controller_server]: Passing new path to controller.
[bt_navigator-11] [WARN] [1789630102.468514814] [BehaviorTreeEngine]: Behavior Tree tick rate 100.00 was exceeded!
[bt_navigator-11] [WARN] [1789630102.485578555] [BehaviorTreeEngine]: Behavior Tree tick rate 100.00 was exceeded!
[swerve_bridge_node-14] [WARN] [1789630102.537067940] [swerve_bridge]: Django websocket disconnected: [Errno 111] Connection refused
[bt_navigator-11] [WARN] [1789630102.818813199] [BehaviorTreeEngine]: Behavior Tree tick rate 100.00 was exceeded!
[bt_navigator-11] [WARN] [1789630102.827543919] [BehaviorTreeEngine]: Behavior Tree tick rate 100.00 was exceeded!
[bt_navigator-11] [WARN] [1789630102.844387120] [BehaviorTreeEngine]: Behavior Tree tick rate 100.00 was exceeded!
[bt_navigator-11] [WARN] [1789630102.845745022] [BehaviorTreeEngine]: Behavior Tree tick rate 100.00 was exceeded!
[bt_navigator-11] [WARN] [1789630102.859102026] [BehaviorTreeEngine]: Behavior Tree tick rate 100.00 was exceeded!
[bt_navigator-11] [WARN] [1789630102.869642384] [BehaviorTreeEngine]: Behavior Tree tick rate 100.00 was exceeded!
[bt_navigator-11] [WARN] [1789630102.885813554] [BehaviorTreeEngine]: Behavior Tree tick rate 100.00 was exceeded!
[controller_server-8] [INFO] [1789630102.894513809] [controller_server]: Passing new path to controller.
[bt_navigator-11] [WARN] [1789630103.510648674] [BehaviorTreeEngine]: Behavior Tree tick rate 100.00 was exceeded!
[bt_navigator-11] [WARN] [1789630103.778613434] [BehaviorTreeEngine]: Behavior Tree tick rate 100.00 was exceeded!
[bt_navigator-11] [WARN] [1789630103.932392497] [BehaviorTreeEngine]: Behavior Tree tick rate 100.00 was exceeded!
[controller_server-8] [INFO] [1789630103.999376109] [controller_server]: Passing new path to controller.
[bt_navigator-11] [WARN] [1789630104.054593421] [BehaviorTreeEngine]: Behavior Tree tick rate 100.00 was exceeded!
[bt_navigator-11] [WARN] [1789630104.061707122] [BehaviorTreeEngine]: Behavior Tree tick rate 100.00 was exceeded!
[bt_navigator-11] [WARN] [1789630104.153445121] [BehaviorTreeEngine]: Behavior Tree tick rate 100.00 was exceeded!
[bt_navigator-11] [WARN] [1789630104.223128792] [BehaviorTreeEngine]: Behavior Tree tick rate 100.00 was exceeded!
[swerve_bridge_node-14] [WARN] [1789630104.539419083] [swerve_bridge]: Django websocket disconnected: [Errno 111] Connection refused
[bt_navigator-11] [WARN] [1789630104.601821754] [BehaviorTreeEngine]: Behavior Tree tick rate 100.00 was exceeded!
[controller_server-8] [INFO] [1789630104.995155499] [controller_server]: Passing new path to controller.
[bt_navigator-11] [WARN] [1789630105.163212551] [BehaviorTreeEngine]: Behavior Tree tick rate 100.00 was exceeded!
[bt_navigator-11] [WARN] [1789630105.894080813] [BehaviorTreeEngine]: Behavior Tree tick rate 100.00 was exceeded!
[controller_server-8] [INFO] [1789630105.995410572] [controller_server]: Passing new path to controller.
[bt_navigator-11] [WARN] [1789630106.305150866] [BehaviorTreeEngine]: Behavior Tree tick rate 100.00 was exceeded!
[bt_navigator-11] [WARN] [1789630106.325946778] [BehaviorTreeEngine]: Behavior Tree tick rate 100.00 was exceeded!
[bt_navigator-11] [WARN] [1789630106.466084544] [BehaviorTreeEngine]: Behavior Tree tick rate 100.00 was exceeded!
[swerve_bridge_node-14] [WARN] [1789630106.541492833] [swerve_bridge]: Django websocket disconnected: [Errno 111] Connection refused
[bt_navigator-11] [WARN] [1789630106.926653508] [BehaviorTreeEngine]: Behavior Tree tick rate 100.00 was exceeded!
[bt_navigator-11] [WARN] [1789630106.997495838] [BehaviorTreeEngine]: Behavior Tree tick rate 100.00 was exceeded!
[bt_navigator-11] [WARN] [1789630107.017864652] [BehaviorTreeEngine]: Behavior Tree tick rate 100.00 was exceeded!
[controller_server-8] [INFO] [1789630107.094372073] [controller_server]: Passing new path to controller.
[bt_navigator-11] [WARN] [1789630107.267617511] [BehaviorTreeEngine]: Behavior Tree tick rate 100.00 was exceeded!
[bt_navigator-11] [WARN] [1789630107.359089259] [BehaviorTreeEngine]: Behavior Tree tick rate 100.00 was exceeded!
[bt_navigator-11] [WARN] [1789630107.410882990] [BehaviorTreeEngine]: Behavior Tree tick rate 100.00 was exceeded!
[bt_navigator-11] [WARN] [1789630107.501670221] [BehaviorTreeEngine]: Behavior Tree tick rate 100.00 was exceeded!
[bt_navigator-11] [WARN] [1789630107.521567611] [BehaviorTreeEngine]: Behavior Tree tick rate 100.00 was exceeded!
[bt_navigator-11] [WARN] [1789630107.552404324] [BehaviorTreeEngine]: Behavior Tree tick rate 100.00 was exceeded!
[bt_navigator-11] [WARN] [1789630107.573313201] [BehaviorTreeEngine]: Behavior Tree tick rate 100.00 was exceeded!
[bt_navigator-11] [WARN] [1789630107.672493835] [BehaviorTreeEngine]: Behavior Tree tick rate 100.00 was exceeded!
[bt_navigator-11] [WARN] [1789630107.712864005] [BehaviorTreeEngine]: Behavior Tree tick rate 100.00 was exceeded!
[bt_navigator-11] [WARN] [1789630107.793277706] [BehaviorTreeEngine]: Behavior Tree tick rate 100.00 was exceeded!
[bt_navigator-11] [WARN] [1789630107.862233499] [BehaviorTreeEngine]: Behavior Tree tick rate 100.00 was exceeded!
[controller_server-8] [INFO] [1789630108.094755979] [controller_server]: Passing new path to controller.
[bt_navigator-11] [WARN] [1789630108.529629197] [BehaviorTreeEngine]: Behavior Tree tick rate 100.00 was exceeded!
[swerve_bridge_node-14] [WARN] [1789630108.545506770] [swerve_bridge]: Django websocket disconnected: [Errno 111] Connection refused
[bt_navigator-11] [WARN] [1789630108.582353783] [BehaviorTreeEngine]: Behavior Tree tick rate 100.00 was exceeded!
[bt_navigator-11] [WARN] [1789630108.792812496] [BehaviorTreeEngine]: Behavior Tree tick rate 100.00 was exceeded!
[bt_navigator-11] [WARN] [1789630109.013392627] [BehaviorTreeEngine]: Behavior Tree tick rate 100.00 was exceeded!
[controller_server-8] [INFO] [1789630109.095763593] [controller_server]: Passing new path to controller.
[bt_navigator-11] [WARN] [1789630109.515001528] [BehaviorTreeEngine]: Behavior Tree tick rate 100.00 was exceeded!
[bt_navigator-11] [WARN] [1789630109.677181595] [BehaviorTreeEngine]: Behavior Tree tick rate 100.00 was exceeded!
[bt_navigator-11] [WARN] [1789630109.728751191] [BehaviorTreeEngine]: Behavior Tree tick rate 100.00 was exceeded!
[bt_navigator-11] [WARN] [1789630110.066129937] [BehaviorTreeEngine]: Behavior Tree tick rate 100.00 was exceeded!
[bt_navigator-11] [WARN] [1789630110.075080975] [BehaviorTreeEngine]: Behavior Tree tick rate 100.00 was exceeded!
[controller_server-8] [INFO] [1789630110.094360356] [controller_server]: Passing new path to controller.
[swerve_bridge_node-14] [WARN] [1789630110.549213607] [swerve_bridge]: Django websocket disconnected: [Errno 111] Connection refused
[bt_navigator-11] [WARN] [1789630110.577041051] [BehaviorTreeEngine]: Behavior Tree tick rate 100.00 was exceeded!
[bt_navigator-11] [WARN] [1789630110.611366614] [BehaviorTreeEngine]: Behavior Tree tick rate 100.00 was exceeded!
[bt_navigator-11] [WARN] [1789630110.643783993] [BehaviorTreeEngine]: Behavior Tree tick rate 100.00 was exceeded!
[bt_navigator-11] [WARN] [1789630111.094714094] [BehaviorTreeEngine]: Behavior Tree tick rate 100.00 was exceeded!
[controller_server-8] [INFO] [1789630111.097169043] [controller_server]: Passing new path to controller.
[bt_navigator-11] [WARN] [1789630111.705865742] [BehaviorTreeEngine]: Behavior Tree tick rate 100.00 was exceeded!
[bt_navigator-11] [WARN] [1789630111.807768907] [BehaviorTreeEngine]: Behavior Tree tick rate 100.00 was exceeded!
[bt_navigator-11] [WARN] [1789630111.846675756] [BehaviorTreeEngine]: Behavior Tree tick rate 100.00 was exceeded!
[bt_navigator-11] [WARN] [1789630111.955662242] [BehaviorTreeEngine]: Behavior Tree tick rate 100.00 was exceeded!
[bt_navigator-11] [WARN] [1789630111.984046013] [BehaviorTreeEngine]: Behavior Tree tick rate 100.00 was exceeded!
[controller_server-8] [INFO] [1789630112.196602215] [controller_server]: Passing new path to controller.
[bt_navigator-11] [WARN] [1789630112.213856818] [BehaviorTreeEngine]: Behavior Tree tick rate 100.00 was exceeded!
[bt_navigator-11] [WARN] [1789630112.512123895] [BehaviorTreeEngine]: Behavior Tree tick rate 100.00 was exceeded!
[bt_navigator-11] [WARN] [1789630112.526500643] [BehaviorTreeEngine]: Behavior Tree tick rate 100.00 was exceeded!
[swerve_bridge_node-14] [WARN] [1789630112.551933417] [swerve_bridge]: Django websocket disconnected: [Errno 111] Connection refused
[bt_navigator-11] [WARN] [1789630112.607201771] [BehaviorTreeEngine]: Behavior Tree tick rate 100.00 was exceeded!
[bt_navigator-11] [WARN] [1789630113.106823718] [BehaviorTreeEngine]: Behavior Tree tick rate 100.00 was exceeded!
[controller_server-8] [INFO] [1789630113.194606227] [controller_server]: Passing new path to controller.
[bt_navigator-11] [WARN] [1789630113.211713141] [BehaviorTreeEngine]: Behavior Tree tick rate 100.00 was exceeded!
[bt_navigator-11] [WARN] [1789630113.285079962] [BehaviorTreeEngine]: Behavior Tree tick rate 100.00 was exceeded!
[bt_navigator-11] [WARN] [1789630113.317209441] [BehaviorTreeEngine]: Behavior Tree tick rate 100.00 was exceeded!
[bt_navigator-11] [WARN] [1789630113.542120915] [BehaviorTreeEngine]: Behavior Tree tick rate 100.00 was exceeded!
[bt_navigator-11] [WARN] [1789630113.928900939] [BehaviorTreeEngine]: Behavior Tree tick rate 100.00 was exceeded!
[bt_navigator-11] [WARN] [1789630114.030662075] [BehaviorTreeEngine]: Behavior Tree tick rate 100.00 was exceeded!
[bt_navigator-11] [WARN] [1789630114.201108193] [BehaviorTreeEngine]: Behavior Tree tick rate 100.00 was exceeded!
[bt_navigator-11] [WARN] [1789630114.238970471] [BehaviorTreeEngine]: Behavior Tree tick rate 100.00 was exceeded!
[bt_navigator-11] [WARN] [1789630114.250904646] [BehaviorTreeEngine]: Behavior Tree tick rate 100.00 was exceeded!
[bt_navigator-11] [WARN] [1789630114.259835505] [BehaviorTreeEngine]: Behavior Tree tick rate 100.00 was exceeded!
[controller_server-8] [WARN] [1789630114.298705134] [controller_server]: Control loop missed its desired rate of 10.0000Hz
[controller_server-8] [INFO] [1789630114.298770934] [controller_server]: Passing new path to controller.
[bt_navigator-11] [WARN] [1789630114.312965430] [BehaviorTreeEngine]: Behavior Tree tick rate 100.00 was exceeded!
[bt_navigator-11] [WARN] [1789630114.367595199] [BehaviorTreeEngine]: Behavior Tree tick rate 100.00 was exceeded!
[bt_navigator-11] [WARN] [1789630114.384776141] [BehaviorTreeEngine]: Behavior Tree tick rate 100.00 was exceeded!
[bt_navigator-11] [WARN] [1789630114.423847891] [BehaviorTreeEngine]: Behavior Tree tick rate 100.00 was exceeded!
[bt_navigator-11] [WARN] [1789630114.484714368] [BehaviorTreeEngine]: Behavior Tree tick rate 100.00 was exceeded!
[bt_navigator-11] [WARN] [1789630114.544952223] [BehaviorTreeEngine]: Behavior Tree tick rate 100.00 was exceeded!
[swerve_bridge_node-14] [WARN] [1789630114.556396403] [swerve_bridge]: Django websocket disconnected: [Errno 111] Connection refused
[bt_navigator-11] [WARN] [1789630114.566902014] [BehaviorTreeEngine]: Behavior Tree tick rate 100.00 was exceeded!
[bt_navigator-11] [WARN] [1789630114.590157600] [BehaviorTreeEngine]: Behavior Tree tick rate 100.00 was exceeded!
[bt_navigator-11] [WARN] [1789630114.627883211] [BehaviorTreeEngine]: Behavior Tree tick rate 100.00 was exceeded!
[bt_navigator-11] [WARN] [1789630115.152575069] [BehaviorTreeEngine]: Behavior Tree tick rate 100.00 was exceeded!
[controller_server-8] [INFO] [1789630115.296422022] [controller_server]: Passing new path to controller.
[bt_navigator-11] [WARN] [1789630115.334708433] [BehaviorTreeEngine]: Behavior Tree tick rate 100.00 was exceeded!
[bt_navigator-11] [WARN] [1789630115.341679766] [BehaviorTreeEngine]: Behavior Tree tick rate 100.00 was exceeded!
[bt_navigator-11] [WARN] [1789630115.349679837] [BehaviorTreeEngine]: Behavior Tree tick rate 100.00 was exceeded!
[bt_navigator-11] [WARN] [1789630115.371971336] [BehaviorTreeEngine]: Behavior Tree tick rate 100.00 was exceeded!
[bt_navigator-11] [WARN] [1789630115.429642120] [BehaviorTreeEngine]: Behavior Tree tick rate 100.00 was exceeded!
[bt_navigator-11] [WARN] [1789630115.539935392] [BehaviorTreeEngine]: Behavior Tree tick rate 100.00 was exceeded!
[bt_navigator-11] [WARN] [1789630115.679555006] [BehaviorTreeEngine]: Behavior Tree tick rate 100.00 was exceeded!
[bt_navigator-11] [WARN] [1789630115.689578509] [BehaviorTreeEngine]: Behavior Tree tick rate 100.00 was exceeded!
[bt_navigator-11] [WARN] [1789630115.693720176] [BehaviorTreeEngine]: Behavior Tree tick rate 100.00 was exceeded!
[bt_navigator-11] [WARN] [1789630115.731660058] [BehaviorTreeEngine]: Behavior Tree tick rate 100.00 was exceeded!
[bt_navigator-11] [WARN] [1789630115.955044494] [BehaviorTreeEngine]: Behavior Tree tick rate 100.00 was exceeded!
[bt_navigator-11] [WARN] [1789630115.970806799] [BehaviorTreeEngine]: Behavior Tree tick rate 100.00 was exceeded!
[bt_navigator-11] [WARN] [1789630116.312332125] [BehaviorTreeEngine]: Behavior Tree tick rate 100.00 was exceeded!
[bt_navigator-11] [WARN] [1789630116.321348018] [BehaviorTreeEngine]: Behavior Tree tick rate 100.00 was exceeded!
[controller_server-8] [INFO] [1789630116.394214094] [controller_server]: Passing new path to controller.
[bt_navigator-11] [WARN] [1789630116.543710040] [BehaviorTreeEngine]: Behavior Tree tick rate 100.00 was exceeded!
[swerve_bridge_node-14] [WARN] [1789630116.557904430] [swerve_bridge]: Django websocket disconnected: [Errno 111] Connection refused
[bt_navigator-11] [WARN] [1789630116.845799381] [BehaviorTreeEngine]: Behavior Tree tick rate 100.00 was exceeded!
[bt_navigator-11] [WARN] [1789630117.080736796] [BehaviorTreeEngine]: Behavior Tree tick rate 100.00 was exceeded!
[bt_navigator-11] [WARN] [1789630117.308110363] [BehaviorTreeEngine]: Behavior Tree tick rate 100.00 was exceeded!
[bt_navigator-11] [WARN] [1789630117.326693310] [BehaviorTreeEngine]: Behavior Tree tick rate 100.00 was exceeded!
[controller_server-8] [INFO] [1789630117.394840669] [controller_server]: Passing new path to controller.
[bt_navigator-11] [WARN] [1789630117.757856811] [BehaviorTreeEngine]: Behavior Tree tick rate 100.00 was exceeded!
[bt_navigator-11] [WARN] [1789630118.249018186] [BehaviorTreeEngine]: Behavior Tree tick rate 100.00 was exceeded!
[bt_navigator-11] [WARN] [1789630118.397057994] [BehaviorTreeEngine]: Behavior Tree tick rate 100.00 was exceeded!
[bt_navigator-11] [WARN] [1789630118.463519995] [BehaviorTreeEngine]: Behavior Tree tick rate 100.00 was exceeded!
[controller_server-8] [INFO] [1789630118.494773454] [controller_server]: Passing new path to controller.
[swerve_bridge_node-14] [WARN] [1789630118.560270034] [swerve_bridge]: Django websocket disconnected: [Errno 111] Connection refused
[bt_navigator-11] [WARN] [1789630118.612008445] [BehaviorTreeEngine]: Behavior Tree tick rate 100.00 was exceeded!
[bt_navigator-11] [WARN] [1789630118.727440858] [BehaviorTreeEngine]: Behavior Tree tick rate 100.00 was exceeded!
[bt_navigator-11] [WARN] [1789630118.737088980] [BehaviorTreeEngine]: Behavior Tree tick rate 100.00 was exceeded!
[bt_navigator-11] [WARN] [1789630118.770508327] [BehaviorTreeEngine]: Behavior Tree tick rate 100.00 was exceeded!
[controller_server-8] [WARN] [1789630118.793953557] [controller_server]: Control loop missed its desired rate of 10.0000Hz
[bt_navigator-11] [WARN] [1789630119.004958028] [BehaviorTreeEngine]: Behavior Tree tick rate 100.00 was exceeded!
[controller_server-8] [INFO] [1789630119.494083367] [controller_server]: Passing new path to controller.
[bt_navigator-11] [WARN] [1789630119.638721041] [BehaviorTreeEngine]: Behavior Tree tick rate 100.00 was exceeded!
[bt_navigator-11] [WARN] [1789630119.748824595] [BehaviorTreeEngine]: Behavior Tree tick rate 100.00 was exceeded!
[bt_navigator-11] [WARN] [1789630119.767412177] [BehaviorTreeEngine]: Behavior Tree tick rate 100.00 was exceeded!
[bt_navigator-11] [WARN] [1789630119.883453391] [BehaviorTreeEngine]: Behavior Tree tick rate 100.00 was exceeded!
[bt_navigator-11] [WARN] [1789630119.948378275] [BehaviorTreeEngine]: Behavior Tree tick rate 100.00 was exceeded!
[bt_navigator-11] [WARN] [1789630119.958858843] [BehaviorTreeEngine]: Behavior Tree tick rate 100.00 was exceeded!
[bt_navigator-11] [WARN] [1789630119.983782058] [BehaviorTreeEngine]: Behavior Tree tick rate 100.00 was exceeded!
[bt_navigator-11] [WARN] [1789630120.101954248] [BehaviorTreeEngine]: Behavior Tree tick rate 100.00 was exceeded!
[bt_navigator-11] [WARN] [1789630120.109283650] [BehaviorTreeEngine]: Behavior Tree tick rate 100.00 was exceeded!
[bt_navigator-11] [WARN] [1789630120.118730555] [BehaviorTreeEngine]: Behavior Tree tick rate 100.00 was exceeded!
[bt_navigator-11] [WARN] [1789630120.123486807] [BehaviorTreeEngine]: Behavior Tree tick rate 100.00 was exceeded!
[bt_navigator-11] [WARN] [1789630120.223884112] [BehaviorTreeEngine]: Behavior Tree tick rate 100.00 was exceeded!
[bt_navigator-11] [WARN] [1789630120.393457890] [BehaviorTreeEngine]: Behavior Tree tick rate 100.00 was exceeded!
[controller_server-8] [INFO] [1789630120.494518690] [controller_server]: Passing new path to controller.
[swerve_bridge_node-14] [WARN] [1789630120.561181590] [swerve_bridge]: Django websocket disconnected: [Errno 111] Connection refused
[bt_navigator-11] [WARN] [1789630120.791562900] [BehaviorTreeEngine]: Behavior Tree tick rate 100.00 was exceeded!
[bt_navigator-11] [WARN] [1789630120.862461918] [BehaviorTreeEngine]: Behavior Tree tick rate 100.00 was exceeded!
[bt_navigator-11] [WARN] [1789630121.033650890] [BehaviorTreeEngine]: Behavior Tree tick rate 100.00 was exceeded!
[bt_navigator-11] [WARN] [1789630121.053476093] [BehaviorTreeEngine]: Behavior Tree tick rate 100.00 was exceeded!
[bt_navigator-11] [WARN] [1789630121.062266575] [BehaviorTreeEngine]: Behavior Tree tick rate 100.00 was exceeded!
[bt_navigator-11] [WARN] [1789630121.102077433] [BehaviorTreeEngine]: Behavior Tree tick rate 100.00 was exceeded!
[bt_navigator-11] [WARN] [1789630121.178733988] [BehaviorTreeEngine]: Behavior Tree tick rate 100.00 was exceeded!
[bt_navigator-11] [WARN] [1789630121.216451718] [BehaviorTreeEngine]: Behavior Tree tick rate 100.00 was exceeded!
[bt_navigator-11] [WARN] [1789630121.419216571] [BehaviorTreeEngine]: Behavior Tree tick rate 100.00 was exceeded!
[controller_server-8] [INFO] [1789630121.494538865] [controller_server]: Passing new path to controller.
[bt_navigator-11] [WARN] [1789630121.565417508] [BehaviorTreeEngine]: Behavior Tree tick rate 100.00 was exceeded!
[controller_server-8] [WARN] [1789630121.595149867] [controller_server]: Control loop missed its desired rate of 10.0000Hz
[bt_navigator-11] [WARN] [1789630121.878324994] [BehaviorTreeEngine]: Behavior Tree tick rate 100.00 was exceeded!
[bt_navigator-11] [WARN] [1789630121.906856167] [BehaviorTreeEngine]: Behavior Tree tick rate 100.00 was exceeded!
[bt_navigator-11] [WARN] [1789630122.131807317] [BehaviorTreeEngine]: Behavior Tree tick rate 100.00 was exceeded!
[bt_navigator-11] [WARN] [1789630122.138900298] [BehaviorTreeEngine]: Behavior Tree tick rate 100.00 was exceeded!
[swerve_bridge_node-14] [WARN] [1789630122.564646335] [swerve_bridge]: Django websocket disconnected: [Errno 111] Connection refused
[controller_server-8] [INFO] [1789630122.596727130] [controller_server]: Passing new path to controller.
[bt_navigator-11] [WARN] [1789630122.937026401] [BehaviorTreeEngine]: Behavior Tree tick rate 100.00 was exceeded!
[bt_navigator-11] [WARN] [1789630123.291173863] [BehaviorTreeEngine]: Behavior Tree tick rate 100.00 was exceeded!
[bt_navigator-11] [WARN] [1789630123.296776398] [BehaviorTreeEngine]: Behavior Tree tick rate 100.00 was exceeded!
[bt_navigator-11] [WARN] [1789630123.423379158] [BehaviorTreeEngine]: Behavior Tree tick rate 100.00 was exceeded!
[bt_navigator-11] [WARN] [1789630123.524722202] [BehaviorTreeEngine]: Behavior Tree tick rate 100.00 was exceeded!
[controller_server-8] [INFO] [1789630123.595681291] [controller_server]: Passing new path to controller.
[bt_navigator-11] [WARN] [1789630124.544234483] [BehaviorTreeEngine]: Behavior Tree tick rate 100.00 was exceeded!
[swerve_bridge_node-14] [WARN] [1789630124.566098992] [swerve_bridge]: Django websocket disconnected: [Errno 111] Connection refused
[controller_server-8] [INFO] [1789630124.595545420] [controller_server]: Passing new path to controller.
[bt_navigator-11] [WARN] [1789630124.737392193] [BehaviorTreeEngine]: Behavior Tree tick rate 100.00 was exceeded!
[bt_navigator-11] [WARN] [1789630124.879510044] [BehaviorTreeEngine]: Behavior Tree tick rate 100.00 was exceeded!
[bt_navigator-11] [WARN] [1789630124.886862774] [BehaviorTreeEngine]: Behavior Tree tick rate 100.00 was exceeded!
[bt_navigator-11] [WARN] [1789630125.075965169] [BehaviorTreeEngine]: Behavior Tree tick rate 100.00 was exceeded!
[bt_navigator-11] [WARN] [1789630125.185415514] [BehaviorTreeEngine]: Behavior Tree tick rate 100.00 was exceeded!
[bt_navigator-11] [WARN] [1789630125.421610826] [BehaviorTreeEngine]: Behavior Tree tick rate 100.00 was exceeded!
[bt_navigator-11] [WARN] [1789630125.424155247] [BehaviorTreeEngine]: Behavior Tree tick rate 100.00 was exceeded!
[bt_navigator-11] [WARN] [1789630125.527556666] [BehaviorTreeEngine]: Behavior Tree tick rate 100.00 was exceeded!
[bt_navigator-11] [WARN] [1789630125.558398927] [BehaviorTreeEngine]: Behavior Tree tick rate 100.00 was exceeded!
[controller_server-8] [INFO] [1789630125.594330218] [controller_server]: Passing new path to controller.
[bt_navigator-11] [WARN] [1789630125.620400818] [BehaviorTreeEngine]: Behavior Tree tick rate 100.00 was exceeded!
[bt_navigator-11] [WARN] [1789630125.711642301] [BehaviorTreeEngine]: Behavior Tree tick rate 100.00 was exceeded!
[bt_navigator-11] [WARN] [1789630125.719754362] [BehaviorTreeEngine]: Behavior Tree tick rate 100.00 was exceeded!
[bt_navigator-11] [WARN] [1789630126.413073868] [BehaviorTreeEngine]: Behavior Tree tick rate 100.00 was exceeded!
[bt_navigator-11] [WARN] [1789630126.547915212] [BehaviorTreeEngine]: Behavior Tree tick rate 100.00 was exceeded!
[swerve_bridge_node-14] [WARN] [1789630126.569748432] [swerve_bridge]: Django websocket disconnected: [Errno 111] Connection refused
[bt_navigator-11] [WARN] [1789630126.607946150] [BehaviorTreeEngine]: Behavior Tree tick rate 100.00 was exceeded!
[controller_server-8] [INFO] [1789630126.693974565] [controller_server]: Passing new path to controller.
[bt_navigator-11] [WARN] [1789630126.699814376] [BehaviorTreeEngine]: Behavior Tree tick rate 100.00 was exceeded!
[bt_navigator-11] [WARN] [1789630127.018928804] [BehaviorTreeEngine]: Behavior Tree tick rate 100.00 was exceeded!
[bt_navigator-11] [WARN] [1789630127.281504846] [BehaviorTreeEngine]: Behavior Tree tick rate 100.00 was exceeded!
[bt_navigator-11] [WARN] [1789630127.333844217] [BehaviorTreeEngine]: Behavior Tree tick rate 100.00 was exceeded!
[bt_navigator-11] [WARN] [1789630127.619608833] [BehaviorTreeEngine]: Behavior Tree tick rate 100.00 was exceeded!
[controller_server-8] [INFO] [1789630127.694893751] [controller_server]: Passing new path to controller.
[bt_navigator-11] [WARN] [1789630127.818446603] [BehaviorTreeEngine]: Behavior Tree tick rate 100.00 was exceeded!
[bt_navigator-11] [WARN] [1789630128.429587045] [BehaviorTreeEngine]: Behavior Tree tick rate 100.00 was exceeded!
[swerve_bridge_node-14] [WARN] [1789630128.571026244] [swerve_bridge]: Django websocket disconnected: [Errno 111] Connection refused
[controller_server-8] [INFO] [1789630128.695350374] [controller_server]: Passing new path to controller.
[bt_navigator-11] [WARN] [1789630128.739778502] [BehaviorTreeEngine]: Behavior Tree tick rate 100.00 was exceeded!
[bt_navigator-11] [WARN] [1789630128.749260637] [BehaviorTreeEngine]: Behavior Tree tick rate 100.00 was exceeded!
[bt_navigator-11] [WARN] [1789630128.768533927] [BehaviorTreeEngine]: Behavior Tree tick rate 100.00 was exceeded!
[bt_navigator-11] [WARN] [1789630129.038596043] [BehaviorTreeEngine]: Behavior Tree tick rate 100.00 was exceeded!
[bt_navigator-11] [WARN] [1789630129.350033980] [BehaviorTreeEngine]: Behavior Tree tick rate 100.00 was exceeded!
[bt_navigator-11] [WARN] [1789630129.418756521] [BehaviorTreeEngine]: Behavior Tree tick rate 100.00 was exceeded!
[bt_navigator-11] [WARN] [1789630129.511735607] [BehaviorTreeEngine]: Behavior Tree tick rate 100.00 was exceeded!
[controller_server-8] [INFO] [1789630129.795563545] [controller_server]: Passing new path to controller.
[bt_navigator-11] [WARN] [1789630130.072818967] [BehaviorTreeEngine]: Behavior Tree tick rate 100.00 was exceeded!
[bt_navigator-11] [WARN] [1789630130.228616216] [BehaviorTreeEngine]: Behavior Tree tick rate 100.00 was exceeded!
[bt_navigator-11] [WARN] [1789630130.277482209] [BehaviorTreeEngine]: Behavior Tree tick rate 100.00 was exceeded!
[bt_navigator-11] [WARN] [1789630130.284190925] [BehaviorTreeEngine]: Behavior Tree tick rate 100.00 was exceeded!
[bt_navigator-11] [WARN] [1789630130.300111155] [BehaviorTreeEngine]: Behavior Tree tick rate 100.00 was exceeded!
[bt_navigator-11] [WARN] [1789630130.322458006] [BehaviorTreeEngine]: Behavior Tree tick rate 100.00 was exceeded!
[bt_navigator-11] [WARN] [1789630130.356472775] [BehaviorTreeEngine]: Behavior Tree tick rate 100.00 was exceeded!
[bt_navigator-11] [WARN] [1789630130.359369900] [BehaviorTreeEngine]: Behavior Tree tick rate 100.00 was exceeded!
[bt_navigator-11] [WARN] [1789630130.499927573] [BehaviorTreeEngine]: Behavior Tree tick rate 100.00 was exceeded!
[bt_navigator-11] [WARN] [1789630130.511877631] [BehaviorTreeEngine]: Behavior Tree tick rate 100.00 was exceeded!
[swerve_bridge_node-14] [WARN] [1789630130.572639390] [swerve_bridge]: Django websocket disconnected: [Errno 111] Connection refused
[controller_server-8] [INFO] [1789630130.795009036] [controller_server]: Passing new path to controller.
[bt_navigator-11] [WARN] [1789630131.060366173] [BehaviorTreeEngine]: Behavior Tree tick rate 100.00 was exceeded!
[bt_navigator-11] [WARN] [1789630131.109141651] [BehaviorTreeEngine]: Behavior Tree tick rate 100.00 was exceeded!
[bt_navigator-11] [WARN] [1789630131.148464599] [BehaviorTreeEngine]: Behavior Tree tick rate 100.00 was exceeded!
[bt_navigator-11] [WARN] [1789630131.174166198] [BehaviorTreeEngine]: Behavior Tree tick rate 100.00 was exceeded!
[bt_navigator-11] [WARN] [1789630131.190198141] [BehaviorTreeEngine]: Behavior Tree tick rate 100.00 was exceeded!
[bt_navigator-11] [WARN] [1789630131.213088728] [BehaviorTreeEngine]: Behavior Tree tick rate 100.00 was exceeded!
[bt_navigator-11] [WARN] [1789630131.226907818] [BehaviorTreeEngine]: Behavior Tree tick rate 100.00 was exceeded!
[bt_navigator-11] [WARN] [1789630131.236764603] [BehaviorTreeEngine]: Behavior Tree tick rate 100.00 was exceeded!
[bt_navigator-11] [WARN] [1789630131.240523278] [BehaviorTreeEngine]: Behavior Tree tick rate 100.00 was exceeded!
[bt_navigator-11] [WARN] [1789630131.739568093] [BehaviorTreeEngine]: Behavior Tree tick rate 100.00 was exceeded!
[bt_navigator-11] [WARN] [1789630131.749359515] [BehaviorTreeEngine]: Behavior Tree tick rate 100.00 was exceeded!
[bt_navigator-11] [WARN] [1789630131.758517797] [BehaviorTreeEngine]: Behavior Tree tick rate 100.00 was exceeded!
[bt_navigator-11] [WARN] [1789630131.771965619] [BehaviorTreeEngine]: Behavior Tree tick rate 100.00 was exceeded!
[controller_server-8] [INFO] [1789630131.794292309] [controller_server]: Passing new path to controller.
[bt_navigator-11] [WARN] [1789630132.550983425] [BehaviorTreeEngine]: Behavior Tree tick rate 100.00 was exceeded!
[swerve_bridge_node-14] [WARN] [1789630132.575599415] [swerve_bridge]: Django websocket disconnected: [Errno 111] Connection refused
[bt_navigator-11] [WARN] [1789630132.640741733] [BehaviorTreeEngine]: Behavior Tree tick rate 100.00 was exceeded!
[bt_navigator-11] [WARN] [1789630132.650342229] [BehaviorTreeEngine]: Behavior Tree tick rate 100.00 was exceeded!
[bt_navigator-11] [WARN] [1789630132.786448643] [BehaviorTreeEngine]: Behavior Tree tick rate 100.00 was exceeded!
[bt_navigator-11] [WARN] [1789630132.791146152] [BehaviorTreeEngine]: Behavior Tree tick rate 100.00 was exceeded!
[controller_server-8] [INFO] [1789630132.795978749] [controller_server]: Passing new path to controller.
[bt_navigator-11] [WARN] [1789630132.805832690] [BehaviorTreeEngine]: Behavior Tree tick rate 100.00 was exceeded!
[bt_navigator-11] [WARN] [1789630133.220974142] [BehaviorTreeEngine]: Behavior Tree tick rate 100.00 was exceeded!
[bt_navigator-11] [WARN] [1789630133.388629143] [BehaviorTreeEngine]: Behavior Tree tick rate 100.00 was exceeded!
[bt_navigator-11] [WARN] [1789630133.419091384] [BehaviorTreeEngine]: Behavior Tree tick rate 100.00 was exceeded!
[bt_navigator-11] [WARN] [1789630133.463667544] [BehaviorTreeEngine]: Behavior Tree tick rate 100.00 was exceeded!
[bt_navigator-11] [WARN] [1789630133.469245034] [BehaviorTreeEngine]: Behavior Tree tick rate 100.00 was exceeded!
[bt_navigator-11] [WARN] [1789630133.538779374] [BehaviorTreeEngine]: Behavior Tree tick rate 100.00 was exceeded!
[bt_navigator-11] [WARN] [1789630133.811257263] [BehaviorTreeEngine]: Behavior Tree tick rate 100.00 was exceeded!
[controller_server-8] [INFO] [1789630133.894035138] [controller_server]: Passing new path to controller.
[swerve_bridge_node-14] [WARN] [1789630134.583936039] [swerve_bridge]: Django websocket disconnected: [Errno 111] Connection refused
[controller_server-8] [INFO] [1789630134.895089069] [controller_server]: Passing new path to controller.
[bt_navigator-11] [WARN] [1789630135.108970394] [BehaviorTreeEngine]: Behavior Tree tick rate 100.00 was exceeded!
[bt_navigator-11] [WARN] [1789630135.489458818] [BehaviorTreeEngine]: Behavior Tree tick rate 100.00 was exceeded!
[bt_navigator-11] [WARN] [1789630135.549840151] [BehaviorTreeEngine]: Behavior Tree tick rate 100.00 was exceeded!
[bt_navigator-11] [WARN] [1789630135.669328998] [BehaviorTreeEngine]: Behavior Tree tick rate 100.00 was exceeded!
[bt_navigator-11] [WARN] [1789630135.740559941] [BehaviorTreeEngine]: Behavior Tree tick rate 100.00 was exceeded!
[bt_navigator-11] [WARN] [1789630135.749529989] [BehaviorTreeEngine]: Behavior Tree tick rate 100.00 was exceeded!
[bt_navigator-11] [WARN] [1789630135.877438319] [BehaviorTreeEngine]: Behavior Tree tick rate 100.00 was exceeded!
[bt_navigator-11] [WARN] [1789630135.880727753] [BehaviorTreeEngine]: Behavior Tree tick rate 100.00 was exceeded!
[bt_navigator-11] [WARN] [1789630135.892813995] [BehaviorTreeEngine]: Behavior Tree tick rate 100.00 was exceeded!
[controller_server-8] [INFO] [1789630135.896063721] [controller_server]: Passing new path to controller.
[bt_navigator-11] [WARN] [1789630136.441504696] [BehaviorTreeEngine]: Behavior Tree tick rate 100.00 was exceeded!
[bt_navigator-11] [WARN] [1789630136.512259216] [BehaviorTreeEngine]: Behavior Tree tick rate 100.00 was exceeded!
[bt_navigator-11] [WARN] [1789630136.539399236] [BehaviorTreeEngine]: Behavior Tree tick rate 100.00 was exceeded!
[swerve_bridge_node-14] [WARN] [1789630136.586663082] [swerve_bridge]: Django websocket disconnected: [Errno 111] Connection refused
[bt_navigator-11] [WARN] [1789630136.710430266] [BehaviorTreeEngine]: Behavior Tree tick rate 100.00 was exceeded!
[bt_navigator-11] [WARN] [1789630136.826880227] [BehaviorTreeEngine]: Behavior Tree tick rate 100.00 was exceeded!
[bt_navigator-11] [WARN] [1789630136.848808002] [BehaviorTreeEngine]: Behavior Tree tick rate 100.00 was exceeded!
[controller_server-8] [WARN] [1789630136.894547143] [controller_server]: Control loop missed its desired rate of 10.0000Hz
[bt_navigator-11] [WARN] [1789630136.900668399] [BehaviorTreeEngine]: Behavior Tree tick rate 100.00 was exceeded!
[controller_server-8] [INFO] [1789630136.994544578] [controller_server]: Passing new path to controller.
[bt_navigator-11] [WARN] [1789630137.912061821] [BehaviorTreeEngine]: Behavior Tree tick rate 100.00 was exceeded!
[bt_navigator-11] [WARN] [1789630137.921200327] [BehaviorTreeEngine]: Behavior Tree tick rate 100.00 was exceeded!
[bt_navigator-11] [WARN] [1789630137.982994582] [BehaviorTreeEngine]: Behavior Tree tick rate 100.00 was exceeded!
[controller_server-8] [INFO] [1789630137.994271422] [controller_server]: Passing new path to controller.
[bt_navigator-11] [WARN] [1789630138.026756173] [BehaviorTreeEngine]: Behavior Tree tick rate 100.00 was exceeded!
[bt_navigator-11] [WARN] [1789630138.034253549] [BehaviorTreeEngine]: Behavior Tree tick rate 100.00 was exceeded!
[bt_navigator-11] [WARN] [1789630138.343598223] [BehaviorTreeEngine]: Behavior Tree tick rate 100.00 was exceeded!
[bt_navigator-11] [WARN] [1789630138.364456021] [BehaviorTreeEngine]: Behavior Tree tick rate 100.00 was exceeded!
[swerve_bridge_node-14] [WARN] [1789630138.594232315] [swerve_bridge]: Django websocket disconnected: [Errno 111] Connection refused
[bt_navigator-11] [WARN] [1789630138.743898923] [BehaviorTreeEngine]: Behavior Tree tick rate 100.00 was exceeded!
[bt_navigator-11] [WARN] [1789630138.787194211] [BehaviorTreeEngine]: Behavior Tree tick rate 100.00 was exceeded!
[controller_server-8] [INFO] [1789630138.993973724] [controller_server]: Passing new path to controller.
[bt_navigator-11] [WARN] [1789630139.084183722] [BehaviorTreeEngine]: Behavior Tree tick rate 100.00 was exceeded!
[bt_navigator-11] [WARN] [1789630139.161288752] [BehaviorTreeEngine]: Behavior Tree tick rate 100.00 was exceeded!
[bt_navigator-11] [WARN] [1789630139.466764502] [BehaviorTreeEngine]: Behavior Tree tick rate 100.00 was exceeded!
[bt_navigator-11] [WARN] [1789630139.515939216] [BehaviorTreeEngine]: Behavior Tree tick rate 100.00 was exceeded!
[bt_navigator-11] [WARN] [1789630139.726052128] [BehaviorTreeEngine]: Behavior Tree tick rate 100.00 was exceeded!
[controller_server-8] [INFO] [1789630139.997842965] [controller_server]: Passing new path to controller.
[bt_navigator-11] [WARN] [1789630140.184950620] [BehaviorTreeEngine]: Behavior Tree tick rate 100.00 was exceeded!
[bt_navigator-11] [WARN] [1789630140.188372789] [BehaviorTreeEngine]: Behavior Tree tick rate 100.00 was exceeded!
[bt_navigator-11] [WARN] [1789630140.207874228] [BehaviorTreeEngine]: Behavior Tree tick rate 100.00 was exceeded!
[bt_navigator-11] [WARN] [1789630140.241276768] [BehaviorTreeEngine]: Behavior Tree tick rate 100.00 was exceeded!
[bt_navigator-11] [WARN] [1789630140.298000592] [BehaviorTreeEngine]: Behavior Tree tick rate 100.00 was exceeded!
[bt_navigator-11] [WARN] [1789630140.356134969] [BehaviorTreeEngine]: Behavior Tree tick rate 100.00 was exceeded!
[bt_navigator-11] [WARN] [1789630140.377631003] [BehaviorTreeEngine]: Behavior Tree tick rate 100.00 was exceeded!
[bt_navigator-11] [WARN] [1789630140.438900732] [BehaviorTreeEngine]: Behavior Tree tick rate 100.00 was exceeded!
[swerve_bridge_node-14] [WARN] [1789630140.597707872] [swerve_bridge]: Django websocket disconnected: [Errno 111] Connection refused
[bt_navigator-11] [WARN] [1789630141.017047448] [BehaviorTreeEngine]: Behavior Tree tick rate 100.00 was exceeded!
[controller_server-8] [INFO] [1789630141.095818583] [controller_server]: Passing new path to controller.
[bt_navigator-11] [WARN] [1789630141.147108614] [BehaviorTreeEngine]: Behavior Tree tick rate 100.00 was exceeded!
[bt_navigator-11] [WARN] [1789630141.319705680] [BehaviorTreeEngine]: Behavior Tree tick rate 100.00 was exceeded!
[bt_navigator-11] [WARN] [1789630141.334960332] [BehaviorTreeEngine]: Behavior Tree tick rate 100.00 was exceeded!
[bt_navigator-11] [WARN] [1789630141.346066841] [BehaviorTreeEngine]: Behavior Tree tick rate 100.00 was exceeded!
[bt_navigator-11] [WARN] [1789630141.406828351] [BehaviorTreeEngine]: Behavior Tree tick rate 100.00 was exceeded!
[bt_navigator-11] [WARN] [1789630141.427741161] [BehaviorTreeEngine]: Behavior Tree tick rate 100.00 was exceeded!
[bt_navigator-11] [WARN] [1789630141.469419081] [BehaviorTreeEngine]: Behavior Tree tick rate 100.00 was exceeded!
[bt_navigator-11] [WARN] [1789630141.768380179] [BehaviorTreeEngine]: Behavior Tree tick rate 100.00 was exceeded!
[bt_navigator-11] [WARN] [1789630141.923313286] [BehaviorTreeEngine]: Behavior Tree tick rate 100.00 was exceeded!
[bt_navigator-11] [WARN] [1789630141.929170840] [BehaviorTreeEngine]: Behavior Tree tick rate 100.00 was exceeded!
[bt_navigator-11] [WARN] [1789630142.028053656] [BehaviorTreeEngine]: Behavior Tree tick rate 100.00 was exceeded!
[bt_navigator-11] [WARN] [1789630142.083358487] [BehaviorTreeEngine]: Behavior Tree tick rate 100.00 was exceeded!
[controller_server-8] [INFO] [1789630142.094076556] [controller_server]: Passing new path to controller.
[bt_navigator-11] [WARN] [1789630142.421227984] [BehaviorTreeEngine]: Behavior Tree tick rate 100.00 was exceeded!
[bt_navigator-11] [WARN] [1789630142.498303801] [BehaviorTreeEngine]: Behavior Tree tick rate 100.00 was exceeded!
[swerve_bridge_node-14] [WARN] [1789630142.600168491] [swerve_bridge]: Django websocket disconnected: [Errno 111] Connection refused
[bt_navigator-11] [WARN] [1789630142.752826053] [BehaviorTreeEngine]: Behavior Tree tick rate 100.00 was exceeded!
[bt_navigator-11] [WARN] [1789630142.762370881] [BehaviorTreeEngine]: Behavior Tree tick rate 100.00 was exceeded!
[bt_navigator-11] [WARN] [1789630142.809555518] [BehaviorTreeEngine]: Behavior Tree tick rate 100.00 was exceeded!
[bt_navigator-11] [WARN] [1789630143.008387724] [BehaviorTreeEngine]: Behavior Tree tick rate 100.00 was exceeded!
[controller_server-8] [INFO] [1789630143.094583330] [controller_server]: Passing new path to controller.
[bt_navigator-11] [WARN] [1789630143.478780878] [BehaviorTreeEngine]: Behavior Tree tick rate 100.00 was exceeded!
[bt_navigator-11] [WARN] [1789630143.602001530] [BehaviorTreeEngine]: Behavior Tree tick rate 100.00 was exceeded!
[bt_navigator-11] [WARN] [1789630143.708852909] [BehaviorTreeEngine]: Behavior Tree tick rate 100.00 was exceeded!
[bt_navigator-11] [WARN] [1789630144.010188582] [BehaviorTreeEngine]: Behavior Tree tick rate 100.00 was exceeded!
[bt_navigator-11] [WARN] [1789630144.099011876] [BehaviorTreeEngine]: Behavior Tree tick rate 100.00 was exceeded!
[bt_navigator-11] [WARN] [1789630144.119570908] [BehaviorTreeEngine]: Behavior Tree tick rate 100.00 was exceeded!
[controller_server-8] [INFO] [1789630144.194321998] [controller_server]: Passing new path to controller.
[bt_navigator-11] [WARN] [1789630144.329723566] [BehaviorTreeEngine]: Behavior Tree tick rate 100.00 was exceeded!
[bt_navigator-11] [WARN] [1789630144.340638823] [BehaviorTreeEngine]: Behavior Tree tick rate 100.00 was exceeded!
[bt_navigator-11] [WARN] [1789630144.394953744] [BehaviorTreeEngine]: Behavior Tree tick rate 100.00 was exceeded!
[bt_navigator-11] [WARN] [1789630144.535266951] [BehaviorTreeEngine]: Behavior Tree tick rate 100.00 was exceeded!
[swerve_bridge_node-14] [WARN] [1789630144.602603676] [swerve_bridge]: Django websocket disconnected: [Errno 111] Connection refused
[bt_navigator-11] [WARN] [1789630144.925544490] [BehaviorTreeEngine]: Behavior Tree tick rate 100.00 was exceeded!
[bt_navigator-11] [WARN] [1789630144.950555054] [BehaviorTreeEngine]: Behavior Tree tick rate 100.00 was exceeded!
[bt_navigator-11] [WARN] [1789630144.966768687] [BehaviorTreeEngine]: Behavior Tree tick rate 100.00 was exceeded!
[controller_server-8] [INFO] [1789630145.194584667] [controller_server]: Passing new path to controller.
[bt_navigator-11] [WARN] [1789630145.358904682] [BehaviorTreeEngine]: Behavior Tree tick rate 100.00 was exceeded!
[bt_navigator-11] [WARN] [1789630145.425485765] [BehaviorTreeEngine]: Behavior Tree tick rate 100.00 was exceeded!
[bt_navigator-11] [WARN] [1789630145.499000358] [BehaviorTreeEngine]: Behavior Tree tick rate 100.00 was exceeded!
[bt_navigator-11] [WARN] [1789630145.661786483] [BehaviorTreeEngine]: Behavior Tree tick rate 100.00 was exceeded!
[bt_navigator-11] [WARN] [1789630145.670438754] [BehaviorTreeEngine]: Behavior Tree tick rate 100.00 was exceeded!
[bt_navigator-11] [WARN] [1789630145.913474197] [BehaviorTreeEngine]: Behavior Tree tick rate 100.00 was exceeded!
[bt_navigator-11] [WARN] [1789630146.044550536] [BehaviorTreeEngine]: Behavior Tree tick rate 100.00 was exceeded!
[bt_navigator-11] [WARN] [1789630146.052507711] [BehaviorTreeEngine]: Behavior Tree tick rate 100.00 was exceeded!
[bt_navigator-11] [WARN] [1789630146.136527820] [BehaviorTreeEngine]: Behavior Tree tick rate 100.00 was exceeded!
[bt_navigator-11] [WARN] [1789630146.149411890] [BehaviorTreeEngine]: Behavior Tree tick rate 100.00 was exceeded!
[controller_server-8] [INFO] [1789630146.194004540] [controller_server]: Passing new path to controller.
[bt_navigator-11] [WARN] [1789630146.412262138] [BehaviorTreeEngine]: Behavior Tree tick rate 100.00 was exceeded!
[bt_navigator-11] [WARN] [1789630146.551894041] [BehaviorTreeEngine]: Behavior Tree tick rate 100.00 was exceeded!
[swerve_bridge_node-14] [WARN] [1789630146.620770135] [swerve_bridge]: Django websocket disconnected: [Errno 111] Connection refused
[bt_navigator-11] [WARN] [1789630146.625005113] [BehaviorTreeEngine]: Behavior Tree tick rate 100.00 was exceeded!
[controller_server-8] [WARN] [1789630146.630151728] [controller_server]: Control loop missed its desired rate of 10.0000Hz
[bt_navigator-11] [WARN] [1789630146.829680197] [BehaviorTreeEngine]: Behavior Tree tick rate 100.00 was exceeded!
[bt_navigator-11] [WARN] [1789630146.922443073] [BehaviorTreeEngine]: Behavior Tree tick rate 100.00 was exceeded!
[bt_navigator-11] [WARN] [1789630146.931752645] [BehaviorTreeEngine]: Behavior Tree tick rate 100.00 was exceeded!
[bt_navigator-11] [WARN] [1789630147.006113671] [BehaviorTreeEngine]: Behavior Tree tick rate 100.00 was exceeded!
[bt_navigator-11] [WARN] [1789630147.037225695] [BehaviorTreeEngine]: Behavior Tree tick rate 100.00 was exceeded!
[bt_navigator-11] [WARN] [1789630147.155839402] [BehaviorTreeEngine]: Behavior Tree tick rate 100.00 was exceeded!
[bt_navigator-11] [WARN] [1789630147.199190779] [BehaviorTreeEngine]: Behavior Tree tick rate 100.00 was exceeded!
[controller_server-8] [INFO] [1789630147.295542420] [controller_server]: Passing new path to controller.
[bt_navigator-11] [WARN] [1789630147.304615757] [BehaviorTreeEngine]: Behavior Tree tick rate 100.00 was exceeded!
[bt_navigator-11] [WARN] [1789630147.427954163] [BehaviorTreeEngine]: Behavior Tree tick rate 100.00 was exceeded!
[bt_navigator-11] [WARN] [1789630147.594944435] [BehaviorTreeEngine]: Behavior Tree tick rate 100.00 was exceeded!
[bt_navigator-11] [WARN] [1789630147.614739432] [BehaviorTreeEngine]: Behavior Tree tick rate 100.00 was exceeded!
[bt_navigator-11] [WARN] [1789630147.876221335] [BehaviorTreeEngine]: Behavior Tree tick rate 100.00 was exceeded!
[bt_navigator-11] [WARN] [1789630147.936257298] [BehaviorTreeEngine]: Behavior Tree tick rate 100.00 was exceeded!
[bt_navigator-11] [WARN] [1789630148.014770104] [BehaviorTreeEngine]: Behavior Tree tick rate 100.00 was exceeded!
[controller_server-8] [WARN] [1789630148.329589979] [controller_server]: Control loop missed its desired rate of 10.0000Hz
[controller_server-8] [INFO] [1789630148.329652109] [controller_server]: Passing new path to controller.
[bt_navigator-11] [WARN] [1789630148.343293560] [BehaviorTreeEngine]: Behavior Tree tick rate 100.00 was exceeded!
[bt_navigator-11] [WARN] [1789630148.347570539] [BehaviorTreeEngine]: Behavior Tree tick rate 100.00 was exceeded!
[bt_navigator-11] [WARN] [1789630148.425990032] [BehaviorTreeEngine]: Behavior Tree tick rate 100.00 was exceeded!
[swerve_bridge_node-14] [WARN] [1789630148.624748108] [swerve_bridge]: Django websocket disconnected: [Errno 111] Connection refused
[bt_navigator-11] [WARN] [1789630148.925289138] [BehaviorTreeEngine]: Behavior Tree tick rate 100.00 was exceeded!
[bt_navigator-11] [WARN] [1789630148.971039233] [BehaviorTreeEngine]: Behavior Tree tick rate 100.00 was exceeded!
[controller_server-8] [INFO] [1789630149.294786820] [controller_server]: Passing new path to controller.
[bt_navigator-11] [WARN] [1789630149.313158502] [BehaviorTreeEngine]: Behavior Tree tick rate 100.00 was exceeded!
[bt_navigator-11] [WARN] [1789630149.417439253] [BehaviorTreeEngine]: Behavior Tree tick rate 100.00 was exceeded!
[bt_navigator-11] [WARN] [1789630150.273357547] [BehaviorTreeEngine]: Behavior Tree tick rate 100.00 was exceeded!
[controller_server-8] [INFO] [1789630150.295911207] [controller_server]: Passing new path to controller.
[bt_navigator-11] [WARN] [1789630150.436585054] [BehaviorTreeEngine]: Behavior Tree tick rate 100.00 was exceeded!
[bt_navigator-11] [WARN] [1789630150.476874797] [BehaviorTreeEngine]: Behavior Tree tick rate 100.00 was exceeded!
[bt_navigator-11] [WARN] [1789630150.527962221] [BehaviorTreeEngine]: Behavior Tree tick rate 100.00 was exceeded!
[bt_navigator-11] [WARN] [1789630150.535264381] [BehaviorTreeEngine]: Behavior Tree tick rate 100.00 was exceeded!
[bt_navigator-11] [WARN] [1789630150.553888334] [BehaviorTreeEngine]: Behavior Tree tick rate 100.00 was exceeded!
[bt_navigator-11] [WARN] [1789630150.588235193] [BehaviorTreeEngine]: Behavior Tree tick rate 100.00 was exceeded!
[bt_navigator-11] [WARN] [1789630150.595824816] [BehaviorTreeEngine]: Behavior Tree tick rate 100.00 was exceeded!
[bt_navigator-11] [WARN] [1789630150.615020999] [BehaviorTreeEngine]: Behavior Tree tick rate 100.00 was exceeded!
[swerve_bridge_node-14] [WARN] [1789630150.634197236] [swerve_bridge]: Django websocket disconnected: [Errno 111] Connection refused
[bt_navigator-11] [WARN] [1789630150.661103057] [BehaviorTreeEngine]: Behavior Tree tick rate 100.00 was exceeded!
[bt_navigator-11] [WARN] [1789630150.734736257] [BehaviorTreeEngine]: Behavior Tree tick rate 100.00 was exceeded!
[bt_navigator-11] [WARN] [1789630150.757747548] [BehaviorTreeEngine]: Behavior Tree tick rate 100.00 was exceeded!
[bt_navigator-11] [WARN] [1789630150.918442461] [BehaviorTreeEngine]: Behavior Tree tick rate 100.00 was exceeded!
[bt_navigator-11] [WARN] [1789630151.015366434] [BehaviorTreeEngine]: Behavior Tree tick rate 100.00 was exceeded!
[bt_navigator-11] [WARN] [1789630151.054481842] [BehaviorTreeEngine]: Behavior Tree tick rate 100.00 was exceeded!
[bt_navigator-11] [WARN] [1789630151.134111680] [BehaviorTreeEngine]: Behavior Tree tick rate 100.00 was exceeded!
[bt_navigator-11] [WARN] [1789630151.336562390] [BehaviorTreeEngine]: Behavior Tree tick rate 100.00 was exceeded!
[controller_server-8] [INFO] [1789630151.394361436] [controller_server]: Passing new path to controller.
[bt_navigator-11] [WARN] [1789630151.484965110] [BehaviorTreeEngine]: Behavior Tree tick rate 100.00 was exceeded!
[bt_navigator-11] [WARN] [1789630151.528402572] [BehaviorTreeEngine]: Behavior Tree tick rate 100.00 was exceeded!
[bt_navigator-11] [WARN] [1789630151.781683311] [BehaviorTreeEngine]: Behavior Tree tick rate 100.00 was exceeded!
[bt_navigator-11] [WARN] [1789630151.896551042] [BehaviorTreeEngine]: Behavior Tree tick rate 100.00 was exceeded!
[bt_navigator-11] [WARN] [1789630152.020454583] [BehaviorTreeEngine]: Behavior Tree tick rate 100.00 was exceeded!
[bt_navigator-11] [WARN] [1789630152.081129516] [BehaviorTreeEngine]: Behavior Tree tick rate 100.00 was exceeded!
[bt_navigator-11] [WARN] [1789630152.175611134] [BehaviorTreeEngine]: Behavior Tree tick rate 100.00 was exceeded!
[controller_server-8] [INFO] [1789630152.395242090] [controller_server]: Passing new path to controller.
[bt_navigator-11] [WARN] [1789630152.526281156] [BehaviorTreeEngine]: Behavior Tree tick rate 100.00 was exceeded!
[bt_navigator-11] [WARN] [1789630152.631174661] [BehaviorTreeEngine]: Behavior Tree tick rate 100.00 was exceeded!
[swerve_bridge_node-14] [WARN] [1789630152.638572739] [swerve_bridge]: Django websocket disconnected: [Errno 111] Connection refused
[bt_navigator-11] [WARN] [1789630152.856861273] [BehaviorTreeEngine]: Behavior Tree tick rate 100.00 was exceeded!
[bt_navigator-11] [WARN] [1789630152.872993410] [BehaviorTreeEngine]: Behavior Tree tick rate 100.00 was exceeded!
[bt_navigator-11] [WARN] [1789630153.282232969] [BehaviorTreeEngine]: Behavior Tree tick rate 100.00 was exceeded!
[bt_navigator-11] [WARN] [1789630153.291044862] [BehaviorTreeEngine]: Behavior Tree tick rate 100.00 was exceeded!
[controller_server-8] [INFO] [1789630153.394048138] [controller_server]: Passing new path to controller.
[bt_navigator-11] [WARN] [1789630153.549181018] [BehaviorTreeEngine]: Behavior Tree tick rate 100.00 was exceeded!
[bt_navigator-11] [WARN] [1789630153.813940300] [BehaviorTreeEngine]: Behavior Tree tick rate 100.00 was exceeded!
[bt_navigator-11] [WARN] [1789630153.822849373] [BehaviorTreeEngine]: Behavior Tree tick rate 100.00 was exceeded!
[bt_navigator-11] [WARN] [1789630154.280282722] [BehaviorTreeEngine]: Behavior Tree tick rate 100.00 was exceeded!
[bt_navigator-11] [WARN] [1789630154.350383304] [BehaviorTreeEngine]: Behavior Tree tick rate 100.00 was exceeded!
[bt_navigator-11] [WARN] [1789630154.443003598] [BehaviorTreeEngine]: Behavior Tree tick rate 100.00 was exceeded!
[controller_server-8] [INFO] [1789630154.494668494] [controller_server]: Passing new path to controller.
[bt_navigator-11] [WARN] [1789630154.568106893] [BehaviorTreeEngine]: Behavior Tree tick rate 100.00 was exceeded!
[swerve_bridge_node-14] [WARN] [1789630154.641616872] [swerve_bridge]: Django websocket disconnected: [Errno 111] Connection refused
[bt_navigator-11] [WARN] [1789630154.710808400] [BehaviorTreeEngine]: Behavior Tree tick rate 100.00 was exceeded!
[bt_navigator-11] [WARN] [1789630154.763688608] [BehaviorTreeEngine]: Behavior Tree tick rate 100.00 was exceeded!
[bt_navigator-11] [WARN] [1789630155.170418726] [BehaviorTreeEngine]: Behavior Tree tick rate 100.00 was exceeded!
[bt_navigator-11] [WARN] [1789630155.174186731] [BehaviorTreeEngine]: Behavior Tree tick rate 100.00 was exceeded!
[bt_navigator-11] [WARN] [1789630155.264218575] [BehaviorTreeEngine]: Behavior Tree tick rate 100.00 was exceeded!
[controller_server-8] [INFO] [1789630155.494021552] [controller_server]: Passing new path to controller.
[bt_navigator-11] [WARN] [1789630155.817259139] [BehaviorTreeEngine]: Behavior Tree tick rate 100.00 was exceeded!
[bt_navigator-11] [WARN] [1789630155.843747061] [BehaviorTreeEngine]: Behavior Tree tick rate 100.00 was exceeded!
[bt_navigator-11] [WARN] [1789630155.854402697] [BehaviorTreeEngine]: Behavior Tree tick rate 100.00 was exceeded!
[bt_navigator-11] [WARN] [1789630155.907356089] [BehaviorTreeEngine]: Behavior Tree tick rate 100.00 was exceeded!
[bt_navigator-11] [WARN] [1789630156.061626753] [BehaviorTreeEngine]: Behavior Tree tick rate 100.00 was exceeded!
[bt_navigator-11] [WARN] [1789630156.252433077] [BehaviorTreeEngine]: Behavior Tree tick rate 100.00 was exceeded!
[bt_navigator-11] [WARN] [1789630156.278380571] [BehaviorTreeEngine]: Behavior Tree tick rate 100.00 was exceeded!
[bt_navigator-11] [WARN] [1789630156.315731454] [BehaviorTreeEngine]: Behavior Tree tick rate 100.00 was exceeded!
[bt_navigator-11] [WARN] [1789630156.321895128] [BehaviorTreeEngine]: Behavior Tree tick rate 100.00 was exceeded!
[controller_server-8] [INFO] [1789630156.494207202] [controller_server]: Passing new path to controller.
[swerve_bridge_node-14] [WARN] [1789630156.646978462] [swerve_bridge]: Django websocket disconnected: [Errno 111] Connection refused
[bt_navigator-11] [WARN] [1789630156.804073620] [BehaviorTreeEngine]: Behavior Tree tick rate 100.00 was exceeded!
[bt_navigator-11] [WARN] [1789630156.932492230] [BehaviorTreeEngine]: Behavior Tree tick rate 100.00 was exceeded!
[bt_navigator-11] [WARN] [1789630156.945217589] [BehaviorTreeEngine]: Behavior Tree tick rate 100.00 was exceeded!
[bt_navigator-11] [WARN] [1789630157.123616265] [BehaviorTreeEngine]: Behavior Tree tick rate 100.00 was exceeded!
[bt_navigator-11] [WARN] [1789630157.326164893] [BehaviorTreeEngine]: Behavior Tree tick rate 100.00 was exceeded!
[bt_navigator-11] [WARN] [1789630157.398384582] [BehaviorTreeEngine]: Behavior Tree tick rate 100.00 was exceeded!
[bt_navigator-11] [WARN] [1789630157.439982588] [BehaviorTreeEngine]: Behavior Tree tick rate 100.00 was exceeded!
[controller_server-8] [INFO] [1789630157.493837197] [controller_server]: Passing new path to controller.
[bt_navigator-11] [WARN] [1789630157.624766555] [BehaviorTreeEngine]: Behavior Tree tick rate 100.00 was exceeded!
[bt_navigator-11] [WARN] [1789630157.633757356] [BehaviorTreeEngine]: Behavior Tree tick rate 100.00 was exceeded!
[bt_navigator-11] [WARN] [1789630157.641093885] [BehaviorTreeEngine]: Behavior Tree tick rate 100.00 was exceeded!
[bt_navigator-11] [WARN] [1789630157.720182720] [BehaviorTreeEngine]: Behavior Tree tick rate 100.00 was exceeded!
[bt_navigator-11] [WARN] [1789630158.460949897] [BehaviorTreeEngine]: Behavior Tree tick rate 100.00 was exceeded!
[controller_server-8] [INFO] [1789630158.594047790] [controller_server]: Passing new path to controller.
[bt_navigator-11] [WARN] [1789630158.631062202] [BehaviorTreeEngine]: Behavior Tree tick rate 100.00 was exceeded!
[swerve_bridge_node-14] [WARN] [1789630158.650023905] [swerve_bridge]: Django websocket disconnected: [Errno 111] Connection refused
[bt_navigator-11] [WARN] [1789630158.911109115] [BehaviorTreeEngine]: Behavior Tree tick rate 100.00 was exceeded!
[bt_navigator-11] [WARN] [1789630159.082128475] [BehaviorTreeEngine]: Behavior Tree tick rate 100.00 was exceeded!
[bt_navigator-11] [WARN] [1789630159.130201602] [BehaviorTreeEngine]: Behavior Tree tick rate 100.00 was exceeded!
[bt_navigator-11] [WARN] [1789630159.131189561] [BehaviorTreeEngine]: Behavior Tree tick rate 100.00 was exceeded!
[bt_navigator-11] [WARN] [1789630159.172593531] [BehaviorTreeEngine]: Behavior Tree tick rate 100.00 was exceeded!
[bt_navigator-11] [WARN] [1789630159.183898967] [BehaviorTreeEngine]: Behavior Tree tick rate 100.00 was exceeded!
[bt_navigator-11] [WARN] [1789630159.264792430] [BehaviorTreeEngine]: Behavior Tree tick rate 100.00 was exceeded!
[bt_navigator-11] [WARN] [1789630159.526296243] [BehaviorTreeEngine]: Behavior Tree tick rate 100.00 was exceeded!
[controller_server-8] [INFO] [1789630159.593966658] [controller_server]: Passing new path to controller.
[bt_navigator-11] [WARN] [1789630159.675082366] [BehaviorTreeEngine]: Behavior Tree tick rate 100.00 was exceeded!
[bt_navigator-11] [WARN] [1789630159.744582546] [BehaviorTreeEngine]: Behavior Tree tick rate 100.00 was exceeded!
[bt_navigator-11] [WARN] [1789630160.232403950] [BehaviorTreeEngine]: Behavior Tree tick rate 100.00 was exceeded!
[controller_server-8] [WARN] [1789630160.300343908] [controller_server]: Control loop missed its desired rate of 10.0000Hz
[bt_navigator-11] [WARN] [1789630160.316906151] [BehaviorTreeEngine]: Behavior Tree tick rate 100.00 was exceeded!
[bt_navigator-11] [WARN] [1789630160.354018264] [BehaviorTreeEngine]: Behavior Tree tick rate 100.00 was exceeded!
[bt_navigator-11] [WARN] [1789630160.372967644] [BehaviorTreeEngine]: Behavior Tree tick rate 100.00 was exceeded!
[controller_server-8] [INFO] [1789630160.594593811] [controller_server]: Passing new path to controller.
[swerve_bridge_node-14] [WARN] [1789630160.653170274] [swerve_bridge]: Django websocket disconnected: [Errno 111] Connection refused
[bt_navigator-11] [WARN] [1789630160.839924831] [BehaviorTreeEngine]: Behavior Tree tick rate 100.00 was exceeded!
[bt_navigator-11] [WARN] [1789630161.042817964] [BehaviorTreeEngine]: Behavior Tree tick rate 100.00 was exceeded!
[bt_navigator-11] [WARN] [1789630161.163540940] [BehaviorTreeEngine]: Behavior Tree tick rate 100.00 was exceeded!
[bt_navigator-11] [WARN] [1789630161.557162583] [BehaviorTreeEngine]: Behavior Tree tick rate 100.00 was exceeded!
[controller_server-8] [INFO] [1789630161.594426681] [controller_server]: Passing new path to controller.
[bt_navigator-11] [WARN] [1789630161.612462306] [BehaviorTreeEngine]: Behavior Tree tick rate 100.00 was exceeded!
[bt_navigator-11] [WARN] [1789630161.703735883] [BehaviorTreeEngine]: Behavior Tree tick rate 100.00 was exceeded!
[bt_navigator-11] [WARN] [1789630161.744670300] [BehaviorTreeEngine]: Behavior Tree tick rate 100.00 was exceeded!
[controller_server-8] [WARN] [1789630161.800622788] [controller_server]: Control loop missed its desired rate of 10.0000Hz
[bt_navigator-11] [WARN] [1789630161.934806792] [BehaviorTreeEngine]: Behavior Tree tick rate 100.00 was exceeded!
[bt_navigator-11] [WARN] [1789630162.048073803] [BehaviorTreeEngine]: Behavior Tree tick rate 100.00 was exceeded!
[bt_navigator-11] [WARN] [1789630162.378308135] [BehaviorTreeEngine]: Behavior Tree tick rate 100.00 was exceeded!
[bt_navigator-11] [WARN] [1789630162.599478283] [BehaviorTreeEngine]: Behavior Tree tick rate 100.00 was exceeded!
[swerve_bridge_node-14] [WARN] [1789630162.656260896] [swerve_bridge]: Django websocket disconnected: [Errno 111] Connection refused
[controller_server-8] [INFO] [1789630162.694965176] [controller_server]: Passing new path to controller.
[bt_navigator-11] [WARN] [1789630162.926222595] [BehaviorTreeEngine]: Behavior Tree tick rate 100.00 was exceeded!
[bt_navigator-11] [WARN] [1789630162.976808397] [BehaviorTreeEngine]: Behavior Tree tick rate 100.00 was exceeded!
[bt_navigator-11] [WARN] [1789630163.128962559] [BehaviorTreeEngine]: Behavior Tree tick rate 100.00 was exceeded!
[bt_navigator-11] [WARN] [1789630163.313273969] [BehaviorTreeEngine]: Behavior Tree tick rate 100.00 was exceeded!
[bt_navigator-11] [WARN] [1789630163.318047097] [BehaviorTreeEngine]: Behavior Tree tick rate 100.00 was exceeded!
[bt_navigator-11] [WARN] [1789630163.477782607] [BehaviorTreeEngine]: Behavior Tree tick rate 100.00 was exceeded!
[bt_navigator-11] [WARN] [1789630163.639837362] [BehaviorTreeEngine]: Behavior Tree tick rate 100.00 was exceeded!
[controller_server-8] [INFO] [1789630163.694723339] [controller_server]: Passing new path to controller.
[bt_navigator-11] [WARN] [1789630163.928554479] [BehaviorTreeEngine]: Behavior Tree tick rate 100.00 was exceeded!
[bt_navigator-11] [WARN] [1789630164.012919504] [BehaviorTreeEngine]: Behavior Tree tick rate 100.00 was exceeded!
[bt_navigator-11] [WARN] [1789630164.018020177] [BehaviorTreeEngine]: Behavior Tree tick rate 100.00 was exceeded!
[bt_navigator-11] [WARN] [1789630164.198399818] [BehaviorTreeEngine]: Behavior Tree tick rate 100.00 was exceeded!
[bt_navigator-11] [WARN] [1789630164.270376032] [BehaviorTreeEngine]: Behavior Tree tick rate 100.00 was exceeded!
[bt_navigator-11] [WARN] [1789630164.348904318] [BehaviorTreeEngine]: Behavior Tree tick rate 100.00 was exceeded!
[swerve_bridge_node-14] [WARN] [1789630164.665815077] [swerve_bridge]: Django websocket disconnected: [Errno 111] Connection refused
[controller_server-8] [INFO] [1789630164.694172711] [controller_server]: Passing new path to controller.
[bt_navigator-11] [WARN] [1789630164.828419427] [BehaviorTreeEngine]: Behavior Tree tick rate 100.00 was exceeded!
[bt_navigator-11] [WARN] [1789630164.835313305] [BehaviorTreeEngine]: Behavior Tree tick rate 100.00 was exceeded!
[bt_navigator-11] [WARN] [1789630164.878925677] [BehaviorTreeEngine]: Behavior Tree tick rate 100.00 was exceeded!
[bt_navigator-11] [WARN] [1789630164.919082073] [BehaviorTreeEngine]: Behavior Tree tick rate 100.00 was exceeded!
[bt_navigator-11] [WARN] [1789630165.335038679] [BehaviorTreeEngine]: Behavior Tree tick rate 100.00 was exceeded!
[bt_navigator-11] [WARN] [1789630165.441276287] [BehaviorTreeEngine]: Behavior Tree tick rate 100.00 was exceeded!
[bt_navigator-11] [WARN] [1789630165.601402011] [BehaviorTreeEngine]: Behavior Tree tick rate 100.00 was exceeded!
[controller_server-8] [INFO] [1789630165.695365325] [controller_server]: Passing new path to controller.
[bt_navigator-11] [WARN] [1789630166.081493498] [BehaviorTreeEngine]: Behavior Tree tick rate 100.00 was exceeded!
[bt_navigator-11] [WARN] [1789630166.115778485] [BehaviorTreeEngine]: Behavior Tree tick rate 100.00 was exceeded!
[bt_navigator-11] [WARN] [1789630166.315634822] [BehaviorTreeEngine]: Behavior Tree tick rate 100.00 was exceeded!
[bt_navigator-11] [WARN] [1789630166.323648538] [BehaviorTreeEngine]: Behavior Tree tick rate 100.00 was exceeded!
[swerve_bridge_node-14] [WARN] [1789630166.667309219] [swerve_bridge]: Django websocket disconnected: [Errno 111] Connection refused
[controller_server-8] [INFO] [1789630166.796452592] [controller_server]: Passing new path to controller.
[bt_navigator-11] [WARN] [1789630166.891355893] [BehaviorTreeEngine]: Behavior Tree tick rate 100.00 was exceeded!
[bt_navigator-11] [WARN] [1789630166.922727372] [BehaviorTreeEngine]: Behavior Tree tick rate 100.00 was exceeded!
[bt_navigator-11] [WARN] [1789630167.299651723] [BehaviorTreeEngine]: Behavior Tree tick rate 100.00 was exceeded!
[bt_navigator-11] [WARN] [1789630167.321947069] [BehaviorTreeEngine]: Behavior Tree tick rate 100.00 was exceeded!
[bt_navigator-11] [WARN] [1789630167.371723827] [BehaviorTreeEngine]: Behavior Tree tick rate 100.00 was exceeded!
[bt_navigator-11] [WARN] [1789630167.685395957] [BehaviorTreeEngine]: Behavior Tree tick rate 100.00 was exceeded!
[bt_navigator-11] [WARN] [1789630167.732456707] [BehaviorTreeEngine]: Behavior Tree tick rate 100.00 was exceeded!
[bt_navigator-11] [WARN] [1789630167.754972955] [BehaviorTreeEngine]: Behavior Tree tick rate 100.00 was exceeded!
[bt_navigator-11] [WARN] [1789630167.761374143] [BehaviorTreeEngine]: Behavior Tree tick rate 100.00 was exceeded!
[bt_navigator-11] [WARN] [1789630167.783890418] [BehaviorTreeEngine]: Behavior Tree tick rate 100.00 was exceeded!
[controller_server-8] [INFO] [1789630167.795747006] [controller_server]: Passing new path to controller.
[bt_navigator-11] [WARN] [1789630167.901967941] [BehaviorTreeEngine]: Behavior Tree tick rate 100.00 was exceeded!
[swerve_bridge_node-14] [WARN] [1789630168.668405599] [swerve_bridge]: Django websocket disconnected: [Errno 111] Connection refused
[controller_server-8] [INFO] [1789630168.793932297] [controller_server]: Passing new path to controller.
[bt_navigator-11] [WARN] [1789630168.882930047] [BehaviorTreeEngine]: Behavior Tree tick rate 100.00 was exceeded!
[bt_navigator-11] [WARN] [1789630169.082017650] [BehaviorTreeEngine]: Behavior Tree tick rate 100.00 was exceeded!
[bt_navigator-11] [WARN] [1789630169.122100922] [BehaviorTreeEngine]: Behavior Tree tick rate 100.00 was exceeded!
[bt_navigator-11] [WARN] [1789630169.282891145] [BehaviorTreeEngine]: Behavior Tree tick rate 100.00 was exceeded!
[bt_navigator-11] [WARN] [1789630169.345135269] [BehaviorTreeEngine]: Behavior Tree tick rate 100.00 was exceeded!
[bt_navigator-11] [WARN] [1789630169.358999840] [BehaviorTreeEngine]: Behavior Tree tick rate 100.00 was exceeded!
[bt_navigator-11] [WARN] [1789630169.513852290] [BehaviorTreeEngine]: Behavior Tree tick rate 100.00 was exceeded!
[bt_navigator-11] [WARN] [1789630169.564588151] [BehaviorTreeEngine]: Behavior Tree tick rate 100.00 was exceeded!
[controller_server-8] [INFO] [1789630169.895828957] [controller_server]: Passing new path to controller.
[bt_navigator-11] [WARN] [1789630169.947845044] [BehaviorTreeEngine]: Behavior Tree tick rate 100.00 was exceeded!
[bt_navigator-11] [WARN] [1789630169.957243213] [BehaviorTreeEngine]: Behavior Tree tick rate 100.00 was exceeded!
[bt_navigator-11] [WARN] [1789630169.969164866] [BehaviorTreeEngine]: Behavior Tree tick rate 100.00 was exceeded!
[bt_navigator-11] [WARN] [1789630169.975435429] [BehaviorTreeEngine]: Behavior Tree tick rate 100.00 was exceeded!
[bt_navigator-11] [WARN] [1789630170.327732094] [BehaviorTreeEngine]: Behavior Tree tick rate 100.00 was exceeded!
[bt_navigator-11] [WARN] [1789630170.367416177] [BehaviorTreeEngine]: Behavior Tree tick rate 100.00 was exceeded!
[bt_navigator-11] [WARN] [1789630170.465142189] [BehaviorTreeEngine]: Behavior Tree tick rate 100.00 was exceeded!
[swerve_bridge_node-14] [WARN] [1789630170.673528783] [swerve_bridge]: Django websocket disconnected: [Errno 111] Connection refused
[bt_navigator-11] [WARN] [1789630170.710978446] [BehaviorTreeEngine]: Behavior Tree tick rate 100.00 was exceeded!
[controller_server-8] [INFO] [1789630170.893944923] [controller_server]: Passing new path to controller.
[bt_navigator-11] [WARN] [1789630171.084721595] [BehaviorTreeEngine]: Behavior Tree tick rate 100.00 was exceeded!
[bt_navigator-11] [WARN] [1789630171.161633683] [BehaviorTreeEngine]: Behavior Tree tick rate 100.00 was exceeded!
[bt_navigator-11] [WARN] [1789630171.224697353] [BehaviorTreeEngine]: Behavior Tree tick rate 100.00 was exceeded!
[bt_navigator-11] [WARN] [1789630171.246835621] [BehaviorTreeEngine]: Behavior Tree tick rate 100.00 was exceeded!
[bt_navigator-11] [WARN] [1789630171.446455172] [BehaviorTreeEngine]: Behavior Tree tick rate 100.00 was exceeded!
[bt_navigator-11] [WARN] [1789630171.806575311] [BehaviorTreeEngine]: Behavior Tree tick rate 100.00 was exceeded!
[bt_navigator-11] [WARN] [1789630171.835863070] [BehaviorTreeEngine]: Behavior Tree tick rate 100.00 was exceeded!
[bt_navigator-11] [WARN] [1789630171.857528453] [BehaviorTreeEngine]: Behavior Tree tick rate 100.00 was exceeded!
[controller_server-8] [INFO] [1789630171.894238023] [controller_server]: Passing new path to controller.
[bt_navigator-11] [WARN] [1789630171.922256998] [BehaviorTreeEngine]: Behavior Tree tick rate 100.00 was exceeded!
[bt_navigator-11] [WARN] [1789630171.924724090] [BehaviorTreeEngine]: Behavior Tree tick rate 100.00 was exceeded!
[bt_navigator-11] [WARN] [1789630172.129540364] [BehaviorTreeEngine]: Behavior Tree tick rate 100.00 was exceeded!
[bt_navigator-11] [WARN] [1789630172.259413405] [BehaviorTreeEngine]: Behavior Tree tick rate 100.00 was exceeded!
[bt_navigator-11] [WARN] [1789630172.582888687] [BehaviorTreeEngine]: Behavior Tree tick rate 100.00 was exceeded!
[controller_server-8] [WARN] [1789630172.608221072] [controller_server]: Control loop missed its desired rate of 10.0000Hz
[swerve_bridge_node-14] [WARN] [1789630172.682012632] [swerve_bridge]: Django websocket disconnected: [Errno 111] Connection refused
[controller_server-8] [INFO] [1789630172.895375174] [controller_server]: Passing new path to controller.
[bt_navigator-11] [WARN] [1789630172.966288744] [BehaviorTreeEngine]: Behavior Tree tick rate 100.00 was exceeded!
[bt_navigator-11] [WARN] [1789630173.078860475] [BehaviorTreeEngine]: Behavior Tree tick rate 100.00 was exceeded!
[bt_navigator-11] [WARN] [1789630173.124153322] [BehaviorTreeEngine]: Behavior Tree tick rate 100.00 was exceeded!
[bt_navigator-11] [WARN] [1789630173.220333568] [BehaviorTreeEngine]: Behavior Tree tick rate 100.00 was exceeded!
[bt_navigator-11] [WARN] [1789630173.301396850] [BehaviorTreeEngine]: Behavior Tree tick rate 100.00 was exceeded!
[controller_server-8] [WARN] [1789630173.314621125] [controller_server]: Control loop missed its desired rate of 10.0000Hz
[bt_navigator-11] [WARN] [1789630173.355527139] [BehaviorTreeEngine]: Behavior Tree tick rate 100.00 was exceeded!
[bt_navigator-11] [WARN] [1789630173.373037123] [BehaviorTreeEngine]: Behavior Tree tick rate 100.00 was exceeded!
[controller_server-8] [WARN] [1789630173.404084075] [controller_server]: Control loop missed its desired rate of 10.0000Hz
[bt_navigator-11] [WARN] [1789630173.414967907] [BehaviorTreeEngine]: Behavior Tree tick rate 100.00 was exceeded!
[bt_navigator-11] [WARN] [1789630173.484604465] [BehaviorTreeEngine]: Behavior Tree tick rate 100.00 was exceeded!
[bt_navigator-11] [WARN] [1789630173.502131590] [BehaviorTreeEngine]: Behavior Tree tick rate 100.00 was exceeded!
[bt_navigator-11] [WARN] [1789630173.567671523] [BehaviorTreeEngine]: Behavior Tree tick rate 100.00 was exceeded!
[bt_navigator-11] [WARN] [1789630173.719080178] [BehaviorTreeEngine]: Behavior Tree tick rate 100.00 was exceeded!
[bt_navigator-11] [WARN] [1789630173.833520699] [BehaviorTreeEngine]: Behavior Tree tick rate 100.00 was exceeded!
[bt_navigator-11] [WARN] [1789630173.936084403] [BehaviorTreeEngine]: Behavior Tree tick rate 100.00 was exceeded!
[controller_server-8] [INFO] [1789630173.994020702] [controller_server]: Passing new path to controller.
[bt_navigator-11] [WARN] [1789630174.002435646] [BehaviorTreeEngine]: Behavior Tree tick rate 100.00 was exceeded!
[bt_navigator-11] [WARN] [1789630174.094316165] [BehaviorTreeEngine]: Behavior Tree tick rate 100.00 was exceeded!
[bt_navigator-11] [WARN] [1789630174.152647885] [BehaviorTreeEngine]: Behavior Tree tick rate 100.00 was exceeded!
[bt_navigator-11] [WARN] [1789630174.612558369] [BehaviorTreeEngine]: Behavior Tree tick rate 100.00 was exceeded!
[swerve_bridge_node-14] [WARN] [1789630174.688557805] [swerve_bridge]: Django websocket disconnected: [Errno 111] Connection refused
[bt_navigator-11] [WARN] [1789630174.803608696] [BehaviorTreeEngine]: Behavior Tree tick rate 100.00 was exceeded!
[bt_navigator-11] [WARN] [1789630174.917645047] [BehaviorTreeEngine]: Behavior Tree tick rate 100.00 was exceeded!
[bt_navigator-11] [WARN] [1789630174.934987760] [BehaviorTreeEngine]: Behavior Tree tick rate 100.00 was exceeded!
[controller_server-8] [INFO] [1789630174.997119132] [controller_server]: Passing new path to controller.
[bt_navigator-11] [WARN] [1789630175.096247329] [BehaviorTreeEngine]: Behavior Tree tick rate 100.00 was exceeded!
[bt_navigator-11] [WARN] [1789630175.511788725] [BehaviorTreeEngine]: Behavior Tree tick rate 100.00 was exceeded!
[bt_navigator-11] [WARN] [1789630175.516253812] [BehaviorTreeEngine]: Behavior Tree tick rate 100.00 was exceeded!
[bt_navigator-11] [WARN] [1789630175.546925930] [BehaviorTreeEngine]: Behavior Tree tick rate 100.00 was exceeded!
[bt_navigator-11] [WARN] [1789630175.708183870] [BehaviorTreeEngine]: Behavior Tree tick rate 100.00 was exceeded!
[bt_navigator-11] [WARN] [1789630175.766795457] [BehaviorTreeEngine]: Behavior Tree tick rate 100.00 was exceeded!
[controller_server-8] [INFO] [1789630175.994714624] [controller_server]: Passing new path to controller.
[bt_navigator-11] [WARN] [1789630176.177180522] [BehaviorTreeEngine]: Behavior Tree tick rate 100.00 was exceeded!
[bt_navigator-11] [WARN] [1789630176.505943685] [BehaviorTreeEngine]: Behavior Tree tick rate 100.00 was exceeded!
[bt_navigator-11] [WARN] [1789630176.535044830] [BehaviorTreeEngine]: Behavior Tree tick rate 100.00 was exceeded!
[bt_navigator-11] [WARN] [1789630176.596602468] [BehaviorTreeEngine]: Behavior Tree tick rate 100.00 was exceeded!
[swerve_bridge_node-14] [WARN] [1789630176.690193694] [swerve_bridge]: Django websocket disconnected: [Errno 111] Connection refused
[bt_navigator-11] [WARN] [1789630176.831524244] [BehaviorTreeEngine]: Behavior Tree tick rate 100.00 was exceeded!
[bt_navigator-11] [WARN] [1789630176.842690434] [BehaviorTreeEngine]: Behavior Tree tick rate 100.00 was exceeded!
[bt_navigator-11] [WARN] [1789630176.847659458] [BehaviorTreeEngine]: Behavior Tree tick rate 100.00 was exceeded!
[bt_navigator-11] [WARN] [1789630176.858400599] [BehaviorTreeEngine]: Behavior Tree tick rate 100.00 was exceeded!
[controller_server-8] [INFO] [1789630176.995128517] [controller_server]: Passing new path to controller.
[bt_navigator-11] [WARN] [1789630177.626997907] [BehaviorTreeEngine]: Behavior Tree tick rate 100.00 was exceeded!
[bt_navigator-11] [WARN] [1789630177.707260829] [BehaviorTreeEngine]: Behavior Tree tick rate 100.00 was exceeded!
[bt_navigator-11] [WARN] [1789630177.747713270] [BehaviorTreeEngine]: Behavior Tree tick rate 100.00 was exceeded!
[bt_navigator-11] [WARN] [1789630177.910091043] [BehaviorTreeEngine]: Behavior Tree tick rate 100.00 was exceeded!
[bt_navigator-11] [WARN] [1789630178.011436318] [BehaviorTreeEngine]: Behavior Tree tick rate 100.00 was exceeded!
[controller_server-8] [INFO] [1789630178.094859881] [controller_server]: Passing new path to controller.
[bt_navigator-11] [WARN] [1789630178.234828543] [BehaviorTreeEngine]: Behavior Tree tick rate 100.00 was exceeded!
[bt_navigator-11] [WARN] [1789630178.414347277] [BehaviorTreeEngine]: Behavior Tree tick rate 100.00 was exceeded!
[bt_navigator-11] [WARN] [1789630178.414862717] [BehaviorTreeEngine]: Behavior Tree tick rate 100.00 was exceeded!
[bt_navigator-11] [WARN] [1789630178.575065051] [BehaviorTreeEngine]: Behavior Tree tick rate 100.00 was exceeded!
[bt_navigator-11] [WARN] [1789630178.614380763] [BehaviorTreeEngine]: Behavior Tree tick rate 100.00 was exceeded!
[swerve_bridge_node-14] [WARN] [1789630178.691478129] [swerve_bridge]: Django websocket disconnected: [Errno 111] Connection refused
[bt_navigator-11] [WARN] [1789630178.844760757] [BehaviorTreeEngine]: Behavior Tree tick rate 100.00 was exceeded!
[controller_server-8] [INFO] [1789630179.094429941] [controller_server]: Passing new path to controller.
[bt_navigator-11] [WARN] [1789630179.115666323] [BehaviorTreeEngine]: Behavior Tree tick rate 100.00 was exceeded!
[bt_navigator-11] [WARN] [1789630179.422910400] [BehaviorTreeEngine]: Behavior Tree tick rate 100.00 was exceeded!
[bt_navigator-11] [WARN] [1789630179.609990953] [BehaviorTreeEngine]: Behavior Tree tick rate 100.00 was exceeded!
[bt_navigator-11] [WARN] [1789630179.762017974] [BehaviorTreeEngine]: Behavior Tree tick rate 100.00 was exceeded!
[bt_navigator-11] [WARN] [1789630179.827448946] [BehaviorTreeEngine]: Behavior Tree tick rate 100.00 was exceeded!
[bt_navigator-11] [WARN] [1789630180.038129313] [BehaviorTreeEngine]: Behavior Tree tick rate 100.00 was exceeded!
[controller_server-8] [INFO] [1789630180.094186803] [controller_server]: Passing new path to controller.
[bt_navigator-11] [WARN] [1789630180.198801637] [BehaviorTreeEngine]: Behavior Tree tick rate 100.00 was exceeded!
[bt_navigator-11] [WARN] [1789630180.347820628] [BehaviorTreeEngine]: Behavior Tree tick rate 100.00 was exceeded!
[bt_navigator-11] [WARN] [1789630180.559431461] [BehaviorTreeEngine]: Behavior Tree tick rate 100.00 was exceeded!
[swerve_bridge_node-14] [WARN] [1789630180.692941611] [swerve_bridge]: Django websocket disconnected: [Errno 111] Connection refused
[bt_navigator-11] [WARN] [1789630180.717311568] [BehaviorTreeEngine]: Behavior Tree tick rate 100.00 was exceeded!
[bt_navigator-11] [WARN] [1789630180.722461598] [BehaviorTreeEngine]: Behavior Tree tick rate 100.00 was exceeded!
[controller_server-8] [INFO] [1789630181.098729555] [controller_server]: Passing new path to controller.
[bt_navigator-11] [WARN] [1789630181.243143290] [BehaviorTreeEngine]: Behavior Tree tick rate 100.00 was exceeded!
[bt_navigator-11] [WARN] [1789630181.525080809] [BehaviorTreeEngine]: Behavior Tree tick rate 100.00 was exceeded!
[bt_navigator-11] [WARN] [1789630181.583875099] [BehaviorTreeEngine]: Behavior Tree tick rate 100.00 was exceeded!
[bt_navigator-11] [WARN] [1789630181.604740296] [BehaviorTreeEngine]: Behavior Tree tick rate 100.00 was exceeded!
[bt_navigator-11] [WARN] [1789630181.707626746] [BehaviorTreeEngine]: Behavior Tree tick rate 100.00 was exceeded!
[bt_navigator-11] [WARN] [1789630181.715253879] [BehaviorTreeEngine]: Behavior Tree tick rate 100.00 was exceeded!
[bt_navigator-11] [WARN] [1789630181.922741632] [BehaviorTreeEngine]: Behavior Tree tick rate 100.00 was exceeded!
[controller_server-8] [WARN] [1789630182.014679445] [controller_server]: Control loop missed its desired rate of 10.0000Hz
[bt_navigator-11] [WARN] [1789630182.115735331] [BehaviorTreeEngine]: Behavior Tree tick rate 100.00 was exceeded!
[bt_navigator-11] [WARN] [1789630182.126076740] [BehaviorTreeEngine]: Behavior Tree tick rate 100.00 was exceeded!
[controller_server-8] [INFO] [1789630182.195283226] [controller_server]: Passing new path to controller.
[bt_navigator-11] [WARN] [1789630182.463370865] [BehaviorTreeEngine]: Behavior Tree tick rate 100.00 was exceeded!
[bt_navigator-11] [WARN] [1789630182.486044767] [BehaviorTreeEngine]: Behavior Tree tick rate 100.00 was exceeded!
[swerve_bridge_node-14] [WARN] [1789630182.693778314] [swerve_bridge]: Django websocket disconnected: [Errno 111] Connection refused
[bt_navigator-11] [WARN] [1789630182.973987509] [BehaviorTreeEngine]: Behavior Tree tick rate 100.00 was exceeded!
[controller_server-8] [INFO] [1789630183.194232726] [controller_server]: Passing new path to controller.
[bt_navigator-11] [WARN] [1789630184.023175123] [BehaviorTreeEngine]: Behavior Tree tick rate 100.00 was exceeded!
[bt_navigator-11] [WARN] [1789630184.218196673] [BehaviorTreeEngine]: Behavior Tree tick rate 100.00 was exceeded!
[controller_server-8] [WARN] [1789630184.219899921] [controller_server]: Control loop missed its desired rate of 10.0000Hz
[controller_server-8] [INFO] [1789630184.294030452] [controller_server]: Passing new path to controller.
[bt_navigator-11] [WARN] [1789630184.349821641] [BehaviorTreeEngine]: Behavior Tree tick rate 100.00 was exceeded!
[swerve_bridge_node-14] [WARN] [1789630184.695459047] [swerve_bridge]: Django websocket disconnected: [Errno 111] Connection refused
[bt_navigator-11] [WARN] [1789630184.709092579] [BehaviorTreeEngine]: Behavior Tree tick rate 100.00 was exceeded!
[bt_navigator-11] [WARN] [1789630184.728721797] [BehaviorTreeEngine]: Behavior Tree tick rate 100.00 was exceeded!
[bt_navigator-11] [WARN] [1789630185.149456761] [BehaviorTreeEngine]: Behavior Tree tick rate 100.00 was exceeded!
[bt_navigator-11] [WARN] [1789630185.263134163] [BehaviorTreeEngine]: Behavior Tree tick rate 100.00 was exceeded!
[controller_server-8] [INFO] [1789630185.294081152] [controller_server]: Passing new path to controller.
[bt_navigator-11] [WARN] [1789630185.431830723] [BehaviorTreeEngine]: Behavior Tree tick rate 100.00 was exceeded!
[bt_navigator-11] [WARN] [1789630185.936678330] [BehaviorTreeEngine]: Behavior Tree tick rate 100.00 was exceeded!
[controller_server-8] [WARN] [1789630186.115110214] [controller_server]: Control loop missed its desired rate of 10.0000Hz
[bt_navigator-11] [WARN] [1789630186.115620955] [BehaviorTreeEngine]: Behavior Tree tick rate 100.00 was exceeded!
[controller_server-8] [WARN] [1789630186.195220840] [controller_server]: Control loop missed its desired rate of 10.0000Hz
[controller_server-8] [ERROR] [1789630186.294500746] [controller_server]: Failed to make progress
[controller_server-8] [WARN] [1789630186.294667607] [controller_server]: [follow_path] [ActionServer] Aborting handle.
[controller_server-8] [INFO] [1789630186.306383193] [local_costmap.local_costmap]: Received request to clear entirely the local_costmap
[controller_server-8] [INFO] [1789630186.307945612] [controller_server]: Received a goal, begin computing control effort.
[bt_navigator-11] [WARN] [1789630186.346869278] [BehaviorTreeEngine]: Behavior Tree tick rate 100.00 was exceeded!
[bt_navigator-11] [WARN] [1789630186.360056985] [BehaviorTreeEngine]: Behavior Tree tick rate 100.00 was exceeded!
[bt_navigator-11] [WARN] [1789630186.401582889] [BehaviorTreeEngine]: Behavior Tree tick rate 100.00 was exceeded!
[controller_server-8] [INFO] [1789630186.410468339] [controller_server]: Passing new path to controller.
[controller_server-8] [WARN] [1789630186.517563663] [controller_server]: Control loop missed its desired rate of 10.0000Hz
[bt_navigator-11] [WARN] [1789630186.522181083] [BehaviorTreeEngine]: Behavior Tree tick rate 100.00 was exceeded!
[bt_navigator-11] [WARN] [1789630186.652365775] [BehaviorTreeEngine]: Behavior Tree tick rate 100.00 was exceeded!
[swerve_bridge_node-14] [WARN] [1789630186.696965838] [swerve_bridge]: Django websocket disconnected: [Errno 111] Connection refused
[bt_navigator-11] [WARN] [1789630186.842646340] [BehaviorTreeEngine]: Behavior Tree tick rate 100.00 was exceeded!
[bt_navigator-11] [WARN] [1789630187.075350281] [BehaviorTreeEngine]: Behavior Tree tick rate 100.00 was exceeded!
[bt_navigator-11] [WARN] [1789630187.286246560] [BehaviorTreeEngine]: Behavior Tree tick rate 100.00 was exceeded!
[bt_navigator-11] [WARN] [1789630187.296581516] [BehaviorTreeEngine]: Behavior Tree tick rate 100.00 was exceeded!
[bt_navigator-11] [WARN] [1789630187.379286949] [BehaviorTreeEngine]: Behavior Tree tick rate 100.00 was exceeded!
[controller_server-8] [INFO] [1789630187.417729803] [controller_server]: Passing new path to controller.
[bt_navigator-11] [WARN] [1789630187.481693594] [BehaviorTreeEngine]: Behavior Tree tick rate 100.00 was exceeded!
[bt_navigator-11] [WARN] [1789630188.224277286] [BehaviorTreeEngine]: Behavior Tree tick rate 100.00 was exceeded!
[bt_navigator-11] [WARN] [1789630188.332147267] [BehaviorTreeEngine]: Behavior Tree tick rate 100.00 was exceeded!
[bt_navigator-11] [WARN] [1789630188.448437438] [BehaviorTreeEngine]: Behavior Tree tick rate 100.00 was exceeded!
[controller_server-8] [INFO] [1789630188.452386873] [controller_server]: Passing new path to controller.
[bt_navigator-11] [WARN] [1789630188.579085113] [BehaviorTreeEngine]: Behavior Tree tick rate 100.00 was exceeded!
[swerve_bridge_node-14] [WARN] [1789630188.699449736] [swerve_bridge]: Django websocket disconnected: [Errno 111] Connection refused
[bt_navigator-11] [WARN] [1789630188.710706359] [BehaviorTreeEngine]: Behavior Tree tick rate 100.00 was exceeded!
[bt_navigator-11] [WARN] [1789630188.980017128] [BehaviorTreeEngine]: Behavior Tree tick rate 100.00 was exceeded!
[bt_navigator-11] [WARN] [1789630189.062856414] [BehaviorTreeEngine]: Behavior Tree tick rate 100.00 was exceeded!
[controller_server-8] [INFO] [1789630189.419422149] [controller_server]: Passing new path to controller.
[bt_navigator-11] [WARN] [1789630190.061638901] [BehaviorTreeEngine]: Behavior Tree tick rate 100.00 was exceeded!
[bt_navigator-11] [WARN] [1789630190.076864766] [BehaviorTreeEngine]: Behavior Tree tick rate 100.00 was exceeded!
[bt_navigator-11] [WARN] [1789630190.080132208] [BehaviorTreeEngine]: Behavior Tree tick rate 100.00 was exceeded!
[bt_navigator-11] [WARN] [1789630190.229195215] [BehaviorTreeEngine]: Behavior Tree tick rate 100.00 was exceeded!
[bt_navigator-11] [WARN] [1789630190.412793969] [BehaviorTreeEngine]: Behavior Tree tick rate 100.00 was exceeded!
[controller_server-8] [INFO] [1789630190.418712340] [controller_server]: Passing new path to controller.
[bt_navigator-11] [WARN] [1789630190.440257857] [BehaviorTreeEngine]: Behavior Tree tick rate 100.00 was exceeded!
[bt_navigator-11] [WARN] [1789630190.606649759] [BehaviorTreeEngine]: Behavior Tree tick rate 100.00 was exceeded!
[swerve_bridge_node-14] [WARN] [1789630190.702770198] [swerve_bridge]: Django websocket disconnected: [Errno 111] Connection refused
[bt_navigator-11] [WARN] [1789630190.893843713] [BehaviorTreeEngine]: Behavior Tree tick rate 100.00 was exceeded!
[bt_navigator-11] [WARN] [1789630191.344258909] [BehaviorTreeEngine]: Behavior Tree tick rate 100.00 was exceeded!
[bt_navigator-11] [WARN] [1789630191.353075968] [BehaviorTreeEngine]: Behavior Tree tick rate 100.00 was exceeded!
[bt_navigator-11] [WARN] [1789630191.454984935] [BehaviorTreeEngine]: Behavior Tree tick rate 100.00 was exceeded!
[controller_server-8] [INFO] [1789630191.521758115] [controller_server]: Passing new path to controller.
[bt_navigator-11] [WARN] [1789630191.610226540] [BehaviorTreeEngine]: Behavior Tree tick rate 100.00 was exceeded!
[bt_navigator-11] [WARN] [1789630191.619097118] [BehaviorTreeEngine]: Behavior Tree tick rate 100.00 was exceeded!
[bt_navigator-11] [WARN] [1789630191.648444303] [BehaviorTreeEngine]: Behavior Tree tick rate 100.00 was exceeded!
[bt_navigator-11] [WARN] [1789630192.170447912] [BehaviorTreeEngine]: Behavior Tree tick rate 100.00 was exceeded!
[bt_navigator-11] [WARN] [1789630192.330302578] [BehaviorTreeEngine]: Behavior Tree tick rate 100.00 was exceeded!
[bt_navigator-11] [WARN] [1789630192.460420851] [BehaviorTreeEngine]: Behavior Tree tick rate 100.00 was exceeded!
[controller_server-8] [INFO] [1789630192.517810397] [controller_server]: Passing new path to controller.
[bt_navigator-11] [WARN] [1789630192.622586576] [BehaviorTreeEngine]: Behavior Tree tick rate 100.00 was exceeded!
[swerve_bridge_node-14] [WARN] [1789630192.707418569] [swerve_bridge]: Django websocket disconnected: [Errno 111] Connection refused
[bt_navigator-11] [WARN] [1789630192.749895575] [BehaviorTreeEngine]: Behavior Tree tick rate 100.00 was exceeded!
[bt_navigator-11] [WARN] [1789630192.821567714] [BehaviorTreeEngine]: Behavior Tree tick rate 100.00 was exceeded!
[bt_navigator-11] [WARN] [1789630193.068449234] [BehaviorTreeEngine]: Behavior Tree tick rate 100.00 was exceeded!
[bt_navigator-11] [WARN] [1789630193.099135239] [BehaviorTreeEngine]: Behavior Tree tick rate 100.00 was exceeded!
[bt_navigator-11] [WARN] [1789630193.428474986] [BehaviorTreeEngine]: Behavior Tree tick rate 100.00 was exceeded!
[controller_server-8] [INFO] [1789630193.518112020] [controller_server]: Passing new path to controller.
[bt_navigator-11] [WARN] [1789630194.510705958] [BehaviorTreeEngine]: Behavior Tree tick rate 100.00 was exceeded!
[controller_server-8] [INFO] [1789630194.618527433] [controller_server]: Passing new path to controller.
[swerve_bridge_node-14] [WARN] [1789630194.722135137] [swerve_bridge]: Django websocket disconnected: [Errno 111] Connection refused
[bt_navigator-11] [WARN] [1789630194.839577604] [BehaviorTreeEngine]: Behavior Tree tick rate 100.00 was exceeded!
[bt_navigator-11] [WARN] [1789630194.849528912] [BehaviorTreeEngine]: Behavior Tree tick rate 100.00 was exceeded!
[bt_navigator-11] [WARN] [1789630194.979058588] [BehaviorTreeEngine]: Behavior Tree tick rate 100.00 was exceeded!
[bt_navigator-11] [WARN] [1789630195.030502017] [BehaviorTreeEngine]: Behavior Tree tick rate 100.00 was exceeded!
[bt_navigator-11] [WARN] [1789630195.041717931] [BehaviorTreeEngine]: Behavior Tree tick rate 100.00 was exceeded!
[bt_navigator-11] [WARN] [1789630195.089553836] [BehaviorTreeEngine]: Behavior Tree tick rate 100.00 was exceeded!
[bt_navigator-11] [WARN] [1789630195.229696270] [BehaviorTreeEngine]: Behavior Tree tick rate 100.00 was exceeded!
[bt_navigator-11] [WARN] [1789630195.530195043] [BehaviorTreeEngine]: Behavior Tree tick rate 100.00 was exceeded!
[bt_navigator-11] [WARN] [1789630195.543225909] [BehaviorTreeEngine]: Behavior Tree tick rate 100.00 was exceeded!
[controller_server-8] [INFO] [1789630195.618120117] [controller_server]: Passing new path to controller.
[bt_navigator-11] [WARN] [1789630195.818976417] [BehaviorTreeEngine]: Behavior Tree tick rate 100.00 was exceeded!
[bt_navigator-11] [WARN] [1789630196.177070347] [BehaviorTreeEngine]: Behavior Tree tick rate 100.00 was exceeded!
[bt_navigator-11] [WARN] [1789630196.465703415] [BehaviorTreeEngine]: Behavior Tree tick rate 100.00 was exceeded!
[bt_navigator-11] [WARN] [1789630196.469089141] [BehaviorTreeEngine]: Behavior Tree tick rate 100.00 was exceeded!
[bt_navigator-11] [WARN] [1789630196.500782293] [BehaviorTreeEngine]: Behavior Tree tick rate 100.00 was exceeded!
[bt_navigator-11] [WARN] [1789630196.507193092] [BehaviorTreeEngine]: Behavior Tree tick rate 100.00 was exceeded!
[controller_server-8] [INFO] [1789630196.620406907] [controller_server]: Passing new path to controller.
[swerve_bridge_node-14] [WARN] [1789630196.728325537] [swerve_bridge]: Django websocket disconnected: [Errno 111] Connection refused
[bt_navigator-11] [WARN] [1789630196.737805590] [BehaviorTreeEngine]: Behavior Tree tick rate 100.00 was exceeded!
[bt_navigator-11] [WARN] [1789630197.577727987] [BehaviorTreeEngine]: Behavior Tree tick rate 100.00 was exceeded!
[bt_navigator-11] [WARN] [1789630197.591928093] [BehaviorTreeEngine]: Behavior Tree tick rate 100.00 was exceeded!
[bt_navigator-11] [WARN] [1789630197.867493414] [BehaviorTreeEngine]: Behavior Tree tick rate 100.00 was exceeded!
[bt_navigator-11] [WARN] [1789630198.390470323] [BehaviorTreeEngine]: Behavior Tree tick rate 100.00 was exceeded!
[bt_navigator-11] [WARN] [1789630198.548614968] [BehaviorTreeEngine]: Behavior Tree tick rate 100.00 was exceeded!
[bt_navigator-11] [WARN] [1789630198.605723722] [BehaviorTreeEngine]: Behavior Tree tick rate 100.00 was exceeded!
[bt_navigator-11] [WARN] [1789630198.613043580] [BehaviorTreeEngine]: Behavior Tree tick rate 100.00 was exceeded!
[controller_server-8] [WARN] [1789630198.620628238] [controller_server]: Control loop missed its desired rate of 10.0000Hz
[bt_navigator-11] [WARN] [1789630198.622320535] [BehaviorTreeEngine]: Behavior Tree tick rate 100.00 was exceeded!
[controller_server-8] [INFO] [1789630198.717645897] [controller_server]: Passing new path to controller.
[swerve_bridge_node-14] [WARN] [1789630198.735300410] [swerve_bridge]: Django websocket disconnected: [Errno 111] Connection refused
[bt_navigator-11] [WARN] [1789630199.032367186] [BehaviorTreeEngine]: Behavior Tree tick rate 100.00 was exceeded!
[bt_navigator-11] [WARN] [1789630199.150446448] [BehaviorTreeEngine]: Behavior Tree tick rate 100.00 was exceeded!
[bt_navigator-11] [WARN] [1789630199.159412213] [BehaviorTreeEngine]: Behavior Tree tick rate 100.00 was exceeded!
[bt_navigator-11] [WARN] [1789630199.519985982] [BehaviorTreeEngine]: Behavior Tree tick rate 100.00 was exceeded!
[bt_navigator-11] [WARN] [1789630199.529152713] [BehaviorTreeEngine]: Behavior Tree tick rate 100.00 was exceeded!
[bt_navigator-11] [WARN] [1789630199.551566573] [BehaviorTreeEngine]: Behavior Tree tick rate 100.00 was exceeded!
[bt_navigator-11] [WARN] [1789630199.587870942] [BehaviorTreeEngine]: Behavior Tree tick rate 100.00 was exceeded!
[bt_navigator-11] [WARN] [1789630199.619224606] [BehaviorTreeEngine]: Behavior Tree tick rate 100.00 was exceeded!
[bt_navigator-11] [WARN] [1789630199.661823954] [BehaviorTreeEngine]: Behavior Tree tick rate 100.00 was exceeded!
[controller_server-8] [INFO] [1789630199.723435294] [controller_server]: Passing new path to controller.
[bt_navigator-11] [WARN] [1789630200.262388579] [BehaviorTreeEngine]: Behavior Tree tick rate 100.00 was exceeded!
[bt_navigator-11] [WARN] [1789630200.673613597] [BehaviorTreeEngine]: Behavior Tree tick rate 100.00 was exceeded!
[bt_navigator-11] [WARN] [1789630200.716290171] [BehaviorTreeEngine]: Behavior Tree tick rate 100.00 was exceeded!
[bt_navigator-11] [WARN] [1789630200.725732648] [BehaviorTreeEngine]: Behavior Tree tick rate 100.00 was exceeded!
[controller_server-8] [WARN] [1789630200.728264233] [controller_server]: Control loop missed its desired rate of 10.0000Hz
[controller_server-8] [INFO] [1789630200.728324471] [controller_server]: Passing new path to controller.
[swerve_bridge_node-14] [WARN] [1789630200.738956320] [swerve_bridge]: Django websocket disconnected: [Errno 111] Connection refused
[bt_navigator-11] [WARN] [1789630201.375481378] [BehaviorTreeEngine]: Behavior Tree tick rate 100.00 was exceeded!
[controller_server-8] [INFO] [1789630201.850302134] [controller_server]: Passing new path to controller.
[bt_navigator-11] [WARN] [1789630201.878098942] [BehaviorTreeEngine]: Behavior Tree tick rate 100.00 was exceeded!
[bt_navigator-11] [WARN] [1789630201.936185918] [BehaviorTreeEngine]: Behavior Tree tick rate 100.00 was exceeded!
[controller_server-8] [WARN] [1789630201.939988709] [controller_server]: Control loop missed its desired rate of 10.0000Hz
[bt_navigator-11] [WARN] [1789630201.946616475] [BehaviorTreeEngine]: Behavior Tree tick rate 100.00 was exceeded!
[bt_navigator-11] [WARN] [1789630202.613843478] [BehaviorTreeEngine]: Behavior Tree tick rate 100.00 was exceeded!
[bt_navigator-11] [WARN] [1789630202.624933926] [BehaviorTreeEngine]: Behavior Tree tick rate 100.00 was exceeded!
[swerve_bridge_node-14] [WARN] [1789630202.746707524] [swerve_bridge]: Django websocket disconnected: [Errno 111] Connection refused
[bt_navigator-11] [WARN] [1789630202.753656472] [BehaviorTreeEngine]: Behavior Tree tick rate 100.00 was exceeded!
[controller_server-8] [INFO] [1789630202.818655846] [controller_server]: Passing new path to controller.
[bt_navigator-11] [WARN] [1789630202.874745610] [BehaviorTreeEngine]: Behavior Tree tick rate 100.00 was exceeded!
[bt_navigator-11] [WARN] [1789630202.959961985] [BehaviorTreeEngine]: Behavior Tree tick rate 100.00 was exceeded!
[bt_navigator-11] [WARN] [1789630202.968337391] [BehaviorTreeEngine]: Behavior Tree tick rate 100.00 was exceeded!
[bt_navigator-11] [WARN] [1789630202.978638194] [BehaviorTreeEngine]: Behavior Tree tick rate 100.00 was exceeded!
[bt_navigator-11] [WARN] [1789630203.018998245] [BehaviorTreeEngine]: Behavior Tree tick rate 100.00 was exceeded!
[bt_navigator-11] [WARN] [1789630203.057137182] [BehaviorTreeEngine]: Behavior Tree tick rate 100.00 was exceeded!
[bt_navigator-11] [WARN] [1789630203.073624884] [BehaviorTreeEngine]: Behavior Tree tick rate 100.00 was exceeded!
[bt_navigator-11] [WARN] [1789630203.213229604] [BehaviorTreeEngine]: Behavior Tree tick rate 100.00 was exceeded!
[bt_navigator-11] [WARN] [1789630203.221741739] [BehaviorTreeEngine]: Behavior Tree tick rate 100.00 was exceeded!
[bt_navigator-11] [WARN] [1789630203.229081059] [BehaviorTreeEngine]: Behavior Tree tick rate 100.00 was exceeded!
[bt_navigator-11] [WARN] [1789630203.236140433] [BehaviorTreeEngine]: Behavior Tree tick rate 100.00 was exceeded!
[bt_navigator-11] [WARN] [1789630203.580961017] [BehaviorTreeEngine]: Behavior Tree tick rate 100.00 was exceeded!
[bt_navigator-11] [WARN] [1789630203.811393178] [BehaviorTreeEngine]: Behavior Tree tick rate 100.00 was exceeded!
[controller_server-8] [INFO] [1789630203.818108784] [controller_server]: Passing new path to controller.
[bt_navigator-11] [WARN] [1789630204.134635599] [BehaviorTreeEngine]: Behavior Tree tick rate 100.00 was exceeded!
[bt_navigator-11] [WARN] [1789630204.672808111] [BehaviorTreeEngine]: Behavior Tree tick rate 100.00 was exceeded!
[swerve_bridge_node-14] [WARN] [1789630204.760275889] [swerve_bridge]: Django websocket disconnected: [Errno 111] Connection refused
[bt_navigator-11] [WARN] [1789630204.822203890] [BehaviorTreeEngine]: Behavior Tree tick rate 100.00 was exceeded!
[bt_navigator-11] [WARN] [1789630204.831792670] [BehaviorTreeEngine]: Behavior Tree tick rate 100.00 was exceeded!
[bt_navigator-11] [WARN] [1789630204.851758902] [BehaviorTreeEngine]: Behavior Tree tick rate 100.00 was exceeded!
[controller_server-8] [INFO] [1789630204.918374203] [controller_server]: Passing new path to controller.
[bt_navigator-11] [WARN] [1789630205.252558911] [BehaviorTreeEngine]: Behavior Tree tick rate 100.00 was exceeded!
[bt_navigator-11] [WARN] [1789630205.283420665] [BehaviorTreeEngine]: Behavior Tree tick rate 100.00 was exceeded!
[bt_navigator-11] [WARN] [1789630205.325176976] [BehaviorTreeEngine]: Behavior Tree tick rate 100.00 was exceeded!
[bt_navigator-11] [WARN] [1789630205.553855676] [BehaviorTreeEngine]: Behavior Tree tick rate 100.00 was exceeded!
[bt_navigator-11] [WARN] [1789630205.855305402] [BehaviorTreeEngine]: Behavior Tree tick rate 100.00 was exceeded!
[controller_server-8] [INFO] [1789630205.917972496] [controller_server]: Passing new path to controller.
[bt_navigator-11] [WARN] [1789630206.263870549] [BehaviorTreeEngine]: Behavior Tree tick rate 100.00 was exceeded!
[controller_server-8] [WARN] [1789630206.426089329] [controller_server]: Control loop missed its desired rate of 10.0000Hz
[bt_navigator-11] [WARN] [1789630206.432357787] [BehaviorTreeEngine]: Behavior Tree tick rate 100.00 was exceeded!
[bt_navigator-11] [WARN] [1789630206.512734618] [BehaviorTreeEngine]: Behavior Tree tick rate 100.00 was exceeded!
[bt_navigator-11] [WARN] [1789630206.662918752] [BehaviorTreeEngine]: Behavior Tree tick rate 100.00 was exceeded!
[swerve_bridge_node-14] [WARN] [1789630206.762335500] [swerve_bridge]: Django websocket disconnected: [Errno 111] Connection refused
[controller_server-8] [INFO] [1789630206.918110977] [controller_server]: Passing new path to controller.
[bt_navigator-11] [WARN] [1789630207.354689241] [BehaviorTreeEngine]: Behavior Tree tick rate 100.00 was exceeded!
[bt_navigator-11] [WARN] [1789630207.516598132] [BehaviorTreeEngine]: Behavior Tree tick rate 100.00 was exceeded!
[bt_navigator-11] [WARN] [1789630207.621264952] [BehaviorTreeEngine]: Behavior Tree tick rate 100.00 was exceeded!
[controller_server-8] [INFO] [1789630207.918055086] [controller_server]: Passing new path to controller.
[bt_navigator-11] [WARN] [1789630208.221594208] [BehaviorTreeEngine]: Behavior Tree tick rate 100.00 was exceeded!
[bt_navigator-11] [WARN] [1789630208.283150170] [BehaviorTreeEngine]: Behavior Tree tick rate 100.00 was exceeded!
[bt_navigator-11] [WARN] [1789630208.602615036] [BehaviorTreeEngine]: Behavior Tree tick rate 100.00 was exceeded!
[bt_navigator-11] [WARN] [1789630208.663077442] [BehaviorTreeEngine]: Behavior Tree tick rate 100.00 was exceeded!
[swerve_bridge_node-14] [WARN] [1789630208.764051771] [swerve_bridge]: Django websocket disconnected: [Errno 111] Connection refused
[controller_server-8] [INFO] [1789630209.018260777] [controller_server]: Passing new path to controller.
[bt_navigator-11] [WARN] [1789630209.671364285] [BehaviorTreeEngine]: Behavior Tree tick rate 100.00 was exceeded!
[bt_navigator-11] [WARN] [1789630209.796176922] [BehaviorTreeEngine]: Behavior Tree tick rate 100.00 was exceeded!
[bt_navigator-11] [WARN] [1789630209.926372274] [BehaviorTreeEngine]: Behavior Tree tick rate 100.00 was exceeded!
[controller_server-8] [INFO] [1789630210.019604813] [controller_server]: Passing new path to controller.
[bt_navigator-11] [WARN] [1789630210.215559540] [BehaviorTreeEngine]: Behavior Tree tick rate 100.00 was exceeded!
[bt_navigator-11] [WARN] [1789630210.335781878] [BehaviorTreeEngine]: Behavior Tree tick rate 100.00 was exceeded!
[bt_navigator-11] [WARN] [1789630210.596199337] [BehaviorTreeEngine]: Behavior Tree tick rate 100.00 was exceeded!
[controller_server-8] [WARN] [1789630210.632898473] [controller_server]: Control loop missed its desired rate of 10.0000Hz
[bt_navigator-11] [WARN] [1789630210.677882230] [BehaviorTreeEngine]: Behavior Tree tick rate 100.00 was exceeded!
[swerve_bridge_node-14] [WARN] [1789630210.765398721] [swerve_bridge]: Django websocket disconnected: [Errno 111] Connection refused
[bt_navigator-11] [WARN] [1789630210.896296968] [BehaviorTreeEngine]: Behavior Tree tick rate 100.00 was exceeded!
[bt_navigator-11] [WARN] [1789630210.998138483] [BehaviorTreeEngine]: Behavior Tree tick rate 100.00 was exceeded!
[controller_server-8] [INFO] [1789630211.024412646] [controller_server]: Passing new path to controller.
[bt_navigator-11] [WARN] [1789630211.447642981] [BehaviorTreeEngine]: Behavior Tree tick rate 100.00 was exceeded!
[bt_navigator-11] [WARN] [1789630211.700781073] [BehaviorTreeEngine]: Behavior Tree tick rate 100.00 was exceeded!
[bt_navigator-11] [WARN] [1789630212.041304406] [BehaviorTreeEngine]: Behavior Tree tick rate 100.00 was exceeded!
[bt_navigator-11] [WARN] [1789630212.076784236] [BehaviorTreeEngine]: Behavior Tree tick rate 100.00 was exceeded!
[bt_navigator-11] [WARN] [1789630212.097916487] [BehaviorTreeEngine]: Behavior Tree tick rate 100.00 was exceeded!
[controller_server-8] [INFO] [1789630212.117862124] [controller_server]: Passing new path to controller.
[bt_navigator-11] [WARN] [1789630212.166339420] [BehaviorTreeEngine]: Behavior Tree tick rate 100.00 was exceeded!
[bt_navigator-11] [WARN] [1789630212.359711368] [BehaviorTreeEngine]: Behavior Tree tick rate 100.00 was exceeded!
[bt_navigator-11] [WARN] [1789630212.551070459] [BehaviorTreeEngine]: Behavior Tree tick rate 100.00 was exceeded!
[swerve_bridge_node-14] [WARN] [1789630212.770079188] [swerve_bridge]: Django websocket disconnected: [Errno 111] Connection refused
[bt_navigator-11] [WARN] [1789630213.006505916] [BehaviorTreeEngine]: Behavior Tree tick rate 100.00 was exceeded!
[bt_navigator-11] [WARN] [1789630213.011814177] [BehaviorTreeEngine]: Behavior Tree tick rate 100.00 was exceeded!
[bt_navigator-11] [WARN] [1789630213.071504949] [BehaviorTreeEngine]: Behavior Tree tick rate 100.00 was exceeded!
[controller_server-8] [INFO] [1789630213.120175538] [controller_server]: Passing new path to controller.
[bt_navigator-11] [WARN] [1789630213.191455784] [BehaviorTreeEngine]: Behavior Tree tick rate 100.00 was exceeded!
[bt_navigator-11] [WARN] [1789630213.539817018] [BehaviorTreeEngine]: Behavior Tree tick rate 100.00 was exceeded!
[bt_navigator-11] [WARN] [1789630213.744135564] [BehaviorTreeEngine]: Behavior Tree tick rate 100.00 was exceeded!
[bt_navigator-11] [WARN] [1789630213.906474837] [BehaviorTreeEngine]: Behavior Tree tick rate 100.00 was exceeded!
[bt_navigator-11] [WARN] [1789630214.064770199] [BehaviorTreeEngine]: Behavior Tree tick rate 100.00 was exceeded!
[bt_navigator-11] [WARN] [1789630214.092220384] [BehaviorTreeEngine]: Behavior Tree tick rate 100.00 was exceeded!
[bt_navigator-11] [WARN] [1789630214.098603560] [BehaviorTreeEngine]: Behavior Tree tick rate 100.00 was exceeded!
[controller_server-8] [INFO] [1789630214.118367189] [controller_server]: Passing new path to controller.
[bt_navigator-11] [WARN] [1789630214.314495497] [BehaviorTreeEngine]: Behavior Tree tick rate 100.00 was exceeded!
[bt_navigator-11] [WARN] [1789630214.335531852] [BehaviorTreeEngine]: Behavior Tree tick rate 100.00 was exceeded!
[bt_navigator-11] [WARN] [1789630214.387820049] [BehaviorTreeEngine]: Behavior Tree tick rate 100.00 was exceeded!
[bt_navigator-11] [WARN] [1789630214.696154503] [BehaviorTreeEngine]: Behavior Tree tick rate 100.00 was exceeded!
[bt_navigator-11] [WARN] [1789630214.756445309] [BehaviorTreeEngine]: Behavior Tree tick rate 100.00 was exceeded!
[swerve_bridge_node-14] [WARN] [1789630214.775742518] [swerve_bridge]: Django websocket disconnected: [Errno 111] Connection refused
[controller_server-8] [INFO] [1789630215.119168042] [controller_server]: Passing new path to controller.
[bt_navigator-11] [WARN] [1789630215.395122900] [BehaviorTreeEngine]: Behavior Tree tick rate 100.00 was exceeded!
[bt_navigator-11] [WARN] [1789630215.430554686] [BehaviorTreeEngine]: Behavior Tree tick rate 100.00 was exceeded!
[bt_navigator-11] [WARN] [1789630215.436164062] [BehaviorTreeEngine]: Behavior Tree tick rate 100.00 was exceeded!
[bt_navigator-11] [WARN] [1789630215.456926209] [BehaviorTreeEngine]: Behavior Tree tick rate 100.00 was exceeded!
[bt_navigator-11] [WARN] [1789630215.473402885] [BehaviorTreeEngine]: Behavior Tree tick rate 100.00 was exceeded!
[bt_navigator-11] [WARN] [1789630215.480443023] [BehaviorTreeEngine]: Behavior Tree tick rate 100.00 was exceeded!
[bt_navigator-11] [WARN] [1789630215.484159515] [BehaviorTreeEngine]: Behavior Tree tick rate 100.00 was exceeded!
[bt_navigator-11] [WARN] [1789630216.086540288] [BehaviorTreeEngine]: Behavior Tree tick rate 100.00 was exceeded!
[bt_navigator-11] [WARN] [1789630216.125621815] [BehaviorTreeEngine]: Behavior Tree tick rate 100.00 was exceeded!
[bt_navigator-11] [WARN] [1789630216.125677885] [bt_navigator_navigate_to_pose_rclcpp_node]: Timed out while waiting for action server to acknowledge goal request for compute_path_to_pose
[planner_server-9] [INFO] [1789630216.129915774] [global_costmap.global_costmap]: Received request to clear entirely the global_costmap
[bt_navigator-11] [WARN] [1789630216.285089910] [BehaviorTreeEngine]: Behavior Tree tick rate 100.00 was exceeded!
[controller_server-8] [INFO] [1789630216.318649835] [controller_server]: Passing new path to controller.
[bt_navigator-11] [WARN] [1789630216.465672007] [BehaviorTreeEngine]: Behavior Tree tick rate 100.00 was exceeded!
[bt_navigator-11] [WARN] [1789630216.523687832] [BehaviorTreeEngine]: Behavior Tree tick rate 100.00 was exceeded!
[bt_navigator-11] [WARN] [1789630216.598677650] [BehaviorTreeEngine]: Behavior Tree tick rate 100.00 was exceeded!
[bt_navigator-11] [WARN] [1789630216.615173742] [BehaviorTreeEngine]: Behavior Tree tick rate 100.00 was exceeded!
[bt_navigator-11] [WARN] [1789630216.660701036] [BehaviorTreeEngine]: Behavior Tree tick rate 100.00 was exceeded!
[bt_navigator-11] [WARN] [1789630216.695285424] [BehaviorTreeEngine]: Behavior Tree tick rate 100.00 was exceeded!
[swerve_bridge_node-14] [WARN] [1789630216.777440453] [swerve_bridge]: Django websocket disconnected: [Errno 111] Connection refused
[bt_navigator-11] [WARN] [1789630217.285535363] [BehaviorTreeEngine]: Behavior Tree tick rate 100.00 was exceeded!
[controller_server-8] [INFO] [1789630217.317819037] [controller_server]: Passing new path to controller.
[bt_navigator-11] [WARN] [1789630217.386210860] [BehaviorTreeEngine]: Behavior Tree tick rate 100.00 was exceeded!
[bt_navigator-11] [WARN] [1789630217.499241465] [BehaviorTreeEngine]: Behavior Tree tick rate 100.00 was exceeded!
[bt_navigator-11] [WARN] [1789630217.586681079] [BehaviorTreeEngine]: Behavior Tree tick rate 100.00 was exceeded!
[bt_navigator-11] [WARN] [1789630217.622767564] [BehaviorTreeEngine]: Behavior Tree tick rate 100.00 was exceeded!
[bt_navigator-11] [WARN] [1789630217.625435619] [BehaviorTreeEngine]: Behavior Tree tick rate 100.00 was exceeded!
[bt_navigator-11] [WARN] [1789630217.643738953] [BehaviorTreeEngine]: Behavior Tree tick rate 100.00 was exceeded!
[bt_navigator-11] [WARN] [1789630217.651532059] [BehaviorTreeEngine]: Behavior Tree tick rate 100.00 was exceeded!
[bt_navigator-11] [WARN] [1789630217.736521741] [BehaviorTreeEngine]: Behavior Tree tick rate 100.00 was exceeded!
[bt_navigator-11] [WARN] [1789630218.271420433] [BehaviorTreeEngine]: Behavior Tree tick rate 100.00 was exceeded!
[bt_navigator-11] [WARN] [1789630218.309611435] [BehaviorTreeEngine]: Behavior Tree tick rate 100.00 was exceeded!
[controller_server-8] [INFO] [1789630218.421106525] [controller_server]: Passing new path to controller.
[bt_navigator-11] [WARN] [1789630218.551820828] [BehaviorTreeEngine]: Behavior Tree tick rate 100.00 was exceeded!
[swerve_bridge_node-14] [WARN] [1789630218.780840131] [swerve_bridge]: Django websocket disconnected: [Errno 111] Connection refused
[bt_navigator-11] [WARN] [1789630218.919028443] [BehaviorTreeEngine]: Behavior Tree tick rate 100.00 was exceeded!
[controller_server-8] [INFO] [1789630219.417945604] [controller_server]: Passing new path to controller.
[bt_navigator-11] [WARN] [1789630219.452784130] [BehaviorTreeEngine]: Behavior Tree tick rate 100.00 was exceeded!
[bt_navigator-11] [WARN] [1789630219.599881305] [BehaviorTreeEngine]: Behavior Tree tick rate 100.00 was exceeded!
[controller_server-8] [WARN] [1789630219.652927133] [controller_server]: Control loop missed its desired rate of 10.0000Hz
[bt_navigator-11] [WARN] [1789630219.655117711] [BehaviorTreeEngine]: Behavior Tree tick rate 100.00 was exceeded!
[bt_navigator-11] [WARN] [1789630219.716601998] [BehaviorTreeEngine]: Behavior Tree tick rate 100.00 was exceeded!
[controller_server-8] [WARN] [1789630219.760218298] [controller_server]: Control loop missed its desired rate of 10.0000Hz
[bt_navigator-11] [WARN] [1789630219.775299098] [BehaviorTreeEngine]: Behavior Tree tick rate 100.00 was exceeded!
[bt_navigator-11] [WARN] [1789630219.805242815] [BehaviorTreeEngine]: Behavior Tree tick rate 100.00 was exceeded!
[controller_server-8] [WARN] [1789630219.827568076] [controller_server]: Control loop missed its desired rate of 10.0000Hz
[bt_navigator-11] [WARN] [1789630219.966570839] [BehaviorTreeEngine]: Behavior Tree tick rate 100.00 was exceeded!
[bt_navigator-11] [WARN] [1789630219.996461479] [BehaviorTreeEngine]: Behavior Tree tick rate 100.00 was exceeded!
[bt_navigator-11] [WARN] [1789630220.017584408] [BehaviorTreeEngine]: Behavior Tree tick rate 100.00 was exceeded!
[bt_navigator-11] [WARN] [1789630220.058379762] [BehaviorTreeEngine]: Behavior Tree tick rate 100.00 was exceeded!
[bt_navigator-11] [WARN] [1789630220.096473405] [BehaviorTreeEngine]: Behavior Tree tick rate 100.00 was exceeded!
[bt_navigator-11] [WARN] [1789630220.106559679] [BehaviorTreeEngine]: Behavior Tree tick rate 100.00 was exceeded!
[bt_navigator-11] [WARN] [1789630220.207680723] [BehaviorTreeEngine]: Behavior Tree tick rate 100.00 was exceeded!
[controller_server-8] [INFO] [1789630220.418139583] [controller_server]: Passing new path to controller.
[bt_navigator-11] [WARN] [1789630220.638897593] [BehaviorTreeEngine]: Behavior Tree tick rate 100.00 was exceeded!
[swerve_bridge_node-14] [WARN] [1789630220.782240096] [swerve_bridge]: Django websocket disconnected: [Errno 111] Connection refused
[bt_navigator-11] [WARN] [1789630221.013569142] [BehaviorTreeEngine]: Behavior Tree tick rate 100.00 was exceeded!
[bt_navigator-11] [WARN] [1789630221.024276682] [BehaviorTreeEngine]: Behavior Tree tick rate 100.00 was exceeded!
[bt_navigator-11] [WARN] [1789630221.039665667] [BehaviorTreeEngine]: Behavior Tree tick rate 100.00 was exceeded!
[bt_navigator-11] [WARN] [1789630221.067582934] [BehaviorTreeEngine]: Behavior Tree tick rate 100.00 was exceeded!
[bt_navigator-11] [WARN] [1789630221.073829289] [BehaviorTreeEngine]: Behavior Tree tick rate 100.00 was exceeded!
[controller_server-8] [INFO] [1789630221.418376740] [controller_server]: Passing new path to controller.
[bt_navigator-11] [WARN] [1789630221.469499753] [BehaviorTreeEngine]: Behavior Tree tick rate 100.00 was exceeded!
[bt_navigator-11] [WARN] [1789630221.633827033] [BehaviorTreeEngine]: Behavior Tree tick rate 100.00 was exceeded!
[bt_navigator-11] [WARN] [1789630221.639857151] [BehaviorTreeEngine]: Behavior Tree tick rate 100.00 was exceeded!
[bt_navigator-11] [WARN] [1789630221.765292829] [BehaviorTreeEngine]: Behavior Tree tick rate 100.00 was exceeded!
[bt_navigator-11] [WARN] [1789630221.768992665] [BehaviorTreeEngine]: Behavior Tree tick rate 100.00 was exceeded!
[bt_navigator-11] [WARN] [1789630221.821208223] [BehaviorTreeEngine]: Behavior Tree tick rate 100.00 was exceeded!
[bt_navigator-11] [WARN] [1789630222.308958263] [BehaviorTreeEngine]: Behavior Tree tick rate 100.00 was exceeded!
[controller_server-8] [INFO] [1789630222.518577532] [controller_server]: Passing new path to controller.
[bt_navigator-11] [WARN] [1789630222.545929952] [BehaviorTreeEngine]: Behavior Tree tick rate 100.00 was exceeded!
[bt_navigator-11] [WARN] [1789630222.661990506] [BehaviorTreeEngine]: Behavior Tree tick rate 100.00 was exceeded!
[bt_navigator-11] [WARN] [1789630222.670624338] [BehaviorTreeEngine]: Behavior Tree tick rate 100.00 was exceeded!
[bt_navigator-11] [WARN] [1789630222.743050831] [BehaviorTreeEngine]: Behavior Tree tick rate 100.00 was exceeded!
[bt_navigator-11] [WARN] [1789630222.749136346] [BehaviorTreeEngine]: Behavior Tree tick rate 100.00 was exceeded!
[swerve_bridge_node-14] [WARN] [1789630222.784633350] [swerve_bridge]: Django websocket disconnected: [Errno 111] Connection refused
[bt_navigator-11] [WARN] [1789630223.040572851] [BehaviorTreeEngine]: Behavior Tree tick rate 100.00 was exceeded!
[bt_navigator-11] [WARN] [1789630223.239886997] [BehaviorTreeEngine]: Behavior Tree tick rate 100.00 was exceeded!
[bt_navigator-11] [WARN] [1789630223.372022789] [BehaviorTreeEngine]: Behavior Tree tick rate 100.00 was exceeded!
[bt_navigator-11] [WARN] [1789630223.443678846] [BehaviorTreeEngine]: Behavior Tree tick rate 100.00 was exceeded!
[bt_navigator-11] [WARN] [1789630223.482811849] [BehaviorTreeEngine]: Behavior Tree tick rate 100.00 was exceeded!
[controller_server-8] [INFO] [1789630223.520365436] [controller_server]: Passing new path to controller.
[bt_navigator-11] [WARN] [1789630224.024208826] [BehaviorTreeEngine]: Behavior Tree tick rate 100.00 was exceeded!
[controller_server-8] [WARN] [1789630224.037845647] [controller_server]: Control loop missed its desired rate of 10.0000Hz
[bt_navigator-11] [WARN] [1789630224.076659956] [BehaviorTreeEngine]: Behavior Tree tick rate 100.00 was exceeded!
[bt_navigator-11] [WARN] [1789630224.187074337] [BehaviorTreeEngine]: Behavior Tree tick rate 100.00 was exceeded!
[bt_navigator-11] [WARN] [1789630224.200363687] [BehaviorTreeEngine]: Behavior Tree tick rate 100.00 was exceeded!
[bt_navigator-11] [WARN] [1789630224.215527527] [BehaviorTreeEngine]: Behavior Tree tick rate 100.00 was exceeded!
[bt_navigator-11] [WARN] [1789630224.266481095] [BehaviorTreeEngine]: Behavior Tree tick rate 100.00 was exceeded!
[bt_navigator-11] [WARN] [1789630224.455384173] [BehaviorTreeEngine]: Behavior Tree tick rate 100.00 was exceeded!
[controller_server-8] [INFO] [1789630224.517883938] [controller_server]: Passing new path to controller.
[bt_navigator-11] [WARN] [1789630224.555556792] [BehaviorTreeEngine]: Behavior Tree tick rate 100.00 was exceeded!
[bt_navigator-11] [WARN] [1789630224.639001755] [BehaviorTreeEngine]: Behavior Tree tick rate 100.00 was exceeded!
[bt_navigator-11] [WARN] [1789630224.753370783] [BehaviorTreeEngine]: Behavior Tree tick rate 100.00 was exceeded!
[swerve_bridge_node-14] [WARN] [1789630224.786372183] [swerve_bridge]: Django websocket disconnected: [Errno 111] Connection refused
[bt_navigator-11] [WARN] [1789630225.030363956] [BehaviorTreeEngine]: Behavior Tree tick rate 100.00 was exceeded!
[bt_navigator-11] [WARN] [1789630225.038916644] [BehaviorTreeEngine]: Behavior Tree tick rate 100.00 was exceeded!
[bt_navigator-11] [WARN] [1789630225.158082846] [BehaviorTreeEngine]: Behavior Tree tick rate 100.00 was exceeded!
[bt_navigator-11] [WARN] [1789630225.175863210] [BehaviorTreeEngine]: Behavior Tree tick rate 100.00 was exceeded!
[bt_navigator-11] [WARN] [1789630225.370631128] [BehaviorTreeEngine]: Behavior Tree tick rate 100.00 was exceeded!
[bt_navigator-11] [WARN] [1789630225.645090713] [BehaviorTreeEngine]: Behavior Tree tick rate 100.00 was exceeded!
[bt_navigator-11] [WARN] [1789630225.723733018] [BehaviorTreeEngine]: Behavior Tree tick rate 100.00 was exceeded!
[bt_navigator-11] [WARN] [1789630225.742889295] [BehaviorTreeEngine]: Behavior Tree tick rate 100.00 was exceeded!
[bt_navigator-11] [WARN] [1789630225.944541970] [BehaviorTreeEngine]: Behavior Tree tick rate 100.00 was exceeded!
[bt_navigator-11] [WARN] [1789630226.247416743] [BehaviorTreeEngine]: Behavior Tree tick rate 100.00 was exceeded!
[bt_navigator-11] [WARN] [1789630226.270603977] [BehaviorTreeEngine]: Behavior Tree tick rate 100.00 was exceeded!
[bt_navigator-11] [WARN] [1789630226.281585028] [BehaviorTreeEngine]: Behavior Tree tick rate 100.00 was exceeded!
[bt_navigator-11] [WARN] [1789630226.334778461] [BehaviorTreeEngine]: Behavior Tree tick rate 100.00 was exceeded!
[bt_navigator-11] [WARN] [1789630226.376102633] [BehaviorTreeEngine]: Behavior Tree tick rate 100.00 was exceeded!
[bt_navigator-11] [WARN] [1789630226.382079703] [BehaviorTreeEngine]: Behavior Tree tick rate 100.00 was exceeded!
[bt_navigator-11] [WARN] [1789630226.448405981] [BehaviorTreeEngine]: Behavior Tree tick rate 100.00 was exceeded!
[bt_navigator-11] [WARN] [1789630226.481018820] [BehaviorTreeEngine]: Behavior Tree tick rate 100.00 was exceeded!
[bt_navigator-11] [WARN] [1789630226.605160246] [BehaviorTreeEngine]: Behavior Tree tick rate 100.00 was exceeded!
[bt_navigator-11] [WARN] [1789630226.635441190] [BehaviorTreeEngine]: Behavior Tree tick rate 100.00 was exceeded!
[bt_navigator-11] [WARN] [1789630226.690724634] [BehaviorTreeEngine]: Behavior Tree tick rate 100.00 was exceeded!
[controller_server-8] [WARN] [1789630226.707076649] [controller_server]: Control loop missed its desired rate of 10.0000Hz
[controller_server-8] [INFO] [1789630226.707245740] [controller_server]: Passing new path to controller.
[controller_server-8] [WARN] [1789630226.765679549] [controller_server]: Control loop missed its desired rate of 10.0000Hz
[swerve_bridge_node-14] [WARN] [1789630226.804396214] [swerve_bridge]: Django websocket disconnected: [Errno 111] Connection refused
[bt_navigator-11] [WARN] [1789630226.808415860] [BehaviorTreeEngine]: Behavior Tree tick rate 100.00 was exceeded!
[controller_server-8] [WARN] [1789630226.870477704] [controller_server]: Control loop missed its desired rate of 10.0000Hz
[controller_server-8] [WARN] [1789630226.945891993] [controller_server]: Control loop missed its desired rate of 10.0000Hz
[bt_navigator-11] [WARN] [1789630227.230073698] [BehaviorTreeEngine]: Behavior Tree tick rate 100.00 was exceeded!
[bt_navigator-11] [WARN] [1789630227.249250002] [BehaviorTreeEngine]: Behavior Tree tick rate 100.00 was exceeded!
[bt_navigator-11] [WARN] [1789630227.436489781] [BehaviorTreeEngine]: Behavior Tree tick rate 100.00 was exceeded!
[bt_navigator-11] [WARN] [1789630227.442368509] [BehaviorTreeEngine]: Behavior Tree tick rate 100.00 was exceeded!
[bt_navigator-11] [WARN] [1789630227.449498353] [BehaviorTreeEngine]: Behavior Tree tick rate 100.00 was exceeded!
[bt_navigator-11] [WARN] [1789630227.488927561] [BehaviorTreeEngine]: Behavior Tree tick rate 100.00 was exceeded!
[bt_navigator-11] [WARN] [1789630227.521319298] [BehaviorTreeEngine]: Behavior Tree tick rate 100.00 was exceeded!
[bt_navigator-11] [WARN] [1789630227.662345282] [BehaviorTreeEngine]: Behavior Tree tick rate 100.00 was exceeded!
[bt_navigator-11] [WARN] [1789630227.672490171] [BehaviorTreeEngine]: Behavior Tree tick rate 100.00 was exceeded!
[bt_navigator-11] [WARN] [1789630227.679859399] [BehaviorTreeEngine]: Behavior Tree tick rate 100.00 was exceeded!
[controller_server-8] [INFO] [1789630227.717734194] [controller_server]: Passing new path to controller.
[bt_navigator-11] [WARN] [1789630228.000533724] [BehaviorTreeEngine]: Behavior Tree tick rate 100.00 was exceeded!
[bt_navigator-11] [WARN] [1789630228.035473985] [BehaviorTreeEngine]: Behavior Tree tick rate 100.00 was exceeded!
[bt_navigator-11] [WARN] [1789630228.040166860] [BehaviorTreeEngine]: Behavior Tree tick rate 100.00 was exceeded!
[bt_navigator-11] [WARN] [1789630228.110033737] [BehaviorTreeEngine]: Behavior Tree tick rate 100.00 was exceeded!
[bt_navigator-11] [WARN] [1789630228.518809490] [BehaviorTreeEngine]: Behavior Tree tick rate 100.00 was exceeded!
[bt_navigator-11] [WARN] [1789630228.731590535] [BehaviorTreeEngine]: Behavior Tree tick rate 100.00 was exceeded!
[controller_server-8] [INFO] [1789630228.736050499] [controller_server]: Passing new path to controller.
[swerve_bridge_node-14] [WARN] [1789630228.806182409] [swerve_bridge]: Django websocket disconnected: [Errno 111] Connection refused
[bt_navigator-11] [WARN] [1789630229.029820932] [BehaviorTreeEngine]: Behavior Tree tick rate 100.00 was exceeded!
[bt_navigator-11] [WARN] [1789630229.033907651] [BehaviorTreeEngine]: Behavior Tree tick rate 100.00 was exceeded!
[bt_navigator-11] [WARN] [1789630229.043612562] [BehaviorTreeEngine]: Behavior Tree tick rate 100.00 was exceeded!
[bt_navigator-11] [WARN] [1789630229.243378199] [BehaviorTreeEngine]: Behavior Tree tick rate 100.00 was exceeded!
[bt_navigator-11] [WARN] [1789630229.631586628] [BehaviorTreeEngine]: Behavior Tree tick rate 100.00 was exceeded!
[controller_server-8] [INFO] [1789630229.717813990] [controller_server]: Passing new path to controller.
[bt_navigator-11] [WARN] [1789630229.789613144] [BehaviorTreeEngine]: Behavior Tree tick rate 100.00 was exceeded!
[bt_navigator-11] [WARN] [1789630229.793595387] [BehaviorTreeEngine]: Behavior Tree tick rate 100.00 was exceeded!
[bt_navigator-11] [WARN] [1789630229.970132375] [BehaviorTreeEngine]: Behavior Tree tick rate 100.00 was exceeded!
[bt_navigator-11] [WARN] [1789630229.978113909] [BehaviorTreeEngine]: Behavior Tree tick rate 100.00 was exceeded!
[bt_navigator-11] [WARN] [1789630230.025224355] [BehaviorTreeEngine]: Behavior Tree tick rate 100.00 was exceeded!
[bt_navigator-11] [WARN] [1789630230.348534460] [BehaviorTreeEngine]: Behavior Tree tick rate 100.00 was exceeded!
[bt_navigator-11] [WARN] [1789630230.363062394] [BehaviorTreeEngine]: Behavior Tree tick rate 100.00 was exceeded!
[bt_navigator-11] [WARN] [1789630230.368213768] [BehaviorTreeEngine]: Behavior Tree tick rate 100.00 was exceeded!
[bt_navigator-11] [WARN] [1789630230.374142697] [BehaviorTreeEngine]: Behavior Tree tick rate 100.00 was exceeded!
[bt_navigator-11] [WARN] [1789630230.395229306] [BehaviorTreeEngine]: Behavior Tree tick rate 100.00 was exceeded!
[bt_navigator-11] [WARN] [1789630230.556771533] [BehaviorTreeEngine]: Behavior Tree tick rate 100.00 was exceeded!
[bt_navigator-11] [WARN] [1789630230.743112243] [BehaviorTreeEngine]: Behavior Tree tick rate 100.00 was exceeded!
[bt_navigator-11] [WARN] [1789630230.752788307] [BehaviorTreeEngine]: Behavior Tree tick rate 100.00 was exceeded!
[swerve_bridge_node-14] [WARN] [1789630230.808272195] [swerve_bridge]: Django websocket disconnected: [Errno 111] Connection refused
[controller_server-8] [INFO] [1789630230.819988737] [controller_server]: Passing new path to controller.
[bt_navigator-11] [WARN] [1789630230.855397871] [BehaviorTreeEngine]: Behavior Tree tick rate 100.00 was exceeded!
[bt_navigator-11] [WARN] [1789630231.046771020] [BehaviorTreeEngine]: Behavior Tree tick rate 100.00 was exceeded!
[bt_navigator-11] [WARN] [1789630231.434392055] [BehaviorTreeEngine]: Behavior Tree tick rate 100.00 was exceeded!
[bt_navigator-11] [WARN] [1789630231.436690346] [BehaviorTreeEngine]: Behavior Tree tick rate 100.00 was exceeded!
[bt_navigator-11] [WARN] [1789630231.555242071] [BehaviorTreeEngine]: Behavior Tree tick rate 100.00 was exceeded!
[bt_navigator-11] [WARN] [1789630231.748190654] [BehaviorTreeEngine]: Behavior Tree tick rate 100.00 was exceeded!
[bt_navigator-11] [WARN] [1789630231.797938088] [BehaviorTreeEngine]: Behavior Tree tick rate 100.00 was exceeded!
[controller_server-8] [WARN] [1789630231.827830741] [controller_server]: Control loop missed its desired rate of 10.0000Hz
[controller_server-8] [INFO] [1789630231.828245991] [controller_server]: Passing new path to controller.
[bt_navigator-11] [WARN] [1789630232.043269540] [BehaviorTreeEngine]: Behavior Tree tick rate 100.00 was exceeded!
[bt_navigator-11] [WARN] [1789630232.165740861] [BehaviorTreeEngine]: Behavior Tree tick rate 100.00 was exceeded!
[bt_navigator-11] [WARN] [1789630232.268272885] [BehaviorTreeEngine]: Behavior Tree tick rate 100.00 was exceeded!
[bt_navigator-11] [WARN] [1789630232.384067652] [BehaviorTreeEngine]: Behavior Tree tick rate 100.00 was exceeded!
[bt_navigator-11] [WARN] [1789630232.605105799] [BehaviorTreeEngine]: Behavior Tree tick rate 100.00 was exceeded!
[controller_server-8] [WARN] [1789630232.630824725] [controller_server]: Control loop missed its desired rate of 10.0000Hz
[bt_navigator-11] [WARN] [1789630232.652550697] [BehaviorTreeEngine]: Behavior Tree tick rate 100.00 was exceeded!
[bt_navigator-11] [WARN] [1789630232.746948365] [BehaviorTreeEngine]: Behavior Tree tick rate 100.00 was exceeded!
[swerve_bridge_node-14] [WARN] [1789630232.809270055] [swerve_bridge]: Django websocket disconnected: [Errno 111] Connection refused
[controller_server-8] [INFO] [1789630232.917736318] [controller_server]: Passing new path to controller.
[bt_navigator-11] [WARN] [1789630233.032166272] [BehaviorTreeEngine]: Behavior Tree tick rate 100.00 was exceeded!
[bt_navigator-11] [WARN] [1789630233.153147740] [BehaviorTreeEngine]: Behavior Tree tick rate 100.00 was exceeded!
[bt_navigator-11] [WARN] [1789630233.184764285] [BehaviorTreeEngine]: Behavior Tree tick rate 100.00 was exceeded!
[bt_navigator-11] [WARN] [1789630233.342678698] [BehaviorTreeEngine]: Behavior Tree tick rate 100.00 was exceeded!
[bt_navigator-11] [WARN] [1789630233.442525746] [BehaviorTreeEngine]: Behavior Tree tick rate 100.00 was exceeded!
[bt_navigator-11] [WARN] [1789630233.552362841] [BehaviorTreeEngine]: Behavior Tree tick rate 100.00 was exceeded!
[bt_navigator-11] [WARN] [1789630233.564072584] [BehaviorTreeEngine]: Behavior Tree tick rate 100.00 was exceeded!
[bt_navigator-11] [WARN] [1789630233.635394382] [BehaviorTreeEngine]: Behavior Tree tick rate 100.00 was exceeded!
[bt_navigator-11] [WARN] [1789630233.669888141] [BehaviorTreeEngine]: Behavior Tree tick rate 100.00 was exceeded!
[bt_navigator-11] [WARN] [1789630233.740640020] [BehaviorTreeEngine]: Behavior Tree tick rate 100.00 was exceeded!
[bt_navigator-11] [WARN] [1789630233.820115175] [BehaviorTreeEngine]: Behavior Tree tick rate 100.00 was exceeded!
[bt_navigator-11] [WARN] [1789630233.850611382] [BehaviorTreeEngine]: Behavior Tree tick rate 100.00 was exceeded!
[bt_navigator-11] [WARN] [1789630233.888753748] [BehaviorTreeEngine]: Behavior Tree tick rate 100.00 was exceeded!
[controller_server-8] [WARN] [1789630233.928409597] [controller_server]: Control loop missed its desired rate of 10.0000Hz
[controller_server-8] [INFO] [1789630233.928495480] [controller_server]: Passing new path to controller.
[bt_navigator-11] [WARN] [1789630234.040321127] [BehaviorTreeEngine]: Behavior Tree tick rate 100.00 was exceeded!
[bt_navigator-11] [WARN] [1789630234.050922504] [BehaviorTreeEngine]: Behavior Tree tick rate 100.00 was exceeded!
[bt_navigator-11] [WARN] [1789630234.102156683] [BehaviorTreeEngine]: Behavior Tree tick rate 100.00 was exceeded!
[bt_navigator-11] [WARN] [1789630234.429239432] [BehaviorTreeEngine]: Behavior Tree tick rate 100.00 was exceeded!
[swerve_bridge_node-14] [WARN] [1789630234.810661702] [swerve_bridge]: Django websocket disconnected: [Errno 111] Connection refused
[controller_server-8] [INFO] [1789630235.023850605] [controller_server]: Passing new path to controller.
[bt_navigator-11] [WARN] [1789630235.030952451] [BehaviorTreeEngine]: Behavior Tree tick rate 100.00 was exceeded!
[bt_navigator-11] [WARN] [1789630235.089878840] [BehaviorTreeEngine]: Behavior Tree tick rate 100.00 was exceeded!
[bt_navigator-11] [WARN] [1789630235.269742864] [BehaviorTreeEngine]: Behavior Tree tick rate 100.00 was exceeded!
[bt_navigator-11] [WARN] [1789630235.950947212] [BehaviorTreeEngine]: Behavior Tree tick rate 100.00 was exceeded!
[bt_navigator-11] [WARN] [1789630235.972288355] [BehaviorTreeEngine]: Behavior Tree tick rate 100.00 was exceeded!
[controller_server-8] [INFO] [1789630236.023488759] [controller_server]: Passing new path to controller.
[bt_navigator-11] [WARN] [1789630236.030445973] [BehaviorTreeEngine]: Behavior Tree tick rate 100.00 was exceeded!
[bt_navigator-11] [WARN] [1789630236.101687467] [BehaviorTreeEngine]: Behavior Tree tick rate 100.00 was exceeded!
[bt_navigator-11] [WARN] [1789630236.137602442] [BehaviorTreeEngine]: Behavior Tree tick rate 100.00 was exceeded!
[bt_navigator-11] [WARN] [1789630236.145040457] [BehaviorTreeEngine]: Behavior Tree tick rate 100.00 was exceeded!
[bt_navigator-11] [WARN] [1789630236.150160100] [BehaviorTreeEngine]: Behavior Tree tick rate 100.00 was exceeded!
[bt_navigator-11] [WARN] [1789630236.176204904] [BehaviorTreeEngine]: Behavior Tree tick rate 100.00 was exceeded!
[bt_navigator-11] [WARN] [1789630236.194223266] [BehaviorTreeEngine]: Behavior Tree tick rate 100.00 was exceeded!
[bt_navigator-11] [WARN] [1789630236.275780599] [BehaviorTreeEngine]: Behavior Tree tick rate 100.00 was exceeded!
[bt_navigator-11] [WARN] [1789630236.328649971] [BehaviorTreeEngine]: Behavior Tree tick rate 100.00 was exceeded!
[bt_navigator-11] [WARN] [1789630236.626701011] [BehaviorTreeEngine]: Behavior Tree tick rate 100.00 was exceeded!
[swerve_bridge_node-14] [WARN] [1789630236.816290258] [swerve_bridge]: Django websocket disconnected: [Errno 111] Connection refused
[bt_navigator-11] [WARN] [1789630236.881819649] [BehaviorTreeEngine]: Behavior Tree tick rate 100.00 was exceeded!
[bt_navigator-11] [WARN] [1789630236.887269299] [BehaviorTreeEngine]: Behavior Tree tick rate 100.00 was exceeded!
[bt_navigator-11] [WARN] [1789630236.967866291] [BehaviorTreeEngine]: Behavior Tree tick rate 100.00 was exceeded!
[bt_navigator-11] [WARN] [1789630236.977450027] [BehaviorTreeEngine]: Behavior Tree tick rate 100.00 was exceeded!
[controller_server-8] [INFO] [1789630237.019388374] [controller_server]: Passing new path to controller.
[bt_navigator-11] [WARN] [1789630237.164024086] [BehaviorTreeEngine]: Behavior Tree tick rate 100.00 was exceeded!
[bt_navigator-11] [WARN] [1789630237.336993349] [BehaviorTreeEngine]: Behavior Tree tick rate 100.00 was exceeded!
[bt_navigator-11] [WARN] [1789630237.397621197] [BehaviorTreeEngine]: Behavior Tree tick rate 100.00 was exceeded!
[controller_server-8] [WARN] [1789630237.442252137] [controller_server]: Control loop missed its desired rate of 10.0000Hz
[bt_navigator-11] [WARN] [1789630237.461756108] [BehaviorTreeEngine]: Behavior Tree tick rate 100.00 was exceeded!
[bt_navigator-11] [WARN] [1789630237.630311750] [BehaviorTreeEngine]: Behavior Tree tick rate 100.00 was exceeded!
[bt_navigator-11] [WARN] [1789630237.721758308] [BehaviorTreeEngine]: Behavior Tree tick rate 100.00 was exceeded!
[controller_server-8] [WARN] [1789630237.732796715] [controller_server]: Control loop missed its desired rate of 10.0000Hz
[bt_navigator-11] [WARN] [1789630237.896014389] [BehaviorTreeEngine]: Behavior Tree tick rate 100.00 was exceeded!
[bt_navigator-11] [WARN] [1789630238.079019823] [BehaviorTreeEngine]: Behavior Tree tick rate 100.00 was exceeded!
[bt_navigator-11] [WARN] [1789630238.184640329] [BehaviorTreeEngine]: Behavior Tree tick rate 100.00 was exceeded!
[bt_navigator-11] [WARN] [1789630238.541000842] [BehaviorTreeEngine]: Behavior Tree tick rate 100.00 was exceeded!
[bt_navigator-11] [WARN] [1789630238.591169562] [BehaviorTreeEngine]: Behavior Tree tick rate 100.00 was exceeded!
[bt_navigator-11] [WARN] [1789630238.633157566] [BehaviorTreeEngine]: Behavior Tree tick rate 100.00 was exceeded!
[bt_navigator-11] [WARN] [1789630238.654234287] [BehaviorTreeEngine]: Behavior Tree tick rate 100.00 was exceeded!
[bt_navigator-11] [WARN] [1789630238.755224055] [BehaviorTreeEngine]: Behavior Tree tick rate 100.00 was exceeded!
[bt_navigator-11] [WARN] [1789630238.764751898] [BehaviorTreeEngine]: Behavior Tree tick rate 100.00 was exceeded!
[bt_navigator-11] [WARN] [1789630238.781965639] [BehaviorTreeEngine]: Behavior Tree tick rate 100.00 was exceeded!
[bt_navigator-11] [WARN] [1789630238.792304567] [BehaviorTreeEngine]: Behavior Tree tick rate 100.00 was exceeded!
[swerve_bridge_node-14] [WARN] [1789630238.821365560] [swerve_bridge]: Django websocket disconnected: [Errno 111] Connection refused
[bt_navigator-11] [WARN] [1789630238.892402686] [BehaviorTreeEngine]: Behavior Tree tick rate 100.00 was exceeded!
[controller_server-8] [WARN] [1789630238.926836654] [controller_server]: Control loop missed its desired rate of 10.0000Hz
[bt_navigator-11] [WARN] [1789630239.053286371] [BehaviorTreeEngine]: Behavior Tree tick rate 100.00 was exceeded!
[bt_navigator-11] [WARN] [1789630239.095638810] [BehaviorTreeEngine]: Behavior Tree tick rate 100.00 was exceeded!
[controller_server-8] [WARN] [1789630239.142572578] [controller_server]: Control loop missed its desired rate of 10.0000Hz
[controller_server-8] [INFO] [1789630239.142662505] [controller_server]: Passing new path to controller.
[bt_navigator-11] [WARN] [1789630239.159710850] [BehaviorTreeEngine]: Behavior Tree tick rate 100.00 was exceeded!
[bt_navigator-11] [WARN] [1789630239.252898570] [BehaviorTreeEngine]: Behavior Tree tick rate 100.00 was exceeded!
[bt_navigator-11] [WARN] [1789630239.334228903] [BehaviorTreeEngine]: Behavior Tree tick rate 100.00 was exceeded!
[bt_navigator-11] [WARN] [1789630239.450507451] [BehaviorTreeEngine]: Behavior Tree tick rate 100.00 was exceeded!
[bt_navigator-11] [WARN] [1789630239.730028947] [BehaviorTreeEngine]: Behavior Tree tick rate 100.00 was exceeded!
[bt_navigator-11] [WARN] [1789630239.755291767] [BehaviorTreeEngine]: Behavior Tree tick rate 100.00 was exceeded!
[bt_navigator-11] [WARN] [1789630239.779727407] [BehaviorTreeEngine]: Behavior Tree tick rate 100.00 was exceeded!
[bt_navigator-11] [WARN] [1789630239.790070795] [BehaviorTreeEngine]: Behavior Tree tick rate 100.00 was exceeded!
[bt_navigator-11] [WARN] [1789630239.814951552] [BehaviorTreeEngine]: Behavior Tree tick rate 100.00 was exceeded!
[bt_navigator-11] [WARN] [1789630239.914724331] [BehaviorTreeEngine]: Behavior Tree tick rate 100.00 was exceeded!
[bt_navigator-11] [WARN] [1789630240.023406018] [BehaviorTreeEngine]: Behavior Tree tick rate 100.00 was exceeded!
[bt_navigator-11] [WARN] [1789630240.032928822] [BehaviorTreeEngine]: Behavior Tree tick rate 100.00 was exceeded!
[bt_navigator-11] [WARN] [1789630240.062955121] [BehaviorTreeEngine]: Behavior Tree tick rate 100.00 was exceeded!
[controller_server-8] [INFO] [1789630240.117678893] [controller_server]: Passing new path to controller.
[bt_navigator-11] [WARN] [1789630240.204484598] [BehaviorTreeEngine]: Behavior Tree tick rate 100.00 was exceeded!
[bt_navigator-11] [WARN] [1789630240.373025882] [BehaviorTreeEngine]: Behavior Tree tick rate 100.00 was exceeded!
[bt_navigator-11] [WARN] [1789630240.552574117] [BehaviorTreeEngine]: Behavior Tree tick rate 100.00 was exceeded!
[bt_navigator-11] [WARN] [1789630240.562544665] [BehaviorTreeEngine]: Behavior Tree tick rate 100.00 was exceeded!
[bt_navigator-11] [WARN] [1789630240.563358535] [BehaviorTreeEngine]: Behavior Tree tick rate 100.00 was exceeded!
[bt_navigator-11] [WARN] [1789630240.734412343] [BehaviorTreeEngine]: Behavior Tree tick rate 100.00 was exceeded!
[swerve_bridge_node-14] [WARN] [1789630240.822861746] [swerve_bridge]: Django websocket disconnected: [Errno 111] Connection refused
[bt_navigator-11] [WARN] [1789630240.887362813] [BehaviorTreeEngine]: Behavior Tree tick rate 100.00 was exceeded!
[bt_navigator-11] [WARN] [1789630241.052669339] [BehaviorTreeEngine]: Behavior Tree tick rate 100.00 was exceeded!
[bt_navigator-11] [WARN] [1789630241.068337646] [BehaviorTreeEngine]: Behavior Tree tick rate 100.00 was exceeded!
[controller_server-8] [INFO] [1789630241.118041574] [controller_server]: Passing new path to controller.
[bt_navigator-11] [WARN] [1789630241.150095590] [BehaviorTreeEngine]: Behavior Tree tick rate 100.00 was exceeded!
[bt_navigator-11] [WARN] [1789630241.177518936] [BehaviorTreeEngine]: Behavior Tree tick rate 100.00 was exceeded!
[bt_navigator-11] [WARN] [1789630241.218219518] [BehaviorTreeEngine]: Behavior Tree tick rate 100.00 was exceeded!
[bt_navigator-11] [WARN] [1789630241.328409419] [BehaviorTreeEngine]: Behavior Tree tick rate 100.00 was exceeded!
[bt_navigator-11] [WARN] [1789630241.337644240] [BehaviorTreeEngine]: Behavior Tree tick rate 100.00 was exceeded!
[bt_navigator-11] [WARN] [1789630241.457734118] [BehaviorTreeEngine]: Behavior Tree tick rate 100.00 was exceeded!
[bt_navigator-11] [WARN] [1789630241.667508630] [BehaviorTreeEngine]: Behavior Tree tick rate 100.00 was exceeded!
[bt_navigator-11] [WARN] [1789630241.681938094] [BehaviorTreeEngine]: Behavior Tree tick rate 100.00 was exceeded!
[bt_navigator-11] [WARN] [1789630241.689588319] [BehaviorTreeEngine]: Behavior Tree tick rate 100.00 was exceeded!
[bt_navigator-11] [WARN] [1789630241.760828594] [BehaviorTreeEngine]: Behavior Tree tick rate 100.00 was exceeded!
[bt_navigator-11] [WARN] [1789630241.897456969] [BehaviorTreeEngine]: Behavior Tree tick rate 100.00 was exceeded!
[bt_navigator-11] [WARN] [1789630242.068869026] [BehaviorTreeEngine]: Behavior Tree tick rate 100.00 was exceeded!
[bt_navigator-11] [WARN] [1789630242.110954270] [BehaviorTreeEngine]: Behavior Tree tick rate 100.00 was exceeded!
[controller_server-8] [INFO] [1789630242.218283073] [controller_server]: Passing new path to controller.
[bt_navigator-11] [WARN] [1789630242.337744437] [BehaviorTreeEngine]: Behavior Tree tick rate 100.00 was exceeded!
[bt_navigator-11] [WARN] [1789630242.571280509] [BehaviorTreeEngine]: Behavior Tree tick rate 100.00 was exceeded!
[bt_navigator-11] [WARN] [1789630242.817491568] [BehaviorTreeEngine]: Behavior Tree tick rate 100.00 was exceeded!
[swerve_bridge_node-14] [WARN] [1789630242.829230722] [swerve_bridge]: Django websocket disconnected: [Errno 111] Connection refused
[bt_navigator-11] [WARN] [1789630243.096463276] [BehaviorTreeEngine]: Behavior Tree tick rate 100.00 was exceeded!
[bt_navigator-11] [WARN] [1789630243.115324075] [BehaviorTreeEngine]: Behavior Tree tick rate 100.00 was exceeded!
[bt_navigator-11] [WARN] [1789630243.127544228] [BehaviorTreeEngine]: Behavior Tree tick rate 100.00 was exceeded!
[bt_navigator-11] [WARN] [1789630243.191781754] [BehaviorTreeEngine]: Behavior Tree tick rate 100.00 was exceeded!
[bt_navigator-11] [WARN] [1789630243.234530826] [BehaviorTreeEngine]: Behavior Tree tick rate 100.00 was exceeded!
[controller_server-8] [WARN] [1789630243.236276762] [controller_server]: Control loop missed its desired rate of 10.0000Hz
[bt_navigator-11] [WARN] [1789630243.268729440] [BehaviorTreeEngine]: Behavior Tree tick rate 100.00 was exceeded!
[controller_server-8] [WARN] [1789630243.338878836] [controller_server]: Control loop missed its desired rate of 10.0000Hz
[controller_server-8] [INFO] [1789630243.338935431] [controller_server]: Passing new path to controller.
[bt_navigator-11] [WARN] [1789630243.346693899] [BehaviorTreeEngine]: Behavior Tree tick rate 100.00 was exceeded!
[bt_navigator-11] [WARN] [1789630243.445584830] [BehaviorTreeEngine]: Behavior Tree tick rate 100.00 was exceeded!
[bt_navigator-11] [WARN] [1789630243.518850553] [BehaviorTreeEngine]: Behavior Tree tick rate 100.00 was exceeded!
[bt_navigator-11] [WARN] [1789630243.548131613] [BehaviorTreeEngine]: Behavior Tree tick rate 100.00 was exceeded!
[bt_navigator-11] [WARN] [1789630243.591130425] [BehaviorTreeEngine]: Behavior Tree tick rate 100.00 was exceeded!
[bt_navigator-11] [WARN] [1789630243.641839196] [BehaviorTreeEngine]: Behavior Tree tick rate 100.00 was exceeded!
[bt_navigator-11] [WARN] [1789630243.713451078] [BehaviorTreeEngine]: Behavior Tree tick rate 100.00 was exceeded!
[bt_navigator-11] [WARN] [1789630243.745271637] [BehaviorTreeEngine]: Behavior Tree tick rate 100.00 was exceeded!
[bt_navigator-11] [WARN] [1789630243.813504046] [BehaviorTreeEngine]: Behavior Tree tick rate 100.00 was exceeded!
[bt_navigator-11] [WARN] [1789630243.827124061] [BehaviorTreeEngine]: Behavior Tree tick rate 100.00 was exceeded!
[bt_navigator-11] [WARN] [1789630244.013631273] [BehaviorTreeEngine]: Behavior Tree tick rate 100.00 was exceeded!
[bt_navigator-11] [WARN] [1789630244.022432153] [BehaviorTreeEngine]: Behavior Tree tick rate 100.00 was exceeded!
[bt_navigator-11] [WARN] [1789630244.106935151] [BehaviorTreeEngine]: Behavior Tree tick rate 100.00 was exceeded!
[bt_navigator-11] [WARN] [1789630244.125258747] [BehaviorTreeEngine]: Behavior Tree tick rate 100.00 was exceeded!
[bt_navigator-11] [WARN] [1789630244.166330465] [BehaviorTreeEngine]: Behavior Tree tick rate 100.00 was exceeded!
[bt_navigator-11] [WARN] [1789630244.255608126] [BehaviorTreeEngine]: Behavior Tree tick rate 100.00 was exceeded!
[bt_navigator-11] [WARN] [1789630244.309664428] [BehaviorTreeEngine]: Behavior Tree tick rate 100.00 was exceeded!
[bt_navigator-11] [WARN] [1789630244.356201018] [BehaviorTreeEngine]: Behavior Tree tick rate 100.00 was exceeded!
[controller_server-8] [INFO] [1789630244.418781752] [controller_server]: Passing new path to controller.
[bt_navigator-11] [WARN] [1789630244.428831411] [BehaviorTreeEngine]: Behavior Tree tick rate 100.00 was exceeded!
[bt_navigator-11] [WARN] [1789630244.476550874] [BehaviorTreeEngine]: Behavior Tree tick rate 100.00 was exceeded!
[bt_navigator-11] [WARN] [1789630244.489013357] [BehaviorTreeEngine]: Behavior Tree tick rate 100.00 was exceeded!
[bt_navigator-11] [WARN] [1789630244.506771106] [BehaviorTreeEngine]: Behavior Tree tick rate 100.00 was exceeded!
[bt_navigator-11] [WARN] [1789630244.635616257] [BehaviorTreeEngine]: Behavior Tree tick rate 100.00 was exceeded!
[bt_navigator-11] [WARN] [1789630244.829617575] [BehaviorTreeEngine]: Behavior Tree tick rate 100.00 was exceeded!
[swerve_bridge_node-14] [WARN] [1789630244.835481448] [swerve_bridge]: Django websocket disconnected: [Errno 111] Connection refused
[bt_navigator-11] [WARN] [1789630244.926260698] [BehaviorTreeEngine]: Behavior Tree tick rate 100.00 was exceeded!
[bt_navigator-11] [WARN] [1789630245.114750787] [BehaviorTreeEngine]: Behavior Tree tick rate 100.00 was exceeded!
[bt_navigator-11] [WARN] [1789630245.348295890] [BehaviorTreeEngine]: Behavior Tree tick rate 100.00 was exceeded!
[controller_server-8] [INFO] [1789630245.420512459] [controller_server]: Passing new path to controller.
[bt_navigator-11] [WARN] [1789630245.447601358] [BehaviorTreeEngine]: Behavior Tree tick rate 100.00 was exceeded!
[bt_navigator-11] [WARN] [1789630245.457561813] [BehaviorTreeEngine]: Behavior Tree tick rate 100.00 was exceeded!
[bt_navigator-11] [WARN] [1789630245.473937344] [BehaviorTreeEngine]: Behavior Tree tick rate 100.00 was exceeded!
[bt_navigator-11] [WARN] [1789630245.537416914] [BehaviorTreeEngine]: Behavior Tree tick rate 100.00 was exceeded!
[bt_navigator-11] [WARN] [1789630245.546348312] [BehaviorTreeEngine]: Behavior Tree tick rate 100.00 was exceeded!
[bt_navigator-11] [WARN] [1789630246.241565541] [BehaviorTreeEngine]: Behavior Tree tick rate 100.00 was exceeded!
[bt_navigator-11] [WARN] [1789630246.252560275] [BehaviorTreeEngine]: Behavior Tree tick rate 100.00 was exceeded!
[bt_navigator-11] [WARN] [1789630246.378739915] [BehaviorTreeEngine]: Behavior Tree tick rate 100.00 was exceeded!
[bt_navigator-11] [WARN] [1789630246.412412553] [BehaviorTreeEngine]: Behavior Tree tick rate 100.00 was exceeded!
[controller_server-8] [INFO] [1789630246.417858550] [controller_server]: Passing new path to controller.
[bt_navigator-11] [WARN] [1789630246.448877706] [BehaviorTreeEngine]: Behavior Tree tick rate 100.00 was exceeded!
[bt_navigator-11] [WARN] [1789630246.523891286] [BehaviorTreeEngine]: Behavior Tree tick rate 100.00 was exceeded!
[bt_navigator-11] [WARN] [1789630246.536544710] [BehaviorTreeEngine]: Behavior Tree tick rate 100.00 was exceeded!
[bt_navigator-11] [WARN] [1789630246.579676760] [BehaviorTreeEngine]: Behavior Tree tick rate 100.00 was exceeded!
[bt_navigator-11] [WARN] [1789630246.674326025] [BehaviorTreeEngine]: Behavior Tree tick rate 100.00 was exceeded!
[swerve_bridge_node-14] [WARN] [1789630246.839073889] [swerve_bridge]: Django websocket disconnected: [Errno 111] Connection refused
[bt_navigator-11] [WARN] [1789630246.848788396] [BehaviorTreeEngine]: Behavior Tree tick rate 100.00 was exceeded!
[bt_navigator-11] [WARN] [1789630247.520769798] [BehaviorTreeEngine]: Behavior Tree tick rate 100.00 was exceeded!
[controller_server-8] [INFO] [1789630247.522569893] [controller_server]: Passing new path to controller.
[bt_navigator-11] [WARN] [1789630247.634334860] [BehaviorTreeEngine]: Behavior Tree tick rate 100.00 was exceeded!
[bt_navigator-11] [WARN] [1789630247.701854568] [BehaviorTreeEngine]: Behavior Tree tick rate 100.00 was exceeded!
[controller_server-8] [WARN] [1789630247.722447656] [controller_server]: Control loop missed its desired rate of 10.0000Hz
[bt_navigator-11] [WARN] [1789630247.763786109] [BehaviorTreeEngine]: Behavior Tree tick rate 100.00 was exceeded!
[bt_navigator-11] [WARN] [1789630247.832352294] [BehaviorTreeEngine]: Behavior Tree tick rate 100.00 was exceeded!
[bt_navigator-11] [WARN] [1789630248.172639735] [BehaviorTreeEngine]: Behavior Tree tick rate 100.00 was exceeded!
[bt_navigator-11] [WARN] [1789630248.343561831] [BehaviorTreeEngine]: Behavior Tree tick rate 100.00 was exceeded!
[bt_navigator-11] [WARN] [1789630248.431875221] [BehaviorTreeEngine]: Behavior Tree tick rate 100.00 was exceeded!
[bt_navigator-11] [WARN] [1789630248.442872905] [BehaviorTreeEngine]: Behavior Tree tick rate 100.00 was exceeded!
[bt_navigator-11] [WARN] [1789630248.452007892] [BehaviorTreeEngine]: Behavior Tree tick rate 100.00 was exceeded!
[bt_navigator-11] [WARN] [1789630248.464223254] [BehaviorTreeEngine]: Behavior Tree tick rate 100.00 was exceeded!
[controller_server-8] [INFO] [1789630248.521027495] [controller_server]: Passing new path to controller.
[bt_navigator-11] [WARN] [1789630248.674997350] [BehaviorTreeEngine]: Behavior Tree tick rate 100.00 was exceeded!
[bt_navigator-11] [WARN] [1789630248.682197683] [BehaviorTreeEngine]: Behavior Tree tick rate 100.00 was exceeded!
[bt_navigator-11] [WARN] [1789630248.725997715] [BehaviorTreeEngine]: Behavior Tree tick rate 100.00 was exceeded!
[bt_navigator-11] [WARN] [1789630248.743865781] [BehaviorTreeEngine]: Behavior Tree tick rate 100.00 was exceeded!
[bt_navigator-11] [WARN] [1789630248.822145421] [BehaviorTreeEngine]: Behavior Tree tick rate 100.00 was exceeded!
[bt_navigator-11] [WARN] [1789630248.826202441] [BehaviorTreeEngine]: Behavior Tree tick rate 100.00 was exceeded!
[bt_navigator-11] [WARN] [1789630248.834668952] [BehaviorTreeEngine]: Behavior Tree tick rate 100.00 was exceeded!
[swerve_bridge_node-14] [WARN] [1789630248.841835600] [swerve_bridge]: Django websocket disconnected: [Errno 111] Connection refused
[bt_navigator-11] [WARN] [1789630248.863587007] [BehaviorTreeEngine]: Behavior Tree tick rate 100.00 was exceeded!
[bt_navigator-11] [WARN] [1789630248.871853242] [BehaviorTreeEngine]: Behavior Tree tick rate 100.00 was exceeded!
[bt_navigator-11] [WARN] [1789630248.876930469] [BehaviorTreeEngine]: Behavior Tree tick rate 100.00 was exceeded!
[bt_navigator-11] [WARN] [1789630249.454478601] [BehaviorTreeEngine]: Behavior Tree tick rate 100.00 was exceeded!
[bt_navigator-11] [WARN] [1789630249.468107434] [BehaviorTreeEngine]: Behavior Tree tick rate 100.00 was exceeded!
[bt_navigator-11] [WARN] [1789630249.484481518] [BehaviorTreeEngine]: Behavior Tree tick rate 100.00 was exceeded!
[controller_server-8] [INFO] [1789630249.518351149] [controller_server]: Passing new path to controller.
[bt_navigator-11] [WARN] [1789630249.737200947] [BehaviorTreeEngine]: Behavior Tree tick rate 100.00 was exceeded!
[bt_navigator-11] [WARN] [1789630250.456665746] [BehaviorTreeEngine]: Behavior Tree tick rate 100.00 was exceeded!
[bt_navigator-11] [WARN] [1789630250.481592017] [BehaviorTreeEngine]: Behavior Tree tick rate 100.00 was exceeded!
[bt_navigator-11] [WARN] [1789630250.495845169] [BehaviorTreeEngine]: Behavior Tree tick rate 100.00 was exceeded!
[controller_server-8] [INFO] [1789630250.618068175] [controller_server]: Passing new path to controller.
[bt_navigator-11] [WARN] [1789630250.836670339] [BehaviorTreeEngine]: Behavior Tree tick rate 100.00 was exceeded!
[swerve_bridge_node-14] [WARN] [1789630250.846365958] [swerve_bridge]: Django websocket disconnected: [Errno 111] Connection refused
[bt_navigator-11] [WARN] [1789630251.047926578] [BehaviorTreeEngine]: Behavior Tree tick rate 100.00 was exceeded!
[bt_navigator-11] [WARN] [1789630251.096775849] [BehaviorTreeEngine]: Behavior Tree tick rate 100.00 was exceeded!
[bt_navigator-11] [WARN] [1789630251.109973807] [BehaviorTreeEngine]: Behavior Tree tick rate 100.00 was exceeded!
[bt_navigator-11] [WARN] [1789630251.176764484] [BehaviorTreeEngine]: Behavior Tree tick rate 100.00 was exceeded!
[bt_navigator-11] [WARN] [1789630251.190650589] [BehaviorTreeEngine]: Behavior Tree tick rate 100.00 was exceeded!
[bt_navigator-11] [WARN] [1789630251.199428732] [BehaviorTreeEngine]: Behavior Tree tick rate 100.00 was exceeded!
[bt_navigator-11] [WARN] [1789630251.267920386] [BehaviorTreeEngine]: Behavior Tree tick rate 100.00 was exceeded!
[bt_navigator-11] [WARN] [1789630251.357943988] [BehaviorTreeEngine]: Behavior Tree tick rate 100.00 was exceeded!
[bt_navigator-11] [WARN] [1789630251.458970473] [BehaviorTreeEngine]: Behavior Tree tick rate 100.00 was exceeded!
[controller_server-8] [INFO] [1789630251.621977390] [controller_server]: Passing new path to controller.
[bt_navigator-11] [WARN] [1789630251.760916449] [BehaviorTreeEngine]: Behavior Tree tick rate 100.00 was exceeded!
[bt_navigator-11] [WARN] [1789630251.774456468] [BehaviorTreeEngine]: Behavior Tree tick rate 100.00 was exceeded!
[bt_navigator-11] [WARN] [1789630251.782156032] [BehaviorTreeEngine]: Behavior Tree tick rate 100.00 was exceeded!
[bt_navigator-11] [WARN] [1789630251.819470027] [BehaviorTreeEngine]: Behavior Tree tick rate 100.00 was exceeded!
[bt_navigator-11] [WARN] [1789630251.921498218] [BehaviorTreeEngine]: Behavior Tree tick rate 100.00 was exceeded!
[bt_navigator-11] [WARN] [1789630252.069954356] [BehaviorTreeEngine]: Behavior Tree tick rate 100.00 was exceeded!
[bt_navigator-11] [WARN] [1789630252.235247075] [BehaviorTreeEngine]: Behavior Tree tick rate 100.00 was exceeded!
[bt_navigator-11] [WARN] [1789630252.246706788] [BehaviorTreeEngine]: Behavior Tree tick rate 100.00 was exceeded!
[bt_navigator-11] [WARN] [1789630252.253789940] [BehaviorTreeEngine]: Behavior Tree tick rate 100.00 was exceeded!
