[INFO] [launch]: All log files can be found below /home/yahboom/.ros/log/2026-09-17-15-42-07-748537-yahboom-virtual-machine-124318
[INFO] [launch]: Default logging verbosity is set to INFO
[INFO] [gzserver-1]: process started with pid [124362]
[INFO] [robot_state_publisher-2]: process started with pid [124364]
[INFO] [spawn_entity.py-3]: process started with pid [124366]
[INFO] [ekf_node-4]: process started with pid [124368]
[INFO] [v30e_sim_node-5]: process started with pid [124370]
[INFO] [ekf_node-6]: process started with pid [124372]
[INFO] [map_server-7]: process started with pid [124374]
[INFO] [controller_server-8]: process started with pid [124376]
[INFO] [planner_server-9]: process started with pid [124378]
[INFO] [behavior_server-10]: process started with pid [124381]
[INFO] [bt_navigator-11]: process started with pid [124390]
[INFO] [waypoint_follower-12]: process started with pid [124397]
[INFO] [lifecycle_manager-13]: process started with pid [124400]
[INFO] [swerve_bridge_node-14]: process started with pid [124407]
[planner_server-9] [INFO] [1789630931.162830567] [planner_server]: 
[planner_server-9] 	planner_server lifecycle node launched. 
[planner_server-9] 	Waiting on external lifecycle transitions to activate
[planner_server-9] 	See https://design.ros2.org/articles/node_lifecycle.html for more information.
[planner_server-9] [INFO] [1789630931.176944223] [planner_server]: Creating
[controller_server-8] [INFO] [1789630931.182069507] [controller_server]: 
[controller_server-8] 	controller_server lifecycle node launched. 
[controller_server-8] 	Waiting on external lifecycle transitions to activate
[controller_server-8] 	See https://design.ros2.org/articles/node_lifecycle.html for more information.
[controller_server-8] [INFO] [1789630931.196763633] [controller_server]: Creating controller server
[bt_navigator-11] [INFO] [1789630931.182466058] [bt_navigator]: 
[bt_navigator-11] 	bt_navigator lifecycle node launched. 
[bt_navigator-11] 	Waiting on external lifecycle transitions to activate
[bt_navigator-11] 	See https://design.ros2.org/articles/node_lifecycle.html for more information.
[bt_navigator-11] [INFO] [1789630931.182592506] [bt_navigator]: Creating
[lifecycle_manager-13] [INFO] [1789630931.213280080] [lifecycle_manager_navigation]: Creating
[lifecycle_manager-13] [INFO] [1789630931.280650003] [lifecycle_manager_navigation]: [34m[1mCreating and initializing lifecycle service clients[0m[0m
[behavior_server-10] [INFO] [1789630931.509806284] [behavior_server]: 
[behavior_server-10] 	behavior_server lifecycle node launched. 
[behavior_server-10] 	Waiting on external lifecycle transitions to activate
[behavior_server-10] 	See https://design.ros2.org/articles/node_lifecycle.html for more information.
[controller_server-8] [INFO] [1789630931.593283364] [local_costmap.local_costmap]: 
[controller_server-8] 	local_costmap lifecycle node launched. 
[controller_server-8] 	Waiting on external lifecycle transitions to activate
[controller_server-8] 	See https://design.ros2.org/articles/node_lifecycle.html for more information.
[controller_server-8] [INFO] [1789630931.593897795] [local_costmap.local_costmap]: Creating Costmap
[waypoint_follower-12] [INFO] [1789630931.614977248] [waypoint_follower]: 
[waypoint_follower-12] 	waypoint_follower lifecycle node launched. 
[waypoint_follower-12] 	Waiting on external lifecycle transitions to activate
[waypoint_follower-12] 	See https://design.ros2.org/articles/node_lifecycle.html for more information.
[waypoint_follower-12] [INFO] [1789630931.615570963] [waypoint_follower]: Creating
[planner_server-9] [INFO] [1789630932.237292893] [global_costmap.global_costmap]: 
[planner_server-9] 	global_costmap lifecycle node launched. 
[planner_server-9] 	Waiting on external lifecycle transitions to activate
[planner_server-9] 	See https://design.ros2.org/articles/node_lifecycle.html for more information.
[planner_server-9] [INFO] [1789630932.237888748] [global_costmap.global_costmap]: Creating Costmap
[robot_state_publisher-2] [INFO] [1789630932.499119560] [robot_state_publisher]: got segment base_footprint
[robot_state_publisher-2] [INFO] [1789630932.499257417] [robot_state_publisher]: got segment base_link
[robot_state_publisher-2] [INFO] [1789630932.499268346] [robot_state_publisher]: got segment imu_link
[robot_state_publisher-2] [INFO] [1789630932.499275650] [robot_state_publisher]: got segment lidar_link
[robot_state_publisher-2] [INFO] [1789630932.499282772] [robot_state_publisher]: got segment steer_front_link
[robot_state_publisher-2] [INFO] [1789630932.499289631] [robot_state_publisher]: got segment steer_rear_link
[robot_state_publisher-2] [INFO] [1789630932.499296067] [robot_state_publisher]: got segment v30e_link
[robot_state_publisher-2] [INFO] [1789630932.499302384] [robot_state_publisher]: got segment wheel_front_drive_link
[robot_state_publisher-2] [INFO] [1789630932.499309267] [robot_state_publisher]: got segment wheel_front_left_link
[robot_state_publisher-2] [INFO] [1789630932.499316300] [robot_state_publisher]: got segment wheel_front_right_link
[robot_state_publisher-2] [INFO] [1789630932.499322770] [robot_state_publisher]: got segment wheel_rear_drive_link
[robot_state_publisher-2] [INFO] [1789630932.499329129] [robot_state_publisher]: got segment wheel_rear_left_link
[robot_state_publisher-2] [INFO] [1789630932.499336061] [robot_state_publisher]: got segment wheel_rear_right_link
[map_server-7] [INFO] [1789630932.528916228] [map_server]: 
[map_server-7] 	map_server lifecycle node launched. 
[map_server-7] 	Waiting on external lifecycle transitions to activate
[map_server-7] 	See https://design.ros2.org/articles/node_lifecycle.html for more information.
[map_server-7] [INFO] [1789630932.529084539] [map_server]: Creating
[lifecycle_manager-13] [INFO] [1789630933.358184529] [lifecycle_manager_navigation]: Waiting for service map_server/get_state...
[lifecycle_manager-13] [INFO] [1789630935.375437647] [lifecycle_manager_navigation]: Waiting for service map_server/get_state...
[spawn_entity.py-3] [INFO] [1789630935.493558079] [spawn_swerve]: Spawn Entity started
[spawn_entity.py-3] [INFO] [1789630935.500240807] [spawn_swerve]: Loading entity published on topic robot_description
[spawn_entity.py-3] [INFO] [1789630935.610935660] [spawn_swerve]: Waiting for entity xml on robot_description
[swerve_bridge_node-14] [WARN] [1789630935.911775092] [swerve_bridge]: Django websocket disconnected: [Errno 111] Connection refused
[v30e_sim_node-5] [INFO] [1789630936.776033286] [v30e_sim_node]: Using Gazebo /get_entity_state internally; odometry is not a V30E measurement input
[lifecycle_manager-13] [INFO] [1789630937.377231638] [lifecycle_manager_navigation]: Waiting for service map_server/get_state...
[spawn_entity.py-3] [INFO] [1789630937.571743413] [spawn_swerve]: Waiting for service /spawn_entity, timeout = 30
[spawn_entity.py-3] [INFO] [1789630937.572205719] [spawn_swerve]: Waiting for service /spawn_entity
[swerve_bridge_node-14] [WARN] [1789630937.915970093] [swerve_bridge]: Django websocket disconnected: [Errno 111] Connection refused
[swerve_bridge_node-14] [WARN] [1789630939.919739648] [swerve_bridge]: Django websocket disconnected: [Errno 111] Connection refused
[lifecycle_manager-13] [INFO] [1789630941.684234915] [lifecycle_manager_navigation]: [34m[1mStarting managed nodes bringup...[0m[0m
[lifecycle_manager-13] [INFO] [1789630941.698460756] [lifecycle_manager_navigation]: [34m[1mConfiguring map_server[0m[0m
[map_server-7] [INFO] [1789630941.719454365] [map_server]: Configuring
[map_server-7] [INFO] [1789630941.719573902] [map_io]: Loading yaml file: /home/yahboom/swerve_bringup/install/swerve_bringup/share/swerve_bringup/swerve_navigation/maps/warehouse.yaml
[map_server-7] [INFO] [1789630941.719914016] [map_io]: resolution: 0.05
[map_server-7] [INFO] [1789630941.719927173] [map_io]: origin[0]: -17.2
[map_server-7] [INFO] [1789630941.719933754] [map_io]: origin[1]: -17.4
[map_server-7] [INFO] [1789630941.719939133] [map_io]: origin[2]: 0
[map_server-7] [INFO] [1789630941.719944609] [map_io]: free_thresh: 0.25
[map_server-7] [INFO] [1789630941.719950075] [map_io]: occupied_thresh: 0.65
[map_server-7] [INFO] [1789630941.719955646] [map_io]: mode: trinary
[map_server-7] [INFO] [1789630941.719961744] [map_io]: negate: 0
[map_server-7] [INFO] [1789630941.720272938] [map_io]: Loading image_file: /home/yahboom/swerve_bringup/install/swerve_bringup/share/swerve_bringup/swerve_navigation/maps/warehouse.pgm
[swerve_bridge_node-14] [WARN] [1789630941.970838785] [swerve_bridge]: Django websocket disconnected: [Errno 111] Connection refused
[map_server-7] [INFO] [1789630942.084695195] [map_io]: Read map /home/yahboom/swerve_bringup/install/swerve_bringup/share/swerve_bringup/swerve_navigation/maps/warehouse.pgm: 676 X 680 map @ 0.05 m/cell
[lifecycle_manager-13] [INFO] [1789630942.441803507] [lifecycle_manager_navigation]: [34m[1mConfiguring controller_server[0m[0m
[controller_server-8] [INFO] [1789630942.463645310] [controller_server]: Configuring controller interface
[controller_server-8] [INFO] [1789630942.474397345] [controller_server]: getting goal checker plugins..
[controller_server-8] [INFO] [1789630942.479445354] [controller_server]: Controller frequency set to 10.0000Hz
[controller_server-8] [INFO] [1789630942.485653670] [local_costmap.local_costmap]: Configuring
[controller_server-8] [INFO] [1789630943.393110417] [local_costmap.local_costmap]: Using plugin "voxel_layer"
[controller_server-8] [INFO] [1789630943.520230129] [local_costmap.local_costmap]: Subscribed to Topics: lidar3d scan
[controller_server-8] [INFO] [1789630943.788258776] [local_costmap.local_costmap]: Initialized plugin "voxel_layer"
[controller_server-8] [INFO] [1789630943.788295924] [local_costmap.local_costmap]: Using plugin "inflation_layer"
[controller_server-8] [INFO] [1789630943.795791914] [local_costmap.local_costmap]: Initialized plugin "inflation_layer"
[swerve_bridge_node-14] [WARN] [1789630943.973876743] [swerve_bridge]: Django websocket disconnected: [Errno 111] Connection refused
[controller_server-8] [INFO] [1789630944.005780693] [controller_server]: Created progress_checker : progress_checker of type nav2_controller::SimpleProgressChecker
[controller_server-8] [INFO] [1789630944.033189702] [controller_server]: Created goal checker : general_goal_checker of type nav2_controller::SimpleGoalChecker
[controller_server-8] [INFO] [1789630944.046919514] [controller_server]: Controller Server has general_goal_checker  goal checkers available.
[controller_server-8] [INFO] [1789630944.048833811] [controller_server]: Created controller : FollowPath of type dwb_core::DWBLocalPlanner
[controller_server-8] [INFO] [1789630944.095196208] [controller_server]: Setting transform_tolerance to 0.200000
[controller_server-8] [INFO] [1789630944.403320626] [controller_server]: Using critic "RotateToGoal" (dwb_critics::RotateToGoalCritic)
[controller_server-8] [INFO] [1789630944.442835201] [controller_server]: Critic plugin initialized
[controller_server-8] [INFO] [1789630944.444271674] [controller_server]: Using critic "Oscillation" (dwb_critics::OscillationCritic)
[controller_server-8] [INFO] [1789630944.499129486] [controller_server]: Critic plugin initialized
[controller_server-8] [INFO] [1789630944.505848674] [controller_server]: Using critic "BaseObstacle" (dwb_critics::BaseObstacleCritic)
[controller_server-8] [INFO] [1789630944.515549754] [controller_server]: Critic plugin initialized
[controller_server-8] [INFO] [1789630944.523380508] [controller_server]: Using critic "GoalAlign" (dwb_critics::GoalAlignCritic)
[controller_server-8] [INFO] [1789630944.541697575] [controller_server]: Critic plugin initialized
[controller_server-8] [INFO] [1789630944.548724937] [controller_server]: Using critic "PathAlign" (dwb_critics::PathAlignCritic)
[controller_server-8] [INFO] [1789630944.570408915] [controller_server]: Critic plugin initialized
[controller_server-8] [INFO] [1789630944.577184542] [controller_server]: Using critic "PathDist" (dwb_critics::PathDistCritic)
[controller_server-8] [INFO] [1789630944.584584180] [controller_server]: Critic plugin initialized
[controller_server-8] [INFO] [1789630944.588824060] [controller_server]: Using critic "GoalDist" (dwb_critics::GoalDistCritic)
[controller_server-8] [INFO] [1789630944.679587365] [controller_server]: Critic plugin initialized
[controller_server-8] [INFO] [1789630944.679691437] [controller_server]: Controller Server has FollowPath  controllers available.
[lifecycle_manager-13] [INFO] [1789630944.832595056] [lifecycle_manager_navigation]: [34m[1mConfiguring planner_server[0m[0m
[planner_server-9] [INFO] [1789630944.833103689] [planner_server]: Configuring
[planner_server-9] [INFO] [1789630944.834622877] [global_costmap.global_costmap]: Configuring
[planner_server-9] [INFO] [1789630944.930138997] [global_costmap.global_costmap]: Using plugin "static_layer"
[planner_server-9] [INFO] [1789630944.963030212] [global_costmap.global_costmap]: Subscribing to the map topic (/map) with transient local durability
[planner_server-9] [INFO] [1789630944.974205425] [global_costmap.global_costmap]: Initialized plugin "static_layer"
[planner_server-9] [INFO] [1789630944.974300240] [global_costmap.global_costmap]: Using plugin "obstacle_layer"
[planner_server-9] [INFO] [1789630944.992111870] [global_costmap.global_costmap]: Subscribed to Topics: scan
[planner_server-9] [INFO] [1789630945.059034394] [global_costmap.global_costmap]: Initialized plugin "obstacle_layer"
[planner_server-9] [INFO] [1789630945.059113651] [global_costmap.global_costmap]: Using plugin "inflation_layer"
[planner_server-9] [INFO] [1789630945.076865845] [global_costmap.global_costmap]: Initialized plugin "inflation_layer"
[planner_server-9] [INFO] [1789630945.451301489] [planner_server]: Created global planner plugin GridBased of type nav2_navfn_planner/NavfnPlanner
[planner_server-9] [INFO] [1789630945.451382379] [planner_server]: Configuring plugin GridBased of type NavfnPlanner
[planner_server-9] [INFO] [1789630945.474659878] [planner_server]: Planner Server has GridBased  planners available.
[swerve_bridge_node-14] [WARN] [1789630945.976875176] [swerve_bridge]: Django websocket disconnected: [Errno 111] Connection refused
[lifecycle_manager-13] [INFO] [1789630946.053032014] [lifecycle_manager_navigation]: [34m[1mConfiguring behavior_server[0m[0m
[behavior_server-10] [INFO] [1789630946.060059632] [behavior_server]: Configuring
[spawn_entity.py-3] [INFO] [1789630946.189772959] [spawn_swerve]: Calling service /spawn_entity
[behavior_server-10] [INFO] [1789630946.281900912] [behavior_server]: Creating behavior plugin spin of type nav2_behaviors/Spin
[behavior_server-10] [INFO] [1789630946.287472360] [behavior_server]: Configuring spin
[behavior_server-10] [INFO] [1789630946.452137241] [behavior_server]: Creating behavior plugin backup of type nav2_behaviors/BackUp
[behavior_server-10] [INFO] [1789630946.452929622] [behavior_server]: Configuring backup
[behavior_server-10] [INFO] [1789630946.537413847] [behavior_server]: Creating behavior plugin drive_on_heading of type nav2_behaviors/DriveOnHeading
[behavior_server-10] [INFO] [1789630946.537927689] [behavior_server]: Configuring drive_on_heading
[behavior_server-10] [INFO] [1789630946.694189510] [behavior_server]: Creating behavior plugin wait of type nav2_behaviors/Wait
[behavior_server-10] [INFO] [1789630946.697901208] [behavior_server]: Configuring wait
[gzserver-1] [ERROR] [1789630946.862581728] [gazebo_ros_state]: GetEntityState: entity [swerve_base] does not exist
[lifecycle_manager-13] [INFO] [1789630946.865560383] [lifecycle_manager_navigation]: [34m[1mConfiguring bt_navigator[0m[0m
[bt_navigator-11] [INFO] [1789630946.867551535] [bt_navigator]: Configuring
[gzserver-1] [INFO] [1789630946.898367665] [gazebo_ros_state]: Publishing states of gazebo models at [/model_states]
[gzserver-1] [INFO] [1789630946.923856308] [gazebo_ros_state]: Publishing states of gazebo links at [/link_states]
[gzserver-1] [ERROR] [1789630947.028422092] [gazebo_ros_state]: GetEntityState: entity [swerve_base] does not exist
[gzserver-1] [ERROR] [1789630947.145204308] [gazebo_ros_state]: GetEntityState: entity [swerve_base] does not exist
[gzserver-1] [INFO] [1789630947.750216167] [imu.imu_ros]: <initial_orientation_as_reference> is unset, using default value of false to comply with REP 145 (world as orientation reference)
[swerve_bridge_node-14] [WARN] [1789630948.006708493] [swerve_bridge]: Django websocket disconnected: [Errno 111] Connection refused
[lifecycle_manager-13] [INFO] [1789630948.466493229] [lifecycle_manager_navigation]: [34m[1mConfiguring waypoint_follower[0m[0m
[waypoint_follower-12] [INFO] [1789630948.467095638] [waypoint_follower]: Configuring
[waypoint_follower-12] [INFO] [1789630948.730935865] [waypoint_follower]: Created waypoint_task_executor : wait_at_waypoint of type nav2_waypoint_follower::WaitAtWaypoint
[waypoint_follower-12] [INFO] [1789630948.745478017] [waypoint_follower]: Waypoint pause duration is set to zero, disabling task executor plugin.
[lifecycle_manager-13] [INFO] [1789630948.752509394] [lifecycle_manager_navigation]: [34m[1mActivating map_server[0m[0m
[map_server-7] [INFO] [1789630948.753425195] [map_server]: Activating
[map_server-7] [INFO] [1789630948.757787911] [map_server]: Creating bond (map_server) to lifecycle manager.
[planner_server-9] [INFO] [1789630948.758120505] [global_costmap.global_costmap]: StaticLayer: Resizing costmap to 676 X 680 at 0.050000 m/pix
[lifecycle_manager-13] [INFO] [1789630948.910369808] [lifecycle_manager_navigation]: Server map_server connected with bond.
[lifecycle_manager-13] [INFO] [1789630948.910495768] [lifecycle_manager_navigation]: [34m[1mActivating controller_server[0m[0m
[controller_server-8] [INFO] [1789630948.911311049] [controller_server]: Activating
[controller_server-8] [INFO] [1789630948.911356239] [local_costmap.local_costmap]: Activating
[controller_server-8] [INFO] [1789630948.911366042] [local_costmap.local_costmap]: Checking transform
[controller_server-8] [INFO] [1789630948.911386867] [local_costmap.local_costmap]: Timed out waiting for transform from base_footprint to odom to become available, tf error: Invalid frame ID "odom" passed to canTransform argument target_frame - frame does not exist
[controller_server-8] [INFO] [1789630949.425924731] [local_costmap.local_costmap]: Timed out waiting for transform from base_footprint to odom to become available, tf error: Invalid frame ID "odom" passed to canTransform argument target_frame - frame does not exist
[controller_server-8] [INFO] [1789630949.915569241] [local_costmap.local_costmap]: Timed out waiting for transform from base_footprint to odom to become available, tf error: Invalid frame ID "odom" passed to canTransform argument target_frame - frame does not exist
[swerve_bridge_node-14] [WARN] [1789630950.042892258] [swerve_bridge]: Django websocket disconnected: [Errno 111] Connection refused
[controller_server-8] [INFO] [1789630950.414985181] [local_costmap.local_costmap]: Timed out waiting for transform from base_footprint to odom to become available, tf error: Invalid frame ID "odom" passed to canTransform argument target_frame - frame does not exist
[controller_server-8] [INFO] [1789630950.912184584] [local_costmap.local_costmap]: Timed out waiting for transform from base_footprint to odom to become available, tf error: Invalid frame ID "odom" passed to canTransform argument target_frame - frame does not exist
[controller_server-8] [INFO] [1789630951.413713150] [local_costmap.local_costmap]: Timed out waiting for transform from base_footprint to odom to become available, tf error: Invalid frame ID "odom" passed to canTransform argument target_frame - frame does not exist
[controller_server-8] [INFO] [1789630951.913825228] [local_costmap.local_costmap]: Timed out waiting for transform from base_footprint to odom to become available, tf error: Invalid frame ID "odom" passed to canTransform argument target_frame - frame does not exist
[swerve_bridge_node-14] [WARN] [1789630952.045927958] [swerve_bridge]: Django websocket disconnected: [Errno 111] Connection refused
[controller_server-8] [INFO] [1789630952.411697954] [local_costmap.local_costmap]: Timed out waiting for transform from base_footprint to odom to become available, tf error: Invalid frame ID "odom" passed to canTransform argument target_frame - frame does not exist
[controller_server-8] [INFO] [1789630952.913780301] [local_costmap.local_costmap]: Timed out waiting for transform from base_footprint to odom to become available, tf error: Invalid frame ID "odom" passed to canTransform argument target_frame - frame does not exist
[controller_server-8] [INFO] [1789630953.411707784] [local_costmap.local_costmap]: Timed out waiting for transform from base_footprint to odom to become available, tf error: Invalid frame ID "odom" passed to canTransform argument target_frame - frame does not exist
[controller_server-8] [INFO] [1789630953.911487027] [local_costmap.local_costmap]: Timed out waiting for transform from base_footprint to odom to become available, tf error: Invalid frame ID "odom" passed to canTransform argument target_frame - frame does not exist
[swerve_bridge_node-14] [WARN] [1789630954.072812194] [swerve_bridge]: Django websocket disconnected: [Errno 111] Connection refused
[controller_server-8] [INFO] [1789630954.411744560] [local_costmap.local_costmap]: Timed out waiting for transform from base_footprint to odom to become available, tf error: Invalid frame ID "odom" passed to canTransform argument target_frame - frame does not exist
[controller_server-8] [INFO] [1789630954.912072445] [local_costmap.local_costmap]: Timed out waiting for transform from base_footprint to odom to become available, tf error: Invalid frame ID "odom" passed to canTransform argument target_frame - frame does not exist
[controller_server-8] [INFO] [1789630955.412566077] [local_costmap.local_costmap]: Timed out waiting for transform from base_footprint to odom to become available, tf error: Invalid frame ID "odom" passed to canTransform argument target_frame - frame does not exist
[controller_server-8] [INFO] [1789630955.913139650] [local_costmap.local_costmap]: Timed out waiting for transform from base_footprint to odom to become available, tf error: Invalid frame ID "odom" passed to canTransform argument target_frame - frame does not exist
[swerve_bridge_node-14] [WARN] [1789630956.075603425] [swerve_bridge]: Django websocket disconnected: [Errno 111] Connection refused
[controller_server-8] [INFO] [1789630956.412603781] [local_costmap.local_costmap]: Timed out waiting for transform from base_footprint to odom to become available, tf error: Invalid frame ID "odom" passed to canTransform argument target_frame - frame does not exist
[controller_server-8] [INFO] [1789630956.911791683] [local_costmap.local_costmap]: Timed out waiting for transform from base_footprint to odom to become available, tf error: Invalid frame ID "odom" passed to canTransform argument target_frame - frame does not exist
[controller_server-8] [INFO] [1789630957.413780878] [local_costmap.local_costmap]: Timed out waiting for transform from base_footprint to odom to become available, tf error: Invalid frame ID "odom" passed to canTransform argument target_frame - frame does not exist
[controller_server-8] [INFO] [1789630957.911730981] [local_costmap.local_costmap]: Timed out waiting for transform from base_footprint to odom to become available, tf error: Invalid frame ID "odom" passed to canTransform argument target_frame - frame does not exist
[swerve_bridge_node-14] [WARN] [1789630958.083303754] [swerve_bridge]: Django websocket disconnected: [Errno 111] Connection refused
[controller_server-8] [INFO] [1789630958.420777681] [local_costmap.local_costmap]: Timed out waiting for transform from base_footprint to odom to become available, tf error: Invalid frame ID "odom" passed to canTransform argument target_frame - frame does not exist
[controller_server-8] [INFO] [1789630958.916256696] [local_costmap.local_costmap]: Timed out waiting for transform from base_footprint to odom to become available, tf error: Invalid frame ID "odom" passed to canTransform argument target_frame - frame does not exist
[controller_server-8] [INFO] [1789630959.412768687] [local_costmap.local_costmap]: Timed out waiting for transform from base_footprint to odom to become available, tf error: Invalid frame ID "odom" passed to canTransform argument target_frame - frame does not exist
[controller_server-8] [INFO] [1789630959.911855889] [local_costmap.local_costmap]: Timed out waiting for transform from base_footprint to odom to become available, tf error: Invalid frame ID "odom" passed to canTransform argument target_frame - frame does not exist
[swerve_bridge_node-14] [WARN] [1789630960.084815916] [swerve_bridge]: Django websocket disconnected: [Errno 111] Connection refused
[controller_server-8] [INFO] [1789630960.411748904] [local_costmap.local_costmap]: Timed out waiting for transform from base_footprint to odom to become available, tf error: Invalid frame ID "odom" passed to canTransform argument target_frame - frame does not exist
[controller_server-8] [INFO] [1789630960.911698650] [local_costmap.local_costmap]: Timed out waiting for transform from base_footprint to odom to become available, tf error: Invalid frame ID "odom" passed to canTransform argument target_frame - frame does not exist
[controller_server-8] [INFO] [1789630961.411554247] [local_costmap.local_costmap]: Timed out waiting for transform from base_footprint to odom to become available, tf error: Invalid frame ID "odom" passed to canTransform argument target_frame - frame does not exist
[controller_server-8] [INFO] [1789630961.911651580] [local_costmap.local_costmap]: Timed out waiting for transform from base_footprint to odom to become available, tf error: Invalid frame ID "odom" passed to canTransform argument target_frame - frame does not exist
[swerve_bridge_node-14] [WARN] [1789630962.086629250] [swerve_bridge]: Django websocket disconnected: [Errno 111] Connection refused
[controller_server-8] [INFO] [1789630962.411474217] [local_costmap.local_costmap]: Timed out waiting for transform from base_footprint to odom to become available, tf error: Invalid frame ID "odom" passed to canTransform argument target_frame - frame does not exist
[controller_server-8] [INFO] [1789630962.913226080] [local_costmap.local_costmap]: Timed out waiting for transform from base_footprint to odom to become available, tf error: Invalid frame ID "odom" passed to canTransform argument target_frame - frame does not exist
[controller_server-8] [INFO] [1789630963.411991151] [local_costmap.local_costmap]: Timed out waiting for transform from base_footprint to odom to become available, tf error: Invalid frame ID "odom" passed to canTransform argument target_frame - frame does not exist
[controller_server-8] [INFO] [1789630963.913543820] [local_costmap.local_costmap]: Timed out waiting for transform from base_footprint to odom to become available, tf error: Invalid frame ID "odom" passed to canTransform argument target_frame - frame does not exist
[swerve_bridge_node-14] [WARN] [1789630964.088048855] [swerve_bridge]: Django websocket disconnected: [Errno 111] Connection refused
[controller_server-8] [INFO] [1789630964.411943593] [local_costmap.local_costmap]: Timed out waiting for transform from base_footprint to odom to become available, tf error: Invalid frame ID "odom" passed to canTransform argument target_frame - frame does not exist
[spawn_entity.py-3] [INFO] [1789630964.829651537] [spawn_swerve]: Spawn status: SpawnEntity: Successfully spawned entity [swerve_base]
[controller_server-8] [INFO] [1789630964.911457247] [local_costmap.local_costmap]: Timed out waiting for transform from base_footprint to odom to become available, tf error: Invalid frame ID "odom" passed to canTransform argument target_frame - frame does not exist
[gzserver-1] [INFO] [1789630965.342812269] [gazebo_ros2_control]: Loading gazebo_ros2_control plugin
[INFO] [spawn_entity.py-3]: process has finished cleanly [pid 124366]
[INFO] [spawner-15]: process started with pid [124687]
[controller_server-8] [INFO] [1789630965.414000234] [local_costmap.local_costmap]: Timed out waiting for transform from base_footprint to odom to become available, tf error: Invalid frame ID "odom" passed to canTransform argument target_frame - frame does not exist
[gzserver-1] [INFO] [1789630965.651113301] [gazebo_ros2_control]: Starting gazebo_ros2_control plugin in namespace: /
[gzserver-1] [INFO] [1789630965.651204564] [gazebo_ros2_control]: Starting gazebo_ros2_control plugin in ros 2 node: gazebo_ros2_control
[gzserver-1] [INFO] [1789630965.882846626] [gazebo_ros2_control]: connected to service!! robot_state_publisher
[gzserver-1] [INFO] [1789630965.908930084] [gazebo_ros2_control]: Received urdf from param server, parsing...
[gzserver-1] [INFO] [1789630965.909094227] [gazebo_ros2_control]: Loading parameter files /home/yahboom/swerve_bringup/install/swerve_bringup/share/swerve_bringup/config/controllers.yaml
[controller_server-8] [INFO] [1789630965.912232167] [local_costmap.local_costmap]: Timed out waiting for transform from base_footprint to odom to become available, tf error: Invalid frame ID "odom" passed to canTransform argument target_frame - frame does not exist
[gzserver-1] [INFO] [1789630965.989815068] [gazebo_ros2_control]: Loading joint: steer_front_joint
[gzserver-1] [INFO] [1789630965.989888161] [gazebo_ros2_control]: 	State:
[gzserver-1] [INFO] [1789630965.989902849] [gazebo_ros2_control]: 		 position
[gzserver-1] [INFO] [1789630965.989915003] [gazebo_ros2_control]: 		 velocity
[gzserver-1] [INFO] [1789630965.989924503] [gazebo_ros2_control]: 	Command:
[gzserver-1] [INFO] [1789630965.989933050] [gazebo_ros2_control]: 		 position
[gzserver-1] [INFO] [1789630966.014061418] [gazebo_ros2_control]: Loading joint: steer_rear_joint
[gzserver-1] [INFO] [1789630966.014142083] [gazebo_ros2_control]: 	State:
[gzserver-1] [INFO] [1789630966.014154883] [gazebo_ros2_control]: 		 position
[gzserver-1] [INFO] [1789630966.014166104] [gazebo_ros2_control]: 		 velocity
[gzserver-1] [INFO] [1789630966.014175032] [gazebo_ros2_control]: 	Command:
[gzserver-1] [INFO] [1789630966.014183601] [gazebo_ros2_control]: 		 position
[gzserver-1] [INFO] [1789630966.033332678] [gazebo_ros2_control]: Loading joint: wheel_front_drive_joint
[gzserver-1] [INFO] [1789630966.033401855] [gazebo_ros2_control]: 	State:
[gzserver-1] [INFO] [1789630966.033413731] [gazebo_ros2_control]: 		 position
[gzserver-1] [INFO] [1789630966.033424980] [gazebo_ros2_control]: 		 velocity
[gzserver-1] [INFO] [1789630966.033434175] [gazebo_ros2_control]: 	Command:
[gzserver-1] [INFO] [1789630966.033448696] [gazebo_ros2_control]: 		 velocity
[gzserver-1] [INFO] [1789630966.084914775] [gazebo_ros2_control]: Loading joint: wheel_rear_drive_joint
[gzserver-1] [INFO] [1789630966.085067923] [gazebo_ros2_control]: 	State:
[gzserver-1] [INFO] [1789630966.085086449] [gazebo_ros2_control]: 		 position
[gzserver-1] [INFO] [1789630966.085098470] [gazebo_ros2_control]: 		 velocity
[gzserver-1] [INFO] [1789630966.085107956] [gazebo_ros2_control]: 	Command:
[gzserver-1] [INFO] [1789630966.085138911] [gazebo_ros2_control]: 		 velocity
[swerve_bridge_node-14] [WARN] [1789630966.091791795] [swerve_bridge]: Django websocket disconnected: [Errno 111] Connection refused
[gzserver-1] [INFO] [1789630966.099183507] [resource_manager]: Initialize hardware 'GazeboSystem' 
[gzserver-1] [INFO] [1789630966.100105146] [resource_manager]: Successful initialization of hardware 'GazeboSystem'
[gzserver-1] [INFO] [1789630966.100388975] [resource_manager]: 'configure' hardware 'GazeboSystem' 
[gzserver-1] [INFO] [1789630966.100451105] [resource_manager]: Successful 'configure' of hardware 'GazeboSystem'
[gzserver-1] [INFO] [1789630966.100465641] [resource_manager]: 'activate' hardware 'GazeboSystem' 
[gzserver-1] [INFO] [1789630966.100473235] [resource_manager]: Successful 'activate' of hardware 'GazeboSystem'
[gzserver-1] [INFO] [1789630966.102869829] [gazebo_ros2_control]: Loading controller_manager
[controller_server-8] [INFO] [1789630966.413124111] [local_costmap.local_costmap]: Timed out waiting for transform from base_footprint to odom to become available, tf error: Invalid frame ID "odom" passed to canTransform argument target_frame - frame does not exist
[controller_server-8] [INFO] [1789630966.923560747] [local_costmap.local_costmap]: Timed out waiting for transform from base_footprint to odom to become available, tf error: Invalid frame ID "odom" passed to canTransform argument target_frame - frame does not exist
[controller_server-8] [INFO] [1789630967.412135712] [local_costmap.local_costmap]: Timed out waiting for transform from base_footprint to odom to become available, tf error: Invalid frame ID "odom" passed to canTransform argument target_frame - frame does not exist
[spawner-15] [INFO] [1789630967.602221591] [spawn_joint_state_broadcaster]: waiting for service /controller_manager/list_controllers to become available...
[controller_server-8] [INFO] [1789630967.915085071] [local_costmap.local_costmap]: Timed out waiting for transform from base_footprint to odom to become available, tf error: Invalid frame ID "odom" passed to canTransform argument target_frame - frame does not exist
[swerve_bridge_node-14] [WARN] [1789630968.112455502] [swerve_bridge]: Django websocket disconnected: [Errno 111] Connection refused
[controller_server-8] [INFO] [1789630968.414918375] [local_costmap.local_costmap]: Timed out waiting for transform from base_footprint to odom to become available, tf error: Invalid frame ID "odom" passed to canTransform argument target_frame - frame does not exist
[controller_server-8] [INFO] [1789630968.912092732] [local_costmap.local_costmap]: Timed out waiting for transform from base_footprint to odom to become available, tf error: Invalid frame ID "odom" passed to canTransform argument target_frame - frame does not exist
[controller_server-8] [INFO] [1789630969.412778576] [local_costmap.local_costmap]: Timed out waiting for transform from base_footprint to odom to become available, tf error: Invalid frame ID "odom" passed to canTransform argument target_frame - frame does not exist
[gzserver-1] [WARN] [1789630969.439219389] [gazebo_ros2_control]:  Desired controller update period (0.01 s) is slower than the gazebo simulation period (0.001 s).
[gzserver-1] [INFO] [1789630969.455624594] [gazebo_ros2_control]: Loaded gazebo_ros2_control.
[gzserver-1] [INFO] [1789630969.577516964] [controller_manager]: Loading controller 'joint_state_broadcaster'
[controller_server-8] [INFO] [1789630969.914636168] [local_costmap.local_costmap]: start
[controller_server-8] [INFO] [1789630970.063736861] [controller_server]: Creating bond (controller_server) to lifecycle manager.
[swerve_bridge_node-14] [WARN] [1789630970.121812910] [swerve_bridge]: Django websocket disconnected: [Errno 111] Connection refused
[lifecycle_manager-13] [INFO] [1789630970.221515779] [lifecycle_manager_navigation]: Server controller_server connected with bond.
[lifecycle_manager-13] [INFO] [1789630970.221623639] [lifecycle_manager_navigation]: [34m[1mActivating planner_server[0m[0m
[planner_server-9] [INFO] [1789630970.224856915] [planner_server]: Activating
[planner_server-9] [INFO] [1789630970.224966360] [global_costmap.global_costmap]: Activating
[planner_server-9] [INFO] [1789630970.224988534] [global_costmap.global_costmap]: Checking transform
[planner_server-9] [INFO] [1789630970.225160300] [global_costmap.global_costmap]: start
[spawner-15] [INFO] [1789630970.379164483] [spawn_joint_state_broadcaster]: [94mLoaded [1mjoint_state_broadcaster[0m
[gzserver-1] [INFO] [1789630970.388903942] [controller_manager]: Configuring controller 'joint_state_broadcaster'
[gzserver-1] [INFO] [1789630970.389491703] [joint_state_broadcaster]: 'joints' or 'interfaces' parameter is empty. All available state interfaces will be published
[spawner-15] [INFO] [1789630970.542302555] [spawn_joint_state_broadcaster]: [92mConfigured and activated [1mjoint_state_broadcaster[0m
[planner_server-9] [INFO] [1789630970.757179514] [planner_server]: Activating plugin GridBased of type NavfnPlanner
[planner_server-9] [INFO] [1789630970.847492983] [planner_server]: Creating bond (planner_server) to lifecycle manager.
[lifecycle_manager-13] [INFO] [1789630971.047287150] [lifecycle_manager_navigation]: Server planner_server connected with bond.
[lifecycle_manager-13] [INFO] [1789630971.047397418] [lifecycle_manager_navigation]: [34m[1mActivating behavior_server[0m[0m
[behavior_server-10] [INFO] [1789630971.048244127] [behavior_server]: Activating
[behavior_server-10] [INFO] [1789630971.048281348] [behavior_server]: Activating spin
[behavior_server-10] [INFO] [1789630971.048292707] [behavior_server]: Activating backup
[behavior_server-10] [INFO] [1789630971.048298751] [behavior_server]: Activating drive_on_heading
[behavior_server-10] [INFO] [1789630971.048306777] [behavior_server]: Activating wait
[behavior_server-10] [INFO] [1789630971.048316605] [behavior_server]: Creating bond (behavior_server) to lifecycle manager.
[INFO] [spawner-15]: process has finished cleanly [pid 124687]
[INFO] [spawner-16]: process started with pid [124715]
[lifecycle_manager-13] [INFO] [1789630971.316801601] [lifecycle_manager_navigation]: Server behavior_server connected with bond.
[lifecycle_manager-13] [INFO] [1789630971.316879127] [lifecycle_manager_navigation]: [34m[1mActivating bt_navigator[0m[0m
[bt_navigator-11] [INFO] [1789630971.317662423] [bt_navigator]: Activating
[swerve_bridge_node-14] [WARN] [1789630972.125029018] [swerve_bridge]: Django websocket disconnected: [Errno 111] Connection refused
[spawner-16] [INFO] [1789630972.725019865] [spawn_steering_controller]: waiting for service /controller_manager/list_controllers to become available...
[swerve_bridge_node-14] [WARN] [1789630974.128050362] [swerve_bridge]: Django websocket disconnected: [Errno 111] Connection refused
[swerve_bridge_node-14] [WARN] [1789630976.134659179] [swerve_bridge]: Django websocket disconnected: [Errno 111] Connection refused
[bt_navigator-11] [INFO] [1789630977.039476898] [bt_navigator]: Creating bond (bt_navigator) to lifecycle manager.
[gzserver-1] [INFO] [1789630977.190247591] [controller_manager]: Loading controller 'steering_controller'
[lifecycle_manager-13] [INFO] [1789630977.345453089] [lifecycle_manager_navigation]: Server bt_navigator connected with bond.
[lifecycle_manager-13] [INFO] [1789630977.345515673] [lifecycle_manager_navigation]: [34m[1mActivating waypoint_follower[0m[0m
[waypoint_follower-12] [INFO] [1789630977.356205013] [waypoint_follower]: Activating
[waypoint_follower-12] [INFO] [1789630977.356284907] [waypoint_follower]: Creating bond (waypoint_follower) to lifecycle manager.
[lifecycle_manager-13] [INFO] [1789630977.568378438] [lifecycle_manager_navigation]: Server waypoint_follower connected with bond.
[lifecycle_manager-13] [INFO] [1789630977.568443182] [lifecycle_manager_navigation]: [34m[1mManaged nodes are active[0m[0m
[lifecycle_manager-13] [INFO] [1789630977.568459528] [lifecycle_manager_navigation]: [34m[1mCreating bond timer...[0m[0m
[spawner-16] [INFO] [1789630977.988084210] [spawn_steering_controller]: [94mLoaded [1msteering_controller[0m
[gzserver-1] [INFO] [1789630978.062173660] [controller_manager]: Configuring controller 'steering_controller'
[gzserver-1] [INFO] [1789630978.089247383] [steering_controller]: configure successful
[gzserver-1] [INFO] [1789630978.114338731] [steering_controller]: activate successful
[spawner-16] [INFO] [1789630978.133803952] [spawn_steering_controller]: [92mConfigured and activated [1msteering_controller[0m
[swerve_bridge_node-14] [WARN] [1789630978.140783315] [swerve_bridge]: Django websocket disconnected: [Errno 111] Connection refused
[INFO] [spawner-16]: process has finished cleanly [pid 124715]
[INFO] [spawner-17]: process started with pid [124738]
[swerve_bridge_node-14] [WARN] [1789630980.145894691] [swerve_bridge]: Django websocket disconnected: [Errno 111] Connection refused
[spawner-17] [INFO] [1789630980.253289539] [spawn_drive_controller]: waiting for service /controller_manager/list_controllers to become available...
[swerve_bridge_node-14] [WARN] [1789630982.147469165] [swerve_bridge]: Django websocket disconnected: [Errno 111] Connection refused
[gzserver-1] [INFO] [1789630983.673328963] [controller_manager]: Loading controller 'drive_controller'
[swerve_bridge_node-14] [WARN] [1789630984.148316848] [swerve_bridge]: Django websocket disconnected: [Errno 111] Connection refused
[spawner-17] [INFO] [1789630984.567180022] [spawn_drive_controller]: [94mLoaded [1mdrive_controller[0m
[gzserver-1] [INFO] [1789630984.601610676] [controller_manager]: Configuring controller 'drive_controller'
[gzserver-1] [INFO] [1789630984.632134093] [drive_controller]: configure successful
[gzserver-1] [INFO] [1789630984.677143811] [drive_controller]: activate successful
[spawner-17] [INFO] [1789630984.693792940] [spawn_drive_controller]: [92mConfigured and activated [1mdrive_controller[0m
[INFO] [spawner-17]: process has finished cleanly [pid 124738]
[INFO] [swerve_controller_node-18]: process started with pid [124760]
[INFO] [swerve_odometry_node-19]: process started with pid [124762]
[swerve_bridge_node-14] [WARN] [1789630986.149870690] [swerve_bridge]: Django websocket disconnected: [Errno 111] Connection refused
[swerve_bridge_node-14] [WARN] [1789630988.166236442] [swerve_bridge]: Django websocket disconnected: [Errno 111] Connection refused
[swerve_odometry_node-19] [INFO] [1789630988.654805572] [swerve_odometry]: Encoder odometry ready: radius=0.0637 m, velocity_sign=+1.0
[swerve_controller_node-18] [INFO] [1789630988.699607916] [swerve_controller]: Swerve controller ready: radius=0.0675 m, modules={'front': (0.300042, 0.0), 'rear': (-0.300042, 0.0)}
[swerve_bridge_node-14] [WARN] [1789630990.167525383] [swerve_bridge]: Django websocket disconnected: [Errno 111] Connection refused
[bt_navigator-11] [INFO] [1789630991.698139357] [bt_navigator]: Begin navigating from current location (0.00, -0.00) to (0.00, -1.00)
[bt_navigator-11] [WARN] [1789630991.729673062] [BehaviorTreeEngine]: Behavior Tree tick rate 100.00 was exceeded!
[bt_navigator-11] [WARN] [1789630991.780996117] [BehaviorTreeEngine]: Behavior Tree tick rate 100.00 was exceeded!
[bt_navigator-11] [WARN] [1789630991.801166080] [BehaviorTreeEngine]: Behavior Tree tick rate 100.00 was exceeded!
[controller_server-8] [INFO] [1789630991.803751413] [controller_server]: Received a goal, begin computing control effort.
[controller_server-8] [WARN] [1789630991.803822429] [controller_server]: No goal checker was specified in parameter 'current_goal_checker'. Server will use only plugin loaded general_goal_checker . This warning will appear once.
[bt_navigator-11] [WARN] [1789630991.851435835] [BehaviorTreeEngine]: Behavior Tree tick rate 100.00 was exceeded!
[bt_navigator-11] [WARN] [1789630991.861846000] [BehaviorTreeEngine]: Behavior Tree tick rate 100.00 was exceeded!
[bt_navigator-11] [WARN] [1789630991.921693771] [BehaviorTreeEngine]: Behavior Tree tick rate 100.00 was exceeded!
[bt_navigator-11] [WARN] [1789630991.957519132] [BehaviorTreeEngine]: Behavior Tree tick rate 100.00 was exceeded!
[controller_server-8] [WARN] [1789630991.968464680] [controller_server]: Control loop missed its desired rate of 10.0000Hz
[bt_navigator-11] [WARN] [1789630991.974854518] [BehaviorTreeEngine]: Behavior Tree tick rate 100.00 was exceeded!
[bt_navigator-11] [WARN] [1789630992.023495360] [BehaviorTreeEngine]: Behavior Tree tick rate 100.00 was exceeded!
[bt_navigator-11] [WARN] [1789630992.117870227] [BehaviorTreeEngine]: Behavior Tree tick rate 100.00 was exceeded!
[swerve_bridge_node-14] [WARN] [1789630992.168967621] [swerve_bridge]: Django websocket disconnected: [Errno 111] Connection refused
[bt_navigator-11] [WARN] [1789630992.187999500] [BehaviorTreeEngine]: Behavior Tree tick rate 100.00 was exceeded!
[bt_navigator-11] [WARN] [1789630992.312361515] [BehaviorTreeEngine]: Behavior Tree tick rate 100.00 was exceeded!
[bt_navigator-11] [WARN] [1789630992.904314225] [BehaviorTreeEngine]: Behavior Tree tick rate 100.00 was exceeded!
[controller_server-8] [INFO] [1789630992.911181479] [controller_server]: Passing new path to controller.
[bt_navigator-11] [WARN] [1789630992.912560540] [BehaviorTreeEngine]: Behavior Tree tick rate 100.00 was exceeded!
[bt_navigator-11] [WARN] [1789630993.080530466] [BehaviorTreeEngine]: Behavior Tree tick rate 100.00 was exceeded!
[bt_navigator-11] [WARN] [1789630993.102948913] [BehaviorTreeEngine]: Behavior Tree tick rate 100.00 was exceeded!
[bt_navigator-11] [WARN] [1789630993.123108101] [BehaviorTreeEngine]: Behavior Tree tick rate 100.00 was exceeded!
[bt_navigator-11] [WARN] [1789630993.136262064] [BehaviorTreeEngine]: Behavior Tree tick rate 100.00 was exceeded!
[bt_navigator-11] [WARN] [1789630993.149620973] [BehaviorTreeEngine]: Behavior Tree tick rate 100.00 was exceeded!
[bt_navigator-11] [WARN] [1789630993.353258464] [BehaviorTreeEngine]: Behavior Tree tick rate 100.00 was exceeded!
[bt_navigator-11] [WARN] [1789630993.432602050] [BehaviorTreeEngine]: Behavior Tree tick rate 100.00 was exceeded!
[bt_navigator-11] [WARN] [1789630993.651359818] [BehaviorTreeEngine]: Behavior Tree tick rate 100.00 was exceeded!
[bt_navigator-11] [WARN] [1789630993.748020300] [BehaviorTreeEngine]: Behavior Tree tick rate 100.00 was exceeded!
[bt_navigator-11] [WARN] [1789630993.801424587] [BehaviorTreeEngine]: Behavior Tree tick rate 100.00 was exceeded!
[bt_navigator-11] [WARN] [1789630993.848528092] [BehaviorTreeEngine]: Behavior Tree tick rate 100.00 was exceeded!
[bt_navigator-11] [WARN] [1789630993.865490112] [BehaviorTreeEngine]: Behavior Tree tick rate 100.00 was exceeded!
[controller_server-8] [INFO] [1789630993.911281363] [controller_server]: Passing new path to controller.
[bt_navigator-11] [WARN] [1789630994.118180835] [BehaviorTreeEngine]: Behavior Tree tick rate 100.00 was exceeded!
[bt_navigator-11] [WARN] [1789630994.169156253] [BehaviorTreeEngine]: Behavior Tree tick rate 100.00 was exceeded!
[swerve_bridge_node-14] [WARN] [1789630994.190431335] [swerve_bridge]: Django websocket disconnected: [Errno 111] Connection refused
[bt_navigator-11] [WARN] [1789630994.202888418] [BehaviorTreeEngine]: Behavior Tree tick rate 100.00 was exceeded!
[bt_navigator-11] [WARN] [1789630994.214904699] [BehaviorTreeEngine]: Behavior Tree tick rate 100.00 was exceeded!
[bt_navigator-11] [WARN] [1789630994.244945153] [BehaviorTreeEngine]: Behavior Tree tick rate 100.00 was exceeded!
[bt_navigator-11] [WARN] [1789630994.279837103] [BehaviorTreeEngine]: Behavior Tree tick rate 100.00 was exceeded!
[bt_navigator-11] [WARN] [1789630994.316801869] [BehaviorTreeEngine]: Behavior Tree tick rate 100.00 was exceeded!
[bt_navigator-11] [WARN] [1789630994.357726592] [BehaviorTreeEngine]: Behavior Tree tick rate 100.00 was exceeded!
[bt_navigator-11] [WARN] [1789630994.441741675] [BehaviorTreeEngine]: Behavior Tree tick rate 100.00 was exceeded!
[bt_navigator-11] [WARN] [1789630994.451824317] [BehaviorTreeEngine]: Behavior Tree tick rate 100.00 was exceeded!
[bt_navigator-11] [WARN] [1789630994.466718486] [BehaviorTreeEngine]: Behavior Tree tick rate 100.00 was exceeded!
[bt_navigator-11] [WARN] [1789630994.471321127] [BehaviorTreeEngine]: Behavior Tree tick rate 100.00 was exceeded!
[bt_navigator-11] [WARN] [1789630994.490814904] [BehaviorTreeEngine]: Behavior Tree tick rate 100.00 was exceeded!
[bt_navigator-11] [WARN] [1789630994.541476495] [BehaviorTreeEngine]: Behavior Tree tick rate 100.00 was exceeded!
[controller_server-8] [INFO] [1789630994.915528362] [controller_server]: Passing new path to controller.
[bt_navigator-11] [WARN] [1789630995.014329965] [BehaviorTreeEngine]: Behavior Tree tick rate 100.00 was exceeded!
[bt_navigator-11] [WARN] [1789630995.121180593] [BehaviorTreeEngine]: Behavior Tree tick rate 100.00 was exceeded!
[bt_navigator-11] [WARN] [1789630995.355900373] [BehaviorTreeEngine]: Behavior Tree tick rate 100.00 was exceeded!
[bt_navigator-11] [WARN] [1789630995.429548225] [BehaviorTreeEngine]: Behavior Tree tick rate 100.00 was exceeded!
[bt_navigator-11] [WARN] [1789630995.715371109] [BehaviorTreeEngine]: Behavior Tree tick rate 100.00 was exceeded!
[bt_navigator-11] [WARN] [1789630995.876106905] [BehaviorTreeEngine]: Behavior Tree tick rate 100.00 was exceeded!
[bt_navigator-11] [WARN] [1789630995.946533901] [BehaviorTreeEngine]: Behavior Tree tick rate 100.00 was exceeded!
[controller_server-8] [INFO] [1789630996.017031035] [controller_server]: Passing new path to controller.
[bt_navigator-11] [WARN] [1789630996.021794387] [BehaviorTreeEngine]: Behavior Tree tick rate 100.00 was exceeded!
[bt_navigator-11] [WARN] [1789630996.165653364] [BehaviorTreeEngine]: Behavior Tree tick rate 100.00 was exceeded!
[swerve_bridge_node-14] [WARN] [1789630996.193880532] [swerve_bridge]: Django websocket disconnected: [Errno 111] Connection refused
[bt_navigator-11] [WARN] [1789630996.277940065] [BehaviorTreeEngine]: Behavior Tree tick rate 100.00 was exceeded!
[bt_navigator-11] [WARN] [1789630996.290259219] [BehaviorTreeEngine]: Behavior Tree tick rate 100.00 was exceeded!
[bt_navigator-11] [WARN] [1789630996.315993398] [BehaviorTreeEngine]: Behavior Tree tick rate 100.00 was exceeded!
[bt_navigator-11] [WARN] [1789630996.381852280] [BehaviorTreeEngine]: Behavior Tree tick rate 100.00 was exceeded!
[bt_navigator-11] [WARN] [1789630996.385672643] [BehaviorTreeEngine]: Behavior Tree tick rate 100.00 was exceeded!
[bt_navigator-11] [WARN] [1789630996.436974704] [BehaviorTreeEngine]: Behavior Tree tick rate 100.00 was exceeded!
[bt_navigator-11] [WARN] [1789630996.552618122] [BehaviorTreeEngine]: Behavior Tree tick rate 100.00 was exceeded!
[bt_navigator-11] [WARN] [1789630996.605361966] [BehaviorTreeEngine]: Behavior Tree tick rate 100.00 was exceeded!
[bt_navigator-11] [WARN] [1789630996.744510637] [BehaviorTreeEngine]: Behavior Tree tick rate 100.00 was exceeded!
[bt_navigator-11] [WARN] [1789630996.780217484] [BehaviorTreeEngine]: Behavior Tree tick rate 100.00 was exceeded!
[bt_navigator-11] [WARN] [1789630996.856185110] [BehaviorTreeEngine]: Behavior Tree tick rate 100.00 was exceeded!
[controller_server-8] [INFO] [1789630997.010969967] [controller_server]: Passing new path to controller.
[bt_navigator-11] [WARN] [1789630997.039819802] [BehaviorTreeEngine]: Behavior Tree tick rate 100.00 was exceeded!
[bt_navigator-11] [WARN] [1789630997.118468050] [BehaviorTreeEngine]: Behavior Tree tick rate 100.00 was exceeded!
[bt_navigator-11] [WARN] [1789630997.236664583] [BehaviorTreeEngine]: Behavior Tree tick rate 100.00 was exceeded!
[bt_navigator-11] [WARN] [1789630997.365093011] [BehaviorTreeEngine]: Behavior Tree tick rate 100.00 was exceeded!
[bt_navigator-11] [WARN] [1789630997.387727669] [BehaviorTreeEngine]: Behavior Tree tick rate 100.00 was exceeded!
[bt_navigator-11] [WARN] [1789630997.436684664] [BehaviorTreeEngine]: Behavior Tree tick rate 100.00 was exceeded!
[bt_navigator-11] [WARN] [1789630997.527831904] [BehaviorTreeEngine]: Behavior Tree tick rate 100.00 was exceeded!
[bt_navigator-11] [WARN] [1789630997.549941672] [BehaviorTreeEngine]: Behavior Tree tick rate 100.00 was exceeded!
[bt_navigator-11] [WARN] [1789630997.568436031] [BehaviorTreeEngine]: Behavior Tree tick rate 100.00 was exceeded!
[bt_navigator-11] [WARN] [1789630997.577373631] [BehaviorTreeEngine]: Behavior Tree tick rate 100.00 was exceeded!
[bt_navigator-11] [WARN] [1789630997.627134241] [BehaviorTreeEngine]: Behavior Tree tick rate 100.00 was exceeded!
[bt_navigator-11] [WARN] [1789630997.711088581] [BehaviorTreeEngine]: Behavior Tree tick rate 100.00 was exceeded!
[bt_navigator-11] [WARN] [1789630997.752962743] [BehaviorTreeEngine]: Behavior Tree tick rate 100.00 was exceeded!
[bt_navigator-11] [WARN] [1789630997.793107719] [BehaviorTreeEngine]: Behavior Tree tick rate 100.00 was exceeded!
[controller_server-8] [INFO] [1789630998.012134726] [controller_server]: Passing new path to controller.
[bt_navigator-11] [WARN] [1789630998.040204807] [BehaviorTreeEngine]: Behavior Tree tick rate 100.00 was exceeded!
[swerve_bridge_node-14] [WARN] [1789630998.206029205] [swerve_bridge]: Django websocket disconnected: [Errno 111] Connection refused
[bt_navigator-11] [WARN] [1789630998.253468796] [BehaviorTreeEngine]: Behavior Tree tick rate 100.00 was exceeded!
[bt_navigator-11] [WARN] [1789630998.444948243] [BehaviorTreeEngine]: Behavior Tree tick rate 100.00 was exceeded!
[bt_navigator-11] [WARN] [1789630998.647895681] [BehaviorTreeEngine]: Behavior Tree tick rate 100.00 was exceeded!
[bt_navigator-11] [WARN] [1789630998.808466581] [BehaviorTreeEngine]: Behavior Tree tick rate 100.00 was exceeded!
[bt_navigator-11] [WARN] [1789630998.820909847] [BehaviorTreeEngine]: Behavior Tree tick rate 100.00 was exceeded!
[bt_navigator-11] [WARN] [1789630998.845182882] [BehaviorTreeEngine]: Behavior Tree tick rate 100.00 was exceeded!
[bt_navigator-11] [WARN] [1789630998.877808299] [BehaviorTreeEngine]: Behavior Tree tick rate 100.00 was exceeded!
[bt_navigator-11] [WARN] [1789630998.892065012] [BehaviorTreeEngine]: Behavior Tree tick rate 100.00 was exceeded!
[bt_navigator-11] [WARN] [1789630998.895773279] [BehaviorTreeEngine]: Behavior Tree tick rate 100.00 was exceeded!
[bt_navigator-11] [WARN] [1789630998.917318522] [BehaviorTreeEngine]: Behavior Tree tick rate 100.00 was exceeded!
[bt_navigator-11] [WARN] [1789630998.931896754] [BehaviorTreeEngine]: Behavior Tree tick rate 100.00 was exceeded!
[bt_navigator-11] [WARN] [1789630998.946802254] [BehaviorTreeEngine]: Behavior Tree tick rate 100.00 was exceeded!
[controller_server-8] [INFO] [1789630999.011021707] [controller_server]: Passing new path to controller.
[bt_navigator-11] [WARN] [1789630999.229755244] [BehaviorTreeEngine]: Behavior Tree tick rate 100.00 was exceeded!
[bt_navigator-11] [WARN] [1789630999.250813202] [BehaviorTreeEngine]: Behavior Tree tick rate 100.00 was exceeded!
[bt_navigator-11] [WARN] [1789630999.467377501] [BehaviorTreeEngine]: Behavior Tree tick rate 100.00 was exceeded!
[bt_navigator-11] [WARN] [1789630999.542864452] [BehaviorTreeEngine]: Behavior Tree tick rate 100.00 was exceeded!
[bt_navigator-11] [WARN] [1789630999.634593685] [BehaviorTreeEngine]: Behavior Tree tick rate 100.00 was exceeded!
[bt_navigator-11] [WARN] [1789630999.639214689] [BehaviorTreeEngine]: Behavior Tree tick rate 100.00 was exceeded!
[bt_navigator-11] [WARN] [1789630999.819021317] [BehaviorTreeEngine]: Behavior Tree tick rate 100.00 was exceeded!
[bt_navigator-11] [WARN] [1789630999.827714684] [BehaviorTreeEngine]: Behavior Tree tick rate 100.00 was exceeded!
[bt_navigator-11] [WARN] [1789630999.908587299] [BehaviorTreeEngine]: Behavior Tree tick rate 100.00 was exceeded!
[bt_navigator-11] [WARN] [1789630999.998534097] [BehaviorTreeEngine]: Behavior Tree tick rate 100.00 was exceeded!
[bt_navigator-11] [WARN] [1789631000.028507369] [BehaviorTreeEngine]: Behavior Tree tick rate 100.00 was exceeded!
[bt_navigator-11] [WARN] [1789631000.060738384] [BehaviorTreeEngine]: Behavior Tree tick rate 100.00 was exceeded!
[bt_navigator-11] [WARN] [1789631000.089879128] [BehaviorTreeEngine]: Behavior Tree tick rate 100.00 was exceeded!
[controller_server-8] [INFO] [1789631000.117075957] [controller_server]: Passing new path to controller.
[bt_navigator-11] [WARN] [1789631000.117265189] [BehaviorTreeEngine]: Behavior Tree tick rate 100.00 was exceeded!
[bt_navigator-11] [WARN] [1789631000.124093304] [BehaviorTreeEngine]: Behavior Tree tick rate 100.00 was exceeded!
[swerve_bridge_node-14] [WARN] [1789631000.209223219] [swerve_bridge]: Django websocket disconnected: [Errno 111] Connection refused
[bt_navigator-11] [WARN] [1789631000.331359911] [BehaviorTreeEngine]: Behavior Tree tick rate 100.00 was exceeded!
[bt_navigator-11] [WARN] [1789631000.385667220] [BehaviorTreeEngine]: Behavior Tree tick rate 100.00 was exceeded!
[bt_navigator-11] [WARN] [1789631000.392991452] [BehaviorTreeEngine]: Behavior Tree tick rate 100.00 was exceeded!
[bt_navigator-11] [WARN] [1789631000.400676465] [BehaviorTreeEngine]: Behavior Tree tick rate 100.00 was exceeded!
[bt_navigator-11] [WARN] [1789631000.425852377] [BehaviorTreeEngine]: Behavior Tree tick rate 100.00 was exceeded!
[bt_navigator-11] [WARN] [1789631000.430596811] [BehaviorTreeEngine]: Behavior Tree tick rate 100.00 was exceeded!
[bt_navigator-11] [WARN] [1789631000.692745872] [BehaviorTreeEngine]: Behavior Tree tick rate 100.00 was exceeded!
[bt_navigator-11] [WARN] [1789631000.740531013] [BehaviorTreeEngine]: Behavior Tree tick rate 100.00 was exceeded!
[bt_navigator-11] [WARN] [1789631000.870859323] [BehaviorTreeEngine]: Behavior Tree tick rate 100.00 was exceeded!
[bt_navigator-11] [WARN] [1789631000.883527079] [BehaviorTreeEngine]: Behavior Tree tick rate 100.00 was exceeded!
[bt_navigator-11] [WARN] [1789631001.004246227] [BehaviorTreeEngine]: Behavior Tree tick rate 100.00 was exceeded!
[bt_navigator-11] [WARN] [1789631001.019663068] [BehaviorTreeEngine]: Behavior Tree tick rate 100.00 was exceeded!
[bt_navigator-11] [WARN] [1789631001.027150901] [BehaviorTreeEngine]: Behavior Tree tick rate 100.00 was exceeded!
[bt_navigator-11] [WARN] [1789631001.033895638] [BehaviorTreeEngine]: Behavior Tree tick rate 100.00 was exceeded!
[bt_navigator-11] [WARN] [1789631001.066802893] [BehaviorTreeEngine]: Behavior Tree tick rate 100.00 was exceeded!
[bt_navigator-11] [WARN] [1789631001.082582953] [BehaviorTreeEngine]: Behavior Tree tick rate 100.00 was exceeded!
[bt_navigator-11] [WARN] [1789631001.101216248] [BehaviorTreeEngine]: Behavior Tree tick rate 100.00 was exceeded!
[bt_navigator-11] [WARN] [1789631001.115464813] [BehaviorTreeEngine]: Behavior Tree tick rate 100.00 was exceeded!
[bt_navigator-11] [WARN] [1789631001.154995194] [BehaviorTreeEngine]: Behavior Tree tick rate 100.00 was exceeded!
[bt_navigator-11] [WARN] [1789631001.210813851] [BehaviorTreeEngine]: Behavior Tree tick rate 100.00 was exceeded!
[controller_server-8] [INFO] [1789631001.210952903] [controller_server]: Passing new path to controller.
[bt_navigator-11] [WARN] [1789631001.621803472] [BehaviorTreeEngine]: Behavior Tree tick rate 100.00 was exceeded!
[bt_navigator-11] [WARN] [1789631001.636291134] [BehaviorTreeEngine]: Behavior Tree tick rate 100.00 was exceeded!
[bt_navigator-11] [WARN] [1789631001.646985240] [BehaviorTreeEngine]: Behavior Tree tick rate 100.00 was exceeded!
[bt_navigator-11] [WARN] [1789631001.895567919] [BehaviorTreeEngine]: Behavior Tree tick rate 100.00 was exceeded!
[bt_navigator-11] [WARN] [1789631002.152533900] [BehaviorTreeEngine]: Behavior Tree tick rate 100.00 was exceeded!
[controller_server-8] [INFO] [1789631002.211546841] [controller_server]: Passing new path to controller.
[swerve_bridge_node-14] [WARN] [1789631002.214200732] [swerve_bridge]: Django websocket disconnected: [Errno 111] Connection refused
[bt_navigator-11] [WARN] [1789631002.233185326] [BehaviorTreeEngine]: Behavior Tree tick rate 100.00 was exceeded!
[bt_navigator-11] [WARN] [1789631002.303477788] [BehaviorTreeEngine]: Behavior Tree tick rate 100.00 was exceeded!
[bt_navigator-11] [WARN] [1789631002.330613505] [BehaviorTreeEngine]: Behavior Tree tick rate 100.00 was exceeded!
[bt_navigator-11] [WARN] [1789631002.330994217] [BehaviorTreeEngine]: Behavior Tree tick rate 100.00 was exceeded!
[bt_navigator-11] [WARN] [1789631002.353626240] [BehaviorTreeEngine]: Behavior Tree tick rate 100.00 was exceeded!
[bt_navigator-11] [WARN] [1789631002.361931603] [BehaviorTreeEngine]: Behavior Tree tick rate 100.00 was exceeded!
[bt_navigator-11] [WARN] [1789631002.472647749] [BehaviorTreeEngine]: Behavior Tree tick rate 100.00 was exceeded!
[bt_navigator-11] [WARN] [1789631002.502128764] [BehaviorTreeEngine]: Behavior Tree tick rate 100.00 was exceeded!
[bt_navigator-11] [WARN] [1789631002.624780621] [BehaviorTreeEngine]: Behavior Tree tick rate 100.00 was exceeded!
[bt_navigator-11] [WARN] [1789631002.805837298] [BehaviorTreeEngine]: Behavior Tree tick rate 100.00 was exceeded!
[bt_navigator-11] [WARN] [1789631002.927159417] [BehaviorTreeEngine]: Behavior Tree tick rate 100.00 was exceeded!
[bt_navigator-11] [WARN] [1789631003.177809252] [BehaviorTreeEngine]: Behavior Tree tick rate 100.00 was exceeded!
[controller_server-8] [INFO] [1789631003.211697236] [controller_server]: Passing new path to controller.
[bt_navigator-11] [WARN] [1789631003.329013763] [BehaviorTreeEngine]: Behavior Tree tick rate 100.00 was exceeded!
[bt_navigator-11] [WARN] [1789631003.432500108] [BehaviorTreeEngine]: Behavior Tree tick rate 100.00 was exceeded!
[bt_navigator-11] [WARN] [1789631003.460859886] [BehaviorTreeEngine]: Behavior Tree tick rate 100.00 was exceeded!
[bt_navigator-11] [WARN] [1789631003.875710972] [BehaviorTreeEngine]: Behavior Tree tick rate 100.00 was exceeded!
[bt_navigator-11] [WARN] [1789631003.947170786] [BehaviorTreeEngine]: Behavior Tree tick rate 100.00 was exceeded!
[bt_navigator-11] [WARN] [1789631004.107864895] [BehaviorTreeEngine]: Behavior Tree tick rate 100.00 was exceeded!
[bt_navigator-11] [WARN] [1789631004.196810546] [BehaviorTreeEngine]: Behavior Tree tick rate 100.00 was exceeded!
[swerve_bridge_node-14] [WARN] [1789631004.218922086] [swerve_bridge]: Django websocket disconnected: [Errno 111] Connection refused
[controller_server-8] [INFO] [1789631004.311861208] [controller_server]: Passing new path to controller.
[bt_navigator-11] [WARN] [1789631004.314310935] [BehaviorTreeEngine]: Behavior Tree tick rate 100.00 was exceeded!
[bt_navigator-11] [WARN] [1789631004.325042809] [BehaviorTreeEngine]: Behavior Tree tick rate 100.00 was exceeded!
[bt_navigator-11] [WARN] [1789631004.436310189] [BehaviorTreeEngine]: Behavior Tree tick rate 100.00 was exceeded!
[bt_navigator-11] [WARN] [1789631004.527785451] [BehaviorTreeEngine]: Behavior Tree tick rate 100.00 was exceeded!
[bt_navigator-11] [WARN] [1789631004.606145024] [BehaviorTreeEngine]: Behavior Tree tick rate 100.00 was exceeded!
[bt_navigator-11] [WARN] [1789631004.713644744] [BehaviorTreeEngine]: Behavior Tree tick rate 100.00 was exceeded!
[bt_navigator-11] [WARN] [1789631004.794377232] [BehaviorTreeEngine]: Behavior Tree tick rate 100.00 was exceeded!
[bt_navigator-11] [WARN] [1789631004.927822857] [BehaviorTreeEngine]: Behavior Tree tick rate 100.00 was exceeded!
[bt_navigator-11] [WARN] [1789631005.008602409] [BehaviorTreeEngine]: Behavior Tree tick rate 100.00 was exceeded!
[bt_navigator-11] [WARN] [1789631005.075583883] [BehaviorTreeEngine]: Behavior Tree tick rate 100.00 was exceeded!
[bt_navigator-11] [WARN] [1789631005.128215491] [BehaviorTreeEngine]: Behavior Tree tick rate 100.00 was exceeded!
[bt_navigator-11] [WARN] [1789631005.146004446] [BehaviorTreeEngine]: Behavior Tree tick rate 100.00 was exceeded!
[bt_navigator-11] [WARN] [1789631005.257974052] [BehaviorTreeEngine]: Behavior Tree tick rate 100.00 was exceeded!
[controller_server-8] [INFO] [1789631005.311422883] [controller_server]: Passing new path to controller.
[bt_navigator-11] [WARN] [1789631005.315688816] [BehaviorTreeEngine]: Behavior Tree tick rate 100.00 was exceeded!
[bt_navigator-11] [WARN] [1789631005.352741245] [BehaviorTreeEngine]: Behavior Tree tick rate 100.00 was exceeded!
[bt_navigator-11] [WARN] [1789631005.370572130] [BehaviorTreeEngine]: Behavior Tree tick rate 100.00 was exceeded!
[bt_navigator-11] [WARN] [1789631005.376330706] [BehaviorTreeEngine]: Behavior Tree tick rate 100.00 was exceeded!
[bt_navigator-11] [WARN] [1789631005.427487409] [BehaviorTreeEngine]: Behavior Tree tick rate 100.00 was exceeded!
[bt_navigator-11] [WARN] [1789631005.529792230] [BehaviorTreeEngine]: Behavior Tree tick rate 100.00 was exceeded!
[bt_navigator-11] [WARN] [1789631005.638747848] [BehaviorTreeEngine]: Behavior Tree tick rate 100.00 was exceeded!
[bt_navigator-11] [WARN] [1789631005.773374133] [BehaviorTreeEngine]: Behavior Tree tick rate 100.00 was exceeded!
[bt_navigator-11] [WARN] [1789631005.778475817] [BehaviorTreeEngine]: Behavior Tree tick rate 100.00 was exceeded!
[bt_navigator-11] [WARN] [1789631005.802572671] [BehaviorTreeEngine]: Behavior Tree tick rate 100.00 was exceeded!
[bt_navigator-11] [WARN] [1789631005.821985769] [BehaviorTreeEngine]: Behavior Tree tick rate 100.00 was exceeded!
[bt_navigator-11] [WARN] [1789631005.838431093] [BehaviorTreeEngine]: Behavior Tree tick rate 100.00 was exceeded!
[swerve_bridge_node-14] [WARN] [1789631006.226886100] [swerve_bridge]: Django websocket disconnected: [Errno 111] Connection refused
[controller_server-8] [INFO] [1789631006.311694709] [controller_server]: Passing new path to controller.
[bt_navigator-11] [WARN] [1789631006.390252166] [BehaviorTreeEngine]: Behavior Tree tick rate 100.00 was exceeded!
[bt_navigator-11] [WARN] [1789631006.582404453] [BehaviorTreeEngine]: Behavior Tree tick rate 100.00 was exceeded!
[bt_navigator-11] [WARN] [1789631006.657732696] [BehaviorTreeEngine]: Behavior Tree tick rate 100.00 was exceeded!
[bt_navigator-11] [WARN] [1789631006.667819756] [BehaviorTreeEngine]: Behavior Tree tick rate 100.00 was exceeded!
[bt_navigator-11] [WARN] [1789631006.766879746] [BehaviorTreeEngine]: Behavior Tree tick rate 100.00 was exceeded!
[bt_navigator-11] [WARN] [1789631006.907475057] [BehaviorTreeEngine]: Behavior Tree tick rate 100.00 was exceeded!
[bt_navigator-11] [WARN] [1789631006.931867068] [BehaviorTreeEngine]: Behavior Tree tick rate 100.00 was exceeded!
[bt_navigator-11] [WARN] [1789631007.019924457] [BehaviorTreeEngine]: Behavior Tree tick rate 100.00 was exceeded!
[controller_server-8] [INFO] [1789631007.417233375] [controller_server]: Passing new path to controller.
[bt_navigator-11] [WARN] [1789631007.440250564] [BehaviorTreeEngine]: Behavior Tree tick rate 100.00 was exceeded!
[bt_navigator-11] [WARN] [1789631007.600421102] [BehaviorTreeEngine]: Behavior Tree tick rate 100.00 was exceeded!
[bt_navigator-11] [WARN] [1789631007.911279552] [BehaviorTreeEngine]: Behavior Tree tick rate 100.00 was exceeded!
[bt_navigator-11] [WARN] [1789631008.037788786] [BehaviorTreeEngine]: Behavior Tree tick rate 100.00 was exceeded!
[bt_navigator-11] [WARN] [1789631008.110614177] [BehaviorTreeEngine]: Behavior Tree tick rate 100.00 was exceeded!
[bt_navigator-11] [WARN] [1789631008.168570799] [BehaviorTreeEngine]: Behavior Tree tick rate 100.00 was exceeded!
[bt_navigator-11] [WARN] [1789631008.219401677] [BehaviorTreeEngine]: Behavior Tree tick rate 100.00 was exceeded!
[swerve_bridge_node-14] [WARN] [1789631008.228812694] [swerve_bridge]: Django websocket disconnected: [Errno 111] Connection refused
[bt_navigator-11] [WARN] [1789631008.367758764] [BehaviorTreeEngine]: Behavior Tree tick rate 100.00 was exceeded!
[controller_server-8] [INFO] [1789631008.413717694] [controller_server]: Passing new path to controller.
[bt_navigator-11] [WARN] [1789631008.540919655] [BehaviorTreeEngine]: Behavior Tree tick rate 100.00 was exceeded!
[bt_navigator-11] [WARN] [1789631008.718588401] [BehaviorTreeEngine]: Behavior Tree tick rate 100.00 was exceeded!
[bt_navigator-11] [WARN] [1789631008.822840068] [BehaviorTreeEngine]: Behavior Tree tick rate 100.00 was exceeded!
[bt_navigator-11] [WARN] [1789631008.949099329] [BehaviorTreeEngine]: Behavior Tree tick rate 100.00 was exceeded!
[bt_navigator-11] [WARN] [1789631009.029800434] [BehaviorTreeEngine]: Behavior Tree tick rate 100.00 was exceeded!
[bt_navigator-11] [WARN] [1789631009.048208345] [BehaviorTreeEngine]: Behavior Tree tick rate 100.00 was exceeded!
[bt_navigator-11] [WARN] [1789631009.068903434] [BehaviorTreeEngine]: Behavior Tree tick rate 100.00 was exceeded!
[bt_navigator-11] [WARN] [1789631009.187794581] [BehaviorTreeEngine]: Behavior Tree tick rate 100.00 was exceeded!
[bt_navigator-11] [WARN] [1789631009.244209112] [BehaviorTreeEngine]: Behavior Tree tick rate 100.00 was exceeded!
[bt_navigator-11] [WARN] [1789631009.250236944] [BehaviorTreeEngine]: Behavior Tree tick rate 100.00 was exceeded!
[bt_navigator-11] [WARN] [1789631009.262891937] [BehaviorTreeEngine]: Behavior Tree tick rate 100.00 was exceeded!
[bt_navigator-11] [WARN] [1789631009.269222500] [BehaviorTreeEngine]: Behavior Tree tick rate 100.00 was exceeded!
[controller_server-8] [INFO] [1789631009.411863115] [controller_server]: Passing new path to controller.
[bt_navigator-11] [WARN] [1789631009.432711211] [BehaviorTreeEngine]: Behavior Tree tick rate 100.00 was exceeded!
[bt_navigator-11] [WARN] [1789631009.439731834] [BehaviorTreeEngine]: Behavior Tree tick rate 100.00 was exceeded!
[bt_navigator-11] [WARN] [1789631009.662817302] [BehaviorTreeEngine]: Behavior Tree tick rate 100.00 was exceeded!
[bt_navigator-11] [WARN] [1789631009.676136172] [BehaviorTreeEngine]: Behavior Tree tick rate 100.00 was exceeded!
[bt_navigator-11] [WARN] [1789631009.719265531] [BehaviorTreeEngine]: Behavior Tree tick rate 100.00 was exceeded!
[bt_navigator-11] [WARN] [1789631009.727884075] [BehaviorTreeEngine]: Behavior Tree tick rate 100.00 was exceeded!
[bt_navigator-11] [WARN] [1789631009.749582852] [BehaviorTreeEngine]: Behavior Tree tick rate 100.00 was exceeded!
[bt_navigator-11] [WARN] [1789631009.779653483] [BehaviorTreeEngine]: Behavior Tree tick rate 100.00 was exceeded!
[bt_navigator-11] [WARN] [1789631009.933923240] [BehaviorTreeEngine]: Behavior Tree tick rate 100.00 was exceeded!
[bt_navigator-11] [WARN] [1789631009.940591077] [BehaviorTreeEngine]: Behavior Tree tick rate 100.00 was exceeded!
[bt_navigator-11] [WARN] [1789631010.030331486] [BehaviorTreeEngine]: Behavior Tree tick rate 100.00 was exceeded!
[bt_navigator-11] [WARN] [1789631010.081773376] [BehaviorTreeEngine]: Behavior Tree tick rate 100.00 was exceeded!
[bt_navigator-11] [WARN] [1789631010.109801990] [BehaviorTreeEngine]: Behavior Tree tick rate 100.00 was exceeded!
[bt_navigator-11] [WARN] [1789631010.132369276] [BehaviorTreeEngine]: Behavior Tree tick rate 100.00 was exceeded!
[swerve_bridge_node-14] [WARN] [1789631010.231995220] [swerve_bridge]: Django websocket disconnected: [Errno 111] Connection refused
[bt_navigator-11] [WARN] [1789631010.338722128] [BehaviorTreeEngine]: Behavior Tree tick rate 100.00 was exceeded!
[bt_navigator-11] [WARN] [1789631010.414402651] [BehaviorTreeEngine]: Behavior Tree tick rate 100.00 was exceeded!
[bt_navigator-11] [WARN] [1789631010.419772565] [BehaviorTreeEngine]: Behavior Tree tick rate 100.00 was exceeded!
[bt_navigator-11] [WARN] [1789631010.442082776] [BehaviorTreeEngine]: Behavior Tree tick rate 100.00 was exceeded!
[bt_navigator-11] [WARN] [1789631010.451466840] [BehaviorTreeEngine]: Behavior Tree tick rate 100.00 was exceeded!
[bt_navigator-11] [WARN] [1789631010.459535931] [BehaviorTreeEngine]: Behavior Tree tick rate 100.00 was exceeded!
[controller_server-8] [INFO] [1789631010.512020970] [controller_server]: Passing new path to controller.
[bt_navigator-11] [WARN] [1789631010.523735400] [BehaviorTreeEngine]: Behavior Tree tick rate 100.00 was exceeded!
[bt_navigator-11] [WARN] [1789631010.533899708] [BehaviorTreeEngine]: Behavior Tree tick rate 100.00 was exceeded!
[bt_navigator-11] [WARN] [1789631010.576285623] [BehaviorTreeEngine]: Behavior Tree tick rate 100.00 was exceeded!
[bt_navigator-11] [WARN] [1789631010.579779680] [BehaviorTreeEngine]: Behavior Tree tick rate 100.00 was exceeded!
[bt_navigator-11] [WARN] [1789631010.617315568] [BehaviorTreeEngine]: Behavior Tree tick rate 100.00 was exceeded!
[bt_navigator-11] [WARN] [1789631010.621167482] [BehaviorTreeEngine]: Behavior Tree tick rate 100.00 was exceeded!
[bt_navigator-11] [WARN] [1789631010.640229698] [BehaviorTreeEngine]: Behavior Tree tick rate 100.00 was exceeded!
[bt_navigator-11] [WARN] [1789631010.650334430] [BehaviorTreeEngine]: Behavior Tree tick rate 100.00 was exceeded!
[bt_navigator-11] [WARN] [1789631010.891182287] [BehaviorTreeEngine]: Behavior Tree tick rate 100.00 was exceeded!
[bt_navigator-11] [WARN] [1789631011.029941773] [BehaviorTreeEngine]: Behavior Tree tick rate 100.00 was exceeded!
[bt_navigator-11] [WARN] [1789631011.398805742] [BehaviorTreeEngine]: Behavior Tree tick rate 100.00 was exceeded!
[bt_navigator-11] [WARN] [1789631011.446801299] [BehaviorTreeEngine]: Behavior Tree tick rate 100.00 was exceeded!
[bt_navigator-11] [WARN] [1789631011.450800681] [BehaviorTreeEngine]: Behavior Tree tick rate 100.00 was exceeded!
[bt_navigator-11] [WARN] [1789631011.475390279] [BehaviorTreeEngine]: Behavior Tree tick rate 100.00 was exceeded!
[bt_navigator-11] [WARN] [1789631011.479740080] [BehaviorTreeEngine]: Behavior Tree tick rate 100.00 was exceeded!
[bt_navigator-11] [WARN] [1789631011.505581908] [BehaviorTreeEngine]: Behavior Tree tick rate 100.00 was exceeded!
[bt_navigator-11] [WARN] [1789631011.515325171] [BehaviorTreeEngine]: Behavior Tree tick rate 100.00 was exceeded!
[controller_server-8] [INFO] [1789631011.515444878] [controller_server]: Passing new path to controller.
[bt_navigator-11] [WARN] [1789631011.534839643] [BehaviorTreeEngine]: Behavior Tree tick rate 100.00 was exceeded!
[bt_navigator-11] [WARN] [1789631011.705088185] [BehaviorTreeEngine]: Behavior Tree tick rate 100.00 was exceeded!
[swerve_bridge_node-14] [WARN] [1789631012.235578813] [swerve_bridge]: Django websocket disconnected: [Errno 111] Connection refused
[bt_navigator-11] [WARN] [1789631012.425732658] [BehaviorTreeEngine]: Behavior Tree tick rate 100.00 was exceeded!
[bt_navigator-11] [WARN] [1789631012.518844241] [BehaviorTreeEngine]: Behavior Tree tick rate 100.00 was exceeded!
[bt_navigator-11] [WARN] [1789631012.547034032] [BehaviorTreeEngine]: Behavior Tree tick rate 100.00 was exceeded!
[controller_server-8] [INFO] [1789631012.618520372] [controller_server]: Passing new path to controller.
[bt_navigator-11] [WARN] [1789631012.757511206] [BehaviorTreeEngine]: Behavior Tree tick rate 100.00 was exceeded!
[bt_navigator-11] [WARN] [1789631013.046099102] [BehaviorTreeEngine]: Behavior Tree tick rate 100.00 was exceeded!
[bt_navigator-11] [WARN] [1789631013.173544929] [BehaviorTreeEngine]: Behavior Tree tick rate 100.00 was exceeded!
[bt_navigator-11] [WARN] [1789631013.218372008] [BehaviorTreeEngine]: Behavior Tree tick rate 100.00 was exceeded!
[bt_navigator-11] [WARN] [1789631013.593478168] [BehaviorTreeEngine]: Behavior Tree tick rate 100.00 was exceeded!
[controller_server-8] [INFO] [1789631013.611301372] [controller_server]: Passing new path to controller.
[bt_navigator-11] [WARN] [1789631013.664959511] [BehaviorTreeEngine]: Behavior Tree tick rate 100.00 was exceeded!
[bt_navigator-11] [WARN] [1789631013.729079741] [BehaviorTreeEngine]: Behavior Tree tick rate 100.00 was exceeded!
[bt_navigator-11] [WARN] [1789631013.785085020] [BehaviorTreeEngine]: Behavior Tree tick rate 100.00 was exceeded!
[bt_navigator-11] [WARN] [1789631013.795266088] [BehaviorTreeEngine]: Behavior Tree tick rate 100.00 was exceeded!
[bt_navigator-11] [WARN] [1789631013.831261779] [BehaviorTreeEngine]: Behavior Tree tick rate 100.00 was exceeded!
[bt_navigator-11] [WARN] [1789631013.857366166] [BehaviorTreeEngine]: Behavior Tree tick rate 100.00 was exceeded!
[bt_navigator-11] [WARN] [1789631013.970388680] [BehaviorTreeEngine]: Behavior Tree tick rate 100.00 was exceeded!
[bt_navigator-11] [WARN] [1789631013.977722022] [BehaviorTreeEngine]: Behavior Tree tick rate 100.00 was exceeded!
[bt_navigator-11] [WARN] [1789631014.060106531] [BehaviorTreeEngine]: Behavior Tree tick rate 100.00 was exceeded!
[swerve_bridge_node-14] [WARN] [1789631014.236570074] [swerve_bridge]: Django websocket disconnected: [Errno 111] Connection refused
[bt_navigator-11] [WARN] [1789631014.290687226] [BehaviorTreeEngine]: Behavior Tree tick rate 100.00 was exceeded!
[bt_navigator-11] [WARN] [1789631014.436280224] [BehaviorTreeEngine]: Behavior Tree tick rate 100.00 was exceeded!
[bt_navigator-11] [WARN] [1789631014.595825118] [BehaviorTreeEngine]: Behavior Tree tick rate 100.00 was exceeded!
[controller_server-8] [INFO] [1789631014.611663922] [controller_server]: Passing new path to controller.
[bt_navigator-11] [WARN] [1789631014.845807294] [BehaviorTreeEngine]: Behavior Tree tick rate 100.00 was exceeded!
[bt_navigator-11] [WARN] [1789631014.931316472] [BehaviorTreeEngine]: Behavior Tree tick rate 100.00 was exceeded!
[bt_navigator-11] [WARN] [1789631015.006647197] [BehaviorTreeEngine]: Behavior Tree tick rate 100.00 was exceeded!
[bt_navigator-11] [WARN] [1789631015.068336956] [BehaviorTreeEngine]: Behavior Tree tick rate 100.00 was exceeded!
[bt_navigator-11] [WARN] [1789631015.087255252] [BehaviorTreeEngine]: Behavior Tree tick rate 100.00 was exceeded!
[bt_navigator-11] [WARN] [1789631015.097328450] [BehaviorTreeEngine]: Behavior Tree tick rate 100.00 was exceeded!
[bt_navigator-11] [WARN] [1789631015.218049957] [BehaviorTreeEngine]: Behavior Tree tick rate 100.00 was exceeded!
[controller_server-8] [INFO] [1789631015.611945447] [controller_server]: Passing new path to controller.
[bt_navigator-11] [WARN] [1789631015.727499742] [BehaviorTreeEngine]: Behavior Tree tick rate 100.00 was exceeded!
[bt_navigator-11] [WARN] [1789631015.737420817] [BehaviorTreeEngine]: Behavior Tree tick rate 100.00 was exceeded!
[bt_navigator-11] [WARN] [1789631015.786642219] [BehaviorTreeEngine]: Behavior Tree tick rate 100.00 was exceeded!
[bt_navigator-11] [WARN] [1789631015.921283662] [BehaviorTreeEngine]: Behavior Tree tick rate 100.00 was exceeded!
[bt_navigator-11] [WARN] [1789631015.929712696] [BehaviorTreeEngine]: Behavior Tree tick rate 100.00 was exceeded!
[bt_navigator-11] [WARN] [1789631015.936715134] [BehaviorTreeEngine]: Behavior Tree tick rate 100.00 was exceeded!
[bt_navigator-11] [WARN] [1789631016.141643450] [BehaviorTreeEngine]: Behavior Tree tick rate 100.00 was exceeded!
[bt_navigator-11] [WARN] [1789631016.200335168] [BehaviorTreeEngine]: Behavior Tree tick rate 100.00 was exceeded!
[bt_navigator-11] [WARN] [1789631016.207843833] [BehaviorTreeEngine]: Behavior Tree tick rate 100.00 was exceeded!
[swerve_bridge_node-14] [WARN] [1789631016.242963097] [swerve_bridge]: Django websocket disconnected: [Errno 111] Connection refused
[bt_navigator-11] [WARN] [1789631016.376321869] [BehaviorTreeEngine]: Behavior Tree tick rate 100.00 was exceeded!
[bt_navigator-11] [WARN] [1789631016.518889451] [BehaviorTreeEngine]: Behavior Tree tick rate 100.00 was exceeded!
[bt_navigator-11] [WARN] [1789631016.528262897] [BehaviorTreeEngine]: Behavior Tree tick rate 100.00 was exceeded!
[bt_navigator-11] [WARN] [1789631016.599279169] [BehaviorTreeEngine]: Behavior Tree tick rate 100.00 was exceeded!
[bt_navigator-11] [WARN] [1789631016.605868184] [BehaviorTreeEngine]: Behavior Tree tick rate 100.00 was exceeded!
[controller_server-8] [INFO] [1789631016.616437481] [controller_server]: Passing new path to controller.
[bt_navigator-11] [WARN] [1789631016.617650625] [BehaviorTreeEngine]: Behavior Tree tick rate 100.00 was exceeded!
[bt_navigator-11] [WARN] [1789631016.628657741] [BehaviorTreeEngine]: Behavior Tree tick rate 100.00 was exceeded!
[bt_navigator-11] [WARN] [1789631016.648842440] [BehaviorTreeEngine]: Behavior Tree tick rate 100.00 was exceeded!
[bt_navigator-11] [WARN] [1789631016.698002684] [BehaviorTreeEngine]: Behavior Tree tick rate 100.00 was exceeded!
[bt_navigator-11] [WARN] [1789631016.905545409] [BehaviorTreeEngine]: Behavior Tree tick rate 100.00 was exceeded!
[bt_navigator-11] [WARN] [1789631017.037581477] [BehaviorTreeEngine]: Behavior Tree tick rate 100.00 was exceeded!
[bt_navigator-11] [WARN] [1789631017.076028002] [BehaviorTreeEngine]: Behavior Tree tick rate 100.00 was exceeded!
[bt_navigator-11] [WARN] [1789631017.168851647] [BehaviorTreeEngine]: Behavior Tree tick rate 100.00 was exceeded!
[bt_navigator-11] [WARN] [1789631017.271266699] [BehaviorTreeEngine]: Behavior Tree tick rate 100.00 was exceeded!
[bt_navigator-11] [WARN] [1789631017.346415707] [BehaviorTreeEngine]: Behavior Tree tick rate 100.00 was exceeded!
[bt_navigator-11] [WARN] [1789631017.428523525] [BehaviorTreeEngine]: Behavior Tree tick rate 100.00 was exceeded!
[bt_navigator-11] [WARN] [1789631017.438245350] [BehaviorTreeEngine]: Behavior Tree tick rate 100.00 was exceeded!
[bt_navigator-11] [WARN] [1789631017.493909837] [BehaviorTreeEngine]: Behavior Tree tick rate 100.00 was exceeded!
[controller_server-8] [INFO] [1789631017.711372316] [controller_server]: Passing new path to controller.
[bt_navigator-11] [WARN] [1789631017.746745084] [BehaviorTreeEngine]: Behavior Tree tick rate 100.00 was exceeded!
[bt_navigator-11] [WARN] [1789631018.119266905] [BehaviorTreeEngine]: Behavior Tree tick rate 100.00 was exceeded!
[bt_navigator-11] [WARN] [1789631018.180013051] [BehaviorTreeEngine]: Behavior Tree tick rate 100.00 was exceeded!
[swerve_bridge_node-14] [WARN] [1789631018.246764189] [swerve_bridge]: Django websocket disconnected: [Errno 111] Connection refused
[bt_navigator-11] [WARN] [1789631018.370451917] [BehaviorTreeEngine]: Behavior Tree tick rate 100.00 was exceeded!
[bt_navigator-11] [WARN] [1789631018.401235728] [BehaviorTreeEngine]: Behavior Tree tick rate 100.00 was exceeded!
[bt_navigator-11] [WARN] [1789631018.425927028] [BehaviorTreeEngine]: Behavior Tree tick rate 100.00 was exceeded!
[bt_navigator-11] [WARN] [1789631018.452956366] [BehaviorTreeEngine]: Behavior Tree tick rate 100.00 was exceeded!
[bt_navigator-11] [WARN] [1789631018.479277361] [BehaviorTreeEngine]: Behavior Tree tick rate 100.00 was exceeded!
[bt_navigator-11] [WARN] [1789631018.487126258] [BehaviorTreeEngine]: Behavior Tree tick rate 100.00 was exceeded!
[bt_navigator-11] [WARN] [1789631018.507443192] [BehaviorTreeEngine]: Behavior Tree tick rate 100.00 was exceeded!
[bt_navigator-11] [WARN] [1789631018.528021728] [BehaviorTreeEngine]: Behavior Tree tick rate 100.00 was exceeded!
[bt_navigator-11] [WARN] [1789631018.609297892] [BehaviorTreeEngine]: Behavior Tree tick rate 100.00 was exceeded!
[bt_navigator-11] [WARN] [1789631018.673324692] [BehaviorTreeEngine]: Behavior Tree tick rate 100.00 was exceeded!
[controller_server-8] [INFO] [1789631018.711150928] [controller_server]: Passing new path to controller.
[bt_navigator-11] [WARN] [1789631018.748505753] [BehaviorTreeEngine]: Behavior Tree tick rate 100.00 was exceeded!
[bt_navigator-11] [WARN] [1789631018.773493509] [BehaviorTreeEngine]: Behavior Tree tick rate 100.00 was exceeded!
[bt_navigator-11] [WARN] [1789631018.930626529] [BehaviorTreeEngine]: Behavior Tree tick rate 100.00 was exceeded!
[bt_navigator-11] [WARN] [1789631018.935257045] [BehaviorTreeEngine]: Behavior Tree tick rate 100.00 was exceeded!
[bt_navigator-11] [WARN] [1789631019.233466119] [BehaviorTreeEngine]: Behavior Tree tick rate 100.00 was exceeded!
[bt_navigator-11] [WARN] [1789631019.538048775] [BehaviorTreeEngine]: Behavior Tree tick rate 100.00 was exceeded!
[bt_navigator-11] [WARN] [1789631019.565890596] [BehaviorTreeEngine]: Behavior Tree tick rate 100.00 was exceeded!
[bt_navigator-11] [WARN] [1789631019.589352256] [BehaviorTreeEngine]: Behavior Tree tick rate 100.00 was exceeded!
[bt_navigator-11] [WARN] [1789631019.625419708] [BehaviorTreeEngine]: Behavior Tree tick rate 100.00 was exceeded!
[bt_navigator-11] [WARN] [1789631019.691957392] [BehaviorTreeEngine]: Behavior Tree tick rate 100.00 was exceeded!
[controller_server-8] [INFO] [1789631019.711747824] [controller_server]: Passing new path to controller.
[bt_navigator-11] [WARN] [1789631020.182714325] [BehaviorTreeEngine]: Behavior Tree tick rate 100.00 was exceeded!
[bt_navigator-11] [WARN] [1789631020.186544476] [BehaviorTreeEngine]: Behavior Tree tick rate 100.00 was exceeded!
[bt_navigator-11] [WARN] [1789631020.210955531] [BehaviorTreeEngine]: Behavior Tree tick rate 100.00 was exceeded!
[bt_navigator-11] [WARN] [1789631020.231646601] [BehaviorTreeEngine]: Behavior Tree tick rate 100.00 was exceeded!
[swerve_bridge_node-14] [WARN] [1789631020.248495239] [swerve_bridge]: Django websocket disconnected: [Errno 111] Connection refused
[bt_navigator-11] [WARN] [1789631020.382704915] [BehaviorTreeEngine]: Behavior Tree tick rate 100.00 was exceeded!
[bt_navigator-11] [WARN] [1789631020.395024423] [BehaviorTreeEngine]: Behavior Tree tick rate 100.00 was exceeded!
[bt_navigator-11] [WARN] [1789631020.402753889] [BehaviorTreeEngine]: Behavior Tree tick rate 100.00 was exceeded!
[bt_navigator-11] [WARN] [1789631020.439948151] [BehaviorTreeEngine]: Behavior Tree tick rate 100.00 was exceeded!
[bt_navigator-11] [WARN] [1789631020.442019366] [BehaviorTreeEngine]: Behavior Tree tick rate 100.00 was exceeded!
[bt_navigator-11] [WARN] [1789631020.682792757] [BehaviorTreeEngine]: Behavior Tree tick rate 100.00 was exceeded!
[bt_navigator-11] [WARN] [1789631020.692153422] [BehaviorTreeEngine]: Behavior Tree tick rate 100.00 was exceeded!
[bt_navigator-11] [WARN] [1789631020.716574663] [BehaviorTreeEngine]: Behavior Tree tick rate 100.00 was exceeded!
[bt_navigator-11] [WARN] [1789631020.732106811] [BehaviorTreeEngine]: Behavior Tree tick rate 100.00 was exceeded!
[bt_navigator-11] [WARN] [1789631020.777742669] [BehaviorTreeEngine]: Behavior Tree tick rate 100.00 was exceeded!
[controller_server-8] [INFO] [1789631020.811787008] [controller_server]: Passing new path to controller.
[bt_navigator-11] [WARN] [1789631020.946013488] [BehaviorTreeEngine]: Behavior Tree tick rate 100.00 was exceeded!
[bt_navigator-11] [WARN] [1789631020.955857721] [BehaviorTreeEngine]: Behavior Tree tick rate 100.00 was exceeded!
[bt_navigator-11] [WARN] [1789631021.172554439] [BehaviorTreeEngine]: Behavior Tree tick rate 100.00 was exceeded!
[bt_navigator-11] [WARN] [1789631021.583843783] [BehaviorTreeEngine]: Behavior Tree tick rate 100.00 was exceeded!
[bt_navigator-11] [WARN] [1789631021.743573493] [BehaviorTreeEngine]: Behavior Tree tick rate 100.00 was exceeded!
[bt_navigator-11] [WARN] [1789631021.778606528] [BehaviorTreeEngine]: Behavior Tree tick rate 100.00 was exceeded!
[controller_server-8] [INFO] [1789631021.812204761] [controller_server]: Passing new path to controller.
[bt_navigator-11] [WARN] [1789631021.829338948] [BehaviorTreeEngine]: Behavior Tree tick rate 100.00 was exceeded!
[bt_navigator-11] [WARN] [1789631021.852898348] [BehaviorTreeEngine]: Behavior Tree tick rate 100.00 was exceeded!
[bt_navigator-11] [WARN] [1789631021.870601278] [BehaviorTreeEngine]: Behavior Tree tick rate 100.00 was exceeded!
[bt_navigator-11] [WARN] [1789631021.903043351] [BehaviorTreeEngine]: Behavior Tree tick rate 100.00 was exceeded!
[bt_navigator-11] [WARN] [1789631021.910978338] [BehaviorTreeEngine]: Behavior Tree tick rate 100.00 was exceeded!
[bt_navigator-11] [WARN] [1789631021.921667222] [BehaviorTreeEngine]: Behavior Tree tick rate 100.00 was exceeded!
[bt_navigator-11] [WARN] [1789631021.952014940] [BehaviorTreeEngine]: Behavior Tree tick rate 100.00 was exceeded!
[bt_navigator-11] [WARN] [1789631022.016757378] [BehaviorTreeEngine]: Behavior Tree tick rate 100.00 was exceeded!
[bt_navigator-11] [WARN] [1789631022.214658121] [BehaviorTreeEngine]: Behavior Tree tick rate 100.00 was exceeded!
[swerve_bridge_node-14] [WARN] [1789631022.254006024] [swerve_bridge]: Django websocket disconnected: [Errno 111] Connection refused
[bt_navigator-11] [WARN] [1789631022.621042881] [BehaviorTreeEngine]: Behavior Tree tick rate 100.00 was exceeded!
[bt_navigator-11] [WARN] [1789631022.627380964] [BehaviorTreeEngine]: Behavior Tree tick rate 100.00 was exceeded!
[bt_navigator-11] [WARN] [1789631022.642857724] [BehaviorTreeEngine]: Behavior Tree tick rate 100.00 was exceeded!
[bt_navigator-11] [WARN] [1789631022.667808910] [BehaviorTreeEngine]: Behavior Tree tick rate 100.00 was exceeded!
[bt_navigator-11] [WARN] [1789631022.721633226] [BehaviorTreeEngine]: Behavior Tree tick rate 100.00 was exceeded!
[controller_server-8] [INFO] [1789631022.812276440] [controller_server]: Passing new path to controller.
[bt_navigator-11] [WARN] [1789631023.033247919] [BehaviorTreeEngine]: Behavior Tree tick rate 100.00 was exceeded!
[bt_navigator-11] [WARN] [1789631023.419760616] [BehaviorTreeEngine]: Behavior Tree tick rate 100.00 was exceeded!
[bt_navigator-11] [WARN] [1789631023.427822846] [BehaviorTreeEngine]: Behavior Tree tick rate 100.00 was exceeded!
[bt_navigator-11] [WARN] [1789631023.442829811] [BehaviorTreeEngine]: Behavior Tree tick rate 100.00 was exceeded!
[bt_navigator-11] [WARN] [1789631023.455175021] [BehaviorTreeEngine]: Behavior Tree tick rate 100.00 was exceeded!
[bt_navigator-11] [WARN] [1789631023.809112346] [BehaviorTreeEngine]: Behavior Tree tick rate 100.00 was exceeded!
[controller_server-8] [INFO] [1789631023.911101238] [controller_server]: Passing new path to controller.
[bt_navigator-11] [WARN] [1789631024.159924957] [BehaviorTreeEngine]: Behavior Tree tick rate 100.00 was exceeded!
[swerve_bridge_node-14] [WARN] [1789631024.257478274] [swerve_bridge]: Django websocket disconnected: [Errno 111] Connection refused
[bt_navigator-11] [WARN] [1789631024.421905837] [BehaviorTreeEngine]: Behavior Tree tick rate 100.00 was exceeded!
[bt_navigator-11] [WARN] [1789631024.513658919] [BehaviorTreeEngine]: Behavior Tree tick rate 100.00 was exceeded!
[bt_navigator-11] [WARN] [1789631024.522353260] [BehaviorTreeEngine]: Behavior Tree tick rate 100.00 was exceeded!
[bt_navigator-11] [WARN] [1789631024.810994242] [BehaviorTreeEngine]: Behavior Tree tick rate 100.00 was exceeded!
[bt_navigator-11] [WARN] [1789631024.845619522] [BehaviorTreeEngine]: Behavior Tree tick rate 100.00 was exceeded!
[bt_navigator-11] [WARN] [1789631024.887921915] [BehaviorTreeEngine]: Behavior Tree tick rate 100.00 was exceeded!
[controller_server-8] [INFO] [1789631024.913457551] [controller_server]: Passing new path to controller.
[bt_navigator-11] [WARN] [1789631024.941853997] [BehaviorTreeEngine]: Behavior Tree tick rate 100.00 was exceeded!
[bt_navigator-11] [WARN] [1789631024.960808898] [BehaviorTreeEngine]: Behavior Tree tick rate 100.00 was exceeded!
[bt_navigator-11] [WARN] [1789631025.219433278] [BehaviorTreeEngine]: Behavior Tree tick rate 100.00 was exceeded!
[bt_navigator-11] [WARN] [1789631025.294024893] [BehaviorTreeEngine]: Behavior Tree tick rate 100.00 was exceeded!
[bt_navigator-11] [WARN] [1789631025.375598416] [BehaviorTreeEngine]: Behavior Tree tick rate 100.00 was exceeded!
[bt_navigator-11] [WARN] [1789631025.531346348] [BehaviorTreeEngine]: Behavior Tree tick rate 100.00 was exceeded!
[bt_navigator-11] [WARN] [1789631025.638733454] [BehaviorTreeEngine]: Behavior Tree tick rate 100.00 was exceeded!
[bt_navigator-11] [WARN] [1789631025.644278176] [BehaviorTreeEngine]: Behavior Tree tick rate 100.00 was exceeded!
[bt_navigator-11] [WARN] [1789631025.824166593] [BehaviorTreeEngine]: Behavior Tree tick rate 100.00 was exceeded!
[bt_navigator-11] [WARN] [1789631025.842745459] [BehaviorTreeEngine]: Behavior Tree tick rate 100.00 was exceeded!
[controller_server-8] [INFO] [1789631025.911243857] [controller_server]: Passing new path to controller.
[bt_navigator-11] [WARN] [1789631025.916361969] [BehaviorTreeEngine]: Behavior Tree tick rate 100.00 was exceeded!
[bt_navigator-11] [WARN] [1789631025.936572744] [BehaviorTreeEngine]: Behavior Tree tick rate 100.00 was exceeded!
[bt_navigator-11] [WARN] [1789631026.215637007] [BehaviorTreeEngine]: Behavior Tree tick rate 100.00 was exceeded!
[bt_navigator-11] [WARN] [1789631026.225754302] [BehaviorTreeEngine]: Behavior Tree tick rate 100.00 was exceeded!
[swerve_bridge_node-14] [WARN] [1789631026.265570161] [swerve_bridge]: Django websocket disconnected: [Errno 111] Connection refused
[bt_navigator-11] [WARN] [1789631026.278710875] [BehaviorTreeEngine]: Behavior Tree tick rate 100.00 was exceeded!
[bt_navigator-11] [WARN] [1789631026.285021204] [BehaviorTreeEngine]: Behavior Tree tick rate 100.00 was exceeded!
[bt_navigator-11] [WARN] [1789631026.348853795] [BehaviorTreeEngine]: Behavior Tree tick rate 100.00 was exceeded!
[bt_navigator-11] [WARN] [1789631026.358520763] [BehaviorTreeEngine]: Behavior Tree tick rate 100.00 was exceeded!
[bt_navigator-11] [WARN] [1789631026.439371287] [BehaviorTreeEngine]: Behavior Tree tick rate 100.00 was exceeded!
[bt_navigator-11] [WARN] [1789631026.515115680] [BehaviorTreeEngine]: Behavior Tree tick rate 100.00 was exceeded!
[bt_navigator-11] [WARN] [1789631026.784090700] [BehaviorTreeEngine]: Behavior Tree tick rate 100.00 was exceeded!
[bt_navigator-11] [WARN] [1789631026.817351734] [BehaviorTreeEngine]: Behavior Tree tick rate 100.00 was exceeded!
[bt_navigator-11] [WARN] [1789631026.937764270] [BehaviorTreeEngine]: Behavior Tree tick rate 100.00 was exceeded!
[controller_server-8] [INFO] [1789631027.012474123] [controller_server]: Passing new path to controller.
[bt_navigator-11] [WARN] [1789631027.308346334] [BehaviorTreeEngine]: Behavior Tree tick rate 100.00 was exceeded!
[bt_navigator-11] [WARN] [1789631027.418360096] [BehaviorTreeEngine]: Behavior Tree tick rate 100.00 was exceeded!
[bt_navigator-11] [WARN] [1789631027.541496582] [BehaviorTreeEngine]: Behavior Tree tick rate 100.00 was exceeded!
[bt_navigator-11] [WARN] [1789631027.617779139] [BehaviorTreeEngine]: Behavior Tree tick rate 100.00 was exceeded!
[bt_navigator-11] [WARN] [1789631027.738265037] [BehaviorTreeEngine]: Behavior Tree tick rate 100.00 was exceeded!
[bt_navigator-11] [WARN] [1789631027.816858807] [BehaviorTreeEngine]: Behavior Tree tick rate 100.00 was exceeded!
[bt_navigator-11] [WARN] [1789631027.829677830] [BehaviorTreeEngine]: Behavior Tree tick rate 100.00 was exceeded!
[bt_navigator-11] [WARN] [1789631027.932027790] [BehaviorTreeEngine]: Behavior Tree tick rate 100.00 was exceeded!
[bt_navigator-11] [WARN] [1789631027.940018121] [BehaviorTreeEngine]: Behavior Tree tick rate 100.00 was exceeded!
[bt_navigator-11] [WARN] [1789631027.959688615] [BehaviorTreeEngine]: Behavior Tree tick rate 100.00 was exceeded!
[bt_navigator-11] [WARN] [1789631027.969937172] [BehaviorTreeEngine]: Behavior Tree tick rate 100.00 was exceeded!
[controller_server-8] [INFO] [1789631028.012773267] [controller_server]: Passing new path to controller.
[swerve_bridge_node-14] [WARN] [1789631028.267071241] [swerve_bridge]: Django websocket disconnected: [Errno 111] Connection refused
[bt_navigator-11] [WARN] [1789631028.457805875] [BehaviorTreeEngine]: Behavior Tree tick rate 100.00 was exceeded!
[bt_navigator-11] [WARN] [1789631028.511628724] [BehaviorTreeEngine]: Behavior Tree tick rate 100.00 was exceeded!
[bt_navigator-11] [WARN] [1789631028.519569949] [BehaviorTreeEngine]: Behavior Tree tick rate 100.00 was exceeded!
[bt_navigator-11] [WARN] [1789631028.528564487] [BehaviorTreeEngine]: Behavior Tree tick rate 100.00 was exceeded!
[bt_navigator-11] [WARN] [1789631028.550910814] [BehaviorTreeEngine]: Behavior Tree tick rate 100.00 was exceeded!
[bt_navigator-11] [WARN] [1789631028.600652089] [BehaviorTreeEngine]: Behavior Tree tick rate 100.00 was exceeded!
[bt_navigator-11] [WARN] [1789631028.688506000] [BehaviorTreeEngine]: Behavior Tree tick rate 100.00 was exceeded!
[bt_navigator-11] [WARN] [1789631028.716779230] [BehaviorTreeEngine]: Behavior Tree tick rate 100.00 was exceeded!
[bt_navigator-11] [WARN] [1789631028.731885991] [BehaviorTreeEngine]: Behavior Tree tick rate 100.00 was exceeded!
[controller_server-8] [INFO] [1789631029.011309370] [controller_server]: Passing new path to controller.
[bt_navigator-11] [WARN] [1789631029.273053359] [BehaviorTreeEngine]: Behavior Tree tick rate 100.00 was exceeded!
[bt_navigator-11] [WARN] [1789631029.326277892] [BehaviorTreeEngine]: Behavior Tree tick rate 100.00 was exceeded!
[bt_navigator-11] [WARN] [1789631029.332871500] [BehaviorTreeEngine]: Behavior Tree tick rate 100.00 was exceeded!
[bt_navigator-11] [WARN] [1789631029.822802530] [BehaviorTreeEngine]: Behavior Tree tick rate 100.00 was exceeded!
[bt_navigator-11] [WARN] [1789631029.849783898] [BehaviorTreeEngine]: Behavior Tree tick rate 100.00 was exceeded!
[bt_navigator-11] [WARN] [1789631029.853000186] [BehaviorTreeEngine]: Behavior Tree tick rate 100.00 was exceeded!
[bt_navigator-11] [WARN] [1789631029.873793348] [BehaviorTreeEngine]: Behavior Tree tick rate 100.00 was exceeded!
[bt_navigator-11] [WARN] [1789631030.040100910] [BehaviorTreeEngine]: Behavior Tree tick rate 100.00 was exceeded!
[bt_navigator-11] [WARN] [1789631030.040176350] [bt_navigator_navigate_to_pose_rclcpp_node]: Timed out while waiting for action server to acknowledge goal request for follow_path
[controller_server-8] [INFO] [1789631030.046105912] [local_costmap.local_costmap]: Received request to clear entirely the local_costmap
[controller_server-8] [WARN] [1789631030.068758075] [controller_server]: [follow_path] [ActionServer] Aborting handle.
[bt_navigator-11] [WARN] [1789631030.073602817] [BehaviorTreeEngine]: Behavior Tree tick rate 100.00 was exceeded!
[controller_server-8] [INFO] [1789631030.165356190] [controller_server]: Passing new path to controller.
[bt_navigator-11] [WARN] [1789631030.240163425] [BehaviorTreeEngine]: Behavior Tree tick rate 100.00 was exceeded!
[swerve_bridge_node-14] [WARN] [1789631030.270170185] [swerve_bridge]: Django websocket disconnected: [Errno 111] Connection refused
[bt_navigator-11] [WARN] [1789631030.421367378] [BehaviorTreeEngine]: Behavior Tree tick rate 100.00 was exceeded!
[bt_navigator-11] [WARN] [1789631030.431591560] [BehaviorTreeEngine]: Behavior Tree tick rate 100.00 was exceeded!
[bt_navigator-11] [WARN] [1789631030.440868165] [BehaviorTreeEngine]: Behavior Tree tick rate 100.00 was exceeded!
[bt_navigator-11] [WARN] [1789631030.531536522] [BehaviorTreeEngine]: Behavior Tree tick rate 100.00 was exceeded!
[bt_navigator-11] [WARN] [1789631030.733456717] [BehaviorTreeEngine]: Behavior Tree tick rate 100.00 was exceeded!
[bt_navigator-11] [WARN] [1789631030.740585022] [BehaviorTreeEngine]: Behavior Tree tick rate 100.00 was exceeded!
[bt_navigator-11] [WARN] [1789631030.751667049] [BehaviorTreeEngine]: Behavior Tree tick rate 100.00 was exceeded!
[bt_navigator-11] [WARN] [1789631030.920729610] [BehaviorTreeEngine]: Behavior Tree tick rate 100.00 was exceeded!
[bt_navigator-11] [WARN] [1789631030.981274801] [BehaviorTreeEngine]: Behavior Tree tick rate 100.00 was exceeded!
[bt_navigator-11] [WARN] [1789631030.993277077] [BehaviorTreeEngine]: Behavior Tree tick rate 100.00 was exceeded!
[bt_navigator-11] [WARN] [1789631031.002413993] [BehaviorTreeEngine]: Behavior Tree tick rate 100.00 was exceeded!
[bt_navigator-11] [WARN] [1789631031.030922754] [BehaviorTreeEngine]: Behavior Tree tick rate 100.00 was exceeded!
[bt_navigator-11] [WARN] [1789631031.078162513] [BehaviorTreeEngine]: Behavior Tree tick rate 100.00 was exceeded!
[controller_server-8] [INFO] [1789631031.111992489] [controller_server]: Passing new path to controller.
[bt_navigator-11] [WARN] [1789631031.181460265] [BehaviorTreeEngine]: Behavior Tree tick rate 100.00 was exceeded!
[bt_navigator-11] [WARN] [1789631031.225612143] [BehaviorTreeEngine]: Behavior Tree tick rate 100.00 was exceeded!
[bt_navigator-11] [WARN] [1789631031.453388299] [BehaviorTreeEngine]: Behavior Tree tick rate 100.00 was exceeded!
[bt_navigator-11] [WARN] [1789631031.553024743] [BehaviorTreeEngine]: Behavior Tree tick rate 100.00 was exceeded!
[bt_navigator-11] [WARN] [1789631031.674853684] [BehaviorTreeEngine]: Behavior Tree tick rate 100.00 was exceeded!
[bt_navigator-11] [WARN] [1789631032.083785932] [BehaviorTreeEngine]: Behavior Tree tick rate 100.00 was exceeded!
[controller_server-8] [INFO] [1789631032.111746026] [controller_server]: Passing new path to controller.
[bt_navigator-11] [WARN] [1789631032.147574544] [BehaviorTreeEngine]: Behavior Tree tick rate 100.00 was exceeded!
[bt_navigator-11] [WARN] [1789631032.176935797] [BehaviorTreeEngine]: Behavior Tree tick rate 100.00 was exceeded!
[swerve_bridge_node-14] [WARN] [1789631032.275000082] [swerve_bridge]: Django websocket disconnected: [Errno 111] Connection refused
[bt_navigator-11] [WARN] [1789631032.466213177] [BehaviorTreeEngine]: Behavior Tree tick rate 100.00 was exceeded!
[bt_navigator-11] [WARN] [1789631032.983796792] [BehaviorTreeEngine]: Behavior Tree tick rate 100.00 was exceeded!
[bt_navigator-11] [WARN] [1789631033.030173708] [BehaviorTreeEngine]: Behavior Tree tick rate 100.00 was exceeded!
[bt_navigator-11] [WARN] [1789631033.039041175] [BehaviorTreeEngine]: Behavior Tree tick rate 100.00 was exceeded!
[bt_navigator-11] [WARN] [1789631033.083641226] [BehaviorTreeEngine]: Behavior Tree tick rate 100.00 was exceeded!
[bt_navigator-11] [WARN] [1789631033.137805877] [BehaviorTreeEngine]: Behavior Tree tick rate 100.00 was exceeded!
[controller_server-8] [INFO] [1789631033.211840896] [controller_server]: Passing new path to controller.
[bt_navigator-11] [WARN] [1789631033.219451126] [BehaviorTreeEngine]: Behavior Tree tick rate 100.00 was exceeded!
[bt_navigator-11] [WARN] [1789631033.263270043] [BehaviorTreeEngine]: Behavior Tree tick rate 100.00 was exceeded!
[bt_navigator-11] [WARN] [1789631033.273235645] [BehaviorTreeEngine]: Behavior Tree tick rate 100.00 was exceeded!
[bt_navigator-11] [WARN] [1789631033.535386914] [BehaviorTreeEngine]: Behavior Tree tick rate 100.00 was exceeded!
[bt_navigator-11] [WARN] [1789631033.627874198] [BehaviorTreeEngine]: Behavior Tree tick rate 100.00 was exceeded!
[bt_navigator-11] [WARN] [1789631033.636777061] [BehaviorTreeEngine]: Behavior Tree tick rate 100.00 was exceeded!
[bt_navigator-11] [WARN] [1789631033.817916404] [BehaviorTreeEngine]: Behavior Tree tick rate 100.00 was exceeded!
[bt_navigator-11] [WARN] [1789631033.927234500] [BehaviorTreeEngine]: Behavior Tree tick rate 100.00 was exceeded!
[bt_navigator-11] [WARN] [1789631033.930792934] [BehaviorTreeEngine]: Behavior Tree tick rate 100.00 was exceeded!
[bt_navigator-11] [WARN] [1789631034.129902731] [BehaviorTreeEngine]: Behavior Tree tick rate 100.00 was exceeded!
[bt_navigator-11] [WARN] [1789631034.209445177] [BehaviorTreeEngine]: Behavior Tree tick rate 100.00 was exceeded!
[controller_server-8] [INFO] [1789631034.212387146] [controller_server]: Passing new path to controller.
[bt_navigator-11] [WARN] [1789631034.253053856] [BehaviorTreeEngine]: Behavior Tree tick rate 100.00 was exceeded!
[bt_navigator-11] [WARN] [1789631034.261556816] [BehaviorTreeEngine]: Behavior Tree tick rate 100.00 was exceeded!
[swerve_bridge_node-14] [WARN] [1789631034.281210885] [swerve_bridge]: Django websocket disconnected: [Errno 111] Connection refused
[bt_navigator-11] [WARN] [1789631034.339456740] [BehaviorTreeEngine]: Behavior Tree tick rate 100.00 was exceeded!
[bt_navigator-11] [WARN] [1789631034.385299053] [BehaviorTreeEngine]: Behavior Tree tick rate 100.00 was exceeded!
[bt_navigator-11] [WARN] [1789631034.410093756] [BehaviorTreeEngine]: Behavior Tree tick rate 100.00 was exceeded!
[bt_navigator-11] [WARN] [1789631034.521057202] [BehaviorTreeEngine]: Behavior Tree tick rate 100.00 was exceeded!
[bt_navigator-11] [WARN] [1789631035.189726529] [BehaviorTreeEngine]: Behavior Tree tick rate 100.00 was exceeded!
[controller_server-8] [INFO] [1789631035.215306559] [controller_server]: Passing new path to controller.
[bt_navigator-11] [WARN] [1789631035.541867453] [BehaviorTreeEngine]: Behavior Tree tick rate 100.00 was exceeded!
[bt_navigator-11] [WARN] [1789631035.752303305] [BehaviorTreeEngine]: Behavior Tree tick rate 100.00 was exceeded!
[bt_navigator-11] [WARN] [1789631035.824634021] [BehaviorTreeEngine]: Behavior Tree tick rate 100.00 was exceeded!
[bt_navigator-11] [WARN] [1789631035.905632579] [BehaviorTreeEngine]: Behavior Tree tick rate 100.00 was exceeded!
[bt_navigator-11] [WARN] [1789631036.126033376] [BehaviorTreeEngine]: Behavior Tree tick rate 100.00 was exceeded!
[bt_navigator-11] [WARN] [1789631036.199405789] [BehaviorTreeEngine]: Behavior Tree tick rate 100.00 was exceeded!
[bt_navigator-11] [WARN] [1789631036.209852644] [BehaviorTreeEngine]: Behavior Tree tick rate 100.00 was exceeded!
[controller_server-8] [INFO] [1789631036.213674896] [controller_server]: Passing new path to controller.
[swerve_bridge_node-14] [WARN] [1789631036.282576104] [swerve_bridge]: Django websocket disconnected: [Errno 111] Connection refused
[bt_navigator-11] [WARN] [1789631036.398057118] [BehaviorTreeEngine]: Behavior Tree tick rate 100.00 was exceeded!
[bt_navigator-11] [WARN] [1789631036.505099263] [BehaviorTreeEngine]: Behavior Tree tick rate 100.00 was exceeded!
[bt_navigator-11] [WARN] [1789631036.637475150] [BehaviorTreeEngine]: Behavior Tree tick rate 100.00 was exceeded!
[bt_navigator-11] [WARN] [1789631036.869790199] [BehaviorTreeEngine]: Behavior Tree tick rate 100.00 was exceeded!
[bt_navigator-11] [WARN] [1789631036.875727217] [BehaviorTreeEngine]: Behavior Tree tick rate 100.00 was exceeded!
[bt_navigator-11] [WARN] [1789631036.908236999] [BehaviorTreeEngine]: Behavior Tree tick rate 100.00 was exceeded!
[bt_navigator-11] [WARN] [1789631036.934710913] [BehaviorTreeEngine]: Behavior Tree tick rate 100.00 was exceeded!
[bt_navigator-11] [WARN] [1789631037.235768725] [BehaviorTreeEngine]: Behavior Tree tick rate 100.00 was exceeded!
[bt_navigator-11] [WARN] [1789631037.258663181] [bt_navigator_navigate_to_pose_rclcpp_node]: Timed out while waiting for action server to acknowledge goal request for compute_path_to_pose
[planner_server-9] [INFO] [1789631037.260934527] [global_costmap.global_costmap]: Received request to clear entirely the global_costmap
[bt_navigator-11] [WARN] [1789631037.274140517] [BehaviorTreeEngine]: Behavior Tree tick rate 100.00 was exceeded!
[bt_navigator-11] [WARN] [1789631037.276820178] [BehaviorTreeEngine]: Behavior Tree tick rate 100.00 was exceeded!
[bt_navigator-11] [WARN] [1789631037.348361348] [BehaviorTreeEngine]: Behavior Tree tick rate 100.00 was exceeded!
[bt_navigator-11] [WARN] [1789631037.426150042] [BehaviorTreeEngine]: Behavior Tree tick rate 100.00 was exceeded!
[bt_navigator-11] [WARN] [1789631037.564143051] [BehaviorTreeEngine]: Behavior Tree tick rate 100.00 was exceeded!
[bt_navigator-11] [WARN] [1789631037.574432961] [BehaviorTreeEngine]: Behavior Tree tick rate 100.00 was exceeded!
[bt_navigator-11] [WARN] [1789631037.584592989] [BehaviorTreeEngine]: Behavior Tree tick rate 100.00 was exceeded!
[bt_navigator-11] [WARN] [1789631037.590812641] [BehaviorTreeEngine]: Behavior Tree tick rate 100.00 was exceeded!
[bt_navigator-11] [WARN] [1789631037.726875494] [BehaviorTreeEngine]: Behavior Tree tick rate 100.00 was exceeded!
[bt_navigator-11] [WARN] [1789631037.765718540] [BehaviorTreeEngine]: Behavior Tree tick rate 100.00 was exceeded!
[bt_navigator-11] [WARN] [1789631037.772064116] [BehaviorTreeEngine]: Behavior Tree tick rate 100.00 was exceeded!
[bt_navigator-11] [WARN] [1789631037.786127249] [BehaviorTreeEngine]: Behavior Tree tick rate 100.00 was exceeded!
[bt_navigator-11] [WARN] [1789631037.803041518] [BehaviorTreeEngine]: Behavior Tree tick rate 100.00 was exceeded!
[controller_server-8] [INFO] [1789631037.811825300] [controller_server]: Passing new path to controller.
[bt_navigator-11] [WARN] [1789631037.813141994] [BehaviorTreeEngine]: Behavior Tree tick rate 100.00 was exceeded!
[bt_navigator-11] [WARN] [1789631037.820253009] [BehaviorTreeEngine]: Behavior Tree tick rate 100.00 was exceeded!
[bt_navigator-11] [WARN] [1789631037.839804922] [BehaviorTreeEngine]: Behavior Tree tick rate 100.00 was exceeded!
[bt_navigator-11] [WARN] [1789631037.937214705] [BehaviorTreeEngine]: Behavior Tree tick rate 100.00 was exceeded!
[bt_navigator-11] [WARN] [1789631037.978306320] [BehaviorTreeEngine]: Behavior Tree tick rate 100.00 was exceeded!
[bt_navigator-11] [WARN] [1789631038.255842089] [BehaviorTreeEngine]: Behavior Tree tick rate 100.00 was exceeded!
[swerve_bridge_node-14] [WARN] [1789631038.286472284] [swerve_bridge]: Django websocket disconnected: [Errno 111] Connection refused
[bt_navigator-11] [WARN] [1789631038.466858702] [BehaviorTreeEngine]: Behavior Tree tick rate 100.00 was exceeded!
[bt_navigator-11] [WARN] [1789631038.488303354] [BehaviorTreeEngine]: Behavior Tree tick rate 100.00 was exceeded!
[bt_navigator-11] [WARN] [1789631038.526505276] [BehaviorTreeEngine]: Behavior Tree tick rate 100.00 was exceeded!
[bt_navigator-11] [WARN] [1789631038.626714855] [BehaviorTreeEngine]: Behavior Tree tick rate 100.00 was exceeded!
[bt_navigator-11] [WARN] [1789631038.660889752] [BehaviorTreeEngine]: Behavior Tree tick rate 100.00 was exceeded!
[bt_navigator-11] [WARN] [1789631038.746608159] [BehaviorTreeEngine]: Behavior Tree tick rate 100.00 was exceeded!
[bt_navigator-11] [WARN] [1789631038.767473641] [BehaviorTreeEngine]: Behavior Tree tick rate 100.00 was exceeded!
[bt_navigator-11] [WARN] [1789631038.839947650] [BehaviorTreeEngine]: Behavior Tree tick rate 100.00 was exceeded!
[bt_navigator-11] [WARN] [1789631038.857214801] [BehaviorTreeEngine]: Behavior Tree tick rate 100.00 was exceeded!
[controller_server-8] [INFO] [1789631038.912209935] [controller_server]: Passing new path to controller.
[bt_navigator-11] [WARN] [1789631038.928767925] [BehaviorTreeEngine]: Behavior Tree tick rate 100.00 was exceeded!
[bt_navigator-11] [WARN] [1789631039.037703215] [BehaviorTreeEngine]: Behavior Tree tick rate 100.00 was exceeded!
[bt_navigator-11] [WARN] [1789631039.327798125] [BehaviorTreeEngine]: Behavior Tree tick rate 100.00 was exceeded!
[bt_navigator-11] [WARN] [1789631039.335849841] [BehaviorTreeEngine]: Behavior Tree tick rate 100.00 was exceeded!
[bt_navigator-11] [WARN] [1789631039.418349724] [BehaviorTreeEngine]: Behavior Tree tick rate 100.00 was exceeded!
[bt_navigator-11] [WARN] [1789631039.476735067] [BehaviorTreeEngine]: Behavior Tree tick rate 100.00 was exceeded!
[bt_navigator-11] [WARN] [1789631039.562113655] [BehaviorTreeEngine]: Behavior Tree tick rate 100.00 was exceeded!
[bt_navigator-11] [WARN] [1789631039.574365920] [BehaviorTreeEngine]: Behavior Tree tick rate 100.00 was exceeded!
[bt_navigator-11] [WARN] [1789631039.636867172] [BehaviorTreeEngine]: Behavior Tree tick rate 100.00 was exceeded!
[bt_navigator-11] [WARN] [1789631039.651357864] [BehaviorTreeEngine]: Behavior Tree tick rate 100.00 was exceeded!
[bt_navigator-11] [WARN] [1789631039.658886314] [BehaviorTreeEngine]: Behavior Tree tick rate 100.00 was exceeded!
[bt_navigator-11] [WARN] [1789631039.734076415] [BehaviorTreeEngine]: Behavior Tree tick rate 100.00 was exceeded!
[bt_navigator-11] [WARN] [1789631039.745568330] [BehaviorTreeEngine]: Behavior Tree tick rate 100.00 was exceeded!
[bt_navigator-11] [WARN] [1789631039.745890346] [BehaviorTreeEngine]: Behavior Tree tick rate 100.00 was exceeded!
[bt_navigator-11] [WARN] [1789631039.779941141] [BehaviorTreeEngine]: Behavior Tree tick rate 100.00 was exceeded!
[bt_navigator-11] [WARN] [1789631039.798784922] [BehaviorTreeEngine]: Behavior Tree tick rate 100.00 was exceeded!
[bt_navigator-11] [WARN] [1789631039.826464842] [BehaviorTreeEngine]: Behavior Tree tick rate 100.00 was exceeded!
[bt_navigator-11] [WARN] [1789631039.880815157] [BehaviorTreeEngine]: Behavior Tree tick rate 100.00 was exceeded!
[controller_server-8] [INFO] [1789631039.911065534] [controller_server]: Passing new path to controller.
[bt_navigator-11] [WARN] [1789631039.948698083] [BehaviorTreeEngine]: Behavior Tree tick rate 100.00 was exceeded!
[bt_navigator-11] [WARN] [1789631040.028959023] [BehaviorTreeEngine]: Behavior Tree tick rate 100.00 was exceeded!
[bt_navigator-11] [WARN] [1789631040.050973080] [BehaviorTreeEngine]: Behavior Tree tick rate 100.00 was exceeded!
[bt_navigator-11] [WARN] [1789631040.080852593] [BehaviorTreeEngine]: Behavior Tree tick rate 100.00 was exceeded!
[bt_navigator-11] [WARN] [1789631040.121411736] [BehaviorTreeEngine]: Behavior Tree tick rate 100.00 was exceeded!
[bt_navigator-11] [WARN] [1789631040.148176428] [BehaviorTreeEngine]: Behavior Tree tick rate 100.00 was exceeded!
[bt_navigator-11] [WARN] [1789631040.151734433] [BehaviorTreeEngine]: Behavior Tree tick rate 100.00 was exceeded!
[bt_navigator-11] [WARN] [1789631040.230411470] [BehaviorTreeEngine]: Behavior Tree tick rate 100.00 was exceeded!
[swerve_bridge_node-14] [WARN] [1789631040.293254219] [swerve_bridge]: Django websocket disconnected: [Errno 111] Connection refused
[bt_navigator-11] [WARN] [1789631040.299401086] [BehaviorTreeEngine]: Behavior Tree tick rate 100.00 was exceeded!
[bt_navigator-11] [WARN] [1789631040.499756803] [BehaviorTreeEngine]: Behavior Tree tick rate 100.00 was exceeded!
[bt_navigator-11] [WARN] [1789631040.664535664] [BehaviorTreeEngine]: Behavior Tree tick rate 100.00 was exceeded!
[bt_navigator-11] [WARN] [1789631040.881598590] [BehaviorTreeEngine]: Behavior Tree tick rate 100.00 was exceeded!
[controller_server-8] [INFO] [1789631040.912822280] [controller_server]: Passing new path to controller.
[bt_navigator-11] [WARN] [1789631040.944155576] [BehaviorTreeEngine]: Behavior Tree tick rate 100.00 was exceeded!
[bt_navigator-11] [WARN] [1789631041.235610746] [BehaviorTreeEngine]: Behavior Tree tick rate 100.00 was exceeded!
[bt_navigator-11] [WARN] [1789631041.268374577] [BehaviorTreeEngine]: Behavior Tree tick rate 100.00 was exceeded!
[bt_navigator-11] [WARN] [1789631041.325889851] [BehaviorTreeEngine]: Behavior Tree tick rate 100.00 was exceeded!
[bt_navigator-11] [WARN] [1789631041.337327840] [BehaviorTreeEngine]: Behavior Tree tick rate 100.00 was exceeded!
[bt_navigator-11] [WARN] [1789631041.525701628] [BehaviorTreeEngine]: Behavior Tree tick rate 100.00 was exceeded!
[bt_navigator-11] [WARN] [1789631041.747117153] [BehaviorTreeEngine]: Behavior Tree tick rate 100.00 was exceeded!
[bt_navigator-11] [WARN] [1789631041.786485483] [BehaviorTreeEngine]: Behavior Tree tick rate 100.00 was exceeded!
[bt_navigator-11] [WARN] [1789631041.840386510] [BehaviorTreeEngine]: Behavior Tree tick rate 100.00 was exceeded!
[bt_navigator-11] [WARN] [1789631041.932955075] [BehaviorTreeEngine]: Behavior Tree tick rate 100.00 was exceeded!
[controller_server-8] [INFO] [1789631042.011013951] [controller_server]: Passing new path to controller.
[bt_navigator-11] [WARN] [1789631042.150319265] [BehaviorTreeEngine]: Behavior Tree tick rate 100.00 was exceeded!
[bt_navigator-11] [WARN] [1789631042.191024805] [BehaviorTreeEngine]: Behavior Tree tick rate 100.00 was exceeded!
[bt_navigator-11] [WARN] [1789631042.216589552] [BehaviorTreeEngine]: Behavior Tree tick rate 100.00 was exceeded!
[bt_navigator-11] [WARN] [1789631042.253032346] [BehaviorTreeEngine]: Behavior Tree tick rate 100.00 was exceeded!
[swerve_bridge_node-14] [WARN] [1789631042.297090016] [swerve_bridge]: Django websocket disconnected: [Errno 111] Connection refused
[bt_navigator-11] [WARN] [1789631042.313840623] [BehaviorTreeEngine]: Behavior Tree tick rate 100.00 was exceeded!
[bt_navigator-11] [WARN] [1789631042.337708468] [BehaviorTreeEngine]: Behavior Tree tick rate 100.00 was exceeded!
[bt_navigator-11] [WARN] [1789631042.386381273] [BehaviorTreeEngine]: Behavior Tree tick rate 100.00 was exceeded!
[bt_navigator-11] [WARN] [1789631042.405786819] [BehaviorTreeEngine]: Behavior Tree tick rate 100.00 was exceeded!
[bt_navigator-11] [WARN] [1789631042.446378951] [BehaviorTreeEngine]: Behavior Tree tick rate 100.00 was exceeded!
[bt_navigator-11] [WARN] [1789631042.476304198] [BehaviorTreeEngine]: Behavior Tree tick rate 100.00 was exceeded!
[bt_navigator-11] [WARN] [1789631042.530239121] [BehaviorTreeEngine]: Behavior Tree tick rate 100.00 was exceeded!
[bt_navigator-11] [WARN] [1789631042.615982982] [BehaviorTreeEngine]: Behavior Tree tick rate 100.00 was exceeded!
[bt_navigator-11] [WARN] [1789631042.646860382] [BehaviorTreeEngine]: Behavior Tree tick rate 100.00 was exceeded!
[bt_navigator-11] [WARN] [1789631042.876310227] [BehaviorTreeEngine]: Behavior Tree tick rate 100.00 was exceeded!
[bt_navigator-11] [WARN] [1789631042.932086576] [BehaviorTreeEngine]: Behavior Tree tick rate 100.00 was exceeded!
[controller_server-8] [INFO] [1789631043.011211533] [controller_server]: Passing new path to controller.
[bt_navigator-11] [WARN] [1789631043.021864480] [BehaviorTreeEngine]: Behavior Tree tick rate 100.00 was exceeded!
[bt_navigator-11] [WARN] [1789631043.156311689] [BehaviorTreeEngine]: Behavior Tree tick rate 100.00 was exceeded!
[bt_navigator-11] [WARN] [1789631043.256805008] [BehaviorTreeEngine]: Behavior Tree tick rate 100.00 was exceeded!
[bt_navigator-11] [WARN] [1789631043.299064677] [BehaviorTreeEngine]: Behavior Tree tick rate 100.00 was exceeded!
[bt_navigator-11] [WARN] [1789631043.330296880] [BehaviorTreeEngine]: Behavior Tree tick rate 100.00 was exceeded!
[bt_navigator-11] [WARN] [1789631043.357984206] [BehaviorTreeEngine]: Behavior Tree tick rate 100.00 was exceeded!
[bt_navigator-11] [WARN] [1789631043.407945565] [BehaviorTreeEngine]: Behavior Tree tick rate 100.00 was exceeded!
[bt_navigator-11] [WARN] [1789631043.416991016] [BehaviorTreeEngine]: Behavior Tree tick rate 100.00 was exceeded!
[bt_navigator-11] [WARN] [1789631043.481461125] [BehaviorTreeEngine]: Behavior Tree tick rate 100.00 was exceeded!
[bt_navigator-11] [WARN] [1789631043.497528698] [BehaviorTreeEngine]: Behavior Tree tick rate 100.00 was exceeded!
[bt_navigator-11] [WARN] [1789631043.539528312] [BehaviorTreeEngine]: Behavior Tree tick rate 100.00 was exceeded!
[bt_navigator-11] [WARN] [1789631043.552619132] [BehaviorTreeEngine]: Behavior Tree tick rate 100.00 was exceeded!
[bt_navigator-11] [WARN] [1789631043.573525270] [BehaviorTreeEngine]: Behavior Tree tick rate 100.00 was exceeded!
[bt_navigator-11] [WARN] [1789631043.584096062] [BehaviorTreeEngine]: Behavior Tree tick rate 100.00 was exceeded!
[bt_navigator-11] [WARN] [1789631043.602519457] [BehaviorTreeEngine]: Behavior Tree tick rate 100.00 was exceeded!
[bt_navigator-11] [WARN] [1789631043.732629814] [BehaviorTreeEngine]: Behavior Tree tick rate 100.00 was exceeded!
[bt_navigator-11] [WARN] [1789631043.773511531] [BehaviorTreeEngine]: Behavior Tree tick rate 100.00 was exceeded!
[bt_navigator-11] [WARN] [1789631043.814503051] [BehaviorTreeEngine]: Behavior Tree tick rate 100.00 was exceeded!
[bt_navigator-11] [WARN] [1789631043.934189413] [BehaviorTreeEngine]: Behavior Tree tick rate 100.00 was exceeded!
[bt_navigator-11] [WARN] [1789631043.945031851] [BehaviorTreeEngine]: Behavior Tree tick rate 100.00 was exceeded!
[bt_navigator-11] [WARN] [1789631043.962465862] [BehaviorTreeEngine]: Behavior Tree tick rate 100.00 was exceeded!
[bt_navigator-11] [WARN] [1789631043.970630345] [BehaviorTreeEngine]: Behavior Tree tick rate 100.00 was exceeded!
[bt_navigator-11] [WARN] [1789631043.974860594] [BehaviorTreeEngine]: Behavior Tree tick rate 100.00 was exceeded!
[controller_server-8] [INFO] [1789631044.012693001] [controller_server]: Passing new path to controller.
[bt_navigator-11] [WARN] [1789631044.021378701] [BehaviorTreeEngine]: Behavior Tree tick rate 100.00 was exceeded!
[bt_navigator-11] [WARN] [1789631044.024147580] [BehaviorTreeEngine]: Behavior Tree tick rate 100.00 was exceeded!
[swerve_bridge_node-14] [WARN] [1789631044.298615729] [swerve_bridge]: Django websocket disconnected: [Errno 111] Connection refused
[bt_navigator-11] [WARN] [1789631044.646687158] [BehaviorTreeEngine]: Behavior Tree tick rate 100.00 was exceeded!
[bt_navigator-11] [WARN] [1789631044.678838794] [BehaviorTreeEngine]: Behavior Tree tick rate 100.00 was exceeded!
[bt_navigator-11] [WARN] [1789631044.696141489] [BehaviorTreeEngine]: Behavior Tree tick rate 100.00 was exceeded!
[bt_navigator-11] [WARN] [1789631044.766604217] [BehaviorTreeEngine]: Behavior Tree tick rate 100.00 was exceeded!
[controller_server-8] [INFO] [1789631045.015940452] [controller_server]: Passing new path to controller.
[bt_navigator-11] [WARN] [1789631045.274348008] [BehaviorTreeEngine]: Behavior Tree tick rate 100.00 was exceeded!
[bt_navigator-11] [WARN] [1789631045.426149537] [BehaviorTreeEngine]: Behavior Tree tick rate 100.00 was exceeded!
[bt_navigator-11] [WARN] [1789631045.469003481] [BehaviorTreeEngine]: Behavior Tree tick rate 100.00 was exceeded!
[bt_navigator-11] [WARN] [1789631045.627385188] [BehaviorTreeEngine]: Behavior Tree tick rate 100.00 was exceeded!
[bt_navigator-11] [WARN] [1789631045.719255303] [BehaviorTreeEngine]: Behavior Tree tick rate 100.00 was exceeded!
[bt_navigator-11] [WARN] [1789631045.726570751] [BehaviorTreeEngine]: Behavior Tree tick rate 100.00 was exceeded!
[bt_navigator-11] [WARN] [1789631045.746473666] [BehaviorTreeEngine]: Behavior Tree tick rate 100.00 was exceeded!
[bt_navigator-11] [WARN] [1789631045.767840933] [BehaviorTreeEngine]: Behavior Tree tick rate 100.00 was exceeded!
[bt_navigator-11] [WARN] [1789631045.821241805] [BehaviorTreeEngine]: Behavior Tree tick rate 100.00 was exceeded!
[bt_navigator-11] [WARN] [1789631045.836721051] [BehaviorTreeEngine]: Behavior Tree tick rate 100.00 was exceeded!
[bt_navigator-11] [WARN] [1789631045.868194665] [BehaviorTreeEngine]: Behavior Tree tick rate 100.00 was exceeded!
[bt_navigator-11] [WARN] [1789631045.936898163] [BehaviorTreeEngine]: Behavior Tree tick rate 100.00 was exceeded!
[bt_navigator-11] [WARN] [1789631046.005826748] [BehaviorTreeEngine]: Behavior Tree tick rate 100.00 was exceeded!
[controller_server-8] [INFO] [1789631046.111617100] [controller_server]: Passing new path to controller.
[bt_navigator-11] [WARN] [1789631046.208066794] [BehaviorTreeEngine]: Behavior Tree tick rate 100.00 was exceeded!
[bt_navigator-11] [WARN] [1789631046.258827069] [BehaviorTreeEngine]: Behavior Tree tick rate 100.00 was exceeded!
[swerve_bridge_node-14] [WARN] [1789631046.301710284] [swerve_bridge]: Django websocket disconnected: [Errno 111] Connection refused
[bt_navigator-11] [WARN] [1789631046.341469907] [BehaviorTreeEngine]: Behavior Tree tick rate 100.00 was exceeded!
[bt_navigator-11] [WARN] [1789631046.635616354] [BehaviorTreeEngine]: Behavior Tree tick rate 100.00 was exceeded!
[bt_navigator-11] [WARN] [1789631046.646561621] [BehaviorTreeEngine]: Behavior Tree tick rate 100.00 was exceeded!
[bt_navigator-11] [WARN] [1789631046.761639580] [BehaviorTreeEngine]: Behavior Tree tick rate 100.00 was exceeded!
[bt_navigator-11] [WARN] [1789631046.810867920] [BehaviorTreeEngine]: Behavior Tree tick rate 100.00 was exceeded!
[bt_navigator-11] [WARN] [1789631046.874196184] [BehaviorTreeEngine]: Behavior Tree tick rate 100.00 was exceeded!
[bt_navigator-11] [WARN] [1789631046.880349920] [BehaviorTreeEngine]: Behavior Tree tick rate 100.00 was exceeded!
[bt_navigator-11] [WARN] [1789631046.919823098] [BehaviorTreeEngine]: Behavior Tree tick rate 100.00 was exceeded!
[bt_navigator-11] [WARN] [1789631046.938617126] [BehaviorTreeEngine]: Behavior Tree tick rate 100.00 was exceeded!
[bt_navigator-11] [WARN] [1789631046.957441046] [BehaviorTreeEngine]: Behavior Tree tick rate 100.00 was exceeded!
[bt_navigator-11] [WARN] [1789631047.027741081] [BehaviorTreeEngine]: Behavior Tree tick rate 100.00 was exceeded!
[bt_navigator-11] [WARN] [1789631047.051218311] [BehaviorTreeEngine]: Behavior Tree tick rate 100.00 was exceeded!
[controller_server-8] [INFO] [1789631047.112428932] [controller_server]: Passing new path to controller.
[bt_navigator-11] [WARN] [1789631047.640383904] [BehaviorTreeEngine]: Behavior Tree tick rate 100.00 was exceeded!
[bt_navigator-11] [WARN] [1789631047.660550703] [BehaviorTreeEngine]: Behavior Tree tick rate 100.00 was exceeded!
[bt_navigator-11] [WARN] [1789631047.731063646] [BehaviorTreeEngine]: Behavior Tree tick rate 100.00 was exceeded!
[bt_navigator-11] [WARN] [1789631047.743049726] [BehaviorTreeEngine]: Behavior Tree tick rate 100.00 was exceeded!
[bt_navigator-11] [WARN] [1789631047.752915436] [BehaviorTreeEngine]: Behavior Tree tick rate 100.00 was exceeded!
[bt_navigator-11] [WARN] [1789631047.923039020] [BehaviorTreeEngine]: Behavior Tree tick rate 100.00 was exceeded!
[bt_navigator-11] [WARN] [1789631047.974269211] [BehaviorTreeEngine]: Behavior Tree tick rate 100.00 was exceeded!
[bt_navigator-11] [WARN] [1789631048.092130511] [BehaviorTreeEngine]: Behavior Tree tick rate 100.00 was exceeded!
[bt_navigator-11] [WARN] [1789631048.132053191] [BehaviorTreeEngine]: Behavior Tree tick rate 100.00 was exceeded!
[controller_server-8] [INFO] [1789631048.210866460] [controller_server]: Passing new path to controller.
[swerve_bridge_node-14] [WARN] [1789631048.306895234] [swerve_bridge]: Django websocket disconnected: [Errno 111] Connection refused
[bt_navigator-11] [WARN] [1789631048.352500214] [BehaviorTreeEngine]: Behavior Tree tick rate 100.00 was exceeded!
[bt_navigator-11] [WARN] [1789631048.426679179] [BehaviorTreeEngine]: Behavior Tree tick rate 100.00 was exceeded!
[bt_navigator-11] [WARN] [1789631048.445909459] [BehaviorTreeEngine]: Behavior Tree tick rate 100.00 was exceeded!
[bt_navigator-11] [WARN] [1789631048.634512462] [BehaviorTreeEngine]: Behavior Tree tick rate 100.00 was exceeded!
[bt_navigator-11] [WARN] [1789631048.644104126] [BehaviorTreeEngine]: Behavior Tree tick rate 100.00 was exceeded!
[bt_navigator-11] [WARN] [1789631048.647229734] [BehaviorTreeEngine]: Behavior Tree tick rate 100.00 was exceeded!
[bt_navigator-11] [WARN] [1789631048.753535179] [BehaviorTreeEngine]: Behavior Tree tick rate 100.00 was exceeded!
[bt_navigator-11] [WARN] [1789631048.849998587] [BehaviorTreeEngine]: Behavior Tree tick rate 100.00 was exceeded!
[bt_navigator-11] [WARN] [1789631048.918974179] [BehaviorTreeEngine]: Behavior Tree tick rate 100.00 was exceeded!
[bt_navigator-11] [WARN] [1789631048.931562650] [BehaviorTreeEngine]: Behavior Tree tick rate 100.00 was exceeded!
[bt_navigator-11] [WARN] [1789631048.939277602] [BehaviorTreeEngine]: Behavior Tree tick rate 100.00 was exceeded!
[bt_navigator-11] [WARN] [1789631048.965924717] [BehaviorTreeEngine]: Behavior Tree tick rate 100.00 was exceeded!
[bt_navigator-11] [WARN] [1789631049.016897151] [BehaviorTreeEngine]: Behavior Tree tick rate 100.00 was exceeded!
[bt_navigator-11] [WARN] [1789631049.038006077] [BehaviorTreeEngine]: Behavior Tree tick rate 100.00 was exceeded!
[bt_navigator-11] [WARN] [1789631049.070337775] [BehaviorTreeEngine]: Behavior Tree tick rate 100.00 was exceeded!
[bt_navigator-11] [WARN] [1789631049.077440313] [BehaviorTreeEngine]: Behavior Tree tick rate 100.00 was exceeded!
[bt_navigator-11] [WARN] [1789631049.100248207] [BehaviorTreeEngine]: Behavior Tree tick rate 100.00 was exceeded!
[bt_navigator-11] [WARN] [1789631049.128484062] [BehaviorTreeEngine]: Behavior Tree tick rate 100.00 was exceeded!
[bt_navigator-11] [WARN] [1789631049.148370840] [BehaviorTreeEngine]: Behavior Tree tick rate 100.00 was exceeded!
[controller_server-8] [INFO] [1789631049.217856698] [controller_server]: Passing new path to controller.
[bt_navigator-11] [WARN] [1789631049.221378256] [BehaviorTreeEngine]: Behavior Tree tick rate 100.00 was exceeded!
[bt_navigator-11] [WARN] [1789631049.239632799] [BehaviorTreeEngine]: Behavior Tree tick rate 100.00 was exceeded!
[bt_navigator-11] [WARN] [1789631049.282347338] [BehaviorTreeEngine]: Behavior Tree tick rate 100.00 was exceeded!
[bt_navigator-11] [WARN] [1789631049.557797143] [BehaviorTreeEngine]: Behavior Tree tick rate 100.00 was exceeded!
[bt_navigator-11] [WARN] [1789631049.645335822] [BehaviorTreeEngine]: Behavior Tree tick rate 100.00 was exceeded!
[bt_navigator-11] [WARN] [1789631049.675496117] [BehaviorTreeEngine]: Behavior Tree tick rate 100.00 was exceeded!
[bt_navigator-11] [WARN] [1789631049.835522837] [BehaviorTreeEngine]: Behavior Tree tick rate 100.00 was exceeded!
[bt_navigator-11] [WARN] [1789631049.843326401] [BehaviorTreeEngine]: Behavior Tree tick rate 100.00 was exceeded!
[bt_navigator-11] [WARN] [1789631049.863134663] [BehaviorTreeEngine]: Behavior Tree tick rate 100.00 was exceeded!
[bt_navigator-11] [WARN] [1789631050.074210802] [BehaviorTreeEngine]: Behavior Tree tick rate 100.00 was exceeded!
[controller_server-8] [INFO] [1789631050.212816722] [controller_server]: Passing new path to controller.
[swerve_bridge_node-14] [WARN] [1789631050.335829351] [swerve_bridge]: Django websocket disconnected: [Errno 111] Connection refused
[bt_navigator-11] [WARN] [1789631050.339929813] [BehaviorTreeEngine]: Behavior Tree tick rate 100.00 was exceeded!
[bt_navigator-11] [WARN] [1789631050.382083893] [BehaviorTreeEngine]: Behavior Tree tick rate 100.00 was exceeded!
[bt_navigator-11] [WARN] [1789631050.630093576] [BehaviorTreeEngine]: Behavior Tree tick rate 100.00 was exceeded!
[bt_navigator-11] [WARN] [1789631050.680317818] [BehaviorTreeEngine]: Behavior Tree tick rate 100.00 was exceeded!
[bt_navigator-11] [WARN] [1789631050.768938384] [BehaviorTreeEngine]: Behavior Tree tick rate 100.00 was exceeded!
[bt_navigator-11] [WARN] [1789631050.830120439] [BehaviorTreeEngine]: Behavior Tree tick rate 100.00 was exceeded!
[bt_navigator-11] [WARN] [1789631050.921200896] [BehaviorTreeEngine]: Behavior Tree tick rate 100.00 was exceeded!
[bt_navigator-11] [WARN] [1789631051.222626706] [BehaviorTreeEngine]: Behavior Tree tick rate 100.00 was exceeded!
[controller_server-8] [INFO] [1789631051.310870264] [controller_server]: Passing new path to controller.
[bt_navigator-11] [WARN] [1789631051.420975829] [BehaviorTreeEngine]: Behavior Tree tick rate 100.00 was exceeded!
[bt_navigator-11] [WARN] [1789631051.520864067] [BehaviorTreeEngine]: Behavior Tree tick rate 100.00 was exceeded!
[bt_navigator-11] [WARN] [1789631051.552170870] [BehaviorTreeEngine]: Behavior Tree tick rate 100.00 was exceeded!
[bt_navigator-11] [WARN] [1789631051.933053397] [BehaviorTreeEngine]: Behavior Tree tick rate 100.00 was exceeded!
[bt_navigator-11] [WARN] [1789631052.112995037] [BehaviorTreeEngine]: Behavior Tree tick rate 100.00 was exceeded!
[bt_navigator-11] [WARN] [1789631052.132803613] [BehaviorTreeEngine]: Behavior Tree tick rate 100.00 was exceeded!
[bt_navigator-11] [WARN] [1789631052.239872359] [BehaviorTreeEngine]: Behavior Tree tick rate 100.00 was exceeded!
[controller_server-8] [INFO] [1789631052.311008498] [controller_server]: Passing new path to controller.
[bt_navigator-11] [WARN] [1789631052.322352238] [BehaviorTreeEngine]: Behavior Tree tick rate 100.00 was exceeded!
[swerve_bridge_node-14] [WARN] [1789631052.342602430] [swerve_bridge]: Django websocket disconnected: [Errno 111] Connection refused
[bt_navigator-11] [WARN] [1789631052.396205720] [BehaviorTreeEngine]: Behavior Tree tick rate 100.00 was exceeded!
[bt_navigator-11] [WARN] [1789631052.411105093] [BehaviorTreeEngine]: Behavior Tree tick rate 100.00 was exceeded!
[bt_navigator-11] [WARN] [1789631052.420238790] [BehaviorTreeEngine]: Behavior Tree tick rate 100.00 was exceeded!
[bt_navigator-11] [WARN] [1789631052.530534089] [BehaviorTreeEngine]: Behavior Tree tick rate 100.00 was exceeded!
[bt_navigator-11] [WARN] [1789631052.552459407] [BehaviorTreeEngine]: Behavior Tree tick rate 100.00 was exceeded!
[bt_navigator-11] [WARN] [1789631052.571682532] [BehaviorTreeEngine]: Behavior Tree tick rate 100.00 was exceeded!
[bt_navigator-11] [WARN] [1789631052.636676202] [BehaviorTreeEngine]: Behavior Tree tick rate 100.00 was exceeded!
[bt_navigator-11] [WARN] [1789631052.714159653] [BehaviorTreeEngine]: Behavior Tree tick rate 100.00 was exceeded!
[bt_navigator-11] [WARN] [1789631052.759718012] [BehaviorTreeEngine]: Behavior Tree tick rate 100.00 was exceeded!
[bt_navigator-11] [WARN] [1789631052.771952897] [BehaviorTreeEngine]: Behavior Tree tick rate 100.00 was exceeded!
[bt_navigator-11] [WARN] [1789631052.800049923] [BehaviorTreeEngine]: Behavior Tree tick rate 100.00 was exceeded!
[bt_navigator-11] [WARN] [1789631052.921528006] [BehaviorTreeEngine]: Behavior Tree tick rate 100.00 was exceeded!
[bt_navigator-11] [WARN] [1789631052.927222857] [BehaviorTreeEngine]: Behavior Tree tick rate 100.00 was exceeded!
[bt_navigator-11] [WARN] [1789631053.065549914] [BehaviorTreeEngine]: Behavior Tree tick rate 100.00 was exceeded!
[bt_navigator-11] [WARN] [1789631053.074782274] [BehaviorTreeEngine]: Behavior Tree tick rate 100.00 was exceeded!
[bt_navigator-11] [WARN] [1789631053.135964635] [BehaviorTreeEngine]: Behavior Tree tick rate 100.00 was exceeded!
[bt_navigator-11] [WARN] [1789631053.154816977] [BehaviorTreeEngine]: Behavior Tree tick rate 100.00 was exceeded!
[bt_navigator-11] [WARN] [1789631053.235974985] [BehaviorTreeEngine]: Behavior Tree tick rate 100.00 was exceeded!
[bt_navigator-11] [WARN] [1789631053.264201757] [BehaviorTreeEngine]: Behavior Tree tick rate 100.00 was exceeded!
[controller_server-8] [INFO] [1789631053.311050732] [controller_server]: Passing new path to controller.
[bt_navigator-11] [WARN] [1789631053.674235570] [BehaviorTreeEngine]: Behavior Tree tick rate 100.00 was exceeded!
[bt_navigator-11] [WARN] [1789631053.765894746] [BehaviorTreeEngine]: Behavior Tree tick rate 100.00 was exceeded!
[bt_navigator-11] [WARN] [1789631053.784572409] [BehaviorTreeEngine]: Behavior Tree tick rate 100.00 was exceeded!
[bt_navigator-11] [WARN] [1789631053.808942969] [BehaviorTreeEngine]: Behavior Tree tick rate 100.00 was exceeded!
[bt_navigator-11] [WARN] [1789631053.828789423] [BehaviorTreeEngine]: Behavior Tree tick rate 100.00 was exceeded!
[bt_navigator-11] [WARN] [1789631053.871920450] [BehaviorTreeEngine]: Behavior Tree tick rate 100.00 was exceeded!
[bt_navigator-11] [WARN] [1789631054.219042307] [BehaviorTreeEngine]: Behavior Tree tick rate 100.00 was exceeded!
[controller_server-8] [INFO] [1789631054.310955468] [controller_server]: Passing new path to controller.
[swerve_bridge_node-14] [WARN] [1789631054.343809278] [swerve_bridge]: Django websocket disconnected: [Errno 111] Connection refused
[bt_navigator-11] [WARN] [1789631054.424980716] [BehaviorTreeEngine]: Behavior Tree tick rate 100.00 was exceeded!
[bt_navigator-11] [WARN] [1789631054.551767406] [BehaviorTreeEngine]: Behavior Tree tick rate 100.00 was exceeded!
[bt_navigator-11] [WARN] [1789631054.559147594] [BehaviorTreeEngine]: Behavior Tree tick rate 100.00 was exceeded!
[bt_navigator-11] [WARN] [1789631054.741194280] [BehaviorTreeEngine]: Behavior Tree tick rate 100.00 was exceeded!
[bt_navigator-11] [WARN] [1789631054.750217103] [BehaviorTreeEngine]: Behavior Tree tick rate 100.00 was exceeded!
[bt_navigator-11] [WARN] [1789631054.780002505] [BehaviorTreeEngine]: Behavior Tree tick rate 100.00 was exceeded!
[bt_navigator-11] [WARN] [1789631054.923734051] [BehaviorTreeEngine]: Behavior Tree tick rate 100.00 was exceeded!
[bt_navigator-11] [WARN] [1789631054.930557847] [BehaviorTreeEngine]: Behavior Tree tick rate 100.00 was exceeded!
[bt_navigator-11] [WARN] [1789631054.953622285] [BehaviorTreeEngine]: Behavior Tree tick rate 100.00 was exceeded!
[bt_navigator-11] [WARN] [1789631054.960140957] [BehaviorTreeEngine]: Behavior Tree tick rate 100.00 was exceeded!
[bt_navigator-11] [WARN] [1789631054.993697194] [BehaviorTreeEngine]: Behavior Tree tick rate 100.00 was exceeded!
[bt_navigator-11] [WARN] [1789631055.131217804] [BehaviorTreeEngine]: Behavior Tree tick rate 100.00 was exceeded!
[bt_navigator-11] [WARN] [1789631055.146176513] [BehaviorTreeEngine]: Behavior Tree tick rate 100.00 was exceeded!
[bt_navigator-11] [WARN] [1789631055.149691467] [BehaviorTreeEngine]: Behavior Tree tick rate 100.00 was exceeded!
[bt_navigator-11] [WARN] [1789631055.244239200] [BehaviorTreeEngine]: Behavior Tree tick rate 100.00 was exceeded!
[bt_navigator-11] [WARN] [1789631055.327208175] [BehaviorTreeEngine]: Behavior Tree tick rate 100.00 was exceeded!
[bt_navigator-11] [WARN] [1789631055.337133164] [BehaviorTreeEngine]: Behavior Tree tick rate 100.00 was exceeded!
[bt_navigator-11] [WARN] [1789631055.342893191] [BehaviorTreeEngine]: Behavior Tree tick rate 100.00 was exceeded!
[controller_server-8] [INFO] [1789631055.411830197] [controller_server]: Passing new path to controller.
[bt_navigator-11] [WARN] [1789631055.436308972] [BehaviorTreeEngine]: Behavior Tree tick rate 100.00 was exceeded!
[bt_navigator-11] [WARN] [1789631055.440284028] [BehaviorTreeEngine]: Behavior Tree tick rate 100.00 was exceeded!
[bt_navigator-11] [WARN] [1789631055.862259531] [BehaviorTreeEngine]: Behavior Tree tick rate 100.00 was exceeded!
[bt_navigator-11] [WARN] [1789631055.939683530] [BehaviorTreeEngine]: Behavior Tree tick rate 100.00 was exceeded!
[bt_navigator-11] [WARN] [1789631056.042862863] [BehaviorTreeEngine]: Behavior Tree tick rate 100.00 was exceeded!
[bt_navigator-11] [WARN] [1789631056.091608482] [BehaviorTreeEngine]: Behavior Tree tick rate 100.00 was exceeded!
[bt_navigator-11] [WARN] [1789631056.101564260] [BehaviorTreeEngine]: Behavior Tree tick rate 100.00 was exceeded!
[bt_navigator-11] [WARN] [1789631056.108102001] [BehaviorTreeEngine]: Behavior Tree tick rate 100.00 was exceeded!
[bt_navigator-11] [WARN] [1789631056.127757975] [BehaviorTreeEngine]: Behavior Tree tick rate 100.00 was exceeded!
[bt_navigator-11] [WARN] [1789631056.336359665] [BehaviorTreeEngine]: Behavior Tree tick rate 100.00 was exceeded!
[swerve_bridge_node-14] [WARN] [1789631056.346742408] [swerve_bridge]: Django websocket disconnected: [Errno 111] Connection refused
[bt_navigator-11] [WARN] [1789631056.361935562] [BehaviorTreeEngine]: Behavior Tree tick rate 100.00 was exceeded!
[bt_navigator-11] [WARN] [1789631056.366097091] [BehaviorTreeEngine]: Behavior Tree tick rate 100.00 was exceeded!
[bt_navigator-11] [WARN] [1789631056.383534356] [BehaviorTreeEngine]: Behavior Tree tick rate 100.00 was exceeded!
[controller_server-8] [INFO] [1789631056.413644961] [controller_server]: Passing new path to controller.
[bt_navigator-11] [WARN] [1789631056.414145705] [BehaviorTreeEngine]: Behavior Tree tick rate 100.00 was exceeded!
[bt_navigator-11] [WARN] [1789631056.467535215] [BehaviorTreeEngine]: Behavior Tree tick rate 100.00 was exceeded!
[bt_navigator-11] [WARN] [1789631056.526254293] [BehaviorTreeEngine]: Behavior Tree tick rate 100.00 was exceeded!
[bt_navigator-11] [WARN] [1789631056.566543638] [BehaviorTreeEngine]: Behavior Tree tick rate 100.00 was exceeded!
[bt_navigator-11] [WARN] [1789631056.638202854] [BehaviorTreeEngine]: Behavior Tree tick rate 100.00 was exceeded!
[bt_navigator-11] [WARN] [1789631056.646593973] [BehaviorTreeEngine]: Behavior Tree tick rate 100.00 was exceeded!
[bt_navigator-11] [WARN] [1789631056.717860913] [BehaviorTreeEngine]: Behavior Tree tick rate 100.00 was exceeded!
[bt_navigator-11] [WARN] [1789631056.780360251] [BehaviorTreeEngine]: Behavior Tree tick rate 100.00 was exceeded!
[bt_navigator-11] [WARN] [1789631056.851406779] [BehaviorTreeEngine]: Behavior Tree tick rate 100.00 was exceeded!
[bt_navigator-11] [WARN] [1789631056.860980260] [BehaviorTreeEngine]: Behavior Tree tick rate 100.00 was exceeded!
[bt_navigator-11] [WARN] [1789631056.961156797] [BehaviorTreeEngine]: Behavior Tree tick rate 100.00 was exceeded!
[bt_navigator-11] [WARN] [1789631057.048049550] [BehaviorTreeEngine]: Behavior Tree tick rate 100.00 was exceeded!
[bt_navigator-11] [WARN] [1789631057.181974994] [BehaviorTreeEngine]: Behavior Tree tick rate 100.00 was exceeded!
[bt_navigator-11] [WARN] [1789631057.235249598] [BehaviorTreeEngine]: Behavior Tree tick rate 100.00 was exceeded!
[bt_navigator-11] [WARN] [1789631057.244541618] [BehaviorTreeEngine]: Behavior Tree tick rate 100.00 was exceeded!
[bt_navigator-11] [WARN] [1789631057.251299423] [BehaviorTreeEngine]: Behavior Tree tick rate 100.00 was exceeded!
[controller_server-8] [INFO] [1789631057.411810056] [controller_server]: Passing new path to controller.
[bt_navigator-11] [WARN] [1789631057.530343599] [BehaviorTreeEngine]: Behavior Tree tick rate 100.00 was exceeded!
[bt_navigator-11] [WARN] [1789631057.538217888] [BehaviorTreeEngine]: Behavior Tree tick rate 100.00 was exceeded!
[bt_navigator-11] [WARN] [1789631057.561156508] [BehaviorTreeEngine]: Behavior Tree tick rate 100.00 was exceeded!
[bt_navigator-11] [WARN] [1789631057.654481236] [BehaviorTreeEngine]: Behavior Tree tick rate 100.00 was exceeded!
[bt_navigator-11] [WARN] [1789631057.938743187] [BehaviorTreeEngine]: Behavior Tree tick rate 100.00 was exceeded!
[bt_navigator-11] [WARN] [1789631057.966587086] [BehaviorTreeEngine]: Behavior Tree tick rate 100.00 was exceeded!
[bt_navigator-11] [WARN] [1789631058.216528093] [BehaviorTreeEngine]: Behavior Tree tick rate 100.00 was exceeded!
[bt_navigator-11] [WARN] [1789631058.244813506] [BehaviorTreeEngine]: Behavior Tree tick rate 100.00 was exceeded!
[bt_navigator-11] [WARN] [1789631058.265111033] [BehaviorTreeEngine]: Behavior Tree tick rate 100.00 was exceeded!
[bt_navigator-11] [WARN] [1789631058.342376857] [BehaviorTreeEngine]: Behavior Tree tick rate 100.00 was exceeded!
[swerve_bridge_node-14] [WARN] [1789631058.348347788] [swerve_bridge]: Django websocket disconnected: [Errno 111] Connection refused
[bt_navigator-11] [WARN] [1789631058.364101381] [BehaviorTreeEngine]: Behavior Tree tick rate 100.00 was exceeded!
[bt_navigator-11] [WARN] [1789631058.434213090] [BehaviorTreeEngine]: Behavior Tree tick rate 100.00 was exceeded!
[bt_navigator-11] [WARN] [1789631058.448448649] [BehaviorTreeEngine]: Behavior Tree tick rate 100.00 was exceeded!
[bt_navigator-11] [WARN] [1789631058.504900490] [BehaviorTreeEngine]: Behavior Tree tick rate 100.00 was exceeded!
[bt_navigator-11] [WARN] [1789631058.519075834] [BehaviorTreeEngine]: Behavior Tree tick rate 100.00 was exceeded!
[controller_server-8] [INFO] [1789631058.520111503] [controller_server]: Passing new path to controller.
[bt_navigator-11] [WARN] [1789631058.528586862] [BehaviorTreeEngine]: Behavior Tree tick rate 100.00 was exceeded!
[bt_navigator-11] [WARN] [1789631058.573489148] [BehaviorTreeEngine]: Behavior Tree tick rate 100.00 was exceeded!
[bt_navigator-11] [WARN] [1789631058.608474867] [BehaviorTreeEngine]: Behavior Tree tick rate 100.00 was exceeded!
[controller_server-8] [WARN] [1789631058.623704719] [controller_server]: Control loop missed its desired rate of 10.0000Hz
[bt_navigator-11] [WARN] [1789631058.745453225] [BehaviorTreeEngine]: Behavior Tree tick rate 100.00 was exceeded!
[bt_navigator-11] [WARN] [1789631058.756336781] [BehaviorTreeEngine]: Behavior Tree tick rate 100.00 was exceeded!
[bt_navigator-11] [WARN] [1789631058.760654961] [BehaviorTreeEngine]: Behavior Tree tick rate 100.00 was exceeded!
[bt_navigator-11] [WARN] [1789631058.779194282] [BehaviorTreeEngine]: Behavior Tree tick rate 100.00 was exceeded!
[bt_navigator-11] [WARN] [1789631058.910866806] [BehaviorTreeEngine]: Behavior Tree tick rate 100.00 was exceeded!
[bt_navigator-11] [WARN] [1789631058.919792814] [BehaviorTreeEngine]: Behavior Tree tick rate 100.00 was exceeded!
[bt_navigator-11] [WARN] [1789631059.055752743] [BehaviorTreeEngine]: Behavior Tree tick rate 100.00 was exceeded!
[bt_navigator-11] [WARN] [1789631059.290797544] [BehaviorTreeEngine]: Behavior Tree tick rate 100.00 was exceeded!
[bt_navigator-11] [WARN] [1789631059.456354214] [BehaviorTreeEngine]: Behavior Tree tick rate 100.00 was exceeded!
[bt_navigator-11] [WARN] [1789631059.469085240] [BehaviorTreeEngine]: Behavior Tree tick rate 100.00 was exceeded!
[controller_server-8] [INFO] [1789631059.515186382] [controller_server]: Passing new path to controller.
[bt_navigator-11] [WARN] [1789631059.535762813] [BehaviorTreeEngine]: Behavior Tree tick rate 100.00 was exceeded!
[bt_navigator-11] [WARN] [1789631059.545679379] [BehaviorTreeEngine]: Behavior Tree tick rate 100.00 was exceeded!
[bt_navigator-11] [WARN] [1789631059.739417398] [BehaviorTreeEngine]: Behavior Tree tick rate 100.00 was exceeded!
[bt_navigator-11] [WARN] [1789631059.811960909] [BehaviorTreeEngine]: Behavior Tree tick rate 100.00 was exceeded!
[bt_navigator-11] [WARN] [1789631059.845184848] [BehaviorTreeEngine]: Behavior Tree tick rate 100.00 was exceeded!
[bt_navigator-11] [WARN] [1789631059.861582446] [BehaviorTreeEngine]: Behavior Tree tick rate 100.00 was exceeded!
[bt_navigator-11] [WARN] [1789631060.012264354] [BehaviorTreeEngine]: Behavior Tree tick rate 100.00 was exceeded!
[bt_navigator-11] [WARN] [1789631060.039780352] [BehaviorTreeEngine]: Behavior Tree tick rate 100.00 was exceeded!
[bt_navigator-11] [WARN] [1789631060.157698873] [BehaviorTreeEngine]: Behavior Tree tick rate 100.00 was exceeded!
[bt_navigator-11] [WARN] [1789631060.161871854] [BehaviorTreeEngine]: Behavior Tree tick rate 100.00 was exceeded!
[bt_navigator-11] [WARN] [1789631060.170652481] [BehaviorTreeEngine]: Behavior Tree tick rate 100.00 was exceeded!
[bt_navigator-11] [WARN] [1789631060.221101646] [BehaviorTreeEngine]: Behavior Tree tick rate 100.00 was exceeded!
[swerve_bridge_node-14] [WARN] [1789631060.360623583] [swerve_bridge]: Django websocket disconnected: [Errno 111] Connection refused
[bt_navigator-11] [WARN] [1789631060.510797062] [BehaviorTreeEngine]: Behavior Tree tick rate 100.00 was exceeded!
[controller_server-8] [INFO] [1789631060.612969742] [controller_server]: Passing new path to controller.
[bt_navigator-11] [WARN] [1789631060.635541025] [BehaviorTreeEngine]: Behavior Tree tick rate 100.00 was exceeded!
[bt_navigator-11] [WARN] [1789631060.671471279] [BehaviorTreeEngine]: Behavior Tree tick rate 100.00 was exceeded!
[bt_navigator-11] [WARN] [1789631060.686660670] [BehaviorTreeEngine]: Behavior Tree tick rate 100.00 was exceeded!
[bt_navigator-11] [WARN] [1789631060.737303386] [BehaviorTreeEngine]: Behavior Tree tick rate 100.00 was exceeded!
[bt_navigator-11] [WARN] [1789631060.743111461] [BehaviorTreeEngine]: Behavior Tree tick rate 100.00 was exceeded!
[bt_navigator-11] [WARN] [1789631060.754140818] [BehaviorTreeEngine]: Behavior Tree tick rate 100.00 was exceeded!
[bt_navigator-11] [WARN] [1789631060.763247734] [BehaviorTreeEngine]: Behavior Tree tick rate 100.00 was exceeded!
[bt_navigator-11] [WARN] [1789631061.125233629] [BehaviorTreeEngine]: Behavior Tree tick rate 100.00 was exceeded!
[bt_navigator-11] [WARN] [1789631061.258529387] [BehaviorTreeEngine]: Behavior Tree tick rate 100.00 was exceeded!
[bt_navigator-11] [WARN] [1789631061.418573557] [BehaviorTreeEngine]: Behavior Tree tick rate 100.00 was exceeded!
[bt_navigator-11] [WARN] [1789631061.432564759] [BehaviorTreeEngine]: Behavior Tree tick rate 100.00 was exceeded!
[bt_navigator-11] [WARN] [1789631061.440258236] [BehaviorTreeEngine]: Behavior Tree tick rate 100.00 was exceeded!
[bt_navigator-11] [WARN] [1789631061.451498935] [BehaviorTreeEngine]: Behavior Tree tick rate 100.00 was exceeded!
[bt_navigator-11] [WARN] [1789631061.459817314] [BehaviorTreeEngine]: Behavior Tree tick rate 100.00 was exceeded!
[bt_navigator-11] [WARN] [1789631061.549640152] [BehaviorTreeEngine]: Behavior Tree tick rate 100.00 was exceeded!
[bt_navigator-11] [WARN] [1789631061.578584036] [BehaviorTreeEngine]: Behavior Tree tick rate 100.00 was exceeded!
[controller_server-8] [INFO] [1789631061.611103464] [controller_server]: Passing new path to controller.
[bt_navigator-11] [WARN] [1789631061.750535159] [BehaviorTreeEngine]: Behavior Tree tick rate 100.00 was exceeded!
[bt_navigator-11] [WARN] [1789631061.812249129] [BehaviorTreeEngine]: Behavior Tree tick rate 100.00 was exceeded!
[bt_navigator-11] [WARN] [1789631061.831734020] [BehaviorTreeEngine]: Behavior Tree tick rate 100.00 was exceeded!
[bt_navigator-11] [WARN] [1789631061.844717764] [BehaviorTreeEngine]: Behavior Tree tick rate 100.00 was exceeded!
[bt_navigator-11] [WARN] [1789631061.854640174] [BehaviorTreeEngine]: Behavior Tree tick rate 100.00 was exceeded!
[bt_navigator-11] [WARN] [1789631062.315769313] [BehaviorTreeEngine]: Behavior Tree tick rate 100.00 was exceeded!
[swerve_bridge_node-14] [WARN] [1789631062.361965649] [swerve_bridge]: Django websocket disconnected: [Errno 111] Connection refused
[bt_navigator-11] [WARN] [1789631062.420993336] [BehaviorTreeEngine]: Behavior Tree tick rate 100.00 was exceeded!
[bt_navigator-11] [WARN] [1789631062.581284843] [BehaviorTreeEngine]: Behavior Tree tick rate 100.00 was exceeded!
[controller_server-8] [INFO] [1789631062.612794657] [controller_server]: Passing new path to controller.
[bt_navigator-11] [WARN] [1789631062.879786072] [BehaviorTreeEngine]: Behavior Tree tick rate 100.00 was exceeded!
[bt_navigator-11] [WARN] [1789631062.970559435] [BehaviorTreeEngine]: Behavior Tree tick rate 100.00 was exceeded!
[bt_navigator-11] [WARN] [1789631063.031224502] [BehaviorTreeEngine]: Behavior Tree tick rate 100.00 was exceeded!
[bt_navigator-11] [WARN] [1789631063.135319708] [BehaviorTreeEngine]: Behavior Tree tick rate 100.00 was exceeded!
[bt_navigator-11] [WARN] [1789631063.145293486] [BehaviorTreeEngine]: Behavior Tree tick rate 100.00 was exceeded!
[bt_navigator-11] [WARN] [1789631063.153052062] [BehaviorTreeEngine]: Behavior Tree tick rate 100.00 was exceeded!
[bt_navigator-11] [WARN] [1789631063.180696751] [BehaviorTreeEngine]: Behavior Tree tick rate 100.00 was exceeded!
[bt_navigator-11] [WARN] [1789631063.324579749] [BehaviorTreeEngine]: Behavior Tree tick rate 100.00 was exceeded!
[bt_navigator-11] [WARN] [1789631063.331596313] [BehaviorTreeEngine]: Behavior Tree tick rate 100.00 was exceeded!
[bt_navigator-11] [WARN] [1789631063.670879975] [BehaviorTreeEngine]: Behavior Tree tick rate 100.00 was exceeded!
[controller_server-8] [INFO] [1789631063.711531883] [controller_server]: Passing new path to controller.
[bt_navigator-11] [WARN] [1789631063.937273294] [BehaviorTreeEngine]: Behavior Tree tick rate 100.00 was exceeded!
[bt_navigator-11] [WARN] [1789631063.947129746] [BehaviorTreeEngine]: Behavior Tree tick rate 100.00 was exceeded!
[bt_navigator-11] [WARN] [1789631063.959840876] [BehaviorTreeEngine]: Behavior Tree tick rate 100.00 was exceeded!
[bt_navigator-11] [WARN] [1789631064.039974175] [BehaviorTreeEngine]: Behavior Tree tick rate 100.00 was exceeded!
[bt_navigator-11] [WARN] [1789631064.070118265] [BehaviorTreeEngine]: Behavior Tree tick rate 100.00 was exceeded!
[bt_navigator-11] [WARN] [1789631064.121719059] [BehaviorTreeEngine]: Behavior Tree tick rate 100.00 was exceeded!
[bt_navigator-11] [WARN] [1789631064.139129101] [BehaviorTreeEngine]: Behavior Tree tick rate 100.00 was exceeded!
[bt_navigator-11] [WARN] [1789631064.143147414] [BehaviorTreeEngine]: Behavior Tree tick rate 100.00 was exceeded!
[bt_navigator-11] [WARN] [1789631064.227372087] [BehaviorTreeEngine]: Behavior Tree tick rate 100.00 was exceeded!
[bt_navigator-11] [WARN] [1789631064.241467988] [BehaviorTreeEngine]: Behavior Tree tick rate 100.00 was exceeded!
[bt_navigator-11] [WARN] [1789631064.271533458] [BehaviorTreeEngine]: Behavior Tree tick rate 100.00 was exceeded!
[bt_navigator-11] [WARN] [1789631064.351097104] [BehaviorTreeEngine]: Behavior Tree tick rate 100.00 was exceeded!
[bt_navigator-11] [WARN] [1789631064.361850149] [BehaviorTreeEngine]: Behavior Tree tick rate 100.00 was exceeded!
[swerve_bridge_node-14] [WARN] [1789631064.375318194] [swerve_bridge]: Django websocket disconnected: [Errno 111] Connection refused
[bt_navigator-11] [WARN] [1789631064.382862656] [BehaviorTreeEngine]: Behavior Tree tick rate 100.00 was exceeded!
[bt_navigator-11] [WARN] [1789631064.426435724] [BehaviorTreeEngine]: Behavior Tree tick rate 100.00 was exceeded!
[bt_navigator-11] [WARN] [1789631064.632140734] [BehaviorTreeEngine]: Behavior Tree tick rate 100.00 was exceeded!
[controller_server-8] [INFO] [1789631064.711527262] [controller_server]: Passing new path to controller.
[bt_navigator-11] [WARN] [1789631064.820586025] [BehaviorTreeEngine]: Behavior Tree tick rate 100.00 was exceeded!
[bt_navigator-11] [WARN] [1789631065.021632849] [BehaviorTreeEngine]: Behavior Tree tick rate 100.00 was exceeded!
[bt_navigator-11] [WARN] [1789631065.142194253] [BehaviorTreeEngine]: Behavior Tree tick rate 100.00 was exceeded!
[bt_navigator-11] [WARN] [1789631065.166075089] [BehaviorTreeEngine]: Behavior Tree tick rate 100.00 was exceeded!
[bt_navigator-11] [WARN] [1789631065.179821501] [BehaviorTreeEngine]: Behavior Tree tick rate 100.00 was exceeded!
[bt_navigator-11] [WARN] [1789631065.281001024] [BehaviorTreeEngine]: Behavior Tree tick rate 100.00 was exceeded!
[bt_navigator-11] [WARN] [1789631065.515357132] [BehaviorTreeEngine]: Behavior Tree tick rate 100.00 was exceeded!
[bt_navigator-11] [WARN] [1789631065.521484566] [BehaviorTreeEngine]: Behavior Tree tick rate 100.00 was exceeded!
[bt_navigator-11] [WARN] [1789631065.533225803] [BehaviorTreeEngine]: Behavior Tree tick rate 100.00 was exceeded!
[bt_navigator-11] [WARN] [1789631065.554078523] [BehaviorTreeEngine]: Behavior Tree tick rate 100.00 was exceeded!
[bt_navigator-11] [WARN] [1789631065.617603234] [BehaviorTreeEngine]: Behavior Tree tick rate 100.00 was exceeded!
[bt_navigator-11] [WARN] [1789631065.625723490] [BehaviorTreeEngine]: Behavior Tree tick rate 100.00 was exceeded!
[bt_navigator-11] [WARN] [1789631065.635553538] [BehaviorTreeEngine]: Behavior Tree tick rate 100.00 was exceeded!
[bt_navigator-11] [WARN] [1789631065.658168707] [BehaviorTreeEngine]: Behavior Tree tick rate 100.00 was exceeded!
[controller_server-8] [INFO] [1789631065.714537884] [controller_server]: Passing new path to controller.
[bt_navigator-11] [WARN] [1789631065.763417221] [BehaviorTreeEngine]: Behavior Tree tick rate 100.00 was exceeded!
[bt_navigator-11] [WARN] [1789631065.882589136] [BehaviorTreeEngine]: Behavior Tree tick rate 100.00 was exceeded!
[bt_navigator-11] [WARN] [1789631065.920950329] [BehaviorTreeEngine]: Behavior Tree tick rate 100.00 was exceeded!
[bt_navigator-11] [WARN] [1789631066.130880338] [BehaviorTreeEngine]: Behavior Tree tick rate 100.00 was exceeded!
[bt_navigator-11] [WARN] [1789631066.141489403] [BehaviorTreeEngine]: Behavior Tree tick rate 100.00 was exceeded!
[bt_navigator-11] [WARN] [1789631066.148426316] [BehaviorTreeEngine]: Behavior Tree tick rate 100.00 was exceeded!
[bt_navigator-11] [WARN] [1789631066.308336598] [BehaviorTreeEngine]: Behavior Tree tick rate 100.00 was exceeded!
[bt_navigator-11] [WARN] [1789631066.319165054] [BehaviorTreeEngine]: Behavior Tree tick rate 100.00 was exceeded!
[bt_navigator-11] [WARN] [1789631066.332329718] [BehaviorTreeEngine]: Behavior Tree tick rate 100.00 was exceeded!
[bt_navigator-11] [WARN] [1789631066.344512275] [BehaviorTreeEngine]: Behavior Tree tick rate 100.00 was exceeded!
[bt_navigator-11] [WARN] [1789631066.352845810] [BehaviorTreeEngine]: Behavior Tree tick rate 100.00 was exceeded!
[swerve_bridge_node-14] [WARN] [1789631066.389824624] [swerve_bridge]: Django websocket disconnected: [Errno 111] Connection refused
[bt_navigator-11] [WARN] [1789631066.458215464] [BehaviorTreeEngine]: Behavior Tree tick rate 100.00 was exceeded!
[bt_navigator-11] [WARN] [1789631066.568663388] [BehaviorTreeEngine]: Behavior Tree tick rate 100.00 was exceeded!
[bt_navigator-11] [WARN] [1789631066.588440562] [BehaviorTreeEngine]: Behavior Tree tick rate 100.00 was exceeded!
[bt_navigator-11] [WARN] [1789631066.629453015] [BehaviorTreeEngine]: Behavior Tree tick rate 100.00 was exceeded!
[bt_navigator-11] [WARN] [1789631066.656379220] [BehaviorTreeEngine]: Behavior Tree tick rate 100.00 was exceeded!
[bt_navigator-11] [WARN] [1789631066.665357956] [BehaviorTreeEngine]: Behavior Tree tick rate 100.00 was exceeded!
[bt_navigator-11] [WARN] [1789631066.678362389] [BehaviorTreeEngine]: Behavior Tree tick rate 100.00 was exceeded!
[bt_navigator-11] [WARN] [1789631066.690015718] [BehaviorTreeEngine]: Behavior Tree tick rate 100.00 was exceeded!
[bt_navigator-11] [WARN] [1789631066.704945280] [BehaviorTreeEngine]: Behavior Tree tick rate 100.00 was exceeded!
[controller_server-8] [INFO] [1789631066.711426158] [controller_server]: Passing new path to controller.
[bt_navigator-11] [WARN] [1789631066.715823892] [BehaviorTreeEngine]: Behavior Tree tick rate 100.00 was exceeded!
[bt_navigator-11] [WARN] [1789631066.770157653] [BehaviorTreeEngine]: Behavior Tree tick rate 100.00 was exceeded!
[bt_navigator-11] [WARN] [1789631067.053271438] [BehaviorTreeEngine]: Behavior Tree tick rate 100.00 was exceeded!
[bt_navigator-11] [WARN] [1789631067.219202154] [BehaviorTreeEngine]: Behavior Tree tick rate 100.00 was exceeded!
[bt_navigator-11] [WARN] [1789631067.242692371] [BehaviorTreeEngine]: Behavior Tree tick rate 100.00 was exceeded!
[bt_navigator-11] [WARN] [1789631067.260096169] [BehaviorTreeEngine]: Behavior Tree tick rate 100.00 was exceeded!
[bt_navigator-11] [WARN] [1789631067.300377404] [BehaviorTreeEngine]: Behavior Tree tick rate 100.00 was exceeded!
[bt_navigator-11] [WARN] [1789631067.319166099] [BehaviorTreeEngine]: Behavior Tree tick rate 100.00 was exceeded!
[bt_navigator-11] [WARN] [1789631067.372630677] [BehaviorTreeEngine]: Behavior Tree tick rate 100.00 was exceeded!
[bt_navigator-11] [WARN] [1789631067.416097241] [BehaviorTreeEngine]: Behavior Tree tick rate 100.00 was exceeded!
[controller_server-8] [WARN] [1789631067.433474540] [controller_server]: Control loop missed its desired rate of 10.0000Hz
[bt_navigator-11] [WARN] [1789631067.452282677] [BehaviorTreeEngine]: Behavior Tree tick rate 100.00 was exceeded!
[bt_navigator-11] [WARN] [1789631067.502408799] [BehaviorTreeEngine]: Behavior Tree tick rate 100.00 was exceeded!
[bt_navigator-11] [WARN] [1789631067.793702862] [BehaviorTreeEngine]: Behavior Tree tick rate 100.00 was exceeded!
[controller_server-8] [INFO] [1789631067.812301008] [controller_server]: Passing new path to controller.
[bt_navigator-11] [WARN] [1789631067.848757952] [BehaviorTreeEngine]: Behavior Tree tick rate 100.00 was exceeded!
[bt_navigator-11] [WARN] [1789631068.212817412] [BehaviorTreeEngine]: Behavior Tree tick rate 100.00 was exceeded!
[bt_navigator-11] [WARN] [1789631068.254901394] [BehaviorTreeEngine]: Behavior Tree tick rate 100.00 was exceeded!
[bt_navigator-11] [WARN] [1789631068.325867679] [BehaviorTreeEngine]: Behavior Tree tick rate 100.00 was exceeded!
[swerve_bridge_node-14] [WARN] [1789631068.391284061] [swerve_bridge]: Django websocket disconnected: [Errno 111] Connection refused
[bt_navigator-11] [WARN] [1789631068.625687047] [BehaviorTreeEngine]: Behavior Tree tick rate 100.00 was exceeded!
[bt_navigator-11] [WARN] [1789631068.756401038] [BehaviorTreeEngine]: Behavior Tree tick rate 100.00 was exceeded!
[controller_server-8] [INFO] [1789631068.811650446] [controller_server]: Passing new path to controller.
[bt_navigator-11] [WARN] [1789631069.147791938] [BehaviorTreeEngine]: Behavior Tree tick rate 100.00 was exceeded!
[bt_navigator-11] [WARN] [1789631069.556658912] [BehaviorTreeEngine]: Behavior Tree tick rate 100.00 was exceeded!
[bt_navigator-11] [WARN] [1789631069.620194889] [BehaviorTreeEngine]: Behavior Tree tick rate 100.00 was exceeded!
[bt_navigator-11] [WARN] [1789631069.742639470] [BehaviorTreeEngine]: Behavior Tree tick rate 100.00 was exceeded!
[bt_navigator-11] [WARN] [1789631069.749763520] [BehaviorTreeEngine]: Behavior Tree tick rate 100.00 was exceeded!
[bt_navigator-11] [WARN] [1789631069.803584874] [BehaviorTreeEngine]: Behavior Tree tick rate 100.00 was exceeded!
[bt_navigator-11] [WARN] [1789631069.835037378] [BehaviorTreeEngine]: Behavior Tree tick rate 100.00 was exceeded!
[bt_navigator-11] [WARN] [1789631069.855571235] [BehaviorTreeEngine]: Behavior Tree tick rate 100.00 was exceeded!
[bt_navigator-11] [WARN] [1789631069.864130254] [BehaviorTreeEngine]: Behavior Tree tick rate 100.00 was exceeded!
[bt_navigator-11] [WARN] [1789631069.867994518] [BehaviorTreeEngine]: Behavior Tree tick rate 100.00 was exceeded!
[controller_server-8] [INFO] [1789631069.910994601] [controller_server]: Passing new path to controller.
[bt_navigator-11] [WARN] [1789631069.974919589] [BehaviorTreeEngine]: Behavior Tree tick rate 100.00 was exceeded!
[bt_navigator-11] [WARN] [1789631069.980551477] [BehaviorTreeEngine]: Behavior Tree tick rate 100.00 was exceeded!
[bt_navigator-11] [WARN] [1789631069.989091350] [BehaviorTreeEngine]: Behavior Tree tick rate 100.00 was exceeded!
[bt_navigator-11] [WARN] [1789631070.026323269] [BehaviorTreeEngine]: Behavior Tree tick rate 100.00 was exceeded!
[bt_navigator-11] [WARN] [1789631070.158629814] [BehaviorTreeEngine]: Behavior Tree tick rate 100.00 was exceeded!
[swerve_bridge_node-14] [WARN] [1789631070.400576945] [swerve_bridge]: Django websocket disconnected: [Errno 111] Connection refused
[bt_navigator-11] [WARN] [1789631070.785868630] [BehaviorTreeEngine]: Behavior Tree tick rate 100.00 was exceeded!
[bt_navigator-11] [WARN] [1789631070.841220997] [BehaviorTreeEngine]: Behavior Tree tick rate 100.00 was exceeded!
[bt_navigator-11] [WARN] [1789631070.855256642] [BehaviorTreeEngine]: Behavior Tree tick rate 100.00 was exceeded!
[bt_navigator-11] [WARN] [1789631070.870367074] [BehaviorTreeEngine]: Behavior Tree tick rate 100.00 was exceeded!
[controller_server-8] [INFO] [1789631070.910875108] [controller_server]: Passing new path to controller.
[bt_navigator-11] [WARN] [1789631070.922389881] [BehaviorTreeEngine]: Behavior Tree tick rate 100.00 was exceeded!
[bt_navigator-11] [WARN] [1789631070.964823082] [BehaviorTreeEngine]: Behavior Tree tick rate 100.00 was exceeded!
[bt_navigator-11] [WARN] [1789631071.064266242] [BehaviorTreeEngine]: Behavior Tree tick rate 100.00 was exceeded!
[bt_navigator-11] [WARN] [1789631071.141627917] [BehaviorTreeEngine]: Behavior Tree tick rate 100.00 was exceeded!
[bt_navigator-11] [WARN] [1789631071.171311914] [BehaviorTreeEngine]: Behavior Tree tick rate 100.00 was exceeded!
[bt_navigator-11] [WARN] [1789631071.443105993] [BehaviorTreeEngine]: Behavior Tree tick rate 100.00 was exceeded!
[bt_navigator-11] [WARN] [1789631071.520864019] [BehaviorTreeEngine]: Behavior Tree tick rate 100.00 was exceeded!
[bt_navigator-11] [WARN] [1789631071.545439041] [BehaviorTreeEngine]: Behavior Tree tick rate 100.00 was exceeded!
[bt_navigator-11] [WARN] [1789631071.554607076] [BehaviorTreeEngine]: Behavior Tree tick rate 100.00 was exceeded!
[bt_navigator-11] [WARN] [1789631071.591629640] [BehaviorTreeEngine]: Behavior Tree tick rate 100.00 was exceeded!
[bt_navigator-11] [WARN] [1789631071.625129995] [BehaviorTreeEngine]: Behavior Tree tick rate 100.00 was exceeded!
[bt_navigator-11] [WARN] [1789631071.780725451] [BehaviorTreeEngine]: Behavior Tree tick rate 100.00 was exceeded!
[bt_navigator-11] [WARN] [1789631071.921240092] [BehaviorTreeEngine]: Behavior Tree tick rate 100.00 was exceeded!
[controller_server-8] [INFO] [1789631072.013183373] [controller_server]: Passing new path to controller.
[bt_navigator-11] [WARN] [1789631072.071612618] [BehaviorTreeEngine]: Behavior Tree tick rate 100.00 was exceeded!
[bt_navigator-11] [WARN] [1789631072.146581687] [BehaviorTreeEngine]: Behavior Tree tick rate 100.00 was exceeded!
[bt_navigator-11] [WARN] [1789631072.152333363] [BehaviorTreeEngine]: Behavior Tree tick rate 100.00 was exceeded!
[bt_navigator-11] [WARN] [1789631072.175146649] [BehaviorTreeEngine]: Behavior Tree tick rate 100.00 was exceeded!
[bt_navigator-11] [WARN] [1789631072.180777775] [BehaviorTreeEngine]: Behavior Tree tick rate 100.00 was exceeded!
[bt_navigator-11] [WARN] [1789631072.293481101] [BehaviorTreeEngine]: Behavior Tree tick rate 100.00 was exceeded!
[swerve_bridge_node-14] [WARN] [1789631072.403617401] [swerve_bridge]: Django websocket disconnected: [Errno 111] Connection refused
[bt_navigator-11] [WARN] [1789631072.418296234] [BehaviorTreeEngine]: Behavior Tree tick rate 100.00 was exceeded!
[bt_navigator-11] [WARN] [1789631072.435823691] [BehaviorTreeEngine]: Behavior Tree tick rate 100.00 was exceeded!
[bt_navigator-11] [WARN] [1789631072.665961551] [BehaviorTreeEngine]: Behavior Tree tick rate 100.00 was exceeded!
[bt_navigator-11] [WARN] [1789631072.751987010] [BehaviorTreeEngine]: Behavior Tree tick rate 100.00 was exceeded!
[bt_navigator-11] [WARN] [1789631072.783300515] [BehaviorTreeEngine]: Behavior Tree tick rate 100.00 was exceeded!
[bt_navigator-11] [WARN] [1789631072.960636086] [BehaviorTreeEngine]: Behavior Tree tick rate 100.00 was exceeded!
[bt_navigator-11] [WARN] [1789631072.969266606] [BehaviorTreeEngine]: Behavior Tree tick rate 100.00 was exceeded!
[bt_navigator-11] [WARN] [1789631072.983502328] [BehaviorTreeEngine]: Behavior Tree tick rate 100.00 was exceeded!
[controller_server-8] [INFO] [1789631073.011455039] [controller_server]: Passing new path to controller.
[bt_navigator-11] [WARN] [1789631073.072444985] [BehaviorTreeEngine]: Behavior Tree tick rate 100.00 was exceeded!
[bt_navigator-11] [WARN] [1789631073.116865612] [BehaviorTreeEngine]: Behavior Tree tick rate 100.00 was exceeded!
[bt_navigator-11] [WARN] [1789631073.256602026] [BehaviorTreeEngine]: Behavior Tree tick rate 100.00 was exceeded!
[bt_navigator-11] [WARN] [1789631073.313990154] [BehaviorTreeEngine]: Behavior Tree tick rate 100.00 was exceeded!
[controller_server-8] [WARN] [1789631073.319157193] [controller_server]: Control loop missed its desired rate of 10.0000Hz
[bt_navigator-11] [WARN] [1789631073.457936060] [BehaviorTreeEngine]: Behavior Tree tick rate 100.00 was exceeded!
[bt_navigator-11] [WARN] [1789631073.495374355] [BehaviorTreeEngine]: Behavior Tree tick rate 100.00 was exceeded!
[bt_navigator-11] [WARN] [1789631073.644548545] [BehaviorTreeEngine]: Behavior Tree tick rate 100.00 was exceeded!
[bt_navigator-11] [WARN] [1789631073.736488122] [BehaviorTreeEngine]: Behavior Tree tick rate 100.00 was exceeded!
[bt_navigator-11] [WARN] [1789631073.751418547] [BehaviorTreeEngine]: Behavior Tree tick rate 100.00 was exceeded!
[bt_navigator-11] [WARN] [1789631073.838486851] [BehaviorTreeEngine]: Behavior Tree tick rate 100.00 was exceeded!
[bt_navigator-11] [WARN] [1789631073.845841152] [BehaviorTreeEngine]: Behavior Tree tick rate 100.00 was exceeded!
[controller_server-8] [INFO] [1789631074.010990361] [controller_server]: Passing new path to controller.
[bt_navigator-11] [WARN] [1789631074.127597687] [BehaviorTreeEngine]: Behavior Tree tick rate 100.00 was exceeded!
[bt_navigator-11] [WARN] [1789631074.178483283] [BehaviorTreeEngine]: Behavior Tree tick rate 100.00 was exceeded!
[bt_navigator-11] [WARN] [1789631074.218076542] [BehaviorTreeEngine]: Behavior Tree tick rate 100.00 was exceeded!
[bt_navigator-11] [WARN] [1789631074.325821283] [BehaviorTreeEngine]: Behavior Tree tick rate 100.00 was exceeded!
[swerve_bridge_node-14] [WARN] [1789631074.408722794] [swerve_bridge]: Django websocket disconnected: [Errno 111] Connection refused
[bt_navigator-11] [WARN] [1789631074.440550473] [BehaviorTreeEngine]: Behavior Tree tick rate 100.00 was exceeded!
[bt_navigator-11] [WARN] [1789631074.455183781] [BehaviorTreeEngine]: Behavior Tree tick rate 100.00 was exceeded!
[bt_navigator-11] [WARN] [1789631074.460444121] [BehaviorTreeEngine]: Behavior Tree tick rate 100.00 was exceeded!
[bt_navigator-11] [WARN] [1789631074.468108562] [BehaviorTreeEngine]: Behavior Tree tick rate 100.00 was exceeded!
[bt_navigator-11] [WARN] [1789631074.556807138] [BehaviorTreeEngine]: Behavior Tree tick rate 100.00 was exceeded!
[bt_navigator-11] [WARN] [1789631074.941923932] [BehaviorTreeEngine]: Behavior Tree tick rate 100.00 was exceeded!
[bt_navigator-11] [WARN] [1789631075.013489508] [BehaviorTreeEngine]: Behavior Tree tick rate 100.00 was exceeded!
[controller_server-8] [INFO] [1789631075.113278258] [controller_server]: Passing new path to controller.
[bt_navigator-11] [WARN] [1789631075.217562877] [BehaviorTreeEngine]: Behavior Tree tick rate 100.00 was exceeded!
[bt_navigator-11] [WARN] [1789631075.222154073] [BehaviorTreeEngine]: Behavior Tree tick rate 100.00 was exceeded!
[bt_navigator-11] [WARN] [1789631075.255147254] [BehaviorTreeEngine]: Behavior Tree tick rate 100.00 was exceeded!
[bt_navigator-11] [WARN] [1789631075.268454973] [BehaviorTreeEngine]: Behavior Tree tick rate 100.00 was exceeded!
[bt_navigator-11] [WARN] [1789631075.277806037] [BehaviorTreeEngine]: Behavior Tree tick rate 100.00 was exceeded!
[bt_navigator-11] [WARN] [1789631075.344048457] [BehaviorTreeEngine]: Behavior Tree tick rate 100.00 was exceeded!
[bt_navigator-11] [WARN] [1789631075.452655232] [BehaviorTreeEngine]: Behavior Tree tick rate 100.00 was exceeded!
[bt_navigator-11] [WARN] [1789631075.482470014] [BehaviorTreeEngine]: Behavior Tree tick rate 100.00 was exceeded!
[bt_navigator-11] [WARN] [1789631075.548049773] [BehaviorTreeEngine]: Behavior Tree tick rate 100.00 was exceeded!
[bt_navigator-11] [WARN] [1789631075.945431096] [BehaviorTreeEngine]: Behavior Tree tick rate 100.00 was exceeded!
[bt_navigator-11] [WARN] [1789631075.957061329] [BehaviorTreeEngine]: Behavior Tree tick rate 100.00 was exceeded!
[bt_navigator-11] [WARN] [1789631075.984869098] [BehaviorTreeEngine]: Behavior Tree tick rate 100.00 was exceeded!
[bt_navigator-11] [WARN] [1789631076.044880750] [BehaviorTreeEngine]: Behavior Tree tick rate 100.00 was exceeded!
[controller_server-8] [INFO] [1789631076.115260371] [controller_server]: Passing new path to controller.
[bt_navigator-11] [WARN] [1789631076.246891062] [BehaviorTreeEngine]: Behavior Tree tick rate 100.00 was exceeded!
[swerve_bridge_node-14] [WARN] [1789631076.414763869] [swerve_bridge]: Django websocket disconnected: [Errno 111] Connection refused
[bt_navigator-11] [WARN] [1789631076.418504786] [BehaviorTreeEngine]: Behavior Tree tick rate 100.00 was exceeded!
[bt_navigator-11] [WARN] [1789631076.425875467] [BehaviorTreeEngine]: Behavior Tree tick rate 100.00 was exceeded!
[bt_navigator-11] [WARN] [1789631076.458585733] [BehaviorTreeEngine]: Behavior Tree tick rate 100.00 was exceeded!
[bt_navigator-11] [WARN] [1789631076.585908499] [BehaviorTreeEngine]: Behavior Tree tick rate 100.00 was exceeded!
[bt_navigator-11] [WARN] [1789631076.609563488] [BehaviorTreeEngine]: Behavior Tree tick rate 100.00 was exceeded!
[bt_navigator-11] [WARN] [1789631076.636237298] [BehaviorTreeEngine]: Behavior Tree tick rate 100.00 was exceeded!
[bt_navigator-11] [WARN] [1789631076.667495778] [BehaviorTreeEngine]: Behavior Tree tick rate 100.00 was exceeded!
[bt_navigator-11] [WARN] [1789631076.695985949] [BehaviorTreeEngine]: Behavior Tree tick rate 100.00 was exceeded!
[bt_navigator-11] [WARN] [1789631076.737354139] [BehaviorTreeEngine]: Behavior Tree tick rate 100.00 was exceeded!
[bt_navigator-11] [WARN] [1789631076.757027804] [BehaviorTreeEngine]: Behavior Tree tick rate 100.00 was exceeded!
[bt_navigator-11] [WARN] [1789631076.844708579] [BehaviorTreeEngine]: Behavior Tree tick rate 100.00 was exceeded!
[bt_navigator-11] [WARN] [1789631076.951055405] [BehaviorTreeEngine]: Behavior Tree tick rate 100.00 was exceeded!
[bt_navigator-11] [WARN] [1789631076.957506457] [BehaviorTreeEngine]: Behavior Tree tick rate 100.00 was exceeded!
[bt_navigator-11] [WARN] [1789631076.965638073] [BehaviorTreeEngine]: Behavior Tree tick rate 100.00 was exceeded!
[bt_navigator-11] [WARN] [1789631077.025577987] [BehaviorTreeEngine]: Behavior Tree tick rate 100.00 was exceeded!
[bt_navigator-11] [WARN] [1789631077.128896736] [BehaviorTreeEngine]: Behavior Tree tick rate 100.00 was exceeded!
[controller_server-8] [INFO] [1789631077.213664303] [controller_server]: Passing new path to controller.
[bt_navigator-11] [WARN] [1789631077.258985612] [BehaviorTreeEngine]: Behavior Tree tick rate 100.00 was exceeded!
[bt_navigator-11] [WARN] [1789631077.401372606] [BehaviorTreeEngine]: Behavior Tree tick rate 100.00 was exceeded!
[bt_navigator-11] [WARN] [1789631077.581783638] [BehaviorTreeEngine]: Behavior Tree tick rate 100.00 was exceeded!
[bt_navigator-11] [WARN] [1789631077.730437440] [BehaviorTreeEngine]: Behavior Tree tick rate 100.00 was exceeded!
[bt_navigator-11] [WARN] [1789631077.749359099] [BehaviorTreeEngine]: Behavior Tree tick rate 100.00 was exceeded!
[bt_navigator-11] [WARN] [1789631077.771758549] [BehaviorTreeEngine]: Behavior Tree tick rate 100.00 was exceeded!
[bt_navigator-11] [WARN] [1789631078.127532530] [BehaviorTreeEngine]: Behavior Tree tick rate 100.00 was exceeded!
[bt_navigator-11] [WARN] [1789631078.143922239] [BehaviorTreeEngine]: Behavior Tree tick rate 100.00 was exceeded!
[bt_navigator-11] [WARN] [1789631078.167021454] [BehaviorTreeEngine]: Behavior Tree tick rate 100.00 was exceeded!
[bt_navigator-11] [WARN] [1789631078.172364077] [BehaviorTreeEngine]: Behavior Tree tick rate 100.00 was exceeded!
[bt_navigator-11] [WARN] [1789631078.182785509] [BehaviorTreeEngine]: Behavior Tree tick rate 100.00 was exceeded!
[controller_server-8] [INFO] [1789631078.211031566] [controller_server]: Passing new path to controller.
[bt_navigator-11] [WARN] [1789631078.245684276] [BehaviorTreeEngine]: Behavior Tree tick rate 100.00 was exceeded!
[bt_navigator-11] [WARN] [1789631078.250693777] [BehaviorTreeEngine]: Behavior Tree tick rate 100.00 was exceeded!
[bt_navigator-11] [WARN] [1789631078.260900133] [BehaviorTreeEngine]: Behavior Tree tick rate 100.00 was exceeded!
[bt_navigator-11] [WARN] [1789631078.284604890] [BehaviorTreeEngine]: Behavior Tree tick rate 100.00 was exceeded!
[swerve_bridge_node-14] [WARN] [1789631078.418663479] [swerve_bridge]: Django websocket disconnected: [Errno 111] Connection refused
[bt_navigator-11] [WARN] [1789631078.457286971] [BehaviorTreeEngine]: Behavior Tree tick rate 100.00 was exceeded!
[bt_navigator-11] [WARN] [1789631078.464649519] [BehaviorTreeEngine]: Behavior Tree tick rate 100.00 was exceeded!
[bt_navigator-11] [WARN] [1789631078.630779819] [BehaviorTreeEngine]: Behavior Tree tick rate 100.00 was exceeded!
[bt_navigator-11] [WARN] [1789631078.789459994] [BehaviorTreeEngine]: Behavior Tree tick rate 100.00 was exceeded!
[bt_navigator-11] [WARN] [1789631078.844260916] [BehaviorTreeEngine]: Behavior Tree tick rate 100.00 was exceeded!
[bt_navigator-11] [WARN] [1789631078.854287707] [BehaviorTreeEngine]: Behavior Tree tick rate 100.00 was exceeded!
[bt_navigator-11] [WARN] [1789631078.891336107] [BehaviorTreeEngine]: Behavior Tree tick rate 100.00 was exceeded!
[bt_navigator-11] [WARN] [1789631079.066866998] [BehaviorTreeEngine]: Behavior Tree tick rate 100.00 was exceeded!
[bt_navigator-11] [WARN] [1789631079.149594375] [BehaviorTreeEngine]: Behavior Tree tick rate 100.00 was exceeded!
[bt_navigator-11] [WARN] [1789631079.196631670] [BehaviorTreeEngine]: Behavior Tree tick rate 100.00 was exceeded!
[bt_navigator-11] [WARN] [1789631079.206003325] [BehaviorTreeEngine]: Behavior Tree tick rate 100.00 was exceeded!
[bt_navigator-11] [WARN] [1789631079.243667517] [BehaviorTreeEngine]: Behavior Tree tick rate 100.00 was exceeded!
[bt_navigator-11] [WARN] [1789631079.297972832] [BehaviorTreeEngine]: Behavior Tree tick rate 100.00 was exceeded!
[controller_server-8] [INFO] [1789631079.311306135] [controller_server]: Passing new path to controller.
[bt_navigator-11] [WARN] [1789631079.315198339] [BehaviorTreeEngine]: Behavior Tree tick rate 100.00 was exceeded!
[bt_navigator-11] [WARN] [1789631079.562288587] [BehaviorTreeEngine]: Behavior Tree tick rate 100.00 was exceeded!
[bt_navigator-11] [WARN] [1789631079.567874006] [BehaviorTreeEngine]: Behavior Tree tick rate 100.00 was exceeded!
[bt_navigator-11] [WARN] [1789631079.630989071] [BehaviorTreeEngine]: Behavior Tree tick rate 100.00 was exceeded!
[bt_navigator-11] [WARN] [1789631079.725816186] [BehaviorTreeEngine]: Behavior Tree tick rate 100.00 was exceeded!
[bt_navigator-11] [WARN] [1789631079.749673667] [BehaviorTreeEngine]: Behavior Tree tick rate 100.00 was exceeded!
[bt_navigator-11] [WARN] [1789631080.123611213] [BehaviorTreeEngine]: Behavior Tree tick rate 100.00 was exceeded!
[bt_navigator-11] [WARN] [1789631080.133423125] [BehaviorTreeEngine]: Behavior Tree tick rate 100.00 was exceeded!
[bt_navigator-11] [WARN] [1789631080.138339780] [BehaviorTreeEngine]: Behavior Tree tick rate 100.00 was exceeded!
[bt_navigator-11] [WARN] [1789631080.246566337] [BehaviorTreeEngine]: Behavior Tree tick rate 100.00 was exceeded!
[controller_server-8] [INFO] [1789631080.315358237] [controller_server]: Passing new path to controller.
[bt_navigator-11] [WARN] [1789631080.321624206] [BehaviorTreeEngine]: Behavior Tree tick rate 100.00 was exceeded!
[swerve_bridge_node-14] [WARN] [1789631080.427255965] [swerve_bridge]: Django websocket disconnected: [Errno 111] Connection refused
[bt_navigator-11] [WARN] [1789631080.439456209] [BehaviorTreeEngine]: Behavior Tree tick rate 100.00 was exceeded!
[bt_navigator-11] [WARN] [1789631080.461269530] [BehaviorTreeEngine]: Behavior Tree tick rate 100.00 was exceeded!
[bt_navigator-11] [WARN] [1789631080.575005505] [BehaviorTreeEngine]: Behavior Tree tick rate 100.00 was exceeded!
[bt_navigator-11] [WARN] [1789631081.144011172] [BehaviorTreeEngine]: Behavior Tree tick rate 100.00 was exceeded!
[bt_navigator-11] [WARN] [1789631081.175045100] [BehaviorTreeEngine]: Behavior Tree tick rate 100.00 was exceeded!
[bt_navigator-11] [WARN] [1789631081.184814791] [BehaviorTreeEngine]: Behavior Tree tick rate 100.00 was exceeded!
[bt_navigator-11] [WARN] [1789631081.207218940] [BehaviorTreeEngine]: Behavior Tree tick rate 100.00 was exceeded!
[bt_navigator-11] [WARN] [1789631081.212398673] [BehaviorTreeEngine]: Behavior Tree tick rate 100.00 was exceeded!
[bt_navigator-11] [WARN] [1789631081.254665777] [BehaviorTreeEngine]: Behavior Tree tick rate 100.00 was exceeded!
[bt_navigator-11] [WARN] [1789631081.285981423] [BehaviorTreeEngine]: Behavior Tree tick rate 100.00 was exceeded!
[controller_server-8] [INFO] [1789631081.312164625] [controller_server]: Passing new path to controller.
[bt_navigator-11] [WARN] [1789631081.377373327] [BehaviorTreeEngine]: Behavior Tree tick rate 100.00 was exceeded!
[bt_navigator-11] [WARN] [1789631081.465451975] [BehaviorTreeEngine]: Behavior Tree tick rate 100.00 was exceeded!
[bt_navigator-11] [WARN] [1789631081.594754999] [BehaviorTreeEngine]: Behavior Tree tick rate 100.00 was exceeded!
[bt_navigator-11] [WARN] [1789631081.747368778] [BehaviorTreeEngine]: Behavior Tree tick rate 100.00 was exceeded!
[bt_navigator-11] [WARN] [1789631081.936674308] [BehaviorTreeEngine]: Behavior Tree tick rate 100.00 was exceeded!
[bt_navigator-11] [WARN] [1789631081.952464702] [BehaviorTreeEngine]: Behavior Tree tick rate 100.00 was exceeded!
[bt_navigator-11] [WARN] [1789631082.265418766] [BehaviorTreeEngine]: Behavior Tree tick rate 100.00 was exceeded!
[bt_navigator-11] [WARN] [1789631082.307487443] [BehaviorTreeEngine]: Behavior Tree tick rate 100.00 was exceeded!
[bt_navigator-11] [WARN] [1789631082.346807496] [BehaviorTreeEngine]: Behavior Tree tick rate 100.00 was exceeded!
[bt_navigator-11] [WARN] [1789631082.356227810] [BehaviorTreeEngine]: Behavior Tree tick rate 100.00 was exceeded!
[bt_navigator-11] [WARN] [1789631082.378209641] [BehaviorTreeEngine]: Behavior Tree tick rate 100.00 was exceeded!
[controller_server-8] [INFO] [1789631082.411570391] [controller_server]: Passing new path to controller.
[swerve_bridge_node-14] [WARN] [1789631082.428600788] [swerve_bridge]: Django websocket disconnected: [Errno 111] Connection refused
[bt_navigator-11] [WARN] [1789631082.606364136] [BehaviorTreeEngine]: Behavior Tree tick rate 100.00 was exceeded!
[bt_navigator-11] [WARN] [1789631082.619635724] [BehaviorTreeEngine]: Behavior Tree tick rate 100.00 was exceeded!
[bt_navigator-11] [WARN] [1789631082.717253766] [BehaviorTreeEngine]: Behavior Tree tick rate 100.00 was exceeded!
[bt_navigator-11] [WARN] [1789631082.747443881] [BehaviorTreeEngine]: Behavior Tree tick rate 100.00 was exceeded!
[bt_navigator-11] [WARN] [1789631082.751234346] [BehaviorTreeEngine]: Behavior Tree tick rate 100.00 was exceeded!
[bt_navigator-11] [WARN] [1789631082.820849546] [BehaviorTreeEngine]: Behavior Tree tick rate 100.00 was exceeded!
[bt_navigator-11] [WARN] [1789631082.850040314] [BehaviorTreeEngine]: Behavior Tree tick rate 100.00 was exceeded!
[bt_navigator-11] [WARN] [1789631082.952515804] [BehaviorTreeEngine]: Behavior Tree tick rate 100.00 was exceeded!
[bt_navigator-11] [WARN] [1789631082.970868166] [BehaviorTreeEngine]: Behavior Tree tick rate 100.00 was exceeded!
[bt_navigator-11] [WARN] [1789631083.059920478] [BehaviorTreeEngine]: Behavior Tree tick rate 100.00 was exceeded!
[bt_navigator-11] [WARN] [1789631083.219718784] [BehaviorTreeEngine]: Behavior Tree tick rate 100.00 was exceeded!
[bt_navigator-11] [WARN] [1789631083.271379791] [BehaviorTreeEngine]: Behavior Tree tick rate 100.00 was exceeded!
[bt_navigator-11] [WARN] [1789631083.323827102] [BehaviorTreeEngine]: Behavior Tree tick rate 100.00 was exceeded!
[bt_navigator-11] [WARN] [1789631083.331202664] [BehaviorTreeEngine]: Behavior Tree tick rate 100.00 was exceeded!
[bt_navigator-11] [WARN] [1789631083.367351900] [BehaviorTreeEngine]: Behavior Tree tick rate 100.00 was exceeded!
[bt_navigator-11] [WARN] [1789631083.372981673] [BehaviorTreeEngine]: Behavior Tree tick rate 100.00 was exceeded!
[controller_server-8] [INFO] [1789631083.412398990] [controller_server]: Passing new path to controller.
[bt_navigator-11] [WARN] [1789631083.461375967] [BehaviorTreeEngine]: Behavior Tree tick rate 100.00 was exceeded!
[bt_navigator-11] [WARN] [1789631083.510232136] [BehaviorTreeEngine]: Behavior Tree tick rate 100.00 was exceeded!
[bt_navigator-11] [WARN] [1789631083.569754907] [BehaviorTreeEngine]: Behavior Tree tick rate 100.00 was exceeded!
[bt_navigator-11] [WARN] [1789631083.679759521] [BehaviorTreeEngine]: Behavior Tree tick rate 100.00 was exceeded!
[bt_navigator-11] [WARN] [1789631083.720132122] [BehaviorTreeEngine]: Behavior Tree tick rate 100.00 was exceeded!
[bt_navigator-11] [WARN] [1789631083.790420674] [BehaviorTreeEngine]: Behavior Tree tick rate 100.00 was exceeded!
[bt_navigator-11] [WARN] [1789631083.811142915] [BehaviorTreeEngine]: Behavior Tree tick rate 100.00 was exceeded!
[bt_navigator-11] [WARN] [1789631083.931546946] [BehaviorTreeEngine]: Behavior Tree tick rate 100.00 was exceeded!
[bt_navigator-11] [WARN] [1789631084.052815385] [BehaviorTreeEngine]: Behavior Tree tick rate 100.00 was exceeded!
[bt_navigator-11] [WARN] [1789631084.066893762] [BehaviorTreeEngine]: Behavior Tree tick rate 100.00 was exceeded!
[bt_navigator-11] [WARN] [1789631084.070918569] [BehaviorTreeEngine]: Behavior Tree tick rate 100.00 was exceeded!
[bt_navigator-11] [WARN] [1789631084.142327430] [BehaviorTreeEngine]: Behavior Tree tick rate 100.00 was exceeded!
[bt_navigator-11] [WARN] [1789631084.181470229] [BehaviorTreeEngine]: Behavior Tree tick rate 100.00 was exceeded!
[bt_navigator-11] [WARN] [1789631084.210851648] [BehaviorTreeEngine]: Behavior Tree tick rate 100.00 was exceeded!
[bt_navigator-11] [WARN] [1789631084.223038917] [BehaviorTreeEngine]: Behavior Tree tick rate 100.00 was exceeded!
[bt_navigator-11] [WARN] [1789631084.232376895] [BehaviorTreeEngine]: Behavior Tree tick rate 100.00 was exceeded!
[bt_navigator-11] [WARN] [1789631084.259311826] [BehaviorTreeEngine]: Behavior Tree tick rate 100.00 was exceeded!
[bt_navigator-11] [WARN] [1789631084.261656052] [BehaviorTreeEngine]: Behavior Tree tick rate 100.00 was exceeded!
[controller_server-8] [INFO] [1789631084.411104728] [controller_server]: Passing new path to controller.
[swerve_bridge_node-14] [WARN] [1789631084.433477429] [swerve_bridge]: Django websocket disconnected: [Errno 111] Connection refused
[bt_navigator-11] [WARN] [1789631084.567155026] [BehaviorTreeEngine]: Behavior Tree tick rate 100.00 was exceeded!
[bt_navigator-11] [WARN] [1789631084.600346717] [BehaviorTreeEngine]: Behavior Tree tick rate 100.00 was exceeded!
[bt_navigator-11] [WARN] [1789631084.613287533] [BehaviorTreeEngine]: Behavior Tree tick rate 100.00 was exceeded!
[bt_navigator-11] [WARN] [1789631084.625242179] [BehaviorTreeEngine]: Behavior Tree tick rate 100.00 was exceeded!
[bt_navigator-11] [WARN] [1789631084.634030303] [BehaviorTreeEngine]: Behavior Tree tick rate 100.00 was exceeded!
[bt_navigator-11] [WARN] [1789631084.680457539] [BehaviorTreeEngine]: Behavior Tree tick rate 100.00 was exceeded!
[bt_navigator-11] [WARN] [1789631084.739430997] [BehaviorTreeEngine]: Behavior Tree tick rate 100.00 was exceeded!
[bt_navigator-11] [WARN] [1789631084.761316978] [BehaviorTreeEngine]: Behavior Tree tick rate 100.00 was exceeded!
[bt_navigator-11] [WARN] [1789631084.805541976] [BehaviorTreeEngine]: Behavior Tree tick rate 100.00 was exceeded!
[bt_navigator-11] [WARN] [1789631085.112447577] [BehaviorTreeEngine]: Behavior Tree tick rate 100.00 was exceeded!
[bt_navigator-11] [WARN] [1789631085.122977570] [BehaviorTreeEngine]: Behavior Tree tick rate 100.00 was exceeded!
[bt_navigator-11] [WARN] [1789631085.320283955] [BehaviorTreeEngine]: Behavior Tree tick rate 100.00 was exceeded!
[bt_navigator-11] [WARN] [1789631085.330313475] [BehaviorTreeEngine]: Behavior Tree tick rate 100.00 was exceeded!
[controller_server-8] [INFO] [1789631085.411079716] [controller_server]: Passing new path to controller.
[bt_navigator-11] [WARN] [1789631085.423601841] [BehaviorTreeEngine]: Behavior Tree tick rate 100.00 was exceeded!
[bt_navigator-11] [WARN] [1789631085.537878394] [BehaviorTreeEngine]: Behavior Tree tick rate 100.00 was exceeded!
[bt_navigator-11] [WARN] [1789631085.545333477] [BehaviorTreeEngine]: Behavior Tree tick rate 100.00 was exceeded!
[bt_navigator-11] [WARN] [1789631085.573082422] [BehaviorTreeEngine]: Behavior Tree tick rate 100.00 was exceeded!
[bt_navigator-11] [WARN] [1789631085.632863732] [BehaviorTreeEngine]: Behavior Tree tick rate 100.00 was exceeded!
[bt_navigator-11] [WARN] [1789631085.745809140] [BehaviorTreeEngine]: Behavior Tree tick rate 100.00 was exceeded!
[bt_navigator-11] [WARN] [1789631085.830374960] [BehaviorTreeEngine]: Behavior Tree tick rate 100.00 was exceeded!
[bt_navigator-11] [WARN] [1789631085.833549849] [BehaviorTreeEngine]: Behavior Tree tick rate 100.00 was exceeded!
[bt_navigator-11] [WARN] [1789631085.921834801] [BehaviorTreeEngine]: Behavior Tree tick rate 100.00 was exceeded!
[bt_navigator-11] [WARN] [1789631086.033467574] [BehaviorTreeEngine]: Behavior Tree tick rate 100.00 was exceeded!
[bt_navigator-11] [WARN] [1789631086.042911433] [BehaviorTreeEngine]: Behavior Tree tick rate 100.00 was exceeded!
[bt_navigator-11] [WARN] [1789631086.072237944] [BehaviorTreeEngine]: Behavior Tree tick rate 100.00 was exceeded!
[bt_navigator-11] [WARN] [1789631086.132464069] [BehaviorTreeEngine]: Behavior Tree tick rate 100.00 was exceeded!
[bt_navigator-11] [WARN] [1789631086.147009798] [BehaviorTreeEngine]: Behavior Tree tick rate 100.00 was exceeded!
[bt_navigator-11] [WARN] [1789631086.152617424] [BehaviorTreeEngine]: Behavior Tree tick rate 100.00 was exceeded!
[bt_navigator-11] [WARN] [1789631086.166130712] [BehaviorTreeEngine]: Behavior Tree tick rate 100.00 was exceeded!
[bt_navigator-11] [WARN] [1789631086.249676383] [BehaviorTreeEngine]: Behavior Tree tick rate 100.00 was exceeded!
[bt_navigator-11] [WARN] [1789631086.256613478] [BehaviorTreeEngine]: Behavior Tree tick rate 100.00 was exceeded!
[bt_navigator-11] [WARN] [1789631086.267095297] [BehaviorTreeEngine]: Behavior Tree tick rate 100.00 was exceeded!
[swerve_bridge_node-14] [WARN] [1789631086.435697079] [swerve_bridge]: Django websocket disconnected: [Errno 111] Connection refused
[controller_server-8] [INFO] [1789631086.512249349] [controller_server]: Passing new path to controller.
[bt_navigator-11] [WARN] [1789631086.639864929] [BehaviorTreeEngine]: Behavior Tree tick rate 100.00 was exceeded!
[bt_navigator-11] [WARN] [1789631086.745301450] [BehaviorTreeEngine]: Behavior Tree tick rate 100.00 was exceeded!
[bt_navigator-11] [WARN] [1789631086.868345850] [BehaviorTreeEngine]: Behavior Tree tick rate 100.00 was exceeded!
[bt_navigator-11] [WARN] [1789631086.873697557] [BehaviorTreeEngine]: Behavior Tree tick rate 100.00 was exceeded!
[bt_navigator-11] [WARN] [1789631086.882772883] [BehaviorTreeEngine]: Behavior Tree tick rate 100.00 was exceeded!
[bt_navigator-11] [WARN] [1789631086.933549514] [BehaviorTreeEngine]: Behavior Tree tick rate 100.00 was exceeded!
[bt_navigator-11] [WARN] [1789631086.955438177] [BehaviorTreeEngine]: Behavior Tree tick rate 100.00 was exceeded!
[bt_navigator-11] [WARN] [1789631086.966410575] [BehaviorTreeEngine]: Behavior Tree tick rate 100.00 was exceeded!
[bt_navigator-11] [WARN] [1789631086.976048448] [BehaviorTreeEngine]: Behavior Tree tick rate 100.00 was exceeded!
[bt_navigator-11] [WARN] [1789631087.186478217] [BehaviorTreeEngine]: Behavior Tree tick rate 100.00 was exceeded!
[controller_server-8] [INFO] [1789631087.520035696] [controller_server]: Passing new path to controller.
[bt_navigator-11] [WARN] [1789631087.668351112] [BehaviorTreeEngine]: Behavior Tree tick rate 100.00 was exceeded!
[bt_navigator-11] [WARN] [1789631087.997957398] [BehaviorTreeEngine]: Behavior Tree tick rate 100.00 was exceeded!
[bt_navigator-11] [WARN] [1789631088.048303785] [BehaviorTreeEngine]: Behavior Tree tick rate 100.00 was exceeded!
[bt_navigator-11] [WARN] [1789631088.075604820] [BehaviorTreeEngine]: Behavior Tree tick rate 100.00 was exceeded!
[bt_navigator-11] [WARN] [1789631088.301218346] [BehaviorTreeEngine]: Behavior Tree tick rate 100.00 was exceeded!
[bt_navigator-11] [WARN] [1789631088.409326151] [BehaviorTreeEngine]: Behavior Tree tick rate 100.00 was exceeded!
[swerve_bridge_node-14] [WARN] [1789631088.437692926] [swerve_bridge]: Django websocket disconnected: [Errno 111] Connection refused
[bt_navigator-11] [WARN] [1789631088.467032646] [BehaviorTreeEngine]: Behavior Tree tick rate 100.00 was exceeded!
[controller_server-8] [INFO] [1789631088.514160637] [controller_server]: Passing new path to controller.
[bt_navigator-11] [WARN] [1789631088.833056206] [BehaviorTreeEngine]: Behavior Tree tick rate 100.00 was exceeded!
[bt_navigator-11] [WARN] [1789631088.837246068] [BehaviorTreeEngine]: Behavior Tree tick rate 100.00 was exceeded!
[bt_navigator-11] [WARN] [1789631088.953114179] [BehaviorTreeEngine]: Behavior Tree tick rate 100.00 was exceeded!
[bt_navigator-11] [WARN] [1789631088.960144076] [BehaviorTreeEngine]: Behavior Tree tick rate 100.00 was exceeded!
[bt_navigator-11] [WARN] [1789631089.117582326] [BehaviorTreeEngine]: Behavior Tree tick rate 100.00 was exceeded!
[bt_navigator-11] [WARN] [1789631089.126822921] [BehaviorTreeEngine]: Behavior Tree tick rate 100.00 was exceeded!
[bt_navigator-11] [WARN] [1789631089.209561552] [BehaviorTreeEngine]: Behavior Tree tick rate 100.00 was exceeded!
[bt_navigator-11] [WARN] [1789631089.438654176] [BehaviorTreeEngine]: Behavior Tree tick rate 100.00 was exceeded!
[controller_server-8] [INFO] [1789631089.513025544] [controller_server]: Passing new path to controller.
[bt_navigator-11] [WARN] [1789631089.830983702] [BehaviorTreeEngine]: Behavior Tree tick rate 100.00 was exceeded!
[bt_navigator-11] [WARN] [1789631089.841178206] [BehaviorTreeEngine]: Behavior Tree tick rate 100.00 was exceeded!
[bt_navigator-11] [WARN] [1789631089.870102872] [BehaviorTreeEngine]: Behavior Tree tick rate 100.00 was exceeded!
[bt_navigator-11] [WARN] [1789631090.257528249] [BehaviorTreeEngine]: Behavior Tree tick rate 100.00 was exceeded!
[bt_navigator-11] [WARN] [1789631090.316529101] [BehaviorTreeEngine]: Behavior Tree tick rate 100.00 was exceeded!
[bt_navigator-11] [WARN] [1789631090.358936907] [BehaviorTreeEngine]: Behavior Tree tick rate 100.00 was exceeded!
[swerve_bridge_node-14] [WARN] [1789631090.441104420] [swerve_bridge]: Django websocket disconnected: [Errno 111] Connection refused
[bt_navigator-11] [WARN] [1789631090.447551414] [BehaviorTreeEngine]: Behavior Tree tick rate 100.00 was exceeded!
[bt_navigator-11] [WARN] [1789631090.523326921] [BehaviorTreeEngine]: Behavior Tree tick rate 100.00 was exceeded!
[bt_navigator-11] [WARN] [1789631090.526499000] [BehaviorTreeEngine]: Behavior Tree tick rate 100.00 was exceeded!
[controller_server-8] [INFO] [1789631090.613185228] [controller_server]: Passing new path to controller.
[bt_navigator-11] [WARN] [1789631090.634027406] [BehaviorTreeEngine]: Behavior Tree tick rate 100.00 was exceeded!
[bt_navigator-11] [WARN] [1789631090.663128798] [BehaviorTreeEngine]: Behavior Tree tick rate 100.00 was exceeded!
[bt_navigator-11] [WARN] [1789631090.849354154] [BehaviorTreeEngine]: Behavior Tree tick rate 100.00 was exceeded!
[bt_navigator-11] [WARN] [1789631091.416494781] [BehaviorTreeEngine]: Behavior Tree tick rate 100.00 was exceeded!
[bt_navigator-11] [WARN] [1789631091.446520404] [BehaviorTreeEngine]: Behavior Tree tick rate 100.00 was exceeded!
[bt_navigator-11] [WARN] [1789631091.516504125] [BehaviorTreeEngine]: Behavior Tree tick rate 100.00 was exceeded!
[bt_navigator-11] [WARN] [1789631091.540316320] [BehaviorTreeEngine]: Behavior Tree tick rate 100.00 was exceeded!
[controller_server-8] [INFO] [1789631091.611472562] [controller_server]: Passing new path to controller.
[bt_navigator-11] [WARN] [1789631091.648571928] [BehaviorTreeEngine]: Behavior Tree tick rate 100.00 was exceeded!
[bt_navigator-11] [WARN] [1789631091.656659968] [BehaviorTreeEngine]: Behavior Tree tick rate 100.00 was exceeded!
[bt_navigator-11] [WARN] [1789631091.727836199] [BehaviorTreeEngine]: Behavior Tree tick rate 100.00 was exceeded!
[bt_navigator-11] [WARN] [1789631091.819612903] [BehaviorTreeEngine]: Behavior Tree tick rate 100.00 was exceeded!
[bt_navigator-11] [WARN] [1789631091.827013023] [BehaviorTreeEngine]: Behavior Tree tick rate 100.00 was exceeded!
[bt_navigator-11] [WARN] [1789631091.939292554] [BehaviorTreeEngine]: Behavior Tree tick rate 100.00 was exceeded!
[bt_navigator-11] [WARN] [1789631091.949481965] [BehaviorTreeEngine]: Behavior Tree tick rate 100.00 was exceeded!
[bt_navigator-11] [WARN] [1789631092.126894057] [BehaviorTreeEngine]: Behavior Tree tick rate 100.00 was exceeded!
[bt_navigator-11] [WARN] [1789631092.326517375] [BehaviorTreeEngine]: Behavior Tree tick rate 100.00 was exceeded!
[swerve_bridge_node-14] [WARN] [1789631092.444867431] [swerve_bridge]: Django websocket disconnected: [Errno 111] Connection refused
[bt_navigator-11] [WARN] [1789631092.466824561] [BehaviorTreeEngine]: Behavior Tree tick rate 100.00 was exceeded!
[bt_navigator-11] [WARN] [1789631092.488294516] [BehaviorTreeEngine]: Behavior Tree tick rate 100.00 was exceeded!
[bt_navigator-11] [WARN] [1789631092.496984031] [BehaviorTreeEngine]: Behavior Tree tick rate 100.00 was exceeded!
[bt_navigator-11] [WARN] [1789631092.516861307] [BehaviorTreeEngine]: Behavior Tree tick rate 100.00 was exceeded!
[bt_navigator-11] [WARN] [1789631092.559622697] [BehaviorTreeEngine]: Behavior Tree tick rate 100.00 was exceeded!
[bt_navigator-11] [WARN] [1789631092.575985374] [BehaviorTreeEngine]: Behavior Tree tick rate 100.00 was exceeded!
[bt_navigator-11] [WARN] [1789631092.584488834] [BehaviorTreeEngine]: Behavior Tree tick rate 100.00 was exceeded!
[bt_navigator-11] [WARN] [1789631092.594793668] [BehaviorTreeEngine]: Behavior Tree tick rate 100.00 was exceeded!
[bt_navigator-11] [WARN] [1789631092.599973042] [BehaviorTreeEngine]: Behavior Tree tick rate 100.00 was exceeded!
[bt_navigator-11] [WARN] [1789631092.611918242] [BehaviorTreeEngine]: Behavior Tree tick rate 100.00 was exceeded!
[controller_server-8] [INFO] [1789631092.614259404] [controller_server]: Passing new path to controller.
[bt_navigator-11] [WARN] [1789631092.628386874] [BehaviorTreeEngine]: Behavior Tree tick rate 100.00 was exceeded!
[bt_navigator-11] [WARN] [1789631092.663332475] [BehaviorTreeEngine]: Behavior Tree tick rate 100.00 was exceeded!
[bt_navigator-11] [WARN] [1789631092.816957029] [BehaviorTreeEngine]: Behavior Tree tick rate 100.00 was exceeded!
[bt_navigator-11] [WARN] [1789631092.967036747] [BehaviorTreeEngine]: Behavior Tree tick rate 100.00 was exceeded!
[bt_navigator-11] [WARN] [1789631093.125146018] [BehaviorTreeEngine]: Behavior Tree tick rate 100.00 was exceeded!
[bt_navigator-11] [WARN] [1789631093.338984363] [BehaviorTreeEngine]: Behavior Tree tick rate 100.00 was exceeded!
[bt_navigator-11] [WARN] [1789631093.347373402] [BehaviorTreeEngine]: Behavior Tree tick rate 100.00 was exceeded!
[bt_navigator-11] [WARN] [1789631093.357414254] [BehaviorTreeEngine]: Behavior Tree tick rate 100.00 was exceeded!
[bt_navigator-11] [WARN] [1789631093.493559224] [BehaviorTreeEngine]: Behavior Tree tick rate 100.00 was exceeded!
[bt_navigator-11] [WARN] [1789631093.497596139] [BehaviorTreeEngine]: Behavior Tree tick rate 100.00 was exceeded!
[bt_navigator-11] [WARN] [1789631093.518708653] [BehaviorTreeEngine]: Behavior Tree tick rate 100.00 was exceeded!
[controller_server-8] [INFO] [1789631093.612368889] [controller_server]: Passing new path to controller.
[bt_navigator-11] [WARN] [1789631093.657386116] [BehaviorTreeEngine]: Behavior Tree tick rate 100.00 was exceeded!
[bt_navigator-11] [WARN] [1789631093.723500312] [BehaviorTreeEngine]: Behavior Tree tick rate 100.00 was exceeded!
[bt_navigator-11] [WARN] [1789631093.742859754] [BehaviorTreeEngine]: Behavior Tree tick rate 100.00 was exceeded!
[bt_navigator-11] [WARN] [1789631093.747745913] [BehaviorTreeEngine]: Behavior Tree tick rate 100.00 was exceeded!
[bt_navigator-11] [WARN] [1789631093.795214487] [BehaviorTreeEngine]: Behavior Tree tick rate 100.00 was exceeded!
[bt_navigator-11] [WARN] [1789631093.945887664] [BehaviorTreeEngine]: Behavior Tree tick rate 100.00 was exceeded!
[bt_navigator-11] [WARN] [1789631093.961753868] [BehaviorTreeEngine]: Behavior Tree tick rate 100.00 was exceeded!
[bt_navigator-11] [WARN] [1789631094.055474370] [BehaviorTreeEngine]: Behavior Tree tick rate 100.00 was exceeded!
[bt_navigator-11] [WARN] [1789631094.167583420] [BehaviorTreeEngine]: Behavior Tree tick rate 100.00 was exceeded!
[bt_navigator-11] [WARN] [1789631094.179352897] [BehaviorTreeEngine]: Behavior Tree tick rate 100.00 was exceeded!
[bt_navigator-11] [WARN] [1789631094.257953713] [BehaviorTreeEngine]: Behavior Tree tick rate 100.00 was exceeded!
[bt_navigator-11] [WARN] [1789631094.306197250] [BehaviorTreeEngine]: Behavior Tree tick rate 100.00 was exceeded!
[bt_navigator-11] [WARN] [1789631094.435462771] [BehaviorTreeEngine]: Behavior Tree tick rate 100.00 was exceeded!
[swerve_bridge_node-14] [WARN] [1789631094.452625478] [swerve_bridge]: Django websocket disconnected: [Errno 111] Connection refused
[bt_navigator-11] [WARN] [1789631094.518497608] [BehaviorTreeEngine]: Behavior Tree tick rate 100.00 was exceeded!
[bt_navigator-11] [WARN] [1789631094.547938648] [BehaviorTreeEngine]: Behavior Tree tick rate 100.00 was exceeded!
[bt_navigator-11] [WARN] [1789631094.558788005] [BehaviorTreeEngine]: Behavior Tree tick rate 100.00 was exceeded!
[bt_navigator-11] [WARN] [1789631094.725814115] [BehaviorTreeEngine]: Behavior Tree tick rate 100.00 was exceeded!
[bt_navigator-11] [WARN] [1789631094.760490468] [BehaviorTreeEngine]: Behavior Tree tick rate 100.00 was exceeded!
[bt_navigator-11] [WARN] [1789631094.767373135] [BehaviorTreeEngine]: Behavior Tree tick rate 100.00 was exceeded!
[bt_navigator-11] [WARN] [1789631094.805922059] [BehaviorTreeEngine]: Behavior Tree tick rate 100.00 was exceeded!
[bt_navigator-11] [WARN] [1789631094.826900696] [BehaviorTreeEngine]: Behavior Tree tick rate 100.00 was exceeded!
[bt_navigator-11] [WARN] [1789631094.923502608] [BehaviorTreeEngine]: Behavior Tree tick rate 100.00 was exceeded!
[bt_navigator-11] [WARN] [1789631094.938842681] [BehaviorTreeEngine]: Behavior Tree tick rate 100.00 was exceeded!
[bt_navigator-11] [WARN] [1789631095.021129490] [BehaviorTreeEngine]: Behavior Tree tick rate 100.00 was exceeded!
[bt_navigator-11] [WARN] [1789631095.344233618] [BehaviorTreeEngine]: Behavior Tree tick rate 100.00 was exceeded!
[bt_navigator-11] [WARN] [1789631095.359445868] [BehaviorTreeEngine]: Behavior Tree tick rate 100.00 was exceeded!
[bt_navigator-11] [WARN] [1789631095.492258916] [BehaviorTreeEngine]: Behavior Tree tick rate 100.00 was exceeded!
[bt_navigator-11] [WARN] [1789631095.571082879] [BehaviorTreeEngine]: Behavior Tree tick rate 100.00 was exceeded!
[bt_navigator-11] [WARN] [1789631095.655916971] [BehaviorTreeEngine]: Behavior Tree tick rate 100.00 was exceeded!
[bt_navigator-11] [WARN] [1789631095.669746540] [BehaviorTreeEngine]: Behavior Tree tick rate 100.00 was exceeded!
[bt_navigator-11] [WARN] [1789631095.710041952] [BehaviorTreeEngine]: Behavior Tree tick rate 100.00 was exceeded!
[controller_server-8] [INFO] [1789631095.711148024] [controller_server]: Passing new path to controller.
[bt_navigator-11] [WARN] [1789631095.861567644] [BehaviorTreeEngine]: Behavior Tree tick rate 100.00 was exceeded!
[bt_navigator-11] [WARN] [1789631096.033291578] [BehaviorTreeEngine]: Behavior Tree tick rate 100.00 was exceeded!
[bt_navigator-11] [WARN] [1789631096.236843713] [BehaviorTreeEngine]: Behavior Tree tick rate 100.00 was exceeded!
[bt_navigator-11] [WARN] [1789631096.324100609] [BehaviorTreeEngine]: Behavior Tree tick rate 100.00 was exceeded!
[bt_navigator-11] [WARN] [1789631096.354326519] [BehaviorTreeEngine]: Behavior Tree tick rate 100.00 was exceeded!
[swerve_bridge_node-14] [WARN] [1789631096.457255443] [swerve_bridge]: Django websocket disconnected: [Errno 111] Connection refused
[bt_navigator-11] [WARN] [1789631096.460367743] [BehaviorTreeEngine]: Behavior Tree tick rate 100.00 was exceeded!
[bt_navigator-11] [WARN] [1789631096.524848743] [BehaviorTreeEngine]: Behavior Tree tick rate 100.00 was exceeded!
[bt_navigator-11] [WARN] [1789631096.563942585] [BehaviorTreeEngine]: Behavior Tree tick rate 100.00 was exceeded!
[bt_navigator-11] [WARN] [1789631096.623300974] [BehaviorTreeEngine]: Behavior Tree tick rate 100.00 was exceeded!
[bt_navigator-11] [WARN] [1789631096.663772567] [BehaviorTreeEngine]: Behavior Tree tick rate 100.00 was exceeded!
[bt_navigator-11] [WARN] [1789631096.680105271] [BehaviorTreeEngine]: Behavior Tree tick rate 100.00 was exceeded!
[controller_server-8] [INFO] [1789631096.711032343] [controller_server]: Passing new path to controller.
[bt_navigator-11] [WARN] [1789631096.716853233] [BehaviorTreeEngine]: Behavior Tree tick rate 100.00 was exceeded!
[bt_navigator-11] [WARN] [1789631096.720543274] [BehaviorTreeEngine]: Behavior Tree tick rate 100.00 was exceeded!
[bt_navigator-11] [WARN] [1789631096.760629979] [BehaviorTreeEngine]: Behavior Tree tick rate 100.00 was exceeded!
[bt_navigator-11] [WARN] [1789631096.902319751] [BehaviorTreeEngine]: Behavior Tree tick rate 100.00 was exceeded!
[bt_navigator-11] [WARN] [1789631096.981634808] [BehaviorTreeEngine]: Behavior Tree tick rate 100.00 was exceeded!
[bt_navigator-11] [WARN] [1789631097.142305107] [BehaviorTreeEngine]: Behavior Tree tick rate 100.00 was exceeded!
[bt_navigator-11] [WARN] [1789631097.183288812] [BehaviorTreeEngine]: Behavior Tree tick rate 100.00 was exceeded!
[bt_navigator-11] [WARN] [1789631097.732629340] [BehaviorTreeEngine]: Behavior Tree tick rate 100.00 was exceeded!
[bt_navigator-11] [WARN] [1789631097.753604902] [BehaviorTreeEngine]: Behavior Tree tick rate 100.00 was exceeded!
[bt_navigator-11] [WARN] [1789631097.764174275] [BehaviorTreeEngine]: Behavior Tree tick rate 100.00 was exceeded!
[controller_server-8] [INFO] [1789631097.810930113] [controller_server]: Passing new path to controller.
[bt_navigator-11] [WARN] [1789631097.867688917] [BehaviorTreeEngine]: Behavior Tree tick rate 100.00 was exceeded!
[bt_navigator-11] [WARN] [1789631098.368661931] [BehaviorTreeEngine]: Behavior Tree tick rate 100.00 was exceeded!
[swerve_bridge_node-14] [WARN] [1789631098.458415503] [swerve_bridge]: Django websocket disconnected: [Errno 111] Connection refused
[bt_navigator-11] [WARN] [1789631098.525420370] [BehaviorTreeEngine]: Behavior Tree tick rate 100.00 was exceeded!
[bt_navigator-11] [WARN] [1789631098.534429632] [BehaviorTreeEngine]: Behavior Tree tick rate 100.00 was exceeded!
[bt_navigator-11] [WARN] [1789631098.555002426] [BehaviorTreeEngine]: Behavior Tree tick rate 100.00 was exceeded!
[bt_navigator-11] [WARN] [1789631098.577911418] [BehaviorTreeEngine]: Behavior Tree tick rate 100.00 was exceeded!
[bt_navigator-11] [WARN] [1789631098.585907365] [BehaviorTreeEngine]: Behavior Tree tick rate 100.00 was exceeded!
[bt_navigator-11] [WARN] [1789631098.737511771] [BehaviorTreeEngine]: Behavior Tree tick rate 100.00 was exceeded!
[controller_server-8] [INFO] [1789631098.859823422] [controller_server]: Passing new path to controller.
[bt_navigator-11] [WARN] [1789631098.877156204] [BehaviorTreeEngine]: Behavior Tree tick rate 100.00 was exceeded!
[controller_server-8] [WARN] [1789631098.926262704] [controller_server]: Control loop missed its desired rate of 10.0000Hz
[bt_navigator-11] [WARN] [1789631099.230984224] [BehaviorTreeEngine]: Behavior Tree tick rate 100.00 was exceeded!
[bt_navigator-11] [WARN] [1789631099.247351402] [BehaviorTreeEngine]: Behavior Tree tick rate 100.00 was exceeded!
[bt_navigator-11] [WARN] [1789631099.267556824] [BehaviorTreeEngine]: Behavior Tree tick rate 100.00 was exceeded!
[bt_navigator-11] [WARN] [1789631099.341834014] [BehaviorTreeEngine]: Behavior Tree tick rate 100.00 was exceeded!
[bt_navigator-11] [WARN] [1789631099.460989872] [BehaviorTreeEngine]: Behavior Tree tick rate 100.00 was exceeded!
[bt_navigator-11] [WARN] [1789631099.561091270] [BehaviorTreeEngine]: Behavior Tree tick rate 100.00 was exceeded!
[bt_navigator-11] [WARN] [1789631099.657802775] [BehaviorTreeEngine]: Behavior Tree tick rate 100.00 was exceeded!
[bt_navigator-11] [WARN] [1789631099.739807477] [BehaviorTreeEngine]: Behavior Tree tick rate 100.00 was exceeded!
[controller_server-8] [INFO] [1789631099.811521206] [controller_server]: Passing new path to controller.
[bt_navigator-11] [WARN] [1789631100.049567419] [BehaviorTreeEngine]: Behavior Tree tick rate 100.00 was exceeded!
[controller_server-8] [ERROR] [1789631100.114313149] [controller_server]: Failed to make progress
[controller_server-8] [WARN] [1789631100.114468564] [controller_server]: [follow_path] [ActionServer] Aborting handle.
[controller_server-8] [INFO] [1789631100.129792772] [local_costmap.local_costmap]: Received request to clear entirely the local_costmap
[planner_server-9] [INFO] [1789631100.132094408] [global_costmap.global_costmap]: Received request to clear entirely the global_costmap
[bt_navigator-11] [WARN] [1789631100.137856274] [BehaviorTreeEngine]: Behavior Tree tick rate 100.00 was exceeded!
[controller_server-8] [INFO] [1789631100.270986558] [controller_server]: Received a goal, begin computing control effort.
[bt_navigator-11] [WARN] [1789631100.302667818] [BehaviorTreeEngine]: Behavior Tree tick rate 100.00 was exceeded!
[swerve_bridge_node-14] [WARN] [1789631100.466622836] [swerve_bridge]: Django websocket disconnected: [Errno 111] Connection refused
[bt_navigator-11] [WARN] [1789631100.585469593] [BehaviorTreeEngine]: Behavior Tree tick rate 100.00 was exceeded!
[bt_navigator-11] [WARN] [1789631100.600026944] [BehaviorTreeEngine]: Behavior Tree tick rate 100.00 was exceeded!
[bt_navigator-11] [WARN] [1789631100.638806607] [BehaviorTreeEngine]: Behavior Tree tick rate 100.00 was exceeded!
[bt_navigator-11] [WARN] [1789631100.692054834] [BehaviorTreeEngine]: Behavior Tree tick rate 100.00 was exceeded!
[bt_navigator-11] [WARN] [1789631100.713286099] [BehaviorTreeEngine]: Behavior Tree tick rate 100.00 was exceeded!
[bt_navigator-11] [WARN] [1789631100.729051513] [BehaviorTreeEngine]: Behavior Tree tick rate 100.00 was exceeded!
[bt_navigator-11] [WARN] [1789631100.832971718] [BehaviorTreeEngine]: Behavior Tree tick rate 100.00 was exceeded!
[bt_navigator-11] [WARN] [1789631101.023461286] [BehaviorTreeEngine]: Behavior Tree tick rate 100.00 was exceeded!
[bt_navigator-11] [WARN] [1789631101.104361358] [BehaviorTreeEngine]: Behavior Tree tick rate 100.00 was exceeded!
[bt_navigator-11] [WARN] [1789631101.284849051] [BehaviorTreeEngine]: Behavior Tree tick rate 100.00 was exceeded!
[bt_navigator-11] [WARN] [1789631101.305829766] [BehaviorTreeEngine]: Behavior Tree tick rate 100.00 was exceeded!
[bt_navigator-11] [WARN] [1789631101.334430832] [BehaviorTreeEngine]: Behavior Tree tick rate 100.00 was exceeded!
[bt_navigator-11] [WARN] [1789631101.363141926] [BehaviorTreeEngine]: Behavior Tree tick rate 100.00 was exceeded!
[controller_server-8] [INFO] [1789631101.373501193] [controller_server]: Passing new path to controller.
[bt_navigator-11] [WARN] [1789631101.417473738] [BehaviorTreeEngine]: Behavior Tree tick rate 100.00 was exceeded!
[bt_navigator-11] [WARN] [1789631101.423474424] [BehaviorTreeEngine]: Behavior Tree tick rate 100.00 was exceeded!
[bt_navigator-11] [WARN] [1789631101.474085572] [BehaviorTreeEngine]: Behavior Tree tick rate 100.00 was exceeded!
[bt_navigator-11] [WARN] [1789631101.499115679] [BehaviorTreeEngine]: Behavior Tree tick rate 100.00 was exceeded!
[bt_navigator-11] [WARN] [1789631101.504083973] [BehaviorTreeEngine]: Behavior Tree tick rate 100.00 was exceeded!
[bt_navigator-11] [WARN] [1789631101.717236242] [BehaviorTreeEngine]: Behavior Tree tick rate 100.00 was exceeded!
[bt_navigator-11] [WARN] [1789631101.725087903] [BehaviorTreeEngine]: Behavior Tree tick rate 100.00 was exceeded!
[bt_navigator-11] [WARN] [1789631101.823907615] [BehaviorTreeEngine]: Behavior Tree tick rate 100.00 was exceeded!
[bt_navigator-11] [WARN] [1789631101.883404958] [BehaviorTreeEngine]: Behavior Tree tick rate 100.00 was exceeded!
[bt_navigator-11] [WARN] [1789631101.988573136] [BehaviorTreeEngine]: Behavior Tree tick rate 100.00 was exceeded!
[bt_navigator-11] [WARN] [1789631102.034134903] [BehaviorTreeEngine]: Behavior Tree tick rate 100.00 was exceeded!
[bt_navigator-11] [WARN] [1789631102.125909135] [BehaviorTreeEngine]: Behavior Tree tick rate 100.00 was exceeded!
[bt_navigator-11] [WARN] [1789631102.323353436] [BehaviorTreeEngine]: Behavior Tree tick rate 100.00 was exceeded!
[controller_server-8] [INFO] [1789631102.373235936] [controller_server]: Passing new path to controller.
[swerve_bridge_node-14] [WARN] [1789631102.468233488] [swerve_bridge]: Django websocket disconnected: [Errno 111] Connection refused
[bt_navigator-11] [WARN] [1789631102.563829257] [BehaviorTreeEngine]: Behavior Tree tick rate 100.00 was exceeded!
[bt_navigator-11] [WARN] [1789631102.681669082] [BehaviorTreeEngine]: Behavior Tree tick rate 100.00 was exceeded!
[bt_navigator-11] [WARN] [1789631102.686481638] [BehaviorTreeEngine]: Behavior Tree tick rate 100.00 was exceeded!
[bt_navigator-11] [WARN] [1789631102.693407962] [BehaviorTreeEngine]: Behavior Tree tick rate 100.00 was exceeded!
[bt_navigator-11] [WARN] [1789631102.727068774] [BehaviorTreeEngine]: Behavior Tree tick rate 100.00 was exceeded!
[bt_navigator-11] [WARN] [1789631102.923615249] [BehaviorTreeEngine]: Behavior Tree tick rate 100.00 was exceeded!
[bt_navigator-11] [WARN] [1789631103.332316339] [BehaviorTreeEngine]: Behavior Tree tick rate 100.00 was exceeded!
[bt_navigator-11] [WARN] [1789631103.335240201] [BehaviorTreeEngine]: Behavior Tree tick rate 100.00 was exceeded!
[controller_server-8] [INFO] [1789631103.374499259] [controller_server]: Passing new path to controller.
[bt_navigator-11] [WARN] [1789631103.434564135] [BehaviorTreeEngine]: Behavior Tree tick rate 100.00 was exceeded!
[bt_navigator-11] [WARN] [1789631103.483467077] [BehaviorTreeEngine]: Behavior Tree tick rate 100.00 was exceeded!
[bt_navigator-11] [WARN] [1789631103.818180738] [BehaviorTreeEngine]: Behavior Tree tick rate 100.00 was exceeded!
[bt_navigator-11] [WARN] [1789631103.844469495] [BehaviorTreeEngine]: Behavior Tree tick rate 100.00 was exceeded!
[bt_navigator-11] [WARN] [1789631104.089095159] [BehaviorTreeEngine]: Behavior Tree tick rate 100.00 was exceeded!
[bt_navigator-11] [WARN] [1789631104.198297819] [BehaviorTreeEngine]: Behavior Tree tick rate 100.00 was exceeded!
[bt_navigator-11] [WARN] [1789631104.218690567] [BehaviorTreeEngine]: Behavior Tree tick rate 100.00 was exceeded!
[bt_navigator-11] [WARN] [1789631104.334513074] [BehaviorTreeEngine]: Behavior Tree tick rate 100.00 was exceeded!
[bt_navigator-11] [WARN] [1789631104.346710861] [BehaviorTreeEngine]: Behavior Tree tick rate 100.00 was exceeded!
[bt_navigator-11] [WARN] [1789631104.380493616] [BehaviorTreeEngine]: Behavior Tree tick rate 100.00 was exceeded!
[bt_navigator-11] [WARN] [1789631104.397311264] [BehaviorTreeEngine]: Behavior Tree tick rate 100.00 was exceeded!
[controller_server-8] [INFO] [1789631104.473604734] [controller_server]: Passing new path to controller.
[swerve_bridge_node-14] [WARN] [1789631104.477821351] [swerve_bridge]: Django websocket disconnected: [Errno 111] Connection refused
[bt_navigator-11] [WARN] [1789631104.598602440] [BehaviorTreeEngine]: Behavior Tree tick rate 100.00 was exceeded!
[bt_navigator-11] [WARN] [1789631105.032716183] [BehaviorTreeEngine]: Behavior Tree tick rate 100.00 was exceeded!
[bt_navigator-11] [WARN] [1789631105.069969669] [BehaviorTreeEngine]: Behavior Tree tick rate 100.00 was exceeded!
[bt_navigator-11] [WARN] [1789631105.116724737] [BehaviorTreeEngine]: Behavior Tree tick rate 100.00 was exceeded!
[bt_navigator-11] [WARN] [1789631105.122596752] [BehaviorTreeEngine]: Behavior Tree tick rate 100.00 was exceeded!
[bt_navigator-11] [WARN] [1789631105.198555220] [BehaviorTreeEngine]: Behavior Tree tick rate 100.00 was exceeded!
[bt_navigator-11] [WARN] [1789631105.203118862] [BehaviorTreeEngine]: Behavior Tree tick rate 100.00 was exceeded!
[bt_navigator-11] [WARN] [1789631105.256796950] [BehaviorTreeEngine]: Behavior Tree tick rate 100.00 was exceeded!
[bt_navigator-11] [WARN] [1789631105.470760173] [BehaviorTreeEngine]: Behavior Tree tick rate 100.00 was exceeded!
[controller_server-8] [INFO] [1789631105.482931257] [controller_server]: Passing new path to controller.
[bt_navigator-11] [WARN] [1789631105.485495845] [BehaviorTreeEngine]: Behavior Tree tick rate 100.00 was exceeded!
[bt_navigator-11] [WARN] [1789631105.492727027] [BehaviorTreeEngine]: Behavior Tree tick rate 100.00 was exceeded!
[bt_navigator-11] [WARN] [1789631105.512104709] [BehaviorTreeEngine]: Behavior Tree tick rate 100.00 was exceeded!
[bt_navigator-11] [WARN] [1789631105.610639390] [BehaviorTreeEngine]: Behavior Tree tick rate 100.00 was exceeded!
[bt_navigator-11] [WARN] [1789631105.820184580] [BehaviorTreeEngine]: Behavior Tree tick rate 100.00 was exceeded!
[bt_navigator-11] [WARN] [1789631105.852411429] [BehaviorTreeEngine]: Behavior Tree tick rate 100.00 was exceeded!
[bt_navigator-11] [WARN] [1789631105.883979405] [BehaviorTreeEngine]: Behavior Tree tick rate 100.00 was exceeded!
[bt_navigator-11] [WARN] [1789631105.970876341] [BehaviorTreeEngine]: Behavior Tree tick rate 100.00 was exceeded!
[bt_navigator-11] [WARN] [1789631106.301985137] [BehaviorTreeEngine]: Behavior Tree tick rate 100.00 was exceeded!
[bt_navigator-11] [WARN] [1789631106.345207162] [BehaviorTreeEngine]: Behavior Tree tick rate 100.00 was exceeded!
[bt_navigator-11] [WARN] [1789631106.410455599] [BehaviorTreeEngine]: Behavior Tree tick rate 100.00 was exceeded!
[controller_server-8] [INFO] [1789631106.473124113] [controller_server]: Passing new path to controller.
[swerve_bridge_node-14] [WARN] [1789631106.479843092] [swerve_bridge]: Django websocket disconnected: [Errno 111] Connection refused
[bt_navigator-11] [WARN] [1789631106.514634711] [BehaviorTreeEngine]: Behavior Tree tick rate 100.00 was exceeded!
[bt_navigator-11] [WARN] [1789631106.559626941] [BehaviorTreeEngine]: Behavior Tree tick rate 100.00 was exceeded!
[bt_navigator-11] [WARN] [1789631106.591519988] [BehaviorTreeEngine]: Behavior Tree tick rate 100.00 was exceeded!
[bt_navigator-11] [WARN] [1789631106.603417436] [BehaviorTreeEngine]: Behavior Tree tick rate 100.00 was exceeded!
[bt_navigator-11] [WARN] [1789631106.615450554] [BehaviorTreeEngine]: Behavior Tree tick rate 100.00 was exceeded!
[bt_navigator-11] [WARN] [1789631106.620982399] [BehaviorTreeEngine]: Behavior Tree tick rate 100.00 was exceeded!
[bt_navigator-11] [WARN] [1789631106.639546520] [BehaviorTreeEngine]: Behavior Tree tick rate 100.00 was exceeded!
[bt_navigator-11] [WARN] [1789631106.640316619] [BehaviorTreeEngine]: Behavior Tree tick rate 100.00 was exceeded!
[bt_navigator-11] [WARN] [1789631106.679773218] [BehaviorTreeEngine]: Behavior Tree tick rate 100.00 was exceeded!
[bt_navigator-11] [WARN] [1789631106.757116366] [BehaviorTreeEngine]: Behavior Tree tick rate 100.00 was exceeded!
[bt_navigator-11] [WARN] [1789631106.796045730] [BehaviorTreeEngine]: Behavior Tree tick rate 100.00 was exceeded!
[bt_navigator-11] [WARN] [1789631106.805893929] [BehaviorTreeEngine]: Behavior Tree tick rate 100.00 was exceeded!
[bt_navigator-11] [WARN] [1789631106.810056129] [BehaviorTreeEngine]: Behavior Tree tick rate 100.00 was exceeded!
[bt_navigator-11] [WARN] [1789631106.841481540] [BehaviorTreeEngine]: Behavior Tree tick rate 100.00 was exceeded!
[bt_navigator-11] [WARN] [1789631106.882978293] [BehaviorTreeEngine]: Behavior Tree tick rate 100.00 was exceeded!
[bt_navigator-11] [WARN] [1789631106.943830730] [BehaviorTreeEngine]: Behavior Tree tick rate 100.00 was exceeded!
[bt_navigator-11] [WARN] [1789631106.969668649] [BehaviorTreeEngine]: Behavior Tree tick rate 100.00 was exceeded!
[bt_navigator-11] [WARN] [1789631106.994692805] [BehaviorTreeEngine]: Behavior Tree tick rate 100.00 was exceeded!
[bt_navigator-11] [WARN] [1789631107.020476134] [BehaviorTreeEngine]: Behavior Tree tick rate 100.00 was exceeded!
[bt_navigator-11] [WARN] [1789631107.052115876] [BehaviorTreeEngine]: Behavior Tree tick rate 100.00 was exceeded!
[bt_navigator-11] [WARN] [1789631107.132148019] [BehaviorTreeEngine]: Behavior Tree tick rate 100.00 was exceeded!
[bt_navigator-11] [WARN] [1789631107.161660120] [BehaviorTreeEngine]: Behavior Tree tick rate 100.00 was exceeded!
[bt_navigator-11] [WARN] [1789631107.446202422] [BehaviorTreeEngine]: Behavior Tree tick rate 100.00 was exceeded!
[bt_navigator-11] [WARN] [1789631107.459436489] [BehaviorTreeEngine]: Behavior Tree tick rate 100.00 was exceeded!
[bt_navigator-11] [WARN] [1789631107.479049433] [BehaviorTreeEngine]: Behavior Tree tick rate 100.00 was exceeded!
[bt_navigator-11] [WARN] [1789631107.521057456] [BehaviorTreeEngine]: Behavior Tree tick rate 100.00 was exceeded!
[controller_server-8] [INFO] [1789631107.575585772] [controller_server]: Passing new path to controller.
[bt_navigator-11] [WARN] [1789631107.611180657] [BehaviorTreeEngine]: Behavior Tree tick rate 100.00 was exceeded!
[bt_navigator-11] [WARN] [1789631107.835864839] [BehaviorTreeEngine]: Behavior Tree tick rate 100.00 was exceeded!
[bt_navigator-11] [WARN] [1789631107.994047557] [BehaviorTreeEngine]: Behavior Tree tick rate 100.00 was exceeded!
[bt_navigator-11] [WARN] [1789631108.142479409] [BehaviorTreeEngine]: Behavior Tree tick rate 100.00 was exceeded!
[bt_navigator-11] [WARN] [1789631108.242768697] [BehaviorTreeEngine]: Behavior Tree tick rate 100.00 was exceeded!
[swerve_bridge_node-14] [WARN] [1789631108.482019867] [swerve_bridge]: Django websocket disconnected: [Errno 111] Connection refused
[bt_navigator-11] [WARN] [1789631108.512958121] [BehaviorTreeEngine]: Behavior Tree tick rate 100.00 was exceeded!
[bt_navigator-11] [WARN] [1789631108.553242294] [BehaviorTreeEngine]: Behavior Tree tick rate 100.00 was exceeded!
[controller_server-8] [INFO] [1789631108.573639364] [controller_server]: Passing new path to controller.
[bt_navigator-11] [WARN] [1789631108.587693230] [BehaviorTreeEngine]: Behavior Tree tick rate 100.00 was exceeded!
[bt_navigator-11] [WARN] [1789631108.594784038] [BehaviorTreeEngine]: Behavior Tree tick rate 100.00 was exceeded!
[bt_navigator-11] [WARN] [1789631108.620199288] [BehaviorTreeEngine]: Behavior Tree tick rate 100.00 was exceeded!
[bt_navigator-11] [WARN] [1789631108.656095350] [BehaviorTreeEngine]: Behavior Tree tick rate 100.00 was exceeded!
[bt_navigator-11] [WARN] [1789631108.661077620] [BehaviorTreeEngine]: Behavior Tree tick rate 100.00 was exceeded!
[bt_navigator-11] [WARN] [1789631108.691653416] [BehaviorTreeEngine]: Behavior Tree tick rate 100.00 was exceeded!
[bt_navigator-11] [WARN] [1789631108.811894052] [BehaviorTreeEngine]: Behavior Tree tick rate 100.00 was exceeded!
[bt_navigator-11] [WARN] [1789631108.831968224] [BehaviorTreeEngine]: Behavior Tree tick rate 100.00 was exceeded!
[bt_navigator-11] [WARN] [1789631108.847971893] [BehaviorTreeEngine]: Behavior Tree tick rate 100.00 was exceeded!
[bt_navigator-11] [WARN] [1789631108.912133391] [BehaviorTreeEngine]: Behavior Tree tick rate 100.00 was exceeded!
[bt_navigator-11] [WARN] [1789631108.925103742] [BehaviorTreeEngine]: Behavior Tree tick rate 100.00 was exceeded!
[bt_navigator-11] [WARN] [1789631109.284217419] [BehaviorTreeEngine]: Behavior Tree tick rate 100.00 was exceeded!
[bt_navigator-11] [WARN] [1789631109.311276299] [BehaviorTreeEngine]: Behavior Tree tick rate 100.00 was exceeded!
[bt_navigator-11] [WARN] [1789631109.484706321] [BehaviorTreeEngine]: Behavior Tree tick rate 100.00 was exceeded!
[bt_navigator-11] [WARN] [1789631109.491869662] [BehaviorTreeEngine]: Behavior Tree tick rate 100.00 was exceeded!
[bt_navigator-11] [WARN] [1789631109.571787651] [BehaviorTreeEngine]: Behavior Tree tick rate 100.00 was exceeded!
[controller_server-8] [INFO] [1789631109.572663221] [controller_server]: Passing new path to controller.
[bt_navigator-11] [WARN] [1789631109.631907822] [BehaviorTreeEngine]: Behavior Tree tick rate 100.00 was exceeded!
[bt_navigator-11] [WARN] [1789631109.724782638] [BehaviorTreeEngine]: Behavior Tree tick rate 100.00 was exceeded!
[bt_navigator-11] [WARN] [1789631109.756553513] [BehaviorTreeEngine]: Behavior Tree tick rate 100.00 was exceeded!
[bt_navigator-11] [WARN] [1789631109.762227877] [BehaviorTreeEngine]: Behavior Tree tick rate 100.00 was exceeded!
[bt_navigator-11] [WARN] [1789631110.003956812] [BehaviorTreeEngine]: Behavior Tree tick rate 100.00 was exceeded!
[bt_navigator-11] [WARN] [1789631110.017856338] [BehaviorTreeEngine]: Behavior Tree tick rate 100.00 was exceeded!
[bt_navigator-11] [WARN] [1789631110.028677245] [BehaviorTreeEngine]: Behavior Tree tick rate 100.00 was exceeded!
[bt_navigator-11] [WARN] [1789631110.041576485] [BehaviorTreeEngine]: Behavior Tree tick rate 100.00 was exceeded!
[bt_navigator-11] [WARN] [1789631110.181845613] [BehaviorTreeEngine]: Behavior Tree tick rate 100.00 was exceeded!
[bt_navigator-11] [WARN] [1789631110.323408221] [BehaviorTreeEngine]: Behavior Tree tick rate 100.00 was exceeded!
[bt_navigator-11] [WARN] [1789631110.343151121] [BehaviorTreeEngine]: Behavior Tree tick rate 100.00 was exceeded!
[bt_navigator-11] [WARN] [1789631110.351925528] [BehaviorTreeEngine]: Behavior Tree tick rate 100.00 was exceeded!
[swerve_bridge_node-14] [WARN] [1789631110.483341007] [swerve_bridge]: Django websocket disconnected: [Errno 111] Connection refused
[controller_server-8] [INFO] [1789631110.673640108] [controller_server]: Passing new path to controller.
[bt_navigator-11] [WARN] [1789631110.872754898] [BehaviorTreeEngine]: Behavior Tree tick rate 100.00 was exceeded!
[bt_navigator-11] [WARN] [1789631110.896278192] [BehaviorTreeEngine]: Behavior Tree tick rate 100.00 was exceeded!
[bt_navigator-11] [WARN] [1789631110.952917940] [BehaviorTreeEngine]: Behavior Tree tick rate 100.00 was exceeded!
[bt_navigator-11] [WARN] [1789631111.046286493] [BehaviorTreeEngine]: Behavior Tree tick rate 100.00 was exceeded!
[bt_navigator-11] [WARN] [1789631111.485288244] [BehaviorTreeEngine]: Behavior Tree tick rate 100.00 was exceeded!
[bt_navigator-11] [WARN] [1789631111.582104280] [BehaviorTreeEngine]: Behavior Tree tick rate 100.00 was exceeded!
[bt_navigator-11] [WARN] [1789631111.627987863] [BehaviorTreeEngine]: Behavior Tree tick rate 100.00 was exceeded!
[bt_navigator-11] [WARN] [1789631111.634025445] [BehaviorTreeEngine]: Behavior Tree tick rate 100.00 was exceeded!
[controller_server-8] [INFO] [1789631111.672950074] [controller_server]: Passing new path to controller.
[bt_navigator-11] [WARN] [1789631111.826088468] [BehaviorTreeEngine]: Behavior Tree tick rate 100.00 was exceeded!
[bt_navigator-11] [WARN] [1789631111.831864232] [BehaviorTreeEngine]: Behavior Tree tick rate 100.00 was exceeded!
[bt_navigator-11] [WARN] [1789631111.952362949] [BehaviorTreeEngine]: Behavior Tree tick rate 100.00 was exceeded!
[bt_navigator-11] [WARN] [1789631112.002129311] [BehaviorTreeEngine]: Behavior Tree tick rate 100.00 was exceeded!
[bt_navigator-11] [WARN] [1789631112.144636266] [BehaviorTreeEngine]: Behavior Tree tick rate 100.00 was exceeded!
[bt_navigator-11] [WARN] [1789631112.230298155] [BehaviorTreeEngine]: Behavior Tree tick rate 100.00 was exceeded!
[bt_navigator-11] [WARN] [1789631112.235043456] [BehaviorTreeEngine]: Behavior Tree tick rate 100.00 was exceeded!
[bt_navigator-11] [WARN] [1789631112.269465386] [BehaviorTreeEngine]: Behavior Tree tick rate 100.00 was exceeded!
[bt_navigator-11] [WARN] [1789631112.272889299] [BehaviorTreeEngine]: Behavior Tree tick rate 100.00 was exceeded!
[bt_navigator-11] [WARN] [1789631112.309536577] [BehaviorTreeEngine]: Behavior Tree tick rate 100.00 was exceeded!
[bt_navigator-11] [WARN] [1789631112.312258785] [BehaviorTreeEngine]: Behavior Tree tick rate 100.00 was exceeded!
[bt_navigator-11] [WARN] [1789631112.412197856] [BehaviorTreeEngine]: Behavior Tree tick rate 100.00 was exceeded!
[bt_navigator-11] [WARN] [1789631112.430319843] [BehaviorTreeEngine]: Behavior Tree tick rate 100.00 was exceeded!
[swerve_bridge_node-14] [WARN] [1789631112.484603428] [swerve_bridge]: Django websocket disconnected: [Errno 111] Connection refused
[bt_navigator-11] [WARN] [1789631112.522152887] [BehaviorTreeEngine]: Behavior Tree tick rate 100.00 was exceeded!
[bt_navigator-11] [WARN] [1789631112.637219352] [BehaviorTreeEngine]: Behavior Tree tick rate 100.00 was exceeded!
[bt_navigator-11] [WARN] [1789631112.666237175] [BehaviorTreeEngine]: Behavior Tree tick rate 100.00 was exceeded!
[controller_server-8] [INFO] [1789631112.679272066] [controller_server]: Passing new path to controller.
[bt_navigator-11] [WARN] [1789631112.733303436] [BehaviorTreeEngine]: Behavior Tree tick rate 100.00 was exceeded!
[bt_navigator-11] [WARN] [1789631113.147903006] [BehaviorTreeEngine]: Behavior Tree tick rate 100.00 was exceeded!
[bt_navigator-11] [WARN] [1789631113.166358246] [BehaviorTreeEngine]: Behavior Tree tick rate 100.00 was exceeded!
[bt_navigator-11] [WARN] [1789631113.186041086] [BehaviorTreeEngine]: Behavior Tree tick rate 100.00 was exceeded!
[bt_navigator-11] [WARN] [1789631113.247035691] [BehaviorTreeEngine]: Behavior Tree tick rate 100.00 was exceeded!
[bt_navigator-11] [WARN] [1789631113.507393398] [BehaviorTreeEngine]: Behavior Tree tick rate 100.00 was exceeded!
[bt_navigator-11] [WARN] [1789631113.606777224] [BehaviorTreeEngine]: Behavior Tree tick rate 100.00 was exceeded!
[bt_navigator-11] [WARN] [1789631113.678498729] [BehaviorTreeEngine]: Behavior Tree tick rate 100.00 was exceeded!
[bt_navigator-11] [WARN] [1789631113.738092092] [BehaviorTreeEngine]: Behavior Tree tick rate 100.00 was exceeded!
[controller_server-8] [INFO] [1789631113.775214380] [controller_server]: Passing new path to controller.
[bt_navigator-11] [WARN] [1789631113.823314704] [BehaviorTreeEngine]: Behavior Tree tick rate 100.00 was exceeded!
[bt_navigator-11] [WARN] [1789631113.828773851] [BehaviorTreeEngine]: Behavior Tree tick rate 100.00 was exceeded!
[bt_navigator-11] [WARN] [1789631113.838455261] [BehaviorTreeEngine]: Behavior Tree tick rate 100.00 was exceeded!
[bt_navigator-11] [WARN] [1789631113.873316630] [BehaviorTreeEngine]: Behavior Tree tick rate 100.00 was exceeded!
[bt_navigator-11] [WARN] [1789631113.884933264] [BehaviorTreeEngine]: Behavior Tree tick rate 100.00 was exceeded!
[bt_navigator-11] [WARN] [1789631113.889674601] [BehaviorTreeEngine]: Behavior Tree tick rate 100.00 was exceeded!
[bt_navigator-11] [WARN] [1789631113.901558328] [BehaviorTreeEngine]: Behavior Tree tick rate 100.00 was exceeded!
[bt_navigator-11] [WARN] [1789631114.098405158] [BehaviorTreeEngine]: Behavior Tree tick rate 100.00 was exceeded!
[bt_navigator-11] [WARN] [1789631114.288471385] [BehaviorTreeEngine]: Behavior Tree tick rate 100.00 was exceeded!
[bt_navigator-11] [WARN] [1789631114.449763430] [BehaviorTreeEngine]: Behavior Tree tick rate 100.00 was exceeded!
[bt_navigator-11] [WARN] [1789631114.490945748] [BehaviorTreeEngine]: Behavior Tree tick rate 100.00 was exceeded!
[swerve_bridge_node-14] [WARN] [1789631114.493480130] [swerve_bridge]: Django websocket disconnected: [Errno 111] Connection refused
[bt_navigator-11] [WARN] [1789631114.522765741] [BehaviorTreeEngine]: Behavior Tree tick rate 100.00 was exceeded!
[bt_navigator-11] [WARN] [1789631114.530479955] [BehaviorTreeEngine]: Behavior Tree tick rate 100.00 was exceeded!
[bt_navigator-11] [WARN] [1789631114.717660270] [BehaviorTreeEngine]: Behavior Tree tick rate 100.00 was exceeded!
[bt_navigator-11] [WARN] [1789631114.769402494] [BehaviorTreeEngine]: Behavior Tree tick rate 100.00 was exceeded!
[controller_server-8] [INFO] [1789631114.777635619] [controller_server]: Passing new path to controller.
[bt_navigator-11] [WARN] [1789631114.853756960] [BehaviorTreeEngine]: Behavior Tree tick rate 100.00 was exceeded!
[bt_navigator-11] [WARN] [1789631114.862081555] [BehaviorTreeEngine]: Behavior Tree tick rate 100.00 was exceeded!
[bt_navigator-11] [WARN] [1789631114.991189246] [BehaviorTreeEngine]: Behavior Tree tick rate 100.00 was exceeded!
[bt_navigator-11] [WARN] [1789631115.103593841] [BehaviorTreeEngine]: Behavior Tree tick rate 100.00 was exceeded!
[bt_navigator-11] [WARN] [1789631115.112071544] [BehaviorTreeEngine]: Behavior Tree tick rate 100.00 was exceeded!
[bt_navigator-11] [WARN] [1789631115.183689579] [BehaviorTreeEngine]: Behavior Tree tick rate 100.00 was exceeded!
[bt_navigator-11] [WARN] [1789631115.221539972] [BehaviorTreeEngine]: Behavior Tree tick rate 100.00 was exceeded!
[bt_navigator-11] [WARN] [1789631115.245789691] [BehaviorTreeEngine]: Behavior Tree tick rate 100.00 was exceeded!
[bt_navigator-11] [WARN] [1789631115.267835221] [BehaviorTreeEngine]: Behavior Tree tick rate 100.00 was exceeded!
[bt_navigator-11] [WARN] [1789631115.283598749] [BehaviorTreeEngine]: Behavior Tree tick rate 100.00 was exceeded!
[bt_navigator-11] [WARN] [1789631115.325702491] [BehaviorTreeEngine]: Behavior Tree tick rate 100.00 was exceeded!
[bt_navigator-11] [WARN] [1789631115.417931897] [BehaviorTreeEngine]: Behavior Tree tick rate 100.00 was exceeded!
[bt_navigator-11] [WARN] [1789631115.459947565] [BehaviorTreeEngine]: Behavior Tree tick rate 100.00 was exceeded!
[bt_navigator-11] [WARN] [1789631115.486925077] [BehaviorTreeEngine]: Behavior Tree tick rate 100.00 was exceeded!
[bt_navigator-11] [WARN] [1789631115.766796787] [BehaviorTreeEngine]: Behavior Tree tick rate 100.00 was exceeded!
[bt_navigator-11] [WARN] [1789631115.818701041] [BehaviorTreeEngine]: Behavior Tree tick rate 100.00 was exceeded!
[controller_server-8] [INFO] [1789631115.873430572] [controller_server]: Passing new path to controller.
[bt_navigator-11] [WARN] [1789631115.919514985] [BehaviorTreeEngine]: Behavior Tree tick rate 100.00 was exceeded!
[bt_navigator-11] [WARN] [1789631115.926428947] [BehaviorTreeEngine]: Behavior Tree tick rate 100.00 was exceeded!
[bt_navigator-11] [WARN] [1789631115.963158629] [BehaviorTreeEngine]: Behavior Tree tick rate 100.00 was exceeded!
[bt_navigator-11] [WARN] [1789631115.986684331] [BehaviorTreeEngine]: Behavior Tree tick rate 100.00 was exceeded!
[bt_navigator-11] [WARN] [1789631116.039694143] [BehaviorTreeEngine]: Behavior Tree tick rate 100.00 was exceeded!
[bt_navigator-11] [WARN] [1789631116.107981227] [BehaviorTreeEngine]: Behavior Tree tick rate 100.00 was exceeded!
[swerve_bridge_node-14] [WARN] [1789631116.496463567] [swerve_bridge]: Django websocket disconnected: [Errno 111] Connection refused
[bt_navigator-11] [WARN] [1789631116.586439813] [BehaviorTreeEngine]: Behavior Tree tick rate 100.00 was exceeded!
[bt_navigator-11] [WARN] [1789631116.645978262] [BehaviorTreeEngine]: Behavior Tree tick rate 100.00 was exceeded!
[bt_navigator-11] [WARN] [1789631116.787769484] [BehaviorTreeEngine]: Behavior Tree tick rate 100.00 was exceeded!
[bt_navigator-11] [WARN] [1789631116.799209682] [BehaviorTreeEngine]: Behavior Tree tick rate 100.00 was exceeded!
[bt_navigator-11] [WARN] [1789631116.831924306] [BehaviorTreeEngine]: Behavior Tree tick rate 100.00 was exceeded!
[controller_server-8] [INFO] [1789631116.873989044] [controller_server]: Passing new path to controller.
[bt_navigator-11] [WARN] [1789631117.358963882] [BehaviorTreeEngine]: Behavior Tree tick rate 100.00 was exceeded!
[bt_navigator-11] [WARN] [1789631117.455774057] [BehaviorTreeEngine]: Behavior Tree tick rate 100.00 was exceeded!
[bt_navigator-11] [WARN] [1789631117.526173047] [BehaviorTreeEngine]: Behavior Tree tick rate 100.00 was exceeded!
[bt_navigator-11] [WARN] [1789631117.719361206] [BehaviorTreeEngine]: Behavior Tree tick rate 100.00 was exceeded!
[bt_navigator-11] [WARN] [1789631117.730664871] [BehaviorTreeEngine]: Behavior Tree tick rate 100.00 was exceeded!
[bt_navigator-11] [WARN] [1789631117.739041340] [BehaviorTreeEngine]: Behavior Tree tick rate 100.00 was exceeded!
[bt_navigator-11] [WARN] [1789631117.863202013] [BehaviorTreeEngine]: Behavior Tree tick rate 100.00 was exceeded!
[bt_navigator-11] [WARN] [1789631117.868555785] [BehaviorTreeEngine]: Behavior Tree tick rate 100.00 was exceeded!
[controller_server-8] [INFO] [1789631117.873357137] [controller_server]: Passing new path to controller.
[bt_navigator-11] [WARN] [1789631117.875989274] [BehaviorTreeEngine]: Behavior Tree tick rate 100.00 was exceeded!
[bt_navigator-11] [WARN] [1789631117.988944306] [BehaviorTreeEngine]: Behavior Tree tick rate 100.00 was exceeded!
[bt_navigator-11] [WARN] [1789631117.996002754] [BehaviorTreeEngine]: Behavior Tree tick rate 100.00 was exceeded!
[bt_navigator-11] [WARN] [1789631118.132257832] [BehaviorTreeEngine]: Behavior Tree tick rate 100.00 was exceeded!
[bt_navigator-11] [WARN] [1789631118.174977589] [BehaviorTreeEngine]: Behavior Tree tick rate 100.00 was exceeded!
[bt_navigator-11] [WARN] [1789631118.177216141] [BehaviorTreeEngine]: Behavior Tree tick rate 100.00 was exceeded!
[bt_navigator-11] [WARN] [1789631118.217046489] [BehaviorTreeEngine]: Behavior Tree tick rate 100.00 was exceeded!
[bt_navigator-11] [WARN] [1789631118.321520245] [BehaviorTreeEngine]: Behavior Tree tick rate 100.00 was exceeded!
[swerve_bridge_node-14] [WARN] [1789631118.498108892] [swerve_bridge]: Django websocket disconnected: [Errno 111] Connection refused
[bt_navigator-11] [WARN] [1789631118.788250788] [BehaviorTreeEngine]: Behavior Tree tick rate 100.00 was exceeded!
[bt_navigator-11] [WARN] [1789631118.831670705] [BehaviorTreeEngine]: Behavior Tree tick rate 100.00 was exceeded!
[bt_navigator-11] [WARN] [1789631118.877124385] [BehaviorTreeEngine]: Behavior Tree tick rate 100.00 was exceeded!
[bt_navigator-11] [WARN] [1789631118.936025713] [BehaviorTreeEngine]: Behavior Tree tick rate 100.00 was exceeded!
[controller_server-8] [INFO] [1789631118.978566371] [controller_server]: Passing new path to controller.
[bt_navigator-11] [WARN] [1789631119.115887264] [BehaviorTreeEngine]: Behavior Tree tick rate 100.00 was exceeded!
[bt_navigator-11] [WARN] [1789631119.215883595] [BehaviorTreeEngine]: Behavior Tree tick rate 100.00 was exceeded!
[bt_navigator-11] [WARN] [1789631119.336241415] [BehaviorTreeEngine]: Behavior Tree tick rate 100.00 was exceeded!
[bt_navigator-11] [WARN] [1789631119.383955353] [BehaviorTreeEngine]: Behavior Tree tick rate 100.00 was exceeded!
[bt_navigator-11] [WARN] [1789631119.392202353] [BehaviorTreeEngine]: Behavior Tree tick rate 100.00 was exceeded!
[bt_navigator-11] [WARN] [1789631119.417810373] [BehaviorTreeEngine]: Behavior Tree tick rate 100.00 was exceeded!
[bt_navigator-11] [WARN] [1789631119.453377054] [BehaviorTreeEngine]: Behavior Tree tick rate 100.00 was exceeded!
[bt_navigator-11] [WARN] [1789631119.508574902] [BehaviorTreeEngine]: Behavior Tree tick rate 100.00 was exceeded!
[bt_navigator-11] [WARN] [1789631119.662717975] [BehaviorTreeEngine]: Behavior Tree tick rate 100.00 was exceeded!
[bt_navigator-11] [WARN] [1789631119.869975121] [BehaviorTreeEngine]: Behavior Tree tick rate 100.00 was exceeded!
[controller_server-8] [WARN] [1789631119.904173857] [controller_server]: Control loop missed its desired rate of 10.0000Hz
[bt_navigator-11] [WARN] [1789631119.932366114] [BehaviorTreeEngine]: Behavior Tree tick rate 100.00 was exceeded!
[controller_server-8] [INFO] [1789631119.972934202] [controller_server]: Passing new path to controller.
[bt_navigator-11] [WARN] [1789631120.041147454] [BehaviorTreeEngine]: Behavior Tree tick rate 100.00 was exceeded!
[bt_navigator-11] [WARN] [1789631120.118573976] [BehaviorTreeEngine]: Behavior Tree tick rate 100.00 was exceeded!
[bt_navigator-11] [WARN] [1789631120.124125195] [BehaviorTreeEngine]: Behavior Tree tick rate 100.00 was exceeded!
[bt_navigator-11] [WARN] [1789631120.130461964] [BehaviorTreeEngine]: Behavior Tree tick rate 100.00 was exceeded!
[bt_navigator-11] [WARN] [1789631120.160003809] [BehaviorTreeEngine]: Behavior Tree tick rate 100.00 was exceeded!
[bt_navigator-11] [WARN] [1789631120.213190091] [BehaviorTreeEngine]: Behavior Tree tick rate 100.00 was exceeded!
[bt_navigator-11] [WARN] [1789631120.335863639] [BehaviorTreeEngine]: Behavior Tree tick rate 100.00 was exceeded!
[bt_navigator-11] [WARN] [1789631120.350432388] [BehaviorTreeEngine]: Behavior Tree tick rate 100.00 was exceeded!
[bt_navigator-11] [WARN] [1789631120.400311719] [BehaviorTreeEngine]: Behavior Tree tick rate 100.00 was exceeded!
[bt_navigator-11] [WARN] [1789631120.422070511] [BehaviorTreeEngine]: Behavior Tree tick rate 100.00 was exceeded!
[swerve_bridge_node-14] [WARN] [1789631120.501075041] [swerve_bridge]: Django websocket disconnected: [Errno 111] Connection refused
[bt_navigator-11] [WARN] [1789631120.524605048] [BehaviorTreeEngine]: Behavior Tree tick rate 100.00 was exceeded!
[bt_navigator-11] [WARN] [1789631120.752245520] [BehaviorTreeEngine]: Behavior Tree tick rate 100.00 was exceeded!
[controller_server-8] [INFO] [1789631120.974925539] [controller_server]: Passing new path to controller.
[bt_navigator-11] [WARN] [1789631121.062876076] [BehaviorTreeEngine]: Behavior Tree tick rate 100.00 was exceeded!
[bt_navigator-11] [WARN] [1789631121.113492458] [BehaviorTreeEngine]: Behavior Tree tick rate 100.00 was exceeded!
[bt_navigator-11] [WARN] [1789631121.150088028] [BehaviorTreeEngine]: Behavior Tree tick rate 100.00 was exceeded!
[bt_navigator-11] [WARN] [1789631121.184488725] [BehaviorTreeEngine]: Behavior Tree tick rate 100.00 was exceeded!
[bt_navigator-11] [WARN] [1789631121.330870203] [BehaviorTreeEngine]: Behavior Tree tick rate 100.00 was exceeded!
[bt_navigator-11] [WARN] [1789631121.421590384] [BehaviorTreeEngine]: Behavior Tree tick rate 100.00 was exceeded!
[bt_navigator-11] [WARN] [1789631121.719413899] [BehaviorTreeEngine]: Behavior Tree tick rate 100.00 was exceeded!
[bt_navigator-11] [WARN] [1789631121.727085407] [BehaviorTreeEngine]: Behavior Tree tick rate 100.00 was exceeded!
[bt_navigator-11] [WARN] [1789631121.733757110] [BehaviorTreeEngine]: Behavior Tree tick rate 100.00 was exceeded!
[controller_server-8] [INFO] [1789631121.972653900] [controller_server]: Passing new path to controller.
[bt_navigator-11] [WARN] [1789631122.023106834] [BehaviorTreeEngine]: Behavior Tree tick rate 100.00 was exceeded!
[bt_navigator-11] [WARN] [1789631122.182188803] [BehaviorTreeEngine]: Behavior Tree tick rate 100.00 was exceeded!
[bt_navigator-11] [WARN] [1789631122.252972153] [BehaviorTreeEngine]: Behavior Tree tick rate 100.00 was exceeded!
[bt_navigator-11] [WARN] [1789631122.273896741] [BehaviorTreeEngine]: Behavior Tree tick rate 100.00 was exceeded!
[bt_navigator-11] [WARN] [1789631122.283642277] [BehaviorTreeEngine]: Behavior Tree tick rate 100.00 was exceeded!
[bt_navigator-11] [WARN] [1789631122.331372404] [BehaviorTreeEngine]: Behavior Tree tick rate 100.00 was exceeded!
[swerve_bridge_node-14] [WARN] [1789631122.504956151] [swerve_bridge]: Django websocket disconnected: [Errno 111] Connection refused
[bt_navigator-11] [WARN] [1789631122.623018137] [BehaviorTreeEngine]: Behavior Tree tick rate 100.00 was exceeded!
[bt_navigator-11] [WARN] [1789631122.631106179] [BehaviorTreeEngine]: Behavior Tree tick rate 100.00 was exceeded!
[bt_navigator-11] [WARN] [1789631122.951616634] [BehaviorTreeEngine]: Behavior Tree tick rate 100.00 was exceeded!
[bt_navigator-11] [WARN] [1789631122.962663920] [BehaviorTreeEngine]: Behavior Tree tick rate 100.00 was exceeded!
[bt_navigator-11] [WARN] [1789631122.981003386] [BehaviorTreeEngine]: Behavior Tree tick rate 100.00 was exceeded!
[controller_server-8] [INFO] [1789631123.072986318] [controller_server]: Passing new path to controller.
[bt_navigator-11] [WARN] [1789631123.081483091] [BehaviorTreeEngine]: Behavior Tree tick rate 100.00 was exceeded!
[bt_navigator-11] [WARN] [1789631123.112827907] [BehaviorTreeEngine]: Behavior Tree tick rate 100.00 was exceeded!
[bt_navigator-11] [WARN] [1789631123.155317945] [BehaviorTreeEngine]: Behavior Tree tick rate 100.00 was exceeded!
[bt_navigator-11] [WARN] [1789631123.172723481] [BehaviorTreeEngine]: Behavior Tree tick rate 100.00 was exceeded!
[bt_navigator-11] [WARN] [1789631123.184504260] [BehaviorTreeEngine]: Behavior Tree tick rate 100.00 was exceeded!
[bt_navigator-11] [WARN] [1789631123.230185707] [BehaviorTreeEngine]: Behavior Tree tick rate 100.00 was exceeded!
[bt_navigator-11] [WARN] [1789631123.252261875] [BehaviorTreeEngine]: Behavior Tree tick rate 100.00 was exceeded!
[bt_navigator-11] [WARN] [1789631123.387898532] [BehaviorTreeEngine]: Behavior Tree tick rate 100.00 was exceeded!
[bt_navigator-11] [WARN] [1789631123.392086077] [BehaviorTreeEngine]: Behavior Tree tick rate 100.00 was exceeded!
[bt_navigator-11] [WARN] [1789631123.418486457] [BehaviorTreeEngine]: Behavior Tree tick rate 100.00 was exceeded!
[bt_navigator-11] [WARN] [1789631123.422317163] [BehaviorTreeEngine]: Behavior Tree tick rate 100.00 was exceeded!
[bt_navigator-11] [WARN] [1789631123.872393080] [BehaviorTreeEngine]: Behavior Tree tick rate 100.00 was exceeded!
[bt_navigator-11] [WARN] [1789631123.903047627] [BehaviorTreeEngine]: Behavior Tree tick rate 100.00 was exceeded!
[bt_navigator-11] [WARN] [1789631124.019745000] [BehaviorTreeEngine]: Behavior Tree tick rate 100.00 was exceeded!
[bt_navigator-11] [WARN] [1789631124.031334323] [BehaviorTreeEngine]: Behavior Tree tick rate 100.00 was exceeded!
[bt_navigator-11] [WARN] [1789631124.050358820] [BehaviorTreeEngine]: Behavior Tree tick rate 100.00 was exceeded!
[controller_server-8] [INFO] [1789631124.074313263] [controller_server]: Passing new path to controller.
[swerve_bridge_node-14] [WARN] [1789631124.508226835] [swerve_bridge]: Django websocket disconnected: [Errno 111] Connection refused
[bt_navigator-11] [WARN] [1789631124.608097655] [BehaviorTreeEngine]: Behavior Tree tick rate 100.00 was exceeded!
[bt_navigator-11] [WARN] [1789631124.654729765] [BehaviorTreeEngine]: Behavior Tree tick rate 100.00 was exceeded!
[bt_navigator-11] [WARN] [1789631124.716816106] [BehaviorTreeEngine]: Behavior Tree tick rate 100.00 was exceeded!
[bt_navigator-11] [WARN] [1789631125.006092603] [BehaviorTreeEngine]: Behavior Tree tick rate 100.00 was exceeded!
[bt_navigator-11] [WARN] [1789631125.025810519] [BehaviorTreeEngine]: Behavior Tree tick rate 100.00 was exceeded!
[bt_navigator-11] [WARN] [1789631125.047052534] [BehaviorTreeEngine]: Behavior Tree tick rate 100.00 was exceeded!
[controller_server-8] [INFO] [1789631125.073220971] [controller_server]: Passing new path to controller.
[bt_navigator-11] [WARN] [1789631125.079513692] [BehaviorTreeEngine]: Behavior Tree tick rate 100.00 was exceeded!
[bt_navigator-11] [WARN] [1789631125.085669319] [BehaviorTreeEngine]: Behavior Tree tick rate 100.00 was exceeded!
[bt_navigator-11] [WARN] [1789631125.437236820] [BehaviorTreeEngine]: Behavior Tree tick rate 100.00 was exceeded!
[bt_navigator-11] [WARN] [1789631125.535804928] [BehaviorTreeEngine]: Behavior Tree tick rate 100.00 was exceeded!
[bt_navigator-11] [WARN] [1789631125.654841835] [BehaviorTreeEngine]: Behavior Tree tick rate 100.00 was exceeded!
[bt_navigator-11] [WARN] [1789631125.721466395] [BehaviorTreeEngine]: Behavior Tree tick rate 100.00 was exceeded!
[bt_navigator-11] [WARN] [1789631125.725504861] [BehaviorTreeEngine]: Behavior Tree tick rate 100.00 was exceeded!
[bt_navigator-11] [WARN] [1789631126.035515901] [BehaviorTreeEngine]: Behavior Tree tick rate 100.00 was exceeded!
[bt_navigator-11] [WARN] [1789631126.064965907] [BehaviorTreeEngine]: Behavior Tree tick rate 100.00 was exceeded!
[bt_navigator-11] [WARN] [1789631126.117313346] [BehaviorTreeEngine]: Behavior Tree tick rate 100.00 was exceeded!
[controller_server-8] [INFO] [1789631126.172798488] [controller_server]: Passing new path to controller.
[bt_navigator-11] [WARN] [1789631126.237601504] [BehaviorTreeEngine]: Behavior Tree tick rate 100.00 was exceeded!
[bt_navigator-11] [WARN] [1789631126.294184108] [BehaviorTreeEngine]: Behavior Tree tick rate 100.00 was exceeded!
[bt_navigator-11] [WARN] [1789631126.299797762] [BehaviorTreeEngine]: Behavior Tree tick rate 100.00 was exceeded!
[bt_navigator-11] [WARN] [1789631126.340728500] [BehaviorTreeEngine]: Behavior Tree tick rate 100.00 was exceeded!
[swerve_bridge_node-14] [WARN] [1789631126.510179484] [swerve_bridge]: Django websocket disconnected: [Errno 111] Connection refused
[bt_navigator-11] [WARN] [1789631126.844053709] [BehaviorTreeEngine]: Behavior Tree tick rate 100.00 was exceeded!
[bt_navigator-11] [WARN] [1789631126.859632986] [BehaviorTreeEngine]: Behavior Tree tick rate 100.00 was exceeded!
[bt_navigator-11] [WARN] [1789631126.910825567] [BehaviorTreeEngine]: Behavior Tree tick rate 100.00 was exceeded!
[bt_navigator-11] [WARN] [1789631126.961946252] [BehaviorTreeEngine]: Behavior Tree tick rate 100.00 was exceeded!
[controller_server-8] [WARN] [1789631126.978049094] [controller_server]: Control loop missed its desired rate of 10.0000Hz
[bt_navigator-11] [WARN] [1789631127.042448452] [BehaviorTreeEngine]: Behavior Tree tick rate 100.00 was exceeded!
[controller_server-8] [INFO] [1789631127.173507359] [controller_server]: Passing new path to controller.
[bt_navigator-11] [WARN] [1789631127.325551100] [BehaviorTreeEngine]: Behavior Tree tick rate 100.00 was exceeded!
[bt_navigator-11] [WARN] [1789631127.517760385] [BehaviorTreeEngine]: Behavior Tree tick rate 100.00 was exceeded!
[bt_navigator-11] [WARN] [1789631127.550401950] [BehaviorTreeEngine]: Behavior Tree tick rate 100.00 was exceeded!
[bt_navigator-11] [WARN] [1789631127.627008950] [BehaviorTreeEngine]: Behavior Tree tick rate 100.00 was exceeded!
[bt_navigator-11] [WARN] [1789631128.009890165] [BehaviorTreeEngine]: Behavior Tree tick rate 100.00 was exceeded!
[bt_navigator-11] [WARN] [1789631128.041361371] [BehaviorTreeEngine]: Behavior Tree tick rate 100.00 was exceeded!
[bt_navigator-11] [WARN] [1789631128.097580460] [BehaviorTreeEngine]: Behavior Tree tick rate 100.00 was exceeded!
[controller_server-8] [INFO] [1789631128.207517760] [controller_server]: Passing new path to controller.
[bt_navigator-11] [WARN] [1789631128.211565364] [BehaviorTreeEngine]: Behavior Tree tick rate 100.00 was exceeded!
[bt_navigator-11] [WARN] [1789631128.436010014] [BehaviorTreeEngine]: Behavior Tree tick rate 100.00 was exceeded!
[bt_navigator-11] [WARN] [1789631128.448232193] [BehaviorTreeEngine]: Behavior Tree tick rate 100.00 was exceeded!
[bt_navigator-11] [WARN] [1789631128.494780609] [BehaviorTreeEngine]: Behavior Tree tick rate 100.00 was exceeded!
[bt_navigator-11] [WARN] [1789631128.505765828] [BehaviorTreeEngine]: Behavior Tree tick rate 100.00 was exceeded!
[swerve_bridge_node-14] [WARN] [1789631128.513155360] [swerve_bridge]: Django websocket disconnected: [Errno 111] Connection refused
[bt_navigator-11] [WARN] [1789631128.516570908] [BehaviorTreeEngine]: Behavior Tree tick rate 100.00 was exceeded!
[bt_navigator-11] [WARN] [1789631128.894757512] [BehaviorTreeEngine]: Behavior Tree tick rate 100.00 was exceeded!
[bt_navigator-11] [WARN] [1789631128.936297377] [BehaviorTreeEngine]: Behavior Tree tick rate 100.00 was exceeded!
[bt_navigator-11] [WARN] [1789631128.945775957] [BehaviorTreeEngine]: Behavior Tree tick rate 100.00 was exceeded!
[bt_navigator-11] [WARN] [1789631128.988400088] [BehaviorTreeEngine]: Behavior Tree tick rate 100.00 was exceeded!
[bt_navigator-11] [WARN] [1789631129.040403413] [BehaviorTreeEngine]: Behavior Tree tick rate 100.00 was exceeded!
[bt_navigator-11] [WARN] [1789631129.155325300] [BehaviorTreeEngine]: Behavior Tree tick rate 100.00 was exceeded!
[controller_server-8] [INFO] [1789631129.173109420] [controller_server]: Passing new path to controller.
[bt_navigator-11] [WARN] [1789631129.176603438] [BehaviorTreeEngine]: Behavior Tree tick rate 100.00 was exceeded!
[bt_navigator-11] [WARN] [1789631129.213384688] [BehaviorTreeEngine]: Behavior Tree tick rate 100.00 was exceeded!
[bt_navigator-11] [WARN] [1789631129.221231538] [BehaviorTreeEngine]: Behavior Tree tick rate 100.00 was exceeded!
[bt_navigator-11] [WARN] [1789631129.228792779] [BehaviorTreeEngine]: Behavior Tree tick rate 100.00 was exceeded!
[bt_navigator-11] [WARN] [1789631129.417201657] [BehaviorTreeEngine]: Behavior Tree tick rate 100.00 was exceeded!
[bt_navigator-11] [WARN] [1789631129.428591425] [BehaviorTreeEngine]: Behavior Tree tick rate 100.00 was exceeded!
[bt_navigator-11] [WARN] [1789631129.536950217] [BehaviorTreeEngine]: Behavior Tree tick rate 100.00 was exceeded!
[bt_navigator-11] [WARN] [1789631129.560713238] [BehaviorTreeEngine]: Behavior Tree tick rate 100.00 was exceeded!
[bt_navigator-11] [WARN] [1789631129.636343172] [BehaviorTreeEngine]: Behavior Tree tick rate 100.00 was exceeded!
[bt_navigator-11] [WARN] [1789631129.699806996] [BehaviorTreeEngine]: Behavior Tree tick rate 100.00 was exceeded!
[bt_navigator-11] [WARN] [1789631129.709566675] [BehaviorTreeEngine]: Behavior Tree tick rate 100.00 was exceeded!
[bt_navigator-11] [WARN] [1789631129.732373908] [BehaviorTreeEngine]: Behavior Tree tick rate 100.00 was exceeded!
[bt_navigator-11] [WARN] [1789631129.736907801] [BehaviorTreeEngine]: Behavior Tree tick rate 100.00 was exceeded!
[bt_navigator-11] [WARN] [1789631129.760209468] [BehaviorTreeEngine]: Behavior Tree tick rate 100.00 was exceeded!
[bt_navigator-11] [WARN] [1789631129.780358911] [BehaviorTreeEngine]: Behavior Tree tick rate 100.00 was exceeded!
[bt_navigator-11] [WARN] [1789631129.786345006] [BehaviorTreeEngine]: Behavior Tree tick rate 100.00 was exceeded!
[bt_navigator-11] [WARN] [1789631129.826360474] [BehaviorTreeEngine]: Behavior Tree tick rate 100.00 was exceeded!
[controller_server-8] [INFO] [1789631130.276191333] [controller_server]: Passing new path to controller.
[bt_navigator-11] [WARN] [1789631130.330429248] [BehaviorTreeEngine]: Behavior Tree tick rate 100.00 was exceeded!
[bt_navigator-11] [WARN] [1789631130.437039750] [BehaviorTreeEngine]: Behavior Tree tick rate 100.00 was exceeded!
[controller_server-8] [WARN] [1789631130.506955800] [controller_server]: Control loop missed its desired rate of 10.0000Hz
[swerve_bridge_node-14] [WARN] [1789631130.526283657] [swerve_bridge]: Django websocket disconnected: [Errno 111] Connection refused
[bt_navigator-11] [WARN] [1789631130.537126318] [BehaviorTreeEngine]: Behavior Tree tick rate 100.00 was exceeded!
[bt_navigator-11] [WARN] [1789631130.567362450] [BehaviorTreeEngine]: Behavior Tree tick rate 100.00 was exceeded!
[bt_navigator-11] [WARN] [1789631130.579186379] [BehaviorTreeEngine]: Behavior Tree tick rate 100.00 was exceeded!
[bt_navigator-11] [WARN] [1789631130.602743873] [BehaviorTreeEngine]: Behavior Tree tick rate 100.00 was exceeded!
[bt_navigator-11] [WARN] [1789631130.607146688] [BehaviorTreeEngine]: Behavior Tree tick rate 100.00 was exceeded!
[bt_navigator-11] [WARN] [1789631130.639368145] [BehaviorTreeEngine]: Behavior Tree tick rate 100.00 was exceeded!
[bt_navigator-11] [WARN] [1789631130.710867614] [BehaviorTreeEngine]: Behavior Tree tick rate 100.00 was exceeded!
[bt_navigator-11] [WARN] [1789631131.024787113] [BehaviorTreeEngine]: Behavior Tree tick rate 100.00 was exceeded!
[bt_navigator-11] [WARN] [1789631131.031184518] [BehaviorTreeEngine]: Behavior Tree tick rate 100.00 was exceeded!
[bt_navigator-11] [WARN] [1789631131.208640398] [BehaviorTreeEngine]: Behavior Tree tick rate 100.00 was exceeded!
[bt_navigator-11] [WARN] [1789631131.266267513] [BehaviorTreeEngine]: Behavior Tree tick rate 100.00 was exceeded!
[controller_server-8] [WARN] [1789631131.293133690] [controller_server]: Control loop missed its desired rate of 10.0000Hz
[controller_server-8] [INFO] [1789631131.293232868] [controller_server]: Passing new path to controller.
[bt_navigator-11] [WARN] [1789631131.486748135] [BehaviorTreeEngine]: Behavior Tree tick rate 100.00 was exceeded!
[bt_navigator-11] [WARN] [1789631131.518966242] [BehaviorTreeEngine]: Behavior Tree tick rate 100.00 was exceeded!
[bt_navigator-11] [WARN] [1789631131.536783635] [BehaviorTreeEngine]: Behavior Tree tick rate 100.00 was exceeded!
[bt_navigator-11] [WARN] [1789631131.558253970] [BehaviorTreeEngine]: Behavior Tree tick rate 100.00 was exceeded!
[bt_navigator-11] [WARN] [1789631131.588160290] [BehaviorTreeEngine]: Behavior Tree tick rate 100.00 was exceeded!
[bt_navigator-11] [WARN] [1789631131.839192998] [BehaviorTreeEngine]: Behavior Tree tick rate 100.00 was exceeded!
[bt_navigator-11] [WARN] [1789631132.065843705] [BehaviorTreeEngine]: Behavior Tree tick rate 100.00 was exceeded!
[bt_navigator-11] [WARN] [1789631132.241816115] [BehaviorTreeEngine]: Behavior Tree tick rate 100.00 was exceeded!
[bt_navigator-11] [WARN] [1789631132.261934649] [BehaviorTreeEngine]: Behavior Tree tick rate 100.00 was exceeded!
[controller_server-8] [WARN] [1789631132.272923852] [controller_server]: Control loop missed its desired rate of 10.0000Hz
[bt_navigator-11] [WARN] [1789631132.293833854] [BehaviorTreeEngine]: Behavior Tree tick rate 100.00 was exceeded!
[controller_server-8] [INFO] [1789631132.373406751] [controller_server]: Passing new path to controller.
[bt_navigator-11] [WARN] [1789631132.414694601] [BehaviorTreeEngine]: Behavior Tree tick rate 100.00 was exceeded!
[swerve_bridge_node-14] [WARN] [1789631132.542862444] [swerve_bridge]: Django websocket disconnected: [Errno 111] Connection refused
[bt_navigator-11] [WARN] [1789631132.552169852] [BehaviorTreeEngine]: Behavior Tree tick rate 100.00 was exceeded!
[bt_navigator-11] [WARN] [1789631132.723296814] [BehaviorTreeEngine]: Behavior Tree tick rate 100.00 was exceeded!
[bt_navigator-11] [WARN] [1789631132.742483651] [BehaviorTreeEngine]: Behavior Tree tick rate 100.00 was exceeded!
[bt_navigator-11] [WARN] [1789631132.825980445] [BehaviorTreeEngine]: Behavior Tree tick rate 100.00 was exceeded!
[bt_navigator-11] [WARN] [1789631132.893077020] [BehaviorTreeEngine]: Behavior Tree tick rate 100.00 was exceeded!
[bt_navigator-11] [WARN] [1789631132.937719617] [BehaviorTreeEngine]: Behavior Tree tick rate 100.00 was exceeded!
[bt_navigator-11] [WARN] [1789631132.963731122] [BehaviorTreeEngine]: Behavior Tree tick rate 100.00 was exceeded!
[bt_navigator-11] [WARN] [1789631132.993462652] [BehaviorTreeEngine]: Behavior Tree tick rate 100.00 was exceeded!
[bt_navigator-11] [WARN] [1789631133.037302821] [BehaviorTreeEngine]: Behavior Tree tick rate 100.00 was exceeded!
[bt_navigator-11] [WARN] [1789631133.042529699] [BehaviorTreeEngine]: Behavior Tree tick rate 100.00 was exceeded!
[bt_navigator-11] [WARN] [1789631133.249953976] [BehaviorTreeEngine]: Behavior Tree tick rate 100.00 was exceeded!
[bt_navigator-11] [WARN] [1789631133.353481575] [BehaviorTreeEngine]: Behavior Tree tick rate 100.00 was exceeded!
[controller_server-8] [INFO] [1789631133.372622211] [controller_server]: Passing new path to controller.
[bt_navigator-11] [WARN] [1789631133.763559491] [BehaviorTreeEngine]: Behavior Tree tick rate 100.00 was exceeded!
[bt_navigator-11] [WARN] [1789631133.818560656] [BehaviorTreeEngine]: Behavior Tree tick rate 100.00 was exceeded!
[bt_navigator-11] [WARN] [1789631133.823726432] [BehaviorTreeEngine]: Behavior Tree tick rate 100.00 was exceeded!
[bt_navigator-11] [WARN] [1789631133.983606414] [BehaviorTreeEngine]: Behavior Tree tick rate 100.00 was exceeded!
[bt_navigator-11] [WARN] [1789631134.018156168] [BehaviorTreeEngine]: Behavior Tree tick rate 100.00 was exceeded!
[bt_navigator-11] [WARN] [1789631134.027402645] [BehaviorTreeEngine]: Behavior Tree tick rate 100.00 was exceeded!
[bt_navigator-11] [WARN] [1789631134.045214851] [BehaviorTreeEngine]: Behavior Tree tick rate 100.00 was exceeded!
[bt_navigator-11] [WARN] [1789631134.136342865] [BehaviorTreeEngine]: Behavior Tree tick rate 100.00 was exceeded!
[bt_navigator-11] [WARN] [1789631134.308022152] [BehaviorTreeEngine]: Behavior Tree tick rate 100.00 was exceeded!
[controller_server-8] [INFO] [1789631134.475466184] [controller_server]: Passing new path to controller.
[swerve_bridge_node-14] [WARN] [1789631134.545711415] [swerve_bridge]: Django websocket disconnected: [Errno 111] Connection refused
[bt_navigator-11] [WARN] [1789631134.605510704] [BehaviorTreeEngine]: Behavior Tree tick rate 100.00 was exceeded!
[bt_navigator-11] [WARN] [1789631134.866468357] [BehaviorTreeEngine]: Behavior Tree tick rate 100.00 was exceeded!
[bt_navigator-11] [WARN] [1789631134.929229070] [BehaviorTreeEngine]: Behavior Tree tick rate 100.00 was exceeded!
[bt_navigator-11] [WARN] [1789631134.948261919] [BehaviorTreeEngine]: Behavior Tree tick rate 100.00 was exceeded!
[bt_navigator-11] [WARN] [1789631135.010442795] [BehaviorTreeEngine]: Behavior Tree tick rate 100.00 was exceeded!
[bt_navigator-11] [WARN] [1789631135.032550896] [BehaviorTreeEngine]: Behavior Tree tick rate 100.00 was exceeded!
[bt_navigator-11] [WARN] [1789631135.040618643] [BehaviorTreeEngine]: Behavior Tree tick rate 100.00 was exceeded!
[bt_navigator-11] [WARN] [1789631135.061317415] [BehaviorTreeEngine]: Behavior Tree tick rate 100.00 was exceeded!
[bt_navigator-11] [WARN] [1789631135.115812576] [BehaviorTreeEngine]: Behavior Tree tick rate 100.00 was exceeded!
[bt_navigator-11] [WARN] [1789631135.445752100] [BehaviorTreeEngine]: Behavior Tree tick rate 100.00 was exceeded!
[controller_server-8] [INFO] [1789631135.474087413] [controller_server]: Passing new path to controller.
[bt_navigator-11] [WARN] [1789631135.549858550] [BehaviorTreeEngine]: Behavior Tree tick rate 100.00 was exceeded!
[bt_navigator-11] [WARN] [1789631135.616064832] [BehaviorTreeEngine]: Behavior Tree tick rate 100.00 was exceeded!
[bt_navigator-11] [WARN] [1789631135.741992988] [BehaviorTreeEngine]: Behavior Tree tick rate 100.00 was exceeded!
[bt_navigator-11] [WARN] [1789631135.774070605] [BehaviorTreeEngine]: Behavior Tree tick rate 100.00 was exceeded!
[bt_navigator-11] [WARN] [1789631135.828664955] [BehaviorTreeEngine]: Behavior Tree tick rate 100.00 was exceeded!
[bt_navigator-11] [WARN] [1789631135.837625432] [BehaviorTreeEngine]: Behavior Tree tick rate 100.00 was exceeded!
[bt_navigator-11] [WARN] [1789631135.889565429] [BehaviorTreeEngine]: Behavior Tree tick rate 100.00 was exceeded!
[bt_navigator-11] [WARN] [1789631135.899597887] [BehaviorTreeEngine]: Behavior Tree tick rate 100.00 was exceeded!
[bt_navigator-11] [WARN] [1789631135.914995178] [BehaviorTreeEngine]: Behavior Tree tick rate 100.00 was exceeded!
[bt_navigator-11] [WARN] [1789631135.992600064] [BehaviorTreeEngine]: Behavior Tree tick rate 100.00 was exceeded!
[bt_navigator-11] [WARN] [1789631136.004430586] [BehaviorTreeEngine]: Behavior Tree tick rate 100.00 was exceeded!
[bt_navigator-11] [WARN] [1789631136.021318056] [BehaviorTreeEngine]: Behavior Tree tick rate 100.00 was exceeded!
[bt_navigator-11] [WARN] [1789631136.036498300] [BehaviorTreeEngine]: Behavior Tree tick rate 100.00 was exceeded!
[bt_navigator-11] [WARN] [1789631136.142021246] [BehaviorTreeEngine]: Behavior Tree tick rate 100.00 was exceeded!
[bt_navigator-11] [WARN] [1789631136.152853988] [BehaviorTreeEngine]: Behavior Tree tick rate 100.00 was exceeded!
[bt_navigator-11] [WARN] [1789631136.169255371] [BehaviorTreeEngine]: Behavior Tree tick rate 100.00 was exceeded!
[bt_navigator-11] [WARN] [1789631136.241379704] [BehaviorTreeEngine]: Behavior Tree tick rate 100.00 was exceeded!
[bt_navigator-11] [WARN] [1789631136.342870193] [BehaviorTreeEngine]: Behavior Tree tick rate 100.00 was exceeded!
[bt_navigator-11] [WARN] [1789631136.421405001] [BehaviorTreeEngine]: Behavior Tree tick rate 100.00 was exceeded!
[bt_navigator-11] [WARN] [1789631136.429987488] [BehaviorTreeEngine]: Behavior Tree tick rate 100.00 was exceeded!
[bt_navigator-11] [WARN] [1789631136.434292625] [BehaviorTreeEngine]: Behavior Tree tick rate 100.00 was exceeded!
[controller_server-8] [INFO] [1789631136.473868259] [controller_server]: Passing new path to controller.
[bt_navigator-11] [WARN] [1789631136.526734082] [BehaviorTreeEngine]: Behavior Tree tick rate 100.00 was exceeded!
[swerve_bridge_node-14] [WARN] [1789631136.549209089] [swerve_bridge]: Django websocket disconnected: [Errno 111] Connection refused
[bt_navigator-11] [WARN] [1789631136.588354027] [BehaviorTreeEngine]: Behavior Tree tick rate 100.00 was exceeded!
[bt_navigator-11] [WARN] [1789631136.867786911] [BehaviorTreeEngine]: Behavior Tree tick rate 100.00 was exceeded!
[bt_navigator-11] [WARN] [1789631137.019118040] [BehaviorTreeEngine]: Behavior Tree tick rate 100.00 was exceeded!
[bt_navigator-11] [WARN] [1789631137.029451771] [BehaviorTreeEngine]: Behavior Tree tick rate 100.00 was exceeded!
[bt_navigator-11] [WARN] [1789631137.232308120] [BehaviorTreeEngine]: Behavior Tree tick rate 100.00 was exceeded!
[bt_navigator-11] [WARN] [1789631137.284432163] [BehaviorTreeEngine]: Behavior Tree tick rate 100.00 was exceeded!
[bt_navigator-11] [WARN] [1789631137.335191034] [BehaviorTreeEngine]: Behavior Tree tick rate 100.00 was exceeded!
[bt_navigator-11] [WARN] [1789631137.357758110] [BehaviorTreeEngine]: Behavior Tree tick rate 100.00 was exceeded!
[bt_navigator-11] [WARN] [1789631137.405747449] [BehaviorTreeEngine]: Behavior Tree tick rate 100.00 was exceeded!
[controller_server-8] [INFO] [1789631137.474849102] [controller_server]: Passing new path to controller.
[bt_navigator-11] [WARN] [1789631137.527185750] [BehaviorTreeEngine]: Behavior Tree tick rate 100.00 was exceeded!
[bt_navigator-11] [WARN] [1789631137.548098256] [BehaviorTreeEngine]: Behavior Tree tick rate 100.00 was exceeded!
[bt_navigator-11] [WARN] [1789631137.811663523] [BehaviorTreeEngine]: Behavior Tree tick rate 100.00 was exceeded!
[bt_navigator-11] [WARN] [1789631137.836168972] [BehaviorTreeEngine]: Behavior Tree tick rate 100.00 was exceeded!
[bt_navigator-11] [WARN] [1789631138.177767071] [BehaviorTreeEngine]: Behavior Tree tick rate 100.00 was exceeded!
[bt_navigator-11] [WARN] [1789631138.207812236] [BehaviorTreeEngine]: Behavior Tree tick rate 100.00 was exceeded!
[bt_navigator-11] [WARN] [1789631138.247737038] [BehaviorTreeEngine]: Behavior Tree tick rate 100.00 was exceeded!
[bt_navigator-11] [WARN] [1789631138.287208155] [BehaviorTreeEngine]: Behavior Tree tick rate 100.00 was exceeded!
[bt_navigator-11] [WARN] [1789631138.330239491] [BehaviorTreeEngine]: Behavior Tree tick rate 100.00 was exceeded!
[bt_navigator-11] [WARN] [1789631138.431137681] [BehaviorTreeEngine]: Behavior Tree tick rate 100.00 was exceeded!
[bt_navigator-11] [WARN] [1789631138.461072929] [BehaviorTreeEngine]: Behavior Tree tick rate 100.00 was exceeded!
[bt_navigator-11] [WARN] [1789631138.488719843] [BehaviorTreeEngine]: Behavior Tree tick rate 100.00 was exceeded!
[bt_navigator-11] [WARN] [1789631138.506429073] [BehaviorTreeEngine]: Behavior Tree tick rate 100.00 was exceeded!
[bt_navigator-11] [WARN] [1789631138.513818857] [BehaviorTreeEngine]: Behavior Tree tick rate 100.00 was exceeded!
[swerve_bridge_node-14] [WARN] [1789631138.557811417] [swerve_bridge]: Django websocket disconnected: [Errno 111] Connection refused
[controller_server-8] [INFO] [1789631138.576356393] [controller_server]: Passing new path to controller.
[bt_navigator-11] [WARN] [1789631138.621464048] [BehaviorTreeEngine]: Behavior Tree tick rate 100.00 was exceeded!
[bt_navigator-11] [WARN] [1789631138.631125762] [BehaviorTreeEngine]: Behavior Tree tick rate 100.00 was exceeded!
[bt_navigator-11] [WARN] [1789631138.650606936] [BehaviorTreeEngine]: Behavior Tree tick rate 100.00 was exceeded!
[bt_navigator-11] [WARN] [1789631138.695112577] [BehaviorTreeEngine]: Behavior Tree tick rate 100.00 was exceeded!
[bt_navigator-11] [WARN] [1789631138.717295932] [BehaviorTreeEngine]: Behavior Tree tick rate 100.00 was exceeded!
[bt_navigator-11] [WARN] [1789631138.723587078] [BehaviorTreeEngine]: Behavior Tree tick rate 100.00 was exceeded!
[bt_navigator-11] [WARN] [1789631138.730490162] [BehaviorTreeEngine]: Behavior Tree tick rate 100.00 was exceeded!
[bt_navigator-11] [WARN] [1789631138.761199483] [BehaviorTreeEngine]: Behavior Tree tick rate 100.00 was exceeded!
[bt_navigator-11] [WARN] [1789631138.861197715] [BehaviorTreeEngine]: Behavior Tree tick rate 100.00 was exceeded!
[bt_navigator-11] [WARN] [1789631138.882901635] [BehaviorTreeEngine]: Behavior Tree tick rate 100.00 was exceeded!
[bt_navigator-11] [WARN] [1789631138.951657577] [BehaviorTreeEngine]: Behavior Tree tick rate 100.00 was exceeded!
[bt_navigator-11] [WARN] [1789631138.962030504] [BehaviorTreeEngine]: Behavior Tree tick rate 100.00 was exceeded!
[bt_navigator-11] [WARN] [1789631139.031427477] [BehaviorTreeEngine]: Behavior Tree tick rate 100.00 was exceeded!
[bt_navigator-11] [WARN] [1789631139.294542823] [BehaviorTreeEngine]: Behavior Tree tick rate 100.00 was exceeded!
[bt_navigator-11] [WARN] [1789631139.322916619] [BehaviorTreeEngine]: Behavior Tree tick rate 100.00 was exceeded!
[bt_navigator-11] [WARN] [1789631139.373389477] [BehaviorTreeEngine]: Behavior Tree tick rate 100.00 was exceeded!
[bt_navigator-11] [WARN] [1789631139.380681106] [BehaviorTreeEngine]: Behavior Tree tick rate 100.00 was exceeded!
[bt_navigator-11] [WARN] [1789631139.535332737] [BehaviorTreeEngine]: Behavior Tree tick rate 100.00 was exceeded!
[bt_navigator-11] [WARN] [1789631139.606507302] [BehaviorTreeEngine]: Behavior Tree tick rate 100.00 was exceeded!
[controller_server-8] [INFO] [1789631139.674026957] [controller_server]: Passing new path to controller.
[bt_navigator-11] [WARN] [1789631139.696323320] [BehaviorTreeEngine]: Behavior Tree tick rate 100.00 was exceeded!
[bt_navigator-11] [WARN] [1789631139.786509158] [BehaviorTreeEngine]: Behavior Tree tick rate 100.00 was exceeded!
[bt_navigator-11] [WARN] [1789631139.816070394] [BehaviorTreeEngine]: Behavior Tree tick rate 100.00 was exceeded!
[bt_navigator-11] [WARN] [1789631140.111425935] [BehaviorTreeEngine]: Behavior Tree tick rate 100.00 was exceeded!
[bt_navigator-11] [WARN] [1789631140.156578281] [BehaviorTreeEngine]: Behavior Tree tick rate 100.00 was exceeded!
[bt_navigator-11] [WARN] [1789631140.192258125] [BehaviorTreeEngine]: Behavior Tree tick rate 100.00 was exceeded!
[bt_navigator-11] [WARN] [1789631140.233458345] [BehaviorTreeEngine]: Behavior Tree tick rate 100.00 was exceeded!
[bt_navigator-11] [WARN] [1789631140.304519669] [BehaviorTreeEngine]: Behavior Tree tick rate 100.00 was exceeded!
[bt_navigator-11] [WARN] [1789631140.355861080] [BehaviorTreeEngine]: Behavior Tree tick rate 100.00 was exceeded!
[bt_navigator-11] [WARN] [1789631140.415527564] [BehaviorTreeEngine]: Behavior Tree tick rate 100.00 was exceeded!
[bt_navigator-11] [WARN] [1789631140.505084592] [BehaviorTreeEngine]: Behavior Tree tick rate 100.00 was exceeded!
[swerve_bridge_node-14] [WARN] [1789631140.559681909] [swerve_bridge]: Django websocket disconnected: [Errno 111] Connection refused
[bt_navigator-11] [WARN] [1789631140.612125668] [BehaviorTreeEngine]: Behavior Tree tick rate 100.00 was exceeded!
[bt_navigator-11] [WARN] [1789631140.684244980] [BehaviorTreeEngine]: Behavior Tree tick rate 100.00 was exceeded!
[controller_server-8] [INFO] [1789631140.694307551] [controller_server]: Passing new path to controller.
[controller_server-8] [WARN] [1789631140.776089246] [controller_server]: Control loop missed its desired rate of 10.0000Hz
[bt_navigator-11] [WARN] [1789631140.825916328] [BehaviorTreeEngine]: Behavior Tree tick rate 100.00 was exceeded!
[bt_navigator-11] [WARN] [1789631140.988167462] [BehaviorTreeEngine]: Behavior Tree tick rate 100.00 was exceeded!
[bt_navigator-11] [WARN] [1789631141.206114595] [BehaviorTreeEngine]: Behavior Tree tick rate 100.00 was exceeded!
[bt_navigator-11] [WARN] [1789631141.249445966] [BehaviorTreeEngine]: Behavior Tree tick rate 100.00 was exceeded!
[bt_navigator-11] [WARN] [1789631141.265631993] [BehaviorTreeEngine]: Behavior Tree tick rate 100.00 was exceeded!
[bt_navigator-11] [WARN] [1789631141.271889344] [BehaviorTreeEngine]: Behavior Tree tick rate 100.00 was exceeded!
[bt_navigator-11] [WARN] [1789631141.277256477] [BehaviorTreeEngine]: Behavior Tree tick rate 100.00 was exceeded!
[bt_navigator-11] [WARN] [1789631141.351517879] [BehaviorTreeEngine]: Behavior Tree tick rate 100.00 was exceeded!
[bt_navigator-11] [WARN] [1789631141.407170889] [BehaviorTreeEngine]: Behavior Tree tick rate 100.00 was exceeded!
[bt_navigator-11] [WARN] [1789631141.496277071] [BehaviorTreeEngine]: Behavior Tree tick rate 100.00 was exceeded!
[bt_navigator-11] [WARN] [1789631141.613926014] [BehaviorTreeEngine]: Behavior Tree tick rate 100.00 was exceeded!
[bt_navigator-11] [WARN] [1789631141.627853707] [BehaviorTreeEngine]: Behavior Tree tick rate 100.00 was exceeded!
[controller_server-8] [INFO] [1789631141.772882271] [controller_server]: Passing new path to controller.
[bt_navigator-11] [WARN] [1789631141.850158850] [BehaviorTreeEngine]: Behavior Tree tick rate 100.00 was exceeded!
[bt_navigator-11] [WARN] [1789631141.910385429] [BehaviorTreeEngine]: Behavior Tree tick rate 100.00 was exceeded!
[bt_navigator-11] [WARN] [1789631142.012782924] [BehaviorTreeEngine]: Behavior Tree tick rate 100.00 was exceeded!
[bt_navigator-11] [WARN] [1789631142.030552604] [BehaviorTreeEngine]: Behavior Tree tick rate 100.00 was exceeded!
[bt_navigator-11] [WARN] [1789631142.081192422] [BehaviorTreeEngine]: Behavior Tree tick rate 100.00 was exceeded!
[bt_navigator-11] [WARN] [1789631142.162741035] [BehaviorTreeEngine]: Behavior Tree tick rate 100.00 was exceeded!
[bt_navigator-11] [WARN] [1789631142.306583586] [BehaviorTreeEngine]: Behavior Tree tick rate 100.00 was exceeded!
[bt_navigator-11] [WARN] [1789631142.341735395] [BehaviorTreeEngine]: Behavior Tree tick rate 100.00 was exceeded!
[swerve_bridge_node-14] [WARN] [1789631142.561539664] [swerve_bridge]: Django websocket disconnected: [Errno 111] Connection refused
[bt_navigator-11] [WARN] [1789631142.645628464] [BehaviorTreeEngine]: Behavior Tree tick rate 100.00 was exceeded!
[bt_navigator-11] [WARN] [1789631142.706721109] [BehaviorTreeEngine]: Behavior Tree tick rate 100.00 was exceeded!
[controller_server-8] [INFO] [1789631142.772853392] [controller_server]: Passing new path to controller.
[bt_navigator-11] [WARN] [1789631143.007768790] [BehaviorTreeEngine]: Behavior Tree tick rate 100.00 was exceeded!
[bt_navigator-11] [WARN] [1789631143.042417944] [BehaviorTreeEngine]: Behavior Tree tick rate 100.00 was exceeded!
[bt_navigator-11] [WARN] [1789631143.070108612] [BehaviorTreeEngine]: Behavior Tree tick rate 100.00 was exceeded!
[controller_server-8] [WARN] [1789631143.077360167] [controller_server]: Control loop missed its desired rate of 10.0000Hz
[bt_navigator-11] [WARN] [1789631143.218450609] [BehaviorTreeEngine]: Behavior Tree tick rate 100.00 was exceeded!
[bt_navigator-11] [WARN] [1789631143.229688614] [BehaviorTreeEngine]: Behavior Tree tick rate 100.00 was exceeded!
[bt_navigator-11] [WARN] [1789631143.350826842] [BehaviorTreeEngine]: Behavior Tree tick rate 100.00 was exceeded!
[bt_navigator-11] [WARN] [1789631143.358515322] [BehaviorTreeEngine]: Behavior Tree tick rate 100.00 was exceeded!
[bt_navigator-11] [WARN] [1789631143.548696923] [BehaviorTreeEngine]: Behavior Tree tick rate 100.00 was exceeded!
[bt_navigator-11] [WARN] [1789631143.622490392] [BehaviorTreeEngine]: Behavior Tree tick rate 100.00 was exceeded!
[bt_navigator-11] [WARN] [1789631143.653121011] [BehaviorTreeEngine]: Behavior Tree tick rate 100.00 was exceeded!
[bt_navigator-11] [WARN] [1789631143.658479492] [BehaviorTreeEngine]: Behavior Tree tick rate 100.00 was exceeded!
[bt_navigator-11] [WARN] [1789631143.712733862] [BehaviorTreeEngine]: Behavior Tree tick rate 100.00 was exceeded!
[bt_navigator-11] [WARN] [1789631143.717769867] [BehaviorTreeEngine]: Behavior Tree tick rate 100.00 was exceeded!
[controller_server-8] [INFO] [1789631143.776232642] [controller_server]: Passing new path to controller.
[bt_navigator-11] [WARN] [1789631144.081377142] [BehaviorTreeEngine]: Behavior Tree tick rate 100.00 was exceeded!
[bt_navigator-11] [WARN] [1789631144.133670075] [BehaviorTreeEngine]: Behavior Tree tick rate 100.00 was exceeded!
[bt_navigator-11] [WARN] [1789631144.163889708] [BehaviorTreeEngine]: Behavior Tree tick rate 100.00 was exceeded!
[bt_navigator-11] [WARN] [1789631144.217969914] [BehaviorTreeEngine]: Behavior Tree tick rate 100.00 was exceeded!
[bt_navigator-11] [WARN] [1789631144.348736141] [BehaviorTreeEngine]: Behavior Tree tick rate 100.00 was exceeded!
[bt_navigator-11] [WARN] [1789631144.420328235] [BehaviorTreeEngine]: Behavior Tree tick rate 100.00 was exceeded!
[bt_navigator-11] [WARN] [1789631144.429061899] [BehaviorTreeEngine]: Behavior Tree tick rate 100.00 was exceeded!
[bt_navigator-11] [WARN] [1789631144.479088697] [BehaviorTreeEngine]: Behavior Tree tick rate 100.00 was exceeded!
[swerve_bridge_node-14] [WARN] [1789631144.564732056] [swerve_bridge]: Django websocket disconnected: [Errno 111] Connection refused
[bt_navigator-11] [WARN] [1789631144.741789370] [BehaviorTreeEngine]: Behavior Tree tick rate 100.00 was exceeded!
[controller_server-8] [INFO] [1789631144.776461964] [controller_server]: Passing new path to controller.
[bt_navigator-11] [WARN] [1789631144.889140025] [BehaviorTreeEngine]: Behavior Tree tick rate 100.00 was exceeded!
[bt_navigator-11] [WARN] [1789631144.913535070] [BehaviorTreeEngine]: Behavior Tree tick rate 100.00 was exceeded!
[bt_navigator-11] [WARN] [1789631145.144849613] [BehaviorTreeEngine]: Behavior Tree tick rate 100.00 was exceeded!
[bt_navigator-11] [WARN] [1789631145.172512866] [BehaviorTreeEngine]: Behavior Tree tick rate 100.00 was exceeded!
[bt_navigator-11] [WARN] [1789631145.193838335] [BehaviorTreeEngine]: Behavior Tree tick rate 100.00 was exceeded!
[bt_navigator-11] [WARN] [1789631145.280608524] [BehaviorTreeEngine]: Behavior Tree tick rate 100.00 was exceeded!
[bt_navigator-11] [WARN] [1789631145.347219497] [BehaviorTreeEngine]: Behavior Tree tick rate 100.00 was exceeded!
[bt_navigator-11] [WARN] [1789631145.389248885] [BehaviorTreeEngine]: Behavior Tree tick rate 100.00 was exceeded!
[controller_server-8] [WARN] [1789631145.392745507] [controller_server]: Control loop missed its desired rate of 10.0000Hz
[bt_navigator-11] [WARN] [1789631145.700439287] [BehaviorTreeEngine]: Behavior Tree tick rate 100.00 was exceeded!
[bt_navigator-11] [WARN] [1789631145.730088685] [BehaviorTreeEngine]: Behavior Tree tick rate 100.00 was exceeded!
[bt_navigator-11] [WARN] [1789631145.768114911] [BehaviorTreeEngine]: Behavior Tree tick rate 100.00 was exceeded!
[controller_server-8] [INFO] [1789631145.873409111] [controller_server]: Passing new path to controller.
[bt_navigator-11] [WARN] [1789631145.957504662] [BehaviorTreeEngine]: Behavior Tree tick rate 100.00 was exceeded!
[bt_navigator-11] [WARN] [1789631146.002888378] [BehaviorTreeEngine]: Behavior Tree tick rate 100.00 was exceeded!
[bt_navigator-11] [WARN] [1789631146.107762421] [BehaviorTreeEngine]: Behavior Tree tick rate 100.00 was exceeded!
[bt_navigator-11] [WARN] [1789631146.161048199] [BehaviorTreeEngine]: Behavior Tree tick rate 100.00 was exceeded!
[bt_navigator-11] [WARN] [1789631146.352828539] [BehaviorTreeEngine]: Behavior Tree tick rate 100.00 was exceeded!
[bt_navigator-11] [WARN] [1789631146.421120013] [BehaviorTreeEngine]: Behavior Tree tick rate 100.00 was exceeded!
[bt_navigator-11] [WARN] [1789631146.445964406] [BehaviorTreeEngine]: Behavior Tree tick rate 100.00 was exceeded!
[bt_navigator-11] [WARN] [1789631146.461506034] [BehaviorTreeEngine]: Behavior Tree tick rate 100.00 was exceeded!
[bt_navigator-11] [WARN] [1789631146.495814083] [BehaviorTreeEngine]: Behavior Tree tick rate 100.00 was exceeded!
[bt_navigator-11] [WARN] [1789631146.503407110] [BehaviorTreeEngine]: Behavior Tree tick rate 100.00 was exceeded!
[bt_navigator-11] [WARN] [1789631146.548468199] [BehaviorTreeEngine]: Behavior Tree tick rate 100.00 was exceeded!
[swerve_bridge_node-14] [WARN] [1789631146.571681832] [swerve_bridge]: Django websocket disconnected: [Errno 111] Connection refused
[bt_navigator-11] [WARN] [1789631146.641500400] [BehaviorTreeEngine]: Behavior Tree tick rate 100.00 was exceeded!
[bt_navigator-11] [WARN] [1789631146.789810656] [BehaviorTreeEngine]: Behavior Tree tick rate 100.00 was exceeded!
[bt_navigator-11] [WARN] [1789631146.812558810] [BehaviorTreeEngine]: Behavior Tree tick rate 100.00 was exceeded!
[controller_server-8] [INFO] [1789631146.873294063] [controller_server]: Passing new path to controller.
[bt_navigator-11] [WARN] [1789631146.879514075] [BehaviorTreeEngine]: Behavior Tree tick rate 100.00 was exceeded!
[bt_navigator-11] [WARN] [1789631146.941255759] [BehaviorTreeEngine]: Behavior Tree tick rate 100.00 was exceeded!
[bt_navigator-11] [WARN] [1789631147.108752601] [BehaviorTreeEngine]: Behavior Tree tick rate 100.00 was exceeded!
[bt_navigator-11] [WARN] [1789631147.299254244] [BehaviorTreeEngine]: Behavior Tree tick rate 100.00 was exceeded!
[bt_navigator-11] [WARN] [1789631147.368684204] [BehaviorTreeEngine]: Behavior Tree tick rate 100.00 was exceeded!
[bt_navigator-11] [WARN] [1789631147.499907863] [BehaviorTreeEngine]: Behavior Tree tick rate 100.00 was exceeded!
[bt_navigator-11] [WARN] [1789631147.509170977] [BehaviorTreeEngine]: Behavior Tree tick rate 100.00 was exceeded!
[bt_navigator-11] [WARN] [1789631147.528790317] [BehaviorTreeEngine]: Behavior Tree tick rate 100.00 was exceeded!
[bt_navigator-11] [WARN] [1789631147.610351785] [BehaviorTreeEngine]: Behavior Tree tick rate 100.00 was exceeded!
[bt_navigator-11] [WARN] [1789631147.631844216] [BehaviorTreeEngine]: Behavior Tree tick rate 100.00 was exceeded!
[bt_navigator-11] [WARN] [1789631147.664605190] [BehaviorTreeEngine]: Behavior Tree tick rate 100.00 was exceeded!
[bt_navigator-11] [WARN] [1789631147.697985440] [BehaviorTreeEngine]: Behavior Tree tick rate 100.00 was exceeded!
[bt_navigator-11] [WARN] [1789631147.718458792] [BehaviorTreeEngine]: Behavior Tree tick rate 100.00 was exceeded!
[bt_navigator-11] [WARN] [1789631147.729310815] [BehaviorTreeEngine]: Behavior Tree tick rate 100.00 was exceeded!
[bt_navigator-11] [WARN] [1789631147.759557277] [BehaviorTreeEngine]: Behavior Tree tick rate 100.00 was exceeded!
[bt_navigator-11] [WARN] [1789631147.770422172] [BehaviorTreeEngine]: Behavior Tree tick rate 100.00 was exceeded!
[bt_navigator-11] [WARN] [1789631147.834963858] [BehaviorTreeEngine]: Behavior Tree tick rate 100.00 was exceeded!
[controller_server-8] [INFO] [1789631147.873064940] [controller_server]: Passing new path to controller.
[bt_navigator-11] [WARN] [1789631148.020579292] [BehaviorTreeEngine]: Behavior Tree tick rate 100.00 was exceeded!
[bt_navigator-11] [WARN] [1789631148.324036088] [BehaviorTreeEngine]: Behavior Tree tick rate 100.00 was exceeded!
[bt_navigator-11] [WARN] [1789631148.430910870] [BehaviorTreeEngine]: Behavior Tree tick rate 100.00 was exceeded!
[bt_navigator-11] [WARN] [1789631148.494065939] [BehaviorTreeEngine]: Behavior Tree tick rate 100.00 was exceeded!
[bt_navigator-11] [WARN] [1789631148.502380443] [BehaviorTreeEngine]: Behavior Tree tick rate 100.00 was exceeded!
[swerve_bridge_node-14] [WARN] [1789631148.574326204] [swerve_bridge]: Django websocket disconnected: [Errno 111] Connection refused
[bt_navigator-11] [WARN] [1789631148.632261696] [BehaviorTreeEngine]: Behavior Tree tick rate 100.00 was exceeded!
[bt_navigator-11] [WARN] [1789631148.703196523] [BehaviorTreeEngine]: Behavior Tree tick rate 100.00 was exceeded!
[bt_navigator-11] [WARN] [1789631148.712441529] [BehaviorTreeEngine]: Behavior Tree tick rate 100.00 was exceeded!
[bt_navigator-11] [WARN] [1789631148.767055360] [BehaviorTreeEngine]: Behavior Tree tick rate 100.00 was exceeded!
[bt_navigator-11] [WARN] [1789631148.834047947] [BehaviorTreeEngine]: Behavior Tree tick rate 100.00 was exceeded!
[controller_server-8] [INFO] [1789631148.872909560] [controller_server]: Passing new path to controller.
[bt_navigator-11] [WARN] [1789631148.910648234] [BehaviorTreeEngine]: Behavior Tree tick rate 100.00 was exceeded!
[bt_navigator-11] [WARN] [1789631148.937235423] [BehaviorTreeEngine]: Behavior Tree tick rate 100.00 was exceeded!
[bt_navigator-11] [WARN] [1789631148.944192670] [BehaviorTreeEngine]: Behavior Tree tick rate 100.00 was exceeded!
[bt_navigator-11] [WARN] [1789631148.997055117] [BehaviorTreeEngine]: Behavior Tree tick rate 100.00 was exceeded!
[bt_navigator-11] [WARN] [1789631149.085177302] [BehaviorTreeEngine]: Behavior Tree tick rate 100.00 was exceeded!
[bt_navigator-11] [WARN] [1789631149.233077440] [BehaviorTreeEngine]: Behavior Tree tick rate 100.00 was exceeded!
[bt_navigator-11] [WARN] [1789631149.296258954] [BehaviorTreeEngine]: Behavior Tree tick rate 100.00 was exceeded!
[bt_navigator-11] [WARN] [1789631149.305973300] [BehaviorTreeEngine]: Behavior Tree tick rate 100.00 was exceeded!
[bt_navigator-11] [WARN] [1789631149.510386691] [BehaviorTreeEngine]: Behavior Tree tick rate 100.00 was exceeded!
[bt_navigator-11] [WARN] [1789631149.535391338] [BehaviorTreeEngine]: Behavior Tree tick rate 100.00 was exceeded!
[bt_navigator-11] [WARN] [1789631149.634232140] [BehaviorTreeEngine]: Behavior Tree tick rate 100.00 was exceeded!
[bt_navigator-11] [WARN] [1789631149.825185010] [BehaviorTreeEngine]: Behavior Tree tick rate 100.00 was exceeded!
[bt_navigator-11] [WARN] [1789631149.904389544] [BehaviorTreeEngine]: Behavior Tree tick rate 100.00 was exceeded!
[bt_navigator-11] [WARN] [1789631149.927441409] [BehaviorTreeEngine]: Behavior Tree tick rate 100.00 was exceeded!
[controller_server-8] [INFO] [1789631149.972678229] [controller_server]: Passing new path to controller.
[bt_navigator-11] [WARN] [1789631150.177362554] [BehaviorTreeEngine]: Behavior Tree tick rate 100.00 was exceeded!
[bt_navigator-11] [WARN] [1789631150.201766716] [BehaviorTreeEngine]: Behavior Tree tick rate 100.00 was exceeded!
[bt_navigator-11] [WARN] [1789631150.207526090] [BehaviorTreeEngine]: Behavior Tree tick rate 100.00 was exceeded!
[bt_navigator-11] [WARN] [1789631150.215566392] [BehaviorTreeEngine]: Behavior Tree tick rate 100.00 was exceeded!
[bt_navigator-11] [WARN] [1789631150.225164992] [BehaviorTreeEngine]: Behavior Tree tick rate 100.00 was exceeded!
[bt_navigator-11] [WARN] [1789631150.282155810] [BehaviorTreeEngine]: Behavior Tree tick rate 100.00 was exceeded!
[bt_navigator-11] [WARN] [1789631150.288625102] [BehaviorTreeEngine]: Behavior Tree tick rate 100.00 was exceeded!
[swerve_bridge_node-14] [WARN] [1789631150.576142611] [swerve_bridge]: Django websocket disconnected: [Errno 111] Connection refused
[bt_navigator-11] [WARN] [1789631150.609337872] [BehaviorTreeEngine]: Behavior Tree tick rate 100.00 was exceeded!
[bt_navigator-11] [WARN] [1789631150.620093027] [BehaviorTreeEngine]: Behavior Tree tick rate 100.00 was exceeded!
[bt_navigator-11] [WARN] [1789631150.636458844] [BehaviorTreeEngine]: Behavior Tree tick rate 100.00 was exceeded!
[bt_navigator-11] [WARN] [1789631150.697110972] [BehaviorTreeEngine]: Behavior Tree tick rate 100.00 was exceeded!
[bt_navigator-11] [WARN] [1789631150.860480702] [BehaviorTreeEngine]: Behavior Tree tick rate 100.00 was exceeded!
[bt_navigator-11] [WARN] [1789631150.882160634] [BehaviorTreeEngine]: Behavior Tree tick rate 100.00 was exceeded!
[bt_navigator-11] [WARN] [1789631150.929694010] [BehaviorTreeEngine]: Behavior Tree tick rate 100.00 was exceeded!
[bt_navigator-11] [WARN] [1789631150.951631095] [BehaviorTreeEngine]: Behavior Tree tick rate 100.00 was exceeded!
[bt_navigator-11] [WARN] [1789631150.969595458] [BehaviorTreeEngine]: Behavior Tree tick rate 100.00 was exceeded!
[bt_navigator-11] [WARN] [1789631151.002723705] [BehaviorTreeEngine]: Behavior Tree tick rate 100.00 was exceeded!
[controller_server-8] [INFO] [1789631151.073159464] [controller_server]: Passing new path to controller.
[bt_navigator-11] [WARN] [1789631151.265557397] [BehaviorTreeEngine]: Behavior Tree tick rate 100.00 was exceeded!
[bt_navigator-11] [WARN] [1789631151.273628077] [BehaviorTreeEngine]: Behavior Tree tick rate 100.00 was exceeded!
[bt_navigator-11] [WARN] [1789631151.471173676] [BehaviorTreeEngine]: Behavior Tree tick rate 100.00 was exceeded!
[bt_navigator-11] [WARN] [1789631151.494241278] [BehaviorTreeEngine]: Behavior Tree tick rate 100.00 was exceeded!
[bt_navigator-11] [WARN] [1789631151.499600793] [BehaviorTreeEngine]: Behavior Tree tick rate 100.00 was exceeded!
[bt_navigator-11] [WARN] [1789631151.512443992] [BehaviorTreeEngine]: Behavior Tree tick rate 100.00 was exceeded!
[bt_navigator-11] [WARN] [1789631151.524535993] [BehaviorTreeEngine]: Behavior Tree tick rate 100.00 was exceeded!
[bt_navigator-11] [WARN] [1789631151.538469585] [BehaviorTreeEngine]: Behavior Tree tick rate 100.00 was exceeded!
[bt_navigator-11] [WARN] [1789631151.540984201] [BehaviorTreeEngine]: Behavior Tree tick rate 100.00 was exceeded!
[bt_navigator-11] [WARN] [1789631151.592078633] [BehaviorTreeEngine]: Behavior Tree tick rate 100.00 was exceeded!
[bt_navigator-11] [WARN] [1789631151.621898648] [BehaviorTreeEngine]: Behavior Tree tick rate 100.00 was exceeded!
[bt_navigator-11] [WARN] [1789631151.629691747] [BehaviorTreeEngine]: Behavior Tree tick rate 100.00 was exceeded!
[bt_navigator-11] [WARN] [1789631151.654753548] [BehaviorTreeEngine]: Behavior Tree tick rate 100.00 was exceeded!
[bt_navigator-11] [WARN] [1789631151.811466713] [BehaviorTreeEngine]: Behavior Tree tick rate 100.00 was exceeded!
[bt_navigator-11] [WARN] [1789631151.876233347] [BehaviorTreeEngine]: Behavior Tree tick rate 100.00 was exceeded!
[bt_navigator-11] [WARN] [1789631152.032015219] [BehaviorTreeEngine]: Behavior Tree tick rate 100.00 was exceeded!
[controller_server-8] [INFO] [1789631152.073995510] [controller_server]: Passing new path to controller.
[bt_navigator-11] [WARN] [1789631152.101805793] [BehaviorTreeEngine]: Behavior Tree tick rate 100.00 was exceeded!
[bt_navigator-11] [WARN] [1789631152.139709793] [BehaviorTreeEngine]: Behavior Tree tick rate 100.00 was exceeded!
[bt_navigator-11] [WARN] [1789631152.322943234] [BehaviorTreeEngine]: Behavior Tree tick rate 100.00 was exceeded!
[bt_navigator-11] [WARN] [1789631152.330378402] [BehaviorTreeEngine]: Behavior Tree tick rate 100.00 was exceeded!
[bt_navigator-11] [WARN] [1789631152.395435575] [BehaviorTreeEngine]: Behavior Tree tick rate 100.00 was exceeded!
[bt_navigator-11] [WARN] [1789631152.414652163] [BehaviorTreeEngine]: Behavior Tree tick rate 100.00 was exceeded!
[bt_navigator-11] [WARN] [1789631152.475411562] [BehaviorTreeEngine]: Behavior Tree tick rate 100.00 was exceeded!
[swerve_bridge_node-14] [WARN] [1789631152.578793993] [swerve_bridge]: Django websocket disconnected: [Errno 111] Connection refused
[bt_navigator-11] [WARN] [1789631152.745438720] [BehaviorTreeEngine]: Behavior Tree tick rate 100.00 was exceeded!
[bt_navigator-11] [WARN] [1789631152.806596420] [BehaviorTreeEngine]: Behavior Tree tick rate 100.00 was exceeded!
[bt_navigator-11] [WARN] [1789631152.817222309] [BehaviorTreeEngine]: Behavior Tree tick rate 100.00 was exceeded!
[bt_navigator-11] [WARN] [1789631152.835153080] [BehaviorTreeEngine]: Behavior Tree tick rate 100.00 was exceeded!
[bt_navigator-11] [WARN] [1789631152.876970603] [BehaviorTreeEngine]: Behavior Tree tick rate 100.00 was exceeded!
[bt_navigator-11] [WARN] [1789631153.024683599] [BehaviorTreeEngine]: Behavior Tree tick rate 100.00 was exceeded!
[bt_navigator-11] [WARN] [1789631153.044746217] [BehaviorTreeEngine]: Behavior Tree tick rate 100.00 was exceeded!
[controller_server-8] [INFO] [1789631153.076684224] [controller_server]: Passing new path to controller.
[bt_navigator-11] [WARN] [1789631153.135845477] [BehaviorTreeEngine]: Behavior Tree tick rate 100.00 was exceeded!
[bt_navigator-11] [WARN] [1789631153.161962816] [BehaviorTreeEngine]: Behavior Tree tick rate 100.00 was exceeded!
[bt_navigator-11] [WARN] [1789631153.185469503] [BehaviorTreeEngine]: Behavior Tree tick rate 100.00 was exceeded!
[bt_navigator-11] [WARN] [1789631153.266274302] [BehaviorTreeEngine]: Behavior Tree tick rate 100.00 was exceeded!
[bt_navigator-11] [WARN] [1789631153.279186832] [BehaviorTreeEngine]: Behavior Tree tick rate 100.00 was exceeded!
[bt_navigator-11] [WARN] [1789631153.286858699] [BehaviorTreeEngine]: Behavior Tree tick rate 100.00 was exceeded!
[bt_navigator-11] [WARN] [1789631153.447288897] [BehaviorTreeEngine]: Behavior Tree tick rate 100.00 was exceeded!
[bt_navigator-11] [WARN] [1789631153.465187284] [BehaviorTreeEngine]: Behavior Tree tick rate 100.00 was exceeded!
[bt_navigator-11] [WARN] [1789631153.497847612] [BehaviorTreeEngine]: Behavior Tree tick rate 100.00 was exceeded!
[bt_navigator-11] [WARN] [1789631153.507419195] [BehaviorTreeEngine]: Behavior Tree tick rate 100.00 was exceeded!
[bt_navigator-11] [WARN] [1789631153.515423612] [BehaviorTreeEngine]: Behavior Tree tick rate 100.00 was exceeded!
[bt_navigator-11] [WARN] [1789631153.546539712] [BehaviorTreeEngine]: Behavior Tree tick rate 100.00 was exceeded!
[bt_navigator-11] [WARN] [1789631153.615686004] [BehaviorTreeEngine]: Behavior Tree tick rate 100.00 was exceeded!
[bt_navigator-11] [WARN] [1789631153.730274565] [BehaviorTreeEngine]: Behavior Tree tick rate 100.00 was exceeded!
[bt_navigator-11] [WARN] [1789631153.852137451] [BehaviorTreeEngine]: Behavior Tree tick rate 100.00 was exceeded!
[bt_navigator-11] [WARN] [1789631153.873963055] [BehaviorTreeEngine]: Behavior Tree tick rate 100.00 was exceeded!
[bt_navigator-11] [WARN] [1789631153.949343881] [BehaviorTreeEngine]: Behavior Tree tick rate 100.00 was exceeded!
[controller_server-8] [INFO] [1789631154.074028209] [controller_server]: Passing new path to controller.
[bt_navigator-11] [WARN] [1789631154.543816307] [BehaviorTreeEngine]: Behavior Tree tick rate 100.00 was exceeded!
[swerve_bridge_node-14] [WARN] [1789631154.585602987] [swerve_bridge]: Django websocket disconnected: [Errno 111] Connection refused
[bt_navigator-11] [WARN] [1789631154.591233436] [BehaviorTreeEngine]: Behavior Tree tick rate 100.00 was exceeded!
[bt_navigator-11] [WARN] [1789631154.602990271] [BehaviorTreeEngine]: Behavior Tree tick rate 100.00 was exceeded!
[bt_navigator-11] [WARN] [1789631154.635602107] [BehaviorTreeEngine]: Behavior Tree tick rate 100.00 was exceeded!
[bt_navigator-11] [WARN] [1789631154.695667390] [BehaviorTreeEngine]: Behavior Tree tick rate 100.00 was exceeded!
[bt_navigator-11] [WARN] [1789631154.760529143] [BehaviorTreeEngine]: Behavior Tree tick rate 100.00 was exceeded!
[bt_navigator-11] [WARN] [1789631154.908994621] [BehaviorTreeEngine]: Behavior Tree tick rate 100.00 was exceeded!
[bt_navigator-11] [WARN] [1789631155.066842912] [BehaviorTreeEngine]: Behavior Tree tick rate 100.00 was exceeded!
[bt_navigator-11] [WARN] [1789631155.088607966] [BehaviorTreeEngine]: Behavior Tree tick rate 100.00 was exceeded!
[bt_navigator-11] [WARN] [1789631155.158618009] [BehaviorTreeEngine]: Behavior Tree tick rate 100.00 was exceeded!
[controller_server-8] [INFO] [1789631155.173862903] [controller_server]: Passing new path to controller.
[bt_navigator-11] [WARN] [1789631155.186389094] [BehaviorTreeEngine]: Behavior Tree tick rate 100.00 was exceeded!
[bt_navigator-11] [WARN] [1789631155.237171223] [BehaviorTreeEngine]: Behavior Tree tick rate 100.00 was exceeded!
[bt_navigator-11] [WARN] [1789631155.272101383] [BehaviorTreeEngine]: Behavior Tree tick rate 100.00 was exceeded!
[bt_navigator-11] [WARN] [1789631155.290273530] [BehaviorTreeEngine]: Behavior Tree tick rate 100.00 was exceeded!
[bt_navigator-11] [WARN] [1789631155.310776310] [BehaviorTreeEngine]: Behavior Tree tick rate 100.00 was exceeded!
[bt_navigator-11] [WARN] [1789631155.317787150] [BehaviorTreeEngine]: Behavior Tree tick rate 100.00 was exceeded!
[bt_navigator-11] [WARN] [1789631155.367664448] [BehaviorTreeEngine]: Behavior Tree tick rate 100.00 was exceeded!
[bt_navigator-11] [WARN] [1789631155.498518486] [BehaviorTreeEngine]: Behavior Tree tick rate 100.00 was exceeded!
[bt_navigator-11] [WARN] [1789631155.678814747] [BehaviorTreeEngine]: Behavior Tree tick rate 100.00 was exceeded!
[bt_navigator-11] [WARN] [1789631155.720756557] [BehaviorTreeEngine]: Behavior Tree tick rate 100.00 was exceeded!
[bt_navigator-11] [WARN] [1789631155.735767882] [BehaviorTreeEngine]: Behavior Tree tick rate 100.00 was exceeded!
[bt_navigator-11] [WARN] [1789631155.740183403] [BehaviorTreeEngine]: Behavior Tree tick rate 100.00 was exceeded!
[bt_navigator-11] [WARN] [1789631155.816021347] [BehaviorTreeEngine]: Behavior Tree tick rate 100.00 was exceeded!
[bt_navigator-11] [WARN] [1789631155.909234829] [BehaviorTreeEngine]: Behavior Tree tick rate 100.00 was exceeded!
[bt_navigator-11] [WARN] [1789631156.136565877] [BehaviorTreeEngine]: Behavior Tree tick rate 100.00 was exceeded!
[controller_server-8] [INFO] [1789631156.172963238] [controller_server]: Passing new path to controller.
[bt_navigator-11] [WARN] [1789631156.398400798] [BehaviorTreeEngine]: Behavior Tree tick rate 100.00 was exceeded!
[bt_navigator-11] [WARN] [1789631156.500134640] [BehaviorTreeEngine]: Behavior Tree tick rate 100.00 was exceeded!
[bt_navigator-11] [WARN] [1789631156.533487216] [BehaviorTreeEngine]: Behavior Tree tick rate 100.00 was exceeded!
[bt_navigator-11] [WARN] [1789631156.548228677] [BehaviorTreeEngine]: Behavior Tree tick rate 100.00 was exceeded!
[bt_navigator-11] [WARN] [1789631156.553047692] [BehaviorTreeEngine]: Behavior Tree tick rate 100.00 was exceeded!
[bt_navigator-11] [WARN] [1789631156.592849927] [BehaviorTreeEngine]: Behavior Tree tick rate 100.00 was exceeded!
[swerve_bridge_node-14] [WARN] [1789631156.596360950] [swerve_bridge]: Django websocket disconnected: [Errno 111] Connection refused
[bt_navigator-11] [WARN] [1789631156.613654992] [BehaviorTreeEngine]: Behavior Tree tick rate 100.00 was exceeded!
[bt_navigator-11] [WARN] [1789631156.648916091] [BehaviorTreeEngine]: Behavior Tree tick rate 100.00 was exceeded!
[bt_navigator-11] [WARN] [1789631156.716514027] [BehaviorTreeEngine]: Behavior Tree tick rate 100.00 was exceeded!
[bt_navigator-11] [WARN] [1789631156.766738653] [BehaviorTreeEngine]: Behavior Tree tick rate 100.00 was exceeded!
[bt_navigator-11] [WARN] [1789631156.891348233] [BehaviorTreeEngine]: Behavior Tree tick rate 100.00 was exceeded!
[bt_navigator-11] [WARN] [1789631156.902903902] [BehaviorTreeEngine]: Behavior Tree tick rate 100.00 was exceeded!
[bt_navigator-11] [WARN] [1789631156.947563862] [BehaviorTreeEngine]: Behavior Tree tick rate 100.00 was exceeded!
[bt_navigator-11] [WARN] [1789631157.035365298] [BehaviorTreeEngine]: Behavior Tree tick rate 100.00 was exceeded!
[controller_server-8] [INFO] [1789631157.172979358] [controller_server]: Passing new path to controller.
[bt_navigator-11] [WARN] [1789631157.225542098] [BehaviorTreeEngine]: Behavior Tree tick rate 100.00 was exceeded!
[bt_navigator-11] [WARN] [1789631157.331386460] [BehaviorTreeEngine]: Behavior Tree tick rate 100.00 was exceeded!
[bt_navigator-11] [WARN] [1789631157.343058090] [BehaviorTreeEngine]: Behavior Tree tick rate 100.00 was exceeded!
[bt_navigator-11] [WARN] [1789631157.359266924] [BehaviorTreeEngine]: Behavior Tree tick rate 100.00 was exceeded!
[bt_navigator-11] [WARN] [1789631157.542470044] [BehaviorTreeEngine]: Behavior Tree tick rate 100.00 was exceeded!
[controller_server-8] [WARN] [1789631157.576783586] [controller_server]: Control loop missed its desired rate of 10.0000Hz
[bt_navigator-11] [WARN] [1789631157.733424002] [BehaviorTreeEngine]: Behavior Tree tick rate 100.00 was exceeded!
[bt_navigator-11] [WARN] [1789631157.953947842] [BehaviorTreeEngine]: Behavior Tree tick rate 100.00 was exceeded!
[bt_navigator-11] [WARN] [1789631157.993255890] [BehaviorTreeEngine]: Behavior Tree tick rate 100.00 was exceeded!
[bt_navigator-11] [WARN] [1789631158.135920639] [BehaviorTreeEngine]: Behavior Tree tick rate 100.00 was exceeded!
[bt_navigator-11] [WARN] [1789631158.204154722] [BehaviorTreeEngine]: Behavior Tree tick rate 100.00 was exceeded!
[controller_server-8] [INFO] [1789631158.272914846] [controller_server]: Passing new path to controller.
[bt_navigator-11] [WARN] [1789631158.425047809] [BehaviorTreeEngine]: Behavior Tree tick rate 100.00 was exceeded!
[bt_navigator-11] [WARN] [1789631158.464665487] [BehaviorTreeEngine]: Behavior Tree tick rate 100.00 was exceeded!
[bt_navigator-11] [WARN] [1789631158.469016974] [BehaviorTreeEngine]: Behavior Tree tick rate 100.00 was exceeded!
[bt_navigator-11] [WARN] [1789631158.525373852] [BehaviorTreeEngine]: Behavior Tree tick rate 100.00 was exceeded!
[bt_navigator-11] [WARN] [1789631158.538053735] [BehaviorTreeEngine]: Behavior Tree tick rate 100.00 was exceeded!
[swerve_bridge_node-14] [WARN] [1789631158.597770893] [swerve_bridge]: Django websocket disconnected: [Errno 111] Connection refused
[bt_navigator-11] [WARN] [1789631158.613749715] [BehaviorTreeEngine]: Behavior Tree tick rate 100.00 was exceeded!
[bt_navigator-11] [WARN] [1789631158.625562122] [BehaviorTreeEngine]: Behavior Tree tick rate 100.00 was exceeded!
[bt_navigator-11] [WARN] [1789631158.806930693] [BehaviorTreeEngine]: Behavior Tree tick rate 100.00 was exceeded!
[bt_navigator-11] [WARN] [1789631158.915812483] [BehaviorTreeEngine]: Behavior Tree tick rate 100.00 was exceeded!
[bt_navigator-11] [WARN] [1789631158.939651921] [BehaviorTreeEngine]: Behavior Tree tick rate 100.00 was exceeded!
[bt_navigator-11] [WARN] [1789631158.947052771] [BehaviorTreeEngine]: Behavior Tree tick rate 100.00 was exceeded!
[bt_navigator-11] [WARN] [1789631159.118041629] [BehaviorTreeEngine]: Behavior Tree tick rate 100.00 was exceeded!
[bt_navigator-11] [WARN] [1789631159.128185677] [BehaviorTreeEngine]: Behavior Tree tick rate 100.00 was exceeded!
[bt_navigator-11] [WARN] [1789631159.163399133] [BehaviorTreeEngine]: Behavior Tree tick rate 100.00 was exceeded!
[bt_navigator-11] [WARN] [1789631159.198562849] [BehaviorTreeEngine]: Behavior Tree tick rate 100.00 was exceeded!
[bt_navigator-11] [WARN] [1789631159.235894787] [BehaviorTreeEngine]: Behavior Tree tick rate 100.00 was exceeded!
[bt_navigator-11] [WARN] [1789631159.267029208] [BehaviorTreeEngine]: Behavior Tree tick rate 100.00 was exceeded!
[controller_server-8] [INFO] [1789631159.272699411] [controller_server]: Passing new path to controller.
[bt_navigator-11] [WARN] [1789631159.322485844] [BehaviorTreeEngine]: Behavior Tree tick rate 100.00 was exceeded!
[bt_navigator-11] [WARN] [1789631159.327915111] [BehaviorTreeEngine]: Behavior Tree tick rate 100.00 was exceeded!
[bt_navigator-11] [WARN] [1789631159.346836439] [BehaviorTreeEngine]: Behavior Tree tick rate 100.00 was exceeded!
[bt_navigator-11] [WARN] [1789631159.729920317] [BehaviorTreeEngine]: Behavior Tree tick rate 100.00 was exceeded!
[bt_navigator-11] [WARN] [1789631159.739427653] [BehaviorTreeEngine]: Behavior Tree tick rate 100.00 was exceeded!
[bt_navigator-11] [WARN] [1789631159.747852636] [BehaviorTreeEngine]: Behavior Tree tick rate 100.00 was exceeded!
[bt_navigator-11] [WARN] [1789631159.797648690] [BehaviorTreeEngine]: Behavior Tree tick rate 100.00 was exceeded!
[bt_navigator-11] [WARN] [1789631159.863303199] [BehaviorTreeEngine]: Behavior Tree tick rate 100.00 was exceeded!
[bt_navigator-11] [WARN] [1789631159.876651704] [BehaviorTreeEngine]: Behavior Tree tick rate 100.00 was exceeded!
[bt_navigator-11] [WARN] [1789631159.896431798] [BehaviorTreeEngine]: Behavior Tree tick rate 100.00 was exceeded!
[bt_navigator-11] [WARN] [1789631160.179274827] [BehaviorTreeEngine]: Behavior Tree tick rate 100.00 was exceeded!
[bt_navigator-11] [WARN] [1789631160.209472923] [BehaviorTreeEngine]: Behavior Tree tick rate 100.00 was exceeded!
[bt_navigator-11] [WARN] [1789631160.244509599] [BehaviorTreeEngine]: Behavior Tree tick rate 100.00 was exceeded!
[bt_navigator-11] [WARN] [1789631160.267814060] [BehaviorTreeEngine]: Behavior Tree tick rate 100.00 was exceeded!
[controller_server-8] [INFO] [1789631160.272864951] [controller_server]: Passing new path to controller.
[bt_navigator-11] [WARN] [1789631160.275254489] [BehaviorTreeEngine]: Behavior Tree tick rate 100.00 was exceeded!
[bt_navigator-11] [WARN] [1789631160.283108746] [BehaviorTreeEngine]: Behavior Tree tick rate 100.00 was exceeded!
[bt_navigator-11] [WARN] [1789631160.301050189] [BehaviorTreeEngine]: Behavior Tree tick rate 100.00 was exceeded!
[bt_navigator-11] [WARN] [1789631160.331906693] [BehaviorTreeEngine]: Behavior Tree tick rate 100.00 was exceeded!
[bt_navigator-11] [WARN] [1789631160.353429360] [BehaviorTreeEngine]: Behavior Tree tick rate 100.00 was exceeded!
[bt_navigator-11] [WARN] [1789631160.463886817] [BehaviorTreeEngine]: Behavior Tree tick rate 100.00 was exceeded!
[bt_navigator-11] [WARN] [1789631160.602795195] [BehaviorTreeEngine]: Behavior Tree tick rate 100.00 was exceeded!
[swerve_bridge_node-14] [WARN] [1789631160.604038275] [swerve_bridge]: Django websocket disconnected: [Errno 111] Connection refused
[bt_navigator-11] [WARN] [1789631160.621335107] [BehaviorTreeEngine]: Behavior Tree tick rate 100.00 was exceeded!
[bt_navigator-11] [WARN] [1789631160.669972088] [BehaviorTreeEngine]: Behavior Tree tick rate 100.00 was exceeded!
[bt_navigator-11] [WARN] [1789631160.884561963] [BehaviorTreeEngine]: Behavior Tree tick rate 100.00 was exceeded!
[bt_navigator-11] [WARN] [1789631161.182883682] [BehaviorTreeEngine]: Behavior Tree tick rate 100.00 was exceeded!
[bt_navigator-11] [WARN] [1789631161.319675537] [BehaviorTreeEngine]: Behavior Tree tick rate 100.00 was exceeded!
[controller_server-8] [INFO] [1789631161.373195949] [controller_server]: Passing new path to controller.
[bt_navigator-11] [WARN] [1789631161.759703872] [BehaviorTreeEngine]: Behavior Tree tick rate 100.00 was exceeded!
[bt_navigator-11] [WARN] [1789631161.930667437] [BehaviorTreeEngine]: Behavior Tree tick rate 100.00 was exceeded!
[bt_navigator-11] [WARN] [1789631162.240023658] [BehaviorTreeEngine]: Behavior Tree tick rate 100.00 was exceeded!
[bt_navigator-11] [WARN] [1789631162.291178102] [BehaviorTreeEngine]: Behavior Tree tick rate 100.00 was exceeded!
[bt_navigator-11] [WARN] [1789631162.299608934] [BehaviorTreeEngine]: Behavior Tree tick rate 100.00 was exceeded!
[bt_navigator-11] [WARN] [1789631162.310249929] [BehaviorTreeEngine]: Behavior Tree tick rate 100.00 was exceeded!
[bt_navigator-11] [WARN] [1789631162.329521234] [BehaviorTreeEngine]: Behavior Tree tick rate 100.00 was exceeded!
[controller_server-8] [INFO] [1789631162.373379798] [controller_server]: Passing new path to controller.
[bt_navigator-11] [WARN] [1789631162.534678673] [BehaviorTreeEngine]: Behavior Tree tick rate 100.00 was exceeded!
[bt_navigator-11] [WARN] [1789631162.576788514] [BehaviorTreeEngine]: Behavior Tree tick rate 100.00 was exceeded!
[swerve_bridge_node-14] [WARN] [1789631162.609876498] [swerve_bridge]: Django websocket disconnected: [Errno 111] Connection refused
[bt_navigator-11] [WARN] [1789631162.718778878] [BehaviorTreeEngine]: Behavior Tree tick rate 100.00 was exceeded!
[bt_navigator-11] [WARN] [1789631163.187515752] [BehaviorTreeEngine]: Behavior Tree tick rate 100.00 was exceeded!
[bt_navigator-11] [WARN] [1789631163.215382343] [BehaviorTreeEngine]: Behavior Tree tick rate 100.00 was exceeded!
[bt_navigator-11] [WARN] [1789631163.218249296] [BehaviorTreeEngine]: Behavior Tree tick rate 100.00 was exceeded!
[bt_navigator-11] [WARN] [1789631163.237273998] [BehaviorTreeEngine]: Behavior Tree tick rate 100.00 was exceeded!
[bt_navigator-11] [WARN] [1789631163.291990287] [BehaviorTreeEngine]: Behavior Tree tick rate 100.00 was exceeded!
[bt_navigator-11] [WARN] [1789631163.315030335] [BehaviorTreeEngine]: Behavior Tree tick rate 100.00 was exceeded!
[bt_navigator-11] [WARN] [1789631163.328530226] [BehaviorTreeEngine]: Behavior Tree tick rate 100.00 was exceeded!
[bt_navigator-11] [WARN] [1789631163.359102466] [BehaviorTreeEngine]: Behavior Tree tick rate 100.00 was exceeded!
[controller_server-8] [INFO] [1789631163.376018988] [controller_server]: Passing new path to controller.
[bt_navigator-11] [WARN] [1789631163.471418704] [BehaviorTreeEngine]: Behavior Tree tick rate 100.00 was exceeded!
[bt_navigator-11] [WARN] [1789631163.511368153] [BehaviorTreeEngine]: Behavior Tree tick rate 100.00 was exceeded!
[bt_navigator-11] [WARN] [1789631163.601626439] [BehaviorTreeEngine]: Behavior Tree tick rate 100.00 was exceeded!
[bt_navigator-11] [WARN] [1789631163.687139575] [BehaviorTreeEngine]: Behavior Tree tick rate 100.00 was exceeded!
[bt_navigator-11] [WARN] [1789631163.693828351] [BehaviorTreeEngine]: Behavior Tree tick rate 100.00 was exceeded!
[bt_navigator-11] [WARN] [1789631163.698633963] [BehaviorTreeEngine]: Behavior Tree tick rate 100.00 was exceeded!
[bt_navigator-11] [WARN] [1789631163.752408233] [BehaviorTreeEngine]: Behavior Tree tick rate 100.00 was exceeded!
[bt_navigator-11] [WARN] [1789631163.831022067] [BehaviorTreeEngine]: Behavior Tree tick rate 100.00 was exceeded!
[bt_navigator-11] [WARN] [1789631163.986141802] [BehaviorTreeEngine]: Behavior Tree tick rate 100.00 was exceeded!
[bt_navigator-11] [WARN] [1789631164.002599486] [BehaviorTreeEngine]: Behavior Tree tick rate 100.00 was exceeded!
[bt_navigator-11] [WARN] [1789631164.065894471] [BehaviorTreeEngine]: Behavior Tree tick rate 100.00 was exceeded!
[bt_navigator-11] [WARN] [1789631164.375819272] [BehaviorTreeEngine]: Behavior Tree tick rate 100.00 was exceeded!
[controller_server-8] [INFO] [1789631164.473178016] [controller_server]: Passing new path to controller.
[bt_navigator-11] [WARN] [1789631164.482780720] [BehaviorTreeEngine]: Behavior Tree tick rate 100.00 was exceeded!
[swerve_bridge_node-14] [WARN] [1789631164.625708546] [swerve_bridge]: Django websocket disconnected: [Errno 111] Connection refused
[bt_navigator-11] [WARN] [1789631164.703415158] [BehaviorTreeEngine]: Behavior Tree tick rate 100.00 was exceeded!
[bt_navigator-11] [WARN] [1789631164.786538453] [BehaviorTreeEngine]: Behavior Tree tick rate 100.00 was exceeded!
[bt_navigator-11] [WARN] [1789631164.802495933] [BehaviorTreeEngine]: Behavior Tree tick rate 100.00 was exceeded!
[bt_navigator-11] [WARN] [1789631164.808909367] [BehaviorTreeEngine]: Behavior Tree tick rate 100.00 was exceeded!
[bt_navigator-11] [WARN] [1789631164.832012202] [BehaviorTreeEngine]: Behavior Tree tick rate 100.00 was exceeded!
[bt_navigator-11] [WARN] [1789631164.905723909] [BehaviorTreeEngine]: Behavior Tree tick rate 100.00 was exceeded!
[bt_navigator-11] [WARN] [1789631164.917005408] [BehaviorTreeEngine]: Behavior Tree tick rate 100.00 was exceeded!
[bt_navigator-11] [WARN] [1789631164.922180862] [BehaviorTreeEngine]: Behavior Tree tick rate 100.00 was exceeded!
[bt_navigator-11] [WARN] [1789631164.933849032] [BehaviorTreeEngine]: Behavior Tree tick rate 100.00 was exceeded!
[bt_navigator-11] [WARN] [1789631165.382057881] [BehaviorTreeEngine]: Behavior Tree tick rate 100.00 was exceeded!
[bt_navigator-11] [WARN] [1789631165.432801165] [BehaviorTreeEngine]: Behavior Tree tick rate 100.00 was exceeded!
[controller_server-8] [INFO] [1789631165.473231599] [controller_server]: Passing new path to controller.
[bt_navigator-11] [WARN] [1789631165.555089337] [BehaviorTreeEngine]: Behavior Tree tick rate 100.00 was exceeded!
[bt_navigator-11] [WARN] [1789631165.622019881] [BehaviorTreeEngine]: Behavior Tree tick rate 100.00 was exceeded!
[bt_navigator-11] [WARN] [1789631165.988438806] [BehaviorTreeEngine]: Behavior Tree tick rate 100.00 was exceeded!
[bt_navigator-11] [WARN] [1789631165.994365280] [BehaviorTreeEngine]: Behavior Tree tick rate 100.00 was exceeded!
[bt_navigator-11] [WARN] [1789631166.002899911] [BehaviorTreeEngine]: Behavior Tree tick rate 100.00 was exceeded!
[bt_navigator-11] [WARN] [1789631166.079706635] [BehaviorTreeEngine]: Behavior Tree tick rate 100.00 was exceeded!
[bt_navigator-11] [WARN] [1789631166.179066179] [BehaviorTreeEngine]: Behavior Tree tick rate 100.00 was exceeded!
[bt_navigator-11] [WARN] [1789631166.192508662] [BehaviorTreeEngine]: Behavior Tree tick rate 100.00 was exceeded!
[bt_navigator-11] [WARN] [1789631166.302414497] [BehaviorTreeEngine]: Behavior Tree tick rate 100.00 was exceeded!
[bt_navigator-11] [WARN] [1789631166.344257172] [BehaviorTreeEngine]: Behavior Tree tick rate 100.00 was exceeded!
[bt_navigator-11] [WARN] [1789631166.355604067] [BehaviorTreeEngine]: Behavior Tree tick rate 100.00 was exceeded!
[controller_server-8] [INFO] [1789631166.475721315] [controller_server]: Passing new path to controller.
[swerve_bridge_node-14] [WARN] [1789631166.630747554] [swerve_bridge]: Django websocket disconnected: [Errno 111] Connection refused
[bt_navigator-11] [WARN] [1789631166.640050562] [BehaviorTreeEngine]: Behavior Tree tick rate 100.00 was exceeded!
[bt_navigator-11] [WARN] [1789631166.662207430] [BehaviorTreeEngine]: Behavior Tree tick rate 100.00 was exceeded!
[bt_navigator-11] [WARN] [1789631166.776105335] [BehaviorTreeEngine]: Behavior Tree tick rate 100.00 was exceeded!
[bt_navigator-11] [WARN] [1789631166.914045957] [BehaviorTreeEngine]: Behavior Tree tick rate 100.00 was exceeded!
[bt_navigator-11] [WARN] [1789631166.958330290] [BehaviorTreeEngine]: Behavior Tree tick rate 100.00 was exceeded!
[bt_navigator-11] [WARN] [1789631167.026037871] [BehaviorTreeEngine]: Behavior Tree tick rate 100.00 was exceeded!
[controller_server-8] [WARN] [1789631167.073339943] [controller_server]: Control loop missed its desired rate of 10.0000Hz
[bt_navigator-11] [WARN] [1789631167.128395805] [BehaviorTreeEngine]: Behavior Tree tick rate 100.00 was exceeded!
[bt_navigator-11] [WARN] [1789631167.189322914] [BehaviorTreeEngine]: Behavior Tree tick rate 100.00 was exceeded!
[bt_navigator-11] [WARN] [1789631167.207353594] [BehaviorTreeEngine]: Behavior Tree tick rate 100.00 was exceeded!
[bt_navigator-11] [WARN] [1789631167.256881436] [BehaviorTreeEngine]: Behavior Tree tick rate 100.00 was exceeded!
[bt_navigator-11] [WARN] [1789631167.263867877] [BehaviorTreeEngine]: Behavior Tree tick rate 100.00 was exceeded!
[bt_navigator-11] [WARN] [1789631167.282091304] [BehaviorTreeEngine]: Behavior Tree tick rate 100.00 was exceeded!
[bt_navigator-11] [WARN] [1789631167.331070454] [BehaviorTreeEngine]: Behavior Tree tick rate 100.00 was exceeded!
[bt_navigator-11] [WARN] [1789631167.345000892] [BehaviorTreeEngine]: Behavior Tree tick rate 100.00 was exceeded!
[bt_navigator-11] [WARN] [1789631167.486603484] [BehaviorTreeEngine]: Behavior Tree tick rate 100.00 was exceeded!
[controller_server-8] [INFO] [1789631167.572624753] [controller_server]: Passing new path to controller.
[bt_navigator-11] [WARN] [1789631167.646926900] [BehaviorTreeEngine]: Behavior Tree tick rate 100.00 was exceeded!
[bt_navigator-11] [WARN] [1789631167.827528856] [BehaviorTreeEngine]: Behavior Tree tick rate 100.00 was exceeded!
[bt_navigator-11] [WARN] [1789631167.839880092] [BehaviorTreeEngine]: Behavior Tree tick rate 100.00 was exceeded!
[bt_navigator-11] [WARN] [1789631167.848684064] [BehaviorTreeEngine]: Behavior Tree tick rate 100.00 was exceeded!
[bt_navigator-11] [WARN] [1789631167.968406909] [BehaviorTreeEngine]: Behavior Tree tick rate 100.00 was exceeded!
[bt_navigator-11] [WARN] [1789631168.298475479] [BehaviorTreeEngine]: Behavior Tree tick rate 100.00 was exceeded!
[bt_navigator-11] [WARN] [1789631168.345163153] [BehaviorTreeEngine]: Behavior Tree tick rate 100.00 was exceeded!
[bt_navigator-11] [WARN] [1789631168.436817041] [BehaviorTreeEngine]: Behavior Tree tick rate 100.00 was exceeded!
[bt_navigator-11] [WARN] [1789631168.476017900] [BehaviorTreeEngine]: Behavior Tree tick rate 100.00 was exceeded!
[bt_navigator-11] [WARN] [1789631168.510953990] [BehaviorTreeEngine]: Behavior Tree tick rate 100.00 was exceeded!
[bt_navigator-11] [WARN] [1789631168.531310133] [BehaviorTreeEngine]: Behavior Tree tick rate 100.00 was exceeded!
[bt_navigator-11] [WARN] [1789631168.570832628] [BehaviorTreeEngine]: Behavior Tree tick rate 100.00 was exceeded!
[bt_navigator-11] [WARN] [1789631168.624944773] [BehaviorTreeEngine]: Behavior Tree tick rate 100.00 was exceeded!
[swerve_bridge_node-14] [WARN] [1789631168.638496337] [swerve_bridge]: Django websocket disconnected: [Errno 111] Connection refused
[bt_navigator-11] [WARN] [1789631168.653361565] [BehaviorTreeEngine]: Behavior Tree tick rate 100.00 was exceeded!
[bt_navigator-11] [WARN] [1789631168.665626987] [BehaviorTreeEngine]: Behavior Tree tick rate 100.00 was exceeded!
[controller_server-8] [WARN] [1789631168.680621323] [controller_server]: Control loop missed its desired rate of 10.0000Hz
[controller_server-8] [INFO] [1789631168.680710437] [controller_server]: Passing new path to controller.
[bt_navigator-11] [WARN] [1789631168.703941640] [BehaviorTreeEngine]: Behavior Tree tick rate 100.00 was exceeded!
[bt_navigator-11] [WARN] [1789631168.723634465] [BehaviorTreeEngine]: Behavior Tree tick rate 100.00 was exceeded!
[controller_server-8] [WARN] [1789631168.786771478] [controller_server]: Control loop missed its desired rate of 10.0000Hz
[bt_navigator-11] [WARN] [1789631168.788827488] [BehaviorTreeEngine]: Behavior Tree tick rate 100.00 was exceeded!
[bt_navigator-11] [WARN] [1789631168.820265689] [BehaviorTreeEngine]: Behavior Tree tick rate 100.00 was exceeded!
[bt_navigator-11] [WARN] [1789631168.834764324] [BehaviorTreeEngine]: Behavior Tree tick rate 100.00 was exceeded!
[bt_navigator-11] [WARN] [1789631168.849721504] [BehaviorTreeEngine]: Behavior Tree tick rate 100.00 was exceeded!
[bt_navigator-11] [WARN] [1789631168.870023660] [BehaviorTreeEngine]: Behavior Tree tick rate 100.00 was exceeded!
[bt_navigator-11] [WARN] [1789631168.884915379] [BehaviorTreeEngine]: Behavior Tree tick rate 100.00 was exceeded!
[bt_navigator-11] [WARN] [1789631168.895710597] [BehaviorTreeEngine]: Behavior Tree tick rate 100.00 was exceeded!
[bt_navigator-11] [WARN] [1789631168.899637397] [BehaviorTreeEngine]: Behavior Tree tick rate 100.00 was exceeded!
[controller_server-8] [WARN] [1789631168.922209146] [controller_server]: Control loop missed its desired rate of 10.0000Hz
[bt_navigator-11] [WARN] [1789631168.924690798] [BehaviorTreeEngine]: Behavior Tree tick rate 100.00 was exceeded!
[bt_navigator-11] [WARN] [1789631168.935912367] [BehaviorTreeEngine]: Behavior Tree tick rate 100.00 was exceeded!
[bt_navigator-11] [WARN] [1789631168.947543417] [BehaviorTreeEngine]: Behavior Tree tick rate 100.00 was exceeded!
[bt_navigator-11] [WARN] [1789631168.951829192] [BehaviorTreeEngine]: Behavior Tree tick rate 100.00 was exceeded!
[bt_navigator-11] [WARN] [1789631168.980819548] [BehaviorTreeEngine]: Behavior Tree tick rate 100.00 was exceeded!
[controller_server-8] [WARN] [1789631168.987447602] [controller_server]: Control loop missed its desired rate of 10.0000Hz
[bt_navigator-11] [WARN] [1789631169.017769092] [BehaviorTreeEngine]: Behavior Tree tick rate 100.00 was exceeded!
[bt_navigator-11] [WARN] [1789631169.022314822] [BehaviorTreeEngine]: Behavior Tree tick rate 100.00 was exceeded!
[bt_navigator-11] [WARN] [1789631169.066660888] [BehaviorTreeEngine]: Behavior Tree tick rate 100.00 was exceeded!
[bt_navigator-11] [WARN] [1789631169.078636637] [BehaviorTreeEngine]: Behavior Tree tick rate 100.00 was exceeded!
[controller_server-8] [WARN] [1789631169.077181301] [controller_server]: Control loop missed its desired rate of 10.0000Hz
[bt_navigator-11] [WARN] [1789631169.086303577] [BehaviorTreeEngine]: Behavior Tree tick rate 100.00 was exceeded!
[bt_navigator-11] [WARN] [1789631169.191663125] [BehaviorTreeEngine]: Behavior Tree tick rate 100.00 was exceeded!
[bt_navigator-11] [WARN] [1789631169.218041188] [BehaviorTreeEngine]: Behavior Tree tick rate 100.00 was exceeded!
[bt_navigator-11] [WARN] [1789631169.345474389] [BehaviorTreeEngine]: Behavior Tree tick rate 100.00 was exceeded!
[bt_navigator-11] [WARN] [1789631169.406550530] [BehaviorTreeEngine]: Behavior Tree tick rate 100.00 was exceeded!
[bt_navigator-11] [WARN] [1789631169.439994571] [BehaviorTreeEngine]: Behavior Tree tick rate 100.00 was exceeded!
[bt_navigator-11] [WARN] [1789631169.509003234] [BehaviorTreeEngine]: Behavior Tree tick rate 100.00 was exceeded!
[bt_navigator-11] [WARN] [1789631169.522569085] [BehaviorTreeEngine]: Behavior Tree tick rate 100.00 was exceeded!
[bt_navigator-11] [WARN] [1789631169.551761395] [BehaviorTreeEngine]: Behavior Tree tick rate 100.00 was exceeded!
[bt_navigator-11] [WARN] [1789631169.571964629] [BehaviorTreeEngine]: Behavior Tree tick rate 100.00 was exceeded!
[bt_navigator-11] [WARN] [1789631169.590374495] [BehaviorTreeEngine]: Behavior Tree tick rate 100.00 was exceeded!
[bt_navigator-11] [WARN] [1789631169.606237974] [BehaviorTreeEngine]: Behavior Tree tick rate 100.00 was exceeded!
[bt_navigator-11] [WARN] [1789631169.633441972] [BehaviorTreeEngine]: Behavior Tree tick rate 100.00 was exceeded!
[bt_navigator-11] [WARN] [1789631169.644107850] [BehaviorTreeEngine]: Behavior Tree tick rate 100.00 was exceeded!
[bt_navigator-11] [WARN] [1789631169.648360004] [BehaviorTreeEngine]: Behavior Tree tick rate 100.00 was exceeded!
[bt_navigator-11] [WARN] [1789631169.661729465] [BehaviorTreeEngine]: Behavior Tree tick rate 100.00 was exceeded!
[controller_server-8] [INFO] [1789631169.673191611] [controller_server]: Passing new path to controller.
[bt_navigator-11] [WARN] [1789631169.750523701] [BehaviorTreeEngine]: Behavior Tree tick rate 100.00 was exceeded!
[bt_navigator-11] [WARN] [1789631169.872251424] [BehaviorTreeEngine]: Behavior Tree tick rate 100.00 was exceeded!
[bt_navigator-11] [WARN] [1789631169.921796086] [BehaviorTreeEngine]: Behavior Tree tick rate 100.00 was exceeded!
[bt_navigator-11] [WARN] [1789631169.968037490] [BehaviorTreeEngine]: Behavior Tree tick rate 100.00 was exceeded!
[bt_navigator-11] [WARN] [1789631170.058759279] [BehaviorTreeEngine]: Behavior Tree tick rate 100.00 was exceeded!
[bt_navigator-11] [WARN] [1789631170.122977827] [BehaviorTreeEngine]: Behavior Tree tick rate 100.00 was exceeded!
[bt_navigator-11] [WARN] [1789631170.228089679] [BehaviorTreeEngine]: Behavior Tree tick rate 100.00 was exceeded!
[bt_navigator-11] [WARN] [1789631170.419743889] [BehaviorTreeEngine]: Behavior Tree tick rate 100.00 was exceeded!
[bt_navigator-11] [WARN] [1789631170.571766626] [BehaviorTreeEngine]: Behavior Tree tick rate 100.00 was exceeded!
[bt_navigator-11] [WARN] [1789631170.618194571] [BehaviorTreeEngine]: Behavior Tree tick rate 100.00 was exceeded!
[bt_navigator-11] [WARN] [1789631170.635271152] [BehaviorTreeEngine]: Behavior Tree tick rate 100.00 was exceeded!
[bt_navigator-11] [WARN] [1789631170.644840697] [BehaviorTreeEngine]: Behavior Tree tick rate 100.00 was exceeded!
[bt_navigator-11] [WARN] [1789631170.649463603] [BehaviorTreeEngine]: Behavior Tree tick rate 100.00 was exceeded!
[swerve_bridge_node-14] [WARN] [1789631170.662610533] [swerve_bridge]: Django websocket disconnected: [Errno 111] Connection refused
[bt_navigator-11] [WARN] [1789631170.676888990] [BehaviorTreeEngine]: Behavior Tree tick rate 100.00 was exceeded!
[bt_navigator-11] [WARN] [1789631170.682534926] [BehaviorTreeEngine]: Behavior Tree tick rate 100.00 was exceeded!
[bt_navigator-11] [WARN] [1789631170.694175816] [BehaviorTreeEngine]: Behavior Tree tick rate 100.00 was exceeded!
[bt_navigator-11] [WARN] [1789631170.698647384] [BehaviorTreeEngine]: Behavior Tree tick rate 100.00 was exceeded!
[controller_server-8] [INFO] [1789631170.773091692] [controller_server]: Passing new path to controller.
[bt_navigator-11] [WARN] [1789631170.829811391] [BehaviorTreeEngine]: Behavior Tree tick rate 100.00 was exceeded!
[bt_navigator-11] [WARN] [1789631170.879192752] [BehaviorTreeEngine]: Behavior Tree tick rate 100.00 was exceeded!
[bt_navigator-11] [WARN] [1789631171.061731550] [BehaviorTreeEngine]: Behavior Tree tick rate 100.00 was exceeded!
[bt_navigator-11] [WARN] [1789631171.152617918] [BehaviorTreeEngine]: Behavior Tree tick rate 100.00 was exceeded!
[bt_navigator-11] [WARN] [1789631171.478590045] [BehaviorTreeEngine]: Behavior Tree tick rate 100.00 was exceeded!
[bt_navigator-11] [WARN] [1789631171.484972775] [BehaviorTreeEngine]: Behavior Tree tick rate 100.00 was exceeded!
[bt_navigator-11] [WARN] [1789631171.564051548] [BehaviorTreeEngine]: Behavior Tree tick rate 100.00 was exceeded!
[bt_navigator-11] [WARN] [1789631171.732788574] [BehaviorTreeEngine]: Behavior Tree tick rate 100.00 was exceeded!
[bt_navigator-11] [WARN] [1789631171.748308990] [BehaviorTreeEngine]: Behavior Tree tick rate 100.00 was exceeded!
[bt_navigator-11] [WARN] [1789631171.759567022] [BehaviorTreeEngine]: Behavior Tree tick rate 100.00 was exceeded!
[controller_server-8] [INFO] [1789631171.776549965] [controller_server]: Passing new path to controller.
[bt_navigator-11] [WARN] [1789631171.889304942] [BehaviorTreeEngine]: Behavior Tree tick rate 100.00 was exceeded!
[controller_server-8] [WARN] [1789631171.893543125] [controller_server]: Control loop missed its desired rate of 10.0000Hz
[bt_navigator-11] [WARN] [1789631171.971017018] [BehaviorTreeEngine]: Behavior Tree tick rate 100.00 was exceeded!
[bt_navigator-11] [WARN] [1789631172.013104774] [BehaviorTreeEngine]: Behavior Tree tick rate 100.00 was exceeded!
[bt_navigator-11] [WARN] [1789631172.096115528] [BehaviorTreeEngine]: Behavior Tree tick rate 100.00 was exceeded!
[bt_navigator-11] [WARN] [1789631172.111789037] [BehaviorTreeEngine]: Behavior Tree tick rate 100.00 was exceeded!
[bt_navigator-11] [WARN] [1789631172.196135284] [BehaviorTreeEngine]: Behavior Tree tick rate 100.00 was exceeded!
[bt_navigator-11] [WARN] [1789631172.203358371] [BehaviorTreeEngine]: Behavior Tree tick rate 100.00 was exceeded!
[bt_navigator-11] [WARN] [1789631172.242706517] [BehaviorTreeEngine]: Behavior Tree tick rate 100.00 was exceeded!
[bt_navigator-11] [WARN] [1789631172.286894281] [BehaviorTreeEngine]: Behavior Tree tick rate 100.00 was exceeded!
[bt_navigator-11] [WARN] [1789631172.359884390] [BehaviorTreeEngine]: Behavior Tree tick rate 100.00 was exceeded!
[bt_navigator-11] [WARN] [1789631172.435913924] [BehaviorTreeEngine]: Behavior Tree tick rate 100.00 was exceeded!
