[INFO] [launch]: All log files can be found below /home/yahboom/.ros/log/2026-09-17-15-30-55-373254-yahboom-virtual-machine-116032
[INFO] [launch]: Default logging verbosity is set to INFO
[INFO] [gzserver-1]: process started with pid [116143]
[INFO] [robot_state_publisher-2]: process started with pid [116145]
[INFO] [spawn_entity.py-3]: process started with pid [116147]
[INFO] [ekf_node-4]: process started with pid [116149]
[INFO] [v30e_sim_node-5]: process started with pid [116151]
[INFO] [ekf_node-6]: process started with pid [116155]
[INFO] [map_server-7]: process started with pid [116159]
[INFO] [controller_server-8]: process started with pid [116164]
[INFO] [planner_server-9]: process started with pid [116169]
[INFO] [behavior_server-10]: process started with pid [116179]
[INFO] [bt_navigator-11]: process started with pid [116187]
[INFO] [waypoint_follower-12]: process started with pid [116213]
[INFO] [lifecycle_manager-13]: process started with pid [116220]
[INFO] [swerve_bridge_node-14]: process started with pid [116223]
[waypoint_follower-12] [INFO] [1789630259.104794177] [waypoint_follower]: 
[waypoint_follower-12] 	waypoint_follower lifecycle node launched. 
[waypoint_follower-12] 	Waiting on external lifecycle transitions to activate
[waypoint_follower-12] 	See https://design.ros2.org/articles/node_lifecycle.html for more information.
[waypoint_follower-12] [INFO] [1789630259.105583135] [waypoint_follower]: Creating
[robot_state_publisher-2] [INFO] [1789630259.193427571] [robot_state_publisher]: got segment base_footprint
[robot_state_publisher-2] [INFO] [1789630259.193589078] [robot_state_publisher]: got segment base_link
[robot_state_publisher-2] [INFO] [1789630259.193602332] [robot_state_publisher]: got segment imu_link
[robot_state_publisher-2] [INFO] [1789630259.193610356] [robot_state_publisher]: got segment lidar_link
[robot_state_publisher-2] [INFO] [1789630259.193617936] [robot_state_publisher]: got segment steer_front_link
[robot_state_publisher-2] [INFO] [1789630259.193624914] [robot_state_publisher]: got segment steer_rear_link
[robot_state_publisher-2] [INFO] [1789630259.193631926] [robot_state_publisher]: got segment v30e_link
[robot_state_publisher-2] [INFO] [1789630259.193638794] [robot_state_publisher]: got segment wheel_front_drive_link
[robot_state_publisher-2] [INFO] [1789630259.193645706] [robot_state_publisher]: got segment wheel_front_left_link
[robot_state_publisher-2] [INFO] [1789630259.193652618] [robot_state_publisher]: got segment wheel_front_right_link
[robot_state_publisher-2] [INFO] [1789630259.193659354] [robot_state_publisher]: got segment wheel_rear_drive_link
[robot_state_publisher-2] [INFO] [1789630259.193665854] [robot_state_publisher]: got segment wheel_rear_left_link
[robot_state_publisher-2] [INFO] [1789630259.215078088] [robot_state_publisher]: got segment wheel_rear_right_link
[planner_server-9] [INFO] [1789630259.218602265] [planner_server]: 
[planner_server-9] 	planner_server lifecycle node launched. 
[planner_server-9] 	Waiting on external lifecycle transitions to activate
[planner_server-9] 	See https://design.ros2.org/articles/node_lifecycle.html for more information.
[planner_server-9] [INFO] [1789630259.219974644] [planner_server]: Creating
[lifecycle_manager-13] [INFO] [1789630259.228321155] [lifecycle_manager_navigation]: Creating
[lifecycle_manager-13] [INFO] [1789630259.331975987] [lifecycle_manager_navigation]: [34m[1mCreating and initializing lifecycle service clients[0m[0m
[bt_navigator-11] [INFO] [1789630259.559491146] [bt_navigator]: 
[bt_navigator-11] 	bt_navigator lifecycle node launched. 
[bt_navigator-11] 	Waiting on external lifecycle transitions to activate
[bt_navigator-11] 	See https://design.ros2.org/articles/node_lifecycle.html for more information.
[bt_navigator-11] [INFO] [1789630259.560260112] [bt_navigator]: Creating
[controller_server-8] [INFO] [1789630259.571258076] [controller_server]: 
[controller_server-8] 	controller_server lifecycle node launched. 
[controller_server-8] 	Waiting on external lifecycle transitions to activate
[controller_server-8] 	See https://design.ros2.org/articles/node_lifecycle.html for more information.
[controller_server-8] [INFO] [1789630259.581203399] [controller_server]: Creating controller server
[map_server-7] [INFO] [1789630259.611884022] [map_server]: 
[map_server-7] 	map_server lifecycle node launched. 
[map_server-7] 	Waiting on external lifecycle transitions to activate
[map_server-7] 	See https://design.ros2.org/articles/node_lifecycle.html for more information.
[map_server-7] [INFO] [1789630259.612140546] [map_server]: Creating
[behavior_server-10] [INFO] [1789630259.721637108] [behavior_server]: 
[behavior_server-10] 	behavior_server lifecycle node launched. 
[behavior_server-10] 	Waiting on external lifecycle transitions to activate
[behavior_server-10] 	See https://design.ros2.org/articles/node_lifecycle.html for more information.
[planner_server-9] [INFO] [1789630259.827040928] [global_costmap.global_costmap]: 
[planner_server-9] 	global_costmap lifecycle node launched. 
[planner_server-9] 	Waiting on external lifecycle transitions to activate
[planner_server-9] 	See https://design.ros2.org/articles/node_lifecycle.html for more information.
[planner_server-9] [INFO] [1789630259.834385118] [global_costmap.global_costmap]: Creating Costmap
[lifecycle_manager-13] [INFO] [1789630259.856660868] [lifecycle_manager_navigation]: [34m[1mStarting managed nodes bringup...[0m[0m
[lifecycle_manager-13] [INFO] [1789630259.856733523] [lifecycle_manager_navigation]: [34m[1mConfiguring map_server[0m[0m
[map_server-7] [INFO] [1789630259.859020125] [map_server]: Configuring
[map_server-7] [INFO] [1789630259.865340661] [map_io]: Loading yaml file: /home/yahboom/swerve_bringup/install/swerve_bringup/share/swerve_bringup/swerve_navigation/maps/warehouse.yaml
[map_server-7] [INFO] [1789630259.865716274] [map_io]: resolution: 0.05
[map_server-7] [INFO] [1789630259.865733925] [map_io]: origin[0]: -17.2
[map_server-7] [INFO] [1789630259.865808867] [map_io]: origin[1]: -17.4
[map_server-7] [INFO] [1789630259.865818494] [map_io]: origin[2]: 0
[map_server-7] [INFO] [1789630259.865824552] [map_io]: free_thresh: 0.25
[map_server-7] [INFO] [1789630259.865830368] [map_io]: occupied_thresh: 0.65
[map_server-7] [INFO] [1789630259.865920811] [map_io]: mode: trinary
[map_server-7] [INFO] [1789630259.865932117] [map_io]: negate: 0
[map_server-7] [INFO] [1789630259.866196008] [map_io]: Loading image_file: /home/yahboom/swerve_bringup/install/swerve_bringup/share/swerve_bringup/swerve_navigation/maps/warehouse.pgm
[controller_server-8] [INFO] [1789630259.975697518] [local_costmap.local_costmap]: 
[controller_server-8] 	local_costmap lifecycle node launched. 
[controller_server-8] 	Waiting on external lifecycle transitions to activate
[controller_server-8] 	See https://design.ros2.org/articles/node_lifecycle.html for more information.
[controller_server-8] [INFO] [1789630259.975969853] [local_costmap.local_costmap]: Creating Costmap
[map_server-7] [INFO] [1789630260.004889771] [map_io]: Read map /home/yahboom/swerve_bringup/install/swerve_bringup/share/swerve_bringup/swerve_navigation/maps/warehouse.pgm: 676 X 680 map @ 0.05 m/cell
[lifecycle_manager-13] [INFO] [1789630260.058750255] [lifecycle_manager_navigation]: [34m[1mConfiguring controller_server[0m[0m
[controller_server-8] [INFO] [1789630260.071812675] [controller_server]: Configuring controller interface
[controller_server-8] [INFO] [1789630260.080230972] [controller_server]: getting goal checker plugins..
[controller_server-8] [INFO] [1789630260.084203790] [controller_server]: Controller frequency set to 10.0000Hz
[controller_server-8] [INFO] [1789630260.084313598] [local_costmap.local_costmap]: Configuring
[controller_server-8] [INFO] [1789630260.153631921] [local_costmap.local_costmap]: Using plugin "voxel_layer"
[controller_server-8] [INFO] [1789630260.189976112] [local_costmap.local_costmap]: Subscribed to Topics: lidar3d scan
[controller_server-8] [INFO] [1789630260.319486133] [local_costmap.local_costmap]: Initialized plugin "voxel_layer"
[controller_server-8] [INFO] [1789630260.319535259] [local_costmap.local_costmap]: Using plugin "inflation_layer"
[controller_server-8] [INFO] [1789630260.320063523] [local_costmap.local_costmap]: Initialized plugin "inflation_layer"
[controller_server-8] [INFO] [1789630260.435087054] [controller_server]: Created progress_checker : progress_checker of type nav2_controller::SimpleProgressChecker
[controller_server-8] [INFO] [1789630260.447853524] [controller_server]: Created goal checker : general_goal_checker of type nav2_controller::SimpleGoalChecker
[controller_server-8] [INFO] [1789630260.451823071] [controller_server]: Controller Server has general_goal_checker  goal checkers available.
[controller_server-8] [INFO] [1789630260.461660486] [controller_server]: Created controller : FollowPath of type dwb_core::DWBLocalPlanner
[controller_server-8] [INFO] [1789630260.530903536] [controller_server]: Setting transform_tolerance to 0.200000
[controller_server-8] [INFO] [1789630260.708806556] [controller_server]: Using critic "RotateToGoal" (dwb_critics::RotateToGoalCritic)
[controller_server-8] [INFO] [1789630260.714268939] [controller_server]: Critic plugin initialized
[controller_server-8] [INFO] [1789630260.714407041] [controller_server]: Using critic "Oscillation" (dwb_critics::OscillationCritic)
[controller_server-8] [INFO] [1789630260.714733706] [controller_server]: Critic plugin initialized
[controller_server-8] [INFO] [1789630260.714839549] [controller_server]: Using critic "BaseObstacle" (dwb_critics::BaseObstacleCritic)
[controller_server-8] [INFO] [1789630260.714913868] [controller_server]: Critic plugin initialized
[controller_server-8] [INFO] [1789630260.715003049] [controller_server]: Using critic "GoalAlign" (dwb_critics::GoalAlignCritic)
[controller_server-8] [INFO] [1789630260.715412319] [controller_server]: Critic plugin initialized
[controller_server-8] [INFO] [1789630260.715494384] [controller_server]: Using critic "PathAlign" (dwb_critics::PathAlignCritic)
[controller_server-8] [INFO] [1789630260.715986773] [controller_server]: Critic plugin initialized
[controller_server-8] [INFO] [1789630260.716061246] [controller_server]: Using critic "PathDist" (dwb_critics::PathDistCritic)
[controller_server-8] [INFO] [1789630260.716455112] [controller_server]: Critic plugin initialized
[controller_server-8] [INFO] [1789630260.720818609] [controller_server]: Using critic "GoalDist" (dwb_critics::GoalDistCritic)
[controller_server-8] [INFO] [1789630260.721435976] [controller_server]: Critic plugin initialized
[controller_server-8] [INFO] [1789630260.721472212] [controller_server]: Controller Server has FollowPath  controllers available.
[lifecycle_manager-13] [INFO] [1789630260.906711884] [lifecycle_manager_navigation]: [34m[1mConfiguring planner_server[0m[0m
[planner_server-9] [INFO] [1789630260.920958835] [planner_server]: Configuring
[planner_server-9] [INFO] [1789630260.921032972] [global_costmap.global_costmap]: Configuring
[planner_server-9] [INFO] [1789630261.145435185] [global_costmap.global_costmap]: Using plugin "static_layer"
[planner_server-9] [INFO] [1789630261.153533749] [global_costmap.global_costmap]: Subscribing to the map topic (/map) with transient local durability
[planner_server-9] [INFO] [1789630261.158854949] [global_costmap.global_costmap]: Initialized plugin "static_layer"
[planner_server-9] [INFO] [1789630261.158903033] [global_costmap.global_costmap]: Using plugin "obstacle_layer"
[planner_server-9] [INFO] [1789630261.163577719] [global_costmap.global_costmap]: Subscribed to Topics: scan
[planner_server-9] [INFO] [1789630261.180058193] [global_costmap.global_costmap]: Initialized plugin "obstacle_layer"
[planner_server-9] [INFO] [1789630261.180135886] [global_costmap.global_costmap]: Using plugin "inflation_layer"
[planner_server-9] [INFO] [1789630261.184180543] [global_costmap.global_costmap]: Initialized plugin "inflation_layer"
[planner_server-9] [INFO] [1789630261.217513810] [planner_server]: Created global planner plugin GridBased of type nav2_navfn_planner/NavfnPlanner
[planner_server-9] [INFO] [1789630261.217663273] [planner_server]: Configuring plugin GridBased of type NavfnPlanner
[planner_server-9] [INFO] [1789630261.220136454] [planner_server]: Planner Server has GridBased  planners available.
[spawn_entity.py-3] [INFO] [1789630261.516939995] [spawn_swerve]: Spawn Entity started
[spawn_entity.py-3] [INFO] [1789630261.517478388] [spawn_swerve]: Loading entity published on topic robot_description
[spawn_entity.py-3] [INFO] [1789630261.656928672] [spawn_swerve]: Waiting for entity xml on robot_description
[spawn_entity.py-3] [INFO] [1789630261.746957130] [spawn_swerve]: Waiting for service /spawn_entity, timeout = 30
[spawn_entity.py-3] [INFO] [1789630261.747377995] [spawn_swerve]: Waiting for service /spawn_entity
[lifecycle_manager-13] [INFO] [1789630261.949439847] [lifecycle_manager_navigation]: [34m[1mConfiguring behavior_server[0m[0m
[behavior_server-10] [INFO] [1789630261.974494497] [behavior_server]: Configuring
[behavior_server-10] [INFO] [1789630262.273001842] [behavior_server]: Creating behavior plugin spin of type nav2_behaviors/Spin
[behavior_server-10] [INFO] [1789630262.273949578] [behavior_server]: Configuring spin
[swerve_bridge_node-14] [WARN] [1789630262.354228483] [swerve_bridge]: Django websocket disconnected: [Errno 111] Connection refused
[v30e_sim_node-5] [INFO] [1789630262.388271763] [v30e_sim_node]: Using Gazebo /get_entity_state internally; odometry is not a V30E measurement input
[behavior_server-10] [INFO] [1789630262.392389659] [behavior_server]: Creating behavior plugin backup of type nav2_behaviors/BackUp
[behavior_server-10] [INFO] [1789630262.395677956] [behavior_server]: Configuring backup
[behavior_server-10] [INFO] [1789630262.491140288] [behavior_server]: Creating behavior plugin drive_on_heading of type nav2_behaviors/DriveOnHeading
[behavior_server-10] [INFO] [1789630262.492179280] [behavior_server]: Configuring drive_on_heading
[behavior_server-10] [INFO] [1789630262.563960612] [behavior_server]: Creating behavior plugin wait of type nav2_behaviors/Wait
[behavior_server-10] [INFO] [1789630262.564918734] [behavior_server]: Configuring wait
[lifecycle_manager-13] [INFO] [1789630262.632339378] [lifecycle_manager_navigation]: [34m[1mConfiguring bt_navigator[0m[0m
[bt_navigator-11] [INFO] [1789630262.633059516] [bt_navigator]: Configuring
[lifecycle_manager-13] [INFO] [1789630263.118508046] [lifecycle_manager_navigation]: [34m[1mConfiguring waypoint_follower[0m[0m
[waypoint_follower-12] [INFO] [1789630263.125748671] [waypoint_follower]: Configuring
[waypoint_follower-12] [INFO] [1789630263.278671556] [waypoint_follower]: Created waypoint_task_executor : wait_at_waypoint of type nav2_waypoint_follower::WaitAtWaypoint
[waypoint_follower-12] [INFO] [1789630263.280551268] [waypoint_follower]: Waypoint pause duration is set to zero, disabling task executor plugin.
[lifecycle_manager-13] [INFO] [1789630263.287050887] [lifecycle_manager_navigation]: [34m[1mActivating map_server[0m[0m
[map_server-7] [INFO] [1789630263.289678492] [map_server]: Activating
[map_server-7] [INFO] [1789630263.290797417] [map_server]: Creating bond (map_server) to lifecycle manager.
[planner_server-9] [INFO] [1789630263.298371127] [global_costmap.global_costmap]: StaticLayer: Resizing costmap to 676 X 680 at 0.050000 m/pix
[lifecycle_manager-13] [INFO] [1789630263.435165151] [lifecycle_manager_navigation]: Server map_server connected with bond.
[lifecycle_manager-13] [INFO] [1789630263.435231911] [lifecycle_manager_navigation]: [34m[1mActivating controller_server[0m[0m
[controller_server-8] [INFO] [1789630263.435723141] [controller_server]: Activating
[controller_server-8] [INFO] [1789630263.435761081] [local_costmap.local_costmap]: Activating
[controller_server-8] [INFO] [1789630263.435770189] [local_costmap.local_costmap]: Checking transform
[controller_server-8] [INFO] [1789630263.435791172] [local_costmap.local_costmap]: Timed out waiting for transform from base_footprint to odom to become available, tf error: Invalid frame ID "odom" passed to canTransform argument target_frame - frame does not exist
[controller_server-8] [INFO] [1789630263.937323821] [local_costmap.local_costmap]: Timed out waiting for transform from base_footprint to odom to become available, tf error: Invalid frame ID "odom" passed to canTransform argument target_frame - frame does not exist
[swerve_bridge_node-14] [WARN] [1789630264.358096816] [swerve_bridge]: Django websocket disconnected: [Errno 111] Connection refused
[controller_server-8] [INFO] [1789630264.436444726] [local_costmap.local_costmap]: Timed out waiting for transform from base_footprint to odom to become available, tf error: Invalid frame ID "odom" passed to canTransform argument target_frame - frame does not exist
[controller_server-8] [INFO] [1789630264.936566613] [local_costmap.local_costmap]: Timed out waiting for transform from base_footprint to odom to become available, tf error: Invalid frame ID "odom" passed to canTransform argument target_frame - frame does not exist
[controller_server-8] [INFO] [1789630265.436514436] [local_costmap.local_costmap]: Timed out waiting for transform from base_footprint to odom to become available, tf error: Invalid frame ID "odom" passed to canTransform argument target_frame - frame does not exist
[controller_server-8] [INFO] [1789630265.937133044] [local_costmap.local_costmap]: Timed out waiting for transform from base_footprint to odom to become available, tf error: Invalid frame ID "odom" passed to canTransform argument target_frame - frame does not exist
[swerve_bridge_node-14] [WARN] [1789630266.360616798] [swerve_bridge]: Django websocket disconnected: [Errno 111] Connection refused
[controller_server-8] [INFO] [1789630266.435946311] [local_costmap.local_costmap]: Timed out waiting for transform from base_footprint to odom to become available, tf error: Invalid frame ID "odom" passed to canTransform argument target_frame - frame does not exist
[controller_server-8] [INFO] [1789630266.935874008] [local_costmap.local_costmap]: Timed out waiting for transform from base_footprint to odom to become available, tf error: Invalid frame ID "odom" passed to canTransform argument target_frame - frame does not exist
[controller_server-8] [INFO] [1789630267.436116196] [local_costmap.local_costmap]: Timed out waiting for transform from base_footprint to odom to become available, tf error: Invalid frame ID "odom" passed to canTransform argument target_frame - frame does not exist
[controller_server-8] [INFO] [1789630267.936995025] [local_costmap.local_costmap]: Timed out waiting for transform from base_footprint to odom to become available, tf error: Invalid frame ID "odom" passed to canTransform argument target_frame - frame does not exist
[swerve_bridge_node-14] [WARN] [1789630268.369858493] [swerve_bridge]: Django websocket disconnected: [Errno 111] Connection refused
[controller_server-8] [INFO] [1789630268.462785190] [local_costmap.local_costmap]: Timed out waiting for transform from base_footprint to odom to become available, tf error: Invalid frame ID "odom" passed to canTransform argument target_frame - frame does not exist
[controller_server-8] [INFO] [1789630268.963886551] [local_costmap.local_costmap]: Timed out waiting for transform from base_footprint to odom to become available, tf error: Invalid frame ID "odom" passed to canTransform argument target_frame - frame does not exist
[spawn_entity.py-3] [INFO] [1789630269.305305375] [spawn_swerve]: Calling service /spawn_entity
[controller_server-8] [INFO] [1789630269.436175520] [local_costmap.local_costmap]: Timed out waiting for transform from base_footprint to odom to become available, tf error: Invalid frame ID "odom" passed to canTransform argument target_frame - frame does not exist
[gzserver-1] [INFO] [1789630269.561159873] [gazebo_ros_state]: Publishing states of gazebo models at [/model_states]
[gzserver-1] [INFO] [1789630269.572808255] [gazebo_ros_state]: Publishing states of gazebo links at [/link_states]
[gzserver-1] [ERROR] [1789630269.598699924] [gazebo_ros_state]: GetEntityState: entity [swerve_base] does not exist
[gzserver-1] [ERROR] [1789630269.717178267] [gazebo_ros_state]: GetEntityState: entity [swerve_base] does not exist
[gzserver-1] [ERROR] [1789630269.835047176] [gazebo_ros_state]: GetEntityState: entity [swerve_base] does not exist
[controller_server-8] [INFO] [1789630269.935976321] [local_costmap.local_costmap]: Timed out waiting for transform from base_footprint to odom to become available, tf error: Invalid frame ID "odom" passed to canTransform argument target_frame - frame does not exist
[gzserver-1] [ERROR] [1789630269.950957391] [gazebo_ros_state]: GetEntityState: entity [swerve_base] does not exist
[gzserver-1] [INFO] [1789630270.247164581] [imu.imu_ros]: <initial_orientation_as_reference> is unset, using default value of false to comply with REP 145 (world as orientation reference)
[swerve_bridge_node-14] [WARN] [1789630270.373425621] [swerve_bridge]: Django websocket disconnected: [Errno 111] Connection refused
[controller_server-8] [INFO] [1789630270.436844625] [local_costmap.local_costmap]: Timed out waiting for transform from base_footprint to odom to become available, tf error: Invalid frame ID "odom" passed to canTransform argument target_frame - frame does not exist
[controller_server-8] [INFO] [1789630270.936618533] [local_costmap.local_costmap]: Timed out waiting for transform from base_footprint to odom to become available, tf error: Invalid frame ID "odom" passed to canTransform argument target_frame - frame does not exist
[controller_server-8] [INFO] [1789630271.437093456] [local_costmap.local_costmap]: Timed out waiting for transform from base_footprint to odom to become available, tf error: Invalid frame ID "odom" passed to canTransform argument target_frame - frame does not exist
[controller_server-8] [INFO] [1789630271.936044317] [local_costmap.local_costmap]: Timed out waiting for transform from base_footprint to odom to become available, tf error: Invalid frame ID "odom" passed to canTransform argument target_frame - frame does not exist
[swerve_bridge_node-14] [WARN] [1789630272.380448219] [swerve_bridge]: Django websocket disconnected: [Errno 111] Connection refused
[controller_server-8] [INFO] [1789630272.436380363] [local_costmap.local_costmap]: Timed out waiting for transform from base_footprint to odom to become available, tf error: Invalid frame ID "odom" passed to canTransform argument target_frame - frame does not exist
[controller_server-8] [INFO] [1789630272.936628560] [local_costmap.local_costmap]: Timed out waiting for transform from base_footprint to odom to become available, tf error: Invalid frame ID "odom" passed to canTransform argument target_frame - frame does not exist
[controller_server-8] [INFO] [1789630273.436059862] [local_costmap.local_costmap]: Timed out waiting for transform from base_footprint to odom to become available, tf error: Invalid frame ID "odom" passed to canTransform argument target_frame - frame does not exist
[controller_server-8] [INFO] [1789630273.936885777] [local_costmap.local_costmap]: Timed out waiting for transform from base_footprint to odom to become available, tf error: Invalid frame ID "odom" passed to canTransform argument target_frame - frame does not exist
[swerve_bridge_node-14] [WARN] [1789630274.386240234] [swerve_bridge]: Django websocket disconnected: [Errno 111] Connection refused
[controller_server-8] [INFO] [1789630274.435990429] [local_costmap.local_costmap]: Timed out waiting for transform from base_footprint to odom to become available, tf error: Invalid frame ID "odom" passed to canTransform argument target_frame - frame does not exist
[controller_server-8] [INFO] [1789630274.939530789] [local_costmap.local_costmap]: Timed out waiting for transform from base_footprint to odom to become available, tf error: Invalid frame ID "odom" passed to canTransform argument target_frame - frame does not exist
[controller_server-8] [INFO] [1789630275.447207125] [local_costmap.local_costmap]: Timed out waiting for transform from base_footprint to odom to become available, tf error: Invalid frame ID "odom" passed to canTransform argument target_frame - frame does not exist
[controller_server-8] [INFO] [1789630275.936044538] [local_costmap.local_costmap]: Timed out waiting for transform from base_footprint to odom to become available, tf error: Invalid frame ID "odom" passed to canTransform argument target_frame - frame does not exist
[swerve_bridge_node-14] [WARN] [1789630276.387576519] [swerve_bridge]: Django websocket disconnected: [Errno 111] Connection refused
[controller_server-8] [INFO] [1789630276.435887623] [local_costmap.local_costmap]: Timed out waiting for transform from base_footprint to odom to become available, tf error: Invalid frame ID "odom" passed to canTransform argument target_frame - frame does not exist
[controller_server-8] [INFO] [1789630276.936146898] [local_costmap.local_costmap]: Timed out waiting for transform from base_footprint to odom to become available, tf error: Invalid frame ID "odom" passed to canTransform argument target_frame - frame does not exist
[controller_server-8] [INFO] [1789630277.435978384] [local_costmap.local_costmap]: Timed out waiting for transform from base_footprint to odom to become available, tf error: Invalid frame ID "odom" passed to canTransform argument target_frame - frame does not exist
[controller_server-8] [INFO] [1789630277.936323218] [local_costmap.local_costmap]: Timed out waiting for transform from base_footprint to odom to become available, tf error: Invalid frame ID "odom" passed to canTransform argument target_frame - frame does not exist
[swerve_bridge_node-14] [WARN] [1789630278.389127517] [swerve_bridge]: Django websocket disconnected: [Errno 111] Connection refused
[controller_server-8] [INFO] [1789630278.436115353] [local_costmap.local_costmap]: Timed out waiting for transform from base_footprint to odom to become available, tf error: Invalid frame ID "odom" passed to canTransform argument target_frame - frame does not exist
[controller_server-8] [INFO] [1789630278.938122282] [local_costmap.local_costmap]: Timed out waiting for transform from base_footprint to odom to become available, tf error: Invalid frame ID "odom" passed to canTransform argument target_frame - frame does not exist
[controller_server-8] [INFO] [1789630279.436332931] [local_costmap.local_costmap]: Timed out waiting for transform from base_footprint to odom to become available, tf error: Invalid frame ID "odom" passed to canTransform argument target_frame - frame does not exist
[controller_server-8] [INFO] [1789630279.935994600] [local_costmap.local_costmap]: Timed out waiting for transform from base_footprint to odom to become available, tf error: Invalid frame ID "odom" passed to canTransform argument target_frame - frame does not exist
[swerve_bridge_node-14] [WARN] [1789630280.390601593] [swerve_bridge]: Django websocket disconnected: [Errno 111] Connection refused
[controller_server-8] [INFO] [1789630280.436740371] [local_costmap.local_costmap]: Timed out waiting for transform from base_footprint to odom to become available, tf error: Invalid frame ID "odom" passed to canTransform argument target_frame - frame does not exist
[controller_server-8] [INFO] [1789630280.939089014] [local_costmap.local_costmap]: Timed out waiting for transform from base_footprint to odom to become available, tf error: Invalid frame ID "odom" passed to canTransform argument target_frame - frame does not exist
[controller_server-8] [INFO] [1789630281.436119496] [local_costmap.local_costmap]: Timed out waiting for transform from base_footprint to odom to become available, tf error: Invalid frame ID "odom" passed to canTransform argument target_frame - frame does not exist
[controller_server-8] [INFO] [1789630281.936045940] [local_costmap.local_costmap]: Timed out waiting for transform from base_footprint to odom to become available, tf error: Invalid frame ID "odom" passed to canTransform argument target_frame - frame does not exist
[swerve_bridge_node-14] [WARN] [1789630282.392800708] [swerve_bridge]: Django websocket disconnected: [Errno 111] Connection refused
[controller_server-8] [INFO] [1789630282.435961531] [local_costmap.local_costmap]: Timed out waiting for transform from base_footprint to odom to become available, tf error: Invalid frame ID "odom" passed to canTransform argument target_frame - frame does not exist
[controller_server-8] [INFO] [1789630282.936971028] [local_costmap.local_costmap]: Timed out waiting for transform from base_footprint to odom to become available, tf error: Invalid frame ID "odom" passed to canTransform argument target_frame - frame does not exist
[controller_server-8] [INFO] [1789630283.436143287] [local_costmap.local_costmap]: Timed out waiting for transform from base_footprint to odom to become available, tf error: Invalid frame ID "odom" passed to canTransform argument target_frame - frame does not exist
[controller_server-8] [INFO] [1789630283.935967302] [local_costmap.local_costmap]: Timed out waiting for transform from base_footprint to odom to become available, tf error: Invalid frame ID "odom" passed to canTransform argument target_frame - frame does not exist
[swerve_bridge_node-14] [WARN] [1789630284.394152928] [swerve_bridge]: Django websocket disconnected: [Errno 111] Connection refused
[controller_server-8] [INFO] [1789630284.436649827] [local_costmap.local_costmap]: Timed out waiting for transform from base_footprint to odom to become available, tf error: Invalid frame ID "odom" passed to canTransform argument target_frame - frame does not exist
[controller_server-8] [INFO] [1789630284.936885073] [local_costmap.local_costmap]: Timed out waiting for transform from base_footprint to odom to become available, tf error: Invalid frame ID "odom" passed to canTransform argument target_frame - frame does not exist
[controller_server-8] [INFO] [1789630285.437517332] [local_costmap.local_costmap]: Timed out waiting for transform from base_footprint to odom to become available, tf error: Invalid frame ID "odom" passed to canTransform argument target_frame - frame does not exist
[controller_server-8] [INFO] [1789630285.936081779] [local_costmap.local_costmap]: Timed out waiting for transform from base_footprint to odom to become available, tf error: Invalid frame ID "odom" passed to canTransform argument target_frame - frame does not exist
[spawn_entity.py-3] [INFO] [1789630286.227044772] [spawn_swerve]: Spawn status: SpawnEntity: Successfully spawned entity [swerve_base]
[swerve_bridge_node-14] [WARN] [1789630286.395552937] [swerve_bridge]: Django websocket disconnected: [Errno 111] Connection refused
[controller_server-8] [INFO] [1789630286.436921027] [local_costmap.local_costmap]: Timed out waiting for transform from base_footprint to odom to become available, tf error: Invalid frame ID "odom" passed to canTransform argument target_frame - frame does not exist
[gzserver-1] [INFO] [1789630286.498350099] [gazebo_ros2_control]: Loading gazebo_ros2_control plugin
[gzserver-1] [INFO] [1789630286.563595765] [gazebo_ros2_control]: Starting gazebo_ros2_control plugin in namespace: /
[gzserver-1] [INFO] [1789630286.563642199] [gazebo_ros2_control]: Starting gazebo_ros2_control plugin in ros 2 node: gazebo_ros2_control
[INFO] [spawn_entity.py-3]: process has finished cleanly [pid 116147]
[INFO] [spawner-15]: process started with pid [116431]
[gzserver-1] [INFO] [1789630286.615539961] [gazebo_ros2_control]: connected to service!! robot_state_publisher
[gzserver-1] [INFO] [1789630286.636900848] [gazebo_ros2_control]: Received urdf from param server, parsing...
[gzserver-1] [INFO] [1789630286.655649226] [gazebo_ros2_control]: Loading parameter files /home/yahboom/swerve_bringup/install/swerve_bringup/share/swerve_bringup/config/controllers.yaml
[gzserver-1] [INFO] [1789630286.704378325] [gazebo_ros2_control]: Loading joint: steer_front_joint
[gzserver-1] [INFO] [1789630286.704451443] [gazebo_ros2_control]: 	State:
[gzserver-1] [INFO] [1789630286.704466144] [gazebo_ros2_control]: 		 position
[gzserver-1] [INFO] [1789630286.704477830] [gazebo_ros2_control]: 		 velocity
[gzserver-1] [INFO] [1789630286.704487341] [gazebo_ros2_control]: 	Command:
[gzserver-1] [INFO] [1789630286.704496153] [gazebo_ros2_control]: 		 position
[gzserver-1] [INFO] [1789630286.706775798] [gazebo_ros2_control]: Loading joint: steer_rear_joint
[gzserver-1] [INFO] [1789630286.706810978] [gazebo_ros2_control]: 	State:
[gzserver-1] [INFO] [1789630286.706815192] [gazebo_ros2_control]: 		 position
[gzserver-1] [INFO] [1789630286.706819264] [gazebo_ros2_control]: 		 velocity
[gzserver-1] [INFO] [1789630286.706822308] [gazebo_ros2_control]: 	Command:
[gzserver-1] [INFO] [1789630286.706825243] [gazebo_ros2_control]: 		 position
[gzserver-1] [INFO] [1789630286.706950367] [gazebo_ros2_control]: Loading joint: wheel_front_drive_joint
[gzserver-1] [INFO] [1789630286.706961848] [gazebo_ros2_control]: 	State:
[gzserver-1] [INFO] [1789630286.706965060] [gazebo_ros2_control]: 		 position
[gzserver-1] [INFO] [1789630286.706968381] [gazebo_ros2_control]: 		 velocity
[gzserver-1] [INFO] [1789630286.706971126] [gazebo_ros2_control]: 	Command:
[gzserver-1] [INFO] [1789630286.706975464] [gazebo_ros2_control]: 		 velocity
[gzserver-1] [INFO] [1789630286.707008784] [gazebo_ros2_control]: Loading joint: wheel_rear_drive_joint
[gzserver-1] [INFO] [1789630286.707012067] [gazebo_ros2_control]: 	State:
[gzserver-1] [INFO] [1789630286.707015016] [gazebo_ros2_control]: 		 position
[gzserver-1] [INFO] [1789630286.707017954] [gazebo_ros2_control]: 		 velocity
[gzserver-1] [INFO] [1789630286.707020867] [gazebo_ros2_control]: 	Command:
[gzserver-1] [INFO] [1789630286.707024252] [gazebo_ros2_control]: 		 velocity
[gzserver-1] [INFO] [1789630286.707126565] [resource_manager]: Initialize hardware 'GazeboSystem' 
[gzserver-1] [INFO] [1789630286.707247937] [resource_manager]: Successful initialization of hardware 'GazeboSystem'
[gzserver-1] [INFO] [1789630286.707312941] [resource_manager]: 'configure' hardware 'GazeboSystem' 
[gzserver-1] [INFO] [1789630286.707318857] [resource_manager]: Successful 'configure' of hardware 'GazeboSystem'
[gzserver-1] [INFO] [1789630286.707322482] [resource_manager]: 'activate' hardware 'GazeboSystem' 
[gzserver-1] [INFO] [1789630286.707325832] [resource_manager]: Successful 'activate' of hardware 'GazeboSystem'
[gzserver-1] [INFO] [1789630286.707391616] [gazebo_ros2_control]: Loading controller_manager
[controller_server-8] [INFO] [1789630286.940540542] [local_costmap.local_costmap]: Timed out waiting for transform from base_footprint to odom to become available, tf error: Invalid frame ID "odom" passed to canTransform argument target_frame - frame does not exist
[gzserver-1] [WARN] [1789630287.089558434] [gazebo_ros2_control]:  Desired controller update period (0.01 s) is slower than the gazebo simulation period (0.001 s).
[gzserver-1] [INFO] [1789630287.091586609] [gazebo_ros2_control]: Loaded gazebo_ros2_control.
[controller_server-8] [INFO] [1789630287.438210031] [local_costmap.local_costmap]: start
[controller_server-8] [INFO] [1789630287.607014869] [controller_server]: Creating bond (controller_server) to lifecycle manager.
[lifecycle_manager-13] [INFO] [1789630287.731992967] [lifecycle_manager_navigation]: Server controller_server connected with bond.
[lifecycle_manager-13] [INFO] [1789630287.732100862] [lifecycle_manager_navigation]: [34m[1mActivating planner_server[0m[0m
[planner_server-9] [INFO] [1789630287.738651268] [planner_server]: Activating
[planner_server-9] [INFO] [1789630287.738750706] [global_costmap.global_costmap]: Activating
[planner_server-9] [INFO] [1789630287.738772330] [global_costmap.global_costmap]: Checking transform
[planner_server-9] [INFO] [1789630287.738806790] [global_costmap.global_costmap]: Timed out waiting for transform from base_footprint to map to become available, tf error: Invalid frame ID "map" passed to canTransform argument target_frame - frame does not exist
[spawner-15] [INFO] [1789630288.191559768] [spawn_joint_state_broadcaster]: waiting for service /controller_manager/list_controllers to become available...
[planner_server-9] [INFO] [1789630288.239758166] [global_costmap.global_costmap]: Timed out waiting for transform from base_footprint to map to become available, tf error: Invalid frame ID "map" passed to canTransform argument target_frame - frame does not exist
[swerve_bridge_node-14] [WARN] [1789630288.396893588] [swerve_bridge]: Django websocket disconnected: [Errno 111] Connection refused
[planner_server-9] [INFO] [1789630288.739673311] [global_costmap.global_costmap]: start
[gzserver-1] [INFO] [1789630288.834112386] [controller_manager]: Loading controller 'joint_state_broadcaster'
[planner_server-9] [INFO] [1789630289.290641398] [planner_server]: Activating plugin GridBased of type NavfnPlanner
[planner_server-9] [INFO] [1789630289.292613822] [planner_server]: Creating bond (planner_server) to lifecycle manager.
[lifecycle_manager-13] [INFO] [1789630289.413031796] [lifecycle_manager_navigation]: Server planner_server connected with bond.
[lifecycle_manager-13] [INFO] [1789630289.413122872] [lifecycle_manager_navigation]: [34m[1mActivating behavior_server[0m[0m
[behavior_server-10] [INFO] [1789630289.415042009] [behavior_server]: Activating
[behavior_server-10] [INFO] [1789630289.415107725] [behavior_server]: Activating spin
[behavior_server-10] [INFO] [1789630289.415129881] [behavior_server]: Activating backup
[behavior_server-10] [INFO] [1789630289.415200318] [behavior_server]: Activating drive_on_heading
[behavior_server-10] [INFO] [1789630289.415224864] [behavior_server]: Activating wait
[behavior_server-10] [INFO] [1789630289.415243752] [behavior_server]: Creating bond (behavior_server) to lifecycle manager.
[lifecycle_manager-13] [INFO] [1789630289.559698817] [lifecycle_manager_navigation]: Server behavior_server connected with bond.
[lifecycle_manager-13] [INFO] [1789630289.564002539] [lifecycle_manager_navigation]: [34m[1mActivating bt_navigator[0m[0m
[bt_navigator-11] [INFO] [1789630289.569637493] [bt_navigator]: Activating
[spawner-15] [INFO] [1789630289.725402271] [spawn_joint_state_broadcaster]: [94mLoaded [1mjoint_state_broadcaster[0m
[gzserver-1] [INFO] [1789630289.772897372] [controller_manager]: Configuring controller 'joint_state_broadcaster'
[gzserver-1] [INFO] [1789630289.773571446] [joint_state_broadcaster]: 'joints' or 'interfaces' parameter is empty. All available state interfaces will be published
[spawner-15] [INFO] [1789630289.949147423] [spawn_joint_state_broadcaster]: [92mConfigured and activated [1mjoint_state_broadcaster[0m
[swerve_bridge_node-14] [WARN] [1789630290.399086487] [swerve_bridge]: Django websocket disconnected: [Errno 111] Connection refused
[INFO] [spawner-15]: process has finished cleanly [pid 116431]
[INFO] [spawner-16]: process started with pid [116457]
[bt_navigator-11] [INFO] [1789630290.821269859] [bt_navigator]: Creating bond (bt_navigator) to lifecycle manager.
[lifecycle_manager-13] [INFO] [1789630290.980536152] [lifecycle_manager_navigation]: Server bt_navigator connected with bond.
[lifecycle_manager-13] [INFO] [1789630290.980640667] [lifecycle_manager_navigation]: [34m[1mActivating waypoint_follower[0m[0m
[waypoint_follower-12] [INFO] [1789630290.983242666] [waypoint_follower]: Activating
[waypoint_follower-12] [INFO] [1789630290.983342220] [waypoint_follower]: Creating bond (waypoint_follower) to lifecycle manager.
[lifecycle_manager-13] [INFO] [1789630291.108612123] [lifecycle_manager_navigation]: Server waypoint_follower connected with bond.
[lifecycle_manager-13] [INFO] [1789630291.108684110] [lifecycle_manager_navigation]: [34m[1mManaged nodes are active[0m[0m
[lifecycle_manager-13] [INFO] [1789630291.108702594] [lifecycle_manager_navigation]: [34m[1mCreating bond timer...[0m[0m
[spawner-16] [INFO] [1789630291.867626328] [spawn_steering_controller]: waiting for service /controller_manager/list_controllers to become available...
[swerve_bridge_node-14] [WARN] [1789630292.399967814] [swerve_bridge]: Django websocket disconnected: [Errno 111] Connection refused
[swerve_bridge_node-14] [WARN] [1789630294.414200741] [swerve_bridge]: Django websocket disconnected: [Errno 111] Connection refused
[gzserver-1] [INFO] [1789630294.688891168] [controller_manager]: Loading controller 'steering_controller'
[spawner-16] [INFO] [1789630294.895041827] [spawn_steering_controller]: [94mLoaded [1msteering_controller[0m
[gzserver-1] [INFO] [1789630294.907718559] [controller_manager]: Configuring controller 'steering_controller'
[gzserver-1] [INFO] [1789630294.935202383] [steering_controller]: configure successful
[gzserver-1] [INFO] [1789630294.969771781] [steering_controller]: activate successful
[spawner-16] [INFO] [1789630294.990624280] [spawn_steering_controller]: [92mConfigured and activated [1msteering_controller[0m
[INFO] [spawner-16]: process has finished cleanly [pid 116457]
[INFO] [spawner-17]: process started with pid [116552]
[swerve_bridge_node-14] [WARN] [1789630296.421744919] [swerve_bridge]: Django websocket disconnected: [Errno 111] Connection refused
[spawner-17] [INFO] [1789630296.798947707] [spawn_drive_controller]: waiting for service /controller_manager/list_controllers to become available...
[gzserver-1] [INFO] [1789630297.813655130] [controller_manager]: Loading controller 'drive_controller'
[spawner-17] [INFO] [1789630298.358205137] [spawn_drive_controller]: [94mLoaded [1mdrive_controller[0m
[gzserver-1] [INFO] [1789630298.366161949] [controller_manager]: Configuring controller 'drive_controller'
[gzserver-1] [INFO] [1789630298.381203850] [drive_controller]: configure successful
[gzserver-1] [INFO] [1789630298.403129555] [drive_controller]: activate successful
[swerve_bridge_node-14] [WARN] [1789630298.425145896] [swerve_bridge]: Django websocket disconnected: [Errno 111] Connection refused
[spawner-17] [INFO] [1789630298.440538696] [spawn_drive_controller]: [92mConfigured and activated [1mdrive_controller[0m
[INFO] [spawner-17]: process has finished cleanly [pid 116552]
[INFO] [swerve_controller_node-18]: process started with pid [116567]
[INFO] [swerve_odometry_node-19]: process started with pid [116569]
[swerve_bridge_node-14] [WARN] [1789630300.445481579] [swerve_bridge]: Django websocket disconnected: [Errno 111] Connection refused
[swerve_odometry_node-19] [INFO] [1789630300.877714416] [swerve_odometry]: Encoder odometry ready: radius=0.0637 m, velocity_sign=+1.0
[swerve_controller_node-18] [INFO] [1789630301.724965719] [swerve_controller]: Swerve controller ready: radius=0.0675 m, modules={'front': (0.300042, 0.0), 'rear': (-0.300042, 0.0)}
[swerve_bridge_node-14] [WARN] [1789630302.447128150] [swerve_bridge]: Django websocket disconnected: [Errno 111] Connection refused
[bt_navigator-11] [INFO] [1789630302.833156493] [bt_navigator]: Begin navigating from current location (-0.00, -0.00) to (-0.00, 1.00)
[controller_server-8] [INFO] [1789630302.854427525] [controller_server]: Received a goal, begin computing control effort.
[controller_server-8] [WARN] [1789630302.854529434] [controller_server]: No goal checker was specified in parameter 'current_goal_checker'. Server will use only plugin loaded general_goal_checker . This warning will appear once.
[bt_navigator-11] [WARN] [1789630303.115074778] [BehaviorTreeEngine]: Behavior Tree tick rate 100.00 was exceeded!
[bt_navigator-11] [WARN] [1789630303.635431054] [BehaviorTreeEngine]: Behavior Tree tick rate 100.00 was exceeded!
[bt_navigator-11] [WARN] [1789630303.677317516] [BehaviorTreeEngine]: Behavior Tree tick rate 100.00 was exceeded!
[bt_navigator-11] [WARN] [1789630303.773936377] [BehaviorTreeEngine]: Behavior Tree tick rate 100.00 was exceeded!
[bt_navigator-11] [WARN] [1789630303.924117762] [BehaviorTreeEngine]: Behavior Tree tick rate 100.00 was exceeded!
[bt_navigator-11] [WARN] [1789630303.925667684] [BehaviorTreeEngine]: Behavior Tree tick rate 100.00 was exceeded!
[controller_server-8] [INFO] [1789630303.959118491] [controller_server]: Passing new path to controller.
[bt_navigator-11] [WARN] [1789630304.450109284] [BehaviorTreeEngine]: Behavior Tree tick rate 100.00 was exceeded!
[swerve_bridge_node-14] [WARN] [1789630304.457140907] [swerve_bridge]: Django websocket disconnected: [Errno 111] Connection refused
[bt_navigator-11] [WARN] [1789630304.538187164] [BehaviorTreeEngine]: Behavior Tree tick rate 100.00 was exceeded!
[bt_navigator-11] [WARN] [1789630304.824377197] [BehaviorTreeEngine]: Behavior Tree tick rate 100.00 was exceeded!
[bt_navigator-11] [WARN] [1789630304.923971511] [BehaviorTreeEngine]: Behavior Tree tick rate 100.00 was exceeded!
[bt_navigator-11] [WARN] [1789630304.974645407] [BehaviorTreeEngine]: Behavior Tree tick rate 100.00 was exceeded!
[controller_server-8] [INFO] [1789630305.055587442] [controller_server]: Passing new path to controller.
[bt_navigator-11] [WARN] [1789630305.114903122] [BehaviorTreeEngine]: Behavior Tree tick rate 100.00 was exceeded!
[bt_navigator-11] [WARN] [1789630305.235423943] [BehaviorTreeEngine]: Behavior Tree tick rate 100.00 was exceeded!
[bt_navigator-11] [WARN] [1789630305.319945621] [BehaviorTreeEngine]: Behavior Tree tick rate 100.00 was exceeded!
[bt_navigator-11] [WARN] [1789630305.367081279] [BehaviorTreeEngine]: Behavior Tree tick rate 100.00 was exceeded!
[bt_navigator-11] [WARN] [1789630305.442797974] [BehaviorTreeEngine]: Behavior Tree tick rate 100.00 was exceeded!
[bt_navigator-11] [WARN] [1789630305.487273258] [BehaviorTreeEngine]: Behavior Tree tick rate 100.00 was exceeded!
[bt_navigator-11] [WARN] [1789630305.630071558] [BehaviorTreeEngine]: Behavior Tree tick rate 100.00 was exceeded!
[bt_navigator-11] [WARN] [1789630305.632834095] [BehaviorTreeEngine]: Behavior Tree tick rate 100.00 was exceeded!
[bt_navigator-11] [WARN] [1789630305.935441270] [BehaviorTreeEngine]: Behavior Tree tick rate 100.00 was exceeded!
[controller_server-8] [INFO] [1789630306.055388601] [controller_server]: Passing new path to controller.
[bt_navigator-11] [WARN] [1789630306.151904416] [BehaviorTreeEngine]: Behavior Tree tick rate 100.00 was exceeded!
[bt_navigator-11] [WARN] [1789630306.306123578] [BehaviorTreeEngine]: Behavior Tree tick rate 100.00 was exceeded!
[swerve_bridge_node-14] [WARN] [1789630306.499350423] [swerve_bridge]: Django websocket disconnected: [Errno 111] Connection refused
[bt_navigator-11] [WARN] [1789630306.500551959] [BehaviorTreeEngine]: Behavior Tree tick rate 100.00 was exceeded!
[bt_navigator-11] [WARN] [1789630306.654584948] [BehaviorTreeEngine]: Behavior Tree tick rate 100.00 was exceeded!
[bt_navigator-11] [WARN] [1789630306.954992777] [BehaviorTreeEngine]: Behavior Tree tick rate 100.00 was exceeded!
[bt_navigator-11] [WARN] [1789630307.017868886] [BehaviorTreeEngine]: Behavior Tree tick rate 100.00 was exceeded!
[controller_server-8] [INFO] [1789630307.155656075] [controller_server]: Passing new path to controller.
[bt_navigator-11] [WARN] [1789630307.220110132] [BehaviorTreeEngine]: Behavior Tree tick rate 100.00 was exceeded!
[bt_navigator-11] [WARN] [1789630307.254479655] [BehaviorTreeEngine]: Behavior Tree tick rate 100.00 was exceeded!
[bt_navigator-11] [WARN] [1789630307.369931607] [BehaviorTreeEngine]: Behavior Tree tick rate 100.00 was exceeded!
[bt_navigator-11] [WARN] [1789630307.445099881] [BehaviorTreeEngine]: Behavior Tree tick rate 100.00 was exceeded!
[bt_navigator-11] [WARN] [1789630307.631601876] [BehaviorTreeEngine]: Behavior Tree tick rate 100.00 was exceeded!
[bt_navigator-11] [WARN] [1789630307.679856985] [BehaviorTreeEngine]: Behavior Tree tick rate 100.00 was exceeded!
[bt_navigator-11] [WARN] [1789630307.744842682] [BehaviorTreeEngine]: Behavior Tree tick rate 100.00 was exceeded!
[bt_navigator-11] [WARN] [1789630308.111077587] [BehaviorTreeEngine]: Behavior Tree tick rate 100.00 was exceeded!
[controller_server-8] [INFO] [1789630308.155807389] [controller_server]: Passing new path to controller.
[bt_navigator-11] [WARN] [1789630308.226514736] [BehaviorTreeEngine]: Behavior Tree tick rate 100.00 was exceeded!
[bt_navigator-11] [WARN] [1789630308.273191523] [BehaviorTreeEngine]: Behavior Tree tick rate 100.00 was exceeded!
[bt_navigator-11] [WARN] [1789630308.435143602] [BehaviorTreeEngine]: Behavior Tree tick rate 100.00 was exceeded!
[bt_navigator-11] [WARN] [1789630308.460240928] [BehaviorTreeEngine]: Behavior Tree tick rate 100.00 was exceeded!
[bt_navigator-11] [WARN] [1789630308.468881991] [BehaviorTreeEngine]: Behavior Tree tick rate 100.00 was exceeded!
[bt_navigator-11] [WARN] [1789630308.487615189] [BehaviorTreeEngine]: Behavior Tree tick rate 100.00 was exceeded!
[bt_navigator-11] [WARN] [1789630308.496986983] [BehaviorTreeEngine]: Behavior Tree tick rate 100.00 was exceeded!
[swerve_bridge_node-14] [WARN] [1789630308.507225469] [swerve_bridge]: Django websocket disconnected: [Errno 111] Connection refused
[bt_navigator-11] [WARN] [1789630308.776349795] [BehaviorTreeEngine]: Behavior Tree tick rate 100.00 was exceeded!
[bt_navigator-11] [WARN] [1789630308.946115956] [BehaviorTreeEngine]: Behavior Tree tick rate 100.00 was exceeded!
[bt_navigator-11] [WARN] [1789630309.086865868] [BehaviorTreeEngine]: Behavior Tree tick rate 100.00 was exceeded!
[controller_server-8] [INFO] [1789630309.160477220] [controller_server]: Passing new path to controller.
[bt_navigator-11] [WARN] [1789630309.259858404] [BehaviorTreeEngine]: Behavior Tree tick rate 100.00 was exceeded!
[bt_navigator-11] [WARN] [1789630309.529252922] [BehaviorTreeEngine]: Behavior Tree tick rate 100.00 was exceeded!
[bt_navigator-11] [WARN] [1789630309.540379370] [BehaviorTreeEngine]: Behavior Tree tick rate 100.00 was exceeded!
[bt_navigator-11] [WARN] [1789630309.702059782] [BehaviorTreeEngine]: Behavior Tree tick rate 100.00 was exceeded!
[bt_navigator-11] [WARN] [1789630309.823187071] [BehaviorTreeEngine]: Behavior Tree tick rate 100.00 was exceeded!
[bt_navigator-11] [WARN] [1789630309.832772497] [BehaviorTreeEngine]: Behavior Tree tick rate 100.00 was exceeded!
[bt_navigator-11] [WARN] [1789630309.885977440] [BehaviorTreeEngine]: Behavior Tree tick rate 100.00 was exceeded!
[controller_server-8] [INFO] [1789630310.155536124] [controller_server]: Passing new path to controller.
[bt_navigator-11] [WARN] [1789630310.275344571] [BehaviorTreeEngine]: Behavior Tree tick rate 100.00 was exceeded!
[bt_navigator-11] [WARN] [1789630310.395862107] [BehaviorTreeEngine]: Behavior Tree tick rate 100.00 was exceeded!
[bt_navigator-11] [WARN] [1789630310.481236891] [BehaviorTreeEngine]: Behavior Tree tick rate 100.00 was exceeded!
[swerve_bridge_node-14] [WARN] [1789630310.508875420] [swerve_bridge]: Django websocket disconnected: [Errno 111] Connection refused
[bt_navigator-11] [WARN] [1789630310.610422411] [BehaviorTreeEngine]: Behavior Tree tick rate 100.00 was exceeded!
[bt_navigator-11] [WARN] [1789630310.698081822] [BehaviorTreeEngine]: Behavior Tree tick rate 100.00 was exceeded!
[bt_navigator-11] [WARN] [1789630310.786128195] [BehaviorTreeEngine]: Behavior Tree tick rate 100.00 was exceeded!
[bt_navigator-11] [WARN] [1789630310.821252917] [BehaviorTreeEngine]: Behavior Tree tick rate 100.00 was exceeded!
[bt_navigator-11] [WARN] [1789630310.828825648] [BehaviorTreeEngine]: Behavior Tree tick rate 100.00 was exceeded!
[bt_navigator-11] [WARN] [1789630310.907210429] [BehaviorTreeEngine]: Behavior Tree tick rate 100.00 was exceeded!
[bt_navigator-11] [WARN] [1789630310.967631372] [BehaviorTreeEngine]: Behavior Tree tick rate 100.00 was exceeded!
[bt_navigator-11] [WARN] [1789630310.989584393] [BehaviorTreeEngine]: Behavior Tree tick rate 100.00 was exceeded!
[bt_navigator-11] [WARN] [1789630311.132314720] [BehaviorTreeEngine]: Behavior Tree tick rate 100.00 was exceeded!
[controller_server-8] [INFO] [1789630311.271163691] [controller_server]: Passing new path to controller.
[bt_navigator-11] [WARN] [1789630311.288416954] [BehaviorTreeEngine]: Behavior Tree tick rate 100.00 was exceeded!
[bt_navigator-11] [WARN] [1789630311.351239321] [BehaviorTreeEngine]: Behavior Tree tick rate 100.00 was exceeded!
[bt_navigator-11] [WARN] [1789630311.392434209] [BehaviorTreeEngine]: Behavior Tree tick rate 100.00 was exceeded!
[bt_navigator-11] [WARN] [1789630311.670936611] [BehaviorTreeEngine]: Behavior Tree tick rate 100.00 was exceeded!
[bt_navigator-11] [WARN] [1789630311.799653106] [BehaviorTreeEngine]: Behavior Tree tick rate 100.00 was exceeded!
[bt_navigator-11] [WARN] [1789630311.870641964] [BehaviorTreeEngine]: Behavior Tree tick rate 100.00 was exceeded!
[bt_navigator-11] [WARN] [1789630311.988316065] [BehaviorTreeEngine]: Behavior Tree tick rate 100.00 was exceeded!
[bt_navigator-11] [WARN] [1789630312.160067758] [BehaviorTreeEngine]: Behavior Tree tick rate 100.00 was exceeded!
[bt_navigator-11] [WARN] [1789630312.204362499] [BehaviorTreeEngine]: Behavior Tree tick rate 100.00 was exceeded!
[bt_navigator-11] [WARN] [1789630312.265392668] [BehaviorTreeEngine]: Behavior Tree tick rate 100.00 was exceeded!
[bt_navigator-11] [WARN] [1789630312.269248446] [BehaviorTreeEngine]: Behavior Tree tick rate 100.00 was exceeded!
[bt_navigator-11] [WARN] [1789630312.318816364] [BehaviorTreeEngine]: Behavior Tree tick rate 100.00 was exceeded!
[swerve_bridge_node-14] [WARN] [1789630312.510080184] [swerve_bridge]: Django websocket disconnected: [Errno 111] Connection refused
[bt_navigator-11] [WARN] [1789630312.562036622] [BehaviorTreeEngine]: Behavior Tree tick rate 100.00 was exceeded!
[bt_navigator-11] [WARN] [1789630312.696629947] [BehaviorTreeEngine]: Behavior Tree tick rate 100.00 was exceeded!
[bt_navigator-11] [WARN] [1789630312.823072783] [BehaviorTreeEngine]: Behavior Tree tick rate 100.00 was exceeded!
[bt_navigator-11] [WARN] [1789630312.873348998] [BehaviorTreeEngine]: Behavior Tree tick rate 100.00 was exceeded!
[bt_navigator-11] [WARN] [1789630312.897204798] [BehaviorTreeEngine]: Behavior Tree tick rate 100.00 was exceeded!
[bt_navigator-11] [WARN] [1789630312.903140887] [BehaviorTreeEngine]: Behavior Tree tick rate 100.00 was exceeded!
[bt_navigator-11] [WARN] [1789630313.004714118] [BehaviorTreeEngine]: Behavior Tree tick rate 100.00 was exceeded!
[controller_server-8] [WARN] [1789630313.067293581] [controller_server]: Control loop missed its desired rate of 10.0000Hz
[bt_navigator-11] [WARN] [1789630313.087272459] [BehaviorTreeEngine]: Behavior Tree tick rate 100.00 was exceeded!
[bt_navigator-11] [WARN] [1789630313.161688376] [BehaviorTreeEngine]: Behavior Tree tick rate 100.00 was exceeded!
[bt_navigator-11] [WARN] [1789630313.172306163] [BehaviorTreeEngine]: Behavior Tree tick rate 100.00 was exceeded!
[bt_navigator-11] [WARN] [1789630313.196837008] [BehaviorTreeEngine]: Behavior Tree tick rate 100.00 was exceeded!
[bt_navigator-11] [WARN] [1789630313.234812113] [BehaviorTreeEngine]: Behavior Tree tick rate 100.00 was exceeded!
[bt_navigator-11] [WARN] [1789630313.292899039] [BehaviorTreeEngine]: Behavior Tree tick rate 100.00 was exceeded!
[bt_navigator-11] [WARN] [1789630313.298957139] [BehaviorTreeEngine]: Behavior Tree tick rate 100.00 was exceeded!
[bt_navigator-11] [WARN] [1789630313.316031036] [BehaviorTreeEngine]: Behavior Tree tick rate 100.00 was exceeded!
[bt_navigator-11] [WARN] [1789630313.348276724] [BehaviorTreeEngine]: Behavior Tree tick rate 100.00 was exceeded!
[controller_server-8] [INFO] [1789630313.355587486] [controller_server]: Passing new path to controller.
[bt_navigator-11] [WARN] [1789630313.377114742] [BehaviorTreeEngine]: Behavior Tree tick rate 100.00 was exceeded!
[bt_navigator-11] [WARN] [1789630313.417606336] [BehaviorTreeEngine]: Behavior Tree tick rate 100.00 was exceeded!
[bt_navigator-11] [WARN] [1789630313.426056910] [BehaviorTreeEngine]: Behavior Tree tick rate 100.00 was exceeded!
[bt_navigator-11] [WARN] [1789630313.497805626] [BehaviorTreeEngine]: Behavior Tree tick rate 100.00 was exceeded!
[bt_navigator-11] [WARN] [1789630313.607649036] [BehaviorTreeEngine]: Behavior Tree tick rate 100.00 was exceeded!
[bt_navigator-11] [WARN] [1789630313.610761450] [BehaviorTreeEngine]: Behavior Tree tick rate 100.00 was exceeded!
[bt_navigator-11] [WARN] [1789630313.850799901] [BehaviorTreeEngine]: Behavior Tree tick rate 100.00 was exceeded!
[bt_navigator-11] [WARN] [1789630313.870934112] [BehaviorTreeEngine]: Behavior Tree tick rate 100.00 was exceeded!
[bt_navigator-11] [WARN] [1789630313.881066836] [BehaviorTreeEngine]: Behavior Tree tick rate 100.00 was exceeded!
[bt_navigator-11] [WARN] [1789630313.888467870] [BehaviorTreeEngine]: Behavior Tree tick rate 100.00 was exceeded!
[bt_navigator-11] [WARN] [1789630314.087967556] [BehaviorTreeEngine]: Behavior Tree tick rate 100.00 was exceeded!
[bt_navigator-11] [WARN] [1789630314.149002960] [BehaviorTreeEngine]: Behavior Tree tick rate 100.00 was exceeded!
[bt_navigator-11] [WARN] [1789630314.178055079] [BehaviorTreeEngine]: Behavior Tree tick rate 100.00 was exceeded!
[bt_navigator-11] [WARN] [1789630314.311592591] [BehaviorTreeEngine]: Behavior Tree tick rate 100.00 was exceeded!
[controller_server-8] [INFO] [1789630314.361360282] [controller_server]: Passing new path to controller.
[bt_navigator-11] [WARN] [1789630314.372234470] [BehaviorTreeEngine]: Behavior Tree tick rate 100.00 was exceeded!
[bt_navigator-11] [WARN] [1789630314.433075587] [BehaviorTreeEngine]: Behavior Tree tick rate 100.00 was exceeded!
[swerve_bridge_node-14] [WARN] [1789630314.512393637] [swerve_bridge]: Django websocket disconnected: [Errno 111] Connection refused
[bt_navigator-11] [WARN] [1789630315.133048924] [BehaviorTreeEngine]: Behavior Tree tick rate 100.00 was exceeded!
[bt_navigator-11] [WARN] [1789630315.313079802] [BehaviorTreeEngine]: Behavior Tree tick rate 100.00 was exceeded!
[bt_navigator-11] [WARN] [1789630315.344117595] [BehaviorTreeEngine]: Behavior Tree tick rate 100.00 was exceeded!
[bt_navigator-11] [WARN] [1789630315.355198727] [BehaviorTreeEngine]: Behavior Tree tick rate 100.00 was exceeded!
[controller_server-8] [INFO] [1789630315.355418897] [controller_server]: Passing new path to controller.
[bt_navigator-11] [WARN] [1789630315.365097625] [BehaviorTreeEngine]: Behavior Tree tick rate 100.00 was exceeded!
[bt_navigator-11] [WARN] [1789630315.491345046] [BehaviorTreeEngine]: Behavior Tree tick rate 100.00 was exceeded!
[bt_navigator-11] [WARN] [1789630315.494703610] [BehaviorTreeEngine]: Behavior Tree tick rate 100.00 was exceeded!
[bt_navigator-11] [WARN] [1789630315.512794906] [BehaviorTreeEngine]: Behavior Tree tick rate 100.00 was exceeded!
[bt_navigator-11] [WARN] [1789630316.151593694] [BehaviorTreeEngine]: Behavior Tree tick rate 100.00 was exceeded!
[controller_server-8] [WARN] [1789630316.197674011] [controller_server]: Control loop missed its desired rate of 10.0000Hz
[bt_navigator-11] [WARN] [1789630316.372640123] [BehaviorTreeEngine]: Behavior Tree tick rate 100.00 was exceeded!
[controller_server-8] [INFO] [1789630316.456801036] [controller_server]: Passing new path to controller.
[swerve_bridge_node-14] [WARN] [1789630316.516209642] [swerve_bridge]: Django websocket disconnected: [Errno 111] Connection refused
[bt_navigator-11] [WARN] [1789630316.706938059] [BehaviorTreeEngine]: Behavior Tree tick rate 100.00 was exceeded!
[bt_navigator-11] [WARN] [1789630316.737418419] [BehaviorTreeEngine]: Behavior Tree tick rate 100.00 was exceeded!
[bt_navigator-11] [WARN] [1789630316.830017779] [BehaviorTreeEngine]: Behavior Tree tick rate 100.00 was exceeded!
[bt_navigator-11] [WARN] [1789630316.910950180] [BehaviorTreeEngine]: Behavior Tree tick rate 100.00 was exceeded!
[bt_navigator-11] [WARN] [1789630317.000488266] [BehaviorTreeEngine]: Behavior Tree tick rate 100.00 was exceeded!
[bt_navigator-11] [WARN] [1789630317.064476253] [BehaviorTreeEngine]: Behavior Tree tick rate 100.00 was exceeded!
[bt_navigator-11] [WARN] [1789630317.114327837] [BehaviorTreeEngine]: Behavior Tree tick rate 100.00 was exceeded!
[bt_navigator-11] [WARN] [1789630317.272807194] [BehaviorTreeEngine]: Behavior Tree tick rate 100.00 was exceeded!
[bt_navigator-11] [WARN] [1789630317.376105012] [bt_navigator_navigate_to_pose_rclcpp_node]: Timed out while waiting for action server to acknowledge goal request for compute_path_to_pose
[planner_server-9] [INFO] [1789630317.378198547] [global_costmap.global_costmap]: Received request to clear entirely the global_costmap
[bt_navigator-11] [WARN] [1789630317.385657899] [BehaviorTreeEngine]: Behavior Tree tick rate 100.00 was exceeded!
[bt_navigator-11] [WARN] [1789630317.451068518] [BehaviorTreeEngine]: Behavior Tree tick rate 100.00 was exceeded!
[bt_navigator-11] [WARN] [1789630317.543080355] [BehaviorTreeEngine]: Behavior Tree tick rate 100.00 was exceeded!
[bt_navigator-11] [WARN] [1789630317.673866644] [BehaviorTreeEngine]: Behavior Tree tick rate 100.00 was exceeded!
[bt_navigator-11] [WARN] [1789630317.777227389] [BehaviorTreeEngine]: Behavior Tree tick rate 100.00 was exceeded!
[controller_server-8] [INFO] [1789630317.855577231] [controller_server]: Passing new path to controller.
[bt_navigator-11] [WARN] [1789630318.207231979] [BehaviorTreeEngine]: Behavior Tree tick rate 100.00 was exceeded!
[swerve_bridge_node-14] [WARN] [1789630318.518348373] [swerve_bridge]: Django websocket disconnected: [Errno 111] Connection refused
[bt_navigator-11] [WARN] [1789630318.668382772] [BehaviorTreeEngine]: Behavior Tree tick rate 100.00 was exceeded!
[bt_navigator-11] [WARN] [1789630318.718075519] [BehaviorTreeEngine]: Behavior Tree tick rate 100.00 was exceeded!
[bt_navigator-11] [WARN] [1789630318.843775936] [BehaviorTreeEngine]: Behavior Tree tick rate 100.00 was exceeded!
[bt_navigator-11] [WARN] [1789630318.939071017] [BehaviorTreeEngine]: Behavior Tree tick rate 100.00 was exceeded!
[controller_server-8] [INFO] [1789630318.959977315] [controller_server]: Passing new path to controller.
[bt_navigator-11] [WARN] [1789630318.966960089] [BehaviorTreeEngine]: Behavior Tree tick rate 100.00 was exceeded!
[bt_navigator-11] [WARN] [1789630318.973310471] [BehaviorTreeEngine]: Behavior Tree tick rate 100.00 was exceeded!
[bt_navigator-11] [WARN] [1789630318.991674939] [BehaviorTreeEngine]: Behavior Tree tick rate 100.00 was exceeded!
[bt_navigator-11] [WARN] [1789630319.155310707] [BehaviorTreeEngine]: Behavior Tree tick rate 100.00 was exceeded!
[bt_navigator-11] [WARN] [1789630319.164516410] [BehaviorTreeEngine]: Behavior Tree tick rate 100.00 was exceeded!
[bt_navigator-11] [WARN] [1789630319.172457587] [BehaviorTreeEngine]: Behavior Tree tick rate 100.00 was exceeded!
[bt_navigator-11] [WARN] [1789630319.441284345] [BehaviorTreeEngine]: Behavior Tree tick rate 100.00 was exceeded!
[bt_navigator-11] [WARN] [1789630319.713156765] [BehaviorTreeEngine]: Behavior Tree tick rate 100.00 was exceeded!
[bt_navigator-11] [WARN] [1789630319.926503475] [BehaviorTreeEngine]: Behavior Tree tick rate 100.00 was exceeded!
[controller_server-8] [INFO] [1789630319.955493204] [controller_server]: Passing new path to controller.
[bt_navigator-11] [WARN] [1789630320.012667094] [BehaviorTreeEngine]: Behavior Tree tick rate 100.00 was exceeded!
[bt_navigator-11] [WARN] [1789630320.017032149] [BehaviorTreeEngine]: Behavior Tree tick rate 100.00 was exceeded!
[bt_navigator-11] [WARN] [1789630320.037023645] [BehaviorTreeEngine]: Behavior Tree tick rate 100.00 was exceeded!
[bt_navigator-11] [WARN] [1789630320.162379895] [BehaviorTreeEngine]: Behavior Tree tick rate 100.00 was exceeded!
[bt_navigator-11] [WARN] [1789630320.372677213] [BehaviorTreeEngine]: Behavior Tree tick rate 100.00 was exceeded!
[bt_navigator-11] [WARN] [1789630320.446936263] [BehaviorTreeEngine]: Behavior Tree tick rate 100.00 was exceeded!
[swerve_bridge_node-14] [WARN] [1789630320.520553470] [swerve_bridge]: Django websocket disconnected: [Errno 111] Connection refused
[bt_navigator-11] [WARN] [1789630320.664839733] [BehaviorTreeEngine]: Behavior Tree tick rate 100.00 was exceeded!
[bt_navigator-11] [WARN] [1789630320.746853727] [BehaviorTreeEngine]: Behavior Tree tick rate 100.00 was exceeded!
[controller_server-8] [INFO] [1789630320.955586416] [controller_server]: Passing new path to controller.
[bt_navigator-11] [WARN] [1789630321.131064680] [BehaviorTreeEngine]: Behavior Tree tick rate 100.00 was exceeded!
[bt_navigator-11] [WARN] [1789630321.217970949] [BehaviorTreeEngine]: Behavior Tree tick rate 100.00 was exceeded!
[bt_navigator-11] [WARN] [1789630321.280063300] [BehaviorTreeEngine]: Behavior Tree tick rate 100.00 was exceeded!
[bt_navigator-11] [WARN] [1789630321.328079359] [BehaviorTreeEngine]: Behavior Tree tick rate 100.00 was exceeded!
[bt_navigator-11] [WARN] [1789630321.332665095] [BehaviorTreeEngine]: Behavior Tree tick rate 100.00 was exceeded!
[bt_navigator-11] [WARN] [1789630321.472460785] [BehaviorTreeEngine]: Behavior Tree tick rate 100.00 was exceeded!
[bt_navigator-11] [WARN] [1789630321.841800280] [BehaviorTreeEngine]: Behavior Tree tick rate 100.00 was exceeded!
[bt_navigator-11] [WARN] [1789630321.926121987] [BehaviorTreeEngine]: Behavior Tree tick rate 100.00 was exceeded!
[controller_server-8] [INFO] [1789630322.058499345] [controller_server]: Passing new path to controller.
[bt_navigator-11] [WARN] [1789630322.068307805] [BehaviorTreeEngine]: Behavior Tree tick rate 100.00 was exceeded!
[bt_navigator-11] [WARN] [1789630322.149752120] [BehaviorTreeEngine]: Behavior Tree tick rate 100.00 was exceeded!
[bt_navigator-11] [WARN] [1789630322.174384826] [BehaviorTreeEngine]: Behavior Tree tick rate 100.00 was exceeded!
[bt_navigator-11] [WARN] [1789630322.183476893] [BehaviorTreeEngine]: Behavior Tree tick rate 100.00 was exceeded!
[bt_navigator-11] [WARN] [1789630322.193458208] [BehaviorTreeEngine]: Behavior Tree tick rate 100.00 was exceeded!
[bt_navigator-11] [WARN] [1789630322.251824733] [BehaviorTreeEngine]: Behavior Tree tick rate 100.00 was exceeded!
[bt_navigator-11] [WARN] [1789630322.300894558] [BehaviorTreeEngine]: Behavior Tree tick rate 100.00 was exceeded!
[bt_navigator-11] [WARN] [1789630322.341764012] [BehaviorTreeEngine]: Behavior Tree tick rate 100.00 was exceeded!
[bt_navigator-11] [WARN] [1789630322.392728911] [BehaviorTreeEngine]: Behavior Tree tick rate 100.00 was exceeded!
[bt_navigator-11] [WARN] [1789630322.409109371] [BehaviorTreeEngine]: Behavior Tree tick rate 100.00 was exceeded!
[bt_navigator-11] [WARN] [1789630322.439644822] [BehaviorTreeEngine]: Behavior Tree tick rate 100.00 was exceeded!
[bt_navigator-11] [WARN] [1789630322.526477246] [BehaviorTreeEngine]: Behavior Tree tick rate 100.00 was exceeded!
[swerve_bridge_node-14] [WARN] [1789630322.543420103] [swerve_bridge]: Django websocket disconnected: [Errno 111] Connection refused
[bt_navigator-11] [WARN] [1789630322.551597833] [BehaviorTreeEngine]: Behavior Tree tick rate 100.00 was exceeded!
[controller_server-8] [WARN] [1789630322.571054404] [controller_server]: Control loop missed its desired rate of 10.0000Hz
[bt_navigator-11] [WARN] [1789630322.684729661] [BehaviorTreeEngine]: Behavior Tree tick rate 100.00 was exceeded!
[bt_navigator-11] [WARN] [1789630322.888375559] [BehaviorTreeEngine]: Behavior Tree tick rate 100.00 was exceeded!
[bt_navigator-11] [WARN] [1789630322.979671561] [BehaviorTreeEngine]: Behavior Tree tick rate 100.00 was exceeded!
[bt_navigator-11] [WARN] [1789630323.061583417] [BehaviorTreeEngine]: Behavior Tree tick rate 100.00 was exceeded!
[bt_navigator-11] [WARN] [1789630323.135322801] [BehaviorTreeEngine]: Behavior Tree tick rate 100.00 was exceeded!
[controller_server-8] [INFO] [1789630323.155365805] [controller_server]: Passing new path to controller.
[bt_navigator-11] [WARN] [1789630323.335360828] [BehaviorTreeEngine]: Behavior Tree tick rate 100.00 was exceeded!
[bt_navigator-11] [WARN] [1789630323.740382232] [BehaviorTreeEngine]: Behavior Tree tick rate 100.00 was exceeded!
[bt_navigator-11] [WARN] [1789630324.032559884] [BehaviorTreeEngine]: Behavior Tree tick rate 100.00 was exceeded!
[controller_server-8] [INFO] [1789630324.155944706] [controller_server]: Passing new path to controller.
[bt_navigator-11] [WARN] [1789630324.218371683] [BehaviorTreeEngine]: Behavior Tree tick rate 100.00 was exceeded!
[bt_navigator-11] [WARN] [1789630324.275711034] [BehaviorTreeEngine]: Behavior Tree tick rate 100.00 was exceeded!
[bt_navigator-11] [WARN] [1789630324.279080824] [BehaviorTreeEngine]: Behavior Tree tick rate 100.00 was exceeded!
[bt_navigator-11] [WARN] [1789630324.559136353] [BehaviorTreeEngine]: Behavior Tree tick rate 100.00 was exceeded!
[swerve_bridge_node-14] [WARN] [1789630324.559947286] [swerve_bridge]: Django websocket disconnected: [Errno 111] Connection refused
[bt_navigator-11] [WARN] [1789630324.783106964] [BehaviorTreeEngine]: Behavior Tree tick rate 100.00 was exceeded!
[bt_navigator-11] [WARN] [1789630324.842533421] [BehaviorTreeEngine]: Behavior Tree tick rate 100.00 was exceeded!
[bt_navigator-11] [WARN] [1789630324.968932577] [BehaviorTreeEngine]: Behavior Tree tick rate 100.00 was exceeded!
[controller_server-8] [INFO] [1789630325.155995851] [controller_server]: Passing new path to controller.
[bt_navigator-11] [WARN] [1789630325.882095054] [BehaviorTreeEngine]: Behavior Tree tick rate 100.00 was exceeded!
[bt_navigator-11] [WARN] [1789630325.909733615] [BehaviorTreeEngine]: Behavior Tree tick rate 100.00 was exceeded!
[bt_navigator-11] [WARN] [1789630326.041035983] [BehaviorTreeEngine]: Behavior Tree tick rate 100.00 was exceeded!
[controller_server-8] [INFO] [1789630326.159315975] [controller_server]: Passing new path to controller.
[bt_navigator-11] [WARN] [1789630326.315690997] [BehaviorTreeEngine]: Behavior Tree tick rate 100.00 was exceeded!
[bt_navigator-11] [WARN] [1789630326.390517724] [BehaviorTreeEngine]: Behavior Tree tick rate 100.00 was exceeded!
[bt_navigator-11] [WARN] [1789630326.463763645] [BehaviorTreeEngine]: Behavior Tree tick rate 100.00 was exceeded!
[bt_navigator-11] [WARN] [1789630326.465833185] [BehaviorTreeEngine]: Behavior Tree tick rate 100.00 was exceeded!
[swerve_bridge_node-14] [WARN] [1789630326.588558850] [swerve_bridge]: Django websocket disconnected: [Errno 111] Connection refused
[bt_navigator-11] [WARN] [1789630326.592156451] [BehaviorTreeEngine]: Behavior Tree tick rate 100.00 was exceeded!
[bt_navigator-11] [WARN] [1789630327.156580810] [BehaviorTreeEngine]: Behavior Tree tick rate 100.00 was exceeded!
[controller_server-8] [INFO] [1789630327.159307610] [controller_server]: Passing new path to controller.
[bt_navigator-11] [WARN] [1789630327.223682640] [BehaviorTreeEngine]: Behavior Tree tick rate 100.00 was exceeded!
[bt_navigator-11] [WARN] [1789630327.562214022] [BehaviorTreeEngine]: Behavior Tree tick rate 100.00 was exceeded!
[bt_navigator-11] [WARN] [1789630327.873484322] [BehaviorTreeEngine]: Behavior Tree tick rate 100.00 was exceeded!
[bt_navigator-11] [WARN] [1789630328.163354480] [BehaviorTreeEngine]: Behavior Tree tick rate 100.00 was exceeded!
[controller_server-8] [INFO] [1789630328.257085755] [controller_server]: Passing new path to controller.
[bt_navigator-11] [WARN] [1789630328.332450849] [BehaviorTreeEngine]: Behavior Tree tick rate 100.00 was exceeded!
[bt_navigator-11] [WARN] [1789630328.352999888] [BehaviorTreeEngine]: Behavior Tree tick rate 100.00 was exceeded!
[bt_navigator-11] [WARN] [1789630328.372235178] [BehaviorTreeEngine]: Behavior Tree tick rate 100.00 was exceeded!
[swerve_bridge_node-14] [WARN] [1789630328.589902923] [swerve_bridge]: Django websocket disconnected: [Errno 111] Connection refused
[bt_navigator-11] [WARN] [1789630328.666579758] [BehaviorTreeEngine]: Behavior Tree tick rate 100.00 was exceeded!
[bt_navigator-11] [WARN] [1789630328.733285869] [BehaviorTreeEngine]: Behavior Tree tick rate 100.00 was exceeded!
[bt_navigator-11] [WARN] [1789630328.804300795] [BehaviorTreeEngine]: Behavior Tree tick rate 100.00 was exceeded!
[bt_navigator-11] [WARN] [1789630328.835124802] [BehaviorTreeEngine]: Behavior Tree tick rate 100.00 was exceeded!
[bt_navigator-11] [WARN] [1789630328.886774921] [BehaviorTreeEngine]: Behavior Tree tick rate 100.00 was exceeded!
[controller_server-8] [INFO] [1789630329.256116393] [controller_server]: Passing new path to controller.
[bt_navigator-11] [WARN] [1789630329.295601372] [BehaviorTreeEngine]: Behavior Tree tick rate 100.00 was exceeded!
[bt_navigator-11] [WARN] [1789630329.378107027] [BehaviorTreeEngine]: Behavior Tree tick rate 100.00 was exceeded!
[bt_navigator-11] [WARN] [1789630329.502300983] [BehaviorTreeEngine]: Behavior Tree tick rate 100.00 was exceeded!
[bt_navigator-11] [WARN] [1789630329.597074259] [BehaviorTreeEngine]: Behavior Tree tick rate 100.00 was exceeded!
[bt_navigator-11] [WARN] [1789630330.133304865] [BehaviorTreeEngine]: Behavior Tree tick rate 100.00 was exceeded!
[bt_navigator-11] [WARN] [1789630330.272307750] [BehaviorTreeEngine]: Behavior Tree tick rate 100.00 was exceeded!
[controller_server-8] [INFO] [1789630330.357288552] [controller_server]: Passing new path to controller.
[bt_navigator-11] [WARN] [1789630330.377978915] [BehaviorTreeEngine]: Behavior Tree tick rate 100.00 was exceeded!
[bt_navigator-11] [WARN] [1789630330.425050126] [BehaviorTreeEngine]: Behavior Tree tick rate 100.00 was exceeded!
[swerve_bridge_node-14] [WARN] [1789630330.594460055] [swerve_bridge]: Django websocket disconnected: [Errno 111] Connection refused
[bt_navigator-11] [WARN] [1789630330.651062739] [BehaviorTreeEngine]: Behavior Tree tick rate 100.00 was exceeded!
[bt_navigator-11] [WARN] [1789630331.008065875] [BehaviorTreeEngine]: Behavior Tree tick rate 100.00 was exceeded!
[controller_server-8] [INFO] [1789630331.356368356] [controller_server]: Passing new path to controller.
[bt_navigator-11] [WARN] [1789630331.511208507] [BehaviorTreeEngine]: Behavior Tree tick rate 100.00 was exceeded!
[bt_navigator-11] [WARN] [1789630331.583775193] [BehaviorTreeEngine]: Behavior Tree tick rate 100.00 was exceeded!
[bt_navigator-11] [WARN] [1789630331.714169637] [BehaviorTreeEngine]: Behavior Tree tick rate 100.00 was exceeded!
[bt_navigator-11] [WARN] [1789630331.744770356] [BehaviorTreeEngine]: Behavior Tree tick rate 100.00 was exceeded!
[bt_navigator-11] [WARN] [1789630331.984426289] [BehaviorTreeEngine]: Behavior Tree tick rate 100.00 was exceeded!
[bt_navigator-11] [WARN] [1789630332.334181351] [BehaviorTreeEngine]: Behavior Tree tick rate 100.00 was exceeded!
[controller_server-8] [INFO] [1789630332.356041305] [controller_server]: Passing new path to controller.
[bt_navigator-11] [WARN] [1789630332.557698157] [BehaviorTreeEngine]: Behavior Tree tick rate 100.00 was exceeded!
[swerve_bridge_node-14] [WARN] [1789630332.601605451] [swerve_bridge]: Django websocket disconnected: [Errno 111] Connection refused
[bt_navigator-11] [WARN] [1789630332.808208459] [BehaviorTreeEngine]: Behavior Tree tick rate 100.00 was exceeded!
[bt_navigator-11] [WARN] [1789630332.839233272] [BehaviorTreeEngine]: Behavior Tree tick rate 100.00 was exceeded!
[bt_navigator-11] [WARN] [1789630332.963485701] [BehaviorTreeEngine]: Behavior Tree tick rate 100.00 was exceeded!
[bt_navigator-11] [WARN] [1789630332.970922175] [BehaviorTreeEngine]: Behavior Tree tick rate 100.00 was exceeded!
[bt_navigator-11] [WARN] [1789630333.018079758] [BehaviorTreeEngine]: Behavior Tree tick rate 100.00 was exceeded!
[bt_navigator-11] [WARN] [1789630333.412745424] [BehaviorTreeEngine]: Behavior Tree tick rate 100.00 was exceeded!
[bt_navigator-11] [WARN] [1789630333.452868539] [BehaviorTreeEngine]: Behavior Tree tick rate 100.00 was exceeded!
[controller_server-8] [INFO] [1789630333.458512005] [controller_server]: Passing new path to controller.
[bt_navigator-11] [WARN] [1789630333.514656736] [BehaviorTreeEngine]: Behavior Tree tick rate 100.00 was exceeded!
[bt_navigator-11] [WARN] [1789630333.584771025] [BehaviorTreeEngine]: Behavior Tree tick rate 100.00 was exceeded!
[bt_navigator-11] [WARN] [1789630333.668223957] [BehaviorTreeEngine]: Behavior Tree tick rate 100.00 was exceeded!
[bt_navigator-11] [WARN] [1789630333.723492031] [BehaviorTreeEngine]: Behavior Tree tick rate 100.00 was exceeded!
[bt_navigator-11] [WARN] [1789630333.728680073] [BehaviorTreeEngine]: Behavior Tree tick rate 100.00 was exceeded!
[bt_navigator-11] [WARN] [1789630333.790549415] [BehaviorTreeEngine]: Behavior Tree tick rate 100.00 was exceeded!
[bt_navigator-11] [WARN] [1789630333.821609195] [BehaviorTreeEngine]: Behavior Tree tick rate 100.00 was exceeded!
[bt_navigator-11] [WARN] [1789630333.841374697] [BehaviorTreeEngine]: Behavior Tree tick rate 100.00 was exceeded!
[bt_navigator-11] [WARN] [1789630333.857646010] [BehaviorTreeEngine]: Behavior Tree tick rate 100.00 was exceeded!
[bt_navigator-11] [WARN] [1789630333.858649505] [BehaviorTreeEngine]: Behavior Tree tick rate 100.00 was exceeded!
[bt_navigator-11] [WARN] [1789630333.890440844] [BehaviorTreeEngine]: Behavior Tree tick rate 100.00 was exceeded!
[bt_navigator-11] [WARN] [1789630334.035930646] [BehaviorTreeEngine]: Behavior Tree tick rate 100.00 was exceeded!
[bt_navigator-11] [WARN] [1789630334.120782065] [BehaviorTreeEngine]: Behavior Tree tick rate 100.00 was exceeded!
[bt_navigator-11] [WARN] [1789630334.424709654] [BehaviorTreeEngine]: Behavior Tree tick rate 100.00 was exceeded!
[bt_navigator-11] [WARN] [1789630334.445920504] [BehaviorTreeEngine]: Behavior Tree tick rate 100.00 was exceeded!
[controller_server-8] [INFO] [1789630334.556656246] [controller_server]: Passing new path to controller.
[bt_navigator-11] [WARN] [1789630334.557411849] [BehaviorTreeEngine]: Behavior Tree tick rate 100.00 was exceeded!
[swerve_bridge_node-14] [WARN] [1789630334.618507392] [swerve_bridge]: Django websocket disconnected: [Errno 111] Connection refused
[bt_navigator-11] [WARN] [1789630334.643040270] [BehaviorTreeEngine]: Behavior Tree tick rate 100.00 was exceeded!
[bt_navigator-11] [WARN] [1789630335.189374636] [BehaviorTreeEngine]: Behavior Tree tick rate 100.00 was exceeded!
[bt_navigator-11] [WARN] [1789630335.470867131] [BehaviorTreeEngine]: Behavior Tree tick rate 100.00 was exceeded!
[controller_server-8] [INFO] [1789630335.555486945] [controller_server]: Passing new path to controller.
[bt_navigator-11] [WARN] [1789630336.275754698] [BehaviorTreeEngine]: Behavior Tree tick rate 100.00 was exceeded!
[bt_navigator-11] [WARN] [1789630336.295606041] [BehaviorTreeEngine]: Behavior Tree tick rate 100.00 was exceeded!
[bt_navigator-11] [WARN] [1789630336.309416149] [BehaviorTreeEngine]: Behavior Tree tick rate 100.00 was exceeded!
[bt_navigator-11] [WARN] [1789630336.343815106] [BehaviorTreeEngine]: Behavior Tree tick rate 100.00 was exceeded!
[controller_server-8] [INFO] [1789630336.555410150] [controller_server]: Passing new path to controller.
[bt_navigator-11] [WARN] [1789630336.648937067] [BehaviorTreeEngine]: Behavior Tree tick rate 100.00 was exceeded!
[swerve_bridge_node-14] [WARN] [1789630336.649111804] [swerve_bridge]: Django websocket disconnected: [Errno 111] Connection refused
[bt_navigator-11] [WARN] [1789630336.695089590] [BehaviorTreeEngine]: Behavior Tree tick rate 100.00 was exceeded!
[bt_navigator-11] [WARN] [1789630337.026520169] [BehaviorTreeEngine]: Behavior Tree tick rate 100.00 was exceeded!
[bt_navigator-11] [WARN] [1789630337.087664062] [BehaviorTreeEngine]: Behavior Tree tick rate 100.00 was exceeded!
[bt_navigator-11] [WARN] [1789630337.248959058] [BehaviorTreeEngine]: Behavior Tree tick rate 100.00 was exceeded!
[bt_navigator-11] [WARN] [1789630337.419310132] [BehaviorTreeEngine]: Behavior Tree tick rate 100.00 was exceeded!
[bt_navigator-11] [WARN] [1789630337.482853917] [BehaviorTreeEngine]: Behavior Tree tick rate 100.00 was exceeded!
[bt_navigator-11] [WARN] [1789630337.534803118] [BehaviorTreeEngine]: Behavior Tree tick rate 100.00 was exceeded!
[controller_server-8] [INFO] [1789630337.557195732] [controller_server]: Passing new path to controller.
[bt_navigator-11] [WARN] [1789630337.604577931] [BehaviorTreeEngine]: Behavior Tree tick rate 100.00 was exceeded!
[bt_navigator-11] [WARN] [1789630337.740197769] [BehaviorTreeEngine]: Behavior Tree tick rate 100.00 was exceeded!
[bt_navigator-11] [WARN] [1789630338.011813034] [BehaviorTreeEngine]: Behavior Tree tick rate 100.00 was exceeded!
[bt_navigator-11] [WARN] [1789630338.022183021] [BehaviorTreeEngine]: Behavior Tree tick rate 100.00 was exceeded!
[bt_navigator-11] [WARN] [1789630338.150555414] [BehaviorTreeEngine]: Behavior Tree tick rate 100.00 was exceeded!
[bt_navigator-11] [WARN] [1789630338.260309188] [BehaviorTreeEngine]: Behavior Tree tick rate 100.00 was exceeded!
[bt_navigator-11] [WARN] [1789630338.506429001] [BehaviorTreeEngine]: Behavior Tree tick rate 100.00 was exceeded!
[swerve_bridge_node-14] [WARN] [1789630338.650420205] [swerve_bridge]: Django websocket disconnected: [Errno 111] Connection refused
[controller_server-8] [INFO] [1789630338.656757019] [controller_server]: Passing new path to controller.
[bt_navigator-11] [WARN] [1789630338.896610978] [BehaviorTreeEngine]: Behavior Tree tick rate 100.00 was exceeded!
[controller_server-8] [INFO] [1789630339.656267592] [controller_server]: Passing new path to controller.
[bt_navigator-11] [WARN] [1789630339.657363214] [BehaviorTreeEngine]: Behavior Tree tick rate 100.00 was exceeded!
[bt_navigator-11] [WARN] [1789630339.740861343] [BehaviorTreeEngine]: Behavior Tree tick rate 100.00 was exceeded!
[bt_navigator-11] [WARN] [1789630339.979705032] [BehaviorTreeEngine]: Behavior Tree tick rate 100.00 was exceeded!
[bt_navigator-11] [WARN] [1789630340.172073753] [BehaviorTreeEngine]: Behavior Tree tick rate 100.00 was exceeded!
[bt_navigator-11] [WARN] [1789630340.312004290] [BehaviorTreeEngine]: Behavior Tree tick rate 100.00 was exceeded!
[bt_navigator-11] [WARN] [1789630340.462449186] [BehaviorTreeEngine]: Behavior Tree tick rate 100.00 was exceeded!
[bt_navigator-11] [WARN] [1789630340.621384665] [BehaviorTreeEngine]: Behavior Tree tick rate 100.00 was exceeded!
[swerve_bridge_node-14] [WARN] [1789630340.655063995] [swerve_bridge]: Django websocket disconnected: [Errno 111] Connection refused
[bt_navigator-11] [WARN] [1789630340.659339997] [BehaviorTreeEngine]: Behavior Tree tick rate 100.00 was exceeded!
[bt_navigator-11] [WARN] [1789630340.785366005] [BehaviorTreeEngine]: Behavior Tree tick rate 100.00 was exceeded!
[controller_server-8] [INFO] [1789630340.785601451] [controller_server]: Passing new path to controller.
[bt_navigator-11] [WARN] [1789630340.879680036] [BehaviorTreeEngine]: Behavior Tree tick rate 100.00 was exceeded!
[bt_navigator-11] [WARN] [1789630341.008127712] [BehaviorTreeEngine]: Behavior Tree tick rate 100.00 was exceeded!
[bt_navigator-11] [WARN] [1789630341.322242159] [BehaviorTreeEngine]: Behavior Tree tick rate 100.00 was exceeded!
[bt_navigator-11] [WARN] [1789630341.399580619] [BehaviorTreeEngine]: Behavior Tree tick rate 100.00 was exceeded!
[bt_navigator-11] [WARN] [1789630341.689449359] [BehaviorTreeEngine]: Behavior Tree tick rate 100.00 was exceeded!
[controller_server-8] [INFO] [1789630341.755558679] [controller_server]: Passing new path to controller.
[bt_navigator-11] [WARN] [1789630341.773033882] [BehaviorTreeEngine]: Behavior Tree tick rate 100.00 was exceeded!
[bt_navigator-11] [WARN] [1789630341.967277515] [BehaviorTreeEngine]: Behavior Tree tick rate 100.00 was exceeded!
[bt_navigator-11] [WARN] [1789630342.117494453] [BehaviorTreeEngine]: Behavior Tree tick rate 100.00 was exceeded!
[bt_navigator-11] [WARN] [1789630342.150068898] [BehaviorTreeEngine]: Behavior Tree tick rate 100.00 was exceeded!
[swerve_bridge_node-14] [WARN] [1789630342.658520283] [swerve_bridge]: Django websocket disconnected: [Errno 111] Connection refused
[controller_server-8] [INFO] [1789630342.757588203] [controller_server]: Passing new path to controller.
[bt_navigator-11] [WARN] [1789630342.839993023] [BehaviorTreeEngine]: Behavior Tree tick rate 100.00 was exceeded!
[bt_navigator-11] [WARN] [1789630342.847856244] [BehaviorTreeEngine]: Behavior Tree tick rate 100.00 was exceeded!
[bt_navigator-11] [WARN] [1789630343.139011883] [BehaviorTreeEngine]: Behavior Tree tick rate 100.00 was exceeded!
[bt_navigator-11] [WARN] [1789630343.171819764] [BehaviorTreeEngine]: Behavior Tree tick rate 100.00 was exceeded!
[bt_navigator-11] [WARN] [1789630343.218406630] [BehaviorTreeEngine]: Behavior Tree tick rate 100.00 was exceeded!
[bt_navigator-11] [WARN] [1789630343.340062346] [BehaviorTreeEngine]: Behavior Tree tick rate 100.00 was exceeded!
[bt_navigator-11] [WARN] [1789630343.494099148] [BehaviorTreeEngine]: Behavior Tree tick rate 100.00 was exceeded!
[bt_navigator-11] [WARN] [1789630343.601603575] [BehaviorTreeEngine]: Behavior Tree tick rate 100.00 was exceeded!
[bt_navigator-11] [WARN] [1789630343.629123554] [BehaviorTreeEngine]: Behavior Tree tick rate 100.00 was exceeded!
[controller_server-8] [INFO] [1789630343.755354696] [controller_server]: Passing new path to controller.
[bt_navigator-11] [WARN] [1789630344.101557895] [BehaviorTreeEngine]: Behavior Tree tick rate 100.00 was exceeded!
[bt_navigator-11] [WARN] [1789630344.101842195] [BehaviorTreeEngine]: Behavior Tree tick rate 100.00 was exceeded!
[bt_navigator-11] [WARN] [1789630344.113200844] [BehaviorTreeEngine]: Behavior Tree tick rate 100.00 was exceeded!
[bt_navigator-11] [WARN] [1789630344.355944331] [BehaviorTreeEngine]: Behavior Tree tick rate 100.00 was exceeded!
[bt_navigator-11] [WARN] [1789630344.416640092] [BehaviorTreeEngine]: Behavior Tree tick rate 100.00 was exceeded!
[swerve_bridge_node-14] [WARN] [1789630344.662165701] [swerve_bridge]: Django websocket disconnected: [Errno 111] Connection refused
[bt_navigator-11] [WARN] [1789630344.752042814] [BehaviorTreeEngine]: Behavior Tree tick rate 100.00 was exceeded!
[bt_navigator-11] [WARN] [1789630344.774216005] [BehaviorTreeEngine]: Behavior Tree tick rate 100.00 was exceeded!
[controller_server-8] [INFO] [1789630344.855803102] [controller_server]: Passing new path to controller.
[bt_navigator-11] [WARN] [1789630345.465328947] [BehaviorTreeEngine]: Behavior Tree tick rate 100.00 was exceeded!
[bt_navigator-11] [WARN] [1789630345.475476609] [BehaviorTreeEngine]: Behavior Tree tick rate 100.00 was exceeded!
[bt_navigator-11] [WARN] [1789630345.545551761] [BehaviorTreeEngine]: Behavior Tree tick rate 100.00 was exceeded!
[controller_server-8] [INFO] [1789630345.856942189] [controller_server]: Passing new path to controller.
[bt_navigator-11] [WARN] [1789630346.033331903] [BehaviorTreeEngine]: Behavior Tree tick rate 100.00 was exceeded!
[bt_navigator-11] [WARN] [1789630346.162376980] [BehaviorTreeEngine]: Behavior Tree tick rate 100.00 was exceeded!
[bt_navigator-11] [WARN] [1789630346.487232716] [BehaviorTreeEngine]: Behavior Tree tick rate 100.00 was exceeded!
[bt_navigator-11] [WARN] [1789630346.645507008] [BehaviorTreeEngine]: Behavior Tree tick rate 100.00 was exceeded!
[swerve_bridge_node-14] [WARN] [1789630346.670154653] [swerve_bridge]: Django websocket disconnected: [Errno 111] Connection refused
[bt_navigator-11] [WARN] [1789630346.817953955] [BehaviorTreeEngine]: Behavior Tree tick rate 100.00 was exceeded!
[controller_server-8] [INFO] [1789630346.857157650] [controller_server]: Passing new path to controller.
[bt_navigator-11] [WARN] [1789630347.078834632] [BehaviorTreeEngine]: Behavior Tree tick rate 100.00 was exceeded!
[bt_navigator-11] [WARN] [1789630347.342520675] [BehaviorTreeEngine]: Behavior Tree tick rate 100.00 was exceeded!
[bt_navigator-11] [WARN] [1789630347.735279557] [BehaviorTreeEngine]: Behavior Tree tick rate 100.00 was exceeded!
[bt_navigator-11] [WARN] [1789630347.774024564] [BehaviorTreeEngine]: Behavior Tree tick rate 100.00 was exceeded!
[controller_server-8] [INFO] [1789630347.857376994] [controller_server]: Passing new path to controller.
[bt_navigator-11] [WARN] [1789630347.952208967] [BehaviorTreeEngine]: Behavior Tree tick rate 100.00 was exceeded!
[bt_navigator-11] [WARN] [1789630347.956315249] [BehaviorTreeEngine]: Behavior Tree tick rate 100.00 was exceeded!
[bt_navigator-11] [WARN] [1789630348.122533543] [BehaviorTreeEngine]: Behavior Tree tick rate 100.00 was exceeded!
[bt_navigator-11] [WARN] [1789630348.132849058] [BehaviorTreeEngine]: Behavior Tree tick rate 100.00 was exceeded!
[swerve_bridge_node-14] [WARN] [1789630348.671838672] [swerve_bridge]: Django websocket disconnected: [Errno 111] Connection refused
[bt_navigator-11] [WARN] [1789630348.681377641] [BehaviorTreeEngine]: Behavior Tree tick rate 100.00 was exceeded!
[bt_navigator-11] [WARN] [1789630348.912017591] [BehaviorTreeEngine]: Behavior Tree tick rate 100.00 was exceeded!
[controller_server-8] [INFO] [1789630348.955613394] [controller_server]: Passing new path to controller.
[bt_navigator-11] [WARN] [1789630349.464522577] [BehaviorTreeEngine]: Behavior Tree tick rate 100.00 was exceeded!
[bt_navigator-11] [WARN] [1789630349.634008004] [BehaviorTreeEngine]: Behavior Tree tick rate 100.00 was exceeded!
[controller_server-8] [INFO] [1789630349.956178189] [controller_server]: Passing new path to controller.
[bt_navigator-11] [WARN] [1789630350.028649383] [BehaviorTreeEngine]: Behavior Tree tick rate 100.00 was exceeded!
[bt_navigator-11] [WARN] [1789630350.092154465] [BehaviorTreeEngine]: Behavior Tree tick rate 100.00 was exceeded!
[bt_navigator-11] [WARN] [1789630350.343069970] [BehaviorTreeEngine]: Behavior Tree tick rate 100.00 was exceeded!
[bt_navigator-11] [WARN] [1789630350.473421878] [BehaviorTreeEngine]: Behavior Tree tick rate 100.00 was exceeded!
[bt_navigator-11] [WARN] [1789630350.539337459] [BehaviorTreeEngine]: Behavior Tree tick rate 100.00 was exceeded!
[bt_navigator-11] [WARN] [1789630350.625489722] [BehaviorTreeEngine]: Behavior Tree tick rate 100.00 was exceeded!
[swerve_bridge_node-14] [WARN] [1789630350.674403290] [swerve_bridge]: Django websocket disconnected: [Errno 111] Connection refused
[bt_navigator-11] [WARN] [1789630350.967574882] [BehaviorTreeEngine]: Behavior Tree tick rate 100.00 was exceeded!
[bt_navigator-11] [WARN] [1789630351.015899547] [BehaviorTreeEngine]: Behavior Tree tick rate 100.00 was exceeded!
[controller_server-8] [INFO] [1789630351.056822798] [controller_server]: Passing new path to controller.
[bt_navigator-11] [WARN] [1789630351.079353571] [BehaviorTreeEngine]: Behavior Tree tick rate 100.00 was exceeded!
[bt_navigator-11] [WARN] [1789630351.086696139] [BehaviorTreeEngine]: Behavior Tree tick rate 100.00 was exceeded!
[bt_navigator-11] [WARN] [1789630351.152399597] [BehaviorTreeEngine]: Behavior Tree tick rate 100.00 was exceeded!
[bt_navigator-11] [WARN] [1789630351.161039272] [BehaviorTreeEngine]: Behavior Tree tick rate 100.00 was exceeded!
[bt_navigator-11] [WARN] [1789630351.170165407] [BehaviorTreeEngine]: Behavior Tree tick rate 100.00 was exceeded!
[bt_navigator-11] [WARN] [1789630351.188886340] [BehaviorTreeEngine]: Behavior Tree tick rate 100.00 was exceeded!
[bt_navigator-11] [WARN] [1789630351.223310673] [BehaviorTreeEngine]: Behavior Tree tick rate 100.00 was exceeded!
[bt_navigator-11] [WARN] [1789630351.228536925] [BehaviorTreeEngine]: Behavior Tree tick rate 100.00 was exceeded!
[bt_navigator-11] [WARN] [1789630351.586016314] [BehaviorTreeEngine]: Behavior Tree tick rate 100.00 was exceeded!
[bt_navigator-11] [WARN] [1789630351.772865213] [BehaviorTreeEngine]: Behavior Tree tick rate 100.00 was exceeded!
[bt_navigator-11] [WARN] [1789630352.005675412] [BehaviorTreeEngine]: Behavior Tree tick rate 100.00 was exceeded!
[controller_server-8] [INFO] [1789630352.080313305] [controller_server]: Passing new path to controller.
[bt_navigator-11] [WARN] [1789630352.088367685] [BehaviorTreeEngine]: Behavior Tree tick rate 100.00 was exceeded!
[bt_navigator-11] [WARN] [1789630352.282590892] [BehaviorTreeEngine]: Behavior Tree tick rate 100.00 was exceeded!
[bt_navigator-11] [WARN] [1789630352.331062153] [BehaviorTreeEngine]: Behavior Tree tick rate 100.00 was exceeded!
[bt_navigator-11] [WARN] [1789630352.339096613] [BehaviorTreeEngine]: Behavior Tree tick rate 100.00 was exceeded!
[swerve_bridge_node-14] [WARN] [1789630352.675780948] [swerve_bridge]: Django websocket disconnected: [Errno 111] Connection refused
[bt_navigator-11] [WARN] [1789630352.735361847] [BehaviorTreeEngine]: Behavior Tree tick rate 100.00 was exceeded!
[bt_navigator-11] [WARN] [1789630352.745801160] [BehaviorTreeEngine]: Behavior Tree tick rate 100.00 was exceeded!
[bt_navigator-11] [WARN] [1789630352.953296051] [BehaviorTreeEngine]: Behavior Tree tick rate 100.00 was exceeded!
[controller_server-8] [INFO] [1789630353.055378417] [controller_server]: Passing new path to controller.
[bt_navigator-11] [WARN] [1789630353.396091385] [BehaviorTreeEngine]: Behavior Tree tick rate 100.00 was exceeded!
[bt_navigator-11] [WARN] [1789630353.492376305] [BehaviorTreeEngine]: Behavior Tree tick rate 100.00 was exceeded!
[controller_server-8] [INFO] [1789630354.155742180] [controller_server]: Passing new path to controller.
[bt_navigator-11] [WARN] [1789630354.463415116] [BehaviorTreeEngine]: Behavior Tree tick rate 100.00 was exceeded!
[bt_navigator-11] [WARN] [1789630354.578609010] [BehaviorTreeEngine]: Behavior Tree tick rate 100.00 was exceeded!
[bt_navigator-11] [WARN] [1789630354.622848353] [BehaviorTreeEngine]: Behavior Tree tick rate 100.00 was exceeded!
[swerve_bridge_node-14] [WARN] [1789630354.678879748] [swerve_bridge]: Django websocket disconnected: [Errno 111] Connection refused
[bt_navigator-11] [WARN] [1789630354.854677004] [BehaviorTreeEngine]: Behavior Tree tick rate 100.00 was exceeded!
[bt_navigator-11] [WARN] [1789630355.034857120] [BehaviorTreeEngine]: Behavior Tree tick rate 100.00 was exceeded!
[bt_navigator-11] [WARN] [1789630355.055211989] [BehaviorTreeEngine]: Behavior Tree tick rate 100.00 was exceeded!
[controller_server-8] [INFO] [1789630355.155756736] [controller_server]: Passing new path to controller.
[bt_navigator-11] [WARN] [1789630355.342983100] [BehaviorTreeEngine]: Behavior Tree tick rate 100.00 was exceeded!
[bt_navigator-11] [WARN] [1789630355.357776862] [BehaviorTreeEngine]: Behavior Tree tick rate 100.00 was exceeded!
[bt_navigator-11] [WARN] [1789630355.611472504] [BehaviorTreeEngine]: Behavior Tree tick rate 100.00 was exceeded!
[bt_navigator-11] [WARN] [1789630355.630499663] [BehaviorTreeEngine]: Behavior Tree tick rate 100.00 was exceeded!
[bt_navigator-11] [WARN] [1789630355.688323415] [BehaviorTreeEngine]: Behavior Tree tick rate 100.00 was exceeded!
[bt_navigator-11] [WARN] [1789630355.745268966] [BehaviorTreeEngine]: Behavior Tree tick rate 100.00 was exceeded!
[bt_navigator-11] [WARN] [1789630355.792948706] [BehaviorTreeEngine]: Behavior Tree tick rate 100.00 was exceeded!
[bt_navigator-11] [WARN] [1789630355.796809841] [BehaviorTreeEngine]: Behavior Tree tick rate 100.00 was exceeded!
[bt_navigator-11] [WARN] [1789630355.866816362] [BehaviorTreeEngine]: Behavior Tree tick rate 100.00 was exceeded!
[bt_navigator-11] [WARN] [1789630356.109280473] [BehaviorTreeEngine]: Behavior Tree tick rate 100.00 was exceeded!
[controller_server-8] [INFO] [1789630356.155551482] [controller_server]: Passing new path to controller.
[bt_navigator-11] [WARN] [1789630356.423309552] [BehaviorTreeEngine]: Behavior Tree tick rate 100.00 was exceeded!
[bt_navigator-11] [WARN] [1789630356.429311124] [BehaviorTreeEngine]: Behavior Tree tick rate 100.00 was exceeded!
[bt_navigator-11] [WARN] [1789630356.482523996] [BehaviorTreeEngine]: Behavior Tree tick rate 100.00 was exceeded!
[swerve_bridge_node-14] [WARN] [1789630356.679984334] [swerve_bridge]: Django websocket disconnected: [Errno 111] Connection refused
[bt_navigator-11] [WARN] [1789630356.934183981] [BehaviorTreeEngine]: Behavior Tree tick rate 100.00 was exceeded!
[bt_navigator-11] [WARN] [1789630356.943328866] [BehaviorTreeEngine]: Behavior Tree tick rate 100.00 was exceeded!
[bt_navigator-11] [WARN] [1789630357.133106303] [BehaviorTreeEngine]: Behavior Tree tick rate 100.00 was exceeded!
[controller_server-8] [INFO] [1789630357.155702442] [controller_server]: Passing new path to controller.
[bt_navigator-11] [WARN] [1789630357.385917468] [BehaviorTreeEngine]: Behavior Tree tick rate 100.00 was exceeded!
[bt_navigator-11] [WARN] [1789630357.687604473] [BehaviorTreeEngine]: Behavior Tree tick rate 100.00 was exceeded!
[bt_navigator-11] [WARN] [1789630357.849554734] [BehaviorTreeEngine]: Behavior Tree tick rate 100.00 was exceeded!
[bt_navigator-11] [WARN] [1789630358.012527372] [BehaviorTreeEngine]: Behavior Tree tick rate 100.00 was exceeded!
[bt_navigator-11] [WARN] [1789630358.061544315] [BehaviorTreeEngine]: Behavior Tree tick rate 100.00 was exceeded!
[bt_navigator-11] [WARN] [1789630358.068822476] [BehaviorTreeEngine]: Behavior Tree tick rate 100.00 was exceeded!
[controller_server-8] [WARN] [1789630358.082336747] [controller_server]: Control loop missed its desired rate of 10.0000Hz
[bt_navigator-11] [WARN] [1789630358.084882463] [BehaviorTreeEngine]: Behavior Tree tick rate 100.00 was exceeded!
[bt_navigator-11] [WARN] [1789630358.164936049] [BehaviorTreeEngine]: Behavior Tree tick rate 100.00 was exceeded!
[bt_navigator-11] [WARN] [1789630358.173028867] [BehaviorTreeEngine]: Behavior Tree tick rate 100.00 was exceeded!
[bt_navigator-11] [WARN] [1789630358.214138384] [BehaviorTreeEngine]: Behavior Tree tick rate 100.00 was exceeded!
[controller_server-8] [INFO] [1789630358.255701788] [controller_server]: Passing new path to controller.
[bt_navigator-11] [WARN] [1789630358.398508863] [BehaviorTreeEngine]: Behavior Tree tick rate 100.00 was exceeded!
[bt_navigator-11] [WARN] [1789630358.410518881] [BehaviorTreeEngine]: Behavior Tree tick rate 100.00 was exceeded!
[bt_navigator-11] [WARN] [1789630358.539459244] [BehaviorTreeEngine]: Behavior Tree tick rate 100.00 was exceeded!
[bt_navigator-11] [WARN] [1789630358.639071500] [BehaviorTreeEngine]: Behavior Tree tick rate 100.00 was exceeded!
[bt_navigator-11] [WARN] [1789630358.640832183] [BehaviorTreeEngine]: Behavior Tree tick rate 100.00 was exceeded!
[swerve_bridge_node-14] [WARN] [1789630358.681381579] [swerve_bridge]: Django websocket disconnected: [Errno 111] Connection refused
[bt_navigator-11] [WARN] [1789630359.124303808] [BehaviorTreeEngine]: Behavior Tree tick rate 100.00 was exceeded!
[bt_navigator-11] [WARN] [1789630359.177465909] [BehaviorTreeEngine]: Behavior Tree tick rate 100.00 was exceeded!
[bt_navigator-11] [WARN] [1789630359.191054099] [BehaviorTreeEngine]: Behavior Tree tick rate 100.00 was exceeded!
[bt_navigator-11] [WARN] [1789630359.199852177] [BehaviorTreeEngine]: Behavior Tree tick rate 100.00 was exceeded!
[controller_server-8] [INFO] [1789630359.255343185] [controller_server]: Passing new path to controller.
[bt_navigator-11] [WARN] [1789630359.527191703] [BehaviorTreeEngine]: Behavior Tree tick rate 100.00 was exceeded!
[bt_navigator-11] [WARN] [1789630359.564942199] [BehaviorTreeEngine]: Behavior Tree tick rate 100.00 was exceeded!
[bt_navigator-11] [WARN] [1789630359.602050451] [BehaviorTreeEngine]: Behavior Tree tick rate 100.00 was exceeded!
[bt_navigator-11] [WARN] [1789630359.704214246] [BehaviorTreeEngine]: Behavior Tree tick rate 100.00 was exceeded!
[bt_navigator-11] [WARN] [1789630359.744348321] [BehaviorTreeEngine]: Behavior Tree tick rate 100.00 was exceeded!
[bt_navigator-11] [WARN] [1789630359.762714228] [BehaviorTreeEngine]: Behavior Tree tick rate 100.00 was exceeded!
[bt_navigator-11] [WARN] [1789630359.835124189] [BehaviorTreeEngine]: Behavior Tree tick rate 100.00 was exceeded!
[bt_navigator-11] [WARN] [1789630359.855519183] [BehaviorTreeEngine]: Behavior Tree tick rate 100.00 was exceeded!
[bt_navigator-11] [WARN] [1789630359.875894408] [BehaviorTreeEngine]: Behavior Tree tick rate 100.00 was exceeded!
[bt_navigator-11] [WARN] [1789630359.915102079] [BehaviorTreeEngine]: Behavior Tree tick rate 100.00 was exceeded!
[bt_navigator-11] [WARN] [1789630360.206636234] [BehaviorTreeEngine]: Behavior Tree tick rate 100.00 was exceeded!
[controller_server-8] [INFO] [1789630360.256548499] [controller_server]: Passing new path to controller.
[bt_navigator-11] [WARN] [1789630360.265147409] [BehaviorTreeEngine]: Behavior Tree tick rate 100.00 was exceeded!
[bt_navigator-11] [WARN] [1789630360.381954344] [BehaviorTreeEngine]: Behavior Tree tick rate 100.00 was exceeded!
[bt_navigator-11] [WARN] [1789630360.515573300] [BehaviorTreeEngine]: Behavior Tree tick rate 100.00 was exceeded!
[bt_navigator-11] [WARN] [1789630360.576160790] [BehaviorTreeEngine]: Behavior Tree tick rate 100.00 was exceeded!
[bt_navigator-11] [WARN] [1789630360.666736831] [BehaviorTreeEngine]: Behavior Tree tick rate 100.00 was exceeded!
[swerve_bridge_node-14] [WARN] [1789630360.684229663] [swerve_bridge]: Django websocket disconnected: [Errno 111] Connection refused
[bt_navigator-11] [WARN] [1789630360.686863717] [BehaviorTreeEngine]: Behavior Tree tick rate 100.00 was exceeded!
[bt_navigator-11] [WARN] [1789630361.088650950] [BehaviorTreeEngine]: Behavior Tree tick rate 100.00 was exceeded!
[controller_server-8] [INFO] [1789630361.258086944] [controller_server]: Passing new path to controller.
[bt_navigator-11] [WARN] [1789630361.418016601] [BehaviorTreeEngine]: Behavior Tree tick rate 100.00 was exceeded!
[bt_navigator-11] [WARN] [1789630361.442542036] [BehaviorTreeEngine]: Behavior Tree tick rate 100.00 was exceeded!
[bt_navigator-11] [WARN] [1789630361.449016328] [BehaviorTreeEngine]: Behavior Tree tick rate 100.00 was exceeded!
[bt_navigator-11] [WARN] [1789630361.468590622] [BehaviorTreeEngine]: Behavior Tree tick rate 100.00 was exceeded!
[bt_navigator-11] [WARN] [1789630361.666227875] [BehaviorTreeEngine]: Behavior Tree tick rate 100.00 was exceeded!
[bt_navigator-11] [WARN] [1789630361.718569459] [BehaviorTreeEngine]: Behavior Tree tick rate 100.00 was exceeded!
[bt_navigator-11] [WARN] [1789630361.732500702] [BehaviorTreeEngine]: Behavior Tree tick rate 100.00 was exceeded!
[bt_navigator-11] [WARN] [1789630361.738106758] [BehaviorTreeEngine]: Behavior Tree tick rate 100.00 was exceeded!
[bt_navigator-11] [WARN] [1789630362.072410105] [BehaviorTreeEngine]: Behavior Tree tick rate 100.00 was exceeded!
[bt_navigator-11] [WARN] [1789630362.089362130] [BehaviorTreeEngine]: Behavior Tree tick rate 100.00 was exceeded!
[bt_navigator-11] [WARN] [1789630362.169919701] [BehaviorTreeEngine]: Behavior Tree tick rate 100.00 was exceeded!
[bt_navigator-11] [WARN] [1789630362.263333530] [BehaviorTreeEngine]: Behavior Tree tick rate 100.00 was exceeded!
[bt_navigator-11] [WARN] [1789630362.294402289] [BehaviorTreeEngine]: Behavior Tree tick rate 100.00 was exceeded!
[bt_navigator-11] [WARN] [1789630362.333530713] [BehaviorTreeEngine]: Behavior Tree tick rate 100.00 was exceeded!
[bt_navigator-11] [WARN] [1789630362.351306720] [BehaviorTreeEngine]: Behavior Tree tick rate 100.00 was exceeded!
[bt_navigator-11] [WARN] [1789630362.354836773] [BehaviorTreeEngine]: Behavior Tree tick rate 100.00 was exceeded!
[controller_server-8] [INFO] [1789630362.355543087] [controller_server]: Passing new path to controller.
[bt_navigator-11] [WARN] [1789630362.444506833] [BehaviorTreeEngine]: Behavior Tree tick rate 100.00 was exceeded!
[bt_navigator-11] [WARN] [1789630362.497542274] [BehaviorTreeEngine]: Behavior Tree tick rate 100.00 was exceeded!
[bt_navigator-11] [WARN] [1789630362.516613292] [BehaviorTreeEngine]: Behavior Tree tick rate 100.00 was exceeded!
[bt_navigator-11] [WARN] [1789630362.559529556] [BehaviorTreeEngine]: Behavior Tree tick rate 100.00 was exceeded!
[bt_navigator-11] [WARN] [1789630362.572038411] [BehaviorTreeEngine]: Behavior Tree tick rate 100.00 was exceeded!
[bt_navigator-11] [WARN] [1789630362.592647892] [BehaviorTreeEngine]: Behavior Tree tick rate 100.00 was exceeded!
[bt_navigator-11] [WARN] [1789630362.614564365] [BehaviorTreeEngine]: Behavior Tree tick rate 100.00 was exceeded!
[bt_navigator-11] [WARN] [1789630362.629528769] [BehaviorTreeEngine]: Behavior Tree tick rate 100.00 was exceeded!
[bt_navigator-11] [WARN] [1789630362.667804284] [BehaviorTreeEngine]: Behavior Tree tick rate 100.00 was exceeded!
[swerve_bridge_node-14] [WARN] [1789630362.691046029] [swerve_bridge]: Django websocket disconnected: [Errno 111] Connection refused
[bt_navigator-11] [WARN] [1789630362.713694199] [BehaviorTreeEngine]: Behavior Tree tick rate 100.00 was exceeded!
[bt_navigator-11] [WARN] [1789630362.718731370] [BehaviorTreeEngine]: Behavior Tree tick rate 100.00 was exceeded!
[bt_navigator-11] [WARN] [1789630363.052389343] [BehaviorTreeEngine]: Behavior Tree tick rate 100.00 was exceeded!
[bt_navigator-11] [WARN] [1789630363.297629157] [BehaviorTreeEngine]: Behavior Tree tick rate 100.00 was exceeded!
[controller_server-8] [INFO] [1789630363.356813497] [controller_server]: Passing new path to controller.
[bt_navigator-11] [WARN] [1789630363.378524932] [BehaviorTreeEngine]: Behavior Tree tick rate 100.00 was exceeded!
[bt_navigator-11] [WARN] [1789630363.478091360] [BehaviorTreeEngine]: Behavior Tree tick rate 100.00 was exceeded!
[bt_navigator-11] [WARN] [1789630363.510298526] [BehaviorTreeEngine]: Behavior Tree tick rate 100.00 was exceeded!
[bt_navigator-11] [WARN] [1789630363.612372871] [BehaviorTreeEngine]: Behavior Tree tick rate 100.00 was exceeded!
[bt_navigator-11] [WARN] [1789630363.619288347] [BehaviorTreeEngine]: Behavior Tree tick rate 100.00 was exceeded!
[bt_navigator-11] [WARN] [1789630363.650143991] [BehaviorTreeEngine]: Behavior Tree tick rate 100.00 was exceeded!
[bt_navigator-11] [WARN] [1789630363.659483474] [BehaviorTreeEngine]: Behavior Tree tick rate 100.00 was exceeded!
[bt_navigator-11] [WARN] [1789630363.686456484] [BehaviorTreeEngine]: Behavior Tree tick rate 100.00 was exceeded!
[bt_navigator-11] [WARN] [1789630363.698947605] [BehaviorTreeEngine]: Behavior Tree tick rate 100.00 was exceeded!
[bt_navigator-11] [WARN] [1789630363.753743506] [BehaviorTreeEngine]: Behavior Tree tick rate 100.00 was exceeded!
[bt_navigator-11] [WARN] [1789630363.934451027] [BehaviorTreeEngine]: Behavior Tree tick rate 100.00 was exceeded!
[bt_navigator-11] [WARN] [1789630363.969665860] [BehaviorTreeEngine]: Behavior Tree tick rate 100.00 was exceeded!
[bt_navigator-11] [WARN] [1789630364.015244024] [BehaviorTreeEngine]: Behavior Tree tick rate 100.00 was exceeded!
[bt_navigator-11] [WARN] [1789630364.097495029] [BehaviorTreeEngine]: Behavior Tree tick rate 100.00 was exceeded!
[bt_navigator-11] [WARN] [1789630364.114676873] [BehaviorTreeEngine]: Behavior Tree tick rate 100.00 was exceeded!
[bt_navigator-11] [WARN] [1789630364.189697479] [BehaviorTreeEngine]: Behavior Tree tick rate 100.00 was exceeded!
[bt_navigator-11] [WARN] [1789630364.311739359] [BehaviorTreeEngine]: Behavior Tree tick rate 100.00 was exceeded!
[bt_navigator-11] [WARN] [1789630364.363186886] [BehaviorTreeEngine]: Behavior Tree tick rate 100.00 was exceeded!
[controller_server-8] [WARN] [1789630364.379877455] [controller_server]: Control loop missed its desired rate of 10.0000Hz
[controller_server-8] [INFO] [1789630364.379959938] [controller_server]: Passing new path to controller.
[controller_server-8] [WARN] [1789630364.457238554] [controller_server]: Control loop missed its desired rate of 10.0000Hz
[bt_navigator-11] [WARN] [1789630364.470207907] [BehaviorTreeEngine]: Behavior Tree tick rate 100.00 was exceeded!
[controller_server-8] [WARN] [1789630364.558579417] [controller_server]: Control loop missed its desired rate of 10.0000Hz
[bt_navigator-11] [WARN] [1789630364.574015169] [BehaviorTreeEngine]: Behavior Tree tick rate 100.00 was exceeded!
[bt_navigator-11] [WARN] [1789630364.658338927] [BehaviorTreeEngine]: Behavior Tree tick rate 100.00 was exceeded!
[swerve_bridge_node-14] [WARN] [1789630364.697034136] [swerve_bridge]: Django websocket disconnected: [Errno 111] Connection refused
[bt_navigator-11] [WARN] [1789630364.777525584] [BehaviorTreeEngine]: Behavior Tree tick rate 100.00 was exceeded!
[bt_navigator-11] [WARN] [1789630364.860187422] [BehaviorTreeEngine]: Behavior Tree tick rate 100.00 was exceeded!
[bt_navigator-11] [WARN] [1789630365.215062374] [BehaviorTreeEngine]: Behavior Tree tick rate 100.00 was exceeded!
[bt_navigator-11] [WARN] [1789630365.229383061] [BehaviorTreeEngine]: Behavior Tree tick rate 100.00 was exceeded!
[bt_navigator-11] [WARN] [1789630365.238914296] [BehaviorTreeEngine]: Behavior Tree tick rate 100.00 was exceeded!
[bt_navigator-11] [WARN] [1789630365.243582650] [BehaviorTreeEngine]: Behavior Tree tick rate 100.00 was exceeded!
[bt_navigator-11] [WARN] [1789630365.250243164] [BehaviorTreeEngine]: Behavior Tree tick rate 100.00 was exceeded!
[bt_navigator-11] [WARN] [1789630365.395306681] [BehaviorTreeEngine]: Behavior Tree tick rate 100.00 was exceeded!
[controller_server-8] [INFO] [1789630365.457745895] [controller_server]: Passing new path to controller.
[bt_navigator-11] [WARN] [1789630365.600639559] [BehaviorTreeEngine]: Behavior Tree tick rate 100.00 was exceeded!
[bt_navigator-11] [WARN] [1789630365.632159929] [BehaviorTreeEngine]: Behavior Tree tick rate 100.00 was exceeded!
[bt_navigator-11] [WARN] [1789630365.819265338] [BehaviorTreeEngine]: Behavior Tree tick rate 100.00 was exceeded!
[bt_navigator-11] [WARN] [1789630365.870380930] [BehaviorTreeEngine]: Behavior Tree tick rate 100.00 was exceeded!
[bt_navigator-11] [WARN] [1789630365.913832325] [BehaviorTreeEngine]: Behavior Tree tick rate 100.00 was exceeded!
[bt_navigator-11] [WARN] [1789630366.005431441] [BehaviorTreeEngine]: Behavior Tree tick rate 100.00 was exceeded!
[bt_navigator-11] [WARN] [1789630366.016297953] [BehaviorTreeEngine]: Behavior Tree tick rate 100.00 was exceeded!
[bt_navigator-11] [WARN] [1789630366.019954990] [BehaviorTreeEngine]: Behavior Tree tick rate 100.00 was exceeded!
[bt_navigator-11] [WARN] [1789630366.170150210] [BehaviorTreeEngine]: Behavior Tree tick rate 100.00 was exceeded!
[bt_navigator-11] [WARN] [1789630366.374655034] [BehaviorTreeEngine]: Behavior Tree tick rate 100.00 was exceeded!
[bt_navigator-11] [WARN] [1789630366.389645518] [BehaviorTreeEngine]: Behavior Tree tick rate 100.00 was exceeded!
[bt_navigator-11] [WARN] [1789630366.420177024] [BehaviorTreeEngine]: Behavior Tree tick rate 100.00 was exceeded!
[controller_server-8] [INFO] [1789630366.456240404] [controller_server]: Passing new path to controller.
[controller_server-8] [INFO] [1789630366.458888953] [local_costmap.local_costmap]: Received request to clear entirely the local_costmap
[bt_navigator-11] [WARN] [1789630366.456950611] [BehaviorTreeEngine]: Behavior Tree tick rate 100.00 was exceeded!
[bt_navigator-11] [WARN] [1789630366.456998216] [bt_navigator_navigate_to_pose_rclcpp_node]: Timed out while waiting for action server to acknowledge goal request for follow_path
[bt_navigator-11] [WARN] [1789630366.466357022] [BehaviorTreeEngine]: Behavior Tree tick rate 100.00 was exceeded!
[bt_navigator-11] [WARN] [1789630366.474489529] [BehaviorTreeEngine]: Behavior Tree tick rate 100.00 was exceeded!
[bt_navigator-11] [WARN] [1789630366.480904924] [BehaviorTreeEngine]: Behavior Tree tick rate 100.00 was exceeded!
[bt_navigator-11] [WARN] [1789630366.565186097] [BehaviorTreeEngine]: Behavior Tree tick rate 100.00 was exceeded!
[controller_server-8] [INFO] [1789630366.568384567] [controller_server]: Passing new path to controller.
[swerve_bridge_node-14] [WARN] [1789630366.699766547] [swerve_bridge]: Django websocket disconnected: [Errno 111] Connection refused
[bt_navigator-11] [WARN] [1789630366.724598745] [BehaviorTreeEngine]: Behavior Tree tick rate 100.00 was exceeded!
[bt_navigator-11] [WARN] [1789630366.784522835] [BehaviorTreeEngine]: Behavior Tree tick rate 100.00 was exceeded!
[bt_navigator-11] [WARN] [1789630366.906933594] [BehaviorTreeEngine]: Behavior Tree tick rate 100.00 was exceeded!
[bt_navigator-11] [WARN] [1789630366.965463486] [BehaviorTreeEngine]: Behavior Tree tick rate 100.00 was exceeded!
[bt_navigator-11] [WARN] [1789630366.967476681] [BehaviorTreeEngine]: Behavior Tree tick rate 100.00 was exceeded!
[controller_server-8] [WARN] [1789630366.992377956] [controller_server]: Control loop missed its desired rate of 10.0000Hz
[bt_navigator-11] [WARN] [1789630367.059467120] [BehaviorTreeEngine]: Behavior Tree tick rate 100.00 was exceeded!
[controller_server-8] [WARN] [1789630367.070274709] [controller_server]: Control loop missed its desired rate of 10.0000Hz
[bt_navigator-11] [WARN] [1789630367.113098858] [BehaviorTreeEngine]: Behavior Tree tick rate 100.00 was exceeded!
[bt_navigator-11] [WARN] [1789630367.154675080] [BehaviorTreeEngine]: Behavior Tree tick rate 100.00 was exceeded!
[bt_navigator-11] [WARN] [1789630367.173079003] [BehaviorTreeEngine]: Behavior Tree tick rate 100.00 was exceeded!
[bt_navigator-11] [WARN] [1789630367.253802014] [BehaviorTreeEngine]: Behavior Tree tick rate 100.00 was exceeded!
[bt_navigator-11] [WARN] [1789630367.259897556] [BehaviorTreeEngine]: Behavior Tree tick rate 100.00 was exceeded!
[bt_navigator-11] [WARN] [1789630367.443886537] [BehaviorTreeEngine]: Behavior Tree tick rate 100.00 was exceeded!
[bt_navigator-11] [WARN] [1789630367.454105986] [BehaviorTreeEngine]: Behavior Tree tick rate 100.00 was exceeded!
[bt_navigator-11] [WARN] [1789630367.470085147] [BehaviorTreeEngine]: Behavior Tree tick rate 100.00 was exceeded!
[bt_navigator-11] [WARN] [1789630367.522447246] [BehaviorTreeEngine]: Behavior Tree tick rate 100.00 was exceeded!
[bt_navigator-11] [WARN] [1789630367.530540103] [BehaviorTreeEngine]: Behavior Tree tick rate 100.00 was exceeded!
[controller_server-8] [INFO] [1789630367.558399173] [controller_server]: Passing new path to controller.
[bt_navigator-11] [WARN] [1789630367.611272186] [BehaviorTreeEngine]: Behavior Tree tick rate 100.00 was exceeded!
[bt_navigator-11] [WARN] [1789630367.621795756] [BehaviorTreeEngine]: Behavior Tree tick rate 100.00 was exceeded!
[bt_navigator-11] [WARN] [1789630367.645188186] [BehaviorTreeEngine]: Behavior Tree tick rate 100.00 was exceeded!
[bt_navigator-11] [WARN] [1789630367.655567906] [BehaviorTreeEngine]: Behavior Tree tick rate 100.00 was exceeded!
[bt_navigator-11] [WARN] [1789630367.660104260] [BehaviorTreeEngine]: Behavior Tree tick rate 100.00 was exceeded!
[bt_navigator-11] [WARN] [1789630368.203776656] [BehaviorTreeEngine]: Behavior Tree tick rate 100.00 was exceeded!
[bt_navigator-11] [WARN] [1789630368.251210251] [BehaviorTreeEngine]: Behavior Tree tick rate 100.00 was exceeded!
[controller_server-8] [INFO] [1789630368.555545239] [controller_server]: Passing new path to controller.
[swerve_bridge_node-14] [WARN] [1789630368.718912972] [swerve_bridge]: Django websocket disconnected: [Errno 111] Connection refused
[bt_navigator-11] [WARN] [1789630368.772212316] [BehaviorTreeEngine]: Behavior Tree tick rate 100.00 was exceeded!
[bt_navigator-11] [WARN] [1789630368.911213899] [BehaviorTreeEngine]: Behavior Tree tick rate 100.00 was exceeded!
[bt_navigator-11] [WARN] [1789630369.054548893] [BehaviorTreeEngine]: Behavior Tree tick rate 100.00 was exceeded!
[bt_navigator-11] [WARN] [1789630369.109423400] [BehaviorTreeEngine]: Behavior Tree tick rate 100.00 was exceeded!
[bt_navigator-11] [WARN] [1789630369.176716923] [BehaviorTreeEngine]: Behavior Tree tick rate 100.00 was exceeded!
[bt_navigator-11] [WARN] [1789630369.187507166] [BehaviorTreeEngine]: Behavior Tree tick rate 100.00 was exceeded!
[bt_navigator-11] [WARN] [1789630369.195242048] [BehaviorTreeEngine]: Behavior Tree tick rate 100.00 was exceeded!
[bt_navigator-11] [WARN] [1789630369.208528767] [BehaviorTreeEngine]: Behavior Tree tick rate 100.00 was exceeded!
[bt_navigator-11] [WARN] [1789630369.213218904] [BehaviorTreeEngine]: Behavior Tree tick rate 100.00 was exceeded!
[bt_navigator-11] [WARN] [1789630369.234335615] [BehaviorTreeEngine]: Behavior Tree tick rate 100.00 was exceeded!
[bt_navigator-11] [WARN] [1789630369.393852172] [BehaviorTreeEngine]: Behavior Tree tick rate 100.00 was exceeded!
[bt_navigator-11] [WARN] [1789630369.517387631] [BehaviorTreeEngine]: Behavior Tree tick rate 100.00 was exceeded!
[bt_navigator-11] [WARN] [1789630369.524707043] [BehaviorTreeEngine]: Behavior Tree tick rate 100.00 was exceeded!
[bt_navigator-11] [WARN] [1789630369.535943541] [BehaviorTreeEngine]: Behavior Tree tick rate 100.00 was exceeded!
[bt_navigator-11] [WARN] [1789630369.545331662] [BehaviorTreeEngine]: Behavior Tree tick rate 100.00 was exceeded!
[bt_navigator-11] [WARN] [1789630369.557059011] [BehaviorTreeEngine]: Behavior Tree tick rate 100.00 was exceeded!
[controller_server-8] [INFO] [1789630369.560548165] [controller_server]: Passing new path to controller.
[bt_navigator-11] [WARN] [1789630369.564762716] [BehaviorTreeEngine]: Behavior Tree tick rate 100.00 was exceeded!
[bt_navigator-11] [WARN] [1789630369.713926413] [BehaviorTreeEngine]: Behavior Tree tick rate 100.00 was exceeded!
[bt_navigator-11] [WARN] [1789630369.735027610] [BehaviorTreeEngine]: Behavior Tree tick rate 100.00 was exceeded!
[bt_navigator-11] [WARN] [1789630369.818759805] [BehaviorTreeEngine]: Behavior Tree tick rate 100.00 was exceeded!
[bt_navigator-11] [WARN] [1789630369.872779706] [BehaviorTreeEngine]: Behavior Tree tick rate 100.00 was exceeded!
[bt_navigator-11] [WARN] [1789630369.948871001] [BehaviorTreeEngine]: Behavior Tree tick rate 100.00 was exceeded!
[bt_navigator-11] [WARN] [1789630370.470167520] [BehaviorTreeEngine]: Behavior Tree tick rate 100.00 was exceeded!
[bt_navigator-11] [WARN] [1789630370.490712640] [BehaviorTreeEngine]: Behavior Tree tick rate 100.00 was exceeded!
[bt_navigator-11] [WARN] [1789630370.523264869] [BehaviorTreeEngine]: Behavior Tree tick rate 100.00 was exceeded!
[bt_navigator-11] [WARN] [1789630370.544519861] [BehaviorTreeEngine]: Behavior Tree tick rate 100.00 was exceeded!
[controller_server-8] [INFO] [1789630370.559167244] [controller_server]: Passing new path to controller.
[bt_navigator-11] [WARN] [1789630370.674089951] [BehaviorTreeEngine]: Behavior Tree tick rate 100.00 was exceeded!
[swerve_bridge_node-14] [WARN] [1789630370.722194091] [swerve_bridge]: Django websocket disconnected: [Errno 111] Connection refused
[bt_navigator-11] [WARN] [1789630370.757189393] [BehaviorTreeEngine]: Behavior Tree tick rate 100.00 was exceeded!
[bt_navigator-11] [WARN] [1789630371.091022925] [BehaviorTreeEngine]: Behavior Tree tick rate 100.00 was exceeded!
[bt_navigator-11] [WARN] [1789630371.174340454] [BehaviorTreeEngine]: Behavior Tree tick rate 100.00 was exceeded!
[bt_navigator-11] [WARN] [1789630371.182044893] [BehaviorTreeEngine]: Behavior Tree tick rate 100.00 was exceeded!
[bt_navigator-11] [WARN] [1789630371.331290541] [BehaviorTreeEngine]: Behavior Tree tick rate 100.00 was exceeded!
[bt_navigator-11] [WARN] [1789630371.371273897] [BehaviorTreeEngine]: Behavior Tree tick rate 100.00 was exceeded!
[bt_navigator-11] [WARN] [1789630371.439815107] [BehaviorTreeEngine]: Behavior Tree tick rate 100.00 was exceeded!
[bt_navigator-11] [WARN] [1789630371.481438163] [BehaviorTreeEngine]: Behavior Tree tick rate 100.00 was exceeded!
[bt_navigator-11] [WARN] [1789630371.490125821] [BehaviorTreeEngine]: Behavior Tree tick rate 100.00 was exceeded!
[bt_navigator-11] [WARN] [1789630371.525534741] [BehaviorTreeEngine]: Behavior Tree tick rate 100.00 was exceeded!
[bt_navigator-11] [WARN] [1789630371.531315460] [BehaviorTreeEngine]: Behavior Tree tick rate 100.00 was exceeded!
[bt_navigator-11] [WARN] [1789630371.551276983] [BehaviorTreeEngine]: Behavior Tree tick rate 100.00 was exceeded!
[bt_navigator-11] [WARN] [1789630371.590008993] [BehaviorTreeEngine]: Behavior Tree tick rate 100.00 was exceeded!
[bt_navigator-11] [WARN] [1789630371.649923579] [BehaviorTreeEngine]: Behavior Tree tick rate 100.00 was exceeded!
[controller_server-8] [INFO] [1789630371.655564777] [controller_server]: Passing new path to controller.
[bt_navigator-11] [WARN] [1789630372.046193532] [BehaviorTreeEngine]: Behavior Tree tick rate 100.00 was exceeded!
[bt_navigator-11] [WARN] [1789630372.049977817] [BehaviorTreeEngine]: Behavior Tree tick rate 100.00 was exceeded!
[bt_navigator-11] [WARN] [1789630372.068641669] [BehaviorTreeEngine]: Behavior Tree tick rate 100.00 was exceeded!
[bt_navigator-11] [WARN] [1789630372.074473978] [BehaviorTreeEngine]: Behavior Tree tick rate 100.00 was exceeded!
[bt_navigator-11] [WARN] [1789630372.083742969] [BehaviorTreeEngine]: Behavior Tree tick rate 100.00 was exceeded!
[bt_navigator-11] [WARN] [1789630372.126745482] [BehaviorTreeEngine]: Behavior Tree tick rate 100.00 was exceeded!
[bt_navigator-11] [WARN] [1789630372.133296463] [BehaviorTreeEngine]: Behavior Tree tick rate 100.00 was exceeded!
[bt_navigator-11] [WARN] [1789630372.179963552] [BehaviorTreeEngine]: Behavior Tree tick rate 100.00 was exceeded!
[bt_navigator-11] [WARN] [1789630372.217648145] [BehaviorTreeEngine]: Behavior Tree tick rate 100.00 was exceeded!
[bt_navigator-11] [WARN] [1789630372.226068290] [BehaviorTreeEngine]: Behavior Tree tick rate 100.00 was exceeded!
[bt_navigator-11] [WARN] [1789630372.280073863] [BehaviorTreeEngine]: Behavior Tree tick rate 100.00 was exceeded!
[bt_navigator-11] [WARN] [1789630372.448921066] [BehaviorTreeEngine]: Behavior Tree tick rate 100.00 was exceeded!
[bt_navigator-11] [WARN] [1789630372.479056806] [BehaviorTreeEngine]: Behavior Tree tick rate 100.00 was exceeded!
[bt_navigator-11] [WARN] [1789630372.487836816] [BehaviorTreeEngine]: Behavior Tree tick rate 100.00 was exceeded!
[bt_navigator-11] [WARN] [1789630372.490126560] [BehaviorTreeEngine]: Behavior Tree tick rate 100.00 was exceeded!
[bt_navigator-11] [WARN] [1789630372.593720449] [BehaviorTreeEngine]: Behavior Tree tick rate 100.00 was exceeded!
[bt_navigator-11] [WARN] [1789630372.624026485] [BehaviorTreeEngine]: Behavior Tree tick rate 100.00 was exceeded!
[controller_server-8] [INFO] [1789630372.655812402] [controller_server]: Passing new path to controller.
[bt_navigator-11] [WARN] [1789630372.723851426] [BehaviorTreeEngine]: Behavior Tree tick rate 100.00 was exceeded!
[swerve_bridge_node-14] [WARN] [1789630372.726956271] [swerve_bridge]: Django websocket disconnected: [Errno 111] Connection refused
[bt_navigator-11] [WARN] [1789630372.756151820] [BehaviorTreeEngine]: Behavior Tree tick rate 100.00 was exceeded!
[bt_navigator-11] [WARN] [1789630372.808832320] [BehaviorTreeEngine]: Behavior Tree tick rate 100.00 was exceeded!
[bt_navigator-11] [WARN] [1789630373.150046665] [BehaviorTreeEngine]: Behavior Tree tick rate 100.00 was exceeded!
[bt_navigator-11] [WARN] [1789630373.472459498] [BehaviorTreeEngine]: Behavior Tree tick rate 100.00 was exceeded!
[bt_navigator-11] [WARN] [1789630373.481163206] [BehaviorTreeEngine]: Behavior Tree tick rate 100.00 was exceeded!
[bt_navigator-11] [WARN] [1789630373.523682936] [BehaviorTreeEngine]: Behavior Tree tick rate 100.00 was exceeded!
[bt_navigator-11] [WARN] [1789630373.630473540] [BehaviorTreeEngine]: Behavior Tree tick rate 100.00 was exceeded!
[bt_navigator-11] [WARN] [1789630373.648447383] [BehaviorTreeEngine]: Behavior Tree tick rate 100.00 was exceeded!
[bt_navigator-11] [WARN] [1789630373.653325606] [BehaviorTreeEngine]: Behavior Tree tick rate 100.00 was exceeded!
[controller_server-8] [INFO] [1789630373.655316545] [controller_server]: Passing new path to controller.
[bt_navigator-11] [WARN] [1789630373.793572689] [BehaviorTreeEngine]: Behavior Tree tick rate 100.00 was exceeded!
[bt_navigator-11] [WARN] [1789630373.847104793] [BehaviorTreeEngine]: Behavior Tree tick rate 100.00 was exceeded!
[bt_navigator-11] [WARN] [1789630373.853580882] [BehaviorTreeEngine]: Behavior Tree tick rate 100.00 was exceeded!
[bt_navigator-11] [WARN] [1789630373.863739344] [BehaviorTreeEngine]: Behavior Tree tick rate 100.00 was exceeded!
[bt_navigator-11] [WARN] [1789630373.872776759] [BehaviorTreeEngine]: Behavior Tree tick rate 100.00 was exceeded!
[bt_navigator-11] [WARN] [1789630373.911233556] [BehaviorTreeEngine]: Behavior Tree tick rate 100.00 was exceeded!
[bt_navigator-11] [WARN] [1789630373.933214408] [BehaviorTreeEngine]: Behavior Tree tick rate 100.00 was exceeded!
[bt_navigator-11] [WARN] [1789630374.152480942] [BehaviorTreeEngine]: Behavior Tree tick rate 100.00 was exceeded!
[bt_navigator-11] [WARN] [1789630374.171698721] [BehaviorTreeEngine]: Behavior Tree tick rate 100.00 was exceeded!
[bt_navigator-11] [WARN] [1789630374.185881851] [BehaviorTreeEngine]: Behavior Tree tick rate 100.00 was exceeded!
[bt_navigator-11] [WARN] [1789630374.197814010] [BehaviorTreeEngine]: Behavior Tree tick rate 100.00 was exceeded!
[bt_navigator-11] [WARN] [1789630374.200637376] [BehaviorTreeEngine]: Behavior Tree tick rate 100.00 was exceeded!
[bt_navigator-11] [WARN] [1789630374.221328960] [BehaviorTreeEngine]: Behavior Tree tick rate 100.00 was exceeded!
[bt_navigator-11] [WARN] [1789630374.251446515] [BehaviorTreeEngine]: Behavior Tree tick rate 100.00 was exceeded!
[bt_navigator-11] [WARN] [1789630374.372383077] [BehaviorTreeEngine]: Behavior Tree tick rate 100.00 was exceeded!
[bt_navigator-11] [WARN] [1789630374.385331314] [BehaviorTreeEngine]: Behavior Tree tick rate 100.00 was exceeded!
[bt_navigator-11] [WARN] [1789630374.535372361] [BehaviorTreeEngine]: Behavior Tree tick rate 100.00 was exceeded!
[bt_navigator-11] [WARN] [1789630374.666061241] [BehaviorTreeEngine]: Behavior Tree tick rate 100.00 was exceeded!
[swerve_bridge_node-14] [WARN] [1789630374.728579240] [swerve_bridge]: Django websocket disconnected: [Errno 111] Connection refused
[controller_server-8] [INFO] [1789630374.755393954] [controller_server]: Passing new path to controller.
[bt_navigator-11] [WARN] [1789630374.816750467] [BehaviorTreeEngine]: Behavior Tree tick rate 100.00 was exceeded!
[bt_navigator-11] [WARN] [1789630374.838601287] [BehaviorTreeEngine]: Behavior Tree tick rate 100.00 was exceeded!
[bt_navigator-11] [WARN] [1789630374.845933449] [BehaviorTreeEngine]: Behavior Tree tick rate 100.00 was exceeded!
[bt_navigator-11] [WARN] [1789630374.888665602] [BehaviorTreeEngine]: Behavior Tree tick rate 100.00 was exceeded!
[bt_navigator-11] [WARN] [1789630374.977898012] [BehaviorTreeEngine]: Behavior Tree tick rate 100.00 was exceeded!
[bt_navigator-11] [WARN] [1789630374.988233222] [BehaviorTreeEngine]: Behavior Tree tick rate 100.00 was exceeded!
[bt_navigator-11] [WARN] [1789630374.995449841] [BehaviorTreeEngine]: Behavior Tree tick rate 100.00 was exceeded!
[bt_navigator-11] [WARN] [1789630375.046102450] [BehaviorTreeEngine]: Behavior Tree tick rate 100.00 was exceeded!
[bt_navigator-11] [WARN] [1789630375.171029290] [BehaviorTreeEngine]: Behavior Tree tick rate 100.00 was exceeded!
[bt_navigator-11] [WARN] [1789630375.185331272] [BehaviorTreeEngine]: Behavior Tree tick rate 100.00 was exceeded!
[bt_navigator-11] [WARN] [1789630375.195246255] [BehaviorTreeEngine]: Behavior Tree tick rate 100.00 was exceeded!
[bt_navigator-11] [WARN] [1789630375.200941251] [BehaviorTreeEngine]: Behavior Tree tick rate 100.00 was exceeded!
[bt_navigator-11] [WARN] [1789630375.608087523] [BehaviorTreeEngine]: Behavior Tree tick rate 100.00 was exceeded!
[bt_navigator-11] [WARN] [1789630375.635490239] [BehaviorTreeEngine]: Behavior Tree tick rate 100.00 was exceeded!
[bt_navigator-11] [WARN] [1789630375.705798000] [BehaviorTreeEngine]: Behavior Tree tick rate 100.00 was exceeded!
[bt_navigator-11] [WARN] [1789630375.731288052] [BehaviorTreeEngine]: Behavior Tree tick rate 100.00 was exceeded!
[bt_navigator-11] [WARN] [1789630375.736714574] [BehaviorTreeEngine]: Behavior Tree tick rate 100.00 was exceeded!
[controller_server-8] [INFO] [1789630375.756295547] [controller_server]: Passing new path to controller.
[bt_navigator-11] [WARN] [1789630375.877590032] [BehaviorTreeEngine]: Behavior Tree tick rate 100.00 was exceeded!
[bt_navigator-11] [WARN] [1789630376.178148843] [BehaviorTreeEngine]: Behavior Tree tick rate 100.00 was exceeded!
[bt_navigator-11] [WARN] [1789630376.252703398] [BehaviorTreeEngine]: Behavior Tree tick rate 100.00 was exceeded!
[bt_navigator-11] [WARN] [1789630376.266657515] [BehaviorTreeEngine]: Behavior Tree tick rate 100.00 was exceeded!
[bt_navigator-11] [WARN] [1789630376.388985367] [BehaviorTreeEngine]: Behavior Tree tick rate 100.00 was exceeded!
[bt_navigator-11] [WARN] [1789630376.395625284] [BehaviorTreeEngine]: Behavior Tree tick rate 100.00 was exceeded!
[bt_navigator-11] [WARN] [1789630376.477529573] [BehaviorTreeEngine]: Behavior Tree tick rate 100.00 was exceeded!
[bt_navigator-11] [WARN] [1789630376.506937758] [BehaviorTreeEngine]: Behavior Tree tick rate 100.00 was exceeded!
[bt_navigator-11] [WARN] [1789630376.530350148] [BehaviorTreeEngine]: Behavior Tree tick rate 100.00 was exceeded!
[bt_navigator-11] [WARN] [1789630376.622305685] [BehaviorTreeEngine]: Behavior Tree tick rate 100.00 was exceeded!
[bt_navigator-11] [WARN] [1789630376.653482623] [BehaviorTreeEngine]: Behavior Tree tick rate 100.00 was exceeded!
[swerve_bridge_node-14] [WARN] [1789630376.733181557] [swerve_bridge]: Django websocket disconnected: [Errno 111] Connection refused
[bt_navigator-11] [WARN] [1789630376.736487137] [BehaviorTreeEngine]: Behavior Tree tick rate 100.00 was exceeded!
[controller_server-8] [INFO] [1789630376.755409815] [controller_server]: Passing new path to controller.
[bt_navigator-11] [WARN] [1789630377.280853607] [BehaviorTreeEngine]: Behavior Tree tick rate 100.00 was exceeded!
[bt_navigator-11] [WARN] [1789630377.296337463] [BehaviorTreeEngine]: Behavior Tree tick rate 100.00 was exceeded!
[bt_navigator-11] [WARN] [1789630377.320990107] [BehaviorTreeEngine]: Behavior Tree tick rate 100.00 was exceeded!
[bt_navigator-11] [WARN] [1789630377.341953573] [BehaviorTreeEngine]: Behavior Tree tick rate 100.00 was exceeded!
[controller_server-8] [WARN] [1789630377.361053515] [controller_server]: Control loop missed its desired rate of 10.0000Hz
[bt_navigator-11] [WARN] [1789630377.508097023] [BehaviorTreeEngine]: Behavior Tree tick rate 100.00 was exceeded!
[bt_navigator-11] [WARN] [1789630377.611671891] [BehaviorTreeEngine]: Behavior Tree tick rate 100.00 was exceeded!
[bt_navigator-11] [WARN] [1789630377.637325688] [BehaviorTreeEngine]: Behavior Tree tick rate 100.00 was exceeded!
[controller_server-8] [INFO] [1789630377.855426870] [controller_server]: Passing new path to controller.
[bt_navigator-11] [WARN] [1789630377.946929062] [BehaviorTreeEngine]: Behavior Tree tick rate 100.00 was exceeded!
[bt_navigator-11] [WARN] [1789630378.291133413] [BehaviorTreeEngine]: Behavior Tree tick rate 100.00 was exceeded!
[bt_navigator-11] [WARN] [1789630378.322103381] [BehaviorTreeEngine]: Behavior Tree tick rate 100.00 was exceeded!
[bt_navigator-11] [WARN] [1789630378.367488281] [BehaviorTreeEngine]: Behavior Tree tick rate 100.00 was exceeded!
[bt_navigator-11] [WARN] [1789630378.478217506] [BehaviorTreeEngine]: Behavior Tree tick rate 100.00 was exceeded!
[swerve_bridge_node-14] [WARN] [1789630378.735484900] [swerve_bridge]: Django websocket disconnected: [Errno 111] Connection refused
[controller_server-8] [INFO] [1789630378.856906395] [controller_server]: Passing new path to controller.
[bt_navigator-11] [WARN] [1789630378.948415271] [BehaviorTreeEngine]: Behavior Tree tick rate 100.00 was exceeded!
[bt_navigator-11] [WARN] [1789630379.321649924] [BehaviorTreeEngine]: Behavior Tree tick rate 100.00 was exceeded!
[bt_navigator-11] [WARN] [1789630379.339904788] [BehaviorTreeEngine]: Behavior Tree tick rate 100.00 was exceeded!
[controller_server-8] [WARN] [1789630379.357968596] [controller_server]: Control loop missed its desired rate of 10.0000Hz
[bt_navigator-11] [WARN] [1789630379.484183678] [BehaviorTreeEngine]: Behavior Tree tick rate 100.00 was exceeded!
[bt_navigator-11] [WARN] [1789630379.572692950] [BehaviorTreeEngine]: Behavior Tree tick rate 100.00 was exceeded!
[controller_server-8] [INFO] [1789630379.856115561] [controller_server]: Passing new path to controller.
[bt_navigator-11] [WARN] [1789630379.900939741] [BehaviorTreeEngine]: Behavior Tree tick rate 100.00 was exceeded!
[bt_navigator-11] [WARN] [1789630380.006108136] [BehaviorTreeEngine]: Behavior Tree tick rate 100.00 was exceeded!
[bt_navigator-11] [WARN] [1789630380.167148118] [BehaviorTreeEngine]: Behavior Tree tick rate 100.00 was exceeded!
[bt_navigator-11] [WARN] [1789630380.338342086] [BehaviorTreeEngine]: Behavior Tree tick rate 100.00 was exceeded!
[bt_navigator-11] [WARN] [1789630380.379537293] [BehaviorTreeEngine]: Behavior Tree tick rate 100.00 was exceeded!
[bt_navigator-11] [WARN] [1789630380.718687722] [BehaviorTreeEngine]: Behavior Tree tick rate 100.00 was exceeded!
[swerve_bridge_node-14] [WARN] [1789630380.759795209] [swerve_bridge]: Django websocket disconnected: [Errno 111] Connection refused
[bt_navigator-11] [WARN] [1789630380.767605956] [BehaviorTreeEngine]: Behavior Tree tick rate 100.00 was exceeded!
[bt_navigator-11] [WARN] [1789630380.839745381] [BehaviorTreeEngine]: Behavior Tree tick rate 100.00 was exceeded!
[bt_navigator-11] [WARN] [1789630380.839809422] [bt_navigator_navigate_to_pose_rclcpp_node]: Timed out while waiting for action server to acknowledge goal request for compute_path_to_pose
[planner_server-9] [INFO] [1789630380.846648745] [global_costmap.global_costmap]: Received request to clear entirely the global_costmap
[bt_navigator-11] [WARN] [1789630380.910855459] [BehaviorTreeEngine]: Behavior Tree tick rate 100.00 was exceeded!
[bt_navigator-11] [WARN] [1789630381.009705223] [BehaviorTreeEngine]: Behavior Tree tick rate 100.00 was exceeded!
[bt_navigator-11] [WARN] [1789630381.081982276] [BehaviorTreeEngine]: Behavior Tree tick rate 100.00 was exceeded!
[bt_navigator-11] [WARN] [1789630381.314305666] [BehaviorTreeEngine]: Behavior Tree tick rate 100.00 was exceeded!
[controller_server-8] [WARN] [1789630381.380542667] [controller_server]: Control loop missed its desired rate of 10.0000Hz
[bt_navigator-11] [WARN] [1789630381.387970101] [BehaviorTreeEngine]: Behavior Tree tick rate 100.00 was exceeded!
[bt_navigator-11] [WARN] [1789630381.432994163] [BehaviorTreeEngine]: Behavior Tree tick rate 100.00 was exceeded!
[bt_navigator-11] [WARN] [1789630381.463460467] [BehaviorTreeEngine]: Behavior Tree tick rate 100.00 was exceeded!
[controller_server-8] [WARN] [1789630381.468466282] [controller_server]: Control loop missed its desired rate of 10.0000Hz
[controller_server-8] [INFO] [1789630381.468525102] [controller_server]: Passing new path to controller.
[bt_navigator-11] [WARN] [1789630381.469133211] [BehaviorTreeEngine]: Behavior Tree tick rate 100.00 was exceeded!
[bt_navigator-11] [WARN] [1789630381.478402087] [BehaviorTreeEngine]: Behavior Tree tick rate 100.00 was exceeded!
[bt_navigator-11] [WARN] [1789630381.492261642] [BehaviorTreeEngine]: Behavior Tree tick rate 100.00 was exceeded!
[bt_navigator-11] [WARN] [1789630381.519306739] [BehaviorTreeEngine]: Behavior Tree tick rate 100.00 was exceeded!
[bt_navigator-11] [WARN] [1789630381.530282419] [BehaviorTreeEngine]: Behavior Tree tick rate 100.00 was exceeded!
[bt_navigator-11] [WARN] [1789630381.549650935] [BehaviorTreeEngine]: Behavior Tree tick rate 100.00 was exceeded!
[bt_navigator-11] [WARN] [1789630381.620422663] [BehaviorTreeEngine]: Behavior Tree tick rate 100.00 was exceeded!
[bt_navigator-11] [WARN] [1789630381.783842680] [BehaviorTreeEngine]: Behavior Tree tick rate 100.00 was exceeded!
[bt_navigator-11] [WARN] [1789630381.791643552] [BehaviorTreeEngine]: Behavior Tree tick rate 100.00 was exceeded!
[bt_navigator-11] [WARN] [1789630381.846412159] [BehaviorTreeEngine]: Behavior Tree tick rate 100.00 was exceeded!
[bt_navigator-11] [WARN] [1789630381.855595202] [BehaviorTreeEngine]: Behavior Tree tick rate 100.00 was exceeded!
[bt_navigator-11] [WARN] [1789630381.884199398] [BehaviorTreeEngine]: Behavior Tree tick rate 100.00 was exceeded!
[bt_navigator-11] [WARN] [1789630381.913579485] [BehaviorTreeEngine]: Behavior Tree tick rate 100.00 was exceeded!
[bt_navigator-11] [WARN] [1789630381.935308347] [BehaviorTreeEngine]: Behavior Tree tick rate 100.00 was exceeded!
[bt_navigator-11] [WARN] [1789630381.954771417] [BehaviorTreeEngine]: Behavior Tree tick rate 100.00 was exceeded!
[controller_server-8] [WARN] [1789630381.975125060] [controller_server]: Control loop missed its desired rate of 10.0000Hz
[bt_navigator-11] [WARN] [1789630382.025058336] [BehaviorTreeEngine]: Behavior Tree tick rate 100.00 was exceeded!
[bt_navigator-11] [WARN] [1789630382.069323630] [BehaviorTreeEngine]: Behavior Tree tick rate 100.00 was exceeded!
[bt_navigator-11] [WARN] [1789630382.125292805] [BehaviorTreeEngine]: Behavior Tree tick rate 100.00 was exceeded!
[bt_navigator-11] [WARN] [1789630382.145108925] [BehaviorTreeEngine]: Behavior Tree tick rate 100.00 was exceeded!
[bt_navigator-11] [WARN] [1789630382.197063602] [BehaviorTreeEngine]: Behavior Tree tick rate 100.00 was exceeded!
[bt_navigator-11] [WARN] [1789630382.227969061] [BehaviorTreeEngine]: Behavior Tree tick rate 100.00 was exceeded!
[controller_server-8] [WARN] [1789630382.263161523] [controller_server]: Control loop missed its desired rate of 10.0000Hz
[bt_navigator-11] [WARN] [1789630382.327410123] [BehaviorTreeEngine]: Behavior Tree tick rate 100.00 was exceeded!
[bt_navigator-11] [WARN] [1789630382.375313958] [BehaviorTreeEngine]: Behavior Tree tick rate 100.00 was exceeded!
[bt_navigator-11] [WARN] [1789630382.384455907] [BehaviorTreeEngine]: Behavior Tree tick rate 100.00 was exceeded!
[bt_navigator-11] [WARN] [1789630382.389731923] [BehaviorTreeEngine]: Behavior Tree tick rate 100.00 was exceeded!
[controller_server-8] [WARN] [1789630382.452723890] [controller_server]: Control loop missed its desired rate of 10.0000Hz
[bt_navigator-11] [WARN] [1789630382.476465452] [BehaviorTreeEngine]: Behavior Tree tick rate 100.00 was exceeded!
[bt_navigator-11] [WARN] [1789630382.516357510] [BehaviorTreeEngine]: Behavior Tree tick rate 100.00 was exceeded!
[bt_navigator-11] [WARN] [1789630382.536315730] [BehaviorTreeEngine]: Behavior Tree tick rate 100.00 was exceeded!
[bt_navigator-11] [WARN] [1789630382.567066194] [BehaviorTreeEngine]: Behavior Tree tick rate 100.00 was exceeded!
[bt_navigator-11] [WARN] [1789630382.588268827] [BehaviorTreeEngine]: Behavior Tree tick rate 100.00 was exceeded!
[controller_server-8] [WARN] [1789630382.593563121] [controller_server]: Control loop missed its desired rate of 10.0000Hz
[controller_server-8] [INFO] [1789630382.593699784] [controller_server]: Passing new path to controller.
[bt_navigator-11] [WARN] [1789630382.689448978] [BehaviorTreeEngine]: Behavior Tree tick rate 100.00 was exceeded!
[swerve_bridge_node-14] [WARN] [1789630382.773306066] [swerve_bridge]: Django websocket disconnected: [Errno 111] Connection refused
[bt_navigator-11] [WARN] [1789630382.801949513] [BehaviorTreeEngine]: Behavior Tree tick rate 100.00 was exceeded!
[bt_navigator-11] [WARN] [1789630382.879010445] [BehaviorTreeEngine]: Behavior Tree tick rate 100.00 was exceeded!
[bt_navigator-11] [WARN] [1789630382.900406596] [BehaviorTreeEngine]: Behavior Tree tick rate 100.00 was exceeded!
[bt_navigator-11] [WARN] [1789630382.911881879] [BehaviorTreeEngine]: Behavior Tree tick rate 100.00 was exceeded!
[controller_server-8] [WARN] [1789630382.920603731] [controller_server]: Control loop missed its desired rate of 10.0000Hz
[bt_navigator-11] [WARN] [1789630382.930446216] [BehaviorTreeEngine]: Behavior Tree tick rate 100.00 was exceeded!
[bt_navigator-11] [WARN] [1789630383.008719862] [BehaviorTreeEngine]: Behavior Tree tick rate 100.00 was exceeded!
[bt_navigator-11] [WARN] [1789630383.042572936] [BehaviorTreeEngine]: Behavior Tree tick rate 100.00 was exceeded!
[bt_navigator-11] [WARN] [1789630383.068951690] [BehaviorTreeEngine]: Behavior Tree tick rate 100.00 was exceeded!
[controller_server-8] [WARN] [1789630383.074332301] [controller_server]: Control loop missed its desired rate of 10.0000Hz
[bt_navigator-11] [WARN] [1789630383.109554163] [BehaviorTreeEngine]: Behavior Tree tick rate 100.00 was exceeded!
[bt_navigator-11] [WARN] [1789630383.144880537] [BehaviorTreeEngine]: Behavior Tree tick rate 100.00 was exceeded!
[bt_navigator-11] [WARN] [1789630383.149094545] [BehaviorTreeEngine]: Behavior Tree tick rate 100.00 was exceeded!
[controller_server-8] [WARN] [1789630383.159673133] [controller_server]: Control loop missed its desired rate of 10.0000Hz
[bt_navigator-11] [WARN] [1789630383.219405520] [BehaviorTreeEngine]: Behavior Tree tick rate 100.00 was exceeded!
[bt_navigator-11] [WARN] [1789630383.243808445] [BehaviorTreeEngine]: Behavior Tree tick rate 100.00 was exceeded!
[controller_server-8] [WARN] [1789630383.269594421] [controller_server]: Control loop missed its desired rate of 10.0000Hz
[bt_navigator-11] [WARN] [1789630383.285928296] [BehaviorTreeEngine]: Behavior Tree tick rate 100.00 was exceeded!
[bt_navigator-11] [WARN] [1789630383.306180771] [BehaviorTreeEngine]: Behavior Tree tick rate 100.00 was exceeded!
[bt_navigator-11] [WARN] [1789630383.318245180] [BehaviorTreeEngine]: Behavior Tree tick rate 100.00 was exceeded!
[bt_navigator-11] [WARN] [1789630383.325737827] [BehaviorTreeEngine]: Behavior Tree tick rate 100.00 was exceeded!
[controller_server-8] [WARN] [1789630383.340969867] [controller_server]: Control loop missed its desired rate of 10.0000Hz
[bt_navigator-11] [WARN] [1789630383.353501484] [BehaviorTreeEngine]: Behavior Tree tick rate 100.00 was exceeded!
[bt_navigator-11] [WARN] [1789630383.353825650] [BehaviorTreeEngine]: Behavior Tree tick rate 100.00 was exceeded!
[bt_navigator-11] [WARN] [1789630383.409623977] [BehaviorTreeEngine]: Behavior Tree tick rate 100.00 was exceeded!
[controller_server-8] [WARN] [1789630383.413557254] [controller_server]: Control loop missed its desired rate of 10.0000Hz
[bt_navigator-11] [WARN] [1789630383.413919115] [BehaviorTreeEngine]: Behavior Tree tick rate 100.00 was exceeded!
[bt_navigator-11] [WARN] [1789630383.439871412] [BehaviorTreeEngine]: Behavior Tree tick rate 100.00 was exceeded!
[bt_navigator-11] [WARN] [1789630383.469604316] [BehaviorTreeEngine]: Behavior Tree tick rate 100.00 was exceeded!
[bt_navigator-11] [WARN] [1789630383.489558098] [BehaviorTreeEngine]: Behavior Tree tick rate 100.00 was exceeded!
[bt_navigator-11] [WARN] [1789630383.527916439] [BehaviorTreeEngine]: Behavior Tree tick rate 100.00 was exceeded!
[bt_navigator-11] [WARN] [1789630383.625605011] [BehaviorTreeEngine]: Behavior Tree tick rate 100.00 was exceeded!
[bt_navigator-11] [WARN] [1789630383.727641001] [BehaviorTreeEngine]: Behavior Tree tick rate 100.00 was exceeded!
[controller_server-8] [WARN] [1789630383.801131939] [controller_server]: Control loop missed its desired rate of 10.0000Hz
[bt_navigator-11] [WARN] [1789630383.807072290] [BehaviorTreeEngine]: Behavior Tree tick rate 100.00 was exceeded!
[bt_navigator-11] [WARN] [1789630383.856101057] [BehaviorTreeEngine]: Behavior Tree tick rate 100.00 was exceeded!
[bt_navigator-11] [WARN] [1789630384.074084834] [BehaviorTreeEngine]: Behavior Tree tick rate 100.00 was exceeded!
[controller_server-8] [WARN] [1789630384.088753239] [controller_server]: Control loop missed its desired rate of 10.0000Hz
[bt_navigator-11] [WARN] [1789630384.129272895] [BehaviorTreeEngine]: Behavior Tree tick rate 100.00 was exceeded!
[bt_navigator-11] [WARN] [1789630384.145440122] [BehaviorTreeEngine]: Behavior Tree tick rate 100.00 was exceeded!
[controller_server-8] [WARN] [1789630384.201912974] [controller_server]: Control loop missed its desired rate of 10.0000Hz
[bt_navigator-11] [WARN] [1789630384.204216092] [BehaviorTreeEngine]: Behavior Tree tick rate 100.00 was exceeded!
[bt_navigator-11] [WARN] [1789630384.270719120] [BehaviorTreeEngine]: Behavior Tree tick rate 100.00 was exceeded!
[bt_navigator-11] [WARN] [1789630384.277748354] [BehaviorTreeEngine]: Behavior Tree tick rate 100.00 was exceeded!
[bt_navigator-11] [WARN] [1789630384.294629316] [BehaviorTreeEngine]: Behavior Tree tick rate 100.00 was exceeded!
[bt_navigator-11] [WARN] [1789630384.321889835] [BehaviorTreeEngine]: Behavior Tree tick rate 100.00 was exceeded!
[bt_navigator-11] [WARN] [1789630384.374524765] [BehaviorTreeEngine]: Behavior Tree tick rate 100.00 was exceeded!
[bt_navigator-11] [WARN] [1789630384.433725765] [BehaviorTreeEngine]: Behavior Tree tick rate 100.00 was exceeded!
[bt_navigator-11] [WARN] [1789630384.541728402] [BehaviorTreeEngine]: Behavior Tree tick rate 100.00 was exceeded!
[bt_navigator-11] [WARN] [1789630384.554288248] [BehaviorTreeEngine]: Behavior Tree tick rate 100.00 was exceeded!
[bt_navigator-11] [WARN] [1789630384.578842805] [BehaviorTreeEngine]: Behavior Tree tick rate 100.00 was exceeded!
[controller_server-8] [INFO] [1789630384.602090063] [controller_server]: Passing new path to controller.
[bt_navigator-11] [WARN] [1789630384.643924220] [BehaviorTreeEngine]: Behavior Tree tick rate 100.00 was exceeded!
[bt_navigator-11] [WARN] [1789630384.738146055] [BehaviorTreeEngine]: Behavior Tree tick rate 100.00 was exceeded!
[controller_server-8] [WARN] [1789630384.751438030] [controller_server]: Control loop missed its desired rate of 10.0000Hz
[swerve_bridge_node-14] [WARN] [1789630384.784769357] [swerve_bridge]: Django websocket disconnected: [Errno 111] Connection refused
[controller_server-8] [WARN] [1789630384.812606729] [controller_server]: Control loop missed its desired rate of 10.0000Hz
[bt_navigator-11] [WARN] [1789630385.164075250] [BehaviorTreeEngine]: Behavior Tree tick rate 100.00 was exceeded!
[bt_navigator-11] [WARN] [1789630385.175054995] [BehaviorTreeEngine]: Behavior Tree tick rate 100.00 was exceeded!
[bt_navigator-11] [WARN] [1789630385.188564324] [BehaviorTreeEngine]: Behavior Tree tick rate 100.00 was exceeded!
[bt_navigator-11] [WARN] [1789630385.279187209] [BehaviorTreeEngine]: Behavior Tree tick rate 100.00 was exceeded!
[bt_navigator-11] [WARN] [1789630385.327621805] [BehaviorTreeEngine]: Behavior Tree tick rate 100.00 was exceeded!
[bt_navigator-11] [WARN] [1789630385.335867389] [BehaviorTreeEngine]: Behavior Tree tick rate 100.00 was exceeded!
[bt_navigator-11] [WARN] [1789630385.374139802] [BehaviorTreeEngine]: Behavior Tree tick rate 100.00 was exceeded!
[bt_navigator-11] [WARN] [1789630385.381058304] [BehaviorTreeEngine]: Behavior Tree tick rate 100.00 was exceeded!
[bt_navigator-11] [WARN] [1789630385.508814908] [BehaviorTreeEngine]: Behavior Tree tick rate 100.00 was exceeded!
[bt_navigator-11] [WARN] [1789630385.563909282] [BehaviorTreeEngine]: Behavior Tree tick rate 100.00 was exceeded!
[controller_server-8] [WARN] [1789630385.593168143] [controller_server]: Control loop missed its desired rate of 10.0000Hz
[bt_navigator-11] [WARN] [1789630385.604684091] [BehaviorTreeEngine]: Behavior Tree tick rate 100.00 was exceeded!
[bt_navigator-11] [WARN] [1789630385.628644829] [BehaviorTreeEngine]: Behavior Tree tick rate 100.00 was exceeded!
[bt_navigator-11] [WARN] [1789630385.647625115] [BehaviorTreeEngine]: Behavior Tree tick rate 100.00 was exceeded!
[controller_server-8] [WARN] [1789630385.754267994] [controller_server]: Control loop missed its desired rate of 10.0000Hz
[controller_server-8] [INFO] [1789630385.754344839] [controller_server]: Passing new path to controller.
[bt_navigator-11] [WARN] [1789630385.769244705] [BehaviorTreeEngine]: Behavior Tree tick rate 100.00 was exceeded!
[bt_navigator-11] [WARN] [1789630385.844186719] [BehaviorTreeEngine]: Behavior Tree tick rate 100.00 was exceeded!
[bt_navigator-11] [WARN] [1789630385.935419221] [BehaviorTreeEngine]: Behavior Tree tick rate 100.00 was exceeded!
[bt_navigator-11] [WARN] [1789630385.957678171] [BehaviorTreeEngine]: Behavior Tree tick rate 100.00 was exceeded!
[controller_server-8] [WARN] [1789630385.959839097] [controller_server]: Control loop missed its desired rate of 10.0000Hz
[bt_navigator-11] [WARN] [1789630386.241928553] [BehaviorTreeEngine]: Behavior Tree tick rate 100.00 was exceeded!
[bt_navigator-11] [WARN] [1789630386.418232185] [BehaviorTreeEngine]: Behavior Tree tick rate 100.00 was exceeded!
[bt_navigator-11] [WARN] [1789630386.655178918] [BehaviorTreeEngine]: Behavior Tree tick rate 100.00 was exceeded!
[controller_server-8] [INFO] [1789630386.755094269] [controller_server]: Passing new path to controller.
[swerve_bridge_node-14] [WARN] [1789630386.786201910] [swerve_bridge]: Django websocket disconnected: [Errno 111] Connection refused
[bt_navigator-11] [WARN] [1789630386.897422836] [BehaviorTreeEngine]: Behavior Tree tick rate 100.00 was exceeded!
[bt_navigator-11] [WARN] [1789630387.179789781] [BehaviorTreeEngine]: Behavior Tree tick rate 100.00 was exceeded!
[bt_navigator-11] [WARN] [1789630387.255798910] [BehaviorTreeEngine]: Behavior Tree tick rate 100.00 was exceeded!
[bt_navigator-11] [WARN] [1789630387.268271648] [BehaviorTreeEngine]: Behavior Tree tick rate 100.00 was exceeded!
[bt_navigator-11] [WARN] [1789630387.336741638] [BehaviorTreeEngine]: Behavior Tree tick rate 100.00 was exceeded!
[bt_navigator-11] [WARN] [1789630387.388663738] [BehaviorTreeEngine]: Behavior Tree tick rate 100.00 was exceeded!
[bt_navigator-11] [WARN] [1789630387.568186363] [BehaviorTreeEngine]: Behavior Tree tick rate 100.00 was exceeded!
[bt_navigator-11] [WARN] [1789630387.568689895] [BehaviorTreeEngine]: Behavior Tree tick rate 100.00 was exceeded!
[bt_navigator-11] [WARN] [1789630387.598794679] [BehaviorTreeEngine]: Behavior Tree tick rate 100.00 was exceeded!
[bt_navigator-11] [WARN] [1789630387.659507154] [BehaviorTreeEngine]: Behavior Tree tick rate 100.00 was exceeded!
[controller_server-8] [WARN] [1789630387.688525099] [controller_server]: Control loop missed its desired rate of 10.0000Hz
[bt_navigator-11] [WARN] [1789630387.745432241] [BehaviorTreeEngine]: Behavior Tree tick rate 100.00 was exceeded!
[controller_server-8] [WARN] [1789630387.755582080] [controller_server]: Control loop missed its desired rate of 10.0000Hz
[controller_server-8] [INFO] [1789630387.756149141] [controller_server]: Passing new path to controller.
[bt_navigator-11] [WARN] [1789630387.991168993] [BehaviorTreeEngine]: Behavior Tree tick rate 100.00 was exceeded!
[bt_navigator-11] [WARN] [1789630388.008642849] [BehaviorTreeEngine]: Behavior Tree tick rate 100.00 was exceeded!
[bt_navigator-11] [WARN] [1789630388.014782158] [BehaviorTreeEngine]: Behavior Tree tick rate 100.00 was exceeded!
[bt_navigator-11] [WARN] [1789630388.083922081] [BehaviorTreeEngine]: Behavior Tree tick rate 100.00 was exceeded!
[bt_navigator-11] [WARN] [1789630388.092412272] [BehaviorTreeEngine]: Behavior Tree tick rate 100.00 was exceeded!
[bt_navigator-11] [WARN] [1789630388.100286359] [BehaviorTreeEngine]: Behavior Tree tick rate 100.00 was exceeded!
[bt_navigator-11] [WARN] [1789630388.169510613] [BehaviorTreeEngine]: Behavior Tree tick rate 100.00 was exceeded!
[bt_navigator-11] [WARN] [1789630388.363505325] [BehaviorTreeEngine]: Behavior Tree tick rate 100.00 was exceeded!
[bt_navigator-11] [WARN] [1789630388.371953171] [BehaviorTreeEngine]: Behavior Tree tick rate 100.00 was exceeded!
[bt_navigator-11] [WARN] [1789630388.525680870] [BehaviorTreeEngine]: Behavior Tree tick rate 100.00 was exceeded!
[bt_navigator-11] [WARN] [1789630388.533887208] [BehaviorTreeEngine]: Behavior Tree tick rate 100.00 was exceeded!
[bt_navigator-11] [WARN] [1789630388.560979558] [BehaviorTreeEngine]: Behavior Tree tick rate 100.00 was exceeded!
[bt_navigator-11] [WARN] [1789630388.624006709] [BehaviorTreeEngine]: Behavior Tree tick rate 100.00 was exceeded!
[bt_navigator-11] [WARN] [1789630388.636720036] [BehaviorTreeEngine]: Behavior Tree tick rate 100.00 was exceeded!
[bt_navigator-11] [WARN] [1789630388.657703625] [BehaviorTreeEngine]: Behavior Tree tick rate 100.00 was exceeded!
[bt_navigator-11] [WARN] [1789630388.723493655] [BehaviorTreeEngine]: Behavior Tree tick rate 100.00 was exceeded!
[bt_navigator-11] [WARN] [1789630388.741170992] [BehaviorTreeEngine]: Behavior Tree tick rate 100.00 was exceeded!
[controller_server-8] [WARN] [1789630388.755307733] [controller_server]: Control loop missed its desired rate of 10.0000Hz
[bt_navigator-11] [WARN] [1789630388.755866471] [BehaviorTreeEngine]: Behavior Tree tick rate 100.00 was exceeded!
[bt_navigator-11] [WARN] [1789630388.762848984] [BehaviorTreeEngine]: Behavior Tree tick rate 100.00 was exceeded!
[swerve_bridge_node-14] [WARN] [1789630388.789738434] [swerve_bridge]: Django websocket disconnected: [Errno 111] Connection refused
[bt_navigator-11] [WARN] [1789630388.830675573] [BehaviorTreeEngine]: Behavior Tree tick rate 100.00 was exceeded!
[controller_server-8] [INFO] [1789630388.855294982] [controller_server]: Passing new path to controller.
[bt_navigator-11] [WARN] [1789630389.083666391] [BehaviorTreeEngine]: Behavior Tree tick rate 100.00 was exceeded!
[bt_navigator-11] [WARN] [1789630389.108029772] [BehaviorTreeEngine]: Behavior Tree tick rate 100.00 was exceeded!
[bt_navigator-11] [WARN] [1789630389.670030424] [BehaviorTreeEngine]: Behavior Tree tick rate 100.00 was exceeded!
[bt_navigator-11] [WARN] [1789630389.758657718] [BehaviorTreeEngine]: Behavior Tree tick rate 100.00 was exceeded!
[bt_navigator-11] [WARN] [1789630389.803916693] [BehaviorTreeEngine]: Behavior Tree tick rate 100.00 was exceeded!
[bt_navigator-11] [WARN] [1789630389.821684097] [BehaviorTreeEngine]: Behavior Tree tick rate 100.00 was exceeded!
[controller_server-8] [INFO] [1789630389.855143445] [controller_server]: Passing new path to controller.
[bt_navigator-11] [WARN] [1789630390.068509858] [BehaviorTreeEngine]: Behavior Tree tick rate 100.00 was exceeded!
[bt_navigator-11] [WARN] [1789630390.257076062] [BehaviorTreeEngine]: Behavior Tree tick rate 100.00 was exceeded!
[bt_navigator-11] [WARN] [1789630390.262893479] [BehaviorTreeEngine]: Behavior Tree tick rate 100.00 was exceeded!
[bt_navigator-11] [WARN] [1789630390.391962053] [BehaviorTreeEngine]: Behavior Tree tick rate 100.00 was exceeded!
[bt_navigator-11] [WARN] [1789630390.518559950] [BehaviorTreeEngine]: Behavior Tree tick rate 100.00 was exceeded!
[swerve_bridge_node-14] [WARN] [1789630390.791338744] [swerve_bridge]: Django websocket disconnected: [Errno 111] Connection refused
[controller_server-8] [INFO] [1789630390.854799417] [controller_server]: Passing new path to controller.
[bt_navigator-11] [WARN] [1789630390.878762331] [BehaviorTreeEngine]: Behavior Tree tick rate 100.00 was exceeded!
[bt_navigator-11] [WARN] [1789630390.908777092] [BehaviorTreeEngine]: Behavior Tree tick rate 100.00 was exceeded!
[bt_navigator-11] [WARN] [1789630391.109109020] [BehaviorTreeEngine]: Behavior Tree tick rate 100.00 was exceeded!
[bt_navigator-11] [WARN] [1789630391.190622605] [BehaviorTreeEngine]: Behavior Tree tick rate 100.00 was exceeded!
[bt_navigator-11] [WARN] [1789630391.201431042] [BehaviorTreeEngine]: Behavior Tree tick rate 100.00 was exceeded!
[bt_navigator-11] [WARN] [1789630391.227685627] [BehaviorTreeEngine]: Behavior Tree tick rate 100.00 was exceeded!
[bt_navigator-11] [WARN] [1789630391.237861787] [BehaviorTreeEngine]: Behavior Tree tick rate 100.00 was exceeded!
[bt_navigator-11] [WARN] [1789630391.244650723] [BehaviorTreeEngine]: Behavior Tree tick rate 100.00 was exceeded!
[bt_navigator-11] [WARN] [1789630391.275258156] [BehaviorTreeEngine]: Behavior Tree tick rate 100.00 was exceeded!
[bt_navigator-11] [WARN] [1789630391.406757565] [BehaviorTreeEngine]: Behavior Tree tick rate 100.00 was exceeded!
[bt_navigator-11] [WARN] [1789630391.411581384] [BehaviorTreeEngine]: Behavior Tree tick rate 100.00 was exceeded!
[bt_navigator-11] [WARN] [1789630391.440180373] [BehaviorTreeEngine]: Behavior Tree tick rate 100.00 was exceeded!
[bt_navigator-11] [WARN] [1789630391.461360736] [BehaviorTreeEngine]: Behavior Tree tick rate 100.00 was exceeded!
[bt_navigator-11] [WARN] [1789630391.573796128] [BehaviorTreeEngine]: Behavior Tree tick rate 100.00 was exceeded!
[bt_navigator-11] [WARN] [1789630391.668456760] [BehaviorTreeEngine]: Behavior Tree tick rate 100.00 was exceeded!
[bt_navigator-11] [WARN] [1789630391.678416182] [BehaviorTreeEngine]: Behavior Tree tick rate 100.00 was exceeded!
[bt_navigator-11] [WARN] [1789630391.748746984] [BehaviorTreeEngine]: Behavior Tree tick rate 100.00 was exceeded!
[bt_navigator-11] [WARN] [1789630391.818653351] [BehaviorTreeEngine]: Behavior Tree tick rate 100.00 was exceeded!
[bt_navigator-11] [WARN] [1789630391.863896028] [BehaviorTreeEngine]: Behavior Tree tick rate 100.00 was exceeded!
[bt_navigator-11] [WARN] [1789630391.887151986] [BehaviorTreeEngine]: Behavior Tree tick rate 100.00 was exceeded!
[bt_navigator-11] [WARN] [1789630391.890741920] [BehaviorTreeEngine]: Behavior Tree tick rate 100.00 was exceeded!
[controller_server-8] [INFO] [1789630391.956173060] [controller_server]: Passing new path to controller.
[bt_navigator-11] [WARN] [1789630392.059282119] [BehaviorTreeEngine]: Behavior Tree tick rate 100.00 was exceeded!
[bt_navigator-11] [WARN] [1789630392.094174003] [BehaviorTreeEngine]: Behavior Tree tick rate 100.00 was exceeded!
[bt_navigator-11] [WARN] [1789630392.191976545] [BehaviorTreeEngine]: Behavior Tree tick rate 100.00 was exceeded!
[bt_navigator-11] [WARN] [1789630392.412902822] [BehaviorTreeEngine]: Behavior Tree tick rate 100.00 was exceeded!
[bt_navigator-11] [WARN] [1789630392.526102311] [BehaviorTreeEngine]: Behavior Tree tick rate 100.00 was exceeded!
[bt_navigator-11] [WARN] [1789630392.605313092] [BehaviorTreeEngine]: Behavior Tree tick rate 100.00 was exceeded!
[bt_navigator-11] [WARN] [1789630392.747595275] [BehaviorTreeEngine]: Behavior Tree tick rate 100.00 was exceeded!
[bt_navigator-11] [WARN] [1789630392.776837202] [BehaviorTreeEngine]: Behavior Tree tick rate 100.00 was exceeded!
[swerve_bridge_node-14] [WARN] [1789630392.803040220] [swerve_bridge]: Django websocket disconnected: [Errno 111] Connection refused
[bt_navigator-11] [WARN] [1789630392.807673269] [BehaviorTreeEngine]: Behavior Tree tick rate 100.00 was exceeded!
[bt_navigator-11] [WARN] [1789630392.821042198] [BehaviorTreeEngine]: Behavior Tree tick rate 100.00 was exceeded!
[bt_navigator-11] [WARN] [1789630392.825397147] [BehaviorTreeEngine]: Behavior Tree tick rate 100.00 was exceeded!
[controller_server-8] [WARN] [1789630392.857348598] [controller_server]: Control loop missed its desired rate of 10.0000Hz
[bt_navigator-11] [WARN] [1789630392.874018014] [BehaviorTreeEngine]: Behavior Tree tick rate 100.00 was exceeded!
[bt_navigator-11] [WARN] [1789630392.886986140] [BehaviorTreeEngine]: Behavior Tree tick rate 100.00 was exceeded!
[bt_navigator-11] [WARN] [1789630392.897216488] [BehaviorTreeEngine]: Behavior Tree tick rate 100.00 was exceeded!
[bt_navigator-11] [WARN] [1789630392.908028968] [BehaviorTreeEngine]: Behavior Tree tick rate 100.00 was exceeded!
[bt_navigator-11] [WARN] [1789630392.913539643] [BehaviorTreeEngine]: Behavior Tree tick rate 100.00 was exceeded!
[bt_navigator-11] [WARN] [1789630392.948997630] [BehaviorTreeEngine]: Behavior Tree tick rate 100.00 was exceeded!
[controller_server-8] [INFO] [1789630392.957347750] [controller_server]: Passing new path to controller.
[bt_navigator-11] [WARN] [1789630393.012522943] [BehaviorTreeEngine]: Behavior Tree tick rate 100.00 was exceeded!
[bt_navigator-11] [WARN] [1789630393.324267459] [BehaviorTreeEngine]: Behavior Tree tick rate 100.00 was exceeded!
[bt_navigator-11] [WARN] [1789630393.362470038] [BehaviorTreeEngine]: Behavior Tree tick rate 100.00 was exceeded!
[bt_navigator-11] [WARN] [1789630393.582703447] [BehaviorTreeEngine]: Behavior Tree tick rate 100.00 was exceeded!
[bt_navigator-11] [WARN] [1789630393.715833680] [BehaviorTreeEngine]: Behavior Tree tick rate 100.00 was exceeded!
[bt_navigator-11] [WARN] [1789630393.973466460] [BehaviorTreeEngine]: Behavior Tree tick rate 100.00 was exceeded!
[bt_navigator-11] [WARN] [1789630393.985711515] [BehaviorTreeEngine]: Behavior Tree tick rate 100.00 was exceeded!
[controller_server-8] [INFO] [1789630394.054481523] [controller_server]: Passing new path to controller.
[bt_navigator-11] [WARN] [1789630394.213995408] [BehaviorTreeEngine]: Behavior Tree tick rate 100.00 was exceeded!
[bt_navigator-11] [WARN] [1789630394.342348161] [BehaviorTreeEngine]: Behavior Tree tick rate 100.00 was exceeded!
[bt_navigator-11] [WARN] [1789630394.373581234] [BehaviorTreeEngine]: Behavior Tree tick rate 100.00 was exceeded!
[bt_navigator-11] [WARN] [1789630394.448360763] [BehaviorTreeEngine]: Behavior Tree tick rate 100.00 was exceeded!
[bt_navigator-11] [WARN] [1789630394.582136398] [BehaviorTreeEngine]: Behavior Tree tick rate 100.00 was exceeded!
[bt_navigator-11] [WARN] [1789630394.756594637] [BehaviorTreeEngine]: Behavior Tree tick rate 100.00 was exceeded!
[swerve_bridge_node-14] [WARN] [1789630394.804240028] [swerve_bridge]: Django websocket disconnected: [Errno 111] Connection refused
[controller_server-8] [INFO] [1789630395.055595346] [controller_server]: Passing new path to controller.
[bt_navigator-11] [WARN] [1789630395.304922038] [BehaviorTreeEngine]: Behavior Tree tick rate 100.00 was exceeded!
[bt_navigator-11] [WARN] [1789630395.312683218] [BehaviorTreeEngine]: Behavior Tree tick rate 100.00 was exceeded!
[bt_navigator-11] [WARN] [1789630395.339286216] [BehaviorTreeEngine]: Behavior Tree tick rate 100.00 was exceeded!
[bt_navigator-11] [WARN] [1789630395.368179961] [BehaviorTreeEngine]: Behavior Tree tick rate 100.00 was exceeded!
[bt_navigator-11] [WARN] [1789630395.440667074] [BehaviorTreeEngine]: Behavior Tree tick rate 100.00 was exceeded!
[bt_navigator-11] [WARN] [1789630395.468648683] [BehaviorTreeEngine]: Behavior Tree tick rate 100.00 was exceeded!
[bt_navigator-11] [WARN] [1789630395.639779784] [BehaviorTreeEngine]: Behavior Tree tick rate 100.00 was exceeded!
[bt_navigator-11] [WARN] [1789630395.713861794] [BehaviorTreeEngine]: Behavior Tree tick rate 100.00 was exceeded!
[bt_navigator-11] [WARN] [1789630396.004537432] [BehaviorTreeEngine]: Behavior Tree tick rate 100.00 was exceeded!
[controller_server-8] [WARN] [1789630396.007948561] [controller_server]: Control loop missed its desired rate of 10.0000Hz
[bt_navigator-11] [WARN] [1789630396.037914420] [BehaviorTreeEngine]: Behavior Tree tick rate 100.00 was exceeded!
[bt_navigator-11] [WARN] [1789630396.101978772] [BehaviorTreeEngine]: Behavior Tree tick rate 100.00 was exceeded!
[bt_navigator-11] [WARN] [1789630396.148053850] [BehaviorTreeEngine]: Behavior Tree tick rate 100.00 was exceeded!
[bt_navigator-11] [WARN] [1789630396.186308231] [BehaviorTreeEngine]: Behavior Tree tick rate 100.00 was exceeded!
[controller_server-8] [WARN] [1789630396.205146576] [controller_server]: Control loop missed its desired rate of 10.0000Hz
[controller_server-8] [INFO] [1789630396.205215783] [controller_server]: Passing new path to controller.
[bt_navigator-11] [WARN] [1789630396.237462884] [BehaviorTreeEngine]: Behavior Tree tick rate 100.00 was exceeded!
[bt_navigator-11] [WARN] [1789630396.425640399] [BehaviorTreeEngine]: Behavior Tree tick rate 100.00 was exceeded!
[bt_navigator-11] [WARN] [1789630396.429423514] [BehaviorTreeEngine]: Behavior Tree tick rate 100.00 was exceeded!
[bt_navigator-11] [WARN] [1789630396.442169529] [BehaviorTreeEngine]: Behavior Tree tick rate 100.00 was exceeded!
[bt_navigator-11] [WARN] [1789630396.523716964] [BehaviorTreeEngine]: Behavior Tree tick rate 100.00 was exceeded!
[bt_navigator-11] [WARN] [1789630396.626141073] [BehaviorTreeEngine]: Behavior Tree tick rate 100.00 was exceeded!
[bt_navigator-11] [WARN] [1789630396.717991833] [BehaviorTreeEngine]: Behavior Tree tick rate 100.00 was exceeded!
[bt_navigator-11] [WARN] [1789630396.805372735] [BehaviorTreeEngine]: Behavior Tree tick rate 100.00 was exceeded!
[swerve_bridge_node-14] [WARN] [1789630396.806496211] [swerve_bridge]: Django websocket disconnected: [Errno 111] Connection refused
[bt_navigator-11] [WARN] [1789630396.978225717] [BehaviorTreeEngine]: Behavior Tree tick rate 100.00 was exceeded!
[bt_navigator-11] [WARN] [1789630397.151470299] [BehaviorTreeEngine]: Behavior Tree tick rate 100.00 was exceeded!
[controller_server-8] [INFO] [1789630397.205289002] [controller_server]: Passing new path to controller.
[bt_navigator-11] [WARN] [1789630397.300396178] [BehaviorTreeEngine]: Behavior Tree tick rate 100.00 was exceeded!
[bt_navigator-11] [WARN] [1789630397.348642017] [BehaviorTreeEngine]: Behavior Tree tick rate 100.00 was exceeded!
[bt_navigator-11] [WARN] [1789630397.459058534] [BehaviorTreeEngine]: Behavior Tree tick rate 100.00 was exceeded!
[bt_navigator-11] [WARN] [1789630397.644528331] [BehaviorTreeEngine]: Behavior Tree tick rate 100.00 was exceeded!
[bt_navigator-11] [WARN] [1789630397.669405147] [BehaviorTreeEngine]: Behavior Tree tick rate 100.00 was exceeded!
[bt_navigator-11] [WARN] [1789630397.697700699] [BehaviorTreeEngine]: Behavior Tree tick rate 100.00 was exceeded!
[bt_navigator-11] [WARN] [1789630398.036630318] [BehaviorTreeEngine]: Behavior Tree tick rate 100.00 was exceeded!
[bt_navigator-11] [WARN] [1789630398.044937052] [BehaviorTreeEngine]: Behavior Tree tick rate 100.00 was exceeded!
[controller_server-8] [INFO] [1789630398.205831772] [controller_server]: Passing new path to controller.
[bt_navigator-11] [WARN] [1789630398.437895934] [BehaviorTreeEngine]: Behavior Tree tick rate 100.00 was exceeded!
[bt_navigator-11] [WARN] [1789630398.534661921] [BehaviorTreeEngine]: Behavior Tree tick rate 100.00 was exceeded!
[swerve_bridge_node-14] [WARN] [1789630398.810871321] [swerve_bridge]: Django websocket disconnected: [Errno 111] Connection refused
[bt_navigator-11] [WARN] [1789630398.828095375] [BehaviorTreeEngine]: Behavior Tree tick rate 100.00 was exceeded!
[bt_navigator-11] [WARN] [1789630398.935112723] [BehaviorTreeEngine]: Behavior Tree tick rate 100.00 was exceeded!
[bt_navigator-11] [WARN] [1789630399.039801358] [BehaviorTreeEngine]: Behavior Tree tick rate 100.00 was exceeded!
[controller_server-8] [INFO] [1789630399.205343252] [controller_server]: Passing new path to controller.
[bt_navigator-11] [WARN] [1789630399.346531017] [BehaviorTreeEngine]: Behavior Tree tick rate 100.00 was exceeded!
[bt_navigator-11] [WARN] [1789630399.597809120] [BehaviorTreeEngine]: Behavior Tree tick rate 100.00 was exceeded!
[bt_navigator-11] [WARN] [1789630399.724204429] [BehaviorTreeEngine]: Behavior Tree tick rate 100.00 was exceeded!
[bt_navigator-11] [WARN] [1789630400.039825006] [BehaviorTreeEngine]: Behavior Tree tick rate 100.00 was exceeded!
[controller_server-8] [INFO] [1789630400.207455762] [controller_server]: Passing new path to controller.
[bt_navigator-11] [WARN] [1789630400.210242208] [BehaviorTreeEngine]: Behavior Tree tick rate 100.00 was exceeded!
[bt_navigator-11] [WARN] [1789630400.724198300] [BehaviorTreeEngine]: Behavior Tree tick rate 100.00 was exceeded!
[bt_navigator-11] [WARN] [1789630400.777009872] [BehaviorTreeEngine]: Behavior Tree tick rate 100.00 was exceeded!
[swerve_bridge_node-14] [WARN] [1789630400.815700474] [swerve_bridge]: Django websocket disconnected: [Errno 111] Connection refused
[bt_navigator-11] [WARN] [1789630400.824647661] [BehaviorTreeEngine]: Behavior Tree tick rate 100.00 was exceeded!
[bt_navigator-11] [WARN] [1789630401.137527862] [BehaviorTreeEngine]: Behavior Tree tick rate 100.00 was exceeded!
[bt_navigator-11] [WARN] [1789630401.234526857] [BehaviorTreeEngine]: Behavior Tree tick rate 100.00 was exceeded!
[bt_navigator-11] [WARN] [1789630401.275279823] [BehaviorTreeEngine]: Behavior Tree tick rate 100.00 was exceeded!
[controller_server-8] [INFO] [1789630401.310163317] [controller_server]: Passing new path to controller.
[bt_navigator-11] [WARN] [1789630401.924698320] [BehaviorTreeEngine]: Behavior Tree tick rate 100.00 was exceeded!
[bt_navigator-11] [WARN] [1789630401.934698100] [BehaviorTreeEngine]: Behavior Tree tick rate 100.00 was exceeded!
[bt_navigator-11] [WARN] [1789630402.035115377] [BehaviorTreeEngine]: Behavior Tree tick rate 100.00 was exceeded!
[bt_navigator-11] [WARN] [1789630402.135686404] [BehaviorTreeEngine]: Behavior Tree tick rate 100.00 was exceeded!
[bt_navigator-11] [WARN] [1789630402.210099081] [BehaviorTreeEngine]: Behavior Tree tick rate 100.00 was exceeded!
[controller_server-8] [INFO] [1789630402.307727793] [controller_server]: Passing new path to controller.
[swerve_bridge_node-14] [WARN] [1789630402.820120311] [swerve_bridge]: Django websocket disconnected: [Errno 111] Connection refused
[bt_navigator-11] [WARN] [1789630402.916747205] [BehaviorTreeEngine]: Behavior Tree tick rate 100.00 was exceeded!
[bt_navigator-11] [WARN] [1789630403.097587688] [BehaviorTreeEngine]: Behavior Tree tick rate 100.00 was exceeded!
[bt_navigator-11] [WARN] [1789630403.125250558] [BehaviorTreeEngine]: Behavior Tree tick rate 100.00 was exceeded!
[bt_navigator-11] [WARN] [1789630403.239496798] [BehaviorTreeEngine]: Behavior Tree tick rate 100.00 was exceeded!
[bt_navigator-11] [WARN] [1789630403.244795816] [BehaviorTreeEngine]: Behavior Tree tick rate 100.00 was exceeded!
[controller_server-8] [INFO] [1789630403.307905513] [controller_server]: Passing new path to controller.
[bt_navigator-11] [WARN] [1789630403.549735710] [BehaviorTreeEngine]: Behavior Tree tick rate 100.00 was exceeded!
[bt_navigator-11] [WARN] [1789630404.153408985] [BehaviorTreeEngine]: Behavior Tree tick rate 100.00 was exceeded!
[bt_navigator-11] [WARN] [1789630404.247318865] [BehaviorTreeEngine]: Behavior Tree tick rate 100.00 was exceeded!
[bt_navigator-11] [WARN] [1789630404.256129451] [BehaviorTreeEngine]: Behavior Tree tick rate 100.00 was exceeded!
[bt_navigator-11] [WARN] [1789630404.317761879] [BehaviorTreeEngine]: Behavior Tree tick rate 100.00 was exceeded!
[controller_server-8] [INFO] [1789630404.406608721] [controller_server]: Passing new path to controller.
[bt_navigator-11] [WARN] [1789630404.425871373] [BehaviorTreeEngine]: Behavior Tree tick rate 100.00 was exceeded!
[bt_navigator-11] [WARN] [1789630404.553649273] [BehaviorTreeEngine]: Behavior Tree tick rate 100.00 was exceeded!
[swerve_bridge_node-14] [WARN] [1789630404.821532423] [swerve_bridge]: Django websocket disconnected: [Errno 111] Connection refused
[bt_navigator-11] [WARN] [1789630404.924502450] [BehaviorTreeEngine]: Behavior Tree tick rate 100.00 was exceeded!
[bt_navigator-11] [WARN] [1789630404.945909387] [BehaviorTreeEngine]: Behavior Tree tick rate 100.00 was exceeded!
[bt_navigator-11] [WARN] [1789630404.956023942] [BehaviorTreeEngine]: Behavior Tree tick rate 100.00 was exceeded!
[bt_navigator-11] [WARN] [1789630405.138164485] [BehaviorTreeEngine]: Behavior Tree tick rate 100.00 was exceeded!
[bt_navigator-11] [WARN] [1789630405.216897024] [BehaviorTreeEngine]: Behavior Tree tick rate 100.00 was exceeded!
[bt_navigator-11] [WARN] [1789630405.307098446] [BehaviorTreeEngine]: Behavior Tree tick rate 100.00 was exceeded!
[bt_navigator-11] [WARN] [1789630405.330699669] [BehaviorTreeEngine]: Behavior Tree tick rate 100.00 was exceeded!
[bt_navigator-11] [WARN] [1789630405.347110094] [BehaviorTreeEngine]: Behavior Tree tick rate 100.00 was exceeded!
[bt_navigator-11] [WARN] [1789630405.401055157] [BehaviorTreeEngine]: Behavior Tree tick rate 100.00 was exceeded!
[controller_server-8] [INFO] [1789630405.405417391] [controller_server]: Passing new path to controller.
[bt_navigator-11] [WARN] [1789630405.408010639] [BehaviorTreeEngine]: Behavior Tree tick rate 100.00 was exceeded!
[bt_navigator-11] [WARN] [1789630405.449745525] [BehaviorTreeEngine]: Behavior Tree tick rate 100.00 was exceeded!
[bt_navigator-11] [WARN] [1789630405.499106923] [BehaviorTreeEngine]: Behavior Tree tick rate 100.00 was exceeded!
[bt_navigator-11] [WARN] [1789630405.527477263] [BehaviorTreeEngine]: Behavior Tree tick rate 100.00 was exceeded!
[bt_navigator-11] [WARN] [1789630405.544412742] [BehaviorTreeEngine]: Behavior Tree tick rate 100.00 was exceeded!
[bt_navigator-11] [WARN] [1789630405.547514461] [BehaviorTreeEngine]: Behavior Tree tick rate 100.00 was exceeded!
[bt_navigator-11] [WARN] [1789630405.867602408] [BehaviorTreeEngine]: Behavior Tree tick rate 100.00 was exceeded!
[bt_navigator-11] [WARN] [1789630406.165090897] [BehaviorTreeEngine]: Behavior Tree tick rate 100.00 was exceeded!
[bt_navigator-11] [WARN] [1789630406.167878164] [BehaviorTreeEngine]: Behavior Tree tick rate 100.00 was exceeded!
[bt_navigator-11] [WARN] [1789630406.472184206] [BehaviorTreeEngine]: Behavior Tree tick rate 100.00 was exceeded!
[controller_server-8] [WARN] [1789630406.510245094] [controller_server]: Control loop missed its desired rate of 10.0000Hz
[bt_navigator-11] [WARN] [1789630406.524860271] [BehaviorTreeEngine]: Behavior Tree tick rate 100.00 was exceeded!
[bt_navigator-11] [WARN] [1789630406.572935688] [BehaviorTreeEngine]: Behavior Tree tick rate 100.00 was exceeded!
[bt_navigator-11] [WARN] [1789630406.584520426] [BehaviorTreeEngine]: Behavior Tree tick rate 100.00 was exceeded!
[controller_server-8] [INFO] [1789630406.611599472] [controller_server]: Passing new path to controller.
[bt_navigator-11] [WARN] [1789630406.740903398] [BehaviorTreeEngine]: Behavior Tree tick rate 100.00 was exceeded!
[swerve_bridge_node-14] [WARN] [1789630406.823414804] [swerve_bridge]: Django websocket disconnected: [Errno 111] Connection refused
[bt_navigator-11] [WARN] [1789630407.042594785] [BehaviorTreeEngine]: Behavior Tree tick rate 100.00 was exceeded!
[bt_navigator-11] [WARN] [1789630407.449816325] [BehaviorTreeEngine]: Behavior Tree tick rate 100.00 was exceeded!
[bt_navigator-11] [WARN] [1789630407.544637674] [BehaviorTreeEngine]: Behavior Tree tick rate 100.00 was exceeded!
[controller_server-8] [INFO] [1789630407.605269229] [controller_server]: Passing new path to controller.
[bt_navigator-11] [WARN] [1789630407.645496629] [BehaviorTreeEngine]: Behavior Tree tick rate 100.00 was exceeded!
[bt_navigator-11] [WARN] [1789630407.717032996] [BehaviorTreeEngine]: Behavior Tree tick rate 100.00 was exceeded!
[bt_navigator-11] [WARN] [1789630407.784477034] [BehaviorTreeEngine]: Behavior Tree tick rate 100.00 was exceeded!
[bt_navigator-11] [WARN] [1789630407.903846692] [BehaviorTreeEngine]: Behavior Tree tick rate 100.00 was exceeded!
[bt_navigator-11] [WARN] [1789630408.040462797] [BehaviorTreeEngine]: Behavior Tree tick rate 100.00 was exceeded!
[bt_navigator-11] [WARN] [1789630408.143098200] [BehaviorTreeEngine]: Behavior Tree tick rate 100.00 was exceeded!
[bt_navigator-11] [WARN] [1789630408.207202579] [BehaviorTreeEngine]: Behavior Tree tick rate 100.00 was exceeded!
[bt_navigator-11] [WARN] [1789630408.262198088] [BehaviorTreeEngine]: Behavior Tree tick rate 100.00 was exceeded!
[bt_navigator-11] [WARN] [1789630408.298626635] [BehaviorTreeEngine]: Behavior Tree tick rate 100.00 was exceeded!
[bt_navigator-11] [WARN] [1789630408.340552661] [BehaviorTreeEngine]: Behavior Tree tick rate 100.00 was exceeded!
[bt_navigator-11] [WARN] [1789630408.440562001] [BehaviorTreeEngine]: Behavior Tree tick rate 100.00 was exceeded!
[bt_navigator-11] [WARN] [1789630408.497170567] [BehaviorTreeEngine]: Behavior Tree tick rate 100.00 was exceeded!
[bt_navigator-11] [WARN] [1789630408.522089987] [BehaviorTreeEngine]: Behavior Tree tick rate 100.00 was exceeded!
[bt_navigator-11] [WARN] [1789630408.551005925] [BehaviorTreeEngine]: Behavior Tree tick rate 100.00 was exceeded!
[bt_navigator-11] [WARN] [1789630408.570524344] [BehaviorTreeEngine]: Behavior Tree tick rate 100.00 was exceeded!
[bt_navigator-11] [WARN] [1789630408.579259886] [BehaviorTreeEngine]: Behavior Tree tick rate 100.00 was exceeded!
[bt_navigator-11] [WARN] [1789630408.636772079] [BehaviorTreeEngine]: Behavior Tree tick rate 100.00 was exceeded!
[bt_navigator-11] [WARN] [1789630408.652373683] [BehaviorTreeEngine]: Behavior Tree tick rate 100.00 was exceeded!
[bt_navigator-11] [WARN] [1789630408.684541287] [BehaviorTreeEngine]: Behavior Tree tick rate 100.00 was exceeded!
[bt_navigator-11] [WARN] [1789630408.704303183] [BehaviorTreeEngine]: Behavior Tree tick rate 100.00 was exceeded!
[bt_navigator-11] [WARN] [1789630408.716779159] [BehaviorTreeEngine]: Behavior Tree tick rate 100.00 was exceeded!
[bt_navigator-11] [WARN] [1789630408.725599303] [BehaviorTreeEngine]: Behavior Tree tick rate 100.00 was exceeded!
[bt_navigator-11] [WARN] [1789630408.749630073] [BehaviorTreeEngine]: Behavior Tree tick rate 100.00 was exceeded!
[bt_navigator-11] [WARN] [1789630408.753004027] [BehaviorTreeEngine]: Behavior Tree tick rate 100.00 was exceeded!
[bt_navigator-11] [WARN] [1789630408.804619289] [BehaviorTreeEngine]: Behavior Tree tick rate 100.00 was exceeded!
[swerve_bridge_node-14] [WARN] [1789630408.833060099] [swerve_bridge]: Django websocket disconnected: [Errno 111] Connection refused
[bt_navigator-11] [WARN] [1789630408.864060484] [BehaviorTreeEngine]: Behavior Tree tick rate 100.00 was exceeded!
[bt_navigator-11] [WARN] [1789630408.954630484] [BehaviorTreeEngine]: Behavior Tree tick rate 100.00 was exceeded!
[bt_navigator-11] [WARN] [1789630408.989150433] [BehaviorTreeEngine]: Behavior Tree tick rate 100.00 was exceeded!
[controller_server-8] [WARN] [1789630409.011672104] [controller_server]: Control loop missed its desired rate of 10.0000Hz
[bt_navigator-11] [WARN] [1789630409.030612732] [BehaviorTreeEngine]: Behavior Tree tick rate 100.00 was exceeded!
[bt_navigator-11] [WARN] [1789630409.063073298] [BehaviorTreeEngine]: Behavior Tree tick rate 100.00 was exceeded!
[bt_navigator-11] [WARN] [1789630409.082056780] [BehaviorTreeEngine]: Behavior Tree tick rate 100.00 was exceeded!
[bt_navigator-11] [WARN] [1789630409.112749591] [BehaviorTreeEngine]: Behavior Tree tick rate 100.00 was exceeded!
[controller_server-8] [WARN] [1789630409.125790739] [controller_server]: Control loop missed its desired rate of 10.0000Hz
[bt_navigator-11] [WARN] [1789630409.145515379] [BehaviorTreeEngine]: Behavior Tree tick rate 100.00 was exceeded!
[bt_navigator-11] [WARN] [1789630409.239141080] [BehaviorTreeEngine]: Behavior Tree tick rate 100.00 was exceeded!
[controller_server-8] [WARN] [1789630409.309222059] [controller_server]: Control loop missed its desired rate of 10.0000Hz
[bt_navigator-11] [WARN] [1789630409.311417056] [BehaviorTreeEngine]: Behavior Tree tick rate 100.00 was exceeded!
[bt_navigator-11] [WARN] [1789630409.332168105] [BehaviorTreeEngine]: Behavior Tree tick rate 100.00 was exceeded!
[bt_navigator-11] [WARN] [1789630409.359401589] [BehaviorTreeEngine]: Behavior Tree tick rate 100.00 was exceeded!
[controller_server-8] [WARN] [1789630409.434979891] [controller_server]: Control loop missed its desired rate of 10.0000Hz
[bt_navigator-11] [WARN] [1789630409.472955856] [BehaviorTreeEngine]: Behavior Tree tick rate 100.00 was exceeded!
[bt_navigator-11] [WARN] [1789630409.534775398] [BehaviorTreeEngine]: Behavior Tree tick rate 100.00 was exceeded!
[controller_server-8] [WARN] [1789630409.569355426] [controller_server]: Control loop missed its desired rate of 10.0000Hz
[bt_navigator-11] [WARN] [1789630409.612390660] [BehaviorTreeEngine]: Behavior Tree tick rate 100.00 was exceeded!
[bt_navigator-11] [WARN] [1789630409.641739040] [BehaviorTreeEngine]: Behavior Tree tick rate 100.00 was exceeded!
[bt_navigator-11] [WARN] [1789630409.648977926] [BehaviorTreeEngine]: Behavior Tree tick rate 100.00 was exceeded!
[bt_navigator-11] [WARN] [1789630409.654430300] [BehaviorTreeEngine]: Behavior Tree tick rate 100.00 was exceeded!
[bt_navigator-11] [WARN] [1789630409.668457003] [BehaviorTreeEngine]: Behavior Tree tick rate 100.00 was exceeded!
[controller_server-8] [WARN] [1789630409.674685396] [controller_server]: Control loop missed its desired rate of 10.0000Hz
[bt_navigator-11] [WARN] [1789630409.698635830] [BehaviorTreeEngine]: Behavior Tree tick rate 100.00 was exceeded!
[controller_server-8] [WARN] [1789630409.746112240] [controller_server]: Control loop missed its desired rate of 10.0000Hz
[controller_server-8] [INFO] [1789630409.746301097] [controller_server]: Passing new path to controller.
[bt_navigator-11] [WARN] [1789630409.774942953] [BehaviorTreeEngine]: Behavior Tree tick rate 100.00 was exceeded!
[bt_navigator-11] [WARN] [1789630409.818606200] [BehaviorTreeEngine]: Behavior Tree tick rate 100.00 was exceeded!
[bt_navigator-11] [WARN] [1789630409.825420715] [BehaviorTreeEngine]: Behavior Tree tick rate 100.00 was exceeded!
[controller_server-8] [WARN] [1789630409.866653561] [controller_server]: Control loop missed its desired rate of 10.0000Hz
[bt_navigator-11] [WARN] [1789630409.872968076] [BehaviorTreeEngine]: Behavior Tree tick rate 100.00 was exceeded!
[bt_navigator-11] [WARN] [1789630409.888630906] [BehaviorTreeEngine]: Behavior Tree tick rate 100.00 was exceeded!
[bt_navigator-11] [WARN] [1789630410.019107668] [BehaviorTreeEngine]: Behavior Tree tick rate 100.00 was exceeded!
[bt_navigator-11] [WARN] [1789630410.032962851] [BehaviorTreeEngine]: Behavior Tree tick rate 100.00 was exceeded!
[controller_server-8] [WARN] [1789630410.035262299] [controller_server]: Control loop missed its desired rate of 10.0000Hz
[bt_navigator-11] [WARN] [1789630410.056088207] [BehaviorTreeEngine]: Behavior Tree tick rate 100.00 was exceeded!
[bt_navigator-11] [WARN] [1789630410.215915859] [BehaviorTreeEngine]: Behavior Tree tick rate 100.00 was exceeded!
[bt_navigator-11] [WARN] [1789630410.221250895] [BehaviorTreeEngine]: Behavior Tree tick rate 100.00 was exceeded!
[bt_navigator-11] [WARN] [1789630410.242048749] [BehaviorTreeEngine]: Behavior Tree tick rate 100.00 was exceeded!
[bt_navigator-11] [WARN] [1789630410.283505866] [BehaviorTreeEngine]: Behavior Tree tick rate 100.00 was exceeded!
[bt_navigator-11] [WARN] [1789630410.317079233] [BehaviorTreeEngine]: Behavior Tree tick rate 100.00 was exceeded!
[bt_navigator-11] [WARN] [1789630410.365960928] [BehaviorTreeEngine]: Behavior Tree tick rate 100.00 was exceeded!
[bt_navigator-11] [WARN] [1789630410.386219455] [BehaviorTreeEngine]: Behavior Tree tick rate 100.00 was exceeded!
[bt_navigator-11] [WARN] [1789630410.394885476] [BehaviorTreeEngine]: Behavior Tree tick rate 100.00 was exceeded!
[bt_navigator-11] [WARN] [1789630410.499566965] [BehaviorTreeEngine]: Behavior Tree tick rate 100.00 was exceeded!
[bt_navigator-11] [WARN] [1789630410.507511364] [BehaviorTreeEngine]: Behavior Tree tick rate 100.00 was exceeded!
[bt_navigator-11] [WARN] [1789630410.524422470] [BehaviorTreeEngine]: Behavior Tree tick rate 100.00 was exceeded!
[bt_navigator-11] [WARN] [1789630410.544806374] [BehaviorTreeEngine]: Behavior Tree tick rate 100.00 was exceeded!
[bt_navigator-11] [WARN] [1789630410.598014474] [BehaviorTreeEngine]: Behavior Tree tick rate 100.00 was exceeded!
[bt_navigator-11] [WARN] [1789630410.603894584] [BehaviorTreeEngine]: Behavior Tree tick rate 100.00 was exceeded!
[bt_navigator-11] [WARN] [1789630410.671275796] [BehaviorTreeEngine]: Behavior Tree tick rate 100.00 was exceeded!
[bt_navigator-11] [WARN] [1789630410.714158023] [BehaviorTreeEngine]: Behavior Tree tick rate 100.00 was exceeded!
[controller_server-8] [INFO] [1789630410.736456777] [controller_server]: Passing new path to controller.
[swerve_bridge_node-14] [WARN] [1789630410.849251214] [swerve_bridge]: Django websocket disconnected: [Errno 111] Connection refused
[bt_navigator-11] [WARN] [1789630410.981091101] [BehaviorTreeEngine]: Behavior Tree tick rate 100.00 was exceeded!
[bt_navigator-11] [WARN] [1789630411.068337724] [BehaviorTreeEngine]: Behavior Tree tick rate 100.00 was exceeded!
[controller_server-8] [WARN] [1789630411.148318539] [controller_server]: Control loop missed its desired rate of 10.0000Hz
[bt_navigator-11] [WARN] [1789630411.151237428] [BehaviorTreeEngine]: Behavior Tree tick rate 100.00 was exceeded!
[bt_navigator-11] [WARN] [1789630411.160006472] [BehaviorTreeEngine]: Behavior Tree tick rate 100.00 was exceeded!
[bt_navigator-11] [WARN] [1789630411.258672634] [BehaviorTreeEngine]: Behavior Tree tick rate 100.00 was exceeded!
[bt_navigator-11] [WARN] [1789630411.346345840] [BehaviorTreeEngine]: Behavior Tree tick rate 100.00 was exceeded!
[bt_navigator-11] [WARN] [1789630411.360961733] [BehaviorTreeEngine]: Behavior Tree tick rate 100.00 was exceeded!
[bt_navigator-11] [WARN] [1789630411.392132792] [BehaviorTreeEngine]: Behavior Tree tick rate 100.00 was exceeded!
[bt_navigator-11] [WARN] [1789630411.419522018] [BehaviorTreeEngine]: Behavior Tree tick rate 100.00 was exceeded!
[bt_navigator-11] [WARN] [1789630411.421893540] [BehaviorTreeEngine]: Behavior Tree tick rate 100.00 was exceeded!
[controller_server-8] [WARN] [1789630411.440603888] [controller_server]: Control loop missed its desired rate of 10.0000Hz
[bt_navigator-11] [WARN] [1789630411.549835868] [BehaviorTreeEngine]: Behavior Tree tick rate 100.00 was exceeded!
[bt_navigator-11] [WARN] [1789630411.710629421] [BehaviorTreeEngine]: Behavior Tree tick rate 100.00 was exceeded!
[bt_navigator-11] [WARN] [1789630411.734410049] [BehaviorTreeEngine]: Behavior Tree tick rate 100.00 was exceeded!
[bt_navigator-11] [WARN] [1789630411.743454819] [BehaviorTreeEngine]: Behavior Tree tick rate 100.00 was exceeded!
[bt_navigator-11] [WARN] [1789630411.750059044] [BehaviorTreeEngine]: Behavior Tree tick rate 100.00 was exceeded!
[bt_navigator-11] [WARN] [1789630411.763089060] [BehaviorTreeEngine]: Behavior Tree tick rate 100.00 was exceeded!
[bt_navigator-11] [WARN] [1789630411.773247896] [BehaviorTreeEngine]: Behavior Tree tick rate 100.00 was exceeded!
[controller_server-8] [INFO] [1789630411.835872742] [controller_server]: Passing new path to controller.
[bt_navigator-11] [WARN] [1789630411.950333165] [BehaviorTreeEngine]: Behavior Tree tick rate 100.00 was exceeded!
[bt_navigator-11] [WARN] [1789630412.262545051] [BehaviorTreeEngine]: Behavior Tree tick rate 100.00 was exceeded!
[bt_navigator-11] [WARN] [1789630412.272427249] [BehaviorTreeEngine]: Behavior Tree tick rate 100.00 was exceeded!
[bt_navigator-11] [WARN] [1789630412.461404470] [BehaviorTreeEngine]: Behavior Tree tick rate 100.00 was exceeded!
[bt_navigator-11] [WARN] [1789630412.516316182] [BehaviorTreeEngine]: Behavior Tree tick rate 100.00 was exceeded!
[bt_navigator-11] [WARN] [1789630412.530864241] [BehaviorTreeEngine]: Behavior Tree tick rate 100.00 was exceeded!
[bt_navigator-11] [WARN] [1789630412.566771861] [BehaviorTreeEngine]: Behavior Tree tick rate 100.00 was exceeded!
[bt_navigator-11] [WARN] [1789630412.608546276] [BehaviorTreeEngine]: Behavior Tree tick rate 100.00 was exceeded!
[bt_navigator-11] [WARN] [1789630412.615211802] [BehaviorTreeEngine]: Behavior Tree tick rate 100.00 was exceeded!
[bt_navigator-11] [WARN] [1789630412.660682311] [BehaviorTreeEngine]: Behavior Tree tick rate 100.00 was exceeded!
[bt_navigator-11] [WARN] [1789630412.757678964] [BehaviorTreeEngine]: Behavior Tree tick rate 100.00 was exceeded!
[bt_navigator-11] [WARN] [1789630412.761465152] [BehaviorTreeEngine]: Behavior Tree tick rate 100.00 was exceeded!
[controller_server-8] [INFO] [1789630412.836306824] [controller_server]: Passing new path to controller.
[bt_navigator-11] [WARN] [1789630412.845478191] [BehaviorTreeEngine]: Behavior Tree tick rate 100.00 was exceeded!
[swerve_bridge_node-14] [WARN] [1789630412.860612703] [swerve_bridge]: Django websocket disconnected: [Errno 111] Connection refused
[bt_navigator-11] [WARN] [1789630412.933926874] [BehaviorTreeEngine]: Behavior Tree tick rate 100.00 was exceeded!
[bt_navigator-11] [WARN] [1789630412.951332709] [BehaviorTreeEngine]: Behavior Tree tick rate 100.00 was exceeded!
[bt_navigator-11] [WARN] [1789630412.974644911] [BehaviorTreeEngine]: Behavior Tree tick rate 100.00 was exceeded!
[bt_navigator-11] [WARN] [1789630413.004359179] [BehaviorTreeEngine]: Behavior Tree tick rate 100.00 was exceeded!
[bt_navigator-11] [WARN] [1789630413.042198212] [BehaviorTreeEngine]: Behavior Tree tick rate 100.00 was exceeded!
[bt_navigator-11] [WARN] [1789630413.128375596] [BehaviorTreeEngine]: Behavior Tree tick rate 100.00 was exceeded!
[bt_navigator-11] [WARN] [1789630413.184014979] [BehaviorTreeEngine]: Behavior Tree tick rate 100.00 was exceeded!
[bt_navigator-11] [WARN] [1789630413.191235924] [BehaviorTreeEngine]: Behavior Tree tick rate 100.00 was exceeded!
[bt_navigator-11] [WARN] [1789630413.213715655] [BehaviorTreeEngine]: Behavior Tree tick rate 100.00 was exceeded!
[bt_navigator-11] [WARN] [1789630413.281731634] [BehaviorTreeEngine]: Behavior Tree tick rate 100.00 was exceeded!
[bt_navigator-11] [WARN] [1789630413.355034928] [BehaviorTreeEngine]: Behavior Tree tick rate 100.00 was exceeded!
[bt_navigator-11] [WARN] [1789630413.362117329] [BehaviorTreeEngine]: Behavior Tree tick rate 100.00 was exceeded!
[bt_navigator-11] [WARN] [1789630413.477107298] [BehaviorTreeEngine]: Behavior Tree tick rate 100.00 was exceeded!
[bt_navigator-11] [WARN] [1789630413.482637150] [BehaviorTreeEngine]: Behavior Tree tick rate 100.00 was exceeded!
[bt_navigator-11] [WARN] [1789630413.632181972] [BehaviorTreeEngine]: Behavior Tree tick rate 100.00 was exceeded!
[bt_navigator-11] [WARN] [1789630413.720296651] [BehaviorTreeEngine]: Behavior Tree tick rate 100.00 was exceeded!
[bt_navigator-11] [WARN] [1789630413.729080723] [BehaviorTreeEngine]: Behavior Tree tick rate 100.00 was exceeded!
[bt_navigator-11] [WARN] [1789630413.739182527] [BehaviorTreeEngine]: Behavior Tree tick rate 100.00 was exceeded!
[bt_navigator-11] [WARN] [1789630413.754570073] [BehaviorTreeEngine]: Behavior Tree tick rate 100.00 was exceeded!
[bt_navigator-11] [WARN] [1789630413.797623780] [BehaviorTreeEngine]: Behavior Tree tick rate 100.00 was exceeded!
[bt_navigator-11] [WARN] [1789630413.807767442] [BehaviorTreeEngine]: Behavior Tree tick rate 100.00 was exceeded!
[bt_navigator-11] [WARN] [1789630413.824209242] [BehaviorTreeEngine]: Behavior Tree tick rate 100.00 was exceeded!
[bt_navigator-11] [WARN] [1789630413.841498471] [BehaviorTreeEngine]: Behavior Tree tick rate 100.00 was exceeded!
[bt_navigator-11] [WARN] [1789630413.876871031] [BehaviorTreeEngine]: Behavior Tree tick rate 100.00 was exceeded!
[bt_navigator-11] [WARN] [1789630413.885727318] [BehaviorTreeEngine]: Behavior Tree tick rate 100.00 was exceeded!
[controller_server-8] [INFO] [1789630413.935520135] [controller_server]: Passing new path to controller.
[bt_navigator-11] [WARN] [1789630414.589168551] [BehaviorTreeEngine]: Behavior Tree tick rate 100.00 was exceeded!
[bt_navigator-11] [WARN] [1789630414.860162166] [BehaviorTreeEngine]: Behavior Tree tick rate 100.00 was exceeded!
[swerve_bridge_node-14] [WARN] [1789630414.867316921] [swerve_bridge]: Django websocket disconnected: [Errno 111] Connection refused
[bt_navigator-11] [WARN] [1789630414.908030606] [bt_navigator_navigate_to_pose_rclcpp_node]: Timed out while waiting for action server to acknowledge goal request for follow_path
[controller_server-8] [INFO] [1789630414.908438874] [local_costmap.local_costmap]: Received request to clear entirely the local_costmap
[planner_server-9] [INFO] [1789630414.915167082] [global_costmap.global_costmap]: Received request to clear entirely the global_costmap
[bt_navigator-11] [WARN] [1789630414.933297577] [BehaviorTreeEngine]: Behavior Tree tick rate 100.00 was exceeded!
[bt_navigator-11] [WARN] [1789630414.957027169] [BehaviorTreeEngine]: Behavior Tree tick rate 100.00 was exceeded!
[bt_navigator-11] [WARN] [1789630414.969243771] [BehaviorTreeEngine]: Behavior Tree tick rate 100.00 was exceeded!
[controller_server-8] [INFO] [1789630414.979158132] [controller_server]: Passing new path to controller.
[bt_navigator-11] [WARN] [1789630415.049486462] [BehaviorTreeEngine]: Behavior Tree tick rate 100.00 was exceeded!
[bt_navigator-11] [WARN] [1789630415.053547280] [BehaviorTreeEngine]: Behavior Tree tick rate 100.00 was exceeded!
[bt_navigator-11] [WARN] [1789630415.143408927] [BehaviorTreeEngine]: Behavior Tree tick rate 100.00 was exceeded!
[bt_navigator-11] [WARN] [1789630415.206657678] [BehaviorTreeEngine]: Behavior Tree tick rate 100.00 was exceeded!
[bt_navigator-11] [WARN] [1789630415.217415024] [BehaviorTreeEngine]: Behavior Tree tick rate 100.00 was exceeded!
[bt_navigator-11] [WARN] [1789630415.225382098] [BehaviorTreeEngine]: Behavior Tree tick rate 100.00 was exceeded!
[bt_navigator-11] [WARN] [1789630415.235929931] [BehaviorTreeEngine]: Behavior Tree tick rate 100.00 was exceeded!
[bt_navigator-11] [WARN] [1789630415.247529924] [BehaviorTreeEngine]: Behavior Tree tick rate 100.00 was exceeded!
[controller_server-8] [INFO] [1789630415.336706055] [controller_server]: Passing new path to controller.
[bt_navigator-11] [WARN] [1789630415.444863649] [BehaviorTreeEngine]: Behavior Tree tick rate 100.00 was exceeded!
[bt_navigator-11] [WARN] [1789630415.564943911] [BehaviorTreeEngine]: Behavior Tree tick rate 100.00 was exceeded!
[bt_navigator-11] [WARN] [1789630415.755117887] [BehaviorTreeEngine]: Behavior Tree tick rate 100.00 was exceeded!
[bt_navigator-11] [WARN] [1789630415.805401567] [BehaviorTreeEngine]: Behavior Tree tick rate 100.00 was exceeded!
[bt_navigator-11] [WARN] [1789630415.824049560] [BehaviorTreeEngine]: Behavior Tree tick rate 100.00 was exceeded!
[bt_navigator-11] [WARN] [1789630415.836968131] [BehaviorTreeEngine]: Behavior Tree tick rate 100.00 was exceeded!
[controller_server-8] [WARN] [1789630415.843596859] [controller_server]: Control loop missed its desired rate of 10.0000Hz
[bt_navigator-11] [WARN] [1789630416.001445360] [BehaviorTreeEngine]: Behavior Tree tick rate 100.00 was exceeded!
[controller_server-8] [WARN] [1789630416.038340681] [controller_server]: Control loop missed its desired rate of 10.0000Hz
[bt_navigator-11] [WARN] [1789630416.102495103] [BehaviorTreeEngine]: Behavior Tree tick rate 100.00 was exceeded!
[bt_navigator-11] [WARN] [1789630416.134620399] [BehaviorTreeEngine]: Behavior Tree tick rate 100.00 was exceeded!
[controller_server-8] [WARN] [1789630416.142535082] [controller_server]: Control loop missed its desired rate of 10.0000Hz
[bt_navigator-11] [WARN] [1789630416.313198253] [BehaviorTreeEngine]: Behavior Tree tick rate 100.00 was exceeded!
[controller_server-8] [INFO] [1789630416.337673455] [controller_server]: Passing new path to controller.
[bt_navigator-11] [WARN] [1789630416.563558043] [BehaviorTreeEngine]: Behavior Tree tick rate 100.00 was exceeded!
[bt_navigator-11] [WARN] [1789630416.721705099] [BehaviorTreeEngine]: Behavior Tree tick rate 100.00 was exceeded!
[swerve_bridge_node-14] [WARN] [1789630416.868530561] [swerve_bridge]: Django websocket disconnected: [Errno 111] Connection refused
[bt_navigator-11] [WARN] [1789630416.945479942] [BehaviorTreeEngine]: Behavior Tree tick rate 100.00 was exceeded!
[bt_navigator-11] [WARN] [1789630417.143596964] [BehaviorTreeEngine]: Behavior Tree tick rate 100.00 was exceeded!
[bt_navigator-11] [WARN] [1789630417.247265277] [BehaviorTreeEngine]: Behavior Tree tick rate 100.00 was exceeded!
[bt_navigator-11] [WARN] [1789630417.254102710] [BehaviorTreeEngine]: Behavior Tree tick rate 100.00 was exceeded!
[bt_navigator-11] [WARN] [1789630417.271325449] [BehaviorTreeEngine]: Behavior Tree tick rate 100.00 was exceeded!
[bt_navigator-11] [WARN] [1789630417.277705344] [BehaviorTreeEngine]: Behavior Tree tick rate 100.00 was exceeded!
[bt_navigator-11] [WARN] [1789630417.316921753] [BehaviorTreeEngine]: Behavior Tree tick rate 100.00 was exceeded!
[bt_navigator-11] [WARN] [1789630417.342235335] [BehaviorTreeEngine]: Behavior Tree tick rate 100.00 was exceeded!
[bt_navigator-11] [WARN] [1789630417.371994270] [BehaviorTreeEngine]: Behavior Tree tick rate 100.00 was exceeded!
[controller_server-8] [INFO] [1789630417.435414030] [controller_server]: Passing new path to controller.
[controller_server-8] [INFO] [1789630417.488407040] [controller_server]: Reached the goal!
[bt_navigator-11] [INFO] [1789630417.523693784] [bt_navigator]: Goal succeeded
