case,sim_time,elapsed_sim_time,elapsed_wall_time,cmd_publish_gap_sim,gt_x,gt_y,gt_yaw,gt_vx_world,gt_vy_world,gt_wz,odom_x,odom_y,odom_yaw,odom_vx,odom_vy,odom_wz,local_x,local_y,local_yaw,cmd_x,cmd_y,cmd_yaw,steer_cmd_front,steer_cmd_rear,drive_cmd_front,drive_cmd_rear,steer_pos_front,steer_pos_rear,wheel_vel_front,wheel_vel_rear,imu_wz,imu_yaw
X+,3.0,0.0,0.03341367699977127,,1.8470076137665214e-06,-3.4856778458394744e-08,6.771616913084164e-05,-0.00022016438996433208,7.689049732096471e-05,-0.00021857054941704963,-0.000177183547858756,-7.75296119053629e-10,1.0137823908972411e-10,-0.0002216202978608783,-9.584603167879644e-10,1.2827817570730938e-10,-5.309027399049115e-05,-3.297733211656813e-08,-2.4421595083534704e-05,0.2,0.0,0.0,0.0,0.0,0.0,0.0,4.213073264480727e-06,4.419093023066978e-06,-0.0034219975100710258,-0.003536242331042668,-0.0009606989461760216,6.771427474578234e-05
X+,3.0,0.0,0.06157222099864157,0.0,1.8482881226251913e-06,-3.5280725556308123e-08,6.772184966386335e-05,-0.00022014658864684015,7.686623216259602e-05,-0.00021851110709316965,-0.000177183547858756,-7.75296119053629e-10,1.0137823908972411e-10,-0.0002216202978608783,-9.584603167879644e-10,1.2827817570730938e-10,-5.309027399049115e-05,-3.297733211656813e-08,-2.4421595083534704e-05,0.2,0.0,0.0,0.0,0.0,0.0,0.0,4.2101682335982105e-06,4.416390873451803e-06,-0.0034219765304518003,-0.0035362626466401703,-0.0004129127127674797,6.772090323300335e-05
X+,3.0,0.0,0.09494312099923263,0.0,1.8497105969961236e-06,-3.5751408084851166e-08,6.772815954157284e-05,-0.00022012674291022792,7.68392795607475e-05,-0.0002184453568571474,-0.000177183547858756,-7.75296119053629e-10,1.0137823908972411e-10,-0.0002216202978608783,-9.584603167879644e-10,1.2827817570730938e-10,-5.309027399049115e-05,-3.297733211656813e-08,-2.4421595083534704e-05,0.2,0.0,0.0,0.0,0.0,0.0,0.0,4.207265421385387e-06,4.4136905161806794e-06,-0.0034219537262287205,-0.0035362818859914313,0.0028656010679393392,6.772721290109248e-05
X+,3.0,0.0,0.13096781299827853,0.0,1.8505637392370045e-06,-3.6033898833526257e-08,6.773194539297978e-05,-0.00022011500501170953,7.682296872197532e-05,-0.00021840594512857918,-0.0001993455335378272,-8.708336997680517e-10,1.1423608068629344e-10,-0.00022161985679071194,-9.553533397133978e-10,1.2857841596569325e-10,-4.9999009504026344e-05,-4.0655381224469364e-08,0.000247653723969954,0.2,0.0,0.0,0.0,0.0,1.001,1.001,4.204364776327907e-06,4.410992288761406e-06,-0.0034219370515702623,-0.0035363067716780187,0.0006906779549047653,6.773383768736328e-05
X+,3.1,0.10000000000000009,0.15823515599913662,0.10000000000000009,3.6083932343531494e-05,-2.045755722289433e-07,6.820446625931191e-05,0.004127688107546105,7.338815206013046e-05,-0.0002920991213593187,-0.0001993455335378272,-8.708336997680517e-10,1.1423608068629344e-10,-0.00022161985679071194,-9.553533397133978e-10,1.2857841596569325e-10,-4.9999009504026344e-05,-4.0655381224469364e-08,0.000247653723969954,0.2,0.0,0.0,0.0,0.0,1.001,1.001,7.051981842920441e-06,1.6618743862828467e-05,0.044523961570900904,0.05712337922882869,-0.0037616729920759546,6.819174414579121e-05
X+,3.1,0.10000000000000009,0.19111945899931015,0.0,5.589411729377963e-05,-2.5780703482355255e-07,6.817257726945046e-05,0.005220794424503193,8.695491599307803e-05,-0.0002825742941505245,-0.0001993455335378272,-8.708336997680517e-10,1.1423608068629344e-10,-0.00022161985679071194,-9.553533397133978e-10,1.2857841596569325e-10,-4.9999009504026344e-05,-4.0655381224469364e-08,0.000247653723969954,0.2,0.0,0.0,0.0,0.0,1.001,1.001,7.051981842920441e-06,1.6618743862828467e-05,0.044523961570900904,0.05712337922882869,-0.00035981413133813185,6.817257726945046e-05
X+,3.1,0.10000000000000009,0.21847766499922727,0.0,5.589411729377963e-05,-2.5780703482355255e-07,6.817257726945046e-05,0.005220794424503193,8.695491599307803e-05,-0.0002825742941505245,-0.0001993455335378272,-8.708336997680517e-10,1.1423608068629344e-10,-0.00022161985679071194,-9.553533397133978e-10,1.2857841596569325e-10,-4.9999009504026344e-05,-4.0655381224469364e-08,0.000247653723969954,0.2,0.0,0.0,0.0,0.0,1.001,1.001,7.051981842920441e-06,1.6618743862828467e-05,0.044523961570900904,0.05712337922882869,-0.00035981413133813185,6.817257726945046e-05
X+,3.1,0.10000000000000009,0.2463777039993147,0.0,5.589411729377963e-05,-2.5780703482355255e-07,6.817257726945046e-05,0.005220794424503193,8.695491599307803e-05,-0.0002825742941505245,-0.0001993455335378272,-8.708336997680517e-10,1.1423608068629344e-10,-0.00022161985679071194,-9.553533397133978e-10,1.2857841596569325e-10,-4.9999009504026344e-05,-4.0655381224469364e-08,0.000247653723969954,0.2,0.0,0.0,0.0,0.0,1.001,1.001,7.051981842920441e-06,1.6618743862828467e-05,0.044523961570900904,0.05712337922882869,-0.00035981413133813185,6.817257726945046e-05
X+,3.1,0.10000000000000009,0.273071075000189,0.0,5.589411729377963e-05,-2.5780703482355255e-07,6.817257726945046e-05,0.005220794424503193,8.695491599307803e-05,-0.0002825742941505245,-0.0001993455335378272,-8.708336997680517e-10,1.1423608068629344e-10,-0.00022161985679071194,-9.553533397133978e-10,1.2857841596569325e-10,-4.9999009504026344e-05,-4.0655381224469364e-08,0.000247653723969954,0.2,0.0,0.0,0.0,0.0,1.001,1.001,7.051981842920441e-06,1.6618743862828467e-05,0.044523961570900904,0.05712337922882869,-0.00035981413133813185,6.817257726945046e-05
X+,3.1,0.10000000000000009,0.3153264169995964,0.0,5.589411729377963e-05,-2.5780703482355255e-07,6.817257726945046e-05,0.005220794424503193,8.695491599307803e-05,-0.0002825742941505245,-0.0001993455335378272,-8.708336997680517e-10,1.1423608068629344e-10,-0.00022161985679071194,-9.553533397133978e-10,1.2857841596569325e-10,-4.9999009504026344e-05,-4.0655381224469364e-08,0.000247653723969954,0.2,0.0,0.0,0.0,0.0,1.001,1.001,7.051981842920441e-06,1.6618743862828467e-05,0.044523961570900904,0.05712337922882869,-0.00035981413133813185,6.817257726945046e-05
X+,3.1,0.10000000000000009,0.3404094840007019,0.0,5.589411729377963e-05,-2.5780703482355255e-07,6.817257726945046e-05,0.005220794424503193,8.695491599307803e-05,-0.0002825742941505245,-0.0001993455335378272,-8.708336997680517e-10,1.1423608068629344e-10,-0.00022161985679071194,-9.553533397133978e-10,1.2857841596569325e-10,-4.9999009504026344e-05,-4.0655381224469364e-08,0.000247653723969954,0.2,0.0,0.0,0.0,0.0,1.001,1.001,7.051981842920441e-06,1.6618743862828467e-05,0.044523961570900904,0.05712337922882869,-0.00035981413133813185,6.817257726945046e-05
X+,3.1,0.10000000000000009,0.3703011979996518,0.0,5.589411729377963e-05,-2.5780703482355255e-07,6.817257726945046e-05,0.005220794424503193,8.695491599307803e-05,-0.0002825742941505245,-0.0001993455335378272,-8.708336997680517e-10,1.1423608068629344e-10,-0.00022161985679071194,-9.553533397133978e-10,1.2857841596569325e-10,-4.9999009504026344e-05,-4.0655381224469364e-08,0.000247653723969954,0.2,0.0,0.0,0.0,0.0,1.001,1.001,7.051981842920441e-06,1.6618743862828467e-05,0.044523961570900904,0.05712337922882869,-0.00035981413133813185,6.817257726945046e-05
X+,3.1,0.10000000000000009,0.39923188999819104,0.0,5.589411729377963e-05,-2.5780703482355255e-07,6.817257726945046e-05,0.005220794424503193,8.695491599307803e-05,-0.0002825742941505245,-0.0001993455335378272,-8.708336997680517e-10,1.1423608068629344e-10,-0.00022161985679071194,-9.553533397133978e-10,1.2857841596569325e-10,-4.9999009504026344e-05,-4.0655381224469364e-08,0.000247653723969954,0.2,0.0,0.0,0.0,0.0,1.001,1.001,7.051981842920441e-06,1.6618743862828467e-05,0.044523961570900904,0.05712337922882869,-0.00035981413133813185,6.817257726945046e-05
X+,3.1,0.10000000000000009,0.42949185199904605,0.0,5.589411729377963e-05,-2.5780703482355255e-07,6.817257726945046e-05,0.005220794424503193,8.695491599307803e-05,-0.0002825742941505245,-0.0001993455335378272,-8.708336997680517e-10,1.1423608068629344e-10,-0.00022161985679071194,-9.553533397133978e-10,1.2857841596569325e-10,-4.9999009504026344e-05,-4.0655381224469364e-08,0.000247653723969954,0.2,0.0,0.0,0.0,0.0,1.001,1.001,7.051981842920441e-06,1.6618743862828467e-05,0.044523961570900904,0.05712337922882869,-0.00035981413133813185,6.817257726945046e-05
X+,3.1,0.10000000000000009,0.4580774690002727,0.0,5.589411729377963e-05,-2.5780703482355255e-07,6.817257726945046e-05,0.005220794424503193,8.695491599307803e-05,-0.0002825742941505245,-0.0001993455335378272,-8.708336997680517e-10,1.1423608068629344e-10,-0.00022161985679071194,-9.553533397133978e-10,1.2857841596569325e-10,-4.9999009504026344e-05,-4.0655381224469364e-08,0.000247653723969954,0.2,0.0,0.0,0.0,0.0,1.001,1.001,7.051981842920441e-06,1.6618743862828467e-05,0.044523961570900904,0.05712337922882869,-0.00035981413133813185,6.817257726945046e-05
X+,3.1,0.10000000000000009,0.4863574459996016,0.0,0.0001322618241490596,-2.8369086199023924e-07,6.817903772822419e-05,0.008091747004746283,9.621298902758708e-05,-0.0002787295226264039,-0.0001993455335378272,-8.708336997680517e-10,1.1423608068629344e-10,-0.00022161985679071194,-9.553533397133978e-10,1.2857841596569325e-10,-4.9999009504026344e-05,-4.0655381224469364e-08,0.000247653723969954,0.2,0.0,0.0,0.0,0.0,1.001,1.001,5.382983785828799e-06,1.3124257398189343e-05,0.12420849088852598,0.1325656545538628,-0.0016157908029261615,6.817648229776774e-05
X+,3.1,0.10000000000000009,0.5138169630008633,0.0,0.00032193425344140617,-2.7886791597632465e-07,6.821512900406932e-05,0.012380599901154216,9.572942246819379e-05,-0.0002799424581187211,-0.0001993455335378272,-8.708336997680517e-10,1.1423608068629344e-10,-0.00022161985679071194,-9.553533397133978e-10,1.2857841596569325e-10,-4.9999009504026344e-05,-4.0655381224469364e-08,0.000247653723969954,0.2,0.0,0.0,0.0,0.0,1.001,1.001,5.002096536088629e-06,1.2281533148694734e-05,0.16058629456945042,0.16830178718151617,0.001049542247633806,6.820008545296711e-05
X+,3.1,0.10000000000000009,0.5476079200016102,0.0,0.0006345942240387585,-2.7421440405069747e-07,6.82468294081912e-05,0.016798157481166823,9.505828629295898e-05,-0.00028030292087244033,-0.0001993455335378272,-8.708336997680517e-10,1.1423608068629344e-10,-0.00022161985679071194,-9.553533397133978e-10,1.2857841596569325e-10,-4.9999009504026344e-05,-4.0655381224469364e-08,0.000247653723969954,0.2,0.0,0.0,0.0,0.0,1.001,1.001,4.410720849890026e-06,1.0940194425046457e-05,0.2270878821465644,0.23393465757368911,0.0016880307369301717,6.823268844884148e-05
X+,3.1,0.10000000000000009,0.5747129429983033,0.0,0.0008336401583363025,-2.721357361132673e-07,6.826157020048636e-05,0.01888403494434277,9.489685288951809e-05,-0.0002805646636926344,-0.0001993455335378272,-8.708336997680517e-10,1.1423608068629344e-10,-0.00022161985679071194,-9.553533397133978e-10,1.2857841596569325e-10,-4.9999009504026344e-05,-4.0655381224469364e-08,0.000247653723969954,0.2,0.0,0.0,0.0,0.0,1.001,1.001,3.931628008047028e-06,9.796950187990205e-06,0.28604239552834315,0.29214630336822267,-0.00553990802441412,6.826157020048636e-05
X+,3.1,0.10000000000000009,0.603655989998515,0.0,0.0010972368578379514,-2.6979641205848726e-07,6.827812367966297e-05,0.02116455290241811,9.473192249644913e-05,-0.0002808647288185587,0.0016421854723960385,1.1827191584676263e-08,-1.8329963744680805e-08,0.01841531005933867,1.2697814915159735e-07,-1.8444199825367093e-07,-4.748966056884334e-05,-3.905273376551934e-08,0.00011463188656390959,0.2,0.0,0.0,0.0,0.0,2.001,2.001,3.743135896350225e-06,9.278245946653385e-06,0.31296132599897564,0.31871145663076955,-0.00036538162967153206,6.827812367966297e-05
X+,3.2,0.20000000000000018,0.6291366049990756,0.10000000000000009,0.0015053769177574144,-3.8499274733136413e-07,6.788374454145018e-05,0.02767095431722544,0.00011002504009840638,-0.00029973560578627247,0.0016421854723960385,1.1827191584676263e-08,-1.8329963744680805e-08,0.01841531005933867,1.2697814915159735e-07,-1.8444199825367093e-07,-4.748966056884334e-05,-3.905273376551934e-08,0.00011463188656390959,0.2,0.0,0.0,0.0,0.0,2.002,2.002,1.2584859433673046e-05,2.7650777847831876e-05,0.4239842391369744,0.44271387681977215,0.003501338228048372,6.820578077592443e-05
X+,3.2,0.20000000000000018,0.6576967680011876,0.0,0.0015053769177574144,-3.8499274733136413e-07,6.788374454145018e-05,0.02767095431722544,0.00011002504009840638,-0.00029973560578627247,0.0016421854723960385,1.1827191584676263e-08,-1.8329963744680805e-08,0.01841531005933867,1.2697814915159735e-07,-1.8444199825367093e-07,-4.748966056884334e-05,-3.905273376551934e-08,0.00011463188656390959,0.2,0.0,0.0,0.0,0.0,2.002,2.002,1.2584859433673046e-05,2.7650777847831876e-05,0.4239842391369744,0.44271387681977215,0.003501338228048372,6.820578077592443e-05
X+,3.2,0.20000000000000018,0.6924548280003364,0.0,0.0015053769177574144,-3.8499274733136413e-07,6.788374454145018e-05,0.02767095431722544,0.00011002504009840638,-0.00029973560578627247,0.0016421854723960385,1.1827191584676263e-08,-1.8329963744680805e-08,0.01841531005933867,1.2697814915159735e-07,-1.8444199825367093e-07,-4.748966056884334e-05,-3.905273376551934e-08,0.00011463188656390959,0.2,0.0,0.0,0.0,0.0,2.002,2.002,1.2584859433673046e-05,2.7650777847831876e-05,0.4239842391369744,0.44271387681977215,0.003501338228048372,6.820578077592443e-05
X+,3.2,0.20000000000000018,0.7191543839981023,0.0,0.0015053769177574144,-3.8499274733136413e-07,6.788374454145018e-05,0.02767095431722544,0.00011002504009840638,-0.00029973560578627247,0.0016421854723960385,1.1827191584676263e-08,-1.8329963744680805e-08,0.01841531005933867,1.2697814915159735e-07,-1.8444199825367093e-07,-4.748966056884334e-05,-3.905273376551934e-08,0.00011463188656390959,0.2,0.0,0.0,0.0,0.0,2.002,2.002,1.2584859433673046e-05,2.7650777847831876e-05,0.4239842391369744,0.44271387681977215,0.003501338228048372,6.820578077592443e-05
X+,3.2,0.20000000000000018,0.7441353979993437,0.0,0.0015053769177574144,-3.8499274733136413e-07,6.788374454145018e-05,0.02767095431722544,0.00011002504009840638,-0.00029973560578627247,0.0016421854723960385,1.1827191584676263e-08,-1.8329963744680805e-08,0.01841531005933867,1.2697814915159735e-07,-1.8444199825367093e-07,-4.748966056884334e-05,-3.905273376551934e-08,0.00011463188656390959,0.2,0.0,0.0,0.0,0.0,2.002,2.002,1.2584859433673046e-05,2.7650777847831876e-05,0.4239842391369744,0.44271387681977215,0.003501338228048372,6.820578077592443e-05
X+,3.2,0.20000000000000018,0.7709934089980379,0.0,0.0015053769177574144,-3.8499274733136413e-07,6.788374454145018e-05,0.02767095431722544,0.00011002504009840638,-0.00029973560578627247,0.0016421854723960385,1.1827191584676263e-08,-1.8329963744680805e-08,0.01841531005933867,1.2697814915159735e-07,-1.8444199825367093e-07,-4.748966056884334e-05,-3.905273376551934e-08,0.00011463188656390959,0.2,0.0,0.0,0.0,0.0,2.002,2.002,1.2584859433673046e-05,2.7650777847831876e-05,0.4239842391369744,0.44271387681977215,0.003501338228048372,6.820578077592443e-05
X+,3.2,0.20000000000000018,0.7962904659980268,0.0,0.0015053769177574144,-3.8499274733136413e-07,6.788374454145018e-05,0.02767095431722544,0.00011002504009840638,-0.00029973560578627247,0.0016421854723960385,1.1827191584676263e-08,-1.8329963744680805e-08,0.01841531005933867,1.2697814915159735e-07,-1.8444199825367093e-07,-4.748966056884334e-05,-3.905273376551934e-08,0.00011463188656390959,0.2,0.0,0.0,0.0,0.0,2.002,2.002,1.2584859433673046e-05,2.7650777847831876e-05,0.4239842391369744,0.44271387681977215,0.003501338228048372,6.820578077592443e-05
X+,3.2,0.20000000000000018,0.822685265000473,0.0,0.0015053769177574144,-3.8499274733136413e-07,6.788374454145018e-05,0.02767095431722544,0.00011002504009840638,-0.00029973560578627247,0.0016421854723960385,1.1827191584676263e-08,-1.8329963744680805e-08,0.01841531005933867,1.2697814915159735e-07,-1.8444199825367093e-07,-4.748966056884334e-05,-3.905273376551934e-08,0.00011463188656390959,0.2,0.0,0.0,0.0,0.0,2.002,2.002,1.2584859433673046e-05,2.7650777847831876e-05,0.4239842391369744,0.44271387681977215,0.003501338228048372,6.820578077592443e-05
X+,3.2,0.20000000000000018,0.8483544289993006,0.0,0.0015053769177574144,-3.8499274733136413e-07,6.788374454145018e-05,0.02767095431722544,0.00011002504009840638,-0.00029973560578627247,0.0016421854723960385,1.1827191584676263e-08,-1.8329963744680805e-08,0.01841531005933867,1.2697814915159735e-07,-1.8444199825367093e-07,-4.748966056884334e-05,-3.905273376551934e-08,0.00011463188656390959,0.2,0.0,0.0,0.0,0.0,2.002,2.002,1.2584859433673046e-05,2.7650777847831876e-05,0.4239842391369744,0.44271387681977215,0.003501338228048372,6.820578077592443e-05
X+,3.2,0.20000000000000018,0.8742893369999365,0.0,0.0015053769177574144,-3.8499274733136413e-07,6.788374454145018e-05,0.02767095431722544,0.00011002504009840638,-0.00029973560578627247,0.0016421854723960385,1.1827191584676263e-08,-1.8329963744680805e-08,0.01841531005933867,1.2697814915159735e-07,-1.8444199825367093e-07,-4.748966056884334e-05,-3.905273376551934e-08,0.00011463188656390959,0.2,0.0,0.0,0.0,0.0,2.002,2.002,1.2584859433673046e-05,2.7650777847831876e-05,0.4239842391369744,0.44271387681977215,0.003501338228048372,6.820578077592443e-05
X+,3.2,0.20000000000000018,0.902191902998311,0.0,0.0015053769177574144,-3.8499274733136413e-07,6.788374454145018e-05,0.02767095431722544,0.00011002504009840638,-0.00029973560578627247,0.0016421854723960385,1.1827191584676263e-08,-1.8329963744680805e-08,0.01841531005933867,1.2697814915159735e-07,-1.8444199825367093e-07,-4.748966056884334e-05,-3.905273376551934e-08,0.00011463188656390959,0.2,0.0,0.0,0.0,0.0,2.002,2.002,1.2584859433673046e-05,2.7650777847831876e-05,0.4239842391369744,0.44271387681977215,0.003501338228048372,6.820578077592443e-05
X+,3.2,0.20000000000000018,0.930679021999822,0.0,0.0015053769177574144,-3.8499274733136413e-07,6.788374454145018e-05,0.02767095431722544,0.00011002504009840638,-0.00029973560578627247,0.0016421854723960385,1.1827191584676263e-08,-1.8329963744680805e-08,0.01841531005933867,1.2697814915159735e-07,-1.8444199825367093e-07,-4.748966056884334e-05,-3.905273376551934e-08,0.00011463188656390959,0.2,0.0,0.0,0.0,0.0,2.002,2.002,1.2584859433673046e-05,2.7650777847831876e-05,0.4239842391369744,0.44271387681977215,0.003501338228048372,6.820578077592443e-05
X+,3.2,0.20000000000000018,0.9630125750009029,0.0,0.0015053769177574144,-3.8499274733136413e-07,6.788374454145018e-05,0.02767095431722544,0.00011002504009840638,-0.00029973560578627247,0.0016421854723960385,1.1827191584676263e-08,-1.8329963744680805e-08,0.01841531005933867,1.2697814915159735e-07,-1.8444199825367093e-07,-4.748966056884334e-05,-3.905273376551934e-08,0.00011463188656390959,0.2,0.0,0.0,0.0,0.0,2.002,2.002,1.2584859433673046e-05,2.7650777847831876e-05,0.4239842391369744,0.44271387681977215,0.003501338228048372,6.820578077592443e-05
X+,3.2,0.20000000000000018,0.991956993999338,0.0,0.0015053769177574144,-3.8499274733136413e-07,6.788374454145018e-05,0.02767095431722544,0.00011002504009840638,-0.00029973560578627247,0.0016421854723960385,1.1827191584676263e-08,-1.8329963744680805e-08,0.01841531005933867,1.2697814915159735e-07,-1.8444199825367093e-07,-4.748966056884334e-05,-3.905273376551934e-08,0.00011463188656390959,0.2,0.0,0.0,0.0,0.0,2.002,2.002,1.2584859433673046e-05,2.7650777847831876e-05,0.4239842391369744,0.44271387681977215,0.003501338228048372,6.820578077592443e-05
X+,3.2,0.20000000000000018,1.0230740129991318,0.0,0.0018444777950623603,-4.1767564043330985e-07,6.78328559619278e-05,0.033175003059207536,0.00011807143040610938,-0.0002723682756144565,0.0016421854723960385,1.1827191584676263e-08,-1.8329963744680805e-08,0.01841531005933867,1.2697814915159735e-07,-1.8444199825367093e-07,-4.748966056884334e-05,-3.905273376551934e-08,0.00011463188656390959,0.2,0.0,0.0,0.0,0.0,2.002,2.002,1.0987664742501124e-05,2.4437962580670103e-05,0.4993246878178345,0.5140851982507226,0.0038696194865025717,6.784661781213664e-05
X+,3.2,0.20000000000000018,1.0506782379998185,0.0,0.0022419308876908475,-4.232464866004912e-07,6.786355220045077e-05,0.038311667678658075,0.00011522580449085666,-0.0002641531683327587,0.0016421854723960385,1.1827191584676263e-08,-1.8329963744680805e-08,0.01841531005933867,1.2697814915159735e-07,-1.8444199825367093e-07,-4.748966056884334e-05,-3.905273376551934e-08,0.00011463188656390959,0.2,0.0,0.0,0.0,0.0,2.002,2.002,1.0119839162214816e-05,2.2535469573092826e-05,0.5702687091649732,0.5832369390280288,-0.0021908332935958973,6.7836678000012e-05
X+,3.2,0.20000000000000018,1.0814256880003086,0.0,0.0031013935664237387,-4.431231645334044e-07,6.793331424352067e-05,0.04676866983488886,0.00011023593734825452,-0.0002532935025534892,0.0016421854723960385,1.1827191584676263e-08,-1.8329963744680805e-08,0.01841531005933867,1.2697814915159735e-07,-1.8444199825367093e-07,-4.748966056884334e-05,-3.905273376551934e-08,0.00011463188656390959,0.2,0.0,0.0,0.0,0.0,2.002,2.002,8.955869964744068e-06,1.983022287621594e-05,0.699973461095176,0.7109260578404681,0.003886979453167739,6.793982339762106e-05
X+,3.2,0.20000000000000018,1.1064661199998227,0.0,0.004508969221333984,-4.71264369199427e-07,6.801166507462577e-05,0.05656857016937438,0.00010886892902261562,-0.0002521828225772064,0.0016421854723960385,1.1827191584676263e-08,-1.8329963744680805e-08,0.01841531005933867,1.2697814915159735e-07,-1.8444199825367093e-07,-4.748966056884334e-05,-3.905273376551934e-08,0.00011463188656390959,0.2,0.0,0.0,0.0,0.0,2.002,2.002,8.036938643485314e-06,1.760820667229268e-05,0.8149708969349204,0.8243205346773812,-0.00023434538567271518,6.799594599226681e-05
X+,3.2,0.20000000000000018,1.1349016210006084,0.0,0.005584272058361664,-4.892749325448309e-07,6.805573172870624e-05,0.062195782573884945,0.0001085955483889889,-0.00025335952070407983,0.007508040197788474,7.907379778156323e-08,-1.0136876204639826e-07,0.05865854725391202,6.735412710133496e-07,-8.303879830171746e-07,0.0033313967924397886,2.0167768586749473e-07,0.00027338701031620616,0.2,0.0,0.0,0.0,0.0,2.962962962962963,2.962962962962963,7.265886080354278e-06,1.5663140700006295e-05,0.9169319907217087,0.9247806390521053,-0.00440869586083705,6.805573172870624e-05
X+,3.3000000000000003,0.30000000000000027,1.162292556000466,0.10000000000000009,0.006945438501607882,-5.555244065218526e-07,6.779801719346221e-05,0.0737647887241691,0.0001044183119019629,-0.0002704717259162918,0.007508040197788474,7.907379778156323e-08,-1.0136876204639826e-07,0.05865854725391202,6.735412710133496e-07,-8.303879830171746e-07,0.0033313967924397886,2.0167768586749473e-07,0.00027338701031620616,0.2,0.0,0.0,0.0,0.0,2.962962962962963,2.962962962962963,1.5549131203940192e-05,3.2529350505683396e-05,1.0667361869340708,1.0864807086760728,-0.0014946850527218977,6.779801719346221e-05
X+,3.3000000000000003,0.30000000000000027,1.1928920940008538,0.0,0.006945438501607882,-5.555244065218526e-07,6.779801719346221e-05,0.0737647887241691,0.0001044183119019629,-0.0002704717259162918,0.007508040197788474,7.907379778156323e-08,-1.0136876204639826e-07,0.05865854725391202,6.735412710133496e-07,-8.303879830171746e-07,0.0033313967924397886,2.0167768586749473e-07,0.00027338701031620616,0.2,0.0,0.0,0.0,0.0,2.962962962962963,2.962962962962963,1.5549131203940192e-05,3.2529350505683396e-05,1.0667361869340708,1.0864807086760728,-0.0014946850527218977,6.779801719346221e-05
X+,3.3000000000000003,0.30000000000000027,1.218781889998354,0.0,0.006945438501607882,-5.555244065218526e-07,6.779801719346221e-05,0.0737647887241691,0.0001044183119019629,-0.0002704717259162918,0.007508040197788474,7.907379778156323e-08,-1.0136876204639826e-07,0.05865854725391202,6.735412710133496e-07,-8.303879830171746e-07,0.0033313967924397886,2.0167768586749473e-07,0.00027338701031620616,0.2,0.0,0.0,0.0,0.0,2.962962962962963,2.962962962962963,1.5549131203940192e-05,3.2529350505683396e-05,1.0667361869340708,1.0864807086760728,-0.0014946850527218977,6.779801719346221e-05
X+,3.3000000000000003,0.30000000000000027,1.2469325439997192,0.0,0.006945438501607882,-5.555244065218526e-07,6.779801719346221e-05,0.0737647887241691,0.0001044183119019629,-0.0002704717259162918,0.007508040197788474,7.907379778156323e-08,-1.0136876204639826e-07,0.05865854725391202,6.735412710133496e-07,-8.303879830171746e-07,0.0033313967924397886,2.0167768586749473e-07,0.00027338701031620616,0.2,0.0,0.0,0.0,0.0,2.962962962962963,2.962962962962963,1.5549131203940192e-05,3.2529350505683396e-05,1.0667361869340708,1.0864807086760728,-0.0014946850527218977,6.779801719346221e-05
X+,3.3000000000000003,0.30000000000000027,1.273562447000586,0.0,0.006945438501607882,-5.555244065218526e-07,6.779801719346221e-05,0.0737647887241691,0.0001044183119019629,-0.0002704717259162918,0.007508040197788474,7.907379778156323e-08,-1.0136876204639826e-07,0.05865854725391202,6.735412710133496e-07,-8.303879830171746e-07,0.0033313967924397886,2.0167768586749473e-07,0.00027338701031620616,0.2,0.0,0.0,0.0,0.0,2.962962962962963,2.962962962962963,1.5549131203940192e-05,3.2529350505683396e-05,1.0667361869340708,1.0864807086760728,-0.0014946850527218977,6.779801719346221e-05
X+,3.3000000000000003,0.30000000000000027,1.3017852869998023,0.0,0.006945438501607882,-5.555244065218526e-07,6.779801719346221e-05,0.0737647887241691,0.0001044183119019629,-0.0002704717259162918,0.007508040197788474,7.907379778156323e-08,-1.0136876204639826e-07,0.05865854725391202,6.735412710133496e-07,-8.303879830171746e-07,0.0033313967924397886,2.0167768586749473e-07,0.00027338701031620616,0.2,0.0,0.0,0.0,0.0,2.962962962962963,2.962962962962963,1.5549131203940192e-05,3.2529350505683396e-05,1.0667361869340708,1.0864807086760728,-0.0014946850527218977,6.779801719346221e-05
X+,3.3000000000000003,0.30000000000000027,1.3325687750002544,0.0,0.006945438501607882,-5.555244065218526e-07,6.779801719346221e-05,0.0737647887241691,0.0001044183119019629,-0.0002704717259162918,0.007508040197788474,7.907379778156323e-08,-1.0136876204639826e-07,0.05865854725391202,6.735412710133496e-07,-8.303879830171746e-07,0.0033313967924397886,2.0167768586749473e-07,0.00027338701031620616,0.2,0.0,0.0,0.0,0.0,2.962962962962963,2.962962962962963,1.5549131203940192e-05,3.2529350505683396e-05,1.0667361869340708,1.0864807086760728,-0.0014946850527218977,6.779801719346221e-05
X+,3.3000000000000003,0.30000000000000027,1.3607424510009878,0.0,0.006945438501607882,-5.555244065218526e-07,6.779801719346221e-05,0.0737647887241691,0.0001044183119019629,-0.0002704717259162918,0.007508040197788474,7.907379778156323e-08,-1.0136876204639826e-07,0.05865854725391202,6.735412710133496e-07,-8.303879830171746e-07,0.0033313967924397886,2.0167768586749473e-07,0.00027338701031620616,0.2,0.0,0.0,0.0,0.0,2.962962962962963,2.962962962962963,1.5549131203940192e-05,3.2529350505683396e-05,1.0667361869340708,1.0864807086760728,-0.0014946850527218977,6.779801719346221e-05
X+,3.3000000000000003,0.30000000000000027,1.3888849280010618,0.0,0.006945438501607882,-5.555244065218526e-07,6.779801719346221e-05,0.0737647887241691,0.0001044183119019629,-0.0002704717259162918,0.007508040197788474,7.907379778156323e-08,-1.0136876204639826e-07,0.05865854725391202,6.735412710133496e-07,-8.303879830171746e-07,0.0033313967924397886,2.0167768586749473e-07,0.00027338701031620616,0.2,0.0,0.0,0.0,0.0,2.962962962962963,2.962962962962963,1.5549131203940192e-05,3.2529350505683396e-05,1.0667361869340708,1.0864807086760728,-0.0014946850527218977,6.779801719346221e-05
X+,3.3000000000000003,0.30000000000000027,1.4179965160001302,0.0,0.006945438501607882,-5.555244065218526e-07,6.779801719346221e-05,0.0737647887241691,0.0001044183119019629,-0.0002704717259162918,0.007508040197788474,7.907379778156323e-08,-1.0136876204639826e-07,0.05865854725391202,6.735412710133496e-07,-8.303879830171746e-07,0.0033313967924397886,2.0167768586749473e-07,0.00027338701031620616,0.2,0.0,0.0,0.0,0.0,2.962962962962963,2.962962962962963,1.5549131203940192e-05,3.2529350505683396e-05,1.0667361869340708,1.0864807086760728,-0.0014946850527218977,6.779801719346221e-05
X+,3.3000000000000003,0.30000000000000027,1.4432420640005148,0.0,0.006945438501607882,-5.555244065218526e-07,6.779801719346221e-05,0.0737647887241691,0.0001044183119019629,-0.0002704717259162918,0.007508040197788474,7.907379778156323e-08,-1.0136876204639826e-07,0.05865854725391202,6.735412710133496e-07,-8.303879830171746e-07,0.0033313967924397886,2.0167768586749473e-07,0.00027338701031620616,0.2,0.0,0.0,0.0,0.0,2.962962962962963,2.962962962962963,1.5549131203940192e-05,3.2529350505683396e-05,1.0667361869340708,1.0864807086760728,-0.0014946850527218977,6.779801719346221e-05
X+,3.3000000000000003,0.30000000000000027,1.474339371001406,0.0,0.006945438501607882,-5.555244065218526e-07,6.779801719346221e-05,0.0737647887241691,0.0001044183119019629,-0.0002704717259162918,0.007508040197788474,7.907379778156323e-08,-1.0136876204639826e-07,0.05865854725391202,6.735412710133496e-07,-8.303879830171746e-07,0.0033313967924397886,2.0167768586749473e-07,0.00027338701031620616,0.2,0.0,0.0,0.0,0.0,2.962962962962963,2.962962962962963,1.5549131203940192e-05,3.2529350505683396e-05,1.0667361869340708,1.0864807086760728,-0.0014946850527218977,6.779801719346221e-05
X+,3.3000000000000003,0.30000000000000027,1.5047539090010105,0.0,0.006945438501607882,-5.555244065218526e-07,6.779801719346221e-05,0.0737647887241691,0.0001044183119019629,-0.0002704717259162918,0.007508040197788474,7.907379778156323e-08,-1.0136876204639826e-07,0.05865854725391202,6.735412710133496e-07,-8.303879830171746e-07,0.0033313967924397886,2.0167768586749473e-07,0.00027338701031620616,0.2,0.0,0.0,0.0,0.0,2.962962962962963,2.962962962962963,1.5549131203940192e-05,3.2529350505683396e-05,1.0667361869340708,1.0864807086760728,-0.0014946850527218977,6.779801719346221e-05
X+,3.3000000000000003,0.30000000000000027,1.5317687099995965,0.0,0.006945438501607882,-5.555244065218526e-07,6.779801719346221e-05,0.0737647887241691,0.0001044183119019629,-0.0002704717259162918,0.007508040197788474,7.907379778156323e-08,-1.0136876204639826e-07,0.05865854725391202,6.735412710133496e-07,-8.303879830171746e-07,0.0033313967924397886,2.0167768586749473e-07,0.00027338701031620616,0.2,0.0,0.0,0.0,0.0,2.962962962962963,2.962962962962963,1.5549131203940192e-05,3.2529350505683396e-05,1.0667361869340708,1.0864807086760728,-0.0014946850527218977,6.779801719346221e-05
X+,3.3000000000000003,0.30000000000000027,1.563318166998215,0.0,0.007716330378729843,-5.948364050793395e-07,6.784036761994539e-05,0.07952682376699552,0.0001002108577677295,-0.0002638296125229605,0.007508040197788474,7.907379778156323e-08,-1.0136876204639826e-07,0.05865854725391202,6.735412710133496e-07,-8.303879830171746e-07,0.0033313967924397886,2.0167768586749473e-07,0.00027338701031620616,0.2,0.0,0.0,0.0,0.0,2.962962962962963,2.962962962962963,1.3921607866507202e-05,2.9100078849708666e-05,1.1587807620025112,1.1743580032721794,-0.0014946850527218977,6.779801719346221e-05
X+,3.3000000000000003,0.30000000000000027,1.6023643340013223,0.0,0.009603226795075082,-6.640287819239393e-07,6.787800057506809e-05,0.09095090671989804,9.646524018138519e-05,-0.00026659558393198524,0.007508040197788474,7.907379778156323e-08,-1.0136876204639826e-07,0.05865854725391202,6.735412710133496e-07,-8.303879830171746e-07,0.0033313967924397886,2.0167768586749473e-07,0.00027338701031620616,0.2,0.0,0.0,0.0,0.0,2.962962962962963,2.962962962962963,1.2298147455069852e-05,2.5241649651341902e-05,1.327076272994315,1.3391457250774292,-0.0006051232862241999,6.789179284526365e-05
X+,3.3000000000000003,0.30000000000000027,1.63306865100094,0.0,0.011222797181160312,-6.926600466528043e-07,6.785220955242419e-05,0.09870335917732545,9.36749910861612e-05,-0.00027923347063290574,0.007508040197788474,7.907379778156323e-08,-1.0136876204639826e-07,0.05865854725391202,6.735412710133496e-07,-8.303879830171746e-07,0.0033313967924397886,2.0167768586749473e-07,0.00027338701031620616,0.2,0.0,0.0,0.0,0.0,2.962962962962963,2.962962962962963,1.1194861124330657e-05,2.236218410978097e-05,1.47635407786993,1.4860708254505466,7.869049867203522e-05,6.785955593212958e-05
X+,3.3000000000000003,0.30000000000000027,1.6651410849990498,0.0,0.013072769118343795,-7.579636074140153e-07,6.78188868463778e-05,0.10599982585989111,8.133537609886572e-05,-0.0002508302347076264,0.007508040197788474,7.907379778156323e-08,-1.0136876204639826e-07,0.05865854725391202,6.735412710133496e-07,-8.303879830171746e-07,0.0033313967924397886,2.0167768586749473e-07,0.00027338701031620616,0.2,0.0,0.0,0.0,0.0,2.962962962962963,2.962962962962963,1.023177419412491e-05,1.9840744871046923e-05,1.6087565759901645,1.6163425869848287,-0.0005143730915104261,6.777720063299215e-05
X+,3.3000000000000003,0.30000000000000027,1.6910948529985035,0.0,0.015159007800765397,-8.112910260564196e-07,6.774817287212252e-05,0.11278823841937906,6.674861075323029e-05,-0.0002228514203993593,0.018162302481433794,2.3122255142229332e-07,-2.584100986195667e-07,0.1065426228362984,1.5322876301894005e-06,-1.5704133657316846e-06,0.012999624408147694,-1.4401687065634747e-06,-0.0002615860684525018,0.2,0.0,0.0,0.0,0.0,2.962962962962963,2.962962962962963,9.612558053539999e-06,1.7691774234052104e-05,1.726345876729437,1.7318126430950045,-0.002039045007818722,6.774817287212252e-05
X+,3.4000000000000004,0.40000000000000036,1.7230016989997239,0.10000000000000009,0.016074406063648704,-8.212107138055869e-07,6.769091235341451e-05,0.11539013902366803,6.0382506999090394e-05,-0.00021123754938488987,0.018162302481433794,2.3122255142229332e-07,-2.584100986195667e-07,0.1065426228362984,1.5322876301894005e-06,-1.5704133657316846e-06,0.012999624408147694,-1.4401687065634747e-06,-0.0002615860684525018,0.2,0.0,0.0,0.0,0.0,2.962962962962963,2.962962962962963,9.280343522988233e-06,1.668380219665977e-05,1.7800760583159765,1.784518845813843,-0.002039045007818722,6.774817287212252e-05
X+,3.4000000000000004,0.40000000000000036,1.7487444110010983,0.0,0.016074406063648704,-8.212107138055869e-07,6.769091235341451e-05,0.11539013902366803,6.0382506999090394e-05,-0.00021123754938488987,0.018162302481433794,2.3122255142229332e-07,-2.584100986195667e-07,0.1065426228362984,1.5322876301894005e-06,-1.5704133657316846e-06,0.012999624408147694,-1.4401687065634747e-06,-0.0002615860684525018,0.2,0.0,0.0,0.0,0.0,2.962962962962963,2.962962962962963,9.280343522988233e-06,1.668380219665977e-05,1.7800760583159765,1.784518845813843,-0.002039045007818722,6.774817287212252e-05
X+,3.4000000000000004,0.40000000000000036,1.7760832339990884,0.0,0.016074406063648704,-8.212107138055869e-07,6.769091235341451e-05,0.11539013902366803,6.0382506999090394e-05,-0.00021123754938488987,0.018162302481433794,2.3122255142229332e-07,-2.584100986195667e-07,0.1065426228362984,1.5322876301894005e-06,-1.5704133657316846e-06,0.012999624408147694,-1.4401687065634747e-06,-0.0002615860684525018,0.2,0.0,0.0,0.0,0.0,2.962962962962963,2.962962962962963,9.280343522988233e-06,1.668380219665977e-05,1.7800760583159765,1.784518845813843,-0.002039045007818722,6.774817287212252e-05
X+,3.4000000000000004,0.40000000000000036,1.8011865539992868,0.0,0.016074406063648704,-8.212107138055869e-07,6.769091235341451e-05,0.11539013902366803,6.0382506999090394e-05,-0.00021123754938488987,0.018162302481433794,2.3122255142229332e-07,-2.584100986195667e-07,0.1065426228362984,1.5322876301894005e-06,-1.5704133657316846e-06,0.012999624408147694,-1.4401687065634747e-06,-0.0002615860684525018,0.2,0.0,0.0,0.0,0.0,2.962962962962963,2.962962962962963,9.280343522988233e-06,1.668380219665977e-05,1.7800760583159765,1.784518845813843,-0.002039045007818722,6.774817287212252e-05
X+,3.4000000000000004,0.40000000000000036,1.8249242620004225,0.0,0.016074406063648704,-8.212107138055869e-07,6.769091235341451e-05,0.11539013902366803,6.0382506999090394e-05,-0.00021123754938488987,0.018162302481433794,2.3122255142229332e-07,-2.584100986195667e-07,0.1065426228362984,1.5322876301894005e-06,-1.5704133657316846e-06,0.012999624408147694,-1.4401687065634747e-06,-0.0002615860684525018,0.2,0.0,0.0,0.0,0.0,2.962962962962963,2.962962962962963,9.280343522988233e-06,1.668380219665977e-05,1.7800760583159765,1.784518845813843,-0.002039045007818722,6.774817287212252e-05
X+,3.4000000000000004,0.40000000000000036,1.851475717001449,0.0,0.016074406063648704,-8.212107138055869e-07,6.769091235341451e-05,0.11539013902366803,6.0382506999090394e-05,-0.00021123754938488987,0.018162302481433794,2.3122255142229332e-07,-2.584100986195667e-07,0.1065426228362984,1.5322876301894005e-06,-1.5704133657316846e-06,0.012999624408147694,-1.4401687065634747e-06,-0.0002615860684525018,0.2,0.0,0.0,0.0,0.0,2.962962962962963,2.962962962962963,9.280343522988233e-06,1.668380219665977e-05,1.7800760583159765,1.784518845813843,-0.002039045007818722,6.774817287212252e-05
X+,3.4000000000000004,0.40000000000000036,1.8799535580001248,0.0,0.016074406063648704,-8.212107138055869e-07,6.769091235341451e-05,0.11539013902366803,6.0382506999090394e-05,-0.00021123754938488987,0.018162302481433794,2.3122255142229332e-07,-2.584100986195667e-07,0.1065426228362984,1.5322876301894005e-06,-1.5704133657316846e-06,0.012999624408147694,-1.4401687065634747e-06,-0.0002615860684525018,0.2,0.0,0.0,0.0,0.0,2.962962962962963,2.962962962962963,9.280343522988233e-06,1.668380219665977e-05,1.7800760583159765,1.784518845813843,-0.002039045007818722,6.774817287212252e-05
X+,3.4000000000000004,0.40000000000000036,1.9113014780014055,0.0,0.016074406063648704,-8.212107138055869e-07,6.769091235341451e-05,0.11539013902366803,6.0382506999090394e-05,-0.00021123754938488987,0.018162302481433794,2.3122255142229332e-07,-2.584100986195667e-07,0.1065426228362984,1.5322876301894005e-06,-1.5704133657316846e-06,0.012999624408147694,-1.4401687065634747e-06,-0.0002615860684525018,0.2,0.0,0.0,0.0,0.0,2.962962962962963,2.962962962962963,9.280343522988233e-06,1.668380219665977e-05,1.7800760583159765,1.784518845813843,-0.002039045007818722,6.774817287212252e-05
X+,3.4000000000000004,0.40000000000000036,1.9432732509994821,0.0,0.016074406063648704,-8.212107138055869e-07,6.769091235341451e-05,0.11539013902366803,6.0382506999090394e-05,-0.00021123754938488987,0.018162302481433794,2.3122255142229332e-07,-2.584100986195667e-07,0.1065426228362984,1.5322876301894005e-06,-1.5704133657316846e-06,0.012999624408147694,-1.4401687065634747e-06,-0.0002615860684525018,0.2,0.0,0.0,0.0,0.0,2.962962962962963,2.962962962962963,9.280343522988233e-06,1.668380219665977e-05,1.7800760583159765,1.784518845813843,-0.002039045007818722,6.774817287212252e-05
X+,3.4000000000000004,0.40000000000000036,1.9688608569995267,0.0,0.016074406063648704,-8.212107138055869e-07,6.769091235341451e-05,0.11539013902366803,6.0382506999090394e-05,-0.00021123754938488987,0.018162302481433794,2.3122255142229332e-07,-2.584100986195667e-07,0.1065426228362984,1.5322876301894005e-06,-1.5704133657316846e-06,0.012999624408147694,-1.4401687065634747e-06,-0.0002615860684525018,0.2,0.0,0.0,0.0,0.0,2.962962962962963,2.962962962962963,9.280343522988233e-06,1.668380219665977e-05,1.7800760583159765,1.784518845813843,-0.002039045007818722,6.774817287212252e-05
X+,3.4000000000000004,0.40000000000000036,2.0031800440010556,0.0,0.016074406063648704,-8.212107138055869e-07,6.769091235341451e-05,0.11539013902366803,6.0382506999090394e-05,-0.00021123754938488987,0.018162302481433794,2.3122255142229332e-07,-2.584100986195667e-07,0.1065426228362984,1.5322876301894005e-06,-1.5704133657316846e-06,0.012999624408147694,-1.4401687065634747e-06,-0.0002615860684525018,0.2,0.0,0.0,0.0,0.0,2.962962962962963,2.962962962962963,9.280343522988233e-06,1.668380219665977e-05,1.7800760583159765,1.784518845813843,-0.002039045007818722,6.774817287212252e-05
X+,3.4000000000000004,0.40000000000000036,2.031948972999089,0.0,0.016074406063648704,-8.212107138055869e-07,6.769091235341451e-05,0.11539013902366803,6.0382506999090394e-05,-0.00021123754938488987,0.018162302481433794,2.3122255142229332e-07,-2.584100986195667e-07,0.1065426228362984,1.5322876301894005e-06,-1.5704133657316846e-06,0.012999624408147694,-1.4401687065634747e-06,-0.0002615860684525018,0.2,0.0,0.0,0.0,0.0,2.962962962962963,2.962962962962963,9.280343522988233e-06,1.668380219665977e-05,1.7800760583159765,1.784518845813843,-0.002039045007818722,6.774817287212252e-05
X+,3.4000000000000004,0.40000000000000036,2.06619342400154,0.0,0.016074406063648704,-8.212107138055869e-07,6.769091235341451e-05,0.11539013902366803,6.0382506999090394e-05,-0.00021123754938488987,0.018162302481433794,2.3122255142229332e-07,-2.584100986195667e-07,0.1065426228362984,1.5322876301894005e-06,-1.5704133657316846e-06,0.012999624408147694,-1.4401687065634747e-06,-0.0002615860684525018,0.2,0.0,0.0,0.0,0.0,2.962962962962963,2.962962962962963,9.280343522988233e-06,1.668380219665977e-05,1.7800760583159765,1.784518845813843,-0.002039045007818722,6.774817287212252e-05
X+,3.4000000000000004,0.40000000000000036,2.1008491600005073,0.0,0.016074406063648704,-8.212107138055869e-07,6.769091235341451e-05,0.11539013902366803,6.0382506999090394e-05,-0.00021123754938488987,0.018162302481433794,2.3122255142229332e-07,-2.584100986195667e-07,0.1065426228362984,1.5322876301894005e-06,-1.5704133657316846e-06,0.012999624408147694,-1.4401687065634747e-06,-0.0002615860684525018,0.2,0.0,0.0,0.0,0.0,2.962962962962963,2.962962962962963,9.280343522988233e-06,1.668380219665977e-05,1.7800760583159765,1.784518845813843,-0.002039045007818722,6.774817287212252e-05
X+,3.4000000000000004,0.40000000000000036,2.130417980999482,0.0,0.016074406063648704,-8.212107138055869e-07,6.769091235341451e-05,0.11539013902366803,6.0382506999090394e-05,-0.00021123754938488987,0.018162302481433794,2.3122255142229332e-07,-2.584100986195667e-07,0.1065426228362984,1.5322876301894005e-06,-1.5704133657316846e-06,0.012999624408147694,-1.4401687065634747e-06,-0.0002615860684525018,0.2,0.0,0.0,0.0,0.0,2.962962962962963,2.962962962962963,9.280343522988233e-06,1.668380219665977e-05,1.7800760583159765,1.784518845813843,-0.002039045007818722,6.774817287212252e-05
X+,3.4000000000000004,0.40000000000000036,2.165267396998388,0.0,0.01630645488656215,-7.857011437321579e-07,6.758949404206792e-05,0.11601818279306872,7.574152324552948e-05,-0.0002600461251711317,0.018162302481433794,2.3122255142229332e-07,-2.584100986195667e-07,0.1065426228362984,1.5322876301894005e-06,-1.5704133657316846e-06,0.012999624408147694,-1.4401687065634747e-06,-0.0002615860684525018,0.2,0.0,0.0,0.0,0.0,2.962962962962963,2.962962962962963,9.280343522988233e-06,1.668380219665977e-05,1.7800760583159765,1.784518845813843,-0.002039045007818722,6.774817287212252e-05
X+,3.4000000000000004,0.40000000000000036,2.1997937129999627,0.0,0.018692605242972338,-8.547202728021244e-07,6.755219627385277e-05,0.12183463302408322,6.497616501310256e-05,-0.0002510517060975926,0.018162302481433794,2.3122255142229332e-07,-2.584100986195667e-07,0.1065426228362984,1.5322876301894005e-06,-1.5704133657316846e-06,0.012999624408147694,-1.4401687065634747e-06,-0.0002615860684525018,0.2,0.0,0.0,0.0,0.0,2.962962962962963,2.962962962962963,8.705543177001118e-06,1.4841868892112586e-05,1.8784742084073827,1.8809445343170497,0.0015478749710257551,6.75539269087597e-05
X+,3.4000000000000004,0.40000000000000036,2.2269015540005057,0.0,0.020933053200702077,-9.570568404804539e-07,6.75699537257474e-05,0.12640208919503737,5.0194811727675406e-05,-0.00025361016522206794,0.018162302481433794,2.3122255142229332e-07,-2.584100986195667e-07,0.1065426228362984,1.5322876301894005e-06,-1.5704133657316846e-06,0.012999624408147694,-1.4401687065634747e-06,-0.0002615860684525018,0.2,0.0,0.0,0.0,0.0,2.962962962962963,2.962962962962963,8.26004109022449e-06,1.3222495339526574e-05,1.96596472633152,1.9664597389272906,-0.001184305165124203,6.753255530489369e-05
X+,3.4000000000000004,0.40000000000000036,2.2597471799999767,0.0,0.023381167479133783,-1.1828552561130717e-06,6.783751707506904e-05,0.13061031569824932,4.3431630688449326e-05,-0.00027396796288531674,0.018162302481433794,2.3122255142229332e-07,-2.584100986195667e-07,0.1065426228362984,1.5322876301894005e-06,-1.5704133657316846e-06,0.012999624408147694,-1.4401687065634747e-06,-0.0002615860684525018,0.2,0.0,0.0,0.0,0.0,2.962962962962963,2.962962962962963,7.92421104645058e-06,1.182313643699473e-05,2.043853654753026,2.0423971116134236,3.1413290206217448e-06,6.775942159455813e-05
X+,3.4000000000000004,0.40000000000000036,2.3001412589983374,0.0,0.026038271179684956,-1.4915271157748058e-06,6.830991741392395e-05,0.13443158092407115,3.795053159986352e-05,-0.00028437743810809943,0.018162302481433794,2.3122255142229332e-07,-2.584100986195667e-07,0.1065426228362984,1.5322876301894005e-06,-1.5704133657316846e-06,0.029782085683971303,1.4942560798126102e-07,-4.406112442101312e-05,0.2,0.0,0.0,0.0,0.0,2.962962962962963,2.962962962962963,7.694544495784328e-06,1.063721695704345e-05,2.113280541008401,2.109907735979115,-4.9194202828987266e-05,6.823631068101625e-05
X+,3.5,0.5,2.3262836009998864,0.09999999999999964,0.028766005970503775,-1.8068110010796903e-06,6.87894541234792e-05,0.13769588917940345,3.318153688020359e-05,-0.00029971946750478065,0.0314013799462738,3.535860358193632e-07,-3.333670800270551e-07,0.1323907746480794,1.257845957103871e-06,-7.495698140748831e-07,0.029782085683971303,1.4942560798126102e-07,-4.406112442101312e-05,0.2,0.0,0.0,0.0,0.0,2.962962962962963,2.962962962962963,7.612142011836909e-06,1.0110944857366633e-05,2.1451524801804718,2.1408249413009437,-0.003238276101069943,6.874298807171181e-05
X+,3.5,0.5,2.3607441099993594,0.0,0.03015303511315446,-1.964230962707425e-06,6.901073419345323e-05,0.13913821625832534,2.906223298801335e-05,-0.00031327148696511467,0.0314013799462738,3.535860358193632e-07,-3.333670800270551e-07,0.1323907746480794,1.257845957103871e-06,-7.495698140748831e-07,0.029782085683971303,1.4942560798126102e-07,-4.406112442101312e-05,0.2,0.0,0.0,0.0,0.0,2.962962962962963,2.962962962962963,7.54852321271926e-06,9.624139759800698e-06,2.17529150822644,2.1700088806768485,-0.001159658461185374,6.896821698806747e-05
X+,3.5,0.5,2.390893359999609,0.0,0.03015303511315446,-1.964230962707425e-06,6.901073419345323e-05,0.13913821625832534,2.906223298801335e-05,-0.00031327148696511467,0.0314013799462738,3.535860358193632e-07,-3.333670800270551e-07,0.1323907746480794,1.257845957103871e-06,-7.495698140748831e-07,0.029782085683971303,1.4942560798126102e-07,-4.406112442101312e-05,0.2,0.0,0.0,0.0,0.0,2.962962962962963,2.962962962962963,7.54852321271926e-06,9.624139759800698e-06,2.17529150822644,2.1700088806768485,-0.001159658461185374,6.896821698806747e-05
X+,3.5,0.5,2.4176420170006168,0.0,0.03015303511315446,-1.964230962707425e-06,6.901073419345323e-05,0.13913821625832534,2.906223298801335e-05,-0.00031327148696511467,0.0314013799462738,3.535860358193632e-07,-3.333670800270551e-07,0.1323907746480794,1.257845957103871e-06,-7.495698140748831e-07,0.029782085683971303,1.4942560798126102e-07,-4.406112442101312e-05,0.2,0.0,0.0,0.0,0.0,2.962962962962963,2.962962962962963,7.54852321271926e-06,9.624139759800698e-06,2.17529150822644,2.1700088806768485,-0.001159658461185374,6.896821698806747e-05
X+,3.5,0.5,2.443699374998687,0.0,0.03015303511315446,-1.964230962707425e-06,6.901073419345323e-05,0.13913821625832534,2.906223298801335e-05,-0.00031327148696511467,0.0314013799462738,3.535860358193632e-07,-3.333670800270551e-07,0.1323907746480794,1.257845957103871e-06,-7.495698140748831e-07,0.029782085683971303,1.4942560798126102e-07,-4.406112442101312e-05,0.2,0.0,0.0,0.0,0.0,2.962962962962963,2.962962962962963,7.54852321271926e-06,9.624139759800698e-06,2.17529150822644,2.1700088806768485,-0.001159658461185374,6.896821698806747e-05
X+,3.5,0.5,2.4694626349992177,0.0,0.03015303511315446,-1.964230962707425e-06,6.901073419345323e-05,0.13913821625832534,2.906223298801335e-05,-0.00031327148696511467,0.0314013799462738,3.535860358193632e-07,-3.333670800270551e-07,0.1323907746480794,1.257845957103871e-06,-7.495698140748831e-07,0.029782085683971303,1.4942560798126102e-07,-4.406112442101312e-05,0.2,0.0,0.0,0.0,0.0,2.962962962962963,2.962962962962963,7.54852321271926e-06,9.624139759800698e-06,2.17529150822644,2.1700088806768485,-0.001159658461185374,6.896821698806747e-05
X+,3.5,0.5,2.4986919689981733,0.0,0.03015303511315446,-1.964230962707425e-06,6.901073419345323e-05,0.13913821625832534,2.906223298801335e-05,-0.00031327148696511467,0.0314013799462738,3.535860358193632e-07,-3.333670800270551e-07,0.1323907746480794,1.257845957103871e-06,-7.495698140748831e-07,0.029782085683971303,1.4942560798126102e-07,-4.406112442101312e-05,0.2,0.0,0.0,0.0,0.0,2.962962962962963,2.962962962962963,7.54852321271926e-06,9.624139759800698e-06,2.17529150822644,2.1700088806768485,-0.001159658461185374,6.896821698806747e-05
X+,3.5,0.5,2.5311728499982564,0.0,0.03015303511315446,-1.964230962707425e-06,6.901073419345323e-05,0.13913821625832534,2.906223298801335e-05,-0.00031327148696511467,0.0314013799462738,3.535860358193632e-07,-3.333670800270551e-07,0.1323907746480794,1.257845957103871e-06,-7.495698140748831e-07,0.029782085683971303,1.4942560798126102e-07,-4.406112442101312e-05,0.2,0.0,0.0,0.0,0.0,2.962962962962963,2.962962962962963,7.54852321271926e-06,9.624139759800698e-06,2.17529150822644,2.1700088806768485,-0.001159658461185374,6.896821698806747e-05
X+,3.5,0.5,2.5621365439983492,0.0,0.03015303511315446,-1.964230962707425e-06,6.901073419345323e-05,0.13913821625832534,2.906223298801335e-05,-0.00031327148696511467,0.0314013799462738,3.535860358193632e-07,-3.333670800270551e-07,0.1323907746480794,1.257845957103871e-06,-7.495698140748831e-07,0.029782085683971303,1.4942560798126102e-07,-4.406112442101312e-05,0.2,0.0,0.0,0.0,0.0,2.962962962962963,2.962962962962963,7.54852321271926e-06,9.624139759800698e-06,2.17529150822644,2.1700088806768485,-0.001159658461185374,6.896821698806747e-05
X+,3.5,0.5,2.5926552649980295,0.0,0.03015303511315446,-1.964230962707425e-06,6.901073419345323e-05,0.13913821625832534,2.906223298801335e-05,-0.00031327148696511467,0.0314013799462738,3.535860358193632e-07,-3.333670800270551e-07,0.1323907746480794,1.257845957103871e-06,-7.495698140748831e-07,0.029782085683971303,1.4942560798126102e-07,-4.406112442101312e-05,0.2,0.0,0.0,0.0,0.0,2.962962962962963,2.962962962962963,7.54852321271926e-06,9.624139759800698e-06,2.17529150822644,2.1700088806768485,-0.001159658461185374,6.896821698806747e-05
X+,3.5,0.5,2.620237757000723,0.0,0.03015303511315446,-1.964230962707425e-06,6.901073419345323e-05,0.13913821625832534,2.906223298801335e-05,-0.00031327148696511467,0.0314013799462738,3.535860358193632e-07,-3.333670800270551e-07,0.1323907746480794,1.257845957103871e-06,-7.495698140748831e-07,0.029782085683971303,1.4942560798126102e-07,-4.406112442101312e-05,0.2,0.0,0.0,0.0,0.0,2.962962962962963,2.962962962962963,7.54852321271926e-06,9.624139759800698e-06,2.17529150822644,2.1700088806768485,-0.001159658461185374,6.896821698806747e-05
X+,3.5,0.5,2.652907812000194,0.0,0.03015303511315446,-1.964230962707425e-06,6.901073419345323e-05,0.13913821625832534,2.906223298801335e-05,-0.00031327148696511467,0.0314013799462738,3.535860358193632e-07,-3.333670800270551e-07,0.1323907746480794,1.257845957103871e-06,-7.495698140748831e-07,0.029782085683971303,1.4942560798126102e-07,-4.406112442101312e-05,0.2,0.0,0.0,0.0,0.0,2.962962962962963,2.962962962962963,7.54852321271926e-06,9.624139759800698e-06,2.17529150822644,2.1700088806768485,-0.001159658461185374,6.896821698806747e-05
X+,3.5,0.5,2.6796837389993016,0.0,0.030292517054829063,-1.980096226848055e-06,6.90316691975129e-05,0.13927588520415163,2.8561025800440126e-05,-0.00031491411832247846,0.0314013799462738,3.535860358193632e-07,-3.333670800270551e-07,0.1323907746480794,1.257845957103871e-06,-7.495698140748831e-07,0.029782085683971303,1.4942560798126102e-07,-4.406112442101312e-05,0.2,0.0,0.0,0.0,0.0,2.962962962962963,2.962962962962963,7.54852321271926e-06,9.624139759800698e-06,2.17529150822644,2.1700088806768485,-0.001159658461185374,6.896821698806747e-05
X+,3.5,0.5,2.7097870709985727,0.0,0.0329673959518237,-2.2870615540805314e-06,6.940267341692706e-05,0.141677029940673,1.7362039645966537e-05,-0.00035210040943872613,0.0314013799462738,3.535860358193632e-07,-3.333670800270551e-07,0.1323907746480794,1.257845957103871e-06,-7.495698140748831e-07,0.029782085683971303,1.4942560798126102e-07,-4.406112442101312e-05,0.2,0.0,0.0,0.0,0.0,2.962962962962963,2.962962962962963,7.469049364772218e-06,8.754929582188709e-06,2.2308191674641153,2.223616134927948,-0.0019972648327197806,6.93651711455636e-05
X+,3.5,0.5,2.740278107001359,0.0,0.03539644424502565,-2.567338873029658e-06,6.971174525010089e-05,0.14350231175278957,6.652358144867661e-06,-0.00038897402959092026,0.0314013799462738,3.535860358193632e-07,-3.333670800270551e-07,0.1323907746480794,1.257845957103871e-06,-7.495698140748831e-07,0.029782085683971303,1.4942560798126102e-07,-4.406112442101312e-05,0.2,0.0,0.0,0.0,0.0,2.962962962962963,2.962962962962963,7.4486072234591916e-06,8.018738818726945e-06,2.2807004449206767,2.271555165915369,0.0013955639661680668,6.955028914212138e-05
X+,3.5,0.5,2.761972935000813,0.0,0.03727350506891514,-2.7838574135673547e-06,6.993719414477798e-05,0.14470940280511266,-2.0511267137595323e-06,-0.0004188352695805115,0.0314013799462738,3.535860358193632e-07,-3.333670800270551e-07,0.1323907746480794,1.257845957103871e-06,-7.495698140748831e-07,0.029782085683971303,1.4942560798126102e-07,-4.406112442101312e-05,0.2,0.0,0.0,0.0,0.0,2.962962962962963,2.962962962962963,7.458703680462975e-06,7.699768333147006e-06,2.303760368333456,2.2936356763656014,0.0006364520516136556,6.99201624448926e-05
X+,3.5,0.5,2.797505517999525,0.0,0.03974999063081679,-3.071511527501236e-06,7.021714303570635e-05,0.14606018457915126,-1.4141415830579699e-05,-0.000459990169281013,0.0314013799462738,3.535860358193632e-07,-3.333670800270551e-07,0.1323907746480794,1.257845957103871e-06,-7.495698140748831e-07,0.029782085683971303,1.4942560798126102e-07,-4.406112442101312e-05,0.2,0.0,0.0,0.0,0.0,2.962962962962963,2.962962962962963,7.514402299513279e-06,7.1550036331302636e-06,2.34656045238477,2.334449505437305,-0.005047085675665174,7.00882140922354e-05
X+,3.5,0.5,2.8258751409994147,0.0,0.04239486385148264,-3.381730114782218e-06,7.049127102893398e-05,0.147230568233342,-2.7483075526813015e-05,-0.0005050156183542842,0.04643398644794405,4.57472968224459e-07,-3.165641093234576e-07,0.15032606501634782,1.0889830853974753e-06,1.680297070359748e-07,0.04625717785788307,5.917635757889736e-07,-1.1228046821187737e-05,0.2,0.0,0.0,0.0,0.0,2.962962962962963,2.962962962962963,7.611704356591531e-06,6.729747737743708e-06,2.385481776513351,2.371335300156748,0.0009527228194870645,7.041649027555797e-05
X+,3.6,0.6000000000000001,2.8545104430013453,0.10000000000000009,0.04357667271049474,-3.523216977675478e-06,7.060883615501336e-05,0.14767051719645194,-3.371974656572575e-05,-0.0005251133532402709,0.04643398644794405,4.57472968224459e-07,-3.165641093234576e-07,0.15032606501634782,1.0889830853974753e-06,1.680297070359748e-07,0.04625717785788307,5.917635757889736e-07,-1.1228046821187737e-05,0.2,0.0,0.0,0.0,0.0,2.962962962962963,2.962962962962963,7.673309442957077e-06,6.560470378502714e-06,2.403676503436885,2.3884925048007273,-0.0033413204781367403,7.055113258356176e-05
X+,3.6,0.6000000000000001,2.887012816998322,0.0,0.04357667271049474,-3.523216977675478e-06,7.060883615501336e-05,0.14767051719645194,-3.371974656572575e-05,-0.0005251133532402709,0.04643398644794405,4.57472968224459e-07,-3.165641093234576e-07,0.15032606501634782,1.0889830853974753e-06,1.680297070359748e-07,0.04625717785788307,5.917635757889736e-07,-1.1228046821187737e-05,0.2,0.0,0.0,0.0,0.0,2.962962962962963,2.962962962962963,7.673309442957077e-06,6.560470378502714e-06,2.403676503436885,2.3884925048007273,-0.0033413204781367403,7.055113258356176e-05
X+,3.6,0.6000000000000001,2.9248069239984034,0.0,0.04357667271049474,-3.523216977675478e-06,7.060883615501336e-05,0.14767051719645194,-3.371974656572575e-05,-0.0005251133532402709,0.04643398644794405,4.57472968224459e-07,-3.165641093234576e-07,0.15032606501634782,1.0889830853974753e-06,1.680297070359748e-07,0.04625717785788307,5.917635757889736e-07,-1.1228046821187737e-05,0.2,0.0,0.0,0.0,0.0,2.962962962962963,2.962962962962963,7.673309442957077e-06,6.560470378502714e-06,2.403676503436885,2.3884925048007273,-0.0033413204781367403,7.055113258356176e-05
X+,3.6,0.6000000000000001,2.9529586950011435,0.0,0.04357667271049474,-3.523216977675478e-06,7.060883615501336e-05,0.14767051719645194,-3.371974656572575e-05,-0.0005251133532402709,0.04643398644794405,4.57472968224459e-07,-3.165641093234576e-07,0.15032606501634782,1.0889830853974753e-06,1.680297070359748e-07,0.04625717785788307,5.917635757889736e-07,-1.1228046821187737e-05,0.2,0.0,0.0,0.0,0.0,2.962962962962963,2.962962962962963,7.673309442957077e-06,6.560470378502714e-06,2.403676503436885,2.3884925048007273,-0.0033413204781367403,7.055113258356176e-05
X+,3.6,0.6000000000000001,2.9846513320007944,0.0,0.04357667271049474,-3.523216977675478e-06,7.060883615501336e-05,0.14767051719645194,-3.371974656572575e-05,-0.0005251133532402709,0.04643398644794405,4.57472968224459e-07,-3.165641093234576e-07,0.15032606501634782,1.0889830853974753e-06,1.680297070359748e-07,0.04625717785788307,5.917635757889736e-07,-1.1228046821187737e-05,0.2,0.0,0.0,0.0,0.0,2.962962962962963,2.962962962962963,7.673309442957077e-06,6.560470378502714e-06,2.403676503436885,2.3884925048007273,-0.0033413204781367403,7.055113258356176e-05
X+,3.6,0.6000000000000001,3.0188457519980147,0.0,0.04357667271049474,-3.523216977675478e-06,7.060883615501336e-05,0.14767051719645194,-3.371974656572575e-05,-0.0005251133532402709,0.04643398644794405,4.57472968224459e-07,-3.165641093234576e-07,0.15032606501634782,1.0889830853974753e-06,1.680297070359748e-07,0.04625717785788307,5.917635757889736e-07,-1.1228046821187737e-05,0.2,0.0,0.0,0.0,0.0,2.962962962962963,2.962962962962963,7.673309442957077e-06,6.560470378502714e-06,2.403676503436885,2.3884925048007273,-0.0033413204781367403,7.055113258356176e-05
X+,3.6,0.6000000000000001,3.051133960001607,0.0,0.04357667271049474,-3.523216977675478e-06,7.060883615501336e-05,0.14767051719645194,-3.371974656572575e-05,-0.0005251133532402709,0.04643398644794405,4.57472968224459e-07,-3.165641093234576e-07,0.15032606501634782,1.0889830853974753e-06,1.680297070359748e-07,0.04625717785788307,5.917635757889736e-07,-1.1228046821187737e-05,0.2,0.0,0.0,0.0,0.0,2.962962962962963,2.962962962962963,7.673309442957077e-06,6.560470378502714e-06,2.403676503436885,2.3884925048007273,-0.0033413204781367403,7.055113258356176e-05
X+,3.6,0.6000000000000001,3.076809461999801,0.0,0.04357667271049474,-3.523216977675478e-06,7.060883615501336e-05,0.14767051719645194,-3.371974656572575e-05,-0.0005251133532402709,0.04643398644794405,4.57472968224459e-07,-3.165641093234576e-07,0.15032606501634782,1.0889830853974753e-06,1.680297070359748e-07,0.04625717785788307,5.917635757889736e-07,-1.1228046821187737e-05,0.2,0.0,0.0,0.0,0.0,2.962962962962963,2.962962962962963,7.673309442957077e-06,6.560470378502714e-06,2.403676503436885,2.3884925048007273,-0.0033413204781367403,7.055113258356176e-05
X+,3.6,0.6000000000000001,3.108495436001249,0.0,0.04357667271049474,-3.523216977675478e-06,7.060883615501336e-05,0.14767051719645194,-3.371974656572575e-05,-0.0005251133532402709,0.04643398644794405,4.57472968224459e-07,-3.165641093234576e-07,0.15032606501634782,1.0889830853974753e-06,1.680297070359748e-07,0.04625717785788307,5.917635757889736e-07,-1.1228046821187737e-05,0.2,0.0,0.0,0.0,0.0,2.962962962962963,2.962962962962963,7.673309442957077e-06,6.560470378502714e-06,2.403676503436885,2.3884925048007273,-0.0033413204781367403,7.055113258356176e-05
X+,3.6,0.6000000000000001,3.139088236999669,0.0,0.04357667271049474,-3.523216977675478e-06,7.060883615501336e-05,0.14767051719645194,-3.371974656572575e-05,-0.0005251133532402709,0.04643398644794405,4.57472968224459e-07,-3.165641093234576e-07,0.15032606501634782,1.0889830853974753e-06,1.680297070359748e-07,0.04625717785788307,5.917635757889736e-07,-1.1228046821187737e-05,0.2,0.0,0.0,0.0,0.0,2.962962962962963,2.962962962962963,7.673309442957077e-06,6.560470378502714e-06,2.403676503436885,2.3884925048007273,-0.0033413204781367403,7.055113258356176e-05
X+,3.6,0.6000000000000001,3.166989951998403,0.0,0.04357667271049474,-3.523216977675478e-06,7.060883615501336e-05,0.14767051719645194,-3.371974656572575e-05,-0.0005251133532402709,0.04643398644794405,4.57472968224459e-07,-3.165641093234576e-07,0.15032606501634782,1.0889830853974753e-06,1.680297070359748e-07,0.04625717785788307,5.917635757889736e-07,-1.1228046821187737e-05,0.2,0.0,0.0,0.0,0.0,2.962962962962963,2.962962962962963,7.673309442957077e-06,6.560470378502714e-06,2.403676503436885,2.3884925048007273,-0.0033413204781367403,7.055113258356176e-05
X+,3.6,0.6000000000000001,3.191134451000835,0.0,0.04357667271049474,-3.523216977675478e-06,7.060883615501336e-05,0.14767051719645194,-3.371974656572575e-05,-0.0005251133532402709,0.04643398644794405,4.57472968224459e-07,-3.165641093234576e-07,0.15032606501634782,1.0889830853974753e-06,1.680297070359748e-07,0.04625717785788307,5.917635757889736e-07,-1.1228046821187737e-05,0.2,0.0,0.0,0.0,0.0,2.962962962962963,2.962962962962963,7.673309442957077e-06,6.560470378502714e-06,2.403676503436885,2.3884925048007273,-0.0033413204781367403,7.055113258356176e-05
X+,3.6,0.6000000000000001,3.2215672849997645,0.0,0.04357667271049474,-3.523216977675478e-06,7.060883615501336e-05,0.14767051719645194,-3.371974656572575e-05,-0.0005251133532402709,0.04643398644794405,4.57472968224459e-07,-3.165641093234576e-07,0.15032606501634782,1.0889830853974753e-06,1.680297070359748e-07,0.04625717785788307,5.917635757889736e-07,-1.1228046821187737e-05,0.2,0.0,0.0,0.0,0.0,2.962962962962963,2.962962962962963,7.673309442957077e-06,6.560470378502714e-06,2.403676503436885,2.3884925048007273,-0.0033413204781367403,7.055113258356176e-05
X+,3.6,0.6000000000000001,3.255568803000642,0.0,0.04357667271049474,-3.523216977675478e-06,7.060883615501336e-05,0.14767051719645194,-3.371974656572575e-05,-0.0005251133532402709,0.04643398644794405,4.57472968224459e-07,-3.165641093234576e-07,0.15032606501634782,1.0889830853974753e-06,1.680297070359748e-07,0.04625717785788307,5.917635757889736e-07,-1.1228046821187737e-05,0.2,0.0,0.0,0.0,0.0,2.962962962962963,2.962962962962963,7.673309442957077e-06,6.560470378502714e-06,2.403676503436885,2.3884925048007273,-0.0033413204781367403,7.055113258356176e-05
X+,3.6,0.6000000000000001,3.2833409890008625,0.0,0.04416885133897591,-3.596542598838931e-06,7.066352006517172e-05,0.1478727176409371,-3.667118050214787e-05,-0.0005347768716378762,0.04643398644794405,4.57472968224459e-07,-3.165641093234576e-07,0.15032606501634782,1.0889830853974753e-06,1.680297070359748e-07,0.04625717785788307,5.917635757889736e-07,-1.1228046821187737e-05,0.2,0.0,0.0,0.0,0.0,2.962962962962963,2.962962962962963,7.673309442957077e-06,6.560470378502714e-06,2.403676503436885,2.3884925048007273,-0.0033413204781367403,7.055113258356176e-05
X+,3.6,0.6000000000000001,3.3094896059992607,0.0,0.046247386621843384,-3.8558743617814195e-06,7.08437885796993e-05,0.14849134687195037,-4.617332523845018e-05,-0.0005662733320575959,0.04643398644794405,4.57472968224459e-07,-3.165641093234576e-07,0.15032606501634782,1.0889830853974753e-06,1.680297070359748e-07,0.04625717785788307,5.917635757889736e-07,-1.1228046821187737e-05,0.2,0.0,0.0,0.0,0.0,2.962962962962963,2.962962962962963,7.82458961889887e-06,6.312843284561609e-06,2.437912331486257,2.420568554181809,0.0021321685009049046,7.083105601172161e-05
X+,3.6,0.6000000000000001,3.346423587998288,0.0,0.04952861519746675,-4.280419213157846e-06,7.110952230928024e-05,0.14919716429277693,-6.08191085700762e-05,-0.0006116305430699527,0.04643398644794405,4.57472968224459e-07,-3.165641093234576e-07,0.15032606501634782,1.0889830853974753e-06,1.680297070359748e-07,0.04625717785788307,5.917635757889736e-07,-1.1228046821187737e-05,0.2,0.0,0.0,0.0,0.0,2.962962962962963,2.962962962962963,8.003788296129244e-06,6.183103117507471e-06,2.469720406304601,2.4500909446999093,0.0015526288027718636,7.107663899876714e-05
X+,3.6,0.6000000000000001,3.3777532239982975,0.0,0.05207284079709616,-4.6238965356829725e-06,7.129528843327104e-05,0.14953366664658047,-7.065409672208899e-05,-0.0006412153770012117,0.04643398644794405,4.57472968224459e-07,-3.165641093234576e-07,0.15032606501634782,1.0889830853974753e-06,1.680297070359748e-07,0.04625717785788307,5.917635757889736e-07,-1.1228046821187737e-05,0.2,0.0,0.0,0.0,0.0,2.962962962962963,2.962962962962963,8.208226527806062e-06,6.1718453929771044e-06,2.499638318482938,2.4776192041974463,-0.001956042871581273,7.129528843327104e-05
X+,3.6,0.6000000000000001,3.42564666600083,0.0,0.05507135113989321,-5.03753297990614e-06,7.150837841465547e-05,0.14970909467184138,-8.233666192266964e-05,-0.0006737430374355947,0.06246049210148595,5.70321324533723e-07,-2.5727875109487956e-07,0.16026505653505368,1.1792177279703911e-06,5.928535822857806e-07,0.047243739960064604,3.948000862305087e-07,-3.946277193737702e-05,0.2,0.0,0.0,0.0,0.0,2.962962962962963,2.962962962962963,8.426780360615282e-06,6.278596101694234e-06,2.52819360538667,2.5036763016615056,0.0018841021973706996,7.150837841465547e-05
X+,3.7,0.7000000000000002,3.4536165120007354,0.10000000000000009,0.057921224821596826,-5.465482109455293e-06,7.167373713247923e-05,0.14966286558936753,-8.966173721152064e-05,-0.0006940171100884474,0.06246049210148595,5.70321324533723e-07,-2.5727875109487956e-07,0.16026505653505368,1.1792177279703911e-06,5.928535822857806e-07,0.06546445445228208,3.851753405932089e-06,0.00027991757071710327,0.2,0.0,0.0,0.0,0.0,2.962962962962963,2.962962962962963,8.542524771115723e-06,6.3848243563313645e-06,2.542115398217616,2.516360064202889,-0.0013490055959940119,7.161412699313477e-05
X+,3.7,0.7000000000000002,3.487138235999737,0.0,0.05912058146522929,-5.647494543249351e-06,7.17197600782841e-05,0.14958074895523624,-9.146761285145993e-05,-0.0006989984063905137,0.06246049210148595,5.70321324533723e-07,-2.5727875109487956e-07,0.16026505653505368,1.1792177279703911e-06,5.928535822857806e-07,0.06546445445228208,3.851753405932089e-06,0.00027991757071710327,0.2,0.0,0.0,0.0,0.0,2.962962962962963,2.962962962962963,8.671226520817754e-06,6.52777544196681e-06,2.5558923052725593,2.5290390307288755,-0.0034537031581775637,7.167882320097826e-05
X+,3.7,0.7000000000000002,3.5138796999999613,0.0,0.05912058146522929,-5.647494543249351e-06,7.17197600782841e-05,0.14958074895523624,-9.146761285145993e-05,-0.0006989984063905137,0.06246049210148595,5.70321324533723e-07,-2.5727875109487956e-07,0.16026505653505368,1.1792177279703911e-06,5.928535822857806e-07,0.06546445445228208,3.851753405932089e-06,0.00027991757071710327,0.2,0.0,0.0,0.0,0.0,2.962962962962963,2.962962962962963,8.671226520817754e-06,6.52777544196681e-06,2.5558923052725593,2.5290390307288755,-0.0034537031581775637,7.167882320097826e-05
X+,3.7,0.7000000000000002,3.539713203001156,0.0,0.05912058146522929,-5.647494543249351e-06,7.17197600782841e-05,0.14958074895523624,-9.146761285145993e-05,-0.0006989984063905137,0.06246049210148595,5.70321324533723e-07,-2.5727875109487956e-07,0.16026505653505368,1.1792177279703911e-06,5.928535822857806e-07,0.06546445445228208,3.851753405932089e-06,0.00027991757071710327,0.2,0.0,0.0,0.0,0.0,2.962962962962963,2.962962962962963,8.671226520817754e-06,6.52777544196681e-06,2.5558923052725593,2.5290390307288755,-0.0034537031581775637,7.167882320097826e-05
X+,3.7,0.7000000000000002,3.565082363998954,0.0,0.05912058146522929,-5.647494543249351e-06,7.17197600782841e-05,0.14958074895523624,-9.146761285145993e-05,-0.0006989984063905137,0.06246049210148595,5.70321324533723e-07,-2.5727875109487956e-07,0.16026505653505368,1.1792177279703911e-06,5.928535822857806e-07,0.06546445445228208,3.851753405932089e-06,0.00027991757071710327,0.2,0.0,0.0,0.0,0.0,2.962962962962963,2.962962962962963,8.671226520817754e-06,6.52777544196681e-06,2.5558923052725593,2.5290390307288755,-0.0034537031581775637,7.167882320097826e-05
X+,3.7,0.7000000000000002,3.594660635000764,0.0,0.05912058146522929,-5.647494543249351e-06,7.17197600782841e-05,0.14958074895523624,-9.146761285145993e-05,-0.0006989984063905137,0.06246049210148595,5.70321324533723e-07,-2.5727875109487956e-07,0.16026505653505368,1.1792177279703911e-06,5.928535822857806e-07,0.06546445445228208,3.851753405932089e-06,0.00027991757071710327,0.2,0.0,0.0,0.0,0.0,2.962962962962963,2.962962962962963,8.671226520817754e-06,6.52777544196681e-06,2.5558923052725593,2.5290390307288755,-0.0034537031581775637,7.167882320097826e-05
X+,3.7,0.7000000000000002,3.6195676019997336,0.0,0.05912058146522929,-5.647494543249351e-06,7.17197600782841e-05,0.14958074895523624,-9.146761285145993e-05,-0.0006989984063905137,0.06246049210148595,5.70321324533723e-07,-2.5727875109487956e-07,0.16026505653505368,1.1792177279703911e-06,5.928535822857806e-07,0.06546445445228208,3.851753405932089e-06,0.00027991757071710327,0.2,0.0,0.0,0.0,0.0,2.962962962962963,2.962962962962963,8.671226520817754e-06,6.52777544196681e-06,2.5558923052725593,2.5290390307288755,-0.0034537031581775637,7.167882320097826e-05
X+,3.7,0.7000000000000002,3.646577483999863,0.0,0.05912058146522929,-5.647494543249351e-06,7.17197600782841e-05,0.14958074895523624,-9.146761285145993e-05,-0.0006989984063905137,0.06246049210148595,5.70321324533723e-07,-2.5727875109487956e-07,0.16026505653505368,1.1792177279703911e-06,5.928535822857806e-07,0.06546445445228208,3.851753405932089e-06,0.00027991757071710327,0.2,0.0,0.0,0.0,0.0,2.962962962962963,2.962962962962963,8.671226520817754e-06,6.52777544196681e-06,2.5558923052725593,2.5290390307288755,-0.0034537031581775637,7.167882320097826e-05
X+,3.7,0.7000000000000002,3.6721908879990224,0.0,0.05912058146522929,-5.647494543249351e-06,7.17197600782841e-05,0.14958074895523624,-9.146761285145993e-05,-0.0006989984063905137,0.06246049210148595,5.70321324533723e-07,-2.5727875109487956e-07,0.16026505653505368,1.1792177279703911e-06,5.928535822857806e-07,0.06546445445228208,3.851753405932089e-06,0.00027991757071710327,0.2,0.0,0.0,0.0,0.0,2.962962962962963,2.962962962962963,8.671226520817754e-06,6.52777544196681e-06,2.5558923052725593,2.5290390307288755,-0.0034537031581775637,7.167882320097826e-05
X+,3.7,0.7000000000000002,3.702561000998685,0.0,0.05912058146522929,-5.647494543249351e-06,7.17197600782841e-05,0.14958074895523624,-9.146761285145993e-05,-0.0006989984063905137,0.06246049210148595,5.70321324533723e-07,-2.5727875109487956e-07,0.16026505653505368,1.1792177279703911e-06,5.928535822857806e-07,0.06546445445228208,3.851753405932089e-06,0.00027991757071710327,0.2,0.0,0.0,0.0,0.0,2.962962962962963,2.962962962962963,8.671226520817754e-06,6.52777544196681e-06,2.5558923052725593,2.5290390307288755,-0.0034537031581775637,7.167882320097826e-05
X+,3.7,0.7000000000000002,3.73233615099889,0.0,0.05912058146522929,-5.647494543249351e-06,7.17197600782841e-05,0.14958074895523624,-9.146761285145993e-05,-0.0006989984063905137,0.06246049210148595,5.70321324533723e-07,-2.5727875109487956e-07,0.16026505653505368,1.1792177279703911e-06,5.928535822857806e-07,0.06546445445228208,3.851753405932089e-06,0.00027991757071710327,0.2,0.0,0.0,0.0,0.0,2.962962962962963,2.962962962962963,8.671226520817754e-06,6.52777544196681e-06,2.5558923052725593,2.5290390307288755,-0.0034537031581775637,7.167882320097826e-05
X+,3.7,0.7000000000000002,3.7633587929994974,0.0,0.05912058146522929,-5.647494543249351e-06,7.17197600782841e-05,0.14958074895523624,-9.146761285145993e-05,-0.0006989984063905137,0.06246049210148595,5.70321324533723e-07,-2.5727875109487956e-07,0.16026505653505368,1.1792177279703911e-06,5.928535822857806e-07,0.06546445445228208,3.851753405932089e-06,0.00027991757071710327,0.2,0.0,0.0,0.0,0.0,2.962962962962963,2.962962962962963,8.671226520817754e-06,6.52777544196681e-06,2.5558923052725593,2.5290390307288755,-0.0034537031581775637,7.167882320097826e-05
X+,3.7,0.7000000000000002,3.795172348000051,0.0,0.05912058146522929,-5.647494543249351e-06,7.17197600782841e-05,0.14958074895523624,-9.146761285145993e-05,-0.0006989984063905137,0.06246049210148595,5.70321324533723e-07,-2.5727875109487956e-07,0.16026505653505368,1.1792177279703911e-06,5.928535822857806e-07,0.06546445445228208,3.851753405932089e-06,0.00027991757071710327,0.2,0.0,0.0,0.0,0.0,2.962962962962963,2.962962962962963,8.671226520817754e-06,6.52777544196681e-06,2.5558923052725593,2.5290390307288755,-0.0034537031581775637,7.167882320097826e-05
X+,3.7,0.7000000000000002,3.820508836000954,0.0,0.05912058146522929,-5.647494543249351e-06,7.17197600782841e-05,0.14958074895523624,-9.146761285145993e-05,-0.0006989984063905137,0.06246049210148595,5.70321324533723e-07,-2.5727875109487956e-07,0.16026505653505368,1.1792177279703911e-06,5.928535822857806e-07,0.06546445445228208,3.851753405932089e-06,0.00027991757071710327,0.2,0.0,0.0,0.0,0.0,2.962962962962963,2.962962962962963,8.671226520817754e-06,6.52777544196681e-06,2.5558923052725593,2.5290390307288755,-0.0034537031581775637,7.167882320097826e-05
X+,3.7,0.7000000000000002,3.8503845900013403,0.0,0.059869801737823344,-5.7590715614999274e-06,7.174554670492815e-05,0.14951045461676032,-9.29210236730208e-05,-0.0007023008636072427,0.06246049210148595,5.70321324533723e-07,-2.5727875109487956e-07,0.16026505653505368,1.1792177279703911e-06,5.928535822857806e-07,0.06546445445228208,3.851753405932089e-06,0.00027991757071710327,0.2,0.0,0.0,0.0,0.0,2.962962962962963,2.962962962962963,8.800307870870938e-06,6.694199095491626e-06,2.5696039779534505,2.5416856385565363,0.0016416536053446072,7.173576902908758e-05
X+,3.7,0.7000000000000002,3.8785693130012078,0.0,0.06286217322710286,-6.215245225907676e-06,7.166189915308137e-05,0.14908457176631604,-9.410422062185625e-05,-0.0007028696503245935,0.06246049210148595,5.70321324533723e-07,-2.5727875109487956e-07,0.16026505653505368,1.1792177279703911e-06,5.928535822857806e-07,0.06546445445228208,3.851753405932089e-06,0.00027991757071710327,0.2,0.0,0.0,0.0,0.0,2.962962962962963,2.962962962962963,9.068794950550796e-06,7.1275725375130605e-06,2.5969914894891444,2.566773161771577,-0.002045576265464566,7.168137115457346e-05
X+,3.7,0.7000000000000002,3.9092338670016034,0.0,0.06524862388204533,-6.571161698719873e-06,7.152685851944552e-05,0.14857635678098008,-9.207756373600295e-05,-0.0006901689211553457,0.06246049210148595,5.70321324533723e-07,-2.5727875109487956e-07,0.16026505653505368,1.1792177279703911e-06,5.928535822857806e-07,0.06546445445228208,3.851753405932089e-06,0.00027991757071710327,0.2,0.0,0.0,0.0,0.0,2.962962962962963,2.962962962962963,9.211612478132736e-06,7.3868372387764225e-06,2.610834739904978,2.579364932331154,-7.451558442153031e-05,7.15808854545376e-05
X+,3.7,0.7000000000000002,3.9419429609988583,0.0,0.0688102728227092,-7.096553395746601e-06,7.139931311258232e-05,0.14752750061063888,-8.908485775778878e-05,-0.0006665460547591783,0.06246049210148595,5.70321324533723e-07,-2.5727875109487956e-07,0.16026505653505368,1.1792177279703911e-06,5.928535822857806e-07,0.06546445445228208,3.851753405932089e-06,0.00027991757071710327,0.2,0.0,0.0,0.0,0.0,2.962962962962963,2.962962962962963,9.625898700349467e-06,8.3882314374506e-06,2.653926388096689,2.6182740121378076,-0.0020446820719160702,7.140651386979566e-05
X+,3.7,0.7000000000000002,3.9681042859992885,0.0,0.07072790155991661,-7.378825130477558e-06,7.14071137900956e-05,0.14680962850824764,-8.677731817499545e-05,-0.0006494684953906514,0.0792524503755862,7.173176415957236e-07,-2.192367232014078e-07,0.1679195827406188,1.513165311151935e-06,3.804202789347167e-07,0.08459015530498135,-2.4372898963664317e-06,-4.210457302900038e-05,0.2,0.0,0.0,0.0,0.0,2.962962962962963,2.962962962962963,9.757618146366553e-06,8.808651701386339e-06,2.669133226201143,2.6319203484367892,-0.00039554877050474943,7.139718503880773e-05
X+,3.8000000000000003,0.8000000000000003,3.998297193000326,0.10000000000000009,0.07292811252738493,-7.701697397027862e-06,7.14974465999561e-05,0.1458426313036913,-8.362010717385154e-05,-0.0006237879631870097,0.0792524503755862,7.173176415957236e-07,-2.192367232014078e-07,0.1679195827406188,1.513165311151935e-06,3.804202789347167e-07,0.08459015530498135,-2.4372898963664317e-06,-4.210457302900038e-05,0.2,0.0,0.0,0.0,0.0,2.962962962962963,2.962962962962963,1.0011070368243224e-05,9.797675421197027e-06,2.7014731675188903,2.660827414970766,-0.004074685842028309,7.14974465999561e-05
X+,3.8000000000000003,0.8000000000000003,4.029892698999902,0.0,0.07292811252738493,-7.701697397027862e-06,7.14974465999561e-05,0.1458426313036913,-8.362010717385154e-05,-0.0006237879631870097,0.0792524503755862,7.173176415957236e-07,-2.192367232014078e-07,0.1679195827406188,1.513165311151935e-06,3.804202789347167e-07,0.08459015530498135,-2.4372898963664317e-06,-4.210457302900038e-05,0.2,0.0,0.0,0.0,0.0,2.962962962962963,2.962962962962963,1.0011070368243224e-05,9.797675421197027e-06,2.7014731675188903,2.660827414970766,-0.004074685842028309,7.14974465999561e-05
X+,3.8000000000000003,0.8000000000000003,4.055417617000785,0.0,0.07292811252738493,-7.701697397027862e-06,7.14974465999561e-05,0.1458426313036913,-8.362010717385154e-05,-0.0006237879631870097,0.0792524503755862,7.173176415957236e-07,-2.192367232014078e-07,0.1679195827406188,1.513165311151935e-06,3.804202789347167e-07,0.08459015530498135,-2.4372898963664317e-06,-4.210457302900038e-05,0.2,0.0,0.0,0.0,0.0,2.962962962962963,2.962962962962963,1.0011070368243224e-05,9.797675421197027e-06,2.7014731675188903,2.660827414970766,-0.004074685842028309,7.14974465999561e-05
X+,3.8000000000000003,0.8000000000000003,4.080656369998906,0.0,0.07292811252738493,-7.701697397027862e-06,7.14974465999561e-05,0.1458426313036913,-8.362010717385154e-05,-0.0006237879631870097,0.0792524503755862,7.173176415957236e-07,-2.192367232014078e-07,0.1679195827406188,1.513165311151935e-06,3.804202789347167e-07,0.08459015530498135,-2.4372898963664317e-06,-4.210457302900038e-05,0.2,0.0,0.0,0.0,0.0,2.962962962962963,2.962962962962963,1.0011070368243224e-05,9.797675421197027e-06,2.7014731675188903,2.660827414970766,-0.004074685842028309,7.14974465999561e-05
X+,3.8000000000000003,0.8000000000000003,4.107483657000557,0.0,0.07292811252738493,-7.701697397027862e-06,7.14974465999561e-05,0.1458426313036913,-8.362010717385154e-05,-0.0006237879631870097,0.0792524503755862,7.173176415957236e-07,-2.192367232014078e-07,0.1679195827406188,1.513165311151935e-06,3.804202789347167e-07,0.08459015530498135,-2.4372898963664317e-06,-4.210457302900038e-05,0.2,0.0,0.0,0.0,0.0,2.962962962962963,2.962962962962963,1.0011070368243224e-05,9.797675421197027e-06,2.7014731675188903,2.660827414970766,-0.004074685842028309,7.14974465999561e-05
X+,3.8000000000000003,0.8000000000000003,4.13336965200142,0.0,0.07292811252738493,-7.701697397027862e-06,7.14974465999561e-05,0.1458426313036913,-8.362010717385154e-05,-0.0006237879631870097,0.0792524503755862,7.173176415957236e-07,-2.192367232014078e-07,0.1679195827406188,1.513165311151935e-06,3.804202789347167e-07,0.08459015530498135,-2.4372898963664317e-06,-4.210457302900038e-05,0.2,0.0,0.0,0.0,0.0,2.962962962962963,2.962962962962963,1.0011070368243224e-05,9.797675421197027e-06,2.7014731675188903,2.660827414970766,-0.004074685842028309,7.14974465999561e-05
X+,3.8000000000000003,0.8000000000000003,4.1669611940014875,0.0,0.07292811252738493,-7.701697397027862e-06,7.14974465999561e-05,0.1458426313036913,-8.362010717385154e-05,-0.0006237879631870097,0.0792524503755862,7.173176415957236e-07,-2.192367232014078e-07,0.1679195827406188,1.513165311151935e-06,3.804202789347167e-07,0.08459015530498135,-2.4372898963664317e-06,-4.210457302900038e-05,0.2,0.0,0.0,0.0,0.0,2.962962962962963,2.962962962962963,1.0011070368243224e-05,9.797675421197027e-06,2.7014731675188903,2.660827414970766,-0.004074685842028309,7.14974465999561e-05
X+,3.8000000000000003,0.8000000000000003,4.193559782001103,0.0,0.07292811252738493,-7.701697397027862e-06,7.14974465999561e-05,0.1458426313036913,-8.362010717385154e-05,-0.0006237879631870097,0.0792524503755862,7.173176415957236e-07,-2.192367232014078e-07,0.1679195827406188,1.513165311151935e-06,3.804202789347167e-07,0.08459015530498135,-2.4372898963664317e-06,-4.210457302900038e-05,0.2,0.0,0.0,0.0,0.0,2.962962962962963,2.962962962962963,1.0011070368243224e-05,9.797675421197027e-06,2.7014731675188903,2.660827414970766,-0.004074685842028309,7.14974465999561e-05
X+,3.8000000000000003,0.8000000000000003,4.222128806999535,0.0,0.07292811252738493,-7.701697397027862e-06,7.14974465999561e-05,0.1458426313036913,-8.362010717385154e-05,-0.0006237879631870097,0.0792524503755862,7.173176415957236e-07,-2.192367232014078e-07,0.1679195827406188,1.513165311151935e-06,3.804202789347167e-07,0.08459015530498135,-2.4372898963664317e-06,-4.210457302900038e-05,0.2,0.0,0.0,0.0,0.0,2.962962962962963,2.962962962962963,1.0011070368243224e-05,9.797675421197027e-06,2.7014731675188903,2.660827414970766,-0.004074685842028309,7.14974465999561e-05
X+,3.8000000000000003,0.8000000000000003,4.251588284998434,0.0,0.07292811252738493,-7.701697397027862e-06,7.14974465999561e-05,0.1458426313036913,-8.362010717385154e-05,-0.0006237879631870097,0.0792524503755862,7.173176415957236e-07,-2.192367232014078e-07,0.1679195827406188,1.513165311151935e-06,3.804202789347167e-07,0.08459015530498135,-2.4372898963664317e-06,-4.210457302900038e-05,0.2,0.0,0.0,0.0,0.0,2.962962962962963,2.962962962962963,1.0011070368243224e-05,9.797675421197027e-06,2.7014731675188903,2.660827414970766,-0.004074685842028309,7.14974465999561e-05
X+,3.8000000000000003,0.8000000000000003,4.2813074519981456,0.0,0.07292811252738493,-7.701697397027862e-06,7.14974465999561e-05,0.1458426313036913,-8.362010717385154e-05,-0.0006237879631870097,0.0792524503755862,7.173176415957236e-07,-2.192367232014078e-07,0.1679195827406188,1.513165311151935e-06,3.804202789347167e-07,0.08459015530498135,-2.4372898963664317e-06,-4.210457302900038e-05,0.2,0.0,0.0,0.0,0.0,2.962962962962963,2.962962962962963,1.0011070368243224e-05,9.797675421197027e-06,2.7014731675188903,2.660827414970766,-0.004074685842028309,7.14974465999561e-05
X+,3.8000000000000003,0.8000000000000003,4.314026080999611,0.0,0.07292811252738493,-7.701697397027862e-06,7.14974465999561e-05,0.1458426313036913,-8.362010717385154e-05,-0.0006237879631870097,0.0792524503755862,7.173176415957236e-07,-2.192367232014078e-07,0.1679195827406188,1.513165311151935e-06,3.804202789347167e-07,0.08459015530498135,-2.4372898963664317e-06,-4.210457302900038e-05,0.2,0.0,0.0,0.0,0.0,2.962962962962963,2.962962962962963,1.0011070368243224e-05,9.797675421197027e-06,2.7014731675188903,2.660827414970766,-0.004074685842028309,7.14974465999561e-05
X+,3.8000000000000003,0.8000000000000003,4.347682985000574,0.0,0.07292811252738493,-7.701697397027862e-06,7.14974465999561e-05,0.1458426313036913,-8.362010717385154e-05,-0.0006237879631870097,0.0792524503755862,7.173176415957236e-07,-2.192367232014078e-07,0.1679195827406188,1.513165311151935e-06,3.804202789347167e-07,0.08459015530498135,-2.4372898963664317e-06,-4.210457302900038e-05,0.2,0.0,0.0,0.0,0.0,2.962962962962963,2.962962962962963,1.0011070368243224e-05,9.797675421197027e-06,2.7014731675188903,2.660827414970766,-0.004074685842028309,7.14974465999561e-05
X+,3.8000000000000003,0.8000000000000003,4.379885899001238,0.0,0.07292811252738493,-7.701697397027862e-06,7.14974465999561e-05,0.1458426313036913,-8.362010717385154e-05,-0.0006237879631870097,0.0792524503755862,7.173176415957236e-07,-2.192367232014078e-07,0.1679195827406188,1.513165311151935e-06,3.804202789347167e-07,0.08459015530498135,-2.4372898963664317e-06,-4.210457302900038e-05,0.2,0.0,0.0,0.0,0.0,2.962962962962963,2.962962962962963,1.0011070368243224e-05,9.797675421197027e-06,2.7014731675188903,2.660827414970766,-0.004074685842028309,7.14974465999561e-05
X+,3.8000000000000003,0.8000000000000003,4.406878810001217,0.0,0.07525785556926616,-8.044518802230796e-06,7.176029939192822e-05,0.14463649122423355,-8.066972797159908e-05,-0.0005838932020825743,0.0792524503755862,7.173176415957236e-07,-2.192367232014078e-07,0.1679195827406188,1.513165311151935e-06,3.804202789347167e-07,0.08459015530498135,-2.4372898963664317e-06,-4.210457302900038e-05,0.2,0.0,0.0,0.0,0.0,2.962962962962963,2.962962962962963,1.0131541079871909e-05,1.0373472386859817e-05,2.7188593158593264,2.676316925521856,-0.004074685842028309,7.14974465999561e-05
X+,3.8000000000000003,0.8000000000000003,4.436312358000578,0.0,0.07771054517633856,-8.407613397551708e-06,7.225669139035054e-05,0.14314126492510088,-7.538747634542694e-05,-0.000533763430129737,0.0792524503755862,7.173176415957236e-07,-2.192367232014078e-07,0.1679195827406188,1.513165311151935e-06,3.804202789347167e-07,0.08459015530498135,-2.4372898963664317e-06,-4.210457302900038e-05,0.2,0.0,0.0,0.0,0.0,2.962962962962963,2.962962962962963,1.0362568503730074e-05,1.1712080535630776e-05,2.7567865020659506,2.70979258168718,-0.0005022298557967893,7.196669549592003e-05
X+,3.8000000000000003,0.8000000000000003,4.47048391899807,0.0,0.08056102910034824,-8.813476516997612e-06,7.312473754450245e-05,0.14107871706665628,-6.407982426346326e-05,-0.00044605435138975376,0.0792524503755862,7.173176415957236e-07,-2.192367232014078e-07,0.1679195827406188,1.513165311151935e-06,3.804202789347167e-07,0.08459015530498135,-2.4372898963664317e-06,-4.210457302900038e-05,0.2,0.0,0.0,0.0,0.0,2.962962962962963,2.962962962962963,1.058490073724272e-05,1.3323448609270372e-05,2.8000818714253013,2.74729384184339,-0.0005841182470191816,7.274258426249041e-05
X+,3.8000000000000003,0.8000000000000003,4.50148560299931,0.0,0.08239048184135157,-9.066246648573376e-06,7.382104182724079e-05,0.13954312006274577,-5.2870586407870206e-05,-0.0003649651817498294,0.0792524503755862,7.173176415957236e-07,-2.192367232014078e-07,0.1679195827406188,1.513165311151935e-06,3.804202789347167e-07,0.08459015530498135,-2.4372898963664317e-06,-4.210457302900038e-05,0.2,0.0,0.0,0.0,0.0,2.962962962962963,2.962962962962963,1.0699304742622928e-05,1.4245247949240536e-05,2.8241501856534446,2.768232120329894,-0.002959746777856275,7.382104182724079e-05
X+,3.8000000000000003,0.8000000000000003,4.528381860000081,0.0,0.08461324796877051,-9.366992423706817e-06,7.48388221006758e-05,0.137418200903865,-3.503154391152675e-05,-0.00022560147677478035,0.09721839636157983,9.471255090646623e-07,-3.436080279402739e-07,0.1796594598594282,2.3374666259611584e-06,-1.243713047388661e-06,0.10373738299910255,-6.361944678292366e-06,-0.00015745398989741596,0.2,0.0,0.0,0.0,0.0,2.962962962962963,2.962962962962963,1.095016394181414e-05,1.6340384550339593e-05,2.87761128800471,2.8151206560766373,-0.0002219493661624568,7.443194087812889e-05
X+,3.9000000000000004,0.9000000000000004,4.55501473899858,0.10000000000000009,0.08734068431365916,-9.768101904059252e-06,7.656772061023874e-05,0.13436219527412016,-9.466169713140453e-06,5.59618930084985e-05,0.09721839636157983,9.471255090646623e-07,-3.436080279402739e-07,0.1796594598594282,2.3374666259611584e-06,-1.243713047388661e-06,0.10373738299910255,-6.361944678292366e-06,-0.00015745398989741596,0.2,0.0,0.0,0.0,0.0,2.962962962962963,2.962962962962963,1.1260280236236042e-05,1.882557550114683e-05,2.9376028713601565,2.8686337305480185,-0.0016133700871297561,7.625954691619366e-05
X+,3.9000000000000004,0.9000000000000004,4.585474946998147,0.0,0.08774440415149953,-9.839132026223489e-06,7.689243091410097e-05,0.13386350262565055,-4.769328360755803e-06,0.00011308406856733415,0.09721839636157983,9.471255090646623e-07,-3.436080279402739e-07,0.1796594598594282,2.3374666259611584e-06,-1.243713047388661e-06,0.10373738299910255,-6.361944678292366e-06,-0.00015745398989741596,0.2,0.0,0.0,0.0,0.0,2.962962962962963,2.962962962962963,1.1260280236236042e-05,1.882557550114683e-05,2.9376028713601565,2.8686337305480185,-0.0016133700871297561,7.625954691619366e-05
X+,3.9000000000000004,0.9000000000000004,4.614194820998819,0.0,0.08774440415149953,-9.839132026223489e-06,7.689243091410097e-05,0.13386350262565055,-4.769328360755803e-06,0.00011308406856733415,0.09721839636157983,9.471255090646623e-07,-3.436080279402739e-07,0.1796594598594282,2.3374666259611584e-06,-1.243713047388661e-06,0.10373738299910255,-6.361944678292366e-06,-0.00015745398989741596,0.2,0.0,0.0,0.0,0.0,2.962962962962963,2.962962962962963,1.1260280236236042e-05,1.882557550114683e-05,2.9376028713601565,2.8686337305480185,-0.0016133700871297561,7.625954691619366e-05
X+,3.9000000000000004,0.9000000000000004,4.646055681001599,0.0,0.08774440415149953,-9.839132026223489e-06,7.689243091410097e-05,0.13386350262565055,-4.769328360755803e-06,0.00011308406856733415,0.09721839636157983,9.471255090646623e-07,-3.436080279402739e-07,0.1796594598594282,2.3374666259611584e-06,-1.243713047388661e-06,0.10373738299910255,-6.361944678292366e-06,-0.00015745398989741596,0.2,0.0,0.0,0.0,0.0,2.962962962962963,2.962962962962963,1.1260280236236042e-05,1.882557550114683e-05,2.9376028713601565,2.8686337305480185,-0.0016133700871297561,7.625954691619366e-05
X+,3.9000000000000004,0.9000000000000004,4.676350409998122,0.0,0.08774440415149953,-9.839132026223489e-06,7.689243091410097e-05,0.13386350262565055,-4.769328360755803e-06,0.00011308406856733415,0.09721839636157983,9.471255090646623e-07,-3.436080279402739e-07,0.1796594598594282,2.3374666259611584e-06,-1.243713047388661e-06,0.10373738299910255,-6.361944678292366e-06,-0.00015745398989741596,0.2,0.0,0.0,0.0,0.0,2.962962962962963,2.962962962962963,1.1260280236236042e-05,1.882557550114683e-05,2.9376028713601565,2.8686337305480185,-0.0016133700871297561,7.625954691619366e-05
X+,3.9000000000000004,0.9000000000000004,4.704131285998301,0.0,0.08774440415149953,-9.839132026223489e-06,7.689243091410097e-05,0.13386350262565055,-4.769328360755803e-06,0.00011308406856733415,0.09721839636157983,9.471255090646623e-07,-3.436080279402739e-07,0.1796594598594282,2.3374666259611584e-06,-1.243713047388661e-06,0.10373738299910255,-6.361944678292366e-06,-0.00015745398989741596,0.2,0.0,0.0,0.0,0.0,2.962962962962963,2.962962962962963,1.1260280236236042e-05,1.882557550114683e-05,2.9376028713601565,2.8686337305480185,-0.0016133700871297561,7.625954691619366e-05
X+,3.9000000000000004,0.9000000000000004,4.73203504599951,0.0,0.08774440415149953,-9.839132026223489e-06,7.689243091410097e-05,0.13386350262565055,-4.769328360755803e-06,0.00011308406856733415,0.09721839636157983,9.471255090646623e-07,-3.436080279402739e-07,0.1796594598594282,2.3374666259611584e-06,-1.243713047388661e-06,0.10373738299910255,-6.361944678292366e-06,-0.00015745398989741596,0.2,0.0,0.0,0.0,0.0,2.962962962962963,2.962962962962963,1.1260280236236042e-05,1.882557550114683e-05,2.9376028713601565,2.8686337305480185,-0.0016133700871297561,7.625954691619366e-05
X+,3.9000000000000004,0.9000000000000004,4.757013177000772,0.0,0.08774440415149953,-9.839132026223489e-06,7.689243091410097e-05,0.13386350262565055,-4.769328360755803e-06,0.00011308406856733415,0.09721839636157983,9.471255090646623e-07,-3.436080279402739e-07,0.1796594598594282,2.3374666259611584e-06,-1.243713047388661e-06,0.10373738299910255,-6.361944678292366e-06,-0.00015745398989741596,0.2,0.0,0.0,0.0,0.0,2.962962962962963,2.962962962962963,1.1260280236236042e-05,1.882557550114683e-05,2.9376028713601565,2.8686337305480185,-0.0016133700871297561,7.625954691619366e-05
X+,3.9000000000000004,0.9000000000000004,4.782095839000249,0.0,0.08774440415149953,-9.839132026223489e-06,7.689243091410097e-05,0.13386350262565055,-4.769328360755803e-06,0.00011308406856733415,0.09721839636157983,9.471255090646623e-07,-3.436080279402739e-07,0.1796594598594282,2.3374666259611584e-06,-1.243713047388661e-06,0.10373738299910255,-6.361944678292366e-06,-0.00015745398989741596,0.2,0.0,0.0,0.0,0.0,2.962962962962963,2.962962962962963,1.1260280236236042e-05,1.882557550114683e-05,2.9376028713601565,2.8686337305480185,-0.0016133700871297561,7.625954691619366e-05
X+,3.9000000000000004,0.9000000000000004,4.811522784999397,0.0,0.08774440415149953,-9.839132026223489e-06,7.689243091410097e-05,0.13386350262565055,-4.769328360755803e-06,0.00011308406856733415,0.09721839636157983,9.471255090646623e-07,-3.436080279402739e-07,0.1796594598594282,2.3374666259611584e-06,-1.243713047388661e-06,0.10373738299910255,-6.361944678292366e-06,-0.00015745398989741596,0.2,0.0,0.0,0.0,0.0,2.962962962962963,2.962962962962963,1.1260280236236042e-05,1.882557550114683e-05,2.9376028713601565,2.8686337305480185,-0.0016133700871297561,7.625954691619366e-05
X+,3.9000000000000004,0.9000000000000004,4.835927969998011,0.0,0.08774440415149953,-9.839132026223489e-06,7.689243091410097e-05,0.13386350262565055,-4.769328360755803e-06,0.00011308406856733415,0.09721839636157983,9.471255090646623e-07,-3.436080279402739e-07,0.1796594598594282,2.3374666259611584e-06,-1.243713047388661e-06,0.10373738299910255,-6.361944678292366e-06,-0.00015745398989741596,0.2,0.0,0.0,0.0,0.0,2.962962962962963,2.962962962962963,1.1260280236236042e-05,1.882557550114683e-05,2.9376028713601565,2.8686337305480185,-0.0016133700871297561,7.625954691619366e-05
X+,3.9000000000000004,0.9000000000000004,4.8643543559992395,0.0,0.08774440415149953,-9.839132026223489e-06,7.689243091410097e-05,0.13386350262565055,-4.769328360755803e-06,0.00011308406856733415,0.09721839636157983,9.471255090646623e-07,-3.436080279402739e-07,0.1796594598594282,2.3374666259611584e-06,-1.243713047388661e-06,0.10373738299910255,-6.361944678292366e-06,-0.00015745398989741596,0.2,0.0,0.0,0.0,0.0,2.962962962962963,2.962962962962963,1.1260280236236042e-05,1.882557550114683e-05,2.9376028713601565,2.8686337305480185,-0.0016133700871297561,7.625954691619366e-05
X+,3.9000000000000004,0.9000000000000004,4.896093903000292,0.0,0.08881357848191831,-1.0035290585229742e-05,7.782753184751388e-05,0.1324814113779983,1.2816391230101857e-05,0.00027818777201040097,0.09721839636157983,9.471255090646623e-07,-3.436080279402739e-07,0.1796594598594282,2.3374666259611584e-06,-1.243713047388661e-06,0.10373738299910255,-6.361944678292366e-06,-0.00015745398989741596,0.2,0.0,0.0,0.0,0.0,2.962962962962963,2.962962962962963,1.146390996265012e-05,2.0235375894017693e-05,2.9689837171260907,2.897122499430959,-0.0034380806755421227,7.746784349934087e-05
X+,3.9000000000000004,0.9000000000000004,4.925608135999937,0.0,0.09104752785645714,-1.052785004036251e-05,7.950858088073159e-05,0.12930621740947784,1.2015833060903368e-05,0.00045541797039997935,0.09721839636157983,9.471255090646623e-07,-3.436080279402739e-07,0.1796594598594282,2.3374666259611584e-06,-1.243713047388661e-06,0.10373738299910255,-6.361944678292366e-06,-0.00015745398989741596,0.2,0.0,0.0,0.0,0.0,2.962962962962963,2.962962962962963,1.1907777000885744e-05,2.3134795788415374e-05,3.0289959992550175,2.952600547454423,0.0021699512329651977,7.950858088073159e-05
X+,3.9000000000000004,0.9000000000000004,4.953545685999416,0.0,0.09360378103967384,-1.1198434033754708e-05,8.081929194690868e-05,0.12523347955170397,6.685516502847715e-06,0.0006555983787922072,0.09721839636157983,9.471255090646623e-07,-3.436080279402739e-07,0.1796594598594282,2.3374666259611584e-06,-1.243713047388661e-06,0.10373738299910255,-6.361944678292366e-06,-0.00015745398989741596,0.2,0.0,0.0,0.0,0.0,2.962962962962963,2.962962962962963,1.238987802310021e-05,2.582730071143402e-05,3.0740812577645023,2.994768166485657,0.0018236962277202564,8.032261851353198e-05
X+,3.9000000000000004,0.9000000000000004,4.988936956000543,0.0,0.09607700902598135,-1.1829762065646357e-05,8.180931014285393e-05,0.1210124418879313,8.544334997788927e-06,0.0008607176132771949,0.09721839636157983,9.471255090646623e-07,-3.436080279402739e-07,0.1796594598594282,2.3374666259611584e-06,-1.243713047388661e-06,0.10373738299910255,-6.361944678292366e-06,-0.00015745398989741596,0.2,0.0,0.0,0.0,0.0,2.962962962962963,2.962962962962963,1.2622531051498243e-05,2.703538752069079e-05,3.085328830827076,3.004929575684321,-0.0027834704508481693,8.14174646870725e-05
X+,3.9000000000000004,0.9000000000000004,5.017585680001503,0.0,0.09846711491616338,-1.2461302451723458e-05,8.19774038862405e-05,0.11700045327983973,3.784723648030632e-05,0.001072090054645952,0.11661613676617791,1.334356936611887e-06,-8.173881574113358e-07,0.19397740404463865,3.938966468741231e-06,-4.737801294710619e-06,0.11905493925410511,-5.23771376543406e-06,-3.833189764534935e-05,0.2,0.0,0.0,0.0,0.0,2.962962962962963,2.962962962962963,1.3051890729087745e-05,2.852093587790705e-05,3.073934645663951,2.991477521491489,0.0017052261128118473,8.207762807980674e-05
X+,4.0,1.0,5.044547602999955,0.09999999999999964,0.10009433563719265,-1.2534353291620594e-05,8.106151082271121e-05,0.11453716630120042,0.00017115242160881184,0.0010152442604033532,0.11661613676617791,1.334356936611887e-06,-8.173881574113358e-07,0.19397740404463865,3.938966468741231e-06,-4.737801294710619e-06,0.11905493925410511,-5.23771376543406e-06,-3.833189764534935e-05,0.2,0.0,0.0,0.0,0.0,2.962962962962963,2.962962962962963,1.2702341128267847e-05,2.6999227704216366e-05,3.0081454438906694,2.926228369009354,-0.0002554931790914837,8.112907487500285e-05
X+,4.0,1.0,5.071402678000595,0.0,0.10009433563719265,-1.2534353291620594e-05,8.106151082271121e-05,0.11453716630120042,0.00017115242160881184,0.0010152442604033532,0.11661613676617791,1.334356936611887e-06,-8.173881574113358e-07,0.19397740404463865,3.938966468741231e-06,-4.737801294710619e-06,0.11905493925410511,-5.23771376543406e-06,-3.833189764534935e-05,0.2,0.0,0.0,0.0,0.0,2.962962962962963,2.962962962962963,1.2702341128267847e-05,2.6999227704216366e-05,3.0081454438906694,2.926228369009354,-0.0002554931790914837,8.112907487500285e-05
X+,4.0,1.0,5.09574635700119,0.0,0.10009433563719265,-1.2534353291620594e-05,8.106151082271121e-05,0.11453716630120042,0.00017115242160881184,0.0010152442604033532,0.11661613676617791,1.334356936611887e-06,-8.173881574113358e-07,0.19397740404463865,3.938966468741231e-06,-4.737801294710619e-06,0.11905493925410511,-5.23771376543406e-06,-3.833189764534935e-05,0.2,0.0,0.0,0.0,0.0,2.962962962962963,2.962962962962963,1.2702341128267847e-05,2.6999227704216366e-05,3.0081454438906694,2.926228369009354,-0.0002554931790914837,8.112907487500285e-05
X+,4.0,1.0,5.127476213001501,0.0,0.10009433563719265,-1.2534353291620594e-05,8.106151082271121e-05,0.11453716630120042,0.00017115242160881184,0.0010152442604033532,0.11661613676617791,1.334356936611887e-06,-8.173881574113358e-07,0.19397740404463865,3.938966468741231e-06,-4.737801294710619e-06,0.11905493925410511,-5.23771376543406e-06,-3.833189764534935e-05,0.2,0.0,0.0,0.0,0.0,2.962962962962963,2.962962962962963,1.2702341128267847e-05,2.6999227704216366e-05,3.0081454438906694,2.926228369009354,-0.0002554931790914837,8.112907487500285e-05
X+,4.0,1.0,5.159007351001492,0.0,0.10009433563719265,-1.2534353291620594e-05,8.106151082271121e-05,0.11453716630120042,0.00017115242160881184,0.0010152442604033532,0.11661613676617791,1.334356936611887e-06,-8.173881574113358e-07,0.19397740404463865,3.938966468741231e-06,-4.737801294710619e-06,0.11905493925410511,-5.23771376543406e-06,-3.833189764534935e-05,0.2,0.0,0.0,0.0,0.0,2.962962962962963,2.962962962962963,1.2702341128267847e-05,2.6999227704216366e-05,3.0081454438906694,2.926228369009354,-0.0002554931790914837,8.112907487500285e-05
X+,4.0,1.0,5.18694011900152,0.0,0.10009433563719265,-1.2534353291620594e-05,8.106151082271121e-05,0.11453716630120042,0.00017115242160881184,0.0010152442604033532,0.11661613676617791,1.334356936611887e-06,-8.173881574113358e-07,0.19397740404463865,3.938966468741231e-06,-4.737801294710619e-06,0.11905493925410511,-5.23771376543406e-06,-3.833189764534935e-05,0.2,0.0,0.0,0.0,0.0,2.962962962962963,2.962962962962963,1.2702341128267847e-05,2.6999227704216366e-05,3.0081454438906694,2.926228369009354,-0.0002554931790914837,8.112907487500285e-05
X+,4.0,1.0,5.215000821001013,0.0,0.10009433563719265,-1.2534353291620594e-05,8.106151082271121e-05,0.11453716630120042,0.00017115242160881184,0.0010152442604033532,0.11661613676617791,1.334356936611887e-06,-8.173881574113358e-07,0.19397740404463865,3.938966468741231e-06,-4.737801294710619e-06,0.11905493925410511,-5.23771376543406e-06,-3.833189764534935e-05,0.2,0.0,0.0,0.0,0.0,2.962962962962963,2.962962962962963,1.2702341128267847e-05,2.6999227704216366e-05,3.0081454438906694,2.926228369009354,-0.0002554931790914837,8.112907487500285e-05
X+,4.0,1.0,5.246318542998779,0.0,0.10009433563719265,-1.2534353291620594e-05,8.106151082271121e-05,0.11453716630120042,0.00017115242160881184,0.0010152442604033532,0.11661613676617791,1.334356936611887e-06,-8.173881574113358e-07,0.19397740404463865,3.938966468741231e-06,-4.737801294710619e-06,0.11905493925410511,-5.23771376543406e-06,-3.833189764534935e-05,0.2,0.0,0.0,0.0,0.0,2.962962962962963,2.962962962962963,1.2702341128267847e-05,2.6999227704216366e-05,3.0081454438906694,2.926228369009354,-0.0002554931790914837,8.112907487500285e-05
X+,4.0,1.0,5.277382513999328,0.0,0.10009433563719265,-1.2534353291620594e-05,8.106151082271121e-05,0.11453716630120042,0.00017115242160881184,0.0010152442604033532,0.11661613676617791,1.334356936611887e-06,-8.173881574113358e-07,0.19397740404463865,3.938966468741231e-06,-4.737801294710619e-06,0.11905493925410511,-5.23771376543406e-06,-3.833189764534935e-05,0.2,0.0,0.0,0.0,0.0,2.962962962962963,2.962962962962963,1.2702341128267847e-05,2.6999227704216366e-05,3.0081454438906694,2.926228369009354,-0.0002554931790914837,8.112907487500285e-05
X+,4.0,1.0,5.312258513000415,0.0,0.10009433563719265,-1.2534353291620594e-05,8.106151082271121e-05,0.11453716630120042,0.00017115242160881184,0.0010152442604033532,0.11661613676617791,1.334356936611887e-06,-8.173881574113358e-07,0.19397740404463865,3.938966468741231e-06,-4.737801294710619e-06,0.11905493925410511,-5.23771376543406e-06,-3.833189764534935e-05,0.2,0.0,0.0,0.0,0.0,2.962962962962963,2.962962962962963,1.2702341128267847e-05,2.6999227704216366e-05,3.0081454438906694,2.926228369009354,-0.0002554931790914837,8.112907487500285e-05
X+,4.0,1.0,5.339882444000978,0.0,0.10009433563719265,-1.2534353291620594e-05,8.106151082271121e-05,0.11453716630120042,0.00017115242160881184,0.0010152442604033532,0.11661613676617791,1.334356936611887e-06,-8.173881574113358e-07,0.19397740404463865,3.938966468741231e-06,-4.737801294710619e-06,0.11905493925410511,-5.23771376543406e-06,-3.833189764534935e-05,0.2,0.0,0.0,0.0,0.0,2.962962962962963,2.962962962962963,1.2702341128267847e-05,2.6999227704216366e-05,3.0081454438906694,2.926228369009354,-0.0002554931790914837,8.112907487500285e-05
X+,4.0,1.0,5.36337709000145,0.0,0.10089529432459152,-1.2508418939029785e-05,8.044539760221665e-05,0.11345834977675928,0.000278562688028941,0.0008301400286670245,0.11661613676617791,1.334356936611887e-06,-8.173881574113358e-07,0.19397740404463865,3.938966468741231e-06,-4.737801294710619e-06,0.11905493925410511,-5.23771376543406e-06,-3.833189764534935e-05,0.2,0.0,0.0,0.0,0.0,2.962962962962963,2.962962962962963,1.1177552007524127e-05,2.3790005255541757e-05,2.9548218527373,2.8763674811334345,-0.0002554931790914837,8.112907487500285e-05
X+,4.0,1.0,5.390630504000001,0.0,0.10347576584349652,-1.1244658058514462e-05,8.452376415368968e-05,0.11063598310533561,0.00038985278361633783,0.000792556533247577,0.11661613676617791,1.334356936611887e-06,-8.173881574113358e-07,0.19397740404463865,3.938966468741231e-06,-4.737801294710619e-06,0.11905493925410511,-5.23771376543406e-06,-3.833189764534935e-05,0.2,0.0,0.0,0.0,0.0,2.962962962962963,2.962962962962963,3.7574030882225884e-06,1.3725596447855537e-05,2.811897944670389,2.7634326145266854,-0.0003379612256851083,8.452376415368968e-05
X+,4.0,1.0,5.419509383998957,0.0,0.10545823773150342,-1.1209659353582022e-05,8.741152933427623e-05,0.10991535839460942,2.6900562466279448e-05,0.00029114119315325443,0.11661613676617791,1.334356936611887e-06,-8.173881574113358e-07,0.19397740404463865,3.938966468741231e-06,-4.737801294710619e-06,0.11905493925410511,-5.23771376543406e-06,-3.833189764534935e-05,0.2,0.0,0.0,0.0,0.0,2.962962962962963,2.962962962962963,3.2519644452833063e-06,6.775462090935491e-06,2.576340388480555,2.5200074519482363,3.8134996148554294e-05,8.620061263143817e-05
X+,4.0,1.0,5.446520182998938,0.0,0.10722725046366582,-1.740914014861615e-05,0.00013272951384893388,0.11141041749327069,-0.0004780087634459649,0.0070244124440182795,0.11661613676617791,1.334356936611887e-06,-8.173881574113358e-07,0.19397740404463865,3.938966468741231e-06,-4.737801294710619e-06,0.11905493925410511,-5.23771376543406e-06,-3.833189764534935e-05,0.2,0.0,0.0,0.0,0.0,2.962962962962963,2.962962962962963,-1.5062681439914627e-06,1.9169305272015436e-06,2.39464003439674,2.3053425995891885,0.0047797057813965,0.00011004777387353842
X+,4.0,1.0,5.4882146380005,0.0,0.1085843254138974,-2.1813197044711144e-05,0.0002211545272976154,0.11421272301316926,0.0002763547670806635,0.006277542009384324,0.11661613676617791,1.334356936611887e-06,-8.173881574113358e-07,0.19397740404463865,3.938966468741231e-06,-4.737801294710619e-06,0.11905493925410511,-5.23771376543406e-06,-3.833189764534935e-05,0.2,0.0,0.0,0.0,0.0,2.962962962962963,2.962962962962963,-1.1507373729457981e-06,1.786128040670576e-05,2.169727991593969,2.0665102683441936,0.008365216908747716,0.000180120244148224
X+,4.1000000000000005,1.1000000000000005,5.515307730998757,0.10000000000000053,0.11010066848305265,-2.024624601591231e-05,0.00023603659472003978,0.11846403728709606,0.0002513830665059168,-0.0006541585844258953,0.13010855562311158,1.432936130519995e-06,-1.2357038300632782e-06,0.1349241885684859,1.0960773729656485e-06,-4.183156726519424e-06,0.13690627964283333,5.4621915331329915e-08,0.00034864954232194373,0.2,0.0,0.0,0.0,0.0,2.962962962962963,2.962962962962963,1.0669826727927045e-05,2.6633579182977485e-05,1.8278646325729837,1.7101925172235974,0.003569102738491744,0.00023565265097219494
X+,4.1000000000000005,1.1000000000000005,5.5419750649998605,0.0,0.11143095053006351,-2.007803237543456e-05,0.00022653116674220845,0.1226984666876084,0.0001588856863750936,-0.0006019410850922486,0.13010855562311158,1.432936130519995e-06,-1.2357038300632782e-06,0.1349241885684859,1.0960773729656485e-06,-4.183156726519424e-06,0.13690627964283333,5.4621915331329915e-08,0.00034864954232194373,0.2,0.0,0.0,0.0,0.0,2.962962962962963,2.962962962962963,1.2398838987515148e-05,2.850870498072311e-05,1.7086304012733409,1.6199968816787025,-0.0032281563761806815,0.0002334552764339957
X+,4.1000000000000005,1.1000000000000005,5.573069238998869,0.0,0.11143095053006351,-2.007803237543456e-05,0.00022653116674220845,0.1226984666876084,0.0001588856863750936,-0.0006019410850922486,0.13010855562311158,1.432936130519995e-06,-1.2357038300632782e-06,0.1349241885684859,1.0960773729656485e-06,-4.183156726519424e-06,0.13690627964283333,5.4621915331329915e-08,0.00034864954232194373,0.2,0.0,0.0,0.0,0.0,2.962962962962963,2.962962962962963,1.2398838987515148e-05,2.850870498072311e-05,1.7086304012733409,1.6199968816787025,-0.0032281563761806815,0.0002334552764339957
X+,4.1000000000000005,1.1000000000000005,5.603537725000933,0.0,0.11143095053006351,-2.007803237543456e-05,0.00022653116674220845,0.1226984666876084,0.0001588856863750936,-0.0006019410850922486,0.13010855562311158,1.432936130519995e-06,-1.2357038300632782e-06,0.1349241885684859,1.0960773729656485e-06,-4.183156726519424e-06,0.13690627964283333,5.4621915331329915e-08,0.00034864954232194373,0.2,0.0,0.0,0.0,0.0,2.962962962962963,2.962962962962963,1.2398838987515148e-05,2.850870498072311e-05,1.7086304012733409,1.6199968816787025,-0.0032281563761806815,0.0002334552764339957
X+,4.1000000000000005,1.1000000000000005,5.629169440999249,0.0,0.11143095053006351,-2.007803237543456e-05,0.00022653116674220845,0.1226984666876084,0.0001588856863750936,-0.0006019410850922486,0.13010855562311158,1.432936130519995e-06,-1.2357038300632782e-06,0.1349241885684859,1.0960773729656485e-06,-4.183156726519424e-06,0.13690627964283333,5.4621915331329915e-08,0.00034864954232194373,0.2,0.0,0.0,0.0,0.0,2.962962962962963,2.962962962962963,1.2398838987515148e-05,2.850870498072311e-05,1.7086304012733409,1.6199968816787025,-0.0032281563761806815,0.0002334552764339957
X+,4.1000000000000005,1.1000000000000005,5.659736460998829,0.0,0.11143095053006351,-2.007803237543456e-05,0.00022653116674220845,0.1226984666876084,0.0001588856863750936,-0.0006019410850922486,0.13010855562311158,1.432936130519995e-06,-1.2357038300632782e-06,0.1349241885684859,1.0960773729656485e-06,-4.183156726519424e-06,0.13690627964283333,5.4621915331329915e-08,0.00034864954232194373,0.2,0.0,0.0,0.0,0.0,2.962962962962963,2.962962962962963,1.2398838987515148e-05,2.850870498072311e-05,1.7086304012733409,1.6199968816787025,-0.0032281563761806815,0.0002334552764339957
X+,4.1000000000000005,1.1000000000000005,5.6912688439988415,0.0,0.11143095053006351,-2.007803237543456e-05,0.00022653116674220845,0.1226984666876084,0.0001588856863750936,-0.0006019410850922486,0.13010855562311158,1.432936130519995e-06,-1.2357038300632782e-06,0.1349241885684859,1.0960773729656485e-06,-4.183156726519424e-06,0.13690627964283333,5.4621915331329915e-08,0.00034864954232194373,0.2,0.0,0.0,0.0,0.0,2.962962962962963,2.962962962962963,1.2398838987515148e-05,2.850870498072311e-05,1.7086304012733409,1.6199968816787025,-0.0032281563761806815,0.0002334552764339957
X+,4.1000000000000005,1.1000000000000005,5.7201887459996215,0.0,0.11143095053006351,-2.007803237543456e-05,0.00022653116674220845,0.1226984666876084,0.0001588856863750936,-0.0006019410850922486,0.13010855562311158,1.432936130519995e-06,-1.2357038300632782e-06,0.1349241885684859,1.0960773729656485e-06,-4.183156726519424e-06,0.13690627964283333,5.4621915331329915e-08,0.00034864954232194373,0.2,0.0,0.0,0.0,0.0,2.962962962962963,2.962962962962963,1.2398838987515148e-05,2.850870498072311e-05,1.7086304012733409,1.6199968816787025,-0.0032281563761806815,0.0002334552764339957
X+,4.1000000000000005,1.1000000000000005,5.753926787998353,0.0,0.11143095053006351,-2.007803237543456e-05,0.00022653116674220845,0.1226984666876084,0.0001588856863750936,-0.0006019410850922486,0.13010855562311158,1.432936130519995e-06,-1.2357038300632782e-06,0.1349241885684859,1.0960773729656485e-06,-4.183156726519424e-06,0.13690627964283333,5.4621915331329915e-08,0.00034864954232194373,0.2,0.0,0.0,0.0,0.0,2.962962962962963,2.962962962962963,1.2398838987515148e-05,2.850870498072311e-05,1.7086304012733409,1.6199968816787025,-0.0032281563761806815,0.0002334552764339957
X+,4.1000000000000005,1.1000000000000005,5.783472122999228,0.0,0.11143095053006351,-2.007803237543456e-05,0.00022653116674220845,0.1226984666876084,0.0001588856863750936,-0.0006019410850922486,0.13010855562311158,1.432936130519995e-06,-1.2357038300632782e-06,0.1349241885684859,1.0960773729656485e-06,-4.183156726519424e-06,0.13690627964283333,5.4621915331329915e-08,0.00034864954232194373,0.2,0.0,0.0,0.0,0.0,2.962962962962963,2.962962962962963,1.2398838987515148e-05,2.850870498072311e-05,1.7086304012733409,1.6199968816787025,-0.0032281563761806815,0.0002334552764339957
X+,4.1000000000000005,1.1000000000000005,5.8164208230009535,0.0,0.11143095053006351,-2.007803237543456e-05,0.00022653116674220845,0.1226984666876084,0.0001588856863750936,-0.0006019410850922486,0.13010855562311158,1.432936130519995e-06,-1.2357038300632782e-06,0.1349241885684859,1.0960773729656485e-06,-4.183156726519424e-06,0.13690627964283333,5.4621915331329915e-08,0.00034864954232194373,0.2,0.0,0.0,0.0,0.0,2.962962962962963,2.962962962962963,1.2398838987515148e-05,2.850870498072311e-05,1.7086304012733409,1.6199968816787025,-0.0032281563761806815,0.0002334552764339957
X+,4.1000000000000005,1.1000000000000005,5.85530882799867,0.0,0.11143095053006351,-2.007803237543456e-05,0.00022653116674220845,0.1226984666876084,0.0001588856863750936,-0.0006019410850922486,0.13010855562311158,1.432936130519995e-06,-1.2357038300632782e-06,0.1349241885684859,1.0960773729656485e-06,-4.183156726519424e-06,0.13690627964283333,5.4621915331329915e-08,0.00034864954232194373,0.2,0.0,0.0,0.0,0.0,2.962962962962963,2.962962962962963,1.2398838987515148e-05,2.850870498072311e-05,1.7086304012733409,1.6199968816787025,-0.0032281563761806815,0.0002334552764339957
X+,4.1000000000000005,1.1000000000000005,5.884188934000122,0.0,0.11143095053006351,-2.007803237543456e-05,0.00022653116674220845,0.1226984666876084,0.0001588856863750936,-0.0006019410850922486,0.13010855562311158,1.432936130519995e-06,-1.2357038300632782e-06,0.1349241885684859,1.0960773729656485e-06,-4.183156726519424e-06,0.13690627964283333,5.4621915331329915e-08,0.00034864954232194373,0.2,0.0,0.0,0.0,0.0,2.962962962962963,2.962962962962963,1.2398838987515148e-05,2.850870498072311e-05,1.7086304012733409,1.6199968816787025,-0.0032281563761806815,0.0002334552764339957
X+,4.1000000000000005,1.1000000000000005,5.911841191998974,0.0,0.11143095053006351,-2.007803237543456e-05,0.00022653116674220845,0.1226984666876084,0.0001588856863750936,-0.0006019410850922486,0.13010855562311158,1.432936130519995e-06,-1.2357038300632782e-06,0.1349241885684859,1.0960773729656485e-06,-4.183156726519424e-06,0.13690627964283333,5.4621915331329915e-08,0.00034864954232194373,0.2,0.0,0.0,0.0,0.0,2.962962962962963,2.962962962962963,1.2398838987515148e-05,2.850870498072311e-05,1.7086304012733409,1.6199968816787025,-0.0032281563761806815,0.0002334552764339957
X+,4.1000000000000005,1.1000000000000005,5.938507453000057,0.0,0.11143095053006351,-2.007803237543456e-05,0.00022653116674220845,0.1226984666876084,0.0001588856863750936,-0.0006019410850922486,0.13010855562311158,1.432936130519995e-06,-1.2357038300632782e-06,0.1349241885684859,1.0960773729656485e-06,-4.183156726519424e-06,0.13690627964283333,5.4621915331329915e-08,0.00034864954232194373,0.2,0.0,0.0,0.0,0.0,2.962962962962963,2.962962962962963,1.2398838987515148e-05,2.850870498072311e-05,1.7086304012733409,1.6199968816787025,-0.0032281563761806815,0.0002334552764339957
X+,4.1000000000000005,1.1000000000000005,5.965601537998737,0.0,0.11242840638007134,-2.0262678582510553e-05,0.00022078054458198718,0.12597149162934224,0.00013723572269340892,-0.0003102349649067246,0.13010855562311158,1.432936130519995e-06,-1.2357038300632782e-06,0.1349241885684859,1.0960773729656485e-06,-4.183156726519424e-06,0.13690627964283333,5.4621915331329915e-08,0.00034864954232194373,0.2,0.0,0.0,0.0,0.0,2.962962962962963,2.962962962962963,1.1983356070111029e-05,2.690537946836713e-05,1.64179712957761,1.5680018848679422,0.0028072685061839965,0.00022491963603935217
X+,4.1000000000000005,1.1000000000000005,5.991793525998219,0.0,0.1146366263942776,-2.0245298636548115e-05,0.00021371017004793473,0.13329214550307908,0.0002549455953063782,-0.0003004260700292385,0.13010855562311158,1.432936130519995e-06,-1.2357038300632782e-06,0.1349241885684859,1.0960773729656485e-06,-4.183156726519424e-06,0.13690627964283333,5.4621915331329915e-08,0.00034864954232194373,0.2,0.0,0.0,0.0,0.0,2.962962962962963,2.962962962962963,1.0221502629192969e-05,2.434281200347499e-05,1.5946033707651093,1.523541272356687,-0.000979725383907844,0.0002141674593648978
X+,4.1000000000000005,1.1000000000000005,6.020563561000017,0.0,0.11683091869727294,-1.9098963049436583e-05,0.0002089970907509417,0.14054699515904517,0.0003269477463368794,-0.000345584588791412,0.13010855562311158,1.432936130519995e-06,-1.2357038300632782e-06,0.1349241885684859,1.0960773729656485e-06,-4.183156726519424e-06,0.13690627964283333,5.4621915331329915e-08,0.00034864954232194373,0.2,0.0,0.0,0.0,0.0,2.962962962962963,2.962962962962963,6.679482515536961e-06,1.9646793944616547e-05,1.514013576012476,1.4918440840421887,0.000492917039356296,0.0002107554409675576
X+,4.1000000000000005,1.1000000000000005,6.047948736999388,0.0,0.11988254321476666,-1.7916758762827507e-05,0.00020495433431262926,0.14969522499086588,0.0002967317798183662,-0.0005753653418398099,0.13010855562311158,1.432936130519995e-06,-1.2357038300632782e-06,0.1349241885684859,1.0960773729656485e-06,-4.183156726519424e-06,0.13690627964283333,5.4621915331329915e-08,0.00034864954232194373,0.2,0.0,0.0,0.0,0.0,2.962962962962963,2.962962962962963,9.614164471649644e-06,1.518358805796538e-05,1.5014251863044663,1.611777226646722,-0.0003257242642611067,0.0002059817660785542
X+,4.1000000000000005,1.1000000000000005,6.092178127000807,0.0,0.12327035474374808,-1.694721821144437e-05,0.00020244444082777592,0.15792074232134123,0.0002754535604167431,-0.0006720850243574743,0.14043513653005937,1.5328152715967673e-06,-1.3242160697188933e-06,0.103265809068165,1.1263973665486636e-06,-8.851223965561514e-07,0.12576865630488426,-1.4238817194106981e-05,0.00021890910456079385,0.2,0.0,0.0,0.0,0.0,2.962962962962963,2.962962962962963,6.2547090369236e-06,1.1049257661710499e-05,1.636526863836747,1.7388991991781633,-0.0022001458367292143,0.0002029634574145162
X+,4.2,1.2000000000000002,6.122685985999851,0.09999999999999964,0.12632987450715397,-1.623063954594474e-05,0.00020163604244707357,0.16386705841102928,0.0002703270349917207,-0.0007640343191154862,0.14043513653005937,1.5328152715967673e-06,-1.3242160697188933e-06,0.103265809068165,1.1263973665486636e-06,-8.851223965561514e-07,0.12576865630488426,-1.4238817194106981e-05,0.00021890910456079385,0.2,0.0,0.0,0.0,0.0,2.962962962962963,2.962962962962963,5.884592651383969e-06,7.681020405492234e-06,1.7749121578689318,1.8666289513419256,0.001497965749981059,0.00020161323568210654
X+,4.2,1.2000000000000002,6.151173435999226,0.0,0.12632987450715397,-1.623063954594474e-05,0.00020163604244707357,0.16386705841102928,0.0002703270349917207,-0.0007640343191154862,0.14043513653005937,1.5328152715967673e-06,-1.3242160697188933e-06,0.103265809068165,1.1263973665486636e-06,-8.851223965561514e-07,0.12576865630488426,-1.4238817194106981e-05,0.00021890910456079385,0.2,0.0,0.0,0.0,0.0,2.962962962962963,2.962962962962963,5.884592651383969e-06,7.681020405492234e-06,1.7749121578689318,1.8666289513419256,0.001497965749981059,0.00020161323568210654
X+,4.2,1.2000000000000002,6.188709081001434,0.0,0.12632987450715397,-1.623063954594474e-05,0.00020163604244707357,0.16386705841102928,0.0002703270349917207,-0.0007640343191154862,0.14043513653005937,1.5328152715967673e-06,-1.3242160697188933e-06,0.103265809068165,1.1263973665486636e-06,-8.851223965561514e-07,0.12576865630488426,-1.4238817194106981e-05,0.00021890910456079385,0.2,0.0,0.0,0.0,0.0,2.962962962962963,2.962962962962963,5.884592651383969e-06,7.681020405492234e-06,1.7749121578689318,1.8666289513419256,0.001497965749981059,0.00020161323568210654
X+,4.2,1.2000000000000002,6.218899621999299,0.0,0.12632987450715397,-1.623063954594474e-05,0.00020163604244707357,0.16386705841102928,0.0002703270349917207,-0.0007640343191154862,0.14043513653005937,1.5328152715967673e-06,-1.3242160697188933e-06,0.103265809068165,1.1263973665486636e-06,-8.851223965561514e-07,0.12576865630488426,-1.4238817194106981e-05,0.00021890910456079385,0.2,0.0,0.0,0.0,0.0,2.962962962962963,2.962962962962963,5.884592651383969e-06,7.681020405492234e-06,1.7749121578689318,1.8666289513419256,0.001497965749981059,0.00020161323568210654
X+,4.2,1.2000000000000002,6.242959343999246,0.0,0.12632987450715397,-1.623063954594474e-05,0.00020163604244707357,0.16386705841102928,0.0002703270349917207,-0.0007640343191154862,0.14043513653005937,1.5328152715967673e-06,-1.3242160697188933e-06,0.103265809068165,1.1263973665486636e-06,-8.851223965561514e-07,0.12576865630488426,-1.4238817194106981e-05,0.00021890910456079385,0.2,0.0,0.0,0.0,0.0,2.962962962962963,2.962962962962963,5.884592651383969e-06,7.681020405492234e-06,1.7749121578689318,1.8666289513419256,0.001497965749981059,0.00020161323568210654
X+,4.2,1.2000000000000002,6.267055250998965,0.0,0.12632987450715397,-1.623063954594474e-05,0.00020163604244707357,0.16386705841102928,0.0002703270349917207,-0.0007640343191154862,0.14043513653005937,1.5328152715967673e-06,-1.3242160697188933e-06,0.103265809068165,1.1263973665486636e-06,-8.851223965561514e-07,0.12576865630488426,-1.4238817194106981e-05,0.00021890910456079385,0.2,0.0,0.0,0.0,0.0,2.962962962962963,2.962962962962963,5.884592651383969e-06,7.681020405492234e-06,1.7749121578689318,1.8666289513419256,0.001497965749981059,0.00020161323568210654
X+,4.2,1.2000000000000002,6.29024087200014,0.0,0.12632987450715397,-1.623063954594474e-05,0.00020163604244707357,0.16386705841102928,0.0002703270349917207,-0.0007640343191154862,0.14043513653005937,1.5328152715967673e-06,-1.3242160697188933e-06,0.103265809068165,1.1263973665486636e-06,-8.851223965561514e-07,0.12576865630488426,-1.4238817194106981e-05,0.00021890910456079385,0.2,0.0,0.0,0.0,0.0,2.962962962962963,2.962962962962963,5.884592651383969e-06,7.681020405492234e-06,1.7749121578689318,1.8666289513419256,0.001497965749981059,0.00020161323568210654
X+,4.2,1.2000000000000002,6.319251273998816,0.0,0.12632987450715397,-1.623063954594474e-05,0.00020163604244707357,0.16386705841102928,0.0002703270349917207,-0.0007640343191154862,0.14043513653005937,1.5328152715967673e-06,-1.3242160697188933e-06,0.103265809068165,1.1263973665486636e-06,-8.851223965561514e-07,0.12576865630488426,-1.4238817194106981e-05,0.00021890910456079385,0.2,0.0,0.0,0.0,0.0,2.962962962962963,2.962962962962963,5.884592651383969e-06,7.681020405492234e-06,1.7749121578689318,1.8666289513419256,0.001497965749981059,0.00020161323568210654
X+,4.2,1.2000000000000002,6.349961710999196,0.0,0.12632987450715397,-1.623063954594474e-05,0.00020163604244707357,0.16386705841102928,0.0002703270349917207,-0.0007640343191154862,0.14043513653005937,1.5328152715967673e-06,-1.3242160697188933e-06,0.103265809068165,1.1263973665486636e-06,-8.851223965561514e-07,0.12576865630488426,-1.4238817194106981e-05,0.00021890910456079385,0.2,0.0,0.0,0.0,0.0,2.962962962962963,2.962962962962963,5.884592651383969e-06,7.681020405492234e-06,1.7749121578689318,1.8666289513419256,0.001497965749981059,0.00020161323568210654
X+,4.2,1.2000000000000002,6.37376432399833,0.0,0.12632987450715397,-1.623063954594474e-05,0.00020163604244707357,0.16386705841102928,0.0002703270349917207,-0.0007640343191154862,0.14043513653005937,1.5328152715967673e-06,-1.3242160697188933e-06,0.103265809068165,1.1263973665486636e-06,-8.851223965561514e-07,0.12576865630488426,-1.4238817194106981e-05,0.00021890910456079385,0.2,0.0,0.0,0.0,0.0,2.962962962962963,2.962962962962963,5.884592651383969e-06,7.681020405492234e-06,1.7749121578689318,1.8666289513419256,0.001497965749981059,0.00020161323568210654
X+,4.2,1.2000000000000002,6.410049475998676,0.0,0.12632987450715397,-1.623063954594474e-05,0.00020163604244707357,0.16386705841102928,0.0002703270349917207,-0.0007640343191154862,0.14043513653005937,1.5328152715967673e-06,-1.3242160697188933e-06,0.103265809068165,1.1263973665486636e-06,-8.851223965561514e-07,0.12576865630488426,-1.4238817194106981e-05,0.00021890910456079385,0.2,0.0,0.0,0.0,0.0,2.962962962962963,2.962962962962963,5.884592651383969e-06,7.681020405492234e-06,1.7749121578689318,1.8666289513419256,0.001497965749981059,0.00020161323568210654
X+,4.2,1.2000000000000002,6.4400494520014036,0.0,0.12632987450715397,-1.623063954594474e-05,0.00020163604244707357,0.16386705841102928,0.0002703270349917207,-0.0007640343191154862,0.14043513653005937,1.5328152715967673e-06,-1.3242160697188933e-06,0.103265809068165,1.1263973665486636e-06,-8.851223965561514e-07,0.12576865630488426,-1.4238817194106981e-05,0.00021890910456079385,0.2,0.0,0.0,0.0,0.0,2.962962962962963,2.962962962962963,5.884592651383969e-06,7.681020405492234e-06,1.7749121578689318,1.8666289513419256,0.001497965749981059,0.00020161323568210654
X+,4.2,1.2000000000000002,6.466183149001154,0.0,0.12632987450715397,-1.623063954594474e-05,0.00020163604244707357,0.16386705841102928,0.0002703270349917207,-0.0007640343191154862,0.14043513653005937,1.5328152715967673e-06,-1.3242160697188933e-06,0.103265809068165,1.1263973665486636e-06,-8.851223965561514e-07,0.12576865630488426,-1.4238817194106981e-05,0.00021890910456079385,0.2,0.0,0.0,0.0,0.0,2.962962962962963,2.962962962962963,5.884592651383969e-06,7.681020405492234e-06,1.7749121578689318,1.8666289513419256,0.001497965749981059,0.00020161323568210654
X+,4.2,1.2000000000000002,6.492454111998086,0.0,0.12831655500930222,-1.595692096194052e-05,0.00020174075947998067,0.16709950642475802,0.0003066416930673344,-0.0008732295668687167,0.14043513653005937,1.5328152715967673e-06,-1.3242160697188933e-06,0.103265809068165,1.1263973665486636e-06,-8.851223965561514e-07,0.12576865630488426,-1.4238817194106981e-05,0.00021890910456079385,0.2,0.0,0.0,0.0,0.0,2.962962962962963,2.962962962962963,5.778239379417016e-06,6.262593960748575e-06,1.8413146661742616,1.927968695744272,-0.002511275159071699,0.00020174192769290212
X+,4.2,1.2000000000000002,6.518745713001408,0.0,0.13068021166193802,-1.503902787868168e-05,0.00020020060746723443,0.1703984185331824,0.00026381980217861004,-0.0007344526321167663,0.14043513653005937,1.5328152715967673e-06,-1.3242160697188933e-06,0.103265809068165,1.1263973665486636e-06,-8.851223965561514e-07,0.12576865630488426,-1.4238817194106981e-05,0.00021890910456079385,0.2,0.0,0.0,0.0,0.0,2.962962962962963,2.962962962962963,5.605274357556311e-06,-5.546263482258951e-06,1.96441940818378,2.040882318261296,-0.0017739531305068263,0.00020033962769089281
X+,4.2,1.2000000000000002,6.5463969000011275,0.0,0.13343359733220692,-1.4684185999279398e-05,0.00020027349570262738,0.17360113480913938,0.0002889459023772267,-0.0007004978524683053,0.14043513653005937,1.5328152715967673e-06,-1.3242160697188933e-06,0.103265809068165,1.1263973665486636e-06,-8.851223965561514e-07,0.12576865630488426,-1.4238817194106981e-05,0.00021890910456079385,0.2,0.0,0.0,0.0,0.0,2.962962962962963,2.962962962962963,5.523789720740524e-06,9.150452474848692e-06,2.020578852483922,2.0922183991349783,0.0018254091128688237,0.0002001679993640185
X+,4.2,1.2000000000000002,6.57038722300058,0.0,0.135881530277055,-1.440153932509916e-05,0.000200309816648887,0.17595653356814708,0.0003223269993745581,-0.0007970581807223669,0.14043513653005937,1.5328152715967673e-06,-1.3242160697188933e-06,0.103265809068165,1.1263973665486636e-06,-8.851223965561514e-07,0.12576865630488426,-1.4238817194106981e-05,0.00021890910456079385,0.2,0.0,0.0,0.0,0.0,2.962962962962963,2.962962962962963,4.739367934547545e-06,8.05929103453451e-06,2.1215799595427534,2.1849506869270763,0.003910135010711813,0.00020032789941466057
X+,4.2,1.2000000000000002,6.6446089669989306,0.0,0.13747156694593188,-1.4122818879367185e-05,0.00020002337496470975,0.17727177117363305,0.00032949638450400945,-0.0008247325873076065,0.14043513653005937,1.5328152715967673e-06,-1.3242160697188933e-06,0.103265809068165,1.1263973665486636e-06,-8.851223965561514e-07,0.12576865630488426,-1.4238817194106981e-05,0.00021890910456079385,0.2,0.0,0.0,0.0,0.0,2.962962962962963,2.962962962962963,-7.755429158429195e-06,6.955275805076155e-06,2.166460909245812,2.226128049009555,-0.0037435259067236295,0.000200309816648887
X+,4.2,1.2000000000000002,6.68136147399855,0.0,0.1403251569808583,-1.364013695229465e-05,0.00019943295600682404,0.17926483355033984,0.0003210643591499643,-0.0008183835098231636,0.1544255323617059,1.5100895435548852e-06,-1.6669289638980614e-06,0.13990395831664337,-4.1994210598731214e-08,-3.427128941791679e-06,0.14884715099824322,-1.2549393491248684e-05,6.462609198809595e-05,0.2,0.0,0.0,0.0,0.0,2.962962962962963,2.962962962962963,-4.630400127325629e-06,6.2030925143119475e-06,2.2078498622665084,2.2639653691955552,-0.0016592562244145308,0.0001995675228759066
X+,4.300000000000001,1.3000000000000007,6.715930452999601,0.10000000000000053,0.14538443328886871,-1.2925155414266094e-05,0.00019844433127607196,0.18183103605824222,0.0003183320450074828,-0.0008339101519850425,0.1544255323617059,1.5100895435548852e-06,-1.6669289638980614e-06,0.13990395831664337,-4.1994210598731214e-08,-3.427128941791679e-06,0.14884715099824322,-1.2549393491248684e-05,6.462609198809595e-05,0.2,0.0,0.0,0.0,0.0,2.962962962962963,2.962962962962963,4.613195481617538e-06,5.688823679683708e-06,2.313069379707852,2.360082184070641,0.0008811029390835327,0.00019848222075075694
X+,4.300000000000001,1.3000000000000007,6.744422794999991,0.0,0.14538443328886871,-1.2925155414266094e-05,0.00019844433127607196,0.18183103605824222,0.0003183320450074828,-0.0008339101519850425,0.1544255323617059,1.5100895435548852e-06,-1.6669289638980614e-06,0.13990395831664337,-4.1994210598731214e-08,-3.427128941791679e-06,0.14884715099824322,-1.2549393491248684e-05,6.462609198809595e-05,0.2,0.0,0.0,0.0,0.0,2.962962962962963,2.962962962962963,4.613195481617538e-06,5.688823679683708e-06,2.313069379707852,2.360082184070641,0.0008811029390835327,0.00019848222075075694
X+,4.300000000000001,1.3000000000000007,6.771701323999878,0.0,0.14538443328886871,-1.2925155414266094e-05,0.00019844433127607196,0.18183103605824222,0.0003183320450074828,-0.0008339101519850425,0.1544255323617059,1.5100895435548852e-06,-1.6669289638980614e-06,0.13990395831664337,-4.1994210598731214e-08,-3.427128941791679e-06,0.14884715099824322,-1.2549393491248684e-05,6.462609198809595e-05,0.2,0.0,0.0,0.0,0.0,2.962962962962963,2.962962962962963,4.613195481617538e-06,5.688823679683708e-06,2.313069379707852,2.360082184070641,0.0008811029390835327,0.00019848222075075694
X+,4.300000000000001,1.3000000000000007,6.801207185999374,0.0,0.14538443328886871,-1.2925155414266094e-05,0.00019844433127607196,0.18183103605824222,0.0003183320450074828,-0.0008339101519850425,0.1544255323617059,1.5100895435548852e-06,-1.6669289638980614e-06,0.13990395831664337,-4.1994210598731214e-08,-3.427128941791679e-06,0.14884715099824322,-1.2549393491248684e-05,6.462609198809595e-05,0.2,0.0,0.0,0.0,0.0,2.962962962962963,2.962962962962963,4.613195481617538e-06,5.688823679683708e-06,2.313069379707852,2.360082184070641,0.0008811029390835327,0.00019848222075075694
X+,4.300000000000001,1.3000000000000007,6.825763388998894,0.0,0.14538443328886871,-1.2925155414266094e-05,0.00019844433127607196,0.18183103605824222,0.0003183320450074828,-0.0008339101519850425,0.1544255323617059,1.5100895435548852e-06,-1.6669289638980614e-06,0.13990395831664337,-4.1994210598731214e-08,-3.427128941791679e-06,0.14884715099824322,-1.2549393491248684e-05,6.462609198809595e-05,0.2,0.0,0.0,0.0,0.0,2.962962962962963,2.962962962962963,4.613195481617538e-06,5.688823679683708e-06,2.313069379707852,2.360082184070641,0.0008811029390835327,0.00019848222075075694
X+,4.300000000000001,1.3000000000000007,6.850029043998802,0.0,0.14538443328886871,-1.2925155414266094e-05,0.00019844433127607196,0.18183103605824222,0.0003183320450074828,-0.0008339101519850425,0.1544255323617059,1.5100895435548852e-06,-1.6669289638980614e-06,0.13990395831664337,-4.1994210598731214e-08,-3.427128941791679e-06,0.14884715099824322,-1.2549393491248684e-05,6.462609198809595e-05,0.2,0.0,0.0,0.0,0.0,2.962962962962963,2.962962962962963,4.613195481617538e-06,5.688823679683708e-06,2.313069379707852,2.360082184070641,0.0008811029390835327,0.00019848222075075694
X+,4.300000000000001,1.3000000000000007,6.879462377000891,0.0,0.14538443328886871,-1.2925155414266094e-05,0.00019844433127607196,0.18183103605824222,0.0003183320450074828,-0.0008339101519850425,0.1544255323617059,1.5100895435548852e-06,-1.6669289638980614e-06,0.13990395831664337,-4.1994210598731214e-08,-3.427128941791679e-06,0.14884715099824322,-1.2549393491248684e-05,6.462609198809595e-05,0.2,0.0,0.0,0.0,0.0,2.962962962962963,2.962962962962963,4.613195481617538e-06,5.688823679683708e-06,2.313069379707852,2.360082184070641,0.0008811029390835327,0.00019848222075075694
X+,4.300000000000001,1.3000000000000007,6.909853719000239,0.0,0.14538443328886871,-1.2925155414266094e-05,0.00019844433127607196,0.18183103605824222,0.0003183320450074828,-0.0008339101519850425,0.1544255323617059,1.5100895435548852e-06,-1.6669289638980614e-06,0.13990395831664337,-4.1994210598731214e-08,-3.427128941791679e-06,0.14884715099824322,-1.2549393491248684e-05,6.462609198809595e-05,0.2,0.0,0.0,0.0,0.0,2.962962962962963,2.962962962962963,4.613195481617538e-06,5.688823679683708e-06,2.313069379707852,2.360082184070641,0.0008811029390835327,0.00019848222075075694
X+,4.300000000000001,1.3000000000000007,6.9423792919988045,0.0,0.14538443328886871,-1.2925155414266094e-05,0.00019844433127607196,0.18183103605824222,0.0003183320450074828,-0.0008339101519850425,0.1544255323617059,1.5100895435548852e-06,-1.6669289638980614e-06,0.13990395831664337,-4.1994210598731214e-08,-3.427128941791679e-06,0.14884715099824322,-1.2549393491248684e-05,6.462609198809595e-05,0.2,0.0,0.0,0.0,0.0,2.962962962962963,2.962962962962963,4.613195481617538e-06,5.688823679683708e-06,2.313069379707852,2.360082184070641,0.0008811029390835327,0.00019848222075075694
X+,4.300000000000001,1.3000000000000007,6.968770071998733,0.0,0.14538443328886871,-1.2925155414266094e-05,0.00019844433127607196,0.18183103605824222,0.0003183320450074828,-0.0008339101519850425,0.1544255323617059,1.5100895435548852e-06,-1.6669289638980614e-06,0.13990395831664337,-4.1994210598731214e-08,-3.427128941791679e-06,0.14884715099824322,-1.2549393491248684e-05,6.462609198809595e-05,0.2,0.0,0.0,0.0,0.0,2.962962962962963,2.962962962962963,4.613195481617538e-06,5.688823679683708e-06,2.313069379707852,2.360082184070641,0.0008811029390835327,0.00019848222075075694
X+,4.300000000000001,1.3000000000000007,6.999807014999533,0.0,0.14538443328886871,-1.2925155414266094e-05,0.00019844433127607196,0.18183103605824222,0.0003183320450074828,-0.0008339101519850425,0.1544255323617059,1.5100895435548852e-06,-1.6669289638980614e-06,0.13990395831664337,-4.1994210598731214e-08,-3.427128941791679e-06,0.14884715099824322,-1.2549393491248684e-05,6.462609198809595e-05,0.2,0.0,0.0,0.0,0.0,2.962962962962963,2.962962962962963,4.613195481617538e-06,5.688823679683708e-06,2.313069379707852,2.360082184070641,0.0008811029390835327,0.00019848222075075694
X+,4.300000000000001,1.3000000000000007,7.028941740998562,0.0,0.14538443328886871,-1.2925155414266094e-05,0.00019844433127607196,0.18183103605824222,0.0003183320450074828,-0.0008339101519850425,0.1544255323617059,1.5100895435548852e-06,-1.6669289638980614e-06,0.13990395831664337,-4.1994210598731214e-08,-3.427128941791679e-06,0.14884715099824322,-1.2549393491248684e-05,6.462609198809595e-05,0.2,0.0,0.0,0.0,0.0,2.962962962962963,2.962962962962963,4.613195481617538e-06,5.688823679683708e-06,2.313069379707852,2.360082184070641,0.0008811029390835327,0.00019848222075075694
X+,4.300000000000001,1.3000000000000007,7.059333180000976,0.0,0.14830320344456993,-1.2520380787127763e-05,0.00019782410671309456,0.18285559280554195,0.00031659451857647073,-0.0008425092021034638,0.1544255323617059,1.5100895435548852e-06,-1.6669289638980614e-06,0.13990395831664337,-4.1994210598731214e-08,-3.427128941791679e-06,0.14884715099824322,-1.2549393491248684e-05,6.462609198809595e-05,0.2,0.0,0.0,0.0,0.0,2.962962962962963,2.962962962962963,-4.899549534975733e-06,5.646470903286627e-06,2.342484030931483,2.3866913578080404,-0.0014608531734437574,0.0001977997460954151
X+,4.300000000000001,1.3000000000000007,7.093220652001037,0.0,0.15454806612925762,-1.1589703575504498e-05,0.00019704925314071935,0.1841951058186414,0.0002994614617569599,-0.0009363555757464617,0.1544255323617059,1.5100895435548852e-06,-1.6669289638980614e-06,0.13990395831664337,-4.1994210598731214e-08,-3.427128941791679e-06,0.14884715099824322,-1.2549393491248684e-05,6.462609198809595e-05,0.2,0.0,0.0,0.0,0.0,2.962962962962963,2.962962962962963,4.372411760655837e-06,5.518702445250767e-06,2.436673417147308,2.4710909679031956,-0.00047822920212364876,0.00019744854538178002
X+,4.300000000000001,1.3000000000000007,7.1164737489998515,0.0,0.157129903581805,-1.12394493576402e-05,0.0001964707047491757,0.18447694227163575,0.0002983944167263635,-0.0009425249550206607,0.1544255323617059,1.5100895435548852e-06,-1.6669289638980614e-06,0.13990395831664337,-4.1994210598731214e-08,-3.427128941791679e-06,0.14884715099824322,-1.2549393491248684e-05,6.462609198809595e-05,0.2,0.0,0.0,0.0,0.0,2.962962962962963,2.962962962962963,4.345078378875655e-06,5.486903408957744e-06,2.455155115947727,2.487543277900561,-0.0017611470249516707,0.00019651203273862171
X+,4.300000000000001,1.3000000000000007,7.148395128999255,0.0,0.1606384373314407,-1.0760729481885771e-05,0.00019567303062542274,0.184657787174777,0.00029685568178555244,-0.0009497768821600881,0.17016802674602685,1.5612967759629837e-06,-1.6985735418998418e-06,0.15742494384213718,7.744885226124235e-07,-3.1644578001780346e-07,0.15384360640491482,-1.1089659412113843e-05,0.00016014380190476635,0.2,0.0,0.0,0.0,0.0,2.962962962962963,2.962962962962963,-8.739447465266892e-06,5.428229972181953e-06,2.4872162752507903,2.515913309515413,-0.0029586988857067103,0.00019571515049305346
X+,4.4,1.4000000000000004,7.17795951899825,0.09999999999999964,0.16285542069237474,-1.0455651412071346e-05,0.00019516248108465378,0.18466896113342499,0.0002960705123756872,-0.0009537931026949251,0.17016802674602685,1.5612967759629837e-06,-1.6985735418998418e-06,0.15742494384213718,7.744885226124235e-07,-3.1644578001780346e-07,0.15384360640491482,-1.1089659412113843e-05,0.00016014380190476635,0.2,0.0,0.0,0.0,0.0,2.962962962962963,2.962962962962963,-8.089710992642551e-06,5.376092517828113e-06,2.5136356001563764,2.5390581788251385,-0.0013771886575301483,0.00019529137364334204
X+,4.4,1.4000000000000004,7.209321377999004,0.0,0.16285542069237474,-1.0455651412071346e-05,0.00019516248108465378,0.18466896113342499,0.0002960705123756872,-0.0009537931026949251,0.17016802674602685,1.5612967759629837e-06,-1.6985735418998418e-06,0.15742494384213718,7.744885226124235e-07,-3.1644578001780346e-07,0.15384360640491482,-1.1089659412113843e-05,0.00016014380190476635,0.2,0.0,0.0,0.0,0.0,2.962962962962963,2.962962962962963,-8.089710992642551e-06,5.376092517828113e-06,2.5136356001563764,2.5390581788251385,-0.0013771886575301483,0.00019529137364334204
X+,4.4,1.4000000000000004,7.243820691001019,0.0,0.16285542069237474,-1.0455651412071346e-05,0.00019516248108465378,0.18466896113342499,0.0002960705123756872,-0.0009537931026949251,0.17016802674602685,1.5612967759629837e-06,-1.6985735418998418e-06,0.15742494384213718,7.744885226124235e-07,-3.1644578001780346e-07,0.15384360640491482,-1.1089659412113843e-05,0.00016014380190476635,0.2,0.0,0.0,0.0,0.0,2.962962962962963,2.962962962962963,-8.089710992642551e-06,5.376092517828113e-06,2.5136356001563764,2.5390581788251385,-0.0013771886575301483,0.00019529137364334204
X+,4.4,1.4000000000000004,7.273386639000819,0.0,0.16285542069237474,-1.0455651412071346e-05,0.00019516248108465378,0.18466896113342499,0.0002960705123756872,-0.0009537931026949251,0.17016802674602685,1.5612967759629837e-06,-1.6985735418998418e-06,0.15742494384213718,7.744885226124235e-07,-3.1644578001780346e-07,0.15384360640491482,-1.1089659412113843e-05,0.00016014380190476635,0.2,0.0,0.0,0.0,0.0,2.962962962962963,2.962962962962963,-8.089710992642551e-06,5.376092517828113e-06,2.5136356001563764,2.5390581788251385,-0.0013771886575301483,0.00019529137364334204
X+,4.4,1.4000000000000004,7.299593198000366,0.0,0.16285542069237474,-1.0455651412071346e-05,0.00019516248108465378,0.18466896113342499,0.0002960705123756872,-0.0009537931026949251,0.17016802674602685,1.5612967759629837e-06,-1.6985735418998418e-06,0.15742494384213718,7.744885226124235e-07,-3.1644578001780346e-07,0.15384360640491482,-1.1089659412113843e-05,0.00016014380190476635,0.2,0.0,0.0,0.0,0.0,2.962962962962963,2.962962962962963,-8.089710992642551e-06,5.376092517828113e-06,2.5136356001563764,2.5390581788251385,-0.0013771886575301483,0.00019529137364334204
X+,4.4,1.4000000000000004,7.328899045998696,0.0,0.16285542069237474,-1.0455651412071346e-05,0.00019516248108465378,0.18466896113342499,0.0002960705123756872,-0.0009537931026949251,0.17016802674602685,1.5612967759629837e-06,-1.6985735418998418e-06,0.15742494384213718,7.744885226124235e-07,-3.1644578001780346e-07,0.15384360640491482,-1.1089659412113843e-05,0.00016014380190476635,0.2,0.0,0.0,0.0,0.0,2.962962962962963,2.962962962962963,-8.089710992642551e-06,5.376092517828113e-06,2.5136356001563764,2.5390581788251385,-0.0013771886575301483,0.00019529137364334204
X+,4.4,1.4000000000000004,7.359381842998118,0.0,0.16285542069237474,-1.0455651412071346e-05,0.00019516248108465378,0.18466896113342499,0.0002960705123756872,-0.0009537931026949251,0.17016802674602685,1.5612967759629837e-06,-1.6985735418998418e-06,0.15742494384213718,7.744885226124235e-07,-3.1644578001780346e-07,0.15384360640491482,-1.1089659412113843e-05,0.00016014380190476635,0.2,0.0,0.0,0.0,0.0,2.962962962962963,2.962962962962963,-8.089710992642551e-06,5.376092517828113e-06,2.5136356001563764,2.5390581788251385,-0.0013771886575301483,0.00019529137364334204
X+,4.4,1.4000000000000004,7.382717060001596,0.0,0.16285542069237474,-1.0455651412071346e-05,0.00019516248108465378,0.18466896113342499,0.0002960705123756872,-0.0009537931026949251,0.17016802674602685,1.5612967759629837e-06,-1.6985735418998418e-06,0.15742494384213718,7.744885226124235e-07,-3.1644578001780346e-07,0.15384360640491482,-1.1089659412113843e-05,0.00016014380190476635,0.2,0.0,0.0,0.0,0.0,2.962962962962963,2.962962962962963,-8.089710992642551e-06,5.376092517828113e-06,2.5136356001563764,2.5390581788251385,-0.0013771886575301483,0.00019529137364334204
X+,4.4,1.4000000000000004,7.4067043229988485,0.0,0.16285542069237474,-1.0455651412071346e-05,0.00019516248108465378,0.18466896113342499,0.0002960705123756872,-0.0009537931026949251,0.17016802674602685,1.5612967759629837e-06,-1.6985735418998418e-06,0.15742494384213718,7.744885226124235e-07,-3.1644578001780346e-07,0.15384360640491482,-1.1089659412113843e-05,0.00016014380190476635,0.2,0.0,0.0,0.0,0.0,2.962962962962963,2.962962962962963,-8.089710992642551e-06,5.376092517828113e-06,2.5136356001563764,2.5390581788251385,-0.0013771886575301483,0.00019529137364334204
X+,4.4,1.4000000000000004,7.435603734000324,0.0,0.16285542069237474,-1.0455651412071346e-05,0.00019516248108465378,0.18466896113342499,0.0002960705123756872,-0.0009537931026949251,0.17016802674602685,1.5612967759629837e-06,-1.6985735418998418e-06,0.15742494384213718,7.744885226124235e-07,-3.1644578001780346e-07,0.15384360640491482,-1.1089659412113843e-05,0.00016014380190476635,0.2,0.0,0.0,0.0,0.0,2.962962962962963,2.962962962962963,-8.089710992642551e-06,5.376092517828113e-06,2.5136356001563764,2.5390581788251385,-0.0013771886575301483,0.00019529137364334204
X+,4.4,1.4000000000000004,7.467941808998148,0.0,0.16285542069237474,-1.0455651412071346e-05,0.00019516248108465378,0.18466896113342499,0.0002960705123756872,-0.0009537931026949251,0.17016802674602685,1.5612967759629837e-06,-1.6985735418998418e-06,0.15742494384213718,7.744885226124235e-07,-3.1644578001780346e-07,0.15384360640491482,-1.1089659412113843e-05,0.00016014380190476635,0.2,0.0,0.0,0.0,0.0,2.962962962962963,2.962962962962963,-8.089710992642551e-06,5.376092517828113e-06,2.5136356001563764,2.5390581788251385,-0.0013771886575301483,0.00019529137364334204
X+,4.4,1.4000000000000004,7.497983339999337,0.0,0.1667340821434981,-9.91608666273125e-06,0.00019426250809096666,0.18452731929180727,0.0002949044186500678,-0.0009601903231201198,0.17016802674602685,1.5612967759629837e-06,-1.6985735418998418e-06,0.15742494384213718,7.744885226124235e-07,-3.1644578001780346e-07,0.15384360640491482,-1.1089659412113843e-05,0.00016014380190476635,0.2,0.0,0.0,0.0,0.0,2.962962962962963,2.962962962962963,-7.266091527569074e-06,5.329024698852436e-06,2.5353431762973706,2.557839557608074,-0.0012245384115165063,0.00019439154924349796
X+,4.4,1.4000000000000004,7.530514354999468,0.0,0.17042373090678864,-9.39548543510936e-06,0.00019339976592873588,0.18423317929384628,0.0002936244319614475,-0.0009653019840753818,0.17016802674602685,1.5612967759629837e-06,-1.6985735418998418e-06,0.15742494384213718,7.744885226124235e-07,-3.1644578001780346e-07,0.15384360640491482,-1.1089659412113843e-05,0.00016014380190476635,0.2,0.0,0.0,0.0,0.0,2.962962962962963,2.962962962962963,-4.249931437882992e-06,5.285486062156508e-06,2.5531349546580624,2.572990155426383,0.003982643825524904,0.00019353011379448962
X+,4.4,1.4000000000000004,7.557579918000556,0.0,0.17429022538399883,-8.841303202879354e-06,0.0001924911398679167,0.18378970309422246,0.0002924014357894005,-0.0009701374020045003,0.17016802674602685,1.5612967759629837e-06,-1.6985735418998418e-06,0.15742494384213718,7.744885226124235e-07,-3.1644578001780346e-07,0.15384360640491482,-1.1089659412113843e-05,0.00016014380190476635,0.2,0.0,0.0,0.0,0.0,2.962962962962963,2.962962962962963,-6.485366328412567e-06,5.245487239236013e-06,2.5676790251301935,2.5851298121206248,-0.0042851384216384,0.00019266468307205868
X+,4.4,1.4000000000000004,7.590438464998442,0.0,0.17686226024211735,-8.468516253961646e-06,0.00019188735231399497,0.18343115356276868,0.0002916749836485855,-0.00097302814664927,0.18657972289234503,1.523572048534428e-06,-2.0192857936413593e-06,0.16411696146358598,-9.848254576679064e-08,-3.2071225174151766e-06,0.1877969789794841,-7.080478035660637e-06,-2.0411920072849185e-05,0.2,0.0,0.0,0.0,0.0,2.962962962962963,2.962962962962963,-3.962070108443072e-06,5.226310147321556e-06,2.5739163124126887,2.590238109854165,0.001701174693646128,0.00019219069274321342
X+,4.5,1.5,7.625159816998348,0.09999999999999964,0.18125892072399913,-7.824463271921718e-06,0.00019085742980300984,0.18272207030864288,0.0002900467777237174,-0.0009780682914687908,0.18657972289234503,1.523572048534428e-06,-2.0192857936413593e-06,0.16411696146358598,-9.848254576679064e-08,-3.2071225174151766e-06,0.1877969789794841,-7.080478035660637e-06,-2.0411920072849185e-05,0.2,0.0,0.0,0.0,0.0,2.962962962962963,2.962962962962963,3.843051325169711e-06,5.1717117512950495e-06,2.5892124118435085,2.60239566918926,-0.0010320352269645287,0.00019085742980300984
X+,4.5,1.5,7.651465045000805,0.0,0.18125892072399913,-7.824463271921718e-06,0.00019085742980300984,0.18272207030864288,0.0002900467777237174,-0.0009780682914687908,0.18657972289234503,1.523572048534428e-06,-2.0192857936413593e-06,0.16411696146358598,-9.848254576679064e-08,-3.2071225174151766e-06,0.1877969789794841,-7.080478035660637e-06,-2.0411920072849185e-05,0.2,0.0,0.0,0.0,0.0,2.962962962962963,2.962962962962963,3.843051325169711e-06,5.1717117512950495e-06,2.5892124118435085,2.60239566918926,-0.0010320352269645287,0.00019085742980300984
X+,4.5,1.5,7.678955185998348,0.0,0.18125892072399913,-7.824463271921718e-06,0.00019085742980300984,0.18272207030864288,0.0002900467777237174,-0.0009780682914687908,0.18657972289234503,1.523572048534428e-06,-2.0192857936413593e-06,0.16411696146358598,-9.848254576679064e-08,-3.2071225174151766e-06,0.1877969789794841,-7.080478035660637e-06,-2.0411920072849185e-05,0.2,0.0,0.0,0.0,0.0,2.962962962962963,2.962962962962963,3.843051325169711e-06,5.1717117512950495e-06,2.5892124118435085,2.60239566918926,-0.0010320352269645287,0.00019085742980300984
X+,4.5,1.5,7.705359798001155,0.0,0.18125892072399913,-7.824463271921718e-06,0.00019085742980300984,0.18272207030864288,0.0002900467777237174,-0.0009780682914687908,0.18657972289234503,1.523572048534428e-06,-2.0192857936413593e-06,0.16411696146358598,-9.848254576679064e-08,-3.2071225174151766e-06,0.1877969789794841,-7.080478035660637e-06,-2.0411920072849185e-05,0.2,0.0,0.0,0.0,0.0,2.962962962962963,2.962962962962963,3.843051325169711e-06,5.1717117512950495e-06,2.5892124118435085,2.60239566918926,-0.0010320352269645287,0.00019085742980300984
X+,4.5,1.5,7.749821985999006,0.0,0.18125892072399913,-7.824463271921718e-06,0.00019085742980300984,0.18272207030864288,0.0002900467777237174,-0.0009780682914687908,0.18657972289234503,1.523572048534428e-06,-2.0192857936413593e-06,0.16411696146358598,-9.848254576679064e-08,-3.2071225174151766e-06,0.1877969789794841,-7.080478035660637e-06,-2.0411920072849185e-05,0.2,0.0,0.0,0.0,0.0,2.962962962962963,2.962962962962963,3.843051325169711e-06,5.1717117512950495e-06,2.5892124118435085,2.60239566918926,-0.0010320352269645287,0.00019085742980300984
X+,4.5,1.5,7.785335878001206,0.0,0.18125892072399913,-7.824463271921718e-06,0.00019085742980300984,0.18272207030864288,0.0002900467777237174,-0.0009780682914687908,0.18657972289234503,1.523572048534428e-06,-2.0192857936413593e-06,0.16411696146358598,-9.848254576679064e-08,-3.2071225174151766e-06,0.1877969789794841,-7.080478035660637e-06,-2.0411920072849185e-05,0.2,0.0,0.0,0.0,0.0,2.962962962962963,2.962962962962963,3.843051325169711e-06,5.1717117512950495e-06,2.5892124118435085,2.60239566918926,-0.0010320352269645287,0.00019085742980300984
X+,4.5,1.5,7.821058834000723,0.0,0.18125892072399913,-7.824463271921718e-06,0.00019085742980300984,0.18272207030864288,0.0002900467777237174,-0.0009780682914687908,0.18657972289234503,1.523572048534428e-06,-2.0192857936413593e-06,0.16411696146358598,-9.848254576679064e-08,-3.2071225174151766e-06,0.1877969789794841,-7.080478035660637e-06,-2.0411920072849185e-05,0.2,0.0,0.0,0.0,0.0,2.962962962962963,2.962962962962963,3.843051325169711e-06,5.1717117512950495e-06,2.5892124118435085,2.60239566918926,-0.0010320352269645287,0.00019085742980300984
X+,4.5,1.5,7.847330377000617,0.0,0.18125892072399913,-7.824463271921718e-06,0.00019085742980300984,0.18272207030864288,0.0002900467777237174,-0.0009780682914687908,0.18657972289234503,1.523572048534428e-06,-2.0192857936413593e-06,0.16411696146358598,-9.848254576679064e-08,-3.2071225174151766e-06,0.1877969789794841,-7.080478035660637e-06,-2.0411920072849185e-05,0.2,0.0,0.0,0.0,0.0,2.962962962962963,2.962962962962963,3.843051325169711e-06,5.1717117512950495e-06,2.5892124118435085,2.60239566918926,-0.0010320352269645287,0.00019085742980300984
X+,4.5,1.5,7.872369773998798,0.0,0.18125892072399913,-7.824463271921718e-06,0.00019085742980300984,0.18272207030864288,0.0002900467777237174,-0.0009780682914687908,0.18657972289234503,1.523572048534428e-06,-2.0192857936413593e-06,0.16411696146358598,-9.848254576679064e-08,-3.2071225174151766e-06,0.1877969789794841,-7.080478035660637e-06,-2.0411920072849185e-05,0.2,0.0,0.0,0.0,0.0,2.962962962962963,2.962962962962963,3.843051325169711e-06,5.1717117512950495e-06,2.5892124118435085,2.60239566918926,-0.0010320352269645287,0.00019085742980300984
X+,4.5,1.5,7.901420840000355,0.0,0.18125892072399913,-7.824463271921718e-06,0.00019085742980300984,0.18272207030864288,0.0002900467777237174,-0.0009780682914687908,0.18657972289234503,1.523572048534428e-06,-2.0192857936413593e-06,0.16411696146358598,-9.848254576679064e-08,-3.2071225174151766e-06,0.1877969789794841,-7.080478035660637e-06,-2.0411920072849185e-05,0.2,0.0,0.0,0.0,0.0,2.962962962962963,2.962962962962963,3.843051325169711e-06,5.1717117512950495e-06,2.5892124118435085,2.60239566918926,-0.0010320352269645287,0.00019085742980300984
X+,4.5,1.5,7.929463640000904,0.0,0.18125892072399913,-7.824463271921718e-06,0.00019085742980300984,0.18272207030864288,0.0002900467777237174,-0.0009780682914687908,0.18657972289234503,1.523572048534428e-06,-2.0192857936413593e-06,0.16411696146358598,-9.848254576679064e-08,-3.2071225174151766e-06,0.1877969789794841,-7.080478035660637e-06,-2.0411920072849185e-05,0.2,0.0,0.0,0.0,0.0,2.962962962962963,2.962962962962963,3.843051325169711e-06,5.1717117512950495e-06,2.5892124118435085,2.60239566918926,-0.0010320352269645287,0.00019085742980300984
X+,4.5,1.5,7.953973997999128,0.0,0.18125892072399913,-7.824463271921718e-06,0.00019085742980300984,0.18272207030864288,0.0002900467777237174,-0.0009780682914687908,0.18657972289234503,1.523572048534428e-06,-2.0192857936413593e-06,0.16411696146358598,-9.848254576679064e-08,-3.2071225174151766e-06,0.1877969789794841,-7.080478035660637e-06,-2.0411920072849185e-05,0.2,0.0,0.0,0.0,0.0,2.962962962962963,2.962962962962963,3.843051325169711e-06,5.1717117512950495e-06,2.5892124118435085,2.60239566918926,-0.0010320352269645287,0.00019085742980300984
X+,4.5,1.5,7.978427293001005,0.0,0.18125892072399913,-7.824463271921718e-06,0.00019085742980300984,0.18272207030864288,0.0002900467777237174,-0.0009780682914687908,0.18657972289234503,1.523572048534428e-06,-2.0192857936413593e-06,0.16411696146358598,-9.848254576679064e-08,-3.2071225174151766e-06,0.1877969789794841,-7.080478035660637e-06,-2.0411920072849185e-05,0.2,0.0,0.0,0.0,0.0,2.962962962962963,2.962962962962963,3.843051325169711e-06,5.1717117512950495e-06,2.5892124118435085,2.60239566918926,-0.0010320352269645287,0.00019085742980300984
X+,4.5,1.5,8.005359347000194,0.0,0.18125892072399913,-7.824463271921718e-06,0.00019085742980300984,0.18272207030864288,0.0002900467777237174,-0.0009780682914687908,0.18657972289234503,1.523572048534428e-06,-2.0192857936413593e-06,0.16411696146358598,-9.848254576679064e-08,-3.2071225174151766e-06,0.1877969789794841,-7.080478035660637e-06,-2.0411920072849185e-05,0.2,0.0,0.0,0.0,0.0,2.962962962962963,2.962962962962963,3.843051325169711e-06,5.1717117512950495e-06,2.5892124118435085,2.60239566918926,-0.0010320352269645287,0.00019085742980300984
X+,4.5,1.5,8.073540514000342,0.0,0.18818262168759484,-6.795248882873056e-06,0.00018925902806055691,0.18141467585983642,0.00028873677032502143,-0.0009794018745913227,0.18657972289234503,1.523572048534428e-06,-2.0192857936413593e-06,0.16411696146358598,-9.848254576679064e-08,-3.2071225174151766e-06,0.1877969789794841,-7.080478035660637e-06,-2.0411920072849185e-05,0.2,0.0,0.0,0.0,0.0,2.962962962962963,2.962962962962963,3.7875843963419698e-06,5.138733970788678e-06,2.5970782311341254,2.608340555967733,-0.001575001303901401,0.00019005189984058193
X+,4.5,1.5,8.106477028999507,0.0,0.19216748845662027,-6.194068805648843e-06,0.0001883791075058152,0.1805829724898788,0.0002893377804162509,-0.0009704362331568488,0.18657972289234503,1.523572048534428e-06,-2.0192857936413593e-06,0.16411696146358598,-9.848254576679064e-08,-3.2071225174151766e-06,0.1877969789794841,-7.080478035660637e-06,-2.0411920072849185e-05,0.2,0.0,0.0,0.0,0.0,2.962962962962963,2.962962962962963,4.050720812109887e-06,5.077656904717287e-06,2.608696157800826,2.6164229036938047,2.7078159306218974e-05,0.00018841620801886652
X+,4.5,1.5,8.137877328001196,0.0,0.195053943669798,-5.716737370901545e-06,0.00018785783972699997,0.1799529629949269,0.00028862657248960547,-0.0009643952172361137,0.2032217271031493,1.5659369723417682e-06,-2.048139956197864e-06,0.16642004210684808,7.596988648782785e-07,-2.885416255650474e-07,0.20217729364093187,-7.96732120268719e-06,-7.767803730107652e-05,0.2,0.0,0.0,0.0,0.0,2.962962962962963,2.962962962962963,4.008259321786056e-06,5.065184352837093e-06,2.610903135251814,2.6178268684257224,-0.00015748479671493225,0.00018799637968900193
X+,4.6000000000000005,1.6000000000000005,8.166678000001411,0.10000000000000053,0.1991853882382708,-5.102917591434143e-06,0.00018692758183281775,0.17901788874959762,0.0002969078803560514,-0.0008941468942486661,0.2032217271031493,1.5659369723417682e-06,-2.048139956197864e-06,0.16642004210684808,7.596988648782785e-07,-2.885416255650474e-07,0.20217729364093187,-7.96732120268719e-06,-7.767803730107652e-05,0.2,0.0,0.0,0.0,0.0,2.962962962962963,2.962962962962963,3.93331228032423e-06,5.027001332535974e-06,2.61469206898347,2.6201004448228646,-0.0003760223197550566,0.00018723762153136187
X+,4.6000000000000005,1.6000000000000005,8.196286708000116,0.0,0.1991853882382708,-5.102917591434143e-06,0.00018692758183281775,0.17901788874959762,0.0002969078803560514,-0.0008941468942486661,0.2032217271031493,1.5659369723417682e-06,-2.048139956197864e-06,0.16642004210684808,7.596988648782785e-07,-2.885416255650474e-07,0.20217729364093187,-7.96732120268719e-06,-7.767803730107652e-05,0.2,0.0,0.0,0.0,0.0,2.962962962962963,2.962962962962963,3.882753991213406e-06,5.022554820044434e-06,2.6163132384719523,2.6209894490277503,-0.0003760223197550566,0.00018723762153136187
X+,4.6000000000000005,1.6000000000000005,8.220228264999605,0.0,0.1991853882382708,-5.102917591434143e-06,0.00018692758183281775,0.17901788874959762,0.0002969078803560514,-0.0008941468942486661,0.2032217271031493,1.5659369723417682e-06,-2.048139956197864e-06,0.16642004210684808,7.596988648782785e-07,-2.885416255650474e-07,0.20217729364093187,-7.96732120268719e-06,-7.767803730107652e-05,0.2,0.0,0.0,0.0,0.0,2.962962962962963,2.962962962962963,3.882753991213406e-06,5.022554820044434e-06,2.6163132384719523,2.6209894490277503,-0.0003760223197550566,0.00018723762153136187
X+,4.6000000000000005,1.6000000000000005,8.246239242998854,0.0,0.1991853882382708,-5.102917591434143e-06,0.00018692758183281775,0.17901788874959762,0.0002969078803560514,-0.0008941468942486661,0.2032217271031493,1.5659369723417682e-06,-2.048139956197864e-06,0.16642004210684808,7.596988648782785e-07,-2.885416255650474e-07,0.20217729364093187,-7.96732120268719e-06,-7.767803730107652e-05,0.2,0.0,0.0,0.0,0.0,2.962962962962963,2.962962962962963,3.882753991213406e-06,5.022554820044434e-06,2.6163132384719523,2.6209894490277503,-0.0003760223197550566,0.00018723762153136187
X+,4.6000000000000005,1.6000000000000005,8.274311545999808,0.0,0.1991853882382708,-5.102917591434143e-06,0.00018692758183281775,0.17901788874959762,0.0002969078803560514,-0.0008941468942486661,0.2032217271031493,1.5659369723417682e-06,-2.048139956197864e-06,0.16642004210684808,7.596988648782785e-07,-2.885416255650474e-07,0.20217729364093187,-7.96732120268719e-06,-7.767803730107652e-05,0.2,0.0,0.0,0.0,0.0,2.962962962962963,2.962962962962963,3.882753991213406e-06,5.022554820044434e-06,2.6163132384719523,2.6209894490277503,-0.0003760223197550566,0.00018723762153136187
X+,4.6000000000000005,1.6000000000000005,8.301967633000459,0.0,0.1991853882382708,-5.102917591434143e-06,0.00018692758183281775,0.17901788874959762,0.0002969078803560514,-0.0008941468942486661,0.2032217271031493,1.5659369723417682e-06,-2.048139956197864e-06,0.16642004210684808,7.596988648782785e-07,-2.885416255650474e-07,0.20217729364093187,-7.96732120268719e-06,-7.767803730107652e-05,0.2,0.0,0.0,0.0,0.0,2.962962962962963,2.962962962962963,3.882753991213406e-06,5.022554820044434e-06,2.6163132384719523,2.6209894490277503,-0.0003760223197550566,0.00018723762153136187
X+,4.6000000000000005,1.6000000000000005,8.332604004001041,0.0,0.1991853882382708,-5.102917591434143e-06,0.00018692758183281775,0.17901788874959762,0.0002969078803560514,-0.0008941468942486661,0.2032217271031493,1.5659369723417682e-06,-2.048139956197864e-06,0.16642004210684808,7.596988648782785e-07,-2.885416255650474e-07,0.20217729364093187,-7.96732120268719e-06,-7.767803730107652e-05,0.2,0.0,0.0,0.0,0.0,2.962962962962963,2.962962962962963,3.882753991213406e-06,5.022554820044434e-06,2.6163132384719523,2.6209894490277503,-0.0003760223197550566,0.00018723762153136187
X+,4.6000000000000005,1.6000000000000005,8.360443300000043,0.0,0.1991853882382708,-5.102917591434143e-06,0.00018692758183281775,0.17901788874959762,0.0002969078803560514,-0.0008941468942486661,0.2032217271031493,1.5659369723417682e-06,-2.048139956197864e-06,0.16642004210684808,7.596988648782785e-07,-2.885416255650474e-07,0.20217729364093187,-7.96732120268719e-06,-7.767803730107652e-05,0.2,0.0,0.0,0.0,0.0,2.962962962962963,2.962962962962963,3.882753991213406e-06,5.022554820044434e-06,2.6163132384719523,2.6209894490277503,-0.0003760223197550566,0.00018723762153136187
X+,4.6000000000000005,1.6000000000000005,8.3871014619981,0.0,0.1991853882382708,-5.102917591434143e-06,0.00018692758183281775,0.17901788874959762,0.0002969078803560514,-0.0008941468942486661,0.2032217271031493,1.5659369723417682e-06,-2.048139956197864e-06,0.16642004210684808,7.596988648782785e-07,-2.885416255650474e-07,0.20217729364093187,-7.96732120268719e-06,-7.767803730107652e-05,0.2,0.0,0.0,0.0,0.0,2.962962962962963,2.962962962962963,3.882753991213406e-06,5.022554820044434e-06,2.6163132384719523,2.6209894490277503,-0.0003760223197550566,0.00018723762153136187
X+,4.6000000000000005,1.6000000000000005,8.415581679000752,0.0,0.1991853882382708,-5.102917591434143e-06,0.00018692758183281775,0.17901788874959762,0.0002969078803560514,-0.0008941468942486661,0.2032217271031493,1.5659369723417682e-06,-2.048139956197864e-06,0.16642004210684808,7.596988648782785e-07,-2.885416255650474e-07,0.20217729364093187,-7.96732120268719e-06,-7.767803730107652e-05,0.2,0.0,0.0,0.0,0.0,2.962962962962963,2.962962962962963,3.882753991213406e-06,5.022554820044434e-06,2.6163132384719523,2.6209894490277503,-0.0003760223197550566,0.00018723762153136187
X+,4.6000000000000005,1.6000000000000005,8.444568374001392,0.0,0.1991853882382708,-5.102917591434143e-06,0.00018692758183281775,0.17901788874959762,0.0002969078803560514,-0.0008941468942486661,0.2032217271031493,1.5659369723417682e-06,-2.048139956197864e-06,0.16642004210684808,7.596988648782785e-07,-2.885416255650474e-07,0.20217729364093187,-7.96732120268719e-06,-7.767803730107652e-05,0.2,0.0,0.0,0.0,0.0,2.962962962962963,2.962962962962963,3.882753991213406e-06,5.022554820044434e-06,2.6163132384719523,2.6209894490277503,-0.0003760223197550566,0.00018723762153136187
X+,4.6000000000000005,1.6000000000000005,8.471051180000359,0.0,0.1991853882382708,-5.102917591434143e-06,0.00018692758183281775,0.17901788874959762,0.0002969078803560514,-0.0008941468942486661,0.2032217271031493,1.5659369723417682e-06,-2.048139956197864e-06,0.16642004210684808,7.596988648782785e-07,-2.885416255650474e-07,0.20217729364093187,-7.96732120268719e-06,-7.767803730107652e-05,0.2,0.0,0.0,0.0,0.0,2.962962962962963,2.962962962962963,3.882753991213406e-06,5.022554820044434e-06,2.6163132384719523,2.6209894490277503,-0.0003760223197550566,0.00018723762153136187
X+,4.6000000000000005,1.6000000000000005,8.500392478999856,0.0,0.1991853882382708,-5.102917591434143e-06,0.00018692758183281775,0.17901788874959762,0.0002969078803560514,-0.0008941468942486661,0.2032217271031493,1.5659369723417682e-06,-2.048139956197864e-06,0.16642004210684808,7.596988648782785e-07,-2.885416255650474e-07,0.20217729364093187,-7.96732120268719e-06,-7.767803730107652e-05,0.2,0.0,0.0,0.0,0.0,2.962962962962963,2.962962962962963,3.882753991213406e-06,5.022554820044434e-06,2.6163132384719523,2.6209894490277503,-0.0003760223197550566,0.00018723762153136187
X+,4.6000000000000005,1.6000000000000005,8.540337379999983,0.0,0.1993645289788198,-5.075394329564879e-06,0.0001869041618220029,0.17897655897506498,0.0002978102466476573,-0.0008912677942938396,0.2032217271031493,1.5659369723417682e-06,-2.048139956197864e-06,0.16642004210684808,7.596988648782785e-07,-2.885416255650474e-07,0.20217729364093187,-7.96732120268719e-06,-7.767803730107652e-05,0.2,0.0,0.0,0.0,0.0,2.962962962962963,2.962962962962963,3.882753991213406e-06,5.022554820044434e-06,2.6163132384719523,2.6209894490277503,-0.002164598631380122,0.00018688149608069366
X+,4.6000000000000005,1.6000000000000005,8.565950447999057,0.0,0.20347334811245574,-4.310443113947002e-06,0.00018679490836969348,0.17801348242534407,0.0003002110359293171,-0.0008688475372639827,0.2032217271031493,1.5659369723417682e-06,-2.048139956197864e-06,0.16642004210684808,7.596988648782785e-07,-2.885416255650474e-07,0.20217729364093187,-7.96732120268719e-06,-7.767803730107652e-05,0.2,0.0,0.0,0.0,0.0,2.962962962962963,2.962962962962963,3.864256059138427e-06,5.018365760278698e-06,2.6192006373459624,2.6224227787771106,-0.0005839265409678105,0.00018678915185190722
X+,4.6000000000000005,1.6000000000000005,8.593275265000557,0.0,0.20631856275811206,-3.7754685342445207e-06,0.00018684276214224065,0.1773302314654205,0.000299072686496057,-0.0008686482718100505,0.2032217271031493,1.5659369723417682e-06,-2.048139956197864e-06,0.16642004210684808,7.596988648782785e-07,-2.885416255650474e-07,0.20217729364093187,-7.96732120268719e-06,-7.767803730107652e-05,0.2,0.0,0.0,0.0,0.0,2.962962962962963,2.962962962962963,3.865356883459015e-06,5.020116128129359e-06,2.620476854870782,2.6230100759645176,-0.0007429715644603862,0.00018682268995380116
X+,4.6000000000000005,1.6000000000000005,8.621416343998135,0.0,0.2082683163235016,-3.41141501086252e-06,0.00018687568569976197,0.17685508908975742,0.00029882073152559584,-0.0008686592750744226,0.2032217271031493,1.5659369723417682e-06,-2.048139956197864e-06,0.16642004210684808,7.596988648782785e-07,-2.885416255650474e-07,0.20217729364093187,-7.96732120268719e-06,-7.767803730107652e-05,0.2,0.0,0.0,0.0,0.0,2.962962962962963,2.962962962962963,3.865285040483002e-06,5.026967457411047e-06,2.6227635108690657,2.62394063674752,-0.001451322313789282,0.00018685183001149842
X+,4.6000000000000005,1.6000000000000005,8.653808723000111,0.0,0.2116237720838513,-2.7848322473079945e-06,0.00018693812273449327,0.17602528133807824,0.0002986901511318528,-0.0008681296099035169,0.21993698108483925,1.6060500525445355e-06,-2.080629864884685e-06,0.16715253981572709,7.434825976055381e-07,-3.248990868682145e-07,0.20217729364093187,-7.96732120268719e-06,-7.767803730107649e-05,0.2,0.0,0.0,0.0,0.0,2.962962962962963,2.962962962962963,3.86504244076491e-06,5.034663418612695e-06,2.6247983378317516,2.6246381433765937,0.0014108559661651717,0.00018692024337849174
X+,4.7,1.7000000000000002,8.677675880000606,0.09999999999999964,0.21443720443938483,-2.2598408636583314e-06,0.00018700219276537817,0.1753183818332618,0.00029850661143892925,-0.0008674212270779439,0.21993698108483925,1.6060500525445355e-06,-2.080629864884685e-06,0.16715253981572709,7.434825976055381e-07,-3.248990868682145e-07,0.20506101611815666,-8.88390041214645e-06,-8.810018342320088e-05,0.2,0.0,0.0,0.0,0.0,2.962962962962963,2.962962962962963,3.865052301321725e-06,5.039265658979275e-06,2.625755333009003,2.624930364678444,-0.001803186699290768,0.00018699835249320277
X+,4.7,1.7000000000000002,8.717615991001367,0.0,0.21741410470214403,-1.7045281582106844e-06,0.0001870818650409546,0.17455973333604785,0.00029825451858026106,-0.0008663721490779352,0.21993698108483925,1.6060500525445355e-06,-2.080629864884685e-06,0.16715253981572709,7.434825976055381e-07,-3.248990868682145e-07,0.20506101611815666,-8.88390041214645e-06,-8.810018342320088e-05,0.2,0.0,0.0,0.0,0.0,2.962962962962963,2.962962962962963,3.865316515749839e-06,5.049128522394142e-06,2.6276084948614806,2.6254576126464855,-0.001221305109376143,0.00018704284789172206
X+,4.7,1.7000000000000002,8.743066097998963,0.0,0.2175888167732663,-1.6720811416726794e-06,0.00018708652011916225,0.17451486828983817,0.0002983471035929348,-0.0008663571532162849,0.21993698108483925,1.6060500525445355e-06,-2.080629864884685e-06,0.16715253981572709,7.434825976055381e-07,-3.248990868682145e-07,0.20506101611815666,-8.88390041214645e-06,-8.810018342320088e-05,0.2,0.0,0.0,0.0,0.0,2.962962962962963,2.962962962962963,3.865316515749839e-06,5.049128522394142e-06,2.6276084948614806,2.6254576126464855,-0.001221305109376143,0.00018704284789172206
X+,4.7,1.7000000000000002,8.770973375998437,0.0,0.2175888167732663,-1.6720811416726794e-06,0.00018708652011916225,0.17451486828983817,0.0002983471035929348,-0.0008663571532162849,0.21993698108483925,1.6060500525445355e-06,-2.080629864884685e-06,0.16715253981572709,7.434825976055381e-07,-3.248990868682145e-07,0.20506101611815666,-8.88390041214645e-06,-8.810018342320088e-05,0.2,0.0,0.0,0.0,0.0,2.962962962962963,2.962962962962963,3.865316515749839e-06,5.049128522394142e-06,2.6276084948614806,2.6254576126464855,-0.001221305109376143,0.00018704284789172206
X+,4.7,1.7000000000000002,8.79545349700129,0.0,0.2175888167732663,-1.6720811416726794e-06,0.00018708652011916225,0.17451486828983817,0.0002983471035929348,-0.0008663571532162849,0.21993698108483925,1.6060500525445355e-06,-2.080629864884685e-06,0.16715253981572709,7.434825976055381e-07,-3.248990868682145e-07,0.20506101611815666,-8.88390041214645e-06,-8.810018342320088e-05,0.2,0.0,0.0,0.0,0.0,2.962962962962963,2.962962962962963,3.865316515749839e-06,5.049128522394142e-06,2.6276084948614806,2.6254576126464855,-0.001221305109376143,0.00018704284789172206
X+,4.7,1.7000000000000002,8.827034180998453,0.0,0.2175888167732663,-1.6720811416726794e-06,0.00018708652011916225,0.17451486828983817,0.0002983471035929348,-0.0008663571532162849,0.21993698108483925,1.6060500525445355e-06,-2.080629864884685e-06,0.16715253981572709,7.434825976055381e-07,-3.248990868682145e-07,0.20506101611815666,-8.88390041214645e-06,-8.810018342320088e-05,0.2,0.0,0.0,0.0,0.0,2.962962962962963,2.962962962962963,3.865316515749839e-06,5.049128522394142e-06,2.6276084948614806,2.6254576126464855,-0.001221305109376143,0.00018704284789172206
X+,4.7,1.7000000000000002,8.852706253001088,0.0,0.2175888167732663,-1.6720811416726794e-06,0.00018708652011916225,0.17451486828983817,0.0002983471035929348,-0.0008663571532162849,0.21993698108483925,1.6060500525445355e-06,-2.080629864884685e-06,0.16715253981572709,7.434825976055381e-07,-3.248990868682145e-07,0.20506101611815666,-8.88390041214645e-06,-8.810018342320088e-05,0.2,0.0,0.0,0.0,0.0,2.962962962962963,2.962962962962963,3.865316515749839e-06,5.049128522394142e-06,2.6276084948614806,2.6254576126464855,-0.001221305109376143,0.00018704284789172206
X+,4.7,1.7000000000000002,8.885314939998352,0.0,0.2175888167732663,-1.6720811416726794e-06,0.00018708652011916225,0.17451486828983817,0.0002983471035929348,-0.0008663571532162849,0.21993698108483925,1.6060500525445355e-06,-2.080629864884685e-06,0.16715253981572709,7.434825976055381e-07,-3.248990868682145e-07,0.20506101611815666,-8.88390041214645e-06,-8.810018342320088e-05,0.2,0.0,0.0,0.0,0.0,2.962962962962963,2.962962962962963,3.865316515749839e-06,5.049128522394142e-06,2.6276084948614806,2.6254576126464855,-0.001221305109376143,0.00018704284789172206
X+,4.7,1.7000000000000002,8.926265155001602,0.0,0.2175888167732663,-1.6720811416726794e-06,0.00018708652011916225,0.17451486828983817,0.0002983471035929348,-0.0008663571532162849,0.21993698108483925,1.6060500525445355e-06,-2.080629864884685e-06,0.16715253981572709,7.434825976055381e-07,-3.248990868682145e-07,0.20506101611815666,-8.88390041214645e-06,-8.810018342320088e-05,0.2,0.0,0.0,0.0,0.0,2.962962962962963,2.962962962962963,3.865316515749839e-06,5.049128522394142e-06,2.6276084948614806,2.6254576126464855,-0.001221305109376143,0.00018704284789172206
X+,4.7,1.7000000000000002,8.955348560000857,0.0,0.2175888167732663,-1.6720811416726794e-06,0.00018708652011916225,0.17451486828983817,0.0002983471035929348,-0.0008663571532162849,0.21993698108483925,1.6060500525445355e-06,-2.080629864884685e-06,0.16715253981572709,7.434825976055381e-07,-3.248990868682145e-07,0.20506101611815666,-8.88390041214645e-06,-8.810018342320088e-05,0.2,0.0,0.0,0.0,0.0,2.962962962962963,2.962962962962963,3.865316515749839e-06,5.049128522394142e-06,2.6276084948614806,2.6254576126464855,-0.001221305109376143,0.00018704284789172206
X+,4.7,1.7000000000000002,8.985669966001296,0.0,0.2175888167732663,-1.6720811416726794e-06,0.00018708652011916225,0.17451486828983817,0.0002983471035929348,-0.0008663571532162849,0.21993698108483925,1.6060500525445355e-06,-2.080629864884685e-06,0.16715253981572709,7.434825976055381e-07,-3.248990868682145e-07,0.20506101611815666,-8.88390041214645e-06,-8.810018342320088e-05,0.2,0.0,0.0,0.0,0.0,2.962962962962963,2.962962962962963,3.865316515749839e-06,5.049128522394142e-06,2.6276084948614806,2.6254576126464855,-0.001221305109376143,0.00018704284789172206
X+,4.7,1.7000000000000002,9.013757916000031,0.0,0.2175888167732663,-1.6720811416726794e-06,0.00018708652011916225,0.17451486828983817,0.0002983471035929348,-0.0008663571532162849,0.21993698108483925,1.6060500525445355e-06,-2.080629864884685e-06,0.16715253981572709,7.434825976055381e-07,-3.248990868682145e-07,0.20506101611815666,-8.88390041214645e-06,-8.810018342320088e-05,0.2,0.0,0.0,0.0,0.0,2.962962962962963,2.962962962962963,3.865316515749839e-06,5.049128522394142e-06,2.6276084948614806,2.6254576126464855,-0.001221305109376143,0.00018704284789172206
X+,4.7,1.7000000000000002,9.04245035599888,0.0,0.2175888167732663,-1.6720811416726794e-06,0.00018708652011916225,0.17451486828983817,0.0002983471035929348,-0.0008663571532162849,0.21993698108483925,1.6060500525445355e-06,-2.080629864884685e-06,0.16715253981572709,7.434825976055381e-07,-3.248990868682145e-07,0.20506101611815666,-8.88390041214645e-06,-8.810018342320088e-05,0.2,0.0,0.0,0.0,0.0,2.962962962962963,2.962962962962963,3.865316515749839e-06,5.049128522394142e-06,2.6276084948614806,2.6254576126464855,-0.001221305109376143,0.00018704284789172206
X+,4.7,1.7000000000000002,9.075835384999664,0.0,0.21828721904497328,-1.541780965771955e-06,0.00018710527805308448,0.17433514920958723,0.0002982901315330274,-0.0008661556105299666,0.21993698108483925,1.6060500525445355e-06,-2.080629864884685e-06,0.16715253981572709,7.434825976055381e-07,-3.248990868682145e-07,0.20506101611815666,-8.88390041214645e-06,-8.810018342320088e-05,0.2,0.0,0.0,0.0,0.0,2.962962962962963,2.962962962962963,3.865316515749839e-06,5.049128522394142e-06,2.6276084948614806,2.6254576126464855,-0.00047790569551134945,0.00018709185568455464
X+,4.7,1.7000000000000002,9.09809731399946,0.0,0.22124743182217196,-9.923034383482396e-07,0.0001871746908554935,0.1735666402531307,0.0002975664285397871,-0.0008653214126180967,0.21993698108483925,1.6060500525445355e-06,-2.080629864884685e-06,0.16715253981572709,7.434825976055381e-07,-3.248990868682145e-07,0.20506101611815666,-8.88390041214645e-06,-8.810018342320088e-05,0.2,0.0,0.0,0.0,0.0,2.962962962962963,2.962962962962963,4.5457251527381e-06,5.0591590179394075e-06,2.6295351330000485,2.6259755464631733,0.001305454911650078,0.00018713602469453184
X+,4.7,1.7000000000000002,9.125500556998304,0.0,0.22350232917289098,-5.802233605670462e-07,0.00018721606429309237,0.17297366298458808,0.0002969960328248701,-0.000864743200971342,0.21993698108483925,1.6060500525445355e-06,-2.080629864884685e-06,0.16715253981572709,7.434825976055381e-07,-3.248990868682145e-07,0.20506101611815666,-8.88390041214645e-06,-8.810018342320088e-05,0.2,0.0,0.0,0.0,0.0,2.962962962962963,2.962962962962963,4.961268594172452e-06,5.064257877052114e-06,2.6305438023054544,2.626254639080615,-0.00011466764136159355,0.0001872105103027681
X+,4.7,1.7000000000000002,9.151074424000399,0.0,0.22592207913289092,-1.4647665926795922e-07,0.00018724698908714605,0.172329606132277,0.0002960665700710064,-0.0008644708904669509,0.21993698108483925,1.6060500525445355e-06,-2.080629864884685e-06,0.16715253981572709,7.434825976055381e-07,-3.248990868682145e-07,0.20506101611815666,-8.88390041214645e-06,-8.810018342320088e-05,0.2,0.0,0.0,0.0,0.0,2.962962962962963,2.962962962962963,-3.4413158003232525e-06,5.0753686693383315e-06,2.6326561014372203,2.6268950151663577,-0.000814573341135854,0.00018723607075716585
X+,4.7,1.7000000000000002,9.194883865999145,0.0,0.22901995027679636,3.9221463188354733e-07,0.00018725295387167048,0.17149242206873408,0.00029470649237624133,-0.0008643144965742795,0.21993698108483925,1.6060500525445355e-06,-2.080629864884685e-06,0.16715253981572709,7.434825976055381e-07,-3.248990868682145e-07,0.20506101611815666,-8.88390041214645e-06,-8.810018342320088e-05,0.2,0.0,0.0,0.0,0.0,2.962962962962963,2.962962962962963,-3.636491325842428e-06,5.088081536541722e-06,2.634947243675111,2.62769822633652,0.004567099470275943,0.00018725520261285975
X+,4.800000000000001,1.8000000000000007,9.224645084999793,0.10000000000000053,0.2326150704973604,9.919619107703198e-07,0.00018721267570538053,0.1705010058222187,0.0002930141488407445,-0.0008636659548276205,0.23669850690665128,1.5832402377447144e-06,-2.324268486859038e-06,0.16761525821823223,1.2064716406101114e-07,-2.4363862197435295e-06,0.2224103767277319,-1.0970908128395645e-05,-0.00012253852901356052,0.2,0.0,0.0,0.0,0.0,2.962962962962963,2.962962962962963,3.7015458671518786e-06,5.102844635729298e-06,2.637484827581634,2.6287268584909915,-0.001685385368286211,0.00018722121982427635
X+,4.800000000000001,1.8000000000000007,9.260678719998396,0.0,0.23448992371729724,1.291779713024667e-06,0.00018716419412452667,0.16997410257079978,0.00029202207701804875,-0.000863451862898694,0.23669850690665128,1.5832402377447144e-06,-2.324268486859038e-06,0.16761525821823223,1.2064716406101114e-07,-2.4363862197435295e-06,0.2224103767277319,-1.0970908128395645e-05,-0.00012253852901356052,0.2,0.0,0.0,0.0,0.0,2.962962962962963,2.962962962962963,6.431531341277719e-06,5.218935686279735e-06,2.638863498654135,2.629414314019006,-0.003040309211482739,0.00018718384471698153
X+,4.800000000000001,1.8000000000000007,9.289536814001622,0.0,0.23448992371729724,1.291779713024667e-06,0.00018716419412452667,0.16997410257079978,0.00029202207701804875,-0.000863451862898694,0.23669850690665128,1.5832402377447144e-06,-2.324268486859038e-06,0.16761525821823223,1.2064716406101114e-07,-2.4363862197435295e-06,0.2224103767277319,-1.0970908128395645e-05,-0.00012253852901356052,0.2,0.0,0.0,0.0,0.0,2.962962962962963,2.962962962962963,6.431531341277719e-06,5.218935686279735e-06,2.638863498654135,2.629414314019006,-0.003040309211482739,0.00018718384471698153
X+,4.800000000000001,1.8000000000000007,9.321021900999767,0.0,0.23448992371729724,1.291779713024667e-06,0.00018716419412452667,0.16997410257079978,0.00029202207701804875,-0.000863451862898694,0.23669850690665128,1.5832402377447144e-06,-2.324268486859038e-06,0.16761525821823223,1.2064716406101114e-07,-2.4363862197435295e-06,0.2224103767277319,-1.0970908128395645e-05,-0.00012253852901356052,0.2,0.0,0.0,0.0,0.0,2.962962962962963,2.962962962962963,6.431531341277719e-06,5.218935686279735e-06,2.638863498654135,2.629414314019006,-0.003040309211482739,0.00018718384471698153
X+,4.800000000000001,1.8000000000000007,9.347739769000327,0.0,0.23448992371729724,1.291779713024667e-06,0.00018716419412452667,0.16997410257079978,0.00029202207701804875,-0.000863451862898694,0.23669850690665128,1.5832402377447144e-06,-2.324268486859038e-06,0.16761525821823223,1.2064716406101114e-07,-2.4363862197435295e-06,0.2224103767277319,-1.0970908128395645e-05,-0.00012253852901356052,0.2,0.0,0.0,0.0,0.0,2.962962962962963,2.962962962962963,6.431531341277719e-06,5.218935686279735e-06,2.638863498654135,2.629414314019006,-0.003040309211482739,0.00018718384471698153
X+,4.800000000000001,1.8000000000000007,9.377079523001157,0.0,0.23448992371729724,1.291779713024667e-06,0.00018716419412452667,0.16997410257079978,0.00029202207701804875,-0.000863451862898694,0.23669850690665128,1.5832402377447144e-06,-2.324268486859038e-06,0.16761525821823223,1.2064716406101114e-07,-2.4363862197435295e-06,0.2224103767277319,-1.0970908128395645e-05,-0.00012253852901356052,0.2,0.0,0.0,0.0,0.0,2.962962962962963,2.962962962962963,6.431531341277719e-06,5.218935686279735e-06,2.638863498654135,2.629414314019006,-0.003040309211482739,0.00018718384471698153
X+,4.800000000000001,1.8000000000000007,9.406002499999886,0.0,0.23448992371729724,1.291779713024667e-06,0.00018716419412452667,0.16997410257079978,0.00029202207701804875,-0.000863451862898694,0.23669850690665128,1.5832402377447144e-06,-2.324268486859038e-06,0.16761525821823223,1.2064716406101114e-07,-2.4363862197435295e-06,0.2224103767277319,-1.0970908128395645e-05,-0.00012253852901356052,0.2,0.0,0.0,0.0,0.0,2.962962962962963,2.962962962962963,6.431531341277719e-06,5.218935686279735e-06,2.638863498654135,2.629414314019006,-0.003040309211482739,0.00018718384471698153
X+,4.800000000000001,1.8000000000000007,9.433888011000818,0.0,0.23448992371729724,1.291779713024667e-06,0.00018716419412452667,0.16997410257079978,0.00029202207701804875,-0.000863451862898694,0.23669850690665128,1.5832402377447144e-06,-2.324268486859038e-06,0.16761525821823223,1.2064716406101114e-07,-2.4363862197435295e-06,0.2224103767277319,-1.0970908128395645e-05,-0.00012253852901356052,0.2,0.0,0.0,0.0,0.0,2.962962962962963,2.962962962962963,6.431531341277719e-06,5.218935686279735e-06,2.638863498654135,2.629414314019006,-0.003040309211482739,0.00018718384471698153
X+,4.800000000000001,1.8000000000000007,9.465678814998682,0.0,0.23448992371729724,1.291779713024667e-06,0.00018716419412452667,0.16997410257079978,0.00029202207701804875,-0.000863451862898694,0.23669850690665128,1.5832402377447144e-06,-2.324268486859038e-06,0.16761525821823223,1.2064716406101114e-07,-2.4363862197435295e-06,0.2224103767277319,-1.0970908128395645e-05,-0.00012253852901356052,0.2,0.0,0.0,0.0,0.0,2.962962962962963,2.962962962962963,6.431531341277719e-06,5.218935686279735e-06,2.638863498654135,2.629414314019006,-0.003040309211482739,0.00018718384471698153
X+,4.800000000000001,1.8000000000000007,9.503568961998099,0.0,0.23448992371729724,1.291779713024667e-06,0.00018716419412452667,0.16997410257079978,0.00029202207701804875,-0.000863451862898694,0.23669850690665128,1.5832402377447144e-06,-2.324268486859038e-06,0.16761525821823223,1.2064716406101114e-07,-2.4363862197435295e-06,0.2224103767277319,-1.0970908128395645e-05,-0.00012253852901356052,0.2,0.0,0.0,0.0,0.0,2.962962962962963,2.962962962962963,6.431531341277719e-06,5.218935686279735e-06,2.638863498654135,2.629414314019006,-0.003040309211482739,0.00018718384471698153
X+,4.800000000000001,1.8000000000000007,9.538039437000407,0.0,0.23448992371729724,1.291779713024667e-06,0.00018716419412452667,0.16997410257079978,0.00029202207701804875,-0.000863451862898694,0.23669850690665128,1.5832402377447144e-06,-2.324268486859038e-06,0.16761525821823223,1.2064716406101114e-07,-2.4363862197435295e-06,0.2224103767277319,-1.0970908128395645e-05,-0.00012253852901356052,0.2,0.0,0.0,0.0,0.0,2.962962962962963,2.962962962962963,6.431531341277719e-06,5.218935686279735e-06,2.638863498654135,2.629414314019006,-0.003040309211482739,0.00018718384471698153
X+,4.800000000000001,1.8000000000000007,9.56593173299916,0.0,0.23448992371729724,1.291779713024667e-06,0.00018716419412452667,0.16997410257079978,0.00029202207701804875,-0.000863451862898694,0.23669850690665128,1.5832402377447144e-06,-2.324268486859038e-06,0.16761525821823223,1.2064716406101114e-07,-2.4363862197435295e-06,0.2224103767277319,-1.0970908128395645e-05,-0.00012253852901356052,0.2,0.0,0.0,0.0,0.0,2.962962962962963,2.962962962962963,6.431531341277719e-06,5.218935686279735e-06,2.638863498654135,2.629414314019006,-0.003040309211482739,0.00018718384471698153
X+,4.800000000000001,1.8000000000000007,9.594674576001125,0.0,0.23517025596490831,1.3979159012309297e-06,0.0001871422305485328,0.16978088508752678,0.0002916352204061352,-0.0008632591137377789,0.23669850690665128,1.5832402377447144e-06,-2.324268486859038e-06,0.16761525821823223,1.2064716406101114e-07,-2.4363862197435295e-06,0.2224103767277319,-1.0970908128395645e-05,-0.00012253852901356052,0.2,0.0,0.0,0.0,0.0,2.962962962962963,2.962962962962963,6.431531341277719e-06,5.218935686279735e-06,2.638863498654135,2.629414314019006,-0.003040309211482739,0.00018718384471698153
X+,4.800000000000001,1.8000000000000007,9.6252796330009,0.0,0.2373760029186525,1.7321319169365246e-06,0.00018705486045837304,0.1691468853987847,0.0002902555645965545,-0.0008622998755596167,0.23669850690665128,1.5832402377447144e-06,-2.324268486859038e-06,0.16761525821823223,1.2064716406101114e-07,-2.4363862197435295e-06,0.2224103767277319,-1.0970908128395645e-05,-0.00012253852901356052,0.2,0.0,0.0,0.0,0.0,2.962962962962963,2.962962962962963,3.6764845630088416e-06,5.495509029174173e-06,2.6418605146932097,2.6309474017893404,-0.0018832703738944677,0.00018706175954051832
X+,4.800000000000001,1.8000000000000007,9.654932770001324,0.0,0.24075331033027003,2.209738032364801e-06,0.00018686771377998733,0.1681528841031173,0.0002877279213480302,-0.0008609431764229906,0.23669850690665128,1.5832402377447144e-06,-2.324268486859038e-06,0.16761525821823223,1.2064716406101114e-07,-2.4363862197435295e-06,0.2224103767277319,-1.0970908128395645e-05,-0.00012253852901356052,0.2,0.0,0.0,0.0,0.0,2.962962962962963,2.962962962962963,3.5661975301692905e-06,5.847301624228862e-06,2.645264085054375,2.6327821604402204,-0.0015557079564021883,0.0001868777799469582
X+,4.800000000000001,1.8000000000000007,9.690350656001101,0.0,0.24444523437790872,2.6802114310364375e-06,0.00018659328086893857,0.16702994888695963,0.0002849708611832793,-0.0008580979195920372,0.23669850690665128,1.5832402377447144e-06,-2.324268486859038e-06,0.16761525821823223,1.2064716406101114e-07,-2.4363862197435295e-06,0.2224103767277319,-1.0970908128395645e-05,-0.00012253852901356052,0.2,0.0,0.0,0.0,0.0,2.962962962962963,2.962962962962963,4.175079297397133e-06,6.298644333213588e-06,2.6491703803431936,2.635051179243045,0.0028485905616505926,0.00018663419758349536
X+,4.800000000000001,1.8000000000000007,9.720827778000967,0.0,0.246781712651528,2.9477550569784183e-06,0.0001863885306014233,0.1662966438088232,0.0002830160533997448,-0.000855748042213688,0.2535287525738527,1.632212150997206e-06,-2.3830421277147102e-06,0.1683024566704215,8.808992288269613e-07,-5.877364085567195e-07,0.23944997778854554,-1.3326619743794363e-05,-0.00020436276434562017,0.2,0.0,0.0,0.0,0.0,2.962962962962963,2.962962962962963,4.456191835977563e-06,6.571566424362629e-06,2.6513408027421783,2.636379136779347,0.0007406200717682723,0.00018649374072331402
X+,4.9,1.9000000000000004,9.751298768998822,0.09999999999999964,0.2505977155212553,3.328420591912351e-06,0.00018599941698703356,0.16505473322027508,0.0002795184486172467,-0.0008506454345411669,0.2535287525738527,1.632212150997206e-06,-2.3830421277147102e-06,0.1683024566704215,8.808992288269613e-07,-5.877364085567195e-07,0.23944997778854554,-1.3326619743794363e-05,-0.00020436276434562017,0.2,0.0,0.0,0.0,0.0,2.962962962962963,2.962962962962963,5.015500830651831e-06,7.231243206007321e-06,2.656179462725405,2.639481705198481,-0.004390489632302612,0.0001861584865398472
X+,4.9,1.9000000000000004,9.793288905999361,0.0,0.2512584457590059,3.3862876555289245e-06,0.0001859273560479629,0.16483346026004025,0.0002789220188784837,-0.0008496007603775298,0.2535287525738527,1.632212150997206e-06,-2.3830421277147102e-06,0.1683024566704215,8.808992288269613e-07,-5.877364085567195e-07,0.23944997778854554,-1.3326619743794363e-05,-0.00020436276434562017,0.2,0.0,0.0,0.0,0.0,2.962962962962963,2.962962962962963,5.294818890000386e-06,-4.525473144667558e-06,2.6588758595794206,2.6412813201920944,-0.0034565507208373456,0.0001859820680102582
X+,4.9,1.9000000000000004,9.817917799999123,0.0,0.2512584457590059,3.3862876555289245e-06,0.0001859273560479629,0.16483346026004025,0.0002789220188784837,-0.0008496007603775298,0.2535287525738527,1.632212150997206e-06,-2.3830421277147102e-06,0.1683024566704215,8.808992288269613e-07,-5.877364085567195e-07,0.23944997778854554,-1.3326619743794363e-05,-0.00020436276434562017,0.2,0.0,0.0,0.0,0.0,2.962962962962963,2.962962962962963,5.294818890000386e-06,-4.525473144667558e-06,2.6588758595794206,2.6412813201920944,-0.0034565507208373456,0.0001859820680102582
X+,4.9,1.9000000000000004,9.852016379998531,0.0,0.2512584457590059,3.3862876555289245e-06,0.0001859273560479629,0.16483346026004025,0.0002789220188784837,-0.0008496007603775298,0.2535287525738527,1.632212150997206e-06,-2.3830421277147102e-06,0.1683024566704215,8.808992288269613e-07,-5.877364085567195e-07,0.23944997778854554,-1.3326619743794363e-05,-0.00020436276434562017,0.2,0.0,0.0,0.0,0.0,2.962962962962963,2.962962962962963,5.294818890000386e-06,-4.525473144667558e-06,2.6588758595794206,2.6412813201920944,-0.0034565507208373456,0.0001859820680102582
X+,4.9,1.9000000000000004,9.889644318998762,0.0,0.2512584457590059,3.3862876555289245e-06,0.0001859273560479629,0.16483346026004025,0.0002789220188784837,-0.0008496007603775298,0.2535287525738527,1.632212150997206e-06,-2.3830421277147102e-06,0.1683024566704215,8.808992288269613e-07,-5.877364085567195e-07,0.23944997778854554,-1.3326619743794363e-05,-0.00020436276434562017,0.2,0.0,0.0,0.0,0.0,2.962962962962963,2.962962962962963,5.294818890000386e-06,-4.525473144667558e-06,2.6588758595794206,2.6412813201920944,-0.0034565507208373456,0.0001859820680102582
X+,4.9,1.9000000000000004,9.921318038999743,0.0,0.2512584457590059,3.3862876555289245e-06,0.0001859273560479629,0.16483346026004025,0.0002789220188784837,-0.0008496007603775298,0.2535287525738527,1.632212150997206e-06,-2.3830421277147102e-06,0.1683024566704215,8.808992288269613e-07,-5.877364085567195e-07,0.23944997778854554,-1.3326619743794363e-05,-0.00020436276434562017,0.2,0.0,0.0,0.0,0.0,2.962962962962963,2.962962962962963,5.294818890000386e-06,-4.525473144667558e-06,2.6588758595794206,2.6412813201920944,-0.0034565507208373456,0.0001859820680102582
X+,4.9,1.9000000000000004,9.955846602999372,0.0,0.2512584457590059,3.3862876555289245e-06,0.0001859273560479629,0.16483346026004025,0.0002789220188784837,-0.0008496007603775298,0.2535287525738527,1.632212150997206e-06,-2.3830421277147102e-06,0.1683024566704215,8.808992288269613e-07,-5.877364085567195e-07,0.23944997778854554,-1.3326619743794363e-05,-0.00020436276434562017,0.2,0.0,0.0,0.0,0.0,2.962962962962963,2.962962962962963,5.294818890000386e-06,-4.525473144667558e-06,2.6588758595794206,2.6412813201920944,-0.0034565507208373456,0.0001859820680102582
X+,4.9,1.9000000000000004,9.992102098000032,0.0,0.2512584457590059,3.3862876555289245e-06,0.0001859273560479629,0.16483346026004025,0.0002789220188784837,-0.0008496007603775298,0.2535287525738527,1.632212150997206e-06,-2.3830421277147102e-06,0.1683024566704215,8.808992288269613e-07,-5.877364085567195e-07,0.23944997778854554,-1.3326619743794363e-05,-0.00020436276434562017,0.2,0.0,0.0,0.0,0.0,2.962962962962963,2.962962962962963,5.294818890000386e-06,-4.525473144667558e-06,2.6588758595794206,2.6412813201920944,-0.0034565507208373456,0.0001859820680102582
X+,4.9,1.9000000000000004,10.027205315000174,0.0,0.2512584457590059,3.3862876555289245e-06,0.0001859273560479629,0.16483346026004025,0.0002789220188784837,-0.0008496007603775298,0.2535287525738527,1.632212150997206e-06,-2.3830421277147102e-06,0.1683024566704215,8.808992288269613e-07,-5.877364085567195e-07,0.23944997778854554,-1.3326619743794363e-05,-0.00020436276434562017,0.2,0.0,0.0,0.0,0.0,2.962962962962963,2.962962962962963,5.294818890000386e-06,-4.525473144667558e-06,2.6588758595794206,2.6412813201920944,-0.0034565507208373456,0.0001859820680102582
X+,4.9,1.9000000000000004,10.060495202000311,0.0,0.2512584457590059,3.3862876555289245e-06,0.0001859273560479629,0.16483346026004025,0.0002789220188784837,-0.0008496007603775298,0.2535287525738527,1.632212150997206e-06,-2.3830421277147102e-06,0.1683024566704215,8.808992288269613e-07,-5.877364085567195e-07,0.23944997778854554,-1.3326619743794363e-05,-0.00020436276434562017,0.2,0.0,0.0,0.0,0.0,2.962962962962963,2.962962962962963,5.294818890000386e-06,-4.525473144667558e-06,2.6588758595794206,2.6412813201920944,-0.0034565507208373456,0.0001859820680102582
X+,4.9,1.9000000000000004,10.087225315000978,0.0,0.2512584457590059,3.3862876555289245e-06,0.0001859273560479629,0.16483346026004025,0.0002789220188784837,-0.0008496007603775298,0.2535287525738527,1.632212150997206e-06,-2.3830421277147102e-06,0.1683024566704215,8.808992288269613e-07,-5.877364085567195e-07,0.23944997778854554,-1.3326619743794363e-05,-0.00020436276434562017,0.2,0.0,0.0,0.0,0.0,2.962962962962963,2.962962962962963,5.294818890000386e-06,-4.525473144667558e-06,2.6588758595794206,2.6412813201920944,-0.0034565507208373456,0.0001859820680102582
X+,4.9,1.9000000000000004,10.122819985001115,0.0,0.2512584457590059,3.3862876555289245e-06,0.0001859273560479629,0.16483346026004025,0.0002789220188784837,-0.0008496007603775298,0.2535287525738527,1.632212150997206e-06,-2.3830421277147102e-06,0.1683024566704215,8.808992288269613e-07,-5.877364085567195e-07,0.23944997778854554,-1.3326619743794363e-05,-0.00020436276434562017,0.2,0.0,0.0,0.0,0.0,2.962962962962963,2.962962962962963,5.294818890000386e-06,-4.525473144667558e-06,2.6588758595794206,2.6412813201920944,-0.0034565507208373456,0.0001859820680102582
X+,4.9,1.9000000000000004,10.155594014999224,0.0,0.2512584457590059,3.3862876555289245e-06,0.0001859273560479629,0.16483346026004025,0.0002789220188784837,-0.0008496007603775298,0.2535287525738527,1.632212150997206e-06,-2.3830421277147102e-06,0.1683024566704215,8.808992288269613e-07,-5.877364085567195e-07,0.23944997778854554,-1.3326619743794363e-05,-0.00020436276434562017,0.2,0.0,0.0,0.0,0.0,2.962962962962963,2.962962962962963,5.294818890000386e-06,-4.525473144667558e-06,2.6588758595794206,2.6412813201920944,-0.0034565507208373456,0.0001859820680102582
X+,4.9,1.9000000000000004,10.18515262299843,0.0,0.2512584457590059,3.3862876555289245e-06,0.0001859273560479629,0.16483346026004025,0.0002789220188784837,-0.0008496007603775298,0.2535287525738527,1.632212150997206e-06,-2.3830421277147102e-06,0.1683024566704215,8.808992288269613e-07,-5.877364085567195e-07,0.23944997778854554,-1.3326619743794363e-05,-0.00020436276434562017,0.2,0.0,0.0,0.0,0.0,2.962962962962963,2.962962962962963,5.294818890000386e-06,-4.525473144667558e-06,2.6588758595794206,2.6412813201920944,-0.0034565507208373456,0.0001859820680102582
X+,4.9,1.9000000000000004,10.213467671001126,0.0,0.2512584457590059,3.3862876555289245e-06,0.0001859273560479629,0.16483346026004025,0.0002789220188784837,-0.0008496007603775298,0.2535287525738527,1.632212150997206e-06,-2.3830421277147102e-06,0.1683024566704215,8.808992288269613e-07,-5.877364085567195e-07,0.23944997778854554,-1.3326619743794363e-05,-0.00020436276434562017,0.2,0.0,0.0,0.0,0.0,2.962962962962963,2.962962962962963,5.294818890000386e-06,-4.525473144667558e-06,2.6588758595794206,2.6412813201920944,-0.0034565507208373456,0.0001859820680102582
X+,4.9,1.9000000000000004,10.250728566999896,0.0,0.2530708834524254,3.5324580650994072e-06,0.0001857233708484668,0.16421600384746488,0.00027711398409659995,-0.0008462423035789028,0.2535287525738527,1.632212150997206e-06,-2.3830421277147102e-06,0.1683024566704215,8.808992288269613e-07,-5.877364085567195e-07,0.23944997778854554,-1.3326619743794363e-05,-0.00020436276434562017,0.2,0.0,0.0,0.0,0.0,2.962962962962963,2.962962962962963,5.573802752678603e-06,-4.509591771117982e-06,2.661777799983739,2.6432681734196533,-0.0005829063033776337,0.000185799005086438
X+,4.9,1.9000000000000004,10.289204443000926,0.0,0.2563486367440168,3.748172680923846e-06,0.00018533280735112906,0.16305622612453846,0.0002739901258727879,-0.0008391656310211589,0.2535287525738527,1.632212150997206e-06,-2.3830421277147102e-06,0.1683024566704215,8.808992288269613e-07,-5.877364085567195e-07,0.23944997778854554,-1.3326619743794363e-05,-0.00020436276434562017,0.2,0.0,0.0,0.0,0.0,2.962962962962963,2.962962962962963,6.130422007366576e-06,4.556729845894836e-06,2.668269516107871,2.647863272221945,0.004387716969449139,0.00018539281226732015
X+,4.9,1.9000000000000004,10.324606275000406,0.0,0.260250732981118,3.942848394261796e-06,0.00018491370369063526,0.16159085030788223,0.00026900504651945626,-0.0008285994700342727,0.2535287525738527,1.632212150997206e-06,-2.3830421277147102e-06,0.1683024566704215,8.808992288269613e-07,-5.877364085567195e-07,0.23944997778854554,-1.3326619743794363e-05,-0.00020436276434562017,0.2,0.0,0.0,0.0,0.0,2.962962962962963,2.962962962962963,6.681750589265789e-06,8.13232542995479e-06,2.675814202311423,2.6534154919765323,-0.0008585032552426536,0.00018499868987498667
X+,4.9,1.9000000000000004,10.365334279998933,0.0,0.26331445301904594,4.086557848822191e-06,0.0001848126986592256,0.16036313234494867,0.0002552572452577535,-0.0008410425637463596,0.2705259028217358,1.6924046837973668e-06,-2.3231727633291215e-06,0.16997150247691334,1.006974578917533e-06,5.986936438558877e-07,0.27076916879031854,-1.9999697265505357e-05,-0.00030924515249886037,0.2,0.0,0.0,0.0,0.0,2.962962962962963,2.962962962962963,7.212789716604107e-06,-4.619883211098852e-06,2.684564300843839,2.6601045687160845,-0.0018403326374629787,0.0001848244082286036
X+,5.0,2.0,10.395434783000383,0.09999999999999964,0.2668320846079397,4.12301444507792e-06,0.0001846621414512435,0.15885220073281786,0.00024709769897583245,-0.0008463890928333398,0.2705259028217358,1.6924046837973668e-06,-2.3231727633291215e-06,0.16997150247691334,1.006974578917533e-06,5.986936438558877e-07,0.27076916879031854,-1.9999697265505357e-05,-0.00030924515249886037,0.2,0.0,0.0,0.0,0.0,2.962962962962963,2.962962962962963,7.716984288919093e-06,5.38462695764963e-06,2.694799828899764,2.6681609303333182,0.0007256662890366865,0.0001846927031233128
X+,5.0,2.0,10.433388703000674,0.0,0.2674680530977937,4.119363099051171e-06,0.0001846480166471134,0.15856581478576384,0.00024668986649660984,-0.0008457765187164748,0.2705259028217358,1.6924046837973668e-06,-2.3231727633291215e-06,0.16997150247691334,1.006974578917533e-06,5.986936438558877e-07,0.27076916879031854,-1.9999697265505357e-05,-0.00030924515249886037,0.2,0.0,0.0,0.0,0.0,2.962962962962963,2.962962962962963,7.955931236480751e-06,4.618632059028016e-06,2.700572319494942,2.6727662531478904,0.0008373422192535283,0.00018465492261776924
X+,5.0,2.0,10.460825433001446,0.0,0.2674680530977937,4.119363099051171e-06,0.0001846480166471134,0.15856581478576384,0.00024668986649660984,-0.0008457765187164748,0.2705259028217358,1.6924046837973668e-06,-2.3231727633291215e-06,0.16997150247691334,1.006974578917533e-06,5.986936438558877e-07,0.27076916879031854,-1.9999697265505357e-05,-0.00030924515249886037,0.2,0.0,0.0,0.0,0.0,2.962962962962963,2.962962962962963,7.955931236480751e-06,4.618632059028016e-06,2.700572319494942,2.6727662531478904,0.0008373422192535283,0.00018465492261776924
X+,5.0,2.0,10.486193341999751,0.0,0.2674680530977937,4.119363099051171e-06,0.0001846480166471134,0.15856581478576384,0.00024668986649660984,-0.0008457765187164748,0.2705259028217358,1.6924046837973668e-06,-2.3231727633291215e-06,0.16997150247691334,1.006974578917533e-06,5.986936438558877e-07,0.27076916879031854,-1.9999697265505357e-05,-0.00030924515249886037,0.2,0.0,0.0,0.0,0.0,2.962962962962963,2.962962962962963,7.955931236480751e-06,4.618632059028016e-06,2.700572319494942,2.6727662531478904,0.0008373422192535283,0.00018465492261776924
X+,5.0,2.0,10.512124693999795,0.0,0.2674680530977937,4.119363099051171e-06,0.0001846480166471134,0.15856581478576384,0.00024668986649660984,-0.0008457765187164748,0.2705259028217358,1.6924046837973668e-06,-2.3231727633291215e-06,0.16997150247691334,1.006974578917533e-06,5.986936438558877e-07,0.27076916879031854,-1.9999697265505357e-05,-0.00030924515249886037,0.2,0.0,0.0,0.0,0.0,2.962962962962963,2.962962962962963,7.955931236480751e-06,4.618632059028016e-06,2.700572319494942,2.6727662531478904,0.0008373422192535283,0.00018465492261776924
X+,5.0,2.0,10.537930612998025,0.0,0.2674680530977937,4.119363099051171e-06,0.0001846480166471134,0.15856581478576384,0.00024668986649660984,-0.0008457765187164748,0.2705259028217358,1.6924046837973668e-06,-2.3231727633291215e-06,0.16997150247691334,1.006974578917533e-06,5.986936438558877e-07,0.27076916879031854,-1.9999697265505357e-05,-0.00030924515249886037,0.2,0.0,0.0,0.0,0.0,2.962962962962963,2.962962962962963,7.955931236480751e-06,4.618632059028016e-06,2.700572319494942,2.6727662531478904,0.0008373422192535283,0.00018465492261776924
X+,5.0,2.0,10.566201576999447,0.0,0.2674680530977937,4.119363099051171e-06,0.0001846480166471134,0.15856581478576384,0.00024668986649660984,-0.0008457765187164748,0.2705259028217358,1.6924046837973668e-06,-2.3231727633291215e-06,0.16997150247691334,1.006974578917533e-06,5.986936438558877e-07,0.27076916879031854,-1.9999697265505357e-05,-0.00030924515249886037,0.2,0.0,0.0,0.0,0.0,2.962962962962963,2.962962962962963,7.955931236480751e-06,4.618632059028016e-06,2.700572319494942,2.6727662531478904,0.0008373422192535283,0.00018465492261776924
X+,5.0,2.0,10.589807522999763,0.0,0.2674680530977937,4.119363099051171e-06,0.0001846480166471134,0.15856581478576384,0.00024668986649660984,-0.0008457765187164748,0.2705259028217358,1.6924046837973668e-06,-2.3231727633291215e-06,0.16997150247691334,1.006974578917533e-06,5.986936438558877e-07,0.27076916879031854,-1.9999697265505357e-05,-0.00030924515249886037,0.2,0.0,0.0,0.0,0.0,2.962962962962963,2.962962962962963,7.955931236480751e-06,4.618632059028016e-06,2.700572319494942,2.6727662531478904,0.0008373422192535283,0.00018465492261776924
X+,5.0,2.0,10.616954140998132,0.0,0.2674680530977937,4.119363099051171e-06,0.0001846480166471134,0.15856581478576384,0.00024668986649660984,-0.0008457765187164748,0.2705259028217358,1.6924046837973668e-06,-2.3231727633291215e-06,0.16997150247691334,1.006974578917533e-06,5.986936438558877e-07,0.27076916879031854,-1.9999697265505357e-05,-0.00030924515249886037,0.2,0.0,0.0,0.0,0.0,2.962962962962963,2.962962962962963,7.955931236480751e-06,4.618632059028016e-06,2.700572319494942,2.6727662531478904,0.0008373422192535283,0.00018465492261776924
X+,5.0,2.0,10.645225620999554,0.0,0.2674680530977937,4.119363099051171e-06,0.0001846480166471134,0.15856581478576384,0.00024668986649660984,-0.0008457765187164748,0.2705259028217358,1.6924046837973668e-06,-2.3231727633291215e-06,0.16997150247691334,1.006974578917533e-06,5.986936438558877e-07,0.27076916879031854,-1.9999697265505357e-05,-0.00030924515249886037,0.2,0.0,0.0,0.0,0.0,2.962962962962963,2.962962962962963,7.955931236480751e-06,4.618632059028016e-06,2.700572319494942,2.6727662531478904,0.0008373422192535283,0.00018465492261776924
X+,5.0,2.0,10.690479624998261,0.0,0.2674680530977937,4.119363099051171e-06,0.0001846480166471134,0.15856581478576384,0.00024668986649660984,-0.0008457765187164748,0.2705259028217358,1.6924046837973668e-06,-2.3231727633291215e-06,0.16997150247691334,1.006974578917533e-06,5.986936438558877e-07,0.27076916879031854,-1.9999697265505357e-05,-0.00030924515249886037,0.2,0.0,0.0,0.0,0.0,2.962962962962963,2.962962962962963,7.955931236480751e-06,4.618632059028016e-06,2.700572319494942,2.6727662531478904,0.0008373422192535283,0.00018465492261776924
X+,5.0,2.0,10.71596164699804,0.0,0.2674680530977937,4.119363099051171e-06,0.0001846480166471134,0.15856581478576384,0.00024668986649660984,-0.0008457765187164748,0.2705259028217358,1.6924046837973668e-06,-2.3231727633291215e-06,0.16997150247691334,1.006974578917533e-06,5.986936438558877e-07,0.27076916879031854,-1.9999697265505357e-05,-0.00030924515249886037,0.2,0.0,0.0,0.0,0.0,2.962962962962963,2.962962962962963,7.955931236480751e-06,4.618632059028016e-06,2.700572319494942,2.6727662531478904,0.0008373422192535283,0.00018465492261776924
X+,5.0,2.0,10.745123160999356,0.0,0.2674680530977937,4.119363099051171e-06,0.0001846480166471134,0.15856581478576384,0.00024668986649660984,-0.0008457765187164748,0.2705259028217358,1.6924046837973668e-06,-2.3231727633291215e-06,0.16997150247691334,1.006974578917533e-06,5.986936438558877e-07,0.27076916879031854,-1.9999697265505357e-05,-0.00030924515249886037,0.2,0.0,0.0,0.0,0.0,2.962962962962963,2.962962962962963,7.955931236480751e-06,4.618632059028016e-06,2.700572319494942,2.6727662531478904,0.0008373422192535283,0.00018465492261776924
X+,5.0,2.0,10.77722486499988,0.0,0.2687365411182903,4.108413758697506e-06,0.0001846234920132398,0.1579812019645055,0.00024602056932911684,-0.0008430223622691489,0.2705259028217358,1.6924046837973668e-06,-2.3231727633291215e-06,0.16997150247691334,1.006974578917533e-06,5.986936438558877e-07,0.27076916879031854,-1.9999697265505357e-05,-0.00030924515249886037,0.2,0.0,0.0,0.0,0.0,2.962962962962963,2.962962962962963,8.193044621407353e-06,4.704259144006073e-06,2.7068395375413394,2.677813068722836,0.0005253126575480707,0.0001846234920132398
X+,5.0,2.0,10.806048711001495,0.0,0.271886865356622,4.064238275067883e-06,0.00018458733616664907,0.15644380727989227,0.00024141492256935537,-0.0008263296171670016,0.2705259028217358,1.6924046837973668e-06,-2.3231727633291215e-06,0.16997150247691334,1.006974578917533e-06,5.986936438558877e-07,0.27076916879031854,-1.9999697265505357e-05,-0.00030924515249886037,0.2,0.0,0.0,0.0,0.0,2.962962962962963,2.962962962962963,8.648538113220638e-06,5.70072711347791e-06,2.7210409537663467,2.689453104421822,-0.0022490013303918584,0.00018459873086432477
X+,5.0,2.0,10.836084217000462,0.0,0.2753154971455448,3.9832315397066165e-06,0.00018459019395766405,0.1546075075612661,0.00023096762846633114,-0.0007853918656586668,0.2705259028217358,1.6924046837973668e-06,-2.3231727633291215e-06,0.16997150247691334,1.006974578917533e-06,5.986936438558877e-07,0.27076916879031854,-1.9999697265505357e-05,-0.00030924515249886037,0.2,0.0,0.0,0.0,0.0,2.962962962962963,2.962962962962963,9.078927683425775e-06,6.7051528676032035e-06,2.7378718466064424,2.7035273555305035,-0.0006033741052202909,0.0001845889511777397
X+,5.0,2.0,10.870637890999205,0.0,0.2780896801309293,3.8916309147854836e-06,0.00018462941397408424,0.15297001191758985,0.00021844992368914422,-0.0007325168254620476,0.2879131155888688,1.7958831786648827e-06,-2.261072386793849e-06,0.1738721276684567,1.4387199399801206e-06,6.210037653527259e-07,0.27076916879031854,-1.9999697265505357e-05,-0.00030924515249886037,0.2,0.0,0.0,0.0,0.0,2.962962962962963,2.962962962962963,9.485668823749904e-06,7.831881482012193e-06,2.757929121826263,2.720567773409349,-0.0007255387502705099,0.00018461057458047205
X+,5.1000000000000005,2.1000000000000005,10.902999724999972,0.10000000000000053,0.28158973828471273,3.7451605977558908e-06,0.00018472620877475502,0.15066397575129528,0.00019728945218494497,-0.0006352282454949066,0.2879131155888688,1.7958831786648827e-06,-2.261072386793849e-06,0.1738721276684567,1.4387199399801206e-06,6.210037653527259e-07,0.2900964739803387,-2.7392232431804148e-05,-0.00039867544821836637,0.2,0.0,0.0,0.0,0.0,2.962962962962963,2.962962962962963,9.870813657997246e-06,9.11582410356715e-06,2.7819768722975673,2.7411879831545343,-0.00499189198851857,0.00018472620877475502
X+,5.1000000000000005,2.1000000000000005,10.93233110499932,0.0,0.28264420855411804,3.7241533447831404e-06,0.0001847064973257594,0.14990753997226475,0.00018643893470910033,-0.0005917391421045558,0.2879131155888688,1.7958831786648827e-06,-2.261072386793849e-06,0.1738721276684567,1.4387199399801206e-06,6.210037653527259e-07,0.2900964739803387,-2.7392232431804148e-05,-0.00039867544821836637,0.2,0.0,0.0,0.0,0.0,2.962962962962963,2.962962962962963,1.0055334694669682e-05,9.833497808919844e-06,2.7957861297028224,2.7530588759577688,-0.00499189198851857,0.00018472620877475502
X+,5.1000000000000005,2.1000000000000005,10.956288517998473,0.0,0.28264420855411804,3.7241533447831404e-06,0.0001847064973257594,0.14990753997226475,0.00018643893470910033,-0.0005917391421045558,0.2879131155888688,1.7958831786648827e-06,-2.261072386793849e-06,0.1738721276684567,1.4387199399801206e-06,6.210037653527259e-07,0.2900964739803387,-2.7392232431804148e-05,-0.00039867544821836637,0.2,0.0,0.0,0.0,0.0,2.962962962962963,2.962962962962963,1.0055334694669682e-05,9.833497808919844e-06,2.7957861297028224,2.7530588759577688,-0.00499189198851857,0.00018472620877475502
X+,5.1000000000000005,2.1000000000000005,10.981992605000414,0.0,0.28264420855411804,3.7241533447831404e-06,0.0001847064973257594,0.14990753997226475,0.00018643893470910033,-0.0005917391421045558,0.2879131155888688,1.7958831786648827e-06,-2.261072386793849e-06,0.1738721276684567,1.4387199399801206e-06,6.210037653527259e-07,0.2900964739803387,-2.7392232431804148e-05,-0.00039867544821836637,0.2,0.0,0.0,0.0,0.0,2.962962962962963,2.962962962962963,1.0055334694669682e-05,9.833497808919844e-06,2.7957861297028224,2.7530588759577688,-0.00499189198851857,0.00018472620877475502
X+,5.1000000000000005,2.1000000000000005,11.007626062000782,0.0,0.28264420855411804,3.7241533447831404e-06,0.0001847064973257594,0.14990753997226475,0.00018643893470910033,-0.0005917391421045558,0.2879131155888688,1.7958831786648827e-06,-2.261072386793849e-06,0.1738721276684567,1.4387199399801206e-06,6.210037653527259e-07,0.2900964739803387,-2.7392232431804148e-05,-0.00039867544821836637,0.2,0.0,0.0,0.0,0.0,2.962962962962963,2.962962962962963,1.0055334694669682e-05,9.833497808919844e-06,2.7957861297028224,2.7530588759577688,-0.00499189198851857,0.00018472620877475502
X+,5.1000000000000005,2.1000000000000005,11.034914390998892,0.0,0.28264420855411804,3.7241533447831404e-06,0.0001847064973257594,0.14990753997226475,0.00018643893470910033,-0.0005917391421045558,0.2879131155888688,1.7958831786648827e-06,-2.261072386793849e-06,0.1738721276684567,1.4387199399801206e-06,6.210037653527259e-07,0.2900964739803387,-2.7392232431804148e-05,-0.00039867544821836637,0.2,0.0,0.0,0.0,0.0,2.962962962962963,2.962962962962963,1.0055334694669682e-05,9.833497808919844e-06,2.7957861297028224,2.7530588759577688,-0.00499189198851857,0.00018472620877475502
X+,5.1000000000000005,2.1000000000000005,11.06565160899845,0.0,0.28264420855411804,3.7241533447831404e-06,0.0001847064973257594,0.14990753997226475,0.00018643893470910033,-0.0005917391421045558,0.2879131155888688,1.7958831786648827e-06,-2.261072386793849e-06,0.1738721276684567,1.4387199399801206e-06,6.210037653527259e-07,0.2900964739803387,-2.7392232431804148e-05,-0.00039867544821836637,0.2,0.0,0.0,0.0,0.0,2.962962962962963,2.962962962962963,1.0055334694669682e-05,9.833497808919844e-06,2.7957861297028224,2.7530588759577688,-0.00499189198851857,0.00018472620877475502
X+,5.1000000000000005,2.1000000000000005,11.097540384998865,0.0,0.28264420855411804,3.7241533447831404e-06,0.0001847064973257594,0.14990753997226475,0.00018643893470910033,-0.0005917391421045558,0.2879131155888688,1.7958831786648827e-06,-2.261072386793849e-06,0.1738721276684567,1.4387199399801206e-06,6.210037653527259e-07,0.2900964739803387,-2.7392232431804148e-05,-0.00039867544821836637,0.2,0.0,0.0,0.0,0.0,2.962962962962963,2.962962962962963,1.0055334694669682e-05,9.833497808919844e-06,2.7957861297028224,2.7530588759577688,-0.00499189198851857,0.00018472620877475502
X+,5.1000000000000005,2.1000000000000005,11.14266187300018,0.0,0.28264420855411804,3.7241533447831404e-06,0.0001847064973257594,0.14990753997226475,0.00018643893470910033,-0.0005917391421045558,0.2879131155888688,1.7958831786648827e-06,-2.261072386793849e-06,0.1738721276684567,1.4387199399801206e-06,6.210037653527259e-07,0.2900964739803387,-2.7392232431804148e-05,-0.00039867544821836637,0.2,0.0,0.0,0.0,0.0,2.962962962962963,2.962962962962963,1.0055334694669682e-05,9.833497808919844e-06,2.7957861297028224,2.7530588759577688,-0.00499189198851857,0.00018472620877475502
X+,5.1000000000000005,2.1000000000000005,11.179091882000648,0.0,0.28264420855411804,3.7241533447831404e-06,0.0001847064973257594,0.14990753997226475,0.00018643893470910033,-0.0005917391421045558,0.2879131155888688,1.7958831786648827e-06,-2.261072386793849e-06,0.1738721276684567,1.4387199399801206e-06,6.210037653527259e-07,0.2900964739803387,-2.7392232431804148e-05,-0.00039867544821836637,0.2,0.0,0.0,0.0,0.0,2.962962962962963,2.962962962962963,1.0055334694669682e-05,9.833497808919844e-06,2.7957861297028224,2.7530588759577688,-0.00499189198851857,0.00018472620877475502
X+,5.1000000000000005,2.1000000000000005,11.208688411999901,0.0,0.28264420855411804,3.7241533447831404e-06,0.0001847064973257594,0.14990753997226475,0.00018643893470910033,-0.0005917391421045558,0.2879131155888688,1.7958831786648827e-06,-2.261072386793849e-06,0.1738721276684567,1.4387199399801206e-06,6.210037653527259e-07,0.2900964739803387,-2.7392232431804148e-05,-0.00039867544821836637,0.2,0.0,0.0,0.0,0.0,2.962962962962963,2.962962962962963,1.0055334694669682e-05,9.833497808919844e-06,2.7957861297028224,2.7530588759577688,-0.00499189198851857,0.00018472620877475502
X+,5.1000000000000005,2.1000000000000005,11.235780250000971,0.0,0.28264420855411804,3.7241533447831404e-06,0.0001847064973257594,0.14990753997226475,0.00018643893470910033,-0.0005917391421045558,0.2879131155888688,1.7958831786648827e-06,-2.261072386793849e-06,0.1738721276684567,1.4387199399801206e-06,6.210037653527259e-07,0.2900964739803387,-2.7392232431804148e-05,-0.00039867544821836637,0.2,0.0,0.0,0.0,0.0,2.962962962962963,2.962962962962963,1.0055334694669682e-05,9.833497808919844e-06,2.7957861297028224,2.7530588759577688,-0.00499189198851857,0.00018472620877475502
X+,5.1000000000000005,2.1000000000000005,11.26719072099877,0.0,0.28264420855411804,3.7241533447831404e-06,0.0001847064973257594,0.14990753997226475,0.00018643893470910033,-0.0005917391421045558,0.2879131155888688,1.7958831786648827e-06,-2.261072386793849e-06,0.1738721276684567,1.4387199399801206e-06,6.210037653527259e-07,0.2900964739803387,-2.7392232431804148e-05,-0.00039867544821836637,0.2,0.0,0.0,0.0,0.0,2.962962962962963,2.962962962962963,1.0055334694669682e-05,9.833497808919844e-06,2.7957861297028224,2.7530588759577688,-0.00499189198851857,0.00018472620877475502
X+,5.1000000000000005,2.1000000000000005,11.302716879999934,0.0,0.28264420855411804,3.7241533447831404e-06,0.0001847064973257594,0.14990753997226475,0.00018643893470910033,-0.0005917391421045558,0.2879131155888688,1.7958831786648827e-06,-2.261072386793849e-06,0.1738721276684567,1.4387199399801206e-06,6.210037653527259e-07,0.2900964739803387,-2.7392232431804148e-05,-0.00039867544821836637,0.2,0.0,0.0,0.0,0.0,2.962962962962963,2.962962962962963,1.0055334694669682e-05,9.833497808919844e-06,2.7957861297028224,2.7530588759577688,-0.00499189198851857,0.00018472620877475502
X+,5.1000000000000005,2.1000000000000005,11.330362504999357,0.0,0.28264420855411804,3.7241533447831404e-06,0.0001847064973257594,0.14990753997226475,0.00018643893470910033,-0.0005917391421045558,0.2879131155888688,1.7958831786648827e-06,-2.261072386793849e-06,0.1738721276684567,1.4387199399801206e-06,6.210037653527259e-07,0.2900964739803387,-2.7392232431804148e-05,-0.00039867544821836637,0.2,0.0,0.0,0.0,0.0,2.962962962962963,2.962962962962963,1.0055334694669682e-05,9.833497808919844e-06,2.7957861297028224,2.7530588759577688,-0.00499189198851857,0.00018472620877475502
X+,5.1000000000000005,2.1000000000000005,11.35656667099829,0.0,0.28264420855411804,3.7241533447831404e-06,0.0001847064973257594,0.14990753997226475,0.00018643893470910033,-0.0005917391421045558,0.2879131155888688,1.7958831786648827e-06,-2.261072386793849e-06,0.1738721276684567,1.4387199399801206e-06,6.210037653527259e-07,0.2900964739803387,-2.7392232431804148e-05,-0.00039867544821836637,0.2,0.0,0.0,0.0,0.0,2.962962962962963,2.962962962962963,1.0055334694669682e-05,9.833497808919844e-06,2.7957861297028224,2.7530588759577688,-0.00499189198851857,0.00018472620877475502
X+,5.1000000000000005,2.1000000000000005,11.383625558999483,0.0,0.2850340342357371,3.6502896773671703e-06,0.0001847131764103363,0.1480722417371102,0.00015635152916289159,-0.00045833993529228437,0.2879131155888688,1.7958831786648827e-06,-2.261072386793849e-06,0.1738721276684567,1.4387199399801206e-06,6.210037653527259e-07,0.2900964739803387,-2.7392232431804148e-05,-0.00039867544821836637,0.2,0.0,0.0,0.0,0.0,2.962962962962963,2.962962962962963,1.0295784709235534e-05,1.0566042766058104e-05,2.8109866286890206,2.7660185200022025,0.0009783075703974726,0.00018472158558956119
X+,5.1000000000000005,2.1000000000000005,11.411642022998421,0.0,0.28826981072663166,3.5667988939050085e-06,0.00018472119945315933,0.14526803837349625,9.537777367027977e-05,-0.00017713115549690718,0.2879131155888688,1.7958831786648827e-06,-2.261072386793849e-06,0.1738721276684567,1.4387199399801206e-06,6.210037653527259e-07,0.2900964739803387,-2.7392232431804148e-05,-0.00039867544821836637,0.2,0.0,0.0,0.0,0.0,2.962962962962963,2.962962962962963,1.0676579406343478e-05,1.2244722131349306e-05,2.8461456245403145,2.79658411992509,0.002551617773828083,0.0001846670419481594
X+,5.1000000000000005,2.1000000000000005,11.444319834001362,0.0,0.2902955225355842,3.5187746116943294e-06,0.00018476878199464092,0.14328572904289727,8.212406066201739e-05,-4.5592123904877745e-05,0.2879131155888688,1.7958831786648827e-06,-2.261072386793849e-06,0.1738721276684567,1.4387199399801206e-06,6.210037653527259e-07,0.2900964739803387,-2.7392232431804148e-05,-0.00039867544821836637,0.2,0.0,0.0,0.0,0.0,2.962962962962963,2.962962962962963,1.107290975355113e-05,1.4180440804700822e-05,2.888601333993776,2.833789301777768,0.003979166455528645,0.00018472373499855396
X+,5.1000000000000005,2.1000000000000005,11.469910189000075,0.0,0.29215088046477833,3.5073416895540707e-06,0.00018483268316870166,0.1412869990169055,9.33300852897821e-05,4.085330769987851e-05,0.2879131155888688,1.7958831786648827e-06,-2.261072386793849e-06,0.1738721276684567,1.4387199399801206e-06,6.210037653527259e-07,0.2900964739803387,-2.7392232431804148e-05,-0.00039867544821836637,0.2,0.0,0.0,0.0,0.0,2.962962962962963,2.962962962962963,1.1207972635318697e-05,1.524722492529662e-05,2.912876591505289,2.8550898270001306,0.0004252198326552347,0.00018477899265864162
X+,5.1000000000000005,2.1000000000000005,11.49520117800057,0.0,0.293699931408754,3.5236747147346717e-06,0.00018493932546735558,0.139465022430748,0.00011086208134323451,0.0001306521485030847,0.30628408863067047,1.99697722551192e-06,-2.3766160331202044e-06,0.18528520562706877,2.565274003970663e-06,-1.4743096305342584e-06,0.30901924335819175,-3.4677558758846816e-05,-0.0002924043329470827,0.2,0.0,0.0,0.0,0.0,2.962962962962963,2.962962962962963,1.1339037720325962e-05,1.6403913750018262e-05,2.9391234733131557,2.8783084150831058,-0.0011787838487706313,0.00018483193793846715
X+,5.2,2.2,11.521423916998174,0.09999999999999964,0.29605297864415914,3.5815322834125557e-06,0.0001851800046567655,0.13639734633178252,0.00014093462410875855,0.0003171048752173335,0.30628408863067047,1.99697722551192e-06,-2.3766160331202044e-06,0.18528520562706877,2.565274003970663e-06,-1.4743096305342584e-06,0.30901924335819175,-3.4677558758846816e-05,-0.0002924043329470827,0.2,0.0,0.0,0.0,0.0,2.962962962962963,2.962962962962963,1.1605201228448436e-05,1.8954127028791845e-05,2.996190175880376,2.9293254213262148,-0.004382184102649126,0.00018509310554465735
X+,5.2,2.2,11.551165195000067,0.0,0.2970063907111525,3.6291874672394336e-06,0.00018527240457390657,0.13504418639062138,0.0001644298492880191,0.00038138458147160727,0.30628408863067047,1.99697722551192e-06,-2.3766160331202044e-06,0.18528520562706877,2.565274003970663e-06,-1.4743096305342584e-06,0.30901924335819175,-3.4677558758846816e-05,-0.0002924043329470827,0.2,0.0,0.0,0.0,0.0,2.962962962962963,2.962962962962963,1.1770122726240118e-05,2.034797645400488e-05,3.0255644596032933,2.95575299411692,0.002808080418882996,0.0001852027718766634
X+,5.2,2.2,11.577581317000295,0.0,0.2970063907111525,3.6291874672394336e-06,0.00018527240457390657,0.13504418639062138,0.0001644298492880191,0.00038138458147160727,0.30628408863067047,1.99697722551192e-06,-2.3766160331202044e-06,0.18528520562706877,2.565274003970663e-06,-1.4743096305342584e-06,0.30901924335819175,-3.4677558758846816e-05,-0.0002924043329470827,0.2,0.0,0.0,0.0,0.0,2.962962962962963,2.962962962962963,1.1770122726240118e-05,2.034797645400488e-05,3.0255644596032933,2.95575299411692,0.002808080418882996,0.0001852027718766634
X+,5.2,2.2,11.603873961001227,0.0,0.2970063907111525,3.6291874672394336e-06,0.00018527240457390657,0.13504418639062138,0.0001644298492880191,0.00038138458147160727,0.30628408863067047,1.99697722551192e-06,-2.3766160331202044e-06,0.18528520562706877,2.565274003970663e-06,-1.4743096305342584e-06,0.30901924335819175,-3.4677558758846816e-05,-0.0002924043329470827,0.2,0.0,0.0,0.0,0.0,2.962962962962963,2.962962962962963,1.1770122726240118e-05,2.034797645400488e-05,3.0255644596032933,2.95575299411692,0.002808080418882996,0.0001852027718766634
X+,5.2,2.2,11.637247679998836,0.0,0.2970063907111525,3.6291874672394336e-06,0.00018527240457390657,0.13504418639062138,0.0001644298492880191,0.00038138458147160727,0.30628408863067047,1.99697722551192e-06,-2.3766160331202044e-06,0.18528520562706877,2.565274003970663e-06,-1.4743096305342584e-06,0.30901924335819175,-3.4677558758846816e-05,-0.0002924043329470827,0.2,0.0,0.0,0.0,0.0,2.962962962962963,2.962962962962963,1.1770122726240118e-05,2.034797645400488e-05,3.0255644596032933,2.95575299411692,0.002808080418882996,0.0001852027718766634
X+,5.2,2.2,11.667069155999343,0.0,0.2970063907111525,3.6291874672394336e-06,0.00018527240457390657,0.13504418639062138,0.0001644298492880191,0.00038138458147160727,0.30628408863067047,1.99697722551192e-06,-2.3766160331202044e-06,0.18528520562706877,2.565274003970663e-06,-1.4743096305342584e-06,0.30901924335819175,-3.4677558758846816e-05,-0.0002924043329470827,0.2,0.0,0.0,0.0,0.0,2.962962962962963,2.962962962962963,1.1770122726240118e-05,2.034797645400488e-05,3.0255644596032933,2.95575299411692,0.002808080418882996,0.0001852027718766634
X+,5.2,2.2,11.698682048001501,0.0,0.2970063907111525,3.6291874672394336e-06,0.00018527240457390657,0.13504418639062138,0.0001644298492880191,0.00038138458147160727,0.30628408863067047,1.99697722551192e-06,-2.3766160331202044e-06,0.18528520562706877,2.565274003970663e-06,-1.4743096305342584e-06,0.30901924335819175,-3.4677558758846816e-05,-0.0002924043329470827,0.2,0.0,0.0,0.0,0.0,2.962962962962963,2.962962962962963,1.1770122726240118e-05,2.034797645400488e-05,3.0255644596032933,2.95575299411692,0.002808080418882996,0.0001852027718766634
X+,5.2,2.2,11.72832950800148,0.0,0.2970063907111525,3.6291874672394336e-06,0.00018527240457390657,0.13504418639062138,0.0001644298492880191,0.00038138458147160727,0.30628408863067047,1.99697722551192e-06,-2.3766160331202044e-06,0.18528520562706877,2.565274003970663e-06,-1.4743096305342584e-06,0.30901924335819175,-3.4677558758846816e-05,-0.0002924043329470827,0.2,0.0,0.0,0.0,0.0,2.962962962962963,2.962962962962963,1.1770122726240118e-05,2.034797645400488e-05,3.0255644596032933,2.95575299411692,0.002808080418882996,0.0001852027718766634
X+,5.2,2.2,11.758439213001111,0.0,0.2970063907111525,3.6291874672394336e-06,0.00018527240457390657,0.13504418639062138,0.0001644298492880191,0.00038138458147160727,0.30628408863067047,1.99697722551192e-06,-2.3766160331202044e-06,0.18528520562706877,2.565274003970663e-06,-1.4743096305342584e-06,0.30901924335819175,-3.4677558758846816e-05,-0.0002924043329470827,0.2,0.0,0.0,0.0,0.0,2.962962962962963,2.962962962962963,1.1770122726240118e-05,2.034797645400488e-05,3.0255644596032933,2.95575299411692,0.002808080418882996,0.0001852027718766634
X+,5.2,2.2,11.787235276999127,0.0,0.2970063907111525,3.6291874672394336e-06,0.00018527240457390657,0.13504418639062138,0.0001644298492880191,0.00038138458147160727,0.30628408863067047,1.99697722551192e-06,-2.3766160331202044e-06,0.18528520562706877,2.565274003970663e-06,-1.4743096305342584e-06,0.30901924335819175,-3.4677558758846816e-05,-0.0002924043329470827,0.2,0.0,0.0,0.0,0.0,2.962962962962963,2.962962962962963,1.1770122726240118e-05,2.034797645400488e-05,3.0255644596032933,2.95575299411692,0.002808080418882996,0.0001852027718766634
X+,5.2,2.2,11.820338661000278,0.0,0.29754692230326996,3.652412375296059e-06,0.00018534182973610507,0.13424802549218778,0.00016999283341201274,0.0004501707792688841,0.30628408863067047,1.99697722551192e-06,-2.3766160331202044e-06,0.18528520562706877,2.565274003970663e-06,-1.4743096305342584e-06,0.30901924335819175,-3.4677558758846816e-05,-0.0002924043329470827,0.2,0.0,0.0,0.0,0.0,2.962962962962963,2.962962962962963,1.1770122726240118e-05,2.034797645400488e-05,3.0255644596032933,2.95575299411692,0.002808080418882996,0.0001852027718766634
X+,5.2,2.2,11.85239377399921,0.0,0.299545002252054,3.8054052344518516e-06,0.00018555506879424228,0.13091363603071862,0.00021845485873929425,0.0006865100739116172,0.30628408863067047,1.99697722551192e-06,-2.3766160331202044e-06,0.18528520562706877,2.565274003970663e-06,-1.4743096305342584e-06,0.30901924335819175,-3.4677558758846816e-05,-0.0002924043329470827,0.2,0.0,0.0,0.0,0.0,2.962962962962963,2.962962962962963,1.1938001556188738e-05,2.1786929558231805e-05,3.0537649148024633,2.9811926766907093,0.0018863198982106756,0.00018555506879424228
X+,5.2,2.2,11.881396595999831,0.0,0.3014953203896855,4.018032430054032e-06,0.00018615236806481582,0.12785002391746336,0.0002516476505040132,0.0009130537065117554,0.30628408863067047,1.99697722551192e-06,-2.3766160331202044e-06,0.18528520562706877,2.565274003970663e-06,-1.4743096305342584e-06,0.30901924335819175,-3.4677558758846816e-05,-0.0002924043329470827,0.2,0.0,0.0,0.0,0.0,2.962962962962963,2.962962962962963,1.2248614535970148e-05,2.4528758458153277e-05,3.098772975096543,3.0210839827066054,0.0013103082686173892,0.00018590579457755088
X+,5.2,2.2,11.917639318999136,0.0,0.30377036081121567,4.417464069838596e-06,0.00018705693210529402,0.12386834601349862,0.00021960599557802307,0.0013050203861640836,0.30628408863067047,1.99697722551192e-06,-2.3766160331202044e-06,0.18528520562706877,2.565274003970663e-06,-1.4743096305342584e-06,0.30901924335819175,-3.4677558758846816e-05,-0.0002924043329470827,0.2,0.0,0.0,0.0,0.0,2.962962962962963,2.962962962962963,1.2697282383733466e-05,2.6883575761083023e-05,3.1108829967562546,3.028304031150004,0.001806702679957473,0.00018699064034502822
X+,5.2,2.2,11.957396718000382,0.0,0.3059751130184222,4.1483666557203674e-06,0.00018655999467924269,0.12010454133811792,0.0001915328515820735,0.0014962303032596902,0.3257510010209209,2.3432264438066487e-06,-2.83017460054064e-06,0.19466912389372537,3.925145943957228e-06,-4.5355856742043574e-06,0.30901924335819175,-3.4677558758846816e-05,-0.00029240433294708273,0.2,0.0,0.0,0.0,0.0,2.962962962962963,2.962962962962963,1.3037012613459353e-05,2.742541360589712e-05,3.0723262198521026,2.984529814131963,-0.00036640885702472563,0.0001865706709318438
X+,5.300000000000001,2.3000000000000007,11.98580052699981,0.10000000000000053,0.30846673541322644,3.7141424864941056e-06,0.00018491014124257535,0.11640602064852948,0.0002887628046445814,0.0010938243167060515,0.3257510010209209,2.3432264438066487e-06,-2.83017460054064e-06,0.19466912389372537,3.925145943957228e-06,-4.5355856742043574e-06,0.3122175696313989,-3.858926856405232e-05,-0.0003629696882341441,0.2,0.0,0.0,0.0,0.0,2.962962962962963,2.962962962962963,1.1200847927383961e-05,2.315464307578452e-05,2.976444176628626,2.8879012444940337,-0.0008901559370124124,0.00018491014124257535
X+,5.300000000000001,2.3000000000000007,12.015089430999069,0.0,0.30985771478103163,2.8119766087514667e-06,0.00018472708280623106,0.11474278647785263,0.0002884683644141715,0.0011975858451126551,0.3257510010209209,2.3432264438066487e-06,-2.83017460054064e-06,0.19466912389372537,3.925145943957228e-06,-4.5355856742043574e-06,0.3122175696313989,-3.858926856405232e-05,-0.0003629696882341441,0.2,0.0,0.0,0.0,0.0,2.962962962962963,2.962962962962963,8.5914380987262e-06,1.6831727688071396e-05,2.9227120553827035,2.8361119265423906,0.002136973807020366,0.00018456326944723156
X+,5.300000000000001,2.3000000000000007,12.042542601000605,0.0,0.30985771478103163,2.8119766087514667e-06,0.00018472708280623106,0.11474278647785263,0.0002884683644141715,0.0011975858451126551,0.3257510010209209,2.3432264438066487e-06,-2.83017460054064e-06,0.19466912389372537,3.925145943957228e-06,-4.5355856742043574e-06,0.3122175696313989,-3.858926856405232e-05,-0.0003629696882341441,0.2,0.0,0.0,0.0,0.0,2.962962962962963,2.962962962962963,8.5914380987262e-06,1.6831727688071396e-05,2.9227120553827035,2.8361119265423906,0.002136973807020366,0.00018456326944723156
X+,5.300000000000001,2.3000000000000007,12.069114153000555,0.0,0.30985771478103163,2.8119766087514667e-06,0.00018472708280623106,0.11474278647785263,0.0002884683644141715,0.0011975858451126551,0.3257510010209209,2.3432264438066487e-06,-2.83017460054064e-06,0.19466912389372537,3.925145943957228e-06,-4.5355856742043574e-06,0.3122175696313989,-3.858926856405232e-05,-0.0003629696882341441,0.2,0.0,0.0,0.0,0.0,2.962962962962963,2.962962962962963,8.5914380987262e-06,1.6831727688071396e-05,2.9227120553827035,2.8361119265423906,0.002136973807020366,0.00018456326944723156
X+,5.300000000000001,2.3000000000000007,12.102663976998883,0.0,0.30985771478103163,2.8119766087514667e-06,0.00018472708280623106,0.11474278647785263,0.0002884683644141715,0.0011975858451126551,0.3257510010209209,2.3432264438066487e-06,-2.83017460054064e-06,0.19466912389372537,3.925145943957228e-06,-4.5355856742043574e-06,0.3122175696313989,-3.858926856405232e-05,-0.0003629696882341441,0.2,0.0,0.0,0.0,0.0,2.962962962962963,2.962962962962963,8.5914380987262e-06,1.6831727688071396e-05,2.9227120553827035,2.8361119265423906,0.002136973807020366,0.00018456326944723156
X+,5.300000000000001,2.3000000000000007,12.131062295000447,0.0,0.30985771478103163,2.8119766087514667e-06,0.00018472708280623106,0.11474278647785263,0.0002884683644141715,0.0011975858451126551,0.3257510010209209,2.3432264438066487e-06,-2.83017460054064e-06,0.19466912389372537,3.925145943957228e-06,-4.5355856742043574e-06,0.3122175696313989,-3.858926856405232e-05,-0.0003629696882341441,0.2,0.0,0.0,0.0,0.0,2.962962962962963,2.962962962962963,8.5914380987262e-06,1.6831727688071396e-05,2.9227120553827035,2.8361119265423906,0.002136973807020366,0.00018456326944723156
X+,5.300000000000001,2.3000000000000007,12.15848258099868,0.0,0.30985771478103163,2.8119766087514667e-06,0.00018472708280623106,0.11474278647785263,0.0002884683644141715,0.0011975858451126551,0.3257510010209209,2.3432264438066487e-06,-2.83017460054064e-06,0.19466912389372537,3.925145943957228e-06,-4.5355856742043574e-06,0.3122175696313989,-3.858926856405232e-05,-0.0003629696882341441,0.2,0.0,0.0,0.0,0.0,2.962962962962963,2.962962962962963,8.5914380987262e-06,1.6831727688071396e-05,2.9227120553827035,2.8361119265423906,0.002136973807020366,0.00018456326944723156
X+,5.300000000000001,2.3000000000000007,12.194181984999886,0.0,0.30985771478103163,2.8119766087514667e-06,0.00018472708280623106,0.11474278647785263,0.0002884683644141715,0.0011975858451126551,0.3257510010209209,2.3432264438066487e-06,-2.83017460054064e-06,0.19466912389372537,3.925145943957228e-06,-4.5355856742043574e-06,0.3122175696313989,-3.858926856405232e-05,-0.0003629696882341441,0.2,0.0,0.0,0.0,0.0,2.962962962962963,2.962962962962963,8.5914380987262e-06,1.6831727688071396e-05,2.9227120553827035,2.8361119265423906,0.002136973807020366,0.00018456326944723156
X+,5.300000000000001,2.3000000000000007,12.224487505998695,0.0,0.30985771478103163,2.8119766087514667e-06,0.00018472708280623106,0.11474278647785263,0.0002884683644141715,0.0011975858451126551,0.3257510010209209,2.3432264438066487e-06,-2.83017460054064e-06,0.19466912389372537,3.925145943957228e-06,-4.5355856742043574e-06,0.3122175696313989,-3.858926856405232e-05,-0.0003629696882341441,0.2,0.0,0.0,0.0,0.0,2.962962962962963,2.962962962962963,8.5914380987262e-06,1.6831727688071396e-05,2.9227120553827035,2.8361119265423906,0.002136973807020366,0.00018456326944723156
X+,5.300000000000001,2.3000000000000007,12.254225050000969,0.0,0.30985771478103163,2.8119766087514667e-06,0.00018472708280623106,0.11474278647785263,0.0002884683644141715,0.0011975858451126551,0.3257510010209209,2.3432264438066487e-06,-2.83017460054064e-06,0.19466912389372537,3.925145943957228e-06,-4.5355856742043574e-06,0.3122175696313989,-3.858926856405232e-05,-0.0003629696882341441,0.2,0.0,0.0,0.0,0.0,2.962962962962963,2.962962962962963,8.5914380987262e-06,1.6831727688071396e-05,2.9227120553827035,2.8361119265423906,0.002136973807020366,0.00018456326944723156
X+,5.300000000000001,2.3000000000000007,12.279069273998175,0.0,0.30985771478103163,2.8119766087514667e-06,0.00018472708280623106,0.11474278647785263,0.0002884683644141715,0.0011975858451126551,0.3257510010209209,2.3432264438066487e-06,-2.83017460054064e-06,0.19466912389372537,3.925145943957228e-06,-4.5355856742043574e-06,0.3122175696313989,-3.858926856405232e-05,-0.0003629696882341441,0.2,0.0,0.0,0.0,0.0,2.962962962962963,2.962962962962963,8.5914380987262e-06,1.6831727688071396e-05,2.9227120553827035,2.8361119265423906,0.002136973807020366,0.00018456326944723156
X+,5.300000000000001,2.3000000000000007,12.312786662998406,0.0,0.30985771478103163,2.8119766087514667e-06,0.00018472708280623106,0.11474278647785263,0.0002884683644141715,0.0011975858451126551,0.3257510010209209,2.3432264438066487e-06,-2.83017460054064e-06,0.19466912389372537,3.925145943957228e-06,-4.5355856742043574e-06,0.3122175696313989,-3.858926856405232e-05,-0.0003629696882341441,0.2,0.0,0.0,0.0,0.0,2.962962962962963,2.962962962962963,8.5914380987262e-06,1.6831727688071396e-05,2.9227120553827035,2.8361119265423906,0.002136973807020366,0.00018456326944723156
X+,5.300000000000001,2.3000000000000007,12.341745481000544,0.0,0.30985771478103163,2.8119766087514667e-06,0.00018472708280623106,0.11474278647785263,0.0002884683644141715,0.0011975858451126551,0.3257510010209209,2.3432264438066487e-06,-2.83017460054064e-06,0.19466912389372537,3.925145943957228e-06,-4.5355856742043574e-06,0.3122175696313989,-3.858926856405232e-05,-0.0003629696882341441,0.2,0.0,0.0,0.0,0.0,2.962962962962963,2.962962962962963,8.5914380987262e-06,1.6831727688071396e-05,2.9227120553827035,2.8361119265423906,0.002136973807020366,0.00018456326944723156
X+,5.300000000000001,2.3000000000000007,12.367844380998577,0.0,0.30985771478103163,2.8119766087514667e-06,0.00018472708280623106,0.11474278647785263,0.0002884683644141715,0.0011975858451126551,0.3257510010209209,2.3432264438066487e-06,-2.83017460054064e-06,0.19466912389372537,3.925145943957228e-06,-4.5355856742043574e-06,0.3122175696313989,-3.858926856405232e-05,-0.0003629696882341441,0.2,0.0,0.0,0.0,0.0,2.962962962962963,2.962962962962963,8.5914380987262e-06,1.6831727688071396e-05,2.9227120553827035,2.8361119265423906,0.002136973807020366,0.00018456326944723156
X+,5.300000000000001,2.3000000000000007,12.401407165998535,0.0,0.3114556939167939,3.2299315314582994e-06,0.0001876416959605804,0.11331939327760007,0.0003627981968386789,0.0006321226504156733,0.3257510010209209,2.3432264438066487e-06,-2.83017460054064e-06,0.19466912389372537,3.925145943957228e-06,-4.5355856742043574e-06,0.3122175696313989,-3.858926856405232e-05,-0.0003629696882341441,0.2,0.0,0.0,0.0,0.0,2.962962962962963,2.962962962962963,4.32160466701248e-06,1.3741752534102147e-05,2.8263586963790037,2.763451652086667,0.0016132379357589222,0.00018652557519227225
X+,5.300000000000001,2.3000000000000007,12.435413887000323,0.0,0.3128112942258071,3.1783232784868276e-06,0.0001890205385319013,0.11275709390353436,6.423565245910581e-05,7.796670430076143e-05,0.3257510010209209,2.3432264438066487e-06,-2.83017460054064e-06,0.19466912389372537,3.925145943957228e-06,-4.5355856742043574e-06,0.3122175696313989,-3.858926856405232e-05,-0.0003629696882341441,0.2,0.0,0.0,0.0,0.0,2.962962962962963,2.962962962962963,-4.238675258783076e-06,6.78432504308546e-06,2.5968345018473236,2.519785918260039,-0.0012171166940795905,0.00018837509879764992
X+,5.300000000000001,2.3000000000000007,12.460476799999014,0.0,0.3143927625307021,-1.4944029142378856e-06,0.00020707280652251068,0.11336738133949995,-0.0003900059318899355,0.0036698135150466664,0.3257510010209209,2.3432264438066487e-06,-2.83017460054064e-06,0.19466912389372537,3.925145943957228e-06,-4.5355856742043574e-06,0.3122175696313989,-3.858926856405232e-05,-0.0003629696882341441,0.2,0.0,0.0,0.0,0.0,2.962962962962963,2.962962962962963,-2.111300766216573e-06,1.647529034976003e-06,2.427171584636994,2.3051051941015257,0.005798635588868324,0.00020076434899812427
X+,5.300000000000001,2.3000000000000007,12.490947027999937,0.0,0.316586877580462,-8.899780463321287e-06,0.0003323202617317539,0.11741301991194052,0.0005636242049079023,0.0055383448121990074,0.3257510010209209,2.3432264438066487e-06,-2.83017460054064e-06,0.19466912389372537,3.925145943957228e-06,-4.5355856742043574e-06,0.3122175696313989,-3.858926856405232e-05,-0.0003629696882341441,0.2,0.0,0.0,0.0,0.0,2.962962962962963,2.962962962962963,5.12121403506427e-06,2.3394551532440744e-05,2.0235809434943066,1.8737735315313482,0.005258060394981346,0.0003323202617317539
X+,5.300000000000001,2.3000000000000007,12.517353508999804,0.0,0.3183904298302685,-5.919954356278095e-06,0.0003415391357751637,0.12246470228175249,0.0002435067631970644,-0.0006460923609059862,0.3381640750225988,2.4807199920334243e-06,-3.1854954805823664e-06,0.12413074001239044,1.7262471498035824e-06,-3.553208800417263e-06,0.3485594804276381,-4.491224135955581e-05,5.772154930561154e-05,0.2,0.0,0.0,0.0,0.0,2.962962962962963,2.962962962962963,9.613425029364464e-06,2.7069183407668618e-05,1.8592346068572339,1.7191495703014383,0.000420772253114733,0.0003449714118433151
X+,5.4,2.4000000000000004,12.542491849999351,0.09999999999999964,0.3202763332405222,-5.511044540246202e-06,0.00033276669227231366,0.12836674337088125,0.0001624136916509883,-0.00022101696216523013,0.3381640750225988,2.4807199920334243e-06,-3.1854954805823664e-06,0.12413074001239044,1.7262471498035824e-06,-3.553208800417263e-06,0.3485594804276381,-4.491224135955581e-05,5.772154930561154e-05,0.2,0.0,0.0,0.0,0.0,2.962962962962963,2.962962962962963,1.0997752129426885e-05,2.5816932962996475e-05,1.662863899328124,1.5773164147394332,-0.00024176671332732776,0.00033276669227231366
X+,5.4,2.4000000000000004,12.57312162800008,0.0,0.3213189971393786,-5.3979523877223726e-06,0.0003298277107844797,0.13170333574850962,0.00021989867578591258,-0.0002220154262015171,0.3381640750225988,2.4807199920334243e-06,-3.1854954805823664e-06,0.12413074001239044,1.7262471498035824e-06,-3.553208800417263e-06,0.3485594804276381,-4.491224135955581e-05,5.772154930561154e-05,0.2,0.0,0.0,0.0,0.0,2.962962962962963,2.962962962962963,9.530144496672222e-06,2.3257734957482512e-05,1.609812114298635,1.5312426588556365,-0.00024176671332732776,0.00033276669227231366
X+,5.4,2.4000000000000004,12.601496887000394,0.0,0.3213189971393786,-5.3979523877223726e-06,0.0003298277107844797,0.13170333574850962,0.00021989867578591258,-0.0002220154262015171,0.3381640750225988,2.4807199920334243e-06,-3.1854954805823664e-06,0.12413074001239044,1.7262471498035824e-06,-3.553208800417263e-06,0.3485594804276381,-4.491224135955581e-05,5.772154930561154e-05,0.2,0.0,0.0,0.0,0.0,2.962962962962963,2.962962962962963,9.530144496672222e-06,2.3257734957482512e-05,1.609812114298635,1.5312426588556365,-0.00024176671332732776,0.00033276669227231366
X+,5.4,2.4000000000000004,12.631646517998888,0.0,0.3213189971393786,-5.3979523877223726e-06,0.0003298277107844797,0.13170333574850962,0.00021989867578591258,-0.0002220154262015171,0.3381640750225988,2.4807199920334243e-06,-3.1854954805823664e-06,0.12413074001239044,1.7262471498035824e-06,-3.553208800417263e-06,0.3485594804276381,-4.491224135955581e-05,5.772154930561154e-05,0.2,0.0,0.0,0.0,0.0,2.962962962962963,2.962962962962963,9.530144496672222e-06,2.3257734957482512e-05,1.609812114298635,1.5312426588556365,-0.00024176671332732776,0.00033276669227231366
X+,5.4,2.4000000000000004,12.657822342000145,0.0,0.3213189971393786,-5.3979523877223726e-06,0.0003298277107844797,0.13170333574850962,0.00021989867578591258,-0.0002220154262015171,0.3381640750225988,2.4807199920334243e-06,-3.1854954805823664e-06,0.12413074001239044,1.7262471498035824e-06,-3.553208800417263e-06,0.3485594804276381,-4.491224135955581e-05,5.772154930561154e-05,0.2,0.0,0.0,0.0,0.0,2.962962962962963,2.962962962962963,9.530144496672222e-06,2.3257734957482512e-05,1.609812114298635,1.5312426588556365,-0.00024176671332732776,0.00033276669227231366
X+,5.4,2.4000000000000004,12.687377662998188,0.0,0.3213189971393786,-5.3979523877223726e-06,0.0003298277107844797,0.13170333574850962,0.00021989867578591258,-0.0002220154262015171,0.3381640750225988,2.4807199920334243e-06,-3.1854954805823664e-06,0.12413074001239044,1.7262471498035824e-06,-3.553208800417263e-06,0.3485594804276381,-4.491224135955581e-05,5.772154930561154e-05,0.2,0.0,0.0,0.0,0.0,2.962962962962963,2.962962962962963,9.530144496672222e-06,2.3257734957482512e-05,1.609812114298635,1.5312426588556365,-0.00024176671332732776,0.00033276669227231366
X+,5.4,2.4000000000000004,12.719181803000538,0.0,0.3213189971393786,-5.3979523877223726e-06,0.0003298277107844797,0.13170333574850962,0.00021989867578591258,-0.0002220154262015171,0.3381640750225988,2.4807199920334243e-06,-3.1854954805823664e-06,0.12413074001239044,1.7262471498035824e-06,-3.553208800417263e-06,0.3485594804276381,-4.491224135955581e-05,5.772154930561154e-05,0.2,0.0,0.0,0.0,0.0,2.962962962962963,2.962962962962963,9.530144496672222e-06,2.3257734957482512e-05,1.609812114298635,1.5312426588556365,-0.00024176671332732776,0.00033276669227231366
X+,5.4,2.4000000000000004,12.748285674999352,0.0,0.3213189971393786,-5.3979523877223726e-06,0.0003298277107844797,0.13170333574850962,0.00021989867578591258,-0.0002220154262015171,0.3381640750225988,2.4807199920334243e-06,-3.1854954805823664e-06,0.12413074001239044,1.7262471498035824e-06,-3.553208800417263e-06,0.3485594804276381,-4.491224135955581e-05,5.772154930561154e-05,0.2,0.0,0.0,0.0,0.0,2.962962962962963,2.962962962962963,9.530144496672222e-06,2.3257734957482512e-05,1.609812114298635,1.5312426588556365,-0.00024176671332732776,0.00033276669227231366
X+,5.4,2.4000000000000004,12.77543693500047,0.0,0.3213189971393786,-5.3979523877223726e-06,0.0003298277107844797,0.13170333574850962,0.00021989867578591258,-0.0002220154262015171,0.3381640750225988,2.4807199920334243e-06,-3.1854954805823664e-06,0.12413074001239044,1.7262471498035824e-06,-3.553208800417263e-06,0.3485594804276381,-4.491224135955581e-05,5.772154930561154e-05,0.2,0.0,0.0,0.0,0.0,2.962962962962963,2.962962962962963,9.530144496672222e-06,2.3257734957482512e-05,1.609812114298635,1.5312426588556365,-0.00024176671332732776,0.00033276669227231366
X+,5.4,2.4000000000000004,12.800966269998753,0.0,0.3213189971393786,-5.3979523877223726e-06,0.0003298277107844797,0.13170333574850962,0.00021989867578591258,-0.0002220154262015171,0.3381640750225988,2.4807199920334243e-06,-3.1854954805823664e-06,0.12413074001239044,1.7262471498035824e-06,-3.553208800417263e-06,0.3485594804276381,-4.491224135955581e-05,5.772154930561154e-05,0.2,0.0,0.0,0.0,0.0,2.962962962962963,2.962962962962963,9.530144496672222e-06,2.3257734957482512e-05,1.609812114298635,1.5312426588556365,-0.00024176671332732776,0.00033276669227231366
X+,5.4,2.4000000000000004,12.82963687099982,0.0,0.3213189971393786,-5.3979523877223726e-06,0.0003298277107844797,0.13170333574850962,0.00021989867578591258,-0.0002220154262015171,0.3381640750225988,2.4807199920334243e-06,-3.1854954805823664e-06,0.12413074001239044,1.7262471498035824e-06,-3.553208800417263e-06,0.3485594804276381,-4.491224135955581e-05,5.772154930561154e-05,0.2,0.0,0.0,0.0,0.0,2.962962962962963,2.962962962962963,9.530144496672222e-06,2.3257734957482512e-05,1.609812114298635,1.5312426588556365,-0.00024176671332732776,0.00033276669227231366
X+,5.4,2.4000000000000004,12.864592395999352,0.0,0.3213189971393786,-5.3979523877223726e-06,0.0003298277107844797,0.13170333574850962,0.00021989867578591258,-0.0002220154262015171,0.3381640750225988,2.4807199920334243e-06,-3.1854954805823664e-06,0.12413074001239044,1.7262471498035824e-06,-3.553208800417263e-06,0.3485594804276381,-4.491224135955581e-05,5.772154930561154e-05,0.2,0.0,0.0,0.0,0.0,2.962962962962963,2.962962962962963,9.530144496672222e-06,2.3257734957482512e-05,1.609812114298635,1.5312426588556365,-0.00024176671332732776,0.00033276669227231366
X+,5.4,2.4000000000000004,12.89643150199845,0.0,0.3213189971393786,-5.3979523877223726e-06,0.0003298277107844797,0.13170333574850962,0.00021989867578591258,-0.0002220154262015171,0.3381640750225988,2.4807199920334243e-06,-3.1854954805823664e-06,0.12413074001239044,1.7262471498035824e-06,-3.553208800417263e-06,0.3485594804276381,-4.491224135955581e-05,5.772154930561154e-05,0.2,0.0,0.0,0.0,0.0,2.962962962962963,2.962962962962963,9.530144496672222e-06,2.3257734957482512e-05,1.609812114298635,1.5312426588556365,-0.00024176671332732776,0.00033276669227231366
X+,5.4,2.4000000000000004,12.925739891001285,0.0,0.32279683981603496,-4.665383587159483e-06,0.0003262770796284044,0.13649127764309474,0.0002948952299106301,-0.0002896398915266689,0.3381640750225988,2.4807199920334243e-06,-3.1854954805823664e-06,0.12413074001239044,1.7262471498035824e-06,-3.553208800417263e-06,0.3485594804276381,-4.491224135955581e-05,5.772154930561154e-05,0.2,0.0,0.0,0.0,0.0,2.962962962962963,2.962962962962963,7.872856312651777e-06,2.0845833647697987e-05,1.5644361198082934,1.4808837344318055,0.0020649314564030693,0.0003256313016234366
X+,5.4,2.4000000000000004,12.96345257700159,0.0,0.3256196640773184,-2.855044900647828e-06,0.00032156140966632164,0.14540973932671822,0.0003482090944954701,-0.0003943803069242798,0.3381640750225988,2.4807199920334243e-06,-3.1854954805823664e-06,0.12413074001239044,1.7262471498035824e-06,-3.553208800417263e-06,0.3485594804276381,-4.491224135955581e-05,5.772154930561154e-05,0.2,0.0,0.0,0.0,0.0,2.962962962962963,2.962962962962963,6.457947574034506e-06,1.6580964174117696e-05,1.48723298654821,1.575136383792062,0.0002564871495065428,0.0003230953121694932
X+,5.4,2.4000000000000004,12.989846429998579,0.0,0.3270961368868097,-2.2374080971571814e-06,0.00031980369465204657,0.1496731885812521,0.00032358033600066985,-0.0005319714335474996,0.3381640750225988,2.4807199920334243e-06,-3.1854954805823664e-06,0.12413074001239044,1.7262471498035824e-06,-3.553208800417263e-06,0.3485594804276381,-4.491224135955581e-05,5.772154930561154e-05,0.2,0.0,0.0,0.0,0.0,2.962962962962963,2.962962962962963,5.697300745843847e-06,1.4306864231095062e-05,1.5237087313537288,1.6377833301256373,-0.0022825416646238086,0.0003210758975424341
X+,5.4,2.4000000000000004,13.023847847998695,0.0,0.3301688494179574,-1.220538655661435e-06,0.00031755333907368264,0.15729173581366437,0.00033399175523354504,-0.0007381269866734582,0.3381640750225988,2.4807199920334243e-06,-3.1854954805823664e-06,0.12413074001239044,1.7262471498035824e-06,-3.553208800417263e-06,0.3485594804276381,-4.491224135955581e-05,5.772154930561154e-05,0.2,0.0,0.0,0.0,0.0,2.962962962962963,2.962962962962963,6.1160085911282636e-06,1.0160817097926156e-05,1.658645378714463,1.7650816988890634,-0.0016699002260544278,0.0003171866272087458
X+,5.4,2.4000000000000004,13.049897863998922,0.0,0.33240455651661516,-2.3334273437092268e-07,0.0003159326317912416,0.16191410912478843,0.0003048014651364068,-0.0007328114855603784,0.3490686457646066,2.5354150242025685e-06,-3.268191801756352e-06,0.10904570741778227,8.943149298516471e-07,-8.269632117398534e-07,0.33981083787088734,-4.41003445197312e-05,-9.200833553135738e-05,0.2,0.0,0.0,0.0,0.0,2.962962962962963,2.962962962962963,5.971180615738092e-06,8.486767764104286e-06,1.7281466304857016,1.8290486420960985,0.0006140359854624876,0.00031617866725116537
X+,5.5,2.5,13.077587711999513,0.09999999999999964,0.3348670118938372,4.5062091592624337e-07,0.00031539342970088053,0.16623816386657733,0.00031519379748803835,-0.0007347909354879489,0.3490686457646066,2.5354150242025685e-06,-3.268191801756352e-06,0.10904570741778227,8.943149298516471e-07,-8.269632117398534e-07,0.33981083787088734,-4.41003445197312e-05,-9.200833553135738e-05,0.2,0.0,0.0,0.0,0.0,2.962962962962963,2.962962962962963,5.7219378009065736e-06,5.784738650760346e-06,1.862239664844089,1.9517536415940457,0.0006593883099150619,0.0003153924668572832
X+,5.5,2.5,13.117603426999267,0.0,0.3372198540108164,1.320241942852872e-06,0.0003143211746391247,0.1697246771500424,0.0003250793311440527,-0.0007135624693183901,0.3490686457646066,2.5354150242025685e-06,-3.268191801756352e-06,0.10904570741778227,8.943149298516471e-07,-8.269632117398534e-07,0.33981083787088734,-4.41003445197312e-05,-9.200833553135738e-05,0.2,0.0,0.0,0.0,0.0,2.962962962962963,2.962962962962963,5.615676002435066e-06,6.261347198055489e-06,1.9249127857382584,2.0091109022750535,-0.000288846947249866,0.00031436345469407857
X+,5.5,2.5,13.146377719000157,0.0,0.3372198540108164,1.320241942852872e-06,0.0003143211746391247,0.1697246771500424,0.0003250793311440527,-0.0007135624693183901,0.3490686457646066,2.5354150242025685e-06,-3.268191801756352e-06,0.10904570741778227,8.943149298516471e-07,-8.269632117398534e-07,0.33981083787088734,-4.41003445197312e-05,-9.200833553135738e-05,0.2,0.0,0.0,0.0,0.0,2.962962962962963,2.962962962962963,5.615676002435066e-06,6.261347198055489e-06,1.9249127857382584,2.0091109022750535,-0.000288846947249866,0.00031436345469407857
X+,5.5,2.5,13.169627518000198,0.0,0.3372198540108164,1.320241942852872e-06,0.0003143211746391247,0.1697246771500424,0.0003250793311440527,-0.0007135624693183901,0.3490686457646066,2.5354150242025685e-06,-3.268191801756352e-06,0.10904570741778227,8.943149298516471e-07,-8.269632117398534e-07,0.33981083787088734,-4.41003445197312e-05,-9.200833553135738e-05,0.2,0.0,0.0,0.0,0.0,2.962962962962963,2.962962962962963,5.615676002435066e-06,6.261347198055489e-06,1.9249127857382584,2.0091109022750535,-0.000288846947249866,0.00031436345469407857
X+,5.5,2.5,13.203806686000462,0.0,0.3372198540108164,1.320241942852872e-06,0.0003143211746391247,0.1697246771500424,0.0003250793311440527,-0.0007135624693183901,0.3490686457646066,2.5354150242025685e-06,-3.268191801756352e-06,0.10904570741778227,8.943149298516471e-07,-8.269632117398534e-07,0.33981083787088734,-4.41003445197312e-05,-9.200833553135738e-05,0.2,0.0,0.0,0.0,0.0,2.962962962962963,2.962962962962963,5.615676002435066e-06,6.261347198055489e-06,1.9249127857382584,2.0091109022750535,-0.000288846947249866,0.00031436345469407857
X+,5.5,2.5,13.229222057998413,0.0,0.3372198540108164,1.320241942852872e-06,0.0003143211746391247,0.1697246771500424,0.0003250793311440527,-0.0007135624693183901,0.3490686457646066,2.5354150242025685e-06,-3.268191801756352e-06,0.10904570741778227,8.943149298516471e-07,-8.269632117398534e-07,0.33981083787088734,-4.41003445197312e-05,-9.200833553135738e-05,0.2,0.0,0.0,0.0,0.0,2.962962962962963,2.962962962962963,5.615676002435066e-06,6.261347198055489e-06,1.9249127857382584,2.0091109022750535,-0.000288846947249866,0.00031436345469407857
X+,5.5,2.5,13.263607010001579,0.0,0.3372198540108164,1.320241942852872e-06,0.0003143211746391247,0.1697246771500424,0.0003250793311440527,-0.0007135624693183901,0.3490686457646066,2.5354150242025685e-06,-3.268191801756352e-06,0.10904570741778227,8.943149298516471e-07,-8.269632117398534e-07,0.33981083787088734,-4.41003445197312e-05,-9.200833553135738e-05,0.2,0.0,0.0,0.0,0.0,2.962962962962963,2.962962962962963,5.615676002435066e-06,6.261347198055489e-06,1.9249127857382584,2.0091109022750535,-0.000288846947249866,0.00031436345469407857
X+,5.5,2.5,13.292232330000843,0.0,0.3372198540108164,1.320241942852872e-06,0.0003143211746391247,0.1697246771500424,0.0003250793311440527,-0.0007135624693183901,0.3490686457646066,2.5354150242025685e-06,-3.268191801756352e-06,0.10904570741778227,8.943149298516471e-07,-8.269632117398534e-07,0.33981083787088734,-4.41003445197312e-05,-9.200833553135738e-05,0.2,0.0,0.0,0.0,0.0,2.962962962962963,2.962962962962963,5.615676002435066e-06,6.261347198055489e-06,1.9249127857382584,2.0091109022750535,-0.000288846947249866,0.00031436345469407857
X+,5.5,2.5,13.329361312000401,0.0,0.3372198540108164,1.320241942852872e-06,0.0003143211746391247,0.1697246771500424,0.0003250793311440527,-0.0007135624693183901,0.3490686457646066,2.5354150242025685e-06,-3.268191801756352e-06,0.10904570741778227,8.943149298516471e-07,-8.269632117398534e-07,0.33981083787088734,-4.41003445197312e-05,-9.200833553135738e-05,0.2,0.0,0.0,0.0,0.0,2.962962962962963,2.962962962962963,5.615676002435066e-06,6.261347198055489e-06,1.9249127857382584,2.0091109022750535,-0.000288846947249866,0.00031436345469407857
X+,5.5,2.5,13.367001645001437,0.0,0.3372198540108164,1.320241942852872e-06,0.0003143211746391247,0.1697246771500424,0.0003250793311440527,-0.0007135624693183901,0.3490686457646066,2.5354150242025685e-06,-3.268191801756352e-06,0.10904570741778227,8.943149298516471e-07,-8.269632117398534e-07,0.33981083787088734,-4.41003445197312e-05,-9.200833553135738e-05,0.2,0.0,0.0,0.0,0.0,2.962962962962963,2.962962962962963,5.615676002435066e-06,6.261347198055489e-06,1.9249127857382584,2.0091109022750535,-0.000288846947249866,0.00031436345469407857
X+,5.5,2.5,13.406542591001198,0.0,0.3372198540108164,1.320241942852872e-06,0.0003143211746391247,0.1697246771500424,0.0003250793311440527,-0.0007135624693183901,0.3490686457646066,2.5354150242025685e-06,-3.268191801756352e-06,0.10904570741778227,8.943149298516471e-07,-8.269632117398534e-07,0.33981083787088734,-4.41003445197312e-05,-9.200833553135738e-05,0.2,0.0,0.0,0.0,0.0,2.962962962962963,2.962962962962963,5.615676002435066e-06,6.261347198055489e-06,1.9249127857382584,2.0091109022750535,-0.000288846947249866,0.00031436345469407857
X+,5.5,2.5,13.441432520998205,0.0,0.3401371513913139,1.9472792462333147e-06,0.0003138805444814998,0.17330778662637047,0.00034228396481269456,-0.0007560946290605346,0.3490686457646066,2.5354150242025685e-06,-3.268191801756352e-06,0.10904570741778227,8.943149298516471e-07,-8.269632117398534e-07,0.33981083787088734,-4.41003445197312e-05,-9.200833553135738e-05,0.2,0.0,0.0,0.0,0.0,2.962962962962963,2.962962962962963,5.252948532152857e-06,5.427678781977363e-06,2.039452154592498,2.113336226368487,-0.0038378902424788227,0.0003139143433420004
X+,5.5,2.5,13.47693606300163,0.0,0.343993307066411,3.289375831408599e-06,0.0003117328715508322,0.17701114274658364,0.0002858283913445907,-0.0006375299243198587,0.3490686457646066,2.5354150242025685e-06,-3.268191801756352e-06,0.10904570741778227,8.943149298516471e-07,-8.269632117398534e-07,0.33981083787088734,-4.41003445197312e-05,-9.200833553135738e-05,0.2,0.0,0.0,0.0,0.0,2.962962962962963,2.962962962962963,4.565643547671527e-06,-5.179266064914145e-06,2.138432572405366,2.2032761573751274,-0.0026386777221671836,0.0003122640791660158
X+,5.5,2.5,13.50712701700104,0.0,0.3475613340659656,3.9220897719910094e-06,0.0003111081616712142,0.17959547563535727,0.0003423468987486291,-0.0008231632398897764,0.3490686457646066,2.5354150242025685e-06,-3.268191801756352e-06,0.10904570741778227,8.943149298516471e-07,-8.269632117398534e-07,0.33981083787088734,-4.41003445197312e-05,-9.200833553135738e-05,0.2,0.0,0.0,0.0,0.0,2.962962962962963,2.962962962962963,4.435166800043078e-06,-6.010911432596799e-06,2.222877081885029,2.280582687963339,0.0003408491897635332,0.0003117241957560092
X+,5.5,2.5,13.536133247998805,0.0,0.3495438886112293,4.7113206169775365e-06,0.0003095947258198299,0.18074312673445436,0.00027484942235789266,-0.0006547890383559481,0.3634121651312561,2.4762768353115415e-06,-3.0180216001588205e-06,0.143435193667662,-1.226081648837718e-07,2.501702015975319e-06,0.35996875602248624,-4.7557783702519105e-05,-0.00026667029657545543,0.2,0.0,0.0,0.0,0.0,2.962962962962963,2.962962962962963,-8.177640751227955e-06,-5.876844094032663e-06,2.2599946495938665,2.3141781633676697,-0.0010800831736972327,0.0003095947258198299
X+,5.6000000000000005,2.6000000000000005,13.562397090998275,0.10000000000000053,0.35335956961929244,5.231011385989012e-06,0.0003097498488698968,0.18246488853693113,0.00031549965715552033,-0.0008768390721086001,0.3634121651312561,2.4762768353115415e-06,-3.0180216001588205e-06,0.143435193667662,-1.226081648837718e-07,2.501702015975319e-06,0.35996875602248624,-4.7557783702519105e-05,-0.00026667029657545543,0.2,0.0,0.0,0.0,0.0,2.962962962962963,2.962962962962963,-8.64509358411425e-06,-5.93007418991931e-06,2.3255905925580582,2.3737684997184108,-0.006682995828032365,0.00030958555926249935
X+,5.6000000000000005,2.6000000000000005,13.590972677000536,0.0,0.3548218116104258,5.553887343395965e-06,0.0003094257923941943,0.18297734048224645,0.0003235064147980813,-0.0009532024839355461,0.3634121651312561,2.4762768353115415e-06,-3.0180216001588205e-06,0.143435193667662,-1.226081648837718e-07,2.501702015975319e-06,0.35996875602248624,-4.7557783702519105e-05,-0.00026667029657545543,0.2,0.0,0.0,0.0,0.0,2.962962962962963,2.962962962962963,-4.2080059632354505e-06,-5.937769450348185e-06,2.3543289568841157,2.399570955471111,0.0011765690141113886,0.00030972262046325604
X+,5.6000000000000005,2.6000000000000005,13.621418945000187,0.0,0.3548218116104258,5.553887343395965e-06,0.0003094257923941943,0.18297734048224645,0.0003235064147980813,-0.0009532024839355461,0.3634121651312561,2.4762768353115415e-06,-3.0180216001588205e-06,0.143435193667662,-1.226081648837718e-07,2.501702015975319e-06,0.35996875602248624,-4.7557783702519105e-05,-0.00026667029657545543,0.2,0.0,0.0,0.0,0.0,2.962962962962963,2.962962962962963,-4.2080059632354505e-06,-5.937769450348185e-06,2.3543289568841157,2.399570955471111,0.0011765690141113886,0.00030972262046325604
X+,5.6000000000000005,2.6000000000000005,13.644799402998615,0.0,0.3548218116104258,5.553887343395965e-06,0.0003094257923941943,0.18297734048224645,0.0003235064147980813,-0.0009532024839355461,0.3634121651312561,2.4762768353115415e-06,-3.0180216001588205e-06,0.143435193667662,-1.226081648837718e-07,2.501702015975319e-06,0.35996875602248624,-4.7557783702519105e-05,-0.00026667029657545543,0.2,0.0,0.0,0.0,0.0,2.962962962962963,2.962962962962963,-4.2080059632354505e-06,-5.937769450348185e-06,2.3543289568841157,2.399570955471111,0.0011765690141113886,0.00030972262046325604
X+,5.6000000000000005,2.6000000000000005,13.671264608998172,0.0,0.3548218116104258,5.553887343395965e-06,0.0003094257923941943,0.18297734048224645,0.0003235064147980813,-0.0009532024839355461,0.3634121651312561,2.4762768353115415e-06,-3.0180216001588205e-06,0.143435193667662,-1.226081648837718e-07,2.501702015975319e-06,0.35996875602248624,-4.7557783702519105e-05,-0.00026667029657545543,0.2,0.0,0.0,0.0,0.0,2.962962962962963,2.962962962962963,-4.2080059632354505e-06,-5.937769450348185e-06,2.3543289568841157,2.399570955471111,0.0011765690141113886,0.00030972262046325604
X+,5.6000000000000005,2.6000000000000005,13.699707823998324,0.0,0.3548218116104258,5.553887343395965e-06,0.0003094257923941943,0.18297734048224645,0.0003235064147980813,-0.0009532024839355461,0.3634121651312561,2.4762768353115415e-06,-3.0180216001588205e-06,0.143435193667662,-1.226081648837718e-07,2.501702015975319e-06,0.35996875602248624,-4.7557783702519105e-05,-0.00026667029657545543,0.2,0.0,0.0,0.0,0.0,2.962962962962963,2.962962962962963,-4.2080059632354505e-06,-5.937769450348185e-06,2.3543289568841157,2.399570955471111,0.0011765690141113886,0.00030972262046325604
X+,5.6000000000000005,2.6000000000000005,13.731710142001248,0.0,0.3548218116104258,5.553887343395965e-06,0.0003094257923941943,0.18297734048224645,0.0003235064147980813,-0.0009532024839355461,0.3634121651312561,2.4762768353115415e-06,-3.0180216001588205e-06,0.143435193667662,-1.226081648837718e-07,2.501702015975319e-06,0.35996875602248624,-4.7557783702519105e-05,-0.00026667029657545543,0.2,0.0,0.0,0.0,0.0,2.962962962962963,2.962962962962963,-4.2080059632354505e-06,-5.937769450348185e-06,2.3543289568841157,2.399570955471111,0.0011765690141113886,0.00030972262046325604
X+,5.6000000000000005,2.6000000000000005,13.760391168998467,0.0,0.3548218116104258,5.553887343395965e-06,0.0003094257923941943,0.18297734048224645,0.0003235064147980813,-0.0009532024839355461,0.3634121651312561,2.4762768353115415e-06,-3.0180216001588205e-06,0.143435193667662,-1.226081648837718e-07,2.501702015975319e-06,0.35996875602248624,-4.7557783702519105e-05,-0.00026667029657545543,0.2,0.0,0.0,0.0,0.0,2.962962962962963,2.962962962962963,-4.2080059632354505e-06,-5.937769450348185e-06,2.3543289568841157,2.399570955471111,0.0011765690141113886,0.00030972262046325604
X+,5.6000000000000005,2.6000000000000005,13.787041016999865,0.0,0.3548218116104258,5.553887343395965e-06,0.0003094257923941943,0.18297734048224645,0.0003235064147980813,-0.0009532024839355461,0.3634121651312561,2.4762768353115415e-06,-3.0180216001588205e-06,0.143435193667662,-1.226081648837718e-07,2.501702015975319e-06,0.35996875602248624,-4.7557783702519105e-05,-0.00026667029657545543,0.2,0.0,0.0,0.0,0.0,2.962962962962963,2.962962962962963,-4.2080059632354505e-06,-5.937769450348185e-06,2.3543289568841157,2.399570955471111,0.0011765690141113886,0.00030972262046325604
X+,5.6000000000000005,2.6000000000000005,13.815419710001152,0.0,0.3548218116104258,5.553887343395965e-06,0.0003094257923941943,0.18297734048224645,0.0003235064147980813,-0.0009532024839355461,0.3634121651312561,2.4762768353115415e-06,-3.0180216001588205e-06,0.143435193667662,-1.226081648837718e-07,2.501702015975319e-06,0.35996875602248624,-4.7557783702519105e-05,-0.00026667029657545543,0.2,0.0,0.0,0.0,0.0,2.962962962962963,2.962962962962963,-4.2080059632354505e-06,-5.937769450348185e-06,2.3543289568841157,2.399570955471111,0.0011765690141113886,0.00030972262046325604
X+,5.6000000000000005,2.6000000000000005,13.841941194001265,0.0,0.3548218116104258,5.553887343395965e-06,0.0003094257923941943,0.18297734048224645,0.0003235064147980813,-0.0009532024839355461,0.3634121651312561,2.4762768353115415e-06,-3.0180216001588205e-06,0.143435193667662,-1.226081648837718e-07,2.501702015975319e-06,0.35996875602248624,-4.7557783702519105e-05,-0.00026667029657545543,0.2,0.0,0.0,0.0,0.0,2.962962962962963,2.962962962962963,-4.2080059632354505e-06,-5.937769450348185e-06,2.3543289568841157,2.399570955471111,0.0011765690141113886,0.00030972262046325604
X+,5.6000000000000005,2.6000000000000005,13.868613976999768,0.0,0.3548218116104258,5.553887343395965e-06,0.0003094257923941943,0.18297734048224645,0.0003235064147980813,-0.0009532024839355461,0.3634121651312561,2.4762768353115415e-06,-3.0180216001588205e-06,0.143435193667662,-1.226081648837718e-07,2.501702015975319e-06,0.35996875602248624,-4.7557783702519105e-05,-0.00026667029657545543,0.2,0.0,0.0,0.0,0.0,2.962962962962963,2.962962962962963,-4.2080059632354505e-06,-5.937769450348185e-06,2.3543289568841157,2.399570955471111,0.0011765690141113886,0.00030972262046325604
X+,5.6000000000000005,2.6000000000000005,13.899426439998933,0.0,0.3548218116104258,5.553887343395965e-06,0.0003094257923941943,0.18297734048224645,0.0003235064147980813,-0.0009532024839355461,0.3634121651312561,2.4762768353115415e-06,-3.0180216001588205e-06,0.143435193667662,-1.226081648837718e-07,2.501702015975319e-06,0.35996875602248624,-4.7557783702519105e-05,-0.00026667029657545543,0.2,0.0,0.0,0.0,0.0,2.962962962962963,2.962962962962963,-4.2080059632354505e-06,-5.937769450348185e-06,2.3543289568841157,2.399570955471111,0.0011765690141113886,0.00030972262046325604
X+,5.6000000000000005,2.6000000000000005,13.929388172000472,0.0,0.3548218116104258,5.553887343395965e-06,0.0003094257923941943,0.18297734048224645,0.0003235064147980813,-0.0009532024839355461,0.3634121651312561,2.4762768353115415e-06,-3.0180216001588205e-06,0.143435193667662,-1.226081648837718e-07,2.501702015975319e-06,0.35996875602248624,-4.7557783702519105e-05,-0.00026667029657545543,0.2,0.0,0.0,0.0,0.0,2.962962962962963,2.962962962962963,-4.2080059632354505e-06,-5.937769450348185e-06,2.3543289568841157,2.399570955471111,0.0011765690141113886,0.00030972262046325604
X+,5.6000000000000005,2.6000000000000005,13.952592323999852,0.0,0.3572059283570085,6.527503871727423e-06,0.0003074645449147149,0.18366334897444475,0.00025195957149129017,-0.0007835406060487657,0.3634121651312561,2.4762768353115415e-06,-3.0180216001588205e-06,0.143435193667662,-1.226081648837718e-07,2.501702015975319e-06,0.35996875602248624,-4.7557783702519105e-05,-0.00026667029657545543,0.2,0.0,0.0,0.0,0.0,2.962962962962963,2.962962962962963,-4.964655790473671e-06,-5.763053477103597e-06,2.3803697745036616,2.4228845536182133,-0.0011119178450681602,0.0003086152907217719
X+,5.6000000000000005,2.6000000000000005,13.979087127998355,0.0,0.36015075952381453,6.7861040362300964e-06,0.000307347796848235,0.18428518679659897,0.00029025495339707645,-0.0008959646751292862,0.3634121651312561,2.4762768353115415e-06,-3.0180216001588205e-06,0.143435193667662,-1.226081648837718e-07,2.501702015975319e-06,0.35996875602248624,-4.7557783702519105e-05,-0.00026667029657545543,0.2,0.0,0.0,0.0,0.0,2.962962962962963,2.962962962962963,-4.138335909509294e-06,-5.742867618785397e-06,2.425713365773727,2.46333275518017,-0.0015760864104743017,0.00030737916946663586
X+,5.6000000000000005,2.6000000000000005,14.014777657001105,0.0,0.3643977497415579,8.205733529904197e-06,0.00030467853040834286,0.1848159606885487,0.0002434552426336538,-0.0007902946880754379,0.3634121651312561,2.4762768353115415e-06,-3.0180216001588205e-06,0.143435193667662,-1.226081648837718e-07,2.501702015975319e-06,0.35996875602248624,-4.7557783702519105e-05,-0.00026667029657545543,0.2,0.0,0.0,0.0,0.0,2.962962962962963,2.962962962962963,-8.598069512366635e-06,-5.57144855584113e-06,2.463190398582275,2.4966160515377926,0.0004674409680444283,0.00030551283735625446
X+,5.6000000000000005,2.6000000000000005,14.054636747998302,0.0,0.36754246308406363,8.504123958162635e-06,0.0003043946702827065,0.18497845629704798,0.00026462284225156813,-0.0008446882791732308,0.37939398944376923,2.3531954171181403e-06,-2.9706654250483237e-06,0.15981824312811804,-7.484792720780582e-07,4.735617511049635e-07,0.376276111183996,-5.239929488489226e-05,-0.0003795498064049772,0.2,0.0,0.0,0.0,0.0,2.962962962962963,2.962962962962963,-3.8168244778091776e-06,-5.539618704197835e-06,2.494083696931301,2.5237575316379304,-0.004398786520951096,0.0003044119821978124
X+,5.7,2.7,14.083594275998621,0.09999999999999964,0.3716139085661987,9.511733674718442e-06,0.0003028590158875569,0.18495432005632942,0.00030081381631659313,-0.0009611205102751281,0.37939398944376923,2.3531954171181403e-06,-2.9706654250483237e-06,0.15981824312811804,-7.484792720780582e-07,4.735617511049635e-07,0.376276111183996,-5.239929488489226e-05,-0.0003795498064049772,0.2,0.0,0.0,0.0,0.0,2.962962962962963,2.962962962962963,-3.890619115765048e-06,-5.5750124055009564e-06,2.5195131798537007,2.545936075710421,-0.0028352055184854225,0.00030380709245389286
X+,5.7,2.7,14.112329255000077,0.0,0.3732789670974637,1.0190464633978193e-05,0.0003014522510356761,0.18487935565720356,0.00023245343936583075,-0.0007733494911861982,0.37939398944376923,2.3531954171181403e-06,-2.9706654250483237e-06,0.15981824312811804,-7.484792720780582e-07,4.735617511049635e-07,0.376276111183996,-5.239929488489226e-05,-0.0003795498064049772,0.2,0.0,0.0,0.0,0.0,2.962962962962963,2.962962962962963,-7.547172117483569e-06,-5.335466476630302e-06,2.530383383591878,2.5552474048779388,-0.003191554137991233,0.0003014522510356761
X+,5.7,2.7,14.138409457998932,0.0,0.3732789670974637,1.0190464633978193e-05,0.0003014522510356761,0.18487935565720356,0.00023245343936583075,-0.0007733494911861982,0.37939398944376923,2.3531954171181403e-06,-2.9706654250483237e-06,0.15981824312811804,-7.484792720780582e-07,4.735617511049635e-07,0.376276111183996,-5.239929488489226e-05,-0.0003795498064049772,0.2,0.0,0.0,0.0,0.0,2.962962962962963,2.962962962962963,-7.547172117483569e-06,-5.335466476630302e-06,2.530383383591878,2.5552474048779388,-0.003191554137991233,0.0003014522510356761
X+,5.7,2.7,14.165453665998939,0.0,0.3732789670974637,1.0190464633978193e-05,0.0003014522510356761,0.18487935565720356,0.00023245343936583075,-0.0007733494911861982,0.37939398944376923,2.3531954171181403e-06,-2.9706654250483237e-06,0.15981824312811804,-7.484792720780582e-07,4.735617511049635e-07,0.376276111183996,-5.239929488489226e-05,-0.0003795498064049772,0.2,0.0,0.0,0.0,0.0,2.962962962962963,2.962962962962963,-7.547172117483569e-06,-5.335466476630302e-06,2.530383383591878,2.5552474048779388,-0.003191554137991233,0.0003014522510356761
X+,5.7,2.7,14.198710016000405,0.0,0.3732789670974637,1.0190464633978193e-05,0.0003014522510356761,0.18487935565720356,0.00023245343936583075,-0.0007733494911861982,0.37939398944376923,2.3531954171181403e-06,-2.9706654250483237e-06,0.15981824312811804,-7.484792720780582e-07,4.735617511049635e-07,0.376276111183996,-5.239929488489226e-05,-0.0003795498064049772,0.2,0.0,0.0,0.0,0.0,2.962962962962963,2.962962962962963,-7.547172117483569e-06,-5.335466476630302e-06,2.530383383591878,2.5552474048779388,-0.003191554137991233,0.0003014522510356761
X+,5.7,2.7,14.225388818998908,0.0,0.3732789670974637,1.0190464633978193e-05,0.0003014522510356761,0.18487935565720356,0.00023245343936583075,-0.0007733494911861982,0.37939398944376923,2.3531954171181403e-06,-2.9706654250483237e-06,0.15981824312811804,-7.484792720780582e-07,4.735617511049635e-07,0.376276111183996,-5.239929488489226e-05,-0.0003795498064049772,0.2,0.0,0.0,0.0,0.0,2.962962962962963,2.962962962962963,-7.547172117483569e-06,-5.335466476630302e-06,2.530383383591878,2.5552474048779388,-0.003191554137991233,0.0003014522510356761
X+,5.7,2.7,14.255842933998792,0.0,0.3732789670974637,1.0190464633978193e-05,0.0003014522510356761,0.18487935565720356,0.00023245343936583075,-0.0007733494911861982,0.37939398944376923,2.3531954171181403e-06,-2.9706654250483237e-06,0.15981824312811804,-7.484792720780582e-07,4.735617511049635e-07,0.376276111183996,-5.239929488489226e-05,-0.0003795498064049772,0.2,0.0,0.0,0.0,0.0,2.962962962962963,2.962962962962963,-7.547172117483569e-06,-5.335466476630302e-06,2.530383383591878,2.5552474048779388,-0.003191554137991233,0.0003014522510356761
X+,5.7,2.7,14.28384113499851,0.0,0.3732789670974637,1.0190464633978193e-05,0.0003014522510356761,0.18487935565720356,0.00023245343936583075,-0.0007733494911861982,0.37939398944376923,2.3531954171181403e-06,-2.9706654250483237e-06,0.15981824312811804,-7.484792720780582e-07,4.735617511049635e-07,0.376276111183996,-5.239929488489226e-05,-0.0003795498064049772,0.2,0.0,0.0,0.0,0.0,2.962962962962963,2.962962962962963,-7.547172117483569e-06,-5.335466476630302e-06,2.530383383591878,2.5552474048779388,-0.003191554137991233,0.0003014522510356761
X+,5.7,2.7,14.311709410998446,0.0,0.3732789670974637,1.0190464633978193e-05,0.0003014522510356761,0.18487935565720356,0.00023245343936583075,-0.0007733494911861982,0.37939398944376923,2.3531954171181403e-06,-2.9706654250483237e-06,0.15981824312811804,-7.484792720780582e-07,4.735617511049635e-07,0.376276111183996,-5.239929488489226e-05,-0.0003795498064049772,0.2,0.0,0.0,0.0,0.0,2.962962962962963,2.962962962962963,-7.547172117483569e-06,-5.335466476630302e-06,2.530383383591878,2.5552474048779388,-0.003191554137991233,0.0003014522510356761
X+,5.7,2.7,14.341395575000206,0.0,0.3732789670974637,1.0190464633978193e-05,0.0003014522510356761,0.18487935565720356,0.00023245343936583075,-0.0007733494911861982,0.37939398944376923,2.3531954171181403e-06,-2.9706654250483237e-06,0.15981824312811804,-7.484792720780582e-07,4.735617511049635e-07,0.376276111183996,-5.239929488489226e-05,-0.0003795498064049772,0.2,0.0,0.0,0.0,0.0,2.962962962962963,2.962962962962963,-7.547172117483569e-06,-5.335466476630302e-06,2.530383383591878,2.5552474048779388,-0.003191554137991233,0.0003014522510356761
X+,5.7,2.7,14.368949666000844,0.0,0.3732789670974637,1.0190464633978193e-05,0.0003014522510356761,0.18487935565720356,0.00023245343936583075,-0.0007733494911861982,0.37939398944376923,2.3531954171181403e-06,-2.9706654250483237e-06,0.15981824312811804,-7.484792720780582e-07,4.735617511049635e-07,0.376276111183996,-5.239929488489226e-05,-0.0003795498064049772,0.2,0.0,0.0,0.0,0.0,2.962962962962963,2.962962962962963,-7.547172117483569e-06,-5.335466476630302e-06,2.530383383591878,2.5552474048779388,-0.003191554137991233,0.0003014522510356761
X+,5.7,2.7,14.392304169999989,0.0,0.3732789670974637,1.0190464633978193e-05,0.0003014522510356761,0.18487935565720356,0.00023245343936583075,-0.0007733494911861982,0.37939398944376923,2.3531954171181403e-06,-2.9706654250483237e-06,0.15981824312811804,-7.484792720780582e-07,4.735617511049635e-07,0.376276111183996,-5.239929488489226e-05,-0.0003795498064049772,0.2,0.0,0.0,0.0,0.0,2.962962962962963,2.962962962962963,-7.547172117483569e-06,-5.335466476630302e-06,2.530383383591878,2.5552474048779388,-0.003191554137991233,0.0003014522510356761
X+,5.7,2.7,14.421155282001564,0.0,0.37401873149959763,1.024814531687835e-05,0.0003013918842629555,0.18483525616232954,0.00022323576839349102,-0.0007393632306649859,0.37939398944376923,2.3531954171181403e-06,-2.9706654250483237e-06,0.15981824312811804,-7.484792720780582e-07,4.735617511049635e-07,0.376276111183996,-5.239929488489226e-05,-0.0003795498064049772,0.2,0.0,0.0,0.0,0.0,2.962962962962963,2.962962962962963,-7.547172117483569e-06,-5.335466476630302e-06,2.530383383591878,2.5552474048779388,-0.003191554137991233,0.0003014522510356761
X+,5.7,2.7,14.469932200001494,0.0,0.3762368479113598,1.0434063104597206e-05,0.0003013945611338611,0.184667127735659,0.0002696559254460891,-0.0008368119177747218,0.37939398944376923,2.3531954171181403e-06,-2.9706654250483237e-06,0.15981824312811804,-7.484792720780582e-07,4.735617511049635e-07,0.376276111183996,-5.239929488489226e-05,-0.0003795498064049772,0.2,0.0,0.0,0.0,0.0,2.962962962962963,2.962962962962963,-7.283797057944241e-06,-5.401997377418866e-06,2.549207599118387,2.571329335190857,0.000950894573611359,0.00030141538062534117
X+,5.7,2.7,14.495116026999312,0.0,0.3790062599658611,1.1075187798554632e-05,0.0003007132418426004,0.18447574995001073,5.1738274853568614e-05,-5.393414252555966e-05,0.37939398944376923,2.3531954171181403e-06,-2.9706654250483237e-06,0.15981824312811804,-7.484792720780582e-07,4.735617511049635e-07,0.376276111183996,-5.239929488489226e-05,-0.0003795498064049772,0.2,0.0,0.0,0.0,0.0,2.962962962962963,2.962962962962963,-6.882983781153484e-06,-5.441944517237118e-06,2.5573073763553498,2.5781313395308527,0.0005105544453405198,0.0003009543131444136
X+,5.7,2.7,14.52656768000088,0.0,0.38232340530122394,1.2215642763707159e-05,0.0002987594121828717,0.18396978762510652,0.00023470819733084728,-0.0006473910627366096,0.37939398944376923,2.3531954171181403e-06,-2.9706654250483237e-06,0.15981824312811804,-7.484792720780582e-07,4.735617511049635e-07,0.376276111183996,-5.239929488489226e-05,-0.0003795498064049772,0.2,0.0,0.0,0.0,0.0,2.962962962962963,2.962962962962963,3.450485881906218e-06,-5.129875231268954e-06,2.5710975144130415,2.5894913689955725,-9.07780186468535e-05,0.00029915961806641626
X+,5.7,2.7,14.563369207000505,0.0,0.3856323760584631,1.282583404560618e-05,0.000299506213160483,0.1834738856264318,0.0002979158095955688,-0.0007512229967271047,0.39586484905604513,2.2099921023887123e-06,-2.9967280277805334e-06,0.16470859612628652,-9.427390155785536e-07,-2.606260273220968e-07,0.3958045334978259,-6.0017543920295934e-05,-0.00045103088449582884,0.2,0.0,0.0,0.0,0.0,2.962962962962963,2.962962962962963,-3.509117360245284e-06,-5.28734338978154e-06,2.582481733958474,2.5986224901981045,0.0012012538229669524,0.00029924901307077186
X+,5.800000000000001,2.8000000000000007,14.589046970999334,0.10000000000000053,0.3898466671468871,1.4021945593479732e-05,0.0002999530867293381,0.18274990031208843,0.00032784205754256436,-0.0008861257724190948,0.39586484905604513,2.2099921023887123e-06,-2.9967280277805334e-06,0.16470859612628652,-9.427390155785536e-07,-2.606260273220968e-07,0.3958045334978259,-6.0017543920295934e-05,-0.00045103088449582884,0.2,0.0,0.0,0.0,0.0,2.962962962962963,2.962962962962963,-4.906487851563668e-06,-5.320551998089229e-06,2.5917768428121826,2.605726691408603,-0.0028216151693952734,0.0003000171822025488
X+,5.800000000000001,2.8000000000000007,14.61759702299969,0.0,0.392403456451337,1.4797940636389513e-05,0.0002998535223354574,0.1822687548804078,0.00032090457710301734,-0.0008777939895339864,0.39586484905604513,2.2099921023887123e-06,-2.9967280277805334e-06,0.16470859612628652,-9.427390155785536e-07,-2.606260273220968e-07,0.3958045334978259,-6.0017543920295934e-05,-0.00045103088449582884,0.2,0.0,0.0,0.0,0.0,2.962962962962963,2.962962962962963,-5.528214989780622e-06,-5.297208574006618e-06,2.5957203699198903,2.6086521521771138,-0.0014180331840406295,0.00029985739944303084
X+,5.800000000000001,2.8000000000000007,14.642606124998565,0.0,0.39258582573931305,1.4851207501010051e-05,0.00029985231134885704,0.18223338100577863,0.00032059216254328674,-0.0008774899988724458,0.39586484905604513,2.2099921023887123e-06,-2.9967280277805334e-06,0.16470859612628652,-9.427390155785536e-07,-2.606260273220968e-07,0.3958045334978259,-6.0017543920295934e-05,-0.00045103088449582884,0.2,0.0,0.0,0.0,0.0,2.962962962962963,2.962962962962963,-5.528214989780622e-06,-5.297208574006618e-06,2.5957203699198903,2.6086521521771138,-0.0014180331840406295,0.00029985739944303084
X+,5.800000000000001,2.8000000000000007,14.66931776400088,0.0,0.39258582573931305,1.4851207501010051e-05,0.00029985231134885704,0.18223338100577863,0.00032059216254328674,-0.0008774899988724458,0.39586484905604513,2.2099921023887123e-06,-2.9967280277805334e-06,0.16470859612628652,-9.427390155785536e-07,-2.606260273220968e-07,0.3958045334978259,-6.0017543920295934e-05,-0.00045103088449582884,0.2,0.0,0.0,0.0,0.0,2.962962962962963,2.962962962962963,-5.528214989780622e-06,-5.297208574006618e-06,2.5957203699198903,2.6086521521771138,-0.0014180331840406295,0.00029985739944303084
X+,5.800000000000001,2.8000000000000007,14.697838518000935,0.0,0.39258582573931305,1.4851207501010051e-05,0.00029985231134885704,0.18223338100577863,0.00032059216254328674,-0.0008774899988724458,0.39586484905604513,2.2099921023887123e-06,-2.9967280277805334e-06,0.16470859612628652,-9.427390155785536e-07,-2.606260273220968e-07,0.3958045334978259,-6.0017543920295934e-05,-0.00045103088449582884,0.2,0.0,0.0,0.0,0.0,2.962962962962963,2.962962962962963,-5.528214989780622e-06,-5.297208574006618e-06,2.5957203699198903,2.6086521521771138,-0.0014180331840406295,0.00029985739944303084
X+,5.800000000000001,2.8000000000000007,14.724472132998926,0.0,0.39258582573931305,1.4851207501010051e-05,0.00029985231134885704,0.18223338100577863,0.00032059216254328674,-0.0008774899988724458,0.39586484905604513,2.2099921023887123e-06,-2.9967280277805334e-06,0.16470859612628652,-9.427390155785536e-07,-2.606260273220968e-07,0.3958045334978259,-6.0017543920295934e-05,-0.00045103088449582884,0.2,0.0,0.0,0.0,0.0,2.962962962962963,2.962962962962963,-5.528214989780622e-06,-5.297208574006618e-06,2.5957203699198903,2.6086521521771138,-0.0014180331840406295,0.00029985739944303084
X+,5.800000000000001,2.8000000000000007,14.749590957999317,0.0,0.39258582573931305,1.4851207501010051e-05,0.00029985231134885704,0.18223338100577863,0.00032059216254328674,-0.0008774899988724458,0.39586484905604513,2.2099921023887123e-06,-2.9967280277805334e-06,0.16470859612628652,-9.427390155785536e-07,-2.606260273220968e-07,0.3958045334978259,-6.0017543920295934e-05,-0.00045103088449582884,0.2,0.0,0.0,0.0,0.0,2.962962962962963,2.962962962962963,-5.528214989780622e-06,-5.297208574006618e-06,2.5957203699198903,2.6086521521771138,-0.0014180331840406295,0.00029985739944303084
X+,5.800000000000001,2.8000000000000007,14.782951138000499,0.0,0.39258582573931305,1.4851207501010051e-05,0.00029985231134885704,0.18223338100577863,0.00032059216254328674,-0.0008774899988724458,0.39586484905604513,2.2099921023887123e-06,-2.9967280277805334e-06,0.16470859612628652,-9.427390155785536e-07,-2.606260273220968e-07,0.3958045334978259,-6.0017543920295934e-05,-0.00045103088449582884,0.2,0.0,0.0,0.0,0.0,2.962962962962963,2.962962962962963,-5.528214989780622e-06,-5.297208574006618e-06,2.5957203699198903,2.6086521521771138,-0.0014180331840406295,0.00029985739944303084
X+,5.800000000000001,2.8000000000000007,14.810367286001565,0.0,0.39258582573931305,1.4851207501010051e-05,0.00029985231134885704,0.18223338100577863,0.00032059216254328674,-0.0008774899988724458,0.39586484905604513,2.2099921023887123e-06,-2.9967280277805334e-06,0.16470859612628652,-9.427390155785536e-07,-2.606260273220968e-07,0.3958045334978259,-6.0017543920295934e-05,-0.00045103088449582884,0.2,0.0,0.0,0.0,0.0,2.962962962962963,2.962962962962963,-5.528214989780622e-06,-5.297208574006618e-06,2.5957203699198903,2.6086521521771138,-0.0014180331840406295,0.00029985739944303084
X+,5.800000000000001,2.8000000000000007,14.839881489999243,0.0,0.39258582573931305,1.4851207501010051e-05,0.00029985231134885704,0.18223338100577863,0.00032059216254328674,-0.0008774899988724458,0.39586484905604513,2.2099921023887123e-06,-2.9967280277805334e-06,0.16470859612628652,-9.427390155785536e-07,-2.606260273220968e-07,0.3958045334978259,-6.0017543920295934e-05,-0.00045103088449582884,0.2,0.0,0.0,0.0,0.0,2.962962962962963,2.962962962962963,-5.528214989780622e-06,-5.297208574006618e-06,2.5957203699198903,2.6086521521771138,-0.0014180331840406295,0.00029985739944303084
X+,5.800000000000001,2.8000000000000007,14.867276362001576,0.0,0.39258582573931305,1.4851207501010051e-05,0.00029985231134885704,0.18223338100577863,0.00032059216254328674,-0.0008774899988724458,0.39586484905604513,2.2099921023887123e-06,-2.9967280277805334e-06,0.16470859612628652,-9.427390155785536e-07,-2.606260273220968e-07,0.3958045334978259,-6.0017543920295934e-05,-0.00045103088449582884,0.2,0.0,0.0,0.0,0.0,2.962962962962963,2.962962962962963,-5.528214989780622e-06,-5.297208574006618e-06,2.5957203699198903,2.6086521521771138,-0.0014180331840406295,0.00029985739944303084
X+,5.800000000000001,2.8000000000000007,14.891356262000045,0.0,0.39258582573931305,1.4851207501010051e-05,0.00029985231134885704,0.18223338100577863,0.00032059216254328674,-0.0008774899988724458,0.39586484905604513,2.2099921023887123e-06,-2.9967280277805334e-06,0.16470859612628652,-9.427390155785536e-07,-2.606260273220968e-07,0.3958045334978259,-6.0017543920295934e-05,-0.00045103088449582884,0.2,0.0,0.0,0.0,0.0,2.962962962962963,2.962962962962963,-5.528214989780622e-06,-5.297208574006618e-06,2.5957203699198903,2.6086521521771138,-0.0014180331840406295,0.00029985739944303084
X+,5.800000000000001,2.8000000000000007,14.917944624001393,0.0,0.39258582573931305,1.4851207501010051e-05,0.00029985231134885704,0.18223338100577863,0.00032059216254328674,-0.0008774899988724458,0.39586484905604513,2.2099921023887123e-06,-2.9967280277805334e-06,0.16470859612628652,-9.427390155785536e-07,-2.606260273220968e-07,0.3958045334978259,-6.0017543920295934e-05,-0.00045103088449582884,0.2,0.0,0.0,0.0,0.0,2.962962962962963,2.962962962962963,-5.528214989780622e-06,-5.297208574006618e-06,2.5957203699198903,2.6086521521771138,-0.0014180331840406295,0.00029985739944303084
X+,5.800000000000001,2.8000000000000007,14.946015312998497,0.0,0.39258582573931305,1.4851207501010051e-05,0.00029985231134885704,0.18223338100577863,0.00032059216254328674,-0.0008774899988724458,0.39586484905604513,2.2099921023887123e-06,-2.9967280277805334e-06,0.16470859612628652,-9.427390155785536e-07,-2.606260273220968e-07,0.3958045334978259,-6.0017543920295934e-05,-0.00045103088449582884,0.2,0.0,0.0,0.0,0.0,2.962962962962963,2.962962962962963,-5.528214989780622e-06,-5.297208574006618e-06,2.5957203699198903,2.6086521521771138,-0.0014180331840406295,0.00029985739944303084
X+,5.800000000000001,2.8000000000000007,14.974928109000757,0.0,0.394589548247943,1.5437228247833917e-05,0.00029981512158472497,0.1818363305023718,0.00032065139328764527,-0.0008778969107038098,0.39586484905604513,2.2099921023887123e-06,-2.9967280277805334e-06,0.16470859612628652,-9.427390155785536e-07,-2.606260273220968e-07,0.3958045334978259,-6.0017543920295934e-05,-0.00045103088449582884,0.2,0.0,0.0,0.0,0.0,2.962962962962963,2.962962962962963,-5.338515061126259e-06,-5.286515960989391e-06,2.5992743967179184,2.6112241264279112,-0.0005070694532529737,0.0002998229293085326
X+,5.800000000000001,2.8000000000000007,15.006262429000344,0.0,0.39677039764164945,1.608217128327115e-05,0.0002997770310859149,0.1813880510379284,0.00032093509933651065,-0.0008776807810595065,0.39586484905604513,2.2099921023887123e-06,-2.9967280277805334e-06,0.16470859612628652,-9.427390155785536e-07,-2.606260273220968e-07,0.3958045334978259,-6.0017543920295934e-05,-0.00045103088449582884,0.2,0.0,0.0,0.0,0.0,2.962962962962963,2.962962962962963,-4.4911049688067806e-06,-5.269916695915811e-06,2.605367335919147,2.6154367789664326,-0.003003951214095759,0.00029978963130459797
X+,5.800000000000001,2.8000000000000007,15.036017827998876,0.0,0.400031459816942,1.7056677344353018e-05,0.0002997419338019725,0.1806904932118835,0.00032058026188425755,-0.0008759795545343603,0.39586484905604513,2.2099921023887123e-06,-2.9967280277805334e-06,0.16470859612628652,-9.427390155785536e-07,-2.606260273220968e-07,0.3958045334978259,-6.0017543920295934e-05,-0.00045103088449582884,0.2,0.0,0.0,0.0,0.0,2.962962962962963,2.962962962962963,-4.155529190086327e-06,-5.261391163635665e-06,2.607974220162202,2.6171385551181485,-0.0016642428413909845,0.0002997419338019725
X+,5.800000000000001,2.8000000000000007,15.065477519001433,0.0,0.40345991762916683,1.8085521440413567e-05,0.0002997458608084303,0.17992734481012126,0.00032001376573017085,-0.0008746427412676453,0.39586484905604513,2.2099921023887123e-06,-2.9967280277805334e-06,0.16470859612628652,-9.427390155785536e-07,-2.606260273220968e-07,0.3958045334978259,-6.0017543920295934e-05,-0.00045103088449582884,0.2,0.0,0.0,0.0,0.0,2.962962962962963,2.962962962962963,-4.011411259163822e-06,-5.245656145902444e-06,2.6124116347539914,2.619875921233154,-0.0016670139550665334,0.0002997458608084303
X+,5.800000000000001,2.8000000000000007,15.088820804001443,0.0,0.4059768252731988,1.8841820495988336e-05,0.00029976309262116105,0.17935066580855852,0.000319568727937259,-0.0008742936098768802,0.4125296849213764,2.082903695904188e-06,-2.962085271625935e-06,0.16664835865637312,-7.714842576802763e-07,3.4642756154597976e-07,0.4131560465864177,-7.091829895211754e-05,-0.0007553725332973828,0.2,0.0,0.0,0.0,0.0,2.962962962962963,2.962962962962963,-4.013497632016083e-06,-5.234812430643387e-06,2.6159854986707476,2.621883632674975,-0.0025780742049153894,0.0002997576039429899
X+,5.9,2.9000000000000004,15.128292959998362,0.09999999999999964,0.4092009477169212,1.9810231166037147e-05,0.0002997985161122784,0.17859456028301185,0.0003189356571621034,-0.0008742053963462952,0.4125296849213764,2.082903695904188e-06,-2.962085271625935e-06,0.16664835865637312,-7.714842576802763e-07,3.4642756154597976e-07,0.4131560465864177,-7.091829895211754e-05,-0.0007553725332973828,0.2,0.0,0.0,0.0,0.0,2.962962962962963,2.962962962962963,-4.016880420287805e-06,-5.22568183303207e-06,2.6189266305804764,2.623357001336148,0.001997153272431669,0.0002997949669658523
X+,5.9,2.9000000000000004,15.15727425699879,0.0,0.4095583466820808,1.9918015456377343e-05,0.0002997989861099648,0.1785096293587363,0.00031891314406754195,-0.0008743220104690946,0.4125296849213764,2.082903695904188e-06,-2.962085271625935e-06,0.16664835865637312,-7.714842576802763e-07,3.4642756154597976e-07,0.4131560465864177,-7.091829895211754e-05,-0.0007553725332973828,0.2,0.0,0.0,0.0,0.0,2.962962962962963,2.962962962962963,-4.016880420287805e-06,-5.22568183303207e-06,2.6189266305804764,2.623357001336148,0.001997153272431669,0.0002997949669658523
X+,5.9,2.9000000000000004,15.18576844999916,0.0,0.4095583466820808,1.9918015456377343e-05,0.0002997989861099648,0.1785096293587363,0.00031891314406754195,-0.0008743220104690946,0.4125296849213764,2.082903695904188e-06,-2.962085271625935e-06,0.16664835865637312,-7.714842576802763e-07,3.4642756154597976e-07,0.4131560465864177,-7.091829895211754e-05,-0.0007553725332973828,0.2,0.0,0.0,0.0,0.0,2.962962962962963,2.962962962962963,-4.016880420287805e-06,-5.22568183303207e-06,2.6189266305804764,2.623357001336148,0.001997153272431669,0.0002997949669658523
X+,5.9,2.9000000000000004,15.215205717999197,0.0,0.4095583466820808,1.9918015456377343e-05,0.0002997989861099648,0.1785096293587363,0.00031891314406754195,-0.0008743220104690946,0.4125296849213764,2.082903695904188e-06,-2.962085271625935e-06,0.16664835865637312,-7.714842576802763e-07,3.4642756154597976e-07,0.4131560465864177,-7.091829895211754e-05,-0.0007553725332973828,0.2,0.0,0.0,0.0,0.0,2.962962962962963,2.962962962962963,-4.016880420287805e-06,-5.22568183303207e-06,2.6189266305804764,2.623357001336148,0.001997153272431669,0.0002997949669658523
X+,5.9,2.9000000000000004,15.242062727000302,0.0,0.4095583466820808,1.9918015456377343e-05,0.0002997989861099648,0.1785096293587363,0.00031891314406754195,-0.0008743220104690946,0.4125296849213764,2.082903695904188e-06,-2.962085271625935e-06,0.16664835865637312,-7.714842576802763e-07,3.4642756154597976e-07,0.4131560465864177,-7.091829895211754e-05,-0.0007553725332973828,0.2,0.0,0.0,0.0,0.0,2.962962962962963,2.962962962962963,-4.016880420287805e-06,-5.22568183303207e-06,2.6189266305804764,2.623357001336148,0.001997153272431669,0.0002997949669658523
X+,5.9,2.9000000000000004,15.268856891998439,0.0,0.4095583466820808,1.9918015456377343e-05,0.0002997989861099648,0.1785096293587363,0.00031891314406754195,-0.0008743220104690946,0.4125296849213764,2.082903695904188e-06,-2.962085271625935e-06,0.16664835865637312,-7.714842576802763e-07,3.4642756154597976e-07,0.4131560465864177,-7.091829895211754e-05,-0.0007553725332973828,0.2,0.0,0.0,0.0,0.0,2.962962962962963,2.962962962962963,-4.016880420287805e-06,-5.22568183303207e-06,2.6189266305804764,2.623357001336148,0.001997153272431669,0.0002997949669658523
X+,5.9,2.9000000000000004,15.303033235999465,0.0,0.4095583466820808,1.9918015456377343e-05,0.0002997989861099648,0.1785096293587363,0.00031891314406754195,-0.0008743220104690946,0.4125296849213764,2.082903695904188e-06,-2.962085271625935e-06,0.16664835865637312,-7.714842576802763e-07,3.4642756154597976e-07,0.4131560465864177,-7.091829895211754e-05,-0.0007553725332973828,0.2,0.0,0.0,0.0,0.0,2.962962962962963,2.962962962962963,-4.016880420287805e-06,-5.22568183303207e-06,2.6189266305804764,2.623357001336148,0.001997153272431669,0.0002997949669658523
X+,5.9,2.9000000000000004,15.331623222999042,0.0,0.4095583466820808,1.9918015456377343e-05,0.0002997989861099648,0.1785096293587363,0.00031891314406754195,-0.0008743220104690946,0.4125296849213764,2.082903695904188e-06,-2.962085271625935e-06,0.16664835865637312,-7.714842576802763e-07,3.4642756154597976e-07,0.4131560465864177,-7.091829895211754e-05,-0.0007553725332973828,0.2,0.0,0.0,0.0,0.0,2.962962962962963,2.962962962962963,-4.016880420287805e-06,-5.22568183303207e-06,2.6189266305804764,2.623357001336148,0.001997153272431669,0.0002997949669658523
X+,5.9,2.9000000000000004,15.35975043000144,0.0,0.4095583466820808,1.9918015456377343e-05,0.0002997989861099648,0.1785096293587363,0.00031891314406754195,-0.0008743220104690946,0.4125296849213764,2.082903695904188e-06,-2.962085271625935e-06,0.16664835865637312,-7.714842576802763e-07,3.4642756154597976e-07,0.4131560465864177,-7.091829895211754e-05,-0.0007553725332973828,0.2,0.0,0.0,0.0,0.0,2.962962962962963,2.962962962962963,-4.016880420287805e-06,-5.22568183303207e-06,2.6189266305804764,2.623357001336148,0.001997153272431669,0.0002997949669658523
X+,5.9,2.9000000000000004,15.385775691000163,0.0,0.4095583466820808,1.9918015456377343e-05,0.0002997989861099648,0.1785096293587363,0.00031891314406754195,-0.0008743220104690946,0.4125296849213764,2.082903695904188e-06,-2.962085271625935e-06,0.16664835865637312,-7.714842576802763e-07,3.4642756154597976e-07,0.4131560465864177,-7.091829895211754e-05,-0.0007553725332973828,0.2,0.0,0.0,0.0,0.0,2.962962962962963,2.962962962962963,-4.016880420287805e-06,-5.22568183303207e-06,2.6189266305804764,2.623357001336148,0.001997153272431669,0.0002997949669658523
X+,5.9,2.9000000000000004,15.409676278999541,0.0,0.4095583466820808,1.9918015456377343e-05,0.0002997989861099648,0.1785096293587363,0.00031891314406754195,-0.0008743220104690946,0.4125296849213764,2.082903695904188e-06,-2.962085271625935e-06,0.16664835865637312,-7.714842576802763e-07,3.4642756154597976e-07,0.4131560465864177,-7.091829895211754e-05,-0.0007553725332973828,0.2,0.0,0.0,0.0,0.0,2.962962962962963,2.962962962962963,-4.016880420287805e-06,-5.22568183303207e-06,2.6189266305804764,2.623357001336148,0.001997153272431669,0.0002997949669658523
X+,5.9,2.9000000000000004,15.437917505998485,0.0,0.4095583466820808,1.9918015456377343e-05,0.0002997989861099648,0.1785096293587363,0.00031891314406754195,-0.0008743220104690946,0.4125296849213764,2.082903695904188e-06,-2.962085271625935e-06,0.16664835865637312,-7.714842576802763e-07,3.4642756154597976e-07,0.4131560465864177,-7.091829895211754e-05,-0.0007553725332973828,0.2,0.0,0.0,0.0,0.0,2.962962962962963,2.962962962962963,-4.016880420287805e-06,-5.22568183303207e-06,2.6189266305804764,2.623357001336148,0.001997153272431669,0.0002997949669658523
X+,5.9,2.9000000000000004,15.47206318499957,0.0,0.4108079086337657,2.0292372598430287e-05,0.0002998158694162736,0.1782110134771777,0.00031875290812840494,-0.0008743416504468494,0.4125296849213764,2.082903695904188e-06,-2.962085271625935e-06,0.16664835865637312,-7.714842576802763e-07,3.4642756154597976e-07,0.4131560465864177,-7.091829895211754e-05,-0.0007553725332973828,0.2,0.0,0.0,0.0,0.0,2.962962962962963,2.962962962962963,-4.0186044181211855e-06,-5.221650109632492e-06,2.6202085914427498,2.62394566571629,-0.0018942761777370422,0.0002998195808918262
X+,5.9,2.9000000000000004,15.505099817000882,0.0,0.41702423512470116,2.2157599434689465e-05,0.00029990905423162955,0.17669127886773636,0.0003178140992038821,-0.0008736935959856227,0.4125296849213764,2.082903695904188e-06,-2.962085271625935e-06,0.16664835865637312,-7.714842576802763e-07,3.4642756154597976e-07,0.4131560465864177,-7.091829895211754e-05,-0.0007553725332973828,0.2,0.0,0.0,0.0,0.0,2.962962962962963,2.962962962962963,-4.023971599487197e-06,-5.211990414366596e-06,2.623507181406897,2.6252072677433667,-0.0004337878451283163,0.00029990905423162955
X+,5.9,2.9000000000000004,15.539209143000335,0.0,0.42037649573827257,2.3162483630393728e-05,0.00029997546536803996,0.1758507934669105,0.00031759235217836563,-0.0008730592229711153,0.4125296849213764,2.082903695904188e-06,-2.962085271625935e-06,0.16664835865637312,-7.714842576802763e-07,3.4642756154597976e-07,0.4131560465864177,-7.091829895211754e-05,-0.0007553725332973828,0.2,0.0,0.0,0.0,0.0,2.962962962962963,2.962962962962963,-4.027876990164714e-06,-5.207495813230878e-06,2.6254009675840004,2.625768664507251,-0.0023963064682955494,0.0002999804665065862
X+,5.9,2.9000000000000004,15.588053521998518,0.0,0.4228363862503726,2.3899533867471033e-05,0.000300034235673271,0.17522550528629383,0.00031742919693025616,-0.0008724788713161913,0.4292546601991037,1.956131511320131e-06,-2.929190024736938e-06,0.1672497527802941,-7.723138164510954e-07,3.2895246888997455e-07,0.4292528815354608,-7.623137104255639e-05,-0.0005530542403380244,0.2,0.0,0.0,0.0,0.0,2.962962962962963,2.962962962962963,-4.029909527858422e-06,-5.205803478069981e-06,2.6262960057100897,2.626002497419342,-0.0028812995703057518,0.00030002197898275584
X+,6.0,3.0,15.623196608001308,0.09999999999999964,0.4265098346954005,2.500034444622573e-05,0.00030013515072509293,0.17427856222645693,0.0003170232813802618,-0.0008711144632448896,0.4292546601991037,1.956131511320131e-06,-2.929190024736938e-06,0.1672497527802941,-7.723138164510954e-07,3.2895246888997455e-07,0.4292528815354608,-7.623137104255639e-05,-0.0005530542403380244,0.2,0.0,0.0,0.0,0.0,2.962962962962963,2.962962962962963,-4.034131015018261e-06,-5.203564628075696e-06,2.6280403867359605,2.6264301958904865,-0.0002525274691697906,0.0003001272325831167
X+,6.0,3.0,15.656637510001019,0.0,0.4273815453380422,2.526101685067228e-05,0.00030015753881537514,0.174051519029243,0.0003169382422353829,-0.0008708815378401074,0.4292546601991037,1.956131511320131e-06,-2.929190024736938e-06,0.1672497527802941,-7.723138164510954e-07,3.2895246888997455e-07,0.4292528815354608,-7.623137104255639e-05,-0.0005530542403380244,0.2,0.0,0.0,0.0,0.0,2.962962962962963,2.962962962962963,-3.7385409648038603e-06,-5.202509081314588e-06,2.6289408875172007,2.6266438436141284,-0.0002525274691697906,0.0003001272325831167
X+,6.0,3.0,15.683934574000887,0.0,0.4273815453380422,2.526101685067228e-05,0.00030015753881537514,0.174051519029243,0.0003169382422353829,-0.0008708815378401074,0.4292546601991037,1.956131511320131e-06,-2.929190024736938e-06,0.1672497527802941,-7.723138164510954e-07,3.2895246888997455e-07,0.4292528815354608,-7.623137104255639e-05,-0.0005530542403380244,0.2,0.0,0.0,0.0,0.0,2.962962962962963,2.962962962962963,-3.7385409648038603e-06,-5.202509081314588e-06,2.6289408875172007,2.6266438436141284,-0.0002525274691697906,0.0003001272325831167
X+,6.0,3.0,15.713322668001638,0.0,0.4273815453380422,2.526101685067228e-05,0.00030015753881537514,0.174051519029243,0.0003169382422353829,-0.0008708815378401074,0.4292546601991037,1.956131511320131e-06,-2.929190024736938e-06,0.1672497527802941,-7.723138164510954e-07,3.2895246888997455e-07,0.4292528815354608,-7.623137104255639e-05,-0.0005530542403380244,0.2,0.0,0.0,0.0,0.0,2.962962962962963,2.962962962962963,-3.7385409648038603e-06,-5.202509081314588e-06,2.6289408875172007,2.6266438436141284,-0.0002525274691697906,0.0003001272325831167
X+,6.0,3.0,15.741433840001264,0.0,0.4273815453380422,2.526101685067228e-05,0.00030015753881537514,0.174051519029243,0.0003169382422353829,-0.0008708815378401074,0.4292546601991037,1.956131511320131e-06,-2.929190024736938e-06,0.1672497527802941,-7.723138164510954e-07,3.2895246888997455e-07,0.4292528815354608,-7.623137104255639e-05,-0.0005530542403380244,0.2,0.0,0.0,0.0,0.0,2.962962962962963,2.962962962962963,-3.7385409648038603e-06,-5.202509081314588e-06,2.6289408875172007,2.6266438436141284,-0.0002525274691697906,0.0003001272325831167
X+,6.0,3.0,15.787067244000355,0.0,0.4273815453380422,2.526101685067228e-05,0.00030015753881537514,0.174051519029243,0.0003169382422353829,-0.0008708815378401074,0.4292546601991037,1.956131511320131e-06,-2.929190024736938e-06,0.1672497527802941,-7.723138164510954e-07,3.2895246888997455e-07,0.4292528815354608,-7.623137104255639e-05,-0.0005530542403380244,0.2,0.0,0.0,0.0,0.0,2.962962962962963,2.962962962962963,-3.7385409648038603e-06,-5.202509081314588e-06,2.6289408875172007,2.6266438436141284,-0.0002525274691697906,0.0003001272325831167
X+,6.0,3.0,15.811416642998665,0.0,0.4273815453380422,2.526101685067228e-05,0.00030015753881537514,0.174051519029243,0.0003169382422353829,-0.0008708815378401074,0.4292546601991037,1.956131511320131e-06,-2.929190024736938e-06,0.1672497527802941,-7.723138164510954e-07,3.2895246888997455e-07,0.4292528815354608,-7.623137104255639e-05,-0.0005530542403380244,0.2,0.0,0.0,0.0,0.0,2.962962962962963,2.962962962962963,-3.7385409648038603e-06,-5.202509081314588e-06,2.6289408875172007,2.6266438436141284,-0.0002525274691697906,0.0003001272325831167
X+,6.0,3.0,15.841411276000144,0.0,0.4273815453380422,2.526101685067228e-05,0.00030015753881537514,0.174051519029243,0.0003169382422353829,-0.0008708815378401074,0.4292546601991037,1.956131511320131e-06,-2.929190024736938e-06,0.1672497527802941,-7.723138164510954e-07,3.2895246888997455e-07,0.4292528815354608,-7.623137104255639e-05,-0.0005530542403380244,0.2,0.0,0.0,0.0,0.0,2.962962962962963,2.962962962962963,-3.7385409648038603e-06,-5.202509081314588e-06,2.6289408875172007,2.6266438436141284,-0.0002525274691697906,0.0003001272325831167
X+,6.0,3.0,15.870427056001063,0.0,0.4273815453380422,2.526101685067228e-05,0.00030015753881537514,0.174051519029243,0.0003169382422353829,-0.0008708815378401074,0.4292546601991037,1.956131511320131e-06,-2.929190024736938e-06,0.1672497527802941,-7.723138164510954e-07,3.2895246888997455e-07,0.4292528815354608,-7.623137104255639e-05,-0.0005530542403380244,0.2,0.0,0.0,0.0,0.0,2.962962962962963,2.962962962962963,-3.7385409648038603e-06,-5.202509081314588e-06,2.6289408875172007,2.6266438436141284,-0.0002525274691697906,0.0003001272325831167
X+,6.0,3.0,15.896010774999013,0.0,0.4273815453380422,2.526101685067228e-05,0.00030015753881537514,0.174051519029243,0.0003169382422353829,-0.0008708815378401074,0.4292546601991037,1.956131511320131e-06,-2.929190024736938e-06,0.1672497527802941,-7.723138164510954e-07,3.2895246888997455e-07,0.4292528815354608,-7.623137104255639e-05,-0.0005530542403380244,0.2,0.0,0.0,0.0,0.0,2.962962962962963,2.962962962962963,-3.7385409648038603e-06,-5.202509081314588e-06,2.6289408875172007,2.6266438436141284,-0.0002525274691697906,0.0003001272325831167
X+,6.0,3.0,15.922052229001565,0.0,0.4273815453380422,2.526101685067228e-05,0.00030015753881537514,0.174051519029243,0.0003169382422353829,-0.0008708815378401074,0.4292546601991037,1.956131511320131e-06,-2.929190024736938e-06,0.1672497527802941,-7.723138164510954e-07,3.2895246888997455e-07,0.4292528815354608,-7.623137104255639e-05,-0.0005530542403380244,0.2,0.0,0.0,0.0,0.0,2.962962962962963,2.962962962962963,-3.7385409648038603e-06,-5.202509081314588e-06,2.6289408875172007,2.6266438436141284,-0.0002525274691697906,0.0003001272325831167
X+,6.0,3.0,15.95015788100136,0.0,0.4273815453380422,2.526101685067228e-05,0.00030015753881537514,0.174051519029243,0.0003169382422353829,-0.0008708815378401074,0.4292546601991037,1.956131511320131e-06,-2.929190024736938e-06,0.1672497527802941,-7.723138164510954e-07,3.2895246888997455e-07,0.4292528815354608,-7.623137104255639e-05,-0.0005530542403380244,0.2,0.0,0.0,0.0,0.0,2.962962962962963,2.962962962962963,-3.7385409648038603e-06,-5.202509081314588e-06,2.6289408875172007,2.6266438436141284,-0.0002525274691697906,0.0003001272325831167
X+,6.0,3.0,15.983923808998952,0.0,0.4273815453380422,2.526101685067228e-05,0.00030015753881537514,0.174051519029243,0.0003169382422353829,-0.0008708815378401074,0.4292546601991037,1.956131511320131e-06,-2.929190024736938e-06,0.1672497527802941,-7.723138164510954e-07,3.2895246888997455e-07,0.4292528815354608,-7.623137104255639e-05,-0.0005530542403380244,0.2,0.0,0.0,0.0,0.0,2.962962962962963,2.962962962962963,-3.7385409648038603e-06,-5.202509081314588e-06,2.6289408875172007,2.6266438436141284,-0.0002525274691697906,0.0003001272325831167
X+,6.0,3.0,16.008986680000817,0.0,0.4273815453380422,2.526101685067228e-05,0.00030015753881537514,0.174051519029243,0.0003169382422353829,-0.0008708815378401074,0.4292546601991037,1.956131511320131e-06,-2.929190024736938e-06,0.1672497527802941,-7.723138164510954e-07,3.2895246888997455e-07,0.4292528815354608,-7.623137104255639e-05,-0.0005530542403380244,0.2,0.0,0.0,0.0,0.0,2.962962962962963,2.962962962962963,-3.7385409648038603e-06,-5.202509081314588e-06,2.6289408875172007,2.6266438436141284,-0.0002525274691697906,0.0003001272325831167
X+,6.0,3.0,16.032264935998683,0.0,0.4284261071975828,2.5572722572107798e-05,0.0003001829169446909,0.1737782530862755,0.00031669045256203505,-0.0008706537689305127,0.4292546601991037,1.956131511320131e-06,-2.929190024736938e-06,0.1672497527802941,-7.723138164510954e-07,3.2895246888997455e-07,0.4292528815354608,-7.623137104255639e-05,-0.0005530542403380244,0.2,0.0,0.0,0.0,0.0,2.962962962962963,2.962962962962963,-3.7385409648038603e-06,-5.202509081314588e-06,2.6289408875172007,2.6266438436141284,-0.0034573338224103962,0.00030017135978674695
X+,6.0,3.0,16.055689461998554,0.0,0.4317230967146809,2.6549944766958086e-05,0.00030024828481005876,0.17290685111752183,0.000315535459257919,-0.0008696767244058395,0.4292546601991037,1.956131511320131e-06,-2.929190024736938e-06,0.1672497527802941,-7.723138164510954e-07,3.2895246888997455e-07,0.4292528815354608,-7.623137104255639e-05,-0.0005530542403380244,0.2,0.0,0.0,0.0,0.0,2.962962962962963,2.962962962962963,-3.4669529878073035e-06,-5.200078275535702e-06,2.630852448709695,2.627117566526201,-0.0014544638521472714,0.00030024403651650246
X+,6.0,3.0,16.09586524900078,0.0,0.43517573914672786,2.7554811762303157e-05,0.0003002839364531594,0.17197878161173488,0.00031415218291815886,-0.0008693012827648204,0.4292546601991037,1.956131511320131e-06,-2.929190024736938e-06,0.1672497527802941,-7.723138164510954e-07,3.2895246888997455e-07,0.4292528815354608,-7.623137104255639e-05,-0.0005530542403380244,0.2,0.0,0.0,0.0,0.0,2.962962962962963,2.962962962962963,5.671610542101746e-06,-5.1992063569983316e-06,2.632897236465634,2.6277085556973465,1.5810985399195075e-05,0.0003002839364531594
X+,6.0,3.0,16.124952148999,0.0,0.4387810315939964,2.8578172301227563e-05,0.00030026708115566905,0.1709906097874981,0.0003125605122003356,-0.0008690742594597777,0.4292546601991037,1.956131511320131e-06,-2.929190024736938e-06,0.1672497527802941,-7.723138164510954e-07,3.2895246888997455e-07,0.4292528815354608,-7.623137104255639e-05,-0.0005530542403380244,0.2,0.0,0.0,0.0,0.0,2.962962962962963,2.962962962962963,5.500035284100591e-06,-5.20049877206219e-06,2.6351346493672665,2.6284796509386403,-0.0028189395229674397,0.00030026708115566905
X+,6.0,3.0,16.155398301998503,0.0,0.44134353660503073,2.9287923930493114e-05,0.0003002252691227351,0.17027474155564662,0.0003110349112553597,-0.0008687021299077008,0.4460246366464308,1.8935257870439384e-06,-2.6837790306751835e-06,0.16769976447438587,-1.3483276551410185e-07,2.454109940617544e-06,0.4491103915859765,-9.398691931686832e-05,-0.0007940197647413601,0.2,0.0,0.0,0.0,0.0,2.962962962962963,2.962962962962963,-3.4439587750512146e-06,-5.188104585940323e-06,2.63763130825644,2.6294952444548296,0.006705012567802866,0.0003002410442242481
X+,6.1000000000000005,3.1000000000000005,16.18570920899947,0.10000000000000053,0.44457392980390315,3.0155240743184528e-05,0.0003001184024964317,0.16935211098044742,0.00030917672466821593,-0.0008679098974280161,0.4460246366464308,1.8935257870439384e-06,-2.6837790306751835e-06,0.16769976447438587,-1.3483276551410185e-07,2.454109940617544e-06,0.4491103915859765,-9.398691931686832e-05,-0.0007940197647413601,0.2,0.0,0.0,0.0,0.0,2.962962962962963,2.962962962962963,3.459606854328001e-06,-4.982718953883136e-06,2.6404310159715805,2.630924371132232,-0.00015821156135324645,0.0003001381372218868
X+,6.1000000000000005,3.1000000000000005,16.219921300998976,0.0,0.44457392980390315,3.0155240743184528e-05,0.0003001184024964317,0.16935211098044742,0.00030917672466821593,-0.0008679098974280161,0.4460246366464308,1.8935257870439384e-06,-2.6837790306751835e-06,0.16769976447438587,-1.3483276551410185e-07,2.454109940617544e-06,0.4491103915859765,-9.398691931686832e-05,-0.0007940197647413601,0.2,0.0,0.0,0.0,0.0,2.962962962962963,2.962962962962963,3.459606854328001e-06,-4.982718953883136e-06,2.6404310159715805,2.630924371132232,-0.00015821156135324645,0.0003001381372218868
X+,6.1000000000000005,3.1000000000000005,16.25111315200047,0.0,0.44457392980390315,3.0155240743184528e-05,0.0003001184024964317,0.16935211098044742,0.00030917672466821593,-0.0008679098974280161,0.4460246366464308,1.8935257870439384e-06,-2.6837790306751835e-06,0.16769976447438587,-1.3483276551410185e-07,2.454109940617544e-06,0.4491103915859765,-9.398691931686832e-05,-0.0007940197647413601,0.2,0.0,0.0,0.0,0.0,2.962962962962963,2.962962962962963,3.459606854328001e-06,-4.982718953883136e-06,2.6404310159715805,2.630924371132232,-0.00015821156135324645,0.0003001381372218868
X+,6.1000000000000005,3.1000000000000005,16.277938220999204,0.0,0.44457392980390315,3.0155240743184528e-05,0.0003001184024964317,0.16935211098044742,0.00030917672466821593,-0.0008679098974280161,0.4460246366464308,1.8935257870439384e-06,-2.6837790306751835e-06,0.16769976447438587,-1.3483276551410185e-07,2.454109940617544e-06,0.4491103915859765,-9.398691931686832e-05,-0.0007940197647413601,0.2,0.0,0.0,0.0,0.0,2.962962962962963,2.962962962962963,3.459606854328001e-06,-4.982718953883136e-06,2.6404310159715805,2.630924371132232,-0.00015821156135324645,0.0003001381372218868
X+,6.1000000000000005,3.1000000000000005,16.305487554000138,0.0,0.44457392980390315,3.0155240743184528e-05,0.0003001184024964317,0.16935211098044742,0.00030917672466821593,-0.0008679098974280161,0.4460246366464308,1.8935257870439384e-06,-2.6837790306751835e-06,0.16769976447438587,-1.3483276551410185e-07,2.454109940617544e-06,0.4491103915859765,-9.398691931686832e-05,-0.0007940197647413601,0.2,0.0,0.0,0.0,0.0,2.962962962962963,2.962962962962963,3.459606854328001e-06,-4.982718953883136e-06,2.6404310159715805,2.630924371132232,-0.00015821156135324645,0.0003001381372218868
X+,6.1000000000000005,3.1000000000000005,16.334615495001344,0.0,0.44457392980390315,3.0155240743184528e-05,0.0003001184024964317,0.16935211098044742,0.00030917672466821593,-0.0008679098974280161,0.4460246366464308,1.8935257870439384e-06,-2.6837790306751835e-06,0.16769976447438587,-1.3483276551410185e-07,2.454109940617544e-06,0.4491103915859765,-9.398691931686832e-05,-0.0007940197647413601,0.2,0.0,0.0,0.0,0.0,2.962962962962963,2.962962962962963,3.459606854328001e-06,-4.982718953883136e-06,2.6404310159715805,2.630924371132232,-0.00015821156135324645,0.0003001381372218868
X+,6.1000000000000005,3.1000000000000005,16.36180025000067,0.0,0.44457392980390315,3.0155240743184528e-05,0.0003001184024964317,0.16935211098044742,0.00030917672466821593,-0.0008679098974280161,0.4460246366464308,1.8935257870439384e-06,-2.6837790306751835e-06,0.16769976447438587,-1.3483276551410185e-07,2.454109940617544e-06,0.4491103915859765,-9.398691931686832e-05,-0.0007940197647413601,0.2,0.0,0.0,0.0,0.0,2.962962962962963,2.962962962962963,3.459606854328001e-06,-4.982718953883136e-06,2.6404310159715805,2.630924371132232,-0.00015821156135324645,0.0003001381372218868
X+,6.1000000000000005,3.1000000000000005,16.387890078000055,0.0,0.44457392980390315,3.0155240743184528e-05,0.0003001184024964317,0.16935211098044742,0.00030917672466821593,-0.0008679098974280161,0.4460246366464308,1.8935257870439384e-06,-2.6837790306751835e-06,0.16769976447438587,-1.3483276551410185e-07,2.454109940617544e-06,0.4491103915859765,-9.398691931686832e-05,-0.0007940197647413601,0.2,0.0,0.0,0.0,0.0,2.962962962962963,2.962962962962963,3.459606854328001e-06,-4.982718953883136e-06,2.6404310159715805,2.630924371132232,-0.00015821156135324645,0.0003001381372218868
X+,6.1000000000000005,3.1000000000000005,16.421194266000384,0.0,0.44457392980390315,3.0155240743184528e-05,0.0003001184024964317,0.16935211098044742,0.00030917672466821593,-0.0008679098974280161,0.4460246366464308,1.8935257870439384e-06,-2.6837790306751835e-06,0.16769976447438587,-1.3483276551410185e-07,2.454109940617544e-06,0.4491103915859765,-9.398691931686832e-05,-0.0007940197647413601,0.2,0.0,0.0,0.0,0.0,2.962962962962963,2.962962962962963,3.459606854328001e-06,-4.982718953883136e-06,2.6404310159715805,2.630924371132232,-0.00015821156135324645,0.0003001381372218868
X+,6.1000000000000005,3.1000000000000005,16.445488473000296,0.0,0.44457392980390315,3.0155240743184528e-05,0.0003001184024964317,0.16935211098044742,0.00030917672466821593,-0.0008679098974280161,0.4460246366464308,1.8935257870439384e-06,-2.6837790306751835e-06,0.16769976447438587,-1.3483276551410185e-07,2.454109940617544e-06,0.4491103915859765,-9.398691931686832e-05,-0.0007940197647413601,0.2,0.0,0.0,0.0,0.0,2.962962962962963,2.962962962962963,3.459606854328001e-06,-4.982718953883136e-06,2.6404310159715805,2.630924371132232,-0.00015821156135324645,0.0003001381372218868
X+,6.1000000000000005,3.1000000000000005,16.47005747000003,0.0,0.44457392980390315,3.0155240743184528e-05,0.0003001184024964317,0.16935211098044742,0.00030917672466821593,-0.0008679098974280161,0.4460246366464308,1.8935257870439384e-06,-2.6837790306751835e-06,0.16769976447438587,-1.3483276551410185e-07,2.454109940617544e-06,0.4491103915859765,-9.398691931686832e-05,-0.0007940197647413601,0.2,0.0,0.0,0.0,0.0,2.962962962962963,2.962962962962963,3.459606854328001e-06,-4.982718953883136e-06,2.6404310159715805,2.630924371132232,-0.00015821156135324645,0.0003001381372218868
X+,6.1000000000000005,3.1000000000000005,16.506557533000887,0.0,0.44559041528936827,3.0421822756853192e-05,0.00030007262205964535,0.16905672142763967,0.0003085048164239788,-0.0008675556656962977,0.4460246366464308,1.8935257870439384e-06,-2.6837790306751835e-06,0.16769976447438587,-1.3483276551410185e-07,2.454109940617544e-06,0.4491103915859765,-9.398691931686832e-05,-0.0007940197647413601,0.2,0.0,0.0,0.0,0.0,2.962962962962963,2.962962962962963,3.459606854328001e-06,-4.982718953883136e-06,2.6404310159715805,2.630924371132232,5.444432327769309e-05,0.00030006502998000933
X+,6.1000000000000005,3.1000000000000005,16.53967663900039,0.0,0.4484608229159991,3.1152839624107656e-05,0.0002999157168160024,0.16820875443885905,0.00030621625049118427,-0.0008663009490506952,0.4460246366464308,1.8935257870439384e-06,-2.6837790306751835e-06,0.16769976447438587,-1.3483276551410185e-07,2.454109940617544e-06,0.4491103915859765,-9.398691931686832e-05,-0.0007940197647413601,0.2,0.0,0.0,0.0,0.0,2.962962962962963,2.962962962962963,3.5083427558646463e-06,-4.8029203503219264e-06,2.6435968491736355,2.632597087704543,-0.003284618023568095,0.00029996704185728163
X+,6.1000000000000005,3.1000000000000005,16.56307711000045,0.0,0.45148430104953485,3.1887267672450585e-05,0.0002997004671562241,0.16729125723325322,0.0003038744171873117,-0.000864081115787131,0.4460246366464308,1.8935257870439384e-06,-2.6837790306751835e-06,0.16769976447438587,-1.3483276551410185e-07,2.454109940617544e-06,0.4491103915859765,-9.398691931686832e-05,-0.0007940197647413601,0.2,0.0,0.0,0.0,0.0,2.962962962962963,2.962962962962963,3.927004485149155e-06,-4.655903400596628e-06,2.64723056926154,2.6346675163325193,-3.0832950420039496e-05,0.0002997252673455824
X+,6.1000000000000005,3.1000000000000005,16.593016036000336,0.0,0.4541579077665112,3.250515013208423e-05,0.00029947356674783326,0.16645620842584793,0.00030163104578275835,-0.0008616129809971767,0.4460246366464308,1.8935257870439384e-06,-2.6837790306751835e-06,0.16769976447438587,-1.3483276551410185e-07,2.454109940617544e-06,0.4491103915859765,-9.398691931686832e-05,-0.0007940197647413601,0.2,0.0,0.0,0.0,0.0,2.962962962962963,2.962962962962963,4.495975844953648e-06,-4.551383786299823e-06,2.6514228430368463,2.637240645356387,-0.004026611098822447,0.0002995914277923678
X+,6.1000000000000005,3.1000000000000005,16.623362959999213,0.0,0.45632033628995544,3.298040483361211e-05,0.000299266466918659,0.16576231603152078,0.0002997559809383039,-0.0008593206348717937,0.46286902985672956,1.848056837158697e-06,-2.4298232838928997e-06,0.16844393210360098,-2.6232060288466492e-09,2.5395574678228385e-06,0.4491103915859764,-9.398691931686832e-05,-0.0007940197647413601,0.2,0.0,0.0,0.0,0.0,2.962962962962963,2.962962962962963,4.775228519271479e-06,-4.519945153269589e-06,2.6537586082098334,2.638745621671662,-0.0022079879676690436,0.00029928372094857
X+,6.2,3.2,16.651239186998282,0.09999999999999964,0.45946445717953643,3.362949094369485e-05,0.00029893246286507707,0.16471971292804788,0.0002965204546039069,-0.0008541582439013178,0.46286902985672956,1.848056837158697e-06,-2.4298232838928997e-06,0.16844393210360098,-2.6232060288466492e-09,2.5395574678228385e-06,0.4626276255167641,-0.00010378615465581769,-0.0008292393544819814,0.2,0.0,0.0,0.0,0.0,2.962962962962963,2.962962962962963,5.3363781296056345e-06,7.254307087478651e-06,2.658977459737452,2.6422584477239424,-0.000870589870781932,0.00029911129178396674
X+,6.2,3.2,16.696235501000046,0.0,0.46275240294213654,3.424805209447865e-05,0.0002985522192089367,0.16357998713919317,0.00029328300485715594,-0.0008478979181753219,0.46286902985672956,1.848056837158697e-06,-2.4298232838928997e-06,0.16844393210360098,-2.6232060288466492e-09,2.5395574678228385e-06,0.4626276255167641,-0.00010378615465581769,-0.0008292393544819814,0.2,0.0,0.0,0.0,0.0,2.962962962962963,2.962962962962963,5.894848023046961e-06,4.52187469690557e-06,2.6650308885558545,2.6465344711251313,-0.002652078167593332,0.0002987255776132144
X+,6.2,3.2,16.727692518001277,0.0,0.46275240294213654,3.424805209447865e-05,0.0002985522192089367,0.16357998713919317,0.00029328300485715594,-0.0008478979181753219,0.46286902985672956,1.848056837158697e-06,-2.4298232838928997e-06,0.16844393210360098,-2.6232060288466492e-09,2.5395574678228385e-06,0.4626276255167641,-0.00010378615465581769,-0.0008292393544819814,0.2,0.0,0.0,0.0,0.0,2.962962962962963,2.962962962962963,5.894848023046961e-06,4.52187469690557e-06,2.6650308885558545,2.6465344711251313,-0.002652078167593332,0.0002987255776132144
X+,6.2,3.2,16.76076315300088,0.0,0.46275240294213654,3.424805209447865e-05,0.0002985522192089367,0.16357998713919317,0.00029328300485715594,-0.0008478979181753219,0.46286902985672956,1.848056837158697e-06,-2.4298232838928997e-06,0.16844393210360098,-2.6232060288466492e-09,2.5395574678228385e-06,0.4626276255167641,-0.00010378615465581769,-0.0008292393544819814,0.2,0.0,0.0,0.0,0.0,2.962962962962963,2.962962962962963,5.894848023046961e-06,4.52187469690557e-06,2.6650308885558545,2.6465344711251313,-0.002652078167593332,0.0002987255776132144
X+,6.2,3.2,16.797278736001317,0.0,0.46275240294213654,3.424805209447865e-05,0.0002985522192089367,0.16357998713919317,0.00029328300485715594,-0.0008478979181753219,0.46286902985672956,1.848056837158697e-06,-2.4298232838928997e-06,0.16844393210360098,-2.6232060288466492e-09,2.5395574678228385e-06,0.4626276255167641,-0.00010378615465581769,-0.0008292393544819814,0.2,0.0,0.0,0.0,0.0,2.962962962962963,2.962962962962963,5.894848023046961e-06,4.52187469690557e-06,2.6650308885558545,2.6465344711251313,-0.002652078167593332,0.0002987255776132144
X+,6.2,3.2,16.822323250999034,0.0,0.46275240294213654,3.424805209447865e-05,0.0002985522192089367,0.16357998713919317,0.00029328300485715594,-0.0008478979181753219,0.46286902985672956,1.848056837158697e-06,-2.4298232838928997e-06,0.16844393210360098,-2.6232060288466492e-09,2.5395574678228385e-06,0.4626276255167641,-0.00010378615465581769,-0.0008292393544819814,0.2,0.0,0.0,0.0,0.0,2.962962962962963,2.962962962962963,5.894848023046961e-06,4.52187469690557e-06,2.6650308885558545,2.6465344711251313,-0.002652078167593332,0.0002987255776132144
X+,6.2,3.2,16.849424145999365,0.0,0.46275240294213654,3.424805209447865e-05,0.0002985522192089367,0.16357998713919317,0.00029328300485715594,-0.0008478979181753219,0.46286902985672956,1.848056837158697e-06,-2.4298232838928997e-06,0.16844393210360098,-2.6232060288466492e-09,2.5395574678228385e-06,0.4626276255167641,-0.00010378615465581769,-0.0008292393544819814,0.2,0.0,0.0,0.0,0.0,2.962962962962963,2.962962962962963,5.894848023046961e-06,4.52187469690557e-06,2.6650308885558545,2.6465344711251313,-0.002652078167593332,0.0002987255776132144
X+,6.2,3.2,16.88055989300119,0.0,0.46275240294213654,3.424805209447865e-05,0.0002985522192089367,0.16357998713919317,0.00029328300485715594,-0.0008478979181753219,0.46286902985672956,1.848056837158697e-06,-2.4298232838928997e-06,0.16844393210360098,-2.6232060288466492e-09,2.5395574678228385e-06,0.4626276255167641,-0.00010378615465581769,-0.0008292393544819814,0.2,0.0,0.0,0.0,0.0,2.962962962962963,2.962962962962963,5.894848023046961e-06,4.52187469690557e-06,2.6650308885558545,2.6465344711251313,-0.002652078167593332,0.0002987255776132144
X+,6.2,3.2,16.909929542998725,0.0,0.46275240294213654,3.424805209447865e-05,0.0002985522192089367,0.16357998713919317,0.00029328300485715594,-0.0008478979181753219,0.46286902985672956,1.848056837158697e-06,-2.4298232838928997e-06,0.16844393210360098,-2.6232060288466492e-09,2.5395574678228385e-06,0.4626276255167641,-0.00010378615465581769,-0.0008292393544819814,0.2,0.0,0.0,0.0,0.0,2.962962962962963,2.962962962962963,5.894848023046961e-06,4.52187469690557e-06,2.6650308885558545,2.6465344711251313,-0.002652078167593332,0.0002987255776132144
X+,6.2,3.2,16.936172606998298,0.0,0.46275240294213654,3.424805209447865e-05,0.0002985522192089367,0.16357998713919317,0.00029328300485715594,-0.0008478979181753219,0.46286902985672956,1.848056837158697e-06,-2.4298232838928997e-06,0.16844393210360098,-2.6232060288466492e-09,2.5395574678228385e-06,0.4626276255167641,-0.00010378615465581769,-0.0008292393544819814,0.2,0.0,0.0,0.0,0.0,2.962962962962963,2.962962962962963,5.894848023046961e-06,4.52187469690557e-06,2.6650308885558545,2.6465344711251313,-0.002652078167593332,0.0002987255776132144
X+,6.2,3.2,16.96399481199842,0.0,0.46275240294213654,3.424805209447865e-05,0.0002985522192089367,0.16357998713919317,0.00029328300485715594,-0.0008478979181753219,0.46286902985672956,1.848056837158697e-06,-2.4298232838928997e-06,0.16844393210360098,-2.6232060288466492e-09,2.5395574678228385e-06,0.4626276255167641,-0.00010378615465581769,-0.0008292393544819814,0.2,0.0,0.0,0.0,0.0,2.962962962962963,2.962962962962963,5.894848023046961e-06,4.52187469690557e-06,2.6650308885558545,2.6465344711251313,-0.002652078167593332,0.0002987255776132144
X+,6.2,3.2,16.990620811000554,0.0,0.46275240294213654,3.424805209447865e-05,0.0002985522192089367,0.16357998713919317,0.00029328300485715594,-0.0008478979181753219,0.46286902985672956,1.848056837158697e-06,-2.4298232838928997e-06,0.16844393210360098,-2.6232060288466492e-09,2.5395574678228385e-06,0.4626276255167641,-0.00010378615465581769,-0.0008292393544819814,0.2,0.0,0.0,0.0,0.0,2.962962962962963,2.962962962962963,5.894848023046961e-06,4.52187469690557e-06,2.6650308885558545,2.6465344711251313,-0.002652078167593332,0.0002987255776132144
X+,6.2,3.2,17.015571323001495,0.0,0.46275240294213654,3.424805209447865e-05,0.0002985522192089367,0.16357998713919317,0.00029328300485715594,-0.0008478979181753219,0.46286902985672956,1.848056837158697e-06,-2.4298232838928997e-06,0.16844393210360098,-2.6232060288466492e-09,2.5395574678228385e-06,0.4626276255167641,-0.00010378615465581769,-0.0008292393544819814,0.2,0.0,0.0,0.0,0.0,2.962962962962963,2.962962962962963,5.894848023046961e-06,4.52187469690557e-06,2.6650308885558545,2.6465344711251313,-0.002652078167593332,0.0002987255776132144
X+,6.2,3.2,17.04283622499861,0.0,0.4645509806361942,3.45592238035642e-05,0.0002983332159337947,0.1629319299078655,0.00029140898443979926,-0.0008436839558767888,0.46286902985672956,1.848056837158697e-06,-2.4298232838928997e-06,0.16844393210360098,-2.6232060288466492e-09,2.5395574678228385e-06,0.4626276255167641,-0.00010378615465581769,-0.0008292393544819814,0.2,0.0,0.0,0.0,0.0,2.962962962962963,2.962962962962963,6.1734907088606406e-06,-4.823504109907617e-06,2.668415449566176,2.64900169109319,-0.0018105468678518784,0.0002983332159337947
X+,6.2,3.2,17.077932277999935,0.0,0.46812643518491603,3.5122158267622376e-05,0.00029787903638244,0.16158350018097972,0.000287944096364964,-0.0008338309321792688,0.46286902985672956,1.848056837158697e-06,-2.4298232838928997e-06,0.16844393210360098,-2.6232060288466492e-09,2.5395574678228385e-06,0.4626276255167641,-0.00010378615465581769,-0.0008292393544819814,0.2,0.0,0.0,0.0,0.0,2.962962962962963,2.962962962962963,6.724691607118416e-06,4.7571202959062475e-06,2.676005993717953,2.65469406053044,-0.0007599792802116904,0.00029792077270620785
X+,6.2,3.2,17.12247393600046,0.0,0.472152552398332,3.565907408135862e-05,0.0002973765430830456,0.15995160433539338,0.00028372717987083925,-0.0008177648760610859,0.47989736315114373,1.941752971613974e-06,-2.465869315129963e-06,0.1702833329413624,1.350719751796158e-06,-3.604603123706337e-07,0.4626276255167641,-0.00010378615465581769,-0.0008292393544819814,0.2,0.0,0.0,0.0,0.0,2.962962962962963,2.962962962962963,7.265384271093467e-06,8.604834218495228e-06,2.6848598819057083,2.661555595229539,-0.0025604291710062585,0.00029751286572785696
X+,6.300000000000001,3.3000000000000007,17.148053512999468,0.10000000000000053,0.47422972400970176,3.589448084150362e-05,0.0002971358721147245,0.15905358474161904,0.00028157394325779026,-0.0008071817899511424,0.47989736315114373,1.941752971613974e-06,-2.465869315129963e-06,0.1702833329413624,1.350719751796158e-06,-3.604603123706337e-07,0.4638749773656468,-0.00011102737844286372,-0.0009693823677441319,0.2,0.0,0.0,0.0,0.0,2.962962962962963,2.962962962962963,7.790061330226195e-06,5.439586092670368e-06,2.6952202755168386,2.669804079189354,-0.0033904813421943136,0.0002973185118072342
X+,6.300000000000001,3.3000000000000007,17.178871961998084,0.0,0.47755992869972547,3.621263754480242e-05,0.0002968103953778516,0.15751860432024467,0.0002784127494639606,-0.0007863569637064375,0.47989736315114373,1.941752971613974e-06,-2.465869315129963e-06,0.1702833329413624,1.350719751796158e-06,-3.604603123706337e-07,0.4638749773656468,-0.00011102737844286372,-0.0009693823677441319,0.2,0.0,0.0,0.0,0.0,2.962962962962963,2.962962962962963,8.291432010310018e-06,4.860529580597017e-06,2.7073899042169915,2.679731561545317,-0.0017295878778896857,0.0002968103953778516
X+,6.300000000000001,3.3000000000000007,17.207622298999922,0.0,0.4780330198727966,3.6252101968187005e-05,0.000296771185384264,0.15728988182307482,0.00027802988557593176,-0.0007830610361675915,0.47989736315114373,1.941752971613974e-06,-2.465869315129963e-06,0.1702833329413624,1.350719751796158e-06,-3.604603123706337e-07,0.4638749773656468,-0.00011102737844286372,-0.0009693823677441319,0.2,0.0,0.0,0.0,0.0,2.962962962962963,2.962962962962963,8.291432010310018e-06,4.860529580597017e-06,2.7073899042169915,2.679731561545317,-0.0017295878778896857,0.0002968103953778516
X+,6.300000000000001,3.3000000000000007,17.236933781001426,0.0,0.4780330198727966,3.6252101968187005e-05,0.000296771185384264,0.15728988182307482,0.00027802988557593176,-0.0007830610361675915,0.47989736315114373,1.941752971613974e-06,-2.465869315129963e-06,0.1702833329413624,1.350719751796158e-06,-3.604603123706337e-07,0.4638749773656468,-0.00011102737844286372,-0.0009693823677441319,0.2,0.0,0.0,0.0,0.0,2.962962962962963,2.962962962962963,8.291432010310018e-06,4.860529580597017e-06,2.7073899042169915,2.679731561545317,-0.0017295878778896857,0.0002968103953778516
X+,6.300000000000001,3.3000000000000007,17.27109739500156,0.0,0.4780330198727966,3.6252101968187005e-05,0.000296771185384264,0.15728988182307482,0.00027802988557593176,-0.0007830610361675915,0.47989736315114373,1.941752971613974e-06,-2.465869315129963e-06,0.1702833329413624,1.350719751796158e-06,-3.604603123706337e-07,0.4638749773656468,-0.00011102737844286372,-0.0009693823677441319,0.2,0.0,0.0,0.0,0.0,2.962962962962963,2.962962962962963,8.291432010310018e-06,4.860529580597017e-06,2.7073899042169915,2.679731561545317,-0.0017295878778896857,0.0002968103953778516
X+,6.300000000000001,3.3000000000000007,17.301198296998336,0.0,0.4780330198727966,3.6252101968187005e-05,0.000296771185384264,0.15728988182307482,0.00027802988557593176,-0.0007830610361675915,0.47989736315114373,1.941752971613974e-06,-2.465869315129963e-06,0.1702833329413624,1.350719751796158e-06,-3.604603123706337e-07,0.4638749773656468,-0.00011102737844286372,-0.0009693823677441319,0.2,0.0,0.0,0.0,0.0,2.962962962962963,2.962962962962963,8.291432010310018e-06,4.860529580597017e-06,2.7073899042169915,2.679731561545317,-0.0017295878778896857,0.0002968103953778516
X+,6.300000000000001,3.3000000000000007,17.3273000650006,0.0,0.4780330198727966,3.6252101968187005e-05,0.000296771185384264,0.15728988182307482,0.00027802988557593176,-0.0007830610361675915,0.47989736315114373,1.941752971613974e-06,-2.465869315129963e-06,0.1702833329413624,1.350719751796158e-06,-3.604603123706337e-07,0.4638749773656468,-0.00011102737844286372,-0.0009693823677441319,0.2,0.0,0.0,0.0,0.0,2.962962962962963,2.962962962962963,8.291432010310018e-06,4.860529580597017e-06,2.7073899042169915,2.679731561545317,-0.0017295878778896857,0.0002968103953778516
X+,6.300000000000001,3.3000000000000007,17.357457128000533,0.0,0.4780330198727966,3.6252101968187005e-05,0.000296771185384264,0.15728988182307482,0.00027802988557593176,-0.0007830610361675915,0.47989736315114373,1.941752971613974e-06,-2.465869315129963e-06,0.1702833329413624,1.350719751796158e-06,-3.604603123706337e-07,0.4638749773656468,-0.00011102737844286372,-0.0009693823677441319,0.2,0.0,0.0,0.0,0.0,2.962962962962963,2.962962962962963,8.291432010310018e-06,4.860529580597017e-06,2.7073899042169915,2.679731561545317,-0.0017295878778896857,0.0002968103953778516
X+,6.300000000000001,3.3000000000000007,17.386077275998105,0.0,0.4780330198727966,3.6252101968187005e-05,0.000296771185384264,0.15728988182307482,0.00027802988557593176,-0.0007830610361675915,0.47989736315114373,1.941752971613974e-06,-2.465869315129963e-06,0.1702833329413624,1.350719751796158e-06,-3.604603123706337e-07,0.4638749773656468,-0.00011102737844286372,-0.0009693823677441319,0.2,0.0,0.0,0.0,0.0,2.962962962962963,2.962962962962963,8.291432010310018e-06,4.860529580597017e-06,2.7073899042169915,2.679731561545317,-0.0017295878778896857,0.0002968103953778516
X+,6.300000000000001,3.3000000000000007,17.413116112998978,0.0,0.4780330198727966,3.6252101968187005e-05,0.000296771185384264,0.15728988182307482,0.00027802988557593176,-0.0007830610361675915,0.47989736315114373,1.941752971613974e-06,-2.465869315129963e-06,0.1702833329413624,1.350719751796158e-06,-3.604603123706337e-07,0.4638749773656468,-0.00011102737844286372,-0.0009693823677441319,0.2,0.0,0.0,0.0,0.0,2.962962962962963,2.962962962962963,8.291432010310018e-06,4.860529580597017e-06,2.7073899042169915,2.679731561545317,-0.0017295878778896857,0.0002968103953778516
X+,6.300000000000001,3.3000000000000007,17.438126662000286,0.0,0.4780330198727966,3.6252101968187005e-05,0.000296771185384264,0.15728988182307482,0.00027802988557593176,-0.0007830610361675915,0.47989736315114373,1.941752971613974e-06,-2.465869315129963e-06,0.1702833329413624,1.350719751796158e-06,-3.604603123706337e-07,0.4638749773656468,-0.00011102737844286372,-0.0009693823677441319,0.2,0.0,0.0,0.0,0.0,2.962962962962963,2.962962962962963,8.291432010310018e-06,4.860529580597017e-06,2.7073899042169915,2.679731561545317,-0.0017295878778896857,0.0002968103953778516
X+,6.300000000000001,3.3000000000000007,17.46448255300129,0.0,0.4780330198727966,3.6252101968187005e-05,0.000296771185384264,0.15728988182307482,0.00027802988557593176,-0.0007830610361675915,0.47989736315114373,1.941752971613974e-06,-2.465869315129963e-06,0.1702833329413624,1.350719751796158e-06,-3.604603123706337e-07,0.4638749773656468,-0.00011102737844286372,-0.0009693823677441319,0.2,0.0,0.0,0.0,0.0,2.962962962962963,2.962962962962963,8.291432010310018e-06,4.860529580597017e-06,2.7073899042169915,2.679731561545317,-0.0017295878778896857,0.0002968103953778516
X+,6.300000000000001,3.3000000000000007,17.492236850001063,0.0,0.4780330198727966,3.6252101968187005e-05,0.000296771185384264,0.15728988182307482,0.00027802988557593176,-0.0007830610361675915,0.47989736315114373,1.941752971613974e-06,-2.465869315129963e-06,0.1702833329413624,1.350719751796158e-06,-3.604603123706337e-07,0.4638749773656468,-0.00011102737844286372,-0.0009693823677441319,0.2,0.0,0.0,0.0,0.0,2.962962962962963,2.962962962962963,8.291432010310018e-06,4.860529580597017e-06,2.7073899042169915,2.679731561545317,-0.0017295878778896857,0.0002968103953778516
X+,6.300000000000001,3.3000000000000007,17.521206903998973,0.0,0.4780330198727966,3.6252101968187005e-05,0.000296771185384264,0.15728988182307482,0.00027802988557593176,-0.0007830610361675915,0.47989736315114373,1.941752971613974e-06,-2.465869315129963e-06,0.1702833329413624,1.350719751796158e-06,-3.604603123706337e-07,0.4638749773656468,-0.00011102737844286372,-0.0009693823677441319,0.2,0.0,0.0,0.0,0.0,2.962962962962963,2.962962962962963,8.291432010310018e-06,4.860529580597017e-06,2.7073899042169915,2.679731561545317,-0.0017295878778896857,0.0002968103953778516
X+,6.300000000000001,3.3000000000000007,17.551079305001622,0.0,0.4792912279620485,3.635073078442699e-05,0.00029667795713278174,0.15666731417651938,0.00027703344342806764,-0.0007735834525791897,0.47989736315114373,1.941752971613974e-06,-2.465869315129963e-06,0.1702833329413624,1.350719751796158e-06,-3.604603123706337e-07,0.4638749773656468,-0.00011102737844286372,-0.0009693823677441319,0.2,0.0,0.0,0.0,0.0,2.962962962962963,2.962962962962963,8.532147547590796e-06,5.3314695263040335e-06,2.714268361913481,2.68543119392475,-0.0013266197777122523,0.00029668894096871763
X+,6.300000000000001,3.3000000000000007,17.58376516700082,0.0,0.4822590657744162,3.654785897518661e-05,0.0002965320435525251,0.15510823170757335,0.00027479219286881846,-0.0007464292937157026,0.47989736315114373,1.941752971613974e-06,-2.465869315129963e-06,0.1702833329413624,1.350719751796158e-06,-3.604603123706337e-07,0.4638749773656468,-0.00011102737844286372,-0.0009693823677441319,0.2,0.0,0.0,0.0,0.0,2.962962962962963,2.962962962962963,8.987745200528252e-06,6.293200698337387e-06,2.72989455318429,2.6985655212744444,-0.0021691833715363484,0.00029659441808047645
X+,6.300000000000001,3.3000000000000007,17.610170497999206,0.0,0.4845806232018154,3.6670679601954505e-05,0.00029650457662348963,0.1537868051904285,0.0002731272643565297,-0.0007188908343918014,0.47989736315114373,1.941752971613974e-06,-2.465869315129963e-06,0.1702833329413624,1.350719751796158e-06,-3.604603123706337e-07,0.4638749773656468,-0.00011102737844286372,-0.0009693823677441319,0.2,0.0,0.0,0.0,0.0,2.962962962962963,2.962962962962963,9.201802854796881e-06,6.8175369234424466e-06,2.7387768282738083,2.7061246808258645,-0.0010907824647963318,0.00029650472513906555
X+,6.300000000000001,3.3000000000000007,17.639898047000315,0.0,0.48642329809148,3.6754984697099854e-05,0.0002965269958785084,0.15266374963833876,0.0002710943135777192,-0.000688859809477764,0.47989736315114373,1.941752971613974e-06,-2.465869315129963e-06,0.1702833329413624,1.350719751796158e-06,-3.604603123706337e-07,0.4638749773656468,-0.00011102737844286372,-0.0009693823677441319,0.2,0.0,0.0,0.0,0.0,2.962962962962963,2.962962962962963,9.60548459882915e-06,7.976835880718625e-06,2.7590847600193102,2.7236084862782675,0.0002929992990694598,0.00029651371811400786
X+,6.300000000000001,3.3000000000000007,17.673783882000862,0.0,0.48885866409282364,3.6843765572476886e-05,0.00029668856110733006,0.15106248083355697,0.0002684814406754478,-0.0006385058932733558,0.4974288578043816,2.059980255036144e-06,-2.4279747170318632e-06,0.1753149465289307,1.6145765813555123e-06,3.789459809810034e-07,0.49927438280482217,-0.00014459524982542008,-0.0011074759041131482,0.2,0.0,0.0,0.0,0.0,2.962962962962963,2.962962962962963,9.970467508502168e-06,9.306806902031894e-06,2.7834474175887025,2.7447447742768905,-0.002204896186797633,0.00029668856110733006
X+,6.4,3.4000000000000004,17.70251833200018,0.09999999999999964,0.4923126046280672,3.6970893649570895e-05,0.0002971432245585477,0.14852162388804943,0.00026292845589046037,-0.0005276683892233397,0.4974288578043816,2.059980255036144e-06,-2.4279747170318632e-06,0.1753149465289307,1.6145765813555123e-06,3.789459809810034e-07,0.49927438280482217,-0.00014459524982542008,-0.0011074759041131482,0.2,0.0,0.0,0.0,0.0,2.962962962962963,2.962962962962963,1.014197373994108e-05,1.0042409891219961e-05,2.7974482751993026,2.7568143178783844,0.0032596462358483796,0.0002970664639962823
X+,6.4,3.4000000000000004,17.73264187300083,0.0,0.4936478040245424,3.703508770596352e-05,0.0002974152387346037,0.14744026092370385,0.0002589142121965912,-0.0004615051976994488,0.4974288578043816,2.059980255036144e-06,-2.4279747170318632e-06,0.1753149465289307,1.6145765813555123e-06,3.789459809810034e-07,0.49927438280482217,-0.00014459524982542008,-0.0011074759041131482,0.2,0.0,0.0,0.0,0.0,2.962962962962963,2.962962962962963,1.0310062565466183e-05,1.0829177787385902e-05,2.8128686631579303,2.7701366795297386,-0.0016228193238888343,0.0002973494664921125
X+,6.4,3.4000000000000004,17.75955459800025,0.0,0.4936478040245424,3.703508770596352e-05,0.0002974152387346037,0.14744026092370385,0.0002589142121965912,-0.0004615051976994488,0.4974288578043816,2.059980255036144e-06,-2.4279747170318632e-06,0.1753149465289307,1.6145765813555123e-06,3.789459809810034e-07,0.49927438280482217,-0.00014459524982542008,-0.0011074759041131482,0.2,0.0,0.0,0.0,0.0,2.962962962962963,2.962962962962963,1.0310062565466183e-05,1.0829177787385902e-05,2.8128686631579303,2.7701366795297386,-0.0016228193238888343,0.0002973494664921125
X+,6.4,3.4000000000000004,17.79272101099923,0.0,0.4936478040245424,3.703508770596352e-05,0.0002974152387346037,0.14744026092370385,0.0002589142121965912,-0.0004615051976994488,0.4974288578043816,2.059980255036144e-06,-2.4279747170318632e-06,0.1753149465289307,1.6145765813555123e-06,3.789459809810034e-07,0.49927438280482217,-0.00014459524982542008,-0.0011074759041131482,0.2,0.0,0.0,0.0,0.0,2.962962962962963,2.962962962962963,1.0310062565466183e-05,1.0829177787385902e-05,2.8128686631579303,2.7701366795297386,-0.0016228193238888343,0.0002973494664921125
X+,6.4,3.4000000000000004,17.832892414000526,0.0,0.4936478040245424,3.703508770596352e-05,0.0002974152387346037,0.14744026092370385,0.0002589142121965912,-0.0004615051976994488,0.4974288578043816,2.059980255036144e-06,-2.4279747170318632e-06,0.1753149465289307,1.6145765813555123e-06,3.789459809810034e-07,0.49927438280482217,-0.00014459524982542008,-0.0011074759041131482,0.2,0.0,0.0,0.0,0.0,2.962962962962963,2.962962962962963,1.0310062565466183e-05,1.0829177787385902e-05,2.8128686631579303,2.7701366795297386,-0.0016228193238888343,0.0002973494664921125
X+,6.4,3.4000000000000004,17.861231994000264,0.0,0.4936478040245424,3.703508770596352e-05,0.0002974152387346037,0.14744026092370385,0.0002589142121965912,-0.0004615051976994488,0.4974288578043816,2.059980255036144e-06,-2.4279747170318632e-06,0.1753149465289307,1.6145765813555123e-06,3.789459809810034e-07,0.49927438280482217,-0.00014459524982542008,-0.0011074759041131482,0.2,0.0,0.0,0.0,0.0,2.962962962962963,2.962962962962963,1.0310062565466183e-05,1.0829177787385902e-05,2.8128686631579303,2.7701366795297386,-0.0016228193238888343,0.0002973494664921125
X+,6.4,3.4000000000000004,17.892760155998985,0.0,0.4936478040245424,3.703508770596352e-05,0.0002974152387346037,0.14744026092370385,0.0002589142121965912,-0.0004615051976994488,0.4974288578043816,2.059980255036144e-06,-2.4279747170318632e-06,0.1753149465289307,1.6145765813555123e-06,3.789459809810034e-07,0.49927438280482217,-0.00014459524982542008,-0.0011074759041131482,0.2,0.0,0.0,0.0,0.0,2.962962962962963,2.962962962962963,1.0310062565466183e-05,1.0829177787385902e-05,2.8128686631579303,2.7701366795297386,-0.0016228193238888343,0.0002973494664921125
X+,6.4,3.4000000000000004,17.926528886000597,0.0,0.4936478040245424,3.703508770596352e-05,0.0002974152387346037,0.14744026092370385,0.0002589142121965912,-0.0004615051976994488,0.4974288578043816,2.059980255036144e-06,-2.4279747170318632e-06,0.1753149465289307,1.6145765813555123e-06,3.789459809810034e-07,0.49927438280482217,-0.00014459524982542008,-0.0011074759041131482,0.2,0.0,0.0,0.0,0.0,2.962962962962963,2.962962962962963,1.0310062565466183e-05,1.0829177787385902e-05,2.8128686631579303,2.7701366795297386,-0.0016228193238888343,0.0002973494664921125
X+,6.4,3.4000000000000004,17.95067734300028,0.0,0.4936478040245424,3.703508770596352e-05,0.0002974152387346037,0.14744026092370385,0.0002589142121965912,-0.0004615051976994488,0.4974288578043816,2.059980255036144e-06,-2.4279747170318632e-06,0.1753149465289307,1.6145765813555123e-06,3.789459809810034e-07,0.49927438280482217,-0.00014459524982542008,-0.0011074759041131482,0.2,0.0,0.0,0.0,0.0,2.962962962962963,2.962962962962963,1.0310062565466183e-05,1.0829177787385902e-05,2.8128686631579303,2.7701366795297386,-0.0016228193238888343,0.0002973494664921125
X+,6.4,3.4000000000000004,17.974988719000976,0.0,0.4936478040245424,3.703508770596352e-05,0.0002974152387346037,0.14744026092370385,0.0002589142121965912,-0.0004615051976994488,0.4974288578043816,2.059980255036144e-06,-2.4279747170318632e-06,0.1753149465289307,1.6145765813555123e-06,3.789459809810034e-07,0.49927438280482217,-0.00014459524982542008,-0.0011074759041131482,0.2,0.0,0.0,0.0,0.0,2.962962962962963,2.962962962962963,1.0310062565466183e-05,1.0829177787385902e-05,2.8128686631579303,2.7701366795297386,-0.0016228193238888343,0.0002973494664921125
X+,6.4,3.4000000000000004,18.003107701999397,0.0,0.4936478040245424,3.703508770596352e-05,0.0002974152387346037,0.14744026092370385,0.0002589142121965912,-0.0004615051976994488,0.4974288578043816,2.059980255036144e-06,-2.4279747170318632e-06,0.1753149465289307,1.6145765813555123e-06,3.789459809810034e-07,0.49927438280482217,-0.00014459524982542008,-0.0011074759041131482,0.2,0.0,0.0,0.0,0.0,2.962962962962963,2.962962962962963,1.0310062565466183e-05,1.0829177787385902e-05,2.8128686631579303,2.7701366795297386,-0.0016228193238888343,0.0002973494664921125
X+,6.4,3.4000000000000004,18.03233141400051,0.0,0.4936478040245424,3.703508770596352e-05,0.0002974152387346037,0.14744026092370385,0.0002589142121965912,-0.0004615051976994488,0.4974288578043816,2.059980255036144e-06,-2.4279747170318632e-06,0.1753149465289307,1.6145765813555123e-06,3.789459809810034e-07,0.49927438280482217,-0.00014459524982542008,-0.0011074759041131482,0.2,0.0,0.0,0.0,0.0,2.962962962962963,2.962962962962963,1.0310062565466183e-05,1.0829177787385902e-05,2.8128686631579303,2.7701366795297386,-0.0016228193238888343,0.0002973494664921125
X+,6.4,3.4000000000000004,18.064127053999982,0.0,0.4936478040245424,3.703508770596352e-05,0.0002974152387346037,0.14744026092370385,0.0002589142121965912,-0.0004615051976994488,0.4974288578043816,2.059980255036144e-06,-2.4279747170318632e-06,0.1753149465289307,1.6145765813555123e-06,3.789459809810034e-07,0.49927438280482217,-0.00014459524982542008,-0.0011074759041131482,0.2,0.0,0.0,0.0,0.0,2.962962962962963,2.962962962962963,1.0310062565466183e-05,1.0829177787385902e-05,2.8128686631579303,2.7701366795297386,-0.0016228193238888343,0.0002973494664921125
X+,6.4,3.4000000000000004,18.095244394000474,0.0,0.4936478040245424,3.703508770596352e-05,0.0002974152387346037,0.14744026092370385,0.0002589142121965912,-0.0004615051976994488,0.4974288578043816,2.059980255036144e-06,-2.4279747170318632e-06,0.1753149465289307,1.6145765813555123e-06,3.789459809810034e-07,0.49927438280482217,-0.00014459524982542008,-0.0011074759041131482,0.2,0.0,0.0,0.0,0.0,2.962962962962963,2.962962962962963,1.0310062565466183e-05,1.0829177787385902e-05,2.8128686631579303,2.7701366795297386,-0.0016228193238888343,0.0002973494664921125
X+,6.4,3.4000000000000004,18.125500248999742,0.0,0.4936478040245424,3.703508770596352e-05,0.0002974152387346037,0.14744026092370385,0.0002589142121965912,-0.0004615051976994488,0.4974288578043816,2.059980255036144e-06,-2.4279747170318632e-06,0.1753149465289307,1.6145765813555123e-06,3.789459809810034e-07,0.49927438280482217,-0.00014459524982542008,-0.0011074759041131482,0.2,0.0,0.0,0.0,0.0,2.962962962962963,2.962962962962963,1.0310062565466183e-05,1.0829177787385902e-05,2.8128686631579303,2.7701366795297386,-0.0016228193238888343,0.0002973494664921125
X+,6.4,3.4000000000000004,18.15562295700147,0.0,0.4957049298596999,3.716370912936785e-05,0.00029797570168664755,0.14564540337533266,0.0002473834072366222,-0.0003401065091548158,0.4974288578043816,2.059980255036144e-06,-2.4279747170318632e-06,0.1753149465289307,1.6145765813555123e-06,3.789459809810034e-07,0.49927438280482217,-0.00014459524982542008,-0.0011074759041131482,0.2,0.0,0.0,0.0,0.0,2.962962962962963,2.962962962962963,1.0639281574853499e-05,1.2575312845264364e-05,2.8484804791125837,2.801385395738771,0.0020924439292115357,0.0002977459071953684
X+,6.4,3.4000000000000004,18.189722896000603,0.0,0.4988842610405158,3.7451283853699203e-05,0.0002987296455239852,0.14250557859874097,0.00020490028526471763,-1.7233720362040156e-05,0.4974288578043816,2.059980255036144e-06,-2.4279747170318632e-06,0.1753149465289307,1.6145765813555123e-06,3.789459809810034e-07,0.49927438280482217,-0.00014459524982542008,-0.0011074759041131482,0.2,0.0,0.0,0.0,0.0,2.962962962962963,2.962962962962963,1.1035487759158968e-05,1.4555810464500496e-05,2.8913966938111635,2.839838518846256,-0.0024641895578664504,0.00029847733733118036
X+,6.4,3.4000000000000004,18.21673546799866,0.0,0.5010105900255145,3.77249139729861e-05,0.00029933686164499947,0.14010698455058898,0.0001789987914038004,0.0002153321463043305,0.4974288578043816,2.059980255036144e-06,-2.4279747170318632e-06,0.1753149465289307,1.6145765813555123e-06,3.789459809810034e-07,0.49927438280482217,-0.00014459524982542008,-0.0011074759041131482,0.2,0.0,0.0,0.0,0.0,2.962962962962963,2.962962962962963,1.1430688594771254e-05,1.6942017078136473e-05,2.941982307890716,2.8859063354754366,0.0016106001227990136,0.00029923887774527177
X+,6.4,3.4000000000000004,18.243444634998013,0.0,0.5024076127627654,3.79099151484822e-05,0.00029976148125920437,0.1383801709616296,0.00018913957715537455,0.0002890475995188627,0.5159906831321549,2.2777450487686648e-06,-2.5900068582674175e-06,0.18561825327189896,2.6283243632963005e-06,-1.620321412355547e-06,0.49949354663218426,-0.00014899036822809135,-0.0010825914874352807,0.2,0.0,0.0,0.0,0.0,2.962962962962963,2.962962962962963,1.1515752759372333e-05,1.8119171550701196e-05,2.9699189623050644,2.911589658388854,0.0016067744992197628,0.0002996745468915573
X+,6.5,3.5,18.276256345998263,0.09999999999999964,0.5051476796683587,3.829470418560948e-05,0.00030066187321124666,0.13460608581265301,0.00021550374772294338,0.00046888771596179573,0.5159906831321549,2.2777450487686648e-06,-2.5900068582674175e-06,0.18561825327189896,2.6283243632963005e-06,-1.620321412355547e-06,0.49949354663218426,-0.00014899036822809135,-0.0010825914874352807,0.2,0.0,0.0,0.0,0.0,2.962962962962963,2.962962962962963,1.1589290735969371e-05,1.9427417895734322e-05,2.9988657217446812,2.938302767760525,0.0013878697242074914,0.00030053457345693063
X+,6.5,3.5,18.306460076000803,0.0,0.5067543504199111,3.859461662879173e-05,0.00030124395638264677,0.13214614635292282,0.00024027777306790033,0.0005870548218665858,0.5159906831321549,2.2777450487686648e-06,-2.5900068582674175e-06,0.18561825327189896,2.6283243632963005e-06,-1.620321412355547e-06,0.49949354663218426,-0.00014899036822809135,-0.0010825914874352807,0.2,0.0,0.0,0.0,0.0,2.962962962962963,2.962962962962963,1.1970382320924955e-05,2.2262054743649173e-05,3.055478259612627,2.9890726745714598,-0.0015226821408633761,0.00030116115235973056
X+,6.5,3.5,18.337780740999733,0.0,0.5075465096717381,3.875842636071915e-05,0.00030156831603821654,0.13086940308793915,0.00025286822780919626,0.0006547966237032227,0.5159906831321549,2.2777450487686648e-06,-2.5900068582674175e-06,0.18561825327189896,2.6283243632963005e-06,-1.620321412355547e-06,0.49949354663218426,-0.00014899036822809135,-0.0010825914874352807,0.2,0.0,0.0,0.0,0.0,2.962962962962963,2.962962962962963,1.1970382320924955e-05,2.2262054743649173e-05,3.055478259612627,2.9890726745714598,-0.0015226821408633761,0.00030116115235973056
X+,6.5,3.5,18.36463056499997,0.0,0.5075465096717381,3.875842636071915e-05,0.00030156831603821654,0.13086940308793915,0.00025286822780919626,0.0006547966237032227,0.5159906831321549,2.2777450487686648e-06,-2.5900068582674175e-06,0.18561825327189896,2.6283243632963005e-06,-1.620321412355547e-06,0.49949354663218426,-0.00014899036822809135,-0.0010825914874352807,0.2,0.0,0.0,0.0,0.0,2.962962962962963,2.962962962962963,1.1970382320924955e-05,2.2262054743649173e-05,3.055478259612627,2.9890726745714598,-0.0015226821408633761,0.00030116115235973056
X+,6.5,3.5,18.40120643299815,0.0,0.5075465096717381,3.875842636071915e-05,0.00030156831603821654,0.13086940308793915,0.00025286822780919626,0.0006547966237032227,0.5159906831321549,2.2777450487686648e-06,-2.5900068582674175e-06,0.18561825327189896,2.6283243632963005e-06,-1.620321412355547e-06,0.49949354663218426,-0.00014899036822809135,-0.0010825914874352807,0.2,0.0,0.0,0.0,0.0,2.962962962962963,2.962962962962963,1.1970382320924955e-05,2.2262054743649173e-05,3.055478259612627,2.9890726745714598,-0.0015226821408633761,0.00030116115235973056
X+,6.5,3.5,18.429847570001584,0.0,0.5075465096717381,3.875842636071915e-05,0.00030156831603821654,0.13086940308793915,0.00025286822780919626,0.0006547966237032227,0.5159906831321549,2.2777450487686648e-06,-2.5900068582674175e-06,0.18561825327189896,2.6283243632963005e-06,-1.620321412355547e-06,0.49949354663218426,-0.00014899036822809135,-0.0010825914874352807,0.2,0.0,0.0,0.0,0.0,2.962962962962963,2.962962962962963,1.1970382320924955e-05,2.2262054743649173e-05,3.055478259612627,2.9890726745714598,-0.0015226821408633761,0.00030116115235973056
X+,6.5,3.5,18.457953640998312,0.0,0.5075465096717381,3.875842636071915e-05,0.00030156831603821654,0.13086940308793915,0.00025286822780919626,0.0006547966237032227,0.5159906831321549,2.2777450487686648e-06,-2.5900068582674175e-06,0.18561825327189896,2.6283243632963005e-06,-1.620321412355547e-06,0.49949354663218426,-0.00014899036822809135,-0.0010825914874352807,0.2,0.0,0.0,0.0,0.0,2.962962962962963,2.962962962962963,1.1970382320924955e-05,2.2262054743649173e-05,3.055478259612627,2.9890726745714598,-0.0015226821408633761,0.00030116115235973056
X+,6.5,3.5,18.485790689999703,0.0,0.5075465096717381,3.875842636071915e-05,0.00030156831603821654,0.13086940308793915,0.00025286822780919626,0.0006547966237032227,0.5159906831321549,2.2777450487686648e-06,-2.5900068582674175e-06,0.18561825327189896,2.6283243632963005e-06,-1.620321412355547e-06,0.49949354663218426,-0.00014899036822809135,-0.0010825914874352807,0.2,0.0,0.0,0.0,0.0,2.962962962962963,2.962962962962963,1.1970382320924955e-05,2.2262054743649173e-05,3.055478259612627,2.9890726745714598,-0.0015226821408633761,0.00030116115235973056
X+,6.5,3.5,18.515635963998648,0.0,0.5075465096717381,3.875842636071915e-05,0.00030156831603821654,0.13086940308793915,0.00025286822780919626,0.0006547966237032227,0.5159906831321549,2.2777450487686648e-06,-2.5900068582674175e-06,0.18561825327189896,2.6283243632963005e-06,-1.620321412355547e-06,0.49949354663218426,-0.00014899036822809135,-0.0010825914874352807,0.2,0.0,0.0,0.0,0.0,2.962962962962963,2.962962962962963,1.1970382320924955e-05,2.2262054743649173e-05,3.055478259612627,2.9890726745714598,-0.0015226821408633761,0.00030116115235973056
X+,6.5,3.5,18.542361615000118,0.0,0.5075465096717381,3.875842636071915e-05,0.00030156831603821654,0.13086940308793915,0.00025286822780919626,0.0006547966237032227,0.5159906831321549,2.2777450487686648e-06,-2.5900068582674175e-06,0.18561825327189896,2.6283243632963005e-06,-1.620321412355547e-06,0.49949354663218426,-0.00014899036822809135,-0.0010825914874352807,0.2,0.0,0.0,0.0,0.0,2.962962962962963,2.962962962962963,1.1970382320924955e-05,2.2262054743649173e-05,3.055478259612627,2.9890726745714598,-0.0015226821408633761,0.00030116115235973056
X+,6.5,3.5,18.565377679999074,0.0,0.5075465096717381,3.875842636071915e-05,0.00030156831603821654,0.13086940308793915,0.00025286822780919626,0.0006547966237032227,0.5159906831321549,2.2777450487686648e-06,-2.5900068582674175e-06,0.18561825327189896,2.6283243632963005e-06,-1.620321412355547e-06,0.49949354663218426,-0.00014899036822809135,-0.0010825914874352807,0.2,0.0,0.0,0.0,0.0,2.962962962962963,2.962962962962963,1.1970382320924955e-05,2.2262054743649173e-05,3.055478259612627,2.9890726745714598,-0.0015226821408633761,0.00030116115235973056
X+,6.5,3.5,18.589332952000404,0.0,0.5075465096717381,3.875842636071915e-05,0.00030156831603821654,0.13086940308793915,0.00025286822780919626,0.0006547966237032227,0.5159906831321549,2.2777450487686648e-06,-2.5900068582674175e-06,0.18561825327189896,2.6283243632963005e-06,-1.620321412355547e-06,0.49949354663218426,-0.00014899036822809135,-0.0010825914874352807,0.2,0.0,0.0,0.0,0.0,2.962962962962963,2.962962962962963,1.1970382320924955e-05,2.2262054743649173e-05,3.055478259612627,2.9890726745714598,-0.0015226821408633761,0.00030116115235973056
X+,6.5,3.5,18.624673996000638,0.0,0.5075465096717381,3.875842636071915e-05,0.00030156831603821654,0.13086940308793915,0.00025286822780919626,0.0006547966237032227,0.5159906831321549,2.2777450487686648e-06,-2.5900068582674175e-06,0.18561825327189896,2.6283243632963005e-06,-1.620321412355547e-06,0.49949354663218426,-0.00014899036822809135,-0.0010825914874352807,0.2,0.0,0.0,0.0,0.0,2.962962962962963,2.962962962962963,1.1970382320924955e-05,2.2262054743649173e-05,3.055478259612627,2.9890726745714598,-0.0015226821408633761,0.00030116115235973056
X+,6.5,3.5,18.653932462999364,0.0,0.5075465096717381,3.875842636071915e-05,0.00030156831603821654,0.13086940308793915,0.00025286822780919626,0.0006547966237032227,0.5159906831321549,2.2777450487686648e-06,-2.5900068582674175e-06,0.18561825327189896,2.6283243632963005e-06,-1.620321412355547e-06,0.49949354663218426,-0.00014899036822809135,-0.0010825914874352807,0.2,0.0,0.0,0.0,0.0,2.962962962962963,2.962962962962963,1.1970382320924955e-05,2.2262054743649173e-05,3.055478259612627,2.9890726745714598,-0.0015226821408633761,0.00030116115235973056
X+,6.5,3.5,18.67927481800143,0.0,0.5075465096717381,3.875842636071915e-05,0.00030156831603821654,0.13086940308793915,0.00025286822780919626,0.0006547966237032227,0.5159906831321549,2.2777450487686648e-06,-2.5900068582674175e-06,0.18561825327189896,2.6283243632963005e-06,-1.620321412355547e-06,0.49949354663218426,-0.00014899036822809135,-0.0010825914874352807,0.2,0.0,0.0,0.0,0.0,2.962962962962963,2.962962962962963,1.1970382320924955e-05,2.2262054743649173e-05,3.055478259612627,2.9890726745714598,-0.0015226821408633761,0.00030116115235973056
X+,6.5,3.5,18.710529358999338,0.0,0.5085907443106247,3.8996332548634806e-05,0.0003021517341868484,0.1291298500010248,0.00025996042548904704,0.0007694792920983598,0.5159906831321549,2.2777450487686648e-06,-2.5900068582674175e-06,0.18561825327189896,2.6283243632963005e-06,-1.620321412355547e-06,0.49949354663218426,-0.00014899036822809135,-0.0010825914874352807,0.2,0.0,0.0,0.0,0.0,2.962962962962963,2.962962962962963,1.2077705831003982e-05,2.3587073537001402e-05,3.0796920507374423,3.0107061357277423,0.0012243371267540923,0.0003016484173676175
X+,6.5,3.5,18.749582879001537,0.0,0.5110145843391734,3.958552633765485e-05,0.00030325458616219114,0.1249267258240303,0.00029423892245232546,0.0009998259534981125,0.5159906831321549,2.2777450487686648e-06,-2.5900068582674175e-06,0.18561825327189896,2.6283243632963005e-06,-1.620321412355547e-06,0.49949354663218426,-0.00014899036822809135,-0.0010825914874352807,0.2,0.0,0.0,0.0,0.0,2.962962962962963,2.962962962962963,1.234267017569124e-05,2.6088627947729037e-05,3.108311059976376,3.031793526784343,0.004606172457920291,0.0003028603732845115
X+,6.5,3.5,18.778531261999888,0.0,0.5132379396034469,3.9705790730573155e-05,0.000303408878165275,0.12107980657738766,0.0002797821329470938,0.0011021650747108937,0.5159906831321549,2.2777450487686648e-06,-2.5900068582674175e-06,0.18561825327189896,2.6283243632963005e-06,-1.620321412355547e-06,0.49949354663218426,-0.00014899036822809135,-0.0010825914874352807,0.2,0.0,0.0,0.0,0.0,2.962962962962963,2.962962962962963,1.2731973525248463e-05,2.7514860994948265e-05,3.093893802120826,3.0065048421797522,-0.0019333955076329522,0.000303588492423342
X+,6.5,3.5,18.815048147000198,0.0,0.5152767067466646,3.950691957890079e-05,0.0003026529941573339,0.1178521952931254,0.00034882532196069815,0.0012097697876764144,0.5159906831321549,2.2777450487686648e-06,-2.5900068582674175e-06,0.18561825327189896,2.6283243632963005e-06,-1.620321412355547e-06,0.5185296119842197,-0.00016816565940470116,-0.0009592525057953162,0.2,0.0,0.0,0.0,0.0,2.962962962962963,2.962962962962963,1.2164998016039874e-05,2.5471661916576238e-05,3.0242261115527693,2.9273768511827236,0.0018625517690624071,0.00030270226837139506
X+,6.6000000000000005,3.6000000000000005,18.840483061998384,0.10000000000000053,0.5176102524313022,3.820280066343072e-05,0.00030177172046185364,0.11484650435737355,0.00025286135722434446,0.0011573183617678983,0.5349465385655852,2.583314476221788e-06,-2.991000067327268e-06,0.18955855432575197,3.546652230289531e-06,-4.009932090598498e-06,0.5185296119842197,-0.00016816565940470116,-0.0009592525057953162,0.2,0.0,0.0,0.0,0.0,2.962962962962963,2.962962962962963,8.115541499265078e-06,1.4631016500565863e-05,2.9112617406698957,2.8231137155413704,0.001207298306913157,0.00030177948935157246
X+,6.6000000000000005,3.6000000000000005,18.86601137999969,0.0,0.5195495927117094,3.8707887526454043e-05,0.0003050537366889937,0.1131687772685934,0.00033733235693134405,0.0006040519875414254,0.5349465385655852,2.583314476221788e-06,-2.991000067327268e-06,0.18955855432575197,3.546652230289531e-06,-4.009932090598498e-06,0.5185296119842197,-0.00016816565940470116,-0.0009592525057953162,0.2,0.0,0.0,0.0,0.0,2.962962962962963,2.962962962962963,3.5897836792031512e-06,-1.4003528693073974e-05,2.8118288927041895,2.7353033574984535,0.0031560962026325893,0.00030349053876315086
X+,6.6000000000000005,3.6000000000000005,18.89287025700105,0.0,0.5195495927117094,3.8707887526454043e-05,0.0003050537366889937,0.1131687772685934,0.00033733235693134405,0.0006040519875414254,0.5349465385655852,2.583314476221788e-06,-2.991000067327268e-06,0.18955855432575197,3.546652230289531e-06,-4.009932090598498e-06,0.5185296119842197,-0.00016816565940470116,-0.0009592525057953162,0.2,0.0,0.0,0.0,0.0,2.962962962962963,2.962962962962963,3.5897836792031512e-06,-1.4003528693073974e-05,2.8118288927041895,2.7353033574984535,0.0031560962026325893,0.00030349053876315086
X+,6.6000000000000005,3.6000000000000005,18.92441649600005,0.0,0.5195495927117094,3.8707887526454043e-05,0.0003050537366889937,0.1131687772685934,0.00033733235693134405,0.0006040519875414254,0.5349465385655852,2.583314476221788e-06,-2.991000067327268e-06,0.18955855432575197,3.546652230289531e-06,-4.009932090598498e-06,0.5185296119842197,-0.00016816565940470116,-0.0009592525057953162,0.2,0.0,0.0,0.0,0.0,2.962962962962963,2.962962962962963,3.5897836792031512e-06,-1.4003528693073974e-05,2.8118288927041895,2.7353033574984535,0.0031560962026325893,0.00030349053876315086
X+,6.6000000000000005,3.6000000000000005,18.955683816999226,0.0,0.5195495927117094,3.8707887526454043e-05,0.0003050537366889937,0.1131687772685934,0.00033733235693134405,0.0006040519875414254,0.5349465385655852,2.583314476221788e-06,-2.991000067327268e-06,0.18955855432575197,3.546652230289531e-06,-4.009932090598498e-06,0.5185296119842197,-0.00016816565940470116,-0.0009592525057953162,0.2,0.0,0.0,0.0,0.0,2.962962962962963,2.962962962962963,3.5897836792031512e-06,-1.4003528693073974e-05,2.8118288927041895,2.7353033574984535,0.0031560962026325893,0.00030349053876315086
X+,6.6000000000000005,3.6000000000000005,18.983181712999794,0.0,0.5195495927117094,3.8707887526454043e-05,0.0003050537366889937,0.1131687772685934,0.00033733235693134405,0.0006040519875414254,0.5349465385655852,2.583314476221788e-06,-2.991000067327268e-06,0.18955855432575197,3.546652230289531e-06,-4.009932090598498e-06,0.5185296119842197,-0.00016816565940470116,-0.0009592525057953162,0.2,0.0,0.0,0.0,0.0,2.962962962962963,2.962962962962963,3.5897836792031512e-06,-1.4003528693073974e-05,2.8118288927041895,2.7353033574984535,0.0031560962026325893,0.00030349053876315086
X+,6.6000000000000005,3.6000000000000005,19.010852520998014,0.0,0.5195495927117094,3.8707887526454043e-05,0.0003050537366889937,0.1131687772685934,0.00033733235693134405,0.0006040519875414254,0.5349465385655852,2.583314476221788e-06,-2.991000067327268e-06,0.18955855432575197,3.546652230289531e-06,-4.009932090598498e-06,0.5185296119842197,-0.00016816565940470116,-0.0009592525057953162,0.2,0.0,0.0,0.0,0.0,2.962962962962963,2.962962962962963,3.5897836792031512e-06,-1.4003528693073974e-05,2.8118288927041895,2.7353033574984535,0.0031560962026325893,0.00030349053876315086
X+,6.6000000000000005,3.6000000000000005,19.036979559998144,0.0,0.5195495927117094,3.8707887526454043e-05,0.0003050537366889937,0.1131687772685934,0.00033733235693134405,0.0006040519875414254,0.5349465385655852,2.583314476221788e-06,-2.991000067327268e-06,0.18955855432575197,3.546652230289531e-06,-4.009932090598498e-06,0.5185296119842197,-0.00016816565940470116,-0.0009592525057953162,0.2,0.0,0.0,0.0,0.0,2.962962962962963,2.962962962962963,3.5897836792031512e-06,-1.4003528693073974e-05,2.8118288927041895,2.7353033574984535,0.0031560962026325893,0.00030349053876315086
X+,6.6000000000000005,3.6000000000000005,19.0656730970004,0.0,0.5195495927117094,3.8707887526454043e-05,0.0003050537366889937,0.1131687772685934,0.00033733235693134405,0.0006040519875414254,0.5349465385655852,2.583314476221788e-06,-2.991000067327268e-06,0.18955855432575197,3.546652230289531e-06,-4.009932090598498e-06,0.5185296119842197,-0.00016816565940470116,-0.0009592525057953162,0.2,0.0,0.0,0.0,0.0,2.962962962962963,2.962962962962963,3.5897836792031512e-06,-1.4003528693073974e-05,2.8118288927041895,2.7353033574984535,0.0031560962026325893,0.00030349053876315086
X+,6.6000000000000005,3.6000000000000005,19.097356559999753,0.0,0.5195495927117094,3.8707887526454043e-05,0.0003050537366889937,0.1131687772685934,0.00033733235693134405,0.0006040519875414254,0.5349465385655852,2.583314476221788e-06,-2.991000067327268e-06,0.18955855432575197,3.546652230289531e-06,-4.009932090598498e-06,0.5185296119842197,-0.00016816565940470116,-0.0009592525057953162,0.2,0.0,0.0,0.0,0.0,2.962962962962963,2.962962962962963,3.5897836792031512e-06,-1.4003528693073974e-05,2.8118288927041895,2.7353033574984535,0.0031560962026325893,0.00030349053876315086
X+,6.6000000000000005,3.6000000000000005,19.123648663000495,0.0,0.5195495927117094,3.8707887526454043e-05,0.0003050537366889937,0.1131687772685934,0.00033733235693134405,0.0006040519875414254,0.5349465385655852,2.583314476221788e-06,-2.991000067327268e-06,0.18955855432575197,3.546652230289531e-06,-4.009932090598498e-06,0.5185296119842197,-0.00016816565940470116,-0.0009592525057953162,0.2,0.0,0.0,0.0,0.0,2.962962962962963,2.962962962962963,3.5897836792031512e-06,-1.4003528693073974e-05,2.8118288927041895,2.7353033574984535,0.0031560962026325893,0.00030349053876315086
X+,6.6000000000000005,3.6000000000000005,19.147868544998346,0.0,0.5195495927117094,3.8707887526454043e-05,0.0003050537366889937,0.1131687772685934,0.00033733235693134405,0.0006040519875414254,0.5349465385655852,2.583314476221788e-06,-2.991000067327268e-06,0.18955855432575197,3.546652230289531e-06,-4.009932090598498e-06,0.5185296119842197,-0.00016816565940470116,-0.0009592525057953162,0.2,0.0,0.0,0.0,0.0,2.962962962962963,2.962962962962963,3.5897836792031512e-06,-1.4003528693073974e-05,2.8118288927041895,2.7353033574984535,0.0031560962026325893,0.00030349053876315086
X+,6.6000000000000005,3.6000000000000005,19.175841393000155,0.0,0.5195495927117094,3.8707887526454043e-05,0.0003050537366889937,0.1131687772685934,0.00033733235693134405,0.0006040519875414254,0.5349465385655852,2.583314476221788e-06,-2.991000067327268e-06,0.18955855432575197,3.546652230289531e-06,-4.009932090598498e-06,0.5185296119842197,-0.00016816565940470116,-0.0009592525057953162,0.2,0.0,0.0,0.0,0.0,2.962962962962963,2.962962962962963,3.5897836792031512e-06,-1.4003528693073974e-05,2.8118288927041895,2.7353033574984535,0.0031560962026325893,0.00030349053876315086
X+,6.6000000000000005,3.6000000000000005,19.203432440001052,0.0,0.5195495927117094,3.8707887526454043e-05,0.0003050537366889937,0.1131687772685934,0.00033733235693134405,0.0006040519875414254,0.5349465385655852,2.583314476221788e-06,-2.991000067327268e-06,0.18955855432575197,3.546652230289531e-06,-4.009932090598498e-06,0.5185296119842197,-0.00016816565940470116,-0.0009592525057953162,0.2,0.0,0.0,0.0,0.0,2.962962962962963,2.962962962962963,3.5897836792031512e-06,-1.4003528693073974e-05,2.8118288927041895,2.7353033574984535,0.0031560962026325893,0.00030349053876315086
X+,6.6000000000000005,3.6000000000000005,19.232149207000475,0.0,0.5195495927117094,3.8707887526454043e-05,0.0003050537366889937,0.1131687772685934,0.00033733235693134405,0.0006040519875414254,0.5349465385655852,2.583314476221788e-06,-2.991000067327268e-06,0.18955855432575197,3.546652230289531e-06,-4.009932090598498e-06,0.5185296119842197,-0.00016816565940470116,-0.0009592525057953162,0.2,0.0,0.0,0.0,0.0,2.962962962962963,2.962962962962963,3.5897836792031512e-06,-1.4003528693073974e-05,2.8118288927041895,2.7353033574984535,0.0031560962026325893,0.00030349053876315086
X+,6.6000000000000005,3.6000000000000005,19.257358156999544,0.0,0.5195495927117094,3.8707887526454043e-05,0.0003050537366889937,0.1131687772685934,0.00033733235693134405,0.0006040519875414254,0.5349465385655852,2.583314476221788e-06,-2.991000067327268e-06,0.18955855432575197,3.546652230289531e-06,-4.009932090598498e-06,0.5185296119842197,-0.00016816565940470116,-0.0009592525057953162,0.2,0.0,0.0,0.0,0.0,2.962962962962963,2.962962962962963,3.5897836792031512e-06,-1.4003528693073974e-05,2.8118288927041895,2.7353033574984535,0.0031560962026325893,0.00030349053876315086
X+,6.6000000000000005,3.6000000000000005,19.28501976500047,0.0,0.5195495927117094,3.8707887526454043e-05,0.0003050537366889937,0.1131687772685934,0.00033733235693134405,0.0006040519875414254,0.5349465385655852,2.583314476221788e-06,-2.991000067327268e-06,0.18955855432575197,3.546652230289531e-06,-4.009932090598498e-06,0.5185296119842197,-0.00016816565940470116,-0.0009592525057953162,0.2,0.0,0.0,0.0,0.0,2.962962962962963,2.962962962962963,3.5897836792031512e-06,-1.4003528693073974e-05,2.8118288927041895,2.7353033574984535,0.0031560962026325893,0.00030349053876315086
X+,6.6000000000000005,3.6000000000000005,19.315110142000776,0.0,0.5197757985545924,3.8742248598760964e-05,0.0003052764821125963,0.11298910629968864,0.0001760684374475844,0.0002944671018538154,0.5349465385655852,2.583314476221788e-06,-2.991000067327268e-06,0.18955855432575197,3.546652230289531e-06,-4.009932090598498e-06,0.5185296119842197,-0.00016816565940470116,-0.0009592525057953162,0.2,0.0,0.0,0.0,0.0,2.962962962962963,2.962962962962963,3.5897836792031512e-06,-1.4003528693073974e-05,2.8118288927041895,2.7353033574984535,-0.000988436113170187,0.0003052764821125963
X+,6.6000000000000005,3.6000000000000005,19.342751961998147,0.0,0.5220328640845796,3.393188629336949e-05,0.00031865959235628897,0.11312308069736712,-0.00043746511951555755,0.0028265720013467923,0.5349465385655852,2.583314476221788e-06,-2.991000067327268e-06,0.18955855432575197,3.546652230289531e-06,-4.009932090598498e-06,0.5185296119842197,-0.00016816565940470116,-0.0009592525057953162,0.2,0.0,0.0,0.0,0.0,2.962962962962963,2.962962962962963,-5.114571143494118e-06,4.655076523363277e-06,2.577780488775001,2.465892203088195,-0.002416479414917104,0.00030653499446323915
X+,6.6000000000000005,3.6000000000000005,19.376396035000653,0.0,0.52375224234904,2.414535095782589e-05,0.00041216409377606316,0.11580357659046892,-2.5435716819739284e-05,0.00823554989951862,0.5349465385655852,2.583314476221788e-06,-2.991000067327268e-06,0.18955855432575197,3.546652230289531e-06,-4.009932090598498e-06,0.5185296119842197,-0.00016816565940470116,-0.0009592525057953162,0.2,0.0,0.0,0.0,0.0,2.962962962962963,2.962962962962963,1.014309244595779e-06,1.9554705956714713e-05,2.1775219464553577,2.0080434842305603,0.008743469346458664,0.0003967073365895525
X+,6.6000000000000005,3.6000000000000005,19.41048006100027,0.0,0.5263814057921326,2.9562679532015197e-05,0.0004570535037047888,0.12286478043412279,0.0002493352299419772,-0.0006461357650698199,0.5349465385655852,2.583314476221788e-06,-2.991000067327268e-06,0.18955855432575197,3.546652230289531e-06,-4.009932090598498e-06,0.5185296119842197,-0.00016816565940470116,-0.0009592525057953162,0.2,0.0,0.0,0.0,0.0,2.962962962962963,2.962962962962963,9.769975400253372e-06,2.7738795618681422e-05,1.8393725617104273,1.6866649624278918,-0.0003760837714911002,0.00045785371175574775
X+,6.6000000000000005,3.6000000000000005,19.442439185000694,0.0,0.5282735218896532,3.0188848816885272e-05,0.00044856359115958225,0.12880463929118494,0.00018008730617094596,-0.00018095649030995919,0.546176968078186,2.7559742845033687e-06,-3.2968810589900378e-06,0.11230429512034219,2.0625002370906165e-06,-3.0588099166277025e-06,0.5552346206572648,-0.00019509972169109099,-0.0005265813344386146,0.2,0.0,0.0,0.0,0.0,2.962962962962963,2.962962962962963,1.0719102788492307e-05,2.509448787346713e-05,1.655889978906689,1.564067473416632,-0.0012747584229278004,0.0004510968128821637
X+,6.7,3.7,19.471146985000814,0.09999999999999964,0.5310778236085344,3.162270291294598e-05,0.0004419555709452909,0.1378641315721592,0.00033367731051666934,-0.0003228278148504752,0.546176968078186,2.7559742845033687e-06,-3.2968810589900378e-06,0.11230429512034219,2.0625002370906165e-06,-3.0588099166277025e-06,0.5552346206572648,-0.00019509972169109099,-0.0005265813344386146,0.2,0.0,0.0,0.0,0.0,2.962962962962963,2.962962962962963,7.5096863207946285e-06,2.0163707656450924e-05,1.558891587706937,1.4769993406089967,0.0013478339793330648,0.0004428026413186636
X+,6.7,3.7,19.497649621000164,0.0,0.5314940789900355,3.1977949007012604e-05,0.0004410775961862396,0.13920855298572546,0.00034848795900301873,-0.00032965875766761526,0.546176968078186,2.7559742845033687e-06,-3.2968810589900378e-06,0.11230429512034219,2.0625002370906165e-06,-3.0588099166277025e-06,0.5552346206572648,-0.00019509972169109099,-0.0005265813344386146,0.2,0.0,0.0,0.0,0.0,2.962962962962963,2.962962962962963,7.5096863207946285e-06,2.0163707656450924e-05,1.558891587706937,1.4769993406089967,0.0013478339793330648,0.0004428026413186636
X+,6.7,3.7,19.527788104998763,0.0,0.5314940789900355,3.1977949007012604e-05,0.0004410775961862396,0.13920855298572546,0.00034848795900301873,-0.00032965875766761526,0.546176968078186,2.7559742845033687e-06,-3.2968810589900378e-06,0.11230429512034219,2.0625002370906165e-06,-3.0588099166277025e-06,0.5552346206572648,-0.00019509972169109099,-0.0005265813344386146,0.2,0.0,0.0,0.0,0.0,2.962962962962963,2.962962962962963,7.5096863207946285e-06,2.0163707656450924e-05,1.558891587706937,1.4769993406089967,0.0013478339793330648,0.0004428026413186636
X+,6.7,3.7,19.55783418500141,0.0,0.5314940789900355,3.1977949007012604e-05,0.0004410775961862396,0.13920855298572546,0.00034848795900301873,-0.00032965875766761526,0.546176968078186,2.7559742845033687e-06,-3.2968810589900378e-06,0.11230429512034219,2.0625002370906165e-06,-3.0588099166277025e-06,0.5552346206572648,-0.00019509972169109099,-0.0005265813344386146,0.2,0.0,0.0,0.0,0.0,2.962962962962963,2.962962962962963,7.5096863207946285e-06,2.0163707656450924e-05,1.558891587706937,1.4769993406089967,0.0013478339793330648,0.0004428026413186636
X+,6.7,3.7,19.59064140299961,0.0,0.5314940789900355,3.1977949007012604e-05,0.0004410775961862396,0.13920855298572546,0.00034848795900301873,-0.00032965875766761526,0.546176968078186,2.7559742845033687e-06,-3.2968810589900378e-06,0.11230429512034219,2.0625002370906165e-06,-3.0588099166277025e-06,0.5552346206572648,-0.00019509972169109099,-0.0005265813344386146,0.2,0.0,0.0,0.0,0.0,2.962962962962963,2.962962962962963,7.5096863207946285e-06,2.0163707656450924e-05,1.558891587706937,1.4769993406089967,0.0013478339793330648,0.0004428026413186636
X+,6.7,3.7,19.626133622001362,0.0,0.5314940789900355,3.1977949007012604e-05,0.0004410775961862396,0.13920855298572546,0.00034848795900301873,-0.00032965875766761526,0.546176968078186,2.7559742845033687e-06,-3.2968810589900378e-06,0.11230429512034219,2.0625002370906165e-06,-3.0588099166277025e-06,0.5552346206572648,-0.00019509972169109099,-0.0005265813344386146,0.2,0.0,0.0,0.0,0.0,2.962962962962963,2.962962962962963,7.5096863207946285e-06,2.0163707656450924e-05,1.558891587706937,1.4769993406089967,0.0013478339793330648,0.0004428026413186636
X+,6.7,3.7,19.65529063500071,0.0,0.5314940789900355,3.1977949007012604e-05,0.0004410775961862396,0.13920855298572546,0.00034848795900301873,-0.00032965875766761526,0.546176968078186,2.7559742845033687e-06,-3.2968810589900378e-06,0.11230429512034219,2.0625002370906165e-06,-3.0588099166277025e-06,0.5552346206572648,-0.00019509972169109099,-0.0005265813344386146,0.2,0.0,0.0,0.0,0.0,2.962962962962963,2.962962962962963,7.5096863207946285e-06,2.0163707656450924e-05,1.558891587706937,1.4769993406089967,0.0013478339793330648,0.0004428026413186636
X+,6.7,3.7,19.686376480000035,0.0,0.5314940789900355,3.1977949007012604e-05,0.0004410775961862396,0.13920855298572546,0.00034848795900301873,-0.00032965875766761526,0.546176968078186,2.7559742845033687e-06,-3.2968810589900378e-06,0.11230429512034219,2.0625002370906165e-06,-3.0588099166277025e-06,0.5552346206572648,-0.00019509972169109099,-0.0005265813344386146,0.2,0.0,0.0,0.0,0.0,2.962962962962963,2.962962962962963,7.5096863207946285e-06,2.0163707656450924e-05,1.558891587706937,1.4769993406089967,0.0013478339793330648,0.0004428026413186636
X+,6.7,3.7,19.72164836400043,0.0,0.5314940789900355,3.1977949007012604e-05,0.0004410775961862396,0.13920855298572546,0.00034848795900301873,-0.00032965875766761526,0.546176968078186,2.7559742845033687e-06,-3.2968810589900378e-06,0.11230429512034219,2.0625002370906165e-06,-3.0588099166277025e-06,0.5552346206572648,-0.00019509972169109099,-0.0005265813344386146,0.2,0.0,0.0,0.0,0.0,2.962962962962963,2.962962962962963,7.5096863207946285e-06,2.0163707656450924e-05,1.558891587706937,1.4769993406089967,0.0013478339793330648,0.0004428026413186636
X+,6.7,3.7,19.75007421099872,0.0,0.5314940789900355,3.1977949007012604e-05,0.0004410775961862396,0.13920855298572546,0.00034848795900301873,-0.00032965875766761526,0.546176968078186,2.7559742845033687e-06,-3.2968810589900378e-06,0.11230429512034219,2.0625002370906165e-06,-3.0588099166277025e-06,0.5552346206572648,-0.00019509972169109099,-0.0005265813344386146,0.2,0.0,0.0,0.0,0.0,2.962962962962963,2.962962962962963,7.5096863207946285e-06,2.0163707656450924e-05,1.558891587706937,1.4769993406089967,0.0013478339793330648,0.0004428026413186636
X+,6.7,3.7,19.77490952899825,0.0,0.5314940789900355,3.1977949007012604e-05,0.0004410775961862396,0.13920855298572546,0.00034848795900301873,-0.00032965875766761526,0.546176968078186,2.7559742845033687e-06,-3.2968810589900378e-06,0.11230429512034219,2.0625002370906165e-06,-3.0588099166277025e-06,0.5552346206572648,-0.00019509972169109099,-0.0005265813344386146,0.2,0.0,0.0,0.0,0.0,2.962962962962963,2.962962962962963,7.5096863207946285e-06,2.0163707656450924e-05,1.558891587706937,1.4769993406089967,0.0013478339793330648,0.0004428026413186636
X+,6.7,3.7,19.801029500998993,0.0,0.5314940789900355,3.1977949007012604e-05,0.0004410775961862396,0.13920855298572546,0.00034848795900301873,-0.00032965875766761526,0.546176968078186,2.7559742845033687e-06,-3.2968810589900378e-06,0.11230429512034219,2.0625002370906165e-06,-3.0588099166277025e-06,0.5552346206572648,-0.00019509972169109099,-0.0005265813344386146,0.2,0.0,0.0,0.0,0.0,2.962962962962963,2.962962962962963,7.5096863207946285e-06,2.0163707656450924e-05,1.558891587706937,1.4769993406089967,0.0013478339793330648,0.0004428026413186636
X+,6.7,3.7,19.828735478000453,0.0,0.5314940789900355,3.1977949007012604e-05,0.0004410775961862396,0.13920855298572546,0.00034848795900301873,-0.00032965875766761526,0.546176968078186,2.7559742845033687e-06,-3.2968810589900378e-06,0.11230429512034219,2.0625002370906165e-06,-3.0588099166277025e-06,0.5552346206572648,-0.00019509972169109099,-0.0005265813344386146,0.2,0.0,0.0,0.0,0.0,2.962962962962963,2.962962962962963,7.5096863207946285e-06,2.0163707656450924e-05,1.558891587706937,1.4769993406089967,0.0013478339793330648,0.0004428026413186636
X+,6.7,3.7,19.857636221000575,0.0,0.5327665503177959,3.2957346486089945e-05,0.0004389490905215572,0.1432184475283572,0.00035833393473219585,-0.00035825696883432797,0.546176968078186,2.7559742845033687e-06,-3.2968810589900378e-06,0.11230429512034219,2.0625002370906165e-06,-3.0588099166277025e-06,0.5552346206572648,-0.00019509972169109099,-0.0005265813344386146,0.2,0.0,0.0,0.0,0.0,2.962962962962963,2.962962962962963,6.033007954542313e-06,1.8199428564180664e-05,1.5189940573325267,1.5297901613476417,0.0034749496192167345,0.00044004000575254953
X+,6.7,3.7,19.882152037000196,0.0,0.5351152802533699,3.4266491591211125e-05,0.00043610464314532723,0.1501015757884885,0.0003612228081871202,-0.0005181567458856138,0.546176968078186,2.7559742845033687e-06,-3.2968810589900378e-06,0.11230429512034219,2.0625002370906165e-06,-3.0588099166277025e-06,0.5552346206572648,-0.00019509972169109099,-0.0005265813344386146,0.2,0.0,0.0,0.0,0.0,2.962962962962963,2.962962962962963,8.086822971264951e-06,1.3768009867298758e-05,1.534917157123327,1.6523895014303458,-0.00010104341260375199,0.00043799028689967635
X+,6.7,3.7,19.917510876999586,0.0,0.5369456268863523,3.511842046895891e-05,0.00043442023815000886,0.15478137097913913,0.0003538206962940207,-0.0005967149894408325,0.546176968078186,2.7559742845033687e-06,-3.2968810589900378e-06,0.11230429512034219,2.0625002370906165e-06,-3.0588099166277025e-06,0.5552346206572648,-0.00019509972169109099,-0.0005265813344386146,0.2,0.0,0.0,0.0,0.0,2.962962962962963,2.962962962962963,7.2432021278601155e-06,1.1680902981758834e-05,1.6017511616052174,1.7156134684668005,-0.0010736413189939486,0.0004346860533715197
X+,6.7,3.7,19.947622329000296,0.0,0.5399509712426075,3.6546582827548524e-05,0.00043239906213760076,0.16131161379915845,0.00034915201876256266,-0.0006321880259363687,0.546176968078186,2.7559742845033687e-06,-3.2968810589900378e-06,0.11230429512034219,2.0625002370906165e-06,-3.0588099166277025e-06,0.5552346206572648,-0.00019509972169109099,-0.0005265813344386146,0.2,0.0,0.0,0.0,0.0,2.962962962962963,2.962962962962963,5.886471512006608e-06,8.18215943709788e-06,1.7403696159475113,1.8437718198568007,-0.0013899713874277655,0.00043252514047439845
X+,6.7,3.7,19.981194975000108,0.0,0.5427370724518141,3.780920151980494e-05,0.00043061442919712614,0.16643051100473985,6.062467238116815e-05,-7.538081042266118e-05,0.5575924585511342,2.799016957829264e-06,-3.3482733816534547e-06,0.11415490472744128,8.067818764493719e-07,-5.139232266341702e-07,0.5450986621614964,-0.00018813825193853744,-0.000720956744320933,0.2,0.0,0.0,0.0,0.0,2.962962962962963,2.962962962962963,5.739489133738118e-06,6.760459211996306e-06,1.808384423144484,1.9058506009102736,-0.0022164298677263884,0.0004314479356997477
X+,6.800000000000001,3.8000000000000007,20.00959709699964,0.10000000000000053,0.5452600847690792,3.871562826948411e-05,0.000429469764187496,0.169978446049919,0.0003370593878650277,-0.0006499635811859021,0.5575924585511342,2.799016957829264e-06,-3.3482733816534547e-06,0.11415490472744128,8.067818764493719e-07,-5.139232266341702e-07,0.5450986621614964,-0.00018813825193853744,-0.000720956744320933,0.2,0.0,0.0,0.0,0.0,2.962962962962963,2.962962962962963,5.449464267393012e-06,6.090191059016092e-06,1.9359020466483379,2.021674975862755,-0.004303889489023785,0.0004295196383541609
X+,6.800000000000001,3.8000000000000007,20.037447572998644,0.0,0.5478346424003366,3.982789653629668e-05,0.00042776337027811243,0.17313923083797553,0.000335546413348989,-0.0006840053139159467,0.5575924585511342,2.799016957829264e-06,-3.3482733816534547e-06,0.11415490472744128,8.067818764493719e-07,-5.139232266341702e-07,0.5450986621614964,-0.00018813825193853744,-0.000720956744320933,0.2,0.0,0.0,0.0,0.0,2.962962962962963,2.962962962962963,5.292323682404287e-06,5.646120797564436e-06,1.99441897724349,2.0750552705546084,0.0034087403992418453,0.00042883191688188456
X+,6.800000000000001,3.8000000000000007,20.074279649001255,0.0,0.5485288683439743,4.008594915158245e-05,0.00042737785123538643,0.1738953228554413,0.0003214838918116327,-0.0006574878459689065,0.5575924585511342,2.799016957829264e-06,-3.3482733816534547e-06,0.11415490472744128,8.067818764493719e-07,-5.139232266341702e-07,0.5450986621614964,-0.00018813825193853744,-0.000720956744320933,0.2,0.0,0.0,0.0,0.0,2.962962962962963,2.962962962962963,4.938050439662334e-06,-5.647291975385826e-06,2.048979025628723,2.124376426808744,-0.0011209577729512936,0.00042737785123538643
X+,6.800000000000001,3.8000000000000007,20.103438810001535,0.0,0.5485288683439743,4.008594915158245e-05,0.00042737785123538643,0.1738953228554413,0.0003214838918116327,-0.0006574878459689065,0.5575924585511342,2.799016957829264e-06,-3.3482733816534547e-06,0.11415490472744128,8.067818764493719e-07,-5.139232266341702e-07,0.5450986621614964,-0.00018813825193853744,-0.000720956744320933,0.2,0.0,0.0,0.0,0.0,2.962962962962963,2.962962962962963,4.938050439662334e-06,-5.647291975385826e-06,2.048979025628723,2.124376426808744,-0.0011209577729512936,0.00042737785123538643
X+,6.800000000000001,3.8000000000000007,20.136774916998547,0.0,0.5485288683439743,4.008594915158245e-05,0.00042737785123538643,0.1738953228554413,0.0003214838918116327,-0.0006574878459689065,0.5575924585511342,2.799016957829264e-06,-3.3482733816534547e-06,0.11415490472744128,8.067818764493719e-07,-5.139232266341702e-07,0.5450986621614964,-0.00018813825193853744,-0.000720956744320933,0.2,0.0,0.0,0.0,0.0,2.962962962962963,2.962962962962963,4.938050439662334e-06,-5.647291975385826e-06,2.048979025628723,2.124376426808744,-0.0011209577729512936,0.00042737785123538643
X+,6.800000000000001,3.8000000000000007,20.171120173999952,0.0,0.5485288683439743,4.008594915158245e-05,0.00042737785123538643,0.1738953228554413,0.0003214838918116327,-0.0006574878459689065,0.5575924585511342,2.799016957829264e-06,-3.3482733816534547e-06,0.11415490472744128,8.067818764493719e-07,-5.139232266341702e-07,0.5450986621614964,-0.00018813825193853744,-0.000720956744320933,0.2,0.0,0.0,0.0,0.0,2.962962962962963,2.962962962962963,4.938050439662334e-06,-5.647291975385826e-06,2.048979025628723,2.124376426808744,-0.0011209577729512936,0.00042737785123538643
X+,6.800000000000001,3.8000000000000007,20.20470144099818,0.0,0.5485288683439743,4.008594915158245e-05,0.00042737785123538643,0.1738953228554413,0.0003214838918116327,-0.0006574878459689065,0.5575924585511342,2.799016957829264e-06,-3.3482733816534547e-06,0.11415490472744128,8.067818764493719e-07,-5.139232266341702e-07,0.5450986621614964,-0.00018813825193853744,-0.000720956744320933,0.2,0.0,0.0,0.0,0.0,2.962962962962963,2.962962962962963,4.938050439662334e-06,-5.647291975385826e-06,2.048979025628723,2.124376426808744,-0.0011209577729512936,0.00042737785123538643
X+,6.800000000000001,3.8000000000000007,20.23103569399973,0.0,0.5485288683439743,4.008594915158245e-05,0.00042737785123538643,0.1738953228554413,0.0003214838918116327,-0.0006574878459689065,0.5575924585511342,2.799016957829264e-06,-3.3482733816534547e-06,0.11415490472744128,8.067818764493719e-07,-5.139232266341702e-07,0.5450986621614964,-0.00018813825193853744,-0.000720956744320933,0.2,0.0,0.0,0.0,0.0,2.962962962962963,2.962962962962963,4.938050439662334e-06,-5.647291975385826e-06,2.048979025628723,2.124376426808744,-0.0011209577729512936,0.00042737785123538643
X+,6.800000000000001,3.8000000000000007,20.2566573160002,0.0,0.5485288683439743,4.008594915158245e-05,0.00042737785123538643,0.1738953228554413,0.0003214838918116327,-0.0006574878459689065,0.5575924585511342,2.799016957829264e-06,-3.3482733816534547e-06,0.11415490472744128,8.067818764493719e-07,-5.139232266341702e-07,0.5450986621614964,-0.00018813825193853744,-0.000720956744320933,0.2,0.0,0.0,0.0,0.0,2.962962962962963,2.962962962962963,4.938050439662334e-06,-5.647291975385826e-06,2.048979025628723,2.124376426808744,-0.0011209577729512936,0.00042737785123538643
X+,6.800000000000001,3.8000000000000007,20.29049985399979,0.0,0.5485288683439743,4.008594915158245e-05,0.00042737785123538643,0.1738953228554413,0.0003214838918116327,-0.0006574878459689065,0.5575924585511342,2.799016957829264e-06,-3.3482733816534547e-06,0.11415490472744128,8.067818764493719e-07,-5.139232266341702e-07,0.5450986621614964,-0.00018813825193853744,-0.000720956744320933,0.2,0.0,0.0,0.0,0.0,2.962962962962963,2.962962962962963,4.938050439662334e-06,-5.647291975385826e-06,2.048979025628723,2.124376426808744,-0.0011209577729512936,0.00042737785123538643
X+,6.800000000000001,3.8000000000000007,20.31883732999995,0.0,0.5485288683439743,4.008594915158245e-05,0.00042737785123538643,0.1738953228554413,0.0003214838918116327,-0.0006574878459689065,0.5575924585511342,2.799016957829264e-06,-3.3482733816534547e-06,0.11415490472744128,8.067818764493719e-07,-5.139232266341702e-07,0.5450986621614964,-0.00018813825193853744,-0.000720956744320933,0.2,0.0,0.0,0.0,0.0,2.962962962962963,2.962962962962963,4.938050439662334e-06,-5.647291975385826e-06,2.048979025628723,2.124376426808744,-0.0011209577729512936,0.00042737785123538643
X+,6.800000000000001,3.8000000000000007,20.346973669998988,0.0,0.5485288683439743,4.008594915158245e-05,0.00042737785123538643,0.1738953228554413,0.0003214838918116327,-0.0006574878459689065,0.5575924585511342,2.799016957829264e-06,-3.3482733816534547e-06,0.11415490472744128,8.067818764493719e-07,-5.139232266341702e-07,0.5450986621614964,-0.00018813825193853744,-0.000720956744320933,0.2,0.0,0.0,0.0,0.0,2.962962962962963,2.962962962962963,4.938050439662334e-06,-5.647291975385826e-06,2.048979025628723,2.124376426808744,-0.0011209577729512936,0.00042737785123538643
X+,6.800000000000001,3.8000000000000007,20.377063071999146,0.0,0.5485288683439743,4.008594915158245e-05,0.00042737785123538643,0.1738953228554413,0.0003214838918116327,-0.0006574878459689065,0.5575924585511342,2.799016957829264e-06,-3.3482733816534547e-06,0.11415490472744128,8.067818764493719e-07,-5.139232266341702e-07,0.5450986621614964,-0.00018813825193853744,-0.000720956744320933,0.2,0.0,0.0,0.0,0.0,2.962962962962963,2.962962962962963,4.938050439662334e-06,-5.647291975385826e-06,2.048979025628723,2.124376426808744,-0.0011209577729512936,0.00042737785123538643
X+,6.800000000000001,3.8000000000000007,20.425090412998543,0.0,0.5485288683439743,4.008594915158245e-05,0.00042737785123538643,0.1738953228554413,0.0003214838918116327,-0.0006574878459689065,0.5575924585511342,2.799016957829264e-06,-3.3482733816534547e-06,0.11415490472744128,8.067818764493719e-07,-5.139232266341702e-07,0.5450986621614964,-0.00018813825193853744,-0.000720956744320933,0.2,0.0,0.0,0.0,0.0,2.962962962962963,2.962962962962963,4.938050439662334e-06,-5.647291975385826e-06,2.048979025628723,2.124376426808744,-0.0011209577729512936,0.00042737785123538643
X+,6.800000000000001,3.8000000000000007,20.458263515,0.0,0.5485288683439743,4.008594915158245e-05,0.00042737785123538643,0.1738953228554413,0.0003214838918116327,-0.0006574878459689065,0.5575924585511342,2.799016957829264e-06,-3.3482733816534547e-06,0.11415490472744128,8.067818764493719e-07,-5.139232266341702e-07,0.5450986621614964,-0.00018813825193853744,-0.000720956744320933,0.2,0.0,0.0,0.0,0.0,2.962962962962963,2.962962962962963,4.938050439662334e-06,-5.647291975385826e-06,2.048979025628723,2.124376426808744,-0.0011209577729512936,0.00042737785123538643
X+,6.800000000000001,3.8000000000000007,20.487486681999144,0.0,0.5485288683439743,4.008594915158245e-05,0.00042737785123538643,0.1738953228554413,0.0003214838918116327,-0.0006574878459689065,0.5575924585511342,2.799016957829264e-06,-3.3482733816534547e-06,0.11415490472744128,8.067818764493719e-07,-5.139232266341702e-07,0.5450986621614964,-0.00018813825193853744,-0.000720956744320933,0.2,0.0,0.0,0.0,0.0,2.962962962962963,2.962962962962963,4.938050439662334e-06,-5.647291975385826e-06,2.048979025628723,2.124376426808744,-0.0011209577729512936,0.00042737785123538643
X+,6.800000000000001,3.8000000000000007,20.51866366000104,0.0,0.5508048137951594,4.091332551705608e-05,0.000426148059922482,0.1761204974402272,0.0003036429544586246,-0.0006403499175153841,0.5575924585511342,2.799016957829264e-06,-3.3482733816534547e-06,0.11415490472744128,8.067818764493719e-07,-5.139232266341702e-07,0.5450986621614964,-0.00018813825193853744,-0.000720956744320933,0.2,0.0,0.0,0.0,0.0,2.962962962962963,2.962962962962963,4.458718873223688e-06,-5.153150133274664e-06,2.09968278501322,2.170361878429123,-0.0007699710169365843,0.00042630779261515917
X+,6.800000000000001,3.8000000000000007,20.54252660400016,0.0,0.5536423120274755,4.162455483247649e-05,0.00042537852331048627,0.17841180383551505,0.00035682516238389557,-0.0008181372316981109,0.5575924585511342,2.799016957829264e-06,-3.3482733816534547e-06,0.11415490472744128,8.067818764493719e-07,-5.139232266341702e-07,0.5450986621614964,-0.00018813825193853744,-0.000720956744320933,0.2,0.0,0.0,0.0,0.0,2.962962962962963,2.962962962962963,-7.0541038370564024e-06,-5.4974992780287835e-06,2.1898868463734007,2.2527490345232444,4.5624414063338056e-05,0.00042615367053335044
X+,6.800000000000001,3.8000000000000007,20.57074418100092,0.0,0.556152584155829,4.2788513983988384e-05,0.00042328172108235053,0.18005654780438568,0.0002879595435935785,-0.0006568275348153707,0.5575924585511342,2.799016957829264e-06,-3.3482733816534547e-06,0.11415490472744128,8.067818764493719e-07,-5.139232266341702e-07,0.5450986621614964,-0.00018813825193853744,-0.000720956744320933,0.2,0.0,0.0,0.0,0.0,2.962962962962963,2.962962962962963,-4.415018512560209e-06,-5.492518379668354e-06,2.2296584181430963,2.2886367071972344,-0.0031607966845222037,0.00042348430716718455
X+,6.800000000000001,3.8000000000000007,20.599813830998755,0.0,0.5588652541273766,4.3463718953299334e-05,0.00042305465614478176,0.18148931596665024,0.00028098218885556973,-0.0007865772877919629,0.5575924585511342,2.799016957829264e-06,-3.3482733816534547e-06,0.11415490472744128,8.067818764493719e-07,-5.139232266341702e-07,0.5696693412800262,-0.00020823417475227674,-0.000963370408796571,0.2,0.0,0.0,0.0,0.0,2.962962962962963,2.962962962962963,4.05609215192726e-06,-5.693055358690913e-06,2.2663214915684824,2.321677549622138,0.00041407353875925904,0.0004229323141040053
X+,6.9,3.9000000000000004,20.637158867000835,0.09999999999999964,0.5625113606950898,4.462156134285144e-05,0.00042142107379563605,0.18293662368263058,0.00030771653246395854,-0.0009009265236638314,0.5722052354970222,2.7372696652013224e-06,-3.1103888031492875e-06,0.1481846253241924,-7.282031802265379e-07,4.7586617643199483e-07,0.5696693412800262,-0.00020823417475227674,-0.000963370408796571,0.2,0.0,0.0,0.0,0.0,2.962962962962963,2.962962962962963,-3.9910221270034185e-06,-5.872049204214136e-06,2.331003633837706,2.3802794890756247,-0.0027903984216844533,0.0004222917037472281
X+,6.9,3.9000000000000004,20.664917057998537,0.0,0.5652624789217074,4.55650881104417e-05,0.0004199436949660139,0.18372671777935318,0.00031043897448652897,-0.0009215815170082885,0.5722052354970222,2.7372696652013224e-06,-3.1103888031492875e-06,0.1481846253241924,-7.282031802265379e-07,4.7586617643199483e-07,0.5696693412800262,-0.00020823417475227674,-0.000963370408796571,0.2,0.0,0.0,0.0,0.0,2.962962962962963,2.962962962962963,-4.2394599599759886e-06,-5.747197265648651e-06,2.3846365686812376,2.428305650126844,0.0025733629884374417,0.0004212570842433515
X+,6.9,3.9000000000000004,20.690489353000885,0.0,0.5652624789217074,4.55650881104417e-05,0.0004199436949660139,0.18372671777935318,0.00031043897448652897,-0.0009215815170082885,0.5722052354970222,2.7372696652013224e-06,-3.1103888031492875e-06,0.1481846253241924,-7.282031802265379e-07,4.7586617643199483e-07,0.5696693412800262,-0.00020823417475227674,-0.000963370408796571,0.2,0.0,0.0,0.0,0.0,2.962962962962963,2.962962962962963,-4.2394599599759886e-06,-5.747197265648651e-06,2.3846365686812376,2.428305650126844,0.0025733629884374417,0.0004212570842433515
X+,6.9,3.9000000000000004,20.72138492999875,0.0,0.5652624789217074,4.55650881104417e-05,0.0004199436949660139,0.18372671777935318,0.00031043897448652897,-0.0009215815170082885,0.5722052354970222,2.7372696652013224e-06,-3.1103888031492875e-06,0.1481846253241924,-7.282031802265379e-07,4.7586617643199483e-07,0.5696693412800262,-0.00020823417475227674,-0.000963370408796571,0.2,0.0,0.0,0.0,0.0,2.962962962962963,2.962962962962963,-4.2394599599759886e-06,-5.747197265648651e-06,2.3846365686812376,2.428305650126844,0.0025733629884374417,0.0004212570842433515
X+,6.9,3.9000000000000004,20.74676634700154,0.0,0.5652624789217074,4.55650881104417e-05,0.0004199436949660139,0.18372671777935318,0.00031043897448652897,-0.0009215815170082885,0.5722052354970222,2.7372696652013224e-06,-3.1103888031492875e-06,0.1481846253241924,-7.282031802265379e-07,4.7586617643199483e-07,0.5696693412800262,-0.00020823417475227674,-0.000963370408796571,0.2,0.0,0.0,0.0,0.0,2.962962962962963,2.962962962962963,-4.2394599599759886e-06,-5.747197265648651e-06,2.3846365686812376,2.428305650126844,0.0025733629884374417,0.0004212570842433515
X+,6.9,3.9000000000000004,20.770805136999115,0.0,0.5652624789217074,4.55650881104417e-05,0.0004199436949660139,0.18372671777935318,0.00031043897448652897,-0.0009215815170082885,0.5722052354970222,2.7372696652013224e-06,-3.1103888031492875e-06,0.1481846253241924,-7.282031802265379e-07,4.7586617643199483e-07,0.5696693412800262,-0.00020823417475227674,-0.000963370408796571,0.2,0.0,0.0,0.0,0.0,2.962962962962963,2.962962962962963,-4.2394599599759886e-06,-5.747197265648651e-06,2.3846365686812376,2.428305650126844,0.0025733629884374417,0.0004212570842433515
X+,6.9,3.9000000000000004,20.805501734001155,0.0,0.5652624789217074,4.55650881104417e-05,0.0004199436949660139,0.18372671777935318,0.00031043897448652897,-0.0009215815170082885,0.5722052354970222,2.7372696652013224e-06,-3.1103888031492875e-06,0.1481846253241924,-7.282031802265379e-07,4.7586617643199483e-07,0.5696693412800262,-0.00020823417475227674,-0.000963370408796571,0.2,0.0,0.0,0.0,0.0,2.962962962962963,2.962962962962963,-4.2394599599759886e-06,-5.747197265648651e-06,2.3846365686812376,2.428305650126844,0.0025733629884374417,0.0004212570842433515
X+,6.9,3.9000000000000004,20.83464073199866,0.0,0.5652624789217074,4.55650881104417e-05,0.0004199436949660139,0.18372671777935318,0.00031043897448652897,-0.0009215815170082885,0.5722052354970222,2.7372696652013224e-06,-3.1103888031492875e-06,0.1481846253241924,-7.282031802265379e-07,4.7586617643199483e-07,0.5696693412800262,-0.00020823417475227674,-0.000963370408796571,0.2,0.0,0.0,0.0,0.0,2.962962962962963,2.962962962962963,-4.2394599599759886e-06,-5.747197265648651e-06,2.3846365686812376,2.428305650126844,0.0025733629884374417,0.0004212570842433515
X+,6.9,3.9000000000000004,20.867039762000786,0.0,0.5652624789217074,4.55650881104417e-05,0.0004199436949660139,0.18372671777935318,0.00031043897448652897,-0.0009215815170082885,0.5722052354970222,2.7372696652013224e-06,-3.1103888031492875e-06,0.1481846253241924,-7.282031802265379e-07,4.7586617643199483e-07,0.5696693412800262,-0.00020823417475227674,-0.000963370408796571,0.2,0.0,0.0,0.0,0.0,2.962962962962963,2.962962962962963,-4.2394599599759886e-06,-5.747197265648651e-06,2.3846365686812376,2.428305650126844,0.0025733629884374417,0.0004212570842433515
X+,6.9,3.9000000000000004,20.90417503199933,0.0,0.5652624789217074,4.55650881104417e-05,0.0004199436949660139,0.18372671777935318,0.00031043897448652897,-0.0009215815170082885,0.5722052354970222,2.7372696652013224e-06,-3.1103888031492875e-06,0.1481846253241924,-7.282031802265379e-07,4.7586617643199483e-07,0.5696693412800262,-0.00020823417475227674,-0.000963370408796571,0.2,0.0,0.0,0.0,0.0,2.962962962962963,2.962962962962963,-4.2394599599759886e-06,-5.747197265648651e-06,2.3846365686812376,2.428305650126844,0.0025733629884374417,0.0004212570842433515
X+,6.9,3.9000000000000004,20.929472791998705,0.0,0.5652624789217074,4.55650881104417e-05,0.0004199436949660139,0.18372671777935318,0.00031043897448652897,-0.0009215815170082885,0.5722052354970222,2.7372696652013224e-06,-3.1103888031492875e-06,0.1481846253241924,-7.282031802265379e-07,4.7586617643199483e-07,0.5696693412800262,-0.00020823417475227674,-0.000963370408796571,0.2,0.0,0.0,0.0,0.0,2.962962962962963,2.962962962962963,-4.2394599599759886e-06,-5.747197265648651e-06,2.3846365686812376,2.428305650126844,0.0025733629884374417,0.0004212570842433515
X+,6.9,3.9000000000000004,20.956604418999632,0.0,0.5652624789217074,4.55650881104417e-05,0.0004199436949660139,0.18372671777935318,0.00031043897448652897,-0.0009215815170082885,0.5722052354970222,2.7372696652013224e-06,-3.1103888031492875e-06,0.1481846253241924,-7.282031802265379e-07,4.7586617643199483e-07,0.5696693412800262,-0.00020823417475227674,-0.000963370408796571,0.2,0.0,0.0,0.0,0.0,2.962962962962963,2.962962962962963,-4.2394599599759886e-06,-5.747197265648651e-06,2.3846365686812376,2.428305650126844,0.0025733629884374417,0.0004212570842433515
X+,6.9,3.9000000000000004,20.98673514999973,0.0,0.5652624789217074,4.55650881104417e-05,0.0004199436949660139,0.18372671777935318,0.00031043897448652897,-0.0009215815170082885,0.5722052354970222,2.7372696652013224e-06,-3.1103888031492875e-06,0.1481846253241924,-7.282031802265379e-07,4.7586617643199483e-07,0.5696693412800262,-0.00020823417475227674,-0.000963370408796571,0.2,0.0,0.0,0.0,0.0,2.962962962962963,2.962962962962963,-4.2394599599759886e-06,-5.747197265648651e-06,2.3846365686812376,2.428305650126844,0.0025733629884374417,0.0004212570842433515
X+,6.9,3.9000000000000004,21.015567947000818,0.0,0.5652624789217074,4.55650881104417e-05,0.0004199436949660139,0.18372671777935318,0.00031043897448652897,-0.0009215815170082885,0.5722052354970222,2.7372696652013224e-06,-3.1103888031492875e-06,0.1481846253241924,-7.282031802265379e-07,4.7586617643199483e-07,0.5696693412800262,-0.00020823417475227674,-0.000963370408796571,0.2,0.0,0.0,0.0,0.0,2.962962962962963,2.962962962962963,-4.2394599599759886e-06,-5.747197265648651e-06,2.3846365686812376,2.428305650126844,0.0025733629884374417,0.0004212570842433515
X+,6.9,3.9000000000000004,21.044280224999966,0.0,0.5680238410454123,4.621504997116485e-05,0.0004191189623192256,0.18430137795938728,0.00030118576886050335,-0.0008681407775692171,0.5722052354970222,2.7372696652013224e-06,-3.1103888031492875e-06,0.1481846253241924,-7.282031802265379e-07,4.7586617643199483e-07,0.5696693412800262,-0.00020823417475227674,-0.000963370408796571,0.2,0.0,0.0,0.0,0.0,2.962962962962963,2.962962962962963,-4.333113434284996e-06,-5.596912462380033e-06,2.429095569668089,2.4678517977204306,-0.004458128616042948,0.00041912764161741717
X+,6.9,3.9000000000000004,21.068914685998607,0.0,0.5711620799519788,4.7535457405617314e-05,0.0004168928795352418,0.18472963333801465,0.0002924891274450653,-0.0008011085760893572,0.5722052354970222,2.7372696652013224e-06,-3.1103888031492875e-06,0.1481846253241924,-7.282031802265379e-07,4.7586617643199483e-07,0.5696693412800262,-0.00020823417475227674,-0.000963370408796571,0.2,0.0,0.0,0.0,0.0,2.962962962962963,2.962962962962963,-4.189591170877804e-06,-5.555385794053791e-06,2.4483838917393785,2.4850481209976585,-0.0025056508817125718,0.00041870925016976074
X+,6.9,3.9000000000000004,21.096879422999336,0.0,0.5746759524780055,4.852004707457409e-05,0.0004166894200281157,0.18497026809044845,0.0003067068332250843,-0.0007030830416529238,0.5722052354970222,2.7372696652013224e-06,-3.1103888031492875e-06,0.1481846253241924,-7.282031802265379e-07,4.7586617643199483e-07,0.5696693412800262,-0.00020823417475227674,-0.000963370408796571,0.2,0.0,0.0,0.0,0.0,2.962962962962963,2.962962962962963,-4.104344082378475e-06,-5.374097938215527e-06,2.4816901837308905,2.51427727185902,-0.0020016309856332264,0.00041622590530044707
X+,6.9,3.9000000000000004,21.14075813999807,0.0,0.5780074196805572,4.9899849353165875e-05,0.00041616845016653026,0.18500559002980482,0.00033168501273297176,-0.0008297455782213952,0.5882042413046468,2.6110303276022816e-06,-3.0722832401740386e-06,0.15999005807939842,-7.647620907295467e-07,3.8105562975249065e-07,0.5868174227790017,-0.00022744882035485707,-0.0011678230364000617,0.2,0.0,0.0,0.0,0.0,2.962962962962963,2.962962962962963,-3.842464848524685e-06,-5.485377916336631e-06,2.509397526359298,2.538432123967456,0.00267674183131633,0.0004155708260263642
X+,7.0,4.0,21.17316648400083,0.09999999999999964,0.5822628435902398,5.137703508129726e-05,0.0004161198052905619,0.18482573570039673,0.0003143162472310754,-0.0007457967029605747,0.5882042413046468,2.6110303276022816e-06,-3.0722832401740386e-06,0.15999005807939842,-7.647620907295467e-07,3.8105562975249065e-07,0.5868174227790017,-0.00022744882035485707,-0.0011678230364000617,0.2,0.0,0.0,0.0,0.0,2.962962962962963,2.962962962962963,-3.5077609519262865e-06,-5.315154989027349e-06,2.531977768880612,2.5577465211819472,-0.0029194724255670653,0.00041553143734319764
X+,7.0,4.0,21.203479512998456,0.0,0.584665566364325,5.234280123961755e-05,0.00041594103395589357,0.1846323852287445,0.00034335143742677355,-0.0008627223501256806,0.5882042413046468,2.6110303276022816e-06,-3.0722832401740386e-06,0.15999005807939842,-7.647620907295467e-07,3.8105562975249065e-07,0.5868174227790017,-0.00022744882035485707,-0.0011678230364000617,0.2,0.0,0.0,0.0,0.0,2.962962962962963,2.962962962962963,-3.4568834559323136e-06,-5.366437332732232e-06,2.5506273855560146,2.573496770736391,-0.001622357179013358,0.00041594103395589357
X+,7.0,4.0,21.233796296000946,0.0,0.584665566364325,5.234280123961755e-05,0.00041594103395589357,0.1846323852287445,0.00034335143742677355,-0.0008627223501256806,0.5882042413046468,2.6110303276022816e-06,-3.0722832401740386e-06,0.15999005807939842,-7.647620907295467e-07,3.8105562975249065e-07,0.5868174227790017,-0.00022744882035485707,-0.0011678230364000617,0.2,0.0,0.0,0.0,0.0,2.962962962962963,2.962962962962963,-3.4568834559323136e-06,-5.366437332732232e-06,2.5506273855560146,2.573496770736391,-0.001622357179013358,0.00041594103395589357
X+,7.0,4.0,21.261542152999027,0.0,0.584665566364325,5.234280123961755e-05,0.00041594103395589357,0.1846323852287445,0.00034335143742677355,-0.0008627223501256806,0.5882042413046468,2.6110303276022816e-06,-3.0722832401740386e-06,0.15999005807939842,-7.647620907295467e-07,3.8105562975249065e-07,0.5868174227790017,-0.00022744882035485707,-0.0011678230364000617,0.2,0.0,0.0,0.0,0.0,2.962962962962963,2.962962962962963,-3.4568834559323136e-06,-5.366437332732232e-06,2.5506273855560146,2.573496770736391,-0.001622357179013358,0.00041594103395589357
X+,7.0,4.0,21.28969123600109,0.0,0.584665566364325,5.234280123961755e-05,0.00041594103395589357,0.1846323852287445,0.00034335143742677355,-0.0008627223501256806,0.5882042413046468,2.6110303276022816e-06,-3.0722832401740386e-06,0.15999005807939842,-7.647620907295467e-07,3.8105562975249065e-07,0.5868174227790017,-0.00022744882035485707,-0.0011678230364000617,0.2,0.0,0.0,0.0,0.0,2.962962962962963,2.962962962962963,-3.4568834559323136e-06,-5.366437332732232e-06,2.5506273855560146,2.573496770736391,-0.001622357179013358,0.00041594103395589357
X+,7.0,4.0,21.318625397001597,0.0,0.584665566364325,5.234280123961755e-05,0.00041594103395589357,0.1846323852287445,0.00034335143742677355,-0.0008627223501256806,0.5882042413046468,2.6110303276022816e-06,-3.0722832401740386e-06,0.15999005807939842,-7.647620907295467e-07,3.8105562975249065e-07,0.5868174227790017,-0.00022744882035485707,-0.0011678230364000617,0.2,0.0,0.0,0.0,0.0,2.962962962962963,2.962962962962963,-3.4568834559323136e-06,-5.366437332732232e-06,2.5506273855560146,2.573496770736391,-0.001622357179013358,0.00041594103395589357
X+,7.0,4.0,21.34830760800105,0.0,0.584665566364325,5.234280123961755e-05,0.00041594103395589357,0.1846323852287445,0.00034335143742677355,-0.0008627223501256806,0.5882042413046468,2.6110303276022816e-06,-3.0722832401740386e-06,0.15999005807939842,-7.647620907295467e-07,3.8105562975249065e-07,0.5868174227790017,-0.00022744882035485707,-0.0011678230364000617,0.2,0.0,0.0,0.0,0.0,2.962962962962963,2.962962962962963,-3.4568834559323136e-06,-5.366437332732232e-06,2.5506273855560146,2.573496770736391,-0.001622357179013358,0.00041594103395589357
X+,7.0,4.0,21.379151488999923,0.0,0.584665566364325,5.234280123961755e-05,0.00041594103395589357,0.1846323852287445,0.00034335143742677355,-0.0008627223501256806,0.5882042413046468,2.6110303276022816e-06,-3.0722832401740386e-06,0.15999005807939842,-7.647620907295467e-07,3.8105562975249065e-07,0.5868174227790017,-0.00022744882035485707,-0.0011678230364000617,0.2,0.0,0.0,0.0,0.0,2.962962962962963,2.962962962962963,-3.4568834559323136e-06,-5.366437332732232e-06,2.5506273855560146,2.573496770736391,-0.001622357179013358,0.00041594103395589357
X+,7.0,4.0,21.411014543999045,0.0,0.584665566364325,5.234280123961755e-05,0.00041594103395589357,0.1846323852287445,0.00034335143742677355,-0.0008627223501256806,0.5882042413046468,2.6110303276022816e-06,-3.0722832401740386e-06,0.15999005807939842,-7.647620907295467e-07,3.8105562975249065e-07,0.5868174227790017,-0.00022744882035485707,-0.0011678230364000617,0.2,0.0,0.0,0.0,0.0,2.962962962962963,2.962962962962963,-3.4568834559323136e-06,-5.366437332732232e-06,2.5506273855560146,2.573496770736391,-0.001622357179013358,0.00041594103395589357
X+,7.0,4.0,21.43642968399945,0.0,0.584665566364325,5.234280123961755e-05,0.00041594103395589357,0.1846323852287445,0.00034335143742677355,-0.0008627223501256806,0.5882042413046468,2.6110303276022816e-06,-3.0722832401740386e-06,0.15999005807939842,-7.647620907295467e-07,3.8105562975249065e-07,0.5868174227790017,-0.00022744882035485707,-0.0011678230364000617,0.2,0.0,0.0,0.0,0.0,2.962962962962963,2.962962962962963,-3.4568834559323136e-06,-5.366437332732232e-06,2.5506273855560146,2.573496770736391,-0.001622357179013358,0.00041594103395589357
X+,7.0,4.0,21.46388244099944,0.0,0.584665566364325,5.234280123961755e-05,0.00041594103395589357,0.1846323852287445,0.00034335143742677355,-0.0008627223501256806,0.5882042413046468,2.6110303276022816e-06,-3.0722832401740386e-06,0.15999005807939842,-7.647620907295467e-07,3.8105562975249065e-07,0.5868174227790017,-0.00022744882035485707,-0.0011678230364000617,0.2,0.0,0.0,0.0,0.0,2.962962962962963,2.962962962962963,-3.4568834559323136e-06,-5.366437332732232e-06,2.5506273855560146,2.573496770736391,-0.001622357179013358,0.00041594103395589357
X+,7.0,4.0,21.49129535799875,0.0,0.584665566364325,5.234280123961755e-05,0.00041594103395589357,0.1846323852287445,0.00034335143742677355,-0.0008627223501256806,0.5882042413046468,2.6110303276022816e-06,-3.0722832401740386e-06,0.15999005807939842,-7.647620907295467e-07,3.8105562975249065e-07,0.5868174227790017,-0.00022744882035485707,-0.0011678230364000617,0.2,0.0,0.0,0.0,0.0,2.962962962962963,2.962962962962963,-3.4568834559323136e-06,-5.366437332732232e-06,2.5506273855560146,2.573496770736391,-0.001622357179013358,0.00041594103395589357
X+,7.0,4.0,21.51945318900107,0.0,0.584665566364325,5.234280123961755e-05,0.00041594103395589357,0.1846323852287445,0.00034335143742677355,-0.0008627223501256806,0.5882042413046468,2.6110303276022816e-06,-3.0722832401740386e-06,0.15999005807939842,-7.647620907295467e-07,3.8105562975249065e-07,0.5868174227790017,-0.00022744882035485707,-0.0011678230364000617,0.2,0.0,0.0,0.0,0.0,2.962962962962963,2.962962962962963,-3.4568834559323136e-06,-5.366437332732232e-06,2.5506273855560146,2.573496770736391,-0.001622357179013358,0.00041594103395589357
X+,7.0,4.0,21.553791605998413,0.0,0.584665566364325,5.234280123961755e-05,0.00041594103395589357,0.1846323852287445,0.00034335143742677355,-0.0008627223501256806,0.5882042413046468,2.6110303276022816e-06,-3.0722832401740386e-06,0.15999005807939842,-7.647620907295467e-07,3.8105562975249065e-07,0.5868174227790017,-0.00022744882035485707,-0.0011678230364000617,0.2,0.0,0.0,0.0,0.0,2.962962962962963,2.962962962962963,-3.4568834559323136e-06,-5.366437332732232e-06,2.5506273855560146,2.573496770736391,-0.001622357179013358,0.00041594103395589357
X+,7.0,4.0,21.584181891998014,0.0,0.584665566364325,5.234280123961755e-05,0.00041594103395589357,0.1846323852287445,0.00034335143742677355,-0.0008627223501256806,0.5882042413046468,2.6110303276022816e-06,-3.0722832401740386e-06,0.15999005807939842,-7.647620907295467e-07,3.8105562975249065e-07,0.5868174227790017,-0.00022744882035485707,-0.0011678230364000617,0.2,0.0,0.0,0.0,0.0,2.962962962962963,2.962962962962963,-3.4568834559323136e-06,-5.366437332732232e-06,2.5506273855560146,2.573496770736391,-0.001622357179013358,0.00041594103395589357
X+,7.0,4.0,21.61378676000095,0.0,0.584665566364325,5.234280123961755e-05,0.00041594103395589357,0.1846323852287445,0.00034335143742677355,-0.0008627223501256806,0.5882042413046468,2.6110303276022816e-06,-3.0722832401740386e-06,0.15999005807939842,-7.647620907295467e-07,3.8105562975249065e-07,0.5868174227790017,-0.00022744882035485707,-0.0011678230364000617,0.2,0.0,0.0,0.0,0.0,2.962962962962963,2.962962962962963,-3.4568834559323136e-06,-5.366437332732232e-06,2.5506273855560146,2.573496770736391,-0.001622357179013358,0.00041594103395589357
X+,7.0,4.0,21.645682679998572,0.0,0.5868809851925024,5.3557215484162715e-05,0.0004142717001826077,0.18440371106947634,0.0002676850534899909,-0.000624313865739309,0.5882042413046468,2.6110303276022816e-06,-3.0722832401740386e-06,0.15999005807939842,-7.647620907295467e-07,3.8105562975249065e-07,0.5868174227790017,-0.00022744882035485707,-0.0011678230364000617,0.2,0.0,0.0,0.0,0.0,2.962962962962963,2.962962962962963,-6.735392204859636e-06,-5.173675420522272e-06,2.558483347730381,2.580002778864792,-0.007185424784700365,0.0004144451795047409
X+,7.0,4.0,21.689438987999893,0.0,0.5909344943063565,5.469845014772091e-05,0.00041569436257675896,0.18388023422868488,0.0003295215069625362,-0.0007905045503000897,0.5882042413046468,2.6110303276022816e-06,-3.0722832401740386e-06,0.15999005807939842,-7.647620907295467e-07,3.8105562975249065e-07,0.5868174227790017,-0.00022744882035485707,-0.0011678230364000617,0.2,0.0,0.0,0.0,0.0,2.962962962962963,2.962962962962963,-6.067795075281879e-06,-5.314153018076695e-06,2.5722285565954737,2.591214039245144,-0.0009643454782301793,0.00041563712524478444
X+,7.0,4.0,21.72460158800095,0.0,0.594608665263273,5.655839916500916e-05,0.00041398674536651686,0.18330757534262704,0.0002842853779267821,-0.0006740635164366717,0.5882042413046468,2.6110303276022816e-06,-3.0722832401740386e-06,0.15999005807939842,-7.647620907295467e-07,3.8105562975249065e-07,0.5868174227790017,-0.00022744882035485707,-0.0011678230364000617,0.2,0.0,0.0,0.0,0.0,2.962962962962963,2.962962962962963,3.624890201336939e-06,-5.183700814370695e-06,2.5833709896410397,2.6000380075049705,-0.0008527369588742862,0.0004140853365992873
X+,7.0,4.0,21.74925041700044,0.0,0.5964412701548186,5.714527809279335e-05,0.00041444050155475603,0.18299248688892786,0.00028060080084593307,-0.0006220154890629259,0.6047398354073793,2.4758599379232737e-06,-3.0699024591503383e-06,0.1653559410306974,-8.436836105030413e-07,2.3807810237000543e-08,0.6026850876097563,-0.0002421074290072262,-0.001169285139083876,0.2,0.0,0.0,0.0,0.0,2.962962962962963,2.962962962962963,-5.0742689854388345e-06,-5.130018331023223e-06,2.5880575729288626,2.603651721666107,-0.0020483336600831074,0.00041435411294802086
X+,7.1000000000000005,4.1000000000000005,21.789006274000712,0.10000000000000053,0.5997318039539469,5.820984379707739e-05,0.0004155780536447126,0.18238651521292437,0.00034345291367129764,-0.0008458439655366458,0.6047398354073793,2.4758599379232737e-06,-3.0699024591503383e-06,0.1653559410306974,-8.436836105030413e-07,2.3807810237000543e-08,0.6026850876097563,-0.0002421074290072262,-0.001169285139083876,0.2,0.0,0.0,0.0,0.0,2.962962962962963,2.962962962962963,3.4114530187423497e-06,-5.30464658865526e-06,2.5963280230161607,2.6097735685135235,-0.0018851343332627311,0.0004156231616817984
X+,7.1000000000000005,4.1000000000000005,21.824204201999237,0.0,0.6026473902754091,5.982898778696382e-05,0.0004137295714831652,0.18181160072642347,0.0002802148379364871,-0.0006582672537650651,0.6047398354073793,2.4758599379232737e-06,-3.0699024591503383e-06,0.1653559410306974,-8.436836105030413e-07,2.3807810237000543e-08,0.6026850876097563,-0.0002421074290072262,-0.001169285139083876,0.2,0.0,0.0,0.0,0.0,2.962962962962963,2.962962962962963,3.4523990279922145e-06,-5.204542756764852e-06,2.5998126082962427,2.612295589917482,-0.0007383836480791925,0.0004140714427146253
X+,7.1000000000000005,4.1000000000000005,21.85013058899858,0.0,0.6026473902754091,5.982898778696382e-05,0.0004137295714831652,0.18181160072642347,0.0002802148379364871,-0.0006582672537650651,0.6047398354073793,2.4758599379232737e-06,-3.0699024591503383e-06,0.1653559410306974,-8.436836105030413e-07,2.3807810237000543e-08,0.6026850876097563,-0.0002421074290072262,-0.001169285139083876,0.2,0.0,0.0,0.0,0.0,2.962962962962963,2.962962962962963,3.4523990279922145e-06,-5.204542756764852e-06,2.5998126082962427,2.612295589917482,-0.0007383836480791925,0.0004140714427146253
X+,7.1000000000000005,4.1000000000000005,21.875344186999428,0.0,0.6026473902754091,5.982898778696382e-05,0.0004137295714831652,0.18181160072642347,0.0002802148379364871,-0.0006582672537650651,0.6047398354073793,2.4758599379232737e-06,-3.0699024591503383e-06,0.1653559410306974,-8.436836105030413e-07,2.3807810237000543e-08,0.6026850876097563,-0.0002421074290072262,-0.001169285139083876,0.2,0.0,0.0,0.0,0.0,2.962962962962963,2.962962962962963,3.4523990279922145e-06,-5.204542756764852e-06,2.5998126082962427,2.612295589917482,-0.0007383836480791925,0.0004140714427146253
X+,7.1000000000000005,4.1000000000000005,21.901862686998356,0.0,0.6026473902754091,5.982898778696382e-05,0.0004137295714831652,0.18181160072642347,0.0002802148379364871,-0.0006582672537650651,0.6047398354073793,2.4758599379232737e-06,-3.0699024591503383e-06,0.1653559410306974,-8.436836105030413e-07,2.3807810237000543e-08,0.6026850876097563,-0.0002421074290072262,-0.001169285139083876,0.2,0.0,0.0,0.0,0.0,2.962962962962963,2.962962962962963,3.4523990279922145e-06,-5.204542756764852e-06,2.5998126082962427,2.612295589917482,-0.0007383836480791925,0.0004140714427146253
X+,7.1000000000000005,4.1000000000000005,21.931780369999615,0.0,0.6026473902754091,5.982898778696382e-05,0.0004137295714831652,0.18181160072642347,0.0002802148379364871,-0.0006582672537650651,0.6047398354073793,2.4758599379232737e-06,-3.0699024591503383e-06,0.1653559410306974,-8.436836105030413e-07,2.3807810237000543e-08,0.6026850876097563,-0.0002421074290072262,-0.001169285139083876,0.2,0.0,0.0,0.0,0.0,2.962962962962963,2.962962962962963,3.4523990279922145e-06,-5.204542756764852e-06,2.5998126082962427,2.612295589917482,-0.0007383836480791925,0.0004140714427146253
X+,7.1000000000000005,4.1000000000000005,21.95793487699848,0.0,0.6026473902754091,5.982898778696382e-05,0.0004137295714831652,0.18181160072642347,0.0002802148379364871,-0.0006582672537650651,0.6047398354073793,2.4758599379232737e-06,-3.0699024591503383e-06,0.1653559410306974,-8.436836105030413e-07,2.3807810237000543e-08,0.6026850876097563,-0.0002421074290072262,-0.001169285139083876,0.2,0.0,0.0,0.0,0.0,2.962962962962963,2.962962962962963,3.4523990279922145e-06,-5.204542756764852e-06,2.5998126082962427,2.612295589917482,-0.0007383836480791925,0.0004140714427146253
X+,7.1000000000000005,4.1000000000000005,21.98728362199836,0.0,0.6026473902754091,5.982898778696382e-05,0.0004137295714831652,0.18181160072642347,0.0002802148379364871,-0.0006582672537650651,0.6047398354073793,2.4758599379232737e-06,-3.0699024591503383e-06,0.1653559410306974,-8.436836105030413e-07,2.3807810237000543e-08,0.6026850876097563,-0.0002421074290072262,-0.001169285139083876,0.2,0.0,0.0,0.0,0.0,2.962962962962963,2.962962962962963,3.4523990279922145e-06,-5.204542756764852e-06,2.5998126082962427,2.612295589917482,-0.0007383836480791925,0.0004140714427146253
X+,7.1000000000000005,4.1000000000000005,22.013413455999398,0.0,0.6026473902754091,5.982898778696382e-05,0.0004137295714831652,0.18181160072642347,0.0002802148379364871,-0.0006582672537650651,0.6047398354073793,2.4758599379232737e-06,-3.0699024591503383e-06,0.1653559410306974,-8.436836105030413e-07,2.3807810237000543e-08,0.6026850876097563,-0.0002421074290072262,-0.001169285139083876,0.2,0.0,0.0,0.0,0.0,2.962962962962963,2.962962962962963,3.4523990279922145e-06,-5.204542756764852e-06,2.5998126082962427,2.612295589917482,-0.0007383836480791925,0.0004140714427146253
X+,7.1000000000000005,4.1000000000000005,22.03832318000059,0.0,0.6026473902754091,5.982898778696382e-05,0.0004137295714831652,0.18181160072642347,0.0002802148379364871,-0.0006582672537650651,0.6047398354073793,2.4758599379232737e-06,-3.0699024591503383e-06,0.1653559410306974,-8.436836105030413e-07,2.3807810237000543e-08,0.6026850876097563,-0.0002421074290072262,-0.001169285139083876,0.2,0.0,0.0,0.0,0.0,2.962962962962963,2.962962962962963,3.4523990279922145e-06,-5.204542756764852e-06,2.5998126082962427,2.612295589917482,-0.0007383836480791925,0.0004140714427146253
X+,7.1000000000000005,4.1000000000000005,22.067481774000044,0.0,0.6026473902754091,5.982898778696382e-05,0.0004137295714831652,0.18181160072642347,0.0002802148379364871,-0.0006582672537650651,0.6047398354073793,2.4758599379232737e-06,-3.0699024591503383e-06,0.1653559410306974,-8.436836105030413e-07,2.3807810237000543e-08,0.6026850876097563,-0.0002421074290072262,-0.001169285139083876,0.2,0.0,0.0,0.0,0.0,2.962962962962963,2.962962962962963,3.4523990279922145e-06,-5.204542756764852e-06,2.5998126082962427,2.612295589917482,-0.0007383836480791925,0.0004140714427146253
X+,7.1000000000000005,4.1000000000000005,22.09827959500035,0.0,0.6026473902754091,5.982898778696382e-05,0.0004137295714831652,0.18181160072642347,0.0002802148379364871,-0.0006582672537650651,0.6047398354073793,2.4758599379232737e-06,-3.0699024591503383e-06,0.1653559410306974,-8.436836105030413e-07,2.3807810237000543e-08,0.6026850876097563,-0.0002421074290072262,-0.001169285139083876,0.2,0.0,0.0,0.0,0.0,2.962962962962963,2.962962962962963,3.4523990279922145e-06,-5.204542756764852e-06,2.5998126082962427,2.612295589917482,-0.0007383836480791925,0.0004140714427146253
X+,7.1000000000000005,4.1000000000000005,22.123868802998913,0.0,0.6026473902754091,5.982898778696382e-05,0.0004137295714831652,0.18181160072642347,0.0002802148379364871,-0.0006582672537650651,0.6047398354073793,2.4758599379232737e-06,-3.0699024591503383e-06,0.1653559410306974,-8.436836105030413e-07,2.3807810237000543e-08,0.6026850876097563,-0.0002421074290072262,-0.001169285139083876,0.2,0.0,0.0,0.0,0.0,2.962962962962963,2.962962962962963,3.4523990279922145e-06,-5.204542756764852e-06,2.5998126082962427,2.612295589917482,-0.0007383836480791925,0.0004140714427146253
X+,7.1000000000000005,4.1000000000000005,22.150742609999725,0.0,0.6026473902754091,5.982898778696382e-05,0.0004137295714831652,0.18181160072642347,0.0002802148379364871,-0.0006582672537650651,0.6047398354073793,2.4758599379232737e-06,-3.0699024591503383e-06,0.1653559410306974,-8.436836105030413e-07,2.3807810237000543e-08,0.6026850876097563,-0.0002421074290072262,-0.001169285139083876,0.2,0.0,0.0,0.0,0.0,2.962962962962963,2.962962962962963,3.4523990279922145e-06,-5.204542756764852e-06,2.5998126082962427,2.612295589917482,-0.0007383836480791925,0.0004140714427146253
X+,7.1000000000000005,4.1000000000000005,22.182780603001447,0.0,0.6030111799048038,5.992947614872832e-05,0.00041386726375128053,0.18173758108905425,0.0002775948102013942,-0.0006341907583318333,0.6047398354073793,2.4758599379232737e-06,-3.0699024591503383e-06,0.1653559410306974,-8.436836105030413e-07,2.3807810237000543e-08,0.6026850876097563,-0.0002421074290072262,-0.001169285139083876,0.2,0.0,0.0,0.0,0.0,2.962962962962963,2.962962962962963,3.483699548390007e-06,-5.089531695645633e-06,2.6028645901539593,2.614439758940761,-0.0007383836480791925,0.0004140714427146253
X+,7.1000000000000005,4.1000000000000005,22.208041895999486,0.0,0.6057348766407695,6.0781229524269585e-05,0.00041501717496042316,0.18117016822908438,0.0003166448986685789,-0.0007535902004505757,0.6047398354073793,2.4758599379232737e-06,-3.0699024591503383e-06,0.1653559410306974,-8.436836105030413e-07,2.3807810237000543e-08,0.6026850876097563,-0.0002421074290072262,-0.001169285139083876,0.2,0.0,0.0,0.0,0.0,2.962962962962963,2.962962962962963,3.5892627341382877e-06,-5.188641980957698e-06,2.605738574574631,2.616337468694049,-0.0011231100114699713,0.00041427955770007116
X+,7.1000000000000005,4.1000000000000005,22.23605219000092,0.0,0.6086307076218985,6.210402396359879e-05,0.00041476866033608945,0.18054329563234164,0.00033567462088608294,-0.0008507957784074536,0.6047398354073793,2.4758599379232737e-06,-3.0699024591503383e-06,0.1653559410306974,-8.436836105030413e-07,2.3807810237000543e-08,0.6026850876097563,-0.0002421074290072262,-0.001169285139083876,0.2,0.0,0.0,0.0,0.0,2.962962962962963,2.962962962962963,3.838985492166103e-06,-5.212984515168273e-06,2.6106465413651656,2.6194320394200483,-0.005631704133613875,0.0004155185423258379
X+,7.1000000000000005,4.1000000000000005,22.261182266000105,0.0,0.6124160788767387,6.363356111124558e-05,0.00041465687259834423,0.17969225322939675,0.0002985389552026639,-0.0006849328982755483,0.6047398354073793,2.4758599379232737e-06,-3.0699024591503383e-06,0.1653559410306974,-8.436836105030413e-07,2.3807810237000543e-08,0.6026850876097563,-0.0002421074290072262,-0.001169285139083876,0.2,0.0,0.0,0.0,0.0,2.962962962962963,2.962962962962963,3.8117199654408296e-06,-5.141285045695554e-06,2.6144510580022,2.621678665284396,-0.002565063421105281,0.0004141512241540358
X+,7.1000000000000005,4.1000000000000005,22.29973192399848,0.0,0.6154672551623045,6.473332701333566e-05,0.0004155706666845892,0.1789849338655771,0.00034779156442230806,-0.0008749088596839623,0.6214169085757634,2.4134732741584495e-06,-2.821036423489256e-06,0.1667707316849696,-1.1189675833558623e-07,2.4886603566108257e-06,0.6067163211185141,-0.00024908343555490886,-0.0012758939907215885,0.2,0.0,0.0,0.0,0.0,2.962962962962963,2.962962962962963,3.8231758106022085e-06,-5.216287611631287e-06,2.6161745826635507,2.6225743596325843,0.000525123000282489,0.0004155629945583072
X+,7.2,4.2,22.330806334000954,0.09999999999999964,0.6193979074077618,6.643555023323842e-05,0.0004153378381927952,0.17804891674554688,0.0003247888858424828,-0.000805843295050717,0.6214169085757634,2.4134732741584495e-06,-2.821036423489256e-06,0.1667707316849696,-1.1189675833558623e-07,2.4886603566108257e-06,0.6067163211185141,-0.00024908343555490886,-0.0012758939907215885,0.2,0.0,0.0,0.0,0.0,2.962962962962963,2.962962962962963,3.823703531580236e-06,-5.118985154872746e-06,2.6190354571553494,2.6240549149555763,0.00010630471177333807,0.00041505408352837165
X+,7.2,4.2,22.36948720500004,0.0,0.6202883735171278,6.676689094507401e-05,0.0004155805344344185,0.1777901644062234,0.0003390204827155456,-0.0008607753160018376,0.6214169085757634,2.4134732741584495e-06,-2.821036423489256e-06,0.1667707316849696,-1.1189675833558623e-07,2.4886603566108257e-06,0.6067163211185141,-0.00024908343555490886,-0.0012758939907215885,0.2,0.0,0.0,0.0,0.0,2.962962962962963,2.962962962962963,3.830264624582469e-06,-5.192514946017468e-06,2.620308249522203,2.6246032007377735,0.00010630471177333807,0.00041505408352837165
X+,7.2,4.2,22.39770969500023,0.0,0.6202883735171278,6.676689094507401e-05,0.0004155805344344185,0.1777901644062234,0.0003390204827155456,-0.0008607753160018376,0.6214169085757634,2.4134732741584495e-06,-2.821036423489256e-06,0.1667707316849696,-1.1189675833558623e-07,2.4886603566108257e-06,0.6067163211185141,-0.00024908343555490886,-0.0012758939907215885,0.2,0.0,0.0,0.0,0.0,2.962962962962963,2.962962962962963,3.830264624582469e-06,-5.192514946017468e-06,2.620308249522203,2.6246032007377735,0.00010630471177333807,0.00041505408352837165
X+,7.2,4.2,22.430775304001145,0.0,0.6202883735171278,6.676689094507401e-05,0.0004155805344344185,0.1777901644062234,0.0003390204827155456,-0.0008607753160018376,0.6214169085757634,2.4134732741584495e-06,-2.821036423489256e-06,0.1667707316849696,-1.1189675833558623e-07,2.4886603566108257e-06,0.6067163211185141,-0.00024908343555490886,-0.0012758939907215885,0.2,0.0,0.0,0.0,0.0,2.962962962962963,2.962962962962963,3.830264624582469e-06,-5.192514946017468e-06,2.620308249522203,2.6246032007377735,0.00010630471177333807,0.00041505408352837165
X+,7.2,4.2,22.454911492000974,0.0,0.6202883735171278,6.676689094507401e-05,0.0004155805344344185,0.1777901644062234,0.0003390204827155456,-0.0008607753160018376,0.6214169085757634,2.4134732741584495e-06,-2.821036423489256e-06,0.1667707316849696,-1.1189675833558623e-07,2.4886603566108257e-06,0.6067163211185141,-0.00024908343555490886,-0.0012758939907215885,0.2,0.0,0.0,0.0,0.0,2.962962962962963,2.962962962962963,3.830264624582469e-06,-5.192514946017468e-06,2.620308249522203,2.6246032007377735,0.00010630471177333807,0.00041505408352837165
X+,7.2,4.2,22.48270372999832,0.0,0.6202883735171278,6.676689094507401e-05,0.0004155805344344185,0.1777901644062234,0.0003390204827155456,-0.0008607753160018376,0.6214169085757634,2.4134732741584495e-06,-2.821036423489256e-06,0.1667707316849696,-1.1189675833558623e-07,2.4886603566108257e-06,0.6067163211185141,-0.00024908343555490886,-0.0012758939907215885,0.2,0.0,0.0,0.0,0.0,2.962962962962963,2.962962962962963,3.830264624582469e-06,-5.192514946017468e-06,2.620308249522203,2.6246032007377735,0.00010630471177333807,0.00041505408352837165
X+,7.2,4.2,22.514641679001215,0.0,0.6202883735171278,6.676689094507401e-05,0.0004155805344344185,0.1777901644062234,0.0003390204827155456,-0.0008607753160018376,0.6214169085757634,2.4134732741584495e-06,-2.821036423489256e-06,0.1667707316849696,-1.1189675833558623e-07,2.4886603566108257e-06,0.6067163211185141,-0.00024908343555490886,-0.0012758939907215885,0.2,0.0,0.0,0.0,0.0,2.962962962962963,2.962962962962963,3.830264624582469e-06,-5.192514946017468e-06,2.620308249522203,2.6246032007377735,0.00010630471177333807,0.00041505408352837165
X+,7.2,4.2,22.547829759001615,0.0,0.6202883735171278,6.676689094507401e-05,0.0004155805344344185,0.1777901644062234,0.0003390204827155456,-0.0008607753160018376,0.6214169085757634,2.4134732741584495e-06,-2.821036423489256e-06,0.1667707316849696,-1.1189675833558623e-07,2.4886603566108257e-06,0.6067163211185141,-0.00024908343555490886,-0.0012758939907215885,0.2,0.0,0.0,0.0,0.0,2.962962962962963,2.962962962962963,3.830264624582469e-06,-5.192514946017468e-06,2.620308249522203,2.6246032007377735,0.00010630471177333807,0.00041505408352837165
X+,7.2,4.2,22.575418745000206,0.0,0.6202883735171278,6.676689094507401e-05,0.0004155805344344185,0.1777901644062234,0.0003390204827155456,-0.0008607753160018376,0.6214169085757634,2.4134732741584495e-06,-2.821036423489256e-06,0.1667707316849696,-1.1189675833558623e-07,2.4886603566108257e-06,0.6067163211185141,-0.00024908343555490886,-0.0012758939907215885,0.2,0.0,0.0,0.0,0.0,2.962962962962963,2.962962962962963,3.830264624582469e-06,-5.192514946017468e-06,2.620308249522203,2.6246032007377735,0.00010630471177333807,0.00041505408352837165
X+,7.2,4.2,22.60786235499836,0.0,0.6202883735171278,6.676689094507401e-05,0.0004155805344344185,0.1777901644062234,0.0003390204827155456,-0.0008607753160018376,0.6214169085757634,2.4134732741584495e-06,-2.821036423489256e-06,0.1667707316849696,-1.1189675833558623e-07,2.4886603566108257e-06,0.6067163211185141,-0.00024908343555490886,-0.0012758939907215885,0.2,0.0,0.0,0.0,0.0,2.962962962962963,2.962962962962963,3.830264624582469e-06,-5.192514946017468e-06,2.620308249522203,2.6246032007377735,0.00010630471177333807,0.00041505408352837165
X+,7.2,4.2,22.640052654998726,0.0,0.6202883735171278,6.676689094507401e-05,0.0004155805344344185,0.1777901644062234,0.0003390204827155456,-0.0008607753160018376,0.6214169085757634,2.4134732741584495e-06,-2.821036423489256e-06,0.1667707316849696,-1.1189675833558623e-07,2.4886603566108257e-06,0.6067163211185141,-0.00024908343555490886,-0.0012758939907215885,0.2,0.0,0.0,0.0,0.0,2.962962962962963,2.962962962962963,3.830264624582469e-06,-5.192514946017468e-06,2.620308249522203,2.6246032007377735,0.00010630471177333807,0.00041505408352837165
X+,7.2,4.2,22.668467537998367,0.0,0.6213555253408222,6.726268357759666e-05,0.00041545661791711334,0.17757362803074114,0.00034264357346670035,-0.0008821785062892492,0.6214169085757634,2.4134732741584495e-06,-2.821036423489256e-06,0.1667707316849696,-1.1189675833558623e-07,2.4886603566108257e-06,0.6067163211185141,-0.00024908343555490886,-0.0012758939907215885,0.2,0.0,0.0,0.0,0.0,2.962962962962963,2.962962962962963,3.84137839937182e-06,-5.234809750120917e-06,2.6214963090440047,2.6250489253874423,-0.0013460075551499431,0.0004156301132907709
X+,7.2,4.2,22.699769760998606,0.0,0.6245476346044643,6.879103769793019e-05,0.00041422826574066547,0.1767872153312437,0.00027505496100971836,-0.0006108238237599381,0.6214169085757634,2.4134732741584495e-06,-2.821036423489256e-06,0.1667707316849696,-1.1189675833558623e-07,2.4886603566108257e-06,0.6067163211185141,-0.00024908343555490886,-0.0012758939907215885,0.2,0.0,0.0,0.0,0.0,2.962962962962963,2.962962962962963,3.799299689077884e-06,-5.062492056673307e-06,2.623474132330779,2.6258907279036894,0.00048253299600062717,0.0004140402454545864
X+,7.2,4.2,22.734413647998736,0.0,0.6286057909915521,7.018309258899433e-05,0.0004157468836574262,0.1757689683234487,0.00034326068803342035,-0.0008621174146007163,0.6214169085757634,2.4134732741584495e-06,-2.821036423489256e-06,0.1667707316849696,-1.1189675833558623e-07,2.4886603566108257e-06,0.6067163211185141,-0.00024908343555490886,-0.0012758939907215885,0.2,0.0,0.0,0.0,0.0,2.962962962962963,2.962962962962963,3.826092099146194e-06,-5.219080627227868e-06,2.625433370983321,2.6263258510690823,6.359658557757077e-05,0.0004157468836574262
X+,7.2,4.2,22.764984544999606,0.0,0.6315903050806547,7.172602253591263e-05,0.00041445743430409244,0.17500788177523957,0.0002842858025275498,-0.0006733120772915839,0.638147319583674,2.3552151840052685e-06,-2.5703431825181274e-06,0.16730411008008428,-1.106099131975021e-07,2.506932409711285e-06,0.6067163211185141,-0.00024908343555490886,-0.0012758939907215885,0.2,0.0,0.0,0.0,0.0,2.962962962962963,2.962962962962963,3.834956095793984e-06,-5.156814010476296e-06,2.6263201893772887,2.626556108324805,-0.0002620182109074013,0.00041478568385372184
X+,7.300000000000001,4.300000000000001,22.794518783000967,0.10000000000000053,0.635259158024002,7.294760862935987e-05,0.00041590370060196914,0.17405733589446423,0.00033839980913182623,-0.0008518877536598923,0.638147319583674,2.3552151840052685e-06,-2.5703431825181274e-06,0.16730411008008428,-1.106099131975021e-07,2.506932409711285e-06,0.6215328127208376,-0.00026826065750122673,-0.0013217087406665051,0.2,0.0,0.0,0.0,0.0,2.962962962962963,2.962962962962963,4.238349572638356e-06,-5.21631364325259e-06,2.6289577078064403,2.6271834713817785,-0.001931402032787053,0.0004155325292208517
X+,7.300000000000001,4.300000000000001,22.836395255999378,0.0,0.6396008789023542,7.496593213308228e-05,0.00041480694279611563,0.17291156882279396,0.0002812101761638167,-0.0006369254732084738,0.638147319583674,2.3552151840052685e-06,-2.5703431825181274e-06,0.16730411008008428,-1.106099131975021e-07,2.506932409711285e-06,0.6215328127208376,-0.00026826065750122673,-0.0013217087406665051,0.2,0.0,0.0,0.0,0.0,2.962962962962963,2.962962962962963,5.638757320625132e-06,-5.11647192169562e-06,2.6318443038093986,2.628071278099857,0.00036184344522669344,0.0004147233592134937
X+,7.300000000000001,4.300000000000001,22.86644557999898,0.0,0.6402928976728521,7.518388728145007e-05,0.00041511147024885626,0.17272669726985804,0.00029295642207510645,-0.0006829914577676394,0.638147319583674,2.3552151840052685e-06,-2.5703431825181274e-06,0.16730411008008428,-1.106099131975021e-07,2.506932409711285e-06,0.6215328127208376,-0.00026826065750122673,-0.0013217087406665051,0.2,0.0,0.0,0.0,0.0,2.962962962962963,2.962962962962963,5.638757320625132e-06,-5.11647192169562e-06,2.6318443038093986,2.628071278099857,0.00036184344522669344,0.0004147233592134937
X+,7.300000000000001,4.300000000000001,22.891819358999783,0.0,0.6402928976728521,7.518388728145007e-05,0.00041511147024885626,0.17272669726985804,0.00029295642207510645,-0.0006829914577676394,0.638147319583674,2.3552151840052685e-06,-2.5703431825181274e-06,0.16730411008008428,-1.106099131975021e-07,2.506932409711285e-06,0.6215328127208376,-0.00026826065750122673,-0.0013217087406665051,0.2,0.0,0.0,0.0,0.0,2.962962962962963,2.962962962962963,5.638757320625132e-06,-5.11647192169562e-06,2.6318443038093986,2.628071278099857,0.00036184344522669344,0.0004147233592134937
X+,7.300000000000001,4.300000000000001,22.9183930850013,0.0,0.6402928976728521,7.518388728145007e-05,0.00041511147024885626,0.17272669726985804,0.00029295642207510645,-0.0006829914577676394,0.638147319583674,2.3552151840052685e-06,-2.5703431825181274e-06,0.16730411008008428,-1.106099131975021e-07,2.506932409711285e-06,0.6215328127208376,-0.00026826065750122673,-0.0013217087406665051,0.2,0.0,0.0,0.0,0.0,2.962962962962963,2.962962962962963,5.638757320625132e-06,-5.11647192169562e-06,2.6318443038093986,2.628071278099857,0.00036184344522669344,0.0004147233592134937
X+,7.300000000000001,4.300000000000001,22.94865847699839,0.0,0.6402928976728521,7.518388728145007e-05,0.00041511147024885626,0.17272669726985804,0.00029295642207510645,-0.0006829914577676394,0.638147319583674,2.3552151840052685e-06,-2.5703431825181274e-06,0.16730411008008428,-1.106099131975021e-07,2.506932409711285e-06,0.6215328127208376,-0.00026826065750122673,-0.0013217087406665051,0.2,0.0,0.0,0.0,0.0,2.962962962962963,2.962962962962963,5.638757320625132e-06,-5.11647192169562e-06,2.6318443038093986,2.628071278099857,0.00036184344522669344,0.0004147233592134937
X+,7.300000000000001,4.300000000000001,22.974458718999813,0.0,0.6402928976728521,7.518388728145007e-05,0.00041511147024885626,0.17272669726985804,0.00029295642207510645,-0.0006829914577676394,0.638147319583674,2.3552151840052685e-06,-2.5703431825181274e-06,0.16730411008008428,-1.106099131975021e-07,2.506932409711285e-06,0.6215328127208376,-0.00026826065750122673,-0.0013217087406665051,0.2,0.0,0.0,0.0,0.0,2.962962962962963,2.962962962962963,5.638757320625132e-06,-5.11647192169562e-06,2.6318443038093986,2.628071278099857,0.00036184344522669344,0.0004147233592134937
X+,7.300000000000001,4.300000000000001,23.002698866999708,0.0,0.6402928976728521,7.518388728145007e-05,0.00041511147024885626,0.17272669726985804,0.00029295642207510645,-0.0006829914577676394,0.638147319583674,2.3552151840052685e-06,-2.5703431825181274e-06,0.16730411008008428,-1.106099131975021e-07,2.506932409711285e-06,0.6215328127208376,-0.00026826065750122673,-0.0013217087406665051,0.2,0.0,0.0,0.0,0.0,2.962962962962963,2.962962962962963,5.638757320625132e-06,-5.11647192169562e-06,2.6318443038093986,2.628071278099857,0.00036184344522669344,0.0004147233592134937
X+,7.300000000000001,4.300000000000001,23.029008109999268,0.0,0.6402928976728521,7.518388728145007e-05,0.00041511147024885626,0.17272669726985804,0.00029295642207510645,-0.0006829914577676394,0.638147319583674,2.3552151840052685e-06,-2.5703431825181274e-06,0.16730411008008428,-1.106099131975021e-07,2.506932409711285e-06,0.6215328127208376,-0.00026826065750122673,-0.0013217087406665051,0.2,0.0,0.0,0.0,0.0,2.962962962962963,2.962962962962963,5.638757320625132e-06,-5.11647192169562e-06,2.6318443038093986,2.628071278099857,0.00036184344522669344,0.0004147233592134937
X+,7.300000000000001,4.300000000000001,23.056371274000412,0.0,0.6402928976728521,7.518388728145007e-05,0.00041511147024885626,0.17272669726985804,0.00029295642207510645,-0.0006829914577676394,0.638147319583674,2.3552151840052685e-06,-2.5703431825181274e-06,0.16730411008008428,-1.106099131975021e-07,2.506932409711285e-06,0.6215328127208376,-0.00026826065750122673,-0.0013217087406665051,0.2,0.0,0.0,0.0,0.0,2.962962962962963,2.962962962962963,5.638757320625132e-06,-5.11647192169562e-06,2.6318443038093986,2.628071278099857,0.00036184344522669344,0.0004147233592134937
X+,7.300000000000001,4.300000000000001,23.083619443001226,0.0,0.6402928976728521,7.518388728145007e-05,0.00041511147024885626,0.17272669726985804,0.00029295642207510645,-0.0006829914577676394,0.638147319583674,2.3552151840052685e-06,-2.5703431825181274e-06,0.16730411008008428,-1.106099131975021e-07,2.506932409711285e-06,0.6215328127208376,-0.00026826065750122673,-0.0013217087406665051,0.2,0.0,0.0,0.0,0.0,2.962962962962963,2.962962962962963,5.638757320625132e-06,-5.11647192169562e-06,2.6318443038093986,2.628071278099857,0.00036184344522669344,0.0004147233592134937
X+,7.300000000000001,4.300000000000001,23.111219389000325,0.0,0.6402928976728521,7.518388728145007e-05,0.00041511147024885626,0.17272669726985804,0.00029295642207510645,-0.0006829914577676394,0.638147319583674,2.3552151840052685e-06,-2.5703431825181274e-06,0.16730411008008428,-1.106099131975021e-07,2.506932409711285e-06,0.6215328127208376,-0.00026826065750122673,-0.0013217087406665051,0.2,0.0,0.0,0.0,0.0,2.962962962962963,2.962962962962963,5.638757320625132e-06,-5.11647192169562e-06,2.6318443038093986,2.628071278099857,0.00036184344522669344,0.0004147233592134937
X+,7.300000000000001,4.300000000000001,23.13769798299836,0.0,0.6421921446654407,7.580544318719525e-05,0.00041580260540332757,0.1722161901042487,0.0003257717265240927,-0.0008081284018346208,0.638147319583674,2.3552151840052685e-06,-2.5703431825181274e-06,0.16730411008008428,-1.106099131975021e-07,2.506932409711285e-06,0.6215328127208376,-0.00026826065750122673,-0.0013217087406665051,0.2,0.0,0.0,0.0,0.0,2.962962962962963,2.962962962962963,5.7461381013368396e-06,-5.185331676038629e-06,2.6329117302662794,2.6283052058971736,0.002481783796111352,0.0004154414690578412
X+,7.300000000000001,4.300000000000001,23.16546898999877,0.0,0.645287963737151,7.733491123503976e-05,0.00041484331922491335,0.17137331689344318,0.00030706561431508283,-0.0007954648177879852,0.638147319583674,2.3552151840052685e-06,-2.5703431825181274e-06,0.16730411008008428,-1.106099131975021e-07,2.506932409711285e-06,0.6215328127208376,-0.00026826065750122673,-0.0013217087406665051,0.2,0.0,0.0,0.0,0.0,2.962962962962963,2.962962962962963,3.4265447377279656e-06,-5.216998551382801e-06,2.634016873677739,2.6286173916631244,-0.0015411009801159108,0.0004154274842665418
X+,7.300000000000001,4.300000000000001,23.1956068340005,0.0,0.6488805026165041,7.859374933493358e-05,0.00041507418565922907,0.17037340610340956,0.00028986356508876025,-0.0006906929229667444,0.638147319583674,2.3552151840052685e-06,-2.5703431825181274e-06,0.16730411008008428,-1.106099131975021e-07,2.506932409711285e-06,0.6215328127208376,-0.00026826065750122673,-0.0013217087406665051,0.2,0.0,0.0,0.0,0.0,2.962962962962963,2.962962962962963,6.421698604874848e-06,-5.023628419920101e-06,2.6363387264067066,2.629841319945122,0.0002494501625484569,0.00041481100371242854
X+,7.300000000000001,4.300000000000001,23.225276492001285,0.0,0.6507539276387949,7.917365503373654e-05,0.00041567542046111314,0.16984309237429915,0.00032220911075173054,-0.000811151320673411,0.6549201030310008,2.3239465648175094e-06,-2.250389769875128e-06,0.1677278344735175,1.1843190397985905e-07,3.199534126429996e-06,0.6390567220285,-0.0002921499056404697,-0.001424937442240371,0.2,0.0,0.0,0.0,0.0,2.962962962962963,2.962962962962963,3.831199994586143e-06,-5.115974118119482e-06,2.639038039741897,2.6308266948059784,-0.0017116663436622598,0.000415413773119457
X+,7.4,4.4,23.25115875499978,0.09999999999999964,0.6534685402425147,8.053325837110992e-05,0.0004143475227316753,0.1690603076607439,0.00029097343598062767,-0.0007507552218818101,0.6549201030310008,2.3239465648175094e-06,-2.250389769875128e-06,0.1677278344735175,1.1843190397985905e-07,3.199534126429996e-06,0.6390567220285,-0.0002921499056404697,-0.001424937442240371,0.2,0.0,0.0,0.0,0.0,2.962962962962963,2.962962962962963,3.612106056927189e-06,-4.949636965179138e-06,2.6404958964227956,2.6315635297937163,-0.0011317989241949752,0.0004144874292343279
X+,7.4,4.4,23.275502754000627,0.0,0.6556648707959178,8.115473377329208e-05,0.0004148620707024726,0.168412203490986,0.0002888790457528335,-0.0007157791971502372,0.6549201030310008,2.3239465648175094e-06,-2.250389769875128e-06,0.1677278344735175,1.1843190397985905e-07,3.199534126429996e-06,0.6390567220285,-0.0002921499056404697,-0.001424937442240371,0.2,0.0,0.0,0.0,0.0,2.962962962962963,2.962962962962963,3.4550982492831395e-06,-4.780966937900644e-06,2.643665451594307,2.63349099300173,-0.0029588414704663736,0.00041461942988010566
X+,7.4,4.4,23.30248532599944,0.0,0.6556648707959178,8.115473377329208e-05,0.0004148620707024726,0.168412203490986,0.0002888790457528335,-0.0007157791971502372,0.6549201030310008,2.3239465648175094e-06,-2.250389769875128e-06,0.1677278344735175,1.1843190397985905e-07,3.199534126429996e-06,0.6390567220285,-0.0002921499056404697,-0.001424937442240371,0.2,0.0,0.0,0.0,0.0,2.962962962962963,2.962962962962963,3.4550982492831395e-06,-4.780966937900644e-06,2.643665451594307,2.63349099300173,-0.0029588414704663736,0.00041461942988010566
X+,7.4,4.4,23.331873748000362,0.0,0.6556648707959178,8.115473377329208e-05,0.0004148620707024726,0.168412203490986,0.0002888790457528335,-0.0007157791971502372,0.6549201030310008,2.3239465648175094e-06,-2.250389769875128e-06,0.1677278344735175,1.1843190397985905e-07,3.199534126429996e-06,0.6390567220285,-0.0002921499056404697,-0.001424937442240371,0.2,0.0,0.0,0.0,0.0,2.962962962962963,2.962962962962963,3.4550982492831395e-06,-4.780966937900644e-06,2.643665451594307,2.63349099300173,-0.0029588414704663736,0.00041461942988010566
X+,7.4,4.4,23.359295087000646,0.0,0.6556648707959178,8.115473377329208e-05,0.0004148620707024726,0.168412203490986,0.0002888790457528335,-0.0007157791971502372,0.6549201030310008,2.3239465648175094e-06,-2.250389769875128e-06,0.1677278344735175,1.1843190397985905e-07,3.199534126429996e-06,0.6390567220285,-0.0002921499056404697,-0.001424937442240371,0.2,0.0,0.0,0.0,0.0,2.962962962962963,2.962962962962963,3.4550982492831395e-06,-4.780966937900644e-06,2.643665451594307,2.63349099300173,-0.0029588414704663736,0.00041461942988010566
X+,7.4,4.4,23.383971901999757,0.0,0.6556648707959178,8.115473377329208e-05,0.0004148620707024726,0.168412203490986,0.0002888790457528335,-0.0007157791971502372,0.6549201030310008,2.3239465648175094e-06,-2.250389769875128e-06,0.1677278344735175,1.1843190397985905e-07,3.199534126429996e-06,0.6390567220285,-0.0002921499056404697,-0.001424937442240371,0.2,0.0,0.0,0.0,0.0,2.962962962962963,2.962962962962963,3.4550982492831395e-06,-4.780966937900644e-06,2.643665451594307,2.63349099300173,-0.0029588414704663736,0.00041461942988010566
X+,7.4,4.4,23.42269079900143,0.0,0.6556648707959178,8.115473377329208e-05,0.0004148620707024726,0.168412203490986,0.0002888790457528335,-0.0007157791971502372,0.6549201030310008,2.3239465648175094e-06,-2.250389769875128e-06,0.1677278344735175,1.1843190397985905e-07,3.199534126429996e-06,0.6390567220285,-0.0002921499056404697,-0.001424937442240371,0.2,0.0,0.0,0.0,0.0,2.962962962962963,2.962962962962963,3.4550982492831395e-06,-4.780966937900644e-06,2.643665451594307,2.63349099300173,-0.0029588414704663736,0.00041461942988010566
X+,7.4,4.4,23.457636156999797,0.0,0.6556648707959178,8.115473377329208e-05,0.0004148620707024726,0.168412203490986,0.0002888790457528335,-0.0007157791971502372,0.6549201030310008,2.3239465648175094e-06,-2.250389769875128e-06,0.1677278344735175,1.1843190397985905e-07,3.199534126429996e-06,0.6390567220285,-0.0002921499056404697,-0.001424937442240371,0.2,0.0,0.0,0.0,0.0,2.962962962962963,2.962962962962963,3.4550982492831395e-06,-4.780966937900644e-06,2.643665451594307,2.63349099300173,-0.0029588414704663736,0.00041461942988010566
X+,7.4,4.4,23.486185302001104,0.0,0.6556648707959178,8.115473377329208e-05,0.0004148620707024726,0.168412203490986,0.0002888790457528335,-0.0007157791971502372,0.6549201030310008,2.3239465648175094e-06,-2.250389769875128e-06,0.1677278344735175,1.1843190397985905e-07,3.199534126429996e-06,0.6390567220285,-0.0002921499056404697,-0.001424937442240371,0.2,0.0,0.0,0.0,0.0,2.962962962962963,2.962962962962963,3.4550982492831395e-06,-4.780966937900644e-06,2.643665451594307,2.63349099300173,-0.0029588414704663736,0.00041461942988010566
X+,7.4,4.4,23.51683056500042,0.0,0.6556648707959178,8.115473377329208e-05,0.0004148620707024726,0.168412203490986,0.0002888790457528335,-0.0007157791971502372,0.6549201030310008,2.3239465648175094e-06,-2.250389769875128e-06,0.1677278344735175,1.1843190397985905e-07,3.199534126429996e-06,0.6390567220285,-0.0002921499056404697,-0.001424937442240371,0.2,0.0,0.0,0.0,0.0,2.962962962962963,2.962962962962963,3.4550982492831395e-06,-4.780966937900644e-06,2.643665451594307,2.63349099300173,-0.0029588414704663736,0.00041461942988010566
X+,7.4,4.4,23.54509642099947,0.0,0.6556648707959178,8.115473377329208e-05,0.0004148620707024726,0.168412203490986,0.0002888790457528335,-0.0007157791971502372,0.6549201030310008,2.3239465648175094e-06,-2.250389769875128e-06,0.1677278344735175,1.1843190397985905e-07,3.199534126429996e-06,0.6390567220285,-0.0002921499056404697,-0.001424937442240371,0.2,0.0,0.0,0.0,0.0,2.962962962962963,2.962962962962963,3.4550982492831395e-06,-4.780966937900644e-06,2.643665451594307,2.63349099300173,-0.0029588414704663736,0.00041461942988010566
X+,7.4,4.4,23.572751085001073,0.0,0.6556648707959178,8.115473377329208e-05,0.0004148620707024726,0.168412203490986,0.0002888790457528335,-0.0007157791971502372,0.6549201030310008,2.3239465648175094e-06,-2.250389769875128e-06,0.1677278344735175,1.1843190397985905e-07,3.199534126429996e-06,0.6390567220285,-0.0002921499056404697,-0.001424937442240371,0.2,0.0,0.0,0.0,0.0,2.962962962962963,2.962962962962963,3.4550982492831395e-06,-4.780966937900644e-06,2.643665451594307,2.63349099300173,-0.0029588414704663736,0.00041461942988010566
X+,7.4,4.4,23.603454684998724,0.0,0.6556648707959178,8.115473377329208e-05,0.0004148620707024726,0.168412203490986,0.0002888790457528335,-0.0007157791971502372,0.6549201030310008,2.3239465648175094e-06,-2.250389769875128e-06,0.1677278344735175,1.1843190397985905e-07,3.199534126429996e-06,0.6390567220285,-0.0002921499056404697,-0.001424937442240371,0.2,0.0,0.0,0.0,0.0,2.962962962962963,2.962962962962963,3.4550982492831395e-06,-4.780966937900644e-06,2.643665451594307,2.63349099300173,-0.0029588414704663736,0.00041461942988010566
X+,7.4,4.4,23.631310790999123,0.0,0.6556648707959178,8.115473377329208e-05,0.0004148620707024726,0.168412203490986,0.0002888790457528335,-0.0007157791971502372,0.6549201030310008,2.3239465648175094e-06,-2.250389769875128e-06,0.1677278344735175,1.1843190397985905e-07,3.199534126429996e-06,0.6390567220285,-0.0002921499056404697,-0.001424937442240371,0.2,0.0,0.0,0.0,0.0,2.962962962962963,2.962962962962963,3.4550982492831395e-06,-4.780966937900644e-06,2.643665451594307,2.63349099300173,-0.0029588414704663736,0.00041461942988010566
X+,7.4,4.4,23.660437842998363,0.0,0.6573486307806782,8.162819979580429e-05,0.00041535060320002084,0.16790744954601364,0.00031653078486447943,-0.0008160334602272163,0.6549201030310008,2.3239465648175094e-06,-2.250389769875128e-06,0.1677278344735175,1.1843190397985905e-07,3.199534126429996e-06,0.6390567220285,-0.0002921499056404697,-0.001424937442240371,0.2,0.0,0.0,0.0,0.0,2.962962962962963,2.962962962962963,3.4550982492831395e-06,-4.780966937900644e-06,2.643665451594307,2.63349099300173,0.0003712237733984561,0.0004151713819172552
X+,7.4,4.4,23.68904173899864,0.0,0.6593625160660657,8.254114311150029e-05,0.0004145981802542001,0.16729355819899386,0.0003146833535521451,-0.000838086092598945,0.6549201030310008,2.3239465648175094e-06,-2.250389769875128e-06,0.1677278344735175,1.1843190397985905e-07,3.199534126429996e-06,0.6390567220285,-0.0002921499056404697,-0.001424937442240371,0.2,0.0,0.0,0.0,0.0,2.962962962962963,2.962962962962963,4.1194213382667044e-06,-4.596845062820876e-06,2.647342996390576,2.635458563710308,0.0009258320084194064,0.00041543605901052605
X+,7.4,4.4,23.718714246999298,0.0,0.6622028178994607,8.355831393056651e-05,0.0004137584432020299,0.16640391319862047,0.0002610823243815753,-0.0006236633632075746,0.6549201030310008,2.3239465648175094e-06,-2.250389769875128e-06,0.1677278344735175,1.1843190397985905e-07,3.199534126429996e-06,0.6390567220285,-0.0002921499056404697,-0.001424937442240371,0.2,0.0,0.0,0.0,0.0,2.962962962962963,2.962962962962963,4.4894493660407875e-06,-4.394537539198495e-06,2.6493608807612503,2.637100383109655,-0.00028223145992749017,0.00041363407027620593
X+,7.4,4.4,23.75498341799903,0.0,0.6656903492898386,8.4447912291492e-05,0.00041461087841857284,0.1652726524657511,0.00031640719110971854,-0.0008268370078831157,0.6549201030310008,2.3239465648175094e-06,-2.250389769875128e-06,0.1677278344735175,1.1843190397985905e-07,3.199534126429996e-06,0.6390567220285,-0.0002921499056404697,-0.001424937442240371,0.2,0.0,0.0,0.0,0.0,2.962962962962963,2.962962962962963,4.893609263589838e-06,-4.481285657220724e-06,2.6539078596450296,2.6398081175025117,-0.00176253565619047,0.0004145599077587599
X+,7.500000000000001,4.500000000000001,23.784115884998755,0.10000000000000053,0.6684960626434259,8.538896028485385e-05,0.0004143374306974489,0.16432594823493854,0.0003172483157876444,-0.0008611469483031644,0.6717805884179957,2.2896903914419757e-06,-1.9869536587399125e-06,0.16860485387029286,3.686490454543244e-08,2.6343611113521533e-06,0.6562702543515497,-0.0003172915346957662,-0.001470143992384987,0.2,0.0,0.0,0.0,0.0,2.962962962962963,2.962962962962963,5.4151719730555214e-06,-5.3041493588423805e-06,2.659173609740706,2.643251629071093,-0.001025982778130347,0.00041455114970993735
X+,7.500000000000001,4.500000000000001,23.809037750001153,0.0,0.6706306590502418,8.60365977159187e-05,0.00041408875898162734,0.16357977224317524,0.0003112126212512483,-0.0008513880668909777,0.6717805884179957,2.2896903914419757e-06,-1.9869536587399125e-06,0.16860485387029286,3.686490454543244e-08,2.6343611113521533e-06,0.6562702543515497,-0.0003172915346957662,-0.001470143992384987,0.2,0.0,0.0,0.0,0.0,2.962962962962963,2.962962962962963,5.688827073413449e-06,-5.040160761637935e-06,2.662109935511596,2.6453763686871032,0.002645357498428573,0.00041412381185739063
X+,7.500000000000001,4.500000000000001,23.843083620999096,0.0,0.6717760303413524,8.636684378122202e-05,0.0004139568683825349,0.1631692067855376,0.00031014374923802733,-0.0008496392757532232,0.6717805884179957,2.2896903914419757e-06,-1.9869536587399125e-06,0.16860485387029286,3.686490454543244e-08,2.6343611113521533e-06,0.6562702543515497,-0.0003172915346957662,-0.001470143992384987,0.2,0.0,0.0,0.0,0.0,2.962962962962963,2.962962962962963,5.963197916791785e-06,6.682845110184132e-06,2.6652775410443064,2.6476973635178154,0.002645357498428573,0.00041412381185739063
X+,7.500000000000001,4.500000000000001,23.873154200999124,0.0,0.6717760303413524,8.636684378122202e-05,0.0004139568683825349,0.1631692067855376,0.00031014374923802733,-0.0008496392757532232,0.6717805884179957,2.2896903914419757e-06,-1.9869536587399125e-06,0.16860485387029286,3.686490454543244e-08,2.6343611113521533e-06,0.6562702543515497,-0.0003172915346957662,-0.001470143992384987,0.2,0.0,0.0,0.0,0.0,2.962962962962963,2.962962962962963,5.963197916791785e-06,6.682845110184132e-06,2.6652775410443064,2.6476973635178154,0.002645357498428573,0.00041412381185739063
X+,7.500000000000001,4.500000000000001,23.900759481999557,0.0,0.6717760303413524,8.636684378122202e-05,0.0004139568683825349,0.1631692067855376,0.00031014374923802733,-0.0008496392757532232,0.6717805884179957,2.2896903914419757e-06,-1.9869536587399125e-06,0.16860485387029286,3.686490454543244e-08,2.6343611113521533e-06,0.6562702543515497,-0.0003172915346957662,-0.001470143992384987,0.2,0.0,0.0,0.0,0.0,2.962962962962963,2.962962962962963,5.963197916791785e-06,6.682845110184132e-06,2.6652775410443064,2.6476973635178154,0.002645357498428573,0.00041412381185739063
X+,7.500000000000001,4.500000000000001,23.929635109001538,0.0,0.6717760303413524,8.636684378122202e-05,0.0004139568683825349,0.1631692067855376,0.00031014374923802733,-0.0008496392757532232,0.6717805884179957,2.2896903914419757e-06,-1.9869536587399125e-06,0.16860485387029286,3.686490454543244e-08,2.6343611113521533e-06,0.6562702543515497,-0.0003172915346957662,-0.001470143992384987,0.2,0.0,0.0,0.0,0.0,2.962962962962963,2.962962962962963,5.963197916791785e-06,6.682845110184132e-06,2.6652775410443064,2.6476973635178154,0.002645357498428573,0.00041412381185739063
X+,7.500000000000001,4.500000000000001,23.958536761001596,0.0,0.6717760303413524,8.636684378122202e-05,0.0004139568683825349,0.1631692067855376,0.00031014374923802733,-0.0008496392757532232,0.6717805884179957,2.2896903914419757e-06,-1.9869536587399125e-06,0.16860485387029286,3.686490454543244e-08,2.6343611113521533e-06,0.6562702543515497,-0.0003172915346957662,-0.001470143992384987,0.2,0.0,0.0,0.0,0.0,2.962962962962963,2.962962962962963,5.963197916791785e-06,6.682845110184132e-06,2.6652775410443064,2.6476973635178154,0.002645357498428573,0.00041412381185739063
X+,7.500000000000001,4.500000000000001,23.985879651001596,0.0,0.6717760303413524,8.636684378122202e-05,0.0004139568683825349,0.1631692067855376,0.00031014374923802733,-0.0008496392757532232,0.6717805884179957,2.2896903914419757e-06,-1.9869536587399125e-06,0.16860485387029286,3.686490454543244e-08,2.6343611113521533e-06,0.6562702543515497,-0.0003172915346957662,-0.001470143992384987,0.2,0.0,0.0,0.0,0.0,2.962962962962963,2.962962962962963,5.963197916791785e-06,6.682845110184132e-06,2.6652775410443064,2.6476973635178154,0.002645357498428573,0.00041412381185739063
X+,7.500000000000001,4.500000000000001,24.01227331300106,0.0,0.6717760303413524,8.636684378122202e-05,0.0004139568683825349,0.1631692067855376,0.00031014374923802733,-0.0008496392757532232,0.6717805884179957,2.2896903914419757e-06,-1.9869536587399125e-06,0.16860485387029286,3.686490454543244e-08,2.6343611113521533e-06,0.6562702543515497,-0.0003172915346957662,-0.001470143992384987,0.2,0.0,0.0,0.0,0.0,2.962962962962963,2.962962962962963,5.963197916791785e-06,6.682845110184132e-06,2.6652775410443064,2.6476973635178154,0.002645357498428573,0.00041412381185739063
X+,7.500000000000001,4.500000000000001,24.04467518399906,0.0,0.6717760303413524,8.636684378122202e-05,0.0004139568683825349,0.1631692067855376,0.00031014374923802733,-0.0008496392757532232,0.6717805884179957,2.2896903914419757e-06,-1.9869536587399125e-06,0.16860485387029286,3.686490454543244e-08,2.6343611113521533e-06,0.6562702543515497,-0.0003172915346957662,-0.001470143992384987,0.2,0.0,0.0,0.0,0.0,2.962962962962963,2.962962962962963,5.963197916791785e-06,6.682845110184132e-06,2.6652775410443064,2.6476973635178154,0.002645357498428573,0.00041412381185739063
X+,7.500000000000001,4.500000000000001,24.071474934000435,0.0,0.6717760303413524,8.636684378122202e-05,0.0004139568683825349,0.1631692067855376,0.00031014374923802733,-0.0008496392757532232,0.6717805884179957,2.2896903914419757e-06,-1.9869536587399125e-06,0.16860485387029286,3.686490454543244e-08,2.6343611113521533e-06,0.6562702543515497,-0.0003172915346957662,-0.001470143992384987,0.2,0.0,0.0,0.0,0.0,2.962962962962963,2.962962962962963,5.963197916791785e-06,6.682845110184132e-06,2.6652775410443064,2.6476973635178154,0.002645357498428573,0.00041412381185739063
X+,7.500000000000001,4.500000000000001,24.116817640999216,0.0,0.6717760303413524,8.636684378122202e-05,0.0004139568683825349,0.1631692067855376,0.00031014374923802733,-0.0008496392757532232,0.6717805884179957,2.2896903914419757e-06,-1.9869536587399125e-06,0.16860485387029286,3.686490454543244e-08,2.6343611113521533e-06,0.6562702543515497,-0.0003172915346957662,-0.001470143992384987,0.2,0.0,0.0,0.0,0.0,2.962962962962963,2.962962962962963,5.963197916791785e-06,6.682845110184132e-06,2.6652775410443064,2.6476973635178154,0.002645357498428573,0.00041412381185739063
X+,7.500000000000001,4.500000000000001,24.145816103999096,0.0,0.6717760303413524,8.636684378122202e-05,0.0004139568683825349,0.1631692067855376,0.00031014374923802733,-0.0008496392757532232,0.6717805884179957,2.2896903914419757e-06,-1.9869536587399125e-06,0.16860485387029286,3.686490454543244e-08,2.6343611113521533e-06,0.6562702543515497,-0.0003172915346957662,-0.001470143992384987,0.2,0.0,0.0,0.0,0.0,2.962962962962963,2.962962962962963,5.963197916791785e-06,6.682845110184132e-06,2.6652775410443064,2.6476973635178154,0.002645357498428573,0.00041412381185739063
X+,7.500000000000001,4.500000000000001,24.178612412000803,0.0,0.6717760303413524,8.636684378122202e-05,0.0004139568683825349,0.1631692067855376,0.00031014374923802733,-0.0008496392757532232,0.6717805884179957,2.2896903914419757e-06,-1.9869536587399125e-06,0.16860485387029286,3.686490454543244e-08,2.6343611113521533e-06,0.6562702543515497,-0.0003172915346957662,-0.001470143992384987,0.2,0.0,0.0,0.0,0.0,2.962962962962963,2.962962962962963,5.963197916791785e-06,6.682845110184132e-06,2.6652775410443064,2.6476973635178154,0.002645357498428573,0.00041412381185739063
X+,7.500000000000001,4.500000000000001,24.204054155998165,0.0,0.6717760303413524,8.636684378122202e-05,0.0004139568683825349,0.1631692067855376,0.00031014374923802733,-0.0008496392757532232,0.6717805884179957,2.2896903914419757e-06,-1.9869536587399125e-06,0.16860485387029286,3.686490454543244e-08,2.6343611113521533e-06,0.6562702543515497,-0.0003172915346957662,-0.001470143992384987,0.2,0.0,0.0,0.0,0.0,2.962962962962963,2.962962962962963,5.963197916791785e-06,6.682845110184132e-06,2.6652775410443064,2.6476973635178154,0.002645357498428573,0.00041412381185739063
X+,7.500000000000001,4.500000000000001,24.233365165000578,0.0,0.672755488961816,8.664290288150269e-05,0.0004138394704132397,0.16281203431282767,0.00030931877149167257,-0.0008478125927065093,0.6717805884179957,2.2896903914419757e-06,-1.9869536587399125e-06,0.16860485387029286,3.686490454543244e-08,2.6343611113521533e-06,0.6562702543515497,-0.0003172915346957662,-0.001470143992384987,0.2,0.0,0.0,0.0,0.0,2.962962962962963,2.962962962962963,6.241165645626268e-06,4.576437826919744e-06,2.6686955251856137,2.6502359268455535,-0.0035361479897523095,0.0004138992840622783
X+,7.500000000000001,4.500000000000001,24.266313713000272,0.0,0.6761665104940979,8.756485414516436e-05,0.00041340209369629334,0.16151988806148934,0.0003059462012706207,-0.0008380868160999779,0.6717805884179957,2.2896903914419757e-06,-1.9869536587399125e-06,0.16860485387029286,3.686490454543244e-08,2.6343611113521533e-06,0.6562702543515497,-0.0003172915346957662,-0.001470143992384987,0.2,0.0,0.0,0.0,0.0,2.962962962962963,2.962962962962963,6.791573806452789e-06,8.381754846631395e-06,2.676361449778522,2.65610292658133,-0.0004067033769641452,0.00041344488803183595
X+,7.500000000000001,4.500000000000001,24.29448557499927,0.0,0.6793893754459565,8.836845625243006e-05,0.00041299982107676126,0.16021989593127942,0.00030230659663424246,-0.000825199176711284,0.6717805884179957,2.2896903914419757e-06,-1.9869536587399125e-06,0.16860485387029286,3.686490454543244e-08,2.6343611113521533e-06,0.6562702543515497,-0.0003172915346957662,-0.001470143992384987,0.2,0.0,0.0,0.0,0.0,2.962962962962963,2.962962962962963,7.332139076332567e-06,4.594565339743895e-06,2.685301873852165,2.6631626550381684,-0.0020177129805215074,0.00041299982107676126
X+,7.500000000000001,4.500000000000001,24.323151560998667,0.0,0.6813104387917119,8.881481454726774e-05,0.00041277459790434683,0.15940228571149848,0.000300165405088204,-0.000815768427025649,0.6717805884179957,2.2896903914419757e-06,-1.9869536587399125e-06,0.16860485387029286,3.686490454543244e-08,2.6343611113521533e-06,0.6562702543515497,-0.0003172915346957662,-0.001470143992384987,0.2,0.0,0.0,0.0,0.0,2.962962962962963,2.962962962962963,7.597394293235027e-06,4.561179189899178e-06,2.6903252790292345,2.66721415626796,0.002418268620676319,0.0004128121051346433
X+,7.500000000000001,4.500000000000001,24.35341906499889,0.0,0.6840148620081563,8.940101210118834e-05,0.0004124953064688142,0.15818860733367418,0.00029722192773865296,-0.0007996262401288813,0.6888443515192543,2.3596327399655952e-06,-1.8991255633682347e-06,0.17063763101085905,1.0384725504937612e-06,8.782809537167794e-07,0.6736961581023805,-0.00034318263254844487,-0.0015514495149474368,0.2,0.0,0.0,0.0,0.0,2.962962962962963,2.962962962962963,8.108840334308809e-06,4.571490982208104e-06,2.7016592501798904,2.676534442186077,-0.006410200134631359,0.00041263559951410287
X+,7.6000000000000005,4.6000000000000005,24.38180416999967,0.09999999999999964,0.6871694435970152,9.002578892257449e-05,0.0004122450343214001,0.15666510712072382,0.00029443737406225213,-0.0007772761374289265,0.6888443515192543,2.3596327399655952e-06,-1.8991255633682347e-06,0.17063763101085905,1.0384725504937612e-06,8.782809537167794e-07,0.6736961581023805,-0.00034318263254844487,-0.0015514495149474368,0.2,0.0,0.0,0.0,0.0,2.962962962962963,2.962962962962963,8.595622600360286e-06,5.480605065777411e-06,2.715003175761841,2.6877517856081816,-9.952309296338516e-05,0.00041233498642236945
X+,7.6000000000000005,4.6000000000000005,24.417616022998118,0.0,0.6882662526672791,9.022942176270705e-05,0.00041218008593363743,0.1561041889939822,0.00029347233021719595,-0.0007678179060560058,0.6888443515192543,2.3596327399655952e-06,-1.8991255633682347e-06,0.17063763101085905,1.0384725504937612e-06,8.782809537167794e-07,0.6736961581023805,-0.00034318263254844487,-0.0015514495149474368,0.2,0.0,0.0,0.0,0.0,2.962962962962963,2.962962962962963,8.826199577427474e-06,5.9561376088979046e-06,2.7225599009156336,2.6941990453830265,0.002556278488938597,0.00041221509007143746
X+,7.6000000000000005,4.6000000000000005,24.444632129001548,0.0,0.6882662526672791,9.022942176270705e-05,0.00041218008593363743,0.1561041889939822,0.00029347233021719595,-0.0007678179060560058,0.6888443515192543,2.3596327399655952e-06,-1.8991255633682347e-06,0.17063763101085905,1.0384725504937612e-06,8.782809537167794e-07,0.6736961581023805,-0.00034318263254844487,-0.0015514495149474368,0.2,0.0,0.0,0.0,0.0,2.962962962962963,2.962962962962963,8.826199577427474e-06,5.9561376088979046e-06,2.7225599009156336,2.6941990453830265,0.002556278488938597,0.00041221509007143746
X+,7.6000000000000005,4.6000000000000005,24.46924393700101,0.0,0.6882662526672791,9.022942176270705e-05,0.00041218008593363743,0.1561041889939822,0.00029347233021719595,-0.0007678179060560058,0.6888443515192543,2.3596327399655952e-06,-1.8991255633682347e-06,0.17063763101085905,1.0384725504937612e-06,8.782809537167794e-07,0.6736961581023805,-0.00034318263254844487,-0.0015514495149474368,0.2,0.0,0.0,0.0,0.0,2.962962962962963,2.962962962962963,8.826199577427474e-06,5.9561376088979046e-06,2.7225599009156336,2.6941990453830265,0.002556278488938597,0.00041221509007143746
X+,7.6000000000000005,4.6000000000000005,24.495801991000917,0.0,0.6882662526672791,9.022942176270705e-05,0.00041218008593363743,0.1561041889939822,0.00029347233021719595,-0.0007678179060560058,0.6888443515192543,2.3596327399655952e-06,-1.8991255633682347e-06,0.17063763101085905,1.0384725504937612e-06,8.782809537167794e-07,0.6736961581023805,-0.00034318263254844487,-0.0015514495149474368,0.2,0.0,0.0,0.0,0.0,2.962962962962963,2.962962962962963,8.826199577427474e-06,5.9561376088979046e-06,2.7225599009156336,2.6941990453830265,0.002556278488938597,0.00041221509007143746
X+,7.6000000000000005,4.6000000000000005,24.52474613999948,0.0,0.6882662526672791,9.022942176270705e-05,0.00041218008593363743,0.1561041889939822,0.00029347233021719595,-0.0007678179060560058,0.6888443515192543,2.3596327399655952e-06,-1.8991255633682347e-06,0.17063763101085905,1.0384725504937612e-06,8.782809537167794e-07,0.6736961581023805,-0.00034318263254844487,-0.0015514495149474368,0.2,0.0,0.0,0.0,0.0,2.962962962962963,2.962962962962963,8.826199577427474e-06,5.9561376088979046e-06,2.7225599009156336,2.6941990453830265,0.002556278488938597,0.00041221509007143746
X+,7.6000000000000005,4.6000000000000005,24.5552093519982,0.0,0.6882662526672791,9.022942176270705e-05,0.00041218008593363743,0.1561041889939822,0.00029347233021719595,-0.0007678179060560058,0.6888443515192543,2.3596327399655952e-06,-1.8991255633682347e-06,0.17063763101085905,1.0384725504937612e-06,8.782809537167794e-07,0.6736961581023805,-0.00034318263254844487,-0.0015514495149474368,0.2,0.0,0.0,0.0,0.0,2.962962962962963,2.962962962962963,8.826199577427474e-06,5.9561376088979046e-06,2.7225599009156336,2.6941990453830265,0.002556278488938597,0.00041221509007143746
X+,7.6000000000000005,4.6000000000000005,24.58560724199924,0.0,0.6882662526672791,9.022942176270705e-05,0.00041218008593363743,0.1561041889939822,0.00029347233021719595,-0.0007678179060560058,0.6888443515192543,2.3596327399655952e-06,-1.8991255633682347e-06,0.17063763101085905,1.0384725504937612e-06,8.782809537167794e-07,0.6736961581023805,-0.00034318263254844487,-0.0015514495149474368,0.2,0.0,0.0,0.0,0.0,2.962962962962963,2.962962962962963,8.826199577427474e-06,5.9561376088979046e-06,2.7225599009156336,2.6941990453830265,0.002556278488938597,0.00041221509007143746
X+,7.6000000000000005,4.6000000000000005,24.614862708000146,0.0,0.6882662526672791,9.022942176270705e-05,0.00041218008593363743,0.1561041889939822,0.00029347233021719595,-0.0007678179060560058,0.6888443515192543,2.3596327399655952e-06,-1.8991255633682347e-06,0.17063763101085905,1.0384725504937612e-06,8.782809537167794e-07,0.6736961581023805,-0.00034318263254844487,-0.0015514495149474368,0.2,0.0,0.0,0.0,0.0,2.962962962962963,2.962962962962963,8.826199577427474e-06,5.9561376088979046e-06,2.7225599009156336,2.6941990453830265,0.002556278488938597,0.00041221509007143746
X+,7.6000000000000005,4.6000000000000005,24.641084882998257,0.0,0.6882662526672791,9.022942176270705e-05,0.00041218008593363743,0.1561041889939822,0.00029347233021719595,-0.0007678179060560058,0.6888443515192543,2.3596327399655952e-06,-1.8991255633682347e-06,0.17063763101085905,1.0384725504937612e-06,8.782809537167794e-07,0.6736961581023805,-0.00034318263254844487,-0.0015514495149474368,0.2,0.0,0.0,0.0,0.0,2.962962962962963,2.962962962962963,8.826199577427474e-06,5.9561376088979046e-06,2.7225599009156336,2.6941990453830265,0.002556278488938597,0.00041221509007143746
X+,7.6000000000000005,4.6000000000000005,24.67020384499847,0.0,0.6882662526672791,9.022942176270705e-05,0.00041218008593363743,0.1561041889939822,0.00029347233021719595,-0.0007678179060560058,0.6888443515192543,2.3596327399655952e-06,-1.8991255633682347e-06,0.17063763101085905,1.0384725504937612e-06,8.782809537167794e-07,0.6736961581023805,-0.00034318263254844487,-0.0015514495149474368,0.2,0.0,0.0,0.0,0.0,2.962962962962963,2.962962962962963,8.826199577427474e-06,5.9561376088979046e-06,2.7225599009156336,2.6941990453830265,0.002556278488938597,0.00041221509007143746
X+,7.6000000000000005,4.6000000000000005,24.700855690000026,0.0,0.6882662526672791,9.022942176270705e-05,0.00041218008593363743,0.1561041889939822,0.00029347233021719595,-0.0007678179060560058,0.6888443515192543,2.3596327399655952e-06,-1.8991255633682347e-06,0.17063763101085905,1.0384725504937612e-06,8.782809537167794e-07,0.6736961581023805,-0.00034318263254844487,-0.0015514495149474368,0.2,0.0,0.0,0.0,0.0,2.962962962962963,2.962962962962963,8.826199577427474e-06,5.9561376088979046e-06,2.7225599009156336,2.6941990453830265,0.002556278488938597,0.00041221509007143746
X+,7.6000000000000005,4.6000000000000005,24.733738710998296,0.0,0.6882662526672791,9.022942176270705e-05,0.00041218008593363743,0.1561041889939822,0.00029347233021719595,-0.0007678179060560058,0.6888443515192543,2.3596327399655952e-06,-1.8991255633682347e-06,0.17063763101085905,1.0384725504937612e-06,8.782809537167794e-07,0.6736961581023805,-0.00034318263254844487,-0.0015514495149474368,0.2,0.0,0.0,0.0,0.0,2.962962962962963,2.962962962962963,8.826199577427474e-06,5.9561376088979046e-06,2.7225599009156336,2.6941990453830265,0.002556278488938597,0.00041221509007143746
X+,7.6000000000000005,4.6000000000000005,24.766758982001193,0.0,0.6882662526672791,9.022942176270705e-05,0.00041218008593363743,0.1561041889939822,0.00029347233021719595,-0.0007678179060560058,0.6888443515192543,2.3596327399655952e-06,-1.8991255633682347e-06,0.17063763101085905,1.0384725504937612e-06,8.782809537167794e-07,0.6736961581023805,-0.00034318263254844487,-0.0015514495149474368,0.2,0.0,0.0,0.0,0.0,2.962962962962963,2.962962962962963,8.826199577427474e-06,5.9561376088979046e-06,2.7225599009156336,2.6941990453830265,0.002556278488938597,0.00041221509007143746
X+,7.6000000000000005,4.6000000000000005,24.7977018950005,0.0,0.6882662526672791,9.022942176270705e-05,0.00041218008593363743,0.1561041889939822,0.00029347233021719595,-0.0007678179060560058,0.6888443515192543,2.3596327399655952e-06,-1.8991255633682347e-06,0.17063763101085905,1.0384725504937612e-06,8.782809537167794e-07,0.6736961581023805,-0.00034318263254844487,-0.0015514495149474368,0.2,0.0,0.0,0.0,0.0,2.962962962962963,2.962962962962963,8.826199577427474e-06,5.9561376088979046e-06,2.7225599009156336,2.6941990453830265,0.002556278488938597,0.00041221509007143746
X+,7.6000000000000005,4.6000000000000005,24.827040759999363,0.0,0.6899817858895899,9.053441187019829e-05,0.0004121130306901249,0.1551903520116962,0.0002920809186531179,-0.0007511597790268328,0.6888443515192543,2.3596327399655952e-06,-1.8991255633682347e-06,0.17063763101085905,1.0384725504937612e-06,8.782809537167794e-07,0.6736961581023805,-0.00034318263254844487,-0.0015514495149474368,0.2,0.0,0.0,0.0,0.0,2.962962962962963,2.962962962962963,9.048749314288784e-06,6.458889404648005e-06,2.730789378498386,2.7012821247671726,0.0020531104741462283,0.0004121450178524224
X+,7.6000000000000005,4.6000000000000005,24.852888654000708,0.0,0.6927667894906888,9.099475182030355e-05,0.0004121123627056455,0.15359995800713427,0.0002901829918070365,-0.0007184137528623474,0.6888443515192543,2.3596327399655952e-06,-1.8991255633682347e-06,0.17063763101085905,1.0384725504937612e-06,8.782809537167794e-07,0.6736961581023805,-0.00034318263254844487,-0.0015514495149474368,0.2,0.0,0.0,0.0,0.0,2.962962962962963,2.962962962962963,9.260397322741198e-06,6.996377813095478e-06,2.7397639843725576,2.709069077336752,0.0014845280874520813,0.00041210158664428334
X+,7.6000000000000005,4.6000000000000005,24.876506480999524,0.0,0.6958264450644398,9.145703281924177e-05,0.0004123135410546793,0.1516726096340797,0.0002889111860023652,-0.0006718180528763972,0.6888443515192543,2.3596327399655952e-06,-1.8991255633682347e-06,0.17063763101085905,1.0384725504937612e-06,8.782809537167794e-07,0.6736961581023805,-0.00034318263254844487,-0.0015514495149474368,0.2,0.0,0.0,0.0,0.0,2.962962962962963,2.962962962962963,9.653852199420498e-06,8.188385846708002e-06,2.760284794275538,2.7270497291369935,0.0008258343378899842,0.00041226704637657886
X+,7.6000000000000005,4.6000000000000005,24.903026544998283,0.0,0.6970392909447417,9.163014162085707e-05,0.0004124656995670789,0.15084755330540803,0.00028868215784851704,-0.0006491639847064107,0.6888443515192543,2.3596327399655952e-06,-1.8991255633682347e-06,0.17063763101085905,1.0384725504937612e-06,8.782809537167794e-07,0.6736961581023805,-0.00034318263254844487,-0.0015514495149474368,0.2,0.0,0.0,0.0,0.0,2.962962962962963,2.962962962962963,9.833821733806758e-06,8.849304681923797e-06,2.772026129111705,2.7374038527132454,0.0006633971576945469,0.0004124656995670789
X+,7.6000000000000005,4.6000000000000005,24.935091384999396,0.0,0.6998925249180726,9.203093804640346e-05,0.00041299366197864536,0.14874825643206877,0.0002883062793736108,-0.0005755360760962087,0.7064691108820313,2.4985666688650242e-06,-1.882281290229804e-06,0.1762475936248148,1.7240555995322197e-06,1.684427313843079e-07,0.7076524241233626,-0.00039495327994780666,-0.0015689723541996155,0.2,0.0,0.0,0.0,0.0,2.962962962962963,2.962962962962963,1.0165140559514896e-05,1.031502145032448e-05,2.7990647369098656,2.7611889122791458,0.0013601442505079958,0.00041299366197864536
X+,7.7,4.7,24.969072796000546,0.09999999999999964,0.702704167309459,9.243778619104186e-05,0.0004138698883897769,0.14642460525831677,0.00028612799110597166,-0.0004632075687504899,0.7064691108820313,2.4985666688650242e-06,-1.882281290229804e-06,0.1762475936248148,1.7240555995322197e-06,1.684427313843079e-07,0.7076524241233626,-0.00039495327994780666,-0.0015689723541996155,0.2,0.0,0.0,0.0,0.0,2.962962962962963,2.962962962962963,1.0466074807702341e-05,1.1999677763441241e-05,2.8318202943579203,2.790251764190795,-0.003171227871417667,0.000413411417290479
X+,7.7,4.7,24.998681795001175,0.0,0.7044564624382469,9.270777564155015e-05,0.00041455946418722734,0.14482147783423588,0.00028215322173524913,-0.00037137884719446726,0.7064691108820313,2.4985666688650242e-06,-1.882281290229804e-06,0.1762475936248148,1.7240555995322197e-06,1.684427313843079e-07,0.7076524241233626,-0.00039495327994780666,-0.0015689723541996155,0.2,0.0,0.0,0.0,0.0,2.962962962962963,2.962962962962963,1.0607330954037764e-05,1.2933206243737061e-05,2.850687520928727,2.807200437665387,-0.000856067931951745,0.00041455946418722734
X+,7.7,4.7,25.025387665999006,0.0,0.7044564624382469,9.270777564155015e-05,0.00041455946418722734,0.14482147783423588,0.00028215322173524913,-0.00037137884719446726,0.7064691108820313,2.4985666688650242e-06,-1.882281290229804e-06,0.1762475936248148,1.7240555995322197e-06,1.684427313843079e-07,0.7076524241233626,-0.00039495327994780666,-0.0015689723541996155,0.2,0.0,0.0,0.0,0.0,2.962962962962963,2.962962962962963,1.0607330954037764e-05,1.2933206243737061e-05,2.850687520928727,2.807200437665387,-0.000856067931951745,0.00041455946418722734
X+,7.7,4.7,25.051578768998297,0.0,0.7044564624382469,9.270777564155015e-05,0.00041455946418722734,0.14482147783423588,0.00028215322173524913,-0.00037137884719446726,0.7064691108820313,2.4985666688650242e-06,-1.882281290229804e-06,0.1762475936248148,1.7240555995322197e-06,1.684427313843079e-07,0.7076524241233626,-0.00039495327994780666,-0.0015689723541996155,0.2,0.0,0.0,0.0,0.0,2.962962962962963,2.962962962962963,1.0607330954037764e-05,1.2933206243737061e-05,2.850687520928727,2.807200437665387,-0.000856067931951745,0.00041455946418722734
X+,7.7,4.7,25.082439787998737,0.0,0.7044564624382469,9.270777564155015e-05,0.00041455946418722734,0.14482147783423588,0.00028215322173524913,-0.00037137884719446726,0.7064691108820313,2.4985666688650242e-06,-1.882281290229804e-06,0.1762475936248148,1.7240555995322197e-06,1.684427313843079e-07,0.7076524241233626,-0.00039495327994780666,-0.0015689723541996155,0.2,0.0,0.0,0.0,0.0,2.962962962962963,2.962962962962963,1.0607330954037764e-05,1.2933206243737061e-05,2.850687520928727,2.807200437665387,-0.000856067931951745,0.00041455946418722734
X+,7.7,4.7,25.115849388999777,0.0,0.7044564624382469,9.270777564155015e-05,0.00041455946418722734,0.14482147783423588,0.00028215322173524913,-0.00037137884719446726,0.7064691108820313,2.4985666688650242e-06,-1.882281290229804e-06,0.1762475936248148,1.7240555995322197e-06,1.684427313843079e-07,0.7076524241233626,-0.00039495327994780666,-0.0015689723541996155,0.2,0.0,0.0,0.0,0.0,2.962962962962963,2.962962962962963,1.0607330954037764e-05,1.2933206243737061e-05,2.850687520928727,2.807200437665387,-0.000856067931951745,0.00041455946418722734
X+,7.7,4.7,25.144734598001378,0.0,0.7044564624382469,9.270777564155015e-05,0.00041455946418722734,0.14482147783423588,0.00028215322173524913,-0.00037137884719446726,0.7064691108820313,2.4985666688650242e-06,-1.882281290229804e-06,0.1762475936248148,1.7240555995322197e-06,1.684427313843079e-07,0.7076524241233626,-0.00039495327994780666,-0.0015689723541996155,0.2,0.0,0.0,0.0,0.0,2.962962962962963,2.962962962962963,1.0607330954037764e-05,1.2933206243737061e-05,2.850687520928727,2.807200437665387,-0.000856067931951745,0.00041455946418722734
X+,7.7,4.7,25.17436954599907,0.0,0.7044564624382469,9.270777564155015e-05,0.00041455946418722734,0.14482147783423588,0.00028215322173524913,-0.00037137884719446726,0.7064691108820313,2.4985666688650242e-06,-1.882281290229804e-06,0.1762475936248148,1.7240555995322197e-06,1.684427313843079e-07,0.7076524241233626,-0.00039495327994780666,-0.0015689723541996155,0.2,0.0,0.0,0.0,0.0,2.962962962962963,2.962962962962963,1.0607330954037764e-05,1.2933206243737061e-05,2.850687520928727,2.807200437665387,-0.000856067931951745,0.00041455946418722734
X+,7.7,4.7,25.20157675399969,0.0,0.7044564624382469,9.270777564155015e-05,0.00041455946418722734,0.14482147783423588,0.00028215322173524913,-0.00037137884719446726,0.7064691108820313,2.4985666688650242e-06,-1.882281290229804e-06,0.1762475936248148,1.7240555995322197e-06,1.684427313843079e-07,0.7076524241233626,-0.00039495327994780666,-0.0015689723541996155,0.2,0.0,0.0,0.0,0.0,2.962962962962963,2.962962962962963,1.0607330954037764e-05,1.2933206243737061e-05,2.850687520928727,2.807200437665387,-0.000856067931951745,0.00041455946418722734
X+,7.7,4.7,25.234077943001466,0.0,0.7044564624382469,9.270777564155015e-05,0.00041455946418722734,0.14482147783423588,0.00028215322173524913,-0.00037137884719446726,0.7064691108820313,2.4985666688650242e-06,-1.882281290229804e-06,0.1762475936248148,1.7240555995322197e-06,1.684427313843079e-07,0.7076524241233626,-0.00039495327994780666,-0.0015689723541996155,0.2,0.0,0.0,0.0,0.0,2.962962962962963,2.962962962962963,1.0607330954037764e-05,1.2933206243737061e-05,2.850687520928727,2.807200437665387,-0.000856067931951745,0.00041455946418722734
X+,7.7,4.7,25.262476654999773,0.0,0.7044564624382469,9.270777564155015e-05,0.00041455946418722734,0.14482147783423588,0.00028215322173524913,-0.00037137884719446726,0.7064691108820313,2.4985666688650242e-06,-1.882281290229804e-06,0.1762475936248148,1.7240555995322197e-06,1.684427313843079e-07,0.7076524241233626,-0.00039495327994780666,-0.0015689723541996155,0.2,0.0,0.0,0.0,0.0,2.962962962962963,2.962962962962963,1.0607330954037764e-05,1.2933206243737061e-05,2.850687520928727,2.807200437665387,-0.000856067931951745,0.00041455946418722734
X+,7.7,4.7,25.294603504000406,0.0,0.7044564624382469,9.270777564155015e-05,0.00041455946418722734,0.14482147783423588,0.00028215322173524913,-0.00037137884719446726,0.7064691108820313,2.4985666688650242e-06,-1.882281290229804e-06,0.1762475936248148,1.7240555995322197e-06,1.684427313843079e-07,0.7076524241233626,-0.00039495327994780666,-0.0015689723541996155,0.2,0.0,0.0,0.0,0.0,2.962962962962963,2.962962962962963,1.0607330954037764e-05,1.2933206243737061e-05,2.850687520928727,2.807200437665387,-0.000856067931951745,0.00041455946418722734
X+,7.7,4.7,25.32753010899978,0.0,0.7044564624382469,9.270777564155015e-05,0.00041455946418722734,0.14482147783423588,0.00028215322173524913,-0.00037137884719446726,0.7064691108820313,2.4985666688650242e-06,-1.882281290229804e-06,0.1762475936248148,1.7240555995322197e-06,1.684427313843079e-07,0.7076524241233626,-0.00039495327994780666,-0.0015689723541996155,0.2,0.0,0.0,0.0,0.0,2.962962962962963,2.962962962962963,1.0607330954037764e-05,1.2933206243737061e-05,2.850687520928727,2.807200437665387,-0.000856067931951745,0.00041455946418722734
X+,7.7,4.7,25.355770452999423,0.0,0.7053252909637674,9.284740034366107e-05,0.000414938925619332,0.14431216060596683,2.3629612385507484e-05,6.569030998578382e-05,0.7064691108820313,2.4985666688650242e-06,-1.882281290229804e-06,0.1762475936248148,1.7240555995322197e-06,1.684427313843079e-07,0.7076524241233626,-0.00039495327994780666,-0.0015689723541996155,0.2,0.0,0.0,0.0,0.0,2.962962962962963,2.962962962962963,1.0748719766695558e-05,1.3933496433082837e-05,2.8713978476577253,2.8259795482904213,-0.000856067931951745,0.00041455946418722734
X+,7.7,4.7,25.37867942899902,0.0,0.7069047106491281,9.312399292684195e-05,0.0004157262617017824,0.14234275115657685,0.0002697575632456639,-0.0002008228881412921,0.7064691108820313,2.4985666688650242e-06,-1.882281290229804e-06,0.1762475936248148,1.7240555995322197e-06,1.684427313843079e-07,0.7076524241233626,-0.00039495327994780666,-0.0015689723541996155,0.2,0.0,0.0,0.0,0.0,2.962962962962963,2.962962962962963,1.0899038602296685e-05,1.496446952398145e-05,2.8940203807534535,2.846714587100781,-0.005330322549352734,0.00041523311257187233
X+,7.7,4.7,25.40785447500093,0.0,0.7091688283799056,9.359335562235047e-05,0.0004168077087177754,0.13975870343592706,0.00024290119111664146,5.525346024874357e-05,0.7064691108820313,2.4985666688650242e-06,-1.882281290229804e-06,0.1762475936248148,1.7240555995322197e-06,1.684427313843079e-07,0.7076524241233626,-0.00039495327994780666,-0.0015689723541996155,0.2,0.0,0.0,0.0,0.0,2.962962962962963,2.962962962962963,1.111380763330061e-05,1.614882973743903e-05,2.9186010236861453,2.869337116264747,-0.0029219582350821956,0.00041668896858986155
X+,7.7,4.7,25.441321703998256,0.0,0.7111147672465806,9.402621790640612e-05,0.00041782864448217485,0.13727821550738925,0.0002255394376334078,0.00030419335413142364,0.7064691108820313,2.4985666688650242e-06,-1.882281290229804e-06,0.1762475936248148,1.7240555995322197e-06,1.684427313843079e-07,0.7076524241233626,-0.00039495327994780666,-0.0015689723541996155,0.2,0.0,0.0,0.0,0.0,2.962962962962963,2.962962962962963,1.1481213315178707e-05,1.8709191718535578e-05,2.9728917736513742,2.9202828184630447,0.0029454270971011587,0.00041738669479395827
X+,7.7,4.7,25.46790480400159,0.0,0.7130248608647405,9.45030964442312e-05,0.00041876247849273766,0.134588841445316,0.00022669786042753257,0.00048080856144443055,0.7252388719561628,2.74596448509038e-06,-2.0999320488442668e-06,0.18769761073632504,2.8272778631681787e-06,-2.1765075861446267e-06,0.7263473650731085,-0.000424216440058674,-0.0015942774065118579,0.2,0.0,0.0,0.0,0.0,2.962962962962963,2.962962962962963,1.1581393522419603e-05,2.0048157942653688e-05,3.00160663329775,2.947512458813064,0.0009478374961445276,0.0004180483121090222
X+,7.800000000000001,4.800000000000001,25.502762829000858,0.10000000000000053,0.7162078741898003,9.537197368929533e-05,0.00042046066289065545,0.1295492155007786,0.0002775169540995598,0.0007201959065240185,0.7252388719561628,2.74596448509038e-06,-2.0999320488442668e-06,0.18769761073632504,2.8272778631681787e-06,-2.1765075861446267e-06,0.7263473650731085,-0.000424216440058674,-0.0015942774065118579,0.2,0.0,0.0,0.0,0.0,2.962962962962963,2.962962962962963,1.2050530401985782e-05,2.4214635259589556e-05,3.080592806900807,3.0180052958728436,0.003546746140685941,0.0004202109700874209
X+,7.800000000000001,4.800000000000001,25.54505566499938,0.0,0.71711312731306,9.565321881411116e-05,0.0004210650487314557,0.1280095047145829,0.0002918540928715704,0.0008018631613264394,0.7252388719561628,2.74596448509038e-06,-2.0999320488442668e-06,0.18769761073632504,2.8272778631681787e-06,-2.1765075861446267e-06,0.7263473650731085,-0.000424216440058674,-0.0015942774065118579,0.2,0.0,0.0,0.0,0.0,2.962962962962963,2.962962962962963,1.2050530401985782e-05,2.4214635259589556e-05,3.080592806900807,3.0180052958728436,0.0011403980976333562,0.0004210650487314557
X+,7.800000000000001,4.800000000000001,25.579298542001197,0.0,0.71711312731306,9.565321881411116e-05,0.0004210650487314557,0.1280095047145829,0.0002918540928715704,0.0008018631613264394,0.7252388719561628,2.74596448509038e-06,-2.0999320488442668e-06,0.18769761073632504,2.8272778631681787e-06,-2.1765075861446267e-06,0.7263473650731085,-0.000424216440058674,-0.0015942774065118579,0.2,0.0,0.0,0.0,0.0,2.962962962962963,2.962962962962963,1.2050530401985782e-05,2.4214635259589556e-05,3.080592806900807,3.0180052958728436,0.0011403980976333562,0.0004210650487314557
X+,7.800000000000001,4.800000000000001,25.611503493000782,0.0,0.71711312731306,9.565321881411116e-05,0.0004210650487314557,0.1280095047145829,0.0002918540928715704,0.0008018631613264394,0.7252388719561628,2.74596448509038e-06,-2.0999320488442668e-06,0.18769761073632504,2.8272778631681787e-06,-2.1765075861446267e-06,0.7263473650731085,-0.000424216440058674,-0.0015942774065118579,0.2,0.0,0.0,0.0,0.0,2.962962962962963,2.962962962962963,1.2050530401985782e-05,2.4214635259589556e-05,3.080592806900807,3.0180052958728436,0.0011403980976333562,0.0004210650487314557
X+,7.800000000000001,4.800000000000001,25.650121876999037,0.0,0.71711312731306,9.565321881411116e-05,0.0004210650487314557,0.1280095047145829,0.0002918540928715704,0.0008018631613264394,0.7252388719561628,2.74596448509038e-06,-2.0999320488442668e-06,0.18769761073632504,2.8272778631681787e-06,-2.1765075861446267e-06,0.7263473650731085,-0.000424216440058674,-0.0015942774065118579,0.2,0.0,0.0,0.0,0.0,2.962962962962963,2.962962962962963,1.2050530401985782e-05,2.4214635259589556e-05,3.080592806900807,3.0180052958728436,0.0011403980976333562,0.0004210650487314557
X+,7.800000000000001,4.800000000000001,25.69619159799913,0.0,0.71711312731306,9.565321881411116e-05,0.0004210650487314557,0.1280095047145829,0.0002918540928715704,0.0008018631613264394,0.7252388719561628,2.74596448509038e-06,-2.0999320488442668e-06,0.18769761073632504,2.8272778631681787e-06,-2.1765075861446267e-06,0.7263473650731085,-0.000424216440058674,-0.0015942774065118579,0.2,0.0,0.0,0.0,0.0,2.962962962962963,2.962962962962963,1.2050530401985782e-05,2.4214635259589556e-05,3.080592806900807,3.0180052958728436,0.0011403980976333562,0.0004210650487314557
X+,7.800000000000001,4.800000000000001,25.723086836998846,0.0,0.71711312731306,9.565321881411116e-05,0.0004210650487314557,0.1280095047145829,0.0002918540928715704,0.0008018631613264394,0.7252388719561628,2.74596448509038e-06,-2.0999320488442668e-06,0.18769761073632504,2.8272778631681787e-06,-2.1765075861446267e-06,0.7263473650731085,-0.000424216440058674,-0.0015942774065118579,0.2,0.0,0.0,0.0,0.0,2.962962962962963,2.962962962962963,1.2050530401985782e-05,2.4214635259589556e-05,3.080592806900807,3.0180052958728436,0.0011403980976333562,0.0004210650487314557
X+,7.800000000000001,4.800000000000001,25.75480621400129,0.0,0.71711312731306,9.565321881411116e-05,0.0004210650487314557,0.1280095047145829,0.0002918540928715704,0.0008018631613264394,0.7252388719561628,2.74596448509038e-06,-2.0999320488442668e-06,0.18769761073632504,2.8272778631681787e-06,-2.1765075861446267e-06,0.7263473650731085,-0.000424216440058674,-0.0015942774065118579,0.2,0.0,0.0,0.0,0.0,2.962962962962963,2.962962962962963,1.2050530401985782e-05,2.4214635259589556e-05,3.080592806900807,3.0180052958728436,0.0011403980976333562,0.0004210650487314557
X+,7.800000000000001,4.800000000000001,25.78604669500055,0.0,0.71711312731306,9.565321881411116e-05,0.0004210650487314557,0.1280095047145829,0.0002918540928715704,0.0008018631613264394,0.7252388719561628,2.74596448509038e-06,-2.0999320488442668e-06,0.18769761073632504,2.8272778631681787e-06,-2.1765075861446267e-06,0.7263473650731085,-0.000424216440058674,-0.0015942774065118579,0.2,0.0,0.0,0.0,0.0,2.962962962962963,2.962962962962963,1.2050530401985782e-05,2.4214635259589556e-05,3.080592806900807,3.0180052958728436,0.0011403980976333562,0.0004210650487314557
X+,7.800000000000001,4.800000000000001,25.813173687998642,0.0,0.71711312731306,9.565321881411116e-05,0.0004210650487314557,0.1280095047145829,0.0002918540928715704,0.0008018631613264394,0.7252388719561628,2.74596448509038e-06,-2.0999320488442668e-06,0.18769761073632504,2.8272778631681787e-06,-2.1765075861446267e-06,0.7263473650731085,-0.000424216440058674,-0.0015942774065118579,0.2,0.0,0.0,0.0,0.0,2.962962962962963,2.962962962962963,1.2050530401985782e-05,2.4214635259589556e-05,3.080592806900807,3.0180052958728436,0.0011403980976333562,0.0004210650487314557
X+,7.800000000000001,4.800000000000001,25.847865095998714,0.0,0.71711312731306,9.565321881411116e-05,0.0004210650487314557,0.1280095047145829,0.0002918540928715704,0.0008018631613264394,0.7252388719561628,2.74596448509038e-06,-2.0999320488442668e-06,0.18769761073632504,2.8272778631681787e-06,-2.1765075861446267e-06,0.7263473650731085,-0.000424216440058674,-0.0015942774065118579,0.2,0.0,0.0,0.0,0.0,2.962962962962963,2.962962962962963,1.2050530401985782e-05,2.4214635259589556e-05,3.080592806900807,3.0180052958728436,0.0011403980976333562,0.0004210650487314557
X+,7.800000000000001,4.800000000000001,25.874599260998366,0.0,0.71711312731306,9.565321881411116e-05,0.0004210650487314557,0.1280095047145829,0.0002918540928715704,0.0008018631613264394,0.7252388719561628,2.74596448509038e-06,-2.0999320488442668e-06,0.18769761073632504,2.8272778631681787e-06,-2.1765075861446267e-06,0.7263473650731085,-0.000424216440058674,-0.0015942774065118579,0.2,0.0,0.0,0.0,0.0,2.962962962962963,2.962962962962963,1.2050530401985782e-05,2.4214635259589556e-05,3.080592806900807,3.0180052958728436,0.0011403980976333562,0.0004210650487314557
X+,7.800000000000001,4.800000000000001,25.904750191999483,0.0,0.7174977989853629,9.577697492808498e-05,0.0004213742139474505,0.1273454010373989,0.0002939607772886346,0.0008457927920762086,0.7252388719561628,2.74596448509038e-06,-2.0999320488442668e-06,0.18769761073632504,2.8272778631681787e-06,-2.1765075861446267e-06,0.7263473650731085,-0.000424216440058674,-0.0015942774065118579,0.2,0.0,0.0,0.0,0.0,2.962962962962963,2.962962962962963,1.2237914500445868e-05,2.5633707491756752e-05,3.097887375783053,3.0303879525016106,0.0011403980976333562,0.0004210650487314557
X+,7.800000000000001,4.800000000000001,25.93558428599863,0.0,0.719764153577197,9.652627051524865e-05,0.00042270684055755885,0.12338595390174645,0.00031316888206568314,0.000993791679252688,0.7252388719561628,2.74596448509038e-06,-2.0999320488442668e-06,0.18769761073632504,2.8272778631681787e-06,-2.1765075861446267e-06,0.7263473650731085,-0.000424216440058674,-0.0015942774065118579,0.2,0.0,0.0,0.0,0.0,2.962962962962963,2.962962962962963,1.2539231517116889e-05,2.7613225697109556e-05,3.104394818219459,3.023031485689264,0.0006830939698557182,0.00042271360794121816
X+,7.800000000000001,4.800000000000001,25.96622479600046,0.0,0.7220809483386995,9.652553022028096e-05,0.00042233567782519764,0.1194950638203513,0.0003261998790829238,0.0011412592794202883,0.7252388719561628,2.74596448509038e-06,-2.0999320488442668e-06,0.18769761073632504,2.8272778631681787e-06,-2.1765075861446267e-06,0.7263473650731085,-0.000424216440058674,-0.0015942774065118579,0.2,0.0,0.0,0.0,0.0,2.962962962962963,2.962962962962963,1.2594996241510614e-05,2.7078116361600735e-05,3.0601444950547023,2.9617867054011158,-0.0010024668068221256,0.0004222863735587468
X+,7.800000000000001,4.800000000000001,26.009626813000068,0.0,0.7247934390989058,9.583929977905262e-05,0.0004215801831038762,0.11567202988231706,0.0001846034215550768,0.0011816859111820261,0.7441213910437929,3.0542014921420354e-06,-2.4858140434496654e-06,0.1888251908694129,3.4788901404597484e-06,-3.858819946053982e-06,0.725824083011197,-0.00042571253700652667,-0.0014638900667658392,0.2,0.0,0.0,0.0,0.0,2.962962962962963,2.962962962962963,1.0722516199379584e-05,2.020176462025347e-05,2.9580232679975778,2.8526260591565933,-0.0012141661702690168,0.0004215801831038762
X+,7.9,4.9,26.0441838020015,0.09999999999999964,0.7269732455392345,9.513160800554352e-05,0.0004237035913276365,0.11348640876482392,0.00046788712820190927,0.0008648821779409829,0.7441213910437929,3.0542014921420354e-06,-2.4858140434496654e-06,0.1888251908694129,3.4788901404597484e-06,-3.858819946053982e-06,0.725824083011197,-0.00042571253700652667,-0.0014638900667658392,0.2,0.0,0.0,0.0,0.0,2.962962962962963,2.962962962962963,2.906016994153049e-06,-1.491593438274208e-05,2.7964744885605555,2.7014135387798177,0.0037957867826731223,0.0004215520294337064
X+,7.9,4.9,26.066912131998834,0.0,0.7291194681047857,9.390468396607964e-05,0.0004280012939180195,0.11274513198220078,-0.00017979741112976984,0.0007199859794250158,0.7441213910437929,3.0542014921420354e-06,-2.4858140434496654e-06,0.1888251908694129,3.4788901404597484e-06,-3.858819946053982e-06,0.725824083011197,-0.00042571253700652667,-0.0014638900667658392,0.2,0.0,0.0,0.0,0.0,2.962962962962963,2.962962962962963,-3.437404965112023e-06,2.3462959086728574e-06,2.5574279153360266,2.402867485688276,-0.0029771510905622764,0.0004249205626692846
X+,7.9,4.9,26.103103279001516,0.0,0.7291194681047857,9.390468396607964e-05,0.0004280012939180195,0.11274513198220078,-0.00017979741112976984,0.0007199859794250158,0.7441213910437929,3.0542014921420354e-06,-2.4858140434496654e-06,0.1888251908694129,3.4788901404597484e-06,-3.858819946053982e-06,0.725824083011197,-0.00042571253700652667,-0.0014638900667658392,0.2,0.0,0.0,0.0,0.0,2.962962962962963,2.962962962962963,-3.437404965112023e-06,2.3462959086728574e-06,2.5574279153360266,2.402867485688276,-0.0029771510905622764,0.0004249205626692846
X+,7.9,4.9,26.139664916001493,0.0,0.7291194681047857,9.390468396607964e-05,0.0004280012939180195,0.11274513198220078,-0.00017979741112976984,0.0007199859794250158,0.7441213910437929,3.0542014921420354e-06,-2.4858140434496654e-06,0.1888251908694129,3.4788901404597484e-06,-3.858819946053982e-06,0.725824083011197,-0.00042571253700652667,-0.0014638900667658392,0.2,0.0,0.0,0.0,0.0,2.962962962962963,2.962962962962963,-3.437404965112023e-06,2.3462959086728574e-06,2.5574279153360266,2.402867485688276,-0.0029771510905622764,0.0004249205626692846
X+,7.9,4.9,26.1675950309982,0.0,0.7291194681047857,9.390468396607964e-05,0.0004280012939180195,0.11274513198220078,-0.00017979741112976984,0.0007199859794250158,0.7441213910437929,3.0542014921420354e-06,-2.4858140434496654e-06,0.1888251908694129,3.4788901404597484e-06,-3.858819946053982e-06,0.725824083011197,-0.00042571253700652667,-0.0014638900667658392,0.2,0.0,0.0,0.0,0.0,2.962962962962963,2.962962962962963,-3.437404965112023e-06,2.3462959086728574e-06,2.5574279153360266,2.402867485688276,-0.0029771510905622764,0.0004249205626692846
X+,7.9,4.9,26.19131616699815,0.0,0.7291194681047857,9.390468396607964e-05,0.0004280012939180195,0.11274513198220078,-0.00017979741112976984,0.0007199859794250158,0.7441213910437929,3.0542014921420354e-06,-2.4858140434496654e-06,0.1888251908694129,3.4788901404597484e-06,-3.858819946053982e-06,0.725824083011197,-0.00042571253700652667,-0.0014638900667658392,0.2,0.0,0.0,0.0,0.0,2.962962962962963,2.962962962962963,-3.437404965112023e-06,2.3462959086728574e-06,2.5574279153360266,2.402867485688276,-0.0029771510905622764,0.0004249205626692846
X+,7.9,4.9,26.217091413000162,0.0,0.7291194681047857,9.390468396607964e-05,0.0004280012939180195,0.11274513198220078,-0.00017979741112976984,0.0007199859794250158,0.7441213910437929,3.0542014921420354e-06,-2.4858140434496654e-06,0.1888251908694129,3.4788901404597484e-06,-3.858819946053982e-06,0.725824083011197,-0.00042571253700652667,-0.0014638900667658392,0.2,0.0,0.0,0.0,0.0,2.962962962962963,2.962962962962963,-3.437404965112023e-06,2.3462959086728574e-06,2.5574279153360266,2.402867485688276,-0.0029771510905622764,0.0004249205626692846
X+,7.9,4.9,26.24276509599804,0.0,0.7291194681047857,9.390468396607964e-05,0.0004280012939180195,0.11274513198220078,-0.00017979741112976984,0.0007199859794250158,0.7441213910437929,3.0542014921420354e-06,-2.4858140434496654e-06,0.1888251908694129,3.4788901404597484e-06,-3.858819946053982e-06,0.725824083011197,-0.00042571253700652667,-0.0014638900667658392,0.2,0.0,0.0,0.0,0.0,2.962962962962963,2.962962962962963,-3.437404965112023e-06,2.3462959086728574e-06,2.5574279153360266,2.402867485688276,-0.0029771510905622764,0.0004249205626692846
X+,7.9,4.9,26.27143472700118,0.0,0.7291194681047857,9.390468396607964e-05,0.0004280012939180195,0.11274513198220078,-0.00017979741112976984,0.0007199859794250158,0.7441213910437929,3.0542014921420354e-06,-2.4858140434496654e-06,0.1888251908694129,3.4788901404597484e-06,-3.858819946053982e-06,0.725824083011197,-0.00042571253700652667,-0.0014638900667658392,0.2,0.0,0.0,0.0,0.0,2.962962962962963,2.962962962962963,-3.437404965112023e-06,2.3462959086728574e-06,2.5574279153360266,2.402867485688276,-0.0029771510905622764,0.0004249205626692846
X+,7.9,4.9,26.30436010500125,0.0,0.7291194681047857,9.390468396607964e-05,0.0004280012939180195,0.11274513198220078,-0.00017979741112976984,0.0007199859794250158,0.7441213910437929,3.0542014921420354e-06,-2.4858140434496654e-06,0.1888251908694129,3.4788901404597484e-06,-3.858819946053982e-06,0.725824083011197,-0.00042571253700652667,-0.0014638900667658392,0.2,0.0,0.0,0.0,0.0,2.962962962962963,2.962962962962963,-3.437404965112023e-06,2.3462959086728574e-06,2.5574279153360266,2.402867485688276,-0.0029771510905622764,0.0004249205626692846
X+,7.9,4.9,26.33163857999898,0.0,0.7291194681047857,9.390468396607964e-05,0.0004280012939180195,0.11274513198220078,-0.00017979741112976984,0.0007199859794250158,0.7441213910437929,3.0542014921420354e-06,-2.4858140434496654e-06,0.1888251908694129,3.4788901404597484e-06,-3.858819946053982e-06,0.725824083011197,-0.00042571253700652667,-0.0014638900667658392,0.2,0.0,0.0,0.0,0.0,2.962962962962963,2.962962962962963,-3.437404965112023e-06,2.3462959086728574e-06,2.5574279153360266,2.402867485688276,-0.0029771510905622764,0.0004249205626692846
X+,7.9,4.9,26.358536933999858,0.0,0.7291194681047857,9.390468396607964e-05,0.0004280012939180195,0.11274513198220078,-0.00017979741112976984,0.0007199859794250158,0.7441213910437929,3.0542014921420354e-06,-2.4858140434496654e-06,0.1888251908694129,3.4788901404597484e-06,-3.858819946053982e-06,0.725824083011197,-0.00042571253700652667,-0.0014638900667658392,0.2,0.0,0.0,0.0,0.0,2.962962962962963,2.962962962962963,-3.437404965112023e-06,2.3462959086728574e-06,2.5574279153360266,2.402867485688276,-0.0029771510905622764,0.0004249205626692846
X+,7.9,4.9,26.385061045999464,0.0,0.7291194681047857,9.390468396607964e-05,0.0004280012939180195,0.11274513198220078,-0.00017979741112976984,0.0007199859794250158,0.7441213910437929,3.0542014921420354e-06,-2.4858140434496654e-06,0.1888251908694129,3.4788901404597484e-06,-3.858819946053982e-06,0.725824083011197,-0.00042571253700652667,-0.0014638900667658392,0.2,0.0,0.0,0.0,0.0,2.962962962962963,2.962962962962963,-3.437404965112023e-06,2.3462959086728574e-06,2.5574279153360266,2.402867485688276,-0.0029771510905622764,0.0004249205626692846
X+,7.9,4.9,26.411432008000702,0.0,0.7291194681047857,9.390468396607964e-05,0.0004280012939180195,0.11274513198220078,-0.00017979741112976984,0.0007199859794250158,0.7441213910437929,3.0542014921420354e-06,-2.4858140434496654e-06,0.1888251908694129,3.4788901404597484e-06,-3.858819946053982e-06,0.725824083011197,-0.00042571253700652667,-0.0014638900667658392,0.2,0.0,0.0,0.0,0.0,2.962962962962963,2.962962962962963,-3.437404965112023e-06,2.3462959086728574e-06,2.5574279153360266,2.402867485688276,-0.0029771510905622764,0.0004249205626692846
X+,7.9,4.9,26.440528900999198,0.0,0.7291194681047857,9.390468396607964e-05,0.0004280012939180195,0.11274513198220078,-0.00017979741112976984,0.0007199859794250158,0.7441213910437929,3.0542014921420354e-06,-2.4858140434496654e-06,0.1888251908694129,3.4788901404597484e-06,-3.858819946053982e-06,0.725824083011197,-0.00042571253700652667,-0.0014638900667658392,0.2,0.0,0.0,0.0,0.0,2.962962962962963,2.962962962962963,-3.437404965112023e-06,2.3462959086728574e-06,2.5574279153360266,2.402867485688276,-0.0029771510905622764,0.0004249205626692846
X+,7.9,4.9,26.46493552299944,0.0,0.7294581473923688,9.247335146129586e-05,0.0004312615396216705,0.11285414774688834,-0.0003373108567313079,0.0014634894915764316,0.7441213910437929,3.0542014921420354e-06,-2.4858140434496654e-06,0.1888251908694129,3.4788901404597484e-06,-3.858819946053982e-06,0.725824083011197,-0.00042571253700652667,-0.0014638900667658392,0.2,0.0,0.0,0.0,0.0,2.962962962962963,2.962962962962963,-3.437404965112023e-06,2.3462959086728574e-06,2.5574279153360266,2.402867485688276,0.001575303143544795,0.00043002682882934404
X+,7.9,4.9,26.496835717000067,0.0,0.7316316421632283,7.915257802482926e-05,0.0005321145221708171,0.11587839626153587,0.00011605518526539623,0.007835068428180297,0.7441213910437929,3.0542014921420354e-06,-2.4858140434496654e-06,0.1888251908694129,3.4788901404597484e-06,-3.858819946053982e-06,0.725824083011197,-0.00042571253700652667,-0.0014638900667658392,0.2,0.0,0.0,0.0,0.0,2.962962962962963,2.962962962962963,-1.2052681102048268e-06,2.1146203436295252e-05,2.147486394701045,1.951359953023929,0.005689058022274631,0.00047310759842791053
X+,7.9,4.9,26.526494219000597,0.0,0.7337727431340123,8.638551100676687e-05,0.0005785535032583901,0.1215027260189328,0.0004458698190479283,-9.665162324272577e-06,0.7441213910437929,3.0542014921420354e-06,-2.4858140434496654e-06,0.1888251908694129,3.4788901404597484e-06,-3.858819946053982e-06,0.725824083011197,-0.00042571253700652667,-0.0014638900667658392,0.2,0.0,0.0,0.0,0.0,2.962962962962963,2.962962962962963,1.0080843692250596e-05,2.8241621241598125e-05,1.8195116629831862,1.6612109016638443,-0.000345163684916465,0.0005782738805868511
X+,7.9,4.9,26.552270642998337,0.0,0.7356432751174291,8.771053009644023e-05,0.0005691279509735299,0.127276182485991,0.00017462386936655227,-0.0001954566184338525,0.7441213910437929,3.0542014921420354e-06,-2.4858140434496654e-06,0.1888251908694129,3.4788901404597484e-06,-3.858819946053982e-06,0.725824083011197,-0.00042571253700652667,-0.0014638900667658392,0.2,0.0,0.0,0.0,0.0,2.962962962962963,2.962962962962963,1.1196628157961186e-05,2.7071899473263272e-05,1.7133251763994444,1.5995261690233578,0.0002865957774593616,0.000569931969993487
X+,7.9,4.9,26.58603457999925,0.0,0.7380068650804481,8.882564534421194e-05,0.0005632685043901416,0.13486363406681404,0.0003011451490136138,-0.00027222237649776116,0.7546728225772178,3.226989475304402e-06,-2.741838894462604e-06,0.10187622880427832,1.7675832819276045e-06,-2.2349039067301042e-06,0.7454616371727674,-0.0004536158683857254,-0.0013381506843406228,0.2,0.0,0.0,0.0,0.0,2.962962962962963,2.962962962962963,8.896437684313696e-06,2.2217980304439777e-05,1.5960573749036622,1.5025934143405908,0.002211574697356459,0.0005660060883497387
X+,8.0,5.0,26.620567969999684,0.09999999999999964,0.7412305227585321,9.149734318394595e-05,0.0005570949672751906,0.14507802900133543,0.0003808529461957229,-0.00039860641594378926,0.7546728225772178,3.226989475304402e-06,-2.741838894462604e-06,0.10187622880427832,1.7675832819276045e-06,-2.2349039067301042e-06,0.7454616371727674,-0.0004536158683857254,-0.0013381506843406228,0.2,0.0,0.0,0.0,0.0,2.962962962962963,2.962962962962963,-5.928725649084754e-06,1.7906774189668795e-05,1.5128960159554619,1.5434806356694022,0.003059578670301838,0.0005596306920417252
X+,8.0,5.0,26.64662226300061,0.0,0.7416679875407367,9.177535387181e-05,0.0005565434549058462,0.1463943870532704,0.00038981458261653395,-0.0004280130644070527,0.7546728225772178,3.226989475304402e-06,-2.741838894462604e-06,0.10187622880427832,1.7675832819276045e-06,-2.2349039067301042e-06,0.7454616371727674,-0.0004536158683857254,-0.0013381506843406228,0.2,0.0,0.0,0.0,0.0,2.962962962962963,2.962962962962963,-5.928725649084754e-06,1.7906774189668795e-05,1.5128960159554619,1.5434806356694022,0.00026851040747616925,0.0005570949672751906
X+,8.0,5.0,26.67782309500035,0.0,0.7416679875407367,9.177535387181e-05,0.0005565434549058462,0.1463943870532704,0.00038981458261653395,-0.0004280130644070527,0.7546728225772178,3.226989475304402e-06,-2.741838894462604e-06,0.10187622880427832,1.7675832819276045e-06,-2.2349039067301042e-06,0.7454616371727674,-0.0004536158683857254,-0.0013381506843406228,0.2,0.0,0.0,0.0,0.0,2.962962962962963,2.962962962962963,-5.928725649084754e-06,1.7906774189668795e-05,1.5128960159554619,1.5434806356694022,0.00026851040747616925,0.0005570949672751906
X+,8.0,5.0,26.708383701999992,0.0,0.7416679875407367,9.177535387181e-05,0.0005565434549058462,0.1463943870532704,0.00038981458261653395,-0.0004280130644070527,0.7546728225772178,3.226989475304402e-06,-2.741838894462604e-06,0.10187622880427832,1.7675832819276045e-06,-2.2349039067301042e-06,0.7454616371727674,-0.0004536158683857254,-0.0013381506843406228,0.2,0.0,0.0,0.0,0.0,2.962962962962963,2.962962962962963,-5.928725649084754e-06,1.7906774189668795e-05,1.5128960159554619,1.5434806356694022,0.00026851040747616925,0.0005570949672751906
X+,8.0,5.0,26.73470470599932,0.0,0.7416679875407367,9.177535387181e-05,0.0005565434549058462,0.1463943870532704,0.00038981458261653395,-0.0004280130644070527,0.7546728225772178,3.226989475304402e-06,-2.741838894462604e-06,0.10187622880427832,1.7675832819276045e-06,-2.2349039067301042e-06,0.7454616371727674,-0.0004536158683857254,-0.0013381506843406228,0.2,0.0,0.0,0.0,0.0,2.962962962962963,2.962962962962963,-5.928725649084754e-06,1.7906774189668795e-05,1.5128960159554619,1.5434806356694022,0.00026851040747616925,0.0005570949672751906
X+,8.0,5.0,26.777322755999194,0.0,0.7416679875407367,9.177535387181e-05,0.0005565434549058462,0.1463943870532704,0.00038981458261653395,-0.0004280130644070527,0.7546728225772178,3.226989475304402e-06,-2.741838894462604e-06,0.10187622880427832,1.7675832819276045e-06,-2.2349039067301042e-06,0.7454616371727674,-0.0004536158683857254,-0.0013381506843406228,0.2,0.0,0.0,0.0,0.0,2.962962962962963,2.962962962962963,-5.928725649084754e-06,1.7906774189668795e-05,1.5128960159554619,1.5434806356694022,0.00026851040747616925,0.0005570949672751906
X+,8.0,5.0,26.80430847399839,0.0,0.7416679875407367,9.177535387181e-05,0.0005565434549058462,0.1463943870532704,0.00038981458261653395,-0.0004280130644070527,0.7546728225772178,3.226989475304402e-06,-2.741838894462604e-06,0.10187622880427832,1.7675832819276045e-06,-2.2349039067301042e-06,0.7454616371727674,-0.0004536158683857254,-0.0013381506843406228,0.2,0.0,0.0,0.0,0.0,2.962962962962963,2.962962962962963,-5.928725649084754e-06,1.7906774189668795e-05,1.5128960159554619,1.5434806356694022,0.00026851040747616925,0.0005570949672751906
X+,8.0,5.0,26.829499007999402,0.0,0.7416679875407367,9.177535387181e-05,0.0005565434549058462,0.1463943870532704,0.00038981458261653395,-0.0004280130644070527,0.7546728225772178,3.226989475304402e-06,-2.741838894462604e-06,0.10187622880427832,1.7675832819276045e-06,-2.2349039067301042e-06,0.7454616371727674,-0.0004536158683857254,-0.0013381506843406228,0.2,0.0,0.0,0.0,0.0,2.962962962962963,2.962962962962963,-5.928725649084754e-06,1.7906774189668795e-05,1.5128960159554619,1.5434806356694022,0.00026851040747616925,0.0005570949672751906
X+,8.0,5.0,26.85468365199995,0.0,0.7416679875407367,9.177535387181e-05,0.0005565434549058462,0.1463943870532704,0.00038981458261653395,-0.0004280130644070527,0.7546728225772178,3.226989475304402e-06,-2.741838894462604e-06,0.10187622880427832,1.7675832819276045e-06,-2.2349039067301042e-06,0.7454616371727674,-0.0004536158683857254,-0.0013381506843406228,0.2,0.0,0.0,0.0,0.0,2.962962962962963,2.962962962962963,-5.928725649084754e-06,1.7906774189668795e-05,1.5128960159554619,1.5434806356694022,0.00026851040747616925,0.0005570949672751906
X+,8.0,5.0,26.883717322998564,0.0,0.7416679875407367,9.177535387181e-05,0.0005565434549058462,0.1463943870532704,0.00038981458261653395,-0.0004280130644070527,0.7546728225772178,3.226989475304402e-06,-2.741838894462604e-06,0.10187622880427832,1.7675832819276045e-06,-2.2349039067301042e-06,0.7454616371727674,-0.0004536158683857254,-0.0013381506843406228,0.2,0.0,0.0,0.0,0.0,2.962962962962963,2.962962962962963,-5.928725649084754e-06,1.7906774189668795e-05,1.5128960159554619,1.5434806356694022,0.00026851040747616925,0.0005570949672751906
X+,8.0,5.0,26.9104430519983,0.0,0.7416679875407367,9.177535387181e-05,0.0005565434549058462,0.1463943870532704,0.00038981458261653395,-0.0004280130644070527,0.7546728225772178,3.226989475304402e-06,-2.741838894462604e-06,0.10187622880427832,1.7675832819276045e-06,-2.2349039067301042e-06,0.7454616371727674,-0.0004536158683857254,-0.0013381506843406228,0.2,0.0,0.0,0.0,0.0,2.962962962962963,2.962962962962963,-5.928725649084754e-06,1.7906774189668795e-05,1.5128960159554619,1.5434806356694022,0.00026851040747616925,0.0005570949672751906
X+,8.0,5.0,26.936503965000156,0.0,0.7416679875407367,9.177535387181e-05,0.0005565434549058462,0.1463943870532704,0.00038981458261653395,-0.0004280130644070527,0.7546728225772178,3.226989475304402e-06,-2.741838894462604e-06,0.10187622880427832,1.7675832819276045e-06,-2.2349039067301042e-06,0.7454616371727674,-0.0004536158683857254,-0.0013381506843406228,0.2,0.0,0.0,0.0,0.0,2.962962962962963,2.962962962962963,-5.928725649084754e-06,1.7906774189668795e-05,1.5128960159554619,1.5434806356694022,0.00026851040747616925,0.0005570949672751906
X+,8.0,5.0,26.96674134299974,0.0,0.7416679875407367,9.177535387181e-05,0.0005565434549058462,0.1463943870532704,0.00038981458261653395,-0.0004280130644070527,0.7546728225772178,3.226989475304402e-06,-2.741838894462604e-06,0.10187622880427832,1.7675832819276045e-06,-2.2349039067301042e-06,0.7454616371727674,-0.0004536158683857254,-0.0013381506843406228,0.2,0.0,0.0,0.0,0.0,2.962962962962963,2.962962962962963,-5.928725649084754e-06,1.7906774189668795e-05,1.5128960159554619,1.5434806356694022,0.00026851040747616925,0.0005570949672751906
X+,8.0,5.0,26.996446778000973,0.0,0.7416679875407367,9.177535387181e-05,0.0005565434549058462,0.1463943870532704,0.00038981458261653395,-0.0004280130644070527,0.7546728225772178,3.226989475304402e-06,-2.741838894462604e-06,0.10187622880427832,1.7675832819276045e-06,-2.2349039067301042e-06,0.7454616371727674,-0.0004536158683857254,-0.0013381506843406228,0.2,0.0,0.0,0.0,0.0,2.962962962962963,2.962962962962963,-5.928725649084754e-06,1.7906774189668795e-05,1.5128960159554619,1.5434806356694022,0.00026851040747616925,0.0005570949672751906
X+,8.0,5.0,27.0231129950007,0.0,0.7416679875407367,9.177535387181e-05,0.0005565434549058462,0.1463943870532704,0.00038981458261653395,-0.0004280130644070527,0.7546728225772178,3.226989475304402e-06,-2.741838894462604e-06,0.10187622880427832,1.7675832819276045e-06,-2.2349039067301042e-06,0.7454616371727674,-0.0004536158683857254,-0.0013381506843406228,0.2,0.0,0.0,0.0,0.0,2.962962962962963,2.962962962962963,-5.928725649084754e-06,1.7906774189668795e-05,1.5128960159554619,1.5434806356694022,0.00026851040747616925,0.0005570949672751906
X+,8.0,5.0,27.0541562110011,0.0,0.7425544574887722,9.232336511307091e-05,0.0005554110282135922,0.14920804763759962,7.442664473759641e-05,-0.00014491964209348241,0.7546728225772178,3.226989475304402e-06,-2.741838894462604e-06,0.10187622880427832,1.7675832819276045e-06,-2.2349039067301042e-06,0.7454616371727674,-0.0004536158683857254,-0.0013381506843406228,0.2,0.0,0.0,0.0,0.0,2.962962962962963,2.962962962962963,5.981532839705039e-06,1.5639417343393802e-05,1.480835040545585,1.605231021689801,0.0031530957877482766,0.0005554110282135922
X+,8.0,5.0,27.082429682999646,0.0,0.7459276021533926,9.418202880925354e-05,0.0005523612151533781,0.15737543330490786,0.00039920726190037357,-0.000638975454004073,0.7546728225772178,3.226989475304402e-06,-2.741838894462604e-06,0.10187622880427832,1.7675832819276045e-06,-2.2349039067301042e-06,0.7454616371727674,-0.0004536158683857254,-0.0013381506843406228,0.2,0.0,0.0,0.0,0.0,2.962962962962963,2.962962962962963,6.622468126771253e-06,1.1393875481324756e-05,1.6148272768953444,1.7316636485756156,0.0009103323778807245,0.0005523612151533781
X+,8.0,5.0,27.10897348599974,0.0,0.7488147953675036,9.578957632467178e-05,0.0005499231024737043,0.16319973999166199,0.0003867079262171722,-0.000669071659570798,0.7546728225772178,3.226989475304402e-06,-2.741838894462604e-06,0.10187622880427832,1.7675832819276045e-06,-2.2349039067301042e-06,0.7454616371727674,-0.0004536158683857254,-0.0013381506843406228,0.2,0.0,0.0,0.0,0.0,2.962962962962963,2.962962962962963,5.73913910528745e-06,7.967623436577753e-06,1.7536000942057337,1.8592990489600245,0.0009750318555336443,0.0005506509377678063
X+,8.0,5.0,27.149079104998236,0.0,0.7516303961164533,9.721924546201004e-05,0.0005477440819118308,0.16785335921189531,0.0003653796884421983,-0.0006737873726917375,0.76698397338579,3.260600591997806e-06,-2.7504820462705187e-06,0.1231115080843384,6.736630881577357e-07,-8.643151807915028e-08,0.7555800418041949,-0.00046440164983235614,-0.0012148592409229055,0.2,0.0,0.0,0.0,0.0,2.962962962962963,2.962962962962963,5.391627214912376e-06,5.548530795707052e-06,1.8859697593291187,1.9793837127645044,0.0025373757676903728,0.0005468987501222862
X+,8.1,5.1,27.180809244000557,0.09999999999999964,0.7564203879298794,9.952863587377354e-05,0.0005442687455333967,0.17391343685041635,0.0003490808648398077,-0.0007168504731463489,0.76698397338579,3.260600591997806e-06,-2.7504820462705187e-06,0.1231115080843384,6.736630881577357e-07,-8.643151807915028e-08,0.7555800418041949,-0.00046440164983235614,-0.0012148592409229055,0.2,0.0,0.0,0.0,0.0,2.962962962962963,2.962962962962963,5.0477091022571585e-06,5.543359721471575e-06,2.0050080395202974,2.08711489239612,-0.0009372692779114241,0.0005442687455333967
X+,8.1,5.1,27.20753977200002,0.0,0.758168733982953,0.00010038370786883549,0.0005428834273073928,0.17565084471021372,0.00033405067102739946,-0.0006961762967017577,0.76698397338579,3.260600591997806e-06,-2.7504820462705187e-06,0.1231115080843384,6.736630881577357e-07,-8.643151807915028e-08,0.7555800418041949,-0.00046440164983235614,-0.0012148592409229055,0.2,0.0,0.0,0.0,0.0,2.962962962962963,2.962962962962963,-4.157622186973242e-06,-5.077436796341317e-06,2.1086488004494486,2.180948904599515,0.0005051421335685746,0.0005428834273073928
X+,8.1,5.1,27.242821454001387,0.0,0.758168733982953,0.00010038370786883549,0.0005428834273073928,0.17565084471021372,0.00033405067102739946,-0.0006961762967017577,0.76698397338579,3.260600591997806e-06,-2.7504820462705187e-06,0.1231115080843384,6.736630881577357e-07,-8.643151807915028e-08,0.7555800418041949,-0.00046440164983235614,-0.0012148592409229055,0.2,0.0,0.0,0.0,0.0,2.962962962962963,2.962962962962963,-4.157622186973242e-06,-5.077436796341317e-06,2.1086488004494486,2.180948904599515,0.0005051421335685746,0.0005428834273073928
X+,8.1,5.1,27.270431769000425,0.0,0.758168733982953,0.00010038370786883549,0.0005428834273073928,0.17565084471021372,0.00033405067102739946,-0.0006961762967017577,0.76698397338579,3.260600591997806e-06,-2.7504820462705187e-06,0.1231115080843384,6.736630881577357e-07,-8.643151807915028e-08,0.7555800418041949,-0.00046440164983235614,-0.0012148592409229055,0.2,0.0,0.0,0.0,0.0,2.962962962962963,2.962962962962963,-4.157622186973242e-06,-5.077436796341317e-06,2.1086488004494486,2.180948904599515,0.0005051421335685746,0.0005428834273073928
X+,8.1,5.1,27.297402445001353,0.0,0.758168733982953,0.00010038370786883549,0.0005428834273073928,0.17565084471021372,0.00033405067102739946,-0.0006961762967017577,0.76698397338579,3.260600591997806e-06,-2.7504820462705187e-06,0.1231115080843384,6.736630881577357e-07,-8.643151807915028e-08,0.7555800418041949,-0.00046440164983235614,-0.0012148592409229055,0.2,0.0,0.0,0.0,0.0,2.962962962962963,2.962962962962963,-4.157622186973242e-06,-5.077436796341317e-06,2.1086488004494486,2.180948904599515,0.0005051421335685746,0.0005428834273073928
X+,8.1,5.1,27.32729075200041,0.0,0.758168733982953,0.00010038370786883549,0.0005428834273073928,0.17565084471021372,0.00033405067102739946,-0.0006961762967017577,0.76698397338579,3.260600591997806e-06,-2.7504820462705187e-06,0.1231115080843384,6.736630881577357e-07,-8.643151807915028e-08,0.7555800418041949,-0.00046440164983235614,-0.0012148592409229055,0.2,0.0,0.0,0.0,0.0,2.962962962962963,2.962962962962963,-4.157622186973242e-06,-5.077436796341317e-06,2.1086488004494486,2.180948904599515,0.0005051421335685746,0.0005428834273073928
X+,8.1,5.1,27.35754621199885,0.0,0.758168733982953,0.00010038370786883549,0.0005428834273073928,0.17565084471021372,0.00033405067102739946,-0.0006961762967017577,0.76698397338579,3.260600591997806e-06,-2.7504820462705187e-06,0.1231115080843384,6.736630881577357e-07,-8.643151807915028e-08,0.7555800418041949,-0.00046440164983235614,-0.0012148592409229055,0.2,0.0,0.0,0.0,0.0,2.962962962962963,2.962962962962963,-4.157622186973242e-06,-5.077436796341317e-06,2.1086488004494486,2.180948904599515,0.0005051421335685746,0.0005428834273073928
X+,8.1,5.1,27.384976329998608,0.0,0.758168733982953,0.00010038370786883549,0.0005428834273073928,0.17565084471021372,0.00033405067102739946,-0.0006961762967017577,0.76698397338579,3.260600591997806e-06,-2.7504820462705187e-06,0.1231115080843384,6.736630881577357e-07,-8.643151807915028e-08,0.7555800418041949,-0.00046440164983235614,-0.0012148592409229055,0.2,0.0,0.0,0.0,0.0,2.962962962962963,2.962962962962963,-4.157622186973242e-06,-5.077436796341317e-06,2.1086488004494486,2.180948904599515,0.0005051421335685746,0.0005428834273073928
X+,8.1,5.1,27.41562860599879,0.0,0.758168733982953,0.00010038370786883549,0.0005428834273073928,0.17565084471021372,0.00033405067102739946,-0.0006961762967017577,0.76698397338579,3.260600591997806e-06,-2.7504820462705187e-06,0.1231115080843384,6.736630881577357e-07,-8.643151807915028e-08,0.7555800418041949,-0.00046440164983235614,-0.0012148592409229055,0.2,0.0,0.0,0.0,0.0,2.962962962962963,2.962962962962963,-4.157622186973242e-06,-5.077436796341317e-06,2.1086488004494486,2.180948904599515,0.0005051421335685746,0.0005428834273073928
X+,8.1,5.1,27.442623077000462,0.0,0.758168733982953,0.00010038370786883549,0.0005428834273073928,0.17565084471021372,0.00033405067102739946,-0.0006961762967017577,0.76698397338579,3.260600591997806e-06,-2.7504820462705187e-06,0.1231115080843384,6.736630881577357e-07,-8.643151807915028e-08,0.7555800418041949,-0.00046440164983235614,-0.0012148592409229055,0.2,0.0,0.0,0.0,0.0,2.962962962962963,2.962962962962963,-4.157622186973242e-06,-5.077436796341317e-06,2.1086488004494486,2.180948904599515,0.0005051421335685746,0.0005428834273073928
X+,8.1,5.1,27.468578649000847,0.0,0.758168733982953,0.00010038370786883549,0.0005428834273073928,0.17565084471021372,0.00033405067102739946,-0.0006961762967017577,0.76698397338579,3.260600591997806e-06,-2.7504820462705187e-06,0.1231115080843384,6.736630881577357e-07,-8.643151807915028e-08,0.7555800418041949,-0.00046440164983235614,-0.0012148592409229055,0.2,0.0,0.0,0.0,0.0,2.962962962962963,2.962962962962963,-4.157622186973242e-06,-5.077436796341317e-06,2.1086488004494486,2.180948904599515,0.0005051421335685746,0.0005428834273073928
X+,8.1,5.1,27.500037493999116,0.0,0.758168733982953,0.00010038370786883549,0.0005428834273073928,0.17565084471021372,0.00033405067102739946,-0.0006961762967017577,0.76698397338579,3.260600591997806e-06,-2.7504820462705187e-06,0.1231115080843384,6.736630881577357e-07,-8.643151807915028e-08,0.7555800418041949,-0.00046440164983235614,-0.0012148592409229055,0.2,0.0,0.0,0.0,0.0,2.962962962962963,2.962962962962963,-4.157622186973242e-06,-5.077436796341317e-06,2.1086488004494486,2.180948904599515,0.0005051421335685746,0.0005428834273073928
X+,8.1,5.1,27.528780360000383,0.0,0.758168733982953,0.00010038370786883549,0.0005428834273073928,0.17565084471021372,0.00033405067102739946,-0.0006961762967017577,0.76698397338579,3.260600591997806e-06,-2.7504820462705187e-06,0.1231115080843384,6.736630881577357e-07,-8.643151807915028e-08,0.7555800418041949,-0.00046440164983235614,-0.0012148592409229055,0.2,0.0,0.0,0.0,0.0,2.962962962962963,2.962962962962963,-4.157622186973242e-06,-5.077436796341317e-06,2.1086488004494486,2.180948904599515,0.0005051421335685746,0.0005428834273073928
X+,8.1,5.1,27.55292969799848,0.0,0.7604657991595475,0.00010137931118279,0.0005413702963820756,0.1776148563583847,0.00032127135973007503,-0.000692726065661961,0.76698397338579,3.260600591997806e-06,-2.7504820462705187e-06,0.1231115080843384,6.736630881577357e-07,-8.643151807915028e-08,0.7555800418041949,-0.00046440164983235614,-0.0012148592409229055,0.2,0.0,0.0,0.0,0.0,2.962962962962963,2.962962962962963,-6.565458046559058e-06,-5.037972321986217e-06,2.1547779334324604,2.2227515555021284,-2.4715421447450638e-05,0.0005414770649122819
X+,8.1,5.1,27.5811684850014,0.0,0.7642245958518391,0.00010313561146781461,0.0005393085062984006,0.18016217202462975,0.00027986114124933456,-0.0007420637229285585,0.76698397338579,3.260600591997806e-06,-2.7504820462705187e-06,0.1231115080843384,6.736630881577357e-07,-8.643151807915028e-08,0.7555800418041949,-0.00046440164983235614,-0.0012148592409229055,0.2,0.0,0.0,0.0,0.0,2.962962962962963,2.962962962962963,-3.854712463891019e-06,-5.312857179973207e-06,2.236716277288889,2.2967014275705866,-0.0018248976966398264,0.0005395393428096653
X+,8.1,5.1,27.614177988998563,0.0,0.7678478011404484,0.00010460733131548508,0.0005372093769353936,0.1819700303155866,0.0002842823750484074,-0.0006990857421495483,0.76698397338579,3.260600591997806e-06,-2.7504820462705187e-06,0.1231115080843384,6.736630881577357e-07,-8.643151807915028e-08,0.7555800418041949,-0.00046440164983235614,-0.0012148592409229055,0.2,0.0,0.0,0.0,0.0,2.962962962962963,2.962962962962963,-3.7620850932285066e-06,-5.571610719456999e-06,2.305748268325176,2.358896611226392,-0.0010888779844384637,0.0005374063062682202
X+,8.1,5.1,27.64100618700104,0.0,0.7709523174012253,0.00010580805633785863,0.0005361232354560001,0.18310583064273508,0.00031448680280549406,-0.0006154033869861079,0.7818408673267458,3.15024895160284e-06,-2.7030488290114906e-06,0.14856893941203164,-6.948802034665591e-07,4.7433217259028374e-07,0.776467890842386,-0.0004920996267128532,-0.0014169128853720452,0.2,0.0,0.0,0.0,0.0,2.962962962962963,2.962962962962963,-4.407151690699607e-06,-5.510806153630199e-06,2.3633445698031417,2.4107850945516094,-0.0021329555787181122,0.0005364407333324185
X+,8.200000000000001,5.200000000000001,27.66965784599961,0.10000000000000142,0.7737056469482255,0.00010705578385183413,0.0005365537188175114,0.18384968623089543,0.00037236534742857776,-0.0008076882396160943,0.7818408673267458,3.15024895160284e-06,-2.7030488290114906e-06,0.14856893941203164,-6.948802034665591e-07,4.7433217259028374e-07,0.776467890842386,-0.0004920996267128532,-0.0014169128853720452,0.2,0.0,0.0,0.0,0.0,2.962962962962963,2.962962962962963,-4.594163074855828e-06,-5.62771607093282e-06,2.3885472481190693,2.4334405631580927,-0.002114044512685614,0.0005369634068497728
X+,8.200000000000001,5.200000000000001,27.707413739000913,0.0,0.7755467477979815,0.0001082467969164419,0.0005351297657010984,0.18422714502063095,0.0003137196270754087,-0.0006598709638795936,0.7818408673267458,3.15024895160284e-06,-2.7030488290114906e-06,0.14856893941203164,-6.948802034665591e-07,4.7433217259028374e-07,0.776467890842386,-0.0004920996267128532,-0.0014169128853720452,0.2,0.0,0.0,0.0,0.0,2.962962962962963,2.962962962962963,-4.375498454223248e-06,-5.491133015844696e-06,2.411554360454207,2.453749659167495,0.0016605723586594736,0.0005352988104579552
X+,8.200000000000001,5.200000000000001,27.731984859998192,0.0,0.7755467477979815,0.0001082467969164419,0.0005351297657010984,0.18422714502063095,0.0003137196270754087,-0.0006598709638795936,0.7818408673267458,3.15024895160284e-06,-2.7030488290114906e-06,0.14856893941203164,-6.948802034665591e-07,4.7433217259028374e-07,0.776467890842386,-0.0004920996267128532,-0.0014169128853720452,0.2,0.0,0.0,0.0,0.0,2.962962962962963,2.962962962962963,-4.375498454223248e-06,-5.491133015844696e-06,2.411554360454207,2.453749659167495,0.0016605723586594736,0.0005352988104579552
X+,8.200000000000001,5.200000000000001,27.76615533400036,0.0,0.7755467477979815,0.0001082467969164419,0.0005351297657010984,0.18422714502063095,0.0003137196270754087,-0.0006598709638795936,0.7818408673267458,3.15024895160284e-06,-2.7030488290114906e-06,0.14856893941203164,-6.948802034665591e-07,4.7433217259028374e-07,0.776467890842386,-0.0004920996267128532,-0.0014169128853720452,0.2,0.0,0.0,0.0,0.0,2.962962962962963,2.962962962962963,-4.375498454223248e-06,-5.491133015844696e-06,2.411554360454207,2.453749659167495,0.0016605723586594736,0.0005352988104579552
X+,8.200000000000001,5.200000000000001,27.79126764600005,0.0,0.7755467477979815,0.0001082467969164419,0.0005351297657010984,0.18422714502063095,0.0003137196270754087,-0.0006598709638795936,0.7818408673267458,3.15024895160284e-06,-2.7030488290114906e-06,0.14856893941203164,-6.948802034665591e-07,4.7433217259028374e-07,0.776467890842386,-0.0004920996267128532,-0.0014169128853720452,0.2,0.0,0.0,0.0,0.0,2.962962962962963,2.962962962962963,-4.375498454223248e-06,-5.491133015844696e-06,2.411554360454207,2.453749659167495,0.0016605723586594736,0.0005352988104579552
X+,8.200000000000001,5.200000000000001,27.81853636699816,0.0,0.7755467477979815,0.0001082467969164419,0.0005351297657010984,0.18422714502063095,0.0003137196270754087,-0.0006598709638795936,0.7818408673267458,3.15024895160284e-06,-2.7030488290114906e-06,0.14856893941203164,-6.948802034665591e-07,4.7433217259028374e-07,0.776467890842386,-0.0004920996267128532,-0.0014169128853720452,0.2,0.0,0.0,0.0,0.0,2.962962962962963,2.962962962962963,-4.375498454223248e-06,-5.491133015844696e-06,2.411554360454207,2.453749659167495,0.0016605723586594736,0.0005352988104579552
X+,8.200000000000001,5.200000000000001,27.844546110998635,0.0,0.7755467477979815,0.0001082467969164419,0.0005351297657010984,0.18422714502063095,0.0003137196270754087,-0.0006598709638795936,0.7818408673267458,3.15024895160284e-06,-2.7030488290114906e-06,0.14856893941203164,-6.948802034665591e-07,4.7433217259028374e-07,0.776467890842386,-0.0004920996267128532,-0.0014169128853720452,0.2,0.0,0.0,0.0,0.0,2.962962962962963,2.962962962962963,-4.375498454223248e-06,-5.491133015844696e-06,2.411554360454207,2.453749659167495,0.0016605723586594736,0.0005352988104579552
X+,8.200000000000001,5.200000000000001,27.879954943000484,0.0,0.7755467477979815,0.0001082467969164419,0.0005351297657010984,0.18422714502063095,0.0003137196270754087,-0.0006598709638795936,0.7818408673267458,3.15024895160284e-06,-2.7030488290114906e-06,0.14856893941203164,-6.948802034665591e-07,4.7433217259028374e-07,0.776467890842386,-0.0004920996267128532,-0.0014169128853720452,0.2,0.0,0.0,0.0,0.0,2.962962962962963,2.962962962962963,-4.375498454223248e-06,-5.491133015844696e-06,2.411554360454207,2.453749659167495,0.0016605723586594736,0.0005352988104579552
X+,8.200000000000001,5.200000000000001,27.907647333999194,0.0,0.7755467477979815,0.0001082467969164419,0.0005351297657010984,0.18422714502063095,0.0003137196270754087,-0.0006598709638795936,0.7818408673267458,3.15024895160284e-06,-2.7030488290114906e-06,0.14856893941203164,-6.948802034665591e-07,4.7433217259028374e-07,0.776467890842386,-0.0004920996267128532,-0.0014169128853720452,0.2,0.0,0.0,0.0,0.0,2.962962962962963,2.962962962962963,-4.375498454223248e-06,-5.491133015844696e-06,2.411554360454207,2.453749659167495,0.0016605723586594736,0.0005352988104579552
X+,8.200000000000001,5.200000000000001,27.95528301000013,0.0,0.7755467477979815,0.0001082467969164419,0.0005351297657010984,0.18422714502063095,0.0003137196270754087,-0.0006598709638795936,0.7818408673267458,3.15024895160284e-06,-2.7030488290114906e-06,0.14856893941203164,-6.948802034665591e-07,4.7433217259028374e-07,0.776467890842386,-0.0004920996267128532,-0.0014169128853720452,0.2,0.0,0.0,0.0,0.0,2.962962962962963,2.962962962962963,-4.375498454223248e-06,-5.491133015844696e-06,2.411554360454207,2.453749659167495,0.0016605723586594736,0.0005352988104579552
X+,8.200000000000001,5.200000000000001,27.99564137500056,0.0,0.7755467477979815,0.0001082467969164419,0.0005351297657010984,0.18422714502063095,0.0003137196270754087,-0.0006598709638795936,0.7818408673267458,3.15024895160284e-06,-2.7030488290114906e-06,0.14856893941203164,-6.948802034665591e-07,4.7433217259028374e-07,0.776467890842386,-0.0004920996267128532,-0.0014169128853720452,0.2,0.0,0.0,0.0,0.0,2.962962962962963,2.962962962962963,-4.375498454223248e-06,-5.491133015844696e-06,2.411554360454207,2.453749659167495,0.0016605723586594736,0.0005352988104579552
X+,8.200000000000001,5.200000000000001,28.029034745999525,0.0,0.7755467477979815,0.0001082467969164419,0.0005351297657010984,0.18422714502063095,0.0003137196270754087,-0.0006598709638795936,0.7818408673267458,3.15024895160284e-06,-2.7030488290114906e-06,0.14856893941203164,-6.948802034665591e-07,4.7433217259028374e-07,0.776467890842386,-0.0004920996267128532,-0.0014169128853720452,0.2,0.0,0.0,0.0,0.0,2.962962962962963,2.962962962962963,-4.375498454223248e-06,-5.491133015844696e-06,2.411554360454207,2.453749659167495,0.0016605723586594736,0.0005352988104579552
X+,8.200000000000001,5.200000000000001,28.059900936001213,0.0,0.7755467477979815,0.0001082467969164419,0.0005351297657010984,0.18422714502063095,0.0003137196270754087,-0.0006598709638795936,0.7818408673267458,3.15024895160284e-06,-2.7030488290114906e-06,0.14856893941203164,-6.948802034665591e-07,4.7433217259028374e-07,0.776467890842386,-0.0004920996267128532,-0.0014169128853720452,0.2,0.0,0.0,0.0,0.0,2.962962962962963,2.962962962962963,-4.375498454223248e-06,-5.491133015844696e-06,2.411554360454207,2.453749659167495,0.0016605723586594736,0.0005352988104579552
X+,8.200000000000001,5.200000000000001,28.08665006099909,0.0,0.7755467477979815,0.0001082467969164419,0.0005351297657010984,0.18422714502063095,0.0003137196270754087,-0.0006598709638795936,0.7818408673267458,3.15024895160284e-06,-2.7030488290114906e-06,0.14856893941203164,-6.948802034665591e-07,4.7433217259028374e-07,0.776467890842386,-0.0004920996267128532,-0.0014169128853720452,0.2,0.0,0.0,0.0,0.0,2.962962962962963,2.962962962962963,-4.375498454223248e-06,-5.491133015844696e-06,2.411554360454207,2.453749659167495,0.0016605723586594736,0.0005352988104579552
X+,8.200000000000001,5.200000000000001,28.127875907001,0.0,0.7768375628792713,0.00010890495303676577,0.0005346665908550108,0.18444048543485947,0.00029120815342784833,-0.000559701236033665,0.7818408673267458,3.15024895160284e-06,-2.7030488290114906e-06,0.14856893941203164,-6.948802034665591e-07,4.7433217259028374e-07,0.776467890842386,-0.0004920996267128532,-0.0014169128853720452,0.2,0.0,0.0,0.0,0.0,2.962962962962963,2.962962962962963,-4.324242759423669e-06,-5.356656489041711e-06,2.4323218773099504,2.4720018915734054,-0.002426000430116076,0.0005346665908550108
X+,8.200000000000001,5.200000000000001,28.155659300999105,0.0,0.7801624608523101,0.00011008918091525398,0.00053620190256556,0.18481949808761508,0.00035925620274020816,-0.0008112649796655047,0.7818408673267458,3.15024895160284e-06,-2.7030488290114906e-06,0.14856893941203164,-6.948802034665591e-07,4.7433217259028374e-07,0.776467890842386,-0.0004920996267128532,-0.0014169128853720452,0.2,0.0,0.0,0.0,0.0,2.962962962962963,2.962962962962963,-4.38686061254856e-06,-5.534323877398606e-06,2.46867645492818,2.5040021295731165,-0.002298290650010551,0.0005357109847635073
X+,8.200000000000001,5.200000000000001,28.17767503899813,0.0,0.7827521560868343,0.00011177235127953194,0.0005341743140261271,0.1849643995072572,0.0003067932196421687,-0.0006726751715907121,0.7818408673267458,3.15024895160284e-06,-2.7030488290114906e-06,0.14856893941203164,-6.948802034665591e-07,4.7433217259028374e-07,0.776467890842386,-0.0004920996267128532,-0.0014169128853720452,0.2,0.0,0.0,0.0,0.0,2.962962962962963,2.962962962962963,-3.983175537847217e-06,-5.366968478526246e-06,2.4843154204118645,2.517609278005381,-0.0026027174466047758,0.0005343318927443041
X+,8.200000000000001,5.200000000000001,28.212394794998545,0.0,0.7855281615992922,0.00011303558078254103,0.0005340421825479232,0.1849951755309323,0.0002997131176549297,-0.0005875100701386804,0.7818408673267458,3.15024895160284e-06,-2.7030488290114906e-06,0.14856893941203164,-6.948802034665591e-07,4.7433217259028374e-07,0.776467890842386,-0.0004920996267128532,-0.0014169128853720452,0.2,0.0,0.0,0.0,0.0,2.962962962962963,2.962962962962963,-3.7203557656795283e-06,-5.294684092937985e-06,2.511291368441,2.540932410480459,-0.002756598993141534,0.000533726259939721
X+,8.200000000000001,5.200000000000001,28.241687547000765,0.0,0.7875637894979064,0.00011380246362724042,0.0005349304225061857,0.18494720579378288,0.00033944673585697787,-0.000746762014195233,0.7979322000621869,3.034146976913e-06,-2.659414735646369e-06,0.16091332735696057,-7.260631658170084e-07,4.3634093365122323e-07,0.7812355407155622,-0.0004966259317178549,-0.0014072825648980827,0.2,0.0,0.0,0.0,0.0,2.962962962962963,2.962962962962963,-3.729221869974708e-06,-5.403228832356888e-06,2.5230331897861884,2.550972785755666,-0.0008779890802570278,0.0005342549916440034
X+,8.3,5.300000000000001,28.27085369699853,0.09999999999999964,0.7908929089481915,0.00011577451854975686,0.0005334267889266643,0.18475665128473143,0.00031740450268746774,-0.0007250957053677316,0.7979322000621869,3.034146976913e-06,-2.659414735646369e-06,0.16091332735696057,-7.260631658170084e-07,4.3634093365122323e-07,0.7812355407155622,-0.0004966259317178549,-0.0014072825648980827,0.2,0.0,0.0,0.0,0.0,2.962962962962963,2.962962962962963,-3.4947576574850814e-06,-5.421455981924339e-06,2.5336434632836515,2.559998767569561,-0.00012117603830636857,0.0005340031712254018
X+,8.3,5.300000000000001,28.30095723499835,0.0,0.7944020794602265,0.00011733334625798914,0.0005339201560809959,0.18442760451176732,0.00031871993378200855,-0.0006703801769751001,0.7979322000621869,3.034146976913e-06,-2.659414735646369e-06,0.16091332735696057,-7.260631658170084e-07,4.3634093365122323e-07,0.7812355407155622,-0.0004966259317178549,-0.0014072825648980827,0.2,0.0,0.0,0.0,0.0,2.962962962962963,2.962962962962963,-3.413303094390585e-06,-5.198775959947e-06,2.5516741053998504,2.5750892750303236,-0.0015299121072803925,0.0005336110634450106
X+,8.3,5.300000000000001,28.33282136699927,0.0,0.7947710834074062,0.00011747431424089048,0.0005341023068123477,0.18438645498207584,0.00032845913412514824,-0.0007085898517240209,0.7979322000621869,3.034146976913e-06,-2.659414735646369e-06,0.16091332735696057,-7.260631658170084e-07,4.3634093365122323e-07,0.7812355407155622,-0.0004966259317178549,-0.0014072825648980827,0.2,0.0,0.0,0.0,0.0,2.962962962962963,2.962962962962963,-3.430254741587646e-06,-5.329680710097762e-06,2.559567144128986,2.581605488526282,-0.0015299121072803925,0.0005336110634450106
X+,8.3,5.300000000000001,28.362629020000895,0.0,0.7947710834074062,0.00011747431424089048,0.0005341023068123477,0.18438645498207584,0.00032845913412514824,-0.0007085898517240209,0.7979322000621869,3.034146976913e-06,-2.659414735646369e-06,0.16091332735696057,-7.260631658170084e-07,4.3634093365122323e-07,0.7812355407155622,-0.0004966259317178549,-0.0014072825648980827,0.2,0.0,0.0,0.0,0.0,2.962962962962963,2.962962962962963,-3.430254741587646e-06,-5.329680710097762e-06,2.559567144128986,2.581605488526282,-0.0015299121072803925,0.0005336110634450106
X+,8.3,5.300000000000001,28.38911789299891,0.0,0.7947710834074062,0.00011747431424089048,0.0005341023068123477,0.18438645498207584,0.00032845913412514824,-0.0007085898517240209,0.7979322000621869,3.034146976913e-06,-2.659414735646369e-06,0.16091332735696057,-7.260631658170084e-07,4.3634093365122323e-07,0.7812355407155622,-0.0004966259317178549,-0.0014072825648980827,0.2,0.0,0.0,0.0,0.0,2.962962962962963,2.962962962962963,-3.430254741587646e-06,-5.329680710097762e-06,2.559567144128986,2.581605488526282,-0.0015299121072803925,0.0005336110634450106
X+,8.3,5.300000000000001,28.417911817999993,0.0,0.7947710834074062,0.00011747431424089048,0.0005341023068123477,0.18438645498207584,0.00032845913412514824,-0.0007085898517240209,0.7979322000621869,3.034146976913e-06,-2.659414735646369e-06,0.16091332735696057,-7.260631658170084e-07,4.3634093365122323e-07,0.7812355407155622,-0.0004966259317178549,-0.0014072825648980827,0.2,0.0,0.0,0.0,0.0,2.962962962962963,2.962962962962963,-3.430254741587646e-06,-5.329680710097762e-06,2.559567144128986,2.581605488526282,-0.0015299121072803925,0.0005336110634450106
X+,8.3,5.300000000000001,28.44385833599881,0.0,0.7947710834074062,0.00011747431424089048,0.0005341023068123477,0.18438645498207584,0.00032845913412514824,-0.0007085898517240209,0.7979322000621869,3.034146976913e-06,-2.659414735646369e-06,0.16091332735696057,-7.260631658170084e-07,4.3634093365122323e-07,0.7812355407155622,-0.0004966259317178549,-0.0014072825648980827,0.2,0.0,0.0,0.0,0.0,2.962962962962963,2.962962962962963,-3.430254741587646e-06,-5.329680710097762e-06,2.559567144128986,2.581605488526282,-0.0015299121072803925,0.0005336110634450106
X+,8.3,5.300000000000001,28.471606451999833,0.0,0.7947710834074062,0.00011747431424089048,0.0005341023068123477,0.18438645498207584,0.00032845913412514824,-0.0007085898517240209,0.7979322000621869,3.034146976913e-06,-2.659414735646369e-06,0.16091332735696057,-7.260631658170084e-07,4.3634093365122323e-07,0.7812355407155622,-0.0004966259317178549,-0.0014072825648980827,0.2,0.0,0.0,0.0,0.0,2.962962962962963,2.962962962962963,-3.430254741587646e-06,-5.329680710097762e-06,2.559567144128986,2.581605488526282,-0.0015299121072803925,0.0005336110634450106
X+,8.3,5.300000000000001,28.499991231998138,0.0,0.7947710834074062,0.00011747431424089048,0.0005341023068123477,0.18438645498207584,0.00032845913412514824,-0.0007085898517240209,0.7979322000621869,3.034146976913e-06,-2.659414735646369e-06,0.16091332735696057,-7.260631658170084e-07,4.3634093365122323e-07,0.7812355407155622,-0.0004966259317178549,-0.0014072825648980827,0.2,0.0,0.0,0.0,0.0,2.962962962962963,2.962962962962963,-3.430254741587646e-06,-5.329680710097762e-06,2.559567144128986,2.581605488526282,-0.0015299121072803925,0.0005336110634450106
X+,8.3,5.300000000000001,28.531435157001397,0.0,0.7947710834074062,0.00011747431424089048,0.0005341023068123477,0.18438645498207584,0.00032845913412514824,-0.0007085898517240209,0.7979322000621869,3.034146976913e-06,-2.659414735646369e-06,0.16091332735696057,-7.260631658170084e-07,4.3634093365122323e-07,0.7812355407155622,-0.0004966259317178549,-0.0014072825648980827,0.2,0.0,0.0,0.0,0.0,2.962962962962963,2.962962962962963,-3.430254741587646e-06,-5.329680710097762e-06,2.559567144128986,2.581605488526282,-0.0015299121072803925,0.0005336110634450106
X+,8.3,5.300000000000001,28.56535767799869,0.0,0.7947710834074062,0.00011747431424089048,0.0005341023068123477,0.18438645498207584,0.00032845913412514824,-0.0007085898517240209,0.7979322000621869,3.034146976913e-06,-2.659414735646369e-06,0.16091332735696057,-7.260631658170084e-07,4.3634093365122323e-07,0.7812355407155622,-0.0004966259317178549,-0.0014072825648980827,0.2,0.0,0.0,0.0,0.0,2.962962962962963,2.962962962962963,-3.430254741587646e-06,-5.329680710097762e-06,2.559567144128986,2.581605488526282,-0.0015299121072803925,0.0005336110634450106
X+,8.3,5.300000000000001,28.594807729998138,0.0,0.7947710834074062,0.00011747431424089048,0.0005341023068123477,0.18438645498207584,0.00032845913412514824,-0.0007085898517240209,0.7979322000621869,3.034146976913e-06,-2.659414735646369e-06,0.16091332735696057,-7.260631658170084e-07,4.3634093365122323e-07,0.7812355407155622,-0.0004966259317178549,-0.0014072825648980827,0.2,0.0,0.0,0.0,0.0,2.962962962962963,2.962962962962963,-3.430254741587646e-06,-5.329680710097762e-06,2.559567144128986,2.581605488526282,-0.0015299121072803925,0.0005336110634450106
X+,8.3,5.300000000000001,28.627548250999098,0.0,0.7947710834074062,0.00011747431424089048,0.0005341023068123477,0.18438645498207584,0.00032845913412514824,-0.0007085898517240209,0.7979322000621869,3.034146976913e-06,-2.659414735646369e-06,0.16091332735696057,-7.260631658170084e-07,4.3634093365122323e-07,0.7812355407155622,-0.0004966259317178549,-0.0014072825648980827,0.2,0.0,0.0,0.0,0.0,2.962962962962963,2.962962962962963,-3.430254741587646e-06,-5.329680710097762e-06,2.559567144128986,2.581605488526282,-0.0015299121072803925,0.0005336110634450106
X+,8.3,5.300000000000001,28.65933102299823,0.0,0.7947710834074062,0.00011747431424089048,0.0005341023068123477,0.18438645498207584,0.00032845913412514824,-0.0007085898517240209,0.7979322000621869,3.034146976913e-06,-2.659414735646369e-06,0.16091332735696057,-7.260631658170084e-07,4.3634093365122323e-07,0.7812355407155622,-0.0004966259317178549,-0.0014072825648980827,0.2,0.0,0.0,0.0,0.0,2.962962962962963,2.962962962962963,-3.430254741587646e-06,-5.329680710097762e-06,2.559567144128986,2.581605488526282,-0.0015299121072803925,0.0005336110634450106
X+,8.3,5.300000000000001,28.68715323699871,0.0,0.796614832493143,0.00011832500733018579,0.0005344821659419109,0.1841637317285826,0.0003697525364542166,-0.0008735350887233355,0.7979322000621869,3.034146976913e-06,-2.659414735646369e-06,0.16091332735696057,-7.260631658170084e-07,4.3634093365122323e-07,0.7812355407155622,-0.0004966259317178549,-0.0014072825648980827,0.2,0.0,0.0,0.0,0.0,2.962962962962963,2.962962962962963,-6.580189051419438e-06,-5.386302386334307e-06,2.5666789951171505,2.587391396260583,-0.0016804997353134466,0.0005344920639593781
X+,8.3,5.300000000000001,28.71605261500008,0.0,0.8008462348903602,0.00012080747133324382,0.0005331051092573479,0.18355709848583296,0.0003320289413976176,-0.0007838244352541069,0.7979322000621869,3.034146976913e-06,-2.659414735646369e-06,0.16091332735696057,-7.260631658170084e-07,4.3634093365122323e-07,0.7812355407155622,-0.0004966259317178549,-0.0014072825648980827,0.2,0.0,0.0,0.0,0.0,2.962962962962963,2.962962962962963,3.504753220084922e-06,-5.268533931790387e-06,2.578755296257579,2.5970349795676295,0.0034929265275890414,0.000534231083233561
X+,8.3,5.300000000000001,28.74348058800024,0.0,0.803597852817365,0.0001221888321205969,0.0005328653322495673,0.18310166753342547,0.00030168192752823834,-0.000618008243455993,0.7979322000621869,3.034146976913e-06,-2.659414735646369e-06,0.16091332735696057,-7.260631658170084e-07,4.3634093365122323e-07,0.7812355407155622,-0.0004966259317178549,-0.0014072825648980827,0.2,0.0,0.0,0.0,0.0,2.962962962962963,2.962962962962963,-5.339759299616276e-06,-5.138981800989484e-06,2.5838358459162762,2.6010129114150455,-0.0012461811870879951,0.0005326517369512618
X+,8.3,5.300000000000001,28.769834222999634,0.0,0.8065251151359009,0.00012343405359682529,0.0005341317598799285,0.18257469977184249,0.00036708825075518415,-0.0008619201504582619,0.8144721825026046,2.918922139544286e-06,-2.609000163285647e-06,0.16539982440665582,-7.123816433897952e-07,5.041457236072104e-07,0.8140163949646337,-0.000545546758924348,-0.001588303194901996,0.2,0.0,0.0,0.0,0.0,2.962962962962963,2.962962962962963,3.920449061389775e-06,-5.308685343763386e-06,2.592793312829044,2.607734256741423,0.0019515929380345884,0.0005336311264451563
X+,8.4,5.4,28.798600588001136,0.09999999999999964,0.8108996611945262,0.00012601456781646987,0.0005330554320782276,0.18171845238759676,0.0003381688286795613,-0.0008050056173101843,0.8144721825026046,2.918922139544286e-06,-2.609000163285647e-06,0.16539982440665582,-7.123816433897952e-07,5.041457236072104e-07,0.8140163949646337,-0.000545546758924348,-0.001588303194901996,0.2,0.0,0.0,0.0,0.0,2.962962962962963,2.962962962962963,-5.2262141529979544e-06,-5.280931095974495e-06,2.599991022158799,2.6129028353991646,-0.004854003557572385,0.0005332376282848502
X+,8.4,5.4,28.83252403000006,0.0,0.8136230698077684,0.0001273479224894727,0.0005335611705189164,0.18115056192526202,0.0003581619010320799,-0.0008570907908091723,0.8144721825026046,2.918922139544286e-06,-2.609000163285647e-06,0.16539982440665582,-7.123816433897952e-07,5.041457236072104e-07,0.8140163949646337,-0.000545546758924348,-0.001588303194901996,0.2,0.0,0.0,0.0,0.0,2.962962962962963,2.962962962962963,-4.390198294679237e-06,-5.273534005034719e-06,2.605849491016709,2.6168500577519755,-0.0015451356096033,0.0005336081677949827
X+,8.4,5.4,28.885797822000313,0.0,0.8136230698077684,0.0001273479224894727,0.0005335611705189164,0.18115056192526202,0.0003581619010320799,-0.0008570907908091723,0.8144721825026046,2.918922139544286e-06,-2.609000163285647e-06,0.16539982440665582,-7.123816433897952e-07,5.041457236072104e-07,0.8140163949646337,-0.000545546758924348,-0.001588303194901996,0.2,0.0,0.0,0.0,0.0,2.962962962962963,2.962962962962963,-4.390198294679237e-06,-5.273534005034719e-06,2.605849491016709,2.6168500577519755,-0.0015451356096033,0.0005336081677949827
X+,8.4,5.4,28.91958826300106,0.0,0.8136230698077684,0.0001273479224894727,0.0005335611705189164,0.18115056192526202,0.0003581619010320799,-0.0008570907908091723,0.8144721825026046,2.918922139544286e-06,-2.609000163285647e-06,0.16539982440665582,-7.123816433897952e-07,5.041457236072104e-07,0.8140163949646337,-0.000545546758924348,-0.001588303194901996,0.2,0.0,0.0,0.0,0.0,2.962962962962963,2.962962962962963,-4.390198294679237e-06,-5.273534005034719e-06,2.605849491016709,2.6168500577519755,-0.0015451356096033,0.0005336081677949827
X+,8.4,5.4,28.950923925000097,0.0,0.8136230698077684,0.0001273479224894727,0.0005335611705189164,0.18115056192526202,0.0003581619010320799,-0.0008570907908091723,0.8144721825026046,2.918922139544286e-06,-2.609000163285647e-06,0.16539982440665582,-7.123816433897952e-07,5.041457236072104e-07,0.8140163949646337,-0.000545546758924348,-0.001588303194901996,0.2,0.0,0.0,0.0,0.0,2.962962962962963,2.962962962962963,-4.390198294679237e-06,-5.273534005034719e-06,2.605849491016709,2.6168500577519755,-0.0015451356096033,0.0005336081677949827
X+,8.4,5.4,29.02011883600062,0.0,0.8136230698077684,0.0001273479224894727,0.0005335611705189164,0.18115056192526202,0.0003581619010320799,-0.0008570907908091723,0.8144721825026046,2.918922139544286e-06,-2.609000163285647e-06,0.16539982440665582,-7.123816433897952e-07,5.041457236072104e-07,0.8140163949646337,-0.000545546758924348,-0.001588303194901996,0.2,0.0,0.0,0.0,0.0,2.962962962962963,2.962962962962963,-4.390198294679237e-06,-5.273534005034719e-06,2.605849491016709,2.6168500577519755,-0.0015451356096033,0.0005336081677949827
X+,8.4,5.4,29.06450271200083,0.0,0.8136230698077684,0.0001273479224894727,0.0005335611705189164,0.18115056192526202,0.0003581619010320799,-0.0008570907908091723,0.8144721825026046,2.918922139544286e-06,-2.609000163285647e-06,0.16539982440665582,-7.123816433897952e-07,5.041457236072104e-07,0.8140163949646337,-0.000545546758924348,-0.001588303194901996,0.2,0.0,0.0,0.0,0.0,2.962962962962963,2.962962962962963,-4.390198294679237e-06,-5.273534005034719e-06,2.605849491016709,2.6168500577519755,-0.0015451356096033,0.0005336081677949827
X+,8.4,5.4,29.10662751199925,0.0,0.8136230698077684,0.0001273479224894727,0.0005335611705189164,0.18115056192526202,0.0003581619010320799,-0.0008570907908091723,0.8144721825026046,2.918922139544286e-06,-2.609000163285647e-06,0.16539982440665582,-7.123816433897952e-07,5.041457236072104e-07,0.8140163949646337,-0.000545546758924348,-0.001588303194901996,0.2,0.0,0.0,0.0,0.0,2.962962962962963,2.962962962962963,-4.390198294679237e-06,-5.273534005034719e-06,2.605849491016709,2.6168500577519755,-0.0015451356096033,0.0005336081677949827
X+,8.4,5.4,29.16061884699957,0.0,0.8136230698077684,0.0001273479224894727,0.0005335611705189164,0.18115056192526202,0.0003581619010320799,-0.0008570907908091723,0.8144721825026046,2.918922139544286e-06,-2.609000163285647e-06,0.16539982440665582,-7.123816433897952e-07,5.041457236072104e-07,0.8140163949646337,-0.000545546758924348,-0.001588303194901996,0.2,0.0,0.0,0.0,0.0,2.962962962962963,2.962962962962963,-4.390198294679237e-06,-5.273534005034719e-06,2.605849491016709,2.6168500577519755,-0.0015451356096033,0.0005336081677949827
X+,8.4,5.4,29.205095358000108,0.0,0.8136230698077684,0.0001273479224894727,0.0005335611705189164,0.18115056192526202,0.0003581619010320799,-0.0008570907908091723,0.8144721825026046,2.918922139544286e-06,-2.609000163285647e-06,0.16539982440665582,-7.123816433897952e-07,5.041457236072104e-07,0.8140163949646337,-0.000545546758924348,-0.001588303194901996,0.2,0.0,0.0,0.0,0.0,2.962962962962963,2.962962962962963,-4.390198294679237e-06,-5.273534005034719e-06,2.605849491016709,2.6168500577519755,-0.0015451356096033,0.0005336081677949827
X+,8.4,5.4,29.27934160500081,0.0,0.8136230698077684,0.0001273479224894727,0.0005335611705189164,0.18115056192526202,0.0003581619010320799,-0.0008570907908091723,0.8144721825026046,2.918922139544286e-06,-2.609000163285647e-06,0.16539982440665582,-7.123816433897952e-07,5.041457236072104e-07,0.8140163949646337,-0.000545546758924348,-0.001588303194901996,0.2,0.0,0.0,0.0,0.0,2.962962962962963,2.962962962962963,-4.390198294679237e-06,-5.273534005034719e-06,2.605849491016709,2.6168500577519755,-0.0015451356096033,0.0005336081677949827
X+,8.4,5.4,29.31968779499948,0.0,0.8136230698077684,0.0001273479224894727,0.0005335611705189164,0.18115056192526202,0.0003581619010320799,-0.0008570907908091723,0.8144721825026046,2.918922139544286e-06,-2.609000163285647e-06,0.16539982440665582,-7.123816433897952e-07,5.041457236072104e-07,0.8140163949646337,-0.000545546758924348,-0.001588303194901996,0.2,0.0,0.0,0.0,0.0,2.962962962962963,2.962962962962963,-4.390198294679237e-06,-5.273534005034719e-06,2.605849491016709,2.6168500577519755,-0.0015451356096033,0.0005336081677949827
X+,8.4,5.4,29.39838086799864,0.0,0.8136230698077684,0.0001273479224894727,0.0005335611705189164,0.18115056192526202,0.0003581619010320799,-0.0008570907908091723,0.8144721825026046,2.918922139544286e-06,-2.609000163285647e-06,0.16539982440665582,-7.123816433897952e-07,5.041457236072104e-07,0.8140163949646337,-0.000545546758924348,-0.001588303194901996,0.2,0.0,0.0,0.0,0.0,2.962962962962963,2.962962962962963,-4.390198294679237e-06,-5.273534005034719e-06,2.605849491016709,2.6168500577519755,-0.0015451356096033,0.0005336081677949827
X+,8.4,5.4,29.43650814099965,0.0,0.8136230698077684,0.0001273479224894727,0.0005335611705189164,0.18115056192526202,0.0003581619010320799,-0.0008570907908091723,0.8144721825026046,2.918922139544286e-06,-2.609000163285647e-06,0.16539982440665582,-7.123816433897952e-07,5.041457236072104e-07,0.8140163949646337,-0.000545546758924348,-0.001588303194901996,0.2,0.0,0.0,0.0,0.0,2.962962962962963,2.962962962962963,-4.390198294679237e-06,-5.273534005034719e-06,2.605849491016709,2.6168500577519755,-0.0015451356096033,0.0005336081677949827
X+,8.4,5.4,29.464325354998437,0.0,0.8136230698077684,0.0001273479224894727,0.0005335611705189164,0.18115056192526202,0.0003581619010320799,-0.0008570907908091723,0.8144721825026046,2.918922139544286e-06,-2.609000163285647e-06,0.16539982440665582,-7.123816433897952e-07,5.041457236072104e-07,0.8140163949646337,-0.000545546758924348,-0.001588303194901996,0.2,0.0,0.0,0.0,0.0,2.962962962962963,2.962962962962963,-4.390198294679237e-06,-5.273534005034719e-06,2.605849491016709,2.6168500577519755,-0.0015451356096033,0.0005336081677949827
X+,8.4,5.4,29.508524485001544,0.0,0.8136230698077684,0.0001273479224894727,0.0005335611705189164,0.18115056192526202,0.0003581619010320799,-0.0008570907908091723,0.8144721825026046,2.918922139544286e-06,-2.609000163285647e-06,0.16539982440665582,-7.123816433897952e-07,5.041457236072104e-07,0.8140163949646337,-0.000545546758924348,-0.001588303194901996,0.2,0.0,0.0,0.0,0.0,2.962962962962963,2.962962962962963,-4.390198294679237e-06,-5.273534005034719e-06,2.605849491016709,2.6168500577519755,-0.0015451356096033,0.0005336081677949827
X+,8.4,5.4,29.53506414200092,0.0,0.8139855609433386,0.00012762776722266382,0.0005332094401957406,0.18107349318225116,0.00034971191085425574,-0.0008400867083583775,0.8144721825026046,2.918922139544286e-06,-2.609000163285647e-06,0.16539982440665582,-7.123816433897952e-07,5.041457236072104e-07,0.8140163949646337,-0.000545546758924348,-0.001588303194901996,0.2,0.0,0.0,0.0,0.0,2.962962962962963,2.962962962962963,-4.390198294679237e-06,-5.273534005034719e-06,2.605849491016709,2.6168500577519755,-0.0015451356096033,0.0005336081677949827
X+,8.4,5.4,29.570109086998855,0.0,0.8168798006456879,0.00012902837534395275,0.0005337128923822693,0.1804435086598877,0.0003596981139855467,-0.0008562261564739889,0.8144721825026046,2.918922139544286e-06,-2.609000163285647e-06,0.16539982440665582,-7.123816433897952e-07,5.041457236072104e-07,0.8140163949646337,-0.000545546758924348,-0.001588303194901996,0.2,0.0,0.0,0.0,0.0,2.962962962962963,2.962962962962963,-3.98639073306839e-06,-5.263004712929842e-06,2.6106071423463577,2.619812781161648,-0.0010809509238608591,0.0005338614876746932
X+,8.4,5.4,29.597393116000603,0.0,0.8197639030543854,0.00013053793078974824,0.0005337810973002685,0.17979567264634277,0.00035330404874633166,-0.0008278231069138285,0.8144721825026046,2.918922139544286e-06,-2.609000163285647e-06,0.16539982440665582,-7.123816433897952e-07,5.041457236072104e-07,0.8140163949646337,-0.000545546758924348,-0.001588303194901996,0.2,0.0,0.0,0.0,0.0,2.962962962962963,2.962962962962963,-3.971527690715959e-06,-5.17475963146552e-06,2.6125694575714147,2.6210028232138725,-0.0016985585412082388,0.0005338711252216091
X+,8.4,5.4,29.626734510999086,0.0,0.8228168927988718,0.0001325553678302848,0.0005319116645121396,0.17909105992765947,0.0002863354906256075,-0.0006008746409099366,0.8144721825026046,2.918922139544286e-06,-2.609000163285647e-06,0.16539982440665582,-7.123816433897952e-07,5.041457236072104e-07,0.8140163949646337,-0.000545546758924348,-0.001588303194901996,0.2,0.0,0.0,0.0,0.0,2.962962962962963,2.962962962962963,-3.954695023011823e-06,-5.035932876040761e-06,2.6159542585714184,2.6229000752265117,-0.0009974798031595947,0.0005321762068968079
X+,8.4,5.4,29.659023357999104,0.0,0.8260362913069166,0.00013387293373524553,0.0005337376727582152,0.1783291783073874,0.00034340796009420076,-0.0007813871836359686,0.8311579335553274,2.800369363053345e-06,-2.5786041518180798e-06,0.16685751052975323,-7.501964926948949e-07,3.0396011467567275e-07,0.8138005859154698,-0.0005453028654582281,-0.0015989119291957008,0.2,0.0,0.0,0.0,0.0,2.962962962962963,2.962962962962963,-3.976330173571796e-06,-5.196835837217861e-06,2.618840634509505,2.624281319638421,-0.0005500391482829769,0.0005336550920646267
X+,8.5,5.5,29.689102622000064,0.09999999999999964,0.8297749496630739,0.00013624792761373662,0.0005320452009248897,0.1774239748851784,0.0002893647262892403,-0.0006112217488535019,0.8311579335553274,2.800369363053345e-06,-2.5786041518180798e-06,0.16685751052975323,-7.501964926948949e-07,3.0396011467567275e-07,0.8138005859154698,-0.0005453028654582281,-0.0015989119291957008,0.2,0.0,0.0,0.0,0.0,2.962962962962963,2.962962962962963,-3.958017211758147e-06,-5.029415400592541e-06,2.62116603963303,2.625336177438057,0.00027392088376257916,0.0005321768985478327
X+,8.5,5.5,29.719028118001006,0.0,0.8308396322860486,0.00013666691129953206,0.000532720812605207,0.1771621683356776,0.000299361902293958,-0.0006095728161424503,0.8311579335553274,2.800369363053345e-06,-2.5786041518180798e-06,0.16685751052975323,-7.501964926948949e-07,3.0396011467567275e-07,0.8138005859154698,-0.0005453028654582281,-0.0015989119291957008,0.2,0.0,0.0,0.0,0.0,2.962962962962963,2.962962962962963,-3.958017211758147e-06,-5.029415400592541e-06,2.62116603963303,2.625336177438057,0.00027392088376257916,0.0005321768985478327
X+,8.5,5.5,29.742832594998617,0.0,0.8308396322860486,0.00013666691129953206,0.000532720812605207,0.1771621683356776,0.000299361902293958,-0.0006095728161424503,0.8311579335553274,2.800369363053345e-06,-2.5786041518180798e-06,0.16685751052975323,-7.501964926948949e-07,3.0396011467567275e-07,0.8138005859154698,-0.0005453028654582281,-0.0015989119291957008,0.2,0.0,0.0,0.0,0.0,2.962962962962963,2.962962962962963,-3.958017211758147e-06,-5.029415400592541e-06,2.62116603963303,2.625336177438057,0.00027392088376257916,0.0005321768985478327
X+,8.5,5.5,29.77200697399894,0.0,0.8308396322860486,0.00013666691129953206,0.000532720812605207,0.1771621683356776,0.000299361902293958,-0.0006095728161424503,0.8311579335553274,2.800369363053345e-06,-2.5786041518180798e-06,0.16685751052975323,-7.501964926948949e-07,3.0396011467567275e-07,0.8138005859154698,-0.0005453028654582281,-0.0015989119291957008,0.2,0.0,0.0,0.0,0.0,2.962962962962963,2.962962962962963,-3.958017211758147e-06,-5.029415400592541e-06,2.62116603963303,2.625336177438057,0.00027392088376257916,0.0005321768985478327
X+,8.5,5.5,29.800057289001415,0.0,0.8308396322860486,0.00013666691129953206,0.000532720812605207,0.1771621683356776,0.000299361902293958,-0.0006095728161424503,0.8311579335553274,2.800369363053345e-06,-2.5786041518180798e-06,0.16685751052975323,-7.501964926948949e-07,3.0396011467567275e-07,0.8138005859154698,-0.0005453028654582281,-0.0015989119291957008,0.2,0.0,0.0,0.0,0.0,2.962962962962963,2.962962962962963,-3.958017211758147e-06,-5.029415400592541e-06,2.62116603963303,2.625336177438057,0.00027392088376257916,0.0005321768985478327
X+,8.5,5.5,29.823916910998378,0.0,0.8308396322860486,0.00013666691129953206,0.000532720812605207,0.1771621683356776,0.000299361902293958,-0.0006095728161424503,0.8311579335553274,2.800369363053345e-06,-2.5786041518180798e-06,0.16685751052975323,-7.501964926948949e-07,3.0396011467567275e-07,0.8138005859154698,-0.0005453028654582281,-0.0015989119291957008,0.2,0.0,0.0,0.0,0.0,2.962962962962963,2.962962962962963,-3.958017211758147e-06,-5.029415400592541e-06,2.62116603963303,2.625336177438057,0.00027392088376257916,0.0005321768985478327
X+,8.5,5.5,29.849398612001096,0.0,0.8308396322860486,0.00013666691129953206,0.000532720812605207,0.1771621683356776,0.000299361902293958,-0.0006095728161424503,0.8311579335553274,2.800369363053345e-06,-2.5786041518180798e-06,0.16685751052975323,-7.501964926948949e-07,3.0396011467567275e-07,0.8138005859154698,-0.0005453028654582281,-0.0015989119291957008,0.2,0.0,0.0,0.0,0.0,2.962962962962963,2.962962962962963,-3.958017211758147e-06,-5.029415400592541e-06,2.62116603963303,2.625336177438057,0.00027392088376257916,0.0005321768985478327
X+,8.5,5.5,29.878901075000613,0.0,0.8308396322860486,0.00013666691129953206,0.000532720812605207,0.1771621683356776,0.000299361902293958,-0.0006095728161424503,0.8311579335553274,2.800369363053345e-06,-2.5786041518180798e-06,0.16685751052975323,-7.501964926948949e-07,3.0396011467567275e-07,0.8138005859154698,-0.0005453028654582281,-0.0015989119291957008,0.2,0.0,0.0,0.0,0.0,2.962962962962963,2.962962962962963,-3.958017211758147e-06,-5.029415400592541e-06,2.62116603963303,2.625336177438057,0.00027392088376257916,0.0005321768985478327
X+,8.5,5.5,29.902705167998647,0.0,0.8308396322860486,0.00013666691129953206,0.000532720812605207,0.1771621683356776,0.000299361902293958,-0.0006095728161424503,0.8311579335553274,2.800369363053345e-06,-2.5786041518180798e-06,0.16685751052975323,-7.501964926948949e-07,3.0396011467567275e-07,0.8138005859154698,-0.0005453028654582281,-0.0015989119291957008,0.2,0.0,0.0,0.0,0.0,2.962962962962963,2.962962962962963,-3.958017211758147e-06,-5.029415400592541e-06,2.62116603963303,2.625336177438057,0.00027392088376257916,0.0005321768985478327
X+,8.5,5.5,29.929406148999988,0.0,0.8308396322860486,0.00013666691129953206,0.000532720812605207,0.1771621683356776,0.000299361902293958,-0.0006095728161424503,0.8311579335553274,2.800369363053345e-06,-2.5786041518180798e-06,0.16685751052975323,-7.501964926948949e-07,3.0396011467567275e-07,0.8138005859154698,-0.0005453028654582281,-0.0015989119291957008,0.2,0.0,0.0,0.0,0.0,2.962962962962963,2.962962962962963,-3.958017211758147e-06,-5.029415400592541e-06,2.62116603963303,2.625336177438057,0.00027392088376257916,0.0005321768985478327
X+,8.5,5.5,29.973093499000242,0.0,0.8308396322860486,0.00013666691129953206,0.000532720812605207,0.1771621683356776,0.000299361902293958,-0.0006095728161424503,0.8311579335553274,2.800369363053345e-06,-2.5786041518180798e-06,0.16685751052975323,-7.501964926948949e-07,3.0396011467567275e-07,0.8138005859154698,-0.0005453028654582281,-0.0015989119291957008,0.2,0.0,0.0,0.0,0.0,2.962962962962963,2.962962962962963,-3.958017211758147e-06,-5.029415400592541e-06,2.62116603963303,2.625336177438057,0.00027392088376257916,0.0005321768985478327
X+,8.5,5.5,30.004396699998324,0.0,0.8308396322860486,0.00013666691129953206,0.000532720812605207,0.1771621683356776,0.000299361902293958,-0.0006095728161424503,0.8311579335553274,2.800369363053345e-06,-2.5786041518180798e-06,0.16685751052975323,-7.501964926948949e-07,3.0396011467567275e-07,0.8138005859154698,-0.0005453028654582281,-0.0015989119291957008,0.2,0.0,0.0,0.0,0.0,2.962962962962963,2.962962962962963,-3.958017211758147e-06,-5.029415400592541e-06,2.62116603963303,2.625336177438057,0.00027392088376257916,0.0005321768985478327
X+,8.5,5.5,30.029086028000165,0.0,0.8308396322860486,0.00013666691129953206,0.000532720812605207,0.1771621683356776,0.000299361902293958,-0.0006095728161424503,0.8311579335553274,2.800369363053345e-06,-2.5786041518180798e-06,0.16685751052975323,-7.501964926948949e-07,3.0396011467567275e-07,0.8138005859154698,-0.0005453028654582281,-0.0015989119291957008,0.2,0.0,0.0,0.0,0.0,2.962962962962963,2.962962962962963,-3.958017211758147e-06,-5.029415400592541e-06,2.62116603963303,2.625336177438057,0.00027392088376257916,0.0005321768985478327
X+,8.5,5.5,30.054498084999068,0.0,0.8308396322860486,0.00013666691129953206,0.000532720812605207,0.1771621683356776,0.000299361902293958,-0.0006095728161424503,0.8311579335553274,2.800369363053345e-06,-2.5786041518180798e-06,0.16685751052975323,-7.501964926948949e-07,3.0396011467567275e-07,0.8138005859154698,-0.0005453028654582281,-0.0015989119291957008,0.2,0.0,0.0,0.0,0.0,2.962962962962963,2.962962962962963,-3.958017211758147e-06,-5.029415400592541e-06,2.62116603963303,2.625336177438057,0.00027392088376257916,0.0005321768985478327
X+,8.5,5.5,30.079758678999497,0.0,0.83278749372868,0.000137489654030481,0.0005337801904715478,0.1766798570819639,0.0003391485795932931,-0.000774130858484134,0.8311579335553274,2.800369363053345e-06,-2.5786041518180798e-06,0.16685751052975323,-7.501964926948949e-07,3.0396011467567275e-07,0.8138005859154698,-0.0005453028654582281,-0.0015989119291957008,0.2,0.0,0.0,0.0,0.0,2.962962962962963,2.962962962962963,-3.986638442476931e-06,-5.194561927268637e-06,2.623282018983753,2.625988841487475,0.0024585154190925967,0.0005330470577746268
X+,8.5,5.5,30.103158255999006,0.0,0.8364914561903938,0.00013951556405100013,0.0005336862434082311,0.17574991480694457,0.00033991582035314185,-0.00078976526601324,0.8311579335553274,2.800369363053345e-06,-2.5786041518180798e-06,0.16685751052975323,-7.501964926948949e-07,3.0396011467567275e-07,0.8138005859154698,-0.0005453028654582281,-0.0015989119291957008,0.2,0.0,0.0,0.0,0.0,2.962962962962963,2.962962962962963,-3.988079605221628e-06,-5.153958036352435e-06,2.625127814195908,2.6265395231874207,0.001235311722724414,0.0005334179165290706
X+,8.5,5.5,30.131071198000427,0.0,0.8400009313576914,0.0001417021005322679,0.0005324447724713125,0.1748538523926686,0.00029970591248232694,-0.0006851874864482498,0.8311579335553274,2.800369363053345e-06,-2.5786041518180798e-06,0.16685751052975323,-7.501964926948949e-07,3.0396011467567275e-07,0.8138005859154698,-0.0005453028654582281,-0.0015989119291957008,0.2,0.0,0.0,0.0,0.0,2.962962962962963,2.962962962962963,-3.980351659826908e-06,-5.020671475008953e-06,2.626840320050689,2.627059071390326,-0.0029484392745946037,0.0005338427280703288
X+,8.5,5.5,30.203464982001606,0.0,0.8424468788820311,0.00014279678885232433,0.0005332135747924307,0.17421967460805296,0.00030406544243462573,-0.0006210457939049856,0.8478916031166455,2.681909417411958e-06,-2.5495838159224354e-06,0.16733669561567904,-7.531043583507416e-07,2.902033589564387e-07,0.8484435911246807,-0.0005984465534180428,-0.0015845756943929504,0.2,0.0,0.0,0.0,0.0,2.962962962962963,2.962962962962963,-3.7627990367994357e-06,-5.0234109201241495e-06,2.6276807447807866,2.6273377650241403,-0.001111606128019233,0.000533099028680612
X+,8.600000000000001,5.600000000000001,30.23209074600163,0.10000000000000142,0.8450577244492197,0.00014395984698697094,0.000534405097782962,0.1735359879078514,0.0003599115146670931,-0.0008571173330305854,0.8478916031166455,2.681909417411958e-06,-2.5495838159224354e-06,0.16733669561567904,-7.531043583507416e-07,2.902033589564387e-07,0.8484435911246807,-0.0005984465534180428,-0.0015845756943929504,0.2,0.0,0.0,0.0,0.0,2.962962962962963,2.962962962962963,-3.5029393821162103e-06,-5.229234163017793e-06,2.6296227024443164,2.6275788376284828,0.0002614688858677901,0.0005339752690136059
X+,8.600000000000001,5.600000000000001,30.26514689599935,0.0,0.8485229403802291,0.00014584613267506867,0.0005343418663754653,0.17261533568020704,0.00035101024543804555,-0.0008401278168477212,0.8478916031166455,2.681909417411958e-06,-2.5495838159224354e-06,0.16733669561567904,-7.531043583507416e-07,2.902033589564387e-07,0.8484435911246807,-0.0005984465534180428,-0.0015845756943929504,0.2,0.0,0.0,0.0,0.0,2.962962962962963,2.962962962962963,-3.4051357307163244e-06,-5.1239294469596075e-06,2.6305796835566233,2.6279433608412783,-0.0015323411491848593,0.0005341112875346866
X+,8.600000000000001,5.600000000000001,30.29336493699884,0.0,0.8485229403802291,0.00014584613267506867,0.0005343418663754653,0.17261533568020704,0.00035101024543804555,-0.0008401278168477212,0.8478916031166455,2.681909417411958e-06,-2.5495838159224354e-06,0.16733669561567904,-7.531043583507416e-07,2.902033589564387e-07,0.8484435911246807,-0.0005984465534180428,-0.0015845756943929504,0.2,0.0,0.0,0.0,0.0,2.962962962962963,2.962962962962963,-3.4012509235736843e-06,-5.204895793475828e-06,2.631595011209219,2.6281679690896858,-0.0015323411491848593,0.0005341112875346866
X+,8.600000000000001,5.600000000000001,30.325225958000374,0.0,0.8485229403802291,0.00014584613267506867,0.0005343418663754653,0.17261533568020704,0.00035101024543804555,-0.0008401278168477212,0.8478916031166455,2.681909417411958e-06,-2.5495838159224354e-06,0.16733669561567904,-7.531043583507416e-07,2.902033589564387e-07,0.8484435911246807,-0.0005984465534180428,-0.0015845756943929504,0.2,0.0,0.0,0.0,0.0,2.962962962962963,2.962962962962963,-3.4012509235736843e-06,-5.204895793475828e-06,2.631595011209219,2.6281679690896858,-0.0015323411491848593,0.0005341112875346866
X+,8.600000000000001,5.600000000000001,30.357548719999613,0.0,0.8485229403802291,0.00014584613267506867,0.0005343418663754653,0.17261533568020704,0.00035101024543804555,-0.0008401278168477212,0.8478916031166455,2.681909417411958e-06,-2.5495838159224354e-06,0.16733669561567904,-7.531043583507416e-07,2.902033589564387e-07,0.8484435911246807,-0.0005984465534180428,-0.0015845756943929504,0.2,0.0,0.0,0.0,0.0,2.962962962962963,2.962962962962963,-3.4012509235736843e-06,-5.204895793475828e-06,2.631595011209219,2.6281679690896858,-0.0015323411491848593,0.0005341112875346866
X+,8.600000000000001,5.600000000000001,30.386889510999026,0.0,0.8485229403802291,0.00014584613267506867,0.0005343418663754653,0.17261533568020704,0.00035101024543804555,-0.0008401278168477212,0.8478916031166455,2.681909417411958e-06,-2.5495838159224354e-06,0.16733669561567904,-7.531043583507416e-07,2.902033589564387e-07,0.8484435911246807,-0.0005984465534180428,-0.0015845756943929504,0.2,0.0,0.0,0.0,0.0,2.962962962962963,2.962962962962963,-3.4012509235736843e-06,-5.204895793475828e-06,2.631595011209219,2.6281679690896858,-0.0015323411491848593,0.0005341112875346866
X+,8.600000000000001,5.600000000000001,30.412609962000715,0.0,0.8485229403802291,0.00014584613267506867,0.0005343418663754653,0.17261533568020704,0.00035101024543804555,-0.0008401278168477212,0.8478916031166455,2.681909417411958e-06,-2.5495838159224354e-06,0.16733669561567904,-7.531043583507416e-07,2.902033589564387e-07,0.8484435911246807,-0.0005984465534180428,-0.0015845756943929504,0.2,0.0,0.0,0.0,0.0,2.962962962962963,2.962962962962963,-3.4012509235736843e-06,-5.204895793475828e-06,2.631595011209219,2.6281679690896858,-0.0015323411491848593,0.0005341112875346866
X+,8.600000000000001,5.600000000000001,30.440563973999815,0.0,0.8485229403802291,0.00014584613267506867,0.0005343418663754653,0.17261533568020704,0.00035101024543804555,-0.0008401278168477212,0.8478916031166455,2.681909417411958e-06,-2.5495838159224354e-06,0.16733669561567904,-7.531043583507416e-07,2.902033589564387e-07,0.8484435911246807,-0.0005984465534180428,-0.0015845756943929504,0.2,0.0,0.0,0.0,0.0,2.962962962962963,2.962962962962963,-3.4012509235736843e-06,-5.204895793475828e-06,2.631595011209219,2.6281679690896858,-0.0015323411491848593,0.0005341112875346866
X+,8.600000000000001,5.600000000000001,30.470689016001415,0.0,0.8485229403802291,0.00014584613267506867,0.0005343418663754653,0.17261533568020704,0.00035101024543804555,-0.0008401278168477212,0.8478916031166455,2.681909417411958e-06,-2.5495838159224354e-06,0.16733669561567904,-7.531043583507416e-07,2.902033589564387e-07,0.8484435911246807,-0.0005984465534180428,-0.0015845756943929504,0.2,0.0,0.0,0.0,0.0,2.962962962962963,2.962962962962963,-3.4012509235736843e-06,-5.204895793475828e-06,2.631595011209219,2.6281679690896858,-0.0015323411491848593,0.0005341112875346866
X+,8.600000000000001,5.600000000000001,30.49816466199991,0.0,0.8485229403802291,0.00014584613267506867,0.0005343418663754653,0.17261533568020704,0.00035101024543804555,-0.0008401278168477212,0.8478916031166455,2.681909417411958e-06,-2.5495838159224354e-06,0.16733669561567904,-7.531043583507416e-07,2.902033589564387e-07,0.8484435911246807,-0.0005984465534180428,-0.0015845756943929504,0.2,0.0,0.0,0.0,0.0,2.962962962962963,2.962962962962963,-3.4012509235736843e-06,-5.204895793475828e-06,2.631595011209219,2.6281679690896858,-0.0015323411491848593,0.0005341112875346866
X+,8.600000000000001,5.600000000000001,30.531312654999056,0.0,0.8485229403802291,0.00014584613267506867,0.0005343418663754653,0.17261533568020704,0.00035101024543804555,-0.0008401278168477212,0.8478916031166455,2.681909417411958e-06,-2.5495838159224354e-06,0.16733669561567904,-7.531043583507416e-07,2.902033589564387e-07,0.8484435911246807,-0.0005984465534180428,-0.0015845756943929504,0.2,0.0,0.0,0.0,0.0,2.962962962962963,2.962962962962963,-3.4012509235736843e-06,-5.204895793475828e-06,2.631595011209219,2.6281679690896858,-0.0015323411491848593,0.0005341112875346866
X+,8.600000000000001,5.600000000000001,30.554879996998352,0.0,0.8485229403802291,0.00014584613267506867,0.0005343418663754653,0.17261533568020704,0.00035101024543804555,-0.0008401278168477212,0.8478916031166455,2.681909417411958e-06,-2.5495838159224354e-06,0.16733669561567904,-7.531043583507416e-07,2.902033589564387e-07,0.8484435911246807,-0.0005984465534180428,-0.0015845756943929504,0.2,0.0,0.0,0.0,0.0,2.962962962962963,2.962962962962963,-3.4012509235736843e-06,-5.204895793475828e-06,2.631595011209219,2.6281679690896858,-0.0015323411491848593,0.0005341112875346866
X+,8.600000000000001,5.600000000000001,30.584511761000613,0.0,0.8485229403802291,0.00014584613267506867,0.0005343418663754653,0.17261533568020704,0.00035101024543804555,-0.0008401278168477212,0.8478916031166455,2.681909417411958e-06,-2.5495838159224354e-06,0.16733669561567904,-7.531043583507416e-07,2.902033589564387e-07,0.8484435911246807,-0.0005984465534180428,-0.0015845756943929504,0.2,0.0,0.0,0.0,0.0,2.962962962962963,2.962962962962963,-3.4012509235736843e-06,-5.204895793475828e-06,2.631595011209219,2.6281679690896858,-0.0015323411491848593,0.0005341112875346866
X+,8.600000000000001,5.600000000000001,30.61248468299891,0.0,0.849731446207081,0.00014662183792924464,0.000533891263071578,0.17229067633381398,0.0003483686479612201,-0.0008590340870188186,0.8478916031166455,2.681909417411958e-06,-2.5495838159224354e-06,0.16733669561567904,-7.531043583507416e-07,2.902033589564387e-07,0.8484435911246807,-0.0005984465534180428,-0.0015845756943929504,0.2,0.0,0.0,0.0,0.0,2.962962962962963,2.962962962962963,-3.4012509235736843e-06,-5.204895793475828e-06,2.631595011209219,2.6281679690896858,0.001432550308050226,0.0005342657475233952
X+,8.600000000000001,5.600000000000001,30.64184208000006,0.0,0.8526569098432873,0.0001482884813795108,0.0005327277488516452,0.17149460564404523,0.00028045822472949703,-0.0005682007284074941,0.8478916031166455,2.681909417411958e-06,-2.5495838159224354e-06,0.16733669561567904,-7.531043583507416e-07,2.902033589564387e-07,0.8484435911246807,-0.0005984465534180428,-0.0015845756943929504,0.2,0.0,0.0,0.0,0.0,2.962962962962963,2.962962962962963,-3.489844086601579e-06,-4.9632449004022305e-06,2.6336995903195217,2.629176532737942,-0.0021447953743655487,0.0005326371972242994
X+,8.600000000000001,5.600000000000001,30.671468001000903,0.0,0.8555688160936648,0.00014945608761920276,0.0005342777042395034,0.17068908782738065,0.0003439412165223843,-0.0008141299685765436,0.8478916031166455,2.681909417411958e-06,-2.5495838159224354e-06,0.16733669561567904,-7.531043583507416e-07,2.902033589564387e-07,0.8484435911246807,-0.0005984465534180428,-0.0015845756943929504,0.2,0.0,0.0,0.0,0.0,2.962962962962963,2.962962962962963,3.594985992450006e-06,-5.203392333008594e-06,2.6361253986949387,2.629863954871707,-7.006192859480365e-05,0.0005339956743455213
X+,8.600000000000001,5.600000000000001,30.704081741001573,0.0,0.8588071097964625,0.00015114660851434786,0.0005340793651341892,0.16977512869138656,0.0003391918330652843,-0.0008146207241613989,0.8478916031166455,2.681909417411958e-06,-2.5495838159224354e-06,0.16733669561567904,-7.531043583507416e-07,2.902033589564387e-07,0.8484435911246807,-0.0005984465534180428,-0.0015845756943929504,0.2,0.0,0.0,0.0,0.0,2.962962962962963,2.962962962962963,3.724782062342058e-06,-5.057516169415521e-06,2.6374295538694583,2.630563657723122,0.0003978474590093672,0.000533951455323893
X+,8.600000000000001,5.600000000000001,30.733571477001533,0.0,0.8608434226565563,0.00015242679657160793,0.00053298590394991,0.16918860637970598,0.000315671449167524,-0.0007786340954044061,0.8646701614953196,2.6280464231241336e-06,-2.304076254458289e-06,0.16778558378756947,-1.1084653390918498e-07,2.4550756146414723e-06,0.8667895490447931,-0.000628929315605651,-0.0015927781517630643,0.2,0.0,0.0,0.0,0.0,2.962962962962963,2.962962962962963,3.446263866280219e-06,-4.81271595731414e-06,2.6402670966896875,2.632038796686957,0.001686571317202166,0.0005337010139042683
X+,8.700000000000001,5.700000000000001,30.75797297900135,0.09999999999999964,0.863716062325153,0.0001537463490049627,0.0005327580728530503,0.16834163862884713,0.00028690697565890444,-0.0006108130916965657,0.8646701614953196,2.6280464231241336e-06,-2.304076254458289e-06,0.16778558378756947,-1.1084653390918498e-07,2.4550756146414723e-06,0.8667895490447931,-0.000628929315605651,-0.0015927781517630643,0.2,0.0,0.0,0.0,0.0,2.962962962962963,2.962962962962963,3.457230163483871e-06,-4.707182067242854e-06,2.6417976906226266,2.6331244845232513,-0.002682418718682535,0.000532657813607717
X+,8.700000000000001,5.700000000000001,30.78378963200157,0.0,0.8655671440987195,0.00015443321638857616,0.0005336035898653519,0.1677852589474273,0.000327728754594853,-0.0007778810182142182,0.8646701614953196,2.6280464231241336e-06,-2.304076254458289e-06,0.16778558378756947,-1.1084653390918498e-07,2.4550756146414723e-06,0.8667895490447931,-0.000628929315605651,-0.0015927781517630643,0.2,0.0,0.0,0.0,0.0,2.962962962962963,2.962962962962963,3.7668093968434846e-06,-4.723014231267086e-06,2.6452574382632457,2.6348459057023255,0.0023274162644180037,0.0005335405048139625
X+,8.700000000000001,5.700000000000001,30.813048248000996,0.0,0.8655671440987195,0.00015443321638857616,0.0005336035898653519,0.1677852589474273,0.000327728754594853,-0.0007778810182142182,0.8646701614953196,2.6280464231241336e-06,-2.304076254458289e-06,0.16778558378756947,-1.1084653390918498e-07,2.4550756146414723e-06,0.8667895490447931,-0.000628929315605651,-0.0015927781517630643,0.2,0.0,0.0,0.0,0.0,2.962962962962963,2.962962962962963,3.7668093968434846e-06,-4.723014231267086e-06,2.6452574382632457,2.6348459057023255,0.0023274162644180037,0.0005335405048139625
X+,8.700000000000001,5.700000000000001,30.839903437998146,0.0,0.8655671440987195,0.00015443321638857616,0.0005336035898653519,0.1677852589474273,0.000327728754594853,-0.0007778810182142182,0.8646701614953196,2.6280464231241336e-06,-2.304076254458289e-06,0.16778558378756947,-1.1084653390918498e-07,2.4550756146414723e-06,0.8667895490447931,-0.000628929315605651,-0.0015927781517630643,0.2,0.0,0.0,0.0,0.0,2.962962962962963,2.962962962962963,3.7668093968434846e-06,-4.723014231267086e-06,2.6452574382632457,2.6348459057023255,0.0023274162644180037,0.0005335405048139625
X+,8.700000000000001,5.700000000000001,30.866058840001642,0.0,0.8655671440987195,0.00015443321638857616,0.0005336035898653519,0.1677852589474273,0.000327728754594853,-0.0007778810182142182,0.8646701614953196,2.6280464231241336e-06,-2.304076254458289e-06,0.16778558378756947,-1.1084653390918498e-07,2.4550756146414723e-06,0.8667895490447931,-0.000628929315605651,-0.0015927781517630643,0.2,0.0,0.0,0.0,0.0,2.962962962962963,2.962962962962963,3.7668093968434846e-06,-4.723014231267086e-06,2.6452574382632457,2.6348459057023255,0.0023274162644180037,0.0005335405048139625
X+,8.700000000000001,5.700000000000001,30.90158652899845,0.0,0.8655671440987195,0.00015443321638857616,0.0005336035898653519,0.1677852589474273,0.000327728754594853,-0.0007778810182142182,0.8646701614953196,2.6280464231241336e-06,-2.304076254458289e-06,0.16778558378756947,-1.1084653390918498e-07,2.4550756146414723e-06,0.8667895490447931,-0.000628929315605651,-0.0015927781517630643,0.2,0.0,0.0,0.0,0.0,2.962962962962963,2.962962962962963,3.7668093968434846e-06,-4.723014231267086e-06,2.6452574382632457,2.6348459057023255,0.0023274162644180037,0.0005335405048139625
X+,8.700000000000001,5.700000000000001,30.932651363000332,0.0,0.8655671440987195,0.00015443321638857616,0.0005336035898653519,0.1677852589474273,0.000327728754594853,-0.0007778810182142182,0.8646701614953196,2.6280464231241336e-06,-2.304076254458289e-06,0.16778558378756947,-1.1084653390918498e-07,2.4550756146414723e-06,0.8667895490447931,-0.000628929315605651,-0.0015927781517630643,0.2,0.0,0.0,0.0,0.0,2.962962962962963,2.962962962962963,3.7668093968434846e-06,-4.723014231267086e-06,2.6452574382632457,2.6348459057023255,0.0023274162644180037,0.0005335405048139625
X+,8.700000000000001,5.700000000000001,30.96209658099906,0.0,0.8655671440987195,0.00015443321638857616,0.0005336035898653519,0.1677852589474273,0.000327728754594853,-0.0007778810182142182,0.8646701614953196,2.6280464231241336e-06,-2.304076254458289e-06,0.16778558378756947,-1.1084653390918498e-07,2.4550756146414723e-06,0.8667895490447931,-0.000628929315605651,-0.0015927781517630643,0.2,0.0,0.0,0.0,0.0,2.962962962962963,2.962962962962963,3.7668093968434846e-06,-4.723014231267086e-06,2.6452574382632457,2.6348459057023255,0.0023274162644180037,0.0005335405048139625
X+,8.700000000000001,5.700000000000001,30.986456621998514,0.0,0.8655671440987195,0.00015443321638857616,0.0005336035898653519,0.1677852589474273,0.000327728754594853,-0.0007778810182142182,0.8646701614953196,2.6280464231241336e-06,-2.304076254458289e-06,0.16778558378756947,-1.1084653390918498e-07,2.4550756146414723e-06,0.8667895490447931,-0.000628929315605651,-0.0015927781517630643,0.2,0.0,0.0,0.0,0.0,2.962962962962963,2.962962962962963,3.7668093968434846e-06,-4.723014231267086e-06,2.6452574382632457,2.6348459057023255,0.0023274162644180037,0.0005335405048139625
X+,8.700000000000001,5.700000000000001,31.014180565998686,0.0,0.8655671440987195,0.00015443321638857616,0.0005336035898653519,0.1677852589474273,0.000327728754594853,-0.0007778810182142182,0.8646701614953196,2.6280464231241336e-06,-2.304076254458289e-06,0.16778558378756947,-1.1084653390918498e-07,2.4550756146414723e-06,0.8667895490447931,-0.000628929315605651,-0.0015927781517630643,0.2,0.0,0.0,0.0,0.0,2.962962962962963,2.962962962962963,3.7668093968434846e-06,-4.723014231267086e-06,2.6452574382632457,2.6348459057023255,0.0023274162644180037,0.0005335405048139625
X+,8.700000000000001,5.700000000000001,31.0417271059996,0.0,0.8655671440987195,0.00015443321638857616,0.0005336035898653519,0.1677852589474273,0.000327728754594853,-0.0007778810182142182,0.8646701614953196,2.6280464231241336e-06,-2.304076254458289e-06,0.16778558378756947,-1.1084653390918498e-07,2.4550756146414723e-06,0.8667895490447931,-0.000628929315605651,-0.0015927781517630643,0.2,0.0,0.0,0.0,0.0,2.962962962962963,2.962962962962963,3.7668093968434846e-06,-4.723014231267086e-06,2.6452574382632457,2.6348459057023255,0.0023274162644180037,0.0005335405048139625
X+,8.700000000000001,5.700000000000001,31.06681076300083,0.0,0.8655671440987195,0.00015443321638857616,0.0005336035898653519,0.1677852589474273,0.000327728754594853,-0.0007778810182142182,0.8646701614953196,2.6280464231241336e-06,-2.304076254458289e-06,0.16778558378756947,-1.1084653390918498e-07,2.4550756146414723e-06,0.8667895490447931,-0.000628929315605651,-0.0015927781517630643,0.2,0.0,0.0,0.0,0.0,2.962962962962963,2.962962962962963,3.7668093968434846e-06,-4.723014231267086e-06,2.6452574382632457,2.6348459057023255,0.0023274162644180037,0.0005335405048139625
X+,8.700000000000001,5.700000000000001,31.099228785999003,0.0,0.8655671440987195,0.00015443321638857616,0.0005336035898653519,0.1677852589474273,0.000327728754594853,-0.0007778810182142182,0.8646701614953196,2.6280464231241336e-06,-2.304076254458289e-06,0.16778558378756947,-1.1084653390918498e-07,2.4550756146414723e-06,0.8667895490447931,-0.000628929315605651,-0.0015927781517630643,0.2,0.0,0.0,0.0,0.0,2.962962962962963,2.962962962962963,3.7668093968434846e-06,-4.723014231267086e-06,2.6452574382632457,2.6348459057023255,0.0023274162644180037,0.0005335405048139625
X+,8.700000000000001,5.700000000000001,31.13568782799848,0.0,0.8655671440987195,0.00015443321638857616,0.0005336035898653519,0.1677852589474273,0.000327728754594853,-0.0007778810182142182,0.8646701614953196,2.6280464231241336e-06,-2.304076254458289e-06,0.16778558378756947,-1.1084653390918498e-07,2.4550756146414723e-06,0.8667895490447931,-0.000628929315605651,-0.0015927781517630643,0.2,0.0,0.0,0.0,0.0,2.962962962962963,2.962962962962963,3.7668093968434846e-06,-4.723014231267086e-06,2.6452574382632457,2.6348459057023255,0.0023274162644180037,0.0005335405048139625
X+,8.700000000000001,5.700000000000001,31.163386801999877,0.0,0.8655671440987195,0.00015443321638857616,0.0005336035898653519,0.1677852589474273,0.000327728754594853,-0.0007778810182142182,0.8646701614953196,2.6280464231241336e-06,-2.304076254458289e-06,0.16778558378756947,-1.1084653390918498e-07,2.4550756146414723e-06,0.8667895490447931,-0.000628929315605651,-0.0015927781517630643,0.2,0.0,0.0,0.0,0.0,2.962962962962963,2.962962962962963,3.7668093968434846e-06,-4.723014231267086e-06,2.6452574382632457,2.6348459057023255,0.0023274162644180037,0.0005335405048139625
X+,8.700000000000001,5.700000000000001,31.20024778700099,0.0,0.8670771339255119,0.0001552075384299691,0.0005334550650933598,0.1673243796849114,0.00034620758744225853,-0.0008648091491637299,0.8646701614953196,2.6280464231241336e-06,-2.304076254458289e-06,0.16778558378756947,-1.1084653390918498e-07,2.4550756146414723e-06,0.8667895490447931,-0.000628929315605651,-0.0015927781517630643,0.2,0.0,0.0,0.0,0.0,2.962962962962963,2.962962962962963,3.7668093968434846e-06,-4.723014231267086e-06,2.6452574382632457,2.6348459057023255,0.0029564483731043508,0.0005334550650933598
X+,8.700000000000001,5.700000000000001,31.234835590999865,0.0,0.8707506388840307,0.00015705028936904147,0.0005321325851971714,0.1661705931785852,0.00028036146439547083,-0.0006076598920320156,0.8646701614953196,2.6280464231241336e-06,-2.304076254458289e-06,0.16778558378756947,-1.1084653390918498e-07,2.4550756146414723e-06,0.8667895490447931,-0.000628929315605651,-0.0015927781517630643,0.2,0.0,0.0,0.0,0.0,2.962962962962963,2.962962962962963,4.712301988618606e-06,-4.449501667558309e-06,2.651417160872143,2.63904033758982,-0.0031772220435375624,0.0005320405190203982
X+,8.700000000000001,5.700000000000001,31.28397457599931,0.0,0.8755536515590037,0.0001592945263864656,0.0005313225200547852,0.16458661094676436,0.0002893986091116014,-0.0007080853939601599,0.8646701614953196,2.6280464231241336e-06,-2.304076254458289e-06,0.16778558378756947,-1.1084653390918498e-07,2.4550756146414723e-06,0.8667895490447931,-0.000628929315605651,-0.0015927781517630643,0.2,0.0,0.0,0.0,0.0,2.962962962962963,2.962962962962963,5.1746874554226e-06,-4.525996732951398e-06,2.656367176758961,2.6420128310944135,0.0014242376894060497,0.0005331102664193811
X+,8.700000000000001,5.700000000000001,31.32219266500033,0.0,0.8781836506386994,0.00016025292526774398,0.000531331417302689,0.16367232890254593,0.0002757308133133188,-0.0006076835395514729,0.8815455018201015,2.594859541355603e-06,-2.0312277794290906e-06,0.16875340324813537,5.6951891597555666e-08,2.7284847502919784e-06,0.8803630902366401,-0.0006512176341694846,-0.0016026257954761967,0.2,0.0,0.0,0.0,0.0,2.962962962962963,2.962962962962963,5.857696486089026e-06,-4.348075371751747e-06,2.662073916518875,2.646663175660182,-0.0016319234561822935,0.0005310673606533412
X+,8.8,5.800000000000001,31.354864632998215,0.09999999999999964,0.8821008432860564,0.00016184360382623733,0.0005310871927276196,0.1622426317861666,0.00031200199503627143,-0.0007972843211994419,0.8815455018201015,2.594859541355603e-06,-2.0312277794290906e-06,0.16875340324813537,5.6951891597555666e-08,2.7284847502919784e-06,0.8803630902366401,-0.0006512176341694846,-0.0016026257954761967,0.2,0.0,0.0,0.0,0.0,2.962962962962963,2.962962962962963,6.296108594483485e-06,4.584993216205646e-06,2.6687167395011646,2.6511787580097166,-0.0009384858833657662,0.0005321556195635103
X+,8.8,5.800000000000001,31.385463288999745,0.0,0.8822633120427933,0.00016193310685725434,0.0005309216256247159,0.16218127900154228,0.00030534561968565007,-0.0007758880694488892,0.8815455018201015,2.594859541355603e-06,-2.0312277794290906e-06,0.16875340324813537,5.6951891597555666e-08,2.7284847502919784e-06,0.8803630902366401,-0.0006512176341694846,-0.0016026257954761967,0.2,0.0,0.0,0.0,0.0,2.962962962962963,2.962962962962963,6.749333191002904e-06,-4.508672073022524e-06,2.672441100560936,2.654111778072393,-0.0009384858833657662,0.0005321556195635103
X+,8.8,5.800000000000001,31.41510046500116,0.0,0.8822633120427933,0.00016193310685725434,0.0005309216256247159,0.16218127900154228,0.00030534561968565007,-0.0007758880694488892,0.8815455018201015,2.594859541355603e-06,-2.0312277794290906e-06,0.16875340324813537,5.6951891597555666e-08,2.7284847502919784e-06,0.8803630902366401,-0.0006512176341694846,-0.0016026257954761967,0.2,0.0,0.0,0.0,0.0,2.962962962962963,2.962962962962963,6.749333191002904e-06,-4.508672073022524e-06,2.672441100560936,2.654111778072393,-0.0009384858833657662,0.0005321556195635103
X+,8.8,5.800000000000001,31.44098220199885,0.0,0.8822633120427933,0.00016193310685725434,0.0005309216256247159,0.16218127900154228,0.00030534561968565007,-0.0007758880694488892,0.8815455018201015,2.594859541355603e-06,-2.0312277794290906e-06,0.16875340324813537,5.6951891597555666e-08,2.7284847502919784e-06,0.8803630902366401,-0.0006512176341694846,-0.0016026257954761967,0.2,0.0,0.0,0.0,0.0,2.962962962962963,2.962962962962963,6.749333191002904e-06,-4.508672073022524e-06,2.672441100560936,2.654111778072393,-0.0009384858833657662,0.0005321556195635103
X+,8.8,5.800000000000001,31.46694136899896,0.0,0.8822633120427933,0.00016193310685725434,0.0005309216256247159,0.16218127900154228,0.00030534561968565007,-0.0007758880694488892,0.8815455018201015,2.594859541355603e-06,-2.0312277794290906e-06,0.16875340324813537,5.6951891597555666e-08,2.7284847502919784e-06,0.8803630902366401,-0.0006512176341694846,-0.0016026257954761967,0.2,0.0,0.0,0.0,0.0,2.962962962962963,2.962962962962963,6.749333191002904e-06,-4.508672073022524e-06,2.672441100560936,2.654111778072393,-0.0009384858833657662,0.0005321556195635103
X+,8.8,5.800000000000001,31.496714578999672,0.0,0.8822633120427933,0.00016193310685725434,0.0005309216256247159,0.16218127900154228,0.00030534561968565007,-0.0007758880694488892,0.8815455018201015,2.594859541355603e-06,-2.0312277794290906e-06,0.16875340324813537,5.6951891597555666e-08,2.7284847502919784e-06,0.8803630902366401,-0.0006512176341694846,-0.0016026257954761967,0.2,0.0,0.0,0.0,0.0,2.962962962962963,2.962962962962963,6.749333191002904e-06,-4.508672073022524e-06,2.672441100560936,2.654111778072393,-0.0009384858833657662,0.0005321556195635103
X+,8.8,5.800000000000001,31.529368127001362,0.0,0.8822633120427933,0.00016193310685725434,0.0005309216256247159,0.16218127900154228,0.00030534561968565007,-0.0007758880694488892,0.8815455018201015,2.594859541355603e-06,-2.0312277794290906e-06,0.16875340324813537,5.6951891597555666e-08,2.7284847502919784e-06,0.8803630902366401,-0.0006512176341694846,-0.0016026257954761967,0.2,0.0,0.0,0.0,0.0,2.962962962962963,2.962962962962963,6.749333191002904e-06,-4.508672073022524e-06,2.672441100560936,2.654111778072393,-0.0009384858833657662,0.0005321556195635103
X+,8.8,5.800000000000001,31.556496052999137,0.0,0.8822633120427933,0.00016193310685725434,0.0005309216256247159,0.16218127900154228,0.00030534561968565007,-0.0007758880694488892,0.8815455018201015,2.594859541355603e-06,-2.0312277794290906e-06,0.16875340324813537,5.6951891597555666e-08,2.7284847502919784e-06,0.8803630902366401,-0.0006512176341694846,-0.0016026257954761967,0.2,0.0,0.0,0.0,0.0,2.962962962962963,2.962962962962963,6.749333191002904e-06,-4.508672073022524e-06,2.672441100560936,2.654111778072393,-0.0009384858833657662,0.0005321556195635103
X+,8.8,5.800000000000001,31.58422618899931,0.0,0.8822633120427933,0.00016193310685725434,0.0005309216256247159,0.16218127900154228,0.00030534561968565007,-0.0007758880694488892,0.8815455018201015,2.594859541355603e-06,-2.0312277794290906e-06,0.16875340324813537,5.6951891597555666e-08,2.7284847502919784e-06,0.8803630902366401,-0.0006512176341694846,-0.0016026257954761967,0.2,0.0,0.0,0.0,0.0,2.962962962962963,2.962962962962963,6.749333191002904e-06,-4.508672073022524e-06,2.672441100560936,2.654111778072393,-0.0009384858833657662,0.0005321556195635103
X+,8.8,5.800000000000001,31.61048665999988,0.0,0.8822633120427933,0.00016193310685725434,0.0005309216256247159,0.16218127900154228,0.00030534561968565007,-0.0007758880694488892,0.8815455018201015,2.594859541355603e-06,-2.0312277794290906e-06,0.16875340324813537,5.6951891597555666e-08,2.7284847502919784e-06,0.8803630902366401,-0.0006512176341694846,-0.0016026257954761967,0.2,0.0,0.0,0.0,0.0,2.962962962962963,2.962962962962963,6.749333191002904e-06,-4.508672073022524e-06,2.672441100560936,2.654111778072393,-0.0009384858833657662,0.0005321556195635103
X+,8.8,5.800000000000001,31.63951717099917,0.0,0.8822633120427933,0.00016193310685725434,0.0005309216256247159,0.16218127900154228,0.00030534561968565007,-0.0007758880694488892,0.8815455018201015,2.594859541355603e-06,-2.0312277794290906e-06,0.16875340324813537,5.6951891597555666e-08,2.7284847502919784e-06,0.8803630902366401,-0.0006512176341694846,-0.0016026257954761967,0.2,0.0,0.0,0.0,0.0,2.962962962962963,2.962962962962963,6.749333191002904e-06,-4.508672073022524e-06,2.672441100560936,2.654111778072393,-0.0009384858833657662,0.0005321556195635103
X+,8.8,5.800000000000001,31.664516993001598,0.0,0.8822633120427933,0.00016193310685725434,0.0005309216256247159,0.16218127900154228,0.00030534561968565007,-0.0007758880694488892,0.8815455018201015,2.594859541355603e-06,-2.0312277794290906e-06,0.16875340324813537,5.6951891597555666e-08,2.7284847502919784e-06,0.8803630902366401,-0.0006512176341694846,-0.0016026257954761967,0.2,0.0,0.0,0.0,0.0,2.962962962962963,2.962962962962963,6.749333191002904e-06,-4.508672073022524e-06,2.672441100560936,2.654111778072393,-0.0009384858833657662,0.0005321556195635103
X+,8.8,5.800000000000001,31.693393433000892,0.0,0.8848543964192289,0.00016287253221359058,0.000530543342303137,0.16117544652562782,0.0002728555084684067,-0.0006253740620505791,0.8815455018201015,2.594859541355603e-06,-2.0312277794290906e-06,0.16875340324813537,5.6951891597555666e-08,2.7284847502919784e-06,0.8803630902366401,-0.0006512176341694846,-0.0016026257954761967,0.2,0.0,0.0,0.0,0.0,2.962962962962963,2.962962962962963,6.956478119768406e-06,8.052590469986853e-06,2.6764514141737186,2.657707794647274,-0.00013703396137249176,0.0005304820833931754
X+,8.8,5.800000000000001,31.719596317998366,0.0,0.8874291511713821,0.00016358858076853666,0.000531209036214118,0.16012591153812655,0.0003184125166383179,-0.0007909307767356734,0.8815455018201015,2.594859541355603e-06,-2.0312277794290906e-06,0.16875340324813537,5.6951891597555666e-08,2.7284847502919784e-06,0.8803630902366401,-0.0006512176341694846,-0.0016026257954761967,0.2,0.0,0.0,0.0,0.0,2.962962962962963,2.962962962962963,7.400201653240401e-06,4.5935415897702114e-06,2.685463671289784,2.664487680343907,-0.0029354840596328793,0.0005310486252474249
X+,8.8,5.800000000000001,31.74926190699989,0.0,0.8896681426099917,0.00016477526688730374,0.0005294041199933894,0.15916587089354672,0.00026602191529242174,-0.0006579426092062055,0.8815455018201015,2.594859541355603e-06,-2.0312277794290906e-06,0.16875340324813537,5.6951891597555666e-08,2.7284847502919784e-06,0.8803630902366401,-0.0006512176341694846,-0.0016026257954761967,0.2,0.0,0.0,0.0,0.0,2.962962962962963,2.962962962962963,7.802114205368582e-06,4.549051697999573e-06,2.6905388867458084,2.6685862802800187,0.002987365634043927,0.0005308155066750417
X+,8.8,5.800000000000001,31.78717845600113,0.0,0.8933164541236761,0.00016567631108765305,0.0005299863378495204,0.15748647740054286,0.00028849336449577017,-0.0006686666042989436,0.8986482934055333,2.710337926619061e-06,-2.068241685090516e-06,0.17102791585162028,1.5021805063731104e-06,-3.701390566142486e-07,0.8980398637978332,-0.0006847675048383587,-0.0018015811770093683,0.2,0.0,0.0,0.0,0.0,2.962962962962963,2.962962962962963,8.47884576415936e-06,4.971489484972835e-06,2.7084312810110824,2.683853919477257,-0.00046739355716004626,0.0005299863378495204
X+,8.9,5.9,31.823903232001612,0.09999999999999964,0.8967688532417533,0.00016666005269275804,0.000530342659023781,0.1557460225715801,0.00031676854286518015,-0.0007714794235881938,0.8986482934055333,2.710337926619061e-06,-2.068241685090516e-06,0.17102791585162028,1.5021805063731104e-06,-3.701390566142486e-07,0.8980398637978332,-0.0006847675048383587,-0.0018015811770093683,0.2,0.0,0.0,0.0,0.0,2.962962962962963,2.962962962962963,8.881870747323717e-06,6.018536617524717e-06,2.723084304844528,2.6962487472277115,-0.00042292708079180356,0.0005303683189708077
X+,8.9,5.9,31.85369576299854,0.0,0.8980146198792484,0.0001670501920412546,0.0005302647540215711,0.15507462586863321,0.0003122358400767017,-0.0007557407002427717,0.8986482934055333,2.710337926619061e-06,-2.068241685090516e-06,0.17102791585162028,1.5021805063731104e-06,-3.701390566142486e-07,0.8980398637978332,-0.0006847675048383587,-0.0018015811770093683,0.2,0.0,0.0,0.0,0.0,2.962962962962963,2.962962962962963,9.09557791040072e-06,6.5215574407417876e-06,2.7314028830132555,2.7035718641421744,0.0017110901371295351,0.0005302647540215711
X+,8.9,5.9,31.887411841998983,0.0,0.8980146198792484,0.0001670501920412546,0.0005302647540215711,0.15507462586863321,0.0003122358400767017,-0.0007557407002427717,0.8986482934055333,2.710337926619061e-06,-2.068241685090516e-06,0.17102791585162028,1.5021805063731104e-06,-3.701390566142486e-07,0.8980398637978332,-0.0006847675048383587,-0.0018015811770093683,0.2,0.0,0.0,0.0,0.0,2.962962962962963,2.962962962962963,9.09557791040072e-06,6.5215574407417876e-06,2.7314028830132555,2.7035718641421744,0.0017110901371295351,0.0005302647540215711
X+,8.9,5.9,31.910914101001254,0.0,0.8980146198792484,0.0001670501920412546,0.0005302647540215711,0.15507462586863321,0.0003122358400767017,-0.0007557407002427717,0.8986482934055333,2.710337926619061e-06,-2.068241685090516e-06,0.17102791585162028,1.5021805063731104e-06,-3.701390566142486e-07,0.8980398637978332,-0.0006847675048383587,-0.0018015811770093683,0.2,0.0,0.0,0.0,0.0,2.962962962962963,2.962962962962963,9.09557791040072e-06,6.5215574407417876e-06,2.7314028830132555,2.7035718641421744,0.0017110901371295351,0.0005302647540215711
X+,8.9,5.9,31.939312513000914,0.0,0.8980146198792484,0.0001670501920412546,0.0005302647540215711,0.15507462586863321,0.0003122358400767017,-0.0007557407002427717,0.8986482934055333,2.710337926619061e-06,-2.068241685090516e-06,0.17102791585162028,1.5021805063731104e-06,-3.701390566142486e-07,0.8980398637978332,-0.0006847675048383587,-0.0018015811770093683,0.2,0.0,0.0,0.0,0.0,2.962962962962963,2.962962962962963,9.09557791040072e-06,6.5215574407417876e-06,2.7314028830132555,2.7035718641421744,0.0017110901371295351,0.0005302647540215711
X+,8.9,5.9,31.968673447001493,0.0,0.8980146198792484,0.0001670501920412546,0.0005302647540215711,0.15507462586863321,0.0003122358400767017,-0.0007557407002427717,0.8986482934055333,2.710337926619061e-06,-2.068241685090516e-06,0.17102791585162028,1.5021805063731104e-06,-3.701390566142486e-07,0.8980398637978332,-0.0006847675048383587,-0.0018015811770093683,0.2,0.0,0.0,0.0,0.0,2.962962962962963,2.962962962962963,9.09557791040072e-06,6.5215574407417876e-06,2.7314028830132555,2.7035718641421744,0.0017110901371295351,0.0005302647540215711
X+,8.9,5.9,32.00420784599919,0.0,0.8980146198792484,0.0001670501920412546,0.0005302647540215711,0.15507462586863321,0.0003122358400767017,-0.0007557407002427717,0.8986482934055333,2.710337926619061e-06,-2.068241685090516e-06,0.17102791585162028,1.5021805063731104e-06,-3.701390566142486e-07,0.8980398637978332,-0.0006847675048383587,-0.0018015811770093683,0.2,0.0,0.0,0.0,0.0,2.962962962962963,2.962962962962963,9.09557791040072e-06,6.5215574407417876e-06,2.7314028830132555,2.7035718641421744,0.0017110901371295351,0.0005302647540215711
X+,8.9,5.9,32.03502522499912,0.0,0.8980146198792484,0.0001670501920412546,0.0005302647540215711,0.15507462586863321,0.0003122358400767017,-0.0007557407002427717,0.8986482934055333,2.710337926619061e-06,-2.068241685090516e-06,0.17102791585162028,1.5021805063731104e-06,-3.701390566142486e-07,0.8980398637978332,-0.0006847675048383587,-0.0018015811770093683,0.2,0.0,0.0,0.0,0.0,2.962962962962963,2.962962962962963,9.09557791040072e-06,6.5215574407417876e-06,2.7314028830132555,2.7035718641421744,0.0017110901371295351,0.0005302647540215711
X+,8.9,5.9,32.06163574400125,0.0,0.8980146198792484,0.0001670501920412546,0.0005302647540215711,0.15507462586863321,0.0003122358400767017,-0.0007557407002427717,0.8986482934055333,2.710337926619061e-06,-2.068241685090516e-06,0.17102791585162028,1.5021805063731104e-06,-3.701390566142486e-07,0.8980398637978332,-0.0006847675048383587,-0.0018015811770093683,0.2,0.0,0.0,0.0,0.0,2.962962962962963,2.962962962962963,9.09557791040072e-06,6.5215574407417876e-06,2.7314028830132555,2.7035718641421744,0.0017110901371295351,0.0005302647540215711
X+,8.9,5.9,32.0870240439981,0.0,0.8980146198792484,0.0001670501920412546,0.0005302647540215711,0.15507462586863321,0.0003122358400767017,-0.0007557407002427717,0.8986482934055333,2.710337926619061e-06,-2.068241685090516e-06,0.17102791585162028,1.5021805063731104e-06,-3.701390566142486e-07,0.8980398637978332,-0.0006847675048383587,-0.0018015811770093683,0.2,0.0,0.0,0.0,0.0,2.962962962962963,2.962962962962963,9.09557791040072e-06,6.5215574407417876e-06,2.7314028830132555,2.7035718641421744,0.0017110901371295351,0.0005302647540215711
X+,8.9,5.9,32.116806770998664,0.0,0.8980146198792484,0.0001670501920412546,0.0005302647540215711,0.15507462586863321,0.0003122358400767017,-0.0007557407002427717,0.8986482934055333,2.710337926619061e-06,-2.068241685090516e-06,0.17102791585162028,1.5021805063731104e-06,-3.701390566142486e-07,0.8980398637978332,-0.0006847675048383587,-0.0018015811770093683,0.2,0.0,0.0,0.0,0.0,2.962962962962963,2.962962962962963,9.09557791040072e-06,6.5215574407417876e-06,2.7314028830132555,2.7035718641421744,0.0017110901371295351,0.0005302647540215711
X+,8.9,5.9,32.14543255099852,0.0,0.8980146198792484,0.0001670501920412546,0.0005302647540215711,0.15507462586863321,0.0003122358400767017,-0.0007557407002427717,0.8986482934055333,2.710337926619061e-06,-2.068241685090516e-06,0.17102791585162028,1.5021805063731104e-06,-3.701390566142486e-07,0.8980398637978332,-0.0006847675048383587,-0.0018015811770093683,0.2,0.0,0.0,0.0,0.0,2.962962962962963,2.962962962962963,9.09557791040072e-06,6.5215574407417876e-06,2.7314028830132555,2.7035718641421744,0.0017110901371295351,0.0005302647540215711
X+,8.9,5.9,32.17145075300141,0.0,0.8980146198792484,0.0001670501920412546,0.0005302647540215711,0.15507462586863321,0.0003122358400767017,-0.0007557407002427717,0.8986482934055333,2.710337926619061e-06,-2.068241685090516e-06,0.17102791585162028,1.5021805063731104e-06,-3.701390566142486e-07,0.8980398637978332,-0.0006847675048383587,-0.0018015811770093683,0.2,0.0,0.0,0.0,0.0,2.962962962962963,2.962962962962963,9.09557791040072e-06,6.5215574407417876e-06,2.7314028830132555,2.7035718641421744,0.0017110901371295351,0.0005302647540215711
X+,8.9,5.9,32.197465126999305,0.0,0.8992549670656618,0.00016741328655946967,0.0005302470100657721,0.15438013818108395,0.00030913657302684966,-0.0007379139543675566,0.8986482934055333,2.710337926619061e-06,-2.068241685090516e-06,0.17102791585162028,1.5021805063731104e-06,-3.701390566142486e-07,0.8980398637978332,-0.0006847675048383587,-0.0018015811770093683,0.2,0.0,0.0,0.0,0.0,2.962962962962963,2.962962962962963,9.09557791040072e-06,6.5215574407417876e-06,2.7314028830132555,2.7035718641421744,0.0017110901371295351,0.0005302647540215711
X+,8.9,5.9,32.22381003400005,0.0,0.9007974935567138,0.00016784444916913624,0.0005302811396338606,0.15347703600986337,0.0003077815143280578,-0.0007182148148302721,0.8986482934055333,2.710337926619061e-06,-2.068241685090516e-06,0.17102791585162028,1.5021805063731104e-06,-3.701390566142486e-07,0.8980398637978332,-0.0006847675048383587,-0.0018015811770093683,0.2,0.0,0.0,0.0,0.0,2.962962962962963,2.962962962962963,9.300719316485129e-06,7.059517262320014e-06,2.740478502190889,2.711603835916565,-0.0022116171349355804,0.0005302508525769744
X+,8.9,5.9,32.252693471000384,0.0,0.9032462983785672,0.00016850725517504692,0.0005304387317101617,0.151942514467908,0.000306960905802285,-0.0006815208077559233,0.8986482934055333,2.710337926619061e-06,-2.068241685090516e-06,0.17102791585162028,1.5021805063731104e-06,-3.701390566142486e-07,0.8980398637978332,-0.0006847675048383587,-0.0018015811770093683,0.2,0.0,0.0,0.0,0.0,2.962962962962963,2.962962962962963,9.689257700173926e-06,8.261869075099071e-06,2.7612417941234093,2.7301131812305433,-0.0018386595361519552,0.000530397729146917
X+,8.9,5.9,32.28461941899877,0.0,0.906121210850376,0.00016925826361119563,0.0005308564207850159,0.1499568427528939,0.0003065393437657691,-0.000624567262821886,0.8986482934055333,2.710337926619061e-06,-2.068241685090516e-06,0.17102791585162028,1.5021805063731104e-06,-3.701390566142486e-07,0.8980398637978332,-0.0006847675048383587,-0.0018015811770093683,0.2,0.0,0.0,0.0,0.0,2.962962962962963,2.962962962962963,1.0034889738719244e-05,9.64420264448762e-06,2.7861595615198795,2.7524463255515683,-0.0032067080528402044,0.0005306005230106969
X+,8.9,5.9,32.312064767000265,0.0,0.9079169602911715,0.00016971702442660462,0.0005312905084244868,0.14860025980066363,0.00030734469571640715,-0.0005760907613282125,0.9162887531553227,2.847448286309289e-06,-2.0532354941162158e-06,0.17640459749468074,1.7359509388858454e-06,1.500619097429938e-07,0.9168330033822845,-0.0007172033087308177,-0.0018549304035548888,0.2,0.0,0.0,0.0,0.0,2.962962962962963,2.962962962962963,1.0190450645097826e-05,1.041107095378635e-05,2.8004969846364287,2.765213898804342,-0.0018976334734287796,0.0005312055635119293
X+,9.0,6.0,32.336611266000546,0.09999999999999964,0.9101380844147253,0.00017028240764299651,0.0005320752602685967,0.14677616450452782,0.00030845179802061926,-0.0005045674182730332,0.9162887531553227,2.847448286309289e-06,-2.0532354941162158e-06,0.17640459749468074,1.7359509388858454e-06,1.500619097429938e-07,0.9168330033822845,-0.0007172033087308177,-0.0018549304035548888,0.2,0.0,0.0,0.0,0.0,2.962962962962963,2.962962962962963,1.0469816141167598e-05,1.2119311698199908e-05,2.8336346240900756,2.7951448247710964,0.004672713932250487,0.0005317881218317732
X+,9.0,6.0,32.365433839000616,0.0,0.9124760354966666,0.00017088539882578312,0.0005331211074392371,0.14465026815026333,0.0003080468831241918,-0.00040496986382902516,0.9162887531553227,2.847448286309289e-06,-2.0532354941162158e-06,0.17640459749468074,1.7359509388858454e-06,1.500619097429938e-07,0.9168330033822845,-0.0007172033087308177,-0.0018549304035548888,0.2,0.0,0.0,0.0,0.0,2.962962962962963,2.962962962962963,1.0599647468190199e-05,1.306681156876266e-05,2.8527157907799228,2.8126344487044306,0.0060882646863623414,0.0005331211074392371
X+,9.0,6.0,32.40129411199814,0.0,0.9129105673905409,0.00017099758415290572,0.0005333487503042621,0.14422865125241233,0.0003078616109101823,-0.00038259047001942695,0.9162887531553227,2.847448286309289e-06,-2.0532354941162158e-06,0.17640459749468074,1.7359509388858454e-06,1.500619097429938e-07,0.9168330033822845,-0.0007172033087308177,-0.0018549304035548888,0.2,0.0,0.0,0.0,0.0,2.962962962962963,2.962962962962963,1.0599647468190199e-05,1.306681156876266e-05,2.8527157907799228,2.8126344487044306,0.0060882646863623414,0.0005331211074392371
X+,9.0,6.0,32.433932831001584,0.0,0.9129105673905409,0.00017099758415290572,0.0005333487503042621,0.14422865125241233,0.0003078616109101823,-0.00038259047001942695,0.9162887531553227,2.847448286309289e-06,-2.0532354941162158e-06,0.17640459749468074,1.7359509388858454e-06,1.500619097429938e-07,0.9168330033822845,-0.0007172033087308177,-0.0018549304035548888,0.2,0.0,0.0,0.0,0.0,2.962962962962963,2.962962962962963,1.0599647468190199e-05,1.306681156876266e-05,2.8527157907799228,2.8126344487044306,0.0060882646863623414,0.0005331211074392371
X+,9.0,6.0,32.468114672999945,0.0,0.9129105673905409,0.00017099758415290572,0.0005333487503042621,0.14422865125241233,0.0003078616109101823,-0.00038259047001942695,0.9162887531553227,2.847448286309289e-06,-2.0532354941162158e-06,0.17640459749468074,1.7359509388858454e-06,1.500619097429938e-07,0.9168330033822845,-0.0007172033087308177,-0.0018549304035548888,0.2,0.0,0.0,0.0,0.0,2.962962962962963,2.962962962962963,1.0599647468190199e-05,1.306681156876266e-05,2.8527157907799228,2.8126344487044306,0.0060882646863623414,0.0005331211074392371
X+,9.0,6.0,32.49624137000137,0.0,0.9129105673905409,0.00017099758415290572,0.0005333487503042621,0.14422865125241233,0.0003078616109101823,-0.00038259047001942695,0.9162887531553227,2.847448286309289e-06,-2.0532354941162158e-06,0.17640459749468074,1.7359509388858454e-06,1.500619097429938e-07,0.9168330033822845,-0.0007172033087308177,-0.0018549304035548888,0.2,0.0,0.0,0.0,0.0,2.962962962962963,2.962962962962963,1.0599647468190199e-05,1.306681156876266e-05,2.8527157907799228,2.8126344487044306,0.0060882646863623414,0.0005331211074392371
X+,9.0,6.0,32.524525411998184,0.0,0.9129105673905409,0.00017099758415290572,0.0005333487503042621,0.14422865125241233,0.0003078616109101823,-0.00038259047001942695,0.9162887531553227,2.847448286309289e-06,-2.0532354941162158e-06,0.17640459749468074,1.7359509388858454e-06,1.500619097429938e-07,0.9168330033822845,-0.0007172033087308177,-0.0018549304035548888,0.2,0.0,0.0,0.0,0.0,2.962962962962963,2.962962962962963,1.0599647468190199e-05,1.306681156876266e-05,2.8527157907799228,2.8126344487044306,0.0060882646863623414,0.0005331211074392371
X+,9.0,6.0,32.551686954000616,0.0,0.9129105673905409,0.00017099758415290572,0.0005333487503042621,0.14422865125241233,0.0003078616109101823,-0.00038259047001942695,0.9162887531553227,2.847448286309289e-06,-2.0532354941162158e-06,0.17640459749468074,1.7359509388858454e-06,1.500619097429938e-07,0.9168330033822845,-0.0007172033087308177,-0.0018549304035548888,0.2,0.0,0.0,0.0,0.0,2.962962962962963,2.962962962962963,1.0599647468190199e-05,1.306681156876266e-05,2.8527157907799228,2.8126344487044306,0.0060882646863623414,0.0005331211074392371
X+,9.0,6.0,32.577568002998305,0.0,0.9129105673905409,0.00017099758415290572,0.0005333487503042621,0.14422865125241233,0.0003078616109101823,-0.00038259047001942695,0.9162887531553227,2.847448286309289e-06,-2.0532354941162158e-06,0.17640459749468074,1.7359509388858454e-06,1.500619097429938e-07,0.9168330033822845,-0.0007172033087308177,-0.0018549304035548888,0.2,0.0,0.0,0.0,0.0,2.962962962962963,2.962962962962963,1.0599647468190199e-05,1.306681156876266e-05,2.8527157907799228,2.8126344487044306,0.0060882646863623414,0.0005331211074392371
X+,9.0,6.0,32.60648627900082,0.0,0.9129105673905409,0.00017099758415290572,0.0005333487503042621,0.14422865125241233,0.0003078616109101823,-0.00038259047001942695,0.9162887531553227,2.847448286309289e-06,-2.0532354941162158e-06,0.17640459749468074,1.7359509388858454e-06,1.500619097429938e-07,0.9168330033822845,-0.0007172033087308177,-0.0018549304035548888,0.2,0.0,0.0,0.0,0.0,2.962962962962963,2.962962962962963,1.0599647468190199e-05,1.306681156876266e-05,2.8527157907799228,2.8126344487044306,0.0060882646863623414,0.0005331211074392371
X+,9.0,6.0,32.63342001599813,0.0,0.9129105673905409,0.00017099758415290572,0.0005333487503042621,0.14422865125241233,0.0003078616109101823,-0.00038259047001942695,0.9162887531553227,2.847448286309289e-06,-2.0532354941162158e-06,0.17640459749468074,1.7359509388858454e-06,1.500619097429938e-07,0.9168330033822845,-0.0007172033087308177,-0.0018549304035548888,0.2,0.0,0.0,0.0,0.0,2.962962962962963,2.962962962962963,1.0599647468190199e-05,1.306681156876266e-05,2.8527157907799228,2.8126344487044306,0.0060882646863623414,0.0005331211074392371
X+,9.0,6.0,32.66831523599831,0.0,0.9129105673905409,0.00017099758415290572,0.0005333487503042621,0.14422865125241233,0.0003078616109101823,-0.00038259047001942695,0.9162887531553227,2.847448286309289e-06,-2.0532354941162158e-06,0.17640459749468074,1.7359509388858454e-06,1.500619097429938e-07,0.9168330033822845,-0.0007172033087308177,-0.0018549304035548888,0.2,0.0,0.0,0.0,0.0,2.962962962962963,2.962962962962963,1.0599647468190199e-05,1.306681156876266e-05,2.8527157907799228,2.8126344487044306,0.0060882646863623414,0.0005331211074392371
X+,9.0,6.0,32.69167730999834,0.0,0.9129105673905409,0.00017099758415290572,0.0005333487503042621,0.14422865125241233,0.0003078616109101823,-0.00038259047001942695,0.9162887531553227,2.847448286309289e-06,-2.0532354941162158e-06,0.17640459749468074,1.7359509388858454e-06,1.500619097429938e-07,0.9168330033822845,-0.0007172033087308177,-0.0018549304035548888,0.2,0.0,0.0,0.0,0.0,2.962962962962963,2.962962962962963,1.0599647468190199e-05,1.306681156876266e-05,2.8527157907799228,2.8126344487044306,0.0060882646863623414,0.0005331211074392371
X+,9.0,6.0,32.727191513000434,0.0,0.9129105673905409,0.00017099758415290572,0.0005333487503042621,0.14422865125241233,0.0003078616109101823,-0.00038259047001942695,0.9162887531553227,2.847448286309289e-06,-2.0532354941162158e-06,0.17640459749468074,1.7359509388858454e-06,1.500619097429938e-07,0.9168330033822845,-0.0007172033087308177,-0.0018549304035548888,0.2,0.0,0.0,0.0,0.0,2.962962962962963,2.962962962962963,1.0599647468190199e-05,1.306681156876266e-05,2.8527157907799228,2.8126344487044306,0.0060882646863623414,0.0005331211074392371
X+,9.0,6.0,32.75801025799956,0.0,0.9129105673905409,0.00017099758415290572,0.0005333487503042621,0.14422865125241233,0.0003078616109101823,-0.00038259047001942695,0.9162887531553227,2.847448286309289e-06,-2.0532354941162158e-06,0.17640459749468074,1.7359509388858454e-06,1.500619097429938e-07,0.9168330033822845,-0.0007172033087308177,-0.0018549304035548888,0.2,0.0,0.0,0.0,0.0,2.962962962962963,2.962962962962963,1.0599647468190199e-05,1.306681156876266e-05,2.8527157907799228,2.8126344487044306,0.0060882646863623414,0.0005331211074392371
X+,9.0,6.0,32.78802639800051,0.0,0.9143497450812593,0.00017137622785200375,0.0005341710635907461,0.142766136237534,0.00030688047087528656,-0.00029998439830680404,0.9162887531553227,2.847448286309289e-06,-2.0532354941162158e-06,0.17640459749468074,1.7359509388858454e-06,1.500619097429938e-07,0.9168330033822845,-0.0007172033087308177,-0.0018549304035548888,0.2,0.0,0.0,0.0,0.0,2.962962962962963,2.962962962962963,1.072488667031024e-05,1.4084286565463344e-05,2.8736490523552454,2.832004168658531,-0.0016447838394663922,0.0005340000677597519
X+,9.0,6.0,32.813596423999115,0.0,0.916056955009918,0.00017186613192516492,0.0005352956513459813,0.14088715448122008,0.0003009525820550059,-0.0001792625144346921,0.9162887531553227,2.847448286309289e-06,-2.0532354941162158e-06,0.17640459749468074,1.7359509388858454e-06,1.500619097429938e-07,0.9168330033822845,-0.0007172033087308177,-0.0018549304035548888,0.2,0.0,0.0,0.0,0.0,2.962962962962963,2.962962962962963,1.099323218500814e-05,1.630955472542439e-05,2.92125032094772,2.876619028389953,-0.0027699928658701813,0.0005347931161749548
X+,9.0,6.0,32.83765811199919,0.0,0.9181581679090917,0.0001724686816313237,0.0005367868760783546,0.13833240571048233,0.0002917483141450045,2.451181198410022e-05,0.9162887531553227,2.847448286309289e-06,-2.0532354941162158e-06,0.17640459749468074,1.7359509388858454e-06,1.500619097429938e-07,0.9168330033822845,-0.0007172033087308177,-0.0018549304035548888,0.2,0.0,0.0,0.0,0.0,2.962962962962963,2.962962962962963,1.1138678758904064e-05,1.7594287307076684e-05,2.9477622316754784,2.9017579352991287,-0.0018241024160163069,0.0005367868760783546
X+,9.0,6.0,32.86804821699843,0.0,0.92008353581133,0.00017309821598262068,0.0005382284937794265,0.13573033241910162,0.00027099613563631773,0.0002949598642156302,0.9162887531553227,2.847448286309289e-06,-2.0532354941162158e-06,0.17640459749468074,1.7359509388858454e-06,1.500619097429938e-07,0.9168330033822845,-0.0007172033087308177,-0.0018549304035548888,0.2,0.0,0.0,0.0,0.0,2.962962962962963,2.962962962962963,1.1510118961055582e-05,2.031118328726933e-05,3.0044149763252963,2.955615376101012,0.0009329779344772491,0.0005378202758127296
X+,9.0,6.0,32.894354044001375,0.0,0.9225035015236244,0.00017397559765203706,0.0005399180932848306,0.132088505219738,0.00027710036872825676,0.0005546120068329216,0.9352714498258036,3.1098154435580986e-06,-2.3234010936486258e-06,0.18982696669902155,3.0134310382610225e-06,-2.701655995324096e-06,0.935682999132706,-0.0007478839042782816,-0.0016570612934279098,0.2,0.0,0.0,0.0,0.0,2.962962962962963,2.962962962962963,1.1808418064696014e-05,2.1810919466069834e-05,3.0326439157107936,2.981500297518081,-0.0028340016927585624,0.0005397306980441875
X+,9.100000000000001,6.100000000000001,32.92348556599973,0.10000000000000142,0.9251130257085073,0.00017496630473394503,0.0005419112203198996,0.1277498831120766,0.00030516641546887236,0.000799591158831416,0.9352714498258036,3.1098154435580986e-06,-2.3234010936486258e-06,0.18982696669902155,3.0134310382610225e-06,-2.701655995324096e-06,0.935682999132706,-0.0007478839042782816,-0.0016570612934279098,0.2,0.0,0.0,0.0,0.0,2.962962962962963,2.962962962962963,1.2043886990831254e-05,2.4662532616126498e-05,3.0813947681945235,3.023425212793332,0.0016907506117301665,0.0005417508800987434
X+,9.100000000000001,6.100000000000001,32.94770905900077,0.0,0.9266367698684058,0.00017559124416084444,0.0005431825357174616,0.12487626341149369,0.0003326883670481162,0.0009347326243945797,0.9352714498258036,3.1098154435580986e-06,-2.3234010936486258e-06,0.18982696669902155,3.0134310382610225e-06,-2.701655995324096e-06,0.935682999132706,-0.0007478839042782816,-0.0016570612934279098,0.2,0.0,0.0,0.0,0.0,2.962962962962963,2.962962962962963,1.2375604866221579e-05,2.7041419795814647e-05,3.1049653199667966,3.0325882405834808,0.001780262489931838,0.0005427162453597585
X+,9.100000000000001,6.100000000000001,32.97571011200125,0.0,0.9266367698684058,0.00017559124416084444,0.0005431825357174616,0.12487626341149369,0.0003326883670481162,0.0009347326243945797,0.9352714498258036,3.1098154435580986e-06,-2.3234010936486258e-06,0.18982696669902155,3.0134310382610225e-06,-2.701655995324096e-06,0.935682999132706,-0.0007478839042782816,-0.0016570612934279098,0.2,0.0,0.0,0.0,0.0,2.962962962962963,2.962962962962963,1.2375604866221579e-05,2.7041419795814647e-05,3.1049653199667966,3.0325882405834808,0.001780262489931838,0.0005427162453597585
X+,9.100000000000001,6.100000000000001,33.00262213300084,0.0,0.9266367698684058,0.00017559124416084444,0.0005431825357174616,0.12487626341149369,0.0003326883670481162,0.0009347326243945797,0.9352714498258036,3.1098154435580986e-06,-2.3234010936486258e-06,0.18982696669902155,3.0134310382610225e-06,-2.701655995324096e-06,0.935682999132706,-0.0007478839042782816,-0.0016570612934279098,0.2,0.0,0.0,0.0,0.0,2.962962962962963,2.962962962962963,1.2375604866221579e-05,2.7041419795814647e-05,3.1049653199667966,3.0325882405834808,0.001780262489931838,0.0005427162453597585
X+,9.100000000000001,6.100000000000001,33.02943117899849,0.0,0.9266367698684058,0.00017559124416084444,0.0005431825357174616,0.12487626341149369,0.0003326883670481162,0.0009347326243945797,0.9352714498258036,3.1098154435580986e-06,-2.3234010936486258e-06,0.18982696669902155,3.0134310382610225e-06,-2.701655995324096e-06,0.935682999132706,-0.0007478839042782816,-0.0016570612934279098,0.2,0.0,0.0,0.0,0.0,2.962962962962963,2.962962962962963,1.2375604866221579e-05,2.7041419795814647e-05,3.1049653199667966,3.0325882405834808,0.001780262489931838,0.0005427162453597585
X+,9.100000000000001,6.100000000000001,33.060572866001166,0.0,0.9266367698684058,0.00017559124416084444,0.0005431825357174616,0.12487626341149369,0.0003326883670481162,0.0009347326243945797,0.9352714498258036,3.1098154435580986e-06,-2.3234010936486258e-06,0.18982696669902155,3.0134310382610225e-06,-2.701655995324096e-06,0.935682999132706,-0.0007478839042782816,-0.0016570612934279098,0.2,0.0,0.0,0.0,0.0,2.962962962962963,2.962962962962963,1.2375604866221579e-05,2.7041419795814647e-05,3.1049653199667966,3.0325882405834808,0.001780262489931838,0.0005427162453597585
X+,9.100000000000001,6.100000000000001,33.09563859099944,0.0,0.9266367698684058,0.00017559124416084444,0.0005431825357174616,0.12487626341149369,0.0003326883670481162,0.0009347326243945797,0.9352714498258036,3.1098154435580986e-06,-2.3234010936486258e-06,0.18982696669902155,3.0134310382610225e-06,-2.701655995324096e-06,0.935682999132706,-0.0007478839042782816,-0.0016570612934279098,0.2,0.0,0.0,0.0,0.0,2.962962962962963,2.962962962962963,1.2375604866221579e-05,2.7041419795814647e-05,3.1049653199667966,3.0325882405834808,0.001780262489931838,0.0005427162453597585
X+,9.100000000000001,6.100000000000001,33.127043823998974,0.0,0.9266367698684058,0.00017559124416084444,0.0005431825357174616,0.12487626341149369,0.0003326883670481162,0.0009347326243945797,0.9352714498258036,3.1098154435580986e-06,-2.3234010936486258e-06,0.18982696669902155,3.0134310382610225e-06,-2.701655995324096e-06,0.935682999132706,-0.0007478839042782816,-0.0016570612934279098,0.2,0.0,0.0,0.0,0.0,2.962962962962963,2.962962962962963,1.2375604866221579e-05,2.7041419795814647e-05,3.1049653199667966,3.0325882405834808,0.001780262489931838,0.0005427162453597585
X+,9.100000000000001,6.100000000000001,33.15603176500008,0.0,0.9266367698684058,0.00017559124416084444,0.0005431825357174616,0.12487626341149369,0.0003326883670481162,0.0009347326243945797,0.9352714498258036,3.1098154435580986e-06,-2.3234010936486258e-06,0.18982696669902155,3.0134310382610225e-06,-2.701655995324096e-06,0.935682999132706,-0.0007478839042782816,-0.0016570612934279098,0.2,0.0,0.0,0.0,0.0,2.962962962962963,2.962962962962963,1.2375604866221579e-05,2.7041419795814647e-05,3.1049653199667966,3.0325882405834808,0.001780262489931838,0.0005427162453597585
X+,9.100000000000001,6.100000000000001,33.18351799299853,0.0,0.9266367698684058,0.00017559124416084444,0.0005431825357174616,0.12487626341149369,0.0003326883670481162,0.0009347326243945797,0.9352714498258036,3.1098154435580986e-06,-2.3234010936486258e-06,0.18982696669902155,3.0134310382610225e-06,-2.701655995324096e-06,0.935682999132706,-0.0007478839042782816,-0.0016570612934279098,0.2,0.0,0.0,0.0,0.0,2.962962962962963,2.962962962962963,1.2375604866221579e-05,2.7041419795814647e-05,3.1049653199667966,3.0325882405834808,0.001780262489931838,0.0005427162453597585
X+,9.100000000000001,6.100000000000001,33.21332501299912,0.0,0.9266367698684058,0.00017559124416084444,0.0005431825357174616,0.12487626341149369,0.0003326883670481162,0.0009347326243945797,0.9352714498258036,3.1098154435580986e-06,-2.3234010936486258e-06,0.18982696669902155,3.0134310382610225e-06,-2.701655995324096e-06,0.935682999132706,-0.0007478839042782816,-0.0016570612934279098,0.2,0.0,0.0,0.0,0.0,2.962962962962963,2.962962962962963,1.2375604866221579e-05,2.7041419795814647e-05,3.1049653199667966,3.0325882405834808,0.001780262489931838,0.0005427162453597585
X+,9.100000000000001,6.100000000000001,33.244886493001104,0.0,0.9266367698684058,0.00017559124416084444,0.0005431825357174616,0.12487626341149369,0.0003326883670481162,0.0009347326243945797,0.9352714498258036,3.1098154435580986e-06,-2.3234010936486258e-06,0.18982696669902155,3.0134310382610225e-06,-2.701655995324096e-06,0.935682999132706,-0.0007478839042782816,-0.0016570612934279098,0.2,0.0,0.0,0.0,0.0,2.962962962962963,2.962962962962963,1.2375604866221579e-05,2.7041419795814647e-05,3.1049653199667966,3.0325882405834808,0.001780262489931838,0.0005427162453597585
X+,9.100000000000001,6.100000000000001,33.275580442998034,0.0,0.9266367698684058,0.00017559124416084444,0.0005431825357174616,0.12487626341149369,0.0003326883670481162,0.0009347326243945797,0.9352714498258036,3.1098154435580986e-06,-2.3234010936486258e-06,0.18982696669902155,3.0134310382610225e-06,-2.701655995324096e-06,0.935682999132706,-0.0007478839042782816,-0.0016570612934279098,0.2,0.0,0.0,0.0,0.0,2.962962962962963,2.962962962962963,1.2375604866221579e-05,2.7041419795814647e-05,3.1049653199667966,3.0325882405834808,0.001780262489931838,0.0005427162453597585
X+,9.100000000000001,6.100000000000001,33.30901335299859,0.0,0.9266367698684058,0.00017559124416084444,0.0005431825357174616,0.12487626341149369,0.0003326883670481162,0.0009347326243945797,0.9352714498258036,3.1098154435580986e-06,-2.3234010936486258e-06,0.18982696669902155,3.0134310382610225e-06,-2.701655995324096e-06,0.935682999132706,-0.0007478839042782816,-0.0016570612934279098,0.2,0.0,0.0,0.0,0.0,2.962962962962963,2.962962962962963,1.2375604866221579e-05,2.7041419795814647e-05,3.1049653199667966,3.0325882405834808,0.001780262489931838,0.0005427162453597585
X+,9.100000000000001,6.100000000000001,33.33959727399997,0.0,0.9266367698684058,0.00017559124416084444,0.0005431825357174616,0.12487626341149369,0.0003326883670481162,0.0009347326243945797,0.9352714498258036,3.1098154435580986e-06,-2.3234010936486258e-06,0.18982696669902155,3.0134310382610225e-06,-2.701655995324096e-06,0.935682999132706,-0.0007478839042782816,-0.0016570612934279098,0.2,0.0,0.0,0.0,0.0,2.962962962962963,2.962962962962963,1.2375604866221579e-05,2.7041419795814647e-05,3.1049653199667966,3.0325882405834808,0.001780262489931838,0.0005427162453597585
X+,9.100000000000001,6.100000000000001,33.365620139000384,0.0,0.9272623055572228,0.00017585958284076133,0.0005436806472858946,0.124001854569724,0.0003380109631695768,0.000966485258592065,0.9352714498258036,3.1098154435580986e-06,-2.3234010936486258e-06,0.18982696669902155,3.0134310382610225e-06,-2.701655995324096e-06,0.935682999132706,-0.0007478839042782816,-0.0016570612934279098,0.2,0.0,0.0,0.0,0.0,2.962962962962963,2.962962962962963,1.2375604866221579e-05,2.7041419795814647e-05,3.1049653199667966,3.0325882405834808,0.001780262489931838,0.0005427162453597585
X+,9.100000000000001,6.100000000000001,33.39158591999876,0.0,0.9288634206716271,0.0001762418441034917,0.0005439908017972106,0.12124875947268353,0.0003175930112702204,0.0010418724146329613,0.9352714498258036,3.1098154435580986e-06,-2.3234010936486258e-06,0.18982696669902155,3.0134310382610225e-06,-2.701655995324096e-06,0.935682999132706,-0.0007478839042782816,-0.0016570612934279098,0.2,0.0,0.0,0.0,0.0,2.962962962962963,2.962962962962963,1.2506190234518044e-05,2.7671916322802304e-05,3.1011008577732055,3.0189007721418415,-0.0010000077364134426,0.0005439908017972106
X+,9.100000000000001,6.100000000000001,33.41963252400092,0.0,0.9314953511135262,0.0001764202804897773,0.0005431544742695235,0.11716506541126163,0.00039050301958830835,0.0013539939353334586,0.9352714498258036,3.1098154435580986e-06,-2.3234010936486258e-06,0.18982696669902155,3.0134310382610225e-06,-2.701655995324096e-06,0.935682999132706,-0.0007478839042782816,-0.0016570612934279098,0.2,0.0,0.0,0.0,0.0,2.962962962962963,2.962962962962963,1.2553234520318313e-05,2.6596618971197472e-05,3.053644745464576,2.9493679663759518,-0.0012931784762784113,0.0005432246101774284
X+,9.100000000000001,6.100000000000001,33.45176608499969,0.0,0.9328951323785873,0.0001751854346960513,0.0005432475611281915,0.11536850962166033,0.00015304772631052397,0.0011721385693849499,0.9352714498258036,3.1098154435580986e-06,-2.3234010936486258e-06,0.18982696669902155,3.0134310382610225e-06,-2.701655995324096e-06,0.935682999132706,-0.0007478839042782816,-0.0016570612934279098,0.2,0.0,0.0,0.0,0.0,2.962962962962963,2.962962962962963,1.0438109590893418e-05,1.8108977265285375e-05,2.94771276647267,2.8375195303819645,-0.0024046201738852743,0.0005431816628798168
X+,9.100000000000001,6.100000000000001,33.48076449899963,0.0,0.9342737520171647,0.00017438166415340885,0.0005443494983268276,0.11391266286560085,0.000471135129609729,0.001132268807455,0.9536974146898505,3.328662241553984e-06,-2.5422439504132428e-06,0.184259648634887,2.6165770491191366e-06,-2.1884285676461697e-06,0.9383144790616563,-0.0007560814504583062,-0.001805880322666927,0.2,0.0,0.0,0.0,0.0,2.962962962962963,2.962962962962963,6.65851143200058e-06,-1.4112492295659251e-05,2.883668795168725,2.778993538044717,0.002223692373530565,0.0005429691896298739
X+,9.200000000000001,6.200000000000001,33.52111300899924,0.09999999999999964,0.936312407842679,0.00017460541124932148,0.0005464521111678663,0.11274595339574779,3.883444145592649e-05,0.00010990945781139472,0.9536974146898505,3.328662241553984e-06,-2.5422439504132428e-06,0.184259648634887,2.6165770491191366e-06,-2.1884285676461697e-06,0.9383144790616563,-0.0007560814504583062,-0.001805880322666927,0.2,0.0,0.0,0.0,0.0,2.962962962962963,2.962962962962963,4.0956675881886895e-06,-1.1935552770125923e-05,2.668049522554671,2.5464160422016207,0.0007819179829850254,0.0005463621533025201
X+,9.200000000000001,6.200000000000001,33.55548793100024,0.0,0.9383493117775915,0.00016338192314462735,0.0005843922367903689,0.11377854873095368,-0.0010421962053362033,0.005954363413374273,0.9536974146898505,3.328662241553984e-06,-2.5422439504132428e-06,0.184259648634887,2.6165770491191366e-06,-2.1884285676461697e-06,0.9383144790616563,-0.0007560814504583062,-0.001805880322666927,0.2,0.0,0.0,0.0,0.0,2.962962962962963,2.962962962962963,1.3749935670048785e-06,1.568272027618889e-05,2.342612511352547,2.0975593051922536,0.003593066558393517,0.000553440572430164
X+,9.200000000000001,6.200000000000001,33.581809624000016,0.0,0.9385780581209032,0.00016119024275543757,0.0005966995297197319,0.11411033996989238,-0.0010683583879626671,0.00705691465732323,0.9536974146898505,3.328662241553984e-06,-2.5422439504132428e-06,0.184259648634887,2.6165770491191366e-06,-2.1884285676461697e-06,0.9383144790616563,-0.0007560814504583062,-0.001805880322666927,0.2,0.0,0.0,0.0,0.0,2.962962962962963,2.962962962962963,1.3749935670048785e-06,1.568272027618889e-05,2.342612511352547,2.0975593051922536,0.004548977342316526,0.0005966995297197319
X+,9.200000000000001,6.200000000000001,33.61083173600127,0.0,0.9385780581209032,0.00016119024275543757,0.0005966995297197319,0.11411033996989238,-0.0010683583879626671,0.00705691465732323,0.9536974146898505,3.328662241553984e-06,-2.5422439504132428e-06,0.184259648634887,2.6165770491191366e-06,-2.1884285676461697e-06,0.9383144790616563,-0.0007560814504583062,-0.001805880322666927,0.2,0.0,0.0,0.0,0.0,2.962962962962963,2.962962962962963,1.3749935670048785e-06,1.568272027618889e-05,2.342612511352547,2.0975593051922536,0.004548977342316526,0.0005966995297197319
X+,9.200000000000001,6.200000000000001,33.63586473900068,0.0,0.9385780581209032,0.00016119024275543757,0.0005966995297197319,0.11411033996989238,-0.0010683583879626671,0.00705691465732323,0.9536974146898505,3.328662241553984e-06,-2.5422439504132428e-06,0.184259648634887,2.6165770491191366e-06,-2.1884285676461697e-06,0.9383144790616563,-0.0007560814504583062,-0.001805880322666927,0.2,0.0,0.0,0.0,0.0,2.962962962962963,2.962962962962963,1.3749935670048785e-06,1.568272027618889e-05,2.342612511352547,2.0975593051922536,0.004548977342316526,0.0005966995297197319
X+,9.200000000000001,6.200000000000001,33.66642188300102,0.0,0.9385780581209032,0.00016119024275543757,0.0005966995297197319,0.11411033996989238,-0.0010683583879626671,0.00705691465732323,0.9536974146898505,3.328662241553984e-06,-2.5422439504132428e-06,0.184259648634887,2.6165770491191366e-06,-2.1884285676461697e-06,0.9383144790616563,-0.0007560814504583062,-0.001805880322666927,0.2,0.0,0.0,0.0,0.0,2.962962962962963,2.962962962962963,1.3749935670048785e-06,1.568272027618889e-05,2.342612511352547,2.0975593051922536,0.004548977342316526,0.0005966995297197319
X+,9.200000000000001,6.200000000000001,33.691878090998216,0.0,0.9385780581209032,0.00016119024275543757,0.0005966995297197319,0.11411033996989238,-0.0010683583879626671,0.00705691465732323,0.9536974146898505,3.328662241553984e-06,-2.5422439504132428e-06,0.184259648634887,2.6165770491191366e-06,-2.1884285676461697e-06,0.9383144790616563,-0.0007560814504583062,-0.001805880322666927,0.2,0.0,0.0,0.0,0.0,2.962962962962963,2.962962962962963,1.3749935670048785e-06,1.568272027618889e-05,2.342612511352547,2.0975593051922536,0.004548977342316526,0.0005966995297197319
X+,9.200000000000001,6.200000000000001,33.71694686000046,0.0,0.9385780581209032,0.00016119024275543757,0.0005966995297197319,0.11411033996989238,-0.0010683583879626671,0.00705691465732323,0.9536974146898505,3.328662241553984e-06,-2.5422439504132428e-06,0.184259648634887,2.6165770491191366e-06,-2.1884285676461697e-06,0.9383144790616563,-0.0007560814504583062,-0.001805880322666927,0.2,0.0,0.0,0.0,0.0,2.962962962962963,2.962962962962963,1.3749935670048785e-06,1.568272027618889e-05,2.342612511352547,2.0975593051922536,0.004548977342316526,0.0005966995297197319
X+,9.200000000000001,6.200000000000001,33.74876622800002,0.0,0.9385780581209032,0.00016119024275543757,0.0005966995297197319,0.11411033996989238,-0.0010683583879626671,0.00705691465732323,0.9536974146898505,3.328662241553984e-06,-2.5422439504132428e-06,0.184259648634887,2.6165770491191366e-06,-2.1884285676461697e-06,0.9383144790616563,-0.0007560814504583062,-0.001805880322666927,0.2,0.0,0.0,0.0,0.0,2.962962962962963,2.962962962962963,1.3749935670048785e-06,1.568272027618889e-05,2.342612511352547,2.0975593051922536,0.004548977342316526,0.0005966995297197319
X+,9.200000000000001,6.200000000000001,33.77703854200081,0.0,0.9385780581209032,0.00016119024275543757,0.0005966995297197319,0.11411033996989238,-0.0010683583879626671,0.00705691465732323,0.9536974146898505,3.328662241553984e-06,-2.5422439504132428e-06,0.184259648634887,2.6165770491191366e-06,-2.1884285676461697e-06,0.9383144790616563,-0.0007560814504583062,-0.001805880322666927,0.2,0.0,0.0,0.0,0.0,2.962962962962963,2.962962962962963,1.3749935670048785e-06,1.568272027618889e-05,2.342612511352547,2.0975593051922536,0.004548977342316526,0.0005966995297197319
X+,9.200000000000001,6.200000000000001,33.80512856399946,0.0,0.9385780581209032,0.00016119024275543757,0.0005966995297197319,0.11411033996989238,-0.0010683583879626671,0.00705691465732323,0.9536974146898505,3.328662241553984e-06,-2.5422439504132428e-06,0.184259648634887,2.6165770491191366e-06,-2.1884285676461697e-06,0.9383144790616563,-0.0007560814504583062,-0.001805880322666927,0.2,0.0,0.0,0.0,0.0,2.962962962962963,2.962962962962963,1.3749935670048785e-06,1.568272027618889e-05,2.342612511352547,2.0975593051922536,0.004548977342316526,0.0005966995297197319
X+,9.200000000000001,6.200000000000001,33.83635844899982,0.0,0.9385780581209032,0.00016119024275543757,0.0005966995297197319,0.11411033996989238,-0.0010683583879626671,0.00705691465732323,0.9536974146898505,3.328662241553984e-06,-2.5422439504132428e-06,0.184259648634887,2.6165770491191366e-06,-2.1884285676461697e-06,0.9383144790616563,-0.0007560814504583062,-0.001805880322666927,0.2,0.0,0.0,0.0,0.0,2.962962962962963,2.962962962962963,1.3749935670048785e-06,1.568272027618889e-05,2.342612511352547,2.0975593051922536,0.004548977342316526,0.0005966995297197319
X+,9.200000000000001,6.200000000000001,33.86137365199829,0.0,0.9385780581209032,0.00016119024275543757,0.0005966995297197319,0.11411033996989238,-0.0010683583879626671,0.00705691465732323,0.9536974146898505,3.328662241553984e-06,-2.5422439504132428e-06,0.184259648634887,2.6165770491191366e-06,-2.1884285676461697e-06,0.9383144790616563,-0.0007560814504583062,-0.001805880322666927,0.2,0.0,0.0,0.0,0.0,2.962962962962963,2.962962962962963,1.3749935670048785e-06,1.568272027618889e-05,2.342612511352547,2.0975593051922536,0.004548977342316526,0.0005966995297197319
X+,9.200000000000001,6.200000000000001,33.88564440100163,0.0,0.939385370726351,0.00015725110757324693,0.000646520553620302,0.11563681309837055,4.8692002500326796e-05,0.007697957231294295,0.9536974146898505,3.328662241553984e-06,-2.5422439504132428e-06,0.184259648634887,2.6165770491191366e-06,-2.1884285676461697e-06,0.9383144790616563,-0.0007560814504583062,-0.001805880322666927,0.2,0.0,0.0,0.0,0.0,2.962962962962963,2.962962962962963,1.3749935670048785e-06,1.568272027618889e-05,2.342612511352547,2.0975593051922536,0.004548977342316526,0.0005966995297197319
X+,9.200000000000001,6.200000000000001,33.91337302000102,0.0,0.9407985747888747,0.00016372656537863226,0.0006975960168222008,0.11913866651653378,0.001118513614655192,0.002217002962290968,0.9536974146898505,3.328662241553984e-06,-2.5422439504132428e-06,0.184259648634887,2.6165770491191366e-06,-2.1884285676461697e-06,0.9383144790616563,-0.0007560814504583062,-0.001805880322666927,0.2,0.0,0.0,0.0,0.0,2.962962962962963,2.962962962962963,7.275569385178926e-06,2.6495078231825175e-05,1.9511908502859008,1.734595468531326,0.008471036782568539,0.0006660625750752211
X+,9.200000000000001,6.200000000000001,33.93953980399965,0.0,0.9425061828256428,0.00016743862439727586,0.000693974717309834,0.12415942073238857,0.00023039818443487458,-0.0005630259262654964,0.9536974146898505,3.328662241553984e-06,-2.5422439504132428e-06,0.184259648634887,2.6165770491191366e-06,-2.1884285676461697e-06,0.9383144790616563,-0.0007560814504583062,-0.001805880322666927,0.2,0.0,0.0,0.0,0.0,2.962962962962963,2.962962962962963,1.039701258243042e-05,2.8088665838588156e-05,1.7998708758472999,1.64066662671442,0.0014887882772951395,0.0006947336384618935
X+,9.200000000000001,6.200000000000001,33.96821716100021,0.0,0.945208834671362,0.00016896661442487252,0.0006858102643162595,0.13274405179006338,0.00029288610655267734,-0.0001647157952825334,0.9536974146898505,3.328662241553984e-06,-2.5422439504132428e-06,0.184259648634887,2.6165770491191366e-06,-2.1884285676461697e-06,0.9383144790616563,-0.0007560814504583062,-0.001805880322666927,0.2,0.0,0.0,0.0,0.0,2.962962962962963,2.962962962962963,1.008509071542818e-05,2.394552216600232e-05,1.639337713054673,1.5382767182759218,-0.0031957388192196275,0.0006864167701600523
X+,9.200000000000001,6.200000000000001,33.996320776001085,0.0,0.9472528348882416,0.00017092345105881434,0.0006807079500490374,0.13936680076662952,0.00036719455016066973,-0.00033353023378788517,0.9634990853186439,3.449138711055996e-06,-2.7385086406150197e-06,0.09801670628455482,1.4539470736158941e-06,-1.962646902017775e-06,0.9548290800644123,-0.0007833264618757125,-0.0015102734673368983,0.2,0.0,0.0,0.0,0.0,2.962962962962963,2.962962962962963,8.547673736813977e-06,2.154240183749323e-05,1.588781481545996,1.488666125907857,-0.00032546612732517894,0.0006820717944447364
X+,9.3,6.300000000000001,34.02180578700063,0.09999999999999964,0.9498353835946717,0.00017310784477510797,0.000676396819551032,0.14730383348200046,0.00040529712325797153,-0.0004487905038047404,0.9634990853186439,3.449138711055996e-06,-2.7385086406150197e-06,0.09801670628455482,1.4539470736158941e-06,-1.962646902017775e-06,0.9548290800644123,-0.0007833264618757125,-0.0015102734673368983,0.2,0.0,0.0,0.0,0.0,2.962962962962963,2.962962962962963,6.769648900117886e-06,1.7308179708130922e-05,1.5069063945323475,1.5568728796976743,-0.0014574601641936583,0.0006768783790461523
X+,9.3,6.300000000000001,34.05364395699871,0.0,0.9520920578307284,0.0001744512472632246,0.000674152286703939,0.1533831890176335,0.0004181393199980793,-0.0005696268282021633,0.9634990853186439,3.449138711055996e-06,-2.7385086406150197e-06,0.09801670628455482,1.4539470736158941e-06,-1.962646902017775e-06,0.9548290800644123,-0.0007833264618757125,-0.0015102734673368983,0.2,0.0,0.0,0.0,0.0,2.962962962962963,2.962962962962963,8.590030068589272e-06,1.2906900743736571e-05,1.5597410998159134,1.6828628424617629,-0.001555189515129651,0.0006747259002114142
X+,9.3,6.300000000000001,34.08374279599957,0.0,0.9520920578307284,0.0001744512472632246,0.000674152286703939,0.1533831890176335,0.0004181393199980793,-0.0005696268282021633,0.9634990853186439,3.449138711055996e-06,-2.7385086406150197e-06,0.09801670628455482,1.4539470736158941e-06,-1.962646902017775e-06,0.9548290800644123,-0.0007833264618757125,-0.0015102734673368983,0.2,0.0,0.0,0.0,0.0,2.962962962962963,2.962962962962963,8.590030068589272e-06,1.2906900743736571e-05,1.5597410998159134,1.6828628424617629,-0.001555189515129651,0.0006747259002114142
X+,9.3,6.300000000000001,34.107454107001104,0.0,0.9520920578307284,0.0001744512472632246,0.000674152286703939,0.1533831890176335,0.0004181393199980793,-0.0005696268282021633,0.9634990853186439,3.449138711055996e-06,-2.7385086406150197e-06,0.09801670628455482,1.4539470736158941e-06,-1.962646902017775e-06,0.9548290800644123,-0.0007833264618757125,-0.0015102734673368983,0.2,0.0,0.0,0.0,0.0,2.962962962962963,2.962962962962963,8.590030068589272e-06,1.2906900743736571e-05,1.5597410998159134,1.6828628424617629,-0.001555189515129651,0.0006747259002114142
X+,9.3,6.300000000000001,34.13533996499973,0.0,0.9520920578307284,0.0001744512472632246,0.000674152286703939,0.1533831890176335,0.0004181393199980793,-0.0005696268282021633,0.9634990853186439,3.449138711055996e-06,-2.7385086406150197e-06,0.09801670628455482,1.4539470736158941e-06,-1.962646902017775e-06,0.9548290800644123,-0.0007833264618757125,-0.0015102734673368983,0.2,0.0,0.0,0.0,0.0,2.962962962962963,2.962962962962963,8.590030068589272e-06,1.2906900743736571e-05,1.5597410998159134,1.6828628424617629,-0.001555189515129651,0.0006747259002114142
X+,9.3,6.300000000000001,34.160817476000375,0.0,0.9520920578307284,0.0001744512472632246,0.000674152286703939,0.1533831890176335,0.0004181393199980793,-0.0005696268282021633,0.9634990853186439,3.449138711055996e-06,-2.7385086406150197e-06,0.09801670628455482,1.4539470736158941e-06,-1.962646902017775e-06,0.9548290800644123,-0.0007833264618757125,-0.0015102734673368983,0.2,0.0,0.0,0.0,0.0,2.962962962962963,2.962962962962963,8.590030068589272e-06,1.2906900743736571e-05,1.5597410998159134,1.6828628424617629,-0.001555189515129651,0.0006747259002114142
X+,9.3,6.300000000000001,34.1876727380004,0.0,0.9520920578307284,0.0001744512472632246,0.000674152286703939,0.1533831890176335,0.0004181393199980793,-0.0005696268282021633,0.9634990853186439,3.449138711055996e-06,-2.7385086406150197e-06,0.09801670628455482,1.4539470736158941e-06,-1.962646902017775e-06,0.9548290800644123,-0.0007833264618757125,-0.0015102734673368983,0.2,0.0,0.0,0.0,0.0,2.962962962962963,2.962962962962963,8.590030068589272e-06,1.2906900743736571e-05,1.5597410998159134,1.6828628424617629,-0.001555189515129651,0.0006747259002114142
X+,9.3,6.300000000000001,34.21363860099882,0.0,0.9520920578307284,0.0001744512472632246,0.000674152286703939,0.1533831890176335,0.0004181393199980793,-0.0005696268282021633,0.9634990853186439,3.449138711055996e-06,-2.7385086406150197e-06,0.09801670628455482,1.4539470736158941e-06,-1.962646902017775e-06,0.9548290800644123,-0.0007833264618757125,-0.0015102734673368983,0.2,0.0,0.0,0.0,0.0,2.962962962962963,2.962962962962963,8.590030068589272e-06,1.2906900743736571e-05,1.5597410998159134,1.6828628424617629,-0.001555189515129651,0.0006747259002114142
X+,9.3,6.300000000000001,34.24121208100041,0.0,0.9520920578307284,0.0001744512472632246,0.000674152286703939,0.1533831890176335,0.0004181393199980793,-0.0005696268282021633,0.9634990853186439,3.449138711055996e-06,-2.7385086406150197e-06,0.09801670628455482,1.4539470736158941e-06,-1.962646902017775e-06,0.9548290800644123,-0.0007833264618757125,-0.0015102734673368983,0.2,0.0,0.0,0.0,0.0,2.962962962962963,2.962962962962963,8.590030068589272e-06,1.2906900743736571e-05,1.5597410998159134,1.6828628424617629,-0.001555189515129651,0.0006747259002114142
X+,9.3,6.300000000000001,34.26897079899936,0.0,0.9520920578307284,0.0001744512472632246,0.000674152286703939,0.1533831890176335,0.0004181393199980793,-0.0005696268282021633,0.9634990853186439,3.449138711055996e-06,-2.7385086406150197e-06,0.09801670628455482,1.4539470736158941e-06,-1.962646902017775e-06,0.9548290800644123,-0.0007833264618757125,-0.0015102734673368983,0.2,0.0,0.0,0.0,0.0,2.962962962962963,2.962962962962963,8.590030068589272e-06,1.2906900743736571e-05,1.5597410998159134,1.6828628424617629,-0.001555189515129651,0.0006747259002114142
X+,9.3,6.300000000000001,34.30672729399885,0.0,0.9520920578307284,0.0001744512472632246,0.000674152286703939,0.1533831890176335,0.0004181393199980793,-0.0005696268282021633,0.9634990853186439,3.449138711055996e-06,-2.7385086406150197e-06,0.09801670628455482,1.4539470736158941e-06,-1.962646902017775e-06,0.9548290800644123,-0.0007833264618757125,-0.0015102734673368983,0.2,0.0,0.0,0.0,0.0,2.962962962962963,2.962962962962963,8.590030068589272e-06,1.2906900743736571e-05,1.5597410998159134,1.6828628424617629,-0.001555189515129651,0.0006747259002114142
X+,9.3,6.300000000000001,34.33179924599972,0.0,0.9520920578307284,0.0001744512472632246,0.000674152286703939,0.1533831890176335,0.0004181393199980793,-0.0005696268282021633,0.9634990853186439,3.449138711055996e-06,-2.7385086406150197e-06,0.09801670628455482,1.4539470736158941e-06,-1.962646902017775e-06,0.9548290800644123,-0.0007833264618757125,-0.0015102734673368983,0.2,0.0,0.0,0.0,0.0,2.962962962962963,2.962962962962963,8.590030068589272e-06,1.2906900743736571e-05,1.5597410998159134,1.6828628424617629,-0.001555189515129651,0.0006747259002114142
X+,9.3,6.300000000000001,34.36081759499939,0.0,0.9522456694448296,0.00017453489895784702,0.0006740378869509755,0.1537647591359025,0.0004202144861715054,-0.0005812248626880271,0.9634990853186439,3.449138711055996e-06,-2.7385086406150197e-06,0.09801670628455482,1.4539470736158941e-06,-1.962646902017775e-06,0.9548290800644123,-0.0007833264618757125,-0.0015102734673368983,0.2,0.0,0.0,0.0,0.0,2.962962962962963,2.962962962962963,8.590030068589272e-06,1.2906900743736571e-05,1.5597410998159134,1.6828628424617629,-0.001555189515129651,0.0006747259002114142
X+,9.3,6.300000000000001,34.389904938001564,0.0,0.9547530452230851,0.0001762248462271439,0.0006713355769039488,0.15946273384248613,0.00041793345996870505,-0.0006663470264783366,0.9634990853186439,3.449138711055996e-06,-2.7385086406150197e-06,0.09801670628455482,1.4539470736158941e-06,-1.962646902017775e-06,0.9548290800644123,-0.0007833264618757125,-0.0015102734673368983,0.2,0.0,0.0,0.0,0.0,2.962962962962963,2.962962962962963,5.758409600709058e-06,9.146189750453004e-06,1.6973579593534034,1.810994828363819,0.0001484472447456376,0.0006713355769039488
X+,9.3,6.300000000000001,34.42366686400055,0.0,0.9588365527447672,0.00017869562222423002,0.0006675586943806879,0.16686517834014228,0.0003995059427635404,-0.0007304452007874246,0.9634990853186439,3.449138711055996e-06,-2.7385086406150197e-06,0.09801670628455482,1.4539470736158941e-06,-1.962646902017775e-06,0.9548290800644123,-0.0007833264618757125,-0.0015102734673368983,0.2,0.0,0.0,0.0,0.0,2.962962962962963,2.962962962962963,5.352821398574292e-06,6.2855151421459254e-06,1.8336503365568786,1.9347438347593764,0.0024056284159237663,0.000668126127370371
X+,9.3,6.300000000000001,34.46219789400129,0.0,0.9625668809071386,0.0001808543092125638,0.0006642226743743668,0.1719948068362462,0.0003814451755128855,-0.0007562215285645397,0.9758905248863423,3.4118746284144246e-06,-2.519669255162986e-06,0.12391439567754008,-3.330018315673052e-08,2.188393854520342e-06,0.9725854708919762,-0.0008123696821031956,-0.001755136633529997,0.2,0.0,0.0,0.0,0.0,2.962962962962963,2.962962962962963,4.958133380306151e-06,1.035743238020359e-05,1.9584911945836372,2.047440494195011,0.002502213575175676,0.0006651390258945996
X+,9.4,6.4,34.48620960699918,0.09999999999999964,0.9648198520752236,0.00018223309335287357,0.0006620067651081634,0.1744883006286392,0.00035751158977910004,-0.0007268168113096297,0.9758905248863423,3.4118746284144246e-06,-2.519669255162986e-06,0.12758892428333546,9.846964821474744e-07,-1.2202963053120154e-06,0.9725854708919762,-0.0008123696821031956,-0.001755136633529997,0.2,0.0,0.0,0.0,0.0,2.962962962962963,2.962962962962963,4.594011362435424e-06,9.251659680131752e-06,2.0154804608477663,2.0989428109552852,-0.0013833073036499607,0.0006620067651081634
X+,9.4,6.4,34.52325192200078,0.0,0.9690549823934869,0.00018437977694396677,0.0006597779342649855,0.17818524434134725,0.0003700678890750246,-0.0008754800184176164,0.9758905248863423,3.4118746284144246e-06,-2.519669255162986e-06,0.12758892428333546,9.846964821474744e-07,-1.2202963053120154e-06,0.9725854708919762,-0.0008123696821031956,-0.001755136633529997,0.2,0.0,0.0,0.0,0.0,2.962962962962963,2.962962962962963,-3.781913425093819e-06,7.035061861948577e-06,2.163224605790434,2.2323055674720815,-0.0020679532124472304,0.0006605169960914344
X+,9.4,6.4,34.55415393599833,0.0,0.9690549823934869,0.00018437977694396677,0.0006597779342649855,0.17818524434134725,0.0003700678890750246,-0.0008754800184176164,0.9758905248863423,3.4118746284144246e-06,-2.519669255162986e-06,0.12758892428333546,9.846964821474744e-07,-1.2202963053120154e-06,0.9725854708919762,-0.0008123696821031956,-0.001755136633529997,0.2,0.0,0.0,0.0,0.0,2.962962962962963,2.962962962962963,-3.781913425093819e-06,7.035061861948577e-06,2.163224605790434,2.2323055674720815,-0.0020679532124472304,0.0006605169960914344
X+,9.4,6.4,34.58008570699894,0.0,0.9690549823934869,0.00018437977694396677,0.0006597779342649855,0.17818524434134725,0.0003700678890750246,-0.0008754800184176164,0.9758905248863423,3.4118746284144246e-06,-2.519669255162986e-06,0.12758892428333546,9.846964821474744e-07,-1.2202963053120154e-06,0.9725854708919762,-0.0008123696821031956,-0.001755136633529997,0.2,0.0,0.0,0.0,0.0,2.962962962962963,2.962962962962963,-3.781913425093819e-06,7.035061861948577e-06,2.163224605790434,2.2323055674720815,-0.0020679532124472304,0.0006605169960914344
X+,9.4,6.4,34.61365274099808,0.0,0.9690549823934869,0.00018437977694396677,0.0006597779342649855,0.17818524434134725,0.0003700678890750246,-0.0008754800184176164,0.9758905248863423,3.4118746284144246e-06,-2.519669255162986e-06,0.12758892428333546,9.846964821474744e-07,-1.2202963053120154e-06,0.9725854708919762,-0.0008123696821031956,-0.001755136633529997,0.2,0.0,0.0,0.0,0.0,2.962962962962963,2.962962962962963,-3.781913425093819e-06,7.035061861948577e-06,2.163224605790434,2.2323055674720815,-0.0020679532124472304,0.0006605169960914344
X+,9.4,6.4,34.64348998299829,0.0,0.9690549823934869,0.00018437977694396677,0.0006597779342649855,0.17818524434134725,0.0003700678890750246,-0.0008754800184176164,0.9758905248863423,3.4118746284144246e-06,-2.519669255162986e-06,0.12758892428333546,9.846964821474744e-07,-1.2202963053120154e-06,0.9725854708919762,-0.0008123696821031956,-0.001755136633529997,0.2,0.0,0.0,0.0,0.0,2.962962962962963,2.962962962962963,-3.781913425093819e-06,7.035061861948577e-06,2.163224605790434,2.2323055674720815,-0.0020679532124472304,0.0006605169960914344
X+,9.4,6.4,34.68728695200116,0.0,0.9690549823934869,0.00018437977694396677,0.0006597779342649855,0.17818524434134725,0.0003700678890750246,-0.0008754800184176164,0.9758905248863423,3.4118746284144246e-06,-2.519669255162986e-06,0.12758892428333546,9.846964821474744e-07,-1.2202963053120154e-06,0.9725854708919762,-0.0008123696821031956,-0.001755136633529997,0.2,0.0,0.0,0.0,0.0,2.962962962962963,2.962962962962963,-3.781913425093819e-06,7.035061861948577e-06,2.163224605790434,2.2323055674720815,-0.0020679532124472304,0.0006605169960914344
X+,9.4,6.4,34.71472633899975,0.0,0.9690549823934869,0.00018437977694396677,0.0006597779342649855,0.17818524434134725,0.0003700678890750246,-0.0008754800184176164,0.9758905248863423,3.4118746284144246e-06,-2.519669255162986e-06,0.12758892428333546,9.846964821474744e-07,-1.2202963053120154e-06,0.9725854708919762,-0.0008123696821031956,-0.001755136633529997,0.2,0.0,0.0,0.0,0.0,2.962962962962963,2.962962962962963,-3.781913425093819e-06,7.035061861948577e-06,2.163224605790434,2.2323055674720815,-0.0020679532124472304,0.0006605169960914344
X+,9.4,6.4,34.743665223999415,0.0,0.9690549823934869,0.00018437977694396677,0.0006597779342649855,0.17818524434134725,0.0003700678890750246,-0.0008754800184176164,0.9758905248863423,3.4118746284144246e-06,-2.519669255162986e-06,0.12758892428333546,9.846964821474744e-07,-1.2202963053120154e-06,0.9725854708919762,-0.0008123696821031956,-0.001755136633529997,0.2,0.0,0.0,0.0,0.0,2.962962962962963,2.962962962962963,-3.781913425093819e-06,7.035061861948577e-06,2.163224605790434,2.2323055674720815,-0.0020679532124472304,0.0006605169960914344
X+,9.4,6.4,34.774141871999745,0.0,0.9690549823934869,0.00018437977694396677,0.0006597779342649855,0.17818524434134725,0.0003700678890750246,-0.0008754800184176164,0.9758905248863423,3.4118746284144246e-06,-2.519669255162986e-06,0.12758892428333546,9.846964821474744e-07,-1.2202963053120154e-06,0.9725854708919762,-0.0008123696821031956,-0.001755136633529997,0.2,0.0,0.0,0.0,0.0,2.962962962962963,2.962962962962963,-3.781913425093819e-06,7.035061861948577e-06,2.163224605790434,2.2323055674720815,-0.0020679532124472304,0.0006605169960914344
X+,9.4,6.4,34.80466883600093,0.0,0.9690549823934869,0.00018437977694396677,0.0006597779342649855,0.17818524434134725,0.0003700678890750246,-0.0008754800184176164,0.9758905248863423,3.4118746284144246e-06,-2.519669255162986e-06,0.12758892428333546,9.846964821474744e-07,-1.2202963053120154e-06,0.9725854708919762,-0.0008123696821031956,-0.001755136633529997,0.2,0.0,0.0,0.0,0.0,2.962962962962963,2.962962962962963,-3.781913425093819e-06,7.035061861948577e-06,2.163224605790434,2.2323055674720815,-0.0020679532124472304,0.0006605169960914344
X+,9.4,6.4,34.83761915500145,0.0,0.9690549823934869,0.00018437977694396677,0.0006597779342649855,0.17818524434134725,0.0003700678890750246,-0.0008754800184176164,0.9758905248863423,3.4118746284144246e-06,-2.519669255162986e-06,0.12758892428333546,9.846964821474744e-07,-1.2202963053120154e-06,0.9725854708919762,-0.0008123696821031956,-0.001755136633529997,0.2,0.0,0.0,0.0,0.0,2.962962962962963,2.962962962962963,-3.781913425093819e-06,7.035061861948577e-06,2.163224605790434,2.2323055674720815,-0.0020679532124472304,0.0006605169960914344
X+,9.4,6.4,34.86316939199969,0.0,0.9690549823934869,0.00018437977694396677,0.0006597779342649855,0.17818524434134725,0.0003700678890750246,-0.0008754800184176164,0.9758905248863423,3.4118746284144246e-06,-2.519669255162986e-06,0.12758892428333546,9.846964821474744e-07,-1.2202963053120154e-06,0.9725854708919762,-0.0008123696821031956,-0.001755136633529997,0.2,0.0,0.0,0.0,0.0,2.962962962962963,2.962962962962963,-3.781913425093819e-06,7.035061861948577e-06,2.163224605790434,2.2323055674720815,-0.0020679532124472304,0.0006605169960914344
X+,9.4,6.4,34.890138203998504,0.0,0.9690549823934869,0.00018437977694396677,0.0006597779342649855,0.17818524434134725,0.0003700678890750246,-0.0008754800184176164,0.9758905248863423,3.4118746284144246e-06,-2.519669255162986e-06,0.12758892428333546,9.846964821474744e-07,-1.2202963053120154e-06,0.9725854708919762,-0.0008123696821031956,-0.001755136633529997,0.2,0.0,0.0,0.0,0.0,2.962962962962963,2.962962962962963,-3.781913425093819e-06,7.035061861948577e-06,2.163224605790434,2.2323055674720815,-0.0020679532124472304,0.0006605169960914344
X+,9.4,6.4,34.92362890499862,0.0,0.9699477354201397,0.0001848811920483525,0.0006590290029278541,0.17882327392246905,0.0003699199534499602,-0.0008452969125705691,0.9758905248863423,3.4118746284144246e-06,-2.519669255162986e-06,0.12758892428333546,9.846964821474744e-07,-1.2202963053120154e-06,0.9725854708919762,-0.0008123696821031956,-0.001755136633529997,0.2,0.0,0.0,0.0,0.0,2.962962962962963,2.962962962962963,-3.781913425093819e-06,7.035061861948577e-06,2.163224605790434,2.2323055674720815,-0.0020679532124472304,0.0006605169960914344
X+,9.4,6.4,34.95168049000131,0.0,0.972643714856076,0.00018651770734867505,0.000657199757639941,0.18049660010279658,0.00036630728111939064,-0.0006540550928381631,0.9758905248863423,3.4118746284144246e-06,-2.519669255162986e-06,0.12758892428333546,9.846964821474744e-07,-1.2202963053120154e-06,0.9725854708919762,-0.0008123696821031956,-0.001755136633529997,0.2,0.0,0.0,0.0,0.0,2.962962962962963,2.962962962962963,-3.5764451125075425e-06,5.742189842727896e-06,2.2434325976756067,2.304858689143691,0.00123417470274623,0.0006573127036278866
X+,9.4,6.4,34.980874656001106,0.0,0.9762727952547455,0.00018870000317632203,0.0006574112620509932,0.18222182863183609,0.00037804930555919805,-0.0007265414103459841,0.9758905248863423,3.4118746284144246e-06,-2.519669255162986e-06,0.12758892428333546,9.846964821474744e-07,-1.2202963053120154e-06,0.9725854708919762,-0.0008123696821031956,-0.001755136633529997,0.2,0.0,0.0,0.0,0.0,2.962962962962963,2.962962962962963,-4.20727956562672e-06,5.328755990241518e-06,2.31160053081228,2.3661041566386887,-0.0003278648529535872,0.0006573598964757353
X+,9.4,6.4,35.004010813001514,0.0,0.9784650424847671,0.0001901947218648425,0.0006565288585058537,0.18301456091351764,0.00035660370182519956,-0.0006948221932812973,0.9758905248863423,3.4118746284144246e-06,-2.519669255162986e-06,0.12758892428333546,9.846964821474744e-07,-1.2202963053120154e-06,0.9725854708919762,-0.0008123696821031956,-0.001755136633529997,0.2,0.0,0.0,0.0,0.0,2.962962962962963,2.962962962962963,-4.3187657849941274e-06,5.307268810206267e-06,2.3413547278890494,2.392632897704486,-0.0001988435278854839,0.0006568191064963339
X+,9.4,6.4,35.0335682900004,0.0,0.980482186718231,0.00019151492800015442,0.0006557623253475559,0.1836024121934829,0.0003224237934806497,-0.0005520509294936064,0.9911310716370492,3.380657744820408e-06,-2.7591327976020556e-06,0.15240546750737125,7.184253485671688e-08,-2.394635424390699e-06,0.9876514493595167,-0.0008369335000578368,-0.001784911834806114,0.2,0.0,0.0,0.0,0.0,2.962962962962963,2.962962962962963,-4.28609004377023e-06,5.134055070854515e-06,2.3684687764959365,2.4166322441972667,-0.003302497903445177,0.0006558723504110155
X+,9.5,6.5,35.06498782199924,0.09999999999999964,0.983057714998796,0.00019276725127525228,0.0006566566925392402,0.18418081748700377,0.00035574028535791027,-0.0006468802515611107,0.9911310716370492,3.380657744820408e-06,-2.7591327976020556e-06,0.15240546750737125,7.184253485671688e-08,-2.394635424390699e-06,0.9876514493595167,-0.0008369335000578368,-0.001784911834806114,0.2,0.0,0.0,0.0,0.0,2.962962962962963,2.962962962962963,-4.52316308674483e-06,5.164964944626149e-06,2.4157337760290503,2.4584711832222887,0.0009181029354187495,0.0006557930271119637
X+,9.5,6.5,35.091845482998906,0.0,0.9845327215030042,0.00019354681950424849,0.000657049838699267,0.18443429792114943,0.0003897631963155486,-0.0008186954813608467,0.9911310716370492,3.380657744820408e-06,-2.7591327976020556e-06,0.15240546750737125,7.184253485671688e-08,-2.394635424390699e-06,0.9876514493595167,-0.0008369335000578368,-0.001784911834806114,0.2,0.0,0.0,0.0,0.0,2.962962962962963,2.962962962962963,-4.467262865404109e-06,5.24394894352298e-06,2.436351595644144,2.476659161036813,0.0001589586430462695,0.0006569608007675309
X+,9.5,6.5,35.1188248369981,0.0,0.9867485919820107,0.00019523183389901985,0.0006553382290890688,0.1847201868218989,0.0003453575735611267,-0.0007114499274789842,0.9911310716370492,3.380657744820408e-06,-2.7591327976020556e-06,0.15240546750737125,7.184253485671688e-08,-2.394635424390699e-06,0.9876514493595167,-0.0008369335000578368,-0.001784911834806114,0.2,0.0,0.0,0.0,0.0,2.962962962962963,2.962962962962963,-4.239804809458292e-06,5.076678270654611e-06,2.454930769164347,2.4928683319940323,-0.00029861921823514076,0.0006562098974231495
X+,9.5,6.5,35.15223237800092,0.0,0.9867485919820107,0.00019523183389901985,0.0006553382290890688,0.1847201868218989,0.0003453575735611267,-0.0007114499274789842,0.9911310716370492,3.380657744820408e-06,-2.7591327976020556e-06,0.15240546750737125,7.184253485671688e-08,-2.394635424390699e-06,0.9876514493595167,-0.0008369335000578368,-0.001784911834806114,0.2,0.0,0.0,0.0,0.0,2.962962962962963,2.962962962962963,-4.239804809458292e-06,5.076678270654611e-06,2.454930769164347,2.4928683319940323,-0.00029861921823514076,0.0006562098974231495
X+,9.5,6.5,35.181095463998645,0.0,0.9867485919820107,0.00019523183389901985,0.0006553382290890688,0.1847201868218989,0.0003453575735611267,-0.0007114499274789842,0.9911310716370492,3.380657744820408e-06,-2.7591327976020556e-06,0.15240546750737125,7.184253485671688e-08,-2.394635424390699e-06,0.9876514493595167,-0.0008369335000578368,-0.001784911834806114,0.2,0.0,0.0,0.0,0.0,2.962962962962963,2.962962962962963,-4.239804809458292e-06,5.076678270654611e-06,2.454930769164347,2.4928683319940323,-0.00029861921823514076,0.0006562098974231495
X+,9.5,6.5,35.20848214700163,0.0,0.9867485919820107,0.00019523183389901985,0.0006553382290890688,0.1847201868218989,0.0003453575735611267,-0.0007114499274789842,0.9911310716370492,3.380657744820408e-06,-2.7591327976020556e-06,0.15240546750737125,7.184253485671688e-08,-2.394635424390699e-06,0.9876514493595167,-0.0008369335000578368,-0.001784911834806114,0.2,0.0,0.0,0.0,0.0,2.962962962962963,2.962962962962963,-4.239804809458292e-06,5.076678270654611e-06,2.454930769164347,2.4928683319940323,-0.00029861921823514076,0.0006562098974231495
X+,9.5,6.5,35.2331920889992,0.0,0.9867485919820107,0.00019523183389901985,0.0006553382290890688,0.1847201868218989,0.0003453575735611267,-0.0007114499274789842,0.9911310716370492,3.380657744820408e-06,-2.7591327976020556e-06,0.15240546750737125,7.184253485671688e-08,-2.394635424390699e-06,0.9876514493595167,-0.0008369335000578368,-0.001784911834806114,0.2,0.0,0.0,0.0,0.0,2.962962962962963,2.962962962962963,-4.239804809458292e-06,5.076678270654611e-06,2.454930769164347,2.4928683319940323,-0.00029861921823514076,0.0006562098974231495
X+,9.5,6.5,35.259458895001444,0.0,0.9867485919820107,0.00019523183389901985,0.0006553382290890688,0.1847201868218989,0.0003453575735611267,-0.0007114499274789842,0.9911310716370492,3.380657744820408e-06,-2.7591327976020556e-06,0.15240546750737125,7.184253485671688e-08,-2.394635424390699e-06,0.9876514493595167,-0.0008369335000578368,-0.001784911834806114,0.2,0.0,0.0,0.0,0.0,2.962962962962963,2.962962962962963,-4.239804809458292e-06,5.076678270654611e-06,2.454930769164347,2.4928683319940323,-0.00029861921823514076,0.0006562098974231495
X+,9.5,6.5,35.2850354689981,0.0,0.9867485919820107,0.00019523183389901985,0.0006553382290890688,0.1847201868218989,0.0003453575735611267,-0.0007114499274789842,0.9911310716370492,3.380657744820408e-06,-2.7591327976020556e-06,0.15240546750737125,7.184253485671688e-08,-2.394635424390699e-06,0.9876514493595167,-0.0008369335000578368,-0.001784911834806114,0.2,0.0,0.0,0.0,0.0,2.962962962962963,2.962962962962963,-4.239804809458292e-06,5.076678270654611e-06,2.454930769164347,2.4928683319940323,-0.00029861921823514076,0.0006562098974231495
X+,9.5,6.5,35.31010121000145,0.0,0.9867485919820107,0.00019523183389901985,0.0006553382290890688,0.1847201868218989,0.0003453575735611267,-0.0007114499274789842,0.9911310716370492,3.380657744820408e-06,-2.7591327976020556e-06,0.15240546750737125,7.184253485671688e-08,-2.394635424390699e-06,0.9876514493595167,-0.0008369335000578368,-0.001784911834806114,0.2,0.0,0.0,0.0,0.0,2.962962962962963,2.962962962962963,-4.239804809458292e-06,5.076678270654611e-06,2.454930769164347,2.4928683319940323,-0.00029861921823514076,0.0006562098974231495
X+,9.5,6.5,35.3388117459981,0.0,0.9867485919820107,0.00019523183389901985,0.0006553382290890688,0.1847201868218989,0.0003453575735611267,-0.0007114499274789842,0.9911310716370492,3.380657744820408e-06,-2.7591327976020556e-06,0.15240546750737125,7.184253485671688e-08,-2.394635424390699e-06,0.9876514493595167,-0.0008369335000578368,-0.001784911834806114,0.2,0.0,0.0,0.0,0.0,2.962962962962963,2.962962962962963,-4.239804809458292e-06,5.076678270654611e-06,2.454930769164347,2.4928683319940323,-0.00029861921823514076,0.0006562098974231495
X+,9.5,6.5,35.36522384199998,0.0,0.9867485919820107,0.00019523183389901985,0.0006553382290890688,0.1847201868218989,0.0003453575735611267,-0.0007114499274789842,0.9911310716370492,3.380657744820408e-06,-2.7591327976020556e-06,0.15240546750737125,7.184253485671688e-08,-2.394635424390699e-06,0.9876514493595167,-0.0008369335000578368,-0.001784911834806114,0.2,0.0,0.0,0.0,0.0,2.962962962962963,2.962962962962963,-4.239804809458292e-06,5.076678270654611e-06,2.454930769164347,2.4928683319940323,-0.00029861921823514076,0.0006562098974231495
X+,9.5,6.5,35.38900102000116,0.0,0.9867485919820107,0.00019523183389901985,0.0006553382290890688,0.1847201868218989,0.0003453575735611267,-0.0007114499274789842,0.9911310716370492,3.380657744820408e-06,-2.7591327976020556e-06,0.15240546750737125,7.184253485671688e-08,-2.394635424390699e-06,0.9876514493595167,-0.0008369335000578368,-0.001784911834806114,0.2,0.0,0.0,0.0,0.0,2.962962962962963,2.962962962962963,-4.239804809458292e-06,5.076678270654611e-06,2.454930769164347,2.4928683319940323,-0.00029861921823514076,0.0006562098974231495
X+,9.5,6.5,35.41330861000097,0.0,0.9867485919820107,0.00019523183389901985,0.0006553382290890688,0.1847201868218989,0.0003453575735611267,-0.0007114499274789842,0.9911310716370492,3.380657744820408e-06,-2.7591327976020556e-06,0.15240546750737125,7.184253485671688e-08,-2.394635424390699e-06,0.9876514493595167,-0.0008369335000578368,-0.001784911834806114,0.2,0.0,0.0,0.0,0.0,2.962962962962963,2.962962962962963,-4.239804809458292e-06,5.076678270654611e-06,2.454930769164347,2.4928683319940323,-0.00029861921823514076,0.0006562098974231495
X+,9.5,6.5,35.44162156699895,0.0,0.9867485919820107,0.00019523183389901985,0.0006553382290890688,0.1847201868218989,0.0003453575735611267,-0.0007114499274789842,0.9911310716370492,3.380657744820408e-06,-2.7591327976020556e-06,0.15240546750737125,7.184253485671688e-08,-2.394635424390699e-06,0.9876514493595167,-0.0008369335000578368,-0.001784911834806114,0.2,0.0,0.0,0.0,0.0,2.962962962962963,2.962962962962963,-4.239804809458292e-06,5.076678270654611e-06,2.454930769164347,2.4928683319940323,-0.00029861921823514076,0.0006562098974231495
X+,9.5,6.5,35.47277455999938,0.0,0.9867485919820107,0.00019523183389901985,0.0006553382290890688,0.1847201868218989,0.0003453575735611267,-0.0007114499274789842,0.9911310716370492,3.380657744820408e-06,-2.7591327976020556e-06,0.15240546750737125,7.184253485671688e-08,-2.394635424390699e-06,0.9876514493595167,-0.0008369335000578368,-0.001784911834806114,0.2,0.0,0.0,0.0,0.0,2.962962962962963,2.962962962962963,-4.239804809458292e-06,5.076678270654611e-06,2.454930769164347,2.4928683319940323,-0.00029861921823514076,0.0006562098974231495
X+,9.5,6.5,35.50148950199946,0.0,0.9867485919820107,0.00019523183389901985,0.0006553382290890688,0.1847201868218989,0.0003453575735611267,-0.0007114499274789842,0.9911310716370492,3.380657744820408e-06,-2.7591327976020556e-06,0.15240546750737125,7.184253485671688e-08,-2.394635424390699e-06,0.9876514493595167,-0.0008369335000578368,-0.001784911834806114,0.2,0.0,0.0,0.0,0.0,2.962962962962963,2.962962962962963,-4.239804809458292e-06,5.076678270654611e-06,2.454930769164347,2.4928683319940323,-0.00029861921823514076,0.0006562098974231495
X+,9.5,6.5,35.52848362900113,0.0,0.989152265196802,0.0001967323285637628,0.0006547147675177356,0.18491525176196408,0.0003144278089571966,-0.0005542146486274349,0.9911310716370492,3.380657744820408e-06,-2.7591327976020556e-06,0.15240546750737125,7.184253485671688e-08,-2.394635424390699e-06,0.9876514493595167,-0.0008369335000578368,-0.001784911834806114,0.2,0.0,0.0,0.0,0.0,2.962962962962963,2.962962962962963,-4.1333281703970215e-06,4.977895870617033e-06,2.471758686749861,2.5075206556519816,-0.00040176467811853304,0.0006547147675177356
X+,9.5,6.5,35.56323966800119,0.0,0.9922981878998536,0.0001983837552530076,0.0006557796814521586,0.18501520665686663,0.0003820252329172529,-0.0008428860037579403,0.9911310716370492,3.380657744820408e-06,-2.7591327976020556e-06,0.15240546750737125,7.184253485671688e-08,-2.394635424390699e-06,0.9876514493595167,-0.0008369335000578368,-0.001784911834806114,0.2,0.0,0.0,0.0,0.0,2.962962962962963,2.962962962962963,-3.967981672126086e-06,5.170577861868253e-06,2.501192698681753,2.5330624697627653,-0.0012439556280314911,0.0006559118603886149
X+,9.5,6.5,35.5927756730016,0.0,0.9956296496775062,0.0002007261345599214,0.0006539216146943948,0.18495624298483365,0.000314896281619665,-0.0005844270426955065,0.9911310716370492,3.380657744820408e-06,-2.7591327976020556e-06,0.15240546750737125,7.184253485671688e-08,-2.394635424390699e-06,0.9876514493595167,-0.0008369335000578368,-0.001784911834806114,0.2,0.0,0.0,0.0,0.0,2.962962962962963,2.962962962962963,-3.5137990801459296e-06,4.916391992182412e-06,2.525102760712317,2.553475338576362,-4.4674592621041296e-05,0.0006539757137302185
X+,9.5,6.5,35.63977289199829,0.0,0.9974796126031417,0.0002016861616382518,0.000654558540065131,0.18486130017396404,0.0003326502020196676,-0.0006164836571130388,1.0073063428831064,3.347752587922527e-06,-2.9865799131551347e-06,0.1617527124608651,1.1724564507293949e-07,-2.274471155530792e-06,0.9876514493595167,-0.0008369335000578368,-0.001784911834806114,0.2,0.0,0.0,0.0,0.0,2.962962962962963,2.962962962962963,-3.4588494148835025e-06,4.999213741641029e-06,2.5354878289148313,2.5622663759764244,-0.0022651833068014268,0.0006540081972457557
X+,9.600000000000001,6.600000000000001,35.67002549300014,0.10000000000000142,1.0028369679862166,0.0002051441802644197,0.0006537868289075513,0.18437940820238427,0.00035028187477325283,-0.0007498330543738699,1.0073063428831064,3.347752587922527e-06,-2.9865799131551347e-06,0.1617527124608651,1.1724564507293949e-07,-2.274471155530792e-06,0.9911486582683441,-0.0008417642567044914,-0.0017102998577129837,0.2,0.0,0.0,0.0,0.0,2.962962962962963,2.962962962962963,-7.163991435632511e-06,5.053169438440364e-06,2.553384105766614,2.5771748583911434,-0.0033900775431608262,0.0006541216798860191
X+,9.600000000000001,6.600000000000001,35.703481543001544,0.0,1.0063378994456045,0.0002072405137063726,0.0006539184770937026,0.1839270823023705,0.00033381886872986533,-0.0006291225634019941,1.0073063428831064,3.347752587922527e-06,-2.9865799131551347e-06,0.1617527124608651,1.1724564507293949e-07,-2.274471155530792e-06,0.9911486582683441,-0.0008417642567044914,-0.0017102998577129837,0.2,0.0,0.0,0.0,0.0,2.962962962962963,2.962962962962963,3.5470373305201974e-06,4.856798065056012e-06,2.5678304954215956,2.5889941418158666,-0.0008760012285332572,0.0006536411901586
X+,9.600000000000001,6.600000000000001,35.73448491399904,0.0,1.006889866865034,0.00020750684730986516,0.0006542985276218062,0.18384768280444277,0.0003498036922691719,-0.000692596498669555,1.0073063428831064,3.347752587922527e-06,-2.9865799131551347e-06,0.1617527124608651,1.1724564507293949e-07,-2.274471155530792e-06,0.9911486582683441,-0.0008417642567044914,-0.0017102998577129837,0.2,0.0,0.0,0.0,0.0,2.962962962962963,2.962962962962963,-3.625306830734587e-06,4.990762902501444e-06,2.5741189396735993,2.593996479935606,-0.0008760012285332572,0.0006536411901586
X+,9.600000000000001,6.600000000000001,35.776100303999556,0.0,1.006889866865034,0.00020750684730986516,0.0006542985276218062,0.18384768280444277,0.0003498036922691719,-0.000692596498669555,1.0073063428831064,3.347752587922527e-06,-2.9865799131551347e-06,0.1617527124608651,1.1724564507293949e-07,-2.274471155530792e-06,0.9911486582683441,-0.0008417642567044914,-0.0017102998577129837,0.2,0.0,0.0,0.0,0.0,2.962962962962963,2.962962962962963,-3.625306830734587e-06,4.990762902501444e-06,2.5741189396735993,2.593996479935606,-0.0008760012285332572,0.0006536411901586
X+,9.600000000000001,6.600000000000001,35.80968327500159,0.0,1.006889866865034,0.00020750684730986516,0.0006542985276218062,0.18384768280444277,0.0003498036922691719,-0.000692596498669555,1.0073063428831064,3.347752587922527e-06,-2.9865799131551347e-06,0.1617527124608651,1.1724564507293949e-07,-2.274471155530792e-06,0.9911486582683441,-0.0008417642567044914,-0.0017102998577129837,0.2,0.0,0.0,0.0,0.0,2.962962962962963,2.962962962962963,-3.625306830734587e-06,4.990762902501444e-06,2.5741189396735993,2.593996479935606,-0.0008760012285332572,0.0006536411901586
X+,9.600000000000001,6.600000000000001,35.83909264899921,0.0,1.006889866865034,0.00020750684730986516,0.0006542985276218062,0.18384768280444277,0.0003498036922691719,-0.000692596498669555,1.0073063428831064,3.347752587922527e-06,-2.9865799131551347e-06,0.1617527124608651,1.1724564507293949e-07,-2.274471155530792e-06,0.9911486582683441,-0.0008417642567044914,-0.0017102998577129837,0.2,0.0,0.0,0.0,0.0,2.962962962962963,2.962962962962963,-3.625306830734587e-06,4.990762902501444e-06,2.5741189396735993,2.593996479935606,-0.0008760012285332572,0.0006536411901586
X+,9.600000000000001,6.600000000000001,35.864521307998075,0.0,1.006889866865034,0.00020750684730986516,0.0006542985276218062,0.18384768280444277,0.0003498036922691719,-0.000692596498669555,1.0073063428831064,3.347752587922527e-06,-2.9865799131551347e-06,0.1617527124608651,1.1724564507293949e-07,-2.274471155530792e-06,0.9911486582683441,-0.0008417642567044914,-0.0017102998577129837,0.2,0.0,0.0,0.0,0.0,2.962962962962963,2.962962962962963,-3.625306830734587e-06,4.990762902501444e-06,2.5741189396735993,2.593996479935606,-0.0008760012285332572,0.0006536411901586
X+,9.600000000000001,6.600000000000001,35.89027246199839,0.0,1.006889866865034,0.00020750684730986516,0.0006542985276218062,0.18384768280444277,0.0003498036922691719,-0.000692596498669555,1.0073063428831064,3.347752587922527e-06,-2.9865799131551347e-06,0.1617527124608651,1.1724564507293949e-07,-2.274471155530792e-06,0.9911486582683441,-0.0008417642567044914,-0.0017102998577129837,0.2,0.0,0.0,0.0,0.0,2.962962962962963,2.962962962962963,-3.625306830734587e-06,4.990762902501444e-06,2.5741189396735993,2.593996479935606,-0.0008760012285332572,0.0006536411901586
X+,9.600000000000001,6.600000000000001,35.91859789099908,0.0,1.006889866865034,0.00020750684730986516,0.0006542985276218062,0.18384768280444277,0.0003498036922691719,-0.000692596498669555,1.0073063428831064,3.347752587922527e-06,-2.9865799131551347e-06,0.1617527124608651,1.1724564507293949e-07,-2.274471155530792e-06,0.9911486582683441,-0.0008417642567044914,-0.0017102998577129837,0.2,0.0,0.0,0.0,0.0,2.962962962962963,2.962962962962963,-3.625306830734587e-06,4.990762902501444e-06,2.5741189396735993,2.593996479935606,-0.0008760012285332572,0.0006536411901586
X+,9.600000000000001,6.600000000000001,35.94538133899914,0.0,1.006889866865034,0.00020750684730986516,0.0006542985276218062,0.18384768280444277,0.0003498036922691719,-0.000692596498669555,1.0073063428831064,3.347752587922527e-06,-2.9865799131551347e-06,0.1617527124608651,1.1724564507293949e-07,-2.274471155530792e-06,0.9911486582683441,-0.0008417642567044914,-0.0017102998577129837,0.2,0.0,0.0,0.0,0.0,2.962962962962963,2.962962962962963,-3.625306830734587e-06,4.990762902501444e-06,2.5741189396735993,2.593996479935606,-0.0008760012285332572,0.0006536411901586
X+,9.600000000000001,6.600000000000001,35.97073445999922,0.0,1.006889866865034,0.00020750684730986516,0.0006542985276218062,0.18384768280444277,0.0003498036922691719,-0.000692596498669555,1.0073063428831064,3.347752587922527e-06,-2.9865799131551347e-06,0.1617527124608651,1.1724564507293949e-07,-2.274471155530792e-06,0.9911486582683441,-0.0008417642567044914,-0.0017102998577129837,0.2,0.0,0.0,0.0,0.0,2.962962962962963,2.962962962962963,-3.625306830734587e-06,4.990762902501444e-06,2.5741189396735993,2.593996479935606,-0.0008760012285332572,0.0006536411901586
X+,9.600000000000001,6.600000000000001,36.00306100300077,0.0,1.006889866865034,0.00020750684730986516,0.0006542985276218062,0.18384768280444277,0.0003498036922691719,-0.000692596498669555,1.0073063428831064,3.347752587922527e-06,-2.9865799131551347e-06,0.1617527124608651,1.1724564507293949e-07,-2.274471155530792e-06,0.9911486582683441,-0.0008417642567044914,-0.0017102998577129837,0.2,0.0,0.0,0.0,0.0,2.962962962962963,2.962962962962963,-3.625306830734587e-06,4.990762902501444e-06,2.5741189396735993,2.593996479935606,-0.0008760012285332572,0.0006536411901586
X+,9.600000000000001,6.600000000000001,36.03283388999989,0.0,1.006889866865034,0.00020750684730986516,0.0006542985276218062,0.18384768280444277,0.0003498036922691719,-0.000692596498669555,1.0073063428831064,3.347752587922527e-06,-2.9865799131551347e-06,0.1617527124608651,1.1724564507293949e-07,-2.274471155530792e-06,0.9911486582683441,-0.0008417642567044914,-0.0017102998577129837,0.2,0.0,0.0,0.0,0.0,2.962962962962963,2.962962962962963,-3.625306830734587e-06,4.990762902501444e-06,2.5741189396735993,2.593996479935606,-0.0008760012285332572,0.0006536411901586
X+,9.600000000000001,6.600000000000001,36.05753355900015,0.0,1.006889866865034,0.00020750684730986516,0.0006542985276218062,0.18384768280444277,0.0003498036922691719,-0.000692596498669555,1.0073063428831064,3.347752587922527e-06,-2.9865799131551347e-06,0.1617527124608651,1.1724564507293949e-07,-2.274471155530792e-06,0.9911486582683441,-0.0008417642567044914,-0.0017102998577129837,0.2,0.0,0.0,0.0,0.0,2.962962962962963,2.962962962962963,-3.625306830734587e-06,4.990762902501444e-06,2.5741189396735993,2.593996479935606,-0.0008760012285332572,0.0006536411901586
X+,9.600000000000001,6.600000000000001,36.08857334999993,0.0,1.006889866865034,0.00020750684730986516,0.0006542985276218062,0.18384768280444277,0.0003498036922691719,-0.000692596498669555,1.0073063428831064,3.347752587922527e-06,-2.9865799131551347e-06,0.1617527124608651,1.1724564507293949e-07,-2.274471155530792e-06,0.9911486582683441,-0.0008417642567044914,-0.0017102998577129837,0.2,0.0,0.0,0.0,0.0,2.962962962962963,2.962962962962963,-3.625306830734587e-06,4.990762902501444e-06,2.5741189396735993,2.593996479935606,-0.0008760012285332572,0.0006536411901586
X+,9.600000000000001,6.600000000000001,36.113524396001594,0.0,1.007809279247938,0.00020797450082086708,0.0006548027464687415,0.18371087769128833,0.00037614273478475766,-0.0008071611132653389,1.0073063428831064,3.347752587922527e-06,-2.9865799131551347e-06,0.1617527124608651,1.1724564507293949e-07,-2.274471155530792e-06,0.9911486582683441,-0.0008417642567044914,-0.0017102998577129837,0.2,0.0,0.0,0.0,0.0,2.962962962962963,2.962962962962963,-3.625306830734587e-06,4.990762902501444e-06,2.5741189396735993,2.593996479935606,0.0030379966244404146,0.0006548027464687415
X+,9.600000000000001,6.600000000000001,36.14277303799827,0.0,1.0101964872553417,0.00020956363012867955,0.0006543952256471396,0.18333081139990884,0.0003790477173495545,-0.0008320274079321469,1.0073063428831064,3.347752587922527e-06,-2.9865799131551347e-06,0.1617527124608651,1.1724564507293949e-07,-2.274471155530792e-06,0.9911486582683441,-0.0008417642567044914,-0.0017102998577129837,0.2,0.0,0.0,0.0,0.0,2.962962962962963,2.962962962962963,3.495916430118484e-06,5.035000858910621e-06,2.579821932363414,2.598476981650226,0.00011447613343199957,0.0006542155430957201
X+,9.600000000000001,6.600000000000001,36.167078115999175,0.0,1.012944615925276,0.0002116387600533086,0.0006529117086410528,0.1828539858027052,0.00032674417503937244,-0.0006532205011197349,1.0073063428831064,3.347752587922527e-06,-2.9865799131551347e-06,0.1617527124608651,1.1724564507293949e-07,-2.274471155530792e-06,0.9911486582683441,-0.0008417642567044914,-0.0017102998577129837,0.2,0.0,0.0,0.0,0.0,2.962962962962963,2.962962962962963,3.383383476496249e-06,4.882250757454187e-06,2.5893780481461586,2.6058078364175032,0.00015752276494301334,0.0006534066698443856
X+,9.600000000000001,6.600000000000001,36.204906139999366,0.0,1.0164148956248973,0.0002135060538558933,0.0006545468225943855,0.18220075317709747,0.00038143103985285105,-0.000838172945239871,1.0238755769883536,3.3666527380678822e-06,-3.028716664693597e-06,0.1656923410511696,6.838549190029396e-07,-4.213675153846219e-07,1.0232691528068019,-0.0008986254114280953,-0.0018337720471843805,0.2,0.0,0.0,0.0,0.0,2.962962962962963,2.962962962962963,-5.611718999709581e-06,5.021421853435015e-06,2.5972475341345898,2.611519978159096,0.0017741098930460896,0.0006537108825543347
X+,9.700000000000001,6.700000000000001,36.236491828,0.09999999999999964,1.0209615980788482,0.00021684669975625438,0.0006527940102719165,0.18127503896581776,0.00033491533588977745,-0.0007014352926490113,1.0238755769883536,3.3666527380678822e-06,-3.028716664693597e-06,0.1656923410511696,6.838549190029396e-07,-4.213675153846219e-07,1.0232691528068019,-0.0008986254114280953,-0.0018337720471843805,0.2,0.0,0.0,0.0,0.0,2.962962962962963,2.962962962962963,-4.428314250404242e-06,4.97214363637255e-06,2.6036081911970768,2.615929825263492,-0.0014674964477217629,0.0006527940102719165
X+,9.700000000000001,6.700000000000001,36.26788492799824,0.0,1.0247625075158648,0.00021914126266006206,0.0006537672391140906,0.1804521532410975,0.00037568562293236244,-0.000848655699093832,1.0238755769883536,3.3666527380678822e-06,-3.028716664693597e-06,0.1656923410511696,6.838549190029396e-07,-4.213675153846219e-07,1.0232691528068019,-0.0008986254114280953,-0.0018337720471843805,0.2,0.0,0.0,0.0,0.0,2.962962962962963,2.962962962962963,-3.991963861693648e-06,4.979345471944896e-06,2.608753129736274,2.619212142453179,-0.0018665021561507988,0.0006539493571504598
X+,9.700000000000001,6.700000000000001,36.30404022500079,0.0,1.0251236034394176,0.00021939312941234024,0.0006536030544525342,0.1803721676267019,0.0003657586966918382,-0.0008218430108948348,1.0238755769883536,3.3666527380678822e-06,-3.028716664693597e-06,0.1656923410511696,6.838549190029396e-07,-4.213675153846219e-07,1.0232691528068019,-0.0008986254114280953,-0.0018337720471843805,0.2,0.0,0.0,0.0,0.0,2.962962962962963,2.962962962962963,-3.969878045850805e-06,4.9419947183437785e-06,2.610971068041531,2.620574478739385,-0.0018665021561507988,0.0006539493571504598
X+,9.700000000000001,6.700000000000001,36.333786709998094,0.0,1.0251236034394176,0.00021939312941234024,0.0006536030544525342,0.1803721676267019,0.0003657586966918382,-0.0008218430108948348,1.0238755769883536,3.3666527380678822e-06,-3.028716664693597e-06,0.1656923410511696,6.838549190029396e-07,-4.213675153846219e-07,1.0232691528068019,-0.0008986254114280953,-0.0018337720471843805,0.2,0.0,0.0,0.0,0.0,2.962962962962963,2.962962962962963,-3.969878045850805e-06,4.9419947183437785e-06,2.610971068041531,2.620574478739385,-0.0018665021561507988,0.0006539493571504598
X+,9.700000000000001,6.700000000000001,36.36639963400012,0.0,1.0251236034394176,0.00021939312941234024,0.0006536030544525342,0.1803721676267019,0.0003657586966918382,-0.0008218430108948348,1.0238755769883536,3.3666527380678822e-06,-3.028716664693597e-06,0.1656923410511696,6.838549190029396e-07,-4.213675153846219e-07,1.0232691528068019,-0.0008986254114280953,-0.0018337720471843805,0.2,0.0,0.0,0.0,0.0,2.962962962962963,2.962962962962963,-3.969878045850805e-06,4.9419947183437785e-06,2.610971068041531,2.620574478739385,-0.0018665021561507988,0.0006539493571504598
X+,9.700000000000001,6.700000000000001,36.395392045000335,0.0,1.0251236034394176,0.00021939312941234024,0.0006536030544525342,0.1803721676267019,0.0003657586966918382,-0.0008218430108948348,1.0238755769883536,3.3666527380678822e-06,-3.028716664693597e-06,0.1656923410511696,6.838549190029396e-07,-4.213675153846219e-07,1.0232691528068019,-0.0008986254114280953,-0.0018337720471843805,0.2,0.0,0.0,0.0,0.0,2.962962962962963,2.962962962962963,-3.969878045850805e-06,4.9419947183437785e-06,2.610971068041531,2.620574478739385,-0.0018665021561507988,0.0006539493571504598
X+,9.700000000000001,6.700000000000001,36.42688360600005,0.0,1.0251236034394176,0.00021939312941234024,0.0006536030544525342,0.1803721676267019,0.0003657586966918382,-0.0008218430108948348,1.0238755769883536,3.3666527380678822e-06,-3.028716664693597e-06,0.1656923410511696,6.838549190029396e-07,-4.213675153846219e-07,1.0232691528068019,-0.0008986254114280953,-0.0018337720471843805,0.2,0.0,0.0,0.0,0.0,2.962962962962963,2.962962962962963,-3.969878045850805e-06,4.9419947183437785e-06,2.610971068041531,2.620574478739385,-0.0018665021561507988,0.0006539493571504598
X+,9.700000000000001,6.700000000000001,36.45154545100013,0.0,1.0251236034394176,0.00021939312941234024,0.0006536030544525342,0.1803721676267019,0.0003657586966918382,-0.0008218430108948348,1.0238755769883536,3.3666527380678822e-06,-3.028716664693597e-06,0.1656923410511696,6.838549190029396e-07,-4.213675153846219e-07,1.0232691528068019,-0.0008986254114280953,-0.0018337720471843805,0.2,0.0,0.0,0.0,0.0,2.962962962962963,2.962962962962963,-3.969878045850805e-06,4.9419947183437785e-06,2.610971068041531,2.620574478739385,-0.0018665021561507988,0.0006539493571504598
X+,9.700000000000001,6.700000000000001,36.478303726999,0.0,1.0251236034394176,0.00021939312941234024,0.0006536030544525342,0.1803721676267019,0.0003657586966918382,-0.0008218430108948348,1.0238755769883536,3.3666527380678822e-06,-3.028716664693597e-06,0.1656923410511696,6.838549190029396e-07,-4.213675153846219e-07,1.0232691528068019,-0.0008986254114280953,-0.0018337720471843805,0.2,0.0,0.0,0.0,0.0,2.962962962962963,2.962962962962963,-3.969878045850805e-06,4.9419947183437785e-06,2.610971068041531,2.620574478739385,-0.0018665021561507988,0.0006539493571504598
X+,9.700000000000001,6.700000000000001,36.51000532499893,0.0,1.0251236034394176,0.00021939312941234024,0.0006536030544525342,0.1803721676267019,0.0003657586966918382,-0.0008218430108948348,1.0238755769883536,3.3666527380678822e-06,-3.028716664693597e-06,0.1656923410511696,6.838549190029396e-07,-4.213675153846219e-07,1.0232691528068019,-0.0008986254114280953,-0.0018337720471843805,0.2,0.0,0.0,0.0,0.0,2.962962962962963,2.962962962962963,-3.969878045850805e-06,4.9419947183437785e-06,2.610971068041531,2.620574478739385,-0.0018665021561507988,0.0006539493571504598
X+,9.700000000000001,6.700000000000001,36.53554011500091,0.0,1.0251236034394176,0.00021939312941234024,0.0006536030544525342,0.1803721676267019,0.0003657586966918382,-0.0008218430108948348,1.0238755769883536,3.3666527380678822e-06,-3.028716664693597e-06,0.1656923410511696,6.838549190029396e-07,-4.213675153846219e-07,1.0232691528068019,-0.0008986254114280953,-0.0018337720471843805,0.2,0.0,0.0,0.0,0.0,2.962962962962963,2.962962962962963,-3.969878045850805e-06,4.9419947183437785e-06,2.610971068041531,2.620574478739385,-0.0018665021561507988,0.0006539493571504598
X+,9.700000000000001,6.700000000000001,36.566991076000704,0.0,1.0251236034394176,0.00021939312941234024,0.0006536030544525342,0.1803721676267019,0.0003657586966918382,-0.0008218430108948348,1.0238755769883536,3.3666527380678822e-06,-3.028716664693597e-06,0.1656923410511696,6.838549190029396e-07,-4.213675153846219e-07,1.0232691528068019,-0.0008986254114280953,-0.0018337720471843805,0.2,0.0,0.0,0.0,0.0,2.962962962962963,2.962962962962963,-3.969878045850805e-06,4.9419947183437785e-06,2.610971068041531,2.620574478739385,-0.0018665021561507988,0.0006539493571504598
X+,9.700000000000001,6.700000000000001,36.595199138999305,0.0,1.0251236034394176,0.00021939312941234024,0.0006536030544525342,0.1803721676267019,0.0003657586966918382,-0.0008218430108948348,1.0238755769883536,3.3666527380678822e-06,-3.028716664693597e-06,0.1656923410511696,6.838549190029396e-07,-4.213675153846219e-07,1.0232691528068019,-0.0008986254114280953,-0.0018337720471843805,0.2,0.0,0.0,0.0,0.0,2.962962962962963,2.962962962962963,-3.969878045850805e-06,4.9419947183437785e-06,2.610971068041531,2.620574478739385,-0.0018665021561507988,0.0006539493571504598
X+,9.700000000000001,6.700000000000001,36.622704130000784,0.0,1.0251236034394176,0.00021939312941234024,0.0006536030544525342,0.1803721676267019,0.0003657586966918382,-0.0008218430108948348,1.0238755769883536,3.3666527380678822e-06,-3.028716664693597e-06,0.1656923410511696,6.838549190029396e-07,-4.213675153846219e-07,1.0232691528068019,-0.0008986254114280953,-0.0018337720471843805,0.2,0.0,0.0,0.0,0.0,2.962962962962963,2.962962962962963,-3.969878045850805e-06,4.9419947183437785e-06,2.610971068041531,2.620574478739385,-0.0018665021561507988,0.0006539493571504598
X+,9.700000000000001,6.700000000000001,36.65166894600043,0.0,1.0262059014764346,0.00021997660378681935,0.0006540322307677073,0.18012985191669598,0.00037192797846582527,-0.0008156518509114683,1.0238755769883536,3.3666527380678822e-06,-3.028716664693597e-06,0.1656923410511696,6.838549190029396e-07,-4.213675153846219e-07,1.0232691528068019,-0.0008986254114280953,-0.0018337720471843805,0.2,0.0,0.0,0.0,0.0,2.962962962962963,2.962962962962963,-3.969878045850805e-06,4.9419947183437785e-06,2.610971068041531,2.620574478739385,-0.0018665021561507988,0.0006539493571504598
X+,9.700000000000001,6.700000000000001,36.68329292099952,0.0,1.0285459668878494,0.00022179832994665902,0.0006528670037436861,0.17959810645868635,0.0003370024062610061,-0.0007191752738395882,1.0238755769883536,3.3666527380678822e-06,-3.028716664693597e-06,0.1656923410511696,6.838549190029396e-07,-4.213675153846219e-07,1.0232691528068019,-0.0008986254114280953,-0.0018337720471843805,0.2,0.0,0.0,0.0,0.0,2.962962962962963,2.962962962962963,-3.954473326572838e-06,4.85913991088438e-06,2.614629210996558,2.6226873654450436,0.003365270558176972,0.0006530683370887217
X+,9.700000000000001,6.700000000000001,36.72128588399937,0.0,1.0321324171060808,0.0002238217956844219,0.0006543484926479435,0.17876102113050135,0.00038303165814929834,-0.000861921139772562,1.0238755769883536,3.3666527380678822e-06,-3.028716664693597e-06,0.1656923410511696,6.838549190029396e-07,-4.213675153846219e-07,1.0232691528068019,-0.0008986254114280953,-0.0018337720471843805,0.2,0.0,0.0,0.0,0.0,2.962962962962963,2.962962962962963,-3.98370830279049e-06,5.0315795521171935e-06,2.6177520976994226,2.624232171750274,-0.004536894080937976,0.0006544543891472144
X+,9.700000000000001,6.700000000000001,36.75502817799861,0.0,1.0357021157827604,0.00022635759669381843,0.0006535358745979997,0.17790641509779967,0.00035622264821027485,-0.0007966413052735247,1.0405774186133414,3.3246048279151625e-06,-3.277985317293244e-06,0.16701841625038524,8.53723590806952e-08,-2.4926865259964674e-06,1.024773862220726,-0.0009016076499947901,-0.0018556084208634091,0.2,0.0,0.0,0.0,0.0,2.962962962962963,2.962962962962963,-3.973059513384669e-06,4.923871675721614e-06,2.620239624580878,2.6253997990032514,-0.003571034356796801,0.000653489570737711
X+,9.8,6.800000000000001,36.792775365000125,0.09999999999999964,1.0396089499909462,0.00022878758013439564,0.0006540194500050492,0.17694884103847486,0.00035942110646530235,-0.0007919322064675275,1.0405774186133414,3.3246048279151625e-06,-3.277985317293244e-06,0.16701841625038524,8.53723590806952e-08,-2.4926865259964674e-06,1.024773862220726,-0.0009016076499947901,-0.0018556084208634091,0.2,0.0,0.0,0.0,0.0,2.962962962962963,2.962962962962963,-3.976303887931465e-06,4.959600153675581e-06,2.622401161870344,2.626205526025924,0.0015628703794716662,0.0006538373525632232
X+,9.8,6.800000000000001,36.82348491800076,0.0,1.042437102236315,0.00023087756052838845,0.0006531321640308565,0.176243696877042,0.00033885800965599745,-0.0007457262104672149,1.0405774186133414,3.3246048279151625e-06,-3.277985317293244e-06,0.16701841625038524,8.53723590806952e-08,-2.4926865259964674e-06,1.024773862220726,-0.0009016076499947901,-0.0018556084208634091,0.2,0.0,0.0,0.0,0.0,2.962962962962963,2.962962962962963,-3.99330583444879e-06,5.029491142671816e-06,2.6234128999935975,2.626474035624423,-0.0034092830114231393,0.000654338655254898
X+,9.8,6.800000000000001,36.86133663500004,0.0,1.042437102236315,0.00023087756052838845,0.0006531321640308565,0.176243696877042,0.00033885800965599745,-0.0007457262104672149,1.0405774186133414,3.3246048279151625e-06,-3.277985317293244e-06,0.16701841625038524,8.53723590806952e-08,-2.4926865259964674e-06,1.024773862220726,-0.0009016076499947901,-0.0018556084208634091,0.2,0.0,0.0,0.0,0.0,2.962962962962963,2.962962962962963,-3.99330583444879e-06,5.029491142671816e-06,2.6234128999935975,2.626474035624423,-0.0034092830114231393,0.000654338655254898
X+,9.8,6.800000000000001,36.89155645899882,0.0,1.042437102236315,0.00023087756052838845,0.0006531321640308565,0.176243696877042,0.00033885800965599745,-0.0007457262104672149,1.0405774186133414,3.3246048279151625e-06,-3.277985317293244e-06,0.16701841625038524,8.53723590806952e-08,-2.4926865259964674e-06,1.024773862220726,-0.0009016076499947901,-0.0018556084208634091,0.2,0.0,0.0,0.0,0.0,2.962962962962963,2.962962962962963,-3.99330583444879e-06,5.029491142671816e-06,2.6234128999935975,2.626474035624423,-0.0034092830114231393,0.000654338655254898
X+,9.8,6.800000000000001,36.928520174998994,0.0,1.042437102236315,0.00023087756052838845,0.0006531321640308565,0.176243696877042,0.00033885800965599745,-0.0007457262104672149,1.0405774186133414,3.3246048279151625e-06,-3.277985317293244e-06,0.16701841625038524,8.53723590806952e-08,-2.4926865259964674e-06,1.024773862220726,-0.0009016076499947901,-0.0018556084208634091,0.2,0.0,0.0,0.0,0.0,2.962962962962963,2.962962962962963,-3.99330583444879e-06,5.029491142671816e-06,2.6234128999935975,2.626474035624423,-0.0034092830114231393,0.000654338655254898
X+,9.8,6.800000000000001,36.959538786999474,0.0,1.042437102236315,0.00023087756052838845,0.0006531321640308565,0.176243696877042,0.00033885800965599745,-0.0007457262104672149,1.0405774186133414,3.3246048279151625e-06,-3.277985317293244e-06,0.16701841625038524,8.53723590806952e-08,-2.4926865259964674e-06,1.024773862220726,-0.0009016076499947901,-0.0018556084208634091,0.2,0.0,0.0,0.0,0.0,2.962962962962963,2.962962962962963,-3.99330583444879e-06,5.029491142671816e-06,2.6234128999935975,2.626474035624423,-0.0034092830114231393,0.000654338655254898
X+,9.8,6.800000000000001,36.990781732998585,0.0,1.042437102236315,0.00023087756052838845,0.0006531321640308565,0.176243696877042,0.00033885800965599745,-0.0007457262104672149,1.0405774186133414,3.3246048279151625e-06,-3.277985317293244e-06,0.16701841625038524,8.53723590806952e-08,-2.4926865259964674e-06,1.024773862220726,-0.0009016076499947901,-0.0018556084208634091,0.2,0.0,0.0,0.0,0.0,2.962962962962963,2.962962962962963,-3.99330583444879e-06,5.029491142671816e-06,2.6234128999935975,2.626474035624423,-0.0034092830114231393,0.000654338655254898
X+,9.8,6.800000000000001,37.02018305299862,0.0,1.042437102236315,0.00023087756052838845,0.0006531321640308565,0.176243696877042,0.00033885800965599745,-0.0007457262104672149,1.0405774186133414,3.3246048279151625e-06,-3.277985317293244e-06,0.16701841625038524,8.53723590806952e-08,-2.4926865259964674e-06,1.024773862220726,-0.0009016076499947901,-0.0018556084208634091,0.2,0.0,0.0,0.0,0.0,2.962962962962963,2.962962962962963,-3.99330583444879e-06,5.029491142671816e-06,2.6234128999935975,2.626474035624423,-0.0034092830114231393,0.000654338655254898
X+,9.8,6.800000000000001,37.04769794299864,0.0,1.042437102236315,0.00023087756052838845,0.0006531321640308565,0.176243696877042,0.00033885800965599745,-0.0007457262104672149,1.0405774186133414,3.3246048279151625e-06,-3.277985317293244e-06,0.16701841625038524,8.53723590806952e-08,-2.4926865259964674e-06,1.024773862220726,-0.0009016076499947901,-0.0018556084208634091,0.2,0.0,0.0,0.0,0.0,2.962962962962963,2.962962962962963,-3.99330583444879e-06,5.029491142671816e-06,2.6234128999935975,2.626474035624423,-0.0034092830114231393,0.000654338655254898
X+,9.8,6.800000000000001,37.07868326500102,0.0,1.042437102236315,0.00023087756052838845,0.0006531321640308565,0.176243696877042,0.00033885800965599745,-0.0007457262104672149,1.0405774186133414,3.3246048279151625e-06,-3.277985317293244e-06,0.16701841625038524,8.53723590806952e-08,-2.4926865259964674e-06,1.024773862220726,-0.0009016076499947901,-0.0018556084208634091,0.2,0.0,0.0,0.0,0.0,2.962962962962963,2.962962962962963,-3.99330583444879e-06,5.029491142671816e-06,2.6234128999935975,2.626474035624423,-0.0034092830114231393,0.000654338655254898
X+,9.8,6.800000000000001,37.10648310599936,0.0,1.042437102236315,0.00023087756052838845,0.0006531321640308565,0.176243696877042,0.00033885800965599745,-0.0007457262104672149,1.0405774186133414,3.3246048279151625e-06,-3.277985317293244e-06,0.16701841625038524,8.53723590806952e-08,-2.4926865259964674e-06,1.024773862220726,-0.0009016076499947901,-0.0018556084208634091,0.2,0.0,0.0,0.0,0.0,2.962962962962963,2.962962962962963,-3.99330583444879e-06,5.029491142671816e-06,2.6234128999935975,2.626474035624423,-0.0034092830114231393,0.000654338655254898
X+,9.8,6.800000000000001,37.134515598998405,0.0,1.042437102236315,0.00023087756052838845,0.0006531321640308565,0.176243696877042,0.00033885800965599745,-0.0007457262104672149,1.0405774186133414,3.3246048279151625e-06,-3.277985317293244e-06,0.16701841625038524,8.53723590806952e-08,-2.4926865259964674e-06,1.024773862220726,-0.0009016076499947901,-0.0018556084208634091,0.2,0.0,0.0,0.0,0.0,2.962962962962963,2.962962962962963,-3.99330583444879e-06,5.029491142671816e-06,2.6234128999935975,2.626474035624423,-0.0034092830114231393,0.000654338655254898
X+,9.8,6.800000000000001,37.16077103800126,0.0,1.042437102236315,0.00023087756052838845,0.0006531321640308565,0.176243696877042,0.00033885800965599745,-0.0007457262104672149,1.0405774186133414,3.3246048279151625e-06,-3.277985317293244e-06,0.16701841625038524,8.53723590806952e-08,-2.4926865259964674e-06,1.024773862220726,-0.0009016076499947901,-0.0018556084208634091,0.2,0.0,0.0,0.0,0.0,2.962962962962963,2.962962962962963,-3.99330583444879e-06,5.029491142671816e-06,2.6234128999935975,2.626474035624423,-0.0034092830114231393,0.000654338655254898
X+,9.8,6.800000000000001,37.18528571799834,0.0,1.042437102236315,0.00023087756052838845,0.0006531321640308565,0.176243696877042,0.00033885800965599745,-0.0007457262104672149,1.0405774186133414,3.3246048279151625e-06,-3.277985317293244e-06,0.16701841625038524,8.53723590806952e-08,-2.4926865259964674e-06,1.024773862220726,-0.0009016076499947901,-0.0018556084208634091,0.2,0.0,0.0,0.0,0.0,2.962962962962963,2.962962962962963,-3.99330583444879e-06,5.029491142671816e-06,2.6234128999935975,2.626474035624423,-0.0034092830114231393,0.000654338655254898
X+,9.8,6.800000000000001,37.21132803300134,0.0,1.042437102236315,0.00023087756052838845,0.0006531321640308565,0.176243696877042,0.00033885800965599745,-0.0007457262104672149,1.0405774186133414,3.3246048279151625e-06,-3.277985317293244e-06,0.16701841625038524,8.53723590806952e-08,-2.4926865259964674e-06,1.024773862220726,-0.0009016076499947901,-0.0018556084208634091,0.2,0.0,0.0,0.0,0.0,2.962962962962963,2.962962962962963,-3.99330583444879e-06,5.029491142671816e-06,2.6234128999935975,2.626474035624423,-0.0034092830114231393,0.000654338655254898
X+,9.8,6.800000000000001,37.23998594300065,0.0,1.0445508058403936,0.00023230002029051185,0.0006526897401263026,0.17570939887978276,0.0003034994961381187,-0.0005583772843069668,1.0405774186133414,3.3246048279151625e-06,-3.277985317293244e-06,0.16701841625038524,8.53723590806952e-08,-2.4926865259964674e-06,1.024773862220726,-0.0009016076499947901,-0.0018556084208634091,0.2,0.0,0.0,0.0,0.0,2.962962962962963,2.962962962962963,-3.9622698171370985e-06,4.860014644947341e-06,2.6242757524015445,2.6268542281234164,-0.0005753274186166001,0.0006529475089837311
X+,9.8,6.800000000000001,37.264332738999656,0.0,1.0470086955713092,0.00023353558973212684,0.000654529559379792,0.1750821113134386,0.00036302607108485975,-0.0007786215795394917,1.0405774186133414,3.3246048279151625e-06,-3.277985317293244e-06,0.16701841625038524,8.53723590806952e-08,-2.4926865259964674e-06,1.024773862220726,-0.0009016076499947901,-0.0018556084208634091,0.2,0.0,0.0,0.0,0.0,2.962962962962963,2.962962962962963,-3.983001059637559e-06,4.994511654921041e-06,2.6260603924184482,2.6272746600936285,-0.00525954743517921,0.0006543224010767146
X+,9.8,6.800000000000001,37.28961723500106,0.0,1.0501560065899054,0.00023562023868775595,0.0006545170130872553,0.17426901448316579,0.00037118098160713144,-0.0008239035345193682,1.0405774186133414,3.3246048279151625e-06,-3.277985317293244e-06,0.16701841625038524,8.53723590806952e-08,-2.4926865259964674e-06,1.024773862220726,-0.0009016076499947901,-0.0018556084208634091,0.2,0.0,0.0,0.0,0.0,2.962962962962963,2.962962962962963,-3.814952320269072e-06,5.027993598361036e-06,2.627824829746632,2.6276653129193464,0.0004742351366346006,0.000654107852437251
X+,9.8,6.800000000000001,37.319400178999786,0.0,1.0527676049735852,0.00023733876648922986,0.0006545473212833608,0.1735853035921695,0.0003633577929956155,-0.0008035136220287059,1.0573161547175092,3.2798856392758768e-06,-3.5246493206957053e-06,0.1673873610422445,1.0150142540364718e-07,-2.4666400340246143e-06,1.0570049001412136,-0.0009614132479075139,-0.00198291934973982,0.2,0.0,0.0,0.0,0.0,2.962962962962963,2.962962962962963,-3.5536340687869483e-06,4.970416894067853e-06,2.628740488622803,2.6279340098641866,0.00034800385857859195,0.0006542704348427651
X+,9.9,6.9,37.345562591999624,0.09999999999999964,1.054849537871569,0.00023878310634859075,0.0006541756215689386,0.17303450520523758,0.0003511663925268501,-0.0007830122152576339,1.0573161547175092,3.2798856392758768e-06,-3.5246493206957053e-06,0.1673873610422445,1.0150142540364718e-07,-2.4666400340246143e-06,1.0570049001412136,-0.0009614132479075139,-0.00198291934973982,0.2,0.0,0.0,0.0,0.0,2.962962962962963,2.962962962962963,-3.475536023422876e-06,5.070019420294614e-06,2.629696468101722,2.6281069168670945,-0.0004674161051219975,0.0006540261148109213
X+,9.9,6.9,37.37595954800054,0.0,1.0584770246485566,0.00024131785069013336,0.0006532556541072598,0.17206051900991562,0.00031725805591820665,-0.000664583176154792,1.0573161547175092,3.2798856392758768e-06,-3.5246493206957053e-06,0.1673873610422445,1.0150142540364718e-07,-2.4666400340246143e-06,1.0570049001412136,-0.0009614132479075139,-0.00198291934973982,0.2,0.0,0.0,0.0,0.0,2.962962962962963,2.962962962962963,-3.7092839084706952e-06,4.901272502522147e-06,2.6327109014668624,2.629249392594617,-0.0017054185697920944,0.0006533667972853248
X+,9.9,6.9,37.4020399789988,0.0,1.05985352679142,0.00024198681959020172,0.0006541829280903057,0.17168540442108848,0.00033761312644347197,-0.0007004978991714012,1.0573161547175092,3.2798856392758768e-06,-3.5246493206957053e-06,0.1673873610422445,1.0150142540364718e-07,-2.4666400340246143e-06,1.0570049001412136,-0.0009614132479075139,-0.00198291934973982,0.2,0.0,0.0,0.0,0.0,2.962962962962963,2.962962962962963,-3.7092839084706952e-06,4.901272502522147e-06,2.6327109014668624,2.629249392594617,-0.00045896079925534394,0.0006540668788369094
X+,9.9,6.9,37.431214801999886,0.0,1.05985352679142,0.00024198681959020172,0.0006541829280903057,0.17168540442108848,0.00033761312644347197,-0.0007004978991714012,1.0573161547175092,3.2798856392758768e-06,-3.5246493206957053e-06,0.1673873610422445,1.0150142540364718e-07,-2.4666400340246143e-06,1.0570049001412136,-0.0009614132479075139,-0.00198291934973982,0.2,0.0,0.0,0.0,0.0,2.962962962962963,2.962962962962963,-3.7092839084706952e-06,4.901272502522147e-06,2.6327109014668624,2.629249392594617,-0.00045896079925534394,0.0006540668788369094
X+,9.9,6.9,37.4605922640003,0.0,1.05985352679142,0.00024198681959020172,0.0006541829280903057,0.17168540442108848,0.00033761312644347197,-0.0007004978991714012,1.0573161547175092,3.2798856392758768e-06,-3.5246493206957053e-06,0.1673873610422445,1.0150142540364718e-07,-2.4666400340246143e-06,1.0570049001412136,-0.0009614132479075139,-0.00198291934973982,0.2,0.0,0.0,0.0,0.0,2.962962962962963,2.962962962962963,-3.7092839084706952e-06,4.901272502522147e-06,2.6327109014668624,2.629249392594617,-0.00045896079925534394,0.0006540668788369094
X+,9.9,6.9,37.488660950999474,0.0,1.05985352679142,0.00024198681959020172,0.0006541829280903057,0.17168540442108848,0.00033761312644347197,-0.0007004978991714012,1.0573161547175092,3.2798856392758768e-06,-3.5246493206957053e-06,0.1673873610422445,1.0150142540364718e-07,-2.4666400340246143e-06,1.0570049001412136,-0.0009614132479075139,-0.00198291934973982,0.2,0.0,0.0,0.0,0.0,2.962962962962963,2.962962962962963,-3.7092839084706952e-06,4.901272502522147e-06,2.6327109014668624,2.629249392594617,-0.00045896079925534394,0.0006540668788369094
X+,9.9,6.9,37.51759967899852,0.0,1.05985352679142,0.00024198681959020172,0.0006541829280903057,0.17168540442108848,0.00033761312644347197,-0.0007004978991714012,1.0573161547175092,3.2798856392758768e-06,-3.5246493206957053e-06,0.1673873610422445,1.0150142540364718e-07,-2.4666400340246143e-06,1.0570049001412136,-0.0009614132479075139,-0.00198291934973982,0.2,0.0,0.0,0.0,0.0,2.962962962962963,2.962962962962963,-3.7092839084706952e-06,4.901272502522147e-06,2.6327109014668624,2.629249392594617,-0.00045896079925534394,0.0006540668788369094
X+,9.9,6.9,37.542353011998784,0.0,1.05985352679142,0.00024198681959020172,0.0006541829280903057,0.17168540442108848,0.00033761312644347197,-0.0007004978991714012,1.0573161547175092,3.2798856392758768e-06,-3.5246493206957053e-06,0.1673873610422445,1.0150142540364718e-07,-2.4666400340246143e-06,1.0570049001412136,-0.0009614132479075139,-0.00198291934973982,0.2,0.0,0.0,0.0,0.0,2.962962962962963,2.962962962962963,-3.7092839084706952e-06,4.901272502522147e-06,2.6327109014668624,2.629249392594617,-0.00045896079925534394,0.0006540668788369094
X+,9.9,6.9,37.57150456800082,0.0,1.05985352679142,0.00024198681959020172,0.0006541829280903057,0.17168540442108848,0.00033761312644347197,-0.0007004978991714012,1.0573161547175092,3.2798856392758768e-06,-3.5246493206957053e-06,0.1673873610422445,1.0150142540364718e-07,-2.4666400340246143e-06,1.0570049001412136,-0.0009614132479075139,-0.00198291934973982,0.2,0.0,0.0,0.0,0.0,2.962962962962963,2.962962962962963,-3.7092839084706952e-06,4.901272502522147e-06,2.6327109014668624,2.629249392594617,-0.00045896079925534394,0.0006540668788369094
X+,9.9,6.9,37.60155584400127,0.0,1.05985352679142,0.00024198681959020172,0.0006541829280903057,0.17168540442108848,0.00033761312644347197,-0.0007004978991714012,1.0573161547175092,3.2798856392758768e-06,-3.5246493206957053e-06,0.1673873610422445,1.0150142540364718e-07,-2.4666400340246143e-06,1.0570049001412136,-0.0009614132479075139,-0.00198291934973982,0.2,0.0,0.0,0.0,0.0,2.962962962962963,2.962962962962963,-3.7092839084706952e-06,4.901272502522147e-06,2.6327109014668624,2.629249392594617,-0.00045896079925534394,0.0006540668788369094
X+,9.9,6.9,37.63039830499838,0.0,1.05985352679142,0.00024198681959020172,0.0006541829280903057,0.17168540442108848,0.00033761312644347197,-0.0007004978991714012,1.0573161547175092,3.2798856392758768e-06,-3.5246493206957053e-06,0.1673873610422445,1.0150142540364718e-07,-2.4666400340246143e-06,1.0570049001412136,-0.0009614132479075139,-0.00198291934973982,0.2,0.0,0.0,0.0,0.0,2.962962962962963,2.962962962962963,-3.7092839084706952e-06,4.901272502522147e-06,2.6327109014668624,2.629249392594617,-0.00045896079925534394,0.0006540668788369094
X+,9.9,6.9,37.662103773000126,0.0,1.05985352679142,0.00024198681959020172,0.0006541829280903057,0.17168540442108848,0.00033761312644347197,-0.0007004978991714012,1.0573161547175092,3.2798856392758768e-06,-3.5246493206957053e-06,0.1673873610422445,1.0150142540364718e-07,-2.4666400340246143e-06,1.0570049001412136,-0.0009614132479075139,-0.00198291934973982,0.2,0.0,0.0,0.0,0.0,2.962962962962963,2.962962962962963,-3.7092839084706952e-06,4.901272502522147e-06,2.6327109014668624,2.629249392594617,-0.00045896079925534394,0.0006540668788369094
X+,9.9,6.9,37.694897731998935,0.0,1.0607123288508984,0.0002424261028153643,0.0006547116194151752,0.1714501919153284,0.0003578584399685384,-0.0007852857718608126,1.0573161547175092,3.2798856392758768e-06,-3.5246493206957053e-06,0.1673873610422445,1.0150142540364718e-07,-2.4666400340246143e-06,1.0570049001412136,-0.0009614132479075139,-0.00198291934973982,0.2,0.0,0.0,0.0,0.0,2.962962962962963,2.962962962962963,5.275951860284067e-06,5.04384665767077e-06,2.6338290370871853,2.6295269635073817,-0.00045896079925534394,0.0006540668788369094
X+,9.9,6.9,37.72170912100046,0.0,1.0632817351951158,0.0002440954999782313,0.00065447416981792,0.17073963587619964,0.00035820814271942433,-0.0008061028773334083,1.0573161547175092,3.2798856392758768e-06,-3.5246493206957053e-06,0.1673873610422445,1.0150142540364718e-07,-2.4666400340246143e-06,1.0570049001412136,-0.0009614132479075139,-0.00198291934973982,0.2,0.0,0.0,0.0,0.0,2.962962962962963,2.962962962962963,3.5771492958858175e-06,5.04748630092422e-06,2.63501845170994,2.629912288636019,-0.002528211559940619,0.0006543991243255226
X+,9.9,6.9,37.75250474399945,0.0,1.0660107141951434,0.00024611925309260714,0.0006530425748754188,0.16997158829893927,0.00031392530991385223,-0.0006781221772306161,1.0573161547175092,3.2798856392758768e-06,-3.5246493206957053e-06,0.1673873610422445,1.0150142540364718e-07,-2.4666400340246143e-06,1.0570049001412136,-0.0009614132479075139,-0.00198291934973982,0.2,0.0,0.0,0.0,0.0,2.962962962962963,2.962962962962963,3.816915523202624e-06,5.038625999098656e-06,2.6375528194740934,2.6312366047164937,0.0008027703823639898,0.0006537330468948878
X+,9.9,6.9,37.777377932998206,0.0,1.0687273128065893,0.0002474202610593555,0.0006546276723222405,0.16919033871314992,0.0003603273119603779,-0.0008191650075401792,1.0573161547175092,3.2798856392758768e-06,-3.5246493206957053e-06,0.1673873610422445,1.0150142540364718e-07,-2.4666400340246143e-06,1.0570049001412136,-0.0009614132479075139,-0.00198291934973982,0.2,0.0,0.0,0.0,0.0,2.962962962962963,2.962962962962963,3.4055682505140794e-06,5.057578761125114e-06,2.6389288670202427,2.6319714859089145,0.0017791486190046743,0.0006544939498362874
X+,9.9,6.9,37.80321155999991,0.0,1.0707565910931554,0.0002487437198823569,0.0006540902790075801,0.16859537869707947,0.00034963807288810076,-0.0007991836078119959,1.0741107866829809,3.2949325437851093e-06,-3.577725782402095e-06,0.16794631965314322,7.424209265745066e-07,-5.307646170638942e-07,1.0583732112699724,-0.0009656120511538171,-0.0019970048500459483,0.2,0.0,0.0,0.0,0.0,2.962962962962963,2.962962962962963,3.4332185530061565e-06,5.465157474127125e-06,2.6419988447277403,2.633603612566366,0.0035315950352129795,0.0006540176204741414
X+,10.0,7.0,37.836471970000275,0.09999999999999964,1.0737870927804753,0.00025086836057218453,0.0006525731487074701,0.16768611698727667,0.0003043502566093551,-0.000661288300963625,1.0741107866829809,3.2949325437851093e-06,-3.577725782402095e-06,0.16794631965314322,7.424209265745066e-07,-5.307646170638942e-07,1.0583732112699724,-0.0009656120511538171,-0.0019970048500459483,0.2,0.0,0.0,0.0,0.0,2.962962962962963,2.962962962962963,4.004949059499552e-06,5.723463732287826e-06,2.645462266407297,2.635870862160731,-0.003459403195845994,0.0006523874897931556
X+,10.0,7.0,37.8678822030015,0.0,1.0769680377132076,0.00025245212719882115,0.000653468728616472,0.16670094492208248,0.0003271614889150202,-0.000701853097477478,1.0741107866829809,3.2949325437851093e-06,-3.577725782402095e-06,0.16794631965314322,7.424209265745066e-07,-5.307646170638942e-07,1.0583732112699724,-0.0009656120511538171,-0.0019970048500459483,0.2,0.0,0.0,0.0,0.0,2.962962962962963,2.962962962962963,4.225417367109685e-06,5.794301607409125e-06,2.6473755275410475,2.6371553058572,-0.0020575295162620346,0.00065285869055258
X+,10.0,7.0,37.89912071299841,0.0,1.0769680377132076,0.00025245212719882115,0.000653468728616472,0.16670094492208248,0.0003271614889150202,-0.000701853097477478,1.0741107866829809,3.2949325437851093e-06,-3.577725782402095e-06,0.16794631965314322,7.424209265745066e-07,-5.307646170638942e-07,1.0583732112699724,-0.0009656120511538171,-0.0019970048500459483,0.2,0.0,0.0,0.0,0.0,2.962962962962963,2.962962962962963,4.225417367109685e-06,5.794301607409125e-06,2.6473755275410475,2.6371553058572,-0.0020575295162620346,0.00065285869055258
X+,10.0,7.0,37.926570373001596,0.0,1.0769680377132076,0.00025245212719882115,0.000653468728616472,0.16670094492208248,0.0003271614889150202,-0.000701853097477478,1.0741107866829809,3.2949325437851093e-06,-3.577725782402095e-06,0.16794631965314322,7.424209265745066e-07,-5.307646170638942e-07,1.0583732112699724,-0.0009656120511538171,-0.0019970048500459483,0.2,0.0,0.0,0.0,0.0,2.962962962962963,2.962962962962963,4.225417367109685e-06,5.794301607409125e-06,2.6473755275410475,2.6371553058572,-0.0020575295162620346,0.00065285869055258
X+,10.0,7.0,37.956685891000234,0.0,1.0769680377132076,0.00025245212719882115,0.000653468728616472,0.16670094492208248,0.0003271614889150202,-0.000701853097477478,1.0741107866829809,3.2949325437851093e-06,-3.577725782402095e-06,0.16794631965314322,7.424209265745066e-07,-5.307646170638942e-07,1.0583732112699724,-0.0009656120511538171,-0.0019970048500459483,0.2,0.0,0.0,0.0,0.0,2.962962962962963,2.962962962962963,4.225417367109685e-06,5.794301607409125e-06,2.6473755275410475,2.6371553058572,-0.0020575295162620346,0.00065285869055258
X+,10.0,7.0,37.9831906440013,0.0,1.0769680377132076,0.00025245212719882115,0.000653468728616472,0.16670094492208248,0.0003271614889150202,-0.000701853097477478,1.0741107866829809,3.2949325437851093e-06,-3.577725782402095e-06,0.16794631965314322,7.424209265745066e-07,-5.307646170638942e-07,1.0583732112699724,-0.0009656120511538171,-0.0019970048500459483,0.2,0.0,0.0,0.0,0.0,2.962962962962963,2.962962962962963,4.225417367109685e-06,5.794301607409125e-06,2.6473755275410475,2.6371553058572,-0.0020575295162620346,0.00065285869055258
X+,10.0,7.0,38.01485603299807,0.0,1.0769680377132076,0.00025245212719882115,0.000653468728616472,0.16670094492208248,0.0003271614889150202,-0.000701853097477478,1.0741107866829809,3.2949325437851093e-06,-3.577725782402095e-06,0.16794631965314322,7.424209265745066e-07,-5.307646170638942e-07,1.0583732112699724,-0.0009656120511538171,-0.0019970048500459483,0.2,0.0,0.0,0.0,0.0,2.962962962962963,2.962962962962963,4.225417367109685e-06,5.794301607409125e-06,2.6473755275410475,2.6371553058572,-0.0020575295162620346,0.00065285869055258
X+,10.0,7.0,38.058134615999734,0.0,1.0769680377132076,0.00025245212719882115,0.000653468728616472,0.16670094492208248,0.0003271614889150202,-0.000701853097477478,1.0741107866829809,3.2949325437851093e-06,-3.577725782402095e-06,0.16794631965314322,7.424209265745066e-07,-5.307646170638942e-07,1.0583732112699724,-0.0009656120511538171,-0.0019970048500459483,0.2,0.0,0.0,0.0,0.0,2.962962962962963,2.962962962962963,4.225417367109685e-06,5.794301607409125e-06,2.6473755275410475,2.6371553058572,-0.0020575295162620346,0.00065285869055258
X+,10.0,7.0,38.091086558000825,0.0,1.0769680377132076,0.00025245212719882115,0.000653468728616472,0.16670094492208248,0.0003271614889150202,-0.000701853097477478,1.0741107866829809,3.2949325437851093e-06,-3.577725782402095e-06,0.16794631965314322,7.424209265745066e-07,-5.307646170638942e-07,1.0583732112699724,-0.0009656120511538171,-0.0019970048500459483,0.2,0.0,0.0,0.0,0.0,2.962962962962963,2.962962962962963,4.225417367109685e-06,5.794301607409125e-06,2.6473755275410475,2.6371553058572,-0.0020575295162620346,0.00065285869055258
X+,10.0,7.0,38.120758247001504,0.0,1.0769680377132076,0.00025245212719882115,0.000653468728616472,0.16670094492208248,0.0003271614889150202,-0.000701853097477478,1.0741107866829809,3.2949325437851093e-06,-3.577725782402095e-06,0.16794631965314322,7.424209265745066e-07,-5.307646170638942e-07,1.0583732112699724,-0.0009656120511538171,-0.0019970048500459483,0.2,0.0,0.0,0.0,0.0,2.962962962962963,2.962962962962963,4.225417367109685e-06,5.794301607409125e-06,2.6473755275410475,2.6371553058572,-0.0020575295162620346,0.00065285869055258
X+,10.0,7.0,38.14551340199978,0.0,1.0769680377132076,0.00025245212719882115,0.000653468728616472,0.16670094492208248,0.0003271614889150202,-0.000701853097477478,1.0741107866829809,3.2949325437851093e-06,-3.577725782402095e-06,0.16794631965314322,7.424209265745066e-07,-5.307646170638942e-07,1.0583732112699724,-0.0009656120511538171,-0.0019970048500459483,0.2,0.0,0.0,0.0,0.0,2.962962962962963,2.962962962962963,4.225417367109685e-06,5.794301607409125e-06,2.6473755275410475,2.6371553058572,-0.0020575295162620346,0.00065285869055258
X+,10.0,7.0,38.17665625199879,0.0,1.0769680377132076,0.00025245212719882115,0.000653468728616472,0.16670094492208248,0.0003271614889150202,-0.000701853097477478,1.0741107866829809,3.2949325437851093e-06,-3.577725782402095e-06,0.16794631965314322,7.424209265745066e-07,-5.307646170638942e-07,1.0583732112699724,-0.0009656120511538171,-0.0019970048500459483,0.2,0.0,0.0,0.0,0.0,2.962962962962963,2.962962962962963,4.225417367109685e-06,5.794301607409125e-06,2.6473755275410475,2.6371553058572,-0.0020575295162620346,0.00065285869055258
X+,10.0,7.0,38.20322822700109,0.0,1.0769680377132076,0.00025245212719882115,0.000653468728616472,0.16670094492208248,0.0003271614889150202,-0.000701853097477478,1.0741107866829809,3.2949325437851093e-06,-3.577725782402095e-06,0.16794631965314322,7.424209265745066e-07,-5.307646170638942e-07,1.0583732112699724,-0.0009656120511538171,-0.0019970048500459483,0.2,0.0,0.0,0.0,0.0,2.962962962962963,2.962962962962963,4.225417367109685e-06,5.794301607409125e-06,2.6473755275410475,2.6371553058572,-0.0020575295162620346,0.00065285869055258
X+,10.0,7.0,38.231402901001275,0.0,1.0769680377132076,0.00025245212719882115,0.000653468728616472,0.16670094492208248,0.0003271614889150202,-0.000701853097477478,1.0741107866829809,3.2949325437851093e-06,-3.577725782402095e-06,0.16794631965314322,7.424209265745066e-07,-5.307646170638942e-07,1.0583732112699724,-0.0009656120511538171,-0.0019970048500459483,0.2,0.0,0.0,0.0,0.0,2.962962962962963,2.962962962962963,4.225417367109685e-06,5.794301607409125e-06,2.6473755275410475,2.6371553058572,-0.0020575295162620346,0.00065285869055258
X+,10.0,7.0,38.257968887999596,0.0,1.0769680377132076,0.00025245212719882115,0.000653468728616472,0.16670094492208248,0.0003271614889150202,-0.000701853097477478,1.0741107866829809,3.2949325437851093e-06,-3.577725782402095e-06,0.16794631965314322,7.424209265745066e-07,-5.307646170638942e-07,1.0583732112699724,-0.0009656120511538171,-0.0019970048500459483,0.2,0.0,0.0,0.0,0.0,2.962962962962963,2.962962962962963,4.225417367109685e-06,5.794301607409125e-06,2.6473755275410475,2.6371553058572,-0.0020575295162620346,0.00065285869055258
X+,10.0,7.0,38.28852788199947,0.0,1.0788010803645416,0.0002535648876167227,0.0006532309592597316,0.1661191363785941,0.00035116069949837463,-0.0008341668459661187,1.0741107866829809,3.2949325437851093e-06,-3.577725782402095e-06,0.16794631965314322,7.424209265745066e-07,-5.307646170638942e-07,1.0583732112699724,-0.0009656120511538171,-0.0019970048500459483,0.2,0.0,0.0,0.0,0.0,2.962962962962963,2.962962962962963,4.827019091990792e-06,6.792695510071667e-06,2.6517067557736764,2.6395963610897217,-0.0012043174930727349,0.0006537124439527632
X+,10.0,7.0,38.32217143000162,0.0,1.0829430339396,0.0002560966942459853,0.0006517516470466749,0.16475500400759766,0.00029635571189651254,-0.0006556102976094299,1.0741107866829809,3.2949325437851093e-06,-3.577725782402095e-06,0.16794631965314322,7.424209265745066e-07,-5.307646170638942e-07,1.0583732112699724,-0.0009656120511538171,-0.0019970048500459483,0.2,0.0,0.0,0.0,0.0,2.962962962962963,2.962962962962963,5.395392418172662e-06,-5.261481661023026e-06,2.6566914540722735,2.6432666096870943,-0.001202506163016346,0.0006530030902833298
X+,10.0,7.0,38.36334538099982,0.0,1.0857398129650724,0.00025732831958753637,0.0006525989000594723,0.16378854038223883,0.00032445067065594235,-0.0007260832876496226,1.0910071812336326,3.239517823034285e-06,-3.276178054559635e-06,0.16896394550741822,5.0359456629061586e-08,3.0154772784245983e-06,1.0583732112699724,-0.0009656120511538171,-0.0019970048500459483,0.2,0.0,0.0,0.0,0.0,2.962962962962963,2.962962962962963,5.847510286649538e-06,-4.992973376083398e-06,2.6624522183981436,2.64747537326575,0.0016793659823851241,0.0006521037104468445
X+,10.100000000000001,7.100000000000001,38.39116114100034,0.10000000000000142,1.0891717403391346,0.00025945886170874056,0.0006506063775198414,0.16254642923552215,0.00028242261730410123,-0.0006106971838437204,1.0910071812336326,3.239517823034285e-06,-3.276178054559635e-06,0.16896394550741822,5.0359456629061586e-08,3.0154772784245983e-06,1.0913712232412285,-0.0010294267787687688,-0.0020368517042541607,0.2,0.0,0.0,0.0,0.0,2.962962962962963,2.962962962962963,6.532804172287854e-06,4.456819285181268e-06,2.6691826750732486,2.652781786406763,-0.0014397594143079322,0.0006513854367690388
X+,10.100000000000001,7.100000000000001,38.416373826999916,0.0,1.0914449741115362,0.00026040641603878884,0.0006511810223961697,0.16168107407230747,0.00029253480010112,-0.0005964892063475946,1.0910071812336326,3.239517823034285e-06,-3.276178054559635e-06,0.16896394550741822,5.0359456629061586e-08,3.0154772784245983e-06,1.0913712232412285,-0.0010294267787687688,-0.0020368517042541607,0.2,0.0,0.0,0.0,0.0,2.962962962962963,2.962962962962963,6.7791485705015475e-06,-4.4178731668509386e-06,2.672923547491129,2.655944058020825,-0.0008449956471604941,0.0006511810223961697
X+,10.100000000000001,7.100000000000001,38.448819326000375,0.0,1.0933837358875322,0.00026114774850790386,0.0006519438625753831,0.16091530774333815,0.0003362877667845217,-0.0007889615942636317,1.0910071812336326,3.239517823034285e-06,-3.276178054559635e-06,0.16896394550741822,5.0359456629061586e-08,3.0154772784245983e-06,1.0913712232412285,-0.0010294267787687688,-0.0020368517042541607,0.2,0.0,0.0,0.0,0.0,2.962962962962963,2.962962962962963,6.990573512943854e-06,8.354750811179201e-06,2.676961119779011,2.658851340285938,-0.0016826715137129309,0.0006518626286026803
X+,10.100000000000001,7.100000000000001,38.47640993800087,0.0,1.0933837358875322,0.00026114774850790386,0.0006519438625753831,0.16091530774333815,0.0003362877667845217,-0.0007889615942636317,1.0910071812336326,3.239517823034285e-06,-3.276178054559635e-06,0.16896394550741822,5.0359456629061586e-08,3.0154772784245983e-06,1.0913712232412285,-0.0010294267787687688,-0.0020368517042541607,0.2,0.0,0.0,0.0,0.0,2.962962962962963,2.962962962962963,6.990573512943854e-06,8.354750811179201e-06,2.676961119779011,2.658851340285938,-0.0016826715137129309,0.0006518626286026803
X+,10.100000000000001,7.100000000000001,38.50554782299878,0.0,1.0933837358875322,0.00026114774850790386,0.0006519438625753831,0.16091530774333815,0.0003362877667845217,-0.0007889615942636317,1.0910071812336326,3.239517823034285e-06,-3.276178054559635e-06,0.16896394550741822,5.0359456629061586e-08,3.0154772784245983e-06,1.0913712232412285,-0.0010294267787687688,-0.0020368517042541607,0.2,0.0,0.0,0.0,0.0,2.962962962962963,2.962962962962963,6.990573512943854e-06,8.354750811179201e-06,2.676961119779011,2.658851340285938,-0.0016826715137129309,0.0006518626286026803
X+,10.100000000000001,7.100000000000001,38.53128815400123,0.0,1.0933837358875322,0.00026114774850790386,0.0006519438625753831,0.16091530774333815,0.0003362877667845217,-0.0007889615942636317,1.0910071812336326,3.239517823034285e-06,-3.276178054559635e-06,0.16896394550741822,5.0359456629061586e-08,3.0154772784245983e-06,1.0913712232412285,-0.0010294267787687688,-0.0020368517042541607,0.2,0.0,0.0,0.0,0.0,2.962962962962963,2.962962962962963,6.990573512943854e-06,8.354750811179201e-06,2.676961119779011,2.658851340285938,-0.0016826715137129309,0.0006518626286026803
X+,10.100000000000001,7.100000000000001,38.55926138799987,0.0,1.0933837358875322,0.00026114774850790386,0.0006519438625753831,0.16091530774333815,0.0003362877667845217,-0.0007889615942636317,1.0910071812336326,3.239517823034285e-06,-3.276178054559635e-06,0.16896394550741822,5.0359456629061586e-08,3.0154772784245983e-06,1.0913712232412285,-0.0010294267787687688,-0.0020368517042541607,0.2,0.0,0.0,0.0,0.0,2.962962962962963,2.962962962962963,6.990573512943854e-06,8.354750811179201e-06,2.676961119779011,2.658851340285938,-0.0016826715137129309,0.0006518626286026803
X+,10.100000000000001,7.100000000000001,38.58345932299926,0.0,1.0933837358875322,0.00026114774850790386,0.0006519438625753831,0.16091530774333815,0.0003362877667845217,-0.0007889615942636317,1.0910071812336326,3.239517823034285e-06,-3.276178054559635e-06,0.16896394550741822,5.0359456629061586e-08,3.0154772784245983e-06,1.0913712232412285,-0.0010294267787687688,-0.0020368517042541607,0.2,0.0,0.0,0.0,0.0,2.962962962962963,2.962962962962963,6.990573512943854e-06,8.354750811179201e-06,2.676961119779011,2.658851340285938,-0.0016826715137129309,0.0006518626286026803
X+,10.100000000000001,7.100000000000001,38.609931429000426,0.0,1.0933837358875322,0.00026114774850790386,0.0006519438625753831,0.16091530774333815,0.0003362877667845217,-0.0007889615942636317,1.0910071812336326,3.239517823034285e-06,-3.276178054559635e-06,0.16896394550741822,5.0359456629061586e-08,3.0154772784245983e-06,1.0913712232412285,-0.0010294267787687688,-0.0020368517042541607,0.2,0.0,0.0,0.0,0.0,2.962962962962963,2.962962962962963,6.990573512943854e-06,8.354750811179201e-06,2.676961119779011,2.658851340285938,-0.0016826715137129309,0.0006518626286026803
X+,10.100000000000001,7.100000000000001,38.63904346799973,0.0,1.0933837358875322,0.00026114774850790386,0.0006519438625753831,0.16091530774333815,0.0003362877667845217,-0.0007889615942636317,1.0910071812336326,3.239517823034285e-06,-3.276178054559635e-06,0.16896394550741822,5.0359456629061586e-08,3.0154772784245983e-06,1.0913712232412285,-0.0010294267787687688,-0.0020368517042541607,0.2,0.0,0.0,0.0,0.0,2.962962962962963,2.962962962962963,6.990573512943854e-06,8.354750811179201e-06,2.676961119779011,2.658851340285938,-0.0016826715137129309,0.0006518626286026803
X+,10.100000000000001,7.100000000000001,38.66670844100008,0.0,1.0933837358875322,0.00026114774850790386,0.0006519438625753831,0.16091530774333815,0.0003362877667845217,-0.0007889615942636317,1.0910071812336326,3.239517823034285e-06,-3.276178054559635e-06,0.16896394550741822,5.0359456629061586e-08,3.0154772784245983e-06,1.0913712232412285,-0.0010294267787687688,-0.0020368517042541607,0.2,0.0,0.0,0.0,0.0,2.962962962962963,2.962962962962963,6.990573512943854e-06,8.354750811179201e-06,2.676961119779011,2.658851340285938,-0.0016826715137129309,0.0006518626286026803
X+,10.100000000000001,7.100000000000001,38.697179116999905,0.0,1.0933837358875322,0.00026114774850790386,0.0006519438625753831,0.16091530774333815,0.0003362877667845217,-0.0007889615942636317,1.0910071812336326,3.239517823034285e-06,-3.276178054559635e-06,0.16896394550741822,5.0359456629061586e-08,3.0154772784245983e-06,1.0913712232412285,-0.0010294267787687688,-0.0020368517042541607,0.2,0.0,0.0,0.0,0.0,2.962962962962963,2.962962962962963,6.990573512943854e-06,8.354750811179201e-06,2.676961119779011,2.658851340285938,-0.0016826715137129309,0.0006518626286026803
X+,10.100000000000001,7.100000000000001,38.72224415399978,0.0,1.0953132740844609,0.00026244055819964283,0.00065010222648178,0.16012350726397323,0.00029332995696975935,-0.0006650707951613844,1.0910071812336326,3.239517823034285e-06,-3.276178054559635e-06,0.16896394550741822,5.0359456629061586e-08,3.0154772784245983e-06,1.0913712232412285,-0.0010294267787687688,-0.0020368517042541607,0.2,0.0,0.0,0.0,0.0,2.962962962962963,2.962962962962963,7.628327799658052e-06,5.045367585942984e-06,2.686105578652778,2.666378655315548,-0.0025715220831293104,0.0006505371822047391
X+,10.100000000000001,7.100000000000001,38.75083079799879,0.0,1.0978709113569753,0.0002634688981876729,0.000650455375953046,0.15901952855688012,0.0002913455314179677,-0.0006042382088066976,1.0910071812336326,3.239517823034285e-06,-3.276178054559635e-06,0.16896394550741822,5.0359456629061586e-08,3.0154772784245983e-06,1.0913712232412285,-0.0010294267787687688,-0.0020368517042541607,0.2,0.0,0.0,0.0,0.0,2.962962962962963,2.962962962962963,7.844948772373073e-06,5.170100433105063e-06,2.6912244103442253,2.6709180729932545,0.001805673017379778,0.0006505286965855618
X+,10.100000000000001,7.100000000000001,38.77426438999828,0.0,1.100252391100471,0.0002643757118505636,0.0006509890271483302,0.1579328083936503,0.00033433382156975637,-0.000782100899601645,1.0910071812336326,3.239517823034285e-06,-3.276178054559635e-06,0.16896394550741822,5.0359456629061586e-08,3.0154772784245983e-06,1.0913712232412285,-0.0010294267787687688,-0.0020368517042541607,0.2,0.0,0.0,0.0,0.0,2.962962962962963,2.962962962962963,8.233198684592935e-06,4.674338806687217e-06,2.7027679803051803,2.680148331426312,-3.873452549866131e-05,0.0006510789573717529
X+,10.100000000000001,7.100000000000001,38.805151677999675,0.0,1.1030882037054717,0.00026595943762775485,0.000648976453786913,0.15654838760401496,0.00025933747524247406,-0.0004746471028153753,1.1081517696863834,3.294124504210484e-06,-3.1729506843942487e-06,0.1714458845247979,1.1077540561916395e-06,1.0322737016538635e-06,1.108703133583091,-0.0010691605232785238,-0.0021846657091892934,0.2,0.0,0.0,0.0,0.0,2.962962962962963,2.962962962962963,8.639472929949932e-06,5.14094351800054e-06,2.709330922220168,2.686183453652546,-0.0003011519591984054,0.000648976453786913
X+,10.200000000000001,7.200000000000001,38.835764004998055,0.09999999999999964,1.106053706434176,0.00026689123029046205,0.0006503661928939964,0.15497850033459806,0.0003079571980572904,-0.0006517986283805796,1.1081517696863834,3.294124504210484e-06,-3.1729506843942487e-06,0.1714458845247979,1.1077540561916395e-06,1.0322737016538635e-06,1.108703133583091,-0.0010691605232785238,-0.0021846657091892934,0.2,0.0,0.0,0.0,0.0,2.962962962962963,2.962962962962963,9.064949158421598e-06,6.046073331766877e-06,2.7241164416116415,2.699253571766651,-0.0011770720010598349,0.0006498244480413648
X+,10.200000000000001,7.200000000000001,38.867728965000424,0.0,1.1088348266804267,0.00026828677953325344,0.0006492577924408772,0.1533722420815869,0.0002843765395346885,-0.0005762312694686094,1.1081517696863834,3.294124504210484e-06,-3.1729506843942487e-06,0.1714458845247979,1.1077540561916395e-06,1.0322737016538635e-06,1.108703133583091,-0.0010691605232785238,-0.0021846657091892934,0.2,0.0,0.0,0.0,0.0,2.962962962962963,2.962962962962963,9.511134823725342e-06,7.273626780879283e-06,2.7417061239674076,2.7145181558041043,-0.003948543185365134,0.0006496495384024926
X+,10.200000000000001,7.200000000000001,38.90319683100097,0.0,1.1092955109465457,0.0002685288740096872,0.0006489041645781075,0.15309110502897175,0.00026764073227997947,-0.0005019082549582283,1.1081517696863834,3.294124504210484e-06,-3.1729506843942487e-06,0.1714458845247979,1.1077540561916395e-06,1.0322737016538635e-06,1.108703133583091,-0.0010691605232785238,-0.0021846657091892934,0.2,0.0,0.0,0.0,0.0,2.962962962962963,2.962962962962963,9.813404405534243e-06,7.7158604581129e-06,2.751758560778631,2.7242794633882426,-0.003948543185365134,0.0006496495384024926
X+,10.200000000000001,7.200000000000001,38.94483777599817,0.0,1.1092955109465457,0.0002685288740096872,0.0006489041645781075,0.15309110502897175,0.00026764073227997947,-0.0005019082549582283,1.1081517696863834,3.294124504210484e-06,-3.1729506843942487e-06,0.1714458845247979,1.1077540561916395e-06,1.0322737016538635e-06,1.108703133583091,-0.0010691605232785238,-0.0021846657091892934,0.2,0.0,0.0,0.0,0.0,2.962962962962963,2.962962962962963,9.813404405534243e-06,7.7158604581129e-06,2.751758560778631,2.7242794633882426,-0.003948543185365134,0.0006496495384024926
X+,10.200000000000001,7.200000000000001,38.97688094100158,0.0,1.1092955109465457,0.0002685288740096872,0.0006489041645781075,0.15309110502897175,0.00026764073227997947,-0.0005019082549582283,1.1081517696863834,3.294124504210484e-06,-3.1729506843942487e-06,0.1714458845247979,1.1077540561916395e-06,1.0322737016538635e-06,1.108703133583091,-0.0010691605232785238,-0.0021846657091892934,0.2,0.0,0.0,0.0,0.0,2.962962962962963,2.962962962962963,9.813404405534243e-06,7.7158604581129e-06,2.751758560778631,2.7242794633882426,-0.003948543185365134,0.0006496495384024926
X+,10.200000000000001,7.200000000000001,39.00930349700138,0.0,1.1092955109465457,0.0002685288740096872,0.0006489041645781075,0.15309110502897175,0.00026764073227997947,-0.0005019082549582283,1.1081517696863834,3.294124504210484e-06,-3.1729506843942487e-06,0.1714458845247979,1.1077540561916395e-06,1.0322737016538635e-06,1.108703133583091,-0.0010691605232785238,-0.0021846657091892934,0.2,0.0,0.0,0.0,0.0,2.962962962962963,2.962962962962963,9.813404405534243e-06,7.7158604581129e-06,2.751758560778631,2.7242794633882426,-0.003948543185365134,0.0006496495384024926
X+,10.200000000000001,7.200000000000001,39.0406258160001,0.0,1.1092955109465457,0.0002685288740096872,0.0006489041645781075,0.15309110502897175,0.00026764073227997947,-0.0005019082549582283,1.1081517696863834,3.294124504210484e-06,-3.1729506843942487e-06,0.1714458845247979,1.1077540561916395e-06,1.0322737016538635e-06,1.108703133583091,-0.0010691605232785238,-0.0021846657091892934,0.2,0.0,0.0,0.0,0.0,2.962962962962963,2.962962962962963,9.813404405534243e-06,7.7158604581129e-06,2.751758560778631,2.7242794633882426,-0.003948543185365134,0.0006496495384024926
X+,10.200000000000001,7.200000000000001,39.077825101998314,0.0,1.1092955109465457,0.0002685288740096872,0.0006489041645781075,0.15309110502897175,0.00026764073227997947,-0.0005019082549582283,1.1081517696863834,3.294124504210484e-06,-3.1729506843942487e-06,0.1714458845247979,1.1077540561916395e-06,1.0322737016538635e-06,1.108703133583091,-0.0010691605232785238,-0.0021846657091892934,0.2,0.0,0.0,0.0,0.0,2.962962962962963,2.962962962962963,9.813404405534243e-06,7.7158604581129e-06,2.751758560778631,2.7242794633882426,-0.003948543185365134,0.0006496495384024926
X+,10.200000000000001,7.200000000000001,39.114498028000526,0.0,1.1092955109465457,0.0002685288740096872,0.0006489041645781075,0.15309110502897175,0.00026764073227997947,-0.0005019082549582283,1.1081517696863834,3.294124504210484e-06,-3.1729506843942487e-06,0.1714458845247979,1.1077540561916395e-06,1.0322737016538635e-06,1.108703133583091,-0.0010691605232785238,-0.0021846657091892934,0.2,0.0,0.0,0.0,0.0,2.962962962962963,2.962962962962963,9.813404405534243e-06,7.7158604581129e-06,2.751758560778631,2.7242794633882426,-0.003948543185365134,0.0006496495384024926
X+,10.200000000000001,7.200000000000001,39.17601557799935,0.0,1.1092955109465457,0.0002685288740096872,0.0006489041645781075,0.15309110502897175,0.00026764073227997947,-0.0005019082549582283,1.1081517696863834,3.294124504210484e-06,-3.1729506843942487e-06,0.1714458845247979,1.1077540561916395e-06,1.0322737016538635e-06,1.108703133583091,-0.0010691605232785238,-0.0021846657091892934,0.2,0.0,0.0,0.0,0.0,2.962962962962963,2.962962962962963,9.813404405534243e-06,7.7158604581129e-06,2.751758560778631,2.7242794633882426,-0.003948543185365134,0.0006496495384024926
X+,10.200000000000001,7.200000000000001,39.20640337800069,0.0,1.1092955109465457,0.0002685288740096872,0.0006489041645781075,0.15309110502897175,0.00026764073227997947,-0.0005019082549582283,1.1081517696863834,3.294124504210484e-06,-3.1729506843942487e-06,0.1714458845247979,1.1077540561916395e-06,1.0322737016538635e-06,1.108703133583091,-0.0010691605232785238,-0.0021846657091892934,0.2,0.0,0.0,0.0,0.0,2.962962962962963,2.962962962962963,9.813404405534243e-06,7.7158604581129e-06,2.751758560778631,2.7242794633882426,-0.003948543185365134,0.0006496495384024926
X+,10.200000000000001,7.200000000000001,39.234591903001274,0.0,1.1092955109465457,0.0002685288740096872,0.0006489041645781075,0.15309110502897175,0.00026764073227997947,-0.0005019082549582283,1.1081517696863834,3.294124504210484e-06,-3.1729506843942487e-06,0.1714458845247979,1.1077540561916395e-06,1.0322737016538635e-06,1.108703133583091,-0.0010691605232785238,-0.0021846657091892934,0.2,0.0,0.0,0.0,0.0,2.962962962962963,2.962962962962963,9.813404405534243e-06,7.7158604581129e-06,2.751758560778631,2.7242794633882426,-0.003948543185365134,0.0006496495384024926
X+,10.200000000000001,7.200000000000001,39.26191316399854,0.0,1.1092955109465457,0.0002685288740096872,0.0006489041645781075,0.15309110502897175,0.00026764073227997947,-0.0005019082549582283,1.1081517696863834,3.294124504210484e-06,-3.1729506843942487e-06,0.1714458845247979,1.1077540561916395e-06,1.0322737016538635e-06,1.108703133583091,-0.0010691605232785238,-0.0021846657091892934,0.2,0.0,0.0,0.0,0.0,2.962962962962963,2.962962962962963,9.813404405534243e-06,7.7158604581129e-06,2.751758560778631,2.7242794633882426,-0.003948543185365134,0.0006496495384024926
X+,10.200000000000001,7.200000000000001,39.29240006699911,0.0,1.1092955109465457,0.0002685288740096872,0.0006489041645781075,0.15309110502897175,0.00026764073227997947,-0.0005019082549582283,1.1081517696863834,3.294124504210484e-06,-3.1729506843942487e-06,0.1714458845247979,1.1077540561916395e-06,1.0322737016538635e-06,1.108703133583091,-0.0010691605232785238,-0.0021846657091892934,0.2,0.0,0.0,0.0,0.0,2.962962962962963,2.962962962962963,9.813404405534243e-06,7.7158604581129e-06,2.751758560778631,2.7242794633882426,-0.003948543185365134,0.0006496495384024926
X+,10.200000000000001,7.200000000000001,39.32172368399915,0.0,1.1092955109465457,0.0002685288740096872,0.0006489041645781075,0.15309110502897175,0.00026764073227997947,-0.0005019082549582283,1.1081517696863834,3.294124504210484e-06,-3.1729506843942487e-06,0.1714458845247979,1.1077540561916395e-06,1.0322737016538635e-06,1.108703133583091,-0.0010691605232785238,-0.0021846657091892934,0.2,0.0,0.0,0.0,0.0,2.962962962962963,2.962962962962963,9.813404405534243e-06,7.7158604581129e-06,2.751758560778631,2.7242794633882426,-0.003948543185365134,0.0006496495384024926
X+,10.200000000000001,7.200000000000001,39.355933381000796,0.0,1.1092955109465457,0.0002685288740096872,0.0006489041645781075,0.15309110502897175,0.00026764073227997947,-0.0005019082549582283,1.1081517696863834,3.294124504210484e-06,-3.1729506843942487e-06,0.1714458845247979,1.1077540561916395e-06,1.0322737016538635e-06,1.108703133583091,-0.0010691605232785238,-0.0021846657091892934,0.2,0.0,0.0,0.0,0.0,2.962962962962963,2.962962962962963,9.813404405534243e-06,7.7158604581129e-06,2.751758560778631,2.7242794633882426,-0.003948543185365134,0.0006496495384024926
X+,10.200000000000001,7.200000000000001,39.38340431599863,0.0,1.1112818809370757,0.0002691604723946235,0.0006497225043674333,0.1518258136966187,0.0002730082016857791,-0.00043732806630801584,1.1081517696863834,3.294124504210484e-06,-3.1729506843942487e-06,0.1714458845247979,1.1077540561916395e-06,1.0322737016538635e-06,1.108703133583091,-0.0010691605232785238,-0.0021846657091892934,0.2,0.0,0.0,0.0,0.0,2.962962962962963,2.962962962962963,9.916311230817598e-06,8.333995476839107e-06,2.762736345434759,2.734224509334244,0.0006943492039348826,0.000649078820073886
X+,10.200000000000001,7.200000000000001,39.40892392800015,0.0,1.1140042449733352,0.0002699817304967324,0.0006509641836198464,0.14993794082283177,0.000310674733950385,-0.0005531564564665895,1.1081517696863834,3.294124504210484e-06,-3.1729506843942487e-06,0.1714458845247979,1.1077540561916395e-06,1.0322737016538635e-06,1.108703133583091,-0.0010691605232785238,-0.0021846657091892934,0.2,0.0,0.0,0.0,0.0,2.962962962962963,2.962962962962963,1.0136046665998322e-05,9.869604715717628e-06,2.7879210430223957,2.756624669627428,0.0008216923753932205,0.0006506016710623409
X+,10.200000000000001,7.200000000000001,39.43622584900004,0.0,1.1163946271536516,0.0002708180003372449,0.0006518757082655463,0.14810811944191973,0.00032840230366860805,-0.0005613063333566596,1.1081517696863834,3.294124504210484e-06,-3.1729506843942487e-06,0.1714458845247979,1.1077540561916395e-06,1.0322737016538635e-06,1.108703133583091,-0.0010691605232785238,-0.0021846657091892934,0.2,0.0,0.0,0.0,0.0,2.962962962962963,2.962962962962963,1.0252166830149179e-05,1.0688484063159365e-05,2.8024544459684417,2.7696981832705307,-0.0006110205840777799,0.0006517824294115574
X+,10.200000000000001,7.200000000000001,39.46282837200124,0.0,1.1181676776284277,0.00027149691448351883,0.0006524858923212223,0.14662744591675544,0.00032653643798956686,-0.0005039201890188874,1.1258990758100367,3.4236104878135008e-06,-3.182213962011183e-06,0.17747306123153145,1.8579731071347037e-06,-9.263277616933846e-08,1.125870321724808,-0.0011043471489029792,-0.0021540429866964135,0.2,0.0,0.0,0.0,0.0,2.962962962962963,2.962962962962963,1.038639358075244e-05,1.1536527671829333e-05,2.8184327068442325,2.7842831409763162,-0.002766242206198693,0.0006522602843159476
X+,10.3,7.300000000000001,39.493253886001185,0.09999999999999964,1.119776997176683,0.0002720918524972771,0.0006532416422033351,0.14517776715955844,0.0003259766290135336,-0.0004391903503738451,1.1258990758100367,3.4236104878135008e-06,-3.182213962011183e-06,0.17747306123153145,1.8579731071347037e-06,-9.263277616933846e-08,1.125870321724808,-0.0011043471489029792,-0.0021540429866964135,0.2,0.0,0.0,0.0,0.0,2.962962962962963,2.962962962962963,1.0638625076886399e-05,1.340564069174377e-05,2.8553281024740036,2.818600955754751,-0.0005950126211772351,0.0006528756262641986
X+,10.3,7.300000000000001,39.51956168000106,0.0,1.1226604462268897,0.0002731547290083366,0.0006549798866777321,0.14228390143361697,0.00032772618886357785,-0.00029872135647752686,1.1258990758100367,3.4236104878135008e-06,-3.182213962011183e-06,0.17747306123153145,1.8579731071347037e-06,-9.263277616933846e-08,1.125870321724808,-0.0011043471489029792,-0.0021540429866964135,0.2,0.0,0.0,0.0,0.0,2.962962962962963,2.962962962962963,1.0875749616445773e-05,1.5564370172249653e-05,2.8995798387512983,2.8604550568424147,-0.0008809371954317544,0.0006545105670868182
X+,10.3,7.300000000000001,39.556140193999454,0.0,1.1245024639021222,0.00027386314811624415,0.0006563413550551844,0.1402014682261234,0.00032617043336295693,-0.0001716972538054566,1.1258990758100367,3.4236104878135008e-06,-3.182213962011183e-06,0.17747306123153145,1.8579731071347037e-06,-9.263277616933846e-08,1.125870321724808,-0.0011043471489029792,-0.0021540429866964135,0.2,0.0,0.0,0.0,0.0,2.962962962962963,2.962962962962963,1.100012994736943e-05,1.6765635709070636e-05,2.9245639586679575,2.884392124825908,-0.0026499498200608738,0.0006554715925228967
X+,10.3,7.300000000000001,39.58328646700102,0.0,1.1245024639021222,0.00027386314811624415,0.0006563413550551844,0.1402014682261234,0.00032617043336295693,-0.0001716972538054566,1.1258990758100367,3.4236104878135008e-06,-3.182213962011183e-06,0.17747306123153145,1.8579731071347037e-06,-9.263277616933846e-08,1.125870321724808,-0.0011043471489029792,-0.0021540429866964135,0.2,0.0,0.0,0.0,0.0,2.962962962962963,2.962962962962963,1.100012994736943e-05,1.6765635709070636e-05,2.9245639586679575,2.884392124825908,-0.0026499498200608738,0.0006554715925228967
X+,10.3,7.300000000000001,39.607935686999554,0.0,1.1245024639021222,0.00027386314811624415,0.0006563413550551844,0.1402014682261234,0.00032617043336295693,-0.0001716972538054566,1.1258990758100367,3.4236104878135008e-06,-3.182213962011183e-06,0.17747306123153145,1.8579731071347037e-06,-9.263277616933846e-08,1.125870321724808,-0.0011043471489029792,-0.0021540429866964135,0.2,0.0,0.0,0.0,0.0,2.962962962962963,2.962962962962963,1.100012994736943e-05,1.6765635709070636e-05,2.9245639586679575,2.884392124825908,-0.0026499498200608738,0.0006554715925228967
X+,10.3,7.300000000000001,39.63188579100097,0.0,1.1245024639021222,0.00027386314811624415,0.0006563413550551844,0.1402014682261234,0.00032617043336295693,-0.0001716972538054566,1.1258990758100367,3.4236104878135008e-06,-3.182213962011183e-06,0.17747306123153145,1.8579731071347037e-06,-9.263277616933846e-08,1.125870321724808,-0.0011043471489029792,-0.0021540429866964135,0.2,0.0,0.0,0.0,0.0,2.962962962962963,2.962962962962963,1.100012994736943e-05,1.6765635709070636e-05,2.9245639586679575,2.884392124825908,-0.0026499498200608738,0.0006554715925228967
X+,10.3,7.300000000000001,39.65902932099925,0.0,1.1245024639021222,0.00027386314811624415,0.0006563413550551844,0.1402014682261234,0.00032617043336295693,-0.0001716972538054566,1.1258990758100367,3.4236104878135008e-06,-3.182213962011183e-06,0.17747306123153145,1.8579731071347037e-06,-9.263277616933846e-08,1.125870321724808,-0.0011043471489029792,-0.0021540429866964135,0.2,0.0,0.0,0.0,0.0,2.962962962962963,2.962962962962963,1.100012994736943e-05,1.6765635709070636e-05,2.9245639586679575,2.884392124825908,-0.0026499498200608738,0.0006554715925228967
X+,10.3,7.300000000000001,39.69252334599878,0.0,1.1245024639021222,0.00027386314811624415,0.0006563413550551844,0.1402014682261234,0.00032617043336295693,-0.0001716972538054566,1.1258990758100367,3.4236104878135008e-06,-3.182213962011183e-06,0.17747306123153145,1.8579731071347037e-06,-9.263277616933846e-08,1.125870321724808,-0.0011043471489029792,-0.0021540429866964135,0.2,0.0,0.0,0.0,0.0,2.962962962962963,2.962962962962963,1.100012994736943e-05,1.6765635709070636e-05,2.9245639586679575,2.884392124825908,-0.0026499498200608738,0.0006554715925228967
X+,10.3,7.300000000000001,39.72023937099948,0.0,1.1245024639021222,0.00027386314811624415,0.0006563413550551844,0.1402014682261234,0.00032617043336295693,-0.0001716972538054566,1.1258990758100367,3.4236104878135008e-06,-3.182213962011183e-06,0.17747306123153145,1.8579731071347037e-06,-9.263277616933846e-08,1.125870321724808,-0.0011043471489029792,-0.0021540429866964135,0.2,0.0,0.0,0.0,0.0,2.962962962962963,2.962962962962963,1.100012994736943e-05,1.6765635709070636e-05,2.9245639586679575,2.884392124825908,-0.0026499498200608738,0.0006554715925228967
X+,10.3,7.300000000000001,39.748041310998815,0.0,1.1245024639021222,0.00027386314811624415,0.0006563413550551844,0.1402014682261234,0.00032617043336295693,-0.0001716972538054566,1.1258990758100367,3.4236104878135008e-06,-3.182213962011183e-06,0.17747306123153145,1.8579731071347037e-06,-9.263277616933846e-08,1.125870321724808,-0.0011043471489029792,-0.0021540429866964135,0.2,0.0,0.0,0.0,0.0,2.962962962962963,2.962962962962963,1.100012994736943e-05,1.6765635709070636e-05,2.9245639586679575,2.884392124825908,-0.0026499498200608738,0.0006554715925228967
X+,10.3,7.300000000000001,39.77957676399819,0.0,1.1245024639021222,0.00027386314811624415,0.0006563413550551844,0.1402014682261234,0.00032617043336295693,-0.0001716972538054566,1.1258990758100367,3.4236104878135008e-06,-3.182213962011183e-06,0.17747306123153145,1.8579731071347037e-06,-9.263277616933846e-08,1.125870321724808,-0.0011043471489029792,-0.0021540429866964135,0.2,0.0,0.0,0.0,0.0,2.962962962962963,2.962962962962963,1.100012994736943e-05,1.6765635709070636e-05,2.9245639586679575,2.884392124825908,-0.0026499498200608738,0.0006554715925228967
X+,10.3,7.300000000000001,39.80697994399816,0.0,1.1245024639021222,0.00027386314811624415,0.0006563413550551844,0.1402014682261234,0.00032617043336295693,-0.0001716972538054566,1.1258990758100367,3.4236104878135008e-06,-3.182213962011183e-06,0.17747306123153145,1.8579731071347037e-06,-9.263277616933846e-08,1.125870321724808,-0.0011043471489029792,-0.0021540429866964135,0.2,0.0,0.0,0.0,0.0,2.962962962962963,2.962962962962963,1.100012994736943e-05,1.6765635709070636e-05,2.9245639586679575,2.884392124825908,-0.0026499498200608738,0.0006554715925228967
X+,10.3,7.300000000000001,39.841394155999296,0.0,1.1245024639021222,0.00027386314811624415,0.0006563413550551844,0.1402014682261234,0.00032617043336295693,-0.0001716972538054566,1.1258990758100367,3.4236104878135008e-06,-3.182213962011183e-06,0.17747306123153145,1.8579731071347037e-06,-9.263277616933846e-08,1.125870321724808,-0.0011043471489029792,-0.0021540429866964135,0.2,0.0,0.0,0.0,0.0,2.962962962962963,2.962962962962963,1.100012994736943e-05,1.6765635709070636e-05,2.9245639586679575,2.884392124825908,-0.0026499498200608738,0.0006554715925228967
X+,10.3,7.300000000000001,39.86771038000006,0.0,1.1260393855788289,0.00027445642775415,0.0006576186435639338,0.13830312511509243,0.0003232453853019181,-4.12949459625647e-05,1.1258990758100367,3.4236104878135008e-06,-3.182213962011183e-06,0.17747306123153145,1.8579731071347037e-06,-9.263277616933846e-08,1.125870321724808,-0.0011043471489029792,-0.0021540429866964135,0.2,0.0,0.0,0.0,0.0,2.962962962962963,2.962962962962963,1.1135869258716014e-05,1.8043194808470275e-05,2.9512104692696175,2.9100823295694584,0.0002043310158184323,0.0006566945782589175
X+,10.3,7.300000000000001,39.89281737000056,0.0,1.128507602057481,0.00027547646271857545,0.0006599208216678884,0.13491663738353032,0.00031412988543384616,0.00023705043240979104,1.1258990758100367,3.4236104878135008e-06,-3.182213962011183e-06,0.17747306123153145,1.8579731071347037e-06,-9.263277616933846e-08,1.125870321724808,-0.0011043471489029792,-0.0021540429866964135,0.2,0.0,0.0,0.0,0.0,2.962962962962963,2.962962962962963,1.1469341595571336e-05,2.0808172577879702e-05,3.0077131745892287,2.9642012384548138,-0.00029676516383752053,0.000659133658997795
X+,10.3,7.300000000000001,39.95326254899919,0.0,1.1301182473147686,0.0002761850694096759,0.0006615530166857893,0.1324738883481608,0.00030339663170862063,0.00047019947555340127,1.1258990758100367,3.4236104878135008e-06,-3.182213962011183e-06,0.17747306123153145,1.8579731071347037e-06,-9.263277616933846e-08,1.125870321724808,-0.0011043471489029792,-0.0021540429866964135,0.2,0.0,0.0,0.0,0.0,2.962962962962963,2.962962962962963,1.1684164333836122e-05,2.2275965663176578e-05,3.035667933740965,2.9901557682208364,-0.0007492857501387757,0.0006605938643123927
X+,10.3,7.300000000000001,40.01961826000115,0.0,1.131044117441523,0.0002766408499390322,0.0006623597050588237,0.13099102741553284,0.0003059882990438746,0.0005718738348317949,1.1258990758100367,3.4236104878135008e-06,-3.182213962011183e-06,0.17747306123153145,1.8579731071347037e-06,-9.263277616933846e-08,1.125870321724808,-0.0011043471489029792,-0.0021540429866964135,0.2,0.0,0.0,0.0,0.0,2.962962962962963,2.962962962962963,1.1908214884392976e-05,2.389033331873236e-05,3.061188634754069,3.012563680667539,0.0003014508114500922,0.0006618698055689889
X+,10.4,7.4,40.06880457900115,0.09999999999999964,1.1337584502390023,0.0002779030005369415,0.0006649230274454876,0.1263878653513339,0.00033341265654090356,0.0008498172628916294,1.145243976932226,3.7073827228336215e-06,-3.5592424414212353e-06,0.1934490112118836,3.4533184946333693e-06,-3.770284794100527e-06,1.1300193519188417,-0.0011164902251660069,-0.002276755509532881,0.2,0.0,0.0,0.0,0.0,2.962962962962963,2.962962962962963,1.2281476339026653e-05,2.6624046880030505e-05,3.097523194603776,3.0360269639781037,0.003861014695561534,0.0006644501914668221
X+,10.4,7.4,40.096648053000536,0.0,1.135884915853294,0.00027897773268601746,0.0006666378459303739,0.12268298063883802,0.0003364468315521607,0.0010041569799203484,1.145243976932226,3.7073827228336215e-06,-3.5592424414212353e-06,0.1934490112118836,3.4533184946333693e-06,-3.770284794100527e-06,1.1300193519188417,-0.0011164902251660069,-0.002276755509532881,0.2,0.0,0.0,0.0,0.0,2.962962962962963,2.962962962962963,1.2405966161033177e-05,2.7554552366026996e-05,3.103276056293111,3.0318366891411723,-0.003091848619889445,0.0006665857866757235
X+,10.4,7.4,40.128546525000274,0.0,1.1371068252303724,0.00027924913478086927,0.0006667418262437941,0.1206202828026318,0.0003334243975550264,0.0010850337765096138,1.145243976932226,3.7073827228336215e-06,-3.5592424414212353e-06,0.1934490112118836,3.4533184946333693e-06,-3.770284794100527e-06,1.1300193519188417,-0.0011164902251660069,-0.002276755509532881,0.2,0.0,0.0,0.0,0.0,2.962962962962963,2.962962962962963,1.2545878807834754e-05,2.801152795939288e-05,3.0975420831109437,3.014089870309525,-0.0005489027233979509,0.0006667418262437941
X+,10.4,7.4,40.15674561099877,0.0,1.1371068252303724,0.00027924913478086927,0.0006667418262437941,0.1206202828026318,0.0003334243975550264,0.0010850337765096138,1.145243976932226,3.7073827228336215e-06,-3.5592424414212353e-06,0.1934490112118836,3.4533184946333693e-06,-3.770284794100527e-06,1.1300193519188417,-0.0011164902251660069,-0.002276755509532881,0.2,0.0,0.0,0.0,0.0,2.962962962962963,2.962962962962963,1.2545878807834754e-05,2.801152795939288e-05,3.0975420831109437,3.014089870309525,-0.0005489027233979509,0.0006667418262437941
X+,10.4,7.4,40.18398816500121,0.0,1.1371068252303724,0.00027924913478086927,0.0006667418262437941,0.1206202828026318,0.0003334243975550264,0.0010850337765096138,1.145243976932226,3.7073827228336215e-06,-3.5592424414212353e-06,0.1934490112118836,3.4533184946333693e-06,-3.770284794100527e-06,1.1300193519188417,-0.0011164902251660069,-0.002276755509532881,0.2,0.0,0.0,0.0,0.0,2.962962962962963,2.962962962962963,1.2545878807834754e-05,2.801152795939288e-05,3.0975420831109437,3.014089870309525,-0.0005489027233979509,0.0006667418262437941
X+,10.4,7.4,40.21319886499987,0.0,1.1371068252303724,0.00027924913478086927,0.0006667418262437941,0.1206202828026318,0.0003334243975550264,0.0010850337765096138,1.145243976932226,3.7073827228336215e-06,-3.5592424414212353e-06,0.1934490112118836,3.4533184946333693e-06,-3.770284794100527e-06,1.1300193519188417,-0.0011164902251660069,-0.002276755509532881,0.2,0.0,0.0,0.0,0.0,2.962962962962963,2.962962962962963,1.2545878807834754e-05,2.801152795939288e-05,3.0975420831109437,3.014089870309525,-0.0005489027233979509,0.0006667418262437941
X+,10.4,7.4,40.257775453999784,0.0,1.1371068252303724,0.00027924913478086927,0.0006667418262437941,0.1206202828026318,0.0003334243975550264,0.0010850337765096138,1.145243976932226,3.7073827228336215e-06,-3.5592424414212353e-06,0.1934490112118836,3.4533184946333693e-06,-3.770284794100527e-06,1.1300193519188417,-0.0011164902251660069,-0.002276755509532881,0.2,0.0,0.0,0.0,0.0,2.962962962962963,2.962962962962963,1.2545878807834754e-05,2.801152795939288e-05,3.0975420831109437,3.014089870309525,-0.0005489027233979509,0.0006667418262437941
X+,10.4,7.4,40.288808435001556,0.0,1.1371068252303724,0.00027924913478086927,0.0006667418262437941,0.1206202828026318,0.0003334243975550264,0.0010850337765096138,1.145243976932226,3.7073827228336215e-06,-3.5592424414212353e-06,0.1934490112118836,3.4533184946333693e-06,-3.770284794100527e-06,1.1300193519188417,-0.0011164902251660069,-0.002276755509532881,0.2,0.0,0.0,0.0,0.0,2.962962962962963,2.962962962962963,1.2545878807834754e-05,2.801152795939288e-05,3.0975420831109437,3.014089870309525,-0.0005489027233979509,0.0006667418262437941
X+,10.4,7.4,40.32076845800111,0.0,1.1371068252303724,0.00027924913478086927,0.0006667418262437941,0.1206202828026318,0.0003334243975550264,0.0010850337765096138,1.145243976932226,3.7073827228336215e-06,-3.5592424414212353e-06,0.1934490112118836,3.4533184946333693e-06,-3.770284794100527e-06,1.1300193519188417,-0.0011164902251660069,-0.002276755509532881,0.2,0.0,0.0,0.0,0.0,2.962962962962963,2.962962962962963,1.2545878807834754e-05,2.801152795939288e-05,3.0975420831109437,3.014089870309525,-0.0005489027233979509,0.0006667418262437941
X+,10.4,7.4,40.35248668499844,0.0,1.1371068252303724,0.00027924913478086927,0.0006667418262437941,0.1206202828026318,0.0003334243975550264,0.0010850337765096138,1.145243976932226,3.7073827228336215e-06,-3.5592424414212353e-06,0.1934490112118836,3.4533184946333693e-06,-3.770284794100527e-06,1.1300193519188417,-0.0011164902251660069,-0.002276755509532881,0.2,0.0,0.0,0.0,0.0,2.962962962962963,2.962962962962963,1.2545878807834754e-05,2.801152795939288e-05,3.0975420831109437,3.014089870309525,-0.0005489027233979509,0.0006667418262437941
X+,10.4,7.4,40.37940494299983,0.0,1.1371068252303724,0.00027924913478086927,0.0006667418262437941,0.1206202828026318,0.0003334243975550264,0.0010850337765096138,1.145243976932226,3.7073827228336215e-06,-3.5592424414212353e-06,0.1934490112118836,3.4533184946333693e-06,-3.770284794100527e-06,1.1300193519188417,-0.0011164902251660069,-0.002276755509532881,0.2,0.0,0.0,0.0,0.0,2.962962962962963,2.962962962962963,1.2545878807834754e-05,2.801152795939288e-05,3.0975420831109437,3.014089870309525,-0.0005489027233979509,0.0006667418262437941
X+,10.4,7.4,40.40595381800085,0.0,1.1371068252303724,0.00027924913478086927,0.0006667418262437941,0.1206202828026318,0.0003334243975550264,0.0010850337765096138,1.145243976932226,3.7073827228336215e-06,-3.5592424414212353e-06,0.1934490112118836,3.4533184946333693e-06,-3.770284794100527e-06,1.1300193519188417,-0.0011164902251660069,-0.002276755509532881,0.2,0.0,0.0,0.0,0.0,2.962962962962963,2.962962962962963,1.2545878807834754e-05,2.801152795939288e-05,3.0975420831109437,3.014089870309525,-0.0005489027233979509,0.0006667418262437941
X+,10.4,7.4,40.43285868499879,0.0,1.1371068252303724,0.00027924913478086927,0.0006667418262437941,0.1206202828026318,0.0003334243975550264,0.0010850337765096138,1.145243976932226,3.7073827228336215e-06,-3.5592424414212353e-06,0.1934490112118836,3.4533184946333693e-06,-3.770284794100527e-06,1.1300193519188417,-0.0011164902251660069,-0.002276755509532881,0.2,0.0,0.0,0.0,0.0,2.962962962962963,2.962962962962963,1.2545878807834754e-05,2.801152795939288e-05,3.0975420831109437,3.014089870309525,-0.0005489027233979509,0.0006667418262437941
X+,10.4,7.4,40.463137391998316,0.0,1.1371068252303724,0.00027924913478086927,0.0006667418262437941,0.1206202828026318,0.0003334243975550264,0.0010850337765096138,1.145243976932226,3.7073827228336215e-06,-3.5592424414212353e-06,0.1934490112118836,3.4533184946333693e-06,-3.770284794100527e-06,1.1300193519188417,-0.0011164902251660069,-0.002276755509532881,0.2,0.0,0.0,0.0,0.0,2.962962962962963,2.962962962962963,1.2545878807834754e-05,2.801152795939288e-05,3.0975420831109437,3.014089870309525,-0.0005489027233979509,0.0006667418262437941
X+,10.4,7.4,40.50072776199886,0.0,1.1371068252303724,0.00027924913478086927,0.0006667418262437941,0.1206202828026318,0.0003334243975550264,0.0010850337765096138,1.145243976932226,3.7073827228336215e-06,-3.5592424414212353e-06,0.1934490112118836,3.4533184946333693e-06,-3.770284794100527e-06,1.1300193519188417,-0.0011164902251660069,-0.002276755509532881,0.2,0.0,0.0,0.0,0.0,2.962962962962963,2.962962962962963,1.2545878807834754e-05,2.801152795939288e-05,3.0975420831109437,3.014089870309525,-0.0005489027233979509,0.0006667418262437941
X+,10.4,7.4,40.527813425000204,0.0,1.1371068252303724,0.00027924913478086927,0.0006667418262437941,0.1206202828026318,0.0003334243975550264,0.0010850337765096138,1.145243976932226,3.7073827228336215e-06,-3.5592424414212353e-06,0.1934490112118836,3.4533184946333693e-06,-3.770284794100527e-06,1.1300193519188417,-0.0011164902251660069,-0.002276755509532881,0.2,0.0,0.0,0.0,0.0,2.962962962962963,2.962962962962963,1.2545878807834754e-05,2.801152795939288e-05,3.0975420831109437,3.014089870309525,-0.0005489027233979509,0.0006667418262437941
X+,10.4,7.4,40.55570060500031,0.0,1.1389022822082906,0.0002795352409530171,0.000666245816286714,0.11782680564439188,0.00041460875106677937,0.0012383337089348103,1.145243976932226,3.7073827228336215e-06,-3.5592424414212353e-06,0.1934490112118836,3.4533184946333693e-06,-3.770284794100527e-06,1.1300193519188417,-0.0011164902251660069,-0.002276755509532881,0.2,0.0,0.0,0.0,0.0,2.962962962962963,2.962962962962963,1.2489559955142226e-05,2.6264852042601206e-05,3.0464991496867575,2.9363918236327224,0.003195471466492611,0.0006664673106375705
X+,10.4,7.4,40.58441972899891,0.0,1.1411202949650865,0.00027799441622341266,0.0006656951582827803,0.1149517252176819,0.00024289446361463253,0.0010943250824565266,1.145243976932226,3.7073827228336215e-06,-3.5592424414212353e-06,0.1934490112118836,3.4533184946333693e-06,-3.770284794100527e-06,1.1300193519188417,-0.0011164902251660069,-0.002276755509532881,0.2,0.0,0.0,0.0,0.0,2.962962962962963,2.962962962962963,1.0141844945188438e-05,1.5907186341479473e-05,2.935065254732258,2.8292764550492793,0.002904263866007492,0.0006659631601165424
X+,10.4,7.4,40.62413564400049,0.0,1.1430617512071346,0.0002782773157995744,0.0006687366328187965,0.11327431857422188,0.00048649632850710953,0.0009063818661271819,1.1631334745506159,3.5583297281098997e-06,-2.9122102520138703e-06,0.1788949761880712,-8.537993554383467e-07,6.47032189407365e-06,1.1641194718507317,-0.0011873735192650802,-0.0020197403911108593,0.2,0.0,0.0,0.0,0.0,2.962962962962963,2.962962962962963,-2.8912739153952316e-06,-1.4020100869593932e-05,2.762789970141854,2.644333991551499,0.0016569828058369848,0.0006689059313206788
X+,10.5,7.5,40.65685257799851,0.09999999999999964,1.1455465407828866,0.0002718999583635794,0.0006834340164486605,0.11308600900142106,-0.0007194249394618711,0.0028690296999659935,1.1631334745506159,3.5583297281098997e-06,-2.9122102520138703e-06,0.1788949761880712,-8.537993554383467e-07,6.47032189407365e-06,1.1641194718507317,-0.0011873735192650802,-0.0020197403911108593,0.2,0.0,0.0,0.0,0.0,2.962962962962963,2.962962962962963,-6.6131334461871916e-06,4.377122446719284e-06,2.5099755961708046,2.2671673101877152,0.0005672613016103389,0.0006696450379454618
X+,10.5,7.5,40.68573742599983,0.0,1.1478508848046163,0.0002613970018346375,0.0007972708822622027,0.11709427198373133,0.0009790314908812076,0.005528543357656255,1.1631334745506159,3.5583297281098997e-06,-2.9122102520138703e-06,0.1788949761880712,-8.537993554383467e-07,6.47032189407365e-06,1.1641194718507317,-0.0011873735192650802,-0.0020197403911108593,0.2,0.0,0.0,0.0,0.0,2.962962962962963,2.962962962962963,2.554876770588521e-06,2.3715531968449e-05,2.088306412254675,1.8440987107326985,0.009821566278214733,0.0007415054345273235
X+,10.5,7.5,40.715151951000735,0.0,1.1494049822363372,0.0002698426190626017,0.0008197918241293596,0.12130923034613483,0.0006211419793181153,0.0005738944074347293,1.1631334745506159,3.5583297281098997e-06,-2.9122102520138703e-06,0.1788949761880712,-8.537993554383467e-07,6.47032189407365e-06,1.1641194718507317,-0.0011873735192650802,-0.0020197403911108593,0.2,0.0,0.0,0.0,0.0,2.962962962962963,2.962962962962963,7.877521254862074e-06,2.7612109852803712e-05,1.9249585010031611,1.7036549442996307,0.001940477366829149,0.0008198199854202306
X+,10.5,7.5,40.751266349001526,0.0,1.150515033049464,0.00027123778140142503,0.0008141134888183091,0.12466402733884534,0.00022101472619535158,-0.0005246151447999362,1.1631334745506159,3.5583297281098997e-06,-2.9122102520138703e-06,0.1788949761880712,-8.537993554383467e-07,6.47032189407365e-06,1.1641194718507317,-0.0011873735192650802,-0.0020197403911108593,0.2,0.0,0.0,0.0,0.0,2.962962962962963,2.962962962962963,1.064367539616029e-05,2.804500536335297e-05,1.780970837539813,1.623113300472593,-0.0004143803070277664,0.0008141134888183091
X+,10.5,7.5,40.777550753999094,0.0,1.150515033049464,0.00027123778140142503,0.0008141134888183091,0.12466402733884534,0.00022101472619535158,-0.0005246151447999362,1.1631334745506159,3.5583297281098997e-06,-2.9122102520138703e-06,0.1788949761880712,-8.537993554383467e-07,6.47032189407365e-06,1.1641194718507317,-0.0011873735192650802,-0.0020197403911108593,0.2,0.0,0.0,0.0,0.0,2.962962962962963,2.962962962962963,1.064367539616029e-05,2.804500536335297e-05,1.780970837539813,1.623113300472593,-0.0004143803070277664,0.0008141134888183091
X+,10.5,7.5,40.803338621000876,0.0,1.150515033049464,0.00027123778140142503,0.0008141134888183091,0.12466402733884534,0.00022101472619535158,-0.0005246151447999362,1.1631334745506159,3.5583297281098997e-06,-2.9122102520138703e-06,0.1788949761880712,-8.537993554383467e-07,6.47032189407365e-06,1.1641194718507317,-0.0011873735192650802,-0.0020197403911108593,0.2,0.0,0.0,0.0,0.0,2.962962962962963,2.962962962962963,1.064367539616029e-05,2.804500536335297e-05,1.780970837539813,1.623113300472593,-0.0004143803070277664,0.0008141134888183091
X+,10.5,7.5,40.83182738599862,0.0,1.150515033049464,0.00027123778140142503,0.0008141134888183091,0.12466402733884534,0.00022101472619535158,-0.0005246151447999362,1.1631334745506159,3.5583297281098997e-06,-2.9122102520138703e-06,0.1788949761880712,-8.537993554383467e-07,6.47032189407365e-06,1.1641194718507317,-0.0011873735192650802,-0.0020197403911108593,0.2,0.0,0.0,0.0,0.0,2.962962962962963,2.962962962962963,1.064367539616029e-05,2.804500536335297e-05,1.780970837539813,1.623113300472593,-0.0004143803070277664,0.0008141134888183091
X+,10.5,7.5,40.86149297099837,0.0,1.150515033049464,0.00027123778140142503,0.0008141134888183091,0.12466402733884534,0.00022101472619535158,-0.0005246151447999362,1.1631334745506159,3.5583297281098997e-06,-2.9122102520138703e-06,0.1788949761880712,-8.537993554383467e-07,6.47032189407365e-06,1.1641194718507317,-0.0011873735192650802,-0.0020197403911108593,0.2,0.0,0.0,0.0,0.0,2.962962962962963,2.962962962962963,1.064367539616029e-05,2.804500536335297e-05,1.780970837539813,1.623113300472593,-0.0004143803070277664,0.0008141134888183091
X+,10.5,7.5,40.89130028799991,0.0,1.150515033049464,0.00027123778140142503,0.0008141134888183091,0.12466402733884534,0.00022101472619535158,-0.0005246151447999362,1.1631334745506159,3.5583297281098997e-06,-2.9122102520138703e-06,0.1788949761880712,-8.537993554383467e-07,6.47032189407365e-06,1.1641194718507317,-0.0011873735192650802,-0.0020197403911108593,0.2,0.0,0.0,0.0,0.0,2.962962962962963,2.962962962962963,1.064367539616029e-05,2.804500536335297e-05,1.780970837539813,1.623113300472593,-0.0004143803070277664,0.0008141134888183091
X+,10.5,7.5,40.9178291749995,0.0,1.150515033049464,0.00027123778140142503,0.0008141134888183091,0.12466402733884534,0.00022101472619535158,-0.0005246151447999362,1.1631334745506159,3.5583297281098997e-06,-2.9122102520138703e-06,0.1788949761880712,-8.537993554383467e-07,6.47032189407365e-06,1.1641194718507317,-0.0011873735192650802,-0.0020197403911108593,0.2,0.0,0.0,0.0,0.0,2.962962962962963,2.962962962962963,1.064367539616029e-05,2.804500536335297e-05,1.780970837539813,1.623113300472593,-0.0004143803070277664,0.0008141134888183091
X+,10.5,7.5,40.94346049299929,0.0,1.150515033049464,0.00027123778140142503,0.0008141134888183091,0.12466402733884534,0.00022101472619535158,-0.0005246151447999362,1.1631334745506159,3.5583297281098997e-06,-2.9122102520138703e-06,0.1788949761880712,-8.537993554383467e-07,6.47032189407365e-06,1.1641194718507317,-0.0011873735192650802,-0.0020197403911108593,0.2,0.0,0.0,0.0,0.0,2.962962962962963,2.962962962962963,1.064367539616029e-05,2.804500536335297e-05,1.780970837539813,1.623113300472593,-0.0004143803070277664,0.0008141134888183091
X+,10.5,7.5,40.96960860299805,0.0,1.150515033049464,0.00027123778140142503,0.0008141134888183091,0.12466402733884534,0.00022101472619535158,-0.0005246151447999362,1.1631334745506159,3.5583297281098997e-06,-2.9122102520138703e-06,0.1788949761880712,-8.537993554383467e-07,6.47032189407365e-06,1.1641194718507317,-0.0011873735192650802,-0.0020197403911108593,0.2,0.0,0.0,0.0,0.0,2.962962962962963,2.962962962962963,1.064367539616029e-05,2.804500536335297e-05,1.780970837539813,1.623113300472593,-0.0004143803070277664,0.0008141134888183091
X+,10.5,7.5,40.99826662600026,0.0,1.150515033049464,0.00027123778140142503,0.0008141134888183091,0.12466402733884534,0.00022101472619535158,-0.0005246151447999362,1.1631334745506159,3.5583297281098997e-06,-2.9122102520138703e-06,0.1788949761880712,-8.537993554383467e-07,6.47032189407365e-06,1.1641194718507317,-0.0011873735192650802,-0.0020197403911108593,0.2,0.0,0.0,0.0,0.0,2.962962962962963,2.962962962962963,1.064367539616029e-05,2.804500536335297e-05,1.780970837539813,1.623113300472593,-0.0004143803070277664,0.0008141134888183091
X+,10.5,7.5,41.029487067000446,0.0,1.150515033049464,0.00027123778140142503,0.0008141134888183091,0.12466402733884534,0.00022101472619535158,-0.0005246151447999362,1.1631334745506159,3.5583297281098997e-06,-2.9122102520138703e-06,0.1788949761880712,-8.537993554383467e-07,6.47032189407365e-06,1.1641194718507317,-0.0011873735192650802,-0.0020197403911108593,0.2,0.0,0.0,0.0,0.0,2.962962962962963,2.962962962962963,1.064367539616029e-05,2.804500536335297e-05,1.780970837539813,1.623113300472593,-0.0004143803070277664,0.0008141134888183091
X+,10.5,7.5,41.06350575599936,0.0,1.1515277606151968,0.0002719344883284659,0.0008101748259888179,0.12785050120395455,0.00021804374299548823,-0.00015265356482395536,1.1631334745506159,3.5583297281098997e-06,-2.9122102520138703e-06,0.1788949761880712,-8.537993554383467e-07,6.47032189407365e-06,1.1641194718507317,-0.0011873735192650802,-0.0020197403911108593,0.2,0.0,0.0,0.0,0.0,2.962962962962963,2.962962962962963,1.0931679956804885e-05,2.6091823588814123e-05,1.6893769815575215,1.5709855903114807,-0.0004143803070277664,0.0008141134888183091
X+,10.5,7.5,41.09484760600026,0.0,1.1541741009489508,0.00027410369761057905,0.0008041092753319073,0.13636466190932325,0.0003610048523728972,-0.0003035373663474611,1.1631334745506159,3.5583297281098997e-06,-2.9122102520138703e-06,0.1788949761880712,-8.537993554383467e-07,6.47032189407365e-06,1.1641194718507317,-0.0011873735192650802,-0.0020197403911108593,0.2,0.0,0.0,0.0,0.0,2.962962962962963,2.962962962962963,8.20053477834648e-06,2.1131041228805714e-05,1.5815892953402975,1.4757209568409015,-0.0024472513575796383,0.0008063959906976282
X+,10.5,7.5,41.12077623699952,0.0,1.155561985415566,0.00027567592501334236,0.0008009275532428502,0.14119162253330494,0.00016822183628163205,-0.0003387683355712641,1.1728710077029625,3.6706005581396242e-06,-3.1055513539555218e-06,0.0973753315197838,1.4062857390479713e-06,-1.933411019416514e-06,1.183840664083402,-0.001227885537559815,-0.0018682676063459527,0.2,0.0,0.0,0.0,0.0,2.962962962962963,2.962962962962963,6.5163613403029785e-06,1.916297223569785e-05,1.5388689997408649,1.514439860905585,0.00017430840413317611,0.0008027103940397923
X+,10.600000000000001,7.600000000000001,41.14464931600014,0.10000000000000142,1.1583185441985104,0.0002781240205837459,0.0007962712903621091,0.14908378864614277,0.00042073628213727194,-0.0004901996295359904,1.1728710077029625,3.6706005581396242e-06,-3.1055513539555218e-06,0.0973753315197838,1.4062857390479713e-06,-1.933411019416514e-06,1.183840664083402,-0.001227885537559815,-0.0018682676063459527,0.2,0.0,0.0,0.0,0.0,2.962962962962963,2.962962962962963,-5.801062112453792e-06,1.4732988550036907e-05,1.5070854409210876,1.635844490345948,-0.001353303806492478,0.0007978665343455909
X+,10.600000000000001,7.600000000000001,41.180182487998536,0.0,1.1609110452749831,0.0002798093737739083,0.0007936895439735458,0.15570337698367173,0.00045202961655711564,-0.0006711232141983804,1.1728710077029625,3.6706005581396242e-06,-3.1055513539555218e-06,0.0973753315197838,1.4062857390479713e-06,-1.933411019416514e-06,1.183840664083402,-0.001227885537559815,-0.0018682676063459527,0.2,0.0,0.0,0.0,0.0,2.962962962962963,2.962962962962963,7.824270015888146e-06,1.2601161909486791e-05,1.5729258707408702,1.6987069087637676,-0.0015820312904261209,0.0007942425817391795
X+,10.600000000000001,7.600000000000001,41.20906405500136,0.0,1.1631256016577758,0.0002814710354746685,0.0007910085618241874,0.16082888980067592,0.00044259992539327634,-0.0007281191678237806,1.1728710077029625,3.6706005581396242e-06,-3.1055513539555218e-06,0.0973753315197838,1.4062857390479713e-06,-1.933411019416514e-06,1.183840664083402,-0.001227885537559815,-0.0018682676063459527,0.2,0.0,0.0,0.0,0.0,2.962962962962963,2.962962962962963,5.591042179453609e-06,8.92037629274256e-06,1.711055103747799,1.8268004990806261,-0.0020393106298283266,0.0007922093657118683
X+,10.600000000000001,7.600000000000001,41.23515262000001,0.0,1.1631256016577758,0.0002814710354746685,0.0007910085618241874,0.16082888980067592,0.00044259992539327634,-0.0007281191678237806,1.1728710077029625,3.6706005581396242e-06,-3.1055513539555218e-06,0.0973753315197838,1.4062857390479713e-06,-1.933411019416514e-06,1.183840664083402,-0.001227885537559815,-0.0018682676063459527,0.2,0.0,0.0,0.0,0.0,2.962962962962963,2.962962962962963,5.591042179453609e-06,8.92037629274256e-06,1.711055103747799,1.8268004990806261,-0.0020393106298283266,0.0007922093657118683
X+,10.600000000000001,7.600000000000001,41.264573183998436,0.0,1.1631256016577758,0.0002814710354746685,0.0007910085618241874,0.16082888980067592,0.00044259992539327634,-0.0007281191678237806,1.1728710077029625,3.6706005581396242e-06,-3.1055513539555218e-06,0.0973753315197838,1.4062857390479713e-06,-1.933411019416514e-06,1.183840664083402,-0.001227885537559815,-0.0018682676063459527,0.2,0.0,0.0,0.0,0.0,2.962962962962963,2.962962962962963,5.591042179453609e-06,8.92037629274256e-06,1.711055103747799,1.8268004990806261,-0.0020393106298283266,0.0007922093657118683
X+,10.600000000000001,7.600000000000001,41.298913792998064,0.0,1.1631256016577758,0.0002814710354746685,0.0007910085618241874,0.16082888980067592,0.00044259992539327634,-0.0007281191678237806,1.1728710077029625,3.6706005581396242e-06,-3.1055513539555218e-06,0.0973753315197838,1.4062857390479713e-06,-1.933411019416514e-06,1.183840664083402,-0.001227885537559815,-0.0018682676063459527,0.2,0.0,0.0,0.0,0.0,2.962962962962963,2.962962962962963,5.591042179453609e-06,8.92037629274256e-06,1.711055103747799,1.8268004990806261,-0.0020393106298283266,0.0007922093657118683
X+,10.600000000000001,7.600000000000001,41.324270221000916,0.0,1.1631256016577758,0.0002814710354746685,0.0007910085618241874,0.16082888980067592,0.00044259992539327634,-0.0007281191678237806,1.1728710077029625,3.6706005581396242e-06,-3.1055513539555218e-06,0.0973753315197838,1.4062857390479713e-06,-1.933411019416514e-06,1.183840664083402,-0.001227885537559815,-0.0018682676063459527,0.2,0.0,0.0,0.0,0.0,2.962962962962963,2.962962962962963,5.591042179453609e-06,8.92037629274256e-06,1.711055103747799,1.8268004990806261,-0.0020393106298283266,0.0007922093657118683
X+,10.600000000000001,7.600000000000001,41.35298040199996,0.0,1.1631256016577758,0.0002814710354746685,0.0007910085618241874,0.16082888980067592,0.00044259992539327634,-0.0007281191678237806,1.1728710077029625,3.6706005581396242e-06,-3.1055513539555218e-06,0.0973753315197838,1.4062857390479713e-06,-1.933411019416514e-06,1.183840664083402,-0.001227885537559815,-0.0018682676063459527,0.2,0.0,0.0,0.0,0.0,2.962962962962963,2.962962962962963,5.591042179453609e-06,8.92037629274256e-06,1.711055103747799,1.8268004990806261,-0.0020393106298283266,0.0007922093657118683
X+,10.600000000000001,7.600000000000001,41.39009260699822,0.0,1.1631256016577758,0.0002814710354746685,0.0007910085618241874,0.16082888980067592,0.00044259992539327634,-0.0007281191678237806,1.1728710077029625,3.6706005581396242e-06,-3.1055513539555218e-06,0.0973753315197838,1.4062857390479713e-06,-1.933411019416514e-06,1.183840664083402,-0.001227885537559815,-0.0018682676063459527,0.2,0.0,0.0,0.0,0.0,2.962962962962963,2.962962962962963,5.591042179453609e-06,8.92037629274256e-06,1.711055103747799,1.8268004990806261,-0.0020393106298283266,0.0007922093657118683
X+,10.600000000000001,7.600000000000001,41.424177468998096,0.0,1.1631256016577758,0.0002814710354746685,0.0007910085618241874,0.16082888980067592,0.00044259992539327634,-0.0007281191678237806,1.1728710077029625,3.6706005581396242e-06,-3.1055513539555218e-06,0.0973753315197838,1.4062857390479713e-06,-1.933411019416514e-06,1.183840664083402,-0.001227885537559815,-0.0018682676063459527,0.2,0.0,0.0,0.0,0.0,2.962962962962963,2.962962962962963,5.591042179453609e-06,8.92037629274256e-06,1.711055103747799,1.8268004990806261,-0.0020393106298283266,0.0007922093657118683
X+,10.600000000000001,7.600000000000001,41.45142280800064,0.0,1.1631256016577758,0.0002814710354746685,0.0007910085618241874,0.16082888980067592,0.00044259992539327634,-0.0007281191678237806,1.1728710077029625,3.6706005581396242e-06,-3.1055513539555218e-06,0.0973753315197838,1.4062857390479713e-06,-1.933411019416514e-06,1.183840664083402,-0.001227885537559815,-0.0018682676063459527,0.2,0.0,0.0,0.0,0.0,2.962962962962963,2.962962962962963,5.591042179453609e-06,8.92037629274256e-06,1.711055103747799,1.8268004990806261,-0.0020393106298283266,0.0007922093657118683
X+,10.600000000000001,7.600000000000001,41.483570838998276,0.0,1.1631256016577758,0.0002814710354746685,0.0007910085618241874,0.16082888980067592,0.00044259992539327634,-0.0007281191678237806,1.1728710077029625,3.6706005581396242e-06,-3.1055513539555218e-06,0.0973753315197838,1.4062857390479713e-06,-1.933411019416514e-06,1.183840664083402,-0.001227885537559815,-0.0018682676063459527,0.2,0.0,0.0,0.0,0.0,2.962962962962963,2.962962962962963,5.591042179453609e-06,8.92037629274256e-06,1.711055103747799,1.8268004990806261,-0.0020393106298283266,0.0007922093657118683
X+,10.600000000000001,7.600000000000001,41.51046760100144,0.0,1.1631256016577758,0.0002814710354746685,0.0007910085618241874,0.16082888980067592,0.00044259992539327634,-0.0007281191678237806,1.1728710077029625,3.6706005581396242e-06,-3.1055513539555218e-06,0.0973753315197838,1.4062857390479713e-06,-1.933411019416514e-06,1.183840664083402,-0.001227885537559815,-0.0018682676063459527,0.2,0.0,0.0,0.0,0.0,2.962962962962963,2.962962962962963,5.591042179453609e-06,8.92037629274256e-06,1.711055103747799,1.8268004990806261,-0.0020393106298283266,0.0007922093657118683
X+,10.600000000000001,7.600000000000001,41.53682796599969,0.0,1.1631256016577758,0.0002814710354746685,0.0007910085618241874,0.16082888980067592,0.00044259992539327634,-0.0007281191678237806,1.1728710077029625,3.6706005581396242e-06,-3.1055513539555218e-06,0.0973753315197838,1.4062857390479713e-06,-1.933411019416514e-06,1.183840664083402,-0.001227885537559815,-0.0018682676063459527,0.2,0.0,0.0,0.0,0.0,2.962962962962963,2.962962962962963,5.591042179453609e-06,8.92037629274256e-06,1.711055103747799,1.8268004990806261,-0.0020393106298283266,0.0007922093657118683
X+,10.600000000000001,7.600000000000001,41.56074628799979,0.0,1.1631256016577758,0.0002814710354746685,0.0007910085618241874,0.16082888980067592,0.00044259992539327634,-0.0007281191678237806,1.1728710077029625,3.6706005581396242e-06,-3.1055513539555218e-06,0.0973753315197838,1.4062857390479713e-06,-1.933411019416514e-06,1.183840664083402,-0.001227885537559815,-0.0018682676063459527,0.2,0.0,0.0,0.0,0.0,2.962962962962963,2.962962962962963,5.591042179453609e-06,8.92037629274256e-06,1.711055103747799,1.8268004990806261,-0.0020393106298283266,0.0007922093657118683
X+,10.600000000000001,7.600000000000001,41.59101356099927,0.0,1.1631256016577758,0.0002814710354746685,0.0007910085618241874,0.16082888980067592,0.00044259992539327634,-0.0007281191678237806,1.1728710077029625,3.6706005581396242e-06,-3.1055513539555218e-06,0.0973753315197838,1.4062857390479713e-06,-1.933411019416514e-06,1.183840664083402,-0.001227885537559815,-0.0018682676063459527,0.2,0.0,0.0,0.0,0.0,2.962962962962963,2.962962962962963,5.591042179453609e-06,8.92037629274256e-06,1.711055103747799,1.8268004990806261,-0.0020393106298283266,0.0007922093657118683
X+,10.600000000000001,7.600000000000001,41.61931262500002,0.0,1.1632862971241549,0.00028158352366526584,0.0007908356598968491,0.16082888980067592,0.00044259992539327634,-0.0007281191678237806,1.1728710077029625,3.6706005581396242e-06,-3.1055513539555218e-06,0.0973753315197838,1.4062857390479713e-06,-1.933411019416514e-06,1.183840664083402,-0.001227885537559815,-0.0018682676063459527,0.2,0.0,0.0,0.0,0.0,2.962962962962963,2.962962962962963,5.591042179453609e-06,8.92037629274256e-06,1.711055103747799,1.8268004990806261,-0.004149980030820127,0.0007904695153424324
X+,10.600000000000001,7.600000000000001,41.65185089100123,0.0,1.1663969064024153,0.0002837317561495845,0.0007875384067517677,0.16638194524401737,0.00043672759586935704,-0.0008048804469917199,1.1728710077029625,3.6706005581396242e-06,-3.1055513539555218e-06,0.0973753315197838,1.4062857390479713e-06,-1.933411019416514e-06,1.183840664083402,-0.001227885537559815,-0.0018682676063459527,0.2,0.0,0.0,0.0,0.0,2.962962962962963,2.962962962962963,5.136310283759826e-06,6.110805706782685e-06,1.846468995499004,1.9493539308086583,-0.0013341930565224083,0.000788761887993389
X+,10.600000000000001,7.600000000000001,41.680255972998566,0.0,1.1697747783420478,0.0002859872099506,0.0007840828364037509,0.17118064766988372,0.00042650124300449465,-0.0008465619293604563,1.1728710077029625,3.6706005581396242e-06,-3.1055513539555218e-06,0.0973753315197838,1.4062857390479713e-06,-1.933411019416514e-06,1.183840664083402,-0.001227885537559815,-0.0018682676063459527,0.2,0.0,0.0,0.0,0.0,2.962962962962963,2.962962962962963,4.690554153974347e-06,5.770788645165226e-06,1.9698561934969911,2.060457310067388,0.0017251853120608153,0.0007852918126405374
X+,10.600000000000001,7.600000000000001,41.712384462000045,0.0,1.1728891868028872,0.0002882573951655965,0.0007810740525371065,0.17468470640654965,0.0003814936750221257,-0.0007818606421949954,1.1860463482237211,3.691736643653442e-06,-3.137672434311611e-06,0.13175340520629492,6.205278210671717e-07,-3.212108035608909e-07,1.1815612581539172,-0.0012274209412392225,-0.0022823980730914952,0.2,0.0,0.0,0.0,0.0,2.962962962962963,2.962962962962963,-5.4955268709022675e-06,-5.5054978123081355e-06,2.0781934445611054,2.1577087900261835,-0.0013244083318764577,0.0007815500231870219
X+,10.700000000000001,7.700000000000001,41.7457590160011,0.09999999999999964,1.1760605443092074,0.000290392039101247,0.0007785375208361243,0.1775161395805208,0.0003914100501605324,-0.000642345485452937,1.1860463482237211,3.691736643653442e-06,-3.137672434311611e-06,0.13175340520629492,6.205278210671717e-07,-3.212108035608909e-07,1.1815612581539172,-0.0012274209412392225,-0.0022823980730914952,0.2,0.0,0.0,0.0,0.0,2.962962962962963,2.962962962962963,-3.886622844895271e-06,-4.978871415595165e-06,2.126508407530879,2.201292687045445,-0.0031826641443579023,0.0007788730084540965
X+,10.700000000000001,7.700000000000001,41.78158026899837,0.0,1.179637480277354,0.00029288450090095806,0.000779208792150238,0.17998577689232934,0.00042573762985659156,-0.0006421913869820832,1.1860463482237211,3.691736643653442e-06,-3.137672434311611e-06,0.13175340520629492,6.205278210671717e-07,-3.212108035608909e-07,1.1815612581539172,-0.0012274209412392225,-0.0022823980730914952,0.2,0.0,0.0,0.0,0.0,2.962962962962963,2.962962962962963,-3.612901768867971e-06,-5.022349599315135e-06,2.2120947150579786,2.2785190883466027,-0.0008353644198638346,0.0007791356125269813
X+,10.700000000000001,7.700000000000001,41.81415693099916,0.0,1.1805389700767954,0.00029373458748713915,0.0007785959178894412,0.1805036831520139,0.0004107158843917114,-0.0006817895136739783,1.1860463482237211,3.691736643653442e-06,-3.137672434311611e-06,0.13175340520629492,6.205278210671717e-07,-3.212108035608909e-07,1.1815612581539172,-0.0012274209412392225,-0.0022823980730914952,0.2,0.0,0.0,0.0,0.0,2.962962962962963,2.962962962962963,-3.7444134273201257e-06,-5.438866641505058e-06,2.2504704182758486,2.3129353714081904,-0.0008353644198638346,0.0007791356125269813
X+,10.700000000000001,7.700000000000001,41.84455994900054,0.0,1.1805389700767954,0.00029373458748713915,0.0007785959178894412,0.1805036831520139,0.0004107158843917114,-0.0006817895136739783,1.1860463482237211,3.691736643653442e-06,-3.137672434311611e-06,0.13175340520629492,6.205278210671717e-07,-3.212108035608909e-07,1.1815612581539172,-0.0012274209412392225,-0.0022823980730914952,0.2,0.0,0.0,0.0,0.0,2.962962962962963,2.962962962962963,-3.7444134273201257e-06,-5.438866641505058e-06,2.2504704182758486,2.3129353714081904,-0.0008353644198638346,0.0007791356125269813
X+,10.700000000000001,7.700000000000001,41.872871784999006,0.0,1.1805389700767954,0.00029373458748713915,0.0007785959178894412,0.1805036831520139,0.0004107158843917114,-0.0006817895136739783,1.1860463482237211,3.691736643653442e-06,-3.137672434311611e-06,0.13175340520629492,6.205278210671717e-07,-3.212108035608909e-07,1.1815612581539172,-0.0012274209412392225,-0.0022823980730914952,0.2,0.0,0.0,0.0,0.0,2.962962962962963,2.962962962962963,-3.7444134273201257e-06,-5.438866641505058e-06,2.2504704182758486,2.3129353714081904,-0.0008353644198638346,0.0007791356125269813
X+,10.700000000000001,7.700000000000001,41.90629134399933,0.0,1.1805389700767954,0.00029373458748713915,0.0007785959178894412,0.1805036831520139,0.0004107158843917114,-0.0006817895136739783,1.1860463482237211,3.691736643653442e-06,-3.137672434311611e-06,0.13175340520629492,6.205278210671717e-07,-3.212108035608909e-07,1.1815612581539172,-0.0012274209412392225,-0.0022823980730914952,0.2,0.0,0.0,0.0,0.0,2.962962962962963,2.962962962962963,-3.7444134273201257e-06,-5.438866641505058e-06,2.2504704182758486,2.3129353714081904,-0.0008353644198638346,0.0007791356125269813
X+,10.700000000000001,7.700000000000001,41.932968117998826,0.0,1.1805389700767954,0.00029373458748713915,0.0007785959178894412,0.1805036831520139,0.0004107158843917114,-0.0006817895136739783,1.1860463482237211,3.691736643653442e-06,-3.137672434311611e-06,0.13175340520629492,6.205278210671717e-07,-3.212108035608909e-07,1.1815612581539172,-0.0012274209412392225,-0.0022823980730914952,0.2,0.0,0.0,0.0,0.0,2.962962962962963,2.962962962962963,-3.7444134273201257e-06,-5.438866641505058e-06,2.2504704182758486,2.3129353714081904,-0.0008353644198638346,0.0007791356125269813
X+,10.700000000000001,7.700000000000001,41.963506391999545,0.0,1.1805389700767954,0.00029373458748713915,0.0007785959178894412,0.1805036831520139,0.0004107158843917114,-0.0006817895136739783,1.1860463482237211,3.691736643653442e-06,-3.137672434311611e-06,0.13175340520629492,6.205278210671717e-07,-3.212108035608909e-07,1.1815612581539172,-0.0012274209412392225,-0.0022823980730914952,0.2,0.0,0.0,0.0,0.0,2.962962962962963,2.962962962962963,-3.7444134273201257e-06,-5.438866641505058e-06,2.2504704182758486,2.3129353714081904,-0.0008353644198638346,0.0007791356125269813
X+,10.700000000000001,7.700000000000001,41.99475044399878,0.0,1.1805389700767954,0.00029373458748713915,0.0007785959178894412,0.1805036831520139,0.0004107158843917114,-0.0006817895136739783,1.1860463482237211,3.691736643653442e-06,-3.137672434311611e-06,0.13175340520629492,6.205278210671717e-07,-3.212108035608909e-07,1.1815612581539172,-0.0012274209412392225,-0.0022823980730914952,0.2,0.0,0.0,0.0,0.0,2.962962962962963,2.962962962962963,-3.7444134273201257e-06,-5.438866641505058e-06,2.2504704182758486,2.3129353714081904,-0.0008353644198638346,0.0007791356125269813
X+,10.700000000000001,7.700000000000001,42.02778186299838,0.0,1.1805389700767954,0.00029373458748713915,0.0007785959178894412,0.1805036831520139,0.0004107158843917114,-0.0006817895136739783,1.1860463482237211,3.691736643653442e-06,-3.137672434311611e-06,0.13175340520629492,6.205278210671717e-07,-3.212108035608909e-07,1.1815612581539172,-0.0012274209412392225,-0.0022823980730914952,0.2,0.0,0.0,0.0,0.0,2.962962962962963,2.962962962962963,-3.7444134273201257e-06,-5.438866641505058e-06,2.2504704182758486,2.3129353714081904,-0.0008353644198638346,0.0007791356125269813
X+,10.700000000000001,7.700000000000001,42.06298853299813,0.0,1.1805389700767954,0.00029373458748713915,0.0007785959178894412,0.1805036831520139,0.0004107158843917114,-0.0006817895136739783,1.1860463482237211,3.691736643653442e-06,-3.137672434311611e-06,0.13175340520629492,6.205278210671717e-07,-3.212108035608909e-07,1.1815612581539172,-0.0012274209412392225,-0.0022823980730914952,0.2,0.0,0.0,0.0,0.0,2.962962962962963,2.962962962962963,-3.7444134273201257e-06,-5.438866641505058e-06,2.2504704182758486,2.3129353714081904,-0.0008353644198638346,0.0007791356125269813
X+,10.700000000000001,7.700000000000001,42.09601536300033,0.0,1.1805389700767954,0.00029373458748713915,0.0007785959178894412,0.1805036831520139,0.0004107158843917114,-0.0006817895136739783,1.1860463482237211,3.691736643653442e-06,-3.137672434311611e-06,0.13175340520629492,6.205278210671717e-07,-3.212108035608909e-07,1.1815612581539172,-0.0012274209412392225,-0.0022823980730914952,0.2,0.0,0.0,0.0,0.0,2.962962962962963,2.962962962962963,-3.7444134273201257e-06,-5.438866641505058e-06,2.2504704182758486,2.3129353714081904,-0.0008353644198638346,0.0007791356125269813
X+,10.700000000000001,7.700000000000001,42.12361677199806,0.0,1.1805389700767954,0.00029373458748713915,0.0007785959178894412,0.1805036831520139,0.0004107158843917114,-0.0006817895136739783,1.1860463482237211,3.691736643653442e-06,-3.137672434311611e-06,0.13175340520629492,6.205278210671717e-07,-3.212108035608909e-07,1.1815612581539172,-0.0012274209412392225,-0.0022823980730914952,0.2,0.0,0.0,0.0,0.0,2.962962962962963,2.962962962962963,-3.7444134273201257e-06,-5.438866641505058e-06,2.2504704182758486,2.3129353714081904,-0.0008353644198638346,0.0007791356125269813
X+,10.700000000000001,7.700000000000001,42.14658847199826,0.0,1.1827123694819845,0.0002953753563760958,0.0007780784973238817,0.18159921683856406,0.00038885486425737975,-0.0006526290947768273,1.1860463482237211,3.691736643653442e-06,-3.137672434311611e-06,0.13175340520629492,6.205278210671717e-07,-3.212108035608909e-07,1.1815612581539172,-0.0012274209412392225,-0.0022823980730914952,0.2,0.0,0.0,0.0,0.0,2.962962962962963,2.962962962962963,-4.009625498291314e-06,-5.624000014137209e-06,2.2854625183162285,2.343975118259863,-0.006511557403083846,0.0007782793030172459
X+,10.700000000000001,7.700000000000001,42.175415367000824,0.0,1.1852630545213962,0.0002973376532724222,0.0007772400478205876,0.18263875659838938,0.0003629362365238221,-0.0005473697624526859,1.1860463482237211,3.691736643653442e-06,-3.137672434311611e-06,0.13175340520629492,6.205278210671717e-07,-3.212108035608909e-07,1.1815612581539172,-0.0012274209412392225,-0.0022823980730914952,0.2,0.0,0.0,0.0,0.0,2.962962962962963,2.962962962962963,-4.134450459325478e-06,-5.538235444468853e-06,2.317421893336781,2.372461309732746,-0.0024138564547494063,0.0007772641005650564
X+,10.700000000000001,7.700000000000001,42.205862088001595,0.0,1.1880102457161679,0.0002993304939765103,0.0007769360499783856,0.18350150901432227,0.00035401495243176013,-0.0005464945276699871,1.1860463482237211,3.691736643653442e-06,-3.137672434311611e-06,0.13175340520629492,6.205278210671717e-07,-3.212108035608909e-07,1.1815612581539172,-0.0012274209412392225,-0.0022823980730914952,0.2,0.0,0.0,0.0,0.0,2.962962962962963,2.962962962962963,-4.3330976664535115e-06,-5.451601327699507e-06,2.373270234983637,2.422060416750755,0.002128087116501206,0.000777133846352384
X+,10.700000000000001,7.700000000000001,42.239804414999526,0.0,1.1902162834175645,0.000300892497412354,0.0007767876393953391,0.18402805461134553,0.00035666695605972,-0.000560266859330318,1.2013194763489996,3.56900618393879e-06,-3.1066708412939914e-06,0.15273128125588448,-7.480838660973086e-07,3.1001593017619087e-07,1.1861949645660852,-0.001237437651092328,-0.002302360757919786,0.2,0.0,0.0,0.0,0.0,2.962962962962963,2.962962962962963,-4.3553074213775744e-06,-5.431982772030608e-06,2.397538718111469,2.4435030656670116,-0.0009643718057277289,0.0007767805547953156
X+,10.8,7.800000000000001,42.26399061900156,0.09999999999999964,1.1933506957211757,0.0003031683021117856,0.0007764610041284343,0.18455773926438176,0.0003580171015104694,-0.0005975254783131766,1.2013194763489996,3.56900618393879e-06,-3.1066708412939914e-06,0.15273128125588448,-7.480838660973086e-07,3.1001593017619087e-07,1.1861949645660852,-0.001237437651092328,-0.002302360757919786,0.2,0.0,0.0,0.0,0.0,2.962962962962963,2.962962962962963,-4.3052188800629665e-06,-5.3937127804104534e-06,2.439770984153925,2.480597953891437,-0.0017576272019683703,0.0007764710270323354
X+,10.8,7.800000000000001,42.2897324580008,0.0,1.1964922931767414,0.000305499300269527,0.0007759503179303282,0.1848689702527517,0.0003497027761104533,-0.0005972190721391697,1.2013194763489996,3.56900618393879e-06,-3.1066708412939914e-06,0.15273128125588448,-7.480838660973086e-07,3.1001593017619087e-07,1.1861949645660852,-0.001237437651092328,-0.002302360757919786,0.2,0.0,0.0,0.0,0.0,2.962962962962963,2.962962962962963,-4.230808676730646e-06,-5.3662754506689225e-06,2.4580442651118912,2.4965507028699117,0.0002825231312282051,0.0007759771089789139
X+,10.8,7.800000000000001,42.32434551999904,0.0,1.1998227361221787,0.00030791375958586983,0.0007756092315990981,0.1849982788846121,0.00035208511690364435,-0.0006139782205621688,1.2013194763489996,3.56900618393879e-06,-3.1066708412939914e-06,0.15273128125588448,-7.480838660973086e-07,3.1001593017619087e-07,1.1861949645660852,-0.001237437651092328,-0.002302360757919786,0.2,0.0,0.0,0.0,0.0,2.962962962962963,2.962962962962963,-4.0230255349271715e-06,-5.331618002202276e-06,2.489681425300097,2.5239618136971216,-0.000639332984971588,0.0007757515110578305
X+,10.8,7.800000000000001,42.354734579999786,0.0,1.1998227361221787,0.00030791375958586983,0.0007756092315990981,0.1849982788846121,0.00035208511690364435,-0.0006139782205621688,1.2013194763489996,3.56900618393879e-06,-3.1066708412939914e-06,0.15273128125588448,-7.480838660973086e-07,3.1001593017619087e-07,1.1861949645660852,-0.001237437651092328,-0.002302360757919786,0.2,0.0,0.0,0.0,0.0,2.962962962962963,2.962962962962963,-4.0230255349271715e-06,-5.331618002202276e-06,2.489681425300097,2.5239618136971216,-0.002865005941803055,0.0007756092315990981
X+,10.8,7.800000000000001,42.38033722600085,0.0,1.1998227361221787,0.00030791375958586983,0.0007756092315990981,0.1849982788846121,0.00035208511690364435,-0.0006139782205621688,1.2013194763489996,3.56900618393879e-06,-3.1066708412939914e-06,0.15273128125588448,-7.480838660973086e-07,3.1001593017619087e-07,1.1861949645660852,-0.001237437651092328,-0.002302360757919786,0.2,0.0,0.0,0.0,0.0,2.962962962962963,2.962962962962963,-4.0230255349271715e-06,-5.331618002202276e-06,2.489681425300097,2.5239618136971216,-0.002865005941803055,0.0007756092315990981
X+,10.8,7.800000000000001,42.40765506000025,0.0,1.1998227361221787,0.00030791375958586983,0.0007756092315990981,0.1849982788846121,0.00035208511690364435,-0.0006139782205621688,1.2013194763489996,3.56900618393879e-06,-3.1066708412939914e-06,0.15273128125588448,-7.480838660973086e-07,3.1001593017619087e-07,1.1861949645660852,-0.001237437651092328,-0.002302360757919786,0.2,0.0,0.0,0.0,0.0,2.962962962962963,2.962962962962963,-4.0230255349271715e-06,-5.331618002202276e-06,2.489681425300097,2.5239618136971216,-0.002865005941803055,0.0007756092315990981
X+,10.8,7.800000000000001,42.43741214599868,0.0,1.1998227361221787,0.00030791375958586983,0.0007756092315990981,0.1849982788846121,0.00035208511690364435,-0.0006139782205621688,1.2013194763489996,3.56900618393879e-06,-3.1066708412939914e-06,0.15273128125588448,-7.480838660973086e-07,3.1001593017619087e-07,1.1861949645660852,-0.001237437651092328,-0.002302360757919786,0.2,0.0,0.0,0.0,0.0,2.962962962962963,2.962962962962963,-4.0230255349271715e-06,-5.331618002202276e-06,2.489681425300097,2.5239618136971216,-0.002865005941803055,0.0007756092315990981
X+,10.8,7.800000000000001,42.467733934001444,0.0,1.1998227361221787,0.00030791375958586983,0.0007756092315990981,0.1849982788846121,0.00035208511690364435,-0.0006139782205621688,1.2013194763489996,3.56900618393879e-06,-3.1066708412939914e-06,0.15273128125588448,-7.480838660973086e-07,3.1001593017619087e-07,1.1861949645660852,-0.001237437651092328,-0.002302360757919786,0.2,0.0,0.0,0.0,0.0,2.962962962962963,2.962962962962963,-4.0230255349271715e-06,-5.331618002202276e-06,2.489681425300097,2.5239618136971216,-0.002865005941803055,0.0007756092315990981
X+,10.8,7.800000000000001,42.50724549200095,0.0,1.1998227361221787,0.00030791375958586983,0.0007756092315990981,0.1849982788846121,0.00035208511690364435,-0.0006139782205621688,1.2013194763489996,3.56900618393879e-06,-3.1066708412939914e-06,0.15273128125588448,-7.480838660973086e-07,3.1001593017619087e-07,1.1861949645660852,-0.001237437651092328,-0.002302360757919786,0.2,0.0,0.0,0.0,0.0,2.962962962962963,2.962962962962963,-4.0230255349271715e-06,-5.331618002202276e-06,2.489681425300097,2.5239618136971216,-0.002865005941803055,0.0007756092315990981
X+,10.8,7.800000000000001,42.54228754699943,0.0,1.1998227361221787,0.00030791375958586983,0.0007756092315990981,0.1849982788846121,0.00035208511690364435,-0.0006139782205621688,1.2013194763489996,3.56900618393879e-06,-3.1066708412939914e-06,0.15273128125588448,-7.480838660973086e-07,3.1001593017619087e-07,1.1861949645660852,-0.001237437651092328,-0.002302360757919786,0.2,0.0,0.0,0.0,0.0,2.962962962962963,2.962962962962963,-4.0230255349271715e-06,-5.331618002202276e-06,2.489681425300097,2.5239618136971216,-0.002865005941803055,0.0007756092315990981
X+,10.8,7.800000000000001,42.57592093600033,0.0,1.1998227361221787,0.00030791375958586983,0.0007756092315990981,0.1849982788846121,0.00035208511690364435,-0.0006139782205621688,1.2013194763489996,3.56900618393879e-06,-3.1066708412939914e-06,0.15273128125588448,-7.480838660973086e-07,3.1001593017619087e-07,1.1861949645660852,-0.001237437651092328,-0.002302360757919786,0.2,0.0,0.0,0.0,0.0,2.962962962962963,2.962962962962963,-4.0230255349271715e-06,-5.331618002202276e-06,2.489681425300097,2.5239618136971216,-0.002865005941803055,0.0007756092315990981
X+,10.8,7.800000000000001,42.602364401998784,0.0,1.1998227361221787,0.00030791375958586983,0.0007756092315990981,0.1849982788846121,0.00035208511690364435,-0.0006139782205621688,1.2013194763489996,3.56900618393879e-06,-3.1066708412939914e-06,0.15273128125588448,-7.480838660973086e-07,3.1001593017619087e-07,1.1861949645660852,-0.001237437651092328,-0.002302360757919786,0.2,0.0,0.0,0.0,0.0,2.962962962962963,2.962962962962963,-4.0230255349271715e-06,-5.331618002202276e-06,2.489681425300097,2.5239618136971216,-0.002865005941803055,0.0007756092315990981
X+,10.8,7.800000000000001,42.63181728299969,0.0,1.1998227361221787,0.00030791375958586983,0.0007756092315990981,0.1849982788846121,0.00035208511690364435,-0.0006139782205621688,1.2013194763489996,3.56900618393879e-06,-3.1066708412939914e-06,0.15273128125588448,-7.480838660973086e-07,3.1001593017619087e-07,1.1861949645660852,-0.001237437651092328,-0.002302360757919786,0.2,0.0,0.0,0.0,0.0,2.962962962962963,2.962962962962963,-4.0230255349271715e-06,-5.331618002202276e-06,2.489681425300097,2.5239618136971216,-0.002865005941803055,0.0007756092315990981
X+,10.8,7.800000000000001,42.66320099299992,0.0,1.1998227361221787,0.00030791375958586983,0.0007756092315990981,0.1849982788846121,0.00035208511690364435,-0.0006139782205621688,1.2013194763489996,3.56900618393879e-06,-3.1066708412939914e-06,0.15273128125588448,-7.480838660973086e-07,3.1001593017619087e-07,1.1861949645660852,-0.001237437651092328,-0.002302360757919786,0.2,0.0,0.0,0.0,0.0,2.962962962962963,2.962962962962963,-4.0230255349271715e-06,-5.331618002202276e-06,2.489681425300097,2.5239618136971216,-0.002865005941803055,0.0007756092315990981
X+,10.8,7.800000000000001,42.690300354999636,0.0,1.1998227361221787,0.00030791375958586983,0.0007756092315990981,0.1849982788846121,0.00035208511690364435,-0.0006139782205621688,1.2013194763489996,3.56900618393879e-06,-3.1066708412939914e-06,0.15273128125588448,-7.480838660973086e-07,3.1001593017619087e-07,1.1861949645660852,-0.001237437651092328,-0.002302360757919786,0.2,0.0,0.0,0.0,0.0,2.962962962962963,2.962962962962963,-4.0230255349271715e-06,-5.331618002202276e-06,2.489681425300097,2.5239618136971216,-0.002865005941803055,0.0007756092315990981
X+,10.8,7.800000000000001,42.72111129499899,0.0,1.2001928929572478,0.0003081954397240079,0.0007755237961772246,0.18500140674751056,0.000351621984171376,-0.0006142922946878176,1.2013194763489996,3.56900618393879e-06,-3.1066708412939914e-06,0.15273128125588448,-7.480838660973086e-07,3.1001593017619087e-07,1.1861949645660852,-0.001237437651092328,-0.002302360757919786,0.2,0.0,0.0,0.0,0.0,2.962962962962963,2.962962962962963,-4.0230255349271715e-06,-5.331618002202276e-06,2.489681425300097,2.5239618136971216,-0.002865005941803055,0.0007756092315990981
X+,10.8,7.800000000000001,42.750011672000255,0.0,1.2046340815428236,0.0003114553117251088,0.0007751101794628079,0.18488865750099726,0.0003539782561512812,-0.000629307005194309,1.2013194763489996,3.56900618393879e-06,-3.1066708412939914e-06,0.15273128125588448,-7.480838660973086e-07,3.1001593017619087e-07,1.1861949645660852,-0.001237437651092328,-0.002302360757919786,0.2,0.0,0.0,0.0,0.0,2.962962962962963,2.962962962962963,-3.5352259279974874e-06,-5.280361593307248e-06,2.5269106390900697,2.5557682562808384,-0.00019229829142375924,0.0007752078833504143
X+,10.8,7.800000000000001,42.79312881000078,0.0,1.2075921695081924,0.00031367784823408025,0.0007747031146929297,0.18467955825223828,0.00034864335741989017,-0.0006207506297111127,1.217567258812729,3.414767279164805e-06,-3.165778300396466e-06,0.1624778246413016,-1.0376239275756579e-06,-5.910745910247388e-07,1.1861949645660852,-0.001237437651092328,-0.002302360757919786,0.2,0.0,0.0,0.0,0.0,2.962962962962963,2.962962962962963,-7.517923446442865e-06,-5.266601185383024e-06,2.537047667164158,2.5642969056684253,-6.277725222356677e-05,0.0007750044198686507
X+,10.9,7.9,42.81783073599945,0.09999999999999964,1.2103617836156606,0.00031574869674572646,0.0007744803322727779,0.1844033739401826,0.0003455730611774027,-0.0006057711253126563,1.217567258812729,3.414767279164805e-06,-3.165778300396466e-06,0.1624778246413016,-1.0376239275756579e-06,-5.910745910247388e-07,1.20049627314216,-0.001271092259049607,-0.002448459836763117,0.2,0.0,0.0,0.0,0.0,2.962962962962963,2.962962962962963,-3.932408129792009e-06,-5.212767681506136e-06,2.5544971512011365,2.5787675622433217,-2.720834002978669e-05,0.0007745493525938417
X+,10.9,7.9,42.84747771600087,0.0,1.2140473220021206,0.00031852332744570794,0.0007742259621979358,0.1839348159168099,0.0003455056679161268,-0.0006057832199904302,1.217567258812729,3.414767279164805e-06,-3.165778300396466e-06,0.1624778246413016,-1.0376239275756579e-06,-5.910745910247388e-07,1.20049627314216,-0.001271092259049607,-0.002448459836763117,0.2,0.0,0.0,0.0,0.0,2.962962962962963,2.962962962962963,-6.038233550498262e-06,-5.189226911284095e-06,2.568746147497323,2.5903253987613604,-0.00469615628085966,0.000774281820567646
X+,10.9,7.9,42.878091139999015,0.0,1.2173556222476172,0.00032103376823324446,0.0007739813118232276,0.18343219742200806,0.0003446138990535806,-0.0006002282130192955,1.217567258812729,3.414767279164805e-06,-3.165778300396466e-06,0.1624778246413016,-1.0376239275756579e-06,-5.910745910247388e-07,1.20049627314216,-0.001271092259049607,-0.002448459836763117,0.2,0.0,0.0,0.0,0.0,2.962962962962963,2.962962962962963,3.47010246848356e-06,-5.16210379331028e-06,2.5803530354581055,2.599473246789832,-0.003710016436193545,0.0007740469105351721
X+,10.9,7.9,42.905940243999794,0.0,1.2173556222476172,0.00032103376823324446,0.0007739813118232276,0.18343219742200806,0.0003446138990535806,-0.0006002282130192955,1.217567258812729,3.414767279164805e-06,-3.165778300396466e-06,0.1624778246413016,-1.0376239275756579e-06,-5.910745910247388e-07,1.20049627314216,-0.001271092259049607,-0.002448459836763117,0.2,0.0,0.0,0.0,0.0,2.962962962962963,2.962962962962963,3.47010246848356e-06,-5.16210379331028e-06,2.5803530354581055,2.599473246789832,-0.003710016436193545,0.0007740469105351721
X+,10.9,7.9,42.932986235999124,0.0,1.2173556222476172,0.00032103376823324446,0.0007739813118232276,0.18343219742200806,0.0003446138990535806,-0.0006002282130192955,1.217567258812729,3.414767279164805e-06,-3.165778300396466e-06,0.1624778246413016,-1.0376239275756579e-06,-5.910745910247388e-07,1.20049627314216,-0.001271092259049607,-0.002448459836763117,0.2,0.0,0.0,0.0,0.0,2.962962962962963,2.962962962962963,3.47010246848356e-06,-5.16210379331028e-06,2.5803530354581055,2.599473246789832,-0.003710016436193545,0.0007740469105351721
X+,10.9,7.9,42.9611246889981,0.0,1.2173556222476172,0.00032103376823324446,0.0007739813118232276,0.18343219742200806,0.0003446138990535806,-0.0006002282130192955,1.217567258812729,3.414767279164805e-06,-3.165778300396466e-06,0.1624778246413016,-1.0376239275756579e-06,-5.910745910247388e-07,1.20049627314216,-0.001271092259049607,-0.002448459836763117,0.2,0.0,0.0,0.0,0.0,2.962962962962963,2.962962962962963,3.47010246848356e-06,-5.16210379331028e-06,2.5803530354581055,2.599473246789832,-0.003710016436193545,0.0007740469105351721
X+,10.9,7.9,42.989449566000985,0.0,1.2173556222476172,0.00032103376823324446,0.0007739813118232276,0.18343219742200806,0.0003446138990535806,-0.0006002282130192955,1.217567258812729,3.414767279164805e-06,-3.165778300396466e-06,0.1624778246413016,-1.0376239275756579e-06,-5.910745910247388e-07,1.20049627314216,-0.001271092259049607,-0.002448459836763117,0.2,0.0,0.0,0.0,0.0,2.962962962962963,2.962962962962963,3.47010246848356e-06,-5.16210379331028e-06,2.5803530354581055,2.599473246789832,-0.003710016436193545,0.0007740469105351721
X+,10.9,7.9,43.01691723499971,0.0,1.2173556222476172,0.00032103376823324446,0.0007739813118232276,0.18343219742200806,0.0003446138990535806,-0.0006002282130192955,1.217567258812729,3.414767279164805e-06,-3.165778300396466e-06,0.1624778246413016,-1.0376239275756579e-06,-5.910745910247388e-07,1.20049627314216,-0.001271092259049607,-0.002448459836763117,0.2,0.0,0.0,0.0,0.0,2.962962962962963,2.962962962962963,3.47010246848356e-06,-5.16210379331028e-06,2.5803530354581055,2.599473246789832,-0.003710016436193545,0.0007740469105351721
X+,10.9,7.9,43.044214385001396,0.0,1.2173556222476172,0.00032103376823324446,0.0007739813118232276,0.18343219742200806,0.0003446138990535806,-0.0006002282130192955,1.217567258812729,3.414767279164805e-06,-3.165778300396466e-06,0.1624778246413016,-1.0376239275756579e-06,-5.910745910247388e-07,1.20049627314216,-0.001271092259049607,-0.002448459836763117,0.2,0.0,0.0,0.0,0.0,2.962962962962963,2.962962962962963,3.47010246848356e-06,-5.16210379331028e-06,2.5803530354581055,2.599473246789832,-0.003710016436193545,0.0007740469105351721
X+,10.9,7.9,43.06911903500077,0.0,1.2173556222476172,0.00032103376823324446,0.0007739813118232276,0.18343219742200806,0.0003446138990535806,-0.0006002282130192955,1.217567258812729,3.414767279164805e-06,-3.165778300396466e-06,0.1624778246413016,-1.0376239275756579e-06,-5.910745910247388e-07,1.20049627314216,-0.001271092259049607,-0.002448459836763117,0.2,0.0,0.0,0.0,0.0,2.962962962962963,2.962962962962963,3.47010246848356e-06,-5.16210379331028e-06,2.5803530354581055,2.599473246789832,-0.003710016436193545,0.0007740469105351721
X+,10.9,7.9,43.10876663199815,0.0,1.2173556222476172,0.00032103376823324446,0.0007739813118232276,0.18343219742200806,0.0003446138990535806,-0.0006002282130192955,1.217567258812729,3.414767279164805e-06,-3.165778300396466e-06,0.1624778246413016,-1.0376239275756579e-06,-5.910745910247388e-07,1.20049627314216,-0.001271092259049607,-0.002448459836763117,0.2,0.0,0.0,0.0,0.0,2.962962962962963,2.962962962962963,3.47010246848356e-06,-5.16210379331028e-06,2.5803530354581055,2.599473246789832,-0.003710016436193545,0.0007740469105351721
X+,10.9,7.9,43.13424462799958,0.0,1.2173556222476172,0.00032103376823324446,0.0007739813118232276,0.18343219742200806,0.0003446138990535806,-0.0006002282130192955,1.217567258812729,3.414767279164805e-06,-3.165778300396466e-06,0.1624778246413016,-1.0376239275756579e-06,-5.910745910247388e-07,1.20049627314216,-0.001271092259049607,-0.002448459836763117,0.2,0.0,0.0,0.0,0.0,2.962962962962963,2.962962962962963,3.47010246848356e-06,-5.16210379331028e-06,2.5803530354581055,2.599473246789832,-0.003710016436193545,0.0007740469105351721
X+,10.9,7.9,43.16112869100107,0.0,1.2173556222476172,0.00032103376823324446,0.0007739813118232276,0.18343219742200806,0.0003446138990535806,-0.0006002282130192955,1.217567258812729,3.414767279164805e-06,-3.165778300396466e-06,0.1624778246413016,-1.0376239275756579e-06,-5.910745910247388e-07,1.20049627314216,-0.001271092259049607,-0.002448459836763117,0.2,0.0,0.0,0.0,0.0,2.962962962962963,2.962962962962963,3.47010246848356e-06,-5.16210379331028e-06,2.5803530354581055,2.599473246789832,-0.003710016436193545,0.0007740469105351721
X+,10.9,7.9,43.185131299000204,0.0,1.2173556222476172,0.00032103376823324446,0.0007739813118232276,0.18343219742200806,0.0003446138990535806,-0.0006002282130192955,1.217567258812729,3.414767279164805e-06,-3.165778300396466e-06,0.1624778246413016,-1.0376239275756579e-06,-5.910745910247388e-07,1.20049627314216,-0.001271092259049607,-0.002448459836763117,0.2,0.0,0.0,0.0,0.0,2.962962962962963,2.962962962962963,3.47010246848356e-06,-5.16210379331028e-06,2.5803530354581055,2.599473246789832,-0.003710016436193545,0.0007740469105351721
X+,10.9,7.9,43.213411745000485,0.0,1.2173556222476172,0.00032103376823324446,0.0007739813118232276,0.18343219742200806,0.0003446138990535806,-0.0006002282130192955,1.217567258812729,3.414767279164805e-06,-3.165778300396466e-06,0.1624778246413016,-1.0376239275756579e-06,-5.910745910247388e-07,1.20049627314216,-0.001271092259049607,-0.002448459836763117,0.2,0.0,0.0,0.0,0.0,2.962962962962963,2.962962962962963,3.47010246848356e-06,-5.16210379331028e-06,2.5803530354581055,2.599473246789832,-0.003710016436193545,0.0007740469105351721
X+,10.9,7.9,43.25037094200161,0.0,1.2213860556589513,0.0003241121777659865,0.0007738336699960848,0.18273478872229235,0.0003431663242574954,-0.0005932768056542569,1.217567258812729,3.414767279164805e-06,-3.165778300396466e-06,0.1624778246413016,-1.0376239275756579e-06,-5.910745910247388e-07,1.20049627314216,-0.001271092259049607,-0.002448459836763117,0.2,0.0,0.0,0.0,0.0,2.962962962962963,2.962962962962963,-3.372287947556174e-06,-5.134922145266785e-06,2.589788957667231,2.6066395857521627,0.0032835838980475023,0.0007738672912033074
X+,10.9,7.9,43.278839073998824,0.0,1.2248540467130515,0.0003267669645073681,0.0007736987681160445,0.18207375817455607,0.00034129543141740823,-0.0005823736911590237,1.217567258812729,3.414767279164805e-06,-3.165778300396466e-06,0.1624778246413016,-1.0376239275756579e-06,-5.910745910247388e-07,1.20049627314216,-0.001271092259049607,-0.002448459836763117,0.2,0.0,0.0,0.0,0.0,2.962962962962963,2.962962962962963,3.3734325937118115e-06,-5.111223321918601e-06,2.597451859970001,2.612194407332486,0.0005302891086326135,0.0007737085747604518
X+,10.9,7.9,43.31756116899851,0.0,1.2283091652652234,0.00032944792069448513,0.000773536538471607,0.18136981021230397,0.0003379684067013963,-0.0005636122267673283,1.2341599821738023,3.3476218566312945e-06,-2.931035920311787e-06,0.16592723361202674,-1.4616538972294441e-07,2.3474238008467836e-06,1.232755891878272,-0.001348223317998902,-0.002417571224888615,0.2,0.0,0.0,0.0,0.0,2.962962962962963,2.962962962962963,3.5421317514661155e-06,-5.0875202930456e-06,2.6036757950285665,2.616449364388991,0.0011569767193663639,0.0007735874001943043
