case,sim_time,elapsed_sim_time,elapsed_wall_time,gt_x,gt_y,gt_yaw,gt_vx_world,gt_vy_world,gt_wz,odom_x,odom_y,odom_yaw,odom_vx,odom_vy,odom_wz,local_x,local_y,local_yaw,cmd_x,cmd_y,cmd_yaw,steer_cmd_front,steer_cmd_rear,drive_cmd_front,drive_cmd_rear,steer_pos_front,steer_pos_rear,wheel_vel_front,wheel_vel_rear,imu_wz,imu_yaw
Y-,1789636295.5915341,1.0251998901367188e-05,0.0271554790015216,1.8090866317557741e-06,-1.0233240114662645e-08,6.743718611223323e-05,-0.00022047052795883424,7.820659583387097e-05,-0.0002211206607183703,-8.7869036753723e-05,2.247687071751585e-11,-1.3348271349164283e-09,-0.00022096926091908203,5.444813299268465e-11,-3.3393344878325513e-09,-1.889427986168836e-05,-7.049488101869718e-09,4.480935434081346e-05,0.0,-0.2,0.0,0.0,0.0,0.0,0.0,4.347373386615061e-06,-4.698235435363074e-06,-0.00341486707471049,-0.0035245338084843197,0.0004595101168751818,6.743718611223323e-05
Y-,1789636295.6187034,0.027179479598999023,0.05587554900193936,1.8094524423042935e-06,-1.083255003406225e-08,6.744152999287806e-05,-0.00022046844453713999,7.817022742787505e-05,-0.00022102676447298452,-8.7869036753723e-05,2.247687071751585e-11,-1.3348271349164283e-09,-0.00022096926091908203,5.444813299268465e-11,-3.3393344878325513e-09,-1.889427986168836e-05,-7.049488101869718e-09,4.480935434081346e-05,0.0,-0.2,0.0,0.0,0.0,0.0,0.0,4.345827781193634e-06,-4.696873193488216e-06,-0.0034149854375113793,-0.003524679089421614,0.001001774169455953,6.744052743996726e-05
Y-,1789636295.6474247,0.05590081214904785,0.08764701500331284,1.8098450958181633e-06,-1.1478705331732786e-08,6.744620936923896e-05,-0.00022046659554036163,7.812602871859378e-05,-0.00022091252950864987,-8.7869036753723e-05,2.247687071751585e-11,-1.3348271349164283e-09,-0.00022096926091908203,5.444813299268465e-11,-3.3393344878325513e-09,-1.889427986168836e-05,-7.049488101869718e-09,4.480935434081346e-05,0.0,-0.2,0.0,0.0,0.0,0.0,0.0,4.344282848123271e-06,-4.695511385932605e-06,-0.003415104192879987,-0.003524824677027741,-0.001694172434926925,6.74438685987952e-05
Y-,1789636295.6792006,0.0876767635345459,0.11467794900090666,1.8102645367758241e-06,-1.2182692681050877e-08,6.745123755924847e-05,-0.00022046402643838124,7.807005981601385e-05,-0.00022076601849470965,-8.7869036753723e-05,2.247687071751585e-11,-1.3348271349164283e-09,-0.00022096926091908203,5.444813299268465e-11,-3.3393344878325513e-09,-1.889427986168836e-05,-7.049488101869718e-09,4.480935434081346e-05,0.0,-0.2,0.0,0.0,0.0,0.0,0.0,4.341193078793992e-06,-4.692794414395962e-06,-0.003415295456384319,-0.0035252028307403396,0.0032670179780605315,6.745090221462739e-05
Y-,1789636295.7062256,0.11470174789428711,0.14457497900002636,1.8105798664617978e-06,-1.2703972098251914e-08,6.745492913014433e-05,-0.0002204606408657609,7.802753499567973e-05,-0.00022065296707592677,-0.0001099745237979889,2.7973733294602292e-11,-1.6678201380480022e-09,-0.00022105487044265907,5.4673555731492147e-11,-3.3299300313157398e-09,-5.195011841531558e-05,-9.679513598440447e-09,-5.4666773357858704e-05,0.0,-0.2,0.0,0.20020000000000016,-0.20020000000000016,-1.0,1.0,4.3396478268675764e-06,-4.691439391635299e-06,-0.0034153619778199613,-0.0035253855021481198,-0.0008453508670951872,6.745492913014433e-05
Y-,1789636295.736123,0.14459919929504395,0.17210889800117002,1.743245674621502e-06,-3.345739232043718e-07,6.747932843540987e-05,-0.00020838460548260304,5.5497732506508304e-05,-0.000275239183061743,-0.0001099745237979889,2.7973733294602292e-11,-1.6678201380480022e-09,-0.00022105487044265907,5.4673555731492147e-11,-3.3299300313157398e-09,-5.195011841531558e-05,-9.679513598440447e-09,-5.4666773357858704e-05,0.0,-0.2,0.0,0.20020000000000016,-0.20020000000000016,-1.001,1.001,4.338102784551268e-06,-4.690085770420183e-06,-0.003415420516043252,-0.0035255635997443534,-0.004093953421557153,6.750204419878954e-05
Y-,1789636295.7636611,0.17213726043701172,0.1980763540013868,1.7657392615104406e-06,-3.500773296354065e-07,6.746870596526014e-05,-0.00020446113005923695,5.8109478233637514e-05,-0.00027047946103034537,-0.0001099745237979889,2.7973733294602292e-11,-1.6678201380480022e-09,-0.00022105487044265907,5.4673555731492147e-11,-3.3299300313157398e-09,-5.195011841531558e-05,-9.679513598440447e-09,-5.4666773357858704e-05,0.0,-0.2,0.0,0.20020000000000016,-0.20020000000000016,-1.001,1.001,0.20019245343826508,-0.2001823038976811,-0.007026441782914903,0.0149812524440784,-0.004093953421557153,6.750204419878954e-05
Y-,1789636295.7896237,0.19809985160827637,0.2276044330028526,1.7657392615104406e-06,-3.500773296354065e-07,6.746870596526014e-05,-0.00020446113005923695,5.8109478233637514e-05,-0.00027047946103034537,-0.0001099745237979889,2.7973733294602292e-11,-1.6678201380480022e-09,-0.00022105487044265907,5.4673555731492147e-11,-3.3299300313157398e-09,-5.195011841531558e-05,-9.679513598440447e-09,-5.4666773357858704e-05,0.0,-0.2,0.0,0.20020000000000016,-0.20020000000000016,-1.001,1.001,0.20019245343826508,-0.2001823038976811,-0.007026441782914903,0.0149812524440784,-0.004093953421557153,6.750204419878954e-05
Y-,1789636295.8191633,0.22763943672180176,0.26193389400214073,1.7657392615104406e-06,-3.500773296354065e-07,6.746870596526014e-05,-0.00020446113005923695,5.8109478233637514e-05,-0.00027047946103034537,-0.0001099745237979889,2.7973733294602292e-11,-1.6678201380480022e-09,-0.00022105487044265907,5.4673555731492147e-11,-3.3299300313157398e-09,-5.195011841531558e-05,-9.679513598440447e-09,-5.4666773357858704e-05,0.0,-0.2,0.0,0.20020000000000016,-0.20020000000000016,-1.001,1.001,0.20019245343826508,-0.2001823038976811,-0.007026441782914903,0.0149812524440784,-0.004093953421557153,6.750204419878954e-05
Y-,1789636295.853485,0.2619612216949463,0.29569706600159407,1.7657392615104406e-06,-3.500773296354065e-07,6.746870596526014e-05,-0.00020446113005923695,5.8109478233637514e-05,-0.00027047946103034537,-0.0001099745237979889,2.7973733294602292e-11,-1.6678201380480022e-09,-0.00022105487044265907,5.4673555731492147e-11,-3.3299300313157398e-09,-5.195011841531558e-05,-9.679513598440447e-09,-5.4666773357858704e-05,0.0,-0.2,0.0,0.20020000000000016,-0.20020000000000016,-1.001,1.001,0.20019245343826508,-0.2001823038976811,-0.007026441782914903,0.0149812524440784,-0.004093953421557153,6.750204419878954e-05
Y-,1789636295.88725,0.29572606086730957,0.32468753100329195,1.7657392615104406e-06,-3.500773296354065e-07,6.746870596526014e-05,-0.00020446113005923695,5.8109478233637514e-05,-0.00027047946103034537,-0.0001099745237979889,2.7973733294602292e-11,-1.6678201380480022e-09,-0.00022105487044265907,5.4673555731492147e-11,-3.3299300313157398e-09,-5.195011841531558e-05,-9.679513598440447e-09,-5.4666773357858704e-05,0.0,-0.2,0.0,0.20020000000000016,-0.20020000000000016,-1.001,1.001,0.20019245343826508,-0.2001823038976811,-0.007026441782914903,0.0149812524440784,-0.004093953421557153,6.750204419878954e-05
Y-,1789636295.9162345,0.3247106075286865,0.3518365490017459,1.7657392615104406e-06,-3.500773296354065e-07,6.746870596526014e-05,-0.00020446113005923695,5.8109478233637514e-05,-0.00027047946103034537,-0.0001099745237979889,2.7973733294602292e-11,-1.6678201380480022e-09,-0.00022105487044265907,5.4673555731492147e-11,-3.3299300313157398e-09,-5.195011841531558e-05,-9.679513598440447e-09,-5.4666773357858704e-05,0.0,-0.2,0.0,0.20020000000000016,-0.20020000000000016,-1.001,1.001,0.20019245343826508,-0.2001823038976811,-0.007026441782914903,0.0149812524440784,-0.004093953421557153,6.750204419878954e-05
Y-,1789636295.943389,0.3518650531768799,0.3769722540018847,1.7657392615104406e-06,-3.500773296354065e-07,6.746870596526014e-05,-0.00020446113005923695,5.8109478233637514e-05,-0.00027047946103034537,-0.0001099745237979889,2.7973733294602292e-11,-1.6678201380480022e-09,-0.00022105487044265907,5.4673555731492147e-11,-3.3299300313157398e-09,-5.195011841531558e-05,-9.679513598440447e-09,-5.4666773357858704e-05,0.0,-0.2,0.0,0.20020000000000016,-0.20020000000000016,-1.001,1.001,0.20019245343826508,-0.2001823038976811,-0.007026441782914903,0.0149812524440784,-0.004093953421557153,6.750204419878954e-05
Y-,1789636295.9685135,0.37698960304260254,0.4019804390009085,1.7657392615104406e-06,-3.500773296354065e-07,6.746870596526014e-05,-0.00020446113005923695,5.8109478233637514e-05,-0.00027047946103034537,-0.0001099745237979889,2.7973733294602292e-11,-1.6678201380480022e-09,-0.00022105487044265907,5.4673555731492147e-11,-3.3299300313157398e-09,-5.195011841531558e-05,-9.679513598440447e-09,-5.4666773357858704e-05,0.0,-0.2,0.0,0.20020000000000016,-0.20020000000000016,-1.001,1.001,0.20019245343826508,-0.2001823038976811,-0.007026441782914903,0.0149812524440784,-0.004093953421557153,6.750204419878954e-05
Y-,1789636295.993529,0.4020051956176758,0.4263951700013422,1.7657392615104406e-06,-3.500773296354065e-07,6.746870596526014e-05,-0.00020446113005923695,5.8109478233637514e-05,-0.00027047946103034537,-0.0001099745237979889,2.7973733294602292e-11,-1.6678201380480022e-09,-0.00022105487044265907,5.4673555731492147e-11,-3.3299300313157398e-09,-5.195011841531558e-05,-9.679513598440447e-09,-5.4666773357858704e-05,0.0,-0.2,0.0,0.20020000000000016,-0.20020000000000016,-1.001,1.001,0.20019245343826508,-0.2001823038976811,-0.007026441782914903,0.0149812524440784,-0.004093953421557153,6.750204419878954e-05
Y-,1789636296.0179534,0.42642951011657715,0.4654265060016769,1.7657392615104406e-06,-3.500773296354065e-07,6.746870596526014e-05,-0.00020446113005923695,5.8109478233637514e-05,-0.00027047946103034537,-0.0001099745237979889,2.7973733294602292e-11,-1.6678201380480022e-09,-0.00022105487044265907,5.4673555731492147e-11,-3.3299300313157398e-09,-5.195011841531558e-05,-9.679513598440447e-09,-5.4666773357858704e-05,0.0,-0.2,0.0,0.20020000000000016,-0.20020000000000016,-1.001,1.001,0.20019245343826508,-0.2001823038976811,-0.007026441782914903,0.0149812524440784,-0.004093953421557153,6.750204419878954e-05
Y-,1789636296.0569773,0.4654533863067627,0.5012424370033841,1.7657392615104406e-06,-3.500773296354065e-07,6.746870596526014e-05,-0.00020446113005923695,5.8109478233637514e-05,-0.00027047946103034537,-0.0001099745237979889,2.7973733294602292e-11,-1.6678201380480022e-09,-0.00022105487044265907,5.4673555731492147e-11,-3.3299300313157398e-09,-5.195011841531558e-05,-9.679513598440447e-09,-5.4666773357858704e-05,0.0,-0.2,0.0,0.20020000000000016,-0.20020000000000016,-1.001,1.001,0.20019245343826508,-0.2001823038976811,-0.007026441782914903,0.0149812524440784,-0.004093953421557153,6.750204419878954e-05
Y-,1789636296.0927997,0.5012757778167725,0.5259670730010839,1.7657392615104406e-06,-3.500773296354065e-07,6.746870596526014e-05,-0.00020446113005923695,5.8109478233637514e-05,-0.00027047946103034537,-0.0001099745237979889,2.7973733294602292e-11,-1.6678201380480022e-09,-0.00022105487044265907,5.4673555731492147e-11,-3.3299300313157398e-09,-5.195011841531558e-05,-9.679513598440447e-09,-5.4666773357858704e-05,0.0,-0.2,0.0,0.20020000000000016,-0.20020000000000016,-1.001,1.001,0.20019245343826508,-0.2001823038976811,-0.007026441782914903,0.0149812524440784,-0.004093953421557153,6.750204419878954e-05
Y-,1789636296.1175146,0.5259907245635986,0.5539368420031678,1.7657392615104406e-06,-3.500773296354065e-07,6.746870596526014e-05,-0.00020446113005923695,5.8109478233637514e-05,-0.00027047946103034537,-0.0001099745237979889,2.7973733294602292e-11,-1.6678201380480022e-09,-0.00022105487044265907,5.4673555731492147e-11,-3.3299300313157398e-09,-5.195011841531558e-05,-9.679513598440447e-09,-5.4666773357858704e-05,0.0,-0.2,0.0,0.20020000000000016,-0.20020000000000016,-1.001,1.001,0.20019245343826508,-0.2001823038976811,-0.007026441782914903,0.0149812524440784,-0.004093953421557153,6.750204419878954e-05
Y-,1789636296.1454923,0.5539684295654297,0.5809746560007625,1.7657392615104406e-06,-3.500773296354065e-07,6.746870596526014e-05,-0.00020446113005923695,5.8109478233637514e-05,-0.00027047946103034537,-0.0001099745237979889,2.7973733294602292e-11,-1.6678201380480022e-09,-0.00022105487044265907,5.4673555731492147e-11,-3.3299300313157398e-09,-5.195011841531558e-05,-9.679513598440447e-09,-5.4666773357858704e-05,0.0,-0.2,0.0,0.20020000000000016,-0.20020000000000016,-1.001,1.001,0.20019245343826508,-0.2001823038976811,-0.007026441782914903,0.0149812524440784,-0.004093953421557153,6.750204419878954e-05
Y-,1789636296.1725264,0.5810024738311768,0.6122023090028961,1.9347799753016703e-06,-5.654903659450122e-07,6.76070861187706e-05,-0.00021686218731144534,0.00010077144851672451,-0.00028912887946631964,-0.0001099745237979889,2.7973733294602292e-11,-1.6678201380480022e-09,-0.00022105487044265907,5.4673555731492147e-11,-3.3299300313157398e-09,-5.195011841531558e-05,-9.679513598440447e-09,-5.4666773357858704e-05,0.0,-0.2,0.0,0.20020000000000016,-0.20020000000000016,-1.001,1.001,0.2001931064795066,-0.20018372224044523,-0.007529218622770172,0.012042059707847639,-0.00038133508817235425,6.74733527715436e-05
Y-,1789636296.2037504,0.6122264862060547,0.6460423570024432,1.939842802493874e-06,-6.231346941351287e-07,6.765577415033126e-05,-0.00022174027798935137,0.00011735154515694616,-0.000296168688177321,-0.0001099745237979889,2.7973733294602292e-11,-1.6678201380480022e-09,-0.00022105487044265907,5.4673555731492147e-11,-3.3299300313157398e-09,-5.195011841531558e-05,-9.679513598440447e-09,-5.4666773357858704e-05,0.0,-0.2,0.0,0.20020000000000016,-0.20020000000000016,-1.001,1.001,0.20019334640392916,-0.20018428387672582,-0.007691249821320917,0.010913332087074247,-0.0015465042592221357,6.765601364976378e-05
Y-,1789636296.2375906,0.6460666656494141,0.6756396720011253,1.9389249947057707e-06,-6.197752560176822e-07,6.76604100026027e-05,-0.00022169180980153197,0.00011660640350193342,-0.0002949632599202685,-0.0001099745237979889,2.7973733294602292e-11,-1.6678201380480022e-09,-0.00022105487044265907,5.4673555731492147e-11,-3.3299300313157398e-09,-5.195011841531558e-05,-9.679513598440447e-09,-5.4666773357858704e-05,0.0,-0.2,0.0,0.20020000000000016,-0.20020000000000016,-1.001,1.001,0.20019336525331966,-0.20018433612438535,-0.007719052639252525,0.010907717876786861,0.002035335721430032,6.76604100026027e-05
Y-,1789636296.267188,0.6756641864776611,0.7081104480021168,1.9374187559505207e-06,-6.21059163949042e-07,6.766827346578636e-05,-0.00022173869086247088,0.00011678100675713602,-0.00029489791791534504,-0.0001099745237979889,2.7973733294602292e-11,-1.6678201380480022e-09,-0.00022105487044265907,5.4673555731492147e-11,-3.3299300313157398e-09,-5.195011841531558e-05,-9.679513598440447e-09,-5.4666773357858704e-05,0.0,-0.2,0.0,0.20020000000000016,-0.20020000000000016,-1.001,1.001,0.20019336585764425,-0.20018434190239276,-0.007745632612754919,0.010970085926926854,0.001978245983618506,6.766451475295556e-05
Y-,1789636296.2996573,0.7081334590911865,0.7465845750011795,1.9096104284660465e-06,-7.513316211387594e-07,6.782608650832813e-05,-0.00021703107331062183,-3.311134181124137e-05,-0.0003731474974444889,-9.984141777013387e-05,-1.1883573323644603e-05,6.8500382022667755e-06,0.00010133106047674736,-0.000118836012804777,6.851706022404822e-05,-4.286295057170467e-05,-1.2598847245580367e-08,2.171301372388968e-05,0.0,-0.2,0.0,0.4004000000000003,-0.4004000000000003,-2.002,2.002,0.2001933651249601,-0.20018434322316736,-0.007771196070286067,0.011039743808926876,-0.003474291950268681,6.81831390238735e-05
Y-,1789636296.338131,0.7466070652008057,0.773015190003207,1.725921374564482e-06,-4.289537560640301e-06,6.81363573155566e-05,-0.0002155876724108571,-0.0003133152278397681,-0.000998960160086586,-9.984141777013387e-05,-1.1883573323644603e-05,6.8500382022667755e-06,0.00010133106047674736,-0.000118836012804777,6.851706022404822e-05,-4.286295057170467e-05,-1.2598847245580367e-08,2.171301372388968e-05,0.0,-0.2,0.0,0.4004000000000003,-0.4004000000000003,-2.002,2.002,0.4003831519373673,-0.4003638579260276,-0.01696123716037718,0.03375043758806432,-0.003474291950268681,6.81831390238735e-05
Y-,1789636296.3645654,0.7730414867401123,0.7996128960003261,1.725921374564482e-06,-4.289537560640301e-06,6.81363573155566e-05,-0.0002155876724108571,-0.0003133152278397681,-0.000998960160086586,-9.984141777013387e-05,-1.1883573323644603e-05,6.8500382022667755e-06,0.00010133106047674736,-0.000118836012804777,6.851706022404822e-05,-4.286295057170467e-05,-1.2598847245580367e-08,2.171301372388968e-05,0.0,-0.2,0.0,0.4004000000000003,-0.4004000000000003,-2.002,2.002,0.4003831519373673,-0.4003638579260276,-0.01696123716037718,0.03375043758806432,-0.003474291950268681,6.81831390238735e-05
Y-,1789636296.3911622,0.7996382713317871,0.8253659810034151,1.725921374564482e-06,-4.289537560640301e-06,6.81363573155566e-05,-0.0002155876724108571,-0.0003133152278397681,-0.000998960160086586,-9.984141777013387e-05,-1.1883573323644603e-05,6.8500382022667755e-06,0.00010133106047674736,-0.000118836012804777,6.851706022404822e-05,-4.286295057170467e-05,-1.2598847245580367e-08,2.171301372388968e-05,0.0,-0.2,0.0,0.4004000000000003,-0.4004000000000003,-2.002,2.002,0.4003831519373673,-0.4003638579260276,-0.01696123716037718,0.03375043758806432,-0.003474291950268681,6.81831390238735e-05
Y-,1789636296.4169188,0.825394868850708,0.8490645310012042,1.725921374564482e-06,-4.289537560640301e-06,6.81363573155566e-05,-0.0002155876724108571,-0.0003133152278397681,-0.000998960160086586,-9.984141777013387e-05,-1.1883573323644603e-05,6.8500382022667755e-06,0.00010133106047674736,-0.000118836012804777,6.851706022404822e-05,-4.286295057170467e-05,-1.2598847245580367e-08,2.171301372388968e-05,0.0,-0.2,0.0,0.4004000000000003,-0.4004000000000003,-2.002,2.002,0.4003831519373673,-0.4003638579260276,-0.01696123716037718,0.03375043758806432,-0.003474291950268681,6.81831390238735e-05
Y-,1789636296.440614,0.8490900993347168,0.8779868600031477,1.725921374564482e-06,-4.289537560640301e-06,6.81363573155566e-05,-0.0002155876724108571,-0.0003133152278397681,-0.000998960160086586,-9.984141777013387e-05,-1.1883573323644603e-05,6.8500382022667755e-06,0.00010133106047674736,-0.000118836012804777,6.851706022404822e-05,-4.286295057170467e-05,-1.2598847245580367e-08,2.171301372388968e-05,0.0,-0.2,0.0,0.4004000000000003,-0.4004000000000003,-2.002,2.002,0.4003831519373673,-0.4003638579260276,-0.01696123716037718,0.03375043758806432,-0.003474291950268681,6.81831390238735e-05
Y-,1789636296.4695368,0.8780128955841064,0.9040537710025092,1.725921374564482e-06,-4.289537560640301e-06,6.81363573155566e-05,-0.0002155876724108571,-0.0003133152278397681,-0.000998960160086586,-9.984141777013387e-05,-1.1883573323644603e-05,6.8500382022667755e-06,0.00010133106047674736,-0.000118836012804777,6.851706022404822e-05,-4.286295057170467e-05,-1.2598847245580367e-08,2.171301372388968e-05,0.0,-0.2,0.0,0.4004000000000003,-0.4004000000000003,-2.002,2.002,0.4003831519373673,-0.4003638579260276,-0.01696123716037718,0.03375043758806432,-0.003474291950268681,6.81831390238735e-05
Y-,1789636296.4956105,0.9040865898132324,0.939534271001321,1.725921374564482e-06,-4.289537560640301e-06,6.81363573155566e-05,-0.0002155876724108571,-0.0003133152278397681,-0.000998960160086586,-9.984141777013387e-05,-1.1883573323644603e-05,6.8500382022667755e-06,0.00010133106047674736,-0.000118836012804777,6.851706022404822e-05,-4.286295057170467e-05,-1.2598847245580367e-08,2.171301372388968e-05,0.0,-0.2,0.0,0.4004000000000003,-0.4004000000000003,-2.002,2.002,0.4003831519373673,-0.4003638579260276,-0.01696123716037718,0.03375043758806432,-0.003474291950268681,6.81831390238735e-05
Y-,1789636296.531084,0.9395601749420166,0.9700925329998427,1.725921374564482e-06,-4.289537560640301e-06,6.81363573155566e-05,-0.0002155876724108571,-0.0003133152278397681,-0.000998960160086586,-9.984141777013387e-05,-1.1883573323644603e-05,6.8500382022667755e-06,0.00010133106047674736,-0.000118836012804777,6.851706022404822e-05,-4.286295057170467e-05,-1.2598847245580367e-08,2.171301372388968e-05,0.0,-0.2,0.0,0.4004000000000003,-0.4004000000000003,-2.002,2.002,0.4003831519373673,-0.4003638579260276,-0.01696123716037718,0.03375043758806432,-0.003474291950268681,6.81831390238735e-05
Y-,1789636296.561647,0.9701230525970459,0.9952555620002386,1.725921374564482e-06,-4.289537560640301e-06,6.81363573155566e-05,-0.0002155876724108571,-0.0003133152278397681,-0.000998960160086586,-9.984141777013387e-05,-1.1883573323644603e-05,6.8500382022667755e-06,0.00010133106047674736,-0.000118836012804777,6.851706022404822e-05,-4.286295057170467e-05,-1.2598847245580367e-08,2.171301372388968e-05,0.0,-0.2,0.0,0.4004000000000003,-0.4004000000000003,-2.002,2.002,0.4003831519373673,-0.4003638579260276,-0.01696123716037718,0.03375043758806432,-0.003474291950268681,6.81831390238735e-05
Y-,1789636296.586807,0.9952831268310547,1.024768146002316,1.725921374564482e-06,-4.289537560640301e-06,6.81363573155566e-05,-0.0002155876724108571,-0.0003133152278397681,-0.000998960160086586,-9.984141777013387e-05,-1.1883573323644603e-05,6.8500382022667755e-06,0.00010133106047674736,-0.000118836012804777,6.851706022404822e-05,-4.286295057170467e-05,-1.2598847245580367e-08,2.171301372388968e-05,0.0,-0.2,0.0,0.4004000000000003,-0.4004000000000003,-2.002,2.002,0.4003831519373673,-0.4003638579260276,-0.01696123716037718,0.03375043758806432,-0.003474291950268681,6.81831390238735e-05
Y-,1789636296.6163173,1.0247933864593506,1.054197864003072,1.725921374564482e-06,-4.289537560640301e-06,6.81363573155566e-05,-0.0002155876724108571,-0.0003133152278397681,-0.000998960160086586,-9.984141777013387e-05,-1.1883573323644603e-05,6.8500382022667755e-06,0.00010133106047674736,-0.000118836012804777,6.851706022404822e-05,-4.286295057170467e-05,-1.2598847245580367e-08,2.171301372388968e-05,0.0,-0.2,0.0,0.4004000000000003,-0.4004000000000003,-2.002,2.002,0.4003831519373673,-0.4003638579260276,-0.01696123716037718,0.03375043758806432,-0.003474291950268681,6.81831390238735e-05
Y-,1789636296.6457512,1.054227352142334,1.0795713770021393,1.725921374564482e-06,-4.289537560640301e-06,6.81363573155566e-05,-0.0002155876724108571,-0.0003133152278397681,-0.000998960160086586,-9.984141777013387e-05,-1.1883573323644603e-05,6.8500382022667755e-06,0.00010133106047674736,-0.000118836012804777,6.851706022404822e-05,-4.286295057170467e-05,-1.2598847245580367e-08,2.171301372388968e-05,0.0,-0.2,0.0,0.4004000000000003,-0.4004000000000003,-2.002,2.002,0.4003831519373673,-0.4003638579260276,-0.01696123716037718,0.03375043758806432,-0.003474291950268681,6.81831390238735e-05
Y-,1789636296.6711273,1.0796034336090088,1.1068523670001014,1.725921374564482e-06,-4.289537560640301e-06,6.81363573155566e-05,-0.0002155876724108571,-0.0003133152278397681,-0.000998960160086586,-9.984141777013387e-05,-1.1883573323644603e-05,6.8500382022667755e-06,0.00010133106047674736,-0.000118836012804777,6.851706022404822e-05,-4.286295057170467e-05,-1.2598847245580367e-08,2.171301372388968e-05,0.0,-0.2,0.0,0.4004000000000003,-0.4004000000000003,-2.002,2.002,0.4003831519373673,-0.4003638579260276,-0.01696123716037718,0.03375043758806432,-0.003474291950268681,6.81831390238735e-05
Y-,1789636296.6984007,1.1068768501281738,1.137303483003052,1.984593695963932e-06,-8.51176373341516e-06,6.981596977518119e-05,-0.00016547628349466536,0.00029064121432656465,-0.00045408418604341434,-9.984141777013387e-05,-1.1883573323644603e-05,6.8500382022667755e-06,0.00010133106047674736,-0.000118836012804777,6.851706022404822e-05,-4.286295057170467e-05,-1.2598847245580367e-08,2.171301372388968e-05,0.0,-0.2,0.0,0.4004000000000003,-0.4004000000000003,-2.002,2.002,0.40038428587134245,-0.40036581823835604,-0.011790080802292451,0.028743219727748914,0.0028758450855673355,6.97119114933851e-05
Y-,1789636296.7288508,1.137326955795288,1.1702433570026187,2.016629863418884e-06,-8.465666452421063e-06,6.99465695179774e-05,-0.00018100334452685556,0.00028119207065712337,-0.00047531121881716005,-9.984141777013387e-05,-1.1883573323644603e-05,6.8500382022667755e-06,0.00010133106047674736,-0.000118836012804777,6.851706022404822e-05,-4.286295057170467e-05,-1.2598847245580367e-08,2.171301372388968e-05,0.0,-0.2,0.0,0.4004000000000003,-0.4004000000000003,-2.002,2.002,0.40038444828446274,-0.40036594438554296,-0.01224127422278897,0.02808359091507272,-0.003640440556990811,6.99448039076892e-05
Y-,1789636296.7617953,1.170271396636963,1.1960994770015532,2.001517562338212e-06,-8.4680265952106e-06,6.997132757526593e-05,-0.00018029990786280756,0.00027562061723185424,-0.0004722264864110365,-9.984141777013387e-05,-1.1883573323644603e-05,6.8500382022667755e-06,0.00010133106047674736,-0.000118836012804777,6.851706022404822e-05,-4.286295057170467e-05,-1.2598847245580367e-08,2.171301372388968e-05,0.0,-0.2,0.0,0.4004000000000003,-0.4004000000000003,-2.002,2.002,0.40038445408439927,-0.40036596744622255,-0.012339162388682918,0.028272388968645867,0.0020573111176737493,6.996455945833247e-05
Y-,1789636296.7876503,1.1961264610290527,1.2257830270027625,1.9965315079702173e-06,-8.48039016133114e-06,6.999307638153013e-05,-0.0001805568189128511,0.00027576539461584583,-0.00047215529390923824,-5.299186664243724e-05,-6.242662713423896e-05,7.29306154766831e-05,0.0004684920490474801,-0.0005054337473062352,0.0006608057727441631,-4.877526899276896e-06,-1.6680449052065155e-05,-0.00011582275763277748,0.0,-0.2,0.0,0.4004000000000003,-0.4004000000000003,-2.002,2.002,0.4003844523290905,-0.4003659697597648,-0.012403743650357488,0.0284167576818917,0.00047517785748214315,6.998309147166962e-05
Y-,1789636296.8173313,1.2258074283599854,1.2546666289999848,1.7956217623973925e-06,-1.550570588424241e-05,6.753923900883023e-05,-0.00021050022247701212,-0.0005300786916932372,-0.0013037186302687878,-5.299186664243724e-05,-6.242662713423896e-05,7.29306154766831e-05,0.0004684920490474801,-0.0005054337473062352,0.0006608057727441631,-4.877526899276896e-06,-1.6680449052065155e-05,-0.00011582275763277748,0.0,-0.2,0.0,0.6006000000000005,-0.6006000000000005,-2.962962962962963,2.962962962962963,0.4003844513471755,-0.40036596996567475,-0.012436114984906448,0.028491298316986928,0.000630308460855817,6.975909312784474e-05
Y-,1789636296.8462162,1.2546923160552979,1.2836165740009164,1.769033461759828e-06,-1.6458394713488034e-05,6.703744556586729e-05,-0.0002182065093041149,-0.000483783697346441,-0.001285367445471757,-5.299186664243724e-05,-6.242662713423896e-05,7.29306154766831e-05,0.0004684920490474801,-0.0005054337473062352,0.0006608057727441631,-4.877526899276896e-06,-1.6680449052065155e-05,-0.00011582275763277748,0.0,-0.2,0.0,0.6006000000000005,-0.6006000000000005,-2.962962962962963,2.962962962962963,0.6005748008496878,-0.60054320472182,-0.02699507054071921,0.05508466075498204,0.000630308460855817,6.975909312784474e-05
Y-,1789636296.8751705,1.283646583557129,1.3136423330033722,1.769033461759828e-06,-1.6458394713488034e-05,6.703744556586729e-05,-0.0002182065093041149,-0.000483783697346441,-0.001285367445471757,-5.299186664243724e-05,-6.242662713423896e-05,7.29306154766831e-05,0.0004684920490474801,-0.0005054337473062352,0.0006608057727441631,-4.877526899276896e-06,-1.6680449052065155e-05,-0.00011582275763277748,0.0,-0.2,0.0,0.6006000000000005,-0.6006000000000005,-2.962962962962963,2.962962962962963,0.6005748008496878,-0.60054320472182,-0.02699507054071921,0.05508466075498204,0.000630308460855817,6.975909312784474e-05
Y-,1789636296.9051921,1.3136682510375977,1.3435817540012067,1.769033461759828e-06,-1.6458394713488034e-05,6.703744556586729e-05,-0.0002182065093041149,-0.000483783697346441,-0.001285367445471757,-5.299186664243724e-05,-6.242662713423896e-05,7.29306154766831e-05,0.0004684920490474801,-0.0005054337473062352,0.0006608057727441631,-4.877526899276896e-06,-1.6680449052065155e-05,-0.00011582275763277748,0.0,-0.2,0.0,0.6006000000000005,-0.6006000000000005,-2.962962962962963,2.962962962962963,0.6005748008496878,-0.60054320472182,-0.02699507054071921,0.05508466075498204,0.000630308460855817,6.975909312784474e-05
Y-,1789636296.9351664,1.3436424732208252,1.3713113240009989,1.769033461759828e-06,-1.6458394713488034e-05,6.703744556586729e-05,-0.0002182065093041149,-0.000483783697346441,-0.001285367445471757,-5.299186664243724e-05,-6.242662713423896e-05,7.29306154766831e-05,0.0004684920490474801,-0.0005054337473062352,0.0006608057727441631,-4.877526899276896e-06,-1.6680449052065155e-05,-0.00011582275763277748,0.0,-0.2,0.0,0.6006000000000005,-0.6006000000000005,-2.962962962962963,2.962962962962963,0.6005748008496878,-0.60054320472182,-0.02699507054071921,0.05508466075498204,0.000630308460855817,6.975909312784474e-05
Y-,1789636296.9628663,1.371342420578003,1.3994916690026002,1.769033461759828e-06,-1.6458394713488034e-05,6.703744556586729e-05,-0.0002182065093041149,-0.000483783697346441,-0.001285367445471757,-5.299186664243724e-05,-6.242662713423896e-05,7.29306154766831e-05,0.0004684920490474801,-0.0005054337473062352,0.0006608057727441631,-4.877526899276896e-06,-1.6680449052065155e-05,-0.00011582275763277748,0.0,-0.2,0.0,0.6006000000000005,-0.6006000000000005,-2.962962962962963,2.962962962962963,0.6005748008496878,-0.60054320472182,-0.02699507054071921,0.05508466075498204,0.000630308460855817,6.975909312784474e-05
Y-,1789636296.9910426,1.3995187282562256,1.4300775950032403,1.769033461759828e-06,-1.6458394713488034e-05,6.703744556586729e-05,-0.0002182065093041149,-0.000483783697346441,-0.001285367445471757,-5.299186664243724e-05,-6.242662713423896e-05,7.29306154766831e-05,0.0004684920490474801,-0.0005054337473062352,0.0006608057727441631,-4.877526899276896e-06,-1.6680449052065155e-05,-0.00011582275763277748,0.0,-0.2,0.0,0.6006000000000005,-0.6006000000000005,-2.962962962962963,2.962962962962963,0.6005748008496878,-0.60054320472182,-0.02699507054071921,0.05508466075498204,0.000630308460855817,6.975909312784474e-05
Y-,1789636297.0216277,1.4301037788391113,1.458427176999976,1.769033461759828e-06,-1.6458394713488034e-05,6.703744556586729e-05,-0.0002182065093041149,-0.000483783697346441,-0.001285367445471757,-5.299186664243724e-05,-6.242662713423896e-05,7.29306154766831e-05,0.0004684920490474801,-0.0005054337473062352,0.0006608057727441631,-4.877526899276896e-06,-1.6680449052065155e-05,-0.00011582275763277748,0.0,-0.2,0.0,0.6006000000000005,-0.6006000000000005,-2.962962962962963,2.962962962962963,0.6005748008496878,-0.60054320472182,-0.02699507054071921,0.05508466075498204,0.000630308460855817,6.975909312784474e-05
Y-,1789636297.0499825,1.458458662033081,1.4886852640011057,1.769033461759828e-06,-1.6458394713488034e-05,6.703744556586729e-05,-0.0002182065093041149,-0.000483783697346441,-0.001285367445471757,-5.299186664243724e-05,-6.242662713423896e-05,7.29306154766831e-05,0.0004684920490474801,-0.0005054337473062352,0.0006608057727441631,-4.877526899276896e-06,-1.6680449052065155e-05,-0.00011582275763277748,0.0,-0.2,0.0,0.6006000000000005,-0.6006000000000005,-2.962962962962963,2.962962962962963,0.6005748008496878,-0.60054320472182,-0.02699507054071921,0.05508466075498204,0.000630308460855817,6.975909312784474e-05
Y-,1789636297.080238,1.4887142181396484,1.51478342900009,1.769033461759828e-06,-1.6458394713488034e-05,6.703744556586729e-05,-0.0002182065093041149,-0.000483783697346441,-0.001285367445471757,-5.299186664243724e-05,-6.242662713423896e-05,7.29306154766831e-05,0.0004684920490474801,-0.0005054337473062352,0.0006608057727441631,-4.877526899276896e-06,-1.6680449052065155e-05,-0.00011582275763277748,0.0,-0.2,0.0,0.6006000000000005,-0.6006000000000005,-2.962962962962963,2.962962962962963,0.6005748008496878,-0.60054320472182,-0.02699507054071921,0.05508466075498204,0.000630308460855817,6.975909312784474e-05
Y-,1789636297.1063347,1.5148108005523682,1.5484279970005446,1.769033461759828e-06,-1.6458394713488034e-05,6.703744556586729e-05,-0.0002182065093041149,-0.000483783697346441,-0.001285367445471757,-5.299186664243724e-05,-6.242662713423896e-05,7.29306154766831e-05,0.0004684920490474801,-0.0005054337473062352,0.0006608057727441631,-4.877526899276896e-06,-1.6680449052065155e-05,-0.00011582275763277748,0.0,-0.2,0.0,0.6006000000000005,-0.6006000000000005,-2.962962962962963,2.962962962962963,0.6005748008496878,-0.60054320472182,-0.02699507054071921,0.05508466075498204,0.000630308460855817,6.975909312784474e-05
Y-,1789636297.1399791,1.5484552383422852,1.5795650370018848,1.769033461759828e-06,-1.6458394713488034e-05,6.703744556586729e-05,-0.0002182065093041149,-0.000483783697346441,-0.001285367445471757,-5.299186664243724e-05,-6.242662713423896e-05,7.29306154766831e-05,0.0004684920490474801,-0.0005054337473062352,0.0006608057727441631,-4.877526899276896e-06,-1.6680449052065155e-05,-0.00011582275763277748,0.0,-0.2,0.0,0.6006000000000005,-0.6006000000000005,-2.962962962962963,2.962962962962963,0.6005748008496878,-0.60054320472182,-0.02699507054071921,0.05508466075498204,0.000630308460855817,6.975909312784474e-05
Y-,1789636297.1711285,1.5796046257019043,1.611105359002977,1.769033461759828e-06,-1.6458394713488034e-05,6.703744556586729e-05,-0.0002182065093041149,-0.000483783697346441,-0.001285367445471757,-5.299186664243724e-05,-6.242662713423896e-05,7.29306154766831e-05,0.0004684920490474801,-0.0005054337473062352,0.0006608057727441631,-4.877526899276896e-06,-1.6680449052065155e-05,-0.00011582275763277748,0.0,-0.2,0.0,0.6006000000000005,-0.6006000000000005,-2.962962962962963,2.962962962962963,0.6005748008496878,-0.60054320472182,-0.02699507054071921,0.05508466075498204,0.000630308460855817,6.975909312784474e-05
Y-,1789636297.2026615,1.6111376285552979,1.643760397000733,1.769033461759828e-06,-1.6458394713488034e-05,6.703744556586729e-05,-0.0002182065093041149,-0.000483783697346441,-0.001285367445471757,-5.299186664243724e-05,-6.242662713423896e-05,7.29306154766831e-05,0.0004684920490474801,-0.0005054337473062352,0.0006608057727441631,-4.877526899276896e-06,-1.6680449052065155e-05,-0.00011582275763277748,0.0,-0.2,0.0,0.6006000000000005,-0.6006000000000005,-2.962962962962963,2.962962962962963,0.6005748008496878,-0.60054320472182,-0.02699507054071921,0.05508466075498204,0.000630308460855817,6.975909312784474e-05
Y-,1789636297.2353203,1.643796443939209,1.6723091880012362,1.769033461759828e-06,-1.6458394713488034e-05,6.703744556586729e-05,-0.0002182065093041149,-0.000483783697346441,-0.001285367445471757,-5.299186664243724e-05,-6.242662713423896e-05,7.29306154766831e-05,0.0004684920490474801,-0.0005054337473062352,0.0006608057727441631,-4.877526899276896e-06,-1.6680449052065155e-05,-0.00011582275763277748,0.0,-0.2,0.0,0.6006000000000005,-0.6006000000000005,-2.962962962962963,2.962962962962963,0.6005748008496878,-0.60054320472182,-0.02699507054071921,0.05508466075498204,0.000630308460855817,6.975909312784474e-05
Y-,1789636297.2662373,1.674713373184204,1.7048609440025757,1.5854058458691922e-06,-2.1124880659591228e-05,6.506704943425223e-05,-0.00022336703541378145,-3.905442655603047e-05,-0.0008535959980725326,-5.299186664243724e-05,-6.242662713423896e-05,7.29306154766831e-05,0.0004684920490474801,-0.0005054337473062352,0.0006608057727441631,-4.877526899276896e-06,-1.6680449052065155e-05,-0.00011582275763277748,0.0,-0.2,0.0,0.6006000000000005,-0.6006000000000005,-2.962962962962963,2.962962962962963,0.6005748008496878,-0.60054320472182,-0.02699507054071921,0.05508466075498204,0.0009132459154342642,6.552746328288989e-05
Y-,1789636297.2964118,1.704887866973877,1.7339288820003276,1.643530448503655e-06,-2.5795032720173257e-05,6.606753794813567e-05,-0.00016730111274188716,0.0005645335206985013,-0.00047904653904562184,-5.299186664243724e-05,-6.242662713423896e-05,7.29306154766831e-05,0.0004684920490474801,-0.0005054337473062352,0.0006608057727441631,-4.877526899276896e-06,-1.6680449052065155e-05,-0.00011582275763277748,0.0,-0.2,0.0,0.6006000000000005,-0.6006000000000005,-2.962962962962963,2.962962962962963,0.6005756784339598,-0.6005450143779978,-0.015601362105969659,0.04624839249880984,0.00017495060141902146,6.603666590715878e-05
Y-,1789636297.3254786,1.733954668045044,1.7679900280018046,1.5885540703697298e-06,-2.5575308830199164e-05,6.558388248555086e-05,-0.00017705041639420925,0.0006135711272520361,-0.0005753913603233928,-5.299186664243724e-05,-6.242662713423896e-05,7.29306154766831e-05,0.0004684920490474801,-0.0005054337473062352,0.0006608057727441631,-4.877526899276896e-06,-1.6680449052065155e-05,-0.00011582275763277748,0.0,-0.2,0.0,0.6006000000000005,-0.6006000000000005,-2.962962962962963,2.962962962962963,0.6005757416347031,-0.6005453796711668,-0.014885970817596067,0.04408560290706599,0.001288348619637879,6.55944659644412e-05
Y-,1789636297.3595407,1.7680168151855469,1.80412888200226,1.57169652195005e-06,-2.556007088369474e-05,6.558956047917646e-05,-0.000172075268334778,0.0005937278476599524,-0.0005436091347232477,-5.299186664243724e-05,-6.242662713423896e-05,7.29306154766831e-05,0.0004684920490474801,-0.0005054337473062352,0.0006608057727441631,-4.877526899276896e-06,-1.6680449052065155e-05,-0.00011582275763277748,0.0,-0.2,0.0,0.6006000000000005,-0.6006000000000005,-2.962962962962963,2.962962962962963,0.6005757424027891,-0.6005454490735849,-0.015103699454115207,0.044840464537142515,0.002381126994882264,6.556971553183811e-05
Y-,1789636297.395685,1.8041610717773438,1.833223118002934,1.5750752861871942e-06,-2.562814954077102e-05,6.569269408685232e-05,2.3115837111278845e-08,-3.7172848623291306e-06,5.8244486574499095e-06,-5.299186664243724e-05,-6.242662713423896e-05,7.29306154766831e-05,0.0004684920490474801,-0.0005054337473062352,0.0006608057727441631,-4.877526899276896e-06,-1.6680449052065155e-05,-0.00011582275763277748,0.0,-0.2,0.0,0.6006000000000005,-0.6006000000000005,-2.962962962962963,2.962962962962963,0.6005757444228985,-0.6005454350424957,-0.015144176196352018,0.045027283139851645,-0.00024219232802000695,6.568069042506787e-05
Y-,1789636297.4247727,1.8332488536834717,1.862321142001747,1.5741525743462326e-06,-2.5670612134624446e-05,6.576005155979817e-05,-0.00017223382217270136,0.0005910629624050962,-0.0005247665626318999,2.5541075441955232e-05,-0.00017071988952688819,0.0002521821908795908,0.0007852504398126775,-0.001082989895604464,0.0017925157540290774,2.4216814018865958e-05,-4.770480830407961e-05,0.00016504984299584466,0.0,-0.2,0.0,0.8008000000000002,-0.8008000000000002,-2.962962962962963,2.962962962962963,0.6005757438764672,-0.60054542437455,-0.015225380954095433,0.04528721460001026,-0.0009542095504056173,6.573589885917719e-05
Y-,1789636297.4538703,1.8623464107513428,1.893382117003057,1.7507742674297e-06,-3.1100214702190106e-05,6.717638948905137e-05,-9.62857946657433e-05,7.70794118687781e-05,-0.0005692017825227816,2.5541075441955232e-05,-0.00017071988952688819,0.0002521821908795908,0.0007852504398126775,-0.001082989895604464,0.0017925157540290774,2.4216814018865958e-05,-4.770480830407961e-05,0.00016504984299584466,0.0,-0.2,0.0,0.8008000000000002,-0.8008000000000002,-2.962962962962963,2.962962962962963,0.6005757438764672,-0.60054542437455,-0.015225380954095433,0.04528721460001026,-0.00258636299268926,6.680256956280358e-05
Y-,1789636297.4849324,1.8934085369110107,1.925189659003081,1.7507742674297e-06,-3.1100214702190106e-05,6.717638948905137e-05,-9.62857946657433e-05,7.70794118687781e-05,-0.0005692017825227816,2.5541075441955232e-05,-0.00017071988952688819,0.0002521821908795908,0.0007852504398126775,-0.001082989895604464,0.0017925157540290774,2.4216814018865958e-05,-4.770480830407961e-05,0.00016504984299584466,0.0,-0.2,0.0,0.8008000000000002,-0.8008000000000002,-2.962962962962963,2.962962962962963,0.6005757438764672,-0.60054542437455,-0.015225380954095433,0.04528721460001026,-0.00258636299268926,6.680256956280358e-05
Y-,1789636297.516741,1.9252171516418457,1.9583649060004973,1.7507742674297e-06,-3.1100214702190106e-05,6.717638948905137e-05,-9.62857946657433e-05,7.70794118687781e-05,-0.0005692017825227816,2.5541075441955232e-05,-0.00017071988952688819,0.0002521821908795908,0.0007852504398126775,-0.001082989895604464,0.0017925157540290774,2.4216814018865958e-05,-4.770480830407961e-05,0.00016504984299584466,0.0,-0.2,0.0,0.8008000000000002,-0.8008000000000002,-2.962962962962963,2.962962962962963,0.6005757438764672,-0.60054542437455,-0.015225380954095433,0.04528721460001026,-0.00258636299268926,6.680256956280358e-05
Y-,1789636297.5499182,1.9583942890167236,1.987891677999869,1.7507742674297e-06,-3.1100214702190106e-05,6.717638948905137e-05,-9.62857946657433e-05,7.70794118687781e-05,-0.0005692017825227816,2.5541075441955232e-05,-0.00017071988952688819,0.0002521821908795908,0.0007852504398126775,-0.001082989895604464,0.0017925157540290774,2.4216814018865958e-05,-4.770480830407961e-05,0.00016504984299584466,0.0,-0.2,0.0,0.8008000000000002,-0.8008000000000002,-2.962962962962963,2.962962962962963,0.6005757438764672,-0.60054542437455,-0.015225380954095433,0.04528721460001026,-0.00258636299268926,6.680256956280358e-05
Y-,1789636297.5794463,1.9879224300384521,2.0187070690008113,1.7507742674297e-06,-3.1100214702190106e-05,6.717638948905137e-05,-9.62857946657433e-05,7.70794118687781e-05,-0.0005692017825227816,2.5541075441955232e-05,-0.00017071988952688819,0.0002521821908795908,0.0007852504398126775,-0.001082989895604464,0.0017925157540290774,2.4216814018865958e-05,-4.770480830407961e-05,0.00016504984299584466,0.0,-0.2,0.0,0.8008000000000002,-0.8008000000000002,-2.962962962962963,2.962962962962963,0.6005757438764672,-0.60054542437455,-0.015225380954095433,0.04528721460001026,-0.00258636299268926,6.680256956280358e-05
Y-,1789636297.6102571,2.018733263015747,2.0482367080003314,1.7507742674297e-06,-3.1100214702190106e-05,6.717638948905137e-05,-9.62857946657433e-05,7.70794118687781e-05,-0.0005692017825227816,2.5541075441955232e-05,-0.00017071988952688819,0.0002521821908795908,0.0007852504398126775,-0.001082989895604464,0.0017925157540290774,2.4216814018865958e-05,-4.770480830407961e-05,0.00016504984299584466,0.0,-0.2,0.0,0.8008000000000002,-0.8008000000000002,-2.962962962962963,2.962962962962963,0.6005757438764672,-0.60054542437455,-0.015225380954095433,0.04528721460001026,-0.00258636299268926,6.680256956280358e-05
Y-,1789636297.6397913,2.048267364501953,2.0732634680025512,1.7507742674297e-06,-3.1100214702190106e-05,6.717638948905137e-05,-9.62857946657433e-05,7.70794118687781e-05,-0.0005692017825227816,2.5541075441955232e-05,-0.00017071988952688819,0.0002521821908795908,0.0007852504398126775,-0.001082989895604464,0.0017925157540290774,2.4216814018865958e-05,-4.770480830407961e-05,0.00016504984299584466,0.0,-0.2,0.0,0.8008000000000002,-0.8008000000000002,-2.962962962962963,2.962962962962963,0.6005757438764672,-0.60054542437455,-0.015225380954095433,0.04528721460001026,-0.00258636299268926,6.680256956280358e-05
Y-,1789636297.664814,2.0732901096343994,2.104207757001859,1.7507742674297e-06,-3.1100214702190106e-05,6.717638948905137e-05,-9.62857946657433e-05,7.70794118687781e-05,-0.0005692017825227816,2.5541075441955232e-05,-0.00017071988952688819,0.0002521821908795908,0.0007852504398126775,-0.001082989895604464,0.0017925157540290774,2.4216814018865958e-05,-4.770480830407961e-05,0.00016504984299584466,0.0,-0.2,0.0,0.8008000000000002,-0.8008000000000002,-2.962962962962963,2.962962962962963,0.6005757438764672,-0.60054542437455,-0.015225380954095433,0.04528721460001026,-0.00258636299268926,6.680256956280358e-05
Y-,1789636297.6957583,2.104234457015991,2.135960313000396,1.7507742674297e-06,-3.1100214702190106e-05,6.717638948905137e-05,-9.62857946657433e-05,7.70794118687781e-05,-0.0005692017825227816,2.5541075441955232e-05,-0.00017071988952688819,0.0002521821908795908,0.0007852504398126775,-0.001082989895604464,0.0017925157540290774,2.4216814018865958e-05,-4.770480830407961e-05,0.00016504984299584466,0.0,-0.2,0.0,0.8008000000000002,-0.8008000000000002,-2.962962962962963,2.962962962962963,0.6005757438764672,-0.60054542437455,-0.015225380954095433,0.04528721460001026,-0.00258636299268926,6.680256956280358e-05
Y-,1789636297.7275105,2.135986566543579,2.1612804640026297,1.7507742674297e-06,-3.1100214702190106e-05,6.717638948905137e-05,-9.62857946657433e-05,7.70794118687781e-05,-0.0005692017825227816,2.5541075441955232e-05,-0.00017071988952688819,0.0002521821908795908,0.0007852504398126775,-0.001082989895604464,0.0017925157540290774,2.4216814018865958e-05,-4.770480830407961e-05,0.00016504984299584466,0.0,-0.2,0.0,0.8008000000000002,-0.8008000000000002,-2.962962962962963,2.962962962962963,0.6005757438764672,-0.60054542437455,-0.015225380954095433,0.04528721460001026,-0.00258636299268926,6.680256956280358e-05
Y-,1789636297.7528334,2.1613094806671143,2.1877755950008577,1.9461332518184993e-06,-3.923266369446239e-05,6.76661054354788e-05,-0.00013322052114103796,0.00047005524072547844,-0.0004814505655124067,2.5541075441955232e-05,-0.00017071988952688819,0.0002521821908795908,0.0007852504398126775,-0.001082989895604464,0.0017925157540290774,2.4216814018865958e-05,-4.770480830407961e-05,0.00016504984299584466,0.0,-0.2,0.0,0.8008000000000002,-0.8008000000000002,-2.962962962962963,2.962962962962963,0.8007755229997446,-0.8007431823931164,-0.015829153316449598,0.04532522540880675,-0.0020326729254417342,6.726819124791218e-05
Y-,1789636297.779323,2.1877992153167725,2.210821680000663,1.9118954689839596e-06,-4.219406075408726e-05,6.640972777862679e-05,-0.0001563961525885104,0.0008651963290652329,-0.0007881613553007978,2.5541075441955232e-05,-0.00017071988952688819,0.0002521821908795908,0.0007852504398126775,-0.001082989895604464,0.0017925157540290774,2.4216814018865958e-05,-4.770480830407961e-05,0.00016504984299584466,0.0,-0.2,0.0,0.8008000000000002,-0.8008000000000002,-2.962962962962963,2.962962962962963,0.8007755311174467,-0.8007431726886605,-0.01362767491530038,0.04104371839145805,-0.003463502233454202,6.6729805711739e-05
Y-,1789636297.8023698,2.210845947265625,2.238404851002997,1.7504239096625962e-06,-4.193000905829483e-05,6.53806082564331e-05,-0.00017138589362687188,0.0009431559481389624,-0.0007809398001590972,2.5541075441955232e-05,-0.00017071988952688819,0.0002521821908795908,0.0007852504398126775,-0.001082989895604464,0.0017925157540290774,2.4216814018865958e-05,-4.770480830407961e-05,0.00016504984299584466,0.0,-0.2,0.0,0.8008000000000002,-0.8008000000000002,-2.962962962962963,2.962962962962963,0.8007753602704781,-0.8007433566108606,-0.011249463491694147,0.03765059010834361,0.0003729434044696771,6.551769242801251e-05
Y-,1789636297.829946,2.238422155380249,2.2685082420030085,1.6697387356968962e-06,-4.185035461579112e-05,6.530713534911418e-05,-0.00015678280648178958,0.0008895037405987323,-0.0007360074999792238,2.5541075441955232e-05,-0.00017071988952688819,0.0002521821908795908,0.0007852504398126775,-0.001082989895604464,0.0017925157540290774,2.4216814018865958e-05,-4.770480830407961e-05,0.00016504984299584466,0.0,-0.2,0.0,0.8008000000000002,-0.8008000000000002,-2.962962962962963,2.962962962962963,0.800775364103842,-0.8007433522132406,-0.01164851270202839,0.038764725401454814,0.0013965029610122463,6.527949778425221e-05
Y-,1789636297.8600664,2.268542528152466,2.3001630840008147,1.6653783721232163e-06,-4.1959504633881824e-05,6.532146947912316e-05,-0.0001581395600479236,0.0008859113405913745,-0.0007194202363672907,8.60765925115023e-05,-0.0002866582025855489,0.000460121775463294,0.000605062775671589,-0.0011595357535122135,0.0020793958458370314,2.766804456142819e-05,-5.250106927382256e-05,0.00016777426651908294,0.0,-0.2,0.0,0.8008000000000002,-0.8008000000000002,-2.962962962962963,2.962962962962963,0.800775370196404,-0.8007433334696286,-0.011712877658197698,0.03900061263683993,-0.0015526779222460284,6.53238755233439e-05
Y-,1789636297.8917122,2.3001883029937744,2.3291227640002035,1.791575531987638e-06,-4.8433701965445476e-05,6.61106191567307e-05,-6.522899913220397e-05,-9.090550012625731e-05,-0.00046902786070826584,8.60765925115023e-05,-0.0002866582025855489,0.000460121775463294,0.000605062775671589,-0.0011595357535122135,0.0020793958458370314,5.209671341259141e-05,-0.00010585817835085462,-3.328585323647549e-05,0.0,-0.2,0.0,1.0009999999999994,-1.001,-2.962962962962963,2.962962962962963,0.8007753727253357,-0.8007433094057816,-0.011800987623891005,0.03932445388030363,0.0005319267515118435,6.531521649437701e-05
Y-,1789636297.9206738,2.3291499614715576,2.365345932001219,1.919950374029006e-06,-5.621938666858055e-05,6.589066875022423e-05,-0.0001039161554186826,-8.390623764697102e-05,-0.0006825284067965984,8.60765925115023e-05,-0.0002866582025855489,0.000460121775463294,0.000605062775671589,-0.0011595357535122135,0.0020793958458370314,5.209671341259141e-05,-0.00010585817835085462,-3.328585323647549e-05,0.0,-0.2,0.0,1.0009999999999994,-1.001,-2.962962962962963,2.962962962962963,1.0009754228536147,-1.0009437161367032,-0.022794127136146772,0.051702702727777106,0.002964349631514412,6.61106191567307e-05
Y-,1789636297.9569025,2.3653786182403564,2.3918667170000845,1.919950374029006e-06,-5.621938666858055e-05,6.589066875022423e-05,-0.0001039161554186826,-8.390623764697102e-05,-0.0006825284067965984,8.60765925115023e-05,-0.0002866582025855489,0.000460121775463294,0.000605062775671589,-0.0011595357535122135,0.0020793958458370314,5.209671341259141e-05,-0.00010585817835085462,-3.328585323647549e-05,0.0,-0.2,0.0,1.0009999999999994,-1.001,-2.962962962962963,2.962962962962963,1.0009754228536147,-1.0009437161367032,-0.022794127136146772,0.051702702727777106,0.002964349631514412,6.61106191567307e-05
Y-,1789636297.9834177,2.3918938636779785,2.4232426430025953,1.919950374029006e-06,-5.621938666858055e-05,6.589066875022423e-05,-0.0001039161554186826,-8.390623764697102e-05,-0.0006825284067965984,8.60765925115023e-05,-0.0002866582025855489,0.000460121775463294,0.000605062775671589,-0.0011595357535122135,0.0020793958458370314,5.209671341259141e-05,-0.00010585817835085462,-3.328585323647549e-05,0.0,-0.2,0.0,1.0009999999999994,-1.001,-2.962962962962963,2.962962962962963,1.0009754228536147,-1.0009437161367032,-0.022794127136146772,0.051702702727777106,0.002964349631514412,6.61106191567307e-05
Y-,1789636298.0147946,2.4232707023620605,2.448624506003398,1.919950374029006e-06,-5.621938666858055e-05,6.589066875022423e-05,-0.0001039161554186826,-8.390623764697102e-05,-0.0006825284067965984,8.60765925115023e-05,-0.0002866582025855489,0.000460121775463294,0.000605062775671589,-0.0011595357535122135,0.0020793958458370314,5.209671341259141e-05,-0.00010585817835085462,-3.328585323647549e-05,0.0,-0.2,0.0,1.0009999999999994,-1.001,-2.962962962962963,2.962962962962963,1.0009754228536147,-1.0009437161367032,-0.022794127136146772,0.051702702727777106,0.002964349631514412,6.61106191567307e-05
Y-,1789636298.0401726,2.448648691177368,2.4778629900029046,1.919950374029006e-06,-5.621938666858055e-05,6.589066875022423e-05,-0.0001039161554186826,-8.390623764697102e-05,-0.0006825284067965984,8.60765925115023e-05,-0.0002866582025855489,0.000460121775463294,0.000605062775671589,-0.0011595357535122135,0.0020793958458370314,5.209671341259141e-05,-0.00010585817835085462,-3.328585323647549e-05,0.0,-0.2,0.0,1.0009999999999994,-1.001,-2.962962962962963,2.962962962962963,1.0009754228536147,-1.0009437161367032,-0.022794127136146772,0.051702702727777106,0.002964349631514412,6.61106191567307e-05
Y-,1789636298.0694175,2.477893590927124,2.5139395050027815,1.919950374029006e-06,-5.621938666858055e-05,6.589066875022423e-05,-0.0001039161554186826,-8.390623764697102e-05,-0.0006825284067965984,8.60765925115023e-05,-0.0002866582025855489,0.000460121775463294,0.000605062775671589,-0.0011595357535122135,0.0020793958458370314,5.209671341259141e-05,-0.00010585817835085462,-3.328585323647549e-05,0.0,-0.2,0.0,1.0009999999999994,-1.001,-2.962962962962963,2.962962962962963,1.0009754228536147,-1.0009437161367032,-0.022794127136146772,0.051702702727777106,0.002964349631514412,6.61106191567307e-05
Y-,1789636298.1054938,2.513969898223877,2.542388899000798,1.919950374029006e-06,-5.621938666858055e-05,6.589066875022423e-05,-0.0001039161554186826,-8.390623764697102e-05,-0.0006825284067965984,8.60765925115023e-05,-0.0002866582025855489,0.000460121775463294,0.000605062775671589,-0.0011595357535122135,0.0020793958458370314,5.209671341259141e-05,-0.00010585817835085462,-3.328585323647549e-05,0.0,-0.2,0.0,1.0009999999999994,-1.001,-2.962962962962963,2.962962962962963,1.0009754228536147,-1.0009437161367032,-0.022794127136146772,0.051702702727777106,0.002964349631514412,6.61106191567307e-05
Y-,1789636298.1339302,2.5424063205718994,2.569297464000556,1.919950374029006e-06,-5.621938666858055e-05,6.589066875022423e-05,-0.0001039161554186826,-8.390623764697102e-05,-0.0006825284067965984,8.60765925115023e-05,-0.0002866582025855489,0.000460121775463294,0.000605062775671589,-0.0011595357535122135,0.0020793958458370314,5.209671341259141e-05,-0.00010585817835085462,-3.328585323647549e-05,0.0,-0.2,0.0,1.0009999999999994,-1.001,-2.962962962962963,2.962962962962963,1.0009754228536147,-1.0009437161367032,-0.022794127136146772,0.051702702727777106,0.002964349631514412,6.61106191567307e-05
Y-,1789636298.1608498,2.5693259239196777,2.5991980010003317,1.919950374029006e-06,-5.621938666858055e-05,6.589066875022423e-05,-0.0001039161554186826,-8.390623764697102e-05,-0.0006825284067965984,8.60765925115023e-05,-0.0002866582025855489,0.000460121775463294,0.000605062775671589,-0.0011595357535122135,0.0020793958458370314,5.209671341259141e-05,-0.00010585817835085462,-3.328585323647549e-05,0.0,-0.2,0.0,1.0009999999999994,-1.001,-2.962962962962963,2.962962962962963,1.0009754228536147,-1.0009437161367032,-0.022794127136146772,0.051702702727777106,0.002964349631514412,6.61106191567307e-05
Y-,1789636298.190748,2.599224090576172,2.6272722810026607,1.919950374029006e-06,-5.621938666858055e-05,6.589066875022423e-05,-0.0001039161554186826,-8.390623764697102e-05,-0.0006825284067965984,8.60765925115023e-05,-0.0002866582025855489,0.000460121775463294,0.000605062775671589,-0.0011595357535122135,0.0020793958458370314,5.209671341259141e-05,-0.00010585817835085462,-3.328585323647549e-05,0.0,-0.2,0.0,1.0009999999999994,-1.001,-2.962962962962963,2.962962962962963,1.0009754228536147,-1.0009437161367032,-0.022794127136146772,0.051702702727777106,0.002964349631514412,6.61106191567307e-05
Y-,1789636298.2188234,2.6272995471954346,2.653634509002586,1.919950374029006e-06,-5.621938666858055e-05,6.589066875022423e-05,-0.0001039161554186826,-8.390623764697102e-05,-0.0006825284067965984,8.60765925115023e-05,-0.0002866582025855489,0.000460121775463294,0.000605062775671589,-0.0011595357535122135,0.0020793958458370314,5.209671341259141e-05,-0.00010585817835085462,-3.328585323647549e-05,0.0,-0.2,0.0,1.0009999999999994,-1.001,-2.962962962962963,2.962962962962963,1.0009754228536147,-1.0009437161367032,-0.022794127136146772,0.051702702727777106,0.002964349631514412,6.61106191567307e-05
Y-,1789636298.2451823,2.653658390045166,2.6811819350004953,1.919950374029006e-06,-5.621938666858055e-05,6.589066875022423e-05,-0.0001039161554186826,-8.390623764697102e-05,-0.0006825284067965984,8.60765925115023e-05,-0.0002866582025855489,0.000460121775463294,0.000605062775671589,-0.0011595357535122135,0.0020793958458370314,5.209671341259141e-05,-0.00010585817835085462,-3.328585323647549e-05,0.0,-0.2,0.0,1.0009999999999994,-1.001,-2.962962962962963,2.962962962962963,1.0009754228536147,-1.0009437161367032,-0.022794127136146772,0.051702702727777106,0.002964349631514412,6.61106191567307e-05
Y-,1789636298.272731,2.6812071800231934,2.714428820003377,1.933303928797897e-06,-6.522357973807059e-05,6.565810202746575e-05,-0.00012022711078439201,0.00033007159078309164,-0.00042196596568431306,8.60765925115023e-05,-0.0002866582025855489,0.000460121775463294,0.000605062775671589,-0.0011595357535122135,0.0020793958458370314,5.209671341259141e-05,-0.00010585817835085462,-3.328585323647549e-05,0.0,-0.2,0.0,1.0009999999999994,-1.001,-2.962962962962963,2.962962962962963,1.000975244368349,-1.000943521261437,-0.01716769510432513,0.046963594134331245,0.0007534638841898307,6.558841849730201e-05
Y-,1789636298.3059783,2.714454412460327,2.7377705740000238,1.9342570245946267e-06,-7.640391963156367e-05,6.480934013872834e-05,-0.00016488191460631058,0.0009497206604670405,-0.0009736941857543114,8.60765925115023e-05,-0.0002866582025855489,0.000460121775463294,0.000605062775671589,-0.0011595357535122135,0.0020793958458370314,5.209671341259141e-05,-0.00010585817835085462,-3.328585323647549e-05,0.0,-0.2,0.0,1.0009999999999994,-1.001,-2.962962962962963,2.962962962962963,1.0009752014583118,-1.000943268740956,-0.013870807855725947,0.04230573842549652,3.4919894246098946e-05,6.509772019973182e-05
Y-,1789636298.3293247,2.7378008365631104,2.769458010003291,1.4112393954511526e-06,-7.67516615405861e-05,6.114856726132353e-05,-0.00013982523242507647,0.0015161518960229662,-0.0006808333030356976,8.60765925115023e-05,-0.0002866582025855489,0.000460121775463294,0.000605062775671589,-0.0011595357535122135,0.0020793958458370314,5.209671341259141e-05,-0.00010585817835085462,-3.328585323647549e-05,0.0,-0.2,0.0,1.0009999999999994,-1.001,-2.962962962962963,2.962962962962963,1.0009750310331373,-1.000942936439876,-0.005949425935248942,0.030689105640800032,-0.0033302861228765874,6.119055294239398e-05
Y-,1789636298.3610015,2.769477605819702,2.8005598000017926,1.5152205082372139e-06,-7.543361981672634e-05,6.149899292295749e-05,-0.00012343028199138272,0.0015048876021670134,-0.0005177116199243287,8.60765925115023e-05,-0.0002866582025855489,0.000460121775463294,0.000605062775671589,-0.0011595357535122135,0.0020793958458370314,5.209671341259141e-05,-0.00010585817835085462,-3.328585323647549e-05,0.0,-0.2,0.0,1.0009999999999994,-1.001,-2.962962962962963,2.962962962962963,1.0009750515243354,-1.0009431494115875,-0.0018670797259078865,0.030682996916867787,0.000391989661766778,6.139237477895116e-05
Y-,1789636298.3921106,2.800586700439453,2.8318014169999515,1.6722636901472798e-06,-7.517245283441155e-05,6.207261579293234e-05,-0.00015437513290519097,0.0013966663187611364,-0.0005510893598037645,0.00013650415325495107,-0.0003775600780775758,0.0007221975336654172,0.0005038572947451929,-0.0009092506868747879,0.0026207575820212333,5.867179717130698e-05,-0.00013612591935790495,0.00012447428111921782,0.0,-0.2,0.0,1.2009999999999996,-1.2009999999999998,-2.962962962962963,2.962962962962963,1.000975054710115,-1.0009431538525373,-0.0034610323511066812,0.03239057522896044,-0.004628363469019453,6.208639932181925e-05
Y-,1789636298.4233484,2.831824541091919,2.8599007050033833,1.936169722386444e-06,-9.965269623434057e-05,6.511725219397202e-05,-7.332504492244105e-05,-0.0013306357430512108,-0.0003695222611253832,0.00013650415325495107,-0.0003775600780775758,0.0007221975336654172,0.0005038572947451929,-0.0009092506868747879,0.0026207575820212333,5.867179717130698e-05,-0.00013612591935790495,0.00012447428111921782,0.0,-0.2,0.0,1.2012,-1.2011999999999998,-2.962962962962963,2.962962962962963,1.2011753135134056,-1.2011425445605637,-0.03505521791391925,0.06543564331378661,0.0018892887093652673,6.4317140525856e-05
Y-,1789636298.4514487,2.859924793243408,2.8859785160020692,1.936169722386444e-06,-9.965269623434057e-05,6.511725219397202e-05,-7.332504492244105e-05,-0.0013306357430512108,-0.0003695222611253832,0.00013650415325495107,-0.0003775600780775758,0.0007221975336654172,0.0005038572947451929,-0.0009092506868747879,0.0026207575820212333,5.867179717130698e-05,-0.00013612591935790495,0.00012447428111921782,0.0,-0.2,0.0,1.2012,-1.2011999999999998,-2.962962962962963,2.962962962962963,1.2011753135134056,-1.2011425445605637,-0.03505521791391925,0.06543564331378661,0.0018892887093652673,6.4317140525856e-05
Y-,1789636298.47753,2.8860061168670654,2.91488285000014,1.936169722386444e-06,-9.965269623434057e-05,6.511725219397202e-05,-7.332504492244105e-05,-0.0013306357430512108,-0.0003695222611253832,0.00013650415325495107,-0.0003775600780775758,0.0007221975336654172,0.0005038572947451929,-0.0009092506868747879,0.0026207575820212333,5.867179717130698e-05,-0.00013612591935790495,0.00012447428111921782,0.0,-0.2,0.0,1.2012,-1.2011999999999998,-2.962962962962963,2.962962962962963,1.2011753135134056,-1.2011425445605637,-0.03505521791391925,0.06543564331378661,0.0018892887093652673,6.4317140525856e-05
Y-,1789636298.5064344,2.9149105548858643,2.9406929340002534,1.936169722386444e-06,-9.965269623434057e-05,6.511725219397202e-05,-7.332504492244105e-05,-0.0013306357430512108,-0.0003695222611253832,0.00013650415325495107,-0.0003775600780775758,0.0007221975336654172,0.0005038572947451929,-0.0009092506868747879,0.0026207575820212333,5.867179717130698e-05,-0.00013612591935790495,0.00012447428111921782,0.0,-0.2,0.0,1.2012,-1.2011999999999998,-2.962962962962963,2.962962962962963,1.2011753135134056,-1.2011425445605637,-0.03505521791391925,0.06543564331378661,0.0018892887093652673,6.4317140525856e-05
Y-,1789636298.5322456,2.9407217502593994,2.970186898000975,1.936169722386444e-06,-9.965269623434057e-05,6.511725219397202e-05,-7.332504492244105e-05,-0.0013306357430512108,-0.0003695222611253832,0.00013650415325495107,-0.0003775600780775758,0.0007221975336654172,0.0005038572947451929,-0.0009092506868747879,0.0026207575820212333,5.867179717130698e-05,-0.00013612591935790495,0.00012447428111921782,0.0,-0.2,0.0,1.2012,-1.2011999999999998,-2.962962962962963,2.962962962962963,1.2011753135134056,-1.2011425445605637,-0.03505521791391925,0.06543564331378661,0.0018892887093652673,6.4317140525856e-05
Y-,1789636298.5617368,2.970212936401367,3.000667185002385,1.936169722386444e-06,-9.965269623434057e-05,6.511725219397202e-05,-7.332504492244105e-05,-0.0013306357430512108,-0.0003695222611253832,0.00013650415325495107,-0.0003775600780775758,0.0007221975336654172,0.0005038572947451929,-0.0009092506868747879,0.0026207575820212333,5.867179717130698e-05,-0.00013612591935790495,0.00012447428111921782,0.0,-0.2,0.0,1.2012,-1.2011999999999998,-2.962962962962963,2.962962962962963,1.2011753135134056,-1.2011425445605637,-0.03505521791391925,0.06543564331378661,0.0018892887093652673,6.4317140525856e-05
Y-,1789636298.5922313,3.0007073879241943,3.027339063002728,1.936169722386444e-06,-9.965269623434057e-05,6.511725219397202e-05,-7.332504492244105e-05,-0.0013306357430512108,-0.0003695222611253832,0.00013650415325495107,-0.0003775600780775758,0.0007221975336654172,0.0005038572947451929,-0.0009092506868747879,0.0026207575820212333,5.867179717130698e-05,-0.00013612591935790495,0.00012447428111921782,0.0,-0.2,0.0,1.2012,-1.2011999999999998,-2.962962962962963,2.962962962962963,1.2011753135134056,-1.2011425445605637,-0.03505521791391925,0.06543564331378661,0.0018892887093652673,6.4317140525856e-05
Y-,1789636298.618893,3.0273690223693848,3.0571856910028146,1.936169722386444e-06,-9.965269623434057e-05,6.511725219397202e-05,-7.332504492244105e-05,-0.0013306357430512108,-0.0003695222611253832,0.00013650415325495107,-0.0003775600780775758,0.0007221975336654172,0.0005038572947451929,-0.0009092506868747879,0.0026207575820212333,5.867179717130698e-05,-0.00013612591935790495,0.00012447428111921782,0.0,-0.2,0.0,1.2012,-1.2011999999999998,-2.962962962962963,2.962962962962963,1.2011753135134056,-1.2011425445605637,-0.03505521791391925,0.06543564331378661,0.0018892887093652673,6.4317140525856e-05
Y-,1789636298.64874,3.057216167449951,3.0831837660007295,1.936169722386444e-06,-9.965269623434057e-05,6.511725219397202e-05,-7.332504492244105e-05,-0.0013306357430512108,-0.0003695222611253832,0.00013650415325495107,-0.0003775600780775758,0.0007221975336654172,0.0005038572947451929,-0.0009092506868747879,0.0026207575820212333,5.867179717130698e-05,-0.00013612591935790495,0.00012447428111921782,0.0,-0.2,0.0,1.2012,-1.2011999999999998,-2.962962962962963,2.962962962962963,1.2011753135134056,-1.2011425445605637,-0.03505521791391925,0.06543564331378661,0.0018892887093652673,6.4317140525856e-05
Y-,1789636298.6747353,3.0832114219665527,3.108833931000845,1.936169722386444e-06,-9.965269623434057e-05,6.511725219397202e-05,-7.332504492244105e-05,-0.0013306357430512108,-0.0003695222611253832,0.00013650415325495107,-0.0003775600780775758,0.0007221975336654172,0.0005038572947451929,-0.0009092506868747879,0.0026207575820212333,5.867179717130698e-05,-0.00013612591935790495,0.00012447428111921782,0.0,-0.2,0.0,1.2012,-1.2011999999999998,-2.962962962962963,2.962962962962963,1.2011753135134056,-1.2011425445605637,-0.03505521791391925,0.06543564331378661,0.0018892887093652673,6.4317140525856e-05
Y-,1789636298.7003868,3.10886287689209,3.1349452170034056,1.936169722386444e-06,-9.965269623434057e-05,6.511725219397202e-05,-7.332504492244105e-05,-0.0013306357430512108,-0.0003695222611253832,0.00013650415325495107,-0.0003775600780775758,0.0007221975336654172,0.0005038572947451929,-0.0009092506868747879,0.0026207575820212333,5.867179717130698e-05,-0.00013612591935790495,0.00012447428111921782,0.0,-0.2,0.0,1.2012,-1.2011999999999998,-2.962962962962963,2.962962962962963,1.2011753135134056,-1.2011425445605637,-0.03505521791391925,0.06543564331378661,0.0018892887093652673,6.4317140525856e-05
Y-,1789636298.7264967,3.1349728107452393,3.160593846001575,1.936169722386444e-06,-9.965269623434057e-05,6.511725219397202e-05,-7.332504492244105e-05,-0.0013306357430512108,-0.0003695222611253832,0.00013650415325495107,-0.0003775600780775758,0.0007221975336654172,0.0005038572947451929,-0.0009092506868747879,0.0026207575820212333,5.867179717130698e-05,-0.00013612591935790495,0.00012447428111921782,0.0,-0.2,0.0,1.2012,-1.2011999999999998,-2.962962962962963,2.962962962962963,1.2011753135134056,-1.2011425445605637,-0.03505521791391925,0.06543564331378661,0.0018892887093652673,6.4317140525856e-05
Y-,1789636298.7521443,3.1606204509735107,3.1870631279998634,2.052063994045089e-06,-0.00011718364888341649,6.518999863119005e-05,-0.00010559250649197743,-0.0014236602235474889,-0.0005857818456811101,0.00013650415325495107,-0.0003775600780775758,0.0007221975336654172,0.0005038572947451929,-0.0009092506868747879,0.0026207575820212333,5.867179717130698e-05,-0.00013612591935790495,0.00012447428111921782,0.0,-0.2,0.0,1.2012,-1.2011999999999998,-2.962962962962963,2.962962962962963,1.2011753135134056,-1.2011425445605637,-0.03505521791391925,0.06543564331378661,0.0018892887093652673,6.4317140525856e-05
Y-,1789636298.778617,3.1870930194854736,3.216645945001801,2.0249658998564013e-06,-0.00014613312449266933,6.333233095238099e-05,-0.00015814380701779322,-0.00042681935155257323,-0.00024088897653170096,0.00013650415325495107,-0.0003775600780775758,0.0007221975336654172,0.0005038572947451929,-0.0009092506868747879,0.0026207575820212333,5.867179717130698e-05,-0.00013612591935790495,0.00012447428111921782,0.0,-0.2,0.0,1.2012,-1.2011999999999998,-2.962962962962963,2.962962962962963,1.201175124666042,-1.201143122907462,-0.02911556022417413,0.05614017148135636,-0.0045543800263667025,6.333233095238099e-05
Y-,1789636298.808201,3.216677188873291,3.253754186000151,1.8352660470857818e-06,-0.00017295646433398374,6.0995217194378146e-05,-0.00016292841615240378,0.0013359136069943235,-0.0008009664342473528,0.00013650415325495107,-0.0003775600780775758,0.0007221975336654172,0.0005038572947451929,-0.0009092506868747879,0.0026207575820212333,5.867179717130698e-05,-0.00013612591935790495,0.00012447428111921782,0.0,-0.2,0.0,1.2012,-1.2011999999999998,-2.962962962962963,2.962962962962963,1.2011747935702521,-1.2011421386236787,-0.010054930022708049,0.03753944561298168,0.002560629091940467,6.222146900295786e-05
Y-,1789636298.8453057,3.253781795501709,3.2843683950013656,1.8008406992217618e-06,-0.0001706482533841286,5.993028841440086e-05,-0.0001496235438726754,0.002233220144287192,-0.00048244996756434183,0.00013650415325495107,-0.0003775600780775758,0.0007221975336654172,0.0005038572947451929,-0.0009092506868747879,0.0026207575820212333,5.867179717130698e-05,-0.00013612591935790495,0.00012447428111921782,0.0,-0.2,0.0,1.2012,-1.2011999999999998,-2.962962962962963,2.962962962962963,1.20117466150137,-1.201142488118923,0.00859040497288796,0.02207281548351492,0.0008943931373469195,5.993028841440086e-05
Y-,1789636298.8759186,3.2843947410583496,3.3149929600003816,1.8705449105968497e-06,-0.00016679507731834787,6.112455832448733e-05,-0.00014580521094430357,0.0022857686939373595,-0.00047623669789002425,0.00017181693465583307,-0.0004175751542970683,0.0010257077885222252,0.00035283873405008413,-0.0004004056858559341,0.003035102548568081,6.372188032004763e-05,-0.00016465582981797555,2.4620141117903517e-05,0.0,-0.2,0.0,1.4014000000000006,-1.4013999999999998,-2.962962962962963,2.962962962962963,1.2011746149106566,-1.2011425682115586,0.00967717774520413,0.021433268018525003,-0.0038418235350447245,6.0708367926321546e-05
Y-,1789636298.9065404,3.315016508102417,3.3396998240023095,2.0380471360305352e-06,-0.0001800426477392477,6.285821139536619e-05,-0.00011496683792160958,-0.0020089392203495133,6.035081891055149e-05,0.00017181693465583307,-0.0004175751542970683,0.0010257077885222252,0.00035283873405008413,-0.0004004056858559341,0.003035102548568081,6.372188032004763e-05,-0.00016465582981797555,2.4620141117903517e-05,0.0,-0.2,0.0,1.4014000000000006,-1.4013999999999998,-2.962962962962963,2.962962962962963,1.2011746513834343,-1.2011425178108492,0.00871773756093123,0.022004351260007996,-0.003910322917523049,6.124962558889764e-05
Y-,1789636298.9312522,3.339728355407715,3.365822706000472,2.0380471360305352e-06,-0.0001800426477392477,6.285821139536619e-05,-0.00011496683792160958,-0.0020089392203495133,6.035081891055149e-05,0.00017181693465583307,-0.0004175751542970683,0.0010257077885222252,0.00035283873405008413,-0.0004004056858559341,0.003035102548568081,6.372188032004763e-05,-0.00016465582981797555,2.4620141117903517e-05,0.0,-0.2,0.0,1.4014000000000006,-1.4013999999999998,-2.962962962962963,2.962962962962963,1.2011746513834343,-1.2011425178108492,0.00871773756093123,0.022004351260007996,-0.003910322917523049,6.124962558889764e-05
Y-,1789636298.957375,3.3658511638641357,3.3919176190029248,2.0380471360305352e-06,-0.0001800426477392477,6.285821139536619e-05,-0.00011496683792160958,-0.0020089392203495133,6.035081891055149e-05,0.00017181693465583307,-0.0004175751542970683,0.0010257077885222252,0.00035283873405008413,-0.0004004056858559341,0.003035102548568081,6.372188032004763e-05,-0.00016465582981797555,2.4620141117903517e-05,0.0,-0.2,0.0,1.4014000000000006,-1.4013999999999998,-2.962962962962963,2.962962962962963,1.2011746513834343,-1.2011425178108492,0.00871773756093123,0.022004351260007996,-0.003910322917523049,6.124962558889764e-05
Y-,1789636298.9834673,3.3919434547424316,3.4189031250025437,2.0380471360305352e-06,-0.0001800426477392477,6.285821139536619e-05,-0.00011496683792160958,-0.0020089392203495133,6.035081891055149e-05,0.00017181693465583307,-0.0004175751542970683,0.0010257077885222252,0.00035283873405008413,-0.0004004056858559341,0.003035102548568081,6.372188032004763e-05,-0.00016465582981797555,2.4620141117903517e-05,0.0,-0.2,0.0,1.4014000000000006,-1.4013999999999998,-2.962962962962963,2.962962962962963,1.2011746513834343,-1.2011425178108492,0.00871773756093123,0.022004351260007996,-0.003910322917523049,6.124962558889764e-05
Y-,1789636299.0104547,3.418930768966675,3.4444878400026937,2.0380471360305352e-06,-0.0001800426477392477,6.285821139536619e-05,-0.00011496683792160958,-0.0020089392203495133,6.035081891055149e-05,0.00017181693465583307,-0.0004175751542970683,0.0010257077885222252,0.00035283873405008413,-0.0004004056858559341,0.003035102548568081,6.372188032004763e-05,-0.00016465582981797555,2.4620141117903517e-05,0.0,-0.2,0.0,1.4014000000000006,-1.4013999999999998,-2.962962962962963,2.962962962962963,1.2011746513834343,-1.2011425178108492,0.00871773756093123,0.022004351260007996,-0.003910322917523049,6.124962558889764e-05
Y-,1789636299.0360417,3.4445178508758545,3.470741753000766,2.0380471360305352e-06,-0.0001800426477392477,6.285821139536619e-05,-0.00011496683792160958,-0.0020089392203495133,6.035081891055149e-05,0.00017181693465583307,-0.0004175751542970683,0.0010257077885222252,0.00035283873405008413,-0.0004004056858559341,0.003035102548568081,6.372188032004763e-05,-0.00016465582981797555,2.4620141117903517e-05,0.0,-0.2,0.0,1.4014000000000006,-1.4013999999999998,-2.962962962962963,2.962962962962963,1.2011746513834343,-1.2011425178108492,0.00871773756093123,0.022004351260007996,-0.003910322917523049,6.124962558889764e-05
Y-,1789636299.0622916,3.4707677364349365,3.497829989002639,2.0380471360305352e-06,-0.0001800426477392477,6.285821139536619e-05,-0.00011496683792160958,-0.0020089392203495133,6.035081891055149e-05,0.00017181693465583307,-0.0004175751542970683,0.0010257077885222252,0.00035283873405008413,-0.0004004056858559341,0.003035102548568081,6.372188032004763e-05,-0.00016465582981797555,2.4620141117903517e-05,0.0,-0.2,0.0,1.4014000000000006,-1.4013999999999998,-2.962962962962963,2.962962962962963,1.2011746513834343,-1.2011425178108492,0.00871773756093123,0.022004351260007996,-0.003910322917523049,6.124962558889764e-05
Y-,1789636299.0893853,3.497861385345459,3.5270438760016987,2.0380471360305352e-06,-0.0001800426477392477,6.285821139536619e-05,-0.00011496683792160958,-0.0020089392203495133,6.035081891055149e-05,0.00017181693465583307,-0.0004175751542970683,0.0010257077885222252,0.00035283873405008413,-0.0004004056858559341,0.003035102548568081,6.372188032004763e-05,-0.00016465582981797555,2.4620141117903517e-05,0.0,-0.2,0.0,1.4014000000000006,-1.4013999999999998,-2.962962962962963,2.962962962962963,1.2011746513834343,-1.2011425178108492,0.00871773756093123,0.022004351260007996,-0.003910322917523049,6.124962558889764e-05
Y-,1789636299.1185951,3.527071237564087,3.5532472240010975,2.0380471360305352e-06,-0.0001800426477392477,6.285821139536619e-05,-0.00011496683792160958,-0.0020089392203495133,6.035081891055149e-05,0.00017181693465583307,-0.0004175751542970683,0.0010257077885222252,0.00035283873405008413,-0.0004004056858559341,0.003035102548568081,6.372188032004763e-05,-0.00016465582981797555,2.4620141117903517e-05,0.0,-0.2,0.0,1.4014000000000006,-1.4013999999999998,-2.962962962962963,2.962962962962963,1.2011746513834343,-1.2011425178108492,0.00871773756093123,0.022004351260007996,-0.003910322917523049,6.124962558889764e-05
Y-,1789636299.1447978,3.553273916244507,3.5820949080007267,2.0380471360305352e-06,-0.0001800426477392477,6.285821139536619e-05,-0.00011496683792160958,-0.0020089392203495133,6.035081891055149e-05,0.00017181693465583307,-0.0004175751542970683,0.0010257077885222252,0.00035283873405008413,-0.0004004056858559341,0.003035102548568081,6.372188032004763e-05,-0.00016465582981797555,2.4620141117903517e-05,0.0,-0.2,0.0,1.4014000000000006,-1.4013999999999998,-2.962962962962963,2.962962962962963,1.2011746513834343,-1.2011425178108492,0.00871773756093123,0.022004351260007996,-0.003910322917523049,6.124962558889764e-05
Y-,1789636299.1736495,3.582125663757324,3.6192189220018918,2.0380471360305352e-06,-0.0001800426477392477,6.285821139536619e-05,-0.00011496683792160958,-0.0020089392203495133,6.035081891055149e-05,0.00017181693465583307,-0.0004175751542970683,0.0010257077885222252,0.00035283873405008413,-0.0004004056858559341,0.003035102548568081,6.372188032004763e-05,-0.00016465582981797555,2.4620141117903517e-05,0.0,-0.2,0.0,1.4014000000000006,-1.4013999999999998,-2.962962962962963,2.962962962962963,1.2011746513834343,-1.2011425178108492,0.00871773756093123,0.022004351260007996,-0.003910322917523049,6.124962558889764e-05
Y-,1789636299.2107747,3.619250774383545,3.6552531870001985,2.0380471360305352e-06,-0.0001800426477392477,6.285821139536619e-05,-0.00011496683792160958,-0.0020089392203495133,6.035081891055149e-05,0.00017181693465583307,-0.0004175751542970683,0.0010257077885222252,0.00035283873405008413,-0.0004004056858559341,0.003035102548568081,6.372188032004763e-05,-0.00016465582981797555,2.4620141117903517e-05,0.0,-0.2,0.0,1.4014000000000006,-1.4013999999999998,-2.962962962962963,2.962962962962963,1.2011746513834343,-1.2011425178108492,0.00871773756093123,0.022004351260007996,-0.003910322917523049,6.124962558889764e-05
Y-,1789636299.2468057,3.6552817821502686,3.6962897990015335,2.1199625556689305e-06,-0.00019301310137678426,6.425410310536589e-05,-0.00010975684791650732,-0.00331516512124677,0.0001543115545682047,0.00017181693465583307,-0.0004175751542970683,0.0010257077885222252,0.00035283873405008413,-0.0004004056858559341,0.003035102548568081,6.372188032004763e-05,-0.00016465582981797555,2.4620141117903517e-05,0.0,-0.2,0.0,1.4014000000000006,-1.4013999999999998,-2.962962962962963,2.962962962962963,1.4013756496681165,-1.4013439607731808,-0.06730632784118687,0.10336047033292244,-9.325443796288663e-05,6.425410310536589e-05
Y-,1789636299.2878404,3.6963164806365967,3.733373893002863,2.6515474462716904e-06,-0.0003975615441965197,6.303218287395448e-05,0.00115398731483258,-0.010511973164968876,-0.0024259480976898517,0.00017181693465583307,-0.0004175751542970683,0.0010257077885222252,0.00035283873405008413,-0.0004004056858559341,0.003035102548568081,6.372188032004763e-05,-0.00016465582981797555,2.4620141117903517e-05,0.0,-0.2,0.0,1.4014000000000006,-1.4013999999999998,-2.962962962962963,2.962962962962963,1.401376653617361,-1.4013435775385075,-0.16511857593306464,0.19143324670260187,-0.004421090462597403,6.524965492817655e-05
Y-,1789636299.3249233,3.7333993911743164,3.766582111002208,3.9687324714352684e-05,-0.0007232510627904485,-2.740754347070061e-05,0.005299963842894901,-0.01619883587954762,-0.009031102803066906,0.00017181693465583307,-0.0004175751542970683,0.0010257077885222252,0.00035283873405008413,-0.0004004056858559341,0.003035102548568081,6.372188032004763e-05,-0.00016465582981797555,2.4620141117903517e-05,0.0,-0.2,0.0,1.4014000000000006,-1.4013999999999998,-2.962962962962963,2.962962962962963,1.4013793894450535,-1.4013419423416194,-0.2580894793168322,0.24619986886203588,-0.00844397738403738,-2.740754347070061e-05
Y-,1789636299.3581312,3.7666072845458984,3.7953707550004765,8.797393677819135e-05,-0.0010416789493633517,-0.0001429270249628428,0.005217787887670477,-0.020955094965667657,-0.010258829021027774,0.00017181693465583307,-0.0004175751542970683,0.0010257077885222252,0.00035283873405008413,-0.0004004056858559341,0.003035102548568081,6.372188032004763e-05,-0.00016465582981797555,2.4620141117903517e-05,0.0,-0.2,0.0,1.4014000000000006,-1.4013999999999998,-2.962962962962963,2.962962962962963,1.4013806502606023,-1.4013424217103232,-0.35406454377453433,0.323533086708227,-0.007714537037148297,-9.052571634142385e-05
Y-,1789636299.3869197,3.795395851135254,3.8201584220005316,0.0001342478941805253,-0.001457818198239304,-0.0002819395083938215,0.005380485975466003,-0.02521274745079953,-0.011718211342558352,0.00017181693465583307,-0.0004175751542970683,0.0010257077885222252,0.00035283873405008413,-0.0004004056858559341,0.003035102548568081,6.372188032004763e-05,-0.00016465582981797555,2.4620141117903517e-05,0.0,-0.2,0.0,1.4014000000000006,-1.4013999999999998,-2.962962962962963,2.962962962962963,1.401380988939005,-1.4013428358225166,-0.39711878486362806,0.3600743310309839,-0.009199303750476385,-0.0002549739660943027
Y-,1789636299.4117124,3.820188522338867,3.853572134001297,0.00018074804522844046,-0.0018545000086094303,-0.00042416113217127007,0.004932607732978133,-0.029895879541743862,-0.012435646375428312,0.00014938719950831635,-0.0030136509923139043,0.0005358457379511164,-0.0002509253808835356,-0.02596051466031806,-0.0048986205057110896,0.00010445375763305334,-0.00028966908074245395,-0.00044428157758868997,0.0,-0.2,0.0,1.5707963267948966,-1.5707963267948966,-2.962962962962963,2.962962962962963,1.401382497693847,-1.4013424822635567,-0.47321956520563135,0.4169653211194432,-0.011692626196925583,-0.00035923001222221525
Y-,1789636299.4451249,3.8536009788513184,3.8892533690013806,0.00019009590858260275,-0.0021766684029378286,-0.0005050871116804923,0.0009301445691896697,-0.038758517566299666,-0.008108649649666665,0.00014938719950831635,-0.0030136509923139043,0.0005358457379511164,-0.0002509253808835356,-0.02596051466031806,-0.0048986205057110896,0.00010445375763305334,-0.00028966908074245395,-0.00044428157758868997,0.0,-0.2,0.0,1.5707963267948966,-1.5707963267948966,-2.962962962962963,2.962962962962963,1.5707790678544518,-1.5707468028798868,-0.6203917443021666,0.5569214783043696,-0.011262889469027652,-0.00047397362676264784
Y-,1789636299.4808166,3.8892927169799805,3.9143846170009056,0.00019009590858260275,-0.0021766684029378286,-0.0005050871116804923,0.0009301445691896697,-0.038758517566299666,-0.008108649649666665,0.00014938719950831635,-0.0030136509923139043,0.0005358457379511164,-0.0002509253808835356,-0.02596051466031806,-0.0048986205057110896,0.00010445375763305334,-0.00028966908074245395,-0.00044428157758868997,0.0,-0.2,0.0,1.5707963267948966,-1.5707963267948966,-2.962962962962963,2.962962962962963,1.5707790678544518,-1.5707468028798868,-0.6203917443021666,0.5569214783043696,-0.011262889469027652,-0.00047397362676264784
Y-,1789636299.5059378,3.9144139289855957,3.946458029000496,0.00019009590858260275,-0.0021766684029378286,-0.0005050871116804923,0.0009301445691896697,-0.038758517566299666,-0.008108649649666665,0.00014938719950831635,-0.0030136509923139043,0.0005358457379511164,-0.0002509253808835356,-0.02596051466031806,-0.0048986205057110896,0.00010445375763305334,-0.00028966908074245395,-0.00044428157758868997,0.0,-0.2,0.0,1.5707963267948966,-1.5707963267948966,-2.962962962962963,2.962962962962963,1.5707790678544518,-1.5707468028798868,-0.6203917443021666,0.5569214783043696,-0.011262889469027652,-0.00047397362676264784
Y-,1789636299.538011,3.9464871883392334,3.974092359003407,0.00019009590858260275,-0.0021766684029378286,-0.0005050871116804923,0.0009301445691896697,-0.038758517566299666,-0.008108649649666665,0.00014938719950831635,-0.0030136509923139043,0.0005358457379511164,-0.0002509253808835356,-0.02596051466031806,-0.0048986205057110896,0.00010445375763305334,-0.00028966908074245395,-0.00044428157758868997,0.0,-0.2,0.0,1.5707963267948966,-1.5707963267948966,-2.962962962962963,2.962962962962963,1.5707790678544518,-1.5707468028798868,-0.6203917443021666,0.5569214783043696,-0.011262889469027652,-0.00047397362676264784
Y-,1789636299.565641,3.9741170406341553,4.005144693001057,0.00019009590858260275,-0.0021766684029378286,-0.0005050871116804923,0.0009301445691896697,-0.038758517566299666,-0.008108649649666665,0.00014938719950831635,-0.0030136509923139043,0.0005358457379511164,-0.0002509253808835356,-0.02596051466031806,-0.0048986205057110896,0.00010445375763305334,-0.00028966908074245395,-0.00044428157758868997,0.0,-0.2,0.0,1.5707963267948966,-1.5707963267948966,-2.962962962962963,2.962962962962963,1.5707790678544518,-1.5707468028798868,-0.6203917443021666,0.5569214783043696,-0.011262889469027652,-0.00047397362676264784
Y-,1789636299.5966978,4.005173921585083,4.040386128002865,0.00019009590858260275,-0.0021766684029378286,-0.0005050871116804923,0.0009301445691896697,-0.038758517566299666,-0.008108649649666665,0.00014938719950831635,-0.0030136509923139043,0.0005358457379511164,-0.0002509253808835356,-0.02596051466031806,-0.0048986205057110896,0.00010445375763305334,-0.00028966908074245395,-0.00044428157758868997,0.0,-0.2,0.0,1.5707963267948966,-1.5707963267948966,-2.962962962962963,2.962962962962963,1.5707790678544518,-1.5707468028798868,-0.6203917443021666,0.5569214783043696,-0.011262889469027652,-0.00047397362676264784
Y-,1789636299.6319387,4.040414810180664,4.074549635002768,0.00019009590858260275,-0.0021766684029378286,-0.0005050871116804923,0.0009301445691896697,-0.038758517566299666,-0.008108649649666665,0.00014938719950831635,-0.0030136509923139043,0.0005358457379511164,-0.0002509253808835356,-0.02596051466031806,-0.0048986205057110896,0.00010445375763305334,-0.00028966908074245395,-0.00044428157758868997,0.0,-0.2,0.0,1.5707963267948966,-1.5707963267948966,-2.962962962962963,2.962962962962963,1.5707790678544518,-1.5707468028798868,-0.6203917443021666,0.5569214783043696,-0.011262889469027652,-0.00047397362676264784
Y-,1789636299.6661007,4.0745768547058105,4.1030863910018525,0.00019009590858260275,-0.0021766684029378286,-0.0005050871116804923,0.0009301445691896697,-0.038758517566299666,-0.008108649649666665,0.00014938719950831635,-0.0030136509923139043,0.0005358457379511164,-0.0002509253808835356,-0.02596051466031806,-0.0048986205057110896,0.00010445375763305334,-0.00028966908074245395,-0.00044428157758868997,0.0,-0.2,0.0,1.5707963267948966,-1.5707963267948966,-2.962962962962963,2.962962962962963,1.5707790678544518,-1.5707468028798868,-0.6203917443021666,0.5569214783043696,-0.011262889469027652,-0.00047397362676264784
Y-,1789636299.694636,4.10311222076416,4.130692658000044,0.00019009590858260275,-0.0021766684029378286,-0.0005050871116804923,0.0009301445691896697,-0.038758517566299666,-0.008108649649666665,0.00014938719950831635,-0.0030136509923139043,0.0005358457379511164,-0.0002509253808835356,-0.02596051466031806,-0.0048986205057110896,0.00010445375763305334,-0.00028966908074245395,-0.00044428157758868997,0.0,-0.2,0.0,1.5707963267948966,-1.5707963267948966,-2.962962962962963,2.962962962962963,1.5707790678544518,-1.5707468028798868,-0.6203917443021666,0.5569214783043696,-0.011262889469027652,-0.00047397362676264784
Y-,1789636299.722245,4.130721092224121,4.157528518000618,0.00019009590858260275,-0.0021766684029378286,-0.0005050871116804923,0.0009301445691896697,-0.038758517566299666,-0.008108649649666665,0.00014938719950831635,-0.0030136509923139043,0.0005358457379511164,-0.0002509253808835356,-0.02596051466031806,-0.0048986205057110896,0.00010445375763305334,-0.00028966908074245395,-0.00044428157758868997,0.0,-0.2,0.0,1.5707963267948966,-1.5707963267948966,-2.962962962962963,2.962962962962963,1.5707790678544518,-1.5707468028798868,-0.6203917443021666,0.5569214783043696,-0.011262889469027652,-0.00047397362676264784
Y-,1789636299.749077,4.157553195953369,4.185528755002451,0.00019009590858260275,-0.0021766684029378286,-0.0005050871116804923,0.0009301445691896697,-0.038758517566299666,-0.008108649649666665,0.00014938719950831635,-0.0030136509923139043,0.0005358457379511164,-0.0002509253808835356,-0.02596051466031806,-0.0048986205057110896,0.00010445375763305334,-0.00028966908074245395,-0.00044428157758868997,0.0,-0.2,0.0,1.5707963267948966,-1.5707963267948966,-2.962962962962963,2.962962962962963,1.5707790678544518,-1.5707468028798868,-0.6203917443021666,0.5569214783043696,-0.011262889469027652,-0.00047397362676264784
Y-,1789636299.7770786,4.18555474281311,4.214871737000067,0.00019009590858260275,-0.0021766684029378286,-0.0005050871116804923,0.0009301445691896697,-0.038758517566299666,-0.008108649649666665,0.00014938719950831635,-0.0030136509923139043,0.0005358457379511164,-0.0002509253808835356,-0.02596051466031806,-0.0048986205057110896,0.00010445375763305334,-0.00028966908074245395,-0.00044428157758868997,0.0,-0.2,0.0,1.5707963267948966,-1.5707963267948966,-2.962962962962963,2.962962962962963,1.5707790678544518,-1.5707468028798868,-0.6203917443021666,0.5569214783043696,-0.011262889469027652,-0.00047397362676264784
Y-,1789636299.8064225,4.214898586273193,4.248450702001719,0.00017629180895484958,-0.0027558039976091284,-0.000568359436108194,3.687821064278995e-05,-0.04823483663082536,-0.004255707191717868,0.00014938719950831635,-0.0030136509923139043,0.0005358457379511164,-0.0002509253808835356,-0.02596051466031806,-0.0048986205057110896,0.00010445375763305334,-0.00028966908074245395,-0.00044428157758868997,0.0,-0.2,0.0,1.5707963267948966,-1.5707963267948966,-2.962962962962963,2.962962962962963,1.5707780427499936,-1.5707493850323946,-0.7235695124451166,0.6960645155335411,-0.007112914964495591,-0.0005348332644413808
Y-,1789636299.840002,4.248478174209595,4.278791186003218,0.00016708928858735414,-0.003766400303665648,-0.000592853437329755,0.0006594522876480103,-0.06111229585789356,-0.0006009464764018635,0.00014938719950831635,-0.0030136509923139043,0.0005358457379511164,-0.0002509253808835356,-0.02596051466031806,-0.0048986205057110896,0.00010445375763305334,-0.00028966908074245395,-0.00044428157758868997,0.0,-0.2,0.0,1.5707963267948966,-1.5707963267948966,-2.962962962962963,2.962962962962963,1.570776822631477,-1.570755067205348,-0.9226304782065344,0.9337832033769452,-0.006396452473322698,-0.0005918821115952139
Y-,1789636299.8703392,4.278815269470215,4.308040144002007,0.00016356125914390035,-0.00499582711951403,-0.0005723535278765718,0.0005861438453304006,-0.07254121461920254,0.0008020393399663581,0.00014938719950831635,-0.0030136509923139043,0.0005358457379511164,-0.0002509253808835356,-0.02596051466031806,-0.0048986205057110896,0.00010445375763305334,-0.00028966908074245395,-0.00044428157758868997,0.0,-0.2,0.0,1.5707963267948966,-1.5707963267948966,-2.962962962962963,2.962962962962963,1.57077661797514,-1.570757560868386,-1.016743047468939,1.0389078043231783,-0.001799331456544456,-0.0005753362162573065
Y-,1789636299.8995914,4.308067560195923,4.337408099003369,0.00015932877875535212,-0.006335502343988325,-0.0005480263563925013,0.00041606178504411404,-0.08213537946299777,0.0008005091387844126,0.00014938719950831635,-0.0030136509923139043,0.0005358457379511164,-0.0002509253808835356,-0.02596051466031806,-0.0048986205057110896,0.00010445375763305334,-0.00028966908074245395,-0.00044428157758868997,0.0,-0.2,0.0,1.5707963267948966,-1.5707963267948966,-2.962962962962963,2.962962962962963,1.5707771683653293,-1.5707606245673196,-1.197425101025985,1.221259713024844,0.002232659203993875,-0.0005606028669364449
Y-,1789636299.9289565,4.337432622909546,4.368026163003378,0.0001560598907440862,-0.007465072216406881,-0.0005304693414867578,0.00030614859250401353,-0.08877409002008069,0.0008732123438406516,0.00015386462813330964,-0.011244699447184833,0.000778228690584505,6.685595984649381e-07,-0.08231049672388721,0.0024238295263338872,0.00010445375763305334,-0.00028966908074245395,-0.0004442815775886899,0.0,-0.2,0.0,1.5707963267948966,-1.5707963267948966,-2.962962962962963,2.962962962962963,1.5707775787875526,-1.5707618046337988,-1.2807416966952068,1.3035753129059469,-0.0003468208123304714,-0.0005318167987749763
Y-,1789636299.9595761,4.368052244186401,4.399543068000639,0.00015244961952969732,-0.008773922653302454,-0.0005111305940486806,-0.00026930589757730486,-0.0969314527573169,0.0014429567521520171,0.00015386462813330964,-0.011244699447184833,0.000778228690584505,6.685595984649381e-07,-0.08231049672388721,0.0024238295263338872,0.00012944855924335418,-0.004624338742089412,-0.0008300197365615813,0.0,-0.2,0.0,1.5707963267948966,-1.5707963267948966,-2.962962962962963,2.962962962962963,1.5707783973620097,-1.5707637976741058,-1.4324114050601338,1.4548278297653618,0.0012802011396971212,-0.0005167948453893223
Y-,1789636299.9910948,4.399570941925049,4.435250868002186,0.00015051230327016787,-0.009461633872780251,-0.0005007400877620359,5.875065807950993e-05,-0.09834144774685293,0.0012293443884797085,0.00015386462813330964,-0.011244699447184833,0.000778228690584505,6.685595984649381e-07,-0.08231049672388721,0.0024238295263338872,0.00012944855924335418,-0.004624338742089412,-0.0008300197365615813,0.0,-0.2,0.0,1.5707963267948966,-1.5707963267948966,-2.962962962962963,2.962962962962963,1.5707788050122753,-1.5707646104698565,-1.501214187413562,1.524483128822837,0.001977494598987813,-0.0005007400877620359
Y-,1789636300.026802,4.4352781772613525,4.460344841001643,0.00015051230327016787,-0.009461633872780251,-0.0005007400877620359,5.875065807950993e-05,-0.09834144774685293,0.0012293443884797085,0.00015386462813330964,-0.011244699447184833,0.000778228690584505,6.685595984649381e-07,-0.08231049672388721,0.0024238295263338872,0.00012944855924335418,-0.004624338742089412,-0.0008300197365615813,0.0,-0.2,0.0,1.5707963267948966,-1.5707963267948966,-2.962962962962963,2.962962962962963,1.5707788050122753,-1.5707646104698565,-1.501214187413562,1.524483128822837,0.001977494598987813,-0.0005007400877620359
Y-,1789636300.0518928,4.460368871688843,4.48986036000133,0.00015051230327016787,-0.009461633872780251,-0.0005007400877620359,5.875065807950993e-05,-0.09834144774685293,0.0012293443884797085,0.00015386462813330964,-0.011244699447184833,0.000778228690584505,6.685595984649381e-07,-0.08231049672388721,0.0024238295263338872,0.00012944855924335418,-0.004624338742089412,-0.0008300197365615813,0.0,-0.2,0.0,1.5707963267948966,-1.5707963267948966,-2.962962962962963,2.962962962962963,1.5707788050122753,-1.5707646104698565,-1.501214187413562,1.524483128822837,0.001977494598987813,-0.0005007400877620359
Y-,1789636300.0814128,4.489888906478882,4.5159239180029545,0.00015051230327016787,-0.009461633872780251,-0.0005007400877620359,5.875065807950993e-05,-0.09834144774685293,0.0012293443884797085,0.00015386462813330964,-0.011244699447184833,0.000778228690584505,6.685595984649381e-07,-0.08231049672388721,0.0024238295263338872,0.00012944855924335418,-0.004624338742089412,-0.0008300197365615813,0.0,-0.2,0.0,1.5707963267948966,-1.5707963267948966,-2.962962962962963,2.962962962962963,1.5707788050122753,-1.5707646104698565,-1.501214187413562,1.524483128822837,0.001977494598987813,-0.0005007400877620359
Y-,1789636300.1074781,4.515954256057739,4.552983438003139,0.00015051230327016787,-0.009461633872780251,-0.0005007400877620359,5.875065807950993e-05,-0.09834144774685293,0.0012293443884797085,0.00015386462813330964,-0.011244699447184833,0.000778228690584505,6.685595984649381e-07,-0.08231049672388721,0.0024238295263338872,0.00012944855924335418,-0.004624338742089412,-0.0008300197365615813,0.0,-0.2,0.0,1.5707963267948966,-1.5707963267948966,-2.962962962962963,2.962962962962963,1.5707788050122753,-1.5707646104698565,-1.501214187413562,1.524483128822837,0.001977494598987813,-0.0005007400877620359
Y-,1789636300.1445422,4.55301833152771,4.580833517000428,0.00015051230327016787,-0.009461633872780251,-0.0005007400877620359,5.875065807950993e-05,-0.09834144774685293,0.0012293443884797085,0.00015386462813330964,-0.011244699447184833,0.000778228690584505,6.685595984649381e-07,-0.08231049672388721,0.0024238295263338872,0.00012944855924335418,-0.004624338742089412,-0.0008300197365615813,0.0,-0.2,0.0,1.5707963267948966,-1.5707963267948966,-2.962962962962963,2.962962962962963,1.5707788050122753,-1.5707646104698565,-1.501214187413562,1.524483128822837,0.001977494598987813,-0.0005007400877620359
Y-,1789636300.1723764,4.580852508544922,4.613860764002311,0.00015051230327016787,-0.009461633872780251,-0.0005007400877620359,5.875065807950993e-05,-0.09834144774685293,0.0012293443884797085,0.00015386462813330964,-0.011244699447184833,0.000778228690584505,6.685595984649381e-07,-0.08231049672388721,0.0024238295263338872,0.00012944855924335418,-0.004624338742089412,-0.0008300197365615813,0.0,-0.2,0.0,1.5707963267948966,-1.5707963267948966,-2.962962962962963,2.962962962962963,1.5707788050122753,-1.5707646104698565,-1.501214187413562,1.524483128822837,0.001977494598987813,-0.0005007400877620359
Y-,1789636300.2054117,4.613887786865234,4.640474659001484,0.00015051230327016787,-0.009461633872780251,-0.0005007400877620359,5.875065807950993e-05,-0.09834144774685293,0.0012293443884797085,0.00015386462813330964,-0.011244699447184833,0.000778228690584505,6.685595984649381e-07,-0.08231049672388721,0.0024238295263338872,0.00012944855924335418,-0.004624338742089412,-0.0008300197365615813,0.0,-0.2,0.0,1.5707963267948966,-1.5707963267948966,-2.962962962962963,2.962962962962963,1.5707788050122753,-1.5707646104698565,-1.501214187413562,1.524483128822837,0.001977494598987813,-0.0005007400877620359
Y-,1789636300.2320251,4.640501260757446,4.6657401860029495,0.00015051230327016787,-0.009461633872780251,-0.0005007400877620359,5.875065807950993e-05,-0.09834144774685293,0.0012293443884797085,0.00015386462813330964,-0.011244699447184833,0.000778228690584505,6.685595984649381e-07,-0.08231049672388721,0.0024238295263338872,0.00012944855924335418,-0.004624338742089412,-0.0008300197365615813,0.0,-0.2,0.0,1.5707963267948966,-1.5707963267948966,-2.962962962962963,2.962962962962963,1.5707788050122753,-1.5707646104698565,-1.501214187413562,1.524483128822837,0.001977494598987813,-0.0005007400877620359
Y-,1789636300.2572896,4.665765762329102,4.6945909679998294,0.00015051230327016787,-0.009461633872780251,-0.0005007400877620359,5.875065807950993e-05,-0.09834144774685293,0.0012293443884797085,0.00015386462813330964,-0.011244699447184833,0.000778228690584505,6.685595984649381e-07,-0.08231049672388721,0.0024238295263338872,0.00012944855924335418,-0.004624338742089412,-0.0008300197365615813,0.0,-0.2,0.0,1.5707963267948966,-1.5707963267948966,-2.962962962962963,2.962962962962963,1.5707788050122753,-1.5707646104698565,-1.501214187413562,1.524483128822837,0.001977494598987813,-0.0005007400877620359
Y-,1789636300.2861478,4.694623947143555,4.722652490003384,0.00015051230327016787,-0.009461633872780251,-0.0005007400877620359,5.875065807950993e-05,-0.09834144774685293,0.0012293443884797085,0.00015386462813330964,-0.011244699447184833,0.000778228690584505,6.685595984649381e-07,-0.08231049672388721,0.0024238295263338872,0.00012944855924335418,-0.004624338742089412,-0.0008300197365615813,0.0,-0.2,0.0,1.5707963267948966,-1.5707963267948966,-2.962962962962963,2.962962962962963,1.5707788050122753,-1.5707646104698565,-1.501214187413562,1.524483128822837,0.001977494598987813,-0.0005007400877620359
Y-,1789636300.3142037,4.722679853439331,4.758081668001978,0.00015051230327016787,-0.009461633872780251,-0.0005007400877620359,5.875065807950993e-05,-0.09834144774685293,0.0012293443884797085,0.00015386462813330964,-0.011244699447184833,0.000778228690584505,6.685595984649381e-07,-0.08231049672388721,0.0024238295263338872,0.00012944855924335418,-0.004624338742089412,-0.0008300197365615813,0.0,-0.2,0.0,1.5707963267948966,-1.5707963267948966,-2.962962962962963,2.962962962962963,1.5707788050122753,-1.5707646104698565,-1.501214187413562,1.524483128822837,0.001977494598987813,-0.0005007400877620359
Y-,1789636300.3496358,4.758111953735352,4.790887670002121,0.00015051230327016787,-0.009461633872780251,-0.0005007400877620359,5.875065807950993e-05,-0.09834144774685293,0.0012293443884797085,0.00015386462813330964,-0.011244699447184833,0.000778228690584505,6.685595984649381e-07,-0.08231049672388721,0.0024238295263338872,0.00012944855924335418,-0.004624338742089412,-0.0008300197365615813,0.0,-0.2,0.0,1.5707963267948966,-1.5707963267948966,-2.962962962962963,2.962962962962963,1.5707788050122753,-1.5707646104698565,-1.501214187413562,1.524483128822837,0.001977494598987813,-0.0005007400877620359
Y-,1789636300.382441,4.790917158126831,4.825902201002464,0.00014681485726404653,-0.010688494058802976,-0.00048084327553276696,-0.00014604808351269336,-0.10322271568621723,0.0015912642551714168,0.00015386462813330964,-0.011244699447184833,0.000778228690584505,6.685595984649381e-07,-0.08231049672388721,0.0024238295263338872,0.00012944855924335418,-0.004624338742089412,-0.0008300197365615813,0.0,-0.2,0.0,1.5707963267948966,-1.5707963267948966,-2.962962962962963,2.962962962962963,1.570779059359439,-1.5707652976647788,-1.5649700710284147,1.5906195012785873,0.0008566352865217887,-0.0004843709795357883
Y-,1789636300.4174519,4.825927972793579,4.851539264000166,0.0001407102806349654,-0.012633490141229886,-0.0004452276043808184,-0.0003635435251781359,-0.10987100404176872,0.0017926187573104797,0.00015386462813330964,-0.011244699447184833,0.000778228690584505,6.685595984649381e-07,-0.08231049672388721,0.0024238295263338872,0.00012944855924335418,-0.004624338742089412,-0.0008300197365615813,0.0,-0.2,0.0,1.5707963267948966,-1.5707963267948966,-2.962962962962963,2.962962962962963,1.5707797124769352,-1.5707663201610167,-1.680531386615378,1.711240688477923,-0.001165266358300249,-0.0004654871993830899
Y-,1789636300.4430885,4.851564645767212,4.880357480000384,0.00013703035793426188,-0.013993595246982213,-0.00042434619896699986,-0.0003558640541118804,-0.113871522391227,0.001358405658725723,0.00015386462813330964,-0.011244699447184833,0.000778228690584505,6.685595984649381e-07,-0.08231049672388721,0.0024238295263338872,0.00012944855924335418,-0.004624338742089412,-0.0008300197365615813,0.0,-0.2,0.0,1.5707963267948966,-1.5707963267948966,-2.962962962962963,2.962962962962963,1.5707800585103895,-1.5707666220752685,-1.735050864484351,1.763840363500246,0.0006348256020130451,-0.00042739552060314475
Y-,1789636300.471905,4.880381107330322,4.91064833800192,0.00013383054336060796,-0.01648202132027278,-0.0004061338978894659,-0.000172238259665308,-0.12008778669565881,0.00013059644153938122,0.00015386462813330964,-0.011244699447184833,0.000778228690584505,6.685595984649381e-07,-0.08231049672388721,0.0024238295263338872,0.00012944855924335418,-0.004624338742089412,-0.0008300197365615813,0.0,-0.2,0.0,1.5707963267948966,-1.5707963267948966,-2.962962962962963,2.962962962962963,1.5707807815527,-1.5707670867220855,-1.8434118770665646,1.8562599115249254,0.00174584060133361,-0.00040705981219495954
Y-,1789636300.5022037,4.910679817199707,4.9403143230010755,0.0001334429571786533,-0.018838364581606863,-0.00040680086541061304,-0.00012190089688700627,-0.12495962213395298,-0.00022782852619886542,0.00016334290986101855,-0.023316174106510996,0.0008552835979693469,8.391188821216666e-07,-0.1207147838011306,0.0007705490738484178,0.00012976083090182383,-0.004733206100646419,-0.0008247587023530867,0.0,-0.2,0.0,1.5707963267948966,-1.5707963267948966,-2.962962962962963,2.962962962962963,1.570780846663486,-1.570767217998048,-1.9340678762669883,1.9405608884738634,0.0007692802047582024,-0.0004066390281049337
Y-,1789636300.531868,4.9403440952301025,4.969607306000398,0.0001329099713956207,-0.021020436442298673,-0.00040521617877409396,-0.00016711355831245322,-0.12877973337598952,0.000128016669481271,0.00016334290986101855,-0.023316174106510996,0.0008552835979693469,8.391188821216666e-07,-0.1207147838011306,0.0007705490738484178,0.00013036073149950468,-0.02445668305528348,3.200677403133014e-08,0.0,-0.2,0.0,1.5707963267948966,-1.5707963267948966,-2.962962962962963,2.962962962962963,1.5707801634982541,-1.5707673897775356,-2.013394359389158,2.0203484436184196,0.0017603184052593266,-0.00040682427553259416
Y-,1789636300.5611596,4.969635725021362,4.99397278700053,0.0001329099713956207,-0.021020436442298673,-0.00040521617877409396,-0.00016711355831245322,-0.12877973337598952,0.000128016669481271,0.00016334290986101855,-0.023316174106510996,0.0008552835979693469,8.391188821216666e-07,-0.1207147838011306,0.0007705490738484178,0.00013036073149950468,-0.02445668305528348,3.200677403133014e-08,0.0,-0.2,0.0,1.5707963267948966,-1.5707963267948966,-2.962962962962963,2.962962962962963,1.5707801634982541,-1.5707673897775356,-2.013394359389158,2.0203484436184196,0.0017603184052593266,-0.00040682427553259416
Y-,1789636300.585522,4.993998050689697,5.020074343003216,0.0001329099713956207,-0.021020436442298673,-0.00040521617877409396,-0.00016711355831245322,-0.12877973337598952,0.000128016669481271,0.00016334290986101855,-0.023316174106510996,0.0008552835979693469,8.391188821216666e-07,-0.1207147838011306,0.0007705490738484178,0.00013036073149950468,-0.02445668305528348,3.200677403133014e-08,0.0,-0.2,0.0,1.5707963267948966,-1.5707963267948966,-2.962962962962963,2.962962962962963,1.5707801634982541,-1.5707673897775356,-2.013394359389158,2.0203484436184196,0.0017603184052593266,-0.00040682427553259416
Y-,1789636300.611625,5.020101070404053,5.070049354002549,0.0001329099713956207,-0.021020436442298673,-0.00040521617877409396,-0.00016711355831245322,-0.12877973337598952,0.000128016669481271,0.00016334290986101855,-0.023316174106510996,0.0008552835979693469,8.391188821216666e-07,-0.1207147838011306,0.0007705490738484178,0.00013036073149950468,-0.02445668305528348,3.200677403133014e-08,0.0,-0.2,0.0,1.5707963267948966,-1.5707963267948966,-2.962962962962963,2.962962962962963,1.5707801634982541,-1.5707673897775356,-2.013394359389158,2.0203484436184196,0.0017603184052593266,-0.00040682427553259416
Y-,1789636300.6616032,5.070079326629639,5.09826297300242,0.0001329099713956207,-0.021020436442298673,-0.00040521617877409396,-0.00016711355831245322,-0.12877973337598952,0.000128016669481271,0.00016334290986101855,-0.023316174106510996,0.0008552835979693469,8.391188821216666e-07,-0.1207147838011306,0.0007705490738484178,0.00013036073149950468,-0.02445668305528348,3.200677403133014e-08,0.0,-0.2,0.0,1.5707963267948966,-1.5707963267948966,-2.962962962962963,2.962962962962963,1.5707801634982541,-1.5707673897775356,-2.013394359389158,2.0203484436184196,0.0017603184052593266,-0.00040682427553259416
Y-,1789636300.6898136,5.098289728164673,5.123810271001275,0.0001329099713956207,-0.021020436442298673,-0.00040521617877409396,-0.00016711355831245322,-0.12877973337598952,0.000128016669481271,0.00016334290986101855,-0.023316174106510996,0.0008552835979693469,8.391188821216666e-07,-0.1207147838011306,0.0007705490738484178,0.00013036073149950468,-0.02445668305528348,3.200677403133014e-08,0.0,-0.2,0.0,1.5707963267948966,-1.5707963267948966,-2.962962962962963,2.962962962962963,1.5707801634982541,-1.5707673897775356,-2.013394359389158,2.0203484436184196,0.0017603184052593266,-0.00040682427553259416
Y-,1789636300.7153664,5.123842477798462,5.148926791000122,0.0001329099713956207,-0.021020436442298673,-0.00040521617877409396,-0.00016711355831245322,-0.12877973337598952,0.000128016669481271,0.00016334290986101855,-0.023316174106510996,0.0008552835979693469,8.391188821216666e-07,-0.1207147838011306,0.0007705490738484178,0.00013036073149950468,-0.02445668305528348,3.200677403133014e-08,0.0,-0.2,0.0,1.5707963267948966,-1.5707963267948966,-2.962962962962963,2.962962962962963,1.5707801634982541,-1.5707673897775356,-2.013394359389158,2.0203484436184196,0.0017603184052593266,-0.00040682427553259416
Y-,1789636300.7404778,5.148953914642334,5.177620027003286,0.0001329099713956207,-0.021020436442298673,-0.00040521617877409396,-0.00016711355831245322,-0.12877973337598952,0.000128016669481271,0.00016334290986101855,-0.023316174106510996,0.0008552835979693469,8.391188821216666e-07,-0.1207147838011306,0.0007705490738484178,0.00013036073149950468,-0.02445668305528348,3.200677403133014e-08,0.0,-0.2,0.0,1.5707963267948966,-1.5707963267948966,-2.962962962962963,2.962962962962963,1.5707801634982541,-1.5707673897775356,-2.013394359389158,2.0203484436184196,0.0017603184052593266,-0.00040682427553259416
Y-,1789636300.7691731,5.177649259567261,5.21193368600143,0.0001329099713956207,-0.021020436442298673,-0.00040521617877409396,-0.00016711355831245322,-0.12877973337598952,0.000128016669481271,0.00016334290986101855,-0.023316174106510996,0.0008552835979693469,8.391188821216666e-07,-0.1207147838011306,0.0007705490738484178,0.00013036073149950468,-0.02445668305528348,3.200677403133014e-08,0.0,-0.2,0.0,1.5707963267948966,-1.5707963267948966,-2.962962962962963,2.962962962962963,1.5707801634982541,-1.5707673897775356,-2.013394359389158,2.0203484436184196,0.0017603184052593266,-0.00040682427553259416
Y-,1789636300.803492,5.211968183517456,5.245509539003251,0.0001329099713956207,-0.021020436442298673,-0.00040521617877409396,-0.00016711355831245322,-0.12877973337598952,0.000128016669481271,0.00016334290986101855,-0.023316174106510996,0.0008552835979693469,8.391188821216666e-07,-0.1207147838011306,0.0007705490738484178,0.00013036073149950468,-0.02445668305528348,3.200677403133014e-08,0.0,-0.2,0.0,1.5707963267948966,-1.5707963267948966,-2.962962962962963,2.962962962962963,1.5707801634982541,-1.5707673897775356,-2.013394359389158,2.0203484436184196,0.0017603184052593266,-0.00040682427553259416
Y-,1789636300.8376582,5.246134281158447,5.271868018000532,0.0001329099713956207,-0.021020436442298673,-0.00040521617877409396,-0.00016711355831245322,-0.12877973337598952,0.000128016669481271,0.00016334290986101855,-0.023316174106510996,0.0008552835979693469,8.391188821216666e-07,-0.1207147838011306,0.0007705490738484178,0.00013036073149950468,-0.02445668305528348,3.200677403133014e-08,0.0,-0.2,0.0,1.5707963267948966,-1.5707963267948966,-2.962962962962963,2.962962962962963,1.5707801634982541,-1.5707673897775356,-2.013394359389158,2.0203484436184196,0.0017603184052593266,-0.00040682427553259416
Y-,1789636300.863422,5.271898031234741,5.302657883003121,0.0001329099713956207,-0.021020436442298673,-0.00040521617877409396,-0.00016711355831245322,-0.12877973337598952,0.000128016669481271,0.00016334290986101855,-0.023316174106510996,0.0008552835979693469,8.391188821216666e-07,-0.1207147838011306,0.0007705490738484178,0.00013036073149950468,-0.02445668305528348,3.200677403133014e-08,0.0,-0.2,0.0,1.5707963267948966,-1.5707963267948966,-2.962962962962963,2.962962962962963,1.5707801634982541,-1.5707673897775356,-2.013394359389158,2.0203484436184196,0.0017603184052593266,-0.00040682427553259416
Y-,1789636300.8942122,5.302688360214233,5.330727517000923,0.0001329099713956207,-0.021020436442298673,-0.00040521617877409396,-0.00016711355831245322,-0.12877973337598952,0.000128016669481271,0.00016334290986101855,-0.023316174106510996,0.0008552835979693469,8.391188821216666e-07,-0.1207147838011306,0.0007705490738484178,0.00013036073149950468,-0.02445668305528348,3.200677403133014e-08,0.0,-0.2,0.0,1.5707963267948966,-1.5707963267948966,-2.962962962962963,2.962962962962963,1.5707801634982541,-1.5707673897775356,-2.013394359389158,2.0203484436184196,0.0017603184052593266,-0.00040682427553259416
Y-,1789636300.92228,5.330756187438965,5.362220913000783,0.0001329099713956207,-0.021020436442298673,-0.00040521617877409396,-0.00016711355831245322,-0.12877973337598952,0.000128016669481271,0.00016334290986101855,-0.023316174106510996,0.0008552835979693469,8.391188821216666e-07,-0.1207147838011306,0.0007705490738484178,0.00013036073149950468,-0.02445668305528348,3.200677403133014e-08,0.0,-0.2,0.0,1.5707963267948966,-1.5707963267948966,-2.962962962962963,2.962962962962963,1.5707801634982541,-1.5707673897775356,-2.013394359389158,2.0203484436184196,0.0017603184052593266,-0.00040682427553259416
Y-,1789636300.9537714,5.362247467041016,5.386919516000489,0.0001329099713956207,-0.021020436442298673,-0.00040521617877409396,-0.00016711355831245322,-0.12877973337598952,0.000128016669481271,0.00016334290986101855,-0.023316174106510996,0.0008552835979693469,8.391188821216666e-07,-0.1207147838011306,0.0007705490738484178,0.00013036073149950468,-0.02445668305528348,3.200677403133014e-08,0.0,-0.2,0.0,1.5707963267948966,-1.5707963267948966,-2.962962962962963,2.962962962962963,1.5707801634982541,-1.5707673897775356,-2.013394359389158,2.0203484436184196,0.0017603184052593266,-0.00040682427553259416
Y-,1789636300.978714,5.387190103530884,5.416909639003279,0.00013218738213805273,-0.022597927408187033,-0.00040118291651484604,-0.000179928488963486,-0.1311879351533984,0.0002333524131264996,0.00016334290986101855,-0.023316174106510996,0.0008552835979693469,8.391188821216666e-07,-0.1207147838011306,0.0007705490738484178,0.00013036073149950468,-0.02445668305528348,3.200677403133014e-08,0.0,-0.2,0.0,1.5707963267948966,-1.5707963267948966,-2.962962962962963,2.962962962962963,1.5707798203945806,-1.570767322859222,-2.0524611119424545,2.056396267672212,-0.00030102743338552467,-0.00040118291651484604
Y-,1789636301.0084598,5.416935920715332,5.4642485750009655,0.0001314720804725944,-0.02420305530593122,-0.00039715147912685624,-0.00017358118860039742,-0.13337508534511774,0.00016722898277933605,0.00016334290986101855,-0.023316174106510996,0.0008552835979693469,8.391188821216666e-07,-0.1207147838011306,0.0007705490738484178,0.00013036073149950468,-0.02445668305528348,3.200677403133014e-08,0.0,-0.2,0.0,1.5707963267948966,-1.5707963267948966,-2.962962962962963,2.962962962962963,1.570779537079459,-1.570767137456297,-2.0868611131768726,2.0896543416674014,0.0020072251420965117,-0.0003974481051178013
Y-,1789636301.0557983,5.4642744064331055,5.49397297300311,0.00013038231471091885,-0.027347624031901628,-0.00039202906505318865,-0.00016169365056509471,-0.1370119445887296,6.461628887919618e-05,0.00016334290986101855,-0.023316174106510996,0.0008552835979693469,8.391188821216666e-07,-0.1207147838011306,0.0007705490738484178,0.00013036073149950468,-0.02445668305528348,3.200677403133014e-08,0.0,-0.2,0.0,1.5707963267948966,-1.5707963267948966,-2.962962962962963,2.962962962962963,1.570778960082099,-1.5707666697266234,-2.150405938340867,2.1501269225519684,0.0033366714279148453,-0.0003928038167784917
Y-,1789636301.0855296,5.4940056800842285,5.521566142000665,0.00012938893024457693,-0.03028568960419278,-0.0003873837293675028,-0.0001661371060264829,-0.139761278619501,0.0001164773418766364,0.00016334290986101855,-0.023316174106510996,0.0008552835979693469,8.391188821216666e-07,-0.1207147838011306,0.0007705490738484178,0.00013036073149950468,-0.02445668305528348,3.200677403133014e-08,0.0,-0.2,0.0,1.5707963267948966,-1.5707963267948966,-2.962962962962963,2.962962962962963,1.5707782291871961,-1.5707662049366382,-2.2064229817508956,2.2046796373268136,0.001392269690561084,-0.00038859635042946805
Y-,1789636301.1131139,5.521589994430542,5.549398451999878,0.00012848094749678268,-0.032846390144552616,-0.00038284816324504913,-0.0001655854031382373,-0.14172891354335707,0.00011925403648362835,0.00017558153803403135,-0.03752693334256559,0.0008307322371929727,8.439588920789473e-07,-0.14210764505895096,-0.00024551360776374227,0.0001432191466556447,-0.036354984428190185,-7.209472274372083e-05,0.0,-0.2,0.0,1.5707963267948966,-1.5707963267948966,-2.962962962962963,2.962962962962963,1.5707774642717496,-1.5707656540575927,-2.2563319004405535,2.2533043579176866,-0.000579904462731047,-0.0003830967592440733
Y-,1789636301.1409466,5.549422740936279,5.571596352001507,0.0001278922184696045,-0.03457199683992718,-0.00037995113860732474,-0.00016334470624802436,-0.14285943327433878,0.00010649579027175525,0.00017558153803403135,-0.03752693334256559,0.0008307322371929727,8.439588920789473e-07,-0.14210764505895096,-0.00024551360776374227,0.0001432191466556447,-0.036354984428190185,-7.209472274372083e-05,0.0,-0.2,0.0,1.5707963267948966,-1.5707963267948966,-2.962962962962963,2.962962962962963,1.5707770887517833,-1.5707653551861913,-2.27936908037213,2.275515520677623,-0.0021303640313574085,-0.0003808992371879663
Y-,1789636301.1631482,5.571624279022217,5.5992741320005734,0.0001278922184696045,-0.03457199683992718,-0.00037995113860732474,-0.00016334470624802436,-0.14285943327433878,0.00010649579027175525,0.00017558153803403135,-0.03752693334256559,0.0008307322371929727,8.439588920789473e-07,-0.14210764505895096,-0.00024551360776374227,0.0001432191466556447,-0.036354984428190185,-7.209472274372083e-05,0.0,-0.2,0.0,1.5707963267948966,-1.5707963267948966,-2.962962962962963,2.962962962962963,1.5707770887517833,-1.5707653551861913,-2.27936908037213,2.275515520677623,-0.0021303640313574085,-0.0003808992371879663
Y-,1789636301.190827,5.5993030071258545,5.627784781001537,0.0001278922184696045,-0.03457199683992718,-0.00037995113860732474,-0.00016334470624802436,-0.14285943327433878,0.00010649579027175525,0.00017558153803403135,-0.03752693334256559,0.0008307322371929727,8.439588920789473e-07,-0.14210764505895096,-0.00024551360776374227,0.0001432191466556447,-0.036354984428190185,-7.209472274372083e-05,0.0,-0.2,0.0,1.5707963267948966,-1.5707963267948966,-2.962962962962963,2.962962962962963,1.5707770887517833,-1.5707653551861913,-2.27936908037213,2.275515520677623,-0.0021303640313574085,-0.0003808992371879663
Y-,1789636301.2193344,5.627810478210449,5.6568779190019995,0.0001278922184696045,-0.03457199683992718,-0.00037995113860732474,-0.00016334470624802436,-0.14285943327433878,0.00010649579027175525,0.00017558153803403135,-0.03752693334256559,0.0008307322371929727,8.439588920789473e-07,-0.14210764505895096,-0.00024551360776374227,0.0001432191466556447,-0.036354984428190185,-7.209472274372083e-05,0.0,-0.2,0.0,1.5707963267948966,-1.5707963267948966,-2.962962962962963,2.962962962962963,1.5707770887517833,-1.5707653551861913,-2.27936908037213,2.275515520677623,-0.0021303640313574085,-0.0003808992371879663
Y-,1789636301.2484274,5.656903505325317,5.680393141003151,0.0001278922184696045,-0.03457199683992718,-0.00037995113860732474,-0.00016334470624802436,-0.14285943327433878,0.00010649579027175525,0.00017558153803403135,-0.03752693334256559,0.0008307322371929727,8.439588920789473e-07,-0.14210764505895096,-0.00024551360776374227,0.0001432191466556447,-0.036354984428190185,-7.209472274372083e-05,0.0,-0.2,0.0,1.5707963267948966,-1.5707963267948966,-2.962962962962963,2.962962962962963,1.5707770887517833,-1.5707653551861913,-2.27936908037213,2.275515520677623,-0.0021303640313574085,-0.0003808992371879663
Y-,1789636301.2719462,5.680422306060791,5.710229442000127,0.0001278922184696045,-0.03457199683992718,-0.00037995113860732474,-0.00016334470624802436,-0.14285943327433878,0.00010649579027175525,0.00017558153803403135,-0.03752693334256559,0.0008307322371929727,8.439588920789473e-07,-0.14210764505895096,-0.00024551360776374227,0.0001432191466556447,-0.036354984428190185,-7.209472274372083e-05,0.0,-0.2,0.0,1.5707963267948966,-1.5707963267948966,-2.962962962962963,2.962962962962963,1.5707770887517833,-1.5707653551861913,-2.27936908037213,2.275515520677623,-0.0021303640313574085,-0.0003808992371879663
Y-,1789636301.3017786,5.710254669189453,5.737498115002381,0.0001278922184696045,-0.03457199683992718,-0.00037995113860732474,-0.00016334470624802436,-0.14285943327433878,0.00010649579027175525,0.00017558153803403135,-0.03752693334256559,0.0008307322371929727,8.439588920789473e-07,-0.14210764505895096,-0.00024551360776374227,0.0001432191466556447,-0.036354984428190185,-7.209472274372083e-05,0.0,-0.2,0.0,1.5707963267948966,-1.5707963267948966,-2.962962962962963,2.962962962962963,1.5707770887517833,-1.5707653551861913,-2.27936908037213,2.275515520677623,-0.0021303640313574085,-0.0003808992371879663
Y-,1789636301.3290474,5.737523555755615,5.764280985000369,0.0001278922184696045,-0.03457199683992718,-0.00037995113860732474,-0.00016334470624802436,-0.14285943327433878,0.00010649579027175525,0.00017558153803403135,-0.03752693334256559,0.0008307322371929727,8.439588920789473e-07,-0.14210764505895096,-0.00024551360776374227,0.0001432191466556447,-0.036354984428190185,-7.209472274372083e-05,0.0,-0.2,0.0,1.5707963267948966,-1.5707963267948966,-2.962962962962963,2.962962962962963,1.5707770887517833,-1.5707653551861913,-2.27936908037213,2.275515520677623,-0.0021303640313574085,-0.0003808992371879663
Y-,1789636301.3558319,5.764307975769043,5.792915476002236,0.0001278922184696045,-0.03457199683992718,-0.00037995113860732474,-0.00016334470624802436,-0.14285943327433878,0.00010649579027175525,0.00017558153803403135,-0.03752693334256559,0.0008307322371929727,8.439588920789473e-07,-0.14210764505895096,-0.00024551360776374227,0.0001432191466556447,-0.036354984428190185,-7.209472274372083e-05,0.0,-0.2,0.0,1.5707963267948966,-1.5707963267948966,-2.962962962962963,2.962962962962963,1.5707770887517833,-1.5707653551861913,-2.27936908037213,2.275515520677623,-0.0021303640313574085,-0.0003808992371879663
Y-,1789636301.3844678,5.792943954467773,5.82339591300115,0.0001278922184696045,-0.03457199683992718,-0.00037995113860732474,-0.00016334470624802436,-0.14285943327433878,0.00010649579027175525,0.00017558153803403135,-0.03752693334256559,0.0008307322371929727,8.439588920789473e-07,-0.14210764505895096,-0.00024551360776374227,0.0001432191466556447,-0.036354984428190185,-7.209472274372083e-05,0.0,-0.2,0.0,1.5707963267948966,-1.5707963267948966,-2.962962962962963,2.962962962962963,1.5707770887517833,-1.5707653551861913,-2.27936908037213,2.275515520677623,-0.0021303640313574085,-0.0003808992371879663
Y-,1789636301.414946,5.823422193527222,5.858082578000904,0.0001278922184696045,-0.03457199683992718,-0.00037995113860732474,-0.00016334470624802436,-0.14285943327433878,0.00010649579027175525,0.00017558153803403135,-0.03752693334256559,0.0008307322371929727,8.439588920789473e-07,-0.14210764505895096,-0.00024551360776374227,0.0001432191466556447,-0.036354984428190185,-7.209472274372083e-05,0.0,-0.2,0.0,1.5707963267948966,-1.5707963267948966,-2.962962962962963,2.962962962962963,1.5707770887517833,-1.5707653551861913,-2.27936908037213,2.275515520677623,-0.0021303640313574085,-0.0003808992371879663
Y-,1789636301.4496377,5.858113765716553,5.892814699000155,0.0001278922184696045,-0.03457199683992718,-0.00037995113860732474,-0.00016334470624802436,-0.14285943327433878,0.00010649579027175525,0.00017558153803403135,-0.03752693334256559,0.0008307322371929727,8.439588920789473e-07,-0.14210764505895096,-0.00024551360776374227,0.0001432191466556447,-0.036354984428190185,-7.209472274372083e-05,0.0,-0.2,0.0,1.5707963267948966,-1.5707963267948966,-2.962962962962963,2.962962962962963,1.5707770887517833,-1.5707653551861913,-2.27936908037213,2.275515520677623,-0.0021303640313574085,-0.0003808992371879663
Y-,1789636301.4843664,5.892842531204224,5.929156885002158,0.0001278922184696045,-0.03457199683992718,-0.00037995113860732474,-0.00016334470624802436,-0.14285943327433878,0.00010649579027175525,0.00017558153803403135,-0.03752693334256559,0.0008307322371929727,8.439588920789473e-07,-0.14210764505895096,-0.00024551360776374227,0.0001432191466556447,-0.036354984428190185,-7.209472274372083e-05,0.0,-0.2,0.0,1.5707963267948966,-1.5707963267948966,-2.962962962962963,2.962962962962963,1.5707770887517833,-1.5707653551861913,-2.27936908037213,2.275515520677623,-0.0021303640313574085,-0.0003808992371879663
Y-,1789636301.5208547,5.929330825805664,5.958892926002591,0.00012750913563189595,-0.03572962156821233,-0.00037809322547281986,-0.00016211646252016932,-0.1435380895707385,0.0001013154086414225,0.00017558153803403135,-0.03752693334256559,0.0008307322371929727,8.439588920789473e-07,-0.14210764505895096,-0.00024551360776374227,0.0001432191466556447,-0.036354984428190185,-7.209472274372083e-05,0.0,-0.2,0.0,1.5707963267948966,-1.5707963267948966,-2.962962962962963,2.962962962962963,1.5707767133553503,-1.570765056759389,-2.3011993153754986,2.2965200418375162,0.00039909188446434006,-0.000378554220398294
Y-,1789636301.5504448,5.958920955657959,5.991418535002595,0.00012675164770947767,-0.03806011241481571,-0.00037442364762331525,-0.00016071682644736826,-0.14472645757936917,0.00010157834859855783,0.00017558153803403135,-0.03752693334256559,0.0008307322371929727,8.439588920789473e-07,-0.14210764505895096,-0.00024551360776374227,0.0001432191466556447,-0.036354984428190185,-7.209472274372083e-05,0.0,-0.2,0.0,1.5707963267948966,-1.5707963267948966,-2.962962962962963,2.962962962962963,1.5707759564876413,-1.5707644870483488,-2.3414655926059185,2.335360668386793,-0.0030876005333112765,-0.0003762592667798541
Y-,1789636301.5829687,5.991444826126099,6.023129731001973,0.00012552852895451883,-0.04188289302257562,-0.0003684174802874558,-0.0001582418829631569,-0.14621588823978876,0.00010213698322445106,0.00017558153803403135,-0.03752693334256559,0.0008307322371929727,8.439588920789473e-07,-0.14210764505895096,-0.00024551360776374227,0.0001432191466556447,-0.036354984428190185,-7.209472274372083e-05,0.0,-0.2,0.0,1.5707963267948966,-1.5707963267948966,-2.962962962962963,2.962962962962963,1.5707752236527917,-1.5707639638064492,-2.3777837917833518,2.370419995953758,0.0030260884214385934,-0.00036887675707689366
Y-,1789636301.6146789,6.023154973983765,6.059925303001364,0.00012441954629721294,-0.045143465722017044,-0.00036384066561193556,-0.00013487910553334304,-0.14709191805699162,0.00011838302289804008,0.00017558153803403135,-0.03752693334256559,0.0008307322371929727,8.439588920789473e-07,-0.14210764505895096,-0.00024551360776374227,0.0001432191466556447,-0.036354984428190185,-7.209472274372083e-05,0.0,-0.2,0.0,1.5707963267948966,-1.5707963267948966,-2.962962962962963,2.962962962962963,1.5707742963836653,-1.5707632411585672,-2.4261624029407263,2.41716138760966,-0.002267166437000452,-0.0003644369446313248
Y-,1789636301.6514778,6.059953927993774,6.085098511000979,0.00012355305633298883,-0.047823402936838816,-0.00036019741763342435,-0.00012359209102145638,-0.14757212437873682,0.00015080985255001736,0.00018848087944866335,-0.05295291421634035,0.0007351848266039073,8.447883540074421e-07,-0.1542598626681409,-0.000955474105890653,0.0001346220619856557,-0.042213311436573246,-0.00037010157421350125,0.0,-0.2,0.0,1.5707963267948966,-1.5707963267948966,-2.962962962962963,2.962962962962963,1.5707739934839946,-1.570763098500473,-2.4409760852732787,2.431508608377244,-0.0009772689910953693,-0.00036019741763342435
Y-,1789636301.6766493,6.08512544631958,6.112826252003288,0.00012306140577503927,-0.04946481950538295,-0.0003579028874470801,-0.00011418468223830229,-0.14778195122631457,0.00017493705153896386,0.00018848087944866335,-0.05295291421634035,0.0007351848266039073,8.447883540074421e-07,-0.1542598626681409,-0.000955474105890653,0.0001346220619856557,-0.042213311436573246,-0.00037010157421350125,0.0,-0.2,0.0,1.5707963267948966,-1.5707963267948966,-2.962962962962963,2.962962962962963,1.5707737710662144,-1.5707629028146322,-2.455119495672193,2.4453639160164653,0.0016737277537918994,-0.00035811925854518754
Y-,1789636301.7043736,6.112849712371826,6.141706280002836,0.00012306140577503927,-0.04946481950538295,-0.0003579028874470801,-0.00011418468223830229,-0.14778195122631457,0.00017493705153896386,0.00018848087944866335,-0.05295291421634035,0.0007351848266039073,8.447883540074421e-07,-0.1542598626681409,-0.000955474105890653,0.0001346220619856557,-0.042213311436573246,-0.00037010157421350125,0.0,-0.2,0.0,1.5707963267948966,-1.5707963267948966,-2.962962962962963,2.962962962962963,1.5707737710662144,-1.5707629028146322,-2.455119495672193,2.4453639160164653,0.0016737277537918994,-0.00035811925854518754
Y-,1789636301.7332556,6.1417317390441895,6.1724224429999595,0.00012306140577503927,-0.04946481950538295,-0.0003579028874470801,-0.00011418468223830229,-0.14778195122631457,0.00017493705153896386,0.00018848087944866335,-0.05295291421634035,0.0007351848266039073,8.447883540074421e-07,-0.1542598626681409,-0.000955474105890653,0.0001346220619856557,-0.042213311436573246,-0.00037010157421350125,0.0,-0.2,0.0,1.5707963267948966,-1.5707963267948966,-2.962962962962963,2.962962962962963,1.5707737710662144,-1.5707629028146322,-2.455119495672193,2.4453639160164653,0.0016737277537918994,-0.00035811925854518754
Y-,1789636301.7640905,6.172566652297974,6.214647741002409,0.00012306140577503927,-0.04946481950538295,-0.0003579028874470801,-0.00011418468223830229,-0.14778195122631457,0.00017493705153896386,0.00018848087944866335,-0.05295291421634035,0.0007351848266039073,8.447883540074421e-07,-0.1542598626681409,-0.000955474105890653,0.0001346220619856557,-0.042213311436573246,-0.00037010157421350125,0.0,-0.2,0.0,1.5707963267948966,-1.5707963267948966,-2.962962962962963,2.962962962962963,1.5707737710662144,-1.5707629028146322,-2.455119495672193,2.4453639160164653,0.0016737277537918994,-0.00035811925854518754
Y-,1789636301.8062007,6.214676856994629,6.245290509003098,0.00012306140577503927,-0.04946481950538295,-0.0003579028874470801,-0.00011418468223830229,-0.14778195122631457,0.00017493705153896386,0.00018848087944866335,-0.05295291421634035,0.0007351848266039073,8.447883540074421e-07,-0.1542598626681409,-0.000955474105890653,0.0001346220619856557,-0.042213311436573246,-0.00037010157421350125,0.0,-0.2,0.0,1.5707963267948966,-1.5707963267948966,-2.962962962962963,2.962962962962963,1.5707737710662144,-1.5707629028146322,-2.455119495672193,2.4453639160164653,0.0016737277537918994,-0.00035811925854518754
Y-,1789636301.8368418,6.2453179359436035,6.274225771001511,0.00012306140577503927,-0.04946481950538295,-0.0003579028874470801,-0.00011418468223830229,-0.14778195122631457,0.00017493705153896386,0.00018848087944866335,-0.05295291421634035,0.0007351848266039073,8.447883540074421e-07,-0.1542598626681409,-0.000955474105890653,0.0001346220619856557,-0.042213311436573246,-0.00037010157421350125,0.0,-0.2,0.0,1.5707963267948966,-1.5707963267948966,-2.962962962962963,2.962962962962963,1.5707737710662144,-1.5707629028146322,-2.455119495672193,2.4453639160164653,0.0016737277537918994,-0.00035811925854518754
Y-,1789636301.8657763,6.274252414703369,6.302082501002587,0.00012306140577503927,-0.04946481950538295,-0.0003579028874470801,-0.00011418468223830229,-0.14778195122631457,0.00017493705153896386,0.00018848087944866335,-0.05295291421634035,0.0007351848266039073,8.447883540074421e-07,-0.1542598626681409,-0.000955474105890653,0.0001346220619856557,-0.042213311436573246,-0.00037010157421350125,0.0,-0.2,0.0,1.5707963267948966,-1.5707963267948966,-2.962962962962963,2.962962962962963,1.5707737710662144,-1.5707629028146322,-2.455119495672193,2.4453639160164653,0.0016737277537918994,-0.00035811925854518754
Y-,1789636301.8936343,6.302110433578491,6.330869701003394,0.00012306140577503927,-0.04946481950538295,-0.0003579028874470801,-0.00011418468223830229,-0.14778195122631457,0.00017493705153896386,0.00018848087944866335,-0.05295291421634035,0.0007351848266039073,8.447883540074421e-07,-0.1542598626681409,-0.000955474105890653,0.0001346220619856557,-0.042213311436573246,-0.00037010157421350125,0.0,-0.2,0.0,1.5707963267948966,-1.5707963267948966,-2.962962962962963,2.962962962962963,1.5707737710662144,-1.5707629028146322,-2.455119495672193,2.4453639160164653,0.0016737277537918994,-0.00035811925854518754
Y-,1789636301.9224195,6.330895662307739,6.358359175002988,0.00012306140577503927,-0.04946481950538295,-0.0003579028874470801,-0.00011418468223830229,-0.14778195122631457,0.00017493705153896386,0.00018848087944866335,-0.05295291421634035,0.0007351848266039073,8.447883540074421e-07,-0.1542598626681409,-0.000955474105890653,0.0001346220619856557,-0.042213311436573246,-0.00037010157421350125,0.0,-0.2,0.0,1.5707963267948966,-1.5707963267948966,-2.962962962962963,2.962962962962963,1.5707737710662144,-1.5707629028146322,-2.455119495672193,2.4453639160164653,0.0016737277537918994,-0.00035811925854518754
Y-,1789636301.9499075,6.358383655548096,6.389420678002352,0.00012306140577503927,-0.04946481950538295,-0.0003579028874470801,-0.00011418468223830229,-0.14778195122631457,0.00017493705153896386,0.00018848087944866335,-0.05295291421634035,0.0007351848266039073,8.447883540074421e-07,-0.1542598626681409,-0.000955474105890653,0.0001346220619856557,-0.042213311436573246,-0.00037010157421350125,0.0,-0.2,0.0,1.5707963267948966,-1.5707963267948966,-2.962962962962963,2.962962962962963,1.5707737710662144,-1.5707629028146322,-2.455119495672193,2.4453639160164653,0.0016737277537918994,-0.00035811925854518754
Y-,1789636301.9809825,6.389458656311035,6.415618369002914,0.00012306140577503927,-0.04946481950538295,-0.0003579028874470801,-0.00011418468223830229,-0.14778195122631457,0.00017493705153896386,0.00018848087944866335,-0.05295291421634035,0.0007351848266039073,8.447883540074421e-07,-0.1542598626681409,-0.000955474105890653,0.0001346220619856557,-0.042213311436573246,-0.00037010157421350125,0.0,-0.2,0.0,1.5707963267948966,-1.5707963267948966,-2.962962962962963,2.962962962962963,1.5707737710662144,-1.5707629028146322,-2.455119495672193,2.4453639160164653,0.0016737277537918994,-0.00035811925854518754
Y-,1789636302.0071728,6.415648937225342,6.443157343001076,0.00012306140577503927,-0.04946481950538295,-0.0003579028874470801,-0.00011418468223830229,-0.14778195122631457,0.00017493705153896386,0.00018848087944866335,-0.05295291421634035,0.0007351848266039073,8.447883540074421e-07,-0.1542598626681409,-0.000955474105890653,0.0001346220619856557,-0.042213311436573246,-0.00037010157421350125,0.0,-0.2,0.0,1.5707963267948966,-1.5707963267948966,-2.962962962962963,2.962962962962963,1.5707737710662144,-1.5707629028146322,-2.455119495672193,2.4453639160164653,0.0016737277537918994,-0.00035811925854518754
Y-,1789636302.0347087,6.443184852600098,6.479833740002505,0.00012258342148393359,-0.051108073139284366,-0.00035548702529366157,-0.00011407392074204025,-0.1478921331972642,0.0001789323375655347,0.00018848087944866335,-0.05295291421634035,0.0007351848266039073,8.447883540074421e-07,-0.1542598626681409,-0.000955474105890653,0.0001346220619856557,-0.042213311436573246,-0.00037010157421350125,0.0,-0.2,0.0,1.5707963267948966,-1.5707963267948966,-2.962962962962963,2.962962962962963,1.5707732952865179,-1.570762770870643,-2.4823047990911493,2.4715913074660643,0.002254920138556965,-0.000355928411621052
Y-,1789636302.0713818,6.479857921600342,6.51285434500096,0.00012175242145875953,-0.05394850327195662,-0.0003513436208162245,-0.00010796826393114593,-0.14794707072603341,0.00016774125116067004,0.00018848087944866335,-0.05295291421634035,0.0007351848266039073,8.447883540074421e-07,-0.1542598626681409,-0.000955474105890653,0.0001346220619856557,-0.042213311436573246,-0.00037010157421350125,0.0,-0.2,0.0,1.5707963267948966,-1.5707963267948966,-2.962962962962963,2.962962962962963,1.5707730999022473,-1.5707625788870594,-2.4953892184310065,2.484082580882611,0.0025875921303158333,-0.00035155477545868377
Y-,1789636302.1044016,6.512877702713013,6.542688655001257,0.00012092918897447028,-0.05693774502841263,-0.0003472575636288453,-0.00010275220160402466,-0.14779600433871162,0.00015801178435496453,0.00018848087944866335,-0.05295291421634035,0.0007351848266039073,8.447883540074421e-07,-0.1542598626681409,-0.000955474105890653,0.0001346220619856557,-0.042213311436573246,-0.00037010157421350125,0.0,-0.2,0.0,1.5707963267948966,-1.5707963267948966,-2.962962962962963,2.962962962962963,1.5707728158451095,-1.57076233348098,-2.5209210308059875,2.508181988461718,0.000410290859245753,-0.00034745987868412556
Y-,1789636302.1342409,6.542716979980469,6.56846500300162,0.00012036034549406036,-0.05902759925788176,-0.0003444235964721929,-9.865871060571409e-05,-0.14756624277695252,0.00015617274369373642,0.00018848087944866335,-0.05295291421634035,0.0007351848266039073,8.447883540074421e-07,-0.1542598626681409,-0.000955474105890653,0.0001346220619856557,-0.042213311436573246,-0.00037010157421350125,0.0,-0.2,0.0,1.5707963267948966,-1.5707963267948966,-2.962962962962963,2.962962962962963,1.5707726537635311,-1.5707629204867892,-2.545891245065424,2.531888521839256,0.0019796617914938776,-0.00034543469194222415
Y-,1789636302.1600142,6.568490266799927,6.597277894001309,0.00011970028893793297,-0.06156008464294207,-0.00034108103836273955,-9.40356137288573e-05,-0.14715141870662157,0.00014815053923768678,0.00018848087944866335,-0.05295291421634035,0.0007351848266039073,8.447883540074421e-07,-0.1542598626681409,-0.000955474105890653,0.0001346220619856557,-0.042213311436573246,-0.00037010157421350125,0.0,-0.2,0.0,1.5707963267948966,-1.5707963267948966,-2.962962962962963,2.962962962962963,1.5707726296992277,-1.570763162907995,-2.558377865602503,2.5436976436762015,-0.0006890064224269097,-0.00034108103836273955
Y-,1789636302.1888278,6.597303867340088,6.6297506320006505,0.0001191074479661644,-0.06393628619718966,-0.0003380715911537354,-9.016561398107677e-05,-0.1465874544707116,0.00014397600818972812,0.00020050330190644466,-0.06920302025951247,0.0005793516132448733,7.558889130069577e-07,-0.16250110490309502,-0.0015583321335903395,0.0001275579029686527,-0.05771881155948112,-0.00033204219069871117,0.0,-0.2,0.0,1.5707963267948966,-1.5707963267948966,-2.962962962962963,2.962962962962963,1.5707726885309468,-1.570763420466914,-2.5837591734257397,2.567523816860982,0.004165129336099676,-0.00033918884730911613
Y-,1789636302.221304,6.629780054092407,6.659747411002172,0.0001191074479661644,-0.06393628619718966,-0.0003380715911537354,-9.016561398107677e-05,-0.1465874544707116,0.00014397600818972812,0.00020050330190644466,-0.06920302025951247,0.0005793516132448733,7.558889130069577e-07,-0.16250110490309502,-0.0015583321335903395,0.0001275579029686527,-0.05771881155948112,-0.00033204219069871117,0.0,-0.2,0.0,1.5707963267948966,-1.5707963267948966,-2.962962962962963,2.962962962962963,1.5707726885309468,-1.570763420466914,-2.5837591734257397,2.567523816860982,0.004165129336099676,-0.00033918884730911613
Y-,1789636302.2512972,6.659773349761963,6.684944942000584,0.0001191074479661644,-0.06393628619718966,-0.0003380715911537354,-9.016561398107677e-05,-0.1465874544707116,0.00014397600818972812,0.00020050330190644466,-0.06920302025951247,0.0005793516132448733,7.558889130069577e-07,-0.16250110490309502,-0.0015583321335903395,0.0001275579029686527,-0.05771881155948112,-0.00033204219069871117,0.0,-0.2,0.0,1.5707963267948966,-1.5707963267948966,-2.962962962962963,2.962962962962963,1.5707726885309468,-1.570763420466914,-2.5837591734257397,2.567523816860982,0.004165129336099676,-0.00033918884730911613
Y-,1789636302.276496,6.684972047805786,6.71474165300242,0.0001191074479661644,-0.06393628619718966,-0.0003380715911537354,-9.016561398107677e-05,-0.1465874544707116,0.00014397600818972812,0.00020050330190644466,-0.06920302025951247,0.0005793516132448733,7.558889130069577e-07,-0.16250110490309502,-0.0015583321335903395,0.0001275579029686527,-0.05771881155948112,-0.00033204219069871117,0.0,-0.2,0.0,1.5707963267948966,-1.5707963267948966,-2.962962962962963,2.962962962962963,1.5707726885309468,-1.570763420466914,-2.5837591734257397,2.567523816860982,0.004165129336099676,-0.00033918884730911613
Y-,1789636302.3063068,6.714782953262329,6.740055128000677,0.0001191074479661644,-0.06393628619718966,-0.0003380715911537354,-9.016561398107677e-05,-0.1465874544707116,0.00014397600818972812,0.00020050330190644466,-0.06920302025951247,0.0005793516132448733,7.558889130069577e-07,-0.16250110490309502,-0.0015583321335903395,0.0001275579029686527,-0.05771881155948112,-0.00033204219069871117,0.0,-0.2,0.0,1.5707963267948966,-1.5707963267948966,-2.962962962962963,2.962962962962963,1.5707726885309468,-1.570763420466914,-2.5837591734257397,2.567523816860982,0.004165129336099676,-0.00033918884730911613
Y-,1789636302.3316038,6.740079879760742,6.764008442001796,0.0001191074479661644,-0.06393628619718966,-0.0003380715911537354,-9.016561398107677e-05,-0.1465874544707116,0.00014397600818972812,0.00020050330190644466,-0.06920302025951247,0.0005793516132448733,7.558889130069577e-07,-0.16250110490309502,-0.0015583321335903395,0.0001275579029686527,-0.05771881155948112,-0.00033204219069871117,0.0,-0.2,0.0,1.5707963267948966,-1.5707963267948966,-2.962962962962963,2.962962962962963,1.5707726885309468,-1.570763420466914,-2.5837591734257397,2.567523816860982,0.004165129336099676,-0.00033918884730911613
Y-,1789636302.3555524,6.764028549194336,6.79316333099996,0.0001191074479661644,-0.06393628619718966,-0.0003380715911537354,-9.016561398107677e-05,-0.1465874544707116,0.00014397600818972812,0.00020050330190644466,-0.06920302025951247,0.0005793516132448733,7.558889130069577e-07,-0.16250110490309502,-0.0015583321335903395,0.0001275579029686527,-0.05771881155948112,-0.00033204219069871117,0.0,-0.2,0.0,1.5707963267948966,-1.5707963267948966,-2.962962962962963,2.962962962962963,1.5707726885309468,-1.570763420466914,-2.5837591734257397,2.567523816860982,0.004165129336099676,-0.00033918884730911613
Y-,1789636302.384719,6.793195009231567,6.818879239002854,0.0001191074479661644,-0.06393628619718966,-0.0003380715911537354,-9.016561398107677e-05,-0.1465874544707116,0.00014397600818972812,0.00020050330190644466,-0.06920302025951247,0.0005793516132448733,7.558889130069577e-07,-0.16250110490309502,-0.0015583321335903395,0.0001275579029686527,-0.05771881155948112,-0.00033204219069871117,0.0,-0.2,0.0,1.5707963267948966,-1.5707963267948966,-2.962962962962963,2.962962962962963,1.5707726885309468,-1.570763420466914,-2.5837591734257397,2.567523816860982,0.004165129336099676,-0.00033918884730911613
Y-,1789636302.410435,6.818911075592041,6.846068237002328,0.0001191074479661644,-0.06393628619718966,-0.0003380715911537354,-9.016561398107677e-05,-0.1465874544707116,0.00014397600818972812,0.00020050330190644466,-0.06920302025951247,0.0005793516132448733,7.558889130069577e-07,-0.16250110490309502,-0.0015583321335903395,0.0001275579029686527,-0.05771881155948112,-0.00033204219069871117,0.0,-0.2,0.0,1.5707963267948966,-1.5707963267948966,-2.962962962962963,2.962962962962963,1.5707726885309468,-1.570763420466914,-2.5837591734257397,2.567523816860982,0.004165129336099676,-0.00033918884730911613
Y-,1789636302.4376178,6.8460938930511475,6.876911598999868,0.0001191074479661644,-0.06393628619718966,-0.0003380715911537354,-9.016561398107677e-05,-0.1465874544707116,0.00014397600818972812,0.00020050330190644466,-0.06920302025951247,0.0005793516132448733,7.558889130069577e-07,-0.16250110490309502,-0.0015583321335903395,0.0001275579029686527,-0.05771881155948112,-0.00033204219069871117,0.0,-0.2,0.0,1.5707963267948966,-1.5707963267948966,-2.962962962962963,2.962962962962963,1.5707726885309468,-1.570763420466914,-2.5837591734257397,2.567523816860982,0.004165129336099676,-0.00033918884730911613
Y-,1789636302.4684632,6.876939296722412,6.906708483002149,0.0001191074479661644,-0.06393628619718966,-0.0003380715911537354,-9.016561398107677e-05,-0.1465874544707116,0.00014397600818972812,0.00020050330190644466,-0.06920302025951247,0.0005793516132448733,7.558889130069577e-07,-0.16250110490309502,-0.0015583321335903395,0.0001275579029686527,-0.05771881155948112,-0.00033204219069871117,0.0,-0.2,0.0,1.5707963267948966,-1.5707963267948966,-2.962962962962963,2.962962962962963,1.5707726885309468,-1.570763420466914,-2.5837591734257397,2.567523816860982,0.004165129336099676,-0.00033918884730911613
Y-,1789636302.4982626,6.906738758087158,6.944833922003454,0.0001191074479661644,-0.06393628619718966,-0.0003380715911537354,-9.016561398107677e-05,-0.1465874544707116,0.00014397600818972812,0.00020050330190644466,-0.06920302025951247,0.0005793516132448733,7.558889130069577e-07,-0.16250110490309502,-0.0015583321335903395,0.0001275579029686527,-0.05771881155948112,-0.00033204219069871117,0.0,-0.2,0.0,1.5707963267948966,-1.5707963267948966,-2.962962962962963,2.962962962962963,1.5707726885309468,-1.570763420466914,-2.5837591734257397,2.567523816860982,0.004165129336099676,-0.00033918884730911613
Y-,1789636302.536384,6.944860219955444,6.976492779002001,0.0001186745161652486,-0.06571249170673546,-0.0003358603060857178,-8.81480581132466e-05,-0.1461413826531133,0.00014389874381197092,0.00020050330190644466,-0.06920302025951247,0.0005793516132448733,7.558889130069577e-07,-0.16250110490309502,-0.0015583321335903395,0.0001275579029686527,-0.05771881155948112,-0.00033204219069871117,0.0,-0.2,0.0,1.5707963267948966,-1.5707963267948966,-2.962962962962963,2.962962962962963,1.5707727707336092,-1.5707637143585078,-2.5967909952874506,2.579775491146623,-0.0011369586182798802,-0.00033733163071462784
Y-,1789636302.5680454,6.9765214920043945,7.008303185000841,0.00011821299889538603,-0.06762979488935777,-0.00033348894159211163,-8.600245520059055e-05,-0.14552902955500144,0.00014459315414532123,0.00020050330190644466,-0.06920302025951247,0.0005793516132448733,7.558889130069577e-07,-0.16250110490309502,-0.0015583321335903395,0.0001275579029686527,-0.05771881155948112,-0.00033204219069871117,0.0,-0.2,0.0,1.5707963267948966,-1.5707963267948966,-2.962962962962963,2.962962962962963,1.5707730395665447,-1.5707643700262253,-2.623941616934333,2.605447296284709,-0.0003376245392524628,-0.000333670370771259
Y-,1789636302.5998614,7.008337497711182,7.0359989360003965,0.00011774049478137719,-0.06953873247848509,-0.00033108043100928293,-9.504819082546028e-05,-0.14482053142143725,0.00017337537714470576,0.00020050330190644466,-0.06920302025951247,0.0005793516132448733,7.558889130069577e-07,-0.16250110490309502,-0.0015583321335903395,0.0001275579029686527,-0.05771881155948112,-0.00033204219069871117,0.0,-0.2,0.0,1.5707963267948966,-1.5707963267948966,-2.962962962962963,2.962962962962963,1.5707732223773698,-1.5707647228741672,-2.638217423450331,2.6191547609707677,0.0029713371238517606,-0.00033166947589546283
Y-,1789636302.627555,7.036031007766724,7.068690186002641,0.00011685073625931561,-0.07245629981437199,-0.00032619037898857074,-0.00010087638982900102,-0.14352720130450022,0.00022227414169913326,0.00020050330190644466,-0.06920302025951247,0.0005793516132448733,7.558889130069577e-07,-0.16250110490309502,-0.0015583321335903395,0.0001275579029686527,-0.05771881155948112,-0.00033204219069871117,0.0,-0.2,0.0,1.5707963267948966,-1.5707963267948966,-2.962962962962963,2.962962962962963,1.570773692076112,-1.570765382942259,-2.668052460476662,2.649294585554464,0.004612098085908331,-0.0003269245364700971
Y-,1789636302.660246,7.0687220096588135,7.0956645290025335,0.00011628220111528295,-0.07534607497541337,-0.0003227772977976403,-7.35516643618812e-05,-0.1419646631915037,5.974028346163316e-05,0.00020050330190644466,-0.06920302025951247,0.0005793516132448733,7.558889130069577e-07,-0.16250110490309502,-0.0015583321335903395,0.0001275579029686527,-0.05771881155948112,-0.00033204219069871117,0.0,-0.2,0.0,1.5707963267948966,-1.5707963267948966,-2.962962962962963,2.962962962962963,1.5707743282975066,-1.5707659924473711,-2.7016367424943564,2.681820566775112,-0.000721023002124936,-0.0003230241182728682
Y-,1789636302.6872144,7.095690488815308,7.119363956000598,0.00011636787889803685,-0.07734948358551795,-0.0003231942405019815,-4.772409999045669e-05,-0.14069976935626768,-0.00012903101235022175,0.00021050685764209223,-0.0863493288655125,0.0003689993241866356,6.981306043607026e-07,-0.17146311524011332,-0.002103522890582378,0.00011979204261050041,-0.07600930792837421,-0.0002552312991439545,0.0,-0.2,0.0,1.5707963267948966,-1.5707963267948966,-2.962962962962963,2.962962962962963,1.57077463547638,-1.570766364795503,-2.719589331882481,2.6993308171155346,0.0023304966903230796,-0.00032275959755346156
Y-,1789636302.7109118,7.119387865066528,7.150898217001668,0.00011655276178259427,-0.07905222151546672,-0.0003245061014888898,-3.006216012743873e-05,-0.13949414755234396,-0.000197785749482897,0.00021050685764209223,-0.0863493288655125,0.0003689993241866356,6.981306043607026e-07,-0.17146311524011332,-0.002103522890582378,0.00011979204261050041,-0.07600930792837421,-0.0002552312991439545,0.0,-0.2,0.0,1.5707963267948966,-1.5707963267948966,-2.962962962962963,2.962962962962963,1.5707752034274334,-1.5707672787741238,-2.759064165423795,2.739309099875679,-0.005188981980536232,-0.000323601081910257
Y-,1789636302.742448,7.150924205780029,7.175528490002762,0.00011655276178259427,-0.07905222151546672,-0.0003245061014888898,-3.006216012743873e-05,-0.13949414755234396,-0.000197785749482897,0.00021050685764209223,-0.0863493288655125,0.0003689993241866356,6.981306043607026e-07,-0.17146311524011332,-0.002103522890582378,0.00011979204261050041,-0.07600930792837421,-0.0002552312991439545,0.0,-0.2,0.0,1.5707963267948966,-1.5707963267948966,-2.962962962962963,2.962962962962963,1.5707752034274334,-1.5707672787741238,-2.759064165423795,2.739309099875679,-0.005188981980536232,-0.000323601081910257
Y-,1789636302.7670789,7.175554990768433,7.205875477000518,0.00011655276178259427,-0.07905222151546672,-0.0003245061014888898,-3.006216012743873e-05,-0.13949414755234396,-0.000197785749482897,0.00021050685764209223,-0.0863493288655125,0.0003689993241866356,6.981306043607026e-07,-0.17146311524011332,-0.002103522890582378,0.00011979204261050041,-0.07600930792837421,-0.0002552312991439545,0.0,-0.2,0.0,1.5707963267948966,-1.5707963267948966,-2.962962962962963,2.962962962962963,1.5707752034274334,-1.5707672787741238,-2.759064165423795,2.739309099875679,-0.005188981980536232,-0.000323601081910257
Y-,1789636302.7974265,7.205902576446533,7.232000961001177,0.00011655276178259427,-0.07905222151546672,-0.0003245061014888898,-3.006216012743873e-05,-0.13949414755234396,-0.000197785749482897,0.00021050685764209223,-0.0863493288655125,0.0003689993241866356,6.981306043607026e-07,-0.17146311524011332,-0.002103522890582378,0.00011979204261050041,-0.07600930792837421,-0.0002552312991439545,0.0,-0.2,0.0,1.5707963267948966,-1.5707963267948966,-2.962962962962963,2.962962962962963,1.5707752034274334,-1.5707672787741238,-2.759064165423795,2.739309099875679,-0.005188981980536232,-0.000323601081910257
Y-,1789636302.8235543,7.232030391693115,7.261124229000416,0.00011655276178259427,-0.07905222151546672,-0.0003245061014888898,-3.006216012743873e-05,-0.13949414755234396,-0.000197785749482897,0.00021050685764209223,-0.0863493288655125,0.0003689993241866356,6.981306043607026e-07,-0.17146311524011332,-0.002103522890582378,0.00011979204261050041,-0.07600930792837421,-0.0002552312991439545,0.0,-0.2,0.0,1.5707963267948966,-1.5707963267948966,-2.962962962962963,2.962962962962963,1.5707752034274334,-1.5707672787741238,-2.759064165423795,2.739309099875679,-0.005188981980536232,-0.000323601081910257
Y-,1789636302.8526757,7.2611517906188965,7.294124117001047,0.00011655276178259427,-0.07905222151546672,-0.0003245061014888898,-3.006216012743873e-05,-0.13949414755234396,-0.000197785749482897,0.00021050685764209223,-0.0863493288655125,0.0003689993241866356,6.981306043607026e-07,-0.17146311524011332,-0.002103522890582378,0.00011979204261050041,-0.07600930792837421,-0.0002552312991439545,0.0,-0.2,0.0,1.5707963267948966,-1.5707963267948966,-2.962962962962963,2.962962962962963,1.5707752034274334,-1.5707672787741238,-2.759064165423795,2.739309099875679,-0.005188981980536232,-0.000323601081910257
Y-,1789636302.8856728,7.294148921966553,7.322633602001588,0.00011655276178259427,-0.07905222151546672,-0.0003245061014888898,-3.006216012743873e-05,-0.13949414755234396,-0.000197785749482897,0.00021050685764209223,-0.0863493288655125,0.0003689993241866356,6.981306043607026e-07,-0.17146311524011332,-0.002103522890582378,0.00011979204261050041,-0.07600930792837421,-0.0002552312991439545,0.0,-0.2,0.0,1.5707963267948966,-1.5707963267948966,-2.962962962962963,2.962962962962963,1.5707752034274334,-1.5707672787741238,-2.759064165423795,2.739309099875679,-0.005188981980536232,-0.000323601081910257
Y-,1789636302.9142137,7.322689771652222,7.352527860002738,0.00011655276178259427,-0.07905222151546672,-0.0003245061014888898,-3.006216012743873e-05,-0.13949414755234396,-0.000197785749482897,0.00021050685764209223,-0.0863493288655125,0.0003689993241866356,6.981306043607026e-07,-0.17146311524011332,-0.002103522890582378,0.00011979204261050041,-0.07600930792837421,-0.0002552312991439545,0.0,-0.2,0.0,1.5707963267948966,-1.5707963267948966,-2.962962962962963,2.962962962962963,1.5707752034274334,-1.5707672787741238,-2.759064165423795,2.739309099875679,-0.005188981980536232,-0.000323601081910257
Y-,1789636302.944078,7.352554082870483,7.379059123002662,0.00011655276178259427,-0.07905222151546672,-0.0003245061014888898,-3.006216012743873e-05,-0.13949414755234396,-0.000197785749482897,0.00021050685764209223,-0.0863493288655125,0.0003689993241866356,6.981306043607026e-07,-0.17146311524011332,-0.002103522890582378,0.00011979204261050041,-0.07600930792837421,-0.0002552312991439545,0.0,-0.2,0.0,1.5707963267948966,-1.5707963267948966,-2.962962962962963,2.962962962962963,1.5707752034274334,-1.5707672787741238,-2.759064165423795,2.739309099875679,-0.005188981980536232,-0.000323601081910257
Y-,1789636302.9706109,7.379086971282959,7.40639562800061,0.00011655276178259427,-0.07905222151546672,-0.0003245061014888898,-3.006216012743873e-05,-0.13949414755234396,-0.000197785749482897,0.00021050685764209223,-0.0863493288655125,0.0003689993241866356,6.981306043607026e-07,-0.17146311524011332,-0.002103522890582378,0.00011979204261050041,-0.07600930792837421,-0.0002552312991439545,0.0,-0.2,0.0,1.5707963267948966,-1.5707963267948966,-2.962962962962963,2.962962962962963,1.5707752034274334,-1.5707672787741238,-2.759064165423795,2.739309099875679,-0.005188981980536232,-0.000323601081910257
Y-,1789636302.9979517,7.40642786026001,7.4334395170008065,0.00011655276178259427,-0.07905222151546672,-0.0003245061014888898,-3.006216012743873e-05,-0.13949414755234396,-0.000197785749482897,0.00021050685764209223,-0.0863493288655125,0.0003689993241866356,6.981306043607026e-07,-0.17146311524011332,-0.002103522890582378,0.00011979204261050041,-0.07600930792837421,-0.0002552312991439545,0.0,-0.2,0.0,1.5707963267948966,-1.5707963267948966,-2.962962962962963,2.962962962962963,1.5707752034274334,-1.5707672787741238,-2.759064165423795,2.739309099875679,-0.005188981980536232,-0.000323601081910257
Y-,1789636303.0249891,7.433465242385864,7.461512488000153,0.00011655276178259427,-0.07905222151546672,-0.0003245061014888898,-3.006216012743873e-05,-0.13949414755234396,-0.000197785749482897,0.00021050685764209223,-0.0863493288655125,0.0003689993241866356,6.981306043607026e-07,-0.17146311524011332,-0.002103522890582378,0.00011979204261050041,-0.07600930792837421,-0.0002552312991439545,0.0,-0.2,0.0,1.5707963267948966,-1.5707963267948966,-2.962962962962963,2.962962962962963,1.5707752034274334,-1.5707672787741238,-2.759064165423795,2.739309099875679,-0.005188981980536232,-0.000323601081910257
Y-,1789636303.053062,7.461538076400757,7.49507440400339,0.00011655276178259427,-0.07905222151546672,-0.0003245061014888898,-3.006216012743873e-05,-0.13949414755234396,-0.000197785749482897,0.00021050685764209223,-0.0863493288655125,0.0003689993241866356,6.981306043607026e-07,-0.17146311524011332,-0.002103522890582378,0.00011979204261050041,-0.07600930792837421,-0.0002552312991439545,0.0,-0.2,0.0,1.5707963267948966,-1.5707963267948966,-2.962962962962963,2.962962962962963,1.5707752034274334,-1.5707672787741238,-2.759064165423795,2.739309099875679,-0.005188981980536232,-0.000323601081910257
Y-,1789636303.0866265,7.495102643966675,7.5246548499999335,0.00011655276178259427,-0.07905222151546672,-0.0003245061014888898,-3.006216012743873e-05,-0.13949414755234396,-0.000197785749482897,0.00021050685764209223,-0.0863493288655125,0.0003689993241866356,6.981306043607026e-07,-0.17146311524011332,-0.002103522890582378,0.00011979204261050041,-0.07600930792837421,-0.0002552312991439545,0.0,-0.2,0.0,1.5707963267948966,-1.5707963267948966,-2.962962962962963,2.962962962962963,1.5707752034274334,-1.5707672787741238,-2.759064165423795,2.739309099875679,-0.005188981980536232,-0.000323601081910257
Y-,1789636303.1162055,7.524681568145752,7.557718983000086,0.00011677112349514629,-0.0814388147423806,-0.0003257039064528658,-4.435723010837384e-05,-0.1375703456969716,-0.0001313571696105339,0.00021050685764209223,-0.0863493288655125,0.0003689993241866356,6.981306043607026e-07,-0.17146311524011332,-0.002103522890582378,0.00011979204261050041,-0.07600930792837421,-0.0002552312991439545,0.0,-0.2,0.0,1.5707963267948966,-1.5707963267948966,-2.962962962962963,2.962962962962963,1.5707757056916574,-1.5707676674437874,-2.7808826543182867,2.7631287294076574,0.001258363856043457,-0.0003255134484971959
Y-,1789636303.1492722,7.557748317718506,7.580460316003155,0.00011691478756446425,-0.08365405477017955,-0.00032586291430122724,-7.543934465904626e-05,-0.13549208151189693,-9.010688565826277e-05,0.00021050685764209223,-0.0863493288655125,0.0003689993241866356,6.981306043607026e-07,-0.17146311524011332,-0.002103522890582378,0.00011979204261050041,-0.07600930792837421,-0.0002552312991439545,0.0,-0.2,0.0,1.5707963267948966,-1.5707963267948966,-2.962962962962963,2.962962962962963,1.570776859840489,-1.5707683693595262,-2.8299475411020394,2.815543252720756,-0.0016071316257251858,-0.0003258602293222833
Y-,1789636303.1720135,7.580489635467529,7.6154692840027565,0.00011699344423048846,-0.08569964812446738,-0.0003259296643994524,-0.00012132881295764904,-0.13326320452208568,-8.575131883972991e-05,0.00021050685764209223,-0.0863493288655125,0.0003689993241866356,6.981306043607026e-07,-0.17146311524011332,-0.002103522890582378,0.00011979204261050041,-0.07600930792837421,-0.0002552312991439545,0.0,-0.2,0.0,1.5707963267948966,-1.5707963267948966,-2.962962962962963,2.962962962962963,1.5707773055618741,-1.5707685546205834,-2.8571131127879497,2.8454207184987457,-0.0012836421590378838,-0.00032587625680383585
Y-,1789636303.207024,7.615500211715698,7.648147406001954,0.00011704609821306874,-0.08731157027405591,-0.0003261683891368663,-0.00016336158532073497,-0.1312689766354412,-7.89791481215361e-05,0.00021050685764209223,-0.0863493288655125,0.0003689993241866356,6.981306043607026e-07,-0.17146311524011332,-0.002103522890582378,0.00011979204261050041,-0.07600930792837421,-0.0002552312991439545,0.0,-0.2,0.0,1.5707963267948966,-1.5707963267948966,-2.962962962962963,2.962962962962963,1.5707779499761445,-1.5707684950107836,-2.914002670297081,2.906281012842796,0.0007383664916041656,-0.00032600033970954897
Y-,1789636303.2397254,7.6482014656066895,7.6856521730005625,0.00011708637567002869,-0.09046150859322391,-0.00032543008866953464,-0.0002981092991209838,-0.12680182518967528,0.00018234940837437403,0.0002175051824366833,-0.1050664592976231,0.0002681462852341421,9.171599471599147e-07,-0.18717131740220738,-0.0010085303895249354,0.00010887062697428382,-0.10551117596155052,-0.0004730093358777944,0.0,-0.2,0.0,1.5707963267948966,-1.5707963267948966,-2.962962962962963,2.962962962962963,1.5707784152116773,-1.5707680749520705,-2.9702305039264685,2.955627955003827,-0.0014903841797280874,-0.000325645626296228
Y-,1789636303.2772036,7.68567967414856,7.717756551002822,0.00011699454977683738,-0.0926276823941837,-0.0003213334446259526,-0.000492209036269884,-0.12336998421277076,0.0005717929051639235,0.0002175051824366833,-0.1050664592976231,0.0002681462852341421,9.171599471599147e-07,-0.18717131740220738,-0.0010085303895249354,0.00010887062697428382,-0.10551117596155052,-0.0004730093358777944,0.0,-0.2,0.0,1.5707963267948966,-1.5707963267948966,-2.962962962962963,2.962962962962963,1.5707787736166807,-1.5707682726094152,-3.024757724321947,2.9819442446070377,-0.0013468334954706328,-0.0003235980381250289
Y-,1789636303.3093097,7.717785835266113,7.7469457290026185,0.00011678770721126538,-0.09300406874047076,-0.00032001208681510594,-0.0005450372044899607,-0.12275348111211962,0.0006976476032964033,0.0002175051824366833,-0.1050664592976231,0.0002681462852341421,9.171599471599147e-07,-0.18717131740220738,-0.0010085303895249354,0.00010887062697428382,-0.10551117596155052,-0.0004730093358777944,0.0,-0.2,0.0,1.5707963267948966,-1.5707963267948966,-2.962962962962963,2.962962962962963,1.5707787736166807,-1.5707682726094152,-3.024757724321947,2.9819442446070377,-0.0007255071165195779,-0.00032001208681510594
Y-,1789636303.3384974,7.746973514556885,7.777764535003371,0.00011678770721126538,-0.09300406874047076,-0.00032001208681510594,-0.0005450372044899607,-0.12275348111211962,0.0006976476032964033,0.0002175051824366833,-0.1050664592976231,0.0002681462852341421,9.171599471599147e-07,-0.18717131740220738,-0.0010085303895249354,0.00010887062697428382,-0.10551117596155052,-0.0004730093358777944,0.0,-0.2,0.0,1.5707963267948966,-1.5707963267948966,-2.962962962962963,2.962962962962963,1.5707787736166807,-1.5707682726094152,-3.024757724321947,2.9819442446070377,-0.0007255071165195779,-0.00032001208681510594
Y-,1789636303.369317,7.7777931690216064,7.809135531002539,0.00011678770721126538,-0.09300406874047076,-0.00032001208681510594,-0.0005450372044899607,-0.12275348111211962,0.0006976476032964033,0.0002175051824366833,-0.1050664592976231,0.0002681462852341421,9.171599471599147e-07,-0.18717131740220738,-0.0010085303895249354,0.00010887062697428382,-0.10551117596155052,-0.0004730093358777944,0.0,-0.2,0.0,1.5707963267948966,-1.5707963267948966,-2.962962962962963,2.962962962962963,1.5707787736166807,-1.5707682726094152,-3.024757724321947,2.9819442446070377,-0.0007255071165195779,-0.00032001208681510594
Y-,1789636303.4006896,7.809165716171265,7.837261701002717,0.00011678770721126538,-0.09300406874047076,-0.00032001208681510594,-0.0005450372044899607,-0.12275348111211962,0.0006976476032964033,0.0002175051824366833,-0.1050664592976231,0.0002681462852341421,9.171599471599147e-07,-0.18717131740220738,-0.0010085303895249354,0.00010887062697428382,-0.10551117596155052,-0.0004730093358777944,0.0,-0.2,0.0,1.5707963267948966,-1.5707963267948966,-2.962962962962963,2.962962962962963,1.5707787736166807,-1.5707682726094152,-3.024757724321947,2.9819442446070377,-0.0007255071165195779,-0.00032001208681510594
Y-,1789636303.4288197,7.837295770645142,7.868090757001482,0.00011678770721126538,-0.09300406874047076,-0.00032001208681510594,-0.0005450372044899607,-0.12275348111211962,0.0006976476032964033,0.0002175051824366833,-0.1050664592976231,0.0002681462852341421,9.171599471599147e-07,-0.18717131740220738,-0.0010085303895249354,0.00010887062697428382,-0.10551117596155052,-0.0004730093358777944,0.0,-0.2,0.0,1.5707963267948966,-1.5707963267948966,-2.962962962962963,2.962962962962963,1.5707787736166807,-1.5707682726094152,-3.024757724321947,2.9819442446070377,-0.0007255071165195779,-0.00032001208681510594
Y-,1789636303.4596426,7.868118762969971,7.899461042001349,0.00011678770721126538,-0.09300406874047076,-0.00032001208681510594,-0.0005450372044899607,-0.12275348111211962,0.0006976476032964033,0.0002175051824366833,-0.1050664592976231,0.0002681462852341421,9.171599471599147e-07,-0.18717131740220738,-0.0010085303895249354,0.00010887062697428382,-0.10551117596155052,-0.0004730093358777944,0.0,-0.2,0.0,1.5707963267948966,-1.5707963267948966,-2.962962962962963,2.962962962962963,1.5707787736166807,-1.5707682726094152,-3.024757724321947,2.9819442446070377,-0.0007255071165195779,-0.00032001208681510594
Y-,1789636303.4910107,7.899486780166626,7.930366645003232,0.00011678770721126538,-0.09300406874047076,-0.00032001208681510594,-0.0005450372044899607,-0.12275348111211962,0.0006976476032964033,0.0002175051824366833,-0.1050664592976231,0.0002681462852341421,9.171599471599147e-07,-0.18717131740220738,-0.0010085303895249354,0.00010887062697428382,-0.10551117596155052,-0.0004730093358777944,0.0,-0.2,0.0,1.5707963267948966,-1.5707963267948966,-2.962962962962963,2.962962962962963,1.5707787736166807,-1.5707682726094152,-3.024757724321947,2.9819442446070377,-0.0007255071165195779,-0.00032001208681510594
Y-,1789636303.5219173,7.93039345741272,7.9557957780016295,0.00011678770721126538,-0.09300406874047076,-0.00032001208681510594,-0.0005450372044899607,-0.12275348111211962,0.0006976476032964033,0.0002175051824366833,-0.1050664592976231,0.0002681462852341421,9.171599471599147e-07,-0.18717131740220738,-0.0010085303895249354,0.00010887062697428382,-0.10551117596155052,-0.0004730093358777944,0.0,-0.2,0.0,1.5707963267948966,-1.5707963267948966,-2.962962962962963,2.962962962962963,1.5707787736166807,-1.5707682726094152,-3.024757724321947,2.9819442446070377,-0.0007255071165195779,-0.00032001208681510594
Y-,1789636303.5473452,7.95582127571106,7.98480961200039,0.00011678770721126538,-0.09300406874047076,-0.00032001208681510594,-0.0005450372044899607,-0.12275348111211962,0.0006976476032964033,0.0002175051824366833,-0.1050664592976231,0.0002681462852341421,9.171599471599147e-07,-0.18717131740220738,-0.0010085303895249354,0.00010887062697428382,-0.10551117596155052,-0.0004730093358777944,0.0,-0.2,0.0,1.5707963267948966,-1.5707963267948966,-2.962962962962963,2.962962962962963,1.5707787736166807,-1.5707682726094152,-3.024757724321947,2.9819442446070377,-0.0007255071165195779,-0.00032001208681510594
Y-,1789636303.576367,7.984843015670776,8.013218354000855,0.00011678770721126538,-0.09300406874047076,-0.00032001208681510594,-0.0005450372044899607,-0.12275348111211962,0.0006976476032964033,0.0002175051824366833,-0.1050664592976231,0.0002681462852341421,9.171599471599147e-07,-0.18717131740220738,-0.0010085303895249354,0.00010887062697428382,-0.10551117596155052,-0.0004730093358777944,0.0,-0.2,0.0,1.5707963267948966,-1.5707963267948966,-2.962962962962963,2.962962962962963,1.5707787736166807,-1.5707682726094152,-3.024757724321947,2.9819442446070377,-0.0007255071165195779,-0.00032001208681510594
