case,sim_time,cmd_vx,cmd_vy,cmd_wz,gt_x,gt_y,gt_yaw,gt_vx,gt_vy,gt_wz,odom_x,odom_y,odom_yaw,odom_vx,odom_vy,odom_wz,imu_wz,steer_front_actual,steer_rear_actual,wheel_front_actual,wheel_rear_actual,encoder_wz,steer_front_command,steer_rear_command,wheel_front_command,wheel_rear_command,wheel_front_drive_link_contact_count,wheel_front_drive_link_normal_metric,wheel_front_drive_link_tangential_metric,wheel_rear_drive_link_contact_count,wheel_rear_drive_link_normal_metric,wheel_rear_drive_link_tangential_metric,base_link_contact_count,steer_front_link_contact_count,steer_rear_link_contact_count,FL_swivel_position,FL_swivel_velocity,FL_roll_velocity,FL_pivot_x,FL_pivot_y,FL_axle_x,FL_axle_y,FL_offset_x,FL_offset_y,FL_swivel_angle,FL_desired_heading,FL_heading_error_signed,FL_heading_error,FL_contact_count,FL_normal_metric,FL_tangential_metric,FR_swivel_position,FR_swivel_velocity,FR_roll_velocity,FR_pivot_x,FR_pivot_y,FR_axle_x,FR_axle_y,FR_offset_x,FR_offset_y,FR_swivel_angle,FR_desired_heading,FR_heading_error_signed,FR_heading_error,FR_contact_count,FR_normal_metric,FR_tangential_metric,RL_swivel_position,RL_swivel_velocity,RL_roll_velocity,RL_pivot_x,RL_pivot_y,RL_axle_x,RL_axle_y,RL_offset_x,RL_offset_y,RL_swivel_angle,RL_desired_heading,RL_heading_error_signed,RL_heading_error,RL_contact_count,RL_normal_metric,RL_tangential_metric,RR_swivel_position,RR_swivel_velocity,RR_roll_velocity,RR_pivot_x,RR_pivot_y,RR_axle_x,RR_axle_y,RR_offset_x,RR_offset_y,RR_swivel_angle,RR_desired_heading,RR_heading_error_signed,RR_heading_error,RR_contact_count,RR_normal_metric,RR_tangential_metric,drive_front_pivot_x,drive_front_pivot_y,drive_front_wheel_x,drive_front_wheel_y,drive_front_v_ground_roll,drive_front_v_lateral,drive_front_wheel_surface_velocity,drive_front_slip,drive_front_command_actual_ratio,drive_front_normal_metric,drive_front_tangential_metric,drive_front_contact_count,drive_rear_pivot_x,drive_rear_pivot_y,drive_rear_wheel_x,drive_rear_wheel_y,drive_rear_v_ground_roll,drive_rear_v_lateral,drive_rear_wheel_surface_velocity,drive_rear_slip,drive_rear_command_actual_ratio,drive_rear_normal_metric,drive_rear_tangential_metric,drive_rear_contact_count,elapsed_sim_time
yaw+,3.0,0.0,0.0,0.2,0.005922256911283827,0.0003712777245320053,0.0012697889499252415,-0.0029243986043065856,-0.0007141813335150609,0.003967516940222515,0.003885738477631234,4.2483661998828935e-07,1.4504063000355077e-06,0.004469794706805467,4.809742599996801e-07,1.6550746962571706e-06,0.004887229347041355,0.00015680530773121149,-5.641410552037485e-06,0.0963356002705465,0.038898538497237546,1.7238634601872643e-06,0.0,0.0,0.0,0.0,19,4947.437170010311,1558.825502571954,19,3409.7079820447043,844.9244698465567,0,0,0,0.059576416765919404,-0.005109436326591684,-0.5838523396179424,0.505,0.195,0.4750532244960312,0.19321376459700995,-0.03,0.0,0.059576416765919404,2.834475420693019,0.3666936496626936,0.3666936496626936,21,1893.2250925345286,457.53028171293244,0.03534417152847258,-0.012478412436525066,-0.2700217991941031,0.505,-0.195,0.4750187362063383,-0.1960601043980986,-0.03,0.0,0.03534417152847258,2.64237852295302,0.5345583021652458,0.5345583021652458,21,1649.697030693938,337.8375667516228,-0.04249980863228764,-0.02153195488597616,-0.42434042081912526,-0.505,0.195,-0.5349729105718481,0.1962746104706907,-0.03,0.0,-0.04249980863228764,-2.487912172839615,-0.6961802893824656,0.6961802893824656,29,2024.7113031897898,495.613976188174,-0.008633571694091735,-0.019323716004484945,-0.48780602961935704,-0.505,-0.195,-0.5349988819285421,-0.1947409960668353,-0.03,0.0,-0.008633571694091735,-2.219726190994499,-0.9305000342893859,0.9305000342893859,22,2645.223759058728,442.2891394509998,0.300042,0.049988,0.30004955801580163,0.0017880005925684922,-0.0029314178091853463,0.00047673003854958114,0.006502653018261889,0.9434070827447235,,1041.1522360835404,324.9532913330843,4,-0.300042,0.050013,-0.3000422719159886,0.0018130000007669927,-0.002931580967821765,-0.0019046206684067096,0.0026256513485635345,0.55572323163853,,2687.509699896743,645.8069213957699,15,0.0
yaw+,3.2,0.0,0.0,0.2,0.006481059495874471,0.0003585465387836162,0.0015144882196763264,0.005375415378611811,-0.003349007184286715,0.010497360682980357,0.00534004618347278,-3.5128919808935764e-05,0.0006935090536114202,0.010230691868422518,-0.0003560351127748279,0.006918957396121907,0.012264742029626215,0.2001967048875084,-0.20019971594936603,0.14900984236950854,0.19904730852185412,0.007785706298863839,0.4004000000000003,-0.4004000000000003,0.8890133333333332,0.8890133333333332,12,3040.2854976938816,1244.2649960623166,22,3777.384361626421,1657.3437985780283,0,0,0,0.05802351795216687,-8.504030851853514e-06,-0.5158742094599629,0.505,0.195,0.475050486762546,0.19326027104422316,-0.03,0.0,0.05802351795216687,0.45510705878169605,-0.39708354082952924,0.39708354082952924,23,2228.2786595874227,683.3196173008063,0.03571894202057102,0.0029316518940712757,-0.0804159143702396,0.505,-0.195,0.47501913560765396,-0.1960713404163739,-0.03,0.0,0.03571894202057102,0.21681175134064443,-0.18109280932007343,0.18109280932007343,23,1936.0499528406033,621.7195903583518,-0.04071962781727745,-0.011777103931519832,-0.30483143938450064,-0.505,0.195,-0.5349751321150366,0.19622125127885492,-0.03,0.0,-0.04071962781727745,-1.2165516647773982,1.175832036960121,1.175832036960121,23,1701.9164272355338,340.3189254271076,-0.010645506892835499,-0.05831960030976371,-0.2570137272055978,-0.505,-0.195,-0.5349983001137986,-0.19468064082528783,-0.03,0.0,-0.010645506892835499,-0.8794809828501188,0.8688354759572832,0.8688354759572832,23,2800.805137582685,857.0072119828219,0.300042,0.049988,0.30962715374230604,0.002750675480756151,0.005220121155632995,-0.0011599915406886223,0.010058164359941828,0.48100657646608735,0.16761260690073101,3040.2854976938816,1244.2649960623166,12,-0.300042,0.050013,-0.3096272959767687,0.002775704342461126,0.006551861511481086,-0.0054042805832818525,0.013435693325225154,0.512354044343946,0.2238968765243725,3967.354552002481,1190.341254682488,23,0.20000000000000018
yaw+,3.3000000000000003,0.0,0.0,0.2,0.006687691873890254,0.00036747211579608776,0.001733940203545692,-0.0062431158909272465,-0.004633022445650038,0.003648640563281418,0.0052889919072082,-0.00020171993107518554,0.0006213175161386206,-0.0005116979635248315,-0.001665555646049006,-0.0007219153747279951,0.005254993647223549,0.4004030157484708,-0.4003941859874791,-0.07209167988511667,0.06330450350295898,-0.0003853332480949147,0.6006000000000005,-0.6006000000000005,0.8890133333333332,0.8890133333333332,21,5455.923323813212,1996.2392822010922,21,3613.029668097516,757.9225890884292,0,0,0,0.06110358491030521,0.0114777407888102,-0.7234949750641693,0.505,0.195,0.4750559872983418,0.19316803293617696,-0.03,0.0,0.06110358491030521,-2.7462193159954293,-0.3342697526840581,0.3342697526840581,21,2063.071831073522,583.4686531121022,0.03937942636850167,0.007476086738011511,-0.35708506408931207,0.505,-0.195,0.4750232580824819,-0.19618107747862415,-0.03,0.0,0.03937942636850167,-2.6584308472495697,-0.4437823799717222,0.4437823799717222,21,1633.657378700062,544.1373723751701,-0.04268165107951383,0.00917481730774026,-0.46682521804487925,-0.505,0.195,-0.5349726782980099,0.19628006079699595,-0.03,0.0,-0.04268165107951383,-2.3838247745663246,-0.8004495301029824,0.8004495301029824,21,1375.236566243199,322.40726624204257,-0.014221019721613715,-0.029349069086303647,0.5735450966632457,-0.505,-0.195,-0.5349969664900958,-0.1945733837883166,-0.03,0.0,-0.014221019721613715,-2.269612738173484,-0.8862009351379228,0.8862009351379228,21,2629.306633060302,791.7165062145499,0.300042,0.049988,0.3188298545150076,0.0056004282853532525,-0.007120591121471027,-0.000753819267652191,-0.0048661883922453755,0.2254402729225651,-0.08109178702057337,6012.233133786187,1936.8274573949707,23,-0.300042,0.050013,-0.31882946258262596,0.005625262394818677,-0.0035089366889655645,-0.007779321347710933,0.0042730539864497315,0.7781990675415296,0.07120759737719605,3613.029668097516,757.9225890884292,21,0.30000000000000027
yaw+,3.5,0.0,0.0,0.2,0.006569929960133836,0.00040242823464068603,0.0015386053075071614,-0.006765230997351879,-0.00605782260257448,0.0016469512037581124,0.005358321936890825,-0.0010202142646228893,0.0007971781419869834,0.00016366116248350132,-0.0046442000672210805,0.0005623631900732563,0.003483289407273508,0.8008037281050573,-0.8007932442897934,-0.0978645604369385,0.10524494408370424,0.0005959107587118479,0.8008000000000002,-0.8008000000000002,0.8890133333333332,0.8890133333333332,18,4693.970387438271,703.2430800563384,18,2874.75113162116,637.3431441846669,0,0,0,0.056961986459884706,-0.003985836649612954,-0.7019996720819243,0.505,0.195,0.47504865686010783,0.1932920643699383,-0.03,0.0,0.056961986459884706,-2.501464632686886,-0.583166034443023,0.583166034443023,18,1801.843633297169,320.1054015269332,0.04095018027963171,-0.004111332526738623,-0.368840676896467,0.505,-0.195,0.47502515024410613,-0.19622816208685476,-0.03,0.0,0.04095018027963171,-2.455425446079007,-0.6452170272311548,0.6452170272311548,18,1349.0469401687283,235.47890774096305,-0.0364775182305479,-0.006339093380317977,-0.4332550111750907,-0.505,0.195,-0.5349800430730095,0.19609408287643038,-0.03,0.0,-0.0364775182305479,-2.3668363300027595,-0.8112338418175815,0.8112338418175815,17,1020.8975817433967,267.29990030012436,-0.012828995847750768,2.5136107754800564e-05,0.5912099709610545,-0.505,-0.195,-0.5349975312868424,-0.19461514068166236,-0.03,0.0,-0.012828995847750768,-2.319283503810899,-0.8351381456266447,0.8351381456266447,17,2441.903739419169,435.9836048509173,0.300042,0.049988,0.33464554261577734,0.016434537608793938,-0.00868165287756223,0.0010429349630612624,-0.00660585782949335,0.20757950480688797,-0.11008221898089851,4730.141352993213,481.19084316988085,18,-0.300042,0.050013,-0.33464519084557454,0.016459174833489625,1.623249008592207e-05,-0.00947702705037839,0.007104033725650037,0.7087801235564114,0.11838398833580029,2852.551670558055,772.7895636365998,18,0.5
yaw+,3.6,0.0,0.0,0.2,0.006558620216516275,0.00041427071504526475,0.0014955435951726525,-0.007741757395808437,-0.00647593803175644,0.0018330477206745296,0.005454590592520359,-0.0015437686529284358,0.0012957795227943574,0.0009585125897021379,-0.0052363096520788134,0.004986013808073741,0.0007808199712970949,1.0010048983310567,-1.0009938787137909,-0.0662099564183891,0.12048798097621431,0.00514076807760848,1.2012,-1.2011999999999998,0.8890133333333332,0.8890133333333332,11,2885.329882151916,162.42581601345117,24,3656.561975978311,870.8428850371903,0,0,0,0.05270593658091016,0.005849433678559541,-0.7166713250683248,0.505,0.195,0.4750416590911363,0.19341955386415588,-0.03,0.0,0.05270593658091016,-2.5360454851172536,-0.5528412318916294,0.5528412318916294,24,2392.2201799077557,379.5263827774666,0.04217164618941993,0.00034944284268999,-0.4084037985329865,0.505,-0.195,0.47502667276277377,-0.19626477441868234,-0.03,0.0,0.04217164618941993,-2.492162379816719,-0.6072586275836542,0.6072586275836542,24,1801.5575436482561,303.1436913842925,-0.03225644986733833,-0.00228135779061109,-0.38293477920744284,-0.505,0.195,-0.5349843941748269,0.1959675256940279,-0.03,0.0,-0.03225644986733833,-2.397590244726681,-0.7762588587304506,0.7762588587304506,24,1332.1274060535652,387.76684623259234,-0.012100155150521985,-0.000984926843913634,0.5916509016337756,-0.505,-0.195,-0.5349978038204761,-0.19463700420356525,-0.03,0.0,-0.012100155150521985,-2.351367818193627,-0.8023249905466883,0.8023249905466883,24,3649.306738929133,658.2871030306193,0.300042,0.049988,0.34062705112100744,0.02398619957185248,-0.009127145787557314,0.0033990282066027892,-0.004469172058241265,0.46579737293160495,-0.07447577436227704,2885.329882151916,162.42581601345117,11,-0.300042,0.050013,-0.3406267645886543,0.024010752341701146,0.0017783696498562306,-0.010386058374802453,0.008132938715894466,0.6354569066038236,0.13553000439762544,3656.561975978311,870.8428850371903,24,0.6000000000000001
yaw+,3.8000000000000003,0.0,0.0,0.2,0.006549504761210832,0.0004703242222888473,0.0014400230116944452,-0.010272813065871645,-0.007294707497058265,0.0009461685335397294,0.005679387085850699,-0.0025303144983097807,0.004218311121345278,0.0009227436464964499,-0.004742877914858272,0.017980376420607878,-0.0006550436063886701,1.401404759818763,-1.4013938590686,0.013262968659864025,0.15905048859540732,0.019105105152816562,1.5707963267948966,-1.5707963267948966,0.8890133333333332,0.8890133333333332,23,6007.883826358682,223.9341956703577,18,2456.401688420534,747.839958426048,0,0,0,0.04814872175065865,-0.0011636337346025356,-0.7079447892608075,0.505,0.195,0.4750347677734723,0.19355609639855506,-0.03,0.0,0.04814872175065865,-2.5619382745917334,-0.5315056572474006,0.5315056572474006,21,2136.078868820963,331.2886929922556,0.04560463579225171,0.014308815128855665,-0.47964502122184866,0.505,-0.195,0.47503119133559035,-0.19636766488439386,-0.03,0.0,0.04560463579225171,-2.5453604573629245,-0.5506275604346165,0.5506275604346165,20,1450.9710443167912,276.59444421035613,-0.02380194873858521,0.006820050144034511,-0.2834463144039906,-0.505,0.195,-0.5349915024097354,0.1957139910411484,-0.03,0.0,-0.02380194873858521,-2.5007032786195555,-0.6646913237088228,0.6646913237088228,19,879.3566974164629,163.44156967889538,-0.010400849538763524,0.013299173289238983,0.5970315126190848,-0.505,-0.195,-0.534998377349561,-0.19468798013950508,-0.03,0.0,-0.010400849538763524,-2.4833835355124494,-0.6686099676161072,0.6686099676161072,20,3562.534542578095,616.7323167832172,0.300042,0.049988,0.3475521384931255,0.04186231600638851,-0.008604661269795368,0.008990501594573276,0.0008952503845408217,0.949991165433619,0.014918751117190623,4444.779329843153,217.21825821615232,17,-0.300042,0.050013,-0.34755204991425165,0.04188679811072138,0.005775814220687244,-0.011450109695941162,0.010735907980189995,0.46200971251385214,0.17890675272445183,2703.9642537823543,938.0478196641038,20,0.8000000000000003
yaw+,3.9000000000000004,0.0,0.0,0.2,0.006551996118797077,0.0005221243624342273,0.001430983137662955,-0.011146891003712075,-0.007769323561596985,-0.000226284390960038,0.005681140801636995,-0.002945507831777736,0.006587105462399865,2.2907214540692156e-08,-0.004151970371643377,0.02368794341054589,-0.000678551963150166,1.5708001984065794,-1.5707911408827098,0.04911508019284176,0.17314784843415598,0.02500107931912923,1.5707963267948966,-1.5707963267948966,0.8890133333333332,0.8890133333333332,21,5474.156908858211,410.86390102416414,9,1159.2554684051488,440.55452559631493,0,0,0,0.046986428108867884,0.005918880491722965,-0.7101409592490564,0.505,0.195,0.47503310977428587,0.1935909257649087,-0.03,0.0,0.046986428108867884,-2.5245685255561994,-0.5700376999247254,0.5700376999247254,20,2067.134966364007,330.6149308650378,0.04700808000821244,0.006699172358693299,-0.5151939024744207,0.505,-0.195,0.4750331402904437,-0.1964097230748518,-0.03,0.0,0.04700808000821244,-2.5282997357492527,-0.5662848378323275,0.5662848378323275,20,1449.0395086083588,259.5371854286893,-0.0215973496545816,-0.000285238631925117,-0.24267714141596525,-0.505,0.195,-0.5349930035892785,0.1956478701208781,-0.03,0.0,-0.0215973496545816,-2.5383754955227453,-0.6248145077216289,0.6248145077216289,20,844.2876937563921,157.5657137781966,-0.009443203935916245,-0.001309736056997662,0.5896304547245883,-0.505,-0.195,-0.5349986623984314,-0.19471670809234984,-0.03,0.0,-0.009443203935916245,-2.5420724998066415,-0.6089633577190678,0.6089633577190678,20,3709.5181083932907,639.0486863761189,0.300042,0.049988,0.34824199999963873,0.049988186611683104,-0.007848082177775268,0.011135609842159557,0.003315267913016819,1.1163350090792086,0.055246730674652536,5472.778969059637,415.909600198811,21,-0.300042,0.050013,-0.34824199999935185,0.0500127500390326,0.0076904640845086225,-0.011135613781250414,0.01168747976930553,0.3419912388036082,0.19476406251967276,2577.000339447146,977.4795750169661,20,0.9000000000000004
yaw+,4.1000000000000005,0.0,0.0,0.2,0.006548970240593366,0.0005760063377330035,0.0014056357217979427,-0.011067863167672892,-0.007977115069649241,-0.0002994611233783545,0.005687494144027469,-0.003763072989519357,0.011330769066461667,2.310449981744795e-08,-0.004072701311182446,0.023772732931691857,1.490629269050662e-05,1.5708002787625412,-1.5707911237802268,0.048039513706940956,0.1759108264619279,0.02519088654457144,1.5707963267948966,-1.5707963267948966,0.8890133333333332,0.8890133333333332,19,4947.413108490909,348.22533271926807,19,2460.377620985475,890.4915163306345,0,0,0,0.04798284241076978,0.006467005902405818,-0.6937070048511258,0.505,0.195,0.4750345286719581,0.19356106703133882,-0.03,0.0,0.04798284241076978,-2.506165027504912,-0.5874447836741119,0.5874447836741119,22,2276.6009999564094,366.79055562145356,0.04800259899409731,0.006862316164295101,-0.5131493011510909,0.505,-0.195,0.47503455710620535,-0.19643952498371156,-0.03,0.0,0.04800259899409731,-2.5111974736266274,-0.5823925809690689,0.5823925809690689,22,1591.8481393380498,286.11230830521265,-0.020916018963458072,0.00031718004757760225,-0.24850263092314406,-0.505,0.195,-0.5349934380414931,0.1956274348182204,-0.03,0.0,-0.020916018963458072,-2.524167661933188,-0.6383410106200635,0.6383410106200635,23,977.7781345337805,174.03100661769662,-0.007640721062788458,-0.0012978071315027126,0.589772839756983,-0.505,-0.195,-0.534999124294985,-0.19477078059845995,-0.03,0.0,-0.007640721062788458,-2.5291453400191064,-0.6200880346334756,0.6200880346334756,19,3505.6211329413354,603.8335834229116,0.300042,0.049988,0.3482419999996236,0.04998819048484047,-0.00808135632943547,0.011052925585339702,0.003242667175218515,1.1324023504653984,0.05403688775602274,5467.680928388462,381.77153060289385,21,-0.300042,0.050013,-0.3482419999993476,0.05001274921469292,0.007872772620685819,-0.011052927255910866,0.011873980786180134,0.33697276739332727,0.19787197769279194,2849.5276364278993,1026.586895713153,22,1.1000000000000005
yaw+,4.2,0.0,0.0,0.2,0.006547466353287325,0.0006041544125372951,0.0013909534106141333,-0.01105042611207754,-0.0079891582127961,-0.0003348453203402832,0.005692087799182128,-0.004168267217036523,0.013717296715317004,2.296297273756902e-08,-0.004052202656280162,0.023865276488553362,0.0016317527123969702,1.5708003203882495,-1.5707911135514285,0.04878467375378562,0.17612024073433677,0.025298261123043536,1.5707963267948966,-1.5707963267948966,0.8890133333333332,0.8890133333333332,23,5985.606134461434,400.07487067950154,13,1685.963578742856,590.4965149836461,0,0,0,0.04865128994071277,0.006470580036400008,-0.7093210065706557,0.505,0.195,0.47503549721769234,0.1935410370090112,-0.03,0.0,0.04865128994071277,-2.5034137361053133,-0.5895276275437666,0.5895276275437666,13,1346.496955466352,217.1404757485095,0.04856579983723819,0.00688078472097981,-0.5138936953213697,0.505,-0.195,0.47503537260029405,-0.19645640131721706,-0.03,0.0,0.04856579983723819,-2.5090582363259784,-0.5839686174265761,0.5839686174265761,13,941.8181723817295,169.1842196325285,-0.02064775415809983,0.0004913332594155108,-0.2483673108121147,-0.505,0.195,-0.5349936052809166,0.19561938861192169,-0.03,0.0,-0.02064775415809983,-2.5235381150801603,-0.6387022926677322,0.6387022926677322,13,553.5846272071725,97.21902529815249,-0.006832222207909133,-0.0012693748416066442,0.5899633919813855,-0.505,-0.195,-0.5349992998138192,-0.1947950349283744,-0.03,0.0,-0.006832222207909133,-2.529114283847881,-0.6193105919498212,0.6193105919498212,13,2397.4317984158024,413.04128971903316,0.300042,0.049988,0.3482419999996156,0.0499881924911996,-0.008105721352715018,0.011033720170792495,0.0032929654783805293,1.1398686831095548,0.054875075462444085,5985.606134461434,400.07487067950154,23,-0.300042,0.050013,-0.348241999999345,0.05001274872166484,0.007872493487385416,-0.011033720618585924,0.011888116249567733,0.33778461430576356,0.19810753577112095,1685.963578742856,590.4965149836461,13,1.2000000000000002
yaw+,4.4,0.0,0.0,0.2,0.00654478114446734,0.0006527809040378571,0.001364053734063554,-0.011003097950641614,-0.008043725309366175,-0.0004002515061403014,0.005704097299177375,-0.0049731703935298665,0.01852101860357325,2.2874724002892362e-08,-0.00401817641335386,0.024069707959401485,-0.000342009931992153,1.57080040990009,-1.5707910991241576,0.05031586449465457,0.17664189809358394,0.025529174206469208,1.5707963267948966,-1.5707963267948966,0.8890133333333332,0.8890133333333332,23,5980.806483931071,371.4846553885672,23,2988.4971928052414,1003.1414046617018,0,0,0,0.049692962358237835,0.00655974971913394,-0.704915965938673,0.505,0.195,0.4750370332358846,0.19350982461014957,-0.03,0.0,0.049692962358237835,-2.4957744042927295,-0.5961252869388254,0.5961252869388254,23,2386.4373178589312,385.2876707965621,0.049556872903900206,0.006924978802878326,-0.5130007168700775,0.505,-0.195,0.47503683071619174,-0.1964860977322665,-0.03,0.0,0.049556872903900206,-2.5025793298574968,-0.5894564508283962,0.5894564508283962,23,1667.9807150568386,299.30449461130826,-0.020367113711457385,0.0007624945978364191,-0.2418850499181178,-0.505,0.195,-0.5349937779252768,0.1956109711688585,-0.03,0.0,-0.020367113711457385,-2.5197592876422052,-0.6422004796590457,0.6422004796590457,23,977.4605407857381,168.56419220589405,-0.005614337153555304,-0.0012157615913574549,0.5901694517969138,-0.505,-0.195,-0.5349995271895168,-0.19483157077023344,-0.03,0.0,-0.005614337153555304,-2.5264689306960886,-0.6207380600472598,0.6207380600472598,14,2580.2151828406663,444.7139678543475,0.300042,0.049988,0.3482419999995982,0.04998819680567032,-0.008183064849186886,0.010983123511987046,0.0033963208533891835,1.1579385702576068,0.056597423917138,5980.12022251067,367.84916527601916,23,-0.300042,0.050013,-0.34824199999934136,0.050012748026270384,0.007904283508329753,-0.010983121594059569,0.011923328121316917,0.3370740595322361,0.19869431815074085,2989.402922710414,998.0219125554519,23,1.4000000000000004
yaw+,4.6000000000000005,0.0,0.0,0.2,0.006541877502841725,0.0007027480061853209,0.0013344029702797792,-0.010959923981449946,-0.008071330740478735,-0.00046426226310649287,0.005719878579946235,-0.005772804773530713,0.023366461545246256,2.2842011196870852e-08,-0.003991394596302593,0.024282143596334824,0.001355168797801108,1.570800488263985,-1.5707910600825388,0.051715358440461906,0.17703387010032162,0.02573068591448352,1.5707963267948966,-1.5707963267948966,0.8890133333333332,0.8890133333333332,15,3897.039896109797,223.36492955101116,22,2864.3236667544033,917.4992071120917,0,0,0,0.05049496816409782,0.006636255714443127,-0.6945274963161925,0.505,0.195,0.4750382380013599,0.19348579461867038,-0.03,0.0,0.05049496816409782,-2.4899402131740067,-0.601157472251689,0.601157472251689,22,2285.449010494458,369.3523547531163,0.05064265699738346,0.006951712015682605,-0.5285375352700943,0.505,-0.195,0.47503846195934807,-0.1965186303824724,-0.03,0.0,0.05064265699738346,-2.4978887055088093,-0.5930612910836004,0.5930612910836004,12,871.8682025272423,156.33154303525797,-0.02018478347596453,0.0009776587682850386,-0.2465707098391979,-0.505,0.195,-0.534993888825232,0.1956055023861407,-0.03,0.0,-0.02018478347596453,-2.5177397156879535,-0.6440377213778046,0.6440377213778046,11,467.9469830844155,79.25161966587422,-0.005096900868143628,-0.0011636055502702199,0.5899670328936207,-0.505,-0.195,-0.5349996103248666,-0.19484709363600144,-0.03,0.0,-0.005096900868143628,-2.52556120033954,-0.6211283541183974,0.6211283541183974,12,2210.0368617276563,381.0577776866396,0.300042,0.049988,0.3482419999995826,0.049988200582810054,-0.00823296084662898,0.010936750607625518,0.003490786694731179,1.1723747541360157,0.05817163421672931,6494.457860616937,369.28285762472325,25,-0.300042,0.050013,-0.3482419999993315,0.050012746144464354,0.007909597520861497,-0.010936746608467439,0.01194978623177171,0.3380971535849142,0.19913522493137145,1693.2127944263584,537.1280600920795,13,1.6000000000000005
yaw+,4.7,0.0,0.0,0.2,0.0065404499347694114,0.0007264700196306399,0.0013195999483217558,-0.010941589764399313,-0.008086906045805456,-0.000495654312541756,0.005729164268476249,-0.006170028784288444,0.025804195394139532,2.278719823468524e-08,-0.00397332529160075,0.024377338488932747,-0.002868047562879855,1.5708005308767143,-1.5707910385756323,0.05254593458978918,0.17717388695453615,0.02583986234267769,1.5707963267948966,-1.5707963267948966,0.8890133333333332,0.8890133333333332,26,6751.699303434238,371.6584896005075,26,3389.0265617876275,1053.457331763718,0,0,0,0.051057991847225814,0.006603749431600587,-0.6935217761805029,0.505,0.195,0.47503909528367994,0.19346892567796642,-0.03,0.0,0.051057991847225814,-2.48708455449497,-0.603450107247598,0.603450107247598,26,2702.539491401998,436.9679223451553,0.05102903565724137,0.0069987153384242565,-0.513835300402821,0.505,-0.195,0.47503905096216154,-0.19653020676774277,-0.03,0.0,0.05102903565724137,-2.495596835379808,-0.5949667825527438,0.5949667825527438,18,1308.8809823984527,234.6004999685869,0.020199658226705886,0.001163009883154292,-0.23293617898599517,-0.505,0.195,-0.5349938798152167,0.1943940514623063,-0.03,0.0,0.020199658226705886,-2.516770723393627,-0.6046222719694603,0.6046222719694603,18,764.7192721594624,128.40103225416556,0.005189190933159615,-0.0011366003966644406,0.5905328087769757,-0.505,-0.195,-0.5349995960853683,-0.1951556750293308,-0.03,0.0,0.005189190933159615,-2.5251194943449558,-0.6112839683116782,0.6112839683116782,18,3313.9734885552894,571.5171458739848,0.300042,0.049988,0.348241999999574,0.04998820263674361,-0.008259467799665817,0.010916847619761074,0.00354685058481077,1.1806318384476586,0.059105901587290614,4673.76447061991,255.13110591914105,18,-0.300042,0.050013,-0.34824199999932604,0.05001274510783146,0.007914240666151028,-0.010916842583997164,0.011959237369431192,0.33823199409182336,0.1992927218427952,2346.861078205984,725.4025978216353,18,1.7000000000000002
yaw+,4.9,0.0,0.0,0.2,0.00653742849700276,0.0007750074417832587,0.0012878118814945222,-0.010896770716657535,-0.008104624556764662,-0.0005522499019302062,0.005750533264085988,-0.0069603301755900935,0.030711484331663777,2.2659262863717824e-08,-0.0039468657622351395,0.024584909631318104,4.2811691218344085e-05,1.5708006218137447,-1.5707910059636756,0.05407195135004471,0.1776994690897275,0.026070634910247848,1.5707963267948966,-1.5707963267948966,0.8890133333333332,0.8890133333333332,19,4929.136572244297,251.3336454167763,29,3787.8627799454243,1115.4168370247633,0,0,0,0.051981035600998204,0.006722624955733632,-0.6932328515110082,0.505,0.195,0.4750405212955597,0.19344127110818282,-0.03,0.0,0.051981035600998204,-2.4820070336273816,-0.6076045843614128,0.6076045843614128,29,3019.390607905002,488.6913177653933,0.052043678292207574,0.007001791195199142,-0.52755290464054,0.505,-0.195,0.47504061899731437,-0.19656060563113092,-0.03,0.0,0.052043678292207574,-2.491553955273091,-0.597995020024495,0.597995020024495,29,2111.757593193368,378.1699015714229,0.02049526184791528,0.0014076582311285941,-0.23542314587597352,-0.505,0.195,-0.5349936993841823,0.19438518518942224,-0.03,0.0,0.02049526184791528,-2.5150841817023943,-0.6060132100394835,0.6060132100394835,29,1232.3212739212888,203.89324298634304,0.0059701904757059054,-0.0010866657225067074,0.5905268914828936,-0.505,-0.195,-0.5349994653539734,-0.19517910465029037,-0.03,0.0,0.0059701904757059054,-2.5244324118765777,-0.611190051237509,0.611190051237509,24,4415.954978888344,761.8632854489415,0.300042,0.049988,0.3482419999995554,0.04998820701990848,-0.008296894483768472,0.010869200369651565,0.003649856716128018,1.194675119989649,0.0608224301285823,4929.136572244297,251.3336454167763,19,-0.300042,0.050013,-0.34824199999931765,0.05001274353593515,0.00791225011338609,-0.010869193283845847,0.011994714163556608,0.34035525936701505,0.19988391897728663,3787.8627799454243,1115.4168370247633,29,1.9000000000000004
yaw+,5.0,0.0,0.0,0.2,0.00653603268559786,0.0007967909924789457,0.0012729264395850664,-0.010874747719982335,-0.008123525675816378,-0.000579846404647009,0.005762579227400918,-0.007352363164819479,0.03318006685767826,2.2604832969681984e-08,-0.003922180131906262,0.02468582526014484,0.0012418732986552664,1.570800662846496,-1.5707909860471991,0.05481144077131744,0.17782662383432246,0.026168118731168845,1.5707963267948966,-1.5707963267948966,0.8890133333333332,0.8890133333333332,31,8039.298645089966,399.482937252555,31,4053.0783847191474,1162.1921688734706,0,0,0,0.05238774636898924,0.006748561045144357,-0.6942402147009843,0.505,0.195,0.47504115772522015,0.19342908639484377,-0.03,0.0,0.05238774636898924,-2.478926232870501,-0.6102786743503028,0.6102786743503028,14,1458.6647768069206,236.25211643592928,0.052498497060731175,0.007053871720823507,-0.5236202596469317,0.505,-0.195,0.47504133188872155,-0.19657423155802098,-0.03,0.0,0.052498497060731175,-2.48898553294676,-0.6001086235823019,0.6001086235823019,14,1020.8034439207913,182.73669348667366,0.020559916265471934,0.0015197027487462065,-0.2298294454225327,-0.505,0.195,-0.5349936595709991,0.19438324596554457,-0.03,0.0,0.020559916265471934,-2.513624806882667,-0.6074079304416546,0.6074079304416546,19,807.52815554503,132.32037995626257,0.006573485558170944,-0.0010577057072703316,0.5908960490985862,-0.505,-0.195,-0.5349993518416483,-0.19519720314652322,-0.03,0.0,0.006573485558170944,-2.5234685189086723,-0.6115506491229503,0.6115506491229503,16,2942.6236223810024,507.79574746981785,0.300042,0.049988,0.34824199999954686,0.04998820899768709,-0.008325405519600239,0.010845798336210159,0.0036997722520639275,1.2025177771664166,0.06165423927423374,3630.300297905659,179.25372590932255,14,-0.300042,0.050013,-0.34824199999931255,0.050012742575960986,0.007921540879653001,-0.01084579031811902,0.012003297108816768,0.3400529198069753,0.20002694804088708,1830.7317867540678,521.6276444195043,14,2.0
yaw+,5.2,0.0,0.0,0.2,0.0065330151070753,0.0008422932191068004,0.0012405078726339298,-0.010837610760134269,-0.00816380602056815,-0.0006373894968017647,0.005789439688634052,-0.008132370851629062,0.03815031332946825,2.2577554316100264e-08,-0.0038912249185479486,0.024897904217716305,0.00044637095272594986,1.5708007596165876,-1.570790949357309,0.05630451847440379,0.17846306289757685,0.026407655832178804,1.5707963267948966,-1.5707963267948966,0.8890133333333332,0.8890133333333332,21,5441.2336353155215,257.29174385953627,11,1441.2057517680225,390.3851574050054,0,0,0,0.05334510825147376,0.006775230329687611,-0.7087191035331832,0.505,0.195,0.47504267538706085,0.19340040566549174,-0.03,0.0,0.05334510825147376,-2.472848927955566,-0.6153986173827537,0.6153986173827537,20,2086.822013354769,338.28198104132065,0.05335371234443276,0.0071111809743456865,-0.5239022298426188,0.505,-0.195,0.4750426891512281,-0.19659985209005484,-0.03,0.0,0.05335371234443276,-2.483975688876064,-0.6042632523692966,0.6042632523692966,20,1459.9155560671077,261.0663899526706,0.021277623541321233,0.0017416974818896904,-0.23118673335935175,-0.505,0.195,-0.5349932091972565,0.19436171945853534,-0.03,0.0,0.021277623541321233,-2.5109061239112243,-0.6094089061372472,0.6094089061372472,20,849.6162494138156,137.4568632001021,0.008068819105719882,-0.0010002736802242956,0.5908245600577595,-0.505,-0.195,-0.534999023417672,-0.19524206194654387,-0.03,0.0,0.008068819105719882,-2.521780438697507,-0.6117433957865668,0.6117433957865668,20,3676.4718645409043,634.676944220439,0.300042,0.049988,0.34824199999952643,0.0499882136620055,-0.008385723913673041,0.010805785970307251,0.0038005549970222562,1.2186278910695296,0.0633337165633854,5440.873265153737,256.28639191019147,21,-0.300042,0.050013,-0.34824199999930305,0.050012740807508275,0.007941782120152847,-0.010805775871031214,0.012046256745586438,0.340726145234901,0.2007428417619273,2751.9851425883344,741.3508020501187,21,2.2
yaw+,5.300000000000001,0.0,0.0,0.2,0.006531522415974083,0.0008644907594630349,0.0012241011141944965,-0.01081162776488245,-0.008185024977186914,-0.000661228051000613,0.005804209514866371,-0.008519272051414844,0.04065122572110801,2.2574263802928195e-08,-0.0038718301377709523,0.02500912391639764,-0.002997180845156407,1.5708008091706205,-1.5707909616793954,0.05712450437264015,0.17865332715430776,0.026521293065398664,1.5707963267948966,-1.5707963267948966,0.8890133333333332,0.8890133333333332,21,5438.833751976636,252.61626630187214,21,2753.6531679397094,724.5802156795191,0,0,0,0.05377144170677628,0.006799452481015491,-0.7088305546280264,0.505,0.195,0.47504336007014475,0.19338763400153608,-0.03,0.0,0.05377144170677628,-2.4695895871357716,-0.6182316247472457,0.6182316247472457,24,2505.973603581232,406.44684907422953,0.053700693423953894,0.007151511511095434,-0.5143754408802409,0.505,-0.195,0.4750432460729905,-0.19661024661359633,-0.03,0.0,0.053700693423953894,-2.481177405168159,-0.60671455499768,0.60671455499768,24,1753.4157659440518,313.39989333043604,0.021558021217717105,0.0017805881025276828,-0.24066344358012584,-0.505,0.195,-0.5349930290458021,0.1943533094575707,-0.03,0.0,0.021558021217717105,-2.5090272112921426,-0.6110074210799334,0.6110074210799334,24,1019.1726545379399,163.7849137665718,0.008925266061844184,-0.0009668679860612393,0.591017622478547,-0.505,-0.195,-0.5349988051023181,-0.19526775442691932,-0.03,0.0,0.008925266061844184,-2.520348193283324,-0.6123191942446251,0.6123191942446251,24,4409.953877120782,761.4762499010338,0.300042,0.049988,0.34824199999951577,0.04998821605050989,-0.008415244042419485,0.01077861187460426,0.00385590404515321,1.2271148087572694,0.06425607156920049,6215.193457764898,287.75266872964164,24,-0.300042,0.050013,-0.3482419999993063,0.050012741401432845,0.00795469976992806,-0.010778600615398554,0.012059099582915775,0.3403570710040783,0.2009568590883239,3148.1103625823757,823.0008470569522,24,2.3000000000000007
yaw+,5.5,0.0,0.0,0.2,0.0065284801508121125,0.0009076458199086821,0.0011909337247119308,-0.01077462633436081,-0.00819290717932388,-0.0007085744705214329,0.005836469214344466,-0.009288561636514463,0.045685513945026235,2.2477785779531792e-08,-0.003840175798943886,0.02522415778981681,-0.0034174859469876056,1.5708008903714497,-1.57079089494344,0.058526388581901886,0.1790970573105872,0.026728895617152828,1.5707963267948966,-1.5707963267948966,0.8890133333333332,0.8890133333333332,23,5951.911631073825,271.59618331199346,18,2364.9745274395905,588.6299793759275,0,0,0,0.05443420336270233,0.006879777912545789,-0.7046339962900209,0.505,0.195,0.47504443526369755,0.19336778024482199,-0.03,0.0,0.05443420336270233,-2.4657393697936056,-0.6214190804334851,0.6214190804334851,28,2927.4232834065588,475.31241095084823,0.05456406562634797,0.007177327924383126,-0.5245044378621478,0.505,-0.195,0.47504464748003755,-0.1966361098388495,-0.03,0.0,0.05456406562634797,-2.4782199984135724,-0.6088085895498727,0.6088085895498727,14,1024.5915943513169,182.94912492149564,0.02239816965750485,0.002035423883682294,-0.22975072150509923,-0.505,0.195,-0.5349924751445356,0.19432811109221082,-0.03,0.0,0.02239816965750485,-2.508024518384966,-0.6111699655473224,0.6111699655473224,14,594.702763954014,94.30411910958574,0.01065235394868047,-0.0009054848261797814,0.5910159900206724,-0.505,-0.195,-0.5349982979264253,-0.19531956457474084,-0.03,0.0,0.01065235394868047,-2.5202031799607947,-0.6107371196803175,0.6107371196803175,12,2203.3970315891765,380.636283789612,0.300042,0.049988,0.34824199999949806,0.04998821996438985,-0.008439613560810457,0.010739244472801624,0.003950531229278378,1.2390144790088835,0.0658329705387642,5175.01826410506,236.00396278808327,20,-0.300042,0.050013,-0.3482419999992889,0.05001273818475979,0.007946093454766675,-0.010739231747039954,0.012089051368464637,0.3427033095835158,0.20145598563642153,1839.949564208986,451.9790682540221,14,2.5
yaw+,5.6000000000000005,0.0,0.0,0.2,0.006526906814916127,0.0009294178135302892,0.0011735563458320274,-0.010748001476932032,-0.00822237721765009,-0.0007333318270071461,0.005853955468188435,-0.00967099904238357,0.04821816188348325,2.2363612242092783e-08,-0.003828369606978751,0.025326479384570017,-0.002974761567839898,1.5708009387556388,-1.5707908692836652,0.05921211825150555,0.1794403780165736,0.026844647579126354,1.5707963267948966,-1.5707963267948966,0.8890133333333332,0.8890133333333332,20,5173.17356913613,236.0850672332863,19,2498.5026011975756,602.678308125311,0,0,0,0.054831365703344126,0.006902969160072625,-0.704741797615618,0.505,0.195,0.4750450858824632,0.19335588315166033,-0.03,0.0,0.054831365703344126,-2.4619397707422,-0.624821517144249,0.624821517144249,11,1150.5747998545871,186.89271050220756,0.054850191775377866,0.007234201480647533,-0.5125519207241694,0.505,-0.195,0.47504511684003375,-0.19664468078141925,-0.03,0.0,0.054850191775377866,-2.474909709331042,-0.6118327524833731,0.6118327524833731,11,805.6882311669128,143.81180053457263,0.022734074139624028,0.002112607308989044,-0.22671474845498807,-0.505,0.195,-0.5349922477619915,0.1943180365234746,-0.03,0.0,0.022734074139624028,-2.5056211836186657,-0.6132373958315034,0.6132373958315034,11,467.1787169738964,73.67755193023851,0.01156418021765937,-0.0008717500428376901,0.5915570218617446,-0.505,-0.195,-0.534997994068393,-0.1953469176741771,-0.03,0.0,0.01156418021765937,-2.518274902768199,-0.6117535706039341,0.6117535706039341,11,2019.234294541734,348.90410291305443,0.300042,0.049988,0.34824199999948735,0.04998822229650777,-0.008477704759364355,0.010711382621501946,0.003996817981976625,1.2474522741340979,0.06660430842976359,4914.094473785695,224.42517304903768,19,-0.300042,0.050013,-0.3482419999992822,0.05001273694795865,0.007966941818251881,-0.010711369025006327,0.012112225516118718,0.3422396398044581,0.20184216736521418,1183.978825444304,282.36115827854337,9,2.6000000000000005
yaw+,5.800000000000001,0.0,0.0,0.2,0.006523915717457505,0.000969751192691169,0.001140311978840591,-0.010708656200394996,-0.008242250486170256,-0.000774105539912418,0.005891587891476536,-0.010430743900332317,0.05331618047897775,2.229136414741066e-08,-0.003793318474423028,0.02554288347958844,-0.0020311035792239703,1.5708010374791979,-1.5707908556777594,0.06078428403991823,0.17995675309350712,0.027079575536556363,1.5707963267948966,-1.5707963267948966,0.8890133333333332,0.8890133333333332,30,7753.779569668698,359.3261523555488,17,2239.9567678964722,506.7901462747797,0,0,0,0.055599115030622315,0.006891530531610948,-0.6943326355681573,0.505,0.195,0.4750463569802408,0.1933328857733105,-0.03,0.0,0.055599115030622315,-2.4575214539153794,-0.628472084643791,0.628472084643791,14,1466.6313338028833,238.49312005607305,0.055700965372767364,0.007243641511791904,-0.5238043837874957,0.505,-0.195,0.4750465269317568,-0.19667016500682738,-0.03,0.0,0.055700965372767364,-2.4712876273860385,-0.6146040608309873,0.6146040608309873,14,1026.6520716224286,183.04080764609182,0.02373296719067408,0.0022523864518011662,-0.22563824927707704,-0.505,0.195,-0.5349915515905859,0.19428807782080912,-0.03,0.0,0.02373296719067408,-2.5036049168568284,-0.6142547695422902,0.6142547695422902,11,466.6392806645858,72.76292474123004,0.0134229169946396,-0.0008019640105366191,0.5916834225905548,-0.505,-0.195,-0.5349972974200687,-0.19540267541759787,-0.03,0.0,0.0134229169946396,-2.5170261528866176,-0.6111435837085359,0.6111435837085359,11,2017.9951734840033,348.8708313211919,0.300042,0.049988,0.3482419999994652,0.04998822705498332,-0.008511776284692341,0.01067000013331064,0.004102939172694481,1.261471545738682,0.06837274736027758,4134.58780497825,192.82233417622248,16,-0.300042,0.050013,-0.3482419999992786,0.05001273629215399,0.007972616048123903,-0.010669984683441044,0.01214708083381173,0.34365991655115125,0.20242300800907426,1845.2717990891035,412.42948484010367,14,2.8000000000000007
yaw+,5.9,0.0,0.0,0.2,0.006522348006581625,0.0009903827169873728,0.001122759223065626,-0.010697504671587687,-0.008248159933476914,-0.0007965744194930193,0.005911798929280908,-0.01080942188458274,0.05588211851090417,2.2186372403099807e-08,-0.0037921695874548094,0.025659380319264145,-0.00494215996502401,1.5708010853926044,-1.5707908331016167,0.061465087601238644,0.1803182385223584,0.027196816634191476,1.5707963267948966,-1.5707963267948966,0.8890133333333332,0.8890133333333332,9,2324.93105776609,109.93522814889425,17,2242.3613622763182,487.7091024523797,0,0,0,0.05594611987812215,0.007014495755368317,-0.7083099333887537,0.505,0.195,0.47504693728034164,0.19332249181456154,-0.03,0.0,0.05594611987812215,-2.455859570642643,-0.6297869630690283,0.6297869630690283,17,1782.0011522701018,289.8507261902175,0.056055145419134256,0.007271275374871161,-0.524289341691458,0.505,-0.195,0.47504712034959834,-0.19668077382433005,-0.03,0.0,0.056055145419134256,-2.4700490385530776,-0.6154884696175813,0.6154884696175813,28,2054.946499988866,366.1447006164939,0.02432091837406336,0.0023506198360335358,-0.22577625324355738,-0.505,0.195,-0.5349911278312838,0.1942704443766267,-0.03,0.0,0.02432091837406336,-2.5032755042675103,-0.613996230948219,0.613996230948219,28,1187.7209129432172,184.23543627438312,0.01434516399822705,-0.0007713673825239161,0.5916924270426217,-0.505,-0.195,-0.5349969132969813,-0.1954303401600919,-0.03,0.0,0.01434516399822705,-2.517102154859186,-0.6101453347323798,0.6101453347323798,28,5135.296386756877,888.0362228063484,0.300042,0.049988,0.34824199999945427,0.04998822936440951,-0.008525509886736074,0.010657725896392722,0.004148893413083609,1.2674403299819683,0.06913854415521176,9298.875262734473,441.7205427125304,36,-0.300042,0.050013,-0.34824199999927263,0.05001273520398391,0.007970700714417106,-0.010657709594821093,0.012171481100259193,0.3451330492352842,0.20282962219054654,3694.2519003485704,797.1726458928558,28,2.9000000000000004
yaw+,6.1000000000000005,0.0,0.0,0.2,0.006519066579178643,0.0010325142305315496,0.0010858584055129547,-0.010652154381311528,-0.008293819494528154,-0.000845865178687308,0.0059547337494362295,-0.011559552664944808,0.06104824872399411,2.1997313588575162e-08,-0.0037490237914194237,0.025886561466750307,-0.003832500662769607,1.5708011885417221,-1.5707908030172355,0.06316354224495135,0.1807903909693462,0.027440975749609263,1.5707963267948966,-1.5707963267948966,0.8890133333333332,0.8890133333333332,20,5161.636217880923,257.65190603836675,20,2643.2594305080056,532.5864293311353,0,0,0,0.05663366050900631,0.007058917712567116,-0.6930307954116895,0.505,0.195,0.4750480977148745,0.19330189826503408,-0.03,0.0,0.05663366050900631,-2.4493856948475186,-0.6355732982332682,0.6355732982332682,20,2099.679557657191,341.8329855916003,0.05672797834130883,0.007303851875035689,-0.5283301958377621,0.505,-0.195,0.47504825800937284,-0.19670092672590558,-0.03,0.0,0.05672797834130883,-2.464555418704259,-0.6203092565442248,0.6203092565442248,20,1470.1275087472527,261.75458608519756,0.025559041326974175,0.0025322337417318596,-0.22616360614097497,-0.505,0.195,-0.5349902015645284,0.1942333122415477,-0.03,0.0,0.025559041326974175,-2.4995946738486947,-0.6164389384141238,0.6164389384141238,20,848.0166045810615,130.2991953065667,0.016208617807178527,-0.0007076900340408699,0.591561719142499,-0.505,-0.195,-0.5349960592969077,-0.19548623724291214,-0.03,0.0,0.016208617807178527,-2.5143698635243985,-0.6110141722582156,0.6110141722582156,20,3665.7115345421735,634.2382241305586,0.300042,0.049988,0.34824199999943034,0.049988234336196986,-0.00858833369347558,0.010609912828971939,0.004263539101534217,1.2851872795009798,0.07104903816022785,5161.636217880923,257.65190603836675,20,-0.300042,0.050013,-0.34824199999926464,0.05001273375391674,0.007999195106395957,-0.010609894537275233,0.01220335139043087,0.34450833623717153,0.20336071933980693,2643.2594305080056,532.5864293311353,20,3.1000000000000005
yaw+,6.2,0.0,0.0,0.2,0.006517714262413696,0.0010493143282003714,0.0010706823839892819,-0.010632737874818804,-0.008287830451170227,-0.0008606897307088762,0.005977513008145338,-0.01193218829138944,0.06364696002790386,2.199315177003179e-08,-0.0037333122655127966,0.02598711303909774,-0.0028007341949149384,1.5708012309240988,-1.5707907824276095,0.06378718651761775,0.18111615949762844,0.027547769738552337,1.5707963267948966,-1.5707963267948966,0.8890133333333332,0.8890133333333332,19,4902.2758762576,249.04492301138197,18,2380.1273926882527,469.21646894127963,0,0,0,0.0570041132442638,0.007044616204387984,-0.694237472764899,0.505,0.195,0.47504872883652066,0.19329080261767986,-0.03,0.0,0.0570041132442638,-2.448281453531207,-0.6363070868143224,0.6363070868143224,19,1995.9095900308002,325.06303980190205,0.0570672466892983,0.007349162652712414,-0.5244000131449184,0.505,-0.195,0.47504883680372995,-0.19671108830584433,-0.03,0.0,0.0570672466892983,-2.46375116498809,-0.6207742419124047,0.6207742419124047,18,1324.2496136219406,235.65980598206778,0.026097920362516902,0.0025459302412095992,-0.23534871334856602,-0.505,0.195,-0.5349897840581521,0.1942171512627545,-0.03,0.0,0.026097920362516902,-2.499426785029439,-0.6160679481978377,0.6160679481978377,15,636.23756055516,97.31799586575355,0.017109757920433566,-0.0006754082080019495,0.5916333025067486,-0.505,-0.195,-0.5349956089498812,-0.19551326769410046,-0.03,0.0,0.017109757920433566,-2.5144890045436306,-0.609993891125729,0.609993891125729,15,2748.402820622184,475.6759007629041,0.300042,0.049988,0.34824199999942035,0.049988236379027544,-0.008587506830944698,0.010589755627481495,0.004305635089939199,1.2893141920883897,0.07175053975675404,1031.890990309754,53.08525094203385,4,-0.300042,0.050013,-0.34824199999925914,0.050012732761496766,0.007988043424702282,-0.010589736718135711,0.01222534076608992,0.3465995281817302,0.20372715763276344,2513.57947049928,486.7082802593514,19,3.2
yaw+,6.4,0.0,0.0,0.2,0.006514539156546262,0.0010883743758658155,0.0010346807293100569,-0.010592745122366024,-0.008319472740716765,-0.0009028586532494058,0.006025693410570108,-0.01267290437779787,0.06887891199643115,2.1782547122012067e-08,-0.0037008042326281774,0.026217776499311632,0.0002579322009806166,1.5708013311137998,-1.5707907583754794,0.06539450335683586,0.18158929873177349,0.027781788284199933,1.5707963267948966,-1.5707963267948966,0.8890133333333332,0.8890133333333332,18,4640.1839731375285,252.77870668165866,30,3974.9227812339273,720.3222916827463,0,0,0,0.05757702961708677,0.007112702641246246,-0.6942039195261887,0.505,0.195,0.475049712979132,0.1932736433254898,-0.03,0.0,0.05757702961708677,-2.4430989492764286,-0.6409166746962782,0.6409166746962782,12,1262.3002346892958,205.7366651617373,0.05771040497969526,0.007454395099624703,-0.524970534128347,0.505,-0.195,0.4750499434989714,-0.19673035128953495,-0.03,0.0,0.05771040497969526,-2.459418489666227,-0.6244637589438709,0.6244637589438709,12,883.9624352145339,157.12034599351873,0.027372138864395268,0.00271350994406562,-0.23091960032717085,-0.505,0.195,-0.5349887621918817,0.1941789383709104,-0.03,0.0,0.027372138864395268,-2.4966566210808603,-0.6175638936445376,0.6175638936445376,12,508.44450912942364,77.22995245726737,0.018940441007720743,-0.0006130493750167371,0.5920018679964859,-0.505,-0.195,-0.5349946190562829,-0.19556817925734304,-0.03,0.0,0.018940441007720743,-2.512540198190868,-0.6101120143912038,0.6101120143912038,20,3662.660663782004,634.2793906103956,0.300042,0.049988,0.3482419999993964,0.04998824120817113,-0.00863383326011484,0.010547656012817572,0.004414128976586421,1.304796223670126,0.0735585180839086,6186.305850097001,339.48389383639477,24,-0.300042,0.050013,-0.3482419999992527,0.05001273160218409,0.008005000704059625,-0.010547635270231235,0.012257277664394712,0.3469185472306972,0.20425936476217849,1590.4361281818242,285.92996180545214,12,3.4000000000000004
yaw+,6.5,0.0,0.0,0.2,0.006513089521236557,0.0011056362672650566,0.0010183765177537156,-0.010574595592070114,-0.00833704322977795,-0.0009252324890062933,0.006051055630706067,-0.013040504873817893,0.07151206823548006,2.1748100211154027e-08,-0.003684743775076662,0.026331562390489324,-0.0032982988235160716,1.5708013790750819,-1.5707907338748885,0.06618258819064898,0.18187313058124108,0.027902362030738294,1.5707963267948966,-1.5707963267948966,0.8890133333333332,0.8890133333333332,22,5669.3377544375435,318.0253631172223,22,2917.133397327871,512.3249893907722,0,0,0,0.057915433637864666,0.00710614554044653,-0.6930640145409637,0.505,0.195,0.4750502989000735,0.19326350812698076,-0.03,0.0,0.057915433637864666,-2.440449823482497,-0.6432273964694311,0.6432273964694311,24,2525.901015934526,411.8538532250941,0.05791357772528727,0.0075133845221871266,-0.5247795968360796,0.505,-0.195,0.47505029567734797,-0.1967364362889893,-0.03,0.0,0.05791357772528727,-2.4572177255047873,-0.626461350359719,0.626461350359719,17,1253.0127743275666,222.62829087137072,0.027986361791326075,0.0027937613452525393,-0.2248330523689816,-0.505,0.195,-0.5349882522201094,0.19416051874166096,-0.03,0.0,0.027986361791326075,-2.495275175366045,-0.6183311164324223,0.6183311164324223,21,890.4779159312839,134.76960798057326,0.019885766030069085,-0.0005779419147280292,0.5923071166741711,-0.505,-0.195,-0.534994068540108,-0.19559653366317595,-0.03,0.0,0.019885766030069085,-2.511592265796548,-0.6101146217631754,0.6101146217631754,21,3844.4185863182315,665.92832221383,0.300042,0.049988,0.3482419999993848,0.049988243519904926,-0.008659194849955351,0.010528388593910072,0.0044673247028688065,1.3126519552824158,0.07444498941596188,4380.04195165067,249.59496066667842,17,-0.300042,0.050013,-0.3482419999992461,0.05001273042125561,0.008014779533152942,-0.010528367015205934,0.012276436314233774,0.3471411957018588,0.20457863089557085,2254.7675855072594,389.21690259067833,17,3.5
yaw+,6.7,0.0,0.0,0.2,0.006510033780696006,0.0011417986771330184,0.0009834358696235856,-0.010539196994350434,-0.008352038584124538,-0.0009596727413816973,0.006077284369534482,-0.013406622853585293,0.07415577652090065,2.1567407449013268e-08,-0.0036705629247411145,0.026437082854205745,0.0007431123033469699,1.570801479910373,-1.5707907215376906,0.0676606304033363,0.18255505194777338,0.02814532391872752,1.5707963267948966,-1.5707963267948966,0.8890133333333332,0.8890133333333332,18,4634.288518136473,281.58805098909744,18,2391.0421849427694,383.35679153924144,0,0,0,0.058458345067324835,0.007160678306358957,-0.13545291001166307,0.505,0.195,0.47505124607519156,0.19324724834866142,-0.03,0.0,0.058458345067324835,-2.43669216154566,-0.646442146976808,0.646442146976808,20,2107.7796182836137,343.9679305099134,0.0586178267678763,0.00752229877087023,0.08404482625320805,0.505,-0.195,0.4750515259878689,-0.19675752790723358,-0.03,0.0,0.0586178267678763,-2.454164641614192,-0.6288101852077244,0.6288101852077244,20,1476.7624420164516,262.0396797885768,0.029326736213739046,0.002880109229429333,-0.23401242457962748,-0.505,0.195,-0.5349871000627427,0.19412032402155555,-0.03,0.0,0.029326736213739046,-2.4935358924412325,-0.6187300249348215,0.6187300249348215,19,805.7684312279839,121.31483116048715,0.02173253074642023,-0.000516934970032559,0.5921551732742045,-0.505,-0.195,-0.5349929157354435,-0.19565192460191888,-0.03,0.0,0.02173253074642023,-2.5105321643814626,-0.6093279584619102,0.6093279584619102,22,4025.3277222405427,697.700732115937,0.300042,0.049988,0.34824199999936,0.04998824838016596,-0.008686182876320805,0.010491269396033278,0.0045670925522252005,1.3253275428546005,0.07610755414617287,4890.933379046815,301.42285131124413,19,-0.300042,0.050013,-0.34824199999924277,0.050012729826602674,0.008017781423314269,-0.010491246082705668,0.012322466006474703,0.3493362920131884,0.20534568504533873,2657.1285800100613,422.35047338530245,20,3.7
yaw+,6.800000000000001,0.0,0.0,0.2,0.006508432273798978,0.0011601529047922526,0.0009653228373972324,-0.010522756218043484,-0.008371400990675782,-0.0009830451933751526,0.006132224106464982,-0.014133042876378956,0.07947658898428822,2.1393825427628058e-08,-0.0036373118623318356,0.026661553533291575,-0.004314397004937945,1.5708015274000786,-1.5707906942604097,0.06860123500454827,0.18263929786613783,0.02826060346303707,1.5707963267948966,-1.5707963267948966,0.8890133333333332,0.8890133333333332,23,5919.658314297301,370.3489426375527,11,1462.3461411781013,225.88243557730968,0,0,0,0.05869228521557979,0.00719199861697848,-0.704580481537561,0.505,0.195,0.47505165693368656,0.1932402421807544,-0.03,0.0,0.05869228521557979,-2.433987172077713,-0.6489131962965002,0.6489131962965002,25,2636.3664493388246,430.3886583396668,0.058875401885996936,0.007500339826007465,-0.5287610063012055,0.505,-0.195,0.47505197967678703,-0.19676524183057795,-0.03,0.0,0.058875401885996936,-2.451928902213553,-0.6307883494902438,0.6307883494902438,16,1182.0725184157436,209.61670783436804,0.029932667261033608,0.003010796811229715,-0.2222806354019652,-0.505,0.195,-0.5349865615348702,0.19410215406920867,-0.03,0.0,0.029932667261033608,-2.4921391051389037,-0.6195208811898558,0.6195208811898558,16,677.3702060911803,101.71884571290472,0.022562615339132286,-0.0004887917877075554,0.592533429200103,-0.505,-0.195,-0.5349923642497728,-0.19567682103170106,-0.03,0.0,0.022562615339132286,-2.5095889975620365,-0.6094410406886244,0.6094410406886244,16,2926.8422369903556,507.4665242071661,0.300042,0.049988,0.34824199999934813,0.049988250669169766,-0.008713684145649565,0.010473660825070483,0.004630583362807009,1.3344267508456573,0.0771655861980491,4374.640101614503,278.2004801081661,17,-0.300042,0.050013,-0.3482419999992354,0.05001272851183774,0.008029004373452803,-0.010473636669482514,0.012328152605964305,0.34872607193648736,0.20544044843662396,2127.9430062959327,322.91383991207226,16,3.8000000000000007
yaw+,7.0,0.0,0.0,0.2,0.006505405781766022,0.0011945161362718693,0.0009306735537172823,-0.01048376919567392,-0.00838511183532977,-0.0010159356684377836,0.006190590297586975,-0.014853650357046244,0.0848445387375071,2.113360658526003e-08,-0.003609761526795418,0.026903052405144828,-0.0010919016302765353,1.5708016303567618,-1.5707906827013005,0.07005155609123709,0.1833878677664984,0.028507944071385807,1.5707963267948966,-1.5707963267948966,0.8890133333333332,0.8890133333333332,20,5143.2480070513575,346.9025008411359,19,2530.2004436164407,355.89055556512966,0,0,0,0.059247961025024054,0.007230776419265617,-0.7043482796216803,0.505,0.195,0.47505263941214565,0.19322360088352106,-0.03,0.0,0.059247961025024054,-2.4301765124214496,-0.6521681801433195,0.6521681801433195,18,1900.178472793703,310.4594671674714,0.059349724317671715,0.007615078490186797,-0.514289149742254,0.505,-0.195,0.4750528203394324,-0.19677944664929523,-0.03,0.0,0.059349724317671715,-2.4488094754600205,-0.6334334538121009,0.6334334538121009,18,1331.7391736763957,235.91521241819535,0.03131596730701425,0.0031456560313539634,-0.22168245674032153,-0.505,0.195,-0.5349852908550257,0.1940606745295101,-0.03,0.0,0.03131596730701425,-2.4902589115428317,-0.6200177747399476,0.6200177747399476,22,931.2770338504814,139.33848421478314,0.024375028456117498,-0.00043155910839037456,0.593005938095684,-0.505,-0.195,-0.5349910883110637,-0.19573117844469234,-0.03,0.0,0.024375028456117498,-2.508376813438435,-0.6088408116952406,0.6088408116952406,18,3290.881994017482,570.9448142534505,0.300042,0.049988,0.3482419999993221,0.0499882556316819,-0.008738847972276382,0.010433030690942289,0.0047284800361585035,1.3467328008434885,0.07879696902697796,2571.261452377211,175.53935369004463,10,-0.300042,0.050013,-0.3482419999992322,0.05001272795468867,0.00803126148155472,-0.01043300481082655,0.012378681074238644,0.3512021649650033,0.20628247169127395,2930.8499791921176,404.58057440626067,22,4.0
yaw+,7.1000000000000005,0.0,0.0,0.2,0.006503799384867236,0.0012122769126322137,0.0009123679689346388,-0.010460935990099895,-0.008400762049500783,-0.0010386402040003457,0.006220955721659052,-0.01521066136130308,0.08754538089666103,2.089786754193279e-08,-0.0035830003647108867,0.027008421591539284,-0.002771990459981869,1.570801681372668,-1.5707906650960712,0.07092771886468113,0.18358365459650522,0.02862852152092513,1.5707963267948966,-1.5707963267948966,0.8890133333333332,0.8890133333333332,16,4112.817362022766,288.24114832461555,17,2266.1030534544384,300.3597349783241,0,0,0,0.05954120711689814,0.007255588265103356,-0.6932697901596891,0.505,0.195,0.47505316162187244,0.19321481901357176,-0.03,0.0,0.05954120711689814,-2.4273934267994473,-0.6546580196734482,0.6546580196734482,17,1795.7858675267992,293.48130230542574,0.059666184602575,0.007632073950867878,-0.5138265458884835,0.505,-0.195,0.4750533849631784,-0.19678892365304126,-0.03,0.0,0.059666184602575,-2.446500475752872,-0.635425993234346,0.635425993234346,24,1777.1555962948535,314.52013792063127,0.03207315421848822,0.0031881162869302608,-0.22486316756921967,-0.505,0.195,-0.5349845710143786,0.19403797033118012,-0.03,0.0,0.03207315421848822,-2.4887655957524673,-0.6207539036188372,0.6207539036188372,24,1016.4903023902903,151.8842730543934,0.025232579278275047,-0.00040354797299940346,0.5928654689911859,-0.505,-0.195,-0.5349904502608404,-0.19575689705512678,-0.03,0.0,0.025232579278275047,-2.5073427019772794,-0.6090173723342387,0.6090173723342387,24,4386.689067197892,761.3023792717794,0.300042,0.049988,0.348241999999309,0.04998825809064857,-0.008762404455409302,0.010409063094644344,0.004787621023365976,1.3550025478775278,0.07978251417078237,7453.844979224711,526.4716327883226,29,-0.300042,0.050013,-0.34824199999922745,0.05001272710611662,0.008039004974880488,-0.010409036275607639,0.012391896685264104,0.35126920607398887,0.2065027010429224,3199.909076199122,419.3344011878047,24,4.1000000000000005
yaw+,7.300000000000001,0.0,0.0,0.2,0.0065006596505987405,0.001246480080594985,0.0008764073466276622,-0.010425081404851178,-0.008416775565735597,-0.0010754498396041666,0.006284236486764111,-0.01592057868537185,0.09298098416338638,2.0765439684881796e-08,-0.00355291553511274,0.02723365305014356,-8.930613087204577e-05,1.5708017871720914,-1.5707906451063902,0.07267078561658526,0.1840973590037257,0.028882372737145615,1.5707963267948966,-1.5707963267948966,0.8890133333333332,0.8890133333333332,15,3852.1356326349764,293.23157584400894,16,2136.6388286300676,251.98297344252313,0,0,0,0.06014051885578464,0.007233823720858516,-0.7085945785590633,0.505,0.195,0.4750542368798007,0.19319687184345938,-0.03,0.0,0.06014051885578464,-2.423454416803501,-0.6579977179305079,0.6579977179305079,16,1692.5666269167423,276.8692515441336,0.06018479272970989,0.007675306320309723,-0.5145006268922485,0.505,-0.195,0.4750543167406188,-0.19680445396971394,-0.03,0.0,0.06018479272970989,-2.443328975799553,-0.6380788850605299,0.6380788850605299,16,1186.4995742848541,209.7318379658405,0.03338233640035959,0.003106884229998954,-0.21717651583281183,-0.505,0.195,-0.5349832858464937,0.19399871590072978,-0.03,0.0,0.03338233640035959,-2.4869664528499507,-0.6212438643394833,0.6212438643394833,16,677.6606853410944,101.07642717196565,0.02694769080131998,-0.0003499243232142063,0.5932634678776348,-0.505,-0.195,-0.5349891079885594,-0.1958083328834858,-0.03,0.0,0.02694769080131998,-2.5062846280056283,-0.6083603347828443,0.6083603347828443,16,2922.794106810452,507.5421531648032,0.300042,0.049988,0.3482419999992814,0.049988263190180786,-0.008791235737319608,0.010371369538838956,0.004905278029119505,1.3696513766439113,0.08174318977209033,3852.1356326349764,293.23157584400894,15,-0.300042,0.050013,-0.348241999999222,0.050012726142614,0.008042199836094307,-0.010371340919984713,0.012426571732751485,0.35282232227427,0.2070805376039269,2136.6388286300676,251.98297344252313,16,4.300000000000001
yaw+,7.4,0.0,0.0,0.2,0.006499099682119713,0.0012632378528241225,0.0008584021540857231,-0.010406172897689251,-0.00842721143796568,-0.0010949682394973083,0.006316977315987048,-0.016271665108393667,0.09571609111028384,2.0574759484367165e-08,-0.0035260975358634844,0.027351069468974795,-0.0036631359324421874,1.5708018326069464,-1.5707906282586768,0.07334919576368254,0.1844028035264171,0.028993040893949155,1.5707963267948966,-1.5707963267948966,0.8890133333333332,0.8890133333333332,22,5648.193446398842,440.6401133108449,11,1469.8333354385802,165.63675011138466,0,0,0,0.060315908912190075,0.007308212908258385,-0.7086646065340301,0.505,0.195,0.475054553591139,0.1931916196821372,-0.03,0.0,0.060315908912190075,-2.4212603934273265,-0.6600163512502766,0.6600163512502766,22,2328.83132392348,381.0930118438262,0.060446216148203114,0.007693189758533895,-0.5150397855282067,0.505,-0.195,0.4750547894904157,-0.19681228241085139,-0.03,0.0,0.060446216148203114,-2.441544906589418,-0.6396015308521719,0.6396015308521719,22,1632.596973131684,288.4253928957458,0.034158319087464584,0.003176713823598755,-0.22379243432642892,-0.505,0.195,-0.5349824998402415,0.19397544969380653,-0.03,0.0,0.034158319087464584,-2.485893546223989,-0.6215407882783399,0.6215407882783399,22,931.6699839924528,138.91206775117033,0.027839881075004236,-0.0003219139659046697,0.5932548433363392,-0.505,-0.195,-0.5349883748662021,-0.19583508854868212,-0.03,0.0,0.027839881075004236,-2.505608123012493,-0.6081446495022957,0.6081446495022957,15,2739.395960579888,475.8297923925607,0.300042,0.049988,0.3482419999992694,0.0499882653801408,-0.00880846837442198,0.010351485832678647,0.004951070714048572,1.3759539088470552,0.08250629435293345,5647.6234592949795,443.97020113694225,22,-0.300042,0.050013,-0.34824199999921734,0.05001272533055421,0.008045838520288921,-0.010351456401551891,0.012447189238033155,0.35360197660493786,0.20742411459117652,2939.9421140388567,328.65169069413355,22,4.4
yaw+,7.6000000000000005,0.0,0.0,0.2,0.0064961206869264786,0.001294472375803892,0.0008241733827252843,-0.010376865763357926,-0.00844542839859815,-0.0011270738796228085,0.006384982060957095,-0.016969868357303353,0.10122297356013134,2.0295637169818736e-08,-0.0035024378596809507,0.027599193364803837,-0.0014154560677660164,1.570801942206316,-1.5707906019343678,0.07521436575363913,0.18485248502605436,0.02925342523270875,1.5707963267948966,-1.5707963267948966,0.8890133333333332,0.8890133333333332,17,4360.726759075259,365.6410720862374,14,1873.6440385732376,187.2851059328844,0,0,0,0.06075666912068911,0.007362001294004531,-0.6941776555419771,0.505,0.195,0.47505535356194345,0.19317842109701838,-0.03,0.0,0.06075666912068911,-2.4176785027078216,-0.6631574817612824,0.6631574817612824,14,1483.4902699076183,242.91057775223322,0.06098163303564963,0.007711816058285816,-0.5142579999453063,0.505,-0.195,0.4750557641091922,-0.19682831532172568,-0.03,0.0,0.06098163303564963,-2.438636978958667,-0.6419740415954767,0.6419740415954767,28,2080.831611536543,367.11370660311104,0.03557361572237916,0.003465848204007714,-0.22147954241025236,-0.505,0.195,-0.5349810197696884,0.19393301660296272,-0.03,0.0,0.03557361572237916,-2.48414315722257,-0.6218758806448434,0.6218758806448434,28,1185.8621624706147,176.75634257986036,0.029554387566308016,-0.00026664908439447545,0.5932820999236192,-0.505,-0.195,-0.5349868990262754,-0.19588650255947973,-0.03,0.0,0.029554387566308016,-2.504510017845224,-0.6075282481782605,0.6075282481782605,23,4198.10193368744,729.6599077255207,0.300042,0.049988,0.34824199999924005,0.04998827066283041,-0.008837864906449996,0.010320574917616572,0.0050769696883706415,1.3914834594820638,0.08460431686848244,5386.298568292551,454.40688418624455,21,-0.300042,0.050013,-0.34824199999921013,0.05001272406172252,0.008052874853069387,-0.010320543830173688,0.012477542739258671,0.354610517363146,0.20792993546334632,3881.6243046208565,382.6034911473868,29,4.6000000000000005
yaw+,7.7,0.0,0.0,0.2,0.006494583064219083,0.0013102610449470219,0.000806545027556774,-0.010353178046519926,-0.008457590245566006,-0.0011451976878760499,0.0064200960871189,-0.01731556068607745,0.10399357604906379,2.008112211078214e-08,-0.0034747112254476186,0.027706024889324166,-0.0047848432771858546,1.570801988675525,-1.5707905949469403,0.07585420804641776,0.18527422948652914,0.029372837024793885,1.5707963267948966,-1.5707963267948966,0.8890133333333332,0.8890133333333332,21,5385.059671809098,463.3477487700107,17,2276.6640199955427,215.41667817715708,0,0,0,0.06102028860181985,0.007307572559766633,-0.694225215945858,0.505,0.195,0.4750558348061282,0.1931705271682487,-0.03,0.0,0.06102028860181985,-2.415201960478934,-0.665370404509039,0.665370404509039,24,2544.6025618881845,416.79905577641534,0.061179630002834884,0.007690559006325105,-0.5301245832156323,0.505,-0.195,0.4750561266970275,-0.19683424415374048,-0.03,0.0,0.061179630002834884,-2.4365599116232004,-0.6438531119637574,0.6438531119637574,25,1858.599940241241,327.68378536989434,0.036144753390412454,0.003593485842616484,-0.21648698978629893,-0.505,0.195,-0.5349804054854346,0.19391589348820118,-0.03,0.0,0.036144753390412454,-2.4826943592131085,-0.6227535409862721,0.6227535409862721,8,338.775494281464,50.520059010318526,0.030401567500199178,-0.00024060454034465439,0.593149725958547,-0.505,-0.195,-0.5349861372381799,-0.19591190653744803,-0.03,0.0,0.030401567500199178,-2.5034511521366802,-0.6077399339529137,0.6077399339529137,20,3649.742137385802,634.5749879894729,0.300042,0.049988,0.3482419999992274,0.04998827290264628,-0.00885633788430887,0.010295981735663831,0.005120159043133199,1.3976496927442068,0.08532403868680384,4358.6661477122925,379.69298057755725,17,-0.300042,0.050013,-0.3482419999992082,0.05001272372492851,0.008058725297659244,-0.010295949782503014,0.012506010490340717,0.35561182330019864,0.20840433156592608,1071.8817961548616,97.43417496616301,8,4.7
yaw+,7.9,0.0,0.0,0.2,0.0064915390322682655,0.0013412467391590377,0.0007713561987789914,-0.010316585190908046,-0.008483340655331103,-0.0011742473931424565,0.00649272507896612,-0.018002174173298816,0.10957183504103511,1.9773851499036877e-08,-0.0034408971706463365,0.027944321724803586,-0.005211334957607009,1.5708020909439906,-1.5707905671416436,0.07768072486723698,0.18565225013433154,0.029620812773396576,1.5707963267948966,-1.5707963267948966,0.8890133333333332,0.8890133333333332,23,5893.294327153518,539.1241679419168,21,2816.800409979376,230.52714640565404,0,0,0,0.06139154870731289,0.0074082340681386446,-0.6942758461748255,0.505,0.195,0.4750565160800521,0.19315941022065714,-0.03,0.0,0.06139154870731289,-2.410951097511183,-0.6692500073712973,0.6692500073712973,8,849.2714827639977,139.19469057002024,0.061591334099890815,0.0078054223425255,-0.5156799304742044,0.505,-0.195,0.47505688440058647,-0.19684657201326033,-0.03,0.0,0.061591334099890815,-2.432952061212413,-0.6470492582774892,0.6470492582774892,12,893.3157933825408,157.22701434511208,0.03760625912975435,0.0037510648477244706,-0.2124543336340498,-0.505,0.195,-0.5349787890390568,0.19387207812694013,-0.03,0.0,0.03760625912975435,-2.480043477295893,-0.623942917164146,0.623942917164146,20,845.5678738191575,126.20369676605883,0.03208536512640947,-0.00018729203433076884,0.5938851061906102,-0.505,-0.195,-0.5349845592648874,-0.19596239580758387,-0.03,0.0,0.03208536512640947,-2.501430354520695,-0.608076933942689,0.608076933942689,20,3647.9960700189677,634.7115596511907,0.300042,0.049988,0.34824199999919925,0.049988277831986325,-0.008892203787877483,0.010257937842134975,0.0052434489285384965,1.413565271641598,0.08737858247409525,6661.067722859593,617.3241932594232,26,-0.300042,0.050013,-0.34824199999920047,0.05001272238471321,0.008074359312810876,-0.010257904387703867,0.01253152688406738,0.35567633637073864,0.20882954526478595,3489.8137287769387,273.1353308979834,26,4.9
yaw+,8.0,0.0,0.0,0.2,0.006490032067597962,0.001356300360399563,0.0007539638516565642,-0.010305993947563688,-0.008499433694048878,-0.001193735970783502,0.006530180905597384,-0.01834262519482679,0.11237971444294866,1.9613587475975914e-08,-0.003425052364624902,0.028078794019135305,0.0027979458893494192,1.5708021446022098,-1.5707905617657527,0.07848924883122615,0.18602621475527809,0.029753824117608053,1.5707963267948966,-1.5707963267948966,0.8890133333333332,0.8890133333333332,18,4610.363448305758,434.3472189525746,21,2818.8656336755585,213.5864372907313,0,0,0,0.061619281389024394,0.007414324838475038,-0.7049276088077799,0.505,0.195,0.47505693601896193,0.1931525911585517,-0.03,0.0,0.061619281389024394,-2.408851717303871,-0.6711216548968979,0.6711216548968979,23,2443.1657850689653,400.5841469688588,0.06179924295082184,0.007804266505711649,-0.5255606578991036,0.505,-0.195,0.47505726896641104,-0.19685279741206302,-0.03,0.0,0.06179924295082184,-2.4312518343767286,-0.6485415762622431,0.6485415762622431,23,1713.2733144158635,301.4146018904703,0.038285359399593766,0.0037695486318317056,-0.21387333264698433,-0.505,0.195,-0.534978016154301,0.19385171978486496,-0.03,0.0,0.038285359399593766,-2.4790038291076533,-0.6243034650825461,0.6243034650825461,19,803.6569314384549,120.05970905681599,0.03287328160664593,-0.00015844865382717355,0.593959990353217,-0.505,-0.195,-0.5349837916700563,-0.1959860208348032,-0.03,0.0,0.03287328160664593,-2.5007782648065686,-0.607941107176579,0.607941107176579,19,3464.997182551705,603.0651964018502,0.300042,0.049988,0.34824199999918426,0.04998828041831249,-0.00891508308471256,0.010246373005519708,0.005298024296107766,1.4213107380820325,0.08828804460888419,5378.032330737718,512.408691582447,21,-0.300042,0.050013,-0.348241999999199,0.050012722125595266,0.008083665621806135,-0.010246338564903734,0.012556769495981272,0.356230468004269,0.20925019657216778,2551.4867880972015,186.28942270453967,19,5.0
yaw+,8.200000000000001,0.0,0.0,0.2,0.006486936078057524,0.0013867182914599537,0.0007182362653574868,-0.010268403352904108,-0.008524074261160742,-0.0012257479109289628,0.0066072347378364135,-0.01901685664503585,0.11802946331459985,1.9181458011777366e-08,-0.0033820419011005146,0.02830825675781206,-0.0013311586298189835,1.5708022624002247,-1.570790550705885,0.08029933874222031,0.18671173269343144,0.030034540700303244,1.5707963267948966,-1.5707963267948966,0.8890133333333332,0.8890133333333332,21,5374.589807535256,536.4930781633129,14,1882.302850274511,116.95017977128306,0,0,0,0.06202002917028793,0.007471738204418811,-0.7045999323628636,0.505,0.195,0.47505767876834626,0.19314059169076406,-0.03,0.0,0.06202002917028793,-2.404504905197695,-0.6750677192218095,0.6750677192218095,20,2127.0422240906687,349.05342013603575,0.06226048643815041,0.00785322692985543,-0.5152110342993712,0.505,-0.195,0.47505812674221176,-0.19686660810416817,-0.03,0.0,0.06226048643815041,-2.4276128924472657,-0.6517192747043765,0.6517192747043765,20,1492.4988735866802,262.2004533945688,0.03975722702079665,0.003925642201129534,-0.21223364217809254,-0.505,0.195,-0.5349762935663468,0.19380759737328473,-0.03,0.0,0.03975722702079665,-2.4764282784599474,-0.6254071481090495,0.6254071481090495,20,845.6069231210134,126.66580272020076,0.034543094584499556,-9.827688933500018e-05,0.594078152294185,-0.505,-0.195,-0.5349821033989106,-0.19603608676134374,-0.03,0.0,0.034543094584499556,-2.498895908992737,-0.6081536500125564,0.6081536500125564,21,3827.356769970305,666.5821698240958,0.300042,0.049988,0.3482419999991509,0.04998828609617681,-0.008950870579502663,0.010207183444665709,0.005420205365099871,1.4371075944602534,0.09032411070949853,5117.754865256243,517.150744138601,20,-0.300042,0.050013,-0.3482419999991959,0.05001272159250964,0.008097158399908677,-0.010207147133970145,0.012603041956806622,0.3575234909429479,0.2100212962986286,2689.907436826506,160.6853862150063,20,5.200000000000001
yaw+,8.3,0.0,0.0,0.2,0.006485344957014347,0.001402021035203523,0.0006998811651617128,-0.010251914647703494,-0.00851488051499482,-0.001240646444610947,0.006646889776059055,-0.019351254699486335,0.12087306017458142,1.8954928512458844e-08,-0.0033674111847696252,0.028435968599815793,-0.007177882137536527,1.5708023113272986,-1.5707905360550791,0.08113239561055437,0.18700335639061422,0.030161049552677916,1.5707963267948966,-1.5707963267948966,0.8890133333333332,0.8890133333333332,18,4604.660119030311,474.5560316106352,18,2421.978971726268,135.28760539403586,0,0,0,0.06233240340496771,0.0074554991001565245,-0.7047637072087594,0.505,0.195,0.4750582610604352,0.19313123857195527,-0.03,0.0,0.06233240340496771,-2.403659350899944,-0.6756008992848814,0.6756008992848814,21,2233.9721724579354,366.6463832954993,0.06243732623875253,0.007872903865247435,-0.514056878571233,0.505,-0.195,0.47505845730099083,-0.19687190298985055,-0.03,0.0,0.06243732623875253,-2.4270894008051456,-0.6520659265458946,0.6520659265458946,21,1568.3776345449114,275.32241178294333,0.04037811718164619,0.003961378856257789,-0.21005399584725287,-0.505,0.195,-0.5349755474373364,0.19378898561858482,-0.03,0.0,0.04037811718164619,-2.47655087431123,-0.6246636620969168,0.6246636620969168,21,888.1367964199676,133.23270517114628,0.03532784748191986,-6.65572995808899e-05,0.59424554748087,-0.505,-0.195,-0.5349812810948607,-0.1960596149824115,-0.03,0.0,0.03532784748191986,-2.4993250146767156,-0.6069397914311576,0.6069397914311576,21,3826.8198242742237,666.7004437791229,0.300042,0.049988,0.34824199999913685,0.04998828845446177,-0.008946864732229835,0.01018995039834464,0.00547643670371242,1.4423301435942253,0.09126116849828392,5627.482266785331,583.1821410141866,22,-0.300042,0.050013,-0.3482419999991918,0.0500127208863408,0.008082776308830171,-0.010189913348775989,0.01262272655636646,0.35966478615085723,0.2103493270336563,2826.2223576706106,154.23274684275904,21,5.300000000000001
yaw+,8.5,0.0,0.0,0.2,0.006482446836970468,0.0014295353455512439,0.0006664515958849377,-0.010215622723935745,-0.008535952181603289,-0.0012694513686135635,0.006728412983047045,-0.020014506153226634,0.12659713634077024,1.8564547210575103e-08,-0.0033283577120755588,0.028683365657126817,-0.0018933134222118481,1.5708024103077545,-1.570790514753038,0.08283453822871967,0.18748142680864394,0.030406289185688735,1.5707963267948966,-1.5707963267948966,0.8890133333333332,0.8890133333333332,20,5113.110177584765,550.0750647584305,23,3098.8243434281803,140.52338139565137,0,0,0,0.06258104551565058,0.00750861502838689,-0.7046786402335096,0.505,0.195,0.47505872663875875,0.19312379385263065,-0.03,0.0,0.06258104551565058,-2.3996766447001328,-0.6793349633740098,0.6793349633740098,21,2237.079012089279,367.4108158342666,0.06291242460922408,0.00198943572896165,-0.5144679308404267,0.505,-0.195,0.475059350018197,-0.19688612795619959,-0.03,0.0,0.06291242460922408,-2.423756476365812,-0.6549237526147564,0.6549237526147564,23,1720.336504154413,301.5883690136571,0.04180106446866905,0.0040945679152535695,-0.20927147140932678,-0.505,0.195,-0.5349737938813652,0.19374633323509388,-0.03,0.0,0.04180106446866905,-2.4741666833997,-0.6256249057214243,0.6256249057214243,23,973.2259495247957,146.5998858369786,0.036941731753224794,-6.387089978639182e-06,0.594362443713801,-0.505,-0.195,-0.5349795319546989,-0.1961079998994512,-0.03,0.0,0.036941731753224794,-2.497578469935538,-0.6070724519010309,0.6070724519010309,23,4188.830097157949,730.2883576904829,0.300042,0.049988,0.34824199999910804,0.049988293225319745,-0.008977966704118334,0.010152219634449951,0.005591331330438578,1.456929803455691,0.0931758108937845,6645.435272616154,726.6977868593993,26,-0.300042,0.050013,-0.34824199999918587,0.05001271985958242,0.008093816893331085,-0.010152181050035961,0.012654996309583466,0.3604251873861282,0.21088708096838887,3100.066745350575,128.9962227492227,23,5.5
yaw+,8.600000000000001,0.0,0.0,0.2,0.0064810099263142955,0.0014429449804545177,0.0006499588937420506,-0.01020757385073562,-0.008546251951833058,-0.0012863954746974318,0.006728412983047045,-0.020014506153226634,0.12659713634077024,1.8564547210575103e-08,-0.0033283577120755588,0.028683365657126817,7.806464777420068e-06,1.5708024645948244,-1.5707905062414405,0.08380807904856052,0.18765696901135326,0.03053554293019486,1.5707963267948966,-1.5707963267948966,0.8890133333333332,0.8890133333333332,21,5366.704610882858,592.6915942427635,21,2831.742523425547,111.31136438475727,0,0,0,0.06275457031631504,0.007536366728063145,-0.6947672251790279,0.505,0.195,0.47505905265783355,0.19311859832741216,-0.03,0.0,0.06275457031631504,-2.3981117351141576,-0.68072634815932,0.68072634815932,20,2131.325950571725,350.1457555131251,0.06303686762042915,0.007856133171017535,-0.515686197339844,0.505,-0.195,0.4750595849654701,-0.1968898538462268,-0.03,0.0,0.06303686762042915,-2.422539584048423,-0.6560162019209415,0.6560162019209415,19,1421.7060632545385,249.08098844279792,0.0424429677294178,0.009957210949545001,-0.21291952238977205,-0.505,0.195,-0.5349729829734385,0.19372709321866602,-0.03,0.0,0.0424429677294178,-2.4735384357550925,-0.6256112501052833,0.6256112501052833,22,931.0746179742562,140.53921647642042,0.03773165474947149,-5.058574563327834e-05,0.5941480282956394,-0.505,-0.195,-0.5349786473669008,-0.1961316810730122,-0.03,0.0,0.03773165474947149,-2.497287415166724,-0.6065735836735975,0.6065735836735975,22,4005.823040943824,698.6205994144387,0.300042,0.049988,0.34824199999909206,0.049988295841956513,-0.008994166627205502,0.010143324337763028,0.0056570453357778355,1.4651211962983337,0.09427089100488992,5365.518916061679,601.4502169784251,21,-0.300042,0.050013,-0.3482419999991835,0.050012719449323416,0.008098215979540009,-0.010143284851029527,0.012666845408266346,0.3606761811227966,0.2110845383024101,2967.583443574228,105.83485927273738,22,5.600000000000001
yaw+,8.8,0.0,0.0,0.2,0.006477763385761157,0.001473035142730764,0.0006122531208437828,-0.01016786144247231,-0.00856712323263487,-0.0013132221619922312,0.006856017416374928,-0.02099451262735373,0.13527867134957633,1.7998931933322194e-08,-0.003276706690565942,0.029062298350488902,-0.0026185471320027257,1.5708025686353704,-1.570790489956929,0.08550643637194458,0.18833206817798642,0.030802519408601736,1.5707963267948966,-1.5707963267948966,0.8890133333333332,0.8890133333333332,21,5361.897584733196,627.4364921564064,10,1350.625678837073,34.11509308220566,0,0,0,0.06321261830513425,0.007506569809963989,-0.6934296594724684,0.505,0.195,0.4750599175709802,0.19310488413454482,-0.03,0.0,0.06321261830513425,-2.3940345587974563,-0.6843454764872021,0.6843454764872021,20,2134.0073913179035,350.80927274498396,0.0634483944575317,0.007893300929812712,-0.5301009654216702,0.505,-0.195,0.47506036522629363,-0.19690217497015225,-0.03,0.0,0.0634483944575317,-2.4190888565979054,-0.6590554025343565,0.6590554025343565,20,1498.3637965111016,262.08226046759864,0.04386761256352667,0.004269775615646635,-0.20869459512733862,-0.505,0.195,-0.5349711391172103,0.19368439366950824,-0.03,0.0,0.04386761256352667,-2.4709381204982184,-0.6267869205280476,0.6267869205280476,20,845.3890084131561,128.19114200351189,0.03927845046446432,-0.0003985827836757417,0.5944640004717479,-0.505,-0.195,-0.5349768610250606,-0.19617805054399287,-0.03,0.0,0.03927845046446432,-2.495306396628381,-0.6070078064969477,0.6070078064969477,20,3640.1882686889217,635.2900257847461,0.300042,0.049988,0.348241999999061,0.049988300856710834,-0.00902437928817552,0.01010227202687963,0.005771684455106259,1.479606374328178,0.09618127553986208,5106.175278226506,600.2523215542293,20,-0.300042,0.050013,-0.34824199999917893,0.05001271866440996,0.008109745155552326,-0.010102230967381241,0.012712414602014084,0.36206099238869516,0.21184391855163753,2701.5593803919496,65.74417107581952,20,5.800000000000001
yaw+,8.9,0.0,0.0,0.2,0.006476510745149308,0.0014843896657655608,0.0005977595524835154,-0.01015604485077149,-0.00856951670734845,-0.0013303134618854893,0.006856017416374928,-0.02099451262735373,0.13527867134957633,1.7998931933322194e-08,-0.003276706690565942,0.029062298350488902,-0.0018460466418748261,1.5708026231735843,-1.5707904861184705,0.08634365648804969,0.1887138421991249,0.03093963705256512,1.5707963267948966,-1.5707963267948966,0.8890133333333332,0.8890133333333332,20,5105.424122097967,605.7818266386794,20,2702.3878628929792,59.5068718990718,0,0,0,0.06331840451536941,0.00751982715576369,-0.7052443656401537,0.505,0.195,0.47506011821563077,0.1931017168973003,-0.03,0.0,0.06331840451536941,-2.3927038908193596,-0.6855703582550641,0.6855703582550641,15,1601.8563932155982,263.43396803847736,0.06358028731452858,0.007983213805620108,-0.5160070728239503,0.505,-0.195,0.4750606163699951,-0.1969061237775637,-0.03,0.0,0.06358028731452858,-2.418119659009904,-0.6598927072653602,0.6598927072653602,15,1124.2049320445333,196.498352932368,0.044643594804371745,0.004311047310838133,-0.21607008867421626,-0.505,0.195,-0.5349701092066275,0.19366113699624454,-0.03,0.0,0.044643594804371745,-2.470614083427502,-0.6263349753579188,0.6263349753579188,15,634.2422871840668,96.47931840479319,0.04008401105017523,-0.0006236086154510368,0.5947073518600688,-0.505,-0.195,-0.5349759023076675,-0.19620219833687136,-0.03,0.0,0.04008401105017523,-2.4953301525566745,-0.606178489982943,0.606178489982943,15,2729.3740130281003,476.5538725980166,0.300042,0.049988,0.34824199999904454,0.049988303485452745,-0.009032724200167602,0.010089601611360117,0.005828196812943354,1.4860921013110955,0.09712301632677016,6125.146700391131,736.7067569511794,24,-0.300042,0.050013,-0.3482419999991778,0.05001271847939626,0.008106186757040954,-0.01008955960389885,0.012738184348440932,0.36363091196485187,0.21227335420442692,2027.5619926389502,37.288707773981386,15,5.9
yaw+,9.100000000000001,0.0,0.0,0.2,0.006473146318774485,0.0015145268238968895,0.0005588082321480351,-0.010118105327519073,-0.008598916903997566,-0.0013605913244069956,0.006989615494909012,-0.021955093964480154,0.14407231617043803,1.7302134322666598e-08,-0.003211101534962847,0.02945090347894614,-0.0012466759996055618,1.570802729343166,-1.5707904649511129,0.08831093323049308,0.18913044767346607,0.031207786261049676,1.5707963267948966,-1.5707963267948966,0.8890133333333332,0.8890133333333332,18,4590.867502741015,574.7078091124548,22,2977.608513097738,25.779085101338353,0,0,0,0.06364166241958369,0.007634202765895355,-0.6937573627317237,0.505,0.195,0.4750607334149315,0.19309203869321198,-0.03,0.0,0.06364166241958369,-2.3881252188428577,-0.6898257723273513,0.6898257723273513,16,1709.9597512107239,281.3329799938573,0.06396401363120408,0.007950033338514803,-0.5312725763159717,0.505,-0.195,0.4750613500040589,-0.19691761216635117,-0.03,0.0,0.06396401363120408,-2.4142378428812874,-0.6633907970773016,0.6633907970773016,16,1201.01206766609,209.59121950227168,0.04595792692752454,0.004370445090657994,-0.2200855033225291,-0.505,0.195,-0.5349683236102672,0.19362174748674285,-0.03,0.0,0.04595792692752454,-2.467637307709035,-0.6279974189532336,0.6279974189532336,15,633.5762775946864,96.95050456842515,0.04159127008984864,-0.000623237684848287,0.5944185872408105,-0.505,-0.195,-0.534974056233975,-0.19624737840389478,-0.03,0.0,0.04159127008984864,-2.4930452040051017,-0.6069561794948424,0.6069561794948424,15,2728.2836120500665,476.75858061981603,0.300042,0.049988,0.34824199999901206,0.049988308602826576,-0.009072667601607387,0.010050149756910529,0.005960987993058283,1.5033655594665671,0.09933589285930443,6630.622623871007,833.9685978152617,26,-0.300042,0.050013,-0.3482419999991719,0.05001271745912963,0.00812504294799226,-0.010050106085939328,0.01276630521795896,0.36355564047126326,0.2127419697568834,1895.132811069629,14.733902005364053,14,6.100000000000001
yaw+,9.200000000000001,0.0,0.0,0.2,0.006471882063185351,0.00152557678424399,0.0005442159385658328,-0.01010583327261361,-0.0085866874938125,-0.0013695427047365214,0.00703549019821661,-0.02227129037047085,0.14702911559155504,1.7042232585105262e-08,-0.0031950689438897902,0.02956799421117044,-0.0029353269601857736,1.5708027872767474,-1.5707904707745728,0.08923909391778719,0.18945808558589577,0.031349043827453515,1.5707963267948966,-1.5707963267948966,0.8890133333333332,0.8890133333333332,14,3569.4746008840652,455.1829845658527,14,1895.6906542190454,10.040766516061105,0,0,0,0.06383373189488406,0.007605572303208756,-0.6935121889954476,0.505,0.195,0.47506110042829636,0.19308628830921648,-0.03,0.0,0.06383373189488406,-2.3878469469706274,-0.6899119747242821,0.6899119747242821,29,3100.15876229477,510.1464573066285,0.06405630190517542,0.008041497010874149,-0.5260177310516354,0.505,-0.195,0.4750615271046713,-0.19692037514451416,-0.03,0.0,0.06405630190517542,-2.414163911536078,-0.6633724401485397,0.6633724401485397,14,1051.626876567664,183.4089392909562,0.04663661153109633,0.004492739344925582,-0.20624258447569854,-0.505,0.195,-0.5349673813096821,0.19360140876589546,-0.03,0.0,0.04663661153109633,-2.468000531574289,-0.6269555104844073,0.6269555104844073,14,591.4953878710419,90.8012417492676,0.042379727010960266,4.329079161005623e-06,0.5949317920851678,-0.505,-0.195,-0.5349730634130411,-0.19627101126581228,-0.03,0.0,0.042379727010960266,-2.493600811694737,-0.6056121148840958,0.6056121148840958,14,2545.828938509462,445.020446279693,0.300042,0.049988,0.3482419999989941,0.0499883113952252,-0.009063554937944257,0.010037430700561832,0.006023638839450635,1.5087193777394892,0.10037992746766512,4333.7372931262025,557.5916393683239,17,-0.300042,0.050013,-0.3482419999991735,0.0500127177398204,0.008109696424232184,-0.010037386210608177,0.012788420777047966,0.3658563034782941,0.213110510812619,1896.3184213882537,7.914644069567778,14,6.200000000000001
yaw+,9.4,0.0,0.0,0.2,0.00646900985465651,0.0015506316571291057,0.0005109478753034701,-0.01007559127402475,-0.008616421963975251,-0.0013946673180424028,0.007129203146204992,-0.022897644094122344,0.15298378846500532,1.6536265474909346e-08,-0.0031557472366713526,0.02983177340759079,-0.001988838414281978,1.5708028924511872,-1.570790451837838,0.0910195791468275,0.19010610692118768,0.0316222125723018,1.5707963267948966,-1.5707963267948966,0.8890133333333332,0.8890133333333332,21,5350.7762543463,708.147341079165,13,1762.5944321538752,13.820802630254626,0,0,0,0.06402717199518637,0.0076734894434996054,-0.6936403404487179,0.505,0.195,0.47506147117701836,0.19308049696132115,-0.03,0.0,0.06402717199518637,-2.3838178381090875,-0.6937476434855192,0.6937476434855192,12,1284.3690180134433,211.477858444006,0.06434813441080589,0.008071004023713226,-0.526774150623257,0.505,-0.195,0.4750620888074267,-0.1969291120821744,-0.03,0.0,0.06434813441080589,-2.4107154954991428,-0.6665290236798445,0.6665290236798445,12,902.3339267276895,157.14782399438786,0.04796448967564704,0.004609930422169062,-0.20956011397577176,-0.505,0.195,-0.5349654977313509,0.19356161697993923,-0.03,0.0,0.04796448967564704,-2.465248591075754,-0.6283795728383925,0.6283795728383925,24,1013.6229853506161,156.6576950091012,0.04379416808841263,-0.0006193529900463015,0.5949658861861189,-0.505,-0.195,-0.5349712356603931,-0.19631340511236448,-0.03,0.0,0.04379416808841263,-2.491429269726872,-0.6063692157745084,0.6063692157745084,24,4362.459354874409,763.1071231813863,0.300042,0.049988,0.3482419999989611,0.049988316464633205,-0.009102038004816439,0.010005933963836314,0.006143821592410856,1.5245859597227296,0.1023826929631661,5349.724368652355,715.9584477192551,21,-0.300042,0.050013,-0.34824199999916816,0.05001271682706977,0.008130681443785025,-0.010005887939956543,0.012832162217180169,0.3663825857111305,0.21383943276574896,3119.773065003225,34.259369594916016,23,6.4
yaw+,9.5,0.0,0.0,0.2,0.006467624270299257,0.0015624756859398195,0.000494974983914438,-0.010061196242748455,-0.008614639491179703,-0.0014084772505287971,0.007129203146204992,-0.022897644094122344,0.15298378846500532,1.6536265474909346e-08,-0.0031557472366713526,0.02983177340759079,-0.0018168238148673866,1.570802945249187,-1.5707904403490929,0.09206801333561757,0.1903014666028882,0.03176211979571274,1.5707963267948966,-1.5707963267948966,0.8890133333333332,0.8890133333333332,22,5603.572694489569,756.604671254379,21,2849.157795698965,37.71927169964863,0,0,0,0.06422654370256176,0.0076155813788547425,-0.7052161424212579,0.505,0.195,0.4750618544666284,0.1930745281039022,-0.03,0.0,0.06422654370256176,-2.3826918068678458,-0.6946743030193856,0.6946743030193856,9,963.2047050437588,158.6188382164118,0.06448122011920976,0.008071146666026038,-0.5306229282229802,0.505,-0.195,0.47506234580980117,-0.19693309637319778,-0.03,0.0,0.06448122011920976,-2.4098988139579887,-0.6672126195125951,0.6672126195125951,9,677.5341119410352,117.93650096505431,0.04841399483760256,0.004658229132943513,-0.2050654350004999,-0.505,0.195,-0.5349648481434427,0.19354814747979818,-0.03,0.0,0.04841399483760256,-2.4649681379215584,-0.6282105208306321,0.6282105208306321,9,380.3863468228278,58.87702148557076,0.044345010364779114,-0.00042137605198340825,0.5951880590697446,-0.505,-0.195,-0.5349705076343236,-0.19632991433594485,-0.03,0.0,0.044345010364779114,-2.4914477695151502,-0.6057998737098638,0.6057998737098638,27,4906.945380432619,858.5920967697153,0.300042,0.049988,0.3482419999989443,0.04998831900949679,-0.009105064302078232,0.009990849094302114,0.006214590900154186,1.5319655202232418,0.10356201632028493,6366.292489607956,869.6159313070368,25,-0.300042,0.050013,-0.3482419999991649,0.05001271627331226,0.008124089746326755,-0.009990802291827432,0.012845348995694953,0.36754620298370266,0.21405918164281926,3663.967261394953,54.9971710852076,27,6.5
yaw+,9.700000000000001,0.0,0.0,0.2,0.006464706560435043,0.0015872394650458142,0.00046117607940435293,-0.010032911808831998,-0.008627845212201921,-0.0014325866138487596,0.0072252055089245424,-0.023514134393966993,0.1589915373009273,1.6022011329188145e-08,-0.003110476144459817,0.03010345827052459,-0.002019367080266211,1.570803055492357,-1.5707904305053288,0.09380748781169776,0.19117011149326057,0.03205549215229374,1.5707963267948966,-1.5707963267948966,0.8890133333333332,0.8890133333333332,21,5344.572506975962,753.4035856757596,22,2988.75236158443,70.74095404884923,0,0,0,0.06444814365379958,0.0077062316359227554,-0.6949951125998596,0.505,0.195,0.47506228188618255,0.1930678938596428,-0.03,0.0,0.06444814365379958,-2.3796844461128472,-0.6974600638231463,0.6974600638231463,22,2357.7817783740174,388.45871205017,0.06480847275200396,0.008040432154063975,-0.5161730838630225,0.505,-0.195,0.4750629800237433,-0.19694289344566457,-0.03,0.0,0.06480847275200396,-2.4074471093629826,-0.669337071474807,0.669337071474807,22,1657.4485778631042,288.06848441241715,0.04977979851824621,0.004767259398719699,-0.20537312646940886,-0.505,0.195,-0.5349628372500388,0.19350722274679494,-0.03,0.0,0.04977979851824621,-2.463304931559748,-0.6285079235117994,0.6285079235117994,12,506.57266793448264,79.13252272151597,0.04595689265518477,-0.00013812047838925381,0.5951739553136132,-0.505,-0.195,-0.5349683250357397,-0.19637822151784823,-0.03,0.0,0.04595689265518477,-2.4903326813353006,-0.6053030795993077,0.6053030795993077,21,3814.7831978356653,668.0571538049855,0.300042,0.049988,0.3482419999989088,0.04998832432321759,-0.009126665013005011,0.009961360615351024,0.0063320054272895995,1.545867044029461,0.10551865117699522,6107.166855799063,867.599943438496,24,-0.300042,0.050013,-0.3482419999991621,0.05001271579884284,0.008128899649983347,-0.009961312192175715,0.01290398252579509,0.3700472211789144,0.21503627035206888,1902.6035488391706,50.7085208662699,14,6.700000000000001
yaw+,9.8,0.0,0.0,0.2,0.006463240408905443,0.0015995168645698962,0.00044420256691333224,-0.010013486295318359,-0.008637206508340158,-0.0014407940093514962,0.007323799724737621,-0.024123137178416444,0.1650531222366542,1.5425237843171807e-08,-0.003071307857656992,0.030377869055889985,0.0015121800177969884,1.5708031178755775,-1.5707904320923296,0.09505239516233865,0.19122317738387745,0.032201493701710736,1.5707963267948966,-1.5707963267948966,0.8890133333333332,0.8890133333333332,19,4833.708763905871,695.0593063580345,19,2583.034540934462,76.83692364682963,0,0,0,0.06460538285770578,0.007715145415971638,-0.6949260423273517,0.505,0.195,0.47506258605910523,0.19306318650058404,-0.03,0.0,0.06460538285770578,-2.3778969261607514,-0.6990903445713359,0.6990903445713359,24,2573.838792487526,424.2030082212221,0.06494801483227608,0.008127203476709734,-0.5160285455676367,0.505,-0.195,0.4750632514306023,-0.19694707090077965,-0.03,0.0,0.06494801483227608,-2.4058796255808748,-0.6707650131766423,0.6707650131766423,19,1432.2289208718228,248.66685230615,0.05061316894739143,0.004776853708386254,-0.21402245654252078,-0.505,0.195,-0.5349615828090741,0.19348225312551934,-0.03,0.0,0.05061316894739143,-2.461943893660709,-0.629035590981692,0.629035590981692,19,801.4626987985673,125.7091982610589,0.04672717109575952,-3.3225712808991094e-05,0.5952794169624297,-0.505,-0.195,-0.5349672545309873,-0.19640130506137138,-0.03,0.0,0.04672717109575952,-2.4891956756951483,-0.6056698067988853,0.6056698067988853,19,3450.8564565331008,604.5574661464319,0.300042,0.049988,0.3482419999988885,0.04998832733008881,-0.00913888398225228,0.009941525475891364,0.00641603667345786,1.5554920655710138,0.10691897590100485,4578.458344642362,664.6499063947354,18,-0.300042,0.050013,-0.34824199999916255,0.050012715875336275,0.008135402919032671,-0.009941476229846967,0.012907564473411728,0.3697182039422871,0.21509596112230503,2583.7868387839253,82.75894254582532,19,6.800000000000001
yaw+,10.0,0.0,0.0,0.2,0.006460349980815978,0.0016233820421047238,0.0004107437485938982,-0.009986854479591103,-0.008643025188788555,-0.001465143685807954,0.007424362963045043,-0.024721247291243434,0.17116594257793488,1.4644066798818909e-08,-0.0030214939191420963,0.0306381553841428,-0.003975645642383387,1.5708032207159164,-1.5707904457703084,0.09687974095405846,0.19174611204273614,0.032465863240653675,1.5707963267948966,-1.5707963267948966,0.8890133333333332,0.8890133333333332,29,7373.073456711902,1094.7971467795069,20,2721.969318940345,106.91066370694476,0,0,0,0.06481518723874835,0.007751228325389068,-0.7053600333726655,0.505,0.195,0.4750629930699504,0.19305690554265545,-0.03,0.0,0.06481518723874835,-2.3753559585844495,-0.7014215077665948,0.7014215077665948,17,1825.1576576065418,300.9588841065899,0.06521186244004262,0.008162353935977786,-0.5172055112956393,0.505,-0.195,0.4750637662026274,-0.19695496957240913,-0.03,0.0,0.06521186244004262,-2.403896465368722,-0.6724843257810287,0.6724843257810287,17,1282.6112250856227,222.39798088766133,0.05180979271422004,0.0049256308782256964,-0.2020334492714546,-0.505,0.195,-0.5349597451864064,0.19344640147863165,-0.03,0.0,0.05180979271422004,-2.4608176868985083,-0.6289651739770648,0.6289651739770648,17,717.3021274999292,113.26560697387886,0.04811989086155499,-6.931308307576685e-06,0.5955187120349031,-0.505,-0.195,-0.5349652738430984,-0.19644303967655768,-0.03,0.0,0.04811989086155499,-2.4886156997431983,-0.6048570629850403,0.6048570629850403,30,5446.51156914282,954.8929404112632,0.300042,0.049988,0.3482419999988546,0.04998833228699315,-0.009153181412327875,0.009913677491722058,0.006539382514398947,1.569256392672682,0.10897445215001478,5592.267513315584,838.8016091225238,22,-0.300042,0.050013,-0.34824199999916644,0.05001271653461485,0.00813274231921612,-0.009913626492779297,0.012942862562884691,0.37164268880225954,0.2156841802628414,4084.7851010558174,174.05883685806194,30,7.0
yaw+,10.100000000000001,0.0,0.0,0.2,0.006458864949986608,0.0016353953469529095,0.0003937196447948297,-0.009973951549550681,-0.008645293380279778,-0.0014794965708862966,0.0074755418798941485,-0.025017314879662692,0.17424145869022142,1.4334871921733535e-08,-0.0030045848039319378,0.030755161122865422,-0.004428872899287711,1.5708032730168329,-1.5707904464468099,0.0977941040934232,0.19200670804953934,0.032598027641574594,1.5707963267948966,-1.5707963267948966,0.8890133333333332,0.8890133333333332,20,5082.807556807545,770.3316521899377,22,2996.7295038916977,136.9366461316634,0,0,0,0.06503076573446886,0.0077057932608273275,-0.7055403753239404,0.505,0.195,0.47506341265497487,0.19305045181293687,-0.03,0.0,0.06503076573446886,-2.374062801685784,-0.7024990861695404,0.7024990861695404,21,2255.514923408771,372.01130730323115,0.06534760203162904,0.008189134549399592,-0.5170768879633645,0.505,-0.195,0.47506403184518897,-0.19695903308653553,-0.03,0.0,0.06534760203162904,-2.4029242947075535,-0.673320756850611,0.673320756850611,21,1586.294048738554,274.8353633403015,0.052524208571444575,0.004809890573628344,-0.21573432870326725,-0.505,0.195,-0.5349586276255043,0.19342499815988334,-0.03,0.0,0.052524208571444575,-2.4603649808210295,-0.6287034641973186,0.6287034641973186,21,886.4682845918674,140.65744543810254,0.048842506545948794,-9.018569414474473e-05,0.5952252006320049,-0.505,-0.195,-0.5349642232565512,-0.19646469267478092,-0.03,0.0,0.048842506545948794,-2.4884755906919374,-0.604274556351907,0.604274556351907,21,3811.654057082481,668.4618707528489,0.300042,0.049988,0.34824199999883715,0.04998833480789732,-0.009160447457340294,0.009900057610357992,0.006601102026306067,1.5761549483646362,0.11000296668976456,5081.72375842822,778.1603702822127,20,-0.300042,0.050013,-0.3482419999991666,0.05001271656722222,0.008130012320103326,-0.009900005714362323,0.012960452793343907,0.37270615080063774,0.21597730973236925,2860.9721271991934,136.45760902175067,21,7.100000000000001
yaw+,10.3,0.0,0.0,0.2,0.006455975354873661,0.0016587460428673234,0.0003601762827352404,-0.009944806801278,-0.008660541901977035,-0.0015056586592953572,0.007579240916602403,-0.025601144935836043,0.1804318469469184,1.3537013745719368e-08,-0.0029556595968397072,0.031025026272141123,0.0019269908304857454,1.5708033821105936,-1.570790464534829,0.09973549978122732,0.1925348591804743,0.03287581276875237,1.5707963267948966,-1.5707963267948966,0.8890133333333332,0.8890133333333332,12,3047.4683579240163,478.3503662838726,21,2863.810969437805,159.67749018176954,0,0,0,0.06521365243091726,0.007789500270588725,-0.7094081682676306,0.505,0.195,0.47506376970205305,0.19304497684200872,-0.03,0.0,0.06521365243091726,-2.370818858892513,-0.7055601422663624,0.7055601422663624,22,2365.1363261450833,390.26121717995136,0.06559747811515226,0.008220671016948296,-0.5308680073560248,0.505,-0.195,0.4750645222952709,-0.1969665133077776,-0.03,0.0,0.06559747811515226,-2.400287597576182,-0.6757075778984589,0.6757075778984589,22,1663.553076246831,287.7531602129301,0.05378472593124872,0.005088986316576425,-0.2016451053028986,-0.505,0.195,-0.5349566185081801,0.1933872360509491,-0.03,0.0,0.05378472593124872,-2.45855869942561,-0.6292492282329345,0.6292492282329345,28,1181.1456350347446,188.86906024432122,0.050224888056069616,-0.00019216016811017295,0.5956344654576493,-0.505,-0.195,-0.5349621698626337,-0.19650611325028516,-0.03,0.0,0.050224888056069616,-2.487271037966858,-0.6040967275668656,0.6040967275668656,28,5080.378812376089,891.5975065618072,0.300042,0.049988,0.34824199999880034,0.04998834006621659,-0.009184805851846431,0.00986960622614404,0.006732146235232845,1.5916952087079275,0.11218673111152515,5839.832622169392,925.1680864433363,23,-0.300042,0.050013,-0.34824199999917177,0.05001271743906474,0.008136150461404736,-0.009869552416590523,0.012996102994682016,0.3739546027963894,0.21657139658251207,3000.9248528540097,173.94233735206006,22,7.300000000000001
yaw+,10.4,0.0,0.0,0.2,0.006454546080714704,0.0016701373002092476,0.000343625644864219,-0.009929072191552604,-0.008667447778898434,-0.001517070101478485,0.007631652775017315,-0.02588845861646595,0.18354615894625398,1.3075673153633945e-08,-0.0029205505299155286,0.03114311999335556,-0.00011741651144255125,1.5708034432840252,-1.5707904774575479,0.10081228651307879,0.19284992547177787,0.033032374315233905,1.5707963267948966,-1.5707963267948966,0.8890133333333332,0.8890133333333332,19,4823.501597292335,769.6988044289125,19,2592.620656871536,157.3767508183522,0,0,0,0.06538488919107888,0.0077826419688461325,-0.7055219694025573,0.505,0.195,0.4750641049127785,0.1930398506876087,-0.03,0.0,0.06538488919107888,-2.3692330198563285,-0.7069747445423857,0.7069747445423857,20,2151.1280485816274,355.00711179230433,0.06569020903086198,0.008233721575282047,-0.5158408482422111,0.505,-0.195,0.47506470478055834,-0.19696928924357834,-0.03,0.0,0.06569020903086198,-2.3989769103310836,-0.6769255342278475,0.6769255342278475,20,1513.029179494958,261.5497390899983,0.054305730784628636,0.0051743594688561136,-0.20744799280936913,-0.505,0.195,-0.5349557741845704,0.1933716287269108,-0.03,0.0,0.054305730784628636,-2.4575989990406675,-0.6296879237644966,0.6296879237644966,21,885.6212755098654,142.16098384640262,0.050918196343279654,-0.0003388231178618104,0.5958744662856978,-0.505,-0.195,-0.534961118460866,-0.19652688590731301,-0.03,0.0,0.050918196343279654,-2.4865863818100813,-0.6040880754364322,0.6040880754364322,21,3809.619749757424,668.8045461737055,0.300042,0.049988,0.3482419999987795,0.04998834301477599,-0.00919568518449328,0.009853301812185588,0.0068048293396328185,1.6000514524126097,0.11339794661468759,3553.3643816988065,572.5946968183272,14,-0.300042,0.050013,-0.3482419999991754,0.05001271806193979,0.008139082617794164,-0.009853247000695666,0.013017369969345008,0.3747521475566008,0.21692579654423394,2593.2769185910092,162.95055827903965,19,7.4
yaw+,10.600000000000001,0.0,0.0,0.2,0.006451760413758563,0.0016920864108673729,0.0003113303579655083,-0.009901539334725795,-0.008678568968289809,-0.0015422783845016642,0.0077378530315301,-0.026455608459277906,0.1898138175887998,1.226376530380994e-08,-0.002875628902103753,0.031406247310131946,0.0004936563146741809,1.5708035548331027,-1.5707904961076755,0.1030247509452739,0.19311134888479636,0.03331064773952732,1.5707963267948966,-1.5707963267948966,0.8890133333333332,0.8890133333333332,15,3805.3833872492446,626.5488363129093,22,3005.379106200898,212.18405105978388,0,0,0,0.06550008085125736,0.007837815404552346,-0.7057537875726075,0.505,0.195,0.475064330904243,0.19303640233516703,-0.03,0.0,0.06550008085125736,-2.3663215328119533,-0.7097710399265829,0.7097710399265829,22,2368.101876830526,390.9607228982489,0.06597658510175375,0.008182538683468826,-0.5168425448675691,0.505,-0.195,0.47506526996538223,-0.19697786191493513,-0.03,0.0,0.06597658510175375,-2.3966525423369216,-0.6789635261511178,0.6789635261511178,17,1287.831923250923,222.22335655919437,0.0556892429182696,0.005244983191265911,-0.2138578077592563,-0.505,0.195,-0.5349534926446184,0.19333018612151248,-0.03,0.0,0.0556892429182696,-2.456099044675521,-0.6298043659960024,0.6298043659960024,22,927.935677264241,150.28778698049348,0.05228554171627309,-0.0001377666343819878,0.5953705336735514,-0.505,-0.195,-0.5349590026729871,-0.19656785166388638,-0.03,0.0,0.05228554171627309,-2.485666646514803,-0.6036404653587173,0.6036404653587173,22,3989.525299941022,700.9068287702565,0.300042,0.049988,0.3482419999987409,0.04998834839144153,-0.009215584065770619,0.009824509996375092,0.006954170688805989,1.6169754754576606,0.11588662068653703,3297.331733087809,548.1126248000651,13,-0.300042,0.050013,-0.34824199999918065,0.050012718960875946,0.008141425575939703,-0.009824453269595348,0.013035016049723755,0.3754188299513263,0.21721985671545577,2596.6190018532147,191.33328876844996,19,7.600000000000001
yaw+,10.700000000000001,0.0,0.0,0.2,0.006450290019977184,0.0017034336616118658,0.0002944522542422603,-0.009885833312680795,-0.008693482593401703,-0.0015568114245538768,0.007791665112040292,-0.02673568848744995,0.19296793193965575,1.1860561589016996e-08,-0.0028520266862054576,0.03154114350855887,-0.0011919608560215672,1.5708036023795806,-1.5707904956172856,0.10382545736025356,0.1934171329013689,0.03343511048828508,1.5707963267948966,-1.5707963267948966,0.8890133333333332,0.8890133333333332,11,2789.629911227142,466.71613468810176,21,2870.7699548980145,217.5812828134245,0,0,0,0.06569116847444878,0.007818214190254687,-0.6952913991713371,0.505,0.195,0.47506470666999406,0.19303068203519558,-0.03,0.0,0.06569116847444878,-2.3641998437192013,-0.711701641396143,0.711701641396143,21,2261.4911980502575,373.4030004773557,0.06610938394753862,0.008240075766995971,-0.5279183606175746,0.505,-0.195,0.47506553288711834,-0.1969818371950806,-0.03,0.0,0.06610938394753862,-2.3948709850693106,-0.6806122845729439,0.6806122845729439,20,1515.6173898540924,261.3805291818161,0.0561635394066462,0.005322734873990553,-0.20019578794399234,-0.505,0.195,-0.5349526972886631,0.19331597947348744,-0.03,0.0,0.0561635394066462,-2.454708683432597,-0.6307204307505501,0.6307204307505501,20,843.3542585211447,136.93281171073184,0.05284710250465263,-0.00037744885226970084,0.5957894392720054,-0.505,-0.195,-0.5349581175052236,-0.19658467521695086,-0.03,0.0,0.05284710250465263,-2.4846193830251964,-0.6041261680599437,0.6041261680599437,18,3263.5326844673236,573.5755455115475,0.300042,0.049988,0.3482419999987243,0.04998835068318176,-0.00923555835825105,0.00980807807158914,0.007008218371817115,1.6243776730068167,0.1167872893097819,5324.593778855284,898.4492064487886,21,-0.300042,0.050013,-0.3482419999991805,0.05001271893723915,0.008151278277122686,-0.009808020472184438,0.0130556564708424,0.3756515962772775,0.21756381557985885,1504.1059973044642,117.87882325970625,11,7.700000000000001
yaw+,10.9,0.0,0.0,0.2,0.006447534011064744,0.0017248165600599885,0.0002623139309363993,-0.009867435057307776,-0.008693639993615084,-0.0015752188300223891,0.007900501740491311,-0.02728803341024934,0.19931867360801875,1.1005968363075017e-08,-0.002807885539216084,0.031821452141643836,-0.0013666727763635748,1.5708037189534823,-1.5707905186432178,0.10596136721432008,0.19395048716799795,0.03373536066682369,1.5707963267948966,-1.5707963267948966,0.8890133333333332,0.8890133333333332,20,5068.536395807156,873.9086219177148,20,2736.827009139848,233.16997270672024,0,0,0,0.06589071094890198,0.0078407337954213,-0.7099583640481351,0.505,0.195,0.47506510022854087,0.19302470871193703,-0.03,0.0,0.06589071094890198,-2.3625824684529877,-0.7131194741879034,0.7131194741879034,20,2155.8628523137704,356.15155340906887,0.06632663034413078,0.008267623834538084,-0.5176439957146032,0.505,-0.195,0.47506596414049773,-0.19698834030337625,-0.03,0.0,0.06632663034413078,-2.393678093338942,-0.6815879299067209,0.6815879299067209,22,1669.505732237339,287.36397175377374,0.05755937677800027,0.005582684995823992,-0.19897116774828477,-0.505,0.195,-0.534950317491298,0.19327417203335612,-0.03,0.0,0.05755937677800027,-2.454192050812071,-0.6298412259997219,0.6298412259997219,22,927.0413237350175,152.02736821900078,0.05430136727502077,-0.0003298889621240794,0.5964110044404316,-0.505,-0.195,-0.534955781289699,-0.19662824056076525,-0.03,0.0,0.05430136727502077,-2.484517117991299,-0.6027741683234735,0.6027741683234735,22,3987.418554973196,701.2946564231647,0.300042,0.049988,0.34824199999868305,0.049988356302043825,-0.009242124989598161,0.009788760776699967,0.0071523922869666055,1.6394517276564768,0.11918985153689493,5574.190650182242,970.0796376179543,22,-0.300042,0.050013,-0.348241999999187,0.050012720047089086,0.0081450257836867,-0.009788701386659252,0.013091657883839862,0.37784611727894346,0.21816375513827838,3012.0405486971613,265.81024511445077,22,7.9
yaw+,11.0,0.0,0.0,0.2,0.006446116347064074,0.0017354044122135839,0.00024622613595671783,-1.3358411113549143e-05,0.00010596262783033443,-0.00016348913145826675,0.00795566004819773,-0.027561087878765076,0.2025135052060567,1.0623439931623401e-08,-0.0027856988653534886,0.03194831598037973,-0.0018672239033257786,1.5708037666781651,-1.570790518877624,0.1068614630725813,0.19417962426283397,0.033862381591110303,1.5707963267948966,-1.5707963267948966,0.8890133333333332,0.8890133333333332,21,5320.245159321521,929.9932406785705,20,2738.3646137078567,244.51115352134087,0,0,0,0.06590559332263979,0.007883787032999173,-0.6941155340546501,0.505,0.195,0.47506512962887915,0.19302426320978958,-0.03,0.0,0.06590559332263979,0.999220184582958,-0.9333145912603182,0.9333145912603182,22,2372.6388172377838,392.00033499948637,0.06642019028482338,0.008285281961403535,-0.5313417098744054,0.505,-0.195,0.4750661503005115,-0.19699114092128944,-0.03,0.0,0.06642019028482338,2.58589025065875,0.6221225932158667,0.6221225932158667,13,987.199028071015,169.88321075726714,0.057988941476022404,0.0056326373029847035,-0.19676608495121606,-0.505,0.195,-0.5349495733732479,0.1932613065938929,-0.03,0.0,0.057988941476022404,1.4767840751094197,-1.4187951336333973,1.4187951336333973,13,547.8334731471779,90.10786967795762,0.054791414709771225,-0.00039687307310937625,0.5959532260516196,-0.505,-0.195,-0.5349549797777332,-0.19664292011844656,-0.03,0.0,0.054791414709771225,1.801869081854565,1.3945149864449995,1.3945149864449995,21,3805.462546871178,669.4002130318221,0.300042,0.049988,0.348241999998666,0.04998835860237354,4.902888429408243e-05,5.1854930135903e-06,0.007213148757399239,0.7164119873105156,0.12020231763218547,4559.502535757433,802.0818546049971,18,-0.300042,0.050013,-0.34824199999918704,0.050012720058387465,-0.0001628964400406449,-5.180928860377584e-06,0.013107124637741293,1.0124280835456156,0.21842149828592822,1780.3112823732752,162.2480319862035,13,8.0
