case,sim_time,elapsed_sim_time,elapsed_wall_time,gt_x,gt_y,gt_yaw,gt_vx_world,gt_vy_world,gt_wz,odom_x,odom_y,odom_yaw,odom_vx,odom_vy,odom_wz,local_x,local_y,local_yaw,cmd_x,cmd_y,cmd_yaw,steer_cmd_front,steer_cmd_rear,drive_cmd_front,drive_cmd_rear,steer_pos_front,steer_pos_rear,wheel_vel_front,wheel_vel_rear,imu_wz,imu_yaw
yaw-,1789636411.0739877,1.0728836059570312e-05,0.025805539997236338,1.8577153554077963e-06,-3.842418401685255e-08,6.776380623131957e-05,-0.00022001799621396983,7.66837792347496e-05,-0.00021806635396957188,-0.00019938357492758224,-8.687658133344234e-10,1.1454148628646953e-10,-0.00022162142098062376,-9.531315871246456e-10,1.2879543546042183e-10,-5.1821560697392396e-05,-4.3127031078363114e-08,0.0001008611079194033,0.0,0.0,-0.2,0.0,0.0,0.0,0.0,4.191048185830937e-06,4.398611665124008e-06,-0.0034218683445603306,-0.0035364345966066306,-0.0038678926270664317,6.776128175624938e-05
yaw-,1789636411.0998085,0.02583146095275879,0.05867593199945986,1.8585630425262123e-06,-3.870985035986374e-08,6.776759232054956e-05,-0.0002200067171599496,7.666714216161754e-05,-0.000218025479994097,-0.00019938357492758224,-8.687658133344234e-10,1.1454148628646953e-10,-0.00022162142098062376,-9.531315871246456e-10,1.2879543546042183e-10,-5.1821560697392396e-05,-4.3127031078363114e-08,0.0001008611079194033,0.0,0.0,-0.2,0.0,0.0,0.0,0.0,4.189603425075461e-06,4.397268918765462e-06,-0.0034218636889215017,-0.0035364519218082117,0.002343761250571033,6.776759232054956e-05
yaw-,1789636411.1326807,0.05870366096496582,0.09175527099796454,1.8585630425262123e-06,-3.870985035986374e-08,6.776759232054956e-05,-0.0002200067171599496,7.666714216161754e-05,-0.000218025479994097,-0.00019938357492758224,-8.687658133344234e-10,1.1454148628646953e-10,-0.00022162142098062376,-9.531315871246456e-10,1.2879543546042183e-10,-5.1821560697392396e-05,-4.3127031078363114e-08,0.0001008611079194033,0.0,0.0,-0.2,0.0,0.0,0.0,0.0,4.189603425075461e-06,4.397268918765462e-06,-0.0034218636889215017,-0.0035364519218082117,0.002343761250571033,6.776759232054956e-05
yaw-,1789636411.1657572,0.09178018569946289,0.11876257000039914,1.8585630425262123e-06,-3.870985035986374e-08,6.776759232054956e-05,-0.0002200067171599496,7.666714216161754e-05,-0.000218025479994097,-0.00019938357492758224,-8.687658133344234e-10,1.1454148628646953e-10,-0.00022162142098062376,-9.531315871246456e-10,1.2879543546042183e-10,-5.1821560697392396e-05,-4.3127031078363114e-08,0.0001008611079194033,0.0,0.0,-0.2,0.0,0.0,0.0,0.0,4.189603425075461e-06,4.397268918765462e-06,-0.0034218636889215017,-0.0035364519218082117,0.002343761250571033,6.776759232054956e-05
yaw-,1789636411.1927624,0.11878538131713867,0.144498071000271,1.8585630425262123e-06,-3.870985035986374e-08,6.776759232054956e-05,-0.0002200067171599496,7.666714216161754e-05,-0.000218025479994097,-0.00019938357492758224,-8.687658133344234e-10,1.1454148628646953e-10,-0.00022162142098062376,-9.531315871246456e-10,1.2879543546042183e-10,-5.1821560697392396e-05,-4.3127031078363114e-08,0.0001008611079194033,0.0,0.0,-0.2,0.0,0.0,0.0,0.0,4.189603425075461e-06,4.397268918765462e-06,-0.0034218636889215017,-0.0035364519218082117,0.002343761250571033,6.776759232054956e-05
yaw-,1789636411.2185142,0.14453721046447754,0.17334698299964657,1.8585630425262123e-06,-3.870985035986374e-08,6.776759232054956e-05,-0.0002200067171599496,7.666714216161754e-05,-0.000218025479994097,-0.00019938357492758224,-8.687658133344234e-10,1.1454148628646953e-10,-0.00022162142098062376,-9.531315871246456e-10,1.2879543546042183e-10,-5.1821560697392396e-05,-4.3127031078363114e-08,0.0001008611079194033,0.0,0.0,-0.2,0.0,0.0,0.0,0.0,4.189603425075461e-06,4.397268918765462e-06,-0.0034218636889215017,-0.0035364519218082117,0.002343761250571033,6.776759232054956e-05
yaw-,1789636411.2473464,0.1733694076538086,0.2047513439974864,1.8585630425262123e-06,-3.870985035986374e-08,6.776759232054956e-05,-0.0002200067171599496,7.666714216161754e-05,-0.000218025479994097,-0.00019938357492758224,-8.687658133344234e-10,1.1454148628646953e-10,-0.00022162142098062376,-9.531315871246456e-10,1.2879543546042183e-10,-5.1821560697392396e-05,-4.3127031078363114e-08,0.0001008611079194033,0.0,0.0,-0.2,0.0,0.0,0.0,0.0,4.189603425075461e-06,4.397268918765462e-06,-0.0034218636889215017,-0.0035364519218082117,0.002343761250571033,6.776759232054956e-05
yaw-,1789636411.2787561,0.20477914810180664,0.23902662199907354,1.8585630425262123e-06,-3.870985035986374e-08,6.776759232054956e-05,-0.0002200067171599496,7.666714216161754e-05,-0.000218025479994097,-0.00019938357492758224,-8.687658133344234e-10,1.1454148628646953e-10,-0.00022162142098062376,-9.531315871246456e-10,1.2879543546042183e-10,-5.1821560697392396e-05,-4.3127031078363114e-08,0.0001008611079194033,0.0,0.0,-0.2,0.0,0.0,0.0,0.0,4.189603425075461e-06,4.397268918765462e-06,-0.0034218636889215017,-0.0035364519218082117,0.002343761250571033,6.776759232054956e-05
yaw-,1789636411.3130493,0.23907232284545898,0.26322566700036987,1.8585630425262123e-06,-3.870985035986374e-08,6.776759232054956e-05,-0.0002200067171599496,7.666714216161754e-05,-0.000218025479994097,-0.00019938357492758224,-8.687658133344234e-10,1.1454148628646953e-10,-0.00022162142098062376,-9.531315871246456e-10,1.2879543546042183e-10,-5.1821560697392396e-05,-4.3127031078363114e-08,0.0001008611079194033,0.0,0.0,-0.2,0.0,0.0,0.0,0.0,4.189603425075461e-06,4.397268918765462e-06,-0.0034218636889215017,-0.0035364519218082117,0.002343761250571033,6.776759232054956e-05
yaw-,1789636411.3372245,0.2632474899291992,0.292461301000003,1.8585630425262123e-06,-3.870985035986374e-08,6.776759232054956e-05,-0.0002200067171599496,7.666714216161754e-05,-0.000218025479994097,-0.00019938357492758224,-8.687658133344234e-10,1.1454148628646953e-10,-0.00022162142098062376,-9.531315871246456e-10,1.2879543546042183e-10,-5.1821560697392396e-05,-4.3127031078363114e-08,0.0001008611079194033,0.0,0.0,-0.2,0.0,0.0,0.0,0.0,4.189603425075461e-06,4.397268918765462e-06,-0.0034218636889215017,-0.0035364519218082117,0.002343761250571033,6.776759232054956e-05
yaw-,1789636411.3664646,0.29248762130737305,0.3217635179971694,1.8585630425262123e-06,-3.870985035986374e-08,6.776759232054956e-05,-0.0002200067171599496,7.666714216161754e-05,-0.000218025479994097,-0.00019938357492758224,-8.687658133344234e-10,1.1454148628646953e-10,-0.00022162142098062376,-9.531315871246456e-10,1.2879543546042183e-10,-5.1821560697392396e-05,-4.3127031078363114e-08,0.0001008611079194033,0.0,0.0,-0.2,0.0,0.0,0.0,0.0,4.189603425075461e-06,4.397268918765462e-06,-0.0034218636889215017,-0.0035364519218082117,0.002343761250571033,6.776759232054956e-05
yaw-,1789636411.3957653,0.32178831100463867,0.3495841529984318,1.8585630425262123e-06,-3.870985035986374e-08,6.776759232054956e-05,-0.0002200067171599496,7.666714216161754e-05,-0.000218025479994097,-0.00019938357492758224,-8.687658133344234e-10,1.1454148628646953e-10,-0.00022162142098062376,-9.531315871246456e-10,1.2879543546042183e-10,-5.1821560697392396e-05,-4.3127031078363114e-08,0.0001008611079194033,0.0,0.0,-0.2,0.0,0.0,0.0,0.0,4.189603425075461e-06,4.397268918765462e-06,-0.0034218636889215017,-0.0035364519218082117,0.002343761250571033,6.776759232054956e-05
yaw-,1789636411.4235866,0.3496096134185791,0.3773544840005343,1.8585630425262123e-06,-3.870985035986374e-08,6.776759232054956e-05,-0.0002200067171599496,7.666714216161754e-05,-0.000218025479994097,-0.00019938357492758224,-8.687658133344234e-10,1.1454148628646953e-10,-0.00022162142098062376,-9.531315871246456e-10,1.2879543546042183e-10,-5.1821560697392396e-05,-4.3127031078363114e-08,0.0001008611079194033,0.0,0.0,-0.2,0.0,0.0,0.0,0.0,4.189603425075461e-06,4.397268918765462e-06,-0.0034218636889215017,-0.0035364519218082117,0.002343761250571033,6.776759232054956e-05
yaw-,1789636411.4513485,0.37737154960632324,0.4050638489970879,1.8589865803976535e-06,-3.885264511678532e-08,6.776948484522085e-05,-0.0002200010357766937,7.665883942114387e-05,-0.00021800509471423972,-0.00019938357492758224,-8.687658133344234e-10,1.1454148628646953e-10,-0.00022162142098062376,-9.531315871246456e-10,1.2879543546042183e-10,-5.1821560697392396e-05,-4.3127031078363114e-08,0.0001008611079194033,0.0,0.0,-0.2,0.0,0.0,0.0,0.0,4.188159164364436e-06,4.395926611167056e-06,-0.0034218579741962423,-0.003536468070258403,0.002343761250571033,6.776759232054956e-05
yaw-,1789636411.47907,0.4050929546356201,0.4318188489996828,1.8602558048905204e-06,-3.9281219701460535e-08,6.777516082293382e-05,-0.00021998439261878796,7.663364513842937e-05,-0.00021794335638516388,-0.00019938357492758224,-8.687658133344234e-10,1.1454148628646953e-10,-0.00022162142098062376,-9.531315871246456e-10,1.2879543546042183e-10,-5.1821560697392396e-05,-4.3127031078363114e-08,0.0001008611079194033,0.0,0.0,-0.2,0.0,0.0,0.0,0.0,4.186715411691466e-06,4.394584768974141e-06,-0.0034218539282805886,-0.003536486165599541,-0.0026383789142769213,6.77745302752323e-05
yaw-,1789636411.505819,0.4318420886993408,0.45606208199751563,1.8610999274644435e-06,-3.9567065365439524e-08,6.777894319970115e-05,-0.00021997334271052827,7.661679485561549e-05,-0.00021790215981293078,-0.00019938357492758224,-8.687658133344234e-10,1.1454148628646953e-10,-0.00022162142098062376,-9.531315871246456e-10,1.2879543546042183e-10,-5.1821560697392396e-05,-4.3127031078363114e-08,0.0001008611079194033,0.0,0.0,-0.2,0.0,0.0,0.0,0.0,4.183829340753675e-06,4.391902595379804e-06,-0.00342185123532107,-0.003536526578840275,-0.001752244918635868,6.777768257842373e-05
yaw-,1789636411.5300612,0.4560842514038086,0.4942241969984025,1.8622246445547386e-06,-3.994801689704425e-08,6.778398398276045e-05,-0.00021995859854728202,7.659432434702843e-05,-0.00021784726515713433,-0.00019938357492758224,-8.687658133344234e-10,1.1454148628646953e-10,-0.00022162142098062376,-9.531315871246456e-10,1.2879543546042183e-10,-5.1821560697392396e-05,-4.3127031078363114e-08,0.0001008611079194033,0.0,0.0,-0.2,0.0,0.0,0.0,0.0,4.182387054463277e-06,4.390562145850652e-06,-0.003421848616915932,-0.0035365460059175883,-0.0023318022919998687,6.778114892015962e-05
yaw-,1789636411.5682328,0.49425578117370605,0.526558366997051,1.8630676602918173e-06,-4.023363766019611e-08,6.778776278848096e-05,-0.00021994756704847769,7.657747312303064e-05,-0.00021780613423939222,-0.00022154611592699547,-9.637747452606186e-10,1.2745189461143152e-10,-0.0002216254099941324,-9.50063933958092e-10,1.2910408324961975e-10,-4.889303822211332e-05,-4.0620240606518524e-08,-6.974486029909241e-05,0.0,0.0,-0.2,0.20000000000000018,0.20000000000000018,-0.8890133333333332,0.8890133333333332,4.1809452655527934e-06,4.389222125311676e-06,-0.003421845994527992,-0.0035365656223062293,-0.002950403072499562,6.778776278848096e-05
yaw-,1789636411.6005645,0.5265874862670898,0.5575375579974207,1.4341526793013037e-06,-1.5082035429575535e-07,6.75898104887587e-05,-0.00024523028895281825,7.52182321958062e-05,-0.0002198795071982429,-0.00022154611592699547,-9.637747452606186e-10,1.2745189461143152e-10,-0.0002216254099941324,-9.50063933958092e-10,1.2910408324961975e-10,-4.889303822211332e-05,-4.0620240606518524e-08,-6.974486029909241e-05,0.0,0.0,-0.2,0.20020000000000016,0.20020000000000016,-0.8890133333333332,0.8890133333333332,0.20019356850054226,0.2002156258498866,-0.007278953909760176,0.011983540423749096,-0.001632547055083969,6.760722402215504e-05
yaw-,1789636411.6315398,0.5575628280639648,0.5877324829998543,1.4169509164919936e-06,-1.9119756044724823e-07,6.760100682794002e-05,-0.0002201328615282973,8.794517669061963e-05,-0.00022372943989167393,-0.00022154611592699547,-9.637747452606186e-10,1.2745189461143152e-10,-0.0002216254099941324,-9.50063933958092e-10,1.2910408324961975e-10,-4.889303822211332e-05,-4.0620240606518524e-08,-6.974486029909241e-05,0.0,0.0,-0.2,0.20020000000000016,0.20020000000000016,-0.8890133333333332,0.8890133333333332,0.2001941238577789,0.20021432758129531,-0.007073090432119988,0.010923245254830936,0.00028096697111717236,6.760074832879799e-05
yaw-,1789636411.6617365,0.5877594947814941,0.622879449998436,1.4289418199843473e-06,-1.9170541817967873e-07,6.760143344727763e-05,-0.0002212199578572016,8.876580232894445e-05,-0.0002241956818658211,-0.00022154611592699547,-9.637747452606186e-10,1.2745189461143152e-10,-0.0002216254099941324,-9.50063933958092e-10,1.2910408324961975e-10,-4.889303822211332e-05,-4.0620240606518524e-08,-6.974486029909241e-05,0.0,0.0,-0.2,0.20020000000000016,0.20020000000000016,-0.8890133333333332,0.8890133333333332,0.20019428443358134,0.20021395356316152,-0.007031619095769036,0.010496055926724767,0.00028096697111717236,6.760074832879799e-05
yaw-,1789636411.6968882,0.6229112148284912,0.6508079889972578,1.4289418199843473e-06,-1.9170541817967873e-07,6.760143344727763e-05,-0.0002212199578572016,8.876580232894445e-05,-0.0002241956818658211,-0.00022154611592699547,-9.637747452606186e-10,1.2745189461143152e-10,-0.0002216254099941324,-9.50063933958092e-10,1.2910408324961975e-10,-4.889303822211332e-05,-4.0620240606518524e-08,-6.974486029909241e-05,0.0,0.0,-0.2,0.20020000000000016,0.20020000000000016,-0.8890133333333332,0.8890133333333332,0.20019428443358134,0.20021395356316152,-0.007031619095769036,0.010496055926724767,0.00028096697111717236,6.760074832879799e-05
yaw-,1789636411.7248077,0.6508307456970215,0.6824212669998815,1.4289418199843473e-06,-1.9170541817967873e-07,6.760143344727763e-05,-0.0002212199578572016,8.876580232894445e-05,-0.0002241956818658211,-0.00022154611592699547,-9.637747452606186e-10,1.2745189461143152e-10,-0.0002216254099941324,-9.50063933958092e-10,1.2910408324961975e-10,-4.889303822211332e-05,-4.0620240606518524e-08,-6.974486029909241e-05,0.0,0.0,-0.2,0.20020000000000016,0.20020000000000016,-0.8890133333333332,0.8890133333333332,0.20019428443358134,0.20021395356316152,-0.007031619095769036,0.010496055926724767,0.00028096697111717236,6.760074832879799e-05
yaw-,1789636411.7564218,0.6824448108673096,0.7155479909997666,1.4289418199843473e-06,-1.9170541817967873e-07,6.760143344727763e-05,-0.0002212199578572016,8.876580232894445e-05,-0.0002241956818658211,-0.00022154611592699547,-9.637747452606186e-10,1.2745189461143152e-10,-0.0002216254099941324,-9.50063933958092e-10,1.2910408324961975e-10,-4.889303822211332e-05,-4.0620240606518524e-08,-6.974486029909241e-05,0.0,0.0,-0.2,0.20020000000000016,0.20020000000000016,-0.8890133333333332,0.8890133333333332,0.20019428443358134,0.20021395356316152,-0.007031619095769036,0.010496055926724767,0.00028096697111717236,6.760074832879799e-05
yaw-,1789636411.789556,0.7155790328979492,0.7419914469974174,1.4289418199843473e-06,-1.9170541817967873e-07,6.760143344727763e-05,-0.0002212199578572016,8.876580232894445e-05,-0.0002241956818658211,-0.00022154611592699547,-9.637747452606186e-10,1.2745189461143152e-10,-0.0002216254099941324,-9.50063933958092e-10,1.2910408324961975e-10,-4.889303822211332e-05,-4.0620240606518524e-08,-6.974486029909241e-05,0.0,0.0,-0.2,0.20020000000000016,0.20020000000000016,-0.8890133333333332,0.8890133333333332,0.20019428443358134,0.20021395356316152,-0.007031619095769036,0.010496055926724767,0.00028096697111717236,6.760074832879799e-05
yaw-,1789636411.8159943,0.7420172691345215,0.7701857799984282,1.4289418199843473e-06,-1.9170541817967873e-07,6.760143344727763e-05,-0.0002212199578572016,8.876580232894445e-05,-0.0002241956818658211,-0.00022154611592699547,-9.637747452606186e-10,1.2745189461143152e-10,-0.0002216254099941324,-9.50063933958092e-10,1.2910408324961975e-10,-4.889303822211332e-05,-4.0620240606518524e-08,-6.974486029909241e-05,0.0,0.0,-0.2,0.20020000000000016,0.20020000000000016,-0.8890133333333332,0.8890133333333332,0.20019428443358134,0.20021395356316152,-0.007031619095769036,0.010496055926724767,0.00028096697111717236,6.760074832879799e-05
yaw-,1789636411.8441937,0.770216703414917,0.796408034999331,1.4289418199843473e-06,-1.9170541817967873e-07,6.760143344727763e-05,-0.0002212199578572016,8.876580232894445e-05,-0.0002241956818658211,-0.00022154611592699547,-9.637747452606186e-10,1.2745189461143152e-10,-0.0002216254099941324,-9.50063933958092e-10,1.2910408324961975e-10,-4.889303822211332e-05,-4.0620240606518524e-08,-6.974486029909241e-05,0.0,0.0,-0.2,0.20020000000000016,0.20020000000000016,-0.8890133333333332,0.8890133333333332,0.20019428443358134,0.20021395356316152,-0.007031619095769036,0.010496055926724767,0.00028096697111717236,6.760074832879799e-05
yaw-,1789636411.8704612,0.7964842319488525,0.8254317099999753,1.4289418199843473e-06,-1.9170541817967873e-07,6.760143344727763e-05,-0.0002212199578572016,8.876580232894445e-05,-0.0002241956818658211,-0.00022154611592699547,-9.637747452606186e-10,1.2745189461143152e-10,-0.0002216254099941324,-9.50063933958092e-10,1.2910408324961975e-10,-4.889303822211332e-05,-4.0620240606518524e-08,-6.974486029909241e-05,0.0,0.0,-0.2,0.20020000000000016,0.20020000000000016,-0.8890133333333332,0.8890133333333332,0.20019428443358134,0.20021395356316152,-0.007031619095769036,0.010496055926724767,0.00028096697111717236,6.760074832879799e-05
yaw-,1789636411.8994339,0.8254568576812744,0.8550180229976831,1.4289418199843473e-06,-1.9170541817967873e-07,6.760143344727763e-05,-0.0002212199578572016,8.876580232894445e-05,-0.0002241956818658211,-0.00022154611592699547,-9.637747452606186e-10,1.2745189461143152e-10,-0.0002216254099941324,-9.50063933958092e-10,1.2910408324961975e-10,-4.889303822211332e-05,-4.0620240606518524e-08,-6.974486029909241e-05,0.0,0.0,-0.2,0.20020000000000016,0.20020000000000016,-0.8890133333333332,0.8890133333333332,0.20019428443358134,0.20021395356316152,-0.007031619095769036,0.010496055926724767,0.00028096697111717236,6.760074832879799e-05
yaw-,1789636411.9290235,0.8550465106964111,0.8860287280003831,1.4289418199843473e-06,-1.9170541817967873e-07,6.760143344727763e-05,-0.0002212199578572016,8.876580232894445e-05,-0.0002241956818658211,-0.00022154611592699547,-9.637747452606186e-10,1.2745189461143152e-10,-0.0002216254099941324,-9.50063933958092e-10,1.2910408324961975e-10,-4.889303822211332e-05,-4.0620240606518524e-08,-6.974486029909241e-05,0.0,0.0,-0.2,0.20020000000000016,0.20020000000000016,-0.8890133333333332,0.8890133333333332,0.20019428443358134,0.20021395356316152,-0.007031619095769036,0.010496055926724767,0.00028096697111717236,6.760074832879799e-05
yaw-,1789636411.96003,0.8860530853271484,0.9124319519978599,1.4289418199843473e-06,-1.9170541817967873e-07,6.760143344727763e-05,-0.0002212199578572016,8.876580232894445e-05,-0.0002241956818658211,-0.00022154611592699547,-9.637747452606186e-10,1.2745189461143152e-10,-0.0002216254099941324,-9.50063933958092e-10,1.2910408324961975e-10,-4.889303822211332e-05,-4.0620240606518524e-08,-6.974486029909241e-05,0.0,0.0,-0.2,0.20020000000000016,0.20020000000000016,-0.8890133333333332,0.8890133333333332,0.20019428443358134,0.20021395356316152,-0.007031619095769036,0.010496055926724767,0.00028096697111717236,6.760074832879799e-05
yaw-,1789636411.9864337,0.912456750869751,0.9430621809988224,1.4289418199843473e-06,-1.9170541817967873e-07,6.760143344727763e-05,-0.0002212199578572016,8.876580232894445e-05,-0.0002241956818658211,-0.00022154611592699547,-9.637747452606186e-10,1.2745189461143152e-10,-0.0002216254099941324,-9.50063933958092e-10,1.2910408324961975e-10,-4.889303822211332e-05,-4.0620240606518524e-08,-6.974486029909241e-05,0.0,0.0,-0.2,0.20020000000000016,0.20020000000000016,-0.8890133333333332,0.8890133333333332,0.20019428443358134,0.20021395356316152,-0.007031619095769036,0.010496055926724767,0.00028096697111717236,6.760074832879799e-05
yaw-,1789636412.0170615,0.9430844783782959,0.9758539329995983,1.4317175206501886e-06,-1.9142236576830812e-07,6.76014482715533e-05,-0.00022180763223340552,8.883844411657738e-05,-0.00022421672609013245,-0.00022154611592699547,-9.637747452606186e-10,1.2745189461143152e-10,-0.0002216254099941324,-9.50063933958092e-10,1.2910408324961975e-10,-4.889303822211332e-05,-4.0620240606518524e-08,-6.974486029909241e-05,0.0,0.0,-0.2,0.20020000000000016,0.20020000000000016,-0.8890133333333332,0.8890133333333332,0.20019428443358134,0.20021395356316152,-0.007031619095769036,0.010496055926724767,0.00028096697111717236,6.760074832879799e-05
yaw-,1789636412.0498543,0.9758772850036621,1.0051227980002295,1.43418404554424e-06,-1.8975907955208482e-07,6.760335648919307e-05,-0.00022339545834270557,8.84741987187441e-05,-0.00022375990715516115,-0.00022154611592699547,-9.637747452606186e-10,1.2745189461143152e-10,-0.0002216254099941324,-9.50063933958092e-10,1.2910408324961975e-10,-4.889303822211332e-05,-4.0620240606518524e-08,-6.974486029909241e-05,0.0,0.0,-0.2,0.20020000000000016,0.20020000000000016,-0.8890133333333332,0.8890133333333332,0.2001943295862132,0.200213841195378,-0.00709039071771083,0.01031088224676332,-0.0014821047531118835,6.760287554332989e-05
yaw-,1789636412.0791225,1.00514554977417,1.0418555670003116,1.4334592910413002e-06,-1.906656155051603e-07,6.761166658427641e-05,-0.00022325818118428974,8.826205305767574e-05,-0.00022337640480385684,-0.00022154611592699547,-9.637747452606186e-10,1.2745189461143152e-10,-0.0002216254099941324,-9.50063933958092e-10,1.2910408324961975e-10,-4.889303822211332e-05,-4.0620240606518524e-08,-6.974486029909241e-05,0.0,0.0,-0.2,0.20020000000000016,0.20020000000000016,-0.8890133333333332,0.8890133333333332,0.20019434577586814,0.20021379211809176,-0.007133493678293459,0.010320712105917514,0.0044715226087525504,6.760972394945947e-05
yaw-,1789636412.1158626,1.0418856143951416,1.0737097359997279,1.4333077159138508e-06,-1.9145073339339735e-07,6.761633459444942e-05,-0.00022326294304561098,8.823846383467694e-05,-0.00022323165702617343,-0.00022154611592699547,-9.637747452606186e-10,1.2745189461143152e-10,-0.0002216254099941324,-9.50063933958092e-10,1.2910408324961975e-10,-4.889303822211332e-05,-4.0620240606518524e-08,-6.974486029909241e-05,0.0,0.0,-0.2,0.20020000000000016,0.20020000000000016,-0.8890133333333332,0.8890133333333332,0.20019434564219996,0.2002137899171288,-0.007155785722168086,0.010381800936845952,-0.004874771430461933,6.761602939042197e-05
yaw-,1789636412.147711,1.0737340450286865,1.1003382130002137,1.4428254992496226e-06,-1.369730085612822e-07,6.746218132108008e-05,-0.00019986337902589058,8.80237584462067e-05,-0.0003272524706263101,-0.0002114765953296306,2.042922614342261e-06,-3.7022637153849855e-05,0.00010069520597625348,2.0438863878041418e-05,-0.0003702276460574447,-5.148713284687509e-05,-4.505126167803444e-08,9.795905687415292e-05,0.0,0.0,-0.2,0.4004000000000003,0.4004000000000003,-0.8890133333333332,0.8890133333333332,0.20019434541655734,0.20021378934461964,-0.007166778295973257,0.010413329039781578,-0.0010372185064750406,6.761908268695809e-05
yaw-,1789636412.1743407,1.1003637313842773,1.1244907339969359,1.2089463321679483e-06,-4.35815846417352e-07,6.736159603289476e-05,-0.00017160016380480392,0.00011604130686221153,-0.0002709392858801555,-0.0002114765953296306,2.042922614342261e-06,-3.7022637153849855e-05,0.00010069520597625348,2.0438863878041418e-05,-0.0003702276460574447,-5.148713284687509e-05,-4.505126167803444e-08,9.795905687415292e-05,0.0,0.0,-0.2,0.4004000000000003,0.4004000000000003,-0.8890133333333332,0.8890133333333332,0.400394296541986,0.4004138804105235,-0.00603429952478147,0.012066611467357102,-0.0028191847992470364,6.734660689154134e-05
yaw-,1789636412.1984892,1.1245121955871582,1.1593618269980652,1.2980742851859128e-06,-4.0134934826269175e-07,6.73387434037221e-05,-0.0001748151842340978,0.00011950819767172298,-0.00022837548802798893,-0.0002114765953296306,2.042922614342261e-06,-3.7022637153849855e-05,0.00010069520597625348,2.0438863878041418e-05,-0.0003702276460574447,-5.148713284687509e-05,-4.505126167803444e-08,9.795905687415292e-05,0.0,0.0,-0.2,0.4004000000000003,0.4004000000000003,-0.8890133333333332,0.8890133333333332,0.400394351760581,0.40041385837823373,-0.00588003593054918,0.012147058819363375,0.0019309538063079063,6.7334229576346e-05
yaw-,1789636412.2333665,1.1593894958496094,1.191725945998769,1.2980742851859128e-06,-4.0134934826269175e-07,6.73387434037221e-05,-0.0001748151842340978,0.00011950819767172298,-0.00022837548802798893,-0.0002114765953296306,2.042922614342261e-06,-3.7022637153849855e-05,0.00010069520597625348,2.0438863878041418e-05,-0.0003702276460574447,-5.148713284687509e-05,-4.505126167803444e-08,9.795905687415292e-05,0.0,0.0,-0.2,0.4004000000000003,0.4004000000000003,-0.8890133333333332,0.8890133333333332,0.400394351760581,0.40041385837823373,-0.00588003593054918,0.012147058819363375,0.0019309538063079063,6.7334229576346e-05
yaw-,1789636412.265729,1.1917519569396973,1.2177555939997546,1.2980742851859128e-06,-4.0134934826269175e-07,6.73387434037221e-05,-0.0001748151842340978,0.00011950819767172298,-0.00022837548802798893,-0.0002114765953296306,2.042922614342261e-06,-3.7022637153849855e-05,0.00010069520597625348,2.0438863878041418e-05,-0.0003702276460574447,-5.148713284687509e-05,-4.505126167803444e-08,9.795905687415292e-05,0.0,0.0,-0.2,0.4004000000000003,0.4004000000000003,-0.8890133333333332,0.8890133333333332,0.400394351760581,0.40041385837823373,-0.00588003593054918,0.012147058819363375,0.0019309538063079063,6.7334229576346e-05
yaw-,1789636412.291761,1.2177839279174805,1.243424223997863,1.2980742851859128e-06,-4.0134934826269175e-07,6.73387434037221e-05,-0.0001748151842340978,0.00011950819767172298,-0.00022837548802798893,-0.0002114765953296306,2.042922614342261e-06,-3.7022637153849855e-05,0.00010069520597625348,2.0438863878041418e-05,-0.0003702276460574447,-5.148713284687509e-05,-4.505126167803444e-08,9.795905687415292e-05,0.0,0.0,-0.2,0.4004000000000003,0.4004000000000003,-0.8890133333333332,0.8890133333333332,0.400394351760581,0.40041385837823373,-0.00588003593054918,0.012147058819363375,0.0019309538063079063,6.7334229576346e-05
yaw-,1789636412.3174248,1.2434477806091309,1.2723891379973793,1.2980742851859128e-06,-4.0134934826269175e-07,6.73387434037221e-05,-0.0001748151842340978,0.00011950819767172298,-0.00022837548802798893,-0.0002114765953296306,2.042922614342261e-06,-3.7022637153849855e-05,0.00010069520597625348,2.0438863878041418e-05,-0.0003702276460574447,-5.148713284687509e-05,-4.505126167803444e-08,9.795905687415292e-05,0.0,0.0,-0.2,0.4004000000000003,0.4004000000000003,-0.8890133333333332,0.8890133333333332,0.400394351760581,0.40041385837823373,-0.00588003593054918,0.012147058819363375,0.0019309538063079063,6.7334229576346e-05
yaw-,1789636412.3463938,1.2724168300628662,1.3000628199988569,1.2980742851859128e-06,-4.0134934826269175e-07,6.73387434037221e-05,-0.0001748151842340978,0.00011950819767172298,-0.00022837548802798893,-0.0002114765953296306,2.042922614342261e-06,-3.7022637153849855e-05,0.00010069520597625348,2.0438863878041418e-05,-0.0003702276460574447,-5.148713284687509e-05,-4.505126167803444e-08,9.795905687415292e-05,0.0,0.0,-0.2,0.4004000000000003,0.4004000000000003,-0.8890133333333332,0.8890133333333332,0.400394351760581,0.40041385837823373,-0.00588003593054918,0.012147058819363375,0.0019309538063079063,6.7334229576346e-05
yaw-,1789636412.374068,1.300091028213501,1.3286489929996605,1.2980742851859128e-06,-4.0134934826269175e-07,6.73387434037221e-05,-0.0001748151842340978,0.00011950819767172298,-0.00022837548802798893,-0.0002114765953296306,2.042922614342261e-06,-3.7022637153849855e-05,0.00010069520597625348,2.0438863878041418e-05,-0.0003702276460574447,-5.148713284687509e-05,-4.505126167803444e-08,9.795905687415292e-05,0.0,0.0,-0.2,0.4004000000000003,0.4004000000000003,-0.8890133333333332,0.8890133333333332,0.400394351760581,0.40041385837823373,-0.00588003593054918,0.012147058819363375,0.0019309538063079063,6.7334229576346e-05
yaw-,1789636412.402657,1.3286800384521484,1.359052312996937,1.2980742851859128e-06,-4.0134934826269175e-07,6.73387434037221e-05,-0.0001748151842340978,0.00011950819767172298,-0.00022837548802798893,-0.0002114765953296306,2.042922614342261e-06,-3.7022637153849855e-05,0.00010069520597625348,2.0438863878041418e-05,-0.0003702276460574447,-5.148713284687509e-05,-4.505126167803444e-08,9.795905687415292e-05,0.0,0.0,-0.2,0.4004000000000003,0.4004000000000003,-0.8890133333333332,0.8890133333333332,0.400394351760581,0.40041385837823373,-0.00588003593054918,0.012147058819363375,0.0019309538063079063,6.7334229576346e-05
yaw-,1789636412.4330575,1.3590805530548096,1.3921286989971122,1.2980742851859128e-06,-4.0134934826269175e-07,6.73387434037221e-05,-0.0001748151842340978,0.00011950819767172298,-0.00022837548802798893,-0.0002114765953296306,2.042922614342261e-06,-3.7022637153849855e-05,0.00010069520597625348,2.0438863878041418e-05,-0.0003702276460574447,-5.148713284687509e-05,-4.505126167803444e-08,9.795905687415292e-05,0.0,0.0,-0.2,0.4004000000000003,0.4004000000000003,-0.8890133333333332,0.8890133333333332,0.400394351760581,0.40041385837823373,-0.00588003593054918,0.012147058819363375,0.0019309538063079063,6.7334229576346e-05
yaw-,1789636412.4661324,1.392155408859253,1.4194430239986104,1.2980742851859128e-06,-4.0134934826269175e-07,6.73387434037221e-05,-0.0001748151842340978,0.00011950819767172298,-0.00022837548802798893,-0.0002114765953296306,2.042922614342261e-06,-3.7022637153849855e-05,0.00010069520597625348,2.0438863878041418e-05,-0.0003702276460574447,-5.148713284687509e-05,-4.505126167803444e-08,9.795905687415292e-05,0.0,0.0,-0.2,0.4004000000000003,0.4004000000000003,-0.8890133333333332,0.8890133333333332,0.400394351760581,0.40041385837823373,-0.00588003593054918,0.012147058819363375,0.0019309538063079063,6.7334229576346e-05
yaw-,1789636412.4934483,1.419471263885498,1.4497519510005077,1.2980742851859128e-06,-4.0134934826269175e-07,6.73387434037221e-05,-0.0001748151842340978,0.00011950819767172298,-0.00022837548802798893,-0.0002114765953296306,2.042922614342261e-06,-3.7022637153849855e-05,0.00010069520597625348,2.0438863878041418e-05,-0.0003702276460574447,-5.148713284687509e-05,-4.505126167803444e-08,9.795905687415292e-05,0.0,0.0,-0.2,0.4004000000000003,0.4004000000000003,-0.8890133333333332,0.8890133333333332,0.400394351760581,0.40041385837823373,-0.00588003593054918,0.012147058819363375,0.0019309538063079063,6.7334229576346e-05
yaw-,1789636412.5237546,1.449777603149414,1.4740446180003346,1.3123331667995453e-06,-3.7644271135787305e-07,6.73057781813714e-05,-0.00017188391997868758,0.00011683485175908415,-0.0002122787619029616,-0.0002114765953296306,2.042922614342261e-06,-3.7022637153849855e-05,0.00010069520597625348,2.0438863878041418e-05,-0.0003702276460574447,-5.148713284687509e-05,-4.505126167803444e-08,9.795905687415292e-05,0.0,0.0,-0.2,0.4004000000000003,0.4004000000000003,-0.8890133333333332,0.8890133333333332,0.40039435024287595,0.4004138581477772,-0.0059724432466479824,0.012102681152737197,-0.0003497017929318782,6.734194227285226e-05
yaw-,1789636412.5480435,1.4740664958953857,1.5089915819989983,1.3041338500253963e-06,-3.972331712107091e-07,6.734446925142095e-05,-0.0001779142528817746,0.00011752553640437816,-0.00022690335887227882,-0.0002114765953296306,2.042922614342261e-06,-3.7022637153849855e-05,0.00010069520597625348,2.0438863878041418e-05,-0.0003702276460574447,-5.148713284687509e-05,-4.505126167803444e-08,9.795905687415292e-05,0.0,0.0,-0.2,0.4004000000000003,0.4004000000000003,-0.8890133333333332,0.8890133333333332,0.4003942959731397,0.4004138983528831,-0.006099636034719628,0.012113909793132366,-0.00015262444467503743,6.730786833735986e-05
yaw-,1789636412.5829942,1.5090172290802002,1.5493997159974242,1.31956367815933e-06,-3.7300196396861107e-07,6.731148225638244e-05,-0.00017361210371565484,0.00011523460033835455,-0.000209158418134935,-0.0002114765953296306,2.042922614342261e-06,-3.7022637153849855e-05,0.00010069520597625348,2.0438863878041418e-05,-0.0003702276460574447,-5.148713284687509e-05,-4.505126167803444e-08,9.795905687415292e-05,0.0,0.0,-0.2,0.4004000000000003,0.4004000000000003,-0.8890133333333332,0.8890133333333332,0.4003943490373336,0.40041385651760564,-0.006052627640993841,0.012177697081392345,-0.0037897207359124246,6.731148225638244e-05
yaw-,1789636412.623399,1.549422025680542,1.5823420960005024,1.338359820017565e-06,-3.498990160770432e-07,6.728508539719613e-05,-0.00017136232104811842,0.0001121582899269526,-0.00019254377788883865,-0.0001934668268346912,9.665740544209443e-06,-0.00011256690759615866,0.00018009486265774393,7.623484693767036e-05,-0.0007554427044230879,-6.280628900213076e-06,2.7455919799524155e-06,-0.00014052008043341502,0.0,0.0,-0.2,0.6006000000000005,0.6006000000000005,-0.8890133333333332,0.8890133333333332,0.400394349876791,0.4004138585469006,-0.006058608338400633,0.012198816162713573,0.0014132938787227826,6.728394559547795e-05
yaw-,1789636412.656346,1.582369089126587,1.6162480309976672,1.0508105519092814e-06,-8.866947555398463e-07,6.64197620652403e-05,-0.0001800956002365269,0.00010398663648117926,-0.00055135369437843,-0.0001934668268346912,9.665740544209443e-06,-0.00011256690759615866,0.00018009486265774393,7.623484693767036e-05,-0.0007554427044230879,-6.280628900213076e-06,2.7455919799524155e-06,-0.00014052008043341502,0.0,0.0,-0.2,0.6006000000000005,0.6006000000000005,-0.8890133333333332,0.8890133333333332,0.6005941621893278,0.6006138317389338,-0.0068092684901513035,0.01364401784437108,-0.003159144774549465,6.64469550676386e-05
yaw-,1789636412.690249,1.61627197265625,1.6503555649978807,9.90333247560815e-07,-1.0817900177664819e-06,6.628081286666295e-05,-0.00016789162282337025,0.0001426512120064109,-0.0005015026711006546,-0.0001934668268346912,9.665740544209443e-06,-0.00011256690759615866,0.00018009486265774393,7.623484693767036e-05,-0.0007554427044230879,-6.280628900213076e-06,2.7455919799524155e-06,-0.00014052008043341502,0.0,0.0,-0.2,0.6006000000000005,0.6006000000000005,-0.8890133333333332,0.8890133333333332,0.6005941595258175,0.6006138214937202,-0.006341707062835784,0.013947251945419301,0.0018709202284657492,6.628609451576305e-05
yaw-,1789636412.7243586,1.6503815650939941,1.6801524519978557,9.90333247560815e-07,-1.0817900177664819e-06,6.628081286666295e-05,-0.00016789162282337025,0.0001426512120064109,-0.0005015026711006546,-0.0001934668268346912,9.665740544209443e-06,-0.00011256690759615866,0.00018009486265774393,7.623484693767036e-05,-0.0007554427044230879,-6.280628900213076e-06,2.7455919799524155e-06,-0.00014052008043341502,0.0,0.0,-0.2,0.6006000000000005,0.6006000000000005,-0.8890133333333332,0.8890133333333332,0.6005941595258175,0.6006138214937202,-0.006341707062835784,0.013947251945419301,0.0018709202284657492,6.628609451576305e-05
yaw-,1789636412.7541554,1.6801784038543701,1.705603403999703,9.90333247560815e-07,-1.0817900177664819e-06,6.628081286666295e-05,-0.00016789162282337025,0.0001426512120064109,-0.0005015026711006546,-0.0001934668268346912,9.665740544209443e-06,-0.00011256690759615866,0.00018009486265774393,7.623484693767036e-05,-0.0007554427044230879,-6.280628900213076e-06,2.7455919799524155e-06,-0.00014052008043341502,0.0,0.0,-0.2,0.6006000000000005,0.6006000000000005,-0.8890133333333332,0.8890133333333332,0.6005941595258175,0.6006138214937202,-0.006341707062835784,0.013947251945419301,0.0018709202284657492,6.628609451576305e-05
yaw-,1789636412.7796063,1.7056293487548828,1.7309551439975621,9.90333247560815e-07,-1.0817900177664819e-06,6.628081286666295e-05,-0.00016789162282337025,0.0001426512120064109,-0.0005015026711006546,-0.0001934668268346912,9.665740544209443e-06,-0.00011256690759615866,0.00018009486265774393,7.623484693767036e-05,-0.0007554427044230879,-6.280628900213076e-06,2.7455919799524155e-06,-0.00014052008043341502,0.0,0.0,-0.2,0.6006000000000005,0.6006000000000005,-0.8890133333333332,0.8890133333333332,0.6005941595258175,0.6006138214937202,-0.006341707062835784,0.013947251945419301,0.0018709202284657492,6.628609451576305e-05
yaw-,1789636412.8049598,1.730982780456543,1.762746292999509,9.90333247560815e-07,-1.0817900177664819e-06,6.628081286666295e-05,-0.00016789162282337025,0.0001426512120064109,-0.0005015026711006546,-0.0001934668268346912,9.665740544209443e-06,-0.00011256690759615866,0.00018009486265774393,7.623484693767036e-05,-0.0007554427044230879,-6.280628900213076e-06,2.7455919799524155e-06,-0.00014052008043341502,0.0,0.0,-0.2,0.6006000000000005,0.6006000000000005,-0.8890133333333332,0.8890133333333332,0.6005941595258175,0.6006138214937202,-0.006341707062835784,0.013947251945419301,0.0018709202284657492,6.628609451576305e-05
yaw-,1789636412.8367484,1.7627713680267334,1.794523995999043,9.90333247560815e-07,-1.0817900177664819e-06,6.628081286666295e-05,-0.00016789162282337025,0.0001426512120064109,-0.0005015026711006546,-0.0001934668268346912,9.665740544209443e-06,-0.00011256690759615866,0.00018009486265774393,7.623484693767036e-05,-0.0007554427044230879,-6.280628900213076e-06,2.7455919799524155e-06,-0.00014052008043341502,0.0,0.0,-0.2,0.6006000000000005,0.6006000000000005,-0.8890133333333332,0.8890133333333332,0.6005941595258175,0.6006138214937202,-0.006341707062835784,0.013947251945419301,0.0018709202284657492,6.628609451576305e-05
yaw-,1789636412.8685367,1.7945597171783447,1.822042325999064,9.90333247560815e-07,-1.0817900177664819e-06,6.628081286666295e-05,-0.00016789162282337025,0.0001426512120064109,-0.0005015026711006546,-0.0001934668268346912,9.665740544209443e-06,-0.00011256690759615866,0.00018009486265774393,7.623484693767036e-05,-0.0007554427044230879,-6.280628900213076e-06,2.7455919799524155e-06,-0.00014052008043341502,0.0,0.0,-0.2,0.6006000000000005,0.6006000000000005,-0.8890133333333332,0.8890133333333332,0.6005941595258175,0.6006138214937202,-0.006341707062835784,0.013947251945419301,0.0018709202284657492,6.628609451576305e-05
yaw-,1789636412.8960435,1.8220665454864502,1.846721420999529,9.90333247560815e-07,-1.0817900177664819e-06,6.628081286666295e-05,-0.00016789162282337025,0.0001426512120064109,-0.0005015026711006546,-0.0001934668268346912,9.665740544209443e-06,-0.00011256690759615866,0.00018009486265774393,7.623484693767036e-05,-0.0007554427044230879,-6.280628900213076e-06,2.7455919799524155e-06,-0.00014052008043341502,0.0,0.0,-0.2,0.6006000000000005,0.6006000000000005,-0.8890133333333332,0.8890133333333332,0.6005941595258175,0.6006138214937202,-0.006341707062835784,0.013947251945419301,0.0018709202284657492,6.628609451576305e-05
yaw-,1789636412.9207218,1.8467447757720947,1.8718479050003225,9.90333247560815e-07,-1.0817900177664819e-06,6.628081286666295e-05,-0.00016789162282337025,0.0001426512120064109,-0.0005015026711006546,-0.0001934668268346912,9.665740544209443e-06,-0.00011256690759615866,0.00018009486265774393,7.623484693767036e-05,-0.0007554427044230879,-6.280628900213076e-06,2.7455919799524155e-06,-0.00014052008043341502,0.0,0.0,-0.2,0.6006000000000005,0.6006000000000005,-0.8890133333333332,0.8890133333333332,0.6005941595258175,0.6006138214937202,-0.006341707062835784,0.013947251945419301,0.0018709202284657492,6.628609451576305e-05
yaw-,1789636412.9458494,1.8718724250793457,1.9021226259974355,9.90333247560815e-07,-1.0817900177664819e-06,6.628081286666295e-05,-0.00016789162282337025,0.0001426512120064109,-0.0005015026711006546,-0.0001934668268346912,9.665740544209443e-06,-0.00011256690759615866,0.00018009486265774393,7.623484693767036e-05,-0.0007554427044230879,-6.280628900213076e-06,2.7455919799524155e-06,-0.00014052008043341502,0.0,0.0,-0.2,0.6006000000000005,0.6006000000000005,-0.8890133333333332,0.8890133333333332,0.6005941595258175,0.6006138214937202,-0.006341707062835784,0.013947251945419301,0.0018709202284657492,6.628609451576305e-05
yaw-,1789636412.976123,1.9021461009979248,1.935576231997402,9.91112856556231e-07,-1.083710240074899e-06,6.628231121958881e-05,-0.00016707893314315555,0.00014595959541529539,-0.0004988824335592384,-0.0001934668268346912,9.665740544209443e-06,-0.00011256690759615866,0.00018009486265774393,7.623484693767036e-05,-0.0007554427044230879,-6.280628900213076e-06,2.7455919799524155e-06,-0.00014052008043341502,0.0,0.0,-0.2,0.6006000000000005,0.6006000000000005,-0.8890133333333332,0.8890133333333332,0.600594150927436,0.6006138251537791,-0.0060154377761257975,0.014201165319866007,0.0018709202284657492,6.628609451576305e-05
yaw-,1789636413.0095837,1.9356067180633545,1.9612624359979236,1.010001007443334e-06,-1.042446914473888e-06,6.632222976945502e-05,-0.00016557038736542639,0.0001548339020201443,-0.0004919968446821714,-0.0001934668268346912,9.665740544209443e-06,-0.00011256690759615866,0.00018009486265774393,7.623484693767036e-05,-0.0007554427044230879,-6.280628900213076e-06,2.7455919799524155e-06,-0.00014052008043341502,0.0,0.0,-0.2,0.6006000000000005,0.6006000000000005,-0.8890133333333332,0.8890133333333332,0.6005941472952783,0.6006138312828906,-0.005911452727120458,0.014312058305555504,-0.0008560097306750254,6.631766995004136e-05
yaw-,1789636413.035267,1.9612901210784912,1.994281270999636,1.0149106077529668e-06,-1.028124576984285e-06,6.633780776021852e-05,-0.0001661739678768617,0.00015186217627808008,-0.0004885856885359392,-0.0001934668268346912,9.665740544209443e-06,-0.00011256690759615866,0.00018009486265774393,7.623484693767036e-05,-0.0007554427044230879,-6.280628900213076e-06,2.7455919799524155e-06,-0.00014052008043341502,0.0,0.0,-0.2,0.6006000000000005,0.6006000000000005,-0.8890133333333332,0.8890133333333332,0.6005941482611226,0.6006138339830986,-0.005947405484621461,0.014344133369867906,-0.0015926012782255597,6.633780776021852e-05
yaw-,1789636413.0682828,1.9943058490753174,2.0297540789979394,1.015117130364479e-06,-1.0298700567450136e-06,6.634418245730563e-05,-0.00016610979149120437,0.00015100701224970888,-0.00048494118223578247,-0.0001934668268346912,9.665740544209443e-06,-0.00011256690759615866,0.00018009486265774393,7.623484693767036e-05,-0.0007554427044230879,1.422592236784815e-06,7.529778047037378e-06,4.5478710223534396e-05,0.0,0.0,-0.2,0.8006000000000002,0.8006000000000002,-0.8890133333333332,0.8890133333333332,0.6005941501623875,0.6006138327465509,-0.005977230361539406,0.014377479062797911,-0.0009603818947889055,6.634192142618834e-05
yaw-,1789636413.103754,2.0297770500183105,2.061878569998953,5.506776881991637e-07,-2.2187074184155248e-06,6.429083930686042e-05,-0.00015697599818938418,0.0002620428997852214,-0.0009678652456451047,-0.0001713929311039975,2.4784008588044272e-05,-0.00023467700553912567,0.00022072193774162817,0.00015120752738226464,-0.0012211009794296703,1.422592236784815e-06,7.529778047037378e-06,4.5478710223534396e-05,0.0,0.0,-0.2,0.8008000000000002,0.8008000000000002,-0.8890133333333332,0.8890133333333332,0.800793900463832,0.8008139522861297,-0.005955033065202392,0.018022555192688583,-0.0017367459986346303,6.43904642564275e-05
yaw-,1789636413.1358807,2.061903715133667,2.095496212998114,1.3836147684520572e-07,-3.2253408097301928e-06,6.284720587654646e-05,-0.00011172284326828861,0.0004145207667649761,-0.0006559006296067567,-0.0001713929311039975,2.4784008588044272e-05,-0.00023467700553912567,0.00022072193774162817,0.00015120752738226464,-0.0012211009794296703,1.422592236784815e-06,7.529778047037378e-06,4.5478710223534396e-05,0.0,0.0,-0.2,0.8008000000000002,0.8008000000000002,-0.8890133333333332,0.8890133333333332,0.8007939555852639,0.8008140245995188,-0.003988607298406422,0.018620857963021268,-0.002804360274590165,6.298184924620362e-05
yaw-,1789636413.1694968,2.095519781112671,2.122187277997,1.3836147684520572e-07,-3.2253408097301928e-06,6.284720587654646e-05,-0.00011172284326828861,0.0004145207667649761,-0.0006559006296067567,-0.0001713929311039975,2.4784008588044272e-05,-0.00023467700553912567,0.00022072193774162817,0.00015120752738226464,-0.0012211009794296703,1.422592236784815e-06,7.529778047037378e-06,4.5478710223534396e-05,0.0,0.0,-0.2,0.8008000000000002,0.8008000000000002,-0.8890133333333332,0.8890133333333332,0.8007939555852639,0.8008140245995188,-0.003988607298406422,0.018620857963021268,-0.002804360274590165,6.298184924620362e-05
yaw-,1789636413.196187,2.1222100257873535,2.150720318997628,1.3836147684520572e-07,-3.2253408097301928e-06,6.284720587654646e-05,-0.00011172284326828861,0.0004145207667649761,-0.0006559006296067567,-0.0001713929311039975,2.4784008588044272e-05,-0.00023467700553912567,0.00022072193774162817,0.00015120752738226464,-0.0012211009794296703,1.422592236784815e-06,7.529778047037378e-06,4.5478710223534396e-05,0.0,0.0,-0.2,0.8008000000000002,0.8008000000000002,-0.8890133333333332,0.8890133333333332,0.8007939555852639,0.8008140245995188,-0.003988607298406422,0.018620857963021268,-0.002804360274590165,6.298184924620362e-05
yaw-,1789636413.2247272,2.150750160217285,2.179516184998647,1.3836147684520572e-07,-3.2253408097301928e-06,6.284720587654646e-05,-0.00011172284326828861,0.0004145207667649761,-0.0006559006296067567,-0.0001713929311039975,2.4784008588044272e-05,-0.00023467700553912567,0.00022072193774162817,0.00015120752738226464,-0.0012211009794296703,1.422592236784815e-06,7.529778047037378e-06,4.5478710223534396e-05,0.0,0.0,-0.2,0.8008000000000002,0.8008000000000002,-0.8890133333333332,0.8890133333333332,0.8007939555852639,0.8008140245995188,-0.003988607298406422,0.018620857963021268,-0.002804360274590165,6.298184924620362e-05
yaw-,1789636413.253518,2.1795411109924316,2.2047884359999443,1.3836147684520572e-07,-3.2253408097301928e-06,6.284720587654646e-05,-0.00011172284326828861,0.0004145207667649761,-0.0006559006296067567,-0.0001713929311039975,2.4784008588044272e-05,-0.00023467700553912567,0.00022072193774162817,0.00015120752738226464,-0.0012211009794296703,1.422592236784815e-06,7.529778047037378e-06,4.5478710223534396e-05,0.0,0.0,-0.2,0.8008000000000002,0.8008000000000002,-0.8890133333333332,0.8890133333333332,0.8007939555852639,0.8008140245995188,-0.003988607298406422,0.018620857963021268,-0.002804360274590165,6.298184924620362e-05
yaw-,1789636413.278792,2.204814910888672,2.2380444679984066,1.3836147684520572e-07,-3.2253408097301928e-06,6.284720587654646e-05,-0.00011172284326828861,0.0004145207667649761,-0.0006559006296067567,-0.0001713929311039975,2.4784008588044272e-05,-0.00023467700553912567,0.00022072193774162817,0.00015120752738226464,-0.0012211009794296703,1.422592236784815e-06,7.529778047037378e-06,4.5478710223534396e-05,0.0,0.0,-0.2,0.8008000000000002,0.8008000000000002,-0.8890133333333332,0.8890133333333332,0.8007939555852639,0.8008140245995188,-0.003988607298406422,0.018620857963021268,-0.002804360274590165,6.298184924620362e-05
yaw-,1789636413.3120475,2.238070487976074,2.262557214999106,1.3836147684520572e-07,-3.2253408097301928e-06,6.284720587654646e-05,-0.00011172284326828861,0.0004145207667649761,-0.0006559006296067567,-0.0001713929311039975,2.4784008588044272e-05,-0.00023467700553912567,0.00022072193774162817,0.00015120752738226464,-0.0012211009794296703,1.422592236784815e-06,7.529778047037378e-06,4.5478710223534396e-05,0.0,0.0,-0.2,0.8008000000000002,0.8008000000000002,-0.8890133333333332,0.8890133333333332,0.8007939555852639,0.8008140245995188,-0.003988607298406422,0.018620857963021268,-0.002804360274590165,6.298184924620362e-05
yaw-,1789636413.336557,2.262579917907715,2.289352791998681,1.3836147684520572e-07,-3.2253408097301928e-06,6.284720587654646e-05,-0.00011172284326828861,0.0004145207667649761,-0.0006559006296067567,-0.0001713929311039975,2.4784008588044272e-05,-0.00023467700553912567,0.00022072193774162817,0.00015120752738226464,-0.0012211009794296703,1.422592236784815e-06,7.529778047037378e-06,4.5478710223534396e-05,0.0,0.0,-0.2,0.8008000000000002,0.8008000000000002,-0.8890133333333332,0.8890133333333332,0.8007939555852639,0.8008140245995188,-0.003988607298406422,0.018620857963021268,-0.002804360274590165,6.298184924620362e-05
yaw-,1789636413.3633566,2.289379596710205,2.3138045349987806,1.3836147684520572e-07,-3.2253408097301928e-06,6.284720587654646e-05,-0.00011172284326828861,0.0004145207667649761,-0.0006559006296067567,-0.0001713929311039975,2.4784008588044272e-05,-0.00023467700553912567,0.00022072193774162817,0.00015120752738226464,-0.0012211009794296703,1.422592236784815e-06,7.529778047037378e-06,4.5478710223534396e-05,0.0,0.0,-0.2,0.8008000000000002,0.8008000000000002,-0.8890133333333332,0.8890133333333332,0.8007939555852639,0.8008140245995188,-0.003988607298406422,0.018620857963021268,-0.002804360274590165,6.298184924620362e-05
yaw-,1789636413.3878098,2.3138327598571777,2.337650859997666,1.3836147684520572e-07,-3.2253408097301928e-06,6.284720587654646e-05,-0.00011172284326828861,0.0004145207667649761,-0.0006559006296067567,-0.0001713929311039975,2.4784008588044272e-05,-0.00023467700553912567,0.00022072193774162817,0.00015120752738226464,-0.0012211009794296703,1.422592236784815e-06,7.529778047037378e-06,4.5478710223534396e-05,0.0,0.0,-0.2,0.8008000000000002,0.8008000000000002,-0.8890133333333332,0.8890133333333332,0.8007939555852639,0.8008140245995188,-0.003988607298406422,0.018620857963021268,-0.002804360274590165,6.298184924620362e-05
yaw-,1789636413.4116545,2.337677478790283,2.3652643839996017,1.3836147684520572e-07,-3.2253408097301928e-06,6.284720587654646e-05,-0.00011172284326828861,0.0004145207667649761,-0.0006559006296067567,-0.0001713929311039975,2.4784008588044272e-05,-0.00023467700553912567,0.00022072193774162817,0.00015120752738226464,-0.0012211009794296703,1.422592236784815e-06,7.529778047037378e-06,4.5478710223534396e-05,0.0,0.0,-0.2,0.8008000000000002,0.8008000000000002,-0.8890133333333332,0.8890133333333332,0.8007939555852639,0.8008140245995188,-0.003988607298406422,0.018620857963021268,-0.002804360274590165,6.298184924620362e-05
yaw-,1789636413.439269,2.3652920722961426,2.3911718229974213,1.3836147684520572e-07,-3.2253408097301928e-06,6.284720587654646e-05,-0.00011172284326828861,0.0004145207667649761,-0.0006559006296067567,-0.0001713929311039975,2.4784008588044272e-05,-0.00023467700553912567,0.00022072193774162817,0.00015120752738226464,-0.0012211009794296703,1.422592236784815e-06,7.529778047037378e-06,4.5478710223534396e-05,0.0,0.0,-0.2,0.8008000000000002,0.8008000000000002,-0.8890133333333332,0.8890133333333332,0.8007939555852639,0.8008140245995188,-0.003988607298406422,0.018620857963021268,-0.002804360274590165,6.298184924620362e-05
yaw-,1789636413.4654114,2.39143443107605,2.423388082999736,1.920738004132505e-07,-3.0625903068310506e-06,6.297483060181016e-05,-0.00010079704304128873,0.00045170170392353664,-0.0006535701267128489,-0.0001713929311039975,2.4784008588044272e-05,-0.00023467700553912567,0.00022072193774162817,0.00015120752738226464,-0.0012211009794296703,1.422592236784815e-06,7.529778047037378e-06,4.5478710223534396e-05,0.0,0.0,-0.2,0.8008000000000002,0.8008000000000002,-0.8890133333333332,0.8890133333333332,0.8007939275825704,0.8008140265927599,-0.002351812216824167,0.01948703465295466,0.0008472916430785205,6.288101588910725e-05
yaw-,1789636413.497392,2.423414945602417,2.447872433000157,3.099908498366277e-07,-2.7950762300577373e-06,6.288360253775676e-05,-0.00011198689574853595,0.00043418659549671057,-0.0006640310262437121,-0.0001713929311039975,2.4784008588044272e-05,-0.00023467700553912567,0.00022072193774162817,0.00015120752738226464,-0.0012211009794296703,1.422592236784815e-06,7.529778047037378e-06,4.5478710223534396e-05,0.0,0.0,-0.2,0.8008000000000002,0.8008000000000002,-0.8890133333333332,0.8890133333333332,0.8007939104662558,0.8008140390617724,-0.0023137199805773464,0.01974297037416738,0.0013538972609648328,6.288360253775676e-05
yaw-,1789636413.5218773,2.4479002952575684,2.4823467879978125,3.37892126181516e-07,-2.7215433109385734e-06,6.284572595924808e-05,-0.00012478453688004974,0.0004052703962695445,-0.0006457873697146664,-0.0001713929311039975,2.4784008588044272e-05,-0.00023467700553912567,0.00022072193774162817,0.00015120752738226464,-0.0012211009794296703,1.422592236784815e-06,7.529778047037378e-06,4.5478710223534396e-05,0.0,0.0,-0.2,0.8008000000000002,0.8008000000000002,-0.8890133333333332,0.8890133333333332,0.800793924399672,0.8008140314871639,-0.003016409964315063,0.019023454954167577,-0.004585593513986041,6.284774382928013e-05
yaw-,1789636413.5563498,2.482372760772705,2.510905305000051,3.240749780718255e-07,-2.7547407500964557e-06,6.284149492507617e-05,-0.00012489579398880675,0.00039836556467556556,-0.0006315579573316215,-0.0001713929311039975,2.4784008588044272e-05,-0.00023467700553912567,0.00022072193774162817,0.00015120752738226464,-0.0012211009794296703,1.422592236784815e-06,7.529778047037378e-06,4.5478710223534396e-05,0.0,0.0,-0.2,0.8008000000000002,0.8008000000000002,-0.8890133333333332,0.8890133333333332,0.8007939305534402,0.8008140236835857,-0.0030750744476072322,0.018915907623460022,-0.005356597905545565,6.2841767294333e-05
yaw-,1789636413.5870414,2.513064384460449,2.5426089669999783,2.1079590062714204e-07,-2.9477726141207902e-06,6.297567749072194e-05,-0.00011102452704400307,0.0004133080623256464,-0.0006476120607253353,-0.00013590054654521205,6.137100180369126e-05,-0.00040267833118002997,0.0003548379745551342,0.0003659532145461506,-0.0016800132564090426,3.681479965207942e-05,2.4299692363354168e-05,-0.00022461226228553938,0.0,0.0,-0.2,1.0008,1.0008,-0.8890133333333332,0.8890133333333332,0.8007939185287523,0.8008140329349533,-0.003020312662102091,0.019024612049442557,0.0021534107295960387,6.290141977516794e-05
yaw-,1789636413.6166072,2.542630195617676,2.5693063779981458,4.3269672803103454e-08,-3.0419065578718082e-06,6.152103645925533e-05,-0.00015076210354031082,0.0005920744285033966,-0.0016180619008843722,-0.00013590054654521205,6.137100180369126e-05,-0.00040267833118002997,0.0003548379745551342,0.0003659532145461506,-0.0016800132564090426,3.681479965207942e-05,2.4299692363354168e-05,-0.00022461226228553938,0.0,0.0,-0.2,1.0009999999999994,1.0009999999999994,-0.8890133333333332,0.8890133333333332,1.0009934947738932,1.0010141503338454,-0.0037519356558542863,0.025508569929525503,-0.006038976801369077,6.200646584586888e-05
yaw-,1789636413.6433191,2.5693421363830566,2.606697967999935,-1.476949687537199e-06,-5.597999430340117e-06,5.477544084227787e-05,-0.00026964571061096774,0.0005264588995577153,-0.001819650428376382,-0.00013590054654521205,6.137100180369126e-05,-0.00040267833118002997,0.0003548379745551342,0.0003659532145461506,-0.0016800132564090426,3.681479965207942e-05,2.4299692363354168e-05,-0.00022461226228553938,0.0,0.0,-0.2,1.0009999999999994,1.0009999999999994,-0.8890133333333332,0.8890133333333332,1.0009935282238356,1.0010142320389397,-0.006583653193410816,0.024703399696187244,-0.001190093984571832,5.5429356023077244e-05
yaw-,1789636413.680702,2.606724977493286,2.632485676000215,-1.8663769477816894e-06,-6.247774804759437e-06,5.3502945475266374e-05,-0.0002638055793389295,0.0005236243276871915,-0.0017719976613518643,-0.00013590054654521205,6.137100180369126e-05,-0.00040267833118002997,0.0003548379745551342,0.0003659532145461506,-0.0016800132564090426,3.681479965207942e-05,2.4299692363354168e-05,-0.00022461226228553938,0.0,0.0,-0.2,1.0009999999999994,1.0009999999999994,-0.8890133333333332,0.8890133333333332,1.0009935282238356,1.0010142320389397,-0.006583653193410816,0.024703399696187244,-0.001190093984571832,5.5429356023077244e-05
yaw-,1789636413.7065115,2.6325345039367676,2.660502855997038,-1.8663769477816894e-06,-6.247774804759437e-06,5.3502945475266374e-05,-0.0002638055793389295,0.0005236243276871915,-0.0017719976613518643,-0.00013590054654521205,6.137100180369126e-05,-0.00040267833118002997,0.0003548379745551342,0.0003659532145461506,-0.0016800132564090426,3.681479965207942e-05,2.4299692363354168e-05,-0.00022461226228553938,0.0,0.0,-0.2,1.0009999999999994,1.0009999999999994,-0.8890133333333332,0.8890133333333332,1.0009935282238356,1.0010142320389397,-0.006583653193410816,0.024703399696187244,-0.001190093984571832,5.5429356023077244e-05
yaw-,1789636413.7345076,2.6605305671691895,2.686835117998271,-1.8663769477816894e-06,-6.247774804759437e-06,5.3502945475266374e-05,-0.0002638055793389295,0.0005236243276871915,-0.0017719976613518643,-0.00013590054654521205,6.137100180369126e-05,-0.00040267833118002997,0.0003548379745551342,0.0003659532145461506,-0.0016800132564090426,3.681479965207942e-05,2.4299692363354168e-05,-0.00022461226228553938,0.0,0.0,-0.2,1.0009999999999994,1.0009999999999994,-0.8890133333333332,0.8890133333333332,1.0009935282238356,1.0010142320389397,-0.006583653193410816,0.024703399696187244,-0.001190093984571832,5.5429356023077244e-05
yaw-,1789636413.7608366,2.686859607696533,2.7106862259970512,-1.8663769477816894e-06,-6.247774804759437e-06,5.3502945475266374e-05,-0.0002638055793389295,0.0005236243276871915,-0.0017719976613518643,-0.00013590054654521205,6.137100180369126e-05,-0.00040267833118002997,0.0003548379745551342,0.0003659532145461506,-0.0016800132564090426,3.681479965207942e-05,2.4299692363354168e-05,-0.00022461226228553938,0.0,0.0,-0.2,1.0009999999999994,1.0009999999999994,-0.8890133333333332,0.8890133333333332,1.0009935282238356,1.0010142320389397,-0.006583653193410816,0.024703399696187244,-0.001190093984571832,5.5429356023077244e-05
yaw-,1789636413.784686,2.7107090950012207,2.7397638179973,-1.8663769477816894e-06,-6.247774804759437e-06,5.3502945475266374e-05,-0.0002638055793389295,0.0005236243276871915,-0.0017719976613518643,-0.00013590054654521205,6.137100180369126e-05,-0.00040267833118002997,0.0003548379745551342,0.0003659532145461506,-0.0016800132564090426,3.681479965207942e-05,2.4299692363354168e-05,-0.00022461226228553938,0.0,0.0,-0.2,1.0009999999999994,1.0009999999999994,-0.8890133333333332,0.8890133333333332,1.0009935282238356,1.0010142320389397,-0.006583653193410816,0.024703399696187244,-0.001190093984571832,5.5429356023077244e-05
yaw-,1789636413.8137662,2.7397892475128174,2.7695459149981616,-1.8663769477816894e-06,-6.247774804759437e-06,5.3502945475266374e-05,-0.0002638055793389295,0.0005236243276871915,-0.0017719976613518643,-0.00013590054654521205,6.137100180369126e-05,-0.00040267833118002997,0.0003548379745551342,0.0003659532145461506,-0.0016800132564090426,3.681479965207942e-05,2.4299692363354168e-05,-0.00022461226228553938,0.0,0.0,-0.2,1.0009999999999994,1.0009999999999994,-0.8890133333333332,0.8890133333333332,1.0009935282238356,1.0010142320389397,-0.006583653193410816,0.024703399696187244,-0.001190093984571832,5.5429356023077244e-05
yaw-,1789636413.8435478,2.769570827484131,2.8007284339983016,-1.8663769477816894e-06,-6.247774804759437e-06,5.3502945475266374e-05,-0.0002638055793389295,0.0005236243276871915,-0.0017719976613518643,-0.00013590054654521205,6.137100180369126e-05,-0.00040267833118002997,0.0003548379745551342,0.0003659532145461506,-0.0016800132564090426,3.681479965207942e-05,2.4299692363354168e-05,-0.00022461226228553938,0.0,0.0,-0.2,1.0009999999999994,1.0009999999999994,-0.8890133333333332,0.8890133333333332,1.0009935282238356,1.0010142320389397,-0.006583653193410816,0.024703399696187244,-0.001190093984571832,5.5429356023077244e-05
yaw-,1789636413.874737,2.80076003074646,2.8357506089996605,-1.8663769477816894e-06,-6.247774804759437e-06,5.3502945475266374e-05,-0.0002638055793389295,0.0005236243276871915,-0.0017719976613518643,-0.00013590054654521205,6.137100180369126e-05,-0.00040267833118002997,0.0003548379745551342,0.0003659532145461506,-0.0016800132564090426,3.681479965207942e-05,2.4299692363354168e-05,-0.00022461226228553938,0.0,0.0,-0.2,1.0009999999999994,1.0009999999999994,-0.8890133333333332,0.8890133333333332,1.0009935282238356,1.0010142320389397,-0.006583653193410816,0.024703399696187244,-0.001190093984571832,5.5429356023077244e-05
yaw-,1789636413.9097548,2.835777759552002,2.863859187000344,-1.8663769477816894e-06,-6.247774804759437e-06,5.3502945475266374e-05,-0.0002638055793389295,0.0005236243276871915,-0.0017719976613518643,-0.00013590054654521205,6.137100180369126e-05,-0.00040267833118002997,0.0003548379745551342,0.0003659532145461506,-0.0016800132564090426,3.681479965207942e-05,2.4299692363354168e-05,-0.00022461226228553938,0.0,0.0,-0.2,1.0009999999999994,1.0009999999999994,-0.8890133333333332,0.8890133333333332,1.0009935282238356,1.0010142320389397,-0.006583653193410816,0.024703399696187244,-0.001190093984571832,5.5429356023077244e-05
yaw-,1789636413.937862,2.863884925842285,2.8885382519983978,-1.8663769477816894e-06,-6.247774804759437e-06,5.3502945475266374e-05,-0.0002638055793389295,0.0005236243276871915,-0.0017719976613518643,-0.00013590054654521205,6.137100180369126e-05,-0.00040267833118002997,0.0003548379745551342,0.0003659532145461506,-0.0016800132564090426,3.681479965207942e-05,2.4299692363354168e-05,-0.00022461226228553938,0.0,0.0,-0.2,1.0009999999999994,1.0009999999999994,-0.8890133333333332,0.8890133333333332,1.0009935282238356,1.0010142320389397,-0.006583653193410816,0.024703399696187244,-0.001190093984571832,5.5429356023077244e-05
yaw-,1789636413.962545,2.8885679244995117,2.9120344369985105,-1.8663769477816894e-06,-6.247774804759437e-06,5.3502945475266374e-05,-0.0002638055793389295,0.0005236243276871915,-0.0017719976613518643,-0.00013590054654521205,6.137100180369126e-05,-0.00040267833118002997,0.0003548379745551342,0.0003659532145461506,-0.0016800132564090426,3.681479965207942e-05,2.4299692363354168e-05,-0.00022461226228553938,0.0,0.0,-0.2,1.0009999999999994,1.0009999999999994,-0.8890133333333332,0.8890133333333332,1.0009935282238356,1.0010142320389397,-0.006583653193410816,0.024703399696187244,-0.001190093984571832,5.5429356023077244e-05
yaw-,1789636413.9860365,2.9120595455169678,2.9451419449978857,-2.2789225781333355e-06,-7.008529578697055e-06,5.2107144048976815e-05,-0.00025071310346775743,0.0005337127999972145,-0.0016980199335568395,-0.00013590054654521205,6.137100180369126e-05,-0.00040267833118002997,0.0003548379745551342,0.0003659532145461506,-0.0016800132564090426,3.681479965207942e-05,2.4299692363354168e-05,-0.00022461226228553938,0.0,0.0,-0.2,1.0009999999999994,1.0009999999999994,-0.8890133333333332,0.8890133333333332,1.0009935362658604,1.0010142013666874,-0.005900669630080935,0.024490064095593136,-0.002463104124075254,5.2107144048976815e-05
yaw-,1789636414.0191414,2.945164442062378,2.9728995989971736,-3.0144649220444075e-06,-8.553531857030325e-06,4.951221617326912e-05,-0.00019494859635515053,0.0006322261580945273,-0.001428468994944768,-0.00013590054654521205,6.137100180369126e-05,-0.00040267833118002997,0.0003548379745551342,0.0003659532145461506,-0.0016800132564090426,3.681479965207942e-05,2.4299692363354168e-05,-0.00022461226228553938,0.0,0.0,-0.2,1.0009999999999994,1.0009999999999994,-0.8890133333333332,0.8890133333333332,1.0009934811597043,1.00101414044825,-0.00432129274295089,0.024865513108944477,-0.0024165393609124394,5.025441340412435e-05
yaw-,1789636414.046903,2.972925901412964,3.0052732969998033,-2.9752806743506277e-06,-8.524100068840572e-06,4.955566122472486e-05,-0.00014114490705308385,0.0007472935511897139,-0.0011808233191880086,-0.00013590054654521205,6.137100180369126e-05,-0.00040267833118002997,0.0003548379745551342,0.0003659532145461506,-0.0016800132564090426,3.681479965207942e-05,2.4299692363354168e-05,-0.00022461226228553938,0.0,0.0,-0.2,1.0009999999999994,1.0009999999999994,-0.8890133333333332,0.8890133333333332,1.000993418914617,1.0010141052505102,-0.0010063313286044649,0.02605990769536233,-0.0020711930823068543,4.9415049269929804e-05
yaw-,1789636414.0792685,3.00529146194458,3.04060009299792,-2.837161765009699e-06,-8.158249752527116e-06,4.977022798818075e-05,-0.00014418507686676855,0.0007418784598167103,-0.0012023215198252793,-0.00013590054654521205,6.137100180369126e-05,-0.00040267833118002997,0.0003548379745551342,0.0003659532145461506,-0.0016800132564090426,3.681479965207942e-05,2.4299692363354168e-05,-0.00022461226228553938,0.0,0.0,-0.2,1.0009999999999994,1.0009999999999994,-0.8890133333333332,0.8890133333333332,1.0009934611755487,1.0010141624792688,-0.0005135080506476998,0.026291505319923386,0.002768652182318368,4.977553459669531e-05
yaw-,1789636414.1146028,3.040625810623169,3.067120537998562,-2.8348994286046814e-06,-8.129320715594655e-06,4.975669272457843e-05,-0.0001471191185851028,0.0007341743760263632,-0.0012050636122315616,-9.158243138233654e-05,0.00013048535888597046,-0.000642266263531641,0.00044290280716569605,0.000691321974230109,-0.00239587932351611,1.9509134567368796e-05,1.832152585726518e-05,-0.0001429756591520003,0.0,0.0,-0.2,1.2012,1.2012,-0.8890133333333332,0.8890133333333332,1.0009934560741671,1.0010141581075427,-0.0007568285918716387,0.02615640457542585,5.9650659313410575e-05,4.975669272457843e-05
yaw-,1789636414.141122,3.0671451091766357,3.090453269000136,-4.329657738628284e-06,-7.187824038516755e-06,3.660582067616608e-05,-0.00022550721151577948,0.0008559285932189539,-0.0030082537085745226,-9.158243138233654e-05,0.00013048535888597046,-0.000642266263531641,0.00044290280716569605,0.000691321974230109,-0.00239587932351611,1.9509134567368796e-05,1.832152585726518e-05,-0.0001429756591520003,0.0,0.0,-0.2,1.2012,1.2012,-0.8890133333333332,0.8890133333333332,1.201193675821199,1.2012144989958085,-0.0040788976399162655,0.03470752870081944,-0.004502022552947322,4.2091966772082156e-05
yaw-,1789636414.164454,3.0904769897460938,3.1228978779981844,-6.4454239347873366e-06,-9.409940257230735e-06,1.3161819033347957e-05,-0.00021829983555758734,0.0006883770184484312,-0.0030215422727209815,-9.158243138233654e-05,0.00013048535888597046,-0.000642266263531641,0.00044290280716569605,0.000691321974230109,-0.00239587932351611,1.9509134567368796e-05,1.832152585726518e-05,-0.0001429756591520003,0.0,0.0,-0.2,1.2012,1.2012,-0.8890133333333332,0.8890133333333332,1.2011939497349857,1.2012147777280386,-0.009043617457199938,0.03351374505157069,-0.0064111023239108375,2.7042475142554004e-05
yaw-,1789636414.1969,3.122922897338867,3.1486102609997033,-7.563165836353691e-06,-1.140100668097898e-05,5.035263821027284e-06,-0.00023396276659220632,0.0006135327034165093,-0.0025675634180558882,-9.158243138233654e-05,0.00013048535888597046,-0.000642266263531641,0.00044290280716569605,0.000691321974230109,-0.00239587932351611,1.9509134567368796e-05,1.832152585726518e-05,-0.0001429756591520003,0.0,0.0,-0.2,1.2012,1.2012,-0.8890133333333332,0.8890133333333332,1.2011939497349857,1.2012147777280386,-0.009043617457199938,0.03351374505157069,-0.004633916483795541,1.181406292917863e-05
yaw-,1789636414.222615,3.1486380100250244,3.1773574679973535,-7.563165836353691e-06,-1.140100668097898e-05,5.035263821027284e-06,-0.00023396276659220632,0.0006135327034165093,-0.0025675634180558882,-9.158243138233654e-05,0.00013048535888597046,-0.000642266263531641,0.00044290280716569605,0.000691321974230109,-0.00239587932351611,1.9509134567368796e-05,1.832152585726518e-05,-0.0001429756591520003,0.0,0.0,-0.2,1.2012,1.2012,-0.8890133333333332,0.8890133333333332,1.2011939497349857,1.2012147777280386,-0.009043617457199938,0.03351374505157069,-0.004633916483795541,1.181406292917863e-05
yaw-,1789636414.2513578,3.1773808002471924,3.208570785998745,-7.563165836353691e-06,-1.140100668097898e-05,5.035263821027284e-06,-0.00023396276659220632,0.0006135327034165093,-0.0025675634180558882,-9.158243138233654e-05,0.00013048535888597046,-0.000642266263531641,0.00044290280716569605,0.000691321974230109,-0.00239587932351611,1.9509134567368796e-05,1.832152585726518e-05,-0.0001429756591520003,0.0,0.0,-0.2,1.2012,1.2012,-0.8890133333333332,0.8890133333333332,1.2011939497349857,1.2012147777280386,-0.009043617457199938,0.03351374505157069,-0.004633916483795541,1.181406292917863e-05
yaw-,1789636414.2825658,3.2085888385772705,3.2344086749981216,-7.563165836353691e-06,-1.140100668097898e-05,5.035263821027284e-06,-0.00023396276659220632,0.0006135327034165093,-0.0025675634180558882,-9.158243138233654e-05,0.00013048535888597046,-0.000642266263531641,0.00044290280716569605,0.000691321974230109,-0.00239587932351611,1.9509134567368796e-05,1.832152585726518e-05,-0.0001429756591520003,0.0,0.0,-0.2,1.2012,1.2012,-0.8890133333333332,0.8890133333333332,1.2011939497349857,1.2012147777280386,-0.009043617457199938,0.03351374505157069,-0.004633916483795541,1.181406292917863e-05
yaw-,1789636414.3084102,3.234433174133301,3.2608711929970013,-7.563165836353691e-06,-1.140100668097898e-05,5.035263821027284e-06,-0.00023396276659220632,0.0006135327034165093,-0.0025675634180558882,-9.158243138233654e-05,0.00013048535888597046,-0.000642266263531641,0.00044290280716569605,0.000691321974230109,-0.00239587932351611,1.9509134567368796e-05,1.832152585726518e-05,-0.0001429756591520003,0.0,0.0,-0.2,1.2012,1.2012,-0.8890133333333332,0.8890133333333332,1.2011939497349857,1.2012147777280386,-0.009043617457199938,0.03351374505157069,-0.004633916483795541,1.181406292917863e-05
yaw-,1789636414.3348722,3.260895252227783,3.2921102229993267,-7.563165836353691e-06,-1.140100668097898e-05,5.035263821027284e-06,-0.00023396276659220632,0.0006135327034165093,-0.0025675634180558882,-9.158243138233654e-05,0.00013048535888597046,-0.000642266263531641,0.00044290280716569605,0.000691321974230109,-0.00239587932351611,1.9509134567368796e-05,1.832152585726518e-05,-0.0001429756591520003,0.0,0.0,-0.2,1.2012,1.2012,-0.8890133333333332,0.8890133333333332,1.2011939497349857,1.2012147777280386,-0.009043617457199938,0.03351374505157069,-0.004633916483795541,1.181406292917863e-05
yaw-,1789636414.3661106,3.2921335697174072,3.3179111089993967,-7.563165836353691e-06,-1.140100668097898e-05,5.035263821027284e-06,-0.00023396276659220632,0.0006135327034165093,-0.0025675634180558882,-9.158243138233654e-05,0.00013048535888597046,-0.000642266263531641,0.00044290280716569605,0.000691321974230109,-0.00239587932351611,1.9509134567368796e-05,1.832152585726518e-05,-0.0001429756591520003,0.0,0.0,-0.2,1.2012,1.2012,-0.8890133333333332,0.8890133333333332,1.2011939497349857,1.2012147777280386,-0.009043617457199938,0.03351374505157069,-0.004633916483795541,1.181406292917863e-05
yaw-,1789636414.3919127,3.3179357051849365,3.343747134997102,-7.563165836353691e-06,-1.140100668097898e-05,5.035263821027284e-06,-0.00023396276659220632,0.0006135327034165093,-0.0025675634180558882,-9.158243138233654e-05,0.00013048535888597046,-0.000642266263531641,0.00044290280716569605,0.000691321974230109,-0.00239587932351611,1.9509134567368796e-05,1.832152585726518e-05,-0.0001429756591520003,0.0,0.0,-0.2,1.2012,1.2012,-0.8890133333333332,0.8890133333333332,1.2011939497349857,1.2012147777280386,-0.009043617457199938,0.03351374505157069,-0.004633916483795541,1.181406292917863e-05
yaw-,1789636414.4177492,3.3437721729278564,3.3687340289980057,-7.563165836353691e-06,-1.140100668097898e-05,5.035263821027284e-06,-0.00023396276659220632,0.0006135327034165093,-0.0025675634180558882,-9.158243138233654e-05,0.00013048535888597046,-0.000642266263531641,0.00044290280716569605,0.000691321974230109,-0.00239587932351611,1.9509134567368796e-05,1.832152585726518e-05,-0.0001429756591520003,0.0,0.0,-0.2,1.2012,1.2012,-0.8890133333333332,0.8890133333333332,1.2011939497349857,1.2012147777280386,-0.009043617457199938,0.03351374505157069,-0.004633916483795541,1.181406292917863e-05
yaw-,1789636414.4427347,3.368757724761963,3.3988341439981014,-7.563165836353691e-06,-1.140100668097898e-05,5.035263821027284e-06,-0.00023396276659220632,0.0006135327034165093,-0.0025675634180558882,-9.158243138233654e-05,0.00013048535888597046,-0.000642266263531641,0.00044290280716569605,0.000691321974230109,-0.00239587932351611,1.9509134567368796e-05,1.832152585726518e-05,-0.0001429756591520003,0.0,0.0,-0.2,1.2012,1.2012,-0.8890133333333332,0.8890133333333332,1.2011939497349857,1.2012147777280386,-0.009043617457199938,0.03351374505157069,-0.004633916483795541,1.181406292917863e-05
yaw-,1789636414.4728374,3.398860454559326,3.428569828000036,-7.563165836353691e-06,-1.140100668097898e-05,5.035263821027284e-06,-0.00023396276659220632,0.0006135327034165093,-0.0025675634180558882,-9.158243138233654e-05,0.00013048535888597046,-0.000642266263531641,0.00044290280716569605,0.000691321974230109,-0.00239587932351611,1.9509134567368796e-05,1.832152585726518e-05,-0.0001429756591520003,0.0,0.0,-0.2,1.2012,1.2012,-0.8890133333333332,0.8890133333333332,1.2011939497349857,1.2012147777280386,-0.009043617457199938,0.03351374505157069,-0.004633916483795541,1.181406292917863e-05
yaw-,1789636414.5025742,3.4285972118377686,3.4536983279976994,-7.563165836353691e-06,-1.140100668097898e-05,5.035263821027284e-06,-0.00023396276659220632,0.0006135327034165093,-0.0025675634180558882,-9.158243138233654e-05,0.00013048535888597046,-0.000642266263531641,0.00044290280716569605,0.000691321974230109,-0.00239587932351611,1.9509134567368796e-05,1.832152585726518e-05,-0.0001429756591520003,0.0,0.0,-0.2,1.2012,1.2012,-0.8890133333333332,0.8890133333333332,1.2011939497349857,1.2012147777280386,-0.009043617457199938,0.03351374505157069,-0.004633916483795541,1.181406292917863e-05
yaw-,1789636414.5276918,3.4537148475646973,3.47968463199868,-7.563165836353691e-06,-1.140100668097898e-05,5.035263821027284e-06,-0.00023396276659220632,0.0006135327034165093,-0.0025675634180558882,-9.158243138233654e-05,0.00013048535888597046,-0.000642266263531641,0.00044290280716569605,0.000691321974230109,-0.00239587932351611,1.9509134567368796e-05,1.832152585726518e-05,-0.0001429756591520003,0.0,0.0,-0.2,1.2012,1.2012,-0.8890133333333332,0.8890133333333332,1.2011939497349857,1.2012147777280386,-0.009043617457199938,0.03351374505157069,-0.004633916483795541,1.181406292917863e-05
yaw-,1789636414.5536861,3.4797091484069824,3.506647655998677,-7.563165836353691e-06,-1.140100668097898e-05,5.035263821027284e-06,-0.00023396276659220632,0.0006135327034165093,-0.0025675634180558882,-9.158243138233654e-05,0.00013048535888597046,-0.000642266263531641,0.00044290280716569605,0.000691321974230109,-0.00239587932351611,1.9509134567368796e-05,1.832152585726518e-05,-0.0001429756591520003,0.0,0.0,-0.2,1.2012,1.2012,-0.8890133333333332,0.8890133333333332,1.2011939497349857,1.2012147777280386,-0.009043617457199938,0.03351374505157069,-0.004633916483795541,1.181406292917863e-05
yaw-,1789636414.5806503,3.5066733360290527,3.5407236159990134,-1.0300987252683663e-05,-1.7611218740488238e-05,-5.183039472875229e-06,-0.00027510272810541596,0.0004427424253916907,-0.0010744169948523248,-9.158243138233654e-05,0.00013048535888597046,-0.000642266263531641,0.00044290280716569605,0.000691321974230109,-0.00239587932351611,1.9509134567368796e-05,1.832152585726518e-05,-0.0001429756591520003,0.0,0.0,-0.2,1.2012,1.2012,-0.8890133333333332,0.8890133333333332,1.2011937707726261,1.2012145485862895,-0.005652829611689367,0.024972301744874525,-0.0003585261697540168,-3.966928445010846e-06
yaw-,1789636414.6147249,3.540747880935669,3.6023275249972357,-1.1298592596978296e-05,-2.019034960247003e-05,-8.130540533544726e-06,-0.0002730098100301062,0.0003341827436639641,-0.0006886382949395052,-9.158243138233654e-05,0.00013048535888597046,-0.000642266263531641,0.00044290280716569605,0.000691321974230109,-0.00239587932351611,1.9509134567368796e-05,1.832152585726518e-05,-0.0001429756591520003,0.0,0.0,-0.2,1.2012,1.2012,-0.8890133333333332,0.8890133333333332,1.2011939678308403,1.2012144911701492,-0.0042427751556261975,0.020971887795825116,-0.0020600866002367354,-7.785794501210031e-06
yaw-,1789636414.6763287,3.602351665496826,3.6368476719981118,-1.3563583044697014e-05,-2.752162257701335e-05,-1.5263111689839244e-05,-0.0002728259038974009,0.00032005240336460596,-0.0006544088141850878,-9.158243138233654e-05,0.00013048535888597046,-0.000642266263531641,0.00044290280716569605,0.000691321974230109,-0.00239587932351611,1.9509134567368796e-05,1.832152585726518e-05,-0.0001429756591520003,0.0,0.0,-0.2,1.2012,1.2012,-0.8890133333333332,0.8890133333333332,1.2011938085822358,1.2012144715479351,-0.004359696004971382,0.019987782982618697,0.0012731917111437855,-1.5583553521215187e-05
yaw-,1789636414.710849,3.6368720531463623,3.660993294997752,-1.5369699258825642e-05,-3.251263241747793e-05,-2.035655591237343e-05,-0.00022967106839880515,0.0003739981562939002,-0.0005741272268513408,-7.387401271882194e-05,0.00017611217274361382,-0.0008826808359485112,0.00017679110449862176,0.00045638177966083655,-0.0024041457241687028,2.837884598577085e-05,3.3420516805170234e-05,-0.00015075826716337573,0.0,0.0,-0.2,1.4014000000000006,1.4014000000000006,-0.8890133333333332,0.8890133333333332,1.2011939517876868,1.2012143864384823,-0.004460774748731514,0.019827419922628944,-0.0011553640122504202,-1.8783163470748825e-05
yaw-,1789636414.7349918,3.6610147953033447,3.6875727659971744,-1.8417710133937504e-05,-3.8762269348402434e-05,-3.760171603130182e-05,-0.000461508382910871,0.0006119199254766713,-0.003280097823332876,-7.387401271882194e-05,0.00017611217274361382,-0.0008826808359485112,0.00017679110449862176,0.00045638177966083655,-0.0024041457241687028,2.837884598577085e-05,3.3420516805170234e-05,-0.00015075826716337573,0.0,0.0,-0.2,1.4014000000000006,1.4014000000000006,-0.8890133333333332,0.8890133333333332,1.4013938717404573,1.4014151003481272,-0.009517782986622612,0.032456205454217193,0.0013514241738710373,-2.4115768768006267e-05
yaw-,1789636414.7615786,3.6876015663146973,3.721092358999158,-2.5124267409647877e-05,-5.181873972072339e-05,-0.00010289722239788825,-0.0003830468961885606,0.0004453319134852631,-0.005636201298277129,-7.387401271882194e-05,0.00017611217274361382,-0.0008826808359485112,0.00017679110449862176,0.00045638177966083655,-0.0024041457241687028,2.837884598577085e-05,3.3420516805170234e-05,-0.00015075826716337573,0.0,0.0,-0.2,1.4014000000000006,1.4014000000000006,-0.8890133333333332,0.8890133333333332,1.4013951906622486,1.4014158227781834,-0.023904760447144967,0.04043933503535615,-0.004351660177210052,-6.814483695950492e-05
yaw-,1789636414.795093,3.721116065979004,3.7579916499998944,-2.6779941206388214e-05,-5.561715206355445e-05,-0.0001246931558395532,-0.00040727069637713884,0.0004092116750776631,-0.005904360232056164,-7.387401271882194e-05,0.00017611217274361382,-0.0008826808359485112,0.00017679110449862176,0.00045638177966083655,-0.0024041457241687028,2.837884598577085e-05,3.3420516805170234e-05,-0.00015075826716337573,0.0,0.0,-0.2,1.4014000000000006,1.4014000000000006,-0.8890133333333332,0.8890133333333332,1.4013951906622486,1.4014158227781834,-0.023904760447144967,0.04043933503535615,-0.002585700546004954,-0.00011146275074608675
yaw-,1789636414.8319938,3.75801682472229,3.7842326299978595,-2.6779941206388214e-05,-5.561715206355445e-05,-0.0001246931558395532,-0.00040727069637713884,0.0004092116750776631,-0.005904360232056164,-7.387401271882194e-05,0.00017611217274361382,-0.0008826808359485112,0.00017679110449862176,0.00045638177966083655,-0.0024041457241687028,2.837884598577085e-05,3.3420516805170234e-05,-0.00015075826716337573,0.0,0.0,-0.2,1.4014000000000006,1.4014000000000006,-0.8890133333333332,0.8890133333333332,1.4013951906622486,1.4014158227781834,-0.023904760447144967,0.04043933503535615,-0.002585700546004954,-0.00011146275074608675
yaw-,1789636414.858232,3.784255027770996,3.811146934000135,-2.6779941206388214e-05,-5.561715206355445e-05,-0.0001246931558395532,-0.00040727069637713884,0.0004092116750776631,-0.005904360232056164,-7.387401271882194e-05,0.00017611217274361382,-0.0008826808359485112,0.00017679110449862176,0.00045638177966083655,-0.0024041457241687028,2.837884598577085e-05,3.3420516805170234e-05,-0.00015075826716337573,0.0,0.0,-0.2,1.4014000000000006,1.4014000000000006,-0.8890133333333332,0.8890133333333332,1.4013951906622486,1.4014158227781834,-0.023904760447144967,0.04043933503535615,-0.002585700546004954,-0.00011146275074608675
yaw-,1789636414.885151,3.811173915863037,3.8377547489981225,-2.6779941206388214e-05,-5.561715206355445e-05,-0.0001246931558395532,-0.00040727069637713884,0.0004092116750776631,-0.005904360232056164,-7.387401271882194e-05,0.00017611217274361382,-0.0008826808359485112,0.00017679110449862176,0.00045638177966083655,-0.0024041457241687028,2.837884598577085e-05,3.3420516805170234e-05,-0.00015075826716337573,0.0,0.0,-0.2,1.4014000000000006,1.4014000000000006,-0.8890133333333332,0.8890133333333332,1.4013951906622486,1.4014158227781834,-0.023904760447144967,0.04043933503535615,-0.002585700546004954,-0.00011146275074608675
yaw-,1789636414.9117582,3.8377811908721924,3.8620000119990436,-2.6779941206388214e-05,-5.561715206355445e-05,-0.0001246931558395532,-0.00040727069637713884,0.0004092116750776631,-0.005904360232056164,-7.387401271882194e-05,0.00017611217274361382,-0.0008826808359485112,0.00017679110449862176,0.00045638177966083655,-0.0024041457241687028,2.837884598577085e-05,3.3420516805170234e-05,-0.00015075826716337573,0.0,0.0,-0.2,1.4014000000000006,1.4014000000000006,-0.8890133333333332,0.8890133333333332,1.4013951906622486,1.4014158227781834,-0.023904760447144967,0.04043933503535615,-0.002585700546004954,-0.00011146275074608675
yaw-,1789636414.9360003,3.86202335357666,3.8899440499990305,-2.6779941206388214e-05,-5.561715206355445e-05,-0.0001246931558395532,-0.00040727069637713884,0.0004092116750776631,-0.005904360232056164,-7.387401271882194e-05,0.00017611217274361382,-0.0008826808359485112,0.00017679110449862176,0.00045638177966083655,-0.0024041457241687028,2.837884598577085e-05,3.3420516805170234e-05,-0.00015075826716337573,0.0,0.0,-0.2,1.4014000000000006,1.4014000000000006,-0.8890133333333332,0.8890133333333332,1.4013951906622486,1.4014158227781834,-0.023904760447144967,0.04043933503535615,-0.002585700546004954,-0.00011146275074608675
yaw-,1789636414.9640052,3.890028238296509,3.919563213999936,-2.6779941206388214e-05,-5.561715206355445e-05,-0.0001246931558395532,-0.00040727069637713884,0.0004092116750776631,-0.005904360232056164,-7.387401271882194e-05,0.00017611217274361382,-0.0008826808359485112,0.00017679110449862176,0.00045638177966083655,-0.0024041457241687028,2.837884598577085e-05,3.3420516805170234e-05,-0.00015075826716337573,0.0,0.0,-0.2,1.4014000000000006,1.4014000000000006,-0.8890133333333332,0.8890133333333332,1.4013951906622486,1.4014158227781834,-0.023904760447144967,0.04043933503535615,-0.002585700546004954,-0.00011146275074608675
yaw-,1789636414.993565,3.919588088989258,3.9425988309994864,-2.6779941206388214e-05,-5.561715206355445e-05,-0.0001246931558395532,-0.00040727069637713884,0.0004092116750776631,-0.005904360232056164,-7.387401271882194e-05,0.00017611217274361382,-0.0008826808359485112,0.00017679110449862176,0.00045638177966083655,-0.0024041457241687028,2.837884598577085e-05,3.3420516805170234e-05,-0.00015075826716337573,0.0,0.0,-0.2,1.4014000000000006,1.4014000000000006,-0.8890133333333332,0.8890133333333332,1.4013951906622486,1.4014158227781834,-0.023904760447144967,0.04043933503535615,-0.002585700546004954,-0.00011146275074608675
yaw-,1789636415.016599,3.942621946334839,3.9717329579980287,-2.6779941206388214e-05,-5.561715206355445e-05,-0.0001246931558395532,-0.00040727069637713884,0.0004092116750776631,-0.005904360232056164,-7.387401271882194e-05,0.00017611217274361382,-0.0008826808359485112,0.00017679110449862176,0.00045638177966083655,-0.0024041457241687028,2.837884598577085e-05,3.3420516805170234e-05,-0.00015075826716337573,0.0,0.0,-0.2,1.4014000000000006,1.4014000000000006,-0.8890133333333332,0.8890133333333332,1.4013951906622486,1.4014158227781834,-0.023904760447144967,0.04043933503535615,-0.002585700546004954,-0.00011146275074608675
yaw-,1789636415.045741,3.971764087677002,3.998253753998142,-2.6779941206388214e-05,-5.561715206355445e-05,-0.0001246931558395532,-0.00040727069637713884,0.0004092116750776631,-0.005904360232056164,-7.387401271882194e-05,0.00017611217274361382,-0.0008826808359485112,0.00017679110449862176,0.00045638177966083655,-0.0024041457241687028,2.837884598577085e-05,3.3420516805170234e-05,-0.00015075826716337573,0.0,0.0,-0.2,1.4014000000000006,1.4014000000000006,-0.8890133333333332,0.8890133333333332,1.4013951906622486,1.4014158227781834,-0.023904760447144967,0.04043933503535615,-0.002585700546004954,-0.00011146275074608675
yaw-,1789636415.0722582,3.998281240463257,4.024236473000201,-2.6779941206388214e-05,-5.561715206355445e-05,-0.0001246931558395532,-0.00040727069637713884,0.0004092116750776631,-0.005904360232056164,-7.387401271882194e-05,0.00017611217274361382,-0.0008826808359485112,0.00017679110449862176,0.00045638177966083655,-0.0024041457241687028,2.837884598577085e-05,3.3420516805170234e-05,-0.00015075826716337573,0.0,0.0,-0.2,1.4014000000000006,1.4014000000000006,-0.8890133333333332,0.8890133333333332,1.4013951906622486,1.4014158227781834,-0.023904760447144967,0.04043933503535615,-0.002585700546004954,-0.00011146275074608675
yaw-,1789636415.0982385,4.024261474609375,4.062658716997248,-2.7478920764614778e-05,-5.718437386876413e-05,-0.00013370978333244478,-0.0004186876716340115,0.00039440197670004057,-0.005975766438202354,-7.387401271882194e-05,0.00017611217274361382,-0.0008826808359485112,0.00017679110449862176,0.00045638177966083655,-0.0024041457241687028,2.837884598577085e-05,3.3420516805170234e-05,-0.00015075826716337573,0.0,0.0,-0.2,1.4014000000000006,1.4014000000000006,-0.8890133333333332,0.8890133333333332,1.4013955610477407,1.401416103794296,-0.02778926451363625,0.04168908531018215,-0.002585700546004954,-0.00011146275074608675
yaw-,1789636415.13666,4.06268310546875,4.091219515998091,-3.7355333499175525e-05,-8.045091107176851e-05,-0.00024815517261964965,-0.0004371594500483625,0.00016373159776786458,-0.005311446941067589,-7.387401271882194e-05,0.00017611217274361382,-0.0008826808359485112,0.00017679110449862176,0.00045638177966083655,-0.0024041457241687028,2.837884598577085e-05,3.3420516805170234e-05,-0.00015075826716337573,0.0,0.0,-0.2,1.4014000000000006,1.4014000000000006,-0.8890133333333332,0.8890133333333332,1.4013955168870451,1.4014161917875603,-0.029407203722134772,0.03841980442972607,-0.0028684910641810523,-0.00024815517261964965
yaw-,1789636415.165222,4.09124493598938,4.123113167999691,-4.278986587186867e-05,-9.771778167210615e-05,-0.0002978597362618814,-0.00039385479278844786,1.2799077410882145e-05,-0.00380692318642964,-7.387401271882194e-05,0.00017611217274361382,-0.0008826808359485112,0.00017679110449862176,0.00045638177966083655,-0.0024041457241687028,2.837884598577085e-05,3.3420516805170234e-05,-0.00015075826716337573,0.0,0.0,-0.2,1.4014000000000006,1.4014000000000006,-0.8890133333333332,0.8890133333333332,1.4013946991363424,1.401415741440208,-0.024605416772726364,0.029443657631897095,-0.008941117961723529,-0.00028204153757959316
yaw-,1789636415.1971133,4.123136281967163,4.159757216999424,-4.8463479718614116e-05,-0.00012047371605200963,-0.00033815094489312566,-0.00029805553530632637,-4.203778597553116e-06,-0.0031122873752109834,-7.226295421356891e-05,0.00018549089312343213,-0.0013499776581454284,1.6027794619747295e-05,9.380138776502161e-05,-0.004672968221969172,3.3771891545491796e-05,6.667582101812895e-05,-0.0007791498711184456,0.0,0.0,-0.2,1.5707963267948966,1.5707963267948966,-0.8890133333333332,0.8890133333333332,1.4013946202753855,1.401415625748771,-0.01662951846395635,0.01804302943486784,-0.004010759642272478,-0.000325335634165977
yaw-,1789636415.2337596,4.159782648086548,4.1823072459992545,-5.160700627806353e-05,-0.0001368854585937036,-0.00040254494422764276,-0.0004509108878306167,8.124418901112279e-05,-0.008646440847168483,-7.226295421356891e-05,0.00018549089312343213,-0.0013499776581454284,1.6027794619747295e-05,9.380138776502161e-05,-0.004672968221969172,3.3771891545491796e-05,6.667582101812895e-05,-0.0007791498711184456,0.0,0.0,-0.2,1.5707963267948966,1.5707963267948966,-0.8890133333333332,0.8890133333333332,1.5707919978318285,1.5708125323286533,-0.033923680688334124,0.0379131104054065,-0.00872723924181074,-0.00040254494422764276
yaw-,1789636415.2563074,4.182330369949341,4.21422401000018,-5.940089977152577e-05,-0.0001561014057015163,-0.0005605683624239823,-0.0007723313780307688,8.67051014834799e-05,-0.01440155179180147,-7.226295421356891e-05,0.00018549089312343213,-0.0013499776581454284,1.6027794619747295e-05,9.380138776502161e-05,-0.004672968221969172,3.3771891545491796e-05,6.667582101812895e-05,-0.0007791498711184456,0.0,0.0,-0.2,1.5707963267948966,1.5707963267948966,-0.8890133333333332,0.8890133333333332,1.570796152941477,1.5708152370665198,-0.07220405951221792,0.06846170518142691,-0.014374318326805035,-0.0004983773365290324
yaw-,1789636415.2882261,4.214249134063721,4.240893828999106,-6.223441617166786e-05,-0.00016124009494019372,-0.0006168380096182704,-0.0008439141358696467,8.686968256942746e-05,-0.015826126187282453,-7.226295421356891e-05,0.00018549089312343213,-0.0013499776581454284,1.6027794619747295e-05,9.380138776502161e-05,-0.004672968221969172,3.3771891545491796e-05,6.667582101812895e-05,-0.0007791498711184456,0.0,0.0,-0.2,1.5707963267948966,1.5707963267948966,-0.8890133333333332,0.8890133333333332,1.570796152941477,1.5708152370665198,-0.07220405951221792,0.06846170518142691,-0.014374318326805035,-0.0004983773365290324
yaw-,1789636415.3148966,4.240919589996338,4.2676831770004355,-6.223441617166786e-05,-0.00016124009494019372,-0.0006168380096182704,-0.0008439141358696467,8.686968256942746e-05,-0.015826126187282453,-7.226295421356891e-05,0.00018549089312343213,-0.0013499776581454284,1.6027794619747295e-05,9.380138776502161e-05,-0.004672968221969172,3.3771891545491796e-05,6.667582101812895e-05,-0.0007791498711184456,0.0,0.0,-0.2,1.5707963267948966,1.5707963267948966,-0.8890133333333332,0.8890133333333332,1.570796152941477,1.5708152370665198,-0.07220405951221792,0.06846170518142691,-0.014374318326805035,-0.0004983773365290324
yaw-,1789636415.3416834,4.267706394195557,4.292809046997718,-6.223441617166786e-05,-0.00016124009494019372,-0.0006168380096182704,-0.0008439141358696467,8.686968256942746e-05,-0.015826126187282453,-7.226295421356891e-05,0.00018549089312343213,-0.0013499776581454284,1.6027794619747295e-05,9.380138776502161e-05,-0.004672968221969172,3.3771891545491796e-05,6.667582101812895e-05,-0.0007791498711184456,0.0,0.0,-0.2,1.5707963267948966,1.5707963267948966,-0.8890133333333332,0.8890133333333332,1.570796152941477,1.5708152370665198,-0.07220405951221792,0.06846170518142691,-0.014374318326805035,-0.0004983773365290324
yaw-,1789636415.3668091,4.292832136154175,4.318344380997587,-6.223441617166786e-05,-0.00016124009494019372,-0.0006168380096182704,-0.0008439141358696467,8.686968256942746e-05,-0.015826126187282453,-7.226295421356891e-05,0.00018549089312343213,-0.0013499776581454284,1.6027794619747295e-05,9.380138776502161e-05,-0.004672968221969172,3.3771891545491796e-05,6.667582101812895e-05,-0.0007791498711184456,0.0,0.0,-0.2,1.5707963267948966,1.5707963267948966,-0.8890133333333332,0.8890133333333332,1.570796152941477,1.5708152370665198,-0.07220405951221792,0.06846170518142691,-0.014374318326805035,-0.0004983773365290324
yaw-,1789636415.392347,4.31837010383606,4.348875748997671,-6.223441617166786e-05,-0.00016124009494019372,-0.0006168380096182704,-0.0008439141358696467,8.686968256942746e-05,-0.015826126187282453,-7.226295421356891e-05,0.00018549089312343213,-0.0013499776581454284,1.6027794619747295e-05,9.380138776502161e-05,-0.004672968221969172,3.3771891545491796e-05,6.667582101812895e-05,-0.0007791498711184456,0.0,0.0,-0.2,1.5707963267948966,1.5707963267948966,-0.8890133333333332,0.8890133333333332,1.570796152941477,1.5708152370665198,-0.07220405951221792,0.06846170518142691,-0.014374318326805035,-0.0004983773365290324
yaw-,1789636415.4228804,4.34890341758728,4.380571407000389,-6.223441617166786e-05,-0.00016124009494019372,-0.0006168380096182704,-0.0008439141358696467,8.686968256942746e-05,-0.015826126187282453,-7.226295421356891e-05,0.00018549089312343213,-0.0013499776581454284,1.6027794619747295e-05,9.380138776502161e-05,-0.004672968221969172,3.3771891545491796e-05,6.667582101812895e-05,-0.0007791498711184456,0.0,0.0,-0.2,1.5707963267948966,1.5707963267948966,-0.8890133333333332,0.8890133333333332,1.570796152941477,1.5708152370665198,-0.07220405951221792,0.06846170518142691,-0.014374318326805035,-0.0004983773365290324
yaw-,1789636415.4545777,4.380600690841675,4.41336025399869,-6.223441617166786e-05,-0.00016124009494019372,-0.0006168380096182704,-0.0008439141358696467,8.686968256942746e-05,-0.015826126187282453,-7.226295421356891e-05,0.00018549089312343213,-0.0013499776581454284,1.6027794619747295e-05,9.380138776502161e-05,-0.004672968221969172,3.3771891545491796e-05,6.667582101812895e-05,-0.0007791498711184456,0.0,0.0,-0.2,1.5707963267948966,1.5707963267948966,-0.8890133333333332,0.8890133333333332,1.570796152941477,1.5708152370665198,-0.07220405951221792,0.06846170518142691,-0.014374318326805035,-0.0004983773365290324
yaw-,1789636415.487361,4.413383960723877,4.443668427997181,-6.223441617166786e-05,-0.00016124009494019372,-0.0006168380096182704,-0.0008439141358696467,8.686968256942746e-05,-0.015826126187282453,-7.226295421356891e-05,0.00018549089312343213,-0.0013499776581454284,1.6027794619747295e-05,9.380138776502161e-05,-0.004672968221969172,3.3771891545491796e-05,6.667582101812895e-05,-0.0007791498711184456,0.0,0.0,-0.2,1.5707963267948966,1.5707963267948966,-0.8890133333333332,0.8890133333333332,1.570796152941477,1.5708152370665198,-0.07220405951221792,0.06846170518142691,-0.014374318326805035,-0.0004983773365290324
yaw-,1789636415.5176697,4.443692684173584,4.477463507999346,-6.223441617166786e-05,-0.00016124009494019372,-0.0006168380096182704,-0.0008439141358696467,8.686968256942746e-05,-0.015826126187282453,-7.226295421356891e-05,0.00018549089312343213,-0.0013499776581454284,1.6027794619747295e-05,9.380138776502161e-05,-0.004672968221969172,3.3771891545491796e-05,6.667582101812895e-05,-0.0007791498711184456,0.0,0.0,-0.2,1.5707963267948966,1.5707963267948966,-0.8890133333333332,0.8890133333333332,1.570796152941477,1.5708152370665198,-0.07220405951221792,0.06846170518142691,-0.014374318326805035,-0.0004983773365290324
yaw-,1789636415.5514638,4.477486848831177,4.503937827998016,-6.223441617166786e-05,-0.00016124009494019372,-0.0006168380096182704,-0.0008439141358696467,8.686968256942746e-05,-0.015826126187282453,-7.226295421356891e-05,0.00018549089312343213,-0.0013499776581454284,1.6027794619747295e-05,9.380138776502161e-05,-0.004672968221969172,3.3771891545491796e-05,6.667582101812895e-05,-0.0007791498711184456,0.0,0.0,-0.2,1.5707963267948966,1.5707963267948966,-0.8890133333333332,0.8890133333333332,1.570796152941477,1.5708152370665198,-0.07220405951221792,0.06846170518142691,-0.014374318326805035,-0.0004983773365290324
yaw-,1789636415.5779402,4.503963232040405,4.530125818997476,-6.223441617166786e-05,-0.00016124009494019372,-0.0006168380096182704,-0.0008439141358696467,8.686968256942746e-05,-0.015826126187282453,-7.226295421356891e-05,0.00018549089312343213,-0.0013499776581454284,1.6027794619747295e-05,9.380138776502161e-05,-0.004672968221969172,3.3771891545491796e-05,6.667582101812895e-05,-0.0007791498711184456,0.0,0.0,-0.2,1.5707963267948966,1.5707963267948966,-0.8890133333333332,0.8890133333333332,1.570796152941477,1.5708152370665198,-0.07220405951221792,0.06846170518142691,-0.014374318326805035,-0.0004983773365290324
yaw-,1789636415.6041281,4.530151128768921,4.559004115999414,-6.223441617166786e-05,-0.00016124009494019372,-0.0006168380096182704,-0.0008439141358696467,8.686968256942746e-05,-0.015826126187282453,-7.226295421356891e-05,0.00018549089312343213,-0.0013499776581454284,1.6027794619747295e-05,9.380138776502161e-05,-0.004672968221969172,3.3771891545491796e-05,6.667582101812895e-05,-0.0007791498711184456,0.0,0.0,-0.2,1.5707963267948966,1.5707963267948966,-0.8890133333333332,0.8890133333333332,1.570796152941477,1.5708152370665198,-0.07220405951221792,0.06846170518142691,-0.014374318326805035,-0.0004983773365290324
yaw-,1789636415.6330063,4.5590293407440186,4.584791610999673,-6.223441617166786e-05,-0.00016124009494019372,-0.0006168380096182704,-0.0008439141358696467,8.686968256942746e-05,-0.015826126187282453,-7.226295421356891e-05,0.00018549089312343213,-0.0013499776581454284,1.6027794619747295e-05,9.380138776502161e-05,-0.004672968221969172,3.3771891545491796e-05,6.667582101812895e-05,-0.0007791498711184456,0.0,0.0,-0.2,1.5707963267948966,1.5707963267948966,-0.8890133333333332,0.8890133333333332,1.570796152941477,1.5708152370665198,-0.07220405951221792,0.06846170518142691,-0.014374318326805035,-0.0004983773365290324
yaw-,1789636415.658795,4.584818124771118,4.615110721999372,-7.234204125047133e-05,-0.0001766762850777823,-0.0008183852001163966,-0.0010410274591245822,8.485602916949117e-05,-0.01981545768857778,-7.226295421356891e-05,0.00018549089312343213,-0.0013499776581454284,1.6027794619747295e-05,9.380138776502161e-05,-0.004672968221969172,3.3771891545491796e-05,6.667582101812895e-05,-0.0007791498711184456,0.0,0.0,-0.2,1.5707963267948966,1.5707963267948966,-0.8890133333333332,0.8890133333333332,1.570796454228308,1.5708165818339674,-0.09004853949908201,0.08223162519809037,-0.017158027006297726,-0.0006317852029042266
yaw-,1789636415.6891127,4.615135669708252,4.642198575998918,-8.811546363472755e-05,-0.00019605794479905791,-0.0011334609670213647,-0.0012672908293437117,7.39499240795913e-05,-0.024282542434358855,-7.226295421356891e-05,0.00018549089312343213,-0.0013499776581454284,1.6027794619747295e-05,9.380138776502161e-05,-0.004672968221969172,3.3771891545491796e-05,6.667582101812895e-05,-0.0007791498711184456,0.0,0.0,-0.2,1.5707963267948966,1.5707963267948966,-0.8890133333333332,0.8890133333333332,1.5707964878146967,1.5708189796457361,-0.12150911055288695,0.10653814011606058,-0.023310486646160845,-0.0010210802834159218
yaw-,1789636415.716192,4.642215013504028,4.686737301999528,-0.00011408843235553509,-0.00022237990267848402,-0.0016518651483118357,-0.001536409673550496,3.668173324434176e-05,-0.029647807420778226,-7.226295421356891e-05,0.00018549089312343213,-0.0013499776581454284,1.6027794619747295e-05,9.380138776502161e-05,-0.004672968221969172,3.3771891545491796e-05,6.667582101812895e-05,-0.0007791498711184456,0.0,0.0,-0.2,1.5707963267948966,1.5707963267948966,-0.8890133333333332,0.8890133333333332,1.57080009412857,1.5708210790522266,-0.1486609209205302,0.12768450229115322,-0.0282924970313302,-0.0015673777135620814
yaw-,1789636415.7607713,4.686794281005859,4.731842293000227,-0.00013212381840773182,-0.00023860101325277883,-0.0020120641426548684,-0.0016825935757751158,6.491463889984114e-06,-0.03256837044972265,-7.237455782031276e-05,0.00010914952932205232,-0.004518706247128388,-8.544400827410591e-08,-0.0007634144489995507,-0.031687285889829594,3.5550172139553273e-06,-2.273222068532166e-05,-0.0033452027513529714,0.0,0.0,-0.2,1.5707963267948966,1.5707963267948966,-0.8890133333333332,0.8890133333333332,1.570801576220008,1.570822036066736,-0.1612391064693456,0.13727005002898712,-0.030605114465033046,-0.0018275960751302216
yaw-,1789636415.8058424,4.731865406036377,4.767342048999126,-0.00015356230198448548,-0.00025661894070258887,-0.002440229912977315,-0.001829368869675339,-3.081177816221777e-05,-0.03549883344220054,-7.237455782031276e-05,0.00010914952932205232,-0.004518706247128388,-8.544400827410591e-08,-0.0007634144489995507,-0.031687285889829594,3.5550172139553273e-06,-2.273222068532166e-05,-0.0033452027513529714,0.0,0.0,-0.2,1.5707963267948966,1.5707963267948966,-0.8890133333333332,0.8890133333333332,1.570802935071005,1.5708229357376,-0.17320139349985836,0.14625639543788155,-0.03316700934606701,-0.0021722337870996424
yaw-,1789636415.8413546,4.767377614974976,4.801612716997624,-0.00019393511561495436,-0.00028830767346777787,-0.003246500666465129,-0.0020519334921338954,-0.00010176407866742919,-0.0399520374180412,-7.237455782031276e-05,0.00010914952932205232,-0.004518706247128388,-8.544400827410591e-08,-0.0007634144489995507,-0.031687285889829594,3.5550172139553273e-06,-2.273222068532166e-05,-0.0033452027513529714,0.0,0.0,-0.2,1.5707963267948966,1.5707963267948966,-0.8890133333333332,0.8890133333333332,1.570805378331337,1.5708245751689827,-0.19539442685194386,0.16258488250260628,-0.03854957851847027,-0.003207776329997672
yaw-,1789636415.8756132,4.801636219024658,4.832833354998002,-0.00020178557709774753,-0.0002942428864429799,-0.003403270138247389,-0.0020892077505692435,-0.00011543322659957403,-0.04069824780345874,-7.237455782031276e-05,0.00010914952932205232,-0.004518706247128388,-8.544400827410591e-08,-0.0007634144489995507,-0.031687285889829594,3.5550172139553273e-06,-2.273222068532166e-05,-0.0033452027513529714,0.0,0.0,-0.2,1.5707963267948966,1.5707963267948966,-0.8890133333333332,0.8890133333333332,1.5708064810092592,1.5708253203870886,-0.20567827323796398,0.16999611654094354,-0.03854957851847027,-0.003207776329997672
yaw-,1789636415.9068358,4.8328588008880615,4.8607267449988285,-0.00020178557709774753,-0.0002942428864429799,-0.003403270138247389,-0.0020892077505692435,-0.00011543322659957403,-0.04069824780345874,-7.237455782031276e-05,0.00010914952932205232,-0.004518706247128388,-8.544400827410591e-08,-0.0007634144489995507,-0.031687285889829594,3.5550172139553273e-06,-2.273222068532166e-05,-0.0033452027513529714,0.0,0.0,-0.2,1.5707963267948966,1.5707963267948966,-0.8890133333333332,0.8890133333333332,1.5708064810092592,1.5708253203870886,-0.20567827323796398,0.16999611654094354,-0.03854957851847027,-0.003207776329997672
yaw-,1789636415.934726,4.860749006271362,4.887949010997545,-0.00020178557709774753,-0.0002942428864429799,-0.003403270138247389,-0.0020892077505692435,-0.00011543322659957403,-0.04069824780345874,-7.237455782031276e-05,0.00010914952932205232,-0.004518706247128388,-8.544400827410591e-08,-0.0007634144489995507,-0.031687285889829594,3.5550172139553273e-06,-2.273222068532166e-05,-0.0033452027513529714,0.0,0.0,-0.2,1.5707963267948966,1.5707963267948966,-0.8890133333333332,0.8890133333333332,1.5708064810092592,1.5708253203870886,-0.20567827323796398,0.16999611654094354,-0.03854957851847027,-0.003207776329997672
yaw-,1789636415.9619515,4.887974500656128,4.915492059997632,-0.00020178557709774753,-0.0002942428864429799,-0.003403270138247389,-0.0020892077505692435,-0.00011543322659957403,-0.04069824780345874,-7.237455782031276e-05,0.00010914952932205232,-0.004518706247128388,-8.544400827410591e-08,-0.0007634144489995507,-0.031687285889829594,3.5550172139553273e-06,-2.273222068532166e-05,-0.0033452027513529714,0.0,0.0,-0.2,1.5707963267948966,1.5707963267948966,-0.8890133333333332,0.8890133333333332,1.5708064810092592,1.5708253203870886,-0.20567827323796398,0.16999611654094354,-0.03854957851847027,-0.003207776329997672
yaw-,1789636415.9894977,4.915520668029785,4.9436025059985695,-0.00020178557709774753,-0.0002942428864429799,-0.003403270138247389,-0.0020892077505692435,-0.00011543322659957403,-0.04069824780345874,-7.237455782031276e-05,0.00010914952932205232,-0.004518706247128388,-8.544400827410591e-08,-0.0007634144489995507,-0.031687285889829594,3.5550172139553273e-06,-2.273222068532166e-05,-0.0033452027513529714,0.0,0.0,-0.2,1.5707963267948966,1.5707963267948966,-0.8890133333333332,0.8890133333333332,1.5708064810092592,1.5708253203870886,-0.20567827323796398,0.16999611654094354,-0.03854957851847027,-0.003207776329997672
yaw-,1789636416.0176027,4.9436256885528564,4.971778789000382,-0.00020178557709774753,-0.0002942428864429799,-0.003403270138247389,-0.0020892077505692435,-0.00011543322659957403,-0.04069824780345874,-7.237455782031276e-05,0.00010914952932205232,-0.004518706247128388,-8.544400827410591e-08,-0.0007634144489995507,-0.031687285889829594,3.5550172139553273e-06,-2.273222068532166e-05,-0.0033452027513529714,0.0,0.0,-0.2,1.5707963267948966,1.5707963267948966,-0.8890133333333332,0.8890133333333332,1.5708064810092592,1.5708253203870886,-0.20567827323796398,0.16999611654094354,-0.03854957851847027,-0.003207776329997672
yaw-,1789636416.0457797,4.971802711486816,4.997832206998282,-0.00020178557709774753,-0.0002942428864429799,-0.003403270138247389,-0.0020892077505692435,-0.00011543322659957403,-0.04069824780345874,-7.237455782031276e-05,0.00010914952932205232,-0.004518706247128388,-8.544400827410591e-08,-0.0007634144489995507,-0.031687285889829594,3.5550172139553273e-06,-2.273222068532166e-05,-0.0033452027513529714,0.0,0.0,-0.2,1.5707963267948966,1.5707963267948966,-0.8890133333333332,0.8890133333333332,1.5708064810092592,1.5708253203870886,-0.20567827323796398,0.16999611654094354,-0.03854957851847027,-0.003207776329997672
yaw-,1789636416.0718336,4.997856616973877,5.02254130199799,-0.00020178557709774753,-0.0002942428864429799,-0.003403270138247389,-0.0020892077505692435,-0.00011543322659957403,-0.04069824780345874,-7.237455782031276e-05,0.00010914952932205232,-0.004518706247128388,-8.544400827410591e-08,-0.0007634144489995507,-0.031687285889829594,3.5550172139553273e-06,-2.273222068532166e-05,-0.0033452027513529714,0.0,0.0,-0.2,1.5707963267948966,1.5707963267948966,-0.8890133333333332,0.8890133333333332,1.5708064810092592,1.5708253203870886,-0.20567827323796398,0.16999611654094354,-0.03854957851847027,-0.003207776329997672
yaw-,1789636416.0965426,5.022565603256226,5.050587931997143,-0.00020178557709774753,-0.0002942428864429799,-0.003403270138247389,-0.0020892077505692435,-0.00011543322659957403,-0.04069824780345874,-7.237455782031276e-05,0.00010914952932205232,-0.004518706247128388,-8.544400827410591e-08,-0.0007634144489995507,-0.031687285889829594,3.5550172139553273e-06,-2.273222068532166e-05,-0.0033452027513529714,0.0,0.0,-0.2,1.5707963267948966,1.5707963267948966,-0.8890133333333332,0.8890133333333332,1.5708064810092592,1.5708253203870886,-0.20567827323796398,0.16999611654094354,-0.03854957851847027,-0.003207776329997672
yaw-,1789636416.1245906,5.050613641738892,5.076409154997236,-0.00020178557709774753,-0.0002942428864429799,-0.003403270138247389,-0.0020892077505692435,-0.00011543322659957403,-0.04069824780345874,-7.237455782031276e-05,0.00010914952932205232,-0.004518706247128388,-8.544400827410591e-08,-0.0007634144489995507,-0.031687285889829594,3.5550172139553273e-06,-2.273222068532166e-05,-0.0033452027513529714,0.0,0.0,-0.2,1.5707963267948966,1.5707963267948966,-0.8890133333333332,0.8890133333333332,1.5708064810092592,1.5708253203870886,-0.20567827323796398,0.16999611654094354,-0.03854957851847027,-0.003207776329997672
yaw-,1789636416.1504128,5.076435804367065,5.104532650999317,-0.00020178557709774753,-0.0002942428864429799,-0.003403270138247389,-0.0020892077505692435,-0.00011543322659957403,-0.04069824780345874,-7.237455782031276e-05,0.00010914952932205232,-0.004518706247128388,-8.544400827410591e-08,-0.0007634144489995507,-0.031687285889829594,3.5550172139553273e-06,-2.273222068532166e-05,-0.0033452027513529714,0.0,0.0,-0.2,1.5707963267948966,1.5707963267948966,-0.8890133333333332,0.8890133333333332,1.5708064810092592,1.5708253203870886,-0.20567827323796398,0.16999611654094354,-0.03854957851847027,-0.003207776329997672
yaw-,1789636416.1785364,5.104559421539307,5.134249478000129,-0.00020178557709774753,-0.0002942428864429799,-0.003403270138247389,-0.0020892077505692435,-0.00011543322659957403,-0.04069824780345874,-7.237455782031276e-05,0.00010914952932205232,-0.004518706247128388,-8.544400827410591e-08,-0.0007634144489995507,-0.031687285889829594,3.5550172139553273e-06,-2.273222068532166e-05,-0.0033452027513529714,0.0,0.0,-0.2,1.5707963267948966,1.5707963267948966,-0.8890133333333332,0.8890133333333332,1.5708064810092592,1.5708253203870886,-0.20567827323796398,0.16999611654094354,-0.03854957851847027,-0.003207776329997672
yaw-,1789636416.2082505,5.134273529052734,5.1605021779978415,-0.00020178557709774753,-0.0002942428864429799,-0.003403270138247389,-0.0020892077505692435,-0.00011543322659957403,-0.04069824780345874,-7.237455782031276e-05,0.00010914952932205232,-0.004518706247128388,-8.544400827410591e-08,-0.0007634144489995507,-0.031687285889829594,3.5550172139553273e-06,-2.273222068532166e-05,-0.0033452027513529714,0.0,0.0,-0.2,1.5707963267948966,1.5707963267948966,-0.8890133333333332,0.8890133333333332,1.5708064810092592,1.5708253203870886,-0.20567827323796398,0.16999611654094354,-0.03854957851847027,-0.003207776329997672
yaw-,1789636416.234503,5.1605260372161865,5.186033059999318,-0.00022204901311061523,-0.0003093254547251517,-0.003807897017218395,-0.0021784105031873754,-0.00015033788531551876,-0.04248400813946359,-7.237455782031276e-05,0.00010914952932205232,-0.004518706247128388,-8.544400827410591e-08,-0.0007634144489995507,-0.031687285889829594,3.5550172139553273e-06,-2.273222068532166e-05,-0.0033452027513529714,0.0,0.0,-0.2,1.5707963267948966,1.5707963267948966,-0.8890133333333332,0.8890133333333332,1.5708075118845697,1.5708260194598314,-0.21545377730477142,0.1769489058477072,-0.040126392801056135,-0.0036033575753109887
yaw-,1789636416.2600405,5.186063528060913,5.218922772997757,-0.00025845755574962007,-0.00033578746448784114,-0.004534810448159149,-0.002317691014086345,-0.00021131727002097946,-0.045273240170346625,-7.237455782031276e-05,0.00010914952932205232,-0.004518706247128388,-8.544400827410591e-08,-0.0007634144489995507,-0.031687285889829594,3.5550172139553273e-06,-2.273222068532166e-05,-0.0033452027513529714,0.0,0.0,-0.2,1.5707963267948966,1.5707963267948966,-0.8890133333333332,0.8890133333333332,1.5708084756060927,1.5708266748319977,-0.22474494671593082,0.1834714638410112,-0.049759525452502375,-0.004490762520847809
yaw-,1789636416.2929256,5.218948602676392,5.247113552999508,-0.0002971200341124053,-0.0003633048086094902,-0.005306554022164208,-0.002442678736464552,-0.000273179077577952,-0.04777692906968466,-7.237455782031276e-05,0.00010914952932205232,-0.004518706247128388,-8.544400827410591e-08,-0.0007634144489995507,-0.031687285889829594,3.5550172139553273e-06,-2.273222068532166e-05,-0.0033452027513529714,0.0,0.0,-0.2,1.5707963267948966,1.5707963267948966,-0.8890133333333332,0.8890133333333332,1.5708102175530847,1.5708278639167066,-0.24196512963249148,0.1953330289706945,-0.04940758283503981,-0.004938099550396729
yaw-,1789636416.321113,5.247136116027832,5.282947964999039,-0.00034765352983450945,-0.00039875967173650436,-0.006314949411506687,-0.0025793578675720585,-0.0003491269793323517,-0.05051474656239551,-7.312777800604744e-05,-5.561018299356932e-05,-0.009436622821618407,-8.714288162318246e-08,-0.0016476143379758439,-0.049179165744900194,-9.04336790295309e-05,-0.00027903202621346404,-0.010995333049518942,0.0,0.0,-0.2,1.5707963267948966,1.5707963267948966,-0.8890133333333332,0.8890133333333332,1.570811735589702,1.5708289050904716,-0.2575106685769942,0.20578023418228666,-0.0497304166982101,-0.006021043496651211
yaw-,1789636416.3569484,5.282971382141113,5.318737219000468,-0.0004008939147019455,-0.00043580468000117487,-0.007376944478401912,-0.0026985747183680756,-0.0004229681935775443,-0.05290201895903306,-7.312777800604744e-05,-5.561018299356932e-05,-0.009436622821618407,-8.714288162318246e-08,-0.0016476143379758439,-0.049179165744900194,-9.04336790295309e-05,-0.00027903202621346404,-0.010995333049518942,0.0,0.0,-0.2,1.5707963267948966,1.5707963267948966,-0.8890133333333332,0.8890133333333332,1.5708130550797188,1.5708298155944842,-0.2715384545098277,0.21498798264944272,-0.05065848087776608,-0.006966513030608703
yaw-,1789636416.3927386,5.318761587142944,5.351456033997238,-0.00044306238299663195,-0.00046506175147576975,-0.008217757696350081,-0.0027789458036046335,-0.00047698834381028864,-0.054510404483280483,-7.312777800604744e-05,-5.561018299356932e-05,-0.009436622821618407,-8.714288162318246e-08,-0.0016476143379758439,-0.049179165744900194,-9.04336790295309e-05,-0.00027903202621346404,-0.010995333049518942,0.0,0.0,-0.2,1.5707963267948966,1.5707963267948966,-0.8890133333333332,0.8890133333333332,1.5708141982729353,1.570830607690164,-0.2841915497931041,0.22310947702131442,-0.05381462256746006,-0.008005169685644653
yaw-,1789636416.4254599,5.35148286819458,5.381634081997618,-0.00044306238299663195,-0.00046506175147576975,-0.008217757696350081,-0.0027789458036046335,-0.00047698834381028864,-0.054510404483280483,-7.312777800604744e-05,-5.561018299356932e-05,-0.009436622821618407,-8.714288162318246e-08,-0.0016476143379758439,-0.049179165744900194,-9.04336790295309e-05,-0.00027903202621346404,-0.010995333049518942,0.0,0.0,-0.2,1.5707963267948966,1.5707963267948966,-0.8890133333333332,0.8890133333333332,1.5708141982729353,1.570830607690164,-0.2841915497931041,0.22310947702131442,-0.05381462256746006,-0.008005169685644653
yaw-,1789636416.4556458,5.38166880607605,5.410278958999697,-0.00044306238299663195,-0.00046506175147576975,-0.008217757696350081,-0.0027789458036046335,-0.00047698834381028864,-0.054510404483280483,-7.312777800604744e-05,-5.561018299356932e-05,-0.009436622821618407,-8.714288162318246e-08,-0.0016476143379758439,-0.049179165744900194,-9.04336790295309e-05,-0.00027903202621346404,-0.010995333049518942,0.0,0.0,-0.2,1.5707963267948966,1.5707963267948966,-0.8890133333333332,0.8890133333333332,1.5708141982729353,1.570830607690164,-0.2841915497931041,0.22310947702131442,-0.05381462256746006,-0.008005169685644653
yaw-,1789636416.484302,5.410325050354004,5.435470827000245,-0.00044306238299663195,-0.00046506175147576975,-0.008217757696350081,-0.0027789458036046335,-0.00047698834381028864,-0.054510404483280483,-7.312777800604744e-05,-5.561018299356932e-05,-0.009436622821618407,-8.714288162318246e-08,-0.0016476143379758439,-0.049179165744900194,-9.04336790295309e-05,-0.00027903202621346404,-0.010995333049518942,0.0,0.0,-0.2,1.5707963267948966,1.5707963267948966,-0.8890133333333332,0.8890133333333332,1.5708141982729353,1.570830607690164,-0.2841915497931041,0.22310947702131442,-0.05381462256746006,-0.008005169685644653
yaw-,1789636416.5094733,5.4354963302612305,5.463072274997103,-0.00044306238299663195,-0.00046506175147576975,-0.008217757696350081,-0.0027789458036046335,-0.00047698834381028864,-0.054510404483280483,-7.312777800604744e-05,-5.561018299356932e-05,-0.009436622821618407,-8.714288162318246e-08,-0.0016476143379758439,-0.049179165744900194,-9.04336790295309e-05,-0.00027903202621346404,-0.010995333049518942,0.0,0.0,-0.2,1.5707963267948966,1.5707963267948966,-0.8890133333333332,0.8890133333333332,1.5708141982729353,1.570830607690164,-0.2841915497931041,0.22310947702131442,-0.05381462256746006,-0.008005169685644653
yaw-,1789636416.5370789,5.463101863861084,5.4890303799984395,-0.00044306238299663195,-0.00046506175147576975,-0.008217757696350081,-0.0027789458036046335,-0.00047698834381028864,-0.054510404483280483,-7.312777800604744e-05,-5.561018299356932e-05,-0.009436622821618407,-8.714288162318246e-08,-0.0016476143379758439,-0.049179165744900194,-9.04336790295309e-05,-0.00027903202621346404,-0.010995333049518942,0.0,0.0,-0.2,1.5707963267948966,1.5707963267948966,-0.8890133333333332,0.8890133333333332,1.5708141982729353,1.570830607690164,-0.2841915497931041,0.22310947702131442,-0.05381462256746006,-0.008005169685644653
yaw-,1789636416.563034,5.4890570640563965,5.519987859999674,-0.00044306238299663195,-0.00046506175147576975,-0.008217757696350081,-0.0027789458036046335,-0.00047698834381028864,-0.054510404483280483,-7.312777800604744e-05,-5.561018299356932e-05,-0.009436622821618407,-8.714288162318246e-08,-0.0016476143379758439,-0.049179165744900194,-9.04336790295309e-05,-0.00027903202621346404,-0.010995333049518942,0.0,0.0,-0.2,1.5707963267948966,1.5707963267948966,-0.8890133333333332,0.8890133333333332,1.5708141982729353,1.570830607690164,-0.2841915497931041,0.22310947702131442,-0.05381462256746006,-0.008005169685644653
yaw-,1789636416.5939927,5.520015716552734,5.547025099996972,-0.00044306238299663195,-0.00046506175147576975,-0.008217757696350081,-0.0027789458036046335,-0.00047698834381028864,-0.054510404483280483,-7.312777800604744e-05,-5.561018299356932e-05,-0.009436622821618407,-8.714288162318246e-08,-0.0016476143379758439,-0.049179165744900194,-9.04336790295309e-05,-0.00027903202621346404,-0.010995333049518942,0.0,0.0,-0.2,1.5707963267948966,1.5707963267948966,-0.8890133333333332,0.8890133333333332,1.5708141982729353,1.570830607690164,-0.2841915497931041,0.22310947702131442,-0.05381462256746006,-0.008005169685644653
yaw-,1789636416.6210196,5.547042608261108,5.579253633997723,-0.00044306238299663195,-0.00046506175147576975,-0.008217757696350081,-0.0027789458036046335,-0.00047698834381028864,-0.054510404483280483,-7.312777800604744e-05,-5.561018299356932e-05,-0.009436622821618407,-8.714288162318246e-08,-0.0016476143379758439,-0.049179165744900194,-9.04336790295309e-05,-0.00027903202621346404,-0.010995333049518942,0.0,0.0,-0.2,1.5707963267948966,1.5707963267948966,-0.8890133333333332,0.8890133333333332,1.5708141982729353,1.570830607690164,-0.2841915497931041,0.22310947702131442,-0.05381462256746006,-0.008005169685644653
yaw-,1789636416.6532578,5.579280853271484,5.604782185997465,-0.00044306238299663195,-0.00046506175147576975,-0.008217757696350081,-0.0027789458036046335,-0.00047698834381028864,-0.054510404483280483,-7.312777800604744e-05,-5.561018299356932e-05,-0.009436622821618407,-8.714288162318246e-08,-0.0016476143379758439,-0.049179165744900194,-9.04336790295309e-05,-0.00027903202621346404,-0.010995333049518942,0.0,0.0,-0.2,1.5707963267948966,1.5707963267948966,-0.8890133333333332,0.8890133333333332,1.5708141982729353,1.570830607690164,-0.2841915497931041,0.22310947702131442,-0.05381462256746006,-0.008005169685644653
yaw-,1789636416.678788,5.604810953140259,5.633418228997471,-0.00044306238299663195,-0.00046506175147576975,-0.008217757696350081,-0.0027789458036046335,-0.00047698834381028864,-0.054510404483280483,-7.312777800604744e-05,-5.561018299356932e-05,-0.009436622821618407,-8.714288162318246e-08,-0.0016476143379758439,-0.049179165744900194,-9.04336790295309e-05,-0.00027903202621346404,-0.010995333049518942,0.0,0.0,-0.2,1.5707963267948966,1.5707963267948966,-0.8890133333333332,0.8890133333333332,1.5708141982729353,1.570830607690164,-0.2841915497931041,0.22310947702131442,-0.05381462256746006,-0.008005169685644653
yaw-,1789636416.70742,5.633443117141724,5.65758521799944,-0.00044306238299663195,-0.00046506175147576975,-0.008217757696350081,-0.0027789458036046335,-0.00047698834381028864,-0.054510404483280483,-7.312777800604744e-05,-5.561018299356932e-05,-0.009436622821618407,-8.714288162318246e-08,-0.0016476143379758439,-0.049179165744900194,-9.04336790295309e-05,-0.00027903202621346404,-0.010995333049518942,0.0,0.0,-0.2,1.5707963267948966,1.5707963267948966,-0.8890133333333332,0.8890133333333332,1.5708141982729353,1.570830607690164,-0.2841915497931041,0.22310947702131442,-0.05381462256746006,-0.008005169685644653
yaw-,1789636416.7315872,5.657610177993774,5.685938533999433,-0.00044306238299663195,-0.00046506175147576975,-0.008217757696350081,-0.0027789458036046335,-0.00047698834381028864,-0.054510404483280483,-7.312777800604744e-05,-5.561018299356932e-05,-0.009436622821618407,-8.714288162318246e-08,-0.0016476143379758439,-0.049179165744900194,-9.04336790295309e-05,-0.00027903202621346404,-0.010995333049518942,0.0,0.0,-0.2,1.5707963267948966,1.5707963267948966,-0.8890133333333332,0.8890133333333332,1.5708141982729353,1.570830607690164,-0.2841915497931041,0.22310947702131442,-0.05381462256746006,-0.008005169685644653
yaw-,1789636416.7599425,5.685965538024902,5.714271979999467,-0.00044306238299663195,-0.00046506175147576975,-0.008217757696350081,-0.0027789458036046335,-0.00047698834381028864,-0.054510404483280483,-7.312777800604744e-05,-5.561018299356932e-05,-0.009436622821618407,-8.714288162318246e-08,-0.0016476143379758439,-0.049179165744900194,-9.04336790295309e-05,-0.00027903202621346404,-0.010995333049518942,0.0,0.0,-0.2,1.5707963267948966,1.5707963267948966,-0.8890133333333332,0.8890133333333332,1.5708141982729353,1.570830607690164,-0.2841915497931041,0.22310947702131442,-0.05381462256746006,-0.008005169685644653
yaw-,1789636416.7882736,5.714296579360962,5.742917471998226,-0.00047005376244440775,-0.0004837838482214304,-0.008755789225693993,-0.0028249848461855457,-0.000509537195586547,-0.05543120916857556,-7.312777800604744e-05,-5.561018299356932e-05,-0.009436622821618407,-8.714288162318246e-08,-0.0016476143379758439,-0.049179165744900194,-9.04336790295309e-05,-0.00027903202621346404,-0.010995333049518942,0.0,0.0,-0.2,1.5707963267948966,1.5707963267948966,-0.8890133333333332,0.8890133333333332,1.5708147097906977,1.570830963423453,-0.2900437091651461,0.22680598298744115,-0.05902463841319182,-0.008593419721441998
yaw-,1789636416.8170223,5.743045330047607,5.769621878996986,-0.0005197580699667255,-0.0005182929214231583,-0.009746228723965071,-0.0029003869467240082,-0.0005654568047757627,-0.056938196395974146,-7.312777800604744e-05,-5.561018299356932e-05,-0.009436622821618407,-8.714288162318246e-08,-0.0016476143379758439,-0.049179165744900194,-9.04336790295309e-05,-0.00027903202621346404,-0.010995333049518942,0.0,0.0,-0.2,1.5707963267948966,1.5707963267948966,-0.8890133333333332,0.8890133333333332,1.5708156241505575,1.5708316016319852,-0.3008750301314737,0.23354776967895735,-0.057759525228031516,-0.009690507428130185
yaw-,1789636416.8436224,5.76964545249939,5.810580100998777,-0.0005793794479346942,-0.0005597942286363292,-0.010933682580574351,-0.0029773170775298677,-0.0006259294275536616,-0.058473645940258646,-7.312777800604744e-05,-5.561018299356932e-05,-0.009436622821618407,-8.714288162318246e-08,-0.0016476143379758439,-0.049179165744900194,-9.04336790295309e-05,-0.00027903202621346404,-0.010995333049518942,0.0,0.0,-0.2,1.5707963267948966,1.5707963267948966,-0.8890133333333332,0.8890133333333332,1.5708164067195227,1.570832151100097,-0.3106350515355524,0.2395118018344814,-0.05972983571496706,-0.010933682580574351
yaw-,1789636416.8845832,5.810606241226196,5.849066843999026,-0.00062291911151309,-0.000590197798704591,-0.011800417629197417,-0.0030257035529932044,-0.00066575374213464,-0.059438021463938506,-7.532651135766727e-05,-0.0002878270643780562,-0.01535329808865885,-7.324854455226374e-08,-0.002322272903313366,-0.059166752670404436,-9.04336790295309e-05,-0.00027903202621346404,-0.010995333049518942,0.0,0.0,-0.2,1.5707963267948966,1.5707963267948966,-0.8890133333333332,0.8890133333333332,1.5708167531079544,1.5708323956428991,-0.3151457411653814,0.2422329342457958,-0.059562881093507006,-0.011567889035743314
yaw-,1789636416.9230688,5.8490917682647705,5.893226588999823,-0.0006760921870365907,-0.0006274501021662181,-0.012858423336144441,-0.003077254070900877,-0.0007096759638857732,-0.06046401413385375,-7.532651135766727e-05,-0.0002878270643780562,-0.01535329808865885,-7.324854455226374e-08,-0.002322272903313366,-0.059166752670404436,-0.0002710996555813555,-0.0005866724966002122,-0.01676862277635705,0.0,0.0,-0.2,1.5707963267948966,1.5707963267948966,-0.8890133333333332,0.8890133333333332,1.570817364493104,1.570832829955818,-0.3234878621423509,0.2472082558284949,-0.057646299346794896,-0.012858423336144441
yaw-,1789636416.9672313,5.893254280090332,5.923831768999662,-0.0007301607145271498,-0.0006654682241484331,-0.01393367372331322,-0.003122356503147854,-0.0007492917033116372,-0.06136015528862724,-7.532651135766727e-05,-0.0002878270643780562,-0.01535329808865885,-7.324854455226374e-08,-0.002322272903313366,-0.059166752670404436,-0.0002710996555813555,-0.0005866724966002122,-0.01676862277635705,0.0,0.0,-0.2,1.5707963267948966,1.5707963267948966,-0.8890133333333332,0.8890133333333332,1.5708178771590031,1.5708331980555048,-0.3309971429973768,0.25162613976353054,-0.06306496774094174,-0.013394036646790931
yaw-,1789636416.9988356,5.924858570098877,5.9591660810001486,-0.000739251337207019,-0.0006718736139346461,-0.014114399976974636,-0.003129291772665366,-0.0007554727674430463,-0.06149780543719886,-7.532651135766727e-05,-0.0002878270643780562,-0.01535329808865885,-7.324854455226374e-08,-0.002322272903313366,-0.059166752670404436,-0.0002710996555813555,-0.0005866724966002122,-0.01676862277635705,0.0,0.0,-0.2,1.5707963267948966,1.5707963267948966,-0.8890133333333332,0.8890133333333332,1.5708178771590031,1.5708331980555048,-0.3309971429973768,0.25162613976353054,-0.05784930579830688,-0.014114399976974636
yaw-,1789636417.0331705,5.959193468093872,5.991037976997177,-0.000739251337207019,-0.0006718736139346461,-0.014114399976974636,-0.003129291772665366,-0.0007554727674430463,-0.06149780543719886,-7.532651135766727e-05,-0.0002878270643780562,-0.01535329808865885,-7.324854455226374e-08,-0.002322272903313366,-0.059166752670404436,-0.0002710996555813555,-0.0005866724966002122,-0.01676862277635705,0.0,0.0,-0.2,1.5707963267948966,1.5707963267948966,-0.8890133333333332,0.8890133333333332,1.5708178771590031,1.5708331980555048,-0.3309971429973768,0.25162613976353054,-0.05784930579830688,-0.014114399976974636
yaw-,1789636417.0650418,5.991064786911011,6.0208181149973825,-0.000739251337207019,-0.0006718736139346461,-0.014114399976974636,-0.003129291772665366,-0.0007554727674430463,-0.06149780543719886,-7.532651135766727e-05,-0.0002878270643780562,-0.01535329808865885,-7.324854455226374e-08,-0.002322272903313366,-0.059166752670404436,-0.0002710996555813555,-0.0005866724966002122,-0.01676862277635705,0.0,0.0,-0.2,1.5707963267948966,1.5707963267948966,-0.8890133333333332,0.8890133333333332,1.5708178771590031,1.5708331980555048,-0.3309971429973768,0.25162613976353054,-0.05784930579830688,-0.014114399976974636
yaw-,1789636417.0948224,6.020845413208008,6.048645150000084,-0.000739251337207019,-0.0006718736139346461,-0.014114399976974636,-0.003129291772665366,-0.0007554727674430463,-0.06149780543719886,-7.532651135766727e-05,-0.0002878270643780562,-0.01535329808865885,-7.324854455226374e-08,-0.002322272903313366,-0.059166752670404436,-0.0002710996555813555,-0.0005866724966002122,-0.01676862277635705,0.0,0.0,-0.2,1.5707963267948966,1.5707963267948966,-0.8890133333333332,0.8890133333333332,1.5708178771590031,1.5708331980555048,-0.3309971429973768,0.25162613976353054,-0.05784930579830688,-0.014114399976974636
yaw-,1789636417.122647,6.048670053482056,6.079047499999433,-0.000739251337207019,-0.0006718736139346461,-0.014114399976974636,-0.003129291772665366,-0.0007554727674430463,-0.06149780543719886,-7.532651135766727e-05,-0.0002878270643780562,-0.01535329808865885,-7.324854455226374e-08,-0.002322272903313366,-0.059166752670404436,-0.0002710996555813555,-0.0005866724966002122,-0.01676862277635705,0.0,0.0,-0.2,1.5707963267948966,1.5707963267948966,-0.8890133333333332,0.8890133333333332,1.5708178771590031,1.5708331980555048,-0.3309971429973768,0.25162613976353054,-0.05784930579830688,-0.014114399976974636
yaw-,1789636417.1530502,6.079073190689087,6.109716451999702,-0.000739251337207019,-0.0006718736139346461,-0.014114399976974636,-0.003129291772665366,-0.0007554727674430463,-0.06149780543719886,-7.532651135766727e-05,-0.0002878270643780562,-0.01535329808865885,-7.324854455226374e-08,-0.002322272903313366,-0.059166752670404436,-0.0002710996555813555,-0.0005866724966002122,-0.01676862277635705,0.0,0.0,-0.2,1.5707963267948966,1.5707963267948966,-0.8890133333333332,0.8890133333333332,1.5708178771590031,1.5708331980555048,-0.3309971429973768,0.25162613976353054,-0.05784930579830688,-0.014114399976974636
yaw-,1789636417.1837187,6.109741687774658,6.137547877999168,-0.000739251337207019,-0.0006718736139346461,-0.014114399976974636,-0.003129291772665366,-0.0007554727674430463,-0.06149780543719886,-7.532651135766727e-05,-0.0002878270643780562,-0.01535329808865885,-7.324854455226374e-08,-0.002322272903313366,-0.059166752670404436,-0.0002710996555813555,-0.0005866724966002122,-0.01676862277635705,0.0,0.0,-0.2,1.5707963267948966,1.5707963267948966,-0.8890133333333332,0.8890133333333332,1.5708178771590031,1.5708331980555048,-0.3309971429973768,0.25162613976353054,-0.05784930579830688,-0.014114399976974636
yaw-,1789636417.2115538,6.1375768184661865,6.164024387999234,-0.000739251337207019,-0.0006718736139346461,-0.014114399976974636,-0.003129291772665366,-0.0007554727674430463,-0.06149780543719886,-7.532651135766727e-05,-0.0002878270643780562,-0.01535329808865885,-7.324854455226374e-08,-0.002322272903313366,-0.059166752670404436,-0.0002710996555813555,-0.0005866724966002122,-0.01676862277635705,0.0,0.0,-0.2,1.5707963267948966,1.5707963267948966,-0.8890133333333332,0.8890133333333332,1.5708178771590031,1.5708331980555048,-0.3309971429973768,0.25162613976353054,-0.05784930579830688,-0.014114399976974636
yaw-,1789636417.2380254,6.164048433303833,6.188908185999026,-0.000739251337207019,-0.0006718736139346461,-0.014114399976974636,-0.003129291772665366,-0.0007554727674430463,-0.06149780543719886,-7.532651135766727e-05,-0.0002878270643780562,-0.01535329808865885,-7.324854455226374e-08,-0.002322272903313366,-0.059166752670404436,-0.0002710996555813555,-0.0005866724966002122,-0.01676862277635705,0.0,0.0,-0.2,1.5707963267948966,1.5707963267948966,-0.8890133333333332,0.8890133333333332,1.5708178771590031,1.5708331980555048,-0.3309971429973768,0.25162613976353054,-0.05784930579830688,-0.014114399976974636
yaw-,1789636417.262909,6.188931941986084,6.220527819998097,-0.000739251337207019,-0.0006718736139346461,-0.014114399976974636,-0.003129291772665366,-0.0007554727674430463,-0.06149780543719886,-7.532651135766727e-05,-0.0002878270643780562,-0.01535329808865885,-7.324854455226374e-08,-0.002322272903313366,-0.059166752670404436,-0.0002710996555813555,-0.0005866724966002122,-0.01676862277635705,0.0,0.0,-0.2,1.5707963267948966,1.5707963267948966,-0.8890133333333332,0.8890133333333332,1.5708178771590031,1.5708331980555048,-0.3309971429973768,0.25162613976353054,-0.05784930579830688,-0.014114399976974636
yaw-,1789636417.2945325,6.220555543899536,6.254495994999161,-0.0007727625572559009,-0.000695517892612043,-0.014780477141715776,-0.0031533830966797914,-0.0007771063565391186,-0.06197561956288816,-7.532651135766727e-05,-0.0002878270643780562,-0.01535329808865885,-7.324854455226374e-08,-0.002322272903313366,-0.059166752670404436,-0.0002710996555813555,-0.0005866724966002122,-0.01676862277635705,0.0,0.0,-0.2,1.5707963267948966,1.5707963267948966,-0.8890133333333332,0.8890133333333332,1.5708180999395909,1.5708333596326138,-0.33446483703231283,0.253648163835281,-0.06191066395976514,-0.014658985560025399
yaw-,1789636417.3285007,6.254523754119873,6.285819552998873,-0.0008343541543174224,-0.0007390965143696179,-0.016004097028933902,-0.00319212798513328,-0.0008123148398641675,-0.06274286655364539,-7.532651135766727e-05,-0.0002878270643780562,-0.01535329808865885,-7.324854455226374e-08,-0.002322272903313366,-0.059166752670404436,-0.0002710996555813555,-0.0005866724966002122,-0.01676862277635705,0.0,0.0,-0.2,1.5707963267948966,1.5707963267948966,-0.8890133333333332,0.8890133333333332,1.570818484468675,1.5708336420121292,-0.34087288295944,0.25735777715582403,-0.06313384086678248,-0.015881060710530148
yaw-,1789636417.3598292,6.2858521938323975,6.320929477999016,-0.0009092436635727598,-0.0007922675095408203,-0.017490870961744735,-0.003230853389501482,-0.0008476576785338735,-0.06350793473955672,-7.532651135766727e-05,-0.0002878270643780562,-0.01535329808865885,-7.324854455226374e-08,-0.002322272903313366,-0.059166752670404436,-0.0005143186027985496,-0.0008151631731217152,-0.02328285205537162,0.0,0.0,-0.2,1.5707963267948966,1.5707963267948966,-0.8890133333333332,0.8890133333333332,1.5708189257780836,1.5708339750265221,-0.3492932930950942,0.2621899364446688,-0.06455663559494554,-0.017179645183387098
yaw-,1789636417.3949308,6.320953845977783,6.349725777999993,-0.0009375660694663536,-0.000812419525474662,-0.01805285823044431,-0.0032433991043730095,-0.0008590150758074266,-0.06375533565780843,-7.959201732884376e-05,-0.000565218461835277,-0.021844302965336945,-6.297745719068388e-08,-0.0027742419123933364,-0.06491004876678091,-0.0005143186027985496,-0.0008151631731217152,-0.02328285205537162,0.0,0.0,-0.2,1.5707963267948966,1.5707963267948966,-0.8890133333333332,0.8890133333333332,1.5708190407160796,1.5708340648652142,-0.35181325016449067,0.26362988365744855,-0.0579089914207222,-0.01786528310341717
yaw-,1789636417.423725,6.349747896194458,6.37618017099885,-0.0009786782937098275,-0.0008417055874497693,-0.01886834078657767,-0.003259775177275148,-0.0008736429076001083,-0.06407790271312304,-7.959201732884376e-05,-0.000565218461835277,-0.021844302965336945,-6.297745719068388e-08,-0.0027742419123933364,-0.06491004876678091,-0.0005143186027985496,-0.0008151631731217152,-0.02328285205537162,0.0,0.0,-0.2,1.5707963267948966,1.5707963267948966,-0.8890133333333332,0.8890133333333332,1.5708191410939696,1.5708341451765149,-0.3542016318981236,0.2649935417546815,-0.06526283421041149,-0.018491444399162445
yaw-,1789636417.4501812,6.376204252243042,6.405845361998217,-0.001035953901873738,-0.0008825569327161539,-0.020003870007885796,-0.003279287812381119,-0.0008905242271343189,-0.06446168172360235,-7.959201732884376e-05,-0.000565218461835277,-0.021844302965336945,-6.297745719068388e-08,-0.0027742419123933364,-0.06491004876678091,-0.0005143186027985496,-0.0008151631731217152,-0.02328285205537162,0.0,0.0,-0.2,1.5707963267948966,1.5707963267948966,-0.8890133333333332,0.8890133333333332,1.5708193015513112,1.570834279537273,-0.35860968215880984,0.26751143104452446,-0.06316276728098513,-0.019750943510632394
yaw-,1789636417.4798472,6.405870199203491,6.431309619998501,-0.0010487315531128479,-0.0008916764735797441,-0.0202571071557182,-0.003283156993242097,-0.0008937579097268327,-0.06453770482745451,-7.959201732884376e-05,-0.000565218461835277,-0.021844302965336945,-6.297745719068388e-08,-0.0027742419123933364,-0.06491004876678091,-0.0005143186027985496,-0.0008151631731217152,-0.02328285205537162,0.0,0.0,-0.2,1.5707963267948966,1.5707963267948966,-0.8890133333333332,0.8890133333333332,1.5708193015513112,1.570834279537273,-0.35860968215880984,0.26751143104452446,-0.06316276728098513,-0.019750943510632394
yaw-,1789636417.5053096,6.431332588195801,6.45623931999944,-0.0010487315531128479,-0.0008916764735797441,-0.0202571071557182,-0.003283156993242097,-0.0008937579097268327,-0.06453770482745451,-7.959201732884376e-05,-0.000565218461835277,-0.021844302965336945,-6.297745719068388e-08,-0.0027742419123933364,-0.06491004876678091,-0.0005143186027985496,-0.0008151631731217152,-0.02328285205537162,0.0,0.0,-0.2,1.5707963267948966,1.5707963267948966,-0.8890133333333332,0.8890133333333332,1.5708193015513112,1.570834279537273,-0.35860968215880984,0.26751143104452446,-0.06316276728098513,-0.019750943510632394
yaw-,1789636417.5302384,6.456261396408081,6.489556989999983,-0.0010487315531128479,-0.0008916764735797441,-0.0202571071557182,-0.003283156993242097,-0.0008937579097268327,-0.06453770482745451,-7.959201732884376e-05,-0.000565218461835277,-0.021844302965336945,-6.297745719068388e-08,-0.0027742419123933364,-0.06491004876678091,-0.0005143186027985496,-0.0008151631731217152,-0.02328285205537162,0.0,0.0,-0.2,1.5707963267948966,1.5707963267948966,-0.8890133333333332,0.8890133333333332,1.5708193015513112,1.570834279537273,-0.35860968215880984,0.26751143104452446,-0.06316276728098513,-0.019750943510632394
yaw-,1789636417.563559,6.489582061767578,6.518552481997176,-0.0010487315531128479,-0.0008916764735797441,-0.0202571071557182,-0.003283156993242097,-0.0008937579097268327,-0.06453770482745451,-7.959201732884376e-05,-0.000565218461835277,-0.021844302965336945,-6.297745719068388e-08,-0.0027742419123933364,-0.06491004876678091,-0.0005143186027985496,-0.0008151631731217152,-0.02328285205537162,0.0,0.0,-0.2,1.5707963267948966,1.5707963267948966,-0.8890133333333332,0.8890133333333332,1.5708193015513112,1.570834279537273,-0.35860968215880984,0.26751143104452446,-0.06316276728098513,-0.019750943510632394
yaw-,1789636417.5925534,6.518576383590698,6.547620809000364,-0.0010487315531128479,-0.0008916764735797441,-0.0202571071557182,-0.003283156993242097,-0.0008937579097268327,-0.06453770482745451,-7.959201732884376e-05,-0.000565218461835277,-0.021844302965336945,-6.297745719068388e-08,-0.0027742419123933364,-0.06491004876678091,-0.0005143186027985496,-0.0008151631731217152,-0.02328285205537162,0.0,0.0,-0.2,1.5707963267948966,1.5707963267948966,-0.8890133333333332,0.8890133333333332,1.5708193015513112,1.570834279537273,-0.35860968215880984,0.26751143104452446,-0.06316276728098513,-0.019750943510632394
yaw-,1789636417.6216214,6.547644376754761,6.574264751998271,-0.0010487315531128479,-0.0008916764735797441,-0.0202571071557182,-0.003283156993242097,-0.0008937579097268327,-0.06453770482745451,-7.959201732884376e-05,-0.000565218461835277,-0.021844302965336945,-6.297745719068388e-08,-0.0027742419123933364,-0.06491004876678091,-0.0005143186027985496,-0.0008151631731217152,-0.02328285205537162,0.0,0.0,-0.2,1.5707963267948966,1.5707963267948966,-0.8890133333333332,0.8890133333333332,1.5708193015513112,1.570834279537273,-0.35860968215880984,0.26751143104452446,-0.06316276728098513,-0.019750943510632394
yaw-,1789636417.6482654,6.574288368225098,6.602625682000507,-0.0010487315531128479,-0.0008916764735797441,-0.0202571071557182,-0.003283156993242097,-0.0008937579097268327,-0.06453770482745451,-7.959201732884376e-05,-0.000565218461835277,-0.021844302965336945,-6.297745719068388e-08,-0.0027742419123933364,-0.06491004876678091,-0.0005143186027985496,-0.0008151631731217152,-0.02328285205537162,0.0,0.0,-0.2,1.5707963267948966,1.5707963267948966,-0.8890133333333332,0.8890133333333332,1.5708193015513112,1.570834279537273,-0.35860968215880984,0.26751143104452446,-0.06316276728098513,-0.019750943510632394
yaw-,1789636417.6766343,6.602657318115234,6.633565902997361,-0.0010487315531128479,-0.0008916764735797441,-0.0202571071557182,-0.003283156993242097,-0.0008937579097268327,-0.06453770482745451,-7.959201732884376e-05,-0.000565218461835277,-0.021844302965336945,-6.297745719068388e-08,-0.0027742419123933364,-0.06491004876678091,-0.0005143186027985496,-0.0008151631731217152,-0.02328285205537162,0.0,0.0,-0.2,1.5707963267948966,1.5707963267948966,-0.8890133333333332,0.8890133333333332,1.5708193015513112,1.570834279537273,-0.35860968215880984,0.26751143104452446,-0.06316276728098513,-0.019750943510632394
yaw-,1789636417.707567,6.63358998298645,6.666290541998023,-0.0010487315531128479,-0.0008916764735797441,-0.0202571071557182,-0.003283156993242097,-0.0008937579097268327,-0.06453770482745451,-7.959201732884376e-05,-0.000565218461835277,-0.021844302965336945,-6.297745719068388e-08,-0.0027742419123933364,-0.06491004876678091,-0.0005143186027985496,-0.0008151631731217152,-0.02328285205537162,0.0,0.0,-0.2,1.5707963267948966,1.5707963267948966,-0.8890133333333332,0.8890133333333332,1.5708193015513112,1.570834279537273,-0.35860968215880984,0.26751143104452446,-0.06316276728098513,-0.019750943510632394
yaw-,1789636417.7402992,6.666322231292725,6.7042123949977395,-0.0010487315531128479,-0.0008916764735797441,-0.0202571071557182,-0.003283156993242097,-0.0008937579097268327,-0.06453770482745451,-7.959201732884376e-05,-0.000565218461835277,-0.021844302965336945,-6.297745719068388e-08,-0.0027742419123933364,-0.06491004876678091,-0.0005143186027985496,-0.0008151631731217152,-0.02328285205537162,0.0,0.0,-0.2,1.5707963267948966,1.5707963267948966,-0.8890133333333332,0.8890133333333332,1.5708193015513112,1.570834279537273,-0.35860968215880984,0.26751143104452446,-0.06316276728098513,-0.019750943510632394
yaw-,1789636417.7782197,6.704242706298828,6.7383262809999,-0.0010487315531128479,-0.0008916764735797441,-0.0202571071557182,-0.003283156993242097,-0.0008937579097268327,-0.06453770482745451,-7.959201732884376e-05,-0.000565218461835277,-0.021844302965336945,-6.297745719068388e-08,-0.0027742419123933364,-0.06491004876678091,-0.0005143186027985496,-0.0008151631731217152,-0.02328285205537162,0.0,0.0,-0.2,1.5707963267948966,1.5707963267948966,-0.8890133333333332,0.8890133333333332,1.5708193015513112,1.570834279537273,-0.35860968215880984,0.26751143104452446,-0.06316276728098513,-0.019750943510632394
yaw-,1789636417.8123295,6.738352537155151,6.764443111998844,-0.0010487315531128479,-0.0008916764735797441,-0.0202571071557182,-0.003283156993242097,-0.0008937579097268327,-0.06453770482745451,-7.959201732884376e-05,-0.000565218461835277,-0.021844302965336945,-6.297745719068388e-08,-0.0027742419123933364,-0.06491004876678091,-0.0005143186027985496,-0.0008151631731217152,-0.02328285205537162,0.0,0.0,-0.2,1.5707963267948966,1.5707963267948966,-0.8890133333333332,0.8890133333333332,1.5708193015513112,1.570834279537273,-0.35860968215880984,0.26751143104452446,-0.06316276728098513,-0.019750943510632394
yaw-,1789636417.8384416,6.764464616775513,6.793468812997162,-0.0010487315531128479,-0.0008916764735797441,-0.0202571071557182,-0.003283156993242097,-0.0008937579097268327,-0.06453770482745451,-7.959201732884376e-05,-0.000565218461835277,-0.021844302965336945,-6.297745719068388e-08,-0.0027742419123933364,-0.06491004876678091,-0.0005143186027985496,-0.0008151631731217152,-0.02328285205537162,0.0,0.0,-0.2,1.5707963267948966,1.5707963267948966,-0.8890133333333332,0.8890133333333332,1.5708193015513112,1.570834279537273,-0.35860968215880984,0.26751143104452446,-0.06316276728098513,-0.019750943510632394
yaw-,1789636417.8674822,6.7935051918029785,6.833503983998526,-0.0011096421047879605,-0.000935166042289489,-0.021463837564827126,-0.003299387049766179,-0.0009066349737701829,-0.0648563305947354,-7.959201732884376e-05,-0.000565218461835277,-0.021844302965336945,-6.297745719068388e-08,-0.0027742419123933364,-0.06491004876678091,-0.0005143186027985496,-0.0008151631731217152,-0.02328285205537162,0.0,0.0,-0.2,1.5707963267948966,1.5707963267948966,-0.8890133333333332,0.8890133333333332,1.5708194133378832,1.5708343824575497,-0.3625662918402616,0.26977939841405796,-0.061759033451524975,-0.021018554839343402
yaw-,1789636417.9075034,6.833526372909546,6.860715530998277,-0.0011547259057095825,-0.0009673611622515194,-0.02235655144563095,-0.0033092250591171915,-0.0009135865434827333,-0.06504928447778681,-7.959201732884376e-05,-0.000565218461835277,-0.021844302965336945,-6.297745719068388e-08,-0.0027742419123933364,-0.06491004876678091,-0.0005143186027985496,-0.0008151631731217152,-0.02328285205537162,0.0,0.0,-0.2,1.5707963267948966,1.5707963267948966,-0.8890133333333332,0.8890133333333332,1.5708194527326986,1.570834423365655,-0.3643893174414921,0.2708296000355243,-0.06251925007104327,-0.02235655144563095
yaw-,1789636417.9347167,6.860739707946777,6.8954316829986055,-0.0012193770145862808,-0.0010135117345568163,-0.023636043688511157,-0.0033204493845032353,-0.0009199760336628757,-0.06526938535380761,-7.959201732884376e-05,-0.000565218461835277,-0.021844302965336945,-6.297745719068388e-08,-0.0027742419123933364,-0.06491004876678091,-0.0005143186027985496,-0.0008151631731217152,-0.02328285205537162,0.0,0.0,-0.2,1.5707963267948966,1.5707963267948966,-0.8890133333333332,0.8890133333333332,1.5708195016823767,1.5708344863331387,-0.3677504805758125,0.2727801011856824,-0.06233981699152294,-0.023636043688511157
yaw-,1789636417.9694402,6.895463228225708,6.931051725998259,-0.001248549417111753,-0.0010343211319184028,-0.02421312925122578,-0.0033244974449223624,-0.000921553562771267,-0.06534882227282121,-8.624957387386779e-05,-0.0008696678649103117,-0.02866970404442536,-6.012098107457871e-08,-0.0030452218647538613,-0.0682540107908841,-0.0008204416449754266,-0.001269451155824157,-0.030515517616755975,0.0,0.0,-0.2,1.5707963267948966,1.5707963267948966,-0.8890133333333332,0.8890133333333332,1.570819512391119,1.5708345092254632,-0.3692981440627206,0.27368678263222873,-0.06233981699152294,-0.023636043688511157
yaw-,1789636418.005057,6.931080102920532,6.965064766998694,-0.0012940096960389856,-0.0010667205370655103,-0.025112106572255686,-0.0033296520410214057,-0.0009224832712362856,-0.06545014554083539,-8.624957387386779e-05,-0.0008696678649103117,-0.02866970404442536,-6.012098107457871e-08,-0.0030452218647538613,-0.0682540107908841,-0.0008204416449754266,-0.001269451155824157,-0.030515517616755975,0.0,0.0,-0.2,1.5707963267948966,1.5707963267948966,-0.8890133333333332,0.8890133333333332,1.5708195090457764,1.570834539750809,-0.372149720325209,0.27537742272600046,-0.0660364369454899,-0.025047848335945793
yaw-,1789636418.0390651,6.965088129043579,6.997802256999421,-0.0013590911250331017,-0.0011130229401479941,-0.02639844077915125,-0.003334785895617915,-0.0009207553498040617,-0.0655516701681211,-8.624957387386779e-05,-0.0008696678649103117,-0.02866970404442536,-6.012098107457871e-08,-0.0030452218647538613,-0.0682540107908841,-0.0008204416449754266,-0.001269451155824157,-0.030515517616755975,0.0,0.0,-0.2,1.5707963267948966,1.5707963267948966,-0.8890133333333332,0.8890133333333332,1.570819476141021,1.5708345522674554,-0.37470325563506685,0.2769215022458107,-0.06588029208645632,-0.02588366525652174
yaw-,1789636418.0718057,6.997828722000122,7.027482663997944,-0.0013786407000775103,-0.0011269086787355567,-0.02678469118239842,-0.0033358508685849032,-0.0009195705117810839,-0.06557295851323494,-8.624957387386779e-05,-0.0008696678649103117,-0.02866970404442536,-6.012098107457871e-08,-0.0030452218647538613,-0.0682540107908841,-0.0008204416449754266,-0.001269451155824157,-0.030515517616755975,0.0,0.0,-0.2,1.5707963267948966,1.5707963267948966,-0.8890133333333332,0.8890133333333332,1.570819476141021,1.5708345522674554,-0.37470325563506685,0.2769215022458107,-0.06888344984227998,-0.026462806656977363
yaw-,1789636418.1014838,7.0275068283081055,7.051050734997261,-0.0013786407000775103,-0.0011269086787355567,-0.02678469118239842,-0.0033358508685849032,-0.0009195705117810839,-0.06557295851323494,-8.624957387386779e-05,-0.0008696678649103117,-0.02866970404442536,-6.012098107457871e-08,-0.0030452218647538613,-0.0682540107908841,-0.0008204416449754266,-0.001269451155824157,-0.030515517616755975,0.0,0.0,-0.2,1.5707963267948966,1.5707963267948966,-0.8890133333333332,0.8890133333333332,1.570819476141021,1.5708345522674554,-0.37470325563506685,0.2769215022458107,-0.06888344984227998,-0.026462806656977363
yaw-,1789636418.1250513,7.051074266433716,7.075604113997542,-0.0013786407000775103,-0.0011269086787355567,-0.02678469118239842,-0.0033358508685849032,-0.0009195705117810839,-0.06557295851323494,-8.624957387386779e-05,-0.0008696678649103117,-0.02866970404442536,-6.012098107457871e-08,-0.0030452218647538613,-0.0682540107908841,-0.0008204416449754266,-0.001269451155824157,-0.030515517616755975,0.0,0.0,-0.2,1.5707963267948966,1.5707963267948966,-0.8890133333333332,0.8890133333333332,1.570819476141021,1.5708345522674554,-0.37470325563506685,0.2769215022458107,-0.06888344984227998,-0.026462806656977363
yaw-,1789636418.1496055,7.0756285190582275,7.106562048000342,-0.0013786407000775103,-0.0011269086787355567,-0.02678469118239842,-0.0033358508685849032,-0.0009195705117810839,-0.06557295851323494,-8.624957387386779e-05,-0.0008696678649103117,-0.02866970404442536,-6.012098107457871e-08,-0.0030452218647538613,-0.0682540107908841,-0.0008204416449754266,-0.001269451155824157,-0.030515517616755975,0.0,0.0,-0.2,1.5707963267948966,1.5707963267948966,-0.8890133333333332,0.8890133333333332,1.570819476141021,1.5708345522674554,-0.37470325563506685,0.2769215022458107,-0.06888344984227998,-0.026462806656977363
yaw-,1789636418.1805704,7.106593370437622,7.133216668000387,-0.0013786407000775103,-0.0011269086787355567,-0.02678469118239842,-0.0033358508685849032,-0.0009195705117810839,-0.06557295851323494,-8.624957387386779e-05,-0.0008696678649103117,-0.02866970404442536,-6.012098107457871e-08,-0.0030452218647538613,-0.0682540107908841,-0.0008204416449754266,-0.001269451155824157,-0.030515517616755975,0.0,0.0,-0.2,1.5707963267948966,1.5707963267948966,-0.8890133333333332,0.8890133333333332,1.570819476141021,1.5708345522674554,-0.37470325563506685,0.2769215022458107,-0.06888344984227998,-0.026462806656977363
yaw-,1789636418.20722,7.133243083953857,7.161547032999806,-0.0013786407000775103,-0.0011269086787355567,-0.02678469118239842,-0.0033358508685849032,-0.0009195705117810839,-0.06557295851323494,-8.624957387386779e-05,-0.0008696678649103117,-0.02866970404442536,-6.012098107457871e-08,-0.0030452218647538613,-0.0682540107908841,-0.0008204416449754266,-0.001269451155824157,-0.030515517616755975,0.0,0.0,-0.2,1.5707963267948966,1.5707963267948966,-0.8890133333333332,0.8890133333333332,1.570819476141021,1.5708345522674554,-0.37470325563506685,0.2769215022458107,-0.06888344984227998,-0.026462806656977363
yaw-,1789636418.235552,7.161575078964233,7.191053564998583,-0.0013786407000775103,-0.0011269086787355567,-0.02678469118239842,-0.0033358508685849032,-0.0009195705117810839,-0.06557295851323494,-8.624957387386779e-05,-0.0008696678649103117,-0.02866970404442536,-6.012098107457871e-08,-0.0030452218647538613,-0.0682540107908841,-0.0008204416449754266,-0.001269451155824157,-0.030515517616755975,0.0,0.0,-0.2,1.5707963267948966,1.5707963267948966,-0.8890133333333332,0.8890133333333332,1.570819476141021,1.5708345522674554,-0.37470325563506685,0.2769215022458107,-0.06888344984227998,-0.026462806656977363
yaw-,1789636418.265056,7.1910789012908936,7.2217020149983,-0.0013786407000775103,-0.0011269086787355567,-0.02678469118239842,-0.0033358508685849032,-0.0009195705117810839,-0.06557295851323494,-8.624957387386779e-05,-0.0008696678649103117,-0.02866970404442536,-6.012098107457871e-08,-0.0030452218647538613,-0.0682540107908841,-0.0008204416449754266,-0.001269451155824157,-0.030515517616755975,0.0,0.0,-0.2,1.5707963267948966,1.5707963267948966,-0.8890133333333332,0.8890133333333332,1.570819476141021,1.5708345522674554,-0.37470325563506685,0.2769215022458107,-0.06888344984227998,-0.026462806656977363
yaw-,1789636418.2957034,7.221726417541504,7.250592917996983,-0.0013786407000775103,-0.0011269086787355567,-0.02678469118239842,-0.0033358508685849032,-0.0009195705117810839,-0.06557295851323494,-8.624957387386779e-05,-0.0008696678649103117,-0.02866970404442536,-6.012098107457871e-08,-0.0030452218647538613,-0.0682540107908841,-0.0008204416449754266,-0.001269451155824157,-0.030515517616755975,0.0,0.0,-0.2,1.5707963267948966,1.5707963267948966,-0.8890133333333332,0.8890133333333332,1.570819476141021,1.5708345522674554,-0.37470325563506685,0.2769215022458107,-0.06888344984227998,-0.026462806656977363
yaw-,1789636418.3245933,7.2506163120269775,7.278311562000454,-0.0013786407000775103,-0.0011269086787355567,-0.02678469118239842,-0.0033358508685849032,-0.0009195705117810839,-0.06557295851323494,-8.624957387386779e-05,-0.0008696678649103117,-0.02866970404442536,-6.012098107457871e-08,-0.0030452218647538613,-0.0682540107908841,-0.0008204416449754266,-0.001269451155824157,-0.030515517616755975,0.0,0.0,-0.2,1.5707963267948966,1.5707963267948966,-0.8890133333333332,0.8890133333333332,1.570819476141021,1.5708345522674554,-0.37470325563506685,0.2769215022458107,-0.06888344984227998,-0.026462806656977363
yaw-,1789636418.3523169,7.278339862823486,7.313393437998457,-0.001391679012459457,-0.0011361629014925018,-0.02704225829727751,-0.00333644558064541,-0.00091861636283211,-0.0655849344961623,-8.624957387386779e-05,-0.0008696678649103117,-0.02866970404442536,-6.012098107457871e-08,-0.0030452218647538613,-0.0682540107908841,-0.0008204416449754266,-0.001269451155824157,-0.030515517616755975,0.0,0.0,-0.2,1.5707963267948966,1.5707963267948966,-0.8890133333333332,0.8890133333333332,1.5708194496795027,1.5708345525819851,-0.37587763245607464,0.2776443610608636,-0.0639118484033043,-0.02717105928356339
yaw-,1789636418.387394,7.313416957855225,7.340507799999614,-0.0014536567840527474,-0.0011800717161493859,-0.028266206986083658,-0.003338076181678652,-0.0009123590088026623,-0.06561893461839857,-8.624957387386779e-05,-0.0008696678649103117,-0.02866970404442536,-6.012098107457871e-08,-0.0030452218647538613,-0.0682540107908841,-0.0008204416449754266,-0.001269451155824157,-0.030515517616755975,0.0,0.0,-0.2,1.5707963267948966,1.5707963267948966,-0.8890133333333332,0.8890133333333332,1.5708193787454077,1.5708345427995036,-0.378038777855761,0.27900196766061497,-0.06791514997665316,-0.027879629554824988
yaw-,1789636418.414509,7.340532064437866,7.369898706998356,-0.0015222146700118455,-0.0012284627232928887,-0.02961935166107888,-0.0033377588300645255,-0.0009023266324090879,-0.06561612723247884,-8.624957387386779e-05,-0.0008696678649103117,-0.02866970404442536,-6.012098107457871e-08,-0.0030452218647538613,-0.0682540107908841,-0.0008204416449754266,-0.001269451155824157,-0.030515517616755975,0.0,0.0,-0.2,1.5707963267948966,1.5707963267948966,-0.8890133333333332,0.8890133333333332,1.5708192862894776,1.5708345209294823,-0.37997075477674974,0.28025421432025927,-0.06199730518420506,-0.029168312157091668
yaw-,1789636418.443904,7.369926929473877,7.40067874399756,-0.0015679315951421767,-0.0012606109031972242,-0.03052125574178936,-0.0033364271223180566,-0.0008939606515796289,-0.06559307193208543,-9.538718609501888e-05,-0.0011880786364330295,-0.03569380080678039,-6.365068459290137e-08,-0.003185418580630846,-0.07024096762355031,-0.0008204416449754267,-0.001269451155824157,-0.030515517616755975,0.0,0.0,-0.2,1.5707963267948966,1.5707963267948966,-0.8890133333333332,0.8890133333333332,1.5708192329863282,1.5708345060833544,-0.3808580689905939,0.28084492684635876,-0.06421675119356574,-0.030585664014055033
yaw-,1789636418.4746773,7.400700330734253,7.429242597998382,-0.0016201732260803688,-0.001297215087092199,-0.03155147948790584,-0.003333905447096735,-0.0008828818428151326,-0.06554795748031148,-9.538718609501888e-05,-0.0011880786364330295,-0.03569380080678039,-6.365068459290137e-08,-0.003185418580630846,-0.07024096762355031,-0.0011479957518012373,-0.0015725912767858073,-0.036808782830461954,0.0,0.0,-0.2,1.5707963267948966,1.5707963267948966,-0.8890133333333332,0.8890133333333332,1.5708191135769711,1.5708344697035468,-0.382488728325687,0.28196279068774077,-0.06776435965866959,-0.031229612168151503
yaw-,1789636418.5032444,7.429267406463623,7.4547317439973995,-0.0016789177099076,-0.0013381915169577898,-0.03270945003179483,-0.0033299007274765254,-0.0008686292499415589,-0.06547543527482884,-9.538718609501888e-05,-0.0011880786364330295,-0.03569380080678039,-6.365068459290137e-08,-0.003185418580630846,-0.07024096762355031,-0.0011479957518012373,-0.0015725912767858073,-0.036808782830461954,0.0,0.0,-0.2,1.5707963267948966,1.5707963267948966,-0.8890133333333332,0.8890133333333332,1.570818978839192,1.5708344257862494,-0.383943714375032,0.28300447938840956,-0.06410832447782497,-0.03245223705889732
yaw-,1789636418.528733,7.454756021499634,7.485923207997985,-0.0016984892481888975,-0.001351797168940471,-0.03309513183459429,-0.0033283104582289475,-0.0008634853458922703,-0.06544653063921631,-9.538718609501888e-05,-0.0011880786364330295,-0.03569380080678039,-6.365068459290137e-08,-0.003185418580630846,-0.07024096762355031,-0.0011479957518012373,-0.0015725912767858073,-0.036808782830461954,0.0,0.0,-0.2,1.5707963267948966,1.5707963267948966,-0.8890133333333332,0.8890133333333332,1.570818978839192,1.5708344257862494,-0.383943714375032,0.28300447938840956,-0.06431258828438449,-0.03309513183459429
yaw-,1789636418.5599236,7.4859466552734375,7.512700540999504,-0.0016984892481888975,-0.001351797168940471,-0.03309513183459429,-0.0033283104582289475,-0.0008634853458922703,-0.06544653063921631,-9.538718609501888e-05,-0.0011880786364330295,-0.03569380080678039,-6.365068459290137e-08,-0.003185418580630846,-0.07024096762355031,-0.0011479957518012373,-0.0015725912767858073,-0.036808782830461954,0.0,0.0,-0.2,1.5707963267948966,1.5707963267948966,-0.8890133333333332,0.8890133333333332,1.570818978839192,1.5708344257862494,-0.383943714375032,0.28300447938840956,-0.06431258828438449,-0.03309513183459429
yaw-,1789636418.586703,7.512726068496704,7.5376535010000225,-0.0016984892481888975,-0.001351797168940471,-0.03309513183459429,-0.0033283104582289475,-0.0008634853458922703,-0.06544653063921631,-9.538718609501888e-05,-0.0011880786364330295,-0.03569380080678039,-6.365068459290137e-08,-0.003185418580630846,-0.07024096762355031,-0.0011479957518012373,-0.0015725912767858073,-0.036808782830461954,0.0,0.0,-0.2,1.5707963267948966,1.5707963267948966,-0.8890133333333332,0.8890133333333332,1.570818978839192,1.5708344257862494,-0.383943714375032,0.28300447938840956,-0.06431258828438449,-0.03309513183459429
yaw-,1789636418.611656,7.537678956985474,7.563164953000523,-0.0016984892481888975,-0.001351797168940471,-0.03309513183459429,-0.0033283104582289475,-0.0008634853458922703,-0.06544653063921631,-9.538718609501888e-05,-0.0011880786364330295,-0.03569380080678039,-6.365068459290137e-08,-0.003185418580630846,-0.07024096762355031,-0.0011479957518012373,-0.0015725912767858073,-0.036808782830461954,0.0,0.0,-0.2,1.5707963267948966,1.5707963267948966,-0.8890133333333332,0.8890133333333332,1.570818978839192,1.5708344257862494,-0.383943714375032,0.28300447938840956,-0.06431258828438449,-0.03309513183459429
yaw-,1789636418.6371698,7.563192844390869,7.594295863000298,-0.0016984892481888975,-0.001351797168940471,-0.03309513183459429,-0.0033283104582289475,-0.0008634853458922703,-0.06544653063921631,-9.538718609501888e-05,-0.0011880786364330295,-0.03569380080678039,-6.365068459290137e-08,-0.003185418580630846,-0.07024096762355031,-0.0011479957518012373,-0.0015725912767858073,-0.036808782830461954,0.0,0.0,-0.2,1.5707963267948966,1.5707963267948966,-0.8890133333333332,0.8890133333333332,1.570818978839192,1.5708344257862494,-0.383943714375032,0.28300447938840956,-0.06431258828438449,-0.03309513183459429
yaw-,1789636418.6682987,7.5943217277526855,7.622847383998305,-0.0016984892481888975,-0.001351797168940471,-0.03309513183459429,-0.0033283104582289475,-0.0008634853458922703,-0.06544653063921631,-9.538718609501888e-05,-0.0011880786364330295,-0.03569380080678039,-6.365068459290137e-08,-0.003185418580630846,-0.07024096762355031,-0.0011479957518012373,-0.0015725912767858073,-0.036808782830461954,0.0,0.0,-0.2,1.5707963267948966,1.5707963267948966,-0.8890133333333332,0.8890133333333332,1.570818978839192,1.5708344257862494,-0.383943714375032,0.28300447938840956,-0.06431258828438449,-0.03309513183459429
yaw-,1789636418.6968534,7.622876405715942,7.651600392000546,-0.0016984892481888975,-0.001351797168940471,-0.03309513183459429,-0.0033283104582289475,-0.0008634853458922703,-0.06544653063921631,-9.538718609501888e-05,-0.0011880786364330295,-0.03569380080678039,-6.365068459290137e-08,-0.003185418580630846,-0.07024096762355031,-0.0011479957518012373,-0.0015725912767858073,-0.036808782830461954,0.0,0.0,-0.2,1.5707963267948966,1.5707963267948966,-0.8890133333333332,0.8890133333333332,1.570818978839192,1.5708344257862494,-0.383943714375032,0.28300447938840956,-0.06431258828438449,-0.03309513183459429
yaw-,1789636418.7256036,7.6516265869140625,7.679319827999279,-0.0016984892481888975,-0.001351797168940471,-0.03309513183459429,-0.0033283104582289475,-0.0008634853458922703,-0.06544653063921631,-9.538718609501888e-05,-0.0011880786364330295,-0.03569380080678039,-6.365068459290137e-08,-0.003185418580630846,-0.07024096762355031,-0.0011479957518012373,-0.0015725912767858073,-0.036808782830461954,0.0,0.0,-0.2,1.5707963267948966,1.5707963267948966,-0.8890133333333332,0.8890133333333332,1.570818978839192,1.5708344257862494,-0.383943714375032,0.28300447938840956,-0.06431258828438449,-0.03309513183459429
yaw-,1789636418.753324,7.679347038269043,7.70324080499995,-0.0016984892481888975,-0.001351797168940471,-0.03309513183459429,-0.0033283104582289475,-0.0008634853458922703,-0.06544653063921631,-9.538718609501888e-05,-0.0011880786364330295,-0.03569380080678039,-6.365068459290137e-08,-0.003185418580630846,-0.07024096762355031,-0.0011479957518012373,-0.0015725912767858073,-0.036808782830461954,0.0,0.0,-0.2,1.5707963267948966,1.5707963267948966,-0.8890133333333332,0.8890133333333332,1.570818978839192,1.5708344257862494,-0.383943714375032,0.28300447938840956,-0.06431258828438449,-0.03309513183459429
yaw-,1789636418.7772436,7.703266620635986,7.726176100997691,-0.0016984892481888975,-0.001351797168940471,-0.03309513183459429,-0.0033283104582289475,-0.0008634853458922703,-0.06544653063921631,-9.538718609501888e-05,-0.0011880786364330295,-0.03569380080678039,-6.365068459290137e-08,-0.003185418580630846,-0.07024096762355031,-0.0011479957518012373,-0.0015725912767858073,-0.036808782830461954,0.0,0.0,-0.2,1.5707963267948966,1.5707963267948966,-0.8890133333333332,0.8890133333333332,1.570818978839192,1.5708344257862494,-0.383943714375032,0.28300447938840956,-0.06431258828438449,-0.03309513183459429
yaw-,1789636418.8001702,7.726193189620972,7.7534978769981535,-0.0016984892481888975,-0.001351797168940471,-0.03309513183459429,-0.0033283104582289475,-0.0008634853458922703,-0.06544653063921631,-9.538718609501888e-05,-0.0011880786364330295,-0.03569380080678039,-6.365068459290137e-08,-0.003185418580630846,-0.07024096762355031,-0.0011479957518012373,-0.0015725912767858073,-0.036808782830461954,0.0,0.0,-0.2,1.5707963267948966,1.5707963267948966,-0.8890133333333332,0.8890133333333332,1.570818978839192,1.5708344257862494,-0.383943714375032,0.28300447938840956,-0.06431258828438449,-0.03309513183459429
yaw-,1789636418.8274994,7.7535223960876465,7.781301677998272,-0.0017441307721993912,-0.0013834311685865727,-0.03399434434296074,-0.0033241363023314993,-0.0008507683619501639,-0.06537055628775175,-9.538718609501888e-05,-0.0011880786364330295,-0.03569380080678039,-6.365068459290137e-08,-0.003185418580630846,-0.07024096762355031,-0.0011479957518012373,-0.0015725912767858073,-0.036808782830461954,0.0,0.0,-0.2,1.5707963267948966,1.5707963267948966,-0.8890133333333332,0.8890133333333332,1.5708188315632734,1.5708343758417342,-0.3852408613973345,0.28397910059582226,-0.06425431379380861,-0.033737534561077226
yaw-,1789636418.8553023,7.781325340270996,7.811482455999794,-0.0017897296936481427,-0.0014148969584853663,-0.03489243053559801,-0.0033193521458734247,-0.0008371114135990953,-0.06528341610576721,-9.538718609501888e-05,-0.0011880786364330295,-0.03569380080678039,-6.365068459290137e-08,-0.003185418580630846,-0.07024096762355031,-0.0011479957518012373,-0.0015725912767858073,-0.036808782830461954,0.0,0.0,-0.2,1.5707963267948966,1.5707963267948966,-0.8890133333333332,0.8890133333333332,1.570818753547023,1.570834349039746,-0.3858353447844932,0.28444377680173016,-0.0670439307068134,-0.03437938534326602
yaw-,1789636418.8854873,7.811510324478149,7.851058757998544,-0.0018612796670944877,-0.0014639740817940176,-0.03630107791312958,-0.0033107085304945223,-0.0008139258647008292,-0.06512605532271323,-9.538718609501888e-05,-0.0011880786364330295,-0.03569380080678039,-6.365068459290137e-08,-0.003185418580630846,-0.07024096762355031,-0.0011479957518012373,-0.0015725912767858073,-0.036808782830461954,0.0,0.0,-0.2,1.5707963267948966,1.5707963267948966,-0.8890133333333332,0.8890133333333332,1.5708185899774154,1.5708342925625285,-0.3869254427275645,0.28533230194180903,-0.06327271157543973,-0.03630107791312958
yaw-,1789636418.9250576,7.851080656051636,7.87907484599782,-0.001890507280002847,-0.0014839125759495125,-0.03687631283813649,-0.0033068069954455656,-0.0008038861141231612,-0.06505510475508045,-0.00010694985640645048,-0.001511680970716416,-0.04283975269013384,-7.16064964494335e-08,-0.003238088418297322,-0.07145951883353459,-0.0014562566012593248,-0.0019024618696056894,-0.04401103761935904,0.0,0.0,-0.2,1.5707963267948966,1.5707963267948966,-0.8890133333333332,0.8890133333333332,1.5708185049796333,1.570834263178087,-0.38742457416355014,0.28575774795372827,-0.06327271157543973,-0.03630107791312958
yaw-,1789636418.9531677,7.879190683364868,7.915693625996937,-0.0019423982596066917,-0.001519148677096396,-0.03789733523418916,-0.0032993904385961487,-0.0007853178915910404,-0.06492039201270389,-0.00010694985640645048,-0.001511680970716416,-0.04283975269013384,-7.16064964494335e-08,-0.003238088418297322,-0.07145951883353459,-0.0014782630219378153,-0.001969223528816998,-0.04472110855216902,0.0,0.0,-0.2,1.5707963267948966,1.5707963267948966,-0.8890133333333332,0.8890133333333332,1.5708183289562632,1.5708342027879851,-0.3883389535167977,0.28657459507906313,-0.06307525809492588,-0.03827965656579524
yaw-,1789636418.9896927,7.91571569442749,7.953459682998073,-0.0020297406855263496,-0.0015779670935969024,-0.03961521097701377,-0.0032856039810330025,-0.0007521260160482201,-0.06467062074602416,-0.00010694985640645048,-0.001511680970716416,-0.04283975269013384,-7.16064964494335e-08,-0.003238088418297322,-0.07145951883353459,-0.0014782630219378153,-0.001969223528816998,-0.04472110855216902,0.0,0.0,-0.2,1.5707963267948966,1.5707963267948966,-0.8890133333333332,0.8890133333333332,1.570818146422928,1.570834141052865,-0.38915127681646283,0.28735026802706487,-0.06331396009144684,-0.03961521097701377
yaw-,1789636419.0274615,7.953484535217285,7.983114565999131,-0.0020297406855263496,-0.0015779670935969024,-0.03961521097701377,-0.0032856039810330025,-0.0007521260160482201,-0.06467062074602416,-0.00010694985640645048,-0.001511680970716416,-0.04283975269013384,-7.16064964494335e-08,-0.003238088418297322,-0.07145951883353459,-0.0014782630219378153,-0.001969223528816998,-0.04472110855216902,0.0,0.0,-0.2,1.5707963267948966,1.5707963267948966,-0.8890133333333332,0.8890133333333332,1.570818146422928,1.570834141052865,-0.38915127681646283,0.28735026802706487,-0.06331396009144684,-0.03961521097701377
yaw-,1789636419.0571165,7.983139514923096,8.015733828997327,-0.0020297406855263496,-0.0015779670935969024,-0.03961521097701377,-0.0032856039810330025,-0.0007521260160482201,-0.06467062074602416,-0.00010694985640645048,-0.001511680970716416,-0.04283975269013384,-7.16064964494335e-08,-0.003238088418297322,-0.07145951883353459,-0.0014782630219378153,-0.001969223528816998,-0.04472110855216902,0.0,0.0,-0.2,1.5707963267948966,1.5707963267948966,-0.8890133333333332,0.8890133333333332,1.570818146422928,1.570834141052865,-0.38915127681646283,0.28735026802706487,-0.06331396009144684,-0.03961521097701377
