case,sim_time,elapsed_sim_time,elapsed_wall_time,gt_x,gt_y,gt_yaw,gt_vx_world,gt_vy_world,gt_wz,odom_x,odom_y,odom_yaw,odom_vx,odom_vy,odom_wz,local_x,local_y,local_yaw,cmd_x,cmd_y,cmd_yaw,steer_cmd_front,steer_cmd_rear,drive_cmd_front,drive_cmd_rear,steer_pos_front,steer_pos_rear,wheel_vel_front,wheel_vel_rear,imu_wz,imu_yaw
X+,1789636129.7400622,1.3828277587890625e-05,0.029012680002779234,1.8350764204241865e-06,-3.0930434196524415e-08,6.76633771715459e-05,-0.0002203340582166621,7.710752442890803e-05,-0.00021910042811160388,-0.00019914274968395651,4.971631240207927e-11,-2.980450905824367e-09,-0.00022162829548639834,5.548212868228921e-11,-3.272646957531513e-09,-4.832772768248789e-05,-2.6596818901377666e-08,-0.0001283496583721177,0.2,0.0,0.0,0.0,0.0,0.0,0.0,4.237847891275237e-06,-4.5943811901594245e-06,-0.0034222471749923017,-0.0035360616672685612,0.0007853724878695487,6.76611628238744e-05
X+,1789636129.7690895,0.029041051864624023,0.06800396600010572,1.8361487816170863e-06,-3.1281820451686815e-08,6.766812117967163e-05,-0.00022031819986608622,7.708865789868023e-05,-0.00021905473780346697,-0.00019914274968395651,4.971631240207927e-11,-2.980450905824367e-09,-0.00022162829548639834,5.548212868228921e-11,-3.272646957531513e-09,-4.832772768248789e-05,-2.6596818901377666e-08,-0.0001283496583721177,0.2,0.0,0.0,0.0,0.0,0.0,0.0,4.2363861503247335e-06,-4.5929703054170545e-06,-0.0034222250027850344,-0.0035360631928449794,0.004395096878788641,6.766780503847187e-05
X+,1789636129.808082,0.06803369522094727,0.10668838800120284,2.4103039195619985e-05,-1.5035693115214577e-07,6.818235042339553e-05,0.003290239585916723,6.986828444520559e-05,-0.0002953654259163017,-0.00022130489758682149,5.5334351336971134e-11,-3.3067498773525847e-09,-0.00022162147902864994,5.5519857410997555e-11,-3.262989715282174e-09,-5.111556562469792e-05,-3.5726613289881083e-08,0.000181059351227031,0.2,0.0,0.0,0.0,0.0,1.001,1.001,7.051310794814469e-06,1.6618440237259335e-05,0.044525113739386724,0.05712413281254431,0.0004570401323728416,6.816942747539313e-05
X+,1789636129.8467643,0.10671591758728027,0.13325938300113194,2.4103039195619985e-05,-1.5035693115214577e-07,6.818235042339553e-05,0.003290239585916723,6.986828444520559e-05,-0.0002953654259163017,-0.00022130489758682149,5.5334351336971134e-11,-3.3067498773525847e-09,-0.00022162147902864994,5.5519857410997555e-11,-3.262989715282174e-09,-5.111556562469792e-05,-3.5726613289881083e-08,0.000181059351227031,0.2,0.0,0.0,0.0,0.0,1.001,1.001,7.051310794814469e-06,1.6618440237259335e-05,0.044525113739386724,0.05712413281254431,0.0004570401323728416,6.816942747539313e-05
X+,1789636129.8733354,0.1332869529724121,0.16118918500069412,2.4103039195619985e-05,-1.5035693115214577e-07,6.818235042339553e-05,0.003290239585916723,6.986828444520559e-05,-0.0002953654259163017,-0.00022130489758682149,5.5334351336971134e-11,-3.3067498773525847e-09,-0.00022162147902864994,5.5519857410997555e-11,-3.262989715282174e-09,-5.111556562469792e-05,-3.5726613289881083e-08,0.000181059351227031,0.2,0.0,0.0,0.0,0.0,1.001,1.001,7.051310794814469e-06,1.6618440237259335e-05,0.044525113739386724,0.05712413281254431,0.0004570401323728416,6.816942747539313e-05
X+,1789636129.901265,0.16121649742126465,0.19106676999945194,2.4103039195619985e-05,-1.5035693115214577e-07,6.818235042339553e-05,0.003290239585916723,6.986828444520559e-05,-0.0002953654259163017,-0.00022130489758682149,5.5334351336971134e-11,-3.3067498773525847e-09,-0.00022162147902864994,5.5519857410997555e-11,-3.262989715282174e-09,-5.111556562469792e-05,-3.5726613289881083e-08,0.000181059351227031,0.2,0.0,0.0,0.0,0.0,1.001,1.001,7.051310794814469e-06,1.6618440237259335e-05,0.044525113739386724,0.05712413281254431,0.0004570401323728416,6.816942747539313e-05
X+,1789636129.9311469,0.19109845161437988,0.21784373800255707,2.4103039195619985e-05,-1.5035693115214577e-07,6.818235042339553e-05,0.003290239585916723,6.986828444520559e-05,-0.0002953654259163017,-0.00022130489758682149,5.5334351336971134e-11,-3.3067498773525847e-09,-0.00022162147902864994,5.5519857410997555e-11,-3.262989715282174e-09,-5.111556562469792e-05,-3.5726613289881083e-08,0.000181059351227031,0.2,0.0,0.0,0.0,0.0,1.001,1.001,7.051310794814469e-06,1.6618440237259335e-05,0.044525113739386724,0.05712413281254431,0.0004570401323728416,6.816942747539313e-05
X+,1789636129.9579177,0.21786928176879883,0.2470355160003237,2.4103039195619985e-05,-1.5035693115214577e-07,6.818235042339553e-05,0.003290239585916723,6.986828444520559e-05,-0.0002953654259163017,-0.00022130489758682149,5.5334351336971134e-11,-3.3067498773525847e-09,-0.00022162147902864994,5.5519857410997555e-11,-3.262989715282174e-09,-5.111556562469792e-05,-3.5726613289881083e-08,0.000181059351227031,0.2,0.0,0.0,0.0,0.0,1.001,1.001,7.051310794814469e-06,1.6618440237259335e-05,0.044525113739386724,0.05712413281254431,0.0004570401323728416,6.816942747539313e-05
X+,1789636129.9871109,0.24706244468688965,0.2794376740021107,2.4103039195619985e-05,-1.5035693115214577e-07,6.818235042339553e-05,0.003290239585916723,6.986828444520559e-05,-0.0002953654259163017,-0.00022130489758682149,5.5334351336971134e-11,-3.3067498773525847e-09,-0.00022162147902864994,5.5519857410997555e-11,-3.262989715282174e-09,-5.111556562469792e-05,-3.5726613289881083e-08,0.000181059351227031,0.2,0.0,0.0,0.0,0.0,1.001,1.001,7.051310794814469e-06,1.6618440237259335e-05,0.044525113739386724,0.05712413281254431,0.0004570401323728416,6.816942747539313e-05
X+,1789636130.0195072,0.27945876121520996,0.3059622250002576,2.4103039195619985e-05,-1.5035693115214577e-07,6.818235042339553e-05,0.003290239585916723,6.986828444520559e-05,-0.0002953654259163017,-0.00022130489758682149,5.5334351336971134e-11,-3.3067498773525847e-09,-0.00022162147902864994,5.5519857410997555e-11,-3.262989715282174e-09,-5.111556562469792e-05,-3.5726613289881083e-08,0.000181059351227031,0.2,0.0,0.0,0.0,0.0,1.001,1.001,7.051310794814469e-06,1.6618440237259335e-05,0.044525113739386724,0.05712413281254431,0.0004570401323728416,6.816942747539313e-05
X+,1789636130.046037,0.3059885501861572,0.3351917960026185,2.4103039195619985e-05,-1.5035693115214577e-07,6.818235042339553e-05,0.003290239585916723,6.986828444520559e-05,-0.0002953654259163017,-0.00022130489758682149,5.5334351336971134e-11,-3.3067498773525847e-09,-0.00022162147902864994,5.5519857410997555e-11,-3.262989715282174e-09,-5.111556562469792e-05,-3.5726613289881083e-08,0.000181059351227031,0.2,0.0,0.0,0.0,0.0,1.001,1.001,7.051310794814469e-06,1.6618440237259335e-05,0.044525113739386724,0.05712413281254431,0.0004570401323728416,6.816942747539313e-05
X+,1789636130.0752666,0.3352181911468506,0.3675277100010135,2.4103039195619985e-05,-1.5035693115214577e-07,6.818235042339553e-05,0.003290239585916723,6.986828444520559e-05,-0.0002953654259163017,-0.00022130489758682149,5.5334351336971134e-11,-3.3067498773525847e-09,-0.00022162147902864994,5.5519857410997555e-11,-3.262989715282174e-09,-5.111556562469792e-05,-3.5726613289881083e-08,0.000181059351227031,0.2,0.0,0.0,0.0,0.0,1.001,1.001,7.051310794814469e-06,1.6618440237259335e-05,0.044525113739386724,0.05712413281254431,0.0004570401323728416,6.816942747539313e-05
X+,1789636130.1076021,0.3675537109375,0.3961971179996908,2.4103039195619985e-05,-1.5035693115214577e-07,6.818235042339553e-05,0.003290239585916723,6.986828444520559e-05,-0.0002953654259163017,-0.00022130489758682149,5.5334351336971134e-11,-3.3067498773525847e-09,-0.00022162147902864994,5.5519857410997555e-11,-3.262989715282174e-09,-5.111556562469792e-05,-3.5726613289881083e-08,0.000181059351227031,0.2,0.0,0.0,0.0,0.0,1.001,1.001,7.051310794814469e-06,1.6618440237259335e-05,0.044525113739386724,0.05712413281254431,0.0004570401323728416,6.816942747539313e-05
X+,1789636130.1362736,0.3962252140045166,0.4241320130022359,2.4103039195619985e-05,-1.5035693115214577e-07,6.818235042339553e-05,0.003290239585916723,6.986828444520559e-05,-0.0002953654259163017,-0.00022130489758682149,5.5334351336971134e-11,-3.3067498773525847e-09,-0.00022162147902864994,5.5519857410997555e-11,-3.262989715282174e-09,-5.111556562469792e-05,-3.5726613289881083e-08,0.000181059351227031,0.2,0.0,0.0,0.0,0.0,1.001,1.001,7.051310794814469e-06,1.6618440237259335e-05,0.044525113739386724,0.05712413281254431,0.0004570401323728416,6.816942747539313e-05
X+,1789636130.1642103,0.4241619110107422,0.4556171110016294,2.4103039195619985e-05,-1.5035693115214577e-07,6.818235042339553e-05,0.003290239585916723,6.986828444520559e-05,-0.0002953654259163017,-0.00022130489758682149,5.5334351336971134e-11,-3.3067498773525847e-09,-0.00022162147902864994,5.5519857410997555e-11,-3.262989715282174e-09,-5.111556562469792e-05,-3.5726613289881083e-08,0.000181059351227031,0.2,0.0,0.0,0.0,0.0,1.001,1.001,7.051310794814469e-06,1.6618440237259335e-05,0.044525113739386724,0.05712413281254431,0.0004570401323728416,6.816942747539313e-05
X+,1789636130.1956937,0.4556453227996826,0.47973573300259886,2.4103039195619985e-05,-1.5035693115214577e-07,6.818235042339553e-05,0.003290239585916723,6.986828444520559e-05,-0.0002953654259163017,-0.00022130489758682149,5.5334351336971134e-11,-3.3067498773525847e-09,-0.00022162147902864994,5.5519857410997555e-11,-3.262989715282174e-09,-5.111556562469792e-05,-3.5726613289881083e-08,0.000181059351227031,0.2,0.0,0.0,0.0,0.0,1.001,1.001,7.051310794814469e-06,1.6618440237259335e-05,0.044525113739386724,0.05712413281254431,0.0004570401323728416,6.816942747539313e-05
X+,1789636130.2198117,0.4797632694244385,0.5165186160011217,2.7813092163014863e-05,-1.5924228499285958e-07,6.818675451180055e-05,0.0035709825603223587,7.206538207467277e-05,-0.0002966865027619978,-0.00022130489758682149,5.5334351336971134e-11,-3.3067498773525847e-09,-0.00022162147902864994,5.5519857410997555e-11,-3.262989715282174e-09,-5.111556562469792e-05,-3.5726613289881083e-08,0.000181059351227031,0.2,0.0,0.0,0.0,0.0,1.001,1.001,7.051310794814469e-06,1.6618440237259335e-05,0.044525113739386724,0.05712413281254431,0.0004570401323728416,6.816942747539313e-05
X+,1789636130.256595,0.5165464878082275,0.5430760970011761,0.00014073997866954555,-3.9263592968054317e-07,6.796141890346714e-05,0.008342915828618276,0.00011077815777481748,-0.00025412380597625316,-0.00022130489758682149,5.5334351336971134e-11,-3.3067498773525847e-09,-0.00022162147902864994,5.5519857410997555e-11,-3.262989715282174e-09,-5.111556562469792e-05,-3.5726613289881083e-08,0.000181059351227031,0.2,0.0,0.0,0.0,0.0,1.001,1.001,5.397493341163795e-06,1.314957165554631e-05,0.1241989900950758,0.13256392774968911,-0.00017559775146447058,6.796974397266039e-05
X+,1789636130.2831488,0.5431003570556641,0.5727441740018548,0.0003219355588435259,-3.923056006455844e-07,6.797709637119031e-05,0.012380722124460798,0.00011354917106145968,-0.0002488918206822668,-0.00022130489758682149,5.5334351336971134e-11,-3.3067498773525847e-09,-0.00022162147902864994,5.5519857410997555e-11,-3.262989715282174e-09,-5.111556562469792e-05,-3.5726613289881083e-08,0.000181059351227031,0.2,0.0,0.0,0.0,0.0,1.001,1.001,5.011632099538588e-06,1.230446159450338e-05,0.16057572599550482,0.1682985296551401,0.0006192086325671894,6.796297936166187e-05
X+,1789636130.3128164,0.572767972946167,0.5978911780002818,0.0005680146402738569,-3.8558424637295113e-07,6.800396266938787e-05,0.01600255426466479,0.00011237750633353925,-0.0002484326225943713,-0.00022130489758682149,5.5334351336971134e-11,-3.3067498773525847e-09,-0.00022162147902864994,5.5519857410997555e-11,-3.262989715282174e-09,-5.111556562469792e-05,-3.5726613289881083e-08,0.000181059351227031,0.2,0.0,0.0,0.0,0.0,1.001,1.001,4.418116445137343e-06,1.096184244619991e-05,0.22708295420111083,0.23393337878504047,-0.0014617843816289507,6.799800837166126e-05
X+,1789636130.3379667,0.5979182720184326,0.6276021930025308,0.0008722704834313519,-3.8201162027087787e-07,6.80279424263854e-05,0.019248291487946267,0.00011194192882998563,-0.00024787298847460485,-0.00022130489758682149,5.5334351336971134e-11,-3.3067498773525847e-09,-0.00022162147902864994,5.5519857410997555e-11,-3.262989715282174e-09,-5.111556562469792e-05,-3.5726613289881083e-08,0.000181059351227031,0.2,0.0,0.0,0.0,0.0,1.001,1.001,3.937879519355647e-06,9.819123459209322e-06,0.28604284684190046,0.29214980086410614,1.6163288627274995e-05,6.80154773507883e-05
X+,1789636130.3676758,0.6276273727416992,0.6544484650003142,0.0011622147914610616,-3.7941936788070396e-07,6.804640915779122e-05,0.021664856767480235,0.00011173498628806439,-0.00024792954273873474,0.0016202386853049308,1.2773502109507378e-08,-2.1801076783374867e-08,0.018415435828917102,1.272425728218727e-07,-1.8494326906022284e-07,-4.818792486271627e-05,-3.9064244755309804e-08,0.00019850199475968122,0.2,0.0,0.0,0.0,0.0,2.002,2.002,3.745427719969996e-06,9.300758137875675e-06,0.3129641055557135,0.3187171133154258,-0.002260980163488242,6.804255989225472e-05
X+,1789636130.3945236,0.654475212097168,0.6845885050024663,0.0016520679323353167,-4.0658991699599883e-07,6.776646017126374e-05,0.030220333271562403,0.00012000278737445296,-0.0002840675162665027,0.0016202386853049308,1.2773502109507378e-08,-2.1801076783374867e-08,0.018415435828917102,1.272425728218727e-07,-1.8494326906022284e-07,-4.818792486271627e-05,-3.9064244755309804e-08,0.00019850199475968122,0.2,0.0,0.0,0.0,0.0,2.002,2.002,1.2572265408294925e-05,2.7645755888983103e-05,0.4240033289833069,0.44272799022764076,-0.000492335217061543,6.776897135078186e-05
X+,1789636130.4246647,0.6846163272857666,0.7163177630027349,0.0016520679323353167,-4.0658991699599883e-07,6.776646017126374e-05,0.030220333271562403,0.00012000278737445296,-0.0002840675162665027,0.0016202386853049308,1.2773502109507378e-08,-2.1801076783374867e-08,0.018415435828917102,1.272425728218727e-07,-1.8494326906022284e-07,-4.818792486271627e-05,-3.9064244755309804e-08,0.00019850199475968122,0.2,0.0,0.0,0.0,0.0,2.002,2.002,1.2572265408294925e-05,2.7645755888983103e-05,0.4240033289833069,0.44272799022764076,-0.000492335217061543,6.776897135078186e-05
X+,1789636130.456578,0.7165296077728271,0.7415972330018121,0.0016520679323353167,-4.0658991699599883e-07,6.776646017126374e-05,0.030220333271562403,0.00012000278737445296,-0.0002840675162665027,0.0016202386853049308,1.2773502109507378e-08,-2.1801076783374867e-08,0.018415435828917102,1.272425728218727e-07,-1.8494326906022284e-07,-4.818792486271627e-05,-3.9064244755309804e-08,0.00019850199475968122,0.2,0.0,0.0,0.0,0.0,2.002,2.002,1.2572265408294925e-05,2.7645755888983103e-05,0.4240033289833069,0.44272799022764076,-0.000492335217061543,6.776897135078186e-05
X+,1789636130.481672,0.7416236400604248,0.7657437500020023,0.0016520679323353167,-4.0658991699599883e-07,6.776646017126374e-05,0.030220333271562403,0.00012000278737445296,-0.0002840675162665027,0.0016202386853049308,1.2773502109507378e-08,-2.1801076783374867e-08,0.018415435828917102,1.272425728218727e-07,-1.8494326906022284e-07,-4.818792486271627e-05,-3.9064244755309804e-08,0.00019850199475968122,0.2,0.0,0.0,0.0,0.0,2.002,2.002,1.2572265408294925e-05,2.7645755888983103e-05,0.4240033289833069,0.44272799022764076,-0.000492335217061543,6.776897135078186e-05
X+,1789636130.5058184,0.7657699584960938,0.7905666530023154,0.0016520679323353167,-4.0658991699599883e-07,6.776646017126374e-05,0.030220333271562403,0.00012000278737445296,-0.0002840675162665027,0.0016202386853049308,1.2773502109507378e-08,-2.1801076783374867e-08,0.018415435828917102,1.272425728218727e-07,-1.8494326906022284e-07,-4.818792486271627e-05,-3.9064244755309804e-08,0.00019850199475968122,0.2,0.0,0.0,0.0,0.0,2.002,2.002,1.2572265408294925e-05,2.7645755888983103e-05,0.4240033289833069,0.44272799022764076,-0.000492335217061543,6.776897135078186e-05
X+,1789636130.530645,0.7905964851379395,0.8176269340001454,0.0016520679323353167,-4.0658991699599883e-07,6.776646017126374e-05,0.030220333271562403,0.00012000278737445296,-0.0002840675162665027,0.0016202386853049308,1.2773502109507378e-08,-2.1801076783374867e-08,0.018415435828917102,1.272425728218727e-07,-1.8494326906022284e-07,-4.818792486271627e-05,-3.9064244755309804e-08,0.00019850199475968122,0.2,0.0,0.0,0.0,0.0,2.002,2.002,1.2572265408294925e-05,2.7645755888983103e-05,0.4240033289833069,0.44272799022764076,-0.000492335217061543,6.776897135078186e-05
X+,1789636130.5577035,0.817655086517334,0.8450760670020827,0.0016520679323353167,-4.0658991699599883e-07,6.776646017126374e-05,0.030220333271562403,0.00012000278737445296,-0.0002840675162665027,0.0016202386853049308,1.2773502109507378e-08,-2.1801076783374867e-08,0.018415435828917102,1.272425728218727e-07,-1.8494326906022284e-07,-4.818792486271627e-05,-3.9064244755309804e-08,0.00019850199475968122,0.2,0.0,0.0,0.0,0.0,2.002,2.002,1.2572265408294925e-05,2.7645755888983103e-05,0.4240033289833069,0.44272799022764076,-0.000492335217061543,6.776897135078186e-05
X+,1789636130.5851524,0.8451039791107178,0.8730661549998331,0.0016520679323353167,-4.0658991699599883e-07,6.776646017126374e-05,0.030220333271562403,0.00012000278737445296,-0.0002840675162665027,0.0016202386853049308,1.2773502109507378e-08,-2.1801076783374867e-08,0.018415435828917102,1.272425728218727e-07,-1.8494326906022284e-07,-4.818792486271627e-05,-3.9064244755309804e-08,0.00019850199475968122,0.2,0.0,0.0,0.0,0.0,2.002,2.002,1.2572265408294925e-05,2.7645755888983103e-05,0.4240033289833069,0.44272799022764076,-0.000492335217061543,6.776897135078186e-05
X+,1789636130.6131482,0.8730998039245605,0.8985651790026168,0.0016520679323353167,-4.0658991699599883e-07,6.776646017126374e-05,0.030220333271562403,0.00012000278737445296,-0.0002840675162665027,0.0016202386853049308,1.2773502109507378e-08,-2.1801076783374867e-08,0.018415435828917102,1.272425728218727e-07,-1.8494326906022284e-07,-4.818792486271627e-05,-3.9064244755309804e-08,0.00019850199475968122,0.2,0.0,0.0,0.0,0.0,2.002,2.002,1.2572265408294925e-05,2.7645755888983103e-05,0.4240033289833069,0.44272799022764076,-0.000492335217061543,6.776897135078186e-05
X+,1789636130.6386395,0.8985910415649414,0.9239619690015388,0.0016520679323353167,-4.0658991699599883e-07,6.776646017126374e-05,0.030220333271562403,0.00012000278737445296,-0.0002840675162665027,0.0016202386853049308,1.2773502109507378e-08,-2.1801076783374867e-08,0.018415435828917102,1.272425728218727e-07,-1.8494326906022284e-07,-4.818792486271627e-05,-3.9064244755309804e-08,0.00019850199475968122,0.2,0.0,0.0,0.0,0.0,2.002,2.002,1.2572265408294925e-05,2.7645755888983103e-05,0.4240033289833069,0.44272799022764076,-0.000492335217061543,6.776897135078186e-05
X+,1789636130.664037,0.9239885807037354,0.9481418430004851,0.0016520679323353167,-4.0658991699599883e-07,6.776646017126374e-05,0.030220333271562403,0.00012000278737445296,-0.0002840675162665027,0.0016202386853049308,1.2773502109507378e-08,-2.1801076783374867e-08,0.018415435828917102,1.272425728218727e-07,-1.8494326906022284e-07,-4.818792486271627e-05,-3.9064244755309804e-08,0.00019850199475968122,0.2,0.0,0.0,0.0,0.0,2.002,2.002,1.2572265408294925e-05,2.7645755888983103e-05,0.4240033289833069,0.44272799022764076,-0.000492335217061543,6.776897135078186e-05
X+,1789636130.6882095,0.9481611251831055,0.9780180360030499,0.0016520679323353167,-4.0658991699599883e-07,6.776646017126374e-05,0.030220333271562403,0.00012000278737445296,-0.0002840675162665027,0.0016202386853049308,1.2773502109507378e-08,-2.1801076783374867e-08,0.018415435828917102,1.272425728218727e-07,-1.8494326906022284e-07,-4.818792486271627e-05,-3.9064244755309804e-08,0.00019850199475968122,0.2,0.0,0.0,0.0,0.0,2.002,2.002,1.2572265408294925e-05,2.7645755888983103e-05,0.4240033289833069,0.44272799022764076,-0.000492335217061543,6.776897135078186e-05
X+,1789636130.7180936,0.9780452251434326,1.0060849850015074,0.0016520679323353167,-4.0658991699599883e-07,6.776646017126374e-05,0.030220333271562403,0.00012000278737445296,-0.0002840675162665027,0.0016202386853049308,1.2773502109507378e-08,-2.1801076783374867e-08,0.018415435828917102,1.272425728218727e-07,-1.8494326906022284e-07,-4.818792486271627e-05,-3.9064244755309804e-08,0.00019850199475968122,0.2,0.0,0.0,0.0,0.0,2.002,2.002,1.2572265408294925e-05,2.7645755888983103e-05,0.4240033289833069,0.44272799022764076,-0.000492335217061543,6.776897135078186e-05
X+,1789636130.7461631,1.0061147212982178,1.038322899999912,0.0016520679323353167,-4.0658991699599883e-07,6.776646017126374e-05,0.030220333271562403,0.00012000278737445296,-0.0002840675162665027,0.0016202386853049308,1.2773502109507378e-08,-2.1801076783374867e-08,0.018415435828917102,1.272425728218727e-07,-1.8494326906022284e-07,-4.818792486271627e-05,-3.9064244755309804e-08,0.00019850199475968122,0.2,0.0,0.0,0.0,0.0,2.002,2.002,1.2572265408294925e-05,2.7645755888983103e-05,0.4240033289833069,0.44272799022764076,-0.000492335217061543,6.776897135078186e-05
X+,1789636130.778399,1.0383505821228027,1.0786759030015673,0.002241992398021697,-4.1896711537852543e-07,6.780740516431912e-05,0.038312817986863874,0.00011637748693761717,-0.0002700103309315874,0.0016202386853049308,1.2773502109507378e-08,-2.1801076783374867e-08,0.018415435828917102,1.272425728218727e-07,-1.8494326906022284e-07,-4.818792486271627e-05,-3.9064244755309804e-08,0.00019850199475968122,0.2,0.0,0.0,0.0,0.0,2.002,2.002,1.0115730614934648e-05,2.2534911039429062e-05,0.570290080580731,0.5832567122661853,-0.0005905567895468052,6.781429138054647e-05
X+,1789636130.8188703,1.0788218975067139,1.119512195000425,0.0033418677048231288,-4.479782069015392e-07,6.789480245634288e-05,0.04871764997890394,0.00011030082834636555,-0.00025453929805784904,0.0016202386853049308,1.2773502109507378e-08,-2.1801076783374867e-08,0.018415435828917102,1.272425728218727e-07,-1.8494326906022284e-07,-4.818792486271627e-05,-3.9064244755309804e-08,0.00019850199475968122,0.2,0.0,0.0,0.0,0.0,2.002,2.002,8.95256215471818e-06,1.9831519550095322e-05,0.6999898494867145,0.7109453340876891,-0.00016447204584316936,6.78812020379425e-05
X+,1789636130.8596146,1.1195662021636963,1.156226926999807,0.004228876272085298,-4.6795336012313976e-07,6.794671616907179e-05,0.05488348064335364,0.00010883396403687991,-0.00025188249867706696,0.0016202386853049308,1.2773502109507378e-08,-2.1801076783374867e-08,0.018415435828917102,1.272425728218727e-07,-1.8494326906022284e-07,-4.818792486271627e-05,-3.9064244755309804e-08,0.00019850199475968122,0.2,0.0,0.0,0.0,0.0,2.002,2.002,8.035310318454947e-06,1.7611372863157726e-05,0.8149864984402115,0.8243403490800271,0.0011179544456008021,6.794394336718568e-05
X+,1789636130.8963022,1.1562538146972656,1.1836345250012528,0.004915202680484548,-4.805700884145947e-07,6.797843454283819e-05,0.058838161725343195,0.00010854962876132134,-0.0002522594239763676,0.0016202386853049308,1.2773502109507378e-08,-2.1801076783374867e-08,0.018415435828917102,1.272425728218727e-07,-1.8494326906022284e-07,-4.818792486271627e-05,-3.9064244755309804e-08,0.00019850199475968122,0.2,0.0,0.0,0.0,0.0,2.002,2.002,7.632895193232514e-06,1.660842528217188e-05,0.8674988412539452,0.8760933699153016,-0.0019753972146843574,6.797088890449423e-05
X+,1789636130.9237096,1.1836612224578857,1.2151104559998203,0.006032665888544127,-5.146683455543172e-07,6.784268491891557e-05,0.06570720527059966,0.00010943653589282512,-0.000328122350416047,0.007486199798546218,8.000830846413246e-08,-1.0490248923957205e-07,0.058659611132398204,6.736269062326312e-07,-8.310141245619718e-07,0.002402898130105101,-2.1056890084642056e-07,2.8281058057633146e-05,0.2,0.0,0.0,0.0,0.0,2.962962962962963,2.962962962962963,6.926669509965677e-06,1.4784267359679859e-05,0.9635090931986545,0.9706376764524229,0.0008109241955792058,6.784268491891557e-05
X+,1789636130.9551942,1.2151458263397217,1.2493427340014023,0.006725713631622596,-5.463564664966516e-07,6.773178970457068e-05,0.07196366955050801,0.00010776270730437765,-0.00028407741551452316,0.007486199798546218,8.000830846413246e-08,-1.0490248923957205e-07,0.058659611132398204,6.736269062326312e-07,-8.310141245619718e-07,0.002402898130105101,-2.1056890084642056e-07,2.8281058057633146e-05,0.2,0.0,0.0,0.0,0.0,2.962962962962963,2.962962962962963,1.5543245507565473e-05,3.253274537229345e-05,1.0667513929377352,1.0864987306739236,-0.0018916505255930798,6.773178970457068e-05
X+,1789636130.9894214,1.249372959136963,1.2748455020009715,0.006725713631622596,-5.463564664966516e-07,6.773178970457068e-05,0.07196366955050801,0.00010776270730437765,-0.00028407741551452316,0.007486199798546218,8.000830846413246e-08,-1.0490248923957205e-07,0.058659611132398204,6.736269062326312e-07,-8.310141245619718e-07,0.002402898130105101,-2.1056890084642056e-07,2.8281058057633146e-05,0.2,0.0,0.0,0.0,0.0,2.962962962962963,2.962962962962963,1.5543245507565473e-05,3.253274537229345e-05,1.0667513929377352,1.0864987306739236,-0.0018916505255930798,6.773178970457068e-05
X+,1789636131.014923,1.2748746871948242,1.3030510589996993,0.006725713631622596,-5.463564664966516e-07,6.773178970457068e-05,0.07196366955050801,0.00010776270730437765,-0.00028407741551452316,0.007486199798546218,8.000830846413246e-08,-1.0490248923957205e-07,0.058659611132398204,6.736269062326312e-07,-8.310141245619718e-07,0.002402898130105101,-2.1056890084642056e-07,2.8281058057633146e-05,0.2,0.0,0.0,0.0,0.0,2.962962962962963,2.962962962962963,1.5543245507565473e-05,3.253274537229345e-05,1.0667513929377352,1.0864987306739236,-0.0018916505255930798,6.773178970457068e-05
X+,1789636131.0431259,1.3030774593353271,1.3303122700017411,0.006725713631622596,-5.463564664966516e-07,6.773178970457068e-05,0.07196366955050801,0.00010776270730437765,-0.00028407741551452316,0.007486199798546218,8.000830846413246e-08,-1.0490248923957205e-07,0.058659611132398204,6.736269062326312e-07,-8.310141245619718e-07,0.002402898130105101,-2.1056890084642056e-07,2.8281058057633146e-05,0.2,0.0,0.0,0.0,0.0,2.962962962962963,2.962962962962963,1.5543245507565473e-05,3.253274537229345e-05,1.0667513929377352,1.0864987306739236,-0.0018916505255930798,6.773178970457068e-05
X+,1789636131.0703878,1.3303394317626953,1.3631336409998767,0.006725713631622596,-5.463564664966516e-07,6.773178970457068e-05,0.07196366955050801,0.00010776270730437765,-0.00028407741551452316,0.007486199798546218,8.000830846413246e-08,-1.0490248923957205e-07,0.058659611132398204,6.736269062326312e-07,-8.310141245619718e-07,0.002402898130105101,-2.1056890084642056e-07,2.8281058057633146e-05,0.2,0.0,0.0,0.0,0.0,2.962962962962963,2.962962962962963,1.5543245507565473e-05,3.253274537229345e-05,1.0667513929377352,1.0864987306739236,-0.0018916505255930798,6.773178970457068e-05
X+,1789636131.1032114,1.3631629943847656,1.3904691070019908,0.006725713631622596,-5.463564664966516e-07,6.773178970457068e-05,0.07196366955050801,0.00010776270730437765,-0.00028407741551452316,0.007486199798546218,8.000830846413246e-08,-1.0490248923957205e-07,0.058659611132398204,6.736269062326312e-07,-8.310141245619718e-07,0.002402898130105101,-2.1056890084642056e-07,2.8281058057633146e-05,0.2,0.0,0.0,0.0,0.0,2.962962962962963,2.962962962962963,1.5543245507565473e-05,3.253274537229345e-05,1.0667513929377352,1.0864987306739236,-0.0018916505255930798,6.773178970457068e-05
X+,1789636131.1305456,1.3904972076416016,1.4206384390017774,0.006725713631622596,-5.463564664966516e-07,6.773178970457068e-05,0.07196366955050801,0.00010776270730437765,-0.00028407741551452316,0.007486199798546218,8.000830846413246e-08,-1.0490248923957205e-07,0.058659611132398204,6.736269062326312e-07,-8.310141245619718e-07,0.002402898130105101,-2.1056890084642056e-07,2.8281058057633146e-05,0.2,0.0,0.0,0.0,0.0,2.962962962962963,2.962962962962963,1.5543245507565473e-05,3.253274537229345e-05,1.0667513929377352,1.0864987306739236,-0.0018916505255930798,6.773178970457068e-05
X+,1789636131.1607144,1.420665979385376,1.4521801830014738,0.006725713631622596,-5.463564664966516e-07,6.773178970457068e-05,0.07196366955050801,0.00010776270730437765,-0.00028407741551452316,0.007486199798546218,8.000830846413246e-08,-1.0490248923957205e-07,0.058659611132398204,6.736269062326312e-07,-8.310141245619718e-07,0.002402898130105101,-2.1056890084642056e-07,2.8281058057633146e-05,0.2,0.0,0.0,0.0,0.0,2.962962962962963,2.962962962962963,1.5543245507565473e-05,3.253274537229345e-05,1.0667513929377352,1.0864987306739236,-0.0018916505255930798,6.773178970457068e-05
X+,1789636131.1922588,1.4522104263305664,1.4774194490019,0.006725713631622596,-5.463564664966516e-07,6.773178970457068e-05,0.07196366955050801,0.00010776270730437765,-0.00028407741551452316,0.007486199798546218,8.000830846413246e-08,-1.0490248923957205e-07,0.058659611132398204,6.736269062326312e-07,-8.310141245619718e-07,0.002402898130105101,-2.1056890084642056e-07,2.8281058057633146e-05,0.2,0.0,0.0,0.0,0.0,2.962962962962963,2.962962962962963,1.5543245507565473e-05,3.253274537229345e-05,1.0667513929377352,1.0864987306739236,-0.0018916505255930798,6.773178970457068e-05
X+,1789636131.2175229,1.4774744510650635,1.512951038999745,0.006725713631622596,-5.463564664966516e-07,6.773178970457068e-05,0.07196366955050801,0.00010776270730437765,-0.00028407741551452316,0.007486199798546218,8.000830846413246e-08,-1.0490248923957205e-07,0.058659611132398204,6.736269062326312e-07,-8.310141245619718e-07,0.002402898130105101,-2.1056890084642056e-07,2.8281058057633146e-05,0.2,0.0,0.0,0.0,0.0,2.962962962962963,2.962962962962963,1.5543245507565473e-05,3.253274537229345e-05,1.0667513929377352,1.0864987306739236,-0.0018916505255930798,6.773178970457068e-05
X+,1789636131.2530248,1.5129764080047607,1.5368797780029126,0.006725713631622596,-5.463564664966516e-07,6.773178970457068e-05,0.07196366955050801,0.00010776270730437765,-0.00028407741551452316,0.007486199798546218,8.000830846413246e-08,-1.0490248923957205e-07,0.058659611132398204,6.736269062326312e-07,-8.310141245619718e-07,0.002402898130105101,-2.1056890084642056e-07,2.8281058057633146e-05,0.2,0.0,0.0,0.0,0.0,2.962962962962963,2.962962962962963,1.5543245507565473e-05,3.253274537229345e-05,1.0667513929377352,1.0864987306739236,-0.0018916505255930798,6.773178970457068e-05
X+,1789636131.2769554,1.5369069576263428,1.5638989150029374,0.006725713631622596,-5.463564664966516e-07,6.773178970457068e-05,0.07196366955050801,0.00010776270730437765,-0.00028407741551452316,0.007486199798546218,8.000830846413246e-08,-1.0490248923957205e-07,0.058659611132398204,6.736269062326312e-07,-8.310141245619718e-07,0.002402898130105101,-2.1056890084642056e-07,2.8281058057633146e-05,0.2,0.0,0.0,0.0,0.0,2.962962962962963,2.962962962962963,1.5543245507565473e-05,3.253274537229345e-05,1.0667513929377352,1.0864987306739236,-0.0018916505255930798,6.773178970457068e-05
X+,1789636131.3039758,1.563927412033081,1.5956514500030607,0.006725713631622596,-5.463564664966516e-07,6.773178970457068e-05,0.07196366955050801,0.00010776270730437765,-0.00028407741551452316,0.007486199798546218,8.000830846413246e-08,-1.0490248923957205e-07,0.058659611132398204,6.736269062326312e-07,-8.310141245619718e-07,0.002402898130105101,-2.1056890084642056e-07,2.8281058057633146e-05,0.2,0.0,0.0,0.0,0.0,2.962962962962963,2.962962962962963,1.5543245507565473e-05,3.253274537229345e-05,1.0667513929377352,1.0864987306739236,-0.0018916505255930798,6.773178970457068e-05
X+,1789636131.3357272,1.5956788063049316,1.6205616370025382,0.007636827952273266,-5.916552870549596e-07,6.777729572763518e-05,0.07896794972959127,0.00010001906628412032,-0.00026651629197725233,0.007486199798546218,8.000830846413246e-08,-1.0490248923957205e-07,0.058659611132398204,6.736269062326312e-07,-8.310141245619718e-07,0.002402898130105101,-2.1056890084642056e-07,2.8281058057633146e-05,0.2,0.0,0.0,0.0,0.0,2.962962962962963,2.962962962962963,1.3915626625227162e-05,2.9104048108408165e-05,1.1587914413686957,1.1743745452203638,0.0009001657464491647,6.776753173925689e-05
X+,1789636131.3606362,1.6205878257751465,1.646916986002907,0.008888436245814924,-6.5875839448757e-07,6.784038734662099e-05,0.08698797849391714,9.805201295656365e-05,-0.00027009479741515156,0.007486199798546218,8.000830846413246e-08,-1.0490248923957205e-07,0.058659611132398204,6.736269062326312e-07,-8.310141245619718e-07,0.002402898130105101,-2.1056890084642056e-07,2.8281058057633146e-05,0.2,0.0,0.0,0.0,0.0,2.962962962962963,2.962962962962963,1.2294448548999526e-05,2.5247892875945865e-05,1.3270863312311727,1.3391629089262285,-0.0011683975921196654,6.781768565424268e-05
X+,1789636131.3916943,1.6516458988189697,1.6839706390019273,0.01083019015284823,-6.74558895651968e-07,6.77413178107929e-05,0.09695850273923029,8.589349895556144e-05,-0.0002526612538056905,0.007486199798546218,8.000830846413246e-08,-1.0490248923957205e-07,0.058659611132398204,6.736269062326312e-07,-8.310141245619718e-07,0.002402898130105101,-2.1056890084642056e-07,2.8281058057633146e-05,0.2,0.0,0.0,0.0,0.0,2.962962962962963,2.962962962962963,1.1163728914631577e-05,2.2362036181000633e-05,1.4763483452549975,1.486089147349943,0.00029744086086354527,6.784860282462051e-05
X+,1789636131.424044,1.6839954853057861,1.7087223140006245,0.012755653223334853,-7.586803307587514e-07,6.777243689638342e-05,0.10484531862313054,7.49818573938265e-05,-0.00023624890286915758,0.007486199798546218,8.000830846413246e-08,-1.0490248923957205e-07,0.058659611132398204,6.736269062326312e-07,-8.310141245619718e-07,0.002402898130105101,-2.1056890084642056e-07,2.8281058057633146e-05,0.2,0.0,0.0,0.0,0.0,2.962962962962963,2.962962962962963,1.022691702701195e-05,1.9850919311892312e-05,1.6087628083285122,1.6163600004480547,0.0016933168412979428,6.779994062843596e-05
X+,1789636131.4487953,1.7087469100952148,1.7363385320022644,0.014486602984700923,-7.858749576294607e-07,6.76922172819977e-05,0.1107401581482974,6.733373079886345e-05,-0.00022798200911474726,0.017758215943233464,2.335271949131551e-07,-2.708554257696748e-07,0.10272016144671084,1.5459644651210857e-06,-1.6595293653010282e-06,0.0134391118126018,7.838656497502781e-08,3.901633919545236e-05,0.2,0.0,0.0,0.0,0.0,2.962962962962963,2.962962962962963,9.855670778158299e-06,1.8724173038719982e-05,1.669307770087027,1.6758420406293189,-0.00047283565550211554,6.770926122365737e-05
X+,1789636131.4764192,1.7363708019256592,1.7710991220010328,0.01619047326331813,-8.483170380471985e-07,6.76737732391227e-05,0.1157055639101229,6.121393584021683e-05,-0.00021995341903443259,0.017758215943233464,2.335271949131551e-07,-2.708554257696748e-07,0.10272016144671084,1.5459644651210857e-06,-1.6595293653010282e-06,0.0134391118126018,7.838656497502781e-08,3.901633919545236e-05,0.2,0.0,0.0,0.0,0.0,2.962962962962963,2.962962962962963,9.141472360418845e-06,1.6645993976105444e-05,1.7800394727513493,1.784553779044445,-0.0012190159260428378,6.769344338430052e-05
X+,1789636131.511175,1.7711265087127686,1.795096072000888,0.01619047326331813,-8.483170380471985e-07,6.76737732391227e-05,0.1157055639101229,6.121393584021683e-05,-0.00021995341903443259,0.017758215943233464,2.335271949131551e-07,-2.708554257696748e-07,0.10272016144671084,1.5459644651210857e-06,-1.6595293653010282e-06,0.0134391118126018,7.838656497502781e-08,3.901633919545236e-05,0.2,0.0,0.0,0.0,0.0,2.962962962962963,2.962962962962963,9.141472360418845e-06,1.6645993976105444e-05,1.7800394727513493,1.784553779044445,-0.0012190159260428378,6.769344338430052e-05
X+,1789636131.5351703,1.7951219081878662,1.821181636001711,0.01619047326331813,-8.483170380471985e-07,6.76737732391227e-05,0.1157055639101229,6.121393584021683e-05,-0.00021995341903443259,0.017758215943233464,2.335271949131551e-07,-2.708554257696748e-07,0.10272016144671084,1.5459644651210857e-06,-1.6595293653010282e-06,0.0134391118126018,7.838656497502781e-08,3.901633919545236e-05,0.2,0.0,0.0,0.0,0.0,2.962962962962963,2.962962962962963,9.141472360418845e-06,1.6645993976105444e-05,1.7800394727513493,1.784553779044445,-0.0012190159260428378,6.769344338430052e-05
X+,1789636131.5612564,1.8212080001831055,1.8487886540024192,0.01619047326331813,-8.483170380471985e-07,6.76737732391227e-05,0.1157055639101229,6.121393584021683e-05,-0.00021995341903443259,0.017758215943233464,2.335271949131551e-07,-2.708554257696748e-07,0.10272016144671084,1.5459644651210857e-06,-1.6595293653010282e-06,0.0134391118126018,7.838656497502781e-08,3.901633919545236e-05,0.2,0.0,0.0,0.0,0.0,2.962962962962963,2.962962962962963,9.141472360418845e-06,1.6645993976105444e-05,1.7800394727513493,1.784553779044445,-0.0012190159260428378,6.769344338430052e-05
X+,1789636131.5888646,1.848816156387329,1.8738441440000315,0.01619047326331813,-8.483170380471985e-07,6.76737732391227e-05,0.1157055639101229,6.121393584021683e-05,-0.00021995341903443259,0.017758215943233464,2.335271949131551e-07,-2.708554257696748e-07,0.10272016144671084,1.5459644651210857e-06,-1.6595293653010282e-06,0.0134391118126018,7.838656497502781e-08,3.901633919545236e-05,0.2,0.0,0.0,0.0,0.0,2.962962962962963,2.962962962962963,9.141472360418845e-06,1.6645993976105444e-05,1.7800394727513493,1.784553779044445,-0.0012190159260428378,6.769344338430052e-05
X+,1789636131.6139195,1.873871088027954,1.8994478980021086,0.01619047326331813,-8.483170380471985e-07,6.76737732391227e-05,0.1157055639101229,6.121393584021683e-05,-0.00021995341903443259,0.017758215943233464,2.335271949131551e-07,-2.708554257696748e-07,0.10272016144671084,1.5459644651210857e-06,-1.6595293653010282e-06,0.0134391118126018,7.838656497502781e-08,3.901633919545236e-05,0.2,0.0,0.0,0.0,0.0,2.962962962962963,2.962962962962963,9.141472360418845e-06,1.6645993976105444e-05,1.7800394727513493,1.784553779044445,-0.0012190159260428378,6.769344338430052e-05
X+,1789636131.6395223,1.8994739055633545,1.923758576002001,0.01619047326331813,-8.483170380471985e-07,6.76737732391227e-05,0.1157055639101229,6.121393584021683e-05,-0.00021995341903443259,0.017758215943233464,2.335271949131551e-07,-2.708554257696748e-07,0.10272016144671084,1.5459644651210857e-06,-1.6595293653010282e-06,0.0134391118126018,7.838656497502781e-08,3.901633919545236e-05,0.2,0.0,0.0,0.0,0.0,2.962962962962963,2.962962962962963,9.141472360418845e-06,1.6645993976105444e-05,1.7800394727513493,1.784553779044445,-0.0012190159260428378,6.769344338430052e-05
X+,1789636131.6638336,1.9237852096557617,1.9592826160005643,0.01619047326331813,-8.483170380471985e-07,6.76737732391227e-05,0.1157055639101229,6.121393584021683e-05,-0.00021995341903443259,0.017758215943233464,2.335271949131551e-07,-2.708554257696748e-07,0.10272016144671084,1.5459644651210857e-06,-1.6595293653010282e-06,0.0134391118126018,7.838656497502781e-08,3.901633919545236e-05,0.2,0.0,0.0,0.0,0.0,2.962962962962963,2.962962962962963,9.141472360418845e-06,1.6645993976105444e-05,1.7800394727513493,1.784553779044445,-0.0012190159260428378,6.769344338430052e-05
X+,1789636131.6993597,1.9593112468719482,1.9853457550016174,0.01619047326331813,-8.483170380471985e-07,6.76737732391227e-05,0.1157055639101229,6.121393584021683e-05,-0.00021995341903443259,0.017758215943233464,2.335271949131551e-07,-2.708554257696748e-07,0.10272016144671084,1.5459644651210857e-06,-1.6595293653010282e-06,0.0134391118126018,7.838656497502781e-08,3.901633919545236e-05,0.2,0.0,0.0,0.0,0.0,2.962962962962963,2.962962962962963,9.141472360418845e-06,1.6645993976105444e-05,1.7800394727513493,1.784553779044445,-0.0012190159260428378,6.769344338430052e-05
X+,1789636131.7254262,1.9853777885437012,2.012388119001116,0.01619047326331813,-8.483170380471985e-07,6.76737732391227e-05,0.1157055639101229,6.121393584021683e-05,-0.00021995341903443259,0.017758215943233464,2.335271949131551e-07,-2.708554257696748e-07,0.10272016144671084,1.5459644651210857e-06,-1.6595293653010282e-06,0.0134391118126018,7.838656497502781e-08,3.901633919545236e-05,0.2,0.0,0.0,0.0,0.0,2.962962962962963,2.962962962962963,9.141472360418845e-06,1.6645993976105444e-05,1.7800394727513493,1.784553779044445,-0.0012190159260428378,6.769344338430052e-05
X+,1789636131.7524629,2.0124144554138184,2.038337934001902,0.01619047326331813,-8.483170380471985e-07,6.76737732391227e-05,0.1157055639101229,6.121393584021683e-05,-0.00021995341903443259,0.017758215943233464,2.335271949131551e-07,-2.708554257696748e-07,0.10272016144671084,1.5459644651210857e-06,-1.6595293653010282e-06,0.0134391118126018,7.838656497502781e-08,3.901633919545236e-05,0.2,0.0,0.0,0.0,0.0,2.962962962962963,2.962962962962963,9.141472360418845e-06,1.6645993976105444e-05,1.7800394727513493,1.784553779044445,-0.0012190159260428378,6.769344338430052e-05
X+,1789636131.778418,2.038369655609131,2.0633507890015608,0.01619047326331813,-8.483170380471985e-07,6.76737732391227e-05,0.1157055639101229,6.121393584021683e-05,-0.00021995341903443259,0.017758215943233464,2.335271949131551e-07,-2.708554257696748e-07,0.10272016144671084,1.5459644651210857e-06,-1.6595293653010282e-06,0.0134391118126018,7.838656497502781e-08,3.901633919545236e-05,0.2,0.0,0.0,0.0,0.0,2.962962962962963,2.962962962962963,9.141472360418845e-06,1.6645993976105444e-05,1.7800394727513493,1.784553779044445,-0.0012190159260428378,6.769344338430052e-05
X+,1789636131.8034253,2.0633769035339355,2.0896596380007395,0.01619047326331813,-8.483170380471985e-07,6.76737732391227e-05,0.1157055639101229,6.121393584021683e-05,-0.00021995341903443259,0.017758215943233464,2.335271949131551e-07,-2.708554257696748e-07,0.10272016144671084,1.5459644651210857e-06,-1.6595293653010282e-06,0.0134391118126018,7.838656497502781e-08,3.901633919545236e-05,0.2,0.0,0.0,0.0,0.0,2.962962962962963,2.962962962962963,9.141472360418845e-06,1.6645993976105444e-05,1.7800394727513493,1.784553779044445,-0.0012190159260428378,6.769344338430052e-05
X+,1789636131.8297389,2.0896904468536377,2.1243507319995842,0.017366032276804055,-8.593118031967328e-07,6.760121118925074e-05,0.1187379851072175,6.974175644337435e-05,-0.00025583754480700357,0.017758215943233464,2.335271949131551e-07,-2.708554257696748e-07,0.10272016144671084,1.5459644651210857e-06,-1.6595293653010282e-06,0.0134391118126018,7.838656497502781e-08,3.901633919545236e-05,0.2,0.0,0.0,0.0,0.0,2.962962962962963,2.962962962962963,8.981142749497906e-06,1.5754010469493096e-05,1.8307273790151135,1.8341809908541264,-0.0022016104970069743,6.759831692071695e-05
X+,1789636131.8644252,2.1243767738342285,2.151735909003037,0.019060440152840443,-9.010359154531036e-07,6.754242131752026e-05,0.12263788598448731,6.279215047601421e-05,-0.00026322605442053685,0.017758215943233464,2.335271949131551e-07,-2.708554257696748e-07,0.10272016144671084,1.5459644651210857e-06,-1.6595293653010282e-06,0.0134391118126018,7.838656497502781e-08,3.901633919545236e-05,0.2,0.0,0.0,0.0,0.0,2.962962962962963,2.962962962962963,8.703406604304575e-06,1.4859151969304207e-05,1.8784777106579178,1.880953817779953,-0.0003889434930914961,6.754242131752026e-05
X+,1789636131.891803,2.15175461769104,2.1797630120017857,0.021060081362653832,-9.75080031251005e-07,6.748182441989865e-05,0.12663869568495303,4.612039350272605e-05,-0.00026788124332863505,0.017758215943233464,2.335271949131551e-07,-2.708554257696748e-07,0.10272016144671084,1.5459644651210857e-06,-1.6595293653010282e-06,0.0134391118126018,7.838656497502781e-08,3.901633919545236e-05,0.2,0.0,0.0,0.0,0.0,2.962962962962963,2.962962962962963,8.256504201220594e-06,1.3236791268411707e-05,1.9659650742740187,1.9664709867305101,0.0007619458189033375,6.747539000111765e-05
X+,1789636131.919837,2.179788589477539,2.2064499299995077,0.023512380591134786,-1.1774698867933128e-06,6.769044350629615e-05,0.13081572124514834,3.960907153940273e-05,-0.0002929213290206636,0.017758215943233464,2.335271949131551e-07,-2.708554257696748e-07,0.10272016144671084,1.5459644651210857e-06,-1.6595293653010282e-06,0.0134391118126018,7.838656497502781e-08,3.901633919545236e-05,0.2,0.0,0.0,0.0,0.0,2.962962962962963,2.962962962962963,7.914206133996515e-06,1.1829732921242453e-05,2.043853429183028,2.042407647132495,0.0001717212932819608,6.7641707815888e-05
X+,1789636131.9465275,2.206479072570801,2.2393497779994505,0.025233425249358527,-1.3666050402523153e-06,6.7967472660512e-05,0.13334667524798377,3.513205074358498e-05,-0.00029808725293380025,0.017758215943233464,2.335271949131551e-07,-2.708554257696748e-07,0.10272016144671084,1.5459644651210857e-06,-1.6595293653010282e-06,0.0134391118126018,7.838656497502781e-08,3.901633919545236e-05,0.2,0.0,0.0,0.0,0.0,2.962962962962963,2.962962962962963,7.785107808189196e-06,1.120872154114494e-05,2.0795542065198616,2.077149633251449,0.0010909776111699692,6.782981805080474e-05
X+,1789636131.979753,2.2397046089172363,2.2774090960010653,0.026714223602024283,-1.540311660443508e-06,6.823117250730238e-05,0.1352974022283927,3.15954614498172e-05,-0.0003076045754975203,0.03120908624590564,3.530645984252775e-07,-3.36820176422109e-07,0.13450870302639303,1.2318064471492095e-06,-6.596475065243413e-07,0.017773829095063674,-3.27117088284905e-07,7.06919894013503e-05,0.2,0.0,0.0,0.0,0.0,2.962962962962963,2.962962962962963,7.68026354247553e-06,1.0637729620732728e-05,2.113277188474982,2.1099159993485785,0.00212678545343041,6.80633395119037e-05
X+,1789636132.0174844,2.2774360179901123,2.3145470560011745,0.028904262089548147,-1.7996794022968193e-06,6.859200919795304e-05,0.13784551106187895,2.4450707726674057e-05,-0.0003308234162619602,0.03120908624590564,3.530645984252775e-07,-3.36820176422109e-07,0.13450870302639303,1.2318064471492095e-06,-6.596475065243413e-07,0.017773829095063674,-3.27117088284905e-07,7.06919894013503e-05,0.2,0.0,0.0,0.0,0.0,2.962962962962963,2.962962962962963,7.530244030995448e-06,9.620059004511461e-06,2.175287409823962,2.170015210624508,-0.0029325927978990224,6.852682726783083e-05
X+,1789636132.054621,2.31457257270813,2.3406407319998834,0.02931929282745966,-1.8488845269087895e-06,6.865616626419217e-05,0.13828722261537202,2.287501284975075e-05,-0.0003360912423191087,0.03120908624590564,3.530645984252775e-07,-3.36820176422109e-07,0.13450870302639303,1.2318064471492095e-06,-6.596475065243413e-07,0.017773829095063674,-3.27117088284905e-07,7.06919894013503e-05,0.2,0.0,0.0,0.0,0.0,2.962962962962963,2.962962962962963,7.530244030995448e-06,9.620059004511461e-06,2.175287409823962,2.170015210624508,-0.0029325927978990224,6.852682726783083e-05
X+,1789636132.0807235,2.340675115585327,2.3658687330025714,0.02931929282745966,-1.8488845269087895e-06,6.865616626419217e-05,0.13828722261537202,2.287501284975075e-05,-0.0003360912423191087,0.03120908624590564,3.530645984252775e-07,-3.36820176422109e-07,0.13450870302639303,1.2318064471492095e-06,-6.596475065243413e-07,0.017773829095063674,-3.27117088284905e-07,7.06919894013503e-05,0.2,0.0,0.0,0.0,0.0,2.962962962962963,2.962962962962963,7.530244030995448e-06,9.620059004511461e-06,2.175287409823962,2.170015210624508,-0.0029325927978990224,6.852682726783083e-05
X+,1789636132.1059463,2.3658978939056396,2.3929328020021785,0.02931929282745966,-1.8488845269087895e-06,6.865616626419217e-05,0.13828722261537202,2.287501284975075e-05,-0.0003360912423191087,0.03120908624590564,3.530645984252775e-07,-3.36820176422109e-07,0.13450870302639303,1.2318064471492095e-06,-6.596475065243413e-07,0.017773829095063674,-3.27117088284905e-07,7.06919894013503e-05,0.2,0.0,0.0,0.0,0.0,2.962962962962963,2.962962962962963,7.530244030995448e-06,9.620059004511461e-06,2.175287409823962,2.170015210624508,-0.0029325927978990224,6.852682726783083e-05
X+,1789636132.133008,2.3929595947265625,2.4207700890001433,0.02931929282745966,-1.8488845269087895e-06,6.865616626419217e-05,0.13828722261537202,2.287501284975075e-05,-0.0003360912423191087,0.03120908624590564,3.530645984252775e-07,-3.36820176422109e-07,0.13450870302639303,1.2318064471492095e-06,-6.596475065243413e-07,0.017773829095063674,-3.27117088284905e-07,7.06919894013503e-05,0.2,0.0,0.0,0.0,0.0,2.962962962962963,2.962962962962963,7.530244030995448e-06,9.620059004511461e-06,2.175287409823962,2.170015210624508,-0.0029325927978990224,6.852682726783083e-05
X+,1789636132.1608455,2.420797109603882,2.446516383002745,0.02931929282745966,-1.8488845269087895e-06,6.865616626419217e-05,0.13828722261537202,2.287501284975075e-05,-0.0003360912423191087,0.03120908624590564,3.530645984252775e-07,-3.36820176422109e-07,0.13450870302639303,1.2318064471492095e-06,-6.596475065243413e-07,0.017773829095063674,-3.27117088284905e-07,7.06919894013503e-05,0.2,0.0,0.0,0.0,0.0,2.962962962962963,2.962962962962963,7.530244030995448e-06,9.620059004511461e-06,2.175287409823962,2.170015210624508,-0.0029325927978990224,6.852682726783083e-05
X+,1789636132.1865916,2.4465432167053223,2.4745761060003133,0.02931929282745966,-1.8488845269087895e-06,6.865616626419217e-05,0.13828722261537202,2.287501284975075e-05,-0.0003360912423191087,0.03120908624590564,3.530645984252775e-07,-3.36820176422109e-07,0.13450870302639303,1.2318064471492095e-06,-6.596475065243413e-07,0.017773829095063674,-3.27117088284905e-07,7.06919894013503e-05,0.2,0.0,0.0,0.0,0.0,2.962962962962963,2.962962962962963,7.530244030995448e-06,9.620059004511461e-06,2.175287409823962,2.170015210624508,-0.0029325927978990224,6.852682726783083e-05
X+,1789636132.2146504,2.474601984024048,2.5013462780007103,0.02931929282745966,-1.8488845269087895e-06,6.865616626419217e-05,0.13828722261537202,2.287501284975075e-05,-0.0003360912423191087,0.03120908624590564,3.530645984252775e-07,-3.36820176422109e-07,0.13450870302639303,1.2318064471492095e-06,-6.596475065243413e-07,0.017773829095063674,-3.27117088284905e-07,7.06919894013503e-05,0.2,0.0,0.0,0.0,0.0,2.962962962962963,2.962962962962963,7.530244030995448e-06,9.620059004511461e-06,2.175287409823962,2.170015210624508,-0.0029325927978990224,6.852682726783083e-05
X+,1789636132.2414222,2.501373767852783,2.530491276000248,0.02931929282745966,-1.8488845269087895e-06,6.865616626419217e-05,0.13828722261537202,2.287501284975075e-05,-0.0003360912423191087,0.03120908624590564,3.530645984252775e-07,-3.36820176422109e-07,0.13450870302639303,1.2318064471492095e-06,-6.596475065243413e-07,0.017773829095063674,-3.27117088284905e-07,7.06919894013503e-05,0.2,0.0,0.0,0.0,0.0,2.962962962962963,2.962962962962963,7.530244030995448e-06,9.620059004511461e-06,2.175287409823962,2.170015210624508,-0.0029325927978990224,6.852682726783083e-05
X+,1789636132.2705686,2.53052020072937,2.5577037149996613,0.02931929282745966,-1.8488845269087895e-06,6.865616626419217e-05,0.13828722261537202,2.287501284975075e-05,-0.0003360912423191087,0.03120908624590564,3.530645984252775e-07,-3.36820176422109e-07,0.13450870302639303,1.2318064471492095e-06,-6.596475065243413e-07,0.017773829095063674,-3.27117088284905e-07,7.06919894013503e-05,0.2,0.0,0.0,0.0,0.0,2.962962962962963,2.962962962962963,7.530244030995448e-06,9.620059004511461e-06,2.175287409823962,2.170015210624508,-0.0029325927978990224,6.852682726783083e-05
X+,1789636132.2977805,2.557732105255127,2.5845098350000626,0.02931929282745966,-1.8488845269087895e-06,6.865616626419217e-05,0.13828722261537202,2.287501284975075e-05,-0.0003360912423191087,0.03120908624590564,3.530645984252775e-07,-3.36820176422109e-07,0.13450870302639303,1.2318064471492095e-06,-6.596475065243413e-07,0.017773829095063674,-3.27117088284905e-07,7.06919894013503e-05,0.2,0.0,0.0,0.0,0.0,2.962962962962963,2.962962962962963,7.530244030995448e-06,9.620059004511461e-06,2.175287409823962,2.170015210624508,-0.0029325927978990224,6.852682726783083e-05
X+,1789636132.3245878,2.5845394134521484,2.612926855999831,0.02931929282745966,-1.8488845269087895e-06,6.865616626419217e-05,0.13828722261537202,2.287501284975075e-05,-0.0003360912423191087,0.03120908624590564,3.530645984252775e-07,-3.36820176422109e-07,0.13450870302639303,1.2318064471492095e-06,-6.596475065243413e-07,0.017773829095063674,-3.27117088284905e-07,7.06919894013503e-05,0.2,0.0,0.0,0.0,0.0,2.962962962962963,2.962962962962963,7.530244030995448e-06,9.620059004511461e-06,2.175287409823962,2.170015210624508,-0.0029325927978990224,6.852682726783083e-05
X+,1789636132.3530009,2.612952470779419,2.6383129929999996,0.02931929282745966,-1.8488845269087895e-06,6.865616626419217e-05,0.13828722261537202,2.287501284975075e-05,-0.0003360912423191087,0.03120908624590564,3.530645984252775e-07,-3.36820176422109e-07,0.13450870302639303,1.2318064471492095e-06,-6.596475065243413e-07,0.017773829095063674,-3.27117088284905e-07,7.06919894013503e-05,0.2,0.0,0.0,0.0,0.0,2.962962962962963,2.962962962962963,7.530244030995448e-06,9.620059004511461e-06,2.175287409823962,2.170015210624508,-0.0029325927978990224,6.852682726783083e-05
X+,1789636132.3783941,2.638345718383789,2.66486604000238,0.02931929282745966,-1.8488845269087895e-06,6.865616626419217e-05,0.13828722261537202,2.287501284975075e-05,-0.0003360912423191087,0.03120908624590564,3.530645984252775e-07,-3.36820176422109e-07,0.13450870302639303,1.2318064471492095e-06,-6.596475065243413e-07,0.017773829095063674,-3.27117088284905e-07,7.06919894013503e-05,0.2,0.0,0.0,0.0,0.0,2.962962962962963,2.962962962962963,7.530244030995448e-06,9.620059004511461e-06,2.175287409823962,2.170015210624508,-0.0029325927978990224,6.852682726783083e-05
X+,1789636132.4049425,2.6648941040039062,2.7056206880006357,0.02931929282745966,-1.8488845269087895e-06,6.865616626419217e-05,0.13828722261537202,2.287501284975075e-05,-0.0003360912423191087,0.03120908624590564,3.530645984252775e-07,-3.36820176422109e-07,0.13450870302639303,1.2318064471492095e-06,-6.596475065243413e-07,0.017773829095063674,-3.27117088284905e-07,7.06919894013503e-05,0.2,0.0,0.0,0.0,0.0,2.962962962962963,2.962962962962963,7.530244030995448e-06,9.620059004511461e-06,2.175287409823962,2.170015210624508,-0.0029325927978990224,6.852682726783083e-05
X+,1789636132.4457033,2.7056548595428467,2.7339166550009395,0.02931929282745966,-1.8488845269087895e-06,6.865616626419217e-05,0.13828722261537202,2.287501284975075e-05,-0.0003360912423191087,0.03120908624590564,3.530645984252775e-07,-3.36820176422109e-07,0.13450870302639303,1.2318064471492095e-06,-6.596475065243413e-07,0.017773829095063674,-3.27117088284905e-07,7.06919894013503e-05,0.2,0.0,0.0,0.0,0.0,2.962962962962963,2.962962962962963,7.530244030995448e-06,9.620059004511461e-06,2.175287409823962,2.170015210624508,-0.0029325927978990224,6.852682726783083e-05
X+,1789636132.473992,2.7339437007904053,2.7620765550018405,0.029735630536408653,-1.8981818653302646e-06,6.871953210495242e-05,0.1387180044357724,2.135535067279785e-05,-0.0003412483680729327,0.03120908624590564,3.530645984252775e-07,-3.36820176422109e-07,0.13450870302639303,1.2318064471492095e-06,-6.596475065243413e-07,0.017773829095063674,-3.27117088284905e-07,7.06919894013503e-05,0.2,0.0,0.0,0.0,0.0,2.962962962962963,2.962962962962963,7.530244030995448e-06,9.620059004511461e-06,2.175287409823962,2.170015210624508,-0.0029325927978990224,6.852682726783083e-05
X+,1789636132.5021544,2.762105941772461,2.7930057430021407,0.032967599227473166,-2.2774311588509913e-06,6.918265409527453e-05,0.14167680692885729,8.86457633714194e-06,-0.00038451322611797077,0.03120908624590564,3.530645984252775e-07,-3.36820176422109e-07,0.13450870302639303,1.2318064471492095e-06,-6.596475065243413e-07,0.017773829095063674,-3.27117088284905e-07,7.06919894013503e-05,0.2,0.0,0.0,0.0,0.0,2.962962962962963,2.962962962962963,7.44931588414488e-06,8.749727611778724e-06,2.230813711453946,2.2236210264259917,0.0028671999205064653,6.918265409527453e-05
X+,1789636132.5330796,2.7930312156677246,2.8232022910015075,0.035684383162551736,-2.592656313360475e-06,6.953628455024863e-05,0.14369797115620087,-2.717250563710169e-06,-0.0004243990013394912,0.03120908624590564,3.530645984252775e-07,-3.36820176422109e-07,0.13450870302639303,1.2318064471492095e-06,-6.596475065243413e-07,0.017773829095063674,-3.27117088284905e-07,7.06919894013503e-05,0.2,0.0,0.0,0.0,0.0,2.962962962962963,2.962962962962963,7.429010859816287e-06,8.017303335883241e-06,2.2806876277400883,2.271560284250278,-0.0028839482014542846,6.953628455024863e-05
X+,1789636132.563277,2.823228597640991,2.851780516000872,0.03872768232489919,-2.9466323078156803e-06,6.989704377543916e-05,0.14553351929505268,-1.6705997866001414e-05,-0.00047225944646404064,0.03120908624590564,3.530645984252775e-07,-3.36820176422109e-07,0.13450870302639303,1.2318064471492095e-06,-6.596475065243413e-07,0.017773829095063674,-3.27117088284905e-07,7.06919894013503e-05,0.2,0.0,0.0,0.0,0.0,2.962962962962963,2.962962962962963,7.494511378602908e-06,7.157358814957604e-06,2.346543295911901,2.3344529373765504,-0.002097198999369166,6.988075736816658e-05
X+,1789636132.5918565,2.8518080711364746,2.8862530300029903,0.041069970964128885,-3.220372425175727e-06,7.015019288392225e-05,0.1466768558001622,-2.806246366125867e-05,-0.0005102014157282129,0.04611805924856496,4.5727161558746304e-07,-3.275034646983808e-07,0.15032546578139733,1.0876242678579817e-06,1.6219573554034548e-07,0.03238190632828352,-7.361228976148053e-07,-2.602177137411836e-05,0.2,0.0,0.0,0.0,0.0,2.962962962962963,2.962962962962963,7.537945819535707e-06,6.93062855994242e-06,2.3664463589765528,2.353348485147113,-0.0010239442801192552,7.004063618408401e-05
X+,1789636132.626334,2.8862855434417725,2.9135442940023495,0.04328106156702989,-3.4884131906321586e-06,7.036963374993963e-05,0.14756420025711672,-3.873055852572567e-05,-0.0005452063829975239,0.04611805924856496,4.5727161558746304e-07,-3.275034646983808e-07,0.15032546578139733,1.0876242678579817e-06,1.6219573554034548e-07,0.03238190632828352,-7.361228976148053e-07,-2.602177137411836e-05,0.2,0.0,0.0,0.0,0.0,2.962962962962963,2.962962962962963,7.654505297161052e-06,6.56755131522857e-06,2.4036587788356396,2.388495473024929,0.0019588562315901586,7.035604111920837e-05
X+,1789636132.65362,2.91357159614563,2.9392781570022635,0.04402089702990118,-3.5797870292344006e-06,7.043665856272207e-05,0.14782252871836118,-4.198129961513358e-05,-0.0005560040732934687,0.04611805924856496,4.5727161558746304e-07,-3.275034646983808e-07,0.15032546578139733,1.0876242678579817e-06,1.6219573554034548e-07,0.03238190632828352,-7.361228976148053e-07,-2.602177137411836e-05,0.2,0.0,0.0,0.0,0.0,2.962962962962963,2.962962962962963,7.654505297161052e-06,6.56755131522857e-06,2.4036587788356396,2.388495473024929,0.0019588562315901586,7.035604111920837e-05
X+,1789636132.6793528,2.9393043518066406,2.9637642570014577,0.04402089702990118,-3.5797870292344006e-06,7.043665856272207e-05,0.14782252871836118,-4.198129961513358e-05,-0.0005560040732934687,0.04611805924856496,4.5727161558746304e-07,-3.275034646983808e-07,0.15032546578139733,1.0876242678579817e-06,1.6219573554034548e-07,0.03238190632828352,-7.361228976148053e-07,-2.602177137411836e-05,0.2,0.0,0.0,0.0,0.0,2.962962962962963,2.962962962962963,7.654505297161052e-06,6.56755131522857e-06,2.4036587788356396,2.388495473024929,0.0019588562315901586,7.035604111920837e-05
X+,1789636132.7038398,2.9637913703918457,2.9869474320003064,0.04402089702990118,-3.5797870292344006e-06,7.043665856272207e-05,0.14782252871836118,-4.198129961513358e-05,-0.0005560040732934687,0.04611805924856496,4.5727161558746304e-07,-3.275034646983808e-07,0.15032546578139733,1.0876242678579817e-06,1.6219573554034548e-07,0.03238190632828352,-7.361228976148053e-07,-2.602177137411836e-05,0.2,0.0,0.0,0.0,0.0,2.962962962962963,2.962962962962963,7.654505297161052e-06,6.56755131522857e-06,2.4036587788356396,2.388495473024929,0.0019588562315901586,7.035604111920837e-05
X+,1789636132.7270234,2.9869749546051025,3.0128313790009997,0.04402089702990118,-3.5797870292344006e-06,7.043665856272207e-05,0.14782252871836118,-4.198129961513358e-05,-0.0005560040732934687,0.04611805924856496,4.5727161558746304e-07,-3.275034646983808e-07,0.15032546578139733,1.0876242678579817e-06,1.6219573554034548e-07,0.03238190632828352,-7.361228976148053e-07,-2.602177137411836e-05,0.2,0.0,0.0,0.0,0.0,2.962962962962963,2.962962962962963,7.654505297161052e-06,6.56755131522857e-06,2.4036587788356396,2.388495473024929,0.0019588562315901586,7.035604111920837e-05
X+,1789636132.7529085,3.012860059738159,3.042454484002519,0.04402089702990118,-3.5797870292344006e-06,7.043665856272207e-05,0.14782252871836118,-4.198129961513358e-05,-0.0005560040732934687,0.04611805924856496,4.5727161558746304e-07,-3.275034646983808e-07,0.15032546578139733,1.0876242678579817e-06,1.6219573554034548e-07,0.03238190632828352,-7.361228976148053e-07,-2.602177137411836e-05,0.2,0.0,0.0,0.0,0.0,2.962962962962963,2.962962962962963,7.654505297161052e-06,6.56755131522857e-06,2.4036587788356396,2.388495473024929,0.0019588562315901586,7.035604111920837e-05
X+,1789636132.7825217,3.042473316192627,3.0681980480003403,0.04402089702990118,-3.5797870292344006e-06,7.043665856272207e-05,0.14782252871836118,-4.198129961513358e-05,-0.0005560040732934687,0.04611805924856496,4.5727161558746304e-07,-3.275034646983808e-07,0.15032546578139733,1.0876242678579817e-06,1.6219573554034548e-07,0.03238190632828352,-7.361228976148053e-07,-2.602177137411836e-05,0.2,0.0,0.0,0.0,0.0,2.962962962962963,2.962962962962963,7.654505297161052e-06,6.56755131522857e-06,2.4036587788356396,2.388495473024929,0.0019588562315901586,7.035604111920837e-05
X+,1789636132.8083744,3.068325996398926,3.096787287002371,0.04402089702990118,-3.5797870292344006e-06,7.043665856272207e-05,0.14782252871836118,-4.198129961513358e-05,-0.0005560040732934687,0.04611805924856496,4.5727161558746304e-07,-3.275034646983808e-07,0.15032546578139733,1.0876242678579817e-06,1.6219573554034548e-07,0.03238190632828352,-7.361228976148053e-07,-2.602177137411836e-05,0.2,0.0,0.0,0.0,0.0,2.962962962962963,2.962962962962963,7.654505297161052e-06,6.56755131522857e-06,2.4036587788356396,2.388495473024929,0.0019588562315901586,7.035604111920837e-05
X+,1789636132.836862,3.096813678741455,3.1202607080012967,0.04402089702990118,-3.5797870292344006e-06,7.043665856272207e-05,0.14782252871836118,-4.198129961513358e-05,-0.0005560040732934687,0.04611805924856496,4.5727161558746304e-07,-3.275034646983808e-07,0.15032546578139733,1.0876242678579817e-06,1.6219573554034548e-07,0.03238190632828352,-7.361228976148053e-07,-2.602177137411836e-05,0.2,0.0,0.0,0.0,0.0,2.962962962962963,2.962962962962963,7.654505297161052e-06,6.56755131522857e-06,2.4036587788356396,2.388495473024929,0.0019588562315901586,7.035604111920837e-05
X+,1789636132.860335,3.120286703109741,3.1460863160027657,0.04402089702990118,-3.5797870292344006e-06,7.043665856272207e-05,0.14782252871836118,-4.198129961513358e-05,-0.0005560040732934687,0.04611805924856496,4.5727161558746304e-07,-3.275034646983808e-07,0.15032546578139733,1.0876242678579817e-06,1.6219573554034548e-07,0.03238190632828352,-7.361228976148053e-07,-2.602177137411836e-05,0.2,0.0,0.0,0.0,0.0,2.962962962962963,2.962962962962963,7.654505297161052e-06,6.56755131522857e-06,2.4036587788356396,2.388495473024929,0.0019588562315901586,7.035604111920837e-05
X+,1789636132.886163,3.1461145877838135,3.1750808260003396,0.04402089702990118,-3.5797870292344006e-06,7.043665856272207e-05,0.14782252871836118,-4.198129961513358e-05,-0.0005560040732934687,0.04611805924856496,4.5727161558746304e-07,-3.275034646983808e-07,0.15032546578139733,1.0876242678579817e-06,1.6219573554034548e-07,0.03238190632828352,-7.361228976148053e-07,-2.602177137411836e-05,0.2,0.0,0.0,0.0,0.0,2.962962962962963,2.962962962962963,7.654505297161052e-06,6.56755131522857e-06,2.4036587788356396,2.388495473024929,0.0019588562315901586,7.035604111920837e-05
X+,1789636132.9151545,3.1751060485839844,3.2020743460016092,0.04402089702990118,-3.5797870292344006e-06,7.043665856272207e-05,0.14782252871836118,-4.198129961513358e-05,-0.0005560040732934687,0.04611805924856496,4.5727161558746304e-07,-3.275034646983808e-07,0.15032546578139733,1.0876242678579817e-06,1.6219573554034548e-07,0.03238190632828352,-7.361228976148053e-07,-2.602177137411836e-05,0.2,0.0,0.0,0.0,0.0,2.962962962962963,2.962962962962963,7.654505297161052e-06,6.56755131522857e-06,2.4036587788356396,2.388495473024929,0.0019588562315901586,7.035604111920837e-05
X+,1789636132.9421685,3.202120065689087,3.2281809430023714,0.04402089702990118,-3.5797870292344006e-06,7.043665856272207e-05,0.14782252871836118,-4.198129961513358e-05,-0.0005560040732934687,0.04611805924856496,4.5727161558746304e-07,-3.275034646983808e-07,0.15032546578139733,1.0876242678579817e-06,1.6219573554034548e-07,0.03238190632828352,-7.361228976148053e-07,-2.602177137411836e-05,0.2,0.0,0.0,0.0,0.0,2.962962962962963,2.962962962962963,7.654505297161052e-06,6.56755131522857e-06,2.4036587788356396,2.388495473024929,0.0019588562315901586,7.035604111920837e-05
X+,1789636132.9682555,3.2282071113586426,3.259709527999803,0.0441690169376292,-3.5981284504634295e-06,7.044994015542477e-05,0.14787201774012176,-4.263885474267316e-05,-0.000558132291116908,0.04611805924856496,4.5727161558746304e-07,-3.275034646983808e-07,0.15032546578139733,1.0876242678579817e-06,1.6219573554034548e-07,0.03238190632828352,-7.361228976148053e-07,-2.602177137411836e-05,0.2,0.0,0.0,0.0,0.0,2.962962962962963,2.962962962962963,7.654505297161052e-06,6.56755131522857e-06,2.4036587788356396,2.388495473024929,0.0019588562315901586,7.035604111920837e-05
X+,1789636132.9997852,3.2597367763519287,3.2827350910010864,0.04669401487635501,-3.915468222598882e-06,7.067495298468194e-05,0.14860569212756633,-5.395894067020606e-05,-0.0005940184309296938,0.04611805924856496,4.5727161558746304e-07,-3.275034646983808e-07,0.15032546578139733,1.0876242678579817e-06,1.6219573554034548e-07,0.03238190632828352,-7.361228976148053e-07,-2.602177137411836e-05,0.2,0.0,0.0,0.0,0.0,2.962962962962963,2.962962962962963,7.805359217627483e-06,6.321491405003599e-06,2.4378798069575622,2.420573393923988,0.0011613509153635222,7.062268128060649e-05
X+,1789636133.0228093,3.2827608585357666,3.3152497240007506,0.04878171254007229,-4.1901167010770235e-06,7.083662106418025e-05,0.14906346169172371,-6.246681231509465e-05,-0.0006202362741300798,0.04611805924856496,4.5727161558746304e-07,-3.275034646983808e-07,0.15032546578139733,1.0876242678579817e-06,1.6219573554034548e-07,0.03238190632828352,-7.361228976148053e-07,-2.602177137411836e-05,0.2,0.0,0.0,0.0,0.0,2.962962962962963,2.962962962962963,7.892944380749611e-06,6.243933634131338e-06,2.454053900520225,2.435617588510099,0.001196568323213115,7.074662045444154e-05
X+,1789636133.0553248,3.3152763843536377,3.3490705610020086,0.051473838048700434,-4.550359519146091e-06,7.103719993091983e-05,0.14946957211846376,-7.282461946318735e-05,-0.0006510900920588396,0.04611805924856496,4.5727161558746304e-07,-3.275034646983808e-07,0.15032546578139733,1.0876242678579817e-06,1.6219573554034548e-07,0.03238190632828352,-7.361228976148053e-07,-2.602177137411836e-05,0.2,0.0,0.0,0.0,0.0,2.962962962962963,2.962962962962963,8.087610587459437e-06,6.1759337466327224e-06,2.4848510206358534,2.4640807173212735,-0.0018450148953834157,7.09813585792414e-05
X+,1789636133.0891495,3.3491010665893555,3.377276516002894,0.05372170769436432,-4.857923754281873e-06,7.119332595092513e-05,0.1496581519235031,-8.150452867420623e-05,-0.0006752862448389528,0.04611805924856496,4.5727161558746304e-07,-3.275034646983808e-07,0.15032546578139733,1.0876242678579817e-06,1.6219573554034548e-07,0.03238190632828352,-7.361228976148053e-07,-2.602177137411836e-05,0.2,0.0,0.0,0.0,0.0,2.962962962962963,2.962962962962963,8.299236161413148e-06,6.223662563087373e-06,2.5140241785689437,2.4908009184944984,0.0006969712178881354,7.110034063512019e-05
X+,1789636133.1173556,3.377307176589966,3.4216414040020027,0.05642148948253206,-5.255809920453637e-06,7.135438183872414e-05,0.14971212627533476,-8.941463771735525e-05,-0.0006975221343231017,0.06205842718231971,5.678780254538356e-07,-2.7057875287773737e-07,0.15940367933717664,1.1582693559323816e-06,5.69247118206434e-07,0.05115919540473793,-9.853681180700815e-07,9.84406325883107e-05,0.2,0.0,0.0,0.0,0.0,2.962962962962963,2.962962962962963,8.535350094263094e-06,6.405538178988479e-06,2.5420930274265747,2.5163622291022816,-0.0018840174519492606,7.131625511820017e-05
X+,1789636133.1617181,3.4216697216033936,3.4562583830011135,0.05882089871572388,-5.613126148368459e-06,7.144415662382848e-05,0.1496040840576179,-9.271246448228123e-05,-0.0007056219764745988,0.06205842718231971,5.678780254538356e-07,-2.7057875287773737e-07,0.15940367933717664,1.1582693559323816e-06,5.69247118206434e-07,0.05115919540473793,-9.853681180700815e-07,9.84406325883107e-05,0.2,0.0,0.0,0.0,0.0,2.962962962962963,2.962962962962963,8.664360840349161e-06,6.543098962197291e-06,2.555874835539885,2.5290280016077586,-0.003146381242300135,7.143936301833515e-05
X+,1789636133.1963403,3.456291913986206,3.4836342050002713,0.05882089871572388,-5.613126148368459e-06,7.144415662382848e-05,0.1496040840576179,-9.271246448228123e-05,-0.0007056219764745988,0.06205842718231971,5.678780254538356e-07,-2.7057875287773737e-07,0.15940367933717664,1.1582693559323816e-06,5.69247118206434e-07,0.05115919540473793,-9.853681180700815e-07,9.84406325883107e-05,0.2,0.0,0.0,0.0,0.0,2.962962962962963,2.962962962962963,8.664360840349161e-06,6.543098962197291e-06,2.555874835539885,2.5290280016077586,-0.003146381242300135,7.143936301833515e-05
X+,1789636133.2237158,3.4836673736572266,3.510995411001204,0.05882089871572388,-5.613126148368459e-06,7.144415662382848e-05,0.1496040840576179,-9.271246448228123e-05,-0.0007056219764745988,0.06205842718231971,5.678780254538356e-07,-2.7057875287773737e-07,0.15940367933717664,1.1582693559323816e-06,5.69247118206434e-07,0.05115919540473793,-9.853681180700815e-07,9.84406325883107e-05,0.2,0.0,0.0,0.0,0.0,2.962962962962963,2.962962962962963,8.664360840349161e-06,6.543098962197291e-06,2.555874835539885,2.5290280016077586,-0.003146381242300135,7.143936301833515e-05
X+,1789636133.2510695,3.511021137237549,3.5362294030019257,0.05882089871572388,-5.613126148368459e-06,7.144415662382848e-05,0.1496040840576179,-9.271246448228123e-05,-0.0007056219764745988,0.06205842718231971,5.678780254538356e-07,-2.7057875287773737e-07,0.15940367933717664,1.1582693559323816e-06,5.69247118206434e-07,0.05115919540473793,-9.853681180700815e-07,9.84406325883107e-05,0.2,0.0,0.0,0.0,0.0,2.962962962962963,2.962962962962963,8.664360840349161e-06,6.543098962197291e-06,2.555874835539885,2.5290280016077586,-0.003146381242300135,7.143936301833515e-05
X+,1789636133.276302,3.5362536907196045,3.5626646960008657,0.05882089871572388,-5.613126148368459e-06,7.144415662382848e-05,0.1496040840576179,-9.271246448228123e-05,-0.0007056219764745988,0.06205842718231971,5.678780254538356e-07,-2.7057875287773737e-07,0.15940367933717664,1.1582693559323816e-06,5.69247118206434e-07,0.05115919540473793,-9.853681180700815e-07,9.84406325883107e-05,0.2,0.0,0.0,0.0,0.0,2.962962962962963,2.962962962962963,8.664360840349161e-06,6.543098962197291e-06,2.555874835539885,2.5290280016077586,-0.003146381242300135,7.143936301833515e-05
X+,1789636133.3027396,3.5626912117004395,3.5877816130014253,0.05882089871572388,-5.613126148368459e-06,7.144415662382848e-05,0.1496040840576179,-9.271246448228123e-05,-0.0007056219764745988,0.06205842718231971,5.678780254538356e-07,-2.7057875287773737e-07,0.15940367933717664,1.1582693559323816e-06,5.69247118206434e-07,0.05115919540473793,-9.853681180700815e-07,9.84406325883107e-05,0.2,0.0,0.0,0.0,0.0,2.962962962962963,2.962962962962963,8.664360840349161e-06,6.543098962197291e-06,2.555874835539885,2.5290280016077586,-0.003146381242300135,7.143936301833515e-05
X+,1789636133.3278494,3.587800979614258,3.6129313300007198,0.05882089871572388,-5.613126148368459e-06,7.144415662382848e-05,0.1496040840576179,-9.271246448228123e-05,-0.0007056219764745988,0.06205842718231971,5.678780254538356e-07,-2.7057875287773737e-07,0.15940367933717664,1.1582693559323816e-06,5.69247118206434e-07,0.05115919540473793,-9.853681180700815e-07,9.84406325883107e-05,0.2,0.0,0.0,0.0,0.0,2.962962962962963,2.962962962962963,8.664360840349161e-06,6.543098962197291e-06,2.555874835539885,2.5290280016077586,-0.003146381242300135,7.143936301833515e-05
X+,1789636133.3530066,3.6129581928253174,3.639521966000757,0.05882089871572388,-5.613126148368459e-06,7.144415662382848e-05,0.1496040840576179,-9.271246448228123e-05,-0.0007056219764745988,0.06205842718231971,5.678780254538356e-07,-2.7057875287773737e-07,0.15940367933717664,1.1582693559323816e-06,5.69247118206434e-07,0.05115919540473793,-9.853681180700815e-07,9.84406325883107e-05,0.2,0.0,0.0,0.0,0.0,2.962962962962963,2.962962962962963,8.664360840349161e-06,6.543098962197291e-06,2.555874835539885,2.5290280016077586,-0.003146381242300135,7.143936301833515e-05
X+,1789636133.3796015,3.6395530700683594,3.672986474000936,0.05882089871572388,-5.613126148368459e-06,7.144415662382848e-05,0.1496040840576179,-9.271246448228123e-05,-0.0007056219764745988,0.06205842718231971,5.678780254538356e-07,-2.7057875287773737e-07,0.15940367933717664,1.1582693559323816e-06,5.69247118206434e-07,0.05115919540473793,-9.853681180700815e-07,9.84406325883107e-05,0.2,0.0,0.0,0.0,0.0,2.962962962962963,2.962962962962963,8.664360840349161e-06,6.543098962197291e-06,2.555874835539885,2.5290280016077586,-0.003146381242300135,7.143936301833515e-05
X+,1789636133.4130635,3.6730151176452637,3.7005181750027987,0.05882089871572388,-5.613126148368459e-06,7.144415662382848e-05,0.1496040840576179,-9.271246448228123e-05,-0.0007056219764745988,0.06205842718231971,5.678780254538356e-07,-2.7057875287773737e-07,0.15940367933717664,1.1582693559323816e-06,5.69247118206434e-07,0.05115919540473793,-9.853681180700815e-07,9.84406325883107e-05,0.2,0.0,0.0,0.0,0.0,2.962962962962963,2.962962962962963,8.664360840349161e-06,6.543098962197291e-06,2.555874835539885,2.5290280016077586,-0.003146381242300135,7.143936301833515e-05
X+,1789636133.440593,3.700544595718384,3.732262929999706,0.05882089871572388,-5.613126148368459e-06,7.144415662382848e-05,0.1496040840576179,-9.271246448228123e-05,-0.0007056219764745988,0.06205842718231971,5.678780254538356e-07,-2.7057875287773737e-07,0.15940367933717664,1.1582693559323816e-06,5.69247118206434e-07,0.05115919540473793,-9.853681180700815e-07,9.84406325883107e-05,0.2,0.0,0.0,0.0,0.0,2.962962962962963,2.962962962962963,8.664360840349161e-06,6.543098962197291e-06,2.555874835539885,2.5290280016077586,-0.003146381242300135,7.143936301833515e-05
X+,1789636133.4723432,3.732294797897339,3.760907481002505,0.05882089871572388,-5.613126148368459e-06,7.144415662382848e-05,0.1496040840576179,-9.271246448228123e-05,-0.0007056219764745988,0.06205842718231971,5.678780254538356e-07,-2.7057875287773737e-07,0.15940367933717664,1.1582693559323816e-06,5.69247118206434e-07,0.05115919540473793,-9.853681180700815e-07,9.84406325883107e-05,0.2,0.0,0.0,0.0,0.0,2.962962962962963,2.962962962962963,8.664360840349161e-06,6.543098962197291e-06,2.555874835539885,2.5290280016077586,-0.003146381242300135,7.143936301833515e-05
X+,1789636133.5009832,3.760934829711914,3.791315468999528,0.05882089871572388,-5.613126148368459e-06,7.144415662382848e-05,0.1496040840576179,-9.271246448228123e-05,-0.0007056219764745988,0.06205842718231971,5.678780254538356e-07,-2.7057875287773737e-07,0.15940367933717664,1.1582693559323816e-06,5.69247118206434e-07,0.05115919540473793,-9.853681180700815e-07,9.84406325883107e-05,0.2,0.0,0.0,0.0,0.0,2.962962962962963,2.962962962962963,8.664360840349161e-06,6.543098962197291e-06,2.555874835539885,2.5290280016077586,-0.003146381242300135,7.143936301833515e-05
X+,1789636133.5313916,3.7913432121276855,3.8280234200028644,0.061666321900318496,-6.043707633409182e-06,7.136347262581338e-05,0.14928210142377854,-9.498759370330675e-05,-0.0007073020568968805,0.06205842718231971,5.678780254538356e-07,-2.7057875287773737e-07,0.15940367933717664,1.1582693559323816e-06,5.69247118206434e-07,0.05115919540473793,-9.853681180700815e-07,9.84406325883107e-05,0.2,0.0,0.0,0.0,0.0,2.962962962962963,2.962962962962963,8.928007615871536e-06,6.90768350875004e-06,2.583266862560068,2.554237624356899,-0.0011689232492041362,7.134444517977122e-05
X+,1789636133.5680993,3.8280508518218994,3.8608027180016506,0.06539755926008634,-6.597130232059191e-06,7.113189017440333e-05,0.1485389913494389,-9.193840186560773e-05,-0.0006906519582577206,0.06205842718231971,5.678780254538356e-07,-2.7057875287773737e-07,0.15940367933717664,1.1582693559323816e-06,5.69247118206434e-07,0.05115919540473793,-9.853681180700815e-07,9.84406325883107e-05,0.2,0.0,0.0,0.0,0.0,2.962962962962963,2.962962962962963,9.21256700170403e-06,7.388960743703876e-06,2.6108356383483584,2.57936891317964,-4.8912610276794616e-05,7.115691708712362e-05
X+,1789636133.6008804,3.8608319759368896,3.8863060240000777,0.06777413771991389,-6.947473010346372e-06,7.103684909569713e-05,0.1478691214318588,-9.024917917300424e-05,-0.0006751981712645892,0.06205842718231971,5.678780254538356e-07,-2.7057875287773737e-07,0.15940367933717664,1.1582693559323816e-06,5.69247118206434e-07,0.05115919540473793,-9.853681180700815e-07,9.84406325883107e-05,0.2,0.0,0.0,0.0,0.0,2.962962962962963,2.962962962962963,9.489763151293573e-06,8.016425871559818e-06,2.639209138242565,2.605038502607482,-0.0007191320149679132,7.107734403157109e-05
X+,1789636133.6263866,3.886338233947754,3.9218598440020287,0.07028624396120034,-7.3193377031315066e-06,7.100313087501448e-05,0.14698430001476195,-8.749907111645029e-05,-0.0006531755525082197,0.07885041037385994,7.146966828305234e-07,-2.3271841011984032e-07,0.16791983191499887,1.5136221124699321e-06,3.7860342757897016e-07,0.06688827261305927,-4.220797505981726e-06,-9.807848433185382e-05,0.2,0.0,0.0,0.0,0.0,2.962962962962963,2.962962962962963,9.757638849805517e-06,8.81049696221936e-06,2.669135685549355,2.631930080582722,0.0004437143143884451,7.100279385788421e-05
X+,1789636133.661933,3.921884536743164,3.9511967880025622,0.072635627317819,-7.664688861842676e-06,7.108413100757351e-05,0.1459797437919273,-8.430396713532881e-05,-0.0006271761049391086,0.07885041037385994,7.146966828305234e-07,-2.3271841011984032e-07,0.16791983191499887,1.5136221124699321e-06,3.7860342757897016e-07,0.06688827261305927,-4.220797505981726e-06,-9.807848433185382e-05,0.2,0.0,0.0,0.0,0.0,2.962962962962963,2.962962962962963,9.886377620560438e-06,9.278871332618621e-06,2.6849441867469217,2.6460796631010584,-0.0011905979728357343,7.10740237028212e-05
X+,1789636133.6912742,3.951225757598877,3.9882045140002447,0.07409539348906674,-7.879874862508525e-06,7.12046278640035e-05,0.14526218746451197,-8.24404640495189e-05,-0.0006048864684312184,0.07885041037385994,7.146966828305234e-07,-2.3271841011984032e-07,0.16791983191499887,1.5136221124699321e-06,3.7860342757897016e-07,0.06688827261305927,-4.220797505981726e-06,-9.807848433185382e-05,0.2,0.0,0.0,0.0,0.0,2.962962962962963,2.962962962962963,1.001074800033308e-05,9.796514038207249e-06,2.7014759343205075,2.6608407874456543,-0.00012174974605968223,7.12046278640035e-05
X+,1789636133.7282822,3.988233804702759,4.014282775002357,0.07409539348906674,-7.879874862508525e-06,7.12046278640035e-05,0.14526218746451197,-8.24404640495189e-05,-0.0006048864684312184,0.07885041037385994,7.146966828305234e-07,-2.3271841011984032e-07,0.16791983191499887,1.5136221124699321e-06,3.7860342757897016e-07,0.06688827261305927,-4.220797505981726e-06,-9.807848433185382e-05,0.2,0.0,0.0,0.0,0.0,2.962962962962963,2.962962962962963,1.001074800033308e-05,9.796514038207249e-06,2.7014759343205075,2.6608407874456543,-0.00012174974605968223,7.12046278640035e-05
X+,1789636133.7543585,4.014310121536255,4.043087780999485,0.07409539348906674,-7.879874862508525e-06,7.12046278640035e-05,0.14526218746451197,-8.24404640495189e-05,-0.0006048864684312184,0.07885041037385994,7.146966828305234e-07,-2.3271841011984032e-07,0.16791983191499887,1.5136221124699321e-06,3.7860342757897016e-07,0.06688827261305927,-4.220797505981726e-06,-9.807848433185382e-05,0.2,0.0,0.0,0.0,0.0,2.962962962962963,2.962962962962963,1.001074800033308e-05,9.796514038207249e-06,2.7014759343205075,2.6608407874456543,-0.00012174974605968223,7.12046278640035e-05
X+,1789636133.783163,4.04311466217041,4.071739751001587,0.07409539348906674,-7.879874862508525e-06,7.12046278640035e-05,0.14526218746451197,-8.24404640495189e-05,-0.0006048864684312184,0.07885041037385994,7.146966828305234e-07,-2.3271841011984032e-07,0.16791983191499887,1.5136221124699321e-06,3.7860342757897016e-07,0.06688827261305927,-4.220797505981726e-06,-9.807848433185382e-05,0.2,0.0,0.0,0.0,0.0,2.962962962962963,2.962962962962963,1.001074800033308e-05,9.796514038207249e-06,2.7014759343205075,2.6608407874456543,-0.00012174974605968223,7.12046278640035e-05
X+,1789636133.8118145,4.071766138076782,4.098069158000726,0.07409539348906674,-7.879874862508525e-06,7.12046278640035e-05,0.14526218746451197,-8.24404640495189e-05,-0.0006048864684312184,0.07885041037385994,7.146966828305234e-07,-2.3271841011984032e-07,0.16791983191499887,1.5136221124699321e-06,3.7860342757897016e-07,0.06688827261305927,-4.220797505981726e-06,-9.807848433185382e-05,0.2,0.0,0.0,0.0,0.0,2.962962962962963,2.962962962962963,1.001074800033308e-05,9.796514038207249e-06,2.7014759343205075,2.6608407874456543,-0.00012174974605968223,7.12046278640035e-05
X+,1789636133.8381503,4.098101854324341,4.123909789999743,0.07409539348906674,-7.879874862508525e-06,7.12046278640035e-05,0.14526218746451197,-8.24404640495189e-05,-0.0006048864684312184,0.07885041037385994,7.146966828305234e-07,-2.3271841011984032e-07,0.16791983191499887,1.5136221124699321e-06,3.7860342757897016e-07,0.06688827261305927,-4.220797505981726e-06,-9.807848433185382e-05,0.2,0.0,0.0,0.0,0.0,2.962962962962963,2.962962962962963,1.001074800033308e-05,9.796514038207249e-06,2.7014759343205075,2.6608407874456543,-0.00012174974605968223,7.12046278640035e-05
X+,1789636133.863983,4.123934507369995,4.1504472859996895,0.07409539348906674,-7.879874862508525e-06,7.12046278640035e-05,0.14526218746451197,-8.24404640495189e-05,-0.0006048864684312184,0.07885041037385994,7.146966828305234e-07,-2.3271841011984032e-07,0.16791983191499887,1.5136221124699321e-06,3.7860342757897016e-07,0.06688827261305927,-4.220797505981726e-06,-9.807848433185382e-05,0.2,0.0,0.0,0.0,0.0,2.962962962962963,2.962962962962963,1.001074800033308e-05,9.796514038207249e-06,2.7014759343205075,2.6608407874456543,-0.00012174974605968223,7.12046278640035e-05
X+,1789636133.890587,4.150538682937622,4.182909728002414,0.07409539348906674,-7.879874862508525e-06,7.12046278640035e-05,0.14526218746451197,-8.24404640495189e-05,-0.0006048864684312184,0.07885041037385994,7.146966828305234e-07,-2.3271841011984032e-07,0.16791983191499887,1.5136221124699321e-06,3.7860342757897016e-07,0.06688827261305927,-4.220797505981726e-06,-9.807848433185382e-05,0.2,0.0,0.0,0.0,0.0,2.962962962962963,2.962962962962963,1.001074800033308e-05,9.796514038207249e-06,2.7014759343205075,2.6608407874456543,-0.00012174974605968223,7.12046278640035e-05
X+,1789636133.9229898,4.182941436767578,4.209802825000224,0.07409539348906674,-7.879874862508525e-06,7.12046278640035e-05,0.14526218746451197,-8.24404640495189e-05,-0.0006048864684312184,0.07885041037385994,7.146966828305234e-07,-2.3271841011984032e-07,0.16791983191499887,1.5136221124699321e-06,3.7860342757897016e-07,0.06688827261305927,-4.220797505981726e-06,-9.807848433185382e-05,0.2,0.0,0.0,0.0,0.0,2.962962962962963,2.962962962962963,1.001074800033308e-05,9.796514038207249e-06,2.7014759343205075,2.6608407874456543,-0.00012174974605968223,7.12046278640035e-05
X+,1789636133.9498787,4.209830284118652,4.235686715001066,0.07409539348906674,-7.879874862508525e-06,7.12046278640035e-05,0.14526218746451197,-8.24404640495189e-05,-0.0006048864684312184,0.07885041037385994,7.146966828305234e-07,-2.3271841011984032e-07,0.16791983191499887,1.5136221124699321e-06,3.7860342757897016e-07,0.06688827261305927,-4.220797505981726e-06,-9.807848433185382e-05,0.2,0.0,0.0,0.0,0.0,2.962962962962963,2.962962962962963,1.001074800033308e-05,9.796514038207249e-06,2.7014759343205075,2.6608407874456543,-0.00012174974605968223,7.12046278640035e-05
X+,1789636133.9757628,4.235714435577393,4.262638710002648,0.07409539348906674,-7.879874862508525e-06,7.12046278640035e-05,0.14526218746451197,-8.24404640495189e-05,-0.0006048864684312184,0.07885041037385994,7.146966828305234e-07,-2.3271841011984032e-07,0.16791983191499887,1.5136221124699321e-06,3.7860342757897016e-07,0.06688827261305927,-4.220797505981726e-06,-9.807848433185382e-05,0.2,0.0,0.0,0.0,0.0,2.962962962962963,2.962962962962963,1.001074800033308e-05,9.796514038207249e-06,2.7014759343205075,2.6608407874456543,-0.00012174974605968223,7.12046278640035e-05
X+,1789636134.0027165,4.262668132781982,4.293427494001662,0.07409539348906674,-7.879874862508525e-06,7.12046278640035e-05,0.14526218746451197,-8.24404640495189e-05,-0.0006048864684312184,0.07885041037385994,7.146966828305234e-07,-2.3271841011984032e-07,0.16791983191499887,1.5136221124699321e-06,3.7860342757897016e-07,0.06688827261305927,-4.220797505981726e-06,-9.807848433185382e-05,0.2,0.0,0.0,0.0,0.0,2.962962962962963,2.962962962962963,1.001074800033308e-05,9.796514038207249e-06,2.7014759343205075,2.6608407874456543,-0.00012174974605968223,7.12046278640035e-05
X+,1789636134.0335026,4.293454170227051,4.323662877999595,0.07409539348906674,-7.879874862508525e-06,7.12046278640035e-05,0.14526218746451197,-8.24404640495189e-05,-0.0006048864684312184,0.07885041037385994,7.146966828305234e-07,-2.3271841011984032e-07,0.16791983191499887,1.5136221124699321e-06,3.7860342757897016e-07,0.06688827261305927,-4.220797505981726e-06,-9.807848433185382e-05,0.2,0.0,0.0,0.0,0.0,2.962962962962963,2.962962962962963,1.001074800033308e-05,9.796514038207249e-06,2.7014759343205075,2.6608407874456543,-0.00012174974605968223,7.12046278640035e-05
X+,1789636134.0637412,4.323692798614502,4.349543238000479,0.07583720623950423,-8.138392100786283e-06,7.146162840557187e-05,0.14430433144281765,-7.965518941453363e-05,-0.0005728352223981366,0.07885041037385994,7.146966828305234e-07,-2.3271841011984032e-07,0.16791983191499887,1.5136221124699321e-06,3.7860342757897016e-07,0.06688827261305927,-4.220797505981726e-06,-9.807848433185382e-05,0.2,0.0,0.0,0.0,0.0,2.962962962962963,2.962962962962963,1.0131953428249574e-05,1.0372437539984958e-05,2.718862974655292,2.676329862815665,0.0004164082878844444,7.138610165259414e-05
X+,1789636134.0896173,4.349568843841553,4.381375398999808,0.0782838556491827,-8.499029611052679e-06,7.20096390578691e-05,0.14275510142098544,-7.377286775246469e-05,-0.0005193608415143946,0.07885041037385994,7.146966828305234e-07,-2.3271841011984032e-07,0.16791983191499887,1.5136221124699321e-06,3.7860342757897016e-07,0.06688827261305927,-4.220797505981726e-06,-9.807848433185382e-05,0.2,0.0,0.0,0.0,0.0,2.962962962962963,2.962962962962963,1.0362376688277664e-05,1.1712957372012056e-05,2.756790130748756,2.709808293185121,-0.0015977956313624592,7.208900800384793e-05
X+,1789636134.1214573,4.381408929824829,4.413219015001232,0.08154855908183735,-8.960320809631162e-06,7.309250217321025e-05,0.14027113955409232,-5.856072978124269e-05,-0.0004053449736959222,0.07885041037385994,7.146966828305234e-07,-2.3271841011984032e-07,0.16791983191499887,1.5136221124699321e-06,3.7860342757897016e-07,0.06688827261305927,-4.220797505981726e-06,-9.807848433185382e-05,0.2,0.0,0.0,0.0,0.0,2.962962962962963,2.962962962962963,1.0699423078186499e-05,1.424518987214185e-05,2.824155945150973,2.768252835625739,-0.0016006984622858574,7.298604680999363e-05
X+,1789636134.1532981,4.413249731063843,4.456207963001361,0.08406070871693483,-9.30271433473382e-06,7.416964024657074e-05,0.1379739247304711,-3.9923704368916956e-05,-0.0002658479497424054,0.07885041037385994,7.146966828305234e-07,-2.3271841011984032e-07,0.16791983191499887,1.5136221124699321e-06,3.7860342757897016e-07,0.06688827261305927,-4.220797505981726e-06,-9.807848433185382e-05,0.2,0.0,0.0,0.0,0.0,2.962962962962963,2.962962962962963,1.0820031125291507e-05,1.5248682654345203e-05,2.849991075450387,2.790837905645495,-0.0003784860665545389,7.416964024657074e-05
X+,1789636134.196284,4.456235647201538,4.489005193001503,0.08707065724935875,-9.734578947003143e-06,7.596729708869327e-05,0.13468746965539857,-1.2245174231482081e-05,1.952805601797801e-05,0.09698186401634791,9.573571712771023e-07,-3.8656142869914865e-07,0.1813145364243101,2.468800115114137e-06,-1.5384301857930825e-06,0.08402851868023231,-6.345657352330742e-06,-6.283097731429866e-05,0.2,0.0,0.0,0.0,0.0,2.962962962962963,2.962962962962963,1.109425938849995e-05,1.75308133405494e-05,2.906931110580323,2.8411544902437282,0.0003521664326779074,7.530677761400215e-05
X+,1789636134.2290869,4.489038467407227,4.5233792750004795,0.0881465517489,-9.924384605238847e-06,7.684024467281913e-05,0.13335276302291543,7.847852195390869e-07,0.0001727218577497194,0.09698186401634791,9.573571712771023e-07,-3.8656142869914865e-07,0.1813145364243101,2.468800115114137e-06,-1.5384301857930825e-06,0.08402851868023231,-6.345657352330742e-06,-6.283097731429866e-05,0.2,0.0,0.0,0.0,0.0,2.962962962962963,2.962962962962963,1.1260176789207321e-05,1.8826414381223344e-05,2.9376093769523446,2.8686629041722616,0.002923768227604579,7.649961503379307e-05
X+,1789636134.263456,4.523407697677612,4.555196815003001,0.0881465517489,-9.924384605238847e-06,7.684024467281913e-05,0.13335276302291543,7.847852195390869e-07,0.0001727218577497194,0.09698186401634791,9.573571712771023e-07,-3.8656142869914865e-07,0.1813145364243101,2.468800115114137e-06,-1.5384301857930825e-06,0.08402851868023231,-6.345657352330742e-06,-6.283097731429866e-05,0.2,0.0,0.0,0.0,0.0,2.962962962962963,2.962962962962963,1.1260176789207321e-05,1.8826414381223344e-05,2.9376093769523446,2.8686629041722616,0.002923768227604579,7.649961503379307e-05
X+,1789636134.29528,4.55523157119751,4.585376980001456,0.0881465517489,-9.924384605238847e-06,7.684024467281913e-05,0.13335276302291543,7.847852195390869e-07,0.0001727218577497194,0.09698186401634791,9.573571712771023e-07,-3.8656142869914865e-07,0.1813145364243101,2.468800115114137e-06,-1.5384301857930825e-06,0.08402851868023231,-6.345657352330742e-06,-6.283097731429866e-05,0.2,0.0,0.0,0.0,0.0,2.962962962962963,2.962962962962963,1.1260176789207321e-05,1.8826414381223344e-05,2.9376093769523446,2.8686629041722616,0.002923768227604579,7.649961503379307e-05
X+,1789636134.325463,4.58541464805603,4.612407321001228,0.0881465517489,-9.924384605238847e-06,7.684024467281913e-05,0.13335276302291543,7.847852195390869e-07,0.0001727218577497194,0.09698186401634791,9.573571712771023e-07,-3.8656142869914865e-07,0.1813145364243101,2.468800115114137e-06,-1.5384301857930825e-06,0.08402851868023231,-6.345657352330742e-06,-6.283097731429866e-05,0.2,0.0,0.0,0.0,0.0,2.962962962962963,2.962962962962963,1.1260176789207321e-05,1.8826414381223344e-05,2.9376093769523446,2.8686629041722616,0.002923768227604579,7.649961503379307e-05
X+,1789636134.3524816,4.612433195114136,4.638404745001026,0.0881465517489,-9.924384605238847e-06,7.684024467281913e-05,0.13335276302291543,7.847852195390869e-07,0.0001727218577497194,0.09698186401634791,9.573571712771023e-07,-3.8656142869914865e-07,0.1813145364243101,2.468800115114137e-06,-1.5384301857930825e-06,0.08402851868023231,-6.345657352330742e-06,-6.283097731429866e-05,0.2,0.0,0.0,0.0,0.0,2.962962962962963,2.962962962962963,1.1260176789207321e-05,1.8826414381223344e-05,2.9376093769523446,2.8686629041722616,0.002923768227604579,7.649961503379307e-05
X+,1789636134.3784807,4.638432264328003,4.664749958003085,0.0881465517489,-9.924384605238847e-06,7.684024467281913e-05,0.13335276302291543,7.847852195390869e-07,0.0001727218577497194,0.09698186401634791,9.573571712771023e-07,-3.8656142869914865e-07,0.1813145364243101,2.468800115114137e-06,-1.5384301857930825e-06,0.08402851868023231,-6.345657352330742e-06,-6.283097731429866e-05,0.2,0.0,0.0,0.0,0.0,2.962962962962963,2.962962962962963,1.1260176789207321e-05,1.8826414381223344e-05,2.9376093769523446,2.8686629041722616,0.002923768227604579,7.649961503379307e-05
X+,1789636134.4048238,4.664775371551514,4.692500844001188,0.0881465517489,-9.924384605238847e-06,7.684024467281913e-05,0.13335276302291543,7.847852195390869e-07,0.0001727218577497194,0.09698186401634791,9.573571712771023e-07,-3.8656142869914865e-07,0.1813145364243101,2.468800115114137e-06,-1.5384301857930825e-06,0.08402851868023231,-6.345657352330742e-06,-6.283097731429866e-05,0.2,0.0,0.0,0.0,0.0,2.962962962962963,2.962962962962963,1.1260176789207321e-05,1.8826414381223344e-05,2.9376093769523446,2.8686629041722616,0.002923768227604579,7.649961503379307e-05
X+,1789636134.4325757,4.6925272941589355,4.71936749300221,0.0881465517489,-9.924384605238847e-06,7.684024467281913e-05,0.13335276302291543,7.847852195390869e-07,0.0001727218577497194,0.09698186401634791,9.573571712771023e-07,-3.8656142869914865e-07,0.1813145364243101,2.468800115114137e-06,-1.5384301857930825e-06,0.08402851868023231,-6.345657352330742e-06,-6.283097731429866e-05,0.2,0.0,0.0,0.0,0.0,2.962962962962963,2.962962962962963,1.1260176789207321e-05,1.8826414381223344e-05,2.9376093769523446,2.8686629041722616,0.002923768227604579,7.649961503379307e-05
X+,1789636134.459444,4.719395637512207,4.743644548001612,0.0881465517489,-9.924384605238847e-06,7.684024467281913e-05,0.13335276302291543,7.847852195390869e-07,0.0001727218577497194,0.09698186401634791,9.573571712771023e-07,-3.8656142869914865e-07,0.1813145364243101,2.468800115114137e-06,-1.5384301857930825e-06,0.08402851868023231,-6.345657352330742e-06,-6.283097731429866e-05,0.2,0.0,0.0,0.0,0.0,2.962962962962963,2.962962962962963,1.1260176789207321e-05,1.8826414381223344e-05,2.9376093769523446,2.8686629041722616,0.002923768227604579,7.649961503379307e-05
X+,1789636134.4837189,4.743670463562012,4.775244501000998,0.0881465517489,-9.924384605238847e-06,7.684024467281913e-05,0.13335276302291543,7.847852195390869e-07,0.0001727218577497194,0.09698186401634791,9.573571712771023e-07,-3.8656142869914865e-07,0.1813145364243101,2.468800115114137e-06,-1.5384301857930825e-06,0.08402851868023231,-6.345657352330742e-06,-6.283097731429866e-05,0.2,0.0,0.0,0.0,0.0,2.962962962962963,2.962962962962963,1.1260176789207321e-05,1.8826414381223344e-05,2.9376093769523446,2.8686629041722616,0.002923768227604579,7.649961503379307e-05
X+,1789636134.5153244,4.775275945663452,4.8008155360003,0.0881465517489,-9.924384605238847e-06,7.684024467281913e-05,0.13335276302291543,7.847852195390869e-07,0.0001727218577497194,0.09698186401634791,9.573571712771023e-07,-3.8656142869914865e-07,0.1813145364243101,2.468800115114137e-06,-1.5384301857930825e-06,0.08402851868023231,-6.345657352330742e-06,-6.283097731429866e-05,0.2,0.0,0.0,0.0,0.0,2.962962962962963,2.962962962962963,1.1260176789207321e-05,1.8826414381223344e-05,2.9376093769523446,2.8686629041722616,0.002923768227604579,7.649961503379307e-05
X+,1789636134.5408924,4.800843954086304,4.830761090001033,0.0881465517489,-9.924384605238847e-06,7.684024467281913e-05,0.13335276302291543,7.847852195390869e-07,0.0001727218577497194,0.09698186401634791,9.573571712771023e-07,-3.8656142869914865e-07,0.1813145364243101,2.468800115114137e-06,-1.5384301857930825e-06,0.08402851868023231,-6.345657352330742e-06,-6.283097731429866e-05,0.2,0.0,0.0,0.0,0.0,2.962962962962963,2.962962962962963,1.1260176789207321e-05,1.8826414381223344e-05,2.9376093769523446,2.8686629041722616,0.002923768227604579,7.649961503379307e-05
X+,1789636134.5708375,4.830789089202881,4.8599841150025895,0.0905266490077031,-1.0414006945055898e-05,7.881143444566026e-05,0.13007942380209203,1.4259516542065197e-05,0.0004245914610295567,0.09698186401634791,9.573571712771023e-07,-3.8656142869914865e-07,0.1813145364243101,2.468800115114137e-06,-1.5384301857930825e-06,0.08402851868023231,-6.345657352330742e-06,-6.283097731429866e-05,0.2,0.0,0.0,0.0,0.0,2.962962962962963,2.962962962962963,1.1693362512055216e-05,2.171295304975729e-05,2.999943104520846,2.925615559750127,0.0013608332336583233,7.872770301836764e-05
X+,1789636134.6000595,4.860011100769043,4.887722485000268,0.09271821452463004,-1.0972719668715832e-05,7.999856185099475e-05,0.12668887112152943,7.859589293324133e-06,0.0005845812584668964,0.09698186401634791,9.573571712771023e-07,-3.8656142869914865e-07,0.1813145364243101,2.468800115114137e-06,-1.5384301857930825e-06,0.08402851868023231,-6.345657352330742e-06,-6.283097731429866e-05,0.2,0.0,0.0,0.0,0.0,2.962962962962963,2.962962962962963,1.2143787543550388e-05,2.4526151475967595e-05,3.0544990498661977,2.97648668804466,-0.00010379294479451954,7.946917095185964e-05
X+,1789636134.6277988,4.8877503871917725,4.917002038000646,0.09497434765405444,-1.1574894135719764e-05,8.103013244646042e-05,0.12290831556260651,7.771017201611694e-06,0.0007702471484041984,0.09698186401634791,9.573571712771023e-07,-3.8656142869914865e-07,0.1813145364243101,2.468800115114137e-06,-1.5384301857930825e-06,0.08402851868023231,-6.345657352330742e-06,-6.283097731429866e-05,0.2,0.0,0.0,0.0,0.0,2.962962962962963,2.962962962962963,1.2622514460325363e-05,2.703640218371106e-05,3.085321614832517,3.004941130121041,0.0005691803319182529,8.07697822301173e-05
X+,1789636134.6570792,4.9170308113098145,4.9669840120004665,0.0988186167384726,-1.2524902890663145e-05,8.146055487844631e-05,0.11644132848468493,4.935750574077205e-05,0.0010994497183993237,0.1163001096040053,1.3494161954964993e-06,-8.663630621483564e-07,0.19318245587504396,3.9952671283369335e-06,-4.7980163344920785e-06,0.12076295742991713,2.46684414685791e-07,0.00022936890422542447,0.2,0.0,0.0,0.0,0.0,2.962962962962963,2.962962962962963,1.3085962656589345e-05,2.8331637354384043e-05,3.0481677522137867,2.9649877891053626,0.002832159266590007,8.164655933147695e-05
X+,1789636134.7070606,4.967012166976929,5.005460229000164,0.09997904767614534,-1.254161659036343e-05,8.071719397530185e-05,0.11469900541135836,0.00015407586244546473,0.0010468415416572696,0.1163001096040053,1.3494161954964993e-06,-8.663630621483564e-07,0.19318245587504396,3.9952671283369335e-06,-4.7980163344920785e-06,0.12076295742991713,2.46684414685791e-07,0.00022936890422542447,0.2,0.0,0.0,0.0,0.0,2.962962962962963,2.962962962962963,1.2701924463343062e-05,2.6997296630248968e-05,3.0081205522291574,2.926189172276746,-0.002385797956397851,8.11051604939018e-05
X+,1789636134.7455387,5.005490303039551,5.033238969001104,0.09997904767614534,-1.254161659036343e-05,8.071719397530185e-05,0.11469900541135836,0.00015407586244546473,0.0010468415416572696,0.1163001096040053,1.3494161954964993e-06,-8.663630621483564e-07,0.19318245587504396,3.9952671283369335e-06,-4.7980163344920785e-06,0.12076295742991713,2.46684414685791e-07,0.00022936890422542447,0.2,0.0,0.0,0.0,0.0,2.962962962962963,2.962962962962963,1.2701924463343062e-05,2.6997296630248968e-05,3.0081205522291574,2.926189172276746,-0.002385797956397851,8.11051604939018e-05
X+,1789636134.7733145,5.033266067504883,5.058430525001313,0.09997904767614534,-1.254161659036343e-05,8.071719397530185e-05,0.11469900541135836,0.00015407586244546473,0.0010468415416572696,0.1163001096040053,1.3494161954964993e-06,-8.663630621483564e-07,0.19318245587504396,3.9952671283369335e-06,-4.7980163344920785e-06,0.12076295742991713,2.46684414685791e-07,0.00022936890422542447,0.2,0.0,0.0,0.0,0.0,2.962962962962963,2.962962962962963,1.2701924463343062e-05,2.6997296630248968e-05,3.0081205522291574,2.926189172276746,-0.002385797956397851,8.11051604939018e-05
X+,1789636134.7985096,5.0584611892700195,5.085413775002962,0.09997904767614534,-1.254161659036343e-05,8.071719397530185e-05,0.11469900541135836,0.00015407586244546473,0.0010468415416572696,0.1163001096040053,1.3494161954964993e-06,-8.663630621483564e-07,0.19318245587504396,3.9952671283369335e-06,-4.7980163344920785e-06,0.12076295742991713,2.46684414685791e-07,0.00022936890422542447,0.2,0.0,0.0,0.0,0.0,2.962962962962963,2.962962962962963,1.2701924463343062e-05,2.6997296630248968e-05,3.0081205522291574,2.926189172276746,-0.002385797956397851,8.11051604939018e-05
X+,1789636134.8254893,5.0854408740997314,5.10898381700099,0.09997904767614534,-1.254161659036343e-05,8.071719397530185e-05,0.11469900541135836,0.00015407586244546473,0.0010468415416572696,0.1163001096040053,1.3494161954964993e-06,-8.663630621483564e-07,0.19318245587504396,3.9952671283369335e-06,-4.7980163344920785e-06,0.12076295742991713,2.46684414685791e-07,0.00022936890422542447,0.2,0.0,0.0,0.0,0.0,2.962962962962963,2.962962962962963,1.2701924463343062e-05,2.6997296630248968e-05,3.0081205522291574,2.926189172276746,-0.002385797956397851,8.11051604939018e-05
X+,1789636134.849059,5.109010696411133,5.132608629002789,0.09997904767614534,-1.254161659036343e-05,8.071719397530185e-05,0.11469900541135836,0.00015407586244546473,0.0010468415416572696,0.1163001096040053,1.3494161954964993e-06,-8.663630621483564e-07,0.19318245587504396,3.9952671283369335e-06,-4.7980163344920785e-06,0.12076295742991713,2.46684414685791e-07,0.00022936890422542447,0.2,0.0,0.0,0.0,0.0,2.962962962962963,2.962962962962963,1.2701924463343062e-05,2.6997296630248968e-05,3.0081205522291574,2.926189172276746,-0.002385797956397851,8.11051604939018e-05
X+,1789636134.8726842,5.132635831832886,5.157652669000527,0.09997904767614534,-1.254161659036343e-05,8.071719397530185e-05,0.11469900541135836,0.00015407586244546473,0.0010468415416572696,0.1163001096040053,1.3494161954964993e-06,-8.663630621483564e-07,0.19318245587504396,3.9952671283369335e-06,-4.7980163344920785e-06,0.12076295742991713,2.46684414685791e-07,0.00022936890422542447,0.2,0.0,0.0,0.0,0.0,2.962962962962963,2.962962962962963,1.2701924463343062e-05,2.6997296630248968e-05,3.0081205522291574,2.926189172276746,-0.002385797956397851,8.11051604939018e-05
X+,1789636134.8977294,5.157680988311768,5.181471287000022,0.09997904767614534,-1.254161659036343e-05,8.071719397530185e-05,0.11469900541135836,0.00015407586244546473,0.0010468415416572696,0.1163001096040053,1.3494161954964993e-06,-8.663630621483564e-07,0.19318245587504396,3.9952671283369335e-06,-4.7980163344920785e-06,0.12076295742991713,2.46684414685791e-07,0.00022936890422542447,0.2,0.0,0.0,0.0,0.0,2.962962962962963,2.962962962962963,1.2701924463343062e-05,2.6997296630248968e-05,3.0081205522291574,2.926189172276746,-0.002385797956397851,8.11051604939018e-05
X+,1789636134.9216516,5.181603193283081,5.210842453001533,0.09997904767614534,-1.254161659036343e-05,8.071719397530185e-05,0.11469900541135836,0.00015407586244546473,0.0010468415416572696,0.1163001096040053,1.3494161954964993e-06,-8.663630621483564e-07,0.19318245587504396,3.9952671283369335e-06,-4.7980163344920785e-06,0.12076295742991713,2.46684414685791e-07,0.00022936890422542447,0.2,0.0,0.0,0.0,0.0,2.962962962962963,2.962962962962963,1.2701924463343062e-05,2.6997296630248968e-05,3.0081205522291574,2.926189172276746,-0.002385797956397851,8.11051604939018e-05
X+,1789636134.950921,5.210872650146484,5.247183628001949,0.09997904767614534,-1.254161659036343e-05,8.071719397530185e-05,0.11469900541135836,0.00015407586244546473,0.0010468415416572696,0.1163001096040053,1.3494161954964993e-06,-8.663630621483564e-07,0.19318245587504396,3.9952671283369335e-06,-4.7980163344920785e-06,0.12076295742991713,2.46684414685791e-07,0.00022936890422542447,0.2,0.0,0.0,0.0,0.0,2.962962962962963,2.962962962962963,1.2701924463343062e-05,2.6997296630248968e-05,3.0081205522291574,2.926189172276746,-0.002385797956397851,8.11051604939018e-05
X+,1789636134.9872644,5.247215986251831,5.275373596999998,0.09997904767614534,-1.254161659036343e-05,8.071719397530185e-05,0.11469900541135836,0.00015407586244546473,0.0010468415416572696,0.1163001096040053,1.3494161954964993e-06,-8.663630621483564e-07,0.19318245587504396,3.9952671283369335e-06,-4.7980163344920785e-06,0.12076295742991713,2.46684414685791e-07,0.00022936890422542447,0.2,0.0,0.0,0.0,0.0,2.962962962962963,2.962962962962963,1.2701924463343062e-05,2.6997296630248968e-05,3.0081205522291574,2.926189172276746,-0.002385797956397851,8.11051604939018e-05
X+,1789636135.0154533,5.275404930114746,5.31480807600019,0.10032378038260928,-1.25538024073708e-05,8.054087766218132e-05,0.11421652978825494,0.00020695632428103286,0.0009453961318554104,0.1163001096040053,1.3494161954964993e-06,-8.663630621483564e-07,0.19318245587504396,3.9952671283369335e-06,-4.7980163344920785e-06,0.12076295742991713,2.46684414685791e-07,0.00022936890422542447,0.2,0.0,0.0,0.0,0.0,2.962962962962963,2.962962962962963,1.2701924463343062e-05,2.6997296630248968e-05,3.0081205522291574,2.926189172276746,-0.002385797956397851,8.11051604939018e-05
X+,1789636135.0548832,5.314834833145142,5.344171841999923,0.10236252494136164,-1.2172277011217314e-05,8.202295364703097e-05,0.11165685310270335,0.0003815714670992296,0.0011607500045146333,0.1163001096040053,1.3494161954964993e-06,-8.663630621483564e-07,0.19318245587504396,3.9952671283369335e-06,-4.7980163344920785e-06,0.12076295742991713,2.46684414685791e-07,0.00022936890422542447,0.2,0.0,0.0,0.0,0.0,2.962962962962963,2.962962962962963,7.796347027522188e-06,1.6650920188432394e-05,2.9146280304640393,2.8434985780704336,0.00043026183662624965,8.06154071422509e-05
X+,1789636135.08425,5.344201564788818,5.37947737200011,0.10413836609341996,-1.0756970031397875e-05,8.542710864338886e-05,0.11022607767220334,0.00018301122319482757,0.00028527282263269676,0.1163001096040053,1.3494161954964993e-06,-8.663630621483564e-07,0.19318245587504396,3.9952671283369335e-06,-4.7980163344920785e-06,0.12076295742991713,2.46684414685791e-07,0.00022936890422542447,0.2,0.0,0.0,0.0,0.0,2.962962962962963,2.962962962962963,3.739577440597941e-06,1.3578638748512617e-05,2.811996580701644,2.763699271501185,-0.0008673183790286436,8.506749243565187e-05
X+,1789636135.119553,5.379504680633545,5.406345041003078,0.1054579837506743,-1.123370124446986e-05,8.702548692999527e-05,0.10991387026523665,2.6148317876297178e-05,0.0002938489965933102,0.1163001096040053,1.3494161954964993e-06,-8.663630621483564e-07,0.19318245587504396,3.9952671283369335e-06,-4.7980163344920785e-06,0.12076295742991713,2.46684414685791e-07,0.00022936890422542447,0.2,0.0,0.0,0.0,0.0,2.962962962962963,2.962962962962963,3.2436864687568345e-06,6.667459613751703e-06,2.576307844944864,2.5190761563380684,-4.890111392475926e-05,8.649785168259586e-05
X+,1789636135.1464183,5.406369924545288,5.432089167999948,0.10745096293158118,-1.8653146973213533e-05,0.0001472730672962408,0.1117953244623182,-0.0006119022331121976,0.008210092408130634,0.1163001096040053,1.3494161954964993e-06,-8.663630621483564e-07,0.19318245587504396,3.9952671283369335e-06,-4.7980163344920785e-06,0.12076295742991713,2.46684414685791e-07,0.00022936890422542447,0.2,0.0,0.0,0.0,0.0,2.962962962962963,2.962962962962963,-1.5014339105334784e-06,2.072194280167139e-06,2.3946216626100516,2.3042993018061777,0.0021384787856661264,9.61519601664333e-05
X+,1789636135.1721652,5.432116746902466,5.459561980002036,0.1092772785837828,-2.0777124238483685e-05,0.00023751335101784775,0.1160457565061132,0.0005955599703946881,0.00197554085158867,0.12978969084274863,1.4471842260675757e-06,-1.2843420446975242e-06,0.13489581238653567,1.094549054801349e-06,-4.1797898254916755e-06,0.1207629574299171,2.4668441468578424e-07,0.00022936890422542444,0.2,0.0,0.0,0.0,0.0,2.962962962962963,2.962962962962963,6.375720819740138e-06,2.3201342830958538e-05,1.9956447846698835,1.872196537611119,0.006212743948551291,0.0002290809167115575
X+,1789636135.1996374,5.459589004516602,5.485248578002938,0.11106364226748543,-1.9898710750526974e-05,0.0002279924365155027,0.12151582332621094,0.00019872852377095975,-0.0006661877328608787,0.12978969084274863,1.4471842260675757e-06,-1.2843420446975242e-06,0.13489581238653567,1.094549054801349e-06,-4.1797898254916755e-06,0.1352035412730144,-3.62738532612178e-06,0.00019020508002798322,0.2,0.0,0.0,0.0,0.0,2.962962962962963,2.962962962962963,1.2389926470568469e-05,2.849257904635749e-05,1.7085409624848265,1.620106079098533,-0.0029428965023649365,0.0002357633574826812
X+,1789636135.2253292,5.485280752182007,5.516260051001154,0.11167805665113936,-1.9979847693532386e-05,0.0002238596039215572,0.1235120189655538,0.00014387373178222296,-0.0005503769247767013,0.12978969084274863,1.4471842260675757e-06,-1.2843420446975242e-06,0.13489581238653567,1.094549054801349e-06,-4.1797898254916755e-06,0.1352035412730144,-3.62738532612178e-06,0.00019020508002798322,0.2,0.0,0.0,0.0,0.0,2.962962962962963,2.962962962962963,1.2389926470568469e-05,2.849257904635749e-05,1.7085409624848265,1.620106079098533,0.0004389205918119435,0.0002271443221756044
X+,1789636135.2576294,5.517580986022949,5.54321614500077,0.11167805665113936,-1.9979847693532386e-05,0.0002238596039215572,0.1235120189655538,0.00014387373178222296,-0.0005503769247767013,0.12978969084274863,1.4471842260675757e-06,-1.2843420446975242e-06,0.13489581238653567,1.094549054801349e-06,-4.1797898254916755e-06,0.1352035412730144,-3.62738532612178e-06,0.00019020508002798322,0.2,0.0,0.0,0.0,0.0,2.962962962962963,2.962962962962963,1.2389926470568469e-05,2.849257904635749e-05,1.7085409624848265,1.620106079098533,0.0004389205918119435,0.0002271443221756044
X+,1789636135.2832913,5.543242931365967,5.572753583001031,0.11167805665113936,-1.9979847693532386e-05,0.0002238596039215572,0.1235120189655538,0.00014387373178222296,-0.0005503769247767013,0.12978969084274863,1.4471842260675757e-06,-1.2843420446975242e-06,0.13489581238653567,1.094549054801349e-06,-4.1797898254916755e-06,0.1352035412730144,-3.62738532612178e-06,0.00019020508002798322,0.2,0.0,0.0,0.0,0.0,2.962962962962963,2.962962962962963,1.2389926470568469e-05,2.849257904635749e-05,1.7085409624848265,1.620106079098533,0.0004389205918119435,0.0002271443221756044
X+,1789636135.3128307,5.572782278060913,5.607651000002079,0.11167805665113936,-1.9979847693532386e-05,0.0002238596039215572,0.1235120189655538,0.00014387373178222296,-0.0005503769247767013,0.12978969084274863,1.4471842260675757e-06,-1.2843420446975242e-06,0.13489581238653567,1.094549054801349e-06,-4.1797898254916755e-06,0.1352035412730144,-3.62738532612178e-06,0.00019020508002798322,0.2,0.0,0.0,0.0,0.0,2.962962962962963,2.962962962962963,1.2389926470568469e-05,2.849257904635749e-05,1.7085409624848265,1.620106079098533,0.0004389205918119435,0.0002271443221756044
X+,1789636135.3477278,5.60767936706543,5.635100804000103,0.11167805665113936,-1.9979847693532386e-05,0.0002238596039215572,0.1235120189655538,0.00014387373178222296,-0.0005503769247767013,0.12978969084274863,1.4471842260675757e-06,-1.2843420446975242e-06,0.13489581238653567,1.094549054801349e-06,-4.1797898254916755e-06,0.1352035412730144,-3.62738532612178e-06,0.00019020508002798322,0.2,0.0,0.0,0.0,0.0,2.962962962962963,2.962962962962963,1.2389926470568469e-05,2.849257904635749e-05,1.7085409624848265,1.620106079098533,0.0004389205918119435,0.0002271443221756044
X+,1789636135.3751745,5.635126113891602,5.661915613000019,0.11167805665113936,-1.9979847693532386e-05,0.0002238596039215572,0.1235120189655538,0.00014387373178222296,-0.0005503769247767013,0.12978969084274863,1.4471842260675757e-06,-1.2843420446975242e-06,0.13489581238653567,1.094549054801349e-06,-4.1797898254916755e-06,0.1352035412730144,-3.62738532612178e-06,0.00019020508002798322,0.2,0.0,0.0,0.0,0.0,2.962962962962963,2.962962962962963,1.2389926470568469e-05,2.849257904635749e-05,1.7085409624848265,1.620106079098533,0.0004389205918119435,0.0002271443221756044
X+,1789636135.4019923,5.6619439125061035,5.698604124001577,0.11167805665113936,-1.9979847693532386e-05,0.0002238596039215572,0.1235120189655538,0.00014387373178222296,-0.0005503769247767013,0.12978969084274863,1.4471842260675757e-06,-1.2843420446975242e-06,0.13489581238653567,1.094549054801349e-06,-4.1797898254916755e-06,0.1352035412730144,-3.62738532612178e-06,0.00019020508002798322,0.2,0.0,0.0,0.0,0.0,2.962962962962963,2.962962962962963,1.2389926470568469e-05,2.849257904635749e-05,1.7085409624848265,1.620106079098533,0.0004389205918119435,0.0002271443221756044
X+,1789636135.4386804,5.698632001876831,5.728069968001364,0.11167805665113936,-1.9979847693532386e-05,0.0002238596039215572,0.1235120189655538,0.00014387373178222296,-0.0005503769247767013,0.12978969084274863,1.4471842260675757e-06,-1.2843420446975242e-06,0.13489581238653567,1.094549054801349e-06,-4.1797898254916755e-06,0.1352035412730144,-3.62738532612178e-06,0.00019020508002798322,0.2,0.0,0.0,0.0,0.0,2.962962962962963,2.962962962962963,1.2389926470568469e-05,2.849257904635749e-05,1.7085409624848265,1.620106079098533,0.0004389205918119435,0.0002271443221756044
X+,1789636135.468146,5.728097677230835,5.7554696000006516,0.11167805665113936,-1.9979847693532386e-05,0.0002238596039215572,0.1235120189655538,0.00014387373178222296,-0.0005503769247767013,0.12978969084274863,1.4471842260675757e-06,-1.2843420446975242e-06,0.13489581238653567,1.094549054801349e-06,-4.1797898254916755e-06,0.1352035412730144,-3.62738532612178e-06,0.00019020508002798322,0.2,0.0,0.0,0.0,0.0,2.962962962962963,2.962962962962963,1.2389926470568469e-05,2.849257904635749e-05,1.7085409624848265,1.620106079098533,0.0004389205918119435,0.0002271443221756044
X+,1789636135.495545,5.755496501922607,5.781866192002781,0.11167805665113936,-1.9979847693532386e-05,0.0002238596039215572,0.1235120189655538,0.00014387373178222296,-0.0005503769247767013,0.12978969084274863,1.4471842260675757e-06,-1.2843420446975242e-06,0.13489581238653567,1.094549054801349e-06,-4.1797898254916755e-06,0.1352035412730144,-3.62738532612178e-06,0.00019020508002798322,0.2,0.0,0.0,0.0,0.0,2.962962962962963,2.962962962962963,1.2389926470568469e-05,2.849257904635749e-05,1.7085409624848265,1.620106079098533,0.0004389205918119435,0.0002271443221756044
X+,1789636135.521942,5.781893491744995,5.8090484109998215,0.11167805665113936,-1.9979847693532386e-05,0.0002238596039215572,0.1235120189655538,0.00014387373178222296,-0.0005503769247767013,0.12978969084274863,1.4471842260675757e-06,-1.2843420446975242e-06,0.13489581238653567,1.094549054801349e-06,-4.1797898254916755e-06,0.1352035412730144,-3.62738532612178e-06,0.00019020508002798322,0.2,0.0,0.0,0.0,0.0,2.962962962962963,2.962962962962963,1.2389926470568469e-05,2.849257904635749e-05,1.7085409624848265,1.620106079098533,0.0004389205918119435,0.0002271443221756044
X+,1789636135.5491316,5.8090832233428955,5.856754215001274,0.11167805665113936,-1.9979847693532386e-05,0.0002238596039215572,0.1235120189655538,0.00014387373178222296,-0.0005503769247767013,0.12978969084274863,1.4471842260675757e-06,-1.2843420446975242e-06,0.13489581238653567,1.094549054801349e-06,-4.1797898254916755e-06,0.1352035412730144,-3.62738532612178e-06,0.00019020508002798322,0.2,0.0,0.0,0.0,0.0,2.962962962962963,2.962962962962963,1.2389926470568469e-05,2.849257904635749e-05,1.7085409624848265,1.620106079098533,0.0004389205918119435,0.0002271443221756044
X+,1789636135.5968301,5.856781721115112,5.883788908002316,0.11167805665113936,-1.9979847693532386e-05,0.0002238596039215572,0.1235120189655538,0.00014387373178222296,-0.0005503769247767013,0.12978969084274863,1.4471842260675757e-06,-1.2843420446975242e-06,0.13489581238653567,1.094549054801349e-06,-4.1797898254916755e-06,0.1352035412730144,-3.62738532612178e-06,0.00019020508002798322,0.2,0.0,0.0,0.0,0.0,2.962962962962963,2.962962962962963,1.2389926470568469e-05,2.849257904635749e-05,1.7085409624848265,1.620106079098533,0.0004389205918119435,0.0002271443221756044
X+,1789636135.623867,5.883818626403809,5.914641309002036,0.11345249254993915,-2.0297969726865497e-05,0.0002160736295446575,0.12936162055064188,0.00017833541214549553,-0.00028087339451734474,0.12978969084274863,1.4471842260675757e-06,-1.2843420446975242e-06,0.13489581238653567,1.094549054801349e-06,-4.1797898254916755e-06,0.1352035412730144,-3.62738532612178e-06,0.00019020508002798322,0.2,0.0,0.0,0.0,0.0,2.962962962962963,2.962962962962963,1.0219807491829158e-05,2.4337099483240365e-05,1.5946522728273405,1.5237666796478178,4.744252279807173e-05,0.00021914500210626085
X+,1789636135.6547096,5.914661169052124,5.940502313002071,0.1153103996655701,-1.9763526047309778e-05,0.00021078827262474223,0.13554939638026728,0.0002850521196948309,-0.00028537657321258585,0.12978969084274863,1.4471842260675757e-06,-1.2843420446975242e-06,0.13489581238653567,1.094549054801349e-06,-4.1797898254916755e-06,0.1352035412730144,-3.62738532612178e-06,0.00019020508002798322,0.2,0.0,0.0,0.0,0.0,2.962962962962963,2.962962962962963,8.442600236691078e-06,2.188609198849889e-05,1.551379846361398,1.4758042057115337,-0.004274710668254744,0.00021078827262474223
X+,1789636135.6805801,5.9405317306518555,5.977636960000382,0.11797137277704783,-1.837223406882943e-05,0.0002064756424672406,0.14415438959473242,0.0003297065885155092,-0.0004093344678770134,0.12978969084274863,1.4471842260675757e-06,-1.2843420446975242e-06,0.13489581238653567,1.094549054801349e-06,-4.1797898254916755e-06,0.1352035412730144,-3.62738532612178e-06,0.00019020508002798322,0.2,0.0,0.0,0.0,0.0,2.962962962962963,2.962962962962963,6.039676735625221e-06,1.7491825776261294e-05,1.478628909211759,1.5486880451969351,0.001079966967982187,0.00020786890363270018
X+,1789636135.71772,5.9776716232299805,6.011902230002306,0.12063703125307856,-1.761380179716998e-05,0.00020317906032582588,0.15169858766291267,0.0002973941233564276,-0.0006004925080415025,0.12978969084274863,1.4471842260675757e-06,-1.2843420446975242e-06,0.13489581238653567,1.094549054801349e-06,-4.1797898254916755e-06,0.1352035412730144,-3.62738532612178e-06,0.00019020508002798322,0.2,0.0,0.0,0.0,0.0,2.962962962962963,2.962962962962963,8.630553981703315e-06,1.3054033687787125e-05,1.5678639468325226,1.6745608676096277,-0.000632238846823863,0.0002042773418762847
X+,1789636135.751978,6.011929512023926,6.044847398999991,0.1224855075155763,-1.708973073033873e-05,0.00020192464162153384,0.15618532256272785,0.0002903657667598239,-0.0006637845815601945,0.14011681387624272,1.5466419850291793e-06,-1.3727478110964714e-06,0.10327123033357838,1.1272131727419862e-06,-8.840576639894745e-07,0.14231429929004286,-9.767896492579394e-06,0.00017427181542428732,0.2,0.0,0.0,0.0,0.0,2.962962962962963,2.962962962962963,6.2359415728963086e-06,1.1033220061129612e-05,1.6366153992541328,1.738994577475016,-0.0005352609907070645,0.00020173042573307364
X+,1789636135.7849205,6.044872045516968,6.0742791980010225,0.1256773787903938,-1.6244034768314423e-05,0.00020081050463268552,0.1627067780942514,0.0002912844465234216,-0.0008328729703499255,0.14011681387624272,1.5466419850291793e-06,-1.3727478110964714e-06,0.10327123033357838,1.1272131727419862e-06,-8.840576639894745e-07,0.14231429929004286,-9.767896492579394e-06,0.00017427181542428732,0.2,0.0,0.0,0.0,0.0,2.962962962962963,2.962962962962963,5.881695735787673e-06,7.590866730744494e-06,1.7750186667783145,1.8672016133575713,-0.0026554063200619187,0.0002016464566087082
X+,1789636135.8143556,6.074307203292847,6.109864841000672,0.12633073607394163,-1.5979134972746688e-05,0.00020031478462606347,0.16387188359188343,0.0002735210047311534,-0.0008065857246783428,0.14011681387624272,1.5466419850291793e-06,-1.3727478110964714e-06,0.10327123033357838,1.1272131727419862e-06,-8.840576639894745e-07,0.14231429929004286,-9.767896492579394e-06,0.00017427181542428732,0.2,0.0,0.0,0.0,0.0,2.962962962962963,2.962962962962963,5.881695735787673e-06,7.590866730744494e-06,1.7750186667783145,1.8672016133575713,0.0019627269647616817,0.0002006255197867578
X+,1789636135.8499408,6.10989236831665,6.133960552000644,0.12633073607394163,-1.5979134972746688e-05,0.00020031478462606347,0.16387188359188343,0.0002735210047311534,-0.0008065857246783428,0.14011681387624272,1.5466419850291793e-06,-1.3727478110964714e-06,0.10327123033357838,1.1272131727419862e-06,-8.840576639894745e-07,0.14231429929004286,-9.767896492579394e-06,0.00017427181542428732,0.2,0.0,0.0,0.0,0.0,2.962962962962963,2.962962962962963,5.881695735787673e-06,7.590866730744494e-06,1.7750186667783145,1.8672016133575713,0.0019627269647616817,0.0002006255197867578
X+,1789636135.874039,6.133990526199341,6.160068559001957,0.12633073607394163,-1.5979134972746688e-05,0.00020031478462606347,0.16387188359188343,0.0002735210047311534,-0.0008065857246783428,0.14011681387624272,1.5466419850291793e-06,-1.3727478110964714e-06,0.10327123033357838,1.1272131727419862e-06,-8.840576639894745e-07,0.14231429929004286,-9.767896492579394e-06,0.00017427181542428732,0.2,0.0,0.0,0.0,0.0,2.962962962962963,2.962962962962963,5.881695735787673e-06,7.590866730744494e-06,1.7750186667783145,1.8672016133575713,0.0019627269647616817,0.0002006255197867578
X+,1789636135.9001448,6.1600964069366455,6.187612468002044,0.12633073607394163,-1.5979134972746688e-05,0.00020031478462606347,0.16387188359188343,0.0002735210047311534,-0.0008065857246783428,0.14011681387624272,1.5466419850291793e-06,-1.3727478110964714e-06,0.10327123033357838,1.1272131727419862e-06,-8.840576639894745e-07,0.14231429929004286,-9.767896492579394e-06,0.00017427181542428732,0.2,0.0,0.0,0.0,0.0,2.962962962962963,2.962962962962963,5.881695735787673e-06,7.590866730744494e-06,1.7750186667783145,1.8672016133575713,0.0019627269647616817,0.0002006255197867578
X+,1789636135.927687,6.187638521194458,6.21974616100124,0.12633073607394163,-1.5979134972746688e-05,0.00020031478462606347,0.16387188359188343,0.0002735210047311534,-0.0008065857246783428,0.14011681387624272,1.5466419850291793e-06,-1.3727478110964714e-06,0.10327123033357838,1.1272131727419862e-06,-8.840576639894745e-07,0.14231429929004286,-9.767896492579394e-06,0.00017427181542428732,0.2,0.0,0.0,0.0,0.0,2.962962962962963,2.962962962962963,5.881695735787673e-06,7.590866730744494e-06,1.7750186667783145,1.8672016133575713,0.0019627269647616817,0.0002006255197867578
X+,1789636135.959821,6.219772577285767,6.24407938800141,0.12633073607394163,-1.5979134972746688e-05,0.00020031478462606347,0.16387188359188343,0.0002735210047311534,-0.0008065857246783428,0.14011681387624272,1.5466419850291793e-06,-1.3727478110964714e-06,0.10327123033357838,1.1272131727419862e-06,-8.840576639894745e-07,0.14231429929004286,-9.767896492579394e-06,0.00017427181542428732,0.2,0.0,0.0,0.0,0.0,2.962962962962963,2.962962962962963,5.881695735787673e-06,7.590866730744494e-06,1.7750186667783145,1.8672016133575713,0.0019627269647616817,0.0002006255197867578
X+,1789636135.9841537,6.244105339050293,6.276342018001742,0.12633073607394163,-1.5979134972746688e-05,0.00020031478462606347,0.16387188359188343,0.0002735210047311534,-0.0008065857246783428,0.14011681387624272,1.5466419850291793e-06,-1.3727478110964714e-06,0.10327123033357838,1.1272131727419862e-06,-8.840576639894745e-07,0.14231429929004286,-9.767896492579394e-06,0.00017427181542428732,0.2,0.0,0.0,0.0,0.0,2.962962962962963,2.962962962962963,5.881695735787673e-06,7.590866730744494e-06,1.7750186667783145,1.8672016133575713,0.0019627269647616817,0.0002006255197867578
X+,1789636136.016417,6.276368618011475,6.3048565320023044,0.12633073607394163,-1.5979134972746688e-05,0.00020031478462606347,0.16387188359188343,0.0002735210047311534,-0.0008065857246783428,0.14011681387624272,1.5466419850291793e-06,-1.3727478110964714e-06,0.10327123033357838,1.1272131727419862e-06,-8.840576639894745e-07,0.14231429929004286,-9.767896492579394e-06,0.00017427181542428732,0.2,0.0,0.0,0.0,0.0,2.962962962962963,2.962962962962963,5.881695735787673e-06,7.590866730744494e-06,1.7750186667783145,1.8672016133575713,0.0019627269647616817,0.0002006255197867578
X+,1789636136.0449302,6.304881811141968,6.333326179999858,0.12633073607394163,-1.5979134972746688e-05,0.00020031478462606347,0.16387188359188343,0.0002735210047311534,-0.0008065857246783428,0.14011681387624272,1.5466419850291793e-06,-1.3727478110964714e-06,0.10327123033357838,1.1272131727419862e-06,-8.840576639894745e-07,0.14231429929004286,-9.767896492579394e-06,0.00017427181542428732,0.2,0.0,0.0,0.0,0.0,2.962962962962963,2.962962962962963,5.881695735787673e-06,7.590866730744494e-06,1.7750186667783145,1.8672016133575713,0.0019627269647616817,0.0002006255197867578
X+,1789636136.0734005,6.333352088928223,6.359006791000866,0.12633073607394163,-1.5979134972746688e-05,0.00020031478462606347,0.16387188359188343,0.0002735210047311534,-0.0008065857246783428,0.14011681387624272,1.5466419850291793e-06,-1.3727478110964714e-06,0.10327123033357838,1.1272131727419862e-06,-8.840576639894745e-07,0.14231429929004286,-9.767896492579394e-06,0.00017427181542428732,0.2,0.0,0.0,0.0,0.0,2.962962962962963,2.962962962962963,5.881695735787673e-06,7.590866730744494e-06,1.7750186667783145,1.8672016133575713,0.0019627269647616817,0.0002006255197867578
X+,1789636136.0990794,6.3590309619903564,6.386658620001981,0.12633073607394163,-1.5979134972746688e-05,0.00020031478462606347,0.16387188359188343,0.0002735210047311534,-0.0008065857246783428,0.14011681387624272,1.5466419850291793e-06,-1.3727478110964714e-06,0.10327123033357838,1.1272131727419862e-06,-8.840576639894745e-07,0.14231429929004286,-9.767896492579394e-06,0.00017427181542428732,0.2,0.0,0.0,0.0,0.0,2.962962962962963,2.962962962962963,5.881695735787673e-06,7.590866730744494e-06,1.7750186667783145,1.8672016133575713,0.0019627269647616817,0.0002006255197867578
X+,1789636136.1267338,6.386685371398926,6.417658357000619,0.1266591362926458,-1.5887240503498212e-05,0.00020017745959229497,0.16443769676793316,0.000266686477629661,-0.0007904798305308612,0.14011681387624272,1.5466419850291793e-06,-1.3727478110964714e-06,0.10327123033357838,1.1272131727419862e-06,-8.840576639894745e-07,0.14231429929004286,-9.767896492579394e-06,0.00017427181542428732,0.2,0.0,0.0,0.0,0.0,2.962962962962963,2.962962962962963,5.881695735787673e-06,7.590866730744494e-06,1.7750186667783145,1.8672016133575713,0.0019627269647616817,0.0002006255197867578
X+,1789636136.157735,6.417686700820923,6.4433229160022165,0.1288200348229711,-1.5451942811007743e-05,0.0001998402489894782,0.167852453448452,0.0002633952817650109,-0.0007569167309479477,0.14011681387624272,1.5466419850291793e-06,-1.3727478110964714e-06,0.10327123033357838,1.1272131727419862e-06,-8.840576639894745e-07,0.14231429929004286,-9.767896492579394e-06,0.00017427181542428732,0.2,0.0,0.0,0.0,0.0,2.962962962962963,2.962962962962963,5.690524869983449e-06,1.1798237030014036e-05,1.9046995509620797,1.9859140429558773,-0.003994098307188612,0.000199790243461167
X+,1789636136.1833982,6.443349838256836,6.4760685870023735,0.1320514813602171,-1.5008364955949524e-05,0.00019995093654705725,0.17207609148081693,0.0003259262764171363,-0.0008278348776124039,0.14011681387624272,1.5466419850291793e-06,-1.3727478110964714e-06,0.10327123033357838,1.1272131727419862e-06,-8.840576639894745e-07,0.14231429929004286,-9.767896492579394e-06,0.00017427181542428732,0.2,0.0,0.0,0.0,0.0,2.962962962962963,2.962962962962963,5.507525829173687e-06,-5.7556413999293454e-06,2.0206977066211427,2.0926446580427163,-0.0003951957019302623,0.00020002138856749926
X+,1789636136.2161462,6.476097822189331,6.51364872799968,0.13553094664231954,-1.4005850958511215e-05,0.00019846835444281035,0.17564742337406675,0.00026987146100811594,-0.0006505196642454441,0.14011681387624272,1.5466419850291793e-06,-1.3727478110964714e-06,0.10327123033357838,1.1272131727419862e-06,-8.840576639894745e-07,0.14231429929004286,-9.767896492579394e-06,0.00017427181542428732,0.2,0.0,0.0,0.0,0.0,2.962962962962963,2.962962962962963,4.774944284413607e-06,-5.227145535080524e-06,2.1216137017218863,2.184660856724292,-0.002562233960446557,0.00019844325592434663
X+,1789636136.2537346,6.513686180114746,6.5507173930018325,0.13907395362191258,-1.3711173381771198e-05,0.00019855717333454014,0.1784483109018409,0.00031329129546397516,-0.0007784798547852197,0.15410680157553416,1.4451530893819432e-06,-1.3909707014483625e-06,0.13989987699417572,-8.228417065567777e-07,-1.82228903518911e-07,0.1485220039416667,-1.400682665251667e-05,-9.821070384008475e-05,0.2,0.0,0.0,0.0,0.0,2.962962962962963,2.962962962962963,4.9851146970425475e-06,-5.804723560487446e-06,2.2079163439545506,2.2639195242492,0.0006796984336021342,0.00019851612307402881
X+,1789636136.2908099,6.550761461257935,6.586841730000742,0.14266635119243182,-1.3177962420301073e-05,0.00019792623949625913,0.18059393917728386,0.00032172144403433346,-0.0008278348115384076,0.15410680157553416,1.4451530893819432e-06,-1.3909707014483625e-06,0.13989987699417572,-8.228417065567777e-07,-1.82228903518911e-07,0.1485220039416667,-1.400682665251667e-05,-9.821070384008475e-05,0.2,0.0,0.0,0.0,0.0,2.962962962962963,2.962962962962963,-4.795414340286186e-06,-6.093766662829125e-06,2.2809823747016864,2.3308842966352388,-2.5046909227869566e-05,0.0001981646005068877
X+,1789636136.3269176,6.586869239807129,6.616915955000877,0.14320869537196834,-1.3097206656831513e-05,0.0001978126935410351,0.18086560754042164,0.00032023065568921133,-0.0008274799812017944,0.15410680157553416,1.4451530893819432e-06,-1.3909707014483625e-06,0.13989987699417572,-8.228417065567777e-07,-1.82228903518911e-07,0.1485220039416667,-1.400682665251667e-05,-9.821070384008475e-05,0.2,0.0,0.0,0.0,0.0,2.962962962962963,2.962962962962963,-4.795414340286186e-06,-6.093766662829125e-06,2.2809823747016864,2.3308842966352388,-2.5046909227869566e-05,0.0001981646005068877
X+,1789636136.356991,6.616942644119263,6.651432131002366,0.14320869537196834,-1.3097206656831513e-05,0.0001978126935410351,0.18086560754042164,0.00032023065568921133,-0.0008274799812017944,0.15410680157553416,1.4451530893819432e-06,-1.3909707014483625e-06,0.13989987699417572,-8.228417065567777e-07,-1.82228903518911e-07,0.1485220039416667,-1.400682665251667e-05,-9.821070384008475e-05,0.2,0.0,0.0,0.0,0.0,2.962962962962963,2.962962962962963,-4.795414340286186e-06,-6.093766662829125e-06,2.2809823747016864,2.3308842966352388,-2.5046909227869566e-05,0.0001981646005068877
X+,1789636136.391509,6.651460647583008,6.679320295999787,0.14320869537196834,-1.3097206656831513e-05,0.0001978126935410351,0.18086560754042164,0.00032023065568921133,-0.0008274799812017944,0.15410680157553416,1.4451530893819432e-06,-1.3909707014483625e-06,0.13989987699417572,-8.228417065567777e-07,-1.82228903518911e-07,0.1485220039416667,-1.400682665251667e-05,-9.821070384008475e-05,0.2,0.0,0.0,0.0,0.0,2.962962962962963,2.962962962962963,-4.795414340286186e-06,-6.093766662829125e-06,2.2809823747016864,2.3308842966352388,-2.5046909227869566e-05,0.0001981646005068877
X+,1789636136.419397,6.679348707199097,6.707484926002508,0.14320869537196834,-1.3097206656831513e-05,0.0001978126935410351,0.18086560754042164,0.00032023065568921133,-0.0008274799812017944,0.15410680157553416,1.4451530893819432e-06,-1.3909707014483625e-06,0.13989987699417572,-8.228417065567777e-07,-1.82228903518911e-07,0.1485220039416667,-1.400682665251667e-05,-9.821070384008475e-05,0.2,0.0,0.0,0.0,0.0,2.962962962962963,2.962962962962963,-4.795414340286186e-06,-6.093766662829125e-06,2.2809823747016864,2.3308842966352388,-2.5046909227869566e-05,0.0001981646005068877
X+,1789636136.4475613,6.707512855529785,6.733325364999473,0.14320869537196834,-1.3097206656831513e-05,0.0001978126935410351,0.18086560754042164,0.00032023065568921133,-0.0008274799812017944,0.15410680157553416,1.4451530893819432e-06,-1.3909707014483625e-06,0.13989987699417572,-8.228417065567777e-07,-1.82228903518911e-07,0.1485220039416667,-1.400682665251667e-05,-9.821070384008475e-05,0.2,0.0,0.0,0.0,0.0,2.962962962962963,2.962962962962963,-4.795414340286186e-06,-6.093766662829125e-06,2.2809823747016864,2.3308842966352388,-2.5046909227869566e-05,0.0001981646005068877
X+,1789636136.473497,6.733448505401611,6.771288719999575,0.14320869537196834,-1.3097206656831513e-05,0.0001978126935410351,0.18086560754042164,0.00032023065568921133,-0.0008274799812017944,0.15410680157553416,1.4451530893819432e-06,-1.3909707014483625e-06,0.13989987699417572,-8.228417065567777e-07,-1.82228903518911e-07,0.1485220039416667,-1.400682665251667e-05,-9.821070384008475e-05,0.2,0.0,0.0,0.0,0.0,2.962962962962963,2.962962962962963,-4.795414340286186e-06,-6.093766662829125e-06,2.2809823747016864,2.3308842966352388,-2.5046909227869566e-05,0.0001981646005068877
X+,1789636136.5113626,6.7713141441345215,6.805256330000702,0.14320869537196834,-1.3097206656831513e-05,0.0001978126935410351,0.18086560754042164,0.00032023065568921133,-0.0008274799812017944,0.15410680157553416,1.4451530893819432e-06,-1.3909707014483625e-06,0.13989987699417572,-8.228417065567777e-07,-1.82228903518911e-07,0.1485220039416667,-1.400682665251667e-05,-9.821070384008475e-05,0.2,0.0,0.0,0.0,0.0,2.962962962962963,2.962962962962963,-4.795414340286186e-06,-6.093766662829125e-06,2.2809823747016864,2.3308842966352388,-2.5046909227869566e-05,0.0001981646005068877
X+,1789636136.545338,6.8052895069122314,6.837915254000109,0.14320869537196834,-1.3097206656831513e-05,0.0001978126935410351,0.18086560754042164,0.00032023065568921133,-0.0008274799812017944,0.15410680157553416,1.4451530893819432e-06,-1.3909707014483625e-06,0.13989987699417572,-8.228417065567777e-07,-1.82228903518911e-07,0.1485220039416667,-1.400682665251667e-05,-9.821070384008475e-05,0.2,0.0,0.0,0.0,0.0,2.962962962962963,2.962962962962963,-4.795414340286186e-06,-6.093766662829125e-06,2.2809823747016864,2.3308842966352388,-2.5046909227869566e-05,0.0001981646005068877
X+,1789636136.577992,6.8379435539245605,6.86525817599977,0.14320869537196834,-1.3097206656831513e-05,0.0001978126935410351,0.18086560754042164,0.00032023065568921133,-0.0008274799812017944,0.15410680157553416,1.4451530893819432e-06,-1.3909707014483625e-06,0.13989987699417572,-8.228417065567777e-07,-1.82228903518911e-07,0.1485220039416667,-1.400682665251667e-05,-9.821070384008475e-05,0.2,0.0,0.0,0.0,0.0,2.962962962962963,2.962962962962963,-4.795414340286186e-06,-6.093766662829125e-06,2.2809823747016864,2.3308842966352388,-2.5046909227869566e-05,0.0001981646005068877
X+,1789636136.6053362,6.865287780761719,6.892455709999922,0.14320869537196834,-1.3097206656831513e-05,0.0001978126935410351,0.18086560754042164,0.00032023065568921133,-0.0008274799812017944,0.15410680157553416,1.4451530893819432e-06,-1.3909707014483625e-06,0.13989987699417572,-8.228417065567777e-07,-1.82228903518911e-07,0.1485220039416667,-1.400682665251667e-05,-9.821070384008475e-05,0.2,0.0,0.0,0.0,0.0,2.962962962962963,2.962962962962963,-4.795414340286186e-06,-6.093766662829125e-06,2.2809823747016864,2.3308842966352388,-2.5046909227869566e-05,0.0001981646005068877
X+,1789636136.6325338,6.8924853801727295,6.9199840420005785,0.14320869537196834,-1.3097206656831513e-05,0.0001978126935410351,0.18086560754042164,0.00032023065568921133,-0.0008274799812017944,0.15410680157553416,1.4451530893819432e-06,-1.3909707014483625e-06,0.13989987699417572,-8.228417065567777e-07,-1.82228903518911e-07,0.1485220039416667,-1.400682665251667e-05,-9.821070384008475e-05,0.2,0.0,0.0,0.0,0.0,2.962962962962963,2.962962962962963,-4.795414340286186e-06,-6.093766662829125e-06,2.2809823747016864,2.3308842966352388,-2.5046909227869566e-05,0.0001981646005068877
X+,1789636136.6600611,6.920012712478638,6.946395945000404,0.14320869537196834,-1.3097206656831513e-05,0.0001978126935410351,0.18086560754042164,0.00032023065568921133,-0.0008274799812017944,0.15410680157553416,1.4451530893819432e-06,-1.3909707014483625e-06,0.13989987699417572,-8.228417065567777e-07,-1.82228903518911e-07,0.1485220039416667,-1.400682665251667e-05,-9.821070384008475e-05,0.2,0.0,0.0,0.0,0.0,2.962962962962963,2.962962962962963,-4.795414340286186e-06,-6.093766662829125e-06,2.2809823747016864,2.3308842966352388,-2.5046909227869566e-05,0.0001981646005068877
X+,1789636136.6865094,6.946460962295532,6.975769091000984,0.14320869537196834,-1.3097206656831513e-05,0.0001978126935410351,0.18086560754042164,0.00032023065568921133,-0.0008274799812017944,0.15410680157553416,1.4451530893819432e-06,-1.3909707014483625e-06,0.13989987699417572,-8.228417065567777e-07,-1.82228903518911e-07,0.1485220039416667,-1.400682665251667e-05,-9.821070384008475e-05,0.2,0.0,0.0,0.0,0.0,2.962962962962963,2.962962962962963,-4.795414340286186e-06,-6.093766662829125e-06,2.2809823747016864,2.3308842966352388,-2.5046909227869566e-05,0.0001981646005068877
X+,1789636136.715844,6.97579550743103,7.003207527999621,0.14320869537196834,-1.3097206656831513e-05,0.0001978126935410351,0.18086560754042164,0.00032023065568921133,-0.0008274799812017944,0.15410680157553416,1.4451530893819432e-06,-1.3909707014483625e-06,0.13989987699417572,-8.228417065567777e-07,-1.82228903518911e-07,0.1485220039416667,-1.400682665251667e-05,-9.821070384008475e-05,0.2,0.0,0.0,0.0,0.0,2.962962962962963,2.962962962962963,-4.795414340286186e-06,-6.093766662829125e-06,2.2809823747016864,2.3308842966352388,-2.5046909227869566e-05,0.0001981646005068877
X+,1789636136.7432852,7.003236770629883,7.035797464999632,0.14375183819234527,-1.3019498873292033e-05,0.0001977023994901095,0.1811251226377481,0.0003192469875167379,-0.0008285623071569185,0.15410680157553416,1.4451530893819432e-06,-1.3909707014483625e-06,0.13989987699417572,-8.228417065567777e-07,-1.82228903518911e-07,0.1485220039416667,-1.400682665251667e-05,-9.821070384008475e-05,0.2,0.0,0.0,0.0,0.0,2.962962962962963,2.962962962962963,-4.795414340286186e-06,-6.093766662829125e-06,2.2809823747016864,2.3308842966352388,-0.0023675013554274506,0.00019777581458990844
X+,1789636136.7758718,7.035823345184326,7.063092533000599,0.1468430602270472,-1.2590665435027217e-05,0.0001970703657075515,0.18238208861083727,0.00031707018085322316,-0.0008377377904769087,0.15410680157553416,1.4451530893819432e-06,-1.3909707014483625e-06,0.13989987699417572,-8.228417065567777e-07,-1.82228903518911e-07,0.1485220039416667,-1.400682665251667e-05,-9.821070384008475e-05,0.2,0.0,0.0,0.0,0.0,2.962962962962963,2.962962962962963,4.459315950278153e-06,-6.007750187109195e-06,2.3425430487836274,2.3867094406146565,-0.003791711435078199,0.00019737141156192948
X+,1789636136.8031693,7.0631208419799805,7.090314794000733,0.14903661583849567,-1.2233924312562636e-05,0.00019678518587533977,0.18307150773837627,0.00031193876206251215,-0.0008418179940765808,0.15410680157553416,1.4451530893819432e-06,-1.3909707014483625e-06,0.13989987699417572,-8.228417065567777e-07,-1.82228903518911e-07,0.1485220039416667,-1.400682665251667e-05,-9.821070384008475e-05,0.2,0.0,0.0,0.0,0.0,2.962962962962963,2.962962962962963,-4.962653273210549e-06,-5.9663474694104934e-06,2.3694034210895287,2.410926107879729,7.02489400757428e-05,0.00019678247816624315
X+,1789636136.8303883,7.09033989906311,7.115945243000169,0.15234034700261795,-1.1761969072474066e-05,0.0001964633597246521,0.1838398847383622,0.0002995019708512813,-0.0009230052547278312,0.15410680157553416,1.4451530893819432e-06,-1.3909707014483625e-06,0.13989987699417572,-8.228417065567777e-07,-1.82228903518911e-07,0.1485220039416667,-1.400682665251667e-05,-9.821070384008475e-05,0.2,0.0,0.0,0.0,0.0,2.962962962962963,2.962962962962963,-4.509782446149302e-06,-5.90784566156799e-06,2.4163893196846535,2.452953832264336,0.001053911910332421,0.00019666990915014328
X+,1789636136.8560207,7.115972280502319,7.139404319001187,0.1549180544543083,-1.1415793808037394e-05,0.0001959117493732732,0.18424622605241897,0.0002990128863045471,-0.0009367730437672383,0.15410680157553416,1.4451530893819432e-06,-1.3909707014483625e-06,0.13989987699417572,-8.228417065567777e-07,-1.82228903518911e-07,0.1485220039416667,-1.400682665251667e-05,-9.821070384008475e-05,0.2,0.0,0.0,0.0,0.0,2.962962962962963,2.962962962962963,-4.480236287740524e-06,-5.875838321678373e-06,2.436721255473008,2.471107547121607,-6.392196775269882e-05,0.0001959521833630122
X+,1789636136.8794787,7.139430284500122,7.182689605000633,0.1587928559846516,-1.0892275583771274e-05,0.00019504337946329731,0.18459147661517253,0.0002975369868787248,-0.0009459241676145976,0.16984949406452815,1.3422491702808178e-06,-1.3524763264926035e-06,0.15742692489121893,-8.100629508693105e-07,3.849437495575911e-07,0.15431345717847297,-1.1364433044543267e-05,7.956229932837319e-05,0.2,0.0,0.0,0.0,0.0,2.962962962962963,2.962962962962963,-4.39169113342075e-06,-5.807925196776864e-06,2.4720008067663715,2.5024554919951276,-0.000849320270100955,0.00019504337946329731
X+,1789636136.9227653,7.1827168464660645,7.216092034002941,0.16137889414640344,-1.0540736368438303e-05,0.00019445662902272746,0.18467163365733902,0.0002965745217375914,-0.0009508029212812692,0.16984949406452815,1.3422491702808178e-06,-1.3524763264926035e-06,0.15742692489121893,-8.100629508693105e-07,3.849437495575911e-07,0.15431345717847297,-1.1364433044543267e-05,7.956229932837319e-05,0.2,0.0,0.0,0.0,0.0,2.962962962962963,2.962962962962963,-8.453300829991406e-06,-5.745971479065304e-06,2.50111054026867,2.5280953906480326,-0.0010503161304898938,0.00019466651180148696
X+,1789636136.9561703,7.2161219120025635,7.252697669002373,0.16137889414640344,-1.0540736368438303e-05,0.00019445662902272746,0.18467163365733902,0.0002965745217375914,-0.0009508029212812692,0.16984949406452815,1.3422491702808178e-06,-1.3524763264926035e-06,0.15742692489121893,-8.100629508693105e-07,3.849437495575911e-07,0.15431345717847297,-1.1364433044543267e-05,7.956229932837319e-05,0.2,0.0,0.0,0.0,0.0,2.962962962962963,2.962962962962963,-8.453300829991406e-06,-5.745971479065304e-06,2.50111054026867,2.5280953906480326,-0.0010503161304898938,0.00019466651180148696
X+,1789636136.9927742,7.252725839614868,7.281866200999502,0.16137889414640344,-1.0540736368438303e-05,0.00019445662902272746,0.18467163365733902,0.0002965745217375914,-0.0009508029212812692,0.16984949406452815,1.3422491702808178e-06,-1.3524763264926035e-06,0.15742692489121893,-8.100629508693105e-07,3.849437495575911e-07,0.15431345717847297,-1.1364433044543267e-05,7.956229932837319e-05,0.2,0.0,0.0,0.0,0.0,2.962962962962963,2.962962962962963,-8.453300829991406e-06,-5.745971479065304e-06,2.50111054026867,2.5280953906480326,-0.0010503161304898938,0.00019466651180148696
X+,1789636137.0219429,7.2818944454193115,7.307576221002819,0.16137889414640344,-1.0540736368438303e-05,0.00019445662902272746,0.18467163365733902,0.0002965745217375914,-0.0009508029212812692,0.16984949406452815,1.3422491702808178e-06,-1.3524763264926035e-06,0.15742692489121893,-8.100629508693105e-07,3.849437495575911e-07,0.15431345717847297,-1.1364433044543267e-05,7.956229932837319e-05,0.2,0.0,0.0,0.0,0.0,2.962962962962963,2.962962962962963,-8.453300829991406e-06,-5.745971479065304e-06,2.50111054026867,2.5280953906480326,-0.0010503161304898938,0.00019466651180148696
X+,1789636137.0476518,7.307603359222412,7.342135972001415,0.16137889414640344,-1.0540736368438303e-05,0.00019445662902272746,0.18467163365733902,0.0002965745217375914,-0.0009508029212812692,0.16984949406452815,1.3422491702808178e-06,-1.3524763264926035e-06,0.15742692489121893,-8.100629508693105e-07,3.849437495575911e-07,0.15431345717847297,-1.1364433044543267e-05,7.956229932837319e-05,0.2,0.0,0.0,0.0,0.0,2.962962962962963,2.962962962962963,-8.453300829991406e-06,-5.745971479065304e-06,2.50111054026867,2.5280953906480326,-0.0010503161304898938,0.00019466651180148696
X+,1789636137.0822086,7.342160224914551,7.372691505999683,0.16137889414640344,-1.0540736368438303e-05,0.00019445662902272746,0.18467163365733902,0.0002965745217375914,-0.0009508029212812692,0.16984949406452815,1.3422491702808178e-06,-1.3524763264926035e-06,0.15742692489121893,-8.100629508693105e-07,3.849437495575911e-07,0.15431345717847297,-1.1364433044543267e-05,7.956229932837319e-05,0.2,0.0,0.0,0.0,0.0,2.962962962962963,2.962962962962963,-8.453300829991406e-06,-5.745971479065304e-06,2.50111054026867,2.5280953906480326,-0.0010503161304898938,0.00019466651180148696
X+,1789636137.1127675,7.372719049453735,7.406286503002775,0.16137889414640344,-1.0540736368438303e-05,0.00019445662902272746,0.18467163365733902,0.0002965745217375914,-0.0009508029212812692,0.16984949406452815,1.3422491702808178e-06,-1.3524763264926035e-06,0.15742692489121893,-8.100629508693105e-07,3.849437495575911e-07,0.15431345717847297,-1.1364433044543267e-05,7.956229932837319e-05,0.2,0.0,0.0,0.0,0.0,2.962962962962963,2.962962962962963,-8.453300829991406e-06,-5.745971479065304e-06,2.50111054026867,2.5280953906480326,-0.0010503161304898938,0.00019466651180148696
X+,1789636137.1483514,7.4083030223846436,7.438118370002485,0.16137889414640344,-1.0540736368438303e-05,0.00019445662902272746,0.18467163365733902,0.0002965745217375914,-0.0009508029212812692,0.16984949406452815,1.3422491702808178e-06,-1.3524763264926035e-06,0.15742692489121893,-8.100629508693105e-07,3.849437495575911e-07,0.15431345717847297,-1.1364433044543267e-05,7.956229932837319e-05,0.2,0.0,0.0,0.0,0.0,2.962962962962963,2.962962962962963,-8.453300829991406e-06,-5.745971479065304e-06,2.50111054026867,2.5280953906480326,-0.0010503161304898938,0.00019466651180148696
X+,1789636137.178195,7.438146591186523,7.462979064002866,0.16137889414640344,-1.0540736368438303e-05,0.00019445662902272746,0.18467163365733902,0.0002965745217375914,-0.0009508029212812692,0.16984949406452815,1.3422491702808178e-06,-1.3524763264926035e-06,0.15742692489121893,-8.100629508693105e-07,3.849437495575911e-07,0.15431345717847297,-1.1364433044543267e-05,7.956229932837319e-05,0.2,0.0,0.0,0.0,0.0,2.962962962962963,2.962962962962963,-8.453300829991406e-06,-5.745971479065304e-06,2.50111054026867,2.5280953906480326,-0.0010503161304898938,0.00019466651180148696
X+,1789636137.2030556,7.463007211685181,7.492774288002693,0.16137889414640344,-1.0540736368438303e-05,0.00019445662902272746,0.18467163365733902,0.0002965745217375914,-0.0009508029212812692,0.16984949406452815,1.3422491702808178e-06,-1.3524763264926035e-06,0.15742692489121893,-8.100629508693105e-07,3.849437495575911e-07,0.15431345717847297,-1.1364433044543267e-05,7.956229932837319e-05,0.2,0.0,0.0,0.0,0.0,2.962962962962963,2.962962962962963,-8.453300829991406e-06,-5.745971479065304e-06,2.50111054026867,2.5280953906480326,-0.0010503161304898938,0.00019466651180148696
X+,1789636137.232853,7.492804527282715,7.523340339001152,0.16137889414640344,-1.0540736368438303e-05,0.00019445662902272746,0.18467163365733902,0.0002965745217375914,-0.0009508029212812692,0.16984949406452815,1.3422491702808178e-06,-1.3524763264926035e-06,0.15742692489121893,-8.100629508693105e-07,3.849437495575911e-07,0.15431345717847297,-1.1364433044543267e-05,7.956229932837319e-05,0.2,0.0,0.0,0.0,0.0,2.962962962962963,2.962962962962963,-8.453300829991406e-06,-5.745971479065304e-06,2.50111054026867,2.5280953906480326,-0.0010503161304898938,0.00019466651180148696
X+,1789636137.2634172,7.523368835449219,7.554986994000501,0.16137889414640344,-1.0540736368438303e-05,0.00019445662902272746,0.18467163365733902,0.0002965745217375914,-0.0009508029212812692,0.16984949406452815,1.3422491702808178e-06,-1.3524763264926035e-06,0.15742692489121893,-8.100629508693105e-07,3.849437495575911e-07,0.15431345717847297,-1.1364433044543267e-05,7.956229932837319e-05,0.2,0.0,0.0,0.0,0.0,2.962962962962963,2.962962962962963,-8.453300829991406e-06,-5.745971479065304e-06,2.50111054026867,2.5280953906480326,-0.0010503161304898938,0.00019466651180148696
X+,1789636137.2950609,7.555012464523315,7.582016258002113,0.16341116821736146,-1.0262736211378784e-05,0.0001939911279671009,0.18466246464986139,0.000295755545549033,-0.0009543750227600745,0.16984949406452815,1.3422491702808178e-06,-1.3524763264926035e-06,0.15742692489121893,-8.100629508693105e-07,3.849437495575911e-07,0.15431345717847297,-1.1364433044543267e-05,7.956229932837319e-05,0.2,0.0,0.0,0.0,0.0,2.962962962962963,2.962962962962963,-4.22155647150646e-06,-5.716476995765163e-06,2.5136765176471227,2.5390709755002954,0.0016214160659757675,0.0001941603424986395
X+,1789636137.3220904,7.58204197883606,7.60922101700271,0.16673562104838494,-9.802009921320437e-06,0.0001932227975099526,0.18452897142246025,0.00029463487182256385,-0.0009597429705435709,0.16984949406452815,1.3422491702808178e-06,-1.3524763264926035e-06,0.15742692489121893,-8.100629508693105e-07,3.849437495575911e-07,0.15431345717847297,-1.1364433044543267e-05,7.956229932837319e-05,0.2,0.0,0.0,0.0,0.0,2.962962962962963,2.962962962962963,-4.12036236152602e-06,-5.660530436379929e-06,2.535380748161331,2.5578507460321087,0.0012793856252633635,0.00019330885514396627
X+,1789636137.3492985,7.609250068664551,7.639807881001616,0.17024096394730415,-9.310058666206662e-06,0.00019240677354040456,0.18425258266213196,0.00029364701358572636,-0.0009646245133101139,0.16984949406452815,1.3422491702808178e-06,-1.3524763264926035e-06,0.15742692489121893,-8.100629508693105e-07,3.849437495575911e-07,0.15431345717847297,-1.1364433044543267e-05,7.956229932837319e-05,0.2,0.0,0.0,0.0,0.0,2.962962962962963,2.962962962962963,-7.373332649329711e-06,-5.607218968251004e-06,2.553167193653762,2.5730001826113087,-0.0011713743332084187,0.0001927515621138862
X+,1789636137.3798819,7.639833450317383,7.664206241999636,0.1720835001117427,-9.049112023830005e-06,0.00019197788308988097,0.18405972918527913,0.00029310578373024205,-0.0009669270662689516,0.16984949406452815,1.3422491702808178e-06,-1.3524763264926035e-06,0.15742692489121893,-8.100629508693105e-07,3.849437495575911e-07,0.15431345717847297,-1.1364433044543267e-05,7.956229932837319e-05,0.2,0.0,0.0,0.0,0.0,2.962962962962963,2.962962962962963,-4.14480259092187e-06,-5.581461663517473e-06,2.5608075875254577,2.5794103271590085,-0.000850798817738811,0.0001923225437893673
X+,1789636137.4042819,7.664233446121216,7.690219233001699,0.17429182469023766,-8.73334016815875e-06,0.00019146101918512644,0.18379103704922597,0.0002924553574722189,-0.0009697538758643455,0.16984949406452815,1.3422491702808178e-06,-1.3524763264926035e-06,0.15742692489121893,-8.100629508693105e-07,3.849437495575911e-07,0.15431345717847297,-1.1364433044543267e-05,7.956229932837319e-05,0.2,0.0,0.0,0.0,0.0,2.962962962962963,2.962962962962963,4.143877145423858e-06,-5.556258424022076e-06,2.567711063760643,2.5851379345316468,0.00042467180234920037,0.00019146101918512644
X+,1789636137.4302957,7.690247297286987,7.715019636001671,0.1772308973338765,-8.309767544986517e-06,0.00019077577771612004,0.18337757548887076,0.000291434733533389,-0.0009732059555585718,0.18629744315099772,1.224715431855002e-06,-1.3658671072806552e-06,0.16447949086613484,-9.528827666690934e-07,-1.3390780788051388e-07,0.1841129311890127,-5.303595762263368e-06,0.00022877765431417207,0.2,0.0,0.0,0.0,0.0,2.962962962962963,2.962962962962963,-6.056714036084543e-06,-5.531588896268147e-06,2.5739452695482057,2.5902459665240287,-0.00027965735594039044,0.00019094688155418794
X+,1789636137.4550972,7.715048789978027,7.741416949000268,0.17979689138043414,-7.936077826138817e-06,0.00019017580489057287,0.18297141088598112,0.00029062235962565405,-0.0009761720540405272,0.18629744315099772,1.224715431855002e-06,-1.3658671072806552e-06,0.16447949086613484,-9.528827666690934e-07,-1.3390780788051388e-07,0.1841129311890127,-5.303595762263368e-06,0.00022877765431417207,0.2,0.0,0.0,0.0,0.0,2.962962962962963,2.962962962962963,-5.401600618348823e-06,-5.48280738676965e-06,2.58465477969689,2.5988266379857765,-0.004142258264016069,0.00019047495188908735
X+,1789636137.4814942,7.741445779800415,7.770608696002455,0.1805289742195186,-7.829119977663217e-06,0.0001900054375321761,0.18284865847910067,0.0002903173682956052,-0.000977066851511523,0.18629744315099772,1.224715431855002e-06,-1.3658671072806552e-06,0.16447949086613484,-9.528827666690934e-07,-1.3390780788051388e-07,0.1841129311890127,-5.303595762263368e-06,0.00022877765431417207,0.2,0.0,0.0,0.0,0.0,2.962962962962963,2.962962962962963,-5.401600618348823e-06,-5.48280738676965e-06,2.58465477969689,2.5988266379857765,-0.0005050121939211534,0.00019004868991478666
X+,1789636137.5106936,7.7706451416015625,7.797454342002311,0.1805289742195186,-7.829119977663217e-06,0.0001900054375321761,0.18284865847910067,0.0002903173682956052,-0.000977066851511523,0.18629744315099772,1.224715431855002e-06,-1.3658671072806552e-06,0.16447949086613484,-9.528827666690934e-07,-1.3390780788051388e-07,0.1841129311890127,-5.303595762263368e-06,0.00022877765431417207,0.2,0.0,0.0,0.0,0.0,2.962962962962963,2.962962962962963,-5.401600618348823e-06,-5.48280738676965e-06,2.58465477969689,2.5988266379857765,-0.0005050121939211534,0.00019004868991478666
X+,1789636137.5375302,7.7974817752838135,7.823834779999743,0.1805289742195186,-7.829119977663217e-06,0.0001900054375321761,0.18284865847910067,0.0002903173682956052,-0.000977066851511523,0.18629744315099772,1.224715431855002e-06,-1.3658671072806552e-06,0.16447949086613484,-9.528827666690934e-07,-1.3390780788051388e-07,0.1841129311890127,-5.303595762263368e-06,0.00022877765431417207,0.2,0.0,0.0,0.0,0.0,2.962962962962963,2.962962962962963,-5.401600618348823e-06,-5.48280738676965e-06,2.58465477969689,2.5988266379857765,-0.0005050121939211534,0.00019004868991478666
X+,1789636137.5639133,7.823864936828613,7.852545453002676,0.1805289742195186,-7.829119977663217e-06,0.0001900054375321761,0.18284865847910067,0.0002903173682956052,-0.000977066851511523,0.18629744315099772,1.224715431855002e-06,-1.3658671072806552e-06,0.16447949086613484,-9.528827666690934e-07,-1.3390780788051388e-07,0.1841129311890127,-5.303595762263368e-06,0.00022877765431417207,0.2,0.0,0.0,0.0,0.0,2.962962962962963,2.962962962962963,-5.401600618348823e-06,-5.48280738676965e-06,2.58465477969689,2.5988266379857765,-0.0005050121939211534,0.00019004868991478666
X+,1789636137.5926235,7.852575063705444,7.8837407720020565,0.1805289742195186,-7.829119977663217e-06,0.0001900054375321761,0.18284865847910067,0.0002903173682956052,-0.000977066851511523,0.18629744315099772,1.224715431855002e-06,-1.3658671072806552e-06,0.16447949086613484,-9.528827666690934e-07,-1.3390780788051388e-07,0.1841129311890127,-5.303595762263368e-06,0.00022877765431417207,0.2,0.0,0.0,0.0,0.0,2.962962962962963,2.962962962962963,-5.401600618348823e-06,-5.48280738676965e-06,2.58465477969689,2.5988266379857765,-0.0005050121939211534,0.00019004868991478666
X+,1789636137.623816,7.883767604827881,7.915232947001641,0.1805289742195186,-7.829119977663217e-06,0.0001900054375321761,0.18284865847910067,0.0002903173682956052,-0.000977066851511523,0.18629744315099772,1.224715431855002e-06,-1.3658671072806552e-06,0.16447949086613484,-9.528827666690934e-07,-1.3390780788051388e-07,0.1841129311890127,-5.303595762263368e-06,0.00022877765431417207,0.2,0.0,0.0,0.0,0.0,2.962962962962963,2.962962962962963,-5.401600618348823e-06,-5.48280738676965e-06,2.58465477969689,2.5988266379857765,-0.0005050121939211534,0.00019004868991478666
X+,1789636137.6553147,7.915266275405884,7.944698757000879,0.1805289742195186,-7.829119977663217e-06,0.0001900054375321761,0.18284865847910067,0.0002903173682956052,-0.000977066851511523,0.18629744315099772,1.224715431855002e-06,-1.3658671072806552e-06,0.16447949086613484,-9.528827666690934e-07,-1.3390780788051388e-07,0.1841129311890127,-5.303595762263368e-06,0.00022877765431417207,0.2,0.0,0.0,0.0,0.0,2.962962962962963,2.962962962962963,-5.401600618348823e-06,-5.48280738676965e-06,2.58465477969689,2.5988266379857765,-0.0005050121939211534,0.00019004868991478666
X+,1789636137.6847796,7.94473123550415,7.974948254002811,0.1805289742195186,-7.829119977663217e-06,0.0001900054375321761,0.18284865847910067,0.0002903173682956052,-0.000977066851511523,0.18629744315099772,1.224715431855002e-06,-1.3658671072806552e-06,0.16447949086613484,-9.528827666690934e-07,-1.3390780788051388e-07,0.1841129311890127,-5.303595762263368e-06,0.00022877765431417207,0.2,0.0,0.0,0.0,0.0,2.962962962962963,2.962962962962963,-5.401600618348823e-06,-5.48280738676965e-06,2.58465477969689,2.5988266379857765,-0.0005050121939211534,0.00019004868991478666
X+,1789636137.7150247,7.974976301193237,8.001955018000444,0.1805289742195186,-7.829119977663217e-06,0.0001900054375321761,0.18284865847910067,0.0002903173682956052,-0.000977066851511523,0.18629744315099772,1.224715431855002e-06,-1.3658671072806552e-06,0.16447949086613484,-9.528827666690934e-07,-1.3390780788051388e-07,0.1841129311890127,-5.303595762263368e-06,0.00022877765431417207,0.2,0.0,0.0,0.0,0.0,2.962962962962963,2.962962962962963,-5.401600618348823e-06,-5.48280738676965e-06,2.58465477969689,2.5988266379857765,-0.0005050121939211534,0.00019004868991478666
