# Optimized visual mesh generated from meshes/steer_rear_wheel_v2.stl
# Coordinates are metres; source CAD STL is retained unchanged.
o agv_visual
v -0.0616117058 -0.0689013062 -0.00881058979
v -0.0619812776 -0.0692569754 -0.00271664575
v -0.0619287178 -0.0692937492 0.00337467753
v -0.0617664225 -0.0683430513 -0.00883265284
v -0.0623316391 -0.0683613286 -0.00273188651
v -0.0623041996 -0.0683130638 0.00339523767
v -0.0616660247 -0.0683435423 0.00948927254
v -0.0618321266 -0.0677671432 -0.00884202194
v -0.0623990288 -0.0677671432 -0.00273481798
v -0.0623645935 -0.0677671432 0.00339854455
v -0.0617291451 -0.0677671432 0.00949899769
v -0.0618251572 -0.028512701 -0.00884102821
v -0.0623919964 -0.028512701 -0.00273451209
v -0.062357563 -0.028512701 0.00339815962
v -0.0617233467 -0.0285368942 0.00949810441
v -0.061698555 -0.0278004748 -0.00882297484
v -0.0622734893 -0.0278333543 -0.00272935695
v -0.0622252595 -0.0277859072 0.00339091519
v -0.0616391468 -0.0279388666 0.00948513126
v -0.0618976824 -0.0270156141 -0.00271300941
v -0.0618652658 -0.0270144645 0.0033712031
v -0.0608694675 -0.0699734573 -0.00870474456
v -0.0611954891 -0.070148687 -0.00268246403
v -0.0611802141 -0.0701331294 0.00333369181
v -0.060881588 -0.0698671265 0.00936840725
v -0.0613361486 -0.0694099274 -0.00877129459
v -0.06130425 -0.0692769077 0.0094335302
v -0.0615090904 -0.0275236912 0.00946509171
v -0.0613442724 -0.0270289783 -0.0087724531
v -0.061225882 -0.0270011641 0.00942145538
v -0.0608871855 -0.026468111 -0.00870727114
v -0.0611903174 -0.0262744965 -0.00268223907
v -0.0611816306 -0.0262900034 0.00333376937
v -0.060881588 -0.0265578709 0.00936840725
v -0.0602015629 -0.0706548284 -0.00263922824
v -0.0601322368 -0.0706645362 0.00327630791
v -0.0602656598 -0.070400575 -0.00861864005
v -0.0605902634 -0.0705212326 -0.00265613675
v -0.0605568237 -0.0705212326 0.00329955673
v -0.0602224752 -0.0703679828 0.00926685114
v -0.0606707993 -0.0700645981 0.00933592892
v -0.0602517372 -0.0692769077 -0.0147621362
v -0.0601415941 -0.0691889258 0.0154161784
v -0.0606068687 -0.0683434538 -0.0148489757
v -0.0604339735 -0.0683429404 0.015491163
v -0.0606693459 -0.0677671432 -0.014864253
v -0.0604988098 -0.0677671432 0.0155077915
v -0.0606618843 -0.0284995048 -0.0148624288
v -0.060491991 -0.028512701 0.0155060425
v -0.0605345179 -0.0277847988 -0.0148312838
v -0.0603685742 -0.0278003331 0.0154743906
v -0.0601747133 -0.0270011641 -0.0147433018
v -0.0600991606 -0.027146457 0.0154052958
v -0.0603060269 -0.0260489212 -0.00862439647
v -0.0605902634 -0.0259037647 -0.00265613675
v -0.0605568237 -0.0259037647 0.00329955673
v -0.0601788627 -0.0260329067 0.00926013141
v -0.0606707993 -0.0263603992 0.00933592892
v -0.0601909398 -0.0257673154 -0.00263876614
v -0.0601557582 -0.0257667883 0.00327759587
v -0.0594740648 -0.0706935178 -0.00850575694
v -0.059751545 -0.0707466507 -0.00261965251
v -0.0597185669 -0.0707466507 0.00325365663
v -0.0594210627 -0.0706836207 0.00914337028
v -0.0594984976 -0.0701477194 -0.0145779475
v -0.0593596656 -0.0701445576 0.0152156431
v -0.0596681328 -0.0698671265 0.015294754
v -0.0598552437 -0.0696499405 0.0153427401
v -0.0598552437 -0.0267750568 0.0153427401
v -0.0594984976 -0.0262772793 -0.0145779475
v -0.0593596656 -0.0262804415 0.0152156431
v -0.0596681328 -0.0265578709 0.015294754
v -0.0594760054 -0.0257309252 -0.00850603365
v -0.059751545 -0.0256783466 -0.00261965251
v -0.0597185669 -0.0256783466 0.00325365663
v -0.0594079956 -0.0257387297 0.00914135692
v -0.0586463661 -0.0706234207 -0.0143695774
v -0.0583736839 -0.0706987991 -0.0143028994
v -0.0583455563 -0.0706611099 0.0149555621
v -0.0589106827 -0.0705212326 -0.0144342098
v -0.0588811871 -0.0704522899 0.0150929315
v -0.0585216077 -0.0692729864 -0.0206028222
v -0.0583671595 -0.0691318393 0.0212511551
v -0.0588601799 -0.0683432414 -0.0207218253
v -0.0586188175 -0.0683769693 0.0213427978
v -0.0589218788 -0.0677671432 -0.0207435112
v -0.0586854324 -0.0677671432 0.0213670559
v -0.0589152374 -0.028512701 -0.0207411766
v -0.0586793266 -0.0285238671 0.0213648322
v -0.0587902326 -0.0277859072 -0.02069724
v -0.0585581578 -0.0278006331 0.0213207081
v -0.0584405951 -0.0270006494 -0.0205743476
v -0.0582967849 -0.0271447064 0.0212255281
v -0.0589106827 -0.0259037647 -0.0144342098
v -0.0589006301 -0.0259825576 0.0150979179
v -0.0586463661 -0.0258015766 -0.0143695774
v -0.0583736839 -0.025726202 -0.0143028994
v -0.0583455563 -0.0257638893 0.0149555621
v -0.0580951996 -0.0707466507 -0.0142348013
v -0.0579318962 -0.0707466507 0.014849474
v -0.0577860699 -0.0701495854 -0.0203442922
v -0.0576949583 -0.070037003 0.0210063726
v -0.0580611458 -0.0696499405 0.021139719
v -0.0580611458 -0.0267750568 0.021139719
v -0.0577810759 -0.0262735678 -0.0203425369
v -0.0576624204 -0.0263579508 0.0209945239
v -0.0580951996 -0.0256783466 -0.0142348013
v -0.0579318962 -0.0256783466 0.014849474
v -0.0568247108 -0.0706611099 -0.0200063887
v -0.0567285614 -0.0706234207 0.0206544571
v -0.0572138367 -0.0705212326 -0.0201431599
v -0.0571068344 -0.0704572144 0.0207922049
v -0.056544393 -0.0683581876 -0.0263942032
v -0.0566065598 -0.0677671432 -0.0264231777
v -0.0566001778 -0.028512701 -0.0264202042
v -0.0565268964 -0.0279516924 -0.0263860477
v -0.0572138367 -0.0259037647 -0.0201431599
v -0.0570956896 -0.025961964 0.0207881465
v -0.0568247108 -0.0257638893 -0.0200063887
v -0.0567285614 -0.0258015766 0.0206544571
v -0.0564218254 -0.0707466507 -0.0198647804
v -0.0563300972 -0.0707227249 0.0205093565
v -0.0558292885 -0.0698671265 -0.0260608826
v -0.0562044223 -0.0693060722 -0.0262357384
v -0.0559073704 -0.0693041795 0.0268288513
v -0.0562519499 -0.0683130638 0.0269941998
v -0.0563064804 -0.0677671432 0.0270203667
v -0.0562984016 -0.0284731123 0.0270164899
v -0.0564047508 -0.0275236912 -0.0263291149
v -0.0561848361 -0.0278004748 0.0269619948
v -0.056166934 -0.0270411501 -0.0262182644
v -0.0558547948 -0.0270150712 0.0268036226
v -0.0558292885 -0.0265578709 -0.0260608826
v -0.0564218254 -0.0256783466 -0.0198647804
v -0.0563076483 -0.0256982864 0.0205011818
v -0.055284077 -0.0703229795 -0.0258067538
v -0.0552085881 -0.0701593298 0.0264935378
v -0.0552926588 -0.0261107394 -0.0258107539
v -0.055229064 -0.0262836413 0.0265033631
v -0.0544625276 -0.0706886577 -0.0254238202
v -0.0543234262 -0.0706548284 0.0260687893
v -0.0546741982 -0.0705212326 0.0262371082
v -0.0546741982 -0.0259037647 0.0262371082
v -0.0544778967 -0.0257387297 -0.025430984
v -0.0543023357 -0.0257638893 0.0260586691
v -0.0539173203 -0.0707466507 0.0258739166
v -0.0533722852 -0.0692880646 -0.0316275889
v -0.0531945343 -0.0689013062 0.0322977371
v -0.0536893997 -0.0683432414 -0.0318152485
v -0.0533216451 -0.0683908721 0.0323748989
v -0.0537456818 -0.0677671432 -0.0318485546
v -0.053384861 -0.0677671432 0.0324132729
v -0.053739624 -0.028512701 -0.0318449697
v -0.0533798463 -0.0285368942 0.032410229
v -0.0536255939 -0.0277859072 -0.0317774896
v -0.0532695262 -0.0278004748 0.0323432604
v -0.0532991719 -0.0269859242 -0.0315843229
v -0.0539173203 -0.0256783466 0.0258739166
v -0.0529005979 -0.0699823182 -0.0313484591
v -0.052528243 -0.0703099122 -0.0311281093
v -0.0524533325 -0.070067184 0.0318478046
v -0.0528169212 -0.0696499405 0.032068512
v -0.0530206965 -0.0693012994 0.0321922118
v -0.0528169212 -0.0267750568 0.032068512
v -0.0530264359 -0.0271350784 0.0321956959
v -0.0529005979 -0.0264426791 -0.0313484591
v -0.0525008307 -0.0260954235 -0.0311118878
v -0.0524533325 -0.0263578148 0.0318478046
v -0.0517101123 -0.0706896235 -0.0306439648
v -0.0516046104 -0.0706234207 0.0313326015
v -0.0521875839 -0.0705212326 -0.0309265175
v -0.0519183232 -0.0704746739 0.0315230361
v -0.0521875839 -0.0259037647 -0.0309265175
v -0.05194874 -0.0259677839 0.0315415001
v -0.0517235336 -0.0257395626 -0.0306519071
v -0.0516046104 -0.0258015766 0.0313326015
v -0.051262536 -0.0707187373 0.031124949
v -0.051262536 -0.0257062623 0.031124949
v -0.0500130986 -0.0692925577 -0.0367081327
v -0.0497706261 -0.0689013062 0.0373602104
v -0.0503162336 -0.0683282001 -0.0369303256
v -0.0499032459 -0.0682956106 0.0374597276
v -0.0503668022 -0.0677671432 -0.036967392
v -0.0499487152 -0.0677671432 0.0374938469
v -0.0503616402 -0.0285258973 -0.0369636085
v -0.0499421463 -0.0284885079 0.037488918
v -0.0502623155 -0.0278157021 -0.0368908045
v -0.0498449225 -0.0278167562 0.037415962
v -0.0499693322 -0.027027975 -0.0366760525
v -0.0489406437 -0.0735822491 -0.00700366629
v -0.0492211662 -0.0737794907 -0.00216158101
v -0.0492193793 -0.0737630909 0.00267875463
v -0.048962326 -0.0719625015 -0.00700675821
v -0.0494113121 -0.0719625015 -0.0021698525
v -0.049384037 -0.0719625015 0.00268777084
v -0.0495891399 -0.0699658623 -0.0363973789
v -0.049102296 -0.0703934619 -0.0360405284
v -0.0490976599 -0.0700476384 0.0368552242
v -0.0494857826 -0.0695325127 0.0371464672
v -0.0496724129 -0.0691647568 0.0372865105
v -0.0494920086 -0.026903161 0.037151139
v -0.0496724129 -0.0272602425 0.0372865105
v -0.0496034746 -0.026475591 -0.0364078862
v -0.0491129925 -0.0260408849 -0.036048369
v -0.0490966106 -0.0263776023 0.0368544368
v -0.048962326 -0.0244624996 -0.00700675821
v -0.0494113121 -0.0244624996 -0.0021698525
v -0.049384037 -0.0244624996 0.00268777084
v -0.0489407705 -0.0228427105 -0.00700368436
v -0.0492260904 -0.0226486938 -0.00216179522
v -0.049215428 -0.0226590551 0.00267853827
v -0.0480414009 -0.0734625015 -0.0117763643
v -0.0486890847 -0.0738830654 -0.00696779333
v -0.0488847847 -0.0739625015 0.00266043329
v -0.0486942551 -0.0737811051 0.0074905927
v -0.0480414009 -0.0719625015 -0.0117763643
v -0.048880764 -0.0719625015 0.00751933002
v -0.0485739155 -0.0706611099 -0.0356532364
v -0.0482294846 -0.0707466507 -0.0354007721
v -0.0482013144 -0.070650831 0.0361826144
v -0.0486129849 -0.0704522899 0.0364915279
v -0.0486049576 -0.0259677839 0.0364855042
v -0.0485361811 -0.0257513269 -0.0356255773
v -0.0482294846 -0.0256783466 -0.0354007721
v -0.0481519852 -0.0257576081 0.036145599
v -0.0480414009 -0.0244624996 -0.0117763643
v -0.048880764 -0.0244624996 0.00751933002
v -0.0480414009 -0.0229624996 -0.0117763643
v -0.0486875596 -0.0225415928 -0.00696757586
v -0.0488847847 -0.0224624996 0.00266043329
v -0.0486917669 -0.0226451222 0.00749020932
v -0.0478512545 -0.0737945957 -0.0117298683
v -0.047728437 -0.0737735242 0.012232669
v -0.0479063377 -0.0719625015 0.0122782936
v -0.0478291206 -0.0707466507 0.0359033241
v -0.0478291206 -0.0256783466 0.0359033241
v -0.0479063377 -0.0244624996 0.0122782936
v -0.0478516363 -0.0226299783 -0.0117299616
v -0.0474132042 -0.0224624996 -0.00208293462
v -0.0473870277 -0.0224624996 0.00257842112
v -0.0477297852 -0.0226496845 0.0122330148
v -0.0465514989 -0.0737222903 -0.0163955119
v -0.0464312243 -0.073628192 0.0169046598
v -0.0466574097 -0.0719625015 -0.0164327374
v -0.0464701424 -0.0719625015 0.0169188328
v -0.0464502983 -0.0683597336 -0.0416836463
v -0.0465024605 -0.0677671432 -0.0417303925
v -0.0464963433 -0.0284885079 -0.0417249117
v -0.0464322877 -0.0279260408 -0.0416675047
v -0.0466574097 -0.0244624996 -0.0164327374
v -0.0464701424 -0.0244624996 0.0169188328
v -0.0465522769 -0.0227035202 -0.0163957854
v -0.046982357 -0.0224624996 -0.00672441006
v -0.0469040909 -0.0224624996 0.00721476555
v -0.0464317169 -0.0227993152 0.0169048391
v -0.0462544966 -0.0739541149 -0.0162911201
v -0.0461742369 -0.0739093311 0.0168110772
v -0.0456916626 -0.0700658474 -0.0410037809
v -0.046238369 -0.0691599221 -0.0414937212
v -0.046007679 -0.0696499405 -0.0412869835
v -0.0457093345 -0.0692937492 0.0419181879
v -0.0459811933 -0.0683592186 0.0421673811
v -0.0460311279 -0.0677671432 0.0422131538
v -0.046025938 -0.028512701 0.0422083969
v -0.0463366508 -0.0275236912 -0.0415817986
v -0.0459255578 -0.0277710563 0.0421163836
v -0.0461852046 -0.0271236999 -0.0414460768
v -0.046007679 -0.0267750568 -0.0412869835
v -0.0456417342 -0.0269750688 0.0418562236
v -0.0456908572 -0.0263547962 -0.0410030591
v -0.0462553902 -0.0224711235 -0.0162914342
v -0.0460986404 -0.0224624996 -0.0113013048
v -0.0459690361 -0.0224624996 0.0117814484
v -0.0461742612 -0.0225155835 0.016811086
v -0.0447757327 -0.0736486506 -0.0209086874
v -0.0448236732 -0.0719625015 -0.0209310341
v -0.0448550559 -0.0706582108 -0.0402540357
v -0.045251339 -0.0704572144 -0.0406091747
v -0.0448646957 -0.070400575 0.0411439679
v -0.0453264013 -0.0699582672 0.0415671806
v -0.0452675323 -0.0259784538 -0.0406236868
v -0.0448638647 -0.0260225399 0.0411432064
v -0.0453072529 -0.0264426791 0.0415496286
v -0.0448818576 -0.0257764517 -0.0402780546
v -0.0448236732 -0.0244624996 -0.0209310341
v -0.044777045 -0.0227796123 -0.0209092991
v -0.044770565 -0.0224624996 -0.0157695417
v -0.0445192766 -0.0739213662 -0.02078915
v -0.0444176394 -0.0737775591 0.0213154582
v -0.0445860138 -0.0719625015 0.0213962536
v -0.0445289879 -0.0707466507 -0.0399618225
v -0.0440776405 -0.0707466507 0.0404225349
v -0.0443579597 -0.070673673 0.0406794802
v -0.0445289879 -0.0256783466 -0.0399618225
v -0.0440776405 -0.0256783466 0.0404225349
v -0.0444206664 -0.0257741677 0.0407369596
v -0.0445860138 -0.0244624996 0.0213962536
v -0.0445200713 -0.0225041593 -0.0207895205
v -0.0445908699 -0.0224624996 0.0162344894
v -0.0444202957 -0.0226500911 0.0213167328
v -0.0430109253 -0.0224624996 -0.0200860882
v -0.0424136126 -0.0737657916 -0.02514257
v -0.0422274874 -0.0736461035 0.0256403608
v -0.0425578613 -0.0719625015 -0.025227932
v -0.0422720909 -0.0719625015 0.0256674366
v -0.042162845 -0.0682344354 -0.0460622048
v -0.0421898689 -0.0677671432 -0.0460916862
v -0.0421859048 -0.0285368942 -0.0460873613
v -0.0421519012 -0.0280799503 -0.0460502663
v -0.0425578613 -0.0244624996 -0.025227932
v -0.0422720909 -0.0244624996 0.0256674366
v -0.0424141502 -0.0226586082 -0.0251428882
v -0.0427828636 -0.0224624996 0.0205310059
v -0.0422263799 -0.0227774875 0.0256396886
v -0.0421275597 -0.0739625015 -0.0249732933
v -0.0419844955 -0.073921116 0.0254928567
v -0.041480372 -0.070036293 -0.0453176557
v -0.0418907453 -0.0693041795 -0.0457653559
v -0.0414288509 -0.069173788 0.0462568398
v -0.0421047783 -0.0686272202 -0.0459988556
v -0.0416090641 -0.0684861336 0.0464579296
v -0.0416604385 -0.068057457 0.0465152588
v -0.0416698341 -0.0677671432 0.0465257454
v -0.0416651363 -0.028512701 0.0465205021
v -0.0420720997 -0.027660737 -0.0459632053
v -0.0415823752 -0.0278161508 0.0464281491
v -0.0418578359 -0.0270291897 -0.0457294529
v -0.0413862096 -0.0271254504 0.0462092587
v -0.0414700175 -0.0263776023 -0.0453063593
v -0.0421275597 -0.0224624996 -0.0249732933
v -0.0419834394 -0.0225027688 0.0254922156
v -0.0406791871 -0.0706645362 -0.0444435987
v -0.0410420783 -0.0704663598 -0.0448394955
v -0.0406427269 -0.0703769643 0.0453796375
v -0.0410263424 -0.0699658623 0.0458076973
v -0.041226429 -0.0696499405 0.0460309639
v -0.041226429 -0.0267750568 0.0460309639
v -0.0410478909 -0.0259628594 -0.0448458369
v -0.0406418313 -0.0260485027 0.0453786382
v -0.0410263424 -0.0264591351 0.0458076973
v -0.0406619433 -0.025753611 -0.0444247863
v -0.0408366585 -0.0224624996 -0.0242093754
v -0.0405624352 -0.0224624996 0.0246296158
v -0.039781283 -0.0737337323 -0.0292083815
v -0.0398817902 -0.0719625015 -0.0292820511
v -0.04039925 -0.0707466507 -0.0441381989
v -0.0399650434 -0.0707307002 0.0446234398
v -0.0402799454 -0.0706234207 0.044974823
v -0.04039925 -0.0256783466 -0.0441381989
v -0.0400128778 -0.0257062623 0.044676815
v -0.0402799454 -0.0258015766 0.044974823
v -0.0398817902 -0.0244624996 -0.0292820511
v -0.0397785502 -0.0226887551 -0.0292063785
v -0.0395199872 -0.0739582014 -0.0290168565
v -0.039303497 -0.073907317 0.0295057788
v -0.03951878 -0.0736244418 0.0296673254
v -0.039550663 -0.0719625015 0.0296912498
v -0.039550663 -0.0244624996 0.0296912498
v -0.039520095 -0.0224669044 -0.0290169356
v -0.0392990578 -0.0225149568 0.0295024478
v -0.0395178405 -0.0227966697 0.0296666205
v -0.0382687111 -0.0224624996 -0.0280996914
v -0.0379509621 -0.0224624996 0.0284908504
v -0.0373369293 -0.0689013062 -0.0498311844
v -0.0371695878 -0.069409624 -0.0496081794
v -0.037432714 -0.0683272641 -0.0499588324
v -0.037470562 -0.0677671432 -0.0500092735
v -0.0374659531 -0.0284995048 -0.0500031291
v -0.0373926796 -0.0278167562 -0.0499054808
v -0.0371747786 -0.027027975 -0.0496150968
v -0.0367619458 -0.0736863629 -0.0330012198
v -0.036539068 -0.0739403947 -0.0328014824
v -0.0363685012 -0.0737173252 0.0333561292
v -0.036821228 -0.0719625015 -0.033054348
v -0.036447937 -0.0719625015 0.0334289398
v -0.0362205963 -0.0706234207 -0.0483435173
v -0.0368242251 -0.0700574112 -0.0491479352
v -0.0364622211 -0.0704572144 -0.0486655159
v -0.0363242142 -0.0699856094 0.0495952232
v -0.0365140572 -0.0696499405 0.0498542252
v -0.0366974166 -0.0691601253 0.0501043804
v -0.0368697684 -0.0683282001 0.0503395173
v -0.0369068336 -0.0677671432 0.0503900871
v -0.0369026718 -0.028512701 0.050384409
v -0.0368276962 -0.0278001581 0.0502821184
v -0.0365140572 -0.0267750568 0.0498542252
v -0.0366662318 -0.0271559391 0.0500618343
v -0.0368244157 -0.0263672091 -0.0491481893
v -0.0364551024 -0.025961964 -0.0486560291
v -0.0363416719 -0.0264667301 0.0496190409
v -0.0362205963 -0.0258015766 -0.0483435173
v -0.036821228 -0.0244624996 -0.033054348
v -0.036447937 -0.0244624996 0.0334289398
v -0.0367616132 -0.0227380332 -0.0330009218
v -0.0365370793 -0.0224840739 -0.0327997002
v -0.0363672362 -0.0227044167 0.0333549696
v -0.0361344367 -0.0739534733 0.0331415804
v -0.0360521126 -0.0706987991 -0.048118988
v -0.035880043 -0.0707466507 -0.047889679
v -0.0355735295 -0.0706698074 0.0485710743
v -0.0358365173 -0.0705212326 0.048929863
v -0.0360695064 -0.07031098 0.0492477291
v -0.0358365173 -0.0259037647 0.048929863
v -0.0360638828 -0.0261081476 0.049240057
v -0.0360521126 -0.025726202 -0.048118988
v -0.035880043 -0.0256783466 -0.047889679
v -0.0355926781 -0.0257638893 0.0485971985
v -0.0361338332 -0.0224709346 0.0331410272
v -0.0353402138 -0.0707466507 0.0482527657
v -0.0353402138 -0.0256783466 0.0482527657
v -0.03533181 -0.0224624996 -0.0317195721
v -0.0349735985 -0.0224624996 0.0320775223
v -0.0333311816 -0.0737207551 -0.0364272424
v -0.0331177443 -0.0739540662 -0.0361943915
v -0.0329411082 -0.0736868047 0.036785727
v -0.0334056587 -0.0719625015 -0.0365084915
v -0.0329937897 -0.0719625015 0.0368445129
v -0.0334056587 -0.0244624996 -0.0365084915
v -0.0329937897 -0.0244624996 0.0368445129
v -0.0333303942 -0.0227034828 -0.0364263834
v -0.0331170788 -0.0224708858 -0.0361936655
v -0.0329407174 -0.0227394656 0.0367852909
v -0.0327444119 -0.0739390859 0.0365662416
v -0.032274456 -0.0689013062 -0.0532550888
v -0.0321298153 -0.0694096695 -0.0530168169
v -0.0323555521 -0.0683430513 -0.0533886847
v -0.0323899918 -0.0677671432 -0.0534454193
v -0.0323858174 -0.0284919641 -0.053438542
v -0.0323151794 -0.0277695715 -0.0533221764
v -0.0321252708 -0.0270006494 -0.0530093303
v -0.0320542412 -0.0224624996 -0.0350341568
v -0.0327417038 -0.022485447 0.0365632197
v -0.0313093166 -0.0706234207 -0.0516651688
v -0.0311636524 -0.0706987991 -0.0514252052
v -0.0318122243 -0.0700891253 -0.0524936339
v -0.0315243709 -0.0704513945 -0.0520194373
v -0.0312969532 -0.0699658623 0.0529391766
v -0.0314496365 -0.0696499405 0.0531971893
v -0.03161202 -0.0691464755 0.0534715905
v -0.0317578554 -0.0683115879 0.0537180309
v -0.0317879982 -0.0677671432 0.0537689667
v -0.0317846882 -0.0285238671 0.0537633732
v -0.031718802 -0.0278007582 0.0536520364
v -0.0314496365 -0.0267750568 0.0531971893
v -0.0315681895 -0.0271142178 0.0533975242
v -0.0318310071 -0.0263680102 -0.0525245759
v -0.0315294998 -0.0259784538 -0.0520278864
v -0.0312821419 -0.0264322071 0.0529141478
v -0.0313093166 -0.0258015766 -0.0516651688
v -0.0311636524 -0.025726202 -0.0514252052
v -0.0316590137 -0.0224624996 0.0353550911
v -0.0310148849 -0.0707466507 -0.0511801338
v -0.0304384155 -0.0707466507 0.0514883842
v -0.0306701981 -0.0706535721 0.0518800598
v -0.0308659592 -0.0705212326 0.052210865
v -0.0310561024 -0.0703237929 0.0525321763
v -0.0308659592 -0.0259037647 0.052210865
v -0.0310675529 -0.026115088 0.0525515258
v -0.0310148849 -0.0256783466 -0.0511801338
v -0.0304384155 -0.0256783466 0.0514883842
v -0.0306439885 -0.0257576081 0.05183577
v -0.0295986913 -0.0737258779 -0.0395188997
v -0.0296679668 -0.0719625015 -0.0396112213
v -0.0296679668 -0.0244624996 -0.0396112213
v -0.0296017286 -0.0227043537 -0.0395229475
v -0.0294097508 -0.0739546864 -0.0392671124
v -0.0290068433 -0.0739332779 0.0396122269
v -0.0291826151 -0.0736678772 0.0398520294
v -0.0292214947 -0.0719625015 0.0399050713
v -0.0292214947 -0.0244624996 0.0399050713
v -0.0294133692 -0.0224714115 -0.0392719342
v -0.0290088119 -0.0224920703 0.0396149125
v -0.0291818443 -0.0227556375 0.0398509779
v -0.0284675674 -0.0224624996 -0.0380115204
v -0.0280391331 -0.0224624996 0.0382919922
v -0.0269681858 -0.0683603709 -0.0563068188
v -0.0269970818 -0.0677671432 -0.0563670387
v -0.0269946457 -0.0285417328 -0.0563619606
v -0.0269588478 -0.0279497192 -0.0562873591
v -0.0260961075 -0.0706234207 -0.0544894371
v -0.026479466 -0.0701394914 -0.0552883425
v -0.0262138252 -0.0705212326 -0.0547347565
v -0.0268104439 -0.0692827721 -0.0559780893
v -0.0261829375 -0.0692724396 0.0562443488
v -0.0263323656 -0.0683748949 0.0565649334
v -0.0263626213 -0.0677671432 0.0566298409
v -0.0263593764 -0.0284995048 0.0566228808
v -0.0269007568 -0.0275236912 -0.0561663017
v -0.0263056189 -0.0278004748 0.0565075506
v -0.0267801699 -0.0270153291 -0.0559149982
v -0.0261550241 -0.0270291897 0.0561844637
v -0.0264737317 -0.0262717183 -0.0552763926
v -0.0262138252 -0.0259037647 -0.0547347565
v -0.0260961075 -0.0258015766 -0.0544894371
v -0.0256176147 -0.0736445396 -0.0422889297
v -0.0254686766 -0.0739220441 -0.0420435754
v -0.0256441536 -0.0719625015 -0.0423326492
v -0.0259746628 -0.0706987991 -0.054236351
v -0.0258506336 -0.0707466507 -0.0539778786
v -0.0253768094 -0.0706843067 0.0545148748
v -0.0257529453 -0.070313968 0.0553218389
v -0.0260003262 -0.0698671265 0.0558525696
v -0.0257552406 -0.0261152345 0.0553267632
v -0.0260003262 -0.0265578709 0.0558525696
v -0.0259746628 -0.025726202 -0.054236351
v -0.0258506336 -0.0256783466 -0.0539778786
v -0.0253632116 -0.0257369039 0.0544857017
v -0.0256441536 -0.0244624996 -0.0423326492
v -0.0256160474 -0.0227750275 -0.0422863476
v -0.0254697128 -0.0225031452 -0.0420452826
v -0.0249376044 -0.0739582968 0.0421928682
v -0.0251009907 -0.0737382139 0.0424689659
v -0.0251673756 -0.0719625015 0.0425811462
v -0.0251673756 -0.0244624996 0.0425811462
v -0.0246063328 -0.0224624996 -0.0406229935
v -0.0249362411 -0.0224661044 0.0421905645
v -0.0251013613 -0.022688132 0.0424695921
v -0.0241488171 -0.0224624996 0.0408599434
v -0.0220084114 -0.0739625015 -0.00541056442
v -0.0223020359 -0.0737125004 -0.00320493788
v -0.0224867754 -0.0736775002 -0.000998635098
v -0.0224909916 -0.0737148812 0.00121519343
v -0.0221956635 -0.0735625 0.00340771151
v -0.0223933315 -0.0739625015 0.00343816805
v -0.0219464722 -0.0739625015 0.0056205616
v -0.021293775 -0.0737756578 -0.0444815312
v -0.0212416525 -0.0737025002 -0.00749948769
v -0.0218141346 -0.0736124992 -0.00536305857
v -0.0217527428 -0.0736224991 0.00557087708
v -0.0211625703 -0.0737005957 0.00770302391
v -0.0213729706 -0.0719625015 -0.0446465721
v -0.0210503407 -0.0698671265 -0.057940197
v -0.0212250642 -0.0691457464 -0.0584200033
v -0.021116436 -0.0696499405 -0.0581217003
v -0.0213230772 -0.0683130638 -0.0586891602
v -0.0213437729 -0.0677671432 -0.0587459908
v -0.0213411786 -0.028501535 -0.0587388672
v -0.0212944411 -0.0277695715 -0.058610522
v -0.0212025986 -0.027146457 -0.05835831
v -0.021116436 -0.0267750568 -0.0581217003
v -0.0210503407 -0.0265578709 -0.057940197
v -0.0213729706 -0.0244624996 -0.0446465721
v -0.0212918418 -0.0226474352 -0.0444775023
v -0.0204087765 -0.0737309209 -0.00955095447
v -0.0203875443 -0.0734625015 0.000512047578
v -0.0206655834 -0.0734625015 0.00142293966
v -0.0207667484 -0.0734625015 0.00220058298
v -0.0207334923 -0.0734625015 0.00298407383
v -0.0205276894 -0.0734625015 0.00394123659
v -0.0202793446 -0.0734625015 0.00458099794
v -0.0202975981 -0.0737025002 0.00974136105
v -0.0207609692 -0.0738665397 0.0446120214
v -0.0208647719 -0.0735558398 0.0448347202
v -0.0208704758 -0.0719625015 0.0448469582
v -0.0206311741 -0.0706234207 -0.0567891197
v -0.0204860725 -0.0707227249 -0.0563906555
v -0.0209286423 -0.070172851 -0.0576059996
v -0.0207648634 -0.0704630342 -0.0571562441
v -0.0202791506 -0.0701593298 0.0577963113
v -0.0204626427 -0.0696499405 0.0583183594
v -0.0205656516 -0.0691603826 0.0586114273
v -0.0206616269 -0.0683434538 0.0588844833
v -0.0204268347 -0.0674625015 0.000608429799
v -0.0206903896 -0.0674625015 0.00155141389
v -0.0207667484 -0.0674625015 0.00220058298
v -0.0207470487 -0.0674625015 0.00285393079
v -0.0205525584 -0.0674625015 0.00386088092
v -0.0202793446 -0.0674625015 0.00458099794
v -0.0206829548 -0.0677671432 0.0589451637
v -0.0206810093 -0.0285368942 0.0589396276
v -0.0206382135 -0.0278004748 0.0588178711
v -0.0204626427 -0.0267750568 0.0583183594
v -0.0205398342 -0.0271142178 0.0585379747
v -0.0209408226 -0.0262792113 -0.0576394486
v -0.0207689219 -0.0259677839 -0.0571673889
v -0.0202818161 -0.0262717183 0.0578038947
v -0.0206311741 -0.0258015766 -0.0567891197
v -0.0204905316 -0.0257044496 -0.0564029003
v -0.0208704758 -0.0244624996 0.0448469582
v -0.0205077209 -0.0224624996 -0.0428434219
v -0.0207628597 -0.0225596312 0.0446160773
v -0.0208645632 -0.022865828 0.0448342725
v -0.0194937382 -0.0739625015 -0.0115792637
v -0.0194950237 -0.0734625015 -0.000919062972
v -0.0199543425 -0.0734625015 -0.000310519008
v -0.0200456161 -0.0734625015 0.00501243067
v -0.0196282661 -0.0734625015 0.00559048726
v -0.0193626862 -0.0739625015 0.0117606335
v -0.019484615 -0.0724275988 0.000443951419
v -0.0197979409 -0.072427589 0.00120635488
v -0.0199570427 -0.0724277302 0.00201520096
v -0.0199552422 -0.0724277936 0.00283948097
v -0.0197191149 -0.0724278228 0.00384043317
v -0.0193775056 -0.0724284112 0.00459033896
v -0.019804224 -0.0707466507 0.0564451065
v -0.0199585256 -0.070650831 0.0568841092
v -0.0200826035 -0.0705212326 0.0572371178
v -0.0194950237 -0.0674625015 -0.000919062972
v -0.0199200175 -0.0674625015 -0.000362519892
v -0.0200456161 -0.0674625015 0.00501243067
v -0.0196140203 -0.0674625015 0.00560764837
v -0.0200826035 -0.0259037647 0.0572371178
v -0.019804224 -0.0256783466 0.0564451065
v -0.0199458323 -0.0257638893 0.0568479958
v -0.0200255318 -0.0224624996 0.0430342064
v -0.0193216171 -0.073591071 -0.0114774075
v -0.0189440816 -0.0734625015 -0.00143891557
v -0.0189178934 -0.0734625015 0.00629600167
v -0.019191721 -0.073600961 0.0116568508
v -0.0188868841 -0.0724280325 -0.000393000814
v -0.0191471361 -0.0724276838 0.00493328101
v -0.0187378543 -0.0724282798 0.00539765244
v -0.0189989971 -0.0674625015 -0.00139332912
v -0.0189178934 -0.0674625015 0.00629600167
v -0.0181536133 -0.0737025002 -0.0133556602
v -0.0181503096 -0.0734625015 -0.00197312975
v -0.0183178654 -0.0734625015 0.00672088575
v -0.0178838367 -0.0734625015 0.00694975567
v -0.0179547081 -0.073591071 0.013485857
v -0.0181146774 -0.0739625015 0.0136058969
v -0.0181154798 -0.0724277302 -0.00107307863
v -0.0180254002 -0.0724625015 0.0020130198
v -0.0182725357 -0.0724256066 0.00580614208
v -0.0179279434 -0.0724273119 0.00603423467
v -0.0180254002 -0.0699625015 0.0020130198
v -0.0181811262 -0.0674625015 -0.00195643479
v -0.0183178654 -0.0674625015 0.00672088575
v -0.0178838367 -0.0674625015 0.00694975567
v -0.016881917 -0.0736239211 -0.0464932667
v -0.0168176439 -0.0738759122 -0.0463167664
v -0.016862999 -0.0739625015 -0.0151683464
v -0.0172479572 -0.0734625015 -0.00235284591
v -0.0171729129 -0.0734625015 0.00721123466
v -0.0168085856 -0.0724133004 -0.00168317713
v -0.0173391335 -0.0724308161 -0.00147698555
v -0.017249054 -0.0724625015 0.00416740751
v -0.0172709328 -0.0724227552 0.00634572638
v -0.0168955479 -0.0719625015 -0.0465307007
v -0.017249054 -0.0699625015 0.00416740751
v -0.0172948315 -0.0674625015 -0.0023383389
v -0.0171942921 -0.0674625015 0.00720488024
v -0.0168955479 -0.0244624996 -0.0465307007
v -0.0168818288 -0.0228000688 -0.0464930247
v -0.016819494 -0.0225527002 -0.046321847
v -0.0167490687 -0.0739539734 -0.0461284532
v -0.016714056 -0.0735696427 -0.0150348692
v -0.0163295347 -0.0734625015 -0.00254498927
v -0.0162108466 -0.0734625015 0.00739253911
v -0.0165443783 -0.0736124992 0.0151848078
v -0.0166918106 -0.0739625015 0.0153199492
v -0.0162536427 -0.0739323418 0.0463434423
v -0.0163499895 -0.0736690324 0.0466175572
v -0.0161931481 -0.0724274128 -0.00176595311
v -0.0167889328 -0.0724625015 -0.00160546386
v -0.0165478191 -0.0724625015 0.000263490021
v -0.016310668 -0.0724333179 0.0065754512
v -0.0163721809 -0.0719625015 0.0466806908
v -0.0165478191 -0.0699625015 0.000263490021
v -0.0162540054 -0.0674625015 -0.00255285668
v -0.0162330546 -0.0674625015 0.00739047766
v -0.0163721809 -0.0244624996 0.0466806908
v -0.0167494154 -0.0224708858 -0.046129405
v -0.0162112064 -0.0224624996 -0.0446514244
v -0.0162529055 -0.022492101 0.046341345
v -0.0163501153 -0.0227556586 0.046617915
v -0.0152001359 -0.0736910716 -0.0166470588
v -0.0155541782 -0.0734625015 -0.00257739854
v -0.0154980984 -0.0734625015 0.00741039848
v -0.01510779 -0.0739625015 0.016886282
v -0.0153662344 -0.0724281405 -0.00176671854
v -0.0153498263 -0.0724274808 0.00660187608
v -0.0152201816 -0.0700476384 -0.0595287062
v -0.0153966281 -0.0691603826 -0.0602167079
v -0.0153194571 -0.0696499405 -0.059915802
v -0.0154675105 -0.0683600522 -0.0604930934
v -0.0154845076 -0.0677671432 -0.0605593681
v -0.0155541782 -0.0674625015 -0.00257739854
v -0.0154980984 -0.0674625015 0.00741039848
v -0.01548305 -0.0285368942 -0.0605536842
v -0.015454249 -0.0278470541 -0.0604413851
v -0.0153803444 -0.0271350784 -0.0601532135
v -0.0153194571 -0.0267750568 -0.059915802
v -0.0152167383 -0.0263687854 -0.0595152798
v -0.0157089844 -0.0224624996 0.0447938499
v -0.0144027061 -0.0734625015 -0.0148048296
v -0.0147618618 -0.0734625015 -0.0139179993
v -0.0149474597 -0.0734625015 -0.0129567623
v -0.0149673805 -0.0734625015 -0.0122218056
v -0.0148628576 -0.0734625015 -0.0114715666
v -0.0145588583 -0.0734625015 -0.0105129658
v -0.0150656013 -0.0734625015 -0.00253204632
v -0.0145838232 -0.0734625015 -0.00243902373
v -0.0147697101 -0.0734625015 0.00731034946
v -0.0149743118 -0.0735778844 0.0167373409
v -0.0147531915 -0.0724135953 -0.00168664794
v -0.0144595549 -0.0724355296 -0.00156780496
v -0.0142938919 -0.0724625015 0.000668347716
v -0.0149951258 -0.0724625015 0.00457226515
v -0.0145420369 -0.0724284514 0.00643833866
v -0.0149295965 -0.0706640091 -0.0583956563
v -0.01482619 -0.0707466507 -0.0579924507
v -0.01430902 -0.0706234207 0.058669651
v -0.0150671549 -0.0704572144 -0.058932024
v -0.0142938919 -0.0699625015 0.000668347716
v -0.0149951258 -0.0699625015 0.00457226515
v -0.0143736525 -0.0705212326 0.0589339638
v -0.0145234989 -0.0701304079 0.0595467627
v -0.0146983124 -0.0693035348 0.0602616636
v -0.0147884571 -0.068327915 0.0606303107
v -0.014392303 -0.0674625015 -0.0148245583
v -0.0147618618 -0.0674625015 -0.0139179993
v -0.0149442203 -0.0674625015 -0.0129916607
v -0.0149673805 -0.0674625015 -0.0122218056
v -0.014883736 -0.0674625015 -0.011573534
v -0.0145914839 -0.0674625015 -0.0105904969
v -0.0150656013 -0.0674625015 -0.00253204632
v -0.0145838232 -0.0674625015 -0.00243902373
v -0.0148177805 -0.0674625015 0.00732019215
v -0.0148036957 -0.0677671432 0.060692627
v -0.0148020234 -0.028512701 0.0606857891
v -0.0147729232 -0.0278157021 0.060566785
v -0.0146863441 -0.0270287892 0.0602127192
v -0.0150671549 -0.0259677839 -0.058932024
v -0.0143736525 -0.0259037647 0.0589339638
v -0.0145189068 -0.026278357 0.059527983
v -0.0149264673 -0.0257576081 -0.058383455
v -0.01482619 -0.0256783466 -0.0579924507
v -0.01430902 -0.0258015766 0.058669651
v -0.0134968711 -0.0736910716 -0.0180609719
v -0.0138838987 -0.0734625015 -0.0156034962
v -0.0140886489 -0.0734625015 -0.00966353337
v -0.0136607037 -0.0734625015 -0.00911663628
v -0.0139241602 -0.0734625015 -0.002222049
v -0.0138344851 -0.0734625015 0.00702090788
v -0.0135632622 -0.0724208879 -0.0146998035
v -0.013916595 -0.072422448 -0.0139685954
v -0.01412765 -0.0724234454 -0.0131711555
v -0.0141800675 -0.072423273 -0.012348087
v -0.0140332953 -0.0724286031 -0.0114312295
v -0.0136837154 -0.0724178616 -0.0105106577
v -0.0137974847 -0.0724272814 -0.00129538066
v -0.0135175447 -0.0724625015 0.00282273531
v -0.0137809067 -0.0724273896 0.00612181722
v -0.0141742439 -0.0707466507 0.0581184807
v -0.014242342 -0.0706987991 0.0583969688
v -0.0135175447 -0.0699625015 0.00282273531
v -0.0138014593 -0.0674625015 -0.0157051067
v -0.0135846763 -0.0674625015 -0.0147286153
v -0.0139510365 -0.0674625015 -0.0139814601
v -0.0141645942 -0.0674625015 -0.0131771879
v -0.0142171431 -0.0674625015 -0.0123467069
v -0.0141066628 -0.0674625015 -0.0115219312
v -0.0137387845 -0.0674625015 -0.0105510639
v -0.0141115565 -0.0674625015 -0.00969740391
v -0.0136607037 -0.0674625015 -0.00911663628
v -0.0138105669 -0.0674625015 -0.00217574263
v -0.0138344851 -0.0674625015 0.00702090788
v -0.0141742439 -0.0256783466 0.0581184807
v -0.014242342 -0.025726202 0.0583969688
v -0.0129904233 -0.0734625015 -0.0164628067
v -0.0131212802 -0.0734625015 -0.00861705542
v -0.0132250795 -0.0734625015 -0.00188513076
v -0.0128155718 -0.0734625015 -0.00161482036
v -0.0129736967 -0.0734625015 0.00655457425
v -0.0132845238 -0.0736782893 0.0181624634
v -0.0129185967 -0.0724215233 -0.0154936804
v -0.0133925991 -0.0724625015 -0.0148492298
v -0.0129996651 -0.0724262789 -0.00958442263
v -0.0127170944 -0.0723625031 -0.0092482357
v -0.0132714536 -0.0724282094 -0.000968972608
v -0.0128049651 -0.0724275989 -0.000562077246
v -0.0129439995 -0.0724278228 0.0055181183
v -0.0129662247 -0.0674625015 -0.0164815922
v -0.0129278723 -0.0674625015 -0.0155326843
v -0.0131599984 -0.0674625015 -0.00968913269
v -0.0130202338 -0.0674625015 -0.00877485049
v -0.0132250795 -0.0674625015 -0.00188513076
v -0.0128155718 -0.0674625015 -0.00161482036
v -0.0129736967 -0.0674625015 0.00655457425
v -0.0122089125 -0.0737757139 -0.0477871488
v -0.0117373495 -0.0739625015 -0.0194232445
v -0.0121379795 -0.0734625015 -0.0170030518
v -0.0123042378 -0.0734625015 -0.00807773614
v -0.0122600803 -0.0734625015 -0.00113316926
v -0.0117722216 -0.0734625015 -0.000583121121
v -0.011879296 -0.0734625015 0.00554697791
v -0.0123929291 -0.0734625015 0.00610372162
v -0.0120580885 -0.0724171439 -0.0161594356
v -0.0123401441 -0.0724612226 -0.0159117312
v -0.0122287874 -0.0724625015 -0.0129000378
v -0.0121888201 -0.0724226418 -0.008916844
v -0.0123952257 -0.0724275135 -9.79606025e-05
v -0.0120676252 -0.0724275659 0.000427378156
v -0.0117951589 -0.072435666 0.00108038085
v -0.0117435751 -0.0724625015 0.00341714835
v -0.0118831595 -0.0724280475 0.00401820969
v -0.0122699539 -0.0724277302 0.004746077
v -0.0122550106 -0.0719625015 -0.0479668961
v -0.0122287874 -0.0699625015 -0.0129000378
v -0.0121379795 -0.0674625015 -0.0170030518
v -0.0121657203 -0.0674625015 -0.0161316573
v -0.0122082953 -0.0674625015 -0.0088853631
v -0.0123042378 -0.0674625015 -0.00807773614
v -0.0122949707 -0.0674625015 -0.00116766999
v -0.0117722216 -0.0674625015 -0.000583121121
v -0.0119448729 -0.0674625015 0.0056278046
v -0.0123929291 -0.0674625015 0.00610372162
v -0.0122550106 -0.0244624996 -0.0479668961
v -0.0122085599 -0.0226455365 -0.047785774
v -0.0117581654 -0.0224624996 -0.0460295906
v -0.0116335678 -0.073591071 -0.0192522793
v -0.0114726509 -0.0734625015 -0.0172593094
v -0.0114519494 -0.0734625015 -0.00772430754
v -0.0114973297 -0.0734625015 -0.000176675379
v -0.011177093 -0.0734625015 0.00046033222
v -0.0109282141 -0.0734625015 0.00117576337
v -0.0109984501 -0.0734625015 0.00388773136
v -0.011343626 -0.0734625015 0.0047275274
v -0.0114168501 -0.0735778844 0.0193449001
v -0.0115187063 -0.0739625015 0.0195170212
v -0.0116726217 -0.0737739126 0.0478880771
v -0.0113364846 -0.0724230162 -0.0164766655
v -0.0114524403 -0.0724625015 -0.0107456503
v -0.0114481642 -0.0724229574 -0.00855371644
v -0.0116724565 -0.0724150891 0.00138128054
v -0.0115871758 -0.0724270722 0.00199621546
v -0.0115861588 -0.0724283432 0.00282056888
v -0.0116760869 -0.0724218341 0.00343389117
v -0.011715807 -0.0719625015 0.0480646858
v -0.0114524403 -0.0699625015 -0.0107456503
v -0.0114513445 -0.0674625015 -0.0172659035
v -0.0113484092 -0.0674625015 -0.016511692
v -0.0114611402 -0.0674625015 -0.00851900291
v -0.0113192892 -0.0674625015 -0.00768487755
v -0.0114973297 -0.0674625015 -0.000176675379
v -0.0111684422 -0.0674625015 0.000480889708
v -0.0109282141 -0.0674625015 0.00117576337
v -0.0109744849 -0.0674625015 0.00380710152
v -0.0113921741 -0.0674625015 0.00481959438
v -0.011715807 -0.0244624996 0.0480646858
v -0.0112407475 -0.0224624996 0.0461219254
v -0.0116719485 -0.0226497628 0.0478853242
v -0.0104700684 -0.0734625015 -0.0174645939
v -0.0104586504 -0.0734625015 -0.00752464112
v -0.0101549225 -0.0734625015 -0.00147273088
v -0.0102483482 -0.0734625015 -0.000466263592
v -0.0102426729 -0.0734625015 0.000544514537
v -0.0104040418 -0.0734625015 0.00159086831
v -0.0107789516 -0.0734625015 0.00214450312
v -0.0108050568 -0.0734625015 0.00294608424
v -0.0100577011 -0.0734625015 0.0123480272
v -0.0103720597 -0.0734625015 0.0129917676
v -0.0106538771 -0.0734625015 0.013925761
v -0.0107488665 -0.0734625015 0.0148733936
v -0.0106963778 -0.0734625015 0.0156558313
v -0.0105188218 -0.0734625015 0.0163922114
v -0.0102625647 -0.0734625015 0.0170575409
v -0.0105285611 -0.072422583 -0.0166669062
v -0.0107512064 -0.0724625015 -0.0146495676
v -0.0108442639 -0.0724609514 -0.00842523896
v -0.0104100765 -0.0724197495 -0.00831305816
v -0.0107512064 -0.0699625015 -0.0146495676
v -0.0104922519 -0.0674625015 -0.0174622831
v -0.0106073313 -0.0674625015 -0.0166932532
v -0.0104495109 -0.0674625015 -0.00828549767
v -0.0104364424 -0.0674625015 -0.00752257967
v -0.0108297873 -0.0674625015 0.00165646672
v -0.0107789516 -0.0674625015 0.00214450312
v -0.0107913138 -0.0674625015 0.00279803085
v -0.0100577011 -0.0674625015 0.0123480272
v -0.0104100548 -0.0674625015 0.0130849724
v -0.0106736091 -0.0674625015 0.0140279563
v -0.0107481318 -0.0674625015 0.0150042388
v -0.0106963778 -0.0674625015 0.0156558313
v -0.0105399229 -0.0674625015 0.0163240307
v -0.0102625647 -0.0674625015 0.0170575409
v -0.00972096221 -0.0737291667 -0.0203641669
v -0.00951327705 -0.0734625015 -0.0174677792
v -0.00952401699 -0.0734625015 -0.00752114452
v -0.00929374886 -0.0734625015 -0.00437010527
v -0.00967531395 -0.0734625015 -0.00343409634
v -0.00939228725 -0.0731624985 -0.0033346169
v -0.00952153735 -0.0732859634 -0.00216877823
v -0.00946462915 -0.0732659826 -0.00111885933
v -0.00951424721 -0.0732730534 -0.00017744049
v -0.00948034495 -0.0732718098 0.000762733319
v -0.00952950608 -0.0732381377 0.00162719942
v -0.0095880735 -0.0732589676 0.00214034894
v -0.00926877039 -0.0731730478 0.0030064772
v -0.00963634777 -0.0734625015 0.00350572538
v -0.00924429607 -0.0734625015 0.0044373908
v -0.00947824287 -0.0734625015 0.0115574799
v -0.00978739071 -0.0734625015 0.0119385195
v -0.0100288353 -0.0734625015 0.0174889736
v -0.0095829942 -0.0734625015 0.0181013515
v -0.00948483825 -0.0736775002 0.0204201341
v -0.0097117894 -0.0724240436 -0.0166938685
v -0.00919851303 -0.0724625015 -0.0103407927
v -0.00922271729 -0.0724625015 -0.008413908
v -0.00942877595 -0.0724199769 -0.00831880891
v -0.00933465042 -0.0728411636 -0.00297340241
v -0.00958066636 -0.0728378221 -0.00204043525
v -0.00973448517 -0.0728351961 -0.00108773817
v -0.0097883266 -0.0728415476 -0.000124293223
v -0.00975618323 -0.0728332487 0.000840172104
v -0.00962277133 -0.0728353548 0.00179603326
v -0.00939926005 -0.0728357702 0.00273486175
v -0.009301384 -0.0724222086 0.0126189657
v -0.00959097879 -0.0724233733 0.0131666555
v -0.00985350531 -0.0724239595 0.0139457368
v -0.00996093089 -0.0724222291 0.0147637207
v -0.00990415913 -0.0724227636 0.0155943032
v -0.00965570881 -0.0724281049 0.0164437813
v -0.00934164929 -0.0724090833 0.0171281102
v -0.00934512329 -0.0698671265 -0.0609421463
v -0.0092574532 -0.070304884 -0.0603731499
v -0.00919851303 -0.0699625015 -0.0103407927
v -0.00941001844 -0.0692827721 -0.0613633242
v -0.00946575483 -0.0683432414 -0.0617250659
v -0.00947571468 -0.0677671432 -0.0617897034
v -0.00951327705 -0.0674625015 -0.0174677792
v -0.0096770698 -0.0674625015 -0.0167297072
v -0.00941128492 -0.0674625015 -0.00828787661
v -0.00937612724 -0.0674625015 -0.00753654925
v -0.00947824287 -0.0674625015 0.0115574799
v -0.00959213407 -0.0674625015 0.0122217783
v -0.00962514877 -0.0674625015 0.0131512675
v -0.00989755031 -0.0674625015 0.0139688789
v -0.0099988739 -0.0674625015 0.0148068048
v -0.00995278136 -0.0674625015 0.0155267938
v -0.00973467037 -0.0674625015 0.0163707932
v -0.00957919916 -0.0674625015 0.0172590866
v -0.00959723997 -0.0674625015 0.0180841904
v -0.00939228725 -0.0652624969 -0.0033346169
v -0.00967188168 -0.0652624969 -0.00239393544
v -0.00985792732 -0.0652624969 -0.00143037856
v -0.00994863224 -0.0652624969 -0.000453225911
v -0.00994312191 -0.0652624969 0.000528112113
v -0.00984145069 -0.0652624969 0.0015041846
v -0.0096445961 -0.0652624969 0.00246559143
v -0.00935445595 -0.0652624969 0.00340307403
v -0.00947454479 -0.0284995048 -0.0617821128
v -0.0094609623 -0.0279153527 -0.0616939611
v -0.0094418087 -0.0275236912 -0.0615696487
v -0.00939672332 -0.0269881165 -0.0612770365
v -0.00934512329 -0.0265578709 -0.0609421463
v -0.00925815437 -0.0261236186 -0.0603777007
v -0.00878721046 -0.0734625015 -0.0173520813
v -0.00873274517 -0.0734625015 -0.00765192127
v -0.00869318676 -0.0733125 -0.00518781567
v -0.008761331 -0.073170557 -0.00441130245
v -0.00859664585 -0.0733277601 -0.00370611286
v -0.00882341016 -0.073362763 -0.00281229925
v -0.00894229676 -0.0734169383 -0.00190630766
v -0.00894819705 -0.0734499741 -0.00100175345
v -0.00904270094 -0.0734445863 -0.000116279183
v -0.00900186389 -0.0734461614 0.0007740556
v -0.00897639277 -0.0734178499 0.0016746674
v -0.00866951611 -0.0734467551 0.00252203367
v -0.00884024405 -0.0733548573 0.00286584674
v -0.00873776027 -0.0732986389 0.00350796062
v -0.00856213486 -0.0732252906 0.0043698827
v -0.00864445261 -0.0733240386 0.005254293
v -0.00859936633 -0.0734625015 0.0107894416
v -0.00913323593 -0.0734625015 0.0112085762
v -0.00909163284 -0.0734625015 0.0186179714
v -0.00871059322 -0.0734625015 0.0189271183
v -0.00890231209 -0.0724231022 -0.0165636831
v -0.00849727821 -0.0724625015 -0.01424471
v -0.00861329359 -0.072423273 -0.00851377962
v -0.00857871369 -0.0728391763 -0.00474627727
v -0.00900370475 -0.072833817 -0.00387987093
v -0.00908019524 -0.0728432502 0.00364550905
v -0.00867740339 -0.0728415126 0.00452213598
v -0.00848654114 -0.0724240939 0.0116892656
v -0.00892556233 -0.0724234339 0.0121294645
v -0.0090090225 -0.0724303357 0.0175489776
v -0.00854587566 -0.0724183388 0.0180524848
v -0.0091180733 -0.070686269 -0.0594685525
v -0.00844754728 -0.0706896235 0.0595138117
v -0.00849727821 -0.0699625015 -0.01424471
v -0.00857912445 -0.070304884 0.0604364967
v -0.00866039944 -0.0698671265 0.0610064392
v -0.00871927966 -0.0692993575 0.0614193362
v -0.00877146977 -0.0683733239 0.0617853179
v -0.00878721046 -0.0674625015 -0.0173520813
v -0.00881828499 -0.0674625015 -0.0165800514
v -0.00860131025 -0.0674625015 -0.00847866726
v -0.00873274517 -0.0674625015 -0.00765192127
v -0.00848472786 -0.0674625015 0.010711908
v -0.00886680807 -0.0674625015 0.0114020006
v -0.00895247793 -0.0674625015 0.0121027932
v -0.00898921299 -0.0674625015 0.0176512985
v -0.00872562351 -0.0674625015 0.0182362206
v -0.00871059322 -0.0674625015 0.0189271183
v -0.00878146458 -0.0677671432 0.0618554115
v -0.00856409645 -0.0652624969 -0.00511142397
v -0.00902183628 -0.0652624969 -0.00424336338
v -0.00897382355 -0.0652624969 0.00430760336
v -0.00850636482 -0.0652624969 0.00517046881
v -0.00878030523 -0.0284885079 0.0618472805
v -0.00875003242 -0.0275236912 0.0616349907
v -0.00876905753 -0.0279516924 0.0617684011
v -0.00871086749 -0.0270144645 0.061360346
v -0.00857850145 -0.0261152345 0.0604321281
v -0.00866039944 -0.0265578709 0.0610064392
v -0.0091132412 -0.0257323736 -0.0594371916
v -0.00844750044 -0.0257369039 0.0595134828
v -0.00767403758 -0.0736625004 -0.0212074661
v -0.00808968306 -0.0734625015 -0.0171196709
v -0.0080378716 -0.0734625015 -0.00789214945
v -0.00762859344 -0.0734625015 -0.00689273453
v -0.0081537626 -0.0733240386 -0.00602593627
v -0.00773796199 -0.0733146354 -0.00533881448
v -0.0080719213 -0.0733827211 -0.00446834739
v -0.00820008818 -0.0734609655 -0.00353683734
v -0.00829266886 -0.073459988 0.00332917773
v -0.00800124623 -0.0734462879 0.00417001282
v -0.00780377196 -0.073413492 0.00479025789
v -0.00791644112 -0.0732737573 0.00517612616
v -0.00809369823 -0.0733339288 0.00608625167
v -0.0075509181 -0.0734625015 0.00694116211
v -0.00791781282 -0.0734625015 0.010386548
v -0.0080643425 -0.0734625015 0.0193222661
v -0.0081198659 -0.0724222291 -0.0162725493
v -0.0075856583 -0.0724244688 -0.0159639537
v -0.00772093201 -0.0724625015 -0.0120903225
v -0.00786269175 -0.0724226418 -0.00885583168
v -0.00753717806 -0.0727029603 -0.00637618109
v -0.00807533036 -0.0728377918 -0.00556951983
v -0.00819308194 -0.0728356934 0.00535670138
v -0.00762629411 -0.0728376846 0.00613778141
v -0.00798496546 -0.0724228357 0.0113259311
v -0.00800862026 -0.0724625015 0.014489563
v -0.00801735983 -0.0724346059 0.0184211799
v -0.00767880201 -0.072411497 0.0186612567
v -0.00772093201 -0.0699625015 -0.0120903225
v -0.00800862026 -0.0699625015 0.014489563
v -0.00808968306 -0.0674625015 -0.0171196709
v -0.00814345055 -0.0674625015 -0.0163248913
v -0.00756408501 -0.0674625015 -0.0159952745
v -0.00784411979 -0.0674625015 -0.00882380962
v -0.00799264517 -0.0674625015 -0.00791118107
v -0.00791781282 -0.0674625015 0.010386548
v -0.00800441575 -0.0674625015 0.0112947316
v -0.00804965687 -0.0674625015 0.0184715195
v -0.0079256382 -0.0674625015 0.0190588142
v -0.00802347565 -0.0652624969 -0.00593043804
v -0.00795658112 -0.0652624969 0.00598336029
v -0.00746779614 -0.073776907 -0.0487579726
v -0.00723946296 -0.0734625015 -0.016673429
v -0.00697386074 -0.0734625015 -0.00849592876
v -0.007110557 -0.0734625015 -0.0078654594
v -0.00669961064 -0.0731744003 -0.00708657188
v -0.00717717779 -0.0733135659 -0.00613521215
v -0.00717323028 -0.0734563123 -0.00540429449
v -0.00743561745 -0.0734625015 0.00486227179
v -0.00714364185 -0.0734017225 0.00575028449
v -0.00702533212 -0.0732379683 0.0064674468
v -0.00683217716 -0.0734625015 0.00765187693
v -0.0069968071 -0.0734625015 0.0100511618
v -0.00746554804 -0.0734625015 0.0101962318
v -0.00717751217 -0.0734625015 0.0196814232
v -0.0074379829 -0.0736910716 0.02126224
v -0.00691951629 -0.0737781834 0.0487984831
v -0.00710537373 -0.0724232515 -0.0155726439
v -0.00668732848 -0.0724349365 -0.0151164771
v -0.00692417735 -0.072425889 -0.00960666235
v -0.00734305757 -0.0724173313 -0.00919447414
v -0.00683763741 -0.0728378279 -0.00704768549
v -0.00742041824 -0.0730430404 -0.0062782401
v -0.0068831563 -0.0731119461 0.00675916052
v -0.00700327066 -0.0727862687 0.00687671991
v -0.00703028437 -0.0724085254 0.0108751565
v -0.00742858429 -0.0724509926 0.0110569998
v -0.00723227358 -0.0724625015 0.0166439495
v -0.00709822429 -0.0724230591 0.0188820933
v -0.00749604654 -0.0719625015 -0.0489413223
v -0.00694620085 -0.0719625015 0.048985611
v -0.00723227358 -0.0699625015 0.0166439495
v -0.00722371268 -0.0674625015 -0.0166630325
v -0.00708009839 -0.0674625015 -0.0155999131
v -0.00687012625 -0.0674625015 -0.00960041857
v -0.00714957452 -0.0674625015 -0.00883405876
v -0.00738030672 -0.0674625015 -0.00822103691
v -0.0069968071 -0.0674625015 0.0100511618
v -0.00716117346 -0.0674625015 0.0106971188
v -0.00711008048 -0.0674625015 0.018917098
v -0.00717751217 -0.0674625015 0.0196814232
v -0.00671516609 -0.0652624969 -0.00739032507
v -0.00740518045 -0.0652624969 -0.00669251776
v -0.0073297677 -0.0652624969 0.00673844957
v -0.00749604654 -0.0244624996 -0.0489413223
v -0.00694620085 -0.0244624996 0.048985611
v -0.00746761726 -0.0226492428 -0.0487568116
v -0.00719148207 -0.0224624996 -0.0469646492
v -0.00666385269 -0.0224624996 0.0470056381
v -0.00691973013 -0.0226473346 0.0487999827
v -0.00663791895 -0.0734625015 -0.0162187309
v -0.0061323123 -0.0734625015 -0.0156849508
v -0.00594216156 -0.0734625015 -0.00953927898
v -0.00640813047 -0.0734625015 -0.00899964679
v -0.00605703214 -0.0733240386 -0.00814634499
v -0.00620509764 -0.073284358 -0.00714889617
v -0.00632953356 -0.0734374508 -0.00652854087
v -0.00647967998 -0.0734344553 0.00636426468
v -0.00606954333 -0.0733105896 0.0072034588
v -0.00596537891 -0.0733240386 0.00817704612
v -0.00623141551 -0.0734625015 0.00992308084
v -0.00619406743 -0.0734625015 0.019869082
v -0.00636059723 -0.0724183271 -0.0146495348
v -0.00599437792 -0.0724232013 -0.0138589537
v -0.00584841896 -0.0724543878 -0.0131299153
v -0.00583132323 -0.0724610973 -0.0121724627
v -0.00590798019 -0.0724229574 -0.0114152486
v -0.00626892546 -0.0724292151 -0.010528026
v -0.00647892051 -0.0723864547 -0.0100872678
v -0.00611417567 -0.0728358328 -0.00768645004
v -0.00627752186 -0.0728397369 0.00751503854
v -0.00614353336 -0.07242852 0.0107162658
v -0.00653103971 -0.0724625015 0.0127400331
v -0.00629675336 -0.0724234169 0.0190660457
v -0.00653103971 -0.0699625015 0.0127400331
v -0.00663791895 -0.0674625015 -0.0162187309
v -0.0061323123 -0.0674625015 -0.0156849508
v -0.00641961575 -0.0674625015 -0.0147988634
v -0.00595834684 -0.0674625015 -0.0138687291
v -0.00587214804 -0.0674625015 -0.0114057894
v -0.00616351008 -0.0674625015 -0.0106263227
v -0.00620846295 -0.0674625015 -0.00981184196
v -0.00642381263 -0.0674625015 -0.00898378754
v -0.00632088881 -0.0674625015 0.0099324007
v -0.00604188967 -0.0674625015 0.010659266
v -0.00629925179 -0.0674625015 0.0191042271
v -0.00621627545 -0.0674625015 0.0198670206
v -0.00596007681 -0.0652624969 -0.00801713848
v -0.00663196087 -0.0652624969 0.00742846394
v -0.00586988068 -0.0652624969 0.00804675865
v -0.00559727812 -0.0739625015 -0.0220070305
v -0.00554759359 -0.0735749998 -0.0218132992
v -0.00558385229 -0.0734625015 -0.0148740168
v -0.00520413637 -0.0734625015 -0.0139716649
v -0.00500775623 -0.0734625015 -0.0130125728
v -0.00500225949 -0.0734625015 -0.012033597
v -0.00511795855 -0.0734625015 -0.0113075304
v -0.00534194916 -0.0734625015 -0.0106306563
v -0.00567185116 -0.0734625015 -0.00994878578
v -0.0052429844 -0.0733471157 -0.0087247368
v -0.00511066635 -0.0733147723 -0.00791238419
v -0.00566300318 -0.0734353995 -0.0071244857
v -0.00527715578 -0.0734506573 0.00728354221
v -0.00530318995 -0.0732934631 0.00779770565
v -0.00513999025 -0.0733375003 0.00873798482
v -0.00524425249 -0.0734625015 0.00992635536
v -0.00521511646 -0.0734625015 0.0198592129
v -0.0053025012 -0.073591071 0.0218374176
v -0.00535000706 -0.0739625015 0.0220316944
v -0.00577475907 -0.0724022822 -0.0130024892
v -0.00576067247 -0.0724126114 -0.0122442726
v -0.00533301602 -0.0728353653 -0.00825302338
v -0.00550812011 -0.0728393945 0.0080973821
v -0.00521251696 -0.072423492 0.010722379
v -0.00497834587 -0.0724625015 0.0170488071
v -0.00547001765 -0.0724232101 0.019092407
v -0.00497834587 -0.0699625015 0.0170488071
v -0.00558385229 -0.0674625015 -0.0148740168
v -0.00520413637 -0.0674625015 -0.0139716649
v -0.00538765657 -0.0674625015 -0.0130356634
v -0.00537035525 -0.0674625015 -0.0121303592
v -0.00511795855 -0.0674625015 -0.0113075304
v -0.0053503685 -0.0674625015 -0.010610003
v -0.00567185116 -0.0674625015 -0.00994878578
v -0.00532800845 -0.0674625015 0.00991858074
v -0.00521013379 -0.0674625015 0.0106846142
v -0.00546749544 -0.0674625015 0.0191295748
v -0.00528610353 -0.0674625015 0.0198666073
v -0.00514718533 -0.0652624969 -0.00856692219
v -0.0050508666 -0.0652624969 0.00858737946
v -0.00420185757 -0.0734625015 -0.016901516
v -0.00439544108 -0.0734625015 -0.01642678
v -0.00446976616 -0.0734625015 -0.0156064993
v -0.00428220239 -0.0734625015 -0.0149262538
v -0.00441410732 -0.0734625015 -0.00930485344
v -0.00434532439 -0.0732166867 -0.0086530393
v -0.00440226142 -0.0734226701 -0.00803568293
v -0.00483898878 -0.0734625015 -0.00749617481
v -0.00443321043 -0.073357371 0.00814155763
v -0.0042461772 -0.0733125 0.00918107605
v -0.0045670433 -0.0734625015 0.0100375195
v -0.00451257849 -0.0734625015 0.0197376785
v -0.00450144523 -0.0728312527 -0.00874293915
v -0.00461747456 -0.0731119461 0.00847755432
v -0.00469726474 -0.0727928983 0.00862304851
v -0.0044224243 -0.0724202503 0.0108988677
v -0.00423822498 -0.0724625015 0.0110314131
v -0.00427711153 -0.0724625015 0.0131448908
v -0.00465645817 -0.0724226833 0.0189565125
v -0.00427711153 -0.0699625015 0.0131448908
v -0.0045670433 -0.0674625015 0.0100375195
v -0.00439930487 -0.0674625015 0.0108717427
v -0.00464677644 -0.0674625015 0.0189921675
v -0.00451257849 -0.0674625015 0.0197376785
v -0.00420185757 -0.0649625015 -0.016901516
v -0.00440034684 -0.0649625015 -0.016410275
v -0.00447073197 -0.0649625015 -0.0156157715
v -0.00428182252 -0.0649625015 -0.0149264361
v -0.00428431988 -0.0652624969 -0.00903438091
v -0.00418280649 -0.0652624969 0.00904511929
v -0.00339313006 -0.0736910716 -0.0223126965
v -0.00330310464 -0.0734625015 -0.0177253361
v -0.00382576885 -0.0734625015 -0.0173410607
v -0.00401444719 -0.0734625015 -0.0144995339
v -0.00355229213 -0.0734625015 -0.0140950964
v -0.0034396705 -0.0733375003 -0.00957945021
v -0.00345394172 -0.0733362646 -0.00872179971
v -0.00348844776 -0.0734606041 -0.00825518703
v -0.00352345826 -0.0734449045 0.00833389454
v -0.00367677229 -0.0732920782 0.00869306009
v -0.00337353897 -0.0734625015 0.00969859695
v -0.00389016923 -0.0734625015 0.0102615101
v -0.00359157252 -0.0734625015 0.0194022923
v -0.00404383707 -0.0734625015 0.0195926094
v -0.00362206263 -0.0728434568 -0.00914034678
v -0.00381827044 -0.0728395426 0.00902454453
v -0.00365886117 -0.0724228357 0.011245349
v -0.00350076485 -0.0724625015 0.0152992783
v -0.00352437757 -0.072422583 0.0184631113
v -0.00407044672 -0.0724234627 0.0187555783
v -0.00330992252 -0.0701413574 -0.0612318983
v -0.00327627349 -0.0705212326 -0.0606173782
v -0.00350076485 -0.0699625015 0.0152992783
v -0.00335167378 -0.0692827721 -0.0619943848
v -0.00337168535 -0.0683432414 -0.062359848
v -0.00337526107 -0.0677671432 -0.0624251518
v -0.0038695159 -0.0674625015 0.0102699294
v -0.00364056277 -0.0674625015 0.0112134604
v -0.00350496972 -0.0674625015 0.0184941092
v -0.00386990299 -0.0674625015 0.0190348831
v -0.00404383707 -0.0674625015 0.0195926094
v -0.00330310464 -0.0649625015 -0.0177253361
v -0.00378969431 -0.0649625015 -0.017375573
v -0.00400846398 -0.0649625015 -0.0144923263
v -0.00354451191 -0.0649625015 -0.0140899608
v -0.00337979054 -0.0652624969 -0.00941501331
v -0.00337484653 -0.028501535 -0.0624175805
v -0.00336763093 -0.0277840351 -0.0622858036
v -0.00334786916 -0.0270150712 -0.0619249026
v -0.00330992252 -0.0262836413 -0.0612318983
v -0.00327627349 -0.0259037647 -0.0606173782
v -0.00265539382 -0.0737649288 -0.0492785234
v -0.00263715005 -0.0739625015 -0.048945343
v -0.00283324676 -0.0734625015 -0.0178718597
v -0.00278188748 -0.0734625015 -0.0137808855
v -0.00252973199 -0.0732845387 -0.00969393237
v -0.00255551885 -0.0733756232 -0.00892472147
v -0.00274565262 -0.0733653564 0.00882736974
v -0.00327405953 -0.0731624985 0.00941557121
v -0.0030221596 -0.0734625015 0.01071428
v -0.0029975615 -0.0734625015 0.0190586067
v -0.00314192861 -0.0736888159 0.0223081243
v -0.00271093871 -0.0728393945 -0.00945762397
v -0.00288817627 -0.0730298085 0.00927965064
v -0.00293119202 -0.072702852 0.00941615518
v -0.00302157617 -0.0724137685 0.0116821584
v -0.00263879137 -0.0724328092 0.0120809771
v -0.00251747443 -0.0724517761 0.0175381581
v -0.00287837048 -0.0724205193 0.0179708492
v -0.00266448736 -0.0719625015 -0.0494445953
v -0.00325441983 -0.0706576836 -0.0602182766
v -0.00323037338 -0.0707466507 -0.0597791252
v -0.00255909514 -0.0707466507 0.0597748299
v -0.00257765424 -0.0706611099 0.0602014751
v -0.00259557939 -0.0705212326 0.0606135445
v -0.00262168798 -0.0701532805 0.0612137448
v -0.00265547166 -0.0692822222 0.0619903802
v -0.00267157325 -0.0683265367 0.0623605315
v -0.00300354564 -0.0674625015 0.0107265668
v -0.00296306539 -0.0674625015 0.0116966352
v -0.00252017188 -0.0674625015 0.0121375427
v -0.00284593296 -0.0674625015 0.017986043
v -0.00292788509 -0.0674625015 0.0190114822
v -0.00267426062 -0.0677671432 0.0624223137
v -0.00280569906 -0.0649625015 -0.0178793243
v -0.00279031861 -0.0649625015 -0.0137825134
v -0.00244230819 -0.0652624969 -0.00970515347
v -0.00327405953 -0.0652624969 0.00941557121
v -0.00267397826 -0.0285238671 0.0624158205
v -0.00266839711 -0.0278004748 0.0622875163
v -0.00265248799 -0.0270150712 0.0619217911
v -0.00259557939 -0.0259037647 0.0606135445
v -0.00262343271 -0.026302239 0.0612538533
v -0.00325441983 -0.0257673154 -0.0602182766
v -0.00323037338 -0.0256783466 -0.0597791252
v -0.00255909514 -0.0256783466 0.0597748299
v -0.00257718503 -0.0257609903 0.0601906885
v -0.00266448736 -0.0244624996 -0.0494445953
v -0.00265541047 -0.0226604812 -0.0492788274
v -0.00263715005 -0.0224624996 -0.048945343
v -0.00255513763 -0.0224624996 -0.0474475861
v -0.00201336776 -0.0734625015 -0.017883856
v -0.00197097637 -0.0734625015 -0.0137875993
v -0.00172272439 -0.0732325617 -0.00941690032
v -0.00164333715 -0.0734260501 -0.00899409394
v -0.00186441186 -0.0733770978 0.00905439829
v -0.00224614095 -0.0732917175 0.00972832265
v -0.0022591597 -0.0734625015 0.0113276912
v -0.0017554419 -0.0734625015 0.0118934212
v -0.00200803716 -0.0734625015 0.0181827948
v -0.00208872737 -0.0739611865 0.0489617764
v -0.00210285273 -0.0737525173 0.0492864967
v -0.00177302716 -0.0728353284 -0.00968480567
v -0.00198001968 -0.0728375553 0.00960462456
v -0.00229653879 -0.0724238322 0.0124894242
v -0.00198475886 -0.0724228357 0.0130247064
v -0.00169408921 -0.0724234339 0.0137940135
v -0.00161024641 -0.0724609858 0.014817235
v -0.00167505894 -0.072432534 0.0158919858
v -0.00191857675 -0.0724236259 0.0166220917
v -0.00227145752 -0.0724120002 0.0172740553
v -0.00210929513 -0.0719625015 0.049434597
v -0.00224330044 -0.0674625015 0.0113433733
v -0.00206149225 -0.0674625015 0.0122380823
v -0.0019518261 -0.0674625015 0.0130083618
v -0.00165694523 -0.0674625015 0.0137865043
v -0.001665429 -0.0674625015 0.016052187
v -0.00188423651 -0.0674625015 0.0166375732
v -0.0022986784 -0.0674625015 0.0173591671
v -0.00208323306 -0.0674625015 0.0182669401
v -0.00199886963 -0.0649625015 -0.0178815465
v -0.00195947393 -0.0649625015 -0.0137921637
v -0.00233337808 -0.0652624969 0.00969516563
v -0.00210929513 -0.0244624996 0.049434597
v -0.00202237725 -0.0224624996 0.0474364853
v -0.00208863056 -0.0224637032 0.0489595509
v -0.00210296831 -0.0226743444 0.0492891539
v -0.00119124722 -0.0736806821 -0.0225394455
v -0.00150740159 -0.0734625015 -0.0177354183
v -0.0010994013 -0.0734625015 -0.0174691772
v -0.00083070296 -0.0734625015 -0.0144305153
v -0.00125400654 -0.0734625015 -0.0140845077
v -0.00152658582 -0.0734625015 -0.0101985083
v -0.000883727322 -0.0732793113 -0.00950923971
v -0.000754385605 -0.0734414686 -0.00910364656
v -0.000954990082 -0.0734188775 0.00909761949
v -0.00110051125 -0.0732224905 0.00958558472
v -0.00141217351 -0.0734625015 0.0101782064
v -0.00148055005 -0.0734625015 0.0122998676
v -0.00113806845 -0.0734625015 0.0129897374
v -0.000855190303 -0.0734625015 0.0139269942
v -0.00076068814 -0.0734625015 0.0148852521
v -0.000851280123 -0.0734625015 0.0158411803
v -0.00103758872 -0.0734625015 0.0165524101
v -0.00134605203 -0.0734625015 0.0172404922
v -0.00093867037 -0.0737034094 0.0225236818
v -0.000816449139 -0.0728414675 -0.00981172589
v -0.00102693382 -0.0728394777 0.00975550952
v -0.00153533977 -0.0723754425 0.0143993621
v -0.00154154664 -0.0724172138 0.0148754564
v -0.00157641979 -0.072385017 0.015644935
v -0.00148055005 -0.0674625015 0.0122998676
v -0.00118338184 -0.0674625015 0.0128820553
v -0.00109696607 -0.0674625015 0.0140080818
v -0.00110750978 -0.0674625015 0.0149201284
v -0.00103136983 -0.0674625015 0.0157923337
v -0.00103758872 -0.0674625015 0.0165524101
v -0.00132090148 -0.0674625015 0.0171927967
v -0.00150740159 -0.0649625015 -0.0177354183
v -0.00107946092 -0.0649625015 -0.0174529991
v -0.00083070296 -0.0649625015 -0.0144305153
v -0.00120146866 -0.0649625015 -0.0141179162
v -0.00148090124 -0.0652624969 -0.0099020071
v -0.00136982131 -0.0652624969 0.00988121033
v -0.000662429468 -0.0734625015 -0.0170148548
v -0.00040329489 -0.0734625015 -0.0164580728
v -0.00031529717 -0.0734625015 -0.0156483813
v -0.000543853561 -0.0734625015 -0.0148666482
v -0.000521231174 -0.0734625015 -0.0103032303
v -0.000504828691 -0.0731624985 -0.0100036793
v -0.000737770081 -0.0734625015 -0.00891408157
v -5.58869467e-05 -0.073438623 0.00908134337
v -0.000115671836 -0.0732521502 0.00956979678
v -0.000405706286 -0.0734625015 0.0102716322
v -6.37651162e-05 -0.0728354828 0.0098143273
v -0.000657181531 -0.0649625015 -0.0170070953
v -0.000400538705 -0.0649625015 -0.0164491673
v -0.000316158816 -0.0649625015 -0.0156390989
v -0.000548201859 -0.0649625015 -0.014858402
v -0.000504828691 -0.0652624969 -0.0100036793
v -0.000392668605 -0.0652624969 0.00997191525
v 0.000888609529 -0.0734625015 -0.0156375647
v 0.000844528868 -0.0734625015 -0.014922526
v 0.000896848083 -0.0734625015 -0.0141702833
v 0.000489547014 -0.0734625015 -0.0103089056
v 0.000199110636 -0.0732743089 -0.00956967494
v 0.00013944593 -0.0734463617 -0.00909240341
v 0.000840096155 -0.0734311873 0.00908770551
v 0.000806280631 -0.0732439008 0.00957625542
v 0.000605071902 -0.0734625015 0.0102659569
v 0.000914543688 -0.0734625015 0.0143932409
v 0.000627694295 -0.0734625015 0.0148293743
v 0.000399137898 -0.0734625015 0.0156111072
v 0.000523461426 -0.0734625015 0.0165066636
v 0.000858581765 -0.0734625015 0.0171272519
v 0.000147618698 -0.0728357597 -0.00985279713
v 0.00090053325 -0.0728374456 0.00977722878
v 0.000888609529 -0.0674625015 -0.0156375647
v 0.00084483162 -0.0674625015 -0.0148686063
v 0.000896848083 -0.0674625015 -0.0141702833
v 0.000476509333 -0.0652624969 -0.0100091887
v 0.000588669419 -0.0652624969 0.00996640491
v 0.000914543688 -0.0649625015 0.0143932409
v 0.000632042594 -0.0649625015 0.0148211281
v 0.000399999544 -0.0649625015 0.0156018248
v 0.000524162543 -0.0649625015 0.0165064083
v 0.000864564985 -0.0649625015 0.0171344595
v 0.00102251116 -0.0737034094 -0.0225609558
v 0.00142109007 -0.0734625015 -0.0172610731
v 0.00104154529 -0.0734625015 -0.0163209174
v 0.000995274961 -0.0734625015 -0.01368958
v 0.00122818334 -0.0734625015 -0.013012101
v 0.00156439078 -0.0734625015 -0.012337141
v 0.00149601424 -0.0734625015 -0.0102154799
v 0.00113525259 -0.0732700784 -0.00951498384
v 0.00102814347 -0.0734468377 -0.00903716234
v 0.00174206044 -0.0734030827 0.00903608269
v 0.00159329483 -0.0733500004 0.0100500469
v 0.00142858462 -0.0734625015 0.0139994259
v 0.00140043152 -0.0734625015 0.0175747372
v 0.00127418854 -0.0736434526 0.0224857465
v 0.00176042959 -0.0723996829 -0.016086301
v 0.00166575321 -0.0724223583 -0.0154739732
v 0.00164035396 -0.0724229574 -0.0146470045
v 0.00172222909 -0.0724224522 -0.0140329198
v 0.00111063263 -0.0728411636 -0.00979148555
v 0.00142109007 -0.0674625015 -0.0172610731
v 0.00129964348 -0.0674625015 -0.0163184223
v 0.00162337677 -0.0674625015 -0.0154348902
v 0.00160337931 -0.0674625015 -0.0146444974
v 0.00134081629 -0.0674625015 -0.0138573337
v 0.00124909721 -0.0674625015 -0.0129624015
v 0.00156439078 -0.0674625015 -0.012337141
v 0.00145366204 -0.0652624969 -0.00991848469
v 0.00156474197 -0.0652624969 0.0098647337
v 0.00137343418 -0.0649625015 0.0140308247
v 0.00141922953 -0.0649625015 0.0175846481
v 0.00218516064 -0.0737758417 -0.0492885328
v 0.00245999026 -0.0734625015 -0.0186175385
v 0.00197229945 -0.0734625015 -0.0180927699
v 0.00183928263 -0.0734625015 -0.0119306955
v 0.00232714117 -0.0734625015 -0.0113806477
v 0.00220112893 -0.0732760015 -0.00959454037
v 0.0019302928 -0.0734159186 -0.00900619401
v 0.00258372559 -0.0734457633 0.00869668994
v 0.0021904598 -0.0732754873 0.00962110976
v 0.00228643434 -0.0734625015 0.0137156078
v 0.00229034503 -0.0734625015 0.0178741238
v 0.00233611197 -0.0724179099 -0.017260479
v 0.00194330199 -0.0724391379 -0.0164667541
v 0.00183182979 -0.0724240138 -0.0136343246
v 0.0020690794 -0.0724231512 -0.0130622417
v 0.00246307264 -0.0724136207 -0.0124023123
v 0.00206408679 -0.0728335961 -0.00964297606
v 0.00185648145 -0.0728374442 0.00964547359
v 0.00219313574 -0.0719625015 -0.0494718704
v 0.00245999026 -0.0674625015 -0.0186175385
v 0.00196040916 -0.0674625015 -0.0180781145
v 0.00227291703 -0.0674625015 -0.0172192911
v 0.00188244164 -0.0674625015 -0.0164847031
v 0.00179521441 -0.0674625015 -0.0136224689
v 0.00203566676 -0.0674625015 -0.0130456352
v 0.0022642206 -0.0674625015 -0.0122035472
v 0.00235206284 -0.0674625015 -0.0113560043
v 0.00241721892 -0.0652624969 -0.00973243904
v 0.0025261488 -0.0652624969 0.00966788006
v 0.00224535175 -0.0649625015 0.0137220631
v 0.00228550372 -0.0649625015 0.0178731914
v 0.00219313574 -0.0244624996 -0.0494718704
v 0.00218497464 -0.0226453394 -0.0492842571
v 0.0021062181 -0.0224624996 -0.0474737587
v 0.00322822136 -0.0737125004 -0.0223625936
v 0.00305923234 -0.0734625015 -0.019080886
v 0.00312151208 -0.0734625015 -0.0107413153
v 0.0034114661 -0.0733240386 -0.00960524361
v 0.00282959123 -0.0733660818 -0.0088649545
v 0.00339812144 -0.0734565068 0.00833683084
v 0.00282418999 -0.0733130148 0.00898360899
v 0.00346363139 -0.0731624985 0.00937773991
v 0.00305162711 -0.0734625015 0.0137879594
v 0.00328333551 -0.0734625015 0.0177316626
v 0.00291039146 -0.0734625015 0.0178472975
v 0.00346826887 -0.073591071 0.0222189465
v 0.00272337998 -0.0739588338 0.0489517053
v 0.00274125486 -0.0737380905 0.0492781445
v 0.00311417102 -0.0724225786 -0.0181280486
v 0.00283700409 -0.0724332547 -0.0119963186
v 0.00322695227 -0.0724223263 -0.0116258153
v 0.00299708294 -0.0728394419 -0.00939646814
v 0.00275494528 -0.0731119461 0.00928376675
v 0.00280115227 -0.0727952357 0.00944220132
v 0.00274832821 -0.0719625015 0.0494073219
v 0.00266149497 -0.0706611099 -0.0602387505
v 0.00264293599 -0.0707466507 -0.0598121033
v 0.00331421399 -0.0707466507 0.0597418518
v 0.00333826056 -0.0706576836 0.0601810032
v 0.00270571854 -0.0701477194 -0.061255383
v 0.00267941999 -0.0705212326 -0.0606508179
v 0.00336724746 -0.0704572144 0.0607103786
v 0.00340085523 -0.0700473962 0.0613241413
v 0.00273950227 -0.0692780515 -0.06203202
v 0.00343606841 -0.0692668082 0.0619672259
v 0.002755128 -0.0683600522 -0.0623912329
v 0.00345536106 -0.0683600522 0.0623195603
v 0.00275810146 -0.0677671432 -0.0624595871
v 0.00304075754 -0.0674625015 -0.0190683908
v 0.00309050552 -0.0674625015 -0.018155831
v 0.00288980913 -0.0674625015 -0.0118710527
v 0.00320400333 -0.0674625015 -0.0115967655
v 0.00304643579 -0.0674625015 -0.0107908722
v 0.00345910192 -0.0677671432 0.0623878746
v 0.00335790038 -0.0652624969 -0.00945284462
v 0.00346363139 -0.0652624969 0.00937773991
v 0.00307314157 -0.0649625015 0.013793896
v 0.00329196966 -0.0649625015 0.0177280293
v 0.00288475394 -0.0649625015 0.017852547
v 0.00275784645 -0.0285368942 -0.0624537268
v 0.00345875198 -0.0285258973 0.062381485
v 0.00275241789 -0.027815184 -0.0623289297
v 0.00345172493 -0.0278004748 0.0622531548
v 0.00273632868 -0.0270150712 -0.0619590645
v 0.00343170993 -0.0270150712 0.0618876292
v 0.00270616639 -0.0262836413 -0.0612656784
v 0.00267941999 -0.0259037647 -0.0606508179
v 0.00336843636 -0.0259784538 0.060732091
v 0.00340022413 -0.0263675874 0.0613126157
v 0.00266149497 -0.0257638893 -0.0602387505
v 0.00264293599 -0.0256783466 -0.0598121033
v 0.00331421399 -0.0256783466 0.0597418518
v 0.00333826056 -0.0257673154 0.0601810032
v 0.00274832821 -0.0244624996 0.0494073219
v 0.00263897824 -0.0224624996 0.0474103127
v 0.00272366158 -0.0224665044 0.0489568481
v 0.00274127008 -0.0226880203 0.0492784225
v 0.00392210301 -0.0734625015 -0.019543375
v 0.00395335674 -0.0734625015 -0.0103072028
v 0.00379784569 -0.0733129871 -0.00870088009
v 0.00356848264 -0.0734599414 -0.00828023444
v 0.00423516143 -0.0734457633 0.00803334568
v 0.00357049104 -0.0732955722 0.00876595545
v 0.00356628251 -0.0734625015 0.00965963078
v 0.00378632871 -0.0734625015 0.0141679134
v 0.00421059955 -0.0734625015 0.014611931
v 0.00428569841 -0.0734625015 0.0168642406
v 0.00391460618 -0.0734625015 0.0172987335
v 0.00349872541 -0.0739625015 0.0224166145
v 0.00396922343 -0.0724233824 -0.0187009133
v 0.00358460569 -0.0724625015 -0.0153365517
v 0.00392824776 -0.0724230589 -0.0111919239
v 0.00390301234 -0.0728336346 -0.00906392949
v 0.0037072138 -0.0728375631 0.00910633532
v 0.00358460569 -0.0699625015 -0.0153365517
v 0.00385631905 -0.0674625015 -0.0195156925
v 0.00395247459 -0.0674625015 -0.018734561
v 0.00391144363 -0.0674625015 -0.0111590236
v 0.00398581198 -0.0674625015 -0.0102939724
v 0.00426664686 -0.0652624969 -0.00908239365
v 0.00379356807 -0.0649625015 0.0141737869
v 0.00421584749 -0.0649625015 0.0146196904
v 0.00428569841 -0.0649625015 0.0168642406
v 0.00386318481 -0.0649625015 0.0173487659
v 0.00483677101 -0.0734625015 -0.0198241653
v 0.00470815804 -0.0734625015 -0.00977997494
v 0.00490220404 -0.0731721687 -0.0085409174
v 0.00449666772 -0.0733793583 -0.00814166332
v 0.00510496418 -0.0734605815 -0.00742250371
v 0.00498158652 -0.0734538841 0.00754891676
v 0.00463277737 -0.0733494136 0.00814192351
v 0.0044535862 -0.0732791334 0.00894527676
v 0.00510877657 -0.0734625015 0.0117520351
v 0.00506342411 -0.0734625015 0.0122406111
v 0.0050952282 -0.0734625015 0.0130101581
v 0.00440807434 -0.0734625015 0.0149725871
v 0.00455365935 -0.0734625015 0.0155785926
v 0.00448195067 -0.0734625015 0.0163805265
v 0.00474016887 -0.0724227851 -0.0189939782
v 0.00506218672 -0.0724625015 -0.0170860825
v 0.00436095238 -0.0724625015 -0.0131821642
v 0.00470800877 -0.0724625015 -0.0109386482
v 0.00490947284 -0.0724201649 -0.0108236284
v 0.00476936291 -0.0728413461 -0.00863891038
v 0.00458298945 -0.0728413461 0.00870125523
v 0.00506218672 -0.0699625015 -0.0170860825
v 0.00436095238 -0.0699625015 -0.0131821642
v 0.00480243506 -0.0674625015 -0.0198171349
v 0.00473061728 -0.0674625015 -0.0190294418
v 0.00488396358 -0.0674625015 -0.0107955356
v 0.00493995132 -0.0674625015 -0.0100189795
v 0.00510877657 -0.0674625015 0.0117520351
v 0.00506342411 -0.0674625015 0.0122406111
v 0.00508312448 -0.0674625015 0.012893959
v 0.00513470745 -0.0652624969 -0.00862465382
v 0.00436816072 -0.0652624969 0.00899710751
v 0.00441170764 -0.0649625015 0.0149812212
v 0.00455447614 -0.0649625015 0.015561324
v 0.00447929466 -0.0649625015 0.0163894625
v 0.0054338479 -0.0739625015 -0.0220689678
v 0.00538634205 -0.073591071 -0.0218746929
v 0.00556515884 -0.0734625015 -0.0199242153
v 0.00562123871 -0.0734625015 -0.00993641853
v 0.00528749084 -0.0734625015 -0.00888283443
v 0.00545056108 -0.0732892211 -0.00784507675
v 0.00571419562 -0.0734461426 -0.0071053654
v 0.00580134661 -0.0734052179 0.0071550985
v 0.00524034488 -0.0732694073 0.00794533396
v 0.00531485011 -0.0733240386 0.00866773561
v 0.00575569201 -0.0734625015 0.00991151237
v 0.00540895133 -0.0734625015 0.0106346896
v 0.00520179892 -0.0734625015 0.011270257
v 0.00528239712 -0.0734625015 0.013916362
v 0.00565099791 -0.0734625015 0.0148059258
v 0.00564498477 -0.0736670459 0.0218288616
v 0.00555384363 -0.0724229574 -0.0191298737
v 0.00571033034 -0.0724232101 -0.0107260203
v 0.00559282926 -0.072835438 -0.00813592593
v 0.00541676013 -0.0728374903 0.00821560141
v 0.00595460381 -0.0724182054 0.0114996801
v 0.0058621997 -0.0724277302 0.0121923348
v 0.00589102388 -0.0724277302 0.0130161341
v 0.00598534687 -0.0724007011 0.0136310734
v 0.00556515884 -0.0674625015 -0.0199242153
v 0.00555133629 -0.0674625015 -0.0191668482
v 0.00570922995 -0.0674625015 -0.0106887836
v 0.00562123871 -0.0674625015 -0.00993641853
v 0.00575569201 -0.0674625015 0.00991151237
v 0.00546508026 -0.0674625015 0.0104970007
v 0.00520179892 -0.0674625015 0.011270257
v 0.00529833889 -0.0674625015 0.0139678721
v 0.00570664787 -0.0674625015 0.0149086479
v 0.00595372105 -0.0652624969 -0.00808403301
v 0.00523102617 -0.0652624969 0.00852964783
v 0.00627790807 -0.0734625015 -0.0199063554
v 0.00633374258 -0.0734625015 -0.00996228027
v 0.00613107538 -0.0734625015 -0.00832599449
v 0.0062240106 -0.0732729785 -0.0073037165
v 0.0066325637 -0.073399942 -0.00646911324
v 0.00648583362 -0.0734024836 0.00656530075
v 0.00648758231 -0.0732019636 0.00719248965
v 0.0061489526 -0.0733375003 0.0081198386
v 0.00647315273 -0.0734625015 0.00898140392
v 0.00602600241 -0.0734625015 0.00950200558
v 0.00620570602 -0.0734625015 0.0156350917
v 0.0067217598 -0.0734625015 0.0161814556
v 0.00638569705 -0.0724231843 -0.0191032247
v 0.00661488008 -0.0724625015 -0.0127773066
v 0.00653331529 -0.0724229574 -0.0107816294
v 0.00639740253 -0.0727130822 -0.00759527706
v 0.00630727731 -0.0730298085 -0.00748783488
v 0.00628891145 -0.0730544915 0.00743258619
v 0.00623435325 -0.0727020067 0.00769443594
v 0.00669017308 -0.072422213 0.00992862864
v 0.00628307506 -0.0724274576 0.0106065401
v 0.00605933674 -0.0724433331 0.0111828489
v 0.0061778349 -0.0724417671 0.0140241684
v 0.00658429064 -0.0724221032 0.0148260816
v 0.00661488008 -0.0699625015 -0.0127773066
v 0.00630011606 -0.0674625015 -0.019904294
v 0.00631415399 -0.0674625015 -0.019150418
v 0.00653946519 -0.0674625015 -0.0107450838
v 0.00635592604 -0.0674625015 -0.00996459103
v 0.00653229686 -0.0674625015 0.00892159203
v 0.00602600241 -0.0674625015 0.00950200558
v 0.00624749355 -0.0674625015 0.0156854309
v 0.0067217598 -0.0674625015 0.0161814556
v 0.00671580124 -0.0652624969 -0.00746573782
v 0.00679900694 -0.0652624969 0.00735305119
v 0.00604391766 -0.0652624969 0.0079798646
v 0.00674769306 -0.0224624996 -0.0470429153
v 0.00702705941 -0.0735796947 -0.04900197
v 0.00699108263 -0.0738831274 -0.0487496834
v 0.00751866568 -0.0736815476 -0.0212905299
v 0.00726135302 -0.0734625015 -0.0197186966
v 0.00754938889 -0.0734625015 -0.0102335062
v 0.00708064747 -0.0734625015 -0.0100884361
v 0.00691601801 -0.0734625015 -0.00768915081
v 0.00732757217 -0.0732633438 -0.00683175554
v 0.00733822136 -0.0732666567 -0.00611659961
v 0.00715243906 -0.0734348098 -0.00572730984
v 0.00760947412 -0.0734538841 -0.00495830303
v 0.00745238018 -0.0734601974 0.00504891562
v 0.00721633312 -0.0734406689 0.00558587645
v 0.00732756225 -0.0732715777 0.00615375685
v 0.00700171947 -0.0734625015 0.00757420158
v 0.00724244976 -0.0734625015 0.00833370451
v 0.00732330355 -0.0734625015 0.0166361556
v 0.0075520217 -0.0737735236 0.0487231964
v 0.00718196932 -0.0724234454 -0.0189188977
v 0.00731611443 -0.0724625015 -0.0166812248
v 0.00743793666 -0.0724316328 -0.011049091
v 0.0071421538 -0.0724078064 -0.0109056859
v 0.00706937137 -0.072835208 -0.00689663115
v 0.00764404478 -0.0730301385 -0.00612199495
v 0.00757718698 -0.072833817 0.00630214002
v 0.00693270894 -0.0728067856 0.00702188652
v 0.00743374724 -0.0724273119 0.00916578975
v 0.00706498082 -0.0724359157 0.00951909115
v 0.0073347329 -0.0724261351 0.0156541712
v 0.00703004169 -0.0719625015 -0.0490228844
v 0.00757988691 -0.0719625015 0.0489040489
v 0.00731611443 -0.0699625015 -0.0166812248
v 0.00726135302 -0.0674625015 -0.0197186966
v 0.00719392133 -0.0674625015 -0.0189543724
v 0.00753776932 -0.0674625015 -0.0110361719
v 0.00737726177 -0.0674625015 -0.0105141644
v 0.00708064747 -0.0674625015 -0.0100884361
v 0.00726092458 -0.0674625015 0.00832120943
v 0.00730755329 -0.0674625015 0.0166257591
v 0.00741360855 -0.0652624969 -0.00677572346
v 0.0074890213 -0.0652624969 0.00665524387
v 0.00703004169 -0.0244624996 -0.0490228844
v 0.00757988691 -0.0244624996 0.0489040489
v 0.00702691013 -0.0228428126 -0.0490009234
v 0.00699093614 -0.0225409112 -0.0487486562
v 0.00727532291 -0.0224624996 0.046927372
v 0.00755152689 -0.0226487904 0.0487199849
v 0.00795089674 -0.0734625015 -0.0194635735
v 0.0083849268 -0.0734625015 -0.0192347031
v 0.00818141731 -0.0734625015 -0.0105212096
v 0.00818808666 -0.0733471157 -0.00613144027
v 0.00793734596 -0.0733130148 -0.00517231901
v 0.00827534616 -0.0733783521 -0.00430636827
v 0.00826261176 -0.0734568464 -0.00364719996
v 0.00838971008 -0.0734458375 0.00354471756
v 0.0081683017 -0.073369417 0.00443795024
v 0.00789777366 -0.0732727517 0.00541955552
v 0.00834927845 -0.0734625015 0.00607051802
v 0.00771243429 -0.0734625015 0.00685546064
v 0.00810115519 -0.0734625015 0.0078635263
v 0.00821896076 -0.0734625015 0.0171009201
v 0.00774076986 -0.0736124992 0.0211232109
v 0.0078092041 -0.0739625015 0.0213111382
v 0.00775449004 -0.0724243212 -0.0186825698
v 0.00828019779 -0.0724218182 -0.0183597045
v 0.00809246159 -0.0724625015 -0.0145268364
v 0.00812415043 -0.0724274513 -0.0114108505
v 0.00775584074 -0.0727036365 -0.00621175032
v 0.00827758588 -0.0728336717 -0.00539440832
v 0.00853811169 -0.0731119461 0.00464075756
v 0.00815873146 -0.0728374903 0.00553194529
v 0.00813296296 -0.0724279417 0.00872949775
v 0.00780477238 -0.0724625015 0.0120530481
v 0.00770464993 -0.0724625015 0.0158756456
v 0.00820744715 -0.0724277302 0.0162333539
v 0.00851298934 -0.0707208845 -0.0594220643
v 0.00809246159 -0.0699625015 -0.0145268364
v 0.00780477238 -0.0699625015 0.0120530481
v 0.00795089674 -0.0674625015 -0.0194635735
v 0.00803458527 -0.0674625015 -0.0189385954
v 0.00833723698 -0.0674625015 -0.0183634907
v 0.00808825636 -0.0674625015 -0.011332006
v 0.00828927549 -0.0674625015 -0.010579642
v 0.00812171268 -0.0674625015 0.00785487556
v 0.00809779453 -0.0674625015 0.0170515264
v 0.00804042149 -0.0652624969 -0.00602063417
v 0.00810731602 -0.0652624969 0.00589316416
v 0.00851143265 -0.0257022743 -0.0594111481
v 0.00898495388 -0.0734625015 -0.0188098183
v 0.0092170763 -0.0734625015 -0.0112458506
v 0.0088395319 -0.0734625015 -0.0109324436
v 0.00874801981 -0.0733471157 -0.00530354177
v 0.00900583378 -0.0732791334 -0.00443030272
v 0.00879560137 -0.0733107563 -0.00353479121
v 0.0089823277 -0.0733549312 -0.00262608641
v 0.00907735714 -0.0734059195 -0.00171515646
v 0.00917829159 -0.0734267142 -0.000819444771
v 0.00893736458 -0.0734625015 -0.000798327386
v 0.00916012308 -0.0734357496 7.93662215e-05
v 0.00912854862 -0.0734256664 0.000975033507
v 0.00911865642 -0.0733755699 0.00188847287
v 0.00890507776 -0.0733619872 0.00277434059
v 0.00881208852 -0.0732703052 0.00378430709
v 0.00898469991 -0.0733009614 0.00473200299
v 0.00890611744 -0.0734625015 0.00522693348
v 0.00899138771 -0.0734625015 0.00757885582
v 0.00913383943 -0.0734625015 0.0173655468
v 0.00876045213 -0.0724247185 -0.0179645126
v 0.00916993941 -0.0724223583 -0.0175030927
v 0.0093628946 -0.0724511672 -0.0126705653
v 0.00900954521 -0.072423533 -0.012166705
v 0.0085831605 -0.0724083361 -0.0117115468
v 0.00876164665 -0.0728412628 -0.00455961963
v 0.00916846589 -0.0728337828 -0.00368456238
v 0.00934432411 -0.0731119461 -0.0027316618
v 0.00933749453 -0.073034317 0.00291060472
v 0.00908563423 -0.0728374903 0.00384178112
v 0.00868467572 -0.0727912827 0.0047211349
v 0.00909466282 -0.0724276219 0.00836515717
v 0.0092823534 -0.0724625015 0.0103035183
v 0.00858111954 -0.0724625015 0.0142074356
v 0.0089823275 -0.0724281817 0.0165218982
v 0.0085712986 -0.0706234207 -0.0598309593
v 0.00915600967 -0.0707466507 0.0591333466
v 0.00921909809 -0.0706645362 0.0595428051
v 0.00872667694 -0.0699823182 -0.0609205516
v 0.0086478494 -0.0703764966 -0.0603677718
v 0.0092823534 -0.0699625015 0.0103035183
v 0.00858111954 -0.0699625015 0.0142074356
v 0.00928385162 -0.0705212326 0.0599630661
v 0.00934070674 -0.0703237929 0.060332067
v 0.0088338728 -0.0689013062 -0.0616722641
v 0.00879186406 -0.0694381642 -0.0613776763
v 0.0088564544 -0.0683282001 -0.0618306146
v 0.0088653059 -0.0677671432 -0.0618926849
v 0.00898495388 -0.0674625015 -0.0188098183
v 0.00878725719 -0.0674625015 -0.0179923363
v 0.00922584209 -0.0674625015 -0.0174903843
v 0.0090363183 -0.0674625015 -0.0121400671
v 0.00895064844 -0.0674625015 -0.0114392745
v 0.0088395319 -0.0674625015 -0.0109324436
v 0.0091370554 -0.0674625015 0.00754902951
v 0.00903164387 -0.0674625015 0.017345815
v 0.00859020519 -0.0652624969 -0.00520774269
v 0.00905766487 -0.0652624969 -0.00434487724
v 0.00910567665 -0.0652624969 0.0042060895
v 0.00864793682 -0.0652624969 0.00507415009
v 0.00886414655 -0.0284885079 -0.0618845539
v 0.00884640722 -0.0278001581 -0.0617601608
v 0.00879592101 -0.0270281189 -0.061406125
v 0.00872918606 -0.0264591351 -0.0609381466
v 0.00864400452 -0.0260328487 -0.0603408097
v 0.00928385162 -0.0259037647 0.0599630661
v 0.00934241867 -0.0261081476 0.0603431778
v 0.0085712986 -0.0258015766 -0.0598309593
v 0.00915600967 -0.0256783466 0.0591333466
v 0.0092210412 -0.0257638893 0.0595554161
v 0.00956867862 -0.0736775002 -0.0204574089
v 0.00968108082 -0.0734625015 -0.0181214657
v 0.0101126757 -0.0734625015 -0.017526247
v 0.0100063863 -0.0734625015 -0.0121805472
v 0.0095620842 -0.0734625015 -0.0115947533
v 0.00959008466 -0.0733240386 -0.00349562172
v 0.00986255822 -0.0733009614 -0.00253726253
v 0.00946216011 -0.0732163502 -0.00178740814
v 0.00973085361 -0.0732968008 -0.00110933755
v 0.0100269623 -0.0731624985 -0.000565385997
v 0.0096305452 -0.0732523905 0.000138957307
v 0.00962043551 -0.0732277072 0.00110037644
v 0.00977005221 -0.0732623259 0.00227485678
v 0.00965029827 -0.0733471157 0.00335856113
v 0.009785326 -0.0734625015 0.00746538496
v 0.00984140587 -0.0734625015 0.0174531822
v 0.00977596092 -0.0735548078 0.0202667885
v 0.00986248589 -0.0739625015 0.0204471016
v 0.00951521938 -0.0724249512 -0.0169858457
v 0.00977286472 -0.0724225194 -0.0164227031
v 0.00998907067 -0.072423406 -0.0156240019
v 0.0100449249 -0.0724222291 -0.0148060173
v 0.00993695133 -0.0724243805 -0.0139831697
v 0.00962808405 -0.0724160799 -0.0131020348
v 0.00950065984 -0.0727995443 -0.00277725677
v 0.00970573993 -0.0728378221 -0.00183314339
v 0.00983659621 -0.0728393945 -0.000877145542
v 0.00987378366 -0.0728394419 8.70367004e-05
v 0.00981758753 -0.0728355387 0.00105038353
v 0.00966517493 -0.0728375736 0.0020033016
v 0.00947702097 -0.0727029603 0.00295457259
v 0.00991165176 -0.0724277936 0.00825551911
v 0.00979313054 -0.0724274576 0.0166546158
v 0.00939648628 -0.0700645981 0.0606940842
v 0.00942896461 -0.0698671265 0.0609048729
v 0.00949588283 -0.0692625561 0.0613391844
v 0.00954657324 -0.0684626191 0.0616681757
v 0.00955741119 -0.068057457 0.0617385139
v 0.00964974022 -0.0674625015 -0.0181592201
v 0.00983070993 -0.0674625015 -0.0172654114
v 0.00982273388 -0.0674625015 -0.0163969234
v 0.0100202244 -0.0674625015 -0.0156620081
v 0.0100801739 -0.0674625015 -0.0147607029
v 0.00998139163 -0.0674625015 -0.0140061523
v 0.00961120415 -0.0674625015 -0.0130046043
v 0.0100063863 -0.0674625015 -0.0121805472
v 0.0095620842 -0.0674625015 -0.0115947533
v 0.009785326 -0.0674625015 0.00746538496
v 0.00984140587 -0.0674625015 0.0174531822
v 0.00955955505 -0.0677671432 0.06175243
v 0.00943829727 -0.0652624969 -0.00344034791
v 0.00972843742 -0.0652624969 -0.00250286555
v 0.00992529106 -0.0652624969 -0.00154145849
v 0.0100269623 -0.0652624969 -0.000565385997
v 0.0100324726 -0.0652624969 0.000415952027
v 0.00994176769 -0.0652624969 0.00139310467
v 0.009755723 -0.0652624969 0.00235666156
v 0.00947612858 -0.0652624969 0.00329734302
v 0.00955830447 -0.0284885079 0.0617443123
v 0.00953760015 -0.0277695715 0.0616099396
v 0.00948186897 -0.0270006494 0.0612482311
v 0.00939648628 -0.0263603992 0.0606940842
v 0.00942896461 -0.0265578709 0.0609048729
v 0.010346405 -0.0734625015 -0.0170948143
v 0.0106092572 -0.0734625015 -0.0164081793
v 0.0108056369 -0.0734625015 -0.0154490867
v 0.0108338099 -0.0734625015 -0.0147143993
v 0.0107419457 -0.0734625015 -0.0139849343
v 0.0104843968 -0.0734625015 -0.0130989455
v 0.0109984121 -0.0734625015 -0.00364280081
v 0.0108872486 -0.0734625015 -0.00296559172
v 0.0108839735 -0.0734625015 -0.00197842855
v 0.0110120544 -0.0734625015 -0.00121303725
v 0.0103265133 -0.0734625015 -0.00058178848
v 0.0103321896 -0.0734625015 0.000428989708
v 0.0102387638 -0.0734625015 0.00143545699
v 0.0105691408 -0.0734625015 0.00748984098
v 0.0105760932 -0.0734625015 0.0174250088
v 0.0107367496 -0.0724281817 0.00830882629
v 0.0108350468 -0.0724625015 0.0146122932
v 0.0106169468 -0.0724277936 0.0166256436
v 0.0108350468 -0.0699625015 0.0146122932
v 0.010346405 -0.0674625015 -0.0170948143
v 0.0106092572 -0.0674625015 -0.0164081793
v 0.0108005533 -0.0674625015 -0.0154978903
v 0.0108338099 -0.0674625015 -0.0147143993
v 0.0107485902 -0.0674625015 -0.0140193471
v 0.0104321537 -0.0674625015 -0.012970789
v 0.0109984121 -0.0674625015 -0.00364280081
v 0.0108794738 -0.0674625015 -0.0028818358
v 0.0108932934 -0.0674625015 -0.00188895524
v 0.0110120544 -0.0674625015 -0.00121303725
v 0.0104853849 -0.0674625015 0.00748206636
v 0.0105272896 -0.0674625015 0.0174300922
v 0.0117996483 -0.0734625015 -0.0481019592
v 0.0117528128 -0.0737964716 -0.0479104259
v 0.0116025467 -0.0739625015 -0.0195542946
v 0.0115006914 -0.0735778844 -0.0193821735
v 0.0118226156 -0.0734625015 -0.00541105175
v 0.0114569426 -0.0734625015 -0.0048206991
v 0.0111382093 -0.0734625015 -0.00411314154
v 0.0112522836 -0.0734625015 -0.000518163621
v 0.011731112 -0.0734625015 0.000361099166
v 0.0112463493 -0.0734625015 0.0076010046
v 0.0117166901 -0.0734625015 0.00774080181
v 0.0115564918 -0.0734625015 0.017222035
v 0.0117520024 -0.0737291667 0.019271993
v 0.0118210992 -0.0724257139 -0.00365399204
v 0.0116690247 -0.0724270723 -0.00285788227
v 0.0116723278 -0.072428388 -0.00203358396
v 0.0118256769 -0.0724246501 -0.0012378036
v 0.0113403897 -0.0724218341 0.00843773929
v 0.0116773601 -0.0724317733 0.00858133449
v 0.0115362816 -0.0724625015 0.0107083759
v 0.0114194019 -0.0724274905 0.0164367395
v 0.0117996483 -0.0719625015 -0.0481019592
v 0.0115362816 -0.0699625015 0.0107083759
v 0.0118226156 -0.0674625015 -0.00541105175
v 0.011414983 -0.0674625015 -0.00474112692
v 0.0111382093 -0.0674625015 -0.00411314154
v 0.0112658776 -0.0674625015 -0.000485858994
v 0.011718617 -0.0674625015 0.000342624359
v 0.0112463493 -0.0674625015 0.0076010046
v 0.0117166901 -0.0674625015 0.00774080181
v 0.0115351853 -0.0674625015 0.0172286291
v 0.0117996483 -0.0244624996 -0.0481019592
v 0.0117996483 -0.0229624996 -0.0481019592
v 0.0117523528 -0.0226275577 -0.0479085447
v 0.0113245878 -0.0224624996 -0.0461591988
v 0.0118420057 -0.0224624996 0.0459923172
v 0.0124767704 -0.0734625015 -0.0061409955
v 0.0121317625 -0.0734625015 -0.00579209185
v 0.0123439207 -0.0734625015 0.00109589535
v 0.0123880787 -0.0734625015 0.00804046249
v 0.0126532536 -0.0734625015 0.016732048
v 0.0122218208 -0.0734625015 0.0169657784
v 0.0122925442 -0.0737777112 0.0477490607
v 0.012722343 -0.0724219802 -0.00528184467
v 0.0122508766 -0.0724276003 -0.00460448677
v 0.0119447565 -0.0724625015 -0.00384441328
v 0.0119510736 -0.0724625015 -0.0010482347
v 0.012197546 -0.0724318913 -0.000401694246
v 0.0126136893 -0.0724192811 0.000244009758
v 0.0123635239 -0.0724330041 0.00895575601
v 0.0123126278 -0.0724625015 0.0128627634
v 0.0125159692 -0.0724274127 0.0158707626
v 0.0119902935 -0.0724286276 0.0161975865
v 0.012338851 -0.0719625015 0.0479296227
v 0.0123126278 -0.0699625015 0.0128627634
v 0.0124767704 -0.0674625015 -0.0061409955
v 0.0121317625 -0.0674625015 -0.00579209185
v 0.0123788111 -0.0674625015 0.00113039608
v 0.0123880787 -0.0674625015 0.00804046249
v 0.0126532536 -0.0674625015 0.016732048
v 0.0122218208 -0.0674625015 0.0169657784
v 0.012338851 -0.0244624996 0.0479296227
v 0.0122921504 -0.022645935 0.047747525
v 0.0133745871 -0.0736888159 -0.0182082268
v 0.0132607603 -0.0734625015 -0.0067292943
v 0.0128543148 -0.0734625015 -0.00645440245
v 0.0128994131 -0.0734625015 0.00157754648
v 0.0133089199 -0.0734625015 0.00184785688
v 0.0130146008 -0.0734625015 0.00842520809
v 0.0133956404 -0.0734625015 0.00873435497
v 0.0132484713 -0.0734625015 0.0163004532
v 0.0135464144 -0.0735824997 0.0179779911
v 0.0131506871 -0.0724302744 -0.00566556599
v 0.0136013851 -0.0724625015 -0.00286000919
v 0.0130465737 -0.0724353053 0.000657920108
v 0.0133495091 -0.072421731 0.000939535932
v 0.0127923351 -0.0724052723 0.00922114463
v 0.0132850011 -0.0724277493 0.00976647383
v 0.013554142 -0.0724605122 0.0101929723
v 0.0133989117 -0.072427326 0.0150122721
v 0.0129924888 -0.072429046 0.0154756357
v 0.0136013851 -0.0699625015 -0.00286000919
v 0.0132607603 -0.0674625015 -0.0067292943
v 0.0128543148 -0.0674625015 -0.00645440245
v 0.0128994131 -0.0674625015 0.00157754648
v 0.0133089199 -0.0674625015 0.00184785688
v 0.0130146008 -0.0674625015 0.00842520809
v 0.0133956404 -0.0674625015 0.00873435497
v 0.0132754387 -0.0674625015 0.0162780669
v 0.0139183254 -0.0734625015 -0.00705818176
v 0.0140080016 -0.0734625015 0.00218477511
v 0.013744544 -0.0734625015 0.00907936287
v 0.0141636786 -0.0734625015 0.00961323247
v 0.0143617086 -0.0734625015 0.0150042992
v 0.0139508765 -0.0734625015 0.0155870062
v 0.0136664543 -0.0739625015 0.0181379623
v 0.0140526819 -0.0724278995 -0.00624425546
v 0.0143777323 -0.0724625015 -0.0007056216
v 0.0140550687 -0.0724262903 0.00133870911
v 0.0136238055 -0.0723768802 0.0101478323
v 0.0138851384 -0.0724284949 0.0107166725
v 0.0141514126 -0.0724279625 0.011493909
v 0.014261524 -0.0724273665 0.0123107808
v 0.0142084463 -0.0724285523 0.0131334288
v 0.0139978791 -0.0724272485 0.0139303394
v 0.0137419933 -0.0724281486 0.0144939664
v 0.0143650779 -0.0706548284 -0.0585933069
v 0.0142580853 -0.0707466507 -0.0581557579
v 0.0144574928 -0.0705212326 -0.0589712372
v 0.0143777323 -0.0699625015 -0.0007056216
v 0.0139183254 -0.0674625015 -0.00705818176
v 0.0138944082 -0.0674625015 0.00213846874
v 0.013744544 -0.0674625015 0.00907936287
v 0.0142228861 -0.0674625015 0.00970077457
v 0.0143617086 -0.0674625015 0.0150042992
v 0.0139059095 -0.0674625015 0.0156424303
v 0.0144574928 -0.0259037647 -0.0589712372
v 0.0143595214 -0.0257638893 -0.0585705833
v 0.0142580853 -0.0256783466 -0.0581557579
v 0.0151916304 -0.0739625015 -0.0169235554
v 0.0150581522 -0.0736224991 -0.0167746143
v 0.0148878869 -0.0734625015 -0.00735465384
v 0.0149487018 -0.0734625015 0.00245601302
v 0.014670381 -0.0734625015 0.0105414754
v 0.0149645937 -0.0734625015 0.0115216938
v 0.0150524454 -0.0734625015 0.0124026064
v 0.0150086241 -0.0734625015 0.0131637764
v 0.0148393487 -0.0734625015 0.013902105
v 0.014590579 -0.0734625015 0.0145702696
v 0.0152453651 -0.0735625 0.0165676613
v 0.0150255571 -0.072427453 -0.006577902
v 0.0150789661 -0.0724625015 -0.00460953903
v 0.0149675906 -0.0724385568 0.00164073524
v 0.0152421793 -0.0723928528 0.00174359541
v 0.0149488788 -0.0707205498 0.0581066534
v 0.0150509872 -0.0706234207 0.0585047989
v 0.0146073398 -0.0701304079 -0.0595840361
v 0.0150789661 -0.0699625015 -0.00460953903
v 0.0151539418 -0.0704513945 0.0589062375
v 0.0152735877 -0.0701525536 0.0593727627
v 0.0147867578 -0.0692729864 -0.0603177686
v 0.0148720016 -0.0683432414 -0.0606663729
v 0.014887536 -0.0677671432 -0.0607299004
v 0.0148054806 -0.0674625015 -0.00733778067
v 0.0148282572 -0.0674625015 0.00243275738
v 0.0146300109 -0.0674625015 0.0104455404
v 0.0149347674 -0.0674625015 0.0113760262
v 0.0150527953 -0.0674625015 0.0124649136
v 0.0150086241 -0.0674625015 0.0131637764
v 0.0148596828 -0.0674625015 0.0138336918
v 0.014590579 -0.0674625015 0.0145702696
v 0.0148861425 -0.0285368942 -0.0607242022
v 0.0148552626 -0.0278007582 -0.0605979193
v 0.0147662747 -0.0270020236 -0.0602340018
v 0.0146036787 -0.0262836413 -0.0595690641
v 0.0151563972 -0.0259784538 0.0589158115
v 0.0152709749 -0.0262644499 0.0593625748
v 0.0149515766 -0.0257062623 0.0581171726
v 0.0150509872 -0.0258015766 0.0585047989
v 0.0158941822 -0.0734625015 -0.00744942565
v 0.0159056559 -0.0734625015 0.00253862184
v 0.0153805065 -0.0739625015 0.0167150955
v 0.0158458117 -0.0724285523 -0.0066595103
v 0.015873619 -0.0724605739 0.00170443024
v 0.0158609631 -0.0724131196 0.00176903598
v 0.0153553114 -0.0698671265 0.0596914177
v 0.0154032974 -0.0696499405 0.0598785286
v 0.0154821421 -0.0691446282 0.0601859553
v 0.0155533233 -0.0683130638 0.0604635058
v 0.0157454948 -0.0674625015 -0.00744859076
v 0.015848305 -0.0674625015 0.00253894387
v 0.0155683489 -0.0677671432 0.0605220947
v 0.0155665998 -0.028512701 0.060515274
v 0.0155385449 -0.0278494773 0.060405882
v 0.0154032974 -0.0267750568 0.0598785286
v 0.0154668063 -0.027152959 0.060126158
v 0.0153553114 -0.0265578709 0.0596914177
v 0.0157928247 -0.0224624996 -0.0448311234
v 0.0164187711 -0.0737221776 -0.0466119869
v 0.0163137325 -0.0739544147 -0.0463131452
v 0.0166747759 -0.0736993424 -0.0152647574
v 0.0165611839 -0.0734625015 -0.00740507555
v 0.016616724 -0.0734625015 0.00248653388
v 0.016847545 -0.0737291667 0.0150420882
v 0.0169154367 -0.0737768714 0.0463178065
v 0.0166636013 -0.0724279127 -0.00658104712
v 0.0166316605 -0.0724625015 -0.000300763935
v 0.0167297399 -0.0724355564 0.00165096764
v 0.0164873766 -0.0723931721 0.0017405481
v 0.0164560204 -0.0719625015 -0.0467179642
v 0.0169793892 -0.0719625015 0.0464934273
v 0.0166316605 -0.0699625015 -0.000300763935
v 0.0165611839 -0.0674625015 -0.00740507555
v 0.016616724 -0.0674625015 0.00248653388
v 0.0164560204 -0.0244624996 -0.0467179642
v 0.0169793892 -0.0244624996 0.0464934273
v 0.0164202718 -0.0227095792 -0.0466162566
v 0.0163150736 -0.0224711858 -0.0463169608
v 0.0162950478 -0.0224624996 0.044614151
v 0.0169164553 -0.0226502068 0.0463206037
v 0.017213996 -0.0734625015 -0.00726121738
v 0.0173317986 -0.0734625015 0.00231557202
v 0.0174556956 -0.0724277936 -0.00634365431
v 0.0173328934 -0.0724625015 -0.0042046814
v 0.0174729769 -0.0724283015 0.00142531972
v 0.0173328934 -0.0699625015 -0.0042046814
v 0.0173565235 -0.0674625015 -0.00721885459
v 0.0173786728 -0.0674625015 0.00230106502
v 0.0180865402 -0.0737025002 -0.0135591434
v 0.0181649628 -0.0734625015 -0.00688299777
v 0.0182772923 -0.0734625015 0.00191248293
v 0.0182374527 -0.0736875004 0.0133183858
v 0.0180815621 -0.0724183686 -0.00603285805
v 0.0184868506 -0.0724455823 -0.00571450618
v 0.0181092415 -0.0724625015 -0.00205029368
v 0.0185910006 -0.0724583716 0.00068686426
v 0.0181899691 -0.0724251408 0.00104757277
v 0.0181092415 -0.0699625015 -0.00205029368
v 0.0182570299 -0.0674625015 -0.00683444961
v 0.0182033324 -0.0674625015 0.00195255082
v 0.0194465275 -0.0739625015 -0.0117979069
v 0.0192755623 -0.073600961 -0.0116941252
v 0.0190190537 -0.0734625015 -0.0063192234
v 0.0190279229 -0.0734625015 0.00140164168
v 0.0194054585 -0.0736124992 0.011440134
v 0.0188918736 -0.0724180616 -0.00537901708
v 0.0193459665 -0.072427775 -0.00479900008
v 0.019394968 -0.0724369063 -0.000203235847
v 0.0189864355 -0.0724160107 0.000363053248
v 0.0189636299 -0.0674625015 -0.00636419029
v 0.0190828384 -0.0674625015 0.00135605524
v 0.0203273449 -0.0736124992 -0.00975267792
v 0.0198626195 -0.0734625015 -0.00542134673
v 0.0203631859 -0.0734625015 -0.00461827183
v 0.0198734472 -0.0734625015 0.000490073889
v 0.0195775776 -0.0739625015 0.0115419893
v 0.019657083 -0.0724270491 -0.00426377576
v 0.0198745501 -0.0724287242 -0.00368710757
v 0.020039563 -0.0724274127 -0.00287683348
v 0.0200408366 -0.0724276525 -0.00205245652
v 0.0198822026 -0.0724275988 -0.0012435519
v 0.0196645607 -0.072427993 -0.000664031288
v 0.0200296736 -0.0706611099 -0.0568852692
v 0.0198880634 -0.0707466507 -0.0564823837
v 0.0202845129 -0.0703344703 -0.0576103073
v 0.0201664429 -0.0705212326 -0.0572743912
v 0.0198116688 -0.0674625015 -0.00548523417
v 0.0203631859 -0.0674625015 -0.00461827183
v 0.0198450311 -0.0674625015 0.000536760787
v 0.0202939758 -0.0261081476 -0.0576372299
v 0.0201664429 -0.0259037647 -0.0572743912
v 0.0200339047 -0.0257673154 -0.056897307
v 0.0198880634 -0.0256783466 -0.0564823837
v 0.0201093712 -0.0224624996 -0.0430714798
v 0.0209319798 -0.0736477804 -0.044836309
v 0.0208109937 -0.0739220161 -0.044576746
v 0.0205076599 -0.0739625015 -0.00983920288
v 0.0211837673 -0.0735625 -0.00771748638
v 0.0206260366 -0.0734625015 -0.00393163633
v 0.0208224163 -0.0734625015 -0.00297254407
v 0.0208279133 -0.0734625015 -0.00199356872
v 0.0207122154 -0.0734625015 -0.00126750219
v 0.020479804 -0.0734625015 -0.000569974825
v 0.0204988194 -0.0737275002 0.00951657071
v 0.0209543171 -0.0719625015 -0.0448842316
v 0.0205736859 -0.0707208845 0.0563637431
v 0.0207150135 -0.0706234207 0.0567518463
v 0.0204529626 -0.0699494063 -0.0580895596
v 0.0208568216 -0.0704513945 0.0571412603
v 0.021047073 -0.0700866996 0.0576637136
v 0.0206248804 -0.0692780515 -0.0585786778
v 0.0212002773 -0.0696499405 0.0580844269
v 0.0207471688 -0.0683115879 -0.0589265967
v 0.0207667942 -0.0677671432 -0.0589824371
v 0.0206156744 -0.0674625015 -0.00396511786
v 0.0208224163 -0.0674625015 -0.00297254407
v 0.0208324486 -0.0674625015 -0.00204242635
v 0.0207122154 -0.0674625015 -0.00126750219
v 0.0204930344 -0.0674625015 -0.000602430067
v 0.0207642474 -0.0284995048 -0.0589751899
v 0.0207220548 -0.0278004748 -0.0588551445
v 0.0206006654 -0.0270150712 -0.0585097847
v 0.0212002773 -0.0267750568 0.0580844269
v 0.0204470692 -0.0264591351 -0.0580727921
v 0.0208527632 -0.0259677839 0.0571301155
v 0.0210672559 -0.0263868606 0.0577191375
v 0.0205699129 -0.0257022743 0.0563533821
v 0.0207150135 -0.0258015766 0.0567518463
v 0.0209543171 -0.0244624996 -0.0448842316
v 0.0209321578 -0.0227771291 -0.0448366908
v 0.0208126123 -0.0225039389 -0.0445802184
v 0.0205915623 -0.0224624996 0.0428061485
v 0.0213716946 -0.0739625015 -0.00778592062
v 0.0219043894 -0.0737275002 -0.00562554054
v 0.0218979759 -0.0736339275 0.00532578468
v 0.0213185423 -0.0736730266 0.00745977045
v 0.0213767736 -0.0737745787 0.0444425029
v 0.02145681 -0.0719625015 0.0446092987
v 0.0212588711 -0.0694150848 0.0582453308
v 0.0213304205 -0.0690330315 0.0584418144
v 0.021404203 -0.0683600522 0.0586444271
v 0.0214276142 -0.0677671432 0.0587087173
v 0.0214256067 -0.0285368942 0.0587032051
v 0.0213828648 -0.027815184 0.0585858297
v 0.0212588711 -0.0270099144 0.0582453308
v 0.021309412 -0.0272602425 0.0583841248
v 0.02145681 -0.0244624996 0.0446092987
v 0.0213760277 -0.0226475376 0.0444409484
v 0.0223334137 -0.0736806821 -0.00345329172
v 0.02257816 -0.0737125004 -0.00125264956
v 0.0225706153 -0.0736775002 0.00096136117
v 0.0223759768 -0.0737025002 0.00316625226
v 0.0220922527 -0.0739625015 0.00537329054
v 0.0242326584 -0.0224624996 -0.0408972168
v 0.0251669861 -0.0737652264 -0.0424760836
v 0.0249965763 -0.0739625015 -0.042188118
v 0.025251215 -0.0719625015 -0.0426184196
v 0.0253269138 -0.0707466507 -0.0542652321
v 0.0253269138 -0.0256783466 -0.0542652321
v 0.025251215 -0.0244624996 -0.0426184196
v 0.0251674247 -0.0226609151 -0.0424768248
v 0.0249965763 -0.0224624996 -0.042188118
v 0.0246901741 -0.0224624996 0.0405857162
v 0.0256057288 -0.0738482553 0.0420939607
v 0.0257239006 -0.07353344 0.0422886308
v 0.0257279949 -0.0719625015 0.0422953758
v 0.0255073309 -0.0706611099 -0.054652298
v 0.0259344749 -0.0707466507 0.0539406013
v 0.0261192265 -0.0706611099 0.0543256207
v 0.0260841675 -0.0698671265 -0.0558898468
v 0.0258478735 -0.0702954775 -0.0553829012
v 0.0262019463 -0.0695325127 -0.0561425304
v 0.0261959174 -0.0268729142 -0.0561295964
v 0.0260841675 -0.0265578709 -0.0558898468
v 0.0258452984 -0.0261264768 -0.0553773766
v 0.0255172137 -0.0257701705 -0.0546735007
v 0.0259344749 -0.0256783466 0.0539406013
v 0.0261293468 -0.0257701705 0.0543467112
v 0.0257279949 -0.0244624996 0.0422953758
v 0.0256021955 -0.0225716693 0.0420881401
v 0.02572337 -0.0228866872 0.0422877567
v 0.0263447034 -0.0704678841 0.0547955049
v 0.026615043 -0.0700574112 0.0553588842
v 0.0263288179 -0.0690210564 -0.0564147211
v 0.0267934895 -0.0696499405 0.0557307625
v 0.0269278825 -0.0691603826 0.0560108337
v 0.0264162069 -0.0683748949 -0.0566022068
v 0.0270537974 -0.0683282001 0.0562732367
v 0.0264464626 -0.0677671432 -0.0566671143
v 0.0270809231 -0.0677671432 0.0563297653
v 0.0264434881 -0.028512701 -0.0566607342
v 0.0270783847 -0.0285368942 0.0563244756
v 0.0264066521 -0.0279260408 -0.056581708
v 0.0263523979 -0.0275236912 -0.0564653091
v 0.0270205537 -0.0277859072 0.0562039582
v 0.0263005219 -0.0272602425 -0.0563540154
v 0.0267934895 -0.0267750568 0.0557307625
v 0.02689662 -0.0271236999 0.0559456832
v 0.0263489794 -0.025961964 0.054804416
v 0.0266043557 -0.0263468441 0.0553366123
v 0.0281229744 -0.0224624996 -0.0383292656
v 0.0285514088 -0.0224624996 0.037974247
v 0.0292302828 -0.0737347303 -0.0398399528
v 0.0290386198 -0.0739584164 -0.0395784721
v 0.029562248 -0.0739093752 0.0393213306
v 0.0293053341 -0.0719625015 -0.0399423447
v 0.0293053341 -0.0244624996 -0.0399423447
v 0.0292281324 -0.0226865575 -0.0398370189
v 0.0290370303 -0.0224661044 -0.0395763037
v 0.0295614768 -0.0225139464 0.039320303
v 0.0297276908 -0.0736270468 0.0395418067
v 0.0297518082 -0.0719625015 0.0395739441
v 0.0297518082 -0.0244624996 0.0395739441
v 0.0297267043 -0.0227964169 0.039540492
v 0.0306581858 -0.0706931877 -0.0517553561
v 0.0311673863 -0.0707245654 0.0512559703
v 0.031218914 -0.0702158805 -0.0527028991
v 0.0309498005 -0.0705212326 -0.0522481384
v 0.0311994534 -0.0261837879 -0.0526700138
v 0.0309498005 -0.0259037647 -0.0522481384
v 0.0306672478 -0.0257353751 -0.0517706693
v 0.0311731081 -0.0257022743 0.0512653961
v 0.031393158 -0.0706234207 0.0516278954
v 0.0314351025 -0.0698671265 -0.053068222
v 0.031660273 -0.0703934619 0.0520679283
v 0.0319735003 -0.0699658623 0.0525839214
v 0.0316583699 -0.0692620093 -0.0534455113
v 0.0321290703 -0.0696499405 0.0528402023
v 0.0318369947 -0.0683600522 -0.05374736
v 0.0318718395 -0.0677671432 -0.0538062401
v 0.0318682537 -0.028512701 -0.0538001823
v 0.0318046723 -0.0278147178 -0.0536927385
v 0.0316169412 -0.0270147489 -0.0533755045
v 0.0321290703 -0.0267750568 0.0528402023
v 0.0314351025 -0.0265578709 -0.053068222
v 0.03166768 -0.0260390533 0.0520801302
v 0.0319692437 -0.02645154 0.0525769093
v 0.031393158 -0.0258015766 0.0516278954
v 0.0317428551 -0.0224624996 -0.0353923645
v 0.0321380806 -0.0224624996 0.0349968796
v 0.0329105231 -0.0738627007 -0.0366953166
v 0.0322907751 -0.0691608972 0.0531065851
v 0.032434915 -0.0683935677 0.0533440352
v 0.0324738312 -0.0677671432 0.0534081459
v 0.0324689611 -0.0284643148 0.0534001223
v 0.0323582954 -0.0275236912 0.0532178154
v 0.0324249354 -0.0279260408 0.0533275951
v 0.0322592022 -0.0271447064 0.0530545734
v 0.0329058056 -0.0225578473 -0.0366900527
v 0.0330681803 -0.0735591549 -0.0368712398
v 0.0332618762 -0.0739214164 0.0362228944
v 0.033453932 -0.0736459399 0.0364324185
v 0.0330776329 -0.0719625015 -0.0368817863
v 0.0334894981 -0.0719625015 0.0364712181
v 0.0330776329 -0.0244624996 -0.0368817863
v 0.0334894981 -0.0244624996 0.0364712181
v 0.0330677444 -0.0228625611 -0.0368707535
v 0.0332644014 -0.0225050292 0.0362256493
v 0.0334543108 -0.0227789083 0.0364328319
v 0.035424057 -0.0707466507 -0.0482900391
v 0.035424057 -0.0256783466 -0.0482900391
v 0.0350574379 -0.0224624996 -0.0321147957
v 0.0354156494 -0.0224624996 0.0316822987
v 0.0362825062 -0.0739224543 -0.0332377274
v 0.0356626902 -0.0706673915 -0.0486156044
v 0.0360499191 -0.0707227249 0.0479670601
v 0.0363044395 -0.0706234207 0.0483062439
v 0.036121386 -0.0703285463 -0.049241398
v 0.0361369287 -0.0261147799 -0.0492626028
v 0.0356701367 -0.0257609903 -0.0486257638
v 0.0360577406 -0.0257044496 0.0479774832
v 0.0363044395 -0.0258015766 0.0483062439
v 0.036283992 -0.0225030505 -0.0332390894
v 0.0364921318 -0.0736491483 -0.0334298762
v 0.0367159665 -0.0738660533 0.0328476053
v 0.0368945841 -0.0735574885 0.0330076767
v 0.0365317764 -0.0719625015 -0.0334662132
v 0.0369050713 -0.0719625015 0.0330170746
v 0.0364837036 -0.0698671265 -0.0497357063
v 0.036630698 -0.0703769643 0.0487410305
v 0.0369650256 -0.0699823182 0.0491865689
v 0.0367283921 -0.0693035348 -0.0500695303
v 0.0371984606 -0.069552084 0.0494976517
v 0.0369550476 -0.0683146629 -0.0503787514
v 0.0369906769 -0.0677671432 -0.0504273605
v 0.0369858214 -0.0284885079 -0.050420736
v 0.0369117978 -0.0278000262 -0.0503197473
v 0.0366901456 -0.0270016247 -0.0500173502
v 0.0372030725 -0.0268834526 0.0495037977
v 0.0364837036 -0.0265578709 -0.0497357063
v 0.0366213588 -0.0260408849 0.0487285849
v 0.0369815112 -0.026468111 0.0492085387
v 0.0365317764 -0.0244624996 -0.0334662132
v 0.0369050713 -0.0244624996 0.0330170746
v 0.0364929942 -0.0227800172 -0.0334306667
v 0.0367114401 -0.0225568511 0.0328435489
v 0.0368945209 -0.0228690543 0.0330076199
v 0.0373867534 -0.0690228987 0.0497485801
v 0.0374788208 -0.0686272202 0.049871273
v 0.0375362317 -0.0681680685 0.0499477815
v 0.0375544052 -0.0677671432 0.0499719963
v 0.0375511539 -0.0285461992 0.0499676652
v 0.037447562 -0.027650195 0.0498296165
v 0.0375206795 -0.0280799503 0.0499270554
v 0.0373470688 -0.0272602425 0.049695694
v 0.0380348015 -0.0224624996 -0.0285281239
v 0.0383525505 -0.0224624996 0.028062418
v 0.0395459494 -0.0737205322 -0.0296620739
v 0.0392952164 -0.0739535892 -0.0294739271
v 0.0396753707 -0.073932722 0.0290320229
v 0.0396345024 -0.0719625015 -0.0297285233
v 0.0396345024 -0.0244624996 -0.0297285233
v 0.0395457927 -0.0227017731 -0.0296619563
v 0.0392928986 -0.0224708844 -0.0294721878
v 0.0396772066 -0.0224930887 0.0290333686
v 0.0399106484 -0.0736737012 0.0292044771
v 0.0399656296 -0.0719625015 0.0292447777
v 0.0402629075 -0.0706640091 -0.0448995314
v 0.0399851074 -0.0707466507 -0.0445895462
v 0.0404830894 -0.0707466507 0.0441009254
v 0.0405453835 -0.0705212326 -0.0452147369
v 0.0405453835 -0.0259037647 -0.0452147369
v 0.0402615974 -0.0257604632 -0.0448980696
v 0.0399851074 -0.0256783466 -0.0445895462
v 0.0404830894 -0.0256783466 0.0441009254
v 0.0399656296 -0.0244624996 0.0292447777
v 0.0399100147 -0.0227498479 0.0292040125
v 0.0407716522 -0.0706611099 0.0444157314
v 0.0410349846 -0.0700574112 -0.0457610614
v 0.040719532 -0.0703931961 -0.0454090576
v 0.041050354 -0.0705212326 0.0447197838
v 0.0413026342 -0.0703237929 0.0449950107
v 0.0413674107 -0.0695325127 -0.046132
v 0.0413622159 -0.0268818103 -0.0461262034
v 0.0410514713 -0.0263883307 -0.0457794582
v 0.040719532 -0.0260318031 -0.0454090576
v 0.041050354 -0.0259037647 0.0447197838
v 0.0412963041 -0.0260954235 0.0449881048
v 0.0408032659 -0.0257764517 0.0444502207
v 0.0406462746 -0.0224624996 -0.0246668892
v 0.0409204979 -0.0224624996 0.024172102
v 0.0421456038 -0.0738542128 -0.0255770337
v 0.0422512307 -0.0739587069 0.0249595887
v 0.0416221924 -0.0699658623 0.0453436375
v 0.041564106 -0.0690330315 -0.0463514843
v 0.0418247719 -0.0696499405 0.0455646439
v 0.0420291333 -0.0691742897 0.0457875909
v 0.0417080136 -0.0683600522 -0.0465120645
v 0.042232137 -0.0683275651 0.0460090588
v 0.0417536774 -0.0677671432 -0.0465630188
v 0.0422737083 -0.0677671432 0.0460544128
v 0.0417500622 -0.0285461992 -0.0465589855
v 0.0422676541 -0.0284731123 0.0460478075
v 0.0416950191 -0.0279516924 -0.0464975638
v 0.0416050797 -0.0275236912 -0.0463972054
v 0.042186028 -0.0278167562 0.0459587564
v 0.0415231323 -0.0272602425 -0.0463057632
v 0.0418247719 -0.0267750568 0.0455646439
v 0.0419987043 -0.0271559391 0.0457543933
v 0.0416101831 -0.0264426791 0.0453305356
v 0.0421538077 -0.022576805 -0.0255820137
v 0.0422534434 -0.0224665044 0.0249608981
v 0.0423482326 -0.0735402722 -0.0257000365
v 0.0425301123 -0.0737385815 0.0251246227
v 0.0423559341 -0.0719625015 -0.0257047119
v 0.0426417007 -0.0719625015 0.0251906586
v 0.0423559341 -0.0244624996 -0.0257047119
v 0.0426417007 -0.0244624996 0.0251906586
v 0.0423495313 -0.0228956235 -0.0257008249
v 0.0428667068 -0.0224624996 -0.0205682793
v 0.0430947647 -0.0224624996 0.0200488148
v 0.042529409 -0.0226865263 0.0251242066
v 0.044504819 -0.0737739441 -0.021354334
v 0.0446769104 -0.0738654287 0.0207862725
v 0.0446698532 -0.0719625015 -0.021433527
v 0.0444856959 -0.0706576836 -0.0407569892
v 0.0441614838 -0.0707466507 -0.0404598083
v 0.0447195797 -0.0707227249 0.040020216
v 0.0447803421 -0.0705212326 -0.0410270691
v 0.0447803421 -0.0259037647 -0.0410270691
v 0.0444762897 -0.0257638893 -0.0407483673
v 0.0441614838 -0.0256783466 -0.0404598083
v 0.0447551638 -0.0257102502 0.0400521049
v 0.0446698532 -0.0244624996 -0.021433527
v 0.0445011252 -0.0226485147 -0.0213525616
v 0.0446747093 -0.0224624996 -0.0162717648
v 0.0448544083 -0.0224624996 0.0157322674
v 0.0446754493 -0.0225582487 0.0207855914
v 0.0448945358 -0.0735591064 0.0208877098
v 0.0449075165 -0.0719625015 0.0208937607
v 0.0450353813 -0.0706234207 0.0403032303
v 0.0453211339 -0.0700574112 -0.0415227763
v 0.0449726982 -0.0703931961 -0.0412033882
v 0.045238018 -0.0705212326 0.0404848289
v 0.045531517 -0.07031098 0.0407478512
v 0.0456251984 -0.0696499405 -0.0418014908
v 0.0456251984 -0.0267750568 -0.0418014908
v 0.0453211339 -0.0263675874 -0.0415227763
v 0.0449726982 -0.0260318031 -0.0412033882
v 0.045238018 -0.0259037647 0.0404848289
v 0.0455397816 -0.0261208717 0.0407552576
v 0.0450353813 -0.0258015766 0.0403032303
v 0.0449075165 -0.0244624996 0.0208937607
v 0.0448948961 -0.0228674789 0.0208878777
v 0.0464453348 -0.0737263492 -0.0169165406
v 0.0461470056 -0.073955012 -0.0168079039
v 0.0463996188 -0.0739329205 0.0162753859
v 0.0465539856 -0.0719625015 -0.0169561062
v 0.0458814913 -0.0699494063 0.0410614888
v 0.0458549188 -0.0691608972 -0.0420120547
v 0.0461726709 -0.0695004869 0.0413224366
v 0.0463671468 -0.0690549857 0.0414967203
v 0.0460878774 -0.0682123131 -0.0422255921
v 0.0460221367 -0.0686272202 -0.0421653328
v 0.0465164903 -0.0684969864 0.0416305568
v 0.0461149712 -0.0677671432 -0.0422504272
v 0.0461089163 -0.0284885079 -0.0422448775
v 0.0460735512 -0.0280799503 -0.0422124596
v 0.0459837462 -0.027650195 -0.0421301425
v 0.0464823835 -0.0277859072 0.0415999916
v 0.0458009283 -0.0271236999 -0.0419625653
v 0.0461659082 -0.0269120571 0.0413163761
v 0.0463290443 -0.0272602425 0.041462574
v 0.0458814913 -0.026475591 0.0410614888
v 0.0465539856 -0.0244624996 -0.0169561062
v 0.0464513154 -0.0227049141 -0.0169187184
v 0.046155367 -0.0224716004 -0.0168109489
v 0.0460528755 -0.0224624996 -0.0118187227
v 0.0461824799 -0.0224624996 0.0112640314
v 0.0464038133 -0.0224933083 0.0162768602
v 0.0466787934 -0.0736668334 0.0163735116
v 0.0467412491 -0.0719625015 0.0163954639
v 0.0465758171 -0.068057457 0.0416837234
v 0.0465862999 -0.0677671432 0.041693119
v 0.0465814617 -0.0285238671 0.0416887826
v 0.0467412491 -0.0244624996 0.0163954639
v 0.0469879303 -0.0224624996 -0.00725203943
v 0.0470661964 -0.0224624996 0.00668713617
v 0.0466808099 -0.0227603256 0.0163742203
v 0.0478120219 -0.0737750083 -0.0122698775
v 0.047944702 -0.0737786852 0.0116949436
v 0.0479901772 -0.0719625015 -0.012315568
v 0.0481252403 -0.0719625015 0.0117390909
v 0.0480085093 -0.0707267125 -0.0360122948
v 0.0480588878 -0.0257088001 -0.0360500988
v 0.0479901772 -0.0244624996 -0.012315568
v 0.0481252403 -0.0244624996 0.0117390909
v 0.0478127546 -0.0226500754 -0.0122700654
v 0.047470871 -0.0224624996 -0.002615695
v 0.0474970436 -0.0224624996 0.00204566073
v 0.0479469701 -0.0226499372 0.0116954983
v 0.0487830533 -0.073775112 -0.00752863054
v 0.0490145452 -0.0739588255 -0.00270022157
v 0.049018224 -0.0739613888 0.00211183212
v 0.0488616496 -0.0737766279 0.00694317172
v 0.0489646034 -0.0719625015 -0.00755660391
v 0.0490461655 -0.0719625015 0.00696948433
v 0.0483668022 -0.0706234207 -0.0362811546
v 0.048313324 -0.0707466507 0.0353634987
v 0.0486664628 -0.0706582108 0.0356223438
v 0.0487783149 -0.0703949275 -0.0365899506
v 0.0489904213 -0.0705212326 0.0358597984
v 0.0487895241 -0.02604002 -0.036598362
v 0.0489904213 -0.0259037647 0.0358597984
v 0.0483668022 -0.0258015766 -0.0362811546
v 0.048313324 -0.0256783466 0.0353634987
v 0.0486954892 -0.0257764517 0.0356436195
v 0.0489646034 -0.0244624996 -0.00755660391
v 0.0490461655 -0.0244624996 0.00696948433
v 0.0487798045 -0.0226474912 -0.00752813
v 0.0490173959 -0.0224665984 -0.00270037767
v 0.0490201073 -0.0224637032 0.00211191404
v 0.0488606894 -0.0226473731 0.00694303478
v 0.0493377264 -0.0737386958 -0.002717918
v 0.0493479084 -0.0737505233 0.00212617331
v 0.0494678802 -0.0719625015 -0.00272504473
v 0.0494951553 -0.0719625015 0.00213257837
v 0.0492416596 -0.0699886475 -0.0369376394
v 0.0494064365 -0.0702229949 0.0361647307
v 0.0497589874 -0.0698671265 0.0364231453
v 0.0496949232 -0.0692681323 -0.0372777641
v 0.0499147835 -0.0696499405 0.0365373421
v 0.0499318275 -0.0686272202 -0.0374555359
v 0.049896663 -0.0276731958 -0.0374291486
v 0.0496383818 -0.027027975 -0.0372353355
v 0.0499147835 -0.0267750568 0.0365373421
v 0.0492755588 -0.026475591 -0.0369630772
v 0.0493849867 -0.0261837488 0.0361490084
v 0.0497589874 -0.0265578709 0.0364231453
v 0.0494678802 -0.0244624996 -0.00272504473
v 0.0494951553 -0.0244624996 0.00213257837
v 0.0493385355 -0.0226868058 -0.00271796231
v 0.0493497513 -0.0226747559 0.00212625348
v 0.0501777707 -0.069129903 0.0367301073
v 0.0500059846 -0.0681881797 -0.0375111816
v 0.050402909 -0.0683115879 0.0368951289
v 0.0500325546 -0.0677671432 -0.0375311203
v 0.0504506454 -0.0677671432 0.0369301186
v 0.050027436 -0.0285258973 -0.0375272796
v 0.0504449673 -0.028512701 0.0369259567
v 0.0499876137 -0.0280799503 -0.0374973946
v 0.0503492813 -0.0278313781 0.0368558216
v 0.0501170469 -0.0271447064 0.0366855962
v 0.0514484901 -0.0706987991 -0.0312242088
v 0.0512034187 -0.0707466507 -0.0310754414
v 0.0515489388 -0.0707466507 0.0304616985
v 0.0514484901 -0.025726202 -0.0312242088
v 0.0512034187 -0.0256783466 -0.0310754414
v 0.0515489388 -0.0256783466 0.0304616985
v 0.0516884537 -0.0706234207 -0.031369875
v 0.0519164581 -0.0706611099 0.0306791859
v 0.05212784 -0.0703920924 -0.0316365975
v 0.0522714233 -0.0705212326 0.0308892441
v 0.0521406885 -0.0260390533 -0.031644397
v 0.0522714233 -0.0259037647 0.0308892441
v 0.0516884537 -0.0258015766 -0.031369875
v 0.051876194 -0.0257513269 0.0306553586
v 0.0526655162 -0.0699430771 -0.031962985
v 0.0527050224 -0.070234058 0.0311458341
v 0.053091507 -0.0698671265 0.0313745441
v 0.0531140702 -0.0692559244 -0.0322352734
v 0.0532577438 -0.0696499405 0.0314729195
v 0.0532783737 -0.0275236912 -0.0323350105
v 0.0530486533 -0.0270291897 -0.0321955634
v 0.0532577438 -0.0267750568 0.0314729195
v 0.0526234433 -0.0264363499 -0.0319374457
v 0.0527149817 -0.0262010824 0.0311517277
v 0.053091507 -0.0265578709 0.0313745441
v 0.0540011597 -0.0707466507 -0.0259111919
v 0.0535187725 -0.069173788 0.0316273879
v 0.053412796 -0.0683432414 -0.0324166107
v 0.0537724047 -0.0683430513 0.0317774807
v 0.0534687042 -0.0677671432 -0.0324505501
v 0.053829525 -0.0677671432 0.0318112812
v 0.0534631477 -0.0285238671 -0.0324471767
v 0.0538229992 -0.028501535 0.0318074206
v 0.0533908615 -0.0279388666 -0.0324032955
v 0.0537021137 -0.0277538955 0.031735884
v 0.0534628976 -0.0271236999 0.0315943227
v 0.0540011597 -0.0256783466 -0.0259111919
v 0.0545127182 -0.0706234207 -0.0261566639
v 0.0542596359 -0.0706987991 -0.0260352211
v 0.0542885132 -0.0707466507 0.0252663574
v 0.054687148 -0.0706576836 0.0254521642
v 0.0548863609 -0.0704513945 -0.026335958
v 0.0548435877 -0.0259503241 -0.0263154332
v 0.0545127182 -0.0258015766 -0.0261566639
v 0.0542596359 -0.025726202 -0.0260352211
v 0.0542885132 -0.0256783466 0.0252663574
v 0.054687148 -0.0257673154 0.0254521642
v 0.0553971706 -0.0700781547 -0.0265810721
v 0.055377067 -0.0703126089 0.0257737441
v 0.0557913208 -0.0696499405 -0.0267702065
v 0.0557913208 -0.0267750568 -0.0267702065
v 0.0553855811 -0.0263370715 -0.0265755109
v 0.0553765008 -0.0261107394 0.0257734805
v 0.0564139404 -0.0707227249 -0.0205466299
v 0.0565056648 -0.0707466507 0.019827507
v 0.0559131279 -0.0698671265 0.0260236092
v 0.0560709502 -0.0691601253 -0.0269043875
v 0.0561658115 -0.0695325127 0.0261413889
v 0.0564177683 -0.0690689565 0.0262588276
v 0.0563284876 -0.0683581876 -0.0270279676
v 0.0566254904 -0.0683748949 0.0263556493
v 0.0563903198 -0.0677671432 -0.0270576401
v 0.0566903992 -0.0677671432 0.0263859043
v 0.0563839741 -0.028512701 -0.027054594
v 0.0566840191 -0.028512701 0.0263829298
v 0.0563082256 -0.0279388666 -0.0270182447
v 0.0561895828 -0.0275236912 -0.0269613152
v 0.0565716192 -0.0278161508 0.0263305394
v 0.0560062415 -0.0271236999 -0.0268733361
v 0.0561658115 -0.0268924856 0.0261413889
v 0.0563772964 -0.0272602425 0.0262399635
v 0.0559131279 -0.0265578709 0.0260236092
v 0.0563914916 -0.0256982864 -0.0205384552
v 0.0565056648 -0.0256783466 0.019827507
v 0.0568124008 -0.0706234207 -0.0206917305
v 0.0568864826 -0.0706673915 0.0199613582
v 0.0571906738 -0.0704572144 -0.0208294802
v 0.0572976761 -0.0705212326 0.0201058865
v 0.0572189645 -0.0259825576 -0.0208397823
v 0.0572976761 -0.0259037647 0.0201058865
v 0.0568124008 -0.0258015766 -0.0206917305
v 0.0569306218 -0.0257701705 0.0199768723
v 0.0581652677 -0.0707208845 -0.0149250968
v 0.058179039 -0.0707466507 0.0141975279
v 0.0579634781 -0.0698671265 -0.021110899
v 0.0576543674 -0.0701525536 -0.0209983349
v 0.0576694891 -0.07031098 0.0202365727
v 0.0581052229 -0.0699568863 0.0203897265
v 0.0582254372 -0.0695325127 -0.0212062912
v 0.0583789177 -0.0696499405 0.0204859257
v 0.0582254372 -0.0268924856 -0.0212062912
v 0.0583789177 -0.0267750568 0.0204859257
v 0.0579634781 -0.0265578709 -0.021110899
v 0.0576543674 -0.0262724457 -0.0209983349
v 0.0576410707 -0.0260954235 0.0202265843
v 0.0580793095 -0.0264426791 0.0203806183
v 0.0581545868 -0.0257022743 -0.0149223576
v 0.058179039 -0.0256783466 0.0141975279
v 0.0585653534 -0.0706234207 -0.0150277042
v 0.0591939049 -0.0707466507 -0.00913272572
v 0.0586393127 -0.0706485469 0.014310077
v 0.0589650266 -0.0704522899 -0.0151302054
v 0.0589945221 -0.0705212326 0.0143969364
v 0.0584927578 -0.0690549857 -0.0213036361
v 0.0586784214 -0.0691457464 0.0205911972
v 0.0587078209 -0.0683432414 -0.0213819523
v 0.0589465675 -0.0683282001 0.0206854463
v 0.0587692757 -0.0677671432 -0.0214043312
v 0.0590057182 -0.0677671432 0.0207062378
v 0.0587626591 -0.028512701 -0.0214019222
v 0.0589990768 -0.028512701 0.0207039032
v 0.0586473431 -0.0278167562 -0.0213599289
v 0.0588747741 -0.0277847988 0.0206602117
v 0.0584446831 -0.0272602425 -0.021286129
v 0.058598533 -0.0271142178 0.020563118
v 0.0589261407 -0.0259530103 -0.0151202327
v 0.0589945221 -0.0259037647 0.0143969364
v 0.0585653534 -0.0258015766 -0.0150277042
v 0.0591939049 -0.0256783466 -0.00913272572
v 0.0585833787 -0.0257609903 0.0142963995
v 0.0596159725 -0.0706611099 -0.00919775772
v 0.0598024101 -0.0707466507 -0.00329093075
v 0.0598353882 -0.0707466507 0.00258237863
v 0.0594671792 -0.0707172036 0.00845554535
v 0.0598542442 -0.0706234207 0.00851074219
v 0.0595510154 -0.0700464405 -0.0152804888
v 0.0600236244 -0.0705212326 -0.00926056767
v 0.0595923481 -0.0701413574 0.0145431213
v 0.0599390831 -0.0696499405 -0.0153800144
v 0.0599390831 -0.0267750568 -0.0153800144
v 0.0595405123 -0.0263663894 -0.0152777953
v 0.0600236244 -0.0259037647 -0.00926056767
v 0.0595964705 -0.0262875742 0.0145441294
v 0.0596479847 -0.0257725864 -0.00920269012
v 0.0598024101 -0.0256783466 -0.00329093075
v 0.0598353882 -0.0256783466 0.00258237863
v 0.0594344311 -0.0257022743 0.00845087528
v 0.0598542442 -0.0258015766 0.00851074219
v 0.0602288189 -0.0706611099 -0.00331427944
v 0.0602854023 -0.0706548284 0.00260195436
v 0.0605469897 -0.0702145123 -0.00934120777
v 0.0607609159 -0.0704621388 -0.00334341526
v 0.0606741028 -0.0705212326 0.00261886263
v 0.0605072559 -0.070298522 0.00860386252
v 0.0602399902 -0.0691603826 -0.0154571854
v 0.0603308093 -0.0692874457 0.0147236957
v 0.0605192998 -0.0683432414 -0.0155288178
v 0.0606907104 -0.0683434538 0.0148117017
v 0.0605826492 -0.0677671432 -0.0155450649
v 0.0607531853 -0.0677671432 0.0148269787
v 0.0605758305 -0.028512701 -0.0155433159
v 0.0607468734 -0.0285238671 0.0148254351
v 0.0604557082 -0.0278161508 -0.015512509
v 0.0606258873 -0.0278161508 0.0147958508
v 0.0601709935 -0.0271254504 -0.0154394905
v 0.060274499 -0.0270289783 0.0147099262
v 0.0605080001 -0.0261824589 -0.00933520036
v 0.0607926493 -0.0259784538 -0.00334515287
v 0.0606741028 -0.0259037647 0.00261886263
v 0.0604970541 -0.0261201148 0.00860240769
v 0.0602288189 -0.0257638893 -0.00331427944
v 0.0602386608 -0.0257576081 0.00259992109
v 0.0609654274 -0.0698671265 -0.00940568066
v 0.0613613419 -0.0700683818 -0.00337629282
v 0.0612875443 -0.0701394914 0.00264554742
v 0.0610669975 -0.0698671265 0.0086836834
v 0.0613847389 -0.0692817174 -0.0094702878
v 0.0614851779 -0.0692879032 0.00874331661
v 0.0617261214 -0.0684733075 -0.0095228874
v 0.0616758058 -0.0277847988 -0.00951513513
v 0.0616955452 -0.0275236912 0.00877331543
v 0.0613003201 -0.0269881165 -0.00945728042
v 0.0614199893 -0.0270150712 0.00873402055
v 0.0609654274 -0.0265578709 -0.00940568066
v 0.0613860082 -0.02637736 -0.00337764348
v 0.0612943092 -0.0262869427 0.00264584171
v 0.0610669975 -0.0265578709 0.0086836834
v 0.0620238142 -0.0692723417 -0.00341256765
v 0.0620467559 -0.0692937492 0.00267857317
v 0.0617990723 -0.068057457 -0.00953412724
v 0.0623776425 -0.0683769693 -0.00343194224
v 0.0624175326 -0.0683432414 0.00269470191
v 0.0618502643 -0.0683430513 0.00879537884
v 0.0618129883 -0.0677671432 -0.00953627205
v 0.0624484329 -0.0677671432 -0.00343581843
v 0.062482872 -0.0677671432 0.0026975441
v 0.0619159698 -0.0677671432 0.00880474854
v 0.0618060303 -0.028512701 -0.00953519964
v 0.0624414043 -0.028512701 -0.00343543351
v 0.0624752966 -0.028501535 0.00269721468
v 0.0619090004 -0.028512701 0.00880375481
v 0.0623175793 -0.0278161508 -0.00342865337
v 0.062339349 -0.027767437 0.00269130085
v 0.0618284765 -0.0279497192 0.00879227169
v 0.0619658792 -0.027042026 -0.00340939534
v 0.0619646441 -0.0269881165 0.00267500133
f 1624 1657 1658
f 1613 1657 1624
f 1613 1646 1657
f 1613 1612 1646
f 1576 1612 1613
f 1575 1612 1576
f 1577 1613 1624
f 1577 1624 1590
f 1576 1613 1577
f 1547 1575 1576
f 1548 1590 1559
f 1548 1577 1590
f 1548 1576 1577
f 1486 1547 1576
f 1486 1576 1548
f 1485 1547 1486
f 1498 1559 1499
f 1486 1559 1498
f 1486 1548 1559
f 1453 1486 1548
f 1453 1485 1486
f 1463 1498 1499
f 1454 1486 1498
f 1454 1498 1463
f 1425 1486 1454
f 1425 1453 1486
f 1397 1454 1463
f 1397 1463 1405
f 1397 1425 1454
f 1396 1425 1397
f 1381 1397 1405
f 1381 1405 1383
f 1381 1396 1397
f 1380 1396 1381
f 1345 1383 1356
f 1345 1381 1383
f 1344 1381 1345
f 1344 1380 1381
f 1305 1345 1356
f 1305 1356 1312
f 1304 1345 1305
f 1304 1344 1345
f 1262 1312 1263
f 1256 1312 1262
f 1256 1304 1305
f 1256 1305 1312
f 1224 1262 1263
f 1218 1262 1224
f 1218 1256 1262
f 1217 1256 1218
f 1192 1224 1193
f 1187 1224 1192
f 1187 1218 1224
f 1187 1217 1218
f 1161 1192 1193
f 1152 1192 1161
f 1152 1187 1192
f 1151 1187 1152
f 1107 1161 1119
f 1107 1152 1161
f 1107 1151 1152
f 1072 1119 1073
f 1059 1119 1072
f 1059 1107 1119
f 1106 1107 1059
f 1106 1151 1107
f 1032 1072 1073
f 1032 1059 1072
f 1058 1106 1059
f 1031 1059 1032
f 1020 1059 1031
f 1020 1058 1059
f 1019 1058 1020
f 1019 1057 1058
f 1019 1018 1057
f 974 1020 1031
f 962 1020 974
f 1019 1020 962
f 961 962 974
f 961 974 973
f 961 1019 962
f 961 1018 1019
f 960 1018 961
f 1017 1018 960
f 889 973 907
f 889 961 973
f 960 961 889
f 959 960 961
f 959 1017 960
f 888 889 907
f 888 907 906
f 888 960 889
f 887 960 888
f 958 960 887
f 958 959 960
f 886 888 906
f 886 906 905
f 886 887 888
f 886 958 887
f 957 958 886
f 904 886 905
f 885 886 904
f 956 957 886
f 956 886 885
f 884 904 903
f 884 885 904
f 955 956 885
f 955 885 884
f 902 884 903
f 883 884 902
f 954 884 883
f 954 955 884
f 953 883 902
f 953 902 901
f 953 954 883
f 952 953 901
f 952 901 972
f 1016 953 952
f 951 972 971
f 951 952 972
f 1015 952 951
f 1015 1016 952
f 1014 951 971
f 1014 1015 951
f 1014 971 1030
f 1056 1015 1014
f 1071 1030 1029
f 1055 1014 1030
f 1055 1030 1071
f 1055 1056 1014
f 1070 1071 1029
f 1054 1055 1071
f 1054 1070 1118
f 1054 1118 1104
f 1054 1071 1070
f 1104 1055 1054
f 1105 1055 1104
f 1105 1104 1150
f 1105 1056 1055
f 1149 1104 1118
f 1149 1118 1160
f 1149 1150 1104
f 1185 1150 1149
f 1185 1186 1150
f 1184 1149 1160
f 1184 1160 1191
f 1185 1149 1184
f 1185 1216 1186
f 1223 1184 1191
f 1215 1184 1223
f 1215 1185 1184
f 1216 1185 1215
f 1254 1215 1223
f 1254 1223 1261
f 1255 1215 1254
f 1255 1216 1215
f 1302 1254 1261
f 1302 1255 1254
f 1302 1261 1311
f 1303 1255 1302
f 1355 1302 1311
f 1342 1302 1355
f 1342 1303 1302
f 1343 1303 1342
f 1343 1379 1303
f 1394 1342 1355
f 1394 1355 1404
f 1395 1343 1342
f 1395 1342 1394
f 1395 1379 1343
f 1423 1404 1434
f 1423 1394 1404
f 1424 1394 1423
f 1424 1395 1394
f 1451 1423 1434
f 1451 1434 1462
f 1452 1423 1451
f 1452 1424 1423
f 1484 1451 1462
f 1484 1462 1497
f 1484 1452 1451
f 1545 1484 1497
f 1545 1497 1558
f 1546 1484 1545
f 1572 1545 1558
f 1572 1558 1589
f 1573 1545 1572
f 1573 1546 1545
f 1610 1572 1589
f 1610 1589 1623
f 1610 1573 1572
f 1611 1573 1610
f 1656 1623 1655
f 1574 1573 1611
f 1643 1610 1623
f 1643 1623 1656
f 1611 1610 1643
f 1699 1656 1655
f 1684 1656 1699
f 1684 1643 1656
f 1685 1643 1684
f 1644 1643 1685
f 1644 1611 1643
f 1700 1699 1744
f 1685 1699 1700
f 1685 1684 1699
f 1686 1644 1685
f 1745 1700 1744
f 1728 1685 1700
f 1728 1700 1745
f 1728 1686 1685
f 1687 1686 1728
f 1769 1745 1789
f 1769 1728 1745
f 1729 1728 1769
f 1729 1687 1728
f 1729 1730 1687
f 1770 1769 1789
f 1770 1789 1790
f 1770 1729 1769
f 1730 1729 1770
f 1791 1790 1858
f 1771 1770 1790
f 1771 1790 1791
f 1771 1730 1770
f 1859 1791 1858
f 1859 1771 1791
f 1841 1771 1859
f 1772 1771 1841
f 1842 1859 1860
f 1842 1841 1859
f 1842 1772 1841
f 1773 1772 1842
f 1773 1774 1772
f 1844 1842 1860
f 1844 1860 1861
f 1844 1773 1842
f 1775 1773 1844
f 1775 1774 1773
f 1845 1861 1862
f 1845 1844 1861
f 1776 1844 1845
f 1776 1775 1844
f 1846 1845 1862
f 1846 1862 1863
f 1777 1845 1846
f 1777 1776 1845
f 1792 1863 1864
f 1778 1863 1792
f 1778 1846 1863
f 1778 1777 1846
f 1793 1792 1864
f 1779 1778 1792
f 1779 1792 1793
f 1731 1778 1779
f 1746 1793 1794
f 1732 1793 1746
f 1732 1779 1793
f 1732 1731 1779
f 1747 1746 1794
f 1733 1732 1746
f 1733 1746 1747
f 1689 1732 1733
f 1688 1732 1689
f 1690 1733 1747
f 1690 1747 1701
f 1689 1733 1690
f 1702 1658 1657
f 1657 1701 1702
f 1646 1701 1657
f 1646 1690 1701
f 1645 1690 1646
f 1645 1646 1612
f 1645 1689 1690
f 1778 1776 1777
f 1772 1774 1775
f 1772 1775 1776
f 1732 1778 1731
f 1732 1776 1778
f 1730 1771 1772
f 1730 1772 1776
f 1645 1688 1689
f 1686 1687 1730
f 1612 1732 1688
f 1612 1688 1645
f 1611 1644 1686
f 1547 1612 1575
f 1485 1612 1547
f 1485 1732 1612
f 1574 1611 1686
f 1574 1686 1730
f 1484 1546 1573
f 1484 1574 1730
f 1484 1573 1574
f 1380 1485 1453
f 1380 1453 1425
f 1380 1425 1396
f 1424 1452 1484
f 1256 1485 1380
f 1256 1380 1344
f 1256 1344 1304
f 1303 1424 1484
f 1303 1379 1395
f 1303 1395 1424
f 1303 1484 1730
f 1303 1730 1776
f 1151 1217 1187
f 1216 1255 1303
f 1186 1216 1303
f 1058 1151 1106
f 1150 1186 1303
f 1150 1303 1776
f 1150 1776 1732
f 1057 1256 1217
f 1057 1217 1151
f 1057 1151 1058
f 1018 1485 1256
f 1018 1256 1057
f 1015 1056 1105
f 1016 1105 1150
f 1016 1150 1732
f 1016 1015 1105
f 1016 1732 1485
f 955 1018 1017
f 955 1017 959
f 955 959 958
f 955 958 957
f 955 957 956
f 955 954 953
f 955 953 1016
f 955 1485 1018
f 955 1016 1485
f 1426 1410 1443
f 1397 1389 1410
f 1397 1410 1426
f 1381 1389 1397
f 1345 1372 1389
f 1345 1331 1372
f 1345 1389 1381
f 1305 1331 1345
f 1257 1286 1331
f 1257 1331 1305
f 1188 1208 1286
f 1188 1178 1208
f 1188 1286 1257
f 1153 1178 1188
f 1108 1178 1153
f 1108 1138 1178
f 1107 1138 1108
f 1107 1137 1138
f 1059 1137 1107
f 1059 1092 1137
f 1021 1092 1059
f 1021 1049 1092
f 963 1049 1021
f 963 1000 1049
f 962 1000 963
f 962 999 1000
f 889 999 962
f 889 941 999
f 888 941 889
f 888 940 941
f 887 940 888
f 887 939 940
f 886 939 887
f 886 938 939
f 885 938 886
f 885 937 938
f 884 937 885
f 884 936 937
f 884 935 936
f 883 935 884
f 882 934 935
f 882 935 883
f 951 998 934
f 951 934 882
f 951 997 998
f 950 997 951
f 1013 1048 997
f 1013 997 950
f 1055 1091 1048
f 1055 1090 1091
f 1055 1048 1013
f 1054 1090 1055
f 1103 1136 1090
f 1103 1090 1054
f 1148 1177 1136
f 1148 1136 1103
f 1184 1207 1177
f 1184 1244 1207
f 1184 1177 1148
f 1214 1244 1184
f 1254 1285 1244
f 1254 1244 1214
f 1342 1371 1285
f 1342 1285 1254
f 1398 1397 1426
f 1382 1381 1397
f 1382 1397 1398
f 1346 1345 1381
f 1346 1381 1382
f 1305 1345 1346
f 1219 1257 1305
f 1188 1257 1219
f 1060 1107 1108
f 1022 1107 1060
f 1022 1059 1107
f 1021 1059 1022
f 891 962 963
f 890 962 891
f 890 889 962
f 888 889 890
f 848 887 888
f 886 887 848
f 847 886 848
f 885 886 847
f 846 885 847
f 884 885 846
f 845 884 846
f 883 884 845
f 881 882 883
f 951 882 881
f 880 951 881
f 950 951 880
f 1012 1055 1013
f 1053 1054 1055
f 1053 1055 1012
f 1103 1054 1053
f 1183 1184 1148
f 1214 1184 1183
f 1341 1342 1254
f 1455 1522 1475
f 1488 1522 1455
f 1488 1566 1522
f 1550 1566 1488
f 1550 1567 1566
f 1551 1567 1550
f 1551 1602 1567
f 1581 1602 1551
f 1581 1603 1602
f 1582 1603 1581
f 1582 1604 1603
f 1583 1604 1582
f 1583 1568 1604
f 1552 1568 1583
f 1553 1569 1568
f 1553 1568 1552
f 1553 1523 1569
f 1489 1523 1553
f 1489 1524 1523
f 1490 1524 1489
f 1301 1284 1330
f 1253 1284 1301
f 1253 1243 1284
f 1213 1243 1253
f 1213 1242 1243
f 1212 1242 1213
f 1212 1206 1242
f 1182 1206 1212
f 1182 1205 1206
f 1181 1205 1182
f 1181 1204 1205
f 1180 1204 1181
f 1180 1203 1204
f 1179 1203 1180
f 1211 1241 1203
f 1211 1203 1179
f 1211 1240 1241
f 1210 1283 1240
f 1210 1240 1211
f 1252 1283 1210
f 879 866 924
f 844 866 879
f 844 834 866
f 813 834 844
f 813 803 834
f 783 803 813
f 783 776 803
f 761 776 783
f 761 755 776
f 732 755 761
f 732 754 755
f 731 754 732
f 731 715 754
f 690 715 731
f 689 715 690
f 689 714 715
f 688 714 689
f 688 713 714
f 688 712 713
f 687 712 688
f 686 712 687
f 686 711 712
f 685 710 711
f 685 711 686
f 730 747 710
f 730 710 685
f 760 773 747
f 760 747 730
f 782 800 773
f 782 773 760
f 812 831 800
f 812 800 782
f 843 863 831
f 843 831 812
f 1608 1632 1668
f 1608 1668 1641
f 1571 1596 1632
f 1571 1632 1608
f 1571 1564 1596
f 1544 1564 1571
f 1482 1518 1564
f 1482 1564 1544
f 1482 1472 1518
f 1450 1472 1482
f 1449 1472 1450
f 1449 1471 1472
f 1421 1471 1449
f 1421 1441 1471
f 1421 1440 1441
f 1420 1440 1421
f 1419 1440 1420
f 1419 1439 1440
f 1392 1439 1419
f 1392 1408 1439
f 1392 1407 1408
f 1391 1407 1392
f 1390 1407 1391
f 1390 1406 1407
f 1418 1406 1390
f 1418 1436 1406
f 1417 1435 1436
f 1417 1436 1418
f 1448 1466 1435
f 1448 1435 1417
f 1447 1465 1466
f 1447 1466 1448
f 1481 1514 1465
f 1481 1465 1447
f 1543 1561 1514
f 1543 1514 1481
f 1543 1593 1561
f 1570 1593 1543
f 1155 1135 1176
f 1110 1135 1155
f 1110 1089 1135
f 1063 1089 1110
f 1063 1047 1089
f 1024 1047 1063
f 1024 995 1047
f 967 995 1024
f 967 994 995
f 966 994 967
f 966 933 994
f 895 933 966
f 895 932 933
f 894 932 895
f 894 876 932
f 857 876 894
f 856 876 857
f 856 875 876
f 856 874 875
f 855 874 856
f 855 873 874
f 854 873 855
f 854 872 873
f 853 872 854
f 853 871 872
f 852 871 853
f 852 870 871
f 851 926 870
f 851 870 852
f 893 926 851
f 892 925 926
f 892 991 925
f 892 926 893
f 965 991 892
f 964 990 991
f 964 991 965
f 1023 1044 990
f 1023 990 964
f 1062 1087 1044
f 1062 1044 1023
f 1061 1086 1087
f 1061 1087 1062
f 1109 1132 1086
f 1109 1086 1061
f 693 678 718
f 668 660 678
f 668 678 693
f 648 660 668
f 648 641 660
f 633 641 648
f 633 628 641
f 618 627 628
f 618 628 633
f 617 614 627
f 617 627 618
f 608 614 617
f 608 601 614
f 587 601 608
f 587 600 601
f 586 600 587
f 550 600 586
f 550 568 600
f 550 567 568
f 549 567 550
f 548 567 549
f 548 566 567
f 547 566 548
f 547 565 566
f 547 564 565
f 546 564 547
f 546 563 564
f 545 563 546
f 545 599 563
f 585 599 545
f 584 598 599
f 584 599 585
f 607 613 598
f 607 598 584
f 607 626 613
f 616 626 607
f 632 640 626
f 632 626 616
f 632 659 640
f 647 659 632
f 1911 1882 1927
f 1849 1882 1911
f 1783 1819 1882
f 1783 1882 1849
f 1737 1761 1819
f 1737 1819 1783
f 1693 1715 1761
f 1693 1761 1737
f 1651 1715 1693
f 1651 1672 1715
f 1650 1672 1651
f 1650 1671 1672
f 1650 1637 1671
f 1619 1637 1650
f 1619 1636 1637
f 1618 1636 1619
f 1580 1636 1618
f 1580 1599 1636
f 1579 1599 1580
f 1579 1598 1599
f 1578 1598 1579
f 1578 1597 1598
f 1578 1635 1597
f 1617 1635 1578
f 1616 1634 1635
f 1616 1635 1617
f 1615 1633 1634
f 1615 1634 1616
f 1649 1670 1633
f 1649 1669 1670
f 1649 1633 1615
f 1648 1669 1649
f 1692 1714 1669
f 1692 1669 1648
f 1736 1760 1714
f 1736 1714 1692
f 1782 1818 1760
f 1782 1760 1736
f 2110 2098 2121
f 2088 2098 2110
f 2050 2072 2098
f 2050 2098 2088
f 2018 2039 2072
f 2018 2072 2050
f 1995 2013 2039
f 1995 2039 2018
f 1994 2012 2013
f 1994 2013 1995
f 1966 2012 1994
f 1966 1985 2012
f 1966 1955 1985
f 1936 1955 1966
f 1936 1954 1955
f 1935 1954 1936
f 1906 1954 1935
f 1906 1925 1954
f 1905 1925 1906
f 1905 1924 1925
f 1905 1923 1924
f 1904 1923 1905
f 1903 1923 1904
f 1903 1922 1923
f 1934 1953 1922
f 1934 1922 1903
f 1933 1952 1953
f 1933 1953 1934
f 1933 1951 1952
f 1932 1951 1933
f 1965 1984 1951
f 1965 1983 1984
f 1965 1951 1932
f 1964 1983 1965
f 1993 2011 1983
f 1993 1983 1964
f 1992 2010 2011
f 1992 2011 1993
f 2017 2038 2010
f 2017 2010 1992
f 2049 2071 2038
f 2049 2038 2017
f 1429 1491 1554
f 1157 1156 1260
f 1064 1156 1157
f 820 819 896
f 765 819 820
f 669 694 765
f 649 694 669
f 650 649 669
f 620 649 650
f 620 619 649
f 588 619 620
f 588 609 619
f 551 609 588
f 525 529 530
f 524 529 525
f 524 523 529
f 522 523 524
f 519 528 520
f 527 528 519
f 583 606 544
f 615 606 583
f 631 646 615
f 666 646 631
f 781 811 729
f 877 811 781
f 1139 1140 1009
f 1209 1140 1139
f 1250 1251 1050
f 1446 1251 1250
f 1678 1446 1677
f 1929 1677 1928
f 1929 1678 1677
f 2106 1929 1928
f 2107 1929 2106
f 2183 2106 2182
f 2183 2107 2106
f 2242 2183 2182
f 2242 2243 2183
f 2291 2242 2290
f 2291 2243 2242
f 2328 2290 2337
f 2328 2291 2290
f 2361 2328 2337
f 2351 2328 2361
f 2395 2351 2361
f 2396 2351 2395
f 2429 2395 2450
f 2429 2396 2395
f 2460 2429 2450
f 2493 2460 2492
f 2527 2493 2492
f 2540 2539 2561
f 2562 2540 2561
f 2541 2540 2562
f 2542 2541 2562
f 2494 2528 2518
f 2461 2518 2476
f 2461 2494 2518
f 2451 2461 2476
f 2430 2461 2451
f 2397 2451 2403
f 2397 2430 2451
f 2362 2403 2363
f 2362 2397 2403
f 2339 2362 2363
f 2338 2362 2339
f 2292 2339 2298
f 2292 2338 2339
f 2251 2298 2252
f 2251 2292 2298
f 2224 2251 2252
f 1250 1078 1268
f 1250 1050 1078
f 1446 1268 1464
f 1446 1250 1268
f 1677 1464 1706
f 1677 1446 1464
f 1928 1706 1949
f 1928 1677 1706
f 2106 1949 2117
f 2106 1928 1949
f 2182 2117 2192
f 2182 2106 2117
f 2242 2192 2244
f 2242 2182 2192
f 2290 2244 2293
f 2290 2242 2244
f 2337 2290 2293
f 2337 2293 2340
f 2361 2340 2364
f 2361 2337 2340
f 2395 2364 2398
f 2395 2361 2364
f 2450 2398 2452
f 2450 2395 2398
f 2460 2452 2462
f 2460 2450 2452
f 2492 2462 2495
f 2492 2460 2462
f 2527 2495 2529
f 2527 2492 2495
f 2539 2529 2543
f 2539 2527 2529
f 2561 2543 2563
f 2561 2563 2564
f 2561 2539 2543
f 2562 2564 2544
f 2562 2561 2564
f 2542 2544 2530
f 2542 2562 2544
f 2528 2542 2530
f 2518 2530 2519
f 2518 2519 2477
f 2518 2528 2530
f 2476 2477 2453
f 2476 2518 2477
f 2451 2453 2404
f 2451 2476 2453
f 2403 2451 2404
f 2363 2404 2365
f 2363 2403 2404
f 2339 2365 2341
f 2339 2341 2299
f 2339 2363 2365
f 2298 2339 2299
f 2252 2299 2253
f 2252 2298 2299
f 2224 2253 2225
f 2224 2225 2118
f 2224 2252 2253
f 2112 2118 1981
f 2112 2224 2118
f 1970 1981 1707
f 1970 2112 1981
f 1694 1970 1707
f 2062 1707 1981
f 2062 1800 1707
f 2193 1981 2118
f 2193 2062 1981
f 2255 2118 2225
f 2255 2193 2118
f 2303 2253 2299
f 2303 2225 2253
f 2303 2255 2225
f 2353 2299 2341
f 2353 2303 2299
f 2407 2353 2341
f 2465 2341 2365
f 2465 2407 2341
f 2546 2465 2365
f 2546 2404 2453
f 2546 2365 2404
f 2593 2546 2453
f 2593 2453 2477
f 2630 2593 2477
f 2630 2477 2519
f 2645 2630 2519
f 2674 2645 2519
f 2674 2519 2530
f 2714 2530 2544
f 2714 2674 2530
f 2713 2544 2564
f 2713 2714 2544
f 2712 2564 2563
f 2712 2713 2564
f 2690 2563 2543
f 2690 2712 2563
f 2673 2543 2529
f 2673 2690 2543
f 2644 2529 2495
f 2644 2673 2529
f 2616 2495 2462
f 2616 2644 2495
f 2592 2462 2452
f 2592 2616 2462
f 2531 2398 2364
f 2531 2452 2398
f 2531 2592 2452
f 2464 2364 2340
f 2464 2531 2364
f 2406 2340 2293
f 2406 2464 2340
f 2347 2293 2244
f 2347 2406 2293
f 2302 2347 2244
f 2245 2244 2192
f 2245 2302 2244
f 2171 2117 1949
f 2171 2192 2117
f 2171 2245 2192
f 2035 1949 1706
f 2035 2171 1949
f 1752 1706 1464
f 1752 2035 1706
f 1502 1752 1464
f 1270 1464 1268
f 1270 1502 1464
f 979 1268 1078
f 979 1270 1268
f 1233 920 1234
f 1233 919 920
f 1232 919 1233
f 1232 918 919
f 1229 915 918
f 1229 918 1232
f 1229 916 915
f 1230 916 1229
f 1269 916 1230
f 1269 979 916
f 1269 1270 979
f 1511 1234 1513
f 1511 1233 1234
f 1509 1233 1511
f 1509 1232 1233
f 1505 1232 1509
f 1505 1229 1232
f 1506 1229 1505
f 1506 1230 1229
f 1501 1269 1230
f 1501 1230 1506
f 1501 1270 1269
f 1501 1502 1270
f 1810 1513 1811
f 1810 1511 1513
f 1810 1509 1511
f 1808 1509 1810
f 1809 1509 1808
f 1802 1505 1509
f 1802 1509 1809
f 1803 1505 1802
f 1803 1506 1505
f 1799 1501 1506
f 1799 1506 1803
f 1752 1501 1799
f 1752 1502 1501
f 2069 1811 2070
f 2069 1810 1811
f 2068 1810 2069
f 2068 1808 1810
f 2068 1809 1808
f 2064 1802 1809
f 2064 1809 2068
f 2064 1803 1802
f 2036 1803 2064
f 2034 1752 1799
f 2034 1799 1803
f 2034 1803 2036
f 2034 2035 1752
f 2200 2070 2201
f 2200 2201 2276
f 2200 2069 2070
f 2198 2068 2069
f 2198 2069 2200
f 2195 2064 2068
f 2195 2068 2198
f 2172 2064 2195
f 2172 2036 2064
f 2173 2036 2172
f 2170 2034 2036
f 2170 2036 2173
f 2170 2035 2034
f 2170 2171 2035
f 2274 2200 2276
f 2274 2198 2200
f 2271 2198 2274
f 2259 2198 2271
f 2257 2198 2259
f 2257 2195 2198
f 2258 2195 2257
f 2258 2172 2195
f 2258 2173 2172
f 2254 2173 2258
f 2254 2170 2173
f 2254 2245 2171
f 2254 2302 2245
f 2254 2171 2170
f 2316 2276 2317
f 2316 2274 2276
f 2314 2274 2316
f 2314 2271 2274
f 2314 2259 2271
f 2311 2257 2259
f 2311 2259 2314
f 2304 2258 2257
f 2304 2257 2311
f 2305 2254 2258
f 2305 2258 2304
f 2302 2254 2305
f 2371 2317 2372
f 2371 2372 2437
f 2371 2316 2317
f 2371 2314 2316
f 2369 2314 2371
f 2369 2311 2314
f 2366 2311 2369
f 2366 2304 2311
f 2355 2304 2366
f 2355 2305 2304
f 2352 2305 2355
f 2352 2302 2305
f 2352 2347 2302
f 2435 2371 2437
f 2432 2371 2435
f 2432 2369 2371
f 2420 2369 2432
f 2416 2369 2420
f 2416 2366 2369
f 2416 2355 2366
f 2417 2355 2416
f 2408 2355 2417
f 2405 2352 2355
f 2405 2355 2408
f 2405 2406 2347
f 2405 2464 2406
f 2405 2347 2352
f 2500 2437 2503
f 2500 2503 2584
f 2500 2435 2437
f 2501 2435 2500
f 2497 2435 2501
f 2497 2432 2435
f 2497 2420 2432
f 2483 2420 2497
f 2479 2416 2420
f 2479 2420 2483
f 2480 2417 2416
f 2480 2416 2479
f 2466 2408 2417
f 2466 2417 2480
f 2463 2405 2408
f 2463 2408 2466
f 2463 2464 2405
f 2582 2500 2584
f 2570 2500 2582
f 2570 2501 2500
f 2568 2501 2570
f 2568 2497 2501
f 2568 2483 2497
f 2565 2479 2483
f 2565 2483 2568
f 2548 2479 2565
f 2548 2480 2479
f 2548 2466 2480
f 2545 2466 2548
f 2545 2463 2466
f 2531 2463 2545
f 2531 2464 2463
f 2618 2584 2620
f 2618 2582 2584
f 2618 2570 2582
f 2618 2568 2570
f 2608 2568 2618
f 2605 2565 2568
f 2605 2568 2608
f 2599 2565 2605
f 2599 2548 2565
f 2597 2545 2548
f 2597 2548 2599
f 2591 2531 2545
f 2591 2592 2531
f 2591 2545 2597
f 2650 2618 2620
f 2650 2620 2652
f 2650 2608 2618
f 2647 2608 2650
f 2640 2605 2608
f 2640 2608 2647
f 2638 2605 2640
f 2638 2599 2605
f 2632 2599 2638
f 2628 2599 2632
f 2628 2597 2599
f 2628 2591 2597
f 2629 2591 2628
f 2629 2616 2592
f 2629 2592 2591
f 2696 2652 2698
f 2696 2650 2652
f 2694 2650 2696
f 2694 2647 2650
f 2679 2647 2694
f 2679 2640 2647
f 2675 2638 2640
f 2675 2640 2679
f 2676 2638 2675
f 2667 2632 2638
f 2667 2638 2676
f 2665 2628 2632
f 2665 2632 2667
f 2644 2628 2665
f 2644 2629 2628
f 2644 2616 2629
f 2737 2698 2739
f 2737 2696 2698
f 2735 2694 2696
f 2735 2696 2737
f 2735 2679 2694
f 2719 2679 2735
f 2716 2675 2679
f 2716 2679 2719
f 2716 2676 2675
f 2692 2667 2676
f 2692 2676 2716
f 2689 2665 2667
f 2689 2667 2692
f 2673 2665 2689
f 2673 2644 2665
f 2770 2739 2774
f 2770 2774 2775
f 2770 2737 2739
f 2759 2737 2770
f 2757 2737 2759
f 2757 2735 2737
f 2757 2716 2719
f 2757 2719 2735
f 2753 2716 2757
f 2731 2716 2753
f 2731 2692 2716
f 2717 2692 2731
f 2711 2692 2717
f 2711 2673 2689
f 2711 2689 2692
f 2711 2690 2673
f 2711 2712 2690
f 2771 2770 2775
f 2771 2759 2770
f 2771 2757 2759
f 2768 2757 2771
f 2754 2753 2757
f 2754 2757 2768
f 2754 2731 2753
f 2732 2731 2754
f 2732 2717 2731
f 2732 2711 2717
f 2729 2711 2732
f 2729 2712 2711
f 2772 2771 2775
f 2772 2775 2776
f 2772 2768 2771
f 2769 2768 2772
f 2755 2768 2769
f 2755 2754 2768
f 2755 2732 2754
f 2733 2732 2755
f 2730 2729 2732
f 2730 2732 2733
f 2730 2713 2712
f 2730 2712 2729
f 2773 2776 2777
f 2773 2772 2776
f 2773 2769 2772
f 2758 2769 2773
f 2756 2755 2769
f 2756 2769 2758
f 2734 2755 2756
f 2734 2733 2755
f 2715 2730 2733
f 2715 2733 2734
f 2714 2713 2730
f 2714 2730 2715
f 2738 2777 2740
f 2738 2773 2777
f 2736 2773 2738
f 2736 2758 2773
f 2718 2756 2758
f 2718 2758 2736
f 2718 2734 2756
f 2693 2734 2718
f 2691 2734 2693
f 2691 2715 2734
f 2691 2714 2715
f 2691 2674 2714
f 2697 2738 2740
f 2697 2740 2699
f 2697 2699 2653
f 2697 2736 2738
f 2695 2736 2697
f 2680 2736 2695
f 2678 2736 2680
f 2678 2718 2736
f 2677 2718 2678
f 2668 2693 2718
f 2668 2691 2693
f 2668 2718 2677
f 2666 2691 2668
f 2666 2674 2691
f 2666 2645 2674
f 2651 2697 2653
f 2651 2695 2697
f 2649 2695 2651
f 2648 2695 2649
f 2648 2680 2695
f 2646 2680 2648
f 2646 2678 2680
f 2639 2677 2678
f 2639 2678 2646
f 2639 2668 2677
f 2639 2666 2668
f 2631 2666 2639
f 2631 2645 2666
f 2631 2630 2645
f 2619 2651 2653
f 2619 2653 2621
f 2619 2621 2585
f 2617 2651 2619
f 2617 2649 2651
f 2617 2648 2649
f 2609 2648 2617
f 2607 2648 2609
f 2607 2646 2648
f 2606 2646 2607
f 2606 2639 2646
f 2600 2639 2606
f 2598 2639 2600
f 2598 2631 2639
f 2598 2593 2630
f 2598 2630 2631
f 2583 2585 2521
f 2583 2619 2585
f 2581 2617 2619
f 2581 2619 2583
f 2569 2609 2617
f 2569 2617 2581
f 2567 2607 2609
f 2567 2609 2569
f 2566 2606 2607
f 2566 2607 2567
f 2549 2600 2606
f 2549 2606 2566
f 2547 2598 2600
f 2547 2600 2549
f 2547 2593 2598
f 2547 2546 2593
f 2520 2583 2521
f 2502 2583 2520
f 2499 2581 2583
f 2499 2583 2502
f 2498 2569 2581
f 2498 2581 2499
f 2496 2567 2569
f 2496 2569 2498
f 2496 2566 2567
f 2482 2566 2496
f 2481 2549 2566
f 2481 2566 2482
f 2481 2547 2549
f 2478 2547 2481
f 2465 2547 2478
f 2465 2546 2547
f 2436 2502 2520
f 2436 2521 2438
f 2436 2520 2521
f 2434 2502 2436
f 2434 2499 2502
f 2434 2498 2499
f 2433 2496 2498
f 2433 2498 2434
f 2431 2496 2433
f 2431 2482 2496
f 2419 2482 2431
f 2418 2481 2482
f 2418 2482 2419
f 2415 2478 2481
f 2415 2481 2418
f 2415 2465 2478
f 2415 2407 2465
f 2387 2438 2388
f 2387 2388 2331
f 2387 2436 2438
f 2386 2436 2387
f 2385 2434 2436
f 2385 2436 2386
f 2370 2434 2385
f 2370 2431 2433
f 2370 2433 2434
f 2368 2431 2370
f 2368 2419 2431
f 2367 2419 2368
f 2367 2418 2419
f 2354 2415 2418
f 2354 2418 2367
f 2353 2415 2354
f 2353 2407 2415
f 2330 2387 2331
f 2330 2386 2387
f 2329 2385 2386
f 2329 2386 2330
f 2329 2370 2385
f 2315 2370 2329
f 2313 2370 2315
f 2313 2368 2370
f 2312 2368 2313
f 2312 2367 2368
f 2310 2367 2312
f 2310 2354 2367
f 2303 2354 2310
f 2303 2353 2354
f 2275 2331 2277
f 2275 2277 2229
f 2275 2330 2331
f 2273 2329 2330
f 2273 2330 2275
f 2273 2315 2329
f 2272 2315 2273
f 2270 2313 2315
f 2270 2315 2272
f 2270 2312 2313
f 2269 2312 2270
f 2256 2312 2269
f 2256 2310 2312
f 2256 2303 2310
f 2256 2255 2303
f 2228 2275 2229
f 2227 2275 2228
f 2227 2273 2275
f 2226 2272 2273
f 2226 2273 2227
f 2199 2272 2226
f 2197 2272 2199
f 2197 2270 2272
f 2197 2269 2270
f 2196 2269 2197
f 2194 2269 2196
f 2194 2256 2269
f 2193 2256 2194
f 2193 2255 2256
f 2096 2229 2099
f 2096 2099 1883
f 2096 1883 1871
f 2096 1871 1870
f 2096 2228 2229
f 2096 1870 1869
f 2095 2096 1869
f 2095 2228 2096
f 2095 2227 2228
f 2095 2226 2227
f 2094 2199 2226
f 2094 1869 1868
f 2094 2095 1869
f 2094 2226 2095
f 2093 2197 2199
f 2093 2199 2094
f 2093 2094 1868
f 2067 1868 1867
f 2067 2093 1868
f 2067 2197 2093
f 2067 1867 1807
f 2066 2196 2197
f 2066 1807 1806
f 2066 2197 2067
f 2066 2067 1807
f 2063 2194 2196
f 2063 2193 2194
f 2063 1806 1801
f 2063 2196 2066
f 2063 2066 1806
f 2062 2193 2063
f 2062 1801 1800
f 2062 2063 1801
f 920 942 1245
f 1234 1245 1525
f 1234 920 1245
f 1513 1234 1525
f 1811 1525 1824
f 1811 1824 2079
f 1811 1513 1525
f 2070 1811 2079
f 2201 2079 2207
f 2201 2207 2278
f 2201 2070 2079
f 2276 2201 2278
f 2317 2278 2318
f 2317 2318 2373
f 2317 2276 2278
f 2372 2317 2373
f 2372 2373 2439
f 2437 2372 2439
f 2503 2439 2504
f 2503 2437 2439
f 2584 2503 2504
f 2584 2504 2586
f 2584 2586 2622
f 2620 2584 2622
f 2652 2622 2654
f 2652 2620 2622
f 2698 2654 2700
f 2698 2652 2654
f 2739 2700 2741
f 2739 2698 2700
f 2774 2741 2778
f 2774 2739 2741
f 2775 2778 2779
f 2775 2774 2778
f 2776 2779 2780
f 2776 2775 2779
f 2777 2780 2781
f 2777 2781 2742
f 2777 2776 2780
f 2740 2777 2742
f 2699 2742 2701
f 2699 2740 2742
f 2653 2701 2655
f 2653 2699 2701
f 2621 2655 2623
f 2621 2653 2655
f 2585 2623 2587
f 2585 2587 2522
f 2585 2621 2623
f 2521 2585 2522
f 2438 2522 2440
f 2438 2440 2389
f 2438 2521 2522
f 2388 2438 2389
f 2331 2389 2332
f 2331 2332 2279
f 2331 2388 2389
f 2277 2279 2230
f 2277 2331 2279
f 2229 2277 2230
f 2099 2230 2100
f 2099 2229 2230
f 1883 2100 1892
f 1883 2099 2100
f 1292 1007 1293
f 1249 1007 1292
f 1249 947 1007
f 1248 947 1249
f 1248 946 947
f 1247 946 1248
f 1247 945 946
f 1246 945 1247
f 1246 944 945
f 1246 943 944
f 1245 943 1246
f 1245 942 943
f 1535 1293 1536
f 1535 1292 1293
f 1532 1249 1292
f 1532 1292 1535
f 1531 1249 1532
f 1531 1248 1249
f 1529 1247 1248
f 1529 1248 1531
f 1527 1246 1247
f 1527 1247 1529
f 1527 1245 1246
f 1525 1245 1527
f 1764 1535 1536
f 1831 1535 1764
f 1828 1532 1535
f 1828 1535 1831
f 1828 1531 1532
f 1827 1531 1828
f 1826 1531 1827
f 1826 1529 1531
f 1825 1527 1529
f 1825 1529 1826
f 1824 1527 1825
f 1824 1525 1527
f 2045 1764 2046
f 2045 2046 2180
f 2045 1831 1764
f 2045 1828 1831
f 2044 1828 2045
f 2082 1828 2044
f 2082 1827 1828
f 2081 1826 1827
f 2081 1827 2082
f 2080 1826 2081
f 2080 1825 1826
f 2080 1824 1825
f 2079 1824 2080
f 2179 2045 2180
f 2178 2044 2045
f 2178 2045 2179
f 2177 2082 2044
f 2177 2044 2178
f 2211 2082 2177
f 2209 2081 2082
f 2209 2082 2211
f 2208 2080 2081
f 2208 2081 2209
f 2207 2079 2080
f 2207 2080 2208
f 2263 2180 2246
f 2263 2179 2180
f 2262 2178 2179
f 2262 2179 2263
f 2262 2177 2178
f 2262 2211 2177
f 2261 2211 2262
f 2260 2211 2261
f 2260 2209 2211
f 2283 2209 2260
f 2281 2209 2283
f 2281 2208 2209
f 2280 2208 2281
f 2278 2208 2280
f 2278 2207 2208
f 2308 2263 2246
f 2307 2263 2308
f 2307 2262 2263
f 2306 2262 2307
f 2322 2261 2262
f 2322 2260 2261
f 2322 2262 2306
f 2320 2260 2322
f 2320 2283 2260
f 2319 2281 2283
f 2319 2283 2320
f 2319 2280 2281
f 2319 2278 2280
f 2318 2278 2319
f 2357 2308 2348
f 2357 2348 2411
f 2356 2308 2357
f 2356 2306 2307
f 2356 2307 2308
f 2377 2322 2306
f 2377 2306 2356
f 2375 2320 2322
f 2375 2322 2377
f 2375 2319 2320
f 2374 2319 2375
f 2373 2319 2374
f 2373 2318 2319
f 2410 2357 2411
f 2409 2357 2410
f 2409 2356 2357
f 2423 2356 2409
f 2422 2356 2423
f 2422 2375 2377
f 2422 2377 2356
f 2421 2375 2422
f 2444 2374 2375
f 2444 2375 2421
f 2442 2374 2444
f 2441 2374 2442
f 2439 2373 2374
f 2439 2374 2441
f 2468 2411 2469
f 2468 2410 2411
f 2467 2409 2410
f 2467 2410 2468
f 2486 2423 2409
f 2486 2409 2467
f 2485 2422 2423
f 2485 2423 2486
f 2484 2421 2422
f 2484 2422 2485
f 2508 2421 2484
f 2508 2444 2421
f 2506 2442 2444
f 2506 2444 2508
f 2506 2441 2442
f 2505 2441 2506
f 2504 2439 2441
f 2504 2441 2505
f 2532 2468 2469
f 2552 2468 2532
f 2550 2467 2468
f 2550 2468 2552
f 2550 2486 2467
f 2550 2485 2486
f 2574 2485 2550
f 2572 2485 2574
f 2572 2484 2485
f 2572 2508 2484
f 2572 2506 2508
f 2571 2506 2572
f 2588 2506 2571
f 2588 2505 2506
f 2586 2505 2588
f 2586 2504 2505
f 2594 2532 2595
f 2603 2552 2532
f 2603 2532 2594
f 2601 2550 2552
f 2601 2552 2603
f 2613 2574 2550
f 2613 2550 2601
f 2611 2572 2574
f 2611 2574 2613
f 2610 2572 2611
f 2610 2571 2572
f 2624 2571 2610
f 2624 2588 2571
f 2622 2588 2624
f 2622 2586 2588
f 2635 2594 2595
f 2635 2595 2627
f 2635 2627 2663
f 2634 2594 2635
f 2634 2603 2594
f 2633 2601 2603
f 2633 2603 2634
f 2642 2613 2601
f 2642 2601 2633
f 2641 2611 2613
f 2641 2613 2642
f 2659 2611 2641
f 2659 2610 2611
f 2657 2610 2659
f 2656 2610 2657
f 2656 2624 2610
f 2654 2624 2656
f 2654 2622 2624
f 2671 2634 2635
f 2671 2635 2663
f 2669 2634 2671
f 2669 2633 2634
f 2669 2642 2633
f 2684 2642 2669
f 2683 2641 2642
f 2683 2642 2684
f 2681 2641 2683
f 2681 2659 2641
f 2704 2657 2659
f 2704 2659 2681
f 2702 2657 2704
f 2702 2656 2657
f 2700 2656 2702
f 2700 2654 2656
f 2708 2671 2663
f 2708 2663 2687
f 2706 2669 2671
f 2706 2671 2708
f 2721 2684 2669
f 2721 2669 2706
f 2721 2683 2684
f 2720 2681 2683
f 2720 2683 2721
f 2745 2704 2681
f 2745 2681 2720
f 2743 2702 2704
f 2743 2704 2745
f 2741 2700 2702
f 2741 2702 2743
f 2724 2687 2709
f 2724 2708 2687
f 2724 2706 2708
f 2722 2706 2724
f 2747 2706 2722
f 2747 2721 2706
f 2764 2721 2747
f 2762 2721 2764
f 2762 2720 2721
f 2762 2745 2720
f 2760 2745 2762
f 2760 2743 2745
f 2778 2741 2743
f 2778 2743 2760
f 2751 2709 2725
f 2751 2724 2709
f 2748 2722 2724
f 2748 2724 2751
f 2748 2747 2722
f 2765 2747 2748
f 2765 2764 2747
f 2785 2762 2764
f 2785 2764 2765
f 2782 2760 2762
f 2782 2762 2785
f 2779 2778 2760
f 2779 2760 2782
f 2752 2725 2726
f 2752 2751 2725
f 2749 2751 2752
f 2749 2748 2751
f 2766 2748 2749
f 2766 2765 2748
f 2786 2785 2765
f 2786 2765 2766
f 2783 2785 2786
f 2783 2782 2785
f 2780 2782 2783
f 2780 2779 2782
f 2727 2752 2726
f 2728 2752 2727
f 2750 2752 2728
f 2750 2749 2752
f 2750 2766 2749
f 2767 2766 2750
f 2763 2786 2766
f 2763 2766 2767
f 2761 2783 2786
f 2761 2786 2763
f 2784 2783 2761
f 2784 2780 2783
f 2781 2780 2784
f 2710 2727 2688
f 2710 2688 2664
f 2710 2728 2727
f 2707 2750 2728
f 2707 2728 2710
f 2723 2750 2707
f 2723 2767 2750
f 2746 2767 2723
f 2746 2763 2767
f 2744 2761 2763
f 2744 2763 2746
f 2744 2784 2761
f 2742 2784 2744
f 2742 2781 2784
f 2672 2664 2636
f 2672 2710 2664
f 2670 2723 2707
f 2670 2710 2672
f 2670 2707 2710
f 2685 2723 2670
f 2686 2723 2685
f 2682 2723 2686
f 2682 2746 2723
f 2705 2746 2682
f 2703 2744 2746
f 2703 2746 2705
f 2701 2742 2744
f 2701 2744 2703
f 2637 2672 2636
f 2643 2685 2670
f 2643 2672 2637
f 2643 2670 2672
f 2643 2686 2685
f 2662 2686 2643
f 2660 2682 2686
f 2660 2686 2662
f 2660 2705 2682
f 2661 2705 2660
f 2658 2703 2705
f 2658 2705 2661
f 2655 2701 2703
f 2655 2703 2658
f 2604 2637 2636
f 2604 2636 2596
f 2604 2596 2553
f 2602 2637 2604
f 2602 2643 2637
f 2614 2643 2602
f 2614 2662 2643
f 2615 2662 2614
f 2612 2662 2615
f 2612 2660 2662
f 2626 2660 2612
f 2626 2661 2660
f 2625 2661 2626
f 2625 2658 2661
f 2623 2658 2625
f 2623 2655 2658
f 2554 2604 2553
f 2554 2602 2604
f 2551 2602 2554
f 2575 2614 2602
f 2575 2602 2551
f 2576 2615 2614
f 2576 2614 2575
f 2573 2612 2615
f 2573 2615 2576
f 2590 2626 2612
f 2590 2612 2573
f 2590 2625 2626
f 2589 2625 2590
f 2589 2623 2625
f 2587 2623 2589
f 2470 2554 2553
f 2489 2554 2470
f 2487 2551 2554
f 2487 2554 2489
f 2488 2575 2551
f 2488 2551 2487
f 2511 2575 2488
f 2511 2576 2575
f 2509 2573 2576
f 2509 2576 2511
f 2509 2590 2573
f 2510 2590 2509
f 2507 2590 2510
f 2507 2589 2590
f 2522 2589 2507
f 2522 2587 2589
f 2426 2470 2412
f 2426 2489 2470
f 2426 2487 2489
f 2424 2487 2426
f 2425 2487 2424
f 2425 2488 2487
f 2447 2488 2425
f 2447 2511 2488
f 2445 2509 2511
f 2445 2511 2447
f 2446 2509 2445
f 2446 2510 2509
f 2446 2507 2510
f 2443 2507 2446
f 2440 2507 2443
f 2440 2522 2507
f 2358 2426 2412
f 2359 2426 2358
f 2378 2424 2426
f 2378 2426 2359
f 2378 2425 2424
f 2379 2447 2425
f 2379 2425 2378
f 2376 2445 2447
f 2376 2447 2379
f 2376 2446 2445
f 2392 2446 2376
f 2390 2443 2446
f 2390 2446 2392
f 2391 2443 2390
f 2389 2443 2391
f 2389 2440 2443
f 2309 2359 2358
f 2325 2359 2309
f 2325 2378 2359
f 2323 2378 2325
f 2324 2379 2378
f 2324 2378 2323
f 2324 2376 2379
f 2321 2376 2324
f 2335 2376 2321
f 2335 2392 2376
f 2335 2390 2392
f 2333 2390 2335
f 2334 2390 2333
f 2334 2391 2390
f 2332 2389 2391
f 2332 2391 2334
f 2265 2309 2264
f 2265 2325 2309
f 2286 2323 2325
f 2286 2325 2265
f 2287 2323 2286
f 2287 2324 2323
f 2284 2321 2324
f 2284 2324 2287
f 2285 2321 2284
f 2285 2335 2321
f 2282 2333 2335
f 2282 2335 2285
f 2282 2334 2333
f 2282 2332 2334
f 2279 2332 2282
f 2214 2265 2264
f 2215 2265 2214
f 2212 2286 2265
f 2212 2265 2215
f 2212 2287 2286
f 2213 2287 2212
f 2213 2284 2287
f 2210 2284 2213
f 2232 2284 2210
f 2232 2285 2284
f 2233 2282 2285
f 2233 2285 2232
f 2231 2282 2233
f 2231 2279 2282
f 2230 2279 2231
f 2085 1832 1833
f 2086 1833 1829
f 2086 2215 2214
f 2086 2214 2085
f 2086 2085 1833
f 2083 2215 2086
f 2083 2212 2215
f 2083 2086 1829
f 2083 2213 2212
f 2083 1829 1830
f 2084 2213 2083
f 2084 2083 1830
f 2084 1830 1895
f 2104 2084 1895
f 2104 1895 1896
f 2104 2213 2084
f 2102 2210 2213
f 2102 1896 1894
f 2102 2104 1896
f 2102 2213 2104
f 2103 2232 2210
f 2103 2210 2102
f 2103 2102 1894
f 2103 2233 2232
f 2103 2231 2233
f 2103 1894 1893
f 2101 2231 2103
f 2101 2103 1893
f 2101 1893 1892
f 2100 2230 2231
f 2100 2101 1892
f 2100 2231 2101
f 1007 1093 1296
f 1293 1296 1477
f 1293 1007 1296
f 1536 1293 1477
f 1764 1477 1718
f 1764 1536 1477
f 2046 1718 1959
f 2046 1764 1718
f 2180 1959 2122
f 2180 2046 1959
f 2246 2122 2216
f 2246 2216 2247
f 2246 2180 2122
f 2308 2247 2294
f 2308 2246 2247
f 2348 2308 2294
f 2411 2348 2294
f 2411 2294 2342
f 2469 2342 2380
f 2469 2411 2342
f 2469 2380 2399
f 2532 2469 2399
f 2595 2532 2399
f 2595 2399 2454
f 2627 2454 2471
f 2627 2595 2454
f 2663 2471 2512
f 2663 2627 2471
f 2687 2512 2533
f 2687 2663 2512
f 2709 2533 2555
f 2709 2687 2533
f 2725 2555 2577
f 2725 2709 2555
f 2726 2577 2578
f 2726 2725 2577
f 2727 2578 2556
f 2727 2726 2578
f 2688 2556 2534
f 2688 2727 2556
f 2664 2534 2523
f 2664 2523 2490
f 2664 2688 2534
f 2636 2664 2490
f 2596 2490 2455
f 2596 2636 2490
f 2553 2455 2413
f 2553 2413 2381
f 2553 2596 2455
f 2470 2553 2381
f 2412 2381 2343
f 2412 2343 2300
f 2412 2470 2381
f 2358 2412 2300
f 2309 2300 2266
f 2309 2266 2234
f 2309 2358 2300
f 2264 2309 2234
f 2214 2234 2123
f 2214 2123 1989
f 2214 2264 2234
f 2085 1989 1719
f 2085 2214 1989
f 1832 2085 1719
f 1296 1095 1297
f 1296 1093 1095
f 1477 1297 1478
f 1477 1478 1720
f 1477 1296 1297
f 1718 1477 1720
f 1959 1720 1960
f 1959 1960 2124
f 1959 1718 1720
f 2122 1959 2124
f 2216 2124 2217
f 2216 2122 2124
f 2247 2217 2248
f 2247 2216 2217
f 2294 2248 2295
f 2294 2247 2248
f 2342 2294 2295
f 2342 2295 2344
f 2342 2344 2382
f 2380 2342 2382
f 2399 2380 2382
f 2399 2382 2400
f 2399 2400 2456
f 2454 2399 2456
f 2471 2456 2472
f 2471 2454 2456
f 2512 2472 2513
f 2512 2471 2472
f 2533 2513 2535
f 2533 2512 2513
f 2555 2535 2557
f 2555 2533 2535
f 2577 2557 2579
f 2577 2555 2557
f 2578 2579 2580
f 2578 2577 2579
f 2556 2580 2560
f 2556 2578 2580
f 2534 2560 2538
f 2534 2556 2560
f 2523 2538 2526
f 2523 2534 2538
f 2490 2526 2491
f 2490 2523 2526
f 2455 2491 2459
f 2455 2490 2491
f 2413 2459 2414
f 2413 2414 2384
f 2413 2455 2459
f 2381 2413 2384
f 2343 2384 2346
f 2343 2381 2384
f 2300 2346 2301
f 2300 2343 2346
f 2266 2301 2268
f 2266 2300 2301
f 2234 2268 2235
f 2234 2266 2268
f 2123 2235 2127
f 2123 2234 2235
f 1989 2127 1990
f 1989 1990 1723
f 1989 2123 2127
f 1719 1989 1723
f 1297 1095 1298
f 1478 1297 1298
f 1720 1478 1721
f 1961 1720 1721
f 1961 1960 1720
f 2124 1961 2125
f 2124 1960 1961
f 2218 2124 2125
f 2217 2124 2218
f 2248 2218 2249
f 2248 2217 2218
f 2296 2248 2249
f 2295 2248 2296
f 2336 2295 2296
f 2344 2295 2336
f 2382 2336 2360
f 2382 2344 2336
f 2400 2360 2401
f 2400 2382 2360
f 2448 2400 2401
f 2456 2400 2448
f 2472 2456 2448
f 2513 2472 2514
f 2535 2513 2514
f 2579 2557 2558
f 2580 2579 2558
f 2580 2558 2559
f 2560 2580 2559
f 2526 2538 2517
f 2475 2526 2517
f 2491 2526 2475
f 2459 2475 2449
f 2459 2491 2475
f 2402 2459 2449
f 2414 2459 2402
f 2383 2414 2402
f 2384 2414 2383
f 2346 2383 2345
f 2346 2384 2383
f 2297 2346 2345
f 2301 2346 2297
f 2267 2301 2297
f 2268 2301 2267
f 2235 2268 2267
f 475 472 516
f 451 472 475
f 451 432 472
f 518 475 516
f 518 516 581
f 412 432 451
f 412 408 432
f 605 518 581
f 605 581 664
f 363 408 412
f 363 360 408
f 684 605 664
f 842 684 664
f 343 360 363
f 343 331 360
f 841 684 842
f 1098 841 842
f 313 300 331
f 313 331 343
f 1097 841 1098
f 1334 1097 1098
f 299 274 300
f 299 300 313
f 1333 1097 1334
f 1541 1333 1334
f 273 241 274
f 273 274 299
f 1540 1333 1541
f 1723 1540 1541
f 231 241 273
f 254 231 273
f 1722 1540 1723
f 1990 1722 1723
f 1963 1722 1990
f 240 230 231
f 240 231 254
f 2127 1963 1990
f 210 230 240
f 2126 1963 2127
f 239 210 240
f 2235 2126 2127
f 229 210 239
f 2219 2126 2235
f 253 229 239
f 2267 2219 2235
f 238 229 253
f 2250 2219 2267
f 272 238 253
f 2297 2250 2267
f 271 238 272
f 2289 2250 2297
f 287 271 272
f 2345 2289 2297
f 298 271 287
f 2327 2289 2345
f 301 298 287
f 2383 2327 2345
f 330 298 301
f 2350 2327 2383
f 342 330 301
f 2402 2350 2383
f 359 330 342
f 2394 2350 2402
f 362 359 342
f 2449 2428 2394
f 2449 2394 2402
f 395 359 362
f 395 362 411
f 2475 2458 2428
f 2475 2428 2449
f 421 395 411
f 421 411 431
f 2517 2474 2458
f 2517 2458 2475
f 471 421 431
f 471 431 474
f 2538 2516 2474
f 2538 2474 2517
f 510 471 474
f 510 474 515
f 543 515 580
f 543 510 515
f 2560 2525 2516
f 2560 2516 2538
f 662 580 663
f 662 543 580
f 2559 2537 2525
f 2559 2525 2560
f 2536 2537 2559
f 809 662 663
f 809 663 810
f 2558 2536 2559
f 2524 2536 2558
f 1095 809 810
f 1095 810 1096
f 2557 2524 2558
f 2515 2524 2557
f 1298 1095 1096
f 1298 1096 1299
f 2535 2515 2557
f 1478 1298 1299
f 1478 1299 1479
f 2514 2473 2515
f 2514 2515 2535
f 1721 1478 1479
f 1721 1479 1676
f 2472 2457 2473
f 2472 2473 2514
f 2427 2457 2472
f 1961 1721 1676
f 1961 1676 1962
f 2448 2427 2472
f 2125 1962 2105
f 2125 1961 1962
f 2401 2349 2393
f 2401 2393 2427
f 2401 2427 2448
f 2218 2105 2181
f 2218 2125 2105
f 2360 2326 2349
f 2360 2349 2401
f 2249 2181 2241
f 2249 2218 2181
f 2336 2288 2326
f 2336 2326 2360
f 2296 2241 2288
f 2296 2288 2336
f 2296 2249 2241
f 1542 1723 1541
f 1335 1541 1334
f 1335 1542 1541
f 1098 1335 1334
f 665 842 664
f 581 665 664
f 582 665 581
f 517 581 516
f 517 582 581
f 472 517 516
f 473 517 472
f 422 473 472
f 422 472 432
f 396 432 408
f 396 422 432
f 360 396 408
f 361 396 360
f 314 360 331
f 314 361 360
f 300 314 331
f 255 300 274
f 241 255 274
f 211 230 210
f 211 231 230
f 209 210 229
f 238 209 229
f 238 228 209
f 252 238 271
f 252 228 238
f 298 252 271
f 286 252 298
f 312 298 330
f 312 286 298
f 359 312 330
f 353 312 359
f 395 353 359
f 394 353 395
f 420 395 421
f 420 394 395
f 471 420 421
f 465 420 471
f 510 465 471
f 509 465 510
f 543 509 510
f 644 543 662
f 643 543 644
f 809 644 662
f 809 643 644
f 1539 1719 1723
f 1539 1723 1542
f 1332 1542 1335
f 1332 1539 1542
f 1094 1335 1098
f 1094 1332 1335
f 840 1098 842
f 840 1094 1098
f 661 842 665
f 661 840 842
f 579 665 582
f 579 582 517
f 579 661 665
f 514 579 517
f 470 514 517
f 470 517 473
f 419 470 473
f 419 473 422
f 393 422 396
f 393 419 422
f 358 396 361
f 358 393 396
f 358 361 314
f 311 358 314
f 297 314 300
f 297 311 314
f 251 300 255
f 251 297 300
f 237 255 241
f 237 251 255
f 227 241 231
f 227 237 241
f 208 231 211
f 208 227 231
f 207 211 210
f 207 208 211
f 206 210 209
f 206 207 210
f 226 209 228
f 226 206 209
f 250 228 252
f 250 226 228
f 285 252 286
f 285 250 252
f 310 286 312
f 310 285 286
f 352 312 353
f 352 310 312
f 392 353 394
f 392 352 353
f 418 394 420
f 418 392 394
f 464 420 465
f 464 418 420
f 508 465 509
f 508 464 465
f 542 509 543
f 542 508 509
f 642 543 643
f 642 542 543
f 808 643 809
f 808 809 1095
f 808 642 643
f 1093 808 1095
f 1537 1832 1719
f 1537 1719 1539
f 1294 1539 1332
f 1294 1332 1094
f 1294 1537 1539
f 1008 1094 840
f 1008 1294 1094
f 758 840 661
f 758 1008 840
f 603 758 661
f 507 661 579
f 507 603 661
f 460 579 514
f 460 514 470
f 460 507 579
f 410 460 470
f 350 410 470
f 350 470 419
f 295 419 393
f 295 350 419
f 295 393 358
f 236 295 358
f 178 358 311
f 178 236 358
f 158 311 297
f 158 178 311
f 135 158 297
f 135 297 251
f 108 251 237
f 108 237 227
f 108 135 251
f 76 108 227
f 75 227 208
f 75 208 207
f 75 76 227
f 74 75 207
f 73 207 206
f 73 206 226
f 73 74 207
f 107 73 226
f 134 226 250
f 134 250 285
f 134 107 226
f 144 134 285
f 175 285 310
f 175 144 285
f 224 310 352
f 224 175 310
f 294 352 392
f 294 392 418
f 294 224 352
f 349 294 418
f 406 418 464
f 406 349 418
f 459 464 508
f 459 508 542
f 459 406 464
f 506 542 642
f 506 459 542
f 578 642 808
f 578 506 642
f 727 578 808
f 1007 808 1093
f 1007 727 808
f 1537 1833 1832
f 1538 1833 1537
f 1533 1829 1833
f 1533 1833 1538
f 1533 1830 1829
f 1534 1830 1533
f 1534 1895 1830
f 1534 1896 1895
f 1530 1894 1896
f 1530 1896 1534
f 1528 1893 1894
f 1528 1894 1530
f 1526 1892 1893
f 1526 1893 1528
f 1295 1537 1294
f 1295 1294 1008
f 1295 1538 1537
f 1290 1533 1538
f 1290 1538 1295
f 1291 1533 1290
f 1291 1534 1533
f 1289 1530 1534
f 1289 1534 1291
f 1288 1528 1530
f 1288 1530 1289
f 1287 1526 1528
f 1287 1528 1288
f 1005 1295 1008
f 1005 1290 1295
f 1005 1291 1290
f 1006 1291 1005
f 1004 1291 1006
f 1004 1289 1291
f 1002 1288 1289
f 1002 1289 1004
f 1003 1288 1002
f 1001 1287 1288
f 1001 1288 1003
f 759 1008 758
f 728 1008 759
f 724 1008 728
f 724 1005 1008
f 725 1005 724
f 725 1006 1005
f 722 1006 725
f 722 1004 1006
f 722 1002 1004
f 721 1002 722
f 721 1003 1002
f 721 1001 1003
f 720 1001 721
f 604 759 758
f 604 758 603
f 604 603 507
f 604 728 759
f 604 724 728
f 602 724 604
f 576 724 602
f 576 725 724
f 572 722 725
f 572 725 576
f 573 722 572
f 571 721 722
f 571 722 573
f 570 720 721
f 570 721 571
f 503 604 507
f 503 602 604
f 503 576 602
f 504 572 576
f 504 576 503
f 491 572 504
f 491 573 572
f 489 573 491
f 489 571 573
f 487 571 489
f 487 570 571
f 461 507 460
f 457 507 461
f 457 503 507
f 458 503 457
f 448 504 503
f 448 503 458
f 444 504 448
f 444 491 504
f 445 491 444
f 443 491 445
f 443 489 491
f 442 489 443
f 442 487 489
f 407 460 410
f 407 461 460
f 403 457 461
f 403 461 407
f 404 457 403
f 404 458 457
f 390 448 458
f 390 458 404
f 390 444 448
f 386 444 390
f 386 445 444
f 387 445 386
f 387 443 445
f 385 443 387
f 384 443 385
f 384 442 443
f 350 407 410
f 351 407 350
f 339 407 351
f 339 403 407
f 339 404 403
f 340 404 339
f 340 390 404
f 337 390 340
f 337 386 390
f 328 386 337
f 328 387 386
f 326 385 387
f 326 387 328
f 324 384 385
f 324 385 326
f 296 350 295
f 296 351 350
f 282 339 351
f 282 351 296
f 283 340 339
f 283 339 282
f 269 337 340
f 269 328 337
f 269 340 283
f 266 328 269
f 266 326 328
f 264 326 266
f 264 324 326
f 225 296 295
f 225 295 236
f 222 296 225
f 222 282 296
f 205 282 222
f 205 283 282
f 205 269 283
f 201 269 205
f 202 269 201
f 202 266 269
f 188 266 202
f 186 266 188
f 186 264 266
f 178 225 236
f 176 225 178
f 174 222 225
f 174 225 176
f 168 205 222
f 168 222 174
f 164 201 205
f 164 205 168
f 165 201 164
f 165 202 201
f 156 188 202
f 156 202 165
f 154 186 188
f 154 188 156
f 145 158 135
f 145 178 158
f 145 176 178
f 143 174 176
f 143 176 145
f 139 174 143
f 139 168 174
f 132 164 168
f 132 168 139
f 132 165 164
f 130 165 132
f 130 156 165
f 128 156 130
f 128 154 156
f 120 145 135
f 118 145 120
f 118 143 145
f 118 139 143
f 106 139 118
f 104 132 139
f 104 139 106
f 93 132 104
f 91 130 132
f 91 132 93
f 89 130 91
f 89 128 130
f 98 135 108
f 98 120 135
f 95 120 98
f 95 118 120
f 95 106 118
f 71 106 95
f 72 106 71
f 69 104 106
f 69 93 104
f 69 106 72
f 53 93 69
f 51 91 93
f 51 93 53
f 51 89 91
f 49 89 51
f 76 98 108
f 57 98 76
f 57 95 98
f 57 71 95
f 58 71 57
f 34 71 58
f 34 72 71
f 30 69 72
f 30 72 34
f 30 53 69
f 28 53 30
f 28 51 53
f 19 51 28
f 15 51 19
f 15 49 51
f 60 76 75
f 60 75 74
f 56 76 60
f 56 57 76
f 33 57 56
f 33 58 57
f 33 34 58
f 21 34 33
f 21 30 34
f 18 28 30
f 18 30 21
f 18 19 28
f 14 15 19
f 14 19 18
f 59 60 74
f 55 56 60
f 55 60 59
f 32 33 56
f 32 56 55
f 20 21 33
f 20 33 32
f 20 18 21
f 17 18 20
f 13 18 17
f 13 14 18
f 73 59 74
f 54 32 55
f 54 59 73
f 54 55 59
f 31 32 54
f 29 20 32
f 29 32 31
f 16 17 20
f 16 20 29
f 12 13 17
f 12 17 16
f 97 73 107
f 96 73 97
f 94 54 73
f 94 73 96
f 70 54 94
f 70 31 54
f 52 29 31
f 52 31 70
f 50 16 29
f 50 29 52
f 48 16 50
f 48 12 16
f 119 97 107
f 119 107 134
f 119 96 97
f 117 94 96
f 117 96 119
f 105 94 117
f 105 70 94
f 92 70 105
f 92 52 70
f 90 50 52
f 90 52 92
f 88 48 50
f 88 50 90
f 144 119 134
f 138 117 119
f 138 105 117
f 138 119 144
f 133 105 138
f 131 92 105
f 131 105 133
f 131 90 92
f 129 90 131
f 116 90 129
f 115 88 90
f 115 90 116
f 173 138 144
f 173 144 175
f 167 138 173
f 166 138 167
f 166 133 138
f 157 133 166
f 157 131 133
f 155 131 157
f 155 129 131
f 155 116 129
f 155 115 116
f 153 115 155
f 223 175 224
f 223 224 294
f 204 173 175
f 204 175 223
f 204 167 173
f 203 166 167
f 203 167 204
f 189 157 166
f 189 166 203
f 189 155 157
f 187 155 189
f 187 153 155
f 185 153 187
f 284 223 294
f 284 204 223
f 281 204 284
f 270 204 281
f 270 203 204
f 268 189 203
f 268 203 270
f 267 189 268
f 265 189 267
f 265 187 189
f 249 187 265
f 248 187 249
f 248 185 187
f 341 294 349
f 341 284 294
f 338 284 341
f 338 281 284
f 329 281 338
f 329 270 281
f 329 268 270
f 327 268 329
f 327 267 268
f 327 265 267
f 325 265 327
f 325 249 265
f 309 249 325
f 309 248 249
f 308 248 309
f 405 341 349
f 405 349 406
f 391 341 405
f 391 338 341
f 389 338 391
f 388 338 389
f 388 329 338
f 370 327 329
f 370 329 388
f 370 325 327
f 369 325 370
f 369 309 325
f 368 308 309
f 368 309 369
f 450 406 459
f 450 391 405
f 450 405 406
f 449 391 450
f 449 389 391
f 447 389 449
f 447 388 389
f 446 388 447
f 430 388 446
f 430 370 388
f 429 370 430
f 429 369 370
f 428 369 429
f 428 368 369
f 505 449 450
f 505 459 506
f 505 450 459
f 494 449 505
f 493 447 449
f 493 449 494
f 492 447 493
f 492 446 447
f 490 430 446
f 490 446 492
f 490 429 430
f 488 429 490
f 479 429 488
f 479 428 429
f 478 428 479
f 578 505 506
f 577 494 505
f 577 493 494
f 577 505 578
f 575 493 577
f 575 492 493
f 574 492 575
f 541 492 574
f 541 490 492
f 540 490 541
f 539 490 540
f 538 490 539
f 538 488 490
f 538 479 488
f 537 479 538
f 537 478 479
f 726 727 1007
f 726 577 578
f 726 578 727
f 726 1007 947
f 723 575 577
f 723 577 726
f 723 726 947
f 723 574 575
f 683 574 723
f 683 723 947
f 683 947 946
f 683 946 945
f 683 541 574
f 682 540 541
f 682 683 945
f 682 541 683
f 681 539 540
f 681 682 945
f 681 540 682
f 681 538 539
f 681 945 944
f 680 538 681
f 680 944 943
f 680 681 944
f 680 537 538
f 680 943 942
f 679 537 680
f 679 680 942
f 1519 1883 1892
f 1519 1892 1526
f 1519 1526 1287
f 1282 1519 1287
f 996 1287 1001
f 996 1001 720
f 996 1282 1287
f 719 996 720
f 569 720 570
f 569 719 720
f 486 570 487
f 486 487 442
f 486 569 570
f 441 486 442
f 383 441 442
f 383 442 384
f 323 383 384
f 323 384 324
f 263 323 324
f 263 324 264
f 184 264 186
f 184 263 264
f 152 186 154
f 152 184 186
f 127 154 128
f 127 128 89
f 127 152 154
f 87 89 49
f 87 127 89
f 47 87 49
f 11 49 15
f 11 47 49
f 10 15 14
f 10 11 15
f 9 14 13
f 9 10 14
f 8 13 12
f 8 9 13
f 46 12 48
f 46 48 88
f 46 8 12
f 86 88 115
f 86 46 88
f 114 86 115
f 151 115 153
f 151 114 115
f 183 153 185
f 183 151 153
f 247 185 248
f 247 248 308
f 247 183 185
f 307 247 308
f 367 308 368
f 367 368 428
f 367 307 308
f 427 367 428
f 477 428 478
f 477 478 537
f 477 427 428
f 536 537 679
f 536 477 537
f 676 536 679
f 920 679 942
f 920 676 679
f 1519 1871 1883
f 1503 1800 1801
f 1512 1871 1519
f 1512 1870 1871
f 1510 1869 1870
f 1510 1870 1512
f 1508 1868 1869
f 1508 1869 1510
f 1508 1867 1868
f 1508 1807 1867
f 1507 1807 1508
f 1507 1806 1807
f 1504 1806 1507
f 1504 1801 1806
f 1504 1503 1801
f 1276 1519 1282
f 1276 1512 1519
f 1275 1512 1276
f 1275 1510 1512
f 1275 1508 1510
f 1274 1508 1275
f 1274 1507 1508
f 1273 1507 1274
f 1272 1507 1273
f 1272 1504 1507
f 1272 1503 1504
f 1272 1271 1503
f 985 1282 996
f 985 1276 1282
f 985 1275 1276
f 984 1275 985
f 983 1275 984
f 983 1274 1275
f 982 1274 983
f 982 1273 1274
f 980 1272 1273
f 980 1273 982
f 980 1271 1272
f 709 985 996
f 709 996 719
f 709 719 569
f 708 984 985
f 708 985 709
f 707 984 708
f 707 983 984
f 707 982 983
f 706 982 707
f 702 982 706
f 702 980 982
f 745 980 702
f 745 744 980
f 745 595 744
f 562 709 569
f 561 708 709
f 561 709 562
f 560 708 561
f 559 707 708
f 559 708 560
f 559 706 707
f 597 706 559
f 596 702 706
f 596 745 702
f 596 706 597
f 596 595 745
f 485 562 569
f 485 569 486
f 484 562 485
f 484 561 562
f 484 560 561
f 502 560 484
f 502 559 560
f 501 559 502
f 501 597 559
f 500 597 501
f 500 596 597
f 500 595 596
f 440 486 441
f 440 485 486
f 439 485 440
f 439 484 485
f 438 484 439
f 437 502 484
f 437 484 438
f 437 501 502
f 456 501 437
f 455 500 501
f 455 501 456
f 454 500 455
f 454 453 500
f 382 441 383
f 382 383 323
f 382 440 441
f 381 440 382
f 381 439 440
f 380 438 439
f 380 437 438
f 380 439 381
f 379 437 380
f 402 456 437
f 402 437 379
f 401 456 402
f 401 455 456
f 400 454 455
f 400 455 401
f 400 453 454
f 400 409 453
f 400 347 409
f 322 382 323
f 321 382 322
f 319 382 321
f 319 381 382
f 319 380 381
f 336 380 319
f 335 380 336
f 335 379 380
f 335 402 379
f 334 402 335
f 334 401 402
f 348 401 334
f 348 400 401
f 347 400 348
f 262 323 263
f 262 322 323
f 262 321 322
f 261 319 321
f 261 321 262
f 261 336 319
f 280 335 336
f 280 336 261
f 280 334 335
f 279 334 280
f 279 348 334
f 293 348 279
f 293 347 348
f 293 292 347
f 293 235 292
f 182 262 263
f 182 263 184
f 182 184 152
f 180 262 182
f 180 261 262
f 200 261 180
f 199 261 200
f 198 261 199
f 198 280 261
f 198 279 280
f 221 279 198
f 220 279 221
f 220 293 279
f 220 235 293
f 150 182 152
f 150 180 182
f 148 200 180
f 148 180 150
f 163 200 148
f 163 199 200
f 162 198 199
f 162 199 163
f 161 198 162
f 161 221 198
f 172 221 161
f 170 220 221
f 170 221 172
f 177 235 220
f 177 220 170
f 126 152 127
f 126 127 87
f 126 150 152
f 125 148 150
f 125 150 126
f 125 163 148
f 125 162 163
f 137 161 162
f 137 162 125
f 137 172 161
f 142 172 137
f 141 170 172
f 141 172 142
f 141 177 170
f 141 146 177
f 85 126 87
f 83 126 85
f 83 125 126
f 103 125 83
f 102 137 125
f 102 125 103
f 112 137 102
f 112 142 137
f 110 141 142
f 110 142 112
f 122 146 141
f 122 141 110
f 45 87 47
f 45 85 87
f 43 83 85
f 43 85 45
f 68 103 83
f 68 102 103
f 68 83 43
f 67 102 68
f 66 102 67
f 81 112 102
f 81 102 66
f 79 110 112
f 79 112 81
f 79 122 110
f 79 100 122
f 7 47 11
f 7 45 47
f 27 45 7
f 27 43 45
f 27 68 43
f 27 67 68
f 25 67 27
f 41 67 25
f 41 66 67
f 40 66 41
f 40 81 66
f 64 81 40
f 64 79 81
f 64 100 79
f 6 11 10
f 6 10 9
f 6 7 11
f 3 27 7
f 3 7 6
f 24 25 27
f 24 41 25
f 24 27 3
f 24 40 41
f 39 64 40
f 39 40 24
f 36 64 39
f 36 63 64
f 36 62 63
f 5 6 9
f 2 3 6
f 2 6 5
f 23 24 3
f 23 3 2
f 38 24 23
f 38 39 24
f 35 39 38
f 35 36 39
f 35 62 36
f 4 9 8
f 4 5 9
f 4 2 5
f 1 2 4
f 26 2 1
f 22 2 26
f 22 23 2
f 37 23 22
f 37 38 23
f 37 35 38
f 61 35 37
f 61 62 35
f 44 4 8
f 44 8 46
f 42 1 4
f 42 4 44
f 42 26 1
f 65 22 26
f 65 26 42
f 65 37 22
f 80 37 65
f 77 37 80
f 77 61 37
f 78 61 77
f 78 99 61
f 84 44 46
f 84 46 86
f 84 42 44
f 82 42 84
f 101 42 82
f 101 65 42
f 111 80 65
f 111 65 101
f 109 78 77
f 109 80 111
f 109 77 80
f 109 99 78
f 109 121 99
f 113 86 114
f 113 84 86
f 113 82 84
f 124 82 113
f 123 101 82
f 123 82 124
f 136 101 123
f 136 111 101
f 140 109 111
f 140 111 136
f 140 121 109
f 149 113 114
f 149 114 151
f 147 124 113
f 147 113 149
f 147 123 124
f 159 123 147
f 159 136 123
f 160 136 159
f 171 136 160
f 169 140 136
f 169 136 171
f 181 151 183
f 181 183 247
f 181 149 151
f 179 147 149
f 179 149 181
f 196 159 147
f 196 147 179
f 197 160 159
f 197 159 196
f 197 171 160
f 218 171 197
f 218 169 171
f 218 219 169
f 246 181 247
f 259 179 181
f 259 181 246
f 260 179 259
f 258 196 179
f 258 179 260
f 258 197 196
f 278 197 258
f 277 197 278
f 277 218 197
f 277 219 218
f 277 291 219
f 306 247 307
f 306 246 247
f 320 246 306
f 318 246 320
f 318 259 246
f 318 260 259
f 318 258 260
f 317 258 318
f 333 278 258
f 333 258 317
f 333 277 278
f 332 277 333
f 332 291 277
f 332 346 291
f 366 306 307
f 366 307 367
f 366 320 306
f 364 318 320
f 364 320 366
f 365 318 364
f 365 317 318
f 377 317 365
f 377 333 317
f 378 333 377
f 376 332 333
f 376 333 378
f 398 346 332
f 398 399 346
f 398 332 376
f 426 367 427
f 426 427 477
f 426 366 367
f 424 364 366
f 424 366 426
f 425 364 424
f 425 365 364
f 425 377 365
f 435 377 425
f 435 378 377
f 436 378 435
f 433 376 378
f 433 378 436
f 434 398 376
f 434 399 398
f 434 376 433
f 434 452 399
f 476 426 477
f 483 424 426
f 483 425 424
f 483 426 476
f 481 425 483
f 481 435 425
f 481 436 435
f 482 436 481
f 480 433 436
f 480 436 482
f 498 434 433
f 498 452 434
f 498 433 480
f 498 499 452
f 535 476 477
f 535 477 536
f 535 536 676
f 533 476 535
f 533 483 476
f 534 483 533
f 532 481 483
f 532 483 534
f 557 481 532
f 558 481 557
f 558 482 481
f 555 482 558
f 555 480 482
f 556 480 555
f 556 498 480
f 556 499 498
f 675 676 920
f 675 920 919
f 675 535 676
f 673 533 535
f 673 919 918
f 673 675 919
f 673 535 675
f 674 533 673
f 674 673 918
f 674 534 533
f 672 532 534
f 672 674 918
f 672 534 674
f 672 918 915
f 672 557 532
f 672 915 916
f 703 558 557
f 703 672 916
f 703 557 672
f 700 555 558
f 700 703 916
f 700 916 979
f 700 558 703
f 700 556 555
f 700 979 701
f 700 701 556
f 701 979 1078
f 701 1078 798
f 556 798 638
f 556 701 798
f 499 531 497
f 499 638 531
f 499 556 638
f 452 497 463
f 452 499 497
f 399 452 463
f 346 463 416
f 346 399 463
f 291 374 345
f 291 416 374
f 291 346 416
f 219 291 345
f 169 219 345
f 169 345 304
f 140 169 304
f 140 276 244
f 140 304 276
f 121 140 244
f 99 121 244
f 99 244 216
f 61 216 193
f 61 99 216
f 62 61 193
f 62 193 194
f 63 194 195
f 63 62 194
f 64 195 217
f 64 63 195
f 100 217 234
f 100 64 217
f 122 234 245
f 122 100 234
f 146 290 305
f 146 245 290
f 146 122 245
f 177 146 305
f 235 305 357
f 235 177 305
f 292 357 375
f 292 235 357
f 347 417 469
f 347 375 417
f 347 292 375
f 409 347 469
f 453 513 554
f 453 469 513
f 453 409 469
f 500 453 554
f 595 657 829
f 595 554 657
f 595 500 554
f 744 595 829
f 980 829 1079
f 980 744 829
f 1271 1320 1500
f 1271 1079 1320
f 1271 980 1079
f 1503 1271 1500
f 1800 1500 1707
f 1800 1503 1500
f 1694 1707 1500
f 1493 1500 1320
f 1493 1694 1500
f 1310 1320 1079
f 1310 1493 1320
f 1065 1079 829
f 1065 1310 1079
f 821 829 657
f 821 1065 829
f 652 657 554
f 652 821 657
f 553 554 513
f 553 652 554
f 512 513 469
f 512 553 513
f 468 512 469
f 468 469 417
f 415 468 417
f 415 417 375
f 373 375 357
f 373 415 375
f 356 357 305
f 356 373 357
f 303 305 290
f 303 356 305
f 289 290 245
f 289 303 290
f 243 289 245
f 233 245 234
f 233 234 217
f 233 243 245
f 215 233 217
f 192 217 195
f 192 215 217
f 191 195 194
f 191 192 195
f 190 194 193
f 190 191 194
f 212 193 216
f 212 190 193
f 242 216 244
f 242 212 216
f 275 244 276
f 275 242 244
f 302 276 304
f 302 275 276
f 344 304 345
f 344 302 304
f 371 345 374
f 371 344 345
f 413 374 416
f 413 371 374
f 462 416 463
f 462 413 416
f 495 463 497
f 495 462 463
f 526 497 531
f 526 495 497
f 629 531 638
f 629 526 531
f 780 638 798
f 780 798 1078
f 780 629 638
f 1050 780 1078
f 1492 1694 1493
f 1310 1492 1493
f 1309 1492 1310
f 1065 1309 1310
f 651 821 652
f 552 652 553
f 552 651 652
f 512 552 553
f 511 552 512
f 467 512 468
f 467 511 512
f 415 467 468
f 423 467 415
f 373 423 415
f 397 423 373
f 355 373 356
f 355 397 373
f 303 355 356
f 316 355 303
f 289 316 303
f 257 289 243
f 233 257 243
f 192 214 215
f 191 214 192
f 213 191 190
f 232 190 212
f 232 213 190
f 242 232 212
f 256 232 242
f 288 242 275
f 288 256 242
f 302 288 275
f 302 315 288
f 354 302 344
f 354 315 302
f 372 344 371
f 372 354 344
f 413 372 371
f 414 372 413
f 462 414 413
f 466 414 462
f 496 462 495
f 496 466 462
f 526 496 495
f 630 526 629
f 645 526 630
f 780 630 629
f 780 645 630
f 669 467 423
f 669 423 397
f 669 765 467
f 820 552 511
f 820 511 467
f 820 467 765
f 650 669 397
f 896 552 820
f 620 397 355
f 620 355 316
f 620 650 397
f 1064 651 552
f 1064 552 896
f 588 620 316
f 1157 1065 821
f 1157 821 651
f 1157 651 1064
f 551 316 289
f 551 588 316
f 1260 1065 1157
f 530 551 289
f 530 289 257
f 1354 1492 1309
f 1354 1309 1065
f 1354 1065 1260
f 525 530 257
f 525 257 233
f 1429 1492 1354
f 524 525 233
f 524 233 215
f 1554 1492 1429
f 1554 1694 1492
f 1620 1694 1554
f 1620 1970 1694
f 522 524 215
f 522 215 214
f 522 214 191
f 1739 1970 1620
f 1739 2112 1970
f 521 522 191
f 1851 2112 1739
f 1851 2224 2112
f 520 521 191
f 520 191 213
f 1940 2224 1851
f 1940 2292 2251
f 1940 2251 2224
f 519 520 213
f 519 213 232
f 2023 2292 1940
f 527 519 232
f 527 232 256
f 2089 2292 2023
f 2089 2338 2292
f 544 527 256
f 544 256 288
f 2111 2362 2338
f 2111 2338 2089
f 583 544 288
f 583 288 315
f 2397 2362 2111
f 2397 2111 2139
f 354 615 583
f 354 583 315
f 2430 2397 2139
f 2430 2163 2191
f 2430 2139 2163
f 372 631 615
f 372 615 354
f 2461 2430 2191
f 414 666 631
f 414 631 372
f 2494 2461 2191
f 2494 2223 2240
f 2494 2191 2223
f 466 729 666
f 466 666 414
f 2528 2494 2240
f 496 781 729
f 496 877 781
f 496 729 466
f 2542 2528 2240
f 2542 2240 2239
f 526 877 496
f 2541 2542 2239
f 2541 2238 2237
f 2541 2239 2238
f 645 877 526
f 645 1009 877
f 645 1139 1009
f 2540 2541 2237
f 2540 2237 2236
f 780 1209 1139
f 780 1139 645
f 1050 1209 780
f 1050 1336 1209
f 2539 2540 2236
f 1251 1336 1050
f 1251 1416 1336
f 2527 2539 2236
f 2527 2236 2221
f 1446 1416 1251
f 2493 2527 2221
f 2493 2220 2184
f 2493 2221 2220
f 1678 1416 1446
f 1678 1480 1416
f 2460 2493 2184
f 1929 1480 1678
f 1929 1605 1480
f 2429 2460 2184
f 2429 2148 2136
f 2429 2184 2148
f 2107 1605 1929
f 2107 1679 1605
f 2396 2429 2136
f 2396 2136 2108
f 2351 2108 2047
f 2351 2396 2108
f 2183 1679 2107
f 2183 1834 1679
f 2183 1930 1834
f 2243 1930 2183
f 2328 2351 2047
f 2291 1991 1930
f 2291 2047 1991
f 2291 1930 2243
f 2291 2328 2047
f 1605 1606 1480
f 1679 1606 1605
f 1930 1931 1834
f 1991 1931 1930
f 2047 2048 1991
f 2108 2048 2047
f 2148 2149 2136
f 2184 2149 2148
f 2184 2159 2149
f 2220 2159 2184
f 2220 2185 2159
f 2221 2185 2220
f 2240 2222 2239
f 2223 2222 2240
f 2163 2152 2191
f 2139 2152 2163
f 2089 2057 2111
f 2023 1999 2057
f 2023 2057 2089
f 1940 1999 2023
f 1851 1850 1940
f 1738 1850 1851
f 1739 1738 1851
f 1620 1738 1739
f 1554 1491 1620
f 2049 2097 2071
f 2087 2097 2049
f 2087 2120 2097
f 2109 2120 2087
f 2128 2134 2120
f 2128 2120 2109
f 2137 2146 2134
f 2137 2134 2128
f 2150 2146 2137
f 2150 2157 2146
f 2150 2174 2157
f 2160 2174 2150
f 2161 2174 2160
f 2161 2175 2174
f 2161 2202 2175
f 2186 2202 2161
f 2187 2202 2186
f 2187 2203 2202
f 2188 2203 2187
f 2188 2204 2203
f 2188 2205 2204
f 2189 2205 2188
f 2189 2206 2205
f 2190 2206 2189
f 2162 2176 2206
f 2162 2206 2190
f 2151 2158 2176
f 2151 2176 2162
f 2151 2147 2158
f 2138 2147 2151
f 2129 2135 2147
f 2129 2147 2138
f 2129 2121 2135
f 2110 2121 2129
f 1848 1818 1782
f 1848 1881 1818
f 1848 1926 1881
f 1910 1926 1848
f 1937 1956 1926
f 1937 1926 1910
f 1938 1957 1956
f 1938 1956 1937
f 1967 1986 1957
f 1967 1957 1938
f 1996 2014 1986
f 1996 1986 1967
f 1997 2014 1996
f 1997 2015 2014
f 2019 2015 1997
f 2019 2040 2015
f 2020 2040 2019
f 2020 2041 2040
f 2020 2073 2041
f 2051 2073 2020
f 2051 2074 2073
f 2052 2074 2051
f 2052 2075 2074
f 2053 2075 2052
f 2054 2075 2053
f 2054 2076 2075
f 2055 2076 2054
f 2055 2077 2076
f 2055 2078 2077
f 2056 2078 2055
f 2021 2042 2078
f 2021 2078 2056
f 2022 2043 2042
f 2022 2042 2021
f 2022 2016 2043
f 1998 2016 2022
f 1968 1987 2016
f 1968 2016 1998
f 1969 1988 1987
f 1969 1987 1968
f 1939 1958 1988
f 1939 1988 1969
f 1911 1958 1939
f 1911 1927 1958
f 667 677 659
f 667 659 647
f 691 716 677
f 691 677 667
f 692 717 716
f 692 716 691
f 733 756 717
f 733 717 692
f 762 777 756
f 762 756 733
f 763 778 777
f 763 777 762
f 784 778 763
f 784 804 778
f 784 805 804
f 785 805 784
f 785 835 805
f 814 835 785
f 815 835 814
f 815 836 835
f 816 836 815
f 816 837 836
f 848 837 816
f 848 867 837
f 849 867 848
f 849 868 867
f 849 869 868
f 850 869 849
f 850 838 869
f 817 838 850
f 818 838 817
f 818 839 838
f 786 806 839
f 786 839 818
f 787 807 806
f 787 806 786
f 764 779 807
f 764 807 787
f 734 757 779
f 734 779 764
f 693 718 757
f 693 757 734
f 1109 1173 1132
f 1154 1173 1109
f 1189 1199 1173
f 1189 1173 1154
f 1220 1235 1199
f 1220 1199 1189
f 1258 1277 1235
f 1258 1235 1220
f 1306 1277 1258
f 1306 1321 1277
f 1307 1321 1306
f 1307 1322 1321
f 1307 1360 1322
f 1347 1360 1307
f 1347 1361 1360
f 1348 1361 1347
f 1348 1362 1361
f 1349 1362 1348
f 1349 1363 1362
f 1350 1363 1349
f 1351 1363 1350
f 1351 1364 1363
f 1352 1365 1364
f 1352 1366 1365
f 1352 1364 1351
f 1353 1366 1352
f 1308 1328 1366
f 1308 1366 1353
f 1308 1281 1328
f 1259 1281 1308
f 1221 1238 1281
f 1221 1239 1238
f 1221 1281 1259
f 1222 1239 1221
f 1190 1202 1239
f 1190 1239 1222
f 1155 1202 1190
f 1155 1176 1202
f 1607 1593 1570
f 1607 1629 1593
f 1640 1665 1629
f 1640 1629 1607
f 1680 1709 1665
f 1680 1665 1640
f 1724 1755 1709
f 1724 1709 1680
f 1725 1756 1755
f 1725 1755 1724
f 1765 1812 1756
f 1765 1756 1725
f 1835 1812 1765
f 1835 1872 1812
f 1835 1873 1872
f 1836 1873 1835
f 1897 1873 1836
f 1897 1916 1873
f 1898 1916 1897
f 1898 1917 1916
f 1899 1917 1898
f 1899 1918 1917
f 1899 1919 1918
f 1900 1919 1899
f 1900 1920 1919
f 1901 1920 1900
f 1902 1921 1920
f 1902 1920 1901
f 1837 1879 1921
f 1837 1921 1902
f 1838 1880 1879
f 1838 1816 1880
f 1838 1879 1837
f 1766 1816 1838
f 1767 1817 1816
f 1767 1759 1817
f 1767 1816 1766
f 1726 1759 1767
f 1726 1712 1759
f 1681 1712 1726
f 1682 1713 1712
f 1682 1712 1681
f 1641 1668 1713
f 1641 1713 1682
f 878 921 863
f 878 863 843
f 948 986 921
f 948 921 878
f 1010 1039 986
f 1010 986 948
f 1051 1081 1039
f 1051 1039 1010
f 1099 1081 1051
f 1099 1124 1081
f 1100 1124 1099
f 1100 1125 1124
f 1141 1125 1100
f 1141 1166 1125
f 1142 1166 1141
f 1142 1167 1166
f 1143 1167 1142
f 1143 1168 1167
f 1144 1168 1143
f 1144 1169 1168
f 1145 1169 1144
f 1145 1170 1169
f 1146 1171 1170
f 1146 1170 1145
f 1147 1172 1171
f 1147 1171 1146
f 1101 1130 1172
f 1101 1172 1147
f 1102 1131 1130
f 1102 1130 1101
f 1052 1084 1131
f 1052 1131 1102
f 1053 1085 1084
f 1053 1084 1052
f 1011 1043 1085
f 1011 1085 1053
f 1011 989 1043
f 949 989 1011
f 949 924 989
f 879 924 949
f 1300 1329 1283
f 1300 1283 1252
f 1337 1367 1329
f 1337 1329 1300
f 1338 1368 1367
f 1338 1367 1337
f 1373 1368 1338
f 1373 1384 1368
f 1374 1384 1373
f 1374 1385 1384
f 1375 1385 1374
f 1375 1386 1385
f 1376 1386 1375
f 1376 1387 1386
f 1339 1369 1387
f 1339 1387 1376
f 1340 1370 1369
f 1340 1369 1339
f 1340 1330 1370
f 1301 1330 1340
f 1456 1524 1490
f 1456 1476 1524
f 1428 1445 1476
f 1428 1476 1456
f 1403 1445 1428
f 1403 1415 1445
f 1402 1415 1403
f 1402 1414 1415
f 1401 1414 1402
f 1401 1413 1414
f 1400 1413 1401
f 1400 1412 1413
f 1399 1411 1412
f 1399 1412 1400
f 1427 1444 1411
f 1427 1411 1399
f 1427 1475 1444
f 1455 1475 1427
f 966 967 896
f 1024 896 967
f 895 896 819
f 895 966 896
f 1024 1064 896
f 1063 1064 1024
f 894 895 819
f 857 819 765
f 857 894 819
f 1110 1064 1063
f 856 857 765
f 1110 1156 1064
f 1155 1156 1110
f 855 765 694
f 855 856 765
f 854 855 694
f 1190 1260 1156
f 1190 1156 1155
f 1222 1260 1190
f 853 694 649
f 853 854 694
f 1221 1260 1222
f 1259 1354 1260
f 1259 1260 1221
f 852 649 619
f 852 853 649
f 1308 1354 1259
f 617 530 608
f 617 551 530
f 587 608 530
f 618 551 617
f 587 530 529
f 633 551 618
f 586 587 529
f 633 609 551
f 550 586 529
f 648 609 633
f 549 529 523
f 549 550 529
f 648 619 609
f 668 619 648
f 693 852 619
f 693 619 668
f 548 549 523
f 693 851 852
f 734 893 851
f 734 851 693
f 547 523 522
f 547 548 523
f 734 892 893
f 546 547 522
f 1428 1308 1353
f 1428 1429 1354
f 1428 1354 1308
f 1403 1428 1353
f 1402 1403 1353
f 1456 1429 1428
f 764 965 892
f 764 892 734
f 1402 1353 1352
f 1456 1491 1429
f 1402 1352 1351
f 1490 1491 1456
f 764 964 965
f 545 546 522
f 1401 1402 1351
f 521 545 522
f 1489 1491 1490
f 1489 1620 1491
f 1401 1351 1350
f 787 964 764
f 1553 1620 1489
f 1400 1401 1350
f 585 545 521
f 1553 1738 1620
f 1400 1350 1349
f 1399 1400 1349
f 1427 1399 1349
f 584 585 521
f 1427 1349 1348
f 520 584 521
f 607 584 520
f 1108 1109 1061
f 1060 1108 1061
f 1060 1062 1023
f 1060 1061 1062
f 1153 1109 1108
f 1153 1154 1109
f 1022 1060 1023
f 1022 1023 964
f 1188 1189 1154
f 1188 1220 1189
f 1188 1154 1153
f 1021 787 786
f 1021 1022 964
f 1021 964 787
f 1219 1258 1220
f 1219 1220 1188
f 963 786 818
f 963 1021 786
f 1305 1306 1258
f 1305 1258 1219
f 616 607 520
f 1693 1553 1552
f 1651 1552 1583
f 1651 1693 1552
f 1693 1738 1553
f 891 818 817
f 891 963 818
f 1346 1306 1305
f 1346 1307 1306
f 1650 1651 1583
f 1737 1738 1693
f 1650 1583 1582
f 1619 1650 1582
f 1783 1850 1738
f 1783 1738 1737
f 528 616 520
f 890 817 850
f 890 891 817
f 1382 1347 1307
f 1382 1348 1347
f 1382 1307 1346
f 1619 1582 1581
f 632 616 528
f 1618 1581 1551
f 1618 1619 1581
f 1849 1850 1783
f 1618 1551 1550
f 1911 1940 1850
f 1911 1850 1849
f 888 890 850
f 888 850 849
f 1398 1427 1348
f 1398 1348 1382
f 1580 1618 1550
f 1580 1550 1488
f 1939 1940 1911
f 848 888 849
f 1426 1427 1398
f 1426 1455 1427
f 1579 1580 1488
f 1454 1455 1426
f 1454 1488 1455
f 847 848 816
f 847 816 815
f 1999 1940 1939
f 527 647 632
f 527 632 528
f 1578 1579 1488
f 1578 1488 1454
f 1969 1999 1939
f 1968 1999 1969
f 1549 1578 1454
f 1549 1617 1578
f 846 847 815
f 846 814 785
f 846 815 814
f 1616 1617 1549
f 1998 1999 1968
f 1577 1616 1549
f 845 846 785
f 845 785 784
f 1615 1616 1577
f 2057 1999 1998
f 2057 1998 2022
f 1614 1615 1577
f 1614 1649 1615
f 883 845 784
f 883 763 762
f 883 784 763
f 1648 1649 1614
f 2021 2057 2022
f 2056 2057 2021
f 1647 1648 1614
f 881 762 733
f 881 883 762
f 1692 1648 1647
f 2111 2056 2055
f 2111 2057 2056
f 1691 1692 1647
f 2054 2111 2055
f 1736 1692 1691
f 1735 1736 1691
f 1782 1736 1735
f 761 691 667
f 783 692 691
f 783 691 761
f 761 667 647
f 783 733 692
f 732 761 647
f 813 881 733
f 813 733 783
f 731 732 647
f 731 527 544
f 731 647 527
f 813 880 881
f 690 544 606
f 690 731 544
f 844 950 880
f 844 880 813
f 1734 1782 1735
f 1734 1848 1782
f 2139 2111 2054
f 2139 2053 2052
f 2139 2054 2053
f 689 690 606
f 879 1013 950
f 879 950 844
f 689 606 615
f 688 689 615
f 949 1013 879
f 1781 1848 1734
f 1781 1910 1848
f 1012 1013 949
f 687 688 615
f 1011 1012 949
f 1780 1937 1910
f 1780 1910 1781
f 1053 1012 1011
f 2152 2052 2051
f 2152 2139 2052
f 646 687 615
f 686 687 646
f 1847 1937 1780
f 1847 1938 1937
f 1103 1053 1052
f 685 686 646
f 1102 1103 1052
f 1148 1103 1102
f 1101 1148 1102
f 2191 2051 2020
f 2191 2152 2051
f 666 685 646
f 666 730 685
f 1147 1148 1101
f 1183 1148 1147
f 760 730 666
f 1146 1183 1147
f 1214 1183 1146
f 1145 1214 1146
f 1995 1847 1846
f 1995 1846 1994
f 1966 1846 1909
f 1966 1994 1846
f 2018 1938 1847
f 2018 1847 1995
f 1144 1214 1145
f 1936 1909 1908
f 1936 1966 1909
f 2018 1967 1938
f 2223 2191 2020
f 729 782 760
f 729 760 666
f 1254 1214 1144
f 2050 1967 2018
f 1935 1936 1908
f 1935 1908 1907
f 2050 1996 1967
f 812 782 729
f 2088 1996 2050
f 2088 1997 1996
f 1906 1935 1907
f 1906 1907 1842
f 2088 2019 1997
f 1905 1906 1842
f 2110 2223 2020
f 2110 2019 2088
f 2110 2020 2019
f 2129 2223 2110
f 1905 1842 1840
f 1904 1905 1840
f 2222 2223 2129
f 811 843 812
f 811 812 729
f 2138 2222 2129
f 1904 1840 1839
f 1213 1143 1142
f 1212 1213 1142
f 1253 1144 1143
f 1253 1143 1213
f 1182 1212 1142
f 1903 1904 1839
f 1182 1142 1141
f 1253 1254 1144
f 1253 1341 1254
f 1181 1182 1141
f 1301 1341 1253
f 1934 1903 1839
f 1934 1839 1769
f 1181 1141 1100
f 1301 1377 1341
f 1340 1377 1301
f 1180 1181 1100
f 1933 1934 1769
f 1482 1483 1451
f 1450 1482 1451
f 1450 1451 1422
f 1544 1483 1482
f 2239 2222 2138
f 2239 2138 2151
f 877 843 811
f 877 878 843
f 877 948 878
f 1449 1422 1393
f 1449 1450 1422
f 1544 1571 1483
f 1180 1100 1099
f 2162 2239 2151
f 1933 1769 1768
f 1421 1449 1393
f 1420 1377 1340
f 1420 1393 1377
f 1420 1421 1393
f 1179 1180 1099
f 1179 1099 1051
f 1608 1609 1571
f 1932 1933 1768
f 1211 1179 1051
f 1419 1340 1339
f 1419 1420 1340
f 1641 1642 1609
f 1641 1609 1608
f 1965 1932 1768
f 1965 1768 1727
f 1392 1419 1339
f 1392 1339 1376
f 1391 1392 1376
f 1682 1642 1641
f 1682 1683 1642
f 1964 1965 1727
f 2238 2162 2190
f 2238 2239 2162
f 1009 948 877
f 1009 1211 1051
f 1009 1010 948
f 1009 1051 1010
f 1391 1376 1375
f 1681 1683 1682
f 1390 1391 1375
f 1726 1684 1683
f 1726 1683 1681
f 1418 1375 1374
f 1418 1390 1375
f 1726 1727 1684
f 1767 1727 1726
f 1767 1993 1964
f 1767 1964 1727
f 2237 2189 2188
f 2237 2190 2189
f 2237 2238 2190
f 1140 1211 1009
f 1140 1210 1211
f 1140 1252 1210
f 1417 1418 1374
f 1417 1374 1373
f 1766 1993 1767
f 1766 1992 1993
f 1417 1373 1338
f 1838 1992 1766
f 1838 2017 1992
f 1448 1417 1338
f 1837 2017 1838
f 1209 1300 1252
f 1209 1252 1140
f 2236 2187 2186
f 2236 2188 2187
f 2236 2237 2188
f 1837 2049 2017
f 1902 2049 1837
f 1336 1337 1300
f 1336 1338 1337
f 1336 1300 1209
f 2221 2161 2160
f 2221 2186 2161
f 2221 2236 2186
f 1416 1447 1448
f 1416 1481 1447
f 1416 1338 1336
f 1416 1448 1338
f 2185 2221 2160
f 2185 2150 2137
f 2185 2160 2150
f 1480 1543 1481
f 1480 1570 1543
f 1480 1481 1416
f 2159 2185 2137
f 2159 2137 2128
f 1606 1570 1480
f 1606 1607 1570
f 1606 1640 1607
f 2149 2109 2087
f 2149 2128 2109
f 2149 2159 2128
f 1679 1680 1640
f 1679 1724 1680
f 1679 1640 1606
f 2136 2087 2049
f 2136 2049 1902
f 2136 2149 2087
f 2108 2136 1902
f 2108 1902 1901
f 1834 1725 1724
f 1834 1765 1725
f 1834 1835 1765
f 1834 1724 1679
f 1931 1835 1834
f 1931 1836 1835
f 1931 1897 1836
f 2048 1900 1899
f 2048 1901 1900
f 2048 2108 1901
f 1991 1897 1931
f 1991 2048 1899
f 1991 1898 1897
f 1991 1899 1898
f 1378 1342 1341
f 1377 1378 1341
f 1393 1394 1378
f 1393 1378 1377
f 1422 1423 1394
f 1422 1394 1393
f 1451 1423 1422
f 1571 1545 1483
f 1609 1572 1545
f 1609 1545 1571
f 1642 1610 1572
f 1642 1572 1609
f 1683 1610 1642
f 1683 1643 1610
f 1684 1643 1683
f 1907 1843 1842
f 1908 1843 1907
f 1908 1844 1843
f 1909 1844 1908
f 1909 1845 1844
f 1846 1845 1909
f 1780 1779 1847
f 1781 1780 1779
f 1734 1733 1780
f 1734 1780 1781
f 1735 1690 1733
f 1735 1733 1734
f 1691 1646 1690
f 1691 1690 1735
f 1647 1646 1691
f 1549 1487 1577
f 1454 1487 1549
f 1378 1371 1342
f 1378 1388 1371
f 1394 1409 1388
f 1394 1388 1378
f 1423 1442 1409
f 1423 1409 1394
f 1451 1473 1442
f 1451 1442 1423
f 1483 1520 1473
f 1483 1473 1451
f 1545 1565 1520
f 1545 1600 1565
f 1545 1520 1483
f 1572 1600 1545
f 1610 1600 1572
f 1610 1638 1600
f 1643 1638 1610
f 1643 1673 1638
f 1684 1673 1643
f 1684 1716 1673
f 1684 1762 1716
f 1727 1762 1684
f 1768 1762 1727
f 1768 1820 1762
f 1769 1820 1768
f 1769 1821 1820
f 1839 1821 1769
f 1839 1884 1821
f 1840 1884 1839
f 1840 1885 1884
f 1842 1885 1840
f 1842 1886 1885
f 1843 1886 1842
f 1843 1887 1886
f 1843 1888 1887
f 1844 1888 1843
f 1845 1888 1844
f 1845 1889 1888
f 1846 1889 1845
f 1846 1890 1889
f 1846 1891 1890
f 1847 1891 1846
f 1779 1891 1847
f 1779 1822 1891
f 1780 1823 1822
f 1780 1763 1823
f 1780 1822 1779
f 1733 1717 1763
f 1733 1763 1780
f 1690 1717 1733
f 1646 1674 1717
f 1646 1675 1674
f 1646 1717 1690
f 1647 1675 1646
f 1614 1639 1675
f 1614 1675 1647
f 1577 1601 1639
f 1577 1639 1614
f 1487 1521 1601
f 1487 1474 1521
f 1487 1601 1577
f 1454 1474 1487
f 1426 1443 1474
f 1426 1474 1454
f 1430 1458 1431
f 1431 1437 1436
f 1430 1436 1468
f 1430 1431 1436
f 1458 1468 1467
f 1458 1430 1468
f 1457 1458 1467
f 1457 1467 1515
f 1494 1457 1515
f 1494 1515 1562
f 1555 1494 1562
f 1555 1562 1594
f 1584 1555 1594
f 1584 1594 1630
f 1621 1584 1630
f 1621 1630 1666
f 1652 1621 1666
f 1652 1666 1710
f 1695 1652 1710
f 1695 1710 1756
f 1740 1695 1756
f 1741 1756 1757
f 1741 1740 1756
f 1741 1757 1813
f 1784 1741 1813
f 1785 1813 1814
f 1785 1784 1813
f 1785 1814 1873
f 1852 1785 1873
f 1853 1873 1874
f 1853 1852 1873
f 1853 1874 1875
f 1854 1853 1875
f 1855 1875 1876
f 1855 1854 1875
f 1855 1876 1877
f 1856 1855 1877
f 1591 1664 1592
f 1591 1592 1560
f 1708 1753 1664
f 1708 1664 1591
f 1560 1586 1556
f 1592 1586 1560
f 1592 1653 1586
f 1664 1653 1592
f 1664 1742 1653
f 1753 1742 1664
f 1708 1742 1753
f 1708 1696 1742
f 1591 1696 1708
f 1591 1585 1696
f 1560 1585 1591
f 1560 1556 1585
f 1586 1588 1587
f 1586 1587 1557
f 1586 1557 1496
f 1586 1496 1495
f 1586 1495 1461
f 1586 1461 1460
f 1586 1460 1459
f 1556 1431 1458
f 1556 1459 1433
f 1556 1433 1432
f 1556 1432 1431
f 1556 1586 1459
f 1457 1556 1458
f 1653 1588 1586
f 1653 1697 1654
f 1653 1654 1622
f 1653 1622 1588
f 1743 1697 1653
f 1585 1457 1494
f 1585 1494 1555
f 1585 1556 1457
f 1787 1743 1653
f 1584 1585 1555
f 1742 1786 1787
f 1742 1787 1653
f 1621 1585 1584
f 1857 1786 1742
f 1856 1857 1742
f 1652 1585 1621
f 1652 1696 1585
f 1855 1856 1742
f 1695 1696 1652
f 1854 1855 1742
f 1740 1696 1695
f 1741 1696 1740
f 1853 1742 1696
f 1853 1854 1742
f 1784 1696 1741
f 1852 1853 1696
f 1785 1696 1784
f 1785 1852 1696
f 1857 1877 1878
f 1857 1856 1877
f 1787 1878 1815
f 1787 1857 1878
f 1788 1815 1816
f 1788 1787 1815
f 1743 1816 1758
f 1743 1788 1816
f 1697 1758 1711
f 1697 1743 1758
f 1698 1711 1712
f 1698 1697 1711
f 1654 1712 1667
f 1654 1698 1712
f 1622 1667 1631
f 1622 1654 1667
f 1588 1631 1595
f 1588 1622 1631
f 1557 1595 1563
f 1557 1588 1595
f 1496 1563 1517
f 1496 1557 1563
f 1495 1517 1516
f 1495 1496 1517
f 1461 1516 1471
f 1461 1495 1516
f 1460 1471 1470
f 1460 1461 1471
f 1459 1470 1469
f 1459 1460 1470
f 1433 1469 1439
f 1433 1459 1469
f 1432 1439 1438
f 1432 1433 1439
f 1431 1438 1437
f 1431 1432 1438
f 1588 1557 1587
f 1698 1654 1697
f 1787 1788 1743
f 1857 1787 1786
f 2156 2144 2143
f 2140 2153 2141
f 2037 2114 2025
f 2119 2114 2037
f 2037 2001 2009
f 2037 2025 2001
f 2009 2059 2065
f 2009 2001 2059
f 2037 2009 2065
f 2119 2065 2133
f 2119 2037 2065
f 2145 2119 2133
f 2065 2131 2133
f 2065 2059 2131
f 2001 1974 1944
f 2001 1944 1943
f 2001 1943 1942
f 2001 1942 1941
f 2001 1941 1973
f 2001 1973 1972
f 2001 1972 2000
f 2059 2024 2058
f 2059 2058 2090
f 2059 2000 2024
f 2059 2001 2000
f 2113 2059 2090
f 2025 2002 1975
f 2025 1975 1974
f 2025 1974 2001
f 2026 2002 2025
f 2060 2026 2025
f 2131 2113 2130
f 2131 2130 2140
f 2131 2059 2113
f 2141 2131 2140
f 2153 2131 2141
f 2114 2091 2060
f 2114 2060 2025
f 2154 2131 2153
f 2115 2091 2114
f 2164 2131 2154
f 2132 2115 2114
f 2165 2142 2131
f 2165 2131 2164
f 2144 2132 2114
f 2166 2142 2165
f 2143 2144 2114
f 2167 2142 2166
f 2156 2114 2142
f 2156 2143 2114
f 2155 2156 2142
f 2168 2142 2167
f 2169 2142 2168
f 2169 2155 2142
f 1972 1971 2000
f 1941 1972 1973
f 1975 1944 1974
f 1976 1975 2002
f 2026 2003 2002
f 2092 2060 2091
f 2092 2061 2060
f 2115 2092 2091
f 2116 2092 2115
f 1751 1705 1750
f 2005 2028 2006
f 2027 2028 2005
f 2005 1977 2004
f 1915 1797 1805
f 1915 1913 1797
f 1754 1797 1749
f 1805 1797 1754
f 1804 1749 1796
f 1754 1749 1804
f 1804 1947 1950
f 1804 1796 1947
f 1754 1804 1950
f 1982 1754 1950
f 1805 1754 1982
f 1915 1805 1982
f 1950 1978 1982
f 1950 1947 1978
f 1796 1704 1703
f 1796 1703 1748
f 1796 1748 1795
f 1796 1795 1865
f 1796 1865 1912
f 1947 1977 2005
f 1947 2005 2006
f 1947 1912 1946
f 1947 1946 1977
f 1947 1796 1912
f 2028 1947 2006
f 1749 1704 1796
f 1749 1626 1625
f 1749 1625 1661
f 1749 1661 1660
f 1749 1660 1659
f 1749 1659 1704
f 1627 1626 1749
f 1978 2028 2029
f 1978 2029 2030
f 1978 1947 2028
f 2031 1978 2030
f 1662 1627 1749
f 2032 1978 2031
f 1797 1662 1749
f 1663 1662 1797
f 2033 1978 2032
f 1705 1663 1797
f 2007 1978 2033
f 2007 1913 1978
f 1750 1705 1797
f 2008 1913 2007
f 1751 1750 1797
f 1979 1913 2008
f 1798 1751 1797
f 1980 1913 1979
f 1798 1797 1913
f 1948 1913 1980
f 1866 1798 1913
f 1914 1913 1948
f 1914 1866 1913
f 1912 1945 1946
f 1625 1660 1661
f 1628 1627 1662
f 977 914 913
f 1077 1036 1035
f 1319 1267 1266
f 1359 1364 1325
f 1317 1325 1326
f 1317 1359 1325
f 1318 1317 1326
f 1318 1326 1327
f 1319 1318 1327
f 1319 1327 1280
f 1267 1319 1280
f 1267 1280 1237
f 1227 1267 1237
f 1227 1237 1238
f 1228 1238 1201
f 1228 1227 1238
f 1197 1228 1201
f 1197 1201 1175
f 1164 1197 1175
f 1164 1175 1134
f 1122 1164 1134
f 1122 1134 1088
f 1077 1122 1088
f 1077 1088 1047
f 1036 1077 1047
f 1035 1047 1046
f 1035 1046 994
f 1035 1036 1047
f 978 1035 994
f 977 994 993
f 977 993 932
f 977 978 994
f 914 977 932
f 914 932 931
f 913 914 931
f 912 931 930
f 912 913 931
f 911 930 929
f 911 912 930
f 911 929 928
f 910 911 928
f 1123 1198 1231
f 1165 1123 1231
f 1080 1038 1123
f 1080 1123 1165
f 1231 1196 1226
f 1198 1196 1231
f 1198 1121 1196
f 1123 1121 1198
f 1123 1034 1121
f 1038 1034 1123
f 1080 1034 1038
f 1080 1076 1034
f 1165 1076 1080
f 1165 1163 1076
f 1165 1226 1163
f 1231 1226 1165
f 1196 1162 1194
f 1196 1194 1195
f 1196 1195 1225
f 1196 1225 1264
f 1196 1264 1265
f 1196 1265 1313
f 1196 1313 1314
f 1196 1314 1315
f 1226 1317 1318
f 1226 1315 1316
f 1226 1316 1317
f 1226 1196 1315
f 1319 1226 1318
f 1266 1226 1319
f 1121 1075 1074
f 1121 1074 1120
f 1121 1120 1162
f 1121 1162 1196
f 1033 1075 1121
f 975 1033 1121
f 1163 1266 1267
f 1163 1267 1227
f 1163 1226 1266
f 1228 1163 1227
f 976 975 1121
f 1197 1163 1228
f 1034 908 976
f 1034 976 1121
f 1164 1163 1197
f 909 908 1034
f 910 909 1034
f 1122 1163 1164
f 1122 1076 1163
f 911 910 1034
f 1077 1076 1122
f 912 911 1034
f 1035 1076 1077
f 913 1034 1076
f 913 912 1034
f 978 1076 1035
f 977 1076 978
f 977 913 1076
f 909 928 927
f 909 910 928
f 908 927 926
f 908 909 927
f 976 926 992
f 976 908 926
f 975 992 991
f 975 976 992
f 1033 991 1045
f 1033 975 991
f 1074 1045 1087
f 1074 1033 1045
f 1120 1087 1133
f 1120 1074 1087
f 1162 1133 1174
f 1162 1120 1133
f 1194 1174 1200
f 1194 1162 1174
f 1225 1200 1236
f 1225 1194 1200
f 1264 1236 1278
f 1264 1225 1236
f 1265 1278 1279
f 1265 1264 1278
f 1313 1279 1322
f 1313 1265 1279
f 1314 1322 1323
f 1314 1313 1322
f 1315 1323 1324
f 1315 1314 1323
f 1357 1324 1362
f 1357 1315 1324
f 1358 1362 1363
f 1358 1357 1362
f 1359 1363 1364
f 1359 1358 1363
f 1358 1317 1316
f 1358 1359 1317
f 1315 1358 1316
f 1315 1357 1358
f 1194 1225 1195
f 1033 1074 1075
f 658 697 704
f 658 655 697
f 746 697 742
f 704 697 746
f 746 698 705
f 746 742 698
f 658 704 746
f 625 705 639
f 625 746 705
f 625 658 746
f 639 698 636
f 705 698 639
f 742 794 826
f 742 826 827
f 742 827 795
f 742 795 796
f 742 796 797
f 742 797 772
f 698 699 671
f 698 772 743
f 698 743 699
f 698 742 772
f 656 698 671
f 697 794 742
f 697 770 771
f 697 771 792
f 697 792 793
f 697 793 794
f 741 770 697
f 696 741 697
f 636 656 637
f 636 637 624
f 636 698 656
f 623 636 624
f 612 636 623
f 670 696 697
f 655 670 697
f 653 670 655
f 611 636 612
f 594 636 611
f 654 653 655
f 593 636 594
f 635 654 655
f 593 622 636
f 621 635 655
f 592 622 593
f 610 621 655
f 591 622 592
f 610 655 622
f 590 622 591
f 589 610 622
f 589 622 590
f 828 796 795
f 827 828 795
f 825 826 794
f 670 695 696
f 635 653 654
f 634 653 635
f 766 788 789
f 735 766 767
f 769 776 775
f 768 769 775
f 768 775 753
f 740 768 753
f 740 753 752
f 739 740 752
f 739 752 751
f 738 739 751
f 738 751 750
f 737 738 750
f 737 750 749
f 736 737 749
f 736 749 748
f 735 736 748
f 735 748 774
f 766 735 774
f 766 774 801
f 788 766 801
f 788 801 832
f 822 788 832
f 822 832 864
f 858 822 864
f 858 864 922
f 897 858 922
f 968 922 987
f 968 897 922
f 1025 987 1040
f 1025 968 987
f 1025 1040 1041
f 1026 1025 1041
f 1066 1041 1082
f 1066 1026 1041
f 981 1037 917
f 981 830 799
f 981 917 830
f 862 981 799
f 917 823 830
f 917 898 823
f 1037 898 917
f 1037 1027 898
f 1037 969 1027
f 981 969 1037
f 862 969 981
f 862 859 969
f 862 790 859
f 799 790 862
f 830 790 799
f 830 823 790
f 898 1068 1028
f 898 1028 970
f 898 970 899
f 898 899 900
f 898 900 861
f 898 861 860
f 823 768 740
f 823 860 824
f 823 824 791
f 823 791 768
f 823 898 860
f 739 823 740
f 1027 1068 898
f 1027 1114 1115
f 1027 1115 1116
f 1027 1116 1068
f 1113 1114 1027
f 790 739 738
f 790 823 739
f 737 790 738
f 1112 1113 1027
f 736 790 737
f 969 1111 1112
f 969 1112 1027
f 1067 1111 969
f 735 790 736
f 1066 1067 969
f 767 790 735
f 766 859 790
f 766 790 767
f 1026 1066 969
f 1025 1026 969
f 789 859 766
f 968 1025 969
f 788 859 789
f 968 969 859
f 822 859 788
f 897 968 859
f 858 859 822
f 858 897 859
f 1111 1082 1126
f 1111 1066 1082
f 1112 1126 1127
f 1112 1111 1126
f 1158 1127 1168
f 1158 1112 1127
f 1159 1158 1168
f 1159 1168 1169
f 1115 1169 1128
f 1115 1159 1169
f 1116 1128 1129
f 1116 1115 1128
f 1117 1129 1130
f 1117 1116 1129
f 1068 1130 1083
f 1068 1117 1130
f 1069 1083 1084
f 1069 1068 1083
f 1028 1084 1042
f 1028 1069 1084
f 970 1042 988
f 970 1028 1042
f 900 988 923
f 900 970 988
f 861 923 865
f 861 900 923
f 824 865 833
f 824 861 865
f 791 833 802
f 791 824 833
f 769 802 776
f 769 791 802
f 791 769 768
f 861 824 860
f 970 900 899
f 1069 1028 1068
f 1117 1068 1116
f 1159 1115 1114
f 1113 1159 1114
f 1158 1159 1113
f 1112 1158 1113
f 1066 1111 1067
