# Optimized visual mesh generated from meshes/steer_front_wheel_v2.stl
# Coordinates are metres; source CAD STL is retained unchanged.
# Faces are repaired and explicit vertex normals are included.
o agv_visual
v -0.062482872 0.0286578598 0.0026975441
v -0.062482872 0.0677671432 0.0026975441
v -0.0624688034 0.0283675423 0.00269693232
v -0.0624688034 0.068057457 0.00269693232
v -0.0624484329 0.0286578598 -0.00343581843
v -0.0624484329 0.0677671432 -0.00343581843
v -0.0624343758 0.0283675423 -0.00343504858
v -0.0624343758 0.068057457 -0.00343504858
v -0.0624267349 0.0280799503 0.00269510221
v -0.0624267349 0.068345047 0.00269510221
v -0.0623923264 0.0280799503 -0.00343274641
v -0.0623923264 0.068345047 -0.00343274641
v -0.0623570595 0.0277977829 0.0026920712
v -0.0623570595 0.0686272202 0.0026920712
v -0.0623226891 0.0277977829 -0.00342893314
v -0.0623226891 0.0686272202 -0.00342893314
v -0.0622604294 0.0275236912 0.00268786788
v -0.0622604294 0.0689013062 0.00268786788
v -0.0622261162 0.0275236912 -0.00342364502
v -0.0622261162 0.0689013062 -0.00342364502
v -0.0621377525 0.0272602425 0.0026825316
v -0.0621377525 0.0691647568 0.0026825316
v -0.062103508 0.0272602425 -0.00341693139
v -0.062103508 0.0691647568 -0.00341693139
v -0.0619901848 0.0270099144 0.00267611217
v -0.0619901848 0.0694150848 0.00267611217
v -0.0619560165 0.0694150848 -0.00340885544
v -0.0619159698 0.0286578598 0.00880474854
v -0.0619159698 0.0677671432 0.00880474854
v -0.0619020309 0.0283675423 0.00880276108
v -0.0619020309 0.068057457 0.00880276108
v -0.0618603439 0.0280799503 0.00879681587
v -0.0618603439 0.068345047 0.00879681587
v -0.0618562768 0.0268729142 -0.00340339386
v -0.0618191032 0.0267750568 0.00266867042
v -0.0618191032 0.0696499405 0.00266867042
v -0.0618129883 0.0286578598 -0.00953627205
v -0.0618129883 0.0677671432 -0.00953627205
v -0.0617990723 0.0283675423 -0.00953412724
v -0.0617990723 0.068057457 -0.00953412724
v -0.0617912979 0.0277977829 0.00878697014
v -0.0617912979 0.0686272202 0.00878697014
v -0.0617850342 0.0696499405 -0.00339949274
v -0.0617574539 0.0280799503 -0.00952771473
v -0.0617574539 0.068345047 -0.00952771473
v -0.0616955452 0.0275236912 0.00877331543
v -0.0616955452 0.0689013062 0.00877331543
v -0.0616885223 0.0277977829 -0.00951709461
v -0.0616885223 0.0686272202 -0.00951709461
v -0.0616261215 0.0265578709 0.00266027546
v -0.0616261215 0.0698671265 0.00266027546
v -0.0615929298 0.0275236912 -0.00950236607
v -0.0615929298 0.0689013062 -0.00950236607
v -0.0615921555 0.0265578709 -0.00338893151
v -0.0615921555 0.0698671265 -0.00338893151
v -0.0615739861 0.0272602425 0.00875598049
v -0.0615739861 0.0691647568 0.00875598049
v -0.0614715729 0.0272602425 -0.00948366642
v -0.0614715729 0.0691647568 -0.00948366642
v -0.0614277534 0.0694150848 0.0087351284
v -0.0614130478 0.0263603992 0.00265100694
v -0.0614130478 0.0700645981 0.00265100694
v -0.0613792 0.0263603992 -0.0033772707
v -0.0613792 0.0700645981 -0.0033772707
v -0.0613288638 0.0268729142 0.00872102594
v -0.0613255844 0.0270099144 -0.00946117306
v -0.0613255844 0.0694150848 -0.00946117306
v -0.0612582283 0.0696499405 0.00871095276
v -0.061181881 0.0261844921 0.00264095116
v -0.061181881 0.070240509 0.00264095116
v -0.0611563416 0.0267750568 -0.00943509674
v -0.0611563416 0.0696499405 -0.00943509674
v -0.0611481628 0.0261844921 -0.00336461973
v -0.0611481628 0.070240509 -0.00336461973
v -0.0610669975 0.0265578709 0.0086836834
v -0.0610669975 0.0698671265 0.0086836834
v -0.0609654274 0.0265578709 -0.00940568066
v -0.0609654274 0.0698671265 -0.00940568066
v -0.0609347954 0.0260318031 0.00263020277
v -0.0609347954 0.0703931961 0.00263020277
v -0.0609012108 0.0260318031 -0.00335109735
v -0.0609012108 0.0703931961 -0.00335109735
v -0.0608558578 0.0263603992 0.00865357399
v -0.0608558578 0.0700645981 0.00865357399
v -0.0607546425 0.0263603992 -0.00937320232
v -0.0607546425 0.0700645981 -0.00937320232
v -0.0607531853 0.0286578598 0.0148269787
v -0.0607531853 0.0677671432 0.0148269787
v -0.0607395096 0.0283675423 0.0148236341
v -0.0607395096 0.068057457 0.0148236341
v -0.0606986046 0.0280799503 0.014813632
v -0.0606986046 0.068345047 0.014813632
v -0.0606741028 0.0259037647 0.00261886263
v -0.0606741028 0.0705212326 0.00261886263
v -0.0606406631 0.0259037647 -0.00333683062
v -0.0606406631 0.0705212326 -0.00333683062
v -0.0606308594 0.0277977829 0.0147970667
v -0.0606308594 0.0686272202 0.0147970667
v -0.0606267891 0.0261844921 0.00862090874
v -0.0606267891 0.070240509 0.00862090874
v -0.0605826492 0.0286578598 -0.0155450649
v -0.0605826492 0.0677671432 -0.0155450649
v -0.0605690117 0.0283675423 -0.0155415668
v -0.0605690117 0.068057457 -0.0155415668
v -0.0605369072 0.0275236912 0.0147740927
v -0.0605369072 0.0689013062 0.0147740927
v -0.0605282211 0.0280799503 -0.015531106
v -0.0605282211 0.068345047 -0.015531106
v -0.0605259552 0.0261844921 -0.00933796692
v -0.0605259552 0.070240509 -0.00933796692
v -0.0604606667 0.0277977829 -0.0155137806
v -0.0604606667 0.0686272202 -0.0155137806
v -0.0604176292 0.0272602425 0.0147449255
v -0.0604176292 0.0691647568 0.0147449255
v -0.060402256 0.0258015766 0.00260703754
v -0.060402256 0.0706234207 0.00260703754
v -0.0603819466 0.0260318031 0.00858599281
v -0.0603819466 0.0703931961 0.00858599281
v -0.0603689651 0.0258015766 -0.00332195354
v -0.0603689651 0.0706234207 -0.00332195354
v -0.0603669777 0.0275236912 -0.0154897528
v -0.0603669777 0.0689013062 -0.0154897528
v -0.060281517 0.0260318031 -0.00930030441
v -0.060281517 0.0703931961 -0.00930030441
v -0.060274147 0.0270099144 0.0147098398
v -0.060274147 0.0694150848 0.0147098398
v -0.0602480354 0.0272602425 -0.0154592485
v -0.0602480354 0.0691647568 -0.0154592485
v -0.0601236229 0.0259037647 0.00854915524
v -0.0601236229 0.0705212326 0.00854915524
v -0.0601218071 0.025726202 0.0025948379
v -0.0601218071 0.0706987991 0.0025948379
v -0.0601078072 0.0267750568 0.0146691656
v -0.0601078072 0.0696499405 0.0146691656
v -0.0601049576 0.0270099144 -0.015422555
v -0.0601049576 0.0694150848 -0.015422555
v -0.0600886726 0.025726202 -0.00330660534
v -0.0600886726 0.0706987991 -0.00330660534
v -0.0600236244 0.0259037647 -0.00926056767
v -0.0600236244 0.0705212326 -0.00926056767
v -0.0599390831 0.0267750568 -0.0153800144
v -0.0599390831 0.0696499405 -0.0153800144
v -0.0599201698 0.0265578709 0.0146232824
v -0.0599201698 0.0698671265 0.0146232824
v -0.0598542442 0.0258015766 0.00851074219
v -0.0598542442 0.0706234207 0.00851074219
v -0.0598353882 0.0256783466 0.00258237863
v -0.0598353882 0.0707466507 0.00258237863
v -0.0598024101 0.0256783466 -0.00329093075
v -0.0598024101 0.0707466507 -0.00329093075
v -0.0597546921 0.0258015766 -0.00921913147
v -0.0597546921 0.0706234207 -0.00921913147
v -0.059751976 0.0265578709 -0.0153320274
v -0.059751976 0.0698671265 -0.0153320274
v -0.0597129974 0.0263603992 0.0145726233
v -0.0597129974 0.0700645981 0.0145726233
v -0.0595763397 0.025726202 0.00847111225
v -0.0595763397 0.0706987991 0.00847111225
v -0.0595453835 0.0263603992 -0.0152790451
v -0.0595453835 0.0700645981 -0.0152790451
v -0.0594882355 0.0261844921 0.014517663
v -0.0594882355 0.070240509 0.014517663
v -0.059477253 0.025726202 -0.00917638397
v -0.059477253 0.0706987991 -0.00917638397
v -0.0593212547 0.0261844921 -0.0152215633
v -0.0593212547 0.070240509 -0.0152215633
v -0.0592925224 0.0256783466 0.00843063831
v -0.0592925224 0.0707466507 0.00843063831
v -0.0592479897 0.0260318031 0.0144589167
v -0.0592479897 0.0703931961 0.0144589167
v -0.0591939049 0.0256783466 -0.00913272572
v -0.0591939049 0.0707466507 -0.00913272572
v -0.0590816841 0.0260318031 -0.0151601238
v -0.0590816841 0.0703931961 -0.0151601238
v -0.0590057182 0.0286578598 0.0207062378
v -0.0590057182 0.0677671432 0.0207062378
v -0.0589945221 0.0259037647 0.0143969364
v -0.0589945221 0.0705212326 0.0143969364
v -0.0589924355 0.0283675423 0.0207015686
v -0.0589924355 0.068057457 0.0207015686
v -0.0589527092 0.0280799503 0.0206876049
v -0.0589527092 0.068345047 0.0206876049
v -0.0588869133 0.0277977829 0.0206644783
v -0.0588869133 0.0686272202 0.0206644783
v -0.0588289261 0.0259037647 -0.0150953007
v -0.0588289261 0.0705212326 -0.0150953007
v -0.0587956657 0.0275236912 0.0206324062
v -0.0587956657 0.0689013062 0.0206324062
v -0.0587692757 0.0286578598 -0.0214043312
v -0.0587692757 0.0677671432 -0.0214043312
v -0.0587560425 0.0283675423 -0.0213995132
v -0.0587560425 0.068057457 -0.0213995132
v -0.0587302055 0.0258015766 0.014332303
v -0.0587302055 0.0706234207 0.014332303
v -0.0587164764 0.0280799503 -0.0213851032
v -0.0587164764 0.068345047 -0.0213851032
v -0.058679821 0.0272602425 0.0205916901
v -0.058679821 0.0691647568 0.0205916901
v -0.0586509438 0.0277977829 -0.0213612404
v -0.0586509438 0.0686272202 -0.0213612404
v -0.0585653534 0.0258015766 -0.0150277042
v -0.0585653534 0.0706234207 -0.0150277042
v -0.0585600624 0.0275236912 -0.021328146
v -0.0585600624 0.0689013062 -0.021328146
v -0.0585404701 0.0270099144 0.0205427094
v -0.0585404701 0.0694150848 0.0205427094
v -0.0584575272 0.025726202 0.014265625
v -0.0584575272 0.0706987991 0.014265625
v -0.0584446831 0.0272602425 -0.021286129
v -0.0584446831 0.0691647568 -0.021286129
v -0.0583789177 0.0267750568 0.0204859257
v -0.0583789177 0.0696499405 0.0204859257
v -0.0583058891 0.0270099144 -0.0212355881
v -0.0583058891 0.0694150848 -0.0212355881
v -0.058293438 0.025726202 -0.0149579678
v -0.058293438 0.0706987991 -0.0149579678
v -0.058196682 0.0265578709 0.0204218731
v -0.058196682 0.0698671265 0.0204218731
v -0.058179039 0.0256783466 0.0141975279
v -0.058179039 0.0707466507 0.0141975279
v -0.0581449852 0.0267750568 -0.0211769943
v -0.0581449852 0.0696499405 -0.0211769943
v -0.0580157356 0.0256783466 -0.0148867474
v -0.0580157356 0.0707466507 -0.0148867474
v -0.057995472 0.0263603992 0.0203511505
v -0.057995472 0.0700645981 0.0203511505
v -0.0579634781 0.0265578709 -0.021110899
v -0.0579634781 0.0698671265 -0.021110899
v -0.0577771797 0.0261844921 0.0202744236
v -0.0577771797 0.070240509 0.0202744236
v -0.0577630768 0.0263603992 -0.0210379219
v -0.0577630768 0.0700645981 -0.0210379219
v -0.0575456581 0.0261844921 -0.0209587479
v -0.0575456581 0.070240509 -0.0209587479
v -0.0575438499 0.0260318031 0.0201924133
v -0.0575438499 0.0703931961 0.0201924133
v -0.0573132668 0.0260318031 -0.0208741226
v -0.0573132668 0.0703931961 -0.0208741226
v -0.0572976761 0.0259037647 0.0201058865
v -0.0572976761 0.0705212326 0.0201058865
v -0.0570680809 0.0259037647 -0.0207848377
v -0.0570680809 0.0705212326 -0.0207848377
v -0.0570409698 0.0258015766 0.0200156574
v -0.0570409698 0.0706234207 0.0200156574
v -0.0568124008 0.0258015766 -0.0206917305
v -0.0568124008 0.0706234207 -0.0206917305
v -0.0567761345 0.025726202 0.0199225731
v -0.0567761345 0.0706987991 0.0199225731
v -0.0566903992 0.0286578598 0.0263859043
v -0.0566903992 0.0677671432 0.0263859043
v -0.056677639 0.0283675423 0.0263799553
v -0.056677639 0.068057457 0.0263799553
v -0.0566394691 0.0280799503 0.0263621655
v -0.0566394691 0.068345047 0.0263621655
v -0.0565762596 0.0277977829 0.0263327026
v -0.0565762596 0.0686272202 0.0263327026
v -0.0565486336 0.025726202 -0.0205956783
v -0.0565486336 0.0706987991 -0.0205956783
v -0.0565056648 0.0256783466 0.019827507
v -0.0565056648 0.0707466507 0.019827507
v -0.0564885941 0.0275236912 0.0262918396
v -0.0564885941 0.0689013062 0.0262918396
v -0.0563903198 0.0286578598 -0.0270576401
v -0.0563903198 0.0677671432 -0.0270576401
v -0.0563776283 0.0283675423 -0.027051548
v -0.0563776283 0.068057457 -0.027051548
v -0.0563772964 0.0272602425 0.0262399635
v -0.0563772964 0.0691647568 0.0262399635
v -0.0563396645 0.0280799503 -0.0270333309
v -0.0563396645 0.068345047 -0.0270333309
v -0.0562792473 0.0256783466 -0.0204975815
v -0.0562792473 0.0707466507 -0.0204975815
v -0.0562767868 0.0277977829 -0.0270031586
v -0.0562767868 0.0686272202 -0.0270031586
v -0.0562434158 0.0270099144 0.0261775608
v -0.0562434158 0.0694150848 0.0261775608
v -0.0561895828 0.0275236912 -0.0269613152
v -0.0561895828 0.0689013062 -0.0269613152
v -0.0560882072 0.0267750568 0.026105217
v -0.0560882072 0.0696499405 0.026105217
v -0.0560788803 0.0272602425 -0.0269081917
v -0.0560788803 0.0691647568 -0.0269081917
v -0.0559457092 0.0270099144 -0.0268442898
v -0.0559457092 0.0694150848 -0.0268442898
v -0.0559131279 0.0265578709 0.0260236092
v -0.0559131279 0.0698671265 0.0260236092
v -0.0557913208 0.0267750568 -0.0267702065
v -0.0557913208 0.0696499405 -0.0267702065
v -0.0557198219 0.0263603992 0.025933506
v -0.0557198219 0.0700645981 0.025933506
v -0.0556171684 0.0265578709 -0.0266866398
v -0.0556171684 0.0698671265 -0.0266866398
v -0.0555100975 0.0261844921 0.0258357525
v -0.0555100975 0.070240509 0.0258357525
v -0.0554248848 0.0263603992 -0.0265943699
v -0.0554248848 0.0700645981 -0.0265943699
v -0.0552859344 0.0260318031 0.025731266
v -0.0552859344 0.0703931961 0.025731266
v -0.0552162743 0.0261844921 -0.0264942684
v -0.0552162743 0.070240509 -0.0264942684
v -0.055049427 0.0259037647 0.025621027
v -0.055049427 0.0705212326 0.025621027
v -0.0549932938 0.0260318031 -0.02638727
v -0.0549932938 0.0703931961 -0.02638727
v -0.0548027992 0.0258015766 0.0255060711
v -0.0548027992 0.0706234207 0.0255060711
v -0.0547580414 0.0259037647 -0.0262743835
v -0.0547580414 0.0705212326 -0.0262743835
v -0.0545483665 0.025726202 0.025387476
v -0.0545483665 0.0706987991 0.025387476
v -0.0545127182 0.0258015766 -0.0261566639
v -0.0545127182 0.0706234207 -0.0261566639
v -0.0542885132 0.0256783466 0.0252663574
v -0.0542885132 0.0707466507 0.0252663574
v -0.0542596359 0.025726202 -0.0260352211
v -0.0542596359 0.0706987991 -0.0260352211
v -0.0540011597 0.0256783466 -0.0259111919
v -0.0540011597 0.0707466507 -0.0259111919
v -0.053829525 0.0286578598 0.0318112812
v -0.053829525 0.0677671432 0.0318112812
v -0.0538174057 0.0283675423 0.0318041115
v -0.0538174057 0.068057457 0.0318041115
v -0.0537811661 0.0280799503 0.0317826653
v -0.0537811661 0.068345047 0.0317826653
v -0.0537211456 0.0277977829 0.0317471466
v -0.0537211456 0.0686272202 0.0317471466
v -0.0536379089 0.0275236912 0.0316978893
v -0.0536379089 0.0689013062 0.0316978893
v -0.0535322342 0.0272602425 0.031635355
v -0.0535322342 0.0691647568 0.031635355
v -0.0534687042 0.0286578598 -0.0324505501
v -0.0534687042 0.0677671432 -0.0324505501
v -0.053456665 0.0283675423 -0.0324432411
v -0.053456665 0.068057457 -0.0324432411
v -0.0534206696 0.0280799503 -0.0324213905
v -0.0534206696 0.068345047 -0.0324213905
v -0.053405117 0.0270099144 0.0315601292
v -0.053405117 0.0694150848 0.0315601292
v -0.0533610535 0.0277977829 -0.0323852005
v -0.0533610535 0.0686272202 -0.0323852005
v -0.0532783737 0.0275236912 -0.0323350105
v -0.0532783737 0.0689013062 -0.0323350105
v -0.0532577438 0.0267750568 0.0314729195
v -0.0532577438 0.0696499405 0.0314729195
v -0.0531734085 0.0272602425 -0.0322712936
v -0.0531734085 0.0691647568 -0.0322712936
v -0.053091507 0.0265578709 0.0313745441
v -0.053091507 0.0698671265 0.0313745441
v -0.053047142 0.0270099144 -0.0321946449
v -0.053047142 0.0694150848 -0.0321946449
v -0.0529079628 0.0263603992 0.0312659283
v -0.0529079628 0.0700645981 0.0312659283
v -0.0529007607 0.0267750568 -0.0321057892
v -0.0529007607 0.0696499405 -0.0321057892
v -0.0527356377 0.0265578709 -0.0320055504
v -0.0527356377 0.0698671265 -0.0320055504
v -0.0527088318 0.0261844921 0.0311480885
v -0.0527088318 0.070240509 0.0311480885
v -0.0525533218 0.0263603992 -0.0318948803
v -0.0525533218 0.0700645981 -0.0318948803
v -0.0524959869 0.0260318031 0.0310221329
v -0.0524959869 0.0703931961 0.0310221329
v -0.0523555298 0.070240509 -0.0317748127
v -0.0522714233 0.0259037647 0.0308892441
v -0.0522714233 0.0705212326 0.0308892441
v -0.0522594306 0.026115088 -0.0317164773
v -0.0521441116 0.0703931961 -0.0316464748
v -0.0520372505 0.0258015766 0.0307506676
v -0.0520372505 0.0706234207 0.0307506676
v -0.0519210548 0.0259037647 -0.0315110722
v -0.0519210548 0.0705212326 -0.0315110722
v -0.0517956657 0.025726202 0.0306077042
v -0.0517956657 0.0706987991 0.0306077042
v -0.0516884537 0.0258015766 -0.031369875
v -0.0516884537 0.0706234207 -0.031369875
v -0.0515489388 0.0256783466 0.0304616985
v -0.0515489388 0.0707466507 0.0304616985
v -0.0514484901 0.025726202 -0.0312242088
v -0.0514484901 0.0706987991 -0.0312242088
v -0.0512034187 0.0256783466 -0.0310754414
v -0.0512034187 0.0707466507 -0.0310754414
v -0.0504506454 0.0286578598 0.0369301186
v -0.0504506454 0.0677671432 0.0369301186
v -0.0504392891 0.0283675423 0.0369217949
v -0.0504392891 0.068057457 0.0369217949
v -0.0504053268 0.0280799503 0.0368969002
v -0.0504053268 0.068345047 0.0368969002
v -0.0503490753 0.0277977829 0.0368556709
v -0.0503490753 0.0686272202 0.0368556709
v -0.0502710648 0.0275236912 0.0367984924
v -0.0502710648 0.0689013062 0.0367984924
v -0.0501720314 0.0272602425 0.0367258987
v -0.0501720314 0.0691647568 0.0367258987
v -0.0500528984 0.0270099144 0.0366385765
v -0.0500528984 0.0694150848 0.0366385765
v -0.0500325546 0.0286578598 -0.0375311203
v -0.0500325546 0.0677671432 -0.0375311203
v -0.0500212936 0.0283675423 -0.0375226707
v -0.0500212936 0.068057457 -0.0375226707
v -0.0499876137 0.0280799503 -0.0374973946
v -0.0499876137 0.068345047 -0.0374973946
v -0.0499318275 0.0277977829 -0.0374555359
v -0.0499318275 0.0686272202 -0.0374555359
v -0.0499147835 0.0267750568 0.0365373421
v -0.0499147835 0.0696499405 0.0365373421
v -0.0498544655 0.0275236912 -0.0373974838
v -0.0498544655 0.0689013062 -0.0373974838
v -0.0497589874 0.0265578709 0.0364231453
v -0.0497589874 0.0698671265 0.0364231453
v -0.0497562523 0.0272602425 -0.0373237839
v -0.0497562523 0.0691647568 -0.0373237839
v -0.0496381073 0.0270099144 -0.0372351303
v -0.0496381073 0.0694150848 -0.0372351303
v -0.0495869751 0.0263603992 0.0362970619
v -0.0495011406 0.0267750568 -0.0371323509
v -0.0495011406 0.0696499405 -0.0371323509
v -0.0494951553 0.0244624996 0.00213257837
v -0.0494951553 0.0719625015 0.00213257837
v -0.0494940444 0.0734851186 0.00213253018
v -0.0494781119 0.0701672128 0.036217267
v -0.0494728847 0.0228428397 0.00213160978
v -0.0494678802 0.0244624996 -0.00272504473
v -0.0494678802 0.0719625015 -0.00272504473
v -0.0494666767 0.0734870033 -0.00272497892
v -0.0494463214 0.0228412592 -0.00272386436
v -0.0494435001 0.0736676163 0.00213033158
v -0.0494130451 0.073674516 -0.00272204225
v -0.0494003525 0.0261844921 0.0361602707
v -0.0493821498 0.0226485111 0.00212766282
v -0.049370473 0.0226668009 -0.00271971111
v -0.0493488464 0.0738160553 0.00212621403
v -0.0493466377 0.0265578709 -0.0370164146
v -0.0493466377 0.0698671265 -0.0370164146
v -0.0492216371 0.0738852429 -0.0027115613
v -0.0492204487 0.0225392304 -0.00271149622
v -0.049204533 0.0739095171 0.00211993647
v -0.0492023777 0.0225154595 0.00211984272
v -0.0492008781 0.0260318031 0.036014061
v -0.0492008781 0.0703931961 0.036014061
v -0.0491760483 0.0263603992 -0.0368884048
v -0.0491760483 0.0700645981 -0.0368884048
v -0.0490461655 0.0244624996 0.00696948433
v -0.0490461655 0.0719625015 0.00696948433
v -0.0490449753 0.0734870033 0.00696931434
v -0.0490246112 0.0228427105 0.00696641048
v -0.049018224 0.0224636106 0.00211183212
v -0.049017415 0.0224664046 -0.00270037872
v -0.0490174135 0.07395858 -0.00270037863
v -0.0490160268 0.073961497 0.00211173656
v -0.0489909744 0.0261844921 -0.036749527
v -0.0489909744 0.070240509 -0.036749527
v -0.0489904213 0.0259037647 0.0358597984
v -0.0489904213 0.0705212326 0.0358597984
v -0.0489895708 0.0736784734 0.00696141367
v -0.0489646034 0.0244624996 -0.00755660391
v -0.0489646034 0.0719625015 -0.00755660391
v -0.0489634151 0.0734870033 -0.00755642056
v -0.0489434114 0.0228440326 -0.00755333841
v -0.0489145276 0.0226270977 0.00695071216
v -0.048911607 0.0736720907 -0.00754843807
v -0.0488831902 0.073832531 0.00694624329
v -0.0488657655 0.0226634937 -0.0075413749
v -0.0487931557 0.0260318031 -0.0366010857
v -0.0487931557 0.0703931961 -0.0366010857
v -0.0487709579 0.0258015766 0.0356989365
v -0.0487709579 0.0706234207 0.0356989365
v -0.0487217754 0.0225395658 -0.00751918906
v -0.0487217754 0.073885434 -0.00751918906
v -0.0487155978 0.022498318 0.00692234437
v -0.0487142768 0.0739267112 0.00692215601
v -0.0485844421 0.0259037647 -0.0364444733
v -0.0485844421 0.0705212326 -0.0364444733
v -0.0485511742 0.0224624996 0.00689889717
v -0.0485511742 0.0739625015 0.00689889717
v -0.0485445518 0.025726202 0.0355329857
v -0.0485445518 0.0706987991 0.0355329857
v -0.0485240748 0.0739579625 -0.00748872693
v -0.0485161775 0.0224662936 -0.00748751015
v -0.0483668022 0.0258015766 -0.0362811546
v -0.0483668022 0.0706234207 -0.0362811546
v -0.048313324 0.0256783466 0.0353634987
v -0.048313324 0.0707466507 0.0353634987
v -0.0481422729 0.025726202 -0.0361126709
v -0.0481422729 0.0706987991 -0.0361126709
v -0.0481252403 0.0244624996 0.0117390909
v -0.0481252403 0.0719625015 0.0117390909
v -0.0481239648 0.0734892308 0.0117387788
v -0.0481117165 0.0228674789 0.0117357834
v -0.0481037286 0.0736046087 0.0117338299
v -0.048067894 0.0227268009 0.0117250671
v -0.04804367 0.0737372034 0.011719144
v -0.0479901772 0.0244624996 -0.012315568
v -0.0479901772 0.0719625015 -0.012315568
v -0.047989206 0.0734829197 -0.0123153188
v -0.0479697883 0.0228446623 -0.0123103388
v -0.0479399757 0.0225820383 0.0116937881
v -0.0479373262 0.0736747047 -0.0123020135
v -0.0479129639 0.0256783466 -0.0359405975
v -0.0479129639 0.0707466507 -0.0359405975
v -0.0479094313 0.0738724236 0.0116863192
v -0.0478789133 0.0226464288 -0.0122870327
v -0.0478483238 0.0738160553 -0.0122791872
v -0.0477134094 0.0739533366 0.0116383859
v -0.0477093891 0.0224706273 0.0116374028
v -0.0477087496 0.0225165015 -0.0122433919
v -0.04770825 0.0739091372 -0.0122432638
v -0.0475295887 0.0224637032 -0.012197444
v -0.0475256325 0.073961497 -0.0121964294
v -0.0474970436 0.0224624996 0.00204566073
v -0.047470871 0.0224624996 -0.002615695
v -0.0470661964 0.0224624996 0.00668713617
v -0.0469879303 0.0224624996 -0.00725203943
v -0.0467412491 0.0244624996 0.0163954639
v -0.0467412491 0.0719625015 0.0163954639
v -0.0467402015 0.0734851186 0.0163950951
v -0.0467207069 0.0228427105 0.0163882437
v -0.0466887905 0.0736756617 0.0163770256
v -0.0466143729 0.0226257247 0.0163508685
v -0.0465862999 0.0286578598 0.041693119
v -0.0465862999 0.0677671432 0.041693119
v -0.0465859394 0.073832531 0.0163408747
v -0.0465758171 0.0283675423 0.0416837234
v -0.0465758171 0.068057457 0.0416837234
v -0.0465539856 0.0244624996 -0.0169561062
v -0.0465539856 0.0719625015 -0.0169561062
v -0.046552666 0.073491087 -0.0169556255
v -0.0465444565 0.0280799503 0.0416556206
v -0.0465444565 0.068345047 0.0416556206
v -0.0465338366 0.0228440326 -0.0169487687
v -0.0465033637 0.0736720007 -0.0169376718
v -0.0464925194 0.0277977829 0.0416090736
v -0.0464925194 0.0686272202 0.0416090736
v -0.0464262282 0.0739266815 0.0162847389
v -0.0464237455 0.0224976588 0.0162838662
v -0.0464204903 0.0275236912 0.0415445251
v -0.0464204903 0.0689013062 0.0415445251
v -0.0463952611 0.0225972106 -0.0168983059
v -0.046362474 0.0738618437 -0.0168863666
v -0.0463290443 0.0272602425 0.041462574
v -0.0463290443 0.0691647568 0.041462574
v -0.0462695389 0.0224624996 0.0162296638
v -0.0462695389 0.0739625015 0.0162296638
v -0.0462190437 0.0694150848 0.0413639946
v -0.0461824799 0.0224624996 0.0112640314
v -0.046177924 0.0739475482 -0.016819163
v -0.0461765447 0.0224769074 -0.0168186608
v -0.0461552811 0.0268924856 0.0413068523
v -0.0461149712 0.0286578598 -0.0422504272
v -0.0461149712 0.0677671432 -0.0422504272
v -0.0461045914 0.0283675423 -0.0422409134
v -0.0461045914 0.068057457 -0.0422409134
v -0.0460915184 0.0696499405 0.0412497101
v -0.0460735512 0.0280799503 -0.0422124596
v -0.0460735512 0.068345047 -0.0422124596
v -0.0460528755 0.0224624996 -0.0118187227
v -0.0460221367 0.0277977829 -0.0421653328
v -0.0460221367 0.0686272202 -0.0421653328
v -0.04595084 0.0275236912 -0.0420999794
v -0.04595084 0.0689013062 -0.0420999794
v -0.04594767 0.0265578709 0.0411207962
v -0.04594767 0.0698671265 0.0411207962
v -0.045860321 0.0272602425 -0.0420170059
v -0.045860321 0.0691647568 -0.0420170059
v -0.0457888412 0.0263603992 0.0409784584
v -0.0457888412 0.0700645981 0.0409784584
v -0.0457514343 0.0694150848 -0.0419171982
v -0.0456711024 0.0268604596 -0.0418435662
v -0.0456251984 0.0696499405 -0.0418014908
v -0.0456165237 0.0261844921 0.0408240318
v -0.0456165237 0.070240509 0.0408240318
v -0.0454828033 0.0265578709 -0.0416709671
v -0.0454828033 0.0698671265 -0.0416709671
v -0.0454323425 0.0260318031 0.0406589737
v -0.0454323425 0.0703931961 0.0406589737
v -0.0453255844 0.0263603992 -0.0415268555
v -0.0453255844 0.0700645981 -0.0415268555
v -0.045238018 0.0259037647 0.0404848289
v -0.045238018 0.0705212326 0.0404848289
v -0.045155014 0.0261844921 -0.0413705063
v -0.045155014 0.070240509 -0.0413705063
v -0.0450353813 0.0258015766 0.0403032303
v -0.0450353813 0.0706234207 0.0403032303
v -0.0449726982 0.0260318031 -0.0412033882
v -0.0449726982 0.0703931961 -0.0412033882
v -0.0449075165 0.0244624996 0.0208937607
v -0.0449075165 0.0719625015 0.0208937607
v -0.0449064255 0.0734870033 0.0208932514
v -0.0448877805 0.0228427105 0.0208845612
v -0.0448604859 0.0736679098 0.0208718393
v -0.0448544083 0.0224624996 0.0157322674
v -0.0448263321 0.025726202 0.0401158829
v -0.0448263321 0.0706987991 0.0401158829
v -0.0448200998 0.0226682938 0.0208530149
v -0.0447803421 0.0259037647 -0.0410270691
v -0.0447803421 0.0705212326 -0.0410270691
v -0.0446747093 0.0224624996 -0.0162717648
v -0.0446698532 0.0244624996 -0.021433527
v -0.0446698532 0.0719625015 -0.021433527
v -0.0446687679 0.0734870033 -0.0214330063
v -0.0446648611 0.0225303853 0.0207806561
v -0.0446621054 0.0738963051 0.0207793717
v -0.0446493154 0.0228395778 -0.0214236715
v -0.0446187162 0.0736772249 -0.0214089879
v -0.0446128273 0.0256783466 0.0399245491
v -0.0446128273 0.0707466507 0.0399245491
v -0.0445797577 0.0258015766 -0.0408432083
v -0.0445797577 0.0706234207 -0.0408432083
v -0.0445665443 0.0226462019 -0.0213839526
v -0.0445378227 0.0738160553 -0.0213701706
v -0.0444765377 0.0224637032 0.0206928759
v -0.0444765377 0.0739612961 0.0206928759
v -0.0444074711 0.0225160706 -0.0213076214
v -0.0444059067 0.0739101393 -0.0213068706
v -0.0443728218 0.025726202 -0.0406535263
v -0.0443728218 0.0706987991 -0.0406535263
v -0.0442411594 0.0739612961 -0.0212278156
v -0.044239151 0.0224635937 -0.0212268519
v -0.0441614838 0.0256783466 -0.0404598083
v -0.0441614838 0.0707466507 -0.0404598083
v -0.0430947647 0.0224624996 0.0200488148
v -0.0428667068 0.0224624996 -0.0205682793
v -0.0426417007 0.0244624996 0.0251906586
v -0.0426417007 0.0719625015 0.0251906586
v -0.0426407447 0.0734851186 0.0251900925
v -0.042622963 0.0228427105 0.0251795696
v -0.0425949434 0.0736732839 0.025162988
v -0.0425429611 0.0226463216 0.0251322257
v -0.0425156708 0.0738160553 0.0251160755
v -0.0424146327 0.0738974068 0.025056285
v -0.0424110875 0.022524937 0.025054187
v -0.0423559341 0.0244624996 -0.0257047119
v -0.0423559341 0.0719625015 -0.0257047119
v -0.0423549834 0.0734851186 -0.0257041344
v -0.042337831 0.0228467422 -0.0256937225
v -0.0423181454 0.0736567659 -0.0256817725
v -0.0422953491 0.0224721069 0.0249856968
v -0.0422953491 0.0739528961 0.0249856968
v -0.0422839012 0.0226847153 -0.025660984
v -0.0422737083 0.0286578598 0.0460544128
v -0.0422737083 0.0677671432 0.0460544128
v -0.0422641945 0.0283675423 0.0460440331
v -0.0422641945 0.068057457 0.0460440331
v -0.0422589149 0.0737796936 -0.0256458168
v -0.0422357445 0.0280799503 0.0460129929
v -0.0422357445 0.068345047 0.0460129929
v -0.0422324905 0.0224637032 0.0249484987
v -0.0422324905 0.0739612961 0.0249484987
v -0.0421970612 0.0225797096 -0.0256082699
v -0.0421886177 0.0277977829 0.0459615822
v -0.0421886177 0.0686272202 0.0459615822
v -0.0421835637 0.0738598633 -0.0256000765
v -0.0421232605 0.0275236912 0.0458902817
v -0.0421232605 0.0689013062 0.0458902817
v -0.0420500709 0.0739401438 -0.025519042
v -0.0420499973 0.0224846474 -0.0255189973
v -0.0420402908 0.0272602425 0.0457997627
v -0.0420402908 0.0691647568 0.0457997627
v -0.0419494648 0.0224637032 -0.0254579706
v -0.0419475604 0.0739614057 -0.0254568147
v -0.0419404831 0.0694150848 0.045690876
v -0.0418826275 0.0268924856 0.0456277599
v -0.0418247719 0.0696499405 0.0455646439
v -0.0417536774 0.0286578598 -0.0465630188
v -0.0417536774 0.0677671432 -0.0465630188
v -0.041744278 0.0283675423 -0.0465525322
v -0.041744278 0.068057457 -0.0465525322
v -0.0417161751 0.0280799503 -0.0465211716
v -0.0417161751 0.068345047 -0.0465211716
v -0.0416942482 0.0265578709 0.0454222488
v -0.0416942482 0.0698671265 0.0454222488
v -0.041669632 0.0277977829 -0.0464692345
v -0.041669632 0.0686272202 -0.0464692345
v -0.0416050797 0.0275236912 -0.0463972054
v -0.0416050797 0.0689013062 -0.0463972054
v -0.0415501366 0.0263603992 0.0452650261
v -0.0415501366 0.0700645981 0.0452650261
v -0.0415231323 0.0272602425 -0.0463057632
v -0.0415231323 0.0691647568 -0.0463057632
v -0.0414245529 0.0694150848 -0.0461957626
v -0.0413937874 0.0261844921 0.0450944557
v -0.0413937874 0.070240509 0.0450944557
v -0.0413769344 0.0269120571 -0.0461426271
v -0.0413102684 0.0696499405 -0.0460682373
v -0.0412266731 0.0260318031 0.0449121399
v -0.0412266731 0.0703931961 0.0449121399
v -0.0411813507 0.0265578709 -0.0459243851
v -0.0411813507 0.0698671265 -0.0459243851
v -0.041050354 0.0259037647 0.0447197838
v -0.041050354 0.0705212326 0.0447197838
v -0.0410390129 0.0263603992 -0.0457655563
v -0.0410390129 0.0700645981 -0.0457655563
v -0.0409204979 0.0224624996 0.024172102
v -0.0408845901 0.0261844921 -0.0455932426
v -0.0408845901 0.070240509 -0.0455932426
v -0.0408664932 0.0258015766 0.0445191994
v -0.0408664932 0.0706234207 0.0445191994
v -0.040719532 0.0260318031 -0.0454090576
v -0.040719532 0.0703931961 -0.0454090576
v -0.0406768112 0.025726202 0.0443122635
v -0.0406768112 0.0706987991 0.0443122635
v -0.0406462746 0.0224624996 -0.0246668892
v -0.0405453835 0.0259037647 -0.0452147369
v -0.0405453835 0.0705212326 -0.0452147369
v -0.0404830894 0.0256783466 0.0441009254
v -0.0404830894 0.0707466507 0.0441009254
v -0.0403637848 0.0258015766 -0.0450120964
v -0.0403637848 0.0706234207 -0.0450120964
v -0.0401764412 0.025726202 -0.0448030472
v -0.0401764412 0.0706987991 -0.0448030472
v -0.0399851074 0.0256783466 -0.0445895462
v -0.0399851074 0.0707466507 -0.0445895462
v -0.0399656296 0.0244624996 0.0292447777
v -0.0399656296 0.0719625015 0.0292447777
v -0.0399644969 0.073491087 0.0292439477
v -0.0399481527 0.0228411965 0.0292319674
v -0.0399197231 0.0736789651 0.0292111286
v -0.0398320844 0.0226003579 0.0291468909
v -0.0397984039 0.0738639574 0.0291222038
v -0.0397166862 0.0225005608 0.0290623055
v -0.0397166862 0.0739244385 0.0290623055
v -0.0396345024 0.0244624996 -0.0297285233
v -0.0396345024 0.0719625015 -0.0297285233
v -0.0396334516 0.0734892308 -0.0297277357
v -0.039625435 0.0224715634 0.028995421
v -0.0396211758 0.0739541149 0.0289922991
v -0.0396166087 0.0228386788 -0.0297150961
v -0.0395920123 0.0736702233 -0.0296966388
v -0.0395251891 0.0226231599 -0.0296464952
v -0.0395028286 0.073832531 -0.0296297159
v -0.0393475988 0.0224928227 -0.029513234
v -0.0393475205 0.07393197 -0.0295131752
v -0.0383525505 0.0224624996 0.028062418
v -0.0380348015 0.0224624996 -0.0285281239
v -0.0375544052 0.0286578598 0.0499719963
v -0.0375544052 0.0677671432 0.0499719963
v -0.0375459518 0.0283675423 0.0499607353
v -0.0375459518 0.068057457 0.0499607353
v -0.0375206795 0.0280799503 0.0499270554
v -0.0375206795 0.068345047 0.0499270554
v -0.0374788208 0.0277977829 0.049871273
v -0.0374788208 0.0686272202 0.049871273
v -0.0374207687 0.0275236912 0.049793911
v -0.0374207687 0.0689013062 0.049793911
v -0.0373470688 0.0272602425 0.049695694
v -0.0373470688 0.0691647568 0.049695694
v -0.0372584152 0.0270099144 0.049577549
v -0.0372584152 0.0694150848 0.049577549
v -0.0371556358 0.0267750568 0.0494405823
v -0.0371556358 0.0696499405 0.0494405823
v -0.0370396957 0.0265578709 0.0492860794
v -0.0370396957 0.0698671265 0.0492860794
v -0.0369906769 0.0286578598 -0.0504273605
v -0.0369906769 0.0677671432 -0.0504273605
v -0.0369823532 0.0283675423 -0.0504160042
v -0.0369823532 0.068057457 -0.0504160042
v -0.0369574585 0.0280799503 -0.0503820419
v -0.0369574585 0.068345047 -0.0503820419
v -0.0369162292 0.0277977829 -0.0503257904
v -0.0369162292 0.0686272202 -0.0503257904
v -0.0369116898 0.0263603992 0.04911549
v -0.0369116898 0.0700645981 0.04911549
v -0.0369050713 0.0244624996 0.0330170746
v -0.0369050713 0.0719625015 0.0330170746
v -0.0369042438 0.0734851186 0.0330163334
v -0.0368899554 0.0228484333 0.0330035287
v -0.0368655542 0.0736709061 0.0329816617
v -0.0368590469 0.0275236912 -0.0502477837
v -0.0368590469 0.0689013062 -0.0502477837
v -0.0367946655 0.0226131188 0.032918133
v -0.0367864571 0.0272602425 -0.0501487465
v -0.0367864571 0.0691647568 -0.0501487465
v -0.0367728119 0.0261844921 0.0489304161
v -0.0367728119 0.070240509 0.0489304161
v -0.0367698076 0.0738461418 0.0328958552
v -0.0367082405 0.0225215397 0.032840683
v -0.0367082405 0.0739034576 0.032840683
v -0.0366991348 0.0270099144 -0.0500296135
v -0.0366991348 0.0694150848 -0.0500296135
v -0.0366243706 0.0260318031 0.0487325974
v -0.0366243706 0.0703931961 0.0487325974
v -0.0366047323 0.0739486671 0.0327479201
v -0.0366000634 0.0224755933 0.0327437359
v -0.0365979004 0.0267750568 -0.0498915024
v -0.0365979004 0.0696499405 -0.0498915024
v -0.0365317764 0.0244624996 -0.0334662132
v -0.0365317764 0.0719625015 -0.0334662132
v -0.0365308213 0.0734888881 -0.0334653382
v -0.0365155031 0.0228434628 -0.0334512992
v -0.0364914744 0.073673892 -0.0334292742
v -0.0364837036 0.0265578709 -0.0497357063
v -0.0364837036 0.0698671265 -0.0497357063
v -0.0364677544 0.0259037647 0.0485238876
v -0.0364677544 0.0705212326 0.0485238876
v -0.0364618232 0.0226703838 -0.0334020937
v -0.0363576202 0.0263603992 -0.0495636902
v -0.0363202506 0.0225245395 -0.033272325
v -0.036319504 0.0739014274 -0.0332716408
v -0.0363044395 0.0258015766 0.0483062439
v -0.0363044395 0.0706234207 0.0483062439
v -0.0362830068 0.0701605495 -0.049461896
v -0.036220829 0.0261844921 -0.0493770676
v -0.0361631927 0.0224624996 -0.0331283607
v -0.0361631927 0.0739625015 -0.0331283607
v -0.0361359558 0.025726202 0.0480817146
v -0.0361359558 0.0706987991 0.0480817146
v -0.0360746193 0.0260318031 -0.0491775932
v -0.0360746193 0.0703931961 -0.0491775932
v -0.0359638824 0.0256783466 0.0478524055
v -0.0359638824 0.0707466507 0.0478524055
v -0.0359203568 0.0259037647 -0.0489671364
v -0.0359203568 0.0705212326 -0.0489671364
v -0.0357594948 0.0258015766 -0.0487476768
v -0.0357594948 0.0706234207 -0.0487476768
v -0.035593544 0.025726202 -0.0485212669
v -0.035593544 0.0706987991 -0.0485212669
v -0.035424057 0.0256783466 -0.0482900391
v -0.035424057 0.0707466507 -0.0482900391
v -0.0354156494 0.0224624996 0.0316822987
v -0.0350574379 0.0224624996 -0.0321147957
v -0.0334894981 0.0244624996 0.0364712181
v -0.0334894981 0.0719625015 0.0364712181
v -0.0334886837 0.0734870033 0.0364703312
v -0.0334735028 0.0228370926 0.0364537698
v -0.0334522355 0.0736743785 0.0364305678
v -0.0334217859 0.0226632181 0.0363973475
v -0.033294379 0.0739020255 0.0362583535
v -0.0332931165 0.0225222005 0.0362569761
v -0.0331516418 0.0224624996 0.0361026344
v -0.0331516418 0.0739625015 0.0361026344
v -0.0330776329 0.0244624996 -0.0368817863
v -0.0330776329 0.0719625015 -0.0368817863
v -0.033076828 0.0734870033 -0.0368808899
v -0.033062685 0.0228392879 -0.0368651074
v -0.0330416088 0.0736734604 -0.0368415899
v -0.0329776268 0.0226123447 -0.0367701958
v -0.0329549522 0.0738477656 -0.0367448934
v -0.0329012413 0.0225215397 -0.0366849594
v -0.0329012413 0.0739034576 -0.0366849594
v -0.0328084554 0.0224764963 -0.0365814233
v -0.0328084323 0.0739483318 -0.0365813976
v -0.0324738312 0.0286578598 0.0534081459
v -0.0324738312 0.0677671432 0.0534081459
v -0.032466526 0.0283675423 0.0533961105
v -0.032466526 0.068057457 0.0533961105
v -0.0324446754 0.0280799503 0.0533601151
v -0.0324446754 0.068345047 0.0533601151
v -0.0324084854 0.0277977829 0.0533004951
v -0.0324084854 0.0686272202 0.0533004951
v -0.0323582954 0.0275236912 0.0532178154
v -0.0323582954 0.0689013062 0.0532178154
v -0.0322945786 0.0272602425 0.0531128502
v -0.0322945786 0.0691647568 0.0531128502
v -0.0322179298 0.0270099144 0.0529865837
v -0.0322179298 0.0694150848 0.0529865837
v -0.0321380806 0.0224624996 0.0349968796
v -0.0321290703 0.0267750568 0.0528402023
v -0.0321290703 0.0696499405 0.0528402023
v -0.0320288353 0.0265578709 0.0526750793
v -0.0320288353 0.0698671265 0.0526750793
v -0.0319181652 0.0263603992 0.0524927635
v -0.0319181652 0.0700645981 0.0524927635
v -0.0318718395 0.0286578598 -0.0538062401
v -0.0318718395 0.0677671432 -0.0538062401
v -0.0318646679 0.0283675423 -0.0537941246
v -0.0318646679 0.068057457 -0.0537941246
v -0.0318432236 0.0280799503 -0.053757885
v -0.0318432236 0.068345047 -0.053757885
v -0.0318077049 0.0277977829 -0.0536978645
v -0.0318077049 0.0686272202 -0.0536978645
v -0.0317980957 0.070240509 0.0522949715
v -0.0317584476 0.0275236912 -0.053614624
v -0.0317584476 0.0689013062 -0.053614624
v -0.0317428551 0.0224624996 -0.0353923645
v -0.0317339268 0.0261081476 0.0521892624
v -0.0316959114 0.0272602425 -0.0535089531
v -0.0316959114 0.0691647568 -0.0535089531
v -0.0316697578 0.0703931961 0.0520835533
v -0.0316206856 0.0270099144 -0.0533818321
v -0.0316206856 0.0694150848 -0.0533818321
v -0.0315343552 0.0259037647 0.0518604965
v -0.0315343552 0.0705212326 0.0518604965
v -0.0315334778 0.0267750568 -0.0532344627
v -0.0315334778 0.0696499405 -0.0532344627
v -0.0314351025 0.0265578709 -0.053068222
v -0.0314351025 0.0698671265 -0.053068222
v -0.031393158 0.0258015766 0.0516278954
v -0.031393158 0.0706234207 0.0516278954
v -0.0313264847 0.0263603992 -0.0528846779
v -0.0313264847 0.0700645981 -0.0528846779
v -0.0312474918 0.025726202 0.0513879318
v -0.0312474918 0.0706987991 0.0513879318
v -0.0312086468 0.0261844921 -0.0526855469
v -0.0312086468 0.070240509 -0.0526855469
v -0.0310987244 0.0256783466 0.0511428604
v -0.0310987244 0.0707466507 0.0511428604
v -0.0310826893 0.0260318031 -0.052472702
v -0.0310826893 0.0703931961 -0.052472702
v -0.0309498005 0.0259037647 -0.0522481384
v -0.0309498005 0.0705212326 -0.0522481384
v -0.030811224 0.0258015766 -0.0520139656
v -0.030811224 0.0706234207 -0.0520139656
v -0.0306682625 0.025726202 -0.0517723846
v -0.0306682625 0.0706987991 -0.0517723846
v -0.0305222569 0.0256783466 -0.0515256577
v -0.0305222569 0.0707466507 -0.0515256577
v -0.0297518082 0.0244624996 0.0395739441
v -0.0297518082 0.0719625015 0.0395739441
v -0.0297510853 0.0734870033 0.0395729828
v -0.0297393778 0.0228460222 0.039557381
v -0.0297189136 0.0736745906 0.0395301099
v -0.0296751933 0.0226332699 0.0394718471
v -0.0296529989 0.073832531 0.0394422703
v -0.0295383979 0.0224940623 0.0392895467
v -0.0295358494 0.0739324566 0.0392861506
v -0.0293053341 0.0244624996 -0.0399423447
v -0.0293053341 0.0719625015 -0.0399423447
v -0.0293046873 0.0734847759 -0.0399414621
v -0.0292924623 0.0228427105 -0.0399247837
v -0.0292731982 0.0736725369 -0.0398985014
v -0.0292038454 0.022595358 -0.0398038841
v -0.0291838736 0.0738630616 -0.0397766369
v -0.0291228619 0.0225005608 -0.0396934013
v -0.0291228619 0.0739244385 -0.0396934013
v -0.029052856 0.0739541149 -0.0395978937
v -0.0290504763 0.0224702887 -0.0395946472
v -0.0285514088 0.0224624996 0.037974247
v -0.0281229744 0.0224624996 -0.0383292656
v -0.0270809231 0.0286578598 0.0563297653
v -0.0270809231 0.0677671432 0.0563297653
v -0.027074831 0.0283675423 0.05631707
v -0.027074831 0.068057457 0.05631707
v -0.0270566139 0.0280799503 0.0562791061
v -0.0270566139 0.068345047 0.0562791061
v -0.0270264416 0.0277977829 0.0562162285
v -0.0270264416 0.0686272202 0.0562162285
v -0.0269845982 0.0275236912 0.0561290283
v -0.0269845982 0.0689013062 0.0561290283
v -0.0269314766 0.0272602425 0.056018322
v -0.0269314766 0.0691647568 0.056018322
v -0.0268675728 0.0270099144 0.0558851509
v -0.0268675728 0.0694150848 0.0558851509
v -0.0267934895 0.0267750568 0.0557307625
v -0.0267934895 0.0696499405 0.0557307625
v -0.0267099228 0.0265578709 0.0555566101
v -0.0267099228 0.0698671265 0.0555566101
v -0.0266176548 0.0263603992 0.0553643265
v -0.0266176548 0.0700645981 0.0553643265
v -0.0265175514 0.0261844921 0.0551557159
v -0.0265175514 0.070240509 0.0551557159
v -0.0264464626 0.0286578598 -0.0566671143
v -0.0264464626 0.0677671432 -0.0566671143
v -0.0264405136 0.0283675423 -0.0566543541
v -0.0264405136 0.068057457 -0.0566543541
v -0.0264227238 0.0280799503 -0.056616188
v -0.0264227238 0.068345047 -0.056616188
v -0.0264105549 0.0260318031 0.0549327354
v -0.0264105549 0.0703931961 0.0549327354
v -0.026393259 0.0277977829 -0.0565529747
v -0.026393259 0.0686272202 -0.0565529747
v -0.0263523979 0.0275236912 -0.0564653091
v -0.0263523979 0.0689013062 -0.0564653091
v -0.0263005219 0.0272602425 -0.0563540154
v -0.0263005219 0.0691647568 -0.0563540154
v -0.0262976665 0.0259037647 0.0546974831
v -0.0262976665 0.0705212326 0.0546974831
v -0.0262381191 0.0270099144 -0.0562201347
v -0.0262381191 0.0694150848 -0.0562201347
v -0.0261799488 0.0258015766 0.0544521637
v -0.0261799488 0.0706234207 0.0544521637
v -0.0261657734 0.0267750568 -0.0560649261
v -0.0261657734 0.0696499405 -0.0560649261
v -0.0260841675 0.0265578709 -0.0558898468
v -0.0260841675 0.0698671265 -0.0558898468
v -0.0260585041 0.025726202 0.0541990776
v -0.0260585041 0.0706987991 0.0541990776
v -0.0259940643 0.0263603992 -0.055696537
v -0.0259940643 0.0700645981 -0.055696537
v -0.0259344749 0.0256783466 0.0539406013
v -0.0259344749 0.0707466507 0.0539406013
v -0.0258963089 0.0261844921 -0.0554868164
v -0.0258963089 0.070240509 -0.0554868164
v -0.0257918224 0.0260318031 -0.0552626495
v -0.0257918224 0.0703931961 -0.0552626495
v -0.0257279949 0.0244624996 0.0422953758
v -0.0257279949 0.0719625015 0.0422953758
v -0.0257273703 0.0734870033 0.0422943459
v -0.0257166958 0.0228427105 0.042276762
v -0.0257006777 0.0736702436 0.0422503749
v -0.0256815834 0.0259037647 -0.0550261421
v -0.0256815834 0.0705212326 -0.0550261421
v -0.0256779485 0.0226682938 0.042212932
v -0.025622542 0.0738610324 0.0421216586
v -0.0256216685 0.0225629583 0.0421202196
v -0.0255666275 0.0258015766 -0.0547795143
v -0.0255666275 0.0706234207 -0.0547795143
v -0.0255436419 0.0224853851 0.0419916799
v -0.0255409093 0.0739410163 0.0419871786
v -0.0254824106 0.0739611865 0.0418908126
v -0.0254812546 0.0224637032 0.0418889084
v -0.0254480343 0.025726202 -0.0545250816
v -0.0254480343 0.0706987991 -0.0545250816
v -0.0253269138 0.0256783466 -0.0542652321
v -0.0253269138 0.0707466507 -0.0542652321
v -0.025251215 0.0244624996 -0.0426184196
v -0.025251215 0.0719625015 -0.0426184196
v -0.0252506027 0.0734870033 -0.042617384
v -0.0252403215 0.0228425944 -0.0426000093
v -0.0252230195 0.073674961 -0.042570771
v -0.0251927834 0.0226463216 -0.0425196762
v -0.0251766338 0.0738160553 -0.0424923859
v -0.0251153747 0.0225260529 -0.0423888687
v -0.0251146996 0.0738997549 -0.0423877279
v -0.0250462532 0.0224721069 -0.0422720642
v -0.0250462532 0.0739528961 -0.0422720642
v -0.0250090561 0.0224637032 -0.0422092056
v -0.0250079216 0.0739614057 -0.0422072886
v -0.0246901741 0.0224624996 0.0405857162
v -0.0242326584 0.0224624996 -0.0408972168
v -0.0227204742 0.0739625015 0.000967880011
v -0.0227079659 0.0739625015 -0.00125975728
v -0.0225206623 0.0734625015 0.000959188223
v -0.0225206623 0.0737624969 0.000959188223
v -0.0225145741 0.0739625015 0.00318601656
v -0.0225082645 0.0734625015 -0.00124882233
v -0.0225082645 0.0737624969 -0.00124882233
v -0.0224771709 0.0739625015 -0.00347544193
v -0.0223165779 0.0734625015 0.00315778184
v -0.0223165779 0.0737624969 0.00315778184
v -0.0222795048 0.0734625015 -0.00344498539
v -0.0222795048 0.0737624969 -0.00344498539
v -0.0220922527 0.0739625015 0.00537329054
v -0.0220303135 0.0739625015 -0.00565783548
v -0.0218979759 0.0734625015 0.00532578468
v -0.0218979759 0.0737624969 0.00532578468
v -0.0218365841 0.0734625015 -0.00560815096
v -0.0218365841 0.0737624969 -0.00560815096
v -0.0214575729 0.0739625015 0.00750863743
v -0.02145681 0.0244624996 0.0446092987
v -0.02145681 0.0719625015 0.0446092987
v -0.021456242 0.0734892308 0.0446081148
v -0.0214473902 0.0228427105 0.0445896664
v -0.0214331529 0.0736738234 0.0445599959
v -0.0214276142 0.0286578598 0.0587087173
v -0.0214276142 0.0677671432 0.0587087173
v -0.0214227962 0.0283675423 0.058695488
v -0.0214227962 0.068057457 0.058695488
v -0.0214083881 0.0280799503 0.0586559181
v -0.0214083881 0.068345047 0.0586559181
v -0.0214072357 0.0226462019 0.0445059859
v -0.0213934536 0.0738160553 0.0444772644
v -0.0213845234 0.0277977829 0.0585903854
v -0.0213845234 0.0686272202 0.0585903854
v -0.0213716946 0.0739625015 -0.00778592062
v -0.021351429 0.0275236912 0.0584995041
v -0.021351429 0.0689013062 0.0584995041
v -0.0213332903 0.0739065651 0.0443518843
v -0.0213318586 0.0225175424 0.0443489005
v -0.021309412 0.0272602425 0.0583841248
v -0.021309412 0.0691647568 0.0583841248
v -0.0212688885 0.0734625015 0.00744231796
v -0.0212688885 0.0737624969 0.00744231796
v -0.0212588711 0.0270099144 0.0582453308
v -0.0212588711 0.0694150848 0.0582453308
v -0.0212510996 0.0224637032 0.0441806011
v -0.0212510996 0.0739612961 0.0441806011
v -0.0212002773 0.0267750568 0.0580844269
v -0.0212002773 0.0696499405 0.0580844269
v -0.0211837673 0.0734625015 -0.00771748638
v -0.0211837673 0.0737624969 -0.00771748638
v -0.021134182 0.0265578709 0.0579029236
v -0.021134182 0.0698671265 0.0579029236
v -0.0210612049 0.0263603992 0.0577025185
v -0.0210612049 0.0700645981 0.0577025185
v -0.0209820309 0.0261844921 0.0574851036
v -0.0209820309 0.070240509 0.0574851036
v -0.0209543171 0.0244624996 -0.0448842316
v -0.0209543171 0.0719625015 -0.0448842316
v -0.0209537697 0.0734888881 -0.0448830566
v -0.0209457989 0.0228487689 -0.0448659564
v -0.0209315952 0.0736735514 -0.0448354843
v -0.0209130183 0.0226665253 -0.0447956299
v -0.0208974056 0.0260318031 0.0572527084
v -0.0208974056 0.0703931961 0.0572527084
v -0.0208505898 0.0674625015 -0.00223785686
v -0.0208505898 0.0734625015 -0.00223785686
v -0.0208478336 0.0674625015 -0.00272852588
v -0.0208478336 0.0734625015 -0.00272852588
v -0.0208424214 0.073892635 -0.0446441707
v -0.0208417508 0.0225305998 -0.0446427319
v -0.0208081207 0.0259037647 0.0570075226
v -0.0208081207 0.0705212326 0.0570075226
v -0.0208052368 0.0674625015 -0.00174928057
v -0.0208052368 0.0734625015 -0.00174928057
v -0.020796999 0.0674625015 -0.00321656227
v -0.020796999 0.0734625015 -0.00321656227
v -0.0207667942 0.0286578598 -0.0589824371
v -0.0207667942 0.0677671432 -0.0589824371
v -0.020762125 0.0283675423 -0.0589691505
v -0.020762125 0.068057457 -0.0589691505
v -0.0207542296 0.0224637957 -0.0444549631
v -0.0207534332 0.0739612961 -0.0444532547
v -0.0207481632 0.0280799503 -0.0589294243
v -0.0207481632 0.068345047 -0.0589294243
v -0.0207250366 0.0277977829 -0.0588636284
v -0.0207250366 0.0686272202 -0.0588636284
v -0.0207150135 0.0258015766 0.0567518463
v -0.0207150135 0.0706234207 0.0567518463
v -0.0207122154 0.0674625015 -0.00126750219
v -0.0207122154 0.0734625015 -0.00126750219
v -0.0206985722 0.0674625015 -0.00369726563
v -0.0206985722 0.0734625015 -0.00369726563
v -0.0206929646 0.0275236912 -0.0587723808
v -0.0206929646 0.0689013062 -0.0587723808
v -0.0206522465 0.0272602425 -0.0586565361
v -0.0206522465 0.0691647568 -0.0586565361
v -0.0206189613 0.025726202 0.0564880753
v -0.0206189613 0.0706987991 0.0564880753
v -0.0206166477 0.0739625015 0.0095714922
v -0.0206032658 0.0270099144 -0.0585171852
v -0.0206032658 0.0694150848 -0.0585171852
v -0.0205915623 0.0224624996 0.0428061485
v -0.0205724163 0.0674625015 -0.00079716152
v -0.0205724163 0.0734625015 -0.00079716152
v -0.0205535011 0.0674625015 -0.00416600704
v -0.0205535011 0.0734625015 -0.00416600704
v -0.020546484 0.0267750568 -0.0583556328
v -0.020546484 0.0696499405 -0.0583556328
v -0.0205208645 0.0256783466 0.056218689
v -0.0205208645 0.0707466507 0.056218689
v -0.0205076599 0.0739625015 -0.00983920288
v -0.0204824295 0.0265578709 -0.0581733971
v -0.0204824295 0.0698671265 -0.0581733971
v -0.0204353733 0.0734625015 0.0094869976
v -0.0204353733 0.0737624969 0.0094869976
v -0.0204117088 0.0263603992 -0.057972187
v -0.0204117088 0.0700645981 -0.057972187
v -0.0203871918 0.0674625015 -0.00034278813
v -0.0203871918 0.0734625015 -0.00034278813
v -0.0203631859 0.0674625015 -0.00461827183
v -0.0203631859 0.0734625015 -0.00461827183
v -0.0203349819 0.0261844921 -0.0577538948
v -0.0203349819 0.070240509 -0.0577538948
v -0.0203273449 0.0734625015 -0.00975267792
v -0.0203273449 0.0737624969 -0.00975267792
v -0.0202529697 0.0260318031 -0.057520565
v -0.0202529697 0.0703931961 -0.057520565
v -0.0201664429 0.0259037647 -0.0572743912
v -0.0201664429 0.0705212326 -0.0572743912
v -0.0201583214 0.0674625015 9.12420154e-05
v -0.0201583214 0.0734625015 9.12420154e-05
v -0.0201294556 0.0674625015 -0.00504970455
v -0.0201294556 0.0734625015 -0.00504970455
v -0.0201093712 0.0224624996 -0.0430714798
v -0.0200762157 0.0258015766 -0.0570176849
v -0.0200762157 0.0706234207 -0.0570176849
v -0.0200695352 0.0724221591 -0.00267172754
v -0.0200691134 0.0724229433 -0.00225768227
v -0.02004624 0.072406636 -0.00184315918
v -0.0200448607 0.0724047529 -0.00308628844
v -0.0200007648 0.0724625015 -0.00226088524
v -0.0199998436 0.0724625015 -0.0026681459
v -0.0199868261 0.072457036 -0.00185183538
v -0.0199841661 0.0724574471 -0.00307714522
v -0.0199831314 0.025726202 -0.0567528534
v -0.0199831314 0.0706987991 -0.0567528534
v -0.01994129 0.0724276033 -0.00144147209
v -0.0199363855 0.0724282753 -0.00348721066
v -0.0198880634 0.0256783466 -0.0564823837
v -0.0198880634 0.0707466507 -0.0564823837
v -0.0198880119 0.0674625015 0.000500748992
v -0.0198880119 0.0734625015 0.000500748992
v -0.0198545647 0.0674625015 -0.00545615005
v -0.0198545647 0.0734625015 -0.00545615005
v -0.0198256431 0.0724211664 -0.00388588437
v -0.0198224957 0.072427857 -0.00104577262
v -0.019759552 0.0724625015 -0.00386206818
v -0.0196645607 0.072427993 -0.000664031288
v -0.0196576171 0.0724276404 -0.00426402984
v -0.0195788631 0.0674625015 0.000881789029
v -0.0195788631 0.0734625015 0.000881789029
v -0.0195775776 0.0739625015 0.0115419893
v -0.0195411568 0.0674625015 -0.00583369446
v -0.0195411568 0.0734625015 -0.00583369446
v -0.0194715219 0.072427012 -0.000298769053
v -0.019460482 0.072428365 -0.00462709182
v -0.0194465275 0.0739625015 -0.0117979069
v -0.0194054585 0.0734625015 0.011440134
v -0.0194054585 0.0737624969 0.011440134
v -0.0192755623 0.0734625015 -0.0116941252
v -0.0192755623 0.0737624969 -0.0116941252
v -0.0192692486 0.0723928528 6.48601696e-05
v -0.0192613047 0.0723806183 -0.00499315357
v -0.0192338562 0.0674625015 0.00123069251
v -0.0192338562 0.0734625015 0.00123069251
v -0.0192258736 0.072450328 3.28432099e-05
v -0.0192210751 0.0724429547 -0.0049631768
v -0.0191922531 0.0674625015 -0.00617870188
v -0.0191922531 0.0734625015 -0.00617870188
v -0.0190091095 0.0723797557 0.00039033095
v -0.0189711769 0.0724432816 0.000356107032
v -0.0189677276 0.0724295909 -0.00528891312
v -0.0188563118 0.0674625015 0.00154409933
v -0.0188563118 0.0734625015 0.00154409933
v -0.0188112144 0.0674625015 -0.00648784924
v -0.0188112144 0.0734625015 -0.00648784924
v -0.0186934125 0.0724034219 -0.0056007636
v -0.0186895939 0.0724277302 0.000657832831
v -0.0186522971 0.072457036 -0.00555519417
v -0.0184498653 0.0674625015 0.00181899118
v -0.0184498653 0.0734625015 0.00181899118
v -0.0184017067 0.0674625015 -0.00675815964
v -0.0184017067 0.0734625015 -0.00675815964
v -0.0183708199 0.0724277302 0.000920651042
v -0.0183660274 0.0724155641 -0.00585649053
v -0.0183503685 0.0739625015 0.0134011507
v -0.0183276148 0.0724607964 -0.00580445075
v -0.0181985188 0.0739625015 -0.0136431713
v -0.0181890602 0.0734625015 0.0132829151
v -0.0181890602 0.0737624969 0.0132829151
v -0.0181092415 0.0699625015 -0.00205029368
v -0.0181092415 0.0724625015 -0.00205029368
v -0.0180385494 0.0734625015 -0.0135231314
v -0.0180385494 0.0737624969 -0.0135231314
v -0.0180282248 0.0723944606 -0.00609907932
v -0.0180278207 0.0724277302 0.00115095841
v -0.0180184326 0.0674625015 0.00205272055
v -0.0180184326 0.0734625015 0.00205272055
v -0.0180045438 0.0724485736 -0.0060593658
v -0.017980793 0.0724625015 -0.00601953602
v -0.0179676762 0.0674625015 -0.00698702955
v -0.0179676762 0.0734625015 -0.00698702955
v -0.0176638992 0.0724277302 0.001346537
v -0.0176470473 0.0724266773 -0.00626570397
v -0.0175661697 0.0674625015 0.00224303699
v -0.0175661697 0.0734625015 0.00224303699
v -0.0175133038 0.0674625015 -0.00717225552
v -0.0175133038 0.0734625015 -0.00717225552
v -0.0173328934 0.0699625015 -0.0042046814
v -0.0173328934 0.0724625015 -0.0042046814
v -0.0172914103 0.0724053704 0.0015300642
v -0.0172708281 0.0724571569 0.00147294913
v -0.017264467 0.0724281484 -0.00642170098
v -0.0170974274 0.0674625015 0.00238810706
v -0.0170974274 0.0734625015 0.00238810706
v -0.017042963 0.0674625015 -0.00731205273
v -0.017042963 0.0734625015 -0.00731205273
v -0.0169793892 0.0244624996 0.0464934273
v -0.0169793892 0.0719625015 0.0464934273
v -0.0169790147 0.0734847759 0.046492399
v -0.0169722289 0.0228439034 0.0464737638
v -0.0169615866 0.0736684146 0.0464445385
v -0.0169468403 0.0739625015 0.015131073
v -0.0169217314 0.0225977023 0.0463350926
v -0.016909854 0.0738610324 0.0463024756
v -0.0168875657 0.072428102 0.00162668665
v -0.0168693446 0.0724271387 -0.00654254671
v -0.0168408039 0.0224764133 0.0461128572
v -0.0168402582 0.0739486575 0.0461113586
v -0.0167978973 0.0734625015 0.0149975958
v -0.0167978973 0.0737624969 0.0149975958
v -0.0167756519 0.0739625015 -0.0153572226
v -0.0166316605 0.0699625015 -0.000300763935
v -0.0166316605 0.0724625015 -0.000300763935
v -0.0166282177 0.0734625015 -0.0152220812
v -0.0166282177 0.0737624969 -0.0152220812
v -0.016616724 0.0674625015 0.00248653388
v -0.016616724 0.0734625015 0.00248653388
v -0.0165611839 0.0674625015 -0.00740507555
v -0.0165611839 0.0734625015 -0.00740507555
v -0.0164836945 0.0724227644 0.00171610409
v -0.0164735165 0.0724625015 0.00164854491
v -0.0164663022 0.0724141959 -0.00663920323
v -0.0164568396 0.0724607964 -0.00657440424
v -0.0164560204 0.0244624996 -0.0467179642
v -0.0164560204 0.0719625015 -0.0467179642
v -0.016455658 0.0734847759 -0.0467169325
v -0.0164486024 0.0228415353 -0.0466968599
v -0.0164384409 0.0736702959 -0.0466679499
v -0.0164121716 0.0226277388 -0.0465932113
v -0.0164014311 0.073832531 -0.0465626545
v -0.0163453255 0.0224980689 -0.0464030285
v -0.0163452959 0.0739266815 -0.0464029446
v -0.0162950478 0.0224624996 0.044614151
v -0.0162902222 0.0224624996 -0.046246254
v -0.0162902222 0.0739625015 -0.046246254
v -0.0161286869 0.0674625015 0.00253736949
v -0.0161286869 0.0734625015 0.00253736949
v -0.0160728275 0.0724022493 0.00177732569
v -0.016072607 0.0674625015 -0.00745042753
v -0.016072607 0.0734625015 -0.00745042753
v -0.0160697547 0.072455982 0.00171754246
v -0.0160523805 0.0724276033 -0.00666037607
v -0.0157928247 0.0224624996 -0.0448311234
v -0.0156597331 0.0724561547 0.00171834014
v -0.0156569447 0.0724029427 0.00177783927
v -0.0156392871 0.0724286276 -0.0066586731
v -0.0156380186 0.0674625015 0.00254012465
v -0.0156380186 0.0734625015 0.00254012465
v -0.0155819387 0.0674625015 -0.00744767237
v -0.0155819387 0.0734625015 -0.00744767237
v -0.0155683489 0.0286578598 0.0605220947
v -0.0155683489 0.0677671432 0.0605220947
v -0.0155648508 0.0283675423 0.0605084534
v -0.0155648508 0.068057457 0.0605084534
v -0.01555439 0.0280799503 0.0604676666
v -0.01555439 0.068345047 0.0604676666
v -0.0155370646 0.0277977829 0.0604001083
v -0.0155370646 0.0686272202 0.0604001083
v -0.0155130367 0.0275236912 0.0603064194
v -0.0155130367 0.0689013062 0.0603064194
v -0.0154825325 0.0272602425 0.0601874771
v -0.0154825325 0.0691647568 0.0601874771
v -0.015445838 0.0270099144 0.0600443993
v -0.015445838 0.0694150848 0.0600443993
v -0.0154032974 0.0267750568 0.0598785286
v -0.0154032974 0.0696499405 0.0598785286
v -0.0153805065 0.0739625015 0.0167150955
v -0.0153553114 0.0265578709 0.0596914177
v -0.0153553114 0.0698671265 0.0596914177
v -0.0153023281 0.0263603992 0.0594848289
v -0.0153023281 0.0700645981 0.0594848289
v -0.0152471382 0.0724282142 0.00170963743
v -0.0152453651 0.0734625015 0.0165676613
v -0.0152453651 0.0737624969 0.0165676613
v -0.0152448473 0.0261844921 0.0592606964
v -0.0152448473 0.070240509 0.0592606964
v -0.0152351813 0.0724607964 -0.00657164454
v -0.0152255776 0.0724154426 -0.00663539588
v -0.0151916304 0.0739625015 -0.0169235554
v -0.0151834068 0.0260318031 0.0590211258
v -0.0151834068 0.0703931961 0.0590211258
v -0.0151494427 0.0674625015 0.00249477243
v -0.0151494427 0.0734625015 0.00249477243
v -0.0151185837 0.0259037647 0.0587683716
v -0.0151185837 0.0705212326 0.0587683716
v -0.0150939026 0.0674625015 -0.00739683676
v -0.0150939026 0.0734625015 -0.00739683676
v -0.0150789661 0.0699625015 -0.00460953903
v -0.0150789661 0.0724625015 -0.00460953903
v -0.0150581522 0.0734625015 -0.0167746143
v -0.0150581522 0.0737624969 -0.0167746143
v -0.0150539761 0.0674625015 0.0126752005
v -0.0150539761 0.0734625015 0.0126752005
v -0.0150512209 0.0674625015 0.0121845312
v -0.0150512209 0.0734625015 0.0121845312
v -0.0150509872 0.0258015766 0.0585047989
v -0.0150509872 0.0706234207 0.0585047989
v -0.0150086241 0.0674625015 0.0131637764
v -0.0150086241 0.0734625015 0.0131637764
v -0.0150003853 0.0674625015 0.0116964951
v -0.0150003853 0.0734625015 0.0116964951
v -0.0149812517 0.025726202 0.0582328835
v -0.0149812517 0.0706987991 0.0582328835
v -0.0149156017 0.0674625015 0.0136455555
v -0.0149156017 0.0734625015 0.0136455555
v -0.0149100313 0.0256783466 0.0579551773
v -0.0149100313 0.0707466507 0.0579551773
v -0.0149019585 0.0674625015 0.0112157917
v -0.0149019585 0.0734625015 0.0112157917
v -0.014887536 0.0286578598 -0.0607299004
v -0.014887536 0.0677671432 -0.0607299004
v -0.0148841915 0.0283675423 -0.0607162247
v -0.0148841915 0.068057457 -0.0607162247
v -0.0148741894 0.0280799503 -0.0606753197
v -0.0148741894 0.068345047 -0.0606753197
v -0.0148576241 0.0277977829 -0.0606075745
v -0.0148576241 0.0686272202 -0.0606075745
v -0.0148418988 0.0724282381 0.00162975811
v -0.0148346491 0.0275236912 -0.0605136223
v -0.0148346491 0.0689013062 -0.0605136223
v -0.0148230018 0.0724280825 -0.00653722116
v -0.0148054829 0.0272602425 -0.0603943443
v -0.0148054829 0.0691647568 -0.0603943443
v -0.0147758045 0.0674625015 0.0141158962
v -0.0147758045 0.0734625015 0.0141158962
v -0.0147703972 0.0270099144 -0.0602508621
v -0.0147703972 0.0694150848 -0.0602508621
v -0.0147568884 0.0674625015 0.0107470503
v -0.0147568884 0.0734625015 0.0107470503
v -0.014729723 0.0267750568 -0.0600845222
v -0.014729723 0.0696499405 -0.0600845222
v -0.0146838398 0.0265578709 -0.0598968849
v -0.0146838398 0.0698671265 -0.0598968849
v -0.0146676645 0.0674625015 0.00240174985
v -0.0146676645 0.0734625015 0.00240174985
v -0.0146331806 0.0263603992 -0.0596897125
v -0.0146331806 0.0700645981 -0.0596897125
v -0.0146131992 0.0674625015 -0.00729840994
v -0.0146131992 0.0734625015 -0.00729840994
v -0.014590579 0.0674625015 0.0145702696
v -0.014590579 0.0734625015 0.0145702696
v -0.0145782204 0.0261844921 -0.0594649506
v -0.0145782204 0.070240509 -0.0594649506
v -0.0145665722 0.0674625015 0.0102947855
v -0.0145665722 0.0734625015 0.0102947855
v -0.014519474 0.0260318031 -0.0592247086
v -0.014519474 0.0703931961 -0.0592247086
v -0.0144605376 0.0724603313 0.00147092498
v -0.0144574928 0.0259037647 -0.0589712372
v -0.0144574928 0.0705212326 -0.0589712372
v -0.0144395908 0.0724146265 0.00152988719
v -0.0144284669 0.0724284112 -0.00641469634
v -0.0143928604 0.0258015766 -0.0587069244
v -0.0143928604 0.0706234207 -0.0587069244
v -0.0143777323 0.0699625015 -0.0007056216
v -0.0143777323 0.0724625015 -0.0007056216
v -0.0143617086 0.0674625015 0.0150042992
v -0.0143617086 0.0734625015 0.0150042992
v -0.0143328428 0.0674625015 0.00986335278
v -0.0143328428 0.0734625015 0.00986335278
v -0.0143261824 0.025726202 -0.0584342422
v -0.0143261824 0.0706987991 -0.0584342422
v -0.0142685111 0.0724270955 0.0125172822
v -0.0142646847 0.0724210499 0.0121034671
v -0.0142580853 0.0256783466 -0.0581557579
v -0.0142580853 0.0707466507 -0.0581557579
v -0.0142498372 0.072423246 0.0129304662
v -0.0142253645 0.0724043841 0.0116900268
v -0.014207705 0.0723944606 0.0133441993
v -0.0141973238 0.0674625015 0.0022619524
v -0.0141973238 0.0734625015 0.0022619524
v -0.0141940432 0.0724625015 0.0121094198
v -0.0141825695 0.0724625015 0.0129228811
v -0.0141663106 0.0724565694 0.0117009098
v -0.0141555595 0.0724500421 0.0133330603
v -0.0141444578 0.0674625015 -0.00715333986
v -0.0141444578 0.0734625015 -0.00715333986
v -0.0141024333 0.0724295909 0.0112932694
v -0.0140913982 0.0674625015 0.015413806
v -0.0140913982 0.0734625015 0.015413806
v -0.0140705212 0.0724266773 0.0137369343
v -0.0140642591 0.0724279034 0.00135395499
v -0.014057951 0.0674625015 0.00945690727
v -0.014057951 0.0734625015 0.00945690727
v -0.0140468687 0.0724275942 -0.0062565432
v -0.0139881566 0.0724142568 0.0108948255
v -0.013959905 0.0723786774 0.0141386807
v -0.0139495564 0.0724124985 0.014134222
v -0.0139257476 0.0724609514 0.0109196505
v -0.0139051425 0.0724504763 0.0141150871
v -0.0137977584 0.0724289563 0.0105266339
v -0.0137822504 0.0674625015 0.0157948465
v -0.0137822504 0.0734625015 0.0157948465
v -0.0137504483 0.0724228402 0.0144986401
v -0.013744544 0.0674625015 0.00907936287
v -0.013744544 0.0734625015 0.00907936287
v -0.0137429504 0.0674625015 0.00207672691
v -0.0137429504 0.0734625015 0.00207672691
v -0.013711486 0.0724519834 0.00114000221
v -0.0137064656 0.0724606413 -0.00602198878
v -0.013692193 0.0674625015 -0.00696302366
v -0.013692193 0.0734625015 -0.00696302366
v -0.0136907206 0.0724625015 0.0144656239
v -0.0136825937 0.0723955879 0.00118845387
v -0.0136780904 0.072431605 -0.00606908862
v -0.0136664543 0.0739625015 0.0181379623
v -0.013663319 0.0723797557 -0.00609360695
v -0.0136013851 0.0699625015 -0.00286000919
v -0.0136013851 0.0724625015 -0.00286000919
v -0.0135917971 0.0724277302 0.0101685728
v -0.0135464144 0.0734625015 0.0179779911
v -0.0135464144 0.0737624969 0.0179779911
v -0.0135262748 0.0724273119 0.0148462809
v -0.0134617081 0.0739625015 -0.0183270855
v -0.0134372435 0.0674625015 0.0161437492
v -0.0134372435 0.0734625015 0.0161437492
v -0.0133956404 0.0674625015 0.00873435497
v -0.0133956404 0.0734625015 0.00873435497
v -0.0133643793 0.0724156271 0.00982213872
v -0.0133596345 0.0724565694 -0.00580434451
v -0.0133549287 0.0724270955 0.000932193869
v -0.0133434725 0.0734625015 -0.0181657772
v -0.0133434725 0.0737624969 -0.0181657772
v -0.0133237547 0.0724043841 -0.00585249492
v -0.013313622 0.0724607964 0.00986260939
v -0.0133089199 0.0674625015 0.00184785688
v -0.0133089199 0.0734625015 0.00184785688
v -0.0132834108 0.0724206698 0.0151813636
v -0.0132607603 0.0674625015 -0.0067292943
v -0.0132607603 0.0734625015 -0.0067292943
v -0.0132292452 0.0724625015 0.0151356182
v -0.0130785263 0.0724259961 0.00952208007
v -0.0130596991 0.0674625015 0.0164571571
v -0.0130596991 0.0734625015 0.0164571571
v -0.0130366523 0.072451261 -0.00555098033
v -0.0130348779 0.072428102 0.000670883188
v -0.0130146008 0.0674625015 0.00842520809
v -0.0130146008 0.0734625015 0.00842520809
v -0.0129988872 0.0723940806 -0.00559245893
v -0.012993026 0.0724282753 0.0154761884
v -0.0128994131 0.0674625015 0.00157754648
v -0.0128994131 0.0734625015 0.00157754648
v -0.0128543148 0.0674625015 -0.00645440245
v -0.0128543148 0.0734625015 -0.00645440245
v -0.0127734064 0.0724303617 0.00924355713
v -0.0127417315 0.0724266773 0.000379673076
v -0.0127306965 0.0724286217 -0.00527430776
v -0.0127005332 0.0724033977 0.0157711916
v -0.0126626901 0.0724569563 0.0157237307
v -0.0126532536 0.0674625015 0.016732048
v -0.0126532536 0.0734625015 0.016732048
v -0.012605094 0.0674625015 0.00815489769
v -0.012605094 0.0734625015 0.00815489769
v -0.0125183725 0.0674625015 0.001268399
v -0.0125183725 0.0734625015 0.001268399
v -0.0124794389 0.0724270491 6.04090888e-05
v -0.0124767704 0.0674625015 -0.0061409955
v -0.0124767704 0.0734625015 -0.0061409955
v -0.0124681499 0.0724285381 -0.00495540191
v -0.0124574332 0.0724133634 0.00897529305
v -0.0124207589 0.0724606413 0.00902853922
v -0.0123482354 0.072428102 0.0159913143
v -0.012338851 0.0244624996 0.0479296227
v -0.012338851 0.0719625015 0.0479296227
v -0.012338529 0.0734888881 0.0479283656
v -0.0123329879 0.022837602 0.0479067595
v -0.0123243999 0.0736808975 0.0478732725
v -0.0123126278 0.0699625015 0.0128627634
v -0.0123126278 0.0724625015 0.0128627634
v -0.0123095417 0.0226419426 0.0478153364
v -0.0123024712 0.0738160553 0.0477877655
v -0.0122683164 0.0724505612 -0.000294158448
v -0.0122679325 0.0739066931 0.0476530949
v -0.0122649159 0.0225125623 0.0476413326
v -0.0122398153 0.0724274673 -0.00461111024
v -0.0122221323 0.0739610179 0.0474745096
v -0.0122218208 0.0674625015 0.0169657784
v -0.0122218208 0.0734625015 0.0169657784
v -0.01222047 0.072393298 -0.000265333312
v -0.012220174 0.0224635937 0.0474668746
v -0.0121710634 0.0674625015 0.0079260273
v -0.0121710634 0.0734625015 0.0079260273
v -0.0121694689 0.0674625015 0.0009233917
v -0.0121694689 0.0734625015 0.0009233917
v -0.0121317625 0.0674625015 -0.00579209185
v -0.0121317625 0.0734625015 -0.00579209185
v -0.0120954293 0.0724277302 0.00877340392
v -0.0120523773 0.0724273117 -0.000645972186
v -0.01204508 0.072427993 -0.00424673547
v -0.0119947259 0.0724222125 0.0162061678
v -0.0119631863 0.0724625015 0.0161451054
v -0.0119447565 0.0724625015 -0.00384441328
v -0.011938899 0.0724607964 -0.0010438475
v -0.0119040346 0.0724491043 -0.00103128386
v -0.011880183 0.0724221591 -0.00386735391
v -0.0118689384 0.0724032357 -0.00101863658
v -0.0118560629 0.0674625015 0.000545847237
v -0.0118560629 0.0734625015 0.000545847237
v -0.0118420057 0.0224624996 0.0459923172
v -0.0118226156 0.0674625015 -0.00541105175
v -0.0118226156 0.0734625015 -0.00541105175
v -0.0118211908 0.0739625015 0.0193859711
v -0.0117996483 0.0244624996 -0.0481019592
v -0.0117996483 0.0719625015 -0.0481019592
v -0.0117993622 0.0734870033 -0.04810079
v -0.011796188 0.0228642349 -0.0480878093
v -0.0117941307 0.0736071259 -0.0480793957
v -0.0117856245 0.0227268009 -0.0480446091
v -0.0117782113 0.0737461094 -0.0480142916
v -0.011774241 0.0724282753 -0.00142309227
v -0.011769556 0.0674625015 0.0171560936
v -0.011769556 0.0734625015 0.0171560936
v -0.0117692137 0.0724277302 -0.00346886135
v -0.0117549147 0.0225845053 -0.0479190215
v -0.0117458866 0.0738751087 -0.0478821018
v -0.0117376581 0.0723928528 0.00856091862
v -0.0117174082 0.0734625015 0.019215004
v -0.0117174082 0.0737624969 0.019215004
v -0.0117166901 0.0674625015 0.00774080181
v -0.0117166901 0.0734625015 0.00774080181
v -0.0117158814 0.0724504763 0.00861146359
v -0.0117152616 0.072451261 -0.00183147078
v -0.0117090968 0.0724493511 -0.00306061481
v -0.0116986758 0.0224713825 -0.0476890316
v -0.0116986758 0.073953618 -0.0476890316
v -0.0116966839 0.0724606413 -0.00224143236
v -0.0116947817 0.0724605122 -0.00265012443
v -0.0116597921 0.0723940806 -0.00182311456
v -0.0116565664 0.0723928528 -0.00306828561
v -0.0116330068 0.0724149105 -0.00223815989
v -0.0116302026 0.0724129841 -0.00265315066
v -0.0116148757 0.0724279466 0.016370004
v -0.0116025467 0.0739625015 -0.0195542946
v -0.011581171 0.0674625015 0.000139401481
v -0.011581171 0.0734625015 0.000139401481
v -0.0115523052 0.0674625015 -0.00500154495
v -0.0115523052 0.0734625015 -0.00500154495
v -0.0115362816 0.0699625015 0.0107083759
v -0.0115362816 0.0724625015 0.0107083759
v -0.0115006914 0.0734625015 -0.0193821735
v -0.0115006914 0.0737624969 -0.0193821735
v -0.0113474417 0.0674625015 -0.000292031229
v -0.0113474417 0.0734625015 -0.000292031229
v -0.0113376763 0.0724274673 0.00844624999
v -0.0113245878 0.0224624996 -0.0461591988
v -0.0113234348 0.0674625015 -0.0045675149
v -0.0113234348 0.0734625015 -0.0045675149
v -0.0113008146 0.0674625015 0.0173011646
v -0.0113008146 0.0734625015 0.0173011646
v -0.0112463493 0.0674625015 0.0076010046
v -0.0112463493 0.0734625015 0.0076010046
v -0.0112239242 0.0724270955 0.0165036795
v -0.0111571255 0.0674625015 -0.000744296014
v -0.0111571255 0.0734625015 -0.000744296014
v -0.0111382093 0.0674625015 -0.00411314154
v -0.0111382093 0.0734625015 -0.00411314154
v -0.0110120544 0.0674625015 -0.00121303725
v -0.0110120544 0.0734625015 -0.00121303725
v -0.0109984121 0.0674625015 -0.00364280081
v -0.0109984121 0.0734625015 -0.00364280081
v -0.0109451328 0.0723928528 0.00830824966
v -0.010933093 0.0724513934 0.00836461282
v -0.0109136276 0.0674625015 -0.00169374073
v -0.0109136276 0.0734625015 -0.00169374073
v -0.0109053898 0.0674625015 -0.00316102219
v -0.0109053898 0.0734625015 -0.00316102219
v -0.010862792 0.0674625015 -0.002181777
v -0.010862792 0.0734625015 -0.002181777
v -0.0108600368 0.0674625015 -0.00267244601
v -0.0108600368 0.0734625015 -0.00267244601
v -0.0108350468 0.0699625015 0.0146122932
v -0.0108350468 0.0724625015 0.0146122932
v -0.0108338099 0.0674625015 -0.0147143993
v -0.0108338099 0.0734625015 -0.0147143993
v -0.0108310547 0.0674625015 -0.0152050686
v -0.0108310547 0.0734625015 -0.0152050686
v -0.010821497 0.0724284112 0.016596991
v -0.0108201113 0.0674625015 0.0173995914
v -0.0108201113 0.0734625015 0.0173995914
v -0.0107884569 0.0674625015 -0.0142258234
v -0.0107884569 0.0734625015 -0.0142258234
v -0.0107802191 0.0674625015 -0.0156931047
v -0.0107802191 0.0734625015 -0.0156931047
v -0.0107645712 0.0674625015 0.00750798178
v -0.0107645712 0.0734625015 0.00750798178
v -0.0106954346 0.0674625015 -0.0137440453
v -0.0106954346 0.0734625015 -0.0137440453
v -0.0106817923 0.0674625015 -0.0161738091
v -0.0106817923 0.0734625015 -0.0161738091
v -0.0105556374 0.0674625015 -0.0132737045
v -0.0105556374 0.0734625015 -0.0132737045
v -0.0105367222 0.0674625015 -0.0166425495
v -0.0105367222 0.0734625015 -0.0166425495
v -0.0105314667 0.0724218341 0.00826494038
v -0.0105236759 0.0724625015 0.00833403683
v -0.010415019 0.0723928528 0.0166861965
v -0.0104105608 0.0724493511 0.0166332974
v -0.0103704119 0.0674625015 -0.0128193312
v -0.0103704119 0.0734625015 -0.0128193312
v -0.010346405 0.0674625015 -0.0170948143
v -0.010346405 0.0734625015 -0.0170948143
v -0.0103321896 0.0734625015 0.000428989708
v -0.0103320751 0.0674625015 0.0174504261
v -0.0103320751 0.0734625015 0.0174504261
v -0.0103265133 0.0734625015 -0.00058178848
v -0.0102759953 0.0674625015 0.0074626298
v -0.0102759953 0.0734625015 0.0074626298
v -0.0102387638 0.0734625015 0.00143545699
v -0.0102217922 0.0734625015 -0.00158714318
v -0.0101415415 0.0674625015 -0.0123853006
v -0.0101415415 0.0734625015 -0.0123853006
v -0.0101180706 0.0724276406 0.00824851325
v -0.0101126757 0.0674625015 -0.017526247
v -0.0101126757 0.0734625015 -0.017526247
v -0.0100877962 0.0674625015 -0.0150108318
v -0.0100750923 0.0674625015 -0.0145939503
v -0.0100595779 0.0674625015 -0.0154269514
v -0.0100506988 0.0724229574 -0.0150101407
v -0.0100471373 0.0734625015 0.00242792058
v -0.0100389859 0.0724215181 -0.0145968282
v -0.0100324726 0.0652624969 0.000415952027
v -0.0100324726 0.0731624985 0.000415952027
v -0.0100269623 0.0652624969 -0.000565385997
v -0.0100269623 0.0731624985 -0.000565385997
v -0.0100227269 0.0724229574 -0.0154226273
v -0.0100215874 0.0674625015 -0.0141803207
v -0.0100190325 0.0734625015 -0.00257739234
v -0.00999979591 0.0724565694 0.0166342723
v -0.00999895559 0.0724055325 0.0166938393
v -0.0099907093 0.0674625015 -0.0158383007
v -0.00998300788 0.0724249514 -0.0141872505
v -0.00997028637 0.0724973984 8.80739242e-05
v -0.00996154406 0.0724197068 -0.0158319329
v -0.00995314781 0.0726438716 8.78897097e-05
v -0.00994176769 0.0652624969 0.00139310467
v -0.00994176769 0.0731624985 0.00139310467
v -0.00993293858 0.0724973984 -0.000885590017
v -0.00992779732 0.0674625015 -0.0137739277
v -0.00992529106 0.0652624969 -0.00154145849
v -0.00992529106 0.0731624985 -0.00154145849
v -0.00992228328 0.0723877599 -0.013775489
v -0.00991922283 0.072779808 8.75250772e-05
v -0.00991729138 0.0726359475 -0.000884218481
v -0.00991201973 0.0724973984 0.00106071019
v -0.00990412045 0.0725930252 0.0010598464
v -0.00989301109 0.0724625015 -0.0158169689
v -0.00988714695 0.0726874542 0.00105799019
v -0.00988185215 0.0674625015 -0.0162409191
v -0.00987154408 0.0724489527 -0.0137898546
v -0.00987123108 0.0674625015 -0.0119757938
v -0.00987123108 0.0734625015 -0.0119757938
v -0.00986248589 0.0739625015 0.0204471016
v -0.00985786944 0.0729219695 8.68656555e-05
v -0.00985133266 0.0728535021 -0.000878437218
v -0.00984517202 0.0724223592 -0.016229043
v -0.00984140587 0.0674625015 0.0174531822
v -0.00984140587 0.0734625015 0.0174531822
v -0.00983778381 0.0674625015 -0.0179326935
v -0.00983778381 0.0734625015 -0.0179326935
v -0.0098262807 0.0728632308 0.00105133415
v -0.00980033398 0.0724973984 -0.0018509047
v -0.00979462528 0.0674625015 -0.013378685
v -0.009785326 0.0674625015 0.00746538496
v -0.009785326 0.0734625015 0.00746538496
v -0.00978348849 0.0726438716 -0.00184774165
v -0.00977596092 0.0734625015 0.0202667885
v -0.00977596092 0.0737624969 0.0202667885
v -0.00976067457 0.072421864 -0.0133920126
v -0.00975915432 0.0734625015 0.00339682245
v -0.00975869751 0.0724973984 0.0020229516
v -0.009755723 0.0652624969 0.00235666156
v -0.009755723 0.0731624985 0.00235666156
v -0.00974256659 0.0726402397 0.00201956236
v -0.00973405647 0.0674625015 -0.0166309299
v -0.00972843742 0.0652624969 -0.00250286555
v -0.00972843742 0.0731624985 -0.00250286555
v -0.00972637815 0.0730710948 -0.000867484863
v -0.00972538926 0.0731143004 8.54417445e-05
v -0.00972018814 0.0734625015 -0.00354299927
v -0.00970895041 0.0728777199 -0.00183374619
v -0.00970704902 0.0724197246 -0.0166191494
v -0.00970512583 0.0724274673 0.00826217639
v -0.00970365 0.0730740128 0.00103792387
v -0.00968886797 0.0728319766 0.00200827968
v -0.00964239693 0.0724625015 -0.0165909481
v -0.00963241959 0.0729549255 0.00199641943
v -0.00963204956 0.0739625015 -0.0205933647
v -0.00962335396 0.0674625015 -0.0129983978
v -0.00959343576 0.0732134743 -0.000855832398
v -0.00959343243 0.0732451096 8.40234607e-05
v -0.00958956988 0.0724237892 -0.0130156551
v -0.00958956598 0.0724506245 0.0166186578
v -0.00958327351 0.0723928528 0.0166744652
v -0.00957649439 0.0732105983 0.00102401881
v -0.00957375145 0.0724973984 -0.00279857373
v -0.0095620842 0.0674625015 -0.0115947533
v -0.0095620842 0.0734625015 -0.0115947533
v -0.00955962871 0.0731143004 -0.00180570913
v -0.00955955505 0.0286578598 0.06175243
v -0.00955955505 0.0677671432 0.06175243
v -0.00955867221 0.0726359475 -0.00279417584
v -0.00955741119 0.0283675423 0.0617385139
v -0.00955741119 0.068057457 0.0617385139
v -0.00955099869 0.0280799503 0.0616968956
v -0.00955099869 0.068345047 0.0616968956
v -0.0095487442 0.0674625015 -0.0170045757
v -0.00954755497 0.0734625015 -0.0204120903
v -0.00954755497 0.0737624969 -0.0204120903
v -0.00954037762 0.0277977829 0.0616279678
v -0.00954037762 0.0686272202 0.0616279678
v -0.00952564907 0.0275236912 0.0615323753
v -0.00952564907 0.0689013062 0.0615323753
v -0.00952559177 0.07241515 -0.0169916406
v -0.00952437782 0.0674625015 -0.0183102379
v -0.00952437782 0.0734625015 -0.0183102379
v -0.00951934168 0.0731141697 0.00197266065
v -0.0095117979 0.0724973984 0.00296553159
v -0.00950695038 0.0272602425 0.0614110146
v -0.00950695038 0.0691647568 0.0614110146
v -0.00949607658 0.0726402397 0.00296057749
v -0.00949280543 0.0728582624 -0.00277496609
v -0.00948445702 0.0270099144 0.0612650261
v -0.00948445702 0.0694150848 0.0612650261
v -0.00947788577 0.073323143 8.27815607e-05
v -0.00947612858 0.0652624969 0.00329734302
v -0.00947612858 0.0731624985 0.00329734302
v -0.00946144485 0.0724625015 -0.0169558029
v -0.00945996284 0.0733011703 0.00101127541
v -0.00945837975 0.0267750568 0.0610957832
v -0.00945837975 0.0696499405 0.0610957832
v -0.00944927112 0.0728170713 0.00294582794
v -0.0094386363 0.0733253403 -0.000842264175
v -0.00943829727 0.0652624969 -0.00344034791
v -0.00943829727 0.0731624985 -0.00344034791
v -0.00942993069 0.0732451096 -0.00178135669
v -0.00942896461 0.0265578709 0.0609048729
v -0.00942896461 0.0698671265 0.0609048729
v -0.0094156332 0.0674625015 -0.0126367302
v -0.00941138532 0.0723864547 -0.0126394556
v -0.0094007206 0.0730360794 -0.00274810982
v -0.00939648628 0.0263603992 0.0606940842
v -0.00939648628 0.0700645981 0.0606940842
v -0.00939098072 0.0724332123 -0.0126525459
v -0.00938987446 0.0732451096 0.00194545841
v -0.0093887291 0.0729549255 0.00292674971
v -0.00937759018 0.0734625015 0.00433283138
v -0.00936124992 0.0261844921 0.0604653969
v -0.00936124992 0.070240509 0.0604653969
v -0.00935501046 0.0724557894 -0.0126756236
v -0.00935282993 0.0674625015 0.0174078293
v -0.00935282993 0.0734625015 0.0174078293
v -0.00933091868 0.0733711436 0.000997163759
v -0.00932813644 0.0734625015 -0.00447466469
v -0.00932770061 0.0674625015 -0.0173582592
v -0.00932358742 0.0260318031 0.0602209587
v -0.00932358742 0.0703931961 0.0602209587
v -0.00930196145 0.0724571569 0.00835169057
v -0.00929728985 0.0674625015 0.00751622057
v -0.00929728985 0.0734625015 0.00751622057
v -0.00929685204 0.0724233186 -0.017336805
v -0.00929090741 0.0724055325 0.00829170935
v -0.00928385162 0.0259037647 0.0599630661
v -0.00928385162 0.0705212326 0.0599630661
v -0.0092823534 0.0699625015 0.0103035183
v -0.0092823534 0.0724625015 0.0103035183
v -0.00927562212 0.0731830778 -0.00271162505
v -0.00927529102 0.073344557 -0.00175232108
v -0.00926888855 0.0734042857 -0.000827385673
v -0.00925537109 0.0724973984 -0.00371947026
v -0.00925024808 0.0731418275 0.00288311146
v -0.00924890296 0.0734196455 8.03204344e-05
v -0.00924241543 0.0258015766 0.0596941376
v -0.00924241543 0.0706234207 0.0596941376
v -0.00924007607 0.0726402397 -0.00371332645
v -0.00923609189 0.0733442657 0.00191314715
v -0.0092170763 0.0674625015 -0.0112458506
v -0.0092170763 0.0734625015 -0.0112458506
v -0.00920088291 0.0734213181 0.000982943714
v -0.00919966698 0.025726202 0.0594166946
v -0.00919966698 0.0706987991 0.0594166946
v -0.00919331473 0.0728204588 -0.00369454358
v -0.00917935562 0.0724279159 0.0165743814
v -0.00917547417 0.0674625015 -0.0186552448
v -0.00917547417 0.0734625015 -0.0186552448
v -0.00917369843 0.0724973984 0.00387937236
v -0.00917346191 0.0674625015 -0.012297164
v -0.00916357366 0.0724010169 -0.0123049759
v -0.00915853834 0.0726402397 0.0038729012
v -0.00915600967 0.0256783466 0.0591333466
v -0.00915600967 0.0707466507 0.0591333466
v -0.00913563442 0.0729549255 -0.0036713748
v -0.00911596976 0.0724567095 -0.0123425821
v -0.00910567665 0.0652624969 0.0042060895
v -0.00910567665 0.0731624985 0.0042060895
v -0.00909038962 0.0728729596 0.00384381092
v -0.00907305431 0.0674625015 -0.0176885719
v -0.00905766487 0.0652624969 -0.00434487724
v -0.00905766487 0.0731624985 -0.00434487724
v -0.00905160364 0.0733490211 -0.00264629065
v -0.00904371538 0.0724248661 -0.0176635658
v -0.00902845764 0.0734597366 7.79510722e-05
v -0.00901355505 0.0734550323 0.000962458324
v -0.00901300097 0.073432724 0.00186627364
v -0.00900991535 0.0734400719 -0.00170249343
v -0.00900359427 0.0734573056 -0.000804132441
v -0.0090002773 0.0731440298 -0.00361700488
v -0.00899335866 0.0733490468 0.00280215979
v -0.00897468127 0.0730827666 0.00379441962
v -0.00890611744 0.0734625015 0.00522693348
v -0.00889927147 0.0724500421 0.00843225346
v -0.00889917469 0.0674625015 -0.0119829702
v -0.00889785341 0.0723764378 -0.0119842432
v -0.00889343166 0.073181839 0.00375973725
v -0.00888432961 0.0723928528 0.00838037453
v -0.00887105083 0.0674625015 0.0173148079
v -0.00887105083 0.0734625015 0.0173148079
v -0.0088653059 0.0286578598 -0.0618926849
v -0.0088653059 0.0677671432 -0.0618926849
v -0.00886331844 0.0283675423 -0.061878746
v -0.00886331844 0.068057457 -0.061878746
v -0.00886185987 0.0724423872 -0.0120189204
v -0.00885737324 0.0280799503 -0.061837059
v -0.00885737324 0.068345047 -0.061837059
v -0.00884826088 0.0724973984 -0.00460472584
v -0.0088475275 0.0277977829 -0.0617680168
v -0.0088475275 0.0686272202 -0.0617680168
v -0.00884665394 0.0734625015 -0.00536341619
v -0.0088395319 0.0674625015 -0.0109324436
v -0.0088395319 0.0734625015 -0.0109324436
v -0.0088353769 0.0734598134 0.00182895318
v -0.00883490308 0.0726323706 -0.00459776942
v -0.0088338728 0.0275236912 -0.0616722641
v -0.0088338728 0.0689013062 -0.0616722641
v -0.00883004587 0.0734358347 -0.00258167382
v -0.00882707977 0.0732451096 0.00373141432
v -0.0088181076 0.0734625015 -0.00166647899
v -0.00881658649 0.0674625015 0.00761464739
v -0.00881658649 0.0734625015 0.00761464739
v -0.00881653786 0.0272602425 -0.0615507011
v -0.00881653786 0.0691647568 -0.0615507011
v -0.00880296707 0.072779808 -0.00458113813
v -0.00879813194 0.0724625015 0.0164118233
v -0.00879568577 0.0694150848 -0.0614044724
v -0.00879443359 0.0674625015 -0.0189643917
v -0.00879443359 0.0734625015 -0.0189643917
v -0.00878725719 0.0674625015 -0.0179923363
v -0.00878359795 0.0268924856 -0.0613197098
v -0.00877926254 0.0723991489 -0.0179840369
v -0.00877715744 0.0724224618 0.0164776136
v -0.00877151012 0.0696499405 -0.0612349472
v -0.00875964917 0.073344557 -0.00352035002
v -0.00875296831 0.0729120827 -0.00455509996
v -0.00874765491 0.0724973984 0.00475567293
v -0.00874533698 0.0734401268 0.00272400278
v -0.00874424076 0.0265578709 -0.0610437164
v -0.00874424076 0.0698671265 -0.0610437164
v -0.00873645732 0.0724565694 -0.0179396072
v -0.00873320198 0.0726402397 0.00474774718
v -0.00871733904 0.0733253403 0.00368456995
v -0.00871413136 0.0263603992 -0.0608325768
v -0.00871413136 0.0700645981 -0.0608325768
v -0.00870634365 0.0734578934 -0.00254559612
v -0.00868840027 0.0730360794 -0.00452147532
v -0.00868763208 0.0728245239 0.00472275615
v -0.0086814661 0.0261844921 -0.060603508
v -0.0086814661 0.070240509 -0.060603508
v -0.00864793682 0.0652624969 0.00507415009
v -0.00864793682 0.0731624985 0.00507415009
v -0.00864655018 0.0260318031 -0.0603586617
v -0.00864655018 0.0703931961 -0.0603586617
v -0.00863451576 0.0729549255 0.00469362688
v -0.00861433125 0.0734625015 -0.00251876092
v -0.0086097126 0.0259037647 -0.060100338
v -0.0086097126 0.0705212326 -0.060100338
v -0.0085954113 0.0674625015 -0.0116971731
v -0.00859020519 0.0652624969 -0.00520774269
v -0.00859020519 0.0731624985 -0.00520774269
v -0.00858111954 0.0699625015 0.0142074356
v -0.00858111954 0.0724625015 0.0142074356
v -0.00857964632 0.0731761165 -0.00446483914
v -0.0085712986 0.0258015766 -0.0598309593
v -0.0085712986 0.0706234207 -0.0598309593
v -0.00857044741 0.0724240164 -0.0117264625
v -0.00855861378 0.0734625015 0.00266516209
v -0.00853166962 0.025726202 -0.0595530586
v -0.00853166962 0.0706987991 -0.0595530586
v -0.00851921328 0.0724605122 0.008587761
v -0.00851000791 0.0734200659 0.00359606817
v -0.00850995988 0.0731390766 0.00462531907
v -0.00850909379 0.0734400719 -0.0034197077
v -0.00849502365 0.0724123729 0.00852694959
v -0.00849119568 0.0256783466 -0.0592692375
v -0.00849119568 0.0707466507 -0.0592692375
v -0.00847306347 0.0674625015 -0.0182666225
v -0.00846173403 0.0724068576 -0.018252282
v -0.00844492531 0.0733011703 -0.00439468002
v -0.0084330864 0.0674625015 -0.0106575518
v -0.0084330864 0.0734625015 -0.0106575518
v -0.00841982573 0.0724606413 -0.0181992321
v -0.00840151899 0.0724504763 0.0163043484
v -0.00840071011 0.0674625015 0.0171750107
v -0.00840071011 0.0734625015 0.0171750107
v -0.0083849268 0.0674625015 -0.0192347031
v -0.0083849268 0.0734625015 -0.0192347031
v -0.00837974281 0.0723928528 0.0163548931
v -0.00837140656 0.0733495102 -0.00435639381
v -0.00835634041 0.0724973984 -0.00544581509
v -0.00834927845 0.0734625015 0.00607051802
v -0.00834892654 0.0733011703 0.00453700686
v -0.00834784508 0.0674625015 0.00775971746
v -0.00834784508 0.0734625015 0.00775971746
v -0.00834269619 0.0734578934 0.0035246489
v -0.00834134587 0.0726481088 -0.00543602725
v -0.00832799721 0.0734625015 -0.00334696531
v -0.00828037739 0.0734625015 -0.00620069408
v -0.00828032644 0.0728725666 -0.00539619722
v -0.00826509762 0.0674625015 -0.0114425278
v -0.00825454521 0.0734625015 0.00348702073
v -0.00825029026 0.0734069401 -0.00429331983
v -0.00824470076 0.0724218984 -0.0114718565
v -0.00823777008 0.0724973984 0.00558599472
v -0.00823510603 0.0733711436 0.00447458634
v -0.00822416353 0.0726402397 0.00557669044
v -0.00820541 0.0730360794 -0.00534729624
v -0.00819561672 0.072779808 0.00555716848
v -0.00816690826 0.0728692398 0.0055375371
v -0.00815621662 0.0731119461 -0.00531518507
v -0.00814827585 0.0724607964 0.00875920916
v -0.00813349724 0.0674625015 -0.0185087929
v -0.00813349724 0.0723625031 -0.0185087929
v -0.00813125801 0.0729549255 0.00551315784
v -0.0081245209 0.0724137834 -0.0184948023
v -0.00811893177 0.0724161317 0.0087023982
v -0.00810731602 0.0652624969 0.00589316416
v -0.00810731602 0.0731624985 0.00589316416
v -0.00809399062 0.0724564118 -0.0184472162
v -0.00809246159 0.0699625015 -0.0145268364
v -0.00809246159 0.0724625015 -0.0145268364
v -0.00807095385 0.0732134743 -0.00525953054
v -0.00805129194 0.073454077 -0.00418968725
v -0.00804042149 0.0652624969 -0.00602063417
v -0.00804042149 0.0731624985 -0.00602063417
v -0.00803817336 0.0734411138 0.00436658653
v -0.00803248136 0.0724504763 0.0161233943
v -0.00800747345 0.0731480371 0.00542850918
v -0.00800585556 0.0723928528 0.0161715614
v -0.00800165367 0.0674625015 -0.0104238224
v -0.00800165367 0.0734625015 -0.0104238224
v -0.00795089674 0.0674625015 -0.0194635735
v -0.00795089674 0.0734625015 -0.0194635735
v -0.00794633675 0.0674625015 0.0169897842
v -0.00794633675 0.0734625015 0.0169897842
v -0.00794398412 0.073323143 -0.00517665195
v -0.0079114151 0.0674625015 -0.0112214842
v -0.00790177541 0.0724098558 -0.0112387378
v -0.00789558029 0.0674625015 0.00795003366
v -0.00789558029 0.0734625015 0.00795003366
v -0.00787138462 0.0734625015 0.00427511787
v -0.00787000521 0.0724605122 -0.0112956025
v -0.00786239481 0.0733011703 0.00532929897
v -0.00783315086 0.0733896866 -0.0051043067
v -0.0078092041 0.0739625015 0.0213111382
v -0.00780477238 0.0699625015 0.0120530481
v -0.00780477238 0.0724625015 0.0120530481
v -0.00778434801 0.0724973984 -0.00623463726
v -0.00777260419 0.0726323706 -0.00622520884
v -0.00777182913 0.0674625015 -0.0187165146
v -0.00776941592 0.0724275748 0.00892488437
v -0.00775445337 0.0724235886 -0.018682498
v -0.00774076986 0.0734625015 0.0211232109
v -0.00774076986 0.0737624969 0.0211232109
v -0.00772181303 0.0734316871 -0.00503163147
v -0.00772103641 0.0733866707 0.00523263292
v -0.00771547786 0.072868138 -0.00617934502
v -0.00771243429 0.0734625015 0.00685546064
v -0.00769664192 0.0724606413 0.0158872723
v -0.00766003868 0.0724143219 0.0159404145
v -0.00764895487 0.0724973984 0.00636234045
v -0.00764380074 0.0730360794 -0.00612179899
v -0.00763632607 0.0726402397 0.00635174727
v -0.00763475895 0.0734625015 -0.00697843599
v -0.0075942864 0.0728319766 0.0063164837
v -0.00757988691 0.0244624996 0.0489040489
v -0.00757988691 0.0719625015 0.0489040489
v -0.00757971789 0.0734851186 0.0489029503
v -0.00757671056 0.0228452648 0.0488834309
v -0.00757187072 0.0736702436 0.0488520194
v -0.00757053302 0.0734595691 -0.00493288452
v -0.00756919479 0.0739625015 -0.021434288
v -0.00756520053 0.0226682938 0.0488087295
v -0.0075500946 0.0729549255 0.00627941418
v -0.00754938889 0.0674625015 -0.0102335062
v -0.00754938889 0.0734625015 -0.0102335062
v -0.00754784587 0.0731760692 -0.00604476176
v -0.007543224 0.0738818908 0.0486660979
v -0.00754223209 0.022539608 0.04865966
v -0.00753776932 0.0674625015 -0.0110361719
v -0.00753113174 0.0734510117 0.0051027689
v -0.00752329119 0.0724220646 -0.0110693628
v -0.00751230669 0.0674625015 0.0167609138
v -0.00751230669 0.0734625015 0.0167609138
v -0.00751159581 0.0739580964 0.0484608254
v -0.00751077453 0.0224661044 0.0484554954
v -0.00750287533 0.0734625015 -0.0212456055
v -0.00750287533 0.0737624969 -0.0212456055
v -0.00749652338 0.0674625015 -0.019648798
v -0.00749652338 0.0734625015 -0.019648798
v -0.0074890213 0.0652624969 0.00665524387
v -0.0074890213 0.0731624985 0.00665524387
v -0.00746414757 0.0674625015 0.0081837635
v -0.00746414757 0.0734625015 0.0081837635
v -0.00746406889 0.0731099548 0.00620725362
v -0.00743442681 0.0724281484 0.00916664204
v -0.00742973995 0.0733011703 -0.0059499402
v -0.00741360855 0.0652624969 -0.00677572346
v -0.00741360855 0.0731624985 -0.00677572346
v -0.00741282225 0.0734625015 0.00502186441
v -0.00739154291 0.0674625015 -0.0188877869
v -0.00738733184 0.0723991489 -0.0188770595
v -0.00738098812 0.0724625015 0.0156284513
v -0.00736534416 0.0724563688 -0.0188210485
v -0.00736428833 0.0724590912 0.0156482248
v -0.00736021185 0.0732451096 0.00612013578
v -0.0073312755 0.0724156124 0.0156873136
v -0.00733112717 0.0733695984 -0.0058707695
v -0.00731611443 0.0699625015 -0.0166812248
v -0.00731611443 0.0724625015 -0.0166812248
v -0.0073005476 0.0733011703 0.00607008791
v -0.00727532291 0.0224624996 0.046927372
v -0.00720669426 0.0733677722 0.00599136114
v -0.0071901691 0.073432724 -0.0057576015
v -0.00714775896 0.0674625015 -0.0108883753
v -0.00714775896 0.0723625031 -0.0108883753
v -0.00714721503 0.0724565694 0.00946311698
v -0.00713779163 0.0724973984 -0.00696359587
v -0.00713762231 0.0724273209 -0.0109196806
v -0.00713211298 0.0725930252 -0.00695803833
v -0.00711990976 0.0726874542 -0.00694609499
v -0.00711695385 0.0724625015 -0.0109835119
v -0.00710535731 0.0724043841 0.00942006179
v -0.00710279989 0.0674625015 0.0164906044
v -0.00710279989 0.0734625015 0.0164906044
v -0.00708064747 0.0674625015 -0.0100884361
v -0.00708064747 0.0734625015 -0.0100884361
v -0.00707422605 0.0728678597 -0.00690138247
v -0.00706791302 0.0734318466 0.0058749478
v -0.00705770159 0.0674625015 0.00845865536
v -0.00705770159 0.0734625015 0.00845865536
v -0.00705424222 0.072449637 0.0153787912
v -0.00704580593 0.073459988 -0.00564169927
v -0.00703004169 0.0244624996 -0.0490228844
v -0.00703004169 0.0719625015 -0.0490228844
v -0.0070298717 0.0734870033 -0.0490216923
v -0.00702691013 0.0228428126 -0.0490009234
v -0.00702618265 0.0674625015 -0.0197885952
v -0.00702618265 0.0734625015 -0.0197885952
v -0.00702230701 0.073674555 -0.0489686438
v -0.00701639592 0.072394578 0.0154155849
v -0.00701137315 0.0226277388 -0.0488919713
v -0.00700680065 0.073832531 -0.0488599072
v -0.00700171947 0.0734625015 0.00757420158
v -0.00699629974 0.0674625015 -0.0190209579
v -0.00699314007 0.0723996829 -0.0190097979
v -0.00698687935 0.0724973984 0.00707723427
v -0.00698305955 0.0224991423 -0.0486934216
v -0.00698271509 0.0739270128 -0.0486910058
v -0.00697551784 0.0724572492 -0.0189475559
v -0.00697535014 0.0726402397 0.00706545424
v -0.00695945454 0.0224624996 -0.0485278893
v -0.00695945454 0.0739625015 -0.0485278893
v -0.00693998424 0.073145126 -0.00676999581
v -0.00692733278 0.0734597366 0.00575702562
v -0.00692622386 0.0728630227 0.00701526043
v -0.00691601801 0.0734625015 -0.00768915081
v -0.00687662045 0.0724605122 0.00977045178
v -0.00682703506 0.0724129661 0.00972857412
v -0.00681279612 0.0733011703 -0.00664551258
v -0.00679900694 0.0652624969 0.00735305119
v -0.00679900694 0.0731624985 0.00735305119
v -0.00679609277 0.0731405824 0.00688230175
v -0.00676697412 0.0724268132 0.0150825479
v -0.00674769306 0.0224624996 -0.0470429153
v -0.00674514008 0.0674625015 -0.0107795181
v -0.00673714247 0.0724234627 -0.0108161471
v -0.0067217598 0.0674625015 0.0161814556
v -0.0067217598 0.0734625015 0.0161814556
v -0.00671580124 0.0652624969 -0.00746573782
v -0.00671580124 0.0731624985 -0.00746573782
v -0.00668340148 0.0733908276 -0.00651886964
v -0.00668015718 0.0674625015 0.0087720623
v -0.00668015718 0.0734625015 0.0087720623
v -0.00666879606 0.0733011703 0.00675223875
v -0.00664096022 0.0724625015 0.0101038551
v -0.00661964512 0.0724590912 0.0100891743
v -0.00661488008 0.0699625015 -0.0127773066
v -0.00661488008 0.0724625015 -0.0127773066
v -0.00659994411 0.0674625015 -0.00999000931
v -0.00659994411 0.0734625015 -0.00999000931
v -0.00658990669 0.0674625015 -0.019114748
v -0.0065831969 0.0724232431 -0.0190773924
v -0.00657730804 0.0724156777 0.0100600133
v -0.00655992603 0.0734441299 -0.00639802027
v -0.00655258001 0.073385081 0.00663349758
v -0.00654440403 0.0674625015 -0.0198816185
v -0.00654440403 0.0734625015 -0.0198816185
v -0.00652564257 0.0724286471 0.0147472138
v -0.00645096016 0.0734606583 -0.0062913723
v -0.00642289782 0.0724973984 -0.00762567139
v -0.00642130375 0.0734441299 0.00649936867
v -0.00641230464 0.0726402397 -0.00761304259
v -0.00639450362 0.072451261 0.0104324013
v -0.00637890363 0.0728245239 -0.00757322359
v -0.00637285614 0.0674625015 0.0158364487
v -0.00637285614 0.0734625015 0.0158364487
v -0.00637150192 0.0724625015 0.0143623915
v -0.00634486359 0.0723925734 0.0104049609
v -0.00633997154 0.0729549255 -0.00752681112
v -0.00633861586 0.0724544819 0.0143793775
v -0.00633514977 0.0674625015 0.009120965
v -0.00633514977 0.0734625015 0.009120965
v -0.0063337903 0.0674625015 -0.0107106495
v -0.00633253336 0.0734594294 0.00640866931
v -0.00632940767 0.0724233451 -0.0107480024
v -0.00629248874 0.0724007011 0.0144032031
v -0.00627015842 0.0731060719 -0.00744358389
v -0.00625792074 0.0724973984 0.00772379065
v -0.00624760127 0.0726402397 0.00771093726
v -0.00622397757 0.0734625015 0.00821982002
v -0.00620242198 0.0728679911 0.00765466356
v -0.00619254757 0.0724283648 0.0107922326
v -0.00618069315 0.0732451096 -0.00733692837
v -0.00617627764 0.0674625015 -0.0191682529
v -0.00617320395 0.0724245541 -0.0191296961
v -0.0061478417 0.0724280456 0.0140135882
v -0.00614508247 0.0730360794 0.00758324337
v -0.00613107538 0.0734625015 -0.00832599449
v -0.0061306448 0.0733011703 -0.00727726412
v -0.00611190796 0.0674625015 -0.00993917274
v -0.00611190796 0.0734625015 -0.00993917274
v -0.00606580861 0.0731796316 0.00748450263
v -0.00605944967 0.0674625015 0.0154589043
v -0.00605944967 0.0734625015 0.0154589043
v -0.00605582809 0.0674625015 -0.0199269695
v -0.00605582809 0.0734625015 -0.0199269695
v -0.00605152688 0.0733680531 -0.00718294389
v -0.00604687939 0.0724266773 0.0111788773
v -0.00604391766 0.0652624969 0.0079798646
v -0.00604391766 0.0731624985 0.0079798646
v -0.00602600241 0.0674625015 0.00950200558
v -0.00602600241 0.0734625015 0.00950200558
v -0.00602238315 0.0724415011 0.0136204063
v -0.00597675604 0.0723786774 0.0136335477
v -0.00597322369 0.0733011703 0.00736918259
v -0.00595372105 0.0652624969 -0.00808403301
v -0.00595372105 0.0731624985 -0.00808403301
v -0.00594281987 0.0724293281 0.0115786882
v -0.00592820962 0.073434625 -0.00703593214
v -0.00591873219 0.0724275137 0.0132208649
v -0.00591767073 0.0674625015 -0.0106824312
v -0.00591699644 0.0724220646 -0.0107186364
v -0.00589811653 0.072457036 0.0128085186
v -0.00589578815 0.0724500421 0.0119885281
v -0.00589405274 0.0733695984 0.0072705698
v -0.00588375232 0.0724571569 0.0123990215
v -0.00584214039 0.0723928528 0.0119824791
v -0.00583873656 0.0724077322 0.0128135225
v -0.00582105916 0.0724022493 0.0123981373
v -0.00581758299 0.0734597366 -0.0069040493
v -0.00578455782 0.0674625015 0.0150524588
v -0.00578455782 0.0734625015 0.0150524588
v -0.00578088474 0.073432724 0.00712961197
v -0.00576007977 0.0724224522 -0.0191442471
v -0.00575939608 0.0674625015 -0.0191809578
v -0.00575569201 0.0674625015 0.00991151237
v -0.00575569201 0.0734625015 0.00991151237
v -0.00568111897 0.0739625015 0.0219697571
v -0.00565071601 0.0734610836 0.00696747846
v -0.00564655209 0.0724973984 -0.00821448612
v -0.00563687688 0.0726438716 -0.00820033844
v -0.00563143444 0.0734625015 0.0217760258
v -0.00563143444 0.0737624969 0.0217760258
v -0.00562123871 0.0674625015 -0.00993641853
v -0.00562123871 0.0734625015 -0.00993641853
v -0.00561772585 0.072779808 -0.00817233276
v -0.00559809446 0.0728692398 -0.00814362526
v -0.00557371473 0.0729549255 -0.00810797405
v -0.00556515884 0.0674625015 -0.0199242153
v -0.00556515884 0.0734625015 -0.0199242153
v -0.00555082798 0.0674625015 0.014621026
v -0.00555082798 0.0734625015 0.014621026
v -0.00552682209 0.0674625015 0.0103455429
v -0.00552682209 0.0734625015 0.0103455429
v -0.0055038086 0.0724238503 -0.0107330125
v -0.00550078917 0.0674625015 -0.0106951361
v -0.0054920856 0.0731423751 -0.00798860504
v -0.00546909809 0.0724973984 0.00829578304
v -0.00546008849 0.0726402397 0.00828198004
v -0.0054338479 0.0739625015 -0.0220689678
v -0.00542064238 0.0728679911 0.00822154903
v -0.00538985634 0.0733011703 -0.00783911133
v -0.0053866992 0.0734625015 0.00878609657
v -0.00538634205 0.0734625015 -0.0218746929
v -0.00538634205 0.0737624969 -0.0218746929
v -0.00537057924 0.0730360794 0.00814485264
v -0.00536051178 0.0674625015 0.0141687613
v -0.00536051178 0.0734625015 0.0141687613
v -0.00535328436 0.0724606413 -0.0190674421
v -0.00534543567 0.0724086103 -0.019134337
v -0.0053432765 0.0674625015 -0.0191527386
v -0.0053415966 0.0674625015 0.0107999163
v -0.0053415966 0.0734625015 0.0107999163
v -0.00533846855 0.0731119461 0.00809565926
v -0.00529029664 0.073389034 -0.00769352181
v -0.00528749084 0.0734625015 -0.00888283443
v -0.00528281379 0.0732134743 0.00801039624
v -0.00523102617 0.0652624969 0.00852964783
v -0.00523102617 0.0731624985 0.00852964783
v -0.0052154417 0.0674625015 0.0137000198
v -0.0052154417 0.0734625015 0.0137000198
v -0.00520179892 0.0674625015 0.011270257
v -0.00520179892 0.0734625015 0.011270257
v -0.00519787598 0.0733253403 0.00788027167
v -0.00516779327 0.0734498647 -0.00751438053
v -0.00513470745 0.0652624969 -0.00862465382
v -0.00513470745 0.0731624985 -0.00862465382
v -0.00513266277 0.0674625015 -0.00998177052
v -0.00513266277 0.0734625015 -0.00998177052
v -0.00512759018 0.0733896866 0.0077725935
v -0.00511701488 0.0674625015 0.0132193165
v -0.00511701488 0.0734625015 0.0132193165
v -0.00510877657 0.0674625015 0.0117520351
v -0.00510877657 0.0734625015 0.0117520351
v -0.00510255146 0.0724607964 -0.0108343282
v -0.00509043571 0.0724086103 -0.0107668771
v -0.00508716011 0.0674625015 -0.010748641
v -0.0050824213 0.0734625015 -0.00738953876
v -0.00507712269 0.0674625015 -0.0198733788
v -0.00507712269 0.0734625015 -0.0198733788
v -0.00506617928 0.0674625015 0.0127312803
v -0.00506617928 0.0734625015 0.0127312803
v -0.00506342411 0.0674625015 0.0122406111
v -0.00506342411 0.0734625015 0.0122406111
v -0.00506218672 0.0699625015 -0.0170860825
v -0.00506218672 0.0724625015 -0.0170860825
v -0.00505259919 0.073432724 0.00765770793
v -0.00495140531 0.073459988 0.00750267926
v -0.00494003209 0.0724238503 -0.0190467476
v -0.00493192673 0.0674625015 -0.0190838699
v -0.0048162303 0.0724973984 -0.00872437096
v -0.00480793112 0.0726445319 -0.00870923797
v -0.00478395671 0.0728210842 -0.00866552096
v -0.00475418425 0.0729549255 -0.00861123276
v -0.00470071282 0.0724565694 -0.0109128795
v -0.00468372593 0.0723982859 -0.0108528809
v -0.00468272014 0.0731469046 -0.00848092159
v -0.00468076706 0.0674625015 -0.0108424301
v -0.00465088415 0.0674625015 -0.0100747929
v -0.00465088415 0.0734625015 -0.0100747929
v -0.00462800932 0.0724973984 0.00878770351
v -0.00462039566 0.0726402397 0.00877308369
v -0.00460442162 0.072779808 0.00874241066
v -0.00459756374 0.0733011703 -0.00832564259
v -0.00459641933 0.0674625015 -0.0197749519
v -0.00459641933 0.0734625015 -0.0197749519
v -0.00457838345 0.0729120827 0.00869241095
v -0.00457592479 0.0734625015 0.0157923463
v -0.0045756793 0.0649625015 0.0157486321
v -0.00455740309 0.0649625015 0.0160912209
v -0.00455740309 0.0734625015 0.0160912209
v -0.00455394268 0.0649625015 0.0154749632
v -0.00455394268 0.0734625015 0.0154749632
v -0.0045447588 0.0730360794 0.0086278429
v -0.00454038782 0.0724214764 -0.0189407944
v -0.00453836694 0.0733680531 -0.00821769949
v -0.00452930784 0.0674625015 -0.0189750137
v -0.00451833344 0.0649625015 0.0162935696
v -0.00451833344 0.0734625015 0.0162935696
v -0.00451260328 0.0649625015 0.0152730684
v -0.00451260328 0.0734625015 0.0152730684
v -0.00449794817 0.0734625015 0.00926758003
v -0.00448627138 0.0731796316 0.00851553408
v -0.00445961857 0.0649625015 0.0164911118
v -0.00445961857 0.0734625015 0.0164911118
v -0.00445167398 0.0649625015 0.0150761967
v -0.00445167398 0.0734625015 0.0150761967
v -0.00442460706 0.0734418784 -0.00801026424
v -0.0044179635 0.0733011703 0.00838436794
v -0.00439338875 0.0734625015 -0.00935430622
v -0.00438182354 0.0649625015 0.0166819477
v -0.00438182354 0.0734625015 0.0166819477
v -0.0043796773 0.0733495102 0.00831084919
v -0.00437174129 0.0649625015 0.0148862457
v -0.00437174129 0.0734625015 0.0148862457
v -0.00436816072 0.0652624969 0.00899710751
v -0.00436816072 0.0731624985 0.00899710751
v -0.00436095238 0.0699625015 -0.0131821642
v -0.00436095238 0.0724625015 -0.0131821642
v -0.00433567524 0.0734625015 -0.00784810114
v -0.00429938645 0.0724237892 -0.0110109151
v -0.00429718097 0.0734183782 0.00815243753
v -0.00428569841 0.0649625015 0.0168642406
v -0.00428569841 0.0734625015 0.0168642406
v -0.00428552389 0.0674625015 -0.0109756021
v -0.00427357483 0.0649625015 0.0147050438
v -0.00427357483 0.0734625015 0.0147050438
v -0.00426664686 0.0652624969 -0.00908239365
v -0.00426664686 0.0731624985 -0.00908239365
v -0.00419296179 0.0734597366 0.00795231256
v -0.00418054342 0.0674625015 -0.0102145901
v -0.00418054342 0.0734625015 -0.0102145901
v -0.00417216778 0.0649625015 0.0170362339
v -0.00417216778 0.0734625015 0.0170362339
v -0.00415812016 0.0649625015 0.014534337
v -0.00415812016 0.0734625015 0.014534337
v -0.00415446515 0.0724245645 -0.0187924451
v -0.00413929749 0.0674625015 -0.0188272171
v -0.00412767792 0.0674625015 -0.0196298828
v -0.00412767792 0.0734625015 -0.0196298828
v -0.00399402499 0.0734625015 0.0172451178
v -0.00395321953 0.0649625015 0.0143033161
v -0.00394655865 0.0734625015 0.0142967296
v -0.00394572401 0.0649625015 0.0172939638
v -0.00393992972 0.0724973984 -0.00915041447
v -0.00393320051 0.0726438716 -0.00913465089
v -0.00392207809 0.0724231015 -0.0111798426
v -0.00390523744 0.0674625015 -0.0111468735
v -0.00390425891 0.0728731784 -0.00906684971
v -0.003857638 0.0730740128 -0.00895763206
v -0.00382029462 0.073181839 -0.00887014866
v -0.00379197145 0.0732451096 -0.00880379677
v -0.00378377855 0.0724222433 -0.0186094597
v -0.0037656517 0.0674625015 -0.0186419048
v -0.00374783915 0.073321312 -0.00870040902
v -0.00374275374 0.0724973984 0.00919481373
v -0.00373885441 0.0649625015 0.0174744415
v -0.00373885441 0.0734625015 0.0174744415
v -0.00373685448 0.0726366078 0.0091801281
v -0.00372617006 0.0674625015 -0.0103998156
v -0.00372617006 0.0734625015 -0.0103998156
v -0.00371991301 0.0649625015 0.0141010227
v -0.00371991301 0.0734625015 0.0141010227
v -0.00371723783 0.0728245239 0.00913129044
v -0.00369465804 0.0729549255 0.00907507706
v -0.00367541313 0.0674625015 -0.0194395657
v -0.00367541313 0.0734625015 -0.0194395657
v -0.00366071351 0.0734166209 -0.0084963016
v -0.00364061049 0.0731422327 0.00894052204
v -0.00358994542 0.0724606413 -0.0114268796
v -0.00358520627 0.0734578934 -0.00831941223
v -0.00358460569 0.0699625015 -0.0153365517
v -0.00358460569 0.0724625015 -0.0153365517
v -0.00357056904 0.0724491043 -0.011396678
v -0.00356814718 0.0649625015 0.0175898952
v -0.00356814718 0.0734625015 0.0175898952
v -0.00356628251 0.0734625015 0.00965963078
v -0.00354996012 0.0723995468 -0.0113645558
v -0.0035475781 0.0734625015 -0.00823126221
v -0.00354356956 0.0674625015 -0.0113545952
v -0.00354354539 0.0733441035 0.00869887267
v -0.00349872541 0.0739625015 0.0224166145
v -0.00346826887 0.0734625015 0.0222189465
v -0.00346826887 0.0737624969 0.0222189465
v -0.00346505991 0.0734625015 0.0139437991
v -0.00346363139 0.0652624969 0.00937773991
v -0.00346363139 0.0731624985 0.00937773991
v -0.00345910192 0.0286578598 0.0623878746
v -0.00345910192 0.0677671432 0.0623878746
v -0.00345833206 0.0283675423 0.0623738174
v -0.00345833206 0.068057457 0.0623738174
v -0.00345737958 0.0734625015 -0.00973587132
v -0.00345677388 0.0649625015 0.0139394298
v -0.00345602965 0.0280799503 0.0623317719
v -0.00345602965 0.068345047 0.0623317719
v -0.00345221663 0.0277977829 0.0622621346
v -0.00345221663 0.0686272202 0.0622621346
v -0.0034469285 0.0275236912 0.0621655579
v -0.0034469285 0.0689013062 0.0621655579
v -0.00344115106 0.0734411138 0.00844395574
v -0.00344021487 0.0272602425 0.0620429497
v -0.00344021487 0.0691647568 0.0620429497
v -0.00343300462 0.072423158 -0.0183906138
v -0.00343213868 0.0694150848 0.061895462
v -0.00342709736 0.0268834526 0.0618033926
v -0.00342277622 0.0696499405 0.0617244759
v -0.00341221499 0.0265578709 0.061531601
v -0.00341221499 0.0698671265 0.061531601
v -0.00341196895 0.0674625015 -0.0184208603
v -0.00340055418 0.0263603992 0.0613186417
v -0.00340055418 0.0700645981 0.0613186417
v -0.00338790321 0.0261844921 0.0610876045
v -0.00338790321 0.070240509 0.0610876045
v -0.00338694525 0.0649625015 0.0176880627
v -0.00338694525 0.0734625015 0.0176880627
v -0.00337438083 0.0260318031 0.0608406525
v -0.00337438083 0.0703931961 0.0608406525
v -0.00337024879 0.0734625015 0.00826743984
v -0.0033601141 0.0259037647 0.0605801048
v -0.0033601141 0.0705212326 0.0605801048
v -0.00335790038 0.0652624969 -0.00945284462
v -0.00335790038 0.0731624985 -0.00945284462
v -0.00334523702 0.0258015766 0.0603084106
v -0.00334523702 0.0706234207 0.0603084106
v -0.00332988882 0.025726202 0.0600281143
v -0.00332988882 0.0706987991 0.0600281143
v -0.00331421399 0.0256783466 0.0597418518
v -0.00331421399 0.0707466507 0.0597418518
v -0.00329214001 0.0674625015 -0.010628686
v -0.00329214001 0.0734625015 -0.010628686
v -0.00325663322 0.0724605122 -0.0116633872
v -0.00324657393 0.0739625015 -0.022491291
v -0.00324398041 0.0674625015 -0.0192058372
v -0.00324398041 0.0734625015 -0.0192058372
v -0.0032183392 0.0734625015 -0.0222932949
v -0.0032183392 0.0737624969 -0.0222932949
v -0.00321525886 0.0724077619 -0.0116110131
v -0.00320400333 0.0674625015 -0.0115967655
v -0.00319699407 0.0649625015 0.0177679958
v -0.00319699407 0.0734625015 0.0177679958
v -0.00317479062 0.0649625015 0.0138135719
v -0.00317479062 0.0734625015 0.0138135719
v -0.00310531461 0.0724226392 -0.0181384569
v -0.0030816555 0.0674625015 -0.018166214
v -0.00302608895 0.0724973984 -0.0094885149
v -0.00302113473 0.0726402397 -0.00947279358
v -0.00300551414 0.0728245239 -0.0094232235
v -0.00300012279 0.0649625015 0.0178289242
v -0.00300012279 0.0734625015 0.0178289242
v -0.00298730707 0.0729549255 -0.00936544514
v -0.00297724748 0.0649625015 0.0137548571
v -0.00297724748 0.0734625015 0.0137548571
v -0.00294608964 0.0731338715 -0.00923464748
v -0.00293962484 0.072455982 -0.0119227592
v -0.00289780438 0.0723991489 -0.0118793516
v -0.00288980913 0.0674625015 -0.0118710527
v -0.00288263297 0.0674625015 -0.0108989964
v -0.00288263297 0.0734625015 -0.0108989964
v -0.0028641233 0.0733471092 -0.00897453757
v -0.00283974051 0.0724606413 -0.0178208322
v -0.00283753467 0.0674625015 -0.0189309444
v -0.00283753467 0.0734625015 -0.0189309444
v -0.00282185698 0.0724973984 0.00951319408
v -0.0028170246 0.0726445319 0.00949662469
v -0.00279644161 0.0728725666 0.00942604923
v -0.00279177488 0.072409242 -0.0178670434
v -0.00278437517 0.0734400719 -0.00872146692
v -0.00277789211 0.0674625015 -0.0178804188
v -0.00277490067 0.0649625015 0.0137157879
v -0.00277490067 0.0734625015 0.0137157879
v -0.0027713933 0.0730360794 0.00934016323
v -0.00275810146 0.0286578598 -0.0624595871
v -0.00275810146 0.0677671432 -0.0624595871
v -0.00275748944 0.0283675423 -0.0624455223
v -0.00275748944 0.068057457 -0.0624455223
v -0.00275565958 0.0280799503 -0.06240345
v -0.00275565958 0.068345047 -0.06240345
v -0.00275262856 0.0277977829 -0.0623337746
v -0.00275262856 0.0686272202 -0.0623337746
v -0.00274842525 0.0275236912 -0.0622371445
v -0.00274842525 0.0689013062 -0.0622371445
v -0.00274832821 0.0244624996 0.0494073219
v -0.00274832821 0.0719625015 0.0494073219
v -0.00274826241 0.0734870033 0.0494061203
v -0.00274714132 0.0228440718 0.0493856468
v -0.00274532565 0.073674516 0.0493524874
v -0.00274308896 0.0272602425 -0.0621144714
v -0.00274308896 0.0691647568 -0.0621144714
v -0.00274292195 0.0226650095 0.049308588
v -0.00273696274 0.0731757486 0.00922210873
v -0.00273666954 0.0270099144 -0.0619668999
v -0.00273666954 0.0694150848 -0.0619668999
v -0.00273491559 0.0225402219 0.0491623732
v -0.00273478085 0.0738859435 0.0491599127
v -0.00272922754 0.0267750568 -0.0617958221
v -0.00272922754 0.0696499405 -0.0617958221
v -0.00272571945 0.0734625015 -0.00853533077
v -0.00272366158 0.0224665044 0.0489568481
v -0.00272351272 0.07395863 0.0489541295
v -0.00272083282 0.0265578709 -0.0616028404
v -0.00272083282 0.0698671265 -0.0616028404
v -0.00271156406 0.0263603992 -0.0613897629
v -0.00271156406 0.0700645981 -0.0613897629
v -0.00271038083 0.0649625015 0.0178794144
v -0.00270150852 0.0261844921 -0.0611585999
v -0.00270150852 0.070240509 -0.0611585999
v -0.00269076014 0.0260318031 -0.0609115105
v -0.00269076014 0.0703931961 -0.0609115105
v -0.00268435224 0.0734625015 0.0178821256
v -0.00267941999 0.0259037647 -0.0606508179
v -0.00267941999 0.0705212326 -0.0606508179
v -0.00267092935 0.073346789 0.00899569416
v -0.00266759467 0.0258015766 -0.0603789749
v -0.00266759467 0.0706234207 -0.0603789749
v -0.00265539527 0.025726202 -0.060098526
v -0.00265539527 0.0706987991 -0.060098526
v -0.00264293599 0.0256783466 -0.0598121033
v -0.00264293599 0.0707466507 -0.0598121033
v -0.00263897824 0.0224624996 0.0474103127
v -0.00263218815 0.0724223263 -0.012198831
v -0.00260851574 0.073432724 0.00878169012
v -0.00260401273 0.0674625015 -0.0121748161
v -0.00260067582 0.0734625015 0.00995847511
v -0.00258207321 0.0724625015 -0.0175042362
v -0.0025688796 0.0734578934 0.00864578629
v -0.0025420444 0.0734625015 0.00855377388
v -0.00252639074 0.0724177426 -0.0175482237
v -0.0025261488 0.0652624969 0.00966788006
v -0.0025261488 0.0731624985 0.00966788006
v -0.00250360441 0.0674625015 -0.0175662251
v -0.00250159287 0.0674625015 -0.0112081442
v -0.00250159287 0.0734625015 -0.0112081442
v -0.00248847795 0.0734625015 -0.0100238533
v -0.00247602543 0.0734625015 0.013697266
v -0.00246665812 0.0649625015 0.0136973186
v -0.00245999026 0.0674625015 -0.0186175385
v -0.00245999026 0.0734625015 -0.0186175385
v -0.00241721892 0.0652624969 -0.00973243904
v -0.00241721892 0.0731624985 -0.00973243904
v -0.00238717127 0.0649625015 0.0178927727
v -0.00238717127 0.0734625015 0.0178927727
v -0.00238069776 0.0724243374 -0.0125269194
v -0.00234936643 0.0674625015 -0.0125051298
v -0.00233470893 0.0724607964 -0.0171796465
v -0.00230351734 0.0724491043 -0.0171996593
v -0.00226966032 0.072396844 -0.0172213798
v -0.00226143384 0.0674625015 -0.0172266579
v -0.00219313574 0.0244624996 -0.0494718704
v -0.00219313574 0.0719625015 -0.0494718704
v -0.00219308341 0.0734870033 -0.0494706669
v -0.0021921625 0.0228392879 -0.0494494949
v -0.0021908275 0.0736715635 -0.0494188055
v -0.00218814945 0.0226463216 -0.0493572426
v -0.00218677139 0.0738160553 -0.0493255615
v -0.00218196917 0.0649625015 0.017873724
v -0.00218196917 0.0734625015 0.017873724
v -0.00218069182 0.0739065686 -0.0491858007
v -0.0021806226 0.0225172919 -0.0491842095
v -0.00217247128 0.0224637032 -0.0489968243
v -0.00217247128 0.0739612961 -0.0489968243
v -0.00216056945 0.0724224703 -0.0128768286
v -0.00215864229 0.0649625015 0.0137192478
v -0.00215864229 0.0734625015 0.0137192478
v -0.00215268946 0.0674625015 -0.0115531511
v -0.00215268946 0.0734625015 -0.0115531511
v -0.00212832284 0.0674625015 -0.0128588123
v -0.00211498284 0.0674625015 -0.0182686348
v -0.00211498284 0.0734625015 -0.0182686348
v -0.0021062181 0.0224624996 -0.0474737587
v -0.00209980098 0.0724426188 -0.0168414482
v -0.00208350897 0.0724973984 -0.00973541451
v -0.00208011961 0.0726402397 -0.0097192831
v -0.00206970802 0.0728210842 -0.00966972982
v -0.0020569768 0.0729549255 -0.00960913658
v -0.00205497716 0.0723732859 -0.0168643441
v -0.00205371284 0.0674625015 -0.0168649902
v -0.00203474076 0.0731060778 -0.00950330566
v -0.00200601578 0.0732451096 -0.00936659145
v -0.00197962224 0.0649625015 0.0178346539
v -0.00197962224 0.0734625015 0.0178346539
v -0.00197620189 0.0724220646 -0.0132469364
v -0.00197552609 0.0724625015 -0.0164481621
v -0.00197164785 0.0733494725 -0.00920302004
v -0.00195674694 0.0649625015 0.0137605877
v -0.00195674694 0.0734625015 0.0137605877
v -0.00194301069 0.0674625015 -0.0132324581
v -0.00192683095 0.073432724 -0.00898971748
v -0.00191022947 0.0724197068 -0.0164737952
v -0.00188983889 0.0734597366 -0.00881365719
v -0.00188244164 0.0674625015 -0.0164847031
v -0.00187418807 0.0724973984 0.00973977661
v -0.00187114632 0.0726402397 0.00972357655
v -0.00185788981 0.072868138 0.00965297441
v -0.00185548541 0.0724509773 -0.0136419842
v -0.00183928263 0.0674625015 -0.0119306955
v -0.00183928263 0.0734625015 -0.0119306955
v -0.00183190423 0.0724606413 -0.0160660648
v -0.00182961023 0.0731097452 0.00950236115
v -0.00180583549 0.0674625015 -0.0178875942
v -0.00180583549 0.0734625015 -0.0178875942
v -0.00180464005 0.0732451096 0.00936937332
v -0.00180072376 0.0723892322 -0.0136242524
v -0.00179521441 0.0674625015 -0.0136224689
v -0.00177386125 0.0733494746 0.00920544963
v -0.00176693163 0.0724076457 -0.0160844601
v -0.00175987554 0.0649625015 0.013821517
v -0.00175987554 0.0734625015 0.013821517
v -0.00174926972 0.0674625015 -0.0160894604
v -0.00172486583 0.0734411138 0.00894450633
v -0.00172318248 0.072423201 -0.014033128
v -0.00169173649 0.0724225854 -0.0156765551
v -0.00168976235 0.0734625015 0.00875755024
v -0.00168666071 0.0649625015 0.0177370424
v -0.00168666071 0.0734625015 0.0177370424
v -0.00168635762 0.0674625015 -0.0140250874
v -0.00165547967 0.0674625015 -0.0156830673
v -0.00165375563 0.0724227139 -0.0144406926
v -0.00163887884 0.0724223263 -0.0152664965
v -0.00162636806 0.0724229574 -0.0148532478
v -0.00161748838 0.0674625015 -0.0144364376
v -0.00161042655 0.0734625015 0.0101612349
v -0.00160197484 0.0674625015 -0.0152694387
v -0.00158927023 0.0674625015 -0.0148525572
v -0.00156992435 0.0649625015 0.0139014502
v -0.00156992435 0.0734625015 0.0139014502
v -0.00156474197 0.0652624969 0.0098647337
v -0.00156474197 0.0731624985 0.0098647337
v -0.00156439078 0.0674625015 -0.012337141
v -0.00156439078 0.0734625015 -0.012337141
v -0.00153552508 0.0674625015 -0.0174780884
v -0.00153552508 0.0734625015 -0.0174780884
v -0.00149601424 0.0734625015 -0.0102154799
v -0.00145366204 0.0652624969 -0.00991848469
v -0.00145366204 0.0731624985 -0.00991848469
v -0.00140894961 0.0649625015 0.0176020203
v -0.00140894961 0.0734625015 0.0176020203
v -0.00138872266 0.0649625015 0.0139996157
v -0.00138872266 0.0734625015 0.0139996157
v -0.0013306613 0.0674625015 -0.0127685738
v -0.0013306613 0.0734625015 -0.0127685738
v -0.00130665505 0.0674625015 -0.0170440578
v -0.00130665505 0.0734625015 -0.0170440578
v -0.00128304064 0.0739625015 0.0226474094
v -0.00127210569 0.0734625015 0.0224477081
v -0.00127210569 0.0737624969 0.0224477081
v -0.00123695672 0.0649625015 0.0174884892
v -0.00123695672 0.0734625015 0.0174884892
v -0.00121801543 0.0649625015 0.0141150703
v -0.00121801543 0.0734625015 0.0141150703
v -0.0011403451 0.0674625015 -0.0132208385
v -0.0011403451 0.0734625015 -0.0132208385
v -0.00112142944 0.0674625015 -0.0165896835
v -0.00112142944 0.0734625015 -0.0165896835
v -0.00112126744 0.0724973984 -0.00988873577
v -0.00112040365 0.0725930252 -0.00988083744
v -0.00111854756 0.0726874542 -0.00986386299
v -0.00111115981 0.0728777199 -0.00979630624
v -0.00109911973 0.0730664261 -0.00968620586
v -0.00108487312 0.0732082017 -0.00955592791
v -0.00107691991 0.0649625015 0.0173586464
v -0.00107691991 0.0734625015 0.0173586464
v -0.00107183266 0.0733011703 -0.00943667889
v -0.00106282187 0.0733495102 -0.00935427952
v -0.00105944669 0.0649625015 0.0142467012
v -0.00105944669 0.0734625015 0.0142467012
v -0.00104887259 0.0734040645 -0.00922672055
v -0.00102843738 0.0739625015 -0.0226971912
v -0.00102246698 0.0734552448 -0.00898525359
v -0.00101974559 0.0734625015 -0.0224973793
v -0.00101974559 0.0737624969 -0.0224973793
v -0.000995274961 0.0674625015 -0.01368958
v -0.000995274961 0.0734625015 -0.01368958
v -0.000981632173 0.0674625015 -0.0161193428
v -0.000981632173 0.0734625015 -0.0161193428
v -0.000930380404 0.0649625015 0.0172137432
v -0.000930380404 0.0734625015 0.0172137432
v -0.000914543688 0.0649625015 0.0143932409
v -0.000914543688 0.0734625015 0.0143932409
v -0.000908873379 0.0724973984 0.00987238121
v -0.000907309895 0.0726481088 0.00985454337
v -0.000901132921 0.0728679911 0.00978407033
v -0.000896848083 0.0674625015 -0.0141702833
v -0.000896848083 0.0734625015 -0.0141702833
v -0.000890373711 0.0730769307 0.00966131907
v -0.000888609529 0.0674625015 -0.0156375647
v -0.000888609529 0.0734625015 -0.0156375647
v -0.00087882949 0.0732163502 0.00952961167
v -0.000866150737 0.073321312 0.0093849601
v -0.000850364864 0.0734055023 0.00920486021
v -0.000846012354 0.0674625015 -0.0146583195
v -0.000846012354 0.0734625015 -0.0146583195
v -0.000843257308 0.0674625015 -0.0151489887
v -0.000843257308 0.0734625015 -0.0151489887
v -0.000829514855 0.0734552448 0.00896698425
v -0.000798749566 0.0649625015 0.0170551758
v -0.000798749566 0.0734625015 0.0170551758
v -0.000784701765 0.0649625015 0.014553278
v -0.000784701765 0.0734625015 0.014553278
v -0.000671171367 0.0649625015 0.0147252712
v -0.000671171367 0.0734625015 0.0147252712
v -0.000634211779 0.0649625015 0.0167938671
v -0.000629749672 0.0734625015 0.0167856307
v -0.000605071902 0.0734625015 0.0102659569
v -0.000588669419 0.0652624969 0.00996640491
v -0.000588669419 0.0731624985 0.00996640491
v -0.000575046003 0.0649625015 0.0149075632
v -0.000575046003 0.0734625015 0.0149075632
v -0.000505195796 0.0649625015 0.0165133152
v -0.000505195796 0.0734625015 0.0165133152
v -0.000497251242 0.0649625015 0.0150984001
v -0.000497251242 0.0734625015 0.0150984001
v -0.000489547014 0.0734625015 -0.0103089056
v -0.000476509333 0.0652624969 -0.0100091887
v -0.000476509333 0.0731624985 -0.0100091887
v -0.000444266319 0.0649625015 0.0163164444
v -0.000444266319 0.0734625015 0.0163164444
v -0.000438536376 0.0649625015 0.0152959433
v -0.000438536376 0.0734625015 0.0152959433
v -0.000399466842 0.0649625015 0.0154982901
v -0.000399466842 0.0734625015 0.0154982901
v -0.000392251536 0.0649625015 0.0160120606
v -0.000391281036 0.0734625015 0.0160027436
v -0.000380418926 0.0649625015 0.0157034922
v -0.000380418926 0.0734625015 0.0157034922
v -0.00014863123 0.0724973984 -0.00994700336
v -0.00014846937 0.0726323706 -0.00993194334
v -0.00014808239 0.072779808 -0.00989593887
v -0.000147497623 0.0729081879 -0.00984153262
v -0.00014600485 0.0731136486 -0.00970264482
v -0.000144580781 0.0732451096 -0.00957014847
v -0.000143257886 0.0733275375 -0.00944706769
v -0.00014088117 0.0734197335 -0.00922593799
v -0.000138462603 0.0734599414 -0.00900091468
v 5.46114645e-05 0.073459988 0.00896267267
v 5.70370162e-05 0.0734196455 0.00918834559
v 5.93834103e-05 0.0733293686 0.00940665372
v 6.07400425e-05 0.0732451096 0.00953287506
v 6.21211884e-05 0.0731187632 0.00966137645
v 6.3558432e-05 0.0729263636 0.00979509735
v 6.42416626e-05 0.072779808 0.00985866547
v 6.46439344e-05 0.0726245015 0.00989609273
v 6.47905022e-05 0.0724973984 0.009909729
v 0.000296578199 0.0649625015 -0.0157407665
v 0.000296578199 0.0734625015 -0.0157407665
v 0.000307440308 0.0734625015 -0.0160400179
v 0.000308410808 0.0649625015 -0.016049335
v 0.000315626115 0.0649625015 -0.0155355644
v 0.000315626115 0.0734625015 -0.0155355644
v 0.000354695648 0.0649625015 -0.0153332176
v 0.000354695648 0.0734625015 -0.0153332176
v 0.000360425591 0.0649625015 -0.0163537178
v 0.000360425591 0.0734625015 -0.0163537178
v 0.000392668605 0.0652624969 0.00997191525
v 0.000392668605 0.0731624985 0.00997191525
v 0.000405706286 0.0734625015 0.0102716322
v 0.000413410515 0.0649625015 -0.0151356745
v 0.000413410515 0.0734625015 -0.0151356745
v 0.000421355039 0.0649625015 -0.0165505886
v 0.000421355039 0.0734625015 -0.0165505886
v 0.000491205245 0.0649625015 -0.0149448376
v 0.000491205245 0.0734625015 -0.0149448376
v 0.000504828691 0.0652624969 -0.0100036793
v 0.000504828691 0.0731624985 -0.0100036793
v 0.000521231174 0.0734625015 -0.0103032303
v 0.000545908944 0.0734625015 -0.0168229041
v 0.000550371051 0.0649625015 -0.0168311405
v 0.000587330639 0.0649625015 -0.0147625446
v 0.000587330639 0.0734625015 -0.0147625446
v 0.000700861037 0.0649625015 -0.0145905514
v 0.000700861037 0.0734625015 -0.0145905514
v 0.000714908838 0.0649625015 -0.0170924492
v 0.000714908838 0.0734625015 -0.0170924492
v 0.000743938998 0.0734571052 -0.00898446207
v 0.00075941658 0.0674625015 0.0151117144
v 0.00075941658 0.0734625015 0.0151117144
v 0.000762171626 0.0674625015 0.0146210461
v 0.000762171626 0.0734625015 0.0146210461
v 0.000766219905 0.0734067189 -0.0092386636
v 0.000782309974 0.073321312 -0.00942223446
v 0.000794988762 0.0732163502 -0.00956688551
v 0.000804768801 0.0674625015 0.0156002913
v 0.000804768801 0.0734625015 0.0156002913
v 0.00080673027 0.0730740128 -0.00970084381
v 0.000813007355 0.0674625015 0.0141330099
v 0.000813007355 0.0734625015 0.0141330099
v 0.000817460898 0.0728630227 -0.0098232691
v 0.000823593408 0.0726402397 -0.00989323425
v 0.000825032651 0.0724973984 -0.00990965462
v 0.00083070296 0.0649625015 -0.0144305153
v 0.00083070296 0.0734625015 -0.0144305153
v 0.000846539676 0.0649625015 -0.0172510185
v 0.000846539676 0.0734625015 -0.0172510185
v 0.000897791445 0.0674625015 0.0160820694
v 0.000897791445 0.0734625015 0.0160820694
v 0.000911434233 0.0674625015 0.0136523066
v 0.000911434233 0.0734625015 0.0136523066
v 0.000935904801 0.0734625015 0.0224601059
v 0.000935904801 0.0737624969 0.0224601059
v 0.000939867512 0.0734545344 0.00895933126
v 0.000944596589 0.0739625015 0.0226599159
v 0.000959660292 0.0734213181 0.00914032555
v 0.000974244654 0.0733695984 0.00927369308
v 0.000975606024 0.0649625015 -0.0142839756
v 0.000975606024 0.0734625015 -0.0142839756
v 0.000987991929 0.0733011703 0.00939940548
v 0.000993079126 0.0649625015 -0.0173959217
v 0.000993079126 0.0734625015 -0.0173959217
v 0.00100037885 0.0732134743 0.00951267719
v 0.00101464039 0.0730740128 0.00964309263
v 0.00102782581 0.072868138 0.00976366604
v 0.00103470683 0.0726874542 0.00982658958
v 0.00103656292 0.0725930252 0.00984356308
v 0.00103742671 0.0724973984 0.00985146236
v 0.00103758872 0.0674625015 0.0165524101
v 0.00103758872 0.0734625015 0.0165524101
v 0.00105650437 0.0674625015 0.0131835651
v 0.00105650437 0.0734625015 0.0131835651
v 0.0011341747 0.0649625015 -0.0141523447
v 0.0011341747 0.0734625015 -0.0141523447
v 0.00115311599 0.0649625015 -0.0175257626
v 0.00115311599 0.0734625015 -0.0175257626
v 0.00118826497 0.0734625015 -0.0224849815
v 0.00118826497 0.0737624969 -0.0224849815
v 0.00119919991 0.0739625015 -0.0226846828
v 0.00122281432 0.0674625015 0.0170067844
v 0.00122281432 0.0734625015 0.0170067844
v 0.00124682057 0.0674625015 0.0127313004
v 0.00124682057 0.0734625015 0.0127313004
v 0.00130488193 0.0649625015 -0.01403689
v 0.00130488193 0.0734625015 -0.01403689
v 0.00132510889 0.0649625015 -0.0176392937
v 0.00132510889 0.0734625015 -0.0176392937
v 0.00136982131 0.0652624969 0.00988121033
v 0.00136982131 0.0731624985 0.00988121033
v 0.00141217351 0.0734625015 0.0101782064
v 0.00145168436 0.0674625015 0.0174408131
v 0.00145168436 0.0734625015 0.0174408131
v 0.00148055005 0.0674625015 0.0122998676
v 0.00148055005 0.0734625015 0.0122998676
v 0.00148090124 0.0652624969 -0.0099020071
v 0.00148090124 0.0731624985 -0.0099020071
v 0.00148608363 0.0649625015 -0.0139387236
v 0.00148608363 0.0734625015 -0.0139387236
v 0.00150542951 0.0674625015 0.0148152828
v 0.00151813412 0.0674625015 0.0152321644
v 0.00152658582 0.0734625015 -0.0101985083
v 0.00153364766 0.0674625015 0.0143991632
v 0.00154252733 0.0724229574 0.0148159739
v 0.00155503811 0.0724223263 0.0152292226
v 0.00157049914 0.0724229574 0.0144034872
v 0.00157163894 0.0674625015 0.0156457939
v 0.00160251677 0.0674625015 0.0139878139
v 0.00160281998 0.0649625015 -0.0177743158
v 0.00160281998 0.0734625015 -0.0177743158
v 0.00160592163 0.0734625015 -0.00879482365
v 0.0016083067 0.0724228652 0.0156392075
v 0.00163876703 0.0724229574 0.0139957287
v 0.00164102511 0.0734411138 -0.00898178037
v 0.001665429 0.0674625015 0.016052187
v 0.00167603481 0.0649625015 -0.0138587904
v 0.00167603481 0.0734625015 -0.0138587904
v 0.00168424141 0.0724099439 0.0160468606
v 0.00169087032 0.073346789 -0.0092472496
v 0.00171137369 0.0674625015 0.0135851946
v 0.00171670294 0.0723877945 0.0135869204
v 0.00172079933 0.0732451096 -0.00940664768
v 0.00172199476 0.0674625015 0.0178503208
v 0.00172199476 0.0734625015 0.0178503208
v 0.00174519893 0.0731137382 -0.0095365967
v 0.0017480635 0.0724606413 0.0160287906
v 0.0017554419 0.0674625015 0.0118934212
v 0.0017554419 0.0734625015 0.0118934212
v 0.0017708237 0.0724503152 0.0136044447
v 0.00177363166 0.0728729596 -0.00968802494
v 0.00178730559 0.0726402397 -0.00976085043
v 0.00179034734 0.0724973984 -0.00977705097
v 0.00179860091 0.0674625015 0.0164474297
v 0.00180326939 0.0734603747 0.00876339546
v 0.00182371494 0.0724159425 0.0164375707
v 0.0018422531 0.0734336014 0.00894893536
v 0.00185916996 0.0674625015 0.0131951847
v 0.00187290621 0.0649625015 -0.0137978611
v 0.00187290621 0.0734625015 -0.0137978611
v 0.00188986372 0.0733442657 0.00917553453
v 0.00189168537 0.0724625015 0.0164108887
v 0.00189317945 0.0724229574 0.0132100194
v 0.0018957814 0.0649625015 -0.0178719292
v 0.0018957814 0.0734625015 -0.0178719292
v 0.00192217493 0.0732451096 0.00932931709
v 0.00195152589 0.0731012636 0.00946901063
v 0.00196987212 0.0674625015 0.0168277168
v 0.00197138935 0.0723754425 0.0168269415
v 0.00197313607 0.0729549255 0.00957186222
v 0.00198586729 0.0728210842 0.00963245597
v 0.00199627894 0.0726402397 0.00968200922
v 0.00199966824 0.0724973984 0.00969814014
v 0.00201596026 0.0724426188 0.016804174
v 0.00202237725 0.0224624996 0.0474364853
v 0.00203114223 0.0674625015 0.0182313614
v 0.00203114223 0.0734625015 0.0182313614
v 0.00204448223 0.0674625015 0.0128215389
v 0.00206884861 0.0674625015 0.0115158768
v 0.00206884861 0.0734625015 0.0115158768
v 0.00207480168 0.0649625015 -0.0137565222
v 0.00207480168 0.0734625015 -0.0137565222
v 0.00207731482 0.0724233451 0.0128398822
v 0.00208863056 0.0224637032 0.0489595509
v 0.00208863056 0.0739612961 0.0489595509
v 0.00209659111 0.0225152636 0.0491425519
v 0.00209672606 0.0739081675 0.049145654
v 0.00209812832 0.0649625015 -0.0179109974
v 0.00209812832 0.0734625015 -0.0179109974
v 0.00210293055 0.0738160553 0.0492882881
v 0.00210415863 0.0226421122 0.0493165179
v 0.00210691943 0.0736746061 0.0493799842
v 0.00210832445 0.0228408264 0.0494122832
v 0.0021092428 0.0734870033 0.0494333935
v 0.00210929513 0.0244624996 0.049434597
v 0.00210929513 0.0719625015 0.049434597
v 0.00217759323 0.0674625015 0.0171893845
v 0.0021866421 0.0723976679 0.0171835788
v 0.00221967673 0.0724491043 0.017162384
v 0.00224987802 0.0724606413 0.0171430083
v 0.00226552582 0.0674625015 0.0124678564
v 0.00227977681 0.0649625015 -0.0137351713
v 0.00227977681 0.0734625015 -0.0137351713
v 0.00229557292 0.0724225698 0.0124887525
v 0.00230333042 0.0649625015 -0.0179300461
v 0.00230333042 0.0734625015 -0.0179300461
v 0.00233337808 0.0652624969 0.00969516563
v 0.00233337808 0.0731624985 0.00969516563
v 0.00237614942 0.0674625015 0.018580265
v 0.00237614942 0.0734625015 0.018580265
v 0.0024046371 0.0734625015 0.0099865799
v 0.00241775227 0.0674625015 0.0111708698
v 0.00241775227 0.0734625015 0.0111708698
v 0.00241976357 0.0674625015 0.0175289497
v 0.00244202427 0.0724174652 0.0175113646
v 0.00244230819 0.0652624969 -0.00970515347
v 0.00244230819 0.0731624985 -0.00970515347
v 0.00245820355 0.0734625015 -0.00859104729
v 0.00248503876 0.0734578934 -0.00868305969
v 0.0024982326 0.0724625015 0.0174669609
v 0.00251683497 0.0734625015 -0.00999574947
v 0.00252017188 0.0674625015 0.0121375427
v 0.00252467501 0.073432724 -0.00881896448
v 0.00254802621 0.0724233451 0.0121612833
v 0.00255513763 0.0224624996 -0.0474475861
v 0.00255909514 0.0256783466 0.0597748299
v 0.00255909514 0.0707466507 0.0597748299
v 0.00257155442 0.025726202 0.0600612488
v 0.00257155442 0.0706987991 0.0600612488
v 0.00258375406 0.0258015766 0.0603417015
v 0.00258375406 0.0706234207 0.0603417015
v 0.00258708874 0.073346789 -0.0090329682
v 0.00258845878 0.0649625015 -0.0137435379
v 0.00259557939 0.0259037647 0.0606135445
v 0.00259557939 0.0705212326 0.0606135445
v 0.00259635117 0.0734625015 -0.0137442705
v 0.0026005115 0.0734625015 -0.017919399
v 0.00260691929 0.0260318031 0.0608742371
v 0.00260691929 0.0703931961 0.0608742371
v 0.00261766768 0.0261844921 0.0611213226
v 0.00261766768 0.070240509 0.0611213226
v 0.00262654012 0.0649625015 -0.0179166878
v 0.00262772346 0.0263603992 0.0613524895
v 0.00262772346 0.0700645981 0.0613524895
v 0.00263699222 0.0265578709 0.061565567
v 0.00263699222 0.0698671265 0.061565567
v 0.00263982089 0.0224665044 -0.0489941216
v 0.00263982089 0.0739584961 -0.0489941216
v 0.0026418786 0.0734625015 0.00849805641
v 0.00264538693 0.0267750568 0.0617585487
v 0.00264538693 0.0696499405 0.0617585487
v 0.0026509772 0.0731831466 -0.00925202852
v 0.00265100749 0.0225396392 -0.049198417
v 0.00265100749 0.0738853607 -0.049198417
v 0.00265282893 0.0270099144 0.0619296265
v 0.00265282893 0.0694150848 0.0619296265
v 0.0026590811 0.0226650095 -0.0493458633
v 0.00265924811 0.0272602425 0.062077198
v 0.00265924811 0.0691647568 0.062077198
v 0.00266151675 0.0736732839 -0.049390344
v 0.0026632969 0.0228427105 -0.0494228541
v 0.00266442156 0.0734870033 -0.0494433937
v 0.00266448736 0.0244624996 -0.0494445953
v 0.00266448736 0.0719625015 -0.0494445953
v 0.00266458464 0.0275236912 0.0621998711
v 0.00266458464 0.0689013062 0.0621998711
v 0.00266878796 0.0277977829 0.0622965012
v 0.00266878796 0.0686272202 0.0622965012
v 0.00267181873 0.0280799503 0.0623661766
v 0.00267181873 0.068345047 0.0623661766
v 0.00267364883 0.0283675423 0.0624082451
v 0.00267364883 0.068057457 0.0624082451
v 0.00267426062 0.0286578598 0.0624223137
v 0.00267426062 0.0677671432 0.0624223137
v 0.00268755245 0.0730360794 -0.00937743759
v 0.00269405127 0.0674625015 0.0178431454
v 0.00269587954 0.0734426431 0.00866942109
v 0.0027075221 0.0724084762 0.0178301665
v 0.00271319604 0.0728679911 -0.00946536382
v 0.0027334013 0.0726402397 -0.00953464317
v 0.00273801637 0.0724973984 -0.00955046749
v 0.00275369406 0.0674625015 0.018893671
v 0.00275369406 0.0734625015 0.018893671
v 0.00275519375 0.0724605122 0.0177842379
v 0.00278018767 0.0733465026 0.00893696223
v 0.00279879212 0.0674625015 0.010861722
v 0.00279879212 0.0734625015 0.010861722
v 0.00280596828 0.0674625015 0.0118337793
v 0.00281332488 0.0723965428 0.011841415
v 0.00285680309 0.0724567095 0.0118865432
v 0.00286043718 0.0731411072 0.00919162397
v 0.00289340687 0.0649625015 -0.0137921314
v 0.00289340687 0.0734625015 -0.0137921314
v 0.00290346622 0.0729549255 0.00932817173
v 0.00291628218 0.0649625015 -0.0178661976
v 0.00291628218 0.0734625015 -0.0178661976
v 0.00292024816 0.0728367192 0.00938142646
v 0.00293709674 0.0726438716 0.00943489287
v 0.00294224811 0.0724973984 0.00945124054
v 0.00299781466 0.0674625015 0.0181289406
v 0.00302117411 0.0724223263 0.0181015343
v 0.00309095001 0.0649625015 -0.0138508463
v 0.00309095001 0.0734625015 -0.0138508463
v 0.00311315346 0.0649625015 -0.0178052692
v 0.00311315346 0.0734625015 -0.0178052692
v 0.00312016249 0.0674625015 0.0115594912
v 0.00313269168 0.0724104292 0.0115753515
v 0.00313449836 0.0734625015 0.0222560196
v 0.00313449836 0.0737624969 0.0222560196
v 0.0031601398 0.0674625015 0.0191685638
v 0.0031601398 0.0734625015 0.0191685638
v 0.00316273332 0.0739625015 0.0224540176
v 0.00317412961 0.0724607964 0.0116278057
v 0.00320829916 0.0674625015 0.0105914116
v 0.00320829916 0.0734625015 0.0105914116
v 0.00323037338 0.0256783466 -0.0597791252
v 0.00323037338 0.0707466507 -0.0597791252
v 0.00324604821 0.025726202 -0.0600653877
v 0.00324604821 0.0706987991 -0.0600653877
v 0.00326139617 0.0258015766 -0.0603456841
v 0.00326139617 0.0706234207 -0.0603456841
v 0.00327405953 0.0652624969 0.00941557121
v 0.00327405953 0.0731624985 0.00941557121
v 0.00327627349 0.0259037647 -0.0606173782
v 0.00327627349 0.0705212326 -0.0606173782
v 0.00328640795 0.0734625015 -0.0083047142
v 0.00329054022 0.0260318031 -0.0608779259
v 0.00329054022 0.0703931961 -0.0608779259
v 0.00330310464 0.0649625015 -0.0177253361
v 0.00330310464 0.0734625015 -0.0177253361
v 0.00330406237 0.0261844921 -0.0611248779
v 0.00330406237 0.070240509 -0.0611248779
v 0.00331671333 0.0263603992 -0.0613559151
v 0.00331671333 0.0700645981 -0.0613559151
v 0.00332812834 0.0674625015 0.0183835869
v 0.00332837415 0.0265578709 -0.0615688744
v 0.00332837415 0.0698671265 -0.0615688744
v 0.00333893538 0.0696499405 -0.0617617493
v 0.00334361672 0.0268924856 -0.0618472424
v 0.00334829807 0.0694150848 -0.0619327354
v 0.00334971618 0.0724230834 0.0183525457
v 0.00335637403 0.0272602425 -0.0620802231
v 0.00335637403 0.0691647568 -0.0620802231
v 0.00335731037 0.0734411138 -0.00848122978
v 0.00336308765 0.0275236912 -0.0622028313
v 0.00336308765 0.0689013062 -0.0622028313
v 0.00336837578 0.0277977829 -0.062299408
v 0.00336837578 0.0686272202 -0.062299408
v 0.00337218904 0.0280799503 -0.0623690453
v 0.00337218904 0.068345047 -0.0623690453
v 0.00337293303 0.0649625015 -0.0139767036
v 0.00337353897 0.0734625015 0.00969859695
v 0.00337449121 0.0283675423 -0.0624110909
v 0.00337449121 0.068057457 -0.0624110909
v 0.00337526107 0.0286578598 -0.0624251518
v 0.00337526107 0.0677671432 -0.0624251518
v 0.00337979054 0.0652624969 -0.00941501331
v 0.00337979054 0.0731624985 -0.00941501331
v 0.00338121906 0.0734625015 -0.0139810729
v 0.00338442826 0.0734625015 -0.0222562199
v 0.00338442826 0.0737624969 -0.0222562199
v 0.00341488457 0.0739625015 -0.0224538879
v 0.00345798826 0.073346789 -0.00873187383
v 0.00345972872 0.0674625015 0.0113173208
v 0.00346373749 0.0734625015 0.00819398785
v 0.00346595138 0.0723991489 0.0113270197
v 0.0034824419 0.0734625015 -0.00969690514
v 0.00348430634 0.0649625015 -0.0176271706
v 0.00348430634 0.0734625015 -0.0176271706
v 0.00348672843 0.0724491043 0.0113594046
v 0.00350076485 0.0699625015 0.0152992783
v 0.00350076485 0.0724625015 0.0152992783
v 0.00350136542 0.0734578934 0.00828213882
v 0.00350557532 0.0724605122 0.0113887805
v 0.00355633408 0.0731437435 -0.00897671175
v 0.00357305026 0.0734193718 0.00845007257
v 0.00359157252 0.0674625015 0.0194022923
v 0.00359157252 0.0734625015 0.0194022923
v 0.00361081743 0.0729549255 -0.00911235142
v 0.0036333971 0.0728245239 -0.0091685648
v 0.0036360724 0.0649625015 -0.0141382971
v 0.0036360724 0.0734625015 -0.0141382971
v 0.00364232922 0.0674625015 0.0103625422
v 0.00364232922 0.0734625015 0.0103625422
v 0.00365276909 0.0726402397 -0.00921679211
v 0.00365501356 0.0649625015 -0.0175117149
v 0.00365501356 0.0734625015 -0.0175117149
v 0.0036589129 0.0724973984 -0.00923208809
v 0.00366399844 0.073321312 0.00866313505
v 0.00368181109 0.0674625015 0.0186046314
v 0.00369956387 0.0724228315 0.0185728556
v 0.00370813084 0.0732451096 0.00876652336
v 0.00373645377 0.073181839 0.0088328743
v 0.00377379727 0.0730740128 0.00892035818
v 0.00382139683 0.0674625015 0.0111096001
v 0.00382278121 0.072858643 0.00903511183
v 0.003837667 0.072421738 0.0111414522
v 0.00384992242 0.0726359475 0.0090986948
v 0.00385608888 0.0724973984 0.00911314106
v 0.00386271804 0.0734625015 -0.014334004
v 0.00386937892 0.0649625015 -0.0143405905
v 0.00388603377 0.0734625015 -0.0173068151
v 0.0039101843 0.0649625015 -0.0172823919
v 0.00404383707 0.0674625015 0.0195926094
v 0.00404383707 0.0734625015 0.0195926094
v 0.00405545664 0.0674625015 0.0187899437
v 0.00407033874 0.0724228398 0.0187558259
v 0.00407427931 0.0649625015 -0.0145716105
v 0.00407427931 0.0734625015 -0.0145716105
v 0.00408832741 0.0649625015 -0.0170735073
v 0.00408832741 0.0734625015 -0.0170735073
v 0.00409670258 0.0674625015 0.0101773167
v 0.00409670258 0.0734625015 0.0101773167
v 0.00412669325 0.0734548416 -0.00802332926
v 0.00418280649 0.0652624969 0.00904511929
v 0.00418280649 0.0731624985 0.00904511929
v 0.00418973398 0.0649625015 -0.0147423182
v 0.00418973398 0.0734625015 -0.0147423182
v 0.00420168352 0.0674625015 0.0109383287
v 0.00420185757 0.0649625015 -0.016901516
v 0.00420185757 0.0734625015 -0.016901516
v 0.00421374273 0.0734213181 -0.008190485
v 0.0042157304 0.0724241768 0.0109741117
v 0.00425183487 0.0734625015 0.00781082726
v 0.0042757113 0.0733695984 -0.00830947781
v 0.00427711153 0.0699625015 0.0131448908
v 0.00427711153 0.0724625015 0.0131448908
v 0.00428431988 0.0652624969 -0.00903438091
v 0.00428431988 0.0731624985 -0.00903438091
v 0.00428790045 0.0649625015 -0.0149235191
v 0.00428790045 0.0734625015 -0.0149235191
v 0.00429798317 0.0649625015 -0.016719223
v 0.00429798317 0.0734625015 -0.016719223
v 0.0043095479 0.0734625015 0.00931703281
v 0.00433412266 0.0733011703 -0.00842164135
v 0.00434828313 0.0734385791 0.00798669661
v 0.00436783314 0.0649625015 -0.015113471
v 0.00436783314 0.0734625015 -0.015113471
v 0.00437577772 0.0649625015 -0.0165283852
v 0.00437577772 0.0734625015 -0.0165283852
v 0.00440243053 0.0731796316 -0.00855280813
v 0.00441410732 0.0734625015 -0.00930485344
v 0.00442876291 0.0649625015 -0.0153103418
v 0.00442876291 0.0734625015 -0.0153103418
v 0.00443449259 0.0649625015 -0.016330843
v 0.00443449259 0.0734625015 -0.016330843
v 0.004445467 0.0674625015 0.0189377384
v 0.00445689705 0.0724229574 0.0189024393
v 0.00445989815 0.0733629023 0.00819022179
v 0.00446091795 0.0730360794 -0.00866511726
v 0.00447010183 0.0649625015 -0.0155122375
v 0.00447010183 0.0734625015 -0.0155122375
v 0.00447356224 0.0649625015 -0.0161284962
v 0.00447356224 0.0734625015 -0.0161284962
v 0.00449193517 0.0734625015 -0.0158030799
v 0.00449214725 0.0649625015 -0.0158408615
v 0.0044945426 0.0729120827 -0.00872968483
v 0.00451257849 0.0674625015 0.0197376785
v 0.00451257849 0.0734625015 0.0197376785
v 0.00451372337 0.0733011703 0.00828836918
v 0.00452058125 0.072779808 -0.00877968407
v 0.00453655505 0.0726402397 -0.00881035805
v 0.00454416847 0.0724973984 -0.00882497787
v 0.0045670433 0.0674625015 0.0100375195
v 0.0045670433 0.0734625015 0.0100375195
v 0.00459692621 0.0674625015 0.0108051567
v 0.00459887954 0.0731469046 0.00844364742
v 0.00459988509 0.0723982859 0.0108156075
v 0.00461687214 0.0724565694 0.0108756058
v 0.0046703434 0.0729549255 0.0085739584
v 0.00469871252 0.072828589 0.00862568864
v 0.00472414791 0.0726438716 0.00867206882
v 0.00473238993 0.0724973984 0.00868709755
v 0.00484808588 0.0674625015 0.0190465965
v 0.0048559758 0.072423075 0.0190104606
v 0.00486518335 0.0734601974 -0.00753630495
v 0.00496875834 0.073432724 -0.00769498181
v 0.00497834587 0.0699625015 0.0170488071
v 0.00497834587 0.0724625015 0.0170488071
v 0.00497958326 0.0674625015 -0.0122778854
v 0.00497958326 0.0734625015 -0.0122778854
v 0.00498233843 0.0674625015 -0.0127685547
v 0.00498233843 0.0734625015 -0.0127685547
v 0.00499328184 0.0674625015 0.0198361053
v 0.00499328184 0.0734625015 0.0198361053
v 0.00499858093 0.0734625015 0.00735226488
v 0.00500331926 0.0674625015 0.0107113667
v 0.00500681057 0.0724098305 0.0107308042
v 0.00501871061 0.0724607964 0.0107970543
v 0.00502493572 0.0674625015 -0.0117893085
v 0.00502493572 0.0734625015 -0.0117893085
v 0.00503317404 0.0674625015 -0.0132565908
v 0.00503317404 0.0734625015 -0.0132565908
v 0.00504374933 0.0733896866 -0.00780986738
v 0.00504882193 0.0674625015 0.00994449615
v 0.00504882193 0.0734625015 0.00994449615
v 0.0050508666 0.0652624969 0.00858737946
v 0.0050508666 0.0731624985 0.00858737946
v 0.00508395243 0.0734498647 0.00747710665
v 0.00511403513 0.0733253403 -0.00791754556
v 0.00511795855 0.0674625015 -0.0113075304
v 0.00511795855 0.0734625015 -0.0113075304
v 0.00513160133 0.0674625015 -0.0137372942
v 0.00513160133 0.0734625015 -0.0137372942
v 0.00514718533 0.0652624969 -0.00856692219
v 0.00514718533 0.0731624985 -0.00856692219
v 0.00519897342 0.0732134743 -0.00804766989
v 0.00520365 0.0734625015 0.00884556007
v 0.00520946399 0.0733871734 0.00766064669
v 0.00525462818 0.0731119461 -0.00813293266
v 0.00525775576 0.0674625015 -0.0108371897
v 0.00525775576 0.0734625015 -0.0108371897
v 0.00525943565 0.0674625015 0.0191154652
v 0.00526161362 0.0724084496 0.0190969037
v 0.00526944399 0.0724606413 0.0190301678
v 0.00527667141 0.0674625015 -0.0142060356
v 0.00527667141 0.0734625015 -0.0142060356
v 0.00528673887 0.0730360794 -0.008182127
v 0.0053025012 0.0734625015 0.0218374176
v 0.0053025012 0.0737624969 0.0218374176
v 0.00530285883 0.0734625015 -0.00882337093
v 0.00530601549 0.0733011703 0.00780183744
v 0.00533680169 0.0728679911 -0.00825882308
v 0.00535000706 0.0739625015 0.0220316944
v 0.00537582341 0.0726445319 -0.00831860447
v 0.00538525772 0.0724973984 -0.0083330574
v 0.00540849324 0.0731405833 0.00795169443
v 0.00541694832 0.0674625015 0.0106578617
v 0.00541987758 0.0724223692 0.0106946059
v 0.00544298124 0.0674625015 -0.0103828163
v 0.00544298124 0.0734625015 -0.0103828163
v 0.00546698761 0.0674625015 -0.0146583004
v 0.00546698761 0.0734625015 -0.0146583004
v 0.005481318 0.0674625015 0.0198869419
v 0.005481318 0.0734625015 0.0198869419
v 0.00550317214 0.0729081879 0.00809014676
v 0.005533885 0.072779808 0.00813505936
v 0.00553739834 0.0674625015 0.00989914417
v 0.00553739834 0.0734625015 0.00989914417
v 0.00554759359 0.0734625015 -0.0218132992
v 0.00554759359 0.0737624969 -0.0218132992
v 0.00555260376 0.0726481088 0.00816243164
v 0.00556271124 0.0724973984 0.00817721272
v 0.00557841444 0.0734601974 -0.00701912522
v 0.00559727812 0.0739625015 -0.0220070305
v 0.00567185116 0.0674625015 -0.00994878578
v 0.00567185116 0.0734625015 -0.00994878578
v 0.00567555523 0.0674625015 0.0191436844
v 0.00567624621 0.0724229574 0.0191065859
v 0.00569704413 0.073432724 -0.00716688585
v 0.00570071697 0.0674625015 -0.0150897331
v 0.00570071697 0.0734625015 -0.0150897331
v 0.00572318268 0.0734605266 0.00685418708
v 0.00572528219 0.0674625015 -0.0124352427
v 0.00573746669 0.072400012 -0.0124354144
v 0.00573987007 0.0674625015 -0.0128520622
v 0.00574989493 0.0723967673 -0.0128512176
v 0.00575161982 0.0674625015 -0.0120190001
v 0.00575759398 0.0723890947 -0.0120196735
v 0.00579524374 0.0674625015 -0.0132654457
v 0.00579991167 0.0724571569 -0.0124362952
v 0.00581021214 0.0733695984 -0.00730784369
v 0.0058115445 0.0724561547 -0.0128460226
v 0.00581243142 0.0724500847 -0.0120258565
v 0.00581862974 0.0674625015 -0.0116073427
v 0.00583125405 0.0724227913 -0.0132588093
v 0.0058331345 0.0724235457 0.0106824985
v 0.00583382988 0.0674625015 0.0106451569
v 0.00584436878 0.073434625 0.00699865826
v 0.00585540937 0.0724233451 -0.0116151997
v 0.00586988068 0.0652624969 0.00804675865
v 0.00586988068 0.0731624985 0.00804675865
v 0.00588938332 0.0733011703 -0.00740645647
v 0.00589086866 0.0674625015 -0.0136714106
v 0.00589235705 0.0723742662 -0.0136709818
v 0.00592566633 0.0674625015 -0.011204236
v 0.00594020047 0.0724417285 -0.0136572027
v 0.00594216156 0.0674625015 -0.00953927898
v 0.00594216156 0.0734625015 -0.00953927898
v 0.00596007681 0.0652624969 -0.00801713848
v 0.00596007681 0.0731624985 -0.00801713848
v 0.00596086514 0.0733729464 0.00713753851
v 0.00596090549 0.072423075 -0.011215471
v 0.00597198725 0.0674625015 0.0198896961
v 0.00597198725 0.0734625015 0.0198896961
v 0.00597560883 0.0674625015 -0.0154961786
v 0.00597560883 0.0734625015 -0.0154961786
v 0.00598196777 0.0731796316 -0.00752177652
v 0.00602582502 0.0674625015 -0.0140660477
v 0.00602806711 0.0674625015 0.00990189934
v 0.00602806711 0.0734625015 0.00990189934
v 0.00604680443 0.0733011703 0.00723999023
v 0.00604723454 0.0734625015 0.00828872108
v 0.00606123508 0.0724235206 -0.0140519624
v 0.00606124163 0.0730360794 -0.00762051725
v 0.00607169914 0.0674625015 -0.0108135624
v 0.00608941479 0.0724244688 0.0190930674
v 0.00609243727 0.0674625015 0.0191309795
v 0.0060968523 0.0732451096 0.00729965448
v 0.00610599889 0.0724235457 -0.0108283399
v 0.00611858114 0.0728679911 -0.00769193745
v 0.00614013672 0.0734625015 -0.00825709343
v 0.00616417181 0.0726366078 -0.00774872325
v 0.0061740799 0.0724973984 -0.00776106453
v 0.00618406403 0.0731100793 0.00740362328
v 0.00619881296 0.0674625015 -0.0144455566
v 0.00620736528 0.0723957188 -0.0144411394
v 0.00623379453 0.0734604535 -0.00643072149
v 0.00624569924 0.072421864 0.0107095998
v 0.00624994946 0.0674625015 0.0106733751
v 0.00625130892 0.0674625015 -0.00915823936
v 0.00625130892 0.0734625015 -0.00915823936
v 0.00625312713 0.0724537136 -0.0144175028
v 0.00625532103 0.0674625015 -0.0104390831
v 0.0062561307 0.0729549255 0.00748953724
v 0.00626012247 0.0723878254 -0.0104417369
v 0.00628766108 0.0724625015 -0.0143996658
v 0.00628901577 0.0674625015 -0.015873723
v 0.00628901577 0.0734625015 -0.015873723
v 0.00629607873 0.0728204588 0.00753716087
v 0.00631251639 0.0724521384 -0.0104706995
v 0.00632937825 0.0726323706 0.00757685888
v 0.0063374629 0.0734441299 -0.00653664255
v 0.00633905697 0.0724973984 0.0075883975
v 0.00637967769 0.0734598134 0.00626638925
v 0.00640816593 0.0674625015 -0.014806283
v 0.00643934071 0.0724238073 -0.0147860823
v 0.00646056366 0.0674625015 0.0198443451
v 0.00646056366 0.0734625015 0.0198443451
v 0.00646521902 0.0733868383 -0.00666717466
v 0.00647476435 0.0674625015 -0.0100844049
v 0.00647608519 0.0734441299 0.00636074638
v 0.00649102836 0.0724098305 -0.0100956072
v 0.00649924971 0.0724233225 0.0190395263
v 0.00650606632 0.0674625015 0.0190774746
v 0.00651610327 0.0674625015 0.00995273495
v 0.00651610327 0.0734625015 0.00995273495
v 0.00653103971 0.0699625015 0.0127400331
v 0.00653103971 0.0724625015 0.0127400331
v 0.00653580427 0.0724590912 -0.0101264477
v 0.00655711937 0.0724625015 -0.0101411295
v 0.00658495522 0.0733011703 -0.00678951263
v 0.00659631634 0.0674625015 -0.00880933571
v 0.00659631634 0.0734625015 -0.00880933571
v 0.00660653079 0.0733865385 0.0064884177
v 0.00663196087 0.0652624969 0.00742846394
v 0.00663196087 0.0731624985 0.00742846394
v 0.00663791895 0.0674625015 -0.0162187309
v 0.00663791895 0.0734625015 -0.0162187309
v 0.00665186834 0.0674625015 -0.0151447506
v 0.00665324973 0.0724240509 0.0107791115
v 0.00666129923 0.0674625015 0.0107422447
v 0.00666385269 0.0224624996 0.0470056381
v 0.00668133929 0.072423201 -0.0151212525
v 0.00671054006 0.0731437435 -0.00691782629
v 0.00671516609 0.0652624969 -0.00739032507
v 0.00671516609 0.0731624985 -0.00739032507
v 0.00672791576 0.0674625015 -0.00975294399
v 0.00672895527 0.0733011703 0.0066082387
v 0.00674207112 0.0724086103 -0.00976489957
v 0.00679442739 0.0724607964 -0.00980911779
v 0.00683217716 0.0734625015 0.00765187693
v 0.00683281092 0.0734604069 -0.00578533996
v 0.00684103171 0.0728679911 -0.0070511535
v 0.00685726061 0.073143756 0.00673381525
v 0.00687561369 0.0224624996 0.0484906158
v 0.00687561369 0.0739625015 0.0484906158
v 0.00688553762 0.0726874542 -0.00709662676
v 0.00689167714 0.0724572492 0.0189102825
v 0.00689748096 0.0725930252 -0.0071088295
v 0.00689888329 0.0739271306 0.0486537935
v 0.00689889601 0.0224976174 0.0486538827
v 0.00690303898 0.0724973984 -0.00711450815
v 0.00690912617 0.0724005115 0.0189719124
v 0.0069124589 0.0674625015 0.0189836845
v 0.00691787863 0.0734625015 -0.00761147547
v 0.00692315769 0.0738312636 0.048824018
v 0.00692757273 0.0674625015 -0.0154577026
v 0.00692766371 0.0226296608 0.0488556177
v 0.00693150633 0.0723878254 -0.0154538788
v 0.00693890187 0.0736676163 0.0489344245
v 0.0069423418 0.0674625015 0.0197513218
v 0.0069423418 0.0734625015 0.0197513218
v 0.00694321063 0.0228447022 0.0489646399
v 0.00694603086 0.0734870033 0.0489844189
v 0.00694620085 0.0244624996 0.048985611
v 0.00694620085 0.0719625015 0.048985611
v 0.00695569328 0.0734603747 0.00559939007
v 0.00697139393 0.0724503836 -0.0154151007
v 0.00697386074 0.0674625015 -0.00849592876
v 0.00697386074 0.0734625015 -0.00849592876
v 0.00698132586 0.073432724 -0.00590991783
v 0.00699410957 0.072857837 0.00686775379
v 0.0069968071 0.0674625015 0.0100511618
v 0.0069968071 0.0734625015 0.0100511618
v 0.00701233673 0.0674625015 -0.00944789314
v 0.00701895905 0.0674625015 -0.0165278778
v 0.00701895905 0.0734625015 -0.0165278778
v 0.00701990773 0.0723982859 -0.00945568073
v 0.007033113 0.0724625015 0.0109462385
v 0.00704115387 0.0726481088 0.0069137975
v 0.00705395079 0.0724973984 0.00692632198
v 0.0070554924 0.0724164484 0.0108771232
v 0.00706337432 0.0724565694 -0.00950039134
v 0.00706391811 0.0674625015 0.0108511009
v 0.00710302483 0.0734337609 0.00571767525
v 0.00712285341 0.0733677722 -0.00602863503
v 0.00719148207 0.0224624996 -0.0469646492
v 0.00721670675 0.0733011703 -0.00610736179
v 0.00723227358 0.0699625015 0.0166439495
v 0.00723227358 0.0724625015 0.0166439495
v 0.00723262405 0.0674625015 -0.0157421236
v 0.00724162392 0.0733729464 0.00582894937
v 0.00724602688 0.0724111641 -0.0157262541
v 0.007276371 0.0732451096 -0.00615740967
v 0.00727746566 0.072460228 0.0187734884
v 0.00728044748 0.0724590912 -0.0156854982
v 0.00729714727 0.0724625015 -0.0156657248
v 0.00730126731 0.0724070477 0.0188341203
v 0.00730770206 0.0674625015 0.0188505116
v 0.0073252883 0.0674625015 -0.00917218876
v 0.0073289814 0.0734625015 -0.0050591383
v 0.0073297677 0.0652624969 0.00673844957
v 0.0073297677 0.0731624985 0.00673844957
v 0.00734589911 0.0733011703 0.00591266632
v 0.0073487868 0.072423201 -0.00920165955
v 0.00738030672 0.0674625015 -0.00822103691
v 0.00738030672 0.0734625015 -0.00822103691
v 0.00738269116 0.0731060667 -0.0062465935
v 0.00740518045 0.0652624969 -0.00669251776
v 0.00740518045 0.0731624985 -0.00669251776
v 0.00741268253 0.0674625015 0.0196115246
v 0.00741268253 0.0734625015 0.0196115246
v 0.00741903448 0.0734625015 0.0212083302
v 0.00741903448 0.0737624969 0.0212083302
v 0.00742695294 0.0224662936 -0.0484928926
v 0.00742821685 0.0739578373 -0.0485010957
v 0.00742846632 0.0674625015 -0.0167981873
v 0.00742846632 0.0734625015 -0.0167981873
v 0.00743883403 0.0724232621 0.0110335021
v 0.007444276 0.073451541 -0.00513798108
v 0.00745392847 0.0674625015 0.0109988976
v 0.00745868937 0.0225402219 -0.048698868
v 0.00745902118 0.073883162 -0.0487010215
v 0.00746094208 0.0731792636 0.00600502878
v 0.00746554804 0.0674625015 0.0101962318
v 0.00746554804 0.0734625015 0.0101962318
v 0.00746625376 0.0729549255 -0.00631668806
v 0.00748098874 0.0226650095 -0.0488435955
v 0.00748535395 0.0739625015 0.0213970146
v 0.00748793859 0.073671511 -0.048888701
v 0.00748912462 0.0734594294 0.0048971982
v 0.00749275099 0.0228454331 -0.048919934
v 0.0074958773 0.0734851186 -0.0489402237
v 0.00749604654 0.0244624996 -0.0489413223
v 0.00749604654 0.0719625015 -0.0489413223
v 0.0075148869 0.0728170713 -0.00635748271
v 0.0075509181 0.0734625015 0.00694116211
v 0.00755248523 0.0726402397 -0.00638902116
v 0.00755995989 0.0730360794 0.00608452511
v 0.00756408501 0.0674625015 -0.0159952745
v 0.00756511402 0.0724973984 -0.00639961433
v 0.00757498684 0.07240914 -0.0159794472
v 0.00761280107 0.0724606413 -0.0159245462
v 0.00762859344 0.0734625015 -0.00689273453
v 0.00762950905 0.0728727514 0.00614036245
v 0.00763742663 0.0734318466 0.00499400132
v 0.00764108751 0.0733848736 -0.00527256805
v 0.00765692902 0.0734625015 -0.0211604843
v 0.00765692902 0.0737624969 -0.0211604843
v 0.00766375685 0.0674625015 -0.00892848587
v 0.00767114799 0.0724231015 0.0186462724
v 0.00768388849 0.0724231015 -0.00895955504
v 0.00768765378 0.0726402397 0.00618704391
v 0.00768798876 0.0674625015 0.0186792412
v 0.00770050716 0.0724973984 0.00619736338
v 0.00772093201 0.0699625015 -0.0120903225
v 0.00772093201 0.0724625015 -0.0120903225
v 0.00772536325 0.0739625015 -0.0213484116
v 0.00774931002 0.0733896866 0.00506703281
v 0.00777855396 0.0733011703 -0.00536657286
v 0.00778568619 0.0724606413 0.0112591849
v 0.00778754377 0.0734625015 -0.00431239223
v 0.00781173944 0.0674625015 -0.00798730755
v 0.00781173944 0.0734625015 -0.00798730755
v 0.00781803807 0.0724099439 0.0112012783
v 0.00782757425 0.0674625015 0.0111842098
v 0.00784897914 0.0733309179 0.00513209075
v 0.00786249638 0.0674625015 -0.0170270576
v 0.00786249638 0.0734625015 -0.0170270576
v 0.00786705589 0.0674625015 0.0194262981
v 0.00786705589 0.0734625015 0.0194262981
v 0.00791666412 0.0734604069 0.00412596508
v 0.00791781282 0.0674625015 0.010386548
v 0.00791781282 0.0734625015 0.010386548
v 0.00791876268 0.0674625015 -0.0162147179
v 0.00792163229 0.0723892822 -0.0162095276
v 0.00792449711 0.0731466557 -0.00546637418
v 0.00794864089 0.0724504763 -0.0161606682
v 0.00795433251 0.0734411138 -0.00440386041
v 0.00795658112 0.0652624969 0.00598336029
v 0.00795658112 0.0731624985 0.00598336029
v 0.00799214709 0.0732082017 0.00522554278
v 0.00800862026 0.0699625015 0.014489563
v 0.00800862026 0.0724625015 0.014489563
v 0.00800933579 0.072457036 0.0184086728
v 0.00802347565 0.0652624969 -0.00593043804
v 0.00802347565 0.0731624985 -0.00593043804
v 0.00802448273 0.0674625015 -0.00871913338
v 0.00803009697 0.0724005115 -0.00873000294
v 0.00803780116 0.0724236521 0.0184530406
v 0.00804865291 0.0723766188 0.0184699558
v 0.00804965687 0.0674625015 0.0184715195
v 0.0080587492 0.072457036 -0.00878547549
v 0.00806661349 0.0729087871 -0.00556355902
v 0.0080723753 0.0731119461 0.00527791119
v 0.00808859348 0.073432724 0.00421550059
v 0.0081117754 0.072779808 -0.00559444237
v 0.00812156963 0.0730360794 0.00531002188
v 0.00814032316 0.0726402397 -0.00561396432
v 0.00814378435 0.073375077 -0.00450775792
v 0.00815392876 0.0724973984 -0.0056232686
v 0.00816072115 0.0724224867 0.0114347821
v 0.00817070484 0.0734625015 -0.00352429461
v 0.00818125725 0.0674625015 0.0114052534
v 0.00819648577 0.0728725666 0.00535892333
v 0.00819653606 0.0734625015 0.0061634202
v 0.00823838095 0.073375077 0.0042935061
v 0.00824415684 0.0734625015 0.00330969143
v 0.00825885487 0.0734578934 -0.00356192279
v 0.00825988857 0.0726323706 0.00540030889
v 0.00826400375 0.0674625015 -0.00779699135
v 0.00826400375 0.0734625015 -0.00779699135
v 0.00826508522 0.0733011703 -0.00457428074
v 0.00826543713 0.0734625015 -0.0061077919
v 0.00827250004 0.0724973984 0.0054085412
v 0.00829324245 0.0674625015 -0.0163983402
v 0.00829534184 0.0723864634 -0.0163934662
v 0.00830108643 0.0674625015 0.0191974277
v 0.00830108643 0.0734625015 0.0191974277
v 0.00831686974 0.0674625015 -0.0172122841
v 0.00831686974 0.0734625015 -0.0172122841
v 0.00831767837 0.0724504763 -0.0163416218
v 0.00833598492 0.0724606413 0.0181619587
v 0.00834924603 0.0674625015 0.0106202774
v 0.00834924603 0.0734625015 0.0106202774
v 0.00836108398 0.0733011703 0.00435740614
v 0.00837769373 0.0724076356 0.0182147546
v 0.0083892231 0.0674625015 0.0182293491
v 0.0084039917 0.0674625015 -0.00854614544
v 0.00840735531 0.0256783466 0.0592319641
v 0.00840735531 0.0707466507 0.0592319641
v 0.00841109486 0.07240914 -0.00856400318
v 0.0084206152 0.0734407963 0.00338057088
v 0.00842139663 0.0731453857 -0.00466000283
v 0.00843120979 0.0734187241 -0.00363549453
v 0.00843573527 0.0724606413 -0.00862594631
v 0.00844782829 0.025726202 0.0595157852
v 0.00844782829 0.0706987991 0.0595157852
v 0.00847477341 0.0734625015 -0.00270243597
v 0.00848692275 0.07242284 0.0116888179
v 0.00848745823 0.0258015766 0.0597936859
v 0.00848745823 0.0706234207 0.0597936859
v 0.00849590346 0.0731757799 0.00442761623
v 0.00849727821 0.0699625015 -0.01424471
v 0.00849727821 0.0724625015 -0.01424471
v 0.00850636482 0.0652624969 0.00517046881
v 0.00850636482 0.0731624985 0.00517046881
v 0.00851157093 0.0674625015 0.0116598997
v 0.00852587223 0.0259037647 0.0600630646
v 0.00852587223 0.0705212326 0.0600630646
v 0.00853048992 0.0734625015 0.00248148704
v 0.00855067539 0.0729549255 -0.00473090076
v 0.00856270981 0.0260318031 0.0603213882
v 0.00856270981 0.0703931961 0.0603213882
v 0.00856409645 0.0652624969 -0.00511142397
v 0.00856409645 0.0731624985 -0.00511142397
v 0.00859762478 0.0261844921 0.0605662346
v 0.00859762478 0.070240509 0.0605662346
v 0.0086045599 0.0730360794 0.00448420143
v 0.0086063319 0.0728170713 -0.00476142363
v 0.00862079271 0.0733333969 -0.00371642017
v 0.00862250233 0.0734578934 0.00250832224
v 0.00863029099 0.0263603992 0.0607952995
v 0.00863029099 0.0700645981 0.0607952995
v 0.00865060878 0.0726323706 -0.00478570529
v 0.00865126297 0.0734423811 -0.00275805182
v 0.00865261695 0.0724565694 0.0179023338
v 0.00866039944 0.0265578709 0.0610064392
v 0.00866039944 0.0698671265 0.0610064392
v 0.00866381359 0.0724973984 -0.00479294682
v 0.00867231973 0.0729049422 0.00451948849
v 0.00867599571 0.0733442657 0.00348315121
v 0.00868391609 0.0674625015 -0.0165443726
v 0.00868766975 0.0696499405 0.06119767
v 0.00869253302 0.0724174652 -0.0165173445
v 0.00869513289 0.0724001538 0.0179464633
v 0.00870305365 0.0269245116 0.061305552
v 0.00870341682 0.0674625015 0.017955061
v 0.00871059322 0.0674625015 0.0189271183
v 0.00871059322 0.0734625015 0.0189271183
v 0.00871184444 0.0694150848 0.0613671989
v 0.00871429157 0.0724625015 -0.0164490986
v 0.0087191267 0.072779808 0.00454386425
v 0.00873269749 0.0272602425 0.0615134277
v 0.00873269749 0.0691647568 0.0615134277
v 0.00873274517 0.0674625015 -0.00765192127
v 0.00873274517 0.0734625015 -0.00765192127
v 0.00873426723 0.0734625015 0.00162920511
v 0.0087432394 0.0732451096 -0.0037686882
v 0.00874372005 0.0734601974 -0.00186458474
v 0.00874980068 0.0726402397 0.00455983829
v 0.00875003242 0.0275236912 0.0616349907
v 0.00875003242 0.0689013062 0.0616349907
v 0.00875095057 0.073434625 0.00254578382
v 0.00875569153 0.0674625015 0.0108951693
v 0.00875569153 0.0734625015 0.0108951693
v 0.00876281357 0.0734625015 0.00532614231
v 0.00876368713 0.0277977829 0.0617307396
v 0.00876368713 0.0686272202 0.0617307396
v 0.00876442051 0.0724973984 0.00456745195
v 0.00877126308 0.0724500847 0.0119881554
v 0.00877353287 0.0280799503 0.0617997856
v 0.00877353287 0.068345047 0.0617997856
v 0.00877947712 0.0283675423 0.0618414726
v 0.00877947712 0.068057457 0.0618414726
v 0.00878146458 0.0286578598 0.0618554115
v 0.00878146458 0.0677671432 0.0618554115
v 0.00878721046 0.0674625015 -0.0173520813
v 0.00878721046 0.0734625015 -0.0173520813
v 0.00879862881 0.0674625015 -0.00841118908
v 0.00880005225 0.0723863413 -0.00841613096
v 0.00880959129 0.073181839 -0.00379701114
v 0.00881100479 0.0723890947 0.0119498671
v 0.00881533432 0.0674625015 0.0119456959
v 0.00881534648 0.0724497569 -0.00846923518
v 0.00882227707 0.0734625015 -0.00526420736
v 0.00890157715 0.0730676905 -0.00383627657
v 0.00890862009 0.0734568829 -0.000997425516
v 0.00891783995 0.0733439584 -0.00284205615
v 0.00891967941 0.073139437 0.00358103342
v 0.00892118914 0.0734409364 0.00166430223
v 0.00892565184 0.0734336014 -0.00190281041
v 0.00894867962 0.0734545204 0.000769393959
v 0.00895420094 0.0734592758 -0.000115327976
v 0.00895980992 0.0724247185 0.0176262369
v 0.00896798997 0.0733494746 0.0026090828
v 0.00897382355 0.0652624969 0.00430760336
v 0.00897382355 0.0731624985 0.00430760336
v 0.00898921299 0.0674625015 0.0176512985
v 0.00900832558 0.0728679911 -0.00388184333
v 0.00902183628 0.0652624969 -0.00424336338
v 0.00902183628 0.0731624985 -0.00424336338
v 0.00903102473 0.0724570144 0.0123061809
v 0.00905179405 0.0729549255 0.00363410091
v 0.00907216835 0.0256783466 -0.0591706238
v 0.00907216835 0.0707466507 -0.0591706238
v 0.00907338889 0.0726481088 -0.00390961647
v 0.0090803024 0.0723996171 0.0122672525
v 0.00908702278 0.0674625015 -0.0166514091
v 0.00908962154 0.0674625015 0.0122598906
v 0.0090898571 0.0724973984 -0.00391664624
v 0.00909163284 0.0674625015 0.0186179714
v 0.00909163284 0.0734625015 0.0186179714
v 0.0090951516 0.0724253133 -0.0166133558
v 0.00911069679 0.0728170713 0.00365776072
v 0.00911582661 0.025726202 -0.059453968
v 0.00911582661 0.0706987991 -0.059453968
v 0.00913323593 0.0674625015 0.0112085762
v 0.00913323593 0.0734625015 0.0112085762
v 0.00914270738 0.0733499527 -0.00194841587
v 0.00915695494 0.0726359475 0.00367634186
v 0.0091585741 0.0258015766 -0.059731411
v 0.0091585741 0.0706234207 -0.059731411
v 0.00915860616 0.0734067189 -0.00102476277
v 0.00916426169 0.0731453857 -0.00291970918
v 0.00916506222 0.0734196455 -0.000117594331
v 0.00917153072 0.0724973984 0.00368219638
v 0.00918504818 0.0734042857 0.000790111789
v 0.00918669224 0.073346789 0.00171415381
v 0.00919521651 0.0731795212 0.002675353
v 0.00919851303 0.0699625015 -0.0103407927
v 0.00919851303 0.0724625015 -0.0103407927
v 0.00920001125 0.0259037647 -0.0600003395
v 0.00920001125 0.0705212326 -0.0600003395
v 0.00920459366 0.0674625015 -0.0083155632
v 0.00920649549 0.0723978159 -0.0083258842
v 0.00921344852 0.0674625015 -0.00755349445
v 0.00921344852 0.0734625015 -0.00755349445
v 0.00921478957 0.0724207061 0.0173007678
v 0.00921762986 0.0724561547 -0.00838630088
v 0.00923974705 0.0260318031 -0.0602582321
v 0.00923974705 0.0703931961 -0.0602582321
v 0.00924385929 0.0674625015 0.0173209839
v 0.00924429607 0.0734625015 0.0044373908
v 0.00926898861 0.0674625015 -0.0174451027
v 0.00926898861 0.0734625015 -0.0174451027
v 0.00927136096 0.072455982 0.0126382277
v 0.00927740955 0.0261844921 -0.0605026703
v 0.00927740955 0.070240509 -0.0605026703
v 0.00929372215 0.0733495102 -0.0010395385
v 0.00929374886 0.0734625015 -0.00437010527
v 0.00930488777 0.0729549255 -0.00296402359
v 0.00930603409 0.0732451096 -0.0019827323
v 0.00930714035 0.0724332123 0.0126152725
v 0.00931264496 0.0263603992 -0.0607313576
v 0.00931264496 0.0700645981 -0.0607313576
v 0.00931688023 0.0730360794 0.00271083593
v 0.00932717444 0.0723878254 0.0126024192
v 0.00933179188 0.0674625015 0.0125994568
v 0.00934512329 0.0265578709 -0.0609421463
v 0.00934512329 0.0698671265 -0.0609421463
v 0.00934609032 0.0732451096 0.00174408281
v 0.00935445595 0.0652624969 0.00340307403
v 0.00935445595 0.0731624985 0.00340307403
v 0.00935990191 0.0728319766 -0.00298135974
v 0.00936167709 0.073321312 0.000805593396
v 0.00937453938 0.0267750568 -0.0611330566
v 0.00937453938 0.0696499405 -0.0611330566
v 0.00937612152 0.0733011703 -0.00104854929
v 0.00939027786 0.0733253403 -0.000120014962
v 0.00939228725 0.0652624969 -0.0033346169
v 0.00939228725 0.0731624985 -0.0033346169
v 0.00940061569 0.0270099144 -0.0613023033
v 0.00940061569 0.0694150848 -0.0613023033
v 0.00940711021 0.0728632308 0.00273715124
v 0.00941223621 0.0726402397 -0.00299785137
v 0.00942311001 0.0272602425 -0.061448288
v 0.00942311001 0.0691647568 -0.061448288
v 0.00942795753 0.0724973984 -0.00300280547
v 0.00943117528 0.0724247185 0.0169484582
v 0.00943517848 0.0731143004 -0.00200986687
v 0.0094405365 0.0674625015 0.0182729626
v 0.0094405365 0.0734625015 0.0182729626
v 0.0094418087 0.0275236912 -0.0615696487
v 0.0094418087 0.0689013062 -0.0615696487
v 0.00945653725 0.0277977829 -0.0616652412
v 0.00945653725 0.0686272202 -0.0616652412
v 0.0094637146 0.0734625015 0.020374815
v 0.0094637146 0.0737624969 0.020374815
v 0.00946490288 0.0674625015 0.0169673023
v 0.00946715736 0.0280799503 -0.061734169
v 0.00946715736 0.068345047 -0.061734169
v 0.00947356987 0.0283675423 -0.0617757874
v 0.00947356987 0.068057457 -0.0617757874
v 0.00947408628 0.0726402397 0.00275668466
v 0.00947571468 0.0286578598 -0.0617897034
v 0.00947571468 0.0677671432 -0.0617897034
v 0.00947824287 0.0674625015 0.0115574799
v 0.00947824287 0.0734625015 0.0115574799
v 0.00947918466 0.0731098377 0.00176907295
v 0.00948939419 0.0732134743 -0.00106093621
v 0.00948991013 0.0724973984 0.00276129961
v 0.00949868011 0.0674625015 -0.01671842
v 0.00949921568 0.0723851941 -0.0167136685
v 0.00950538421 0.0724242944 0.0129785576
v 0.0095057254 0.0724506245 -0.0166559312
v 0.0095095911 0.0732451096 -0.000121297359
v 0.00951286169 0.0732105983 0.000818844844
v 0.00953951359 0.0674625015 0.0129611244
v 0.00954820919 0.0739625015 0.0205560913
v 0.00954857922 0.0729549255 -0.00203369331
v 0.0095585556 0.0724625015 0.0165536747
v 0.0096065544 0.0728279636 -0.00204587458
v 0.00961797619 0.0674625015 -0.00826019001
v 0.00961980915 0.0730740128 -0.00107519776
v 0.00962104981 0.0724225698 -0.00829666019
v 0.0096248268 0.0724171878 0.0165825817
v 0.00962504337 0.0728770764 0.00179645988
v 0.00963634777 0.0734625015 0.00350572538
v 0.00964253726 0.0730710948 0.000830210979
v 0.0096445961 0.0652624969 0.00246559143
v 0.0096445961 0.0731624985 0.00246559143
v 0.00964514128 0.0731099548 -0.000122754256
v 0.00965021515 0.0674625015 0.0165936565
v 0.00965872574 0.0726402397 -0.00205683637
v 0.00967188168 0.0652624969 -0.00239393544
v 0.00967188168 0.0731624985 -0.00239393544
v 0.00967485714 0.0724973984 -0.00206022549
v 0.00967531395 0.0734625015 -0.00343409634
v 0.00967738124 0.0724216204 0.0133545239
v 0.00969212055 0.0734625015 -0.0203040619
v 0.00969212055 0.0737624969 -0.0203040619
v 0.00970029306 0.0726402397 0.00181058896
v 0.00970148468 0.0674625015 -0.00750265884
v 0.00970148468 0.0734625015 -0.00750265884
v 0.00971078396 0.0674625015 0.0133414106
v 0.00971649361 0.0724973984 0.00181363082
v 0.00973533165 0.0728782187 -0.00108783073
v 0.00975394344 0.0674625015 0.0178954182
v 0.00975394344 0.0734625015 0.0178954182
v 0.0097575655 0.0674625015 -0.0174904556
v 0.0097575655 0.0734625015 -0.0174904556
v 0.00976214134 0.0724224712 0.016192031
v 0.00976315358 0.0728628773 0.000840783046
v 0.00977864552 0.0739625015 -0.0204843769
v 0.00978261113 0.0729049422 -0.000124231792
v 0.00978453338 0.0724504763 0.0137534779
v 0.00978739071 0.0674625015 0.0119385195
v 0.00978739071 0.0734625015 0.0119385195
v 0.00979801178 0.0674625015 0.0162036457
v 0.00980330658 0.0726874542 -0.00109526408
v 0.00980916977 0.0724625015 0.0157796955
v 0.00982028008 0.0725930252 -0.00109712029
v 0.00982817841 0.0724973984 -0.00109798408
v 0.00983267689 0.0726402397 0.00084687683
v 0.00983538151 0.072779808 -0.000124798976
v 0.0098380324 0.0723891343 0.0137383314
v 0.00984145069 0.0652624969 0.0015041846
v 0.00984145069 0.0731624985 0.0015041846
v 0.00984395599 0.0674625015 0.0137366543
v 0.00984909725 0.0724973984 0.000848316073
v 0.00985792732 0.0652624969 -0.00143037856
v 0.00985792732 0.0731624985 -0.00143037856
v 0.00986996317 0.0726402397 -0.000125170663
v 0.00987791743 0.0724196274 0.0157947058
v 0.009886446 0.0724973984 -0.000125347823
v 0.00989932895 0.0724252363 0.0141499476
v 0.00990686893 0.0674625015 0.0158010273
v 0.00991492271 0.0674625015 -0.0167447567
v 0.00991509096 0.0724001538 -0.0167328187
v 0.00991595521 0.0724565694 -0.0166715463
v 0.00993519211 0.0734625015 0.00254011846
v 0.00993774605 0.0674625015 0.0141430473
v 0.00994013932 0.0724210249 0.0153855005
v 0.00994312191 0.0652624969 0.000528112113
v 0.00994312191 0.0731624985 0.000528112113
v 0.00994863224 0.0652624969 -0.000453225911
v 0.00994863224 0.0731624985 -0.000453225911
v 0.00995514488 0.0724215181 0.0145595543
v 0.00996329594 0.0734625015 -0.00246519446
v 0.00996593058 0.0724244688 0.0149728496
v 0.00997573757 0.0674625015 0.015389677
v 0.00999125099 0.0674625015 0.0145566759
v 0.0100039558 0.0674625015 0.0149735575
v 0.0100288353 0.0674625015 0.0174889736
v 0.0100288353 0.0734625015 0.0174889736
v 0.0100342736 0.0724229574 -0.00828270289
v 0.0100347967 0.0674625015 -0.00824560261
v 0.0100577011 0.0674625015 0.0123480272
v 0.0100577011 0.0734625015 0.0123480272
v 0.0101379509 0.0734625015 0.0015498693
v 0.0101549225 0.0734625015 -0.00147273088
v 0.0101921539 0.0674625015 -0.00749990368
v 0.0101921539 0.0734625015 -0.00749990368
v 0.0102426729 0.0734625015 0.000544514537
v 0.0102482338 0.0674625015 -0.0174877014
v 0.0102482338 0.0734625015 -0.0174877014
v 0.0102483482 0.0734625015 -0.000466263592
v 0.0102625647 0.0674625015 0.0170575409
v 0.0102625647 0.0734625015 0.0170575409
v 0.0102865705 0.0674625015 0.0127820568
v 0.0102865705 0.0734625015 0.0127820568
v 0.0103267202 0.0724493511 -0.0166705708
v 0.0103312445 0.0723892822 -0.0167242594
v 0.0103317423 0.0674625015 -0.0167301693
v 0.0104398355 0.0724625015 -0.00837131023
v 0.010447892 0.0724167953 -0.0082998546
v 0.0104510393 0.0674625015 -0.00827194023
v 0.0104528809 0.0674625015 0.0166052761
v 0.0104528809 0.0734625015 0.0166052761
v 0.010471797 0.0674625015 0.0132364302
v 0.010471797 0.0734625015 0.0132364302
v 0.0105979509 0.0674625015 0.0161365337
v 0.0105979509 0.0734625015 0.0161365337
v 0.0106115942 0.0674625015 0.0137067709
v 0.0106115942 0.0734625015 0.0137067709
v 0.0106807308 0.0674625015 -0.00754525566
v 0.0106807308 0.0734625015 -0.00754525566
v 0.0106963778 0.0674625015 0.0156558313
v 0.0106963778 0.0734625015 0.0156558313
v 0.0107046165 0.0674625015 0.014188549
v 0.0107046165 0.0734625015 0.014188549
v 0.01073627 0.0674625015 -0.0174368649
v 0.01073627 0.0734625015 -0.0174368649
v 0.0107382944 0.072423201 -0.0166377277
v 0.0107451258 0.0674625015 -0.0166747952
v 0.0107472134 0.0674625015 0.0151677952
v 0.0107472134 0.0734625015 0.0151677952
v 0.0107499685 0.0674625015 0.0146771259
v 0.0107499685 0.0734625015 0.0146771259
v 0.0107512064 0.0699625015 -0.0146495676
v 0.0107512064 0.0724625015 -0.0146495676
v 0.0107761965 0.0674625015 0.00263517213
v 0.0107761965 0.0734625015 0.00263517213
v 0.0107789516 0.0674625015 0.00214450312
v 0.0107789516 0.0734625015 0.00214450312
v 0.0108215485 0.0674625015 0.0031237483
v 0.0108215485 0.0734625015 0.0031237483
v 0.0108297873 0.0674625015 0.00165646672
v 0.0108297873 0.0734625015 0.00165646672
v 0.0108495451 0.0724506662 -0.00840051517
v 0.010861622 0.0723863413 -0.00834397961
v 0.0108626966 0.0674625015 -0.00833895016
v 0.0109145718 0.0674625015 0.00360552692
v 0.0109145718 0.0734625015 0.00360552692
v 0.0109282141 0.0674625015 0.00117576337
v 0.0109282141 0.0734625015 0.00117576337
v 0.011054369 0.0674625015 0.00407586765
v 0.011054369 0.0734625015 0.00407586765
v 0.0110732841 0.0674625015 0.000707022071
v 0.0110732841 0.0734625015 0.000707022071
v 0.0111409298 0.0724218964 -0.0165438905
v 0.0111510906 0.0674625015 -0.0165791702
v 0.011162509 0.0674625015 -0.00763827848
v 0.011162509 0.0734625015 -0.00763827848
v 0.0112169743 0.0674625015 -0.017338438
v 0.0112169743 0.0734625015 -0.017338438
v 0.0112395945 0.0674625015 0.00453024101
v 0.0112395945 0.0734625015 0.00453024101
v 0.0112407475 0.0224624996 0.0461219254
v 0.0112546014 0.0724231845 -0.00848112125
v 0.0112636003 0.0674625015 0.000254757345
v 0.0112636003 0.0734625015 0.000254757345
v 0.0112658033 0.0674625015 -0.00844598675
v 0.0114168501 0.0734625015 0.0193449001
v 0.0114168501 0.0737624969 0.0193449001
v 0.0114524403 0.0699625015 -0.0107456503
v 0.0114524403 0.0724625015 -0.0107456503
v 0.0114684639 0.0674625015 0.00496427107
v 0.0114684639 0.0734625015 0.00496427107
v 0.0114973297 0.0674625015 -0.000176675379
v 0.0114973297 0.0734625015 -0.000176675379
v 0.0115187063 0.0739625015 0.0195170212
v 0.0115320135 0.0724229574 -0.0164097374
v 0.0115457277 0.0674625015 -0.0164442139
v 0.0115480306 0.0724134287 0.0022008276
v 0.0115484843 0.0724155641 0.00261577731
v 0.0115727257 0.0723928528 0.00303101172
v 0.0115761976 0.0723944606 0.00178587774
v 0.0116128431 0.0724606413 0.00220415848
v 0.0116130953 0.0724607964 0.00261274946
v 0.0116143548 0.0739539178 0.0476497938
v 0.0116143641 0.0224708858 0.0476498318
v 0.0116271849 0.0724504763 0.00302305923
v 0.0116309983 0.0724509105 0.00179413322
v 0.0116323971 0.0724497853 -0.00864791053
v 0.0116328497 0.0674625015 -0.0077780757
v 0.0116328497 0.0734625015 -0.0077780757
v 0.0116335678 0.0734625015 -0.0192522793
v 0.0116335678 0.0737624969 -0.0192522793
v 0.0116544802 0.0723864547 -0.00859665378
v 0.011656477 0.0674625015 -0.00859201908
v 0.0116620926 0.0738753752 0.0478450188
v 0.0116709418 0.0225834035 0.0478812071
v 0.0116857147 0.0674625015 -0.0171933689
v 0.0116857147 0.0734625015 -0.0171933689
v 0.0116859018 0.0724281484 0.00343145623
v 0.0116895896 0.0724271851 0.00138561332
v 0.0116951592 0.0737414524 0.0479802443
v 0.0117017832 0.0227268009 0.0480073357
v 0.0117105379 0.0736044303 0.048043135
v 0.0117124056 0.0228658924 0.0480507736
v 0.0117155213 0.0734870033 0.0480635166
v 0.011715807 0.0244624996 0.0480646858
v 0.011715807 0.0719625015 0.0480646858
v 0.0117373495 0.0739625015 -0.0194232445
v 0.0117387743 0.0674625015 0.00537377787
v 0.0117387743 0.0734625015 0.00537377787
v 0.0117581654 0.0224624996 -0.0460295906
v 0.0117722216 0.0674625015 -0.000583121121
v 0.0117722216 0.0734625015 -0.000583121121
v 0.0117862567 0.0724053704 0.000981780535
v 0.011795848 0.0724224618 0.00383025555
v 0.0118201942 0.0724491043 0.000994010031
v 0.0118550587 0.0724607964 0.00100657362
v 0.0118609161 0.0724625015 0.0038071394
v 0.0118793459 0.0724625015 -0.0161823788
v 0.0119121175 0.0724185815 -0.0162458272
v 0.0119252367 0.0674625015 -0.0162712269
v 0.0119617323 0.0724275748 0.00420922968
v 0.0119694066 0.0724271851 0.000609112082
v 0.0120130058 0.0724229574 -0.00880811461
v 0.0120309563 0.0674625015 -0.00877564144
v 0.0120479221 0.0674625015 0.00575481796
v 0.0120479221 0.0734625015 0.00575481796
v 0.0120856285 0.0674625015 -0.000960665643
v 0.0120856285 0.0734625015 -0.000960665643
v 0.0120872231 0.0674625015 -0.00796330118
v 0.0120872231 0.0734625015 -0.00796330118
v 0.0121358097 0.0723897269 0.000227565593
v 0.0121368866 0.0739612961 -0.0475063057
v 0.01213744 0.0224638126 -0.0475084634
v 0.0121379795 0.0674625015 -0.0170030518
v 0.0121379795 0.0734625015 -0.0170030518
v 0.0121555065 0.0724278856 0.00457411541
v 0.0121825509 0.0225156672 -0.0476843594
v 0.0121828127 0.0724497569 0.000255882737
v 0.0121849888 0.0739048392 -0.0476938654
v 0.0122186298 0.0738160553 -0.0478250389
v 0.0122265078 0.0226463216 -0.0478557574
v 0.0122287874 0.0699625015 -0.0129000378
v 0.0122287874 0.0724625015 -0.0129000378
v 0.0122413978 0.0736737621 -0.0479138156
v 0.0122495683 0.0228399879 -0.0479456736
v 0.0122546844 0.0734892308 -0.0479656226
v 0.0122550106 0.0244624996 -0.0479668961
v 0.0122550106 0.0719625015 -0.0479668961
v 0.0122658306 0.0724231015 -0.0160308043
v 0.0122859621 0.0674625015 -0.0160618725
v 0.0123369181 0.0724606413 -0.00906581315
v 0.012374797 0.0724082774 -0.0090108188
v 0.0123841644 0.072427176 0.00491823454
v 0.0123856344 0.0674625015 -0.00899508476
v 0.0123929291 0.0674625015 0.00610372162
v 0.0123929291 0.0734625015 0.00610372162
v 0.0123945624 0.0724273117 -9.84548289e-05
v 0.0124345322 0.0674625015 -0.00130567288
v 0.0124345322 0.0734625015 -0.00130567288
v 0.0125212526 0.0674625015 -0.0081921711
v 0.0125212526 0.0734625015 -0.0081921711
v 0.0125694122 0.0674625015 -0.0167693214
v 0.0125694122 0.0734625015 -0.0167693214
v 0.0125779001 0.0724571569 -0.015759814
v 0.0126172466 0.0723991489 -0.0158091612
v 0.0126244307 0.0674625015 -0.0158181715
v 0.0126469204 0.0724292853 0.00523697535
v 0.0126586377 0.0724274675 -0.000416267247
v 0.0126927117 0.0724223302 -0.00927710669
v 0.0127170944 0.0674625015 -0.0092482357
v 0.0127704735 0.0674625015 0.00641712856
v 0.0127704735 0.0734625015 0.00641712856
v 0.0128155718 0.0674625015 -0.00161482036
v 0.0128155718 0.0734625015 -0.00161482036
v 0.0129125639 0.0724214369 -0.015516938
v 0.0129150465 0.0723940806 0.00555518505
v 0.0129307604 0.0674625015 -0.0084624815
v 0.0129307604 0.0734625015 -0.0084624815
v 0.0129373827 0.0674625015 -0.0155424662
v 0.0129522527 0.0724290458 -0.000706809957
v 0.0129535493 0.0724517149 0.00551289582
v 0.0129758587 0.0674625015 -0.0164944305
v 0.0129758587 0.0734625015 -0.0164944305
v 0.0129958201 0.0724234625 -0.00955825066
v 0.0130221462 0.0674625015 -0.00953265667
v 0.0131454048 0.0724625015 -0.0151728916
v 0.0131769199 0.0674625015 0.00669201994
v 0.0131769199 0.0734625015 0.00669201994
v 0.0132005207 0.0724178575 -0.0152194403
v 0.0132218037 0.0674625015 -0.0152374153
v 0.0132250795 0.0674625015 -0.00188513076
v 0.0132250795 0.0734625015 -0.00188513076
v 0.0132297812 0.0724607964 -0.00989988375
v 0.0132399143 0.0724043841 0.0058152209
v 0.0132596321 0.0734625015 0.0181285038
v 0.0132596321 0.0737624969 0.0181285038
v 0.0132709959 0.0724271851 -0.000969592733
v 0.0132749464 0.072455982 0.00576820825
v 0.0132826145 0.0724098178 -0.00985775695
v 0.0132978506 0.0674625015 -0.00984560871
v 0.0133118 0.0674625015 -0.00877162933
v 0.0133118 0.0734625015 -0.00877162933
v 0.0133534031 0.0674625015 -0.0161810246
v 0.0133534031 0.0734625015 -0.0161810246
v 0.0133778677 0.0739625015 0.0182898121
v 0.0134451327 0.0724220646 -0.0148854136
v 0.013462574 0.0734625015 -0.0180152664
v 0.013462574 0.0737624969 -0.0180152664
v 0.0134749546 0.0674625015 -0.0149059544
v 0.0135104145 0.0724229574 -0.010204254
v 0.0135175447 0.0699625015 0.00282273531
v 0.0135175447 0.0724625015 0.00282273531
v 0.0135415535 0.0674625015 -0.0101840773
v 0.0135794786 0.0723797557 0.00605633275
v 0.0135826139 0.0739625015 -0.0181752357
v 0.0135942494 0.072431605 0.00603181473
v 0.0135976102 0.0723897269 -0.00122764484
v 0.0136068792 0.0724625015 -0.0145028973
v 0.0136083527 0.0674625015 0.00692574978
v 0.0136083527 0.0734625015 0.00692574978
v 0.0136226253 0.0724606413 0.0059847149
v 0.0136257143 0.0724497569 -0.00118051423
v 0.0136591091 0.0674625015 -0.0021140008
v 0.0136591091 0.0734625015 -0.0021140008
v 0.0136607037 0.0674625015 -0.00911663628
v 0.0136607037 0.0734625015 -0.00911663628
v 0.0136676221 0.0724195796 -0.0145364753
v 0.0136943979 0.0674625015 -0.0145512762
v 0.01369841 0.0674625015 -0.0158321199
v 0.01369841 0.0734625015 -0.0158321199
v 0.0137170422 0.0724229574 -0.0105622938
v 0.013750906 0.0674625015 -0.0105448027
v 0.013818866 0.072451416 -0.0141513116
v 0.0138419068 0.0724609514 -0.0109569249
v 0.0138703036 0.0724004402 -0.0141734729
v 0.0138780203 0.0674625015 -0.0141767969
v 0.0138780203 0.0723625031 -0.0141767969
v 0.0139056322 0.0724107513 -0.0109315757
v 0.0139238939 0.0674625015 -0.0109243116
v 0.0139628483 0.0724270491 0.00621964697
v 0.0139741106 0.0674625015 -0.00949418068
v 0.0139741106 0.0734625015 -0.00949418068
v 0.0139798505 0.0724273119 -0.001392437
v 0.013989125 0.0724218556 -0.0137749878
v 0.0140075579 0.0674625015 -0.0154510803
v 0.0140075579 0.0734625015 -0.0154510803
v 0.0140218522 0.0724234627 -0.0113296045
v 0.0140240526 0.0674625015 -0.0137861233
v 0.0140588503 0.0674625015 -0.0113189487
v 0.0140606174 0.0674625015 0.00711606598
v 0.0140606174 0.0734625015 0.00711606598
v 0.0140698128 0.0724511672 -0.0133699267
v 0.0140825253 0.0724564118 -0.0117381734
v 0.0140987291 0.0724625015 -0.0129601555
v 0.0141102018 0.0724625015 -0.0121466942
v 0.0141134825 0.0674625015 -0.00229922628
v 0.0141134825 0.0734625015 -0.00229922628
v 0.0141252101 0.0723890947 -0.0133817607
v 0.0141310892 0.0674625015 -0.0133830166
v 0.0141426762 0.0724006476 -0.0117270881
v 0.0141544752 0.0674625015 -0.0117249136
v 0.0141692003 0.0724182962 -0.0129681011
v 0.0141742439 0.0256783466 0.0581184807
v 0.0141742439 0.0707466507 0.0581184807
v 0.0141798055 0.0724194783 -0.0121408286
v 0.0141890608 0.0724212328 -0.0125546178
v 0.0141980991 0.0674625015 -0.0129713593
v 0.0142098494 0.0674625015 -0.0121382971
v 0.0142244368 0.0674625015 -0.0125551167
v 0.014242342 0.025726202 0.0583969688
v 0.014242342 0.0706987991 0.0583969688
v 0.0142490025 0.0674625015 -0.00990062714
v 0.0142490025 0.0734625015 -0.00990062714
v 0.0142778683 0.0674625015 -0.0150415735
v 0.0142778683 0.0734625015 -0.0150415735
v 0.0142938919 0.0699625015 0.000668347716
v 0.0142938919 0.0724625015 0.000668347716
v 0.01430902 0.0258015766 0.058669651
v 0.01430902 0.0706234207 0.058669651
v 0.014345088 0.0724296807 0.00637614092
v 0.01435581 0.0724144479 -0.0015669929
v 0.0143736525 0.0259037647 0.0589339638
v 0.0143736525 0.0705212326 0.0589339638
v 0.0143766972 0.0724603313 -0.00150819887
v 0.0144356327 0.0260318031 0.0591874352
v 0.0144356327 0.0703931961 0.0591874352
v 0.0144827318 0.0674625015 -0.0103320599
v 0.0144827318 0.0734625015 -0.0103320599
v 0.014494379 0.0261844921 0.0594276772
v 0.014494379 0.070240509 0.0594276772
v 0.0145067377 0.0674625015 -0.014607543
v 0.0145067377 0.0734625015 -0.014607543
v 0.0145293579 0.0674625015 0.00726113605
v 0.0145293579 0.0734625015 0.00726113605
v 0.0145493402 0.0263603992 0.0596524391
v 0.0145493402 0.0700645981 0.0596524391
v 0.0145838232 0.0674625015 -0.00243902373
v 0.0145838232 0.0734625015 -0.00243902373
v 0.0145999994 0.0265578709 0.0598596115
v 0.0145999994 0.0698671265 0.0598596115
v 0.0146458817 0.0267750568 0.0600472488
v 0.0146458817 0.0696499405 0.0600472488
v 0.014673048 0.0674625015 -0.0107843246
v 0.014673048 0.0734625015 -0.0107843246
v 0.0146865568 0.0270099144 0.0602135887
v 0.0146865568 0.0694150848 0.0602135887
v 0.0146919632 0.0674625015 -0.0141531696
v 0.0146919632 0.0734625015 -0.0141531696
v 0.0147216425 0.0272602425 0.0603570709
v 0.0147216425 0.0691647568 0.0603570709
v 0.0147390104 0.0724272222 0.00650054395
v 0.0147508087 0.0275236912 0.0604763489
v 0.0147508087 0.0689013062 0.0604763489
v 0.0147577739 0.0724275571 -0.001668177
v 0.0147737827 0.0277977829 0.0605703011
v 0.0147737827 0.0686272202 0.0605703011
v 0.014790349 0.0280799503 0.0606380463
v 0.014790349 0.068345047 0.0606380463
v 0.0148003511 0.0283675423 0.0606789513
v 0.0148003511 0.068057457 0.0606789513
v 0.0148036957 0.0286578598 0.060692627
v 0.0148036957 0.0677671432 0.060692627
v 0.0148181181 0.0674625015 -0.0112530651
v 0.0148181181 0.0734625015 -0.0112530651
v 0.01482619 0.0256783466 -0.0579924507
v 0.01482619 0.0707466507 -0.0579924507
v 0.0148317604 0.0674625015 -0.0136828289
v 0.0148317604 0.0734625015 -0.0136828289
v 0.0148974104 0.025726202 -0.0582701569
v 0.0148974104 0.0706987991 -0.0582701569
v 0.0149165449 0.0674625015 -0.0117337685
v 0.0149165449 0.0734625015 -0.0117337685
v 0.0149247837 0.0674625015 -0.0132010508
v 0.0149247837 0.0734625015 -0.0132010508
v 0.0149671469 0.0258015766 -0.0585420723
v 0.0149671469 0.0706234207 -0.0585420723
v 0.0149673805 0.0674625015 -0.0122218056
v 0.0149673805 0.0734625015 -0.0122218056
v 0.0149701357 0.0674625015 -0.0127124739
v 0.0149701357 0.0734625015 -0.0127124739
v 0.0149743118 0.0734625015 0.0167373409
v 0.0149743118 0.0737624969 0.0167373409
v 0.0149951258 0.0699625015 0.00457226515
v 0.0149951258 0.0724625015 0.00457226515
v 0.0150100622 0.0674625015 0.00735956287
v 0.0150100622 0.0734625015 0.00735956287
v 0.0150347433 0.0259037647 -0.058805645
v 0.0150347433 0.0705212326 -0.058805645
v 0.0150656013 0.0674625015 -0.00253204632
v 0.0150656013 0.0734625015 -0.00253204632
v 0.0150995665 0.0260318031 -0.059058403
v 0.0150995665 0.0703931961 -0.059058403
v 0.01510779 0.0739625015 0.016886282
v 0.0151414843 0.0724145132 0.00659979932
v 0.0151511657 0.0724606413 0.00653553373
v 0.0151610069 0.0261844921 -0.0592979698
v 0.0151610069 0.070240509 -0.0592979698
v 0.0151615238 0.0734625015 -0.0166049347
v 0.0151615238 0.0737624969 -0.0166049347
v 0.0151634328 0.0724291529 -0.00174598264
v 0.0152184877 0.0263603992 -0.0595221024
v 0.0152184877 0.0700645981 -0.0595221024
v 0.0152714701 0.0265578709 -0.0597286911
v 0.0152714701 0.0698671265 -0.0597286911
v 0.0152966661 0.0739625015 -0.0167523689
v 0.0153194571 0.0267750568 -0.059915802
v 0.0153194571 0.0696499405 -0.059915802
v 0.0153619976 0.0270099144 -0.0600816727
v 0.0153619976 0.0694150848 -0.0600816727
v 0.0153986912 0.0272602425 -0.0602247543
v 0.0153986912 0.0691647568 -0.0602247543
v 0.0154291954 0.0275236912 -0.0603436966
v 0.0154291954 0.0689013062 -0.0603436966
v 0.0154532232 0.0277977829 -0.0604373856
v 0.0154532232 0.0686272202 -0.0604373856
v 0.0154705486 0.0280799503 -0.06050494
v 0.0154705486 0.068345047 -0.06050494
v 0.0154810095 0.0283675423 -0.0605457268
v 0.0154810095 0.068057457 -0.0605457268
v 0.0154845076 0.0286578598 -0.0605593681
v 0.0154845076 0.0677671432 -0.0605593681
v 0.0154980984 0.0674625015 0.00741039848
v 0.0154980984 0.0734625015 0.00741039848
v 0.0155541782 0.0674625015 -0.00257739854
v 0.0155541782 0.0734625015 -0.00257739854
v 0.0155553543 0.0724268327 0.00662319202
v 0.0155731042 0.0724029427 -0.00181511316
v 0.0155759551 0.0724567095 -0.00175427559
v 0.0157089844 0.0224624996 0.0447938499
v 0.0159684587 0.0724295909 0.0066213701
v 0.0159859143 0.072455982 -0.00175481639
v 0.0159887667 0.0674625015 0.00741315365
v 0.0159887667 0.0734625015 0.00741315365
v 0.0159889235 0.0724043841 -0.00181336873
v 0.0160448475 0.0674625015 -0.00257464337
v 0.0160448475 0.0734625015 -0.00257464337
v 0.0162063808 0.0224624996 0.0462089806
v 0.0162063808 0.0739625015 0.0462089806
v 0.0162112064 0.0224624996 -0.0446514244
v 0.0162614645 0.0739268129 0.0463656956
v 0.0162622521 0.0224996015 0.0463679366
v 0.0163180543 0.0738312636 0.0465267002
v 0.0163282817 0.0226278869 0.0465557976
v 0.0163552004 0.0736672965 0.0466323829
v 0.0163648387 0.0228421383 0.0466598043
v 0.0163718177 0.0734847759 0.0466796591
v 0.0163721809 0.0244624996 0.0466806908
v 0.0163721809 0.0719625015 0.0466806908
v 0.0163729982 0.0724607964 0.00653713036
v 0.0163825958 0.0724125962 0.00660285289
v 0.0163986487 0.0724270955 -0.00174537618
v 0.0164773426 0.0674625015 0.00736780167
v 0.0164773426 0.0734625015 0.00736780167
v 0.0165328827 0.0674625015 -0.00252380776
v 0.0165328827 0.0734625015 -0.00252380776
v 0.0165443783 0.0734625015 0.0151848078
v 0.0165443783 0.0737624969 0.0151848078
v 0.0165478191 0.0699625015 0.000263490021
v 0.0165478191 0.0724625015 0.000263490021
v 0.0166918106 0.0739625015 0.0153199492
v 0.016714056 0.0734625015 -0.0150348692
v 0.016714056 0.0737624969 -0.0150348692
v 0.0167564014 0.0224760021 -0.0461485892
v 0.0167580395 0.0739477985 -0.0461530872
v 0.0167851237 0.0724283216 0.00650373931
v 0.016803629 0.0724283453 -0.0016635768
v 0.0168260773 0.0738611434 -0.0463399252
v 0.0168358711 0.0225925279 -0.0463668195
v 0.016862999 0.0739625015 -0.0151683464
v 0.016877311 0.0736707925 -0.0464806183
v 0.0168843435 0.0227931428 -0.0464999307
v 0.0168951368 0.0229379959 -0.0465295696
v 0.0168951368 0.0734870033 -0.0465295696
v 0.0168955479 0.0244624996 -0.0465307007
v 0.0168955479 0.0719625015 -0.0465307007
v 0.0169591217 0.0674625015 0.00727477884
v 0.0169591217 0.0734625015 0.00727477884
v 0.017013586 0.0674625015 -0.00242538095
v 0.017013586 0.0734625015 -0.00242538095
v 0.017181286 0.0724264577 0.00638628313
v 0.0171879057 0.0724561547 -0.00151277122
v 0.017207888 0.0724026844 -0.00156822102
v 0.017249054 0.0699625015 0.00416740751
v 0.017249054 0.0724625015 0.00416740751
v 0.0174294624 0.0674625015 0.00713498163
v 0.0174294624 0.0734625015 0.00713498163
v 0.0174823284 0.0674625015 -0.00228031087
v 0.0174823284 0.0734625015 -0.00228031087
v 0.0175621825 0.0724289563 0.00622625293
v 0.0175800585 0.0724277302 -0.00138381089
v 0.0178838367 0.0674625015 0.00694975567
v 0.0178838367 0.0734625015 0.00694975567
v 0.0178969517 0.0724625015 0.00598226213
v 0.017921978 0.0724471359 0.00602423096
v 0.0179345932 0.0674625015 -0.00208999443
v 0.0179345932 0.0734625015 -0.00208999443
v 0.0179439802 0.0724277302 -0.00118823232
v 0.0179449501 0.0723929703 0.00606275434
v 0.0179547081 0.0734625015 0.013485857
v 0.0179547081 0.0737624969 0.013485857
v 0.0180254002 0.0699625015 0.0020130198
v 0.0180254002 0.0724625015 0.0020130198
v 0.0181052208 0.0734625015 -0.0133201895
v 0.0181052208 0.0737624969 -0.0133201895
v 0.0181146774 0.0739625015 0.0136058969
v 0.0182437735 0.0724607964 0.00576717687
v 0.0182665291 0.0739625015 -0.0134384251
v 0.0182823841 0.0724147614 0.00581948411
v 0.0182869795 0.0724277302 -0.000957924945
v 0.0183178654 0.0674625015 0.00672088575
v 0.0183178654 0.0734625015 0.00672088575
v 0.0183660259 0.0674625015 -0.00185626507
v 0.0183660259 0.0734625015 -0.00185626507
v 0.0185694292 0.0724565694 0.0055189977
v 0.01860593 0.0724270955 -0.000695301119
v 0.0186095458 0.0724056164 0.00556346114
v 0.0187273731 0.0674625015 0.00645057535
v 0.0187273731 0.0734625015 0.00645057535
v 0.0187724705 0.0674625015 -0.00158137321
v 0.0187724705 0.0734625015 -0.00158137321
v 0.0188847172 0.0724264145 0.0052523955
v 0.0188889134 0.0724421785 -0.000394803791
v 0.0189253736 0.0723786774 -0.000427699961
v 0.0191084137 0.0674625015 0.00614142799
v 0.0191084137 0.0734625015 0.00614142799
v 0.0191394566 0.0724410851 0.00492755861
v 0.0191402225 0.0724506245 -6.87805118e-05
v 0.0191500149 0.0674625015 -0.00126796639
v 0.0191500149 0.0734625015 -0.00126796639
v 0.0191773267 0.0723819122 0.00495577788
v 0.0191854073 0.0723928528 -0.000102134068
v 0.019191721 0.0734625015 0.0116568508
v 0.019191721 0.0737624969 0.0116568508
v 0.0193216171 0.0734625015 -0.0114774075
v 0.0193216171 0.0737624969 -0.0114774075
v 0.0193626862 0.0739625015 0.0117606335
v 0.0193773407 0.0724275137 0.00459023965
v 0.0193879066 0.0724274673 0.000261360505
v 0.0194573174 0.0674625015 0.00579642057
v 0.0194573174 0.0734625015 0.00579642057
v 0.0194937382 0.0739625015 -0.0115792637
v 0.0194950237 0.0674625015 -0.000919062972
v 0.0194950237 0.0734625015 -0.000919062972
v 0.0195730045 0.0724276838 0.00422638893
v 0.0195807197 0.072427993 0.000626757404
v 0.0197307152 0.0724283469 0.0038446149
v 0.0197395279 0.0724269222 0.0010081887
v 0.0197707233 0.0674625015 0.00541887617
v 0.0197707233 0.0734625015 0.00541887617
v 0.0198041706 0.0674625015 -0.000538022876
v 0.0198041706 0.0734625015 -0.000538022876
v 0.019804224 0.0256783466 0.0564451065
v 0.019804224 0.0707466507 0.0564451065
v 0.0198536105 0.0724276404 0.0034502063
v 0.0198565498 0.0724285381 0.00140442119
v 0.0198992901 0.025726202 0.05671558
v 0.0198992901 0.0706987991 0.05671558
v 0.0199002498 0.0724571569 0.00303985974
v 0.0199044763 0.0724564118 0.00181434369
v 0.0199160023 0.0724625015 0.00263087201
v 0.0199169235 0.0724625015 0.00222361135
v 0.0199602824 0.0724053704 0.00304890337
v 0.0199635637 0.0724045982 0.00180571531
v 0.0199841376 0.072424761 0.00222046161
v 0.019986278 0.0724207472 0.00263448367
v 0.0199923744 0.0258015766 0.0569804115
v 0.0199923744 0.0706234207 0.0569804115
v 0.0200255318 0.0224624996 0.0430342064
v 0.0200456161 0.0674625015 0.00501243067
v 0.0200456161 0.0734625015 0.00501243067
v 0.0200744801 0.0674625015 -0.000128515914
v 0.0200744801 0.0734625015 -0.000128515914
v 0.0200826035 0.0259037647 0.0572371178
v 0.0200826035 0.0705212326 0.0572371178
v 0.0201691284 0.0260318031 0.0574832916
v 0.0201691284 0.0703931961 0.0574832916
v 0.0202435036 0.0734625015 0.00971540356
v 0.0202435036 0.0737624969 0.00971540356
v 0.0202511406 0.0261844921 0.0577166214
v 0.0202511406 0.070240509 0.0577166214
v 0.0202793446 0.0674625015 0.00458099794
v 0.0202793446 0.0734625015 0.00458099794
v 0.0203033504 0.0674625015 0.000305514246
v 0.0203033504 0.0734625015 0.000305514246
v 0.0203278675 0.0263603992 0.0579349136
v 0.0203278675 0.0700645981 0.0579349136
v 0.020351532 0.0734625015 -0.00952427197
v 0.020351532 0.0737624969 -0.00952427197
v 0.0203985901 0.0265578709 0.0581361237
v 0.0203985901 0.0698671265 0.0581361237
v 0.0204238186 0.0739625015 0.00980192852
v 0.0204370232 0.0256783466 -0.0562559624
v 0.0204370232 0.0707466507 -0.0562559624
v 0.0204626427 0.0267750568 0.0583183594
v 0.0204626427 0.0696499405 0.0583183594
v 0.0204696617 0.0674625015 0.00412873316
v 0.0204696617 0.0734625015 0.00412873316
v 0.0204885769 0.0674625015 0.000759887576
v 0.0204885769 0.0734625015 0.000759887576
v 0.0205077209 0.0224624996 -0.0428434219
v 0.0205194263 0.0270099144 0.0584799118
v 0.0205194263 0.0694150848 0.0584799118
v 0.0205328064 0.0739625015 -0.00960876656
v 0.0205351219 0.025726202 -0.0565253487
v 0.0205351219 0.0706987991 -0.0565253487
v 0.0205684052 0.0272602425 0.0586192627
v 0.0205684052 0.0691647568 0.0586192627
v 0.0206091232 0.0275236912 0.0587351074
v 0.0206091232 0.0689013062 0.0587351074
v 0.0206147308 0.0674625015 0.00365999174
v 0.0206147308 0.0734625015 0.00365999174
v 0.0206283741 0.0674625015 0.0012302283
v 0.0206283741 0.0734625015 0.0012302283
v 0.0206311741 0.0258015766 -0.0567891197
v 0.0206311741 0.0706234207 -0.0567891197
v 0.0206411953 0.0277977829 0.058826355
v 0.0206411953 0.0686272202 0.058826355
v 0.0206643219 0.0280799503 0.0588921509
v 0.0206643219 0.068345047 0.0588921509
v 0.0206686518 0.0224635937 0.0444139623
v 0.0206703892 0.0739612034 0.0444176897
v 0.0206782856 0.0283675423 0.0589318771
v 0.0206782856 0.068057457 0.0589318771
v 0.0206829548 0.0286578598 0.0589451637
v 0.0206829548 0.0677671432 0.0589451637
v 0.0207131577 0.0674625015 0.00317928839
v 0.0207131577 0.0734625015 0.00317928839
v 0.0207213974 0.0674625015 0.00171200669
v 0.0207213974 0.0734625015 0.00171200669
v 0.0207242794 0.0259037647 -0.057044796
v 0.0207242794 0.0705212326 -0.057044796
v 0.0207567992 0.0225304705 0.0446030754
v 0.0207582843 0.0738935967 0.0446062617
v 0.0207639942 0.0674625015 0.00269125199
v 0.0207639942 0.0734625015 0.00269125199
v 0.0207667484 0.0674625015 0.00220058298
v 0.0207667484 0.0734625015 0.00220058298
v 0.0208135643 0.0260318031 -0.0572899818
v 0.0208135643 0.0703931961 -0.0572899818
v 0.0208303868 0.0226703838 0.0447609503
v 0.0208474354 0.0736739321 0.0447975262
v 0.0208609297 0.0228379276 0.0448264772
v 0.0208699284 0.0734888881 0.0448457832
v 0.0208704758 0.0244624996 0.0448469582
v 0.0208704758 0.0719625015 0.0448469582
v 0.0208981915 0.0261844921 -0.057522377
v 0.0208981915 0.070240509 -0.057522377
v 0.0209773636 0.0263603992 -0.0577397957
v 0.0209773636 0.0700645981 -0.0577397957
v 0.0210503407 0.0265578709 -0.057940197
v 0.0210503407 0.0698671265 -0.057940197
v 0.0210999279 0.0734625015 0.0076802125
v 0.0210999279 0.0737624969 0.0076802125
v 0.021116436 0.0267750568 -0.0581217003
v 0.021116436 0.0696499405 -0.0581217003
v 0.0211672592 0.0224637032 -0.0442178745
v 0.0211682229 0.0739611865 -0.044219883
v 0.0211750298 0.0270099144 -0.0582826042
v 0.0211750298 0.0694150848 -0.0582826042
v 0.0211850471 0.0734625015 -0.00747959185
v 0.0211850471 0.0737624969 -0.00747959185
v 0.0212255726 0.0272602425 -0.0584213982
v 0.0212255726 0.0691647568 -0.0584213982
v 0.0212449094 0.0225133671 -0.0443796975
v 0.0212489263 0.0739071356 -0.0443880683
v 0.0212675877 0.0275236912 -0.0585367775
v 0.0212675877 0.0689013062 -0.0585367775
v 0.0212878551 0.0739625015 0.00774864674
v 0.0213006821 0.0277977829 -0.0586276627
v 0.0213006821 0.0686272202 -0.0586276627
v 0.0213096142 0.0738160553 -0.0445145378
v 0.0213226111 0.0226443545 -0.044541623
v 0.0213245468 0.0280799503 -0.0586931953
v 0.0213245468 0.068345047 -0.0586931953
v 0.0213389549 0.0283675423 -0.0587327614
v 0.0213389549 0.068057457 -0.0587327614
v 0.0213437729 0.0286578598 -0.0587459908
v 0.0213437729 0.0677671432 -0.0587459908
v 0.0213480927 0.0736797828 -0.0445947271
v 0.0213634063 0.0228413884 -0.0446266412
v 0.0213724489 0.0734870033 -0.0446454868
v 0.0213729706 0.0244624996 -0.0446465721
v 0.0213729706 0.0719625015 -0.0446465721
v 0.0213737316 0.0739625015 -0.00754591131
v 0.0217527428 0.0734625015 0.00557087708
v 0.0217527428 0.0737624969 0.00557087708
v 0.0218141346 0.0734625015 -0.00536305857
v 0.0218141346 0.0737624969 -0.00536305857
v 0.0219464722 0.0739625015 0.0056205616
v 0.0220084114 0.0739625015 -0.00541056442
v 0.0221956635 0.0734625015 0.00340771151
v 0.0221956635 0.0737624969 0.00340771151
v 0.0222327366 0.0734625015 -0.00319505572
v 0.0222327366 0.0737624969 -0.00319505572
v 0.0223933315 0.0739625015 0.00343816805
v 0.0224244251 0.0734625015 0.00121154845
v 0.0224244251 0.0737624969 0.00121154845
v 0.0224307346 0.0739625015 -0.00322329044
v 0.0224368229 0.0734625015 -0.000996462166
v 0.0224368229 0.0737624969 -0.000996462166
v 0.0226241245 0.0739625015 0.0012224834
v 0.0226366329 0.0739625015 -0.00100515389
v 0.0241488171 0.0224624996 0.0408599434
v 0.0246063328 0.0224624996 -0.0406229935
v 0.0249240802 0.0739614057 0.0421700152
v 0.0249261748 0.0224637957 0.0421735543
v 0.0249624138 0.0224721069 0.0422347908
v 0.0249624138 0.0739528961 0.0422347908
v 0.0250301507 0.0225242377 0.0423492574
v 0.0250308109 0.0738994739 0.0423503729
v 0.0250927925 0.0738160553 0.0424551125
v 0.025108976 0.022646268 0.042482459
v 0.0251387319 0.0736766317 0.0425327423
v 0.0251568847 0.0228479486 0.0425634184
v 0.0251668181 0.0734847759 0.0425802047
v 0.0251673756 0.0244624996 0.0425811462
v 0.0251673756 0.0719625015 0.0425811462
v 0.0252430744 0.0256783466 0.0542279587
v 0.0252430744 0.0707466507 0.0542279587
v 0.025364193 0.025726202 0.0544878082
v 0.025364193 0.0706987991 0.0544878082
v 0.0253974142 0.0224637032 -0.0419261818
v 0.0253974142 0.0739612961 -0.0419261818
v 0.0254597325 0.0739391793 -0.0420288417
v 0.0254597727 0.0224855658 -0.0420289078
v 0.0254827881 0.0258015766 0.0547422409
v 0.0254827881 0.0706234207 0.0547422409
v 0.0255394646 0.0738597031 -0.0421601883
v 0.0255483952 0.022580684 -0.0421749001
v 0.0255852604 0.0737796936 -0.04223563
v 0.025597744 0.0259037647 0.0549888687
v 0.025597744 0.0705212326 0.0549888687
v 0.0256004276 0.0226847153 -0.0422606163
v 0.025623105 0.0736475337 -0.0422979744
v 0.0256327907 0.0228427617 -0.0423139298
v 0.0256435289 0.0734870033 -0.0423316193
v 0.0256441536 0.0244624996 -0.0423326492
v 0.0256441536 0.0719625015 -0.0423326492
v 0.025707983 0.0260318031 0.0552253761
v 0.025707983 0.0703931961 0.0552253761
v 0.0258124695 0.0261844921 0.055449543
v 0.0258124695 0.070240509 0.055449543
v 0.0258506336 0.0256783466 -0.0539778786
v 0.0258506336 0.0707466507 -0.0539778786
v 0.025910223 0.0263603992 0.0556592636
v 0.025910223 0.0700645981 0.0556592636
v 0.0259746628 0.025726202 -0.054236351
v 0.0259746628 0.0706987991 -0.054236351
v 0.0260003262 0.0265578709 0.0558525696
v 0.0260003262 0.0698671265 0.0558525696
v 0.0260819321 0.0267750568 0.0560276527
v 0.0260819321 0.0696499405 0.0560276527
v 0.0260961075 0.0258015766 -0.0544894371
v 0.0260961075 0.0706234207 -0.0544894371
v 0.0261542778 0.0270099144 0.0561828613
v 0.0261542778 0.0694150848 0.0561828613
v 0.0262138252 0.0259037647 -0.0547347565
v 0.0262138252 0.0705212326 -0.0547347565
v 0.0262166805 0.0272602425 0.0563167419
v 0.0262166805 0.0691647568 0.0563167419
v 0.0262685566 0.0275236912 0.0564280357
v 0.0262685566 0.0689013062 0.0564280357
v 0.0263094177 0.0277977829 0.0565157013
v 0.0263094177 0.0686272202 0.0565157013
v 0.0263267136 0.0260318031 -0.0549700127
v 0.0263267136 0.0703931961 -0.0549700127
v 0.0263388824 0.0280799503 0.0565789146
v 0.0263388824 0.068345047 0.0565789146
v 0.0263566723 0.0283675423 0.0566170807
v 0.0263566723 0.068057457 0.0566170807
v 0.0263626213 0.0286578598 0.0566298409
v 0.0263626213 0.0677671432 0.0566298409
v 0.0264337101 0.0261844921 -0.0551929893
v 0.0264337101 0.070240509 -0.0551929893
v 0.0265338135 0.0263603992 -0.0554015999
v 0.0265338135 0.0700645981 -0.0554015999
v 0.0266260815 0.0265578709 -0.0555938835
v 0.0266260815 0.0698671265 -0.0555938835
v 0.02670965 0.0267750568 -0.0557680359
v 0.02670965 0.0696499405 -0.0557680359
v 0.0267837334 0.0270099144 -0.0559224243
v 0.0267837334 0.0694150848 -0.0559224243
v 0.0268476353 0.0272602425 -0.0560555954
v 0.0268476353 0.0691647568 -0.0560555954
v 0.0269007568 0.0275236912 -0.0561663017
v 0.0269007568 0.0689013062 -0.0561663017
v 0.0269426022 0.0277977829 -0.0562535019
v 0.0269426022 0.0686272202 -0.0562535019
v 0.0269727726 0.0280799503 -0.0563163795
v 0.0269727726 0.068345047 -0.0563163795
v 0.0269909916 0.0283675423 -0.0563543434
v 0.0269909916 0.068057457 -0.0563543434
v 0.0269970818 0.0286578598 -0.0563670387
v 0.0269970818 0.0677671432 -0.0563670387
v 0.0280391331 0.0224624996 0.0382919922
v 0.0284675674 0.0224624996 -0.0380115204
v 0.0289654399 0.073955012 0.0395557408
v 0.0289684063 0.0224706273 0.0395597879
v 0.0290390224 0.0225005608 0.0396561279
v 0.0290390224 0.0739244385 0.0396561279
v 0.0291018239 0.0738603156 0.0397418071
v 0.0291228199 0.0225990325 0.0397704518
v 0.0291896003 0.0736726894 0.0398615594
v 0.0292093941 0.0228451868 0.0398885638
v 0.0292207275 0.0734888881 0.0399040257
v 0.0292214947 0.0244624996 0.0399050713
v 0.0292214947 0.0719625015 0.0399050713
v 0.0294350642 0.0739428253 -0.0393008454
v 0.0294405269 0.0224847287 -0.0393081251
v 0.0295345936 0.0225467644 -0.0394334793
v 0.0295345936 0.0738782349 -0.0394334793
v 0.0295701504 0.0738310332 -0.0394808655
v 0.0295909841 0.0226327467 -0.0395086283
v 0.029635571 0.0736734604 -0.0395680461
v 0.0296554465 0.0228452648 -0.0395945345
v 0.029667244 0.0734870033 -0.0396102581
v 0.0296679668 0.0244624996 -0.0396112213
v 0.0296679668 0.0719625015 -0.0396112213
v 0.0304384155 0.0256783466 0.0514883842
v 0.0304384155 0.0707466507 0.0514883842
v 0.0305844212 0.025726202 0.0517351112
v 0.0305844212 0.0706987991 0.0517351112
v 0.0307273827 0.0258015766 0.0519766922
v 0.0307273827 0.0706234207 0.0519766922
v 0.0308659592 0.0259037647 0.052210865
v 0.0308659592 0.0705212326 0.052210865
v 0.0309988499 0.0260318031 0.0524354286
v 0.0309988499 0.0703931961 0.0524354286
v 0.0310148849 0.0256783466 -0.0511801338
v 0.0310148849 0.0707466507 -0.0511801338
v 0.0311248055 0.0261844921 0.0526482735
v 0.0311248055 0.070240509 0.0526482735
v 0.0311636524 0.025726202 -0.0514252052
v 0.0311636524 0.0706987991 -0.0514252052
v 0.0312426453 0.0263603992 0.0528474045
v 0.0312426453 0.0700645981 0.0528474045
v 0.0313093166 0.0258015766 -0.0516651688
v 0.0313093166 0.0706234207 -0.0516651688
v 0.0313512611 0.0265578709 0.0530309486
v 0.0313512611 0.0698671265 0.0530309486
v 0.0314496365 0.0267750568 0.0531971893
v 0.0314496365 0.0696499405 0.0531971893
v 0.0314505138 0.0259037647 -0.0518977699
v 0.0314505138 0.0705212326 -0.0518977699
v 0.0315368462 0.0270099144 0.0533445587
v 0.0315368462 0.0694150848 0.0533445587
v 0.0315859184 0.0703931961 -0.0521208267
v 0.0316120701 0.0272602425 0.0534716759
v 0.0316120701 0.0691647568 0.0534716759
v 0.0316550234 0.0261140203 -0.0522346673
v 0.0316590137 0.0224624996 0.0353550911
v 0.0316746063 0.0275236912 0.0535773506
v 0.0316746063 0.0689013062 0.0535773506
v 0.0317142563 0.070240509 -0.0523322449
v 0.0317238636 0.0277977829 0.0536605911
v 0.0317238636 0.0686272202 0.0536605911
v 0.0317593822 0.0280799503 0.0537206116
v 0.0317593822 0.068345047 0.0537206116
v 0.0317808266 0.0283675423 0.0537568474
v 0.0317808266 0.068057457 0.0537568474
v 0.0317879982 0.0286578598 0.0537689667
v 0.0317879982 0.0677671432 0.0537689667
v 0.0318343239 0.0263603992 -0.0525300407
v 0.0318343239 0.0700645981 -0.0525300407
v 0.031944994 0.0265578709 -0.0527123528
v 0.031944994 0.0698671265 -0.0527123528
v 0.0320452309 0.0267750568 -0.0528774757
v 0.0320452309 0.0696499405 -0.0528774757
v 0.0320542412 0.0224624996 -0.0350341568
v 0.0321340904 0.0270099144 -0.0530238571
v 0.0321340904 0.0694150848 -0.0530238571
v 0.0322107353 0.0272602425 -0.0531501236
v 0.0322107353 0.0691647568 -0.0531501236
v 0.032274456 0.0275236912 -0.0532550888
v 0.032274456 0.0689013062 -0.0532550888
v 0.032324646 0.0277977829 -0.0533377686
v 0.032324646 0.0686272202 -0.0533377686
v 0.0323608322 0.0280799503 -0.0533973885
v 0.0323608322 0.068345047 -0.0533973885
v 0.0323826866 0.0283675423 -0.0534333839
v 0.0323826866 0.068057457 -0.0534333839
v 0.0323899918 0.0286578598 -0.0534454193
v 0.0323899918 0.0677671432 -0.0534454193
v 0.0327223695 0.022476165 0.0365416449
v 0.0327279225 0.0739476026 0.0365478412
v 0.0328173981 0.0225215397 0.036647686
v 0.0328173981 0.0739034576 0.036647686
v 0.032871109 0.0738477656 0.0367076187
v 0.0328906105 0.0226075876 0.0367293792
v 0.0329575297 0.0736732839 0.0368040504
v 0.0329786301 0.0228409023 0.0368275957
v 0.0329929867 0.0734870033 0.0368436165
v 0.0329937897 0.0244624996 0.0368445129
v 0.0329937897 0.0719625015 0.0368445129
v 0.0330678024 0.0224624996 -0.0361399078
v 0.0330678024 0.0739625015 -0.0361399078
v 0.0332093546 0.0739030765 -0.0362943347
v 0.0332104243 0.0225233349 -0.0362955017
v 0.0333388424 0.0226650095 -0.0364356003
v 0.0333676118 0.0736768309 -0.0364669861
v 0.0333909448 0.0228427105 -0.0364924412
v 0.03340498 0.0734829197 -0.0365077524
v 0.0334056587 0.0244624996 -0.0365084915
v 0.0334056587 0.0719625015 -0.0365084915
v 0.0349735985 0.0224624996 0.0320775223
v 0.03533181 0.0224624996 -0.0317195721
v 0.0353402138 0.0256783466 0.0482527657
v 0.0353402138 0.0707466507 0.0482527657
v 0.0355097008 0.025726202 0.0484839935
v 0.0355097008 0.0706987991 0.0484839935
v 0.0356756554 0.0258015766 0.0487104034
v 0.0356756554 0.0706234207 0.0487104034
v 0.0358365173 0.0259037647 0.048929863
v 0.0358365173 0.0705212326 0.048929863
v 0.035880043 0.0256783466 -0.047889679
v 0.035880043 0.0707466507 -0.047889679
v 0.0359907761 0.0260318031 0.0491403198
v 0.0359907761 0.0703931961 0.0491403198
v 0.0360521126 0.025726202 -0.048118988
v 0.0360521126 0.0706987991 -0.048118988
v 0.0360793495 0.0224624996 0.0330910873
v 0.0360793495 0.0739625015 0.0330910873
v 0.0361369896 0.0261844921 0.0493397942
v 0.036200124 0.0701593194 0.0494259277
v 0.0362205963 0.0258015766 -0.0483435173
v 0.0362205963 0.0706234207 -0.0483435173
v 0.0362315714 0.0225211706 0.0332306163
v 0.0362334452 0.0739033523 0.0332323338
v 0.0362737808 0.0263603992 0.0495264168
v 0.0363775303 0.022669557 0.033364406
v 0.0363839149 0.0259037647 -0.048561161
v 0.0363839149 0.0705212326 -0.048561161
v 0.0363998642 0.0265578709 0.0496984329
v 0.0363998642 0.0698671265 0.0496984329
v 0.0364075442 0.0736745671 0.0333919168
v 0.0364323209 0.0228447022 0.0334146274
v 0.0364470482 0.0734870033 0.0334281273
v 0.036447937 0.0244624996 0.0334289398
v 0.036447937 0.0719625015 0.0334289398
v 0.0365140572 0.0267750568 0.0498542252
v 0.0365140572 0.0696499405 0.0498542252
v 0.0365184681 0.0224760297 -0.0327830212
v 0.0365184915 0.0739491282 -0.0327830421
v 0.0365405273 0.0260318031 -0.0487698708
v 0.0365405273 0.0703931961 -0.0487698708
v 0.0366152916 0.0270099144 0.0499923401
v 0.0366152916 0.0694150848 0.0499923401
v 0.0366244011 0.0225215397 -0.0328779564
v 0.0366244011 0.0739034576 -0.0328779564
v 0.036684375 0.0738478309 -0.0329317031
v 0.0366889725 0.0261844921 -0.0489676895
v 0.0366889725 0.070240509 -0.0489676895
v 0.0367026176 0.0272602425 0.0501114731
v 0.0367026176 0.0691647568 0.0501114731
v 0.0367095647 0.022612465 -0.0329542775
v 0.0367752075 0.0275236912 0.0502105103
v 0.0367752075 0.0689013062 0.0502105103
v 0.0367811094 0.0736720007 -0.0330183932
v 0.0368058065 0.0228460222 -0.0330405265
v 0.0368203316 0.0734870033 -0.033053545
v 0.036821228 0.0244624996 -0.033054348
v 0.036821228 0.0719625015 -0.033054348
v 0.0368278465 0.0263603992 -0.0491527634
v 0.0368278465 0.0700645981 -0.0491527634
v 0.036832386 0.0277977829 0.050288517
v 0.036832386 0.0686272202 0.050288517
v 0.0368736191 0.0280799503 0.0503447685
v 0.0368736191 0.068345047 0.0503447685
v 0.03689851 0.0283675423 0.0503787308
v 0.03689851 0.068057457 0.0503787308
v 0.0369068336 0.0286578598 0.0503900871
v 0.0369068336 0.0677671432 0.0503900871
v 0.0369558563 0.0265578709 -0.0493233528
v 0.0369558563 0.0698671265 -0.0493233528
v 0.0370717926 0.0267750568 -0.0494778557
v 0.0370717926 0.0696499405 -0.0494778557
v 0.037174572 0.0270099144 -0.0496148224
v 0.037174572 0.0694150848 -0.0496148224
v 0.0372632294 0.0272602425 -0.0497329674
v 0.0372632294 0.0691647568 -0.0497329674
v 0.0373369293 0.0275236912 -0.0498311844
v 0.0373369293 0.0689013062 -0.0498311844
v 0.0373949776 0.0277977829 -0.0499085464
v 0.0373949776 0.0686272202 -0.0499085464
v 0.0374368401 0.0280799503 -0.0499643288
v 0.0374368401 0.068345047 -0.0499643288
v 0.0374621124 0.0283675423 -0.0499980087
v 0.0374621124 0.068057457 -0.0499980087
v 0.037470562 0.0286578598 -0.0500092735
v 0.037470562 0.0677671432 -0.0500092735
v 0.0379509621 0.0224624996 0.0284908504
v 0.0382687111 0.0224624996 -0.0280996914
v 0.0392465105 0.0224843975 0.0294630166
v 0.0392485634 0.0739396839 0.0294645571
v 0.0393729248 0.0225467644 0.0295578766
v 0.0393729248 0.0738782349 0.0295578766
v 0.0394178687 0.0738337983 0.0295916032
v 0.0394443061 0.0226270977 0.0296114416
v 0.0395081715 0.0736702233 0.0296593651
v 0.0395319976 0.0228366607 0.0296772434
v 0.039536505 0.0224706273 -0.0290289642
v 0.0395398926 0.0739537503 -0.0290314474
v 0.0395497873 0.0734847759 0.0296905927
v 0.039550663 0.0244624996 0.0296912498
v 0.039550663 0.0719625015 0.0296912498
v 0.039632843 0.0225005608 -0.0290995789
v 0.039632843 0.0739244385 -0.0290995789
v 0.0397145645 0.0738639574 -0.0291594776
v 0.0397451799 0.0225966716 -0.0291819182
v 0.0398372302 0.0736767133 -0.0292493897
v 0.0398634156 0.0228395778 -0.0292685833
v 0.0398805953 0.0734926576 -0.0292811755
v 0.0398817902 0.0244624996 -0.0292820511
v 0.0398817902 0.0719625015 -0.0292820511
v 0.0399012642 0.0256783466 0.0445522728
v 0.0399012642 0.0707466507 0.0445522728
v 0.0400926018 0.025726202 0.0447657738
v 0.0400926018 0.0706987991 0.0447657738
v 0.0402799454 0.0258015766 0.044974823
v 0.0402799454 0.0706234207 0.044974823
v 0.04039925 0.0256783466 -0.0441381989
v 0.04039925 0.0707466507 -0.0441381989
v 0.040461544 0.0259037647 0.0451774635
v 0.040461544 0.0705212326 0.0451774635
v 0.0405624352 0.0224624996 0.0246296158
v 0.040592968 0.025726202 -0.0443495369
v 0.040592968 0.0706987991 -0.0443495369
v 0.0406356888 0.0260318031 0.0453717842
v 0.0406356888 0.0703931961 0.0453717842
v 0.04078265 0.0258015766 -0.0445564728
v 0.04078265 0.0706234207 -0.0445564728
v 0.0408007507 0.0261844921 0.0455559692
v 0.0408007507 0.070240509 0.0455559692
v 0.0408366585 0.0224624996 -0.0242093754
v 0.0409551735 0.0263603992 0.0457282829
v 0.0409551735 0.0700645981 0.0457282829
v 0.0409665146 0.0259037647 -0.0447570572
v 0.0409665146 0.0705212326 -0.0447570572
v 0.0410975113 0.0265578709 0.0458871117
v 0.0410975113 0.0698671265 0.0458871117
v 0.0411428299 0.0260318031 -0.0449494133
v 0.0411428299 0.0703931961 -0.0449494133
v 0.041226429 0.0696499405 0.0460309639
v 0.0412783748 0.0268818103 0.04608893
v 0.041309948 0.0261844921 -0.0451317291
v 0.041309948 0.070240509 -0.0451317291
v 0.0413407097 0.0694150848 0.0461584892
v 0.0414392929 0.0272602425 0.0462684898
v 0.0414392929 0.0691647568 0.0462684898
v 0.0414662971 0.0263603992 -0.0453022995
v 0.0414662971 0.0700645981 -0.0453022995
v 0.0415212402 0.0275236912 0.0463599319
v 0.0415212402 0.0689013062 0.0463599319
v 0.0415857925 0.0277977829 0.0464319611
v 0.0415857925 0.0686272202 0.0464319611
v 0.0416104088 0.0265578709 -0.0454595222
v 0.0416104088 0.0698671265 -0.0454595222
v 0.0416323357 0.0280799503 0.0464838982
v 0.0416323357 0.068345047 0.0464838982
v 0.0416604385 0.0283675423 0.0465152588
v 0.0416604385 0.068057457 0.0465152588
v 0.0416698341 0.0286578598 0.0465257454
v 0.0416698341 0.0677671432 0.0465257454
v 0.0417409325 0.0696499405 -0.0456019173
v 0.0418040456 0.026903161 -0.0456707712
v 0.0418566399 0.0694150848 -0.0457281494
v 0.0418656235 0.0224637032 0.0254206972
v 0.0418675277 0.0739611865 0.0254218532
v 0.0419564514 0.0272602425 -0.0458370361
v 0.0419564514 0.0691647568 -0.0458370361
v 0.0419683087 0.0739392736 0.0254830303
v 0.0419705446 0.0224864842 0.0254843876
v 0.0420394211 0.0275236912 -0.0459275551
v 0.0420394211 0.0689013062 -0.0459275551
v 0.0420977554 0.0225633111 0.0255616097
v 0.0421005494 0.0738592647 0.0255633058
v 0.0421047783 0.0277977829 -0.0459988556
v 0.0421047783 0.0686272202 -0.0459988556
v 0.042146732 0.0224635937 -0.0249846386
v 0.0421486492 0.0739612961 -0.0249857731
v 0.0421519012 0.0280799503 -0.0460502663
v 0.0421519012 0.068345047 -0.0460502663
v 0.0421803551 0.0283675423 -0.0460813065
v 0.0421803551 0.068057457 -0.0460813065
v 0.0421864291 0.0226632181 0.0256154376
v 0.0421898689 0.0286578598 -0.0460916862
v 0.0421898689 0.0677671432 -0.0460916862
v 0.0422115097 0.0224721069 -0.0250229702
v 0.0422115097 0.0739528961 -0.0250229702
v 0.0422258969 0.0736734307 0.0256393955
v 0.0422539737 0.0228451957 0.0256564388
v 0.0422709838 0.0734888881 0.0256667639
v 0.0422720909 0.0244624996 0.0256674366
v 0.0422720909 0.0719625015 0.0256674366
v 0.0423271278 0.0225252268 -0.025091391
v 0.042330791 0.0738974068 -0.0250935588
v 0.0424318275 0.0738160553 -0.0251533508
v 0.0424591753 0.022646268 -0.0251695336
v 0.0425121436 0.0736702233 -0.0252008777
v 0.0425400398 0.0228460222 -0.0252173855
v 0.0425569198 0.0734847759 -0.0252273745
v 0.0425578613 0.0244624996 -0.025227932
v 0.0425578613 0.0719625015 -0.025227932
v 0.0427828636 0.0224624996 0.0205310059
v 0.0430109253 0.0224624996 -0.0200860882
v 0.0440776405 0.0256783466 0.0404225349
v 0.0440776405 0.0707466507 0.0404225349
v 0.0441556206 0.0739613888 0.0211897268
v 0.04415732 0.0224637032 0.0211905422
v 0.0442889824 0.025726202 0.0406162529
v 0.0442889824 0.0706987991 0.0406162529
v 0.0443229968 0.0225157907 0.0212700433
v 0.0443275674 0.0739072535 0.0212722366
v 0.044390988 0.0224636106 -0.020729353
v 0.0443926964 0.0739612961 -0.0207301493
v 0.0444539795 0.0738160553 0.0213328972
v 0.0444855788 0.0226502559 0.0213480602
v 0.0444959145 0.0258015766 0.0408059349
v 0.0444959145 0.0706234207 0.0408059349
v 0.0445289879 0.0256783466 -0.0399618225
v 0.0445289879 0.0707466507 -0.0399618225
v 0.0445356948 0.0736762095 0.0213721077
v 0.0445663764 0.0228434349 0.0213868302
v 0.0445791731 0.0225292957 -0.0208170684
v 0.0445800236 0.0738950086 -0.0208174648
v 0.0445849285 0.0734870033 0.0213957329
v 0.0445860138 0.0244624996 0.0213962536
v 0.0445860138 0.0719625015 0.0213962536
v 0.0445908699 0.0224624996 0.0162344894
v 0.0446965027 0.0259037647 0.0409897957
v 0.0446965027 0.0705212326 0.0409897957
v 0.0447340527 0.0226650095 -0.0208892593
v 0.0447424889 0.025726202 -0.0401531563
v 0.0447424889 0.0706987991 -0.0401531563
v 0.044770565 0.0224624996 -0.0157695417
v 0.0447741096 0.0736730953 -0.0209079307
v 0.044803523 0.0228414272 -0.0209216413
v 0.0448225822 0.0734870033 -0.0209305258
v 0.0448236732 0.0244624996 -0.0209310341
v 0.0448236732 0.0719625015 -0.0209310341
v 0.044888855 0.0260318031 0.0411661148
v 0.044888855 0.0703931961 0.0411661148
v 0.0449515419 0.0258015766 -0.0403405037
v 0.0449515419 0.0706234207 -0.0403405037
v 0.0450711746 0.0261844921 0.0413332329
v 0.0450711746 0.070240509 0.0413332329
v 0.0451541786 0.0259037647 -0.0405221024
v 0.0451541786 0.0705212326 -0.0405221024
v 0.045241745 0.0263603992 0.0414895821
v 0.045241745 0.0700645981 0.0414895821
v 0.0453484993 0.0260318031 -0.0406962471
v 0.0453484993 0.0703931961 -0.0406962471
v 0.0453989639 0.0265578709 0.0416336937
v 0.0453989639 0.0698671265 0.0416336937
v 0.0455326843 0.0261844921 -0.0408613091
v 0.0455326843 0.070240509 -0.0408613091
v 0.0455413589 0.0696499405 0.0417642174
v 0.0455939557 0.0268729142 0.0418124288
v 0.0456675911 0.0694150848 0.0418799248
v 0.045704998 0.0263603992 -0.0410157318
v 0.045704998 0.0700645981 -0.0410157318
v 0.0457764778 0.0272602425 0.0419797325
v 0.0457764778 0.0691647568 0.0419797325
v 0.0458638268 0.0265578709 -0.0411580696
v 0.0458638268 0.0698671265 -0.0411580696
v 0.0458669968 0.0275236912 0.042062706
v 0.0458669968 0.0689013062 0.042062706
v 0.0459382973 0.0277977829 0.0421280594
v 0.0459382973 0.0686272202 0.0421280594
v 0.0459690361 0.0224624996 0.0117814484
v 0.0459897079 0.0280799503 0.0421751862
v 0.0459897079 0.068345047 0.0421751862
v 0.046007679 0.0696499405 -0.0412869835
v 0.0460207481 0.0283675423 0.04220364
v 0.0460207481 0.068057457 0.04220364
v 0.0460311279 0.0286578598 0.0422131538
v 0.0460311279 0.0677671432 0.0422131538
v 0.0460665368 0.0268834526 -0.0413397302
v 0.0460925926 0.0224772182 0.0167813466
v 0.0460940162 0.0739477207 0.0167818649
v 0.0460986404 0.0224624996 -0.0113013048
v 0.0461352043 0.0694150848 -0.041401268
v 0.0461856995 0.0224624996 -0.0162669392
v 0.0461856995 0.0739625015 -0.0162669392
v 0.0462452049 0.0272602425 -0.0414998474
v 0.0462452049 0.0691647568 -0.0414998474
v 0.0462846702 0.073856829 0.0168512913
v 0.0463082619 0.0225936716 0.0168598824
v 0.0463363316 0.0224963034 -0.0163198838
v 0.0463366508 0.0275236912 -0.0415817986
v 0.0463366508 0.0689013062 -0.0415817986
v 0.0463453411 0.073925607 -0.0163230505
v 0.04640868 0.0277977829 -0.041646347
v 0.04640868 0.0686272202 -0.041646347
v 0.0464211224 0.0736689237 0.0169009809
v 0.046439794 0.0227941114 0.0169077801
v 0.0464606171 0.0280799503 -0.041692894
v 0.0464606171 0.068345047 -0.041692894
v 0.0464689085 0.0734892308 0.0169183833
v 0.0464690113 0.0229379959 0.0169184208
v 0.0464701424 0.0244624996 0.0169188328
v 0.0464701424 0.0719625015 0.0169188328
v 0.0464919739 0.0283675423 -0.0417209969
v 0.0464919739 0.068057457 -0.0417209969
v 0.0465024605 0.0286578598 -0.0417303925
v 0.0465024605 0.0677671432 -0.0417303925
v 0.0465036573 0.0738310332 -0.0163786961
v 0.0465303861 0.0226258519 -0.0163880909
v 0.0466057165 0.0736745671 -0.0164145686
v 0.0466363375 0.0228408264 -0.0164253316
v 0.0466561695 0.0734892308 -0.0164323025
v 0.0466574097 0.0244624996 -0.0164327374
v 0.0466574097 0.0719625015 -0.0164327374
v 0.0469040909 0.0224624996 0.00721476555
v 0.046982357 0.0224624996 -0.00672441006
v 0.0473870277 0.0224624996 0.00257842112
v 0.0474132042 0.0224624996 -0.00208293462
v 0.0474435914 0.0739614057 0.0121596166
v 0.0474479072 0.0224638126 0.0121607235
v 0.0476265215 0.073953932 -0.0116749151
v 0.0476286637 0.0739072535 0.012207081
v 0.0476296867 0.0225186866 0.0122073433
v 0.0476312398 0.0224716995 -0.0116760688
v 0.0477644806 0.0738160553 0.0122419138
v 0.0477969725 0.0226483415 0.0122502459
v 0.047828489 0.0738706299 -0.0117243014
v 0.0478291206 0.0256783466 0.0359033241
v 0.0478291206 0.0707466507 0.0359033241
v 0.0478521601 0.0736761598 0.0122643992
v 0.0478597123 0.0225847686 -0.0117319362
v 0.0478853832 0.0228427225 0.0122729197
v 0.0479051723 0.0734870033 0.0122779946
v 0.0479063377 0.0244624996 0.0122782936
v 0.0479063377 0.0719625015 0.0122782936
v 0.047958252 0.0737393926 -0.0117560317
v 0.0479840508 0.0227268009 -0.0117623405
v 0.0480189959 0.0736071752 -0.0117708858
v 0.0480271042 0.0228643059 -0.0117728686
v 0.0480405015 0.0734813491 -0.0117761446
v 0.0480414009 0.0244624996 -0.0117763643
v 0.0480414009 0.0719625015 -0.0117763643
v 0.0480584297 0.025726202 0.0360753975
v 0.0480584297 0.0706987991 0.0360753975
v 0.0482294846 0.0256783466 -0.0354007721
v 0.0482294846 0.0707466507 -0.0354007721
v 0.0482829628 0.0258015766 0.0362438812
v 0.0482829628 0.0706234207 0.0362438812
v 0.048434869 0.0224665843 0.00745062661
v 0.0484348768 0.0739584961 0.0074506278
v 0.0484607124 0.025726202 -0.0355702591
v 0.0484607124 0.0706987991 -0.0355702591
v 0.0484673347 0.0224624996 -0.00693617105
v 0.0484673347 0.0739625015 -0.00693617105
v 0.0485006027 0.0259037647 0.036407196
v 0.0485006027 0.0705212326 0.036407196
v 0.0486285574 0.0224970655 -0.00695916209
v 0.0486348926 0.0739257316 -0.00696006546
v 0.0486377857 0.0225397935 0.00748189192
v 0.0486385817 0.0738840546 0.00748201458
v 0.0486871185 0.0258015766 -0.0357362137
v 0.0486871185 0.0706234207 -0.0357362137
v 0.0487093124 0.0260318031 0.0365638123
v 0.0487093124 0.0703931961 0.0365638123
v 0.0487841483 0.0226665253 0.00750444343
v 0.0488042568 0.0738280376 -0.00698421725
v 0.0488273399 0.0736741908 0.00751109829
v 0.0488324686 0.0226295245 -0.00698824018
v 0.0488598975 0.0228461024 0.00751611479
v 0.0488795738 0.0734870033 0.00751914668
v 0.048880764 0.0244624996 0.00751933002
v 0.048880764 0.0719625015 0.00751933002
v 0.0489065819 0.0259037647 -0.0358970718
v 0.0489065819 0.0705212326 -0.0358970718
v 0.048907135 0.0261844921 0.0367122536
v 0.048907135 0.070240509 0.0367122536
v 0.0489096699 0.0736708671 -0.00699924927
v 0.0489309959 0.0739587069 0.00266296372
v 0.0489362659 0.0224637032 -0.00214918792
v 0.0489362659 0.0739612961 -0.00214918792
v 0.0489364326 0.02246674 0.00266326141
v 0.0489401935 0.0228414783 -0.00700360209
v 0.0489609353 0.073491087 -0.00700655989
v 0.048962326 0.0244624996 -0.00700675821
v 0.048962326 0.0719625015 -0.00700675821
v 0.049092205 0.0263603992 0.0368511314
v 0.049092205 0.0700645981 0.0368511314
v 0.0491170387 0.0260318031 -0.0360513344
v 0.0491170387 0.0703931961 -0.0360513344
v 0.0491210508 0.0739084988 -0.00215722593
v 0.0491236295 0.0225172818 -0.0021573381
v 0.0491352324 0.0738876829 0.00267414699
v 0.049137809 0.0225397627 0.00267428806
v 0.0492627945 0.0265578709 0.0369791412
v 0.0492627945 0.0698671265 0.0369791412
v 0.0492650032 0.0738160553 -0.00216348791
v 0.0492853069 0.0226650095 0.00268236458
v 0.0492929571 0.0226419245 -0.00216470399
v 0.0493165131 0.0261844921 -0.0361975479
v 0.0493287362 0.073673491 0.00268474266
v 0.0493567 0.0736746061 -0.00216747677
v 0.0493619663 0.0228413884 0.00268656227
v 0.0493826351 0.073491087 0.00268769407
v 0.049384037 0.0244624996 0.00268777084
v 0.049384037 0.0719625015 0.00268777084
v 0.0493894415 0.022842063 -0.00216890101
v 0.0494013398 0.0701605495 -0.036259724
v 0.0494103107 0.0734829197 -0.00216980888
v 0.0494113121 0.0244624996 -0.0021698525
v 0.0494113121 0.0719625015 -0.0021698525
v 0.0494172974 0.0267750568 0.0370950775
v 0.0494172974 0.0696499405 0.0370950775
v 0.0495031319 0.0263603992 -0.0363343353
v 0.0495542679 0.0270099144 0.0371978569
v 0.0495542679 0.0694150848 0.0371978569
v 0.0496724129 0.0272602425 0.0372865105
v 0.0496724129 0.0691647568 0.0372865105
v 0.049675148 0.0265578709 -0.0364604225
v 0.049675148 0.0698671265 -0.0364604225
v 0.0497706261 0.0275236912 0.0373602104
v 0.0497706261 0.0689013062 0.0373602104
v 0.0498309441 0.0267750568 -0.0365746155
v 0.0498309441 0.0696499405 -0.0365746155
v 0.0498479881 0.0277977829 0.0374182625
v 0.0498479881 0.0686272202 0.0374182625
v 0.0499037704 0.0280799503 0.0374601212
v 0.0499037704 0.068345047 0.0374601212
v 0.0499374542 0.0283675423 0.0374853973
v 0.0499374542 0.068057457 0.0374853973
v 0.0499487152 0.0286578598 0.0374938469
v 0.0499487152 0.0677671432 0.0374938469
v 0.0499690552 0.0270099144 -0.0366758499
v 0.0499690552 0.0694150848 -0.0366758499
v 0.0500881882 0.0272602425 -0.0367631721
v 0.0500881882 0.0691647568 -0.0367631721
v 0.0501872253 0.0275236912 -0.0368357658
v 0.0501872253 0.0689013062 -0.0368357658
v 0.0502652359 0.0277977829 -0.0368929443
v 0.0502652359 0.0686272202 -0.0368929443
v 0.0503214836 0.0280799503 -0.0369341736
v 0.0503214836 0.068345047 -0.0369341736
v 0.0503554459 0.0283675423 -0.0369590683
v 0.0503554459 0.068057457 -0.0369590683
v 0.0503668022 0.0286578598 -0.036967392
v 0.0503668022 0.0677671432 -0.036967392
v 0.0511195755 0.0256783466 0.031038168
v 0.0511195755 0.0707466507 0.031038168
v 0.0513646507 0.025726202 0.0311869354
v 0.0513646507 0.0706987991 0.0311869354
v 0.0514650993 0.0256783466 -0.0304989738
v 0.0514650993 0.0707466507 -0.0304989738
v 0.0516046104 0.0258015766 0.0313326015
v 0.0516046104 0.0706234207 0.0313326015
v 0.0517118263 0.025726202 -0.0306449795
v 0.0517118263 0.0706987991 -0.0306449795
v 0.0518372116 0.0259037647 0.0314737988
v 0.0518372116 0.0705212326 0.0314737988
v 0.0519534111 0.0258015766 -0.030787941
v 0.0519534111 0.0706234207 -0.030787941
v 0.0520602684 0.0703931961 0.0316092014
v 0.0521307411 0.0260826995 0.0316519807
v 0.0521875839 0.0259037647 -0.0309265175
v 0.0521875839 0.0705212326 -0.0309265175
v 0.0522716866 0.070240509 0.0317375393
v 0.0524121437 0.0260318031 -0.0310594063
v 0.0524121437 0.0703931961 -0.0310594063
v 0.0524694824 0.0263603992 0.0318576069
v 0.0524694824 0.0700645981 0.0318576069
v 0.0526249924 0.0261844921 -0.0311853619
v 0.0526249924 0.070240509 -0.0311853619
v 0.0526517944 0.0265578709 0.0319682789
v 0.0526517944 0.0698671265 0.0319682789
v 0.0528169212 0.0267750568 0.032068512
v 0.0528169212 0.0696499405 0.032068512
v 0.0528241196 0.0263603992 -0.0313032017
v 0.0528241196 0.0700645981 -0.0313032017
v 0.0529633026 0.0270099144 0.0321573715
v 0.0529633026 0.0694150848 0.0321573715
v 0.0530076675 0.0265578709 -0.0314118195
v 0.0530076675 0.0698671265 -0.0314118195
v 0.0530895691 0.0272602425 0.0322340202
v 0.0530895691 0.0691647568 0.0322340202
v 0.0531739044 0.0267750568 -0.0315101929
v 0.0531739044 0.0696499405 -0.0315101929
v 0.0531945343 0.0275236912 0.0322977371
v 0.0531945343 0.0689013062 0.0322977371
v 0.0532772141 0.0277977829 0.0323479271
v 0.0532772141 0.0686272202 0.0323479271
v 0.0533212738 0.0270099144 -0.0315974026
v 0.0533212738 0.0694150848 -0.0315974026
v 0.0533368301 0.0280799503 0.0323841171
v 0.0533368301 0.068345047 0.0323841171
v 0.0533728256 0.0283675423 0.0324059677
v 0.0533728256 0.068057457 0.0324059677
v 0.053384861 0.0286578598 0.0324132729
v 0.053384861 0.0677671432 0.0324132729
v 0.0534483948 0.0272602425 -0.0316726284
v 0.0534483948 0.0691647568 -0.0316726284
v 0.0535540695 0.0275236912 -0.0317351627
v 0.0535540695 0.0689013062 -0.0317351627
v 0.0536373062 0.0277977829 -0.0317844219
v 0.0536373062 0.0686272202 -0.0317844219
v 0.0536973267 0.0280799503 -0.0318199387
v 0.0536973267 0.068345047 -0.0318199387
v 0.0537335663 0.0283675423 -0.0318413849
v 0.0537335663 0.068057457 -0.0318413849
v 0.0537456818 0.0286578598 -0.0318485546
v 0.0537456818 0.0677671432 -0.0318485546
v 0.0539173203 0.0256783466 0.0258739166
v 0.0539173203 0.0707466507 0.0258739166
v 0.0541757927 0.025726202 0.0259979477
v 0.0541757927 0.0706987991 0.0259979477
v 0.0542046738 0.0256783466 -0.0253036308
v 0.0542046738 0.0707466507 -0.0253036308
v 0.0544288788 0.0258015766 0.0261193905
v 0.0544288788 0.0706234207 0.0261193905
v 0.0544645233 0.025726202 -0.0254247513
v 0.0544645233 0.0706987991 -0.0254247513
v 0.0546741982 0.0259037647 0.0262371082
v 0.0546741982 0.0705212326 0.0262371082
v 0.054718956 0.0258015766 -0.0255433445
v 0.054718956 0.0706234207 -0.0255433445
v 0.0549094543 0.0260318031 0.0263499966
v 0.0549094543 0.0703931961 0.0263499966
v 0.0549655838 0.0259037647 -0.0256583004
v 0.0549655838 0.0705212326 -0.0256583004
v 0.055132431 0.0261844921 0.026456995
v 0.055132431 0.070240509 0.026456995
v 0.0552020912 0.0260318031 -0.0257685394
v 0.0552020912 0.0703931961 -0.0257685394
v 0.0553410416 0.0263603992 0.0265570965
v 0.0553410416 0.0700645981 0.0265570965
v 0.0554262581 0.0261844921 -0.0258730259
v 0.0554262581 0.070240509 -0.0258730259
v 0.055533329 0.0265578709 0.0266493645
v 0.055533329 0.0698671265 0.0266493645
v 0.0556359787 0.0263603992 -0.0259707794
v 0.0556359787 0.0700645981 -0.0259707794
v 0.0557074814 0.0267750568 0.026732933
v 0.0557074814 0.0696499405 0.026732933
v 0.0558292885 0.0265578709 -0.0260608826
v 0.0558292885 0.0698671265 -0.0260608826
v 0.055861866 0.0270099144 0.0268070164
v 0.055861866 0.0694150848 0.0268070164
v 0.0559950371 0.0272602425 0.0268709183
v 0.0559950371 0.0691647568 0.0268709183
v 0.0560043678 0.0267750568 -0.0261424904
v 0.0560043678 0.0696499405 -0.0261424904
v 0.0561057434 0.0275236912 0.0269240417
v 0.0561057434 0.0689013062 0.0269240417
v 0.0561595764 0.0270099144 -0.0262148342
v 0.0561595764 0.0694150848 -0.0262148342
v 0.0561929436 0.0277977829 0.0269658852
v 0.0561929436 0.0686272202 0.0269658852
v 0.0561954041 0.0256783466 0.0204603081
v 0.0561954041 0.0707466507 0.0204603081
v 0.0562558212 0.0280799503 0.0269960575
v 0.0562558212 0.068345047 0.0269960575
v 0.056293457 0.0272602425 -0.0262772388
v 0.056293457 0.0691647568 -0.0262772388
v 0.0562937851 0.0283675423 0.0270142746
v 0.0562937851 0.068057457 0.0270142746
v 0.0563064804 0.0286578598 0.0270203667
v 0.0563064804 0.0677671432 0.0270203667
v 0.0564047508 0.0275236912 -0.0263291149
v 0.0564047508 0.0689013062 -0.0263291149
v 0.0564218254 0.0256783466 -0.0198647804
v 0.0564218254 0.0707466507 -0.0198647804
v 0.0564647903 0.025726202 0.0205584049
v 0.0564647903 0.0706987991 0.0205584049
v 0.0564924164 0.0277977829 -0.026369976
v 0.0564924164 0.0686272202 -0.026369976
v 0.0565556297 0.0280799503 -0.0263994408
v 0.0565556297 0.068345047 -0.0263994408
v 0.0565937958 0.0283675423 -0.0264172306
v 0.0565937958 0.068057457 -0.0264172306
v 0.0566065598 0.0286578598 -0.0264231777
v 0.0566065598 0.0677671432 -0.0264231777
v 0.0566922951 0.025726202 -0.0199598465
v 0.0566922951 0.0706987991 -0.0199598465
v 0.0567285614 0.0258015766 0.0206544571
v 0.0567285614 0.0706234207 0.0206544571
v 0.0569571266 0.0258015766 -0.0200529308
v 0.0569571266 0.0706234207 -0.0200529308
v 0.0569842415 0.0259037647 0.0207475624
v 0.0569842415 0.0705212326 0.0207475624
v 0.0572138367 0.0259037647 -0.0201431599
v 0.0572138367 0.0705212326 -0.0201431599
v 0.0572294273 0.0260318031 0.0208368473
v 0.0572294273 0.0703931961 0.0208368473
v 0.0574600105 0.0260318031 -0.0202296867
v 0.0574600105 0.0703931961 -0.0202296867
v 0.0574618187 0.0261844921 0.0209214745
v 0.0574618187 0.070240509 0.0209214745
v 0.0576792374 0.0263603992 0.0210006485
v 0.0576792374 0.0700645981 0.0210006485
v 0.0576933365 0.0261844921 -0.0203116989
v 0.0576933365 0.070240509 -0.0203116989
v 0.0578796387 0.0265578709 0.0210736237
v 0.0578796387 0.0698671265 0.0210736237
v 0.0579116287 0.0263603992 -0.0203884239
v 0.0579116287 0.0700645981 -0.0203884239
v 0.0579318962 0.0256783466 0.014849474
v 0.0579318962 0.0707466507 0.014849474
v 0.0580611458 0.0267750568 0.021139719
v 0.0580611458 0.0696499405 0.021139719
v 0.0580951996 0.0256783466 -0.0142348013
v 0.0580951996 0.0707466507 -0.0142348013
v 0.0581128387 0.0265578709 -0.0204591465
v 0.0581128387 0.0698671265 -0.0204591465
v 0.0582095985 0.025726202 0.0149206944
v 0.0582095985 0.0706987991 0.0149206944
v 0.0582220497 0.0270099144 0.0211983128
v 0.0582220497 0.0694150848 0.0211983128
v 0.0582950745 0.0267750568 -0.0205231991
v 0.0582950745 0.0696499405 -0.0205231991
v 0.0583608437 0.0272602425 0.0212488556
v 0.0583608437 0.0691647568 0.0212488556
v 0.0583736839 0.025726202 -0.0143028994
v 0.0583736839 0.0706987991 -0.0143028994
v 0.0584566269 0.0270099144 -0.0205799828
v 0.0584566269 0.0694150848 -0.0205799828
v 0.058476223 0.0275236912 0.0212908707
v 0.058476223 0.0689013062 0.0212908707
v 0.058481514 0.0258015766 0.0149904299
v 0.058481514 0.0706234207 0.0149904299
v 0.0585671043 0.0277977829 0.021323967
v 0.0585671043 0.0686272202 0.021323967
v 0.0585959816 0.0272602425 -0.0206289635
v 0.0585959816 0.0691647568 -0.0206289635
v 0.058632637 0.0280799503 0.0213478298
v 0.058632637 0.068345047 0.0213478298
v 0.0586463661 0.0258015766 -0.0143695774
v 0.0586463661 0.0706234207 -0.0143695774
v 0.0586722031 0.0283675423 0.0213622379
v 0.0586722031 0.068057457 0.0213622379
v 0.0586854324 0.0286578598 0.0213670559
v 0.0586854324 0.0677671432 0.0213670559
v 0.0587118225 0.0275236912 -0.0206696796
v 0.0587118225 0.0689013062 -0.0206696796
v 0.0587450867 0.0259037647 0.0150580273
v 0.0587450867 0.0705212326 0.0150580273
v 0.0588030739 0.0277977829 -0.0207017536
v 0.0588030739 0.0686272202 -0.0207017536
v 0.0588688698 0.0280799503 -0.0207248802
v 0.0588688698 0.068345047 -0.0207248802
v 0.058908596 0.0283675423 -0.020738842
v 0.058908596 0.068057457 -0.020738842
v 0.0589106827 0.0259037647 -0.0144342098
v 0.0589106827 0.0705212326 -0.0144342098
v 0.0589218788 0.0286578598 -0.0207435112
v 0.0589218788 0.0677671432 -0.0207435112
v 0.0589978447 0.0260318031 0.0151228495
v 0.0589978447 0.0703931961 0.0151228495
v 0.0591100655 0.0256783466 0.00909545231
v 0.0591100655 0.0707466507 0.00909545231
v 0.0591641502 0.0260318031 -0.0144961901
v 0.0591641502 0.0703931961 -0.0144961901
v 0.0592086792 0.0256783466 -0.00846791267
v 0.0592086792 0.0707466507 -0.00846791267
v 0.0592374115 0.0261844921 0.0151842899
v 0.0592374115 0.070240509 0.0151842899
v 0.0593934135 0.025726202 0.00913910961
v 0.0593934135 0.0706987991 0.00913910961
v 0.0594043922 0.0261844921 -0.0145549364
v 0.0594043922 0.070240509 -0.0145549364
v 0.059461544 0.0263603992 0.0152417707
v 0.059461544 0.0700645981 0.0152417707
v 0.0594925003 0.025726202 -0.00850838566
v 0.0594925003 0.0706987991 -0.00850838566
v 0.059629158 0.0263603992 -0.0146098976
v 0.059629158 0.0700645981 -0.0146098976
v 0.0596681328 0.0265578709 0.015294754
v 0.0596681328 0.0698671265 0.015294754
v 0.0596708527 0.0258015766 0.00918185806
v 0.0596708527 0.0706234207 0.00918185806
v 0.0597185669 0.0256783466 0.00325365663
v 0.0597185669 0.0707466507 0.00325365663
v 0.059751545 0.0256783466 -0.00261965251
v 0.059751545 0.0707466507 -0.00261965251
v 0.0597704048 0.0258015766 -0.00854801559
v 0.0597704048 0.0706234207 -0.00854801559
v 0.0598363304 0.0265578709 -0.0146605568
v 0.0598363304 0.0698671265 -0.0146605568
v 0.0598552437 0.0267750568 0.0153427401
v 0.0598552437 0.0696499405 0.0153427401
v 0.0599397812 0.0259037647 0.00922329426
v 0.0599397812 0.0705212326 0.00922329426
v 0.0600048294 0.025726202 0.00326933146
v 0.0600048294 0.0706987991 0.00326933146
v 0.0600211182 0.0270099144 0.0153852806
v 0.0600211182 0.0694150848 0.0153852806
v 0.0600239639 0.0267750568 -0.014706439
v 0.0600239639 0.0696499405 -0.014706439
v 0.0600379677 0.025726202 -0.00263211179
v 0.0600379677 0.0706987991 -0.00263211179
v 0.0600397835 0.0259037647 -0.0085864296
v 0.0600397835 0.0705212326 -0.0085864296
v 0.060164196 0.0272602425 0.0154219751
v 0.060164196 0.0691647568 0.0154219751
v 0.0601903038 0.0270099144 -0.0147471142
v 0.0601903038 0.0694150848 -0.0147471142
v 0.0601976776 0.0260318031 0.00926303005
v 0.0601976776 0.0703931961 0.00926303005
v 0.0602831383 0.0275236912 0.0154524794
v 0.0602831383 0.0689013062 0.0154524794
v 0.0602851257 0.0258015766 0.00328467965
v 0.0602851257 0.0706234207 0.00328467965
v 0.0602981071 0.0260318031 -0.00862326717
v 0.0602981071 0.0703931961 -0.00862326717
v 0.0603184166 0.0258015766 -0.00264431143
v 0.0603184166 0.0706234207 -0.00264431143
v 0.060333786 0.0272602425 -0.0147821999
v 0.060333786 0.0691647568 -0.0147821999
v 0.0603768272 0.0277977829 0.0154765072
v 0.0603768272 0.0686272202 0.0154765072
v 0.060442112 0.0261844921 0.00930069256
v 0.060442112 0.070240509 0.00930069256
v 0.0604443817 0.0280799503 0.0154938326
v 0.0604443817 0.068345047 0.0154938326
v 0.060453064 0.0275236912 -0.0148113661
v 0.060453064 0.0689013062 -0.0148113661
v 0.0604851723 0.0283675423 0.0155042934
v 0.0604851723 0.068057457 0.0155042934
v 0.0604988098 0.0286578598 0.0155077915
v 0.0604988098 0.0677671432 0.0155077915
v 0.0605429497 0.0261844921 -0.00865818214
v 0.0605429497 0.070240509 -0.00865818214
v 0.0605470161 0.0277977829 -0.0148343401
v 0.0605470161 0.0686272202 -0.0148343401
v 0.0605568237 0.0259037647 0.00329955673
v 0.0605568237 0.0705212326 0.00329955673
v 0.0605902634 0.0259037647 -0.00265613675
v 0.0605902634 0.0705212326 -0.00265613675
v 0.0606147652 0.0280799503 -0.0148509064
v 0.0606147652 0.068345047 -0.0148509064
v 0.0606556664 0.0283675423 -0.0148609085
v 0.0606556664 0.068057457 -0.0148609085
v 0.0606693459 0.0286578598 -0.014864253
v 0.0606693459 0.0677671432 -0.014864253
v 0.0606707993 0.0263603992 0.00933592892
v 0.0606707993 0.0700645981 0.00933592892
v 0.0607720184 0.0263603992 -0.00869084835
v 0.0607720184 0.0700645981 -0.00869084835
v 0.0608173676 0.0260318031 0.00331382346
v 0.0608173676 0.0703931961 0.00331382346
v 0.0608509521 0.0260318031 -0.00266747665
v 0.0608509521 0.0703931961 -0.00266747665
v 0.060881588 0.0265578709 0.00936840725
v 0.060881588 0.0698671265 0.00936840725
v 0.0609831581 0.0265578709 -0.0087209568
v 0.0609831581 0.0698671265 -0.0087209568
v 0.0610643196 0.0261844921 0.00332734585
v 0.0610643196 0.070240509 0.00332734585
v 0.0610725021 0.0267750568 0.00939782238
v 0.0610725021 0.0696499405 0.00939782238
v 0.0610980415 0.0261844921 -0.00267822504
v 0.0610980415 0.070240509 -0.00267822504
v 0.0611743889 0.0696499405 -0.00874822712
v 0.061241745 0.0270099144 0.00942389965
v 0.061241745 0.0694150848 0.00942389965
v 0.0612668571 0.026903161 -0.00876141331
v 0.0612953606 0.0263603992 0.00333999681
v 0.0612953606 0.0700645981 0.00333999681
v 0.0613292084 0.0263603992 -0.00268828082
v 0.0613292084 0.0700645981 -0.00268828082
v 0.061343914 0.0694150848 -0.00877240181
v 0.0613877296 0.0272602425 0.00944639301
v 0.0613877296 0.0691647568 0.00944639301
v 0.0614901428 0.0272602425 -0.00879325485
v 0.0614901428 0.0691647568 -0.00879325485
v 0.061508316 0.0265578709 0.00335165763
v 0.061508316 0.0698671265 0.00335165763
v 0.0615090904 0.0275236912 0.00946509171
v 0.0615090904 0.0689013062 0.00946509171
v 0.0615422821 0.0265578709 -0.00269754958
v 0.0615422821 0.0698671265 -0.00269754958
v 0.0616046829 0.0277977829 0.00947982121
v 0.0616046829 0.0686272202 0.00947982121
v 0.0616117058 0.0275236912 -0.00881058979
v 0.0616117058 0.0689013062 -0.00881058979
v 0.0616736107 0.0280799503 0.00949044132
v 0.0616736107 0.068345047 0.00949044132
v 0.0617011909 0.0696499405 0.00336221886
v 0.0617074585 0.0277977829 -0.0088242445
v 0.0617074585 0.0686272202 -0.0088242445
v 0.061715229 0.0283675423 0.00949685383
v 0.061715229 0.068057457 0.00949685383
v 0.0617291451 0.0286578598 0.00949899769
v 0.0617291451 0.0677671432 0.00949899769
v 0.0617352638 0.0267750568 -0.0027059443
v 0.0617352638 0.0696499405 -0.0027059443
v 0.0617765007 0.0280799503 -0.00883409023
v 0.0617765007 0.068345047 -0.00883409023
v 0.0617789119 0.0268818103 0.00336647463
v 0.0618181877 0.0283675423 -0.00884003448
v 0.0618181877 0.068057457 -0.00884003448
v 0.0618321266 0.0286578598 -0.00884202194
v 0.0618321266 0.0677671432 -0.00884202194
v 0.0618721771 0.0694150848 0.00337158155
v 0.0619063454 0.0270099144 -0.00271338606
v 0.0619063454 0.0694150848 -0.00271338606
v 0.0620196648 0.0272602425 0.00337965751
v 0.0620196648 0.0691647568 0.00337965751
v 0.0620539131 0.0272602425 -0.00271980548
v 0.0620539131 0.0691647568 -0.00271980548
v 0.0621422729 0.0275236912 0.00338637114
v 0.0621422729 0.0689013062 0.00338637114
v 0.06217659 0.0275236912 -0.00272514176
v 0.06217659 0.0689013062 -0.00272514176
v 0.0622388496 0.0277977829 0.00339165926
v 0.0622388496 0.0686272202 0.00339165926
v 0.0622732201 0.0277977829 -0.00272934532
v 0.0622732201 0.0686272202 -0.00272934532
v 0.0623084869 0.0280799503 0.00339547253
v 0.0623084869 0.068345047 0.00339547253
v 0.0623428955 0.0280799503 -0.0027323761
v 0.0623428955 0.068345047 -0.0027323761
v 0.0623505325 0.0283675423 0.0033977747
v 0.0623505325 0.068057457 0.0033977747
v 0.0623645935 0.0286578598 0.00339854455
v 0.0623645935 0.0677671432 0.00339854455
v 0.062384964 0.0283675423 -0.0027342062
v 0.062384964 0.068057457 -0.0027342062
v 0.0623990288 0.0286578598 -0.00273481798
v 0.0623990288 0.0677671432 -0.00273481798
vn -0.999051242 -0.000268521066 0.0435493294
vn -0.999047227 0.000534085347 0.0436388835
vn -0.99395398 -0.103654902 0.0362097623
vn -0.994370503 0.0967656115 0.0431708249
vn -0.997492191 -0.000357276969 -0.0707757068
vn -0.999265506 0.000357275606 -0.0383186668
vn -0.992795515 -0.0967538799 -0.07068063
vn -0.993813696 0.0967669935 -0.0545021674
vn -0.978802693 -0.202124737 0.0330284696
vn -0.980353177 0.192622093 0.0424779758
vn -0.979813583 -0.19262615 -0.0534837197
vn -0.979795791 0.192623588 -0.0538178516
vn -0.957113087 -0.286671118 0.0418832848
vn -0.957134558 0.28667164 0.0413860858
vn -0.956610769 -0.286667185 -0.052132158
vn -0.954195935 0.293289181 -0.0590895485
vn -0.92490335 -0.378032568 0.0405607164
vn -0.928894256 0.369035961 0.031111422
vn -0.924427814 -0.378026428 -0.0502915083
vn -0.921149561 0.386987336 -0.0415245442
vn -0.878126112 -0.477173799 0.0346366486
vn -0.886962375 0.459680798 0.0446240879
vn -0.872347665 -0.486617258 -0.0470445996
vn -0.883523824 0.465839085 -0.0487811309
vn -0.836242057 -0.546241614 0.0481593379
vn -0.835363806 0.549230893 0.0226437061
vn -0.839160438 0.541151509 -0.0544500089
vn -0.987540484 -0.000357276434 0.15736475
vn -0.992153462 0.000238795566 0.125025804
vn -0.987560978 -0.087107912 0.130902735
vn -0.986758411 0.0806685778 0.140713964
vn -0.973682593 -0.185813841 0.131967516
vn -0.971759146 0.185812881 0.145456986
vn -0.806925382 -0.589042779 -0.043589362
vn -0.774912413 -0.631617022 0.0238891052
vn -0.777210316 0.627515323 0.0465686935
vn -0.988364346 -0.00053402459 -0.152104024
vn -0.988350812 0.000268490577 -0.152192644
vn -0.981087027 -0.0967528567 -0.167651811
vn -0.981919413 0.103656745 -0.158396797
vn -0.948397991 -0.286674656 0.135494992
vn -0.952443841 0.277367497 0.126166563
vn -0.78200311 0.622140547 -0.0375802531
vn -0.973063352 -0.1831019 -0.140076431
vn -0.969343543 0.202129193 -0.139702846
vn -0.916475711 -0.378028611 0.131021527
vn -0.916525921 0.378018658 0.130698621
vn -0.947768405 -0.280018599 -0.152724048
vn -0.94434994 0.28663845 -0.161374071
vn -0.714304758 -0.698771842 0.0385567733
vn -0.720539851 0.692999165 0.0239683202
vn -0.915047183 -0.378025984 -0.140659194
vn -0.913379561 0.384418184 -0.134016557
vn -0.725406097 -0.687188274 -0.0394749304
vn -0.713082299 0.6999587 -0.0396415503
vn -0.864765616 -0.48661385 0.124045924
vn -0.870260589 0.474397183 0.132641699
vn -0.88028966 -0.457233638 -0.126599825
vn -0.871290792 0.474398184 -0.125692956
vn -0.824326709 0.555041276 0.111421086
vn -0.635265813 -0.77198882 0.0216935065
vn -0.647599761 0.761291145 0.0324089882
vn -0.64217414 -0.765781307 -0.0345161508
vn -0.64210825 0.765777297 -0.0358067913
vn -0.799924762 -0.589042303 0.114671446
vn -0.827054926 -0.54705372 -0.129276356
vn -0.825819837 0.549280925 -0.127718682
vn -0.763634308 0.635087872 0.1163015
vn -0.559546447 -0.828304856 0.0286153647
vn -0.565478345 0.824416591 0.0239066014
vn -0.762348477 -0.635084867 -0.124466909
vn -0.764294553 0.632926104 -0.123524825
vn -0.565170283 -0.824419309 -0.0302548419
vn -0.565097752 0.82441722 -0.0316350841
vn -0.726000048 -0.678906968 0.109586764
vn -0.70295656 0.704870322 0.0949205192
vn -0.712865915 -0.693189667 -0.106349764
vn -0.70009351 0.706853907 -0.101126806
vn -0.47473537 -0.879977102 0.0163287513
vn -0.483113739 0.875322551 0.0202866203
vn -0.491521105 -0.870594705 -0.021722383
vn -0.482774407 0.875323347 -0.0271645097
vn -0.636680353 -0.765764277 0.090792074
vn -0.628408384 0.77198581 0.0956075914
vn -0.643894248 -0.759510908 -0.0924303957
vn -0.629619385 0.770197275 -0.101860632
vn -0.971337223 -0.000534000189 0.237705099
vn -0.97138014 0.000357303951 0.23752999
vn -0.970563855 -0.0967512677 0.220556106
vn -0.965176013 0.112841421 0.236012875
vn -0.950194794 -0.199407979 0.239512653
vn -0.949019374 0.202125263 0.241883457
vn -0.396164616 -0.918003217 0.0179914085
vn -0.396227755 0.918004385 0.0164777033
vn -0.402198448 -0.915225064 -0.0244844772
vn -0.38946015 0.920718982 -0.0244406875
vn -0.930023852 -0.295945837 0.217880003
vn -0.930260925 0.293290676 0.220443169
vn -0.560259632 -0.824455002 0.0798942674
vn -0.569009978 0.818893177 0.0751106523
vn -0.972589257 -0.000357276132 -0.232529589
vn -0.964496611 0.00047521454 -0.264094797
vn -0.959930057 -0.0967536259 -0.263007645
vn -0.964105177 0.0967736555 -0.247257086
vn -0.895138292 -0.384418821 0.225720198
vn -0.893537868 0.386990483 0.227658613
vn -0.950902296 -0.199408666 -0.236687575
vn -0.950513131 0.192614733 -0.243771106
vn -0.564457322 -0.82046541 -0.0906887163
vn -0.546115861 0.833472896 -0.0841451056
vn -0.922916013 -0.295945117 -0.246257021
vn -0.927990821 0.286690623 -0.237994795
vn -0.851331301 -0.486798737 0.195606765
vn -0.859640846 0.465837467 0.209792923
vn -0.298899169 -0.954159014 0.0154875019
vn -0.314917945 0.949063822 0.0102249652
vn -0.478731059 -0.875303389 0.0682682215
vn -0.484265294 0.871939676 0.0721687386
vn -0.305463915 -0.952070125 -0.0159459762
vn -0.289999231 0.95689513 -0.0158794408
vn -0.896852327 -0.378030339 -0.229671432
vn -0.89769083 0.371596968 -0.236784432
vn -0.472473727 -0.87863598 -0.0690463093
vn -0.470109002 0.879979936 -0.0680649568
vn -0.814929951 -0.541145353 0.207487062
vn -0.811832699 0.549282821 0.19803043
vn -0.860639809 -0.46578926 -0.205765607
vn -0.860640502 0.465787905 -0.205765773
vn -0.384219951 -0.921814686 0.0513099811
vn -0.3927053 0.918004127 0.0552355836
vn -0.202660212 -0.979222644 0.00720087984
vn -0.218935255 0.97570347 0.00837213636
vn -0.753266698 -0.630525371 0.187155118
vn -0.756408786 0.627565264 0.184411464
vn -0.805967503 -0.549229207 -0.220824957
vn -0.809324083 0.549281847 -0.208048028
vn -0.212034468 -0.977202325 -0.0108166504
vn -0.202387642 0.979223167 -0.0126977353
vn -0.391883225 -0.918031405 -0.0603811005
vn -0.400025728 0.914121883 -0.0660348453
vn -0.754291625 -0.627563491 -0.192894298
vn -0.757999497 0.619984873 -0.202621616
vn -0.688665444 -0.70685611 0.161537442
vn -0.693884592 0.699958681 0.169062172
vn -0.311414162 -0.949065568 0.0479141722
vn -0.296649463 0.954156945 0.039794729
vn -0.118011583 -0.993005761 0.0035813153
vn -0.117635575 0.993043333 0.0051778557
vn -0.118434103 -0.992941442 -0.00637614044
vn -0.118433929 0.992941463 -0.00637613958
vn -0.308561887 -0.949921834 -0.0493768212
vn -0.317462325 0.947008479 -0.0489143386
vn -0.700131358 -0.693000005 -0.171950792
vn -0.697657894 0.694976646 -0.174014151
vn -0.630250102 -0.759512859 0.161012505
vn -0.633436991 0.759509855 0.147994456
vn -0.217058836 -0.975703831 0.0297908769
vn -0.194488619 0.980512608 0.0277345208
vn -0.622961348 -0.765763594 -0.159766322
vn -0.628405522 0.759509956 -0.168080715
vn -0.556195735 -0.820465351 0.132222968
vn -0.549807854 0.824400565 0.134443415
vn -0.209953445 -0.977202281 -0.0315476303
vn -0.216361831 0.975703461 -0.0345009186
vn -0.539153268 -0.829876916 -0.143589896
vn -0.552853917 0.820462774 -0.145579475
vn -0.117092259 -0.993005764 0.015131259
vn -0.116794585 0.99301643 0.0166551983
vn -0.47666127 -0.870595159 0.121893816
vn -0.460370969 0.879980181 0.117019026
vn -0.116938646 -0.993005513 -0.016291232
vn -0.116938624 0.993005516 -0.0162912297
vn -0.468565066 -0.875320637 -0.11941759
vn -0.470332178 0.875296133 -0.112446973
vn -0.943390678 -0.000268483726 0.331683519
vn -0.94336084 0.00053401108 0.331768051
vn -0.391988969 -0.915224348 0.0933222442
vn -0.394847274 0.914121305 0.092075352
vn -0.944272113 -0.0967509056 0.314625872
vn -0.943047468 0.0871063381 0.321051335
vn -0.924197655 -0.183097027 0.335162905
vn -0.924710037 0.185811247 0.332243177
vn -0.907852018 -0.280013908 0.312084803
vn -0.909530442 0.277362169 0.309555493
vn -0.37875692 -0.92071773 -0.0939258075
vn -0.383950355 0.918004027 -0.0992508489
vn -0.873707762 -0.369031847 0.316938863
vn -0.879058062 0.363030363 0.308975532
vn -0.939668639 -0.000268529344 -0.342085921
vn -0.9396376 0.000357439328 -0.342171086
vn -0.929528584 -0.0967527675 -0.355830738
vn -0.938190265 0.0898657289 -0.334250172
vn -0.296939745 -0.952070084 0.0734121402
vn -0.31201678 0.947008087 0.0762968714
vn -0.922098407 -0.192622089 -0.335605808
vn -0.920376498 0.183093534 -0.345519696
vn -0.83981772 -0.459683524 0.288785829
vn -0.835815795 0.45968196 0.300174037
vn -0.905996822 -0.277362781 -0.319749348
vn -0.904290084 0.280014687 -0.322259552
vn -0.296221518 -0.952093176 -0.0759697068
vn -0.296101868 0.952068361 -0.0767432124
vn -0.870160531 -0.371593633 -0.323633776
vn -0.870092241 0.369035798 -0.326729355
vn -0.788202271 -0.549279713 0.277540947
vn -0.796121348 0.541149621 0.270828151
vn -0.199231586 -0.97864501 0.050603546
vn -0.221528063 0.973648266 0.0541698465
vn -0.830575107 -0.471941659 -0.295662075
vn -0.836523556 0.459680204 -0.298198675
vn -0.737542374 -0.619983563 0.267678218
vn -0.736858426 0.622139922 0.264540312
vn -0.777404775 -0.557359991 -0.291533283
vn -0.78503449 0.54928222 -0.286373692
vn -0.211936604 -0.975703853 -0.0555415719
vn -0.204787759 0.977196717 -0.0561119463
vn -0.679911428 -0.69497721 0.233938301
vn -0.673973128 0.699957784 0.236261135
vn -0.11462632 -0.993059512 0.0263365304
vn -0.114719325 0.99300179 0.0280521124
vn -0.731751475 -0.627564949 -0.265898501
vn -0.731383875 0.627566093 -0.266905276
vn -0.114073203 -0.993043343 -0.0291928723
vn -0.114778723 0.993005515 -0.0276747382
vn -0.606499372 -0.765782151 0.213860259
vn -0.61017526 0.765737165 0.203304565
vn -0.668302846 -0.704871173 -0.237756043
vn -0.67086985 0.699958735 -0.244931445
vn -0.533725806 -0.824420384 0.188328954
vn -0.53086211 0.824382623 0.196414641
vn -0.604237946 -0.765820691 -0.220034484
vn -0.604063103 0.765779078 -0.220658493
vn -0.535919833 -0.82046475 -0.199066639
vn -0.537229199 0.818892979 -0.201987813
vn -0.455944233 -0.875319622 0.16102924
vn -0.45642072 0.875323406 0.15965294
vn -0.454606254 -0.875319192 -0.16477095
vn -0.461102749 0.871940391 -0.164633558
vn -0.37388473 -0.91800256 0.132217658
vn -0.37627988 0.917984474 0.125371282
vn -0.37289358 -0.91800314 -0.134983753
vn -0.372373741 0.918003802 -0.136406803
vn -0.288313665 -0.952070282 0.102163635
vn -0.288319311 0.952068372 0.102165504
vn -0.282074186 -0.954158836 -0.100075321
vn -0.287153783 0.952068403 -0.105396681
vn -0.208341538 -0.975103329 0.0759427467
vn -0.200032409 0.977202596 0.0711485865
vn -0.89933686 -0.000357280714 0.437256314
vn -0.91307313 0.000357282151 0.407795697
vn -0.90888624 -0.0967533309 0.405665622
vn -0.908886155 0.09675428 0.405665584
vn -0.889331279 -0.192621874 0.414712781
vn -0.882500478 0.192596111 0.429068345
vn -0.86822978 -0.28666864 0.404966839
vn -0.869380676 0.293287558 0.397692908
vn -0.189989135 -0.979222676 -0.070901895
vn -0.198301903 0.977196675 -0.0759145164
vn -0.112331383 -0.9929526 0.0377729436
vn -0.110810298 0.993005514 0.0407569357
vn -0.833901508 -0.38442158 0.39601556
vn -0.833464611 0.392955209 0.388488027
vn -0.894477936 -0.00035728014 -0.447111949
vn -0.908469893 0.000475226324 -0.417950029
vn -0.893852839 -0.0871061594 -0.439817711
vn -0.900621015 0.106408067 -0.421377633
vn -0.801426091 -0.474400283 0.364226018
vn -0.794282665 0.474398969 0.379553246
vn -0.882905284 -0.185810367 -0.431222409
vn -0.884618731 0.192619659 -0.424673249
vn -0.110398963 -0.993005764 -0.0418523718
vn -0.111513433 0.993005515 -0.0387917568
vn -0.864858754 -0.29329218 -0.40742979
vn -0.863626173 0.286673072 -0.414690708
vn -0.757203122 -0.54927974 0.353461737
vn -0.756487901 0.555040694 0.345913116
vn -0.827438317 -0.386988133 -0.406922617
vn -0.834529178 0.378032795 -0.400814492
vn -0.705445704 -0.62756404 0.329408157
vn -0.696992462 0.635086971 0.332965533
vn -0.797950052 -0.465837403 -0.382454218
vn -0.797603646 0.465835348 -0.383178618
vn -0.753593414 -0.549281056 -0.361091801
vn -0.753184149 0.549283198 -0.36194144
vn -0.647069023 -0.699956382 0.302262704
vn -0.647571978 0.699955642 0.301185378
vn -0.702165308 -0.627564909 -0.336342333
vn -0.695526899 0.632926143 -0.340068861
vn -0.58261681 -0.765782266 0.272277751
vn -0.587309396 0.765737449 0.262133234
vn -0.644146942 -0.69995807 -0.308437056
vn -0.640591261 0.706854842 -0.299998448
vn -0.512697354 -0.824419594 0.239736847
vn -0.50905392 0.82438258 0.247502461
vn -0.570284014 -0.775557284 -0.270715797
vn -0.579525381 0.765779702 -0.278804199
vn -0.437965888 -0.87531915 0.204944548
vn -0.438576343 0.875322065 0.203622382
vn -0.510004234 -0.82445609 -0.245291332
vn -0.503270102 0.828304489 -0.246233382
vn -0.359124778 -0.918002546 0.168228175
vn -0.354995583 0.920718458 0.162035978
vn -0.438302075 -0.87336857 -0.212411467
vn -0.423116035 0.883034576 -0.203033885
vn -0.276911174 -0.952070417 0.129931225
vn -0.26324083 0.95689552 0.122699756
vn -0.357868565 -0.918002509 -0.170884415
vn -0.350952823 0.921815702 -0.164584105
vn -0.185530428 -0.978645176 0.0884990403
vn -0.184474535 0.979223417 0.0842059734
vn -0.276109165 -0.952070285 -0.131627887
vn -0.268764487 0.954156705 -0.131721801
vn -0.107285841 -0.993059508 0.0481929632
vn -0.107455065 0.992941466 0.0502061269
vn -0.201020533 -0.97510303 -0.0936206508
vn -0.182122331 0.979223225 -0.0891814591
vn -0.106139791 -0.9929526 -0.0527207585
vn -0.10717418 0.993005518 -0.0495352106
vn -0.852147648 -0.000357312209 0.523301307
vn -0.868705476 0.000357313656 0.495328848
vn -0.859519868 -0.103656185 0.50048076
vn -0.859519768 0.103657153 0.500480732
vn -0.84169487 -0.208461042 0.498090092
vn -0.844482743 0.192637193 0.49973974
vn -0.826729796 -0.295946483 0.478469981
vn -0.822785653 0.28001465 0.494586257
vn -0.795088388 -0.369030683 0.481301163
vn -0.804546473 0.369033851 0.46531601
vn -0.76152748 -0.465822938 0.450649407
vn -0.761195727 0.459680102 0.457466139
vn -0.854921972 -0.000534117853 -0.518756336
vn -0.854781484 0.000268540961 -0.518987999
vn -0.850773076 -0.0967673946 -0.516547428
vn -0.859159062 0.096755185 -0.502478
vn -0.830375952 -0.192596516 -0.522859791
vn -0.838733936 0.192619001 -0.509336141
vn -0.71853847 -0.557360451 0.415994946
vn -0.727987211 0.541151603 0.420938908
vn -0.819079508 -0.286670835 -0.4969191
vn -0.813670204 0.293292399 -0.501916694
vn -0.791563977 -0.378030247 -0.48012457
vn -0.786065823 0.392950323 -0.477169326
vn -0.669760124 -0.627565609 0.39696698
vn -0.671089114 0.622142333 0.403210018
vn -0.756620568 -0.465837597 -0.458825293
vn -0.749872492 0.480088887 -0.455198754
vn -0.607757121 -0.704868375 0.365775691
vn -0.605560535 0.709075987 0.361258472
vn -0.714572427 -0.54927924 -0.43321884
vn -0.713821472 0.557360877 -0.424037449
vn -0.550027489 -0.771989527 0.318593679
vn -0.558574933 0.765740169 0.318804075
vn -0.665817483 -0.627564022 -0.403547367
vn -0.66654186 0.619985656 -0.413932042
vn -0.620068649 -0.693000806 -0.367783569
vn -0.610520121 0.699939815 -0.370606851
vn -0.479986277 -0.828305248 0.289004483
vn -0.479551551 0.827365948 0.292396815
vn -0.541021124 -0.77249493 -0.332487181
vn -0.54642053 0.771984442 -0.324753177
vn -0.410981998 -0.879977038 0.238189443
vn -0.416505593 0.875322326 0.245629634
vn -0.487500761 0.818892848 -0.302915022
vn -0.340905687 -0.918002812 0.202618238
vn -0.341674843 0.918004011 0.201313033
vn -0.458704752 -0.845109068 -0.274555301
vn -0.425366235 0.86740424 -0.258212028
vn -0.256304305 -0.95415917 0.154558664
vn -0.263641102 0.952068421 0.15510993
vn -0.357905549 -0.907531649 -0.219749683
vn -0.34571466 0.915225817 -0.206985695
vn -0.18264814 -0.977219073 0.108085805
vn -0.184482852 0.977196992 0.105129047
vn -0.261877707 -0.952070331 -0.158057431
vn -0.267525682 0.949063713 -0.166457436
vn -0.102803832 -0.992952599 0.0589619258
vn -0.102388666 0.993005766 0.0587886912
vn -0.176660013 -0.978645037 -0.105095816
vn -0.186689152 0.975703513 -0.114672646
vn -0.0996758032 -0.993059507 -0.0624303543
vn -0.101802853 0.993005515 -0.0598015647
vn -0.796751655 -0.000357267264 0.60430677
vn -0.816064429 0.000238799922 0.57796089
vn -0.802804445 -0.0967661352 0.588337776
vn -0.799149631 0.0898641797 0.594377234
vn -0.79862264 -0.183097404 0.573303776
vn -0.794435218 0.199407301 0.573680584
vn -0.77816584 -0.280018308 0.562181174
vn -0.764896776 0.295949636 0.572142233
vn -0.74062021 -0.384419805 0.551092658
vn -0.748468343 0.384421286 0.540384506
vn -0.713669933 -0.465867913 0.523108319
vn -0.704975182 0.474394995 0.527218533
vn -0.676781359 -0.546576033 0.493175052
vn -0.674467401 0.555041625 0.486849586
vn -0.809475876 -0.000475214886 -0.587152945
vn -0.789965048 0.000238772533 -0.613151829
vn -0.794741878 -0.112839179 -0.596366218
vn -0.800764491 0.0898652914 -0.592199678
vn -0.777576766 -0.202132604 -0.59541312
vn -0.784771066 0.192622506 -0.589093323
vn -0.774165457 -0.277367171 -0.568977413
vn -0.762692494 0.277368785 -0.584265964
vn -0.627023902 -0.635087227 0.451115552
vn -0.618640333 0.635089088 0.462542959
vn -0.738745939 -0.371593279 -0.562292516
vn -0.745282828 0.363028663 -0.559252802
vn -0.581905835 -0.684044468 0.439850844
vn -0.563049981 0.716627351 0.411606559
vn -0.716668585 -0.457231112 -0.526617366
vn -0.713689689 0.451484041 -0.535545692
vn -0.670169981 -0.540938494 -0.508190655
vn -0.66839416 0.549263484 -0.501556449
vn -0.525458542 -0.761293341 0.379902317
vn -0.622895644 -0.625410407 -0.469960466
vn -0.622208601 0.635087941 -0.45773329
vn -0.25436083 -0.967048447 0.0108567591
vn -0.255516912 0.966740691 0.0111150586
vn -0.998696967 0.0243100437 0.044870816
vn -0.488706373 0.795959766 0.357231203
vn -0.996620934 -0.0596065027 0.05651353
vn -0.217646312 -0.975932766 -0.0136132027
vn -0.212234619 0.977167355 -0.0100212899
vn -0.997224107 0.0314723562 -0.0674801501
vn -0.997637216 -0.0547808329 -0.0414613656
vn -0.926247833 0.375696813 0.030279638
vn -0.869412426 0.491521094 -0.0502896429
vn -0.459350692 -0.818897063 0.344099609
vn -0.778321681 -0.626730946 0.0377317182
vn -0.826067401 -0.562474624 -0.0351417983
vn -0.736810179 0.675502855 0.0284016583
vn -0.570509063 -0.704871103 -0.421516472
vn -0.572189708 0.692999731 -0.438577601
vn -0.579560308 0.814013726 -0.038619996
vn -0.506952279 -0.861452604 -0.0299799666
vn -0.402578811 0.91520182 0.0183283637
vn -0.450007723 -0.892757044 0.0218611649
vn -0.396709046 -0.871937287 0.286962191
vn -0.402662824 0.866611167 0.294699398
vn -0.50482732 -0.771990931 -0.386237465
vn -0.514403614 0.765761259 -0.386003389
vn -0.252039396 -0.967057444 0.0357217564
vn -0.210562722 0.977167357 0.0284129741
vn -0.987273832 0.0268801718 0.156741307
vn -0.985368385 -0.0739738974 0.153548066
vn -0.0222644208 -0.99975158 0.00103628075
vn -0.0555734315 -0.998451147 -0.00262705516
vn -0.00267889794 0.999996345 -0.000365502267
vn -0.00218227137 0.999997598 -0.000205083265
vn -0.46065371 -0.821664344 -0.335657362
vn -0.449346214 0.829876629 -0.330745766
vn -0.312886292 -0.920717821 0.233197047
vn -0.329554232 0.914122053 0.23616706
vn -0.878315734 0.462017119 0.122888782
vn -0.250810811 -0.967076153 -0.0431004751
vn -0.244350686 0.968958821 -0.0375705366
vn -0.985821504 0.0315602164 -0.164802655
vn -0.988544962 -0.0580890477 -0.13930011
vn -0.711361295 -0.695436374 0.101653126
vn -0.843124037 0.521956989 -0.129239154
vn -0.638281396 0.764866693 0.0870390809
vn -0.796227704 -0.594994357 -0.109558923
vn -0.383978991 -0.876729508 -0.289664467
vn -0.379681282 0.878638492 -0.289545376
vn -0.237711203 -0.955000753 0.177389252
vn -0.250962809 0.949919809 0.186198883
vn -0.503717607 -0.859796986 -0.0837718
vn -0.611647003 0.784555418 -0.101787719
vn -0.387824468 -0.919901512 0.0580808963
vn -0.343615617 0.937762857 0.0502904763
vn -0.307966478 -0.921814523 -0.235403128
vn -0.305271783 0.924302279 -0.229072991
vn -0.0161407524 -0.999865775 0.00281207447
vn -0.00105547099 0.999999087 0.000843977344
vn -0.166866649 -0.978645035 0.120039228
vn -0.173290895 0.977196777 0.122705847
vn -0.00522907118 0.999986212 -0.000481315147
vn -0.0410217886 -0.999140188 -0.00600819192
vn -0.245124704 -0.952070186 -0.182965136
vn -0.238760454 0.954998611 -0.175986074
vn -0.0958223969 -0.993059508 0.0681973682
vn -0.0949337457 0.993043335 0.0696600197
vn -0.178893132 -0.975103132 -0.131038654
vn -0.167725947 0.977196759 -0.130209448
vn -0.2461487 -0.9673796 0.0598959719
vn -0.370100133 0.924573778 0.0904943089
vn -0.970311271 0.0284122837 0.240184888
vn -0.967183651 -0.0274526725 0.252590848
vn -0.927688124 0.30639157 0.213351707
vn -0.841921501 -0.4987458 0.205963138
vn -0.7807975 0.592239343 0.199017147
vn -0.319795167 -0.943598418 -0.0857500809
vn -0.239278021 0.969015152 -0.0612834703
vn -0.964893902 0.0316850072 -0.260721724
vn -0.971193051 -0.0477719598 -0.233456415
vn -0.543108505 -0.829093137 0.132807084
vn -0.865411462 0.450600997 -0.219138641
vn -0.0953567211 -0.992868076 -0.0715547292
vn -0.0954510359 0.993005516 -0.0694920541
vn -0.551747822 0.823998768 0.128842429
vn -0.77374143 -0.601934314 -0.197482356
vn -0.701472609 0.68700696 -0.189624933
vn -0.00458331347 0.999988869 0.00112033122
vn -0.0557831067 -0.998349754 0.0136387076
vn -0.419542166 -0.901072004 -0.109788956
vn -0.377078015 0.921068032 -0.0971897639
vn -0.0235859996 -0.999698313 -0.00685443017
vn -0.00140028909 0.999998228 -0.00125813767
vn -0.000728946216 -0.999999734 3.17092681e-05
vn -0.0020573522 -0.999997846 -0.000273208327
vn -0.000253367055 -0.999999966 -5.50317211e-05
vn -0.00242501588 -0.99999699 -0.000373644587
vn -0.239621787 -0.967215867 0.0841122268
vn -0.193837608 0.978819418 0.0658751006
vn -0.942699734 0.0246765845 0.332728535
vn -0.935845393 -0.0729463882 0.344778516
vn -0.83079917 0.472770081 0.293702552
vn -0.681256969 -0.691837056 0.239270619
vn -0.744589532 -0.000533969463 0.667522392
vn -0.744709928 0.000357290154 0.66738819
vn -0.639349904 0.736893538 0.219589647
vn -0.748401238 -0.0871047236 0.6575016
vn -0.741214899 0.0967696624 0.664256054
vn -0.239130442 -0.967052805 -0.0873241348
vn -0.232426603 0.968930599 -0.08456576
vn -0.934728709 0.0316173873 -0.353952795
vn -0.736270397 -0.185812688 0.650676223
vn -0.727176751 0.185811594 0.660823746
vn -0.94179013 -0.0812858078 -0.326226867
vn -0.834595905 0.457479999 -0.306857827
vn -0.713287874 -0.286671836 0.63956209
vn -0.71361967 0.286672979 0.63919134
vn -0.332856303 0.935752302 0.116508843
vn -0.372716707 -0.918949059 0.128898731
vn -0.685912527 -0.369035198 0.627165869
vn -0.698307764 0.369037365 0.613333261
vn -0.658122012 -0.711722873 -0.245613457
vn -0.593098798 0.774132953 -0.221250961
vn -0.6580642 -0.476468825 0.583034276
vn -0.657321518 0.459682208 0.597177268
vn -0.0141763228 -0.999889191 0.00454285984
vn -0.00111970011 0.999999352 -0.000204338252
vn -0.631878535 0.541150182 0.554874758
vn -0.0032855324 -0.999993657 0.00137499548
vn -0.00436852635 0.999989168 -0.00160634312
vn -0.0870945301 -0.995695431 -0.0317041389
vn -0.60244309 -0.589056969 0.538585379
vn -0.737168887 -0.00017934597 -0.675708517
vn -0.737168712 0.000709441443 -0.675708359
vn -0.729473843 -0.0898639007 -0.67807993
vn -0.732460301 0.112842365 -0.671392961
vn -0.579533879 0.622138972 0.526387294
vn -0.723476592 -0.192623893 -0.66293111
vn -0.728364799 0.202129603 -0.654697138
vn -0.00135648188 -0.999999073 -0.000118759859
vn -0.709347739 -0.293291677 -0.640941321
vn -0.706061022 0.286670555 -0.647532105
vn -0.673686602 -0.386985476 -0.629593999
vn -0.676020678 0.384419623 -0.628663341
vn -0.544692555 -0.678887336 0.492363692
vn -0.532258061 0.69995601 0.476196326
vn -0.642368081 -0.495464924 -0.584703136
vn -0.646658499 0.480090557 -0.592744332
vn -0.471761462 -0.770204752 0.429215289
vn -0.478876392 0.768546241 0.424280658
vn -0.615988708 0.549316843 -0.564631666
vn -0.588792699 -0.598185215 -0.543596915
vn -0.580655806 0.622140677 -0.52514742
vn -0.411498685 -0.83347162 0.368773496
vn -0.421792591 0.824454914 0.377313006
vn -0.534709404 -0.688649722 -0.489742191
vn -0.526072518 0.699957623 -0.483018667
vn -0.356617029 -0.879976802 0.313791527
vn -0.369001396 0.868114981 0.331985467
vn -0.484025255 -0.759512807 -0.434580083
vn -0.474971746 0.759509756 -0.444462339
vn -0.299018721 -0.914120139 0.273810474
vn -0.292673149 0.920718401 0.258108609
vn -0.42391132 -0.820464736 -0.383584163
vn -0.423913619 0.820462528 -0.383586345
vn -0.239205218 -0.94700943 0.214368847
vn -0.219184282 0.954998688 0.199839326
vn -0.351090559 -0.87529305 -0.332562019
vn -0.359160409 0.870598005 -0.336248293
vn -0.230822183 -0.967055409 0.10735435
vn -0.220421855 0.969978569 0.102741332
vn -0.905956344 0.0304118203 0.422277426
vn -0.897800339 -0.0567916531 0.436725611
vn -0.792457407 0.482725946 0.372809494
vn -0.00187568674 -0.99999824 -3.28851267e-05
vn -0.16983181 -0.973649216 0.152198427
vn -0.160428876 0.977196863 0.139100204
vn -0.740564255 -0.583340939 0.333583473
vn -0.292853173 -0.918002824 -0.267409488
vn -0.303222345 0.911484834 -0.277941733
vn -0.00474564244 -0.999987257 -0.00172208597
vn -0.229472877 -0.967041983 -0.110326799
vn -0.223025661 0.96893067 -0.106924791
vn -0.895469083 0.0325087034 -0.443935024
vn -0.448693963 -0.868595795 0.210273803
vn -0.509364909 0.828205459 0.233715868
vn -0.905013641 -0.0811387506 -0.417572524
vn -0.796082182 0.464160942 -0.388339773
vn -0.0893255963 -0.992952599 0.0778850107
vn -0.0867783504 0.993005515 0.0800597631
vn -0.234598026 -0.949065187 -0.210330779
vn -0.231581145 0.949919972 -0.209814726
vn -0.686007366 -0.646904497 -0.333029227
vn -0.633248514 0.711806764 -0.303854323
vn -0.0317213573 -0.999391172 0.0145272695
vn -0.00230803772 0.99999666 0.00116278219
vn -0.391869167 -0.900808182 -0.187037899
vn -0.371479405 0.911303048 -0.177566343
vn -0.156534891 -0.977194528 -0.143484082
vn -0.161729669 0.975102459 -0.151719177
vn -0.00233354361 0.999997265 0.000158230272
vn -0.0223773689 -0.999702346 -0.00971966292
vn -0.0865392882 -0.993085405 -0.0793242044
vn -0.087059135 0.993001789 -0.0798007104
vn -0.00044661051 -0.999999855 0.000300781433
vn -0.000660045158 -0.999999724 -0.000339807812
vn -0.219188134 -0.967055413 0.129461924
vn -0.175093775 0.978819419 0.106088246
vn -0.861005608 0.0243189517 0.508013712
vn -0.84971062 -0.0716542783 0.522357662
vn -0.767325466 0.432535852 0.473417749
vn -0.685122224 -0.614312683 0.3914428
vn -0.633188488 0.685921863 0.358585466
vn -0.380817118 0.89535979 0.230887787
vn -0.425335819 -0.867256003 0.258759477
vn -0.180378385 -0.977758693 -0.107012041
vn -0.2112863 0.968984825 -0.128165938
vn -0.846843243 0.0372299328 -0.530537891
vn -0.854416347 -0.0313942435 -0.51863967
vn -0.798723635 0.35645127 -0.4847505
vn -0.253082777 -0.956834955 0.14288449
vn -0.249254049 0.95733159 0.146248576
vn -0.742670339 -0.493742004 -0.452393193
vn -0.675641835 -0.000268506789 0.737229977
vn -0.675575671 0.000534056951 0.737290463
vn -0.677227695 -0.103648533 0.728436429
vn -0.684460153 0.0967481858 0.722602302
vn -0.67553206 0.612660846 -0.410247637
vn -0.668763332 -0.20212367 0.71547301
vn -0.651127578 0.192590882 0.734126439
vn -0.00478344301 -0.999982247 0.00355300573
vn -0.000883740338 0.999998938 0.00115918805
vn -0.489272491 -0.819757064 -0.297675639
vn -0.647164808 -0.286672977 0.706396712
vn -0.647531425 0.286674685 0.706059968
vn -0.529854045 0.783956701 -0.32352215
vn -0.618875604 -0.38442321 0.684990352
vn -0.628662088 0.384424343 0.676019159
vn -0.281087837 0.945024253 -0.167089167
vn -0.31764051 -0.928312149 -0.193238349
vn -0.591528906 -0.501694663 0.6311862
vn -0.588574049 0.474395418 0.654621705
vn -0.0162513849 -0.999803426 -0.0113579261
vn 0.00068621835 0.99999671 -0.00247147033
vn -0.566528865 0.555040246 0.609077475
vn -0.54437972 -0.589055535 0.597213778
vn -0.526061886 0.627603118 0.573910462
vn -0.667522218 -0.000534105712 -0.744589688
vn -0.667388049 0.000179375068 -0.744710118
vn -0.652033345 -0.0967559355 -0.751991227
vn -0.665212797 0.0806729358 -0.742282838
vn -0.655014572 -0.192621244 -0.730652425
vn -0.660823723 0.185811738 -0.727176736
vn -0.49215974 -0.684978051 0.537200019
vn -0.482340567 0.694976368 0.533249872
vn -0.63956197 -0.286672954 -0.713287532
vn -0.639191954 0.286670136 -0.713620263
vn -0.618107617 -0.378026761 -0.689230544
vn -0.613334119 0.369033653 -0.698308972
vn -0.434579221 -0.759513735 0.484024572
vn -0.444460906 0.759511389 0.474970476
vn -0.585435825 -0.481420808 -0.652302768
vn -0.588189031 0.459679224 -0.665378595
vn -0.559653641 0.555040056 -0.615400957
vn -0.391379518 -0.815175931 0.426978073
vn -0.382456614 0.82439963 0.417243559
vn -0.539012085 -0.589060367 -0.602058017
vn -0.52095295 0.635089506 -0.570323894
vn -0.333103511 -0.871936786 0.358842992
vn -0.326692272 0.875354885 0.356407048
vn -0.491927475 -0.678547746 -0.545509227
vn -0.476194779 0.699958376 -0.532256333
vn -0.267409923 -0.918002532 0.29285369
vn -0.270454084 0.915225838 0.298690899
vn -0.429217352 -0.770202056 -0.471763985
vn -0.424546476 0.768380492 -0.478906786
vn -0.000686134501 -0.999999688 0.000390694158
vn -0.368773849 -0.833471202 -0.411499214
vn -0.375856717 0.829874607 -0.412358904
vn -0.200402433 -0.954158953 0.2223051
vn -0.207263346 0.952068161 0.224962489
vn -0.313790558 -0.879977591 -0.356615935
vn -0.326345637 0.870327656 -0.368820141
vn -0.138209786 -0.979222906 0.148393249
vn -0.146021841 0.977196964 0.154154842
vn -0.0047032435 -0.999973443 -0.00556716016
vn -0.265232049 -0.918002998 -0.294826146
vn -0.264102061 0.918004114 -0.295835341
vn -0.0795195675 -0.993043342 0.0868421476
vn -0.0800625012 0.992941465 0.0875056706
vn -0.201591748 -0.954158959 -0.22122714
vn -0.203563697 0.952068233 -0.228315356
vn -0.134132877 -0.979222558 -0.152090608
vn -0.135816345 0.978645221 -0.154296634
vn -0.0776341105 -0.993005763 -0.0889522299
vn -0.0787358552 0.993016429 -0.0878580457
vn -0.23874235 -0.954716441 0.177534806
vn -0.307349345 0.924545552 0.225281827
vn -0.805231203 0.0574099463 0.590175235
vn -0.803428369 -0.0885686647 0.588777077
vn -0.691128475 0.506016167 0.516032044
vn -0.628870133 -0.625684495 0.461563937
vn -0.53390499 0.752473189 0.385654719
vn -0.336416761 -0.907929855 0.24997428
vn -0.305829237 0.925156153 0.224843434
vn -0.20032373 -0.968127298 -0.150332758
vn -0.197840342 0.968941077 -0.148365722
vn -0.790461645 0.0217535509 -0.612125127
vn -0.030755923 -0.999267346 0.0227781494
vn -0.00120940637 0.999996977 0.00214091494
vn -0.795587606 -0.101371375 -0.597297418
vn -0.728908855 0.422078958 -0.53901877
vn -0.557414529 -0.715663596 -0.420849926
vn -0.524517326 0.747211255 -0.408113852
vn -0.0702805103 -0.996152977 -0.0523440265
vn -0.00521048798 0.999979283 -0.00377953314
vn -0.00376141081 -0.999986338 0.00362969933
vn -0.0113983265 -0.9999168 -0.00603909496
vn -0.58702302 -0.000357293518 0.809570162
vn -0.613151929 0.000238811403 0.789964971
vn -0.605748947 -0.0871061372 0.790873399
vn -0.597383578 0.0967591868 0.796097054
vn -0.595183124 -0.185807726 0.781813621
vn -0.588958818 0.19263036 0.784870088
vn -0.574809537 -0.286672829 0.766428526
vn -0.570884426 0.280016555 0.771804186
vn -0.550378832 -0.369035113 0.748930055
vn -0.565234099 0.369039314 0.737780725
vn -0.537054121 -0.468642825 0.701389174
vn -0.528187897 0.45968167 0.713939989
vn -0.498262234 -0.541145481 0.677418862
vn -0.511487073 0.541148669 0.667487148
vn -0.471028502 -0.624665648 0.622836237
vn -0.467302346 0.62754768 0.622745877
vn -0.428177215 -0.699958268 0.57159662
vn -0.419206526 0.706856014 0.56975474
vn -0.591253103 -0.000268515049 -0.806486017
vn -0.591325335 0.00053407338 -0.806432925
vn -0.57518597 -0.0967513929 -0.812280905
vn -0.582318837 0.103654418 -0.806325328
vn -0.580244045 -0.192623865 -0.791336146
vn -0.578192698 0.208458986 -0.788820674
vn -0.566568114 -0.286672399 -0.772540942
vn -0.572142372 0.295950117 -0.764896486
vn -0.385470746 -0.765783107 0.514770373
vn -0.386632418 0.77019891 0.507256358
vn -0.154702228 -0.977776804 0.141491139
vn -0.153873271 0.978819414 0.135039144
vn -0.743584208 0.0244203357 0.668196209
vn -0.744076821 -0.0673850456 0.664687099
vn -0.644389687 0.496101468 0.581932354
vn -0.556915459 -0.369032387 -0.744083509
vn -0.547046893 0.378031157 -0.746881611
vn -0.579284108 -0.614534633 0.535515739
vn -0.527497806 -0.451483791 -0.719658566
vn -0.51137833 0.465787993 -0.722172936
vn -0.335459537 -0.82653226 0.452008099
vn -0.330745782 0.829876631 0.449346197
vn -0.563942613 0.661100325 0.494888966
vn -0.369129214 -0.871309887 0.32336157
vn -0.312664376 0.907617793 0.280126633
vn -0.492941404 -0.546084753 -0.677347927
vn -0.503959483 0.54114826 -0.673188978
vn -0.288156266 -0.879975021 0.377637298
vn -0.28954586 0.87863805 0.379681934
vn -0.0043269 0.999986957 0.0027136858
vn -0.0237779892 -0.999492889 0.0211795048
vn -0.451182431 -0.635085668 -0.626977359
vn -0.460279845 0.627547741 -0.627954057
vn -0.194353268 -0.964618901 -0.178149328
vn -0.238762058 0.947159285 -0.214200769
vn -0.726946786 0.0404215272 -0.685503078
vn -0.735038433 -0.0511899578 -0.676090297
vn -0.608885908 0.569809467 -0.551883251
vn -0.431115234 -0.690705037 -0.580574033
vn -0.407038416 0.725218773 -0.55531744
vn -0.235842126 -0.916704125 0.32253998
vn -0.229889221 0.921815665 0.312100665
vn -0.594889743 -0.602294489 -0.532303994
vn -0.380708058 -0.765783503 -0.518302036
vn -0.346156443 -0.883287091 -0.316195559
vn -0.404783733 0.832984942 -0.377208453
vn -0.183546065 -0.952093086 0.244600896
vn -0.184215062 0.952068194 0.244194523
vn -0.355060641 0.802462958 -0.479567662
vn -0.344100597 -0.818895845 -0.459352125
vn -0.0193802396 -0.999675678 -0.0165210422
vn -0.00247401845 0.999996863 -0.000391696734
vn -0.132417951 -0.975704004 0.174548512
vn -0.130209269 0.977196822 0.167725723
vn -0.294176503 -0.867401458 -0.401341372
vn -0.295440274 0.865911317 -0.403624374
vn -0.0710999901 -0.992941447 0.0949319489
vn -0.0706246811 0.993043336 0.0942182995
vn -0.236226173 -0.915224336 -0.326437759
vn -0.233833719 0.918003906 -0.320297707
vn -0.189056776 -0.949065218 -0.252057031
vn -0.180205037 0.952068047 -0.247169129
vn -0.12859381 -0.975703929 -0.177385104
vn -0.129022789 0.975102604 -0.180355293
vn -0.0685414667 -0.993005765 -0.096133332
vn -0.0698179523 0.99300179 -0.095251766
vn -0.00613079482 -0.999966113 0.00549424629
vn 0 -1 0
vn -0.226582088 -0.943466044 0.241934661
vn -0.14474222 0.977167352 0.155543101
vn -0.663206152 0.0321141775 0.74774747
vn -0.66335128 -0.0801954838 0.743998497
vn -0.574444406 0.531556572 0.622463843
vn -0.515612359 -0.646664068 0.562111624
vn -0.377739286 0.832502179 0.405281574
vn -0.313941824 -0.884829246 0.344264051
vn -0.0191283616 -0.999551282 0.0230508277
vn -0.000320104037 0.999997175 0.00235522846
vn -0.200232471 -0.954653531 -0.220326107
vn -0.143040953 0.977150828 -0.157211782
vn -0.654783102 0.0315978331 -0.755156054
vn -0.660747849 -0.113079 -0.742041387
vn -0.59137733 0.498172797 -0.634110967
vn -0.534504304 -0.617003965 -0.577590908
vn -0.49511102 0.660101532 -0.564916848
vn -0.314616694 -0.881402081 -0.352344587
vn -0.277885885 0.909155028 -0.31018796
vn -0.0507063562 -0.997007458 -0.058352323
vn -0.00222584487 0.999991251 -0.00354163769
vn -0.518756492 -0.000534027736 0.854921878
vn -0.51891066 0.000357322948 0.854828403
vn -0.522104103 -0.103650757 0.846559996
vn -0.516475278 0.0967698544 0.850816597
vn -0.516330769 -0.202128378 0.832193881
vn -0.509193822 0.19261342 0.838821627
vn -0.496918209 -0.28667427 0.819078847
vn -0.487722767 0.29595087 0.821303589
vn -0.480124527 -0.378030145 0.791564052
vn -0.493304674 0.377989521 0.783437566
vn -0.458825042 -0.465838694 0.756620045
vn -0.446736094 0.46578931 0.763850235
vn -0.433218098 -0.549281194 0.714571374
vn -0.445275902 0.549230617 0.707159883
vn -0.00267878769 -0.999995471 0.00137202148
vn -0.396867875 -0.632924237 0.6647577
vn -0.400313672 0.619986461 0.674807938
vn -0.372735941 -0.706855542 0.601184797
vn -0.369040449 0.694976787 0.617103243
vn -0.324639716 -0.778942926 0.53652304
vn -0.343259728 0.759509714 0.552555656
vn -0.495328852 -0.000357274587 -0.868705474
vn -0.523301308 0.000357273209 -0.852147648
vn -0.49886183 -0.0871048572 -0.862293232
vn -0.498861812 0.0871057693 -0.862293151
vn -0.494534439 -0.185812695 -0.849063797
vn -0.501261253 0.176742001 -0.847053376
vn -0.488117329 -0.286674484 -0.824353815
vn -0.494585594 0.280019067 -0.822784548
vn -0.300562259 0.815172837 0.495131876
vn -0.475845907 -0.384418416 -0.79107089
vn -0.471205425 0.378031419 -0.796905072
vn -0.00351323027 -0.999983292 -0.00459058818
vn -0.271962057 -0.850799529 0.449640747
vn -0.446749134 -0.480089985 -0.754936301
vn -0.445218546 0.457231183 -0.769883167
vn -0.251426947 0.871940255 0.420124604
vn -0.415995249 -0.557359952 -0.718538681
vn -0.432366796 0.543462493 -0.719518917
vn -0.218280153 -0.904721908 0.365830623
vn -0.206432588 0.918003575 0.338607476
vn -0.396967847 -0.627563507 -0.669761579
vn -0.385502783 0.627514777 -0.676470849
vn -0.364229535 -0.699959422 -0.614323736
vn -0.373479613 0.693001006 -0.616654347
vn -0.163700174 -0.949921572 0.266179
vn -0.166457357 0.949063784 0.267525478
vn -0.328073077 -0.765782243 -0.553123505
vn -0.327407604 0.763898435 -0.556114594
vn -0.109491394 -0.977202494 0.181898107
vn -0.110188201 0.977194707 0.181518774
vn -0.289004118 -0.828305765 -0.479985603
vn -0.292715263 0.827155846 -0.47971969
vn -0.0625859453 -0.993005764 0.100112693
vn -0.0596190196 0.993059493 0.101382523
vn -0.23901067 -0.883032364 -0.403890758
vn -0.239975162 0.878638919 -0.412802098
vn -0.194438968 -0.921814637 -0.335337537
vn -0.200369004 0.921815365 -0.331826302
vn -0.154559286 -0.954158755 -0.256305475
vn -0.155110337 0.952068136 -0.263641892
vn -0.101884009 -0.97922262 -0.175335989
vn -0.107442176 0.9772023 -0.183117024
vn -0.0587886977 -0.993005766 -0.102388664
vn -0.0586546337 0.993005516 -0.10246794
vn -0.132225646 -0.975945241 0.173341471
vn -0.195106738 0.947241187 0.254298044
vn -0.586759097 0.0315862521 0.809145272
vn -0.587348667 -0.0524088863 0.807635346
vn -0.53702509 0.444943671 0.716679275
vn -0.45588886 -0.652752708 0.605044833
vn -0.406188562 0.750190571 0.521751818
vn -0.0526430952 -0.99612951 0.0703896518
vn -0.00316393113 0.999985368 0.00438793356
vn -0.150329233 -0.967053774 -0.205446148
vn -0.192133888 0.947302021 -0.25632684
vn -0.578754262 0.0222226338 -0.815199153
vn -0.599507384 -0.0823219328 -0.79612436
vn -0.534413649 0.443145908 -0.719738672
vn -0.435398691 -0.687709559 -0.580933337
vn -0.387318564 0.750026901 -0.536138021
vn -0.257934434 -0.900783036 -0.349370505
vn -0.225189035 0.92497348 -0.306127357
vn -0.00215400637 0.999997007 -0.00116036669
vn -0.0138853661 -0.999731264 -0.0185633153
vn -0.00627768678 -0.999910096 0.0118486448
vn -0.00293497124 -0.999987676 -0.00400414219
vn -0.432624079 -0.000179359897 0.901574386
vn -0.432624059 0.000357398191 0.901574343
vn -0.424599528 -0.0898642742 0.900910458
vn -0.437126838 0.0898638148 0.894899225
vn -0.43019794 -0.199407485 0.88043534
vn -0.416510663 0.183095443 0.890502626
vn -0.421577126 -0.295946448 0.857139677
vn -0.409343551 0.280016251 0.868348292
vn -0.393385598 -0.384418488 0.835146812
vn -0.414139352 0.377987998 0.828017917
vn -0.388448535 -0.474399368 0.789970236
vn -0.3697141 0.465790119 0.803959607
vn -0.361091372 -0.549282442 0.753592609
vn -0.373817363 0.549232751 0.74739813
vn -0.325305431 -0.627512829 0.707392413
vn -0.329799038 0.63292493 0.700456014
vn -0.311617979 -0.704870789 0.63722163
vn -0.308957729 0.699994634 0.64385762
vn -0.278203694 -0.779749151 0.560886768
vn -0.278231662 0.765760627 0.579825667
vn -0.236820139 -0.824387344 0.514102839
vn -0.24601387 0.829877588 0.500779757
vn -0.42263608 -0.000533993927 -0.906299321
vn -0.422554876 0.000268475161 -0.906337302
vn -0.41382323 -0.103652579 -0.904437105
vn -0.420413716 0.0967652756 -0.902157851
vn -0.414559638 -0.192636783 -0.889399447
vn -0.414409436 0.192620893 -0.889472884
vn -0.213546848 -0.877447958 0.429514638
vn -0.208163548 0.870597752 0.445788618
vn -0.406644534 -0.271157922 -0.872418251
vn -0.397692103 0.29329219 -0.869379481
vn -0.386452654 -0.371593939 -0.844139971
vn -0.388488851 0.392950214 -0.833466581
vn -0.374197444 -0.465836804 -0.801855564
vn -0.379553613 0.474397082 -0.794283616
vn -0.166013873 -0.920716731 0.353157323
vn -0.172103774 0.915225062 0.364339646
vn -0.353461224 -0.549281457 -0.757202116
vn -0.35260654 0.549281323 -0.757600592
vn -0.125644941 -0.956897702 0.261839906
vn -0.13172163 0.954156859 0.268764023
vn -0.338681229 -0.619982532 -0.707754678
vn -0.324241096 0.619984923 -0.714483315
vn -0.299454598 -0.694977607 -0.653707174
vn -0.308074543 0.694977246 -0.649689698
vn -0.0891821466 -0.979222947 0.18212349
vn -0.0918168864 0.977219207 0.191343359
vn -0.272277495 -0.765782862 -0.582616147
vn -0.268727648 0.759511108 -0.592392039
vn -0.0524718295 -0.993005763 0.105765125
vn -0.0498120874 0.992952616 0.107535386
vn -0.239736695 -0.82441986 -0.512696997
vn -0.239122499 0.824400447 -0.513014946
vn -0.212543771 -0.870595054 -0.443722206
vn -0.20425678 0.875355792 -0.438213881
vn -0.132224108 -0.967076839 0.217437743
vn -0.1319533 0.968949899 0.20910385
vn -0.5045716 0.031173697 0.862806874
vn -0.507113965 -0.0591855006 0.859844464
vn -0.47368226 0.43931866 0.763298259
vn -0.168002348 -0.915224321 -0.366250806
vn -0.167554193 0.917989956 -0.35947188
vn -0.434439608 -0.518957051 0.736169686
vn -0.347526985 0.744447427 0.570107904
vn -0.295438139 -0.823463179 0.484380738
vn -0.129931625 -0.952070141 -0.276911935
vn -0.12760888 0.954998462 -0.267757187
vn -0.178770354 -0.938834289 0.294332021
vn -0.168255431 0.944036519 0.283699069
vn -0.00297552629 0.999995207 -0.000855629654
vn -0.0117000911 -0.99979201 0.0167046299
vn -0.0959986381 -0.975103052 -0.199895722
vn -0.0851778897 0.978645372 -0.187077425
vn -0.0503664347 -0.992868077 -0.108056487
vn -0.04819299 0.993059498 -0.107285923
vn -0.129407582 -0.967092255 -0.219057636
vn -0.129562738 0.968965266 -0.210522709
vn -0.497959373 0.0321345176 -0.866604775
vn -0.519597674 -0.0603655291 -0.852275929
vn -0.436855619 0.490531635 -0.754013185
vn -0.402822101 -0.622773314 -0.670736725
vn -0.367918034 0.687282019 -0.626322398
vn -0.256407781 -0.869748372 -0.421654858
vn -0.230862375 0.89537824 -0.380789142
vn -0.144323604 -0.956070765 -0.255145819
vn -0.14327556 0.95656208 -0.253891907
vn -0.00260110115 -0.999990315 -0.00355034283
vn -0.000704228461 0.999999752 3.93636307e-06
vn -0.00578281985 -0.999971409 0.0048723617
vn -0.00158298555 -0.999997449 -0.00161104534
vn 0.00535233079 0.99998557 -0.000460062538
vn 0.00737449454 0.999972727 0.000403805728
vn 0.126443761 0.991944845 -0.00757627229
vn 0.927497456 0.371957825 -0.0373610284
vn 0.00713009884 0.999973947 -0.00112604501
vn 0.249310117 0.968327479 0.013651372
vn 0.866540132 0.496846858 0.0474489032
vn 0.00337012893 0.999994097 0.000669997088
vn 0.0953276822 0.995330037 -0.0151904658
vn 0.947680798 0.294068425 -0.124196887
vn 0.133481222 0.990837917 0.0205666364
vn 0.936626618 0.316784037 0.149594294
vn 0.0020981955 0.999997667 -0.000513067123
vn 0.00719909952 0.999974042 0.000296934813
vn 0.0521981489 0.998555174 -0.0127639137
vn 0.90157241 0.372242791 -0.220459733
vn 0.184689251 0.981804524 0.0441560507
vn 0.923070981 0.294068293 0.247918943
vn 0.0106694602 0.999936756 -0.0035561164
vn -0.110323084 -0.967055414 0.229418053
vn -0.126608252 0.957536326 0.259026129
vn -0.429959447 0.0443945864 0.901756062
vn -0.420036013 -0.0597198239 0.905540331
vn -0.388518777 0.466341032 0.794719575
vn -0.342171046 -0.000709456491 0.939637415
vn -0.342171111 0.000357341884 0.939637591
vn -0.331072197 -0.10641203 0.937586092
vn -0.339985593 0.112842207 0.933636135
vn -0.345519776 -0.183099015 0.920375377
vn -0.344056723 0.202129293 0.916934414
vn -0.333590642 -0.619116605 0.710923282
vn -0.307169598 0.704186353 0.640131563
vn -0.334690048 -0.280017173 0.899762721
vn -0.31303177 0.28663712 0.905455837
vn 0.00415038505 0.999986379 0.00316497049
vn -0.302501274 -0.377985807 0.874996976
vn -0.330984981 0.377987625 0.86462379
vn -0.176740437 0.911992262 0.370179594
vn -0.184580778 -0.90265893 0.388763157
vn -0.316357432 -0.46579138 0.826411741
vn -0.289132133 0.46578927 0.836327069
vn 0.0332264197 0.999379615 -0.0116785777
vn 0.841103558 0.447728974 -0.30345275
vn -0.285488093 -0.549280505 0.785358183
vn -0.298759796 0.549231271 0.780440642
vn -0.00996406081 -0.999690311 0.022803478
vn 5.61856174e-05 0.999997396 0.00228123366
vn -0.260974893 -0.619980999 0.739943015
vn -0.254402602 0.627512495 0.735871854
vn 0.119718115 0.991944844 0.0413883854
vn 0.871193825 0.371956548 0.320421043
vn -0.241558666 -0.694976946 0.677241799
vn -0.255344892 0.69991016 0.667026801
vn -0.229933175 -0.765740427 0.600643266
vn -0.21014369 0.765737274 0.607853648
vn -0.18494397 -0.824384566 0.534963377
vn -0.195718437 0.828304925 0.524981185
vn -0.0904712515 -0.975987681 -0.198148934
vn -0.108375224 0.968923897 -0.222353982
vn -0.409380981 0.040326106 -0.911471896
vn -0.435829815 -0.0415719446 -0.899068488
vn -0.353712479 0.546629792 -0.75900155
vn -0.35105866 -0.55360648 -0.755167321
vn -0.172890762 -0.875292965 0.451631497
vn -0.160583663 0.883034515 0.440979515
vn 0.998209702 0 -0.0598112854
vn 0.870804033 0.491063403 -0.0236023558
vn 0.999265543 0 0.0383193747
vn 0.984456415 0.161037623 0.0700888764
vn -0.254742139 0.798031504 -0.546124676
vn -0.210673132 -0.868057893 -0.449546801
vn -0.134638302 -0.914119197 0.382437735
vn -0.1293928 0.921814985 0.365396548
vn 0.989984852 0 -0.141173627
vn 0.979545317 0.144841609 -0.139684931
vn 0.990698156 0 0.136077783
vn 0.972303179 0.164377571 0.166152169
vn -0.34700065 -0.000357331871 -0.93786482
vn -0.316258549 0.000475234198 -0.948672918
vn -0.314625659 -0.0967542838 -0.944271838
vn -0.338875923 0.106415002 -0.934793537
vn -0.014541789 -0.999388993 -0.0317832851
vn -0.00105654909 0.999997166 -0.00213358395
vn -0.331494667 -0.199405798 -0.922143489
vn -0.318365992 0.199404911 -0.926758208
vn -0.325468882 -0.295945875 -0.898045681
vn -0.317678594 0.286690645 -0.903819
vn -0.10990738 -0.947009382 0.30181716
vn -0.105396961 0.952068157 0.287154496
vn 0.971380107 0 -0.237530393
vn 0.932563187 0.279864836 -0.228038539
vn 0.968651476 0 0.248423666
vn 0.940873475 0.23776374 0.241299625
vn -0.292656609 -0.377986791 -0.878338258
vn -0.308975456 0.363030772 -0.87905792
vn -0.303314809 -0.457233198 -0.836025077
vn -0.300173965 0.459680966 -0.835816368
vn -0.076047136 -0.975704136 0.205470852
vn -0.0720535357 0.978645565 0.192512719
vn 0.00498776764 0.999985387 -0.0020850575
vn -0.273008722 -0.543460628 -0.793798957
vn -0.270098794 0.555039317 -0.786751548
vn -0.000353442012 -0.999999688 0.00070604665
vn 0.937864979 0 -0.347000405
vn 0.770520469 0.583426763 -0.256732192
vn 0.933909448 0 0.357509641
vn 0.823311443 0.491063292 0.284631535
vn -0.262094378 -0.632923567 -0.728501404
vn -0.263044675 0.635087423 -0.726272307
vn -0.0402334538 -0.993043342 0.110662506
vn -0.0403680313 0.993016431 0.110854817
vn 0.0048160194 0.999985472 0.0024209176
vn -0.228260596 -0.706856131 -0.669515878
vn -0.236260648 0.699958815 -0.673972227
vn 0.0614167463 0.997665435 -0.029860737
vn 0.84259914 0.371955982 -0.389455307
vn -0.213859954 -0.76578269 -0.606498798
vn -0.212642066 0.7657793 -0.606931145
vn 0.899336938 0 -0.437256301
vn 0.880273855 0.265997065 -0.392891209
vn 0.901574491 0 0.432623899
vn 0.892067251 0.144841646 0.428061815
vn -0.195940695 -0.818896118 -0.539459352
vn -0.184675603 0.818893519 -0.543422787
vn 0.0877014798 0.995330034 0.0403307987
vn 0.835591844 0.371957375 0.40426969
vn -0.165258449 -0.871938016 -0.460883653
vn -0.165256759 0.871940821 -0.460878953
vn -0.130334743 -0.914119904 -0.383924024
vn -0.130333704 0.914121366 -0.383920896
vn 0.86060191 0 -0.509278267
vn 0.842860495 0.20200313 -0.498779432
vn 0.863210017 0 0.504844993
vn 0.830680267 0.190749017 0.523053637
vn -0.000356570131 -0.999999656 -0.00074895183
vn -0.101909122 -0.949921326 -0.295404816
vn -0.105330837 0.949919558 -0.294207831
vn -0.5398064 0.841388342 -0.0259751629
vn -0.548780979 0.835391519 0.0309910849
vn -0.635829966 0.765935286 0.0952018502
vn -0.643755398 0.75874545 -0.0994199659
vn -0.0308120899 0.999501531 0.00687780299
vn -0.0184939575 0.999807405 -0.00656711859
vn -0.0336672244 0.998431414 0.0447351018
vn -0.0169472142 0.998936435 -0.0428811334
vn -0.06988809 -0.978644954 -0.193312466
vn -0.0671185036 0.977196776 -0.201448671
vn -0.0192078409 0.999037086 0.0394456466
vn -0.0395985501 0.999206433 -0.00429651541
vn -0.0389276628 -0.993085407 -0.110752028
vn -0.0394319321 0.992941468 -0.111858674
vn 0.806539373 0 -0.591180379
vn 0.749095724 0.370637452 -0.549075109
vn 0.80957036 0 0.587022856
vn 0.641541813 0.583427049 0.498033113
vn -0.477090815 0.861876109 -0.171912558
vn -0.0169703463 0.999840649 0.005539397
vn -0.0153685236 0.999865364 -0.00574994735
vn -0.01492564 0.999855442 0.00814379144
vn -0.0221138547 0.998366796 -0.0526755926
vn 0.7336826 0 -0.679492342
vn 0.517971706 0.728008859 -0.449119598
vn 0.00468147849 0.99998548 -0.00266892715
vn 0.748132826 0 0.663549
vn 0.699850665 0.265997154 0.66291369
vn -0.0480250145 0.998845628 -0.00100484663
vn -0.0305441458 0.999531468 0.00197458194
vn 0.00596999046 0.999982179 1.95399514e-05
vn 0.0684632362 0.996767356 -0.0420431099
vn 0.800368444 0.371955988 -0.470169222
vn 0.0694622749 0.996757055 0.0406246825
vn 0.791943062 0.371956709 0.484225561
vn -0.591198611 0.664972807 0.456393875
vn -0.625414574 0.62698385 -0.464486666
vn 0.663548276 0 -0.748133468
vn 0.640853082 0.362728901 -0.676561211
vn -0.0439740673 0.998994101 0.00877877181
vn -0.0331057999 0.999191806 -0.0227978416
vn 0.679492511 0 0.733682443
vn 0.631661602 0.265129689 0.728498365
vn -0.575350875 0.626697666 0.525567698
vn -0.0109492185 0.99975877 0.0190398378
vn -0.0429960861 0.998929943 -0.0170383509
vn 0.600199478 0 -0.799850352
vn 0.577875947 0.270191936 -0.770101102
vn 0.604307243 0 0.796751377
vn 0.558474357 0.257064619 0.788685092
vn -0.442047769 0.753123404 -0.487235989
vn -0.0132715373 0.999089608 0.0405440674
vn -0.0530849491 0.998572127 -0.00597451258
vn 0.51891019 0 -0.854828763
vn 0.215677464 0.909531298 -0.355297128
vn 0.523300806 0 0.852148031
vn 0.339437471 0.728008938 0.595638472
vn -0.0102910523 0.99985167 0.0138105629
vn -0.384133935 0.766962408 -0.514013408
vn 0.00467848436 0.999986246 -0.00237061642
vn -0.0217325376 0.999588475 -0.0187237122
vn 0.00162988775 0.999984092 0.00539997276
vn 0.087355612 0.993971399 -0.0662559835
vn 0.750429247 0.371957576 -0.546354745
vn 0 1 0
vn -0.00746444703 0.99996073 0.00477700344
vn 0.0213929196 0.999650798 0.0155121025
vn 0.740667199 0.371956362 0.559518154
vn -0.383628517 0.649604598 -0.65638634
vn -0.00913486543 0.99984331 0.0151628048
vn 0.432624856 0 -0.901574031
vn 0.403631519 0.35992114 -0.841153001
vn -0.303078271 0.809185524 -0.503351119
vn 0.036135623 0.999134778 -0.0205891313
vn 0.437256619 0 0.899336783
vn 0.379818186 0.362729016 0.850979322
vn -0.042279482 0.999058014 0.00977397838
vn 0.0268448527 0.998931034 -0.0376316778
vn 0.342171504 0 -0.939637516
vn 0.116123812 0.94065184 -0.318887718
vn 0.347001397 0 0.937864612
vn 0.296065374 0.350402873 0.888573644
vn 0.0531396961 0.953758343 0.295839815
vn 0.0861560962 0.860866614 0.501483598
vn -0.220609288 0.760808723 0.610329116
vn -0.0103842756 0.999569251 0.0274495744
vn -0.00617614905 0.99985793 -0.0156836172
vn 0.248422519 0 -0.96865177
vn 0.222697938 0.443148388 -0.868346207
vn 0.2534027 0 0.96736088
vn 0.125297847 0.824788723 0.551383725
vn -0.11673033 -0.943558645 0.309953406
vn -0.0711878682 0.977170374 0.200175791
vn -0.356319935 0.021329043 0.934120536
vn -0.328860926 -0.0813555192 0.940867563
vn -0.311120124 0.414597161 0.855168675
vn 0.00200153984 0.999994837 -0.0025137612
vn -0.233908656 -0.714906675 0.658934888
vn -0.225353201 0.753086147 0.618123928
vn -0.0157889637 0.999143053 0.0382605352
vn -0.0462227245 0.998356301 -0.0338844602
vn -0.0233103724 -0.997686198 0.063866083
vn -0.00161010631 0.999988649 0.00448436295
vn 0.0757727667 0.994810207 -0.0679053748
vn 0.702862086 0.316786106 -0.636892025
vn 0.00361950057 0.999992677 0.00124325017
vn -0.138505605 0.621479242 -0.771089975
vn -0.0959176999 0.851294582 -0.515846226
vn 0.0510909003 0.997665434 0.0453144816
vn 0.66141312 0.42660071 0.616882905
vn 0.168443971 0 -0.98571123
vn 0.0218749585 0.986994831 -0.159256679
vn 0.157364526 0 0.987540584
vn 0.111111959 0.457355957 0.882314944
vn -0.0772877683 0.82765548 0.555889385
vn -0.0365443984 0.999081727 0.0223653512
vn -0.0832199218 0.814764357 -0.573788713
vn -0.00303454907 0.999848038 -0.0171665793
vn -0.0874782316 -0.964575217 -0.24888192
vn -0.0719612192 0.977170382 -0.199899043
vn -0.317186392 0.0216985867 -0.948114953
vn -0.33037287 -0.0746824221 -0.940891228
vn -0.302683865 0.447321452 -0.841597289
vn -0.242950332 -0.693179833 -0.678584449
vn -0.220294548 0.736004314 -0.640131207
vn -0.129755878 -0.917686024 -0.375520669
vn -0.116894885 0.935699266 -0.33287005
vn -0.00131542847 -0.999980508 0.00610357925
vn -0.00491952697 -0.999865129 -0.0156691205
vn 0.000297876895 0.999998771 -0.00153929632
vn 0.0546748936 0 -0.998504209
vn 0.0294258089 0.842819713 -0.537390968
vn -0.021983405 0.744639915 0.667104285
vn 0.0598106198 0 0.998209742
vn 0.0128971264 0.879445331 0.475825151
vn 0.00471983488 0.999308522 0.0368808997
vn 0.0342053002 0.998438081 -0.0441745962
vn -0.000193200828 -0.999999954 -0.000232414248
vn 0.0333257356 0.999122091 0.0253858829
vn 0.0311045878 0.745753982 0.665494931
vn -0.0381852037 0.99912994 -0.0167706012
vn -0.043458832 0 -0.999055219
vn -0.0343995795 0.611112125 -0.790796206
vn -0.0546749467 0 0.998504206
vn -0.0388805394 0.703068965 0.710057979
vn -0.264171998 -0.00023884382 0.964475556
vn -0.23260778 0.000238843835 0.972570596
vn -0.247613223 -0.0806681114 0.965494872
vn -0.240681997 0.089864734 0.966434947
vn -0.243771037 -0.192616017 0.950512889
vn -0.25930019 0.192597657 0.946398201
vn -0.24625688 -0.295949761 0.922914561
vn -0.22277439 0.28663857 0.931777818
vn -0.21528012 -0.377987475 0.900433195
vn -0.235757544 0.384421877 0.892545909
vn -0.225194524 -0.47194193 0.852383858
vn -0.219818071 0.465867933 0.857115561
vn -0.213931201 -0.55735614 0.8022391
vn -0.214012425 0.543461189 0.811694905
vn -0.18681043 -0.632921683 0.75134014
vn -0.18104934 0.627512799 0.757264038
vn 0.00593075622 0.999981206 -0.00155354599
vn -0.169260791 -0.706855469 0.686808656
vn -0.18873533 0.69991018 0.688843027
vn -0.163082119 -0.770202563 0.616597304
vn -0.155098306 0.759510234 0.631734691
vn 0.0109428675 0.99985711 0.0128846203
vn 0.165161136 0.969667797 -0.180183688
vn 0.59874016 0.447729752 -0.664114666
vn -0.140588476 -0.824457172 0.548183594
vn -0.138461043 0.820463826 0.554677969
vn 0.00416765546 0.999714582 -0.0235241288
vn 0.0852093836 0.817892787 -0.569026142
vn 0.00290626207 0.999987684 0.00402312583
vn -0.120130692 -0.875303756 0.468414294
vn -0.120827452 0.875322537 0.46819994
vn -0.141174189 0 -0.989984772
vn -0.0774443042 0.836102868 -0.543078607
vn -0.0948142983 -0.924300752 0.369700377
vn -0.104926939 0.914120623 0.391629704
vn -0.152282003 0 0.988337084
vn -0.0323121988 0.97722917 0.209711874
vn -0.115326116 0.668756944 0.734482155
vn -0.32221573 0.773491079 0.545791695
vn 0.0545917773 0.996767354 0.0589455598
vn 0.608085103 0.371915464 0.701363953
vn 0.99820974 0 -0.0598106586
vn 0.943246558 0.331107667 -0.0255664548
vn 0.999265568 0 0.0383187209
vn 0.943976196 0.323097656 0.0672074912
vn -0.0721481061 -0.956897865 0.281320329
vn -0.0758734374 0.949919951 0.30314239
vn 0.987540669 0 -0.157363994
vn 0.726289048 0.681277265 -0.0914631399
vn 0.990697975 0 0.1360791
vn 0.602498686 0.791451125 0.102958488
vn -0.0488049976 -0.980511945 0.190300809
vn -0.0535098591 0.977202601 0.205455033
vn 0.967360959 0 -0.253402397
vn 0.948468759 0.232277939 -0.215531835
vn -0.0276220321 -0.993059507 0.114323395
vn -0.0293103905 0.993043335 0.114043135
vn 0.96865171 0 0.248422753
vn 0.786927184 0.583108401 0.201817243
vn -0.237529715 -0.000357327154 -0.971380207
vn -0.237529714 0.000357331596 -0.971380207
vn -0.236415179 -0.0967714207 -0.96682116
vn -0.243311715 0.0898651689 -0.965776196
vn -0.226769956 -0.185811001 -0.956059443
vn -0.224044423 0.183094684 -0.957225383
vn -0.233713434 -0.293288958 -0.927016514
vn -0.234447639 0.280014027 -0.930927736
vn -0.0350523234 0.99923757 0.0171934249
vn -0.219901013 -0.378056975 -0.899286644
vn -0.219586029 0.378033438 -0.899373502
vn 0.0440161016 0.998758788 -0.0233123455
vn -0.206701929 -0.473357223 -0.85627522
vn -0.209792848 0.465838949 -0.859640061
vn 0.943420839 0 -0.331597831
vn 0.92795418 0.180332164 -0.32616154
vn -0.197948184 -0.549314939 -0.811831026
vn -0.191490462 0.541149374 -0.818833779
vn 0.933909231 0 0.357510207
vn 0.858979711 0.417094013 0.296962019
vn -0.182641788 -0.624664766 -0.759233764
vn -0.184935766 0.627546944 -0.756295971
vn -0.170217479 -0.699958261 -0.693602511
vn -0.166927455 0.711423315 -0.682650783
vn -0.253403011 0 -0.967360798
vn -0.156182114 0.709391766 -0.687292129
vn -0.153382993 -0.765782879 -0.624540022
vn -0.156742412 0.77198491 -0.616012269
vn -0.248422753 0 0.96865171
vn -0.133700123 0.842819734 0.521324442
vn 0.906375463 0 -0.4224731
vn 0.637021001 0.711365335 -0.296923569
vn -0.137227389 -0.828305194 -0.543211883
vn -0.133766185 0.824417659 -0.54994739
vn 0.901574491 0 0.432623899
vn 0.548995199 0.793224436 0.263437404
vn -0.111475668 -0.883032289 -0.455880633
vn -0.10981174 0.878639004 -0.464687941
vn 0.00810322093 0.999733114 0.0216342214
vn -0.09541775 -0.921814219 -0.375704669
vn -0.0954172226 0.921815159 -0.375702497
vn 0.197471619 0.80752142 0.555800429
vn 0.00659764345 0.999842024 -0.0165044871
vn -0.0714649901 -0.9490651 -0.306868362
vn -0.0719000738 0.952068166 -0.297315634
vn -0.379687649 0.808532452 -0.449569309
vn -0.293268364 0.89300094 -0.34138393
vn 0.852147353 0 -0.523301909
vn 0.856116417 0.170409942 -0.487878195
vn 0.854828501 0 0.518910622
vn 0.634762031 0.6697788 0.385322622
vn -0.0509228153 -0.975703923 -0.213093223
vn -0.0501826359 0.975102479 -0.216001985
vn -0.0377464402 0.999287227 0.000493823395
vn -0.553920742 0.830950945 -0.051887742
vn -0.026535412 -0.993005763 -0.115045325
vn -0.0297144558 0.992952617 -0.114726421
vn -0.575053261 0.815067326 0.0705620356
vn -0.644677678 0.754794055 -0.121147123
vn -0.705041753 0.692283126 0.153818723
vn -0.331598047 0 -0.943420762
vn -0.265022892 0.601026158 -0.754009565
vn -0.0336039599 0.998927346 0.0318579824
vn -0.0211332664 0.999459351 -0.0251871255
vn -0.0152242301 0.999009122 -0.0418210043
vn -0.0332786984 0.998263724 0.0486010807
vn -0.342170977 0 0.939637708
vn -0.270843405 0.611112097 0.74376465
vn -0.0392358097 0.999210915 -0.00617233907
vn 0.796751775 0 -0.604306718
vn 0.803317107 0.176373304 -0.568835726
vn -0.0479649226 0.998745523 0.0143787104
vn 0.0275730113 0.998966679 0.0361289734
vn 0.799849943 0 0.600200023
vn 0.144779555 0.983481551 0.108641244
vn -0.0150163463 0.998415835 -0.0542248142
vn -0.530235401 0.82107148 -0.211404931
vn -0.874079422 0.31608374 0.368885122
vn -0.708071755 0.638890803 0.300753939
vn -0.015657073 0.999859055 -0.00606022693
vn -0.0566926996 0.998211578 -0.0189626809
vn -0.0205133211 0.998400211 -0.0526898651
vn 0.744709951 0 -0.66738826
vn 0.738133989 0.132598989 -0.661495066
vn -0.535091012 0.791564292 0.295133155
vn 0.748133612 0 0.663548113
vn 0.498902113 0.726480743 0.472570007
vn -0.422472428 0 -0.906375776
vn -0.0992868467 0.971992036 -0.213010807
vn 0.0181673788 0.999424684 0.0286399689
vn -0.0172896586 0.999137824 -0.0377448839
vn -0.417804072 0 0.908537153
vn -0.313794733 0.712681942 0.627389285
vn 0.00531985787 0.999567863 0.0289099735
vn 0.361924484 0.707211457 0.607340616
vn 0.356414476 0.727852792 -0.585831916
vn 0.00618522883 0.999949354 -0.0079392846
vn 0.438812207 0.483250884 -0.757570083
vn -0.893790503 0.287199756 0.344463114
vn -0.616593287 0.78717604 -0.0129073594
vn -0.0335075133 0.999178272 0.0228041001
vn 0.0794642225 0.991196855 -0.105897268
vn 0.56510472 0.31678723 -0.76177589
vn -0.028665832 0.999392933 0.0197999013
vn 0.00348978427 0.999975467 0.00607350007
vn 0.675709032 0 -0.737168437
vn 0.524612628 0.6302548 -0.572328995
vn 0.679492362 0 0.733682581
vn 0.45364664 0.721437977 0.523194009
vn -0.446238913 0.820846778 -0.356484782
vn 0.0276903774 0.999435945 -0.0190009371
vn 0.0425638696 0.999024882 0.0117304364
vn 0.0662559648 0.993971401 0.0873555974
vn 0.55626538 0.294069589 0.777233494
vn 0.43574998 0.692303629 -0.575184875
vn -0.0175708511 0.999707285 -0.0166315533
vn -0.523301443 0 -0.852147639
vn -0.418081773 0.53570345 -0.733641223
vn -0.388498962 0.861259769 0.327567043
vn -0.50484451 0 0.863210299
vn -0.375551704 0.709391599 0.596426423
vn -0.0128193886 0.999863477 0.0104254648
vn -0.000287719865 0.998815206 -0.0486631431
vn 0.587022856 0 -0.80957036
vn 0.60478141 0.165290546 -0.77904973
vn 0.0445240051 0.999007954 -0.00084850597
vn 0.0123447039 0.999840023 0.0129435741
vn 0.604306519 0 0.796751926
vn 0.403327158 0.71617128 0.569583972
vn 0.483441925 0.700296063 -0.525232643
vn -0.0235006074 0.999182188 0.0329040495
vn -0.604306409 0 -0.796752009
vn -0.55881664 0.254827918 -0.789168357
vn -0.587023281 0 0.809570051
vn -0.433058356 0.708003738 0.55784511
vn -0.0489115093 0.998795725 0.00384234723
vn 0.0143664253 0.999832413 0.0113469064
vn 0.0162025071 0.999857415 -0.0047569274
vn -0.412837671 0.749845752 0.517007162
vn -0.0176985125 0.999590404 0.0224897085
vn 0.504844993 0 -0.863210017
vn 0.525316673 0.167418116 -0.834274276
vn 0.52330162 0 0.852147531
vn 0.347816343 0.711694108 0.610340305
vn -0.67949182 0 -0.733683083
vn -0.589386031 0.436545767 -0.679743996
vn 0.015130907 0.998863338 0.0452005321
vn -0.663548113 0 0.748133612
vn -0.234493461 0.94006756 0.247559687
vn 0.0140100703 0.999864616 -0.00862948073
vn -0.334245855 0.807208555 -0.486512134
vn -0.0115268116 0.999686709 -0.0222174997
vn -0.026193432 0.999236463 0.0289895621
vn -0.0759682436 -0.954650788 0.287872711
vn -0.0636169741 0.966654728 0.248055474
vn -0.249634329 0.025411828 0.968006684
vn -0.24803271 -0.112172437 0.96223548
vn -0.210534479 0.480249223 0.851490409
vn 0.87450258 0.368696304 0.315132152
vn 0.265071497 0.959147202 0.0988622595
vn -0.180287706 -0.667800666 0.722176303
vn -0.173919809 0.709454897 0.682953621
vn 0.0284722801 0.999439887 0.0175852374
vn -0.0983091082 0.918979638 0.381853039
vn -0.108642785 -0.90342598 0.414750821
vn 0.0151126753 0.999851736 -0.00825310584
vn -0.00121947159 0.999998048 0.00155487084
vn 0.432623899 0 -0.901574491
vn 0.429346078 0.122864995 -0.894743616
vn 0.612466311 0.69827168 0.370542413
vn -0.00583753134 -0.999776448 0.0203218299
vn 0.437256626 0 0.89933678
vn 0.287504402 0.708807974 0.644152524
vn -0.748134113 0 -0.663547548
vn -0.712375507 0.192867932 -0.674776332
vn -0.733682731 0 0.6794922
vn -0.637980852 0.535703582 0.55317457
vn -0.0094807734 0.99909944 -0.041357276
vn 0.0375050128 0.99880994 0.0311781716
vn -0.00409640148 0.999045561 -0.0434877659
vn -0.231891881 0.86269316 0.449429267
vn -0.00933192008 0.999785639 0.0184822034
vn 0.0195694339 0.9997867 -0.00660234131
vn 0.012268737 0.999913467 0.00474720077
vn 0.575984076 0.790784392 0.207128917
vn 0.47823452 0.861757321 -0.169310554
vn 0.730184257 0.630970716 0.262120024
vn -0.799850526 0 -0.600199248
vn -0.774700729 0.248792228 -0.58132711
vn -0.00185828322 -0.999993545 0.00307533821
vn -0.806539794 0 0.591179804
vn -0.750051297 0.36765585 0.549774707
vn 4.03370772e-05 0.999992384 -0.00390249258
vn -0.072461881 -0.955006787 -0.287595744
vn -0.0587800553 0.968974163 -0.240070772
vn -0.224767945 0.0199092317 -0.974208906
vn -0.237407084 -0.0339953886 -0.970815219
vn -0.213586216 0.311857549 -0.925810886
vn -0.201719618 -0.527660024 -0.825157012
vn -0.191808145 0.591174363 -0.783404435
vn 0.0478407551 0.998854855 0.00049168364
vn 0.342170977 0 -0.939637708
vn 0.252709133 0.674202684 -0.693966018
vn 0.0454256414 0.998959702 0.00400317867
vn -0.15742698 -0.748710611 -0.643932579
vn -0.121905652 0.858190366 -0.498646475
vn -0.286439549 0.690687626 -0.664005262
vn 0.0911415719 0.985262445 -0.144745043
vn 0.468599242 0.371916536 -0.801306958
vn 0.347000405 0 0.937864979
vn 0.0963860076 0.952379124 0.289281422
vn -0.0131170377 0.999427571 -0.0311845128
vn 0.024351319 0.998835801 0.0416420021
vn 0.0426599621 0.998135534 -0.0436529892
vn -0.0138718615 -0.99828898 -0.0568039
vn -0.000892506057 0.999992943 -0.00364919153
vn 0.0204404629 0.999721333 0.0118086585
vn 0.0377349097 0.999190521 -0.0139419916
vn 0.70521569 0.70029474 0.110716336
vn 0.72036263 0.684757756 -0.110383408
vn 0.619189945 0.784572639 0.0323973159
vn 0.637855731 0.769105622 -0.0402070736
vn 0.0266506794 0.998744165 0.0424244629
vn 0.00184319981 0.999993529 0.00308940208
vn -0.854828567 0 -0.518910514
vn -0.837743336 0.198932145 -0.508539187
vn -0.860601412 0 0.509279108
vn -0.808701955 0.342016444 0.478566505
vn 0.379687665 0.808532498 0.449569213
vn 0.473360407 0.680644161 0.559154229
vn 0.0793659049 0.988432136 0.129239956
vn 0.453861378 0.426601072 0.78231795
vn -0.908537151 0 -0.417804076
vn -0.871306066 0.225634731 -0.435792046
vn -0.0142421951 0.999040623 -0.0414124873
vn -0.000323425772 -0.999992444 -0.00387404226
vn -0.899336656 0 0.437256881
vn -0.89602638 0.192867989 0.399923325
vn 0.232529936 0 -0.972589239
vn 0.25821634 0.212486714 -0.942429689
vn 0.253402859 0 0.967360838
vn 0.181628449 0.572868418 0.799270218
vn -0.00561027001 0.99983002 0.0175629315
vn -0.945113834 0 -0.326741243
vn -0.929906148 0.0924871887 -0.355978477
vn -0.937864979 0 0.347000405
vn -0.897554526 0.323976314 0.299057218
vn -0.968651472 0 -0.24842368
vn -0.96075321 0.127441218 -0.246398065
vn -0.967360938 0 0.253402476
vn -0.966333496 0.134086184 0.219591597
vn -0.151683313 0.701568617 -0.696271246
vn -0.0139470103 0.999808817 -0.0137043782
vn -0.98833709 0 -0.152281967
vn -0.98167881 0.115880613 -0.151256066
vn -0.987540556 0 0.157364702
vn -0.966577546 0.225634673 0.12172445
vn -0.999265568 0 -0.0383187302
vn -0.983155473 0.168836455 -0.0699969058
vn -0.998209663 0 0.0598119414
vn -0.99534831 0.0924870702 0.0269793095
vn -0.0684875296 0.921917378 -0.381284418
vn -0.0496844411 0.960699225 -0.27310887
vn 0.999055189 0 -0.0434595181
vn 0.944652284 0.325489526 -0.0410929581
vn 0.999265568 0 0.0383187209
vn 0.899791671 0.431591293 0.0640617222
vn -0.0316301533 0.999010482 0.031266441
vn 0.152281053 0 -0.98833723
vn 0.150347172 0.158863336 -0.975785923
vn 0.989984704 0 -0.141174666
vn 0.354752771 0.933590514 -0.0505887653
vn 0.990697988 0 0.136079012
vn 0.602499286 0.791450672 0.102958455
vn 0.157364828 0 0.987540536
vn 0.107811511 0.505431152 0.85610515
vn 0.971380321 0 -0.237529517
vn 0.885493374 0.411117027 -0.216527769
vn 0.972589421 0 0.232529176
vn 0.912726365 0.323097731 0.250076866
vn 0.943420839 0 -0.331597831
vn 0.0864523625 0.995792468 -0.0303866681
vn 0.945113922 0 0.326740989
vn 0.881229702 0.331107684 0.337345392
vn -0.072877025 0.814886193 -0.575021244
vn 0.0241689323 0.999104087 -0.0347402703
vn -0.0664050744 0.684751696 0.725744776
vn -0.0361959963 0.997959404 0.0526011265
vn 0.89933678 0 -0.437256626
vn 0.627519494 0.726480661 -0.280080586
vn 0.90853666 0 0.417805142
vn 0.65470161 0.681277145 0.327455727
vn 0.189208407 0.981923241 -0.00518922976
vn 0.0546748936 0 -0.998504209
vn 0.0346021566 0.774257225 -0.631924395
vn 0.185110175 0.982665499 0.0101360733
vn 0.0598106586 0 0.99820974
vn 0.0263374662 0.234777848 0.971692184
vn 0.173590409 0.984506775 -0.0247543972
vn 0.328248385 0.943236474 0.0505761921
vn 0.852147531 0 -0.52330162
vn 0.601643 0.72143796 -0.342859986
vn 0.0385739734 0.99837074 -0.0420465713
vn 0.863210465 0 0.504844227
vn 0.823073346 0.232278015 0.518263631
vn -0.999967836 0.00742004012 -0.0030447068
vn -0.996810791 0.00730385395 0.0794663505
vn -0.994924532 0.00747873318 -0.100345628
vn -0.964919667 0.260331374 -0.0340237064
vn 0.0719601593 0.997252278 -0.0175963001
vn -0.977271107 0.196849604 0.0786855533
vn 0.998209703 0 -0.059811283
vn 0.998917947 0.0369083407 -0.028296802
vn 0.999265568 0 0.038318731
vn 0.996342384 0.0488160951 0.0701344569
vn -0.955675835 0.272923803 -0.110436846
vn -0.987286398 0.00606960337 0.158835537
vn 0.23987532 0.96858204 0.065640403
vn -0.00105510902 0.999613453 0.0277818491
vn 0.0107475839 0.726027941 0.687581208
vn -0.976773625 0.00682799209 -0.214165037
vn -0.92317938 0.364986119 0.120519567
vn -0.993917124 0.108023237 0.0214413151
vn -0.976409631 0.0199959558 -0.214998591
vn -0.976596398 0.215006021 0.00564684281
vn 0.989984786 0 -0.141174091
vn 0.989812964 0.0186303419 -0.141149589
vn -0.991043377 0.113868228 -0.0697642501
vn -0.950226319 0.0032398672 0.31154365
vn 0.99069798 0 0.136079067
vn 0.985478948 0.0246806815 0.167994367
vn -0.967020719 0.0104434704 0.254483524
vn -0.945952794 0.32412956 0.010646132
vn -0.974021586 0.206198669 -0.0936165557
vn -0.986776039 0.0964369872 0.130280296
vn -0.98747235 0.126537529 0.0942688229
vn -0.0193922653 0.999799393 -0.00501145275
vn -0.953799795 0.277449952 0.11527131
vn -0.951340535 0.00777313852 -0.308043445
vn -0.0351850428 0.99928668 0.0137165827
vn 0.7967524 0 -0.604305894
vn 0.569584084 0.716171326 -0.403326917
vn 0.00427706364 0.999974212 -0.00576899226
vn -0.865087567 0.501541857 0.00890314426
vn -0.924594635 0.371997264 -0.0821145338
vn -0.734320035 0.635867915 -0.23758384
vn -0.0434585469 0 -0.999055231
vn -0.0423109377 0.228290702 -0.972673193
vn 0.799850761 0 0.600198934
vn 0.750958739 0.344262138 0.563510916
vn -0.897012073 0.430950508 0.0982395103
vn -0.979034923 0.115061772 -0.168081551
vn -0.924304085 0.0074507168 0.381584127
vn -0.0383187209 0 0.999265568
vn -0.0651089703 0.399310329 0.914501002
vn -0.952247169 0.24353418 -0.184164143
vn 0.0716355292 0.986195741 -0.149286005
vn 0.401681996 0.371388223 -0.837091609
vn -0.893006406 0.25907286 0.367995669
vn 0.0371099316 0.999226059 -0.0130435811
vn -0.9687113 0.114619511 0.220138103
vn 0.971380338 0 -0.237529447
vn 0.96890193 0.0713886463 -0.236923429
vn -0.957821326 0.204718516 0.201664664
vn -0.919433827 0.00625530115 -0.393195
vn 0.972589391 0 0.232529304
vn 0.964119022 0.0369082477 0.26289217
vn -0.816679525 0.572229293 -0.0747541962
vn -0.760581026 0.649195386 0.00786471107
vn 0.128886069 0.990548114 0.0469341547
vn -0.877327209 0.451517205 -0.162570544
vn -0.922036944 0.0199939752 -0.386585198
vn -0.032628308 0.999212126 -0.0225947228
vn -0.809082684 0.581914492 0.082223689
vn -0.917958152 0.347669657 0.190993823
vn -0.0263826704 0.998832235 0.0404737059
vn -0.817440672 0.547394011 0.179305731
vn 0.00489297422 0.99993738 0.0100645126
vn -0.894985706 0.00544920967 0.446061535
vn -0.654157608 0.753846439 -0.0615903469
vn -0.628602796 0.777711997 0.00475118389
vn -0.878798049 0.270208 0.393321276
vn 0.0362478497 0.999062055 0.0236876061
vn 0.0847409247 0.697033248 0.712013783
vn -0.684466343 0.725194888 0.0748211132
vn -0.958390189 0.113870333 -0.261766676
vn 0.733682282 0 -0.679492685
vn 0.530757355 0.711694259 -0.460204207
vn -0.763346178 0.629982555 -0.142914635
vn -0.15237151 -0.000268517421 0.988323252
vn -0.152460091 0.000534078098 0.988309484
vn -0.936454332 0.209339272 -0.28147887
vn -0.15148437 -0.0967629697 0.983712058
vn -0.135443313 0.0967520721 0.986049768
vn -0.140076617 -0.18309456 0.973064707
vn -0.156097132 0.199404761 0.967404479
vn -0.872978416 0.00535479878 -0.487729445
vn 0.0812370153 0.982589877 0.167085848
vn 0.378306275 0.371914304 0.847681611
vn -0.152724362 -0.280016999 0.947768827
vn -0.136298147 0.295947338 0.945430055
vn -0.13234793 -0.369033892 0.91994457
vn -0.141304587 0.378033704 0.914944551
vn -0.870548537 0.0168144536 -0.4917952
vn 0.737168922 0 0.675708503
vn 0.657737106 0.451546731 0.602899203
vn -0.765321451 0.626726978 0.14661641
vn -0.94246936 0.114620888 0.314027955
vn -0.135877883 -0.451490317 0.881869432
vn -0.140562105 0.471942315 0.870352081
vn -0.930039075 0.213310219 0.299209074
vn -0.896170091 0.357943578 -0.262212819
vn -0.129572835 -0.546796176 0.827178834
vn -0.125882804 0.562728911 0.817000424
vn -0.455714884 0.890105333 0.00603667504
vn 0.943420673 0 -0.331598302
vn 0.943256934 0.0186302712 -0.33154075
vn -0.013168038 0.998198214 -0.0585399743
vn -0.541629826 0.838374512 0.0613621138
vn -0.118003711 -0.627597913 0.769542711
vn -0.110377814 0.635085167 0.764515251
vn -0.905491015 0.322641334 0.275660281
vn -0.486702807 0.872860543 -0.0351404315
vn 0.945114218 0 0.326740135
vn 0.933081228 0.0488160281 0.356337506
vn -0.611542229 0.782431601 -0.117545275
vn -0.108285531 -0.68162015 0.723649235
vn -0.113224113 0.704870355 0.700241447
vn -0.829360235 0.00153502246 0.55871213
vn -0.860829432 0.00647424961 0.508852407
vn -0.788357004 0.571967101 -0.226598479
vn -0.0998020162 -0.755302637 0.647732571
vn -0.0960332912 0.776085278 0.623273013
vn -0.606847919 0.694783204 0.3860206
vn -0.602017436 0.786377663 0.13851057
vn -0.812642535 0.521583609 0.259928162
vn 0.070721398 0.996951279 -0.0329640988
vn -0.0906885141 -0.820466059 0.564456411
vn -0.0798711114 0.829877894 0.552198594
vn -0.0556341256 0.998417531 -0.00820227736
vn -0.141173576 0 -0.989984859
vn -0.128168812 0.419227898 -0.898788476
vn -0.396384112 0.91707726 0.0429992426
vn 0.12631384 0.990285298 0.0581364127
vn -0.825203265 0.00683351473 -0.564794542
vn -0.0697953304 -0.870594687 0.487025156
vn -0.0743539581 0.875322945 0.477787851
vn -0.0220426244 0.999359082 -0.0282054553
vn -0.1360791 0 0.990697975
vn -0.16592882 0.172167464 0.970992271
vn -0.769439525 0.270212273 -0.578747047
vn 0.133823395 0.738913986 -0.660376726
vn -0.0626395672 -0.911482433 0.406541583
vn -0.0624972343 0.920717661 0.385192269
vn -0.0993360232 0.768044207 0.632645597
vn -0.317595803 0.785839544 0.530649713
vn -0.612021968 0.769686393 -0.181691957
vn -0.458996169 0.883872383 -0.0899562486
vn -0.298717783 0.953851637 -0.0305735352
vn -0.927673765 0.113970122 -0.355573054
vn -0.677459548 0.70541102 0.208431891
vn -0.284684602 0.958621175 -0.000345787017
vn -0.0489138004 -0.9470096 0.317459064
vn -0.0426548294 0.954998929 0.293526168
vn -0.908899993 0.211673222 -0.359298274
vn -0.410222883 0.907448943 0.0908493431
vn 0.675708018 0 -0.737169366
vn 0.539600653 0.601900964 -0.588681887
vn -0.252774659 0.967167501 0.0263058218
vn -0.0322262119 -0.975704173 0.216709111
vn -0.0331140873 0.977202591 0.209710643
vn -0.871496262 0.329537561 -0.363179379
vn -0.00118501938 0.999918903 0.0126800615
vn 0.67949134 0 0.733683527
vn 0.64552216 0.170409918 0.744487475
vn -0.90715096 0.114621104 0.404893984
vn -0.779869076 0.00182786566 0.62594
vn -0.795838106 0.0177101153 0.605250412
vn -0.895913101 0.225424459 0.382783918
vn -0.0181690323 -0.992941442 0.117205708
vn -0.0164451312 0.993005765 0.116914961
vn -0.791386835 0.524398317 -0.3141867
vn -0.00668330624 0.999918708 0.01085865
vn 0.906375571 0 -0.422472867
vn 0.904063025 0.0713886632 -0.421394952
vn -0.831453163 0.426360951 0.356233037
vn -0.771055971 0.00636155574 -0.636735597
vn 0.908537001 0 0.417804401
vn 0.89375514 0.0369075253 0.44703421
vn -0.412099851 0.903176922 -0.12018802
vn -0.734253231 0.368780542 -0.569976407
vn -0.150245961 0.988648558 0.000425031723
vn -0.11660657 0.993118467 0.0108911929
vn -0.261662213 0.963585489 0.0550989241
vn -0.233656709 0.971291326 -0.0446956607
vn -0.000933922698 0.999999564 -1.06054758e-05
vn -0.657509149 0.705704574 -0.263937063
vn -0.465767626 0.872564389 0.147281721
vn -0.750896562 0.580304684 0.315278968
vn 0.100119148 0.993335798 -0.0570977162
vn 0.0128088802 0.998236635 -0.0579616558
vn -0.687731693 0.00285478008 0.725959344
vn -0.717203044 0.00779090639 0.696820705
vn -0.654124098 0.703028557 0.27905647
vn 0.200682669 0.686460166 -0.698926968
vn -0.25340179 0 -0.967361118
vn -0.146025529 0.752155286 -0.642603276
vn -0.141174215 -0.000357360961 -0.989984704
vn -0.141263955 0.000268487831 -0.98997193
vn -0.140511781 -0.0967610123 -0.985339407
vn -0.140428476 0.0967646353 -0.985350927
vn -0.0235478207 0.997012993 0.0735567242
vn -0.138530039 -0.192633358 -0.971443162
vn -0.131447149 0.19940436 -0.971061042
vn -0.889086491 0.112173059 -0.443781947
vn -0.12897479 -0.280015864 -0.951292079
vn -0.134576696 0.302126657 -0.943720613
vn 0.11565919 0.990804536 0.070209145
vn 0.613215846 0 -0.789915392
vn 0.178992991 0.952379139 -0.246851137
vn -0.0237564012 0.999709973 0.00395017947
vn -0.87244218 0.186854548 -0.451586116
vn -0.145688043 -0.377988657 -0.914275434
vn -0.129817826 0.392953412 -0.910348806
vn -0.278149387 0.95710616 -0.0811216245
vn -0.570730795 0.786719205 0.235242965
vn -0.0944655365 0.995357528 -0.0184297146
vn -0.232529323 0 0.972589386
vn -0.253044585 0.288111266 0.923558518
vn -0.111545903 -0.484046195 -0.867903677
vn -0.132642021 0.474397187 -0.870260538
vn -0.835536519 0.312165447 -0.452140972
vn -0.0235787491 0.999600353 0.0155941189
vn -0.111421461 0.555038719 -0.824328381
vn 0.604306306 0 0.796752087
vn 0.568836155 0.176373265 0.803316812
vn -0.677998405 0.00278875929 -0.735058083
vn -0.114671805 -0.589039746 -0.799926593
vn -0.716731917 0.0123556069 -0.69723934
vn 0.183047338 0.814156675 0.551037731
vn -0.109908991 0.627602037 -0.770737113
vn -0.476442703 0.858744888 -0.188572449
vn -0.798167592 0.443819485 -0.407373
vn -0.863096124 0.114621426 0.491860763
vn -0.235925118 0.969167302 0.0710920477
vn -0.103038347 -0.684977704 -0.721241045
vn -0.0967990519 0.694977373 -0.712486066
vn -0.0586069589 0.998278206 -0.00241809515
vn -0.860233995 0.196694463 0.470434652
vn -0.419245325 0.889822269 0.180137967
vn -0.0984618936 -0.759513494 -0.642996507
vn -0.101210082 0.765737518 -0.635139806
vn -0.11161697 0.99315936 -0.0342948711
vn -0.723869768 0.579284144 -0.374756507
vn -0.826577209 0.341600765 0.447301951
vn -0.0817699491 -0.81517636 -0.573411874
vn -0.0792175873 0.824418184 -0.560409878
vn 0.85214772 0 -0.523301312
vn 0.867628086 0.0369082925 -0.495841994
vn -0.0660704416 -0.871938192 -0.485137595
vn -0.0643210395 0.870598304 -0.487771869
vn -0.724438716 0.559415118 0.40279433
vn -0.0352290175 0.999361922 -0.0058876926
vn -0.058168025 -0.920717216 -0.38587082
vn -0.0593168565 0.915225953 -0.398551083
vn -0.637881939 0.0075707449 0.770096952
vn 0.863210058 0 0.504844922
vn 0.846174945 0.0246807069 0.532333377
vn -0.586631641 0.416404165 -0.694601245
vn -0.473488263 0.67886264 -0.561207965
vn -0.610052309 0.729346281 -0.309661399
vn -0.0410006106 -0.956897562 -0.287516965
vn -0.0397948944 0.954156609 -0.296650522
vn -0.611537018 0.273175974 0.742561352
vn -0.0587153129 0.998126226 0.017220593
vn -0.0299620252 -0.977218825 -0.210108653
vn -0.0277345521 0.980512602 -0.194488641
vn 0.00303014318 0.999237828 -0.0389176264
vn -0.28796752 0.950041256 0.120400658
vn -0.663376551 0.660384225 0.351886667
vn -0.234063759 0.96783788 -0.0922171062
vn 0.226031712 0.769423334 -0.597408903
vn -0.0168305116 -0.992868075 -0.11802423
vn -0.0165730258 0.993085386 -0.116218551
vn -0.61988427 0.00369628519 -0.784684541
vn -0.625152125 0.0157818299 -0.780343357
vn -0.524366241 0.805764412 -0.275288499
vn 0.518910622 0 -0.854828501
vn 0.358133611 0.72365266 -0.589972156
vn -0.0175916947 0.999590351 -0.0225756882
vn 0.0304511648 0.998806187 0.0381959139
vn -0.331598697 0 -0.943420534
vn -0.315023129 0.312209833 -0.896261931
vn 0.523302707 0 0.852146864
vn 0.487428856 0.175579239 0.855327447
vn 0.299139757 0.690615981 0.658456508
vn -0.386491099 0.899073663 -0.205648192
vn -0.83972046 0.115779056 -0.530532524
vn 0.15554672 0.981226895 -0.114013153
vn -0.52700246 0.797212064 0.294484859
vn -0.326740009 0 0.945114261
vn -0.355024139 0.117725616 0.927414977
vn -0.130692071 0.989941825 0.0541734853
vn -0.815894151 0.219644066 -0.53485813
vn -0.000241034704 0.999999954 -0.000185512365
vn 0.023664526 0.999551373 0.0183587126
vn -0.765376055 0.395501415 -0.507718549
vn -0.568013603 0.00613372724 0.822996309
vn -0.0579591157 0.997859871 0.0302724169
vn -0.264497449 0.955525507 -0.130430461
vn -0.584070521 0.262516595 0.768079855
vn -0.810729305 0.114621411 0.574090521
vn -0.337403084 0.923076517 0.184631801
vn -0.808411455 0.189337901 0.557334799
vn -0.681399728 0.581228331 -0.444823602
vn -0.798774853 0.284579326 0.530069185
vn -0.745845416 0.411411499 0.523884715
vn -0.620740458 0.671063524 -0.405407241
vn 0.0428860629 0.999077485 0.00222814331
vn -0.529923047 0.00287515661 -0.848040859
vn -0.519735231 0.00335625813 -0.854320797
vn -0.688582662 0.552513257 0.469662664
vn -0.420521793 0.614557581 -0.667443182
vn 0.257431775 0.814941596 -0.51922931
vn 0.796751791 0 -0.604306696
vn 0.815628892 0.0246807048 -0.578048764
vn 0.0185803642 0.998612072 -0.0492818485
vn 0.959413036 0.223221897 -0.172332852
vn 0.459022269 0.884153444 -0.0870128966
vn -0.538147169 0.768997944 -0.345021429
vn -0.0743591136 0.996470578 -0.0389500955
vn 0.799850352 0 0.600199478
vn 0.799213523 0.0543215248 0.598587434
vn -0.185267824 0.977193731 0.103770153
vn 0.0174201886 0.998299482 0.0556298678
vn -0.597401215 0.694922687 0.400242736
vn 0.345318216 0.690677898 0.635389149
vn 0.417804072 0 -0.908537153
vn 0.385984378 0.505430912 -0.771722523
vn 0.437256357 0 0.899336911
vn 0.358460165 0.475906548 0.803130916
vn -0.422473713 0 -0.906375177
vn -0.356018402 0.53838415 -0.763801941
vn -0.447367784 0.842012222 -0.301458925
vn -0.461814223 0.00509965657 0.886962016
vn -0.50158892 0.0137211707 0.864997275
vn -0.417804339 0 0.908537029
vn -0.438196789 0.201022374 0.876112766
vn -0.00143722829 0.99999887 0.000441222127
vn -0.0131688288 0.999644329 0.0231904401
vn -0.449667289 0.838680665 0.307268728
vn -0.320206239 0.924712954 -0.205849259
vn 0.000394127745 0.99998645 -0.00519086949
vn -0.811250898 0.566248911 0.145719429
vn -0.445730574 0.891186845 0.084322372
vn -0.785786039 0.11341842 -0.608010332
vn -0.760611526 0.230902791 -0.606756959
vn -0.459293927 0.00591517519 -0.888264656
vn 0.0420823052 0.999100463 0.00522911878
vn -0.444912008 0.263217602 -0.856019742
vn 0.0167924042 0.998678466 -0.0485730081
vn 0.331898483 0.371914694 -0.86690418
vn -0.197180038 0.971827976 -0.129113972
vn -0.280127969 0.941016681 0.189778628
vn -0.72001392 0.370587734 -0.586723688
vn 0.113972651 0.988219531 -0.102139088
vn 0.00195325116 0.999614285 0.0277031703
vn 0.356688511 0.771808769 0.526388194
vn -0.750554825 0.11461982 0.650791635
vn -0.642007251 0.556078797 -0.527828629
vn -0.744879942 0.216354751 0.631145382
vn 0.080844255 0.993784509 0.0765281351
vn -0.730702476 0.324350719 0.600724981
vn -0.0281410389 -0.982777014 0.182640146
vn -0.0418849597 0.968962893 0.243632021
vn -0.138290474 0.0407515699 0.989552957
vn -0.152317891 -0.034840824 0.987717256
vn -0.117960067 0.555820529 0.822890614
vn -0.106484032 0.991705005 -0.0719884331
vn 0.00173817892 0.999993612 0.00312319693
vn -0.129415504 -0.534912339 0.834937373
vn -0.641300199 0.526336664 0.558304371
vn 0.326740009 0 -0.945114261
vn 0.347517454 0.234777904 -0.907805571
vn -0.542937695 0.724949501 -0.423871302
vn -0.0921807952 0.813738852 0.57387436
vn -0.0814332419 -0.844987967 0.528548922
vn -0.411239749 0.00488664443 0.911514119
vn -0.146745434 0.984214281 0.0989344519
vn -0.414321369 0.257826417 0.872847834
vn -0.523300823 0 -0.852148021
vn -0.20885316 0.906677824 -0.366491039
vn -0.000342628819 0.999994522 0.00329227798
vn -0.0074682896 -0.998641823 0.0515629069
vn 0.0681783724 0.980508006 0.184270884
vn 0.293397183 0.371913538 0.880680654
vn 0.346999264 0 0.937865401
vn 0.31175769 0.165290891 0.935674123
vn 0.74471018 0 -0.667388004
vn 0.744197812 0.0370882426 -0.666928841
vn -0.504844852 0 0.863210099
vn -0.530943262 0.0842469522 0.84320917
vn -0.594294725 0.640685687 0.486143631
vn -0.000130352488 0.998610202 -0.0527033845
vn -0.45855298 0.80361507 -0.37938369
vn 0.737168902 0 0.675708525
vn 0.737196217 0.0279505593 0.675100366
vn -0.0187368934 0.999726886 0.0139671886
vn -0.350094522 0.00233906743 -0.936711457
vn -0.39992208 0.0121294105 -0.91646888
vn 0.0113885824 0.999908853 -0.00725154924
vn -0.0558880678 0.997653106 -0.0395576041
vn 0.338724391 0.841791268 0.420301378
vn -0.503470117 0.746247716 0.435467781
vn 0.446202085 0.737547357 0.506880257
vn -0.31089865 0.916840217 -0.25049161
vn 0.379687698 0.808532515 0.449569155
vn 0.462573604 0.697055172 0.547850114
vn -0.421071081 0.838446023 0.345987589
vn -0.000114717159 -0.999998358 0.00180871715
vn -0.315271398 0.913361374 0.257633356
vn -0.183007249 0.971948828 -0.147728882
vn -0.263645786 0.0025446511 0.964616206
vn -0.322697407 0.00685242243 0.946477379
vn 0.0113212013 0.997923983 -0.0633999522
vn -0.726255705 0.0944372022 -0.680906943
vn -0.217926195 0.707111033 0.672682808
vn -0.699469011 0.126176926 -0.703436199
vn -0.69445275 0.286872617 -0.659878382
vn -0.00722240308 0.99983105 0.0169028997
vn 0.455532331 0.754794283 -0.471991405
vn -0.604307442 0 -0.796751226
vn -0.556481659 0.269693846 -0.785871104
vn 0.248422753 0 -0.96865171
vn 0.236140277 0.310546559 -0.920759797
vn -0.626756313 0.46563048 -0.62479179
vn -0.189090489 0.969232951 0.157582595
vn -0.587022972 0 0.809570275
vn -0.605094256 0.162211627 0.779453866
vn 0.058193055 0.998305148 -0.000632261853
vn -0.0586752133 0.997172628 -0.0469464508
vn -0.0261012216 -0.982759829 -0.183035093
vn -0.0486389795 0.947241161 -0.316809772
vn -0.127549074 0.0261854936 -0.991486537
vn -0.140815309 -0.0767619578 -0.987055546
vn 0.253403083 0 0.967360779
vn 0.218466302 0.167418195 0.961375901
vn -0.120259995 0.421618302 -0.89876334
vn 0.521356508 0.692023803 0.499289944
vn -0.0972433291 -0.697299104 -0.710153289
vn -0.0941203766 0.755956885 -0.647819838
vn 0.181927795 0.964347401 -0.192188363
vn -0.236258743 0.00412440566 -0.971681427
vn -0.268116072 0.0148936241 -0.963271484
vn -0.694855348 0.114633554 0.70995436
vn -0.0584312717 -0.91904381 -0.389800285
vn -0.0501528325 0.937390459 -0.344650288
vn 0.0350763119 0.999140495 -0.0220890046
vn -0.685495079 0.198870237 0.700390695
vn -0.0026420472 -0.999880162 -0.0152538663
vn -0.000676773309 0.999999373 -0.000891763405
vn -0.532945241 0.668826284 -0.518305674
vn -0.0820530755 0.994243322 0.0689021734
vn -0.636521589 0.411397193 0.652374598
vn 0.054000243 0.996721183 0.0602565885
vn 0.00633962048 0.99995045 -0.00767508259
vn 0.462024878 0.790097924 -0.402837787
vn -0.39099365 0.836872688 -0.383103209
vn 0.675708657 0 -0.73716878
vn 0.674041959 0.0543214309 -0.736693029
vn -0.542249169 0.630100741 0.555822719
vn 0.0355933686 0.999362941 -0.00261228395
vn -0.000977215138 -0.999997901 -0.00180085762
vn -0.197290267 0.00756411471 0.980315936
vn -0.182537089 0.255788693 0.949343118
vn -0.6794922 0 -0.733682731
vn -0.626670541 0.291423599 -0.722742222
vn 0.667388018 0 0.744710168
vn 0.665685232 0.0713885976 0.742810097
vn -0.256661885 0.933163808 -0.251654493
vn -0.663547911 0 0.748133791
vn -0.685526064 0.0792218362 0.723725028
vn -0.407579092 0.810105114 0.421436815
vn 0.0117967643 0.999915929 0.00538253218
vn 0.424462752 0.855281428 -0.297195307
vn 0.0860765584 0.831906372 -0.54819943
vn 0.314830648 0.789558152 -0.526763312
vn 0.152282954 0 -0.988336938
vn 0.147303595 0.253627629 -0.956020228
vn -0.176788591 0.00765054061 -0.984219114
vn -0.117510061 0.638755618 -0.760383223
vn 0.537294788 0.758241932 -0.369301345
vn -0.141106419 0.980571465 -0.136266576
vn -0.268969753 0.923087526 0.274890326
vn 0.157364728 0 0.987540552
vn 0.123276883 0.162845588 0.978919876
vn 0.0154566608 0.998203648 0.0578840957
vn -0.00176693899 0.999997214 -0.00156494371
vn -0.647428311 0.106673233 -0.754624014
vn -0.160888388 0.973191341 0.164357962
vn -0.631944759 0.213361726 -0.745065498
vn 0.0685816455 0.997630174 0.00553119041
vn -0.600884613 0.32493518 -0.730311448
vn -0.748133649 0 -0.663548072
vn -0.701533241 0.257451751 -0.664507116
vn 0.00350081867 0.999993389 0.000982981017
vn 0.63150945 0.694939822 -0.343881459
vn -0.553827886 0.506938494 -0.660521033
vn 0.507615666 0.821183457 0.260737539
vn -0.744709951 0 0.66738826
vn -0.717589922 0.267409075 0.643084047
vn -0.101453931 0.00748659184 0.994812068
vn -0.0568758778 0.99666933 0.0584412681
vn -0.128691825 0.262138787 0.956410827
vn 0.639862028 0.694529741 0.32894532
vn -0.509547744 0.620989836 -0.595594426
vn -0.621921508 0.114634757 0.774643473
vn -0.604482368 0.258984028 0.753344768
vn 0.168754724 0.961355403 -0.217526164
vn -0.569132732 0.439179709 0.695132446
vn 0.0469218866 0.998846192 0.0102284774
vn -0.434967549 0.746064033 -0.504174266
vn -0.0802050491 0.00766007333 -0.996748952
vn -0.0739095784 0.397371007 -0.914676804
vn 0.0167762053 0.999859047 -0.000667009965
vn -0.514322117 0.577871884 0.63366935
vn 0.114013208 0.981226887 0.155546731
vn -0.35539606 0.821412578 -0.446066159
vn 0.0383180733 0 -0.999265593
vn 0.0680057168 0.288111253 -0.955179108
vn -0.42303713 0.737507754 0.526423688
vn -0.799850177 0 -0.600199712
vn -0.789644978 0.159232497 -0.592541831
vn 0.0598100123 0 0.998209779
vn 0.0231468518 0.519827683 0.853957495
vn -0.264035465 0.911780094 -0.314551003
vn 0.0170710361 0.999832196 -0.00664533427
vn 0.587022731 0 -0.80957045
vn 0.611832859 0.0369083033 -0.790125515
vn -0.806539732 0 0.591179888
vn -0.804082526 0.0779995105 0.589378798
vn 0.0371242994 0.999260027 0.0100590376
vn 0.766515996 0.602954785 0.221130629
vn -0.344160189 0.838767751 0.421927037
vn 0.591180279 0 0.806539446
vn 0.591077674 0.0186302908 0.806399464
vn 0.0243876885 0.999169557 -0.0326410456
vn -0.154344188 0.97060535 -0.184670316
vn 0.032364723 0.999174345 0.0245591665
vn -0.000919343619 0.00741942276 0.999972053
vn -0.0335672887 0.269593335 0.962389043
vn 0.0136703059 0.999235632 0.0366234135
vn 0.0474590219 0.998194901 -0.0368046406
vn -0.239995125 0.921509117 0.305324889
vn 0.04373353 0.999011407 -0.00797410711
vn 0.722229532 0.686456192 -0.0846309572
vn 0.643658928 0.764165027 0.0418926837
vn 0.681094601 0.73187678 -0.0215991492
vn -0.0649547561 0.994918386 -0.0769303913
vn -0.854828286 0 -0.518910977
vn -0.810944748 0.316285911 -0.492272119
vn -0.137649454 0.975884976 0.16941411
vn -0.0241989663 0.266878134 -0.963426422
vn 0.0204114056 0.00618414754 -0.99977254
vn -0.852147676 0 0.523301385
vn -0.840108357 0.254975071 0.478754281
vn 0.00119004178 0.999993633 -0.00336430337
vn -0.000918813206 0.999998796 0.00125057817
vn -0.573732683 0.115687523 -0.810831182
vn -0.547744733 0.201889865 -0.811921296
vn 0.0132486753 0.99857688 -0.0516593428
vn 0.230569861 0.372243362 -0.89903972
vn -0.0598113048 0 -0.998209701
vn -0.0269076656 0.117725611 -0.992681549
vn -0.540056169 0.291609391 -0.789495597
vn -0.524560067 0.410677812 -0.74577508
vn -0.45990939 0.561412322 -0.687967702
vn -0.0383180733 0 0.999265593
vn -0.0693953045 0.212486967 0.974696661
vn -0.901574301 0 -0.432624294
vn -0.892586598 0.140848921 -0.428311507
vn -0.906375823 0 0.422472328
vn -0.883056778 0.225374483 0.411603049
vn 0.0353073925 0.285633533 0.957688296
vn 0.0802362785 0.00635497965 0.996755614
vn -0.407453852 0.699032601 -0.587651922
vn -0.529321334 0.114620102 0.8406433
vn -0.53547021 0.217655744 0.816025509
vn 0.000393705219 0.999986246 0.00522998163
vn -0.506152132 0.382650135 0.772909369
vn -0.315365278 0.823931019 -0.470831623
vn 0.122259941 0.973292679 -0.194303547
vn 0.0433443552 0.985262472 0.165466394
vn 0.205662546 0.371914142 0.905197652
vn -0.458675913 0.544169969 0.702492314
vn -0.939637708 0 -0.342170977
vn -0.90278548 0.277310387 -0.328751163
vn 0.00144668112 0.999647724 -0.0265016048
vn 0.101235524 0.0139171886 -0.994765138
vn 0.148111835 0.00505410335 -0.988957704
vn -0.943420686 0 0.331598264
vn -0.905904056 0.279198516 0.318411729
vn -0.415476943 0.668282082 0.617072093
vn -0.190177216 0.940636212 -0.281133676
vn 0.077941561 0.988219524 0.131709096
vn -0.344418701 0.770168627 0.536857565
vn 0.504844802 0 -0.863210129
vn 0.531441132 0.0369083015 -0.84629079
vn -0.96865171 0 -0.248422753
vn -0.958538746 0.144123204 -0.245829158
vn -0.967360759 0 0.253403163
vn -0.952563418 0.213931623 0.216462917
vn -0.283261415 0.858012319 0.428459835
vn -0.0970420561 0.984755066 -0.144361696
vn 0.523301457 0 0.852147631
vn 0.495223289 0.0488160893 0.867393154
vn -0.141173644 0 -0.989984849
vn -0.139530292 0.152137395 -0.978460786
vn -0.202407602 0.927179088 0.315230236
vn -0.988337084 0 -0.152282003
vn -0.91346911 0.381791345 -0.14074642
vn -0.989984772 0 0.141174189
vn -0.39338024 0.917662856 0.0560969602
vn -0.00781772309 0.999849103 0.0155130481
vn 0.139763246 0.018181692 0.990018011
vn 0.18683255 0.00323092668 0.982386461
vn -0.02256295 0.999217308 -0.032491311
vn -0.136080373 0 0.990697801
vn -0.164697939 0.209742399 0.963785617
vn -0.999265568 0 -0.0383187209
vn -0.96428849 0.255801457 -0.0686536488
vn -0.99905521 0 0.0434590325
vn -0.972049255 0.230937841 0.0422842699
vn -0.0860766538 0.831906357 0.548199437
vn -0.318106266 0.790584123 0.523244826
vn -0.124899593 0.973783778 0.190119028
vn -0.0470931828 0.996489032 0.0692231235
vn 0.214686268 0.259720935 -0.941517309
vn 0.227613757 0.00752210045 -0.973722443
vn -0.491703055 0.116395657 -0.862948525
vn -0.464502353 0.187283529 -0.865541705
vn -0.454323548 0.332176025 -0.826588896
vn -0.39794836 0.534847521 -0.745369192
vn 0.0556145154 0.997400718 0.0458130199
vn 0.271485339 0.0110292779 0.962379377
vn -0.357226695 0.686614425 -0.633205907
vn 0.308735013 0.00402461564 0.951139577
vn -0.237529405 0 -0.971380349
vn -0.235641476 0.125830081 -0.963659632
vn -0.444724686 0.114072452 0.888373474
vn -0.45064986 0.1877482 0.872734391
vn -0.452631865 0.312768895 0.835044917
vn -0.281192065 0.808554398 -0.516885682
vn -0.232528709 0 0.972589533
vn -0.204786444 0.631989273 0.747430312
vn -0.387892452 0.48750498 0.782226527
vn 0.982681326 0.184680415 -0.0151840973
vn 0.999628902 1.58888508e-09 0.0272407452
vn 0.994018847 9.87081976e-05 -0.109208619
vn 0.933619289 0.341829249 -0.107274354
vn 0.988329774 0 0.152329439
vn 0.989547102 0.097618251 0.106147117
vn -0.384351491 0.571849749 0.724749472
vn 0.282486324 0.255175467 -0.924709121
vn -0.184382596 0.923246201 -0.337074932
vn 0.324970303 0.00738295277 -0.945695402
vn 0.971380284 0 -0.237529671
vn 0.96659958 0.099090322 -0.236360656
vn 0.964454397 0 0.264249343
vn 0.951536145 0.206940431 0.227496422
vn 0.0762826381 0.98533361 -0.152638907
vn -0.309331306 0.729237314 0.610349968
vn 0.943420089 0 -0.331599962
vn 0.854663169 0.423448785 -0.300403052
vn 0.933909391 0 0.357509788
vn 0.941035702 0.0928050174 0.325329121
vn -0.104348874 0.97661647 -0.187966975
vn -0.27486108 0.806834205 0.522943547
vn 0.133873747 0.948465125 0.287213729
vn 0.90637542 0 -0.422473191
vn 0.900711777 0.111616759 -0.419833294
vn -0.189664475 0.912527866 0.362381401
vn 0.894370049 0 0.447327862
vn 0.889949337 0.201244789 0.409256293
vn 0.417804401 0 -0.908537001
vn 0.445931481 0.0369082794 -0.894305816
vn -0.379687635 0.808532532 -0.449569177
vn -0.460378395 0.69862674 -0.547697373
vn -0.000968082668 0.999994748 -0.00309297158
vn 0.364890941 0.272404345 0.890309201
vn -0.136395608 0.953621874 0.268331064
vn 0.868825484 0 -0.495118449
vn 0.804474658 0.329787367 -0.494025117
vn 0.379830657 0.00758404414 0.925024948
vn 0.846217032 0 0.532838375
vn 0.859366233 0.0942658083 0.502596892
vn 0.422472468 0 0.906375758
vn 0.422190014 0.0365608761 0.90576978
vn -0.0628765718 0.990603014 0.121458654
vn -0.347000405 0 -0.937864979
vn -0.311919845 0.162211504 -0.936158875
vn 0.788794976 0.000158872729 -0.614656376
vn 0.705388567 0.458944537 -0.540182267
vn 0.768731041 -2.67672078e-05 0.639572189
vn 0.777826759 0.204164521 0.594392448
vn 0.37261742 0.255581599 -0.892095457
vn 0.414120993 0.00759334992 -0.910190169
vn -0.32673943 0 0.945114461
vn -0.341227007 0.298363303 0.891371679
vn 0.201092052 0.960842992 -0.190637695
vn 0.687261208 -1.85382772e-10 0.726410374
vn 0.704577459 0.195854889 0.682064122
vn 0.696097749 3.25437701e-08 -0.71794702
vn -0.404871531 0.116302208 -0.906946988
vn -0.37648737 0.23230961 -0.896821891
vn 0.397110303 0.260723368 0.87995837
vn 0.451525536 0.00577804528 0.892239488
vn -0.345322598 0.442802621 -0.827452804
vn -0.324704138 0.580004009 -0.747102786
vn -0.280273053 0.699053008 -0.657854016
vn -0.250152392 0.783563021 -0.568729086
vn 0.456892733 0.258660572 -0.851083861
vn 0.501643044 0.00747000627 -0.865042459
vn -0.185946631 0.862788324 -0.470127811
vn -0.370346513 0.112958721 0.921999885
vn 0.616872499 0 -0.787063097
vn 0.599714555 0.273436016 -0.752047338
vn -0.35487804 0.203784262 0.912432765
vn -0.422472914 0 -0.90637555
vn -0.42172427 0.0595059925 -0.904769405
vn 0.569934356 2.43467167e-05 0.821690227
vn 0.609114839 0.118458074 0.784185436
vn -0.362206244 0.329636591 0.871863725
vn -0.309296675 0.543259521 0.780515637
vn -0.417804607 0 0.908536906
vn -0.427532754 0.29418182 0.854794011
vn -0.121635225 0.949272162 -0.289977989
vn -0.264466655 0.691197368 0.672535194
vn -0.0383713455 0.998963611 0.024481513
vn -0.0561963552 0.989197168 -0.135391775
vn -0.959413062 0.223221779 0.172332856
vn -0.463456363 0.881932017 0.0860471735
vn 0.348385676 0.775352806 0.526740398
vn 0.532836573 0 -0.846218167
vn 0.474306049 0.342530053 -0.810991328
vn 0.0450933428 0.992000044 -0.117908879
vn 0.513306685 0.00916654354 0.858156292
vn -0.0297896641 0.997918713 -0.057191062
vn 0.557869311 0.00282233393 0.829924012
vn -0.177748897 0.878333598 0.443774065
vn 0.00102127931 0.999975137 -0.00697720522
vn 0.0144234163 0.996327243 -0.0844037269
vn 0.134831139 0.294070434 -0.946225736
vn 0.472759275 0.22887822 0.850948546
vn 0.326740084 0 -0.945114235
vn 0.356126498 0.0369082249 -0.933708574
vn -0.0384789606 -0.000475190203 0.999259298
vn -0.0708563044 0.000475190272 0.99748642
vn -0.0640741599 -0.106408419 0.99225589
vn -0.0446491922 0.106408573 0.993319518
vn 0.0689767849 0.978126005 0.196244038
vn 0.447198289 -2.12825985e-10 0.894434844
vn -0.0534837859 -0.192619895 0.979814809
vn -0.0538177938 0.192619379 0.979796622
vn -0.0521316972 -0.286671186 0.956609595
vn -0.0526286318 0.286671633 0.956582251
vn -0.0502910941 -0.378031997 0.924425559
vn -0.0509436541 0.378031951 0.924389846
vn -0.0866686552 0.973571631 0.211297952
vn -0.0471067259 -0.485266191 0.873096604
vn -0.0487811312 0.465839053 0.883523841
vn 0.537058765 0.264316917 -0.801064573
vn -0.0461592551 0.549282378 0.834360949
vn -0.0400293158 -0.596124157 0.801893785
vn -0.0431031285 0.627564815 0.777370261
vn -0.0452195342 -0.689577828 0.722798459
vn -0.039641551 0.69995867 0.713082329
vn 0.583990984 0.0074010483 -0.811726404
vn -0.0300848024 -0.770203584 0.637088176
vn -0.0358066099 0.76578001 0.642105024
vn -0.0356471347 -0.829877197 0.556806177
vn -0.031635083 0.824417238 0.565097726
vn 0.447330795 0 -0.894368582
vn 0.392457218 0.343020553 -0.853413283
vn -0.0257106461 -0.875319672 0.482860678
vn -0.0271645106 0.875323348 0.482774405
vn -0.000120378495 0.999999949 0.000294319851
vn -0.0209262291 -0.918002448 0.39602222
vn -0.0224388871 0.918003172 0.395937714
vn 0.331597869 0 0.943420825
vn 0.33136973 0.0370882516 0.942771745
vn -0.0159459755 -0.952070127 0.305463909
vn -0.0175020107 0.952068378 0.305384158
vn -0.00956689099 -0.975103397 0.221544218
vn -0.014680157 0.975102792 0.221266893
vn -0.00808971327 -0.992952596 0.118235774
vn -0.00651824195 0.992868115 0.119039569
vn -0.509279001 0 -0.860601475
vn -0.490732656 0.267408946 -0.829261066
vn 0.023783623 0.999498614 0.0209011815
vn 0.0021056063 0.999888766 0.0147655675
vn -0.504843956 0 0.863210623
vn -0.351132626 0.752155383 0.557645191
vn 0.0196636266 0.992162302 0.123398977
vn 0.124196887 0.294068425 0.947680798
vn 0.606957136 0.0184914598 0.794519415
vn 0.628507528 0.00322574998 0.777796813
vn 0.357509788 0 -0.933909391
vn 0.134739922 0.911012061 -0.389746299
vn 0.338156498 0 0.941089891
vn 0.365372214 0.261203912 0.893462736
vn 0.591925126 0.278037765 -0.756518107
vn 0.650627781 0.00620123172 -0.759371474
vn -0.314343733 0.115158719 -0.942298513
vn -0.27905988 0.204123967 -0.938327762
vn -0.297280903 0.328596728 -0.896464308
vn 0.244505662 0 -0.969647865
vn 0.190806318 0.314095929 -0.930019729
vn -0.254626531 0.519287134 -0.815785635
vn 0.221592204 0 0.975139423
vn 0.250441996 0.152408084 0.956059926
vn -0.220016935 0.692433631 -0.687115867
vn 0.060378973 0.998175524 4.792706e-05
vn 0.692786857 0.0108165821 0.721061282
vn 0.719769109 0.00405184898 0.694201708
vn -0.604306952 0 -0.796751597
vn -0.574777102 0.103740364 -0.811707595
vn -0.146735174 0.874060553 -0.463127347
vn 0.00878751057 0.997547642 -0.0694368943
vn -0.600199906 0 0.799850031
vn -0.501559936 0.549254993 0.668398521
vn -0.277767139 0.115185154 0.953717881
vn -0.260773746 0.25063935 0.93229661
vn -0.257548119 0.43363313 0.863499435
vn 0.704452962 0.0139012459 -0.709614529
vn -0.0716703048 0.969176193 -0.235713542
vn 0.736661252 0.00455233776 -0.676246609
vn 0.0935517811 2.73799394e-05 0.995614415
vn 0.062532807 0.888209823 0.455162564
vn -0.233257114 0.573837322 0.785048945
vn -0.0435496408 -0.000268472754 -0.999051228
vn -0.0436391954 0.000533989255 -0.999047214
vn -0.0269705522 -0.0967538682 -0.994942852
vn -0.0362099615 0.10365587 -0.993953872
vn -0.0495366207 -0.199408066 -0.978663653
vn -0.0426449292 0.192638585 -0.980342688
vn -0.0322550131 -0.295947546 -0.954659449
vn -0.0418307295 0.271154053 -0.961626575
vn -0.0467502193 -0.3844193 -0.921974088
vn -0.0404939804 0.363029821 -0.930897194
vn -0.01411174 -0.96709097 0.2540392
vn -0.0132117815 0.977167348 0.212059953
vn -0.0382993711 0.03199663 0.998753911
vn -0.0413713385 -0.0547091754 0.997644886
vn -0.0505850018 0.492473748 0.86885601
vn -0.0262881361 -0.485190351 -0.874013305
vn -0.04462393 0.459680798 -0.886962383
vn -0.0408649739 -0.595773384 0.802112292
vn -0.177489365 0.763531574 0.620900203
vn -0.0477519433 -0.545579676 -0.836697418
vn -0.0280643828 0.541149991 -0.840457659
vn -0.0244549722 -0.875953091 0.481776024
vn -0.0388348553 0.791213966 0.6103051
vn -0.0234613113 -0.630980877 -0.77544355
vn -0.0392503458 0.62213919 -0.781922144
vn -0.00674170529 0.9996033 -0.0273457718
vn -0.00188827635 -0.999188202 0.0402414101
vn -0.00052526402 0.999990544 0.00431703288
vn -0.03534546 -0.691933864 -0.721095157
vn -0.0239681826 0.693000525 -0.720538547
vn -0.0384677617 -0.765740566 -0.641998145
vn -0.0324088256 0.761291938 -0.647598837
vn 0.103605088 -3.77140559e-09 -0.994618513
vn -0.0200814159 -0.828304995 -0.559917468
vn -0.0200813843 0.828304117 -0.559918769
vn -0.0163286754 -0.879978288 -0.474733175
vn -0.0249565754 0.879980889 -0.474353037
vn 0.092032047 0.459270238 -0.883516242
vn -0.0179915165 -0.918002187 -0.396166997
vn -0.016477806 0.918003708 -0.396229319
vn -0.140856162 0.872147499 0.468527781
vn -0.0140715615 -0.952069945 -0.305556561
vn -0.0102251209 0.949063039 -0.314920299
vn -0.0107630472 -0.978645082 -0.205275326
vn -0.00837209095 0.975703648 -0.218934462
vn -0.00510181065 -0.993085405 -0.117283204
vn -0.00358130169 0.993005768 -0.118011518
vn -0.000148011084 -0.99999687 0.00249756176
vn 0.744310823 0.257435737 0.616220935
vn -0.0896482707 0.952882261 0.289790586
vn 0.772076007 0.00753885287 0.635485487
vn 0.0137197808 0.998648092 -0.0501373665
vn 0.00466953658 0.999981993 -0.0037694536
vn -0.0353253766 0.992666817 0.11560583
vn -0.0133680037 0.997859867 0.0640076711
vn 0.769537609 0.0238851401 -0.638154659
vn 0.248422767 0 -0.968651707
vn 0.247873544 0.0279505254 -0.968389113
vn 0.785272107 0.0045697249 -0.61913394
vn -0.667388139 0 -0.744710059
vn -0.654704111 0.194035411 -0.730556491
vn 0.0662666959 0.960296119 0.27099832
vn 0.0129518033 0.602831334 0.79776352
vn -0.0272399366 -7.65185699e-10 0.999628924
vn -0.67570826 0 0.737169144
vn -0.643665346 0.304292096 0.702211679
vn 0.253402809 0 0.967360851
vn 0.221919865 0.0246806942 0.9747525
vn -0.0337031226 0 -0.999431888
vn 0.00303035504 0.863260462 -0.504749632
vn 0.782581934 0.264364345 0.563628432
vn 0.829597408 0.00760867109 0.558310172
vn 0.0338300005 0.999419193 0.00409962532
vn 0.533463627 0.770419282 -0.349099827
vn 0.820723255 0.0119163204 -0.571201663
vn 0.846847018 0.00141859696 -0.531834669
vn -0.0171359293 -0.919037969 -0.393796359
vn -0.0150310341 0.968949896 -0.246799851
vn -0.0306541511 0.0313586389 -0.999038017
vn -0.0411555098 -0.0801749963 -0.995930818
vn -0.030206823 0.376883971 -0.925767801
vn -0.0379359556 -0.625143219 -0.779587595
vn -0.0284923503 0.674922128 -0.737338665
vn -0.157367797 0 -0.987540063
vn -0.117368268 0.343020489 -0.931966541
vn -0.0184282463 0.914133103 -0.404995148
vn -0.0218601566 -0.893186367 -0.449155037
vn -0.00137122485 -0.999564911 -0.0294636832
vn 0.000209546391 0.999997343 -0.00229560071
vn 0.831778686 0.272441763 0.483652462
vn -0.123134503 0 0.992389991
vn -0.119388884 0.20882906 0.970637274
vn -0.737168619 0 -0.675708833
vn -0.718202882 0.225374596 -0.658324322
vn 0.880515992 0.00739737966 0.473958718
vn -0.733683042 0 0.679491864
vn -0.323914345 0.903437372 0.280856569
vn 6.07464158e-05 -0.999999855 -0.000535014037
vn 0.0593122863 0.997737737 -0.0316458613
vn -0.209534001 0.108847004 -0.971724154
vn -0.197189342 0.199834753 -0.959782494
vn -0.198455598 0.336540258 -0.920519435
vn -0.1812546 0.537220758 -0.823735775
vn 0.890325018 0.00759648843 -0.455262183
vn 0.907646698 0.00221487172 -0.419729158
vn -0.146900929 0.628881675 -0.763497188
vn -0.138462595 0.785252565 -0.603495252
vn -0.284905962 0 -0.958555472
vn -0.227632337 0.362896179 -0.903598297
vn 0.858008057 0.286260102 0.426470782
vn 0.00791145502 0.999631461 -0.0259682581
vn -0.0896786817 0.908871773 -0.407320309
vn -0.248423868 0 0.968651424
vn -0.2290178 0.387467797 0.892983513
vn 0.913383214 0.00526723755 0.407066776
vn -0.051315671 0.967365066 -0.248136112
vn 0.929567009 0.0210538253 -0.368051507
vn -0.0248487981 0.993751684 -0.108812352
vn 0.933417619 0.00525188188 -0.358753351
vn -0.16655952 0.115774838 0.979210965
vn -0.176485782 0.232079018 0.956552193
vn -0.176890544 0.409235202 0.895118029
vn 0.0206179403 0.999759271 0.0075033239
vn -0.80957009 0 -0.587023228
vn -0.73651778 0.361426113 -0.571762823
vn 0.0541262991 0.998041739 0.0313533339
vn -0.146245274 0.596001457 0.789553407
vn -0.796751851 0 0.604306618
vn -0.785870739 0.269693432 0.556482376
vn -0.112843776 0.788377969 0.604753222
vn 0.94651141 0.0108947786 0.322486364
vn 0.963416809 0.0033295775 0.267986878
vn -0.092128068 0.892215865 0.442112282
vn 0.959093322 0.0134614442 -0.282769851
vn -0.342171486 0 0.939637523
vn -0.274786872 0.595887787 0.754592553
vn 0.97016726 0.00495382201 -0.242385948
vn -0.0452493076 0.971397159 0.233109545
vn 0.941877798 0.277828911 0.188884383
vn 0.968281993 0.196453355 -0.154389315
vn -0.00817128654 0.998644532 0.05140358
vn -0.397628204 0 -0.917546626
vn -0.336659874 0.333973961 -0.880409861
vn 0.980111701 0.00751808502 0.198304139
vn 0.984220783 0.00742648818 -0.17678885
vn 0.955140224 0.266898763 0.128344078
vn 0.964665246 0.256337537 -0.0609264406
vn 0.964973118 0.260229649 0.0332777802
vn 0.994972251 0.00740006483 0.0998772215
vn 0.0161717864 0.994345202 -0.10495757
vn 0.995398172 0.00745048167 -0.0955351714
vn 0.999969176 0.00747353002 0.00240697404
vn -0.417804009 0 0.908537182
vn -0.188217981 0.907170929 0.376317549
vn 0.168444052 0 -0.985711216
vn 0.136437962 0.0246806803 -0.990341126
vn -0.863210229 0 -0.504844631
vn -0.826626397 0.213931588 -0.520501754
vn -0.852147284 0 0.523302022
vn -0.831112692 0.291423782 0.473628412
vn 0.0213749517 0.985333611 0.169294967
vn 0.141174087 0 0.989984786
vn 0.141863669 0.0543214139 0.988394599
vn -0.503277575 0 -0.864124807
vn -0.113750897 0.969807449 -0.215717978
vn -0.504842632 0 0.863211397
vn -0.526611975 0.152407919 0.836332263
vn -0.908537122 0 -0.417804139
vn -0.487213967 0.838594222 -0.243684799
vn -0.906375903 0 0.422472155
vn -0.847684772 0.353997502 0.395115549
vn -9.15602907e-05 0.999993781 -0.00352551238
vn 0.00572216538 0.994508316 -0.104501031
vn 0.0474490625 0.496846858 -0.866540124
vn -0.604309193 0 -0.796749898
vn -0.541509938 0.349237159 -0.764722429
vn -0.587023217 0 0.809570097
vn -0.583181392 0.30912422 0.751226783
vn -0.945114236 0 -0.326740082
vn -0.890395821 0.30168628 -0.340852858
vn -0.943420888 0 0.331597689
vn -0.927397537 0.183521528 0.325965731
vn -0.0869521225 0.0944376727 -0.991726199
vn -0.121214907 0.126178212 -0.984574022
vn -0.106888399 0.274880755 -0.955518415
vn -0.0938525486 0.463400924 -0.881164731
vn -0.0870454991 0.590502484 -0.802327799
vn -0.0755030263 0.722742023 -0.686981267
vn -0.679492972 0 -0.733682017
vn -0.618457069 0.32978719 -0.713268016
vn -0.0634218902 0.828968745 -0.555687398
vn -0.0367387716 0.907418093 -0.418619956
vn -0.663548322 0 0.748133427
vn -0.681158579 0.137479983 0.719112122
vn -0.0360526248 0.955907066 -0.291447919
vn 0.000275068565 0.99998541 0.00539481434
vn -0.00321166091 0.999008957 -0.0443935784
vn 0.00308590376 0.998668123 0.0515020133
vn 0.0373610284 0.371957825 0.927497456
vn -0.972589359 0 -0.232529438
vn -0.928895531 0.26903399 -0.254506984
vn -0.967360848 0 0.253402821
vn -0.957802435 0.187726985 0.217653564
vn -0.748131924 0 -0.663550016
vn -0.718000815 0.148086809 -0.680106703
vn -0.733683424 0 0.679491452
vn -0.726826706 0.273054319 0.63020971
vn -0.0728533617 0.114621526 0.990734219
vn -0.0868224175 0.217061695 0.972289097
vn -0.0928275682 0.41676796 0.904260753
vn -0.988337056 0 -0.152282181
vn -0.972492974 0.17833987 -0.149840938
vn -0.0646282767 0.586768556 0.807171511
vn -0.989984763 0 0.141174248
vn -0.946812179 0.292090585 0.135017732
vn -0.0551443062 0.749075398 0.660185696
vn -0.0413174053 0.875062951 0.482242371
vn -0.0311921953 0.950793552 0.308250984
vn -0.998504209 0 -0.0546748936
vn -0.952040499 0.30149839 -0.0521306896
vn -0.999055215 0 0.0434589111
vn -0.988811347 0.142835483 0.0430133028
vn -0.000430747292 0.999941447 0.0108128414
vn -0.828955046 -2.67667275e-05 -0.559315234
vn -0.771988658 0.283734033 -0.568795666
vn -0.79675225 0 0.604306092
vn -0.810246501 0.119672099 0.573741401
vn -0.852147617 0 0.523301479
vn -0.843796128 0.23829522 0.480857029
vn -0.889559361 -2.19101084e-10 -0.456819596
vn -0.847592585 0.218823158 -0.483428626
vn 0.00198646299 0.999339769 -0.0362778061
vn 0.0546749002 0 -0.998504209
vn 0.0545354073 0.0713887112 -0.995956596
vn -0.899336509 0 0.437257183
vn -0.908222031 0.103973597 0.405366789
vn -0.937233197 0 -0.348703217
vn -0.917033487 0.105232198 -0.384676187
vn -0.937864945 0 0.347000498
vn -0.927056194 0.212498507 0.308887031
vn 0.00346096894 0.992000046 0.126190061
vn 0.0434590246 0 0.99905521
vn 0.0439083762 0.0279505617 0.998644492
vn -0.979895328 -2.67663063e-05 -0.199512268
vn -0.947601372 0.217260764 -0.234199486
vn -0.967360835 0 0.253402872
vn -0.970796934 0.0942658909 0.220606563
vn -0.987540549 0 0.157364751
vn -0.971864865 0.201244842 0.122389529
vn -0.996662972 4.81260869e-10 -0.0816267181
vn -0.977257472 0.172431907 -0.123430432
vn -0.99933349 0 0.0365044709
vn -0.996255771 0.0863392754 -0.0044686964
vn -0.0106810951 0.110896869 -0.993774521
vn -0.0121597476 0.157953592 -0.987371664
vn -0.00739049613 0.313927886 -0.949418065
vn -0.00827937681 0.501092503 -0.865354122
vn -0.00736947274 0.608273146 -0.793693562
vn -0.00539568722 0.778403718 -0.627740821
vn -0.00273046842 0.89227953 -0.451475121
vn -0.00381303598 0.963405604 -0.268020715
vn -0.000974443893 0.988768094 -0.149454695
vn 0.00082672864 0.995109637 0.0987731042
vn -0.0001139798 0.958588632 0.284794349
vn 0.000362550171 0.87829013 0.478127929
vn 0.0107809538 0.774540629 0.632432277
vn 0.00809966902 0.651680813 0.758450073
vn 0.00897947916 0.50467309 0.86326383
vn 0.00709304696 0.317238098 0.948319397
vn 0.011726385 0.1581255 0.98734939
vn 0.010686056 0.106679001 0.994236088
vn 0.9999014 0 -0.0140424443
vn 0.997500797 0.0690255218 -0.0150876637
vn 0.977257406 0.172432104 0.12343068
vn 0.996662964 -3.49230103e-10 0.0816268105
vn 0.989984771 0 -0.141174198
vn 0.946068035 0.294540562 -0.134911566
vn 0.967360835 0 -0.253402872
vn 0.970796934 0.0942658909 -0.220606563
vn 0.979895248 -2.67671327e-05 0.199512662
vn 0.94760131 0.217260832 0.234199678
vn -0.0598112806 0 -0.998209703
vn -0.0282968015 0.0369083396 -0.998917947
vn -0.00346092832 0.992000048 -0.126190043
vn 0.937864976 0 -0.347000413
vn 0.927056161 0.212498734 -0.308886973
vn 0.937233211 0 0.348703181
vn 0.917033474 0.105232194 0.384676218
vn 0.89933708 0 -0.437256007
vn 0.908222292 0.103973722 -0.405366172
vn -0.0383184064 0 0.99926558
vn -0.0701347607 0.0488160939 0.996342363
vn -0.00198646322 0.999339769 0.0362778103
vn 0.847592572 0.218823154 0.48342865
vn 0.889559334 -2.50653031e-10 0.456819648
vn 0.852148019 0 -0.523300826
vn 0.843796903 0.238294846 -0.480855855
vn 0.796751122 0 -0.604307579
vn 0.810246003 0.119671964 -0.573742134
vn 0.828955763 -2.67666766e-05 0.559314171
vn 0.771990402 0.283734129 0.568793252
vn 8.75524477e-05 0.999999583 -0.000908645206
vn 0.998209718 0 -0.0598110237
vn 0.981630092 0.188929673 -0.0266071663
vn 0.999265569 0 0.0383186896
vn 0.976029109 0.206248312 0.0694896604
vn 0.0283578969 0.948197927 -0.316411947
vn 0.046278843 0.857979072 -0.511595721
vn 0.0591348152 0.73603937 -0.674350888
vn 0.987540565 0 -0.157364649
vn 0.972221571 0.199486934 -0.122434387
vn 0.0811547886 0.576499407 -0.813057399
vn 0.988337056 0 0.152282181
vn 0.929173954 0.340791948 0.143166378
vn 0.0776655648 0.414280921 -0.9068293
vn 0.0871456781 0.215853909 -0.972529033
vn 0.0713371029 0.113422095 -0.990982566
vn 0.733682615 0 -0.679492325
vn 0.726825314 0.273054649 -0.630211172
vn 0.748134692 0 0.663546896
vn 0.718002297 0.148087338 0.680105023
vn 0.967360848 0 -0.253402821
vn 0.957802414 0.187727101 -0.217653559
vn 0.968651681 0 0.248422867
vn 0.948064317 0.205074479 0.243142979
vn -0.00308593384 0.998668123 -0.0515020175
vn -0.0373612052 0.371956824 -0.92749785
vn 0.0137530547 0.989077604 0.146752673
vn -0.000275068565 0.99998541 -0.00539481439
vn 0.0270470488 0.965771655 0.257979782
vn 0.0436583109 0.917854515 0.394508607
vn 0.66354837 0 -0.748133384
vn 0.681158527 0.13748003 -0.719112163
vn 0.0569157299 0.837139001 0.54402104
vn 0.679491357 0 0.733683512
vn 0.618453813 0.329786678 0.713271077
vn 0.0785317605 0.744214127 0.663308446
vn 0.0815086293 0.585861661 0.806301716
vn 0.102372164 0.446736096 0.888789514
vn 0.106609954 0.270194366 0.956885219
vn 0.121354522 0.126177302 0.98455694
vn 0.0878818056 0.0923450604 0.991841307
vn 0.943420888 0 -0.331597689
vn 0.927397536 0.183521529 -0.325965731
vn 0.939637689 0 0.34217103
vn 0.84884976 0.42884127 0.309110416
vn 0.587023263 0 -0.809570064
vn 0.583181468 0.309124287 -0.751226697
vn 0.604305179 0 0.796752942
vn 0.541508044 0.349236805 0.764723932
vn -0.0030153993 0.996898943 0.0786346268
vn -0.0537297111 0.37195828 0.926693129
vn -8.07633425e-05 0.999985911 0.00530758124
vn 0.906375556 0 -0.4224729
vn 0.847684443 0.353997512 -0.395116244
vn 0.901574443 0 0.432623998
vn 0.59021941 0.75592857 0.283219076
vn 0.504844934 0 -0.863210052
vn 0.526613038 0.152408287 -0.836331527
vn 0.503277575 0 0.864124807
vn 0.113750898 0.969807448 0.215717981
vn -0.141174095 0 -0.989984785
vn -0.141581024 0.0279505948 -0.989531999
vn -0.0213750087 0.985333608 -0.169294981
vn 0.852147639 0 -0.523301443
vn 0.831112401 0.291423731 -0.473628953
vn 0.854828709 0 0.518910279
vn 0.812120397 0.312131988 0.492984871
vn -0.152282442 0 0.988337016
vn -0.15218063 0.0365608892 0.987676241
vn 0.43262495 0 -0.901573986
vn 0.227526404 0.850533626 -0.474156395
vn -0.999969176 0.00747353016 -0.002406974
vn -0.995366121 0.0074784342 0.09586636
vn -0.0151484331 0.995039959 0.0983158383
vn -0.994924513 0.0074788146 -0.100345808
vn -0.964944207 0.260287958 -0.0336579383
vn -0.964653978 0.256323477 0.0611635358
vn -0.955210715 0.266825087 -0.127972119
vn -0.984220203 0.00751024709 0.176788541
vn -0.980298059 0.0074788082 -0.197382325
vn 0.397629988 0 0.917545853
vn 0.336663391 0.33397362 0.880408645
vn 0.0180227372 0.995578488 -0.0921881556
vn -0.968171848 0.196468587 0.155059236
vn -0.941985354 0.277656891 -0.188600751
vn 0.0448632275 0.971420602 -0.233086473
vn -0.970015165 0.0051411925 0.242990016
vn 0.342171486 0 -0.939637523
vn 0.191209737 0.829293965 -0.525081285
vn -0.959826722 0.0132728907 0.280279313
vn 0.0911243704 0.893364255 -0.439996202
vn -0.963331718 0.00326495131 -0.268293385
vn -0.946130575 0.0108397827 -0.323603824
vn 0.112053847 0.789090118 -0.603970794
vn 0.806540014 0 -0.591179504
vn 0.789310193 0.205594047 -0.57855035
vn 0.151155412 0.611132614 -0.77696137
vn -0.0537560106 0.99807352 -0.0309764528
vn 0.799850411 0 0.600199401
vn 0.768043115 0.279198374 0.576331538
vn -0.0207802535 0.999758297 -0.0071784044
vn 0.169245168 0.425015927 -0.889222995
vn 0.176310414 0.233126347 -0.95632983
vn 0.167328738 0.11462152 -0.979215503
vn -0.934577381 0.00494774552 0.355725512
vn 0.000219423509 0.99997795 0.00663714228
vn -0.929827528 0.0209798127 0.367397081
vn 0.0607854253 0.960901232 0.270136918
vn -0.913033131 0.00537456782 -0.407849992
vn 0.248421624 0 -0.968652
vn 0.243111343 0.205658035 -0.947946015
vn 0.0911049083 0.885567938 0.455488005
vn -0.0097052912 0.999599382 0.0265872845
vn -0.857988811 0.286093344 -0.426621377
vn 0.284908172 0 0.958554815
vn 0.227630045 0.362896233 0.903598853
vn 0.142238576 0.781618877 0.607322089
vn 0.146158605 0.628177216 0.764219241
vn -0.90658528 0.0020583205 0.422017645
vn -0.888932779 0.00766227285 0.457973584
vn 0.181243047 0.538387043 0.822976519
vn 0.199029797 0.336098852 0.920556734
vn 0.197146653 0.199832155 0.959791804
vn 0.209879893 0.109328903 0.9715954
vn -0.0589088531 0.997765113 0.0315361154
vn -0.00017820423 -0.999999008 0.00139712372
vn 0.75553806 0 -0.655104755
vn 0.314544652 0.90343741 -0.291311701
vn -0.880597996 0.00754620762 -0.473803993
vn 0.748133488 0 0.663548253
vn 0.71752593 0.152395575 0.67965589
vn 0.168442828 0 -0.985711425
vn 0.130959446 0.271695383 -0.953431299
vn -0.832264792 0.272585207 -0.482734524
vn 0.00132427468 -0.999609076 0.0279274486
vn -0.000200834174 0.999997463 0.00224368221
vn 0.0219469223 -0.894193157 0.447143076
vn 0.0184714165 0.914236471 0.404759783
vn 0.157361774 0 0.987541023
vn 0.117365419 0.343020331 0.931966958
vn 0.0186340332 0.698229871 0.715631064
vn 0.0272891173 -0.662485008 0.748577931
vn 0.0387145064 0.411459997 0.910605215
vn 0.0577214139 -0.0783873005 0.995250556
vn 0.0597287422 0.0313653154 0.997721752
vn 0.0108607351 -0.967040172 0.254392121
vn 0.0105054539 0.947241169 0.320349501
vn -0.846553049 0.00156961167 0.53230205
vn -0.821138422 0.0118551495 0.570605948
vn -0.537825852 0.766382516 0.351285058
vn -0.033875366 0.999417821 -0.00405948803
vn -0.830591902 0.00744511927 -0.556831808
vn 0.0477240132 0 -0.99886056
vn 0.00452590632 0.254044075 -0.967182053
vn -0.783089242 0.264420078 -0.562897203
vn 0.0337031164 0 0.999431889
vn -0.00303035462 0.863260417 0.50474971
vn -0.237529461 0 -0.971380335
vn -0.238059875 0.0543214334 -0.969730209
vn 0.67570826 0 -0.737169144
vn 0.569418942 0.538384371 -0.621211991
vn -0.0509425086 0.97329266 -0.223844272
vn 0.679491932 0 0.733682979
vn 0.63345265 0.254974969 0.730565196
vn -0.786084522 0.00454511432 0.618102311
vn -0.770314707 0.0236833725 0.637223941
vn -0.248422782 0 0.968651703
vn -0.24787355 0.0279505766 0.96838911
vn -0.00263694421 0.999995852 0.00115867339
vn 0.0353252588 0.992666853 -0.115605559
vn -0.00473550069 0.999981513 0.00381425713
vn -0.014489381 0.998492049 0.052949844
vn -0.77150374 0.00737675788 -0.63618202
vn 0.0889598008 0.953218503 -0.28889555
vn -0.744473569 0.257341242 -0.616063787
vn 0.000290030316 -0.999997985 -0.00198664396
vn 0.00358131374 -0.993005762 0.118011569
vn 0.0051778346 0.993043333 0.117635576
vn 0.0100184222 -0.977202469 0.212073021
vn 0.00837209075 0.975703651 0.218934451
vn 0.0140715302 -0.952070354 0.305555286
vn 0.0102250696 0.949063561 0.314918727
vn 0.140010923 0.873948725 -0.465414404
vn -0.07083753 -2.50231517e-09 -0.997487867
vn 0.0179915161 -0.918002185 0.396167002
vn 0.016477806 0.918003707 0.396229323
vn -0.0509783526 0.894755009 -0.443638007
vn -0.0920320116 0.459270238 0.883516246
vn 0.0217417478 -0.875320065 0.483054946
vn 0.0202866199 0.875322548 0.483113744
vn 0.0211740867 -0.820463942 0.571306029
vn 0.0239064401 0.824417272 0.565477359
vn -0.103605048 -3.89421448e-09 0.994618517
vn 0.0279463227 -0.765823108 0.642443749
vn 0.0273028959 0.765781188 0.642521381
vn 0.0234192199 -0.698155092 0.71556342
vn 0.0304437845 0.699958525 0.713534329
vn 0.00194818364 -0.999169145 -0.0407090184
vn 0.000544403822 0.999990449 -0.00433656076
vn 0.00306509474 0.999906811 0.0133031534
vn 0.0448577814 -0.629985938 0.775309937
vn 0.0333003945 0.627564331 0.777852232
vn 0.177669675 0.763606723 -0.6207562
vn 0.0244043209 -0.875232148 -0.483087069
vn 0.0390026917 0.789596346 -0.612385826
vn 0.0469164634 -0.544454867 0.837477011
vn 0.0358448021 0.549282902 0.834867321
vn 0.0408359292 -0.5973023 -0.800975898
vn 0.0349349389 -0.476376624 0.878547018
vn 0.0380543172 0.465837015 0.88405189
vn 0.0505288369 0.491246694 -0.869553634
vn 0.0414624648 -0.0549744886 -0.997626518
vn 0.0674392987 0.0314976094 -0.997226073
vn 0.0136068421 -0.975952878 -0.217556507
vn 0.0100207215 0.977159087 -0.21227271
vn 0.0405605287 -0.378026956 0.924905651
vn 0.0466949847 0.371595216 0.927219809
vn 0.0322552508 -0.295947533 0.954659445
vn 0.0322036336 0.277363737 0.960225121
vn 0.0495366378 -0.199406219 0.978664029
vn 0.0424781965 0.19261997 0.980353584
vn 0.0363411633 -0.0898632516 0.99529087
vn 0.0431708256 0.096765562 0.994370507
vn 0.0434587713 -0.000357412203 0.999055157
vn 0.04354933 0.000268521082 0.999051242
vn 0.233918509 0.584711484 -0.776784791
vn -0.736610512 0.00443070884 0.676302686
vn 0.0641547683 0.976975523 0.203477254
vn -0.704336994 0.0137404397 0.709732766
vn 0.254560532 0.40317196 -0.879005863
vn 0.268580333 0.2331244 -0.934621645
vn 0.262503143 0.114621937 -0.958099114
vn 0.587023475 0 -0.809569911
vn 0.561672675 0.401299081 -0.723521149
vn -0.00894376159 0.997504513 0.0700339613
vn 0.138437355 0.886961516 0.440606818
vn 0.604307108 0 0.796751479
vn 0.574777184 0.103740271 0.811707549
vn -0.720047058 0.00390042521 -0.693914274
vn -0.691357402 0.0111474204 -0.722426936
vn -0.0602880183 0.998180277 -0.00122038036
vn 0.207812275 0.713354535 0.669282725
vn -0.190516863 2.31261498e-05 -0.981683923
vn -0.229340637 0.158547136 -0.960346645
vn 0.260290613 0.52079307 0.81303344
vn -0.223191597 0 0.974774595
vn -0.21285554 0.255739384 0.943021679
vn 0.284727206 0.338491788 0.896857696
vn 0.290196212 0.224698755 0.930213216
vn 0.313279013 0.115063045 0.94266471
vn -0.650562623 0.0061013299 0.759428106
vn -0.591052597 0.277837224 0.7572736
vn -0.338156017 0 -0.941090064
vn -0.36537141 0.261203974 -0.893463047
vn -0.342169534 0 0.939638234
vn -0.0988426169 0.957368241 0.271433581
vn -0.626658325 0.00344015667 -0.779286539
vn -0.60656086 0.0211842614 -0.794754774
vn -0.0196636771 0.99216229 -0.123399067
vn -0.128092062 0.371958862 -0.919368821
vn 0.504843956 0 -0.863210623
vn 0.351132728 0.752155215 -0.557645353
vn 0.00024751759 0.999985152 -0.00544384491
vn -0.0200740996 0.999626811 -0.0185275453
vn 0.523301149 0 0.85214782
vn 0.486858875 0.18189932 0.854330775
vn 0.00651822512 -0.992868074 -0.119039913
vn 0.00651820635 0.992868115 -0.11903957
vn 0.00956697031 -0.975103266 -0.221544789
vn 0.0146802126 0.975102788 -0.221266908
vn 0.0159459769 -0.952070122 -0.305463925
vn 0.0175020745 0.952068178 -0.305384777
vn -0.347000922 0 -0.937864788
vn -0.317049025 0.0369082648 -0.947690717
vn 0.0209262276 -0.918002458 -0.396022196
vn 0.0224388865 0.918003174 -0.395937709
vn 0.0155519643 0.999402589 -0.0308642305
vn 0.025710652 -0.875320182 -0.482859754
vn 0.0236934261 0.871941163 -0.489037043
vn -0.432623067 0 0.90157489
vn -0.417252604 0.264187036 0.869543256
vn 0.0356472773 -0.829877191 -0.556806177
vn 0.037340918 0.818893073 -0.57273012
vn 0.0300849027 -0.7702028 -0.637089119
vn 0.0358067357 0.765779104 -0.642106098
vn -0.58306116 0.00750017093 0.812393643
vn 0.0396487362 -0.684977656 -0.727484425
vn 0.0396415507 0.699958698 -0.713082301
vn 0.0431029866 0.627566112 -0.777369222
vn 0.0435894766 -0.589041068 -0.806926625
vn 0.0461591363 0.54928089 -0.834361935
vn -0.537490697 0.264322304 0.800773045
vn 0.0471608086 -0.484080632 -0.873751567
vn 0.0487811297 0.46583904 -0.883523848
vn 0.0909398623 0.970608241 -0.222821868
vn 0.0502910931 -0.378031998 -0.924425559
vn 0.0509436528 0.378031951 -0.924389846
vn 0.0521316953 -0.286671199 -0.956609591
vn 0.0526286331 0.286671595 -0.956582262
vn 0.0534838676 -0.192621953 -0.9798144
vn 0.0469185309 0.185811539 -0.981464581
vn -0.447197945 2.76371099e-09 -0.894435016
vn -0.0871112542 0.961355376 -0.261165601
vn 0.0640743756 -0.106413589 -0.992255321
vn 0.0642760318 0.0871103479 -0.994122919
vn 0.0708565046 -0.000475223058 -0.997486406
vn 0.0383184626 0.000357307732 -0.999265514
vn -0.326740135 0 0.945114218
vn -0.356126522 0.0369083421 0.93370856
vn -0.472759569 0.228878073 -0.850948423
vn -0.0116521114 0.996327243 0.0848307274
vn -0.144302675 0.371958247 0.916964449
vn -0.000776200858 0.999994092 0.00334855097
vn 0.180868685 0.873103619 -0.452743404
vn -0.559435992 0.00291884784 -0.828868416
vn 0.0204672145 0.997978092 0.060173255
vn -0.51554948 0.00908385404 -0.856811658
vn -0.0450933701 0.992000046 0.117908845
vn -0.504843783 0 0.863210724
vn -0.500605885 0.342529943 0.795026406
vn -0.345130006 0.767118076 -0.540754229
vn 0.95941304 0.22322181 -0.172332937
vn 0.46339557 0.881956587 -0.0861227326
vn 0.058274444 0.989563119 0.131791207
vn 0.0314789044 0.998890447 -0.0350278822
vn 0.261713815 0.710345715 -0.653387209
vn 0.121215611 0.948966037 0.291153285
vn 0.432623994 0 -0.901574445
vn 0.421534555 0.224964206 -0.878464413
vn 0.310957532 0.53064913 -0.788490275
vn 0.362402054 0.330777518 -0.871350093
vn -0.569934848 2.43485332e-05 -0.821689886
vn -0.609115065 0.118458117 -0.784185254
vn 0.437255832 0 0.899337166
vn 0.406294131 0.0792218165 0.910301589
vn 0.359065887 0.214847778 -0.908246729
vn -0.626444931 7.68793572e-05 0.779465678
vn -0.549862341 0.471380174 0.689530374
vn 0.35514891 0.114622586 -0.927755848
vn 0.202642063 0.850129747 0.486020172
vn -0.502846547 0.00743161984 0.864343752
vn -0.457588458 0.258713277 0.850693978
vn 0.236041719 0.797804533 0.554790262
vn 0.280646789 0.699052055 0.657695678
vn 0.318941754 0.573459324 0.754599604
vn -0.452194547 0.00558957895 -0.891901815
vn 0.36388255 0.409524305 0.836587912
vn -0.396676615 0.260815093 -0.880126781
vn 0.376353466 0.21015749 0.902325827
vn 0.405647674 0.113870782 0.906908711
vn -0.704576699 0.195855124 -0.682064839
vn -0.687260788 4.2929081e-10 -0.726410771
vn -0.19288387 0.960843003 0.198938525
vn -0.726257731 -8.33776946e-11 0.687422511
vn 0.342171055 0 -0.93963768
vn 0.309796238 0.424593455 -0.85073303
vn -0.414075428 0.00744737044 0.910212105
vn -0.371501278 0.255582613 0.892560546
vn -0.768730854 -2.67665648e-05 -0.639572414
vn -0.777827415 0.204164343 -0.59439165
vn -0.806566762 0 0.591143009
vn -0.740982104 0.30950498 0.595946465
vn 0.347000405 0 0.937864979
vn 0.311919843 0.162211546 0.936158868
vn 0.0337215815 0.997395262 -0.0637616413
vn -0.422472867 0 -0.906375571
vn -0.422730839 0.027950584 -0.905824156
vn -0.846217471 0 -0.532837679
vn -0.859365828 0.0942659644 -0.502597554
vn -0.378534197 0.0075677392 -0.925556368
vn -0.868824395 0 0.49512036
vn -0.804473386 0.329787369 0.494027188
vn 0.121430603 0.964654124 -0.23387396
vn -0.364391656 0.272508565 -0.890481781
vn 0.0322829142 0.997831932 0.0573519723
vn 0.177914288 0.917375046 -0.35604709
vn 0.258214669 0.916432626 0.305739149
vn 0.460351057 0.698617436 0.547732218
vn -0.432623946 0 0.901574468
vn -0.431520141 0.0713886921 0.899274164
vn -0.89436974 0 -0.447328479
vn -0.889949644 0.201244558 -0.409255738
vn -0.906376247 0 0.422471417
vn -0.900712584 0.111616897 0.419831524
vn -0.10793823 0.9643474 -0.241626636
vn 0.266256243 0.819686922 -0.50716956
vn 0.112254522 0.973012917 0.201605518
vn -0.933909331 0 -0.357509946
vn -0.941035048 0.0928051808 -0.325330964
vn -0.943420961 0 0.331597482
vn -0.854663998 0.423448697 0.300400819
vn 0.30888689 0.730000936 -0.60966181
vn -0.0530521866 0.992452601 0.110559035
vn -0.964454093 0 -0.264250455
vn -0.951536463 0.206940116 -0.227495381
vn -0.975139014 0 0.221594006
vn -0.958947162 0.131601524 0.251199881
vn -0.32357842 0.00748671544 0.946171737
vn -0.282991823 0.25513842 0.92456477
vn 0.185638715 0.921615178 0.340828008
vn 0.384341455 0.571848004 -0.72475617
vn -0.992438258 8.70857346e-05 -0.122744844
vn -0.980918617 0.14826677 -0.125760213
vn -0.995681293 -0.000109636483 0.0928372233
vn -0.960504497 0.247609149 0.126967796
vn -0.989465018 0.144665506 -0.00555603088
vn -0.999984235 8.16469941e-09 -0.00561509825
vn 0.38777018 0.487762638 -0.782126522
vn 0.232528709 0 -0.972589533
vn 0.204786512 0.631988959 -0.747430559
vn 0.302007385 0.788268122 0.536120236
vn 0.452218189 0.313481861 -0.835001696
vn 0.451065003 0.18774153 -0.872521335
vn 0.444374859 0.114621575 -0.888477844
vn 0.253403083 0 0.967360779
vn 0.220806098 0.0842469007 0.971672335
vn -0.309119201 0.00405862849 -0.951014641
vn 0.344361728 0.673826677 0.653737417
vn -0.27093931 0.011109918 -0.962532316
vn -0.0551240745 0.997442351 -0.0454982806
vn 0.405540871 0.556932127 0.724819431
vn 0.455349265 0.347509495 0.819691526
vn 0.459216319 0.217877641 0.861190865
vn 0.492082529 0.116808585 0.862676381
vn -0.229280602 0.00746292666 0.973331758
vn -0.214978781 0.25968187 0.941461338
vn 0.0707930313 0.992035211 -0.104184872
vn 0.12608872 0.973936285 -0.188546404
vn 0.0860765105 0.83190624 -0.548199638
vn 0.318081152 0.790605563 -0.523227698
vn 0.998209706 0 -0.0598112274
vn 0.946409866 0.321947691 -0.0256524858
vn 0.999265568 0 0.0383187209
vn 0.964288528 0.255801312 0.0686536515
vn 0.152282954 0 -0.988336938
vn 0.150349047 0.158863407 -0.975785623
vn 0.0120747242 0.999790832 0.0165073653
vn -0.18587554 0.003394956 -0.982567432
vn -0.140644603 0.0181082135 -0.989894534
vn 0.00826790052 0.999842626 -0.0156960176
vn 0.987540502 0 -0.157365044
vn 0.535087992 0.842104547 -0.0673852608
vn 0.990697932 0 0.136079418
vn 0.950342423 0.265471841 0.162400679
vn 0.201418842 0.928315785 -0.312506405
vn 0.15736531 0 0.98754046
vn 0.122395331 0.20102237 0.971910176
vn -0.509278641 0 -0.860601688
vn -0.509307188 0.0543214548 -0.858868655
vn 0.0972724008 0.984712395 0.144497676
vn 0.296898742 0.845586086 -0.443661255
vn 0.967360838 0 -0.253402859
vn 0.952563353 0.213931609 -0.216463219
vn 0.972589239 0 0.232529936
vn 0.946772579 0.190605818 0.259405294
vn -0.532837463 0 0.846217607
vn -0.505039449 0.024680706 0.862743309
vn 0.344418584 0.770168753 -0.536857459
vn -0.103662599 0.977861956 -0.181769252
vn 0.190886886 0.940038317 0.282648474
vn 0.4154766 0.668283074 -0.61707125
vn 0.937864979 0 -0.347000405
vn 0.88459077 0.361426055 -0.294737809
vn -0.147186588 0.00500801332 0.989096066
vn -0.100136536 0.0139428305 0.994876008
vn -0.00299685472 0.999636425 0.0267962135
vn 0.945114261 0 0.326740009
vn 0.917090121 0.188929584 0.351071676
vn 0.458675823 0.544170718 -0.702491792
vn -0.0433443955 0.985262445 -0.165466548
vn -0.217588863 0.371958214 -0.902386931
vn -0.144767154 0.960296086 0.238482491
vn 0.311350407 0.834679412 0.454280973
vn 0.506197205 0.383371729 -0.772522173
vn -0.00203524443 0.999986227 -0.00483773251
vn 0.52730094 0.233830648 -0.816870214
vn 0.542656395 0.115185776 -0.832019395
vn 0.415736998 0.673454637 0.611245941
vn -0.0821054814 0.00628512832 -0.996603827
vn -0.0358207273 0.285552813 -0.957693305
vn 0.899337035 0 -0.437256101
vn 0.902505378 0.152395587 -0.402814632
vn 0.908537153 0 0.417804072
vn 0.878705135 0.186342177 0.439492751
vn 0.0710170571 0 -0.997475101
vn 0.0374430399 0.212486733 -0.976446315
vn 0.489634364 0.498671069 0.715251952
vn 0.526667559 0.30774402 0.792410815
vn 0.0598106392 0 0.998209741
vn 0.0269063872 0.11772562 0.992681583
vn -0.0187105499 0.996757406 0.0782597494
vn -0.233485744 0.371958638 0.898404797
vn 0.557141911 0.186817889 0.809130377
vn 0.572774588 0.115779106 0.811495207
vn 0.0436375188 0.997573394 -0.054250254
vn -0.00295685272 0.99993738 0.0107931719
vn 0.852147676 0 -0.523301385
vn 0.840108389 0.254974933 -0.478754299
vn -0.0202315516 0.00624676936 0.999775806
vn 0.0235994472 0.266778776 0.963468811
vn 0.138278891 0.97567538 -0.17010732
vn 0.863210299 0 0.50484451
vn 0.826849228 0.212725827 0.520641985
vn 0.00161281145 0.999993077 0.00335337885
vn -0.999672423 0.00205237706 0.0255114686
vn -0.999820197 0.0182354618 -0.0052001363
vn -0.997818737 0.00218175473 -0.0659773313
vn -0.99276858 0.0120562324 -0.119436991
vn -0.988179007 0.00335380378 0.153267748
vn -0.99322635 0.00901130645 0.115845647
vn -0.982531617 0.00560562321 -0.186011287
vn -0.032780511 0.99943494 0.00743224525
vn 0.240100429 0.921510079 -0.305239181
vn -0.0308865718 0.998629235 -0.0422571998
vn -0.0496067604 0.997802286 0.0439291071
vn -0.974490562 0.00753828898 0.224301849
vn -0.944004832 0.271235755 -0.187845794
vn 0.0335614619 0.269572052 -0.962395208
vn 0.00272850788 0.00749487587 -0.999968191
vn 0.15196065 0.97151709 0.181830977
vn -0.942279344 0.25475104 0.217282181
vn -0.591180004 0 -0.806539647
vn -0.591325446 0.0279505678 -0.805948499
vn 0.343561863 0.839569995 -0.42081762
vn -0.972271926 0.00269049376 -0.233837685
vn -0.95587092 0.00942912808 -0.293635619
vn -0.947562292 0.00747900074 0.319483594
vn -0.0391862376 0.999177347 -0.0104436007
vn 0.796751614 0 -0.60430693
vn 0.811707537 0.103740299 -0.574777196
vn -0.600199634 0 0.799850235
vn -0.599591729 0.0279505506 0.799817808
vn 0.255696784 0.915030591 0.31199066
vn -0.925419438 0.25736308 0.278142245
vn -0.0270954305 0 -0.999632851
vn -0.0510939497 0.519827259 -0.852742065
vn 0.809570051 0 0.587023281
vn 0.771670898 0.21368219 0.599052541
vn 0.422577777 0.737847746 -0.526316184
vn -0.924369385 0.00524169487 -0.381462664
vn -0.0383187457 0 0.999265567
vn -0.0680051205 0.288111268 0.955179146
vn 0.368189775 0.823011546 0.432537034
vn -0.0889430642 0.988095933 -0.125521145
vn -0.623121846 0.738113194 -0.258665958
vn 0.514388356 0.577872736 -0.633614805
vn -0.921927755 0.00539914108 0.387324236
vn 0.074347677 0.397441448 0.914610692
vn 0.0803341596 0.00764513154 0.996738669
vn 0.428101759 0.745251443 0.511203649
vn -0.903517844 0.264573796 0.337129369
vn 0.569099281 0.4386811 -0.695474587
vn -0.168754782 0.961355399 0.217526139
vn 0.603799113 0.242305776 -0.759417238
vn 0.631392021 0.105269141 -0.768285444
vn 0.488468478 0.64944839 0.582765249
vn -0.905731489 0.00387124674 -0.423834264
vn -0.881150046 0.0106560558 -0.472716664
vn 0.000794686416 0.999999362 -0.000802586471
vn 0.128285856 0.262181361 -0.956453696
vn 0.099654771 0.00741127558 -0.994994472
vn 0.733682743 0 -0.679492187
vn 0.742932988 0.18189935 -0.644176375
vn -0.528470216 0.804241626 -0.271872466
vn -0.861418343 0.0020766954 0.507891844
vn 0.543742696 0.541962196 0.64079705
vn -0.889401409 0.0112340074 0.456988984
vn -0.00379542893 0.999991574 -0.00156429414
vn 0.748133773 0 0.663547932
vn 0.701534049 0.257451444 0.664506382
vn 0.598475761 0.328986454 0.730475651
vn -0.0757996298 0.997094811 -0.00750698987
vn 0.631108801 0.211094915 0.746418527
vn 0.151914598 0.976130139 -0.155215677
vn 0.652070387 0.11341822 0.749626919
vn 0.0015950616 0.999996553 0.00208574354
vn -0.83613782 0.0056474293 -0.548490339
vn -0.779885438 0.2733515 -0.563078734
vn -0.124944659 0 -0.992163712
vn -0.155264211 0.162845341 -0.974358466
vn 0.268775037 0.92323899 -0.274571933
vn -0.814741607 0.00390929125 0.57981103
vn 0.148474148 0.978556799 0.142765603
vn -0.826753924 0.0186213775 0.562255452
vn 0.118063844 0.638792752 0.760266235
vn 0.176788525 0.00777180772 0.984218175
vn -0.136079056 0 0.990697981
vn -0.165928716 0.172167424 0.970992296
vn -0.330461923 0.22322182 0.917042494
vn -0.15281289 0.892617016 0.424126258
vn -0.448676565 0.836005806 0.315885473
vn -0.0111287382 0.999925676 -0.0049793858
vn 0.404903105 0.812824171 -0.418772423
vn 0.663548274 0 -0.748133469
vn 0.685526747 0.0792218149 -0.723724384
vn 0.263865577 0.928220583 0.262262284
vn -0.667388004 0 -0.74471018
vn -0.667077914 0.0543214032 -0.743004873
vn 0.679492524 0 0.733682432
vn 0.626669531 0.291424101 0.722742894
vn -0.79163329 0.00755997361 -0.610949737
vn 0.203309594 0.25634908 -0.944960506
vn 0.198365172 0.00752052414 -0.980099332
vn -5.95923224e-05 -0.999999961 0.000274364147
vn -0.76521363 0.258940349 -0.589404781
vn 0.541474721 0.631453444 -0.555042048
vn -0.675708657 0 0.73716878
vn -0.674041955 0.0543214034 0.736693035
vn -0.757354385 0.00323099762 0.652996092
vn 0.398587928 0.831670087 0.386590909
vn -0.778552646 0.0169871503 0.627349355
vn -0.00702220898 0.999941519 0.0082247963
vn -0.0755329096 0.993335794 -0.0870561884
vn 0.0170036539 0.999731147 -0.0157641691
vn 0.631805755 0.425139721 -0.648134018
vn 0.543919466 0.651575893 0.528772607
vn 0.00279598751 -0.999869547 0.0159082334
vn 0.000766312228 0.99999921 0.000996818357
vn 0.6710099 0.281623712 -0.685881768
vn -0.0356118211 0.99883162 0.032667916
vn 0.694347456 0.123410046 -0.708979246
vn 0.050257543 0.937339097 0.344774705
vn 0.0585970034 -0.918557941 0.390919046
vn 0.69706402 0.0828082581 -0.712211025
vn 0.272137401 0.0113777261 0.962191136
vn 0.236288578 0.00425025034 0.97167363
vn -0.181927812 0.964347386 0.192188426
vn 0.0931045519 0.727584366 0.6796709
vn -0.745698213 0.00328907675 -0.666275737
vn 0.0999491171 -0.661858954 0.742935326
vn -0.714943473 0.00956912864 -0.699116773
vn 0.126332276 0.400000174 0.907766499
vn -0.221594025 0 -0.97513901
vn -0.249826631 0.167418009 -0.953707431
vn 0.155867723 -0.0594166596 0.985989307
vn 0.15682533 0.0248446609 0.98731381
vn 0.0357068453 -0.967069377 0.251995716
vn 0.0306528138 0.968949897 0.245349756
vn 0.0485735432 0.998106067 0.0377477187
vn -0.0639048137 0.997955691 0.000782927912
vn 0.60019979 0 -0.799850119
vn 0.595688191 0.122381182 -0.793837783
vn 0.183783792 0.970999311 -0.152917804
vn 0.640214623 0.431264649 0.635716949
vn -0.232529249 0 0.972589404
vn -0.242268264 0.399310377 0.884226957
vn -0.669487174 0.00400822778 0.742812801
vn 0.604305639 0 0.796752593
vn 0.556480686 0.269692897 0.785872119
vn -0.697836509 0.0110293478 0.716172158
vn 0.00825430648 0.999715231 -0.02239026
vn 0.698765228 0.229764612 0.677447694
vn 0.720520052 0.116890911 0.68351106
vn 0.323584875 0.0158632105 -0.946066164
vn -0.01159043 0.997355703 0.0717444381
vn 0.284566563 0.00621684647 -0.958636126
vn 0.190462699 0.969198454 0.156135573
vn 0.301572632 0.919269528 -0.252977236
vn 0.000323252638 -0.99999688 -0.00247687827
vn 0.375061502 0.871885109 -0.314873349
vn -0.745208992 0.287199652 -0.601813856
vn -0.29958594 0.788069584 -0.537768161
vn -0.648380016 0.00317235536 -0.761310246
vn 0.308504652 0.918039767 0.249053941
vn -0.624482164 0.0147993754 -0.780898844
vn 0.508986223 0.747251823 -0.427256058
vn 0.0517476239 0.998380159 0.0236482801
vn -0.354049239 0.824873787 -0.440718018
vn -0.0106961383 0.999920571 0.00666671259
vn 0.398266338 0.0176643649 0.917099719
vn 0.354178188 0.00319982845 0.935172483
vn -0.611027496 0.00755185827 0.79157335
vn 0.00152838344 0.999994995 -0.00277013307
vn -0.748133782 0 -0.663547921
vn -0.726350578 0.0369082643 -0.686332731
vn 0.456405795 0.805888854 0.377143084
vn -0.588585138 0.272404546 0.761159181
vn 0.518910406 0 -0.854828632
vn 0.514786006 0.125830086 -0.84803429
vn 0.602302238 0.632187014 -0.487413166
vn -0.755537562 0 0.655105329
vn -0.733351067 0.0488160832 0.678095275
vn -0.316106937 0 -0.948723566
vn -0.342228507 0.165290598 -0.924964144
vn -0.0681784174 0.980507975 -0.184271034
vn -0.304990444 0.371958172 -0.876714291
vn 0.00761200328 -0.998624115 -0.0518838585
vn 0.000379924922 0.999991806 -0.00403034107
vn 0.523300534 0 0.852148198
vn 0.207182431 0.908240052 0.363559416
vn 0.39566423 0.257710937 -0.881495825
vn 0.146523136 0.984238454 -0.0990234163
vn 0.392477669 0.00691280404 -0.919735556
vn 0.0814295759 -0.845334349 -0.527995325
vn 0.0930322353 0.810860207 -0.577798173
vn 0.532299949 0.736224157 0.417888447
vn -0.342171133 0 0.939637651
vn -0.321703732 0.340667809 0.883432031
vn 0.638137821 0.528511362 -0.559871291
vn 0.129659507 -0.532195517 -0.836633936
vn -0.0015834527 0.999985256 -0.00519430016
vn 0.117975557 0.556940996 -0.822130461
vn 0.0987880964 0.99301909 0.0644515198
vn 0.152205783 -0.0352861779 -0.987718728
vn 0.166066536 0.0402816076 -0.985291479
vn 0.0401244995 -0.964662683 -0.260414924
vn 0.0375541511 0.968984824 -0.244250072
vn 0.73038534 0.330307552 -0.59785799
vn -0.0808442665 0.99378451 -0.0765281106
vn 0.74526538 0.210959164 -0.63251541
vn 0.64740714 0.562613036 0.514130885
vn -0.581612295 0.00398884382 -0.813456346
vn 0.754624001 0.106674138 -0.647428178
vn -0.563347935 0.0189393431 -0.826002667
vn -0.00348226564 0.999548499 -0.0298441414
vn -0.113972692 0.988219526 0.102139089
vn 0.696402385 0.413222231 0.586746202
vn 0.175093035 0.977451892 0.118026384
vn 0.300556108 0.931646508 -0.204207761
vn -0.0167598248 0.998683592 0.0484787741
vn -0.320420672 0.371957528 0.871193543
vn -0.546674783 0.00580453528 0.8373249
vn 0.442750007 0.264100042 0.856868484
vn -0.562215443 0.261203734 0.784656871
vn 0.760477266 0.23463104 0.605493685
vn 0.454153694 0.00616333856 0.890902035
vn 0.784339031 0.113421478 0.609875277
vn 0.811250827 0.566248964 -0.145719615
vn 0.444866992 0.891575635 -0.0847717307
vn -0.000438416874 0.999986637 0.0051511455
vn 0.30305169 0.933179308 0.193225392
vn 0.471594984 0.820456913 -0.323185124
vn 0.0136891098 0.999648722 -0.0226945209
vn 0.0779053199 0.996082581 -0.0418360326
vn 0.417804318 0 -0.908537039
vn 0.438196406 0.201022385 -0.876112955
vn 0.500695761 0.0138673101 -0.865512249
vn 0.460570495 0.00517468098 -0.887608045
vn 0.443988524 0.845454106 0.296785353
vn 0.437257406 0 0.8993364
vn 0.374988882 0.391813143 0.840158199
vn -0.407576636 0 -0.913171006
vn -0.38456597 0.475906048 -0.790962988
vn 0.080038567 0.995911751 0.041876146
vn -0.432623709 0 0.901574582
vn -0.396077902 0.402260653 0.825414237
vn -0.491080548 0.00184564497 -0.871112214
vn -0.497972598 0.0123788233 -0.867104409
vn 0.613408195 0.674542868 -0.410758209
vn -0.0196199792 0.998031325 -0.0595695501
vn 0.182943355 0.977729374 -0.102844546
vn -0.799850235 0 -0.600199634
vn -0.799817808 0.0279505506 -0.599591729
vn 0.534215111 0.772506656 0.343289501
vn -0.393885121 0.916432661 0.0707508973
vn -0.718235544 0.68305255 0.132577965
vn -0.0219504883 0.998734958 0.0452400205
vn -0.806539446 0 0.591180279
vn -0.806399464 0.0186302733 0.591077674
vn -0.439327016 0.00294725015 0.898322374
vn -0.485727169 0.0124480114 0.874021833
vn 0.397025909 0.671174704 0.626015131
vn 0.521286616 0.00442427818 0.853370195
vn 0.530673347 0.00301522022 0.847571063
vn -0.0553169218 0.998376473 0.0135814887
vn 0.707399398 0.510524558 -0.488825907
vn 0.617916384 0.666713687 0.416739969
vn 0.213395626 0.970590355 0.111430108
vn 0.793617297 0.302452069 -0.52791508
vn 0.699145457 0.5607059 0.443626559
vn 0.809248012 0.186283851 -0.557149874
vn 0.326960814 0.928643723 -0.175263977
vn 0.810729644 0.114617809 -0.574090761
vn 0.584237238 0.262453176 -0.767974726
vn 0.0510744723 0.998452319 -0.0220082954
vn 0.568312382 0.00615170733 -0.822789884
vn 0.766720186 0.392350529 0.508135041
vn -0.02366453 0.999551373 -0.0183587252
vn 0.343033403 0.923577131 0.171269864
vn 0.00014875069 0.999999986 -7.49596995e-05
vn 0.140377373 0.988265938 -0.0602048889
vn 0.815590221 0.219643556 0.535321679
vn 0.32674011 0 -0.945114226
vn 0.355024354 0.117725621 -0.927414894
vn 0.503658324 0.815607461 -0.284803022
vn -0.155546738 0.981226885 0.114013213
vn 0.841306966 0.112174325 0.528790611
vn -0.395674436 0.00107776799 -0.918390211
vn -0.383532374 0.0106804427 -0.923465671
vn -0.495119144 0 -0.868825088
vn -0.515171363 0.175579208 -0.83891025
vn 0.347001546 0 0.937864557
vn 0.289537252 0.401298884 0.868980659
vn -0.0319564955 0.998603854 -0.0420609603
vn 0.0179209931 0.999600699 0.0218467301
vn -0.504844227 0 0.863210465
vn -0.436738759 0.572868567 0.693599929
vn 0.520463231 0.812985561 0.261098647
vn 0.624526093 0.0158573605 0.780842944
vn 0.61988553 0.00376106676 0.784683238
vn -0.36487306 0.00294075806 0.931052631
vn 0.0151312347 -0.993005765 0.11709226
vn 0.0183557972 0.993005515 0.116632382
vn -0.389565905 0.0198805385 0.920783997
vn 0.235303677 0.967431642 0.0933177201
vn 0.664091985 0.659399487 -0.35238353
vn 0.284014145 0.951639225 -0.117127076
vn -0.00247281889 0.999578555 0.0289240118
vn 0.0270303278 -0.979222633 0.200978598
vn 0.0270300999 0.979223153 0.200976095
vn 0.032049009 0.999439447 -0.00967746497
vn 0.611924661 0.274223929 -0.741855408
vn 0.0447102042 -0.95415894 0.295942079
vn 0.0397947934 0.954156789 0.296649955
vn 0.624638797 0.707542689 0.330468933
vn 0.586631586 0.41640435 0.69460118
vn 0.47306207 0.679243461 0.561106584
vn -0.846217607 0 -0.532837463
vn -0.862628262 0.0369076034 -0.50449015
vn 0.637436647 0.00752260943 -0.770466048
vn 0.0567358942 -0.918002592 0.392494943
vn 0.0552356541 0.918003795 0.392706068
vn -0.0186341315 0.999811599 -0.00543460631
vn 0.726671646 0.553021324 -0.40757298
vn 0.0689846515 -0.875320334 0.478597358
vn 0.0675421555 0.875322994 0.478798198
vn -0.85214772 0 0.523301312
vn -0.867628082 0.036908266 0.495842003
vn 0.0805858199 -0.824418614 0.560214132
vn 0.0792176761 0.824417497 0.560410876
vn 0.727259856 0.568274893 0.384911352
vn 0.829179646 0.334887792 -0.447561483
vn 0.421224278 0.888715955 -0.180980826
vn 0.112462265 0.993112724 0.0328535593
vn 0.0873444775 -0.761293747 0.642497294
vn 0.0901500626 0.765778731 0.636754192
vn 0.860848554 0.193692113 -0.470556195
vn 0.225792386 0.971746279 -0.0687529457
vn 0.0582731228 0.998299132 0.00175667877
vn 0.104579501 -0.67174462 0.733363685
vn 0.100235953 0.699957501 0.707115443
vn 0.862941429 0.112170366 -0.492696558
vn 0.783246923 0.485640611 0.388171939
vn 0.470659131 0.863133507 0.182976861
vn -0.301781681 0.00418188384 -0.953367888
vn 0.10938235 0.627567335 0.770840283
vn -0.262929057 0.0195457152 -0.964617165
vn 0.71660705 0.0123612504 0.697367575
vn 0.119650112 -0.580321223 0.805550203
vn 0.678054677 0.00286611014 0.735005878
vn -0.591179403 0 -0.806540088
vn -0.570912521 0.259593861 -0.778890186
vn 0.124106618 0.543464615 0.830207059
vn 0.026213464 0.999502218 -0.0175547774
vn 0.835313214 0.30937867 0.45446306
vn 0.124481404 -0.479661155 0.868579045
vn 0.116706666 0.457231124 0.881657106
vn 0.248422753 0 -0.96865171
vn 0.242328218 0.220145345 -0.944887857
vn 0.0838516573 0.996382747 0.0137956882
vn 0.566424816 0.790132919 -0.234206957
vn 0.00883524569 0.999960958 0.000146181489
vn 0.872964451 0.186245152 0.450827917
vn 0.12135651 -0.386984833 0.91406528
vn 0.138980534 0.386988031 0.911550698
vn 0.276897874 0.957492858 0.0808393117
vn -0.600200023 0 0.799849943
vn -0.125269696 0.977976881 0.166939279
vn -0.089648489 0.994374779 -0.0564087607
vn 0.135249338 -0.286660167 0.948437433
vn 0.128200133 0.293290105 0.947388854
vn 0.888354235 0.113973594 0.444788459
vn 0.0193296735 0.997245004 -0.0716154042
vn 0.148420627 -0.18309881 0.97182619
vn 0.145456986 0.185812837 0.971759155
vn 0.130736132 -0.106409995 0.985690102
vn 0.130902749 0.087108641 0.987560912
vn 0.141174209 -0.00035732626 0.989984704
vn 0.14135268 0.000534019225 0.989959158
vn 0.253401949 0 0.967361077
vn 0.14602562 0.752155656 0.642602823
vn -0.256865518 0.00140568916 0.966446134
vn -0.29895775 0.00937532359 0.954220293
vn 0.660044612 0.696390142 -0.281747902
vn 0.71706628 0.00899070003 -0.696946997
vn 0.690447439 0.00338017092 -0.723374667
vn -0.0131414887 0.997884405 0.0636711441
vn -0.100119141 0.993335799 0.0570977126
vn 0.752139461 0.577979068 -0.316585578
vn 0.0102858131 0.999946667 -0.0009304205
vn 0.461842469 0.87492849 -0.145607935
vn 0.681659333 0.678623338 0.273515846
vn 0.245425023 0.968261414 0.0472905076
vn 0.241109157 0.969216437 -0.0498585315
vn 0.0623385351 0.998047126 0.00398015889
vn 0.150738928 0.988571385 -0.00209586012
vn 0.733233399 0.368739879 0.571313998
vn 0.413558277 0.902444379 0.120680137
vn -0.901574468 0 -0.432623946
vn -0.90063538 0.0543215012 -0.431167121
vn 0.770074306 0.00628238379 0.637923267
vn 0.831907493 0.425028025 -0.356764771
vn -0.906375758 0 0.422472468
vn -0.904063207 0.0713886193 0.421394569
vn 0.0082622939 0.999924342 -0.0091128372
vn 0.783567274 0.538190692 0.31044018
vn 0.0179910684 -0.993043341 -0.116366856
vn 0.0162833934 0.993059493 -0.116480445
vn 0.896462179 0.222714578 -0.383084557
vn 0.794109779 0.0154725969 -0.607577367
vn -0.222644306 0.00559878744 -0.974883668
vn 0.777408148 0.00201067443 -0.628993266
vn 0.907645683 0.115775568 -0.403454251
vn -0.667388799 0 -0.744709467
vn -0.661843368 0.128643892 -0.738521567
vn -0.120047181 0.852413556 -0.508900584
vn 0.878410967 0.322558122 0.352633564
vn 0.0322263121 -0.975703999 -0.21670988
vn 0.0299167178 0.980512658 -0.194164667
vn -0.675709032 0 0.737168437
vn -0.539601419 0.60190105 0.588681098
vn 0.405211865 0.909786371 -0.0899561198
vn 0.908524337 0.185400531 0.374446488
vn 0.0489137981 -0.947009602 -0.31745906
vn 0.0442276591 0.956895498 -0.287045155
vn 0.285024819 0.957884042 -0.034914394
vn 0.68023052 0.702357414 -0.209715291
vn 0.274306715 0.961632015 -0.00443784256
vn 0.928050243 0.113309774 0.354800848
vn 0.324014876 0.945604726 0.0290871548
vn 0.441405605 0.892602584 0.0917699238
vn 0.612903778 0.768901445 0.182042652
vn 0.0993360492 0.768044233 -0.63264556
vn 0.317365647 0.78651971 -0.529779002
vn 0.062639388 -0.911482824 -0.406540734
vn 0.0581203485 0.924301727 -0.377211271
vn -0.14454693 0.00388542464 0.989490318
vn -0.172983874 0.0135746844 0.984831106
vn 0.152282003 0 -0.988337084
vn 0.147302676 0.253627618 -0.956020373
vn 0.803850711 0.203210913 0.559043254
vn 0.0268663753 0.999127707 0.0319690807
vn 0.0757770461 -0.867400957 -0.491806282
vn 0.071467066 0.883034846 -0.463833935
vn 0.82095941 0.00714115188 0.570941899
vn -0.124382495 0.990285303 -0.0621611976
vn 0.157363463 0 0.987540754
vn 0.11941694 0.294181699 0.948259839
vn 0.045922576 0.998813519 0.0162071427
vn 0.0882036647 -0.815176661 -0.572457094
vn 0.0841451914 0.833472267 -0.546116806
vn 0.416948927 0.908204806 -0.0362990775
vn -0.070721398 0.996951279 0.0329640988
vn 0.811959665 0.523128654 -0.258955426
vn 0.600310559 0.787936789 -0.137050538
vn 0.587325084 0.710127119 -0.388289479
vn 0.0998020357 -0.755302519 -0.647732706
vn 0.0960332999 0.776085211 -0.623273094
vn 0.79546767 0.563080212 0.223990762
vn 0.861276195 0.00649977894 -0.508095531
vn 0.829881803 0.00154512342 -0.557937098
vn 0.108117413 -0.681100931 -0.724163066
vn 0.107018564 0.711421995 -0.694568767
vn 0.606245014 0.787307329 0.11231275
vn -0.945114235 0 -0.326740084
vn -0.93370857 0.036908345 -0.356126495
vn 0.905504243 0.322444743 -0.275846795
vn 0.516379913 0.855079894 0.046799141
vn 0.126865231 -0.619990317 -0.774284974
vn 0.116999734 0.640078874 -0.759348469
vn 0.553814117 0.829817597 -0.068503135
vn 0.471804409 0.881671802 -0.00744535678
vn -0.943420825 0 0.331597869
vn -0.943206916 0.0279505814 0.331027911
vn 0.124816641 -0.539909181 -0.832417493
vn 0.1258828 0.562728921 -0.817000417
vn 0.874557097 0.41105189 0.25726684
vn 0.929548259 0.217389544 -0.297794931
vn 0.135877871 -0.451487003 -0.88187113
vn 0.133584806 0.480090045 -0.866988263
vn 0.942102452 0.115775165 -0.314704753
vn 0.78815807 0.396529134 0.470713822
vn 0.73899897 0.656602868 -0.150841624
vn -0.726007132 0 -0.68768717
vn -0.620182074 0.559290067 -0.550062557
vn 0.132347705 -0.36903389 -0.919944603
vn 0.140032216 0.392953717 -0.908833513
vn 0.152724207 -0.280015176 -0.947769391
vn 0.145165613 0.302126362 -0.942149992
vn -0.0812369364 0.982589881 -0.167085866
vn -0.389454817 0.371958958 -0.842598053
vn 0.870707662 0.00707349239 0.491750072
vn 0.140076631 -0.18309435 -0.973064744
vn 0.14893673 0.208456902 -0.966624834
vn 0.151484439 -0.0967652941 -0.983711819
vn 0.151309629 0.11284119 -0.982024573
vn 0.932536103 0.220715557 0.285763994
vn 0.168444195 -0.000357318302 -0.985711127
vn 0.136238344 0.000475248287 -0.990675975
vn -0.733682905 0 0.679492013
vn -0.530756828 0.711694397 0.4602046
vn 0.764380291 0.628686995 0.14309239
vn 0.670861829 0.738329123 -0.0693866884
vn 0.958099398 0.114619754 0.262503058
vn -0.112042209 0.000971336703 -0.993702974
vn -0.12800951 0.00887309836 -0.991733247
vn 0.878539011 0.27020857 -0.393899144
vn -0.0395691915 0.998862209 -0.0266189117
vn 0.633590382 0.773668381 -0.000682001614
vn 0.676026825 0.734487068 0.0592999015
vn 0.894967152 0.00553001812 -0.446097764
vn -0.00221406541 0.999985491 -0.00491078149
vn 0.824291459 0.538990947 -0.17329844
vn 0.0190736351 0.999803633 0.00537506981
vn 0.91787465 0.348831421 -0.189269033
vn -0.0673356309 0.00741139884 0.997702854
vn 0.800275899 0.592516014 -0.0921046046
vn -0.0665606333 0.262225099 0.962708512
vn 0.909507263 0.0159203657 0.415383053
vn 0.88907215 0.429444434 0.158518737
vn -0.176791597 0.981923246 -0.0676126455
vn 0.817711075 0.570854756 0.0739827402
vn -0.972589239 0 -0.232529936
vn -0.964118947 0.0369082837 -0.26289244
vn 0.781248686 0.624019923 -0.0157995565
vn 0.926015101 0.00626131959 0.377434535
vn 0.957386676 0.205827336 -0.202597779
vn -0.967360851 0 0.253402809
vn -0.9747525 0.0246806942 0.221919865
vn 0.968711176 0.114621535 -0.220137597
vn -0.0280931672 0.999551373 0.0103839367
vn 0.892929591 0.258987279 -0.368242222
vn -0.0716354707 0.986195738 0.14928605
vn -0.380176376 0.447729125 0.809323516
vn 0.952399961 0.235090084 0.194079794
vn 0.0546748936 0 -0.998504209
vn 0.0519716668 0.31054656 -0.949136334
vn 0.924007185 0.00739777048 -0.382303539
vn 0.979215489 0.114621621 0.167328749
vn 0.889188758 0.448915687 -0.0884197869
vn -0.789915148 0 -0.61321616
vn -0.78641993 0.237428731 -0.570237926
vn 0.0598125586 0 0.998209626
vn 0.0258625586 0.298363507 0.954101853
vn 0.734567097 0.635824225 0.236936143
vn 0.920349215 0.384211129 0.0730693597
vn -0.00241024887 0.999993529 0.00267066748
vn 0.866037167 0.499978467 -0.00107627869
vn 0.0342830586 0.999312571 -0.0141087596
vn -0.8065395 0 0.591180205
vn -0.439361637 0.838599105 0.322044862
vn 0.951341456 0.00760143428 0.308044888
vn 0.954821704 0.276945738 -0.107780203
vn 0.0209538213 0.999776435 0.00283159941
vn 0.987488858 0.126175029 -0.094581269
vn 0.986776431 0.0964327253 -0.130280483
vn 0.967294667 0.232416632 0.10160481
vn 0.947258115 0.319773653 -0.0211394044
vn 0.967100076 0.0108695676 -0.254163915
vn -0.988337014 0 -0.152282456
vn -0.98816548 0.0186302438 -0.152256026
vn 0.950479033 0.00325686187 -0.310771623
vn 0.990901428 0.114621192 0.0705431997
vn -0.987540502 0 0.157365041
vn -0.990880456 0.0488160615 0.125590262
vn 0.980488722 0.196510282 0.00505713032
vn 0.976313953 0.0199961243 0.215432634
vn 0.994056265 0.106674755 -0.0217402788
vn 0.92315366 0.365104685 -0.120357343
vn 0.976722258 0.00669965128 0.214403229
vn -0.0247230204 0.00193645533 -0.999692464
vn 0.00283637202 0.0174470834 -0.999843765
vn 0.00100974327 0.999539746 -0.0303195792
vn -0.239875185 0.968582082 -0.0656402814
vn 0.987246302 0.00607389338 -0.159084403
vn 0.972494383 0.21014272 0.100472447
vn -0.998504209 0 -0.0546749019
vn -0.995956612 0.0713884881 -0.0545354097
vn -0.998209703 0 0.059811283
vn -0.999317327 0.0246806315 0.0274908273
vn 0.977293454 0.19688214 -0.0783257765
vn -0.131428735 0.99080454 0.0321380138
vn 0.928069285 0.372015553 0.0170830455
vn 0.993161169 0.00722825775 0.116527446
vn 0.996810693 0.00730380536 -0.0794675786
vn 0.999802953 0.0074644573 0.0183939509
vn -0.846217146 0 -0.532838194
vn -0.839600853 0.232278 -0.491037004
vn -0.0206132345 0.279824805 0.959829762
vn 0.0231966579 0.00687538239 0.999707279
vn -0.860601965 0 0.509278174
vn -0.678103336 0.615751098 0.401281013
vn -0.328248284 0.943236506 -0.0505762583
vn -0.0975904353 0.995129356 0.0139166283
vn -0.0270947737 0 -0.999632869
vn -0.0581388182 0.234777889 -0.970308828
vn -0.185110238 0.982665487 -0.0101360767
vn -0.038318123 0 0.999265591
vn -0.0550366325 0.631989247 0.773020414
vn -0.233679006 0.972260661 0.0101650663
vn -0.901574491 0 -0.432623899
vn -0.524973025 0.812984954 -0.251910274
vn -0.899336787 0 0.437256612
vn -0.627519105 0.726480815 0.280081057
vn 0.0423151513 0.997491135 -0.0567526493
vn 0.114410886 0.0119870132 -0.993361194
vn 0.0993372809 0.00311843524 -0.995048933
vn -0.0282183077 0.998815407 0.0396422787
vn 0.0709800725 0.0195175928 0.997286766
vn 0.110079304 0.00413388699 0.993914211
vn -0.945114399 0 -0.326739609
vn -0.88123019 0.331107919 -0.337343886
vn -0.943420534 0 0.331598697
vn -0.08645236 0.995792466 0.0303867563
vn -0.96865171 0 -0.248422753
vn -0.938369932 0.248085196 -0.240656615
vn -0.971380321 0 0.237529517
vn -0.885493355 0.411117071 0.216527764
vn -0.124945536 0 -0.992163602
vn -0.135784848 0.505430858 -0.852116261
vn -0.988337061 0 -0.15228215
vn -0.45236647 0.889104298 -0.0697002482
vn -0.989984859 0 0.141173576
vn -0.354752865 0.933590499 0.0505883803
vn -0.136080285 0 0.990697813
vn -0.16469773 0.209742371 0.963785659
vn 0.190485741 0.259254662 -0.946838002
vn 0.196454554 0.007531705 -0.980484004
vn -0.999265568 0 -0.0383187209
vn -0.899791634 0.431591371 -0.0640617196
vn -0.999055233 0 0.0434585047
vn -0.944652247 0.325489754 0.0410919965
vn -0.0753635397 0.874041283 0.479971011
vn -0.318705601 0.788085345 0.526638613
vn 0.999055231 0 -0.0434585469
vn 0.98949469 0.138012999 -0.0430426668
vn 0.998504209 0 0.0546748936
vn 0.990362524 0.127441273 0.054229081
vn 0.987540456 0 -0.157365335
vn 0.966577643 0.225634593 -0.121723831
vn 0.990697981 0 0.136079056
vn 0.982743991 0.0775333033 0.167936995
vn 0.0155835928 0.999763918 0.0151413409
vn 0.199688969 0.010301486 0.979805182
vn 0.249498218 0.00318829187 0.968370009
vn 0.967360779 0 -0.253403083
vn 0.966333225 0.134086136 -0.219592821
vn 0.972589382 0 0.232529341
vn 0.950608677 0.168836551 0.260456067
vn 0.937864979 0 -0.347000405
vn 0.897554526 0.323976314 -0.299057218
vn 0.939637687 0 0.342171035
vn 0.930645745 0.13801301 0.338896601
vn 0.271096546 0.19628638 -0.942326016
vn 0.276752378 0.00740267354 -0.960912754
vn -0.221593408 0 -0.97513915
vn -0.207700949 0.5728686 -0.792894623
vn -0.24842184 0 0.968651944
vn -0.236172596 0.310137356 0.920889421
vn 0.899337166 0 -0.437255832
vn 0.896026606 0.192868047 -0.39992279
vn 0.00141808321 -0.999993254 0.00338849009
vn 0.277314329 0.276620223 0.920096742
vn 0.901574479 0 0.432623923
vn 0.888269393 0.171164938 0.426239427
vn 0.295119646 0.0053069758 0.955445566
vn -0.0793658724 0.988432133 -0.129239997
vn -0.470168593 0.371958278 -0.800367749
vn -0.37968771 0.808532447 -0.449569265
vn -0.472895535 0.681467811 -0.558544032
vn 0.860601839 0 -0.509278387
vn 0.808702334 0.342016513 -0.478565815
vn 0.854828567 0 0.518910514
vn 0.837743336 0.198932144 0.508539187
vn -0.00204446141 0.999985492 -0.00498357873
vn 0.355265526 0.257027867 -0.898734155
vn 0.354719742 0.00745304077 -0.93494297
vn -0.63013998 0.77529483 -0.0429130796
vn -0.616062694 0.787151648 0.029309386
vn -0.714782331 0.690679479 0.10976373
vn -0.704976772 0.700554402 -0.110595121
vn -0.0319764405 0.999411764 -0.0123948935
vn -0.0251784336 0.999600394 0.0128490653
vn 0.000889653636 0.999992988 0.00363757193
vn 0.0138201542 -0.998311943 0.0564115941
vn -0.0421029983 0.998168346 0.0434429491
vn -0.0238753826 0.998796563 -0.0428414681
vn 0.0149405108 0.999311576 0.0339581312
vn -0.316106353 0 -0.94872376
vn -0.105806124 0.952379112 -0.285970439
vn -0.0596518355 0.993370593 0.0982676137
vn -0.487717022 0.316785096 0.813498193
vn 0.380699471 0.0106074527 0.924637981
vn 0.433857718 0.00319067789 0.900975749
vn 0.122594027 0.856452532 0.501457641
vn 0.154169034 -0.784591369 0.600540001
vn -0.34217129 0 0.939637594
vn -0.311278771 0.415230544 0.854803558
vn -0.045024281 0.99898187 -0.00283511099
vn -0.0479612552 0.998849192 -9.93714783e-05
vn 0.192208176 0.587548798 0.786029533
vn 0.194940488 -0.507310005 0.839425259
vn 0.214153847 0.306380488 0.927506941
vn 0.252653068 -0.0275226907 0.967165409
vn 0.253835639 0.0191485907 0.967057806
vn 0.0746626027 -0.944141214 0.320971749
vn 0.0545537669 0.968949887 0.241163849
vn -0.00107826804 0.999984612 0.00544184295
vn 0.80653933 0 -0.591180437
vn 0.750050959 0.367655558 -0.549775363
vn 0.000137682682 -0.999999011 -0.001399657
vn 0.789915514 0 0.613215689
vn 0.765906201 0.323976232 0.555362127
vn -0.725747637 0.636312572 -0.261527585
vn -0.472567707 0.865088691 0.168229959
vn -0.56824287 0.796975142 -0.204769782
vn -0.0125634036 0.999910828 -0.00452730141
vn -0.0188977919 0.999793744 0.00743928515
vn 0.0101836898 0.999746088 -0.0201010643
vn 0.458728519 0.0199959548 -0.888351455
vn 0.458858179 0.0066237868 -0.888484832
vn 0.00362472665 0.999060851 0.043177287
vn -0.0376438995 0.998769138 -0.0322977711
vn 0.459988938 0.26008293 0.848980004
vn 0.485478025 0.0062747577 0.874226352
vn 0.744710168 0 -0.667388018
vn 0.672451834 0.429701073 -0.602632159
vn 0.737168631 0 0.675708819
vn 0.729284604 0.145861719 0.668482105
vn -0.407575526 0 -0.913171501
vn -0.308441418 0.708808079 -0.634393411
vn -0.632721507 0.674696855 -0.38006269
vn 0.00108732639 0.999998459 -0.00137804041
vn 0.00667757647 -0.999709979 -0.0231380079
vn -0.432625481 0 0.901573732
vn -0.419943794 0.24034841 0.875145617
vn -0.0139788025 0.999862762 0.00889101907
vn 0.109368777 -0.901522358 -0.418683542
vn -0.0300499128 0.999388518 -0.0178771588
vn 0.097869802 0.919767483 -0.380064836
vn 0.191626514 0.679140267 -0.708553299
vn 0.181498433 -0.663455943 -0.725868122
vn -0.959413062 0.223221838 0.172332781
vn -0.449561114 0.88956931 0.0810015301
vn 0.216006376 0.427467444 -0.877845561
vn 0.2473344 -0.114555992 -0.962134408
vn 0.262993974 0.0223889624 -0.964537663
vn 0.0615541262 -0.96858543 -0.240942636
vn 0.0613618372 0.96894106 -0.239557818
vn 0.501803567 0.262829356 -0.824083679
vn 0.540403929 0.00575719005 -0.841386028
vn 0.0164470077 0.999611556 0.0224996317
vn 0.554080473 0.0139427127 0.832346341
vn -0.0147920544 0.999851383 0.00885480055
vn 0.592677828 0.00511852936 0.805423362
vn 0.675709032 0 -0.737168437
vn 0.158800897 0.971992052 -0.173244701
vn -0.0163248088 0.99891019 -0.0437256633
vn 0.667388226 0 0.744709981
vn 0.539571765 0.588520087 0.602085059
vn -0.509278534 0 -0.860601752
vn -0.279926083 0.835393574 -0.473031673
vn -0.51891019 0 0.854828763
vn -0.514751012 0.126357397 0.847977125
vn 0.0201712854 0.999551172 -0.0221488983
vn 0.609594981 0.0124441272 -0.792615356
vn 0.650834785 0.00395633169 -0.759209082
vn -0.0166774088 0.999851222 0.00440428093
vn -0.0144966489 0.999840421 -0.0104393564
vn 0.64657139 0.196442889 0.737126603
vn 0.645213272 0.00761890676 0.763964518
vn 0.587022239 0 -0.809570806
vn 0.433058025 0.708003684 -0.557845436
vn 0.591179967 0 0.806539674
vn 0.579957797 0.193920051 0.791229403
vn 0.686039743 0.218602061 -0.693947123
vn -0.480185919 0.704370165 0.522765869
vn -0.591180205 0 -0.8065395
vn -0.468474738 0.609950099 -0.639134021
vn 0.697046157 0.00717962169 -0.716990312
vn -0.0114365507 0.999847904 -0.0131671337
vn -0.0437493108 0.999040126 0.0021965779
vn -0.587021389 0 0.809571423
vn -0.604779463 0.165290939 0.779051158
vn 0.686149103 0.258303805 0.680057756
vn 0.704935234 0.00747269358 0.709232314
vn 0.0142601012 0.999822609 -0.0123045101
vn 0.504844469 0 -0.863210323
vn 0.375551211 0.709391444 -0.596426917
vn 0.764295845 0.0199960876 -0.644555674
vn 0.764205362 0.00643480274 -0.644940894
vn 0.523301154 0 0.852147817
vn 0.418081924 0.535703721 0.73364094
vn 0.0210286385 0.999651325 0.0159695255
vn -0.437204184 0.690454307 0.576303177
vn -0.0662559549 0.993971402 -0.0873556001
vn -0.556265262 0.294069578 -0.777233583
vn -0.0399435219 0.99909773 -0.0144305898
vn -0.0273748877 0.999436133 0.0194430176
vn 0.792105939 0.0140992915 0.610220773
vn 0.762771089 0.00509598262 0.646648511
vn -0.655105582 0 -0.755537343
vn -0.470533919 0.721438075 -0.508059971
vn -0.675709032 0 0.737168437
vn -0.524612597 0.630254856 0.572328961
vn -0.00863001695 0.999893444 -0.0117738249
vn 0.782446985 0.281683439 -0.555365786
vn -0.154907632 0.966119967 0.206436031
vn -0.530763134 0.447727997 0.719604153
vn 0.830167601 0.00692341933 -0.557470914
vn 0.831125193 0.264443297 0.489183664
vn 0.393885114 0.916432666 -0.0707508765
vn 0.705800058 0.697622406 -0.123163535
vn 0.837982966 0.00629976529 0.545660025
vn -0.438920202 0.483244089 0.757511853
vn -0.00642471547 0.999945262 0.00825811029
vn -0.356681593 0.726646639 0.587165142
vn -0.378211427 0.674696829 -0.63382987
vn -0.00990006872 0.999341206 -0.0349162298
vn 0.417804339 0 -0.908537029
vn 0.313795086 0.712681965 -0.627389083
vn 0.0172672128 0.999139025 0.0377233733
vn -0.0189160265 0.999327544 -0.0314108794
vn 0.4224728 0 0.906375603
vn 0.0992868739 0.971992071 0.213010637
vn -0.737168437 0 -0.675709032
vn -0.393172379 0.845891588 -0.360392705
vn 0.852651151 0.0198537897 -0.522103287
vn 0.871258771 0.00413025383 -0.490806575
vn -0.744710384 0 0.667387776
vn -0.738134422 0.132598952 0.66149459
vn 0.84825018 0.281336318 0.448688654
vn 0.881251615 0.00761443696 0.472586088
vn 0.0659968709 0.997605468 0.0206819407
vn 0.0179338699 0.999815716 0.00684907492
vn 0.74543638 0.586655982 -0.316479639
vn 0.935498689 0.00248835568 -0.353321399
vn 0.913710813 0.00320317582 -0.406352422
vn 0.935129146 0.0143485551 0.354016384
vn 0.917245479 0.00521222993 0.398288292
vn 0.0136463034 0.998464313 0.0536916556
vn -0.799850294 0 -0.600199556
vn -0.144779728 0.983481526 -0.108641241
vn -0.0307133223 0.998852241 -0.0367544782
vn 0.917049757 0.258314695 -0.30379806
vn -0.796751301 0 0.604307342
vn -0.803316919 0.176373135 0.568836045
vn 0.923744717 0.286299506 0.254417551
vn 0.950243917 0.00534264232 -0.311460999
vn 0.960569946 0.00649800131 0.277962505
vn 0.34217129 0 -0.939637594
vn 0.270843572 0.611112404 -0.743764338
vn 0.035736661 0.997866084 -0.0546458518
vn 0.0132102798 0.99871559 0.0489148055
vn 0.0239263765 0.999162786 0.0331851759
vn 0.0368907391 0.998588406 -0.0382134688
vn 0.331598047 0 0.943420762
vn 0.265022898 0.601026137 0.75400958
vn 0.976933104 0.00959255903 -0.213330008
vn 0.977935696 0.00122027332 -0.208902574
vn 0.985086692 0.011791554 0.171654211
vn 0.975943071 0.00421458069 0.21798477
vn 0.996644373 0.0253795137 -0.0778194945
vn 0.0278846315 -0.993085404 0.114034329
vn 0.0295312608 0.993059495 0.113845262
vn 0.998584661 0.0196392488 0.0494264482
vn 0.964770558 0.261544218 -0.0285024806
vn 0.995506011 0.00502592712 -0.0945649048
vn 0.996300223 0.00486667562 0.085803158
vn 0.999975008 0.00678258405 -0.00199522498
vn 0.0504382324 -0.977194798 0.206267573
vn 0.0504382395 0.977194791 0.206267602
vn -0.846217883 0 -0.532837025
vn -0.739790832 0.515278906 -0.432662886
vn -0.860601965 0 0.509278174
vn -0.833022722 0.251129323 0.492957613
vn 0.745209098 0.287199631 0.601813736
vn 0.300996894 0.790417629 0.533517424
vn 0.0726387027 -0.952092904 0.297056765
vn 0.0762968787 0.947008071 0.312016827
vn -0.0060214258 0.999853507 0.0160221067
vn -0.198152365 0.805617596 -0.558315259
vn 0.0957099053 -0.920717239 0.378311221
vn 0.0977041668 0.911484582 0.39956195
vn -0.00801148935 0.999732137 -0.0217133728
vn 0.108631148 -0.879977337 0.462427464
vn 0.111821441 0.870598062 0.479118963
vn -0.894370111 0 -0.447327738
vn -0.45336765 0.866597161 -0.208487732
vn 0.13722738 -0.828305236 0.54321182
vn 0.139362286 0.820462022 0.554454889
vn -0.906376009 0 0.422471928
vn -0.808711923 0.451546249 0.376949613
vn 0.248422753 0 -0.96865171
vn 0.133700217 0.842819491 -0.52132481
vn 0.153383041 -0.765782271 0.624540756
vn 0.14799443 0.759509934 0.633436903
vn 0.253403011 0 0.967360798
vn 0.156182176 0.709391486 0.687292403
vn 0.161537482 -0.706855891 0.68866566
vn 0.175406597 0.694977335 0.697308418
vn 0.186056223 -0.629363028 0.754509948
vn 0.187314418 0.614914872 0.766024157
vn -0.939637594 0 -0.34217129
vn -0.773950295 0.567070973 -0.281835861
vn 0.198094145 -0.54931525 0.811795211
vn 0.198483344 0.549316803 0.81169909
vn -0.937864979 0 0.347000405
vn -0.921595005 0.237428567 0.307067292
vn 0.212413656 -0.477955345 0.852313984
vn 0.210184994 0.465822899 0.859552962
vn -0.042542201 0.998803069 0.0241369143
vn 0.214343664 -0.371593278 0.903313473
vn 0.211731986 0.369033747 0.90497716
vn 0.0336914488 0.99927416 -0.0177775242
vn 0.237482752 -0.27736352 0.93095189
vn 0.234447377 0.280015729 0.93092729
vn 0.233244212 -0.19262341 0.95314918
vn 0.233081138 0.19263534 0.95318666
vn 0.220556092 -0.0967511636 0.970563868
vn 0.229425075 0.103653602 0.967791334
vn 0.253402539 -0.000357294743 0.967360856
vn 0.221828343 0.000357296147 0.975085667
vn -0.972589351 0 -0.232529469
vn -0.870004493 0.431591369 -0.238371709
vn 0.0295697226 -0.992941445 -0.114860432
vn 0.0276747676 0.993005514 -0.114778731
vn -0.967360759 0 0.253403163
vn -0.948468387 0.232278101 0.215533298
vn 0.0488126144 -0.979222827 -0.196824754
vn 0.0555415203 0.975703809 -0.211936821
vn -0.988337107 0 -0.152281857
vn -0.708972381 0.696724693 -0.109237658
vn -0.987540452 0 0.15736536
vn -0.726289166 0.681277082 0.0914635697
vn 0.0767555935 -0.954159078 -0.289290567
vn 0.0797957976 0.947008132 -0.311140209
vn -0.99747515 0 -0.0710163658
vn -0.945670517 0.323097862 -0.0362635412
vn -0.999055231 0 0.0434585469
vn -0.88404338 0.465820214 0.0384555723
vn -0.0545917494 0.996767356 -0.0589455528
vn -0.597763349 0.426600178 -0.678742415
vn 0.330461887 0.223221805 -0.917042511
vn 0.156353642 0.88223853 -0.444081878
vn 0.152281857 0 -0.988337107
vn 0.0323121967 0.977229129 -0.209712067
vn 0.0929548771 -0.92181451 -0.376320874
vn 0.102184807 0.911484639 -0.39843948
vn 0.141174053 0 0.989984791
vn 0.0774442192 0.836102917 0.543078545
vn 0.11658823 -0.883031564 -0.45460141
vn 0.123616164 0.867404358 -0.482004901
vn -0.00170608984 0.999997931 -0.00110767472
vn -0.0856128935 0.815473279 0.572427955
vn -0.00311167014 0.999709845 0.0238860695
vn 0.137268812 -0.833472233 -0.535239488
vn 0.143890832 0.81517293 -0.561060177
vn -0.0844953832 0.992150816 0.0921807389
vn -0.637051319 0.316786092 0.702717717
vn -0.0113166078 0.999854259 -0.0127826101
vn 0.163082084 -0.770202313 -0.616597625
vn 0.162811347 0.755299232 -0.634835045
vn 0.169260786 -0.70685547 -0.686808656
vn 0.180204326 0.688334363 -0.702653688
vn -0.00517445036 0.999983784 0.00237829873
vn 0.190866277 -0.640075398 -0.744226813
vn 0.195904936 0.614913705 -0.763873282
vn 0.205356988 -0.562727659 -0.800728474
vn 0.20976814 0.535714886 -0.817928413
vn 0.21792106 -0.48009249 -0.849718549
vn 0.221662087 0.45148825 -0.864305663
vn 0.222897675 -0.384420397 -0.895844621
vn 0.231474674 0.363032331 -0.902566896
vn 0.24625697 -0.295947412 -0.922915291
vn 0.239115856 0.271153824 -0.932362167
vn 0.243771054 -0.19261136 -0.950513828
vn 0.24451206 0.176737384 -0.953403246
vn 0.247613227 -0.0806682214 -0.965494862
vn 0.24761321 0.0806691017 -0.965494793
vn 0.248422875 -0.000357433196 -0.968651613
vn 0.248422886 0.00017937749 -0.968651659
vn 0.0710164577 0 -0.997475144
vn 0.0319954806 0.55027738 -0.83436868
vn 0.0434587475 0 0.999055222
vn 0.034399518 0.611111964 0.790796333
vn 0.0354710281 0.99919848 0.0185527135
vn -0.0314700497 0.749668131 -0.661065299
vn -0.0322741469 0.999156308 -0.025397861
vn -3.39214543e-05 -0.999998128 0.00193488148
vn -0.036184068 0.998350627 0.0445728441
vn 0.0363551114 0.998626497 -0.0377282986
vn -0.0270948264 0 -0.999632868
vn -0.0284698856 0.879445337 -0.475147729
vn 0.0224538312 0.750310167 -0.660704532
vn -0.0546749467 0 0.998504206
vn -0.029425837 0.842819719 0.537390958
vn 0.00477692764 -0.999877572 0.014900399
vn -0.000195147941 0.999999143 0.00129474487
vn 0.00283242732 -0.999981459 -0.005390561
vn 0.116953265 0.935527226 0.333332781
vn 0.129606646 -0.918073405 0.374624265
vn 0.233472434 0.723800942 0.649309494
vn 0.243307981 -0.692852535 0.678790536
vn 0.305002208 0.378527093 0.873894097
vn 0.342675091 -0.0925086141 0.934888195
vn 0.345816786 0.0210031848 0.938066957
vn 0.0706349451 -0.976032766 0.205841552
vn 0.0778882086 0.968980616 0.234542093
vn 0.0032295305 0.999853403 0.0168149609
vn 0.0849664319 0.809344584 0.581155788
vn 0.0368078863 0.998784112 -0.0327944546
vn -0.124945617 0 -0.992163592
vn -0.139941814 0.457355784 -0.878203835
vn -0.168444186 0 0.985711193
vn -0.0218749679 0.986994887 0.15925633
vn -0.0336004675 0.998960673 -0.0307990784
vn -0.702718455 0.316784138 -0.637051476
vn 0.0795990852 0.892909151 0.44314471
vn 0.0553746236 0.957404142 0.283391883
vn -0.00816576507 0.999936756 -0.0077332843
vn -0.111273132 0.988432135 0.103054379
vn -0.693263384 0.371958161 0.617278711
vn 0.022595622 -0.997814157 -0.0620994866
vn 0.00164343626 0.999988558 -0.00449254728
vn 0.048200354 0.99825438 0.0341308994
vn -0.0258564814 0.999068478 -0.0345487944
vn 0.221615438 0.773242045 -0.594124008
vn 0.224605844 -0.739293576 -0.634820623
vn -0.00286195573 0.999986391 0.004361968
vn 0.307466934 0.453639681 -0.836465854
vn 0.314433757 -0.444508101 -0.838775274
vn 0.326991802 -0.0176114136 -0.944863058
vn 0.354029872 0.0314386728 -0.934705547
vn 0.0897743867 -0.968312912 -0.233046484
vn 0.084535675 0.968943471 -0.232383884
vn -0.221593128 0 -0.975139214
vn -0.143284246 0.824788829 -0.546985387
vn -0.248422519 0 0.96865177
vn -0.222697938 0.443148388 0.868346207
vn 0.00503826602 0.999852888 0.0163956915
vn 0.0111106039 0.99952812 -0.0286372314
vn 0.228286966 0.740639318 -0.631932324
vn -0.0432204211 0.969657332 -0.240617236
vn -0.0822618573 0.861262207 -0.501458271
vn -0.316106451 0 -0.948723728
vn -0.32500042 0.350402696 -0.878403482
vn -0.326739754 0 0.945114349
vn -0.170175006 0.879445104 0.444541084
vn -0.0293041419 0.998874491 0.0372963636
vn 0.0414499048 0.999082201 -0.0108009429
vn -0.407575825 0 -0.913171368
vn -0.407477578 0.362729053 -0.838086903
vn -0.0330439706 0.99924885 0.020244327
vn 0.305738719 0.806231734 0.506472335
vn -0.417804339 0 0.908537029
vn -0.397801379 0.457355999 0.795348699
vn 0.00913486091 0.99984331 -0.0151628044
vn 0.388274448 0.637770575 0.665200456
vn -0.0281700074 0.999379615 -0.0211384843
vn -0.719604219 0.447728299 -0.530762789
vn 0 1 0
vn 0.00875722093 0.999961593 -0.000352101847
vn -0.0873555664 0.993971402 0.0662559926
vn -0.750429272 0.371957606 0.54635469
vn -0.00230088634 0.999985457 -0.00487772965
vn 0.0226128979 0.999562554 0.0190619423
vn -0.00317629415 0.999994254 0.0011847396
vn 0.384078875 0.765551802 0.516152939
vn 0.0107530627 0.999855677 -0.0131528176
vn -0.495119981 0 -0.868824611
vn -0.358758354 0.728009191 -0.58420464
vn -0.504844792 0 0.863210134
vn -0.3012882 0.82478921 0.478485296
vn 0.055118493 0.998476161 0.00270321085
vn 0.0140340798 0.999118069 -0.0395743525
vn 0.436336103 0.761622825 0.479104872
vn -0.577894359 0 -0.816111579
vn -0.583997793 0.257064768 -0.769976806
vn -0.600200413 0 0.799849651
vn -0.523397216 0.489439217 0.697498822
vn 0.0440455821 0.998905112 0.0157659102
vn 0.0109066251 0.999752654 -0.0193823933
vn 0.583222883 0.61173217 -0.534448146
vn -0.655104755 0 -0.75553806
vn -0.655174757 0.265129525 -0.707426585
vn 0.031500056 0.999188695 0.025093806
vn 0.0422465726 0.999059851 -0.00972834119
vn -0.687686957 0 0.726007334
vn -0.61835651 0.362728883 0.697182174
vn 0.626578125 0.623805305 0.46719032
vn 0.588179388 0.669574877 -0.453557595
vn -0.0694622957 0.996757053 -0.0406246946
vn -0.791942887 0.371957262 -0.484225421
vn -0.0919472407 0.994276158 0.0544116449
vn -0.765740888 0.447730124 0.461712711
vn -0.00367782758 0.999993114 -0.000496494868
vn 0.0298033446 0.999555774 0.00012351383
vn 0.0480693268 0.998843248 0.00122696801
vn -0.726006536 0 -0.6876878
vn -0.721181696 0.265997145 -0.639642462
vn -0.00468147777 0.99998548 0.00266892563
vn -0.744709576 0 0.667388678
vn -0.582503104 0.623042127 0.522023604
vn 0.0147739478 0.999857896 0.00811905972
vn 0.0160846736 0.999847215 -0.00684320253
vn 0.014744129 0.999877238 0.00530272812
vn 0.0168407087 0.99983591 -0.00667407253
vn -0.799849943 0 -0.600200023
vn -0.544052315 0.733033091 -0.408251841
vn -0.806540317 0 0.591179091
vn -0.749096452 0.370637915 0.549073804
vn 0.03953249 -0.992868079 0.112472933
vn 0.0408165016 0.992952619 0.111261448
vn 0.00438380966 0.999340355 0.0360504926
vn 0.0189868484 0.999028696 -0.0397638663
vn 0.0759427467 -0.975103329 0.208341538
vn 0.0703760069 0.977219111 0.200224943
vn 0.0166245322 0.998913553 0.0435354812
vn 0.034329991 0.998449521 -0.0438178729
vn 0.0190909144 0.99979369 0.00693640437
vn 0.0303359218 0.999511765 -0.00748093118
vn 0.641551331 0.76080565 0.097911455
vn 0.648036026 0.755301069 -0.0978243531
vn 0.547204096 0.836432651 -0.0307911981
vn 0.540939063 0.840631922 0.0268868527
vn 0.101909057 -0.949921386 0.295404645
vn 0.0963072032 0.956895162 0.274001042
vn 0.00027370679 -0.99999988 0.000406409351
vn -0.854828501 0 -0.518910622
vn -0.845890211 0.144232952 -0.513484768
vn -0.86060191 0 0.509278267
vn -0.842860471 0.20200326 0.498779419
vn 0.1385387 -0.914119683 0.381040987
vn 0.126558442 0.924301826 0.36006818
vn 0.159446616 -0.871938063 0.462926334
vn 0.154830313 0.878638999 0.451686931
vn -0.0581625613 0.997916917 -0.0279095543
vn -0.874655205 0.242537145 -0.419707049
vn 0.195940751 -0.818895955 0.539459579
vn 0.189864828 0.829877282 0.524647542
vn -0.901574491 0 -0.432623899
vn -0.86525431 0.280976256 -0.415195524
vn -0.899336424 0 0.437257358
vn -0.880272869 0.265997236 0.392893301
vn 0.213860228 -0.765782216 0.6064993
vn 0.213259279 0.765760319 0.606738506
vn -0.0413129828 0.998960673 0.019256479
vn -0.857477243 0.316785433 0.405437748
vn 0.233938042 -0.694977858 0.679910854
vn 0.236809508 0.699996587 0.673740332
vn -0.0133980164 0.999889574 -0.00642909553
vn 0.0386946745 -0.993059508 -0.111065454
vn 0.0387917593 0.993005516 -0.111513427
vn 0.267677888 -0.619983867 0.737542238
vn 0.254769711 0.640079115 0.724838686
vn -0.939637708 0 -0.342170977
vn -0.865448839 0.3894556 -0.31515495
vn -0.943420531 0 0.331598706
vn -0.641707913 0.733033196 0.225551074
vn 0.000572221855 -0.99999373 -0.00349470844
vn 0.27300872 -0.543460722 0.793798893
vn 0.270098791 0.55503941 0.786751483
vn -0.00498776906 0.999985387 0.00208505621
vn 0.0686116121 -0.978645139 -0.193768258
vn 0.0759141521 0.977196913 -0.198300867
vn 0.303314947 -0.457232508 0.836025404
vn 0.299872692 0.474396492 0.82766197
vn 0.297349576 -0.386988769 0.87282468
vn 0.299846957 0.384420955 0.873104995
vn -0.968651944 0 -0.24842184
vn -0.940873886 0.237763923 -0.24129784
vn -0.975139026 0 0.221593955
vn -0.949598928 0.190748886 0.248750354
vn 0.103873219 -0.955000835 -0.277819653
vn 0.10539702 0.952068103 -0.287154654
vn 0.323451349 -0.293289488 0.899644653
vn 0.325468619 0.295946989 0.89804541
vn 0.325546047 -0.192620836 0.925698107
vn 0.318365951 0.199405637 0.926758066
vn 0.0142286987 -0.999417343 0.031024492
vn 0.00123638891 0.999996122 0.00249540444
vn 0.314625653 -0.0967550008 0.944271766
vn 0.329962314 0.0967678795 0.939021218
vn 0.3470007 -0.000357331872 0.937864802
vn 0.316335212 0.000357333333 0.948647409
vn -0.988336943 0 -0.152282917
vn -0.980704882 0.12403475 -0.151106969
vn -0.989984852 0 0.141173627
vn -0.979545317 0.144841609 0.139684931
vn 0.130598928 -0.920716879 -0.367728634
vn 0.136407135 0.918003422 -0.372374556
vn 0.204039271 -0.877090434 0.434833699
vn 0.246577031 0.819554964 0.51723247
vn -0.997475102 0 -0.0710170456
vn -0.986223478 0.161037428 -0.0378179634
vn -0.999055231 0 0.0434585417
vn -0.762842532 0.645732247 0.0331833746
vn 0.164770117 -0.875320448 -0.454604137
vn 0.158470399 0.879980618 -0.447795985
vn 0.332086443 -0.588192324 0.737392964
vn 0.348186462 0.549617497 0.759398969
vn 0.423627835 -0.0747369215 0.902747944
vn 0.434910106 0.0404425932 0.899565226
vn 0.166471682 -0.919061278 0.357230383
vn 0.100576399 0.968939259 0.225922773
vn 0.193011874 -0.824420307 -0.53205035
vn 0.189070603 0.833472142 -0.519207565
vn 0.223063532 -0.77198919 -0.595210343
vn 0.222735612 0.770198611 -0.597647845
vn 0.237756818 -0.704869221 -0.668304629
vn 0.244932442 0.699955785 -0.670872564
vn -0.157697505 0.985816291 -0.0574259223
vn -0.81545392 0.496845997 -0.296949424
vn 0.265899673 -0.627561444 -0.731754056
vn 0.26690567 0.627564862 -0.731384787
vn 0.00845275172 -0.999777861 -0.0193074792
vn -0.000155444141 0.999995928 -0.00284952978
vn 0.28548771 -0.549282376 -0.785357014
vn 0.286373971 0.549281281 -0.785035046
vn -0.0332264258 0.999379615 0.0116785785
vn -0.818736626 0.496846847 0.287773432
vn 0.302399356 -0.465839826 -0.831593582
vn 0.293258031 0.474398988 -0.830027305
vn 0.186374681 -0.901719315 -0.390085574
vn 0.178114043 0.910632972 -0.372857853
vn 0.316472313 -0.378032172 -0.870021237
vn 0.322106883 0.38442317 -0.865139285
vn -0.00250533904 0.999993822 -0.00246579673
vn 0.327575876 -0.28667402 -0.900284428
vn 0.328043621 0.28667456 -0.900113926
vn 0.304669316 0.709992588 -0.634891434
vn 0.330123087 -0.634897992 -0.698515059
vn 0.344056959 -0.202125893 -0.916935075
vn 0.326128469 0.202123656 -0.923464266
vn 0.346916262 -0.103650628 -0.93215109
vn 0.346916203 0.103651595 -0.932151004
vn 0.342085945 -0.00026850694 -0.93966863
vn 0.342001671 0.000534057251 -0.939699192
vn 0.388174876 0.464511519 -0.795958111
vn 0.420641966 -0.0598714865 -0.905248994
vn 0.443910094 0.0326964234 -0.895474607
vn 0.146606124 -0.943500433 -0.297176005
vn 0.106883955 0.968958821 -0.222922907
vn -0.00305254689 0.999993232 0.0020537017
vn -0.184689323 0.981804512 -0.0441560132
vn -0.923071106 0.294068301 -0.247918467
vn -0.0521981461 0.998555174 0.012763913
vn -0.922576596 0.31678681 0.220223843
vn -0.00466386697 0.999989041 -0.000406642118
vn -0.0105379073 0.999940653 0.00276475335
vn -0.198476099 0.9797265 -0.0272621227
vn -0.914996473 0.371916024 -0.156396694
vn -0.0953276986 0.995330035 0.0151904964
vn -0.947679959 0.29407096 0.124197288
vn -0.00523303418 0.999986064 -0.000697837651
vn -0.189754924 0.981804523 -0.00727652559
vn -0.90262614 0.426599614 -0.0572609848
vn -0.00473333762 0.999988787 0.000146766286
vn -0.12644372 0.99194485 0.00757634292
vn -0.927497859 0.371956801 0.0373612049
vn -0.00737998432 0.999972686 -0.000404103164
vn -0.00534889284 0.999985604 0.000424759099
vn 0.000412314359 -0.999999675 0.000692803531
vn 0.000398374686 -0.999999688 -0.000681704744
vn 0.000604076368 0.999999818 -3.19905389e-06
vn 0.00947871526 -0.999818098 0.0165506946
vn 0.143455877 -0.958862271 0.244956235
vn 0.143711052 0.956411541 0.254212702
vn 0.257315426 -0.868787695 0.42308003
vn 0.230649449 0.895793611 0.379940308
vn 0.367039201 0.689105148 0.624833034
vn 0.407943031 -0.595475894 0.692091716
vn 0.449336612 0.465104282 0.762741514
vn 0.50875703 -0.0395902733 0.859999358
vn 0.522106493 0.0229564317 0.852571294
vn 0.094056706 -0.982797562 0.158941147
vn 0.106816809 0.977170376 0.183652457
vn 0.0498008355 -0.993043343 0.10669956
vn 0.0511738771 0.993059497 0.105896507
vn 0.0842070934 -0.9792228 0.184477295
vn 0.0897102443 0.977194614 0.192464956
vn 0.0129169848 -0.999728402 -0.0193977645
vn 0.00169731675 0.999998543 0.000180800304
vn 0.168852219 0.94371019 -0.284429263
vn 0.193945189 -0.927817611 -0.318653015
vn 0.122696909 -0.956897574 0.263234689
vn 0.12996083 0.9490636 0.287033911
vn 0.320396783 0.788723254 -0.524653724
vn 0.296902346 -0.820471095 -0.488544961
vn 0.413287195 0.604932624 -0.680624871
vn 0.161242226 -0.924301529 0.345930091
vn 0.172456037 0.915225921 0.364170878
vn 0.438850307 -0.502804511 -0.744713389
vn 0.497798137 0.338134258 -0.798662781
vn 0.507173145 -0.0551874276 -0.860075432
vn 0.529615666 0.0272299584 -0.847800552
vn 0.132232788 -0.967072959 -0.217449724
vn 0.163383561 0.947241169 -0.275753477
vn 0.205082469 -0.878636003 0.431207554
vn 0.203144221 0.870598078 0.448097548
vn 0.239736754 -0.824419728 0.512697182
vn 0.244852894 0.820462651 0.516612135
vn 0.0508865324 -0.993043342 -0.106186072
vn 0.0495351908 0.993005514 -0.107174219
vn 0.263148493 -0.771987417 0.578608935
vn 0.271675585 0.765815103 0.582854703
vn 0.0958208873 -0.975704005 -0.197028047
vn 0.0949857177 0.97719682 -0.189905473
vn 0.296898835 -0.711422617 0.636968556
vn 0.301731042 0.699939215 0.647335673
vn 0.332237332 -0.632925633 0.699302151
vn 0.324240058 0.619988161 0.714480976
vn 0.13896144 -0.947009371 -0.289591037
vn 0.133035424 0.952068247 -0.27544079
vn 0.353461694 -0.549280032 0.75720293
vn 0.352606521 0.549281389 0.757600552
vn 0.171474678 -0.914119929 -0.367397863
vn 0.172249142 0.918003686 -0.357210675
vn 0.374197347 -0.465837999 0.801854915
vn 0.373469771 0.465836474 0.802194932
vn 0.386452654 -0.371593939 0.844139971
vn 0.390826264 0.378030852 0.839254137
vn 0.414538836 -0.277366558 0.866732569
vn 0.411557046 0.280018044 0.867300809
vn 0.212365449 -0.873392278 -0.438277133
vn 0.209036587 0.871940608 -0.442745165
vn 0.414712774 -0.192620403 0.8893316
vn 0.415821808 0.176740305 0.892107106
vn 0.405665737 -0.0967514069 0.908886393
vn 0.411940262 0.0871077361 0.907037741
vn 0.437256483 -0.000357288214 0.899336778
vn 0.407796043 0.000357289624 0.913072976
vn 0.243276198 -0.818892759 -0.519837803
vn 0.250583855 0.815172347 -0.522208556
vn 0.276190321 -0.772403511 -0.571936817
vn 0.278202606 0.765816961 -0.579765205
vn 0.315351467 -0.694975391 -0.646190884
vn 0.311618446 0.70486972 -0.637222585
vn 0.332243675 -0.619985244 -0.710797044
vn 0.337308244 0.627566124 -0.701700726
vn 0.361091458 -0.54928208 -0.753592832
vn 0.361941579 0.549282472 -0.753184611
vn 0.389638755 -0.459682468 -0.798043651
vn 0.37875611 0.459681777 -0.803266129
vn 0.393694754 -0.369033743 -0.841913616
vn 0.410440053 0.369035768 -0.833877428
vn 0.414242314 -0.286671341 -0.863841911
vn 0.404872754 0.29594875 -0.865154547
vn 0.42437164 -0.192620699 -0.884763233
vn 0.417651985 0.199404656 -0.886456204
vn 0.445227052 -0.0967525839 -0.890175157
vn 0.438916536 0.106413945 -0.892204207
vn 0.447112115 -0.000357294621 -0.894477853
vn 0.417949859 0.000475197156 -0.908469972
vn 0.00259812187 -0.999992777 0.0027740034
vn 0.00689904406 -0.999952706 -0.00685480286
vn 0.00186541687 0.999997799 0.000959801811
vn 0.0175134831 -0.999572984 0.0233907631
vn 0.246786035 -0.910322627 0.33227905
vn 0.224882396 0.925096264 0.305981715
vn 0.387681407 0.749480681 0.536639391
vn 0.453735351 -0.651977347 0.607494668
vn 0.517719139 0.501413175 0.693218379
vn 0.599569729 -0.0808638718 0.796226836
vn 0.601923709 0.0407811444 0.797511597
vn 0.192713716 -0.943658517 0.269016779
vn 0.186755002 0.947220071 0.260569964
vn 0.00246568377 0.99999099 -0.00345534385
vn 0.0373729789 -0.998021411 -0.0505620861
vn 0.305457061 -0.861090871 -0.406470781
vn 0.26703665 0.895604779 -0.35578576
vn 0.459031093 0.667971564 -0.58575118
vn 0.476095642 -0.602314165 -0.640742215
vn 0.53809657 0.442465031 -0.71740977
vn 0.588422844 -0.064976069 -0.805938377
vn 0.610395501 0.0290431707 -0.791564164
vn 0.152891853 -0.967088511 -0.203381154
vn 0.126264327 0.977159091 -0.17093107
vn 0.0604969263 -0.992941445 0.102016713
vn 0.0607151541 0.992868116 0.102599092
vn 0.110587803 -0.975703932 0.189135333
vn 0.108086594 0.977218743 0.182649439
vn 0.163583517 -0.947009251 0.276430664
vn 0.150288572 0.954156836 0.258839869
vn 0.209485176 -0.911483373 0.353997207
vn 0.200368746 0.921815567 0.331825898
vn 0.255012778 -0.870595025 0.420752642
vn 0.239975428 0.878638684 0.412802444
vn 0.0625859474 -0.993005763 -0.100112709
vn 0.0610496025 0.993043334 -0.100687057
vn 0.288835272 -0.824420053 0.486729661
vn 0.292773275 0.827117782 0.479749919
vn 0.106604644 -0.979222665 -0.172506294
vn 0.113142551 0.97719672 -0.179681198
vn 0.326569199 -0.761293083 0.560165511
vn 0.318776362 0.765739117 0.558592191
vn 0.157427128 -0.954159105 -0.254552749
vn 0.159392382 0.952068466 -0.261074135
vn 0.369426945 -0.688335374 0.624274094
vn 0.363501182 0.71609881 0.595876988
vn 0.406421126 -0.619986194 0.671147515
vn 0.389377571 0.632925716 0.669171238
vn 0.211862854 -0.908990821 -0.358956569
vn 0.198191308 0.921815416 -0.333131423
vn 0.425978882 -0.54927879 0.718912236
vn 0.432367031 0.543462046 0.719519114
vn 0.243528362 0.883035111 -0.40117693
vn 0.441026515 -0.474396762 0.761868312
vn 0.44521877 0.457230126 0.769883666
vn 0.278254603 -0.846113026 -0.454606559
vn 0.00519953858 -0.999972103 0.00536260929
vn 0.475845471 -0.384420284 0.791070246
vn 0.471204621 0.378034645 0.796904017
vn 0.29437682 0.828304593 -0.476711431
vn 0.478469428 -0.295950052 0.826728839
vn 0.494414386 0.295949706 0.817293207
vn 0.505026509 -0.199405236 0.839753403
vn 0.498090568 0.208457636 0.841695432
vn 0.492798802 -0.0967495267 0.864747865
vn 0.500481124 0.103651294 0.859520246
vn 0.509433751 -0.000534097196 0.860509714
vn 0.509356661 0.000268527082 0.860555472
vn 0.323083245 -0.774987335 -0.54314993
vn 0.332840222 0.761290891 -0.556465242
vn 0.380569583 -0.699909012 -0.604395704
vn 0.370579145 0.699994267 -0.610474506
vn 0.39307504 -0.627514161 -0.672099688
vn 0.406605268 0.632925287 -0.658845761
vn 0.00191253623 -0.999987122 -0.00470082127
vn 0.433218898 -0.549279241 -0.71457239
vn 0.434023941 0.549281993 -0.714081585
vn 0.471503724 -0.465791714 -0.748813941
vn 0.449554059 0.474396742 -0.756867808
vn 0.46739188 -0.377988139 -0.799168191
vn 0.484697969 0.384422801 -0.785676135
vn 0.496918892 -0.286670579 -0.819079723
vn 0.492485533 0.280016798 -0.824044048
vn 0.515685399 -0.185813313 -0.836386264
vn 0.510741388 0.176742673 -0.841371061
vn 0.525312706 -0.0871086721 -0.846438799
vn 0.508513304 0.0871087149 -0.856636616
vn 0.518756334 -0.000534016289 -0.854921974
vn 0.518988 0.00026849443 -0.854781483
vn 0.0262819762 -0.999223827 0.0293428392
vn 0.00281702007 0.999986725 0.00431445361
vn 0.32163805 -0.872690335 0.367369764
vn 0.281424334 0.906645399 0.314315867
vn 0.495738334 0.659385598 0.56520274
vn 0.509672955 -0.654308046 0.558672051
vn 0.580744695 0.499472114 0.64285551
vn 0.673930458 -0.0953306403 0.732618459
vn 0.679152227 0.0318099854 0.733307833
vn 0.144275751 -0.975935938 0.163503984
vn 0.161827263 0.968936897 0.187011299
vn 0.0180267424 -0.999631549 -0.0202929413
vn 0.000908990525 0.999998025 -0.00176737654
vn 0.374160878 0.836040205 -0.40129841
vn 0.314657708 -0.884674216 -0.344008806
vn 0.532551903 -0.601856115 -0.595111491
vn 0.574842792 0.530569064 -0.622938386
vn 0.66523331 -0.0637040122 -0.743912926
vn 0.684731016 0.0323823048 -0.72807611
vn 0.148524597 -0.975954483 -0.159540874
vn 0.166842136 0.96901515 -0.182135499
vn 0.00143101295 -0.999995073 0.00279396963
vn 0.00493221777 -0.999982747 -0.00319046313
vn 0.0694010788 -0.993085404 0.094683
vn 0.069401174 0.993085385 0.0946831298
vn 0.116142772 -0.980511998 0.158452133
vn 0.125534295 0.977194702 0.171264871
vn 0.178936934 -0.954158976 0.239921285
vn 0.183460766 0.949063836 0.256163975
vn 0.23505829 -0.918001921 0.319405813
vn 0.233834145 0.918003595 0.320298287
vn 0.0720973523 -0.993005762 -0.09349614
vn 0.0710999203 0.992941462 -0.0949318402
vn 0.286448129 -0.875320469 0.389565843
vn 0.295575716 0.865783158 0.403800099
vn 0.132418489 -0.975703813 -0.17454917
vn 0.130209804 0.97719664 -0.167726365
vn 0.0209917549 -0.999613053 0.0182507623
vn 0.00167205116 0.999998306 0.000769982234
vn 0.335152127 -0.824420173 0.456075027
vn 0.363904436 0.790570748 0.492515435
vn 0.191874722 -0.949065532 -0.2499174
vn 0.184214494 0.952068513 -0.244193709
vn 0.343752877 -0.884848688 0.314446752
vn 0.40367614 0.833856283 0.376469485
vn 0.380707866 -0.765783755 0.518301806
vn 0.597133797 -0.584896981 0.548932372
vn 0.237797233 -0.913161641 -0.331041225
vn 0.232820857 0.917984943 -0.321088917
vn 0.412784367 -0.706852087 0.57442945
vn 0.409888123 0.712521835 0.56947727
vn 0.621873276 0.533171681 0.5735866
vn 0.746827181 -0.0410852683 0.663747815
vn 0.747735236 0.031675823 0.663241027
vn 0.241669792 -0.94356327 0.22645986
vn 0.179343168 0.9689499 0.170211983
vn 0.458451459 -0.636574143 0.620157738
vn 0.459839708 0.627564265 0.628259927
vn 0.0303640723 -0.999170395 -0.0271393504
vn 0.00357582176 0.999991163 -0.00221088154
vn 0.288126734 -0.879974485 -0.37766108
vn 0.289637851 0.875322261 -0.387196146
vn 0.496009367 -0.552663429 0.669729678
vn 0.497211813 0.557363528 0.664925793
vn 0.370184141 -0.870413199 -0.324568274
vn 0.308375786 0.910293386 -0.276170826
vn 0.564017964 0.661092728 -0.494813239
vn 0.34683032 -0.824386395 -0.447320691
vn 0.338985282 0.829876296 -0.443163978
vn 0.520137314 -0.459681934 0.719826156
vn 0.516039616 0.471941794 0.714824494
vn 0.596154223 -0.596653714 -0.537219218
vn 0.556915987 -0.369029699 0.744084447
vn 0.547047406 0.378028939 0.746882358
vn 0.642809414 0.499635501 -0.580655167
vn 0.733339619 -0.0603406121 -0.677179455
vn 0.752786418 0.0319609911 -0.657488482
vn 0.192469676 -0.967069015 -0.166532112
vn 0.236280555 0.947296905 -0.216333244
vn 0.37161181 -0.772349033 -0.51515205
vn 0.386632158 0.770199327 -0.507255923
vn 0.553647572 -0.28663827 0.781864993
vn 0.566166513 0.286673348 0.772834958
vn 0.592990898 -0.192597825 0.781836219
vn 0.579974638 0.192619017 0.791534796
vn 0.583170582 -0.0898608811 0.807364288
vn 0.588337951 0.0967651164 0.802804439
vn 0.57796085 -0.000238799902 0.816064457
vn 0.604306557 0.000357292427 0.796751817
vn 0.429867032 -0.706856261 -0.561754894
vn 0.419270263 0.699909706 -0.578220416
vn 0.464537499 -0.629834998 -0.622505252
vn 0.477452877 0.627513064 -0.615033418
vn 0.498229724 -0.541146903 -0.677441637
vn 0.491961877 0.557362213 -0.66882051
vn 0.5342285 -0.484297513 -0.692860613
vn 0.524033566 0.471943649 -0.70898379
vn 0.54875541 -0.384420294 -0.742353377
vn 0.567719497 0.377989732 -0.731312748
vn 0.574809691 -0.286671698 -0.766428833
vn 0.575208075 0.286669616 -0.766130669
vn 0.595414167 -0.202125021 -0.777577935
vn 0.58015284 0.20212465 -0.789029979
vn 0.602567314 -0.103653623 -0.791308131
vn 0.597383426 0.0967617901 -0.796096852
vn 0.587022982 -0.000357306506 -0.809570189
vn 0.613151958 0.000238824251 -0.789964948
vn 0.00830692178 -0.999955811 0.00440120154
vn 0.00475697237 -0.999980179 -0.00412467073
vn 0.0478080327 -0.998225276 0.0355061978
vn 0.00410161382 0.999987339 0.00291523233
vn 0.399269964 -0.866136647 0.300650636
vn 0.357790219 0.894343255 0.26858202
vn 0.587789369 0.665126793 0.460554022
vn 0.636186017 -0.610320749 0.471991457
vn 0.729675345 0.420805822 0.538977134
vn 0.795515675 -0.0880937185 0.599495043
vn 0.0220266264 -0.999623978 -0.0163318914
vn 0.00142148641 0.999995818 -0.00251848357
vn 0.808674579 0.0217540807 0.587853881
vn 0.236912373 -0.954641713 0.18036554
vn 0.195066257 0.968980626 0.151742218
vn 0.330170006 -0.911505516 -0.245245716
vn 0.30850033 0.923747801 -0.226974773
vn 0.534493378 0.751915299 -0.385927728
vn 0.58733279 -0.686060981 -0.429372244
vn 0.69021717 0.507874341 -0.515425951
vn 0.794073544 -0.100158236 -0.599512748
vn 0.814096845 0.0405907419 -0.579308829
vn 0.269373681 -0.943495687 -0.193012199
vn 0.170631331 0.977109428 -0.127051622
vn 0.0790748794 -0.992941447 0.0883993512
vn 0.0802874414 0.992952618 0.0871723862
vn 0.147074851 -0.975703986 0.162390638
vn 0.141642518 0.977218842 0.158052942
vn 0.212852424 -0.949065185 0.232312548
vn 0.204167303 0.952057254 0.227821635
vn 0.0800626403 -0.99294144 -0.0875058352
vn 0.0785132995 0.993005512 -0.0881800199
vn 0.265233137 -0.918002294 0.294827357
vn 0.267332946 0.914121269 0.304820277
vn 0.00354789476 -0.999985326 0.00409382263
vn 0.146022236 -0.977196835 -0.154155288
vn 0.14602225 0.97719683 -0.154155302
vn 0.323253236 -0.87532019 0.359613556
vn 0.326405142 0.87025554 0.368937635
vn 0.207258791 -0.952070349 -0.224957429
vn 0.207262729 0.952068438 -0.224961885
vn 0.368513673 -0.829878567 0.41892629
vn 0.384330651 0.824386805 0.415543435
vn 0.00137174521 -0.999998213 -0.00130115556
vn 0.429217352 -0.770202056 0.471763985
vn 0.438754575 0.759506237 0.480254828
vn 0.263174113 -0.917983547 -0.296724779
vn 0.270454419 0.915225619 -0.298691269
vn 0.488664428 -0.678952976 0.547932417
vn 0.460874919 0.708374112 0.534603056
vn 0.333102747 -0.871937395 -0.35884222
vn 0.336235461 0.8674042 -0.366818305
vn 0.519204876 0.62756555 0.580161854
vn 0.546359803 -0.57992025 0.60430412
vn 0.3824017 -0.824455356 -0.41718378
vn 0.3913829 0.815172306 -0.426981894
vn 0.557343014 0.549282002 0.622621913
vn 0.583986793 -0.485478929 0.650591757
vn 0.59025307 0.465837097 0.659239798
vn 0.427420855 -0.770202905 -0.473390851
vn 0.444460946 0.759511394 -0.474970431
vn 0.608731309 -0.386986435 0.692594898
vn 0.617619998 0.378030775 0.689665333
vn 0.639379112 -0.286661354 0.713456109
vn 0.639191368 0.286672817 0.71361971
vn 0.502141989 -0.6766684 -0.538491689
vn 0.482340117 0.694977061 -0.533249375
vn 0.654888313 -0.192635012 0.730761965
vn 0.660824117 0.185809321 0.727176995
vn 0.669004939 -0.103652891 0.735994884
vn 0.657501132 0.0871095215 0.748401091
vn 0.667320528 -0.000268498266 0.744770596
vn 0.667522217 0.000534041335 0.744589689
vn 0.536015114 0.619984245 -0.572981094
vn 0.543617689 -0.579216423 -0.607443943
vn 0.563026936 0.543463112 -0.622614259
vn 0.0170973031 -0.999790944 0.0112138855
vn -0.000415245151 0.999997089 0.00237674951
vn 0.597359695 -0.482647644 -0.640478451
vn 0.602919084 0.451489025 -0.657758495
vn 0.284561607 0.943675477 0.168823236
vn 0.294331324 -0.938833691 0.178774642
vn 0.621137178 -0.369032963 -0.691377812
vn 0.634828252 0.369036815 -0.678826133
vn 0.47898551 -0.82833802 0.290566698
vn 0.568335151 0.74626875 0.346522883
vn 0.653537536 -0.280017381 -0.703191976
vn 0.638580585 0.295946654 -0.710373433
vn 0.00481935689 -0.999981673 -0.00366428128
vn 0.000887984846 0.999998891 -0.00119593526
vn 0.665071701 -0.176736843 -0.725564415
vn 0.656992832 0.199402724 -0.727048123
vn 0.672537285 -0.0967710357 -0.733709048
vn 0.684460009 0.0967511214 -0.722602046
vn 0.716989601 -0.543988992 0.43589206
vn 0.675708653 -0.00035733573 -0.737168697
vn 0.675575686 0.000534063184 -0.73729045
vn 0.251277759 -0.957436891 -0.142035517
vn 0.249320495 0.957331215 -0.146137729
vn 0.752673406 0.473996849 0.456957035
vn 0.853084866 -0.0612202512 0.518168208
vn 0.861361895 0.0405225992 0.50637299
vn 0.157968589 -0.982776967 0.0958924247
vn 0.209142255 0.968939247 0.131970653
vn 0.422472003 -0.869215447 -0.256869446
vn 0.3818628 0.894765226 -0.231464884
vn 0.63384919 0.684792761 -0.359574858
vn 0.691797392 -0.596153534 -0.407452246
vn 0.780830158 0.410917851 -0.470585576
vn 0.851779712 -0.0479087473 -0.521704969
vn 0.86801444 0.0217433195 -0.496062657
vn 0.219081386 -0.967090556 -0.12938007
vn 0.274112872 0.94722485 -0.166214372
vn 0.000706046084 -0.999999688 0.000353441942
vn 0.000661324811 -0.999999734 -0.000308251338
vn 0.0870591486 -0.993001786 0.0798007422
vn 0.0878033737 0.993059495 0.0782521954
vn 0.00203531581 0.999997926 -6.90292858e-05
vn 0.0223484285 -0.999703411 0.00967668501
vn 0.15645231 -0.977218876 0.143408311
vn 0.156534561 0.977194631 0.143483745
vn 0.3905051 -0.901667226 0.18574709
vn 0.372365241 0.910924333 0.17765412
vn 0.0243181389 -0.999642199 -0.0111400968
vn 0.00235895044 0.999996515 -0.00118588584
vn 0.637751887 0.706808326 0.306095608
vn 0.717537297 -0.604041481 0.346805588
vn 0.222305379 -0.954158835 0.200402684
vn 0.234601906 0.949063449 0.210334294
vn 0.0867783881 -0.993005511 -0.0800597729
vn 0.0876487368 0.993043334 -0.0786297439
vn 0.796396327 0.462726513 0.38940604
vn 0.906581478 -0.0481219844 0.419278307
vn 0.445653298 -0.870520368 -0.208776022
vn 0.50758476 0.829538549 -0.232859416
vn 0.908051135 0.03187441 0.417644774
vn 0.229329666 -0.96708235 0.110270721
vn 0.190928163 0.977150824 0.0933954125
vn 0.00643601604 -0.999978337 0.00137942197
vn 0.292853312 -0.918002776 0.267409499
vn 0.287944555 0.917984608 0.272749323
vn 0.738669331 -0.586186885 -0.332795065
vn 0.152089464 -0.979222864 -0.134131944
vn 0.160428621 0.977196926 -0.139100053
vn 0.000199381578 -0.999999966 -0.000165741499
vn 0.78041606 0.510912277 -0.360443364
vn 0.897809712 -0.057604135 -0.436599913
vn 0.911271661 0.0316681807 -0.410586271
vn 0.230923209 -0.967026496 -0.107397521
vn 0.222208361 0.968965269 -0.108303975
vn 0.347234751 -0.87997709 0.324142483
vn 0.355956597 0.875323438 0.327267139
vn 0.216281865 -0.956897974 -0.19382575
vn 0.219183388 0.954999033 -0.199838661
vn 0.410119221 -0.828306778 0.381719932
vn 0.423467982 0.824383524 0.375588437
vn 0.288524119 -0.920716819 -0.26274393
vn 0.292673815 0.920717996 -0.258109298
vn 0.481162778 -0.765739918 0.426760775
vn 0.464544023 0.771984708 0.433864565
vn 0.356615867 -0.879977594 -0.313790628
vn 0.350848761 0.879979996 -0.320219228
vn 0.528962072 -0.691032276 0.492619042
vn 0.519325374 0.704870593 0.483175541
vn 0.414380338 -0.828306229 -0.377091138
vn 0.415939436 0.830949377 -0.369482773
vn 0.573572397 0.627562839 0.526478479
vn 0.5878803 -0.605533974 0.536400373
vn 0.622614552 0.543462418 0.563027281
vn 0.47849211 -0.76578156 -0.429678837
vn 0.478906798 0.768380379 -0.424546667
vn 0.634134421 -0.505022027 0.585513696
vn 0.657760001 0.451485216 0.602920295
vn 0.543071508 -0.689576733 -0.479121348
vn 0.532257334 0.699956962 -0.476195739
vn 0.682469809 -0.378017347 0.625570016
vn 0.678825727 0.369038416 0.634827755
vn 0.714668798 -0.277364269 0.642119592
vn 0.706061023 0.286670557 0.647532103
vn 0.00314979628 -0.99999397 0.00146237921
vn 0.71971012 -0.185812958 0.668947597
vn 0.734125534 0.192596703 0.651126878
vn 0.570325255 0.635087411 -0.520954014
vn 0.733708894 -0.0967710357 0.672537453
vn 0.722601785 0.0967526618 0.684460066
vn 0.74802701 -0.000475193134 0.663668115
vn 0.72617211 0.000357282499 0.687512865
vn 0.595036476 -0.596143227 -0.539022119
vn 0.0632529369 -0.997732709 0.0229892981
vn 0.00458445799 0.999988096 0.00167046519
vn 0.00400734814 -0.999991915 -0.000334553258
vn 0.623501396 0.555039084 -0.550615678
vn 0.0150852116 -0.999875258 -0.0046803328
vn 0.001281499 0.999999158 0.000203047429
vn 0.65125001 -0.495411099 -0.574840211
vn 0.649901961 0.474400781 -0.593777181
vn 0.621304873 0.750195713 0.226244663
vn 0.596887039 -0.772259488 0.217580203
vn 0.374019165 -0.918365557 -0.129284059
vn 0.683036614 -0.384422465 -0.621031685
vn 0.691896645 0.384423438 -0.611144544
vn 0.334575158 0.935069989 -0.11706229
vn 0.717499542 -0.295947321 -0.630562915
vn 0.710487054 0.280014987 -0.645600304
vn 0.842891023 0.435089766 0.316593776
vn 0.845163211 -0.437042706 0.307721986
vn 0.728349999 -0.208457201 -0.652726493
vn 0.732986547 0.176740451 -0.656881674
vn 0.939607353 0.0441043464 0.339400692
vn 0.944864195 -0.0173916029 0.327000284
vn 0.234440602 -0.968336904 0.0857976982
vn 0.358070967 0.924544771 0.13039229
vn 0.741215812 -0.096759342 -0.664256539
vn 0.748401346 0.0871056376 -0.657501356
vn 0.744710083 -0.000357363752 -0.667388017
vn 0.744649606 0.000268498957 -0.667455536
vn 0.641771692 0.734470065 -0.220641837
vn 0.673063146 -0.69920511 -0.241035716
vn 0.831738419 0.471392818 -0.293257588
vn 0.934790958 -0.0934776735 -0.342677383
vn 0.941615216 0.0451083112 -0.333655549
vn 0.20591955 -0.976014556 -0.0706592158
vn 0.229476116 0.969965867 -0.0806655427
vn 0.00260648198 -0.999996522 0.000401603684
vn 0.0018639335 -0.999997751 -0.00101144407
vn 0.00222444082 -0.999997483 0.000294068869
vn 0.000535014479 -0.999999855 6.07466804e-05
vn 0.00174292588 0.999997214 0.00159199992
vn 0.031496286 -0.999462937 0.00904551611
vn 0.00321886605 0.99999451 -0.000787289855
vn 0.379290516 0.920089031 0.097851315
vn 0.421315195 -0.900213316 0.110043138
vn 0.056289963 -0.998319594 -0.0137632747
vn 0.685847929 0.706547894 0.174363676
vn 0.742207895 -0.641576403 0.193667652
vn 0.553315957 0.822919062 -0.129018098
vn 0.0950505589 -0.993059507 0.0692690925
vn 0.095751271 0.992952616 0.0698340617
vn 0.848139836 0.480735382 0.222603483
vn 0.642927762 -0.74961137 -0.157247215
vn 0.970476907 -0.0635201819 0.232679523
vn 0.964886262 0.0322631434 0.260679096
vn 0.244262008 -0.967690958 0.0625322464
vn 0.239491487 0.968958829 0.0613401615
vn 0.781849136 0.590755671 -0.199297934
vn 0.82689539 -0.524761815 -0.202160954
vn 0.928539407 0.302820554 -0.214742362
vn 0.967178577 -0.0275540813 -0.252599232
vn 0.970916173 0.0156650605 -0.238906657
vn 0.32119936 -0.944060867 -0.0746997405
vn 0.199156481 0.978863459 -0.0465083304
vn 0.169844318 -0.977194725 0.12744951
vn 0.169754574 0.977219097 0.127382185
vn 0.0952517885 -0.993001785 -0.0698179841
vn 0.0955956204 0.992941465 -0.0702048767
vn 0.254084432 -0.949065187 0.186323299
vn 0.232303562 0.956895073 0.174318314
vn 0.0414407493 -0.999122468 0.00607933954
vn 0.00322563594 0.99999475 0.000307351165
vn 0.183931882 -0.973649265 -0.134819032
vn 0.173290541 0.977196865 -0.122705644
vn 0.0144225763 -0.999892747 -0.00254621517
vn 0.00126810303 0.999998747 -0.000947435081
vn 0.324201302 -0.914942429 0.240361949
vn 0.310247446 0.920718096 0.236695395
vn 0.391983923 -0.918100168 -0.0586573582
vn 0.349400011 0.935575633 -0.0511651055
vn 0.508942795 -0.856639212 0.084536928
vn 0.59991554 0.794998332 0.0898832377
vn 0.252057535 -0.949065013 -0.189057136
vn 0.250962448 0.949919953 -0.186198639
vn 0.382163043 -0.875295093 0.296327367
vn 0.39345634 0.871941025 0.291394848
vn 0.814074895 -0.567896587 0.121554642
vn 0.679579813 0.728411141 -0.0871119253
vn 0.86414068 0.482963808 0.141445557
vn 0.743484448 -0.661917056 -0.0953765492
vn 0.989690831 -0.0416992299 0.137015449
vn 0.98580192 0.0318000859 0.164873676
vn 0.326592132 -0.943622342 0.0539856997
vn 0.244460821 0.968930685 0.0375797053
vn 0.319404697 -0.918002476 -0.235057638
vn 0.329555853 0.914121183 -0.236168165
vn 0.460872776 -0.81890647 0.342035783
vn 0.452659097 0.824453436 0.339670832
vn 0.884636171 0.448213234 -0.128544706
vn 0.00357659504 0.99999352 0.000410057598
vn 0.0291079857 -0.999575408 -0.0013151506
vn 0.0022278648 0.9999975 0.00019252323
vn 0.0562425549 -0.998413604 0.00265537778
vn 0.984355857 -0.0807173686 -0.156614983
vn 0.991492912 0.0255665908 -0.127625059
vn 0.216141621 -0.975927893 -0.0291126765
vn 0.244804464 0.968941413 -0.0349758916
vn 0.524291672 -0.759512036 0.385045075
vn 0.514404509 0.76576036 0.386003979
vn 0.389565766 -0.875320505 -0.286448125
vn 0.404429188 0.864027891 -0.29982134
vn 0.405665791 0.913829278 -0.0187434329
vn 0.447520386 -0.894002009 -0.0220433871
vn 0.575378121 0.817368212 0.029141439
vn 0.507625657 -0.861034716 0.0305844588
vn 0.575201869 -0.689363836 0.440363839
vn 0.580204671 0.688336366 0.435379818
vn 0.715515614 0.698351748 -0.0184997867
vn 0.826596192 -0.561708817 0.0349562664
vn 0.751260827 -0.659440846 -0.0272936038
vn 0.456076668 -0.824418794 -0.335153286
vn 0.846647761 0.52926202 0.0554011203
vn 0.91156824 0.409327292 -0.038658912
vn 0.997635855 -0.0548074563 0.0414589445
vn 0.997207863 0.0322061078 0.0673739173
vn 0.21759664 -0.975943992 0.0136024131
vn 0.24696658 0.968930588 0.0134544981
vn 0.995243628 -0.0784202945 -0.0577960105
vn 0.497303563 0.789413103 -0.359883479
vn 0.999032872 0.0316351177 -0.0305375312
vn 0.331199799 -0.943499021 -0.0107838168
vn 0.246874327 0.968987024 -0.0108265086
vn 0.632076285 -0.619991132 0.464855425
vn 0.622759157 0.619986603 0.477271038
vn 0.525458301 -0.761293572 -0.379902186
vn 0.670567304 -0.540544152 0.508086126
vn 0.676532696 0.549232276 0.490558273
vn 0.71368884 -0.451485808 0.535545334
vn 0.708005314 0.465835423 0.530778517
vn 0.58156661 -0.684681866 -0.439307432
vn 0.563791104 0.715720261 -0.412169988
vn 0.748931131 -0.369031481 0.550379803
vn 0.731312884 0.377988988 0.567719817
vn 0.627049063 -0.635082565 -0.45108714
vn 0.620356175 0.627512914 -0.470516481
vn 0.766429172 -0.286669879 0.574810147
vn 0.766130255 0.286670898 0.575207987
vn 0.784971491 -0.192624534 0.588825567
vn 0.789029405 0.202128012 0.58015245
vn 0.792424758 -0.0898646761 0.603313635
vn 0.796096855 0.0967628273 0.597383254
vn 0.809523043 -0.000238772526 0.587088056
vn 0.789965026 0.000238772523 0.613151857
vn 0.669778759 -0.552619451 -0.495992094
vn 0.682000226 0.54922956 -0.482931238
vn 0.71344337 -0.465842395 -0.523439987
vn 0.712689632 0.459682898 -0.529872741
vn 0.746495101 -0.378031851 -0.547573725
vn 0.755062198 0.369038134 -0.541933514
vn 0.772541611 -0.28667017 -0.56656833
vn 0.772836026 0.286669146 -0.566167181
vn 0.796503022 -0.18580936 -0.57537624
vn 0.784215313 0.202123029 -0.586645229
vn 0.809243897 -0.087106068 -0.580979215
vn 0.806325552 0.103652973 -0.582318783
vn 0.796751855 -0.000357292393 -0.604306507
vn 0.815971663 0.000357293809 -0.578091789
vn 0.101911112 -0.992868078 0.0618635941
vn 0.101802814 0.993005517 0.0598015939
vn 0.190875425 -0.975103216 0.112872892
vn 0.186688567 0.975703667 0.114672288
vn 0.102045493 -0.993059509 -0.0584767341
vn 0.101304485 0.993043336 -0.0600194479
vn 0.261878793 -0.952069921 0.158058103
vn 0.2675272 0.949063122 0.166458364
vn 0.169073695 -0.980511867 -0.100052804
vn 0.184483425 0.977196856 -0.105129308
vn 0.34407143 -0.914598851 0.212423618
vn 0.34571481 0.915225735 0.206985806
vn 0.256304696 -0.954159045 -0.154558792
vn 0.263641136 0.952068431 -0.155109815
vn 0.423238816 0.870597488 0.250856371
vn 0.434990291 -0.860847742 0.264054183
vn 0.340906941 -0.918002219 -0.202618813
vn 0.341676447 0.91800323 -0.201313872
vn 0.478985954 0.824383115 0.301603938
vn 0.415767756 -0.875319892 -0.246885113
vn 0.406579087 0.879979959 -0.245619049
vn 0.532615092 -0.784102139 0.318598492
vn 0.546419954 0.771984993 0.324752835
vn 0.486730942 -0.824419078 -0.288835895
vn 0.477549528 0.830949045 -0.285429732
vn 0.610812773 -0.699958383 0.370089203
vn 0.600741825 0.711424049 0.364671197
vn 0.665817153 -0.627564436 0.403547269
vn 0.658844544 0.632926974 0.406604615
vn 0.550027905 -0.77198913 -0.31859392
vn 0.558588393 0.765740423 -0.31877988
vn 0.714570919 -0.549282105 0.433217694
vn 0.713821374 0.557361162 0.424037241
vn 0.607754394 -0.704871618 -0.365773972
vn 0.595765708 0.716206139 -0.363472127
vn 0.756619969 -0.46583911 0.458824745
vn 0.749872612 0.48008889 0.455198553
vn 0.669762957 -0.627561538 -0.396968635
vn 0.663371792 0.63292294 -0.399182185
vn 0.791564597 -0.378028597 0.480124847
vn 0.785676705 0.384421092 0.484698399
vn 0.81907964 -0.28667084 0.49691888
vn 0.818821688 0.286669727 0.497344458
vn 0.718910933 -0.549281003 -0.425978227
vn 0.726050431 0.549231874 -0.41375732
vn 0.838907481 -0.192618985 0.509050258
vn 0.843457334 0.185810967 0.504037707
vn 0.844886971 -0.106411388 0.524254349
vn 0.850816776 0.0967698544 0.516474983
vn 0.863129136 -0.000475182893 0.504983038
vn 0.846303067 0.000475182885 0.532701505
vn 0.761314016 -0.465842316 -0.450989916
vn 0.753255295 0.474398696 -0.455579123
vn 0.796573142 -0.37802907 -0.471768218
vn 0.797831268 0.384421057 -0.464419765
vn 0.824355232 -0.28666934 -0.488117959
vn 0.824608104 0.286671488 -0.487689382
vn 0.847656582 -0.202128339 -0.490532827
vn 0.836195143 0.192595085 -0.513502499
vn 0.859520085 -0.103652555 -0.50048114
vn 0.864747609 0.0967518855 -0.492798789
vn 0.852147555 -0.00035725671 -0.523301459
vn 0.868705298 0.000357258122 -0.495329161
vn 0.105765119 -0.993005763 0.0524718332
vn 0.106978634 0.992941464 0.051213475
vn 0.191754055 -0.977202544 0.0911349039
vn 0.182121726 0.979223368 0.0891811239
vn 0.107657935 -0.993005765 -0.0484697877
vn 0.10765792 0.993005767 -0.0484697681
vn 0.27611001 -0.952069974 0.131628365
vn 0.275809925 0.952057119 0.132348504
vn 0.199064012 -0.975703956 -0.0915167113
vn 0.184475402 0.97922322 -0.0842063567
vn 0.366834882 -0.912671424 0.180175028
vn 0.357479463 0.918032209 0.171538032
vn 0.284097109 -0.949065181 -0.13625019
vn 0.27232408 0.95415693 -0.124193992
vn 0.435720443 -0.875352833 0.20953547
vn 0.423115641 0.883034782 0.203033809
vn 0.366250655 -0.915224388 -0.168002312
vn 0.359761907 0.918003937 -0.166853653
vn 0.512142599 -0.823227119 0.244963403
vn 0.503270633 0.828304064 0.246233726
vn 0.451020444 -0.867401592 -0.210226155
vn 0.434908164 0.875295589 -0.211453353
vn 0.589334324 -0.759513697 0.275361577
vn 0.586408788 0.761291782 0.276693976
vn 0.517657516 -0.81889507 -0.247874083
vn 0.51971779 0.820461763 -0.238193019
vn 0.644145803 -0.699959364 0.308436498
vn 0.646755338 0.693002219 0.318520732
vn 0.582615925 -0.76578311 -0.272277271
vn 0.582852045 0.765817565 -0.271674347
vn 0.702166415 -0.627563309 0.336343007
vn 0.701701616 0.627564955 0.337308568
vn 0.647067528 -0.699958146 -0.30226182
vn 0.647335416 0.699939564 -0.301730783
vn 0.745087504 -0.557357652 0.366329168
vn 0.759243483 0.543461906 0.358048168
vn 0.790877432 -0.480092027 0.379505643
vn 0.797909096 0.457232767 0.392784
vn 0.711803004 -0.62213783 -0.326007675
vn 0.714763412 0.614912821 -0.333159854
vn 0.835146515 -0.384419169 0.393385562
vn 0.834529333 0.378032429 0.400814516
vn 0.758570107 -0.541150511 -0.362942858
vn 0.765740655 0.541151975 -0.347556886
vn 0.863842089 -0.286670941 0.41424222
vn 0.863627093 0.28666984 0.414691026
vn 0.110398974 -0.993005764 0.041852356
vn 0.110662558 0.993043335 0.040233478
vn 0.884763433 -0.192619843 0.42437161
vn 0.88705118 0.202124502 0.415073354
vn 0.801853876 -0.465840234 -0.37419679
vn 0.80236971 0.459680431 -0.380653057
vn 0.890175205 -0.0967515546 0.445227179
vn 0.897343902 0.0967609754 0.430594048
vn 0.908537048 -0.000357307186 0.417804146
vn 0.894406 0.00023882044 0.447255911
vn 0.838979693 -0.378026705 -0.391419067
vn 0.839106773 0.378056644 -0.391117625
vn 0.11185888 -0.992941442 -0.0394320102
vn 0.111858719 0.992941463 -0.0394319443
vn 0.199763702 -0.977202493 0.0719009774
vn 0.198301016 0.977196879 0.0759142079
vn 0.86822831 -0.286674059 -0.404966154
vn 0.869379196 0.293292978 -0.397692146
vn 0.889331084 -0.192622765 -0.414712783
vn 0.882500468 0.192596512 -0.429068186
vn 0.908886357 -0.0967520048 -0.405665674
vn 0.908886273 0.0967529538 -0.405665637
vn 0.899336698 -0.000357296902 -0.437256648
vn 0.913073054 0.000357298374 -0.407795869
vn 0.191843495 -0.979222631 -0.0657199535
vn 0.200033678 0.977202304 -0.0711490337
vn 0.277818477 -0.955001226 0.103872773
vn 0.279564377 0.954999002 0.0990992745
vn 0.281532301 -0.954159203 -0.101586308
vn 0.290235014 0.952056947 -0.0967016367
vn 0.367727446 -0.920717419 0.130598472
vn 0.365596334 0.920718539 0.136443003
vn 0.3762811 -0.917983901 -0.125371815
vn 0.374383638 0.918004131 -0.130787261
vn 0.451632643 -0.875292277 0.172891257
vn 0.461103911 0.871939699 0.164633972
vn 0.446690313 -0.879976709 -0.16158204
vn 0.460880362 0.871939974 -0.165257293
vn 0.526007225 -0.829877163 0.186065292
vn 0.537228776 0.818893277 0.201987731
vn 0.600923922 -0.770202046 0.213727044
vn 0.599276109 0.77198556 0.211911398
vn 0.527147066 -0.828304098 -0.189811201
vn 0.54342415 0.818892493 -0.184676144
vn 0.671276421 -0.699959066 0.243814012
vn 0.664696694 0.704871293 0.247658567
vn 0.606497697 -0.765783623 -0.213859733
vn 0.610306286 0.761291311 -0.219001776
vn 0.113969607 -0.993005765 0.0308298551
vn 0.114778715 0.993005516 0.0276747641
vn 0.731751283 -0.627565207 0.265898424
vn 0.731383925 0.627566032 0.266905284
vn 0.114719381 -0.993001784 -0.0280521071
vn 0.1142716 0.993005514 -0.0296993452
vn 0.67357853 -0.699958112 -0.237382827
vn 0.682556312 0.692998824 -0.232098062
vn 0.205849937 -0.977202352 0.0519746793
vn 0.204787376 0.9771968 0.0561119
vn 0.786809675 -0.543460813 0.2925421
vn 0.782830264 0.557362305 0.276629787
vn 0.731136121 -0.635085293 -0.249212043
vn 0.72627208 0.635087718 -0.263044592
vn 0.838417106 -0.45148826 0.305311492
vn 0.826206918 0.471940938 0.307658706
vn 0.221524408 -0.973649145 -0.0541689808
vn 0.213094524 0.975703616 -0.0509232608
vn 0.782726275 -0.555040534 -0.281548546
vn 0.78674984 0.555042051 -0.27009815
vn 0.876449333 -0.369031222 0.309277422
vn 0.869798102 0.378030957 0.317086514
vn 0.295040848 -0.952058711 0.0808400195
vn 0.303142415 0.949919943 0.0758734337
vn 0.900285564 -0.28666986 0.327576396
vn 0.900114907 0.286671171 0.32804389
vn 0.834671428 -0.465838291 -0.293799751
vn 0.834937827 0.465838076 -0.293042169
vn 0.916935148 -0.202125517 0.344056986
vn 0.921984585 0.192618194 0.335920612
vn 0.305217773 -0.949065713 -0.078207308
vn 0.30687145 0.949064036 -0.0714658565
vn 0.932150862 -0.103652401 0.346916346
vn 0.937586209 0.106410601 0.331072325
vn 0.945114121 -0.000357271039 0.326740218
vn 0.933966449 0.000475195317 0.357360386
vn 0.873304146 -0.378030249 -0.307299528
vn 0.868285668 0.377988217 -0.321255205
vn 0.38574706 -0.917983664 0.0922236359
vn 0.391627904 0.914121459 0.104926366
vn 0.903740847 -0.286675242 -0.317914748
vn 0.908912763 0.286641021 -0.302844045
vn 0.925697812 -0.192622158 -0.325546104
vn 0.920307242 0.192594978 -0.34050221
vn 0.944272184 -0.0967501905 -0.314625878
vn 0.944272096 0.0967511396 -0.314625849
vn 0.377341119 -0.921814444 -0.088723223
vn 0.385400942 0.91800383 -0.0934616543
vn 0.937864862 -0.000357294889 -0.347000537
vn 0.948647336 0.000357296319 -0.31633543
vn 0.466404459 -0.875292151 0.127790965
vn 0.470333986 0.875295112 0.112447361
vn 0.116385303 -0.993043344 0.0178711704
vn 0.11648042 0.993059497 0.016283362
vn 0.469735419 -0.875302805 -0.114863551
vn 0.460373037 0.879979028 -0.117019559
vn 0.116794591 -0.993016429 -0.0166551615
vn 0.116632388 0.993005514 -0.0183557711
vn 0.548065488 -0.824418925 0.14127157
vn 0.545912884 0.824382481 0.14957489
vn 0.209953003 -0.97720238 0.0315475168
vn 0.202871634 0.978645343 0.0331118151
vn 0.556066878 -0.81889637 -0.14212094
vn 0.545241539 0.82830472 -0.128930041
vn 0.625520437 -0.765740671 0.14955069
vn 0.622782349 0.765779383 0.160387289
vn 0.194491949 -0.980511933 -0.0277350233
vn 0.210671059 0.977196996 -0.026528039
vn 0.630839712 -0.761295933 -0.149899165
vn 0.624849605 0.76578063 -0.152128229
vn 0.691943212 -0.699957763 0.176843777
vn 0.697657057 0.694977547 0.174013905
vn 0.308562936 -0.949921485 0.0493769886
vn 0.30307669 0.952056543 0.0416276134
vn 0.118434085 -0.992941445 0.00637610277
vn 0.117963882 0.993005766 0.00490625982
vn 0.11763549 -0.993043343 -0.00517783649
vn 0.118318986 0.992952617 -0.00676147416
vn 0.29594103 -0.954159272 -0.0447100696
vn 0.302929964 0.952068636 -0.0424116589
vn 0.698520418 -0.692997153 -0.178393309
vn 0.693886663 0.699956432 -0.169062987
vn 0.746368809 -0.635089644 0.198984286
vn 0.757997254 0.619987805 0.202621036
vn 0.401354257 -0.914119948 0.0574411083
vn 0.390947754 0.917984953 0.0668092756
vn 0.202389113 -0.97922286 0.0126979144
vn 0.211946811 0.97720254 0.0123994257
vn 0.800729312 -0.562726448 0.205357039
vn 0.814506186 0.543462523 0.203047187
vn 0.759491079 -0.624420317 -0.1824077
vn 0.759241199 0.622138043 -0.191042031
vn 0.218932247 -0.975704147 -0.0083718807
vn 0.221640403 0.975102778 -0.0070784523
vn 0.392494932 -0.918002596 -0.0567359021
vn 0.392706079 0.91800379 -0.0552356461
vn 0.855555884 -0.471941142 0.212827836
vn 0.86430728 0.451485088 0.221662222
vn 0.81490052 -0.541148033 -0.207595637
vn 0.818833588 0.541149683 -0.191490405
vn 0.483428321 -0.871937429 0.0776026962
vn 0.479091186 0.875294989 0.0658051592
vn 0.896852396 -0.378030157 0.229671462
vn 0.89792775 0.369035403 0.239872106
vn 0.298977157 -0.954159256 0.0138842695
vn 0.296293198 0.954999073 0.0136788564
vn 0.47085073 -0.879976106 -0.0627825039
vn 0.484265342 0.871939651 -0.0721687096
vn 0.314611795 -0.949065313 -0.0171595301
vn 0.305628788 0.952068493 -0.0125151208
vn 0.855526161 -0.474852308 -0.206374112
vn 0.859639264 0.46584059 -0.209792469
vn 0.922915904 -0.29594547 0.246257007
vn 0.931522573 0.280014848 0.232071931
vn 0.572458008 -0.815175997 0.0882038731
vn 0.557945738 0.824382007 0.0953459987
vn 0.94744572 -0.199406105 0.25016757
vn 0.949811327 0.18309412 0.253643422
vn 0.903312158 -0.37159665 -0.214343356
vn 0.900292889 0.371597625 -0.226689035
vn 0.966435017 -0.0898638106 0.240682058
vn 0.966434943 0.0898647346 0.240682012
vn 0.972570593 -0.000238781144 0.232607793
vn 0.964475549 0.000238781172 0.264172026
vn 0.55404601 -0.828305732 -0.0833224621
vn 0.569009959 0.818893177 -0.0751107947
vn 0.930950577 -0.27736823 -0.237482394
vn 0.935491396 0.277366396 -0.218914892
vn 0.386848571 -0.921814172 0.0246336428
vn 0.389461507 0.920718405 0.0244408042
vn 0.402663896 -0.915224076 -0.0150558068
vn 0.396230129 0.918003359 -0.0164778019
vn 0.953149681 -0.192621038 -0.233244122
vn 0.952822976 0.185810856 -0.240005628
vn 0.970563955 -0.0967511649 -0.22055571
vn 0.969974921 0.0871076314 -0.227070281
vn 0.967360799 -0.000357326429 -0.253402756
vn 0.97508571 0.000357327851 -0.221828157
vn 0.643891613 -0.759513188 0.0924300187
vn 0.641478269 0.761291759 0.0945541532
vn 0.630079005 -0.771990067 -0.0838557271
vn 0.636752106 0.765780509 -0.0901496954
vn 0.476967384 -0.878635423 0.0224032922
vn 0.474519038 0.879978747 0.0216584484
vn 0.491284331 -0.870594216 -0.0265596974
vn 0.483113747 0.87532255 -0.0202864611
vn 0.713447444 -0.692614815 0.106195393
vn 0.705816063 0.699997695 0.108751605
vn 0.719042944 -0.687359707 -0.102537203
vn 0.707115472 0.699957505 -0.100235728
vn 0.565169258 -0.82442001 0.0302548525
vn 0.559189092 0.828305358 0.0348968973
vn 0.767540069 -0.627517441 0.13078266
vn 0.764294618 0.632926037 0.123524768
vn 0.565412564 -0.824420521 -0.0252870921
vn 0.565475313 0.824418679 -0.0239062979
vn 0.770842358 0.627564721 -0.109382729
vn 0.832240963 -0.540253784 0.124502321
vn 0.82175843 0.557358997 0.11859187
vn 0.805550861 -0.580320264 -0.119650325
vn 0.634331649 -0.771990067 0.0406779501
vn 0.63498551 0.771986055 0.0288259027
vn 0.647964329 -0.761294106 -0.0239481166
vn 0.642523539 0.765779371 -0.0273030516
vn 0.827336116 0.549279302 -0.117504039
vn 0.880289786 -0.457233484 0.126599506
vn 0.866989196 0.480088346 0.133584857
vn 0.871809628 -0.47512183 -0.119194038
vn 0.876064013 0.46583881 -0.124523282
vn 0.720710857 -0.692349117 0.0350508383
vn 0.70796819 0.704869652 0.044043348
vn 0.915044976 -0.378031561 0.140658561
vn 0.911355993 0.384422803 0.147137225
vn 0.713473542 -0.699994478 -0.0310360518
vn 0.713536521 0.699956293 -0.0304437278
vn 0.947769354 -0.280015309 0.152724192
vn 0.945430089 0.295947337 0.136297913
vn 0.916509486 -0.378059218 -0.130696559
vn 0.911548828 0.386992455 -0.138980478
vn 0.972777875 -0.176742093 0.149884748
vn 0.967404532 0.199404636 0.156096967
vn 0.77737027 0.627564821 0.0431028811
vn 0.948436962 -0.286661655 -0.135249493
vn 0.947388807 0.293290111 -0.128200468
vn 0.983698323 -0.096772812 0.151567251
vn 0.984159576 0.106412649 0.141796602
vn 0.990675975 -0.000475214208 0.136238344
vn 0.985738088 0.000475214259 0.168286052
vn 0.77342255 -0.632966346 -0.0342222724
vn 0.777850115 0.627566976 -0.0332999772
vn 0.971827575 -0.183091284 -0.148420839
vn 0.968158408 0.202124879 -0.147698446
vn 0.800258716 -0.597738843 0.0478984599
vn 0.987508767 -0.0967496226 -0.124362154
vn 0.983661976 0.112839366 -0.14027257
vn 0.989971975 -0.000268511659 -0.141263646
vn 0.989984562 0.000709425029 -0.141173881
vn 0.834360948 0.549282379 0.0461592557
vn 0.838641334 -0.543499293 -0.0359058646
vn 0.834868327 0.549281376 -0.0358447602
vn 0.871666798 -0.488279462 0.0421919495
vn 0.883524745 0.465837324 0.0487812711
vn 0.884017386 -0.465869608 -0.0384547748
vn 0.884051886 0.465837024 -0.0380543123
vn 0.924425545 -0.378031994 0.0502913852
vn 0.924389051 0.378033875 0.0509438025
vn 0.921972749 -0.384422508 -0.0467502339
vn 0.927217874 0.371600066 -0.046694803
vn 0.95660956 -0.286671249 0.0521319925
vn 0.956582247 0.286671591 0.052628927
vn 0.954659452 -0.295947549 -0.0322548943
vn 0.960225129 0.277363752 -0.0322032733
vn 0.979814804 -0.19261984 0.053484091
vn 0.979796605 0.192619377 0.0538180977
vn 0.978664393 -0.199404427 -0.0495366573
vn 0.981337931 0.185808636 -0.0495077372
vn 0.992795491 -0.0967538262 0.0706810397
vn 0.994819911 0.0898645367 0.0475153585
vn 0.999265514 -0.000357307713 0.0383184636
vn 0.997480831 0.000238832086 0.0709361259
vn 0.994943276 -0.0967495347 -0.0269704616
vn 0.994782556 0.0871042629 -0.0531085159
vn 0.999047214 -0.000533988902 -0.0436391995
vn 0.999059107 0.000268486265 -0.0433685243
f 2247//2247 2176//2176 2246//2246
f 2247//2247 2177//2177 2176//2176
f 2249//2249 2177//2177 2247//2247
f 2249//2249 2179//2179 2177//2177
f 2254//2254 2185//2185 2179//2179
f 2254//2254 2179//2179 2249//2249
f 2262//2262 2185//2185 2254//2254
f 2262//2262 2190//2190 2185//2185
f 2265//2265 2190//2190 2262//2262
f 2272//2272 2203//2203 2190//2190
f 2272//2272 2190//2190 2265//2265
f 2310//2310 2247//2247 2246//2246
f 2310//2310 2246//2246 2309//2309
f 2272//2272 2213//2213 2203//2203
f 2278//2278 2213//2213 2272//2272
f 2311//2311 2249//2249 2247//2247
f 2311//2311 2247//2247 2310//2310
f 2295//2295 2213//2213 2278//2278
f 2295//2295 2221//2221 2213//2213
f 2315//2315 2249//2249 2311//2311
f 2296//2296 2221//2221 2295//2295
f 2296//2296 2227//2227 2221//2221
f 2322//2322 2249//2249 2315//2315
f 2322//2322 2254//2254 2249//2249
f 2331//2331 2254//2254 2322//2322
f 2331//2331 2262//2262 2254//2254
f 2331//2331 2265//2265 2262//2262
f 2337//2337 2272//2272 2265//2265
f 2337//2337 2265//2265 2331//2331
f 2387//2387 2309//2309 2384//2384
f 2387//2387 2384//2384 2491//2491
f 2387//2387 2310//2310 2309//2309
f 2341//2341 2272//2272 2337//2337
f 2350//2350 2272//2272 2341//2341
f 2350//2350 2278//2278 2272//2272
f 2392//2392 2311//2311 2310//2310
f 2392//2392 2310//2310 2387//2387
f 2350//2350 2295//2295 2278//2278
f 2392//2392 2315//2315 2311//2311
f 2393//2393 2315//2315 2392//2392
f 2358//2358 2295//2295 2350//2350
f 2358//2358 2296//2296 2295//2295
f 2397//2397 2322//2322 2315//2315
f 2397//2397 2315//2315 2393//2393
f 2397//2397 2331//2331 2322//2322
f 2409//2409 2341//2341 2337//2337
f 2409//2409 2331//2331 2397//2397
f 2409//2409 2337//2337 2331//2331
f 2492//2492 2387//2387 2491//2491
f 2409//2409 2350//2350 2341//2341
f 2493//2493 2392//2392 2387//2387
f 2493//2493 2387//2387 2492//2492
f 2428//2428 2350//2350 2409//2409
f 2493//2493 2393//2393 2392//2392
f 2493//2493 2397//2397 2393//2393
f 2428//2428 2358//2358 2350//2350
f 2428//2428 2446//2446 2358//2358
f 2499//2499 2397//2397 2493//2493
f 2518//2518 2397//2397 2499//2499
f 2540//2540 2397//2397 2518//2518
f 2540//2540 2409//2409 2397//2397
f 2620//2620 2491//2491 2619//2619
f 2620//2620 2492//2492 2491//2491
f 2621//2621 2493//2493 2492//2492
f 2621//2621 2492//2492 2620//2620
f 2549//2549 2428//2428 2409//2409
f 2549//2549 2409//2409 2540//2540
f 2553//2553 2428//2428 2549//2549
f 2553//2553 2446//2446 2428//2428
f 2553//2553 2554//2554 2446//2446
f 2626//2626 2493//2493 2621//2621
f 2626//2626 2499//2499 2493//2493
f 2626//2626 2518//2518 2499//2499
f 2629//2629 2518//2518 2626//2626
f 2632//2632 2540//2540 2518//2518
f 2632//2632 2518//2518 2629//2629
f 2708//2708 2619//2619 2707//2707
f 2708//2708 2620//2620 2619//2619
f 2709//2709 2621//2621 2620//2620
f 2709//2709 2620//2620 2708//2708
f 2637//2637 2549//2549 2540//2540
f 2637//2637 2540//2540 2632//2632
f 2709//2709 2626//2626 2621//2621
f 2637//2637 2640//2640 2554//2554
f 2637//2637 2553//2553 2549//2549
f 2637//2637 2554//2554 2553//2553
f 2712//2712 2626//2626 2709//2709
f 2715//2715 2626//2626 2712//2712
f 2715//2715 2629//2629 2626//2626
f 2716//2716 2629//2629 2715//2715
f 2716//2716 2632//2632 2629//2629
f 2769//2769 2707//2707 2770//2770
f 2769//2769 2770//2770 2841//2841
f 2769//2769 2708//2708 2707//2707
f 2717//2717 2632//2632 2716//2716
f 2768//2768 2708//2708 2769//2769
f 2768//2768 2709//2709 2708//2708
f 2717//2717 2637//2637 2632//2632
f 2767//2767 2709//2709 2768//2768
f 2722//2722 2637//2637 2717//2717
f 2767//2767 2712//2712 2709//2709
f 2722//2722 2640//2640 2637//2637
f 2766//2766 2712//2712 2767//2767
f 2766//2766 2715//2715 2712//2712
f 2765//2765 2715//2715 2766//2766
f 2764//2764 2716//2716 2715//2715
f 2764//2764 2715//2715 2765//2765
f 2840//2840 2841//2841 2924//2924
f 2840//2840 2769//2769 2841//2841
f 2839//2839 2768//2768 2769//2769
f 2839//2839 2769//2769 2840//2840
f 2763//2763 2717//2717 2716//2716
f 2763//2763 2716//2716 2764//2764
f 2838//2838 2768//2768 2839//2839
f 2838//2838 2767//2767 2768//2768
f 2763//2763 2722//2722 2717//2717
f 2762//2762 2722//2722 2763//2763
f 2837//2837 2767//2767 2838//2838
f 2837//2837 2766//2766 2767//2767
f 2836//2836 2766//2766 2837//2837
f 2836//2836 2765//2765 2766//2766
f 2833//2833 2765//2765 2836//2836
f 2833//2833 2764//2764 2765//2765
f 2923//2923 2840//2840 2924//2924
f 2830//2830 2764//2764 2833//2833
f 2923//2923 2839//2839 2840//2840
f 2830//2830 2763//2763 2764//2764
f 2922//2922 2839//2839 2923//2923
f 2922//2922 2838//2838 2839//2839
f 2829//2829 2763//2763 2830//2830
f 2827//2827 2763//2763 2829//2829
f 2921//2921 2838//2838 2922//2922
f 2827//2827 2762//2762 2763//2763
f 2918//2918 2837//2837 2838//2838
f 2918//2918 2838//2838 2921//2921
f 2918//2918 2836//2836 2837//2837
f 2917//2917 2836//2836 2918//2918
f 2912//2912 2833//2833 2836//2836
f 2912//2912 2830//2830 2833//2833
f 2912//2912 2836//2836 2917//2917
f 3049//3049 2924//2924 3050//3050
f 3049//3049 2923//2923 2924//2924
f 3049//3049 2922//2922 2923//2923
f 3048//3048 2922//2922 3049//3049
f 2908//2908 2829//2829 2830//2830
f 2908//2908 2830//2830 2912//2912
f 2908//2908 2827//2827 2829//2829
f 3045//3045 2921//2921 2922//2922
f 3045//3045 2922//2922 3048//3048
f 2906//2906 2827//2827 2908//2908
f 3042//3042 2918//2918 2921//2921
f 3042//3042 2921//2921 3045//3045
f 3042//3042 2917//2917 2918//2918
f 3036//3036 2917//2917 3042//3042
f 3036//3036 2912//2912 2917//2917
f 3149//3149 3050//3050 3150//3150
f 3149//3149 3049//3049 3050//3050
f 3036//3036 2908//2908 2912//2912
f 3147//3147 3049//3049 3149//3149
f 3147//3147 3048//3048 3049//3049
f 3028//3028 2908//2908 3036//3036
f 3147//3147 3045//3045 3048//3048
f 3028//3028 2906//2906 2908//2908
f 3028//3028 3000//3000 2906//2906
f 3028//3028 3116//3116 3000//3000
f 3145//3145 3042//3042 3045//3045
f 3145//3145 3045//3045 3147//3147
f 3144//3144 3042//3042 3145//3145
f 3143//3143 3042//3042 3144//3144
f 3140//3140 3042//3042 3143//3143
f 3140//3140 3036//3036 3042//3042
f 3223//3223 3150//3150 3224//3224
f 3223//3223 3149//3149 3150//3150
f 3223//3223 3147//3147 3149//3149
f 3127//3127 3036//3036 3140//3140
f 3222//3222 3147//3147 3223//3223
f 3127//3127 3028//3028 3036//3036
f 3221//3221 3147//3147 3222//3222
f 3124//3124 3116//3116 3028//3028
f 3124//3124 3175//3175 3116//3116
f 3124//3124 3028//3028 3127//3127
f 3218//3218 3145//3145 3147//3147
f 3218//3218 3147//3147 3221//3221
f 3218//3218 3144//3144 3145//3145
f 3218//3218 3140//3140 3143//3143
f 3218//3218 3143//3143 3144//3144
f 3211//3211 3140//3140 3218//3218
f 3293//3293 3224//3224 3294//3294
f 3293//3293 3223//3223 3224//3224
f 3200//3200 3140//3140 3211//3211
f 3200//3200 3127//3127 3140//3140
f 3288//3288 3223//3223 3293//3293
f 3288//3288 3222//3222 3223//3223
f 3187//3187 3127//3127 3200//3200
f 3287//3287 3222//3222 3288//3288
f 3287//3287 3221//3221 3222//3222
f 3187//3187 3175//3175 3124//3124
f 3187//3187 3124//3124 3127//3127
f 3278//3278 3221//3221 3287//3287
f 3278//3278 3218//3218 3221//3221
f 3278//3278 3211//3211 3218//3218
f 3273//3273 3200//3200 3211//3211
f 3273//3273 3211//3211 3278//3278
f 3373//3373 3294//3294 3375//3375
f 3373//3373 3293//3293 3294//3294
f 3260//3260 3200//3200 3273//3273
f 3260//3260 3187//3187 3200//3200
f 3371//3371 3293//3293 3373//3373
f 3371//3371 3288//3288 3293//3293
f 3371//3371 3287//3287 3288//3288
f 3250//3250 3187//3187 3260//3260
f 3366//3366 3278//3278 3287//3287
f 3366//3366 3287//3287 3371//3371
f 3250//3250 3175//3175 3187//3187
f 3250//3250 3237//3237 3175//3175
f 3356//3356 3278//3278 3366//3366
f 3350//3350 3278//3278 3356//3356
f 3343//3343 3273//3273 3278//3278
f 3343//3343 3278//3278 3350//3350
f 3452//3452 3375//3375 3453//3453
f 3452//3452 3373//3373 3375//3375
f 3333//3333 3260//3260 3273//3273
f 3333//3333 3273//3273 3343//3343
f 3444//3444 3371//3371 3373//3373
f 3444//3444 3373//3373 3452//3452
f 3320//3320 3260//3260 3333//3333
f 3444//3444 3366//3366 3371//3371
f 3320//3320 3250//3250 3260//3260
f 3304//3304 3250//3250 3320//3320
f 3304//3304 3237//3237 3250//3250
f 3416//3416 3366//3366 3444//3444
f 3416//3416 3356//3356 3366//3366
f 3416//3416 3350//3350 3356//3356
f 3416//3416 3343//3343 3350//3350
f 3410//3410 3343//3343 3416//3416
f 3525//3525 3453//3453 3527//3527
f 3525//3525 3452//3452 3453//3453
f 3396//3396 3343//3343 3410//3410
f 3396//3396 3333//3333 3343//3343
f 3517//3517 3452//3452 3525//3525
f 3517//3517 3444//3444 3452//3452
f 3396//3396 3320//3320 3333//3333
f 3383//3383 3320//3320 3396//3396
f 3517//3517 3416//3416 3444//3444
f 3376//3376 3304//3304 3320//3320
f 3376//3376 3320//3320 3383//3383
f 3511//3511 3416//3416 3517//3517
f 3496//3496 3416//3416 3511//3511
f 3476//3476 3410//3410 3416//3416
f 3476//3476 3416//3416 3496//3496
f 3582//3582 3527//3527 3587//3587
f 3582//3582 3525//3525 3527//3527
f 3464//3464 3396//3396 3410//3410
f 3464//3464 3410//3410 3476//3476
f 3577//3577 3525//3525 3582//3582
f 3577//3577 3517//3517 3525//3525
f 3457//3457 3396//3396 3464//3464
f 3457//3457 3383//3383 3396//3396
f 3577//3577 3511//3511 3517//3517
f 3439//3439 3383//3383 3457//3457
f 3439//3439 3376//3376 3383//3383
f 3570//3570 3511//3511 3577//3577
f 3567//3567 3511//3511 3570//3570
f 3567//3567 3496//3496 3511//3511
f 3554//3554 3496//3496 3567//3567
f 3539//3539 3496//3496 3554//3554
f 3539//3539 3476//3476 3496//3496
f 3663//3663 3587//3587 3672//3672
f 3663//3663 3582//3582 3587//3587
f 3539//3539 3464//3464 3476//3476
f 3531//3531 3464//3464 3539//3539
f 3655//3655 3582//3582 3663//3663
f 3655//3655 3577//3577 3582//3582
f 3518//3518 3464//3464 3531//3531
f 3518//3518 3457//3457 3464//3464
f 3643//3643 3577//3577 3655//3655
f 3518//3518 3439//3439 3457//3457
f 3503//3503 3439//3439 3518//3518
f 3631//3631 3577//3577 3643//3643
f 3631//3631 3570//3570 3577//3577
f 3615//3615 3567//3567 3570//3570
f 3615//3615 3570//3570 3631//3631
f 3615//3615 3554//3554 3567//3567
f 3598//3598 3539//3539 3554//3554
f 3598//3598 3554//3554 3615//3615
f 3723//3723 3663//3663 3672//3672
f 3723//3723 3672//3672 3729//3729
f 3579//3579 3539//3539 3598//3598
f 3579//3579 3531//3531 3539//3539
f 3717//3717 3663//3663 3723//3723
f 3717//3717 3655//3655 3663//3663
f 3568//3568 3518//3518 3531//3531
f 3568//3568 3531//3531 3579//3579
f 3717//3717 3643//3643 3655//3655
f 3706//3706 3643//3643 3717//3717
f 3544//3544 3503//3503 3518//3518
f 3544//3544 3518//3518 3568//3568
f 3692//3692 3631//3631 3643//3643
f 3692//3692 3643//3643 3706//3706
f 3692//3692 3615//3615 3631//3631
f 3692//3692 3598//3598 3615//3615
f 3644//3644 3598//3598 3692//3692
f 3797//3797 3729//3729 3804//3804
f 3797//3797 3723//3723 3729//3729
f 3644//3644 3579//3579 3598//3598
f 3797//3797 3717//3717 3723//3723
f 3777//3777 3717//3717 3797//3797
f 3605//3605 3579//3579 3644//3644
f 3605//3605 3568//3568 3579//3579
f 3777//3777 3706//3706 3717//3717
f 3777//3777 3692//3692 3706//3706
f 3605//3605 3544//3544 3568//3568
f 3605//3605 3580//3580 3544//3544
f 3759//3759 3692//3692 3777//3777
f 3732//3732 3692//3692 3759//3759
f 3732//3732 3644//3644 3692//3692
f 3698//3698 3644//3644 3732//3732
f 3835//3835 3804//3804 3839//3839
f 3835//3835 3797//3797 3804//3804
f 3835//3835 3777//3777 3797//3797
f 3698//3698 3605//3605 3644//3644
f 3820//3820 3777//3777 3835//3835
f 3666//3666 3605//3605 3698//3698
f 3820//3820 3759//3759 3777//3777
f 3634//3634 3580//3580 3605//3605
f 3634//3634 3623//3623 3580//3580
f 3634//3634 3660//3660 3623//3623
f 3634//3634 3605//3605 3666//3666
f 3802//3802 3732//3732 3759//3759
f 3802//3802 3759//3759 3820//3820
f 3764//3764 3732//3732 3802//3802
f 3731//3731 3732//3732 3764//3764
f 3731//3731 3698//3698 3732//3732
f 3857//3857 3839//3839 3863//3863
f 3857//3857 3835//3835 3839//3839
f 3857//3857 3820//3820 3835//3835
f 3846//3846 3820//3820 3857//3857
f 3693//3693 3666//3666 3698//3698
f 3693//3693 3698//3698 3731//3731
f 3693//3693 3660//3660 3634//3634
f 3693//3693 3634//3634 3666//3666
f 3822//3822 3820//3820 3846//3846
f 3822//3822 3802//3802 3820//3820
f 3810//3810 3802//3802 3822//3822
f 3810//3810 3764//3764 3802//3802
f 3768//3768 3764//3764 3810//3810
f 3768//3768 3731//3731 3764//3764
f 3866//3866 3857//3857 3863//3863
f 3866//3866 3863//3863 3868//3868
f 3866//3866 3846//3846 3857//3857
f 3730//3730 3731//3731 3768//3768
f 3858//3858 3846//3846 3866//3866
f 3730//3730 3693//3693 3731//3731
f 3848//3848 3846//3846 3858//3858
f 3695//3695 3693//3693 3730//3730
f 3848//3848 3822//3822 3846//3846
f 3695//3695 3660//3660 3693//3693
f 3825//3825 3822//3822 3848//3848
f 3825//3825 3810//3810 3822//3822
f 3809//3809 3768//3768 3810//3810
f 3809//3809 3810//3810 3825//3825
f 3772//3772 3768//3768 3809//3809
f 3855//3855 3866//3866 3868//3868
f 3855//3855 3868//3868 3856//3856
f 3772//3772 3730//3730 3768//3768
f 3853//3853 3858//3858 3866//3866
f 3853//3853 3866//3866 3855//3855
f 3728//3728 3730//3730 3772//3772
f 3840//3840 3858//3858 3853//3853
f 3840//3840 3848//3848 3858//3858
f 3728//3728 3695//3695 3730//3730
f 3840//3840 3825//3825 3848//3848
f 3696//3696 3695//3695 3728//3728
f 3817//3817 3825//3825 3840//3840
f 3803//3803 3825//3825 3817//3817
f 3803//3803 3809//3809 3825//3825
f 3803//3803 3772//3772 3809//3809
f 3771//3771 3772//3772 3803//3803
f 3827//3827 3856//3856 3830//3830
f 3827//3827 3855//3855 3856//3856
f 3752//3752 3728//3728 3772//3772
f 3752//3752 3772//3772 3771//3771
f 3827//3827 3853//3853 3855//3855
f 3726//3726 3728//3728 3752//3752
f 3815//3815 3840//3840 3853//3853
f 3815//3815 3853//3853 3827//3827
f 3690//3690 3728//3728 3726//3726
f 3813//3813 3817//3817 3840//3840
f 3813//3813 3840//3840 3815//3815
f 3690//3690 3696//3696 3728//3728
f 3783//3783 3817//3817 3813//3813
f 3783//3783 3803//3803 3817//3817
f 3755//3755 3771//3771 3803//3803
f 3755//3755 3803//3803 3783//3783
f 3722//3722 3771//3771 3755//3755
f 3778//3778 3830//3830 3781//3781
f 3778//3778 3827//3827 3830//3830
f 3722//3722 3752//3752 3771//3771
f 3722//3722 3726//3726 3752//3752
f 3767//3767 3815//3815 3827//3827
f 3767//3767 3827//3827 3778//3778
f 3694//3694 3726//3726 3722//3722
f 3694//3694 3690//3690 3726//3726
f 3754//3754 3815//3815 3767//3767
f 3754//3754 3813//3813 3815//3815
f 3662//3662 3690//3690 3694//3694
f 3727//3727 3813//3813 3754//3754
f 3727//3727 3783//3783 3813//3813
f 3727//3727 3755//3755 3783//3783
f 3691//3691 3755//3755 3727//3727
f 3691//3691 3722//3722 3755//3755
f 3709//3709 3781//3781 3713//3713
f 3709//3709 3778//3778 3781//3781
f 3702//3702 3778//3778 3709//3709
f 3702//3702 3767//3767 3778//3778
f 3638//3638 3694//3694 3722//3722
f 3638//3638 3722//3722 3691//3691
f 3702//3702 3754//3754 3767//3767
f 3638//3638 3611//3611 3662//3662
f 3638//3638 3662//3662 3694//3694
f 3638//3638 3575//3575 3611//3611
f 3689//3689 3754//3754 3702//3702
f 3689//3689 3727//3727 3754//3754
f 3684//3684 3727//3727 3689//3689
f 3661//3661 3691//3691 3727//3727
f 3661//3661 3727//3727 3684//3684
f 3633//3633 3691//3691 3661//3661
f 3637//3637 3709//3709 3713//3713
f 3637//3637 3713//3713 3642//3642
f 3607//3607 3691//3691 3633//3633
f 3632//3632 3702//3702 3709//3709
f 3632//3632 3709//3709 3637//3637
f 3607//3607 3638//3638 3691//3691
f 3624//3624 3702//3702 3632//3632
f 3581//3581 3638//3638 3607//3607
f 3581//3581 3575//3575 3638//3638
f 3606//3606 3689//3689 3702//3702
f 3606//3606 3702//3702 3624//3624
f 3606//3606 3684//3684 3689//3689
f 3606//3606 3661//3661 3684//3684
f 3585//3585 3661//3661 3606//3606
f 3585//3585 3633//3633 3661//3661
f 3571//3571 3642//3642 3573//3573
f 3571//3571 3637//3637 3642//3642
f 3572//3572 3633//3633 3585//3585
f 3572//3572 3607//3607 3633//3633
f 3569//3569 3632//3632 3637//3637
f 3569//3569 3637//3637 3571//3571
f 3551//3551 3607//3607 3572//3572
f 3566//3566 3632//3632 3569//3569
f 3566//3566 3624//3624 3632//3632
f 3551//3551 3575//3575 3581//3581
f 3551//3551 3534//3534 3575//3575
f 3551//3551 3581//3581 3607//3607
f 3549//3549 3606//3606 3624//3624
f 3549//3549 3624//3624 3566//3566
f 3549//3549 3585//3585 3606//3606
f 3532//3532 3585//3585 3549//3549
f 3510//3510 3573//3573 3513//3513
f 3510//3510 3571//3571 3573//3573
f 3519//3519 3572//3572 3585//3585
f 3519//3519 3585//3585 3532//3532
f 3508//3508 3569//3569 3571//3571
f 3508//3508 3566//3566 3569//3569
f 3508//3508 3571//3571 3510//3510
f 3519//3519 3551//3551 3572//3572
f 3492//3492 3551//3551 3519//3519
f 3499//3499 3566//3566 3508//3508
f 3492//3492 3534//3534 3551//3551
f 3492//3492 3473//3473 3534//3534
f 3492//3492 3414//3414 3473//3473
f 3480//3480 3549//3549 3566//3566
f 3480//3480 3566//3566 3499//3499
f 3466//3466 3532//3532 3549//3549
f 3466//3466 3549//3549 3480//3480
f 3460//3460 3519//3519 3532//3532
f 3460//3460 3532//3532 3466//3466
f 3421//3421 3510//3510 3513//3513
f 3421//3421 3513//3513 3424//3424
f 3421//3421 3424//3424 3355//3355
f 3421//3421 3355//3355 3354//3354
f 3458//3458 3519//3519 3460//3460
f 3419//3419 3421//3421 3354//3354
f 3419//3419 3510//3510 3421//3421
f 3415//3415 3510//3510 3419//3419
f 3415//3415 3354//3354 3352//3352
f 3415//3415 3508//3508 3510//3510
f 3415//3415 3419//3419 3354//3354
f 3443//3443 3519//3519 3458//3458
f 3443//3443 3492//3492 3519//3519
f 3415//3415 3499//3499 3508//3508
f 3414//3414 3492//3492 3443//3443
f 3406//3406 3499//3499 3415//3415
f 3406//3406 3352//3352 3346//3346
f 3406//3406 3415//3415 3352//3352
f 3406//3406 3480//3480 3499//3499
f 3406//3406 3346//3346 3339//3339
f 3406//3406 3466//3466 3480//3480
f 3393//3393 3460//3460 3466//3466
f 3393//3393 3406//3406 3339//3339
f 3393//3393 3339//3339 3324//3324
f 3393//3393 3466//3466 3406//3406
f 3381//3381 3458//3458 3460//3460
f 3381//3381 3324//3324 3313//3313
f 3381//3381 3393//3393 3324//3324
f 3381//3381 3460//3460 3393//3393
f 3381//3381 3443//3443 3458//3458
f 3381//3381 3313//3313 3301//3301
f 3374//3374 3443//3443 3381//3381
f 3374//3374 3381//3381 3301//3301
f 3359//3359 3414//3414 3443//3443
f 3359//3359 3301//3301 3295//3295
f 3359//3359 3443//3443 3374//3374
f 3359//3359 3374//3374 3301//3301
f 3277//3277 3354//3354 3355//3355
f 3276//3276 3354//3354 3277//3277
f 3274//3274 3352//3352 3354//3354
f 3274//3274 3354//3354 3276//3276
f 3269//3269 3346//3346 3352//3352
f 3269//3269 3352//3352 3274//3274
f 3261//3261 3339//3339 3346//3346
f 3261//3261 3346//3346 3269//3269
f 3258//3258 3339//3339 3261//3261
f 3251//3251 3324//3324 3339//3339
f 3251//3251 3339//3339 3258//3258
f 3213//3213 3276//3276 3277//3277
f 3213//3213 3277//3277 3214//3214
f 3251//3251 3313//3313 3324//3324
f 3245//3245 3313//3313 3251//3251
f 3212//3212 3276//3276 3213//3213
f 3212//3212 3274//3274 3276//3276
f 3228//3228 3301//3301 3313//3313
f 3228//3228 3313//3313 3245//3245
f 3208//3208 3274//3274 3212//3212
f 3227//3227 3301//3301 3228//3228
f 3227//3227 3295//3295 3301//3301
f 3201//3201 3274//3274 3208//3208
f 3201//3201 3269//3269 3274//3274
f 3192//3192 3269//3269 3201//3201
f 3192//3192 3261//3261 3269//3269
f 3192//3192 3258//3258 3261//3261
f 3186//3186 3251//3251 3258//3258
f 3186//3186 3258//3258 3192//3192
f 3136//3136 3213//3213 3214//3214
f 3136//3136 3214//3214 3139//3139
f 3176//3176 3251//3251 3186//3186
f 3176//3176 3245//3245 3251//3251
f 3131//3131 3212//3212 3213//3213
f 3131//3131 3213//3213 3136//3136
f 3173//3173 3245//3245 3176//3176
f 3173//3173 3228//3228 3245//3245
f 3131//3131 3208//3208 3212//3212
f 3165//3165 3228//3228 3173//3173
f 3130//3130 3208//3208 3131//3131
f 3165//3165 3227//3227 3228//3228
f 3126//3126 3201//3201 3208//3208
f 3126//3126 3208//3208 3130//3130
f 3126//3126 3192//3192 3201//3201
f 3114//3114 3192//3192 3126//3126
f 3114//3114 3186//3186 3192//3192
f 3031//3031 3136//3136 3139//3139
f 3031//3031 3139//3139 3032//3032
f 3114//3114 3176//3176 3186//3186
f 3030//3030 3136//3136 3031//3031
f 3030//3030 3131//3131 3136//3136
f 3095//3095 3176//3176 3114//3114
f 3095//3095 3173//3173 3176//3176
f 3095//3095 3165//3165 3173//3173
f 3030//3030 3130//3130 3131//3131
f 3095//3095 3077//3077 3165//3165
f 3026//3026 3130//3130 3030//3030
f 3026//3026 3126//3126 3130//3130
f 3003//3003 3126//3126 3026//3026
f 2983//2983 3126//3126 3003//3003
f 2983//2983 3114//3114 3126//3126
f 2903//2903 3032//3032 2904//2904
f 2903//2903 3031//3031 3032//3032
f 2902//2902 3031//3031 2903//2903
f 2902//2902 3030//3030 3031//3031
f 2974//2974 3114//3114 2983//2983
f 2974//2974 3095//3095 3114//3114
f 2970//2970 3095//3095 2974//2974
f 2970//2970 3077//3077 3095//3095
f 2970//2970 2969//2969 3077//3077
f 2897//2897 3026//3026 3030//3030
f 2897//2897 3030//3030 2902//2902
f 2897//2897 3003//3003 3026//3026
f 2894//2894 3003//3003 2897//2897
f 2891//2891 2983//2983 3003//3003
f 2891//2891 3003//3003 2894//2894
f 2815//2815 2903//2903 2904//2904
f 2815//2815 2904//2904 2816//2816
f 2814//2814 2902//2902 2903//2903
f 2814//2814 2903//2903 2815//2815
f 2886//2886 2983//2983 2891//2891
f 2886//2886 2974//2974 2983//2983
f 2886//2886 2883//2883 2969//2969
f 2886//2886 2970//2970 2974//2974
f 2886//2886 2969//2969 2970//2970
f 2811//2811 2897//2897 2902//2902
f 2811//2811 2902//2902 2814//2814
f 2808//2808 2897//2897 2811//2811
f 2808//2808 2894//2894 2897//2897
f 2807//2807 2894//2894 2808//2808
f 2807//2807 2891//2891 2894//2894
f 2754//2754 2816//2816 2753//2753
f 2754//2754 2753//2753 2682//2682
f 2754//2754 2815//2815 2816//2816
f 2806//2806 2891//2891 2807//2807
f 2755//2755 2815//2815 2754//2754
f 2755//2755 2814//2814 2815//2815
f 2806//2806 2886//2886 2891//2891
f 2756//2756 2814//2814 2755//2755
f 2801//2801 2886//2886 2806//2806
f 2801//2801 2883//2883 2886//2886
f 2757//2757 2811//2811 2814//2814
f 2757//2757 2814//2814 2756//2756
f 2757//2757 2808//2808 2811//2811
f 2758//2758 2807//2807 2808//2808
f 2758//2758 2808//2808 2757//2757
f 2759//2759 2807//2807 2758//2758
f 2683//2683 2682//2682 2599//2599
f 2683//2683 2754//2754 2682//2682
f 2759//2759 2806//2806 2807//2807
f 2684//2684 2755//2755 2754//2754
f 2684//2684 2754//2754 2683//2683
f 2760//2760 2806//2806 2759//2759
f 2685//2685 2755//2755 2684//2684
f 2685//2685 2756//2756 2755//2755
f 2760//2760 2801//2801 2806//2806
f 2685//2685 2757//2757 2756//2756
f 2761//2761 2801//2801 2760//2760
f 2686//2686 2757//2757 2685//2685
f 2687//2687 2757//2757 2686//2686
f 2687//2687 2758//2758 2757//2757
f 2690//2690 2758//2758 2687//2687
f 2690//2690 2759//2759 2758//2758
f 2600//2600 2683//2683 2599//2599
f 2691//2691 2759//2759 2690//2690
f 2691//2691 2760//2760 2759//2759
f 2600//2600 2684//2684 2683//2683
f 2694//2694 2760//2760 2691//2691
f 2601//2601 2685//2685 2684//2684
f 2601//2601 2684//2684 2600//2600
f 2696//2696 2760//2760 2694//2694
f 2602//2602 2685//2685 2601//2601
f 2696//2696 2761//2761 2760//2760
f 2605//2605 2686//2686 2685//2685
f 2605//2605 2685//2685 2602//2602
f 2605//2605 2687//2687 2686//2686
f 2606//2606 2690//2690 2687//2687
f 2606//2606 2687//2687 2605//2605
f 2611//2611 2690//2690 2606//2606
f 2474//2474 2599//2599 2473//2473
f 2474//2474 2600//2600 2599//2599
f 2611//2611 2691//2691 2690//2690
f 2474//2474 2601//2601 2600//2600
f 2611//2611 2694//2694 2691//2691
f 2475//2475 2601//2601 2474//2474
f 2615//2615 2694//2694 2611//2611
f 2615//2615 2696//2696 2694//2694
f 2478//2478 2602//2602 2601//2601
f 2478//2478 2601//2601 2475//2475
f 2617//2617 2696//2696 2615//2615
f 2481//2481 2605//2605 2602//2602
f 2481//2481 2602//2602 2478//2478
f 2481//2481 2606//2606 2605//2605
f 2487//2487 2611//2611 2606//2606
f 2487//2487 2606//2606 2481//2481
f 2374//2374 2473//2473 2373//2373
f 2374//2374 2474//2474 2473//2473
f 2374//2374 2475//2475 2474//2474
f 2377//2377 2475//2475 2374//2374
f 2495//2495 2611//2611 2487//2487
f 2495//2495 2615//2615 2611//2611
f 2377//2377 2478//2478 2475//2475
f 2377//2377 2481//2481 2478//2478
f 2495//2495 2617//2617 2615//2615
f 2495//2495 2525//2525 2617//2617
f 2378//2378 2481//2481 2377//2377
f 2379//2379 2481//2481 2378//2378
f 2380//2380 2481//2481 2379//2379
f 2383//2383 2487//2487 2481//2481
f 2383//2383 2481//2481 2380//2380
f 2300//2300 2373//2373 2299//2299
f 2300//2300 2374//2374 2373//2373
f 2396//2396 2487//2487 2383//2383
f 2396//2396 2495//2495 2487//2487
f 2301//2301 2374//2374 2300//2300
f 2301//2301 2377//2377 2374//2374
f 2302//2302 2378//2378 2377//2377
f 2302//2302 2377//2377 2301//2301
f 2399//2399 2525//2525 2495//2495
f 2399//2399 2407//2407 2525//2525
f 2399//2399 2495//2495 2396//2396
f 2305//2305 2378//2378 2302//2302
f 2305//2305 2380//2380 2379//2379
f 2305//2305 2379//2379 2378//2378
f 2312//2312 2383//2383 2380//2380
f 2312//2312 2380//2380 2305//2305
f 2229//2229 2299//2299 2228//2228
f 2229//2229 2300//2300 2299//2299
f 2324//2324 2383//2383 2312//2312
f 2229//2229 2301//2301 2300//2300
f 2324//2324 2396//2396 2383//2383
f 2234//2234 2301//2301 2229//2229
f 2336//2336 2396//2396 2324//2324
f 2235//2235 2301//2301 2234//2234
f 2236//2236 2301//2301 2235//2235
f 2236//2236 2305//2305 2302//2302
f 2236//2236 2302//2302 2301//2301
f 2336//2336 2348//2348 2407//2407
f 2336//2336 2407//2407 2399//2399
f 2336//2336 2399//2399 2396//2396
f 2245//2245 2305//2305 2236//2236
f 2250//2250 2312//2312 2305//2305
f 2250//2250 2324//2324 2312//2312
f 2250//2250 2305//2305 2245//2245
f 2160//2160 2228//2228 2158//2158
f 2160//2160 2229//2229 2228//2228
f 2263//2263 2324//2324 2250//2250
f 2162//2162 2234//2234 2229//2229
f 2162//2162 2235//2235 2234//2234
f 2162//2162 2229//2229 2160//2160
f 2263//2263 2336//2336 2324//2324
f 2273//2273 2336//2336 2263//2263
f 2167//2167 2236//2236 2235//2235
f 2167//2167 2235//2235 2162//2162
f 2273//2273 2348//2348 2336//2336
f 2273//2273 2286//2286 2348//2348
f 2175//2175 2245//2245 2236//2236
f 2175//2175 2236//2236 2167//2167
f 2181//2181 2245//2245 2175//2175
f 2187//2187 2250//2250 2245//2245
f 2187//2187 2245//2245 2181//2181
f 2087//2087 2160//2160 2158//2158
f 2087//2087 2158//2158 2085//2085
f 2195//2195 2263//2263 2250//2250
f 2195//2195 2250//2250 2187//2187
f 2088//2088 2160//2160 2087//2087
f 2095//2095 2162//2162 2160//2160
f 2095//2095 2160//2160 2088//2088
f 2207//2207 2263//2263 2195//2195
f 2207//2207 2273//2273 2263//2263
f 2095//2095 2167//2167 2162//2162
f 2095//2095 2175//2175 2167//2167
f 2218//2218 2273//2273 2207//2207
f 2218//2218 2286//2286 2273//2273
f 2121//2121 2175//2175 2095//2095
f 2121//2121 2181//2181 2175//2175
f 2127//2127 2181//2181 2121//2121
f 2127//2127 2195//2195 2187//2187
f 2127//2127 2187//2187 2181//2181
f 2016//2016 2085//2085 2015//2015
f 2016//2016 2087//2087 2085//2085
f 2016//2016 2088//2088 2087//2087
f 2139//2139 2195//2195 2127//2127
f 2024//2024 2095//2095 2088//2088
f 2024//2024 2088//2088 2016//2016
f 2139//2139 2207//2207 2195//2195
f 2152//2152 2207//2207 2139//2139
f 2157//2157 2218//2218 2207//2207
f 2157//2157 2207//2207 2152//2152
f 2029//2029 2121//2121 2095//2095
f 2029//2029 2095//2095 2024//2024
f 2044//2044 2121//2121 2029//2029
f 2064//2064 2127//2127 2121//2121
f 2064//2064 2121//2121 2044//2044
f 1963//1963 2015//2015 1957//1957
f 1963//1963 2016//2016 2015//2015
f 2075//2075 2139//2139 2127//2127
f 2075//2075 2127//2127 2064//2064
f 1966//1966 2024//2024 2016//2016
f 1966//1966 2016//2016 1963//1963
f 2081//2081 2139//2139 2075//2075
f 2081//2081 2152//2152 2139//2139
f 1966//1966 2029//2029 2024//2024
f 2100//2100 2152//2152 2081//2081
f 2100//2100 2157//2157 2152//2152
f 1974//1974 2044//2044 2029//2029
f 1974//1974 2029//2029 1966//1966
f 1977//1977 2044//2044 1974//1974
f 1989//1989 2044//2044 1977//1977
f 2003//2003 2044//2044 1989//1989
f 2003//2003 2064//2064 2044//2044
f 1881//1881 1957//1957 1874//1874
f 1881//1881 1963//1963 1957//1957
f 2003//2003 2075//2075 2064//2064
f 2011//2011 2075//2075 2003//2003
f 1891//1891 1963//1963 1881//1881
f 1891//1891 1966//1966 1963//1963
f 2022//2022 2081//2081 2075//2075
f 2022//2022 2075//2075 2011//2011
f 1902//1902 1966//1966 1891//1891
f 2038//2038 2100//2100 2081//2081
f 2038//2038 2081//2081 2022//2022
f 1913//1913 1974//1974 1966//1966
f 1913//1913 1966//1966 1902//1902
f 1930//1930 1977//1977 1974//1974
f 1930//1930 1974//1974 1913//1913
f 1930//1930 1989//1989 1977//1977
f 1946//1946 2003//2003 1989//1989
f 1946//1946 1989//1989 1930//1930
f 1824//1824 1881//1881 1874//1874
f 1824//1824 1874//1874 1819//1819
f 1956//1956 2011//2011 2003//2003
f 1956//1956 2003//2003 1946//1946
f 1969//1969 2011//2011 1956//1956
f 1831//1831 1891//1891 1881//1881
f 1831//1831 1881//1881 1824//1824
f 1969//1969 2022//2022 2011//2011
f 1831//1831 1902//1902 1891//1891
f 1990//1990 2038//2038 2022//2022
f 1990//1990 2022//2022 1969//1969
f 1841//1841 1913//1913 1902//1902
f 1841//1841 1902//1902 1831//1831
f 1856//1856 1913//1913 1841//1841
f 1856//1856 1930//1930 1913//1913
f 1901//1901 1946//1946 1930//1930
f 1901//1901 1930//1930 1856//1856
f 1751//1751 1824//1824 1819//1819
f 1751//1751 1819//1819 1745//1745
f 1901//1901 1956//1956 1946//1946
f 1901//1901 1969//1969 1956//1956
f 1771//1771 1824//1824 1751//1751
f 1771//1771 1831//1831 1824//1824
f 1940//1940 1969//1969 1901//1901
f 1771//1771 1841//1841 1831//1831
f 1940//1940 1990//1990 1969//1969
f 1940//1940 1964//1964 1990//1990
f 1790//1790 1856//1856 1841//1841
f 1790//1790 1841//1841 1771//1771
f 1816//1816 1856//1856 1790//1790
f 1816//1816 1901//1901 1856//1856
f 1849//1849 1901//1901 1816//1816
f 1715//1715 1751//1751 1745//1745
f 1715//1715 1745//1745 1711//1711
f 1715//1715 1771//1771 1751//1751
f 1849//1849 1940//1940 1901//1901
f 1730//1730 1771//1771 1715//1715
f 1884//1884 1940//1940 1849//1849
f 1730//1730 1790//1790 1771//1771
f 1912//1912 1964//1964 1940//1940
f 1912//1912 1940//1940 1884//1884
f 1912//1912 1922//1922 1964//1964
f 1748//1748 1790//1790 1730//1730
f 1748//1748 1816//1816 1790//1790
f 1785//1785 1816//1816 1748//1748
f 1817//1817 1816//1816 1785//1785
f 1817//1817 1849//1849 1816//1816
f 1693//1693 1715//1715 1711//1711
f 1693//1693 1711//1711 1687//1687
f 1704//1704 1715//1715 1693//1693
f 1704//1704 1730//1730 1715//1715
f 1854//1854 1849//1849 1817//1817
f 1854//1854 1884//1884 1849//1849
f 1854//1854 1886//1886 1922//1922
f 1854//1854 1912//1912 1884//1884
f 1854//1854 1922//1922 1912//1912
f 1727//1727 1730//1730 1704//1704
f 1727//1727 1748//1748 1730//1730
f 1739//1739 1748//1748 1727//1727
f 1739//1739 1785//1785 1748//1748
f 1739//1739 1817//1817 1785//1785
f 1782//1782 1817//1817 1739//1739
f 1684//1684 1693//1693 1687//1687
f 1684//1684 1687//1687 1682//1682
f 1684//1684 1704//1704 1693//1693
f 1818//1818 1854//1854 1817//1817
f 1818//1818 1817//1817 1782//1782
f 1692//1692 1704//1704 1684//1684
f 1703//1703 1704//1704 1692//1692
f 1855//1855 1854//1854 1818//1818
f 1703//1703 1727//1727 1704//1704
f 1855//1855 1886//1886 1854//1854
f 1728//1728 1727//1727 1703//1703
f 1728//1728 1739//1739 1727//1727
f 1740//1740 1782//1782 1739//1739
f 1740//1740 1739//1739 1728//1728
f 1774//1774 1782//1782 1740//1740
f 1695//1695 1682//1682 1694//1694
f 1695//1695 1684//1684 1682//1682
f 1697//1697 1684//1684 1695//1695
f 1821//1821 1782//1782 1774//1774
f 1821//1821 1818//1818 1782//1782
f 1710//1710 1684//1684 1697//1697
f 1710//1710 1692//1692 1684//1684
f 1710//1710 1703//1703 1692//1692
f 1821//1821 1855//1855 1818//1818
f 1851//1851 1855//1855 1821//1821
f 1733//1733 1703//1703 1710//1710
f 1733//1733 1728//1728 1703//1703
f 1744//1744 1728//1728 1733//1733
f 1744//1744 1740//1740 1728//1728
f 1778//1778 1740//1740 1744//1744
f 1778//1778 1774//1774 1740//1740
f 1723//1723 1695//1695 1694//1694
f 1723//1723 1694//1694 1720//1720
f 1802//1802 1774//1774 1778//1778
f 1723//1723 1697//1697 1695//1695
f 1802//1802 1821//1821 1774//1774
f 1734//1734 1697//1697 1723//1723
f 1734//1734 1710//1710 1697//1697
f 1828//1828 1821//1821 1802//1802
f 1852//1852 1821//1821 1828//1828
f 1736//1736 1710//1710 1734//1734
f 1852//1852 1851//1851 1821//1821
f 1766//1766 1710//1710 1736//1736
f 1766//1766 1733//1733 1710//1710
f 1766//1766 1744//1744 1733//1733
f 1794//1794 1778//1778 1744//1744
f 1794//1794 1744//1744 1766//1766
f 1825//1825 1802//1802 1778//1778
f 1825//1825 1778//1778 1794//1794
f 1770//1770 1720//1720 1767//1767
f 1770//1770 1723//1723 1720//1720
f 1781//1781 1723//1723 1770//1770
f 1781//1781 1734//1734 1723//1723
f 1853//1853 1828//1828 1802//1802
f 1853//1853 1802//1802 1825//1825
f 1853//1853 1852//1852 1828//1828
f 1795//1795 1734//1734 1781//1781
f 1795//1795 1736//1736 1734//1734
f 1880//1880 1852//1852 1853//1853
f 1820//1820 1736//1736 1795//1795
f 1820//1820 1766//1766 1736//1736
f 1820//1820 1794//1794 1766//1766
f 1857//1857 1794//1794 1820//1820
f 1857//1857 1825//1825 1794//1794
f 1838//1838 1767//1767 1835//1835
f 1838//1838 1770//1770 1767//1767
f 1845//1845 1770//1770 1838//1838
f 1845//1845 1781//1781 1770//1770
f 1904//1904 1853//1853 1825//1825
f 1904//1904 1825//1825 1857//1857
f 1845//1845 1795//1795 1781//1781
f 1904//1904 1934//1934 1880//1880
f 1904//1904 1880//1880 1853//1853
f 1858//1858 1820//1820 1795//1795
f 1858//1858 1795//1795 1845//1845
f 1863//1863 1820//1820 1858//1858
f 1885//1885 1857//1857 1820//1820
f 1885//1885 1820//1820 1863//1863
f 1909//1909 1857//1857 1885//1885
f 1908//1908 1838//1838 1835//1835
f 1908//1908 1835//1835 1903//1903
f 1938//1938 1857//1857 1909//1909
f 1914//1914 1845//1845 1838//1838
f 1914//1914 1838//1838 1908//1908
f 1938//1938 1904//1904 1857//1857
f 1921//1921 1845//1845 1914//1914
f 1962//1962 1934//1934 1904//1904
f 1962//1962 1968//1968 1934//1934
f 1962//1962 1904//1904 1938//1938
f 1939//1939 1858//1858 1845//1845
f 1939//1939 1845//1845 1921//1921
f 1939//1939 1863//1863 1858//1858
f 1939//1939 1885//1885 1863//1863
f 1959//1959 1885//1885 1939//1939
f 1959//1959 1909//1909 1885//1885
f 1973//1973 1908//1908 1903//1903
f 1973//1973 1903//1903 1971//1971
f 1972//1972 1909//1909 1959//1959
f 1972//1972 1938//1938 1909//1909
f 1975//1975 1908//1908 1973//1973
f 1975//1975 1914//1914 1908//1908
f 1993//1993 1938//1938 1972//1972
f 1976//1976 1914//1914 1975//1975
f 1981//1981 1921//1921 1914//1914
f 1981//1981 1914//1914 1976//1976
f 1993//1993 1968//1968 1962//1962
f 1993//1993 1962//1962 1938//1938
f 1993//1993 2008//2008 1968//1968
f 1995//1995 1939//1939 1921//1921
f 1995//1995 1921//1921 1981//1981
f 1995//1995 1959//1959 1939//1939
f 2010//2010 1959//1959 1995//1995
f 2010//2010 1972//1972 1959//1959
f 2030//2030 1973//1973 1971//1971
f 2030//2030 1971//1971 2028//2028
f 2023//2023 1972//1972 2010//2010
f 2032//2032 1973//1973 2030//2030
f 2032//2032 1975//1975 1973//1973
f 2023//2023 1993//1993 1972//1972
f 2032//2032 1976//1976 1975//1975
f 2048//2048 1993//1993 2023//2023
f 2041//2041 1981//1981 1976//1976
f 2041//2041 1976//1976 2032//2032
f 2048//2048 2008//2008 1993//1993
f 2048//2048 2067//2067 2008//2008
f 2062//2062 1995//1995 1981//1981
f 2062//2062 1981//1981 2041//2041
f 2073//2073 1995//1995 2062//2062
f 2078//2078 1995//1995 2073//2073
f 2078//2078 2010//2010 1995//1995
f 2118//2118 2030//2030 2028//2028
f 2118//2118 2028//2028 2114//2114
f 2118//2118 2114//2114 2176//2176
f 2118//2118 2176//2176 2177//2177
f 2080//2080 2023//2023 2010//2010
f 2080//2080 2010//2010 2078//2078
f 2123//2123 2177//2177 2179//2179
f 2123//2123 2032//2032 2030//2030
f 2123//2123 2030//2030 2118//2118
f 2123//2123 2118//2118 2177//2177
f 2096//2096 2023//2023 2080//2080
f 2096//2096 2048//2048 2023//2023
f 2123//2123 2041//2041 2032//2032
f 2122//2122 2048//2048 2096//2096
f 2122//2122 2067//2067 2048//2048
f 2130//2130 2123//2123 2179//2179
f 2130//2130 2041//2041 2123//2123
f 2130//2130 2179//2179 2185//2185
f 2130//2130 2062//2062 2041//2041
f 2130//2130 2185//2185 2190//2190
f 2130//2130 2073//2073 2062//2062
f 2142//2142 2078//2078 2073//2073
f 2142//2142 2130//2130 2190//2190
f 2142//2142 2073//2073 2130//2130
f 2142//2142 2190//2190 2203//2203
f 2153//2153 2080//2080 2078//2078
f 2153//2153 2142//2142 2203//2203
f 2153//2153 2203//2203 2213//2213
f 2153//2153 2078//2078 2142//2142
f 2153//2153 2096//2096 2080//2080
f 2153//2153 2213//2213 2221//2221
f 2159//2159 2096//2096 2153//2153
f 2159//2159 2153//2153 2221//2221
f 2172//2172 2122//2122 2096//2096
f 2172//2172 2096//2096 2159//2159
f 2172//2172 2221//2221 2227//2227
f 2172//2172 2159//2159 2221//2221
f 1855//1855 1851//1851 1852//1852
f 1855//1855 1852//1852 1880//1880
f 1922//1922 1886//1886 1855//1855
f 2008//2008 1880//1880 1934//1934
f 2008//2008 1934//1934 1968//1968
f 2008//2008 1855//1855 1880//1880
f 1964//1964 1922//1922 1855//1855
f 2172//2172 2067//2067 2122//2122
f 2100//2100 2038//2038 1990//1990
f 2227//2227 2008//2008 2067//2067
f 2227//2227 2067//2067 2172//2172
f 2227//2227 1855//1855 2008//2008
f 2157//2157 1990//1990 1964//1964
f 2157//2157 2100//2100 1990//1990
f 2446//2446 1855//1855 2227//2227
f 2446//2446 2227//2227 2296//2296
f 2446//2446 2296//2296 2358//2358
f 2286//2286 2218//2218 2157//2157
f 2348//2348 2286//2286 2157//2157
f 2640//2640 2446//2446 2554//2554
f 2722//2722 2446//2446 2640//2640
f 2525//2525 2407//2407 2348//2348
f 2696//2696 2617//2617 2525//2525
f 2696//2696 2525//2525 2348//2348
f 2906//2906 2722//2722 2762//2762
f 2906//2906 2762//2762 2827//2827
f 2801//2801 2761//2761 2696//2696
f 2801//2801 2696//2696 2348//2348
f 2801//2801 2348//2348 2157//2157
f 2801//2801 2157//2157 1964//1964
f 3175//3175 3000//3000 3116//3116
f 2969//2969 2883//2883 2801//2801
f 3237//3237 3000//3000 3175//3175
f 3304//3304 2446//2446 2722//2722
f 3304//3304 2722//2722 2906//2906
f 3304//3304 3000//3000 3237//3237
f 3304//3304 2906//2906 3000//3000
f 3376//3376 2446//2446 3304//3304
f 3295//3295 3227//3227 3165//3165
f 3359//3359 3165//3165 3077//3077
f 3359//3359 3077//3077 2969//2969
f 3359//3359 2969//2969 2801//2801
f 3359//3359 3295//3295 3165//3165
f 3544//3544 3439//3439 3503//3503
f 3580//3580 1855//1855 2446//2446
f 3580//3580 2801//2801 1964//1964
f 3580//3580 3376//3376 3439//3439
f 3580//3580 3439//3439 3544//3544
f 3580//3580 2446//2446 3376//3376
f 3580//3580 3359//3359 2801//2801
f 3580//3580 1964//1964 1855//1855
f 3575//3575 3534//3534 3473//3473
f 3695//3695 3580//3580 3623//3623
f 3695//3695 3623//3623 3660//3660
f 3611//3611 3575//3575 3473//3473
f 3662//3662 3473//3473 3414//3414
f 3662//3662 3414//3414 3359//3359
f 3662//3662 3611//3611 3473//3473
f 3690//3690 3359//3359 3580//3580
f 3690//3690 3695//3695 3696//3696
f 3690//3690 3662//3662 3359//3359
f 3690//3690 3580//3580 3695//3695
f 2655//2655 2732//2732 2654//2654
f 2733//2733 2732//2732 2655//2655
f 2782//2782 2781//2781 2732//2732
f 2782//2782 2732//2732 2733//2733
f 2862//2862 2861//2861 2781//2781
f 2862//2862 2958//2958 2861//2861
f 2862//2862 2781//2781 2782//2782
f 2959//2959 2958//2958 2862//2862
f 3074//3074 3073//3073 2958//2958
f 3074//3074 2958//2958 2959//2959
f 3167//3167 3166//3166 3073//3073
f 3167//3167 3248//3248 3166//3166
f 3167//3167 3073//3073 3074//3074
f 3249//3249 3248//3248 3167//3167
f 3323//3323 3248//3248 3249//3249
f 3323//3323 3322//3322 3248//3248
f 3323//3323 3397//3397 3322//3322
f 3398//3398 3397//3397 3323//3323
f 3475//3475 3397//3397 3398//3398
f 3475//3475 3474//3474 3397//3397
f 3553//3553 3474//3474 3475//3475
f 3553//3553 3552//3552 3474//3474
f 3553//3553 3618//3618 3552//3552
f 3619//3619 3618//3618 3553//3553
f 3619//3619 3699//3699 3618//3618
f 3700//3700 3699//3699 3619//3619
f 3766//3766 3699//3699 3700//3700
f 3766//3766 3765//3765 3699//3699
f 3824//3824 3765//3765 3766//3766
f 3824//3824 3823//3823 3765//3765
f 3861//3861 3823//3823 3824//3824
f 3861//3861 3860//3860 3823//3823
f 3861//3861 3877//3877 3860//3860
f 3878//3878 3877//3877 3861//3861
f 3880//3880 3877//3877 3878//3878
f 3880//3880 3879//3879 3877//3877
f 3865//3865 3879//3879 3880//3880
f 3865//3865 3864//3864 3879//3879
f 3829//3829 3864//3864 3865//3865
f 3829//3829 3828//3828 3864//3864
f 3774//3774 3773//3773 3828//3828
f 3774//3774 3828//3828 3829//3829
f 3774//3774 3703//3703 3773//3773
f 3704//3704 3703//3703 3774//3774
f 3628//3628 3627//3627 3703//3703
f 3628//3628 3703//3703 3704//3704
f 3559//3559 3558//3558 3627//3627
f 3559//3559 3481//3481 3558//3558
f 3559//3559 3627//3627 3628//3628
f 3482//3482 3407//3407 3481//3481
f 3482//3482 3481//3481 3559//3559
f 3408//3408 3407//3407 3482//3482
f 3332//3332 3331//3331 3407//3407
f 3332//3332 3256//3256 3331//3331
f 3332//3332 3407//3407 3408//3408
f 3257//3257 3256//3256 3332//3332
f 3257//3257 3179//3179 3256//3256
f 3180//3180 3179//3179 3257//3257
f 3109//3109 3108//3108 3179//3179
f 3109//3109 3179//3179 3180//3180
f 2968//2968 2967//2967 3108//3108
f 2968//2968 2868//2868 2967//2967
f 2968//2968 3108//3108 3109//3109
f 2869//2869 2868//2868 2968//2968
f 2733//2733 2655//2655 2649//2649
f 2731//2731 2733//2733 2649//2649
f 2783//2783 2782//2782 2733//2733
f 2783//2783 2733//2733 2731//2731
f 2863//2863 2862//2862 2782//2782
f 2863//2863 2782//2782 2783//2783
f 2962//2962 2959//2959 2862//2862
f 2962//2962 2862//2862 2863//2863
f 3103//3103 3074//3074 2959//2959
f 3103//3103 2959//2959 2962//2962
f 3185//3185 3167//3167 3074//3074
f 3185//3185 3074//3074 3103//3103
f 3259//3259 3249//3249 3167//3167
f 3259//3259 3167//3167 3185//3185
f 3344//3344 3323//3323 3249//3249
f 3344//3344 3249//3249 3259//3259
f 3413//3413 3323//3323 3344//3344
f 3413//3413 3398//3398 3323//3323
f 3509//3509 3398//3398 3413//3413
f 3509//3509 3475//3475 3398//3398
f 3578//3578 3475//3475 3509//3509
f 3578//3578 3553//3553 3475//3475
f 3669//3669 3553//3553 3578//3578
f 3669//3669 3619//3619 3553//3553
f 3746//3746 3619//3619 3669//3669
f 3746//3746 3700//3700 3619//3619
f 3821//3821 3700//3700 3746//3746
f 3821//3821 3766//3766 3700//3700
f 3874//3874 3766//3766 3821//3821
f 3874//3874 3824//3824 3766//3766
f 3893//3893 3824//3824 3874//3874
f 3893//3893 3861//3861 3824//3824
f 3878//3878 3861//3861 3893//3893
f 3897//3897 3878//3878 3893//3893
f 3900//3900 3878//3878 3897//3897
f 3900//3900 3880//3880 3878//3878
f 3865//3865 3880//3880 3900//3900
f 3894//3894 3865//3865 3900//3900
f 3882//3882 3865//3865 3894//3894
f 3882//3882 3829//3829 3865//3865
f 3774//3774 3829//3829 3882//3882
f 3831//3831 3774//3774 3882//3882
f 3704//3704 3774//3774 3831//3831
f 3753//3753 3704//3704 3831//3831
f 3688//3688 3628//3628 3704//3704
f 3688//3688 3704//3704 3753//3753
f 3586//3586 3559//3559 3628//3628
f 3586//3586 3628//3628 3688//3688
f 3482//3482 3559//3559 3586//3586
f 3516//3516 3482//3482 3586//3586
f 3427//3427 3408//3408 3482//3482
f 3427//3427 3482//3482 3516//3516
f 3353//3353 3332//3332 3408//3408
f 3353//3353 3408//3408 3427//3427
f 3272//3272 3257//3257 3332//3332
f 3272//3272 3332//3332 3353//3353
f 3180//3180 3257//3257 3272//3272
f 3193//3193 3180//3180 3272//3272
f 3118//3118 3109//3109 3180//3180
f 3118//3118 3180//3180 3193//3193
f 2972//2972 2968//2968 3109//3109
f 2972//2972 3109//3109 3118//3118
f 2874//2874 2869//2869 2968//2968
f 2874//2874 2968//2968 2972//2972
f 2591//2591 2563//2563 2590//2590
f 2562//2562 2563//2563 2591//2591
f 2562//2562 2497//2497 2563//2563
f 2498//2498 2479//2479 2497//2497
f 2498//2498 2497//2497 2562//2562
f 2480//2480 2469//2469 2479//2479
f 2480//2480 2479//2479 2498//2498
f 2470//2470 2421//2421 2469//2469
f 2470//2470 2469//2469 2480//2480
f 2413//2413 2421//2421 2470//2470
f 2413//2413 2390//2390 2421//2421
f 2391//2391 2370//2370 2390//2390
f 2391//2391 2390//2390 2413//2413
f 2371//2371 2370//2370 2391//2391
f 2371//2371 2363//2363 2370//2370
f 2364//2364 2363//2363 2371//2371
f 2364//2364 2354//2354 2363//2363
f 2355//2355 2354//2354 2364//2364
f 2355//2355 2342//2342 2354//2354
f 2343//2343 2342//2342 2355//2355
f 2343//2343 2334//2334 2342//2342
f 2335//2335 2334//2334 2343//2343
f 2335//2335 2328//2328 2334//2334
f 2329//2329 2328//2328 2335//2335
f 2329//2329 2320//2320 2328//2328
f 2321//2321 2320//2320 2329//2329
f 2321//2321 2317//2317 2320//2320
f 2316//2316 2317//2317 2321//2321
f 2316//2316 2318//2318 2317//2317
f 2319//2319 2318//2318 2316//2316
f 2327//2327 2332//2332 2326//2326
f 2327//2327 2326//2326 2318//2318
f 2327//2327 2318//2318 2319//2319
f 2333//2333 2332//2332 2327//2327
f 2340//2340 2351//2351 2339//2339
f 2340//2340 2339//2339 2332//2332
f 2340//2340 2332//2332 2333//2333
f 2352//2352 2361//2361 2351//2351
f 2352//2352 2351//2351 2340//2340
f 2362//2362 2361//2361 2352//2352
f 2369//2369 2372//2372 2361//2361
f 2369//2369 2361//2361 2362//2362
f 2386//2386 2403//2403 2385//2385
f 2386//2386 2385//2385 2372//2372
f 2386//2386 2372//2372 2369//2369
f 2404//2404 2442//2442 2403//2403
f 2404//2404 2403//2403 2386//2386
f 2443//2443 2467//2467 2442//2442
f 2443//2443 2442//2442 2404//2404
f 2468//2468 2476//2476 2467//2467
f 2468//2468 2467//2467 2443//2443
f 2477//2477 2532//2532 2476//2476
f 2477//2477 2476//2476 2468//2468
f 2537//2537 2532//2532 2477//2477
f 2933//2933 2953//2953 2932//2932
f 2954//2954 2984//2984 2953//2953
f 2954//2954 2953//2953 2933//2933
f 2987//2987 2984//2984 2954//2954
f 2987//2987 3043//3043 2984//2984
f 3044//3044 3053//3053 3043//3043
f 3044//3044 3043//3043 2987//2987
f 3054//3054 3102//3102 3053//3053
f 3054//3054 3053//3053 3044//3044
f 3110//3110 3102//3102 3054//3054
f 3110//3110 3132//3132 3102//3102
f 3133//3133 3152//3152 3132//3132
f 3133//3133 3132//3132 3110//3110
f 3151//3151 3152//3152 3133//3133
f 3151//3151 3159//3159 3152//3152
f 3160//3160 3159//3159 3151//3151
f 3160//3160 3168//3168 3159//3159
f 3169//3169 3168//3168 3160//3160
f 3169//3169 3181//3181 3168//3168
f 3182//3182 3181//3181 3169//3169
f 3182//3182 3188//3188 3181//3181
f 3189//3189 3188//3188 3182//3182
f 3189//3189 3194//3194 3188//3188
f 3195//3195 3194//3194 3189//3189
f 3195//3195 3202//3202 3194//3194
f 3203//3203 3202//3202 3195//3195
f 3206//3206 3202//3202 3203//3203
f 3206//3206 3207//3207 3202//3202
f 3206//3206 3204//3204 3207//3207
f 3205//3205 3196//3196 3204//3204
f 3205//3205 3204//3204 3206//3206
f 3197//3197 3196//3196 3205//3205
f 3197//3197 3190//3190 3196//3196
f 3191//3191 3190//3190 3197//3197
f 3184//3184 3171//3171 3183//3183
f 3184//3184 3183//3183 3190//3190
f 3184//3184 3190//3190 3191//3191
f 3172//3172 3161//3161 3171//3171
f 3172//3172 3171//3171 3184//3184
f 3162//3162 3154//3154 3161//3161
f 3162//3162 3161//3161 3172//3172
f 3153//3153 3154//3154 3162//3162
f 3153//3153 3137//3137 3154//3154
f 3138//3138 3137//3137 3153//3153
f 3120//3120 3119//3119 3137//3137
f 3120//3120 3137//3137 3138//3138
f 3081//3081 3055//3055 3080//3080
f 3081//3081 3080//3080 3119//3119
f 3081//3081 3119//3119 3120//3120
f 3056//3056 3055//3055 3081//3081
f 3047//3047 2993//2993 3046//3046
f 3047//3047 3046//3046 3055//3055
f 3047//3047 3055//3055 3056//3056
f 2988//2988 2993//2993 3047//3047
f 3837//3837 3739//3739 3740//3740
f 3837//3837 3836//3836 3739//3739
f 3837//3837 3895//3895 3836//3836
f 3896//3896 3919//3919 3895//3895
f 3896//3896 3895//3895 3837//3837
f 3920//3920 3956//3956 3919//3919
f 3920//3920 3919//3919 3896//3896
f 3957//3957 3989//3989 3956//3956
f 3957//3957 3956//3956 3920//3920
f 3990//3990 4030//4030 3989//3989
f 3990//3990 3989//3989 3957//3957
f 4031//4031 4061//4061 4030//4030
f 4031//4031 4030//4030 3990//3990
f 4062//4062 4061//4061 4031//4031
f 4079//4079 4061//4061 4062//4062
f 4079//4079 4078//4078 4061//4061
f 4079//4079 4102//4102 4078//4078
f 4103//4103 4102//4102 4079//4079
f 4103//4103 4126//4126 4102//4102
f 4127//4127 4126//4126 4103//4103
f 4143//4143 4126//4126 4127//4127
f 4143//4143 4142//4142 4126//4126
f 4143//4143 4173//4173 4142//4142
f 4174//4174 4173//4173 4143//4143
f 4174//4174 4188//4188 4173//4173
f 4189//4189 4188//4188 4174//4174
f 4189//4189 4204//4204 4188//4188
f 4205//4205 4204//4204 4189//4189
f 4225//4225 4204//4204 4205//4205
f 4225//4225 4224//4224 4204//4204
f 4233//4233 4224//4224 4225//4225
f 4233//4233 4232//4232 4224//4224
f 4233//4233 4238//4238 4232//4232
f 4239//4239 4238//4238 4233//4233
f 4239//4239 4240//4240 4238//4238
f 4241//4241 4240//4240 4239//4239
f 4235//4235 4240//4240 4241//4241
f 4235//4235 4234//4234 4240//4240
f 4229//4229 4234//4234 4235//4235
f 4229//4229 4228//4228 4234//4234
f 4209//4209 4208//4208 4228//4228
f 4209//4209 4228//4228 4229//4229
f 4193//4193 4192//4192 4208//4208
f 4193//4193 4208//4208 4209//4209
f 4193//4193 4175//4175 4192//4192
f 4176//4176 4175//4175 4193//4193
f 4147//4147 4146//4146 4175//4175
f 4147//4147 4175//4175 4176//4176
f 4131//4131 4130//4130 4146//4146
f 4131//4131 4104//4104 4130//4130
f 4131//4131 4146//4146 4147//4147
f 4105//4105 4104//4104 4131//4131
f 4084//4084 4083//4083 4104//4104
f 4084//4084 4104//4104 4105//4105
f 4064//4064 4063//4063 4083//4083
f 4064//4064 4035//4035 4063//4063
f 4064//4064 4083//4083 4084//4084
f 4036//4036 4035//4035 4064//4064
f 3998//3998 3997//3997 4035//4035
f 3998//3998 3958//3958 3997//3997
f 3998//3998 4035//4035 4036//4036
f 3959//3959 3958//3958 3998//3998
f 3926//3926 3925//3925 3958//3958
f 3926//3926 3958//3958 3959//3959
f 2189//2189 2147//2147 2148//2148
f 2189//2189 2188//2188 2147//2147
f 2233//2233 2232//2232 2188//2188
f 2233//2233 2188//2188 2189//2189
f 2277//2277 2276//2276 2232//2232
f 2277//2277 2307//2307 2276//2276
f 2277//2277 2232//2232 2233//2233
f 2308//2308 2307//2307 2277//2277
f 2360//2360 2359//2359 2307//2307
f 2360//2360 2307//2307 2308//2308
f 2389//2389 2388//2388 2359//2359
f 2389//2389 2457//2457 2388//2388
f 2389//2389 2359//2359 2360//2360
f 2458//2458 2457//2457 2389//2389
f 2486//2486 2457//2457 2458//2458
f 2486//2486 2485//2485 2457//2457
f 2560//2560 2485//2485 2486//2486
f 2560//2560 2559//2559 2485//2485
f 2560//2560 2592//2592 2559//2559
f 2593//2593 2592//2592 2560//2560
f 2624//2624 2592//2592 2593//2593
f 2624//2624 2623//2623 2592//2592
f 2657//2657 2623//2623 2624//2624
f 2657//2657 2656//2656 2623//2623
f 2668//2668 2656//2656 2657//2657
f 2668//2668 2667//2667 2656//2656
f 2679//2679 2667//2667 2668//2668
f 2679//2679 2678//2678 2667//2667
f 2700//2700 2678//2678 2679//2679
f 2700//2700 2699//2699 2678//2678
f 2711//2711 2699//2699 2700//2700
f 2711//2711 2710//2710 2699//2699
f 2711//2711 2718//2718 2710//2710
f 2719//2719 2718//2718 2711//2711
f 2721//2721 2718//2718 2719//2719
f 2721//2721 2720//2720 2718//2718
f 2721//2721 2713//2713 2720//2720
f 2714//2714 2713//2713 2721//2721
f 2702//2702 2713//2713 2714//2714
f 2702//2702 2701//2701 2713//2713
f 2681//2681 2680//2680 2701//2701
f 2681//2681 2701//2701 2702//2702
f 2681//2681 2669//2669 2680//2680
f 2670//2670 2669//2669 2681//2681
f 2659//2659 2658//2658 2669//2669
f 2659//2659 2669//2669 2670//2670
f 2628//2628 2627//2627 2658//2658
f 2628//2628 2658//2658 2659//2659
f 2596//2596 2595//2595 2627//2627
f 2596//2596 2627//2627 2628//2628
f 2565//2565 2564//2564 2595//2595
f 2565//2565 2489//2489 2564//2564
f 2565//2565 2595//2595 2596//2596
f 2490//2490 2489//2489 2565//2565
f 2462//2462 2461//2461 2489//2489
f 2462//2462 2489//2489 2490//2490
f 2395//2395 2394//2394 2461//2461
f 2395//2395 2461//2461 2462//2462
f 2368//2368 2367//2367 2394//2394
f 2368//2368 2394//2394 2395//2395
f 2314//2314 2313//2313 2367//2367
f 2314//2314 2367//2367 2368//2368
f 2288//2288 2287//2287 2313//2313
f 2288//2288 2313//2313 2314//2314
f 3236//3236 3285//3285 3235//3235
f 3286//3286 3335//3335 3285//3285
f 3286//3286 3285//3285 3236//3236
f 3336//3336 3379//3379 3335//3335
f 3336//3336 3335//3335 3286//3286
f 3380//3380 3433//3433 3379//3379
f 3380//3380 3379//3379 3336//3336
f 3434//3434 3483//3483 3433//3433
f 3434//3434 3433//3433 3380//3380
f 3484//3484 3542//3542 3483//3483
f 3484//3484 3483//3483 3434//3434
f 3543//3543 3590//3590 3542//3542
f 3543//3543 3542//3542 3484//3484
f 3591//3591 3651//3651 3590//3590
f 3591//3591 3590//3590 3543//3543
f 3652//3652 3651//3651 3591//3591
f 3715//3715 3651//3651 3652//3652
f 3715//3715 3714//3714 3651//3651
f 3715//3715 3784//3784 3714//3714
f 3785//3785 3784//3784 3715//3715
f 3785//3785 3841//3841 3784//3784
f 3842//3842 3841//3841 3785//3785
f 3842//3842 3887//3887 3841//3841
f 3888//3888 3887//3887 3842//3842
f 3888//3888 3901//3901 3887//3887
f 3902//3902 3901//3901 3888//3888
f 3912//3912 3901//3901 3902//3902
f 3912//3912 3911//3911 3901//3901
f 3916//3916 3911//3911 3912//3912
f 3916//3916 3915//3915 3911//3911
f 3916//3916 3921//3921 3915//3915
f 3922//3922 3921//3921 3916//3916
f 3930//3930 3921//3921 3922//3922
f 3930//3930 3929//3929 3921//3921
f 3932//3932 3929//3929 3930//3930
f 3932//3932 3931//3931 3929//3929
f 3932//3932 3923//3923 3931//3931
f 3924//3924 3923//3923 3932//3932
f 3918//3918 3923//3923 3924//3924
f 3918//3918 3917//3917 3923//3923
f 3918//3918 3913//3913 3917//3917
f 3914//3914 3913//3913 3918//3918
f 3904//3904 3903//3903 3913//3913
f 3904//3904 3913//3913 3914//3914
f 3892//3892 3891//3891 3903//3903
f 3892//3892 3850//3850 3891//3891
f 3892//3892 3903//3903 3904//3904
f 3851//3851 3850//3850 3892//3892
f 3801//3801 3800//3800 3850//3850
f 3801//3801 3850//3850 3851//3851
f 3721//3721 3720//3720 3800//3800
f 3721//3721 3667//3667 3720//3720
f 3721//3721 3800//3800 3801//3801
f 3668//3668 3667//3667 3721//3721
f 3597//3597 3596//3596 3667//3667
f 3597//3597 3667//3667 3668//3668
f 3546//3546 3545//3545 3596//3596
f 3546//3546 3497//3497 3545//3545
f 3546//3546 3596//3596 3597//3597
f 3498//3498 3497//3497 3546//3546
f 3446//3446 3445//3445 3497//3497
f 3446//3446 3497//3497 3498//3498
f 3388//3388 3387//3387 3445//3445
f 3388//3388 3445//3445 3446//3446
f 4247//4247 4283//4283 4246//4246
f 4284//4284 4293//4293 4283//4283
f 4284//4284 4283//4283 4247//4247
f 4294//4294 4313//4313 4293//4293
f 4294//4294 4293//4293 4284//4284
f 4314//4314 4337//4337 4313//4313
f 4314//4314 4313//4313 4294//4294
f 4338//4338 4346//4346 4337//4337
f 4338//4338 4337//4337 4314//4314
f 4347//4347 4352//4352 4346//4346
f 4347//4347 4346//4346 4338//4338
f 4353//4353 4371//4371 4352//4352
f 4353//4353 4352//4352 4347//4347
f 4372//4372 4378//4378 4371//4371
f 4372//4372 4371//4371 4353//4353
f 4379//4379 4378//4378 4372//4372
f 4379//4379 4385//4385 4378//4378
f 4386//4386 4385//4385 4379//4379
f 4386//4386 4400//4400 4385//4385
f 4401//4401 4400//4400 4386//4386
f 4401//4401 4409//4409 4400//4400
f 4410//4410 4409//4409 4401//4401
f 4431//4431 4409//4409 4410//4410
f 4431//4431 4430//4430 4409//4409
f 4431//4431 4442//4442 4430//4430
f 4443//4443 4442//4442 4431//4431
f 4458//4458 4442//4442 4443//4443
f 4458//4458 4457//4457 4442//4442
f 4458//4458 4471//4471 4457//4457
f 4472//4472 4471//4471 4458//4458
f 4488//4488 4471//4471 4472//4472
f 4488//4488 4487//4487 4471//4471
f 4488//4488 4495//4495 4487//4487
f 4496//4496 4495//4495 4488//4488
f 4496//4496 4497//4497 4495//4495
f 4498//4498 4497//4497 4496//4496
f 4490//4490 4497//4497 4498//4498
f 4490//4490 4489//4489 4497//4497
f 4490//4490 4473//4473 4489//4489
f 4474//4474 4473//4473 4490//4490
f 4474//4474 4459//4459 4473//4473
f 4460//4460 4459//4459 4474//4474
f 4445//4445 4444//4444 4459//4459
f 4445//4445 4459//4459 4460//4460
f 4433//4433 4432//4432 4444//4444
f 4433//4433 4411//4411 4432//4432
f 4433//4433 4444//4444 4445//4445
f 4412//4412 4411//4411 4433//4433
f 4404//4404 4403//4403 4411//4411
f 4404//4404 4389//4389 4403//4403
f 4404//4404 4411//4411 4412//4412
f 4390//4390 4380//4380 4389//4389
f 4390//4390 4389//4389 4404//4404
f 4381//4381 4380//4380 4390//4390
f 4374//4374 4373//4373 4380//4380
f 4374//4374 4380//4380 4381//4381
f 4357//4357 4356//4356 4373//4373
f 4357//4357 4373//4373 4374//4374
f 4349//4349 4348//4348 4356//4356
f 4349//4349 4356//4356 4357//4357
f 4340//4340 4339//4339 4348//4348
f 4340//4340 4315//4315 4339//4339
f 4340//4340 4348//4348 4349//4349
f 4316//4316 4315//4315 4340//4340
f 1629//1629 1653//1653 1628//1628
f 1654//1654 1653//1653 1629//1629
f 1707//1707 1706//1706 1653//1653
f 1707//1707 1800//1800 1706//1706
f 1707//1707 1653//1653 1654//1654
f 1801//1801 1800//1800 1707//1707
f 1866//1866 1865//1865 1800//1800
f 1866//1866 1800//1800 1801//1801
f 1952//1952 1951//1951 1865//1865
f 1952//1952 2001//2001 1951//1951
f 1952//1952 1865//1865 1866//1866
f 2002//2002 2001//2001 1952//1952
f 2051//2051 2050//2050 2001//2001
f 2051//2051 2001//2001 2002//2002
f 2092//2092 2091//2091 2050//2050
f 2092//2092 2050//2050 2051//2051
f 2136//2136 2091//2091 2092//2092
f 2136//2136 2135//2135 2091//2091
f 2164//2164 2135//2135 2136//2136
f 2164//2164 2163//2163 2135//2135
f 2192//2192 2163//2163 2164//2164
f 2192//2192 2191//2191 2163//2163
f 2192//2192 2219//2219 2191//2191
f 2220//2220 2219//2219 2192//2192
f 2240//2240 2219//2219 2220//2220
f 2240//2240 2239//2239 2219//2219
f 2240//2240 2255//2255 2239//2239
f 2256//2256 2255//2255 2240//2240
f 2269//2269 2255//2255 2256//2256
f 2269//2269 2268//2268 2255//2255
f 2269//2269 2279//2279 2268//2268
f 2280//2280 2279//2279 2269//2269
f 2290//2290 2279//2279 2280//2280
f 2290//2290 2289//2289 2279//2279
f 2292//2292 2289//2289 2290//2290
f 2292//2292 2291//2291 2289//2289
f 2292//2292 2281//2281 2291//2291
f 2282//2282 2281//2281 2292//2292
f 2271//2271 2281//2281 2282//2282
f 2271//2271 2270//2270 2281//2281
f 2261//2261 2260//2260 2270//2270
f 2261//2261 2270//2270 2271//2271
f 2261//2261 2241//2241 2260//2260
f 2242//2242 2241//2241 2261//2261
f 2225//2225 2224//2224 2241//2241
f 2225//2225 2241//2241 2242//2242
f 2200//2200 2199//2199 2224//2224
f 2200//2200 2169//2169 2199//2199
f 2200//2200 2224//2224 2225//2225
f 2170//2170 2169//2169 2200//2200
f 2141//2141 2140//2140 2169//2169
f 2141//2141 2169//2169 2170//2170
f 2098//2098 2097//2097 2140//2140
f 2098//2098 2140//2140 2141//2141
f 2061//2061 2060//2060 2097//2097
f 2061//2061 2097//2097 2098//2098
f 2007//2007 2006//2006 2060//2060
f 2007//2007 2060//2060 2061//2061
f 1961//1961 1960//1960 2006//2006
f 1961//1961 2006//2006 2007//2007
f 1888//1888 1887//1887 1960//1960
f 1888//1888 1960//1960 1961//1961
f 1809//1809 1808//1808 1887//1887
f 1809//1809 1887//1887 1888//1888
f 1267//1267 1286//1286 1266//1266
f 1287//1287 1286//1286 1267//1267
f 1298//1298 1297//1297 1286//1286
f 1298//1298 1332//1332 1297//1297
f 1298//1298 1286//1286 1287//1287
f 1333//1333 1332//1332 1298//1298
f 1385//1385 1384//1384 1332//1332
f 1385//1385 1332//1332 1333//1333
f 1421//1421 1420//1420 1384//1384
f 1421//1421 1447//1447 1420//1420
f 1421//1421 1384//1384 1385//1385
f 1448//1448 1447//1447 1421//1421
f 1477//1477 1476//1476 1447//1447
f 1477//1477 1447//1447 1448//1448
f 1492//1492 1491//1491 1476//1476
f 1492//1492 1476//1476 1477//1477
f 1505//1505 1491//1491 1492//1492
f 1505//1505 1504//1504 1491//1491
f 1534//1534 1504//1504 1505//1505
f 1534//1534 1533//1533 1504//1504
f 1548//1548 1533//1533 1534//1534
f 1548//1548 1547//1547 1533//1533
f 1548//1548 1584//1584 1547//1547
f 1585//1585 1584//1584 1548//1548
f 1593//1593 1584//1584 1585//1585
f 1593//1593 1592//1592 1584//1584
f 1604//1604 1592//1592 1593//1593
f 1604//1604 1603//1603 1592//1592
f 1608//1608 1603//1603 1604//1604
f 1608//1608 1607//1607 1603//1603
f 1608//1608 1613//1613 1607//1607
f 1614//1614 1613//1613 1608//1608
f 1618//1618 1613//1613 1614//1614
f 1618//1618 1617//1617 1613//1613
f 1620//1620 1617//1617 1618//1618
f 1620//1620 1619//1619 1617//1617
f 1616//1616 1619//1619 1620//1620
f 1616//1616 1615//1615 1619//1619
f 1610//1610 1615//1615 1616//1616
f 1610//1610 1609//1609 1615//1615
f 1606//1606 1605//1605 1609//1609
f 1606//1606 1609//1609 1610//1610
f 1597//1597 1596//1596 1605//1605
f 1597//1597 1605//1605 1606//1606
f 1587//1587 1586//1586 1596//1596
f 1587//1587 1550//1550 1586//1586
f 1587//1587 1596//1596 1597//1597
f 1551//1551 1550//1550 1587//1587
f 1536//1536 1535//1535 1550//1550
f 1536//1536 1550//1550 1551//1551
f 1508//1508 1507//1507 1535//1535
f 1508//1508 1535//1535 1536//1536
f 1494//1494 1493//1493 1507//1507
f 1494//1494 1507//1507 1508//1508
f 1480//1480 1479//1479 1493//1493
f 1480//1480 1493//1493 1494//1494
f 1452//1452 1451//1451 1479//1479
f 1452//1452 1479//1479 1480//1480
f 1427//1427 1426//1426 1451//1451
f 1427//1427 1388//1388 1426//1426
f 1427//1427 1451//1451 1452//1452
f 1389//1389 1388//1388 1427//1427
f 1337//1337 1336//1336 1388//1388
f 1337//1337 1388//1388 1389//1389
f 2412//2412 2672//2672 2411//2411
f 2673//2673 2672//2672 2412//2412
f 2826//2826 2825//2825 2672//2672
f 2826//2826 2672//2672 2673//2673
f 3060//3060 3059//3059 2825//2825
f 3060//3060 2825//2825 2826//2826
f 3271//3271 3270//3270 3059//3059
f 3271//3271 3059//3059 3060//3060
f 3486//3486 3485//3485 3270//3270
f 3486//3486 3270//3270 3271//3271
f 3791//3791 3790//3790 3485//3485
f 3791//3791 3485//3485 3486//3486
f 3968//3968 3967//3967 3790//3790
f 3968//3968 3790//3790 3791//3791
f 4097//4097 4096//4096 3967//3967
f 4097//4097 3967//3967 3968//3968
f 4243//4243 4096//4096 4097//4097
f 4243//4243 4242//4242 4096//4096
f 4318//4318 4242//4242 4243//4243
f 4318//4318 4317//4317 4242//4242
f 4318//4318 4360//4360 4317//4317
f 4361//4361 4360//4360 4318//4318
f 4394//4394 4360//4360 4361//4361
f 4394//4394 4393//4393 4360//4360
f 4439//4439 4393//4393 4394//4394
f 4439//4439 4438//4438 4393//4393
f 4439//4439 4513//4513 4438//4438
f 4514//4514 4513//4513 4439//4439
f 4547//4547 4513//4513 4514//4514
f 4547//4547 4546//4546 4513//4513
f 4553//4553 4546//4546 4547//4547
f 4553//4553 4552//4552 4546//4546
f 4558//4558 4552//4552 4553//4553
f 4558//4558 4557//4557 4552//4552
f 4561//4561 4557//4557 4558//4558
f 4561//4561 4560//4560 4557//4557
f 4555//4555 4560//4560 4561//4561
f 4555//4555 4554//4554 4560//4560
f 4549//4549 4554//4554 4555//4555
f 4549//4549 4548//4548 4554//4554
f 4549//4549 4521//4521 4548//4548
f 4522//4522 4521//4521 4549//4549
f 4449//4449 4521//4521 4522//4522
f 4449//4449 4448//4448 4521//4521
f 4449//4449 4395//4395 4448//4448
f 4396//4396 4395//4395 4449//4449
f 4365//4365 4364//4364 4395//4395
f 4365//4365 4395//4395 4396//4396
f 4323//4323 4322//4322 4364//4364
f 4323//4323 4364//4364 4365//4365
f 4260//4260 4259//4259 4322//4322
f 4260//4260 4108//4108 4259//4259
f 4260//4260 4322//4322 4323//4323
f 4109//4109 4108//4108 4260//4260
f 3992//3992 3991//3991 4108//4108
f 3992//3992 3833//3833 3991//3991
f 3992//3992 4108//4108 4109//4109
f 3834//3834 3833//3833 3992//3992
f 3521//3521 3520//3520 3833//3833
f 3521//3521 3833//3833 3834//3834
f 3292//3292 3291//3291 3520//3520
f 3292//3292 3520//3520 3521//3521
f 3112//3112 3111//3111 3291//3291
f 3112//3112 3291//3291 3292//3292
f 2673//2673 2412//2412 2410//2410
f 2671//2671 2673//2673 2410//2410
f 2828//2828 2826//2826 2673//2673
f 2828//2828 2673//2673 2671//2671
f 3063//3063 3060//3060 2826//2826
f 3063//3063 2826//2826 2828//2828
f 3275//3275 3271//3271 3060//3060
f 3275//3275 3060//3060 3063//3063
f 3501//3501 3486//3486 3271//3271
f 3501//3501 3271//3271 3275//3275
f 3812//3812 3791//3791 3486//3486
f 3812//3812 3486//3486 3501//3501
f 3975//3975 3968//3968 3791//3791
f 3975//3975 3791//3791 3812//3812
f 4106//4106 4097//4097 3968//3968
f 4106//4106 3968//3968 3975//3975
f 4243//4243 4097//4097 4106//4106
f 4254//4254 4243//4243 4106//4106
f 4321//4321 4243//4243 4254//4254
f 4321//4321 4318//4318 4243//4243
f 4366//4366 4318//4318 4321//4321
f 4366//4366 4361//4361 4318//4318
f 4397//4397 4361//4361 4366//4366
f 4397//4397 4394//4394 4361//4361
f 4452//4452 4394//4394 4397//4397
f 4452//4452 4439//4439 4394//4394
f 4514//4514 4439//4439 4452//4452
f 4529//4529 4514//4514 4452//4452
f 4550//4550 4514//4514 4529//4529
f 4550//4550 4547//4547 4514//4514
f 4553//4553 4547//4547 4550//4550
f 4556//4556 4553//4553 4550//4550
f 4558//4558 4553//4553 4556//4556
f 4562//4562 4558//4558 4556//4556
f 4563//4563 4558//4558 4562//4562
f 4563//4563 4561//4561 4558//4558
f 4559//4559 4561//4561 4563//4563
f 4559//4559 4555//4555 4561//4561
f 4549//4549 4555//4555 4559//4559
f 4551//4551 4549//4549 4559//4559
f 4522//4522 4549//4549 4551//4551
f 4545//4545 4522//4522 4551//4551
f 4464//4464 4449//4449 4522//4522
f 4464//4464 4522//4522 4545//4545
f 4402//4402 4396//4396 4449//4449
f 4402//4402 4449//4449 4464//4464
f 4368//4368 4365//4365 4396//4396
f 4368//4368 4396//4396 4402//4402
f 4330//4330 4323//4323 4365//4365
f 4330//4330 4365//4365 4368//4368
f 4266//4266 4260//4260 4323//4323
f 4266//4266 4323//4323 4330//4330
f 4116//4116 4109//4109 4260//4260
f 4116//4116 4260//4260 4266//4266
f 4008//4008 3992//3992 4109//4109
f 4008//4008 4109//4109 4116//4116
f 3847//3847 3834//3834 3992//3992
f 3847//3847 3992//3992 4008//4008
f 3530//3530 3521//3521 3834//3834
f 3530//3530 3834//3834 3847//3847
f 3296//3296 3292//3292 3521//3521
f 3296//3296 3521//3521 3530//3530
f 3113//3113 3112//3112 3292//3292
f 3113//3113 3292//3292 3296//3296
f 3011//3011 3505//3505 3013//3013
f 3011//3011 3502//3502 3505//3505
f 3005//3005 3502//3502 3011//3011
f 3005//3005 3495//3495 3502//3502
f 2999//2999 3495//3495 3005//3005
f 2999//2999 3488//3488 3495//3495
f 2580//2580 3011//3011 3013//3013
f 2580//2580 3013//3013 2578//2578
f 2582//2582 3011//3011 2580//2580
f 2582//2582 3005//3005 3011//3011
f 2585//2585 3005//3005 2582//2582
f 2585//2585 2999//2999 3005//3005
f 2588//2588 2999//2999 2585//2585
f 2107//2107 2578//2578 2103//2103
f 2107//2107 2580//2580 2578//2578
f 2107//2107 2582//2582 2580//2580
f 2110//2110 2585//2585 2582//2582
f 2110//2110 2582//2582 2107//2107
f 2116//2116 2585//2585 2110//2110
f 2116//2116 2120//2120 2588//2588
f 2116//2116 2588//2588 2585//2585
f 1557//1557 2107//2107 2103//2103
f 1557//1557 2103//2103 1555//1555
f 1559//1559 2107//2107 1557//1557
f 1559//1559 2110//2110 2107//2107
f 1565//1565 2110//2110 1559//1559
f 1565//1565 2116//2116 2110//2110
f 1575//1575 2116//2116 1565//1565
f 1575//1575 2120//2120 2116//2116
f 1278//1278 1555//1555 1276//1276
f 1278//1278 1557//1557 1555//1555
f 1278//1278 1559//1559 1557//1557
f 1280//1280 1559//1559 1278//1278
f 1280//1280 1565//1565 1559//1559
f 1282//1282 1565//1565 1280//1280
f 1282//1282 1575//1575 1565//1565
f 1282//1282 1285//1285 1575//1575
f 1078//1078 1278//1278 1276//1276
f 1080//1080 1278//1278 1078//1078
f 1088//1088 1278//1278 1080//1080
f 1088//1088 1280//1280 1278//1278
f 1088//1088 1282//1282 1280//1280
f 1101//1101 1285//1285 1282//1282
f 1101//1101 1282//1282 1088//1088
f 1008//1008 1080//1080 1078//1078
f 1008//1008 1078//1078 1006//1006
f 1008//1008 1088//1088 1080//1080
f 1010//1010 1088//1088 1008//1008
f 1012//1012 1088//1088 1010//1010
f 1014//1014 1101//1101 1088//1088
f 1014//1014 1088//1088 1012//1012
f 1016//1016 1101//1101 1014//1014
f 919//919 1008//1008 1006//1006
f 919//919 1006//1006 917//917
f 921//921 1008//1008 919//919
f 921//921 1010//1010 1008//1008
f 921//921 1012//1012 1010//1010
f 923//923 1012//1012 921//921
f 924//924 1012//1012 923//923
f 924//924 1014//1014 1012//1012
f 924//924 1016//1016 1014//1014
f 832//832 919//919 917//917
f 834//834 919//919 832//832
f 836//836 919//919 834//834
f 836//836 921//921 919//919
f 838//838 921//921 836//836
f 840//840 923//923 921//921
f 840//840 921//921 838//838
f 840//840 924//924 923//923
f 787//787 834//834 832//832
f 789//789 834//834 787//787
f 797//797 834//834 789//789
f 797//797 836//836 834//834
f 797//797 838//838 836//836
f 797//797 840//840 838//838
f 797//797 803//803 840//840
f 727//727 787//787 723//723
f 727//727 789//789 787//787
f 729//729 789//789 727//727
f 729//729 797//797 789//789
f 731//731 797//797 729//729
f 731//731 803//803 797//797
f 633//633 727//727 723//723
f 635//635 727//727 633//633
f 643//643 727//727 635//635
f 651//651 729//729 727//727
f 651//651 727//727 643//643
f 651//651 731//731 729//729
f 654//654 731//731 651//651
f 659//659 731//731 654//654
f 603//603 635//635 633//633
f 603//603 633//633 599//599
f 603//603 643//643 635//635
f 603//603 651//651 643//643
f 609//609 651//651 603//603
f 613//613 651//651 609//609
f 613//613 654//654 651//651
f 616//616 659//659 654//654
f 616//616 654//654 613//613
f 530//530 599//599 526//526
f 530//530 603//603 599//599
f 538//538 609//609 603//603
f 538//538 603//603 530//530
f 538//538 613//613 609//609
f 545//545 613//613 538//538
f 545//545 616//616 613//613
f 497//497 530//530 526//526
f 497//497 526//526 494//494
f 502//502 530//530 497//497
f 502//502 538//538 530//530
f 506//506 538//538 502//502
f 506//506 545//545 538//538
f 508//508 545//545 506//506
f 460//460 494//494 457//457
f 460//460 497//497 494//494
f 468//468 497//497 460//460
f 468//468 502//502 497//497
f 468//468 506//506 502//502
f 477//477 506//506 468//468
f 477//477 508//508 506//506
f 427//427 457//457 424//424
f 427//427 460//460 457//457
f 434//434 460//460 427//427
f 434//434 468//468 460//460
f 434//434 477//477 468//468
f 448//448 477//477 434//434
f 426//426 427//427 424//424
f 426//426 424//424 419//419
f 431//431 434//434 427//427
f 431//431 427//427 426//426
f 436//436 434//434 431//431
f 436//436 448//448 434//434
f 449//449 448//448 436//436
f 454//454 419//419 444//444
f 454//454 426//426 419//419
f 454//454 431//431 426//426
f 461//461 431//431 454//454
f 461//461 436//436 431//431
f 470//470 436//436 461//461
f 470//470 474//474 449//449
f 470//470 503//503 474//474
f 470//470 449//449 436//436
f 489//489 454//454 444//444
f 489//489 444//444 487//487
f 491//491 454//454 489//489
f 500//500 461//461 454//454
f 500//500 454//454 491//491
f 500//500 470//470 461//461
f 503//503 470//470 500//500
f 517//517 489//489 487//487
f 517//517 487//487 515//515
f 517//517 491//491 489//489
f 521//521 500//500 491//491
f 521//521 491//491 517//517
f 533//533 500//500 521//521
f 533//533 503//503 500//500
f 533//533 542//542 503//503
f 589//589 517//517 515//515
f 589//589 515//515 587//587
f 601//601 521//521 517//517
f 601//601 517//517 589//589
f 601//601 533//533 521//521
f 611//611 542//542 533//533
f 611//611 533//533 601//601
f 624//624 589//589 587//587
f 626//626 589//589 624//624
f 628//628 601//601 589//589
f 628//628 589//589 626//626
f 629//629 601//601 628//628
f 637//637 601//601 629//629
f 647//647 601//601 637//637
f 647//647 611//611 601//601
f 714//714 626//626 624//624
f 716//716 626//626 714//714
f 718//718 626//626 716//716
f 718//718 628//628 626//626
f 718//718 629//629 628//628
f 720//720 629//629 718//718
f 725//725 629//629 720//720
f 725//725 637//637 629//629
f 725//725 647//647 637//637
f 766//766 716//716 714//714
f 766//766 714//714 764//764
f 774//774 718//718 716//716
f 774//774 716//716 766//766
f 776//776 718//718 774//774
f 781//781 720//720 718//718
f 781//781 718//718 776//776
f 781//781 725//725 720//720
f 824//824 764//764 822//822
f 824//824 766//766 764//764
f 826//826 766//766 824//824
f 826//826 774//774 766//766
f 826//826 776//776 774//774
f 826//826 781//781 776//776
f 826//826 829//829 781//781
f 910//910 824//824 822//822
f 910//910 822//822 908//908
f 912//912 824//824 910//910
f 912//912 826//826 824//824
f 914//914 826//826 912//912
f 914//914 829//829 826//826
f 988//988 910//910 908//908
f 988//988 908//908 986//986
f 992//992 910//910 988//988
f 992//992 912//912 910//910
f 992//992 914//914 912//912
f 997//997 914//914 992//992
f 998//998 914//914 997//997
f 1042//1042 986//986 1040//1040
f 1042//1042 988//988 986//986
f 1042//1042 992//992 988//988
f 1050//1050 992//992 1042//1042
f 1056//1056 992//992 1050//1050
f 1056//1056 997//997 992//992
f 1065//1065 998//998 997//997
f 1065//1065 997//997 1056//1056
f 1251//1251 1042//1042 1040//1040
f 1251//1251 1040//1040 1249//1249
f 1254//1254 1042//1042 1251//1251
f 1254//1254 1050//1050 1042//1042
f 1254//1254 1056//1056 1050//1050
f 1258//1258 1056//1056 1254//1254
f 1258//1258 1065//1065 1056//1056
f 1515//1515 1251//1251 1249//1249
f 1517//1517 2035//2035 2037//2037
f 1517//1517 1515//1515 2035//2035
f 1517//1517 1251//1251 1515//1515
f 1517//1517 2037//2037 2045//2045
f 1517//1517 1254//1254 1251//1251
f 1521//1521 1254//1254 1517//1517
f 1521//1521 1517//1517 2045//2045
f 1523//1523 1521//1521 2045//2045
f 1523//1523 1254//1254 1521//1521
f 1523//1523 1258//1258 1254//1254
f 1523//1523 2045//2045 2052//2052
f 1526//1526 1258//1258 1523//1523
f 1526//1526 1523//1523 2052//2052
f 3013//3013 3507//3507 3015//3015
f 3013//3013 3505//3505 3507//3507
f 2578//2578 3015//3015 2577//2577
f 2578//2578 3013//3013 3015//3015
f 2103//2103 2577//2577 2102//2102
f 2103//2103 2578//2578 2577//2577
f 1555//1555 2102//2102 1554//1554
f 1555//1555 2103//2103 2102//2102
f 1276//1276 1554//1554 1275//1275
f 1276//1276 1555//1555 1554//1554
f 1078//1078 1275//1275 1077//1077
f 1078//1078 1276//1276 1275//1275
f 1006//1006 1077//1077 1005//1005
f 1006//1006 1078//1078 1077//1077
f 917//917 1005//1005 916//916
f 917//917 1006//1006 1005//1005
f 832//832 917//917 916//916
f 832//832 916//916 831//831
f 787//787 831//831 786//786
f 787//787 832//832 831//831
f 723//723 786//786 722//722
f 723//723 787//787 786//786
f 633//633 722//722 632//632
f 633//633 723//723 722//722
f 599//599 632//632 598//598
f 599//599 633//633 632//632
f 526//526 598//598 525//525
f 526//526 599//599 598//598
f 494//494 525//525 493//493
f 494//494 526//526 525//525
f 457//457 493//493 456//456
f 457//457 494//494 493//493
f 424//424 456//456 423//423
f 424//424 457//457 456//456
f 419//419 423//423 418//418
f 419//419 418//418 443//443
f 419//419 424//424 423//423
f 444//444 443//443 486//486
f 444//444 419//419 443//443
f 487//487 444//444 486//486
f 515//515 486//486 514//514
f 515//515 514//514 586//586
f 515//515 487//487 486//486
f 587//587 515//515 586//586
f 624//624 586//586 623//623
f 624//624 623//623 713//713
f 624//624 587//587 586//586
f 714//714 624//624 713//713
f 764//764 713//713 763//763
f 764//764 763//763 821//821
f 764//764 714//714 713//713
f 822//822 821//821 907//907
f 822//822 764//764 821//821
f 908//908 907//907 985//985
f 908//908 822//822 907//907
f 986//986 985//985 1039//1039
f 986//986 908//908 985//985
f 1040//1040 986//986 1039//1039
f 1249//1249 1039//1039 1248//1248
f 1249//1249 1040//1040 1039//1039
f 1515//1515 1248//1248 1514//1514
f 1515//1515 1514//1514 2034//2034
f 1515//1515 1249//1249 1248//1248
f 2035//2035 1515//1515 2034//2034
f 1357//1357 1514//1514 1248//1248
f 1357//1357 2034//2034 1514//1514
f 1357//1357 1840//1840 2034//2034
f 1129//1129 1357//1357 1248//1248
f 979//979 1248//1248 1039//1039
f 979//979 1129//1129 1248//1248
f 895//895 1039//1039 985//985
f 895//895 979//979 1039//1039
f 809//809 907//907 821//821
f 809//809 985//985 907//907
f 809//809 895//895 985//985
f 705//705 809//809 821//821
f 605//605 821//821 763//763
f 605//605 705//705 821//821
f 482//482 605//605 763//763
f 482//482 713//713 623//623
f 482//482 763//763 713//713
f 377//377 482//482 623//623
f 377//377 623//623 586//586
f 314//314 377//377 586//586
f 260//260 314//314 586//586
f 260//260 586//586 514//514
f 220//220 260//260 514//514
f 220//220 486//486 443//443
f 220//220 514//514 486//486
f 168//168 220//220 443//443
f 148//148 418//418 423//423
f 148//148 443//443 418//418
f 148//148 168//168 443//443
f 150//150 148//148 423//423
f 172//172 423//423 456//456
f 172//172 150//150 423//423
f 224//224 456//456 493//493
f 224//224 172//172 456//456
f 272//272 493//493 525//525
f 272//272 224//224 493//493
f 318//318 525//525 598//598
f 318//318 272//272 525//525
f 381//381 598//598 632//632
f 381//381 318//318 598//598
f 499//499 632//632 722//722
f 499//499 381//381 632//632
f 619//619 786//786 831//831
f 619//619 722//722 786//786
f 619//619 499//499 722//722
f 711//711 619//619 831//831
f 817//817 916//916 1005//1005
f 817//817 831//831 916//916
f 817//817 711//711 831//831
f 905//905 1005//1005 1077//1077
f 905//905 817//817 1005//1005
f 1003//1003 1077//1077 1275//1275
f 1003//1003 905//905 1077//1077
f 1169//1169 1003//1003 1275//1275
f 1416//1416 1275//1275 1554//1554
f 1416//1416 1169//1169 1275//1275
f 1943//1943 2102//2102 2577//2577
f 1943//1943 1554//1554 2102//2102
f 1943//1943 1416//1416 1554//1554
f 2546//2546 2577//2577 3015//3015
f 2546//2546 1943//1943 2577//2577
f 3068//3068 2546//2546 3015//3015
f 3708//3708 3015//3015 3507//3507
f 3708//3708 3068//3068 3015//3015
f 3068//3068 3708//3708 3719//3719
f 3105//3105 3799//3799 3107//3107
f 3105//3105 3796//3796 3799//3799
f 3101//3101 3796//3796 3105//3105
f 3101//3101 3794//3794 3796//3796
f 3099//3099 3794//3794 3101//3101
f 3099//3099 3789//3789 3794//3794
f 3097//3097 3789//3789 3099//3099
f 3097//3097 3787//3787 3789//3789
f 3094//3094 3787//3787 3097//3097
f 3094//3094 3780//3780 3787//3787
f 3091//3091 3780//3780 3094//3094
f 3091//3091 3776//3776 3780//3780
f 3089//3089 3776//3776 3091//3091
f 3089//3089 3770//3770 3776//3776
f 3088//3088 3763//3763 3770//3770
f 3088//3088 3770//3770 3089//3089
f 3085//3085 3763//3763 3088//3088
f 3085//3085 3758//3758 3763//3763
f 3083//3083 3751//3751 3758//3758
f 3083//3083 3758//3758 3085//3085
f 3079//3079 3751//3751 3083//3083
f 3079//3079 3744//3744 3751//3751
f 3076//3076 3744//3744 3079//3079
f 3076//3076 3736//3736 3744//3744
f 3072//3072 3736//3736 3076//3076
f 3072//3072 3725//3725 3736//3736
f 3070//3070 3725//3725 3072//3072
f 3070//3070 3068//3068 3719//3719
f 3070//3070 3719//3719 3725//3725
f 2503//2503 3101//3101 3105//3105
f 2503//2503 3107//3107 2501//2501
f 2503//2503 3105//3105 3107//3107
f 2505//2505 3101//3101 2503//2503
f 2507//2507 3099//3099 3101//3101
f 2507//2507 3101//3101 2505//2505
f 2509//2509 3097//3097 3099//3099
f 2509//2509 3099//3099 2507//2507
f 2516//2516 3097//3097 2509//2509
f 2516//2516 3094//3094 3097//3097
f 2520//2520 3091//3091 3094//3094
f 2520//2520 3094//3094 2516//2516
f 2524//2524 3089//3089 3091//3091
f 2524//2524 3091//3091 2520//2520
f 2529//2529 3089//3089 2524//2524
f 2529//2529 3088//3088 3089//3089
f 2531//2531 3085//3085 3088//3088
f 2531//2531 3088//3088 2529//2529
f 2534//2534 3083//3083 3085//3085
f 2534//2534 3079//3079 3083//3083
f 2534//2534 3085//3085 2531//2531
f 2536//2536 3079//3079 2534//2534
f 2539//2539 3079//3079 2536//2536
f 2539//2539 3076//3076 3079//3079
f 2542//2542 3072//3072 3076//3076
f 2542//2542 3076//3076 2539//2539
f 2544//2544 3068//3068 3070//3070
f 2544//2544 3070//3070 3072//3072
f 2544//2544 2546//2546 3068//3068
f 2544//2544 3072//3072 2542//2542
f 1870//1870 2501//2501 1868//1868
f 1870//1870 2503//2503 2501//2501
f 1873//1873 2507//2507 2505//2505
f 1873//1873 2505//2505 2503//2503
f 1873//1873 2503//2503 1870//1870
f 1876//1876 2509//2509 2507//2507
f 1876//1876 2507//2507 1873//1873
f 1883//1883 2516//2516 2509//2509
f 1883//1883 2509//2509 1876//1876
f 1890//1890 2516//2516 1883//1883
f 1893//1893 2516//2516 1890//1890
f 1893//1893 2520//2520 2516//2516
f 1893//1893 2524//2524 2520//2520
f 1900//1900 2524//2524 1893//1893
f 1906//1906 2529//2529 2524//2524
f 1906//1906 2524//2524 1900//1900
f 1906//1906 2531//2531 2529//2529
f 1911//1911 2531//2531 1906//1906
f 1916//1916 2534//2534 2531//2531
f 1916//1916 2531//2531 1911//1911
f 1920//1920 2534//2534 1916//1916
f 1920//1920 2536//2536 2534//2534
f 1924//1924 2539//2539 2536//2536
f 1924//1924 2536//2536 1920//1920
f 1932//1932 2544//2544 2542//2542
f 1932//1932 2542//2542 2539//2539
f 1932//1932 2539//2539 1924//1924
f 1936//1936 2544//2544 1932//1932
f 1936//1936 2546//2546 2544//2544
f 1936//1936 1943//1943 2546//2546
f 1936//1936 1416//1416 1943//1943
f 1363//1363 1868//1868 1361//1361
f 1363//1363 1361//1361 1097//1097
f 1363//1363 1870//1870 1868//1868
f 1365//1365 1873//1873 1870//1870
f 1365//1365 1870//1870 1363//1363
f 1367//1367 1873//1873 1365//1365
f 1367//1367 1876//1876 1873//1873
f 1370//1370 1876//1876 1367//1367
f 1370//1370 1883//1883 1876//1876
f 1373//1373 1883//1883 1370//1370
f 1373//1373 1890//1890 1883//1883
f 1377//1377 1893//1893 1890//1890
f 1377//1377 1890//1890 1373//1373
f 1381//1381 1893//1893 1377//1377
f 1381//1381 1900//1900 1893//1893
f 1381//1381 1906//1906 1900//1900
f 1383//1383 1911//1911 1906//1906
f 1383//1383 1906//1906 1381//1381
f 1387//1387 1911//1911 1383//1383
f 1393//1393 1911//1911 1387//1387
f 1393//1393 1916//1916 1911//1911
f 1397//1397 1924//1924 1920//1920
f 1397//1397 1916//1916 1393//1393
f 1397//1397 1920//1920 1916//1916
f 1400//1400 1924//1924 1397//1397
f 1404//1404 1932//1932 1924//1924
f 1404//1404 1924//1924 1400//1400
f 1412//1412 1416//1416 1936//1936
f 1412//1412 1932//1932 1404//1404
f 1412//1412 1936//1936 1932//1932
f 1099//1099 1363//1363 1097//1097
f 1103//1103 1367//1367 1365//1365
f 1103//1103 1363//1363 1099//1099
f 1103//1103 1365//1365 1363//1363
f 1105//1105 1367//1367 1103//1103
f 1113//1113 1370//1370 1367//1367
f 1113//1113 1367//1367 1105//1105
f 1115//1115 1373//1373 1370//1370
f 1115//1115 1370//1370 1113//1113
f 1120//1120 1377//1377 1373//1373
f 1120//1120 1381//1381 1377//1377
f 1120//1120 1373//1373 1115//1115
f 1127//1127 1381//1381 1120//1120
f 1132//1132 1383//1383 1381//1381
f 1132//1132 1381//1381 1127//1127
f 1136//1136 1387//1387 1383//1383
f 1136//1136 1383//1383 1132//1132
f 1142//1142 1393//1393 1387//1387
f 1142//1142 1387//1387 1136//1136
f 1146//1146 1397//1397 1393//1393
f 1146//1146 1393//1393 1142//1142
f 1148//1148 1400//1400 1397//1397
f 1148//1148 1397//1397 1146//1146
f 1155//1155 1404//1404 1400//1400
f 1155//1155 1400//1400 1148//1148
f 1165//1165 1416//1416 1412//1412
f 1165//1165 1412//1412 1404//1404
f 1165//1165 1169//1169 1416//1416
f 1165//1165 1404//1404 1155//1155
f 953//953 1097//1097 951//951
f 953//953 1099//1099 1097//1097
f 955//955 1103//1103 1099//1099
f 955//955 1099//1099 953//953
f 959//959 1103//1103 955//955
f 959//959 1105//1105 1103//1103
f 959//959 1113//1113 1105//1105
f 961//961 1115//1115 1113//1113
f 961//961 1113//1113 959//959
f 963//963 1115//1115 961//961
f 967//967 1115//1115 963//963
f 967//967 1120//1120 1115//1115
f 971//971 1127//1127 1120//1120
f 971//971 1120//1120 967//967
f 973//973 1132//1132 1127//1127
f 973//973 1127//1127 971//971
f 977//977 1132//1132 973//973
f 977//977 1136//1136 1132//1132
f 981//981 1136//1136 977//977
f 981//981 1142//1142 1136//1136
f 981//981 1146//1146 1142//1142
f 983//983 1146//1146 981//981
f 990//990 1146//1146 983//983
f 990//990 1148//1148 1146//1146
f 990//990 1155//1155 1148//1148
f 995//995 1155//1155 990//990
f 1001//1001 1155//1155 995//995
f 1001//1001 1003//1003 1169//1169
f 1001//1001 905//905 1003//1003
f 1001//1001 1169//1169 1165//1165
f 1001//1001 1165//1165 1155//1155
f 865//865 951//951 863//863
f 865//865 953//953 951//951
f 867//867 953//953 865//865
f 867//867 955//955 953//953
f 869//869 959//959 955//955
f 869//869 955//955 867//867
f 872//872 961//961 959//959
f 872//872 959//959 869//869
f 876//876 963//963 961//961
f 876//876 961//961 872//872
f 879//879 967//967 963//963
f 879//879 963//963 876//876
f 883//883 971//971 967//967
f 883//883 973//973 971//971
f 883//883 967//967 879//879
f 885//885 973//973 883//883
f 889//889 977//977 973//973
f 889//889 981//981 977//977
f 889//889 973//973 885//885
f 893//893 981//981 889//889
f 897//897 983//983 981//981
f 897//897 990//990 983//983
f 897//897 981//981 893//893
f 899//899 990//990 897//897
f 901//901 990//990 899//899
f 901//901 995//995 990//990
f 903//903 905//905 1001//1001
f 903//903 1001//1001 995//995
f 903//903 995//995 901//901
f 903//903 817//817 905//905
f 755//755 867//867 865//865
f 755//755 863//863 753//753
f 755//755 865//865 863//863
f 757//757 867//867 755//755
f 757//757 869//869 867//867
f 759//759 869//869 757//757
f 768//768 869//869 759//759
f 768//768 872//872 869//869
f 771//771 876//876 872//872
f 771//771 879//879 876//876
f 771//771 872//872 768//768
f 778//778 879//879 771//771
f 784//784 883//883 879//879
f 784//784 885//885 883//883
f 784//784 879//879 778//778
f 791//791 885//885 784//784
f 791//791 889//889 885//885
f 800//800 889//889 791//791
f 800//800 893//893 889//889
f 807//807 893//893 800//800
f 807//807 897//897 893//893
f 811//811 897//897 807//807
f 811//811 899//899 897//897
f 813//813 899//899 811//811
f 813//813 901//901 899//899
f 815//815 901//901 813//813
f 815//815 903//903 901//901
f 815//815 817//817 903//903
f 666//666 753//753 664//664
f 666//666 664//664 549//549
f 666//666 755//755 753//753
f 668//668 757//757 755//755
f 668//668 755//755 666//666
f 672//672 757//757 668//668
f 672//672 759//759 757//757
f 674//674 759//759 672//672
f 674//674 768//768 759//759
f 678//678 768//768 674//674
f 678//678 771//771 768//768
f 678//678 778//778 771//771
f 679//679 778//778 678//678
f 679//679 784//784 778//778
f 683//683 784//784 679//679
f 687//687 784//784 683//683
f 687//687 791//791 784//784
f 691//691 791//791 687//687
f 691//691 800//800 791//791
f 694//694 800//800 691//691
f 698//698 807//807 800//800
f 698//698 800//800 694//694
f 703//703 811//811 807//807
f 703//703 807//807 698//698
f 707//707 813//813 811//811
f 707//707 811//811 703//703
f 709//709 815//815 813//813
f 709//709 817//817 815//815
f 709//709 813//813 707//707
f 709//709 711//711 817//817
f 709//709 619//619 711//711
f 551//551 668//668 666//666
f 551//551 666//666 549//549
f 554//554 668//668 551//551
f 557//557 672//672 668//668
f 557//557 668//668 554//554
f 559//559 674//674 672//672
f 559//559 678//678 674//674
f 559//559 672//672 557//557
f 563//563 678//678 559//559
f 563//563 679//679 678//678
f 566//566 679//679 563//563
f 568//568 679//679 566//566
f 568//568 683//683 679//679
f 572//572 687//687 683//683
f 572//572 683//683 568//568
f 576//576 691//691 687//687
f 576//576 687//687 572//572
f 580//580 694//694 691//691
f 580//580 691//691 576//576
f 584//584 698//698 694//694
f 584//584 694//694 580//580
f 595//595 703//703 698//698
f 595//595 698//698 584//584
f 607//607 707//707 703//703
f 607//607 703//703 595//595
f 615//615 709//709 707//707
f 615//615 619//619 709//709
f 615//615 707//707 607//607
f 399//399 551//551 549//549
f 399//399 549//549 397//397
f 399//399 397//397 332//332
f 401//401 554//554 551//551
f 401//401 551//551 399//399
f 403//403 554//554 401//401
f 403//403 557//557 554//554
f 407//407 557//557 403//403
f 407//407 559//559 557//557
f 411//411 563//563 559//559
f 411//411 559//559 407//407
f 413//413 563//563 411//411
f 413//413 568//568 566//566
f 413//413 566//566 563//563
f 416//416 568//568 413//413
f 433//433 568//568 416//416
f 433//433 572//572 568//568
f 441//441 576//576 572//572
f 441//441 572//572 433//433
f 441//441 580//580 576//576
f 451//451 580//580 441//441
f 464//464 580//580 451//451
f 464//464 584//584 580//580
f 464//464 595//595 584//584
f 472//472 595//595 464//464
f 472//472 607//607 595//595
f 480//480 607//607 472//472
f 484//484 607//607 480//480
f 484//484 499//499 619//619
f 484//484 619//619 615//615
f 484//484 615//615 607//607
f 334//334 332//332 264//264
f 334//334 399//399 332//332
f 336//336 401//401 399//399
f 336//336 399//399 334//334
f 340//340 403//403 401//401
f 340//340 401//401 336//336
f 340//340 407//407 403//403
f 342//342 411//411 407//407
f 342//342 407//407 340//340
f 346//346 413//413 411//411
f 346//346 411//411 342//342
f 350//350 413//413 346//346
f 354//354 416//416 413//413
f 354//354 413//413 350//350
f 356//356 433//433 416//416
f 356//356 441//441 433//433
f 356//356 416//416 354//354
f 360//360 441//441 356//356
f 363//363 441//441 360//360
f 363//363 451//451 441//441
f 367//367 464//464 451//451
f 367//367 451//451 363//363
f 371//371 472//472 464//464
f 371//371 464//464 367//367
f 375//375 472//472 371//371
f 375//375 480//480 472//472
f 379//379 484//484 480//480
f 379//379 499//499 484//484
f 379//379 381//381 499//499
f 379//379 480//480 375//375
f 266//266 334//334 264//264
f 270//270 336//336 334//334
f 270//270 334//334 266//266
f 274//274 340//340 336//336
f 274//274 336//336 270//270
f 278//278 342//342 340//340
f 278//278 340//340 274//274
f 282//282 346//346 342//342
f 282//282 342//342 278//278
f 284//284 350//350 346//346
f 284//284 346//346 282//282
f 288//288 354//354 350//350
f 288//288 356//356 354//354
f 288//288 350//350 284//284
f 292//292 356//356 288//288
f 296//296 356//356 292//292
f 296//296 360//360 356//356
f 300//300 363//363 360//360
f 300//300 367//367 363//363
f 300//300 360//360 296//296
f 304//304 367//367 300//300
f 304//304 371//371 367//367
f 308//308 371//371 304//304
f 312//312 371//371 308//308
f 312//312 379//379 375//375
f 312//312 375//375 371//371
f 316//316 379//379 312//312
f 316//316 318//318 381//381
f 316//316 381//381 379//379
f 192//192 264//264 190//190
f 192//192 190//190 102//102
f 192//192 266//266 264//264
f 196//196 270//270 266//266
f 196//196 266//266 192//192
f 200//200 270//270 196//196
f 200//200 274//274 270//270
f 204//204 274//274 200//200
f 204//204 278//278 274//274
f 210//210 278//278 204//204
f 210//210 282//282 278//278
f 214//214 282//282 210//210
f 214//214 284//284 282//282
f 222//222 284//284 214//214
f 222//222 288//288 284//284
f 228//228 292//292 288//288
f 228//228 288//288 222//222
f 232//232 296//296 292//292
f 232//232 292//292 228//228
f 234//234 300//300 296//296
f 234//234 296//296 232//232
f 238//238 304//304 300//300
f 238//238 300//300 234//234
f 242//242 308//308 304//304
f 242//242 304//304 238//238
f 246//246 312//312 308//308
f 246//246 308//308 242//242
f 258//258 312//312 246//246
f 258//258 316//316 312//312
f 258//258 318//318 316//316
f 258//258 272//272 318//318
f 104//104 192//192 102//102
f 108//108 196//196 192//192
f 108//108 200//200 196//196
f 108//108 192//192 104//104
f 112//112 200//200 108//108
f 122//122 204//204 200//200
f 122//122 210//210 204//204
f 122//122 200//200 112//112
f 128//128 210//210 122//122
f 136//136 210//210 128//128
f 136//136 214//214 210//210
f 142//142 222//222 214//214
f 142//142 214//214 136//136
f 154//154 228//228 222//222
f 154//154 222//222 142//142
f 160//160 232//232 228//228
f 160//160 228//228 154//154
f 166//166 234//234 232//232
f 166//166 238//238 234//234
f 166//166 232//232 160//160
f 174//174 238//238 166//166
f 186//186 242//242 238//238
f 186//186 238//238 174//174
f 202//202 246//246 242//242
f 202//202 242//242 186//186
f 216//216 258//258 246//246
f 216//216 224//224 272//272
f 216//216 272//272 258//258
f 216//216 246//246 202//202
f 40//40 102//102 38//38
f 40//40 104//104 102//102
f 40//40 108//108 104//104
f 45//45 108//108 40//40
f 49//49 112//112 108//108
f 49//49 122//122 112//112
f 49//49 108//108 45//45
f 53//53 122//122 49//49
f 53//53 128//128 122//122
f 59//59 128//128 53//53
f 67//67 128//128 59//59
f 67//67 136//136 128//128
f 72//72 136//136 67//67
f 72//72 142//142 136//136
f 72//72 154//154 142//142
f 78//78 154//154 72//72
f 86//86 154//154 78//78
f 86//86 166//166 160//160
f 86//86 160//160 154//154
f 110//110 166//166 86//86
f 110//110 174//174 166//166
f 124//124 174//174 110//110
f 140//140 186//186 174//174
f 140//140 174//174 124//124
f 152//152 202//202 186//186
f 152//152 186//186 140//140
f 164//164 216//216 202//202
f 164//164 224//224 216//216
f 164//164 202//202 152//152
f 164//164 172//172 224//224
f 8//8 38//38 6//6
f 8//8 40//40 38//38
f 12//12 40//40 8//8
f 12//12 45//45 40//40
f 16//16 49//49 45//45
f 16//16 53//53 49//49
f 16//16 45//45 12//12
f 20//20 53//53 16//16
f 24//24 53//53 20//20
f 24//24 59//59 53//53
f 27//27 67//67 59//59
f 27//27 59//59 24//24
f 43//43 72//72 67//67
f 43//43 67//67 27//27
f 55//55 78//78 72//72
f 55//55 72//72 43//43
f 64//64 86//86 78//78
f 64//64 78//78 55//55
f 74//74 110//110 86//86
f 74//74 86//86 64//64
f 82//82 124//124 110//110
f 82//82 110//110 74//74
f 96//96 140//140 124//124
f 96//96 152//152 140//140
f 96//96 124//124 82//82
f 120//120 164//164 152//152
f 120//120 152//152 96//96
f 138//138 172//172 164//164
f 138//138 150//150 172//172
f 138//138 164//164 120//120
f 4//4 6//6 2//2
f 4//4 8//8 6//6
f 10//10 12//12 8//8
f 10//10 8//8 4//4
f 14//14 16//16 12//12
f 14//14 12//12 10//10
f 18//18 20//20 16//16
f 18//18 16//16 14//14
f 22//22 24//24 20//20
f 22//22 20//20 18//18
f 26//26 27//27 24//24
f 26//26 43//43 27//27
f 26//26 24//24 22//22
f 36//36 43//43 26//26
f 51//51 55//55 43//43
f 51//51 43//43 36//36
f 62//62 64//64 55//55
f 62//62 55//55 51//51
f 70//70 74//74 64//64
f 70//70 64//64 62//62
f 80//80 74//74 70//70
f 80//80 82//82 74//74
f 94//94 82//82 80//80
f 94//94 96//96 82//82
f 116//116 96//96 94//94
f 116//116 120//120 96//96
f 132//132 120//120 116//116
f 132//132 148//148 150//150
f 132//132 150//150 138//138
f 132//132 138//138 120//120
f 31//31 2//2 29//29
f 31//31 29//29 88//88
f 31//31 4//4 2//2
f 33//33 4//4 31//31
f 33//33 10//10 4//4
f 42//42 10//10 33//33
f 42//42 14//14 10//10
f 47//47 18//18 14//14
f 47//47 22//22 18//18
f 47//47 14//14 42//42
f 57//57 22//22 47//47
f 60//60 36//36 26//26
f 60//60 22//22 57//57
f 60//60 26//26 22//22
f 68//68 36//36 60//60
f 76//76 51//51 36//36
f 76//76 62//62 51//51
f 76//76 36//36 68//68
f 84//84 62//62 76//76
f 100//100 70//70 62//62
f 100//100 62//62 84//84
f 118//118 70//70 100//100
f 118//118 80//80 70//70
f 130//130 80//80 118//118
f 130//130 94//94 80//80
f 146//146 94//94 130//130
f 146//146 116//116 94//94
f 146//146 132//132 116//116
f 158//158 148//148 132//132
f 158//158 168//168 148//148
f 158//158 220//220 168//168
f 158//158 132//132 146//146
f 90//90 33//33 31//31
f 90//90 31//31 88//88
f 92//92 33//33 90//90
f 98//98 47//47 42//42
f 98//98 42//42 33//33
f 98//98 33//33 92//92
f 106//106 47//47 98//98
f 114//114 57//57 47//47
f 114//114 47//47 106//106
f 126//126 57//57 114//114
f 126//126 60//60 57//57
f 134//134 68//68 60//60
f 134//134 60//60 126//126
f 144//144 76//76 68//68
f 144//144 68//68 134//134
f 156//156 84//84 76//76
f 156//156 76//76 144//144
f 162//162 118//118 100//100
f 162//162 100//100 84//84
f 162//162 84//84 156//156
f 170//170 118//118 162//162
f 178//178 118//118 170//170
f 178//178 130//130 118//118
f 194//194 146//146 130//130
f 194//194 130//130 178//178
f 208//208 146//146 194//194
f 208//208 220//220 158//158
f 208//208 158//158 146//146
f 180//180 90//90 88//88
f 180//180 88//88 176//176
f 182//182 92//92 90//90
f 182//182 90//90 180//180
f 184//184 92//92 182//182
f 184//184 98//98 92//92
f 188//188 98//98 184//184
f 188//188 106//106 98//98
f 198//198 106//106 188//188
f 198//198 114//114 106//106
f 206//206 114//114 198//198
f 206//206 126//126 114//114
f 212//212 126//126 206//206
f 212//212 134//134 126//126
f 218//218 134//134 212//212
f 218//218 144//144 134//134
f 226//226 156//156 144//144
f 226//226 144//144 218//218
f 226//226 162//162 156//156
f 230//230 162//162 226//226
f 236//236 170//170 162//162
f 236//236 162//162 230//230
f 240//240 178//178 170//170
f 240//240 170//170 236//236
f 240//240 194//194 178//178
f 244//244 194//194 240//240
f 244//244 208//208 194//194
f 248//248 220//220 208//208
f 248//248 208//208 244//244
f 248//248 260//260 220//220
f 252//252 182//182 180//180
f 252//252 176//176 250//250
f 252//252 180//180 176//176
f 254//254 182//182 252//252
f 256//256 184//184 182//182
f 256//256 188//188 184//184
f 256//256 182//182 254//254
f 262//262 188//188 256//256
f 262//262 198//198 188//188
f 268//268 198//198 262//262
f 276//276 206//206 198//198
f 276//276 198//198 268//268
f 276//276 212//212 206//206
f 280//280 212//212 276//276
f 286//286 218//218 212//212
f 286//286 212//212 280//280
f 290//290 226//226 218//218
f 290//290 230//230 226//226
f 290//290 218//218 286//286
f 294//294 230//230 290//290
f 298//298 236//236 230//230
f 298//298 230//230 294//294
f 302//302 240//240 236//236
f 302//302 244//244 240//240
f 302//302 236//236 298//298
f 306//306 248//248 244//244
f 306//306 244//244 302//302
f 310//310 260//260 248//248
f 310//310 314//314 260//260
f 310//310 248//248 306//306
f 322//322 250//250 320//320
f 322//322 254//254 252//252
f 322//322 252//252 250//250
f 324//324 254//254 322//322
f 326//326 254//254 324//324
f 326//326 256//256 254//254
f 328//328 256//256 326//326
f 328//328 262//262 256//256
f 330//330 262//262 328//328
f 330//330 268//268 262//262
f 338//338 268//268 330//330
f 338//338 276//276 268//268
f 344//344 280//280 276//276
f 344//344 276//276 338//338
f 348//348 280//280 344//344
f 348//348 286//286 280//280
f 352//352 286//286 348//348
f 352//352 294//294 290//290
f 352//352 290//290 286//286
f 358//358 294//294 352//352
f 362//362 294//294 358//358
f 362//362 298//298 294//294
f 365//365 298//298 362//362
f 365//365 302//302 298//298
f 369//369 302//302 365//365
f 369//369 306//306 302//302
f 373//373 306//306 369//369
f 373//373 377//377 314//314
f 373//373 314//314 310//310
f 373//373 310//310 306//306
f 385//385 320//320 383//383
f 385//385 383//383 520//520
f 385//385 322//322 320//320
f 387//387 326//326 324//324
f 387//387 324//324 322//322
f 387//387 322//322 385//385
f 389//389 326//326 387//387
f 391//391 326//326 389//389
f 391//391 328//328 326//326
f 391//391 330//330 328//328
f 393//393 330//330 391//391
f 395//395 338//338 330//330
f 395//395 344//344 338//338
f 395//395 330//330 393//393
f 405//405 344//344 395//395
f 409//409 348//348 344//344
f 409//409 344//344 405//405
f 420//420 352//352 348//348
f 420//420 348//348 409//409
f 420//420 358//358 352//352
f 439//439 362//362 358//358
f 439//439 358//358 420//420
f 453//453 365//365 362//362
f 453//453 362//362 439//439
f 466//466 369//369 365//365
f 466//466 365//365 453//453
f 476//476 369//369 466//466
f 476//476 373//373 369//369
f 476//476 377//377 373//373
f 476//476 482//482 377//377
f 523//523 385//385 520//520
f 528//528 387//387 385//385
f 528//528 385//385 523//523
f 532//532 389//389 387//387
f 532//532 387//387 528//528
f 536//536 391//391 389//389
f 536//536 389//389 532//532
f 540//540 393//393 391//391
f 540//540 391//391 536//536
f 543//543 395//395 393//393
f 543//543 393//393 540//540
f 552//552 405//405 395//395
f 552//552 395//395 543//543
f 561//561 409//409 405//405
f 561//561 405//405 552//552
f 565//565 409//409 561//561
f 565//565 420//420 409//409
f 570//570 420//420 565//565
f 574//574 420//420 570//570
f 574//574 439//439 420//420
f 578//578 453//453 439//439
f 578//578 439//439 574//574
f 578//578 466//466 453//453
f 582//582 466//466 578//578
f 592//592 466//466 582//582
f 592//592 605//605 482//482
f 592//592 476//476 466//466
f 592//592 482//482 476//476
f 642//642 528//528 523//523
f 642//642 520//520 640//640
f 642//642 523//523 520//520
f 645//645 528//528 642//642
f 650//650 528//528 645//645
f 650//650 532//532 528//528
f 653//653 532//532 650//650
f 653//653 536//536 532//532
f 653//653 540//540 536//536
f 657//657 540//540 653//653
f 660//660 552//552 543//543
f 660//660 540//540 657//657
f 660//660 543//543 540//540
f 662//662 552//552 660//660
f 670//670 561//561 552//552
f 670//670 552//552 662//662
f 676//676 565//565 561//561
f 676//676 561//561 670//670
f 681//681 570//570 565//565
f 681//681 574//574 570//570
f 681//681 565//565 676//676
f 685//685 574//574 681//681
f 689//689 574//574 685//685
f 689//689 578//578 574//574
f 696//696 582//582 578//578
f 696//696 578//578 689//689
f 700//700 592//592 582//582
f 700//700 582//582 696//696
f 700//700 705//705 605//605
f 700//700 605//605 592//592
f 737//737 645//645 642//642
f 737//737 640//640 735//735
f 737//737 735//735 842//842
f 737//737 642//642 640//640
f 739//739 645//645 737//737
f 741//741 650//650 645//645
f 741//741 645//645 739//739
f 743//743 653//653 650//650
f 743//743 650//650 741//741
f 745//745 657//657 653//653
f 745//745 653//653 743//743
f 747//747 660//660 657//657
f 747//747 657//657 745//745
f 749//749 662//662 660//660
f 749//749 670//670 662//662
f 749//749 660//660 747//747
f 751//751 670//670 749//749
f 761//761 676//676 670//670
f 761//761 681//681 676//676
f 761//761 670//670 751//751
f 773//773 681//681 761//761
f 780//780 685//685 681//681
f 780//780 689//689 685//685
f 780//780 681//681 773//773
f 793//793 689//689 780//780
f 799//799 696//696 689//689
f 799//799 689//689 793//793
f 805//805 696//696 799//799
f 805//805 700//700 696//696
f 805//805 705//705 700//700
f 805//805 809//809 705//705
f 844//844 737//737 842//842
f 846//846 739//739 737//737
f 846//846 741//741 739//739
f 846//846 737//737 844//844
f 848//848 741//741 846//846
f 850//850 741//741 848//848
f 850//850 745//745 743//743
f 850//850 743//743 741//741
f 852//852 745//745 850//850
f 854//854 745//745 852//852
f 854//854 747//747 745//745
f 854//854 749//749 747//747
f 857//857 749//749 854//854
f 859//859 749//749 857//857
f 859//859 751//751 749//749
f 861//861 751//751 859//859
f 861//861 761//761 751//751
f 870//870 761//761 861//861
f 870//870 773//773 761//761
f 877//877 773//773 870//870
f 877//877 780//780 773//773
f 881//881 780//780 877//877
f 881//881 793//793 780//780
f 887//887 793//793 881//881
f 887//887 799//799 793//793
f 891//891 809//809 805//805
f 891//891 799//799 887//887
f 891//891 805//805 799//799
f 891//891 895//895 809//809
f 891//891 979//979 895//895
f 931//931 846//846 844//844
f 931//931 842//842 929//929
f 931//931 929//929 1044//1044
f 931//931 844//844 842//842
f 933//933 846//846 931//931
f 935//935 848//848 846//846
f 935//935 846//846 933//933
f 937//937 850//850 848//848
f 937//937 852//852 850//850
f 937//937 848//848 935//935
f 939//939 852//852 937//937
f 941//941 854//854 852//852
f 941//941 852//852 939//939
f 941//941 857//857 854//854
f 943//943 857//857 941//941
f 943//943 859//859 857//857
f 945//945 859//859 943//943
f 947//947 861//861 859//859
f 947//947 870//870 861//861
f 947//947 859//859 945//945
f 949//949 877//877 870//870
f 949//949 870//870 947//947
f 957//957 877//877 949//949
f 965//965 881//881 877//877
f 965//965 877//877 957//957
f 969//969 881//881 965//965
f 969//969 891//891 887//887
f 969//969 887//887 881//881
f 975//975 979//979 891//891
f 975//975 891//891 969//969
f 1046//1046 931//931 1044//1044
f 1046//1046 933//933 931//931
f 1048//1048 933//933 1046//1046
f 1048//1048 935//935 933//933
f 1052//1052 935//935 1048//1048
f 1055//1055 939//939 937//937
f 1055//1055 937//937 935//935
f 1055//1055 935//935 1052//1052
f 1059//1059 939//939 1055//1055
f 1063//1063 943//943 941//941
f 1063//1063 941//941 939//939
f 1063//1063 939//939 1059//1059
f 1067//1067 943//943 1063//1063
f 1071//1071 943//943 1067//1067
f 1071//1071 945//945 943//943
f 1071//1071 947//947 945//945
f 1073//1073 947//947 1071//1071
f 1075//1075 947//947 1073//1073
f 1075//1075 949//949 947//947
f 1075//1075 957//957 949//949
f 1083//1083 957//957 1075//1075
f 1083//1083 965//965 957//957
f 1091//1091 965//965 1083//1083
f 1107//1107 965//965 1091//1091
f 1107//1107 969//969 965//965
f 1117//1117 969//969 1107//1107
f 1117//1117 1129//1129 979//979
f 1117//1117 1357//1357 1129//1129
f 1117//1117 979//979 975//975
f 1117//1117 975//975 969//969
f 1304//1304 1044//1044 1302//1302
f 1304//1304 1302//1302 1750//1750
f 1304//1304 1750//1750 1753//1753
f 1304//1304 1753//1753 1755//1755
f 1304//1304 1046//1046 1044//1044
f 1306//1306 1046//1046 1304//1304
f 1306//1306 1048//1048 1046//1046
f 1306//1306 1304//1304 1755//1755
f 1306//1306 1052//1052 1048//1048
f 1308//1308 1755//1755 1760//1760
f 1308//1308 1760//1760 1762//1762
f 1308//1308 1306//1306 1755//1755
f 1308//1308 1052//1052 1306//1306
f 1310//1310 1055//1055 1052//1052
f 1310//1310 1052//1052 1308//1308
f 1310//1310 1762//1762 1769//1769
f 1310//1310 1308//1308 1762//1762
f 1310//1310 1059//1059 1055//1055
f 1312//1312 1059//1059 1310//1310
f 1312//1312 1310//1310 1769//1769
f 1314//1314 1063//1063 1059//1059
f 1314//1314 1067//1067 1063//1063
f 1314//1314 1769//1769 1773//1773
f 1314//1314 1059//1059 1312//1312
f 1314//1314 1312//1312 1769//1769
f 1316//1316 1773//1773 1780//1780
f 1316//1316 1780//1780 1787//1787
f 1316//1316 1314//1314 1773//1773
f 1316//1316 1067//1067 1314//1314
f 1319//1319 1071//1071 1067//1067
f 1319//1319 1073//1073 1071//1071
f 1319//1319 1067//1067 1316//1316
f 1319//1319 1316//1316 1787//1787
f 1321//1321 1787//1787 1792//1792
f 1321//1321 1073//1073 1319//1319
f 1321//1321 1319//1319 1787//1787
f 1326//1326 1075//1075 1073//1073
f 1326//1326 1792//1792 1798//1798
f 1326//1326 1321//1321 1792//1792
f 1326//1326 1798//1798 1806//1806
f 1326//1326 1073//1073 1321//1321
f 1331//1331 1083//1083 1075//1075
f 1331//1331 1806//1806 1813//1813
f 1331//1331 1075//1075 1326//1326
f 1331//1331 1326//1326 1806//1806
f 1335//1335 1091//1091 1083//1083
f 1335//1335 1083//1083 1331//1331
f 1335//1335 1331//1331 1813//1813
f 1347//1347 1107//1107 1091//1091
f 1347//1347 1813//1813 1823//1823
f 1347//1347 1823//1823 1830//1830
f 1347//1347 1091//1091 1335//1335
f 1347//1347 1335//1335 1813//1813
f 1353//1353 1357//1357 1117//1117
f 1353//1353 1117//1117 1107//1107
f 1353//1353 1830//1830 1840//1840
f 1353//1353 1107//1107 1347//1347
f 1353//1353 1347//1347 1830//1830
f 1353//1353 1840//1840 1357//1357
f 3799//3799 3798//3798 3106//3106
f 3107//3107 3106//3106 2500//2500
f 3107//3107 3799//3799 3106//3106
f 2501//2501 3107//3107 2500//2500
f 1868//1868 2500//2500 1867//1867
f 1868//1868 1867//1867 1360//1360
f 1868//1868 2501//2501 2500//2500
f 1361//1361 1868//1868 1360//1360
f 1097//1097 1360//1360 1096//1096
f 1097//1097 1361//1361 1360//1360
f 951//951 1096//1096 950//950
f 951//951 950//950 862//862
f 951//951 1097//1097 1096//1096
f 863//863 862//862 752//752
f 863//863 951//951 862//862
f 753//753 863//863 752//752
f 664//664 753//753 752//752
f 664//664 752//752 663//663
f 664//664 663//663 548//548
f 549//549 664//664 548//548
f 397//397 549//549 548//548
f 397//397 548//548 396//396
f 332//332 396//396 331//331
f 332//332 331//331 263//263
f 332//332 397//397 396//396
f 264//264 263//263 189//189
f 264//264 332//332 263//263
f 190//190 264//264 189//189
f 102//102 189//189 101//101
f 102//102 190//190 189//189
f 38//38 101//101 37//37
f 38//38 37//37 5//5
f 38//38 102//102 101//101
f 6//6 5//5 1//1
f 6//6 38//38 5//5
f 2//2 6//6 1//1
f 29//29 1//1 28//28
f 29//29 2//2 1//1
f 88//88 28//28 87//87
f 88//88 87//87 175//175
f 88//88 29//29 28//28
f 176//176 88//88 175//175
f 250//250 175//175 249//249
f 250//250 176//176 175//175
f 320//320 249//249 319//319
f 320//320 250//250 249//249
f 383//383 319//319 382//382
f 383//383 320//320 319//319
f 520//520 382//382 519//519
f 520//520 519//519 639//639
f 520//520 383//383 382//382
f 640//640 520//520 639//639
f 735//735 639//639 734//734
f 735//735 640//640 639//639
f 842//842 734//734 841//841
f 842//842 841//841 928//928
f 842//842 735//735 734//734
f 929//929 842//842 928//928
f 1044//1044 928//928 1043//1043
f 1044//1044 1043//1043 1301//1301
f 1044//1044 929//929 928//928
f 1302//1302 1301//1301 1749//1749
f 1302//1302 1044//1044 1301//1301
f 1750//1750 1302//1302 1749//1749
f 3067//3067 3718//3718 3707//3707
f 3106//3106 3798//3798 3795//3795
f 3069//3069 3718//3718 3067//3067
f 3071//3071 3718//3718 3069//3069
f 3071//3071 3724//3724 3718//3718
f 3075//3075 3724//3724 3071//3071
f 3075//3075 3735//3735 3724//3724
f 3078//3078 3735//3735 3075//3075
f 3078//3078 3743//3743 3735//3735
f 3082//3082 3743//3743 3078//3078
f 3082//3082 3750//3750 3743//3743
f 3084//3084 3750//3750 3082//3082
f 3084//3084 3757//3757 3750//3750
f 3087//3087 3757//3757 3084//3084
f 3087//3087 3762//3762 3757//3757
f 3090//3090 3762//3762 3087//3087
f 3090//3090 3769//3769 3762//3762
f 3090//3090 3775//3775 3769//3769
f 3093//3093 3775//3775 3090//3090
f 3093//3093 3779//3779 3775//3775
f 3096//3096 3779//3779 3093//3093
f 3096//3096 3786//3786 3779//3779
f 3098//3098 3786//3786 3096//3096
f 3098//3098 3788//3788 3786//3786
f 3100//3100 3788//3788 3098//3098
f 3100//3100 3793//3793 3788//3788
f 3104//3104 3106//3106 3795//3795
f 3104//3104 3793//3793 3100//3100
f 3104//3104 3795//3795 3793//3793
f 2543//2543 3067//3067 2545//2545
f 2543//2543 2545//2545 1942//1942
f 2543//2543 3069//3069 3067//3067
f 2541//2541 3069//3069 2543//2543
f 2541//2541 3071//3071 3069//3069
f 2538//2538 3075//3075 3071//3071
f 2538//2538 3071//3071 2541//2541
f 2535//2535 3075//3075 2538//2538
f 2535//2535 3078//3078 3075//3075
f 2533//2533 3078//3078 2535//2535
f 2533//2533 3082//3082 3078//3078
f 2533//2533 3084//3084 3082//3082
f 2530//2530 3084//3084 2533//2533
f 2528//2528 3087//3087 3084//3084
f 2528//2528 3084//3084 2530//2530
f 2523//2523 3090//3090 3087//3087
f 2523//2523 3087//3087 2528//2528
f 2519//2519 3090//3090 2523//2523
f 2515//2515 3090//3090 2519//2519
f 2515//2515 3093//3093 3090//3090
f 2508//2508 3093//3093 2515//2515
f 2508//2508 3096//3096 3093//3093
f 2506//2506 3098//3098 3096//3096
f 2506//2506 3096//3096 2508//2508
f 2504//2504 3100//3100 3098//3098
f 2504//2504 3098//3098 2506//2506
f 2502//2502 3104//3104 3100//3100
f 2502//2502 3106//3106 3104//3104
f 2502//2502 2500//2500 3106//3106
f 2502//2502 3100//3100 2504//2504
f 1935//1935 2543//2543 1942//1942
f 1931//1931 2543//2543 1935//1935
f 1931//1931 2541//2541 2543//2543
f 1923//1923 2541//2541 1931//1931
f 1923//1923 2538//2538 2541//2541
f 1919//1919 2533//2533 2535//2535
f 1919//1919 2535//2535 2538//2538
f 1919//1919 2538//2538 1923//1923
f 1915//1915 2533//2533 1919//1919
f 1915//1915 2530//2530 2533//2533
f 1910//1910 2530//2530 1915//1915
f 1905//1905 2528//2528 2530//2530
f 1905//1905 2530//2530 1910//1910
f 1897//1897 2523//2523 2528//2528
f 1897//1897 2528//2528 1905//1905
f 1897//1897 2519//2519 2523//2523
f 1889//1889 2508//2508 2515//2515
f 1889//1889 2515//2515 2519//2519
f 1889//1889 2519//2519 1897//1897
f 1882//1882 2508//2508 1889//1889
f 1875//1875 2504//2504 2506//2506
f 1875//1875 2506//2506 2508//2508
f 1875//1875 2508//2508 1882//1882
f 1872//1872 2504//2504 1875//1875
f 1869//1869 2504//2504 1872//1872
f 1869//1869 2500//2500 2502//2502
f 1869//1869 1867//1867 2500//2500
f 1869//1869 1360//1360 1867//1867
f 1869//1869 2502//2502 2504//2504
f 1411//1411 1942//1942 1415//1415
f 1411//1411 1931//1931 1935//1935
f 1411//1411 1935//1935 1942//1942
f 1403//1403 1931//1931 1411//1411
f 1403//1403 1923//1923 1931//1931
f 1399//1399 1923//1923 1403//1403
f 1396//1396 1923//1923 1399//1399
f 1396//1396 1919//1919 1923//1923
f 1392//1392 1919//1919 1396//1396
f 1392//1392 1915//1915 1919//1919
f 1386//1386 1910//1910 1915//1915
f 1386//1386 1915//1915 1392//1392
f 1382//1382 1910//1910 1386//1386
f 1382//1382 1905//1905 1910//1910
f 1380//1380 1905//1905 1382//1382
f 1380//1380 1897//1897 1905//1905
f 1376//1376 1897//1897 1380//1380
f 1372//1372 1897//1897 1376//1376
f 1372//1372 1889//1889 1897//1897
f 1372//1372 1882//1882 1889//1889
f 1369//1369 1882//1882 1372//1372
f 1366//1366 1875//1875 1882//1882
f 1366//1366 1882//1882 1369//1369
f 1364//1364 1869//1869 1872//1872
f 1364//1364 1875//1875 1366//1366
f 1364//1364 1872//1872 1875//1875
f 1362//1362 1869//1869 1364//1364
f 1362//1362 1360//1360 1869//1869
f 1164//1164 1415//1415 1168//1168
f 1164//1164 1168//1168 1002//1002
f 1164//1164 1411//1411 1415//1415
f 1154//1154 1399//1399 1403//1403
f 1154//1154 1411//1411 1164//1164
f 1154//1154 1403//1403 1411//1411
f 1147//1147 1396//1396 1399//1399
f 1147//1147 1399//1399 1154//1154
f 1145//1145 1392//1392 1396//1396
f 1145//1145 1396//1396 1147//1147
f 1141//1141 1392//1392 1145//1145
f 1135//1135 1386//1386 1392//1392
f 1135//1135 1392//1392 1141//1141
f 1131//1131 1382//1382 1386//1386
f 1131//1131 1386//1386 1135//1135
f 1126//1126 1380//1380 1382//1382
f 1126//1126 1382//1382 1131//1131
f 1119//1119 1372//1372 1376//1376
f 1119//1119 1376//1376 1380//1380
f 1119//1119 1380//1380 1126//1126
f 1114//1114 1372//1372 1119//1119
f 1112//1112 1369//1369 1372//1372
f 1112//1112 1366//1366 1369//1369
f 1112//1112 1372//1372 1114//1114
f 1104//1104 1366//1366 1112//1112
f 1102//1102 1364//1364 1366//1366
f 1102//1102 1366//1366 1104//1104
f 1098//1098 1362//1362 1364//1364
f 1098//1098 1360//1360 1362//1362
f 1098//1098 1096//1096 1360//1360
f 1098//1098 1364//1364 1102//1102
f 1000//1000 1164//1164 1002//1002
f 994//994 1154//1154 1164//1164
f 994//994 1164//1164 1000//1000
f 989//989 1147//1147 1154//1154
f 989//989 1145//1145 1147//1147
f 989//989 1154//1154 994//994
f 982//982 1145//1145 989//989
f 980//980 1141//1141 1145//1145
f 980//980 1145//1145 982//982
f 976//976 1141//1141 980//980
f 976//976 1135//1135 1141//1141
f 972//972 1135//1135 976//976
f 972//972 1131//1131 1135//1135
f 972//972 1126//1126 1131//1131
f 970//970 1126//1126 972//972
f 966//966 1126//1126 970//970
f 966//966 1119//1119 1126//1126
f 962//962 1114//1114 1119//1119
f 962//962 1119//1119 966//966
f 960//960 1114//1114 962//962
f 960//960 1104//1104 1112//1112
f 960//960 1112//1112 1114//1114
f 958//958 1104//1104 960//960
f 958//958 1102//1102 1104//1104
f 954//954 1102//1102 958//958
f 952//952 1102//1102 954//954
f 952//952 950//950 1096//1096
f 952//952 1096//1096 1098//1098
f 952//952 1098//1098 1102//1102
f 902//902 1002//1002 904//904
f 902//902 1000//1000 1002//1002
f 900//900 1000//1000 902//902
f 900//900 994//994 1000//1000
f 898//898 989//989 994//994
f 898//898 994//994 900//900
f 896//896 989//989 898//898
f 896//896 982//982 989//989
f 892//892 982//982 896//896
f 892//892 980//980 982//982
f 888//888 976//976 980//980
f 888//888 980//980 892//892
f 884//884 972//972 976//976
f 884//884 976//976 888//888
f 882//882 970//970 972//972
f 882//882 972//972 884//884
f 878//878 966//966 970//970
f 878//878 970//970 882//882
f 875//875 962//962 966//966
f 875//875 966//966 878//878
f 871//871 960//960 962//962
f 871//871 962//962 875//875
f 868//868 958//958 960//960
f 868//868 960//960 871//871
f 866//866 952//952 954//954
f 866//866 958//958 868//868
f 866//866 954//954 958//958
f 864//864 950//950 952//952
f 864//864 862//862 950//950
f 864//864 952//952 866//866
f 814//814 904//904 816//816
f 814//814 900//900 902//902
f 814//814 902//902 904//904
f 812//812 900//900 814//814
f 810//810 896//896 898//898
f 810//810 900//900 812//812
f 810//810 898//898 900//900
f 806//806 892//892 896//896
f 806//806 896//896 810//810
f 801//801 892//892 806//806
f 795//795 888//888 892//892
f 795//795 892//892 801//801
f 790//790 884//884 888//888
f 790//790 888//888 795//795
f 783//783 882//882 884//884
f 783//783 884//884 790//790
f 777//777 878//878 882//882
f 777//777 875//875 878//878
f 777//777 882//882 783//783
f 770//770 871//871 875//875
f 770//770 875//875 777//777
f 767//767 871//871 770//770
f 758//758 871//871 767//767
f 758//758 868//868 871//871
f 756//756 868//868 758//758
f 756//756 866//866 868//868
f 754//754 866//866 756//756
f 754//754 752//752 862//862
f 754//754 864//864 866//866
f 754//754 862//862 864//864
f 708//708 816//816 710//710
f 708//708 814//814 816//816
f 706//706 812//812 814//814
f 706//706 814//814 708//708
f 702//702 812//812 706//706
f 702//702 810//810 812//812
f 697//697 810//810 702//702
f 697//697 806//806 810//810
f 693//693 806//806 697//697
f 693//693 801//801 806//806
f 690//690 801//801 693//693
f 690//690 795//795 801//801
f 686//686 795//795 690//690
f 686//686 790//790 795//795
f 682//682 790//790 686//686
f 682//682 783//783 790//790
f 682//682 777//777 783//783
f 677//677 770//770 777//777
f 677//677 777//777 682//682
f 673//673 767//767 770//770
f 673//673 770//770 677//677
f 671//671 758//758 767//767
f 671//671 767//767 673//673
f 667//667 756//756 758//758
f 667//667 758//758 671//671
f 665//665 754//754 756//756
f 665//665 752//752 754//754
f 665//665 756//756 667//667
f 665//665 663//663 752//752
f 614//614 710//710 618//618
f 614//614 618//618 498//498
f 614//614 706//706 708//708
f 614//614 708//708 710//710
f 606//606 706//706 614//614
f 594//594 702//702 706//706
f 594//594 706//706 606//606
f 583//583 697//697 702//702
f 583//583 693//693 697//697
f 583//583 702//702 594//594
f 579//579 690//690 693//693
f 579//579 693//693 583//583
f 575//575 690//690 579//579
f 571//571 686//686 690//690
f 571//571 690//690 575//575
f 567//567 682//682 686//686
f 567//567 686//686 571//571
f 562//562 677//677 682//682
f 562//562 682//682 567//567
f 558//558 673//673 677//677
f 558//558 677//677 562//562
f 556//556 671//671 673//673
f 556//556 673//673 558//558
f 553//553 667//667 671//671
f 553//553 671//671 556//556
f 550//550 665//665 667//667
f 550//550 548//548 663//663
f 550//550 663//663 665//665
f 550//550 396//396 548//548
f 550//550 667//667 553//553
f 483//483 614//614 498//498
f 479//479 606//606 614//614
f 479//479 614//614 483//483
f 471//471 594//594 606//606
f 471//471 606//606 479//479
f 463//463 594//594 471//471
f 463//463 583//583 594//594
f 463//463 579//579 583//583
f 450//450 579//579 463//463
f 440//440 575//575 579//579
f 440//440 579//579 450//450
f 432//432 575//575 440//440
f 432//432 571//571 575//575
f 415//415 571//571 432//432
f 415//415 567//567 571//571
f 412//412 567//567 415//415
f 412//412 562//562 567//567
f 410//410 562//562 412//412
f 406//406 562//562 410//410
f 406//406 558//558 562//562
f 406//406 556//556 558//558
f 402//402 556//556 406//406
f 400//400 556//556 402//402
f 400//400 553//553 556//556
f 398//398 553//553 400//400
f 398//398 396//396 550//550
f 398//398 550//550 553//553
f 378//378 498//498 380//380
f 378//378 380//380 317//317
f 378//378 483//483 498//498
f 374//374 483//483 378//378
f 374//374 479//479 483//483
f 370//370 463//463 471//471
f 370//370 479//479 374//374
f 370//370 471//471 479//479
f 366//366 463//463 370//370
f 366//366 450//450 463//463
f 359//359 440//440 450//450
f 359//359 432//432 440//440
f 359//359 450//450 366//366
f 355//355 432//432 359//359
f 353//353 415//415 432//432
f 353//353 432//432 355//355
f 349//349 412//412 415//415
f 349//349 415//415 353//353
f 345//345 410//410 412//412
f 345//345 412//412 349//349
f 341//341 410//410 345//345
f 341//341 406//406 410//410
f 339//339 402//402 406//406
f 339//339 406//406 341//341
f 335//335 400//400 402//402
f 335//335 398//398 400//400
f 335//335 402//402 339//339
f 333//333 398//398 335//335
f 333//333 396//396 398//398
f 333//333 331//331 396//396
f 315//315 378//378 317//317
f 311//311 374//374 378//378
f 311//311 378//378 315//315
f 307//307 370//370 374//374
f 307//307 374//374 311//311
f 303//303 366//366 370//370
f 303//303 370//370 307//307
f 299//299 366//366 303//303
f 295//295 359//359 366//366
f 295//295 366//366 299//299
f 291//291 355//355 359//359
f 291//291 359//359 295//295
f 287//287 353//353 355//355
f 287//287 355//355 291//291
f 283//283 353//353 287//287
f 283//283 349//349 353//353
f 281//281 349//349 283//283
f 281//281 345//345 349//349
f 277//277 345//345 281//281
f 277//277 341//341 345//345
f 273//273 341//341 277//277
f 273//273 339//339 341//341
f 269//269 339//339 273//273
f 269//269 333//333 335//335
f 269//269 335//335 339//339
f 265//265 333//333 269//269
f 265//265 263//263 331//331
f 265//265 331//331 333//333
f 257//257 317//317 271//271
f 257//257 315//315 317//317
f 245//245 311//311 315//315
f 245//245 315//315 257//257
f 241//241 307//307 311//311
f 241//241 311//311 245//245
f 237//237 307//307 241//241
f 237//237 303//303 307//307
f 233//233 295//295 299//299
f 233//233 303//303 237//237
f 233//233 299//299 303//303
f 231//231 295//295 233//233
f 227//227 291//291 295//295
f 227//227 295//295 231//231
f 221//221 291//291 227//227
f 221//221 287//287 291//291
f 213//213 287//287 221//221
f 213//213 283//283 287//287
f 209//209 281//281 283//283
f 209//209 283//283 213//213
f 203//203 277//277 281//281
f 203//203 273//273 277//277
f 203//203 281//281 209//209
f 199//199 273//273 203//203
f 195//195 273//273 199//199
f 195//195 269//269 273//273
f 191//191 263//263 265//265
f 191//191 269//269 195//195
f 191//191 189//189 263//263
f 191//191 265//265 269//269
f 215//215 271//271 223//223
f 215//215 245//245 257//257
f 215//215 257//257 271//271
f 201//201 245//245 215//215
f 185//185 245//245 201//201
f 185//185 241//241 245//245
f 173//173 241//241 185//185
f 173//173 237//237 241//241
f 165//165 233//233 237//237
f 165//165 237//237 173//173
f 159//159 227//227 231//231
f 159//159 231//231 233//233
f 159//159 233//233 165//165
f 153//153 227//227 159//159
f 141//141 221//221 227//227
f 141//141 227//227 153//153
f 135//135 213//213 221//221
f 135//135 209//209 213//213
f 135//135 221//221 141//141
f 127//127 209//209 135//135
f 121//121 203//203 209//209
f 121//121 209//209 127//127
f 111//111 199//199 203//203
f 111//111 203//203 121//121
f 107//107 195//195 199//199
f 107//107 199//199 111//111
f 103//103 195//195 107//107
f 103//103 101//101 189//189
f 103//103 191//191 195//195
f 103//103 189//189 191//191
f 163//163 223//223 171//171
f 163//163 215//215 223//223
f 151//151 201//201 215//215
f 151//151 215//215 163//163
f 151//151 185//185 201//201
f 139//139 185//185 151//151
f 123//123 185//185 139//139
f 123//123 173//173 185//185
f 109//109 173//173 123//123
f 109//109 159//159 165//165
f 109//109 165//165 173//173
f 85//85 159//159 109//109
f 77//77 153//153 159//159
f 77//77 159//159 85//85
f 71//71 153//153 77//77
f 71//71 141//141 153//153
f 66//66 141//141 71//71
f 66//66 135//135 141//141
f 66//66 127//127 135//135
f 58//58 127//127 66//66
f 52//52 127//127 58//58
f 52//52 121//121 127//127
f 48//48 111//111 121//121
f 48//48 121//121 52//52
f 48//48 107//107 111//111
f 44//44 107//107 48//48
f 39//39 107//107 44//44
f 39//39 103//103 107//107
f 39//39 101//101 103//103
f 39//39 37//37 101//101
f 137//137 171//171 149//149
f 137//137 163//163 171//171
f 119//119 163//163 137//137
f 119//119 151//151 163//163
f 95//95 139//139 151//151
f 95//95 123//123 139//139
f 95//95 151//151 119//119
f 81//81 123//123 95//95
f 73//73 109//109 123//123
f 73//73 123//123 81//81
f 63//63 85//85 109//109
f 63//63 109//109 73//73
f 54//54 77//77 85//85
f 54//54 85//85 63//63
f 34//34 71//71 77//77
f 34//34 77//77 54//54
f 34//34 66//66 71//71
f 23//23 66//66 34//34
f 23//23 58//58 66//66
f 19//19 52//52 58//58
f 19//19 58//58 23//23
f 15//15 48//48 52//52
f 15//15 52//52 19//19
f 11//11 44//44 48//48
f 11//11 48//48 15//15
f 7//7 39//39 44//44
f 7//7 37//37 39//39
f 7//7 44//44 11//11
f 7//7 5//5 37//37
f 131//131 149//149 147//147
f 131//131 137//137 149//149
f 115//115 137//137 131//131
f 115//115 119//119 137//137
f 93//93 95//95 119//119
f 93//93 119//119 115//115
f 79//79 81//81 95//95
f 79//79 95//95 93//93
f 69//69 73//73 81//81
f 69//69 81//81 79//79
f 61//61 73//73 69//69
f 61//61 63//63 73//73
f 50//50 54//54 63//63
f 50//50 63//63 61//61
f 35//35 54//54 50//50
f 35//35 34//34 54//54
f 25//25 34//34 35//35
f 21//21 34//34 25//25
f 21//21 23//23 34//34
f 17//17 23//23 21//21
f 17//17 19//19 23//23
f 13//13 19//19 17//17
f 13//13 15//15 19//19
f 9//9 15//15 13//13
f 9//9 11//11 15//15
f 3//3 11//11 9//9
f 3//3 1//1 5//5
f 3//3 7//7 11//11
f 3//3 5//5 7//7
f 157//157 147//147 167//167
f 157//157 131//131 147//147
f 157//157 115//115 131//131
f 145//145 115//115 157//157
f 129//129 115//115 145//145
f 129//129 93//93 115//115
f 117//117 79//79 93//93
f 117//117 69//69 79//79
f 117//117 93//93 129//129
f 99//99 69//69 117//117
f 83//83 50//50 61//61
f 83//83 69//69 99//99
f 83//83 61//61 69//69
f 75//75 50//50 83//83
f 65//65 25//25 35//35
f 65//65 50//50 75//75
f 65//65 35//35 50//50
f 56//56 21//21 25//25
f 56//56 25//25 65//65
f 46//46 17//17 21//21
f 46//46 21//21 56//56
f 41//41 13//13 17//17
f 41//41 17//17 46//46
f 32//32 13//13 41//41
f 32//32 9//9 13//13
f 32//32 3//3 9//9
f 30//30 1//1 3//3
f 30//30 28//28 1//1
f 30//30 3//3 32//32
f 207//207 167//167 219//219
f 207//207 219//219 259//259
f 207//207 157//157 167//167
f 193//193 145//145 157//157
f 193//193 157//157 207//207
f 177//177 145//145 193//193
f 177//177 129//129 145//145
f 177//177 117//117 129//129
f 169//169 117//117 177//177
f 161//161 99//99 117//117
f 161//161 83//83 99//99
f 161//161 117//117 169//169
f 155//155 83//83 161//161
f 143//143 83//83 155//155
f 143//143 75//75 83//83
f 133//133 65//65 75//75
f 133//133 75//75 143//143
f 125//125 65//65 133//133
f 113//113 56//56 65//65
f 113//113 65//65 125//125
f 105//105 46//46 56//56
f 105//105 56//56 113//113
f 97//97 41//41 46//46
f 97//97 46//46 105//105
f 91//91 41//41 97//97
f 91//91 32//32 41//41
f 89//89 32//32 91//91
f 89//89 87//87 28//28
f 89//89 28//28 30//30
f 89//89 30//30 32//32
f 247//247 207//207 259//259
f 243//243 193//193 207//207
f 243//243 207//207 247//247
f 239//239 193//193 243//243
f 239//239 177//177 193//193
f 235//235 177//177 239//239
f 235//235 169//169 177//177
f 229//229 169//169 235//235
f 229//229 161//161 169//169
f 225//225 161//161 229//229
f 225//225 155//155 161//161
f 217//217 155//155 225//225
f 217//217 133//133 143//143
f 217//217 143//143 155//155
f 211//211 133//133 217//217
f 205//205 125//125 133//133
f 205//205 133//133 211//211
f 197//197 105//105 113//113
f 197//197 113//113 125//125
f 197//197 125//125 205//205
f 187//187 105//105 197//197
f 183//183 91//91 97//97
f 183//183 105//105 187//187
f 183//183 97//97 105//105
f 181//181 91//91 183//183
f 179//179 89//89 91//91
f 179//179 87//87 89//89
f 179//179 91//91 181//181
f 179//179 175//175 87//87
f 309//309 259//259 313//313
f 309//309 313//313 376//376
f 309//309 247//247 259//259
f 305//305 243//243 247//247
f 305//305 247//247 309//309
f 301//301 239//239 243//243
f 301//301 243//243 305//305
f 297//297 235//235 239//239
f 297//297 239//239 301//301
f 293//293 235//235 297//297
f 293//293 229//229 235//235
f 289//289 225//225 229//229
f 289//289 229//229 293//293
f 285//285 217//217 225//225
f 285//285 225//225 289//289
f 279//279 211//211 217//217
f 279//279 217//217 285//285
f 275//275 205//205 211//211
f 275//275 211//211 279//279
f 267//267 197//197 205//205
f 267//267 205//205 275//275
f 261//261 197//197 267//267
f 261//261 187//187 197//197
f 255//255 183//183 187//187
f 255//255 187//187 261//261
f 253//253 181//181 183//183
f 253//253 183//183 255//255
f 251//251 179//179 181//181
f 251//251 175//175 179//179
f 251//251 249//249 175//175
f 251//251 181//181 253//253
f 372//372 309//309 376//376
f 368//368 305//305 309//309
f 368//368 309//309 372//372
f 364//364 305//305 368//368
f 364//364 301//301 305//305
f 361//361 301//301 364//364
f 361//361 297//297 301//301
f 357//357 293//293 297//297
f 357//357 297//297 361//361
f 351//351 289//289 293//293
f 351//351 293//293 357//357
f 347//347 289//289 351//351
f 347//347 285//285 289//289
f 343//343 285//285 347//347
f 343//343 279//279 285//285
f 337//337 279//279 343//343
f 337//337 275//275 279//279
f 329//329 275//275 337//337
f 329//329 261//261 267//267
f 329//329 267//267 275//275
f 327//327 261//261 329//329
f 325//325 261//261 327//327
f 325//325 255//255 261//261
f 323//323 255//255 325//325
f 323//323 253//253 255//255
f 321//321 253//253 323//323
f 321//321 319//319 249//249
f 321//321 249//249 251//251
f 321//321 251//251 253//253
f 475//475 376//376 481//481
f 475//475 481//481 604//604
f 475//475 372//372 376//376
f 475//475 368//368 372//372
f 465//465 368//368 475//475
f 452//452 364//364 368//368
f 452//452 368//368 465//465
f 438//438 361//361 364//364
f 438//438 357//357 361//361
f 438//438 364//364 452//452
f 428//428 357//357 438//438
f 414//414 357//357 428//428
f 414//414 351//351 357//357
f 414//414 347//347 351//351
f 408//408 347//347 414//414
f 404//404 343//343 347//347
f 404//404 347//347 408//408
f 394//394 337//337 343//343
f 394//394 329//329 337//337
f 394//394 343//343 404//404
f 392//392 329//329 394//394
f 390//390 327//327 329//329
f 390//390 329//329 392//392
f 388//388 327//327 390//390
f 388//388 325//325 327//327
f 388//388 323//323 325//325
f 386//386 323//323 388//388
f 386//386 321//321 323//323
f 384//384 319//319 321//321
f 384//384 382//382 319//319
f 384//384 321//321 386//386
f 591//591 475//475 604//604
f 591//591 465//465 475//475
f 581//581 465//465 591//591
f 581//581 452//452 465//465
f 577//577 452//452 581//581
f 573//573 452//452 577//577
f 573//573 438//438 452//452
f 569//569 428//428 438//438
f 569//569 438//438 573//573
f 564//564 428//428 569//569
f 564//564 414//414 428//428
f 560//560 408//408 414//414
f 560//560 414//414 564//564
f 547//547 404//404 408//408
f 547//547 408//408 560//560
f 547//547 394//394 404//404
f 539//539 394//394 547//547
f 539//539 392//392 394//394
f 539//539 390//390 392//392
f 535//535 390//390 539//539
f 531//531 390//390 535//535
f 531//531 388//388 390//390
f 527//527 388//388 531//531
f 527//527 386//386 388//388
f 527//527 384//384 386//386
f 522//522 384//384 527//527
f 522//522 519//519 382//382
f 522//522 382//382 384//384
f 699//699 591//591 604//604
f 699//699 604//604 704//704
f 695//695 581//581 591//591
f 695//695 591//591 699//699
f 688//688 581//581 695//695
f 688//688 577//577 581//581
f 684//684 577//577 688//688
f 684//684 569//569 573//573
f 684//684 573//573 577//577
f 680//680 569//569 684//684
f 680//680 564//564 569//569
f 675//675 564//564 680//680
f 669//669 560//560 564//564
f 669//669 564//564 675//675
f 661//661 547//547 560//560
f 661//661 560//560 669//669
f 656//656 539//539 547//547
f 656//656 547//547 661//661
f 652//652 539//539 656//656
f 652//652 535//535 539//539
f 649//649 531//531 535//535
f 649//649 535//535 652//652
f 644//644 527//527 531//531
f 644//644 531//531 649//649
f 641//641 522//522 527//527
f 641//641 519//519 522//522
f 641//641 527//527 644//644
f 641//641 639//639 519//519
f 804//804 695//695 699//699
f 804//804 704//704 808//808
f 804//804 699//699 704//704
f 798//798 695//695 804//804
f 792//792 688//688 695//695
f 792//792 695//695 798//798
f 779//779 684//684 688//688
f 779//779 688//688 792//792
f 772//772 684//684 779//779
f 772//772 680//680 684//684
f 760//760 675//675 680//680
f 760//760 680//680 772//772
f 750//750 669//669 675//675
f 750//750 675//675 760//760
f 748//748 661//661 669//669
f 748//748 669//669 750//750
f 746//746 661//661 748//748
f 744//744 656//656 661//661
f 744//744 652//652 656//656
f 744//744 661//661 746//746
f 742//742 652//652 744//744
f 740//740 649//649 652//652
f 740//740 652//652 742//742
f 738//738 644//644 649//649
f 738//738 641//641 644//644
f 738//738 649//649 740//740
f 736//736 641//641 738//738
f 736//736 639//639 641//641
f 736//736 734//734 639//639
f 890//890 808//808 894//894
f 890//890 804//804 808//808
f 886//886 798//798 804//804
f 886//886 792//792 798//798
f 886//886 804//804 890//890
f 880//880 792//792 886//886
f 874//874 792//792 880//880
f 874//874 779//779 792//792
f 874//874 772//772 779//779
f 860//860 760//760 772//772
f 860//860 772//772 874//874
f 858//858 760//760 860//860
f 858//858 750//750 760//760
f 856//856 748//748 750//750
f 856//856 750//750 858//858
f 853//853 748//748 856//856
f 853//853 746//746 748//748
f 851//851 746//746 853//853
f 851//851 744//744 746//746
f 849//849 744//744 851//851
f 849//849 742//742 744//744
f 847//847 742//742 849//849
f 847//847 740//740 742//742
f 845//845 740//740 847//847
f 845//845 738//738 740//740
f 843//843 734//734 736//736
f 843//843 738//738 845//845
f 843//843 736//736 738//738
f 843//843 841//841 734//734
f 974//974 894//894 978//978
f 974//974 890//890 894//894
f 968//968 886//886 890//890
f 968//968 890//890 974//974
f 964//964 880//880 886//886
f 964//964 886//886 968//968
f 956//956 874//874 880//880
f 956//956 880//880 964//964
f 948//948 874//874 956//956
f 946//946 860//860 874//874
f 946//946 874//874 948//948
f 944//944 860//860 946//946
f 944//944 856//856 858//858
f 944//944 858//858 860//860
f 942//942 856//856 944//944
f 940//940 853//853 856//856
f 940//940 856//856 942//942
f 938//938 853//853 940//940
f 938//938 851//851 853//853
f 936//936 849//849 851//851
f 936//936 851//851 938//938
f 934//934 847//847 849//849
f 934//934 849//849 936//936
f 932//932 843//843 845//845
f 932//932 845//845 847//847
f 932//932 847//847 934//934
f 930//930 841//841 843//843
f 930//930 928//928 841//841
f 930//930 1043//1043 928//928
f 930//930 843//843 932//932
f 1116//1116 978//978 1128//1128
f 1116//1116 974//974 978//978
f 1116//1116 968//968 974//974
f 1106//1106 968//968 1116//1116
f 1106//1106 964//964 968//968
f 1090//1090 964//964 1106//1106
f 1082//1082 956//956 964//964
f 1082//1082 948//948 956//956
f 1082//1082 964//964 1090//1090
f 1074//1074 948//948 1082//1082
f 1072//1072 948//948 1074//1074
f 1072//1072 944//944 946//946
f 1072//1072 946//946 948//948
f 1070//1070 942//942 944//944
f 1070//1070 944//944 1072//1072
f 1066//1066 942//942 1070//1070
f 1062//1062 942//942 1066//1066
f 1062//1062 940//940 942//942
f 1058//1058 938//938 940//940
f 1058//1058 936//936 938//938
f 1058//1058 940//940 1062//1062
f 1054//1054 936//936 1058//1058
f 1051//1051 934//934 936//936
f 1051//1051 936//936 1054//1054
f 1051//1051 932//932 934//934
f 1047//1047 932//932 1051//1051
f 1047//1047 930//930 932//932
f 1045//1045 930//930 1047//1047
f 1045//1045 1043//1043 930//930
f 1352//1352 1128//1128 1356//1356
f 1352//1352 1356//1356 1839//1839
f 1352//1352 1839//1839 1829//1829
f 1352//1352 1116//1116 1128//1128
f 1346//1346 1116//1116 1352//1352
f 1346//1346 1829//1829 1822//1822
f 1346//1346 1106//1106 1116//1116
f 1346//1346 1352//1352 1829//1829
f 1334//1334 1346//1346 1822//1822
f 1334//1334 1822//1822 1812//1812
f 1334//1334 1106//1106 1346//1346
f 1334//1334 1090//1090 1106//1106
f 1330//1330 1074//1074 1082//1082
f 1330//1330 1812//1812 1805//1805
f 1330//1330 1805//1805 1797//1797
f 1330//1330 1090//1090 1334//1334
f 1330//1330 1334//1334 1812//1812
f 1330//1330 1082//1082 1090//1090
f 1325//1325 1074//1074 1330//1330
f 1325//1325 1330//1330 1797//1797
f 1320//1320 1070//1070 1072//1072
f 1320//1320 1797//1797 1791//1791
f 1320//1320 1074//1074 1325//1325
f 1320//1320 1325//1325 1797//1797
f 1320//1320 1072//1072 1074//1074
f 1318//1318 1320//1320 1791//1791
f 1318//1318 1791//1791 1786//1786
f 1318//1318 1070//1070 1320//1320
f 1315//1315 1070//1070 1318//1318
f 1315//1315 1066//1066 1070//1070
f 1315//1315 1786//1786 1779//1779
f 1315//1315 1779//1779 1772//1772
f 1315//1315 1318//1318 1786//1786
f 1313//1313 1062//1062 1066//1066
f 1313//1313 1066//1066 1315//1315
f 1313//1313 1315//1315 1772//1772
f 1311//1311 1058//1058 1062//1062
f 1311//1311 1054//1054 1058//1058
f 1311//1311 1772//1772 1768//1768
f 1311//1311 1062//1062 1313//1313
f 1311//1311 1313//1313 1772//1772
f 1309//1309 1054//1054 1311//1311
f 1309//1309 1311//1311 1768//1768
f 1309//1309 1768//1768 1761//1761
f 1309//1309 1761//1761 1759//1759
f 1307//1307 1051//1051 1054//1054
f 1307//1307 1054//1054 1309//1309
f 1307//1307 1309//1309 1759//1759
f 1305//1305 1047//1047 1051//1051
f 1305//1305 1045//1045 1047//1047
f 1305//1305 1759//1759 1754//1754
f 1305//1305 1754//1754 1752//1752
f 1305//1305 1051//1051 1307//1307
f 1305//1305 1307//1307 1759//1759
f 1303//1303 1045//1045 1305//1305
f 1303//1303 1043//1043 1045//1045
f 1303//1303 1752//1752 1749//1749
f 1303//1303 1305//1305 1752//1752
f 1303//1303 1301//1301 1043//1043
f 1303//1303 1749//1749 1301//1301
f 3707//3707 3506//3506 3014//3014
f 3067//3067 3707//3707 3014//3014
f 2545//2545 3014//3014 2576//2576
f 2545//2545 2576//2576 2101//2101
f 2545//2545 3067//3067 3014//3014
f 1942//1942 2545//2545 2101//2101
f 1415//1415 2101//2101 1553//1553
f 1415//1415 1942//1942 2101//2101
f 1168//1168 1553//1553 1274//1274
f 1168//1168 1274//1274 1076//1076
f 1168//1168 1415//1415 1553//1553
f 1002//1002 1168//1168 1076//1076
f 904//904 1076//1076 1004//1004
f 904//904 1002//1002 1076//1076
f 816//816 904//904 1004//1004
f 816//816 1004//1004 915//915
f 710//710 816//816 915//915
f 710//710 915//915 830//830
f 618//618 830//830 785//785
f 618//618 710//710 830//830
f 618//618 785//785 721//721
f 498//498 618//618 721//721
f 380//380 498//498 721//721
f 380//380 721//721 631//631
f 317//317 631//631 597//597
f 317//317 380//380 631//631
f 271//271 597//597 524//524
f 271//271 317//317 597//597
f 223//223 524//524 492//492
f 223//223 492//492 455//455
f 223//223 271//271 524//524
f 171//171 455//455 422//422
f 171//171 223//223 455//455
f 149//149 171//171 422//422
f 147//147 422//422 417//417
f 147//147 149//149 422//422
f 167//167 417//417 442//442
f 167//167 147//147 417//417
f 219//219 442//442 485//485
f 219//219 167//167 442//442
f 259//259 485//485 513//513
f 259//259 219//219 485//485
f 313//313 513//513 585//585
f 313//313 259//259 513//513
f 376//376 585//585 622//622
f 376//376 313//313 585//585
f 481//481 622//622 712//712
f 481//481 376//376 622//622
f 604//604 712//712 762//762
f 604//604 481//481 712//712
f 704//704 762//762 820//820
f 704//704 820//820 906//906
f 704//704 604//604 762//762
f 808//808 704//704 906//906
f 894//894 906//906 984//984
f 894//894 808//808 906//906
f 978//978 984//984 1038//1038
f 978//978 894//894 984//984
f 1128//1128 1038//1038 1247//1247
f 1128//1128 1247//1247 1513//1513
f 1128//1128 978//978 1038//1038
f 1356//1356 1513//1513 2033//2033
f 1356//1356 1128//1128 1513//1513
f 1839//1839 1356//1356 2033//2033
f 3014//3014 3504//3504 3012//3012
f 3014//3014 3506//3506 3504//3504
f 2576//2576 3012//3012 2579//2579
f 2576//2576 2579//2579 2104//2104
f 2576//2576 3014//3014 3012//3012
f 2101//2101 2576//2576 2104//2104
f 1553//1553 2104//2104 1556//1556
f 1553//1553 1556//1556 1277//1277
f 1553//1553 2101//2101 2104//2104
f 1274//1274 1553//1553 1277//1277
f 1076//1076 1277//1277 1079//1079
f 1076//1076 1274//1274 1277//1277
f 1004//1004 1079//1079 1007//1007
f 1004//1004 1076//1076 1079//1079
f 915//915 1007//1007 918//918
f 915//915 1004//1004 1007//1007
f 830//830 915//915 918//918
f 830//830 918//918 833//833
f 830//830 833//833 788//788
f 785//785 830//830 788//788
f 721//721 785//785 788//788
f 721//721 788//788 726//726
f 721//721 726//726 634//634
f 631//631 721//721 634//634
f 597//597 634//634 602//602
f 597//597 631//631 634//634
f 524//524 602//602 529//529
f 524//524 597//597 602//602
f 492//492 529//529 495//495
f 492//492 524//524 529//529
f 455//455 495//495 458//458
f 455//455 492//492 495//495
f 422//422 458//458 425//425
f 422//422 455//455 458//458
f 417//417 425//425 421//421
f 417//417 422//422 425//425
f 442//442 421//421 445//445
f 442//442 417//417 421//421
f 485//485 445//445 488//488
f 485//485 442//442 445//445
f 513//513 488//488 516//516
f 513//513 485//485 488//488
f 585//585 516//516 588//588
f 585//585 513//513 516//516
f 622//622 588//588 625//625
f 622//622 585//585 588//588
f 712//712 625//625 715//715
f 712//712 715//715 765//765
f 712//712 622//622 625//625
f 762//762 712//712 765//765
f 820//820 765//765 823//823
f 820//820 762//762 765//765
f 906//906 823//823 909//909
f 906//906 820//820 823//823
f 984//984 909//909 987//987
f 984//984 906//906 909//909
f 1038//1038 987//987 1041//1041
f 1038//1038 984//984 987//987
f 1247//1247 1041//1041 1250//1250
f 1247//1247 1038//1038 1041//1041
f 1513//1513 1250//1250 1516//1516
f 1513//1513 1516//1516 2036//2036
f 1513//1513 1247//1247 1250//1250
f 2033//2033 1513//1513 2036//2036
f 3004//3004 3487//3487 2998//2998
f 3004//3004 3494//3494 3487//3487
f 3008//3008 3494//3494 3004//3004
f 3008//3008 3500//3500 3494//3494
f 3012//3012 3500//3500 3008//3008
f 3012//3012 3504//3504 3500//3500
f 2586//2586 2998//2998 2587//2587
f 2586//2586 3004//3004 2998//2998
f 2581//2581 3004//3004 2586//2586
f 2581//2581 3008//3008 3004//3004
f 2579//2579 3012//3012 3008//3008
f 2579//2579 3008//3008 2581//2581
f 2115//2115 2587//2587 2119//2119
f 2115//2115 2586//2586 2587//2587
f 2109//2109 2586//2586 2115//2115
f 2109//2109 2581//2581 2586//2586
f 2104//2104 2581//2581 2109//2109
f 2104//2104 2579//2579 2581//2581
f 1574//1574 2115//2115 2119//2119
f 1564//1564 2115//2115 1574//1574
f 1564//1564 2109//2109 2115//2115
f 1564//1564 2104//2104 2109//2109
f 1558//1558 2104//2104 1564//1564
f 1556//1556 2104//2104 1558//1558
f 1281//1281 1574//1574 1284//1284
f 1281//1281 1564//1564 1574//1574
f 1279//1279 1564//1564 1281//1281
f 1277//1277 1558//1558 1564//1564
f 1277//1277 1564//1564 1279//1279
f 1277//1277 1556//1556 1558//1558
f 1100//1100 1281//1281 1284//1284
f 1089//1089 1281//1281 1100//1100
f 1089//1089 1279//1279 1281//1281
f 1081//1081 1279//1279 1089//1089
f 1081//1081 1277//1277 1279//1279
f 1079//1079 1277//1277 1081//1081
f 1013//1013 1100//1100 1015//1015
f 1013//1013 1089//1089 1100//1100
f 1011//1011 1089//1089 1013//1013
f 1009//1009 1089//1089 1011//1011
f 1009//1009 1081//1081 1089//1089
f 1007//1007 1081//1081 1009//1009
f 1007//1007 1079//1079 1081//1081
f 925//925 1013//1013 1015//1015
f 925//925 1011//1011 1013//1013
f 922//922 1011//1011 925//925
f 920//920 1011//1011 922//922
f 920//920 1009//1009 1011//1011
f 918//918 1009//1009 920//920
f 918//918 1007//1007 1009//1009
f 839//839 922//922 925//925
f 839//839 920//920 922//922
f 837//837 920//920 839//839
f 835//835 920//920 837//837
f 833//833 918//918 920//920
f 833//833 920//920 835//835
f 796//796 839//839 802//802
f 796//796 837//837 839//839
f 796//796 835//835 837//837
f 794//794 835//835 796//796
f 788//788 835//835 794//794
f 788//788 833//833 835//835
f 730//730 796//796 802//802
f 728//728 796//796 730//730
f 728//728 794//794 796//796
f 726//726 788//788 794//794
f 726//726 794//794 728//728
f 655//655 730//730 658//658
f 648//648 730//730 655//655
f 648//648 728//728 730//730
f 638//638 726//726 728//728
f 638//638 728//728 648//648
f 634//634 726//726 638//638
f 612//612 655//655 658//658
f 612//612 658//658 617//617
f 612//612 648//648 655//655
f 608//608 648//648 612//612
f 608//608 638//638 648//648
f 602//602 634//634 638//638
f 602//602 638//638 608//608
f 546//546 612//612 617//617
f 537//537 612//612 546//546
f 537//537 608//608 612//612
f 537//537 602//602 608//608
f 529//529 602//602 537//537
f 505//505 546//546 507//507
f 505//505 537//537 546//546
f 501//501 537//537 505//505
f 501//501 529//529 537//537
f 495//495 529//529 501//501
f 478//478 505//505 507//507
f 467//467 505//505 478//478
f 467//467 501//501 505//505
f 462//462 501//501 467//467
f 458//458 495//495 501//501
f 458//458 501//501 462//462
f 435//435 478//478 447//447
f 435//435 467//467 478//478
f 435//435 462//462 467//467
f 430//430 462//462 435//435
f 425//425 462//462 430//430
f 425//425 458//458 462//462
f 437//437 447//447 446//446
f 437//437 435//435 447//447
f 429//429 435//435 437//437
f 429//429 430//430 435//435
f 421//421 430//430 429//429
f 421//421 425//425 430//430
f 469//469 446//446 473//473
f 469//469 437//437 446//446
f 459//459 437//437 469//469
f 459//459 429//429 437//437
f 445//445 421//421 429//429
f 445//445 429//429 459//459
f 504//504 469//469 473//473
f 496//496 469//469 504//504
f 496//496 459//459 469//469
f 490//490 445//445 459//459
f 490//490 459//459 496//496
f 488//488 445//445 490//490
f 534//534 504//504 541//541
f 534//534 496//496 504//504
f 518//518 496//496 534//534
f 518//518 490//490 496//496
f 516//516 490//490 518//518
f 516//516 488//488 490//490
f 610//610 534//534 541//541
f 600//600 534//534 610//610
f 600//600 518//518 534//534
f 593//593 518//518 600//600
f 593//593 516//516 518//518
f 588//588 516//516 593//593
f 636//636 610//610 646//646
f 636//636 600//600 610//610
f 630//630 600//600 636//636
f 627//627 600//600 630//630
f 627//627 593//593 600//600
f 627//627 588//588 593//593
f 625//625 588//588 627//627
f 724//724 636//636 646//646
f 724//724 630//630 636//636
f 719//719 630//630 724//724
f 717//717 630//630 719//719
f 717//717 627//627 630//630
f 717//717 625//625 627//627
f 715//715 625//625 717//717
f 782//782 719//719 724//724
f 775//775 717//717 719//719
f 775//775 719//719 782//782
f 769//769 717//717 775//775
f 765//765 715//715 717//717
f 765//765 717//717 769//769
f 827//827 782//782 828//828
f 827//827 775//775 782//782
f 827//827 769//769 775//775
f 825//825 769//769 827//827
f 823//823 769//769 825//825
f 823//823 765//765 769//769
f 913//913 827//827 828//828
f 911//911 827//827 913//913
f 911//911 825//825 827//827
f 911//911 823//823 825//825
f 909//909 823//823 911//911
f 996//996 913//913 999//999
f 993//993 913//913 996//996
f 993//993 911//911 913//913
f 991//991 911//911 993//993
f 987//987 909//909 911//911
f 987//987 911//911 991//991
f 1057//1057 999//999 1064//1064
f 1057//1057 996//996 999//999
f 1057//1057 993//993 996//996
f 1049//1049 993//993 1057//1057
f 1049//1049 991//991 993//993
f 1041//1041 987//987 991//991
f 1041//1041 991//991 1049//1049
f 1257//1257 1057//1057 1064//1064
f 1253//1253 1057//1057 1257//1257
f 1253//1253 1049//1049 1057//1057
f 1250//1250 1049//1049 1253//1253
f 1250//1250 1041//1041 1049//1049
f 1524//1524 2053//2053 2046//2046
f 1524//1524 1257//1257 1530//1530
f 1524//1524 1530//1530 2053//2053
f 1524//1524 1253//1253 1257//1257
f 1520//1520 1524//1524 2046//2046
f 1520//1520 1253//1253 1524//1524
f 1520//1520 2046//2046 2040//2040
f 1516//1516 1250//1250 1253//1253
f 1516//1516 1520//1520 2040//2040
f 1516//1516 2040//2040 2036//2036
f 1516//1516 1253//1253 1520//1520
f 4656//4656 4659//4659 4567//4567
f 4712//4712 4659//4659 4656//4656
f 4712//4712 4745//4745 4659//4659
f 4564//4564 4656//4656 4567//4567
f 4564//4564 4567//4567 4481//4481
f 4766//4766 4745//4745 4712//4712
f 4766//4766 4782//4782 4745//4745
f 4429//4429 4564//4564 4481//4481
f 4429//4429 4481//4481 4298//4298
f 4852//4852 4782//4782 4766//4766
f 4852//4852 4854//4854 4782//4782
f 4290//4290 4429//4429 4298//4298
f 3985//3985 4290//4290 4298//4298
f 4886//4886 4928//4928 4854//4854
f 4886//4886 4854//4854 4852//4852
f 3962//3962 4290//4290 3985//3985
f 3417//3417 3962//3962 3985//3985
f 4965//4965 4970//4970 4928//4928
f 4965//4965 4928//4928 4886//4886
f 3404//3404 3962//3962 3417//3417
f 2935//2935 3404//3404 3417//3417
f 4990//4990 5040//5040 4970//4970
f 4990//4990 4970//4970 4965//4965
f 2926//2926 3404//3404 2935//2935
f 2526//2526 2926//2926 2935//2935
f 5031//5031 5080//5080 5040//5040
f 5031//5031 5040//5040 4990//4990
f 2547//2547 2926//2926 2526//2526
f 2053//2053 2547//2547 2526//2526
f 5109//5109 5080//5080 5031//5031
f 5075//5075 5109//5109 5031//5031
f 2079//2079 2547//2547 2053//2053
f 1530//1530 2079//2079 2053//2053
f 1549//1549 2079//2079 1530//1530
f 5077//5077 5141//5141 5109//5109
f 5077//5077 5109//5109 5075//5075
f 1257//1257 1549//1549 1530//1530
f 5139//5139 5141//5141 5077//5077
f 1283//1283 1549//1549 1257//1257
f 5078//5078 5139//5139 5077//5077
f 1064//1064 1283//1283 1257//1257
f 5113//5113 5139//5139 5078//5078
f 1121//1121 1283//1283 1064//1064
f 5076//5076 5113//5113 5078//5078
f 999//999 1121//1121 1064//1064
f 5084//5084 5113//5113 5076//5076
f 1017//1017 1121//1121 999//999
f 5042//5042 5084//5084 5076//5076
f 913//913 1017//1017 999//999
f 5044//5044 5084//5084 5042//5042
f 926//926 1017//1017 913//913
f 4996//4996 5044//5044 5042//5042
f 828//828 926//926 913//913
f 4975//4975 5044//5044 4996//4996
f 855//855 926//926 828//828
f 4966//4966 4975//4975 4996//4996
f 782//782 855//855 828//828
f 818//818 855//855 782//782
f 4895//4895 4940//4940 4975//4975
f 4895//4895 4975//4975 4966//4966
f 4862//4862 4940//4940 4895//4895
f 732//732 782//782 724//724
f 732//732 818//818 782//782
f 4853//4853 4862//4862 4895//4895
f 646//646 692//692 732//732
f 646//646 732//732 724//724
f 4803//4803 4862//4862 4853//4853
f 4803//4803 4853//4853 4767//4767
f 610//610 620//620 692//692
f 610//610 692//692 646//646
f 4756//4756 4803//4803 4767//4767
f 4756//4756 4767//4767 4730//4730
f 541//541 590//590 620//620
f 541//541 620//620 610//610
f 4670//4670 4756//4756 4730//4730
f 4670//4670 4730//4730 4657//4657
f 504//504 544//544 590//590
f 504//504 590//590 541//541
f 4583//4583 4670//4670 4657//4657
f 4583//4583 4657//4657 4565//4565
f 4517//4517 4565//4565 4461//4461
f 4517//4517 4583//4583 4565//4565
f 473//473 511//511 544//544
f 473//473 544//544 504//504
f 4324//4324 4461//4461 4300//4300
f 4324//4324 4517//4517 4461//4461
f 446//446 509//509 511//511
f 446//446 511//511 473//473
f 510//510 509//509 446//446
f 4034//4034 4300//4300 4011//4011
f 4034//4034 4324//4324 4300//4300
f 447//447 510//510 446//446
f 3487//3487 4034//4034 4011//4011
f 3487//3487 4011//4011 3459//3459
f 478//478 512//512 510//510
f 478//478 510//510 447//447
f 555//555 512//512 478//478
f 2998//2998 3487//3487 3459//3459
f 2998//2998 3459//3459 2976//2976
f 507//507 555//555 478//478
f 596//596 555//555 507//507
f 2587//2587 2998//2998 2976//2976
f 2587//2587 2976//2976 2597//2597
f 546//546 596//596 507//507
f 2119//2119 2587//2587 2597//2597
f 2119//2119 2597//2597 2132//2132
f 617//617 621//621 596//596
f 617//617 596//596 546//546
f 1574//1574 2119//2119 2132//2132
f 1574//1574 2132//2132 1595//1595
f 658//658 701//701 621//621
f 658//658 621//621 617//617
f 1284//1284 1595//1595 1293//1293
f 1284//1284 1574//1574 1595//1595
f 730//730 733//733 701//701
f 730//730 701//701 658//658
f 1100//1100 1293//1293 1153//1153
f 1100//1100 1284//1284 1293//1293
f 802//802 873//873 819//819
f 802//802 819//819 733//733
f 802//802 733//733 730//730
f 1015//1015 1153//1153 1018//1018
f 1015//1015 1100//1100 1153//1153
f 839//839 873//873 802//802
f 925//925 1018//1018 927//927
f 925//925 927//927 873//873
f 925//925 1015//1015 1018//1018
f 925//925 873//873 839//839
f 2521//2521 2046//2046 2053//2053
f 2521//2521 2053//2053 2526//2526
f 2517//2517 2040//2040 2046//2046
f 2517//2517 2046//2046 2521//2521
f 2513//2513 2036//2036 2040//2040
f 2513//2513 2040//2040 2517//2517
f 2937//2937 2526//2526 2935//2935
f 2937//2937 2521//2521 2526//2526
f 2942//2942 2521//2521 2937//2937
f 2942//2942 2517//2517 2521//2521
f 2944//2944 2513//2513 2517//2517
f 2944//2944 2517//2517 2942//2942
f 3423//3423 2935//2935 3417//3417
f 3423//3423 2937//2937 2935//2935
f 3430//3430 2942//2942 2937//2937
f 3430//3430 2937//2937 3423//3423
f 3430//3430 2944//2944 2942//2942
f 3435//3435 2944//2944 3430//3430
f 3985//3985 3423//3423 3417//3417
f 3996//3996 3423//3423 3985//3985
f 3996//3996 3430//3430 3423//3423
f 4002//4002 3430//3430 3996//3996
f 4002//4002 3435//3435 3430//3430
f 4004//4004 3435//3435 4002//4002
f 4302//4302 3985//3985 4298//4298
f 4302//4302 3996//3996 3985//3985
f 4304//4304 3996//3996 4302//4302
f 4306//4306 4002//4002 3996//3996
f 4306//4306 3996//3996 4304//4304
f 4306//4306 4004//4004 4002//4002
f 4481//4481 4302//4302 4298//4298
f 4493//4493 4302//4302 4481//4481
f 4493//4493 4304//4304 4302//4302
f 4501//4501 4304//4304 4493//4493
f 4501//4501 4306//4306 4304//4304
f 4503//4503 4306//4306 4501//4501
f 4567//4567 4493//4493 4481//4481
f 4568//4568 4493//4493 4567//4567
f 4570//4570 4493//4493 4568//4568
f 4573//4573 4493//4493 4570//4570
f 4573//4573 4501//4501 4493//4493
f 4573//4573 4503//4503 4501//4501
f 4575//4575 4503//4503 4573//4573
f 4659//4659 4568//4568 4567//4567
f 4659//4659 4570//4570 4568//4568
f 4660//4660 4570//4570 4659//4659
f 4663//4663 4570//4570 4660//4660
f 4663//4663 4573//4573 4570//4570
f 4665//4665 4573//4573 4663//4663
f 4665//4665 4575//4575 4573//4573
f 4745//4745 4660//4660 4659//4659
f 4747//4747 4663//4663 4660//4660
f 4747//4747 4660//4660 4745//4745
f 4750//4750 4663//4663 4747//4747
f 4752//4752 4663//4663 4750//4750
f 4752//4752 4665//4665 4663//4663
f 4788//4788 4745//4745 4782//4782
f 4788//4788 4747//4747 4745//4745
f 4788//4788 4750//4750 4747//4747
f 4791//4791 4750//4750 4788//4788
f 4791//4791 4752//4752 4750//4750
f 4797//4797 4752//4752 4791//4791
f 4854//4854 4788//4788 4782//4782
f 4856//4856 4788//4788 4854//4854
f 4859//4859 4788//4788 4856//4856
f 4859//4859 4791//4791 4788//4788
f 4861//4861 4797//4797 4791//4791
f 4861//4861 4791//4791 4859//4859
f 4933//4933 4854//4854 4928//4928
f 4936//4936 4854//4854 4933//4933
f 4936//4936 4856//4856 4854//4854
f 4936//4936 4859//4859 4856//4856
f 4946//4946 4859//4859 4936//4936
f 4952//4952 4861//4861 4859//4859
f 4952//4952 4859//4859 4946//4946
f 4973//4973 4933//4933 4928//4928
f 4973//4973 4928//4928 4970//4970
f 4973//4973 4936//4936 4933//4933
f 4978//4978 4936//4936 4973//4973
f 4978//4978 4946//4946 4936//4936
f 4978//4978 4952//4952 4946//4946
f 4984//4984 4952//4952 4978//4978
f 5040//5040 4973//4973 4970//4970
f 5049//5049 4973//4973 5040//5040
f 5049//5049 4978//4978 4973//4973
f 5057//5057 4984//4984 4978//4978
f 5057//5057 4978//4978 5049//5049
f 5061//5061 4984//4984 5057//5057
f 5083//5083 5040//5040 5080//5080
f 5083//5083 5049//5049 5040//5040
f 5086//5086 5049//5049 5083//5083
f 5086//5086 5057//5057 5049//5049
f 5092//5092 5057//5057 5086//5086
f 5092//5092 5061//5061 5057//5057
f 5109//5109 5083//5083 5080//5080
f 5119//5119 5083//5083 5109//5109
f 5119//5119 5086//5086 5083//5083
f 5125//5125 5086//5086 5119//5119
f 5125//5125 5092//5092 5086//5086
f 5129//5129 5092//5092 5125//5125
f 5153//5153 5109//5109 5141//5141
f 5153//5153 5119//5119 5109//5109
f 5153//5153 5125//5125 5119//5119
f 5157//5157 5125//5125 5153//5153
f 5162//5162 5125//5125 5157//5157
f 5162//5162 5129//5129 5125//5125
f 5151//5151 5141//5141 5139//5139
f 5151//5151 5153//5153 5141//5141
f 5158//5158 5157//5157 5153//5153
f 5158//5158 5153//5153 5151//5151
f 5166//5166 5157//5157 5158//5158
f 5166//5166 5162//5162 5157//5157
f 5117//5117 5139//5139 5113//5113
f 5117//5117 5151//5151 5139//5139
f 5128//5128 5151//5151 5117//5117
f 5128//5128 5158//5158 5151//5151
f 5128//5128 5166//5166 5158//5158
f 5142//5142 5166//5166 5128//5128
f 5084//5084 5117//5117 5113//5113
f 5091//5091 5117//5117 5084//5084
f 5091//5091 5128//5128 5117//5117
f 5091//5091 5142//5142 5128//5128
f 5097//5097 5142//5142 5091//5091
f 5099//5099 5142//5142 5097//5097
f 5050//5050 5044//5044 4975//4975
f 5050//5050 5084//5084 5044//5044
f 5050//5050 5091//5091 5084//5084
f 5069//5069 5091//5091 5050//5050
f 5071//5071 5097//5097 5091//5091
f 5071//5071 5091//5091 5069//5069
f 5071//5071 5099//5099 5097//5097
f 4985//4985 5050//5050 4975//4975
f 4985//4985 5069//5069 5050//5050
f 4993//4993 5069//5069 4985//4985
f 4993//4993 5071//5071 5069//5069
f 4998//4998 5071//5071 4993//4993
f 4949//4949 4975//4975 4940//4940
f 4949//4949 4985//4985 4975//4975
f 4956//4956 4985//4985 4949//4949
f 4959//4959 4985//4985 4956//4956
f 4959//4959 4993//4993 4985//4985
f 4959//4959 4998//4998 4993//4993
f 4961//4961 4998//4998 4959//4959
f 4862//4862 4949//4949 4940//4940
f 4862//4862 4956//4956 4949//4949
f 4867//4867 4956//4956 4862//4862
f 4870//4870 4956//4956 4867//4867
f 4870//4870 4959//4959 4956//4956
f 4872//4872 4961//4961 4959//4959
f 4872//4872 4959//4959 4870//4870
f 4803//4803 4867//4867 4862//4862
f 4809//4809 4870//4870 4867//4867
f 4809//4809 4867//4867 4803//4803
f 4816//4816 4870//4870 4809//4809
f 4816//4816 4872//4872 4870//4870
f 4820//4820 4872//4872 4816//4816
f 4759//4759 4803//4803 4756//4756
f 4759//4759 4809//4809 4803//4803
f 4759//4759 4816//4816 4809//4809
f 4760//4760 4816//4816 4759//4759
f 4762//4762 4816//4816 4760//4760
f 4762//4762 4820//4820 4816//4816
f 4670//4670 4759//4759 4756//4756
f 4671//4671 4759//4759 4670//4670
f 4674//4674 4759//4759 4671//4671
f 4674//4674 4760//4760 4759//4759
f 4676//4676 4760//4760 4674//4674
f 4676//4676 4762//4762 4760//4760
f 4586//4586 4670//4670 4583//4583
f 4590//4590 4671//4671 4670//4670
f 4590//4590 4670//4670 4586//4586
f 4590//4590 4674//4674 4671//4671
f 4594//4594 4674//4674 4590//4590
f 4596//4596 4674//4674 4594//4594
f 4596//4596 4676//4676 4674//4674
f 4525//4525 4583//4583 4517//4517
f 4525//4525 4586//4586 4583//4583
f 4525//4525 4590//4590 4586//4586
f 4533//4533 4590//4590 4525//4525
f 4533//4533 4594//4594 4590//4590
f 4541//4541 4596//4596 4594//4594
f 4541//4541 4594//4594 4533//4533
f 4324//4324 4525//4525 4517//4517
f 4329//4329 4525//4525 4324//4324
f 4329//4329 4533//4533 4525//4525
f 4332//4332 4533//4533 4329//4329
f 4332//4332 4541//4541 4533//4533
f 4333//4333 4541//4541 4332//4332
f 4038//4038 4324//4324 4034//4034
f 4038//4038 4034//4034 3487//3487
f 4038//4038 3487//3487 3494//3494
f 4038//4038 4329//4329 4324//4324
f 4042//4042 4038//4038 3494//3494
f 4042//4042 4329//4329 4038//4038
f 4042//4042 3494//3494 3500//3500
f 4046//4046 4332//4332 4329//4329
f 4046//4046 4042//4042 3500//3500
f 4046//4046 4329//4329 4042//4042
f 4046//4046 3500//3500 3504//3504
f 4046//4046 4333//4333 4332//4332
f 2510//2510 2033//2033 2036//2036
f 2510//2510 2036//2036 2513//2513
f 2946//2946 2513//2513 2944//2944
f 2946//2946 2510//2510 2513//2513
f 3437//3437 2944//2944 3435//3435
f 3437//3437 2946//2946 2944//2944
f 4006//4006 3435//3435 4004//4004
f 4006//4006 3437//3437 3435//3435
f 4308//4308 4004//4004 4306//4306
f 4308//4308 4006//4006 4004//4004
f 4505//4505 4306//4306 4503//4503
f 4505//4505 4503//4503 4575//4575
f 4505//4505 4308//4308 4306//4306
f 4577//4577 4505//4505 4575//4575
f 4667//4667 4577//4577 4575//4575
f 4667//4667 4575//4575 4665//4665
f 4754//4754 4667//4667 4665//4665
f 4754//4754 4665//4665 4752//4752
f 4799//4799 4752//4752 4797//4797
f 4799//4799 4754//4754 4752//4752
f 4865//4865 4797//4797 4861//4861
f 4865//4865 4799//4799 4797//4797
f 4865//4865 4861//4861 4952//4952
f 4954//4954 4865//4865 4952//4952
f 4988//4988 4952//4952 4984//4984
f 4988//4988 4954//4954 4952//4952
f 5062//5062 4984//4984 5061//5061
f 5062//5062 4988//4988 4984//4984
f 5094//5094 5061//5061 5092//5092
f 5094//5094 5062//5062 5061//5061
f 5131//5131 5092//5092 5129//5129
f 5131//5131 5094//5094 5092//5092
f 5164//5164 5129//5129 5162//5162
f 5164//5164 5131//5131 5129//5129
f 5169//5169 5162//5162 5166//5166
f 5169//5169 5164//5164 5162//5162
f 5144//5144 5166//5166 5142//5142
f 5144//5144 5169//5169 5166//5166
f 5101//5101 5142//5142 5099//5099
f 5101//5101 5144//5144 5142//5142
f 5073//5073 5099//5099 5071//5071
f 5073//5073 5101//5101 5099//5099
f 5000//5000 5071//5071 4998//4998
f 5000//5000 5073//5073 5071//5071
f 4963//4963 4998//4998 4961//4961
f 4963//4963 5000//5000 4998//4998
f 4874//4874 4961//4961 4872//4872
f 4874//4874 4963//4963 4961//4961
f 4822//4822 4872//4872 4820//4820
f 4822//4822 4874//4874 4872//4872
f 4764//4764 4820//4820 4762//4762
f 4764//4764 4822//4822 4820//4820
f 4678//4678 4762//4762 4676//4676
f 4678//4678 4764//4764 4762//4762
f 4598//4598 4676//4676 4596//4596
f 4598//4598 4678//4678 4676//4676
f 4543//4543 4596//4596 4541//4541
f 4543//4543 4598//4598 4596//4596
f 4335//4335 4541//4541 4333//4333
f 4335//4335 4543//4543 4541//4541
f 4048//4048 4333//4333 4046//4046
f 4048//4048 4046//4046 3504//3504
f 4048//4048 4335//4335 4333//4333
f 3506//3506 4048//4048 3504//3504
f 2455//2455 1839//1839 2033//2033
f 2455//2455 2033//2033 2510//2510
f 2977//2977 2510//2510 2946//2946
f 2977//2977 2455//2455 2510//2510
f 3602//3602 2946//2946 3437//3437
f 3602//3602 2977//2977 2946//2946
f 4164//4164 3437//3437 4006//4006
f 4164//4164 4006//4006 4308//4308
f 4164//4164 3602//3602 3437//3437
f 4413//4413 4164//4164 4308//4308
f 4579//4579 4308//4308 4505//4505
f 4579//4579 4505//4505 4577//4577
f 4579//4579 4413//4413 4308//4308
f 4680//4680 4579//4579 4577//4577
f 4768//4768 4680//4680 4577//4577
f 4768//4768 4577//4577 4667//4667
f 4768//4768 4667//4667 4754//4754
f 4876//4876 4768//4768 4754//4754
f 4967//4967 4876//4876 4754//4754
f 4967//4967 4754//4754 4799//4799
f 4967//4967 4799//4799 4865//4865
f 5088//5088 4865//4865 4954//4954
f 5088//5088 4967//4967 4865//4865
f 5206//5206 5088//5088 4954//4954
f 5269//5269 4954//4954 4988//4988
f 5269//5269 5206//5206 4954//4954
f 5315//5315 4988//4988 5062//5062
f 5315//5315 5269//5269 4988//4988
f 5363//5363 5062//5062 5094//5094
f 5363//5363 5315//5315 5062//5062
f 5415//5415 5094//5094 5131//5131
f 5415//5415 5131//5131 5164//5164
f 5415//5415 5363//5363 5094//5094
f 5437//5437 5415//5415 5164//5164
f 5439//5439 5164//5164 5169//5169
f 5439//5439 5169//5169 5144//5144
f 5439//5439 5437//5437 5164//5164
f 5419//5419 5439//5439 5144//5144
f 5367//5367 5144//5144 5101//5101
f 5367//5367 5101//5101 5073//5073
f 5367//5367 5419//5419 5144//5144
f 5327//5327 5367//5367 5073//5073
f 5273//5273 5073//5073 5000//5000
f 5273//5273 5327//5327 5073//5073
f 5210//5210 5000//5000 4963//4963
f 5210//5210 5273//5273 5000//5000
f 5105//5105 4963//4963 4874//4874
f 5105//5105 4874//4874 4822//4822
f 5105//5105 5210//5210 4963//4963
f 4981//4981 4822//4822 4764//4764
f 4981//4981 5105//5105 4822//4822
f 4882//4882 4981//4981 4764//4764
f 4776//4776 4764//4764 4678//4678
f 4776//4776 4882//4882 4764//4764
f 4690//4690 4678//4678 4598//4598
f 4690//4690 4776//4776 4678//4678
f 4604//4604 4598//4598 4543//4543
f 4604//4604 4543//4543 4335//4335
f 4604//4604 4690//4690 4598//4598
f 4453//4453 4335//4335 4048//4048
f 4453//4453 4604//4604 4335//4335
f 4226//4226 4453//4453 4048//4048
f 3707//3707 4048//4048 3506//3506
f 3707//3707 4226//4226 4048//4048
f 2455//2455 1829//1829 1839//1839
f 2416//2416 1749//1749 1752//1752
f 2453//2453 1829//1829 2455//2455
f 2451//2451 1829//1829 2453//2453
f 2451//2451 1822//1822 1829//1829
f 2447//2447 1812//1812 1822//1822
f 2447//2447 1822//1822 2451//2451
f 2444//2444 1805//1805 1812//1812
f 2444//2444 1812//1812 2447//2447
f 2440//2440 1797//1797 1805//1805
f 2440//2440 1805//1805 2444//2444
f 2438//2438 1791//1791 1797//1797
f 2438//2438 1797//1797 2440//2440
f 2435//2435 1786//1786 1791//1791
f 2435//2435 1791//1791 2438//2438
f 2433//2433 1779//1779 1786//1786
f 2433//2433 1786//1786 2435//2435
f 2433//2433 1772//1772 1779//1779
f 2429//2429 1768//1768 1772//1772
f 2429//2429 1772//1772 2433//2433
f 2426//2426 1761//1761 1768//1768
f 2426//2426 1768//1768 2429//2429
f 2424//2424 1759//1759 1761//1761
f 2424//2424 1761//1761 2426//2426
f 2422//2422 1759//1759 2424//2424
f 2422//2422 1754//1754 1759//1759
f 2418//2418 1752//1752 1754//1754
f 2418//2418 2416//2416 1752//1752
f 2418//2418 1754//1754 2422//2422
f 2979//2979 2455//2455 2977//2977
f 2979//2979 2453//2453 2455//2455
f 2981//2981 2451//2451 2453//2453
f 2981//2981 2453//2453 2979//2979
f 2985//2985 2447//2447 2451//2451
f 2985//2985 2451//2451 2981//2981
f 2989//2989 2447//2447 2985//2985
f 2989//2989 2444//2444 2447//2447
f 2991//2991 2444//2444 2989//2989
f 2991//2991 2438//2438 2440//2440
f 2991//2991 2440//2440 2444//2444
f 2994//2994 2438//2438 2991//2991
f 2996//2996 2435//2435 2438//2438
f 2996//2996 2438//2438 2994//2994
f 2996//2996 2433//2433 2435//2435
f 3001//3001 2433//2433 2996//2996
f 3006//3006 2433//2433 3001//3001
f 3009//3009 2429//2429 2433//2433
f 3009//3009 2433//2433 3006//3006
f 3016//3016 2426//2426 2429//2429
f 3016//3016 2429//2429 3009//3009
f 3018//3018 2424//2424 2426//2426
f 3018//3018 2426//2426 3016//3016
f 3020//3020 2422//2422 2424//2424
f 3020//3020 2424//2424 3018//3018
f 3022//3022 2418//2418 2422//2422
f 3022//3022 2416//2416 2418//2418
f 3022//3022 2422//2422 3020//3020
f 3022//3022 3024//3024 2416//2416
f 3022//3022 3678//3678 3024//3024
f 3609//3609 2977//2977 3602//3602
f 3609//3609 2979//2979 2977//2977
f 3613//3613 2979//2979 3609//3609
f 3613//3613 2981//2981 2979//2979
f 3621//3621 2981//2981 3613//3613
f 3621//3621 2985//2985 2981//2981
f 3625//3625 2989//2989 2985//2985
f 3625//3625 2985//2985 3621//3621
f 3629//3629 2989//2989 3625//3625
f 3629//3629 2991//2991 2989//2989
f 3635//3635 2994//2994 2991//2991
f 3635//3635 2996//2996 2994//2994
f 3635//3635 2991//2991 3629//3629
f 3640//3640 3001//3001 2996//2996
f 3640//3640 2996//2996 3635//3635
f 3649//3649 3001//3001 3640//3640
f 3649//3649 3006//3006 3001//3001
f 3656//3656 3009//3009 3006//3006
f 3656//3656 3006//3006 3649//3649
f 3664//3664 3016//3016 3009//3009
f 3664//3664 3009//3009 3656//3656
f 3670//3670 3018//3018 3016//3016
f 3670//3670 3020//3020 3018//3018
f 3670//3670 3016//3016 3664//3664
f 3674//3674 3020//3020 3670//3670
f 3676//3676 3020//3020 3674//3674
f 3676//3676 3678//3678 3022//3022
f 3676//3676 3022//3022 3020//3020
f 4171//4171 3609//3609 3602//3602
f 4171//4171 3602//3602 4164//4164
f 4171//4171 4164//4164 4413//4413
f 4171//4171 3613//3613 3609//3609
f 4179//4179 3613//3613 4171//4171
f 4183//4183 3613//3613 4179//4179
f 4183//4183 3621//3621 3613//3613
f 4186//4186 3621//3621 4183//4183
f 4186//4186 3625//3625 3621//3621
f 4190//4190 3625//3625 4186//4186
f 4190//4190 3629//3629 3625//3625
f 4196//4196 3635//3635 3629//3629
f 4196//4196 3629//3629 4190//4190
f 4200//4200 3635//3635 4196//4196
f 4200//4200 3640//3640 3635//3635
f 4202//4202 3640//3640 4200//4200
f 4202//4202 3649//3649 3640//3640
f 4206//4206 3649//3649 4202//4202
f 4210//4210 3649//3649 4206//4206
f 4210//4210 3656//3656 3649//3649
f 4213//4213 3670//3670 3664//3664
f 4213//4213 3656//3656 4210//4210
f 4213//4213 3664//3664 3656//3656
f 4216//4216 3670//3670 4213//4213
f 4218//4218 3670//3670 4216//4216
f 4218//4218 3674//3674 3670//3670
f 4220//4220 3676//3676 3674//3674
f 4220//4220 3678//3678 3676//3676
f 4220//4220 3674//3674 4218//4218
f 4220//4220 4222//4222 3678//3678
f 4417//4417 4171//4171 4413//4413
f 4427//4427 4179//4179 4171//4171
f 4427//4427 4183//4183 4179//4179
f 4427//4427 4171//4171 4417//4417
f 4434//4434 4183//4183 4427//4427
f 4436//4436 4186//4186 4183//4183
f 4436//4436 4190//4190 4186//4186
f 4436//4436 4183//4183 4434//4434
f 4440//4440 4190//4190 4436//4436
f 4446//4446 4196//4196 4190//4190
f 4446//4446 4190//4190 4440//4440
f 4450//4450 4200//4200 4196//4196
f 4450//4450 4202//4202 4200//4200
f 4450//4450 4196//4196 4446//4446
f 4455//4455 4202//4202 4450//4450
f 4462//4462 4206//4206 4202//4202
f 4462//4462 4210//4210 4206//4206
f 4462//4462 4202//4202 4455//4455
f 4467//4467 4210//4210 4462//4462
f 4469//4469 4213//4213 4210//4210
f 4469//4469 4210//4210 4467//4467
f 4477//4477 4216//4216 4213//4213
f 4477//4477 4213//4213 4469//4469
f 4479//4479 4218//4218 4216//4216
f 4479//4479 4216//4216 4477//4477
f 4483//4483 4220//4220 4218//4218
f 4483//4483 4222//4222 4220//4220
f 4483//4483 4485//4485 4222//4222
f 4483//4483 4218//4218 4479//4479
f 4581//4581 4413//4413 4579//4579
f 4581//4581 4417//4417 4413//4413
f 4587//4587 4427//4427 4417//4417
f 4587//4587 4417//4417 4581//4581
f 4592//4592 4427//4427 4587//4587
f 4592//4592 4434//4434 4427//4427
f 4600//4600 4436//4436 4434//4434
f 4600//4600 4434//4434 4592//4592
f 4602//4602 4440//4440 4436//4436
f 4602//4602 4436//4436 4600//4600
f 4606//4606 4440//4440 4602//4602
f 4606//4606 4446//4446 4440//4440
f 4610//4610 4446//4446 4606//4606
f 4610//4610 4450//4450 4446//4446
f 4612//4612 4455//4455 4450//4450
f 4612//4612 4450//4450 4610//4610
f 4616//4616 4455//4455 4612//4612
f 4616//4616 4462//4462 4455//4455
f 4620//4620 4467//4467 4462//4462
f 4620//4620 4462//4462 4616//4616
f 4622//4622 4467//4467 4620//4620
f 4622//4622 4469//4469 4467//4467
f 4622//4622 4477//4477 4469//4469
f 4624//4624 4477//4477 4622//4622
f 4628//4628 4477//4477 4624//4624
f 4628//4628 4479//4479 4477//4477
f 4630//4630 4479//4479 4628//4628
f 4630//4630 4632//4632 4485//4485
f 4630//4630 4485//4485 4483//4483
f 4630//4630 4483//4483 4479//4479
f 4682//4682 4579//4579 4680//4680
f 4682//4682 4581//4581 4579//4579
f 4682//4682 4587//4587 4581//4581
f 4684//4684 4587//4587 4682//4682
f 4684//4684 4592//4592 4587//4587
f 4686//4686 4592//4592 4684//4684
f 4686//4686 4600//4600 4592//4592
f 4688//4688 4600//4600 4686//4686
f 4692//4692 4602//4602 4600//4600
f 4692//4692 4600//4600 4688//4688
f 4696//4696 4610//4610 4606//4606
f 4696//4696 4606//4606 4602//4602
f 4696//4696 4602//4602 4692//4692
f 4700//4700 4612//4612 4610//4610
f 4700//4700 4610//4610 4696//4696
f 4702//4702 4612//4612 4700//4700
f 4706//4706 4612//4612 4702//4702
f 4706//4706 4616//4616 4612//4612
f 4709//4709 4620//4620 4616//4616
f 4709//4709 4616//4616 4706//4706
f 4713//4713 4622//4622 4620//4620
f 4713//4713 4620//4620 4709//4709
f 4716//4716 4624//4624 4622//4622
f 4716//4716 4622//4622 4713//4713
f 4718//4718 4628//4628 4624//4624
f 4718//4718 4624//4624 4716//4716
f 4720//4720 4630//4630 4628//4628
f 4720//4720 4722//4722 4632//4632
f 4720//4720 4628//4628 4718//4718
f 4720//4720 4632//4632 4630//4630
f 4770//4770 4680//4680 4768//4768
f 4770//4770 4768//4768 4876//4876
f 4770//4770 4682//4682 4680//4680
f 4772//4772 4682//4682 4770//4770
f 4772//4772 4684//4684 4682//4682
f 4774//4774 4686//4686 4684//4684
f 4774//4774 4684//4684 4772//4772
f 4778//4778 4688//4688 4686//4686
f 4778//4778 4686//4686 4774//4774
f 4784//4784 4692//4692 4688//4688
f 4784//4784 4688//4688 4778//4778
f 4790//4790 4696//4696 4692//4692
f 4790//4790 4692//4692 4784//4784
f 4794//4794 4700//4700 4696//4696
f 4794//4794 4696//4696 4790//4790
f 4801//4801 4702//4702 4700//4700
f 4801//4801 4700//4700 4794//4794
f 4807//4807 4706//4706 4702//4702
f 4807//4807 4702//4702 4801//4801
f 4814//4814 4709//4709 4706//4706
f 4814//4814 4713//4713 4709//4709
f 4814//4814 4706//4706 4807//4807
f 4817//4817 4713//4713 4814//4814
f 4826//4826 4713//4713 4817//4817
f 4826//4826 4716//4716 4713//4713
f 4826//4826 4718//4718 4716//4716
f 4828//4828 4718//4718 4826//4826
f 4830//4830 4718//4718 4828//4828
f 4830//4830 4722//4722 4720//4720
f 4830//4830 4832//4832 4722//4722
f 4830//4830 4923//4923 4832//4832
f 4830//4830 4720//4720 4718//4718
f 4878//4878 4876//4876 4967//4967
f 4878//4878 4770//4770 4876//4876
f 4878//4878 4772//4772 4770//4770
f 4880//4880 4772//4772 4878//4878
f 4884//4884 4772//4772 4880//4880
f 4884//4884 4774//4774 4772//4772
f 4889//4889 4774//4774 4884//4884
f 4889//4889 4778//4778 4774//4774
f 4893//4893 4778//4778 4889//4889
f 4893//4893 4784//4784 4778//4778
f 4896//4896 4784//4784 4893//4893
f 4896//4896 4790//4790 4784//4784
f 4900//4900 4790//4790 4896//4896
f 4900//4900 4801//4801 4794//4794
f 4900//4900 4794//4794 4790//4790
f 4905//4905 4807//4807 4801//4801
f 4905//4905 4801//4801 4900//4900
f 4909//4909 4807//4807 4905//4905
f 4909//4909 4814//4814 4807//4807
f 4913//4913 4817//4817 4814//4814
f 4913//4913 4814//4814 4909//4909
f 4915//4915 4826//4826 4817//4817
f 4915//4915 4828//4828 4826//4826
f 4915//4915 4817//4817 4913//4913
f 4919//4919 4828//4828 4915//4915
f 4921//4921 4830//4830 4828//4828
f 4921//4921 4923//4923 4830//4830
f 4921//4921 4828//4828 4919//4919
f 4921//4921 5037//5037 4923//4923
f 4971//4971 4878//4878 4967//4967
f 4979//4979 4880//4880 4878//4878
f 4979//4979 4878//4878 4971//4971
f 4991//4991 4880//4880 4979//4979
f 4991//4991 4884//4884 4880//4880
f 5002//5002 4889//4889 4884//4884
f 5002//5002 4884//4884 4991//4991
f 5006//5006 4896//4896 4893//4893
f 5006//5006 4893//4893 4889//4889
f 5006//5006 4889//4889 5002//5002
f 5010//5010 4896//4896 5006//5006
f 5014//5014 4900//4900 4896//4896
f 5014//5014 4896//4896 5010//5010
f 5019//5019 4905//4905 4900//4900
f 5019//5019 4900//4900 5014//5014
f 5023//5023 4909//4909 4905//4905
f 5023//5023 4905//4905 5019//5019
f 5027//5027 4913//4913 4909//4909
f 5027//5027 4915//4915 4913//4913
f 5027//5027 4909//4909 5023//5023
f 5029//5029 4915//4915 5027//5027
f 5032//5032 4915//4915 5029//5029
f 5032//5032 4919//4919 4915//4915
f 5032//5032 4921//4921 4919//4919
f 5035//5035 5037//5037 4921//4921
f 5035//5035 4921//4921 5032//5032
f 5103//5103 4967//4967 5088//5088
f 5103//5103 4971//4971 4967//4967
f 5103//5103 5088//5088 5206//5206
f 5103//5103 4979//4979 4971//4971
f 5107//5107 4979//4979 5103//5103
f 5115//5115 4991//4991 4979//4979
f 5115//5115 4979//4979 5107//5107
f 5123//5123 4991//4991 5115//5115
f 5123//5123 5002//5002 4991//4991
f 5123//5123 5006//5006 5002//5002
f 5135//5135 5010//5010 5006//5006
f 5135//5135 5006//5006 5123//5123
f 5146//5146 5010//5010 5135//5135
f 5154//5154 5010//5010 5146//5146
f 5154//5154 5014//5014 5010//5010
f 5154//5154 5019//5019 5014//5014
f 5171//5171 5019//5019 5154//5154
f 5174//5174 5019//5019 5171//5171
f 5174//5174 5023//5023 5019//5019
f 5176//5176 5023//5023 5174//5174
f 5176//5176 5027//5027 5023//5023
f 5180//5180 5027//5027 5176//5176
f 5184//5184 5027//5027 5180//5180
f 5184//5184 5029//5029 5027//5027
f 5186//5186 5032//5032 5029//5029
f 5186//5186 5029//5029 5184//5184
f 5188//5188 5032//5032 5186//5186
f 5188//5188 5190//5190 5037//5037
f 5188//5188 5255//5255 5190//5190
f 5188//5188 5037//5037 5035//5035
f 5188//5188 5035//5035 5032//5032
f 5208//5208 5103//5103 5206//5206
f 5212//5212 5103//5103 5208//5208
f 5212//5212 5107//5107 5103//5103
f 5216//5216 5107//5107 5212//5212
f 5216//5216 5115//5115 5107//5107
f 5221//5221 5123//5123 5115//5115
f 5221//5221 5135//5135 5123//5123
f 5221//5221 5115//5115 5216//5216
f 5227//5227 5146//5146 5135//5135
f 5227//5227 5135//5135 5221//5221
f 5231//5231 5146//5146 5227//5227
f 5231//5231 5154//5154 5146//5146
f 5233//5233 5171//5171 5154//5154
f 5233//5233 5154//5154 5231//5231
f 5237//5237 5174//5174 5171//5171
f 5237//5237 5171//5171 5233//5233
f 5241//5241 5176//5176 5174//5174
f 5241//5241 5174//5174 5237//5237
f 5245//5245 5180//5180 5176//5176
f 5245//5245 5176//5176 5241//5241
f 5247//5247 5184//5184 5180//5180
f 5247//5247 5180//5180 5245//5245
f 5251//5251 5184//5184 5247//5247
f 5251//5251 5186//5186 5184//5184
f 5253//5253 5188//5188 5186//5186
f 5253//5253 5186//5186 5251//5251
f 5253//5253 5255//5255 5188//5188
f 5271//5271 5206//5206 5269//5269
f 5271//5271 5208//5208 5206//5206
f 5275//5275 5212//5212 5208//5208
f 5275//5275 5208//5208 5271//5271
f 5279//5279 5216//5216 5212//5212
f 5279//5279 5221//5221 5216//5216
f 5279//5279 5212//5212 5275//5275
f 5283//5283 5221//5221 5279//5279
f 5287//5287 5227//5227 5221//5221
f 5287//5287 5221//5221 5283//5283
f 5291//5291 5227//5227 5287//5287
f 5295//5295 5231//5231 5227//5227
f 5295//5295 5227//5227 5291//5291
f 5299//5299 5233//5233 5231//5231
f 5299//5299 5231//5231 5295//5295
f 5303//5303 5233//5233 5299//5299
f 5303//5303 5237//5237 5233//5233
f 5305//5305 5241//5241 5237//5237
f 5305//5305 5237//5237 5303//5303
f 5309//5309 5241//5241 5305//5305
f 5309//5309 5245//5245 5241//5241
f 5313//5313 5245//5245 5309//5309
f 5313//5313 5247//5247 5245//5245
f 5317//5317 5247//5247 5313//5313
f 5317//5317 5251//5251 5247//5247
f 5321//5321 5323//5323 5255//5255
f 5321//5321 5251//5251 5317//5317
f 5321//5321 5253//5253 5251//5251
f 5321//5321 5255//5255 5253//5253
f 5329//5329 5269//5269 5315//5315
f 5329//5329 5271//5271 5269//5269
f 5341//5341 5271//5271 5329//5329
f 5341//5341 5275//5275 5271//5271
f 5345//5345 5275//5275 5341//5341
f 5345//5345 5279//5279 5275//5275
f 5349//5349 5283//5283 5279//5279
f 5349//5349 5279//5279 5345//5345
f 5349//5349 5287//5287 5283//5283
f 5353//5353 5287//5287 5349//5349
f 5355//5355 5287//5287 5353//5353
f 5355//5355 5291//5291 5287//5287
f 5359//5359 5291//5291 5355//5355
f 5359//5359 5295//5295 5291//5291
f 5365//5365 5295//5295 5359//5359
f 5365//5365 5299//5299 5295//5295
f 5373//5373 5305//5305 5303//5303
f 5373//5373 5299//5299 5365//5365
f 5373//5373 5303//5303 5299//5299
f 5377//5377 5309//5309 5305//5305
f 5377//5377 5305//5305 5373//5373
f 5383//5383 5309//5309 5377//5377
f 5387//5387 5313//5313 5309//5309
f 5387//5387 5309//5309 5383//5383
f 5391//5391 5317//5317 5313//5313
f 5391//5391 5313//5313 5387//5387
f 5395//5395 5317//5317 5391//5391
f 5395//5395 5321//5321 5317//5317
f 5395//5395 5397//5397 5323//5323
f 5395//5395 5323//5323 5321//5321
f 5371//5371 5315//5315 5363//5363
f 5371//5371 5329//5329 5315//5315
f 5385//5385 5345//5345 5341//5341
f 5385//5385 5329//5329 5371//5371
f 5385//5385 5341//5341 5329//5329
f 5401//5401 5345//5345 5385//5385
f 5413//5413 5353//5353 5349//5349
f 5413//5413 5345//5345 5401//5401
f 5413//5413 5349//5349 5345//5345
f 5421//5421 5355//5355 5353//5353
f 5421//5421 5353//5353 5413//5413
f 5427//5427 5355//5355 5421//5421
f 5433//5433 5359//5359 5355//5355
f 5433//5433 5355//5355 5427//5427
f 5445//5445 5365//5365 5359//5359
f 5445//5445 5359//5359 5433//5433
f 5451//5451 5373//5373 5365//5365
f 5451//5451 5365//5365 5445//5445
f 5459//5459 5377//5377 5373//5373
f 5459//5459 5373//5373 5451//5451
f 5465//5465 5383//5383 5377//5377
f 5465//5465 5377//5377 5459//5459
f 5475//5475 5387//5387 5383//5383
f 5475//5475 5383//5383 5465//5465
f 5479//5479 5395//5395 5391//5391
f 5479//5479 5391//5391 5387//5387
f 5479//5479 5387//5387 5475//5475
f 5483//5483 5395//5395 5479//5479
f 5483//5483 5397//5397 5395//5395
f 5483//5483 5485//5485 5397//5397
f 5483//5483 5549//5549 5485//5485
f 5423//5423 5363//5363 5415//5415
f 5423//5423 5371//5371 5363//5363
f 5435//5435 5401//5401 5385//5385
f 5435//5435 5385//5385 5371//5371
f 5435//5435 5371//5371 5423//5423
f 5447//5447 5401//5401 5435//5435
f 5463//5463 5401//5401 5447//5447
f 5463//5463 5413//5413 5401//5401
f 5463//5463 5421//5421 5413//5413
f 5477//5477 5421//5421 5463//5463
f 5477//5477 5427//5427 5421//5421
f 5501//5501 5427//5427 5477//5477
f 5509//5509 5427//5427 5501//5501
f 5509//5509 5433//5433 5427//5427
f 5515//5515 5433//5433 5509//5509
f 5515//5515 5445//5445 5433//5433
f 5515//5515 5451//5451 5445//5445
f 5520//5520 5451//5451 5515//5515
f 5520//5520 5459//5459 5451//5451
f 5528//5528 5459//5459 5520//5520
f 5534//5534 5459//5459 5528//5528
f 5534//5534 5465//5465 5459//5459
f 5538//5538 5475//5475 5465//5465
f 5538//5538 5465//5465 5534//5534
f 5538//5538 5479//5479 5475//5475
f 5542//5542 5483//5483 5479//5479
f 5542//5542 5479//5479 5538//5538
f 5547//5547 5483//5483 5542//5542
f 5547//5547 5549//5549 5483//5483
f 5449//5449 5415//5415 5437//5437
f 5449//5449 5423//5423 5415//5415
f 5467//5467 5435//5435 5423//5423
f 5467//5467 5423//5423 5449//5449
f 5491//5491 5447//5447 5435//5435
f 5491//5491 5435//5435 5467//5467
f 5505//5505 5463//5463 5447//5447
f 5505//5505 5447//5447 5491//5491
f 5513//5513 5463//5463 5505//5505
f 5513//5513 5477//5477 5463//5463
f 5523//5523 5501//5501 5477//5477
f 5523//5523 5477//5477 5513//5513
f 5532//5532 5509//5509 5501//5501
f 5532//5532 5501//5501 5523//5523
f 5555//5555 5509//5509 5532//5532
f 5555//5555 5515//5515 5509//5509
f 5555//5555 5520//5520 5515//5515
f 5563//5563 5528//5528 5520//5520
f 5563//5563 5520//5520 5555//5555
f 5567//5567 5534//5534 5528//5528
f 5567//5567 5528//5528 5563//5563
f 5571//5571 5538//5538 5534//5534
f 5571//5571 5534//5534 5567//5567
f 5575//5575 5542//5542 5538//5538
f 5575//5575 5538//5538 5571//5571
f 5579//5579 5547//5547 5542//5542
f 5579//5579 5549//5549 5547//5547
f 5579//5579 5581//5581 5549//5549
f 5579//5579 5542//5542 5575//5575
f 5455//5455 5467//5467 5449//5449
f 5455//5455 5437//5437 5439//5439
f 5455//5455 5449//5449 5437//5437
f 5471//5471 5467//5467 5455//5455
f 5493//5493 5505//5505 5491//5491
f 5493//5493 5491//5491 5467//5467
f 5493//5493 5467//5467 5471//5471
f 5507//5507 5505//5505 5493//5493
f 5517//5517 5513//5513 5505//5505
f 5517//5517 5505//5505 5507//5507
f 5525//5525 5523//5523 5513//5513
f 5525//5525 5532//5532 5523//5523
f 5525//5525 5513//5513 5517//5517
f 5536//5536 5532//5532 5525//5525
f 5551//5551 5555//5555 5532//5532
f 5551//5551 5532//5532 5536//5536
f 5561//5561 5555//5555 5551//5551
f 5561//5561 5563//5563 5555//5555
f 5565//5565 5563//5563 5561//5561
f 5569//5569 5567//5567 5563//5563
f 5569//5569 5563//5563 5565//5565
f 5573//5573 5567//5567 5569//5569
f 5573//5573 5571//5571 5567//5567
f 5577//5577 5571//5571 5573//5573
f 5577//5577 5575//5575 5571//5571
f 5583//5583 5575//5575 5577//5577
f 5583//5583 5585//5585 5581//5581
f 5583//5583 5581//5581 5579//5579
f 5583//5583 5579//5579 5575//5575
f 5429//5429 5439//5439 5419//5419
f 5429//5429 5419//5419 5367//5367
f 5429//5429 5455//5455 5439//5439
f 5441//5441 5455//5455 5429//5429
f 5441//5441 5471//5471 5455//5455
f 5457//5457 5471//5471 5441//5441
f 5457//5457 5493//5493 5471//5471
f 5469//5469 5507//5507 5493//5493
f 5469//5469 5493//5493 5457//5457
f 5487//5487 5507//5507 5469//5469
f 5487//5487 5517//5517 5507//5507
f 5503//5503 5525//5525 5517//5517
f 5503//5503 5517//5517 5487//5487
f 5511//5511 5536//5536 5525//5525
f 5511//5511 5551//5551 5536//5536
f 5511//5511 5525//5525 5503//5503
f 5522//5522 5551//5551 5511//5511
f 5522//5522 5561//5561 5551//5551
f 5530//5530 5565//5565 5561//5561
f 5530//5530 5569//5569 5565//5565
f 5530//5530 5561//5561 5522//5522
f 5540//5540 5569//5569 5530//5530
f 5545//5545 5573//5573 5569//5569
f 5545//5545 5577//5577 5573//5573
f 5545//5545 5569//5569 5540//5540
f 5553//5553 5577//5577 5545//5545
f 5556//5556 5577//5577 5553//5553
f 5556//5556 5583//5583 5577//5577
f 5556//5556 5585//5585 5583//5583
f 5556//5556 5558//5558 5585//5585
f 5379//5379 5441//5441 5429//5429
f 5379//5379 5429//5429 5367//5367
f 5393//5393 5441//5441 5379//5379
f 5409//5409 5441//5441 5393//5393
f 5409//5409 5457//5457 5441//5441
f 5417//5417 5469//5469 5457//5457
f 5417//5417 5487//5487 5469//5469
f 5417//5417 5457//5457 5409//5409
f 5425//5425 5487//5487 5417//5417
f 5431//5431 5503//5503 5487//5487
f 5431//5431 5511//5511 5503//5503
f 5431//5431 5487//5487 5425//5425
f 5443//5443 5511//5511 5431//5431
f 5453//5453 5522//5522 5511//5511
f 5453//5453 5511//5511 5443//5443
f 5461//5461 5522//5522 5453//5453
f 5473//5473 5530//5530 5522//5522
f 5473//5473 5522//5522 5461//5461
f 5481//5481 5540//5540 5530//5530
f 5481//5481 5545//5545 5540//5540
f 5481//5481 5530//5530 5473//5473
f 5489//5489 5545//5545 5481//5481
f 5495//5495 5545//5545 5489//5489
f 5495//5495 5553//5553 5545//5545
f 5497//5497 5553//5553 5495//5495
f 5497//5497 5556//5556 5553//5553
f 5497//5497 5558//5558 5556//5556
f 5497//5497 5499//5499 5558//5558
f 5339//5339 5379//5379 5367//5367
f 5339//5339 5367//5367 5327//5327
f 5343//5343 5379//5379 5339//5339
f 5343//5343 5393//5393 5379//5379
f 5347//5347 5393//5393 5343//5343
f 5347//5347 5409//5409 5393//5393
f 5347//5347 5417//5417 5409//5409
f 5351//5351 5417//5417 5347//5347
f 5357//5357 5417//5417 5351//5351
f 5357//5357 5425//5425 5417//5417
f 5361//5361 5425//5425 5357//5357
f 5361//5361 5431//5431 5425//5425
f 5369//5369 5431//5431 5361//5361
f 5369//5369 5443//5443 5431//5431
f 5375//5375 5443//5443 5369//5369
f 5375//5375 5453//5453 5443//5443
f 5381//5381 5461//5461 5453//5453
f 5381//5381 5453//5453 5375//5375
f 5389//5389 5473//5473 5461//5461
f 5389//5389 5461//5461 5381//5381
f 5399//5399 5481//5481 5473//5473
f 5399//5399 5473//5473 5389//5389
f 5403//5403 5489//5489 5481//5481
f 5403//5403 5481//5481 5399//5399
f 5405//5405 5495//5495 5489//5489
f 5405//5405 5489//5489 5403//5403
f 5407//5407 5497//5497 5495//5495
f 5407//5407 5499//5499 5497//5497
f 5407//5407 5495//5495 5405//5405
f 5407//5407 5411//5411 5499//5499
f 5277//5277 5327//5327 5273//5273
f 5277//5277 5343//5343 5339//5339
f 5277//5277 5339//5339 5327//5327
f 5281//5281 5343//5343 5277//5277
f 5285//5285 5347//5347 5343//5343
f 5285//5285 5343//5343 5281//5281
f 5285//5285 5351//5351 5347//5347
f 5289//5289 5357//5357 5351//5351
f 5289//5289 5351//5351 5285//5285
f 5293//5293 5357//5357 5289//5289
f 5297//5297 5361//5361 5357//5357
f 5297//5297 5357//5357 5293//5293
f 5301//5301 5369//5369 5361//5361
f 5301//5301 5361//5361 5297//5297
f 5307//5307 5381//5381 5375//5375
f 5307//5307 5375//5375 5369//5369
f 5307//5307 5369//5369 5301//5301
f 5311//5311 5381//5381 5307//5307
f 5319//5319 5381//5381 5311//5311
f 5319//5319 5389//5389 5381//5381
f 5325//5325 5399//5399 5389//5389
f 5325//5325 5389//5389 5319//5319
f 5331//5331 5403//5403 5399//5399
f 5331//5331 5399//5399 5325//5325
f 5333//5333 5405//5405 5403//5403
f 5333//5333 5403//5403 5331//5331
f 5335//5335 5407//5407 5405//5405
f 5335//5335 5411//5411 5407//5407
f 5335//5335 5337//5337 5411//5411
f 5335//5335 5405//5405 5333//5333
f 5214//5214 5277//5277 5273//5273
f 5214//5214 5273//5273 5210//5210
f 5214//5214 5210//5210 5105//5105
f 5218//5218 5281//5281 5277//5277
f 5218//5218 5277//5277 5214//5214
f 5222//5222 5285//5285 5281//5281
f 5222//5222 5281//5281 5218//5218
f 5225//5225 5289//5289 5285//5285
f 5225//5225 5285//5285 5222//5222
f 5229//5229 5293//5293 5289//5289
f 5229//5229 5289//5289 5225//5225
f 5235//5235 5297//5297 5293//5293
f 5235//5235 5293//5293 5229//5229
f 5239//5239 5297//5297 5235//5235
f 5239//5239 5301//5301 5297//5297
f 5243//5243 5301//5301 5239//5239
f 5243//5243 5307//5307 5301//5301
f 5249//5249 5307//5307 5243//5243
f 5249//5249 5311//5311 5307//5307
f 5257//5257 5311//5311 5249//5249
f 5257//5257 5319//5319 5311//5311
f 5259//5259 5319//5319 5257//5257
f 5259//5259 5325//5325 5319//5319
f 5261//5261 5325//5325 5259//5259
f 5261//5261 5331//5331 5325//5325
f 5263//5263 5331//5331 5261//5261
f 5263//5263 5333//5333 5331//5331
f 5265//5265 5333//5333 5263//5263
f 5265//5265 5267//5267 5337//5337
f 5265//5265 5337//5337 5335//5335
f 5265//5265 5335//5335 5333//5333
f 5111//5111 5218//5218 5214//5214
f 5111//5111 5214//5214 5105//5105
f 5121//5121 5218//5218 5111//5111
f 5133//5133 5222//5222 5218//5218
f 5133//5133 5218//5218 5121//5121
f 5148//5148 5225//5225 5222//5222
f 5148//5148 5222//5222 5133//5133
f 5159//5159 5229//5229 5225//5225
f 5159//5159 5225//5225 5148//5148
f 5173//5173 5235//5235 5229//5229
f 5173//5173 5239//5239 5235//5235
f 5173//5173 5229//5229 5159//5159
f 5178//5178 5239//5239 5173//5173
f 5182//5182 5243//5243 5239//5239
f 5182//5182 5239//5239 5178//5178
f 5192//5192 5243//5243 5182//5182
f 5192//5192 5249//5249 5243//5243
f 5194//5194 5257//5257 5249//5249
f 5194//5194 5249//5249 5192//5192
f 5196//5196 5259//5259 5257//5257
f 5196//5196 5257//5257 5194//5194
f 5198//5198 5259//5259 5196//5196
f 5198//5198 5261//5261 5259//5259
f 5200//5200 5263//5263 5261//5261
f 5200//5200 5265//5265 5263//5263
f 5200//5200 5261//5261 5198//5198
f 5202//5202 5267//5267 5265//5265
f 5202//5202 5265//5265 5200//5200
f 5202//5202 5204//5204 5267//5267
f 4994//4994 5105//5105 4981//4981
f 4994//4994 5111//5111 5105//5105
f 5004//5004 5121//5121 5111//5111
f 5004//5004 5111//5111 4994//4994
f 5008//5008 5133//5133 5121//5121
f 5008//5008 5121//5121 5004//5004
f 5012//5012 5133//5133 5008//5008
f 5012//5012 5148//5148 5133//5133
f 5016//5016 5159//5159 5148//5148
f 5016//5016 5148//5148 5012//5012
f 5021//5021 5173//5173 5159//5159
f 5021//5021 5159//5159 5016//5016
f 5025//5025 5178//5178 5173//5173
f 5025//5025 5173//5173 5021//5021
f 5039//5039 5182//5182 5178//5178
f 5039//5039 5178//5178 5025//5025
f 5039//5039 5192//5192 5182//5182
f 5046//5046 5194//5194 5192//5192
f 5046//5046 5192//5192 5039//5039
f 5051//5051 5194//5194 5046//5046
f 5051//5051 5196//5196 5194//5194
f 5054//5054 5196//5196 5051//5051
f 5054//5054 5198//5198 5196//5196
f 5058//5058 5200//5200 5198//5198
f 5058//5058 5198//5198 5054//5054
f 5064//5064 5200//5200 5058//5058
f 5064//5064 5202//5202 5200//5200
f 5064//5064 5204//5204 5202//5202
f 5064//5064 5066//5066 5204//5204
f 5064//5064 4947//4947 5066//5066
f 4887//4887 4994//4994 4981//4981
f 4887//4887 4981//4981 4882//4882
f 4887//4887 5004//5004 4994//4994
f 4891//4891 5004//5004 4887//4887
f 4891//4891 5008//5008 5004//5004
f 4898//4898 5008//5008 4891//4891
f 4902//4902 5008//5008 4898//4898
f 4902//4902 5016//5016 5012//5012
f 4902//4902 5012//5012 5008//5008
f 4906//4906 5016//5016 4902//4902
f 4911//4911 5016//5016 4906//4906
f 4911//4911 5021//5021 5016//5016
f 4917//4917 5025//5025 5021//5021
f 4917//4917 5039//5039 5025//5025
f 4917//4917 5021//5021 4911//4911
f 4926//4926 5039//5039 4917//4917
f 4930//4930 5046//5046 5039//5039
f 4930//4930 5039//5039 4926//4926
f 4930//4930 5051//5051 5046//5046
f 4934//4934 5051//5051 4930//4930
f 4938//4938 5051//5051 4934//4934
f 4938//4938 5054//5054 5051//5051
f 4938//4938 5058//5058 5054//5054
f 4942//4942 5058//5058 4938//4938
f 4942//4942 5064//5064 5058//5058
f 4944//4944 5064//5064 4942//4942
f 4944//4944 4947//4947 5064//5064
f 4780//4780 4891//4891 4887//4887
f 4780//4780 4887//4887 4882//4882
f 4780//4780 4882//4882 4776//4776
f 4786//4786 4898//4898 4891//4891
f 4786//4786 4891//4891 4780//4780
f 4792//4792 4898//4898 4786//4786
f 4805//4805 4902//4902 4898//4898
f 4805//4805 4898//4898 4792//4792
f 4812//4812 4911//4911 4906//4906
f 4812//4812 4906//4906 4902//4902
f 4812//4812 4902//4902 4805//4805
f 4824//4824 4911//4911 4812//4812
f 4834//4834 4917//4917 4911//4911
f 4834//4834 4911//4911 4824//4824
f 4836//4836 4926//4926 4917//4917
f 4836//4836 4917//4917 4834//4834
f 4838//4838 4926//4926 4836//4836
f 4840//4840 4930//4930 4926//4926
f 4840//4840 4926//4926 4838//4838
f 4842//4842 4934//4934 4930//4930
f 4842//4842 4930//4930 4840//4840
f 4844//4844 4938//4938 4934//4934
f 4844//4844 4934//4934 4842//4842
f 4846//4846 4942//4942 4938//4938
f 4846//4846 4938//4938 4844//4844
f 4848//4848 4944//4944 4942//4942
f 4848//4848 4947//4947 4944//4944
f 4848//4848 4850//4850 4947//4947
f 4848//4848 4942//4942 4846//4846
f 4694//4694 4780//4780 4776//4776
f 4694//4694 4776//4776 4690//4690
f 4698//4698 4786//4786 4780//4780
f 4698//4698 4792//4792 4786//4786
f 4698//4698 4780//4780 4694//4694
f 4704//4704 4792//4792 4698//4698
f 4711//4711 4792//4792 4704//4704
f 4711//4711 4805//4805 4792//4792
f 4711//4711 4812//4812 4805//4805
f 4711//4711 4824//4824 4812//4812
f 4724//4724 4824//4824 4711//4711
f 4726//4726 4824//4824 4724//4724
f 4726//4726 4834//4834 4824//4824
f 4726//4726 4836//4836 4834//4834
f 4728//4728 4836//4836 4726//4726
f 4731//4731 4836//4836 4728//4728
f 4731//4731 4838//4838 4836//4836
f 4733//4733 4838//4838 4731//4731
f 4733//4733 4842//4842 4840//4840
f 4733//4733 4840//4840 4838//4838
f 4735//4735 4842//4842 4733//4733
f 4737//4737 4844//4844 4842//4842
f 4737//4737 4842//4842 4735//4735
f 4739//4739 4848//4848 4846//4846
f 4739//4739 4846//4846 4844//4844
f 4739//4739 4844//4844 4737//4737
f 4741//4741 4850//4850 4848//4848
f 4741//4741 4848//4848 4739//4739
f 4741//4741 4743//4743 4850//4850
f 4608//4608 4690//4690 4604//4604
f 4608//4608 4694//4694 4690//4690
f 4608//4608 4698//4698 4694//4694
f 4614//4614 4704//4704 4698//4698
f 4614//4614 4698//4698 4608//4608
f 4618//4618 4704//4704 4614//4614
f 4626//4626 4711//4711 4704//4704
f 4626//4626 4704//4704 4618//4618
f 4634//4634 4711//4711 4626//4626
f 4636//4636 4724//4724 4711//4711
f 4636//4636 4711//4711 4634//4634
f 4638//4638 4726//4726 4724//4724
f 4638//4638 4728//4728 4726//4726
f 4638//4638 4724//4724 4636//4636
f 4640//4640 4728//4728 4638//4638
f 4642//4642 4731//4731 4728//4728
f 4642//4642 4728//4728 4640//4640
f 4644//4644 4733//4733 4731//4731
f 4644//4644 4735//4735 4733//4733
f 4644//4644 4731//4731 4642//4642
f 4646//4646 4735//4735 4644//4644
f 4648//4648 4737//4737 4735//4735
f 4648//4648 4735//4735 4646//4646
f 4650//4650 4739//4739 4737//4737
f 4650//4650 4737//4737 4648//4648
f 4652//4652 4741//4741 4739//4739
f 4652//4652 4743//4743 4741//4741
f 4652//4652 4739//4739 4650//4650
f 4652//4652 4654//4654 4743//4743
f 4465//4465 4608//4608 4604//4604
f 4465//4465 4604//4604 4453//4453
f 4465//4465 4453//4453 4226//4226
f 4475//4475 4614//4614 4608//4608
f 4475//4475 4608//4608 4465//4465
f 4491//4491 4618//4618 4614//4614
f 4491//4491 4614//4614 4475//4475
f 4499//4499 4626//4626 4618//4618
f 4499//4499 4618//4618 4491//4491
f 4507//4507 4634//4634 4626//4626
f 4507//4507 4626//4626 4499//4499
f 4509//4509 4636//4636 4634//4634
f 4509//4509 4634//4634 4507//4507
f 4511//4511 4638//4638 4636//4636
f 4511//4511 4636//4636 4509//4509
f 4515//4515 4638//4638 4511//4511
f 4515//4515 4640//4640 4638//4638
f 4519//4519 4640//4640 4515//4515
f 4519//4519 4642//4642 4640//4640
f 4523//4523 4642//4642 4519//4519
f 4523//4523 4644//4644 4642//4642
f 4527//4527 4646//4646 4644//4644
f 4527//4527 4644//4644 4523//4523
f 4530//4530 4646//4646 4527//4527
f 4530//4530 4648//4648 4646//4646
f 4534//4534 4648//4648 4530//4530
f 4534//4534 4650//4650 4648//4648
f 4536//4536 4650//4650 4534//4534
f 4536//4536 4652//4652 4650//4650
f 4536//4536 4654//4654 4652//4652
f 4536//4536 4538//4538 4654//4654
f 4230//4230 4226//4226 3707//3707
f 4230//4230 3707//3707 3718//3718
f 4230//4230 4465//4465 4226//4226
f 4236//4236 4475//4475 4465//4465
f 4236//4236 3718//3718 3724//3724
f 4236//4236 4230//4230 3718//3718
f 4236//4236 4465//4465 4230//4230
f 4236//4236 4491//4491 4475//4475
f 4248//4248 4491//4491 4236//4236
f 4248//4248 3724//3724 3735//3735
f 4248//4248 4236//4236 3724//3724
f 4252//4252 4491//4491 4248//4248
f 4252//4252 3735//3735 3743//3743
f 4252//4252 4248//4248 3735//3735
f 4252//4252 4499//4499 4491//4491
f 4257//4257 4252//4252 3743//3743
f 4257//4257 4499//4499 4252//4252
f 4257//4257 3743//3743 3750//3750
f 4257//4257 4507//4507 4499//4499
f 4262//4262 4511//4511 4509//4509
f 4262//4262 4509//4509 4507//4507
f 4262//4262 4507//4507 4257//4257
f 4262//4262 3750//3750 3757//3757
f 4262//4262 4257//4257 3750//3750
f 4264//4264 4262//4262 3757//3757
f 4264//4264 4511//4511 4262//4262
f 4264//4264 3757//3757 3762//3762
f 4267//4267 4515//4515 4511//4511
f 4267//4267 4264//4264 3762//3762
f 4267//4267 4511//4511 4264//4264
f 4267//4267 3762//3762 3769//3769
f 4269//4269 4519//4519 4515//4515
f 4269//4269 4267//4267 3769//3769
f 4269//4269 4515//4515 4267//4267
f 4269//4269 3769//3769 3775//3775
f 4271//4271 4269//4269 3775//3775
f 4271//4271 4523//4523 4519//4519
f 4271//4271 4519//4519 4269//4269
f 4271//4271 3775//3775 3779//3779
f 4273//4273 4527//4527 4523//4523
f 4273//4273 4523//4523 4271//4271
f 4273//4273 3779//3779 3786//3786
f 4273//4273 4271//4271 3779//3779
f 4273//4273 3786//3786 3788//3788
f 4275//4275 4530//4530 4527//4527
f 4275//4275 4527//4527 4273//4273
f 4275//4275 4273//4273 3788//3788
f 4277//4277 4534//4534 4530//4530
f 4277//4277 4536//4536 4534//4534
f 4277//4277 3788//3788 3793//3793
f 4277//4277 3793//3793 3795//3795
f 4277//4277 4530//4530 4275//4275
f 4277//4277 4275//4275 3788//3788
f 4279//4279 4536//4536 4277//4277
f 4279//4279 4538//4538 4536//4536
f 4279//4279 3795//3795 3798//3798
f 4279//4279 4277//4277 3795//3795
f 4279//4279 4281//4281 4538//4538
f 4279//4279 3798//3798 4281//4281
f 2417//2417 1750//1750 1749//1749
f 2417//2417 1749//1749 2416//2416
f 3025//3025 2416//2416 3024//3024
f 3025//3025 3024//3024 3678//3678
f 3025//3025 2417//2417 2416//2416
f 3679//3679 3025//3025 3678//3678
f 4223//4223 3678//3678 4222//4222
f 4223//4223 3679//3679 3678//3678
f 4486//4486 4222//4222 4485//4485
f 4486//4486 4223//4223 4222//4222
f 4633//4633 4485//4485 4632//4632
f 4633//4633 4486//4486 4485//4485
f 4723//4723 4632//4632 4722//4722
f 4723//4723 4722//4722 4832//4832
f 4723//4723 4633//4633 4632//4632
f 4833//4833 4723//4723 4832//4832
f 4833//4833 4832//4832 4923//4923
f 4924//4924 4833//4833 4923//4923
f 5038//5038 4923//4923 5037//5037
f 5038//5038 4924//4924 4923//4923
f 5191//5191 5037//5037 5190//5190
f 5191//5191 5038//5038 5037//5037
f 5256//5256 5190//5190 5255//5255
f 5256//5256 5191//5191 5190//5190
f 5324//5324 5255//5255 5323//5323
f 5324//5324 5256//5256 5255//5255
f 5398//5398 5324//5324 5323//5323
f 5398//5398 5323//5323 5397//5397
f 5486//5486 5397//5397 5485//5485
f 5486//5486 5398//5398 5397//5397
f 5550//5550 5485//5485 5549//5549
f 5550//5550 5486//5486 5485//5485
f 5582//5582 5549//5549 5581//5581
f 5582//5582 5550//5550 5549//5549
f 5586//5586 5581//5581 5585//5585
f 5586//5586 5585//5585 5558//5558
f 5586//5586 5582//5582 5581//5581
f 5559//5559 5586//5586 5558//5558
f 5500//5500 5558//5558 5499//5499
f 5500//5500 5559//5559 5558//5558
f 5412//5412 5499//5499 5411//5411
f 5412//5412 5500//5500 5499//5499
f 5338//5338 5411//5411 5337//5337
f 5338//5338 5412//5412 5411//5411
f 5268//5268 5337//5337 5267//5267
f 5268//5268 5338//5338 5337//5337
f 5205//5205 5267//5267 5204//5204
f 5205//5205 5268//5268 5267//5267
f 5067//5067 5204//5204 5066//5066
f 5067//5067 5066//5066 4947//4947
f 5067//5067 5205//5205 5204//5204
f 4948//4948 5067//5067 4947//4947
f 4851//4851 4947//4947 4850//4850
f 4851//4851 4948//4948 4947//4947
f 4744//4744 4850//4850 4743//4743
f 4744//4744 4743//4743 4654//4654
f 4744//4744 4851//4851 4850//4850
f 4655//4655 4654//4654 4538//4538
f 4655//4655 4744//4744 4654//4654
f 4539//4539 4655//4655 4538//4538
f 4282//4282 4538//4538 4281//4281
f 4282//4282 4281//4281 3798//3798
f 4282//4282 4539//4539 4538//4538
f 3799//3799 4282//4282 3798//3798
f 2417//2417 1753//1753 1750//1750
f 2456//2456 1840//1840 1830//1830
f 3708//3708 4227//4227 3719//3719
f 2419//2419 1753//1753 2417//2417
f 2423//2423 1753//1753 2419//2419
f 2423//2423 1755//1755 1753//1753
f 2425//2425 1760//1760 1755//1755
f 2425//2425 1755//1755 2423//2423
f 2427//2427 1762//1762 1760//1760
f 2427//2427 1760//1760 2425//2425
f 2430//2430 1769//1769 1762//1762
f 2430//2430 1762//1762 2427//2427
f 2432//2432 1773//1773 1769//1769
f 2432//2432 1769//1769 2430//2430
f 2434//2434 1780//1780 1773//1773
f 2434//2434 1773//1773 2432//2432
f 2436//2436 1787//1787 1780//1780
f 2436//2436 1780//1780 2434//2434
f 2439//2439 1792//1792 1787//1787
f 2439//2439 1787//1787 2436//2436
f 2441//2441 1798//1798 1792//1792
f 2441//2441 1792//1792 2439//2439
f 2445//2445 1806//1806 1798//1798
f 2445//2445 1798//1798 2441//2441
f 2448//2448 1813//1813 1806//1806
f 2448//2448 1806//1806 2445//2445
f 2452//2452 1813//1813 2448//2448
f 2452//2452 1823//1823 1813//1813
f 2454//2454 1830//1830 1823//1823
f 2454//2454 2456//2456 1830//1830
f 2454//2454 1823//1823 2452//2452
f 3023//3023 2417//2417 3025//3025
f 3023//3023 2419//2419 2417//2417
f 3021//3021 2423//2423 2419//2419
f 3021//3021 2419//2419 3023//3023
f 3019//3019 2425//2425 2423//2423
f 3019//3019 2423//2423 3021//3021
f 3017//3017 2425//2425 3019//3019
f 3017//3017 2427//2427 2425//2425
f 3010//3010 2427//2427 3017//3017
f 3010//3010 2430//2430 2427//2427
f 3007//3007 2430//2430 3010//3010
f 3007//3007 2432//2432 2430//2430
f 3002//3002 2434//2434 2432//2432
f 3002//3002 2432//2432 3007//3007
f 2997//2997 2436//2436 2434//2434
f 2997//2997 2434//2434 3002//3002
f 2995//2995 2436//2436 2997//2997
f 2995//2995 2439//2439 2436//2436
f 2992//2992 2441//2441 2439//2439
f 2992//2992 2439//2439 2995//2995
f 2990//2990 2445//2445 2441//2441
f 2990//2990 2441//2441 2992//2992
f 2986//2986 2448//2448 2445//2445
f 2986//2986 2445//2445 2990//2990
f 2982//2982 2448//2448 2986//2986
f 2982//2982 2452//2452 2448//2448
f 2980//2980 2454//2454 2452//2452
f 2980//2980 2456//2456 2454//2454
f 2980//2980 2452//2452 2982//2982
f 2980//2980 2978//2978 2456//2456
f 3677//3677 3025//3025 3679//3679
f 3677//3677 3023//3023 3025//3025
f 3675//3675 3023//3023 3677//3677
f 3675//3675 3021//3021 3023//3023
f 3671//3671 3017//3017 3019//3019
f 3671//3671 3021//3021 3675//3675
f 3671//3671 3019//3019 3021//3021
f 3665//3665 3017//3017 3671//3671
f 3657//3657 3010//3010 3017//3017
f 3657//3657 3017//3017 3665//3665
f 3653//3653 3007//3007 3010//3010
f 3653//3653 3010//3010 3657//3657
f 3646//3646 3002//3002 3007//3007
f 3646//3646 3007//3007 3653//3653
f 3641//3641 2997//2997 3002//3002
f 3641//3641 3002//3002 3646//3646
f 3636//3636 2995//2995 2997//2997
f 3636//3636 2997//2997 3641//3641
f 3630//3630 2992//2992 2995//2995
f 3630//3630 2995//2995 3636//3636
f 3626//3626 2990//2990 2992//2992
f 3626//3626 2992//2992 3630//3630
f 3622//3622 2986//2986 2990//2990
f 3622//3622 2990//2990 3626//3626
f 3614//3614 2982//2982 2986//2986
f 3614//3614 2986//2986 3622//3622
f 3614//3614 2980//2980 2982//2982
f 3610//3610 2980//2980 3614//3614
f 3610//3610 2978//2978 2980//2980
f 3610//3610 3603//3603 2978//2978
f 4221//4221 3677//3677 3679//3679
f 4221//4221 3679//3679 4223//4223
f 4221//4221 3675//3675 3677//3677
f 4219//4219 3675//3675 4221//4221
f 4217//4217 3675//3675 4219//4219
f 4217//4217 3671//3671 3675//3675
f 4214//4214 3671//3671 4217//4217
f 4214//4214 3665//3665 3671//3671
f 4211//4211 3653//3653 3657//3657
f 4211//4211 3657//3657 3665//3665
f 4211//4211 3665//3665 4214//4214
f 4207//4207 3653//3653 4211//4211
f 4203//4203 3646//3646 3653//3653
f 4203//4203 3653//3653 4207//4207
f 4201//4201 3646//3646 4203//4203
f 4201//4201 3641//3641 3646//3646
f 4197//4197 3641//3641 4201//4201
f 4197//4197 3636//3636 3641//3641
f 4191//4191 3636//3636 4197//4197
f 4191//4191 3630//3630 3636//3636
f 4187//4187 3630//3630 4191//4191
f 4187//4187 3626//3626 3630//3630
f 4184//4184 3622//3622 3626//3626
f 4184//4184 3626//3626 4187//4187
f 4180//4180 3622//3622 4184//4184
f 4180//4180 3614//3614 3622//3622
f 4172//4172 3603//3603 3610//3610
f 4172//4172 3610//3610 3614//3614
f 4172//4172 3614//3614 4180//4180
f 4172//4172 4165//4165 3603//3603
f 4172//4172 4414//4414 4165//4165
f 4484//4484 4223//4223 4486//4486
f 4484//4484 4221//4221 4223//4223
f 4480//4480 4217//4217 4219//4219
f 4480//4480 4221//4221 4484//4484
f 4480//4480 4219//4219 4221//4221
f 4478//4478 4217//4217 4480//4480
f 4470//4470 4214//4214 4217//4217
f 4470//4470 4211//4211 4214//4214
f 4470//4470 4217//4217 4478//4478
f 4468//4468 4211//4211 4470//4470
f 4463//4463 4207//4207 4211//4211
f 4463//4463 4203//4203 4207//4207
f 4463//4463 4211//4211 4468//4468
f 4456//4456 4201//4201 4203//4203
f 4456//4456 4203//4203 4463//4463
f 4451//4451 4201//4201 4456//4456
f 4447//4447 4191//4191 4197//4197
f 4447//4447 4197//4197 4201//4201
f 4447//4447 4201//4201 4451//4451
f 4441//4441 4191//4191 4447//4447
f 4437//4437 4187//4187 4191//4191
f 4437//4437 4184//4184 4187//4187
f 4437//4437 4191//4191 4441//4441
f 4435//4435 4184//4184 4437//4437
f 4435//4435 4180//4180 4184//4184
f 4428//4428 4180//4180 4435//4435
f 4428//4428 4172//4172 4180//4180
f 4418//4418 4414//4414 4172//4172
f 4418//4418 4172//4172 4428//4428
f 4631//4631 4484//4484 4486//4486
f 4631//4631 4486//4486 4633//4633
f 4629//4629 4480//4480 4484//4484
f 4629//4629 4484//4484 4631//4631
f 4625//4625 4478//4478 4480//4480
f 4625//4625 4480//4480 4629//4629
f 4623//4623 4470//4470 4478//4478
f 4623//4623 4478//4478 4625//4625
f 4621//4621 4470//4470 4623//4623
f 4621//4621 4468//4468 4470//4470
f 4617//4617 4463//4463 4468//4468
f 4617//4617 4468//4468 4621//4621
f 4613//4613 4463//4463 4617//4617
f 4613//4613 4456//4456 4463//4463
f 4611//4611 4456//4456 4613//4613
f 4611//4611 4447//4447 4451//4451
f 4611//4611 4451//4451 4456//4456
f 4607//4607 4447//4447 4611//4611
f 4603//4603 4447//4447 4607//4607
f 4603//4603 4441//4441 4447//4447
f 4601//4601 4437//4437 4441//4441
f 4601//4601 4441//4441 4603//4603
f 4593//4593 4437//4437 4601//4601
f 4593//4593 4435//4435 4437//4437
f 4588//4588 4435//4435 4593//4593
f 4588//4588 4428//4428 4435//4435
f 4582//4582 4428//4428 4588//4588
f 4582//4582 4580//4580 4414//4414
f 4582//4582 4681//4681 4580//4580
f 4582//4582 4414//4414 4418//4418
f 4582//4582 4418//4418 4428//4428
f 4721//4721 4633//4633 4723//4723
f 4721//4721 4631//4631 4633//4633
f 4721//4721 4629//4629 4631//4631
f 4719//4719 4629//4629 4721//4721
f 4719//4719 4625//4625 4629//4629
f 4717//4717 4625//4625 4719//4719
f 4714//4714 4623//4623 4625//4625
f 4714//4714 4625//4625 4717//4717
f 4710//4710 4623//4623 4714//4714
f 4710//4710 4621//4621 4623//4623
f 4707//4707 4617//4617 4621//4621
f 4707//4707 4621//4621 4710//4710
f 4703//4703 4611//4611 4613//4613
f 4703//4703 4617//4617 4707//4707
f 4703//4703 4613//4613 4617//4617
f 4701//4701 4611//4611 4703//4703
f 4697//4697 4607//4607 4611//4611
f 4697//4697 4603//4603 4607//4607
f 4697//4697 4611//4611 4701//4701
f 4693//4693 4603//4603 4697//4697
f 4689//4689 4601//4601 4603//4603
f 4689//4689 4593//4593 4601//4601
f 4689//4689 4603//4603 4693//4693
f 4687//4687 4593//4593 4689//4689
f 4685//4685 4588//4588 4593//4593
f 4685//4685 4582//4582 4588//4588
f 4685//4685 4593//4593 4687//4687
f 4683//4683 4681//4681 4582//4582
f 4683//4683 4582//4582 4685//4685
f 4831//4831 4723//4723 4833//4833
f 4831//4831 4721//4721 4723//4723
f 4829//4829 4719//4719 4721//4721
f 4829//4829 4721//4721 4831//4831
f 4827//4827 4717//4717 4719//4719
f 4827//4827 4719//4719 4829//4829
f 4818//4818 4714//4714 4717//4717
f 4818//4818 4717//4717 4827//4827
f 4815//4815 4710//4710 4714//4714
f 4815//4815 4707//4707 4710//4710
f 4815//4815 4714//4714 4818//4818
f 4808//4808 4707//4707 4815//4815
f 4802//4802 4703//4703 4707//4707
f 4802//4802 4707//4707 4808//4808
f 4795//4795 4701//4701 4703//4703
f 4795//4795 4703//4703 4802//4802
f 4785//4785 4697//4697 4701//4701
f 4785//4785 4701//4701 4795//4795
f 4785//4785 4693//4693 4697//4697
f 4779//4779 4689//4689 4693//4693
f 4779//4779 4693//4693 4785//4785
f 4775//4775 4689//4689 4779//4779
f 4775//4775 4687//4687 4689//4689
f 4773//4773 4685//4685 4687//4687
f 4773//4773 4687//4687 4775//4775
f 4771//4771 4685//4685 4773//4773
f 4771//4771 4681//4681 4683//4683
f 4771//4771 4769//4769 4681//4681
f 4771//4771 4877//4877 4769//4769
f 4771//4771 4683//4683 4685//4685
f 4922//4922 4833//4833 4924//4924
f 4922//4922 4831//4831 4833//4833
f 4920//4920 4831//4831 4922//4922
f 4920//4920 4829//4829 4831//4831
f 4916//4916 4827//4827 4829//4829
f 4916//4916 4829//4829 4920//4920
f 4914//4914 4818//4818 4827//4827
f 4914//4914 4827//4827 4916//4916
f 4910//4910 4818//4818 4914//4914
f 4910//4910 4815//4815 4818//4818
f 4908//4908 4815//4815 4910//4910
f 4908//4908 4808//4808 4815//4815
f 4904//4904 4808//4808 4908//4908
f 4904//4904 4802//4802 4808//4808
f 4901//4901 4785//4785 4795//4795
f 4901//4901 4802//4802 4904//4904
f 4901//4901 4795//4795 4802//4802
f 4897//4897 4785//4785 4901//4901
f 4894//4894 4785//4785 4897//4897
f 4890//4890 4779//4779 4785//4785
f 4890//4890 4785//4785 4894//4894
f 4885//4885 4779//4779 4890//4890
f 4885//4885 4775//4775 4779//4779
f 4881//4881 4775//4775 4885//4885
f 4881//4881 4773//4773 4775//4775
f 4881//4881 4771//4771 4773//4773
f 4879//4879 4771//4771 4881//4881
f 4879//4879 4877//4877 4771//4771
f 5036//5036 4920//4920 4922//4922
f 5036//5036 4924//4924 5038//5038
f 5036//5036 4922//4922 4924//4924
f 5033//5033 4920//4920 5036//5036
f 5030//5030 4920//4920 5033//5033
f 5030//5030 4916//4916 4920//4920
f 5028//5028 4914//4914 4916//4916
f 5028//5028 4916//4916 5030//5030
f 5024//5024 4910//4910 4914//4914
f 5024//5024 4914//4914 5028//5028
f 5020//5020 4908//4908 4910//4910
f 5020//5020 4910//4910 5024//5024
f 5018//5018 4904//4904 4908//4908
f 5018//5018 4908//4908 5020//5020
f 5015//5015 4901//4901 4904//4904
f 5015//5015 4897//4897 4901//4901
f 5015//5015 4904//4904 5018//5018
f 5011//5011 4894//4894 4897//4897
f 5011//5011 4897//4897 5015//5015
f 5007//5007 4894//4894 5011//5011
f 5003//5003 4890//4890 4894//4894
f 5003//5003 4894//4894 5007//5007
f 4992//4992 4885//4885 4890//4890
f 4992//4992 4881//4881 4885//4885
f 4992//4992 4890//4890 5003//5003
f 4980//4980 4881//4881 4992//4992
f 4972//4972 4881//4881 4980//4980
f 4972//4972 4879//4879 4881//4881
f 4972//4972 4877//4877 4879//4879
f 4972//4972 4968//4968 4877//4877
f 4972//4972 5089//5089 4968//4968
f 5189//5189 5033//5033 5036//5036
f 5189//5189 5038//5038 5191//5191
f 5189//5189 5191//5191 5256//5256
f 5189//5189 5036//5036 5038//5038
f 5187//5187 5033//5033 5189//5189
f 5185//5185 5033//5033 5187//5187
f 5185//5185 5030//5030 5033//5033
f 5181//5181 5030//5030 5185//5185
f 5181//5181 5028//5028 5030//5030
f 5181//5181 5024//5024 5028//5028
f 5177//5177 5020//5020 5024//5024
f 5177//5177 5024//5024 5181//5181
f 5175//5175 5020//5020 5177//5177
f 5172//5172 5020//5020 5175//5175
f 5172//5172 5018//5018 5020//5020
f 5155//5155 5018//5018 5172//5172
f 5155//5155 5015//5015 5018//5018
f 5147//5147 5015//5015 5155//5155
f 5147//5147 5007//5007 5011//5011
f 5147//5147 5011//5011 5015//5015
f 5136//5136 5007//5007 5147//5147
f 5124//5124 5007//5007 5136//5136
f 5124//5124 5003//5003 5007//5007
f 5116//5116 5003//5003 5124//5124
f 5116//5116 4992//4992 5003//5003
f 5116//5116 4980//4980 4992//4992
f 5108//5108 4980//4980 5116//5116
f 5108//5108 4972//4972 4980//4980
f 5104//5104 4972//4972 5108//5108
f 5104//5104 5089//5089 4972//4972
f 5254//5254 5189//5189 5256//5256
f 5252//5252 5189//5189 5254//5254
f 5252//5252 5187//5187 5189//5189
f 5248//5248 5185//5185 5187//5187
f 5248//5248 5187//5187 5252//5252
f 5246//5246 5181//5181 5185//5185
f 5246//5246 5177//5177 5181//5181
f 5246//5246 5185//5185 5248//5248
f 5242//5242 5177//5177 5246//5246
f 5242//5242 5175//5175 5177//5177
f 5238//5238 5175//5175 5242//5242
f 5234//5234 5172//5172 5175//5175
f 5234//5234 5155//5155 5172//5172
f 5234//5234 5175//5175 5238//5238
f 5232//5232 5147//5147 5155//5155
f 5232//5232 5155//5155 5234//5234
f 5228//5228 5147//5147 5232//5232
f 5224//5224 5136//5136 5147//5147
f 5224//5224 5124//5124 5136//5136
f 5224//5224 5147//5147 5228//5228
f 5220//5220 5124//5124 5224//5224
f 5217//5217 5124//5124 5220//5220
f 5217//5217 5116//5116 5124//5124
f 5213//5213 5108//5108 5116//5116
f 5213//5213 5116//5116 5217//5217
f 5209//5209 5104//5104 5108//5108
f 5209//5209 5089//5089 5104//5104
f 5209//5209 5207//5207 5089//5089
f 5209//5209 5108//5108 5213//5213
f 5322//5322 5252//5252 5254//5254
f 5322//5322 5256//5256 5324//5324
f 5322//5322 5324//5324 5398//5398
f 5322//5322 5254//5254 5256//5256
f 5318//5318 5252//5252 5322//5322
f 5314//5314 5248//5248 5252//5252
f 5314//5314 5252//5252 5318//5318
f 5310//5310 5246//5246 5248//5248
f 5310//5310 5248//5248 5314//5314
f 5306//5306 5242//5242 5246//5246
f 5306//5306 5246//5246 5310//5310
f 5304//5304 5238//5238 5242//5242
f 5304//5304 5242//5242 5306//5306
f 5300//5300 5234//5234 5238//5238
f 5300//5300 5238//5238 5304//5304
f 5296//5296 5232//5232 5234//5234
f 5296//5296 5234//5234 5300//5300
f 5292//5292 5228//5228 5232//5232
f 5292//5292 5232//5232 5296//5296
f 5288//5288 5224//5224 5228//5228
f 5288//5288 5220//5220 5224//5224
f 5288//5288 5228//5228 5292//5292
f 5284//5284 5217//5217 5220//5220
f 5284//5284 5220//5220 5288//5288
f 5280//5280 5217//5217 5284//5284
f 5276//5276 5217//5217 5280//5280
f 5276//5276 5213//5213 5217//5217
f 5276//5276 5209//5209 5213//5213
f 5272//5272 5209//5209 5276//5276
f 5272//5272 5270//5270 5207//5207
f 5272//5272 5207//5207 5209//5209
f 5396//5396 5322//5322 5398//5398
f 5392//5392 5318//5318 5322//5322
f 5392//5392 5322//5322 5396//5396
f 5388//5388 5318//5318 5392//5392
f 5388//5388 5314//5314 5318//5318
f 5384//5384 5314//5314 5388//5388
f 5384//5384 5310//5310 5314//5314
f 5378//5378 5304//5304 5306//5306
f 5378//5378 5310//5310 5384//5384
f 5378//5378 5306//5306 5310//5310
f 5374//5374 5304//5304 5378//5378
f 5366//5366 5304//5304 5374//5374
f 5366//5366 5300//5300 5304//5304
f 5360//5360 5296//5296 5300//5300
f 5360//5360 5292//5292 5296//5296
f 5360//5360 5300//5300 5366//5366
f 5356//5356 5292//5292 5360//5360
f 5354//5354 5288//5288 5292//5292
f 5354//5354 5292//5292 5356//5356
f 5350//5350 5288//5288 5354//5354
f 5350//5350 5284//5284 5288//5288
f 5346//5346 5280//5280 5284//5284
f 5346//5346 5276//5276 5280//5280
f 5346//5346 5284//5284 5350//5350
f 5342//5342 5276//5276 5346//5346
f 5330//5330 5276//5276 5342//5342
f 5330//5330 5272//5272 5276//5276
f 5330//5330 5270//5270 5272//5272
f 5330//5330 5316//5316 5270//5270
f 5484//5484 5398//5398 5486//5486
f 5484//5484 5486//5486 5550//5550
f 5484//5484 5396//5396 5398//5398
f 5480//5480 5392//5392 5396//5396
f 5480//5480 5396//5396 5484//5484
f 5476//5476 5392//5392 5480//5480
f 5476//5476 5388//5388 5392//5392
f 5466//5466 5384//5384 5388//5388
f 5466//5466 5388//5388 5476//5476
f 5460//5460 5378//5378 5384//5384
f 5460//5460 5384//5384 5466//5466
f 5452//5452 5374//5374 5378//5378
f 5452//5452 5378//5378 5460//5460
f 5446//5446 5366//5366 5374//5374
f 5446//5446 5374//5374 5452//5452
f 5434//5434 5360//5360 5366//5366
f 5434//5434 5366//5366 5446//5446
f 5428//5428 5356//5356 5360//5360
f 5428//5428 5360//5360 5434//5434
f 5422//5422 5354//5354 5356//5356
f 5422//5422 5350//5350 5354//5354
f 5422//5422 5356//5356 5428//5428
f 5414//5414 5350//5350 5422//5422
f 5402//5402 5346//5346 5350//5350
f 5402//5402 5350//5350 5414//5414
f 5386//5386 5342//5342 5346//5346
f 5386//5386 5346//5346 5402//5402
f 5372//5372 5342//5342 5386//5386
f 5372//5372 5330//5330 5342//5342
f 5372//5372 5316//5316 5330//5330
f 5372//5372 5364//5364 5316//5316
f 5548//5548 5484//5484 5550//5550
f 5543//5543 5480//5480 5484//5484
f 5543//5543 5476//5476 5480//5480
f 5543//5543 5484//5484 5548//5548
f 5539//5539 5476//5476 5543//5543
f 5535//5535 5466//5466 5476//5476
f 5535//5535 5460//5460 5466//5466
f 5535//5535 5476//5476 5539//5539
f 5529//5529 5460//5460 5535//5535
f 5529//5529 5452//5452 5460//5460
f 5521//5521 5452//5452 5529//5529
f 5516//5516 5452//5452 5521//5521
f 5516//5516 5446//5446 5452//5452
f 5516//5516 5434//5434 5446//5446
f 5510//5510 5434//5434 5516//5516
f 5502//5502 5434//5434 5510//5510
f 5502//5502 5428//5428 5434//5434
f 5478//5478 5428//5428 5502//5502
f 5478//5478 5422//5422 5428//5428
f 5478//5478 5414//5414 5422//5422
f 5464//5464 5414//5414 5478//5478
f 5448//5448 5402//5402 5414//5414
f 5448//5448 5414//5414 5464//5464
f 5448//5448 5386//5386 5402//5402
f 5436//5436 5386//5386 5448//5448
f 5424//5424 5364//5364 5372//5372
f 5424//5424 5386//5386 5436//5436
f 5424//5424 5372//5372 5386//5386
f 5424//5424 5416//5416 5364//5364
f 5424//5424 5438//5438 5416//5416
f 5580//5580 5550//5550 5582//5582
f 5580//5580 5582//5582 5586//5586
f 5580//5580 5548//5548 5550//5550
f 5576//5576 5543//5543 5548//5548
f 5576//5576 5548//5548 5580//5580
f 5572//5572 5539//5539 5543//5543
f 5572//5572 5543//5543 5576//5576
f 5568//5568 5535//5535 5539//5539
f 5568//5568 5539//5539 5572//5572
f 5564//5564 5529//5529 5535//5535
f 5564//5564 5535//5535 5568//5568
f 5560//5560 5529//5529 5564//5564
f 5560//5560 5521//5521 5529//5529
f 5544//5544 5521//5521 5560//5560
f 5544//5544 5516//5516 5521//5521
f 5533//5533 5502//5502 5510//5510
f 5533//5533 5516//5516 5544//5544
f 5533//5533 5510//5510 5516//5516
f 5524//5524 5502//5502 5533//5533
f 5514//5514 5478//5478 5502//5502
f 5514//5514 5464//5464 5478//5478
f 5514//5514 5502//5502 5524//5524
f 5506//5506 5464//5464 5514//5514
f 5492//5492 5448//5448 5464//5464
f 5492//5492 5464//5464 5506//5506
f 5492//5492 5436//5436 5448//5448
f 5468//5468 5436//5436 5492//5492
f 5450//5450 5424//5424 5436//5436
f 5450//5450 5438//5438 5424//5424
f 5450//5450 5436//5436 5468//5468
f 5450//5450 5440//5440 5438//5438
f 5584//5584 5586//5586 5559//5559
f 5584//5584 5580//5580 5586//5586
f 5578//5578 5580//5580 5584//5584
f 5578//5578 5576//5576 5580//5580
f 5574//5574 5572//5572 5576//5576
f 5574//5574 5576//5576 5578//5578
f 5570//5570 5568//5568 5572//5572
f 5570//5570 5572//5572 5574//5574
f 5566//5566 5568//5568 5570//5570
f 5566//5566 5564//5564 5568//5568
f 5562//5562 5560//5560 5564//5564
f 5562//5562 5564//5564 5566//5566
f 5552//5552 5560//5560 5562//5562
f 5552//5552 5544//5544 5560//5560
f 5537//5537 5544//5544 5552//5552
f 5537//5537 5533//5533 5544//5544
f 5526//5526 5533//5533 5537//5537
f 5526//5526 5524//5524 5533//5533
f 5518//5518 5514//5514 5524//5524
f 5518//5518 5524//5524 5526//5526
f 5508//5508 5514//5514 5518//5518
f 5508//5508 5506//5506 5514//5514
f 5494//5494 5492//5492 5506//5506
f 5494//5494 5506//5506 5508//5508
f 5472//5472 5468//5468 5492//5492
f 5472//5472 5492//5492 5494//5494
f 5456//5456 5468//5468 5472//5472
f 5456//5456 5450//5450 5468//5468
f 5456//5456 5440//5440 5450//5450
f 5557//5557 5578//5578 5584//5584
f 5557//5557 5584//5584 5559//5559
f 5554//5554 5578//5578 5557//5557
f 5546//5546 5570//5570 5574//5574
f 5546//5546 5578//5578 5554//5554
f 5546//5546 5574//5574 5578//5578
f 5541//5541 5570//5570 5546//5546
f 5531//5531 5570//5570 5541//5541
f 5531//5531 5566//5566 5570//5570
f 5527//5527 5566//5566 5531//5531
f 5527//5527 5562//5562 5566//5566
f 5519//5519 5552//5552 5562//5562
f 5519//5519 5562//5562 5527//5527
f 5512//5512 5537//5537 5552//5552
f 5512//5512 5552//5552 5519//5519
f 5504//5504 5526//5526 5537//5537
f 5504//5504 5537//5537 5512//5512
f 5488//5488 5518//5518 5526//5526
f 5488//5488 5526//5526 5504//5504
f 5470//5470 5508//5508 5518//5518
f 5470//5470 5518//5518 5488//5488
f 5458//5458 5494//5494 5508//5508
f 5458//5458 5508//5508 5470//5470
f 5442//5442 5472//5472 5494//5494
f 5442//5442 5494//5494 5458//5458
f 5430//5430 5456//5456 5472//5472
f 5430//5430 5440//5440 5456//5456
f 5430//5430 5472//5472 5442//5442
f 5430//5430 5420//5420 5440//5440
f 5498//5498 5557//5557 5559//5559
f 5498//5498 5559//5559 5500//5500
f 5496//5496 5554//5554 5557//5557
f 5496//5496 5557//5557 5498//5498
f 5490//5490 5554//5554 5496//5496
f 5490//5490 5546//5546 5554//5554
f 5482//5482 5546//5546 5490//5490
f 5482//5482 5541//5541 5546//5546
f 5474//5474 5531//5531 5541//5541
f 5474//5474 5541//5541 5482//5482
f 5462//5462 5531//5531 5474//5474
f 5462//5462 5527//5527 5531//5531
f 5454//5454 5519//5519 5527//5527
f 5454//5454 5527//5527 5462//5462
f 5444//5444 5519//5519 5454//5454
f 5444//5444 5512//5512 5519//5519
f 5432//5432 5504//5504 5512//5512
f 5432//5432 5512//5512 5444//5444
f 5426//5426 5488//5488 5504//5504
f 5426//5426 5470//5470 5488//5488
f 5426//5426 5504//5504 5432//5432
f 5418//5418 5470//5470 5426//5426
f 5410//5410 5458//5458 5470//5470
f 5410//5410 5470//5470 5418//5418
f 5394//5394 5458//5458 5410//5410
f 5394//5394 5442//5442 5458//5458
f 5380//5380 5442//5442 5394//5394
f 5380//5380 5430//5430 5442//5442
f 5380//5380 5420//5420 5430//5430
f 5380//5380 5368//5368 5420//5420
f 5408//5408 5500//5500 5412//5412
f 5408//5408 5496//5496 5498//5498
f 5408//5408 5498//5498 5500//5500
f 5406//5406 5496//5496 5408//5408
f 5404//5404 5482//5482 5490//5490
f 5404//5404 5496//5496 5406//5406
f 5404//5404 5490//5490 5496//5496
f 5400//5400 5482//5482 5404//5404
f 5390//5390 5482//5482 5400//5400
f 5390//5390 5474//5474 5482//5482
f 5382//5382 5474//5474 5390//5390
f 5382//5382 5462//5462 5474//5474
f 5382//5382 5454//5454 5462//5462
f 5376//5376 5454//5454 5382//5382
f 5370//5370 5454//5454 5376//5376
f 5370//5370 5444//5444 5454//5454
f 5362//5362 5432//5432 5444//5444
f 5362//5362 5444//5444 5370//5370
f 5358//5358 5426//5426 5432//5432
f 5358//5358 5432//5432 5362//5362
f 5352//5352 5418//5418 5426//5426
f 5352//5352 5426//5426 5358//5358
f 5348//5348 5410//5410 5418//5418
f 5348//5348 5418//5418 5352//5352
f 5344//5344 5394//5394 5410//5410
f 5344//5344 5380//5380 5394//5394
f 5344//5344 5410//5410 5348//5348
f 5340//5340 5368//5368 5380//5380
f 5340//5340 5380//5380 5344//5344
f 5340//5340 5328//5328 5368//5368
f 5336//5336 5412//5412 5338//5338
f 5336//5336 5408//5408 5412//5412
f 5336//5336 5406//5406 5408//5408
f 5334//5334 5406//5406 5336//5336
f 5332//5332 5406//5406 5334//5334
f 5332//5332 5404//5404 5406//5406
f 5332//5332 5400//5400 5404//5404
f 5326//5326 5400//5400 5332//5332
f 5320//5320 5400//5400 5326//5326
f 5320//5320 5390//5390 5400//5400
f 5312//5312 5382//5382 5390//5390
f 5312//5312 5390//5390 5320//5320
f 5308//5308 5382//5382 5312//5312
f 5308//5308 5376//5376 5382//5382
f 5302//5302 5370//5370 5376//5376
f 5302//5302 5362//5362 5370//5370
f 5302//5302 5376//5376 5308//5308
f 5298//5298 5362//5362 5302//5302
f 5294//5294 5358//5358 5362//5362
f 5294//5294 5352//5352 5358//5358
f 5294//5294 5362//5362 5298//5298
f 5290//5290 5352//5352 5294//5294
f 5286//5286 5348//5348 5352//5352
f 5286//5286 5352//5352 5290//5290
f 5282//5282 5344//5344 5348//5348
f 5282//5282 5340//5340 5344//5344
f 5282//5282 5348//5348 5286//5286
f 5278//5278 5328//5328 5340//5340
f 5278//5278 5274//5274 5328//5328
f 5278//5278 5340//5340 5282//5282
f 5266//5266 5338//5338 5268//5268
f 5266//5266 5336//5336 5338//5338
f 5266//5266 5334//5334 5336//5336
f 5264//5264 5334//5334 5266//5266
f 5262//5262 5334//5334 5264//5264
f 5262//5262 5332//5332 5334//5334
f 5260//5260 5332//5332 5262//5262
f 5260//5260 5326//5326 5332//5332
f 5260//5260 5320//5320 5326//5326
f 5258//5258 5320//5320 5260//5260
f 5250//5250 5320//5320 5258//5258
f 5250//5250 5312//5312 5320//5320
f 5250//5250 5308//5308 5312//5312
f 5244//5244 5308//5308 5250//5250
f 5244//5244 5302//5302 5308//5308
f 5240//5240 5302//5302 5244//5244
f 5236//5236 5302//5302 5240//5240
f 5236//5236 5294//5294 5298//5298
f 5236//5236 5298//5298 5302//5302
f 5230//5230 5294//5294 5236//5236
f 5230//5230 5290//5290 5294//5294
f 5226//5226 5290//5290 5230//5230
f 5223//5223 5286//5286 5290//5290
f 5223//5223 5290//5290 5226//5226
f 5219//5219 5286//5286 5223//5223
f 5219//5219 5282//5282 5286//5286
f 5215//5215 5282//5282 5219//5219
f 5215//5215 5211//5211 5274//5274
f 5215//5215 5274//5274 5278//5278
f 5215//5215 5278//5278 5282//5282
f 5203//5203 5268//5268 5205//5205
f 5203//5203 5264//5264 5266//5266
f 5203//5203 5266//5266 5268//5268
f 5201//5201 5264//5264 5203//5203
f 5199//5199 5264//5264 5201//5201
f 5199//5199 5262//5262 5264//5264
f 5197//5197 5260//5260 5262//5262
f 5197//5197 5262//5262 5199//5199
f 5195//5195 5258//5258 5260//5260
f 5195//5195 5260//5260 5197//5197
f 5193//5193 5250//5250 5258//5258
f 5193//5193 5244//5244 5250//5250
f 5193//5193 5258//5258 5195//5195
f 5183//5183 5244//5244 5193//5193
f 5179//5179 5240//5240 5244//5244
f 5179//5179 5244//5244 5183//5183
f 5167//5167 5236//5236 5240//5240
f 5167//5167 5240//5240 5179//5179
f 5167//5167 5230//5230 5236//5236
f 5149//5149 5230//5230 5167//5167
f 5149//5149 5226//5226 5230//5230
f 5134//5134 5226//5226 5149//5149
f 5134//5134 5223//5223 5226//5226
f 5122//5122 5219//5219 5223//5223
f 5122//5122 5223//5223 5134//5134
f 5112//5112 5219//5219 5122//5122
f 5112//5112 5215//5215 5219//5219
f 5112//5112 5211//5211 5215//5215
f 5112//5112 5106//5106 5211//5211
f 5065//5065 5205//5205 5067//5067
f 5065//5065 5203//5203 5205//5205
f 5059//5059 5203//5203 5065//5065
f 5059//5059 5201//5201 5203//5203
f 5055//5055 5199//5199 5201//5201
f 5055//5055 5201//5201 5059//5059
f 5052//5052 5199//5199 5055//5055
f 5052//5052 5195//5195 5197//5197
f 5052//5052 5197//5197 5199//5199
f 5047//5047 5195//5195 5052//5052
f 5043//5043 5193//5193 5195//5195
f 5043//5043 5183//5183 5193//5193
f 5043//5043 5195//5195 5047//5047
f 5034//5034 5183//5183 5043//5043
f 5026//5026 5179//5179 5183//5183
f 5026//5026 5183//5183 5034//5034
f 5022//5022 5179//5179 5026//5026
f 5022//5022 5167//5167 5179//5179
f 5017//5017 5167//5167 5022//5022
f 5017//5017 5149//5149 5167//5167
f 5013//5013 5149//5149 5017//5017
f 5009//5009 5149//5149 5013//5013
f 5009//5009 5134//5134 5149//5149
f 5009//5009 5122//5122 5134//5134
f 5005//5005 5122//5122 5009//5009
f 4995//4995 5122//5122 5005//5005
f 4995//4995 5112//5112 5122//5122
f 4995//4995 5106//5106 5112//5112
f 4995//4995 4982//4982 5106//5106
f 4945//4945 5067//5067 4948//4948
f 4945//4945 5059//5059 5065//5065
f 4945//4945 5065//5065 5067//5067
f 4943//4943 5059//5059 4945//4945
f 4943//4943 5055//5055 5059//5059
f 4939//4939 5055//5055 4943//4943
f 4935//4935 5055//5055 4939//4939
f 4935//4935 5052//5052 5055//5055
f 4931//4931 5052//5052 4935//4935
f 4931//4931 5047//5047 5052//5052
f 4927//4927 5047//5047 4931//4931
f 4927//4927 5043//5043 5047//5047
f 4925//4925 5034//5034 5043//5043
f 4925//4925 5043//5043 4927//4927
f 4918//4918 5034//5034 4925//4925
f 4918//4918 5026//5026 5034//5034
f 4912//4912 5022//5022 5026//5026
f 4912//4912 5026//5026 4918//4918
f 4907//4907 5017//5017 5022//5022
f 4907//4907 5022//5022 4912//4912
f 4903//4903 5017//5017 4907//4907
f 4903//4903 5013//5013 5017//5017
f 4899//4899 5009//5009 5013//5013
f 4899//4899 5013//5013 4903//4903
f 4892//4892 5005//5005 5009//5009
f 4892//4892 5009//5009 4899//4899
f 4888//4888 4995//4995 5005//5005
f 4888//4888 4982//4982 4995//4995
f 4888//4888 5005//5005 4892//4892
f 4888//4888 4883//4883 4982//4982
f 4849//4849 4943//4943 4945//4945
f 4849//4849 4948//4948 4851//4851
f 4849//4849 4851//4851 4744//4744
f 4849//4849 4945//4945 4948//4948
f 4847//4847 4943//4943 4849//4849
f 4845//4845 4943//4943 4847//4847
f 4845//4845 4939//4939 4943//4943
f 4843//4843 4935//4935 4939//4939
f 4843//4843 4939//4939 4845//4845
f 4843//4843 4931//4931 4935//4935
f 4841//4841 4931//4931 4843//4843
f 4841//4841 4927//4927 4931//4931
f 4839//4839 4927//4927 4841//4841
f 4837//4837 4925//4925 4927//4927
f 4837//4837 4918//4918 4925//4925
f 4837//4837 4927//4927 4839//4839
f 4835//4835 4918//4918 4837//4837
f 4825//4825 4912//4912 4918//4918
f 4825//4825 4907//4907 4912//4912
f 4825//4825 4918//4918 4835//4835
f 4813//4813 4903//4903 4907//4907
f 4813//4813 4907//4907 4825//4825
f 4806//4806 4899//4899 4903//4903
f 4806//4806 4903//4903 4813//4813
f 4793//4793 4899//4899 4806//4806
f 4787//4787 4899//4899 4793//4793
f 4787//4787 4892//4892 4899//4899
f 4781//4781 4892//4892 4787//4787
f 4781//4781 4888//4888 4892//4892
f 4781//4781 4883//4883 4888//4888
f 4781//4781 4777//4777 4883//4883
f 4742//4742 4849//4849 4744//4744
f 4742//4742 4744//4744 4655//4655
f 4740//4740 4847//4847 4849//4849
f 4740//4740 4849//4849 4742//4742
f 4738//4738 4847//4847 4740//4740
f 4738//4738 4845//4845 4847//4847
f 4736//4736 4845//4845 4738//4738
f 4736//4736 4841//4841 4843//4843
f 4736//4736 4843//4843 4845//4845
f 4734//4734 4841//4841 4736//4736
f 4732//4732 4839//4839 4841//4841
f 4732//4732 4841//4841 4734//4734
f 4729//4729 4839//4839 4732//4732
f 4729//4729 4837//4837 4839//4839
f 4729//4729 4835//4835 4837//4837
f 4727//4727 4835//4835 4729//4729
f 4725//4725 4825//4825 4835//4835
f 4725//4725 4835//4835 4727//4727
f 4715//4715 4825//4825 4725//4725
f 4715//4715 4813//4813 4825//4825
f 4715//4715 4806//4806 4813//4813
f 4708//4708 4793//4793 4806//4806
f 4708//4708 4806//4806 4715//4715
f 4705//4705 4793//4793 4708//4708
f 4699//4699 4793//4793 4705//4705
f 4699//4699 4787//4787 4793//4793
f 4695//4695 4781//4781 4787//4787
f 4695//4695 4787//4787 4699//4699
f 4695//4695 4777//4777 4781//4781
f 4695//4695 4691//4691 4777//4777
f 4653//4653 4740//4740 4742//4742
f 4653//4653 4742//4742 4655//4655
f 4651//4651 4740//4740 4653//4653
f 4651//4651 4738//4738 4740//4740
f 4649//4649 4738//4738 4651//4651
f 4647//4647 4736//4736 4738//4738
f 4647//4647 4738//4738 4649//4649
f 4645//4645 4734//4734 4736//4736
f 4645//4645 4736//4736 4647//4647
f 4643//4643 4732//4732 4734//4734
f 4643//4643 4734//4734 4645//4645
f 4641//4641 4729//4729 4732//4732
f 4641//4641 4732//4732 4643//4643
f 4639//4639 4725//4725 4727//4727
f 4639//4639 4727//4727 4729//4729
f 4639//4639 4729//4729 4641//4641
f 4637//4637 4725//4725 4639//4639
f 4635//4635 4715//4715 4725//4725
f 4635//4635 4725//4725 4637//4637
f 4627//4627 4708//4708 4715//4715
f 4627//4627 4715//4715 4635//4635
f 4619//4619 4705//4705 4708//4708
f 4619//4619 4708//4708 4627//4627
f 4615//4615 4699//4699 4705//4705
f 4615//4615 4705//4705 4619//4619
f 4609//4609 4695//4695 4699//4699
f 4609//4609 4691//4691 4695//4695
f 4609//4609 4699//4699 4615//4615
f 4609//4609 4605//4605 4691//4691
f 4537//4537 4655//4655 4539//4539
f 4537//4537 4653//4653 4655//4655
f 4537//4537 4651//4651 4653//4653
f 4535//4535 4651//4651 4537//4537
f 4531//4531 4649//4649 4651//4651
f 4531//4531 4651//4651 4535//4535
f 4528//4528 4645//4645 4647//4647
f 4528//4528 4647//4647 4649//4649
f 4528//4528 4649//4649 4531//4531
f 4524//4524 4645//4645 4528//4528
f 4520//4520 4643//4643 4645//4645
f 4520//4520 4645//4645 4524//4524
f 4516//4516 4643//4643 4520//4520
f 4516//4516 4641//4641 4643//4643
f 4512//4512 4641//4641 4516//4516
f 4512//4512 4639//4639 4641//4641
f 4510//4510 4637//4637 4639//4639
f 4510//4510 4635//4635 4637//4637
f 4510//4510 4639//4639 4512//4512
f 4508//4508 4635//4635 4510//4510
f 4508//4508 4627//4627 4635//4635
f 4500//4500 4627//4627 4508//4508
f 4492//4492 4627//4627 4500//4500
f 4492//4492 4619//4619 4627//4627
f 4476//4476 4619//4619 4492//4492
f 4476//4476 4615//4615 4619//4619
f 4466//4466 4615//4615 4476//4476
f 4466//4466 4609//4609 4615//4615
f 4466//4466 4605//4605 4609//4609
f 4466//4466 4454//4454 4605//4605
f 4280//4280 4539//4539 4282//4282
f 4280//4280 4282//4282 3799//3799
f 4280//4280 3799//3799 3796//3796
f 4280//4280 4537//4537 4539//4539
f 4278//4278 3796//3796 3794//3794
f 4278//4278 4535//4535 4537//4537
f 4278//4278 4280//4280 3796//3796
f 4278//4278 4537//4537 4280//4280
f 4276//4276 4278//4278 3794//3794
f 4276//4276 3794//3794 3789//3789
f 4276//4276 4535//4535 4278//4278
f 4276//4276 4531//4531 4535//4535
f 4274//4274 4531//4531 4276//4276
f 4274//4274 3789//3789 3787//3787
f 4274//4274 4276//4276 3789//3789
f 4274//4274 4528//4528 4531//4531
f 4272//4272 4274//4274 3787//3787
f 4272//4272 4524//4524 4528//4528
f 4272//4272 4528//4528 4274//4274
f 4272//4272 3787//3787 3780//3780
f 4270//4270 4520//4520 4524//4524
f 4270//4270 4272//4272 3780//3780
f 4270//4270 4524//4524 4272//4272
f 4270//4270 3780//3780 3776//3776
f 4268//4268 4516//4516 4520//4520
f 4268//4268 4270//4270 3776//3776
f 4268//4268 4520//4520 4270//4270
f 4268//4268 3776//3776 3770//3770
f 4265//4265 4512//4512 4516//4516
f 4265//4265 4516//4516 4268//4268
f 4265//4265 3770//3770 3763//3763
f 4265//4265 4268//4268 3770//3770
f 4263//4263 4510//4510 4512//4512
f 4263//4263 4265//4265 3763//3763
f 4263//4263 4512//4512 4265//4265
f 4263//4263 3763//3763 3758//3758
f 4258//4258 4508//4508 4510//4510
f 4258//4258 4263//4263 3758//3758
f 4258//4258 4510//4510 4263//4263
f 4258//4258 3758//3758 3751//3751
f 4253//4253 4500//4500 4508//4508
f 4253//4253 4508//4508 4258//4258
f 4253//4253 3751//3751 3744//3744
f 4253//4253 4258//4258 3751//3751
f 4249//4249 4492//4492 4500//4500
f 4249//4249 3744//3744 3736//3736
f 4249//4249 4500//4500 4253//4253
f 4249//4249 4253//4253 3744//3744
f 4237//4237 4476//4476 4492//4492
f 4237//4237 3736//3736 3725//3725
f 4237//4237 4492//4492 4249//4249
f 4237//4237 4249//4249 3736//3736
f 4231//4231 4466//4466 4476//4476
f 4231//4231 4454//4454 4466//4466
f 4231//4231 3725//3725 3719//3719
f 4231//4231 4476//4476 4237//4237
f 4231//4231 4237//4237 3725//3725
f 4231//4231 3719//3719 4227//4227
f 4231//4231 4227//4227 4454//4454
f 4227//4227 3708//3708 3507//3507
f 4227//4227 3507//3507 4049//4049
f 4454//4454 4049//4049 4336//4336
f 4454//4454 4227//4227 4049//4049
f 4605//4605 4336//4336 4544//4544
f 4605//4605 4454//4454 4336//4336
f 4691//4691 4599//4599 4679//4679
f 4691//4691 4544//4544 4599//4599
f 4691//4691 4605//4605 4544//4544
f 4777//4777 4691//4691 4679//4679
f 4883//4883 4679//4679 4765//4765
f 4883//4883 4777//4777 4679//4679
f 4982//4982 4823//4823 4875//4875
f 4982//4982 4765//4765 4823//4823
f 4982//4982 4883//4883 4765//4765
f 5106//5106 4982//4982 4875//4875
f 5211//5211 5106//5106 4875//4875
f 5211//5211 4964//4964 5001//5001
f 5211//5211 4875//4875 4964//4964
f 5274//5274 5211//5211 5001//5001
f 5274//5274 5001//5001 5074//5074
f 5328//5328 5274//5274 5074//5074
f 5368//5368 5328//5328 5074//5074
f 5368//5368 5074//5074 5102//5102
f 5420//5420 5102//5102 5145//5145
f 5420//5420 5368//5368 5102//5102
f 5440//5440 5145//5145 5170//5170
f 5440//5440 5420//5420 5145//5145
f 5438//5438 5170//5170 5165//5165
f 5438//5438 5440//5440 5170//5170
f 5416//5416 5165//5165 5132//5132
f 5416//5416 5438//5438 5165//5165
f 5364//5364 5132//5132 5095//5095
f 5364//5364 5416//5416 5132//5132
f 5316//5316 5063//5063 4989//4989
f 5316//5316 5095//5095 5063//5063
f 5316//5316 5364//5364 5095//5095
f 5270//5270 5316//5316 4989//4989
f 5207//5207 4989//4989 4955//4955
f 5207//5207 5270//5270 4989//4989
f 5089//5089 4955//4955 4866//4866
f 5089//5089 5207//5207 4955//4955
f 4968//4968 4866//4866 4800//4800
f 4968//4968 5089//5089 4866//4866
f 4877//4877 4800//4800 4755//4755
f 4877//4877 4968//4968 4800//4800
f 4769//4769 4668//4668 4578//4578
f 4769//4769 4755//4755 4668//4668
f 4769//4769 4877//4877 4755//4755
f 4681//4681 4769//4769 4578//4578
f 4580//4580 4578//4578 4506//4506
f 4580//4580 4681//4681 4578//4578
f 4414//4414 4506//4506 4309//4309
f 4414//4414 4580//4580 4506//4506
f 4165//4165 4309//4309 4007//4007
f 4165//4165 4414//4414 4309//4309
f 3603//3603 4007//4007 3438//3438
f 3603//3603 4165//4165 4007//4007
f 2978//2978 2947//2947 2511//2511
f 2978//2978 3438//3438 2947//2947
f 2978//2978 3603//3603 3438//3438
f 2456//2456 2978//2978 2511//2511
f 1840//1840 2511//2511 2034//2034
f 1840//1840 2456//2456 2511//2511
f 2035//2035 2034//2034 2511//2511
f 2512//2512 2511//2511 2947//2947
f 2512//2512 2035//2035 2511//2511
f 2945//2945 2947//2947 3438//3438
f 2945//2945 2512//2512 2947//2947
f 3436//3436 3438//3438 4007//4007
f 3436//3436 2945//2945 3438//3438
f 4005//4005 4007//4007 4309//4309
f 4005//4005 3436//3436 4007//4007
f 4307//4307 4309//4309 4506//4506
f 4307//4307 4005//4005 4309//4309
f 4504//4504 4506//4506 4578//4578
f 4504//4504 4307//4307 4506//4506
f 4576//4576 4578//4578 4668//4668
f 4576//4576 4504//4504 4578//4578
f 4666//4666 4576//4576 4668//4668
f 4666//4666 4668//4668 4755//4755
f 4753//4753 4666//4666 4755//4755
f 4753//4753 4755//4755 4800//4800
f 4798//4798 4800//4800 4866//4866
f 4798//4798 4753//4753 4800//4800
f 4864//4864 4866//4866 4955//4955
f 4864//4864 4798//4798 4866//4866
f 4953//4953 4955//4955 4989//4989
f 4953//4953 4864//4864 4955//4955
f 4987//4987 4989//4989 5063//5063
f 4987//4987 4953//4953 4989//4989
f 5060//5060 4987//4987 5063//5063
f 5093//5093 5063//5063 5095//5095
f 5093//5093 5060//5060 5063//5063
f 5130//5130 5095//5095 5132//5132
f 5130//5130 5093//5093 5095//5095
f 5163//5163 5132//5132 5165//5165
f 5163//5163 5130//5130 5132//5132
f 5168//5168 5165//5165 5170//5170
f 5168//5168 5163//5163 5165//5165
f 5143//5143 5170//5170 5145//5145
f 5143//5143 5168//5168 5170//5170
f 5100//5100 5145//5145 5102//5102
f 5100//5100 5102//5102 5074//5074
f 5100//5100 5143//5143 5145//5145
f 5072//5072 5100//5100 5074//5074
f 4999//4999 5074//5074 5001//5001
f 4999//4999 5072//5072 5074//5074
f 4962//4962 5001//5001 4964//4964
f 4962//4962 4999//4999 5001//5001
f 4873//4873 4964//4964 4875//4875
f 4873//4873 4962//4962 4964//4964
f 4821//4821 4875//4875 4823//4823
f 4821//4821 4873//4873 4875//4875
f 4763//4763 4823//4823 4765//4765
f 4763//4763 4821//4821 4823//4823
f 4677//4677 4765//4765 4679//4679
f 4677//4677 4763//4763 4765//4765
f 4597//4597 4679//4679 4599//4599
f 4597//4597 4677//4677 4679//4679
f 4542//4542 4599//4599 4544//4544
f 4542//4542 4597//4597 4599//4599
f 4334//4334 4544//4544 4336//4336
f 4334//4334 4542//4542 4544//4544
f 4047//4047 4336//4336 4049//4049
f 4047//4047 4334//4334 4336//4336
f 3505//3505 4049//4049 3507//3507
f 3505//3505 4047//4047 4049//4049
f 2514//2514 2037//2037 2035//2035
f 2514//2514 2035//2035 2512//2512
f 2522//2522 2045//2045 2037//2037
f 2522//2522 2037//2037 2514//2514
f 2527//2527 2052//2052 2045//2045
f 2527//2527 2045//2045 2522//2522
f 2943//2943 2514//2514 2512//2512
f 2943//2943 2512//2512 2945//2945
f 2941//2941 2522//2522 2514//2514
f 2941//2941 2514//2514 2943//2943
f 2938//2938 2522//2522 2941//2941
f 2938//2938 2527//2527 2522//2522
f 2936//2936 2527//2527 2938//2938
f 3432//3432 2943//2943 2945//2945
f 3432//3432 2945//2945 3436//3436
f 3428//3428 2943//2943 3432//3432
f 3428//3428 2941//2941 2943//2943
f 3428//3428 2938//2938 2941//2941
f 3422//3422 2938//2938 3428//3428
f 3422//3422 2936//2936 2938//2938
f 3422//3422 3418//3418 2936//2936
f 4003//4003 3436//3436 4005//4005
f 4003//4003 3432//3432 3436//3436
f 4001//4001 3432//3432 4003//4003
f 4001//4001 3428//3428 3432//3432
f 3995//3995 3428//3428 4001//4001
f 3995//3995 3422//3422 3428//3428
f 3984//3984 3422//3422 3995//3995
f 3984//3984 3418//3418 3422//3422
f 4305//4305 4003//4003 4005//4005
f 4305//4305 4005//4005 4307//4307
f 4305//4305 4001//4001 4003//4003
f 4303//4303 4001//4001 4305//4305
f 4303//4303 3995//3995 4001//4001
f 4301//4301 3995//3995 4303//4303
f 4301//4301 3984//3984 3995//3995
f 4301//4301 4299//4299 3984//3984
f 4504//4504 4305//4305 4307//4307
f 4502//4502 4305//4305 4504//4504
f 4502//4502 4303//4303 4305//4305
f 4494//4494 4303//4303 4502//4502
f 4494//4494 4301//4301 4303//4303
f 4482//4482 4301//4301 4494//4494
f 4482//4482 4299//4299 4301//4301
f 4574//4574 4502//4502 4504//4504
f 4574//4574 4504//4504 4576//4576
f 4574//4574 4494//4494 4502//4502
f 4572//4572 4494//4494 4574//4574
f 4571//4571 4494//4494 4572//4572
f 4569//4569 4482//4482 4494//4494
f 4569//4569 4494//4494 4571//4571
f 4566//4566 4482//4482 4569//4569
f 4666//4666 4574//4574 4576//4576
f 4664//4664 4574//4574 4666//4666
f 4662//4662 4574//4574 4664//4664
f 4662//4662 4572//4572 4574//4574
f 4662//4662 4571//4571 4572//4572
f 4661//4661 4571//4571 4662//4662
f 4658//4658 4571//4571 4661//4661
f 4658//4658 4569//4569 4571//4571
f 4658//4658 4566//4566 4569//4569
f 4751//4751 4666//4666 4753//4753
f 4751//4751 4664//4664 4666//4666
f 4749//4749 4662//4662 4664//4664
f 4749//4749 4664//4664 4751//4751
f 4748//4748 4662//4662 4749//4749
f 4746//4746 4661//4661 4662//4662
f 4746//4746 4662//4662 4748//4748
f 4746//4746 4658//4658 4661//4661
f 4796//4796 4751//4751 4753//4753
f 4796//4796 4753//4753 4798//4798
f 4789//4789 4751//4751 4796//4796
f 4789//4789 4749//4749 4751//4751
f 4789//4789 4748//4748 4749//4749
f 4789//4789 4746//4746 4748//4748
f 4789//4789 4783//4783 4746//4746
f 4860//4860 4798//4798 4864//4864
f 4860//4860 4796//4796 4798//4798
f 4858//4858 4789//4789 4796//4796
f 4858//4858 4796//4796 4860//4860
f 4857//4857 4789//4789 4858//4858
f 4855//4855 4789//4789 4857//4857
f 4855//4855 4783//4783 4789//4789
f 4953//4953 4860//4860 4864//4864
f 4951//4951 4860//4860 4953//4953
f 4937//4937 4858//4858 4860//4860
f 4937//4937 4860//4860 4951//4951
f 4937//4937 4857//4857 4858//4858
f 4937//4937 4855//4855 4857//4857
f 4932//4932 4855//4855 4937//4937
f 4929//4929 4855//4855 4932//4932
f 4983//4983 4951//4951 4953//4953
f 4983//4983 4953//4953 4987//4987
f 4983//4983 4937//4937 4951//4951
f 4977//4977 4937//4937 4983//4983
f 4974//4974 4937//4937 4977//4977
f 4974//4974 4932//4932 4937//4937
f 4969//4969 4929//4929 4932//4932
f 4969//4969 4932//4932 4974//4974
f 5056//5056 4983//4983 4987//4987
f 5056//5056 4987//4987 5060//5060
f 5048//5048 4977//4977 4983//4983
f 5048//5048 4983//4983 5056//5056
f 5048//5048 4974//4974 4977//4977
f 5041//5041 4974//4974 5048//5048
f 5041//5041 4969//4969 4974//4974
f 5090//5090 5060//5060 5093//5093
f 5090//5090 5056//5056 5060//5060
f 5090//5090 5048//5048 5056//5056
f 5085//5085 5048//5048 5090//5090
f 5082//5082 5048//5048 5085//5085
f 5082//5082 5041//5041 5048//5048
f 5079//5079 5041//5041 5082//5082
f 5127//5127 5093//5093 5130//5130
f 5127//5127 5090//5090 5093//5093
f 5120//5120 5090//5090 5127//5127
f 5120//5120 5085//5085 5090//5090
f 5120//5120 5082//5082 5085//5085
f 5110//5110 5082//5082 5120//5120
f 5110//5110 5079//5079 5082//5082
f 5160//5160 5127//5127 5130//5130
f 5160//5160 5130//5130 5163//5163
f 5160//5160 5120//5120 5127//5127
f 5152//5152 5120//5120 5160//5160
f 5138//5138 5120//5120 5152//5152
f 5138//5138 5110//5110 5120//5120
f 5161//5161 5160//5160 5163//5163
f 5161//5161 5163//5163 5168//5168
f 5156//5156 5160//5160 5161//5161
f 5156//5156 5152//5152 5160//5160
f 5150//5150 5152//5152 5156//5156
f 5150//5150 5138//5138 5152//5152
f 5140//5140 5138//5138 5150//5150
f 5137//5137 5168//5168 5143//5143
f 5137//5137 5161//5161 5168//5168
f 5126//5126 5161//5161 5137//5137
f 5126//5126 5156//5156 5161//5161
f 5126//5126 5150//5150 5156//5156
f 5118//5118 5150//5150 5126//5126
f 5118//5118 5114//5114 5140//5140
f 5118//5118 5140//5140 5150//5150
f 5098//5098 5143//5143 5100//5100
f 5098//5098 5137//5137 5143//5143
f 5096//5096 5137//5137 5098//5098
f 5087//5087 5137//5137 5096//5096
f 5087//5087 5126//5126 5137//5137
f 5087//5087 5118//5118 5126//5126
f 5081//5081 5118//5118 5087//5087
f 5081//5081 5114//5114 5118//5118
f 5070//5070 5098//5098 5100//5100
f 5070//5070 5100//5100 5072//5072
f 5070//5070 5096//5096 5098//5098
f 5068//5068 5087//5087 5096//5096
f 5068//5068 5096//5096 5070//5070
f 5053//5053 5087//5087 5068//5068
f 5053//5053 5081//5081 5087//5087
f 5053//5053 5045//5045 5081//5081
f 4997//4997 5072//5072 4999//4999
f 4997//4997 5070//5070 5072//5072
f 4986//4986 5068//5068 5070//5070
f 4986//4986 5070//5070 4997//4997
f 4986//4986 5053//5053 5068//5068
f 4976//4976 5045//5045 5053//5053
f 4976//4976 5053//5053 4986//4986
f 4960//4960 4999//4999 4962//4962
f 4960//4960 4997//4997 4999//4999
f 4958//4958 4986//4986 4997//4997
f 4958//4958 4997//4997 4960//4960
f 4957//4957 4986//4986 4958//4958
f 4950//4950 4986//4986 4957//4957
f 4941//4941 4986//4986 4950//4950
f 4941//4941 4976//4976 4986//4986
f 4873//4873 4960//4960 4962//4962
f 4871//4871 4960//4960 4873//4873
f 4869//4869 4960//4960 4871//4871
f 4869//4869 4958//4958 4960//4960
f 4869//4869 4957//4957 4958//4958
f 4868//4868 4957//4957 4869//4869
f 4863//4863 4957//4957 4868//4868
f 4863//4863 4950//4950 4957//4957
f 4863//4863 4941//4941 4950//4950
f 4819//4819 4873//4873 4821//4821
f 4819//4819 4871//4871 4873//4873
f 4811//4811 4869//4869 4871//4871
f 4811//4811 4871//4871 4819//4819
f 4810//4810 4869//4869 4811//4811
f 4804//4804 4868//4868 4869//4869
f 4804//4804 4869//4869 4810//4810
f 4804//4804 4863//4863 4868//4868
f 4761//4761 4821//4821 4763//4763
f 4761//4761 4819//4819 4821//4821
f 4758//4758 4819//4819 4761//4761
f 4758//4758 4811//4811 4819//4819
f 4758//4758 4810//4810 4811//4811
f 4758//4758 4804//4804 4810//4810
f 4758//4758 4757//4757 4804//4804
f 4675//4675 4761//4761 4763//4763
f 4675//4675 4763//4763 4677//4677
f 4673//4673 4758//4758 4761//4761
f 4673//4673 4761//4761 4675//4675
f 4672//4672 4758//4758 4673//4673
f 4669//4669 4758//4758 4672//4672
f 4669//4669 4757//4757 4758//4758
f 4595//4595 4675//4675 4677//4677
f 4595//4595 4677//4677 4597//4597
f 4591//4591 4675//4675 4595//4595
f 4589//4589 4673//4673 4675//4675
f 4589//4589 4675//4675 4591//4591
f 4589//4589 4672//4672 4673//4673
f 4589//4589 4669//4669 4672//4672
f 4585//4585 4669//4669 4589//4589
f 4584//4584 4669//4669 4585//4585
f 4540//4540 4597//4597 4542//4542
f 4540//4540 4595//4595 4597//4597
f 4540//4540 4591//4591 4595//4595
f 4540//4540 4589//4589 4591//4591
f 4532//4532 4589//4589 4540//4540
f 4526//4526 4589//4589 4532//4532
f 4526//4526 4585//4585 4589//4589
f 4518//4518 4584//4584 4585//4585
f 4518//4518 4585//4585 4526//4526
f 4331//4331 4540//4540 4542//4542
f 4331//4331 4542//4542 4334//4334
f 4328//4328 4532//4532 4540//4540
f 4328//4328 4540//4540 4331//4331
f 4328//4328 4526//4526 4532//4532
f 4325//4325 4526//4526 4328//4328
f 4325//4325 4518//4518 4526//4526
f 4045//4045 3505//3505 3502//3502
f 4045//4045 4334//4334 4047//4047
f 4045//4045 4047//4047 3505//3505
f 4045//4045 4331//4331 4334//4334
f 4045//4045 3502//3502 3495//3495
f 4041//4041 4328//4328 4331//4331
f 4041//4041 4045//4045 3495//3495
f 4041//4041 4331//4331 4045//4045
f 4040//4040 4041//4041 3495//3495
f 4040//4040 4328//4328 4041//4041
f 4040//4040 4325//4325 4328//4328
f 4040//4040 3495//3495 3488//3488
f 4033//4033 4040//4040 3488//3488
f 4033//4033 4325//4325 4040//4040
f 3975//3975 4658//4658 4106//4106
f 3975//3975 4566//4566 4658//4658
f 4254//4254 4106//4106 4658//4658
f 4254//4254 4658//4658 4746//4746
f 4254//4254 4746//4746 4783//4783
f 4321//4321 4254//4254 4783//4783
f 3812//3812 4482//4482 4566//4566
f 3812//3812 4566//4566 3975//3975
f 4366//4366 4783//4783 4855//4855
f 4366//4366 4321//4321 4783//4783
f 3501//3501 4299//4299 4482//4482
f 3501//3501 4482//4482 3812//3812
f 4397//4397 4855//4855 4929//4929
f 4397//4397 4929//4929 4969//4969
f 4397//4397 4366//4366 4855//4855
f 3275//3275 3984//3984 4299//4299
f 3275//3275 4299//4299 3501//3501
f 4452//4452 4397//4397 4969//4969
f 3063//3063 3418//3418 3984//3984
f 3063//3063 3984//3984 3275//3275
f 4529//4529 4969//4969 5041//5041
f 4529//4529 4452//4452 4969//4969
f 2828//2828 2936//2936 3418//3418
f 2828//2828 3418//3418 3063//3063
f 4550//4550 5041//5041 5079//5079
f 4550//4550 4529//4529 5041//5041
f 4550//4550 5079//5079 5110//5110
f 2671//2671 2936//2936 2828//2828
f 2671//2671 2527//2527 2936//2936
f 4556//4556 4550//4550 5110//5110
f 4556//4556 5110//5110 5138//5138
f 2410//2410 2527//2527 2671//2671
f 2410//2410 2052//2052 2527//2527
f 2226//2226 2052//2052 2410//2410
f 2226//2226 1526//1526 2052//2052
f 4562//4562 4556//4556 5138//5138
f 2012//2012 1526//1526 2226//2226
f 2012//2012 1258//1258 1526//1526
f 4563//4563 4562//4562 5138//5138
f 4563//4563 5138//5138 5140//5140
f 1702//1702 1258//1258 2012//2012
f 1702//1702 1065//1065 1258//1258
f 4559//4559 5140//5140 5114//5114
f 4559//4559 4563//4563 5140//5140
f 4559//4559 5114//5114 5081//5081
f 1552//1552 914//914 998//998
f 1552//1552 1065//1065 1702//1702
f 1552//1552 998//998 1065//1065
f 4551//4551 4559//4559 5081//5081
f 1456//1456 914//914 1552//1552
f 4545//4545 5081//5081 5045//5045
f 4545//4545 4551//4551 5081//5081
f 1317//1317 829//829 914//914
f 1317//1317 914//914 1456//1456
f 4464//4464 4545//4545 5045//5045
f 4464//4464 5045//5045 4976//4976
f 1252//1252 781//781 829//829
f 1252//1252 829//829 1317//1317
f 4402//4402 4464//4464 4976//4976
f 4402//4402 4976//4976 4941//4941
f 725//725 781//781 1252//1252
f 725//725 1252//1252 1215//1215
f 4368//4368 4402//4402 4941//4941
f 4863//4863 4368//4368 4941//4941
f 647//647 725//725 1215//1215
f 647//647 1215//1215 1181//1181
f 4804//4804 4330//4330 4368//4368
f 4804//4804 4368//4368 4863//4863
f 611//611 647//647 1181//1181
f 611//611 1181//1181 1118//1118
f 4757//4757 4266//4266 4330//4330
f 4757//4757 4330//4330 4804//4804
f 542//542 611//611 1118//1118
f 542//542 1037//1037 1031//1031
f 542//542 1118//1118 1037//1037
f 4669//4669 4116//4116 4266//4266
f 4669//4669 4008//4008 4116//4116
f 4669//4669 4266//4266 4757//4757
f 503//503 542//542 1031//1031
f 4584//4584 3847//3847 4008//4008
f 4584//4584 4008//4008 4669//4669
f 474//474 503//503 1031//1031
f 474//474 1031//1031 1023//1023
f 4518//4518 3847//3847 4584//4584
f 449//449 474//474 1023//1023
f 449//449 1023//1023 1019//1019
f 4325//4325 3530//3530 3847//3847
f 4325//4325 3847//3847 4518//4518
f 448//448 449//449 1019//1019
f 448//448 1020//1020 1026//1026
f 448//448 1019//1019 1020//1020
f 4033//4033 3530//3530 4325//4325
f 4033//4033 3296//3296 3530//3530
f 4033//4033 3113//3113 3296//3296
f 3488//3488 3113//3113 4033//4033
f 477//477 448//448 1026//1026
f 2999//2999 3113//3113 3488//3488
f 2999//2999 2852//2852 3113//3113
f 508//508 477//477 1026//1026
f 508//508 1026//1026 1032//1032
f 2588//2588 2852//2852 2999//2999
f 2588//2588 2695//2695 2852//2852
f 545//545 508//508 1032//1032
f 545//545 1032//1032 1053//1053
f 2120//2120 2695//2695 2588//2588
f 2120//2120 2460//2460 2695//2695
f 2120//2120 2248//2248 2460//2460
f 616//616 545//545 1053//1053
f 616//616 1053//1053 1130//1130
f 1575//1575 2248//2248 2120//2120
f 1575//1575 2039//2039 2248//2248
f 659//659 616//616 1130//1130
f 659//659 1130//1130 1186//1186
f 1285//1285 2039//2039 1575//1575
f 731//731 659//659 1186//1186
f 731//731 1186//1186 1217//1217
f 803//803 1217//1217 1261//1261
f 803//803 731//731 1217//1217
f 1101//1101 2039//2039 1285//1285
f 1101//1101 1737//1737 2039//2039
f 1101//1101 1583//1583 1737//1737
f 1016//1016 1464//1464 1583//1583
f 1016//1016 1583//1583 1101//1101
f 840//840 1261//1261 1329//1329
f 840//840 803//803 1261//1261
f 924//924 1464//1464 1016//1016
f 924//924 1329//1329 1464//1464
f 924//924 840//840 1329//1329
f 2852//2852 3112//3112 3113//3113
f 2852//2852 2851//2851 3112//3112
f 2695//2695 2698//2698 2851//2851
f 2695//2695 2851//2851 2852//2852
f 2460//2460 2464//2464 2698//2698
f 2460//2460 2698//2698 2695//2695
f 2253//2253 2464//2464 2460//2460
f 2248//2248 2253//2253 2460//2460
f 2055//2055 2253//2253 2248//2248
f 2039//2039 2055//2055 2248//2248
f 1758//1758 2055//2055 2039//2039
f 1737//1737 1758//1758 2039//2039
f 1591//1591 1758//1758 1737//1737
f 1583//1583 1591//1591 1737//1737
f 1464//1464 1591//1591 1583//1583
f 1464//1464 1473//1473 1591//1591
f 1341//1341 1473//1473 1464//1464
f 1329//1329 1341//1341 1464//1464
f 1265//1265 1341//1341 1329//1329
f 1261//1261 1265//1265 1329//1329
f 1217//1217 1265//1265 1261//1261
f 1217//1217 1223//1223 1265//1265
f 1186//1186 1223//1223 1217//1217
f 1186//1186 1190//1190 1223//1223
f 1130//1130 1190//1190 1186//1186
f 1130//1130 1144//1144 1190//1190
f 1053//1053 1144//1144 1130//1130
f 1053//1053 1069//1069 1144//1144
f 1032//1032 1069//1069 1053//1053
f 1032//1032 1036//1036 1069//1069
f 1030//1030 1036//1036 1032//1032
f 1026//1026 1030//1030 1032//1032
f 1025//1025 1030//1030 1026//1026
f 1020//1020 1025//1025 1026//1026
f 1019//1019 1025//1025 1020//1020
f 1019//1019 1022//1022 1025//1025
f 1023//1023 1022//1022 1019//1019
f 1023//1023 1028//1028 1022//1022
f 1034//1034 1028//1028 1023//1023
f 1031//1031 1034//1034 1023//1023
f 1037//1037 1034//1034 1031//1031
f 1037//1037 1061//1061 1034//1034
f 1118//1118 1134//1134 1061//1061
f 1118//1118 1061//1061 1037//1037
f 1181//1181 1188//1188 1134//1134
f 1181//1181 1134//1134 1118//1118
f 1215//1215 1219//1219 1188//1188
f 1215//1215 1188//1188 1181//1181
f 1252//1252 1260//1260 1219//1219
f 1252//1252 1219//1219 1215//1215
f 1317//1317 1324//1324 1260//1260
f 1317//1317 1260//1260 1252//1252
f 1456//1456 1462//1462 1324//1324
f 1456//1456 1324//1324 1317//1317
f 1552//1552 1568//1568 1462//1462
f 1552//1552 1462//1462 1456//1456
f 1702//1702 1717//1717 1568//1568
f 1702//1702 1568//1568 1552//1552
f 2021//2021 1717//1717 1702//1702
f 2012//2012 2021//2021 1702//1702
f 2231//2231 2021//2021 2012//2012
f 2226//2226 2231//2231 2012//2012
f 2410//2410 2412//2412 2231//2231
f 2410//2410 2231//2231 2226//2226
f 2851//2851 3111//3111 3112//3112
f 2851//2851 2850//2850 3111//3111
f 2698//2698 2697//2697 2850//2850
f 2698//2698 2850//2850 2851//2851
f 2464//2464 2463//2463 2697//2697
f 2464//2464 2697//2697 2698//2698
f 2253//2253 2252//2252 2463//2463
f 2253//2253 2463//2463 2464//2464
f 2055//2055 2054//2054 2252//2252
f 2055//2055 2252//2252 2253//2253
f 1758//1758 1757//1757 2054//2054
f 1758//1758 2054//2054 2055//2055
f 1591//1591 1590//1590 1757//1757
f 1591//1591 1757//1757 1758//1758
f 1473//1473 1472//1472 1590//1590
f 1473//1473 1590//1590 1591//1591
f 1341//1341 1472//1472 1473//1473
f 1341//1341 1340//1340 1472//1472
f 1265//1265 1340//1340 1341//1341
f 1265//1265 1264//1264 1340//1340
f 1223//1223 1264//1264 1265//1265
f 1223//1223 1222//1222 1264//1264
f 1190//1190 1222//1222 1223//1223
f 1190//1190 1189//1189 1222//1222
f 1144//1144 1189//1189 1190//1190
f 1144//1144 1143//1143 1189//1189
f 1069//1069 1143//1143 1144//1144
f 1069//1069 1068//1068 1143//1143
f 1036//1036 1068//1068 1069//1069
f 1036//1036 1035//1035 1068//1068
f 1030//1030 1035//1035 1036//1036
f 1030//1030 1029//1029 1035//1035
f 1030//1030 1024//1024 1029//1029
f 1025//1025 1024//1024 1030//1030
f 1022//1022 1024//1024 1025//1025
f 1022//1022 1021//1021 1024//1024
f 1028//1028 1021//1021 1022//1022
f 1028//1028 1027//1027 1021//1021
f 1034//1034 1027//1027 1028//1028
f 1034//1034 1033//1033 1027//1027
f 1034//1034 1060//1060 1033//1033
f 1061//1061 1060//1060 1034//1034
f 1134//1134 1133//1133 1060//1060
f 1134//1134 1060//1060 1061//1061
f 1188//1188 1187//1187 1133//1133
f 1188//1188 1133//1133 1134//1134
f 1219//1219 1218//1218 1187//1187
f 1219//1219 1187//1187 1188//1188
f 1260//1260 1259//1259 1218//1218
f 1260//1260 1323//1323 1259//1259
f 1260//1260 1218//1218 1219//1219
f 1324//1324 1323//1323 1260//1260
f 1462//1462 1461//1461 1323//1323
f 1462//1462 1567//1567 1461//1461
f 1462//1462 1323//1323 1324//1324
f 1568//1568 1716//1716 1567//1567
f 1568//1568 1567//1567 1462//1462
f 1717//1717 1716//1716 1568//1568
f 2021//2021 2020//2020 1716//1716
f 2021//2021 1716//1716 1717//1717
f 2231//2231 2230//2230 2020//2020
f 2231//2231 2411//2411 2230//2230
f 2231//2231 2020//2020 2021//2021
f 2412//2412 2411//2411 2231//2231
f 1337//1337 1299//1299 1336//1336
f 1300//1300 1299//1299 1337//1337
f 1290//1290 1289//1289 1299//1299
f 1290//1290 1299//1299 1300//1300
f 1269//1269 1268//1268 1289//1289
f 1269//1269 1289//1289 1290//1290
f 1246//1246 1245//1245 1268//1268
f 1246//1246 1268//1268 1269//1269
f 1237//1237 1236//1236 1245//1245
f 1237//1237 1245//1245 1246//1246
f 1231//1231 1230//1230 1236//1236
f 1231//1231 1236//1236 1237//1237
f 1212//1212 1211//1211 1230//1230
f 1212//1212 1230//1230 1231//1231
f 1205//1205 1204//1204 1211//1211
f 1205//1205 1211//1211 1212//1212
f 1198//1198 1204//1204 1205//1205
f 1198//1198 1197//1197 1204//1204
f 1183//1183 1197//1197 1198//1198
f 1183//1183 1182//1182 1197//1197
f 1173//1173 1182//1182 1183//1183
f 1173//1173 1172//1172 1182//1182
f 1152//1152 1172//1172 1173//1173
f 1152//1152 1151//1151 1172//1172
f 1140//1140 1151//1151 1152//1152
f 1140//1140 1139//1139 1151//1151
f 1140//1140 1124//1124 1139//1139
f 1125//1125 1124//1124 1140//1140
f 1125//1125 1110//1110 1124//1124
f 1111//1111 1110//1110 1125//1125
f 1095//1095 1110//1110 1111//1111
f 1095//1095 1094//1094 1110//1110
f 1087//1087 1094//1094 1095//1095
f 1087//1087 1086//1086 1094//1094
f 1085//1085 1086//1086 1087//1087
f 1085//1085 1084//1084 1086//1086
f 1093//1093 1084//1084 1085//1085
f 1093//1093 1092//1092 1084//1084
f 1093//1093 1108//1108 1092//1092
f 1109//1109 1108//1108 1093//1093
f 1123//1123 1122//1122 1108//1108
f 1123//1123 1108//1108 1109//1109
f 1138//1138 1137//1137 1122//1122
f 1138//1138 1122//1122 1123//1123
f 1150//1150 1149//1149 1137//1137
f 1150//1150 1170//1170 1149//1149
f 1150//1150 1137//1137 1138//1138
f 1171//1171 1170//1170 1150//1150
f 1180//1180 1179//1179 1170//1170
f 1180//1180 1170//1170 1171//1171
f 1194//1194 1193//1193 1179//1179
f 1194//1194 1179//1179 1180//1180
f 1203//1203 1202//1202 1193//1193
f 1203//1203 1209//1209 1202//1202
f 1203//1203 1193//1193 1194//1194
f 1210//1210 1209//1209 1203//1203
f 1227//1227 1226//1226 1209//1209
f 1227//1227 1234//1234 1226//1226
f 1227//1227 1209//1209 1210//1210
f 1235//1235 1234//1234 1227//1227
f 1244//1244 1243//1243 1234//1234
f 1244//1244 1266//1266 1243//1243
f 1244//1244 1234//1234 1235//1235
f 1267//1267 1266//1266 1244//1244
f 1714//1714 1808//1808 1809//1809
f 1714//1714 1713//1713 1808//1808
f 1657//1657 1656//1656 1713//1713
f 1657//1657 1713//1713 1714//1714
f 1635//1635 1634//1634 1656//1656
f 1635//1635 1656//1656 1657//1657
f 1601//1601 1600//1600 1634//1634
f 1601//1601 1634//1634 1635//1635
f 1570//1570 1569//1569 1600//1600
f 1570//1570 1600//1600 1601//1601
f 1532//1532 1531//1531 1569//1569
f 1532//1532 1569//1569 1570//1570
f 1503//1503 1502//1502 1531//1531
f 1503//1503 1531//1531 1532//1532
f 1488//1488 1487//1487 1502//1502
f 1488//1488 1502//1502 1503//1503
f 1468//1468 1487//1487 1488//1488
f 1468//1468 1467//1467 1487//1487
f 1446//1446 1467//1467 1468//1468
f 1446//1446 1445//1445 1467//1467
f 1434//1434 1445//1445 1446//1446
f 1434//1434 1433//1433 1445//1445
f 1434//1434 1409//1409 1433//1433
f 1410//1410 1409//1409 1434//1434
f 1395//1395 1409//1409 1410//1410
f 1395//1395 1394//1394 1409//1409
f 1395//1395 1378//1378 1394//1394
f 1379//1379 1378//1378 1395//1395
f 1379//1379 1358//1358 1378//1378
f 1359//1359 1358//1358 1379//1379
f 1351//1351 1358//1358 1359//1359
f 1351//1351 1350//1350 1358//1358
f 1345//1345 1350//1350 1351//1351
f 1345//1345 1344//1344 1350//1350
f 1343//1343 1344//1344 1345//1345
f 1343//1343 1342//1342 1344//1344
f 1349//1349 1342//1342 1343//1343
f 1349//1349 1348//1348 1342//1342
f 1355//1355 1348//1348 1349//1349
f 1355//1355 1354//1354 1348//1348
f 1375//1375 1374//1374 1354//1354
f 1375//1375 1390//1390 1374//1374
f 1375//1375 1354//1354 1355//1355
f 1391//1391 1390//1390 1375//1375
f 1408//1408 1407//1407 1390//1390
f 1408//1408 1390//1390 1391//1391
f 1430//1430 1429//1429 1407//1407
f 1430//1430 1407//1407 1408//1408
f 1443//1443 1442//1442 1429//1429
f 1443//1443 1465//1465 1442//1442
f 1443//1443 1429//1429 1430//1430
f 1466//1466 1465//1465 1443//1443
f 1484//1484 1483//1483 1465//1465
f 1484//1484 1465//1465 1466//1466
f 1501//1501 1500//1500 1483//1483
f 1501//1501 1483//1483 1484//1484
f 1528//1528 1527//1527 1500//1500
f 1528//1528 1561//1561 1527//1527
f 1528//1528 1500//1500 1501//1501
f 1562//1562 1561//1561 1528//1528
f 1599//1599 1598//1598 1561//1561
f 1599//1599 1561//1561 1562//1562
f 1629//1629 1628//1628 1598//1598
f 1629//1629 1598//1598 1599//1599
f 4316//4316 4296//4296 4315//4315
f 4297//4297 4296//4296 4316//4316
f 4286//4286 4285//4285 4296//4296
f 4286//4286 4250//4250 4285//4285
f 4286//4286 4296//4296 4297//4297
f 4251//4251 4250//4250 4286//4286
f 4199//4199 4198//4198 4250//4250
f 4199//4199 4250//4250 4251//4251
f 4158//4158 4157//4157 4198//4198
f 4158//4158 4124//4124 4157//4157
f 4158//4158 4198//4198 4199//4199
f 4125//4125 4124//4124 4158//4158
f 4093//4093 4092//4092 4124//4124
f 4093//4093 4124//4124 4125//4125
f 4075//4075 4074//4074 4092//4092
f 4075//4075 4059//4059 4074//4074
f 4075//4075 4092//4092 4093//4093
f 4060//4060 4059//4059 4075//4075
f 4029//4029 4059//4059 4060//4060
f 4029//4029 4028//4028 4059//4059
f 4029//4029 4012//4012 4028//4028
f 4013//4013 4012//4012 4029//4029
f 4013//4013 3973//3973 4012//4012
f 3974//3974 3973//3973 4013//4013
f 3965//3965 3973//3973 3974//3974
f 3965//3965 3964//3964 3973//3973
f 3965//3965 3952//3952 3964//3964
f 3953//3953 3952//3952 3965//3965
f 3949//3949 3952//3952 3953//3953
f 3949//3949 3948//3948 3952//3952
f 3942//3942 3948//3948 3949//3949
f 3942//3942 3941//3941 3948//3948
f 3938//3938 3941//3941 3942//3942
f 3938//3938 3937//3937 3941//3941
f 3938//3938 3935//3935 3937//3937
f 3936//3936 3935//3935 3938//3938
f 3940//3940 3935//3935 3936//3936
f 3940//3940 3939//3939 3935//3935
f 3947//3947 3939//3939 3940//3940
f 3947//3947 3946//3946 3939//3939
f 3951//3951 3950//3950 3946//3946
f 3951//3951 3946//3946 3947//3947
f 3961//3961 3950//3950 3951//3951
f 3961//3961 3960//3960 3950//3950
f 3972//3972 3971//3971 3960//3960
f 3972//3972 4009//4009 3971//3971
f 3972//3972 3960//3960 3961//3961
f 4010//4010 4009//4009 3972//3972
f 4027//4027 4026//4026 4009//4009
f 4027//4027 4056//4056 4026//4026
f 4027//4027 4009//4009 4010//4010
f 4057//4057 4056//4056 4027//4027
f 4073//4073 4072//4072 4056//4056
f 4073//4073 4056//4056 4057//4057
f 4089//4089 4088//4088 4072//4072
f 4089//4089 4072//4072 4073//4073
f 4121//4121 4120//4120 4088//4088
f 4121//4121 4088//4088 4089//4089
f 4152//4152 4151//4151 4120//4120
f 4152//4152 4194//4194 4151//4151
f 4152//4152 4120//4120 4121//4121
f 4195//4195 4194//4194 4152//4152
f 4247//4247 4246//4246 4194//4194
f 4247//4247 4194//4194 4195//4195
f 3342//3342 3387//3387 3388//3388
f 3342//3342 3341//3341 3387//3387
f 3290//3290 3289//3289 3341//3341
f 3290//3290 3341//3341 3342//3342
f 3247//3247 3246//3246 3289//3289
f 3247//3247 3289//3289 3290//3290
f 3216//3216 3215//3215 3246//3246
f 3216//3216 3246//3246 3247//3247
f 3164//3164 3163//3163 3215//3215
f 3164//3164 3215//3215 3216//3216
f 3135//3135 3134//3134 3163//3163
f 3135//3135 3163//3163 3164//3164
f 3066//3066 3065//3065 3134//3134
f 3066//3066 3134//3134 3135//3135
f 3038//3038 3037//3037 3065//3065
f 3038//3038 3065//3065 3066//3066
f 2964//2964 3037//3037 3038//3038
f 2964//2964 2963//2963 3037//3037
f 2931//2931 2963//2963 2964//2964
f 2931//2931 2930//2930 2963//2963
f 2900//2900 2930//2930 2931//2931
f 2900//2900 2899//2899 2930//2930
f 2900//2900 2866//2866 2899//2899
f 2867//2867 2866//2866 2900//2900
f 2856//2856 2866//2866 2867//2867
f 2856//2856 2855//2855 2866//2866
f 2856//2856 2844//2844 2855//2855
f 2845//2845 2844//2844 2856//2856
f 2824//2824 2844//2844 2845//2845
f 2824//2824 2823//2823 2844//2844
f 2824//2824 2812//2812 2823//2823
f 2813//2813 2812//2812 2824//2824
f 2805//2805 2812//2812 2813//2813
f 2805//2805 2804//2804 2812//2812
f 2803//2803 2804//2804 2805//2805
f 2803//2803 2802//2802 2804//2804
f 2810//2810 2802//2802 2803//2803
f 2810//2810 2809//2809 2802//2802
f 2822//2822 2809//2809 2810//2810
f 2822//2822 2821//2821 2809//2809
f 2843//2843 2842//2842 2821//2821
f 2843//2843 2853//2853 2842//2842
f 2843//2843 2821//2821 2822//2822
f 2854//2854 2853//2853 2843//2843
f 2865//2865 2864//2864 2853//2853
f 2865//2865 2853//2853 2854//2854
f 2896//2896 2895//2895 2864//2864
f 2896//2896 2927//2927 2895//2895
f 2896//2896 2864//2864 2865//2865
f 2928//2928 2960//2960 2927//2927
f 2928//2928 2927//2927 2896//2896
f 2961//2961 2960//2960 2928//2928
f 3034//3034 3033//3033 2960//2960
f 3034//3034 2960//2960 2961//2961
f 3062//3062 3061//3061 3033//3033
f 3062//3062 3033//3033 3034//3034
f 3129//3129 3128//3128 3061//3061
f 3129//3129 3155//3155 3128//3128
f 3129//3129 3061//3061 3062//3062
f 3156//3156 3155//3155 3129//3129
f 3210//3210 3209//3209 3155//3155
f 3210//3210 3155//3155 3156//3156
f 3236//3236 3235//3235 3209//3209
f 3236//3236 3209//3209 3210//3210
f 2238//2238 2287//2287 2288//2288
f 2238//2238 2237//2237 2287//2287
f 2194//2194 2193//2193 2237//2237
f 2194//2194 2237//2237 2238//2238
f 2155//2155 2154//2154 2193//2193
f 2155//2155 2193//2193 2194//2194
f 2106//2106 2105//2105 2154//2154
f 2106//2106 2154//2154 2155//2155
f 2057//2057 2056//2056 2105//2105
f 2057//2057 2105//2105 2106//2106
f 2000//2000 1999//1999 2056//2056
f 2000//2000 2056//2056 2057//2057
f 1954//1954 1953//1953 1999//1999
f 1954//1954 1999//1999 2000//2000
f 1895//1895 1894//1894 1953//1953
f 1895//1895 1953//1953 1954//1954
f 1834//1834 1894//1894 1895//1895
f 1834//1834 1833//1833 1894//1894
f 1765//1765 1833//1833 1834//1834
f 1765//1765 1764//1764 1833//1833
f 1765//1765 1708//1708 1764//1764
f 1709//1709 1708//1708 1765//1765
f 1664//1664 1708//1708 1709//1709
f 1664//1664 1663//1663 1708//1708
f 1651//1651 1663//1663 1664//1664
f 1651//1651 1650//1650 1663//1663
f 1643//1643 1650//1650 1651//1651
f 1643//1643 1642//1642 1650//1650
f 1639//1639 1642//1642 1643//1643
f 1639//1639 1638//1638 1642//1642
f 1633//1633 1638//1638 1639//1639
f 1633//1633 1632//1632 1638//1638
f 1626//1626 1632//1632 1633//1633
f 1626//1626 1625//1625 1632//1632
f 1624//1624 1625//1625 1626//1626
f 1624//1624 1623//1623 1625//1625
f 1624//1624 1630//1630 1623//1623
f 1631//1631 1630//1630 1624//1624
f 1637//1637 1630//1630 1631//1631
f 1637//1637 1636//1636 1630//1630
f 1637//1637 1640//1640 1636//1636
f 1641//1641 1640//1640 1637//1637
f 1649//1649 1648//1648 1640//1640
f 1649//1649 1640//1640 1641//1641
f 1661//1661 1660//1660 1648//1648
f 1661//1661 1648//1648 1649//1649
f 1701//1701 1700//1700 1660//1660
f 1701//1701 1660//1660 1661//1661
f 1747//1747 1746//1746 1700//1700
f 1747//1747 1700//1700 1701//1701
f 1827//1827 1826//1826 1746//1746
f 1827//1827 1878//1878 1826//1826
f 1827//1827 1746//1746 1747//1747
f 1879//1879 1947//1947 1878//1878
f 1879//1879 1878//1878 1827//1827
f 1948//1948 1947//1947 1879//1879
f 1998//1998 1997//1997 1947//1947
f 1998//1998 1947//1947 1948//1948
f 2043//2043 2042//2042 1997//1997
f 2043//2043 1997//1997 1998//1998
f 2094//2094 2093//2093 2042//2042
f 2094//2094 2147//2147 2093//2093
f 2094//2094 2042//2042 2043//2043
f 2148//2148 2147//2147 2094//2094
f 3899//3899 3925//3925 3926//3926
f 3899//3899 3898//3898 3925//3925
f 3844//3844 3843//3843 3898//3898
f 3844//3844 3898//3898 3899//3899
f 3748//3748 3747//3747 3843//3843
f 3748//3748 3843//3843 3844//3844
f 3681//3681 3680//3680 3747//3747
f 3681//3681 3747//3747 3748//3748
f 3593//3593 3592//3592 3680//3680
f 3593//3593 3680//3680 3681//3681
f 3541//3541 3540//3540 3592//3592
f 3541//3541 3592//3592 3593//3593
f 3490//3490 3489//3489 3540//3540
f 3490//3490 3540//3540 3541//3541
f 3449//3449 3448//3448 3489//3489
f 3449//3449 3489//3489 3490//3490
f 3400//3400 3448//3448 3449//3449
f 3400//3400 3399//3399 3448//3448
f 3370//3370 3399//3399 3400//3400
f 3370//3370 3369//3369 3399//3399
f 3338//3338 3369//3369 3370//3370
f 3338//3338 3337//3337 3369//3369
f 3303//3303 3337//3337 3338//3338
f 3303//3303 3302//3302 3337//3337
f 3284//3284 3302//3302 3303//3303
f 3284//3284 3283//3283 3302//3302
f 3268//3268 3283//3283 3284//3284
f 3268//3268 3267//3267 3283//3283
f 3255//3255 3267//3267 3268//3268
f 3255//3255 3254//3254 3267//3267
f 3244//3244 3254//3254 3255//3255
f 3244//3244 3243//3243 3254//3254
f 3234//3234 3243//3243 3244//3244
f 3234//3234 3233//3233 3243//3243
f 3232//3232 3233//3233 3234//3234
f 3232//3232 3231//3231 3233//3233
f 3242//3242 3231//3231 3232//3232
f 3242//3242 3241//3241 3231//3231
f 3253//3253 3241//3241 3242//3242
f 3253//3253 3252//3252 3241//3241
f 3263//3263 3262//3262 3252//3252
f 3263//3263 3252//3252 3253//3253
f 3282//3282 3262//3262 3263//3263
f 3282//3282 3281//3281 3262//3262
f 3298//3298 3297//3297 3281//3281
f 3298//3298 3281//3281 3282//3282
f 3330//3330 3329//3329 3297//3297
f 3330//3330 3297//3297 3298//3298
f 3363//3363 3362//3362 3329//3329
f 3363//3363 3329//3329 3330//3330
f 3395//3395 3394//3394 3362//3362
f 3395//3395 3362//3362 3363//3363
f 3442//3442 3441//3441 3394//3394
f 3442//3442 3478//3478 3441//3441
f 3442//3442 3394//3394 3395//3395
f 3479//3479 3478//3478 3442//3442
f 3536//3536 3535//3535 3478//3478
f 3536//3536 3478//3478 3479//3479
f 3584//3584 3583//3583 3535//3535
f 3584//3584 3535//3535 3536//3536
f 3659//3659 3658//3658 3583//3583
f 3659//3659 3739//3739 3658//3658
f 3659//3659 3583//3583 3584//3584
f 3740//3740 3739//3739 3659//3659
f 2957//2957 2956//2956 2993//2993
f 2957//2957 2993//2993 2988//2988
f 2940//2940 2939//2939 2956//2956
f 2940//2940 2956//2956 2957//2957
f 2916//2916 2915//2915 2939//2939
f 2916//2916 2939//2939 2940//2940
f 2882//2882 2881//2881 2915//2915
f 2882//2882 2915//2915 2916//2916
f 2860//2860 2859//2859 2881//2881
f 2860//2860 2881//2881 2882//2882
f 2849//2849 2859//2859 2860//2860
f 2849//2849 2848//2848 2859//2859
f 2835//2835 2848//2848 2849//2849
f 2835//2835 2834//2834 2848//2848
f 2820//2820 2834//2834 2835//2835
f 2820//2820 2819//2819 2834//2834
f 2800//2800 2819//2819 2820//2820
f 2800//2800 2799//2799 2819//2819
f 2793//2793 2799//2799 2800//2800
f 2793//2793 2794//2794 2799//2799
f 2787//2787 2794//2794 2793//2793
f 2787//2787 2786//2786 2794//2794
f 2780//2780 2786//2786 2787//2787
f 2780//2780 2779//2779 2786//2786
f 2773//2773 2779//2779 2780//2780
f 2773//2773 2774//2774 2779//2779
f 2772//2772 2774//2774 2773//2773
f 2772//2772 2775//2775 2771//2771
f 2772//2772 2771//2771 2774//2774
f 2776//2776 2775//2775 2772//2772
f 2778//2778 2777//2777 2775//2775
f 2778//2778 2775//2775 2776//2776
f 2785//2785 2777//2777 2778//2778
f 2785//2785 2784//2784 2777//2777
f 2789//2789 2788//2788 2784//2784
f 2789//2789 2784//2784 2785//2785
f 2796//2796 2788//2788 2789//2789
f 2796//2796 2795//2795 2788//2788
f 2798//2798 2797//2797 2795//2795
f 2798//2798 2795//2795 2796//2796
f 2818//2818 2817//2817 2797//2797
f 2818//2818 2797//2797 2798//2798
f 2832//2832 2831//2831 2817//2817
f 2832//2832 2817//2817 2818//2818
f 2847//2847 2846//2846 2831//2831
f 2847//2847 2831//2831 2832//2832
f 2858//2858 2857//2857 2846//2846
f 2858//2858 2846//2846 2847//2847
f 2871//2871 2888//2888 2870//2870
f 2871//2871 2870//2870 2857//2857
f 2871//2871 2857//2857 2858//2858
f 2889//2889 2888//2888 2871//2871
f 2911//2911 2932//2932 2910//2910
f 2911//2911 2910//2910 2888//2888
f 2911//2911 2888//2888 2889//2889
f 2933//2933 2932//2932 2911//2911
f 2569//2569 2568//2568 2532//2532
f 2569//2569 2532//2532 2537//2537
f 2584//2584 2583//2583 2568//2568
f 2584//2584 2568//2568 2569//2569
f 2608//2608 2607//2607 2583//2583
f 2608//2608 2583//2583 2584//2584
f 2642//2642 2641//2641 2607//2607
f 2642//2642 2607//2607 2608//2608
f 2664//2664 2663//2663 2641//2641
f 2664//2664 2641//2641 2642//2642
f 2675//2675 2663//2663 2664//2664
f 2675//2675 2674//2674 2663//2663
f 2689//2689 2674//2674 2675//2675
f 2689//2689 2688//2688 2674//2674
f 2704//2704 2688//2688 2689//2689
f 2704//2704 2703//2703 2688//2688
f 2724//2724 2703//2703 2704//2704
f 2724//2724 2723//2723 2703//2703
f 2730//2730 2723//2723 2724//2724
f 2730//2730 2729//2729 2723//2723
f 2737//2737 2729//2729 2730//2730
f 2737//2737 2736//2736 2729//2729
f 2744//2744 2736//2736 2737//2737
f 2744//2744 2743//2743 2736//2736
f 2750//2750 2743//2743 2744//2744
f 2750//2750 2749//2749 2743//2743
f 2752//2752 2749//2749 2750//2750
f 2752//2752 2751//2751 2749//2749
f 2748//2748 2747//2747 2751//2751
f 2748//2748 2751//2751 2752//2752
f 2746//2746 2745//2745 2747//2747
f 2746//2746 2747//2747 2748//2748
f 2739//2739 2745//2745 2746//2746
f 2739//2739 2738//2738 2745//2745
f 2735//2735 2734//2734 2738//2738
f 2735//2735 2738//2738 2739//2739
f 2728//2728 2734//2734 2735//2735
f 2728//2728 2727//2727 2734//2734
f 2726//2726 2725//2725 2727//2727
f 2726//2726 2727//2727 2728//2728
f 2706//2706 2705//2705 2725//2725
f 2706//2706 2725//2725 2726//2726
f 2693//2693 2692//2692 2705//2705
f 2693//2693 2705//2705 2706//2706
f 2677//2677 2676//2676 2692//2692
f 2677//2677 2692//2692 2693//2693
f 2666//2666 2665//2665 2676//2676
f 2666//2666 2676//2676 2677//2677
f 2653//2653 2652//2652 2665//2665
f 2653//2653 2665//2665 2666//2666
f 2635//2635 2612//2612 2634//2634
f 2635//2635 2634//2634 2652//2652
f 2635//2635 2652//2652 2653//2653
f 2613//2613 2612//2612 2635//2635
f 2591//2591 2590//2590 2612//2612
f 2591//2591 2612//2612 2613//2613
f 3715//3715 3652//3652 3790//3790
f 3591//3591 3790//3790 3652//3652
f 3785//3785 3790//3790 3967//3967
f 3785//3785 3715//3715 3790//3790
f 3543//3543 3485//3485 3790//3790
f 3543//3543 3790//3790 3591//3591
f 3842//3842 3785//3785 3967//3967
f 3484//3484 3485//3485 3543//3543
f 3888//3888 3842//3842 3967//3967
f 3434//3434 3485//3485 3484//3484
f 3902//3902 3967//3967 4096//4096
f 3902//3902 3888//3888 3967//3967
f 3380//3380 3485//3485 3434//3434
f 3912//3912 3902//3902 4096//4096
f 3336//3336 3270//3270 3485//3485
f 3336//3336 3485//3485 3380//3380
f 3916//3916 3912//3912 4096//4096
f 3286//3286 3270//3270 3336//3336
f 3236//3236 3270//3270 3286//3286
f 3922//3922 4096//4096 4242//4242
f 3922//3922 3916//3916 4096//4096
f 3930//3930 3922//3922 4242//4242
f 3210//3210 3059//3059 3270//3270
f 3210//3210 3270//3270 3236//3236
f 3932//3932 3930//3930 4242//4242
f 3156//3156 3059//3059 3210//3210
f 3924//3924 4242//4242 4317//4317
f 3924//3924 3932//3932 4242//4242
f 3129//3129 3059//3059 3156//3156
f 3918//3918 3924//3924 4317//4317
f 3062//3062 3059//3059 3129//3129
f 3062//3062 2825//2825 3059//3059
f 3914//3914 4317//4317 4360//4360
f 3914//3914 3918//3918 4317//4317
f 3034//3034 2825//2825 3062//3062
f 2961//2961 2825//2825 3034//3034
f 4372//4372 4513//4513 4379//4379
f 4372//4372 4438//4438 4513//4513
f 4386//4386 4379//4379 4513//4513
f 4353//4353 4438//4438 4372//4372
f 4401//4401 4386//4386 4513//4513
f 4410//4410 4401//4401 4513//4513
f 4410//4410 4513//4513 4546//4546
f 4347//4347 4438//4438 4353//4353
f 2928//2928 2825//2825 2961//2961
f 4431//4431 4410//4410 4546//4546
f 4338//4338 4438//4438 4347//4347
f 4338//4338 4393//4393 4438//4438
f 4443//4443 4431//4431 4546//4546
f 4314//4314 4393//4393 4338//4338
f 4458//4458 4546//4546 4552//4552
f 4458//4458 4443//4443 4546//4546
f 4294//4294 4360//4360 4393//4393
f 4294//4294 4393//4393 4314//4314
f 4472//4472 4458//4458 4552//4552
f 4284//4284 4360//4360 4294//4294
f 4247//4247 3904//3904 3914//3914
f 4247//4247 4360//4360 4284//4284
f 4247//4247 3914//3914 4360//4360
f 4488//4488 4472//4472 4552//4552
f 4195//4195 3904//3904 4247//4247
f 4195//4195 3892//3892 3904//3904
f 4496//4496 4488//4488 4552//4552
f 4152//4152 3851//3851 3892//3892
f 4152//4152 3892//3892 4195//4195
f 4498//4498 4552//4552 4557//4557
f 4498//4498 4496//4496 4552//4552
f 4121//4121 3801//3801 3851//3851
f 4121//4121 3851//3851 4152//4152
f 4490//4490 4498//4498 4557//4557
f 2675//2675 2928//2928 2896//2896
f 2664//2664 2928//2928 2675//2675
f 2664//2664 2825//2825 2928//2928
f 2664//2664 2672//2672 2825//2825
f 2689//2689 2675//2675 2896//2896
f 2689//2689 2896//2896 2865//2865
f 2642//2642 2672//2672 2664//2664
f 2704//2704 2689//2689 2865//2865
f 2724//2724 2704//2704 2865//2865
f 2724//2724 2865//2865 2854//2854
f 2730//2730 2724//2724 2854//2854
f 2608//2608 2672//2672 2642//2642
f 4089//4089 3801//3801 4121//4121
f 4089//4089 3721//3721 3801//3801
f 4474//4474 4490//4490 4557//4557
f 2730//2730 2854//2854 2843//2843
f 2584//2584 2672//2672 2608//2608
f 2737//2737 2730//2730 2843//2843
f 2569//2569 2672//2672 2584//2584
f 2569//2569 2411//2411 2672//2672
f 2744//2744 2843//2843 2822//2822
f 2744//2744 2737//2737 2843//2843
f 2537//2537 2411//2411 2569//2569
f 2750//2750 2744//2744 2822//2822
f 4073//4073 3721//3721 4089//4089
f 4073//4073 3668//3668 3721//3721
f 4460//4460 4474//4474 4557//4557
f 2477//2477 2411//2411 2537//2537
f 2750//2750 2822//2822 2810//2810
f 4560//4560 4460//4460 4557//4557
f 2468//2468 2230//2230 2411//2411
f 2468//2468 2411//2411 2477//2477
f 2752//2752 2750//2750 2810//2810
f 2443//2443 2230//2230 2468//2468
f 2748//2748 2810//2810 2803//2803
f 2748//2748 2752//2752 2810//2810
f 4057//4057 3668//3668 4073//4073
f 4445//4445 4460//4460 4560//4560
f 2404//2404 2230//2230 2443//2443
f 2746//2746 2748//2748 2803//2803
f 2386//2386 2230//2230 2404//2404
f 2739//2739 2803//2803 2805//2805
f 2739//2739 2746//2746 2803//2803
f 4433//4433 4445//4445 4560//4560
f 2369//2369 2230//2230 2386//2386
f 2735//2735 2739//2739 2805//2805
f 2369//2369 2020//2020 2230//2230
f 2728//2728 2805//2805 2813//2813
f 2728//2728 2735//2735 2805//2805
f 4412//4412 4433//4433 4560//4560
f 2726//2726 2728//2728 2813//2813
f 2706//2706 2813//2813 2824//2824
f 2706//2706 2726//2726 2813//2813
f 2693//2693 2706//2706 2824//2824
f 4404//4404 4412//4412 4560//4560
f 2677//2677 2693//2693 2824//2824
f 2677//2677 2824//2824 2845//2845
f 4554//4554 4404//4404 4560//4560
f 2666//2666 2677//2677 2845//2845
f 4390//4390 4404//4404 4554//4554
f 2653//2653 2845//2845 2856//2856
f 2653//2653 2666//2666 2845//2845
f 3344//3344 3342//3342 3388//3388
f 3344//3344 3388//3388 3446//3446
f 3413//3413 3344//3344 3446//3446
f 3413//3413 3498//3498 3546//3546
f 3413//3413 3446//3446 3498//3498
f 3259//3259 3290//3290 3342//3342
f 3259//3259 3247//3247 3290//3290
f 3259//3259 3342//3342 3344//3344
f 3509//3509 3413//3413 3546//3546
f 3509//3509 3546//3546 3597//3597
f 3185//3185 3216//3216 3247//3247
f 3185//3185 3164//3164 3216//3216
f 3185//3185 3247//3247 3259//3259
f 4381//4381 4390//4390 4554//4554
f 3578//3578 4057//4057 4027//4027
f 3578//3578 3668//3668 4057//4057
f 3578//3578 3597//3597 3668//3668
f 3578//3578 3509//3509 3597//3597
f 3103//3103 3164//3164 3185//3185
f 3103//3103 3135//3135 3164//3164
f 3103//3103 3066//3066 3135//3135
f 3669//3669 4010//4010 3972//3972
f 3669//3669 4027//4027 4010//4010
f 3669//3669 3578//3578 4027//4027
f 2962//2962 3066//3066 3103//3103
f 2962//2962 3038//3038 3066//3066
f 2962//2962 2964//2964 3038//3038
f 4374//4374 4381//4381 4554//4554
f 2092//2092 2362//2362 2352//2352
f 2136//2136 2340//2340 2333//2333
f 2136//2136 2352//2352 2340//2340
f 2136//2136 2092//2092 2352//2352
f 2051//2051 2369//2369 2362//2362
f 2051//2051 2362//2362 2092//2092
f 2051//2051 2020//2020 2369//2369
f 3746//3746 3961//3961 3951//3951
f 3746//3746 3972//3972 3961//3961
f 3746//3746 3669//3669 3972//3972
f 2863//2863 2931//2931 2964//2964
f 2863//2863 2900//2900 2931//2931
f 2863//2863 2964//2964 2962//2962
f 2164//2164 2327//2327 2319//2319
f 2164//2164 2333//2333 2327//2327
f 2164//2164 2136//2136 2333//2333
f 2002//2002 2020//2020 2051//2051
f 2192//2192 2319//2319 2316//2316
f 2192//2192 2164//2164 2319//2319
f 1952//1952 2020//2020 2002//2002
f 2220//2220 2321//2321 2329//2329
f 2220//2220 2316//2316 2321//2321
f 2220//2220 2192//2192 2316//2316
f 1866//1866 1716//1716 2020//2020
f 1866//1866 2020//2020 1952//1952
f 4548//4548 4374//4374 4554//4554
f 4548//4548 4357//4357 4374//4374
f 3821//3821 3947//3947 3940//3940
f 3821//3821 3951//3951 3947//3947
f 3821//3821 3746//3746 3951//3951
f 2783//2783 2900//2900 2863//2863
f 2783//2783 2867//2867 2900//2900
f 2783//2783 2856//2856 2867//2867
f 2240//2240 2335//2335 2343//2343
f 2240//2240 2329//2329 2335//2335
f 2240//2240 2220//2220 2329//2329
f 1801//1801 1716//1716 1866//1866
f 4349//4349 4357//4357 4548//4548
f 2256//2256 2355//2355 2364//2364
f 2256//2256 2343//2343 2355//2355
f 2256//2256 2240//2240 2343//2343
f 1707//1707 1716//1716 1801//1801
f 2269//2269 2364//2364 2371//2371
f 2269//2269 2256//2256 2364//2364
f 1654//1654 1567//1567 1716//1716
f 1654//1654 1716//1716 1707//1707
f 3874//3874 3821//3821 3940//3940
f 3874//3874 3936//3936 3938//3938
f 3874//3874 3940//3940 3936//3936
f 2731//2731 2856//2856 2783//2783
f 2731//2731 2653//2653 2856//2856
f 2731//2731 2635//2635 2653//2653
f 2280//2280 2391//2391 2413//2413
f 2280//2280 2371//2371 2391//2391
f 2280//2280 2269//2269 2371//2371
f 1629//1629 1567//1567 1654//1654
f 2290//2290 2413//2413 2470//2470
f 2290//2290 2280//2280 2413//2413
f 1599//1599 1567//1567 1629//1629
f 3893//3893 3874//3874 3938//3938
f 3893//3893 3942//3942 3949//3949
f 3893//3893 3938//3938 3942//3942
f 2649//2649 2613//2613 2635//2635
f 2649//2649 2591//2591 2613//2613
f 2649//2649 2635//2635 2731//2731
f 2649//2649 2562//2562 2591//2591
f 2292//2292 2470//2470 2480//2480
f 2292//2292 2290//2290 2470//2470
f 2292//2292 2480//2480 2498//2498
f 1562//1562 1567//1567 1599//1599
f 2551//2551 2562//2562 2649//2649
f 2551//2551 2498//2498 2562//2562
f 3897//3897 3953//3953 3965//3965
f 3897//3897 3949//3949 3953//3953
f 3897//3897 3893//3893 3949//3949
f 1461//1461 1567//1567 1562//1562
f 4521//4521 4340//4340 4349//4349
f 4521//4521 4316//4316 4340//4340
f 4521//4521 4349//4349 4548//4548
f 2282//2282 2498//2498 2551//2551
f 2282//2282 2292//2292 2498//2498
f 1528//1528 1461//1461 1562//1562
f 1501//1501 1461//1461 1528//1528
f 2405//2405 2282//2282 2551//2551
f 2405//2405 2271//2271 2282//2282
f 3900//3900 3897//3897 3965//3965
f 3900//3900 3974//3974 4013//4013
f 3900//3900 3965//3965 3974//3974
f 2261//2261 2271//2271 2405//2405
f 1484//1484 1461//1461 1501//1501
f 1466//1466 1461//1461 1484//1484
f 2330//2330 2261//2261 2405//2405
f 2330//2330 2242//2242 2261//2261
f 3894//3894 3900//3900 4013//4013
f 3894//3894 4029//4029 4060//4060
f 3894//3894 4013//4013 4029//4029
f 2225//2225 2242//2242 2330//2330
f 1323//1323 1461//1461 1466//1466
f 1323//1323 1466//1466 1443//1443
f 1430//1430 1323//1323 1443//1443
f 2251//2251 2225//2225 2330//2330
f 2251//2251 2200//2200 2225//2225
f 3882//3882 3894//3894 4060//4060
f 3882//3882 4075//4075 4093//4093
f 3882//3882 4060//4060 4075//4075
f 1408//1408 1323//1323 1430//1430
f 2170//2170 2200//2200 2251//2251
f 1391//1391 1323//1323 1408//1408
f 2178//2178 2141//2141 2170//2170
f 2178//2178 2170//2170 2251//2251
f 3831//3831 3882//3882 4093//4093
f 3831//3831 4093//4093 4125//4125
f 2098//2098 2141//2141 2178//2178
f 1259//1259 1323//1323 1391//1391
f 1259//1259 1375//1375 1355//1355
f 1259//1259 1391//1391 1375//1375
f 2111//2111 2061//2061 2098//2098
f 2111//2111 2098//2098 2178//2178
f 1349//1349 1259//1259 1355//1355
f 2007//2007 2061//2061 2111//2111
f 2025//2025 1961//1961 2007//2007
f 2025//2025 2007//2007 2111//2111
f 1888//1888 1961//1961 2025//2025
f 4079//4079 4251//4251 4286//4286
f 4062//4062 4251//4251 4079//4079
f 4062//4062 4199//4199 4251//4251
f 4103//4103 4079//4079 4286//4286
f 4103//4103 4286//4286 4297//4297
f 4031//4031 4199//4199 4062//4062
f 4031//4031 4158//4158 4199//4199
f 4127//4127 4103//4103 4297//4297
f 4127//4127 4297//4297 4316//4316
f 4143//4143 4127//4127 4316//4316
f 4143//4143 4521//4521 4448//4448
f 4143//4143 4316//4316 4521//4521
f 3990//3990 3831//3831 4125//4125
f 3990//3990 4158//4158 4031//4031
f 3990//3990 4125//4125 4158//4158
f 4174//4174 4143//4143 4448//4448
f 3957//3957 3831//3831 3990//3990
f 3957//3957 3753//3753 3831//3831
f 3920//3920 3688//3688 3753//3753
f 3920//3920 3753//3753 3957//3957
f 4189//4189 4448//4448 4395//4395
f 4189//4189 4174//4174 4448//4448
f 3896//3896 3688//3688 3920//3920
f 4205//4205 4189//4189 4395//4395
f 1958//1958 1809//1809 1888//1888
f 1958//1958 1888//1888 2025//2025
f 1958//1958 1714//1714 1809//1809
f 1218//1218 1259//1259 1349//1349
f 1218//1218 1345//1345 1351//1351
f 1218//1218 1343//1343 1345//1345
f 1218//1218 1349//1349 1343//1343
f 4225//4225 4205//4205 4395//4395
f 3837//3837 3586//3586 3688//3688
f 3837//3837 3688//3688 3896//3896
f 4233//4233 4225//4225 4395//4395
f 4233//4233 4395//4395 4364//4364
f 3740//3740 3586//3586 3837//3837
f 3659//3659 3586//3586 3740//3740
f 4239//4239 4233//4233 4364//4364
f 1859//1859 1657//1657 1714//1714
f 1859//1859 1635//1635 1657//1657
f 1859//1859 1714//1714 1958//1958
f 3516//3516 3586//3586 3659//3659
f 4241//4241 4239//4239 4364//4364
f 3584//3584 3516//3516 3659//3659
f 4235//4235 4241//4241 4364//4364
f 3536//3536 3516//3516 3584//3584
f 1796//1796 1635//1635 1859//1859
f 1796//1796 1601//1601 1635//1635
f 3427//3427 3516//3516 3536//3536
f 1187//1187 1218//1218 1351//1351
f 1187//1187 1379//1379 1395//1395
f 1187//1187 1359//1359 1379//1379
f 1187//1187 1351//1351 1359//1359
f 4322//4322 4235//4235 4364//4364
f 4229//4229 4235//4235 4322//4322
f 3479//3479 3427//3427 3536//3536
f 4209//4209 4229//4229 4322//4322
f 3442//3442 3427//3427 3479//3479
f 1719//1719 1570//1570 1601//1601
f 1719//1719 1601//1601 1796//1796
f 3353//3353 3427//3427 3442//3442
f 4193//4193 4209//4209 4322//4322
f 3395//3395 3353//3353 3442//3442
f 3363//3363 3353//3353 3395//3395
f 3272//3272 3353//3353 3363//3363
f 3330//3330 3272//3272 3363//3363
f 1133//1133 1187//1187 1395//1395
f 1133//1133 1410//1410 1434//1434
f 1133//1133 1395//1395 1410//1410
f 4259//4259 4176//4176 4193//4193
f 4259//4259 4147//4147 4176//4176
f 4259//4259 4193//4193 4322//4322
f 4131//4131 4147//4147 4259//4259
f 3298//3298 3272//3272 3330//3330
f 3193//3193 3272//3272 3298//3298
f 4105//4105 4131//4131 4259//4259
f 3282//3282 3193//3193 3298//3298
f 3263//3263 3193//3193 3282//3282
f 3118//3118 3193//3193 3263//3263
f 3253//3253 3118//3118 3263//3263
f 1505//1505 1669//1669 1658//1658
f 1505//1505 1492//1492 1669//1669
f 1477//1477 1719//1719 1669//1669
f 1477//1477 1669//1669 1492//1492
f 1534//1534 1505//1505 1658//1658
f 1448//1448 1719//1719 1477//1477
f 1448//1448 1570//1570 1719//1719
f 3242//3242 3118//3118 3253//3253
f 1548//1548 1658//1658 1652//1652
f 1548//1548 1534//1534 1658//1658
f 1421//1421 1532//1532 1570//1570
f 1421//1421 1570//1570 1448//1448
f 1060//1060 1133//1133 1434//1434
f 4108//4108 4084//4084 4105//4105
f 4108//4108 4064//4064 4084//4084
f 4108//4108 4036//4036 4064//4064
f 4108//4108 4105//4105 4259//4259
f 2972//2972 3118//3118 3242//3242
f 1585//1585 1548//1548 1652//1652
f 1385//1385 1532//1532 1421//1421
f 1385//1385 1503//1503 1532//1532
f 1593//1593 1585//1585 1652//1652
f 1593//1593 1652//1652 1655//1655
f 1333//1333 1488//1488 1503//1503
f 1333//1333 1503//1503 1385//1385
f 3998//3998 4036//4036 4108//4108
f 1604//1604 1593//1593 1655//1655
f 1298//1298 1488//1488 1333//1333
f 1298//1298 1468//1468 1488//1488
f 1608//1608 1604//1604 1655//1655
f 1608//1608 1655//1655 1659//1659
f 1287//1287 1468//1468 1298//1298
f 1287//1287 1446//1446 1468//1468
f 1614//1614 1608//1608 1659//1659
f 1267//1267 1060//1060 1434//1434
f 1267//1267 1446//1446 1287//1287
f 1267//1267 1434//1434 1446//1446
f 1244//1244 1060//1060 1267//1267
f 1618//1618 1614//1614 1659//1659
f 1618//1618 1659//1659 1677//1677
f 1235//1235 1060//1060 1244//1244
f 1620//1620 1618//1618 1677//1677
f 1033//1033 1060//1060 1235//1235
f 3991//3991 3998//3998 4108//4108
f 3991//3991 3959//3959 3998//3998
f 3991//3991 3926//3926 3959//3959
f 3991//3991 3899//3899 3926//3926
f 1227//1227 1033//1033 1235//1235
f 1616//1616 1620//1620 1677//1677
f 1616//1616 1677//1677 1729//1729
f 3110//3110 3234//3234 3244//3244
f 3110//3110 3244//3244 3133//3133
f 3151//3151 3244//3244 3255//3255
f 3151//3151 3133//3133 3244//3244
f 3054//3054 3232//3232 3234//3234
f 3054//3054 3234//3234 3110//3110
f 3160//3160 3151//3151 3255//3255
f 3160//3160 3255//3255 3268//3268
f 3169//3169 3160//3160 3268//3268
f 3044//3044 3232//3232 3054//3054
f 1210//1210 1033//1033 1227//1227
f 1610//1610 1616//1616 1729//1729
f 3182//3182 3268//3268 3284//3284
f 3182//3182 3169//3169 3268//3268
f 2987//2987 3242//3242 3232//3232
f 2987//2987 3232//3232 3044//3044
f 2987//2987 2972//2972 3242//3242
f 3189//3189 3182//3182 3284//3284
f 2987//2987 2874//2874 2972//2972
f 2954//2954 2874//2874 2987//2987
f 3195//3195 3284//3284 3303//3303
f 3195//3195 3189//3189 3284//3284
f 3203//3203 3195//3195 3303//3303
f 2933//2933 2874//2874 2954//2954
f 1606//1606 1610//1610 1729//1729
f 1606//1606 1729//1729 1803//1803
f 2911//2911 2874//2874 2933//2933
f 3206//3206 3303//3303 3338//3338
f 3206//3206 3203//3203 3303//3303
f 2889//2889 2874//2874 2911//2911
f 2889//2889 2792//2792 2874//2874
f 2871//2871 2792//2792 2889//2889
f 3205//3205 3338//3338 3370//3370
f 3205//3205 3206//3206 3338//3338
f 1597//1597 1606//1606 1803//1803
f 2560//2560 2486//2486 2561//2561
f 2560//2560 2561//2561 2660//2660
f 2458//2458 2561//2561 2486//2486
f 2458//2458 2420//2420 2561//2561
f 3197//3197 3205//3205 3370//3370
f 2593//2593 2560//2560 2660//2660
f 2389//2389 2420//2420 2458//2458
f 1027//1027 1033//1033 1210//1210
f 1027//1027 1203//1203 1194//1194
f 1027//1027 1210//1210 1203//1203
f 3833//3833 3899//3899 3991//3991
f 3833//3833 3844//3844 3899//3899
f 3833//3833 3748//3748 3844//3844
f 3833//3833 3681//3681 3748//3748
f 2624//2624 2660//2660 2740//2740
f 2624//2624 2593//2593 2660//2660
f 2360//2360 2420//2420 2389//2389
f 2360//2360 2338//2338 2420//2420
f 3191//3191 3370//3370 3400//3400
f 3191//3191 3197//3197 3370//3370
f 1180//1180 1027//1027 1194//1194
f 1587//1587 1803//1803 1877//1877
f 1587//1587 1597//1597 1803//1803
f 2657//2657 2624//2624 2740//2740
f 2308//2308 2338//2338 2360//2360
f 3184//3184 3191//3191 3400//3400
f 2668//2668 2792//2792 2871//2871
f 2668//2668 2740//2740 2792//2792
f 2668//2668 2657//2657 2740//2740
f 2277//2277 2264//2264 2338//2338
f 2277//2277 2338//2338 2308//2308
f 3172//3172 3184//3184 3400//3400
f 3172//3172 3400//3400 3449//3449
f 2679//2679 2668//2668 2871//2871
f 2679//2679 2858//2858 2847//2847
f 2679//2679 2871//2871 2858//2858
f 2233//2233 2264//2264 2277//2277
f 3162//3162 3172//3172 3449//3449
f 3162//3162 3449//3449 3490//3490
f 1551//1551 1587//1587 1877//1877
f 3153//3153 3162//3162 3490//3490
f 2700//2700 2679//2679 2847//2847
f 2700//2700 2832//2832 2818//2818
f 2700//2700 2847//2847 2832//2832
f 2189//2189 2186//2186 2264//2264
f 2189//2189 2264//2264 2233//2233
f 1536//1536 1551//1551 1877//1877
f 1536//1536 1877//1877 1965//1965
f 2711//2711 2700//2700 2818//2818
f 2711//2711 2798//2798 2796//2796
f 2711//2711 2818//2818 2798//2798
f 2148//2148 2186//2186 2189//2189
f 2719//2719 2711//2711 2796//2796
f 2719//2719 2789//2789 2785//2785
f 2719//2719 2796//2796 2789//2789
f 2094//2094 2186//2186 2148//2148
f 2094//2094 2124//2124 2186//2186
f 1508//1508 1536//1536 1965//1965
f 1021//1021 1150//1150 1138//1138
f 1021//1021 1171//1171 1150//1150
f 1021//1021 1180//1180 1171//1171
f 1021//1021 1027//1027 1180//1180
f 3520//3520 3153//3153 3490//3490
f 3520//3520 3681//3681 3833//3833
f 3520//3520 3593//3593 3681//3681
f 3520//3520 3541//3541 3593//3593
f 3520//3520 3490//3490 3541//3541
f 2721//2721 2778//2778 2776//2776
f 2721//2721 2785//2785 2778//2778
f 2721//2721 2719//2719 2785//2785
f 2043//2043 2124//2124 2094//2094
f 1123//1123 1021//1021 1138//1138
f 2714//2714 2772//2772 2773//2773
f 2714//2714 2776//2776 2772//2772
f 2714//2714 2721//2721 2776//2776
f 1998//1998 2124//2124 2043//2043
f 1998//1998 2031//2031 2124//2124
f 2702//2702 2773//2773 2780//2780
f 2702//2702 2714//2714 2773//2773
f 1948//1948 2031//2031 1998//1998
f 1948//1948 1965//1965 2031//2031
f 2681//2681 2702//2702 2780//2780
f 2681//2681 2787//2787 2793//2793
f 2681//2681 2780//2780 2787//2787
f 1879//1879 1508//1508 1965//1965
f 1879//1879 1494//1494 1508//1508
f 1879//1879 1965//1965 1948//1948
f 1024//1024 1093//1093 1085//1085
f 1024//1024 1109//1109 1093//1093
f 1024//1024 1123//1123 1109//1109
f 1024//1024 1021//1021 1123//1123
f 3291//3291 3153//3153 3520//3520
f 3291//3291 3138//3138 3153//3153
f 3291//3291 3120//3120 3138//3138
f 3291//3291 3081//3081 3120//3120
f 3291//3291 3056//3056 3081//3081
f 2670//2670 2793//2793 2800//2800
f 2670//2670 2681//2681 2793//2793
f 1827//1827 1494//1494 1879//1879
f 1827//1827 1480//1480 1494//1494
f 2659//2659 2820//2820 2835//2835
f 2659//2659 2800//2800 2820//2820
f 2659//2659 2670//2670 2800//2800
f 1747//1747 1480//1480 1827//1827
f 1747//1747 1452//1452 1480//1480
f 2628//2628 2835//2835 2849//2849
f 2628//2628 2659//2659 2835//2835
f 1701//1701 1452//1452 1747//1747
f 1701//1701 1427//1427 1452//1452
f 3111//3111 2957//2957 2988//2988
f 3111//3111 3056//3056 3291//3291
f 3111//3111 3047//3047 3056//3056
f 3111//3111 2988//2988 3047//3047
f 1029//1029 1024//1024 1085//1085
f 1029//1029 1111//1111 1125//1125
f 1029//1029 1095//1095 1111//1111
f 1029//1029 1087//1087 1095//1095
f 1029//1029 1085//1085 1087//1087
f 2596//2596 2628//2628 2849//2849
f 2596//2596 2849//2849 2860//2860
f 1661//1661 1389//1389 1427//1427
f 1661//1661 1427//1427 1701//1701
f 1649//1649 1389//1389 1661//1661
f 1649//1649 1337//1337 1389//1389
f 1641//1641 1337//1337 1649//1649
f 2850//2850 2940//2940 2957//2957
f 2850//2850 2916//2916 2940//2940
f 2850//2850 2882//2882 2916//2916
f 2850//2850 2860//2860 2882//2882
f 2850//2850 2957//2957 3111//3111
f 1035//1035 1152//1152 1173//1173
f 1035//1035 1140//1140 1152//1152
f 1035//1035 1125//1125 1140//1140
f 1035//1035 1029//1029 1125//1125
f 2697//2697 2565//2565 2596//2596
f 2697//2697 2490//2490 2565//2565
f 2697//2697 2462//2462 2490//2490
f 2697//2697 2860//2860 2850//2850
f 2697//2697 2596//2596 2860//2860
f 1068//1068 1205//1205 1212//1212
f 1068//1068 1198//1198 1205//1205
f 1068//1068 1183//1183 1198//1198
f 1068//1068 1173//1173 1183//1183
f 1068//1068 1035//1035 1173//1173
f 2463//2463 2395//2395 2462//2462
f 2463//2463 2368//2368 2395//2395
f 2463//2463 2314//2314 2368//2368
f 2463//2463 2462//2462 2697//2697
f 1143//1143 1237//1237 1246//1246
f 1143//1143 1231//1231 1237//1237
f 1143//1143 1212//1212 1231//1231
f 1143//1143 1068//1068 1212//1212
f 2252//2252 2288//2288 2314//2314
f 2252//2252 2314//2314 2463//2463
f 2252//2252 2238//2238 2288//2288
f 2252//2252 2194//2194 2238//2238
f 1189//1189 1269//1269 1290//1290
f 1189//1189 1246//1246 1269//1269
f 1189//1189 1143//1143 1246//1246
f 2054//2054 2155//2155 2194//2194
f 2054//2054 2106//2106 2155//2155
f 2054//2054 2057//2057 2106//2106
f 2054//2054 2000//2000 2057//2057
f 2054//2054 2194//2194 2252//2252
f 1222//1222 1189//1189 1290//1290
f 1222//1222 1300//1300 1337//1337
f 1222//1222 1290//1290 1300//1300
f 1222//1222 1337//1337 1641//1641
f 1264//1264 1637//1637 1631//1631
f 1264//1264 1641//1641 1637//1637
f 1264//1264 1222//1222 1641//1641
f 1757//1757 1954//1954 2000//2000
f 1757//1757 1895//1895 1954//1954
f 1757//1757 1834//1834 1895//1895
f 1757//1757 1765//1765 1834//1834
f 1757//1757 2000//2000 2054//2054
f 1590//1590 1709//1709 1765//1765
f 1590//1590 1664//1664 1709//1709
f 1590//1590 1651//1651 1664//1664
f 1590//1590 1765//1765 1757//1757
f 1340//1340 1626//1626 1633//1633
f 1340//1340 1624//1624 1626//1626
f 1340//1340 1631//1631 1624//1624
f 1340//1340 1264//1264 1631//1631
f 1472//1472 1651//1651 1590//1590
f 1472//1472 1643//1643 1651//1651
f 1472//1472 1639//1639 1643//1643
f 1472//1472 1633//1633 1639//1639
f 1472//1472 1340//1340 1633//1633
f 2791//2791 2869//2869 2874//2874
f 2792//2792 2791//2791 2874//2874
f 2740//2740 2742//2742 2791//2791
f 2740//2740 2791//2791 2792//2792
f 2660//2660 2662//2662 2742//2742
f 2660//2660 2742//2742 2740//2740
f 2561//2561 2567//2567 2662//2662
f 2561//2561 2662//2662 2660//2660
f 2450//2450 2567//2567 2561//2561
f 2420//2420 2450//2450 2561//2561
f 2338//2338 2357//2357 2450//2450
f 2338//2338 2450//2450 2420//2420
f 2275//2275 2357//2357 2338//2338
f 2264//2264 2275//2275 2338//2338
f 2186//2186 2275//2275 2264//2264
f 2186//2186 2205//2205 2275//2275
f 2138//2138 2205//2205 2186//2186
f 2124//2124 2138//2138 2186//2186
f 2031//2031 2138//2138 2124//2124
f 2031//2031 2066//2066 2138//2138
f 1965//1965 2066//2066 2031//2031
f 1965//1965 1992//1992 2066//2066
f 1877//1877 1992//1992 1965//1965
f 1877//1877 1927//1927 1992//1992
f 1848//1848 1927//1927 1877//1877
f 1803//1803 1848//1848 1877//1877
f 1784//1784 1848//1848 1803//1803
f 1729//1729 1784//1784 1803//1803
f 1677//1677 1784//1784 1729//1729
f 1677//1677 1726//1726 1784//1784
f 1659//1659 1726//1726 1677//1677
f 1659//1659 1690//1690 1726//1726
f 1674//1674 1690//1690 1659//1659
f 1655//1655 1674//1674 1659//1659
f 1652//1652 1674//1674 1655//1655
f 1652//1652 1672//1672 1674//1674
f 1658//1658 1672//1672 1652//1652
f 1658//1658 1686//1686 1672//1672
f 1722//1722 1686//1686 1658//1658
f 1669//1669 1722//1722 1658//1658
f 1719//1719 1722//1722 1669//1669
f 1719//1719 1776//1776 1722//1722
f 1844//1844 1776//1776 1719//1719
f 1796//1796 1844//1844 1719//1719
f 1859//1859 1918//1918 1844//1844
f 1859//1859 1844//1844 1796//1796
f 1958//1958 1985//1985 1918//1918
f 1958//1958 1918//1918 1859//1859
f 2059//2059 1985//1985 1958//1958
f 2025//2025 2059//2059 1958//1958
f 2111//2111 2129//2129 2059//2059
f 2111//2111 2059//2059 2025//2025
f 2178//2178 2198//2198 2129//2129
f 2178//2178 2129//2129 2111//2111
f 2251//2251 2267//2267 2198//2198
f 2251//2251 2198//2198 2178//2178
f 2330//2330 2345//2345 2267//2267
f 2330//2330 2267//2267 2251//2251
f 2405//2405 2415//2415 2345//2345
f 2405//2405 2345//2345 2330//2330
f 2551//2551 2557//2557 2415//2415
f 2551//2551 2415//2415 2405//2405
f 2649//2649 2655//2655 2557//2557
f 2649//2649 2557//2557 2551//2551
f 2791//2791 2868//2868 2869//2869
f 2791//2791 2790//2790 2868//2868
f 2742//2742 2741//2741 2790//2790
f 2742//2742 2661//2661 2741//2741
f 2742//2742 2790//2790 2791//2791
f 2662//2662 2661//2661 2742//2742
f 2567//2567 2566//2566 2661//2661
f 2567//2567 2661//2661 2662//2662
f 2450//2450 2449//2449 2566//2566
f 2450//2450 2356//2356 2449//2449
f 2450//2450 2566//2566 2567//2567
f 2357//2357 2356//2356 2450//2450
f 2275//2275 2274//2274 2356//2356
f 2275//2275 2356//2356 2357//2357
f 2205//2205 2204//2204 2274//2274
f 2205//2205 2137//2137 2204//2204
f 2205//2205 2274//2274 2275//2275
f 2138//2138 2137//2137 2205//2205
f 2066//2066 2137//2137 2138//2138
f 2066//2066 2065//2065 2137//2137
f 2066//2066 1991//1991 2065//2065
f 1992//1992 1991//1991 2066//2066
f 1927//1927 1991//1991 1992//1992
f 1927//1927 1926//1926 1991//1991
f 1848//1848 1926//1926 1927//1927
f 1848//1848 1847//1847 1926//1926
f 1784//1784 1847//1847 1848//1848
f 1784//1784 1783//1783 1847//1847
f 1726//1726 1783//1783 1784//1784
f 1726//1726 1725//1725 1783//1783
f 1690//1690 1725//1725 1726//1726
f 1690//1690 1689//1689 1725//1725
f 1674//1674 1689//1689 1690//1690
f 1674//1674 1673//1673 1689//1689
f 1672//1672 1673//1673 1674//1674
f 1672//1672 1671//1671 1673//1673
f 1686//1686 1671//1671 1672//1672
f 1686//1686 1685//1685 1671//1671
f 1686//1686 1721//1721 1685//1685
f 1722//1722 1721//1721 1686//1686
f 1776//1776 1775//1775 1721//1721
f 1776//1776 1843//1843 1775//1775
f 1776//1776 1721//1721 1722//1722
f 1844//1844 1843//1843 1776//1776
f 1918//1918 1917//1917 1843//1843
f 1918//1918 1843//1843 1844//1844
f 1985//1985 1984//1984 1917//1917
f 1985//1985 1917//1917 1918//1918
f 2059//2059 2058//2058 1984//1984
f 2059//2059 2128//2128 2058//2058
f 2059//2059 1984//1984 1985//1985
f 2129//2129 2128//2128 2059//2059
f 2198//2198 2197//2197 2128//2128
f 2198//2198 2128//2128 2129//2129
f 2267//2267 2266//2266 2197//2197
f 2267//2267 2197//2197 2198//2198
f 2345//2345 2344//2344 2266//2266
f 2345//2345 2266//2266 2267//2267
f 2415//2415 2414//2414 2344//2344
f 2415//2415 2344//2344 2345//2345
f 2557//2557 2556//2556 2414//2414
f 2557//2557 2654//2654 2556//2556
f 2557//2557 2414//2414 2415//2415
f 2655//2655 2654//2654 2557//2557
f 1683//1683 1696//1696 1705//1705
f 1683//1683 1675//1675 1696//1696
f 1731//1731 1705//1705 1735//1735
f 1763//1763 1735//1735 1777//1777
f 1763//1763 1731//1731 1735//1735
f 1810//1810 1763//1763 1777//1777
f 1898//1898 1850//1850 1907//1907
f 1945//1945 1907//1907 1949//1949
f 1945//1945 1898//1898 1907//1907
f 1986//1986 1945//1945 1949//1949
f 1982//1982 1945//1945 1986//1986
f 1982//1982 1980//1980 1945//1945
f 2019//2019 1982//1982 1986//1986
f 2019//2019 1980//1980 1982//1982
f 2069//2069 2019//2019 2071//2071
f 2113//2113 2069//2069 2071//2071
f 2113//2113 2071//2071 2117//2117
f 2150//2150 2113//2113 2117//2117
f 2258//2258 2222//2222 2257//2257
f 2297//2297 2258//2258 2257//2257
f 2494//2494 2471//2471 2488//2488
f 2555//2555 2488//2488 2552//2552
f 2555//2555 2494//2494 2488//2488
f 2572//2572 2555//2555 2552//2552
f 2573//2573 2555//2555 2572//2572
f 2574//2574 2555//2555 2573//2573
f 2598//2598 2573//2573 2572//2572
f 2598//2598 2574//2574 2573//2573
f 2603//2603 2574//2574 2598//2598
f 2616//2616 2598//2598 2610//2610
f 2616//2616 2603//2603 2598//2598
f 2625//2625 2616//2616 2610//2610
f 2633//2633 2616//2616 2625//2625
f 2633//2633 2625//2625 2639//2639
f 2639//2639 2644//2644 2636//2636
f 2633//2633 2636//2636 2618//2618
f 2633//2633 2639//2639 2636//2636
f 2616//2616 2618//2618 2604//2604
f 2616//2616 2633//2633 2618//2618
f 2603//2603 2604//2604 2575//2575
f 2603//2603 2616//2616 2604//2604
f 2574//2574 2575//2575 2558//2558
f 2574//2574 2603//2603 2575//2575
f 2555//2555 2558//2558 2496//2496
f 2555//2555 2574//2574 2558//2558
f 2494//2494 2496//2496 2472//2472
f 2494//2494 2555//2555 2496//2496
f 2471//2471 2472//2472 2437//2437
f 2471//2471 2494//2494 2472//2472
f 2431//2431 2471//2471 2437//2437
f 2431//2431 2437//2437 2382//2382
f 2381//2381 2431//2431 2382//2382
f 2381//2381 2382//2382 2366//2366
f 2365//2365 2366//2366 2325//2325
f 2365//2365 2381//2381 2366//2366
f 2323//2323 2325//2325 2298//2298
f 2323//2323 2365//2365 2325//2325
f 2297//2297 2298//2298 2259//2259
f 2297//2297 2323//2323 2298//2298
f 2258//2258 2259//2259 2223//2223
f 2258//2258 2297//2297 2259//2259
f 2222//2222 2223//2223 2182//2182
f 2222//2222 2258//2258 2223//2223
f 2183//2183 2222//2222 2182//2182
f 2150//2150 2182//2182 2149//2149
f 2150//2150 2149//2149 2112//2112
f 2150//2150 2183//2183 2182//2182
f 2113//2113 2112//2112 2068//2068
f 2113//2113 2150//2150 2112//2112
f 2069//2069 2068//2068 2017//2017
f 2069//2069 2113//2113 2068//2068
f 2019//2019 2017//2017 1979//1979
f 2019//2019 2069//2069 2017//2017
f 1980//1980 2019//2019 1979//1979
f 1945//1945 1979//1979 1944//1944
f 1945//1945 1944//1944 1896//1896
f 1945//1945 1980//1980 1979//1979
f 1898//1898 1896//1896 1846//1846
f 1898//1898 1945//1945 1896//1896
f 1850//1850 1898//1898 1846//1846
f 1810//1810 1846//1846 1804//1804
f 1810//1810 1850//1850 1846//1846
f 1763//1763 1804//1804 1756//1756
f 1763//1763 1756//1756 1724//1724
f 1763//1763 1810//1810 1804//1804
f 1731//1731 1763//1763 1724//1724
f 1705//1705 1724//1724 1698//1698
f 1705//1705 1698//1698 1680//1680
f 1705//1705 1731//1731 1724//1724
f 1683//1683 1705//1705 1680//1680
f 1675//1675 1680//1680 1667//1667
f 1675//1675 1683//1683 1680//1680
f 1668//1668 1667//1667 1665//1665
f 1668//1668 1675//1675 1667//1667
f 1670//1670 1665//1665 1666//1666
f 1670//1670 1666//1666 1676//1676
f 1670//1670 1668//1668 1665//1665
f 1681//1681 1670//1670 1676//1676
f 2293//2293 2145//2145 2346//2346
f 2293//2293 2346//2346 2400//2400
f 2076//2076 1987//1987 2145//2145
f 2076//2076 2145//2145 2293//2293
f 2400//2400 2347//2347 2401//2401
f 2346//2346 2347//2347 2400//2400
f 2145//2145 2347//2347 2346//2346
f 2145//2145 2146//2146 2347//2347
f 1987//1987 2146//2146 2145//2145
f 1987//1987 1988//1988 2146//2146
f 1987//1987 2077//2077 1988//1988
f 2076//2076 2077//2077 1987//1987
f 2293//2293 2077//2077 2076//2076
f 2293//2293 2294//2294 2077//2077
f 2400//2400 2294//2294 2293//2293
f 2400//2400 2401//2401 2294//2294
f 2347//2347 2283//2283 2303//2303
f 2347//2347 2303//2303 2349//2349
f 2347//2347 2349//2349 2375//2375
f 2347//2347 2375//2375 2398//2398
f 2347//2347 2398//2398 2459//2459
f 2347//2347 2459//2459 2482//2482
f 2347//2347 2482//2482 2548//2548
f 2347//2347 2548//2548 2570//2570
f 2347//2347 2570//2570 2589//2589
f 2347//2347 2589//2589 2609//2609
f 2347//2347 2609//2609 2622//2622
f 2401//2401 2639//2639 2625//2625
f 2401//2401 2625//2625 2610//2610
f 2401//2401 2610//2610 2598//2598
f 2401//2401 2622//2622 2638//2638
f 2401//2401 2638//2638 2645//2645
f 2401//2401 2645//2645 2647//2647
f 2401//2401 2647//2647 2646//2646
f 2401//2401 2646//2646 2639//2639
f 2401//2401 2347//2347 2622//2622
f 2572//2572 2401//2401 2598//2598
f 2552//2552 2401//2401 2572//2572
f 2146//2146 2283//2283 2347//2347
f 2146//2146 2049//2049 2089//2089
f 2146//2146 2089//2089 2134//2134
f 2146//2146 2134//2134 2173//2173
f 2146//2146 2173//2173 2210//2210
f 2146//2146 2210//2210 2243//2243
f 2146//2146 2243//2243 2283//2283
f 2009//2009 2049//2049 2146//2146
f 1970//1970 2009//2009 2146//2146
f 1933//1933 1970//1970 2146//2146
f 2294//2294 2552//2552 2488//2488
f 2294//2294 2488//2488 2471//2471
f 2294//2294 2471//2471 2431//2431
f 2294//2294 2431//2431 2381//2381
f 2294//2294 2401//2401 2552//2552
f 2365//2365 2294//2294 2381//2381
f 1871//1871 1933//1933 2146//2146
f 2323//2323 2294//2294 2365//2365
f 1842//1842 1871//1871 2146//2146
f 2297//2297 2294//2294 2323//2323
f 1988//1988 1842//1842 2146//2146
f 1988//1988 1799//1799 1842//1842
f 1741//1741 1799//1799 1988//1988
f 2257//2257 2294//2294 2297//2297
f 1718//1718 1741//1741 1988//1988
f 2222//2222 2294//2294 2257//2257
f 1699//1699 1718//1718 1988//1988
f 2183//2183 2294//2294 2222//2222
f 1681//1681 1699//1699 1988//1988
f 2150//2150 2077//2077 2294//2294
f 2150//2150 2294//2294 2183//2183
f 1670//1670 1681//1681 1988//1988
f 2117//2117 2077//2077 2150//2150
f 1668//1668 1670//1670 1988//1988
f 2071//2071 2077//2077 2117//2117
f 1675//1675 1668//1668 1988//1988
f 2019//2019 2077//2077 2071//2071
f 1696//1696 1675//1675 1988//1988
f 1986//1986 2077//2077 2019//2019
f 1705//1705 1988//1988 2077//2077
f 1705//1705 1696//1696 1988//1988
f 1949//1949 2077//2077 1986//1986
f 1735//1735 1705//1705 2077//2077
f 1907//1907 2077//2077 1949//1949
f 1777//1777 1735//1735 2077//2077
f 1850//1850 2077//2077 1907//1907
f 1810//1810 2077//2077 1850//1850
f 1810//1810 1777//1777 2077//2077
f 1691//1691 1681//1681 1676//1676
f 1691//1691 1676//1676 1688//1688
f 1718//1718 1688//1688 1712//1712
f 1718//1718 1691//1691 1688//1688
f 1741//1741 1712//1712 1738//1738
f 1741//1741 1718//1718 1712//1712
f 1789//1789 1738//1738 1788//1788
f 1789//1789 1741//1741 1738//1738
f 1837//1837 1788//1788 1836//1836
f 1837//1837 1789//1789 1788//1788
f 1862//1862 1836//1836 1861//1861
f 1862//1862 1837//1837 1836//1836
f 1933//1933 1861//1861 1925//1925
f 1933//1933 1862//1862 1861//1861
f 1970//1970 1925//1925 1967//1967
f 1970//1970 1933//1933 1925//1925
f 2005//2005 1970//1970 1967//1967
f 2005//2005 1967//1967 2004//2004
f 2049//2049 2004//2004 2047//2047
f 2049//2049 2005//2005 2004//2004
f 2083//2083 2047//2047 2082//2082
f 2083//2083 2049//2049 2047//2047
f 2134//2134 2082//2082 2133//2133
f 2134//2134 2083//2083 2082//2082
f 2173//2173 2133//2133 2171//2171
f 2173//2173 2134//2134 2133//2133
f 2210//2210 2171//2171 2209//2209
f 2210//2210 2173//2173 2171//2171
f 2243//2243 2209//2209 2244//2244
f 2243//2243 2210//2210 2209//2209
f 2284//2284 2244//2244 2285//2285
f 2284//2284 2243//2243 2244//2244
f 2304//2304 2285//2285 2306//2306
f 2304//2304 2284//2284 2285//2285
f 2349//2349 2306//2306 2353//2353
f 2349//2349 2304//2304 2306//2306
f 2375//2375 2353//2353 2376//2376
f 2375//2375 2349//2349 2353//2353
f 2406//2406 2376//2376 2408//2408
f 2406//2406 2375//2375 2376//2376
f 2465//2465 2408//2408 2466//2466
f 2465//2465 2406//2406 2408//2408
f 2483//2483 2466//2466 2484//2484
f 2483//2483 2465//2465 2466//2466
f 2548//2548 2484//2484 2550//2550
f 2548//2548 2483//2483 2484//2484
f 2570//2570 2550//2550 2571//2571
f 2570//2570 2548//2548 2550//2550
f 2589//2589 2571//2571 2594//2594
f 2589//2589 2570//2570 2571//2571
f 2609//2609 2594//2594 2614//2614
f 2609//2609 2589//2589 2594//2594
f 2630//2630 2614//2614 2631//2631
f 2630//2630 2609//2609 2614//2614
f 2638//2638 2631//2631 2643//2643
f 2638//2638 2630//2630 2631//2631
f 2645//2645 2643//2643 2648//2648
f 2645//2645 2638//2638 2643//2643
f 2647//2647 2648//2648 2651//2651
f 2647//2647 2645//2645 2648//2648
f 2646//2646 2651//2651 2650//2650
f 2646//2646 2647//2647 2651//2651
f 2639//2639 2650//2650 2644//2644
f 2639//2639 2646//2646 2650//2650
f 2630//2630 2638//2638 2622//2622
f 2609//2609 2630//2630 2622//2622
f 2483//2483 2548//2548 2482//2482
f 2465//2465 2482//2482 2459//2459
f 2465//2465 2483//2483 2482//2482
f 2402//2402 2465//2465 2459//2459
f 2402//2402 2459//2459 2398//2398
f 2406//2406 2465//2465 2402//2402
f 2375//2375 2402//2402 2398//2398
f 2375//2375 2406//2406 2402//2402
f 2304//2304 2349//2349 2303//2303
f 2284//2284 2303//2303 2283//2283
f 2284//2284 2304//2304 2303//2303
f 2243//2243 2284//2284 2283//2283
f 2086//2086 2134//2134 2089//2089
f 2086//2086 2083//2083 2134//2134
f 2049//2049 2086//2086 2089//2089
f 2049//2049 2083//2083 2086//2086
f 2005//2005 2049//2049 2009//2009
f 1970//1970 2005//2005 2009//2009
f 1862//1862 1933//1933 1871//1871
f 1837//1837 1871//1871 1842//1842
f 1837//1837 1862//1862 1871//1871
f 1799//1799 1837//1837 1842//1842
f 1793//1793 1837//1837 1799//1799
f 1789//1789 1837//1837 1793//1793
f 1741//1741 1793//1793 1799//1799
f 1741//1741 1789//1789 1793//1793
f 1691//1691 1718//1718 1699//1699
f 1691//1691 1699//1699 1681//1681
f 1232//1232 1240//1240 1241//1241
f 1199//1199 1207//1207 1200//1200
f 1191//1191 1200//1200 1195//1195
f 1191//1191 1199//1199 1200//1200
f 1184//1184 1191//1191 1195//1195
f 1158//1158 1166//1166 1162//1162
f 1157//1157 1162//1162 1160//1160
f 1157//1157 1158//1158 1162//1162
f 1156//1156 1160//1160 1161//1161
f 1156//1156 1157//1157 1160//1160
f 1163//1163 1156//1156 1161//1161
f 1159//1159 1156//1156 1163//1163
f 1167//1167 1159//1159 1163//1163
f 1174//1174 1167//1167 1176//1176
f 1178//1178 1174//1174 1176//1176
f 1192//1192 1185//1185 1196//1196
f 1201//1201 1192//1192 1196//1196
f 1206//1206 1201//1201 1208//1208
f 1214//1214 1208//1208 1216//1216
f 1214//1214 1206//1206 1208//1208
f 1228//1228 1216//1216 1229//1229
f 1228//1228 1214//1214 1216//1216
f 1224//1224 1214//1214 1228//1228
f 1233//1233 1228//1228 1229//1229
f 1233//1233 1224//1224 1228//1228
f 1272//1272 1256//1256 1273//1273
f 1292//1292 1272//1272 1273//1273
f 1328//1328 1296//1296 1327//1327
f 1371//1371 1328//1328 1327//1327
f 1405//1405 1263//1263 1406//1406
f 1262//1262 1263//1263 1405//1405
f 1405//1405 1459//1459 1458//1458
f 1405//1405 1406//1406 1459//1459
f 1458//1458 1339//1339 1338//1338
f 1458//1458 1459//1459 1339//1339
f 1405//1405 1458//1458 1338//1338
f 1238//1238 1405//1405 1338//1338
f 1220//1220 1262//1262 1405//1405
f 1220//1220 1405//1405 1238//1238
f 1338//1338 1239//1239 1238//1238
f 1338//1338 1339//1339 1239//1239
f 1459//1459 1543//1543 1560//1560
f 1459//1459 1560//1560 1572//1572
f 1459//1459 1572//1572 1576//1576
f 1459//1459 1576//1576 1577//1577
f 1459//1459 1577//1577 1573//1573
f 1459//1459 1573//1573 1563//1563
f 1459//1459 1563//1563 1542//1542
f 1459//1459 1542//1542 1539//1539
f 1459//1459 1539//1539 1525//1525
f 1459//1459 1525//1525 1509//1509
f 1459//1459 1509//1509 1497//1497
f 1339//1339 1402//1402 1371//1371
f 1339//1339 1371//1371 1327//1327
f 1339//1339 1327//1327 1296//1296
f 1339//1339 1497//1497 1485//1485
f 1339//1339 1485//1485 1470//1470
f 1339//1339 1470//1470 1450//1450
f 1339//1339 1450//1450 1435//1435
f 1339//1339 1435//1435 1402//1402
f 1339//1339 1459//1459 1497//1497
f 1292//1292 1339//1339 1296//1296
f 1273//1273 1339//1339 1292//1292
f 1406//1406 1543//1543 1459//1459
f 1406//1406 1471//1471 1486//1486
f 1406//1406 1486//1486 1496//1496
f 1406//1406 1496//1496 1506//1506
f 1406//1406 1506//1506 1522//1522
f 1406//1406 1522//1522 1538//1538
f 1406//1406 1538//1538 1543//1543
f 1449//1449 1471//1471 1406//1406
f 1432//1432 1449//1449 1406//1406
f 1398//1398 1432//1432 1406//1406
f 1239//1239 1273//1273 1256//1256
f 1239//1239 1256//1256 1242//1242
f 1239//1239 1242//1242 1233//1233
f 1239//1239 1233//1233 1229//1229
f 1239//1239 1339//1339 1273//1273
f 1216//1216 1239//1239 1229//1229
f 1368//1368 1398//1398 1406//1406
f 1208//1208 1239//1239 1216//1216
f 1322//1322 1368//1368 1406//1406
f 1201//1201 1239//1239 1208//1208
f 1263//1263 1294//1294 1322//1322
f 1263//1263 1322//1322 1406//1406
f 1291//1291 1294//1294 1263//1263
f 1196//1196 1239//1239 1201//1201
f 1271//1271 1291//1291 1263//1263
f 1185//1185 1239//1239 1196//1196
f 1255//1255 1271//1271 1263//1263
f 1178//1178 1239//1239 1185//1185
f 1241//1241 1255//1255 1263//1263
f 1176//1176 1221//1221 1239//1239
f 1176//1176 1239//1239 1178//1178
f 1232//1232 1241//1241 1263//1263
f 1167//1167 1221//1221 1176//1176
f 1225//1225 1232//1232 1263//1263
f 1163//1163 1221//1221 1167//1167
f 1213//1213 1225//1225 1263//1263
f 1161//1161 1221//1221 1163//1163
f 1207//1207 1213//1213 1263//1263
f 1160//1160 1221//1221 1161//1161
f 1200//1200 1263//1263 1221//1221
f 1200//1200 1207//1207 1263//1263
f 1162//1162 1221//1221 1160//1160
f 1195//1195 1200//1200 1221//1221
f 1166//1166 1221//1221 1162//1162
f 1184//1184 1195//1195 1221//1221
f 1175//1175 1221//1221 1166//1166
f 1177//1177 1221//1221 1175//1175
f 1177//1177 1184//1184 1221//1221
f 1455//1455 1435//1435 1450//1450
f 1457//1457 1435//1435 1455//1455
f 1470//1470 1455//1455 1450//1450
f 1474//1474 1455//1455 1470//1470
f 1474//1474 1457//1457 1455//1455
f 1485//1485 1474//1474 1470//1470
f 1489//1489 1474//1474 1485//1485
f 1497//1497 1489//1489 1485//1485
f 1545//1545 1539//1539 1542//1542
f 1563//1563 1545//1545 1542//1542
f 1579//1579 1563//1563 1573//1573
f 1581//1581 1573//1573 1577//1577
f 1581//1581 1579//1579 1573//1573
f 1580//1580 1577//1577 1576//1576
f 1580//1580 1581//1581 1577//1577
f 1572//1572 1580//1580 1576//1576
f 1578//1578 1580//1580 1572//1572
f 1560//1560 1578//1578 1572//1572
f 1544//1544 1560//1560 1543//1543
f 1546//1546 1560//1560 1544//1544
f 1538//1538 1544//1544 1543//1543
f 1538//1538 1546//1546 1544//1544
f 1529//1529 1538//1538 1522//1522
f 1506//1506 1529//1529 1522//1522
f 1454//1454 1471//1471 1449//1449
f 1432//1432 1454//1454 1449//1449
f 1401//1401 1432//1432 1398//1398
f 1368//1368 1401//1401 1398//1398
f 1295//1295 1322//1322 1294//1294
f 1288//1288 1294//1294 1291//1291
f 1288//1288 1295//1295 1294//1294
f 1270//1270 1291//1291 1271//1271
f 1270//1270 1288//1288 1291//1291
f 1255//1255 1270//1270 1271//1271
f 1255//1255 1241//1241 1240//1240
f 2026//2026 2072//2072 2070//2070
f 2027//2027 2074//2074 2072//2072
f 2027//2027 2072//2072 2026//2026
f 1994//1994 2027//2027 2026//2026
f 1996//1996 2027//2027 1994//1994
f 1955//1955 1994//1994 1950//1950
f 1955//1955 1996//1996 1994//1994
f 1899//1899 1950//1950 1892//1892
f 1899//1899 1955//1955 1950//1950
f 1832//1832 1899//1899 1892//1892
f 1743//1743 1832//1832 1742//1742
f 1679//1679 1742//1742 1678//1678
f 1679//1679 1743//1743 1742//1742
f 1647//1647 1679//1679 1678//1678
f 1646//1646 1679//1679 1647//1647
f 1627//1627 1646//1646 1647//1647
f 1540//1540 1582//1582 1541//1541
f 1512//1512 1540//1540 1541//1541
f 1498//1498 1512//1512 1499//1499
f 1490//1490 1498//1498 1499//1499
f 1478//1478 1490//1490 1481//1481
f 1463//1463 1478//1478 1481//1481
f 1444//1444 1463//1463 1453//1453
f 1440//1440 1444//1444 1453//1453
f 1438//1438 1444//1444 1440//1440
f 1437//1437 1444//1444 1438//1438
f 1431//1431 1438//1438 1440//1440
f 1431//1431 1437//1437 1438//1438
f 1419//1419 1431//1431 1425//1425
f 1417//1417 1425//1425 1423//1423
f 1417//1417 1419//1419 1425//1425
f 1413//1413 1417//1417 1423//1423
f 1414//1414 1413//1413 1422//1422
f 1424//1424 1414//1414 1422//1422
f 1418//1418 1414//1414 1424//1424
f 1428//1428 1418//1418 1424//1424
f 1436//1436 1428//1428 1439//1439
f 1441//1441 1436//1436 1439//1439
f 1469//1469 1460//1460 1475//1475
f 1482//1482 1469//1469 1475//1475
f 1621//1621 1929//1929 1928//1928
f 1621//1621 1622//1622 1929//1929
f 2013//2013 1929//1929 2014//2014
f 1928//1928 1929//1929 2013//2013
f 2013//2013 1815//1815 1814//1814
f 2013//2013 2014//2014 1815//1815
f 1814//1814 1589//1589 1588//1588
f 1814//1814 1815//1815 1589//1589
f 1621//1621 2013//2013 1814//1814
f 1621//1621 1928//1928 2013//2013
f 1621//1621 1588//1588 1518//1518
f 1621//1621 1814//1814 1588//1588
f 1518//1518 1589//1589 1519//1519
f 1588//1588 1589//1589 1518//1518
f 1815//1815 2125//2125 2084//2084
f 1815//1815 2084//2084 2063//2063
f 1815//1815 2063//2063 2018//2018
f 1815//1815 2018//2018 1978//1978
f 1815//1815 1978//1978 1937//1937
f 1815//1815 1937//1937 1860//1860
f 1815//1815 1860//1860 1807//1807
f 1815//1815 1807//1807 1732//1732
f 1815//1815 1732//1732 1662//1662
f 1815//1815 1662//1662 1645//1645
f 1815//1815 1645//1645 1612//1612
f 1589//1589 1495//1495 1482//1482
f 1589//1589 1482//1482 1475//1475
f 1589//1589 1475//1475 1460//1460
f 1589//1589 1612//1612 1594//1594
f 1589//1589 1594//1594 1571//1571
f 1589//1589 1571//1571 1537//1537
f 1589//1589 1537//1537 1511//1511
f 1589//1589 1511//1511 1495//1495
f 1589//1589 1815//1815 1612//1612
f 1441//1441 1589//1589 1460//1460
f 1439//1439 1589//1589 1441//1441
f 2014//2014 2125//2125 1815//1815
f 2014//2014 2212//2212 2206//2206
f 2014//2014 2206//2206 2196//2196
f 2014//2014 2196//2196 2180//2180
f 2014//2014 2180//2180 2161//2161
f 2014//2014 2161//2161 2143//2143
f 2014//2014 2143//2143 2125//2125
f 2214//2214 2212//2212 2014//2014
f 2211//2211 2214//2214 2014//2014
f 2208//2208 2211//2211 2014//2014
f 1519//1519 1439//1439 1428//1428
f 1519//1519 1428//1428 1424//1424
f 1519//1519 1424//1424 1422//1422
f 1519//1519 1422//1422 1413//1413
f 1519//1519 1589//1589 1439//1439
f 1423//1423 1519//1519 1413//1413
f 2201//2201 2208//2208 2014//2014
f 1425//1425 1519//1519 1423//1423
f 2184//2184 2201//2201 2014//2014
f 1431//1431 1519//1519 1425//1425
f 1929//1929 2165//2165 2184//2184
f 1929//1929 2184//2184 2014//2014
f 1440//1440 1519//1519 1431//1431
f 2156//2156 2165//2165 1929//1929
f 1453//1453 1519//1519 1440//1440
f 2131//2131 2156//2156 1929//1929
f 1463//1463 1519//1519 1453//1453
f 2099//2099 2131//2131 1929//1929
f 2070//2070 2099//2099 1929//1929
f 1481//1481 1622//1622 1519//1519
f 1481//1481 1519//1519 1463//1463
f 2026//2026 2070//2070 1929//1929
f 1490//1490 1622//1622 1481//1481
f 1994//1994 2026//2026 1929//1929
f 1499//1499 1622//1622 1490//1490
f 1950//1950 1994//1994 1929//1929
f 1512//1512 1622//1622 1499//1499
f 1892//1892 1950//1950 1929//1929
f 1541//1541 1622//1622 1512//1512
f 1832//1832 1929//1929 1622//1622
f 1832//1832 1892//1892 1929//1929
f 1582//1582 1622//1622 1541//1541
f 1742//1742 1832//1832 1622//1622
f 1602//1602 1622//1622 1582//1582
f 1678//1678 1742//1742 1622//1622
f 1627//1627 1622//1622 1602//1602
f 1647//1647 1622//1622 1627//1627
f 1647//1647 1678//1678 1622//1622
f 1510//1510 1495//1495 1511//1511
f 1537//1537 1510//1510 1511//1511
f 1566//1566 1537//1537 1571//1571
f 1594//1594 1566//1566 1571//1571
f 1611//1611 1594//1594 1612//1612
f 1644//1644 1612//1612 1645//1645
f 1644//1644 1611//1611 1612//1612
f 1662//1662 1644//1644 1645//1645
f 1811//1811 1732//1732 1807//1807
f 1860//1860 1811//1811 1807//1807
f 1864//1864 1811//1811 1860//1860
f 1941//1941 1860//1860 1937//1937
f 1941//1941 1864//1864 1860//1860
f 1983//1983 1941//1941 1937//1937
f 1983//1983 1937//1937 1978//1978
f 2018//2018 1983//1983 1978//1978
f 2090//2090 2063//2063 2084//2084
f 2126//2126 2084//2084 2125//2125
f 2126//2126 2090//2090 2084//2084
f 2144//2144 2125//2125 2143//2143
f 2151//2151 2125//2125 2144//2144
f 2151//2151 2126//2126 2125//2125
f 2161//2161 2144//2144 2143//2143
f 2161//2161 2151//2151 2144//2144
f 2166//2166 2151//2151 2161//2161
f 2180//2180 2166//2166 2161//2161
f 2215//2215 2206//2206 2212//2212
f 2217//2217 2212//2212 2214//2214
f 2217//2217 2215//2215 2212//2212
f 2216//2216 2217//2217 2214//2214
f 2216//2216 2214//2214 2211//2211
f 2208//2208 2216//2216 2211//2211
f 2202//2202 2208//2208 2201//2201
f 2184//2184 2202//2202 2201//2201
f 2168//2168 2184//2184 2165//2165
f 2174//2174 2184//2184 2168//2168
f 2156//2156 2168//2168 2165//2165
f 2156//2156 2174//2174 2168//2168
f 2099//2099 2070//2070 2072//2072
f 2099//2099 2072//2072 2074//2074
f 2108//2108 2131//2131 2099//2099
f 2108//2108 2099//2099 2074//2074
f 3867//3867 3876//3876 3854//3854
f 3845//3845 3867//3867 3854//3854
f 3819//3819 3845//3845 3814//3814
f 3782//3782 3819//3819 3814//3814
f 3648//3648 3697//3697 3639//3639
f 3599//3599 3639//3639 3595//3595
f 3599//3599 3648//3648 3639//3639
f 3557//3557 3599//3599 3595//3595
f 3562//3562 3599//3599 3557//3557
f 3563//3563 3599//3599 3562//3562
f 3523//3523 3562//3562 3557//3557
f 3523//3523 3563//3563 3562//3562
f 3470//3470 3523//3523 3467//3467
f 3420//3420 3470//3470 3467//3467
f 3425//3425 3470//3470 3420//3420
f 3385//3385 3425//3425 3420//3420
f 3265//3265 3300//3300 3266//3266
f 3226//3226 3265//3265 3266//3266
f 3029//3029 3052//3052 3035//3035
f 2966//2966 3035//3035 2971//2971
f 2966//2966 3029//3029 3035//3035
f 2951//2951 2966//2966 2971//2971
f 2950//2950 2966//2966 2951//2951
f 2949//2949 2966//2966 2950//2950
f 2925//2925 2950//2950 2951//2951
f 2925//2925 2949//2949 2950//2950
f 2920//2920 2949//2949 2925//2925
f 2907//2907 2925//2925 2913//2913
f 2907//2907 2920//2920 2925//2925
f 2898//2898 2907//2907 2913//2913
f 2890//2890 2898//2898 2884//2884
f 2890//2890 2907//2907 2898//2898
f 2884//2884 2879//2879 2887//2887
f 2890//2890 2887//2887 2905//2905
f 2890//2890 2884//2884 2887//2887
f 2907//2907 2905//2905 2919//2919
f 2907//2907 2890//2890 2905//2905
f 2920//2920 2919//2919 2948//2948
f 2920//2920 2907//2907 2919//2919
f 2949//2949 2948//2948 2965//2965
f 2949//2949 2920//2920 2948//2948
f 2966//2966 2965//2965 3027//3027
f 2966//2966 2949//2949 2965//2965
f 3029//3029 3027//3027 3051//3051
f 3029//3029 2966//2966 3027//3027
f 3052//3052 3051//3051 3086//3086
f 3052//3052 3029//3029 3051//3051
f 3092//3092 3052//3052 3086//3086
f 3092//3092 3086//3086 3141//3141
f 3142//3142 3092//3092 3141//3141
f 3142//3142 3141//3141 3157//3157
f 3158//3158 3157//3157 3198//3198
f 3158//3158 3142//3142 3157//3157
f 3199//3199 3198//3198 3225//3225
f 3199//3199 3158//3158 3198//3198
f 3226//3226 3225//3225 3264//3264
f 3226//3226 3199//3199 3225//3225
f 3265//3265 3264//3264 3299//3299
f 3265//3265 3226//3226 3264//3264
f 3300//3300 3299//3299 3349//3349
f 3300//3300 3265//3265 3299//3299
f 3348//3348 3300//3300 3349//3349
f 3385//3385 3349//3349 3386//3386
f 3385//3385 3386//3386 3426//3426
f 3385//3385 3348//3348 3349//3349
f 3425//3425 3426//3426 3471//3471
f 3425//3425 3385//3385 3426//3426
f 3470//3470 3471//3471 3526//3526
f 3470//3470 3425//3425 3471//3471
f 3523//3523 3526//3526 3564//3564
f 3523//3523 3470//3470 3526//3526
f 3563//3563 3523//3523 3564//3564
f 3599//3599 3564//3564 3600//3600
f 3599//3599 3600//3600 3650//3650
f 3599//3599 3563//3563 3564//3564
f 3648//3648 3650//3650 3701//3701
f 3648//3648 3599//3599 3650//3650
f 3697//3697 3648//3648 3701//3701
f 3741//3741 3701//3701 3745//3745
f 3741//3741 3745//3745 3792//3792
f 3741//3741 3697//3697 3701//3701
f 3782//3782 3741//3741 3792//3792
f 3819//3819 3792//3792 3826//3826
f 3819//3819 3782//3782 3792//3792
f 3845//3845 3826//3826 3852//3852
f 3845//3845 3852//3852 3870//3870
f 3845//3845 3819//3819 3826//3826
f 3867//3867 3845//3845 3870//3870
f 3876//3876 3870//3870 3884//3884
f 3876//3876 3884//3884 3886//3886
f 3876//3876 3867//3867 3870//3870
f 3883//3883 3876//3876 3886//3886
f 3881//3881 3886//3886 3885//3885
f 3881//3881 3885//3885 3875//3875
f 3881//3881 3883//3883 3886//3886
f 3869//3869 3881//3881 3875//3875
f 3229//3229 3177//3177 3122//3122
f 3555//3555 3389//3389 3177//3177
f 3555//3555 3177//3177 3229//3229
f 3461//3461 3555//3555 3229//3229
f 3122//3122 3178//3178 3123//3123
f 3177//3177 3178//3178 3122//3122
f 3389//3389 3178//3178 3177//3177
f 3389//3389 3390//3390 3178//3178
f 3389//3389 3556//3556 3390//3390
f 3555//3555 3556//3556 3389//3389
f 3461//3461 3556//3556 3555//3555
f 3461//3461 3462//3462 3556//3556
f 3229//3229 3462//3462 3461//3461
f 3229//3229 3230//3230 3462//3462
f 3122//3122 3230//3230 3229//3229
f 3122//3122 3123//3123 3230//3230
f 3178//3178 3240//3240 3220//3220
f 3178//3178 3220//3220 3174//3174
f 3178//3178 3174//3174 3148//3148
f 3178//3178 3148//3148 3125//3125
f 3178//3178 3125//3125 3064//3064
f 3178//3178 3064//3064 3041//3041
f 3178//3178 3041//3041 2975//2975
f 3178//3178 2975//2975 2955//2955
f 3178//3178 2955//2955 2934//2934
f 3178//3178 2934//2934 2914//2914
f 3178//3178 2914//2914 2901//2901
f 3123//3123 2884//2884 2898//2898
f 3123//3123 2898//2898 2913//2913
f 3123//3123 2913//2913 2925//2925
f 3123//3123 2901//2901 2885//2885
f 3123//3123 2885//2885 2878//2878
f 3123//3123 2878//2878 2876//2876
f 3123//3123 2876//2876 2877//2877
f 3123//3123 2877//2877 2884//2884
f 3123//3123 3178//3178 2901//2901
f 2951//2951 3123//3123 2925//2925
f 2971//2971 3123//3123 2951//2951
f 3390//3390 3240//3240 3178//3178
f 3390//3390 3491//3491 3451//3451
f 3390//3390 3451//3451 3402//3402
f 3390//3390 3402//3402 3360//3360
f 3390//3390 3360//3360 3318//3318
f 3390//3390 3318//3318 3280//3280
f 3390//3390 3280//3280 3240//3240
f 3533//3533 3491//3491 3390//3390
f 3574//3574 3533//3533 3390//3390
f 3612//3612 3574//3574 3390//3390
f 3230//3230 2971//2971 3035//3035
f 3230//3230 3035//3035 3052//3052
f 3230//3230 3052//3052 3092//3092
f 3230//3230 3092//3092 3142//3142
f 3230//3230 3123//3123 2971//2971
f 3158//3158 3230//3230 3142//3142
f 3673//3673 3612//3612 3390//3390
f 3199//3199 3230//3230 3158//3158
f 3705//3705 3673//3673 3390//3390
f 3226//3226 3230//3230 3199//3199
f 3556//3556 3749//3749 3705//3705
f 3556//3556 3705//3705 3390//3390
f 3266//3266 3230//3230 3226//3226
f 3807//3807 3749//3749 3556//3556
f 3300//3300 3230//3230 3266//3266
f 3832//3832 3807//3807 3556//3556
f 3849//3849 3832//3832 3556//3556
f 3348//3348 3230//3230 3300//3300
f 3869//3869 3849//3849 3556//3556
f 3385//3385 3462//3462 3230//3230
f 3385//3385 3230//3230 3348//3348
f 3881//3881 3869//3869 3556//3556
f 3420//3420 3462//3462 3385//3385
f 3883//3883 3881//3881 3556//3556
f 3467//3467 3462//3462 3420//3420
f 3876//3876 3883//3883 3556//3556
f 3523//3523 3462//3462 3467//3467
f 3854//3854 3876//3876 3556//3556
f 3557//3557 3462//3462 3523//3523
f 3845//3845 3556//3556 3462//3462
f 3845//3845 3854//3854 3556//3556
f 3595//3595 3462//3462 3557//3557
f 3814//3814 3845//3845 3462//3462
f 3639//3639 3462//3462 3595//3595
f 3782//3782 3814//3814 3462//3462
f 3697//3697 3462//3462 3639//3639
f 3741//3741 3462//3462 3697//3697
f 3741//3741 3782//3782 3462//3462
f 3859//3859 3869//3869 3875//3875
f 3859//3859 3875//3875 3862//3862
f 3832//3832 3862//3862 3838//3838
f 3832//3832 3859//3859 3862//3862
f 3807//3807 3838//3838 3811//3811
f 3807//3807 3832//3832 3838//3838
f 3760//3760 3811//3811 3761//3761
f 3760//3760 3807//3807 3811//3811
f 3710//3710 3761//3761 3712//3712
f 3710//3710 3760//3760 3761//3761
f 3685//3685 3712//3712 3686//3686
f 3685//3685 3710//3710 3712//3712
f 3612//3612 3686//3686 3620//3620
f 3612//3612 3685//3685 3686//3686
f 3574//3574 3620//3620 3576//3576
f 3574//3574 3612//3612 3620//3620
f 3537//3537 3574//3574 3576//3576
f 3537//3537 3576//3576 3538//3538
f 3491//3491 3538//3538 3493//3493
f 3491//3491 3537//3537 3538//3538
f 3454//3454 3493//3493 3456//3456
f 3454//3454 3491//3491 3493//3493
f 3402//3402 3456//3456 3403//3403
f 3402//3402 3454//3454 3456//3456
f 3360//3360 3403//3403 3361//3361
f 3360//3360 3402//3402 3403//3403
f 3318//3318 3361//3361 3319//3319
f 3318//3318 3360//3360 3361//3361
f 3280//3280 3319//3319 3279//3279
f 3280//3280 3318//3318 3319//3319
f 3239//3239 3279//3279 3238//3238
f 3239//3239 3280//3280 3279//3279
f 3219//3219 3238//3238 3217//3217
f 3219//3219 3239//3239 3238//3238
f 3174//3174 3217//3217 3170//3170
f 3174//3174 3219//3219 3217//3217
f 3148//3148 3170//3170 3146//3146
f 3148//3148 3174//3174 3170//3170
f 3117//3117 3146//3146 3115//3115
f 3117//3117 3148//3148 3146//3146
f 3058//3058 3115//3115 3057//3057
f 3058//3058 3117//3117 3115//3115
f 3040//3040 3057//3057 3039//3039
f 3040//3040 3058//3058 3057//3057
f 2975//2975 3039//3039 2973//2973
f 2975//2975 3040//3040 3039//3039
f 2955//2955 2973//2973 2952//2952
f 2955//2955 2975//2975 2973//2973
f 2934//2934 2952//2952 2929//2929
f 2934//2934 2955//2955 2952//2952
f 2914//2914 2929//2929 2909//2909
f 2914//2914 2934//2934 2929//2929
f 2893//2893 2909//2909 2892//2892
f 2893//2893 2914//2914 2909//2909
f 2885//2885 2892//2892 2880//2880
f 2885//2885 2893//2893 2892//2892
f 2878//2878 2880//2880 2875//2875
f 2878//2878 2885//2885 2880//2880
f 2876//2876 2875//2875 2872//2872
f 2876//2876 2878//2878 2875//2875
f 2877//2877 2872//2872 2873//2873
f 2877//2877 2876//2876 2872//2872
f 2884//2884 2873//2873 2879//2879
f 2884//2884 2877//2877 2873//2873
f 2893//2893 2885//2885 2901//2901
f 2914//2914 2893//2893 2901//2901
f 3040//3040 2975//2975 3041//3041
f 3058//3058 3041//3041 3064//3064
f 3058//3058 3040//3040 3041//3041
f 3125//3125 3058//3058 3064//3064
f 3121//3121 3058//3058 3125//3125
f 3117//3117 3058//3058 3121//3121
f 3148//3148 3121//3121 3125//3125
f 3148//3148 3117//3117 3121//3121
f 3219//3219 3174//3174 3220//3220
f 3239//3239 3220//3220 3240//3240
f 3239//3239 3219//3219 3220//3220
f 3280//3280 3239//3239 3240//3240
f 3454//3454 3402//3402 3451//3451
f 3491//3491 3454//3454 3451//3451
f 3537//3537 3491//3491 3533//3533
f 3574//3574 3537//3537 3533//3533
f 3685//3685 3612//3612 3673//3673
f 3710//3710 3673//3673 3705//3705
f 3710//3710 3685//3685 3673//3673
f 3756//3756 3710//3710 3705//3705
f 3756//3756 3705//3705 3749//3749
f 3760//3760 3710//3710 3756//3756
f 3807//3807 3756//3756 3749//3749
f 3807//3807 3760//3760 3756//3756
f 3859//3859 3832//3832 3849//3849
f 3859//3859 3849//3849 3869//3869
f 4351//4351 4343//4343 4342//4342
f 4384//4384 4376//4376 4383//4383
f 4392//4392 4383//4383 4388//4388
f 4392//4392 4384//4384 4383//4383
f 4399//4399 4392//4392 4388//4388
f 4424//4424 4416//4416 4420//4420
f 4425//4425 4420//4420 4422//4422
f 4425//4425 4424//4424 4420//4420
f 4426//4426 4422//4422 4421//4421
f 4426//4426 4425//4425 4422//4422
f 4419//4419 4426//4426 4421//4421
f 4423//4423 4426//4426 4419//4419
f 4415//4415 4423//4423 4419//4419
f 4391//4391 4398//4398 4387//4387
f 4382//4382 4391//4391 4387//4387
f 4377//4377 4382//4382 4375//4375
f 4369//4369 4377//4377 4375//4375
f 4369//4369 4375//4375 4367//4367
f 4355//4355 4367//4367 4354//4354
f 4355//4355 4369//4369 4367//4367
f 4359//4359 4369//4369 4355//4355
f 4350//4350 4355//4355 4354//4354
f 4350//4350 4359//4359 4355//4355
f 4311//4311 4326//4326 4310//4310
f 4291//4291 4311//4311 4310//4310
f 4255//4255 4287//4287 4256//4256
f 4212//4212 4255//4255 4256//4256
f 4319//4319 4178//4178 4177//4177
f 4319//4319 4320//4320 4178//4178
f 4177//4177 4113//4113 4112//4112
f 4177//4177 4178//4178 4113//4113
f 4244//4244 4113//4113 4245//4245
f 4112//4112 4113//4113 4244//4244
f 4344//4344 4112//4112 4244//4244
f 4319//4319 4177//4177 4112//4112
f 4319//4319 4112//4112 4344//4344
f 4362//4362 4319//4319 4344//4344
f 4244//4244 4345//4345 4344//4344
f 4244//4244 4245//4245 4345//4345
f 4113//4113 4017//4017 4000//4000
f 4113//4113 4000//4000 3987//3987
f 4113//4113 3987//3987 3982//3982
f 4113//4113 3982//3982 3983//3983
f 4113//4113 3983//3983 3986//3986
f 4113//4113 3986//3986 3999//3999
f 4113//4113 3999//3999 4018//4018
f 4113//4113 4018//4018 4022//4022
f 4113//4113 4022//4022 4037//4037
f 4113//4113 4037//4037 4054//4054
f 4113//4113 4054//4054 4068//4068
f 4245//4245 4181//4181 4212//4212
f 4245//4245 4212//4212 4256//4256
f 4245//4245 4256//4256 4287//4287
f 4245//4245 4068//4068 4082//4082
f 4245//4245 4082//4082 4099//4099
f 4245//4245 4099//4099 4122//4122
f 4245//4245 4122//4122 4141//4141
f 4245//4245 4141//4141 4181//4181
f 4245//4245 4113//4113 4068//4068
f 4291//4291 4245//4245 4287//4287
f 4310//4310 4245//4245 4291//4291
f 4178//4178 4017//4017 4113//4113
f 4178//4178 4098//4098 4081//4081
f 4178//4178 4081//4081 4069//4069
f 4178//4178 4069//4069 4058//4058
f 4178//4178 4058//4058 4039//4039
f 4178//4178 4039//4039 4023//4023
f 4178//4178 4023//4023 4017//4017
f 4123//4123 4098//4098 4178//4178
f 4144//4144 4123//4123 4178//4178
f 4185//4185 4144//4144 4178//4178
f 4345//4345 4310//4310 4326//4326
f 4345//4345 4326//4326 4341//4341
f 4345//4345 4341//4341 4350//4350
f 4345//4345 4350//4350 4354//4354
f 4345//4345 4245//4245 4310//4310
f 4367//4367 4345//4345 4354//4354
f 4215//4215 4185//4185 4178//4178
f 4375//4375 4345//4345 4367//4367
f 4261//4261 4215//4215 4178//4178
f 4382//4382 4345//4345 4375//4375
f 4320//4320 4289//4289 4261//4261
f 4320//4320 4261//4261 4178//4178
f 4292//4292 4289//4289 4320//4320
f 4387//4387 4345//4345 4382//4382
f 4312//4312 4292//4292 4320//4320
f 4398//4398 4345//4345 4387//4387
f 4327//4327 4312//4312 4320//4320
f 4405//4405 4345//4345 4398//4398
f 4342//4342 4327//4327 4320//4320
f 4407//4407 4363//4363 4345//4345
f 4407//4407 4345//4345 4405//4405
f 4351//4351 4342//4342 4320//4320
f 4415//4415 4363//4363 4407//4407
f 4358//4358 4351//4351 4320//4320
f 4419//4419 4363//4363 4415//4415
f 4370//4370 4358//4358 4320//4320
f 4421//4421 4363//4363 4419//4419
f 4376//4376 4370//4370 4320//4320
f 4422//4422 4363//4363 4421//4421
f 4383//4383 4320//4320 4363//4363
f 4383//4383 4376//4376 4320//4320
f 4420//4420 4363//4363 4422//4422
f 4388//4388 4383//4383 4363//4363
f 4416//4416 4363//4363 4420//4420
f 4399//4399 4388//4388 4363//4363
f 4408//4408 4363//4363 4416//4416
f 4406//4406 4363//4363 4408//4408
f 4406//4406 4399//4399 4363//4363
f 4117//4117 4141//4141 4122//4122
f 4115//4115 4141//4141 4117//4117
f 4099//4099 4117//4117 4122//4122
f 4095//4095 4117//4117 4099//4099
f 4095//4095 4115//4115 4117//4117
f 4082//4082 4095//4095 4099//4099
f 4077//4077 4095//4095 4082//4082
f 4068//4068 4077//4077 4082//4082
f 4015//4015 4022//4022 4018//4018
f 3999//3999 4015//4015 4018//4018
f 3980//3980 3999//3999 3986//3986
f 3979//3979 3986//3986 3983//3983
f 3979//3979 3980//3980 3986//3986
f 3982//3982 3979//3979 3983//3983
f 3978//3978 3979//3979 3982//3982
f 3987//3987 3978//3978 3982//3982
f 3981//3981 3978//3978 3987//3987
f 4000//4000 3981//3981 3987//3987
f 4016//4016 4000//4000 4017//4017
f 4014//4014 4000//4000 4016//4016
f 4023//4023 4016//4016 4017//4017
f 4023//4023 4014//4014 4016//4016
f 4032//4032 4023//4023 4039//4039
f 4058//4058 4032//4032 4039//4039
f 4118//4118 4098//4098 4123//4123
f 4144//4144 4118//4118 4123//4123
f 4182//4182 4144//4144 4185//4185
f 4215//4215 4182//4182 4185//4185
f 4288//4288 4261//4261 4289//4289
f 4295//4295 4289//4289 4292//4292
f 4295//4295 4288//4288 4289//4289
f 4312//4312 4295//4295 4292//4292
f 4327//4327 4342//4342 4343//4343
f 3515//3515 3468//3468 3469//3469
f 3514//3514 3465//3465 3468//3468
f 3514//3514 3468//3468 3515//3515
f 3550//3550 3514//3514 3515//3515
f 3548//3548 3514//3514 3550//3550
f 3589//3589 3550//3550 3594//3594
f 3589//3589 3548//3548 3550//3550
f 3647//3647 3594//3594 3654//3654
f 3647//3647 3589//3589 3594//3594
f 3716//3716 3647//3647 3654//3654
f 3806//3806 3716//3716 3808//3808
f 3872//3872 3808//3808 3873//3873
f 3872//3872 3806//3806 3808//3808
f 3905//3905 3872//3872 3873//3873
f 3906//3906 3872//3872 3905//3905
f 3927//3927 3906//3906 3905//3905
f 4020//4020 3976//3976 4019//4019
f 4050//4050 4020//4020 4019//4019
f 4066//4066 4050//4050 4065//4065
f 4076//4076 4066//4066 4065//4065
f 4090//4090 4076//4076 4087//4087
f 4107//4107 4090//4090 4087//4087
f 4128//4128 4119//4119 4134//4134
f 4128//4128 4107//4107 4119//4119
f 4136//4136 4128//4128 4134//4134
f 4136//4136 4138//4138 4128//4128
f 4136//4136 4145//4145 4138//4138
f 4145//4145 4136//4136 4134//4134
f 4159//4159 4145//4145 4153//4153
f 4163//4163 4153//4153 4155//4155
f 4163//4163 4159//4159 4153//4153
f 4167//4167 4163//4163 4155//4155
f 4166//4166 4167//4167 4156//4156
f 4154//4154 4166//4166 4156//4156
f 4161//4161 4166//4166 4154//4154
f 4148//4148 4161//4161 4154//4154
f 4139//4139 4148//4148 4135//4135
f 4132//4132 4139//4139 4135//4135
f 4100//4100 4111//4111 4094//4094
f 4085//4085 4100//4100 4094//4094
f 4070//4070 4071//4071 4086//4086
f 4085//4085 4086//4086 4101//4101
f 4085//4085 4070//4070 4086//4086
f 4100//4100 4101//4101 4114//4114
f 4100//4100 4085//4085 4101//4101
f 4111//4111 4114//4114 4133//4133
f 4111//4111 4100//4100 4114//4114
f 4132//4132 4133//4133 4140//4140
f 4132//4132 4111//4111 4133//4133
f 4139//4139 4140//4140 4150//4150
f 4139//4139 4132//4132 4140//4140
f 4148//4148 4150//4150 4162//4162
f 4148//4148 4139//4139 4150//4150
f 4161//4161 4162//4162 4169//4169
f 4161//4161 4148//4148 4162//4162
f 4166//4166 4161//4161 4169//4169
f 4166//4166 4169//4169 4170//4170
f 4167//4167 4166//4166 4170//4170
f 4167//4167 4170//4170 4168//4168
f 4163//4163 4167//4167 4168//4168
f 4159//4159 4168//4168 4160//4160
f 4159//4159 4160//4160 4149//4149
f 4159//4159 4163//4163 4168//4168
f 4145//4145 4149//4149 4137//4137
f 4145//4145 4159//4159 4149//4149
f 4138//4138 4137//4137 4129//4129
f 4138//4138 4145//4145 4137//4137
f 4128//4128 4129//4129 4110//4110
f 4128//4128 4138//4138 4129//4129
f 4107//4107 4110//4110 4091//4091
f 4107//4107 4128//4128 4110//4110
f 4090//4090 4107//4107 4091//4091
f 4076//4076 4091//4091 4080//4080
f 4076//4076 4080//4080 4067//4067
f 4076//4076 4090//4090 4091//4091
f 4066//4066 4067//4067 4051//4051
f 4066//4066 4076//4076 4067//4067
f 4050//4050 4051//4051 4021//4021
f 4050//4050 4066//4066 4051//4051
f 4020//4020 4050//4050 4021//4021
f 3976//3976 4021//4021 3977//3977
f 3976//3976 4020//4020 4021//4021
f 3954//3954 3977//3977 3955//3955
f 3954//3954 3955//3955 3928//3928
f 3954//3954 3976//3976 3977//3977
f 3927//3927 3928//3928 3907//3907
f 3927//3927 3954//3954 3928//3928
f 3906//3906 3927//3927 3907//3907
f 3872//3872 3907//3907 3871//3871
f 3872//3872 3906//3906 3907//3907
f 3806//3806 3871//3871 3805//3805
f 3806//3806 3805//3805 3711//3711
f 3806//3806 3872//3872 3871//3871
f 3716//3716 3806//3806 3711//3711
f 3647//3647 3711//3711 3645//3645
f 3647//3647 3716//3716 3711//3711
f 3589//3589 3645//3645 3588//3588
f 3589//3589 3588//3588 3547//3547
f 3589//3589 3647//3647 3645//3645
f 3548//3548 3589//3589 3547//3547
f 3514//3514 3547//3547 3512//3512
f 3514//3514 3548//3548 3547//3547
f 3465//3465 3512//3512 3463//3463
f 3465//3465 3514//3514 3512//3512
f 3933//3933 3528//3528 3733//3733
f 3933//3933 3616//3616 3528//3528
f 3933//3933 3969//3969 4043//4043
f 3933//3933 3733//3733 3969//3969
f 3733//3733 3970//3970 3969//3969
f 3733//3733 3734//3734 3970//3970
f 3528//3528 3734//3734 3733//3733
f 3528//3528 3529//3529 3734//3734
f 3528//3528 3617//3617 3529//3529
f 3616//3616 3617//3617 3528//3528
f 3933//3933 3617//3617 3616//3616
f 3933//3933 3934//3934 3617//3617
f 4043//4043 3934//3934 3933//3933
f 4043//4043 4044//4044 3934//3934
f 4043//4043 3970//3970 4044//4044
f 3969//3969 3970//3970 4043//4043
f 3734//3734 3412//3412 3455//3455
f 3734//3734 3455//3455 3477//3477
f 3734//3734 3477//3477 3524//3524
f 3734//3734 3524//3524 3565//3565
f 3734//3734 3565//3565 3608//3608
f 3734//3734 3608//3608 3687//3687
f 3734//3734 3687//3687 3742//3742
f 3734//3734 3742//3742 3818//3818
f 3734//3734 3818//3818 3889//3889
f 3734//3734 3889//3889 3908//3908
f 3734//3734 3908//3908 3943//3943
f 3970//3970 4070//4070 4085//4085
f 3970//3970 4085//4085 4094//4094
f 3970//3970 4094//4094 4111//4111
f 3970//3970 3943//3943 3963//3963
f 3970//3970 3963//3963 3988//3988
f 3970//3970 3988//3988 4024//4024
f 3970//3970 4024//4024 4052//4052
f 3970//3970 4052//4052 4070//4070
f 3970//3970 3734//3734 3943//3943
f 4132//4132 3970//3970 4111//4111
f 4135//4135 3970//3970 4132//4132
f 3529//3529 3412//3412 3734//3734
f 3529//3529 3315//3315 3321//3321
f 3529//3529 3321//3321 3334//3334
f 3529//3529 3334//3334 3351//3351
f 3529//3529 3351//3351 3372//3372
f 3529//3529 3372//3372 3392//3392
f 3529//3529 3392//3392 3412//3412
f 3312//3312 3315//3315 3529//3529
f 3314//3314 3312//3312 3529//3529
f 3317//3317 3314//3314 3529//3529
f 4044//4044 4135//4135 4148//4148
f 4044//4044 4148//4148 4154//4154
f 4044//4044 4154//4154 4156//4156
f 4044//4044 4156//4156 4167//4167
f 4044//4044 3970//3970 4135//4135
f 4155//4155 4044//4044 4167//4167
f 3328//3328 3317//3317 3529//3529
f 4153//4153 4044//4044 4155//4155
f 3345//3345 3328//3328 3529//3529
f 4145//4145 4044//4044 4153//4153
f 3617//3617 3368//3368 3345//3345
f 3617//3617 3345//3345 3529//3529
f 4134//4134 4044//4044 4145//4145
f 3378//3378 3368//3368 3617//3617
f 3405//3405 3378//3378 3617//3617
f 4119//4119 4044//4044 4134//4134
f 3440//3440 3405//3405 3617//3617
f 4107//4107 4044//4044 4119//4119
f 3469//3469 3440//3440 3617//3617
f 4087//4087 3934//3934 4044//4044
f 4087//4087 4044//4044 4107//4107
f 3515//3515 3469//3469 3617//3617
f 4076//4076 3934//3934 4087//4087
f 3550//3550 3515//3515 3617//3617
f 4065//4065 3934//3934 4076//4076
f 3594//3594 3550//3550 3617//3617
f 4050//4050 3934//3934 4065//4065
f 3654//3654 3594//3594 3617//3617
f 4019//4019 3934//3934 4050//4050
f 3716//3716 3617//3617 3934//3934
f 3716//3716 3654//3654 3617//3617
f 3976//3976 3934//3934 4019//4019
f 3808//3808 3716//3716 3934//3934
f 3954//3954 3934//3934 3976//3976
f 3873//3873 3808//3808 3934//3934
f 3927//3927 3934//3934 3954//3954
f 3905//3905 3934//3934 3927//3927
f 3905//3905 3873//3873 3934//3934
f 3431//3431 3465//3465 3463//3463
f 3431//3431 3463//3463 3429//3429
f 3405//3405 3429//3429 3401//3401
f 3405//3405 3431//3431 3429//3429
f 3378//3378 3401//3401 3377//3377
f 3378//3378 3405//3405 3401//3401
f 3358//3358 3377//3377 3357//3357
f 3358//3358 3378//3378 3377//3377
f 3345//3345 3357//3357 3340//3340
f 3345//3345 3358//3358 3357//3357
f 3326//3326 3340//3340 3325//3325
f 3326//3326 3345//3345 3340//3340
f 3317//3317 3325//3325 3311//3311
f 3317//3317 3326//3326 3325//3325
f 3308//3308 3311//3311 3307//3307
f 3308//3308 3317//3317 3311//3311
f 3306//3306 3308//3308 3307//3307
f 3306//3306 3307//3307 3305//3305
f 3310//3310 3305//3305 3309//3309
f 3310//3310 3306//3306 3305//3305
f 3321//3321 3309//3309 3316//3316
f 3321//3321 3310//3310 3309//3309
f 3334//3334 3316//3316 3327//3327
f 3334//3334 3321//3321 3316//3316
f 3351//3351 3327//3327 3347//3347
f 3351//3351 3334//3334 3327//3327
f 3367//3367 3347//3347 3365//3365
f 3367//3367 3351//3351 3347//3347
f 3384//3384 3365//3365 3382//3382
f 3384//3384 3367//3367 3365//3365
f 3411//3411 3382//3382 3409//3409
f 3411//3411 3384//3384 3382//3382
f 3450//3450 3409//3409 3447//3447
f 3450//3450 3411//3411 3409//3409
f 3477//3477 3447//3447 3472//3472
f 3477//3477 3450//3450 3447//3447
f 3524//3524 3472//3472 3522//3522
f 3524//3524 3477//3477 3472//3472
f 3561//3561 3522//3522 3560//3560
f 3561//3561 3524//3524 3522//3522
f 3604//3604 3560//3560 3601//3601
f 3604//3604 3561//3561 3560//3560
f 3683//3683 3601//3601 3682//3682
f 3683//3683 3604//3604 3601//3601
f 3738//3738 3682//3682 3737//3737
f 3738//3738 3683//3683 3682//3682
f 3818//3818 3737//3737 3816//3816
f 3818//3818 3738//3738 3737//3737
f 3889//3889 3816//3816 3890//3890
f 3889//3889 3818//3818 3816//3816
f 3909//3909 3890//3890 3910//3910
f 3909//3909 3889//3889 3890//3890
f 3944//3944 3910//3910 3945//3945
f 3944//3944 3909//3909 3910//3910
f 3963//3963 3945//3945 3966//3966
f 3963//3963 3944//3944 3945//3945
f 3993//3993 3966//3966 3994//3994
f 3993//3993 3963//3963 3966//3966
f 4024//4024 3994//3994 4025//4025
f 4024//4024 3993//3993 3994//3994
f 4053//4053 4025//4025 4055//4055
f 4053//4053 4024//4024 4025//4025
f 4070//4070 4055//4055 4071//4071
f 4070//4070 4053//4053 4055//4055
f 4053//4053 4070//4070 4052//4052
f 4024//4024 4053//4053 4052//4052
f 3993//3993 4024//4024 3988//3988
f 3963//3963 3993//3993 3988//3988
f 3944//3944 3963//3963 3943//3943
f 3909//3909 3943//3943 3908//3908
f 3909//3909 3944//3944 3943//3943
f 3889//3889 3909//3909 3908//3908
f 3738//3738 3818//3818 3742//3742
f 3687//3687 3738//3738 3742//3742
f 3683//3683 3738//3738 3687//3687
f 3604//3604 3687//3687 3608//3608
f 3604//3604 3683//3683 3687//3687
f 3565//3565 3604//3604 3608//3608
f 3561//3561 3604//3604 3565//3565
f 3524//3524 3561//3561 3565//3565
f 3450//3450 3477//3477 3455//3455
f 3411//3411 3455//3455 3412//3412
f 3411//3411 3450//3450 3455//3455
f 3391//3391 3392//3392 3372//3372
f 3391//3391 3412//3412 3392//3392
f 3384//3384 3411//3411 3412//3412
f 3384//3384 3412//3412 3391//3391
f 3372//3372 3384//3384 3391//3391
f 3367//3367 3384//3384 3372//3372
f 3351//3351 3367//3367 3372//3372
f 3310//3310 3321//3321 3315//3315
f 3306//3306 3310//3310 3315//3315
f 3306//3306 3315//3315 3312//3312
f 3314//3314 3306//3306 3312//3312
f 3308//3308 3306//3306 3314//3314
f 3317//3317 3308//3308 3314//3314
f 3326//3326 3317//3317 3328//3328
f 3345//3345 3326//3326 3328//3328
f 3364//3364 3345//3345 3368//3368
f 3358//3358 3345//3345 3364//3364
f 3378//3378 3364//3364 3368//3368
f 3378//3378 3358//3358 3364//3364
f 3440//3440 3469//3469 3468//3468
f 3440//3440 3468//3468 3465//3465
f 3431//3431 3440//3440 3465//3465
f 3431//3431 3405//3405 3440//3440
