case,sim_time,cmd_vx,cmd_vy,cmd_wz,gt_x,gt_y,gt_yaw,gt_vx,gt_vy,gt_wz,odom_x,odom_y,odom_yaw,odom_vx,odom_vy,odom_wz,imu_wz,steer_front_actual,steer_rear_actual,wheel_front_actual,wheel_rear_actual,encoder_wz,steer_front_command,steer_rear_command,wheel_front_command,wheel_rear_command,FL_swivel_position,FL_swivel_velocity,FL_roll_velocity,FL_desired_heading,FL_heading_error_signed,FL_heading_error,FL_contact_count,FL_normal_metric,FL_tangential_metric,FR_swivel_position,FR_swivel_velocity,FR_roll_velocity,FR_desired_heading,FR_heading_error_signed,FR_heading_error,FR_contact_count,FR_normal_metric,FR_tangential_metric,RL_swivel_position,RL_swivel_velocity,RL_roll_velocity,RL_desired_heading,RL_heading_error_signed,RL_heading_error,RL_contact_count,RL_normal_metric,RL_tangential_metric,RR_swivel_position,RR_swivel_velocity,RR_roll_velocity,RR_desired_heading,RR_heading_error_signed,RR_heading_error,RR_contact_count,RR_normal_metric,RR_tangential_metric,elapsed_sim_time
yaw+,3.8000000000000003,0.0,0.0,0.2,0.001446752169183118,-1.9979760695664275e-06,0.0002500490076488113,-0.0009134734345426341,0.0003718407839279599,-0.019637472329002488,-0.00034116584513969807,7.232329037105049e-09,-4.383055902477166e-09,-0.00031919518743204675,-5.4197883673434804e-09,3.4228714323552044e-08,-0.022913297710353588,1.3497469365297832e-05,-1.386754697207948e-05,0.005657673976235582,-0.01572956485050811,-1.5946464796595062e-08,0.0,0.0,0.0,0.0,0.0006679025850448994,-0.00042616719567189695,0.07907127111690977,-1.2743194510624882,1.274987353647533,1.274987353647533,26,3193.135792429037,130.45958056532052,0.00043579121290804324,-0.0006208697587484803,-0.10153883842322717,-2.0319464878925437,-1.1092103744843413,1.1092103744843413,26,3303.5821606212367,115.24791439569714,0.0005413186043190521,-0.0006213799849223989,0.07905165426639214,1.2946377881144884,-1.2940964695101693,1.2940964695101693,26,2853.3020610428694,117.2830463569937,-0.00457518614326613,0.00023980930171921613,-0.10474222536933181,2.002732870259553,1.1342845971869742,1.1342845971869742,22,2507.8066884815676,84.68381814836745,0.0
yaw+,4.0,0.0,0.0,0.2,0.0014923818263147745,2.4226453277003193e-06,0.0002534205433291943,-0.00046455011641409737,0.0006994808929384929,-0.019224104667824062,-0.00038706389973211335,-2.6904083907629457e-06,1.0579964198979884e-05,-0.00013293001797482735,-2.6970866057031714e-05,0.00010580860642885532,-0.015402401154302399,0.20019998223826896,0.20017968972909106,0.00040746991651298935,-0.00467787139743107,0.00011374463955691631,0.4004000000000003,0.4004000000000003,0.8890133333333332,-0.8890133333333332,0.0005952532467574656,-0.0005438782472451109,0.08178644178544425,-1.22121552580473,1.2218107790514874,1.2218107790514874,10,1210.0956887577777,50.833930872440554,0.00023846096106439063,-0.0004388199750303516,-0.08307783623529091,-2.0082612432135027,-1.133092949415226,1.133092949415226,10,1258.995369480077,45.27263397412199,0.0005343920840417127,-0.0007219553463473152,0.08197977862998912,1.2651339044499015,-1.2645995123658598,1.2645995123658598,10,1107.8559148829659,46.74322085848861,-0.004794269294660758,0.00018436622204185196,-0.08358224005148034,1.9554529502875133,1.181345434007619,1.181345434007619,10,1156.7489683516078,40.46615139903337,0.19999999999999973
yaw+,4.1000000000000005,0.0,0.0,0.2,0.0015089318569924091,7.1692834369722555e-06,0.00025314247177734216,-0.0002506658609001744,0.0013252726052931374,-0.01833854349656974,-0.0003508355315133199,1.2642985536968642e-05,-0.00010286394763686318,0.00036228530443524606,0.00015333010632034676,-0.0011344391183584306,-0.01704779634247712,0.4003996965292762,0.4003817114590129,-0.0075677154725944775,0.01965311048790939,-0.001193456090924622,0.6006000000000005,0.6006000000000005,0.8890133333333332,-0.8890133333333332,0.0005647457548247914,-0.0005786668091373078,0.08585743138798528,-1.1739870430837414,1.1745517888385661,1.1745517888385661,19,2248.212505707593,95.53645974985426,0.00014258372181519263,-0.0003166226483043745,-0.06803802244557494,-2.0201121302839113,-1.1213379395840666,1.1213379395840666,20,2514.9360450897343,91.55773685981889,0.0005909180653498325,-0.0007475056862011296,0.08417914917126895,1.2664361534388264,-1.2658452353734766,1.2658452353734766,20,2216.8571652725063,94.48985986100877,-0.004906493508541665,0.00013322025480090247,-0.07130280889617217,1.91765888615044,1.2190272739308115,1.2190272739308115,20,2365.198305068287,84.02331007100464,0.30000000000000027
yaw+,4.300000000000001,0.0,0.0,0.2,0.0014763040410515106,-2.8281663548334127e-05,0.00024295458249332683,-0.0002762698159625458,0.0023982589605961446,-0.014239325036436289,-0.00019778388225670805,0.00014678858412371632,-0.0007486472986127278,0.0008482924151627799,0.0008748051613256015,-0.003628776882079107,-0.017578816009443207,0.8008006213592882,0.8007855213287982,-0.004954521800529309,0.041466112294648486,-0.0037486019789505585,1.0009999999999994,1.0009999999999994,0.8890133333333332,-0.8890133333333332,0.0007903694056548005,-0.00043095004144800934,0.053608885615924175,-1.089923559227404,1.0907139286330585,1.0907139286330585,22,2440.386816552988,103.39537291502853,0.0007498545955142433,0.00046104767854439517,-0.0675718722338274,-2.1379860555777443,-1.0028567434165345,1.0028567434165345,23,2955.637902395697,107.0160739699552,0.0006260280404246643,-0.0005003559758841591,0.04953135095459366,1.315722369092978,-1.3150963410525534,1.3150963410525534,23,2486.0217425390647,104.18586203375588,-0.005113000630169395,3.133840090056503e-05,-0.055274604234999504,1.8790247778755682,1.2574548750840555,1.2574548750840555,22,2764.6449976241674,96.74208922657922,0.5000000000000004
yaw+,4.5,0.0,0.0,0.2,0.0012615871982056236,-0.0005044466629160905,0.00029310533697013224,-0.0010564625905584014,0.002036550461461657,-0.007632307978962435,-0.00013481441245018398,0.00026176029773471496,-0.001232458008706744,0.00016556935559178064,0.0004273754419472995,-0.0018673828757719859,-0.007213762174351572,1.2012016228929934,1.2011920336426005,-0.001965750081228984,0.010767855897019313,-0.0013356061821836675,1.4014000000000006,1.4014000000000006,0.8890133333333332,-0.8890133333333332,0.0005520026142500356,0.00723912514200546,0.0006898632033304044,-1.3375549419791597,1.3381069445934095,1.3381069445934095,20,2037.03676417763,71.39194577994739,-0.0005084188656327981,0.0021919416803929627,-0.025088416795183265,-2.5213230114915426,-0.6207780609638833,0.6207780609638833,23,3086.8087208767024,97.28130093082632,0.0005571637676169416,0.0021324538045842463,0.0006940517976058054,1.4976209374700937,-1.4970637737024768,1.4970637737024768,20,2041.3173519399604,66.4991730108116,-0.005164825921292859,0.0009292589676138136,-0.02498138583431042,1.978567981219961,1.157859846448539,1.157859846448539,17,2292.539795942843,68.46634602485281,0.6999999999999997
yaw+,4.6000000000000005,0.0,0.0,0.2,0.0011696537513796804,-0.001138285204487402,0.0007130095462953233,0.00013511410449347025,0.0024973945002442696,0.005532157981203035,-0.00013485726390386363,0.0002615148422583365,-0.0006609637639454738,-4.2548907643944595e-07,-2.4550810256477283e-06,0.005714942447612699,-0.0011299499233178622,1.4014004575823646,1.4013942830885329,0.02142431871299061,-0.02916202980454695,0.005608719636794545,1.5707963267948966,1.5707963267948966,0.8890133333333332,-0.8890133333333332,0.00016958359351448848,-0.0008153100527001069,-0.02131553397637528,1.7472874570702133,1.3944747801130943,1.3944747801130943,19,1822.8801039555992,40.84612102235032,-0.0006096301897651202,-0.005122961577255215,0.03423102876139222,1.3452801456974437,-1.3458897758872088,1.3458897758872088,19,2616.489228165539,83.14109250765831,0.00017185386370854872,-0.0009881448504301376,-0.021299349830820158,-2.837306058296941,-0.3041147414291441,0.3041147414291441,19,1849.4672906100363,41.59480930890145,-0.005540917769428333,0.0007829709615588005,0.02541026142514356,-0.23944602810820603,0.2339051103387777,0.2339051103387777,19,2642.9652574899837,83.4121002939212,0.8000000000000003
yaw+,4.800000000000001,0.0,0.0,0.2,0.001554487303951229,-0.002547955765922031,0.008310995483869576,0.0034564458458007574,0.0035904946173726505,0.06502750250928901,-0.00013547873532727698,0.0006297352735781374,0.01045912615160057,8.956236866304464e-08,0.0020875906058286098,0.06929580821009718,0.05964797335795386,1.5707705437157484,1.5707754088514356,0.37982398745562895,-0.310536465218999,0.07765467924895482,1.5707963267948966,1.5707963267948966,0.8890133333333332,-0.8890133333333332,-0.0077542019936114315,-0.0003375712755504384,-0.21011907203118738,1.818784409155754,1.315054042440428,1.315054042440428,18,1678.3115926696032,17.050330283630835,-0.008561595411392453,-0.0004035894724451067,0.3697416914390991,1.153811139144827,-1.1623727345562194,1.1623727345562194,18,2534.14176203056,203.95046442426468,-0.00799776867275881,-0.0004786102109767404,-0.19534376328364597,-1.8762890855343028,-1.2733013367282489,1.2733013367282489,18,1706.9072414522532,22.50200913629922,-0.013718723928622722,7.70713165330894e-05,0.38417047057942927,-1.0666365567709781,1.0529178328423554,1.0529178328423554,18,2562.464163956293,208.3999799144092,1.0000000000000004
yaw+,4.9,0.0,0.0,0.2,0.0018996227983003114,-0.003214873854965652,0.015079204559489322,0.0038971565550937237,0.004480142700121496,0.07390300240521185,-0.0001382747542371509,0.0008985495823244686,0.019023988034507305,1.56455274101205e-07,0.0026882884901686006,0.08564861882906732,0.0707154403686765,1.5707667872527953,1.5707738528703352,0.4585326064413801,-0.37060257845243566,0.09326465121634886,1.5707963267948966,1.5707963267948966,0.8890133333333332,-0.8890133333333332,-0.014920444830016422,-0.0003190928745823024,-0.2438555788579876,1.81720734769182,1.3094648610679567,1.3094648610679567,20,1864.2475575315352,64.37711295820081,-0.015472707542834918,-0.00041670591905028365,0.4068503741376459,1.1579796497920793,-1.1734523573349143,1.1734523573349143,20,2803.262142123875,349.979812319758,-0.014913367206663253,-0.0004586328840583548,-0.21429435218141274,-1.8806332126423349,-1.2758728081541215,1.2758728081541215,19,1799.603025349517,59.20821550150651,-0.02063423207986581,8.054580688139634e-05,0.4360609298706828,-1.0622258593965554,1.0415916273166896,1.0415916273166896,19,2690.2657032794673,344.1277430150981,1.1
yaw+,5.1000000000000005,0.0,0.0,0.2,0.0026395186247080878,-0.00427782425912352,0.029447095502060386,0.0038909533877149287,0.006048800996738815,0.07363787565892953,-0.0001545214102712078,0.0015752923285670289,0.0387880290329339,1.9535066538054442e-07,0.00354720553982993,0.10153549424655053,0.07418769431201606,1.5707696806800078,1.570777172508202,0.53394220277281,-0.42256997221085485,0.10759255669767911,1.5707963267948966,1.5707963267948966,0.8890133333333332,-0.8890133333333332,-0.028854456565374775,-0.0003121120351838591,-0.2564173013471224,1.8083481442538618,1.3043900527705565,1.3043900527705565,19,1762.219991224282,146.95055388081406,-0.029476900096955028,-0.00043109148279026066,0.38616298759292944,1.1713756579004895,-1.2008525579974445,1.2008525579974445,18,2485.1311808840805,521.6255082420349,-0.029415654728341067,-0.00044865191771145674,-0.20012703152517858,-1.895116784278216,-1.2758915240399182,1.2758915240399182,18,1696.0032989767133,132.39129817235198,-0.03513642269522599,8.474566473803957e-05,0.44010860216957454,-1.0406561437072215,1.0055197210119955,1.0055197210119955,19,2644.368845311335,584.9411916342231,1.3000000000000003
yaw+,5.2,0.0,0.0,0.2,0.0029884685827285054,-0.004695478247928091,0.03616257634576631,0.0036924515539826347,0.006641084470303418,0.06953240653848351,-0.00016897273696547653,0.0019481407246675433,0.04922612746246904,1.7971332718526425e-07,0.0037312835190451785,0.10438098429535136,0.06978891026695638,1.570773954589904,1.5707804856034562,0.5528058760437997,-0.43474335024994615,0.11108373621327623,1.5707963267948966,1.5707963267948966,0.8890133333333332,-0.8890133333333332,-0.036086315969003024,-0.0003166460699140228,-0.24786604217643113,1.8028324795365323,1.3026738580842578,1.3026738580842578,19,1753.1980417698792,195.71069862301627,-0.03696944938258273,-0.00043357015756617656,0.3528997951104244,1.1790010294365358,-1.2159704788191186,1.2159704788191186,25,3414.4571084586732,866.2983141261947,-0.03647884698317938,-0.0004515111913119402,-0.18287086884273018,-1.9043669294892438,-1.2737045710837287,1.2737045710837287,25,2345.541123347395,236.47917265606355,-0.04219960078237328,8.57827661222138e-05,0.4172068480403626,-1.0260598251776518,0.9838602243952783,0.9838602243952783,24,3298.2879829518915,895.9224102268859,1.4
yaw+,5.4,0.0,0.0,0.2,0.0036486911070212937,-0.005419653221204504,0.048752202399525435,0.003155171204982804,0.007558864776272085,0.05845933989437019,-0.00021104544200363384,0.002718987244915079,0.07054014928363925,1.1281038656985781e-07,0.003879301264009526,0.10699709782641717,0.06324599892634543,1.5707827635024625,1.570786468648393,0.5652365129702781,-0.44351102157107336,0.11346821207793764,1.5707963267948966,1.5707963267948966,0.8890133333333332,-0.8890133333333332,-0.04815297308665922,-0.00033111516529559654,-0.21976204502859645,1.7895735995103201,1.3038660809928135,1.3038660809928135,29,2636.5810644883645,443.7473702111998,-0.049204299842357635,-0.00043155452943102746,0.2846559672738843,1.1967600792401307,-1.2459643790824884,1.2459643790824884,28,3737.9015063205993,1228.1462917084984,-0.04864755973857626,-0.00046246891869475976,-0.14756945247433656,-1.9298957519763835,-1.2603444613519859,1.2603444613519859,28,2601.7226415247615,359.151139356615,-0.05436836714932802,8.730401371512264e-05,0.3563436358914475,-0.9855513964969155,0.9311830293475873,0.9311830293475873,28,3742.124273227637,1353.7201528288288,1.6
yaw+,5.5,0.0,0.0,0.2,0.003925768625484053,-0.005711087994686857,0.05398729360447737,0.002885932125096341,0.007925731488479549,0.05310688988164951,-0.00023836240181724632,0.0031057038995478663,0.08127018228957289,7.408559772677973e-08,0.003876802641468176,0.10730033005933642,0.051611877059499836,1.5707865177024871,1.5707887864426286,0.5663988115640921,-0.4446158511010888,0.11372322829338431,1.5707963267948966,1.5707963267948966,0.8890133333333332,-0.8890133333333332,-0.05336083566768579,-0.00037185071498242045,-0.20520124587544455,1.7825669453296993,1.3056648725924083,1.3056648725924083,36,3249.775503953043,615.9004999793456,-0.05426441870430754,-0.0003977055051528483,0.25369457334186374,1.206674233009721,-1.2609386517140286,1.2609386517140286,36,4754.734516204364,1704.5774112893032,-0.05370752269984358,-0.0005028146536271566,-0.13264963512171732,-1.9473089903769365,-1.2479911859127002,1.2479911859127002,35,3237.4523018041173,493.23490790139397,-0.059428428376159914,7.889774571855773e-05,0.3255663074362265,-0.9594844014910437,0.9000559731148838,0.9000559731148838,35,4614.663842010152,1844.640981869688,1.6999999999999997
yaw+,5.7,0.0,0.0,0.2,0.00440701580318258,-0.006210384429240072,0.06298787810187957,0.0023949034079130743,0.008498830711001153,0.04305225381072166,-0.000305460908129003,0.0038783250893584145,0.10273145868139077,-2.7436408763312203e-09,0.003872924242360517,0.10724225821531876,0.04154212278990385,1.5707939902167238,1.5707928997389562,0.5657339875105561,-0.444270111300672,0.11360955577798704,1.5707963267948966,1.5707963267948966,0.8890133333333332,-0.8890133333333332,-0.0625926800710026,-0.00040216476576726556,-0.17323519175886867,1.7666728905959317,1.3123270829228586,1.3123270829228586,11,976.5148483567588,226.7909162245633,-0.06330518794203233,-0.00038170210947711947,0.196176959412111,1.22806526265061,-1.2913704505926422,1.2913704505926422,11,1418.763298190716,594.344243935598,-0.06274745620869204,-0.0005268534527982718,-0.10537501528037144,-1.9962304414128214,-1.2081096683856636,1.2081096683856636,8,731.9641712122659,131.68873981620783,-0.06846893704599033,7.587170183061265e-05,0.2637080931417549,-0.8870933282747988,0.8186243912288083,0.8186243912288083,8,1021.9096388130997,490.0113302281867,1.9
yaw+,5.800000000000001,0.0,0.0,0.2,0.004625473729650699,-0.006444102190473213,0.06702186253422364,0.00216854801624472,0.008663886549094491,0.03841889629813086,-0.00034475904139951244,0.004259500026744586,0.11341904862538325,-1.1289930482524324e-08,0.0038319534987865337,0.10687589943992497,0.04076752284022698,1.5707954171854563,1.5707946652804088,0.5629577012760978,-0.44326802899665696,0.11318454881875528,1.5707963267948966,1.5707963267948966,0.8890133333333332,-0.8890133333333332,-0.06664262154312794,-0.0004299816856939351,-0.15907153027819465,1.7582386104197922,1.3167114216268727,1.3167114216268727,10,880.6340410557792,220.50157764203226,-0.06719519349842695,-0.0003609416572086452,0.171572356342261,1.2392942901502026,-1.3064894836486296,1.3064894836486296,10,1275.7822295000256,566.8097401076878,-0.06663680978161679,-0.0005527730659245569,-0.09460374544841249,-2.0310339547278358,-1.1771955086435741,1.1771955086435741,10,910.4589290720909,173.6509140391572,-0.0723587214563679,7.072747999550127e-05,0.23575489540671882,-0.8381694559774573,0.7658107345210894,0.7658107345210894,10,1258.6623023347715,646.6212659483359,2.0000000000000004
yaw+,6.0,0.0,0.0,0.2,0.004975633568825504,-0.006866868310152804,0.07337644872091002,0.0018090823702838449,0.008775489394024394,0.031257089896361,-0.00042938461708715394,0.004969431236519908,0.13474211584074705,-2.158885818979767e-08,0.0034984828107074827,0.10653592013284367,0.02808961625967676,1.5707971165744663,1.5707952431781802,0.5560982641654548,-0.4471088732850896,0.11284500466248447,1.5707963267948966,1.5707963267948966,0.8890133333333332,-0.8890133333333332,-0.07283937918940175,-0.00045278841205630485,-0.13470246209070313,1.7435676501589048,1.3251856242414863,1.3251856242414863,21,1825.3941576050731,507.4631660562858,-0.07339280799298464,-0.00035540270571856117,0.13415879986578105,1.2594354614297814,-1.332828269422766,1.332828269422766,21,2633.4819300476524,1271.3301874125755,-0.07303311050137218,-0.0005706684563203945,-0.0768138968257509,-2.119612018444903,-1.0950137456462623,1.0950137456462623,23,2075.3821001453102,432.46368505563424,-0.0787555739546093,6.93378414712495e-05,0.1899520410935627,-0.7254659632966801,0.6467103893420707,0.6467103893420707,22,2694.0964615100524,1547.5129349338908,2.1999999999999997
yaw+,6.1000000000000005,0.0,0.0,0.2,0.00514742844719988,-0.007098852305073873,0.07642554894766929,0.0016298238070855677,0.008936536813444166,0.02754000660406778,-0.000474840018139129,0.005304694453313813,0.14537206799640703,-5.886905581605671e-08,0.0033833063412161968,0.10629952155659991,0.02726878600675012,1.5707991702009831,1.5707952265171699,0.5532958768894128,-0.4476100775754455,0.11258615781492037,1.5707963267948966,1.5707963267948966,0.8890133333333332,-0.8890133333333332,-0.07559177254691463,-0.0004552859116423759,-0.12252887585230329,1.7330944551576712,1.3329064258852075,1.3329064258852075,14,1207.8227835165362,354.33604368028506,-0.07619627306316179,-0.0003672831450064751,0.11671921544565635,1.273452356282446,-1.3496486293456078,1.3496486293456078,14,1738.356614379469,876.4613083665589,-0.07563595614019114,-0.0005709930604500535,-0.06964006379861094,-2.2158537323018845,-1.0013748774280997,1.0013748774280997,15,1348.4997226173741,290.1878893829846,-0.08135862616590117,7.172757789229364e-05,0.16925489008452776,-0.6175082412030766,0.5361496150371754,0.5361496150371754,15,1815.287721293119,1088.3751329632387,2.3000000000000003
yaw+,6.300000000000001,0.0,0.0,0.2,0.005388798759923544,-0.007444564940968556,0.08063400257522046,0.0013665339383596166,0.009291438215171593,0.02208079458273996,-0.0005737357297157301,0.005956067010250325,0.16654711840305264,-1.212176012915921e-07,0.003275677469958915,0.10572320466350296,0.02026949206318661,1.5708026594975966,1.5707952060306782,0.5490390820808485,-0.4463147137023296,0.11196162739650198,1.5707963267948966,1.5707963267948966,0.8890133333333332,-0.8890133333333332,-0.08008394018846943,-0.00045724052325786177,-0.10125182515762479,1.7135993807434438,1.34790933265788,1.34790933265788,20,1706.1544734401853,538.2143290826888,-0.08071664165629233,-0.0004302242104453208,0.08654721629620508,1.3001270224583361,-1.3808436641146284,1.3808436641146284,20,2446.958689824075,1309.266312593345,-0.08015470640602196,-0.0005700960392695242,-0.057279144037540086,-2.5775439503128745,-0.644203409682941,0.644203409682941,20,1786.0185772722696,405.14752477686693,-0.0858776900362983,8.617709547039179e-05,0.13015120742912636,-0.3167602065248487,0.2308825164885504,0.2308825164885504,20,2366.9173672582606,1528.4288278223553,2.5000000000000004
yaw+,6.4,0.0,0.0,0.2,0.0054965623404672655,-0.007603905312535839,0.08248474187912805,0.001242534821257628,0.009499892927605127,0.01951356963496873,-0.0006278908891905867,0.006278130274300286,0.1770861681217017,-1.4736608489747475e-07,0.003265846400722099,0.10539049718649032,0.02065724683552714,1.5708039999140224,1.5707951966781435,0.547524676901768,-0.44497372595290796,0.11164044065761372,1.5707963267948966,1.5707963267948966,0.8890133333333332,-0.8890133333333332,-0.08171951864720128,-0.0004574667256957675,-0.09310734204580748,1.702436258612897,1.357436876329695,1.357436876329695,21,1785.4089098155287,574.7425811357947,-0.0823091511462577,-0.000489311908236062,0.07494085971250769,1.3156745394837033,-1.397983690629961,1.397983690629961,21,2557.9194727715876,1391.7640510252604,-0.08186630114576054,-0.0005699673262904055,-0.05219222482339109,-3.0041450450798353,-0.2193139096557184,0.2193139096557184,24,2137.746575808438,494.099908949827,-0.08772481694703771,0.00010428957064568395,0.11263582915506448,-0.07010720943371491,-0.017617607513322753,0.017617607513322753,24,2815.055910897523,1868.631851244411,2.6
yaw+,6.6000000000000005,0.0,0.0,0.2,0.005705256557546449,-0.007938437826060104,0.08598747408895512,0.001149332463862396,0.009351666760951524,0.017562290766122677,-0.0007373164688612385,0.006872062054175555,0.19835165035370175,-1.73296781677213e-07,0.002888534819433332,0.10698841216385532,0.016495660509841442,1.5708053248956046,1.5707951573590515,0.5497502346835113,-0.46066640370223877,0.1136559599814603,1.5707963267948966,1.5707963267948966,0.8890133333333332,-0.8890133333333332,-0.08522208667018027,-0.00045977877997793737,-0.08688190513652287,1.6950289917251165,1.3613415751944964,1.3613415751944964,20,1684.3604527800182,572.9020191589427,-0.08577757891366655,-0.0005620286488766668,0.06616655294990716,1.3248455947367839,-1.4106231736504504,1.4106231736504504,20,2403.8770416676703,1369.6511101226936,-0.08521376837291506,-0.0005563284170861695,-0.0487921247293575,2.9325413176909962,0.12383756752588182,0.12383756752588182,20,1772.6261417179096,423.556406159314,-0.09093661787461649,0.0001192599603718758,0.1038516646416923,0.10514472017853234,-0.19608133805314876,0.19608133805314876,20,2302.446482642904,1611.0705186159119,2.8000000000000003
yaw+,6.7,0.0,0.0,0.2,0.005787278920735984,-0.00808846543556916,0.08732192731117823,0.0011349693687512145,0.009258396193799489,0.01725506739820154,-0.0007892815639585239,0.00713051062096897,0.20918574746431856,-1.7988521735362746e-07,0.0026362100155802037,0.10834097110616807,0.018774513848773117,1.5708056041006335,1.5707951311284267,0.5522066435690459,-0.4710074913220376,0.1150954768057828,1.5707963267948966,1.5707963267948966,0.8890133333333332,-0.8890133333333332,-0.0865529507274605,-0.0004614972207389739,-0.08584975519061148,1.694233183005561,1.3608065198567716,1.3608065198567716,14,1174.6194865630753,407.45405703690955,-0.08730515921864157,-0.0005827913635149153,0.06415248286856866,1.325469118995429,-1.4127742782140706,1.4127742782140706,15,1793.980376211927,1039.5476077869187,-0.08674095180656138,-0.0005564708504593313,-0.047834211511970995,2.9020473666431794,0.15280433514005232,0.15280433514005232,15,1326.2846640118607,321.17049704979155,-0.09246366619045254,0.00012792675477762971,0.1017575894876936,0.12044145527647541,-0.21290512146692797,0.21290512146692797,14,1598.7284693723786,1143.4855806950834,2.9
yaw+,6.9,0.0,0.0,0.2,0.005975767276083229,-0.00846330223766999,0.09031375739547895,0.0011082472520228424,0.00910580238054177,0.016680788962674435,-0.0008853387156739417,0.007571445113614182,0.23128680170096777,-1.9103293484695254e-07,0.0021475769182202654,0.1111440252270459,0.01886455851993489,1.5708060149299294,1.5707950815711653,0.5575307272174604,-0.4908736929397818,0.11792898720649447,1.5707963267948966,1.5707963267948966,0.8890133333333332,-0.8890133333333332,-0.08966845927254852,-0.00046365105616392663,-0.08441316790472014,1.692527752447364,1.3593964418698805,1.3593964418698805,19,1580.2996293829206,572.6205830224279,-0.09029683947806344,-0.0006168435613866617,0.06073312683702035,1.3269669259480357,-1.417263765426099,1.417263765426099,21,2482.624415220759,1494.2190124355145,-0.08973195558380276,-0.0005536100690563955,-0.046372300740163644,2.8336834474977004,0.21817725050828995,0.21817725050828995,21,1846.6408040621418,460.35653240868714,-0.09545432016248867,0.00015733147024212316,0.0984370504240629,0.15513049099243878,-0.2505848111549276,0.2505848111549276,20,2240.622077728863,1683.9291927948086,3.1
yaw+,7.0,0.0,0.0,0.2,0.006063723220889279,-0.00864939160263987,0.09167930288502357,0.0010996487944936182,0.00904824795194152,0.01649384065090719,-0.0009289811009453326,0.007756676909184828,0.242547852193264,-1.9554938230640687e-07,0.0019030364027024377,0.11261050492296232,0.018936778587571854,1.5708061625152778,1.5707950528217127,0.5606084702046715,-0.5016254656593382,0.11948458993901319,1.5707963267948966,1.5707963267948966,0.8890133333333332,-0.8890133333333332,-0.09078447242395704,-0.00046275585652558876,-0.084123014404563,1.6920023767661334,1.3588058043997027,1.3588058043997027,9,746.1840444263413,274.54144106428066,-0.0914264890091685,-0.0006264706460449264,0.0596090808814008,1.3273597455540442,-1.4187862345632127,1.4187862345632127,9,1059.5411983900613,646.220768141522,-0.09096217460505152,-0.0005520822997602363,-0.045872503109498586,2.814194087803696,0.23643639118104565,0.23643639118104565,21,1842.2062030194145,464.7990163048688,-0.09682818421616801,0.00015885722743600936,0.0972956657082006,0.16504357766424674,-0.2618717618804147,0.2618717618804147,21,2332.6212632549277,1790.665575557442,3.1999999999999997
yaw+,7.2,0.0,0.0,0.2,0.00625948723577727,-0.009082419034172024,0.0946591390381603,0.0010855746974860075,0.008954987996721118,0.016143457382090866,-0.0010044579395964246,0.008054838223530484,0.26551591688355586,-2.0348000099730765e-07,0.0014163123757742445,0.11558859319538235,0.016064917826743134,1.5708064018943197,1.5707949994256314,0.5673406274324874,-0.5243967967775016,0.12280326776284559,1.5707963267948966,1.5707963267948966,0.8890133333333332,-0.8890133333333332,-0.09383092264492454,-0.00045502533987736016,-0.08353955300146672,1.6907730751633816,1.3569886557814872,1.3569886557814872,20,1644.2893173191294,629.1571358007583,-0.09445665222941368,-0.0006555567265036383,0.05707505836072787,1.3282017851536188,-1.4226584373830324,1.4226584373830324,19,2211.567813870554,1396.8412275866208,-0.09396126810874605,-0.0005417408142245356,-0.04492594591250471,2.770491732418553,0.2771396530624939,0.2771396530624939,22,1919.6645765965518,496.8083597562705,-0.09973918431619033,0.00016290290476713223,0.09522324536360686,0.1873441954093915,-0.28708337972558184,0.28708337972558184,22,2395.8383825371075,1927.955814504133,3.4
yaw+,7.300000000000001,0.0,0.0,0.2,0.006347681539833644,-0.009283897217912493,0.09597780490132071,0.0010821444881837052,0.00892779474346972,0.016015251430162886,-0.0010345942788166796,0.008165580399929501,0.27724034617377663,-2.0741116594843417e-07,0.0011476945649864893,0.11724429290220686,0.017328639282624916,1.5708064814566187,1.5707949766820883,0.5702654112688124,-0.5342310449922838,0.12423845794189896,1.5707963267948966,1.5707963267948966,0.8890133333333332,-0.8890133333333332,-0.0951332255344699,-0.00044580567262296304,-0.08339173117259929,1.6901655748562863,1.3562938531990367,1.3562938531990367,14,1146.6033444312159,446.4417944989487,-0.09573039102787373,-0.0006708899676294462,0.05610926043332303,1.328516293604717,-1.4242466846325907,1.4242466846325907,20,2313.702585116162,1488.4794938995433,-0.09541525130427786,-0.0005298776157342706,-0.04454071183650107,2.7510898538780437,0.29508754840747153,0.29508754840747153,20,1741.1701697123365,455.33129897183477,-0.10113674292629682,0.00016560914160469384,0.09444213686316144,0.1971826847109616,-0.29831942763725827,0.29831942763725827,20,2158.9673181142684,1772.6943351044254,3.5000000000000004
yaw+,7.500000000000001,0.0,0.0,0.2,0.0065393626957651815,-0.009728026039547914,0.09880801250505192,0.0010796188999310963,0.008918526277492437,0.01583472849306816,-0.0010803074813450601,0.008323009492793425,0.3011191846485825,-2.132845576074996e-07,0.0007052540492252651,0.120170582814752,0.015107618290000655,1.5708065954566202,1.570794925430489,0.5778712027601358,-0.5571424911781065,0.127671166601239,1.5707963267948966,1.5707963267948966,0.8890133333333332,-0.8890133333333332,-0.09802750237104085,-0.0004245958808372155,-0.0835926457724427,1.6889630425916817,1.3546021086270708,1.3546021086270708,20,1624.6199455354467,656.0622284563478,-0.0986514653237558,-0.0006989185760174418,0.05422540418348922,1.3292355590651683,-1.4278870243889241,1.4278870243889241,20,2287.1287343163376,1521.517938613634,-0.09819532882219484,-0.0005068414275992052,-0.04407097071299121,2.7111783656010187,0.3322189591665796,0.3322189591665796,20,1732.326833226182,463.4121903752829,-0.10391632103693915,0.00016913322754872132,0.0933713490065564,0.2177315649195217,-0.3216478859564609,0.3216478859564609,20,2114.9482391849933,1817.4507889011136,3.7000000000000006
yaw+,7.6000000000000005,0.0,0.0,0.2,0.00662775257496068,-0.00993347269179642,0.10010193247128635,0.0010760772202425615,0.008924464682962896,0.015769293899162262,-0.0010946747492896276,0.00836919862496012,0.31329412015628705,-2.1616217988157105e-07,0.00048372035839341215,0.12174935507704493,0.014052811026400937,1.5708066312238147,1.570794902265952,0.5818517796379721,-0.568066759012724,0.12934772691289545,1.5707963267948966,1.5707963267948966,0.8890133333333332,-0.8890133333333332,-0.09946960031037833,-0.000424760713236598,-0.08388529309865145,1.6886126808934183,1.3535103723859967,1.3535103723859967,11,889.4023280589091,366.42359331591416,-0.10010677361320663,-0.0007021538019957776,0.05328862371281496,1.3297728511725377,-1.4298796247857444,1.4298796247857444,11,1251.204614082575,845.014391891304,-0.09958143741969394,-0.0005074883479207846,-0.0439890500620915,2.6934701177952736,0.3485410983748256,0.3485410983748256,11,950.6039982361857,256.84685476712326,-0.10530217260392227,0.00016814692242368007,0.09277082823378215,0.22749119380130248,-0.3327933664052247,0.3327933664052247,11,1151.994903883537,1010.6959473749308,3.8000000000000003
yaw+,7.800000000000001,0.0,0.0,0.2,0.006823445340506013,-0.010389765674007857,0.10294030615622023,0.001066431332338462,0.008923952240423734,0.015584877306179334,-0.0011034131788934397,0.008395932235200292,0.3381173151807188,-2.2203393690317667e-07,2.418452117739986e-05,0.12490234015090336,0.017222598261330962,1.5708067105301335,1.5707948602420476,0.589068769460286,-0.5890408749045069,0.13251878235786516,1.5707963267948966,1.5707963267948966,0.8890133333333332,-0.8890133333333332,-0.10212409959725832,-0.0004283498417682087,-0.0841981887953882,1.687718181740014,1.3517503722525208,1.3517503722525208,22,1764.4944910533989,752.1061415885395,-0.10284109905230476,-0.0007107435228315435,0.05133745878771581,1.331041680673076,-1.4338827797253808,1.4338827797253808,22,2474.118691893823,1723.9008248642488,-0.10227437154119201,-0.0005027644456733482,-0.04369884669545444,2.65103350544932,0.38828477659928096,0.38828477659928096,22,1892.2866874106583,521.7106576945481,-0.10799456483086267,0.0001669610041508153,0.09141654992598043,0.25120869203993906,-0.3592032568708017,0.3592032568708017,22,2256.1676916980273,2067.317033911225,4.0
yaw+,7.9,0.0,0.0,0.2,0.006910990644036087,-0.010595026569908697,0.10419660579200216,0.0010621411397526259,0.008920223406919073,0.015494924106334228,-0.0010964364181377576,0.008376022632868711,0.35076353763214463,-2.2503430694100673e-07,-0.00021096609899206795,0.12646222451425754,0.013714594674764852,1.5708067566842576,1.5707948116323367,0.5927161798215518,-0.6000965890231313,0.13417265231999773,1.5707963267948966,1.5707963267948966,0.8890133333333332,-0.8890133333333332,-0.10351198090495206,-0.0004294983223404134,-0.08429908388098832,1.687277716561057,1.350802956123784,1.350802956123784,20,1597.5526700233872,692.5756327345333,-0.10420082588296697,-0.0007186271926124289,0.05034498514949561,1.3315948288453785,-1.4357956547283455,1.4357956547283455,19,2124.251201788529,1503.5650133308764,-0.10363395153267874,-0.0005066643514016374,-0.0435248217410337,2.6318661453228933,0.40609255673422107,0.40609255673422107,19,1630.4207038446743,453.9841304649278,-0.10935384051896335,0.00016725843806265732,0.090683028391573,0.26204513186464823,-0.3713989723836115,0.3713989723836115,17,1724.0750368514605,1615.475968688095,4.1
yaw+,8.1,0.0,0.0,0.2,0.007107018598177927,-0.011056989322202837,0.10697795195326376,0.0010471471862065684,0.008937179571732555,0.015159073980059294,-0.0010561089756126847,0.008268262333619972,0.37652179473798525,-2.469928675995769e-07,-0.0006968952560635934,0.1295593448727766,0.017890528410456456,1.5708069248799053,1.5707939739795185,0.5999917840754563,-0.6233882391988805,0.1376109870761874,1.5707963267948966,1.5707963267948966,0.8890133333333332,-0.8890133333333332,-0.10613855354620938,-0.00043859299560513286,-0.08391658426040195,1.6853369751634064,1.3501171248801773,1.3501171248801773,22,1744.2130511389903,780.0345607256074,-0.10687598398261056,-0.0007502027997341315,0.04777423440663476,1.3340570537022625,-1.440933037684873,1.440933037684873,22,2432.7246602963705,1772.2968769445242,-0.10630894692485526,-0.00041915179495181573,-0.04297861781791029,2.5502370936876226,0.4850466129773152,0.4850466129773152,22,1880.109932878878,532.7424481338801,-0.11202804431484914,0.00017180403200212427,0.08819690794034826,0.30989189270931095,-0.42191993702416,0.42191993702416,22,2184.7877400076804,2132.6827848427606,4.299999999999999
yaw+,8.200000000000001,0.0,0.0,0.2,0.007196370410285445,-0.011268343673520873,0.10823095529595167,0.0010395848751023188,0.008948865450131155,0.01499201727303327,-0.0010216602781117402,0.008181065125572248,0.3896299775161335,-2.5842700624142086e-07,-0.0009375534749007305,0.13108182778148164,0.014335689086701799,1.5708070195975896,1.5707935933069672,0.6033910895784051,-0.6343374763388774,0.13922497216544386,1.5707963267948966,1.5707963267948966,0.8890133333333332,-0.8890133333333332,-0.10740099028653738,-0.00044201134786026573,-0.08373248896703006,1.6843419925861016,1.3498496707171541,1.3498496707171541,20,1580.7517955088513,716.1623702885908,-0.10799371365358468,-0.0007659448342314749,0.04667060024187847,1.3353504796121625,-1.4433441932657471,1.4433441932657471,19,2091.030299855376,1542.0952441334807,-0.10747839395130754,-0.00041860103215332276,-0.04274040673122839,2.510087462709803,0.5240267969286827,0.5240267969286827,20,1705.6711984918657,487.5986705165402,-0.1133002616806742,0.00017383917037165977,0.08694409850972012,0.3346135049126561,-0.4479137665933304,0.4479137665933304,20,1963.5110058324701,1958.7018191369573,4.4
yaw+,8.4,0.0,0.0,0.2,0.007378233612334459,-0.011699034081577797,0.11075461656472818,0.0010248170260199036,0.008973508034144208,0.01466678795255467,-0.000920036019405001,0.007938499729533663,0.41629506759035845,-2.807581422058779e-07,-0.001451664477551566,0.13403960177888619,0.0150370173844825,1.5708072090560572,1.5707929329843635,0.6087356842903061,-0.6552542519360932,0.14217896276620315,1.5707963267948966,1.5707963267948966,0.8890133333333332,-0.8890133333333332,-0.10989157678374895,-0.00044492979212198795,-0.08335153987929533,1.682368904246776,1.3493321725592682,1.3493321725592682,20,1568.8653997699053,733.762737052143,-0.11062093882233359,-0.0008031053431062952,0.04408490137858811,1.3379323902959368,-1.4485533291182704,1.4485533291182704,19,2066.410798423466,1570.3584649414718,-0.11011726489416063,-0.0004232629823087506,-0.04229975634055919,2.434934224994012,0.5965411637016205,0.5965411637016205,19,1614.5693482937938,468.7804953940636,-0.11584703318268375,0.00017713303831849887,0.08447202653553806,0.3833532490174808,-0.49920028220016466,0.49920028220016466,19,1825.4487060690162,1894.9415699397887,4.6
yaw+,8.5,0.0,0.0,0.2,0.007474400865879138,-0.011927205981647161,0.11207431698821563,0.0010168110618880377,0.008982674557572444,0.01449289469398389,-0.000847811802799698,0.007775074540176839,0.4298468130268856,-2.9225260620040256e-07,-0.0017867324681229563,0.13551745436527152,0.014600329574841312,1.5708073424335227,1.5707925653732167,0.6105825392631701,-0.6686002642678,0.14388792108358273,1.5707963267948966,1.5707963267948966,0.8890133333333332,-0.8890133333333332,-0.11138120940212648,-0.000445755401762166,-0.08308154308954604,1.681333326338651,1.348878117849016,1.348878117849016,18,1407.1867059888498,667.7183438265668,-0.11194579867151955,-0.0008241033303795168,0.0427913513563726,1.3392838168502066,-1.4512296155217261,1.4512296155217261,18,1946.9845241922771,1499.9322566370863,-0.11141684544703878,-0.0004254724973382692,-0.042066794080442727,2.398075513109672,0.6321002950330823,0.6321002950330823,18,1526.9414520210214,446.7017897816658,-0.1171331032006524,0.00017901536555216778,0.08318296906963206,0.4085780682645107,-0.5257111714651632,0.5257111714651632,18,1710.024504688533,1811.3940607528425,4.699999999999999
yaw+,8.700000000000001,0.0,0.0,0.2,0.007653447255878635,-0.012353756236557224,0.11450151917721238,0.000990251026622308,0.008981256183748319,0.014142377473955928,-0.0006634620829309212,0.0073803940707083595,0.4573594347863975,-3.121478264424037e-07,-0.002313595189942279,0.13832514461750495,0.012842513143316765,1.570807590036778,1.5707921128671671,0.6155996757094863,-0.6890588837387752,0.14675354243690714,1.5707963267948966,1.5707963267948966,0.8890133333333332,-0.8890133333333332,-0.11360174610927132,-0.0004490027783886439,-0.08261653333131991,1.6799860274894918,1.3480048799910298,1.3480048799910298,19,1478.0750369187872,721.2565268183022,-0.1143574014829154,-0.0008765844266708771,0.04007210545575042,1.3423912871547103,-1.4567486886376257,1.4567486886376257,19,2034.425518729102,1609.8804776567588,-0.11386470865389242,-0.00043158193698190385,-0.0417542225664069,2.3362787413961352,0.6914492035397655,0.6914492035397655,21,1775.4282540503614,527.6307214966064,-0.11957862281386333,0.00018320367762724062,0.08016449669692627,0.4562240005032643,-0.5758026233171276,0.5758026233171276,21,1944.7419283588974,2153.220069066593,4.9
yaw+,8.8,0.0,0.0,0.2,0.007738992409169511,-0.012559546306491906,0.11564377877234724,0.0009569802730252327,0.008956437676938364,0.013891025492325305,-0.0005494683464374352,0.007148703535701965,0.47135521698957356,-3.2369035712019274e-07,-0.002582151717532132,0.13995782203176035,0.01369317147926154,1.5708078427111323,1.5707919473643122,0.619015937858048,-0.7009605558162383,0.14847656881334947,1.5707963267948966,1.5707963267948966,0.8890133333333332,-0.8890133333333332,-0.11481067293293101,-0.000455032443197256,-0.08216262625004936,1.680041272964441,1.3467407076924212,1.3467407076924212,23,1789.950431450269,885.3155171255945,-0.11559568057260261,-0.0009269048470890613,0.03810346505747285,1.3451854618501133,-1.460781142422716,1.460781142422716,23,2453.4268244089403,1967.0635759306258,-0.11503169803775215,-0.00043770489390335295,-0.041648715432094835,2.304875440402518,0.721685515149523,0.721685515149523,25,2111.7220753971933,631.001631390895,-0.12074403314158211,0.00018108577080307164,0.07786766220168848,0.48706735252762384,-0.607811385669206,0.607811385669206,25,2292.726870851351,2579.930546957417,5.0
yaw+,9.0,0.0,0.0,0.2,0.007912257159759788,-0.012990736191600962,0.11789985681006367,0.0008329466822795653,0.008940320768368338,0.012407483951437301,-0.0002730466344087871,0.006615963571853267,0.4997549856148245,-3.4515749973993366e-07,-0.0031319681745578497,0.14245875646172523,0.012935384050600223,1.5708088225874173,1.570792023484235,0.6217180005560361,-0.720785700634824,0.1510105249042737,1.5707963267948966,1.5707963267948966,0.8890133333333332,-0.8890133333333332,-0.11713292871538705,-0.0005011682746871495,-0.07572788335798569,1.6747541646995023,1.349705560174904,1.349705560174904,21,1636.4122162030367,828.2643445075421,-0.11768620166982391,-0.001290937647826099,0.029401880667728506,1.3600830454595603,-1.4777692471293842,1.4777692471293842,23,2435.862845981376,2003.0672213608868,-0.11724607509508722,-0.00048258554522311384,-0.03925715544169318,2.1061938393165596,0.9181527391781463,0.9181527391781463,9,759.2949721869304,229.8449596506609,-0.1229511465234836,0.00029036378073301304,0.06374545104124418,0.6882074877992084,-0.811158634322692,0.811158634322692,9,804.9816325770848,944.2187093247345,5.199999999999999
yaw+,9.100000000000001,0.0,0.0,0.2,0.007997339605360861,-0.01321952522018436,0.11894610795875651,0.0007317917340356055,0.009052722613750907,0.01068679060257619,-0.00011297675145605185,0.006322712761767598,0.5140281575749364,-3.553191976564184e-07,-0.0033409340577432237,0.14273171960111863,0.007943888351407965,1.57080971105123,1.5707923375905466,0.6195953842546511,-0.7250479885974304,0.15125120427036892,1.5707963267948966,1.5707963267948966,0.8890133333333332,-0.8890133333333332,-0.11798473246359542,-0.0005092534822208027,-0.06923462736798044,1.6641007012607307,1.359507219865467,1.359507219865467,19,1480.8797443310457,757.0048440373605,-0.11853547373783346,-0.0017321676523031956,0.022485139086573114,1.3783428421545536,-1.496878315892387,1.496878315892387,22,2322.727970121388,1928.7630392960953,-0.11807532239471996,-0.0004938693573534811,-0.03694003283429176,1.9250443677957951,1.0984729633992778,1.0984729633992778,22,1855.9717446771992,563.7199196737593,-0.12382559950696503,0.0003761570914304225,0.051234566270933854,0.9145011913263925,-1.0383267908333575,1.0383267908333575,22,1953.2711771840868,2319.628299753553,5.300000000000001
yaw+,9.3,0.0,0.0,0.2,0.008123775286342338,-0.01359144868890438,0.12037481970612114,0.0005866354869647305,0.009416217605148613,0.0076897159658397855,0.0002390556054522885,0.0057095103632849005,0.542547525382851,-3.69294666579972e-07,-0.0035803729372702077,0.14252021674901008,0.012511442754058948,1.5708113617571735,1.5707930783334856,0.6149406055412198,-0.7275208115359361,0.15100576860532428,1.5707963267948966,1.5707963267948966,0.8890133333333332,-0.8890133333333332,-0.11931263829843886,-0.0005056470777283079,-0.057011488801079147,1.6393273198717737,1.3829526954195805,1.3829526954195805,16,1244.8508211367293,646.1926793260866,-0.119851340660591,-0.006891896736027578,0.012339551746939709,1.4152066188294705,-1.5350579594900615,1.5350579594900615,16,1679.6807870924404,1415.8465221488086,-0.11932444866334002,-0.0005012914253404331,-0.03387189398366683,1.7343104189666354,1.2879577859598177,1.2879577859598177,16,1350.0811689082534,412.2668271206776,-0.1250072470652004,0.000450477612736604,0.0291314299748564,1.2102381549709795,-1.33524540203618,1.33524540203618,27,2361.8426201822335,2876.850751885537,5.5
yaw+,9.4,0.0,0.0,0.2,0.00817174429104903,-0.013741390377977388,0.12087163958999868,0.0005494661981127788,0.009631421444529492,0.0066507092149449805,0.0004253729977543051,0.005400401696546486,0.5567884353644564,-3.729481430593547e-07,-0.0036091874035040147,0.14240909981605177,0.007251156509513848,1.5708119658914805,1.5707934198269413,0.6140947576787175,-0.7274364491484905,0.1509011346004225,1.5707963267948966,1.5707963267948966,0.8890133333333332,-0.8890133333333332,-0.11977124225730762,-0.0004905633964117674,-0.05281478155544762,1.6282710933637472,1.3935503179687383,1.3935503179687383,10,776.6485220613536,405.268751027997,-0.1203044559722457,-0.0057880920222766,-0.0017625442090513053,1.4296057881554642,-1.54991024412771,1.54991024412771,24,2511.136286732124,2130.997116402064,-0.11984279661144015,-0.0004910614179024775,-0.03264472402676303,1.689389812092496,1.3323600448858572,1.3323600448858572,24,2025.375875546679,619.7307562041026,-0.1254915299729218,0.000465595952534743,0.020760061360082224,1.2845381012401154,-1.4100296312130371,1.4100296312130371,23,2001.6825509317134,2460.1242560118008,5.6
yaw+,9.600000000000001,0.0,0.0,0.2,0.008255912721115116,-0.013995015539882144,0.12172458076186128,0.0005546759221396353,0.01007922697720825,0.005904186473602675,0.0008071239994931057,0.004796567831768441,0.5853606539561339,-3.7687997585031233e-07,-0.0035485390178273644,0.14307334681684336,0.005399922339309265,1.5708124665573076,1.5707937862240104,0.618553311050163,-0.7297522553419964,0.15166314336971778,1.5707963267948966,1.5707963267948966,0.8890133333333332,-0.8890133333333332,-0.12052940208887009,-0.00046155919986799396,-0.05058405082785145,1.6164462146669265,1.4046170368339963,1.4046170368339963,12,927.1478202845407,487.79394108525884,-0.12108624591461581,-0.005256906848896775,-0.0006726514152235533,1.4409127881068944,-1.5619990340215102,1.5619990340215102,19,1980.3402673364171,1689.3480657064658,-0.12059354529805333,-0.00046676331989787666,-0.032651365230467924,1.6546612839412635,1.3663378243504765,1.3663378243504765,19,1603.0908335636623,491.75977957459486,-0.12620741332462337,0.0004296191326115485,0.014854851259881003,1.3349096392602782,-1.4611170525849015,1.4611170525849015,21,1810.3808497188143,2262.4489501825537,5.800000000000001
yaw+,9.700000000000001,0.0,0.0,0.2,0.008296123444114484,-0.014099479920914038,0.12215653727518377,0.000564211942279647,0.010302317208729588,0.00574765981118934,0.0009990825441942624,0.0045069068268826,0.5997222368836039,-3.779410214825625e-07,-0.003474932793693524,0.14361582927470196,0.00596921627736043,1.570812623207953,1.5707939695322555,0.6225960652193262,-0.7313276854369966,0.15229510062521956,1.5707963267948966,1.5707963267948966,0.8890133333333332,-0.8890133333333332,-0.12091473867304536,-0.000454621935184041,-0.05036456100263708,1.6129210743784275,1.4077568405383203,1.4077568405383203,22,1694.950625551349,895.8990699208379,-0.12149993913753487,-0.005132119539534448,-0.00036916133980807384,1.4438775198718679,-1.5653774590094027,1.5653774590094027,22,2287.9730018845244,1958.5069988033633,-0.12095382640342578,-0.000463385882972402,-0.03280705892841515,1.6458712584479012,1.3747675687384664,1.3747675687384664,22,1856.2353249099629,570.2172888522775,-0.12654679726216944,0.000441720846202494,0.013332355592219285,1.3469028438559019,-1.4734496411180713,1.4734496411180713,20,1718.3333229599039,2160.296160714478,5.9
yaw+,9.9,0.0,0.0,0.2,0.00836038316192797,-0.014243195801281642,0.12287880181885033,0.0005700736862937418,0.010536067160433031,0.005338638909912543,0.0013890628153915424,0.003945106700459588,0.6285877390252839,-3.7831816371487937e-07,-0.0034100152708666197,0.14454474157909508,0.00661510154634769,1.5708130246501524,1.5707944285549775,0.6277147941490159,-0.7347362861598808,0.15325429092402781,1.5707963267948966,1.5707963267948966,0.8890133333333332,-0.8890133333333332,-0.12157384177839425,-0.00044730087862157944,-0.048828733707738076,1.6063736650024958,1.413645146808903,1.413645146808903,17,1304.8314805961625,694.7181811836483,-0.12212871187640406,-0.004823310447147063,0.00019112029955777564,1.4496349644182407,1.5698289772951481,1.5698289772951481,17,1761.7454218385656,1516.5030260018689,-0.12157978343478248,-0.000461296278330193,-0.0324562118496643,1.6307953523227363,1.3892175178322743,1.3892175178322743,17,1434.8875478016564,441.979865473043,-0.1271261572494602,0.000503216934290754,0.010115522719111886,1.3681207482140083,-1.4952469054634685,1.4952469054634685,17,1450.0534478717666,1846.370205859649,6.1
yaw+,10.0,0.0,0.0,0.2,0.008389447293186792,-0.01430242939849699,0.12320874338802479,0.0005720063433308798,0.010601117363287112,0.005124504510816148,0.0015895420624810507,0.003669262596039322,0.643085627209025,-3.7778982296237664e-07,-0.0034100131529034225,0.14497888183740976,0.008052626785236125,1.570813240951801,1.5707946819576657,0.6295169926049294,-0.7366070308444786,0.15366743918632975,1.5707963267948966,1.5707963267948966,0.8890133333333332,-0.8890133333333332,-0.12187576057097793,-0.00044346735956966084,-0.047922946366022165,1.6031811103044624,1.4165357827143525,1.4165357827143525,23,1762.0840412849598,941.430131285164,-0.12245408418996373,-0.004639394443080542,0.0004800294755628147,1.4522191512390192,1.5669194181608104,1.5669194181608104,23,2379.446806725005,2053.6482213400627,-0.12190157237402666,-0.0004676124055636244,-0.03210759204901777,1.624066622204306,1.3956244590114606,1.3956244590114606,23,1941.6917534247925,598.8705683097309,-0.1274097280227675,0.0005275305567510533,0.008496935663421974,1.3771670410487327,-1.5045767690715002,1.5045767690715002,23,1955.025361241459,2504.5870697345613,6.199999999999999
yaw+,10.200000000000001,0.0,0.0,0.2,0.008441541445623053,-0.014405630902830304,0.12378767068084158,0.0005539251511139183,0.010660019358833624,0.0046429339348158264,0.002003923099693623,0.0031244616637547858,0.6722107277687976,-3.8848022577777304e-07,-0.0034291676798701744,0.14585549886341714,0.005208118793889175,1.5708137446904225,1.5707947261072635,0.6333622033914823,-0.7410796528289613,0.1546030643848707,1.5707963267948966,1.5707963267948966,0.8890133333333332,-0.8890133333333332,-0.12238893993607114,-0.00043984729954881993,-0.045835425370629825,1.5978143602269936,1.4213893534267283,1.4213893534267283,21,1608.3519049866725,863.8849501198506,-0.12294907188514781,-0.0042797016125571035,0.001066087659575968,1.4590507290758497,1.5595928526287954,1.5595928526287954,23,2376.1341939802937,2059.0423487424537,-0.12240500452001157,-0.000498910043417994,-0.03153142705512227,1.613036093366612,1.4061515557031696,1.4061515557031696,23,1943.069122203335,600.5847607874941,-0.12783151726230102,0.0005312959326758456,0.004665370178874244,1.3970707509179752,-1.5249022681802762,1.5249022681802762,23,1942.4992108516158,2515.3501054934522,6.4
yaw+,10.3,0.0,0.0,0.2,0.008467443536527997,-0.01445755703708479,0.12406244690484369,0.0005422677099065287,0.010674923327354261,0.004364668761990925,0.00221855560820348,0.002854711547426627,0.6868389786639586,-3.9514572324872316e-07,-0.003447205207220593,0.14628250895160974,0.007484364546858739,1.570814029072924,1.570794732886208,0.635076390488574,-0.7433736671222926,0.15505392392057285,1.5707963267948966,1.5707963267948966,0.8890133333333332,-0.8890133333333332,-0.12262826824448325,-0.0004400522848899222,-0.044708913749644676,1.594771913092058,1.4241924722532522,1.4241924722532522,10,765.9956973379644,412.49965960796465,-0.12317826600512749,-0.004096321900172903,0.0013834615804248942,1.4630262522392556,1.5553881353454102,1.5553881353454102,23,2375.1155880164106,2061.3994171864674,-0.12265854252196107,-0.000529966661614977,-0.031149262799831944,1.6072400170130614,1.4116940940547709,1.4116940940547709,23,1944.094023803942,601.4770366949823,-0.12802211499054827,0.00038200096346406066,0.0034523763937635583,1.407763716377627,-1.5357858313681754,1.5357858313681754,23,1936.5415309943926,2520.567192515377,6.5
yaw+,10.5,0.0,0.0,0.2,0.00851468409634383,-0.01455546668741048,0.124536426210811,0.0005261604815386192,0.010683772102188398,0.003982155294494227,0.0026611135754917646,0.0023229181833745787,0.7162489803362935,-4.076563670961909e-07,-0.0034624527617142936,0.14730123760671832,0.001267786198731679,1.5708145439904833,1.5707947475593897,0.6399017018856327,-0.7486450174573336,0.15618963936452232,1.5707963267948966,1.5707963267948966,0.8890133333333332,-0.8890133333333332,-0.1230558644398041,-0.0004456382947000486,-0.04294464592516257,1.5905152769726512,1.428021512177338,1.428021512177338,20,1532.7825990553379,829.3958057004946,-0.12362380182676969,-0.0037047011720930615,-0.006901486445818773,1.4685386245470873,1.549430227215936,1.549430227215936,20,2061.6351327651755,1799.2171118922074,-0.12305994388061059,-0.0005954074904195145,-0.030675235753100764,1.5996556067657854,1.418877102943397,1.418877102943397,20,1692.0504827396107,524.1297672345792,-0.1283340215174924,-0.006908189217963909,0.005897196341079363,1.4217075547344258,-1.5500415762519182,1.5500415762519182,20,1677.4501677639175,2197.7067825466265,6.699999999999999
yaw+,10.600000000000001,0.0,0.0,0.2,0.008536617809302673,-0.014602577792576961,0.12474377311120949,0.0005204208851900141,0.010685092361444907,0.0038363067063316146,0.002888835389545186,0.0020612421369815654,0.7310352259069064,-4.1427615042754156e-07,-0.003468884202959391,0.14786245570613038,0.004432637511908598,1.570814768717578,1.5707947547979497,0.6422456651523145,-0.7511811161508216,0.15673856948448384,1.5707963267948966,1.5707963267948966,0.8890133333333332,-0.8890133333333332,-0.1232401923166977,-0.00045165130428748536,-0.042398589964187,1.5888304368037867,1.4295220244693088,1.4295220244693088,22,1686.5861005238569,914.3287408583208,-0.12377762807500314,-0.0036267201080347976,-0.007184955965277389,1.4706368254930886,1.5471782000217011,1.5471782000217011,22,2266.313350291922,1981.8278666540443,-0.12323374981391311,-0.0006324902945815175,-0.030489412498178256,1.5968152861563614,1.4215436176195189,1.4215436176195189,13,1100.3372948205738,340.98330757952226,-0.1284745073693374,-0.009957292044000936,0.004388886935685728,1.4267914118349334,-1.5552659192042708,1.5552659192042708,13,1088.6671953359032,1430.0806392474935,6.800000000000001
yaw+,10.8,0.0,0.0,0.2,0.008577709946248863,-0.014693253733043438,0.12511348484060678,0.0005110363711321845,0.010685532245377287,0.003595564441872504,0.003358436530297046,0.0015452437590997698,0.7607461257575605,-4.245674883727983e-07,-0.0035012792320014453,0.1487795976324292,0.003969279397133332,1.570815184947044,1.5707947697976739,0.6461251262853266,-0.7562468617031003,0.1577447643686581,1.5707963267948966,1.5707963267948966,0.8890133333333332,-0.8890133333333332,-0.12357533313388736,-0.00046872984206491625,-0.041321811634585454,1.586001478419266,1.4320158420366398,1.4320158420366398,23,1764.4053416962388,959.5551462898881,-0.12411451955012609,-0.0033815264311611868,-0.006643982678919249,1.4741348162149703,1.5433433178246965,1.5433433178246965,23,2365.8476496490352,2078.333115708486,-0.1235645766463147,-0.0007353927064608521,-0.030192194211952208,1.5922252420066836,1.4258028349367948,1.4258028349367948,23,1948.345035638493,604.0979081302318,-0.12869387031160162,-0.009162779257486356,0.002123210119072374,1.4349745313573317,-1.5636684016689333,1.5636684016689333,23,1920.9780770913733,2534.963476867051,7.0
yaw+,10.9,0.0,0.0,0.2,0.008595809991633653,-0.014734242492667908,0.12526809555732202,0.0005072059772382169,0.010685702488518998,0.0034897267209582977,0.003602091991544126,0.0012892065141723813,0.7756702828280876,-4.301032502713406e-07,-0.0035344455397649938,0.1492415707052704,0.004400197425317711,1.5708153673338936,1.5707947766400938,0.6474771401140054,-0.7584487425019432,0.15814452154797098,1.5707963267948966,1.5707963267948966,0.8890133333333332,-0.8890133333333332,-0.1237110455501309,-0.000480760552607483,-0.04087045175154237,1.584716582141247,1.4331650258984152,1.4331650258984152,21,1611.5290491928836,877.5676598261656,-0.12423987443558548,-0.003414603701743558,-0.007393890524681176,1.4756712682813495,1.5416815108728583,1.5416815108728583,21,2158.7377150211155,1900.222970676697,-0.12370903151698087,-0.0007994905320440095,-0.030053997484593524,1.590213716857181,1.4276699052156312,1.4276699052156312,23,1949.1885369206548,604.4662317731953,-0.1287966464812591,-0.007548867731097099,0.0010697116064948154,1.4384741237795655,-1.5672707702608246,1.5672707702608246,23,1918.52289862361,2537.30261071277,7.1
yaw+,11.100000000000001,0.0,0.0,0.2,0.008632372417398435,-0.014819171707824309,0.1255634068330282,0.0004986441626223675,0.010687072156187062,0.00327045060619864,0.004106658007538766,0.0007822722711919997,0.8056368285984031,-4.394635149854121e-07,-0.0035888420193286204,0.15001317277167564,0.004605690482013186,1.570815764281063,1.5707947925179067,0.6503996433403866,-0.7631705853739488,0.15900439010182504,1.5707963267948966,1.5707963267948966,0.8890133333333332,-0.8890133333333332,-0.12397612670960001,-0.0005285634558285447,-0.03989763516601104,1.5820688580066178,1.4355476688735753,1.4355476688735753,23,1766.2181463469024,963.8612108859492,-0.12448599178754005,-0.003048205856649664,-0.006234437201379918,1.4789560308033902,1.5381506309988628,1.5381506309988628,23,2361.753818197893,2086.2094683324735,-0.12394190286048179,-0.0009658143509961646,-0.029837540073999275,1.5861892550013161,1.4314614957279952,1.4314614957279952,23,1950.7327766545466,605.0297210469981,-0.1289444109017861,-0.009851203084296625,-0.0009530411267828602,1.4456845714258613,1.5669636712621458,1.5669636712621458,18,1497.9261331185094,1989.1287352983707,7.300000000000001
yaw+,11.200000000000001,0.0,0.0,0.2,0.00865196960933523,-0.014865945558636495,0.12571142705929417,0.0004943541634723724,0.010688520688034204,0.003150647072985977,0.004367427708435864,0.000531788239034684,0.8206774026804392,-4.442362602044253e-07,-0.003615841330842532,0.15040574082036065,0.004223296229989348,1.570815977963921,1.5707948045700801,0.6519662280350997,-0.7656545719506598,0.1594600155819547,1.5707963267948966,1.5707963267948966,0.8890133333333332,-0.8890133333333332,-0.12411012052481318,-0.0005668220469368488,-0.03935871430685009,1.5805701157442908,1.436912417320689,1.436912417320689,24,1843.79638016346,1007.2550634172229,-0.12462033521090898,-0.003115387779670184,-0.007674254041644709,1.4807500468761943,1.53622227150269,1.53622227150269,20,2052.2734404701514,1816.957027423241,-0.1240892869474921,-0.0011233470924688787,-0.024762104089920963,1.5839884996921123,1.4335148669501887,1.4335148669501887,20,1697.3987625074778,526.397513969711,-0.12902397204116056,-0.009799820513520168,-0.002343183043056196,1.4495216644676365,1.5630470170809962,1.5630470170809962,21,1745.3044381081002,2322.904127023988,7.4
yaw+,11.4,0.0,0.0,0.2,0.00868618047462557,-0.014949610403807228,0.12595113656424123,0.0004951465236181048,0.010697076072006479,0.002913977721699661,0.004905434329626171,3.788876506715549e-05,0.8508695655714906,-4.534530493146453e-07,-0.0036627995953173627,0.15114387919613712,0.002546599392469557,1.5708163511148587,1.5707948248497878,0.6547032859668042,-0.7698401613208816,0.16023870438638624,1.5707963267948966,1.5707963267948966,0.8890133333333332,-0.8890133333333332,-0.12433659942007402,-0.000687868715067875,-0.03808174034630577,1.5768017871145585,1.4404542670551606,1.4404542670551606,18,1384.1695087257049,757.5068771871119,-0.12483651985465105,-0.0027326119581322812,-0.007238651071347465,1.483631434236727,1.5331246994984151,1.5331246994984151,18,1845.272975067553,1638.9493761710075,-0.12427022271976895,-0.001260005414199335,-0.010057851322109256,1.578717574034883,1.4386048568351413,1.4386048568351413,17,1443.9869952319034,447.5555764134295,-0.12910561394162023,-0.008641390516278857,-0.00432648262762431,1.4560385236024864,1.5564485160456867,1.5564485160456867,17,1410.5885184098888,1882.7896565191759,7.6
yaw+,11.5,0.0,0.0,0.2,0.008701337259142048,-0.014987409707429525,0.1260482497680214,0.0004911576720031867,0.010702935932596656,0.0028120726638111646,0.005182267860484491,-0.00020493810770959008,0.8660202040092374,-4.5816753271160035e-07,-0.0036824135000138557,0.1515063843774669,0.003500084530785608,1.570816518724536,1.5707948310453732,0.6559610106992483,-0.7716356075553428,0.16058213803917515,1.5707963267948966,1.5707963267948966,0.8890133333333332,-0.8890133333333332,-0.12441205169967517,-0.0007522232011645635,-0.03771548437068688,1.5755142942220424,1.4416663076680756,1.4416663076680756,18,1384.6807997210803,758.1629565254668,-0.12490928913411192,-0.0026678383371115614,-0.007459390032016627,1.485258707965896,1.531424656489785,1.531424656489785,19,1946.9385563600304,1731.869635947027,-0.12434119451969927,-0.001494474006359703,-0.00926634679823393,1.5769577793615703,1.4402936797085237,1.4402936797085237,19,1614.6012221317599,500.31223408534487,-0.1291380252802714,-0.01026007863333013,-0.005426201506879612,1.4592788199699482,1.5531758083395735,1.5531758083395735,19,1575.397700755984,2105.5149938000995,7.699999999999999
yaw+,11.700000000000001,0.0,0.0,0.2,0.008731626389341201,-0.015064130725937182,0.1262231693476344,0.0004804691759978765,0.010727818431920883,0.002556380185687461,0.005750000096353781,-0.0006805188980536278,0.896422847245936,-4.666309825292286e-07,-0.003706940352229411,0.15217042748062612,0.0068338527025315204,1.5708168859751455,1.5707948829345337,0.6586839929691396,-0.775070033325893,0.16127474947751275,1.5707963267948966,1.5707963267948966,0.8890133333333332,-0.8890133333333332,-0.12456921105446384,-0.0011316691456843679,-0.036796574530869694,1.5722960573051135,1.444727385230216,1.444727385230216,20,1540.061680428439,843.9892301521851,-0.12505423724843734,-0.002428890541584814,-0.0070706388249425906,1.4895230153917254,1.5270154009496304,1.5270154009496304,21,2150.296018009528,1917.8211976517198,-0.12446394346469525,-0.002619725031507583,-0.010803153210058147,1.5727063863056658,1.444422323819432,1.444422323819432,20,1701.2606408891409,526.7649896068525,-0.1291590020588318,0.0005140417369905201,-0.003078785906464765,1.467427678587301,1.5450059729436605,1.5450059729436605,19,1573.2060549455991,2108.0450867890445,7.9
yaw+,11.8,0.0,0.0,0.2,0.00874560888628435,-0.015098964405518504,0.12629345646432372,0.00047510499946734955,0.010752737400664708,0.002383467239824477,0.006039221669833612,-0.0009117820428704421,0.9116658793443869,-4.696818804775287e-07,-0.0037031305473977233,0.15243032098450912,-0.0006281963937421423,1.5708170213553112,1.5707949138402117,0.6599888223042956,-0.7762359799311251,0.16155267286129804,1.5707963267948966,1.5707963267948966,0.8890133333333332,-0.8890133333333332,-0.12463081211345006,-0.0021320199378554016,-0.03642027015250478,1.5699324467649143,1.4470293947114286,1.4470293947114286,22,1694.8032785957093,929.0303769977651,-0.12510930552094646,-0.002304751880450173,-0.006561393341412833,1.4923485326413912,1.5241348154274554,1.5241348154274554,22,2252.2720645107947,2010.7184042549075,-0.12450072284289249,-0.002496196800879646,-0.011043951299231441,1.5697146648230096,1.4473772659238913,1.4473772659238913,18,1531.6933773745152,474.08506773557946,-0.12914850548738777,0.00014948570879571568,-0.0032772446866443303,1.4726860487589462,1.5397580993434592,1.5397580993434592,18,1490.155791801654,1997.7582747661136,8.0
yaw-,4.2,0.0,0.0,-0.2,0.0015124359014795086,-3.7272069639809197e-06,0.0002541718609794745,-0.0009296838740356491,0.0003393398083240055,-0.019413189225849174,-0.0003961562120067304,3.980207016816419e-09,7.085621316764085e-09,-0.00035200025588492164,-5.963376430092152e-09,3.712296592810745e-08,-0.017018860908160016,1.3497308744447878e-05,-1.9635413263330292e-05,0.0060328255966354966,-0.017106125923767895,-2.862262382447679e-08,0.0,0.0,0.0,0.0,0.0007266161899570633,-0.00042297501369930116,0.07639056186577306,-1.277731970512818,1.278458586702775,1.278458586702775,16,1964.59397780638,83.35661124207854,0.0004245812429299889,-0.0006100480938033802,-0.10090922070802288,-2.03301400310984,-1.108154069237023,1.108154069237023,13,1652.0080336305589,60.27625825773493,0.0006713357616243698,-0.0006103356201970257,0.07556212039972213,1.2963393536377439,-1.2956680178761195,1.2956680178761195,14,1536.11695978607,65.55853499928816,-0.005030015821446021,0.00024302825232628417,-0.10412351018663903,2.0059535263624944,1.1306091114058527,1.1306091114058527,14,1596.201289475251,56.36179044497613,0.09999999999999964
yaw-,4.300000000000001,0.0,0.0,-0.2,0.001530523543101129,-3.7079634809047968e-06,0.00025487532909719806,-0.0009341052775193326,0.00033936408429902386,-0.019377057643106325,-0.00043200606129005254,3.3714645358744406e-09,1.0868692417399553e-08,-0.00035849849283326417,-6.084884624856933e-09,3.783071100635467e-08,-0.02061634588391545,1.3491700666889983e-05,-1.9581148461789155e-05,0.006145694834687097,-0.01741701378100479,-2.90354765006847e-08,0.20020000000000016,0.20020000000000016,-0.8890133333333332,0.8890133333333332,0.0007359041775538699,-0.00042326678653424946,0.07865743100267016,-1.2783097659338147,1.2790456701113686,1.2790456701113686,22,2701.2951861377733,115.84872415041836,0.0004534490968088889,-0.0005296080245822607,-0.09856383693389521,-2.033563307935758,-1.1075758965572264,1.1075758965572264,22,2795.6660642804013,103.26690122632135,0.0006716242940827399,-0.0006297981819248094,0.07861480132294626,1.2969193077524515,-1.2962476834583687,1.2962476834583687,22,2413.8848081361944,104.11028896081663,-0.005138593012094184,0.00019816795049566738,-0.10458335339004254,2.0064282770673207,1.1300257835103782,1.1300257835103782,21,2394.2714001381355,85.6231120866515,0.20000000000000018
yaw-,4.5,0.0,0.0,-0.2,0.001403349811696094,-5.084181711225051e-05,0.0002353635728932115,-0.0016742631612327867,0.00033338600911165373,-0.01830361101770784,-0.0005382313161964991,-3.51736479303979e-05,-0.00036245623672225257,-0.0006186129559815515,-0.0002618104365775566,-0.0028690387854821025,-0.017379161583900682,0.40038886383964556,0.4004111243020674,-0.04619444133228723,0.023341690504971698,-0.003048776232638164,0.6006000000000005,0.6006000000000005,-0.8890133333333332,0.8890133333333332,0.0009195408308935171,-0.0003980149540660609,0.049514931191668055,-1.361241351267115,1.3621608920980086,1.3621608920980086,21,2486.611924627622,100.3050735575696,0.0007972609117130602,-0.00022861644479234972,-0.12215179088853181,-2.1027144500371024,-1.0380809426409776,1.0380809426409776,21,2656.6588002243457,90.81612461029975,0.000787477236529277,-0.0005184729366459022,0.04932652571891035,1.3754499351003526,-1.3746624578638234,1.3746624578638234,21,2326.1387359621067,93.42238288686139,-0.00534258869043569,7.881330841316009e-05,-0.11596689756258291,2.071735705223438,1.0645143596759192,1.0645143596759192,21,2496.267313413781,82.1350192096452,0.39999999999999947
yaw-,4.6000000000000005,0.0,0.0,-0.2,0.0012614554557731465,-0.0001464035471222605,0.0001970999194376868,-0.0014056266554949193,0.0007872295972882725,-0.0180158520088302,-0.000592330389282879,-7.21994482504548e-05,-0.0009040638163807016,-0.0005408564930080816,-0.00037045406433945183,-0.00541607579658449,-0.01728793743864819,0.6005884649975988,0.6006132000594802,-0.05667565484567351,0.03397770370879005,-0.005762731310615913,0.8008000000000002,0.8008000000000002,-0.8890133333333332,0.8890133333333332,0.000841952155963277,-0.00017080382314506662,0.04346963344812949,-1.3224490663047124,1.3232910184606759,1.3232910184606759,19,2188.6328129476524,81.51886159932909,0.000713581038738198,0.0001197609489589739,-0.09831615045876262,-2.1052003104848716,-1.0356787620661834,1.0356787620661834,19,2423.7456544269216,74.8596199313551,0.0007954897202635536,-0.00025857066792887504,0.04334634018821904,1.3607478127752517,-1.3599523230549881,1.3599523230549881,19,2094.439236042585,77.26728179267403,-0.005405294744605271,-4.750577578128967e-06,-0.09321406592772583,2.0325078976999698,1.103679461145218,1.103679461145218,19,2329.6600264759686,68.83311642073667,0.5
yaw-,4.800000000000001,0.0,0.0,-0.2,0.0009170109342551379,-0.0005903821069658585,0.00010073254969992971,-0.0013897203941655722,0.001734739632014551,-0.01311587310339853,-0.0006426784636242551,-0.00013084052451374034,-0.002497153050312825,-0.00012949011104434506,-0.0002020295102729251,-0.00854349174403951,-0.015352734416782626,1.000987966689701,1.0010183468166653,-0.05179459110287298,0.04071906626051273,-0.008762250085369868,1.2012,1.2012,-0.8890133333333332,0.8890133333333332,0.0008708388289875302,0.00011482599770243004,0.03438661844624156,-1.3363021055705648,1.3371729443995521,1.3371729443995521,20,2167.5658586399272,64.75160647336918,0.0004742077023847102,0.000996322239772746,-0.07696239707423921,-2.250047775954159,-0.8910706699332493,0.8910706699332493,20,2651.647460864904,61.42169763499179,0.0008966064619331249,5.8424982908632586e-05,0.0349548952911004,1.4319680432107302,-1.431071436748797,1.431071436748797,20,2138.9620420047195,62.126636842774516,-0.005434667050941755,-0.00013720249411276926,-0.07371302789615343,2.0120111848824163,1.124146801656435,1.124146801656435,20,2622.986913219255,55.99102258072689,0.7000000000000002
yaw-,4.9,0.0,0.0,-0.2,0.0007610609465324575,-0.0009907361002767772,3.8131571945018627e-05,-0.0012776870368353442,0.0016419309663104357,-0.009196974580744867,-0.0006385028470422744,-0.0001201304961882925,-0.003221913304162159,4.148859010781879e-05,0.000107204220756583,-0.0072476025384933355,-0.011924142354803614,1.2011883704997084,1.2012217052769723,-0.04038399620663667,0.03976689212700983,-0.008406926892772535,1.4014000000000006,1.4014000000000006,-0.8890133333333332,0.8890133333333332,0.0008449402736250278,-0.000988763476386158,0.006696085453308688,-1.4006939912770555,1.4015389315506805,1.4015389315506805,11,1140.41436855577,30.141771989920233,0.0004726214882495583,0.0013238214988309203,-0.07833037182375964,-2.3674814599988836,-0.77363857210266,0.77363857210266,11,1512.0882272192355,28.597528183712203,0.00091370143878855,-6.637268710091467e-05,0.03666903113822735,1.4889417796214195,-1.488028078182631,1.488028078182631,11,1142.105394662376,28.74649166057253,-0.005397376325336545,-0.0002956248971259165,-0.07684294258078933,2.025225975178204,1.1109693020862528,1.1109693020862528,11,1513.7496699531766,24.953159004397303,0.7999999999999998
yaw-,5.1000000000000005,0.0,0.0,-0.2,0.0004993660225927725,-0.002152463503157561,-0.0030504356757571813,-0.0019184442406682844,0.0028739609172856707,-0.045903836838003524,-0.0006390785821269694,-0.00021066235692092413,-0.008304341223996795,-2.271765597122574e-07,-0.0008933114264434812,-0.044963239982733244,-0.04453233903818249,1.5708004984620807,1.5708371568877926,-0.22581117547045354,0.1977637211139157,-0.047645505476208695,1.5707963267948966,1.5707963267948966,-0.8890133333333332,0.8890133333333332,0.0040852149667047755,0.00025519770785327467,0.15938134806598536,-1.2374072365083353,1.24149245147504,1.24149245147504,11,1113.114433049569,37.470532595688944,0.0036779855871511558,0.0005096266482535611,-0.2683291311430001,-2.062249101886592,-1.07566556611605,1.07566556611605,7,1020.5881024683913,13.339438537957491,0.004470359480228225,0.0001484572763427519,0.17036040249097048,1.3071615345481062,-1.302691175067878,1.302691175067878,7,708.9533247884,23.291076180721706,-0.0017542164677442074,-0.00021375971761834756,-0.27203339185909947,1.9660215356699104,1.1738169014521382,1.1738169014521382,20,2918.204599951926,34.46389804836898,1.0
yaw-,5.2,0.0,0.0,-0.2,0.0002216380807274973,-0.002875841040462266,-0.008555505682591837,-0.0030342784508254035,0.0025292679410032068,-0.0686830002091977,-0.0006414195560373223,-0.0004890866364945333,-0.015601490787699457,-2.8789543767679187e-07,-0.0027843411929232807,-0.07297149563702662,-0.0700593811600136,1.5708110363020582,1.5708454527080278,-0.38742315054188226,0.30000270524429007,-0.07732458328884298,1.5707963267948966,1.5707963267948966,-0.8890133333333332,0.8890133333333332,0.009702172361601313,0.0002199827154453493,0.22463966490072781,-1.2591453010248557,1.2688474733864572,1.2688474733864572,18,1815.6898536608292,93.45712455120506,0.009982980249558793,0.0005167371053230035,-0.3988785948546117,-2.0431047370413102,-1.088504936298924,1.088504936298924,18,2622.0500014881427,100.44098302561154,0.010591355488820398,0.00011874523101686185,0.24242436531809317,1.299309874930366,-1.2887185194415456,1.2887185194415456,18,1820.6301354721827,93.75552682270987,0.004286109099657764,-0.00021389612763388077,-0.3813108455808162,1.9865007758794346,1.159377986810016,1.159377986810016,18,2626.908956702042,96.77161349619142,1.0999999999999996
yaw-,5.4,0.0,0.0,-0.2,-0.0005532969972762772,-0.0044025746062334795,-0.02373668907852313,-0.0035829256068530334,0.0028608215009166623,-0.08054779938589815,-0.0006597616792725613,-0.0013813867036208422,-0.034563380174583505,-3.936395347929068e-07,-0.004827490745983862,-0.09958007687122862,-0.08203511048792056,1.570809155230111,1.5708463783448092,-0.554109506562231,0.3990026433287883,-0.10721010738635069,1.5707963267948966,1.5707963267948966,-0.8890133333333332,0.8890133333333332,0.025877575459332114,0.00018449772503099926,0.23903311281373765,-1.2605457502408657,1.2864233257001976,1.2864233257001976,21,2093.5865624409926,213.97287102865928,0.02527180088025638,0.0005295311362850524,-0.46424329607956916,-2.042489112782609,-1.073831739926928,1.073831739926928,21,3026.812112361643,402.22772459879957,0.025882230163174924,9.036949634416702e-05,0.2897327319646061,1.2992065558070218,-1.273324325643847,1.273324325643847,21,2104.9028714056494,228.5562614890907,0.01957812744286791,-0.00021997785342688092,-0.41344078824600616,1.9878647360886041,1.1733060449440567,1.1733060449440567,21,3041.79631201625,383.96827695088484,1.2999999999999998
yaw-,5.5,0.0,0.0,-0.2,-0.0009356837126182488,-0.0050725142110938995,-0.0311428257480593,-0.0034478685747756487,0.0034660887631971483,-0.0782125992629144,-0.0006779223033246346,-0.0019052170962050629,-0.04517846904481417,-4.803317976184136e-07,-0.005241451002858969,-0.10615088870230671,-0.08182388445624368,1.5708040729921926,1.5708437598195504,-0.5849461989151444,0.41966305456935826,-0.11300272058103987,1.5707963267948966,1.5707963267948966,-0.8890133333333332,0.8890133333333332,0.03233711818309892,0.00017945048902170968,0.2249857884739524,-1.2542210591781118,1.2865581773612105,1.2865581773612105,24,2372.615272335903,301.5633261833701,0.03285960878139349,0.0005320969348359683,-0.45244186081053034,-2.049508340181881,-1.0592247046265184,1.0592247046265184,23,3281.9040972078674,603.0885852738129,0.033470601531083055,8.639973569227188e-05,0.2884779608086784,1.3026759715246607,-1.2692053699935777,1.2692053699935777,23,2287.245975956094,317.946585721739,0.02716673115416146,-0.00022195320080475867,-0.3886862037108964,1.981306571623397,1.1874528131205575,1.1874528131205575,23,3305.426752490485,567.7016717151753,1.3999999999999995
yaw-,5.7,0.0,0.0,-0.2,-0.001689854985439148,-0.006276052152622079,-0.04565179562314123,-0.0028792318220413602,0.005242972187160071,-0.06730845614904024,-0.0007315611509811603,-0.0029617327055719072,-0.06741180373342695,-5.710282277285038e-07,-0.005227738903468421,-0.11226458253860677,-0.06636485928787801,1.570795667579608,1.5708359933895952,-0.6114364767407184,0.44882195301238687,-0.11926237657476554,1.5707963267948966,1.5707963267948966,-0.8890133333333332,0.8890133333333332,0.04724463434088655,0.0001787189430475511,0.18725083837384776,-1.2284251345108015,1.2756697688516878,1.2756697688516878,20,1936.509810821189,333.67288580675864,0.046957284390608756,0.000530145002360427,-0.3927146435166622,-2.0787817217241265,-1.015853647475058,1.015853647475058,18,2497.1119414448567,710.0529109411126,0.047569180007676515,9.121307271110768e-05,0.26452176821235196,1.3153507850146835,-1.267781605007007,1.267781605007007,18,1751.6483777484348,348.14733171267625,0.04126559558484644,-0.00022351123371328052,-0.3145701464260246,1.9581149220314478,1.2247433271431918,1.2247433271431918,18,2530.9717430109345,651.0410608175099,1.5999999999999996
yaw-,5.800000000000001,0.0,0.0,-0.2,-0.0020119715811561037,-0.006731423630917006,-0.05183795272121543,-0.002554610627962124,0.006188408309069648,-0.060979768678078076,-0.0007650257866958336,-0.0034564483417446365,-0.07874944025333076,-6.420663897596278e-07,-0.004958461842091876,-0.11337636519903803,-0.059811767663046134,1.5707896134592252,1.5708323464508762,-0.611601282691599,0.45782136663878875,-0.12029320696573133,1.5707963267948966,1.5707963267948966,-0.8890133333333332,0.8890133333333332,0.05324009088781345,0.00018047895459000207,0.16875922912609914,-1.2081458031527688,1.2613858940405822,1.2613858940405822,11,1053.3543795728758,201.9146972397064,0.05303689976045067,0.0005278074686044659,-0.3548953710916115,-2.101654251446705,-0.9869015023826373,0.9869015023826373,21,2858.557358444058,966.4098106796074,0.05376457962971859,9.61661268812572e-05,0.24748116268486897,1.3235121588422698,-1.2697475792125512,1.2697475792125512,21,2014.5264866548034,464.003867586602,0.04746096370286601,-0.00022368811201536887,-0.2750096834805366,1.9431738084371861,1.2458798088554728,1.2458798088554728,21,2910.928510843468,874.72263426675,1.7000000000000002
yaw-,6.0,0.0,0.0,-0.2,-0.0025388927097910567,-0.007377018426700627,-0.06203517738647108,-0.001972087507318052,0.007813069994646033,-0.049293170106012155,-0.0008405579743745401,-0.004349248376362994,-0.10154993342092151,-7.574957872185879e-07,-0.004316416632319662,-0.11409172178185979,-0.04607295009975375,1.570780261675333,1.5708265442950973,-0.6046808647564879,0.47049205586189086,-0.1209400219335532,1.5707963267948966,1.5707963267948966,-0.8890133333333332,0.8890133333333332,0.06299556449180788,0.00015350104788445368,0.13863192519389356,-1.1501799789113951,1.213175543403203,1.213175543403203,20,1872.5925149731836,418.00732885149745,0.06308446503419951,0.0005536870979265113,-0.2836232430440593,-2.166765668556257,-0.9117425199993368,0.9117425199993368,19,2506.6290305565863,1037.4731464321994,0.0639737183652258,7.145946375298334e-05,0.21196103658658302,1.3413135163637302,-1.2773397979985044,1.2773397979985044,22,2054.426474579874,573.9978292227804,0.05785271687611182,-0.00023375898914740345,-0.20444858162597188,1.9112010278769251,1.28824434258898,1.28824434258898,22,2972.9008575742146,1085.4781062730985,1.8999999999999995
yaw-,6.1000000000000005,0.0,0.0,-0.2,-0.0027773601951280973,-0.007622482626021216,-0.06671614905966186,-0.0016580102691207826,0.008520467191163,-0.04333737224711377,-0.000881458159703303,-0.00474983552117275,-0.11296006207978619,-7.976056690068628e-07,-0.004026696901742316,-0.11410128658864674,-0.041403908867833294,1.5707760447056183,1.570823889142404,-0.599724992743313,0.47493747013142257,-0.12088260347474908,1.5707963267948966,1.5707963267948966,-0.8890133333333332,0.8890133333333332,0.06810815134880599,0.00017183574340146057,0.12358776912901567,-1.1005667184520442,1.1686748698008502,1.1686748698008502,12,1110.9105357777717,262.76378565311927,0.06770009515254838,0.000535805947964138,-0.24646392823660826,-2.2183610274320835,-0.8555315310051612,0.8555315310051612,22,2845.097947446056,1300.329859379795,0.068314251255984,9.444037765574814e-05,0.19494959890148772,1.3510017803655858,-1.2826875291096018,1.2826875291096018,22,2028.013726402986,607.0557425992818,0.06201058060271958,-0.00022872064494349614,-0.17437376604472313,1.891762814534253,1.3118404196582594,1.3118404196582594,22,2938.6786183249883,1147.4014430451628,2.0
yaw-,6.300000000000001,0.0,0.0,-0.2,-0.0031323530288962197,-0.007918210125624986,-0.07382141188594069,-0.001202230689942864,0.009603005647555842,-0.03367278131038691,-0.0009665265497913189,-0.005463191775227409,-0.13567279571848037,-8.479303423334001e-07,-0.003470184475126332,-0.11332137622293455,-0.034323939237824806,1.5707706546556244,1.5708204977812459,-0.587684206214531,0.47954746945003923,-0.12004675692874794,1.5707963267948966,1.5707963267948966,-0.8890133333333332,0.8890133333333332,0.07470575500203314,0.00012043282557230167,0.10192930489583724,-0.9436924011531743,1.0183981561552073,1.0183981561552073,24,2176.0071397532242,559.8395432817838,0.074656891589302,0.0005786448061246563,-0.18379573066934515,-2.3803605148518625,-0.6865752471486282,0.6865752471486282,24,3017.8412444521373,1547.6851935620955,0.07542583465413788,5.266054536819803e-05,0.16251020974709005,1.3718686591421143,-1.2964428244879764,1.2964428244879764,22,1976.7571760310548,662.1581855825968,0.0691221946125884,-0.00024519761428356407,-0.12204217685025205,1.8548614909130698,1.3558533572893117,1.3558533572893117,22,2875.610866347324,1248.9374037666885,2.2
yaw-,6.4,0.0,0.0,-0.2,-0.003289038018457934,-0.008015398710394504,-0.07703326501004251,-0.001005739081969567,0.01000353166272412,-0.029387687286174115,-0.0010098907210175352,-0.005780214108999379,-0.1469583132615546,-8.629522632785567e-07,-0.0031845471129024524,-0.11283924982849625,-0.035638774895817155,1.570768793048149,1.5708193453813104,-0.5814923284769963,0.48150654775926316,-0.1195706336487205,1.5707963267948966,1.5707963267948966,-0.8890133333333332,0.8890133333333332,0.07823581706101645,4.778963289719593e-05,0.09288144737174703,-0.7971513537099876,0.8753871707710039,0.8753871707710039,16,1434.2354535254246,382.456388493179,0.07762476828336329,0.0006360001321458128,-0.15937936121615207,-2.518833208614919,-0.5451346766915108,0.5451346766915108,16,1980.2150569558453,1073.4504268297012,0.07824070037340203,-1.1396357898353637e-05,0.14925222711423106,1.3828618870267162,-1.3046211866533142,1.3046211866533142,15,1334.454741368559,464.4083210570747,0.07193708821337452,-0.00026557397535449667,-0.10281482864694146,1.8355723043996577,1.3779574374035102,1.3779574374035102,18,2333.787505285727,1050.575665447612,2.3
yaw-,6.6000000000000005,0.0,0.0,-0.2,-0.003516042330041186,-0.008131841579668717,-0.08179574117359122,-0.0006980155116977708,0.010452509731983629,-0.022973653711902048,-0.001102904738577728,-0.0063842450168886695,-0.16949570311801626,-8.829430618663374e-07,-0.00300354197294897,-0.11258559567470883,-0.02328492901663204,1.5707663262619942,1.5708179746585902,-0.5769473885961159,0.48309998369500784,-0.11923863593177726,1.5707963267948966,1.5707963267948966,-0.8890133333333332,0.8890133333333332,0.08289062276447012,2.167880480456394e-05,0.07965202358989651,-0.2950023848989503,0.3778930076634204,0.3778930076634204,20,1759.6370623478376,493.860508432039,0.0823407595133796,0.0006652066230981718,-0.1168513528916273,-2.923191348465339,-0.13606054561107506,0.13606054561107506,20,2412.6179446355795,1417.0625152386096,0.08295808143191064,-3.459145367040381e-05,0.1262332779520342,1.4009684491038434,-1.3180103676719328,1.3180103676719328,18,1566.0485121126385,585.2967450406591,0.07665451647459776,-0.0002790908367489818,-0.0700207622021177,1.8013994369377793,1.4168477331266116,1.4168477331266116,18,2294.467154685879,1101.065632758833,2.5
yaw-,6.7,0.0,0.0,-0.2,-0.0036080796191956185,-0.008168889906939748,-0.08377068574333625,-0.0005819829327957996,0.010642679539089855,-0.020380677236192375,-0.001152215086582358,-0.006671850891395414,-0.18073041089677358,-8.884543619454893e-07,-0.0029180240159672396,-0.11234707778757329,-0.020811376998890244,1.5707657270045825,1.5708176826703069,-0.5748369922987366,0.48349454641552425,-0.11904563167423993,1.5707963267948966,1.5707963267948966,-0.8890133333333332,0.8890133333333332,0.08464987030627746,-4.9519453742177116e-05,0.07464621556594224,0.10294020889739511,-0.018290338591117727,0.018290338591117727,14,1219.3704431928013,350.32367739330994,0.08434998813998895,0.0007071123239164902,-0.10123197371745549,3.064829608080105,0.1611130336496771,0.1611130336496771,14,1666.0020260469873,1016.0916129972875,0.0849681618102558,-7.425054823433086e-05,0.11736725489377736,1.4101547410191948,-1.325186579208939,1.325186579208939,11,945.9192680266682,365.6214789998752,0.07866459261672976,-0.00029930558111861474,-0.05824443716296966,1.78509167391368,1.435165572292843,1.435165572292843,11,1389.7804099880666,687.092142388716,2.5999999999999996
yaw-,6.9,0.0,0.0,-0.2,-0.003776217313229014,-0.008276619263292248,-0.08733811873198238,-0.0005198727153383434,0.01023890705991232,-0.01910625520954301,-0.0012765109944221907,-0.007328753980535192,-0.20362685019255547,-9.198328807802513e-07,-0.0035319308867276696,-0.11536481681164398,-0.019654850324136473,1.5707664537029444,1.5708188673574535,-0.6001580010319336,0.4881294500457793,-0.12241520007415545,1.5707963267948966,1.5707963267948966,-0.8890133333333332,0.8890133333333332,0.08849011606044144,-5.107005976635187e-05,0.07140411549815487,0.18207701877167323,-0.09358690271123171,0.09358690271123171,20,1714.0926219902317,508.95443527076236,0.08787654549236912,0.0007420252147805756,-0.09433677659868306,3.0034520147757275,0.2260171843064347,0.2260171843064347,21,2445.792819703345,1575.2339830381106,0.08849640829537186,-7.942438916509753e-05,0.11334960664486643,1.4109726379796415,-1.3224762296842696,1.3224762296842696,21,1773.407667434064,718.895975451005,0.08219289363318083,-0.0003088398416887829,-0.052085470764742084,1.7811189464595516,1.4426666007634221,1.4426666007634221,21,2617.4650281813533,1349.710403667606,2.8
yaw-,7.0,0.0,0.0,-0.2,-0.0038598909486309285,-0.008368910966369141,-0.08903870195375392,-0.0004922355854731278,0.01002945481379398,-0.018546515667806397,-0.0013555358180921925,-0.0077109987573210585,-0.2153218587504802,-9.361686591205931e-07,-0.00390328045843537,-0.11695008557924702,-0.017009363350760427,1.5707668854042245,1.5708195695414364,-0.6134195674429365,0.4897349834645444,-0.12408751468024584,1.5707963267948966,1.5707963267948966,-0.8890133333333332,0.8890133333333332,0.09009753161757583,-5.051763627895306e-05,0.0700150353491951,0.2092455048704355,-0.11914797325285975,0.11914797325285975,19,1617.3514082732215,486.54685966804584,0.0896164881516599,0.000802916822644717,-0.09085579542472266,2.9815007433129668,0.24970839842848624,0.24970839842848624,23,2648.455965679167,1753.8155484698432,0.09023730539966568,-7.724730347437661e-05,0.11146266113861102,1.4110823379437973,-1.3208450325441317,1.3208450325441317,23,1923.8485731149262,798.7347897650296,0.08393382343088795,-0.00031226398300398736,-0.04899964974815031,1.7795538525459615,1.4459726244747193,1.4459726244747193,24,2970.3495467478683,1565.0329766019586,2.8999999999999995
yaw-,7.2,0.0,0.0,-0.2,-0.004025603615701704,-0.008626065507331662,-0.09225187518244463,-0.0005268178958417587,0.009636993351726724,-0.01740233717864539,-0.0015505759857498023,-0.008576221229092853,-0.23914784944246026,-9.682291385073972e-07,-0.004630563347392858,-0.11992872485559708,-0.018444518409733667,1.5707675522998654,1.5708208864718598,-0.6407550904148588,0.4925260221992592,-0.12747627844355328,1.5707963267948966,1.5707963267948966,-0.8890133333333332,0.8890133333333332,0.09321742057306093,-0.0001575287405355258,0.06596354256925621,0.28787549913302574,-0.19465807855996475,0.19465807855996475,26,2193.5956058405286,678.8583532005418,0.09274127519504649,0.0008428963829561556,-0.08519856491950595,2.928365220223007,0.3059687085618328,0.3059687085618328,16,1815.4342962878202,1264.4835908952575,0.09344120472488804,-0.0002493997531524579,0.10608043352698067,1.416451069403581,-1.323009864678693,1.323009864678693,16,1316.7624209389976,570.3390034678378,0.08713782011202298,-0.0003609615057349608,-0.04563556723360638,1.7804374155932698,1.448293058108546,1.448293058108546,16,1952.626392532759,1069.3862425648358,3.0999999999999996
yaw-,7.300000000000001,0.0,0.0,-0.2,-0.00410722290672404,-0.008762862687978564,-0.09376928633011065,-0.0007779289543932521,0.009707919654672539,-0.01704554225993008,-0.001669920365076701,-0.009065289342413626,-0.25143210732093346,-9.99414538171099e-07,-0.005034190007893718,-0.12284257878473245,-0.014271759513645482,1.5707673658759473,1.5708210066152608,-0.6580503001793062,0.500429519654111,-0.13031073618000275,1.5707963267948966,1.5707963267948966,-0.8890133333333332,0.8890133333333332,0.09467139699317872,2.9739131529933627e-05,0.06337741059627061,0.40780779032215997,-0.31313639332898124,0.31313639332898124,10,862.6962423053109,271.01403895658075,0.0943912211435336,0.0005909908448464389,-0.08684648081437411,2.8796012467215952,0.3563826280117315,0.3563826280117315,4,453.8142216255237,323.94058637876805,0.09501516669139054,0.00012855152807528594,0.10372136319333401,1.4326792013478815,-1.337664034656491,1.337664034656491,5,411.0762194839881,181.67654889273157,0.0887117510963602,-0.0002580589415616674,-0.04890413094816266,1.7911090468763007,1.4391953578098526,1.4391953578098526,5,606.2771173676218,338.3467874514694,3.2
yaw-,7.500000000000001,0.0,0.0,-0.2,-0.004273919664111423,-0.00906317111943645,-0.09679653352190054,-0.000907796396712156,0.009241123369948982,-0.01638126252770113,-0.001931037540974287,-0.010054790985626958,-0.2762342481434927,-1.002018106817799e-06,-0.005283462144840413,-0.1244753607640002,-0.01950930079917185,1.5707688844423782,1.570822314516251,-0.6705313650580886,0.5032368429725811,-0.1320304390944553,1.5707963267948966,1.5707963267948966,-0.8890133333333332,0.8890133333333332,0.0976833234607648,0.001609258400756557,0.05692050213033792,0.40068546105884845,-0.3030021375980836,0.3030021375980836,23,1958.4053788483645,628.831603632166,0.09734296165918277,-0.0004943120570022885,-0.08576194916966096,2.909722370572445,0.3292132446765308,0.3292132446765308,18,1998.7821090757027,1496.1477029332882,0.09797003348671574,0.0014576606655614596,0.09658028423738392,1.4409725652243377,-1.343002531737622,1.343002531737622,19,1541.8797291651028,707.712368821923,0.09166591446325878,0.00011794504905649275,-0.048324111320428687,1.8008740098545752,1.4323845581984767,1.4323845581984767,19,2280.486797486859,1318.798090425689,3.4000000000000004
yaw-,7.6000000000000005,0.0,0.0,-0.2,-0.004363238043391126,-0.009269507914788278,-0.09831388288858989,-0.0009664789748028976,0.009002816231499225,-0.01582086101844012,-0.0020876284411707764,-0.010606805800179591,-0.2888172200445276,-1.0089048540129094e-06,-0.005737953078677405,-0.1258297190103493,-0.014619513396542754,1.570769520968784,1.5708228834321174,-0.685555904426691,0.5025960298993225,-0.1336483817905784,1.5707963267948966,1.5707963267948966,-0.8890133333333332,0.8890133333333332,0.09928545187656379,0.002032702256673506,0.053978920798266425,0.44612215781441916,-0.3468367059378554,0.3468367059378554,12,1015.7650752874646,330.2497859904847,0.09879252778689018,-0.0008191214135322145,-0.0844709616404971,2.8965223038172554,0.3438628775594279,0.3438628775594279,12,1319.7492004436476,1009.5812221086691,0.0994216648803814,0.0017996399029174322,0.09291738594328729,1.4467574301528556,-1.3473357652724742,1.3473357652724742,12,968.6580556027983,452.0518473519171,0.09311697271707686,0.0002262220415555627,-0.04779126569455235,1.8048596615609365,1.4298499647459337,1.4298499647459337,12,1433.2871654117625,842.3484914779725,3.5
yaw-,7.800000000000001,0.0,0.0,-0.2,-0.0047109327483768546,-0.009631625070523366,-0.10125806946028827,-0.009060807315802968,0.00964926781119568,-0.018178955283750832,-0.00270928564838831,-0.012631504347001441,-0.3174893663263441,-2.9680804893445123e-07,-0.015002950210242724,-0.15937079525418918,-0.016147123266280806,1.5707936856373612,1.5708092061826102,-0.987887064530439,0.5198532741904082,-0.16959704451462507,1.5707963267948966,1.5707963267948966,-0.8890133333333332,0.8890133333333332,0.10222482329261862,-0.000507974770698208,-0.024878700539015183,3.056788747481498,0.18702872940091364,0.18702872940091364,18,1515.4091001432882,475.3384490169654,0.10193621884832282,-7.38563878006325e-05,-0.2861223372903432,3.1044127127365466,0.13911615970156932,0.13911615970156932,18,1900.914760909566,1533.8201049523468,0.1027030189325453,-0.0004975092830418748,-0.03578352454646975,1.8557613969644622,1.388534275557876,1.388534275557876,20,1740.6798470743659,809.2531748973228,0.09642295197015915,-2.0551755524379767e-05,-0.25007985228439206,2.1607307479640174,1.0772848575959348,1.0772848575959348,20,2443.3997047334715,1505.2914916285326,3.7
yaw-,7.9,0.0,0.0,-0.2,-0.004826960502460613,-0.009656500373496576,-0.10350676536113845,-0.009171670684496272,0.01086407002074456,-0.020497820744105777,-0.0031576870231246126,-0.013995970133175112,-0.33400792106743715,-2.8999023433499795e-07,-0.014330521076101773,-0.16568631295755823,-0.020931616990318293,1.5707942530759418,1.5708089650945736,-1.0053904833383227,0.5554526159989899,-0.17557026883257737,1.5707963267948966,1.5707963267948966,-0.8890133333333332,0.8890133333333332,0.10466435631948912,-0.00048781574736759745,-0.030372107800931525,3.042840408189351,0.20341660171993103,0.20341660171993103,18,1515.1062105302587,483.85832007941065,0.10433545016055223,-8.992186642087924e-05,-0.2966208546343451,3.102681447645593,0.1432466561047523,0.1432466561047523,18,1875.3943843663044,1566.459434447319,0.1051595371612164,-0.0005383991403024938,-0.029035043615123338,1.8100319700854628,1.4367202206655465,1.4367202206655465,19,1644.2199958337715,787.0204961626158,0.09871962042633431,5.275400340697123e-07,-0.2540332114857081,2.1263078673749694,1.114004406641158,1.114004406641158,22,2666.1536967815177,1684.4637683104895,3.8
yaw-,8.1,0.0,0.0,-0.2,-0.005053484619614006,-0.009494218478840709,-0.10833145922067906,-0.009218354047552132,0.011562100272890403,-0.0214600953523518,-0.004118954624225871,-0.01669142918710655,-0.3683508063805311,-2.784204880919875e-07,-0.01439112972854073,-0.17366380107044388,-0.023573584746854472,1.570794255778698,1.570807382692112,-1.0460685290930996,0.5933655207800062,-0.18441051313455345,1.5707963267948966,1.5707963267948966,-0.8890133333333332,0.8890133333333332,0.10956572764226458,-0.0005573569373191964,-0.046261943267297795,2.9985935648074125,0.25256481642464523,0.25256481642464523,22,1849.5522579947374,612.8328946446317,0.10917690538077629,-9.713324261989217e-05,-0.2993373611940831,3.0875716842304235,0.1631978747401459,0.1631978747401459,24,2419.8397086080026,2183.0246325280364,0.11014354134723003,-0.0005899176323985421,-0.023392279026516694,1.791845579720981,1.4598906152160422,1.4598906152160422,24,2051.1238027228605,1042.6455720671147,0.10359244558925784,9.421015048229064e-06,-0.2523665687038597,2.1100136311602364,1.1351714680188145,1.1351714680188145,24,2862.555606007849,1898.2010714712833,3.999999999999999
yaw-,8.200000000000001,0.0,0.0,-0.2,-0.005159526456827431,-0.009391361005286236,-0.1106470797108673,-0.009198913883221756,0.011540304691203552,-0.021173580535522693,-0.0046494281792885984,-0.0180657539444847,-0.3860680474990342,-2.746911554168373e-07,-0.014731499348704609,-0.1771724111850311,-0.023098888857703274,1.5707939590841828,1.5708064015871201,-1.0680111119908338,0.6042079146182409,-0.18809830672679267,1.5707963267948966,1.5707963267948966,-0.8890133333333332,0.8890133333333332,0.11213676520575344,-0.0005462056976669322,-0.03307593012560173,2.9759382379151305,0.2777911808804161,0.2777911808804161,24,2015.951162034535,681.0620192853428,0.11168709089813333,-9.679259531349474e-05,-0.29630438664299197,3.0780781355519458,0.1752016089359807,0.1752016089359807,22,2181.36227147878,2042.1424588406994,0.11283435803413511,-0.0005928945495197353,-0.023829078264205238,1.795004994962401,1.4594220166615273,1.4594220166615273,22,1867.287388365001,979.2753828311995,0.10622419269337868,9.620777282209197e-06,-0.24911591591174598,2.110818348411808,1.1369984978713639,1.1369984978713639,22,2601.9629705971383,1768.892199917127,4.1000000000000005
yaw-,8.4,0.0,0.0,-0.2,-0.005374825350304714,-0.00919439058284268,-0.11531917509236839,-0.00908125060310454,0.011434392707281893,-0.019264545170124724,-0.005831467737139785,-0.020899272706744944,-0.42241748002040447,-2.7857746264234654e-07,-0.015531941911723395,-0.18305381305106747,-0.02157441377462717,1.5707927434207072,1.570804101138533,-1.1073482314322531,0.6189536913496342,-0.1941817808607377,1.5707963267948966,1.5707963267948966,-0.8890133333333332,0.8890133333333332,0.11708649235341984,-0.0005270989464634702,-0.03402433183203965,2.83156523658169,0.4271139093615228,0.4271139093615228,15,1258.136044077835,441.34509323697415,0.11634812440880271,-2.0318886995805002e-05,-0.279675929609656,3.0094937861386453,0.24844699185995056,0.24844699185995056,15,1441.0845501343313,1443.1326478950255,0.11742929091045973,-0.000595588683094745,-0.031409900705495854,1.8172828156678988,1.4417391288323538,1.4417391288323538,15,1256.657683954272,696.6898584667638,0.11069997905904749,-1.15873919375592e-05,-0.23670001200914392,2.1160673653727504,1.1362252672760902,1.1362252672760902,15,1747.3271059329907,1241.5574183049944,4.3
yaw-,8.5,0.0,0.0,-0.2,-0.005467078076464016,-0.009094108812354788,-0.11735326390730971,-0.008954634378073981,0.011593911885899522,-0.017098706705784623,-0.006474452208399798,-0.022329723746742552,-0.44087809125629834,-2.9273349737860486e-07,-0.01568317317144342,-0.18460611235893948,-0.016296391461811388,1.5707914726233314,1.5708024625377472,-1.1163596289359203,0.6237638058529751,-0.19573648330328772,1.5707963267948966,1.5707963267948966,-0.8890133333333332,0.8890133333333332,0.11908159888699554,-0.0005147734882053126,-0.02494808354162298,2.656980030641637,0.6036942218351515,0.6036942218351515,19,1593.77241382401,564.033741365635,0.11794448250287193,1.2147106403837676e-05,-0.26480248654809174,2.9052989052850506,0.3542382308076144,0.3542382308076144,19,1804.758865534789,1851.1249991881928,0.11926995776240279,-0.0005794696165472638,-0.0330479527251136,1.8418022369226368,1.4190603744295593,1.4190603744295593,19,1584.3046504755953,895.9068333045703,0.11259374545092893,-5.2397646945586546e-05,-0.22532582658970504,2.116709085281582,1.13747731375914,1.13747731375914,25,2892.434470555688,2095.7662215789587,4.3999999999999995
yaw-,8.700000000000001,0.0,0.0,-0.2,-0.005611050921115959,-0.008824022728407448,-0.12077561497208852,-0.008632136355681039,0.012086793362996496,-0.01186875394232055,-0.00783471847415255,-0.025144681143291558,-0.4779991559573804,-3.338674070757427e-07,-0.015581373467207116,-0.1857735817606846,-0.014936694004625295,1.5707882928459709,1.5707987997123602,-1.1194812136025092,0.630720889776633,-0.19687017480139996,1.5707963267948966,1.5707963267948966,-0.8890133333333332,0.8890133333333332,0.1227199697039838,-0.00046072792587336514,-0.04123930095009547,2.374294221577576,0.8900184017162007,0.8900184017162007,19,1597.0029533560112,580.9235929816547,0.12152898843052196,0.0006102028932669732,-0.22430407074131614,2.6336805870689775,0.6294410549513376,0.6294410549513376,19,1761.383375425426,1900.7503592442129,0.12284846047292142,-0.00042306671438590085,-0.019394679528837194,1.906956128291324,1.3574849857713902,1.3574849857713902,19,1569.431040842561,925.4424355725486,0.1159333364137014,-0.00046713013361836773,-0.20045912487640893,2.11520124729867,1.1423247427048246,1.1423247427048246,19,2177.1491133861755,1621.3766631396043,4.6000000000000005
yaw-,8.8,0.0,0.0,-0.2,-0.005661667142430826,-0.008638183619357883,-0.12218112856306976,-0.008454403424737893,0.01234260036505825,-0.009199420519646975,-0.008543924224583202,-0.02651354111086287,-0.4965768539414571,-3.5514435929587785e-07,-0.015416713028405131,-0.18577697984076708,-0.012853441381469691,1.5707864739787487,1.5707967483687977,-1.1163497691503306,0.6334540421765378,-0.19682537321592017,1.5707963267948966,1.5707963267948966,-0.8890133333333332,0.8890133333333332,0.12419159524202605,-0.0003791680579214897,-0.049380655021948855,2.2841353793320796,0.9816488694997396,0.9816488694997396,12,1010.0187289898812,370.9293890878627,0.1228205742917936,0.0017219166197803117,-0.20493539737281694,2.497425218846865,0.7669880090347219,0.7669880090347219,12,1102.6190934348813,1212.1563699826304,0.12424985319997806,-0.00021660680235795725,-0.02684984955050443,1.9444432989853246,1.3213992078044465,1.3213992078044465,12,988.0130789624976,591.9304188447329,0.11736120401771988,-0.0023984084451642886,-0.18993619681739363,2.1136061546885974,1.1453477029189156,1.1453477029189156,31,3535.880090506495,2668.7702855667685,4.7
yaw-,9.0,0.0,0.0,-0.2,-0.005711899661710358,-0.008234428994596664,-0.12407546784647958,-0.008173613197836768,0.01275250574040773,-0.005468246013698819,-0.010005695062881629,-0.029152725712591983,-0.5336812264447579,-4.4228070922755576e-07,-0.014965242042433716,-0.18543094017644157,-0.004107169065453832,1.5707835076999137,1.570796299054237,-1.1074380634718315,0.6390696949919139,-0.19645461917025092,1.5707963267948966,1.5707963267948966,-0.8890133333333332,0.8890133333333332,0.12625052606303022,0.0025737496980722243,0.10806327344795738,2.1891110132878673,1.078732166364956,1.078732166364956,24,2026.2569297778368,756.3431140736311,0.12472448004796277,0.0039668615772435745,-0.17535835549240442,2.3171564687453485,0.9491606648924074,0.9491606648924074,21,1901.5287103635842,2156.7302189073916,0.12625182889843867,0.002440430676908595,-0.031135717091090684,2.0003847066095233,1.2674597758787085,1.2674597758787085,21,1720.5561027383726,1060.5933914716788,0.11916876455033076,-0.00196346001099875,-0.16974695205172957,2.107964766847799,1.152796651292325,1.152796651292325,21,2383.1199658611995,1827.4989622410185,4.8999999999999995
yaw-,9.100000000000001,0.0,0.0,-0.2,-0.005721562821890387,-0.007999926446260153,-0.12480235413471616,-0.008052234636887196,0.01286726052086206,-0.004044454545742332,-0.010755129022243438,-0.030420980992954108,-0.5522124270777977,-4.866371473704551e-07,-0.014731336372654644,-0.18531200633039793,-0.0047673042785317445,1.5707822182343962,1.5707962932793853,-1.1033257021849958,0.6422456257948733,-0.19634928548541375,1.5707963267948966,1.5707963267948966,-0.8890133333333332,0.8890133333333332,0.12698666841727047,0.0013157690050423668,-0.03158642019816864,2.16180043949314,1.1067788825139235,1.1067788825139235,16,1353.2442240004682,509.02457553825604,0.12545140584797831,0.0025804002526947983,-0.16215936290579686,2.2556530939918455,1.0113909654459259,1.0113909654459259,16,1442.6676449891117,1651.3121126487977,0.12698868051810397,0.0010731392878752647,-0.03654409754414231,2.024127493328272,1.244453840779625,1.244453840779625,16,1309.1909471977256,814.4680213656746,0.11982650533925288,-0.002325413373219381,-0.16174692286649694,2.106025339474675,1.1553938194543711,1.1553938194543711,17,1926.4535774434448,1484.745182614939,5.000000000000001
yaw-,9.3,0.0,0.0,-0.2,-0.005719894050165333,-0.007543197369591682,-0.12582798157818031,-0.00785468971025003,0.012842351115025923,-0.0017921876469783504,-0.012292173898121381,-0.03286469817847965,-0.5892390395423855,-5.286033326401164e-07,-0.014350896833846351,-0.18505866135107552,0.0016131957236882094,1.5707802704318352,1.570794754168653,-1.096958676796751,0.6463810680581469,-0.19609826752272527,1.5707963267948966,1.5707963267948966,-0.8890133333333332,0.8890133333333332,0.12803487955991866,-0.0005509456930075215,-0.05016401017957936,2.1320659961833135,1.1375615369663983,1.1375615369663983,18,1526.1641191600777,579.2685701286775,0.1263098177563151,0.0007802231075649383,-0.14459781759307322,2.172928649942949,1.0949738214031592,1.0949738214031592,22,1972.3200323591395,2286.321245133276,0.1280336777651696,-0.0008039752153650671,-0.03826864005537056,2.0705145543448547,1.199111777010108,1.199111777010108,8,653.7282937569963,412.35777200310935,0.12069193499978059,-0.0017988049067778843,-0.15020127363627753,2.108844248845403,1.1534403397441708,1.1534403397441708,8,905.0353974749312,701.9435572833931,5.2
yaw-,9.4,0.0,0.0,-0.2,-0.005714537178909917,-0.00730246245762689,-0.12628583144726238,-0.0077892329299165675,0.012760602052246689,-0.0007670086575877213,-0.013083567785143654,-0.03404851908668163,-0.6077395716777131,-5.3159459895119e-07,-0.01423986033739957,-0.18500532135327458,-0.002167524299021566,1.5707798398462618,1.570794240812658,-1.094808930822775,0.6480324532879842,-0.1960422097861923,1.5707963267948966,1.5707963267948966,-0.8890133333333332,0.8890133333333332,0.12861320028304934,-0.0016172024557905352,-0.04229242736221514,2.123936013731199,1.1462698401416436,1.1462698401416436,19,1615.0931484409916,616.7917028567716,0.12681851235237218,-0.00031869059524908716,-0.13657412909772043,2.141250310061904,1.1271608558802613,1.1271608558802613,19,1697.9043653233994,1979.9020790060229,0.1285802809296781,-0.001711633602936914,-0.05051825281687568,2.097168575538872,1.1730043589805992,1.1730043589805992,19,1552.7870674727417,986.9684701246506,0.1211292839338789,-0.001965201105463026,-0.14548917769032793,2.1140093067983496,1.1487126307253224,1.1487126307253224,18,2033.713086732819,1582.2626984999679,5.3
yaw-,9.600000000000001,0.0,0.0,-0.2,-0.005705660836093035,-0.006908646270487812,-0.12702816457199065,-0.0076769804719998055,0.012580261033818178,0.0007293566503290593,-0.014718629334550065,-0.03635336076321914,-0.6447645210052423,-5.405333543839764e-07,-0.014090694718121632,-0.18520913119954877,-0.001186971899536609,1.570779026922863,1.5707933358622137,-1.0935826196533898,0.651174622063405,-0.1962577135944983,1.5707963267948966,1.5707963267948966,-0.8890133333333332,0.8890133333333332,0.12944432444231335,-0.002858876689934085,-0.044078141547100505,2.114053292452328,1.1569836855797786,1.1569836855797786,19,1620.2831158032163,623.4536749368513,0.12753845640267691,-0.0016449494036388367,-0.12522992572440556,2.097799157741619,1.171331952250851,1.171331952250851,22,1956.039338510088,2302.695605513344,0.12945697034268644,-0.003021405616423157,-0.04732538853121855,2.1403166496020134,1.1307329743304662,1.1307329743304662,26,2125.308213056381,1366.6403804470763,0.12177476034089985,-0.0016398050012636223,-0.1383608610930004,2.123621631860279,1.1397457820704138,1.1397457820704138,26,2932.1169858920093,2291.9095481470963,5.500000000000001
yaw-,9.700000000000001,0.0,0.0,-0.2,-0.005700832828793967,-0.006731363826797454,-0.12734407671169787,-0.007624087749481234,0.012494828702689717,0.0013237580302887454,-0.015562778267621966,-0.037475844346347875,-0.6633004049113572,-5.456317683915224e-07,-0.014044774162024855,-0.18535883906114897,0.00041547097964163293,1.570778535628028,1.57079281763784,-1.0936016317326602,0.6528872823580144,-0.19645249946535243,1.5707963267948966,1.5707963267948966,-0.8890133333333332,0.8890133333333332,0.1299285351408752,-0.0006686381840747516,-0.036154650065177374,2.1103341618277476,1.1611870269029207,1.1611870269029207,19,1622.8276298015796,627.0187645572372,0.12786775004626705,-0.0022141583947918727,-0.12043719416841626,2.080966056192486,1.1884943474435743,1.1884943474435743,19,1686.1961157039664,1992.3281326966294,0.12985053571377403,-0.0017146504556663463,-0.05803097168730213,2.1586818402462287,1.1127613490573385,1.1127613490573385,19,1553.1267220818213,1003.1781615967695,0.12203778152547429,-0.0015799084708279809,-0.13536262926392592,2.127843495153017,1.1357869399622502,1.1357869399622502,19,2141.415058462315,1676.7370320240523,5.6000000000000005
yaw-,9.9,0.0,0.0,-0.2,-0.005691248404240691,-0.006405214946900323,-0.12790725927170607,-0.007520334888107714,0.012350696657032244,0.0024275591876886425,-0.01730582237592421,-0.0396642199456886,-0.7004228056727564,-5.586124785956242e-07,-0.01397015584840778,-0.18569342852548326,0.0016135524509408566,1.5707776118818257,1.5707918965594514,-1.093968786041128,0.6554845505698661,-0.1967859503134165,1.5707963267948966,1.5707963267948966,-0.8890133333333332,0.8890133333333332,0.13053326340998073,0.00010585147378059387,-0.0431987259028655,2.102928811130832,1.1691971058689417,1.1691971058689417,16,1369.6233232859336,532.2040787704258,0.1283864777858712,-0.0031331968411265794,-0.1117916547922223,2.04956865339818,1.2204104779774845,1.2204104779774845,21,1858.0191405218677,2209.212993154126,0.13052182330808204,-0.00010618657089131196,-0.043783204471060724,2.1938636985411484,1.0782507783567268,1.0782507783567268,21,1716.5618826645791,1117.4861002006128,0.1224618973023599,-0.0014521173350119203,-0.12941626233094658,2.135447021618547,1.128607529273606,1.128607529273606,18,2026.782427979603,1592.1259531959954,5.8
yaw-,10.0,0.0,0.0,-0.2,-0.005684397457303866,-0.006251017817831328,-0.12812524487830773,-0.007461117819529244,0.012292930423974243,0.0029039537920002014,-0.018203597227010204,-0.0407290933801812,-0.719005402071486,-5.698003570350897e-07,-0.013924467117568156,-0.18583752410213425,0.005436866542010511,1.5707769408347332,1.5707912763955312,-1.0939329597694627,0.6567440390834839,-0.19692359304386278,1.5707963267948966,1.5707963267948966,-0.8890133333333332,0.8890133333333332,0.13083775431571798,0.00022325921055517525,-0.04248073724200492,2.0989280540620245,1.1735023538434866,1.1735023538434866,20,1713.6363069315682,667.68922867766,0.12860783005154985,-0.0035507278950915313,-0.10746716982605864,2.035323427467734,1.2348770561736089,1.2348770561736089,20,1767.8679525010205,2107.3016231441907,0.13081704819106577,7.920925381289063e-05,-0.06412415524246677,2.2088106594345276,1.0635990423463313,1.0635990423463313,20,1634.624334074186,1067.8446107851003,0.12262007290128718,-0.0016013383824574077,-0.12680941422829844,2.137873779628311,1.1263389468627691,1.1263389468627691,22,2476.981171906336,1947.794322793909,5.8999999999999995
yaw-,10.200000000000001,0.0,0.0,-0.2,-0.005665727353200412,-0.005955186394311819,-0.12843335629511074,-0.007357171040516775,0.012177013524837224,0.0036767728997470868,-0.020050835480109892,-0.04280017004849025,-0.7562035461491216,-5.869807528747612e-07,-0.013861063414926975,-0.186042215461901,0.002603002922667578,1.5707757727923983,1.5707902092176225,-1.0939024293972825,0.6587931055829737,-0.1971506465673773,1.5707963267948966,1.5707963267948966,-0.8890133333333332,0.8890133333333332,0.13131749406566584,0.0002933205374073154,-0.03141407435330974,2.092883120179693,1.180027027475766,1.180027027475766,22,1888.1491586702473,738.8793692783619,0.12894805375792728,-0.004246629492640171,-0.09997951474080098,2.012740872136942,1.2577998352107782,1.2577998352107782,18,1589.6213829429184,1901.0419916567375,0.13131805914965078,0.0003406288124415983,-0.052680809797395506,2.234688015155474,1.03822269758397,1.03822269758397,18,1471.2178062468352,966.7814217040732,0.12279892443784846,-0.0010629284492973791,-0.12204993639104036,2.1425285069663884,1.1218630710612532,1.1218630710612532,18,2027.0566118354518,1595.534010491749,6.1000000000000005
yaw-,10.3,0.0,0.0,-0.2,-0.005654773753969207,-0.005817521965811753,-0.12853146037150245,-0.007313066955089031,0.012124489530737288,0.003982363081539122,-0.021000090104550492,-0.04380644774444222,-0.7748173140176332,-5.949300142219065e-07,-0.013833579218166366,-0.18613767868511613,0.0016833437727228426,1.5707752119196954,1.5707896992881478,-1.093923495382713,0.6597505987431298,-0.19726071905942516,1.5707963267948966,1.5707963267948966,-0.8890133333333332,0.8890133333333332,0.13151618574306845,0.0003840879338019446,-0.03158933887595082,2.0905902537959484,1.1825185855369131,1.1825185855369131,8,687.1122668715326,269.46378470685227,0.1290595595009032,-0.004507720568192765,-0.09727162993955682,2.003926505669137,1.2667257074215592,1.2667257074215592,8,706.5325792086309,845.5094048500542,0.13150193380042907,0.00035274809362964826,-0.040592239975852665,2.245471596591769,1.027622990798453,1.027622990798453,8,653.9955004037124,430.61490072306395,0.1228367838373865,-0.001055524254288355,-0.12013407159845996,2.14458131261067,1.1198481248165097,1.1198481248165097,8,901.0653742075485,709.2845588594704,6.2
yaw-,10.5,0.0,0.0,-0.2,-0.00563012969556706,-0.005553753652250642,-0.12864618597629857,-0.007239033389482914,0.012026967358027772,0.00446711391768488,-0.022949144001203788,-0.0457603155556319,-0.812068309367105,-6.086266747940593e-07,-0.013788677171723038,-0.18629231643904973,0.006490184473996301,1.5707743844362296,1.570788948867837,-1.0939470753157643,0.6610910033520069,-0.1974141458380559,1.5707963267948966,1.5707963267948966,-0.8890133333333332,0.8890133333333332,0.13181022819223642,0.0003988358949173808,-0.03297710612759962,2.087219339813889,1.1861835419681404,1.1861835419681404,19,1634.0745830187,642.5813882388502,0.12921174578895211,-0.00491481040114299,-0.0929941439026283,1.9901898476948054,1.2806145516839398,1.2806145516839398,19,1678.80810266473,2009.3850966535158,0.13179027661189835,0.00045145258560265814,-0.0553671681239353,2.26357194859173,1.0098109816099616,1.0098109816099616,21,1717.2999259436804,1134.0647072832091,0.1228264799453962,-0.0010328767202146026,-0.11715674733354975,2.148375518589485,1.1160436149457045,1.1160436149457045,21,2367.2097674916404,1862.3237993099958,6.3999999999999995
yaw-,10.600000000000001,0.0,0.0,-0.2,-0.005616207523806593,-0.005422066053214639,-0.12867073808290416,-0.00720480548696388,0.01198145158808523,0.004672879566736486,-0.02394843034295503,-0.04670758771734343,-0.8307047993353069,-6.140319351849163e-07,-0.013769160240892895,-0.18636489968202002,0.0019903045428460715,1.570773974252523,1.5707885569299922,-1.0939747272662297,0.661776021702209,-0.19749431002255327,1.5707963267948966,1.5707963267948966,-0.8890133333333332,0.8890133333333332,0.1319527153910931,0.0003914685390327107,-0.04592233697307241,2.0857806873964675,1.1877646815844187,1.1877646815844187,16,1377.0079934402777,542.3001693676057,0.12926576869746587,-0.005111865562374226,-0.09021099017774227,1.9843354550998005,1.2865229671874587,1.2865229671874587,16,1414.6186637458886,1692.4032624191736,0.13192456593240554,0.0004517980201242033,-0.053417585722148525,2.271514240429382,1.0020029790928167,1.0020029790928167,16,1308.7613104873808,865.1634242225404,0.12279163862567,-0.001537127776393895,-0.11586413705911178,2.1500538150339454,1.1143304771815177,1.1143304771815177,16,1804.3147322065415,1418.7261567632397,6.500000000000001
yaw-,10.8,0.0,0.0,-0.2,-0.005590487403826595,-0.005182951373466662,-0.12870226371006044,-0.007177737191695033,0.011890313328523493,0.0043329732057380025,-0.025998683436586834,-0.04854503758300921,-0.8680499346408329,-6.204726705372655e-07,-0.01378087360155628,-0.18702308198092712,0.004267373526618925,1.5707736340660885,1.570788183765404,-1.0975368417119367,0.6648050342451421,-0.19823570801177834,1.5707963267948966,1.5707963267948966,-0.8890133333333332,0.8890133333333332,0.1321811131611712,0.000335589927097449,-0.030913221043425712,2.0887545166514947,1.1850192500994696,1.1850192500994696,25,2153.005323930652,849.5678557201643,0.1294425392491947,-0.005766266943689183,0.0009140259439219395,1.9935024676885753,1.2775327251504125,1.2775327251504125,18,1596.7048283776508,1900.6694985525605,0.1321666080986068,0.00034333962259585574,-0.05868603654440743,2.261722747373565,1.0120365143148349,1.0120365143148349,18,1472.867103727616,975.5569435249231,0.12273214292047818,-0.001517871672378445,-0.11760547250534471,2.1490821889999157,1.1152426075103556,1.1152426075103556,18,2031.3656729283684,1595.5382853965493,6.7
yaw-,10.9,0.0,0.0,-0.2,-0.005580337423657463,-0.005069773130781887,-0.12875824857523144,-0.0071652298278169786,0.011861959080818565,0.0042008900625848744,-0.02705127730425635,-0.04943649665767866,-0.8867962486585188,-6.235647344665924e-07,-0.013793669302174984,-0.1874631401768601,0.0010313855578914471,1.5707734805530214,1.570788037502548,-1.0998408418694872,0.6666283092231656,-0.19869996146845031,1.5707963267948966,1.5707963267948966,-0.8890133333333332,0.8890133333333332,0.1323152589152583,0.00034495066013608914,-0.03725648444043299,2.0896126765052183,1.184295235999833,1.184295235999833,20,1722.8077369793812,680.756193469327,0.12958213794880447,-0.005722406379857227,-0.020580065082110563,1.9968286962290487,1.2743460953095491,1.2743460953095491,20,1773.5342483480883,2112.817050887072,0.1322996792153477,0.0002911855664352271,-0.05668080130249925,2.2574411788114213,1.0164511539937195,1.0164511539937195,20,1636.3077173276597,1085.0551945413176,0.12273830902415117,-0.0015246748219026698,-0.11725708273645168,2.148233541382238,1.1160974212317063,1.1160974212317063,20,2257.4756954054446,1772.9300025398982,6.8
yaw-,11.100000000000001,0.0,0.0,-0.2,-0.00556043382456756,-0.004846582683240846,-0.12887003619534573,-0.007144204858030698,0.011816699604264359,0.004274185344040787,-0.02920732198607259,-0.0511607140454766,-0.9243689491854493,-6.299625989686211e-07,-0.013806959229820066,-0.18799560337547297,0.00528242971451917,1.5707731010266253,1.5707876558057903,-1.1024455815671939,0.6688798750587579,-0.19924621936342804,1.5707963267948966,1.5707963267948966,-0.8890133333333332,0.8890133333333332,0.1326171121836106,0.00033299694717195665,-0.032345745938367296,2.089503430707182,1.1847063350662217,1.1847063350662217,21,1809.7023982269898,716.9562495770436,0.12987329249481583,-0.005816964468735275,-0.01075763697099176,1.9949535694835085,1.2765123766011004,1.2765123766011004,21,1863.463414709729,2218.6481823304703,0.13262665179746325,0.00031871443402365675,-0.050994654488297333,2.261189130416626,1.0130301749706305,1.0130301749706305,10,817.825939816359,544.0413307869361,0.12273533555061,-0.0011820556493575235,-0.1162442365266084,2.149561426246666,1.1147665628937373,1.1147665628937373,10,1129.1068978889748,886.455980972082,7.000000000000001
yaw-,11.200000000000001,0.0,0.0,-0.2,-0.005550361298545891,-0.00473721648199304,-0.1289180988739732,-0.007124811486846037,0.011795307128113327,0.004356571184155482,-0.03031016344142901,-0.05199281930873888,-0.9431953400563268,-6.342053011720746e-07,-0.013815420517592991,-0.18826390870877538,0.003109273058126862,1.5707729295132076,1.5707875041522774,-1.1036499251747929,0.6698847595112425,-0.19949472272907906,1.5707963267948966,1.5707963267948966,-0.8890133333333332,0.8890133333333332,0.13275471947678152,0.0003465928033873373,-0.03296060934050386,2.0887019055092417,1.185645467557333,1.185645467557333,23,1982.315951988503,786.2852472246129,0.12998537542430988,-0.00578473534992933,0.0031766571814221406,1.9923042424067372,1.2792737866073658,1.2792737866073658,17,1509.4118779332814,1795.8547089045453,0.13276590656920373,0.00034892850874115953,-0.06242173536499544,2.2641990948368633,1.0101594653221335,1.0101594653221335,14,1144.8297868286033,762.305187670574,0.12272463442975656,-0.0011389898372923604,-0.11556709919770884,2.149977923276926,1.1143393647426239,1.1143393647426239,14,1580.8815155950547,1240.930489486734,7.1000000000000005
yaw-,11.4,0.0,0.0,-0.2,-0.005527745939024036,-0.004525855438044795,-0.12894735446177097,-0.007081651810135209,0.01164985444349734,0.004975075175469373,-0.03256327544398635,-0.05359498182315943,-0.9808790532792317,-6.562242580084052e-07,-0.013832232570563024,-0.18845468537564822,0.006664256012180724,1.5707724333368756,1.5707876854307807,-1.1048124536912425,0.6705194370567022,-0.19969688010763348,1.5707963267948966,1.5707963267948966,-0.8890133333333332,0.8890133333333332,0.132980920523881,0.0003896979476299403,-0.045597713404382664,2.0877609101936865,1.1868126639199876,1.1868126639199876,23,1983.1187881243968,788.1872450785055,0.13019682080275619,-0.006496654303991233,-0.0008378014403768452,1.9781890171532468,1.2936004572393025,1.2936004572393025,20,1778.065451819739,2111.985245619055,0.13298164860596007,0.0004582019754411819,-0.049744434631471546,2.2931195468531205,0.9814547553426327,0.9814547553426327,21,1716.6200601086352,1144.8544804424967,0.122611889830476,-0.0013530910114602584,-0.11211947312419322,2.1603039870617127,1.1039005563585564,1.1039005563585564,21,2371.676870524965,1859.7642908547673,7.3
yaw-,11.5,0.0,0.0,-0.2,-0.005516144865443681,-0.004444672121847546,-0.1288963068586625,-0.007030047747636196,0.01145942351715595,0.005598195974010431,-0.03372284184683697,-0.054371153957474286,-0.9997008321453409,-6.911617835063222e-07,-0.013953628273426843,-0.18821778866109273,0.006969932377806973,1.570772086259903,1.5707887279885844,-1.1057477923824444,0.6670082886494154,-0.19940714207747903,1.5707963267948966,1.5707963267948966,-0.8890133333333332,0.8890133333333332,0.1330295741348113,0.0003761069309992813,-0.036361420840708245,2.087722104036545,1.1869001236880594,1.1869001236880594,20,1725.011937912511,685.8888465878606,0.13022378610972307,-0.007204213271507192,-0.00014718995156827452,1.9647334323744177,1.3070830073250983,1.3070830073250983,11,979.037427579882,1160.8917015972277,0.13301714445754964,0.000489003120657824,-0.055409266030349666,2.3257253706873975,0.9488844273599453,0.9488844273599453,11,899.6597752691702,599.9139172265227,0.1224909479914551,-0.0011533973842283614,-0.11051142403103216,2.173372271737238,1.09071132984401,1.09071132984401,11,1242.9561952511986,973.6915486061467,7.3999999999999995
yaw-,11.700000000000001,0.0,0.0,-0.2,-0.005490991054226704,-0.004288196253990554,-0.1287383771964079,-0.007006991673394488,0.011450692669320124,0.005565540710490686,-0.03610234075691696,-0.05586838344071413,-1.037367967614601,-7.022549728663994e-07,-0.014064478193656336,-0.18842293153863635,0.009714973635894627,1.5707716957545976,1.5707885034458124,-1.1084421918896803,0.6667963142261878,-0.19968637580529985,1.5707963267948966,1.5707963267948966,-0.8890133333333332,0.8890133333333332,0.13309489856138335,0.00040687079050351176,-0.030942947045129565,2.0869223004806186,1.187765251670558,1.187765251670558,19,1640.1144463361406,652.3934399727442,0.13026503557517,-0.007191596035946065,0.001429051183776009,1.9643624104070658,1.307495278757897,1.307495278757897,21,1873.2007772800384,2214.233871975275,0.13308108442535893,0.0004340604510132519,-0.03948579549807743,2.3234658934757895,0.9512078445393626,0.9512078445393626,21,1719.1788682464075,1145.4671813974546,0.12222812162940855,-0.0010509224661773087,-0.10988295417135277,2.171639773495386,1.0921810017238158,1.0921810017238158,21,2375.8171501360457,1856.8957196073657,7.6000000000000005
yaw-,11.8,0.0,0.0,-0.2,-0.0054793323501538226,-0.00421603865299521,-0.12866582344310196,-0.006990202452982801,0.011470945830305522,0.005620014439210543,-0.03731382399331517,-0.05658372048875531,-1.05622091233782,-7.069286021790167e-07,-0.014069110559579295,-0.18852944723218554,0.0058648452964426305,1.5707715350108282,1.570788395685553,-1.1088566615701152,0.6671608265519429,-0.1997739990131725,1.5707963267948966,1.5707963267948966,-0.8890133333333332,0.8890133333333332,0.1331206187974967,0.0003964566829910447,-0.04091019197318299,2.0851618106489953,1.1895514617382945,1.1895514617382945,21,1813.3226461081115,721.4690335412846,0.13027950766099394,-0.007200833676017445,-8.029970453093949e-05,1.9615429839374179,1.3103291773133692,1.3103291773133692,21,1874.6387364002405,2213.5174682723423,0.1331051435806634,0.0004772383361681693,-0.043257226746977795,2.3235047155259823,0.9511930816444742,0.9511930816444742,22,1801.65747319066,1200.024289760301,0.12209265453164608,-0.0013112846834078965,-0.10943617995580734,2.169869154014052,1.0938161541073872,1.0938161541073872,22,2490.2307256803406,1944.1799146972203,7.7
yaw-,12.0,0.0,0.0,-0.2,-0.005452949310208375,-0.0040541448066367895,-0.12850125173682087,-0.006971531597179101,0.011509287267896693,0.005636375826070151,-0.03977535798104856,-0.05794477902334769,-1.093966783998666,-7.133619050222285e-07,-0.014065359799213657,-0.18878971094388042,0.007743649655485364,1.5707712367889481,1.570788164681761,-1.1100502929808131,0.6684715640945349,-0.20005570108101364,1.5707963267948966,1.5707963267948966,-0.8890133333333332,0.8890133333333332,0.1331667764120681,0.0003907522933068461,-0.04791803616064931,2.0829512211902337,1.1918082088116275,1.1918082088116275,20,1727.9112701365125,687.7664802820975,0.13030064355100368,-0.007152970265602312,-0.00025866329269218225,1.959095323888236,1.312797973252561,1.312797973252561,19,1701.9922248180196,1998.8098741015222,0.13315814156640648,0.00047773227699810655,-0.05207495835012739,2.32081373126166,0.9539370638945397,0.9539370638945397,8,655.6063238866245,436.2704767866501,0.12181750275537251,-0.0011592154976986244,-0.10889560319370821,2.166523450665062,1.0968867056801037,1.0968867056801037,8,906.6026536974467,705.9091561208361,7.8999999999999995
yaw-,12.100000000000001,0.0,0.0,-0.2,-0.005439272198455599,-0.00397053087242894,-0.1284164379271468,-0.006962970877352433,0.01152593654936954,0.005652008434308397,-0.04102486651880821,-0.05859017915648816,-1.1128572563365549,-7.162483557440499e-07,-0.01406347365575766,-0.1889047233788866,0.005083277612240861,1.5707711002785505,1.5707880646556758,-1.1105623970222154,0.6690090637008599,-0.2001737649619285,1.5707963267948966,1.5707963267948966,-0.8890133333333332,0.8890133333333332,0.1331919713122076,0.0004122663721360187,-0.03799703357739535,2.0819302688906443,1.1928543560113565,1.1928543560113565,20,1728.480462907428,688.1820401111469,0.13031055986417606,-0.007134034785323769,0.0023256681731723405,1.9578049709543528,1.3140982424996164,1.3140982424996164,20,1793.7083513581065,2102.5555180260426,0.1331800251322699,0.0004626893537479663,-0.057206421640643004,2.3199692277974506,0.9548034509246124,0.9548034509246124,20,1639.3717251677404,1090.5642057726586,0.12167589520750344,-0.0014092346060081513,-0.10864567202641365,2.165135999375699,1.0981325494215977,1.0981325494215977,21,2381.109056766375,1851.6879184231095,8.0
